episode,return,length,epsilon,loss,q_mean,td_error_mean,icm_loss,intrinsic_reward_mean,eval_return_mean,eval_return_std,eval_length_mean,agent,env,reward_type,lr,gamma,seed,eta
1,13.0,13,1.0,nan,nan,nan,,,,,,dqn,cartpole,dense,0.1,0.9,8,
2,36.0,36,0.9968333333333333,nan,nan,nan,,,,,,dqn,cartpole,dense,0.1,0.9,8,
3,75.0,75,0.9936666666666667,nan,nan,nan,,,,,,dqn,cartpole,dense,0.1,0.9,8,
4,29.0,29,0.9905,nan,nan,nan,,,,,,dqn,cartpole,dense,0.1,0.9,8,
5,27.0,27,0.9873333333333333,nan,nan,nan,,,,,,dqn,cartpole,dense,0.1,0.9,8,
6,28.0,28,0.9841666666666666,nan,nan,nan,,,,,,dqn,cartpole,dense,0.1,0.9,8,
7,22.0,22,0.981,nan,nan,nan,,,,,,dqn,cartpole,dense,0.1,0.9,8,
8,12.0,12,0.9778333333333333,nan,nan,nan,,,,,,dqn,cartpole,dense,0.1,0.9,8,
9,14.0,14,0.9746666666666667,nan,nan,nan,,,,,,dqn,cartpole,dense,0.1,0.9,8,
10,12.0,12,0.9715,nan,nan,nan,,,,,,dqn,cartpole,dense,0.1,0.9,8,
11,19.0,19,0.9683333333333334,nan,nan,nan,,,,,,dqn,cartpole,dense,0.1,0.9,8,
12,11.0,11,0.9651666666666666,nan,nan,nan,,,,,,dqn,cartpole,dense,0.1,0.9,8,
13,19.0,19,0.962,nan,nan,nan,,,,,,dqn,cartpole,dense,0.1,0.9,8,
14,23.0,23,0.9588333333333333,nan,nan,nan,,,,,,dqn,cartpole,dense,0.1,0.9,8,
15,8.0,8,0.9556666666666667,nan,nan,nan,,,,,,dqn,cartpole,dense,0.1,0.9,8,
16,19.0,19,0.9525,nan,nan,nan,,,,,,dqn,cartpole,dense,0.1,0.9,8,
17,18.0,18,0.9493333333333334,nan,nan,nan,,,,,,dqn,cartpole,dense,0.1,0.9,8,
18,33.0,33,0.9461666666666667,nan,nan,nan,,,,,,dqn,cartpole,dense,0.1,0.9,8,
19,8.0,8,0.9430000000000001,nan,nan,nan,,,,,,dqn,cartpole,dense,0.1,0.9,8,
20,12.0,12,0.9398333333333333,nan,nan,nan,,,,,,dqn,cartpole,dense,0.1,0.9,8,
21,16.0,16,0.9366666666666666,nan,nan,nan,,,,,,dqn,cartpole,dense,0.1,0.9,8,
22,36.0,36,0.9335,nan,nan,nan,,,,,,dqn,cartpole,dense,0.1,0.9,8,
23,11.0,11,0.9303333333333333,0.5061249732971191,0.006151558831334114,1.0061233043670654,,,,,,dqn,cartpole,dense,0.1,0.9,8,
24,13.0,13,0.9271666666666667,0.35610634088516235,0.17106828093528748,0.8426480293273926,,,,,,dqn,cartpole,dense,0.1,0.9,8,
25,15.0,15,0.924,0.12241300195455551,0.5362528562545776,0.47949373722076416,,,,,,dqn,cartpole,dense,0.1,0.9,8,
26,19.0,19,0.9208333333333334,0.013271113857626915,0.8504188656806946,0.16012656688690186,,,,,,dqn,cartpole,dense,0.1,0.9,8,
27,42.0,42,0.9176666666666666,0.0057587334886193275,1.067726969718933,0.09567221254110336,,,,,,dqn,cartpole,dense,0.1,0.9,8,
28,18.0,18,0.9145,0.002396879717707634,1.05596923828125,0.053258880972862244,,,,,,dqn,cartpole,dense,0.1,0.9,8,
29,43.0,43,0.9113333333333333,0.0024251400027424097,1.0546873807907104,0.060728006064891815,,,,,,dqn,cartpole,dense,0.1,0.9,8,
30,14.0,14,0.9081666666666667,0.0024614473804831505,1.0738682746887207,0.05975472182035446,,,,,,dqn,cartpole,dense,0.1,0.9,8,
31,12.0,12,0.905,0.0013446995289996266,1.0525813102722168,0.0427124984562397,,,,,,dqn,cartpole,dense,0.1,0.9,8,
32,23.0,23,0.9018333333333334,0.0006862397422082722,1.0004469156265259,0.03108394145965576,,,,,,dqn,cartpole,dense,0.1,0.9,8,
33,28.0,28,0.8986666666666667,0.0002140420110663399,1.0138177871704102,0.014642954804003239,,,,,,dqn,cartpole,dense,0.1,0.9,8,
34,11.0,11,0.8955,0.00019134406466037035,1.0216383934020996,0.01571834459900856,,,,,,dqn,cartpole,dense,0.1,0.9,8,
35,27.0,27,0.8923333333333333,0.00024053084780462086,1.009657382965088,0.01692885160446167,,,,,,dqn,cartpole,dense,0.1,0.9,8,
36,23.0,23,0.8891666666666667,0.0002593151875771582,1.0010771751403809,0.016415242105722427,,,,,,dqn,cartpole,dense,0.1,0.9,8,
37,19.0,19,0.886,0.00014866142009850591,1.0079023838043213,0.011523156426846981,,,,,,dqn,cartpole,dense,0.1,0.9,8,
38,13.0,13,0.8828333333333334,0.00011319790792185813,1.0119071006774902,0.011442771181464195,,,,,,dqn,cartpole,dense,0.1,0.9,8,
39,48.0,48,0.8796666666666667,0.00010638135427143425,1.0090514421463013,0.012669066898524761,,,,,,dqn,cartpole,dense,0.1,0.9,8,
40,13.0,13,0.8765000000000001,9.96919407043606e-05,1.0122003555297852,0.0114374915137887,,,,,,dqn,cartpole,dense,0.1,0.9,8,
41,16.0,16,0.8733333333333333,0.0001046260294970125,1.0149662494659424,0.011100233532488346,,,,,,dqn,cartpole,dense,0.1,0.9,8,
42,11.0,11,0.8701666666666666,9.92264540400356e-05,1.0148534774780273,0.01076072920113802,,,,,,dqn,cartpole,dense,0.1,0.9,8,
43,22.0,22,0.867,0.00011707982048392296,1.0141853094100952,0.011025253683328629,,,,,,dqn,cartpole,dense,0.1,0.9,8,
44,11.0,11,0.8638333333333333,0.00011817889753729105,1.0110907554626465,0.012300124391913414,,,,,,dqn,cartpole,dense,0.1,0.9,8,
45,28.0,28,0.8606666666666667,8.55600374052301e-05,1.012041449546814,0.009896495379507542,,,,,,dqn,cartpole,dense,0.1,0.9,8,
46,11.0,11,0.8575,9.199526539305225e-05,1.0132402181625366,0.009978420101106167,,,,,,dqn,cartpole,dense,0.1,0.9,8,
47,16.0,16,0.8543333333333334,9.380979463458061e-05,1.0136650800704956,0.010978995822370052,,,,,,dqn,cartpole,dense,0.1,0.9,8,
48,12.0,12,0.8511666666666666,0.00011106996680609882,1.0150823593139648,0.011180265806615353,,,,,,dqn,cartpole,dense,0.1,0.9,8,
49,16.0,16,0.848,9.810442861635238e-05,1.0143661499023438,0.010581392794847488,,,,,,dqn,cartpole,dense,0.1,0.9,8,
50,9.0,9,0.8448333333333333,0.00012184883962618187,1.0138835906982422,0.012674221768975258,,,9.2,0.6,9.2,dqn,cartpole,dense,0.1,0.9,8,
51,10.0,10,0.8416666666666667,0.0001073523162631318,1.0125749111175537,0.011309838853776455,,,,,,dqn,cartpole,dense,0.1,0.9,8,
52,22.0,22,0.8385,0.00010208343155682087,1.0137434005737305,0.010416912846267223,,,,,,dqn,cartpole,dense,0.1,0.9,8,
53,36.0,36,0.8353333333333334,7.68126265029423e-05,1.014025330543518,0.009083800949156284,,,,,,dqn,cartpole,dense,0.1,0.9,8,
54,13.0,13,0.8321666666666667,0.00010146417480427772,1.0143485069274902,0.011336738243699074,,,,,,dqn,cartpole,dense,0.1,0.9,8,
55,28.0,28,0.829,5.8006204199045897e-05,1.0115373134613037,0.00807068683207035,,,,,,dqn,cartpole,dense,0.1,0.9,8,
56,10.0,10,0.8258333333333334,0.00011612541857175529,1.0123621225357056,0.011392636224627495,,,,,,dqn,cartpole,dense,0.1,0.9,8,
57,31.0,31,0.8226666666666667,0.0001165924477390945,1.0120291709899902,0.010891268961131573,,,,,,dqn,cartpole,dense,0.1,0.9,8,
58,19.0,19,0.8195,0.00010860845213755965,1.0144292116165161,0.010841361247003078,,,,,,dqn,cartpole,dense,0.1,0.9,8,
59,17.0,17,0.8163333333333334,8.933128992794082e-05,1.0147407054901123,0.009978622198104858,,,,,,dqn,cartpole,dense,0.1,0.9,8,
60,20.0,20,0.8131666666666667,9.033261449076235e-05,1.0143070220947266,0.010574749670922756,,,,,,dqn,cartpole,dense,0.1,0.9,8,
61,15.0,15,0.81,0.0001413468853570521,1.0135431289672852,0.012399627827107906,,,,,,dqn,cartpole,dense,0.1,0.9,8,
62,14.0,14,0.8068333333333333,7.280845602508634e-05,1.0132031440734863,0.009029008448123932,,,,,,dqn,cartpole,dense,0.1,0.9,8,
63,22.0,22,0.8036666666666666,5.3294701501727104e-05,1.0158751010894775,0.007876291871070862,,,,,,dqn,cartpole,dense,0.1,0.9,8,
64,16.0,16,0.8005,0.00010533345630392432,1.0142267942428589,0.010229691863059998,,,,,,dqn,cartpole,dense,0.1,0.9,8,
65,12.0,12,0.7973333333333333,0.00010641742846928537,1.015505075454712,0.011134263128042221,,,,,,dqn,cartpole,dense,0.1,0.9,8,
66,39.0,39,0.7941666666666667,6.396441312972456e-05,1.0138753652572632,0.008914392441511154,,,,,,dqn,cartpole,dense,0.1,0.9,8,
67,16.0,16,0.791,9.86153754638508e-05,1.0133503675460815,0.010119804181158543,,,,,,dqn,cartpole,dense,0.1,0.9,8,
68,14.0,14,0.7878333333333334,0.00010307666525477543,1.0174006223678589,0.010369258932769299,,,,,,dqn,cartpole,dense,0.1,0.9,8,
69,12.0,12,0.7846666666666666,0.00013070710701867938,1.014430284500122,0.011373430490493774,,,,,,dqn,cartpole,dense,0.1,0.9,8,
70,51.0,51,0.7815,8.629330841358751e-05,1.0143885612487793,0.008685905486345291,,,,,,dqn,cartpole,dense,0.1,0.9,8,
71,13.0,13,0.7783333333333333,0.00011829035793198273,1.016919732093811,0.011074461042881012,,,,,,dqn,cartpole,dense,0.1,0.9,8,
72,14.0,14,0.7751666666666667,0.0001591124018887058,1.015916109085083,0.012646211311221123,,,,,,dqn,cartpole,dense,0.1,0.9,8,
73,15.0,15,0.772,0.00010467191896168515,1.0159800052642822,0.010522319003939629,,,,,,dqn,cartpole,dense,0.1,0.9,8,
74,20.0,20,0.7688333333333334,7.1572489105165e-05,1.0156804323196411,0.008596096187829971,,,,,,dqn,cartpole,dense,0.1,0.9,8,
75,9.0,9,0.7656666666666667,0.0001021141215460375,1.01582932472229,0.0102133359760046,,,,,,dqn,cartpole,dense,0.1,0.9,8,
76,12.0,12,0.7625,7.523300882894546e-05,1.0136361122131348,0.008162176236510277,,,,,,dqn,cartpole,dense,0.1,0.9,8,
77,21.0,21,0.7593333333333333,0.00012887259072158486,1.0162619352340698,0.011417817324399948,,,,,,dqn,cartpole,dense,0.1,0.9,8,
78,23.0,23,0.7561666666666667,0.00015671388246119022,1.0190070867538452,0.012925241142511368,,,,,,dqn,cartpole,dense,0.1,0.9,8,
79,10.0,10,0.753,8.167694613803178e-05,1.016456127166748,0.009436730295419693,,,,,,dqn,cartpole,dense,0.1,0.9,8,
80,14.0,14,0.7498333333333334,0.00011303825885988772,1.0160150527954102,0.01072128675878048,,,,,,dqn,cartpole,dense,0.1,0.9,8,
81,20.0,20,0.7466666666666667,0.00010505420505069196,1.015929102897644,0.010805107653141022,,,,,,dqn,cartpole,dense,0.1,0.9,8,
82,20.0,20,0.7435,0.00010344739712309092,1.0160307884216309,0.009479358792304993,,,,,,dqn,cartpole,dense,0.1,0.9,8,
83,10.0,10,0.7403333333333333,0.00015443621668964624,1.0158154964447021,0.012839660048484802,,,,,,dqn,cartpole,dense,0.1,0.9,8,
84,13.0,13,0.7371666666666667,0.00012101217726012692,1.0169333219528198,0.010815641842782497,,,,,,dqn,cartpole,dense,0.1,0.9,8,
85,14.0,14,0.734,0.00011462655675131828,1.0153589248657227,0.010702296160161495,,,,,,dqn,cartpole,dense,0.1,0.9,8,
86,12.0,12,0.7308333333333333,8.894992060959339e-05,1.0121655464172363,0.008942365646362305,,,,,,dqn,cartpole,dense,0.1,0.9,8,
87,27.0,27,0.7276666666666667,7.146343705244362e-05,1.0165174007415771,0.008139347657561302,,,,,,dqn,cartpole,dense,0.1,0.9,8,
88,21.0,21,0.7245,0.00010902392386924475,1.0187418460845947,0.010346322320401669,,,,,,dqn,cartpole,dense,0.1,0.9,8,
89,15.0,15,0.7213333333333334,0.00011971557250944898,1.017919659614563,0.010566864162683487,,,,,,dqn,cartpole,dense,0.1,0.9,8,
90,13.0,13,0.7181666666666666,0.00012646026152651757,1.0162277221679688,0.010410248301923275,,,,,,dqn,cartpole,dense,0.1,0.9,8,
91,16.0,16,0.7150000000000001,8.376823097933084e-05,1.0122203826904297,0.00903927069157362,,,,,,dqn,cartpole,dense,0.1,0.9,8,
92,14.0,14,0.7118333333333333,0.00015876773977652192,1.01931893825531,0.013275974430143833,,,,,,dqn,cartpole,dense,0.1,0.9,8,
93,20.0,20,0.7086666666666668,0.00011935806105611846,1.0192463397979736,0.011100266128778458,,,,,,dqn,cartpole,dense,0.1,0.9,8,
94,10.0,10,0.7055,9.674878674559295e-05,1.016714334487915,0.00956706888973713,,,,,,dqn,cartpole,dense,0.1,0.9,8,
95,17.0,17,0.7023333333333333,0.0001146638096543029,1.0216588973999023,0.010567191988229752,,,,,,dqn,cartpole,dense,0.1,0.9,8,
96,10.0,10,0.6991666666666667,9.541213512420654e-05,1.0174057483673096,0.00879267230629921,,,,,,dqn,cartpole,dense,0.1,0.9,8,
97,15.0,15,0.696,8.734670700505376e-05,1.0168333053588867,0.009009096771478653,,,,,,dqn,cartpole,dense,0.1,0.9,8,
98,10.0,10,0.6928333333333334,8.963106665760279e-05,1.0199270248413086,0.009185588918626308,,,,,,dqn,cartpole,dense,0.1,0.9,8,
99,10.0,10,0.6896666666666667,0.00011710499529726803,1.0204722881317139,0.011166307143867016,,,,,,dqn,cartpole,dense,0.1,0.9,8,
100,9.0,9,0.6865,0.00010119588114321232,1.0178217887878418,0.01042757648974657,,,9.2,0.6,9.2,dqn,cartpole,dense,0.1,0.9,8,
101,10.0,10,0.6833333333333333,0.00013202748959884048,1.019092082977295,0.01056668721139431,,,,,,dqn,cartpole,dense,0.1,0.9,8,
102,17.0,17,0.6801666666666667,0.00012006201723124832,1.0177110433578491,0.010536568239331245,,,,,,dqn,cartpole,dense,0.1,0.9,8,
103,12.0,12,0.677,9.369137114845216e-05,1.017621636390686,0.009430138394236565,,,,,,dqn,cartpole,dense,0.1,0.9,8,
104,14.0,14,0.6738333333333333,0.00018129627278540283,1.0185850858688354,0.013693884015083313,,,,,,dqn,cartpole,dense,0.1,0.9,8,
105,10.0,10,0.6706666666666667,0.00012588391837198287,1.017888069152832,0.011125585995614529,,,,,,dqn,cartpole,dense,0.1,0.9,8,
106,15.0,15,0.6675,9.635738388169557e-05,1.0197750329971313,0.010396303609013557,,,,,,dqn,cartpole,dense,0.1,0.9,8,
107,15.0,15,0.6643333333333333,9.890597721096128e-05,1.0200151205062866,0.009305780753493309,,,,,,dqn,cartpole,dense,0.1,0.9,8,
108,11.0,11,0.6611666666666667,8.234255074057728e-05,1.0147203207015991,0.008334650658071041,,,,,,dqn,cartpole,dense,0.1,0.9,8,
109,13.0,13,0.658,9.64809296419844e-05,1.0168721675872803,0.008732346817851067,,,,,,dqn,cartpole,dense,0.1,0.9,8,
110,18.0,18,0.6548333333333334,0.00013557187048718333,1.0213514566421509,0.011310912668704987,,,,,,dqn,cartpole,dense,0.1,0.9,8,
111,22.0,22,0.6516666666666667,9.191293793264776e-05,1.0162439346313477,0.009057274088263512,,,,,,dqn,cartpole,dense,0.1,0.9,8,
112,22.0,22,0.6485000000000001,0.00010021882189903408,1.0163013935089111,0.01068553701043129,,,,,,dqn,cartpole,dense,0.1,0.9,8,
113,9.0,9,0.6453333333333333,9.349895117338747e-05,1.0145832300186157,0.008806265890598297,,,,,,dqn,cartpole,dense,0.1,0.9,8,
114,25.0,25,0.6421666666666668,0.000112964837171603,1.0187492370605469,0.01056302897632122,,,,,,dqn,cartpole,dense,0.1,0.9,8,
115,21.0,21,0.639,0.00014465780986938626,1.0165339708328247,0.01198392454534769,,,,,,dqn,cartpole,dense,0.1,0.9,8,
116,8.0,8,0.6358333333333333,0.0001308299251832068,1.015939474105835,0.010851752944290638,,,,,,dqn,cartpole,dense,0.1,0.9,8,
117,20.0,20,0.6326666666666667,0.00013433516141958535,1.0164469480514526,0.011936978437006474,,,,,,dqn,cartpole,dense,0.1,0.9,8,
118,21.0,21,0.6295,0.00011018532677553594,1.017251968383789,0.010881111025810242,,,,,,dqn,cartpole,dense,0.1,0.9,8,
119,12.0,12,0.6263333333333334,0.00012816773960366845,1.018674373626709,0.010883529670536518,,,,,,dqn,cartpole,dense,0.1,0.9,8,
120,13.0,13,0.6231666666666666,8.339252963196486e-05,1.0168869495391846,0.008805357851088047,,,,,,dqn,cartpole,dense,0.1,0.9,8,
121,15.0,15,0.62,0.00010686408495530486,1.0178196430206299,0.009496637620031834,,,,,,dqn,cartpole,dense,0.1,0.9,8,
122,12.0,12,0.6168333333333333,9.328565647592768e-05,1.0141685009002686,0.009401895105838776,,,,,,dqn,cartpole,dense,0.1,0.9,8,
123,15.0,15,0.6136666666666667,8.79708823049441e-05,1.017235279083252,0.0086852191016078,,,,,,dqn,cartpole,dense,0.1,0.9,8,
124,14.0,14,0.6105,9.459615830564871e-05,1.014795184135437,0.009125017561018467,,,,,,dqn,cartpole,dense,0.1,0.9,8,
125,10.0,10,0.6073333333333333,0.00011146408360218629,1.0177090167999268,0.009818539954721928,,,,,,dqn,cartpole,dense,0.1,0.9,8,
126,9.0,9,0.6041666666666667,9.801070700632408e-05,1.0184333324432373,0.01006431132555008,,,,,,dqn,cartpole,dense,0.1,0.9,8,
127,46.0,46,0.601,9.697604400571436e-05,1.0180939435958862,0.009272530674934387,,,,,,dqn,cartpole,dense,0.1,0.9,8,
128,11.0,11,0.5978333333333333,0.00013190814934205264,1.0185163021087646,0.010306482203304768,,,,,,dqn,cartpole,dense,0.1,0.9,8,
129,14.0,14,0.5946666666666667,8.324065856868401e-05,1.0178310871124268,0.008463236503303051,,,,,,dqn,cartpole,dense,0.1,0.9,8,
130,15.0,15,0.5915,0.00018673100566957146,1.0232176780700684,0.013681864365935326,,,,,,dqn,cartpole,dense,0.1,0.9,8,
131,17.0,17,0.5883333333333334,0.00016313300875481218,1.018739938735962,0.012762769125401974,,,,,,dqn,cartpole,dense,0.1,0.9,8,
132,13.0,13,0.5851666666666667,8.826841076370329e-05,1.020071029663086,0.008572675287723541,,,,,,dqn,cartpole,dense,0.1,0.9,8,
133,9.0,9,0.5820000000000001,0.00013033440336585045,1.0201990604400635,0.011811924166977406,,,,,,dqn,cartpole,dense,0.1,0.9,8,
134,10.0,10,0.5788333333333333,0.00011727401579264551,1.0214693546295166,0.010963473469018936,,,,,,dqn,cartpole,dense,0.1,0.9,8,
135,13.0,13,0.5756666666666668,9.988789679482579e-05,1.0153453350067139,0.009886043146252632,,,,,,dqn,cartpole,dense,0.1,0.9,8,
136,14.0,14,0.5725,9.99616167973727e-05,1.0187352895736694,0.010327375493943691,,,,,,dqn,cartpole,dense,0.1,0.9,8,
137,14.0,14,0.5693333333333334,0.00012440921273082495,1.0181350708007812,0.010786201804876328,,,,,,dqn,cartpole,dense,0.1,0.9,8,
138,27.0,27,0.5661666666666667,0.00010865291551453993,1.0159711837768555,0.01044152956455946,,,,,,dqn,cartpole,dense,0.1,0.9,8,
139,15.0,15,0.563,0.00011424488911870867,1.0189108848571777,0.009924986399710178,,,,,,dqn,cartpole,dense,0.1,0.9,8,
140,13.0,13,0.5598333333333334,0.08190818876028061,1.870168924331665,0.3801884055137634,,,,,,dqn,cartpole,dense,0.1,0.9,8,
141,10.0,10,0.5566666666666666,0.077085942029953,2.017361640930176,0.36045610904693604,,,,,,dqn,cartpole,dense,0.1,0.9,8,
142,12.0,12,0.5535000000000001,0.024361807852983475,1.8786962032318115,0.11443208158016205,,,,,,dqn,cartpole,dense,0.1,0.9,8,
143,16.0,16,0.5503333333333333,0.0231179129332304,1.9716720581054688,0.09259113669395447,,,,,,dqn,cartpole,dense,0.1,0.9,8,
144,16.0,16,0.5471666666666667,0.013955948874354362,1.9418411254882812,0.04979695379734039,,,,,,dqn,cartpole,dense,0.1,0.9,8,
145,24.0,24,0.544,0.021171141415834427,1.8190093040466309,0.13707417249679565,,,,,,dqn,cartpole,dense,0.1,0.9,8,
146,23.0,23,0.5408333333333333,0.03081076592206955,1.848209261894226,0.13475772738456726,,,,,,dqn,cartpole,dense,0.1,0.9,8,
147,10.0,10,0.5376666666666667,0.031165648251771927,1.8794175386428833,0.10876315832138062,,,,,,dqn,cartpole,dense,0.1,0.9,8,
148,44.0,44,0.5345,0.03039998561143875,1.8642464876174927,0.11916860938072205,,,,,,dqn,cartpole,dense,0.1,0.9,8,
149,11.0,11,0.5313333333333333,0.02516826242208481,1.836855411529541,0.13140515983104706,,,,,,dqn,cartpole,dense,0.1,0.9,8,
150,12.0,12,0.5281666666666667,0.01972147822380066,1.8420195579528809,0.11426280438899994,,,9.2,0.6,9.2,dqn,cartpole,dense,0.1,0.9,8,
151,22.0,22,0.525,0.019120708107948303,1.8828204870224,0.07805164158344269,,,,,,dqn,cartpole,dense,0.1,0.9,8,
152,14.0,14,0.5218333333333334,0.019193163141608238,1.8988759517669678,0.0622083842754364,,,,,,dqn,cartpole,dense,0.1,0.9,8,
153,12.0,12,0.5186666666666666,0.012945017777383327,1.8999676704406738,0.04891221970319748,,,,,,dqn,cartpole,dense,0.1,0.9,8,
154,10.0,10,0.5155000000000001,0.013905461877584457,1.8820924758911133,0.06830500066280365,,,,,,dqn,cartpole,dense,0.1,0.9,8,
155,11.0,11,0.5123333333333333,0.042707279324531555,1.8655604124069214,0.14392158389091492,,,,,,dqn,cartpole,dense,0.1,0.9,8,
156,12.0,12,0.5091666666666667,0.019920041784644127,1.8377904891967773,0.12021682411432266,,,,,,dqn,cartpole,dense,0.1,0.9,8,
157,29.0,29,0.506,0.006955013144761324,1.88385009765625,0.051025424152612686,,,,,,dqn,cartpole,dense,0.1,0.9,8,
158,9.0,9,0.5028333333333334,0.0445464625954628,1.9057409763336182,0.11563372611999512,,,,,,dqn,cartpole,dense,0.1,0.9,8,
159,12.0,12,0.4996666666666667,0.04455665498971939,1.8943005800247192,0.12361939996480942,,,,,,dqn,cartpole,dense,0.1,0.9,8,
160,11.0,11,0.49650000000000005,0.02497568354010582,1.8616621494293213,0.10991448163986206,,,,,,dqn,cartpole,dense,0.1,0.9,8,
161,10.0,10,0.4933333333333334,0.024288127198815346,1.8502321243286133,0.11906885355710983,,,,,,dqn,cartpole,dense,0.1,0.9,8,
162,8.0,8,0.49016666666666675,0.02369614876806736,1.854358196258545,0.11226250976324081,,,,,,dqn,cartpole,dense,0.1,0.9,8,
163,12.0,12,0.487,0.023294204846024513,1.8582994937896729,0.1080830991268158,,,,,,dqn,cartpole,dense,0.1,0.9,8,
164,20.0,20,0.48383333333333334,0.01252235472202301,1.9010295867919922,0.055319640785455704,,,,,,dqn,cartpole,dense,0.1,0.9,8,
165,14.0,14,0.4806666666666667,0.02446575090289116,1.8868095874786377,0.09418360888957977,,,,,,dqn,cartpole,dense,0.1,0.9,8,
166,18.0,18,0.47750000000000004,0.012592225335538387,1.8571829795837402,0.08797215670347214,,,,,,dqn,cartpole,dense,0.1,0.9,8,
167,9.0,9,0.4743333333333334,0.0146414740011096,1.8743200302124023,0.07960905134677887,,,,,,dqn,cartpole,dense,0.1,0.9,8,
168,10.0,10,0.47116666666666673,0.0064125098288059235,1.899019479751587,0.051300421357154846,,,,,,dqn,cartpole,dense,0.1,0.9,8,
169,9.0,9,0.46799999999999997,0.022505130618810654,1.8818364143371582,0.09142749756574631,,,,,,dqn,cartpole,dense,0.1,0.9,8,
170,11.0,11,0.4648333333333333,0.007890703156590462,1.8531274795532227,0.07724680751562119,,,,,,dqn,cartpole,dense,0.1,0.9,8,
171,10.0,10,0.46166666666666667,0.02347419783473015,1.873946189880371,0.09914202988147736,,,,,,dqn,cartpole,dense,0.1,0.9,8,
172,10.0,10,0.4585,0.018839502707123756,1.8957756757736206,0.08256031572818756,,,,,,dqn,cartpole,dense,0.1,0.9,8,
173,16.0,16,0.45533333333333337,0.017729759216308594,1.863215684890747,0.09089663624763489,,,,,,dqn,cartpole,dense,0.1,0.9,8,
174,10.0,10,0.4521666666666667,0.04319772496819496,1.8759976625442505,0.1430952250957489,,,,,,dqn,cartpole,dense,0.1,0.9,8,
175,12.0,12,0.44900000000000007,0.018135398626327515,1.873457431793213,0.09440399706363678,,,,,,dqn,cartpole,dense,0.1,0.9,8,
176,15.0,15,0.4458333333333333,0.011741896159946918,1.8977136611938477,0.06974201649427414,,,,,,dqn,cartpole,dense,0.1,0.9,8,
177,12.0,12,0.44266666666666665,0.019945576786994934,1.8848217725753784,0.08409270644187927,,,,,,dqn,cartpole,dense,0.1,0.9,8,
178,26.0,26,0.4395,0.021599819883704185,1.8915218114852905,0.11406593024730682,,,,,,dqn,cartpole,dense,0.1,0.9,8,
179,9.0,9,0.43633333333333335,0.014246813021600246,1.8507587909698486,0.09498513489961624,,,,,,dqn,cartpole,dense,0.1,0.9,8,
180,11.0,11,0.4331666666666667,0.049843885004520416,1.8812499046325684,0.18697907030582428,,,,,,dqn,cartpole,dense,0.1,0.9,8,
181,23.0,23,0.43000000000000005,0.019683245569467545,1.85066556930542,0.11005944013595581,,,,,,dqn,cartpole,dense,0.1,0.9,8,
182,10.0,10,0.4268333333333333,0.0047266241163015366,1.890690565109253,0.08987820148468018,,,,,,dqn,cartpole,dense,0.1,0.9,8,
183,12.0,12,0.42366666666666664,0.03945644944906235,1.87615966796875,0.14466509222984314,,,,,,dqn,cartpole,dense,0.1,0.9,8,
184,11.0,11,0.4205,0.018384326249361038,1.8667880296707153,0.09046594798564911,,,,,,dqn,cartpole,dense,0.1,0.9,8,
185,9.0,9,0.41733333333333344,0.029100816696882248,1.859994649887085,0.1208791583776474,,,,,,dqn,cartpole,dense,0.1,0.9,8,
186,11.0,11,0.4141666666666667,0.03934080898761749,1.8750958442687988,0.13166573643684387,,,,,,dqn,cartpole,dense,0.1,0.9,8,
187,16.0,16,0.41100000000000003,0.012984799221158028,1.8624283075332642,0.08398378640413284,,,,,,dqn,cartpole,dense,0.1,0.9,8,
188,11.0,11,0.4078333333333334,0.021150149405002594,1.8753843307495117,0.10150890797376633,,,,,,dqn,cartpole,dense,0.1,0.9,8,
189,10.0,10,0.4046666666666666,0.02197696454823017,1.866025447845459,0.10839587450027466,,,,,,dqn,cartpole,dense,0.1,0.9,8,
190,14.0,14,0.4015000000000001,0.023084886372089386,1.8606305122375488,0.1100950688123703,,,,,,dqn,cartpole,dense,0.1,0.9,8,
191,15.0,15,0.39833333333333343,0.036634042859077454,1.8555399179458618,0.13854479789733887,,,,,,dqn,cartpole,dense,0.1,0.9,8,
192,26.0,26,0.39516666666666667,0.027514833956956863,1.8355588912963867,0.13309872150421143,,,,,,dqn,cartpole,dense,0.1,0.9,8,
193,21.0,21,0.392,0.02042529731988907,1.8922377824783325,0.09014292061328888,,,,,,dqn,cartpole,dense,0.1,0.9,8,
194,22.0,22,0.38883333333333336,0.0211942121386528,1.8801904916763306,0.08814156800508499,,,,,,dqn,cartpole,dense,0.1,0.9,8,
195,10.0,10,0.3856666666666667,0.02076655812561512,1.8628480434417725,0.09878313541412354,,,,,,dqn,cartpole,dense,0.1,0.9,8,
196,15.0,15,0.38250000000000006,0.02434002235531807,1.880063533782959,0.12076177448034286,,,,,,dqn,cartpole,dense,0.1,0.9,8,
197,15.0,15,0.3793333333333334,0.019189588725566864,1.8709347248077393,0.08906345069408417,,,,,,dqn,cartpole,dense,0.1,0.9,8,
198,12.0,12,0.37616666666666676,0.026848280802369118,1.8697479963302612,0.10600745677947998,,,,,,dqn,cartpole,dense,0.1,0.9,8,
199,14.0,14,0.373,0.02853008173406124,1.8637700080871582,0.11102569848299026,,,,,,dqn,cartpole,dense,0.1,0.9,8,
200,9.0,9,0.36983333333333335,0.027645982801914215,1.8417034149169922,0.12486901879310608,,,9.9,0.5385164807134504,9.9,dqn,cartpole,dense,0.1,0.9,8,
201,24.0,24,0.3666666666666667,0.016939111053943634,1.893243670463562,0.08695772290229797,,,,,,dqn,cartpole,dense,0.1,0.9,8,
202,29.0,29,0.36350000000000005,0.02719780243933201,1.931054949760437,0.08444962650537491,,,,,,dqn,cartpole,dense,0.1,0.9,8,
203,13.0,13,0.3603333333333334,0.015805257484316826,1.8210433721542358,0.11178883910179138,,,,,,dqn,cartpole,dense,0.1,0.9,8,
204,28.0,28,0.35716666666666674,0.017510410398244858,1.7873481512069702,0.1387801319360733,,,,,,dqn,cartpole,dense,0.1,0.9,8,
205,10.0,10,0.354,0.012534072622656822,1.9112155437469482,0.10430039465427399,,,,,,dqn,cartpole,dense,0.1,0.9,8,
206,27.0,27,0.35083333333333333,0.03380315750837326,1.7729029655456543,0.15294700860977173,,,,,,dqn,cartpole,dense,0.1,0.9,8,
207,11.0,11,0.3476666666666667,0.010680533945560455,1.9007313251495361,0.08016979694366455,,,,,,dqn,cartpole,dense,0.1,0.9,8,
208,11.0,11,0.34450000000000003,0.022120874375104904,1.7916076183319092,0.13156777620315552,,,,,,dqn,cartpole,dense,0.1,0.9,8,
209,9.0,9,0.3413333333333334,0.015827151015400887,1.9427441358566284,0.12639564275741577,,,,,,dqn,cartpole,dense,0.1,0.9,8,
210,9.0,9,0.3381666666666667,0.009052913635969162,1.8949724435806274,0.07276380062103271,,,,,,dqn,cartpole,dense,0.1,0.9,8,
211,11.0,11,0.3350000000000001,0.026788048446178436,1.8043220043182373,0.16123856604099274,,,,,,dqn,cartpole,dense,0.1,0.9,8,
212,13.0,13,0.3318333333333333,0.009950922802090645,1.924168586730957,0.10189494490623474,,,,,,dqn,cartpole,dense,0.1,0.9,8,
213,10.0,10,0.32866666666666666,0.01831980049610138,1.9966340065002441,0.13988447189331055,,,,,,dqn,cartpole,dense,0.1,0.9,8,
214,11.0,11,0.3255,0.03537560999393463,1.7829937934875488,0.17596110701560974,,,,,,dqn,cartpole,dense,0.1,0.9,8,
215,10.0,10,0.32233333333333336,0.005758780054748058,1.905381679534912,0.055614106357097626,,,,,,dqn,cartpole,dense,0.1,0.9,8,
216,17.0,17,0.3191666666666667,0.010662097483873367,1.9047969579696655,0.08085072040557861,,,,,,dqn,cartpole,dense,0.1,0.9,8,
217,11.0,11,0.31600000000000006,0.015447122976183891,1.8549704551696777,0.09514109790325165,,,,,,dqn,cartpole,dense,0.1,0.9,8,
218,21.0,21,0.3128333333333333,0.031632766127586365,1.9095215797424316,0.09356791526079178,,,,,,dqn,cartpole,dense,0.1,0.9,8,
219,51.0,51,0.30966666666666665,0.022617697715759277,1.8925514221191406,0.0795624628663063,,,,,,dqn,cartpole,dense,0.1,0.9,8,
220,9.0,9,0.3065,0.023137714713811874,1.755793571472168,0.18336200714111328,,,,,,dqn,cartpole,dense,0.1,0.9,8,
221,9.0,9,0.30333333333333345,0.007151452824473381,1.8458224534988403,0.07959704101085663,,,,,,dqn,cartpole,dense,0.1,0.9,8,
222,18.0,18,0.3001666666666667,0.03036455251276493,1.8471906185150146,0.1568354070186615,,,,,,dqn,cartpole,dense,0.1,0.9,8,
223,13.0,13,0.29700000000000004,0.027198273688554764,1.866835355758667,0.10844074189662933,,,,,,dqn,cartpole,dense,0.1,0.9,8,
224,24.0,24,0.2938333333333334,0.005356728099286556,1.9109010696411133,0.033756159245967865,,,,,,dqn,cartpole,dense,0.1,0.9,8,
225,9.0,9,0.29066666666666663,0.012237039394676685,1.943896770477295,0.06662052869796753,,,,,,dqn,cartpole,dense,0.1,0.9,8,
226,15.0,15,0.2875000000000001,0.024078134447336197,1.790693998336792,0.1496758908033371,,,,,,dqn,cartpole,dense,0.1,0.9,8,
227,31.0,31,0.28433333333333344,0.02960003912448883,1.8950941562652588,0.15320804715156555,,,,,,dqn,cartpole,dense,0.1,0.9,8,
228,12.0,12,0.2811666666666667,0.018364226445555687,1.8530821800231934,0.10330542176961899,,,,,,dqn,cartpole,dense,0.1,0.9,8,
229,10.0,10,0.278,0.03230495750904083,1.8438868522644043,0.1401129961013794,,,,,,dqn,cartpole,dense,0.1,0.9,8,
230,13.0,13,0.2748333333333334,0.02489478513598442,1.8598809242248535,0.11629655957221985,,,,,,dqn,cartpole,dense,0.1,0.9,8,
231,23.0,23,0.2716666666666666,0.04444250464439392,1.8541259765625,0.15646490454673767,,,,,,dqn,cartpole,dense,0.1,0.9,8,
232,12.0,12,0.26850000000000007,0.02926168590784073,1.8494038581848145,0.12837910652160645,,,,,,dqn,cartpole,dense,0.1,0.9,8,
233,10.0,10,0.2653333333333334,0.017358625307679176,1.8923883438110352,0.0781024768948555,,,,,,dqn,cartpole,dense,0.1,0.9,8,
234,37.0,37,0.26216666666666677,0.02071692980825901,1.820070505142212,0.1289144605398178,,,,,,dqn,cartpole,dense,0.1,0.9,8,
235,13.0,13,0.259,0.022247368469834328,1.8854072093963623,0.11912573128938675,,,,,,dqn,cartpole,dense,0.1,0.9,8,
236,45.0,45,0.25583333333333336,0.011689572595059872,1.885742425918579,0.07521484047174454,,,,,,dqn,cartpole,dense,0.1,0.9,8,
237,11.0,11,0.2526666666666667,0.013491944409906864,1.8614487648010254,0.08389422297477722,,,,,,dqn,cartpole,dense,0.1,0.9,8,
238,10.0,10,0.24950000000000006,0.014696233905851841,1.8718340396881104,0.10045630484819412,,,,,,dqn,cartpole,dense,0.1,0.9,8,
239,9.0,9,0.2463333333333334,0.02120923437178135,1.9050202369689941,0.11018000543117523,,,,,,dqn,cartpole,dense,0.1,0.9,8,
240,10.0,10,0.24316666666666675,0.0038125873543322086,1.9010059833526611,0.06265047192573547,,,,,,dqn,cartpole,dense,0.1,0.9,8,
241,11.0,11,0.24,0.011366430670022964,1.8800411224365234,0.06456378847360611,,,,,,dqn,cartpole,dense,0.1,0.9,8,
242,13.0,13,0.23683333333333334,0.0076088206842541695,1.8836629390716553,0.06549786776304245,,,,,,dqn,cartpole,dense,0.1,0.9,8,
243,30.0,30,0.2336666666666667,0.024650070816278458,1.9126393795013428,0.09672514349222183,,,,,,dqn,cartpole,dense,0.1,0.9,8,
244,25.0,25,0.23050000000000004,0.013908120803534985,1.8974194526672363,0.08806009590625763,,,,,,dqn,cartpole,dense,0.1,0.9,8,
245,46.0,46,0.2273333333333334,0.01792740821838379,1.7868623733520508,0.13781867921352386,,,,,,dqn,cartpole,dense,0.1,0.9,8,
246,14.0,14,0.22416666666666674,0.017074475064873695,1.8925392627716064,0.11513791978359222,,,,,,dqn,cartpole,dense,0.1,0.9,8,
247,8.0,8,0.22100000000000009,0.015788141638040543,1.9562262296676636,0.14470845460891724,,,,,,dqn,cartpole,dense,0.1,0.9,8,
248,13.0,13,0.21783333333333332,0.02563023939728737,1.7777553796768188,0.16932472586631775,,,,,,dqn,cartpole,dense,0.1,0.9,8,
249,12.0,12,0.21466666666666667,0.021556507796049118,1.8315751552581787,0.11995580792427063,,,,,,dqn,cartpole,dense,0.1,0.9,8,
250,25.0,25,0.21150000000000002,0.03671254962682724,1.800093412399292,0.17858877778053284,,,9.9,0.5385164807134504,9.9,dqn,cartpole,dense,0.1,0.9,8,
251,17.0,17,0.20833333333333337,0.014396380633115768,1.9123826026916504,0.0837559923529625,,,,,,dqn,cartpole,dense,0.1,0.9,8,
252,11.0,11,0.20516666666666672,0.01580023393034935,1.8917173147201538,0.08344432711601257,,,,,,dqn,cartpole,dense,0.1,0.9,8,
253,10.0,10,0.20200000000000007,0.01769564487040043,1.8836920261383057,0.07747873663902283,,,,,,dqn,cartpole,dense,0.1,0.9,8,
254,15.0,15,0.1988333333333333,0.00797281228005886,1.8718338012695312,0.06276945769786835,,,,,,dqn,cartpole,dense,0.1,0.9,8,
255,11.0,11,0.19566666666666666,0.008758096024394035,1.9409033060073853,0.06754079461097717,,,,,,dqn,cartpole,dense,0.1,0.9,8,
256,14.0,14,0.1925,0.01249842531979084,1.8516255617141724,0.08149709552526474,,,,,,dqn,cartpole,dense,0.1,0.9,8,
257,11.0,11,0.18933333333333335,0.014073111116886139,1.8638437986373901,0.07895205914974213,,,,,,dqn,cartpole,dense,0.1,0.9,8,
258,39.0,39,0.1861666666666667,0.022085778415203094,1.8611000776290894,0.11274516582489014,,,,,,dqn,cartpole,dense,0.1,0.9,8,
259,10.0,10,0.18300000000000005,0.014732550829648972,1.8643205165863037,0.09975577890872955,,,,,,dqn,cartpole,dense,0.1,0.9,8,
260,11.0,11,0.1798333333333334,0.015803251415491104,1.8747127056121826,0.06819883733987808,,,,,,dqn,cartpole,dense,0.1,0.9,8,
261,12.0,12,0.17666666666666664,0.01992671936750412,1.8908390998840332,0.07287202030420303,,,,,,dqn,cartpole,dense,0.1,0.9,8,
262,12.0,12,0.1735,0.025422774255275726,1.8720370531082153,0.10051774978637695,,,,,,dqn,cartpole,dense,0.1,0.9,8,
263,15.0,15,0.17033333333333345,0.030332138761878014,1.8905112743377686,0.09700910747051239,,,,,,dqn,cartpole,dense,0.1,0.9,8,
264,12.0,12,0.16716666666666669,0.02516404539346695,1.8209196329116821,0.14833533763885498,,,,,,dqn,cartpole,dense,0.1,0.9,8,
265,9.0,9,0.16400000000000003,0.01691790670156479,1.842522382736206,0.11086121946573257,,,,,,dqn,cartpole,dense,0.1,0.9,8,
266,15.0,15,0.16083333333333338,0.040628038346767426,1.8780677318572998,0.15078921616077423,,,,,,dqn,cartpole,dense,0.1,0.9,8,
267,9.0,9,0.15766666666666662,0.024824295192956924,1.7565157413482666,0.1850648820400238,,,,,,dqn,cartpole,dense,0.1,0.9,8,
268,10.0,10,0.15450000000000008,0.013717468827962875,1.8365988731384277,0.09547115862369537,,,,,,dqn,cartpole,dense,0.1,0.9,8,
269,27.0,27,0.15133333333333343,0.17344829440116882,2.0235095024108887,0.5833512544631958,,,,,,dqn,cartpole,dense,0.1,0.9,8,
270,8.0,8,0.14816666666666678,0.21672502160072327,3.164808511734009,0.6247165203094482,,,,,,dqn,cartpole,dense,0.1,0.9,8,
271,16.0,16,0.14500000000000002,0.14254119992256165,2.1065855026245117,0.49583977460861206,,,,,,dqn,cartpole,dense,0.1,0.9,8,
272,15.0,15,0.14183333333333337,0.06007815897464752,2.4239494800567627,0.23267744481563568,,,,,,dqn,cartpole,dense,0.1,0.9,8,
273,10.0,10,0.13866666666666672,0.07944636046886444,2.719552516937256,0.21524906158447266,,,,,,dqn,cartpole,dense,0.1,0.9,8,
274,25.0,25,0.13550000000000006,0.06620442867279053,2.3934264183044434,0.2744676172733307,,,,,,dqn,cartpole,dense,0.1,0.9,8,
275,9.0,9,0.1323333333333334,0.053700897842645645,2.380929946899414,0.2600914239883423,,,,,,dqn,cartpole,dense,0.1,0.9,8,
276,8.0,8,0.12916666666666676,0.10358989238739014,2.4541337490081787,0.2891181707382202,,,,,,dqn,cartpole,dense,0.1,0.9,8,
277,13.0,13,0.126,0.0699300691485405,2.5833897590637207,0.166950523853302,,,,,,dqn,cartpole,dense,0.1,0.9,8,
278,13.0,13,0.12283333333333335,0.09103116393089294,2.653787612915039,0.20689566433429718,,,,,,dqn,cartpole,dense,0.1,0.9,8,
279,12.0,12,0.1196666666666667,0.05224281921982765,2.62235951423645,0.1373753547668457,,,,,,dqn,cartpole,dense,0.1,0.9,8,
280,10.0,10,0.11650000000000005,0.00515354098752141,2.541578769683838,0.09489300847053528,,,,,,dqn,cartpole,dense,0.1,0.9,8,
281,25.0,25,0.1133333333333334,0.17260408401489258,2.47501802444458,0.3655455410480499,,,,,,dqn,cartpole,dense,0.1,0.9,8,
282,15.0,15,0.11016666666666675,0.12662358582019806,2.499208450317383,0.2863846719264984,,,,,,dqn,cartpole,dense,0.1,0.9,8,
283,9.0,9,0.1070000000000001,0.06749730557203293,2.521580696105957,0.1862405240535736,,,,,,dqn,cartpole,dense,0.1,0.9,8,
284,10.0,10,0.10383333333333333,0.05454856902360916,2.5578033924102783,0.14184099435806274,,,,,,dqn,cartpole,dense,0.1,0.9,8,
285,33.0,33,0.10066666666666668,0.053378328680992126,2.5419411659240723,0.1566135436296463,,,,,,dqn,cartpole,dense,0.1,0.9,8,
286,18.0,18,0.09750000000000003,0.09063287079334259,2.509364604949951,0.22463294863700867,,,,,,dqn,cartpole,dense,0.1,0.9,8,
287,8.0,8,0.09433333333333338,0.05040746182203293,2.4865610599517822,0.1722860485315323,,,,,,dqn,cartpole,dense,0.1,0.9,8,
288,10.0,10,0.09116666666666673,0.05010868236422539,2.533820152282715,0.15242217481136322,,,,,,dqn,cartpole,dense,0.1,0.9,8,
289,16.0,16,0.08800000000000008,0.05554773658514023,2.586505889892578,0.12181390821933746,,,,,,dqn,cartpole,dense,0.1,0.9,8,
290,22.0,22,0.08483333333333332,0.07729527354240417,2.562366485595703,0.1601696014404297,,,,,,dqn,cartpole,dense,0.1,0.9,8,
291,26.0,26,0.08166666666666667,0.03574018180370331,2.516328811645508,0.1255968064069748,,,,,,dqn,cartpole,dense,0.1,0.9,8,
292,13.0,13,0.07850000000000001,0.06625381857156754,2.5410661697387695,0.1637088805437088,,,,,,dqn,cartpole,dense,0.1,0.9,8,
293,16.0,16,0.07533333333333336,0.04072725400328636,2.5815045833587646,0.1222543716430664,,,,,,dqn,cartpole,dense,0.1,0.9,8,
294,29.0,29,0.07216666666666671,0.02140839584171772,2.519693613052368,0.11330738663673401,,,,,,dqn,cartpole,dense,0.1,0.9,8,
295,10.0,10,0.06900000000000006,0.04007989540696144,2.550675868988037,0.1183469146490097,,,,,,dqn,cartpole,dense,0.1,0.9,8,
296,11.0,11,0.06583333333333341,0.10478293150663376,2.576589584350586,0.2221938520669937,,,,,,dqn,cartpole,dense,0.1,0.9,8,
297,10.0,10,0.06266666666666665,0.0435517355799675,2.583259344100952,0.12239816039800644,,,,,,dqn,cartpole,dense,0.1,0.9,8,
298,14.0,14,0.0595,0.0740230605006218,2.534489154815674,0.17316141724586487,,,,,,dqn,cartpole,dense,0.1,0.9,8,
299,10.0,10,0.05633333333333346,0.07938180863857269,2.5241448879241943,0.18636855483055115,,,,,,dqn,cartpole,dense,0.1,0.9,8,
300,10.0,10,0.053166666666666695,0.044619861990213394,2.52892804145813,0.14231213927268982,,,9.9,0.5385164807134504,9.9,dqn,cartpole,dense,0.1,0.9,8,
301,18.0,18,0.050000000000000044,0.04514303803443909,2.5756258964538574,0.113021120429039,,,,,,dqn,cartpole,dense,0.1,0.9,8,
302,24.0,24,0.050000000000000044,0.053545791655778885,2.5081892013549805,0.16136053204536438,,,,,,dqn,cartpole,dense,0.1,0.9,8,
303,10.0,10,0.050000000000000044,0.027738092467188835,2.5479750633239746,0.10874778032302856,,,,,,dqn,cartpole,dense,0.1,0.9,8,
304,21.0,21,0.050000000000000044,0.06269906461238861,2.482956647872925,0.1948641538619995,,,,,,dqn,cartpole,dense,0.1,0.9,8,
305,13.0,13,0.050000000000000044,0.040812309831380844,2.5102076530456543,0.15491098165512085,,,,,,dqn,cartpole,dense,0.1,0.9,8,
306,11.0,11,0.050000000000000044,0.057724058628082275,2.5797500610351562,0.15726152062416077,,,,,,dqn,cartpole,dense,0.1,0.9,8,
307,9.0,9,0.050000000000000044,0.055076777935028076,2.5780038833618164,0.16034065186977386,,,,,,dqn,cartpole,dense,0.1,0.9,8,
308,9.0,9,0.050000000000000044,0.060691166669130325,2.529787063598633,0.16329312324523926,,,,,,dqn,cartpole,dense,0.1,0.9,8,
309,8.0,8,0.050000000000000044,0.07248729467391968,2.4450244903564453,0.2276962399482727,,,,,,dqn,cartpole,dense,0.1,0.9,8,
310,9.0,9,0.050000000000000044,0.02559075318276882,2.543191432952881,0.0977807343006134,,,,,,dqn,cartpole,dense,0.1,0.9,8,
311,8.0,8,0.050000000000000044,0.03805895894765854,2.631192207336426,0.11771909892559052,,,,,,dqn,cartpole,dense,0.1,0.9,8,
312,22.0,22,0.050000000000000044,0.02595783770084381,2.515249729156494,0.11568984389305115,,,,,,dqn,cartpole,dense,0.1,0.9,8,
313,10.0,10,0.050000000000000044,0.03565746545791626,2.4840087890625,0.1411934196949005,,,,,,dqn,cartpole,dense,0.1,0.9,8,
314,10.0,10,0.050000000000000044,0.05927404761314392,2.512965679168701,0.1562771052122116,,,,,,dqn,cartpole,dense,0.1,0.9,8,
315,10.0,10,0.050000000000000044,0.03295489400625229,2.495725631713867,0.138497456908226,,,,,,dqn,cartpole,dense,0.1,0.9,8,
316,11.0,11,0.050000000000000044,0.06633894890546799,2.5547289848327637,0.18748101592063904,,,,,,dqn,cartpole,dense,0.1,0.9,8,
317,30.0,30,0.050000000000000044,0.09069262444972992,2.5598104000091553,0.2162591964006424,,,,,,dqn,cartpole,dense,0.1,0.9,8,
318,9.0,9,0.050000000000000044,0.06811000406742096,2.478909969329834,0.18854829668998718,,,,,,dqn,cartpole,dense,0.1,0.9,8,
319,11.0,11,0.050000000000000044,0.04348411783576012,2.444723129272461,0.1714434176683426,,,,,,dqn,cartpole,dense,0.1,0.9,8,
320,10.0,10,0.050000000000000044,0.03677256777882576,2.573429822921753,0.09532031416893005,,,,,,dqn,cartpole,dense,0.1,0.9,8,
321,9.0,9,0.050000000000000044,0.10135660320520401,2.59224271774292,0.24158436059951782,,,,,,dqn,cartpole,dense,0.1,0.9,8,
322,13.0,13,0.050000000000000044,0.0398617647588253,2.5454607009887695,0.128879576921463,,,,,,dqn,cartpole,dense,0.1,0.9,8,
323,8.0,8,0.050000000000000044,0.07078437507152557,2.4918928146362305,0.20419900119304657,,,,,,dqn,cartpole,dense,0.1,0.9,8,
324,10.0,10,0.050000000000000044,0.029421154409646988,2.496002197265625,0.1394042670726776,,,,,,dqn,cartpole,dense,0.1,0.9,8,
325,24.0,24,0.050000000000000044,0.08830243349075317,2.4836602210998535,0.22204801440238953,,,,,,dqn,cartpole,dense,0.1,0.9,8,
326,11.0,11,0.050000000000000044,0.05340469256043434,2.563325881958008,0.13732483983039856,,,,,,dqn,cartpole,dense,0.1,0.9,8,
327,10.0,10,0.050000000000000044,0.024656124413013458,2.6409993171691895,0.11664949357509613,,,,,,dqn,cartpole,dense,0.1,0.9,8,
328,10.0,10,0.050000000000000044,0.05523533374071121,2.5367345809936523,0.15236212313175201,,,,,,dqn,cartpole,dense,0.1,0.9,8,
329,10.0,10,0.050000000000000044,0.012631000950932503,2.4770936965942383,0.1440107375383377,,,,,,dqn,cartpole,dense,0.1,0.9,8,
330,9.0,9,0.050000000000000044,0.02942071668803692,2.5977320671081543,0.1209774762392044,,,,,,dqn,cartpole,dense,0.1,0.9,8,
331,8.0,8,0.050000000000000044,0.02231978438794613,2.656778335571289,0.12831199169158936,,,,,,dqn,cartpole,dense,0.1,0.9,8,
332,17.0,17,0.050000000000000044,0.060892391949892044,2.4061532020568848,0.23322254419326782,,,,,,dqn,cartpole,dense,0.1,0.9,8,
333,11.0,11,0.050000000000000044,0.06391392648220062,2.56109881401062,0.1598377525806427,,,,,,dqn,cartpole,dense,0.1,0.9,8,
334,17.0,17,0.050000000000000044,0.03621746599674225,2.5403642654418945,0.14737991988658905,,,,,,dqn,cartpole,dense,0.1,0.9,8,
335,27.0,27,0.050000000000000044,0.04644015431404114,2.6276333332061768,0.12412600219249725,,,,,,dqn,cartpole,dense,0.1,0.9,8,
336,21.0,21,0.050000000000000044,0.06387180835008621,2.4097414016723633,0.22804546356201172,,,,,,dqn,cartpole,dense,0.1,0.9,8,
337,25.0,25,0.050000000000000044,0.05493471398949623,2.5974833965301514,0.1330212652683258,,,,,,dqn,cartpole,dense,0.1,0.9,8,
338,10.0,10,0.050000000000000044,0.09594091027975082,2.4320201873779297,0.2913895845413208,,,,,,dqn,cartpole,dense,0.1,0.9,8,
339,12.0,12,0.050000000000000044,0.09552747011184692,2.53572416305542,0.2195986658334732,,,,,,dqn,cartpole,dense,0.1,0.9,8,
340,9.0,9,0.050000000000000044,0.08065447211265564,2.5827138423919678,0.20304252207279205,,,,,,dqn,cartpole,dense,0.1,0.9,8,
341,10.0,10,0.050000000000000044,0.05378139019012451,2.5790510177612305,0.14352934062480927,,,,,,dqn,cartpole,dense,0.1,0.9,8,
342,10.0,10,0.050000000000000044,0.049536678940057755,2.487569570541382,0.19382470846176147,,,,,,dqn,cartpole,dense,0.1,0.9,8,
343,9.0,9,0.050000000000000044,0.027551639825105667,2.4516897201538086,0.175303652882576,,,,,,dqn,cartpole,dense,0.1,0.9,8,
344,20.0,20,0.050000000000000044,0.008483270183205605,2.576681137084961,0.0596909373998642,,,,,,dqn,cartpole,dense,0.1,0.9,8,
345,22.0,22,0.050000000000000044,0.15066510438919067,2.44807767868042,0.31885963678359985,,,,,,dqn,cartpole,dense,0.1,0.9,8,
346,9.0,9,0.050000000000000044,0.06323559582233429,2.5410332679748535,0.16521194577217102,,,,,,dqn,cartpole,dense,0.1,0.9,8,
347,10.0,10,0.050000000000000044,0.06719120591878891,2.5350470542907715,0.1702887862920761,,,,,,dqn,cartpole,dense,0.1,0.9,8,
348,10.0,10,0.050000000000000044,0.02019200287759304,2.5251429080963135,0.1196618303656578,,,,,,dqn,cartpole,dense,0.1,0.9,8,
349,15.0,15,0.050000000000000044,0.07724495232105255,2.4765782356262207,0.23023191094398499,,,,,,dqn,cartpole,dense,0.1,0.9,8,
350,8.0,8,0.050000000000000044,0.04512137174606323,2.4610443115234375,0.18621909618377686,,,9.9,0.5385164807134504,9.9,dqn,cartpole,dense,0.1,0.9,8,
351,10.0,10,0.050000000000000044,0.07803849130868912,2.558342933654785,0.17758722603321075,,,,,,dqn,cartpole,dense,0.1,0.9,8,
352,10.0,10,0.050000000000000044,0.09787031263113022,2.578615188598633,0.1836349219083786,,,,,,dqn,cartpole,dense,0.1,0.9,8,
353,9.0,9,0.050000000000000044,0.07439364492893219,2.4055638313293457,0.23825658857822418,,,,,,dqn,cartpole,dense,0.1,0.9,8,
354,10.0,10,0.050000000000000044,0.025110147893428802,2.6109395027160645,0.0880441963672638,,,,,,dqn,cartpole,dense,0.1,0.9,8,
355,38.0,38,0.050000000000000044,0.05617823451757431,2.4912970066070557,0.18931947648525238,,,,,,dqn,cartpole,dense,0.1,0.9,8,
356,10.0,10,0.050000000000000044,0.05710192769765854,2.547260284423828,0.1450480818748474,,,,,,dqn,cartpole,dense,0.1,0.9,8,
357,22.0,22,0.050000000000000044,0.02982385829091072,2.4473485946655273,0.15683846175670624,,,,,,dqn,cartpole,dense,0.1,0.9,8,
358,10.0,10,0.050000000000000044,0.038534101098775864,2.590717077255249,0.10403772443532944,,,,,,dqn,cartpole,dense,0.1,0.9,8,
359,18.0,18,0.050000000000000044,0.05427202209830284,2.550076961517334,0.1514853537082672,,,,,,dqn,cartpole,dense,0.1,0.9,8,
360,11.0,11,0.050000000000000044,0.040920499712228775,2.537003993988037,0.14770463109016418,,,,,,dqn,cartpole,dense,0.1,0.9,8,
361,11.0,11,0.050000000000000044,0.015858646482229233,2.543689489364624,0.09602142870426178,,,,,,dqn,cartpole,dense,0.1,0.9,8,
362,9.0,9,0.050000000000000044,0.06390056759119034,2.53586483001709,0.16035327315330505,,,,,,dqn,cartpole,dense,0.1,0.9,8,
363,9.0,9,0.050000000000000044,0.040749162435531616,2.5504281520843506,0.13182604312896729,,,,,,dqn,cartpole,dense,0.1,0.9,8,
364,9.0,9,0.050000000000000044,0.02658059448003769,2.494494915008545,0.13839301466941833,,,,,,dqn,cartpole,dense,0.1,0.9,8,
365,8.0,8,0.050000000000000044,0.061590664088726044,2.4617526531219482,0.19232410192489624,,,,,,dqn,cartpole,dense,0.1,0.9,8,
366,10.0,10,0.050000000000000044,0.039869651198387146,2.509549617767334,0.138015478849411,,,,,,dqn,cartpole,dense,0.1,0.9,8,
367,9.0,9,0.050000000000000044,0.0381503626704216,2.5367836952209473,0.10934101790189743,,,,,,dqn,cartpole,dense,0.1,0.9,8,
368,9.0,9,0.050000000000000044,0.047589898109436035,2.6001698970794678,0.11030953377485275,,,,,,dqn,cartpole,dense,0.1,0.9,8,
369,9.0,9,0.050000000000000044,0.025959065183997154,2.5056891441345215,0.1326267272233963,,,,,,dqn,cartpole,dense,0.1,0.9,8,
370,11.0,11,0.050000000000000044,0.04536120966076851,2.5332305431365967,0.15851092338562012,,,,,,dqn,cartpole,dense,0.1,0.9,8,
371,9.0,9,0.050000000000000044,0.04641611874103546,2.6096816062927246,0.11681511998176575,,,,,,dqn,cartpole,dense,0.1,0.9,8,
372,10.0,10,0.050000000000000044,0.04032523185014725,2.5479283332824707,0.14630524814128876,,,,,,dqn,cartpole,dense,0.1,0.9,8,
373,10.0,10,0.050000000000000044,0.07583088427782059,2.528263568878174,0.19754436612129211,,,,,,dqn,cartpole,dense,0.1,0.9,8,
374,10.0,10,0.050000000000000044,0.035125795751810074,2.5367980003356934,0.13358719646930695,,,,,,dqn,cartpole,dense,0.1,0.9,8,
375,12.0,12,0.050000000000000044,0.058377720415592194,2.5602359771728516,0.16361966729164124,,,,,,dqn,cartpole,dense,0.1,0.9,8,
376,9.0,9,0.050000000000000044,0.028255652636289597,2.4717085361480713,0.13699570298194885,,,,,,dqn,cartpole,dense,0.1,0.9,8,
377,9.0,9,0.050000000000000044,0.04300667345523834,2.5576751232147217,0.12163719534873962,,,,,,dqn,cartpole,dense,0.1,0.9,8,
378,9.0,9,0.050000000000000044,0.04912535101175308,2.5277228355407715,0.14879795908927917,,,,,,dqn,cartpole,dense,0.1,0.9,8,
379,12.0,12,0.050000000000000044,0.01036624051630497,2.5224997997283936,0.11614556610584259,,,,,,dqn,cartpole,dense,0.1,0.9,8,
380,9.0,9,0.050000000000000044,0.04450914263725281,2.590628147125244,0.10509096086025238,,,,,,dqn,cartpole,dense,0.1,0.9,8,
381,10.0,10,0.050000000000000044,0.01363041065633297,2.592752456665039,0.07191374897956848,,,,,,dqn,cartpole,dense,0.1,0.9,8,
382,9.0,9,0.050000000000000044,0.0915987566113472,2.5483627319335938,0.20996235311031342,,,,,,dqn,cartpole,dense,0.1,0.9,8,
383,9.0,9,0.050000000000000044,0.023915786296129227,2.4747474193573,0.14385908842086792,,,,,,dqn,cartpole,dense,0.1,0.9,8,
384,9.0,9,0.050000000000000044,0.04776405915617943,2.4564366340637207,0.1704959124326706,,,,,,dqn,cartpole,dense,0.1,0.9,8,
385,12.0,12,0.050000000000000044,0.08349849283695221,2.603834629058838,0.16852977871894836,,,,,,dqn,cartpole,dense,0.1,0.9,8,
386,10.0,10,0.050000000000000044,0.014069092459976673,2.467007637023926,0.1382829248905182,,,,,,dqn,cartpole,dense,0.1,0.9,8,
387,9.0,9,0.050000000000000044,0.07296771556138992,2.5064804553985596,0.18598881363868713,,,,,,dqn,cartpole,dense,0.1,0.9,8,
388,29.0,29,0.050000000000000044,0.0775313749909401,2.414634943008423,0.2605384588241577,,,,,,dqn,cartpole,dense,0.1,0.9,8,
389,9.0,9,0.050000000000000044,0.047705791890621185,2.619563102722168,0.12811149656772614,,,,,,dqn,cartpole,dense,0.1,0.9,8,
390,19.0,19,0.050000000000000044,0.037837281823158264,2.4523868560791016,0.18330661952495575,,,,,,dqn,cartpole,dense,0.1,0.9,8,
391,13.0,13,0.050000000000000044,0.03499523177742958,2.519702434539795,0.15548396110534668,,,,,,dqn,cartpole,dense,0.1,0.9,8,
392,9.0,9,0.050000000000000044,0.08356538414955139,2.6364388465881348,0.2135423719882965,,,,,,dqn,cartpole,dense,0.1,0.9,8,
393,11.0,11,0.050000000000000044,0.041998207569122314,2.4358811378479004,0.21491198241710663,,,,,,dqn,cartpole,dense,0.1,0.9,8,
394,10.0,10,0.050000000000000044,0.013338242657482624,2.5122663974761963,0.13275060057640076,,,,,,dqn,cartpole,dense,0.1,0.9,8,
395,15.0,15,0.050000000000000044,0.02456856146454811,2.5497841835021973,0.11774151027202606,,,,,,dqn,cartpole,dense,0.1,0.9,8,
396,10.0,10,0.050000000000000044,0.11913242936134338,2.3572964668273926,0.3128065764904022,,,,,,dqn,cartpole,dense,0.1,0.9,8,
397,12.0,12,0.050000000000000044,0.02498290315270424,2.5319926738739014,0.14210927486419678,,,,,,dqn,cartpole,dense,0.1,0.9,8,
398,23.0,23,0.050000000000000044,0.06640169024467468,2.414125919342041,0.23194490373134613,,,,,,dqn,cartpole,dense,0.1,0.9,8,
399,13.0,13,0.050000000000000044,0.06056275963783264,2.664475202560425,0.13138917088508606,,,,,,dqn,cartpole,dense,0.1,0.9,8,
400,26.0,26,0.050000000000000044,0.0745161771774292,2.4976372718811035,0.2010272741317749,,,9.9,0.5385164807134504,9.9,dqn,cartpole,dense,0.1,0.9,8,
401,11.0,11,0.050000000000000044,0.06813282519578934,2.551682949066162,0.14913755655288696,,,,,,dqn,cartpole,dense,0.1,0.9,8,
402,8.0,8,0.050000000000000044,0.0693109929561615,2.361382484436035,0.2538319528102875,,,,,,dqn,cartpole,dense,0.1,0.9,8,
403,11.0,11,0.050000000000000044,0.07016092538833618,2.5397045612335205,0.19479726254940033,,,,,,dqn,cartpole,dense,0.1,0.9,8,
404,9.0,9,0.050000000000000044,0.04776123911142349,2.61869478225708,0.17523355782032013,,,,,,dqn,cartpole,dense,0.1,0.9,8,
405,8.0,8,0.050000000000000044,0.03956632688641548,2.513817310333252,0.14847153425216675,,,,,,dqn,cartpole,dense,0.1,0.9,8,
406,29.0,29,0.050000000000000044,0.034574080258607864,2.5548253059387207,0.1389016956090927,,,,,,dqn,cartpole,dense,0.1,0.9,8,
407,8.0,8,0.050000000000000044,0.04890943691134453,2.39479398727417,0.2303587794303894,,,,,,dqn,cartpole,dense,0.1,0.9,8,
408,8.0,8,0.050000000000000044,0.029440781101584435,2.5107526779174805,0.13659030199050903,,,,,,dqn,cartpole,dense,0.1,0.9,8,
409,10.0,10,0.050000000000000044,0.10516029596328735,2.6819283962249756,0.26398766040802,,,,,,dqn,cartpole,dense,0.1,0.9,8,
410,9.0,9,0.050000000000000044,0.01931574195623398,2.4866085052490234,0.1610647439956665,,,,,,dqn,cartpole,dense,0.1,0.9,8,
411,20.0,20,0.050000000000000044,0.05367859825491905,2.550799608230591,0.18799665570259094,,,,,,dqn,cartpole,dense,0.1,0.9,8,
412,9.0,9,0.050000000000000044,0.03859301283955574,2.5087437629699707,0.16827672719955444,,,,,,dqn,cartpole,dense,0.1,0.9,8,
413,9.0,9,0.050000000000000044,0.030581727623939514,2.4318528175354004,0.14841629564762115,,,,,,dqn,cartpole,dense,0.1,0.9,8,
414,24.0,24,0.050000000000000044,0.01619713380932808,2.5200088024139404,0.12159378826618195,,,,,,dqn,cartpole,dense,0.1,0.9,8,
415,8.0,8,0.050000000000000044,0.055983200669288635,2.5658740997314453,0.14170703291893005,,,,,,dqn,cartpole,dense,0.1,0.9,8,
416,13.0,13,0.050000000000000044,0.03725225105881691,2.513465404510498,0.14133283495903015,,,,,,dqn,cartpole,dense,0.1,0.9,8,
417,10.0,10,0.050000000000000044,0.032703153789043427,2.5460281372070312,0.11632055044174194,,,,,,dqn,cartpole,dense,0.1,0.9,8,
418,9.0,9,0.050000000000000044,0.023469220846891403,2.518226146697998,0.12398572266101837,,,,,,dqn,cartpole,dense,0.1,0.9,8,
419,10.0,10,0.050000000000000044,0.0458579882979393,2.5223166942596436,0.1557457149028778,,,,,,dqn,cartpole,dense,0.1,0.9,8,
420,9.0,9,0.050000000000000044,0.12905238568782806,2.5645031929016113,0.23741254210472107,,,,,,dqn,cartpole,dense,0.1,0.9,8,
421,26.0,26,0.050000000000000044,0.1636543571949005,2.706204414367676,0.3145731985569,,,,,,dqn,cartpole,dense,0.1,0.9,8,
422,12.0,12,0.050000000000000044,0.05234332010149956,2.4385221004486084,0.21774686872959137,,,,,,dqn,cartpole,dense,0.1,0.9,8,
423,8.0,8,0.050000000000000044,0.2997809052467346,2.476766586303711,0.7617611885070801,,,,,,dqn,cartpole,dense,0.1,0.9,8,
424,11.0,11,0.050000000000000044,0.2545296549797058,3.7361161708831787,0.6647202968597412,,,,,,dqn,cartpole,dense,0.1,0.9,8,
425,9.0,9,0.050000000000000044,0.12422025948762894,3.364070415496826,0.33137840032577515,,,,,,dqn,cartpole,dense,0.1,0.9,8,
426,10.0,10,0.050000000000000044,0.2811099886894226,2.637293815612793,0.6806632280349731,,,,,,dqn,cartpole,dense,0.1,0.9,8,
427,11.0,11,0.050000000000000044,0.13797512650489807,3.392158031463623,0.3166605532169342,,,,,,dqn,cartpole,dense,0.1,0.9,8,
428,21.0,21,0.050000000000000044,0.2913997173309326,2.836538553237915,0.576880931854248,,,,,,dqn,cartpole,dense,0.1,0.9,8,
429,12.0,12,0.050000000000000044,0.2911949157714844,2.928819179534912,0.5036187171936035,,,,,,dqn,cartpole,dense,0.1,0.9,8,
430,10.0,10,0.050000000000000044,0.10907092690467834,3.2444286346435547,0.27014708518981934,,,,,,dqn,cartpole,dense,0.1,0.9,8,
431,9.0,9,0.050000000000000044,0.07895903289318085,3.1635916233062744,0.22364942729473114,,,,,,dqn,cartpole,dense,0.1,0.9,8,
432,21.0,21,0.050000000000000044,0.13726462423801422,3.139037609100342,0.2958751618862152,,,,,,dqn,cartpole,dense,0.1,0.9,8,
433,11.0,11,0.050000000000000044,0.09232912957668304,3.208705425262451,0.17536711692810059,,,,,,dqn,cartpole,dense,0.1,0.9,8,
434,10.0,10,0.050000000000000044,0.13414853811264038,3.1194777488708496,0.2740021049976349,,,,,,dqn,cartpole,dense,0.1,0.9,8,
435,9.0,9,0.050000000000000044,0.08808393776416779,3.135650157928467,0.21961602568626404,,,,,,dqn,cartpole,dense,0.1,0.9,8,
436,21.0,21,0.050000000000000044,0.054310500621795654,3.2507529258728027,0.15923181176185608,,,,,,dqn,cartpole,dense,0.1,0.9,8,
437,8.0,8,0.050000000000000044,0.070313960313797,3.178222417831421,0.1562679260969162,,,,,,dqn,cartpole,dense,0.1,0.9,8,
438,9.0,9,0.050000000000000044,0.09019532799720764,3.0551841259002686,0.23834779858589172,,,,,,dqn,cartpole,dense,0.1,0.9,8,
439,8.0,8,0.050000000000000044,0.15746049582958221,3.128803253173828,0.3010987639427185,,,,,,dqn,cartpole,dense,0.1,0.9,8,
440,9.0,9,0.050000000000000044,0.027920115739107132,3.169489860534668,0.13034330308437347,,,,,,dqn,cartpole,dense,0.1,0.9,8,
441,10.0,10,0.050000000000000044,0.11313202977180481,3.1441478729248047,0.22613367438316345,,,,,,dqn,cartpole,dense,0.1,0.9,8,
442,9.0,9,0.050000000000000044,0.029496116563677788,3.0650548934936523,0.1442372351884842,,,,,,dqn,cartpole,dense,0.1,0.9,8,
443,10.0,10,0.050000000000000044,0.05365854501724243,3.094310760498047,0.15580108761787415,,,,,,dqn,cartpole,dense,0.1,0.9,8,
444,22.0,22,0.050000000000000044,0.08606530725955963,3.120927572250366,0.20258775353431702,,,,,,dqn,cartpole,dense,0.1,0.9,8,
445,26.0,26,0.050000000000000044,0.008395571261644363,3.1862030029296875,0.06236886978149414,,,,,,dqn,cartpole,dense,0.1,0.9,8,
446,9.0,9,0.050000000000000044,0.07272441685199738,3.2380337715148926,0.16343912482261658,,,,,,dqn,cartpole,dense,0.1,0.9,8,
447,9.0,9,0.050000000000000044,0.07012899219989777,3.141648769378662,0.1563718616962433,,,,,,dqn,cartpole,dense,0.1,0.9,8,
448,11.0,11,0.050000000000000044,0.09348301589488983,3.1119260787963867,0.2202877551317215,,,,,,dqn,cartpole,dense,0.1,0.9,8,
449,16.0,16,0.050000000000000044,0.04412078112363815,3.0854434967041016,0.10516183823347092,,,,,,dqn,cartpole,dense,0.1,0.9,8,
450,11.0,11,0.050000000000000044,0.03982841223478317,3.160231113433838,0.10621695965528488,,,9.4,0.4898979485566356,9.4,dqn,cartpole,dense,0.1,0.9,8,
451,9.0,9,0.050000000000000044,0.021883219480514526,3.1143345832824707,0.1340138018131256,,,,,,dqn,cartpole,dense,0.1,0.9,8,
452,10.0,10,0.050000000000000044,0.03347383067011833,3.1796178817749023,0.11124628782272339,,,,,,dqn,cartpole,dense,0.1,0.9,8,
453,10.0,10,0.050000000000000044,0.07265056669712067,3.167933940887451,0.1680895984172821,,,,,,dqn,cartpole,dense,0.1,0.9,8,
454,21.0,21,0.050000000000000044,0.05298449099063873,3.1021013259887695,0.12795187532901764,,,,,,dqn,cartpole,dense,0.1,0.9,8,
455,10.0,10,0.050000000000000044,0.00491481926292181,3.249662399291992,0.03565794229507446,,,,,,dqn,cartpole,dense,0.1,0.9,8,
456,11.0,11,0.050000000000000044,0.04693327844142914,3.2177205085754395,0.14366428554058075,,,,,,dqn,cartpole,dense,0.1,0.9,8,
457,10.0,10,0.050000000000000044,0.05232995003461838,3.166248083114624,0.15341755747795105,,,,,,dqn,cartpole,dense,0.1,0.9,8,
458,8.0,8,0.050000000000000044,0.12077343463897705,3.1852171421051025,0.19249111413955688,,,,,,dqn,cartpole,dense,0.1,0.9,8,
459,22.0,22,0.050000000000000044,0.03739731013774872,3.1556577682495117,0.1193203330039978,,,,,,dqn,cartpole,dense,0.1,0.9,8,
460,10.0,10,0.050000000000000044,0.09897759556770325,3.160595417022705,0.18919087946414948,,,,,,dqn,cartpole,dense,0.1,0.9,8,
461,20.0,20,0.050000000000000044,0.006256760098040104,3.217611074447632,0.0634426698088646,,,,,,dqn,cartpole,dense,0.1,0.9,8,
462,8.0,8,0.050000000000000044,0.004644603468477726,3.188114643096924,0.039768632501363754,,,,,,dqn,cartpole,dense,0.1,0.9,8,
463,10.0,10,0.050000000000000044,0.09465378522872925,3.2085394859313965,0.1794617474079132,,,,,,dqn,cartpole,dense,0.1,0.9,8,
464,13.0,13,0.050000000000000044,0.14053824543952942,3.0991370677948,0.30290472507476807,,,,,,dqn,cartpole,dense,0.1,0.9,8,
465,26.0,26,0.050000000000000044,0.03669324889779091,3.18160343170166,0.1279779076576233,,,,,,dqn,cartpole,dense,0.1,0.9,8,
466,9.0,9,0.050000000000000044,0.05588141828775406,3.11607027053833,0.20204851031303406,,,,,,dqn,cartpole,dense,0.1,0.9,8,
467,12.0,12,0.050000000000000044,0.12118849158287048,3.1165366172790527,0.25919434428215027,,,,,,dqn,cartpole,dense,0.1,0.9,8,
468,10.0,10,0.050000000000000044,0.23089903593063354,3.171627998352051,0.35544055700302124,,,,,,dqn,cartpole,dense,0.1,0.9,8,
469,20.0,20,0.050000000000000044,0.03895857185125351,3.025186777114868,0.16117046773433685,,,,,,dqn,cartpole,dense,0.1,0.9,8,
470,9.0,9,0.050000000000000044,0.1541340947151184,3.1879634857177734,0.24137422442436218,,,,,,dqn,cartpole,dense,0.1,0.9,8,
471,15.0,15,0.050000000000000044,0.13049833476543427,3.067692279815674,0.23897433280944824,,,,,,dqn,cartpole,dense,0.1,0.9,8,
472,8.0,8,0.050000000000000044,0.1204729825258255,3.139260768890381,0.2647111117839813,,,,,,dqn,cartpole,dense,0.1,0.9,8,
473,9.0,9,0.050000000000000044,0.0860377848148346,3.134286880493164,0.22947001457214355,,,,,,dqn,cartpole,dense,0.1,0.9,8,
474,10.0,10,0.050000000000000044,0.0041048647835850716,3.2207608222961426,0.0769389420747757,,,,,,dqn,cartpole,dense,0.1,0.9,8,
475,8.0,8,0.050000000000000044,0.12543053925037384,3.27197265625,0.20921479165554047,,,,,,dqn,cartpole,dense,0.1,0.9,8,
476,10.0,10,0.050000000000000044,0.04261340573430061,3.1294870376586914,0.1293470859527588,,,,,,dqn,cartpole,dense,0.1,0.9,8,
477,9.0,9,0.050000000000000044,0.06985102593898773,3.1596107482910156,0.16356830298900604,,,,,,dqn,cartpole,dense,0.1,0.9,8,
478,19.0,19,0.050000000000000044,0.03932523727416992,3.083421230316162,0.15390841662883759,,,,,,dqn,cartpole,dense,0.1,0.9,8,
479,10.0,10,0.050000000000000044,0.06779848784208298,3.1044139862060547,0.20070260763168335,,,,,,dqn,cartpole,dense,0.1,0.9,8,
480,20.0,20,0.050000000000000044,0.08743401616811752,3.201052188873291,0.15125110745429993,,,,,,dqn,cartpole,dense,0.1,0.9,8,
481,17.0,17,0.050000000000000044,0.09204573929309845,3.0898807048797607,0.18721315264701843,,,,,,dqn,cartpole,dense,0.1,0.9,8,
482,11.0,11,0.050000000000000044,0.0734298899769783,3.2408394813537598,0.12443985044956207,,,,,,dqn,cartpole,dense,0.1,0.9,8,
483,10.0,10,0.050000000000000044,0.07275842130184174,2.9982144832611084,0.21304333209991455,,,,,,dqn,cartpole,dense,0.1,0.9,8,
484,10.0,10,0.050000000000000044,0.12758606672286987,3.0747790336608887,0.2930319011211395,,,,,,dqn,cartpole,dense,0.1,0.9,8,
485,8.0,8,0.050000000000000044,0.034665439277887344,3.115297794342041,0.11684583127498627,,,,,,dqn,cartpole,dense,0.1,0.9,8,
486,8.0,8,0.050000000000000044,0.13843080401420593,3.2735376358032227,0.27430999279022217,,,,,,dqn,cartpole,dense,0.1,0.9,8,
487,12.0,12,0.050000000000000044,0.12887397408485413,3.0566067695617676,0.2989606261253357,,,,,,dqn,cartpole,dense,0.1,0.9,8,
488,10.0,10,0.050000000000000044,0.039855800569057465,3.1143131256103516,0.18034180998802185,,,,,,dqn,cartpole,dense,0.1,0.9,8,
489,11.0,11,0.050000000000000044,0.04619394242763519,3.1926536560058594,0.11545021831989288,,,,,,dqn,cartpole,dense,0.1,0.9,8,
490,10.0,10,0.050000000000000044,0.06289193034172058,3.1310207843780518,0.178854838013649,,,,,,dqn,cartpole,dense,0.1,0.9,8,
491,26.0,26,0.050000000000000044,0.00527747580781579,3.1998231410980225,0.047369521111249924,,,,,,dqn,cartpole,dense,0.1,0.9,8,
492,10.0,10,0.050000000000000044,0.002327775815501809,3.2730207443237305,0.06355410069227219,,,,,,dqn,cartpole,dense,0.1,0.9,8,
493,10.0,10,0.050000000000000044,0.07935541868209839,3.0805001258850098,0.2063053697347641,,,,,,dqn,cartpole,dense,0.1,0.9,8,
494,9.0,9,0.050000000000000044,0.06377634406089783,3.158949851989746,0.17769894003868103,,,,,,dqn,cartpole,dense,0.1,0.9,8,
495,10.0,10,0.050000000000000044,0.14162559807300568,3.1351616382598877,0.23870742321014404,,,,,,dqn,cartpole,dense,0.1,0.9,8,
496,10.0,10,0.050000000000000044,0.07019808888435364,3.019216775894165,0.15929630398750305,,,,,,dqn,cartpole,dense,0.1,0.9,8,
497,18.0,18,0.050000000000000044,0.06713207811117172,3.19500732421875,0.1422303467988968,,,,,,dqn,cartpole,dense,0.1,0.9,8,
498,9.0,9,0.050000000000000044,0.019561827182769775,3.0611352920532227,0.15954995155334473,,,,,,dqn,cartpole,dense,0.1,0.9,8,
499,10.0,10,0.050000000000000044,0.06052052974700928,3.1218478679656982,0.12753713130950928,,,,,,dqn,cartpole,dense,0.1,0.9,8,
500,10.0,10,0.050000000000000044,0.044797323644161224,3.20499324798584,0.12772707641124725,,,9.4,0.4898979485566356,9.4,dqn,cartpole,dense,0.1,0.9,8,
501,10.0,10,0.050000000000000044,0.009518194943666458,3.1416635513305664,0.09427094459533691,,,,,,dqn,cartpole,dense,0.1,0.9,8,
502,11.0,11,0.050000000000000044,0.08682237565517426,3.2155470848083496,0.17311760783195496,,,,,,dqn,cartpole,dense,0.1,0.9,8,
503,9.0,9,0.050000000000000044,0.11910290271043777,3.091726779937744,0.23037630319595337,,,,,,dqn,cartpole,dense,0.1,0.9,8,
504,9.0,9,0.050000000000000044,0.08255819976329803,3.076465606689453,0.23877473175525665,,,,,,dqn,cartpole,dense,0.1,0.9,8,
505,10.0,10,0.050000000000000044,0.06100067123770714,3.1584391593933105,0.12605276703834534,,,,,,dqn,cartpole,dense,0.1,0.9,8,
506,9.0,9,0.050000000000000044,0.04153003543615341,3.2108380794525146,0.1413189172744751,,,,,,dqn,cartpole,dense,0.1,0.9,8,
507,10.0,10,0.050000000000000044,0.14655278623104095,3.2422261238098145,0.23339800536632538,,,,,,dqn,cartpole,dense,0.1,0.9,8,
508,9.0,9,0.050000000000000044,0.08119064569473267,3.010053873062134,0.2805820107460022,,,,,,dqn,cartpole,dense,0.1,0.9,8,
509,10.0,10,0.050000000000000044,0.1674097776412964,3.155294179916382,0.3317111134529114,,,,,,dqn,cartpole,dense,0.1,0.9,8,
510,25.0,25,0.050000000000000044,0.10302536189556122,3.095729351043701,0.25497961044311523,,,,,,dqn,cartpole,dense,0.1,0.9,8,
511,9.0,9,0.050000000000000044,0.0915490984916687,3.043872833251953,0.24198368191719055,,,,,,dqn,cartpole,dense,0.1,0.9,8,
512,16.0,16,0.050000000000000044,0.11611204594373703,3.172689437866211,0.19770292937755585,,,,,,dqn,cartpole,dense,0.1,0.9,8,
513,11.0,11,0.050000000000000044,0.037871792912483215,3.0678510665893555,0.15227070450782776,,,,,,dqn,cartpole,dense,0.1,0.9,8,
514,8.0,8,0.050000000000000044,0.06658752262592316,3.081289291381836,0.16720974445343018,,,,,,dqn,cartpole,dense,0.1,0.9,8,
515,9.0,9,0.050000000000000044,0.09231546521186829,3.155782699584961,0.18916232883930206,,,,,,dqn,cartpole,dense,0.1,0.9,8,
516,10.0,10,0.050000000000000044,0.05128771439194679,3.103457450866699,0.15628862380981445,,,,,,dqn,cartpole,dense,0.1,0.9,8,
517,11.0,11,0.050000000000000044,0.10172440856695175,3.1863794326782227,0.19963771104812622,,,,,,dqn,cartpole,dense,0.1,0.9,8,
518,14.0,14,0.050000000000000044,0.12057234346866608,3.173764705657959,0.25530630350112915,,,,,,dqn,cartpole,dense,0.1,0.9,8,
519,10.0,10,0.050000000000000044,0.04029391333460808,3.1317763328552246,0.14891386032104492,,,,,,dqn,cartpole,dense,0.1,0.9,8,
520,14.0,14,0.050000000000000044,0.09076068550348282,3.1852805614471436,0.1896539330482483,,,,,,dqn,cartpole,dense,0.1,0.9,8,
521,11.0,11,0.050000000000000044,0.06362894177436829,3.2329580783843994,0.13716667890548706,,,,,,dqn,cartpole,dense,0.1,0.9,8,
522,9.0,9,0.050000000000000044,0.06896482408046722,3.1644811630249023,0.16695214807987213,,,,,,dqn,cartpole,dense,0.1,0.9,8,
523,10.0,10,0.050000000000000044,0.09146495163440704,3.061659336090088,0.21470165252685547,,,,,,dqn,cartpole,dense,0.1,0.9,8,
524,15.0,15,0.050000000000000044,0.1211356371641159,3.202126979827881,0.25426965951919556,,,,,,dqn,cartpole,dense,0.1,0.9,8,
525,12.0,12,0.050000000000000044,0.011807790026068687,3.181511878967285,0.07394708693027496,,,,,,dqn,cartpole,dense,0.1,0.9,8,
526,9.0,9,0.050000000000000044,0.08219907432794571,3.0033814907073975,0.22238989174365997,,,,,,dqn,cartpole,dense,0.1,0.9,8,
527,12.0,12,0.050000000000000044,0.14609962701797485,3.1586854457855225,0.23539631068706512,,,,,,dqn,cartpole,dense,0.1,0.9,8,
528,27.0,27,0.050000000000000044,0.06398354470729828,3.129080057144165,0.11346329748630524,,,,,,dqn,cartpole,dense,0.1,0.9,8,
529,9.0,9,0.050000000000000044,0.07340148091316223,3.0869593620300293,0.1994243711233139,,,,,,dqn,cartpole,dense,0.1,0.9,8,
530,11.0,11,0.050000000000000044,0.038640838116407394,3.1654858589172363,0.139722540974617,,,,,,dqn,cartpole,dense,0.1,0.9,8,
531,21.0,21,0.050000000000000044,0.14305421710014343,3.111654758453369,0.2553711235523224,,,,,,dqn,cartpole,dense,0.1,0.9,8,
532,10.0,10,0.050000000000000044,0.005723591893911362,3.130619525909424,0.05587368458509445,,,,,,dqn,cartpole,dense,0.1,0.9,8,
533,13.0,13,0.050000000000000044,0.09408371150493622,3.135274887084961,0.21506208181381226,,,,,,dqn,cartpole,dense,0.1,0.9,8,
534,10.0,10,0.050000000000000044,0.01781308650970459,3.0873501300811768,0.11838650703430176,,,,,,dqn,cartpole,dense,0.1,0.9,8,
535,8.0,8,0.050000000000000044,0.06261244416236877,3.079794406890869,0.16570338606834412,,,,,,dqn,cartpole,dense,0.1,0.9,8,
536,8.0,8,0.050000000000000044,0.10462057590484619,3.1178383827209473,0.2318677455186844,,,,,,dqn,cartpole,dense,0.1,0.9,8,
537,13.0,13,0.050000000000000044,0.044913750141859055,3.06268572807312,0.11841197311878204,,,,,,dqn,cartpole,dense,0.1,0.9,8,
538,22.0,22,0.050000000000000044,0.031248081475496292,3.1984434127807617,0.10820664465427399,,,,,,dqn,cartpole,dense,0.1,0.9,8,
539,15.0,15,0.050000000000000044,0.019424298778176308,3.0327045917510986,0.13914354145526886,,,,,,dqn,cartpole,dense,0.1,0.9,8,
540,9.0,9,0.050000000000000044,0.04003002494573593,3.176297187805176,0.11121364682912827,,,,,,dqn,cartpole,dense,0.1,0.9,8,
541,9.0,9,0.050000000000000044,0.12539537250995636,3.1692161560058594,0.22687743604183197,,,,,,dqn,cartpole,dense,0.1,0.9,8,
542,10.0,10,0.050000000000000044,0.11576718091964722,3.0967869758605957,0.23139576613903046,,,,,,dqn,cartpole,dense,0.1,0.9,8,
543,16.0,16,0.050000000000000044,0.04761234670877457,3.0132317543029785,0.16838912665843964,,,,,,dqn,cartpole,dense,0.1,0.9,8,
544,9.0,9,0.050000000000000044,0.1006617322564125,3.1112308502197266,0.21159628033638,,,,,,dqn,cartpole,dense,0.1,0.9,8,
545,15.0,15,0.050000000000000044,0.06929070502519608,3.195507049560547,0.20622028410434723,,,,,,dqn,cartpole,dense,0.1,0.9,8,
546,8.0,8,0.050000000000000044,0.09420640766620636,3.1229987144470215,0.21417924761772156,,,,,,dqn,cartpole,dense,0.1,0.9,8,
547,18.0,18,0.050000000000000044,0.059882380068302155,3.3044068813323975,0.15477703511714935,,,,,,dqn,cartpole,dense,0.1,0.9,8,
548,9.0,9,0.050000000000000044,0.03243018686771393,3.28654146194458,0.09177527576684952,,,,,,dqn,cartpole,dense,0.1,0.9,8,
549,10.0,10,0.050000000000000044,0.05955326557159424,3.142885684967041,0.16825684905052185,,,,,,dqn,cartpole,dense,0.1,0.9,8,
550,8.0,8,0.050000000000000044,0.07329382002353668,3.0856587886810303,0.18489252030849457,,,9.9,0.5385164807134504,9.9,dqn,cartpole,dense,0.1,0.9,8,
551,12.0,12,0.050000000000000044,0.06743752211332321,3.238737106323242,0.12395719438791275,,,,,,dqn,cartpole,dense,0.1,0.9,8,
552,9.0,9,0.050000000000000044,0.1150813102722168,3.140260696411133,0.24785980582237244,,,,,,dqn,cartpole,dense,0.1,0.9,8,
553,13.0,13,0.050000000000000044,0.018744343891739845,3.04687762260437,0.11508084833621979,,,,,,dqn,cartpole,dense,0.1,0.9,8,
554,9.0,9,0.050000000000000044,0.03809577599167824,3.345904588699341,0.14274346828460693,,,,,,dqn,cartpole,dense,0.1,0.9,8,
555,9.0,9,0.050000000000000044,0.042602941393852234,3.1759231090545654,0.09555957466363907,,,,,,dqn,cartpole,dense,0.1,0.9,8,
556,10.0,10,0.050000000000000044,0.0713355615735054,3.0621979236602783,0.24514447152614594,,,,,,dqn,cartpole,dense,0.1,0.9,8,
557,19.0,19,0.050000000000000044,0.058627404272556305,3.335895538330078,0.14642581343650818,,,,,,dqn,cartpole,dense,0.1,0.9,8,
558,24.0,24,0.050000000000000044,0.12071113288402557,3.1964778900146484,0.2772069573402405,,,,,,dqn,cartpole,dense,0.1,0.9,8,
559,10.0,10,0.050000000000000044,0.05787760019302368,3.175659656524658,0.140074223279953,,,,,,dqn,cartpole,dense,0.1,0.9,8,
560,9.0,9,0.050000000000000044,0.08405876904726028,2.9134035110473633,0.25244760513305664,,,,,,dqn,cartpole,dense,0.1,0.9,8,
561,8.0,8,0.050000000000000044,0.15156033635139465,3.1222782135009766,0.2557235360145569,,,,,,dqn,cartpole,dense,0.1,0.9,8,
562,13.0,13,0.050000000000000044,0.0785958543419838,3.1369614601135254,0.16699916124343872,,,,,,dqn,cartpole,dense,0.1,0.9,8,
563,23.0,23,0.050000000000000044,0.060502342879772186,3.1645965576171875,0.13954654335975647,,,,,,dqn,cartpole,dense,0.1,0.9,8,
564,15.0,15,0.050000000000000044,0.06800182163715363,3.1310086250305176,0.17196303606033325,,,,,,dqn,cartpole,dense,0.1,0.9,8,
565,16.0,16,0.050000000000000044,0.0915595069527626,3.246311902999878,0.16514459252357483,,,,,,dqn,cartpole,dense,0.1,0.9,8,
566,10.0,10,0.050000000000000044,0.09503443539142609,3.2386021614074707,0.1746310293674469,,,,,,dqn,cartpole,dense,0.1,0.9,8,
567,10.0,10,0.050000000000000044,0.03551265969872475,3.149463653564453,0.14765384793281555,,,,,,dqn,cartpole,dense,0.1,0.9,8,
568,10.0,10,0.050000000000000044,0.06321893632411957,3.0969364643096924,0.1699507087469101,,,,,,dqn,cartpole,dense,0.1,0.9,8,
569,11.0,11,0.050000000000000044,0.06045833230018616,3.2118852138519287,0.1326998770236969,,,,,,dqn,cartpole,dense,0.1,0.9,8,
570,10.0,10,0.050000000000000044,0.1167188286781311,3.173663377761841,0.22847869992256165,,,,,,dqn,cartpole,dense,0.1,0.9,8,
571,10.0,10,0.050000000000000044,0.20248079299926758,3.026862382888794,0.37658295035362244,,,,,,dqn,cartpole,dense,0.1,0.9,8,
572,12.0,12,0.050000000000000044,0.12878477573394775,3.1316263675689697,0.2347315400838852,,,,,,dqn,cartpole,dense,0.1,0.9,8,
573,10.0,10,0.050000000000000044,0.09852303564548492,3.159546375274658,0.19722935557365417,,,,,,dqn,cartpole,dense,0.1,0.9,8,
574,10.0,10,0.050000000000000044,0.04532189667224884,2.9838976860046387,0.21034426987171173,,,,,,dqn,cartpole,dense,0.1,0.9,8,
575,14.0,14,0.050000000000000044,0.06044165790081024,3.282015085220337,0.1386745572090149,,,,,,dqn,cartpole,dense,0.1,0.9,8,
576,11.0,11,0.050000000000000044,0.12173381447792053,3.179640769958496,0.2071242481470108,,,,,,dqn,cartpole,dense,0.1,0.9,8,
577,9.0,9,0.050000000000000044,0.027609847486019135,3.065150737762451,0.14702962338924408,,,,,,dqn,cartpole,dense,0.1,0.9,8,
578,10.0,10,0.050000000000000044,0.03534179553389549,3.206862449645996,0.07147880643606186,,,,,,dqn,cartpole,dense,0.1,0.9,8,
579,9.0,9,0.050000000000000044,0.0587090328335762,3.2096571922302246,0.1161680668592453,,,,,,dqn,cartpole,dense,0.1,0.9,8,
580,11.0,11,0.050000000000000044,0.0879141092300415,3.0964303016662598,0.19833920896053314,,,,,,dqn,cartpole,dense,0.1,0.9,8,
581,9.0,9,0.050000000000000044,0.06080019846558571,3.081211805343628,0.22321584820747375,,,,,,dqn,cartpole,dense,0.1,0.9,8,
582,22.0,22,0.050000000000000044,0.06365136802196503,3.0748531818389893,0.17838212847709656,,,,,,dqn,cartpole,dense,0.1,0.9,8,
583,8.0,8,0.050000000000000044,0.14639967679977417,3.1327590942382812,0.27479374408721924,,,,,,dqn,cartpole,dense,0.1,0.9,8,
584,9.0,9,0.050000000000000044,0.13623210787773132,3.0786848068237305,0.2533630132675171,,,,,,dqn,cartpole,dense,0.1,0.9,8,
585,13.0,13,0.050000000000000044,0.07717902958393097,3.223814010620117,0.1612122654914856,,,,,,dqn,cartpole,dense,0.1,0.9,8,
586,10.0,10,0.050000000000000044,0.12220661342144012,3.0801329612731934,0.33639922738075256,,,,,,dqn,cartpole,dense,0.1,0.9,8,
587,9.0,9,0.050000000000000044,0.0883837565779686,3.1032590866088867,0.19075432419776917,,,,,,dqn,cartpole,dense,0.1,0.9,8,
588,11.0,11,0.050000000000000044,0.05685321241617203,3.2178735733032227,0.16738486289978027,,,,,,dqn,cartpole,dense,0.1,0.9,8,
589,17.0,17,0.050000000000000044,0.024068450555205345,3.0812931060791016,0.13922402262687683,,,,,,dqn,cartpole,dense,0.1,0.9,8,
590,14.0,14,0.050000000000000044,0.20953720808029175,3.8821139335632324,0.34222692251205444,,,,,,dqn,cartpole,dense,0.1,0.9,8,
591,11.0,11,0.050000000000000044,0.183098703622818,3.9698235988616943,0.44988110661506653,,,,,,dqn,cartpole,dense,0.1,0.9,8,
592,10.0,10,0.050000000000000044,0.07167761027812958,3.350679397583008,0.3473881483078003,,,,,,dqn,cartpole,dense,0.1,0.9,8,
593,11.0,11,0.050000000000000044,0.08453866839408875,3.668142795562744,0.20795027911663055,,,,,,dqn,cartpole,dense,0.1,0.9,8,
594,11.0,11,0.050000000000000044,0.14219233393669128,3.9375319480895996,0.3950822949409485,,,,,,dqn,cartpole,dense,0.1,0.9,8,
595,13.0,13,0.050000000000000044,0.12209012359380722,3.495547294616699,0.37854504585266113,,,,,,dqn,cartpole,dense,0.1,0.9,8,
596,9.0,9,0.050000000000000044,0.10815636813640594,3.7005972862243652,0.29992741346359253,,,,,,dqn,cartpole,dense,0.1,0.9,8,
597,10.0,10,0.050000000000000044,0.11790157854557037,3.8722758293151855,0.26276928186416626,,,,,,dqn,cartpole,dense,0.1,0.9,8,
598,11.0,11,0.050000000000000044,0.18043836951255798,3.6129465103149414,0.33500605821609497,,,,,,dqn,cartpole,dense,0.1,0.9,8,
599,12.0,12,0.050000000000000044,0.09579255431890488,3.723426342010498,0.22807356715202332,,,,,,dqn,cartpole,dense,0.1,0.9,8,
600,9.0,9,0.050000000000000044,0.06709569692611694,3.790848731994629,0.2093493938446045,,,9.9,0.5385164807134504,9.9,dqn,cartpole,dense,0.1,0.9,8,
601,9.0,9,0.050000000000000044,0.034024160355329514,3.704744815826416,0.15856626629829407,,,,,,dqn,cartpole,dense,0.1,0.9,8,
602,10.0,10,0.050000000000000044,0.039204396307468414,3.525157928466797,0.2585413455963135,,,,,,dqn,cartpole,dense,0.1,0.9,8,
603,10.0,10,0.050000000000000044,0.06629350781440735,3.7993083000183105,0.1741940677165985,,,,,,dqn,cartpole,dense,0.1,0.9,8,
604,22.0,22,0.050000000000000044,0.16868597269058228,3.6591238975524902,0.3434717357158661,,,,,,dqn,cartpole,dense,0.1,0.9,8,
605,13.0,13,0.050000000000000044,0.05051261931657791,3.8131661415100098,0.14574334025382996,,,,,,dqn,cartpole,dense,0.1,0.9,8,
606,9.0,9,0.050000000000000044,0.13571980595588684,3.812654733657837,0.23244811594486237,,,,,,dqn,cartpole,dense,0.1,0.9,8,
607,10.0,10,0.050000000000000044,0.13176462054252625,3.675236225128174,0.3251567482948303,,,,,,dqn,cartpole,dense,0.1,0.9,8,
608,12.0,12,0.050000000000000044,0.05659818276762962,3.6789486408233643,0.13543234765529633,,,,,,dqn,cartpole,dense,0.1,0.9,8,
609,8.0,8,0.050000000000000044,0.11006079614162445,3.9640066623687744,0.2696375250816345,,,,,,dqn,cartpole,dense,0.1,0.9,8,
610,9.0,9,0.050000000000000044,0.10018756985664368,3.7640037536621094,0.2106190025806427,,,,,,dqn,cartpole,dense,0.1,0.9,8,
611,23.0,23,0.050000000000000044,0.1810806393623352,3.716782569885254,0.35694125294685364,,,,,,dqn,cartpole,dense,0.1,0.9,8,
612,11.0,11,0.050000000000000044,0.06432890892028809,3.5761194229125977,0.2157270312309265,,,,,,dqn,cartpole,dense,0.1,0.9,8,
613,9.0,9,0.050000000000000044,0.043785832822322845,3.481536865234375,0.27681589126586914,,,,,,dqn,cartpole,dense,0.1,0.9,8,
614,10.0,10,0.050000000000000044,0.03457131236791611,3.757753849029541,0.13175421953201294,,,,,,dqn,cartpole,dense,0.1,0.9,8,
615,9.0,9,0.050000000000000044,0.10037240386009216,3.789017677307129,0.23965612053871155,,,,,,dqn,cartpole,dense,0.1,0.9,8,
616,16.0,16,0.050000000000000044,0.09956634044647217,3.680222272872925,0.2748647928237915,,,,,,dqn,cartpole,dense,0.1,0.9,8,
617,11.0,11,0.050000000000000044,0.05359060689806938,3.784426689147949,0.13149197399616241,,,,,,dqn,cartpole,dense,0.1,0.9,8,
618,23.0,23,0.050000000000000044,0.1996682733297348,3.6485977172851562,0.3557640612125397,,,,,,dqn,cartpole,dense,0.1,0.9,8,
619,12.0,12,0.050000000000000044,0.13159222900867462,3.759119749069214,0.22851349413394928,,,,,,dqn,cartpole,dense,0.1,0.9,8,
620,24.0,24,0.050000000000000044,0.015493759885430336,3.7975411415100098,0.14708274602890015,,,,,,dqn,cartpole,dense,0.1,0.9,8,
621,23.0,23,0.050000000000000044,0.1558266133069992,3.536177158355713,0.3186890184879303,,,,,,dqn,cartpole,dense,0.1,0.9,8,
622,15.0,15,0.050000000000000044,0.15920224785804749,3.7387378215789795,0.24751989543437958,,,,,,dqn,cartpole,dense,0.1,0.9,8,
623,9.0,9,0.050000000000000044,0.12070905417203903,3.7154836654663086,0.22598692774772644,,,,,,dqn,cartpole,dense,0.1,0.9,8,
624,14.0,14,0.050000000000000044,0.06157214194536209,3.6023497581481934,0.1557525396347046,,,,,,dqn,cartpole,dense,0.1,0.9,8,
625,21.0,21,0.050000000000000044,0.04448454827070236,3.7639293670654297,0.12965618073940277,,,,,,dqn,cartpole,dense,0.1,0.9,8,
626,9.0,9,0.050000000000000044,0.014490915462374687,3.6562206745147705,0.11518731713294983,,,,,,dqn,cartpole,dense,0.1,0.9,8,
627,15.0,15,0.050000000000000044,0.16793981194496155,3.666032314300537,0.2728014290332794,,,,,,dqn,cartpole,dense,0.1,0.9,8,
628,10.0,10,0.050000000000000044,0.12556210160255432,3.7102012634277344,0.2540844976902008,,,,,,dqn,cartpole,dense,0.1,0.9,8,
629,12.0,12,0.050000000000000044,0.14453715085983276,3.6818366050720215,0.2872966229915619,,,,,,dqn,cartpole,dense,0.1,0.9,8,
630,11.0,11,0.050000000000000044,0.06693895906209946,3.69897198677063,0.15073198080062866,,,,,,dqn,cartpole,dense,0.1,0.9,8,
631,35.0,35,0.050000000000000044,0.05123375728726387,3.7379860877990723,0.18064051866531372,,,,,,dqn,cartpole,dense,0.1,0.9,8,
632,9.0,9,0.050000000000000044,0.25061243772506714,4.022050380706787,0.3917538523674011,,,,,,dqn,cartpole,dense,0.1,0.9,8,
633,16.0,16,0.050000000000000044,0.026546062901616096,3.6930532455444336,0.16366839408874512,,,,,,dqn,cartpole,dense,0.1,0.9,8,
634,10.0,10,0.050000000000000044,0.019356073811650276,3.7428083419799805,0.09857773780822754,,,,,,dqn,cartpole,dense,0.1,0.9,8,
635,10.0,10,0.050000000000000044,0.06285516917705536,3.7777929306030273,0.1673327386379242,,,,,,dqn,cartpole,dense,0.1,0.9,8,
636,9.0,9,0.050000000000000044,0.10182973742485046,3.683281421661377,0.20093274116516113,,,,,,dqn,cartpole,dense,0.1,0.9,8,
637,11.0,11,0.050000000000000044,0.10685066133737564,3.6831767559051514,0.21963313221931458,,,,,,dqn,cartpole,dense,0.1,0.9,8,
638,9.0,9,0.050000000000000044,0.05338428169488907,3.8486690521240234,0.1496707946062088,,,,,,dqn,cartpole,dense,0.1,0.9,8,
639,8.0,8,0.050000000000000044,0.14378322660923004,3.737886428833008,0.2797105014324188,,,,,,dqn,cartpole,dense,0.1,0.9,8,
640,10.0,10,0.050000000000000044,0.11404433101415634,3.4855051040649414,0.3443053960800171,,,,,,dqn,cartpole,dense,0.1,0.9,8,
641,10.0,10,0.050000000000000044,0.17175528407096863,3.859231472015381,0.28937220573425293,,,,,,dqn,cartpole,dense,0.1,0.9,8,
642,10.0,10,0.050000000000000044,0.09073111414909363,3.724271059036255,0.18416351079940796,,,,,,dqn,cartpole,dense,0.1,0.9,8,
643,10.0,10,0.050000000000000044,0.16362696886062622,3.764573097229004,0.33911871910095215,,,,,,dqn,cartpole,dense,0.1,0.9,8,
644,19.0,19,0.050000000000000044,0.0972125381231308,3.938770055770874,0.2146948277950287,,,,,,dqn,cartpole,dense,0.1,0.9,8,
645,9.0,9,0.050000000000000044,0.1095769852399826,3.598707675933838,0.251525342464447,,,,,,dqn,cartpole,dense,0.1,0.9,8,
646,12.0,12,0.050000000000000044,0.07616730779409409,3.630228042602539,0.24503454566001892,,,,,,dqn,cartpole,dense,0.1,0.9,8,
647,13.0,13,0.050000000000000044,0.16344597935676575,3.682218074798584,0.3250744640827179,,,,,,dqn,cartpole,dense,0.1,0.9,8,
648,10.0,10,0.050000000000000044,0.08234383165836334,3.692911386489868,0.23944838345050812,,,,,,dqn,cartpole,dense,0.1,0.9,8,
649,9.0,9,0.050000000000000044,0.10419932752847672,3.5240883827209473,0.27984118461608887,,,,,,dqn,cartpole,dense,0.1,0.9,8,
650,11.0,11,0.050000000000000044,0.2313050478696823,3.821112632751465,0.3767600953578949,,,9.2,0.7483314773547883,9.2,dqn,cartpole,dense,0.1,0.9,8,
651,9.0,9,0.050000000000000044,0.13248978555202484,3.7639052867889404,0.2456510066986084,,,,,,dqn,cartpole,dense,0.1,0.9,8,
652,11.0,11,0.050000000000000044,0.016290562227368355,3.700852870941162,0.13161292672157288,,,,,,dqn,cartpole,dense,0.1,0.9,8,
653,10.0,10,0.050000000000000044,0.016078654676675797,3.70660400390625,0.1439407467842102,,,,,,dqn,cartpole,dense,0.1,0.9,8,
654,9.0,9,0.050000000000000044,0.11859187483787537,3.633462429046631,0.21942299604415894,,,,,,dqn,cartpole,dense,0.1,0.9,8,
655,9.0,9,0.050000000000000044,0.06128890812397003,3.6400880813598633,0.23361513018608093,,,,,,dqn,cartpole,dense,0.1,0.9,8,
656,16.0,16,0.050000000000000044,0.07349717617034912,3.8104209899902344,0.18845602869987488,,,,,,dqn,cartpole,dense,0.1,0.9,8,
657,10.0,10,0.050000000000000044,0.054596565663814545,3.688958168029785,0.19298428297042847,,,,,,dqn,cartpole,dense,0.1,0.9,8,
658,21.0,21,0.050000000000000044,0.21557439863681793,3.7284486293792725,0.3314671218395233,,,,,,dqn,cartpole,dense,0.1,0.9,8,
659,10.0,10,0.050000000000000044,0.11977168917655945,3.7821717262268066,0.21324008703231812,,,,,,dqn,cartpole,dense,0.1,0.9,8,
660,9.0,9,0.050000000000000044,0.10061964392662048,3.7153327465057373,0.25693631172180176,,,,,,dqn,cartpole,dense,0.1,0.9,8,
661,19.0,19,0.050000000000000044,0.1479625403881073,3.712780475616455,0.26969701051712036,,,,,,dqn,cartpole,dense,0.1,0.9,8,
662,12.0,12,0.050000000000000044,0.18545591831207275,3.621272087097168,0.3109573423862457,,,,,,dqn,cartpole,dense,0.1,0.9,8,
663,12.0,12,0.050000000000000044,0.15771484375,3.539889335632324,0.2893049716949463,,,,,,dqn,cartpole,dense,0.1,0.9,8,
664,12.0,12,0.050000000000000044,0.09286651015281677,3.818392276763916,0.17579352855682373,,,,,,dqn,cartpole,dense,0.1,0.9,8,
665,8.0,8,0.050000000000000044,0.012565194629132748,3.6837339401245117,0.1230928897857666,,,,,,dqn,cartpole,dense,0.1,0.9,8,
666,11.0,11,0.050000000000000044,0.09802360087633133,3.73184871673584,0.1640211045742035,,,,,,dqn,cartpole,dense,0.1,0.9,8,
667,11.0,11,0.050000000000000044,0.060682568699121475,3.708327531814575,0.16305138170719147,,,,,,dqn,cartpole,dense,0.1,0.9,8,
668,11.0,11,0.050000000000000044,0.043247632682323456,3.7398195266723633,0.09553896635770798,,,,,,dqn,cartpole,dense,0.1,0.9,8,
669,10.0,10,0.050000000000000044,0.12199241667985916,3.9189887046813965,0.1915973722934723,,,,,,dqn,cartpole,dense,0.1,0.9,8,
670,10.0,10,0.050000000000000044,0.11320112645626068,3.6370038986206055,0.2928245961666107,,,,,,dqn,cartpole,dense,0.1,0.9,8,
671,12.0,12,0.050000000000000044,0.0807756632566452,3.5055198669433594,0.20728027820587158,,,,,,dqn,cartpole,dense,0.1,0.9,8,
672,11.0,11,0.050000000000000044,0.11710260063409805,3.9653754234313965,0.28474700450897217,,,,,,dqn,cartpole,dense,0.1,0.9,8,
673,18.0,18,0.050000000000000044,0.0970226526260376,3.576653003692627,0.30531156063079834,,,,,,dqn,cartpole,dense,0.1,0.9,8,
674,9.0,9,0.050000000000000044,0.13031578063964844,3.785116672515869,0.21980832517147064,,,,,,dqn,cartpole,dense,0.1,0.9,8,
675,12.0,12,0.050000000000000044,0.12286795675754547,3.6219162940979004,0.22153624892234802,,,,,,dqn,cartpole,dense,0.1,0.9,8,
676,11.0,11,0.050000000000000044,0.14052292704582214,3.6704797744750977,0.28824740648269653,,,,,,dqn,cartpole,dense,0.1,0.9,8,
677,16.0,16,0.050000000000000044,0.058724336326122284,3.6883413791656494,0.16106870770454407,,,,,,dqn,cartpole,dense,0.1,0.9,8,
678,11.0,11,0.050000000000000044,0.12374387681484222,3.7537589073181152,0.23637840151786804,,,,,,dqn,cartpole,dense,0.1,0.9,8,
679,19.0,19,0.050000000000000044,0.09927312284708023,3.7474098205566406,0.185573011636734,,,,,,dqn,cartpole,dense,0.1,0.9,8,
680,12.0,12,0.050000000000000044,0.01057395525276661,3.7987241744995117,0.10721481591463089,,,,,,dqn,cartpole,dense,0.1,0.9,8,
681,11.0,11,0.050000000000000044,0.04711919650435448,3.6468124389648438,0.12250807136297226,,,,,,dqn,cartpole,dense,0.1,0.9,8,
682,12.0,12,0.050000000000000044,0.12474732100963593,3.697882652282715,0.24118810892105103,,,,,,dqn,cartpole,dense,0.1,0.9,8,
683,11.0,11,0.050000000000000044,0.09546280652284622,3.6786203384399414,0.18779140710830688,,,,,,dqn,cartpole,dense,0.1,0.9,8,
684,11.0,11,0.050000000000000044,0.18836012482643127,3.782011032104492,0.30682694911956787,,,,,,dqn,cartpole,dense,0.1,0.9,8,
685,10.0,10,0.050000000000000044,0.24239303171634674,3.603001117706299,0.4416775405406952,,,,,,dqn,cartpole,dense,0.1,0.9,8,
686,9.0,9,0.050000000000000044,0.1062823235988617,3.575305938720703,0.26016688346862793,,,,,,dqn,cartpole,dense,0.1,0.9,8,
687,10.0,10,0.050000000000000044,0.13897909224033356,3.8054773807525635,0.2313736379146576,,,,,,dqn,cartpole,dense,0.1,0.9,8,
688,11.0,11,0.050000000000000044,0.13485395908355713,3.538975715637207,0.2754107713699341,,,,,,dqn,cartpole,dense,0.1,0.9,8,
689,8.0,8,0.050000000000000044,0.17445415258407593,3.767868995666504,0.2517196834087372,,,,,,dqn,cartpole,dense,0.1,0.9,8,
690,8.0,8,0.050000000000000044,0.19471687078475952,3.7904820442199707,0.28614136576652527,,,,,,dqn,cartpole,dense,0.1,0.9,8,
691,9.0,9,0.050000000000000044,0.20228639245033264,3.5844740867614746,0.38353613018989563,,,,,,dqn,cartpole,dense,0.1,0.9,8,
692,12.0,12,0.050000000000000044,0.05639951303601265,3.7042126655578613,0.1453431248664856,,,,,,dqn,cartpole,dense,0.1,0.9,8,
693,9.0,9,0.050000000000000044,0.07647286355495453,3.7697930335998535,0.24034753441810608,,,,,,dqn,cartpole,dense,0.1,0.9,8,
694,8.0,8,0.050000000000000044,0.19584794342517853,3.9188461303710938,0.2715061902999878,,,,,,dqn,cartpole,dense,0.1,0.9,8,
695,10.0,10,0.050000000000000044,0.1427275389432907,3.6098062992095947,0.37540990114212036,,,,,,dqn,cartpole,dense,0.1,0.9,8,
696,12.0,12,0.050000000000000044,0.08468873798847198,3.6911394596099854,0.20194536447525024,,,,,,dqn,cartpole,dense,0.1,0.9,8,
697,10.0,10,0.050000000000000044,0.1011558473110199,3.761094093322754,0.21336743235588074,,,,,,dqn,cartpole,dense,0.1,0.9,8,
698,10.0,10,0.050000000000000044,0.16552448272705078,3.6549174785614014,0.3163551092147827,,,,,,dqn,cartpole,dense,0.1,0.9,8,
699,9.0,9,0.050000000000000044,0.053714632987976074,3.7147040367126465,0.16976752877235413,,,,,,dqn,cartpole,dense,0.1,0.9,8,
700,9.0,9,0.050000000000000044,0.16043134033679962,3.7669143676757812,0.27583879232406616,,,9.9,0.5385164807134504,9.9,dqn,cartpole,dense,0.1,0.9,8,
701,10.0,10,0.050000000000000044,0.0796307772397995,3.5514979362487793,0.2500402331352234,,,,,,dqn,cartpole,dense,0.1,0.9,8,
702,22.0,22,0.050000000000000044,0.07325517386198044,3.833655834197998,0.2211797833442688,,,,,,dqn,cartpole,dense,0.1,0.9,8,
703,13.0,13,0.050000000000000044,0.019665304571390152,3.6866960525512695,0.18660405278205872,,,,,,dqn,cartpole,dense,0.1,0.9,8,
704,8.0,8,0.050000000000000044,0.08701187372207642,3.7331976890563965,0.22714151442050934,,,,,,dqn,cartpole,dense,0.1,0.9,8,
705,10.0,10,0.050000000000000044,0.060959167778491974,3.752767324447632,0.16755284368991852,,,,,,dqn,cartpole,dense,0.1,0.9,8,
706,10.0,10,0.050000000000000044,0.18295860290527344,3.7484867572784424,0.2822877764701843,,,,,,dqn,cartpole,dense,0.1,0.9,8,
707,13.0,13,0.050000000000000044,0.16085262596607208,3.6422362327575684,0.3352126479148865,,,,,,dqn,cartpole,dense,0.1,0.9,8,
708,9.0,9,0.050000000000000044,0.07915546000003815,3.8425800800323486,0.1596279889345169,,,,,,dqn,cartpole,dense,0.1,0.9,8,
709,10.0,10,0.050000000000000044,0.18955835700035095,3.7211365699768066,0.3114159107208252,,,,,,dqn,cartpole,dense,0.1,0.9,8,
710,25.0,25,0.050000000000000044,0.09683313220739365,3.790224075317383,0.18481093645095825,,,,,,dqn,cartpole,dense,0.1,0.9,8,
711,9.0,9,0.050000000000000044,0.129476860165596,3.6252293586730957,0.263793408870697,,,,,,dqn,cartpole,dense,0.1,0.9,8,
712,11.0,11,0.050000000000000044,0.057778533548116684,3.628406047821045,0.13730572164058685,,,,,,dqn,cartpole,dense,0.1,0.9,8,
713,12.0,12,0.050000000000000044,0.06206131726503372,3.7151148319244385,0.13016606867313385,,,,,,dqn,cartpole,dense,0.1,0.9,8,
714,17.0,17,0.050000000000000044,0.028929317370057106,3.4766876697540283,0.17829060554504395,,,,,,dqn,cartpole,dense,0.1,0.9,8,
715,10.0,10,0.050000000000000044,0.12861502170562744,3.711782932281494,0.2164040356874466,,,,,,dqn,cartpole,dense,0.1,0.9,8,
716,12.0,12,0.050000000000000044,0.16050425171852112,3.895075798034668,0.24126982688903809,,,,,,dqn,cartpole,dense,0.1,0.9,8,
717,8.0,8,0.050000000000000044,0.018384002149105072,3.5894088745117188,0.1687438189983368,,,,,,dqn,cartpole,dense,0.1,0.9,8,
718,11.0,11,0.050000000000000044,0.23795709013938904,3.798980474472046,0.3600371479988098,,,,,,dqn,cartpole,dense,0.1,0.9,8,
719,10.0,10,0.050000000000000044,0.09940463304519653,3.7378761768341064,0.21482637524604797,,,,,,dqn,cartpole,dense,0.1,0.9,8,
720,10.0,10,0.050000000000000044,0.09510718286037445,3.7305665016174316,0.17897255718708038,,,,,,dqn,cartpole,dense,0.1,0.9,8,
721,10.0,10,0.050000000000000044,0.04987109825015068,3.7743377685546875,0.12797977030277252,,,,,,dqn,cartpole,dense,0.1,0.9,8,
722,10.0,10,0.050000000000000044,0.10497760772705078,3.6464552879333496,0.22558318078517914,,,,,,dqn,cartpole,dense,0.1,0.9,8,
723,10.0,10,0.050000000000000044,0.13572178781032562,3.7819156646728516,0.22770215570926666,,,,,,dqn,cartpole,dense,0.1,0.9,8,
724,9.0,9,0.050000000000000044,0.1482972502708435,3.781338691711426,0.2528557777404785,,,,,,dqn,cartpole,dense,0.1,0.9,8,
725,18.0,18,0.050000000000000044,0.11922113597393036,3.803443431854248,0.2067246437072754,,,,,,dqn,cartpole,dense,0.1,0.9,8,
726,11.0,11,0.050000000000000044,0.04656556248664856,3.8864426612854004,0.11671468615531921,,,,,,dqn,cartpole,dense,0.1,0.9,8,
727,9.0,9,0.050000000000000044,0.15875157713890076,3.676435947418213,0.28045520186424255,,,,,,dqn,cartpole,dense,0.1,0.9,8,
728,9.0,9,0.050000000000000044,0.05750096216797829,3.723054885864258,0.21740031242370605,,,,,,dqn,cartpole,dense,0.1,0.9,8,
729,18.0,18,0.050000000000000044,0.03311379998922348,3.7560789585113525,0.15710358321666718,,,,,,dqn,cartpole,dense,0.1,0.9,8,
730,9.0,9,0.050000000000000044,0.053892143070697784,3.7451772689819336,0.16069112718105316,,,,,,dqn,cartpole,dense,0.1,0.9,8,
731,15.0,15,0.050000000000000044,0.06866484135389328,3.7817723751068115,0.17970582842826843,,,,,,dqn,cartpole,dense,0.1,0.9,8,
732,12.0,12,0.050000000000000044,0.13556943833827972,3.572524070739746,0.26971444487571716,,,,,,dqn,cartpole,dense,0.1,0.9,8,
733,8.0,8,0.050000000000000044,0.054753489792346954,3.7327775955200195,0.17341507971286774,,,,,,dqn,cartpole,dense,0.1,0.9,8,
734,14.0,14,0.050000000000000044,0.07059893012046814,3.8523263931274414,0.22226965427398682,,,,,,dqn,cartpole,dense,0.1,0.9,8,
735,9.0,9,0.050000000000000044,0.24589169025421143,3.6421823501586914,0.420404314994812,,,,,,dqn,cartpole,dense,0.1,0.9,8,
736,14.0,14,0.050000000000000044,0.05553245544433594,3.6755902767181396,0.2222350686788559,,,,,,dqn,cartpole,dense,0.1,0.9,8,
737,10.0,10,0.050000000000000044,0.057516857981681824,3.849409580230713,0.19334861636161804,,,,,,dqn,cartpole,dense,0.1,0.9,8,
738,16.0,16,0.050000000000000044,0.13543985784053802,3.544961929321289,0.30499303340911865,,,,,,dqn,cartpole,dense,0.1,0.9,8,
739,11.0,11,0.050000000000000044,0.21851608157157898,3.7755331993103027,0.31442809104919434,,,,,,dqn,cartpole,dense,0.1,0.9,8,
740,12.0,12,0.050000000000000044,0.12346052378416061,3.7642383575439453,0.25123339891433716,,,,,,dqn,cartpole,dense,0.1,0.9,8,
741,10.0,10,0.050000000000000044,0.057645224034786224,3.655641794204712,0.1623738706111908,,,,,,dqn,cartpole,dense,0.1,0.9,8,
742,8.0,8,0.050000000000000044,0.09651634842157364,3.6754822731018066,0.1826137900352478,,,,,,dqn,cartpole,dense,0.1,0.9,8,
743,8.0,8,0.050000000000000044,0.14781157672405243,3.7622742652893066,0.2320202738046646,,,,,,dqn,cartpole,dense,0.1,0.9,8,
744,18.0,18,0.050000000000000044,0.05442897230386734,3.8617899417877197,0.12297019362449646,,,,,,dqn,cartpole,dense,0.1,0.9,8,
745,8.0,8,0.050000000000000044,0.04856669530272484,3.8387951850891113,0.11011696606874466,,,,,,dqn,cartpole,dense,0.1,0.9,8,
746,9.0,9,0.050000000000000044,0.13954879343509674,3.580429792404175,0.27285802364349365,,,,,,dqn,cartpole,dense,0.1,0.9,8,
747,18.0,18,0.050000000000000044,0.05871718376874924,3.732177972793579,0.15783749520778656,,,,,,dqn,cartpole,dense,0.1,0.9,8,
748,11.0,11,0.050000000000000044,0.09759138524532318,3.641732692718506,0.22040089964866638,,,,,,dqn,cartpole,dense,0.1,0.9,8,
749,11.0,11,0.050000000000000044,0.1557895839214325,3.572434902191162,0.317554771900177,,,,,,dqn,cartpole,dense,0.1,0.9,8,
750,36.0,36,0.050000000000000044,0.1204637736082077,3.4288487434387207,0.32213008403778076,,,9.9,0.7,9.9,dqn,cartpole,dense,0.1,0.9,8,
751,9.0,9,0.050000000000000044,0.05208119750022888,3.7349464893341064,0.1384902447462082,,,,,,dqn,cartpole,dense,0.1,0.9,8,
752,14.0,14,0.050000000000000044,0.15113584697246552,3.5409657955169678,0.2961020767688751,,,,,,dqn,cartpole,dense,0.1,0.9,8,
753,22.0,22,0.050000000000000044,0.14983072876930237,3.5539896488189697,0.2885423004627228,,,,,,dqn,cartpole,dense,0.1,0.9,8,
754,16.0,16,0.050000000000000044,0.08916822820901871,3.6579818725585938,0.20737935602664948,,,,,,dqn,cartpole,dense,0.1,0.9,8,
755,11.0,11,0.050000000000000044,0.07956486195325851,3.8542721271514893,0.13761910796165466,,,,,,dqn,cartpole,dense,0.1,0.9,8,
756,17.0,17,0.050000000000000044,0.2604449391365051,4.587674617767334,0.5023107528686523,,,,,,dqn,cartpole,dense,0.1,0.9,8,
757,11.0,11,0.050000000000000044,0.14524148404598236,4.15379524230957,0.36125820875167847,,,,,,dqn,cartpole,dense,0.1,0.9,8,
758,9.0,9,0.050000000000000044,0.2299172580242157,3.9400811195373535,0.49417316913604736,,,,,,dqn,cartpole,dense,0.1,0.9,8,
759,9.0,9,0.050000000000000044,0.18674525618553162,4.54211950302124,0.3733077645301819,,,,,,dqn,cartpole,dense,0.1,0.9,8,
760,29.0,29,0.050000000000000044,0.18909955024719238,4.353096961975098,0.3235803246498108,,,,,,dqn,cartpole,dense,0.1,0.9,8,
761,10.0,10,0.050000000000000044,0.3444555401802063,4.444005966186523,0.5437732934951782,,,,,,dqn,cartpole,dense,0.1,0.9,8,
762,35.0,35,0.050000000000000044,0.12330455332994461,4.336452007293701,0.24157503247261047,,,,,,dqn,cartpole,dense,0.1,0.9,8,
763,9.0,9,0.050000000000000044,0.09297476708889008,4.294008255004883,0.3051410913467407,,,,,,dqn,cartpole,dense,0.1,0.9,8,
764,9.0,9,0.050000000000000044,0.15350598096847534,4.251850128173828,0.26495733857154846,,,,,,dqn,cartpole,dense,0.1,0.9,8,
765,12.0,12,0.050000000000000044,0.11692841351032257,4.468091011047363,0.2550356388092041,,,,,,dqn,cartpole,dense,0.1,0.9,8,
766,12.0,12,0.050000000000000044,0.0690428614616394,4.180379867553711,0.23581843078136444,,,,,,dqn,cartpole,dense,0.1,0.9,8,
767,9.0,9,0.050000000000000044,0.11705950647592545,4.393386363983154,0.19788414239883423,,,,,,dqn,cartpole,dense,0.1,0.9,8,
768,21.0,21,0.050000000000000044,0.23358067870140076,4.312483787536621,0.3456425070762634,,,,,,dqn,cartpole,dense,0.1,0.9,8,
769,9.0,9,0.050000000000000044,0.2548670768737793,4.034156799316406,0.44226622581481934,,,,,,dqn,cartpole,dense,0.1,0.9,8,
770,26.0,26,0.050000000000000044,0.0290050245821476,4.053139686584473,0.1802525520324707,,,,,,dqn,cartpole,dense,0.1,0.9,8,
771,11.0,11,0.050000000000000044,0.11162672936916351,4.174285888671875,0.2594197690486908,,,,,,dqn,cartpole,dense,0.1,0.9,8,
772,12.0,12,0.050000000000000044,0.11166848987340927,4.310333251953125,0.20793253183364868,,,,,,dqn,cartpole,dense,0.1,0.9,8,
773,27.0,27,0.050000000000000044,0.1062917411327362,4.196891784667969,0.2600257694721222,,,,,,dqn,cartpole,dense,0.1,0.9,8,
774,16.0,16,0.050000000000000044,0.2052192986011505,4.415280818939209,0.30466175079345703,,,,,,dqn,cartpole,dense,0.1,0.9,8,
775,10.0,10,0.050000000000000044,0.07655834406614304,4.217269420623779,0.18295040726661682,,,,,,dqn,cartpole,dense,0.1,0.9,8,
776,10.0,10,0.050000000000000044,0.05835435539484024,4.303963661193848,0.15561312437057495,,,,,,dqn,cartpole,dense,0.1,0.9,8,
777,10.0,10,0.050000000000000044,0.15473546087741852,4.3673858642578125,0.2794092893600464,,,,,,dqn,cartpole,dense,0.1,0.9,8,
778,11.0,11,0.050000000000000044,0.2565895915031433,3.9998722076416016,0.43703725934028625,,,,,,dqn,cartpole,dense,0.1,0.9,8,
779,10.0,10,0.050000000000000044,0.20365291833877563,4.1180572509765625,0.32921332120895386,,,,,,dqn,cartpole,dense,0.1,0.9,8,
780,35.0,35,0.050000000000000044,0.15908031165599823,4.295921325683594,0.2997266352176666,,,,,,dqn,cartpole,dense,0.1,0.9,8,
781,21.0,21,0.050000000000000044,0.16660413146018982,4.0741729736328125,0.3458772301673889,,,,,,dqn,cartpole,dense,0.1,0.9,8,
782,11.0,11,0.050000000000000044,0.07467849552631378,4.350179672241211,0.1437739133834839,,,,,,dqn,cartpole,dense,0.1,0.9,8,
783,9.0,9,0.050000000000000044,0.10997030138969421,4.500743389129639,0.2070440948009491,,,,,,dqn,cartpole,dense,0.1,0.9,8,
784,15.0,15,0.050000000000000044,0.20772407948970795,3.9477810859680176,0.43424639105796814,,,,,,dqn,cartpole,dense,0.1,0.9,8,
785,9.0,9,0.050000000000000044,0.2598750591278076,4.237144947052002,0.4317677617073059,,,,,,dqn,cartpole,dense,0.1,0.9,8,
786,11.0,11,0.050000000000000044,0.10939136147499084,4.419774055480957,0.1757671982049942,,,,,,dqn,cartpole,dense,0.1,0.9,8,
787,10.0,10,0.050000000000000044,0.1777164787054062,4.033393859863281,0.35311219096183777,,,,,,dqn,cartpole,dense,0.1,0.9,8,
788,12.0,12,0.050000000000000044,0.15747523307800293,4.169806480407715,0.3042992949485779,,,,,,dqn,cartpole,dense,0.1,0.9,8,
789,14.0,14,0.050000000000000044,0.07236844301223755,4.373231887817383,0.1670636087656021,,,,,,dqn,cartpole,dense,0.1,0.9,8,
790,8.0,8,0.050000000000000044,0.10916537046432495,4.222393035888672,0.26715588569641113,,,,,,dqn,cartpole,dense,0.1,0.9,8,
791,9.0,9,0.050000000000000044,0.3364541828632355,4.1568498611450195,0.5274731516838074,,,,,,dqn,cartpole,dense,0.1,0.9,8,
792,9.0,9,0.050000000000000044,0.015509696677327156,4.370391845703125,0.14947669208049774,,,,,,dqn,cartpole,dense,0.1,0.9,8,
793,10.0,10,0.050000000000000044,0.21027496457099915,4.399142742156982,0.3268168270587921,,,,,,dqn,cartpole,dense,0.1,0.9,8,
794,9.0,9,0.050000000000000044,0.26502496004104614,4.267813682556152,0.4028874337673187,,,,,,dqn,cartpole,dense,0.1,0.9,8,
795,11.0,11,0.050000000000000044,0.16497312486171722,4.328330039978027,0.3130001127719879,,,,,,dqn,cartpole,dense,0.1,0.9,8,
796,12.0,12,0.050000000000000044,0.07417865097522736,4.299237251281738,0.13319173455238342,,,,,,dqn,cartpole,dense,0.1,0.9,8,
797,10.0,10,0.050000000000000044,0.07173452526330948,4.2878522872924805,0.17007039487361908,,,,,,dqn,cartpole,dense,0.1,0.9,8,
798,10.0,10,0.050000000000000044,0.27987533807754517,4.227376937866211,0.42171066999435425,,,,,,dqn,cartpole,dense,0.1,0.9,8,
799,10.0,10,0.050000000000000044,0.09264007210731506,4.0503740310668945,0.25289008021354675,,,,,,dqn,cartpole,dense,0.1,0.9,8,
800,17.0,17,0.050000000000000044,0.21211478114128113,4.214412689208984,0.3353373408317566,,,9.9,0.5385164807134504,9.9,dqn,cartpole,dense,0.1,0.9,8,
801,10.0,10,0.050000000000000044,0.13053452968597412,4.286030292510986,0.2953571677207947,,,,,,dqn,cartpole,dense,0.1,0.9,8,
802,11.0,11,0.050000000000000044,0.12035588920116425,4.368677139282227,0.21487334370613098,,,,,,dqn,cartpole,dense,0.1,0.9,8,
803,17.0,17,0.050000000000000044,0.036010533571243286,4.0618486404418945,0.20354749262332916,,,,,,dqn,cartpole,dense,0.1,0.9,8,
804,11.0,11,0.050000000000000044,0.19377757608890533,4.366476058959961,0.3040628135204315,,,,,,dqn,cartpole,dense,0.1,0.9,8,
805,9.0,9,0.050000000000000044,0.11589547991752625,4.34000301361084,0.21542325615882874,,,,,,dqn,cartpole,dense,0.1,0.9,8,
806,10.0,10,0.050000000000000044,0.15928153693675995,4.366533279418945,0.27325958013534546,,,,,,dqn,cartpole,dense,0.1,0.9,8,
807,11.0,11,0.050000000000000044,0.05068434029817581,4.508268356323242,0.08636364340782166,,,,,,dqn,cartpole,dense,0.1,0.9,8,
808,9.0,9,0.050000000000000044,0.12849995493888855,4.306936264038086,0.19173020124435425,,,,,,dqn,cartpole,dense,0.1,0.9,8,
809,26.0,26,0.050000000000000044,0.15937203168869019,4.304107666015625,0.2710789442062378,,,,,,dqn,cartpole,dense,0.1,0.9,8,
810,11.0,11,0.050000000000000044,0.20000092685222626,4.282127857208252,0.3316103518009186,,,,,,dqn,cartpole,dense,0.1,0.9,8,
811,9.0,9,0.050000000000000044,0.18237903714179993,4.1766133308410645,0.3282404839992523,,,,,,dqn,cartpole,dense,0.1,0.9,8,
812,9.0,9,0.050000000000000044,0.11585476994514465,4.251126289367676,0.21541017293930054,,,,,,dqn,cartpole,dense,0.1,0.9,8,
813,13.0,13,0.050000000000000044,0.21035534143447876,4.392933368682861,0.3201165199279785,,,,,,dqn,cartpole,dense,0.1,0.9,8,
814,34.0,34,0.050000000000000044,0.10671854019165039,4.314474105834961,0.19568689167499542,,,,,,dqn,cartpole,dense,0.1,0.9,8,
815,10.0,10,0.050000000000000044,0.06370430439710617,4.273190498352051,0.1852189302444458,,,,,,dqn,cartpole,dense,0.1,0.9,8,
816,10.0,10,0.050000000000000044,0.017485011368989944,4.4369049072265625,0.0662689134478569,,,,,,dqn,cartpole,dense,0.1,0.9,8,
817,16.0,16,0.050000000000000044,0.07307343184947968,4.190695285797119,0.19145089387893677,,,,,,dqn,cartpole,dense,0.1,0.9,8,
818,8.0,8,0.050000000000000044,0.008061369881033897,4.421562194824219,0.062250226736068726,,,,,,dqn,cartpole,dense,0.1,0.9,8,
819,9.0,9,0.050000000000000044,0.12502099573612213,4.532144546508789,0.2321767807006836,,,,,,dqn,cartpole,dense,0.1,0.9,8,
820,13.0,13,0.050000000000000044,0.1645597368478775,4.158708572387695,0.3769713342189789,,,,,,dqn,cartpole,dense,0.1,0.9,8,
821,19.0,19,0.050000000000000044,0.09164746850728989,4.308642864227295,0.24908402562141418,,,,,,dqn,cartpole,dense,0.1,0.9,8,
822,9.0,9,0.050000000000000044,0.24430325627326965,4.166333198547363,0.3725323975086212,,,,,,dqn,cartpole,dense,0.1,0.9,8,
823,9.0,9,0.050000000000000044,0.07828933000564575,4.148914337158203,0.2662435472011566,,,,,,dqn,cartpole,dense,0.1,0.9,8,
824,10.0,10,0.050000000000000044,0.016537826508283615,4.276938438415527,0.09583001583814621,,,,,,dqn,cartpole,dense,0.1,0.9,8,
825,10.0,10,0.050000000000000044,0.3550908863544464,4.2687811851501465,0.5283508896827698,,,,,,dqn,cartpole,dense,0.1,0.9,8,
826,11.0,11,0.050000000000000044,0.0751955509185791,4.131932735443115,0.2359103560447693,,,,,,dqn,cartpole,dense,0.1,0.9,8,
827,34.0,34,0.050000000000000044,0.05681829899549484,4.352289199829102,0.1422887146472931,,,,,,dqn,cartpole,dense,0.1,0.9,8,
828,9.0,9,0.050000000000000044,0.15063369274139404,4.380545139312744,0.22020700573921204,,,,,,dqn,cartpole,dense,0.1,0.9,8,
829,11.0,11,0.050000000000000044,0.1424356997013092,4.168715476989746,0.3453480899333954,,,,,,dqn,cartpole,dense,0.1,0.9,8,
830,12.0,12,0.050000000000000044,0.0727854073047638,4.363168239593506,0.1630786657333374,,,,,,dqn,cartpole,dense,0.1,0.9,8,
831,11.0,11,0.050000000000000044,0.11748871207237244,4.4108991622924805,0.20781348645687103,,,,,,dqn,cartpole,dense,0.1,0.9,8,
832,20.0,20,0.050000000000000044,0.20905232429504395,4.518319129943848,0.34868359565734863,,,,,,dqn,cartpole,dense,0.1,0.9,8,
833,9.0,9,0.050000000000000044,0.16236922144889832,4.300380229949951,0.2841738760471344,,,,,,dqn,cartpole,dense,0.1,0.9,8,
834,10.0,10,0.050000000000000044,0.06655866652727127,4.313653945922852,0.23577658832073212,,,,,,dqn,cartpole,dense,0.1,0.9,8,
835,11.0,11,0.050000000000000044,0.07690920680761337,4.224967956542969,0.15692175924777985,,,,,,dqn,cartpole,dense,0.1,0.9,8,
836,9.0,9,0.050000000000000044,0.20933005213737488,4.470091819763184,0.3434743583202362,,,,,,dqn,cartpole,dense,0.1,0.9,8,
837,40.0,40,0.050000000000000044,0.2441520094871521,4.281043529510498,0.3711453974246979,,,,,,dqn,cartpole,dense,0.1,0.9,8,
838,27.0,27,0.050000000000000044,0.0641932561993599,4.286518096923828,0.15567851066589355,,,,,,dqn,cartpole,dense,0.1,0.9,8,
839,10.0,10,0.050000000000000044,0.0779728889465332,4.166759014129639,0.1703004688024521,,,,,,dqn,cartpole,dense,0.1,0.9,8,
840,12.0,12,0.050000000000000044,0.10184445977210999,4.250949382781982,0.17999553680419922,,,,,,dqn,cartpole,dense,0.1,0.9,8,
841,23.0,23,0.050000000000000044,0.22895312309265137,4.4067277908325195,0.3593541979789734,,,,,,dqn,cartpole,dense,0.1,0.9,8,
842,9.0,9,0.050000000000000044,0.15982510149478912,4.259467124938965,0.3757513761520386,,,,,,dqn,cartpole,dense,0.1,0.9,8,
843,9.0,9,0.050000000000000044,0.2452823519706726,4.288814544677734,0.4234267771244049,,,,,,dqn,cartpole,dense,0.1,0.9,8,
844,20.0,20,0.050000000000000044,0.16725027561187744,4.257675647735596,0.2607867121696472,,,,,,dqn,cartpole,dense,0.1,0.9,8,
845,12.0,12,0.050000000000000044,0.17611637711524963,4.18745756149292,0.3294638991355896,,,,,,dqn,cartpole,dense,0.1,0.9,8,
846,11.0,11,0.050000000000000044,0.1808922290802002,4.45570707321167,0.27014705538749695,,,,,,dqn,cartpole,dense,0.1,0.9,8,
847,25.0,25,0.050000000000000044,0.1976778656244278,4.061648368835449,0.36312997341156006,,,,,,dqn,cartpole,dense,0.1,0.9,8,
848,9.0,9,0.050000000000000044,0.16144007444381714,4.38347053527832,0.2644801437854767,,,,,,dqn,cartpole,dense,0.1,0.9,8,
849,32.0,32,0.050000000000000044,0.14387668669223785,4.455915451049805,0.24648354947566986,,,,,,dqn,cartpole,dense,0.1,0.9,8,
850,10.0,10,0.050000000000000044,0.27046918869018555,4.228174209594727,0.4090394079685211,,,26.1,22.438582842951558,26.1,dqn,cartpole,dense,0.1,0.9,8,
851,10.0,10,0.050000000000000044,0.10849831998348236,4.14627742767334,0.3614721894264221,,,,,,dqn,cartpole,dense,0.1,0.9,8,
852,9.0,9,0.050000000000000044,0.11919530481100082,4.325872898101807,0.23380477726459503,,,,,,dqn,cartpole,dense,0.1,0.9,8,
853,15.0,15,0.050000000000000044,0.12651440501213074,4.227147579193115,0.24366217851638794,,,,,,dqn,cartpole,dense,0.1,0.9,8,
854,45.0,45,0.050000000000000044,0.1261315792798996,4.241743087768555,0.24995198845863342,,,,,,dqn,cartpole,dense,0.1,0.9,8,
855,15.0,15,0.050000000000000044,0.07932177186012268,4.252023696899414,0.21954050660133362,,,,,,dqn,cartpole,dense,0.1,0.9,8,
856,25.0,25,0.050000000000000044,0.07816674560308456,4.268444061279297,0.1855960190296173,,,,,,dqn,cartpole,dense,0.1,0.9,8,
857,8.0,8,0.050000000000000044,0.28265631198883057,4.30354118347168,0.4249366521835327,,,,,,dqn,cartpole,dense,0.1,0.9,8,
858,9.0,9,0.050000000000000044,0.12831956148147583,4.299722671508789,0.2176886796951294,,,,,,dqn,cartpole,dense,0.1,0.9,8,
859,12.0,12,0.050000000000000044,0.08337066322565079,4.1436381340026855,0.18858909606933594,,,,,,dqn,cartpole,dense,0.1,0.9,8,
860,9.0,9,0.050000000000000044,0.12330479919910431,4.233404159545898,0.31853342056274414,,,,,,dqn,cartpole,dense,0.1,0.9,8,
861,10.0,10,0.050000000000000044,0.2308303415775299,4.40460205078125,0.37249085307121277,,,,,,dqn,cartpole,dense,0.1,0.9,8,
862,14.0,14,0.050000000000000044,0.21333973109722137,4.4707136154174805,0.3459596037864685,,,,,,dqn,cartpole,dense,0.1,0.9,8,
863,10.0,10,0.050000000000000044,0.2293018400669098,4.168260097503662,0.3877551555633545,,,,,,dqn,cartpole,dense,0.1,0.9,8,
864,13.0,13,0.050000000000000044,0.15257860720157623,4.372603416442871,0.2613797187805176,,,,,,dqn,cartpole,dense,0.1,0.9,8,
865,10.0,10,0.050000000000000044,0.06583110243082047,4.215516090393066,0.16416601836681366,,,,,,dqn,cartpole,dense,0.1,0.9,8,
866,13.0,13,0.050000000000000044,0.16838833689689636,4.124228000640869,0.30780813097953796,,,,,,dqn,cartpole,dense,0.1,0.9,8,
867,8.0,8,0.050000000000000044,0.08080058544874191,4.200721740722656,0.1870591938495636,,,,,,dqn,cartpole,dense,0.1,0.9,8,
868,11.0,11,0.050000000000000044,0.29406604170799255,3.923926830291748,0.37129634618759155,,,,,,dqn,cartpole,dense,0.1,0.9,8,
869,17.0,17,0.050000000000000044,0.07632219791412354,4.14854621887207,0.22263173758983612,,,,,,dqn,cartpole,dense,0.1,0.9,8,
870,10.0,10,0.050000000000000044,0.07235255837440491,4.294473648071289,0.1599264144897461,,,,,,dqn,cartpole,dense,0.1,0.9,8,
871,18.0,18,0.050000000000000044,0.161502867937088,4.411909103393555,0.24150946736335754,,,,,,dqn,cartpole,dense,0.1,0.9,8,
872,12.0,12,0.050000000000000044,0.17844699323177338,4.2048420906066895,0.325114369392395,,,,,,dqn,cartpole,dense,0.1,0.9,8,
873,9.0,9,0.050000000000000044,0.15956760942935944,4.276439666748047,0.29625123739242554,,,,,,dqn,cartpole,dense,0.1,0.9,8,
874,18.0,18,0.050000000000000044,0.034932348877191544,4.185459136962891,0.15208102762699127,,,,,,dqn,cartpole,dense,0.1,0.9,8,
875,12.0,12,0.050000000000000044,0.1320558339357376,4.160229682922363,0.2476423978805542,,,,,,dqn,cartpole,dense,0.1,0.9,8,
876,9.0,9,0.050000000000000044,0.14474467933177948,4.236326217651367,0.2583925426006317,,,,,,dqn,cartpole,dense,0.1,0.9,8,
877,38.0,38,0.050000000000000044,0.20446979999542236,4.450923442840576,0.3213227391242981,,,,,,dqn,cartpole,dense,0.1,0.9,8,
878,9.0,9,0.050000000000000044,0.02980894222855568,4.284369468688965,0.1152259111404419,,,,,,dqn,cartpole,dense,0.1,0.9,8,
879,10.0,10,0.050000000000000044,0.17969910800457,4.440825462341309,0.2865541875362396,,,,,,dqn,cartpole,dense,0.1,0.9,8,
880,21.0,21,0.050000000000000044,0.011683914810419083,4.220058441162109,0.10486704111099243,,,,,,dqn,cartpole,dense,0.1,0.9,8,
881,9.0,9,0.050000000000000044,0.10424766689538956,4.318978309631348,0.18146614730358124,,,,,,dqn,cartpole,dense,0.1,0.9,8,
882,11.0,11,0.050000000000000044,0.022547919303178787,4.164583683013916,0.14670440554618835,,,,,,dqn,cartpole,dense,0.1,0.9,8,
883,11.0,11,0.050000000000000044,0.11595981568098068,4.225766181945801,0.1985684484243393,,,,,,dqn,cartpole,dense,0.1,0.9,8,
884,10.0,10,0.050000000000000044,0.10787265747785568,4.258662223815918,0.2383234202861786,,,,,,dqn,cartpole,dense,0.1,0.9,8,
885,11.0,11,0.050000000000000044,0.02269476279616356,4.32753324508667,0.1494731307029724,,,,,,dqn,cartpole,dense,0.1,0.9,8,
886,20.0,20,0.050000000000000044,0.12276661396026611,4.396547317504883,0.21194836497306824,,,,,,dqn,cartpole,dense,0.1,0.9,8,
887,9.0,9,0.050000000000000044,0.35879451036453247,4.11304235458374,0.5602709650993347,,,,,,dqn,cartpole,dense,0.1,0.9,8,
888,9.0,9,0.050000000000000044,0.12728717923164368,4.268664836883545,0.25761374831199646,,,,,,dqn,cartpole,dense,0.1,0.9,8,
889,8.0,8,0.050000000000000044,0.10821926593780518,4.432171821594238,0.2041412889957428,,,,,,dqn,cartpole,dense,0.1,0.9,8,
890,10.0,10,0.050000000000000044,0.06105897203087807,4.275684356689453,0.20359086990356445,,,,,,dqn,cartpole,dense,0.1,0.9,8,
891,11.0,11,0.050000000000000044,0.2030138373374939,4.209275245666504,0.3482035994529724,,,,,,dqn,cartpole,dense,0.1,0.9,8,
892,12.0,12,0.050000000000000044,0.07034411281347275,4.348381042480469,0.1454685628414154,,,,,,dqn,cartpole,dense,0.1,0.9,8,
893,10.0,10,0.050000000000000044,0.10613091289997101,4.338438987731934,0.1823248565196991,,,,,,dqn,cartpole,dense,0.1,0.9,8,
894,9.0,9,0.050000000000000044,0.008722811937332153,4.325957298278809,0.09048528969287872,,,,,,dqn,cartpole,dense,0.1,0.9,8,
895,13.0,13,0.050000000000000044,0.1652499884366989,4.421648025512695,0.23993223905563354,,,,,,dqn,cartpole,dense,0.1,0.9,8,
896,10.0,10,0.050000000000000044,0.22161464393138885,4.249386787414551,0.3748355209827423,,,,,,dqn,cartpole,dense,0.1,0.9,8,
897,12.0,12,0.050000000000000044,0.2598452866077423,4.349989891052246,0.3684089183807373,,,,,,dqn,cartpole,dense,0.1,0.9,8,
898,15.0,15,0.050000000000000044,0.15168118476867676,4.390388488769531,0.24433287978172302,,,,,,dqn,cartpole,dense,0.1,0.9,8,
899,18.0,18,0.050000000000000044,0.10721281170845032,4.288981914520264,0.23427733778953552,,,,,,dqn,cartpole,dense,0.1,0.9,8,
900,10.0,10,0.050000000000000044,0.0781342163681984,4.232616901397705,0.20752136409282684,,,9.9,0.5385164807134504,9.9,dqn,cartpole,dense,0.1,0.9,8,
901,18.0,18,0.050000000000000044,0.2546212673187256,4.321817398071289,0.3691626787185669,,,,,,dqn,cartpole,dense,0.1,0.9,8,
902,23.0,23,0.050000000000000044,0.10009901970624924,4.879831314086914,0.2928755283355713,,,,,,dqn,cartpole,dense,0.1,0.9,8,
903,9.0,9,0.050000000000000044,0.2658875584602356,5.123660087585449,0.5241209268569946,,,,,,dqn,cartpole,dense,0.1,0.9,8,
904,34.0,34,0.050000000000000044,0.15997645258903503,4.5664472579956055,0.28425586223602295,,,,,,dqn,cartpole,dense,0.1,0.9,8,
905,9.0,9,0.050000000000000044,0.3583166003227234,4.386674880981445,0.6613155603408813,,,,,,dqn,cartpole,dense,0.1,0.9,8,
906,12.0,12,0.050000000000000044,0.08077771961688995,4.685864448547363,0.14985910058021545,,,,,,dqn,cartpole,dense,0.1,0.9,8,
907,32.0,32,0.050000000000000044,0.21435999870300293,4.632993221282959,0.3752027451992035,,,,,,dqn,cartpole,dense,0.1,0.9,8,
908,30.0,30,0.050000000000000044,0.14243122935295105,4.706756114959717,0.25227195024490356,,,,,,dqn,cartpole,dense,0.1,0.9,8,
909,10.0,10,0.050000000000000044,0.07999974489212036,4.642590522766113,0.2178967446088791,,,,,,dqn,cartpole,dense,0.1,0.9,8,
910,13.0,13,0.050000000000000044,0.018740788102149963,4.629940986633301,0.1607954204082489,,,,,,dqn,cartpole,dense,0.1,0.9,8,
911,17.0,17,0.050000000000000044,0.2107115536928177,4.499761581420898,0.33549726009368896,,,,,,dqn,cartpole,dense,0.1,0.9,8,
912,10.0,10,0.050000000000000044,0.13082726299762726,4.870027542114258,0.2580559253692627,,,,,,dqn,cartpole,dense,0.1,0.9,8,
913,10.0,10,0.050000000000000044,0.37927186489105225,4.620140075683594,0.5979017019271851,,,,,,dqn,cartpole,dense,0.1,0.9,8,
914,41.0,41,0.050000000000000044,0.16687268018722534,4.759184837341309,0.30548200011253357,,,,,,dqn,cartpole,dense,0.1,0.9,8,
915,9.0,9,0.050000000000000044,0.4062449336051941,4.784063816070557,0.5451078414916992,,,,,,dqn,cartpole,dense,0.1,0.9,8,
916,9.0,9,0.050000000000000044,0.2417663335800171,4.741601943969727,0.4714658856391907,,,,,,dqn,cartpole,dense,0.1,0.9,8,
917,19.0,19,0.050000000000000044,0.39924752712249756,4.675108432769775,0.5807680487632751,,,,,,dqn,cartpole,dense,0.1,0.9,8,
918,9.0,9,0.050000000000000044,0.19324442744255066,4.937838554382324,0.3291437029838562,,,,,,dqn,cartpole,dense,0.1,0.9,8,
919,13.0,13,0.050000000000000044,0.18035170435905457,4.907297134399414,0.3099210262298584,,,,,,dqn,cartpole,dense,0.1,0.9,8,
920,24.0,24,0.050000000000000044,0.29699113965034485,4.937685012817383,0.4272126853466034,,,,,,dqn,cartpole,dense,0.1,0.9,8,
921,10.0,10,0.050000000000000044,0.1817125529050827,4.860448360443115,0.2860317826271057,,,,,,dqn,cartpole,dense,0.1,0.9,8,
922,11.0,11,0.050000000000000044,0.2984343469142914,4.611127853393555,0.4538734555244446,,,,,,dqn,cartpole,dense,0.1,0.9,8,
923,18.0,18,0.050000000000000044,0.12628979980945587,4.576713562011719,0.22124700248241425,,,,,,dqn,cartpole,dense,0.1,0.9,8,
924,34.0,34,0.050000000000000044,0.023625874891877174,4.856493949890137,0.13707533478736877,,,,,,dqn,cartpole,dense,0.1,0.9,8,
925,10.0,10,0.050000000000000044,0.08958782255649567,4.639447212219238,0.184091255068779,,,,,,dqn,cartpole,dense,0.1,0.9,8,
926,10.0,10,0.050000000000000044,0.0690627321600914,4.728156089782715,0.2241833508014679,,,,,,dqn,cartpole,dense,0.1,0.9,8,
927,29.0,29,0.050000000000000044,0.19048449397087097,4.642671585083008,0.3141521215438843,,,,,,dqn,cartpole,dense,0.1,0.9,8,
928,10.0,10,0.050000000000000044,0.24105192720890045,4.556144714355469,0.39207902550697327,,,,,,dqn,cartpole,dense,0.1,0.9,8,
929,10.0,10,0.050000000000000044,0.0980762168765068,4.838078022003174,0.18680013716220856,,,,,,dqn,cartpole,dense,0.1,0.9,8,
930,9.0,9,0.050000000000000044,0.24274735152721405,4.565773963928223,0.3841743767261505,,,,,,dqn,cartpole,dense,0.1,0.9,8,
931,8.0,8,0.050000000000000044,0.033442191779613495,4.565019607543945,0.14597724378108978,,,,,,dqn,cartpole,dense,0.1,0.9,8,
932,10.0,10,0.050000000000000044,0.30906227231025696,4.662984848022461,0.4298989772796631,,,,,,dqn,cartpole,dense,0.1,0.9,8,
933,8.0,8,0.050000000000000044,0.21070903539657593,4.675929069519043,0.3152695298194885,,,,,,dqn,cartpole,dense,0.1,0.9,8,
934,10.0,10,0.050000000000000044,0.1310301125049591,4.646803379058838,0.2540445327758789,,,,,,dqn,cartpole,dense,0.1,0.9,8,
935,11.0,11,0.050000000000000044,0.08055871725082397,4.60048770904541,0.18363559246063232,,,,,,dqn,cartpole,dense,0.1,0.9,8,
936,26.0,26,0.050000000000000044,0.15737634897232056,4.637950897216797,0.35413748025894165,,,,,,dqn,cartpole,dense,0.1,0.9,8,
937,23.0,23,0.050000000000000044,0.06338728219270706,4.986494064331055,0.1542125642299652,,,,,,dqn,cartpole,dense,0.1,0.9,8,
938,12.0,12,0.050000000000000044,0.13218483328819275,4.659584045410156,0.29222577810287476,,,,,,dqn,cartpole,dense,0.1,0.9,8,
939,9.0,9,0.050000000000000044,0.20944881439208984,4.471652984619141,0.36135560274124146,,,,,,dqn,cartpole,dense,0.1,0.9,8,
940,10.0,10,0.050000000000000044,0.18210598826408386,4.73635721206665,0.2786862552165985,,,,,,dqn,cartpole,dense,0.1,0.9,8,
941,27.0,27,0.050000000000000044,0.07855093479156494,4.72842264175415,0.1681494116783142,,,,,,dqn,cartpole,dense,0.1,0.9,8,
942,9.0,9,0.050000000000000044,0.23309430480003357,4.919137001037598,0.3031277656555176,,,,,,dqn,cartpole,dense,0.1,0.9,8,
943,30.0,30,0.050000000000000044,0.13362595438957214,4.565994739532471,0.2686692178249359,,,,,,dqn,cartpole,dense,0.1,0.9,8,
944,9.0,9,0.050000000000000044,0.0169663168489933,4.657211780548096,0.13022294640541077,,,,,,dqn,cartpole,dense,0.1,0.9,8,
945,16.0,16,0.050000000000000044,0.337522029876709,4.596855640411377,0.5269429683685303,,,,,,dqn,cartpole,dense,0.1,0.9,8,
946,8.0,8,0.050000000000000044,0.10718895494937897,4.708341598510742,0.24255011975765228,,,,,,dqn,cartpole,dense,0.1,0.9,8,
947,9.0,9,0.050000000000000044,0.28329408168792725,4.857476711273193,0.38836872577667236,,,,,,dqn,cartpole,dense,0.1,0.9,8,
948,9.0,9,0.050000000000000044,0.08736822009086609,4.6713457107543945,0.1700052171945572,,,,,,dqn,cartpole,dense,0.1,0.9,8,
949,10.0,10,0.050000000000000044,0.2103901356458664,4.634819507598877,0.3098931908607483,,,,,,dqn,cartpole,dense,0.1,0.9,8,
950,10.0,10,0.050000000000000044,0.1817028671503067,4.5748138427734375,0.3582470417022705,,,9.9,0.5385164807134504,9.9,dqn,cartpole,dense,0.1,0.9,8,
951,11.0,11,0.050000000000000044,0.3952968716621399,4.540351867675781,0.5896908044815063,,,,,,dqn,cartpole,dense,0.1,0.9,8,
952,10.0,10,0.050000000000000044,0.21143096685409546,4.892271041870117,0.2935813069343567,,,,,,dqn,cartpole,dense,0.1,0.9,8,
953,45.0,45,0.050000000000000044,0.17797014117240906,4.656473159790039,0.33125466108322144,,,,,,dqn,cartpole,dense,0.1,0.9,8,
954,10.0,10,0.050000000000000044,0.294751912355423,4.621408462524414,0.4884859323501587,,,,,,dqn,cartpole,dense,0.1,0.9,8,
955,33.0,33,0.050000000000000044,0.022935332730412483,4.619858741760254,0.1598023772239685,,,,,,dqn,cartpole,dense,0.1,0.9,8,
956,8.0,8,0.050000000000000044,0.19004257023334503,4.77152156829834,0.28189289569854736,,,,,,dqn,cartpole,dense,0.1,0.9,8,
957,26.0,26,0.050000000000000044,0.38396593928337097,4.680061340332031,0.5476386547088623,,,,,,dqn,cartpole,dense,0.1,0.9,8,
958,9.0,9,0.050000000000000044,0.10323505848646164,4.542697429656982,0.22814661264419556,,,,,,dqn,cartpole,dense,0.1,0.9,8,
959,9.0,9,0.050000000000000044,0.026875728741288185,4.671563148498535,0.14206041395664215,,,,,,dqn,cartpole,dense,0.1,0.9,8,
960,9.0,9,0.050000000000000044,0.14333410561084747,4.59169864654541,0.31472212076187134,,,,,,dqn,cartpole,dense,0.1,0.9,8,
961,10.0,10,0.050000000000000044,0.12503933906555176,4.661861419677734,0.2563685178756714,,,,,,dqn,cartpole,dense,0.1,0.9,8,
962,9.0,9,0.050000000000000044,0.0633283406496048,4.810267448425293,0.13572154939174652,,,,,,dqn,cartpole,dense,0.1,0.9,8,
963,9.0,9,0.050000000000000044,0.23775824904441833,4.810917854309082,0.3508949875831604,,,,,,dqn,cartpole,dense,0.1,0.9,8,
964,10.0,10,0.050000000000000044,0.22353185713291168,4.760663032531738,0.3915189802646637,,,,,,dqn,cartpole,dense,0.1,0.9,8,
965,9.0,9,0.050000000000000044,0.17776097357273102,4.769510269165039,0.2788618803024292,,,,,,dqn,cartpole,dense,0.1,0.9,8,
966,10.0,10,0.050000000000000044,0.29962587356567383,4.7001190185546875,0.4127291440963745,,,,,,dqn,cartpole,dense,0.1,0.9,8,
967,12.0,12,0.050000000000000044,0.06752829253673553,4.6964521408081055,0.1939965784549713,,,,,,dqn,cartpole,dense,0.1,0.9,8,
968,13.0,13,0.050000000000000044,0.203755185008049,4.5594258308410645,0.33746665716171265,,,,,,dqn,cartpole,dense,0.1,0.9,8,
969,13.0,13,0.050000000000000044,0.1913253217935562,4.68150520324707,0.3085138201713562,,,,,,dqn,cartpole,dense,0.1,0.9,8,
970,10.0,10,0.050000000000000044,0.019372710958123207,4.672512054443359,0.13353322446346283,,,,,,dqn,cartpole,dense,0.1,0.9,8,
971,8.0,8,0.050000000000000044,0.19488553702831268,4.677630424499512,0.3227890133857727,,,,,,dqn,cartpole,dense,0.1,0.9,8,
972,10.0,10,0.050000000000000044,0.27298134565353394,4.5904951095581055,0.4164144992828369,,,,,,dqn,cartpole,dense,0.1,0.9,8,
973,41.0,41,0.050000000000000044,0.25900357961654663,4.502584934234619,0.40018323063850403,,,,,,dqn,cartpole,dense,0.1,0.9,8,
974,31.0,31,0.050000000000000044,0.30040931701660156,4.912598609924316,0.4642961025238037,,,,,,dqn,cartpole,dense,0.1,0.9,8,
975,10.0,10,0.050000000000000044,0.14925336837768555,4.738983154296875,0.25403130054473877,,,,,,dqn,cartpole,dense,0.1,0.9,8,
976,16.0,16,0.050000000000000044,0.2339935004711151,4.687191963195801,0.37422481179237366,,,,,,dqn,cartpole,dense,0.1,0.9,8,
977,25.0,25,0.050000000000000044,0.19509311020374298,4.703634262084961,0.33546245098114014,,,,,,dqn,cartpole,dense,0.1,0.9,8,
978,30.0,30,0.050000000000000044,0.29457247257232666,4.796672344207764,0.45217573642730713,,,,,,dqn,cartpole,dense,0.1,0.9,8,
979,9.0,9,0.050000000000000044,0.12402942031621933,4.653609752655029,0.24069342017173767,,,,,,dqn,cartpole,dense,0.1,0.9,8,
980,35.0,35,0.050000000000000044,0.2168077826499939,4.61055850982666,0.3440433740615845,,,,,,dqn,cartpole,dense,0.1,0.9,8,
981,9.0,9,0.050000000000000044,0.2680765390396118,4.660238265991211,0.37534236907958984,,,,,,dqn,cartpole,dense,0.1,0.9,8,
982,11.0,11,0.050000000000000044,0.12120553106069565,4.839057922363281,0.255851149559021,,,,,,dqn,cartpole,dense,0.1,0.9,8,
983,9.0,9,0.050000000000000044,0.13501876592636108,4.696003437042236,0.2406691312789917,,,,,,dqn,cartpole,dense,0.1,0.9,8,
984,9.0,9,0.050000000000000044,0.3746678829193115,4.695741653442383,0.5280723571777344,,,,,,dqn,cartpole,dense,0.1,0.9,8,
985,13.0,13,0.050000000000000044,0.12546153366565704,4.757299423217773,0.2558843493461609,,,,,,dqn,cartpole,dense,0.1,0.9,8,
986,28.0,28,0.050000000000000044,0.07433909922838211,4.517315864562988,0.2092837393283844,,,,,,dqn,cartpole,dense,0.1,0.9,8,
987,9.0,9,0.050000000000000044,0.18102456629276276,4.415750503540039,0.3304136395454407,,,,,,dqn,cartpole,dense,0.1,0.9,8,
988,12.0,12,0.050000000000000044,0.15773746371269226,4.598873138427734,0.29042941331863403,,,,,,dqn,cartpole,dense,0.1,0.9,8,
989,30.0,30,0.050000000000000044,0.11626413464546204,4.920501708984375,0.24531836807727814,,,,,,dqn,cartpole,dense,0.1,0.9,8,
990,28.0,28,0.050000000000000044,0.2160494029521942,4.828516960144043,0.3306165635585785,,,,,,dqn,cartpole,dense,0.1,0.9,8,
991,9.0,9,0.050000000000000044,0.15526916086673737,4.573493480682373,0.3436579704284668,,,,,,dqn,cartpole,dense,0.1,0.9,8,
992,27.0,27,0.050000000000000044,0.08874768018722534,4.736422538757324,0.24110323190689087,,,,,,dqn,cartpole,dense,0.1,0.9,8,
993,12.0,12,0.050000000000000044,0.07611016184091568,4.787330627441406,0.23315714299678802,,,,,,dqn,cartpole,dense,0.1,0.9,8,
994,9.0,9,0.050000000000000044,0.09903308749198914,4.8375043869018555,0.27167022228240967,,,,,,dqn,cartpole,dense,0.1,0.9,8,
995,12.0,12,0.050000000000000044,0.24111327528953552,4.771203994750977,0.3901755213737488,,,,,,dqn,cartpole,dense,0.1,0.9,8,
996,23.0,23,0.050000000000000044,0.5172461271286011,4.8755598068237305,0.7191570997238159,,,,,,dqn,cartpole,dense,0.1,0.9,8,
997,26.0,26,0.050000000000000044,0.1315145045518875,4.559823989868164,0.28624698519706726,,,,,,dqn,cartpole,dense,0.1,0.9,8,
998,17.0,17,0.050000000000000044,0.07325432449579239,4.871184825897217,0.20370280742645264,,,,,,dqn,cartpole,dense,0.1,0.9,8,
999,10.0,10,0.050000000000000044,0.4130934178829193,4.548783302307129,0.616019606590271,,,,,,dqn,cartpole,dense,0.1,0.9,8,
1000,13.0,13,0.050000000000000044,0.3747207820415497,4.424227714538574,0.586722731590271,,,34.7,35.5557309023454,34.7,dqn,cartpole,dense,0.1,0.9,8,
