2026-03-28 19:00:19 | INFO | ============================================================
2026-03-28 19:00:19 | INFO | DEVICE / COMPUTE INFORMATION
2026-03-28 19:00:19 | INFO |   JAX backend       : GPU
2026-03-28 19:00:19 | INFO |   Platform          : gpu
2026-03-28 19:00:19 | INFO |   Num devices       : 1
2026-03-28 19:00:19 | INFO |   Device            : cuda:0
2026-03-28 19:00:19 | INFO |   GPU name          : NVIDIA GeForce RTX 5060 Laptop GPU
2026-03-28 19:00:19 | INFO | ============================================================
2026-03-28 19:00:19 | INFO | DQN+Entropy | seed=2, lr=0.1, gamma=0.99, alpha=0.01
2026-03-28 19:00:19 | INFO | Env: cartpole/dense, obs_dim=4, num_actions=2
2026-03-28 19:00:21 | INFO | Episode    1 - Reward: 59.000, Length: 59, Loss: 0.0000, Entropy: 0.0000, Epsilon: 0.995
2026-03-28 19:00:21 | INFO | Episode    2 - Reward: 23.000, Length: 23, Loss: 0.0000, Entropy: 0.0000, Epsilon: 0.990
2026-03-28 19:00:22 | INFO | Episode    3 - Reward: 19.000, Length: 19, Loss: 0.0000, Entropy: 0.0000, Epsilon: 0.985
2026-03-28 19:00:23 | INFO | Episode    4 - Reward: 22.000, Length: 22, Loss: 0.0000, Entropy: 0.0000, Epsilon: 0.980
2026-03-28 19:00:28 | INFO | Episode    5 - Reward: 12.000, Length: 12, Loss: 0.7028, Entropy: 0.6926, Epsilon: 0.975
2026-03-28 19:00:29 | INFO | Episode    6 - Reward: 65.000, Length: 65, Loss: 0.1995, Entropy: 0.6920, Epsilon: 0.970
2026-03-28 19:00:30 | INFO | Episode    7 - Reward: 22.000, Length: 22, Loss: 0.0378, Entropy: 0.6922, Epsilon: 0.965
2026-03-28 19:00:31 | INFO | Episode    8 - Reward: 16.000, Length: 16, Loss: 0.0033, Entropy: 0.6925, Epsilon: 0.960
2026-03-28 19:00:32 | INFO | Episode    9 - Reward: 42.000, Length: 42, Loss: -0.0028, Entropy: 0.6927, Epsilon: 0.955
2026-03-28 19:00:32 | INFO | Episode   10 - Reward: 14.000, Length: 14, Loss: -0.0039, Entropy: 0.6928, Epsilon: 0.951
2026-03-28 19:00:33 | INFO | Episode   11 - Reward: 33.000, Length: 33, Loss: -0.0038, Entropy: 0.6929, Epsilon: 0.946
2026-03-28 19:00:34 | INFO | Episode   12 - Reward: 51.000, Length: 51, Loss: -0.0042, Entropy: 0.6929, Epsilon: 0.941
2026-03-28 19:00:35 | INFO | Episode   13 - Reward: 25.000, Length: 25, Loss: -0.0048, Entropy: 0.6930, Epsilon: 0.936
2026-03-28 19:00:36 | INFO | Episode   14 - Reward: 27.000, Length: 27, Loss: -0.0050, Entropy: 0.6930, Epsilon: 0.931
2026-03-28 19:00:37 | INFO | Episode   15 - Reward: 38.000, Length: 38, Loss: -0.0051, Entropy: 0.6930, Epsilon: 0.926
2026-03-28 19:00:37 | INFO | Episode   16 - Reward: 29.000, Length: 29, Loss: -0.0055, Entropy: 0.6931, Epsilon: 0.921
2026-03-28 19:00:38 | INFO | Episode   17 - Reward: 25.000, Length: 25, Loss: -0.0057, Entropy: 0.6931, Epsilon: 0.916
2026-03-28 19:00:39 | INFO | Episode   18 - Reward: 29.000, Length: 29, Loss: 0.4796, Entropy: 0.6925, Epsilon: 0.911
2026-03-28 19:00:40 | INFO | Episode   19 - Reward: 25.000, Length: 25, Loss: 0.0399, Entropy: 0.6926, Epsilon: 0.906
2026-03-28 19:00:41 | INFO | Episode   20 - Reward: 22.000, Length: 22, Loss: 0.0401, Entropy: 0.6929, Epsilon: 0.901
2026-03-28 19:00:42 | INFO | Episode   21 - Reward: 47.000, Length: 47, Loss: 0.0338, Entropy: 0.6930, Epsilon: 0.896
2026-03-28 19:00:42 | INFO | Episode   22 - Reward: 11.000, Length: 11, Loss: 0.0325, Entropy: 0.6931, Epsilon: 0.891
2026-03-28 19:00:43 | INFO | Episode   23 - Reward: 38.000, Length: 38, Loss: 0.0569, Entropy: 0.6930, Epsilon: 0.886
2026-03-28 19:00:44 | INFO | Episode   24 - Reward: 14.000, Length: 14, Loss: 0.0372, Entropy: 0.6930, Epsilon: 0.881
2026-03-28 19:00:45 | INFO | Episode   25 - Reward: 32.000, Length: 32, Loss: 0.0165, Entropy: 0.6931, Epsilon: 0.876
2026-03-28 19:00:46 | INFO | Episode   26 - Reward: 49.000, Length: 49, Loss: 0.0195, Entropy: 0.6930, Epsilon: 0.871
2026-03-28 19:00:47 | INFO | Episode   27 - Reward: 26.000, Length: 26, Loss: 0.0239, Entropy: 0.6930, Epsilon: 0.866
2026-03-28 19:00:47 | INFO | Episode   28 - Reward: 28.000, Length: 28, Loss: 0.0203, Entropy: 0.6931, Epsilon: 0.861
2026-03-28 19:00:48 | INFO | Episode   29 - Reward: 12.000, Length: 12, Loss: 0.0248, Entropy: 0.6929, Epsilon: 0.856
2026-03-28 19:00:49 | INFO | Episode   30 - Reward: 63.000, Length: 63, Loss: 0.0234, Entropy: 0.6930, Epsilon: 0.852
2026-03-28 19:00:50 | INFO | Episode   31 - Reward: 10.000, Length: 10, Loss: 0.0394, Entropy: 0.6930, Epsilon: 0.847
2026-03-28 19:00:51 | INFO | Episode   32 - Reward: 11.000, Length: 11, Loss: 0.0240, Entropy: 0.6930, Epsilon: 0.842
2026-03-28 19:00:51 | INFO | Episode   33 - Reward: 15.000, Length: 15, Loss: 0.0365, Entropy: 0.6930, Epsilon: 0.837
2026-03-28 19:00:52 | INFO | Episode   34 - Reward: 15.000, Length: 15, Loss: 0.0440, Entropy: 0.6930, Epsilon: 0.832
2026-03-28 19:00:53 | INFO | Episode   35 - Reward: 14.000, Length: 14, Loss: 0.0255, Entropy: 0.6929, Epsilon: 0.827
2026-03-28 19:00:54 | INFO | Episode   36 - Reward: 17.000, Length: 17, Loss: 0.0206, Entropy: 0.6929, Epsilon: 0.822
2026-03-28 19:00:55 | INFO | Episode   37 - Reward: 14.000, Length: 14, Loss: 0.3835, Entropy: 0.6929, Epsilon: 0.817
2026-03-28 19:00:55 | INFO | Episode   38 - Reward: 12.000, Length: 12, Loss: 0.1638, Entropy: 0.6929, Epsilon: 0.812
2026-03-28 19:00:56 | INFO | Episode   39 - Reward: 9.000, Length: 9, Loss: 0.0880, Entropy: 0.6928, Epsilon: 0.807
2026-03-28 19:00:57 | INFO | Episode   40 - Reward: 31.000, Length: 31, Loss: 0.1699, Entropy: 0.6928, Epsilon: 0.802
2026-03-28 19:00:58 | INFO | Episode   41 - Reward: 27.000, Length: 27, Loss: 0.1173, Entropy: 0.6927, Epsilon: 0.797
2026-03-28 19:00:59 | INFO | Episode   42 - Reward: 11.000, Length: 11, Loss: 0.1483, Entropy: 0.6924, Epsilon: 0.792
2026-03-28 19:01:00 | INFO | Episode   43 - Reward: 10.000, Length: 10, Loss: 0.1026, Entropy: 0.6918, Epsilon: 0.787
2026-03-28 19:01:00 | INFO | Episode   44 - Reward: 17.000, Length: 17, Loss: 0.1664, Entropy: 0.6925, Epsilon: 0.782
2026-03-28 19:01:01 | INFO | Episode   45 - Reward: 21.000, Length: 21, Loss: 0.1503, Entropy: 0.6925, Epsilon: 0.777
2026-03-28 19:01:02 | INFO | Episode   46 - Reward: 12.000, Length: 12, Loss: 0.1428, Entropy: 0.6925, Epsilon: 0.772
2026-03-28 19:01:03 | INFO | Episode   47 - Reward: 12.000, Length: 12, Loss: 0.1472, Entropy: 0.6925, Epsilon: 0.767
2026-03-28 19:01:04 | INFO | Episode   48 - Reward: 24.000, Length: 24, Loss: 0.1372, Entropy: 0.6925, Epsilon: 0.762
2026-03-28 19:01:05 | INFO | Episode   49 - Reward: 11.000, Length: 11, Loss: 0.1400, Entropy: 0.6922, Epsilon: 0.757
2026-03-28 19:01:05 | INFO | Episode   50 - Reward: 13.000, Length: 13, Loss: 0.1618, Entropy: 0.6925, Epsilon: 0.752
2026-03-28 19:01:09 | INFO | [Episode   50] eps=0.752  avg_reward=  24.480  avg_length= 24.48  avg_loss=  0.0832  avg_entropy=0.6925  eval_success=1.000
2026-03-28 19:01:10 | INFO | Episode   51 - Reward: 23.000, Length: 23, Loss: 0.1943, Entropy: 0.6925, Epsilon: 0.748
2026-03-28 19:01:11 | INFO | Episode   52 - Reward: 11.000, Length: 11, Loss: 0.2082, Entropy: 0.6926, Epsilon: 0.743
2026-03-28 19:01:12 | INFO | Episode   53 - Reward: 27.000, Length: 27, Loss: 0.1286, Entropy: 0.6928, Epsilon: 0.738
2026-03-28 19:01:13 | INFO | Episode   54 - Reward: 19.000, Length: 19, Loss: 0.1176, Entropy: 0.6925, Epsilon: 0.733
2026-03-28 19:01:13 | INFO | Episode   55 - Reward: 18.000, Length: 18, Loss: 0.1699, Entropy: 0.6926, Epsilon: 0.728
2026-03-28 19:01:14 | INFO | Episode   56 - Reward: 16.000, Length: 16, Loss: 0.1148, Entropy: 0.6926, Epsilon: 0.723
2026-03-28 19:01:15 | INFO | Episode   57 - Reward: 16.000, Length: 16, Loss: 0.1479, Entropy: 0.6923, Epsilon: 0.718
2026-03-28 19:01:16 | INFO | Episode   58 - Reward: 9.000, Length: 9, Loss: 0.1546, Entropy: 0.6924, Epsilon: 0.713
2026-03-28 19:01:17 | INFO | Episode   59 - Reward: 24.000, Length: 24, Loss: 0.1336, Entropy: 0.6925, Epsilon: 0.708
2026-03-28 19:01:17 | INFO | Episode   60 - Reward: 13.000, Length: 13, Loss: 0.1815, Entropy: 0.6926, Epsilon: 0.703
2026-03-28 19:01:18 | INFO | Episode   61 - Reward: 12.000, Length: 12, Loss: 0.1531, Entropy: 0.6926, Epsilon: 0.698
2026-03-28 19:01:19 | INFO | Episode   62 - Reward: 29.000, Length: 29, Loss: 0.1035, Entropy: 0.6925, Epsilon: 0.693
2026-03-28 19:01:20 | INFO | Episode   63 - Reward: 9.000, Length: 9, Loss: 0.1410, Entropy: 0.6927, Epsilon: 0.688
2026-03-28 19:01:20 | INFO | Episode   64 - Reward: 13.000, Length: 13, Loss: 0.1096, Entropy: 0.6928, Epsilon: 0.683
2026-03-28 19:01:21 | INFO | Episode   65 - Reward: 15.000, Length: 15, Loss: 0.1112, Entropy: 0.6929, Epsilon: 0.678
2026-03-28 19:01:22 | INFO | Episode   66 - Reward: 13.000, Length: 13, Loss: 0.1439, Entropy: 0.6925, Epsilon: 0.673
2026-03-28 19:01:23 | INFO | Episode   67 - Reward: 14.000, Length: 14, Loss: 0.1093, Entropy: 0.6928, Epsilon: 0.668
2026-03-28 19:01:23 | INFO | Episode   68 - Reward: 11.000, Length: 11, Loss: 0.4864, Entropy: 0.6909, Epsilon: 0.663
2026-03-28 19:01:24 | INFO | Episode   69 - Reward: 17.000, Length: 17, Loss: 0.2735, Entropy: 0.6924, Epsilon: 0.658
2026-03-28 19:01:25 | INFO | Episode   70 - Reward: 11.000, Length: 11, Loss: 0.3145, Entropy: 0.6922, Epsilon: 0.653
2026-03-28 19:01:26 | INFO | Episode   71 - Reward: 15.000, Length: 15, Loss: 0.3626, Entropy: 0.6920, Epsilon: 0.649
2026-03-28 19:01:26 | INFO | Episode   72 - Reward: 11.000, Length: 11, Loss: 0.3141, Entropy: 0.6929, Epsilon: 0.644
2026-03-28 19:01:27 | INFO | Episode   73 - Reward: 26.000, Length: 26, Loss: 0.2413, Entropy: 0.6926, Epsilon: 0.639
2026-03-28 19:01:28 | INFO | Episode   74 - Reward: 12.000, Length: 12, Loss: 0.3018, Entropy: 0.6921, Epsilon: 0.634
2026-03-28 19:01:28 | INFO | Episode   75 - Reward: 24.000, Length: 24, Loss: 0.3941, Entropy: 0.6921, Epsilon: 0.629
2026-03-28 19:01:29 | INFO | Episode   76 - Reward: 17.000, Length: 17, Loss: 0.2724, Entropy: 0.6926, Epsilon: 0.624
2026-03-28 19:01:30 | INFO | Episode   77 - Reward: 133.000, Length: 133, Loss: 0.3177, Entropy: 0.6920, Epsilon: 0.619
2026-03-28 19:01:31 | INFO | Episode   78 - Reward: 31.000, Length: 31, Loss: 0.2672, Entropy: 0.6917, Epsilon: 0.614
2026-03-28 19:01:31 | INFO | Episode   79 - Reward: 17.000, Length: 17, Loss: 0.1802, Entropy: 0.6926, Epsilon: 0.609
2026-03-28 19:01:32 | INFO | Episode   80 - Reward: 28.000, Length: 28, Loss: 0.2125, Entropy: 0.6926, Epsilon: 0.604
2026-03-28 19:01:33 | INFO | Episode   81 - Reward: 76.000, Length: 76, Loss: 0.2551, Entropy: 0.6920, Epsilon: 0.599
2026-03-28 19:01:34 | INFO | Episode   82 - Reward: 27.000, Length: 27, Loss: 0.3663, Entropy: 0.6922, Epsilon: 0.594
2026-03-28 19:01:34 | INFO | Episode   83 - Reward: 24.000, Length: 24, Loss: 0.3117, Entropy: 0.6920, Epsilon: 0.589
2026-03-28 19:01:35 | INFO | Episode   84 - Reward: 31.000, Length: 31, Loss: 0.3743, Entropy: 0.6912, Epsilon: 0.584
2026-03-28 19:01:36 | INFO | Episode   85 - Reward: 12.000, Length: 12, Loss: 1.7962, Entropy: 0.6903, Epsilon: 0.579
2026-03-28 19:01:37 | INFO | Episode   86 - Reward: 15.000, Length: 15, Loss: 1.3372, Entropy: 0.6898, Epsilon: 0.574
2026-03-28 19:01:38 | INFO | Episode   87 - Reward: 14.000, Length: 14, Loss: 0.9206, Entropy: 0.6901, Epsilon: 0.569
2026-03-28 19:01:38 | INFO | Episode   88 - Reward: 84.000, Length: 84, Loss: 0.8322, Entropy: 0.6914, Epsilon: 0.564
2026-03-28 19:01:39 | INFO | Episode   89 - Reward: 17.000, Length: 17, Loss: 1.1815, Entropy: 0.6907, Epsilon: 0.559
2026-03-28 19:01:40 | INFO | Episode   90 - Reward: 17.000, Length: 17, Loss: 0.6167, Entropy: 0.6871, Epsilon: 0.554
2026-03-28 19:01:41 | INFO | Episode   91 - Reward: 46.000, Length: 46, Loss: 0.5029, Entropy: 0.6900, Epsilon: 0.550
2026-03-28 19:01:41 | INFO | Episode   92 - Reward: 16.000, Length: 16, Loss: 0.3836, Entropy: 0.6911, Epsilon: 0.545
2026-03-28 19:01:42 | INFO | Episode   93 - Reward: 31.000, Length: 31, Loss: 0.5857, Entropy: 0.6912, Epsilon: 0.540
2026-03-28 19:01:43 | INFO | Episode   94 - Reward: 39.000, Length: 39, Loss: 0.5087, Entropy: 0.6911, Epsilon: 0.535
2026-03-28 19:01:44 | INFO | Episode   95 - Reward: 27.000, Length: 27, Loss: 0.3834, Entropy: 0.6913, Epsilon: 0.530
2026-03-28 19:01:44 | INFO | Episode   96 - Reward: 17.000, Length: 17, Loss: 0.9993, Entropy: 0.6911, Epsilon: 0.525
2026-03-28 19:01:45 | INFO | Episode   97 - Reward: 17.000, Length: 17, Loss: 0.5425, Entropy: 0.6905, Epsilon: 0.520
2026-03-28 19:01:46 | INFO | Episode   98 - Reward: 24.000, Length: 24, Loss: 0.4541, Entropy: 0.6893, Epsilon: 0.515
2026-03-28 19:01:47 | INFO | Episode   99 - Reward: 20.000, Length: 20, Loss: 0.4847, Entropy: 0.6912, Epsilon: 0.510
2026-03-28 19:01:47 | INFO | Episode  100 - Reward: 70.000, Length: 70, Loss: 0.5649, Entropy: 0.6891, Epsilon: 0.505
2026-03-28 19:02:06 | INFO | [Episode  100] eps=0.505  avg_reward=  25.160  avg_length= 25.16  avg_loss=  0.3953  avg_entropy=0.6891  eval_success=1.000
2026-03-28 19:02:07 | INFO | Episode  101 - Reward: 97.000, Length: 97, Loss: 0.4984, Entropy: 0.6894, Epsilon: 0.500
2026-03-28 19:02:07 | INFO | Episode  102 - Reward: 25.000, Length: 25, Loss: 2.4851, Entropy: 0.6780, Epsilon: 0.495
2026-03-28 19:02:08 | INFO | Episode  103 - Reward: 19.000, Length: 19, Loss: 1.7074, Entropy: 0.6764, Epsilon: 0.490
2026-03-28 19:02:09 | INFO | Episode  104 - Reward: 10.000, Length: 10, Loss: 1.3719, Entropy: 0.6902, Epsilon: 0.485
2026-03-28 19:02:10 | INFO | Episode  105 - Reward: 93.000, Length: 93, Loss: 1.0149, Entropy: 0.6897, Epsilon: 0.480
2026-03-28 19:02:11 | INFO | Episode  106 - Reward: 29.000, Length: 29, Loss: 1.1717, Entropy: 0.6887, Epsilon: 0.475
2026-03-28 19:02:11 | INFO | Episode  107 - Reward: 17.000, Length: 17, Loss: 0.8863, Entropy: 0.6870, Epsilon: 0.470
2026-03-28 19:02:12 | INFO | Episode  108 - Reward: 15.000, Length: 15, Loss: 0.7496, Entropy: 0.6869, Epsilon: 0.465
2026-03-28 19:02:13 | INFO | Episode  109 - Reward: 14.000, Length: 14, Loss: 0.3580, Entropy: 0.6869, Epsilon: 0.460
2026-03-28 19:02:13 | INFO | Episode  110 - Reward: 19.000, Length: 19, Loss: 0.6807, Entropy: 0.6863, Epsilon: 0.456
2026-03-28 19:02:14 | INFO | Episode  111 - Reward: 78.000, Length: 78, Loss: 0.6030, Entropy: 0.6869, Epsilon: 0.451
2026-03-28 19:02:15 | INFO | Episode  112 - Reward: 31.000, Length: 31, Loss: 0.6859, Entropy: 0.6869, Epsilon: 0.446
2026-03-28 19:02:16 | INFO | Episode  113 - Reward: 28.000, Length: 28, Loss: 0.6193, Entropy: 0.6883, Epsilon: 0.441
2026-03-28 19:02:17 | INFO | Episode  114 - Reward: 60.000, Length: 60, Loss: 1.0055, Entropy: 0.6870, Epsilon: 0.436
2026-03-28 19:02:17 | INFO | Episode  115 - Reward: 14.000, Length: 14, Loss: 2.3862, Entropy: 0.6840, Epsilon: 0.431
2026-03-28 19:02:18 | INFO | Episode  116 - Reward: 45.000, Length: 45, Loss: 2.6923, Entropy: 0.6842, Epsilon: 0.426
2026-03-28 19:02:19 | INFO | Episode  117 - Reward: 16.000, Length: 16, Loss: 1.1280, Entropy: 0.6874, Epsilon: 0.421
2026-03-28 19:02:20 | INFO | Episode  118 - Reward: 36.000, Length: 36, Loss: 0.8872, Entropy: 0.6879, Epsilon: 0.416
2026-03-28 19:02:20 | INFO | Episode  119 - Reward: 30.000, Length: 30, Loss: 1.1656, Entropy: 0.6839, Epsilon: 0.411
2026-03-28 19:02:21 | INFO | Episode  120 - Reward: 28.000, Length: 28, Loss: 1.4377, Entropy: 0.6850, Epsilon: 0.406
2026-03-28 19:02:22 | INFO | Episode  121 - Reward: 35.000, Length: 35, Loss: 1.1050, Entropy: 0.6833, Epsilon: 0.401
2026-03-28 19:02:23 | INFO | Episode  122 - Reward: 21.000, Length: 21, Loss: 1.1607, Entropy: 0.6849, Epsilon: 0.396
2026-03-28 19:02:23 | INFO | Episode  123 - Reward: 57.000, Length: 57, Loss: 0.5950, Entropy: 0.6871, Epsilon: 0.391
2026-03-28 19:02:24 | INFO | Episode  124 - Reward: 34.000, Length: 34, Loss: 1.3589, Entropy: 0.6841, Epsilon: 0.386
2026-03-28 19:02:25 | INFO | Episode  125 - Reward: 89.000, Length: 89, Loss: 1.2483, Entropy: 0.6830, Epsilon: 0.381
2026-03-28 19:02:26 | INFO | Episode  126 - Reward: 83.000, Length: 83, Loss: 1.2822, Entropy: 0.6809, Epsilon: 0.376
2026-03-28 19:02:26 | INFO | Episode  127 - Reward: 49.000, Length: 49, Loss: 0.9435, Entropy: 0.6800, Epsilon: 0.371
2026-03-28 19:02:27 | INFO | Episode  128 - Reward: 38.000, Length: 38, Loss: 1.5454, Entropy: 0.6793, Epsilon: 0.366
2026-03-28 19:02:28 | INFO | Episode  129 - Reward: 24.000, Length: 24, Loss: 0.9410, Entropy: 0.6819, Epsilon: 0.361
2026-03-28 19:02:29 | INFO | Episode  130 - Reward: 30.000, Length: 30, Loss: 0.9467, Entropy: 0.6724, Epsilon: 0.357
2026-03-28 19:02:29 | INFO | Episode  131 - Reward: 29.000, Length: 29, Loss: 1.1434, Entropy: 0.6711, Epsilon: 0.352
2026-03-28 19:02:30 | INFO | Episode  132 - Reward: 82.000, Length: 82, Loss: 1.1871, Entropy: 0.6675, Epsilon: 0.347
2026-03-28 19:02:31 | INFO | Episode  133 - Reward: 46.000, Length: 46, Loss: 0.7024, Entropy: 0.6696, Epsilon: 0.342
2026-03-28 19:02:32 | INFO | Episode  134 - Reward: 90.000, Length: 90, Loss: 0.6798, Entropy: 0.6722, Epsilon: 0.337
2026-03-28 19:02:32 | INFO | Episode  135 - Reward: 80.000, Length: 80, Loss: 0.9603, Entropy: 0.6711, Epsilon: 0.332
2026-03-28 19:02:33 | INFO | Episode  136 - Reward: 111.000, Length: 111, Loss: 0.7651, Entropy: 0.6689, Epsilon: 0.327
2026-03-28 19:02:34 | INFO | Episode  137 - Reward: 112.000, Length: 112, Loss: 2.2710, Entropy: 0.6682, Epsilon: 0.322
2026-03-28 19:02:35 | INFO | Episode  138 - Reward: 23.000, Length: 23, Loss: 5.9125, Entropy: 0.6806, Epsilon: 0.317
2026-03-28 19:02:35 | INFO | Episode  139 - Reward: 16.000, Length: 16, Loss: 2.4054, Entropy: 0.6666, Epsilon: 0.312
2026-03-28 19:02:36 | INFO | Episode  140 - Reward: 25.000, Length: 25, Loss: 3.2688, Entropy: 0.6573, Epsilon: 0.307
2026-03-28 19:02:37 | INFO | Episode  141 - Reward: 12.000, Length: 12, Loss: 2.9465, Entropy: 0.6706, Epsilon: 0.302
2026-03-28 19:02:38 | INFO | Episode  142 - Reward: 42.000, Length: 42, Loss: 1.3746, Entropy: 0.6748, Epsilon: 0.297
2026-03-28 19:02:38 | INFO | Episode  143 - Reward: 31.000, Length: 31, Loss: 1.0200, Entropy: 0.6693, Epsilon: 0.292
2026-03-28 19:02:39 | INFO | Episode  144 - Reward: 19.000, Length: 19, Loss: 1.0524, Entropy: 0.6654, Epsilon: 0.287
2026-03-28 19:02:40 | INFO | Episode  145 - Reward: 200.000, Length: 200, Loss: 0.8471, Entropy: 0.6652, Epsilon: 0.282
2026-03-28 19:02:41 | INFO | Episode  146 - Reward: 106.000, Length: 106, Loss: 2.3559, Entropy: 0.6615, Epsilon: 0.277
2026-03-28 19:02:42 | INFO | Episode  147 - Reward: 18.000, Length: 18, Loss: 5.8798, Entropy: 0.6720, Epsilon: 0.272
2026-03-28 19:02:42 | INFO | Episode  148 - Reward: 200.000, Length: 200, Loss: 6.7286, Entropy: 0.6712, Epsilon: 0.267
2026-03-28 19:02:43 | INFO | Episode  149 - Reward: 40.000, Length: 40, Loss: 4.3918, Entropy: 0.6820, Epsilon: 0.262
2026-03-28 19:02:44 | INFO | Episode  150 - Reward: 21.000, Length: 21, Loss: 4.3769, Entropy: 0.6743, Epsilon: 0.258
2026-03-28 19:02:49 | INFO | [Episode  150] eps=0.258  avg_reward=  49.340  avg_length= 49.34  avg_loss=  1.6986  avg_entropy=0.6743  eval_success=1.000
2026-03-28 19:02:50 | INFO | Episode  151 - Reward: 18.000, Length: 18, Loss: 3.9010, Entropy: 0.6425, Epsilon: 0.253
2026-03-28 19:02:50 | INFO | Episode  152 - Reward: 12.000, Length: 12, Loss: 3.8083, Entropy: 0.6520, Epsilon: 0.248
2026-03-28 19:02:51 | INFO | Episode  153 - Reward: 15.000, Length: 15, Loss: 3.2523, Entropy: 0.6452, Epsilon: 0.243
2026-03-28 19:02:52 | INFO | Episode  154 - Reward: 21.000, Length: 21, Loss: 3.2145, Entropy: 0.6546, Epsilon: 0.238
2026-03-28 19:02:53 | INFO | Episode  155 - Reward: 18.000, Length: 18, Loss: 2.6142, Entropy: 0.6507, Epsilon: 0.233
2026-03-28 19:02:53 | INFO | Episode  156 - Reward: 191.000, Length: 191, Loss: 1.4768, Entropy: 0.6489, Epsilon: 0.228
2026-03-28 19:02:54 | INFO | Episode  157 - Reward: 200.000, Length: 200, Loss: 1.0137, Entropy: 0.6396, Epsilon: 0.223
2026-03-28 19:02:55 | INFO | Episode  158 - Reward: 135.000, Length: 135, Loss: 1.4305, Entropy: 0.6277, Epsilon: 0.218
2026-03-28 19:02:56 | INFO | Episode  159 - Reward: 123.000, Length: 123, Loss: 4.4070, Entropy: 0.6382, Epsilon: 0.213
2026-03-28 19:02:57 | INFO | Episode  160 - Reward: 103.000, Length: 103, Loss: 7.1056, Entropy: 0.6535, Epsilon: 0.208
2026-03-28 19:02:57 | INFO | Episode  161 - Reward: 48.000, Length: 48, Loss: 5.9916, Entropy: 0.6442, Epsilon: 0.203
2026-03-28 19:02:58 | INFO | Episode  162 - Reward: 152.000, Length: 152, Loss: 6.1838, Entropy: 0.6187, Epsilon: 0.198
2026-03-28 19:02:59 | INFO | Episode  163 - Reward: 127.000, Length: 127, Loss: 3.4675, Entropy: 0.6357, Epsilon: 0.193
2026-03-28 19:03:00 | INFO | Episode  164 - Reward: 142.000, Length: 142, Loss: 1.9272, Entropy: 0.6455, Epsilon: 0.188
2026-03-28 19:03:00 | INFO | Episode  165 - Reward: 116.000, Length: 116, Loss: 1.3872, Entropy: 0.6458, Epsilon: 0.183
2026-03-28 19:03:01 | INFO | Episode  166 - Reward: 156.000, Length: 156, Loss: 1.3469, Entropy: 0.6337, Epsilon: 0.178
2026-03-28 19:03:02 | INFO | Episode  167 - Reward: 170.000, Length: 170, Loss: 1.7471, Entropy: 0.6322, Epsilon: 0.173
2026-03-28 19:03:03 | INFO | Episode  168 - Reward: 151.000, Length: 151, Loss: 1.8056, Entropy: 0.6321, Epsilon: 0.168
2026-03-28 19:03:03 | INFO | Episode  169 - Reward: 190.000, Length: 190, Loss: 2.0621, Entropy: 0.6380, Epsilon: 0.163
2026-03-28 19:03:04 | INFO | Episode  170 - Reward: 109.000, Length: 109, Loss: 1.6395, Entropy: 0.6083, Epsilon: 0.158
2026-03-28 19:03:05 | INFO | Episode  171 - Reward: 23.000, Length: 23, Loss: 2.2592, Entropy: 0.6043, Epsilon: 0.154
2026-03-28 19:03:06 | INFO | Episode  172 - Reward: 129.000, Length: 129, Loss: 2.2175, Entropy: 0.6246, Epsilon: 0.149
2026-03-28 19:03:06 | INFO | Episode  173 - Reward: 200.000, Length: 200, Loss: 1.0768, Entropy: 0.6235, Epsilon: 0.144
2026-03-28 19:03:07 | INFO | Episode  174 - Reward: 161.000, Length: 161, Loss: 1.1199, Entropy: 0.6173, Epsilon: 0.139
2026-03-28 19:03:08 | INFO | Episode  175 - Reward: 117.000, Length: 117, Loss: 3.1395, Entropy: 0.6033, Epsilon: 0.134
2026-03-28 19:03:09 | INFO | Episode  176 - Reward: 200.000, Length: 200, Loss: 5.0756, Entropy: 0.6262, Epsilon: 0.129
2026-03-28 19:03:10 | INFO | Episode  177 - Reward: 158.000, Length: 158, Loss: 2.5428, Entropy: 0.6208, Epsilon: 0.124
2026-03-28 19:03:10 | INFO | Episode  178 - Reward: 184.000, Length: 184, Loss: 1.5495, Entropy: 0.6108, Epsilon: 0.119
2026-03-28 19:03:11 | INFO | Episode  179 - Reward: 200.000, Length: 200, Loss: 1.5466, Entropy: 0.6032, Epsilon: 0.114
2026-03-28 19:03:12 | INFO | Episode  180 - Reward: 47.000, Length: 47, Loss: 1.7351, Entropy: 0.6076, Epsilon: 0.109
2026-03-28 19:03:13 | INFO | Episode  181 - Reward: 126.000, Length: 126, Loss: 1.9067, Entropy: 0.5943, Epsilon: 0.104
2026-03-28 19:03:13 | INFO | Episode  182 - Reward: 200.000, Length: 200, Loss: 2.3282, Entropy: 0.6190, Epsilon: 0.099
2026-03-28 19:03:14 | INFO | Episode  183 - Reward: 118.000, Length: 118, Loss: 1.8904, Entropy: 0.5950, Epsilon: 0.094
2026-03-28 19:03:15 | INFO | Episode  184 - Reward: 24.000, Length: 24, Loss: 2.8770, Entropy: 0.5951, Epsilon: 0.089
2026-03-28 19:03:16 | INFO | Episode  185 - Reward: 165.000, Length: 165, Loss: 4.4289, Entropy: 0.6003, Epsilon: 0.084
2026-03-28 19:03:16 | INFO | Episode  186 - Reward: 132.000, Length: 132, Loss: 3.6022, Entropy: 0.5771, Epsilon: 0.079
2026-03-28 19:03:17 | INFO | Episode  187 - Reward: 106.000, Length: 106, Loss: 2.8473, Entropy: 0.5983, Epsilon: 0.074
2026-03-28 19:03:18 | INFO | Episode  188 - Reward: 98.000, Length: 98, Loss: 1.9751, Entropy: 0.5865, Epsilon: 0.069
2026-03-28 19:03:19 | INFO | Episode  189 - Reward: 171.000, Length: 171, Loss: 3.6013, Entropy: 0.6021, Epsilon: 0.064
2026-03-28 19:03:19 | INFO | Episode  190 - Reward: 82.000, Length: 82, Loss: 5.1587, Entropy: 0.6051, Epsilon: 0.059
2026-03-28 19:03:20 | INFO | Episode  191 - Reward: 65.000, Length: 65, Loss: 3.8318, Entropy: 0.5936, Epsilon: 0.055
2026-03-28 19:03:21 | INFO | Episode  192 - Reward: 200.000, Length: 200, Loss: 3.4548, Entropy: 0.6008, Epsilon: 0.050
2026-03-28 19:03:22 | INFO | Episode  193 - Reward: 120.000, Length: 120, Loss: 2.0862, Entropy: 0.6115, Epsilon: 0.045
2026-03-28 19:03:22 | INFO | Episode  194 - Reward: 28.000, Length: 28, Loss: 1.5603, Entropy: 0.6154, Epsilon: 0.040
2026-03-28 19:03:23 | INFO | Episode  195 - Reward: 156.000, Length: 156, Loss: 1.5522, Entropy: 0.6159, Epsilon: 0.035
2026-03-28 19:03:24 | INFO | Episode  196 - Reward: 179.000, Length: 179, Loss: 2.1013, Entropy: 0.6110, Epsilon: 0.030
2026-03-28 19:03:25 | INFO | Episode  197 - Reward: 152.000, Length: 152, Loss: 1.3187, Entropy: 0.6102, Epsilon: 0.025
2026-03-28 19:03:25 | INFO | Episode  198 - Reward: 146.000, Length: 146, Loss: 1.7858, Entropy: 0.5826, Epsilon: 0.020
2026-03-28 19:03:26 | INFO | Episode  199 - Reward: 133.000, Length: 133, Loss: 0.6909, Entropy: 0.6297, Epsilon: 0.015
2026-03-28 19:03:27 | INFO | Episode  200 - Reward: 175.000, Length: 175, Loss: 1.0405, Entropy: 0.6173, Epsilon: 0.010
2026-03-28 19:04:27 | INFO | [Episode  200] eps=0.010  avg_reward= 123.840  avg_length=123.84  avg_loss=  2.6417  avg_entropy=0.6173  eval_success=1.000
2026-03-28 19:04:28 | INFO | Episode  201 - Reward: 200.000, Length: 200, Loss: 5.2279, Entropy: 0.6234, Epsilon: 0.010
2026-03-28 19:04:29 | INFO | Episode  202 - Reward: 141.000, Length: 141, Loss: 11.8394, Entropy: 0.6280, Epsilon: 0.010
2026-03-28 19:04:29 | INFO | Episode  203 - Reward: 36.000, Length: 36, Loss: 8.5179, Entropy: 0.5424, Epsilon: 0.010
2026-03-28 19:04:30 | INFO | Episode  204 - Reward: 104.000, Length: 104, Loss: 2.0046, Entropy: 0.6167, Epsilon: 0.010
2026-03-28 19:04:31 | INFO | Episode  205 - Reward: 107.000, Length: 107, Loss: 1.9040, Entropy: 0.6038, Epsilon: 0.010
2026-03-28 19:04:32 | INFO | Episode  206 - Reward: 27.000, Length: 27, Loss: 0.9074, Entropy: 0.6249, Epsilon: 0.010
2026-03-28 19:04:32 | INFO | Episode  207 - Reward: 100.000, Length: 100, Loss: 1.2271, Entropy: 0.6139, Epsilon: 0.010
2026-03-28 19:04:33 | INFO | Episode  208 - Reward: 120.000, Length: 120, Loss: 1.1716, Entropy: 0.6214, Epsilon: 0.010
2026-03-28 19:04:34 | INFO | Episode  209 - Reward: 122.000, Length: 122, Loss: 1.3185, Entropy: 0.6308, Epsilon: 0.010
2026-03-28 19:04:35 | INFO | Episode  210 - Reward: 161.000, Length: 161, Loss: 1.6578, Entropy: 0.6371, Epsilon: 0.010
2026-03-28 19:04:35 | INFO | Episode  211 - Reward: 178.000, Length: 178, Loss: 1.0568, Entropy: 0.6231, Epsilon: 0.010
2026-03-28 19:04:36 | INFO | Episode  212 - Reward: 174.000, Length: 174, Loss: 1.9270, Entropy: 0.6203, Epsilon: 0.010
2026-03-28 19:04:37 | INFO | Episode  213 - Reward: 200.000, Length: 200, Loss: 1.5316, Entropy: 0.6303, Epsilon: 0.010
2026-03-28 19:04:38 | INFO | Episode  214 - Reward: 164.000, Length: 164, Loss: 0.9462, Entropy: 0.6377, Epsilon: 0.010
2026-03-28 19:04:39 | INFO | Episode  215 - Reward: 112.000, Length: 112, Loss: 0.5954, Entropy: 0.6370, Epsilon: 0.010
2026-03-28 19:04:39 | INFO | Episode  216 - Reward: 130.000, Length: 130, Loss: 2.8856, Entropy: 0.6415, Epsilon: 0.010
2026-03-28 19:04:40 | INFO | Episode  217 - Reward: 127.000, Length: 127, Loss: 4.7475, Entropy: 0.6516, Epsilon: 0.010
2026-03-28 19:04:41 | INFO | Episode  218 - Reward: 124.000, Length: 124, Loss: 3.8793, Entropy: 0.6425, Epsilon: 0.010
2026-03-28 19:04:42 | INFO | Episode  219 - Reward: 132.000, Length: 132, Loss: 5.7975, Entropy: 0.6029, Epsilon: 0.010
2026-03-28 19:04:42 | INFO | Episode  220 - Reward: 18.000, Length: 18, Loss: 2.2757, Entropy: 0.6412, Epsilon: 0.010
2026-03-28 19:04:43 | INFO | Episode  221 - Reward: 104.000, Length: 104, Loss: 1.0573, Entropy: 0.6479, Epsilon: 0.010
2026-03-28 19:04:44 | INFO | Episode  222 - Reward: 109.000, Length: 109, Loss: 0.8176, Entropy: 0.6384, Epsilon: 0.010
2026-03-28 19:04:45 | INFO | Episode  223 - Reward: 119.000, Length: 119, Loss: 0.9463, Entropy: 0.6448, Epsilon: 0.010
2026-03-28 19:04:45 | INFO | Episode  224 - Reward: 120.000, Length: 120, Loss: 1.5922, Entropy: 0.6454, Epsilon: 0.010
2026-03-28 19:04:46 | INFO | Episode  225 - Reward: 179.000, Length: 179, Loss: 1.7069, Entropy: 0.6280, Epsilon: 0.010
2026-03-28 19:04:47 | INFO | Episode  226 - Reward: 98.000, Length: 98, Loss: 1.9675, Entropy: 0.6476, Epsilon: 0.010
2026-03-28 19:04:48 | INFO | Episode  227 - Reward: 124.000, Length: 124, Loss: 0.5645, Entropy: 0.6508, Epsilon: 0.010
2026-03-28 19:04:49 | INFO | Episode  228 - Reward: 118.000, Length: 118, Loss: 0.4406, Entropy: 0.6527, Epsilon: 0.010
2026-03-28 19:04:49 | INFO | Episode  229 - Reward: 108.000, Length: 108, Loss: 3.4045, Entropy: 0.6164, Epsilon: 0.010
2026-03-28 19:04:50 | INFO | Episode  230 - Reward: 130.000, Length: 130, Loss: 5.2657, Entropy: 0.6395, Epsilon: 0.010
2026-03-28 19:04:51 | INFO | Episode  231 - Reward: 111.000, Length: 111, Loss: 5.4754, Entropy: 0.6352, Epsilon: 0.010
2026-03-28 19:04:52 | INFO | Episode  232 - Reward: 100.000, Length: 100, Loss: 4.6951, Entropy: 0.5795, Epsilon: 0.010
2026-03-28 19:04:52 | INFO | Episode  233 - Reward: 17.000, Length: 17, Loss: 1.3724, Entropy: 0.6515, Epsilon: 0.010
2026-03-28 19:04:53 | INFO | Episode  234 - Reward: 141.000, Length: 141, Loss: 0.8257, Entropy: 0.6570, Epsilon: 0.010
2026-03-28 19:04:54 | INFO | Episode  235 - Reward: 181.000, Length: 181, Loss: 0.4502, Entropy: 0.6502, Epsilon: 0.010
2026-03-28 19:04:55 | INFO | Episode  236 - Reward: 129.000, Length: 129, Loss: 0.2738, Entropy: 0.6537, Epsilon: 0.010
2026-03-28 19:04:55 | INFO | Episode  237 - Reward: 186.000, Length: 186, Loss: 1.4645, Entropy: 0.6311, Epsilon: 0.010
2026-03-28 19:04:56 | INFO | Episode  238 - Reward: 97.000, Length: 97, Loss: 0.8941, Entropy: 0.6505, Epsilon: 0.010
2026-03-28 19:04:57 | INFO | Episode  239 - Reward: 126.000, Length: 126, Loss: 0.4063, Entropy: 0.6571, Epsilon: 0.010
2026-03-28 19:04:58 | INFO | Episode  240 - Reward: 104.000, Length: 104, Loss: 0.2530, Entropy: 0.6589, Epsilon: 0.010
2026-03-28 19:04:58 | INFO | Episode  241 - Reward: 105.000, Length: 105, Loss: 3.3812, Entropy: 0.6403, Epsilon: 0.010
2026-03-28 19:04:59 | INFO | Episode  242 - Reward: 108.000, Length: 108, Loss: 5.9576, Entropy: 0.6562, Epsilon: 0.010
2026-03-28 19:05:00 | INFO | Episode  243 - Reward: 101.000, Length: 101, Loss: 4.0158, Entropy: 0.6575, Epsilon: 0.010
2026-03-28 19:05:01 | INFO | Episode  244 - Reward: 126.000, Length: 126, Loss: 4.4403, Entropy: 0.6142, Epsilon: 0.010
2026-03-28 19:05:01 | INFO | Episode  245 - Reward: 101.000, Length: 101, Loss: 4.6567, Entropy: 0.6497, Epsilon: 0.010
2026-03-28 19:05:02 | INFO | Episode  246 - Reward: 131.000, Length: 131, Loss: 1.6274, Entropy: 0.6454, Epsilon: 0.010
2026-03-28 19:05:03 | INFO | Episode  247 - Reward: 101.000, Length: 101, Loss: 0.5165, Entropy: 0.6529, Epsilon: 0.010
2026-03-28 19:05:04 | INFO | Episode  248 - Reward: 101.000, Length: 101, Loss: 0.6158, Entropy: 0.6694, Epsilon: 0.010
2026-03-28 19:05:04 | INFO | Episode  249 - Reward: 113.000, Length: 113, Loss: 1.0259, Entropy: 0.6740, Epsilon: 0.010
2026-03-28 19:05:05 | INFO | Episode  250 - Reward: 98.000, Length: 98, Loss: 1.6699, Entropy: 0.6718, Epsilon: 0.010
2026-03-28 19:05:43 | INFO | [Episode  250] eps=0.010  avg_reward= 119.260  avg_length=119.26  avg_loss=  2.4640  avg_entropy=0.6718  eval_success=1.000
2026-03-28 19:05:44 | INFO | Episode  251 - Reward: 112.000, Length: 112, Loss: 1.9469, Entropy: 0.6585, Epsilon: 0.010
2026-03-28 19:05:45 | INFO | Episode  252 - Reward: 97.000, Length: 97, Loss: 2.0664, Entropy: 0.6656, Epsilon: 0.010
2026-03-28 19:05:45 | INFO | Episode  253 - Reward: 147.000, Length: 147, Loss: 1.5494, Entropy: 0.6644, Epsilon: 0.010
2026-03-28 19:05:46 | INFO | Episode  254 - Reward: 115.000, Length: 115, Loss: 2.0172, Entropy: 0.6455, Epsilon: 0.010
2026-03-28 19:05:47 | INFO | Episode  255 - Reward: 94.000, Length: 94, Loss: 2.4935, Entropy: 0.6224, Epsilon: 0.010
2026-03-28 19:05:48 | INFO | Episode  256 - Reward: 31.000, Length: 31, Loss: 6.0065, Entropy: 0.6270, Epsilon: 0.010
2026-03-28 19:05:49 | INFO | Episode  257 - Reward: 92.000, Length: 92, Loss: 9.0270, Entropy: 0.6097, Epsilon: 0.010
2026-03-28 19:05:49 | INFO | Episode  258 - Reward: 28.000, Length: 28, Loss: 6.8874, Entropy: 0.6501, Epsilon: 0.010
2026-03-28 19:05:50 | INFO | Episode  259 - Reward: 101.000, Length: 101, Loss: 4.1266, Entropy: 0.6354, Epsilon: 0.010
2026-03-28 19:05:51 | INFO | Episode  260 - Reward: 22.000, Length: 22, Loss: 3.6876, Entropy: 0.6566, Epsilon: 0.010
2026-03-28 19:05:52 | INFO | Episode  261 - Reward: 100.000, Length: 100, Loss: 2.7912, Entropy: 0.6541, Epsilon: 0.010
2026-03-28 19:05:52 | INFO | Episode  262 - Reward: 19.000, Length: 19, Loss: 2.0815, Entropy: 0.6652, Epsilon: 0.010
2026-03-28 19:05:53 | INFO | Episode  263 - Reward: 96.000, Length: 96, Loss: 0.6277, Entropy: 0.6698, Epsilon: 0.010
2026-03-28 19:05:54 | INFO | Episode  264 - Reward: 113.000, Length: 113, Loss: 0.9756, Entropy: 0.6670, Epsilon: 0.010
2026-03-28 19:05:55 | INFO | Episode  265 - Reward: 117.000, Length: 117, Loss: 0.5859, Entropy: 0.6679, Epsilon: 0.010
2026-03-28 19:05:55 | INFO | Episode  266 - Reward: 111.000, Length: 111, Loss: 1.8413, Entropy: 0.6605, Epsilon: 0.010
2026-03-28 19:05:56 | INFO | Episode  267 - Reward: 96.000, Length: 96, Loss: 0.7186, Entropy: 0.6712, Epsilon: 0.010
2026-03-28 19:05:57 | INFO | Episode  268 - Reward: 117.000, Length: 117, Loss: 1.5605, Entropy: 0.6607, Epsilon: 0.010
2026-03-28 19:05:58 | INFO | Episode  269 - Reward: 25.000, Length: 25, Loss: 2.9173, Entropy: 0.6705, Epsilon: 0.010
2026-03-28 19:05:58 | INFO | Episode  270 - Reward: 123.000, Length: 123, Loss: 2.5951, Entropy: 0.6424, Epsilon: 0.010
2026-03-28 19:05:59 | INFO | Episode  271 - Reward: 99.000, Length: 99, Loss: 3.8269, Entropy: 0.6349, Epsilon: 0.010
2026-03-28 19:06:00 | INFO | Episode  272 - Reward: 101.000, Length: 101, Loss: 3.3244, Entropy: 0.6590, Epsilon: 0.010
2026-03-28 19:06:01 | INFO | Episode  273 - Reward: 38.000, Length: 38, Loss: 1.4786, Entropy: 0.6403, Epsilon: 0.010
2026-03-28 19:06:01 | INFO | Episode  274 - Reward: 28.000, Length: 28, Loss: 1.7877, Entropy: 0.6515, Epsilon: 0.010
2026-03-28 19:06:02 | INFO | Episode  275 - Reward: 104.000, Length: 104, Loss: 2.3264, Entropy: 0.6486, Epsilon: 0.010
2026-03-28 19:06:03 | INFO | Episode  276 - Reward: 101.000, Length: 101, Loss: 1.1176, Entropy: 0.6527, Epsilon: 0.010
2026-03-28 19:06:04 | INFO | Episode  277 - Reward: 105.000, Length: 105, Loss: 1.1376, Entropy: 0.6489, Epsilon: 0.010
2026-03-28 19:06:04 | INFO | Episode  278 - Reward: 118.000, Length: 118, Loss: 1.8908, Entropy: 0.6436, Epsilon: 0.010
2026-03-28 19:06:05 | INFO | Episode  279 - Reward: 109.000, Length: 109, Loss: 2.9934, Entropy: 0.6233, Epsilon: 0.010
2026-03-28 19:06:06 | INFO | Episode  280 - Reward: 33.000, Length: 33, Loss: 9.3266, Entropy: 0.6255, Epsilon: 0.010
2026-03-28 19:06:07 | INFO | Episode  281 - Reward: 22.000, Length: 22, Loss: 8.6612, Entropy: 0.5973, Epsilon: 0.010
2026-03-28 19:06:07 | INFO | Episode  282 - Reward: 114.000, Length: 114, Loss: 6.6065, Entropy: 0.6488, Epsilon: 0.010
2026-03-28 19:06:08 | INFO | Episode  283 - Reward: 114.000, Length: 114, Loss: 8.9473, Entropy: 0.6139, Epsilon: 0.010
2026-03-28 19:06:09 | INFO | Episode  284 - Reward: 19.000, Length: 19, Loss: 5.6491, Entropy: 0.6268, Epsilon: 0.010
2026-03-28 19:06:10 | INFO | Episode  285 - Reward: 28.000, Length: 28, Loss: 5.4189, Entropy: 0.6450, Epsilon: 0.010
2026-03-28 19:06:10 | INFO | Episode  286 - Reward: 109.000, Length: 109, Loss: 3.7998, Entropy: 0.6499, Epsilon: 0.010
2026-03-28 19:06:11 | INFO | Episode  287 - Reward: 38.000, Length: 38, Loss: 1.3236, Entropy: 0.6424, Epsilon: 0.010
2026-03-28 19:06:12 | INFO | Episode  288 - Reward: 125.000, Length: 125, Loss: 0.9369, Entropy: 0.6582, Epsilon: 0.010
2026-03-28 19:06:13 | INFO | Episode  289 - Reward: 107.000, Length: 107, Loss: 2.6180, Entropy: 0.6480, Epsilon: 0.010
2026-03-28 19:06:14 | INFO | Episode  290 - Reward: 26.000, Length: 26, Loss: 1.4582, Entropy: 0.6538, Epsilon: 0.010
2026-03-28 19:06:14 | INFO | Episode  291 - Reward: 101.000, Length: 101, Loss: 1.5836, Entropy: 0.6671, Epsilon: 0.010
2026-03-28 19:06:15 | INFO | Episode  292 - Reward: 36.000, Length: 36, Loss: 2.3268, Entropy: 0.6451, Epsilon: 0.010
2026-03-28 19:06:16 | INFO | Episode  293 - Reward: 29.000, Length: 29, Loss: 3.2166, Entropy: 0.6626, Epsilon: 0.010
2026-03-28 19:06:17 | INFO | Episode  294 - Reward: 96.000, Length: 96, Loss: 2.6516, Entropy: 0.6549, Epsilon: 0.010
2026-03-28 19:06:17 | INFO | Episode  295 - Reward: 102.000, Length: 102, Loss: 1.1398, Entropy: 0.6594, Epsilon: 0.010
2026-03-28 19:06:18 | INFO | Episode  296 - Reward: 111.000, Length: 111, Loss: 1.1325, Entropy: 0.6561, Epsilon: 0.010
2026-03-28 19:06:19 | INFO | Episode  297 - Reward: 114.000, Length: 114, Loss: 3.8530, Entropy: 0.6465, Epsilon: 0.010
2026-03-28 19:06:20 | INFO | Episode  298 - Reward: 27.000, Length: 27, Loss: 3.9296, Entropy: 0.6529, Epsilon: 0.010
2026-03-28 19:06:20 | INFO | Episode  299 - Reward: 20.000, Length: 20, Loss: 1.9461, Entropy: 0.6737, Epsilon: 0.010
2026-03-28 19:06:21 | INFO | Episode  300 - Reward: 106.000, Length: 106, Loss: 0.9579, Entropy: 0.6726, Epsilon: 0.010
2026-03-28 19:06:32 | INFO | [Episode  300] eps=0.010  avg_reward=  80.720  avg_length= 80.72  avg_loss=  3.0774  avg_entropy=0.6726  eval_success=1.000
2026-03-28 19:06:33 | INFO | Episode  301 - Reward: 30.000, Length: 30, Loss: 1.0137, Entropy: 0.6761, Epsilon: 0.010
2026-03-28 19:06:34 | INFO | Episode  302 - Reward: 98.000, Length: 98, Loss: 0.8503, Entropy: 0.6783, Epsilon: 0.010
2026-03-28 19:06:34 | INFO | Episode  303 - Reward: 41.000, Length: 41, Loss: 1.4620, Entropy: 0.6761, Epsilon: 0.010
2026-03-28 19:06:35 | INFO | Episode  304 - Reward: 96.000, Length: 96, Loss: 0.9201, Entropy: 0.6765, Epsilon: 0.010
2026-03-28 19:06:36 | INFO | Episode  305 - Reward: 96.000, Length: 96, Loss: 1.4528, Entropy: 0.6732, Epsilon: 0.010
2026-03-28 19:06:37 | INFO | Episode  306 - Reward: 101.000, Length: 101, Loss: 1.7288, Entropy: 0.6696, Epsilon: 0.010
2026-03-28 19:06:37 | INFO | Episode  307 - Reward: 29.000, Length: 29, Loss: 2.5162, Entropy: 0.6608, Epsilon: 0.010
2026-03-28 19:06:38 | INFO | Episode  308 - Reward: 134.000, Length: 134, Loss: 3.5752, Entropy: 0.6514, Epsilon: 0.010
2026-03-28 19:06:39 | INFO | Episode  309 - Reward: 111.000, Length: 111, Loss: 3.1187, Entropy: 0.6107, Epsilon: 0.010
2026-03-28 19:06:40 | INFO | Episode  310 - Reward: 126.000, Length: 126, Loss: 2.0999, Entropy: 0.6435, Epsilon: 0.010
2026-03-28 19:06:40 | INFO | Episode  311 - Reward: 137.000, Length: 137, Loss: 1.2813, Entropy: 0.6408, Epsilon: 0.010
2026-03-28 19:06:41 | INFO | Episode  312 - Reward: 96.000, Length: 96, Loss: 1.1393, Entropy: 0.6621, Epsilon: 0.010
2026-03-28 19:06:42 | INFO | Episode  313 - Reward: 107.000, Length: 107, Loss: 4.8419, Entropy: 0.6548, Epsilon: 0.010
2026-03-28 19:06:43 | INFO | Episode  314 - Reward: 96.000, Length: 96, Loss: 2.7347, Entropy: 0.6558, Epsilon: 0.010
2026-03-28 19:06:43 | INFO | Episode  315 - Reward: 42.000, Length: 42, Loss: 3.4398, Entropy: 0.6677, Epsilon: 0.010
2026-03-28 19:06:44 | INFO | Episode  316 - Reward: 38.000, Length: 38, Loss: 2.5352, Entropy: 0.6672, Epsilon: 0.010
2026-03-28 19:06:45 | INFO | Episode  317 - Reward: 30.000, Length: 30, Loss: 2.4437, Entropy: 0.6647, Epsilon: 0.010
2026-03-28 19:06:46 | INFO | Episode  318 - Reward: 112.000, Length: 112, Loss: 1.6321, Entropy: 0.6590, Epsilon: 0.010
2026-03-28 19:06:47 | INFO | Episode  319 - Reward: 37.000, Length: 37, Loss: 2.0748, Entropy: 0.6691, Epsilon: 0.010
2026-03-28 19:06:47 | INFO | Episode  320 - Reward: 50.000, Length: 50, Loss: 1.2876, Entropy: 0.6703, Epsilon: 0.010
2026-03-28 19:06:48 | INFO | Episode  321 - Reward: 36.000, Length: 36, Loss: 0.9107, Entropy: 0.6725, Epsilon: 0.010
2026-03-28 19:06:49 | INFO | Episode  322 - Reward: 97.000, Length: 97, Loss: 0.9299, Entropy: 0.6708, Epsilon: 0.010
2026-03-28 19:06:50 | INFO | Episode  323 - Reward: 28.000, Length: 28, Loss: 1.6994, Entropy: 0.6686, Epsilon: 0.010
2026-03-28 19:06:50 | INFO | Episode  324 - Reward: 104.000, Length: 104, Loss: 1.2582, Entropy: 0.6702, Epsilon: 0.010
2026-03-28 19:06:51 | INFO | Episode  325 - Reward: 25.000, Length: 25, Loss: 3.8224, Entropy: 0.6542, Epsilon: 0.010
2026-03-28 19:06:52 | INFO | Episode  326 - Reward: 24.000, Length: 24, Loss: 3.5483, Entropy: 0.6538, Epsilon: 0.010
2026-03-28 19:06:53 | INFO | Episode  327 - Reward: 111.000, Length: 111, Loss: 4.5614, Entropy: 0.6372, Epsilon: 0.010
2026-03-28 19:06:54 | INFO | Episode  328 - Reward: 39.000, Length: 39, Loss: 3.2882, Entropy: 0.6467, Epsilon: 0.010
2026-03-28 19:06:54 | INFO | Episode  329 - Reward: 108.000, Length: 108, Loss: 1.9089, Entropy: 0.6632, Epsilon: 0.010
2026-03-28 19:06:55 | INFO | Episode  330 - Reward: 101.000, Length: 101, Loss: 3.3830, Entropy: 0.6563, Epsilon: 0.010
2026-03-28 19:06:56 | INFO | Episode  331 - Reward: 31.000, Length: 31, Loss: 2.8131, Entropy: 0.6564, Epsilon: 0.010
2026-03-28 19:06:57 | INFO | Episode  332 - Reward: 119.000, Length: 119, Loss: 3.2875, Entropy: 0.6577, Epsilon: 0.010
2026-03-28 19:06:57 | INFO | Episode  333 - Reward: 109.000, Length: 109, Loss: 1.5387, Entropy: 0.6650, Epsilon: 0.010
2026-03-28 19:06:58 | INFO | Episode  334 - Reward: 105.000, Length: 105, Loss: 1.6961, Entropy: 0.6608, Epsilon: 0.010
2026-03-28 19:06:59 | INFO | Episode  335 - Reward: 100.000, Length: 100, Loss: 0.9287, Entropy: 0.6657, Epsilon: 0.010
2026-03-28 19:07:00 | INFO | Episode  336 - Reward: 107.000, Length: 107, Loss: 0.0855, Entropy: 0.6654, Epsilon: 0.010
2026-03-28 19:07:00 | INFO | Episode  337 - Reward: 107.000, Length: 107, Loss: 1.8852, Entropy: 0.6633, Epsilon: 0.010
2026-03-28 19:07:01 | INFO | Episode  338 - Reward: 103.000, Length: 103, Loss: 3.3265, Entropy: 0.6533, Epsilon: 0.010
2026-03-28 19:07:02 | INFO | Episode  339 - Reward: 104.000, Length: 104, Loss: 5.7675, Entropy: 0.6599, Epsilon: 0.010
2026-03-28 19:07:03 | INFO | Episode  340 - Reward: 42.000, Length: 42, Loss: 3.6394, Entropy: 0.6623, Epsilon: 0.010
2026-03-28 19:07:03 | INFO | Episode  341 - Reward: 43.000, Length: 43, Loss: 4.4658, Entropy: 0.6438, Epsilon: 0.010
2026-03-28 19:07:04 | INFO | Episode  342 - Reward: 20.000, Length: 20, Loss: 2.6739, Entropy: 0.6729, Epsilon: 0.010
2026-03-28 19:07:05 | INFO | Episode  343 - Reward: 38.000, Length: 38, Loss: 2.0191, Entropy: 0.6759, Epsilon: 0.010
2026-03-28 19:07:06 | INFO | Episode  344 - Reward: 28.000, Length: 28, Loss: 1.9282, Entropy: 0.6728, Epsilon: 0.010
2026-03-28 19:07:07 | INFO | Episode  345 - Reward: 26.000, Length: 26, Loss: 2.7971, Entropy: 0.6668, Epsilon: 0.010
2026-03-28 19:07:07 | INFO | Episode  346 - Reward: 30.000, Length: 30, Loss: 2.9456, Entropy: 0.6702, Epsilon: 0.010
2026-03-28 19:07:08 | INFO | Episode  347 - Reward: 34.000, Length: 34, Loss: 6.1646, Entropy: 0.6426, Epsilon: 0.010
2026-03-28 19:07:09 | INFO | Episode  348 - Reward: 97.000, Length: 97, Loss: 6.6955, Entropy: 0.6671, Epsilon: 0.010
2026-03-28 19:07:10 | INFO | Episode  349 - Reward: 32.000, Length: 32, Loss: 4.8931, Entropy: 0.6673, Epsilon: 0.010
2026-03-28 19:07:10 | INFO | Episode  350 - Reward: 107.000, Length: 107, Loss: 4.9249, Entropy: 0.6647, Epsilon: 0.010
2026-03-28 19:07:29 | INFO | [Episode  350] eps=0.010  avg_reward=  73.240  avg_length= 73.24  avg_loss=  2.6387  avg_entropy=0.6647  eval_success=1.000
2026-03-28 19:07:30 | INFO | Episode  351 - Reward: 37.000, Length: 37, Loss: 3.2285, Entropy: 0.6461, Epsilon: 0.010
2026-03-28 19:07:30 | INFO | Episode  352 - Reward: 101.000, Length: 101, Loss: 3.1657, Entropy: 0.6258, Epsilon: 0.010
2026-03-28 19:07:31 | INFO | Episode  353 - Reward: 27.000, Length: 27, Loss: 3.4938, Entropy: 0.6340, Epsilon: 0.010
2026-03-28 19:07:32 | INFO | Episode  354 - Reward: 89.000, Length: 89, Loss: 1.4649, Entropy: 0.6432, Epsilon: 0.010
2026-03-28 19:07:33 | INFO | Episode  355 - Reward: 100.000, Length: 100, Loss: 2.4622, Entropy: 0.6517, Epsilon: 0.010
2026-03-28 19:07:33 | INFO | Episode  356 - Reward: 119.000, Length: 119, Loss: 3.1577, Entropy: 0.6531, Epsilon: 0.010
2026-03-28 19:07:34 | INFO | Episode  357 - Reward: 91.000, Length: 91, Loss: 3.3154, Entropy: 0.6534, Epsilon: 0.010
2026-03-28 19:07:35 | INFO | Episode  358 - Reward: 96.000, Length: 96, Loss: 2.4545, Entropy: 0.6473, Epsilon: 0.010
2026-03-28 19:07:36 | INFO | Episode  359 - Reward: 29.000, Length: 29, Loss: 3.8204, Entropy: 0.6377, Epsilon: 0.010
2026-03-28 19:07:37 | INFO | Episode  360 - Reward: 42.000, Length: 42, Loss: 2.9544, Entropy: 0.6539, Epsilon: 0.010
2026-03-28 19:07:37 | INFO | Episode  361 - Reward: 98.000, Length: 98, Loss: 3.5245, Entropy: 0.6388, Epsilon: 0.010
2026-03-28 19:07:38 | INFO | Episode  362 - Reward: 29.000, Length: 29, Loss: 3.5758, Entropy: 0.6428, Epsilon: 0.010
2026-03-28 19:07:39 | INFO | Episode  363 - Reward: 44.000, Length: 44, Loss: 3.2727, Entropy: 0.6629, Epsilon: 0.010
2026-03-28 19:07:40 | INFO | Episode  364 - Reward: 94.000, Length: 94, Loss: 5.4300, Entropy: 0.6569, Epsilon: 0.010
2026-03-28 19:07:40 | INFO | Episode  365 - Reward: 111.000, Length: 111, Loss: 2.9074, Entropy: 0.6421, Epsilon: 0.010
2026-03-28 19:07:41 | INFO | Episode  366 - Reward: 31.000, Length: 31, Loss: 2.4158, Entropy: 0.6520, Epsilon: 0.010
2026-03-28 19:07:42 | INFO | Episode  367 - Reward: 25.000, Length: 25, Loss: 4.1060, Entropy: 0.6665, Epsilon: 0.010
2026-03-28 19:07:43 | INFO | Episode  368 - Reward: 99.000, Length: 99, Loss: 3.5218, Entropy: 0.6546, Epsilon: 0.010
2026-03-28 19:07:44 | INFO | Episode  369 - Reward: 25.000, Length: 25, Loss: 5.4151, Entropy: 0.6055, Epsilon: 0.010
2026-03-28 19:07:44 | INFO | Episode  370 - Reward: 20.000, Length: 20, Loss: 2.0951, Entropy: 0.6482, Epsilon: 0.010
2026-03-28 19:07:45 | INFO | Episode  371 - Reward: 37.000, Length: 37, Loss: 2.5997, Entropy: 0.6199, Epsilon: 0.010
2026-03-28 19:07:46 | INFO | Episode  372 - Reward: 29.000, Length: 29, Loss: 2.2593, Entropy: 0.6037, Epsilon: 0.010
2026-03-28 19:07:47 | INFO | Episode  373 - Reward: 20.000, Length: 20, Loss: 10.4479, Entropy: 0.5683, Epsilon: 0.010
2026-03-28 19:07:47 | INFO | Episode  374 - Reward: 20.000, Length: 20, Loss: 9.1495, Entropy: 0.6553, Epsilon: 0.010
2026-03-28 19:07:48 | INFO | Episode  375 - Reward: 109.000, Length: 109, Loss: 9.6136, Entropy: 0.5889, Epsilon: 0.010
2026-03-28 19:07:49 | INFO | Episode  376 - Reward: 25.000, Length: 25, Loss: 9.1805, Entropy: 0.6071, Epsilon: 0.010
2026-03-28 19:07:50 | INFO | Episode  377 - Reward: 23.000, Length: 23, Loss: 11.8688, Entropy: 0.5753, Epsilon: 0.010
2026-03-28 19:07:50 | INFO | Episode  378 - Reward: 30.000, Length: 30, Loss: 7.6861, Entropy: 0.6233, Epsilon: 0.010
2026-03-28 19:07:51 | INFO | Episode  379 - Reward: 22.000, Length: 22, Loss: 6.7421, Entropy: 0.5998, Epsilon: 0.010
2026-03-28 19:07:52 | INFO | Episode  380 - Reward: 22.000, Length: 22, Loss: 8.0954, Entropy: 0.5936, Epsilon: 0.010
2026-03-28 19:07:53 | INFO | Episode  381 - Reward: 106.000, Length: 106, Loss: 6.7353, Entropy: 0.5967, Epsilon: 0.010
2026-03-28 19:07:53 | INFO | Episode  382 - Reward: 24.000, Length: 24, Loss: 3.7905, Entropy: 0.6463, Epsilon: 0.010
2026-03-28 19:07:54 | INFO | Episode  383 - Reward: 96.000, Length: 96, Loss: 2.6400, Entropy: 0.6343, Epsilon: 0.010
2026-03-28 19:07:55 | INFO | Episode  384 - Reward: 28.000, Length: 28, Loss: 3.9968, Entropy: 0.6378, Epsilon: 0.010
2026-03-28 19:07:56 | INFO | Episode  385 - Reward: 32.000, Length: 32, Loss: 2.2535, Entropy: 0.6482, Epsilon: 0.010
2026-03-28 19:07:57 | INFO | Episode  386 - Reward: 102.000, Length: 102, Loss: 3.1310, Entropy: 0.6361, Epsilon: 0.010
2026-03-28 19:07:57 | INFO | Episode  387 - Reward: 98.000, Length: 98, Loss: 6.0819, Entropy: 0.6294, Epsilon: 0.010
2026-03-28 19:07:58 | INFO | Episode  388 - Reward: 38.000, Length: 38, Loss: 1.3735, Entropy: 0.6441, Epsilon: 0.010
2026-03-28 19:07:59 | INFO | Episode  389 - Reward: 104.000, Length: 104, Loss: 3.1797, Entropy: 0.6392, Epsilon: 0.010
2026-03-28 19:08:00 | INFO | Episode  390 - Reward: 92.000, Length: 92, Loss: 4.0717, Entropy: 0.5961, Epsilon: 0.010
2026-03-28 19:08:00 | INFO | Episode  391 - Reward: 82.000, Length: 82, Loss: 6.9134, Entropy: 0.6039, Epsilon: 0.010
2026-03-28 19:08:01 | INFO | Episode  392 - Reward: 108.000, Length: 108, Loss: 2.3640, Entropy: 0.5868, Epsilon: 0.010
2026-03-28 19:08:02 | INFO | Episode  393 - Reward: 85.000, Length: 85, Loss: 4.8124, Entropy: 0.5803, Epsilon: 0.010
2026-03-28 19:08:03 | INFO | Episode  394 - Reward: 23.000, Length: 23, Loss: 4.9261, Entropy: 0.5774, Epsilon: 0.010
2026-03-28 19:08:03 | INFO | Episode  395 - Reward: 86.000, Length: 86, Loss: 4.1810, Entropy: 0.5637, Epsilon: 0.010
2026-03-28 19:08:04 | INFO | Episode  396 - Reward: 22.000, Length: 22, Loss: 4.3917, Entropy: 0.6279, Epsilon: 0.010
2026-03-28 19:08:05 | INFO | Episode  397 - Reward: 142.000, Length: 142, Loss: 3.1743, Entropy: 0.6005, Epsilon: 0.010
2026-03-28 19:08:06 | INFO | Episode  398 - Reward: 161.000, Length: 161, Loss: 3.4403, Entropy: 0.6371, Epsilon: 0.010
2026-03-28 19:08:06 | INFO | Episode  399 - Reward: 97.000, Length: 97, Loss: 2.9220, Entropy: 0.6040, Epsilon: 0.010
2026-03-28 19:08:07 | INFO | Episode  400 - Reward: 89.000, Length: 89, Loss: 4.4338, Entropy: 0.6323, Epsilon: 0.010
2026-03-28 19:08:40 | INFO | [Episode  400] eps=0.010  avg_reward=  65.180  avg_length= 65.18  avg_loss=  4.4447  avg_entropy=0.6323  eval_success=1.000
2026-03-28 19:08:41 | INFO | Episode  401 - Reward: 111.000, Length: 111, Loss: 3.9067, Entropy: 0.6055, Epsilon: 0.010
2026-03-28 19:08:42 | INFO | Episode  402 - Reward: 101.000, Length: 101, Loss: 3.1003, Entropy: 0.6189, Epsilon: 0.010
2026-03-28 19:08:43 | INFO | Episode  403 - Reward: 115.000, Length: 115, Loss: 3.3580, Entropy: 0.5915, Epsilon: 0.010
2026-03-28 19:08:43 | INFO | Episode  404 - Reward: 129.000, Length: 129, Loss: 2.9367, Entropy: 0.5892, Epsilon: 0.010
2026-03-28 19:08:44 | INFO | Episode  405 - Reward: 132.000, Length: 132, Loss: 3.2049, Entropy: 0.5918, Epsilon: 0.010
2026-03-28 19:08:45 | INFO | Episode  406 - Reward: 70.000, Length: 70, Loss: 6.7942, Entropy: 0.6011, Epsilon: 0.010
2026-03-28 19:08:46 | INFO | Episode  407 - Reward: 93.000, Length: 93, Loss: 5.5876, Entropy: 0.5881, Epsilon: 0.010
2026-03-28 19:08:47 | INFO | Episode  408 - Reward: 79.000, Length: 79, Loss: 7.7896, Entropy: 0.6113, Epsilon: 0.010
2026-03-28 19:08:47 | INFO | Episode  409 - Reward: 84.000, Length: 84, Loss: 6.3874, Entropy: 0.5693, Epsilon: 0.010
2026-03-28 19:08:48 | INFO | Episode  410 - Reward: 91.000, Length: 91, Loss: 4.2339, Entropy: 0.5947, Epsilon: 0.010
2026-03-28 19:08:49 | INFO | Episode  411 - Reward: 77.000, Length: 77, Loss: 7.6447, Entropy: 0.6306, Epsilon: 0.010
2026-03-28 19:08:50 | INFO | Episode  412 - Reward: 101.000, Length: 101, Loss: 12.5407, Entropy: 0.5811, Epsilon: 0.010
2026-03-28 19:08:50 | INFO | Episode  413 - Reward: 29.000, Length: 29, Loss: 4.4197, Entropy: 0.5903, Epsilon: 0.010
2026-03-28 19:08:51 | INFO | Episode  414 - Reward: 101.000, Length: 101, Loss: 7.5673, Entropy: 0.5940, Epsilon: 0.010
2026-03-28 19:08:52 | INFO | Episode  415 - Reward: 83.000, Length: 83, Loss: 6.9261, Entropy: 0.5822, Epsilon: 0.010
2026-03-28 19:08:53 | INFO | Episode  416 - Reward: 33.000, Length: 33, Loss: 6.6027, Entropy: 0.5791, Epsilon: 0.010
2026-03-28 19:08:53 | INFO | Episode  417 - Reward: 116.000, Length: 116, Loss: 7.3956, Entropy: 0.5282, Epsilon: 0.010
2026-03-28 19:08:54 | INFO | Episode  418 - Reward: 111.000, Length: 111, Loss: 2.3234, Entropy: 0.6027, Epsilon: 0.010
2026-03-28 19:08:55 | INFO | Episode  419 - Reward: 106.000, Length: 106, Loss: 4.5771, Entropy: 0.6223, Epsilon: 0.010
2026-03-28 19:08:56 | INFO | Episode  420 - Reward: 100.000, Length: 100, Loss: 2.1932, Entropy: 0.6215, Epsilon: 0.010
2026-03-28 19:08:56 | INFO | Episode  421 - Reward: 25.000, Length: 25, Loss: 2.7294, Entropy: 0.6146, Epsilon: 0.010
2026-03-28 19:08:57 | INFO | Episode  422 - Reward: 56.000, Length: 56, Loss: 2.8714, Entropy: 0.6167, Epsilon: 0.010
2026-03-28 19:08:58 | INFO | Episode  423 - Reward: 29.000, Length: 29, Loss: 7.5362, Entropy: 0.5938, Epsilon: 0.010
2026-03-28 19:08:59 | INFO | Episode  424 - Reward: 21.000, Length: 21, Loss: 5.1474, Entropy: 0.6161, Epsilon: 0.010
2026-03-28 19:09:00 | INFO | Episode  425 - Reward: 73.000, Length: 73, Loss: 2.5025, Entropy: 0.5968, Epsilon: 0.010
2026-03-28 19:09:01 | INFO | Episode  426 - Reward: 100.000, Length: 100, Loss: 2.5206, Entropy: 0.5958, Epsilon: 0.010
2026-03-28 19:09:01 | INFO | Episode  427 - Reward: 118.000, Length: 118, Loss: 4.9351, Entropy: 0.5972, Epsilon: 0.010
2026-03-28 19:09:02 | INFO | Episode  428 - Reward: 94.000, Length: 94, Loss: 2.8622, Entropy: 0.5982, Epsilon: 0.010
2026-03-28 19:09:03 | INFO | Episode  429 - Reward: 130.000, Length: 130, Loss: 5.0734, Entropy: 0.5771, Epsilon: 0.010
2026-03-28 19:09:04 | INFO | Episode  430 - Reward: 112.000, Length: 112, Loss: 2.3744, Entropy: 0.6165, Epsilon: 0.010
2026-03-28 19:09:05 | INFO | Episode  431 - Reward: 90.000, Length: 90, Loss: 5.8766, Entropy: 0.6223, Epsilon: 0.010
2026-03-28 19:09:05 | INFO | Episode  432 - Reward: 110.000, Length: 110, Loss: 3.1515, Entropy: 0.6170, Epsilon: 0.010
2026-03-28 19:09:06 | INFO | Episode  433 - Reward: 81.000, Length: 81, Loss: 2.3642, Entropy: 0.6211, Epsilon: 0.010
2026-03-28 19:09:07 | INFO | Episode  434 - Reward: 99.000, Length: 99, Loss: 2.7612, Entropy: 0.6145, Epsilon: 0.010
2026-03-28 19:09:08 | INFO | Episode  435 - Reward: 80.000, Length: 80, Loss: 4.0739, Entropy: 0.6028, Epsilon: 0.010
2026-03-28 19:09:08 | INFO | Episode  436 - Reward: 103.000, Length: 103, Loss: 2.9294, Entropy: 0.6166, Epsilon: 0.010
2026-03-28 19:09:09 | INFO | Episode  437 - Reward: 96.000, Length: 96, Loss: 3.2364, Entropy: 0.6051, Epsilon: 0.010
2026-03-28 19:09:10 | INFO | Episode  438 - Reward: 100.000, Length: 100, Loss: 3.8472, Entropy: 0.5954, Epsilon: 0.010
2026-03-28 19:09:11 | INFO | Episode  439 - Reward: 101.000, Length: 101, Loss: 2.7941, Entropy: 0.5981, Epsilon: 0.010
2026-03-28 19:09:11 | INFO | Episode  440 - Reward: 27.000, Length: 27, Loss: 3.4657, Entropy: 0.6077, Epsilon: 0.010
2026-03-28 19:09:12 | INFO | Episode  441 - Reward: 102.000, Length: 102, Loss: 1.7540, Entropy: 0.5847, Epsilon: 0.010
2026-03-28 19:09:13 | INFO | Episode  442 - Reward: 117.000, Length: 117, Loss: 4.7466, Entropy: 0.5823, Epsilon: 0.010
2026-03-28 19:09:14 | INFO | Episode  443 - Reward: 200.000, Length: 200, Loss: 3.0844, Entropy: 0.5941, Epsilon: 0.010
2026-03-28 19:09:15 | INFO | Episode  444 - Reward: 111.000, Length: 111, Loss: 1.7399, Entropy: 0.5759, Epsilon: 0.010
2026-03-28 19:09:15 | INFO | Episode  445 - Reward: 116.000, Length: 116, Loss: 5.6045, Entropy: 0.6106, Epsilon: 0.010
2026-03-28 19:09:16 | INFO | Episode  446 - Reward: 96.000, Length: 96, Loss: 3.5824, Entropy: 0.6137, Epsilon: 0.010
2026-03-28 19:09:17 | INFO | Episode  447 - Reward: 73.000, Length: 73, Loss: 5.5675, Entropy: 0.6126, Epsilon: 0.010
2026-03-28 19:09:18 | INFO | Episode  448 - Reward: 30.000, Length: 30, Loss: 0.9603, Entropy: 0.6173, Epsilon: 0.010
2026-03-28 19:09:18 | INFO | Episode  449 - Reward: 109.000, Length: 109, Loss: 2.7041, Entropy: 0.6009, Epsilon: 0.010
2026-03-28 19:09:19 | INFO | Episode  450 - Reward: 143.000, Length: 143, Loss: 1.6073, Entropy: 0.6283, Epsilon: 0.010
2026-03-28 19:09:50 | INFO | [Episode  450] eps=0.010  avg_reward=  92.080  avg_length= 92.08  avg_loss=  4.2779  avg_entropy=0.6283  eval_success=1.000
2026-03-28 19:09:51 | INFO | Episode  451 - Reward: 117.000, Length: 117, Loss: 3.7165, Entropy: 0.6273, Epsilon: 0.010
2026-03-28 19:09:51 | INFO | Episode  452 - Reward: 89.000, Length: 89, Loss: 5.0516, Entropy: 0.5818, Epsilon: 0.010
2026-03-28 19:09:52 | INFO | Episode  453 - Reward: 41.000, Length: 41, Loss: 3.0784, Entropy: 0.6002, Epsilon: 0.010
2026-03-28 19:09:53 | INFO | Episode  454 - Reward: 88.000, Length: 88, Loss: 2.9356, Entropy: 0.6257, Epsilon: 0.010
2026-03-28 19:09:54 | INFO | Episode  455 - Reward: 129.000, Length: 129, Loss: 4.1382, Entropy: 0.6136, Epsilon: 0.010
2026-03-28 19:09:54 | INFO | Episode  456 - Reward: 109.000, Length: 109, Loss: 2.5638, Entropy: 0.6274, Epsilon: 0.010
2026-03-28 19:09:55 | INFO | Episode  457 - Reward: 42.000, Length: 42, Loss: 3.1885, Entropy: 0.6132, Epsilon: 0.010
2026-03-28 19:09:56 | INFO | Episode  458 - Reward: 32.000, Length: 32, Loss: 2.9650, Entropy: 0.6173, Epsilon: 0.010
2026-03-28 19:09:57 | INFO | Episode  459 - Reward: 101.000, Length: 101, Loss: 2.1189, Entropy: 0.6319, Epsilon: 0.010
2026-03-28 19:09:57 | INFO | Episode  460 - Reward: 127.000, Length: 127, Loss: 4.1281, Entropy: 0.6323, Epsilon: 0.010
2026-03-28 19:09:58 | INFO | Episode  461 - Reward: 108.000, Length: 108, Loss: 5.5065, Entropy: 0.6116, Epsilon: 0.010
2026-03-28 19:09:59 | INFO | Episode  462 - Reward: 84.000, Length: 84, Loss: 4.1323, Entropy: 0.6142, Epsilon: 0.010
2026-03-28 19:10:00 | INFO | Episode  463 - Reward: 109.000, Length: 109, Loss: 4.1229, Entropy: 0.6067, Epsilon: 0.010
2026-03-28 19:10:01 | INFO | Episode  464 - Reward: 106.000, Length: 106, Loss: 1.5723, Entropy: 0.5938, Epsilon: 0.010
2026-03-28 19:10:01 | INFO | Episode  465 - Reward: 113.000, Length: 113, Loss: 5.6124, Entropy: 0.5981, Epsilon: 0.010
2026-03-28 19:10:02 | INFO | Episode  466 - Reward: 72.000, Length: 72, Loss: 2.4590, Entropy: 0.5926, Epsilon: 0.010
2026-03-28 19:10:03 | INFO | Episode  467 - Reward: 93.000, Length: 93, Loss: 1.5053, Entropy: 0.5568, Epsilon: 0.010
2026-03-28 19:10:04 | INFO | Episode  468 - Reward: 120.000, Length: 120, Loss: 3.9794, Entropy: 0.5646, Epsilon: 0.010
2026-03-28 19:10:04 | INFO | Episode  469 - Reward: 118.000, Length: 118, Loss: 3.2143, Entropy: 0.5714, Epsilon: 0.010
2026-03-28 19:10:05 | INFO | Episode  470 - Reward: 112.000, Length: 112, Loss: 1.9636, Entropy: 0.5841, Epsilon: 0.010
2026-03-28 19:10:06 | INFO | Episode  471 - Reward: 118.000, Length: 118, Loss: 4.0993, Entropy: 0.5948, Epsilon: 0.010
2026-03-28 19:10:07 | INFO | Episode  472 - Reward: 115.000, Length: 115, Loss: 5.7376, Entropy: 0.6073, Epsilon: 0.010
2026-03-28 19:10:07 | INFO | Episode  473 - Reward: 29.000, Length: 29, Loss: 6.0393, Entropy: 0.6316, Epsilon: 0.010
2026-03-28 19:10:08 | INFO | Episode  474 - Reward: 97.000, Length: 97, Loss: 5.0780, Entropy: 0.6322, Epsilon: 0.010
2026-03-28 19:10:09 | INFO | Episode  475 - Reward: 94.000, Length: 94, Loss: 3.8620, Entropy: 0.6276, Epsilon: 0.010
2026-03-28 19:10:10 | INFO | Episode  476 - Reward: 105.000, Length: 105, Loss: 2.7159, Entropy: 0.6122, Epsilon: 0.010
2026-03-28 19:10:11 | INFO | Episode  477 - Reward: 126.000, Length: 126, Loss: 2.0131, Entropy: 0.6157, Epsilon: 0.010
2026-03-28 19:10:11 | INFO | Episode  478 - Reward: 113.000, Length: 113, Loss: 3.2826, Entropy: 0.6223, Epsilon: 0.010
2026-03-28 19:10:12 | INFO | Episode  479 - Reward: 111.000, Length: 111, Loss: 2.1252, Entropy: 0.6189, Epsilon: 0.010
2026-03-28 19:10:13 | INFO | Episode  480 - Reward: 118.000, Length: 118, Loss: 3.1207, Entropy: 0.6217, Epsilon: 0.010
2026-03-28 19:10:14 | INFO | Episode  481 - Reward: 103.000, Length: 103, Loss: 7.4972, Entropy: 0.5869, Epsilon: 0.010
2026-03-28 19:10:14 | INFO | Episode  482 - Reward: 69.000, Length: 69, Loss: 7.4543, Entropy: 0.5990, Epsilon: 0.010
2026-03-28 19:10:15 | INFO | Episode  483 - Reward: 37.000, Length: 37, Loss: 3.8921, Entropy: 0.6203, Epsilon: 0.010
2026-03-28 19:10:16 | INFO | Episode  484 - Reward: 100.000, Length: 100, Loss: 3.1063, Entropy: 0.6268, Epsilon: 0.010
2026-03-28 19:10:17 | INFO | Episode  485 - Reward: 92.000, Length: 92, Loss: 4.2688, Entropy: 0.6264, Epsilon: 0.010
2026-03-28 19:10:18 | INFO | Episode  486 - Reward: 113.000, Length: 113, Loss: 6.2461, Entropy: 0.6331, Epsilon: 0.010
2026-03-28 19:10:18 | INFO | Episode  487 - Reward: 69.000, Length: 69, Loss: 15.6006, Entropy: 0.5800, Epsilon: 0.010
2026-03-28 19:10:19 | INFO | Episode  488 - Reward: 20.000, Length: 20, Loss: 8.6701, Entropy: 0.6500, Epsilon: 0.010
2026-03-28 19:10:20 | INFO | Episode  489 - Reward: 96.000, Length: 96, Loss: 11.8402, Entropy: 0.6010, Epsilon: 0.010
2026-03-28 19:10:21 | INFO | Episode  490 - Reward: 17.000, Length: 17, Loss: 10.5507, Entropy: 0.6211, Epsilon: 0.010
2026-03-28 19:10:21 | INFO | Episode  491 - Reward: 37.000, Length: 37, Loss: 7.5289, Entropy: 0.6247, Epsilon: 0.010
2026-03-28 19:10:22 | INFO | Episode  492 - Reward: 29.000, Length: 29, Loss: 8.4333, Entropy: 0.6170, Epsilon: 0.010
2026-03-28 19:10:23 | INFO | Episode  493 - Reward: 94.000, Length: 94, Loss: 4.3564, Entropy: 0.6318, Epsilon: 0.010
2026-03-28 19:10:24 | INFO | Episode  494 - Reward: 78.000, Length: 78, Loss: 5.2292, Entropy: 0.6158, Epsilon: 0.010
2026-03-28 19:10:24 | INFO | Episode  495 - Reward: 64.000, Length: 64, Loss: 1.8188, Entropy: 0.6439, Epsilon: 0.010
2026-03-28 19:10:26 | INFO | Episode  496 - Reward: 92.000, Length: 92, Loss: 3.8350, Entropy: 0.6342, Epsilon: 0.010
2026-03-28 19:10:26 | INFO | Episode  497 - Reward: 93.000, Length: 93, Loss: 0.8344, Entropy: 0.6290, Epsilon: 0.010
2026-03-28 19:10:27 | INFO | Episode  498 - Reward: 98.000, Length: 98, Loss: 2.6481, Entropy: 0.6194, Epsilon: 0.010
2026-03-28 19:10:28 | INFO | Episode  499 - Reward: 105.000, Length: 105, Loss: 4.4026, Entropy: 0.6183, Epsilon: 0.010
2026-03-28 19:10:29 | INFO | Episode  500 - Reward: 97.000, Length: 97, Loss: 3.2991, Entropy: 0.6262, Epsilon: 0.010
2026-03-28 19:10:53 | INFO | [Episode  500] eps=0.010  avg_reward=  88.780  avg_length= 88.78  avg_loss=  4.5508  avg_entropy=0.6262  eval_success=1.000
2026-03-28 19:10:53 | INFO | Episode  501 - Reward: 90.000, Length: 90, Loss: 1.4645, Entropy: 0.6284, Epsilon: 0.010
2026-03-28 19:10:54 | INFO | Episode  502 - Reward: 94.000, Length: 94, Loss: 0.7648, Entropy: 0.6385, Epsilon: 0.010
2026-03-28 19:10:55 | INFO | Episode  503 - Reward: 102.000, Length: 102, Loss: 3.0934, Entropy: 0.6323, Epsilon: 0.010
2026-03-28 19:10:56 | INFO | Episode  504 - Reward: 90.000, Length: 90, Loss: 2.0704, Entropy: 0.6404, Epsilon: 0.010
2026-03-28 19:10:56 | INFO | Episode  505 - Reward: 116.000, Length: 116, Loss: 1.2533, Entropy: 0.6353, Epsilon: 0.010
2026-03-28 19:10:57 | INFO | Episode  506 - Reward: 123.000, Length: 123, Loss: 8.9114, Entropy: 0.6053, Epsilon: 0.010
2026-03-28 19:10:58 | INFO | Episode  507 - Reward: 70.000, Length: 70, Loss: 6.5468, Entropy: 0.5644, Epsilon: 0.010
2026-03-28 19:10:59 | INFO | Episode  508 - Reward: 95.000, Length: 95, Loss: 5.6130, Entropy: 0.6286, Epsilon: 0.010
2026-03-28 19:11:00 | INFO | Episode  509 - Reward: 121.000, Length: 121, Loss: 8.2863, Entropy: 0.6032, Epsilon: 0.010
2026-03-28 19:11:00 | INFO | Episode  510 - Reward: 24.000, Length: 24, Loss: 1.6318, Entropy: 0.6195, Epsilon: 0.010
2026-03-28 19:11:01 | INFO | Episode  511 - Reward: 90.000, Length: 90, Loss: 2.8228, Entropy: 0.6305, Epsilon: 0.010
2026-03-28 19:11:02 | INFO | Episode  512 - Reward: 32.000, Length: 32, Loss: 2.2614, Entropy: 0.6061, Epsilon: 0.010
2026-03-28 19:11:03 | INFO | Episode  513 - Reward: 103.000, Length: 103, Loss: 1.5355, Entropy: 0.6011, Epsilon: 0.010
2026-03-28 19:11:04 | INFO | Episode  514 - Reward: 97.000, Length: 97, Loss: 2.5992, Entropy: 0.5842, Epsilon: 0.010
2026-03-28 19:11:04 | INFO | Episode  515 - Reward: 106.000, Length: 106, Loss: 2.9891, Entropy: 0.6009, Epsilon: 0.010
2026-03-28 19:11:05 | INFO | Episode  516 - Reward: 98.000, Length: 98, Loss: 2.1167, Entropy: 0.5858, Epsilon: 0.010
2026-03-28 19:11:06 | INFO | Episode  517 - Reward: 100.000, Length: 100, Loss: 1.2988, Entropy: 0.5890, Epsilon: 0.010
2026-03-28 19:11:07 | INFO | Episode  518 - Reward: 114.000, Length: 114, Loss: 2.6023, Entropy: 0.6101, Epsilon: 0.010
2026-03-28 19:11:08 | INFO | Episode  519 - Reward: 107.000, Length: 107, Loss: 3.9513, Entropy: 0.6140, Epsilon: 0.010
2026-03-28 19:11:08 | INFO | Episode  520 - Reward: 103.000, Length: 103, Loss: 2.7263, Entropy: 0.6145, Epsilon: 0.010
2026-03-28 19:11:09 | INFO | Episode  521 - Reward: 119.000, Length: 119, Loss: 4.1873, Entropy: 0.6274, Epsilon: 0.010
2026-03-28 19:11:10 | INFO | Episode  522 - Reward: 103.000, Length: 103, Loss: 5.8179, Entropy: 0.6239, Epsilon: 0.010
2026-03-28 19:11:11 | INFO | Episode  523 - Reward: 94.000, Length: 94, Loss: 6.4701, Entropy: 0.6336, Epsilon: 0.010
2026-03-28 19:11:12 | INFO | Episode  524 - Reward: 79.000, Length: 79, Loss: 5.5849, Entropy: 0.5494, Epsilon: 0.010
2026-03-28 19:11:13 | INFO | Episode  525 - Reward: 25.000, Length: 25, Loss: 2.7447, Entropy: 0.6151, Epsilon: 0.010
2026-03-28 19:11:13 | INFO | Episode  526 - Reward: 113.000, Length: 113, Loss: 1.1375, Entropy: 0.6169, Epsilon: 0.010
2026-03-28 19:11:14 | INFO | Episode  527 - Reward: 124.000, Length: 124, Loss: 3.3851, Entropy: 0.6068, Epsilon: 0.010
2026-03-28 19:11:15 | INFO | Episode  528 - Reward: 118.000, Length: 118, Loss: 7.9735, Entropy: 0.6078, Epsilon: 0.010
2026-03-28 19:11:16 | INFO | Episode  529 - Reward: 30.000, Length: 30, Loss: 9.4525, Entropy: 0.5977, Epsilon: 0.010
2026-03-28 19:11:16 | INFO | Episode  530 - Reward: 17.000, Length: 17, Loss: 9.8876, Entropy: 0.6139, Epsilon: 0.010
2026-03-28 19:11:17 | INFO | Episode  531 - Reward: 27.000, Length: 27, Loss: 7.4099, Entropy: 0.6293, Epsilon: 0.010
2026-03-28 19:11:18 | INFO | Episode  532 - Reward: 81.000, Length: 81, Loss: 7.4379, Entropy: 0.6053, Epsilon: 0.010
2026-03-28 19:11:19 | INFO | Episode  533 - Reward: 20.000, Length: 20, Loss: 6.5237, Entropy: 0.6265, Epsilon: 0.010
2026-03-28 19:11:20 | INFO | Episode  534 - Reward: 26.000, Length: 26, Loss: 5.1168, Entropy: 0.6183, Epsilon: 0.010
2026-03-28 19:11:20 | INFO | Episode  535 - Reward: 20.000, Length: 20, Loss: 3.9442, Entropy: 0.6524, Epsilon: 0.010
2026-03-28 19:11:21 | INFO | Episode  536 - Reward: 104.000, Length: 104, Loss: 2.3777, Entropy: 0.6476, Epsilon: 0.010
2026-03-28 19:11:22 | INFO | Episode  537 - Reward: 108.000, Length: 108, Loss: 11.4074, Entropy: 0.6100, Epsilon: 0.010
2026-03-28 19:11:23 | INFO | Episode  538 - Reward: 92.000, Length: 92, Loss: 12.7876, Entropy: 0.5971, Epsilon: 0.010
2026-03-28 19:11:23 | INFO | Episode  539 - Reward: 25.000, Length: 25, Loss: 8.7666, Entropy: 0.6006, Epsilon: 0.010
2026-03-28 19:11:24 | INFO | Episode  540 - Reward: 64.000, Length: 64, Loss: 8.5892, Entropy: 0.6435, Epsilon: 0.010
2026-03-28 19:11:25 | INFO | Episode  541 - Reward: 31.000, Length: 31, Loss: 8.0604, Entropy: 0.6325, Epsilon: 0.010
2026-03-28 19:11:26 | INFO | Episode  542 - Reward: 30.000, Length: 30, Loss: 7.4650, Entropy: 0.6273, Epsilon: 0.010
2026-03-28 19:11:27 | INFO | Episode  543 - Reward: 22.000, Length: 22, Loss: 8.4783, Entropy: 0.6223, Epsilon: 0.010
2026-03-28 19:11:27 | INFO | Episode  544 - Reward: 87.000, Length: 87, Loss: 9.3068, Entropy: 0.5593, Epsilon: 0.010
2026-03-28 19:11:28 | INFO | Episode  545 - Reward: 25.000, Length: 25, Loss: 6.9410, Entropy: 0.6180, Epsilon: 0.010
2026-03-28 19:11:29 | INFO | Episode  546 - Reward: 97.000, Length: 97, Loss: 2.5097, Entropy: 0.6317, Epsilon: 0.010
2026-03-28 19:11:30 | INFO | Episode  547 - Reward: 162.000, Length: 162, Loss: 2.8551, Entropy: 0.6259, Epsilon: 0.010
2026-03-28 19:11:30 | INFO | Episode  548 - Reward: 159.000, Length: 159, Loss: 2.3738, Entropy: 0.6253, Epsilon: 0.010
2026-03-28 19:11:31 | INFO | Episode  549 - Reward: 190.000, Length: 190, Loss: 10.0591, Entropy: 0.6115, Epsilon: 0.010
2026-03-28 19:11:32 | INFO | Episode  550 - Reward: 128.000, Length: 128, Loss: 4.1252, Entropy: 0.6333, Epsilon: 0.010
2026-03-28 19:12:03 | INFO | [Episode  550] eps=0.010  avg_reward=  83.900  avg_length= 83.90  avg_loss=  5.1543  avg_entropy=0.6333  eval_success=1.000
2026-03-28 19:12:04 | INFO | Episode  551 - Reward: 115.000, Length: 115, Loss: 2.2733, Entropy: 0.6167, Epsilon: 0.010
2026-03-28 19:12:05 | INFO | Episode  552 - Reward: 167.000, Length: 167, Loss: 2.8324, Entropy: 0.6171, Epsilon: 0.010
2026-03-28 19:12:05 | INFO | Episode  553 - Reward: 111.000, Length: 111, Loss: 2.6911, Entropy: 0.6346, Epsilon: 0.010
2026-03-28 19:12:06 | INFO | Episode  554 - Reward: 84.000, Length: 84, Loss: 3.7948, Entropy: 0.6181, Epsilon: 0.010
2026-03-28 19:12:07 | INFO | Episode  555 - Reward: 83.000, Length: 83, Loss: 3.0872, Entropy: 0.6206, Epsilon: 0.010
2026-03-28 19:12:08 | INFO | Episode  556 - Reward: 88.000, Length: 88, Loss: 2.9452, Entropy: 0.6035, Epsilon: 0.010
2026-03-28 19:12:08 | INFO | Episode  557 - Reward: 113.000, Length: 113, Loss: 4.5232, Entropy: 0.6297, Epsilon: 0.010
2026-03-28 19:12:09 | INFO | Episode  558 - Reward: 97.000, Length: 97, Loss: 3.6846, Entropy: 0.6191, Epsilon: 0.010
2026-03-28 19:12:10 | INFO | Episode  559 - Reward: 94.000, Length: 94, Loss: 2.2850, Entropy: 0.6139, Epsilon: 0.010
2026-03-28 19:12:11 | INFO | Episode  560 - Reward: 108.000, Length: 108, Loss: 3.7983, Entropy: 0.6009, Epsilon: 0.010
2026-03-28 19:12:12 | INFO | Episode  561 - Reward: 91.000, Length: 91, Loss: 2.7686, Entropy: 0.6265, Epsilon: 0.010
2026-03-28 19:12:12 | INFO | Episode  562 - Reward: 116.000, Length: 116, Loss: 2.0690, Entropy: 0.6100, Epsilon: 0.010
2026-03-28 19:12:13 | INFO | Episode  563 - Reward: 97.000, Length: 97, Loss: 7.1641, Entropy: 0.5835, Epsilon: 0.010
2026-03-28 19:12:14 | INFO | Episode  564 - Reward: 87.000, Length: 87, Loss: 10.8295, Entropy: 0.5962, Epsilon: 0.010
2026-03-28 19:12:15 | INFO | Episode  565 - Reward: 133.000, Length: 133, Loss: 12.3724, Entropy: 0.6248, Epsilon: 0.010
2026-03-28 19:12:15 | INFO | Episode  566 - Reward: 99.000, Length: 99, Loss: 6.9606, Entropy: 0.6093, Epsilon: 0.010
2026-03-28 19:12:16 | INFO | Episode  567 - Reward: 102.000, Length: 102, Loss: 5.2964, Entropy: 0.6069, Epsilon: 0.010
2026-03-28 19:12:17 | INFO | Episode  568 - Reward: 91.000, Length: 91, Loss: 2.9837, Entropy: 0.6329, Epsilon: 0.010
2026-03-28 19:12:18 | INFO | Episode  569 - Reward: 86.000, Length: 86, Loss: 6.9589, Entropy: 0.6111, Epsilon: 0.010
2026-03-28 19:12:19 | INFO | Episode  570 - Reward: 86.000, Length: 86, Loss: 4.1903, Entropy: 0.6292, Epsilon: 0.010
2026-03-28 19:12:19 | INFO | Episode  571 - Reward: 31.000, Length: 31, Loss: 5.8083, Entropy: 0.6152, Epsilon: 0.010
2026-03-28 19:12:20 | INFO | Episode  572 - Reward: 21.000, Length: 21, Loss: 8.2999, Entropy: 0.5899, Epsilon: 0.010
2026-03-28 19:12:21 | INFO | Episode  573 - Reward: 22.000, Length: 22, Loss: 9.7050, Entropy: 0.5774, Epsilon: 0.010
2026-03-28 19:12:22 | INFO | Episode  574 - Reward: 22.000, Length: 22, Loss: 4.7869, Entropy: 0.6274, Epsilon: 0.010
2026-03-28 19:12:22 | INFO | Episode  575 - Reward: 150.000, Length: 150, Loss: 5.7166, Entropy: 0.6260, Epsilon: 0.010
2026-03-28 19:12:23 | INFO | Episode  576 - Reward: 27.000, Length: 27, Loss: 1.0759, Entropy: 0.6332, Epsilon: 0.010
2026-03-28 19:12:24 | INFO | Episode  577 - Reward: 200.000, Length: 200, Loss: 3.1848, Entropy: 0.6011, Epsilon: 0.010
2026-03-28 19:12:25 | INFO | Episode  578 - Reward: 27.000, Length: 27, Loss: 5.6832, Entropy: 0.6125, Epsilon: 0.010
2026-03-28 19:12:26 | INFO | Episode  579 - Reward: 83.000, Length: 83, Loss: 4.3774, Entropy: 0.6158, Epsilon: 0.010
2026-03-28 19:12:27 | INFO | Episode  580 - Reward: 110.000, Length: 110, Loss: 5.0371, Entropy: 0.6179, Epsilon: 0.010
2026-03-28 19:12:28 | INFO | Episode  581 - Reward: 87.000, Length: 87, Loss: 2.3241, Entropy: 0.6220, Epsilon: 0.010
2026-03-28 19:12:28 | INFO | Episode  582 - Reward: 22.000, Length: 22, Loss: 2.5968, Entropy: 0.6194, Epsilon: 0.010
2026-03-28 19:12:29 | INFO | Episode  583 - Reward: 127.000, Length: 127, Loss: 5.2900, Entropy: 0.6208, Epsilon: 0.010
2026-03-28 19:12:30 | INFO | Episode  584 - Reward: 200.000, Length: 200, Loss: 5.3763, Entropy: 0.6307, Epsilon: 0.010
2026-03-28 19:12:31 | INFO | Episode  585 - Reward: 127.000, Length: 127, Loss: 5.0908, Entropy: 0.5998, Epsilon: 0.010
2026-03-28 19:12:32 | INFO | Episode  586 - Reward: 133.000, Length: 133, Loss: 5.2130, Entropy: 0.6090, Epsilon: 0.010
2026-03-28 19:12:32 | INFO | Episode  587 - Reward: 200.000, Length: 200, Loss: 6.0068, Entropy: 0.6052, Epsilon: 0.010
2026-03-28 19:12:33 | INFO | Episode  588 - Reward: 108.000, Length: 108, Loss: 4.1120, Entropy: 0.6037, Epsilon: 0.010
2026-03-28 19:12:34 | INFO | Episode  589 - Reward: 105.000, Length: 105, Loss: 1.7232, Entropy: 0.6202, Epsilon: 0.010
2026-03-28 19:12:35 | INFO | Episode  590 - Reward: 158.000, Length: 158, Loss: 5.5287, Entropy: 0.6387, Epsilon: 0.010
2026-03-28 19:12:36 | INFO | Episode  591 - Reward: 145.000, Length: 145, Loss: 12.7630, Entropy: 0.5616, Epsilon: 0.010
2026-03-28 19:12:36 | INFO | Episode  592 - Reward: 33.000, Length: 33, Loss: 7.5667, Entropy: 0.5917, Epsilon: 0.010
2026-03-28 19:12:37 | INFO | Episode  593 - Reward: 31.000, Length: 31, Loss: 2.0092, Entropy: 0.6091, Epsilon: 0.010
2026-03-28 19:12:38 | INFO | Episode  594 - Reward: 137.000, Length: 137, Loss: 2.3816, Entropy: 0.6373, Epsilon: 0.010
2026-03-28 19:12:39 | INFO | Episode  595 - Reward: 47.000, Length: 47, Loss: 1.5528, Entropy: 0.6446, Epsilon: 0.010
2026-03-28 19:12:40 | INFO | Episode  596 - Reward: 169.000, Length: 169, Loss: 2.1212, Entropy: 0.6465, Epsilon: 0.010
2026-03-28 19:12:40 | INFO | Episode  597 - Reward: 32.000, Length: 32, Loss: 5.2306, Entropy: 0.6437, Epsilon: 0.010
2026-03-28 19:12:41 | INFO | Episode  598 - Reward: 95.000, Length: 95, Loss: 5.9469, Entropy: 0.6076, Epsilon: 0.010
2026-03-28 19:12:42 | INFO | Episode  599 - Reward: 101.000, Length: 101, Loss: 3.0314, Entropy: 0.6297, Epsilon: 0.010
2026-03-28 19:12:43 | INFO | Episode  600 - Reward: 26.000, Length: 26, Loss: 5.6159, Entropy: 0.6312, Epsilon: 0.010
2026-03-28 19:13:05 | INFO | [Episode  600] eps=0.010  avg_reward=  96.480  avg_length= 96.48  avg_loss=  4.7733  avg_entropy=0.6312  eval_success=1.000
2026-03-28 19:13:06 | INFO | Episode  601 - Reward: 103.000, Length: 103, Loss: 4.1610, Entropy: 0.6201, Epsilon: 0.010
2026-03-28 19:13:07 | INFO | Episode  602 - Reward: 105.000, Length: 105, Loss: 3.1028, Entropy: 0.6236, Epsilon: 0.010
2026-03-28 19:13:07 | INFO | Episode  603 - Reward: 31.000, Length: 31, Loss: 9.6739, Entropy: 0.6217, Epsilon: 0.010
2026-03-28 19:13:08 | INFO | Episode  604 - Reward: 62.000, Length: 62, Loss: 4.2454, Entropy: 0.6123, Epsilon: 0.010
2026-03-28 19:13:09 | INFO | Episode  605 - Reward: 49.000, Length: 49, Loss: 6.6053, Entropy: 0.6126, Epsilon: 0.010
2026-03-28 19:13:10 | INFO | Episode  606 - Reward: 54.000, Length: 54, Loss: 4.8852, Entropy: 0.6232, Epsilon: 0.010
2026-03-28 19:13:11 | INFO | Episode  607 - Reward: 44.000, Length: 44, Loss: 7.4545, Entropy: 0.6085, Epsilon: 0.010
2026-03-28 19:13:12 | INFO | Episode  608 - Reward: 39.000, Length: 39, Loss: 6.7161, Entropy: 0.6285, Epsilon: 0.010
2026-03-28 19:13:13 | INFO | Episode  609 - Reward: 125.000, Length: 125, Loss: 5.3291, Entropy: 0.5852, Epsilon: 0.010
2026-03-28 19:13:14 | INFO | Episode  610 - Reward: 54.000, Length: 54, Loss: 2.2499, Entropy: 0.5914, Epsilon: 0.010
2026-03-28 19:13:15 | INFO | Episode  611 - Reward: 105.000, Length: 105, Loss: 2.7407, Entropy: 0.6241, Epsilon: 0.010
2026-03-28 19:13:16 | INFO | Episode  612 - Reward: 123.000, Length: 123, Loss: 6.5717, Entropy: 0.5928, Epsilon: 0.010
2026-03-28 19:13:17 | INFO | Episode  613 - Reward: 106.000, Length: 106, Loss: 2.3046, Entropy: 0.5731, Epsilon: 0.010
2026-03-28 19:13:17 | INFO | Episode  614 - Reward: 34.000, Length: 34, Loss: 7.8050, Entropy: 0.6075, Epsilon: 0.010
2026-03-28 19:13:18 | INFO | Episode  615 - Reward: 101.000, Length: 101, Loss: 14.5329, Entropy: 0.5710, Epsilon: 0.010
2026-03-28 19:13:19 | INFO | Episode  616 - Reward: 35.000, Length: 35, Loss: 9.4013, Entropy: 0.6335, Epsilon: 0.010
2026-03-28 19:13:20 | INFO | Episode  617 - Reward: 42.000, Length: 42, Loss: 2.3677, Entropy: 0.6160, Epsilon: 0.010
2026-03-28 19:13:22 | INFO | Episode  618 - Reward: 131.000, Length: 131, Loss: 7.9845, Entropy: 0.5900, Epsilon: 0.010
2026-03-28 19:13:23 | INFO | Episode  619 - Reward: 101.000, Length: 101, Loss: 4.9446, Entropy: 0.6130, Epsilon: 0.010
2026-03-28 19:13:24 | INFO | Episode  620 - Reward: 142.000, Length: 142, Loss: 4.6437, Entropy: 0.6053, Epsilon: 0.010
2026-03-28 19:13:25 | INFO | Episode  621 - Reward: 29.000, Length: 29, Loss: 12.5060, Entropy: 0.5844, Epsilon: 0.010
2026-03-28 19:13:25 | INFO | Episode  622 - Reward: 103.000, Length: 103, Loss: 6.9812, Entropy: 0.5988, Epsilon: 0.010
2026-03-28 19:13:26 | INFO | Episode  623 - Reward: 22.000, Length: 22, Loss: 9.2890, Entropy: 0.5984, Epsilon: 0.010
2026-03-28 19:13:27 | INFO | Episode  624 - Reward: 91.000, Length: 91, Loss: 6.1888, Entropy: 0.5856, Epsilon: 0.010
2026-03-28 19:13:28 | INFO | Episode  625 - Reward: 82.000, Length: 82, Loss: 12.2103, Entropy: 0.5783, Epsilon: 0.010
2026-03-28 19:13:29 | INFO | Episode  626 - Reward: 22.000, Length: 22, Loss: 8.0241, Entropy: 0.6031, Epsilon: 0.010
2026-03-28 19:13:30 | INFO | Episode  627 - Reward: 55.000, Length: 55, Loss: 4.7007, Entropy: 0.5645, Epsilon: 0.010
2026-03-28 19:13:32 | INFO | Episode  628 - Reward: 112.000, Length: 112, Loss: 3.8876, Entropy: 0.5909, Epsilon: 0.010
2026-03-28 19:13:33 | INFO | Episode  629 - Reward: 118.000, Length: 118, Loss: 6.7816, Entropy: 0.6063, Epsilon: 0.010
2026-03-28 19:13:34 | INFO | Episode  630 - Reward: 107.000, Length: 107, Loss: 11.0063, Entropy: 0.5941, Epsilon: 0.010
2026-03-28 19:13:35 | INFO | Episode  631 - Reward: 86.000, Length: 86, Loss: 5.2134, Entropy: 0.6015, Epsilon: 0.010
2026-03-28 19:13:36 | INFO | Episode  632 - Reward: 118.000, Length: 118, Loss: 5.9246, Entropy: 0.6276, Epsilon: 0.010
2026-03-28 19:13:37 | INFO | Episode  633 - Reward: 96.000, Length: 96, Loss: 3.3513, Entropy: 0.6183, Epsilon: 0.010
2026-03-28 19:13:38 | INFO | Episode  634 - Reward: 68.000, Length: 68, Loss: 5.3072, Entropy: 0.5981, Epsilon: 0.010
2026-03-28 19:13:38 | INFO | Episode  635 - Reward: 78.000, Length: 78, Loss: 1.8061, Entropy: 0.6080, Epsilon: 0.010
2026-03-28 19:13:39 | INFO | Episode  636 - Reward: 124.000, Length: 124, Loss: 5.0002, Entropy: 0.6178, Epsilon: 0.010
2026-03-28 19:13:40 | INFO | Episode  637 - Reward: 69.000, Length: 69, Loss: 6.8815, Entropy: 0.6332, Epsilon: 0.010
2026-03-28 19:13:41 | INFO | Episode  638 - Reward: 72.000, Length: 72, Loss: 6.2382, Entropy: 0.6130, Epsilon: 0.010
2026-03-28 19:13:42 | INFO | Episode  639 - Reward: 67.000, Length: 67, Loss: 4.2919, Entropy: 0.6189, Epsilon: 0.010
2026-03-28 19:13:44 | INFO | Episode  640 - Reward: 69.000, Length: 69, Loss: 5.0669, Entropy: 0.6166, Epsilon: 0.010
2026-03-28 19:13:45 | INFO | Episode  641 - Reward: 138.000, Length: 138, Loss: 6.4409, Entropy: 0.6208, Epsilon: 0.010
2026-03-28 19:13:46 | INFO | Episode  642 - Reward: 82.000, Length: 82, Loss: 2.8469, Entropy: 0.6047, Epsilon: 0.010
2026-03-28 19:13:47 | INFO | Episode  643 - Reward: 181.000, Length: 181, Loss: 2.1799, Entropy: 0.6148, Epsilon: 0.010
2026-03-28 19:13:48 | INFO | Episode  644 - Reward: 78.000, Length: 78, Loss: 5.1943, Entropy: 0.6091, Epsilon: 0.010
2026-03-28 19:13:49 | INFO | Episode  645 - Reward: 78.000, Length: 78, Loss: 6.6182, Entropy: 0.6174, Epsilon: 0.010
2026-03-28 19:13:50 | INFO | Episode  646 - Reward: 72.000, Length: 72, Loss: 0.2707, Entropy: 0.6289, Epsilon: 0.010
2026-03-28 19:13:50 | INFO | Episode  647 - Reward: 176.000, Length: 176, Loss: 1.8028, Entropy: 0.6304, Epsilon: 0.010
2026-03-28 19:13:51 | INFO | Episode  648 - Reward: 117.000, Length: 117, Loss: 2.6259, Entropy: 0.6337, Epsilon: 0.010
2026-03-28 19:13:52 | INFO | Episode  649 - Reward: 154.000, Length: 154, Loss: 5.7069, Entropy: 0.6346, Epsilon: 0.010
2026-03-28 19:13:53 | INFO | Episode  650 - Reward: 92.000, Length: 92, Loss: 3.9869, Entropy: 0.6450, Epsilon: 0.010
2026-03-28 19:14:35 | INFO | [Episode  650] eps=0.010  avg_reward=  86.840  avg_length= 86.84  avg_loss=  5.7210  avg_entropy=0.6450  eval_success=1.000
2026-03-28 19:14:37 | INFO | Episode  651 - Reward: 129.000, Length: 129, Loss: 7.1737, Entropy: 0.6424, Epsilon: 0.010
2026-03-28 19:14:38 | INFO | Episode  652 - Reward: 94.000, Length: 94, Loss: 1.9350, Entropy: 0.6505, Epsilon: 0.010
2026-03-28 19:14:39 | INFO | Episode  653 - Reward: 131.000, Length: 131, Loss: 6.1840, Entropy: 0.6459, Epsilon: 0.010
2026-03-28 19:14:40 | INFO | Episode  654 - Reward: 151.000, Length: 151, Loss: 4.7355, Entropy: 0.6337, Epsilon: 0.010
2026-03-28 19:14:41 | INFO | Episode  655 - Reward: 97.000, Length: 97, Loss: 4.6830, Entropy: 0.6381, Epsilon: 0.010
2026-03-28 19:14:42 | INFO | Episode  656 - Reward: 118.000, Length: 118, Loss: 5.2496, Entropy: 0.6386, Epsilon: 0.010
2026-03-28 19:14:43 | INFO | Episode  657 - Reward: 102.000, Length: 102, Loss: 4.8342, Entropy: 0.6418, Epsilon: 0.010
2026-03-28 19:14:44 | INFO | Episode  658 - Reward: 151.000, Length: 151, Loss: 6.8802, Entropy: 0.6237, Epsilon: 0.010
2026-03-28 19:14:45 | INFO | Episode  659 - Reward: 131.000, Length: 131, Loss: 5.0713, Entropy: 0.6502, Epsilon: 0.010
2026-03-28 19:14:46 | INFO | Episode  660 - Reward: 97.000, Length: 97, Loss: 1.7616, Entropy: 0.6333, Epsilon: 0.010
2026-03-28 19:14:47 | INFO | Episode  661 - Reward: 150.000, Length: 150, Loss: 7.1610, Entropy: 0.6062, Epsilon: 0.010
2026-03-28 19:14:48 | INFO | Episode  662 - Reward: 94.000, Length: 94, Loss: 3.9583, Entropy: 0.6019, Epsilon: 0.010
2026-03-28 19:14:49 | INFO | Episode  663 - Reward: 89.000, Length: 89, Loss: 6.9485, Entropy: 0.5995, Epsilon: 0.010
2026-03-28 19:14:50 | INFO | Episode  664 - Reward: 112.000, Length: 112, Loss: 10.5763, Entropy: 0.5965, Epsilon: 0.010
2026-03-28 19:14:51 | INFO | Episode  665 - Reward: 117.000, Length: 117, Loss: 3.0643, Entropy: 0.6096, Epsilon: 0.010
2026-03-28 19:14:52 | INFO | Episode  666 - Reward: 148.000, Length: 148, Loss: 3.6755, Entropy: 0.6068, Epsilon: 0.010
2026-03-28 19:14:54 | INFO | Episode  667 - Reward: 131.000, Length: 131, Loss: 5.2725, Entropy: 0.6046, Epsilon: 0.010
2026-03-28 19:14:55 | INFO | Episode  668 - Reward: 109.000, Length: 109, Loss: 4.8687, Entropy: 0.5832, Epsilon: 0.010
2026-03-28 19:14:55 | INFO | Episode  669 - Reward: 112.000, Length: 112, Loss: 5.9472, Entropy: 0.5731, Epsilon: 0.010
2026-03-28 19:14:57 | INFO | Episode  670 - Reward: 183.000, Length: 183, Loss: 5.2024, Entropy: 0.5679, Epsilon: 0.010
2026-03-28 19:14:58 | INFO | Episode  671 - Reward: 100.000, Length: 100, Loss: 4.5800, Entropy: 0.5855, Epsilon: 0.010
2026-03-28 19:14:59 | INFO | Episode  672 - Reward: 110.000, Length: 110, Loss: 7.0458, Entropy: 0.5942, Epsilon: 0.010
2026-03-28 19:15:00 | INFO | Episode  673 - Reward: 89.000, Length: 89, Loss: 6.6579, Entropy: 0.6253, Epsilon: 0.010
2026-03-28 19:15:01 | INFO | Episode  674 - Reward: 84.000, Length: 84, Loss: 4.7908, Entropy: 0.5932, Epsilon: 0.010
2026-03-28 19:15:02 | INFO | Episode  675 - Reward: 93.000, Length: 93, Loss: 5.4971, Entropy: 0.5836, Epsilon: 0.010
2026-03-28 19:15:03 | INFO | Episode  676 - Reward: 115.000, Length: 115, Loss: 4.5990, Entropy: 0.5934, Epsilon: 0.010
2026-03-28 19:15:04 | INFO | Episode  677 - Reward: 141.000, Length: 141, Loss: 4.8053, Entropy: 0.5807, Epsilon: 0.010
2026-03-28 19:15:05 | INFO | Episode  678 - Reward: 93.000, Length: 93, Loss: 13.7939, Entropy: 0.5320, Epsilon: 0.010
2026-03-28 19:15:06 | INFO | Episode  679 - Reward: 23.000, Length: 23, Loss: 18.8431, Entropy: 0.5875, Epsilon: 0.010
2026-03-28 19:15:07 | INFO | Episode  680 - Reward: 109.000, Length: 109, Loss: 6.6044, Entropy: 0.5830, Epsilon: 0.010
2026-03-28 19:15:08 | INFO | Episode  681 - Reward: 93.000, Length: 93, Loss: 9.1446, Entropy: 0.5924, Epsilon: 0.010
2026-03-28 19:15:09 | INFO | Episode  682 - Reward: 90.000, Length: 90, Loss: 14.4673, Entropy: 0.5961, Epsilon: 0.010
2026-03-28 19:15:10 | INFO | Episode  683 - Reward: 26.000, Length: 26, Loss: 5.9628, Entropy: 0.6166, Epsilon: 0.010
2026-03-28 19:15:11 | INFO | Episode  684 - Reward: 92.000, Length: 92, Loss: 6.5454, Entropy: 0.6349, Epsilon: 0.010
2026-03-28 19:15:12 | INFO | Episode  685 - Reward: 66.000, Length: 66, Loss: 6.6771, Entropy: 0.6256, Epsilon: 0.010
2026-03-28 19:15:13 | INFO | Episode  686 - Reward: 184.000, Length: 184, Loss: 6.8020, Entropy: 0.6077, Epsilon: 0.010
2026-03-28 19:15:14 | INFO | Episode  687 - Reward: 92.000, Length: 92, Loss: 1.4771, Entropy: 0.6141, Epsilon: 0.010
2026-03-28 19:15:15 | INFO | Episode  688 - Reward: 106.000, Length: 106, Loss: 4.6547, Entropy: 0.6123, Epsilon: 0.010
2026-03-28 19:15:16 | INFO | Episode  689 - Reward: 104.000, Length: 104, Loss: 3.3800, Entropy: 0.6283, Epsilon: 0.010
2026-03-28 19:15:17 | INFO | Episode  690 - Reward: 121.000, Length: 121, Loss: 5.5270, Entropy: 0.6164, Epsilon: 0.010
2026-03-28 19:15:17 | INFO | Episode  691 - Reward: 91.000, Length: 91, Loss: 3.6359, Entropy: 0.6002, Epsilon: 0.010
2026-03-28 19:15:18 | INFO | Episode  692 - Reward: 120.000, Length: 120, Loss: 2.6282, Entropy: 0.6109, Epsilon: 0.010
2026-03-28 19:15:19 | INFO | Episode  693 - Reward: 93.000, Length: 93, Loss: 4.3766, Entropy: 0.5986, Epsilon: 0.010
2026-03-28 19:15:20 | INFO | Episode  694 - Reward: 106.000, Length: 106, Loss: 6.7993, Entropy: 0.5873, Epsilon: 0.010
2026-03-28 19:15:21 | INFO | Episode  695 - Reward: 88.000, Length: 88, Loss: 8.4614, Entropy: 0.5785, Epsilon: 0.010
2026-03-28 19:15:22 | INFO | Episode  696 - Reward: 26.000, Length: 26, Loss: 7.5832, Entropy: 0.5958, Epsilon: 0.010
2026-03-28 19:15:23 | INFO | Episode  697 - Reward: 103.000, Length: 103, Loss: 4.9031, Entropy: 0.5940, Epsilon: 0.010
2026-03-28 19:15:24 | INFO | Episode  698 - Reward: 119.000, Length: 119, Loss: 8.4536, Entropy: 0.5578, Epsilon: 0.010
2026-03-28 19:15:25 | INFO | Episode  699 - Reward: 142.000, Length: 142, Loss: 2.6948, Entropy: 0.5740, Epsilon: 0.010
2026-03-28 19:15:25 | INFO | Episode  700 - Reward: 93.000, Length: 93, Loss: 3.9996, Entropy: 0.5840, Epsilon: 0.010
2026-03-28 19:15:53 | INFO | [Episode  700] eps=0.010  avg_reward= 107.160  avg_length=107.16  avg_loss=  6.0115  avg_entropy=0.5840  eval_success=1.000
2026-03-28 19:15:54 | INFO | Episode  701 - Reward: 95.000, Length: 95, Loss: 1.7871, Entropy: 0.5958, Epsilon: 0.010
2026-03-28 19:15:55 | INFO | Episode  702 - Reward: 96.000, Length: 96, Loss: 3.4855, Entropy: 0.5919, Epsilon: 0.010
2026-03-28 19:15:56 | INFO | Episode  703 - Reward: 83.000, Length: 83, Loss: 3.7481, Entropy: 0.5840, Epsilon: 0.010
2026-03-28 19:15:57 | INFO | Episode  704 - Reward: 27.000, Length: 27, Loss: 5.1376, Entropy: 0.6004, Epsilon: 0.010
2026-03-28 19:15:58 | INFO | Episode  705 - Reward: 169.000, Length: 169, Loss: 5.3148, Entropy: 0.5675, Epsilon: 0.010
2026-03-28 19:15:58 | INFO | Episode  706 - Reward: 193.000, Length: 193, Loss: 4.9867, Entropy: 0.5868, Epsilon: 0.010
2026-03-28 19:15:59 | INFO | Episode  707 - Reward: 99.000, Length: 99, Loss: 6.2629, Entropy: 0.5910, Epsilon: 0.010
2026-03-28 19:16:00 | INFO | Episode  708 - Reward: 40.000, Length: 40, Loss: 3.4640, Entropy: 0.5896, Epsilon: 0.010
2026-03-28 19:16:01 | INFO | Episode  709 - Reward: 200.000, Length: 200, Loss: 2.3966, Entropy: 0.5986, Epsilon: 0.010
2026-03-28 19:16:02 | INFO | Episode  710 - Reward: 145.000, Length: 145, Loss: 4.2331, Entropy: 0.5837, Epsilon: 0.010
2026-03-28 19:16:03 | INFO | Episode  711 - Reward: 125.000, Length: 125, Loss: 3.1397, Entropy: 0.5967, Epsilon: 0.010
2026-03-28 19:16:04 | INFO | Episode  712 - Reward: 133.000, Length: 133, Loss: 6.2836, Entropy: 0.5882, Epsilon: 0.010
2026-03-28 19:16:05 | INFO | Episode  713 - Reward: 140.000, Length: 140, Loss: 5.1533, Entropy: 0.5528, Epsilon: 0.010
2026-03-28 19:16:06 | INFO | Episode  714 - Reward: 133.000, Length: 133, Loss: 3.0196, Entropy: 0.6188, Epsilon: 0.010
2026-03-28 19:16:07 | INFO | Episode  715 - Reward: 157.000, Length: 157, Loss: 7.9274, Entropy: 0.5994, Epsilon: 0.010
2026-03-28 19:16:07 | INFO | Episode  716 - Reward: 200.000, Length: 200, Loss: 7.3957, Entropy: 0.4957, Epsilon: 0.010
2026-03-28 19:16:08 | INFO | Episode  717 - Reward: 21.000, Length: 21, Loss: 10.6838, Entropy: 0.5261, Epsilon: 0.010
2026-03-28 19:16:09 | INFO | Episode  718 - Reward: 184.000, Length: 184, Loss: 8.2867, Entropy: 0.5678, Epsilon: 0.010
2026-03-28 19:16:10 | INFO | Episode  719 - Reward: 98.000, Length: 98, Loss: 6.4167, Entropy: 0.6098, Epsilon: 0.010
2026-03-28 19:16:11 | INFO | Episode  720 - Reward: 118.000, Length: 118, Loss: 6.4091, Entropy: 0.5938, Epsilon: 0.010
2026-03-28 19:16:13 | INFO | Episode  721 - Reward: 129.000, Length: 129, Loss: 5.7475, Entropy: 0.5988, Epsilon: 0.010
2026-03-28 19:16:14 | INFO | Episode  722 - Reward: 136.000, Length: 136, Loss: 4.2094, Entropy: 0.5957, Epsilon: 0.010
2026-03-28 19:16:14 | INFO | Episode  723 - Reward: 130.000, Length: 130, Loss: 3.1356, Entropy: 0.5649, Epsilon: 0.010
2026-03-28 19:16:15 | INFO | Episode  724 - Reward: 119.000, Length: 119, Loss: 2.5656, Entropy: 0.5369, Epsilon: 0.010
2026-03-28 19:16:16 | INFO | Episode  725 - Reward: 173.000, Length: 173, Loss: 5.1393, Entropy: 0.5426, Epsilon: 0.010
2026-03-28 19:16:17 | INFO | Episode  726 - Reward: 99.000, Length: 99, Loss: 1.3476, Entropy: 0.5535, Epsilon: 0.010
2026-03-28 19:16:18 | INFO | Episode  727 - Reward: 54.000, Length: 54, Loss: 5.0531, Entropy: 0.5310, Epsilon: 0.010
2026-03-28 19:16:19 | INFO | Episode  728 - Reward: 99.000, Length: 99, Loss: 6.1494, Entropy: 0.5652, Epsilon: 0.010
2026-03-28 19:16:20 | INFO | Episode  729 - Reward: 104.000, Length: 104, Loss: 8.5044, Entropy: 0.5599, Epsilon: 0.010
2026-03-28 19:16:21 | INFO | Episode  730 - Reward: 130.000, Length: 130, Loss: 3.8630, Entropy: 0.5944, Epsilon: 0.010
2026-03-28 19:16:22 | INFO | Episode  731 - Reward: 146.000, Length: 146, Loss: 8.3574, Entropy: 0.5530, Epsilon: 0.010
2026-03-28 19:16:23 | INFO | Episode  732 - Reward: 124.000, Length: 124, Loss: 5.6626, Entropy: 0.5713, Epsilon: 0.010
2026-03-28 19:16:24 | INFO | Episode  733 - Reward: 152.000, Length: 152, Loss: 9.9350, Entropy: 0.5757, Epsilon: 0.010
2026-03-28 19:16:25 | INFO | Episode  734 - Reward: 30.000, Length: 30, Loss: 7.9301, Entropy: 0.5379, Epsilon: 0.010
2026-03-28 19:16:26 | INFO | Episode  735 - Reward: 104.000, Length: 104, Loss: 2.0360, Entropy: 0.5305, Epsilon: 0.010
2026-03-28 19:16:27 | INFO | Episode  736 - Reward: 172.000, Length: 172, Loss: 7.3875, Entropy: 0.5255, Epsilon: 0.010
2026-03-28 19:16:28 | INFO | Episode  737 - Reward: 86.000, Length: 86, Loss: 3.0899, Entropy: 0.5516, Epsilon: 0.010
2026-03-28 19:16:29 | INFO | Episode  738 - Reward: 90.000, Length: 90, Loss: 4.0836, Entropy: 0.5677, Epsilon: 0.010
2026-03-28 19:16:30 | INFO | Episode  739 - Reward: 105.000, Length: 105, Loss: 6.1713, Entropy: 0.5796, Epsilon: 0.010
2026-03-28 19:16:31 | INFO | Episode  740 - Reward: 101.000, Length: 101, Loss: 1.9609, Entropy: 0.5840, Epsilon: 0.010
2026-03-28 19:16:32 | INFO | Episode  741 - Reward: 128.000, Length: 128, Loss: 1.9171, Entropy: 0.5923, Epsilon: 0.010
2026-03-28 19:16:32 | INFO | Episode  742 - Reward: 100.000, Length: 100, Loss: 6.4552, Entropy: 0.5728, Epsilon: 0.010
2026-03-28 19:16:33 | INFO | Episode  743 - Reward: 100.000, Length: 100, Loss: 1.6973, Entropy: 0.5956, Epsilon: 0.010
2026-03-28 19:16:34 | INFO | Episode  744 - Reward: 37.000, Length: 37, Loss: 2.7781, Entropy: 0.5920, Epsilon: 0.010
2026-03-28 19:16:35 | INFO | Episode  745 - Reward: 108.000, Length: 108, Loss: 3.8980, Entropy: 0.6082, Epsilon: 0.010
2026-03-28 19:16:36 | INFO | Episode  746 - Reward: 135.000, Length: 135, Loss: 5.7477, Entropy: 0.5693, Epsilon: 0.010
2026-03-28 19:16:37 | INFO | Episode  747 - Reward: 97.000, Length: 97, Loss: 8.5003, Entropy: 0.5701, Epsilon: 0.010
2026-03-28 19:16:38 | INFO | Episode  748 - Reward: 25.000, Length: 25, Loss: 8.6568, Entropy: 0.5360, Epsilon: 0.010
2026-03-28 19:16:38 | INFO | Episode  749 - Reward: 124.000, Length: 124, Loss: 5.6821, Entropy: 0.5667, Epsilon: 0.010
2026-03-28 19:16:39 | INFO | Episode  750 - Reward: 17.000, Length: 17, Loss: 7.1709, Entropy: 0.5567, Epsilon: 0.010
2026-03-28 19:17:12 | INFO | [Episode  750] eps=0.010  avg_reward= 112.200  avg_length=112.20  avg_loss=  5.2073  avg_entropy=0.5567  eval_success=1.000
2026-03-28 19:17:13 | INFO | Episode  751 - Reward: 102.000, Length: 102, Loss: 5.5176, Entropy: 0.5605, Epsilon: 0.010
2026-03-28 19:17:14 | INFO | Episode  752 - Reward: 111.000, Length: 111, Loss: 5.3481, Entropy: 0.6050, Epsilon: 0.010
2026-03-28 19:17:15 | INFO | Episode  753 - Reward: 109.000, Length: 109, Loss: 8.4402, Entropy: 0.6294, Epsilon: 0.010
2026-03-28 19:17:15 | INFO | Episode  754 - Reward: 107.000, Length: 107, Loss: 9.9677, Entropy: 0.6155, Epsilon: 0.010
2026-03-28 19:17:16 | INFO | Episode  755 - Reward: 19.000, Length: 19, Loss: 5.7838, Entropy: 0.6146, Epsilon: 0.010
2026-03-28 19:17:17 | INFO | Episode  756 - Reward: 136.000, Length: 136, Loss: 8.4999, Entropy: 0.5977, Epsilon: 0.010
2026-03-28 19:17:18 | INFO | Episode  757 - Reward: 149.000, Length: 149, Loss: 0.7685, Entropy: 0.6190, Epsilon: 0.010
2026-03-28 19:17:19 | INFO | Episode  758 - Reward: 89.000, Length: 89, Loss: 4.5432, Entropy: 0.6036, Epsilon: 0.010
2026-03-28 19:17:19 | INFO | Episode  759 - Reward: 100.000, Length: 100, Loss: 6.1888, Entropy: 0.5959, Epsilon: 0.010
2026-03-28 19:17:20 | INFO | Episode  760 - Reward: 102.000, Length: 102, Loss: 2.1262, Entropy: 0.6053, Epsilon: 0.010
2026-03-28 19:17:21 | INFO | Episode  761 - Reward: 96.000, Length: 96, Loss: 2.1786, Entropy: 0.5891, Epsilon: 0.010
2026-03-28 19:17:22 | INFO | Episode  762 - Reward: 118.000, Length: 118, Loss: 5.1727, Entropy: 0.6051, Epsilon: 0.010
2026-03-28 19:17:23 | INFO | Episode  763 - Reward: 118.000, Length: 118, Loss: 5.9309, Entropy: 0.6283, Epsilon: 0.010
2026-03-28 19:17:23 | INFO | Episode  764 - Reward: 20.000, Length: 20, Loss: 5.0889, Entropy: 0.6199, Epsilon: 0.010
2026-03-28 19:17:24 | INFO | Episode  765 - Reward: 96.000, Length: 96, Loss: 5.4615, Entropy: 0.6196, Epsilon: 0.010
2026-03-28 19:17:25 | INFO | Episode  766 - Reward: 48.000, Length: 48, Loss: 14.1503, Entropy: 0.5930, Epsilon: 0.010
2026-03-28 19:17:26 | INFO | Episode  767 - Reward: 17.000, Length: 17, Loss: 12.1035, Entropy: 0.5692, Epsilon: 0.010
2026-03-28 19:17:27 | INFO | Episode  768 - Reward: 18.000, Length: 18, Loss: 3.9937, Entropy: 0.6138, Epsilon: 0.010
2026-03-28 19:17:27 | INFO | Episode  769 - Reward: 142.000, Length: 142, Loss: 6.4648, Entropy: 0.5592, Epsilon: 0.010
2026-03-28 19:17:28 | INFO | Episode  770 - Reward: 166.000, Length: 166, Loss: 3.2470, Entropy: 0.5956, Epsilon: 0.010
2026-03-28 19:17:29 | INFO | Episode  771 - Reward: 121.000, Length: 121, Loss: 2.0804, Entropy: 0.5990, Epsilon: 0.010
2026-03-28 19:17:30 | INFO | Episode  772 - Reward: 25.000, Length: 25, Loss: 0.9817, Entropy: 0.6209, Epsilon: 0.010
2026-03-28 19:17:31 | INFO | Episode  773 - Reward: 102.000, Length: 102, Loss: 12.8822, Entropy: 0.6149, Epsilon: 0.010
2026-03-28 19:17:32 | INFO | Episode  774 - Reward: 102.000, Length: 102, Loss: 1.3018, Entropy: 0.5982, Epsilon: 0.010
2026-03-28 19:17:32 | INFO | Episode  775 - Reward: 130.000, Length: 130, Loss: 11.2089, Entropy: 0.5590, Epsilon: 0.010
2026-03-28 19:17:33 | INFO | Episode  776 - Reward: 108.000, Length: 108, Loss: 5.3560, Entropy: 0.5792, Epsilon: 0.010
2026-03-28 19:17:34 | INFO | Episode  777 - Reward: 93.000, Length: 93, Loss: 10.3149, Entropy: 0.5894, Epsilon: 0.010
2026-03-28 19:17:35 | INFO | Episode  778 - Reward: 46.000, Length: 46, Loss: 10.6627, Entropy: 0.5940, Epsilon: 0.010
2026-03-28 19:17:36 | INFO | Episode  779 - Reward: 100.000, Length: 100, Loss: 7.3614, Entropy: 0.5800, Epsilon: 0.010
2026-03-28 19:17:37 | INFO | Episode  780 - Reward: 102.000, Length: 102, Loss: 5.3544, Entropy: 0.6032, Epsilon: 0.010
2026-03-28 19:17:38 | INFO | Episode  781 - Reward: 116.000, Length: 116, Loss: 6.7559, Entropy: 0.5708, Epsilon: 0.010
2026-03-28 19:17:39 | INFO | Episode  782 - Reward: 97.000, Length: 97, Loss: 4.7183, Entropy: 0.5914, Epsilon: 0.010
2026-03-28 19:17:39 | INFO | Episode  783 - Reward: 100.000, Length: 100, Loss: 3.2012, Entropy: 0.5978, Epsilon: 0.010
2026-03-28 19:17:40 | INFO | Episode  784 - Reward: 76.000, Length: 76, Loss: 11.7189, Entropy: 0.5909, Epsilon: 0.010
2026-03-28 19:17:41 | INFO | Episode  785 - Reward: 98.000, Length: 98, Loss: 7.5697, Entropy: 0.6015, Epsilon: 0.010
2026-03-28 19:17:42 | INFO | Episode  786 - Reward: 121.000, Length: 121, Loss: 2.9099, Entropy: 0.6013, Epsilon: 0.010
2026-03-28 19:17:43 | INFO | Episode  787 - Reward: 110.000, Length: 110, Loss: 8.2668, Entropy: 0.6324, Epsilon: 0.010
2026-03-28 19:17:43 | INFO | Episode  788 - Reward: 103.000, Length: 103, Loss: 6.0752, Entropy: 0.6152, Epsilon: 0.010
2026-03-28 19:17:44 | INFO | Episode  789 - Reward: 21.000, Length: 21, Loss: 2.7176, Entropy: 0.6128, Epsilon: 0.010
2026-03-28 19:17:45 | INFO | Episode  790 - Reward: 118.000, Length: 118, Loss: 9.2606, Entropy: 0.6132, Epsilon: 0.010
2026-03-28 19:17:46 | INFO | Episode  791 - Reward: 131.000, Length: 131, Loss: 5.6606, Entropy: 0.6032, Epsilon: 0.010
2026-03-28 19:17:47 | INFO | Episode  792 - Reward: 109.000, Length: 109, Loss: 7.6212, Entropy: 0.5814, Epsilon: 0.010
2026-03-28 19:17:47 | INFO | Episode  793 - Reward: 113.000, Length: 113, Loss: 5.9704, Entropy: 0.5814, Epsilon: 0.010
2026-03-28 19:17:48 | INFO | Episode  794 - Reward: 136.000, Length: 136, Loss: 5.9535, Entropy: 0.5838, Epsilon: 0.010
2026-03-28 19:17:49 | INFO | Episode  795 - Reward: 97.000, Length: 97, Loss: 21.8601, Entropy: 0.6180, Epsilon: 0.010
2026-03-28 19:17:50 | INFO | Episode  796 - Reward: 24.000, Length: 24, Loss: 19.5640, Entropy: 0.5903, Epsilon: 0.010
2026-03-28 19:17:51 | INFO | Episode  797 - Reward: 24.000, Length: 24, Loss: 14.5650, Entropy: 0.5901, Epsilon: 0.010
2026-03-28 19:17:51 | INFO | Episode  798 - Reward: 17.000, Length: 17, Loss: 28.9806, Entropy: 0.5971, Epsilon: 0.010
2026-03-28 19:17:52 | INFO | Episode  799 - Reward: 118.000, Length: 118, Loss: 14.0149, Entropy: 0.6157, Epsilon: 0.010
2026-03-28 19:17:53 | INFO | Episode  800 - Reward: 97.000, Length: 97, Loss: 24.7955, Entropy: 0.6197, Epsilon: 0.010
2026-03-28 19:18:03 | INFO | [Episode  800] eps=0.010  avg_reward=  92.360  avg_length= 92.36  avg_loss=  8.0132  avg_entropy=0.6197  eval_success=1.000
2026-03-28 19:18:04 | INFO | Episode  801 - Reward: 27.000, Length: 27, Loss: 5.9795, Entropy: 0.6073, Epsilon: 0.010
2026-03-28 19:18:04 | INFO | Episode  802 - Reward: 23.000, Length: 23, Loss: 9.3628, Entropy: 0.5921, Epsilon: 0.010
2026-03-28 19:18:05 | INFO | Episode  803 - Reward: 30.000, Length: 30, Loss: 3.6095, Entropy: 0.5825, Epsilon: 0.010
2026-03-28 19:18:06 | INFO | Episode  804 - Reward: 15.000, Length: 15, Loss: 5.2493, Entropy: 0.5932, Epsilon: 0.010
2026-03-28 19:18:07 | INFO | Episode  805 - Reward: 78.000, Length: 78, Loss: 11.0976, Entropy: 0.5966, Epsilon: 0.010
2026-03-28 19:18:08 | INFO | Episode  806 - Reward: 74.000, Length: 74, Loss: 16.6900, Entropy: 0.5897, Epsilon: 0.010
2026-03-28 19:18:08 | INFO | Episode  807 - Reward: 28.000, Length: 28, Loss: 6.2049, Entropy: 0.6203, Epsilon: 0.010
2026-03-28 19:18:09 | INFO | Episode  808 - Reward: 73.000, Length: 73, Loss: 11.5034, Entropy: 0.5559, Epsilon: 0.010
2026-03-28 19:18:10 | INFO | Episode  809 - Reward: 25.000, Length: 25, Loss: 7.3880, Entropy: 0.5941, Epsilon: 0.010
2026-03-28 19:18:11 | INFO | Episode  810 - Reward: 105.000, Length: 105, Loss: 4.5552, Entropy: 0.5874, Epsilon: 0.010
2026-03-28 19:18:12 | INFO | Episode  811 - Reward: 71.000, Length: 71, Loss: 4.1373, Entropy: 0.5853, Epsilon: 0.010
2026-03-28 19:18:12 | INFO | Episode  812 - Reward: 115.000, Length: 115, Loss: 10.7723, Entropy: 0.5759, Epsilon: 0.010
2026-03-28 19:18:13 | INFO | Episode  813 - Reward: 97.000, Length: 97, Loss: 5.8615, Entropy: 0.6001, Epsilon: 0.010
2026-03-28 19:18:14 | INFO | Episode  814 - Reward: 98.000, Length: 98, Loss: 6.5162, Entropy: 0.5956, Epsilon: 0.010
2026-03-28 19:18:15 | INFO | Episode  815 - Reward: 78.000, Length: 78, Loss: 6.5654, Entropy: 0.5761, Epsilon: 0.010
2026-03-28 19:18:16 | INFO | Episode  816 - Reward: 18.000, Length: 18, Loss: 11.3297, Entropy: 0.5951, Epsilon: 0.010
2026-03-28 19:18:16 | INFO | Episode  817 - Reward: 108.000, Length: 108, Loss: 8.0140, Entropy: 0.5644, Epsilon: 0.010
2026-03-28 19:18:17 | INFO | Episode  818 - Reward: 18.000, Length: 18, Loss: 32.4678, Entropy: 0.4919, Epsilon: 0.010
2026-03-28 19:18:18 | INFO | Episode  819 - Reward: 24.000, Length: 24, Loss: 15.8396, Entropy: 0.5687, Epsilon: 0.010
2026-03-28 19:18:19 | INFO | Episode  820 - Reward: 24.000, Length: 24, Loss: 18.0494, Entropy: 0.5257, Epsilon: 0.010
2026-03-28 19:18:20 | INFO | Episode  821 - Reward: 16.000, Length: 16, Loss: 15.2434, Entropy: 0.5895, Epsilon: 0.010
2026-03-28 19:18:20 | INFO | Episode  822 - Reward: 20.000, Length: 20, Loss: 18.5033, Entropy: 0.4450, Epsilon: 0.010
2026-03-28 19:18:21 | INFO | Episode  823 - Reward: 20.000, Length: 20, Loss: 13.8209, Entropy: 0.5039, Epsilon: 0.010
2026-03-28 19:18:22 | INFO | Episode  824 - Reward: 20.000, Length: 20, Loss: 5.9156, Entropy: 0.5737, Epsilon: 0.010
2026-03-28 19:18:23 | INFO | Episode  825 - Reward: 21.000, Length: 21, Loss: 7.9607, Entropy: 0.5887, Epsilon: 0.010
2026-03-28 19:18:24 | INFO | Episode  826 - Reward: 40.000, Length: 40, Loss: 15.3325, Entropy: 0.4947, Epsilon: 0.010
2026-03-28 19:18:25 | INFO | Episode  827 - Reward: 17.000, Length: 17, Loss: 11.0749, Entropy: 0.4983, Epsilon: 0.010
2026-03-28 19:18:25 | INFO | Episode  828 - Reward: 28.000, Length: 28, Loss: 7.7384, Entropy: 0.5834, Epsilon: 0.010
2026-03-28 19:18:26 | INFO | Episode  829 - Reward: 42.000, Length: 42, Loss: 16.8090, Entropy: 0.5294, Epsilon: 0.010
2026-03-28 19:18:27 | INFO | Episode  830 - Reward: 27.000, Length: 27, Loss: 22.6499, Entropy: 0.5553, Epsilon: 0.010
2026-03-28 19:18:28 | INFO | Episode  831 - Reward: 20.000, Length: 20, Loss: 8.1130, Entropy: 0.5764, Epsilon: 0.010
2026-03-28 19:18:29 | INFO | Episode  832 - Reward: 15.000, Length: 15, Loss: 12.0365, Entropy: 0.5992, Epsilon: 0.010
2026-03-28 19:18:29 | INFO | Episode  833 - Reward: 21.000, Length: 21, Loss: 14.0817, Entropy: 0.5950, Epsilon: 0.010
2026-03-28 19:18:30 | INFO | Episode  834 - Reward: 28.000, Length: 28, Loss: 7.9873, Entropy: 0.5440, Epsilon: 0.010
2026-03-28 19:18:31 | INFO | Episode  835 - Reward: 27.000, Length: 27, Loss: 17.5653, Entropy: 0.4168, Epsilon: 0.010
2026-03-28 19:18:32 | INFO | Episode  836 - Reward: 58.000, Length: 58, Loss: 22.8309, Entropy: 0.5481, Epsilon: 0.010
2026-03-28 19:18:33 | INFO | Episode  837 - Reward: 30.000, Length: 30, Loss: 17.1920, Entropy: 0.5412, Epsilon: 0.010
2026-03-28 19:18:34 | INFO | Episode  838 - Reward: 66.000, Length: 66, Loss: 26.9440, Entropy: 0.5458, Epsilon: 0.010
2026-03-28 19:18:35 | INFO | Episode  839 - Reward: 38.000, Length: 38, Loss: 17.2553, Entropy: 0.5555, Epsilon: 0.010
2026-03-28 19:18:35 | INFO | Episode  840 - Reward: 16.000, Length: 16, Loss: 21.0639, Entropy: 0.5312, Epsilon: 0.010
2026-03-28 19:18:36 | INFO | Episode  841 - Reward: 21.000, Length: 21, Loss: 17.3553, Entropy: 0.5620, Epsilon: 0.010
2026-03-28 19:18:37 | INFO | Episode  842 - Reward: 138.000, Length: 138, Loss: 24.6207, Entropy: 0.4926, Epsilon: 0.010
2026-03-28 19:18:38 | INFO | Episode  843 - Reward: 14.000, Length: 14, Loss: 26.6033, Entropy: 0.4589, Epsilon: 0.010
2026-03-28 19:18:39 | INFO | Episode  844 - Reward: 18.000, Length: 18, Loss: 17.6677, Entropy: 0.5826, Epsilon: 0.010
2026-03-28 19:18:40 | INFO | Episode  845 - Reward: 23.000, Length: 23, Loss: 10.0683, Entropy: 0.5626, Epsilon: 0.010
2026-03-28 19:18:41 | INFO | Episode  846 - Reward: 18.000, Length: 18, Loss: 24.8925, Entropy: 0.4481, Epsilon: 0.010
2026-03-28 19:18:42 | INFO | Episode  847 - Reward: 34.000, Length: 34, Loss: 11.1440, Entropy: 0.4836, Epsilon: 0.010
2026-03-28 19:18:43 | INFO | Episode  848 - Reward: 17.000, Length: 17, Loss: 18.9673, Entropy: 0.5449, Epsilon: 0.010
2026-03-28 19:18:43 | INFO | Episode  849 - Reward: 19.000, Length: 19, Loss: 22.1252, Entropy: 0.5662, Epsilon: 0.010
2026-03-28 19:18:44 | INFO | Episode  850 - Reward: 38.000, Length: 38, Loss: 28.3578, Entropy: 0.5451, Epsilon: 0.010
2026-03-28 19:18:50 | INFO | [Episode  850] eps=0.010  avg_reward=  40.780  avg_length= 40.78  avg_loss= 14.0623  avg_entropy=0.5451  eval_success=1.000
2026-03-28 19:18:50 | INFO | Episode  851 - Reward: 21.000, Length: 21, Loss: 17.3030, Entropy: 0.5984, Epsilon: 0.010
2026-03-28 19:18:51 | INFO | Episode  852 - Reward: 19.000, Length: 19, Loss: 31.5717, Entropy: 0.5933, Epsilon: 0.010
2026-03-28 19:18:52 | INFO | Episode  853 - Reward: 22.000, Length: 22, Loss: 22.7056, Entropy: 0.4792, Epsilon: 0.010
2026-03-28 19:18:53 | INFO | Episode  854 - Reward: 20.000, Length: 20, Loss: 22.7482, Entropy: 0.4943, Epsilon: 0.010
2026-03-28 19:18:54 | INFO | Episode  855 - Reward: 19.000, Length: 19, Loss: 12.2525, Entropy: 0.5390, Epsilon: 0.010
2026-03-28 19:18:55 | INFO | Episode  856 - Reward: 26.000, Length: 26, Loss: 25.0990, Entropy: 0.5615, Epsilon: 0.010
2026-03-28 19:18:55 | INFO | Episode  857 - Reward: 35.000, Length: 35, Loss: 34.8499, Entropy: 0.5171, Epsilon: 0.010
2026-03-28 19:18:56 | INFO | Episode  858 - Reward: 39.000, Length: 39, Loss: 19.0271, Entropy: 0.5550, Epsilon: 0.010
2026-03-28 19:18:57 | INFO | Episode  859 - Reward: 21.000, Length: 21, Loss: 11.8678, Entropy: 0.5624, Epsilon: 0.010
2026-03-28 19:18:58 | INFO | Episode  860 - Reward: 25.000, Length: 25, Loss: 15.8111, Entropy: 0.5673, Epsilon: 0.010
2026-03-28 19:18:59 | INFO | Episode  861 - Reward: 22.000, Length: 22, Loss: 23.2997, Entropy: 0.5799, Epsilon: 0.010
2026-03-28 19:18:59 | INFO | Episode  862 - Reward: 89.000, Length: 89, Loss: 21.8868, Entropy: 0.5590, Epsilon: 0.010
2026-03-28 19:19:00 | INFO | Episode  863 - Reward: 28.000, Length: 28, Loss: 26.9959, Entropy: 0.5356, Epsilon: 0.010
2026-03-28 19:19:01 | INFO | Episode  864 - Reward: 24.000, Length: 24, Loss: 22.9861, Entropy: 0.5491, Epsilon: 0.010
2026-03-28 19:19:02 | INFO | Episode  865 - Reward: 24.000, Length: 24, Loss: 24.0774, Entropy: 0.5303, Epsilon: 0.010
2026-03-28 19:19:03 | INFO | Episode  866 - Reward: 49.000, Length: 49, Loss: 29.3057, Entropy: 0.5469, Epsilon: 0.010
2026-03-28 19:19:04 | INFO | Episode  867 - Reward: 106.000, Length: 106, Loss: 18.1798, Entropy: 0.5231, Epsilon: 0.010
2026-03-28 19:19:05 | INFO | Episode  868 - Reward: 41.000, Length: 41, Loss: 25.7235, Entropy: 0.5631, Epsilon: 0.010
2026-03-28 19:19:05 | INFO | Episode  869 - Reward: 79.000, Length: 79, Loss: 25.7521, Entropy: 0.5288, Epsilon: 0.010
2026-03-28 19:19:06 | INFO | Episode  870 - Reward: 93.000, Length: 93, Loss: 16.9322, Entropy: 0.5530, Epsilon: 0.010
2026-03-28 19:19:07 | INFO | Episode  871 - Reward: 75.000, Length: 75, Loss: 20.5350, Entropy: 0.5069, Epsilon: 0.010
2026-03-28 19:19:08 | INFO | Episode  872 - Reward: 98.000, Length: 98, Loss: 18.3118, Entropy: 0.4481, Epsilon: 0.010
2026-03-28 19:19:09 | INFO | Episode  873 - Reward: 94.000, Length: 94, Loss: 9.6353, Entropy: 0.4797, Epsilon: 0.010
2026-03-28 19:19:10 | INFO | Episode  874 - Reward: 71.000, Length: 71, Loss: 10.9030, Entropy: 0.4652, Epsilon: 0.010
2026-03-28 19:19:10 | INFO | Episode  875 - Reward: 48.000, Length: 48, Loss: 20.5554, Entropy: 0.4874, Epsilon: 0.010
2026-03-28 19:19:11 | INFO | Episode  876 - Reward: 192.000, Length: 192, Loss: 13.0389, Entropy: 0.4609, Epsilon: 0.010
2026-03-28 19:19:12 | INFO | Episode  877 - Reward: 68.000, Length: 68, Loss: 22.1067, Entropy: 0.4684, Epsilon: 0.010
2026-03-28 19:19:13 | INFO | Episode  878 - Reward: 66.000, Length: 66, Loss: 15.6667, Entropy: 0.4951, Epsilon: 0.010
2026-03-28 19:19:14 | INFO | Episode  879 - Reward: 100.000, Length: 100, Loss: 29.5699, Entropy: 0.5112, Epsilon: 0.010
2026-03-28 19:19:15 | INFO | Episode  880 - Reward: 80.000, Length: 80, Loss: 20.1526, Entropy: 0.5345, Epsilon: 0.010
2026-03-28 19:19:16 | INFO | Episode  881 - Reward: 33.000, Length: 33, Loss: 23.8036, Entropy: 0.5512, Epsilon: 0.010
2026-03-28 19:19:16 | INFO | Episode  882 - Reward: 30.000, Length: 30, Loss: 19.8933, Entropy: 0.4194, Epsilon: 0.010
2026-03-28 19:19:17 | INFO | Episode  883 - Reward: 21.000, Length: 21, Loss: 22.0173, Entropy: 0.5070, Epsilon: 0.010
2026-03-28 19:19:18 | INFO | Episode  884 - Reward: 82.000, Length: 82, Loss: 13.8453, Entropy: 0.5434, Epsilon: 0.010
2026-03-28 19:19:19 | INFO | Episode  885 - Reward: 67.000, Length: 67, Loss: 16.2954, Entropy: 0.4836, Epsilon: 0.010
2026-03-28 19:19:20 | INFO | Episode  886 - Reward: 22.000, Length: 22, Loss: 10.9635, Entropy: 0.5491, Epsilon: 0.010
2026-03-28 19:19:20 | INFO | Episode  887 - Reward: 28.000, Length: 28, Loss: 5.2907, Entropy: 0.5462, Epsilon: 0.010
2026-03-28 19:19:21 | INFO | Episode  888 - Reward: 68.000, Length: 68, Loss: 14.0460, Entropy: 0.5379, Epsilon: 0.010
2026-03-28 19:19:22 | INFO | Episode  889 - Reward: 77.000, Length: 77, Loss: 22.2734, Entropy: 0.5075, Epsilon: 0.010
2026-03-28 19:19:23 | INFO | Episode  890 - Reward: 19.000, Length: 19, Loss: 6.3233, Entropy: 0.5307, Epsilon: 0.010
2026-03-28 19:19:24 | INFO | Episode  891 - Reward: 125.000, Length: 125, Loss: 11.3611, Entropy: 0.4976, Epsilon: 0.010
2026-03-28 19:19:25 | INFO | Episode  892 - Reward: 110.000, Length: 110, Loss: 14.8171, Entropy: 0.4772, Epsilon: 0.010
2026-03-28 19:19:25 | INFO | Episode  893 - Reward: 84.000, Length: 84, Loss: 20.3878, Entropy: 0.5049, Epsilon: 0.010
2026-03-28 19:19:26 | INFO | Episode  894 - Reward: 39.000, Length: 39, Loss: 17.4646, Entropy: 0.4169, Epsilon: 0.010
2026-03-28 19:19:27 | INFO | Episode  895 - Reward: 21.000, Length: 21, Loss: 16.5805, Entropy: 0.4026, Epsilon: 0.010
2026-03-28 19:19:28 | INFO | Episode  896 - Reward: 20.000, Length: 20, Loss: 21.7274, Entropy: 0.3972, Epsilon: 0.010
2026-03-28 19:19:29 | INFO | Episode  897 - Reward: 98.000, Length: 98, Loss: 11.3262, Entropy: 0.4108, Epsilon: 0.010
2026-03-28 19:19:30 | INFO | Episode  898 - Reward: 80.000, Length: 80, Loss: 14.0268, Entropy: 0.3555, Epsilon: 0.010
2026-03-28 19:19:31 | INFO | Episode  899 - Reward: 100.000, Length: 100, Loss: 22.7145, Entropy: 0.3811, Epsilon: 0.010
2026-03-28 19:19:32 | INFO | Episode  900 - Reward: 135.000, Length: 135, Loss: 14.7427, Entropy: 0.4144, Epsilon: 0.010
2026-03-28 19:19:39 | INFO | [Episode  900] eps=0.010  avg_reward=  59.060  avg_length= 59.06  avg_loss= 18.9750  avg_entropy=0.4144  eval_success=1.000
2026-03-28 19:19:40 | INFO | Episode  901 - Reward: 27.000, Length: 27, Loss: 20.1767, Entropy: 0.4474, Epsilon: 0.010
2026-03-28 19:19:41 | INFO | Episode  902 - Reward: 115.000, Length: 115, Loss: 20.3421, Entropy: 0.4348, Epsilon: 0.010
2026-03-28 19:19:42 | INFO | Episode  903 - Reward: 102.000, Length: 102, Loss: 12.6366, Entropy: 0.4187, Epsilon: 0.010
2026-03-28 19:19:43 | INFO | Episode  904 - Reward: 84.000, Length: 84, Loss: 32.2005, Entropy: 0.4111, Epsilon: 0.010
2026-03-28 19:19:44 | INFO | Episode  905 - Reward: 68.000, Length: 68, Loss: 20.0680, Entropy: 0.4232, Epsilon: 0.010
2026-03-28 19:19:45 | INFO | Episode  906 - Reward: 105.000, Length: 105, Loss: 10.3482, Entropy: 0.3759, Epsilon: 0.010
2026-03-28 19:19:46 | INFO | Episode  907 - Reward: 25.000, Length: 25, Loss: 35.9652, Entropy: 0.4284, Epsilon: 0.010
2026-03-28 19:19:46 | INFO | Episode  908 - Reward: 21.000, Length: 21, Loss: 30.6548, Entropy: 0.3401, Epsilon: 0.010
2026-03-28 19:19:47 | INFO | Episode  909 - Reward: 84.000, Length: 84, Loss: 36.1239, Entropy: 0.4707, Epsilon: 0.010
2026-03-28 19:19:48 | INFO | Episode  910 - Reward: 20.000, Length: 20, Loss: 58.2234, Entropy: 0.4504, Epsilon: 0.010
2026-03-28 19:19:49 | INFO | Episode  911 - Reward: 22.000, Length: 22, Loss: 22.9412, Entropy: 0.5769, Epsilon: 0.010
2026-03-28 19:19:50 | INFO | Episode  912 - Reward: 34.000, Length: 34, Loss: 41.4933, Entropy: 0.5331, Epsilon: 0.010
2026-03-28 19:19:51 | INFO | Episode  913 - Reward: 15.000, Length: 15, Loss: 35.3709, Entropy: 0.5446, Epsilon: 0.010
2026-03-28 19:19:52 | INFO | Episode  914 - Reward: 13.000, Length: 13, Loss: 54.7967, Entropy: 0.5009, Epsilon: 0.010
2026-03-28 19:19:52 | INFO | Episode  915 - Reward: 14.000, Length: 14, Loss: 23.6922, Entropy: 0.5191, Epsilon: 0.010
2026-03-28 19:19:53 | INFO | Episode  916 - Reward: 14.000, Length: 14, Loss: 25.3670, Entropy: 0.6038, Epsilon: 0.010
2026-03-28 19:19:54 | INFO | Episode  917 - Reward: 21.000, Length: 21, Loss: 47.0871, Entropy: 0.5203, Epsilon: 0.010
2026-03-28 19:19:55 | INFO | Episode  918 - Reward: 24.000, Length: 24, Loss: 26.6280, Entropy: 0.6060, Epsilon: 0.010
2026-03-28 19:19:56 | INFO | Episode  919 - Reward: 29.000, Length: 29, Loss: 22.7364, Entropy: 0.5530, Epsilon: 0.010
2026-03-28 19:19:57 | INFO | Episode  920 - Reward: 34.000, Length: 34, Loss: 29.9953, Entropy: 0.5538, Epsilon: 0.010
2026-03-28 19:19:58 | INFO | Episode  921 - Reward: 24.000, Length: 24, Loss: 20.2152, Entropy: 0.5751, Epsilon: 0.010
2026-03-28 19:19:59 | INFO | Episode  922 - Reward: 27.000, Length: 27, Loss: 29.2660, Entropy: 0.5461, Epsilon: 0.010
2026-03-28 19:20:00 | INFO | Episode  923 - Reward: 22.000, Length: 22, Loss: 24.2236, Entropy: 0.5386, Epsilon: 0.010
2026-03-28 19:20:00 | INFO | Episode  924 - Reward: 26.000, Length: 26, Loss: 15.1934, Entropy: 0.6005, Epsilon: 0.010
2026-03-28 19:20:01 | INFO | Episode  925 - Reward: 97.000, Length: 97, Loss: 26.6357, Entropy: 0.5912, Epsilon: 0.010
2026-03-28 19:20:02 | INFO | Episode  926 - Reward: 22.000, Length: 22, Loss: 26.5480, Entropy: 0.6110, Epsilon: 0.010
2026-03-28 19:20:03 | INFO | Episode  927 - Reward: 120.000, Length: 120, Loss: 33.8741, Entropy: 0.6206, Epsilon: 0.010
2026-03-28 19:20:04 | INFO | Episode  928 - Reward: 71.000, Length: 71, Loss: 17.7031, Entropy: 0.6225, Epsilon: 0.010
2026-03-28 19:20:05 | INFO | Episode  929 - Reward: 81.000, Length: 81, Loss: 36.3764, Entropy: 0.5571, Epsilon: 0.010
2026-03-28 19:20:06 | INFO | Episode  930 - Reward: 14.000, Length: 14, Loss: 20.6350, Entropy: 0.5718, Epsilon: 0.010
2026-03-28 19:20:07 | INFO | Episode  931 - Reward: 17.000, Length: 17, Loss: 33.1026, Entropy: 0.6033, Epsilon: 0.010
2026-03-28 19:20:08 | INFO | Episode  932 - Reward: 78.000, Length: 78, Loss: 34.3419, Entropy: 0.6183, Epsilon: 0.010
2026-03-28 19:20:09 | INFO | Episode  933 - Reward: 33.000, Length: 33, Loss: 29.1700, Entropy: 0.5798, Epsilon: 0.010
2026-03-28 19:20:10 | INFO | Episode  934 - Reward: 24.000, Length: 24, Loss: 12.8869, Entropy: 0.5685, Epsilon: 0.010
2026-03-28 19:20:11 | INFO | Episode  935 - Reward: 57.000, Length: 57, Loss: 29.5690, Entropy: 0.5854, Epsilon: 0.010
2026-03-28 19:20:12 | INFO | Episode  936 - Reward: 40.000, Length: 40, Loss: 19.9086, Entropy: 0.5805, Epsilon: 0.010
2026-03-28 19:20:13 | INFO | Episode  937 - Reward: 35.000, Length: 35, Loss: 36.8131, Entropy: 0.5744, Epsilon: 0.010
2026-03-28 19:20:14 | INFO | Episode  938 - Reward: 40.000, Length: 40, Loss: 13.9108, Entropy: 0.6110, Epsilon: 0.010
2026-03-28 19:20:15 | INFO | Episode  939 - Reward: 64.000, Length: 64, Loss: 20.4230, Entropy: 0.5764, Epsilon: 0.010
2026-03-28 19:20:16 | INFO | Episode  940 - Reward: 22.000, Length: 22, Loss: 15.8541, Entropy: 0.5726, Epsilon: 0.010
2026-03-28 19:20:17 | INFO | Episode  941 - Reward: 49.000, Length: 49, Loss: 30.2267, Entropy: 0.5009, Epsilon: 0.010
2026-03-28 19:20:18 | INFO | Episode  942 - Reward: 27.000, Length: 27, Loss: 27.0524, Entropy: 0.5347, Epsilon: 0.010
2026-03-28 19:20:20 | INFO | Episode  943 - Reward: 28.000, Length: 28, Loss: 27.8047, Entropy: 0.5242, Epsilon: 0.010
2026-03-28 19:20:21 | INFO | Episode  944 - Reward: 59.000, Length: 59, Loss: 20.7622, Entropy: 0.5642, Epsilon: 0.010
2026-03-28 19:20:21 | INFO | Episode  945 - Reward: 104.000, Length: 104, Loss: 26.4028, Entropy: 0.5283, Epsilon: 0.010
2026-03-28 19:20:23 | INFO | Episode  946 - Reward: 107.000, Length: 107, Loss: 26.8646, Entropy: 0.5453, Epsilon: 0.010
2026-03-28 19:20:24 | INFO | Episode  947 - Reward: 92.000, Length: 92, Loss: 31.5358, Entropy: 0.4897, Epsilon: 0.010
2026-03-28 19:20:25 | INFO | Episode  948 - Reward: 18.000, Length: 18, Loss: 46.7335, Entropy: 0.5313, Epsilon: 0.010
2026-03-28 19:20:26 | INFO | Episode  949 - Reward: 14.000, Length: 14, Loss: 38.7356, Entropy: 0.6020, Epsilon: 0.010
2026-03-28 19:20:27 | INFO | Episode  950 - Reward: 23.000, Length: 23, Loss: 20.6190, Entropy: 0.5488, Epsilon: 0.010
2026-03-28 19:20:34 | INFO | [Episode  950] eps=0.010  avg_reward=  46.120  avg_length= 46.12  avg_loss= 28.0047  avg_entropy=0.5488  eval_success=1.000
2026-03-28 19:20:35 | INFO | Episode  951 - Reward: 15.000, Length: 15, Loss: 23.2806, Entropy: 0.5730, Epsilon: 0.010
2026-03-28 19:20:36 | INFO | Episode  952 - Reward: 18.000, Length: 18, Loss: 22.0096, Entropy: 0.6112, Epsilon: 0.010
2026-03-28 19:20:37 | INFO | Episode  953 - Reward: 15.000, Length: 15, Loss: 27.9750, Entropy: 0.5724, Epsilon: 0.010
2026-03-28 19:20:38 | INFO | Episode  954 - Reward: 85.000, Length: 85, Loss: 20.7450, Entropy: 0.5450, Epsilon: 0.010
2026-03-28 19:20:39 | INFO | Episode  955 - Reward: 112.000, Length: 112, Loss: 29.9356, Entropy: 0.5191, Epsilon: 0.010
2026-03-28 19:20:40 | INFO | Episode  956 - Reward: 18.000, Length: 18, Loss: 44.2287, Entropy: 0.5192, Epsilon: 0.010
2026-03-28 19:20:41 | INFO | Episode  957 - Reward: 139.000, Length: 139, Loss: 29.6757, Entropy: 0.5970, Epsilon: 0.010
2026-03-28 19:20:42 | INFO | Episode  958 - Reward: 25.000, Length: 25, Loss: 31.6949, Entropy: 0.6077, Epsilon: 0.010
2026-03-28 19:20:43 | INFO | Episode  959 - Reward: 22.000, Length: 22, Loss: 65.6993, Entropy: 0.4969, Epsilon: 0.010
2026-03-28 19:20:44 | INFO | Episode  960 - Reward: 15.000, Length: 15, Loss: 37.7796, Entropy: 0.4993, Epsilon: 0.010
2026-03-28 19:20:45 | INFO | Episode  961 - Reward: 15.000, Length: 15, Loss: 34.3263, Entropy: 0.4596, Epsilon: 0.010
2026-03-28 19:20:46 | INFO | Episode  962 - Reward: 83.000, Length: 83, Loss: 42.7951, Entropy: 0.5493, Epsilon: 0.010
2026-03-28 19:20:47 | INFO | Episode  963 - Reward: 84.000, Length: 84, Loss: 20.0831, Entropy: 0.5966, Epsilon: 0.010
2026-03-28 19:20:48 | INFO | Episode  964 - Reward: 18.000, Length: 18, Loss: 24.9278, Entropy: 0.5680, Epsilon: 0.010
2026-03-28 19:20:49 | INFO | Episode  965 - Reward: 30.000, Length: 30, Loss: 35.9739, Entropy: 0.5480, Epsilon: 0.010
2026-03-28 19:20:50 | INFO | Episode  966 - Reward: 104.000, Length: 104, Loss: 44.9716, Entropy: 0.5261, Epsilon: 0.010
2026-03-28 19:20:51 | INFO | Episode  967 - Reward: 18.000, Length: 18, Loss: 27.4714, Entropy: 0.6010, Epsilon: 0.010
2026-03-28 19:20:52 | INFO | Episode  968 - Reward: 32.000, Length: 32, Loss: 47.6418, Entropy: 0.5653, Epsilon: 0.010
2026-03-28 19:20:53 | INFO | Episode  969 - Reward: 83.000, Length: 83, Loss: 33.2724, Entropy: 0.5738, Epsilon: 0.010
2026-03-28 19:20:54 | INFO | Episode  970 - Reward: 30.000, Length: 30, Loss: 38.9480, Entropy: 0.5379, Epsilon: 0.010
2026-03-28 19:20:55 | INFO | Episode  971 - Reward: 20.000, Length: 20, Loss: 34.6866, Entropy: 0.5084, Epsilon: 0.010
2026-03-28 19:20:56 | INFO | Episode  972 - Reward: 25.000, Length: 25, Loss: 29.0399, Entropy: 0.4750, Epsilon: 0.010
2026-03-28 19:20:57 | INFO | Episode  973 - Reward: 63.000, Length: 63, Loss: 45.7815, Entropy: 0.5307, Epsilon: 0.010
2026-03-28 19:20:58 | INFO | Episode  974 - Reward: 67.000, Length: 67, Loss: 40.5813, Entropy: 0.3880, Epsilon: 0.010
2026-03-28 19:20:58 | INFO | Episode  975 - Reward: 15.000, Length: 15, Loss: 49.3613, Entropy: 0.5099, Epsilon: 0.010
2026-03-28 19:20:59 | INFO | Episode  976 - Reward: 118.000, Length: 118, Loss: 41.5004, Entropy: 0.3758, Epsilon: 0.010
2026-03-28 19:21:01 | INFO | Episode  977 - Reward: 10.000, Length: 10, Loss: 41.7072, Entropy: 0.4923, Epsilon: 0.010
2026-03-28 19:21:02 | INFO | Episode  978 - Reward: 71.000, Length: 71, Loss: 33.4445, Entropy: 0.5142, Epsilon: 0.010
2026-03-28 19:21:02 | INFO | Episode  979 - Reward: 15.000, Length: 15, Loss: 50.3303, Entropy: 0.5055, Epsilon: 0.010
2026-03-28 19:21:03 | INFO | Episode  980 - Reward: 142.000, Length: 142, Loss: 43.7159, Entropy: 0.4745, Epsilon: 0.010
2026-03-28 19:21:04 | INFO | Episode  981 - Reward: 128.000, Length: 128, Loss: 33.2264, Entropy: 0.3996, Epsilon: 0.010
2026-03-28 19:21:05 | INFO | Episode  982 - Reward: 134.000, Length: 134, Loss: 47.6629, Entropy: 0.4769, Epsilon: 0.010
2026-03-28 19:21:06 | INFO | Episode  983 - Reward: 16.000, Length: 16, Loss: 29.3574, Entropy: 0.4755, Epsilon: 0.010
2026-03-28 19:21:07 | INFO | Episode  984 - Reward: 21.000, Length: 21, Loss: 60.9720, Entropy: 0.3656, Epsilon: 0.010
2026-03-28 19:21:08 | INFO | Episode  985 - Reward: 10.000, Length: 10, Loss: 33.6907, Entropy: 0.5195, Epsilon: 0.010
2026-03-28 19:21:09 | INFO | Episode  986 - Reward: 59.000, Length: 59, Loss: 28.1882, Entropy: 0.5661, Epsilon: 0.010
2026-03-28 19:21:10 | INFO | Episode  987 - Reward: 57.000, Length: 57, Loss: 52.7201, Entropy: 0.3526, Epsilon: 0.010
2026-03-28 19:21:11 | INFO | Episode  988 - Reward: 12.000, Length: 12, Loss: 29.7484, Entropy: 0.5723, Epsilon: 0.010
2026-03-28 19:21:12 | INFO | Episode  989 - Reward: 12.000, Length: 12, Loss: 55.1439, Entropy: 0.4789, Epsilon: 0.010
2026-03-28 19:21:13 | INFO | Episode  990 - Reward: 15.000, Length: 15, Loss: 74.7422, Entropy: 0.5459, Epsilon: 0.010
2026-03-28 19:21:14 | INFO | Episode  991 - Reward: 15.000, Length: 15, Loss: 51.1966, Entropy: 0.5573, Epsilon: 0.010
2026-03-28 19:21:15 | INFO | Episode  992 - Reward: 23.000, Length: 23, Loss: 33.2051, Entropy: 0.5805, Epsilon: 0.010
2026-03-28 19:21:16 | INFO | Episode  993 - Reward: 69.000, Length: 69, Loss: 44.3174, Entropy: 0.5824, Epsilon: 0.010
2026-03-28 19:21:17 | INFO | Episode  994 - Reward: 110.000, Length: 110, Loss: 33.9252, Entropy: 0.4318, Epsilon: 0.010
2026-03-28 19:21:17 | INFO | Episode  995 - Reward: 13.000, Length: 13, Loss: 31.9810, Entropy: 0.5579, Epsilon: 0.010
2026-03-28 19:21:18 | INFO | Episode  996 - Reward: 17.000, Length: 17, Loss: 42.9228, Entropy: 0.6286, Epsilon: 0.010
2026-03-28 19:21:19 | INFO | Episode  997 - Reward: 20.000, Length: 20, Loss: 58.3614, Entropy: 0.5865, Epsilon: 0.010
2026-03-28 19:21:20 | INFO | Episode  998 - Reward: 88.000, Length: 88, Loss: 27.9476, Entropy: 0.5874, Epsilon: 0.010
2026-03-28 19:21:21 | INFO | Episode  999 - Reward: 13.000, Length: 13, Loss: 47.0172, Entropy: 0.6304, Epsilon: 0.010
2026-03-28 19:21:22 | INFO | Episode 1000 - Reward: 17.000, Length: 17, Loss: 58.7300, Entropy: 0.5141, Epsilon: 0.010
2026-03-28 19:21:57 | INFO | [Episode 1000] eps=0.010  avg_reward=  47.120  avg_length= 47.12  avg_loss= 39.3728  avg_entropy=0.5141  eval_success=1.000
2026-03-28 19:21:57 | INFO | DQN+Entropy training: 21m 37.79s
