2026-03-28 18:06:35 | INFO | ============================================================
2026-03-28 18:06:35 | INFO | DEVICE / COMPUTE INFORMATION
2026-03-28 18:06:35 | INFO |   JAX backend       : GPU
2026-03-28 18:06:35 | INFO |   Platform          : gpu
2026-03-28 18:06:35 | INFO |   Num devices       : 1
2026-03-28 18:06:35 | INFO |   Device            : cuda:0
2026-03-28 18:06:35 | INFO |   GPU name          : NVIDIA GeForce RTX 5060 Laptop GPU
2026-03-28 18:06:35 | INFO | ============================================================
2026-03-28 18:06:35 | INFO | DQN+Entropy | seed=0, lr=0.1, gamma=0.99, alpha=0.01
2026-03-28 18:06:35 | INFO | Env: cartpole/dense, obs_dim=4, num_actions=2
2026-03-28 18:06:37 | INFO | Episode    1 - Reward: 11.000, Length: 11, Loss: 0.0000, Entropy: 0.0000, Epsilon: 0.995
2026-03-28 18:06:38 | INFO | Episode    2 - Reward: 28.000, Length: 28, Loss: 0.0000, Entropy: 0.0000, Epsilon: 0.990
2026-03-28 18:06:38 | INFO | Episode    3 - Reward: 27.000, Length: 27, Loss: 0.0000, Entropy: 0.0000, Epsilon: 0.985
2026-03-28 18:06:39 | INFO | Episode    4 - Reward: 12.000, Length: 12, Loss: 0.0000, Entropy: 0.0000, Epsilon: 0.980
2026-03-28 18:06:40 | INFO | Episode    5 - Reward: 29.000, Length: 29, Loss: 0.0000, Entropy: 0.0000, Epsilon: 0.975
2026-03-28 18:06:40 | INFO | Episode    6 - Reward: 15.000, Length: 15, Loss: 0.0000, Entropy: 0.0000, Epsilon: 0.970
2026-03-28 18:06:44 | INFO | Episode    7 - Reward: 16.000, Length: 16, Loss: 0.6535, Entropy: 0.6931, Epsilon: 0.965
2026-03-28 18:06:45 | INFO | Episode    8 - Reward: 12.000, Length: 12, Loss: 0.1484, Entropy: 0.6930, Epsilon: 0.960
2026-03-28 18:06:45 | INFO | Episode    9 - Reward: 18.000, Length: 18, Loss: 0.0238, Entropy: 0.6931, Epsilon: 0.955
2026-03-28 18:06:46 | INFO | Episode   10 - Reward: 35.000, Length: 35, Loss: 0.0032, Entropy: 0.6931, Epsilon: 0.951
2026-03-28 18:06:47 | INFO | Episode   11 - Reward: 24.000, Length: 24, Loss: -0.0009, Entropy: 0.6931, Epsilon: 0.946
2026-03-28 18:06:48 | INFO | Episode   12 - Reward: 19.000, Length: 19, Loss: -0.0012, Entropy: 0.6931, Epsilon: 0.941
2026-03-28 18:06:48 | INFO | Episode   13 - Reward: 19.000, Length: 19, Loss: -0.0019, Entropy: 0.6931, Epsilon: 0.936
2026-03-28 18:06:49 | INFO | Episode   14 - Reward: 14.000, Length: 14, Loss: -0.0033, Entropy: 0.6931, Epsilon: 0.931
2026-03-28 18:06:50 | INFO | Episode   15 - Reward: 26.000, Length: 26, Loss: -0.0040, Entropy: 0.6931, Epsilon: 0.926
2026-03-28 18:06:51 | INFO | Episode   16 - Reward: 22.000, Length: 22, Loss: -0.0041, Entropy: 0.6931, Epsilon: 0.921
2026-03-28 18:06:52 | INFO | Episode   17 - Reward: 25.000, Length: 25, Loss: -0.0048, Entropy: 0.6931, Epsilon: 0.916
2026-03-28 18:06:52 | INFO | Episode   18 - Reward: 33.000, Length: 33, Loss: -0.0051, Entropy: 0.6931, Epsilon: 0.911
2026-03-28 18:06:53 | INFO | Episode   19 - Reward: 19.000, Length: 19, Loss: -0.0053, Entropy: 0.6931, Epsilon: 0.906
2026-03-28 18:06:54 | INFO | Episode   20 - Reward: 15.000, Length: 15, Loss: -0.0053, Entropy: 0.6931, Epsilon: 0.901
2026-03-28 18:06:55 | INFO | Episode   21 - Reward: 17.000, Length: 17, Loss: -0.0054, Entropy: 0.6931, Epsilon: 0.896
2026-03-28 18:06:55 | INFO | Episode   22 - Reward: 25.000, Length: 25, Loss: -0.0057, Entropy: 0.6931, Epsilon: 0.891
2026-03-28 18:06:56 | INFO | Episode   23 - Reward: 31.000, Length: 31, Loss: -0.0056, Entropy: 0.6931, Epsilon: 0.886
2026-03-28 18:06:57 | INFO | Episode   24 - Reward: 21.000, Length: 21, Loss: -0.0058, Entropy: 0.6931, Epsilon: 0.881
2026-03-28 18:06:58 | INFO | Episode   25 - Reward: 13.000, Length: 13, Loss: 0.4541, Entropy: 0.6931, Epsilon: 0.876
2026-03-28 18:06:58 | INFO | Episode   26 - Reward: 27.000, Length: 27, Loss: 0.0370, Entropy: 0.6930, Epsilon: 0.871
2026-03-28 18:06:59 | INFO | Episode   27 - Reward: 13.000, Length: 13, Loss: 0.0304, Entropy: 0.6931, Epsilon: 0.866
2026-03-28 18:07:00 | INFO | Episode   28 - Reward: 19.000, Length: 19, Loss: 0.0583, Entropy: 0.6927, Epsilon: 0.861
2026-03-28 18:07:01 | INFO | Episode   29 - Reward: 16.000, Length: 16, Loss: 0.0508, Entropy: 0.6926, Epsilon: 0.856
2026-03-28 18:07:02 | INFO | Episode   30 - Reward: 35.000, Length: 35, Loss: 0.0511, Entropy: 0.6930, Epsilon: 0.852
2026-03-28 18:07:02 | INFO | Episode   31 - Reward: 13.000, Length: 13, Loss: 0.0446, Entropy: 0.6929, Epsilon: 0.847
2026-03-28 18:07:03 | INFO | Episode   32 - Reward: 19.000, Length: 19, Loss: 0.0670, Entropy: 0.6925, Epsilon: 0.842
2026-03-28 18:07:04 | INFO | Episode   33 - Reward: 16.000, Length: 16, Loss: 0.0456, Entropy: 0.6929, Epsilon: 0.837
2026-03-28 18:07:05 | INFO | Episode   34 - Reward: 12.000, Length: 12, Loss: 0.0525, Entropy: 0.6928, Epsilon: 0.832
2026-03-28 18:07:05 | INFO | Episode   35 - Reward: 23.000, Length: 23, Loss: 0.0351, Entropy: 0.6928, Epsilon: 0.827
2026-03-28 18:07:06 | INFO | Episode   36 - Reward: 16.000, Length: 16, Loss: 0.0606, Entropy: 0.6929, Epsilon: 0.822
2026-03-28 18:07:07 | INFO | Episode   37 - Reward: 12.000, Length: 12, Loss: 0.0281, Entropy: 0.6929, Epsilon: 0.817
2026-03-28 18:07:08 | INFO | Episode   38 - Reward: 38.000, Length: 38, Loss: 0.0415, Entropy: 0.6928, Epsilon: 0.812
2026-03-28 18:07:08 | INFO | Episode   39 - Reward: 20.000, Length: 20, Loss: 0.0551, Entropy: 0.6930, Epsilon: 0.807
2026-03-28 18:07:09 | INFO | Episode   40 - Reward: 16.000, Length: 16, Loss: 0.0395, Entropy: 0.6929, Epsilon: 0.802
2026-03-28 18:07:10 | INFO | Episode   41 - Reward: 11.000, Length: 11, Loss: 0.0467, Entropy: 0.6929, Epsilon: 0.797
2026-03-28 18:07:11 | INFO | Episode   42 - Reward: 12.000, Length: 12, Loss: 0.0490, Entropy: 0.6929, Epsilon: 0.792
2026-03-28 18:07:11 | INFO | Episode   43 - Reward: 37.000, Length: 37, Loss: 0.0560, Entropy: 0.6928, Epsilon: 0.787
2026-03-28 18:07:12 | INFO | Episode   44 - Reward: 46.000, Length: 46, Loss: 0.0507, Entropy: 0.6929, Epsilon: 0.782
2026-03-28 18:07:13 | INFO | Episode   45 - Reward: 19.000, Length: 19, Loss: 0.0544, Entropy: 0.6929, Epsilon: 0.777
2026-03-28 18:07:14 | INFO | Episode   46 - Reward: 19.000, Length: 19, Loss: 0.0393, Entropy: 0.6930, Epsilon: 0.772
2026-03-28 18:07:15 | INFO | Episode   47 - Reward: 17.000, Length: 17, Loss: 0.0450, Entropy: 0.6930, Epsilon: 0.767
2026-03-28 18:07:15 | INFO | Episode   48 - Reward: 12.000, Length: 12, Loss: 0.0575, Entropy: 0.6931, Epsilon: 0.762
2026-03-28 18:07:16 | INFO | Episode   49 - Reward: 23.000, Length: 23, Loss: 0.0638, Entropy: 0.6929, Epsilon: 0.757
2026-03-28 18:07:17 | INFO | Episode   50 - Reward: 18.000, Length: 18, Loss: 0.3919, Entropy: 0.6922, Epsilon: 0.752
2026-03-28 18:07:21 | INFO | [Episode   50] eps=0.752  avg_reward=  20.700  avg_length= 20.70  avg_loss=  0.0555  avg_entropy=0.6922  eval_success=1.000
2026-03-28 18:07:21 | INFO | Episode   51 - Reward: 14.000, Length: 14, Loss: 0.1456, Entropy: 0.6923, Epsilon: 0.748
2026-03-28 18:07:22 | INFO | Episode   52 - Reward: 21.000, Length: 21, Loss: 0.1486, Entropy: 0.6927, Epsilon: 0.743
2026-03-28 18:07:23 | INFO | Episode   53 - Reward: 14.000, Length: 14, Loss: 0.1176, Entropy: 0.6927, Epsilon: 0.738
2026-03-28 18:07:23 | INFO | Episode   54 - Reward: 15.000, Length: 15, Loss: 0.2069, Entropy: 0.6926, Epsilon: 0.733
2026-03-28 18:07:24 | INFO | Episode   55 - Reward: 39.000, Length: 39, Loss: 0.1191, Entropy: 0.6930, Epsilon: 0.728
2026-03-28 18:07:25 | INFO | Episode   56 - Reward: 38.000, Length: 38, Loss: 0.1616, Entropy: 0.6929, Epsilon: 0.723
2026-03-28 18:07:26 | INFO | Episode   57 - Reward: 17.000, Length: 17, Loss: 0.1044, Entropy: 0.6927, Epsilon: 0.718
2026-03-28 18:07:26 | INFO | Episode   58 - Reward: 14.000, Length: 14, Loss: 0.2056, Entropy: 0.6926, Epsilon: 0.713
2026-03-28 18:07:27 | INFO | Episode   59 - Reward: 17.000, Length: 17, Loss: 0.1927, Entropy: 0.6927, Epsilon: 0.708
2026-03-28 18:07:28 | INFO | Episode   60 - Reward: 21.000, Length: 21, Loss: 0.1163, Entropy: 0.6926, Epsilon: 0.703
2026-03-28 18:07:29 | INFO | Episode   61 - Reward: 13.000, Length: 13, Loss: 0.1311, Entropy: 0.6927, Epsilon: 0.698
2026-03-28 18:07:30 | INFO | Episode   62 - Reward: 16.000, Length: 16, Loss: 0.0956, Entropy: 0.6928, Epsilon: 0.693
2026-03-28 18:07:30 | INFO | Episode   63 - Reward: 16.000, Length: 16, Loss: 0.1577, Entropy: 0.6922, Epsilon: 0.688
2026-03-28 18:07:31 | INFO | Episode   64 - Reward: 10.000, Length: 10, Loss: 0.1159, Entropy: 0.6926, Epsilon: 0.683
2026-03-28 18:07:32 | INFO | Episode   65 - Reward: 15.000, Length: 15, Loss: 0.1505, Entropy: 0.6922, Epsilon: 0.678
2026-03-28 18:07:33 | INFO | Episode   66 - Reward: 13.000, Length: 13, Loss: 0.1353, Entropy: 0.6916, Epsilon: 0.673
2026-03-28 18:07:33 | INFO | Episode   67 - Reward: 11.000, Length: 11, Loss: 0.1643, Entropy: 0.6929, Epsilon: 0.668
2026-03-28 18:07:34 | INFO | Episode   68 - Reward: 9.000, Length: 9, Loss: 0.1418, Entropy: 0.6926, Epsilon: 0.663
2026-03-28 18:07:35 | INFO | Episode   69 - Reward: 15.000, Length: 15, Loss: 0.1849, Entropy: 0.6928, Epsilon: 0.658
2026-03-28 18:07:36 | INFO | Episode   70 - Reward: 17.000, Length: 17, Loss: 0.1886, Entropy: 0.6928, Epsilon: 0.653
2026-03-28 18:07:37 | INFO | Episode   71 - Reward: 16.000, Length: 16, Loss: 0.1475, Entropy: 0.6929, Epsilon: 0.649
2026-03-28 18:07:37 | INFO | Episode   72 - Reward: 32.000, Length: 32, Loss: 0.1790, Entropy: 0.6929, Epsilon: 0.644
2026-03-28 18:07:38 | INFO | Episode   73 - Reward: 13.000, Length: 13, Loss: 0.1523, Entropy: 0.6925, Epsilon: 0.639
2026-03-28 18:07:39 | INFO | Episode   74 - Reward: 13.000, Length: 13, Loss: 0.1488, Entropy: 0.6929, Epsilon: 0.634
2026-03-28 18:07:39 | INFO | Episode   75 - Reward: 18.000, Length: 18, Loss: 0.1847, Entropy: 0.6924, Epsilon: 0.629
2026-03-28 18:07:40 | INFO | Episode   76 - Reward: 25.000, Length: 25, Loss: 0.1365, Entropy: 0.6929, Epsilon: 0.624
2026-03-28 18:07:41 | INFO | Episode   77 - Reward: 34.000, Length: 34, Loss: 0.1940, Entropy: 0.6924, Epsilon: 0.619
2026-03-28 18:07:42 | INFO | Episode   78 - Reward: 11.000, Length: 11, Loss: 0.4768, Entropy: 0.6919, Epsilon: 0.614
2026-03-28 18:07:43 | INFO | Episode   79 - Reward: 16.000, Length: 16, Loss: 0.3425, Entropy: 0.6904, Epsilon: 0.609
2026-03-28 18:07:43 | INFO | Episode   80 - Reward: 20.000, Length: 20, Loss: 0.3103, Entropy: 0.6920, Epsilon: 0.604
2026-03-28 18:07:44 | INFO | Episode   81 - Reward: 13.000, Length: 13, Loss: 0.3131, Entropy: 0.6913, Epsilon: 0.599
2026-03-28 18:07:45 | INFO | Episode   82 - Reward: 19.000, Length: 19, Loss: 0.4036, Entropy: 0.6922, Epsilon: 0.594
2026-03-28 18:07:46 | INFO | Episode   83 - Reward: 19.000, Length: 19, Loss: 0.2487, Entropy: 0.6921, Epsilon: 0.589
2026-03-28 18:07:46 | INFO | Episode   84 - Reward: 16.000, Length: 16, Loss: 0.2798, Entropy: 0.6912, Epsilon: 0.584
2026-03-28 18:07:47 | INFO | Episode   85 - Reward: 10.000, Length: 10, Loss: 0.3847, Entropy: 0.6912, Epsilon: 0.579
2026-03-28 18:07:48 | INFO | Episode   86 - Reward: 38.000, Length: 38, Loss: 0.2729, Entropy: 0.6901, Epsilon: 0.574
2026-03-28 18:07:49 | INFO | Episode   87 - Reward: 71.000, Length: 71, Loss: 0.1737, Entropy: 0.6907, Epsilon: 0.569
2026-03-28 18:07:50 | INFO | Episode   88 - Reward: 35.000, Length: 35, Loss: 0.2770, Entropy: 0.6897, Epsilon: 0.564
2026-03-28 18:07:50 | INFO | Episode   89 - Reward: 39.000, Length: 39, Loss: 0.3255, Entropy: 0.6906, Epsilon: 0.559
2026-03-28 18:07:51 | INFO | Episode   90 - Reward: 15.000, Length: 15, Loss: 0.3519, Entropy: 0.6914, Epsilon: 0.554
2026-03-28 18:07:52 | INFO | Episode   91 - Reward: 17.000, Length: 17, Loss: 0.2800, Entropy: 0.6916, Epsilon: 0.550
2026-03-28 18:07:53 | INFO | Episode   92 - Reward: 20.000, Length: 20, Loss: 0.2506, Entropy: 0.6903, Epsilon: 0.545
2026-03-28 18:07:53 | INFO | Episode   93 - Reward: 19.000, Length: 19, Loss: 0.2190, Entropy: 0.6911, Epsilon: 0.540
2026-03-28 18:07:54 | INFO | Episode   94 - Reward: 25.000, Length: 25, Loss: 0.3417, Entropy: 0.6915, Epsilon: 0.535
2026-03-28 18:07:55 | INFO | Episode   95 - Reward: 18.000, Length: 18, Loss: 0.3628, Entropy: 0.6910, Epsilon: 0.530
2026-03-28 18:07:56 | INFO | Episode   96 - Reward: 12.000, Length: 12, Loss: 0.3506, Entropy: 0.6908, Epsilon: 0.525
2026-03-28 18:07:56 | INFO | Episode   97 - Reward: 22.000, Length: 22, Loss: 0.2908, Entropy: 0.6908, Epsilon: 0.520
2026-03-28 18:07:57 | INFO | Episode   98 - Reward: 52.000, Length: 52, Loss: 0.3481, Entropy: 0.6903, Epsilon: 0.515
2026-03-28 18:07:58 | INFO | Episode   99 - Reward: 22.000, Length: 22, Loss: 1.7816, Entropy: 0.6864, Epsilon: 0.510
2026-03-28 18:07:59 | INFO | Episode  100 - Reward: 36.000, Length: 36, Loss: 1.2622, Entropy: 0.6900, Epsilon: 0.505
2026-03-28 18:08:02 | INFO | [Episode  100] eps=0.505  avg_reward=  21.220  avg_length= 21.22  avg_loss=  0.2755  avg_entropy=0.6900  eval_success=1.000
2026-03-28 18:08:03 | INFO | Episode  101 - Reward: 16.000, Length: 16, Loss: 0.9159, Entropy: 0.6856, Epsilon: 0.500
2026-03-28 18:08:04 | INFO | Episode  102 - Reward: 19.000, Length: 19, Loss: 0.7741, Entropy: 0.6882, Epsilon: 0.495
2026-03-28 18:08:05 | INFO | Episode  103 - Reward: 35.000, Length: 35, Loss: 0.7251, Entropy: 0.6874, Epsilon: 0.490
2026-03-28 18:08:06 | INFO | Episode  104 - Reward: 24.000, Length: 24, Loss: 0.5238, Entropy: 0.6879, Epsilon: 0.485
2026-03-28 18:08:06 | INFO | Episode  105 - Reward: 20.000, Length: 20, Loss: 0.5680, Entropy: 0.6874, Epsilon: 0.480
2026-03-28 18:08:07 | INFO | Episode  106 - Reward: 16.000, Length: 16, Loss: 0.5487, Entropy: 0.6883, Epsilon: 0.475
2026-03-28 18:08:08 | INFO | Episode  107 - Reward: 41.000, Length: 41, Loss: 0.2612, Entropy: 0.6886, Epsilon: 0.470
2026-03-28 18:08:09 | INFO | Episode  108 - Reward: 37.000, Length: 37, Loss: 0.5768, Entropy: 0.6883, Epsilon: 0.465
2026-03-28 18:08:09 | INFO | Episode  109 - Reward: 24.000, Length: 24, Loss: 0.6435, Entropy: 0.6883, Epsilon: 0.460
2026-03-28 18:08:10 | INFO | Episode  110 - Reward: 23.000, Length: 23, Loss: 0.6865, Entropy: 0.6879, Epsilon: 0.456
2026-03-28 18:08:11 | INFO | Episode  111 - Reward: 28.000, Length: 28, Loss: 0.7281, Entropy: 0.6861, Epsilon: 0.451
2026-03-28 18:08:12 | INFO | Episode  112 - Reward: 81.000, Length: 81, Loss: 0.4972, Entropy: 0.6873, Epsilon: 0.446
2026-03-28 18:08:13 | INFO | Episode  113 - Reward: 36.000, Length: 36, Loss: 0.6146, Entropy: 0.6857, Epsilon: 0.441
2026-03-28 18:08:13 | INFO | Episode  114 - Reward: 67.000, Length: 67, Loss: 0.4594, Entropy: 0.6856, Epsilon: 0.436
2026-03-28 18:08:14 | INFO | Episode  115 - Reward: 63.000, Length: 63, Loss: 1.7211, Entropy: 0.6793, Epsilon: 0.431
2026-03-28 18:08:15 | INFO | Episode  116 - Reward: 41.000, Length: 41, Loss: 1.8398, Entropy: 0.6821, Epsilon: 0.426
2026-03-28 18:08:16 | INFO | Episode  117 - Reward: 28.000, Length: 28, Loss: 1.0038, Entropy: 0.6831, Epsilon: 0.421
2026-03-28 18:08:17 | INFO | Episode  118 - Reward: 24.000, Length: 24, Loss: 0.6740, Entropy: 0.6833, Epsilon: 0.416
2026-03-28 18:08:17 | INFO | Episode  119 - Reward: 68.000, Length: 68, Loss: 0.6906, Entropy: 0.6824, Epsilon: 0.411
2026-03-28 18:08:18 | INFO | Episode  120 - Reward: 29.000, Length: 29, Loss: 0.7860, Entropy: 0.6814, Epsilon: 0.406
2026-03-28 18:08:19 | INFO | Episode  121 - Reward: 28.000, Length: 28, Loss: 0.7863, Entropy: 0.6827, Epsilon: 0.401
2026-03-28 18:08:20 | INFO | Episode  122 - Reward: 33.000, Length: 33, Loss: 0.7137, Entropy: 0.6818, Epsilon: 0.396
2026-03-28 18:08:20 | INFO | Episode  123 - Reward: 56.000, Length: 56, Loss: 0.6356, Entropy: 0.6830, Epsilon: 0.391
2026-03-28 18:08:21 | INFO | Episode  124 - Reward: 20.000, Length: 20, Loss: 0.6011, Entropy: 0.6816, Epsilon: 0.386
2026-03-28 18:08:22 | INFO | Episode  125 - Reward: 25.000, Length: 25, Loss: 0.7252, Entropy: 0.6812, Epsilon: 0.381
2026-03-28 18:08:23 | INFO | Episode  126 - Reward: 22.000, Length: 22, Loss: 0.6655, Entropy: 0.6787, Epsilon: 0.376
2026-03-28 18:08:23 | INFO | Episode  127 - Reward: 23.000, Length: 23, Loss: 1.5812, Entropy: 0.6791, Epsilon: 0.371
2026-03-28 18:08:24 | INFO | Episode  128 - Reward: 19.000, Length: 19, Loss: 2.4645, Entropy: 0.6723, Epsilon: 0.366
2026-03-28 18:08:25 | INFO | Episode  129 - Reward: 29.000, Length: 29, Loss: 1.0812, Entropy: 0.6758, Epsilon: 0.361
2026-03-28 18:08:25 | INFO | Episode  130 - Reward: 55.000, Length: 55, Loss: 0.8648, Entropy: 0.6743, Epsilon: 0.357
2026-03-28 18:08:26 | INFO | Episode  131 - Reward: 13.000, Length: 13, Loss: 0.6858, Entropy: 0.6756, Epsilon: 0.352
2026-03-28 18:08:27 | INFO | Episode  132 - Reward: 20.000, Length: 20, Loss: 0.8938, Entropy: 0.6738, Epsilon: 0.347
2026-03-28 18:08:28 | INFO | Episode  133 - Reward: 33.000, Length: 33, Loss: 0.6430, Entropy: 0.6764, Epsilon: 0.342
2026-03-28 18:08:29 | INFO | Episode  134 - Reward: 33.000, Length: 33, Loss: 0.7117, Entropy: 0.6763, Epsilon: 0.337
2026-03-28 18:08:29 | INFO | Episode  135 - Reward: 27.000, Length: 27, Loss: 0.8405, Entropy: 0.6780, Epsilon: 0.332
2026-03-28 18:08:30 | INFO | Episode  136 - Reward: 57.000, Length: 57, Loss: 0.5988, Entropy: 0.6750, Epsilon: 0.327
2026-03-28 18:08:31 | INFO | Episode  137 - Reward: 48.000, Length: 48, Loss: 0.9847, Entropy: 0.6753, Epsilon: 0.322
2026-03-28 18:08:32 | INFO | Episode  138 - Reward: 28.000, Length: 28, Loss: 0.4046, Entropy: 0.6769, Epsilon: 0.317
2026-03-28 18:08:32 | INFO | Episode  139 - Reward: 29.000, Length: 29, Loss: 0.7421, Entropy: 0.6784, Epsilon: 0.312
2026-03-28 18:08:33 | INFO | Episode  140 - Reward: 25.000, Length: 25, Loss: 0.5800, Entropy: 0.6785, Epsilon: 0.307
2026-03-28 18:08:34 | INFO | Episode  141 - Reward: 49.000, Length: 49, Loss: 0.7152, Entropy: 0.6756, Epsilon: 0.302
2026-03-28 18:08:35 | INFO | Episode  142 - Reward: 22.000, Length: 22, Loss: 0.8686, Entropy: 0.6762, Epsilon: 0.297
2026-03-28 18:08:35 | INFO | Episode  143 - Reward: 39.000, Length: 39, Loss: 2.4890, Entropy: 0.6776, Epsilon: 0.292
2026-03-28 18:08:36 | INFO | Episode  144 - Reward: 20.000, Length: 20, Loss: 4.6609, Entropy: 0.6790, Epsilon: 0.287
2026-03-28 18:08:37 | INFO | Episode  145 - Reward: 15.000, Length: 15, Loss: 2.2828, Entropy: 0.6823, Epsilon: 0.282
2026-03-28 18:08:38 | INFO | Episode  146 - Reward: 18.000, Length: 18, Loss: 2.3707, Entropy: 0.6794, Epsilon: 0.277
2026-03-28 18:08:38 | INFO | Episode  147 - Reward: 20.000, Length: 20, Loss: 4.0018, Entropy: 0.6800, Epsilon: 0.272
2026-03-28 18:08:39 | INFO | Episode  148 - Reward: 20.000, Length: 20, Loss: 2.2958, Entropy: 0.6825, Epsilon: 0.267
2026-03-28 18:08:40 | INFO | Episode  149 - Reward: 15.000, Length: 15, Loss: 1.6185, Entropy: 0.6799, Epsilon: 0.262
2026-03-28 18:08:41 | INFO | Episode  150 - Reward: 17.000, Length: 17, Loss: 1.2530, Entropy: 0.6829, Epsilon: 0.258
2026-03-28 18:08:50 | INFO | [Episode  150] eps=0.258  avg_reward=  31.560  avg_length= 31.56  avg_loss=  1.1000  avg_entropy=0.6829  eval_success=1.000
2026-03-28 18:08:51 | INFO | Episode  151 - Reward: 32.000, Length: 32, Loss: 1.4920, Entropy: 0.6815, Epsilon: 0.253
2026-03-28 18:08:51 | INFO | Episode  152 - Reward: 27.000, Length: 27, Loss: 1.8171, Entropy: 0.6815, Epsilon: 0.248
2026-03-28 18:08:52 | INFO | Episode  153 - Reward: 18.000, Length: 18, Loss: 1.8174, Entropy: 0.6842, Epsilon: 0.243
2026-03-28 18:08:53 | INFO | Episode  154 - Reward: 19.000, Length: 19, Loss: 2.3309, Entropy: 0.6814, Epsilon: 0.238
2026-03-28 18:08:54 | INFO | Episode  155 - Reward: 21.000, Length: 21, Loss: 1.7463, Entropy: 0.6788, Epsilon: 0.233
2026-03-28 18:08:54 | INFO | Episode  156 - Reward: 37.000, Length: 37, Loss: 1.5910, Entropy: 0.6803, Epsilon: 0.228
2026-03-28 18:08:55 | INFO | Episode  157 - Reward: 23.000, Length: 23, Loss: 1.3693, Entropy: 0.6805, Epsilon: 0.223
2026-03-28 18:08:56 | INFO | Episode  158 - Reward: 15.000, Length: 15, Loss: 1.5598, Entropy: 0.6785, Epsilon: 0.218
2026-03-28 18:08:57 | INFO | Episode  159 - Reward: 63.000, Length: 63, Loss: 1.3426, Entropy: 0.6802, Epsilon: 0.213
2026-03-28 18:08:57 | INFO | Episode  160 - Reward: 28.000, Length: 28, Loss: 1.9583, Entropy: 0.6807, Epsilon: 0.208
2026-03-28 18:08:58 | INFO | Episode  161 - Reward: 66.000, Length: 66, Loss: 3.7374, Entropy: 0.6772, Epsilon: 0.203
2026-03-28 18:08:59 | INFO | Episode  162 - Reward: 26.000, Length: 26, Loss: 2.1127, Entropy: 0.6823, Epsilon: 0.198
2026-03-28 18:09:00 | INFO | Episode  163 - Reward: 24.000, Length: 24, Loss: 6.0267, Entropy: 0.6567, Epsilon: 0.193
2026-03-28 18:09:00 | INFO | Episode  164 - Reward: 11.000, Length: 11, Loss: 9.0269, Entropy: 0.6350, Epsilon: 0.188
2026-03-28 18:09:01 | INFO | Episode  165 - Reward: 12.000, Length: 12, Loss: 4.6107, Entropy: 0.6674, Epsilon: 0.183
2026-03-28 18:09:02 | INFO | Episode  166 - Reward: 13.000, Length: 13, Loss: 5.3030, Entropy: 0.6685, Epsilon: 0.178
2026-03-28 18:09:03 | INFO | Episode  167 - Reward: 13.000, Length: 13, Loss: 10.2163, Entropy: 0.6089, Epsilon: 0.173
2026-03-28 18:09:03 | INFO | Episode  168 - Reward: 11.000, Length: 11, Loss: 2.6964, Entropy: 0.6698, Epsilon: 0.168
2026-03-28 18:09:04 | INFO | Episode  169 - Reward: 17.000, Length: 17, Loss: 4.5380, Entropy: 0.6728, Epsilon: 0.163
2026-03-28 18:09:05 | INFO | Episode  170 - Reward: 13.000, Length: 13, Loss: 3.3439, Entropy: 0.6612, Epsilon: 0.158
2026-03-28 18:09:06 | INFO | Episode  171 - Reward: 10.000, Length: 10, Loss: 7.1104, Entropy: 0.6790, Epsilon: 0.154
2026-03-28 18:09:06 | INFO | Episode  172 - Reward: 12.000, Length: 12, Loss: 6.3326, Entropy: 0.6408, Epsilon: 0.149
2026-03-28 18:09:07 | INFO | Episode  173 - Reward: 16.000, Length: 16, Loss: 3.3581, Entropy: 0.6625, Epsilon: 0.144
2026-03-28 18:09:08 | INFO | Episode  174 - Reward: 10.000, Length: 10, Loss: 1.7373, Entropy: 0.6797, Epsilon: 0.139
2026-03-28 18:09:09 | INFO | Episode  175 - Reward: 18.000, Length: 18, Loss: 1.7689, Entropy: 0.6750, Epsilon: 0.134
2026-03-28 18:09:09 | INFO | Episode  176 - Reward: 22.000, Length: 22, Loss: 1.9208, Entropy: 0.6789, Epsilon: 0.129
2026-03-28 18:09:10 | INFO | Episode  177 - Reward: 18.000, Length: 18, Loss: 1.3943, Entropy: 0.6776, Epsilon: 0.124
2026-03-28 18:09:11 | INFO | Episode  178 - Reward: 22.000, Length: 22, Loss: 2.4284, Entropy: 0.6791, Epsilon: 0.119
2026-03-28 18:09:12 | INFO | Episode  179 - Reward: 32.000, Length: 32, Loss: 3.7272, Entropy: 0.6642, Epsilon: 0.114
2026-03-28 18:09:13 | INFO | Episode  180 - Reward: 15.000, Length: 15, Loss: 3.4338, Entropy: 0.6796, Epsilon: 0.109
2026-03-28 18:09:13 | INFO | Episode  181 - Reward: 100.000, Length: 100, Loss: 3.7078, Entropy: 0.6723, Epsilon: 0.104
2026-03-28 18:09:14 | INFO | Episode  182 - Reward: 17.000, Length: 17, Loss: 2.6381, Entropy: 0.6752, Epsilon: 0.099
2026-03-28 18:09:15 | INFO | Episode  183 - Reward: 13.000, Length: 13, Loss: 2.2255, Entropy: 0.6815, Epsilon: 0.094
2026-03-28 18:09:16 | INFO | Episode  184 - Reward: 20.000, Length: 20, Loss: 2.1289, Entropy: 0.6816, Epsilon: 0.089
2026-03-28 18:09:16 | INFO | Episode  185 - Reward: 21.000, Length: 21, Loss: 1.5195, Entropy: 0.6824, Epsilon: 0.084
2026-03-28 18:09:17 | INFO | Episode  186 - Reward: 16.000, Length: 16, Loss: 1.7945, Entropy: 0.6687, Epsilon: 0.079
2026-03-28 18:09:18 | INFO | Episode  187 - Reward: 87.000, Length: 87, Loss: 4.7658, Entropy: 0.6468, Epsilon: 0.074
2026-03-28 18:09:19 | INFO | Episode  188 - Reward: 14.000, Length: 14, Loss: 7.7419, Entropy: 0.6506, Epsilon: 0.069
2026-03-28 18:09:19 | INFO | Episode  189 - Reward: 80.000, Length: 80, Loss: 6.2273, Entropy: 0.6704, Epsilon: 0.064
2026-03-28 18:09:20 | INFO | Episode  190 - Reward: 12.000, Length: 12, Loss: 5.7446, Entropy: 0.6426, Epsilon: 0.059
2026-03-28 18:09:21 | INFO | Episode  191 - Reward: 15.000, Length: 15, Loss: 6.1250, Entropy: 0.6611, Epsilon: 0.055
2026-03-28 18:09:22 | INFO | Episode  192 - Reward: 110.000, Length: 110, Loss: 3.4513, Entropy: 0.6582, Epsilon: 0.050
2026-03-28 18:09:23 | INFO | Episode  193 - Reward: 16.000, Length: 16, Loss: 2.4104, Entropy: 0.6510, Epsilon: 0.045
2026-03-28 18:09:23 | INFO | Episode  194 - Reward: 98.000, Length: 98, Loss: 2.9506, Entropy: 0.6551, Epsilon: 0.040
2026-03-28 18:09:24 | INFO | Episode  195 - Reward: 28.000, Length: 28, Loss: 3.3899, Entropy: 0.6477, Epsilon: 0.035
2026-03-28 18:09:25 | INFO | Episode  196 - Reward: 102.000, Length: 102, Loss: 2.0936, Entropy: 0.6549, Epsilon: 0.030
2026-03-28 18:09:26 | INFO | Episode  197 - Reward: 123.000, Length: 123, Loss: 2.9208, Entropy: 0.6442, Epsilon: 0.025
2026-03-28 18:09:26 | INFO | Episode  198 - Reward: 146.000, Length: 146, Loss: 6.2172, Entropy: 0.6442, Epsilon: 0.020
2026-03-28 18:09:27 | INFO | Episode  199 - Reward: 118.000, Length: 118, Loss: 3.2577, Entropy: 0.6492, Epsilon: 0.015
2026-03-28 18:09:28 | INFO | Episode  200 - Reward: 105.000, Length: 105, Loss: 3.3567, Entropy: 0.5876, Epsilon: 0.010
2026-03-28 18:09:33 | INFO | [Episode  200] eps=0.010  avg_reward=  38.100  avg_length= 38.10  avg_loss=  3.5303  avg_entropy=0.5876  eval_success=1.000
2026-03-28 18:09:34 | INFO | Episode  201 - Reward: 18.000, Length: 18, Loss: 1.6659, Entropy: 0.6154, Epsilon: 0.010
2026-03-28 18:09:35 | INFO | Episode  202 - Reward: 117.000, Length: 117, Loss: 1.5549, Entropy: 0.6158, Epsilon: 0.010
2026-03-28 18:09:36 | INFO | Episode  203 - Reward: 20.000, Length: 20, Loss: 1.6097, Entropy: 0.6128, Epsilon: 0.010
2026-03-28 18:09:36 | INFO | Episode  204 - Reward: 138.000, Length: 138, Loss: 1.6541, Entropy: 0.5969, Epsilon: 0.010
2026-03-28 18:09:37 | INFO | Episode  205 - Reward: 143.000, Length: 143, Loss: 1.6056, Entropy: 0.5868, Epsilon: 0.010
2026-03-28 18:09:38 | INFO | Episode  206 - Reward: 159.000, Length: 159, Loss: 3.1111, Entropy: 0.5894, Epsilon: 0.010
2026-03-28 18:09:39 | INFO | Episode  207 - Reward: 193.000, Length: 193, Loss: 3.2496, Entropy: 0.5974, Epsilon: 0.010
2026-03-28 18:09:39 | INFO | Episode  208 - Reward: 200.000, Length: 200, Loss: 2.4843, Entropy: 0.5850, Epsilon: 0.010
2026-03-28 18:09:40 | INFO | Episode  209 - Reward: 162.000, Length: 162, Loss: 1.9338, Entropy: 0.5962, Epsilon: 0.010
2026-03-28 18:09:41 | INFO | Episode  210 - Reward: 131.000, Length: 131, Loss: 3.4364, Entropy: 0.6059, Epsilon: 0.010
2026-03-28 18:09:42 | INFO | Episode  211 - Reward: 136.000, Length: 136, Loss: 2.7523, Entropy: 0.6105, Epsilon: 0.010
2026-03-28 18:09:42 | INFO | Episode  212 - Reward: 132.000, Length: 132, Loss: 5.4830, Entropy: 0.6133, Epsilon: 0.010
2026-03-28 18:09:43 | INFO | Episode  213 - Reward: 133.000, Length: 133, Loss: 1.9959, Entropy: 0.6112, Epsilon: 0.010
2026-03-28 18:09:44 | INFO | Episode  214 - Reward: 177.000, Length: 177, Loss: 1.3711, Entropy: 0.6158, Epsilon: 0.010
2026-03-28 18:09:45 | INFO | Episode  215 - Reward: 200.000, Length: 200, Loss: 0.9481, Entropy: 0.6235, Epsilon: 0.010
2026-03-28 18:09:46 | INFO | Episode  216 - Reward: 200.000, Length: 200, Loss: 1.5640, Entropy: 0.6257, Epsilon: 0.010
2026-03-28 18:09:46 | INFO | Episode  217 - Reward: 145.000, Length: 145, Loss: 1.6522, Entropy: 0.6208, Epsilon: 0.010
2026-03-28 18:09:47 | INFO | Episode  218 - Reward: 169.000, Length: 169, Loss: 2.1681, Entropy: 0.6242, Epsilon: 0.010
2026-03-28 18:09:48 | INFO | Episode  219 - Reward: 113.000, Length: 113, Loss: 1.5127, Entropy: 0.6129, Epsilon: 0.010
2026-03-28 18:09:49 | INFO | Episode  220 - Reward: 148.000, Length: 148, Loss: 1.8346, Entropy: 0.6309, Epsilon: 0.010
2026-03-28 18:09:50 | INFO | Episode  221 - Reward: 200.000, Length: 200, Loss: 1.7202, Entropy: 0.6134, Epsilon: 0.010
2026-03-28 18:09:50 | INFO | Episode  222 - Reward: 140.000, Length: 140, Loss: 1.9774, Entropy: 0.5993, Epsilon: 0.010
2026-03-28 18:09:51 | INFO | Episode  223 - Reward: 179.000, Length: 179, Loss: 3.1949, Entropy: 0.6049, Epsilon: 0.010
2026-03-28 18:09:52 | INFO | Episode  224 - Reward: 198.000, Length: 198, Loss: 2.6816, Entropy: 0.6243, Epsilon: 0.010
2026-03-28 18:09:53 | INFO | Episode  225 - Reward: 200.000, Length: 200, Loss: 1.1682, Entropy: 0.6037, Epsilon: 0.010
2026-03-28 18:09:53 | INFO | Episode  226 - Reward: 157.000, Length: 157, Loss: 0.8266, Entropy: 0.6004, Epsilon: 0.010
2026-03-28 18:09:54 | INFO | Episode  227 - Reward: 149.000, Length: 149, Loss: 0.9438, Entropy: 0.5899, Epsilon: 0.010
2026-03-28 18:09:55 | INFO | Episode  228 - Reward: 140.000, Length: 140, Loss: 3.5597, Entropy: 0.6107, Epsilon: 0.010
2026-03-28 18:09:56 | INFO | Episode  229 - Reward: 200.000, Length: 200, Loss: 2.9970, Entropy: 0.6210, Epsilon: 0.010
2026-03-28 18:09:56 | INFO | Episode  230 - Reward: 200.000, Length: 200, Loss: 1.3955, Entropy: 0.6214, Epsilon: 0.010
2026-03-28 18:09:57 | INFO | Episode  231 - Reward: 181.000, Length: 181, Loss: 1.4722, Entropy: 0.6090, Epsilon: 0.010
2026-03-28 18:09:58 | INFO | Episode  232 - Reward: 200.000, Length: 200, Loss: 2.0223, Entropy: 0.5983, Epsilon: 0.010
2026-03-28 18:09:59 | INFO | Episode  233 - Reward: 128.000, Length: 128, Loss: 1.5545, Entropy: 0.6018, Epsilon: 0.010
2026-03-28 18:09:59 | INFO | Episode  234 - Reward: 130.000, Length: 130, Loss: 1.7215, Entropy: 0.5808, Epsilon: 0.010
2026-03-28 18:10:00 | INFO | Episode  235 - Reward: 129.000, Length: 129, Loss: 1.3258, Entropy: 0.6055, Epsilon: 0.010
2026-03-28 18:10:01 | INFO | Episode  236 - Reward: 128.000, Length: 128, Loss: 1.2368, Entropy: 0.5839, Epsilon: 0.010
2026-03-28 18:10:02 | INFO | Episode  237 - Reward: 190.000, Length: 190, Loss: 3.0251, Entropy: 0.5821, Epsilon: 0.010
2026-03-28 18:10:02 | INFO | Episode  238 - Reward: 133.000, Length: 133, Loss: 3.2247, Entropy: 0.5672, Epsilon: 0.010
2026-03-28 18:10:03 | INFO | Episode  239 - Reward: 167.000, Length: 167, Loss: 3.6162, Entropy: 0.6262, Epsilon: 0.010
2026-03-28 18:10:04 | INFO | Episode  240 - Reward: 148.000, Length: 148, Loss: 1.1167, Entropy: 0.6164, Epsilon: 0.010
2026-03-28 18:10:05 | INFO | Episode  241 - Reward: 200.000, Length: 200, Loss: 0.9551, Entropy: 0.6146, Epsilon: 0.010
2026-03-28 18:10:06 | INFO | Episode  242 - Reward: 200.000, Length: 200, Loss: 0.8584, Entropy: 0.6160, Epsilon: 0.010
2026-03-28 18:10:06 | INFO | Episode  243 - Reward: 200.000, Length: 200, Loss: 1.4876, Entropy: 0.6231, Epsilon: 0.010
2026-03-28 18:10:07 | INFO | Episode  244 - Reward: 200.000, Length: 200, Loss: 1.5745, Entropy: 0.6311, Epsilon: 0.010
2026-03-28 18:10:08 | INFO | Episode  245 - Reward: 200.000, Length: 200, Loss: 1.6170, Entropy: 0.6285, Epsilon: 0.010
2026-03-28 18:10:09 | INFO | Episode  246 - Reward: 200.000, Length: 200, Loss: 1.3384, Entropy: 0.6239, Epsilon: 0.010
2026-03-28 18:10:09 | INFO | Episode  247 - Reward: 200.000, Length: 200, Loss: 1.3624, Entropy: 0.6300, Epsilon: 0.010
2026-03-28 18:10:10 | INFO | Episode  248 - Reward: 147.000, Length: 147, Loss: 1.2577, Entropy: 0.6351, Epsilon: 0.010
2026-03-28 18:10:11 | INFO | Episode  249 - Reward: 130.000, Length: 130, Loss: 1.6442, Entropy: 0.6428, Epsilon: 0.010
2026-03-28 18:10:12 | INFO | Episode  250 - Reward: 122.000, Length: 122, Loss: 1.4521, Entropy: 0.6433, Epsilon: 0.010
2026-03-28 18:11:04 | INFO | [Episode  250] eps=0.010  avg_reward= 158.600  avg_length=158.60  avg_loss=  1.9583  avg_entropy=0.6433  eval_success=1.000
2026-03-28 18:11:05 | INFO | Episode  251 - Reward: 200.000, Length: 200, Loss: 1.3262, Entropy: 0.6441, Epsilon: 0.010
2026-03-28 18:11:06 | INFO | Episode  252 - Reward: 189.000, Length: 189, Loss: 0.6883, Entropy: 0.6492, Epsilon: 0.010
2026-03-28 18:11:07 | INFO | Episode  253 - Reward: 185.000, Length: 185, Loss: 1.2206, Entropy: 0.6497, Epsilon: 0.010
2026-03-28 18:11:08 | INFO | Episode  254 - Reward: 134.000, Length: 134, Loss: 1.2465, Entropy: 0.6543, Epsilon: 0.010
2026-03-28 18:11:09 | INFO | Episode  255 - Reward: 125.000, Length: 125, Loss: 2.6947, Entropy: 0.6585, Epsilon: 0.010
2026-03-28 18:11:09 | INFO | Episode  256 - Reward: 133.000, Length: 133, Loss: 3.5960, Entropy: 0.6535, Epsilon: 0.010
2026-03-28 18:11:10 | INFO | Episode  257 - Reward: 180.000, Length: 180, Loss: 2.2280, Entropy: 0.6644, Epsilon: 0.010
2026-03-28 18:11:11 | INFO | Episode  258 - Reward: 121.000, Length: 121, Loss: 1.1184, Entropy: 0.6549, Epsilon: 0.010
2026-03-28 18:11:12 | INFO | Episode  259 - Reward: 200.000, Length: 200, Loss: 0.4887, Entropy: 0.6692, Epsilon: 0.010
2026-03-28 18:11:13 | INFO | Episode  260 - Reward: 200.000, Length: 200, Loss: 0.1228, Entropy: 0.6714, Epsilon: 0.010
2026-03-28 18:11:14 | INFO | Episode  261 - Reward: 180.000, Length: 180, Loss: 0.9203, Entropy: 0.6714, Epsilon: 0.010
2026-03-28 18:11:15 | INFO | Episode  262 - Reward: 176.000, Length: 176, Loss: 2.7948, Entropy: 0.6708, Epsilon: 0.010
2026-03-28 18:11:16 | INFO | Episode  263 - Reward: 200.000, Length: 200, Loss: 0.7468, Entropy: 0.6634, Epsilon: 0.010
2026-03-28 18:11:17 | INFO | Episode  264 - Reward: 200.000, Length: 200, Loss: 0.2061, Entropy: 0.6734, Epsilon: 0.010
2026-03-28 18:11:17 | INFO | Episode  265 - Reward: 200.000, Length: 200, Loss: 0.3762, Entropy: 0.6808, Epsilon: 0.010
2026-03-28 18:11:18 | INFO | Episode  266 - Reward: 182.000, Length: 182, Loss: 0.8658, Entropy: 0.6688, Epsilon: 0.010
2026-03-28 18:11:19 | INFO | Episode  267 - Reward: 127.000, Length: 127, Loss: 0.4880, Entropy: 0.6651, Epsilon: 0.010
2026-03-28 18:11:20 | INFO | Episode  268 - Reward: 119.000, Length: 119, Loss: 0.9294, Entropy: 0.6642, Epsilon: 0.010
2026-03-28 18:11:21 | INFO | Episode  269 - Reward: 130.000, Length: 130, Loss: 1.5687, Entropy: 0.6506, Epsilon: 0.010
2026-03-28 18:11:22 | INFO | Episode  270 - Reward: 91.000, Length: 91, Loss: 1.7156, Entropy: 0.6685, Epsilon: 0.010
2026-03-28 18:11:23 | INFO | Episode  271 - Reward: 133.000, Length: 133, Loss: 1.3957, Entropy: 0.6697, Epsilon: 0.010
2026-03-28 18:11:24 | INFO | Episode  272 - Reward: 172.000, Length: 172, Loss: 0.7634, Entropy: 0.6733, Epsilon: 0.010
2026-03-28 18:11:24 | INFO | Episode  273 - Reward: 114.000, Length: 114, Loss: 1.3219, Entropy: 0.6680, Epsilon: 0.010
2026-03-28 18:11:25 | INFO | Episode  274 - Reward: 121.000, Length: 121, Loss: 1.0920, Entropy: 0.6601, Epsilon: 0.010
2026-03-28 18:11:26 | INFO | Episode  275 - Reward: 189.000, Length: 189, Loss: 0.7394, Entropy: 0.6770, Epsilon: 0.010
2026-03-28 18:11:27 | INFO | Episode  276 - Reward: 168.000, Length: 168, Loss: 0.9795, Entropy: 0.6749, Epsilon: 0.010
2026-03-28 18:11:28 | INFO | Episode  277 - Reward: 114.000, Length: 114, Loss: 1.2695, Entropy: 0.6742, Epsilon: 0.010
2026-03-28 18:11:29 | INFO | Episode  278 - Reward: 178.000, Length: 178, Loss: 0.7230, Entropy: 0.6763, Epsilon: 0.010
2026-03-28 18:11:30 | INFO | Episode  279 - Reward: 122.000, Length: 122, Loss: 0.6382, Entropy: 0.6760, Epsilon: 0.010
2026-03-28 18:11:30 | INFO | Episode  280 - Reward: 200.000, Length: 200, Loss: 2.1390, Entropy: 0.6678, Epsilon: 0.010
2026-03-28 18:11:31 | INFO | Episode  281 - Reward: 112.000, Length: 112, Loss: 3.2520, Entropy: 0.6437, Epsilon: 0.010
2026-03-28 18:11:32 | INFO | Episode  282 - Reward: 153.000, Length: 153, Loss: 2.7374, Entropy: 0.6264, Epsilon: 0.010
2026-03-28 18:11:33 | INFO | Episode  283 - Reward: 174.000, Length: 174, Loss: 1.0818, Entropy: 0.6731, Epsilon: 0.010
2026-03-28 18:11:34 | INFO | Episode  284 - Reward: 115.000, Length: 115, Loss: 0.2906, Entropy: 0.6794, Epsilon: 0.010
2026-03-28 18:11:35 | INFO | Episode  285 - Reward: 150.000, Length: 150, Loss: 0.3700, Entropy: 0.6804, Epsilon: 0.010
2026-03-28 18:11:36 | INFO | Episode  286 - Reward: 127.000, Length: 127, Loss: 0.5871, Entropy: 0.6777, Epsilon: 0.010
2026-03-28 18:11:37 | INFO | Episode  287 - Reward: 123.000, Length: 123, Loss: 1.3633, Entropy: 0.6726, Epsilon: 0.010
2026-03-28 18:11:37 | INFO | Episode  288 - Reward: 200.000, Length: 200, Loss: 0.7822, Entropy: 0.6640, Epsilon: 0.010
2026-03-28 18:11:38 | INFO | Episode  289 - Reward: 151.000, Length: 151, Loss: 1.5309, Entropy: 0.6776, Epsilon: 0.010
2026-03-28 18:11:39 | INFO | Episode  290 - Reward: 118.000, Length: 118, Loss: 1.0254, Entropy: 0.6745, Epsilon: 0.010
2026-03-28 18:11:40 | INFO | Episode  291 - Reward: 141.000, Length: 141, Loss: 0.7900, Entropy: 0.6756, Epsilon: 0.010
2026-03-28 18:11:41 | INFO | Episode  292 - Reward: 200.000, Length: 200, Loss: 0.3418, Entropy: 0.6739, Epsilon: 0.010
2026-03-28 18:11:42 | INFO | Episode  293 - Reward: 145.000, Length: 145, Loss: 1.4610, Entropy: 0.6758, Epsilon: 0.010
2026-03-28 18:11:43 | INFO | Episode  294 - Reward: 132.000, Length: 132, Loss: 1.8025, Entropy: 0.6726, Epsilon: 0.010
2026-03-28 18:11:43 | INFO | Episode  295 - Reward: 118.000, Length: 118, Loss: 2.4089, Entropy: 0.6751, Epsilon: 0.010
2026-03-28 18:11:44 | INFO | Episode  296 - Reward: 114.000, Length: 114, Loss: 2.0885, Entropy: 0.6748, Epsilon: 0.010
2026-03-28 18:11:45 | INFO | Episode  297 - Reward: 137.000, Length: 137, Loss: 0.4793, Entropy: 0.6745, Epsilon: 0.010
2026-03-28 18:11:46 | INFO | Episode  298 - Reward: 196.000, Length: 196, Loss: 0.6071, Entropy: 0.6760, Epsilon: 0.010
2026-03-28 18:11:47 | INFO | Episode  299 - Reward: 200.000, Length: 200, Loss: 0.0316, Entropy: 0.6777, Epsilon: 0.010
2026-03-28 18:11:48 | INFO | Episode  300 - Reward: 160.000, Length: 160, Loss: 1.1663, Entropy: 0.6720, Epsilon: 0.010
2026-03-28 18:12:33 | INFO | [Episode  300] eps=0.010  avg_reward= 154.980  avg_length=154.98  avg_loss=  1.2120  avg_entropy=0.6720  eval_success=1.000
2026-03-28 18:12:34 | INFO | Episode  301 - Reward: 143.000, Length: 143, Loss: 0.3842, Entropy: 0.6765, Epsilon: 0.010
2026-03-28 18:12:35 | INFO | Episode  302 - Reward: 109.000, Length: 109, Loss: 0.7437, Entropy: 0.6738, Epsilon: 0.010
2026-03-28 18:12:36 | INFO | Episode  303 - Reward: 133.000, Length: 133, Loss: 1.7834, Entropy: 0.6725, Epsilon: 0.010
2026-03-28 18:12:37 | INFO | Episode  304 - Reward: 100.000, Length: 100, Loss: 4.1936, Entropy: 0.6651, Epsilon: 0.010
2026-03-28 18:12:38 | INFO | Episode  305 - Reward: 144.000, Length: 144, Loss: 3.3262, Entropy: 0.6489, Epsilon: 0.010
2026-03-28 18:12:38 | INFO | Episode  306 - Reward: 86.000, Length: 86, Loss: 3.2338, Entropy: 0.6691, Epsilon: 0.010
2026-03-28 18:12:40 | INFO | Episode  307 - Reward: 119.000, Length: 119, Loss: 2.6435, Entropy: 0.6537, Epsilon: 0.010
2026-03-28 18:12:41 | INFO | Episode  308 - Reward: 112.000, Length: 112, Loss: 0.6506, Entropy: 0.6466, Epsilon: 0.010
2026-03-28 18:12:42 | INFO | Episode  309 - Reward: 149.000, Length: 149, Loss: 0.3070, Entropy: 0.6699, Epsilon: 0.010
2026-03-28 18:12:43 | INFO | Episode  310 - Reward: 142.000, Length: 142, Loss: 0.7312, Entropy: 0.6726, Epsilon: 0.010
2026-03-28 18:12:44 | INFO | Episode  311 - Reward: 141.000, Length: 141, Loss: 0.6761, Entropy: 0.6658, Epsilon: 0.010
2026-03-28 18:12:45 | INFO | Episode  312 - Reward: 119.000, Length: 119, Loss: 1.0783, Entropy: 0.6710, Epsilon: 0.010
2026-03-28 18:12:46 | INFO | Episode  313 - Reward: 124.000, Length: 124, Loss: 1.5269, Entropy: 0.6582, Epsilon: 0.010
2026-03-28 18:12:47 | INFO | Episode  314 - Reward: 99.000, Length: 99, Loss: 2.3099, Entropy: 0.6491, Epsilon: 0.010
2026-03-28 18:12:47 | INFO | Episode  315 - Reward: 112.000, Length: 112, Loss: 2.2820, Entropy: 0.6532, Epsilon: 0.010
2026-03-28 18:12:48 | INFO | Episode  316 - Reward: 138.000, Length: 138, Loss: 0.8865, Entropy: 0.6720, Epsilon: 0.010
2026-03-28 18:12:49 | INFO | Episode  317 - Reward: 108.000, Length: 108, Loss: 0.9605, Entropy: 0.6739, Epsilon: 0.010
2026-03-28 18:12:50 | INFO | Episode  318 - Reward: 165.000, Length: 165, Loss: 0.8556, Entropy: 0.6772, Epsilon: 0.010
2026-03-28 18:12:51 | INFO | Episode  319 - Reward: 141.000, Length: 141, Loss: 1.0104, Entropy: 0.6694, Epsilon: 0.010
2026-03-28 18:12:52 | INFO | Episode  320 - Reward: 151.000, Length: 151, Loss: 1.5280, Entropy: 0.6730, Epsilon: 0.010
2026-03-28 18:12:53 | INFO | Episode  321 - Reward: 163.000, Length: 163, Loss: 1.8170, Entropy: 0.6556, Epsilon: 0.010
2026-03-28 18:12:54 | INFO | Episode  322 - Reward: 137.000, Length: 137, Loss: 1.9851, Entropy: 0.6760, Epsilon: 0.010
2026-03-28 18:12:54 | INFO | Episode  323 - Reward: 159.000, Length: 159, Loss: 1.0342, Entropy: 0.6785, Epsilon: 0.010
2026-03-28 18:12:55 | INFO | Episode  324 - Reward: 106.000, Length: 106, Loss: 0.8801, Entropy: 0.6770, Epsilon: 0.010
2026-03-28 18:12:56 | INFO | Episode  325 - Reward: 103.000, Length: 103, Loss: 0.3575, Entropy: 0.6785, Epsilon: 0.010
2026-03-28 18:12:57 | INFO | Episode  326 - Reward: 110.000, Length: 110, Loss: 0.1467, Entropy: 0.6811, Epsilon: 0.010
2026-03-28 18:12:58 | INFO | Episode  327 - Reward: 108.000, Length: 108, Loss: 1.2241, Entropy: 0.6685, Epsilon: 0.010
2026-03-28 18:12:59 | INFO | Episode  328 - Reward: 124.000, Length: 124, Loss: 2.7802, Entropy: 0.6685, Epsilon: 0.010
2026-03-28 18:13:00 | INFO | Episode  329 - Reward: 149.000, Length: 149, Loss: 1.5942, Entropy: 0.6726, Epsilon: 0.010
2026-03-28 18:13:00 | INFO | Episode  330 - Reward: 100.000, Length: 100, Loss: 1.5423, Entropy: 0.6693, Epsilon: 0.010
2026-03-28 18:13:01 | INFO | Episode  331 - Reward: 170.000, Length: 170, Loss: 0.4874, Entropy: 0.6802, Epsilon: 0.010
2026-03-28 18:13:02 | INFO | Episode  332 - Reward: 106.000, Length: 106, Loss: 0.7331, Entropy: 0.6815, Epsilon: 0.010
2026-03-28 18:13:03 | INFO | Episode  333 - Reward: 148.000, Length: 148, Loss: 0.2157, Entropy: 0.6789, Epsilon: 0.010
2026-03-28 18:13:04 | INFO | Episode  334 - Reward: 127.000, Length: 127, Loss: 0.2334, Entropy: 0.6830, Epsilon: 0.010
2026-03-28 18:13:05 | INFO | Episode  335 - Reward: 151.000, Length: 151, Loss: 1.1699, Entropy: 0.6773, Epsilon: 0.010
2026-03-28 18:13:06 | INFO | Episode  336 - Reward: 130.000, Length: 130, Loss: 2.5452, Entropy: 0.6611, Epsilon: 0.010
2026-03-28 18:13:07 | INFO | Episode  337 - Reward: 160.000, Length: 160, Loss: 3.4546, Entropy: 0.6326, Epsilon: 0.010
2026-03-28 18:13:07 | INFO | Episode  338 - Reward: 24.000, Length: 24, Loss: 1.2275, Entropy: 0.6793, Epsilon: 0.010
2026-03-28 18:13:08 | INFO | Episode  339 - Reward: 128.000, Length: 128, Loss: 0.1621, Entropy: 0.6750, Epsilon: 0.010
2026-03-28 18:13:09 | INFO | Episode  340 - Reward: 126.000, Length: 126, Loss: 0.3190, Entropy: 0.6753, Epsilon: 0.010
2026-03-28 18:13:10 | INFO | Episode  341 - Reward: 129.000, Length: 129, Loss: 0.3227, Entropy: 0.6735, Epsilon: 0.010
2026-03-28 18:13:11 | INFO | Episode  342 - Reward: 185.000, Length: 185, Loss: 0.6390, Entropy: 0.6715, Epsilon: 0.010
2026-03-28 18:13:12 | INFO | Episode  343 - Reward: 149.000, Length: 149, Loss: 1.4030, Entropy: 0.6736, Epsilon: 0.010
2026-03-28 18:13:13 | INFO | Episode  344 - Reward: 160.000, Length: 160, Loss: 2.1953, Entropy: 0.6771, Epsilon: 0.010
2026-03-28 18:13:14 | INFO | Episode  345 - Reward: 86.000, Length: 86, Loss: 3.0941, Entropy: 0.6708, Epsilon: 0.010
2026-03-28 18:13:14 | INFO | Episode  346 - Reward: 155.000, Length: 155, Loss: 0.5649, Entropy: 0.6752, Epsilon: 0.010
2026-03-28 18:13:15 | INFO | Episode  347 - Reward: 147.000, Length: 147, Loss: 0.4502, Entropy: 0.6796, Epsilon: 0.010
2026-03-28 18:13:16 | INFO | Episode  348 - Reward: 132.000, Length: 132, Loss: 0.5849, Entropy: 0.6779, Epsilon: 0.010
2026-03-28 18:13:17 | INFO | Episode  349 - Reward: 109.000, Length: 109, Loss: 0.6588, Entropy: 0.6771, Epsilon: 0.010
2026-03-28 18:13:18 | INFO | Episode  350 - Reward: 140.000, Length: 140, Loss: 1.6888, Entropy: 0.6788, Epsilon: 0.010
2026-03-28 18:13:58 | INFO | [Episode  350] eps=0.010  avg_reward= 129.120  avg_length=129.12  avg_loss=  1.3324  avg_entropy=0.6788  eval_success=1.000
2026-03-28 18:13:59 | INFO | Episode  351 - Reward: 130.000, Length: 130, Loss: 1.8493, Entropy: 0.6685, Epsilon: 0.010
2026-03-28 18:14:00 | INFO | Episode  352 - Reward: 89.000, Length: 89, Loss: 3.3541, Entropy: 0.6773, Epsilon: 0.010
2026-03-28 18:14:01 | INFO | Episode  353 - Reward: 96.000, Length: 96, Loss: 3.1501, Entropy: 0.6677, Epsilon: 0.010
2026-03-28 18:14:02 | INFO | Episode  354 - Reward: 149.000, Length: 149, Loss: 0.9304, Entropy: 0.6834, Epsilon: 0.010
2026-03-28 18:14:03 | INFO | Episode  355 - Reward: 117.000, Length: 117, Loss: 0.4623, Entropy: 0.6760, Epsilon: 0.010
2026-03-28 18:14:04 | INFO | Episode  356 - Reward: 115.000, Length: 115, Loss: 0.2794, Entropy: 0.6803, Epsilon: 0.010
2026-03-28 18:14:05 | INFO | Episode  357 - Reward: 133.000, Length: 133, Loss: 0.5723, Entropy: 0.6821, Epsilon: 0.010
2026-03-28 18:14:05 | INFO | Episode  358 - Reward: 110.000, Length: 110, Loss: 1.4166, Entropy: 0.6788, Epsilon: 0.010
2026-03-28 18:14:06 | INFO | Episode  359 - Reward: 134.000, Length: 134, Loss: 3.5260, Entropy: 0.6711, Epsilon: 0.010
2026-03-28 18:14:07 | INFO | Episode  360 - Reward: 139.000, Length: 139, Loss: 3.5722, Entropy: 0.6734, Epsilon: 0.010
2026-03-28 18:14:08 | INFO | Episode  361 - Reward: 102.000, Length: 102, Loss: 2.3346, Entropy: 0.6706, Epsilon: 0.010
2026-03-28 18:14:09 | INFO | Episode  362 - Reward: 144.000, Length: 144, Loss: 0.9287, Entropy: 0.6740, Epsilon: 0.010
2026-03-28 18:14:10 | INFO | Episode  363 - Reward: 150.000, Length: 150, Loss: 0.2400, Entropy: 0.6773, Epsilon: 0.010
2026-03-28 18:14:11 | INFO | Episode  364 - Reward: 105.000, Length: 105, Loss: 0.6228, Entropy: 0.6765, Epsilon: 0.010
2026-03-28 18:14:12 | INFO | Episode  365 - Reward: 36.000, Length: 36, Loss: 0.5123, Entropy: 0.6797, Epsilon: 0.010
2026-03-28 18:14:13 | INFO | Episode  366 - Reward: 111.000, Length: 111, Loss: 1.4297, Entropy: 0.6772, Epsilon: 0.010
2026-03-28 18:14:14 | INFO | Episode  367 - Reward: 84.000, Length: 84, Loss: 1.1462, Entropy: 0.6702, Epsilon: 0.010
2026-03-28 18:14:15 | INFO | Episode  368 - Reward: 97.000, Length: 97, Loss: 2.4505, Entropy: 0.6743, Epsilon: 0.010
2026-03-28 18:14:16 | INFO | Episode  369 - Reward: 123.000, Length: 123, Loss: 2.7425, Entropy: 0.6591, Epsilon: 0.010
2026-03-28 18:14:17 | INFO | Episode  370 - Reward: 112.000, Length: 112, Loss: 2.3979, Entropy: 0.6741, Epsilon: 0.010
2026-03-28 18:14:18 | INFO | Episode  371 - Reward: 139.000, Length: 139, Loss: 2.8918, Entropy: 0.6391, Epsilon: 0.010
2026-03-28 18:14:18 | INFO | Episode  372 - Reward: 143.000, Length: 143, Loss: 1.2043, Entropy: 0.6698, Epsilon: 0.010
2026-03-28 18:14:19 | INFO | Episode  373 - Reward: 31.000, Length: 31, Loss: 0.3628, Entropy: 0.6737, Epsilon: 0.010
2026-03-28 18:14:20 | INFO | Episode  374 - Reward: 118.000, Length: 118, Loss: 1.2048, Entropy: 0.6729, Epsilon: 0.010
2026-03-28 18:14:21 | INFO | Episode  375 - Reward: 116.000, Length: 116, Loss: 0.3540, Entropy: 0.6760, Epsilon: 0.010
2026-03-28 18:14:22 | INFO | Episode  376 - Reward: 132.000, Length: 132, Loss: 1.4675, Entropy: 0.6718, Epsilon: 0.010
2026-03-28 18:14:23 | INFO | Episode  377 - Reward: 24.000, Length: 24, Loss: 1.8745, Entropy: 0.6716, Epsilon: 0.010
2026-03-28 18:14:24 | INFO | Episode  378 - Reward: 97.000, Length: 97, Loss: 1.4119, Entropy: 0.6680, Epsilon: 0.010
2026-03-28 18:14:25 | INFO | Episode  379 - Reward: 99.000, Length: 99, Loss: 1.9284, Entropy: 0.6637, Epsilon: 0.010
2026-03-28 18:14:26 | INFO | Episode  380 - Reward: 117.000, Length: 117, Loss: 1.0651, Entropy: 0.6683, Epsilon: 0.010
2026-03-28 18:14:27 | INFO | Episode  381 - Reward: 125.000, Length: 125, Loss: 0.9958, Entropy: 0.6761, Epsilon: 0.010
2026-03-28 18:14:28 | INFO | Episode  382 - Reward: 148.000, Length: 148, Loss: 2.0226, Entropy: 0.6621, Epsilon: 0.010
2026-03-28 18:14:29 | INFO | Episode  383 - Reward: 127.000, Length: 127, Loss: 2.2000, Entropy: 0.6670, Epsilon: 0.010
2026-03-28 18:14:30 | INFO | Episode  384 - Reward: 74.000, Length: 74, Loss: 3.0031, Entropy: 0.6719, Epsilon: 0.010
2026-03-28 18:14:30 | INFO | Episode  385 - Reward: 101.000, Length: 101, Loss: 0.9284, Entropy: 0.6731, Epsilon: 0.010
2026-03-28 18:14:31 | INFO | Episode  386 - Reward: 83.000, Length: 83, Loss: 1.5494, Entropy: 0.6676, Epsilon: 0.010
2026-03-28 18:14:32 | INFO | Episode  387 - Reward: 98.000, Length: 98, Loss: 1.0865, Entropy: 0.6735, Epsilon: 0.010
2026-03-28 18:14:33 | INFO | Episode  388 - Reward: 125.000, Length: 125, Loss: 1.9315, Entropy: 0.6687, Epsilon: 0.010
2026-03-28 18:14:34 | INFO | Episode  389 - Reward: 28.000, Length: 28, Loss: 1.7939, Entropy: 0.6649, Epsilon: 0.010
2026-03-28 18:14:35 | INFO | Episode  390 - Reward: 33.000, Length: 33, Loss: 1.2112, Entropy: 0.6793, Epsilon: 0.010
2026-03-28 18:14:36 | INFO | Episode  391 - Reward: 87.000, Length: 87, Loss: 2.0081, Entropy: 0.6646, Epsilon: 0.010
2026-03-28 18:14:37 | INFO | Episode  392 - Reward: 81.000, Length: 81, Loss: 0.9169, Entropy: 0.6742, Epsilon: 0.010
2026-03-28 18:14:37 | INFO | Episode  393 - Reward: 105.000, Length: 105, Loss: 1.9595, Entropy: 0.6719, Epsilon: 0.010
2026-03-28 18:14:38 | INFO | Episode  394 - Reward: 26.000, Length: 26, Loss: 1.7911, Entropy: 0.6795, Epsilon: 0.010
2026-03-28 18:14:39 | INFO | Episode  395 - Reward: 108.000, Length: 108, Loss: 2.1434, Entropy: 0.6689, Epsilon: 0.010
2026-03-28 18:14:40 | INFO | Episode  396 - Reward: 20.000, Length: 20, Loss: 1.3683, Entropy: 0.6629, Epsilon: 0.010
2026-03-28 18:14:41 | INFO | Episode  397 - Reward: 99.000, Length: 99, Loss: 1.6735, Entropy: 0.6769, Epsilon: 0.010
2026-03-28 18:14:42 | INFO | Episode  398 - Reward: 108.000, Length: 108, Loss: 1.1807, Entropy: 0.6721, Epsilon: 0.010
2026-03-28 18:14:43 | INFO | Episode  399 - Reward: 149.000, Length: 149, Loss: 1.8967, Entropy: 0.6676, Epsilon: 0.010
2026-03-28 18:14:44 | INFO | Episode  400 - Reward: 26.000, Length: 26, Loss: 1.9586, Entropy: 0.6644, Epsilon: 0.010
2026-03-28 18:14:53 | INFO | [Episode  400] eps=0.010  avg_reward= 100.860  avg_length=100.86  avg_loss=  1.6260  avg_entropy=0.6644  eval_success=1.000
2026-03-28 18:14:54 | INFO | Episode  401 - Reward: 25.000, Length: 25, Loss: 3.4180, Entropy: 0.6657, Epsilon: 0.010
2026-03-28 18:14:55 | INFO | Episode  402 - Reward: 24.000, Length: 24, Loss: 6.9090, Entropy: 0.6372, Epsilon: 0.010
2026-03-28 18:14:56 | INFO | Episode  403 - Reward: 19.000, Length: 19, Loss: 5.2584, Entropy: 0.6597, Epsilon: 0.010
2026-03-28 18:14:56 | INFO | Episode  404 - Reward: 105.000, Length: 105, Loss: 4.0704, Entropy: 0.6593, Epsilon: 0.010
2026-03-28 18:14:57 | INFO | Episode  405 - Reward: 106.000, Length: 106, Loss: 4.3414, Entropy: 0.6595, Epsilon: 0.010
2026-03-28 18:14:58 | INFO | Episode  406 - Reward: 60.000, Length: 60, Loss: 0.9141, Entropy: 0.6730, Epsilon: 0.010
2026-03-28 18:14:59 | INFO | Episode  407 - Reward: 90.000, Length: 90, Loss: 0.8447, Entropy: 0.6742, Epsilon: 0.010
2026-03-28 18:15:00 | INFO | Episode  408 - Reward: 143.000, Length: 143, Loss: 1.0415, Entropy: 0.6712, Epsilon: 0.010
2026-03-28 18:15:01 | INFO | Episode  409 - Reward: 113.000, Length: 113, Loss: 1.7128, Entropy: 0.6663, Epsilon: 0.010
2026-03-28 18:15:02 | INFO | Episode  410 - Reward: 117.000, Length: 117, Loss: 0.8362, Entropy: 0.6642, Epsilon: 0.010
2026-03-28 18:15:03 | INFO | Episode  411 - Reward: 161.000, Length: 161, Loss: 2.8909, Entropy: 0.6637, Epsilon: 0.010
2026-03-28 18:15:03 | INFO | Episode  412 - Reward: 134.000, Length: 134, Loss: 3.1558, Entropy: 0.6557, Epsilon: 0.010
2026-03-28 18:15:04 | INFO | Episode  413 - Reward: 167.000, Length: 167, Loss: 2.8794, Entropy: 0.6598, Epsilon: 0.010
2026-03-28 18:15:05 | INFO | Episode  414 - Reward: 56.000, Length: 56, Loss: 2.1585, Entropy: 0.6629, Epsilon: 0.010
2026-03-28 18:15:06 | INFO | Episode  415 - Reward: 82.000, Length: 82, Loss: 2.2175, Entropy: 0.6713, Epsilon: 0.010
2026-03-28 18:15:07 | INFO | Episode  416 - Reward: 29.000, Length: 29, Loss: 1.5495, Entropy: 0.6697, Epsilon: 0.010
2026-03-28 18:15:08 | INFO | Episode  417 - Reward: 111.000, Length: 111, Loss: 1.1690, Entropy: 0.6644, Epsilon: 0.010
2026-03-28 18:15:09 | INFO | Episode  418 - Reward: 113.000, Length: 113, Loss: 2.2038, Entropy: 0.6491, Epsilon: 0.010
2026-03-28 18:15:10 | INFO | Episode  419 - Reward: 36.000, Length: 36, Loss: 1.1311, Entropy: 0.6630, Epsilon: 0.010
2026-03-28 18:15:10 | INFO | Episode  420 - Reward: 119.000, Length: 119, Loss: 0.5988, Entropy: 0.6631, Epsilon: 0.010
2026-03-28 18:15:11 | INFO | Episode  421 - Reward: 193.000, Length: 193, Loss: 2.7873, Entropy: 0.6552, Epsilon: 0.010
2026-03-28 18:15:12 | INFO | Episode  422 - Reward: 27.000, Length: 27, Loss: 4.2100, Entropy: 0.6596, Epsilon: 0.010
2026-03-28 18:15:13 | INFO | Episode  423 - Reward: 98.000, Length: 98, Loss: 3.3139, Entropy: 0.6482, Epsilon: 0.010
2026-03-28 18:15:14 | INFO | Episode  424 - Reward: 152.000, Length: 152, Loss: 1.6314, Entropy: 0.6609, Epsilon: 0.010
2026-03-28 18:15:15 | INFO | Episode  425 - Reward: 162.000, Length: 162, Loss: 2.1316, Entropy: 0.6609, Epsilon: 0.010
2026-03-28 18:15:16 | INFO | Episode  426 - Reward: 164.000, Length: 164, Loss: 2.5307, Entropy: 0.6667, Epsilon: 0.010
2026-03-28 18:15:17 | INFO | Episode  427 - Reward: 200.000, Length: 200, Loss: 1.4421, Entropy: 0.6651, Epsilon: 0.010
2026-03-28 18:15:18 | INFO | Episode  428 - Reward: 155.000, Length: 155, Loss: 1.6066, Entropy: 0.6549, Epsilon: 0.010
2026-03-28 18:15:18 | INFO | Episode  429 - Reward: 26.000, Length: 26, Loss: 3.1991, Entropy: 0.6634, Epsilon: 0.010
2026-03-28 18:15:19 | INFO | Episode  430 - Reward: 132.000, Length: 132, Loss: 8.7878, Entropy: 0.6673, Epsilon: 0.010
2026-03-28 18:15:20 | INFO | Episode  431 - Reward: 98.000, Length: 98, Loss: 4.3300, Entropy: 0.6661, Epsilon: 0.010
2026-03-28 18:15:21 | INFO | Episode  432 - Reward: 200.000, Length: 200, Loss: 3.3690, Entropy: 0.6666, Epsilon: 0.010
2026-03-28 18:15:22 | INFO | Episode  433 - Reward: 25.000, Length: 25, Loss: 1.4872, Entropy: 0.6566, Epsilon: 0.010
2026-03-28 18:15:23 | INFO | Episode  434 - Reward: 24.000, Length: 24, Loss: 0.5809, Entropy: 0.6590, Epsilon: 0.010
2026-03-28 18:15:24 | INFO | Episode  435 - Reward: 158.000, Length: 158, Loss: 1.1977, Entropy: 0.6528, Epsilon: 0.010
2026-03-28 18:15:25 | INFO | Episode  436 - Reward: 152.000, Length: 152, Loss: 1.8811, Entropy: 0.6573, Epsilon: 0.010
2026-03-28 18:15:26 | INFO | Episode  437 - Reward: 105.000, Length: 105, Loss: 1.2850, Entropy: 0.6444, Epsilon: 0.010
2026-03-28 18:15:27 | INFO | Episode  438 - Reward: 138.000, Length: 138, Loss: 1.3011, Entropy: 0.6474, Epsilon: 0.010
2026-03-28 18:15:28 | INFO | Episode  439 - Reward: 153.000, Length: 153, Loss: 1.2436, Entropy: 0.6362, Epsilon: 0.010
2026-03-28 18:15:28 | INFO | Episode  440 - Reward: 142.000, Length: 142, Loss: 1.1986, Entropy: 0.6448, Epsilon: 0.010
2026-03-28 18:15:29 | INFO | Episode  441 - Reward: 189.000, Length: 189, Loss: 1.4353, Entropy: 0.6411, Epsilon: 0.010
2026-03-28 18:15:30 | INFO | Episode  442 - Reward: 139.000, Length: 139, Loss: 2.3434, Entropy: 0.6526, Epsilon: 0.010
2026-03-28 18:15:31 | INFO | Episode  443 - Reward: 130.000, Length: 130, Loss: 1.1961, Entropy: 0.6403, Epsilon: 0.010
2026-03-28 18:15:32 | INFO | Episode  444 - Reward: 162.000, Length: 162, Loss: 2.0883, Entropy: 0.6332, Epsilon: 0.010
2026-03-28 18:15:33 | INFO | Episode  445 - Reward: 129.000, Length: 129, Loss: 1.5516, Entropy: 0.6620, Epsilon: 0.010
2026-03-28 18:15:34 | INFO | Episode  446 - Reward: 114.000, Length: 114, Loss: 1.8326, Entropy: 0.6549, Epsilon: 0.010
2026-03-28 18:15:35 | INFO | Episode  447 - Reward: 123.000, Length: 123, Loss: 1.8446, Entropy: 0.6500, Epsilon: 0.010
2026-03-28 18:15:36 | INFO | Episode  448 - Reward: 148.000, Length: 148, Loss: 5.5185, Entropy: 0.6574, Epsilon: 0.010
2026-03-28 18:15:36 | INFO | Episode  449 - Reward: 128.000, Length: 128, Loss: 6.0107, Entropy: 0.6490, Epsilon: 0.010
2026-03-28 18:15:37 | INFO | Episode  450 - Reward: 21.000, Length: 21, Loss: 4.6264, Entropy: 0.6431, Epsilon: 0.010
2026-03-28 18:15:52 | INFO | [Episode  450] eps=0.010  avg_reward= 111.940  avg_length=111.94  avg_loss=  2.5453  avg_entropy=0.6431  eval_success=1.000
2026-03-28 18:15:53 | INFO | Episode  451 - Reward: 33.000, Length: 33, Loss: 2.9584, Entropy: 0.6666, Epsilon: 0.010
2026-03-28 18:15:54 | INFO | Episode  452 - Reward: 87.000, Length: 87, Loss: 2.1249, Entropy: 0.6636, Epsilon: 0.010
2026-03-28 18:15:55 | INFO | Episode  453 - Reward: 180.000, Length: 180, Loss: 1.8204, Entropy: 0.6641, Epsilon: 0.010
2026-03-28 18:15:56 | INFO | Episode  454 - Reward: 156.000, Length: 156, Loss: 4.7474, Entropy: 0.6423, Epsilon: 0.010
2026-03-28 18:15:57 | INFO | Episode  455 - Reward: 22.000, Length: 22, Loss: 8.9537, Entropy: 0.6278, Epsilon: 0.010
2026-03-28 18:15:58 | INFO | Episode  456 - Reward: 21.000, Length: 21, Loss: 5.2399, Entropy: 0.6478, Epsilon: 0.010
2026-03-28 18:15:59 | INFO | Episode  457 - Reward: 148.000, Length: 148, Loss: 4.2092, Entropy: 0.6454, Epsilon: 0.010
2026-03-28 18:16:00 | INFO | Episode  458 - Reward: 23.000, Length: 23, Loss: 2.8155, Entropy: 0.6447, Epsilon: 0.010
2026-03-28 18:16:00 | INFO | Episode  459 - Reward: 142.000, Length: 142, Loss: 2.9721, Entropy: 0.6436, Epsilon: 0.010
2026-03-28 18:16:01 | INFO | Episode  460 - Reward: 148.000, Length: 148, Loss: 1.6160, Entropy: 0.6359, Epsilon: 0.010
2026-03-28 18:16:02 | INFO | Episode  461 - Reward: 152.000, Length: 152, Loss: 0.7757, Entropy: 0.6361, Epsilon: 0.010
2026-03-28 18:16:03 | INFO | Episode  462 - Reward: 27.000, Length: 27, Loss: 1.8964, Entropy: 0.6253, Epsilon: 0.010
2026-03-28 18:16:04 | INFO | Episode  463 - Reward: 161.000, Length: 161, Loss: 2.2443, Entropy: 0.5936, Epsilon: 0.010
2026-03-28 18:16:05 | INFO | Episode  464 - Reward: 19.000, Length: 19, Loss: 3.5919, Entropy: 0.6436, Epsilon: 0.010
2026-03-28 18:16:06 | INFO | Episode  465 - Reward: 89.000, Length: 89, Loss: 10.3745, Entropy: 0.6333, Epsilon: 0.010
2026-03-28 18:16:07 | INFO | Episode  466 - Reward: 84.000, Length: 84, Loss: 7.4542, Entropy: 0.6383, Epsilon: 0.010
2026-03-28 18:16:08 | INFO | Episode  467 - Reward: 124.000, Length: 124, Loss: 6.8124, Entropy: 0.6230, Epsilon: 0.010
2026-03-28 18:16:09 | INFO | Episode  468 - Reward: 20.000, Length: 20, Loss: 5.2195, Entropy: 0.6077, Epsilon: 0.010
2026-03-28 18:16:09 | INFO | Episode  469 - Reward: 106.000, Length: 106, Loss: 1.8082, Entropy: 0.6379, Epsilon: 0.010
2026-03-28 18:16:10 | INFO | Episode  470 - Reward: 106.000, Length: 106, Loss: 3.6859, Entropy: 0.6439, Epsilon: 0.010
2026-03-28 18:16:11 | INFO | Episode  471 - Reward: 27.000, Length: 27, Loss: 6.7063, Entropy: 0.6335, Epsilon: 0.010
2026-03-28 18:16:12 | INFO | Episode  472 - Reward: 23.000, Length: 23, Loss: 5.5443, Entropy: 0.6173, Epsilon: 0.010
2026-03-28 18:16:13 | INFO | Episode  473 - Reward: 124.000, Length: 124, Loss: 3.2205, Entropy: 0.6306, Epsilon: 0.010
2026-03-28 18:16:14 | INFO | Episode  474 - Reward: 19.000, Length: 19, Loss: 6.3317, Entropy: 0.6329, Epsilon: 0.010
2026-03-28 18:16:15 | INFO | Episode  475 - Reward: 83.000, Length: 83, Loss: 5.1282, Entropy: 0.6421, Epsilon: 0.010
2026-03-28 18:16:16 | INFO | Episode  476 - Reward: 25.000, Length: 25, Loss: 5.7737, Entropy: 0.6146, Epsilon: 0.010
2026-03-28 18:16:17 | INFO | Episode  477 - Reward: 139.000, Length: 139, Loss: 3.6054, Entropy: 0.6516, Epsilon: 0.010
2026-03-28 18:16:18 | INFO | Episode  478 - Reward: 27.000, Length: 27, Loss: 2.9133, Entropy: 0.6418, Epsilon: 0.010
2026-03-28 18:16:18 | INFO | Episode  479 - Reward: 162.000, Length: 162, Loss: 1.8629, Entropy: 0.6410, Epsilon: 0.010
2026-03-28 18:16:19 | INFO | Episode  480 - Reward: 102.000, Length: 102, Loss: 2.8279, Entropy: 0.6390, Epsilon: 0.010
2026-03-28 18:16:20 | INFO | Episode  481 - Reward: 145.000, Length: 145, Loss: 0.4518, Entropy: 0.6376, Epsilon: 0.010
2026-03-28 18:16:21 | INFO | Episode  482 - Reward: 150.000, Length: 150, Loss: 0.9074, Entropy: 0.6376, Epsilon: 0.010
2026-03-28 18:16:22 | INFO | Episode  483 - Reward: 168.000, Length: 168, Loss: 4.6279, Entropy: 0.6365, Epsilon: 0.010
2026-03-28 18:16:23 | INFO | Episode  484 - Reward: 119.000, Length: 119, Loss: 3.6873, Entropy: 0.6537, Epsilon: 0.010
2026-03-28 18:16:24 | INFO | Episode  485 - Reward: 116.000, Length: 116, Loss: 4.8781, Entropy: 0.6265, Epsilon: 0.010
2026-03-28 18:16:25 | INFO | Episode  486 - Reward: 111.000, Length: 111, Loss: 2.0160, Entropy: 0.6297, Epsilon: 0.010
2026-03-28 18:16:26 | INFO | Episode  487 - Reward: 129.000, Length: 129, Loss: 2.2069, Entropy: 0.6292, Epsilon: 0.010
2026-03-28 18:16:27 | INFO | Episode  488 - Reward: 147.000, Length: 147, Loss: 2.1510, Entropy: 0.6247, Epsilon: 0.010
2026-03-28 18:16:27 | INFO | Episode  489 - Reward: 171.000, Length: 171, Loss: 4.7440, Entropy: 0.6118, Epsilon: 0.010
2026-03-28 18:16:28 | INFO | Episode  490 - Reward: 34.000, Length: 34, Loss: 7.6618, Entropy: 0.5862, Epsilon: 0.010
2026-03-28 18:16:29 | INFO | Episode  491 - Reward: 49.000, Length: 49, Loss: 8.6269, Entropy: 0.5884, Epsilon: 0.010
2026-03-28 18:16:30 | INFO | Episode  492 - Reward: 22.000, Length: 22, Loss: 5.6064, Entropy: 0.6572, Epsilon: 0.010
2026-03-28 18:16:31 | INFO | Episode  493 - Reward: 115.000, Length: 115, Loss: 7.6921, Entropy: 0.6225, Epsilon: 0.010
2026-03-28 18:16:32 | INFO | Episode  494 - Reward: 36.000, Length: 36, Loss: 5.8657, Entropy: 0.6225, Epsilon: 0.010
2026-03-28 18:16:33 | INFO | Episode  495 - Reward: 25.000, Length: 25, Loss: 5.9201, Entropy: 0.6019, Epsilon: 0.010
2026-03-28 18:16:34 | INFO | Episode  496 - Reward: 178.000, Length: 178, Loss: 3.2927, Entropy: 0.6308, Epsilon: 0.010
2026-03-28 18:16:34 | INFO | Episode  497 - Reward: 132.000, Length: 132, Loss: 2.5227, Entropy: 0.6354, Epsilon: 0.010
2026-03-28 18:16:35 | INFO | Episode  498 - Reward: 122.000, Length: 122, Loss: 1.7991, Entropy: 0.6466, Epsilon: 0.010
2026-03-28 18:16:36 | INFO | Episode  499 - Reward: 132.000, Length: 132, Loss: 3.1818, Entropy: 0.6334, Epsilon: 0.010
2026-03-28 18:16:37 | INFO | Episode  500 - Reward: 138.000, Length: 138, Loss: 1.1818, Entropy: 0.6437, Epsilon: 0.010
2026-03-28 18:17:05 | INFO | [Episode  500] eps=0.010  avg_reward=  96.360  avg_length= 96.36  avg_loss=  4.0851  avg_entropy=0.6437  eval_success=1.000
2026-03-28 18:17:05 | INFO | Episode  501 - Reward: 32.000, Length: 32, Loss: 3.2842, Entropy: 0.6228, Epsilon: 0.010
2026-03-28 18:17:06 | INFO | Episode  502 - Reward: 140.000, Length: 140, Loss: 4.1152, Entropy: 0.6240, Epsilon: 0.010
2026-03-28 18:17:07 | INFO | Episode  503 - Reward: 181.000, Length: 181, Loss: 3.8038, Entropy: 0.6298, Epsilon: 0.010
2026-03-28 18:17:08 | INFO | Episode  504 - Reward: 30.000, Length: 30, Loss: 2.4349, Entropy: 0.6471, Epsilon: 0.010
2026-03-28 18:17:08 | INFO | Episode  505 - Reward: 146.000, Length: 146, Loss: 1.7949, Entropy: 0.6411, Epsilon: 0.010
2026-03-28 18:17:09 | INFO | Episode  506 - Reward: 133.000, Length: 133, Loss: 2.5552, Entropy: 0.6228, Epsilon: 0.010
2026-03-28 18:17:10 | INFO | Episode  507 - Reward: 114.000, Length: 114, Loss: 1.8623, Entropy: 0.6263, Epsilon: 0.010
2026-03-28 18:17:11 | INFO | Episode  508 - Reward: 34.000, Length: 34, Loss: 2.0006, Entropy: 0.6302, Epsilon: 0.010
2026-03-28 18:17:12 | INFO | Episode  509 - Reward: 96.000, Length: 96, Loss: 2.1692, Entropy: 0.6335, Epsilon: 0.010
2026-03-28 18:17:13 | INFO | Episode  510 - Reward: 137.000, Length: 137, Loss: 1.5388, Entropy: 0.6395, Epsilon: 0.010
2026-03-28 18:17:14 | INFO | Episode  511 - Reward: 200.000, Length: 200, Loss: 2.7701, Entropy: 0.6344, Epsilon: 0.010
2026-03-28 18:17:14 | INFO | Episode  512 - Reward: 36.000, Length: 36, Loss: 2.8424, Entropy: 0.6380, Epsilon: 0.010
2026-03-28 18:17:15 | INFO | Episode  513 - Reward: 124.000, Length: 124, Loss: 5.6886, Entropy: 0.6346, Epsilon: 0.010
2026-03-28 18:17:16 | INFO | Episode  514 - Reward: 130.000, Length: 130, Loss: 1.5509, Entropy: 0.6576, Epsilon: 0.010
2026-03-28 18:17:17 | INFO | Episode  515 - Reward: 178.000, Length: 178, Loss: 2.5914, Entropy: 0.6527, Epsilon: 0.010
2026-03-28 18:17:18 | INFO | Episode  516 - Reward: 150.000, Length: 150, Loss: 2.7717, Entropy: 0.6475, Epsilon: 0.010
2026-03-28 18:17:18 | INFO | Episode  517 - Reward: 200.000, Length: 200, Loss: 3.3177, Entropy: 0.6387, Epsilon: 0.010
2026-03-28 18:17:19 | INFO | Episode  518 - Reward: 200.000, Length: 200, Loss: 5.1063, Entropy: 0.6143, Epsilon: 0.010
2026-03-28 18:17:20 | INFO | Episode  519 - Reward: 131.000, Length: 131, Loss: 3.9719, Entropy: 0.6329, Epsilon: 0.010
2026-03-28 18:17:21 | INFO | Episode  520 - Reward: 20.000, Length: 20, Loss: 2.8711, Entropy: 0.6514, Epsilon: 0.010
2026-03-28 18:17:22 | INFO | Episode  521 - Reward: 167.000, Length: 167, Loss: 3.3013, Entropy: 0.6528, Epsilon: 0.010
2026-03-28 18:17:22 | INFO | Episode  522 - Reward: 200.000, Length: 200, Loss: 1.9164, Entropy: 0.6491, Epsilon: 0.010
2026-03-28 18:17:23 | INFO | Episode  523 - Reward: 145.000, Length: 145, Loss: 1.6448, Entropy: 0.6440, Epsilon: 0.010
2026-03-28 18:17:24 | INFO | Episode  524 - Reward: 136.000, Length: 136, Loss: 3.9928, Entropy: 0.6549, Epsilon: 0.010
2026-03-28 18:17:25 | INFO | Episode  525 - Reward: 121.000, Length: 121, Loss: 3.4797, Entropy: 0.6598, Epsilon: 0.010
2026-03-28 18:17:26 | INFO | Episode  526 - Reward: 200.000, Length: 200, Loss: 5.3056, Entropy: 0.6350, Epsilon: 0.010
2026-03-28 18:17:26 | INFO | Episode  527 - Reward: 120.000, Length: 120, Loss: 2.7805, Entropy: 0.6446, Epsilon: 0.010
2026-03-28 18:17:27 | INFO | Episode  528 - Reward: 109.000, Length: 109, Loss: 3.0568, Entropy: 0.6360, Epsilon: 0.010
2026-03-28 18:17:28 | INFO | Episode  529 - Reward: 97.000, Length: 97, Loss: 3.1684, Entropy: 0.6418, Epsilon: 0.010
2026-03-28 18:17:29 | INFO | Episode  530 - Reward: 200.000, Length: 200, Loss: 2.2415, Entropy: 0.6362, Epsilon: 0.010
2026-03-28 18:17:30 | INFO | Episode  531 - Reward: 111.000, Length: 111, Loss: 2.6405, Entropy: 0.6454, Epsilon: 0.010
2026-03-28 18:17:30 | INFO | Episode  532 - Reward: 200.000, Length: 200, Loss: 2.8813, Entropy: 0.6457, Epsilon: 0.010
2026-03-28 18:17:31 | INFO | Episode  533 - Reward: 200.000, Length: 200, Loss: 0.5632, Entropy: 0.6492, Epsilon: 0.010
2026-03-28 18:17:32 | INFO | Episode  534 - Reward: 189.000, Length: 189, Loss: 2.3550, Entropy: 0.6384, Epsilon: 0.010
2026-03-28 18:17:33 | INFO | Episode  535 - Reward: 200.000, Length: 200, Loss: 5.9210, Entropy: 0.6171, Epsilon: 0.010
2026-03-28 18:17:34 | INFO | Episode  536 - Reward: 23.000, Length: 23, Loss: 3.8328, Entropy: 0.6466, Epsilon: 0.010
2026-03-28 18:17:35 | INFO | Episode  537 - Reward: 159.000, Length: 159, Loss: 0.9663, Entropy: 0.6501, Epsilon: 0.010
2026-03-28 18:17:35 | INFO | Episode  538 - Reward: 128.000, Length: 128, Loss: 2.2520, Entropy: 0.6394, Epsilon: 0.010
2026-03-28 18:17:36 | INFO | Episode  539 - Reward: 148.000, Length: 148, Loss: 1.3795, Entropy: 0.6483, Epsilon: 0.010
2026-03-28 18:17:37 | INFO | Episode  540 - Reward: 148.000, Length: 148, Loss: 1.7103, Entropy: 0.6554, Epsilon: 0.010
2026-03-28 18:17:38 | INFO | Episode  541 - Reward: 200.000, Length: 200, Loss: 4.0539, Entropy: 0.6395, Epsilon: 0.010
2026-03-28 18:17:39 | INFO | Episode  542 - Reward: 147.000, Length: 147, Loss: 3.0467, Entropy: 0.6315, Epsilon: 0.010
2026-03-28 18:17:39 | INFO | Episode  543 - Reward: 122.000, Length: 122, Loss: 7.0997, Entropy: 0.5982, Epsilon: 0.010
2026-03-28 18:17:40 | INFO | Episode  544 - Reward: 150.000, Length: 150, Loss: 3.6305, Entropy: 0.6381, Epsilon: 0.010
2026-03-28 18:17:41 | INFO | Episode  545 - Reward: 109.000, Length: 109, Loss: 3.1770, Entropy: 0.6232, Epsilon: 0.010
2026-03-28 18:17:42 | INFO | Episode  546 - Reward: 149.000, Length: 149, Loss: 4.0541, Entropy: 0.6530, Epsilon: 0.010
2026-03-28 18:17:43 | INFO | Episode  547 - Reward: 141.000, Length: 141, Loss: 0.8975, Entropy: 0.6509, Epsilon: 0.010
2026-03-28 18:17:43 | INFO | Episode  548 - Reward: 200.000, Length: 200, Loss: 1.2990, Entropy: 0.6353, Epsilon: 0.010
2026-03-28 18:17:44 | INFO | Episode  549 - Reward: 200.000, Length: 200, Loss: 3.0401, Entropy: 0.6116, Epsilon: 0.010
2026-03-28 18:17:45 | INFO | Episode  550 - Reward: 132.000, Length: 132, Loss: 2.5496, Entropy: 0.6187, Epsilon: 0.010
2026-03-28 18:18:24 | INFO | [Episode  550] eps=0.010  avg_reward= 139.260  avg_length=139.26  avg_loss=  2.9456  avg_entropy=0.6187  eval_success=1.000
2026-03-28 18:18:25 | INFO | Episode  551 - Reward: 127.000, Length: 127, Loss: 1.5047, Entropy: 0.6304, Epsilon: 0.010
2026-03-28 18:18:26 | INFO | Episode  552 - Reward: 183.000, Length: 183, Loss: 2.1090, Entropy: 0.6245, Epsilon: 0.010
2026-03-28 18:18:26 | INFO | Episode  553 - Reward: 161.000, Length: 161, Loss: 1.3370, Entropy: 0.6422, Epsilon: 0.010
2026-03-28 18:18:27 | INFO | Episode  554 - Reward: 136.000, Length: 136, Loss: 1.7145, Entropy: 0.6441, Epsilon: 0.010
2026-03-28 18:18:28 | INFO | Episode  555 - Reward: 150.000, Length: 150, Loss: 2.8724, Entropy: 0.6341, Epsilon: 0.010
2026-03-28 18:18:29 | INFO | Episode  556 - Reward: 124.000, Length: 124, Loss: 1.8063, Entropy: 0.6408, Epsilon: 0.010
2026-03-28 18:18:30 | INFO | Episode  557 - Reward: 105.000, Length: 105, Loss: 2.6956, Entropy: 0.6541, Epsilon: 0.010
2026-03-28 18:18:31 | INFO | Episode  558 - Reward: 55.000, Length: 55, Loss: 3.4824, Entropy: 0.6502, Epsilon: 0.010
2026-03-28 18:18:32 | INFO | Episode  559 - Reward: 137.000, Length: 137, Loss: 1.6870, Entropy: 0.6539, Epsilon: 0.010
2026-03-28 18:18:33 | INFO | Episode  560 - Reward: 154.000, Length: 154, Loss: 0.5359, Entropy: 0.6614, Epsilon: 0.010
2026-03-28 18:18:34 | INFO | Episode  561 - Reward: 156.000, Length: 156, Loss: 0.6855, Entropy: 0.6545, Epsilon: 0.010
2026-03-28 18:18:35 | INFO | Episode  562 - Reward: 161.000, Length: 161, Loss: 2.2306, Entropy: 0.6522, Epsilon: 0.010
2026-03-28 18:18:35 | INFO | Episode  563 - Reward: 162.000, Length: 162, Loss: 1.8336, Entropy: 0.6569, Epsilon: 0.010
2026-03-28 18:18:36 | INFO | Episode  564 - Reward: 101.000, Length: 101, Loss: 2.0350, Entropy: 0.6574, Epsilon: 0.010
2026-03-28 18:18:37 | INFO | Episode  565 - Reward: 200.000, Length: 200, Loss: 5.9709, Entropy: 0.6195, Epsilon: 0.010
2026-03-28 18:18:38 | INFO | Episode  566 - Reward: 200.000, Length: 200, Loss: 9.8020, Entropy: 0.6096, Epsilon: 0.010
2026-03-28 18:18:39 | INFO | Episode  567 - Reward: 138.000, Length: 138, Loss: 6.3487, Entropy: 0.6239, Epsilon: 0.010
2026-03-28 18:18:40 | INFO | Episode  568 - Reward: 196.000, Length: 196, Loss: 1.2279, Entropy: 0.6505, Epsilon: 0.010
2026-03-28 18:18:41 | INFO | Episode  569 - Reward: 157.000, Length: 157, Loss: 1.9184, Entropy: 0.6482, Epsilon: 0.010
2026-03-28 18:18:42 | INFO | Episode  570 - Reward: 134.000, Length: 134, Loss: 1.7578, Entropy: 0.6467, Epsilon: 0.010
2026-03-28 18:18:43 | INFO | Episode  571 - Reward: 120.000, Length: 120, Loss: 2.2686, Entropy: 0.6436, Epsilon: 0.010
2026-03-28 18:18:44 | INFO | Episode  572 - Reward: 189.000, Length: 189, Loss: 3.3736, Entropy: 0.6460, Epsilon: 0.010
2026-03-28 18:18:45 | INFO | Episode  573 - Reward: 149.000, Length: 149, Loss: 0.5196, Entropy: 0.6490, Epsilon: 0.010
2026-03-28 18:18:46 | INFO | Episode  574 - Reward: 168.000, Length: 168, Loss: 2.8827, Entropy: 0.6516, Epsilon: 0.010
2026-03-28 18:18:47 | INFO | Episode  575 - Reward: 164.000, Length: 164, Loss: 1.1835, Entropy: 0.6491, Epsilon: 0.010
2026-03-28 18:18:47 | INFO | Episode  576 - Reward: 176.000, Length: 176, Loss: 1.3569, Entropy: 0.6404, Epsilon: 0.010
2026-03-28 18:18:48 | INFO | Episode  577 - Reward: 184.000, Length: 184, Loss: 1.8530, Entropy: 0.6390, Epsilon: 0.010
2026-03-28 18:18:49 | INFO | Episode  578 - Reward: 131.000, Length: 131, Loss: 1.6148, Entropy: 0.6573, Epsilon: 0.010
2026-03-28 18:18:50 | INFO | Episode  579 - Reward: 136.000, Length: 136, Loss: 3.2182, Entropy: 0.6520, Epsilon: 0.010
2026-03-28 18:18:51 | INFO | Episode  580 - Reward: 173.000, Length: 173, Loss: 1.9930, Entropy: 0.6404, Epsilon: 0.010
2026-03-28 18:18:52 | INFO | Episode  581 - Reward: 168.000, Length: 168, Loss: 0.9595, Entropy: 0.6453, Epsilon: 0.010
2026-03-28 18:18:53 | INFO | Episode  582 - Reward: 133.000, Length: 133, Loss: 4.2983, Entropy: 0.6337, Epsilon: 0.010
2026-03-28 18:18:54 | INFO | Episode  583 - Reward: 146.000, Length: 146, Loss: 5.8455, Entropy: 0.6083, Epsilon: 0.010
2026-03-28 18:18:55 | INFO | Episode  584 - Reward: 124.000, Length: 124, Loss: 1.5076, Entropy: 0.6387, Epsilon: 0.010
2026-03-28 18:18:56 | INFO | Episode  585 - Reward: 146.000, Length: 146, Loss: 2.0365, Entropy: 0.6483, Epsilon: 0.010
2026-03-28 18:18:57 | INFO | Episode  586 - Reward: 157.000, Length: 157, Loss: 1.4702, Entropy: 0.6426, Epsilon: 0.010
2026-03-28 18:18:58 | INFO | Episode  587 - Reward: 189.000, Length: 189, Loss: 2.7677, Entropy: 0.6436, Epsilon: 0.010
2026-03-28 18:18:59 | INFO | Episode  588 - Reward: 158.000, Length: 158, Loss: 2.7128, Entropy: 0.6454, Epsilon: 0.010
2026-03-28 18:18:59 | INFO | Episode  589 - Reward: 146.000, Length: 146, Loss: 1.6765, Entropy: 0.6456, Epsilon: 0.010
2026-03-28 18:19:00 | INFO | Episode  590 - Reward: 155.000, Length: 155, Loss: 2.1377, Entropy: 0.6416, Epsilon: 0.010
2026-03-28 18:19:01 | INFO | Episode  591 - Reward: 152.000, Length: 152, Loss: 1.2891, Entropy: 0.6517, Epsilon: 0.010
2026-03-28 18:19:02 | INFO | Episode  592 - Reward: 181.000, Length: 181, Loss: 0.5700, Entropy: 0.6543, Epsilon: 0.010
2026-03-28 18:19:03 | INFO | Episode  593 - Reward: 121.000, Length: 121, Loss: 2.9082, Entropy: 0.6338, Epsilon: 0.010
2026-03-28 18:19:04 | INFO | Episode  594 - Reward: 27.000, Length: 27, Loss: 5.3101, Entropy: 0.6482, Epsilon: 0.010
2026-03-28 18:19:05 | INFO | Episode  595 - Reward: 180.000, Length: 180, Loss: 3.7882, Entropy: 0.6219, Epsilon: 0.010
2026-03-28 18:19:06 | INFO | Episode  596 - Reward: 23.000, Length: 23, Loss: 2.7473, Entropy: 0.6373, Epsilon: 0.010
2026-03-28 18:19:07 | INFO | Episode  597 - Reward: 139.000, Length: 139, Loss: 2.3333, Entropy: 0.6270, Epsilon: 0.010
2026-03-28 18:19:08 | INFO | Episode  598 - Reward: 28.000, Length: 28, Loss: 2.8339, Entropy: 0.6442, Epsilon: 0.010
2026-03-28 18:19:09 | INFO | Episode  599 - Reward: 149.000, Length: 149, Loss: 6.5836, Entropy: 0.6110, Epsilon: 0.010
2026-03-28 18:19:10 | INFO | Episode  600 - Reward: 138.000, Length: 138, Loss: 5.9137, Entropy: 0.6291, Epsilon: 0.010
2026-03-28 18:20:13 | INFO | [Episode  600] eps=0.010  avg_reward= 143.740  avg_length=143.74  avg_loss=  2.6702  avg_entropy=0.6291  eval_success=1.000
2026-03-28 18:20:14 | INFO | Episode  601 - Reward: 200.000, Length: 200, Loss: 2.7834, Entropy: 0.6437, Epsilon: 0.010
2026-03-28 18:20:15 | INFO | Episode  602 - Reward: 143.000, Length: 143, Loss: 4.0418, Entropy: 0.6413, Epsilon: 0.010
2026-03-28 18:20:16 | INFO | Episode  603 - Reward: 143.000, Length: 143, Loss: 7.8245, Entropy: 0.6266, Epsilon: 0.010
2026-03-28 18:20:16 | INFO | Episode  604 - Reward: 156.000, Length: 156, Loss: 8.1135, Entropy: 0.5990, Epsilon: 0.010
2026-03-28 18:20:17 | INFO | Episode  605 - Reward: 23.000, Length: 23, Loss: 4.3029, Entropy: 0.6404, Epsilon: 0.010
2026-03-28 18:20:18 | INFO | Episode  606 - Reward: 200.000, Length: 200, Loss: 2.9439, Entropy: 0.6588, Epsilon: 0.010
2026-03-28 18:20:19 | INFO | Episode  607 - Reward: 110.000, Length: 110, Loss: 4.4430, Entropy: 0.6610, Epsilon: 0.010
2026-03-28 18:20:20 | INFO | Episode  608 - Reward: 99.000, Length: 99, Loss: 1.4545, Entropy: 0.6638, Epsilon: 0.010
2026-03-28 18:20:21 | INFO | Episode  609 - Reward: 162.000, Length: 162, Loss: 1.1863, Entropy: 0.6562, Epsilon: 0.010
2026-03-28 18:20:22 | INFO | Episode  610 - Reward: 126.000, Length: 126, Loss: 3.4764, Entropy: 0.6517, Epsilon: 0.010
2026-03-28 18:20:23 | INFO | Episode  611 - Reward: 93.000, Length: 93, Loss: 1.6254, Entropy: 0.6596, Epsilon: 0.010
2026-03-28 18:20:24 | INFO | Episode  612 - Reward: 149.000, Length: 149, Loss: 4.3841, Entropy: 0.6485, Epsilon: 0.010
2026-03-28 18:20:25 | INFO | Episode  613 - Reward: 23.000, Length: 23, Loss: 1.8086, Entropy: 0.6571, Epsilon: 0.010
2026-03-28 18:20:26 | INFO | Episode  614 - Reward: 200.000, Length: 200, Loss: 1.8592, Entropy: 0.6583, Epsilon: 0.010
2026-03-28 18:20:27 | INFO | Episode  615 - Reward: 200.000, Length: 200, Loss: 5.2757, Entropy: 0.6535, Epsilon: 0.010
2026-03-28 18:20:27 | INFO | Episode  616 - Reward: 100.000, Length: 100, Loss: 4.7711, Entropy: 0.6346, Epsilon: 0.010
2026-03-28 18:20:28 | INFO | Episode  617 - Reward: 200.000, Length: 200, Loss: 4.0954, Entropy: 0.6422, Epsilon: 0.010
2026-03-28 18:20:29 | INFO | Episode  618 - Reward: 200.000, Length: 200, Loss: 2.0586, Entropy: 0.6459, Epsilon: 0.010
2026-03-28 18:20:30 | INFO | Episode  619 - Reward: 200.000, Length: 200, Loss: 1.4804, Entropy: 0.6465, Epsilon: 0.010
2026-03-28 18:20:31 | INFO | Episode  620 - Reward: 165.000, Length: 165, Loss: 1.0660, Entropy: 0.6455, Epsilon: 0.010
2026-03-28 18:20:32 | INFO | Episode  621 - Reward: 200.000, Length: 200, Loss: 4.6401, Entropy: 0.6614, Epsilon: 0.010
2026-03-28 18:20:33 | INFO | Episode  622 - Reward: 126.000, Length: 126, Loss: 4.3439, Entropy: 0.6455, Epsilon: 0.010
2026-03-28 18:20:34 | INFO | Episode  623 - Reward: 25.000, Length: 25, Loss: 4.2901, Entropy: 0.6519, Epsilon: 0.010
2026-03-28 18:20:35 | INFO | Episode  624 - Reward: 200.000, Length: 200, Loss: 3.5101, Entropy: 0.6571, Epsilon: 0.010
2026-03-28 18:20:36 | INFO | Episode  625 - Reward: 93.000, Length: 93, Loss: 2.7609, Entropy: 0.6585, Epsilon: 0.010
2026-03-28 18:20:37 | INFO | Episode  626 - Reward: 200.000, Length: 200, Loss: 1.5107, Entropy: 0.6539, Epsilon: 0.010
2026-03-28 18:20:38 | INFO | Episode  627 - Reward: 145.000, Length: 145, Loss: 3.8776, Entropy: 0.6450, Epsilon: 0.010
2026-03-28 18:20:38 | INFO | Episode  628 - Reward: 140.000, Length: 140, Loss: 4.7234, Entropy: 0.6049, Epsilon: 0.010
2026-03-28 18:20:39 | INFO | Episode  629 - Reward: 200.000, Length: 200, Loss: 5.1926, Entropy: 0.6262, Epsilon: 0.010
2026-03-28 18:20:40 | INFO | Episode  630 - Reward: 154.000, Length: 154, Loss: 2.1646, Entropy: 0.6589, Epsilon: 0.010
2026-03-28 18:20:41 | INFO | Episode  631 - Reward: 144.000, Length: 144, Loss: 0.2456, Entropy: 0.6582, Epsilon: 0.010
2026-03-28 18:20:42 | INFO | Episode  632 - Reward: 200.000, Length: 200, Loss: 1.5244, Entropy: 0.6589, Epsilon: 0.010
2026-03-28 18:20:43 | INFO | Episode  633 - Reward: 200.000, Length: 200, Loss: 3.3976, Entropy: 0.6579, Epsilon: 0.010
2026-03-28 18:20:44 | INFO | Episode  634 - Reward: 200.000, Length: 200, Loss: 3.0957, Entropy: 0.6583, Epsilon: 0.010
2026-03-28 18:20:45 | INFO | Episode  635 - Reward: 181.000, Length: 181, Loss: 3.2548, Entropy: 0.6486, Epsilon: 0.010
2026-03-28 18:20:46 | INFO | Episode  636 - Reward: 27.000, Length: 27, Loss: 3.2530, Entropy: 0.6470, Epsilon: 0.010
2026-03-28 18:20:47 | INFO | Episode  637 - Reward: 28.000, Length: 28, Loss: 2.3003, Entropy: 0.6369, Epsilon: 0.010
2026-03-28 18:20:47 | INFO | Episode  638 - Reward: 200.000, Length: 200, Loss: 1.6386, Entropy: 0.6406, Epsilon: 0.010
2026-03-28 18:20:48 | INFO | Episode  639 - Reward: 200.000, Length: 200, Loss: 2.0779, Entropy: 0.6418, Epsilon: 0.010
2026-03-28 18:20:49 | INFO | Episode  640 - Reward: 200.000, Length: 200, Loss: 1.9598, Entropy: 0.6451, Epsilon: 0.010
2026-03-28 18:20:50 | INFO | Episode  641 - Reward: 146.000, Length: 146, Loss: 2.4438, Entropy: 0.6141, Epsilon: 0.010
2026-03-28 18:20:51 | INFO | Episode  642 - Reward: 125.000, Length: 125, Loss: 2.8762, Entropy: 0.6446, Epsilon: 0.010
2026-03-28 18:20:52 | INFO | Episode  643 - Reward: 192.000, Length: 192, Loss: 1.2941, Entropy: 0.6352, Epsilon: 0.010
2026-03-28 18:20:53 | INFO | Episode  644 - Reward: 200.000, Length: 200, Loss: 1.5339, Entropy: 0.6259, Epsilon: 0.010
2026-03-28 18:20:54 | INFO | Episode  645 - Reward: 200.000, Length: 200, Loss: 0.1748, Entropy: 0.6384, Epsilon: 0.010
2026-03-28 18:20:55 | INFO | Episode  646 - Reward: 183.000, Length: 183, Loss: 1.4910, Entropy: 0.6340, Epsilon: 0.010
2026-03-28 18:20:55 | INFO | Episode  647 - Reward: 200.000, Length: 200, Loss: 2.9864, Entropy: 0.6303, Epsilon: 0.010
2026-03-28 18:20:56 | INFO | Episode  648 - Reward: 151.000, Length: 151, Loss: 1.6392, Entropy: 0.6402, Epsilon: 0.010
2026-03-28 18:20:57 | INFO | Episode  649 - Reward: 200.000, Length: 200, Loss: 0.9754, Entropy: 0.6519, Epsilon: 0.010
2026-03-28 18:20:58 | INFO | Episode  650 - Reward: 149.000, Length: 149, Loss: 0.4740, Entropy: 0.6501, Epsilon: 0.010
2026-03-28 18:21:44 | INFO | [Episode  650] eps=0.010  avg_reward= 154.020  avg_length=154.02  avg_loss=  2.8929  avg_entropy=0.6501  eval_success=1.000
2026-03-28 18:21:45 | INFO | Episode  651 - Reward: 127.000, Length: 127, Loss: 3.1796, Entropy: 0.6483, Epsilon: 0.010
2026-03-28 18:21:46 | INFO | Episode  652 - Reward: 128.000, Length: 128, Loss: 2.5736, Entropy: 0.6352, Epsilon: 0.010
2026-03-28 18:21:47 | INFO | Episode  653 - Reward: 99.000, Length: 99, Loss: 1.1187, Entropy: 0.6632, Epsilon: 0.010
2026-03-28 18:21:47 | INFO | Episode  654 - Reward: 159.000, Length: 159, Loss: 0.7863, Entropy: 0.6531, Epsilon: 0.010
2026-03-28 18:21:48 | INFO | Episode  655 - Reward: 160.000, Length: 160, Loss: 5.1941, Entropy: 0.6410, Epsilon: 0.010
2026-03-28 18:21:49 | INFO | Episode  656 - Reward: 200.000, Length: 200, Loss: 1.6054, Entropy: 0.6563, Epsilon: 0.010
2026-03-28 18:21:50 | INFO | Episode  657 - Reward: 161.000, Length: 161, Loss: 3.4843, Entropy: 0.6488, Epsilon: 0.010
2026-03-28 18:21:51 | INFO | Episode  658 - Reward: 120.000, Length: 120, Loss: 1.8050, Entropy: 0.6406, Epsilon: 0.010
2026-03-28 18:21:52 | INFO | Episode  659 - Reward: 52.000, Length: 52, Loss: 5.2956, Entropy: 0.6203, Epsilon: 0.010
2026-03-28 18:21:53 | INFO | Episode  660 - Reward: 113.000, Length: 113, Loss: 8.9513, Entropy: 0.6025, Epsilon: 0.010
2026-03-28 18:21:54 | INFO | Episode  661 - Reward: 167.000, Length: 167, Loss: 5.8943, Entropy: 0.6128, Epsilon: 0.010
2026-03-28 18:21:55 | INFO | Episode  662 - Reward: 41.000, Length: 41, Loss: 3.7387, Entropy: 0.6221, Epsilon: 0.010
2026-03-28 18:21:56 | INFO | Episode  663 - Reward: 98.000, Length: 98, Loss: 3.1024, Entropy: 0.6334, Epsilon: 0.010
2026-03-28 18:21:57 | INFO | Episode  664 - Reward: 145.000, Length: 145, Loss: 5.5692, Entropy: 0.5989, Epsilon: 0.010
2026-03-28 18:21:58 | INFO | Episode  665 - Reward: 95.000, Length: 95, Loss: 3.1790, Entropy: 0.6412, Epsilon: 0.010
2026-03-28 18:21:58 | INFO | Episode  666 - Reward: 200.000, Length: 200, Loss: 2.8875, Entropy: 0.6267, Epsilon: 0.010
2026-03-28 18:21:59 | INFO | Episode  667 - Reward: 131.000, Length: 131, Loss: 2.8370, Entropy: 0.6052, Epsilon: 0.010
2026-03-28 18:22:00 | INFO | Episode  668 - Reward: 200.000, Length: 200, Loss: 0.9181, Entropy: 0.6154, Epsilon: 0.010
2026-03-28 18:22:01 | INFO | Episode  669 - Reward: 195.000, Length: 195, Loss: 1.4288, Entropy: 0.6198, Epsilon: 0.010
2026-03-28 18:22:02 | INFO | Episode  670 - Reward: 132.000, Length: 132, Loss: 3.5560, Entropy: 0.6112, Epsilon: 0.010
2026-03-28 18:22:03 | INFO | Episode  671 - Reward: 143.000, Length: 143, Loss: 6.4074, Entropy: 0.6490, Epsilon: 0.010
2026-03-28 18:22:04 | INFO | Episode  672 - Reward: 170.000, Length: 170, Loss: 6.4948, Entropy: 0.6246, Epsilon: 0.010
2026-03-28 18:22:05 | INFO | Episode  673 - Reward: 141.000, Length: 141, Loss: 1.0142, Entropy: 0.6534, Epsilon: 0.010
2026-03-28 18:22:05 | INFO | Episode  674 - Reward: 146.000, Length: 146, Loss: 1.5607, Entropy: 0.6531, Epsilon: 0.010
2026-03-28 18:22:06 | INFO | Episode  675 - Reward: 135.000, Length: 135, Loss: 2.4033, Entropy: 0.6558, Epsilon: 0.010
2026-03-28 18:22:07 | INFO | Episode  676 - Reward: 126.000, Length: 126, Loss: 1.6667, Entropy: 0.6528, Epsilon: 0.010
2026-03-28 18:22:08 | INFO | Episode  677 - Reward: 119.000, Length: 119, Loss: 2.1075, Entropy: 0.6594, Epsilon: 0.010
2026-03-28 18:22:09 | INFO | Episode  678 - Reward: 151.000, Length: 151, Loss: 0.6261, Entropy: 0.6689, Epsilon: 0.010
2026-03-28 18:22:10 | INFO | Episode  679 - Reward: 200.000, Length: 200, Loss: 2.4481, Entropy: 0.6537, Epsilon: 0.010
2026-03-28 18:22:11 | INFO | Episode  680 - Reward: 106.000, Length: 106, Loss: 1.0147, Entropy: 0.6530, Epsilon: 0.010
2026-03-28 18:22:12 | INFO | Episode  681 - Reward: 102.000, Length: 102, Loss: 1.4791, Entropy: 0.6484, Epsilon: 0.010
2026-03-28 18:22:13 | INFO | Episode  682 - Reward: 141.000, Length: 141, Loss: 2.5928, Entropy: 0.6477, Epsilon: 0.010
2026-03-28 18:22:14 | INFO | Episode  683 - Reward: 175.000, Length: 175, Loss: 1.6171, Entropy: 0.6426, Epsilon: 0.010
2026-03-28 18:22:15 | INFO | Episode  684 - Reward: 153.000, Length: 153, Loss: 1.6500, Entropy: 0.6362, Epsilon: 0.010
2026-03-28 18:22:16 | INFO | Episode  685 - Reward: 170.000, Length: 170, Loss: 1.3385, Entropy: 0.6464, Epsilon: 0.010
2026-03-28 18:22:16 | INFO | Episode  686 - Reward: 133.000, Length: 133, Loss: 3.2845, Entropy: 0.6252, Epsilon: 0.010
2026-03-28 18:22:17 | INFO | Episode  687 - Reward: 145.000, Length: 145, Loss: 2.0942, Entropy: 0.6388, Epsilon: 0.010
2026-03-28 18:22:19 | INFO | Episode  688 - Reward: 118.000, Length: 118, Loss: 1.7168, Entropy: 0.6326, Epsilon: 0.010
2026-03-28 18:22:20 | INFO | Episode  689 - Reward: 200.000, Length: 200, Loss: 2.4740, Entropy: 0.6067, Epsilon: 0.010
2026-03-28 18:22:21 | INFO | Episode  690 - Reward: 161.000, Length: 161, Loss: 4.3935, Entropy: 0.6287, Epsilon: 0.010
2026-03-28 18:22:22 | INFO | Episode  691 - Reward: 152.000, Length: 152, Loss: 3.6826, Entropy: 0.6344, Epsilon: 0.010
2026-03-28 18:22:22 | INFO | Episode  692 - Reward: 131.000, Length: 131, Loss: 2.2160, Entropy: 0.6461, Epsilon: 0.010
2026-03-28 18:22:23 | INFO | Episode  693 - Reward: 150.000, Length: 150, Loss: 0.1594, Entropy: 0.6550, Epsilon: 0.010
2026-03-28 18:22:24 | INFO | Episode  694 - Reward: 200.000, Length: 200, Loss: 1.5073, Entropy: 0.6390, Epsilon: 0.010
2026-03-28 18:22:25 | INFO | Episode  695 - Reward: 175.000, Length: 175, Loss: 2.7244, Entropy: 0.6429, Epsilon: 0.010
2026-03-28 18:22:26 | INFO | Episode  696 - Reward: 171.000, Length: 171, Loss: 2.6535, Entropy: 0.6315, Epsilon: 0.010
2026-03-28 18:22:27 | INFO | Episode  697 - Reward: 170.000, Length: 170, Loss: 1.7586, Entropy: 0.6334, Epsilon: 0.010
2026-03-28 18:22:28 | INFO | Episode  698 - Reward: 115.000, Length: 115, Loss: 9.6702, Entropy: 0.6072, Epsilon: 0.010
2026-03-28 18:22:29 | INFO | Episode  699 - Reward: 120.000, Length: 120, Loss: 8.8257, Entropy: 0.6274, Epsilon: 0.010
2026-03-28 18:22:30 | INFO | Episode  700 - Reward: 144.000, Length: 144, Loss: 1.2422, Entropy: 0.6435, Epsilon: 0.010
2026-03-28 18:23:12 | INFO | [Episode  700] eps=0.010  avg_reward= 143.720  avg_length=143.72  avg_loss=  2.9986  avg_entropy=0.6435  eval_success=1.000
2026-03-28 18:23:13 | INFO | Episode  701 - Reward: 138.000, Length: 138, Loss: 2.2629, Entropy: 0.6281, Epsilon: 0.010
2026-03-28 18:23:14 | INFO | Episode  702 - Reward: 138.000, Length: 138, Loss: 0.7255, Entropy: 0.6361, Epsilon: 0.010
2026-03-28 18:23:15 | INFO | Episode  703 - Reward: 129.000, Length: 129, Loss: 1.0520, Entropy: 0.6460, Epsilon: 0.010
2026-03-28 18:23:16 | INFO | Episode  704 - Reward: 157.000, Length: 157, Loss: 0.3721, Entropy: 0.6558, Epsilon: 0.010
2026-03-28 18:23:17 | INFO | Episode  705 - Reward: 199.000, Length: 199, Loss: 1.1256, Entropy: 0.6524, Epsilon: 0.010
2026-03-28 18:23:18 | INFO | Episode  706 - Reward: 148.000, Length: 148, Loss: 0.8459, Entropy: 0.6591, Epsilon: 0.010
2026-03-28 18:23:19 | INFO | Episode  707 - Reward: 161.000, Length: 161, Loss: 1.5908, Entropy: 0.6454, Epsilon: 0.010
2026-03-28 18:23:20 | INFO | Episode  708 - Reward: 200.000, Length: 200, Loss: 0.6792, Entropy: 0.6404, Epsilon: 0.010
2026-03-28 18:23:21 | INFO | Episode  709 - Reward: 173.000, Length: 173, Loss: 1.8195, Entropy: 0.6399, Epsilon: 0.010
2026-03-28 18:23:22 | INFO | Episode  710 - Reward: 200.000, Length: 200, Loss: 1.4629, Entropy: 0.6444, Epsilon: 0.010
2026-03-28 18:23:22 | INFO | Episode  711 - Reward: 135.000, Length: 135, Loss: 8.8284, Entropy: 0.6042, Epsilon: 0.010
2026-03-28 18:23:23 | INFO | Episode  712 - Reward: 39.000, Length: 39, Loss: 7.1262, Entropy: 0.6298, Epsilon: 0.010
2026-03-28 18:23:24 | INFO | Episode  713 - Reward: 193.000, Length: 193, Loss: 2.4865, Entropy: 0.6080, Epsilon: 0.010
2026-03-28 18:23:25 | INFO | Episode  714 - Reward: 96.000, Length: 96, Loss: 2.1586, Entropy: 0.6141, Epsilon: 0.010
2026-03-28 18:23:26 | INFO | Episode  715 - Reward: 139.000, Length: 139, Loss: 5.4541, Entropy: 0.6426, Epsilon: 0.010
2026-03-28 18:23:27 | INFO | Episode  716 - Reward: 126.000, Length: 126, Loss: 1.8889, Entropy: 0.6224, Epsilon: 0.010
2026-03-28 18:23:28 | INFO | Episode  717 - Reward: 133.000, Length: 133, Loss: 6.2212, Entropy: 0.6378, Epsilon: 0.010
2026-03-28 18:23:29 | INFO | Episode  718 - Reward: 114.000, Length: 114, Loss: 13.9701, Entropy: 0.6324, Epsilon: 0.010
2026-03-28 18:23:30 | INFO | Episode  719 - Reward: 24.000, Length: 24, Loss: 7.5574, Entropy: 0.6526, Epsilon: 0.010
2026-03-28 18:23:31 | INFO | Episode  720 - Reward: 38.000, Length: 38, Loss: 2.2034, Entropy: 0.6584, Epsilon: 0.010
2026-03-28 18:23:32 | INFO | Episode  721 - Reward: 97.000, Length: 97, Loss: 2.1195, Entropy: 0.6631, Epsilon: 0.010
2026-03-28 18:23:32 | INFO | Episode  722 - Reward: 36.000, Length: 36, Loss: 0.6063, Entropy: 0.6538, Epsilon: 0.010
2026-03-28 18:23:33 | INFO | Episode  723 - Reward: 96.000, Length: 96, Loss: 0.8700, Entropy: 0.6602, Epsilon: 0.010
2026-03-28 18:23:34 | INFO | Episode  724 - Reward: 38.000, Length: 38, Loss: 1.0341, Entropy: 0.6641, Epsilon: 0.010
2026-03-28 18:23:35 | INFO | Episode  725 - Reward: 96.000, Length: 96, Loss: 1.3904, Entropy: 0.6647, Epsilon: 0.010
2026-03-28 18:23:36 | INFO | Episode  726 - Reward: 170.000, Length: 170, Loss: 3.5053, Entropy: 0.6604, Epsilon: 0.010
2026-03-28 18:23:37 | INFO | Episode  727 - Reward: 41.000, Length: 41, Loss: 2.7492, Entropy: 0.6562, Epsilon: 0.010
2026-03-28 18:23:38 | INFO | Episode  728 - Reward: 131.000, Length: 131, Loss: 2.8484, Entropy: 0.6547, Epsilon: 0.010
2026-03-28 18:23:39 | INFO | Episode  729 - Reward: 125.000, Length: 125, Loss: 5.7203, Entropy: 0.6021, Epsilon: 0.010
2026-03-28 18:23:40 | INFO | Episode  730 - Reward: 25.000, Length: 25, Loss: 3.3982, Entropy: 0.6495, Epsilon: 0.010
2026-03-28 18:23:41 | INFO | Episode  731 - Reward: 101.000, Length: 101, Loss: 0.9359, Entropy: 0.6566, Epsilon: 0.010
2026-03-28 18:23:42 | INFO | Episode  732 - Reward: 112.000, Length: 112, Loss: 3.2138, Entropy: 0.6324, Epsilon: 0.010
2026-03-28 18:23:42 | INFO | Episode  733 - Reward: 103.000, Length: 103, Loss: 2.9948, Entropy: 0.6436, Epsilon: 0.010
2026-03-28 18:23:43 | INFO | Episode  734 - Reward: 98.000, Length: 98, Loss: 1.1053, Entropy: 0.6375, Epsilon: 0.010
2026-03-28 18:23:44 | INFO | Episode  735 - Reward: 88.000, Length: 88, Loss: 2.6123, Entropy: 0.6511, Epsilon: 0.010
2026-03-28 18:23:45 | INFO | Episode  736 - Reward: 145.000, Length: 145, Loss: 2.0881, Entropy: 0.6477, Epsilon: 0.010
2026-03-28 18:23:46 | INFO | Episode  737 - Reward: 118.000, Length: 118, Loss: 2.0217, Entropy: 0.6323, Epsilon: 0.010
2026-03-28 18:23:47 | INFO | Episode  738 - Reward: 125.000, Length: 125, Loss: 0.7910, Entropy: 0.6453, Epsilon: 0.010
2026-03-28 18:23:48 | INFO | Episode  739 - Reward: 129.000, Length: 129, Loss: 1.3618, Entropy: 0.6367, Epsilon: 0.010
2026-03-28 18:23:49 | INFO | Episode  740 - Reward: 110.000, Length: 110, Loss: 0.7773, Entropy: 0.6403, Epsilon: 0.010
2026-03-28 18:23:50 | INFO | Episode  741 - Reward: 124.000, Length: 124, Loss: 0.8374, Entropy: 0.6319, Epsilon: 0.010
2026-03-28 18:23:51 | INFO | Episode  742 - Reward: 96.000, Length: 96, Loss: 6.6007, Entropy: 0.6283, Epsilon: 0.010
2026-03-28 18:23:52 | INFO | Episode  743 - Reward: 98.000, Length: 98, Loss: 2.4484, Entropy: 0.6498, Epsilon: 0.010
2026-03-28 18:23:52 | INFO | Episode  744 - Reward: 126.000, Length: 126, Loss: 3.8037, Entropy: 0.6504, Epsilon: 0.010
2026-03-28 18:23:53 | INFO | Episode  745 - Reward: 136.000, Length: 136, Loss: 3.7091, Entropy: 0.6552, Epsilon: 0.010
2026-03-28 18:23:54 | INFO | Episode  746 - Reward: 181.000, Length: 181, Loss: 1.8100, Entropy: 0.6537, Epsilon: 0.010
2026-03-28 18:23:55 | INFO | Episode  747 - Reward: 117.000, Length: 117, Loss: 2.0703, Entropy: 0.6444, Epsilon: 0.010
2026-03-28 18:23:56 | INFO | Episode  748 - Reward: 116.000, Length: 116, Loss: 0.3161, Entropy: 0.6501, Epsilon: 0.010
2026-03-28 18:23:57 | INFO | Episode  749 - Reward: 92.000, Length: 92, Loss: 2.5888, Entropy: 0.6510, Epsilon: 0.010
2026-03-28 18:23:58 | INFO | Episode  750 - Reward: 120.000, Length: 120, Loss: 0.2646, Entropy: 0.6556, Epsilon: 0.010
2026-03-28 18:24:33 | INFO | [Episode  750] eps=0.010  avg_reward= 117.400  avg_length=117.40  avg_loss=  2.7285  avg_entropy=0.6556  eval_success=1.000
2026-03-28 18:24:34 | INFO | Episode  751 - Reward: 110.000, Length: 110, Loss: 1.7870, Entropy: 0.6637, Epsilon: 0.010
2026-03-28 18:24:35 | INFO | Episode  752 - Reward: 114.000, Length: 114, Loss: 2.0996, Entropy: 0.6529, Epsilon: 0.010
2026-03-28 18:24:36 | INFO | Episode  753 - Reward: 23.000, Length: 23, Loss: 4.4619, Entropy: 0.6481, Epsilon: 0.010
2026-03-28 18:24:37 | INFO | Episode  754 - Reward: 103.000, Length: 103, Loss: 3.2907, Entropy: 0.6483, Epsilon: 0.010
2026-03-28 18:24:38 | INFO | Episode  755 - Reward: 116.000, Length: 116, Loss: 2.9181, Entropy: 0.6408, Epsilon: 0.010
2026-03-28 18:24:39 | INFO | Episode  756 - Reward: 153.000, Length: 153, Loss: 3.1264, Entropy: 0.6369, Epsilon: 0.010
2026-03-28 18:24:40 | INFO | Episode  757 - Reward: 131.000, Length: 131, Loss: 4.0233, Entropy: 0.6320, Epsilon: 0.010
2026-03-28 18:24:41 | INFO | Episode  758 - Reward: 139.000, Length: 139, Loss: 6.1314, Entropy: 0.6166, Epsilon: 0.010
2026-03-28 18:24:42 | INFO | Episode  759 - Reward: 24.000, Length: 24, Loss: 2.3529, Entropy: 0.6406, Epsilon: 0.010
2026-03-28 18:24:42 | INFO | Episode  760 - Reward: 107.000, Length: 107, Loss: 1.0225, Entropy: 0.6386, Epsilon: 0.010
2026-03-28 18:24:43 | INFO | Episode  761 - Reward: 200.000, Length: 200, Loss: 5.6751, Entropy: 0.6344, Epsilon: 0.010
2026-03-28 18:24:44 | INFO | Episode  762 - Reward: 123.000, Length: 123, Loss: 3.6791, Entropy: 0.6134, Epsilon: 0.010
2026-03-28 18:24:45 | INFO | Episode  763 - Reward: 105.000, Length: 105, Loss: 3.3541, Entropy: 0.6293, Epsilon: 0.010
2026-03-28 18:24:46 | INFO | Episode  764 - Reward: 121.000, Length: 121, Loss: 3.1383, Entropy: 0.6316, Epsilon: 0.010
2026-03-28 18:24:47 | INFO | Episode  765 - Reward: 133.000, Length: 133, Loss: 1.5042, Entropy: 0.5957, Epsilon: 0.010
2026-03-28 18:24:48 | INFO | Episode  766 - Reward: 113.000, Length: 113, Loss: 4.1856, Entropy: 0.5798, Epsilon: 0.010
2026-03-28 18:24:49 | INFO | Episode  767 - Reward: 133.000, Length: 133, Loss: 5.0963, Entropy: 0.5493, Epsilon: 0.010
2026-03-28 18:24:50 | INFO | Episode  768 - Reward: 113.000, Length: 113, Loss: 4.0164, Entropy: 0.5486, Epsilon: 0.010
2026-03-28 18:24:51 | INFO | Episode  769 - Reward: 200.000, Length: 200, Loss: 2.2154, Entropy: 0.5941, Epsilon: 0.010
2026-03-28 18:24:52 | INFO | Episode  770 - Reward: 170.000, Length: 170, Loss: 4.6405, Entropy: 0.5864, Epsilon: 0.010
2026-03-28 18:24:53 | INFO | Episode  771 - Reward: 133.000, Length: 133, Loss: 5.5959, Entropy: 0.5836, Epsilon: 0.010
2026-03-28 18:24:54 | INFO | Episode  772 - Reward: 111.000, Length: 111, Loss: 3.2861, Entropy: 0.5974, Epsilon: 0.010
2026-03-28 18:24:55 | INFO | Episode  773 - Reward: 200.000, Length: 200, Loss: 3.0829, Entropy: 0.5818, Epsilon: 0.010
2026-03-28 18:24:56 | INFO | Episode  774 - Reward: 200.000, Length: 200, Loss: 3.0027, Entropy: 0.6046, Epsilon: 0.010
2026-03-28 18:24:57 | INFO | Episode  775 - Reward: 200.000, Length: 200, Loss: 5.9437, Entropy: 0.5873, Epsilon: 0.010
2026-03-28 18:24:58 | INFO | Episode  776 - Reward: 154.000, Length: 154, Loss: 3.8174, Entropy: 0.5810, Epsilon: 0.010
2026-03-28 18:24:59 | INFO | Episode  777 - Reward: 200.000, Length: 200, Loss: 2.2554, Entropy: 0.5783, Epsilon: 0.010
2026-03-28 18:24:59 | INFO | Episode  778 - Reward: 200.000, Length: 200, Loss: 2.4117, Entropy: 0.5918, Epsilon: 0.010
2026-03-28 18:25:00 | INFO | Episode  779 - Reward: 140.000, Length: 140, Loss: 1.6556, Entropy: 0.6095, Epsilon: 0.010
2026-03-28 18:25:01 | INFO | Episode  780 - Reward: 200.000, Length: 200, Loss: 2.6425, Entropy: 0.6162, Epsilon: 0.010
2026-03-28 18:25:02 | INFO | Episode  781 - Reward: 149.000, Length: 149, Loss: 2.2837, Entropy: 0.6184, Epsilon: 0.010
2026-03-28 18:25:03 | INFO | Episode  782 - Reward: 129.000, Length: 129, Loss: 2.7898, Entropy: 0.5905, Epsilon: 0.010
2026-03-28 18:25:04 | INFO | Episode  783 - Reward: 135.000, Length: 135, Loss: 5.1995, Entropy: 0.6021, Epsilon: 0.010
2026-03-28 18:25:05 | INFO | Episode  784 - Reward: 122.000, Length: 122, Loss: 2.8179, Entropy: 0.5881, Epsilon: 0.010
2026-03-28 18:25:06 | INFO | Episode  785 - Reward: 133.000, Length: 133, Loss: 1.8493, Entropy: 0.6207, Epsilon: 0.010
2026-03-28 18:25:07 | INFO | Episode  786 - Reward: 149.000, Length: 149, Loss: 4.6513, Entropy: 0.6241, Epsilon: 0.010
2026-03-28 18:25:08 | INFO | Episode  787 - Reward: 114.000, Length: 114, Loss: 4.6771, Entropy: 0.6126, Epsilon: 0.010
2026-03-28 18:25:09 | INFO | Episode  788 - Reward: 129.000, Length: 129, Loss: 5.8957, Entropy: 0.6054, Epsilon: 0.010
2026-03-28 18:25:10 | INFO | Episode  789 - Reward: 134.000, Length: 134, Loss: 6.4137, Entropy: 0.5958, Epsilon: 0.010
2026-03-28 18:25:11 | INFO | Episode  790 - Reward: 24.000, Length: 24, Loss: 5.7117, Entropy: 0.5938, Epsilon: 0.010
2026-03-28 18:25:12 | INFO | Episode  791 - Reward: 115.000, Length: 115, Loss: 5.9638, Entropy: 0.5907, Epsilon: 0.010
2026-03-28 18:25:13 | INFO | Episode  792 - Reward: 18.000, Length: 18, Loss: 2.0269, Entropy: 0.6208, Epsilon: 0.010
2026-03-28 18:25:14 | INFO | Episode  793 - Reward: 190.000, Length: 190, Loss: 3.3460, Entropy: 0.6066, Epsilon: 0.010
2026-03-28 18:25:14 | INFO | Episode  794 - Reward: 126.000, Length: 126, Loss: 3.9434, Entropy: 0.6059, Epsilon: 0.010
2026-03-28 18:25:16 | INFO | Episode  795 - Reward: 123.000, Length: 123, Loss: 2.6161, Entropy: 0.6021, Epsilon: 0.010
2026-03-28 18:25:17 | INFO | Episode  796 - Reward: 120.000, Length: 120, Loss: 3.6089, Entropy: 0.5717, Epsilon: 0.010
2026-03-28 18:25:18 | INFO | Episode  797 - Reward: 145.000, Length: 145, Loss: 0.2674, Entropy: 0.6137, Epsilon: 0.010
2026-03-28 18:25:19 | INFO | Episode  798 - Reward: 151.000, Length: 151, Loss: 4.1243, Entropy: 0.6101, Epsilon: 0.010
2026-03-28 18:25:20 | INFO | Episode  799 - Reward: 166.000, Length: 166, Loss: 7.4340, Entropy: 0.6257, Epsilon: 0.010
2026-03-28 18:25:21 | INFO | Episode  800 - Reward: 70.000, Length: 70, Loss: 2.8084, Entropy: 0.6141, Epsilon: 0.010
2026-03-28 18:26:06 | INFO | [Episode  800] eps=0.010  avg_reward= 132.220  avg_length=132.22  avg_loss=  3.6168  avg_entropy=0.6141  eval_success=1.000
2026-03-28 18:26:07 | INFO | Episode  801 - Reward: 139.000, Length: 139, Loss: 5.4191, Entropy: 0.5968, Epsilon: 0.010
2026-03-28 18:26:08 | INFO | Episode  802 - Reward: 124.000, Length: 124, Loss: 4.2258, Entropy: 0.6038, Epsilon: 0.010
2026-03-28 18:26:09 | INFO | Episode  803 - Reward: 119.000, Length: 119, Loss: 4.9081, Entropy: 0.5941, Epsilon: 0.010
2026-03-28 18:26:10 | INFO | Episode  804 - Reward: 111.000, Length: 111, Loss: 3.4844, Entropy: 0.5941, Epsilon: 0.010
2026-03-28 18:26:11 | INFO | Episode  805 - Reward: 149.000, Length: 149, Loss: 3.3273, Entropy: 0.6220, Epsilon: 0.010
2026-03-28 18:26:12 | INFO | Episode  806 - Reward: 118.000, Length: 118, Loss: 4.1870, Entropy: 0.6159, Epsilon: 0.010
2026-03-28 18:26:13 | INFO | Episode  807 - Reward: 150.000, Length: 150, Loss: 3.8317, Entropy: 0.6260, Epsilon: 0.010
2026-03-28 18:26:14 | INFO | Episode  808 - Reward: 155.000, Length: 155, Loss: 2.7608, Entropy: 0.6190, Epsilon: 0.010
2026-03-28 18:26:15 | INFO | Episode  809 - Reward: 128.000, Length: 128, Loss: 1.9393, Entropy: 0.6146, Epsilon: 0.010
2026-03-28 18:26:16 | INFO | Episode  810 - Reward: 140.000, Length: 140, Loss: 7.4078, Entropy: 0.6095, Epsilon: 0.010
2026-03-28 18:26:17 | INFO | Episode  811 - Reward: 132.000, Length: 132, Loss: 2.7825, Entropy: 0.6005, Epsilon: 0.010
2026-03-28 18:26:18 | INFO | Episode  812 - Reward: 130.000, Length: 130, Loss: 2.0145, Entropy: 0.6149, Epsilon: 0.010
2026-03-28 18:26:19 | INFO | Episode  813 - Reward: 144.000, Length: 144, Loss: 0.9319, Entropy: 0.6165, Epsilon: 0.010
2026-03-28 18:26:20 | INFO | Episode  814 - Reward: 24.000, Length: 24, Loss: 3.7115, Entropy: 0.6030, Epsilon: 0.010
2026-03-28 18:26:21 | INFO | Episode  815 - Reward: 152.000, Length: 152, Loss: 2.3321, Entropy: 0.5989, Epsilon: 0.010
2026-03-28 18:26:22 | INFO | Episode  816 - Reward: 134.000, Length: 134, Loss: 2.0402, Entropy: 0.6099, Epsilon: 0.010
2026-03-28 18:26:23 | INFO | Episode  817 - Reward: 146.000, Length: 146, Loss: 3.3027, Entropy: 0.6042, Epsilon: 0.010
2026-03-28 18:26:23 | INFO | Episode  818 - Reward: 144.000, Length: 144, Loss: 2.2311, Entropy: 0.6196, Epsilon: 0.010
2026-03-28 18:26:24 | INFO | Episode  819 - Reward: 151.000, Length: 151, Loss: 6.5000, Entropy: 0.6166, Epsilon: 0.010
2026-03-28 18:26:25 | INFO | Episode  820 - Reward: 134.000, Length: 134, Loss: 5.0910, Entropy: 0.6108, Epsilon: 0.010
2026-03-28 18:26:26 | INFO | Episode  821 - Reward: 121.000, Length: 121, Loss: 9.1078, Entropy: 0.6227, Epsilon: 0.010
2026-03-28 18:26:27 | INFO | Episode  822 - Reward: 135.000, Length: 135, Loss: 8.0482, Entropy: 0.6091, Epsilon: 0.010
2026-03-28 18:26:28 | INFO | Episode  823 - Reward: 138.000, Length: 138, Loss: 2.6866, Entropy: 0.6398, Epsilon: 0.010
2026-03-28 18:26:29 | INFO | Episode  824 - Reward: 134.000, Length: 134, Loss: 2.1736, Entropy: 0.6060, Epsilon: 0.010
2026-03-28 18:26:30 | INFO | Episode  825 - Reward: 26.000, Length: 26, Loss: 1.4257, Entropy: 0.6005, Epsilon: 0.010
2026-03-28 18:26:31 | INFO | Episode  826 - Reward: 137.000, Length: 137, Loss: 4.5471, Entropy: 0.5800, Epsilon: 0.010
2026-03-28 18:26:32 | INFO | Episode  827 - Reward: 193.000, Length: 193, Loss: 3.7000, Entropy: 0.6279, Epsilon: 0.010
2026-03-28 18:26:33 | INFO | Episode  828 - Reward: 144.000, Length: 144, Loss: 2.2806, Entropy: 0.6373, Epsilon: 0.010
2026-03-28 18:26:34 | INFO | Episode  829 - Reward: 131.000, Length: 131, Loss: 1.3929, Entropy: 0.6373, Epsilon: 0.010
2026-03-28 18:26:35 | INFO | Episode  830 - Reward: 141.000, Length: 141, Loss: 3.1205, Entropy: 0.6203, Epsilon: 0.010
2026-03-28 18:26:36 | INFO | Episode  831 - Reward: 157.000, Length: 157, Loss: 3.3318, Entropy: 0.6301, Epsilon: 0.010
2026-03-28 18:26:36 | INFO | Episode  832 - Reward: 121.000, Length: 121, Loss: 2.5246, Entropy: 0.6327, Epsilon: 0.010
2026-03-28 18:26:37 | INFO | Episode  833 - Reward: 162.000, Length: 162, Loss: 1.8979, Entropy: 0.6445, Epsilon: 0.010
2026-03-28 18:26:38 | INFO | Episode  834 - Reward: 145.000, Length: 145, Loss: 1.9700, Entropy: 0.6349, Epsilon: 0.010
2026-03-28 18:26:39 | INFO | Episode  835 - Reward: 138.000, Length: 138, Loss: 1.6437, Entropy: 0.6295, Epsilon: 0.010
2026-03-28 18:26:40 | INFO | Episode  836 - Reward: 137.000, Length: 137, Loss: 0.1398, Entropy: 0.6447, Epsilon: 0.010
2026-03-28 18:26:41 | INFO | Episode  837 - Reward: 144.000, Length: 144, Loss: 3.6178, Entropy: 0.6085, Epsilon: 0.010
2026-03-28 18:26:42 | INFO | Episode  838 - Reward: 140.000, Length: 140, Loss: 3.6972, Entropy: 0.5961, Epsilon: 0.010
2026-03-28 18:26:43 | INFO | Episode  839 - Reward: 134.000, Length: 134, Loss: 3.3929, Entropy: 0.6175, Epsilon: 0.010
2026-03-28 18:26:44 | INFO | Episode  840 - Reward: 124.000, Length: 124, Loss: 4.0475, Entropy: 0.6241, Epsilon: 0.010
2026-03-28 18:26:45 | INFO | Episode  841 - Reward: 156.000, Length: 156, Loss: 5.3752, Entropy: 0.6082, Epsilon: 0.010
2026-03-28 18:26:46 | INFO | Episode  842 - Reward: 30.000, Length: 30, Loss: 1.8591, Entropy: 0.6313, Epsilon: 0.010
2026-03-28 18:26:47 | INFO | Episode  843 - Reward: 22.000, Length: 22, Loss: 8.4036, Entropy: 0.5869, Epsilon: 0.010
2026-03-28 18:26:48 | INFO | Episode  844 - Reward: 19.000, Length: 19, Loss: 16.1908, Entropy: 0.6244, Epsilon: 0.010
2026-03-28 18:26:48 | INFO | Episode  845 - Reward: 109.000, Length: 109, Loss: 8.8332, Entropy: 0.5193, Epsilon: 0.010
2026-03-28 18:26:49 | INFO | Episode  846 - Reward: 24.000, Length: 24, Loss: 8.5373, Entropy: 0.6013, Epsilon: 0.010
2026-03-28 18:26:50 | INFO | Episode  847 - Reward: 19.000, Length: 19, Loss: 18.3782, Entropy: 0.6052, Epsilon: 0.010
2026-03-28 18:26:51 | INFO | Episode  848 - Reward: 21.000, Length: 21, Loss: 11.8927, Entropy: 0.6190, Epsilon: 0.010
2026-03-28 18:26:53 | INFO | Episode  849 - Reward: 76.000, Length: 76, Loss: 4.5835, Entropy: 0.6120, Epsilon: 0.010
2026-03-28 18:26:54 | INFO | Episode  850 - Reward: 140.000, Length: 140, Loss: 3.3117, Entropy: 0.6263, Epsilon: 0.010
2026-03-28 18:27:40 | INFO | [Episode  850] eps=0.010  avg_reward= 118.840  avg_length=118.84  avg_loss=  4.4908  avg_entropy=0.6263  eval_success=1.000
2026-03-28 18:27:41 | INFO | Episode  851 - Reward: 79.000, Length: 79, Loss: 5.5158, Entropy: 0.6164, Epsilon: 0.010
2026-03-28 18:27:42 | INFO | Episode  852 - Reward: 81.000, Length: 81, Loss: 5.1392, Entropy: 0.6364, Epsilon: 0.010
2026-03-28 18:27:43 | INFO | Episode  853 - Reward: 105.000, Length: 105, Loss: 4.5147, Entropy: 0.6327, Epsilon: 0.010
2026-03-28 18:27:44 | INFO | Episode  854 - Reward: 117.000, Length: 117, Loss: 6.7741, Entropy: 0.6299, Epsilon: 0.010
2026-03-28 18:27:45 | INFO | Episode  855 - Reward: 27.000, Length: 27, Loss: 4.8234, Entropy: 0.6376, Epsilon: 0.010
2026-03-28 18:27:46 | INFO | Episode  856 - Reward: 96.000, Length: 96, Loss: 8.9060, Entropy: 0.6311, Epsilon: 0.010
2026-03-28 18:27:47 | INFO | Episode  857 - Reward: 92.000, Length: 92, Loss: 6.8523, Entropy: 0.6137, Epsilon: 0.010
2026-03-28 18:27:48 | INFO | Episode  858 - Reward: 136.000, Length: 136, Loss: 3.7175, Entropy: 0.6135, Epsilon: 0.010
2026-03-28 18:27:49 | INFO | Episode  859 - Reward: 122.000, Length: 122, Loss: 7.3892, Entropy: 0.6232, Epsilon: 0.010
2026-03-28 18:27:50 | INFO | Episode  860 - Reward: 115.000, Length: 115, Loss: 5.1335, Entropy: 0.6254, Epsilon: 0.010
2026-03-28 18:27:51 | INFO | Episode  861 - Reward: 121.000, Length: 121, Loss: 4.9623, Entropy: 0.6198, Epsilon: 0.010
2026-03-28 18:27:52 | INFO | Episode  862 - Reward: 111.000, Length: 111, Loss: 6.6772, Entropy: 0.6085, Epsilon: 0.010
2026-03-28 18:27:53 | INFO | Episode  863 - Reward: 119.000, Length: 119, Loss: 5.8478, Entropy: 0.5931, Epsilon: 0.010
2026-03-28 18:27:54 | INFO | Episode  864 - Reward: 99.000, Length: 99, Loss: 16.7202, Entropy: 0.5989, Epsilon: 0.010
2026-03-28 18:27:55 | INFO | Episode  865 - Reward: 85.000, Length: 85, Loss: 4.5234, Entropy: 0.6189, Epsilon: 0.010
2026-03-28 18:27:56 | INFO | Episode  866 - Reward: 138.000, Length: 138, Loss: 4.7426, Entropy: 0.6036, Epsilon: 0.010
2026-03-28 18:27:57 | INFO | Episode  867 - Reward: 97.000, Length: 97, Loss: 5.3816, Entropy: 0.5889, Epsilon: 0.010
2026-03-28 18:27:58 | INFO | Episode  868 - Reward: 124.000, Length: 124, Loss: 2.1555, Entropy: 0.5794, Epsilon: 0.010
2026-03-28 18:27:58 | INFO | Episode  869 - Reward: 126.000, Length: 126, Loss: 3.1550, Entropy: 0.5853, Epsilon: 0.010
2026-03-28 18:27:59 | INFO | Episode  870 - Reward: 113.000, Length: 113, Loss: 4.9238, Entropy: 0.5914, Epsilon: 0.010
2026-03-28 18:28:00 | INFO | Episode  871 - Reward: 112.000, Length: 112, Loss: 2.0072, Entropy: 0.5966, Epsilon: 0.010
2026-03-28 18:28:01 | INFO | Episode  872 - Reward: 139.000, Length: 139, Loss: 8.9386, Entropy: 0.5749, Epsilon: 0.010
2026-03-28 18:28:02 | INFO | Episode  873 - Reward: 166.000, Length: 166, Loss: 10.1601, Entropy: 0.5843, Epsilon: 0.010
2026-03-28 18:28:03 | INFO | Episode  874 - Reward: 118.000, Length: 118, Loss: 5.3399, Entropy: 0.5913, Epsilon: 0.010
2026-03-28 18:28:04 | INFO | Episode  875 - Reward: 115.000, Length: 115, Loss: 8.9038, Entropy: 0.5927, Epsilon: 0.010
2026-03-28 18:28:05 | INFO | Episode  876 - Reward: 114.000, Length: 114, Loss: 4.8713, Entropy: 0.5691, Epsilon: 0.010
2026-03-28 18:28:06 | INFO | Episode  877 - Reward: 142.000, Length: 142, Loss: 11.9381, Entropy: 0.5835, Epsilon: 0.010
2026-03-28 18:28:07 | INFO | Episode  878 - Reward: 26.000, Length: 26, Loss: 5.7738, Entropy: 0.6294, Epsilon: 0.010
2026-03-28 18:28:08 | INFO | Episode  879 - Reward: 106.000, Length: 106, Loss: 2.0731, Entropy: 0.6176, Epsilon: 0.010
2026-03-28 18:28:09 | INFO | Episode  880 - Reward: 131.000, Length: 131, Loss: 2.4532, Entropy: 0.6204, Epsilon: 0.010
2026-03-28 18:28:09 | INFO | Episode  881 - Reward: 122.000, Length: 122, Loss: 2.7912, Entropy: 0.6033, Epsilon: 0.010
2026-03-28 18:28:10 | INFO | Episode  882 - Reward: 98.000, Length: 98, Loss: 6.8945, Entropy: 0.6132, Epsilon: 0.010
2026-03-28 18:28:11 | INFO | Episode  883 - Reward: 113.000, Length: 113, Loss: 2.4745, Entropy: 0.6261, Epsilon: 0.010
2026-03-28 18:28:12 | INFO | Episode  884 - Reward: 200.000, Length: 200, Loss: 6.6691, Entropy: 0.5989, Epsilon: 0.010
2026-03-28 18:28:13 | INFO | Episode  885 - Reward: 136.000, Length: 136, Loss: 5.9931, Entropy: 0.6149, Epsilon: 0.010
2026-03-28 18:28:14 | INFO | Episode  886 - Reward: 21.000, Length: 21, Loss: 8.0176, Entropy: 0.5866, Epsilon: 0.010
2026-03-28 18:28:15 | INFO | Episode  887 - Reward: 135.000, Length: 135, Loss: 3.9644, Entropy: 0.5917, Epsilon: 0.010
2026-03-28 18:28:16 | INFO | Episode  888 - Reward: 127.000, Length: 127, Loss: 3.0505, Entropy: 0.5919, Epsilon: 0.010
2026-03-28 18:28:17 | INFO | Episode  889 - Reward: 132.000, Length: 132, Loss: 7.8014, Entropy: 0.5989, Epsilon: 0.010
2026-03-28 18:28:18 | INFO | Episode  890 - Reward: 133.000, Length: 133, Loss: 1.8392, Entropy: 0.6096, Epsilon: 0.010
2026-03-28 18:28:19 | INFO | Episode  891 - Reward: 117.000, Length: 117, Loss: 7.5669, Entropy: 0.5809, Epsilon: 0.010
2026-03-28 18:28:20 | INFO | Episode  892 - Reward: 102.000, Length: 102, Loss: 5.4403, Entropy: 0.5559, Epsilon: 0.010
2026-03-28 18:28:21 | INFO | Episode  893 - Reward: 147.000, Length: 147, Loss: 3.8724, Entropy: 0.5891, Epsilon: 0.010
2026-03-28 18:28:22 | INFO | Episode  894 - Reward: 135.000, Length: 135, Loss: 10.1160, Entropy: 0.5529, Epsilon: 0.010
2026-03-28 18:28:23 | INFO | Episode  895 - Reward: 103.000, Length: 103, Loss: 2.4937, Entropy: 0.5975, Epsilon: 0.010
2026-03-28 18:28:24 | INFO | Episode  896 - Reward: 109.000, Length: 109, Loss: 5.1554, Entropy: 0.5673, Epsilon: 0.010
2026-03-28 18:28:25 | INFO | Episode  897 - Reward: 112.000, Length: 112, Loss: 4.3233, Entropy: 0.5792, Epsilon: 0.010
2026-03-28 18:28:26 | INFO | Episode  898 - Reward: 200.000, Length: 200, Loss: 4.9997, Entropy: 0.5894, Epsilon: 0.010
2026-03-28 18:28:27 | INFO | Episode  899 - Reward: 134.000, Length: 134, Loss: 1.6625, Entropy: 0.6101, Epsilon: 0.010
2026-03-28 18:28:28 | INFO | Episode  900 - Reward: 119.000, Length: 119, Loss: 1.7734, Entropy: 0.6129, Epsilon: 0.010
2026-03-28 18:29:20 | INFO | [Episode  900] eps=0.010  avg_reward= 115.340  avg_length=115.34  avg_loss=  5.5443  avg_entropy=0.6129  eval_success=1.000
2026-03-28 18:29:21 | INFO | Episode  901 - Reward: 150.000, Length: 150, Loss: 4.0375, Entropy: 0.6178, Epsilon: 0.010
2026-03-28 18:29:22 | INFO | Episode  902 - Reward: 138.000, Length: 138, Loss: 2.7683, Entropy: 0.6024, Epsilon: 0.010
2026-03-28 18:29:23 | INFO | Episode  903 - Reward: 145.000, Length: 145, Loss: 5.7532, Entropy: 0.6204, Epsilon: 0.010
2026-03-28 18:29:24 | INFO | Episode  904 - Reward: 103.000, Length: 103, Loss: 1.6797, Entropy: 0.6060, Epsilon: 0.010
2026-03-28 18:29:25 | INFO | Episode  905 - Reward: 131.000, Length: 131, Loss: 4.8388, Entropy: 0.6122, Epsilon: 0.010
2026-03-28 18:29:26 | INFO | Episode  906 - Reward: 144.000, Length: 144, Loss: 5.9860, Entropy: 0.6023, Epsilon: 0.010
2026-03-28 18:29:27 | INFO | Episode  907 - Reward: 153.000, Length: 153, Loss: 6.3962, Entropy: 0.6005, Epsilon: 0.010
2026-03-28 18:29:27 | INFO | Episode  908 - Reward: 104.000, Length: 104, Loss: 4.8940, Entropy: 0.6246, Epsilon: 0.010
2026-03-28 18:29:28 | INFO | Episode  909 - Reward: 134.000, Length: 134, Loss: 4.9167, Entropy: 0.6316, Epsilon: 0.010
2026-03-28 18:29:29 | INFO | Episode  910 - Reward: 133.000, Length: 133, Loss: 7.2701, Entropy: 0.6553, Epsilon: 0.010
2026-03-28 18:29:30 | INFO | Episode  911 - Reward: 180.000, Length: 180, Loss: 3.3837, Entropy: 0.6444, Epsilon: 0.010
2026-03-28 18:29:31 | INFO | Episode  912 - Reward: 157.000, Length: 157, Loss: 9.1644, Entropy: 0.6190, Epsilon: 0.010
2026-03-28 18:29:32 | INFO | Episode  913 - Reward: 19.000, Length: 19, Loss: 1.7757, Entropy: 0.6556, Epsilon: 0.010
2026-03-28 18:29:33 | INFO | Episode  914 - Reward: 172.000, Length: 172, Loss: 1.9497, Entropy: 0.6510, Epsilon: 0.010
2026-03-28 18:29:34 | INFO | Episode  915 - Reward: 152.000, Length: 152, Loss: 4.8723, Entropy: 0.6531, Epsilon: 0.010
2026-03-28 18:29:36 | INFO | Episode  916 - Reward: 143.000, Length: 143, Loss: 5.6431, Entropy: 0.6369, Epsilon: 0.010
2026-03-28 18:29:37 | INFO | Episode  917 - Reward: 65.000, Length: 65, Loss: 3.1151, Entropy: 0.6499, Epsilon: 0.010
2026-03-28 18:29:38 | INFO | Episode  918 - Reward: 200.000, Length: 200, Loss: 1.5610, Entropy: 0.6525, Epsilon: 0.010
2026-03-28 18:29:39 | INFO | Episode  919 - Reward: 200.000, Length: 200, Loss: 4.2011, Entropy: 0.6368, Epsilon: 0.010
2026-03-28 18:29:39 | INFO | Episode  920 - Reward: 75.000, Length: 75, Loss: 5.5222, Entropy: 0.6405, Epsilon: 0.010
2026-03-28 18:29:40 | INFO | Episode  921 - Reward: 200.000, Length: 200, Loss: 6.2535, Entropy: 0.6211, Epsilon: 0.010
2026-03-28 18:29:41 | INFO | Episode  922 - Reward: 19.000, Length: 19, Loss: 6.3202, Entropy: 0.6103, Epsilon: 0.010
2026-03-28 18:29:42 | INFO | Episode  923 - Reward: 18.000, Length: 18, Loss: 3.6334, Entropy: 0.6065, Epsilon: 0.010
2026-03-28 18:29:43 | INFO | Episode  924 - Reward: 123.000, Length: 123, Loss: 5.7922, Entropy: 0.6106, Epsilon: 0.010
2026-03-28 18:29:44 | INFO | Episode  925 - Reward: 179.000, Length: 179, Loss: 3.7451, Entropy: 0.6282, Epsilon: 0.010
2026-03-28 18:29:45 | INFO | Episode  926 - Reward: 200.000, Length: 200, Loss: 6.2523, Entropy: 0.6162, Epsilon: 0.010
2026-03-28 18:29:46 | INFO | Episode  927 - Reward: 200.000, Length: 200, Loss: 9.8833, Entropy: 0.6221, Epsilon: 0.010
2026-03-28 18:29:47 | INFO | Episode  928 - Reward: 21.000, Length: 21, Loss: 3.1128, Entropy: 0.6405, Epsilon: 0.010
2026-03-28 18:29:48 | INFO | Episode  929 - Reward: 140.000, Length: 140, Loss: 5.5927, Entropy: 0.6349, Epsilon: 0.010
2026-03-28 18:29:49 | INFO | Episode  930 - Reward: 193.000, Length: 193, Loss: 6.1799, Entropy: 0.6548, Epsilon: 0.010
2026-03-28 18:29:50 | INFO | Episode  931 - Reward: 75.000, Length: 75, Loss: 5.2294, Entropy: 0.6488, Epsilon: 0.010
2026-03-28 18:29:51 | INFO | Episode  932 - Reward: 20.000, Length: 20, Loss: 3.9303, Entropy: 0.6456, Epsilon: 0.010
2026-03-28 18:29:52 | INFO | Episode  933 - Reward: 24.000, Length: 24, Loss: 5.0855, Entropy: 0.6494, Epsilon: 0.010
2026-03-28 18:29:52 | INFO | Episode  934 - Reward: 74.000, Length: 74, Loss: 3.1065, Entropy: 0.6425, Epsilon: 0.010
2026-03-28 18:29:53 | INFO | Episode  935 - Reward: 78.000, Length: 78, Loss: 5.6274, Entropy: 0.6327, Epsilon: 0.010
2026-03-28 18:29:54 | INFO | Episode  936 - Reward: 179.000, Length: 179, Loss: 4.1870, Entropy: 0.6403, Epsilon: 0.010
2026-03-28 18:29:55 | INFO | Episode  937 - Reward: 36.000, Length: 36, Loss: 4.9503, Entropy: 0.6298, Epsilon: 0.010
2026-03-28 18:29:56 | INFO | Episode  938 - Reward: 78.000, Length: 78, Loss: 5.9469, Entropy: 0.6244, Epsilon: 0.010
2026-03-28 18:29:57 | INFO | Episode  939 - Reward: 124.000, Length: 124, Loss: 1.3058, Entropy: 0.6277, Epsilon: 0.010
2026-03-28 18:29:58 | INFO | Episode  940 - Reward: 186.000, Length: 186, Loss: 5.9936, Entropy: 0.6090, Epsilon: 0.010
2026-03-28 18:29:59 | INFO | Episode  941 - Reward: 129.000, Length: 129, Loss: 3.1945, Entropy: 0.6293, Epsilon: 0.010
2026-03-28 18:30:00 | INFO | Episode  942 - Reward: 41.000, Length: 41, Loss: 3.4509, Entropy: 0.6386, Epsilon: 0.010
2026-03-28 18:30:01 | INFO | Episode  943 - Reward: 73.000, Length: 73, Loss: 5.2398, Entropy: 0.6413, Epsilon: 0.010
2026-03-28 18:30:02 | INFO | Episode  944 - Reward: 71.000, Length: 71, Loss: 8.3149, Entropy: 0.6158, Epsilon: 0.010
2026-03-28 18:30:03 | INFO | Episode  945 - Reward: 24.000, Length: 24, Loss: 4.1494, Entropy: 0.6296, Epsilon: 0.010
2026-03-28 18:30:04 | INFO | Episode  946 - Reward: 39.000, Length: 39, Loss: 6.3061, Entropy: 0.6233, Epsilon: 0.010
2026-03-28 18:30:04 | INFO | Episode  947 - Reward: 42.000, Length: 42, Loss: 4.4824, Entropy: 0.6153, Epsilon: 0.010
2026-03-28 18:30:05 | INFO | Episode  948 - Reward: 200.000, Length: 200, Loss: 2.0425, Entropy: 0.6353, Epsilon: 0.010
2026-03-28 18:30:06 | INFO | Episode  949 - Reward: 78.000, Length: 78, Loss: 4.6015, Entropy: 0.6398, Epsilon: 0.010
2026-03-28 18:30:07 | INFO | Episode  950 - Reward: 79.000, Length: 79, Loss: 2.0057, Entropy: 0.6137, Epsilon: 0.010
2026-03-28 18:30:42 | INFO | [Episode  950] eps=0.010  avg_reward= 112.820  avg_length=112.82  avg_loss=  4.7129  avg_entropy=0.6137  eval_success=1.000
2026-03-28 18:30:43 | INFO | Episode  951 - Reward: 200.000, Length: 200, Loss: 11.3877, Entropy: 0.5752, Epsilon: 0.010
2026-03-28 18:30:44 | INFO | Episode  952 - Reward: 151.000, Length: 151, Loss: 13.4541, Entropy: 0.6110, Epsilon: 0.010
2026-03-28 18:30:45 | INFO | Episode  953 - Reward: 115.000, Length: 115, Loss: 8.8876, Entropy: 0.6060, Epsilon: 0.010
2026-03-28 18:30:46 | INFO | Episode  954 - Reward: 86.000, Length: 86, Loss: 0.6502, Entropy: 0.6353, Epsilon: 0.010
2026-03-28 18:30:47 | INFO | Episode  955 - Reward: 35.000, Length: 35, Loss: 4.9611, Entropy: 0.6381, Epsilon: 0.010
2026-03-28 18:30:48 | INFO | Episode  956 - Reward: 35.000, Length: 35, Loss: 5.4336, Entropy: 0.6419, Epsilon: 0.010
2026-03-28 18:30:49 | INFO | Episode  957 - Reward: 97.000, Length: 97, Loss: 3.6562, Entropy: 0.6459, Epsilon: 0.010
2026-03-28 18:30:49 | INFO | Episode  958 - Reward: 31.000, Length: 31, Loss: 6.2469, Entropy: 0.6367, Epsilon: 0.010
2026-03-28 18:30:50 | INFO | Episode  959 - Reward: 200.000, Length: 200, Loss: 1.6463, Entropy: 0.6474, Epsilon: 0.010
2026-03-28 18:30:51 | INFO | Episode  960 - Reward: 200.000, Length: 200, Loss: 11.7923, Entropy: 0.6324, Epsilon: 0.010
2026-03-28 18:30:52 | INFO | Episode  961 - Reward: 23.000, Length: 23, Loss: 8.1331, Entropy: 0.5957, Epsilon: 0.010
2026-03-28 18:30:53 | INFO | Episode  962 - Reward: 196.000, Length: 196, Loss: 8.4342, Entropy: 0.5842, Epsilon: 0.010
2026-03-28 18:30:54 | INFO | Episode  963 - Reward: 115.000, Length: 115, Loss: 4.1421, Entropy: 0.5791, Epsilon: 0.010
2026-03-28 18:30:55 | INFO | Episode  964 - Reward: 184.000, Length: 184, Loss: 5.7002, Entropy: 0.5719, Epsilon: 0.010
2026-03-28 18:30:56 | INFO | Episode  965 - Reward: 188.000, Length: 188, Loss: 4.3220, Entropy: 0.5799, Epsilon: 0.010
2026-03-28 18:30:57 | INFO | Episode  966 - Reward: 119.000, Length: 119, Loss: 3.2838, Entropy: 0.5773, Epsilon: 0.010
2026-03-28 18:30:58 | INFO | Episode  967 - Reward: 200.000, Length: 200, Loss: 9.2309, Entropy: 0.6026, Epsilon: 0.010
2026-03-28 18:30:59 | INFO | Episode  968 - Reward: 200.000, Length: 200, Loss: 6.6248, Entropy: 0.6079, Epsilon: 0.010
2026-03-28 18:31:00 | INFO | Episode  969 - Reward: 132.000, Length: 132, Loss: 10.2703, Entropy: 0.6143, Epsilon: 0.010
2026-03-28 18:31:01 | INFO | Episode  970 - Reward: 124.000, Length: 124, Loss: 8.1400, Entropy: 0.5789, Epsilon: 0.010
2026-03-28 18:31:02 | INFO | Episode  971 - Reward: 137.000, Length: 137, Loss: 4.3130, Entropy: 0.5950, Epsilon: 0.010
2026-03-28 18:31:02 | INFO | Episode  972 - Reward: 200.000, Length: 200, Loss: 5.6664, Entropy: 0.5718, Epsilon: 0.010
2026-03-28 18:31:03 | INFO | Episode  973 - Reward: 187.000, Length: 187, Loss: 3.5048, Entropy: 0.5801, Epsilon: 0.010
2026-03-28 18:31:04 | INFO | Episode  974 - Reward: 160.000, Length: 160, Loss: 10.0218, Entropy: 0.5637, Epsilon: 0.010
2026-03-28 18:31:05 | INFO | Episode  975 - Reward: 188.000, Length: 188, Loss: 6.1722, Entropy: 0.5793, Epsilon: 0.010
2026-03-28 18:31:06 | INFO | Episode  976 - Reward: 200.000, Length: 200, Loss: 4.6252, Entropy: 0.5670, Epsilon: 0.010
2026-03-28 18:31:07 | INFO | Episode  977 - Reward: 127.000, Length: 127, Loss: 3.9444, Entropy: 0.5341, Epsilon: 0.010
2026-03-28 18:31:08 | INFO | Episode  978 - Reward: 200.000, Length: 200, Loss: 5.5828, Entropy: 0.5766, Epsilon: 0.010
2026-03-28 18:31:09 | INFO | Episode  979 - Reward: 200.000, Length: 200, Loss: 5.6423, Entropy: 0.6172, Epsilon: 0.010
2026-03-28 18:31:10 | INFO | Episode  980 - Reward: 200.000, Length: 200, Loss: 4.8633, Entropy: 0.6147, Epsilon: 0.010
2026-03-28 18:31:11 | INFO | Episode  981 - Reward: 153.000, Length: 153, Loss: 6.0270, Entropy: 0.6161, Epsilon: 0.010
2026-03-28 18:31:12 | INFO | Episode  982 - Reward: 200.000, Length: 200, Loss: 6.4329, Entropy: 0.5947, Epsilon: 0.010
2026-03-28 18:31:13 | INFO | Episode  983 - Reward: 166.000, Length: 166, Loss: 0.3849, Entropy: 0.6111, Epsilon: 0.010
2026-03-28 18:31:14 | INFO | Episode  984 - Reward: 200.000, Length: 200, Loss: 3.2541, Entropy: 0.6019, Epsilon: 0.010
2026-03-28 18:31:15 | INFO | Episode  985 - Reward: 200.000, Length: 200, Loss: 5.7165, Entropy: 0.5631, Epsilon: 0.010
2026-03-28 18:31:16 | INFO | Episode  986 - Reward: 128.000, Length: 128, Loss: 5.0103, Entropy: 0.6068, Epsilon: 0.010
2026-03-28 18:31:17 | INFO | Episode  987 - Reward: 200.000, Length: 200, Loss: 2.8956, Entropy: 0.6231, Epsilon: 0.010
2026-03-28 18:31:17 | INFO | Episode  988 - Reward: 200.000, Length: 200, Loss: 4.6186, Entropy: 0.6283, Epsilon: 0.010
2026-03-28 18:31:18 | INFO | Episode  989 - Reward: 200.000, Length: 200, Loss: 4.5953, Entropy: 0.6254, Epsilon: 0.010
2026-03-28 18:31:19 | INFO | Episode  990 - Reward: 200.000, Length: 200, Loss: 5.8768, Entropy: 0.5953, Epsilon: 0.010
2026-03-28 18:31:20 | INFO | Episode  991 - Reward: 129.000, Length: 129, Loss: 2.9134, Entropy: 0.6318, Epsilon: 0.010
2026-03-28 18:31:21 | INFO | Episode  992 - Reward: 90.000, Length: 90, Loss: 4.7873, Entropy: 0.6004, Epsilon: 0.010
2026-03-28 18:31:22 | INFO | Episode  993 - Reward: 174.000, Length: 174, Loss: 3.9118, Entropy: 0.6305, Epsilon: 0.010
2026-03-28 18:31:23 | INFO | Episode  994 - Reward: 200.000, Length: 200, Loss: 2.1004, Entropy: 0.6048, Epsilon: 0.010
2026-03-28 18:31:24 | INFO | Episode  995 - Reward: 113.000, Length: 113, Loss: 2.2611, Entropy: 0.6216, Epsilon: 0.010
2026-03-28 18:31:25 | INFO | Episode  996 - Reward: 135.000, Length: 135, Loss: 1.9930, Entropy: 0.6292, Epsilon: 0.010
2026-03-28 18:31:26 | INFO | Episode  997 - Reward: 200.000, Length: 200, Loss: 1.3683, Entropy: 0.6236, Epsilon: 0.010
2026-03-28 18:31:27 | INFO | Episode  998 - Reward: 200.000, Length: 200, Loss: 0.1203, Entropy: 0.6298, Epsilon: 0.010
2026-03-28 18:31:28 | INFO | Episode  999 - Reward: 200.000, Length: 200, Loss: 2.2592, Entropy: 0.6354, Epsilon: 0.010
2026-03-28 18:31:29 | INFO | Episode 1000 - Reward: 200.000, Length: 200, Loss: 3.3603, Entropy: 0.6360, Epsilon: 0.010
2026-03-28 18:32:37 | INFO | [Episode 1000] eps=0.010  avg_reward= 158.360  avg_length=158.36  avg_loss=  5.2124  avg_entropy=0.6360  eval_success=1.000
2026-03-28 18:32:37 | INFO | DQN+Entropy training: 26m 1.89s
2026-03-28 18:37:04 | INFO | [Final Eval] success=1.000, mean_reward=200.000
