seed,episode,reward,episode_length,loss,eval_success_rate,intrinsic_reward,policy_entropy,algorithm,learning_rate,gamma,env_name,reward_type
9,1,-200.0,200,0.9525163173675537,-1.0,0.0003715639759320766,0.0,DQN_RND,0.01,0.99,mountaincar,dense
9,2,-200.0,200,0.8753023147583008,-1.0,0.00039418949745595455,0.0,DQN_RND,0.01,0.99,mountaincar,dense
9,3,-200.0,200,0.816379189491272,-1.0,0.00036631725379265845,0.0,DQN_RND,0.01,0.99,mountaincar,dense
9,4,-200.0,200,0.9439511299133301,-1.0,0.00039186954381875694,0.0,DQN_RND,0.01,0.99,mountaincar,dense
9,5,-200.0,200,0.8812035322189331,-1.0,0.00037234529736451805,0.0,DQN_RND,0.01,0.99,mountaincar,dense
9,6,-200.0,200,0.9294691681861877,-1.0,0.0003993900027126074,0.0,DQN_RND,0.01,0.99,mountaincar,dense
9,7,-200.0,200,0.8668701648712158,-1.0,0.00039869657484814525,0.0,DQN_RND,0.01,0.99,mountaincar,dense
9,8,-200.0,200,0.8060004711151123,-1.0,0.00040541356429457664,0.0,DQN_RND,0.01,0.99,mountaincar,dense
9,9,-200.0,200,0.9084935188293457,-1.0,0.000381105492124334,0.0,DQN_RND,0.01,0.99,mountaincar,dense
9,10,-200.0,200,0.8393093943595886,-1.0,0.00042862410191446543,0.0,DQN_RND,0.01,0.99,mountaincar,dense
9,11,-200.0,200,0.8878511786460876,-1.0,0.00038964804843999445,0.0,DQN_RND,0.01,0.99,mountaincar,dense
9,12,-200.0,200,0.819136381149292,-1.0,0.00036978008574806154,0.0,DQN_RND,0.01,0.99,mountaincar,dense
9,13,-200.0,200,0.7510185241699219,-1.0,0.0003816309617832303,0.0,DQN_RND,0.01,0.99,mountaincar,dense
9,14,-200.0,200,0.8825159072875977,-1.0,0.000385668856324628,0.0,DQN_RND,0.01,0.99,mountaincar,dense
9,15,-200.0,200,0.8034385442733765,-1.0,0.0003958711167797446,0.0,DQN_RND,0.01,0.99,mountaincar,dense
9,16,-200.0,200,0.8693264722824097,-1.0,0.0003648929123301059,0.0,DQN_RND,0.01,0.99,mountaincar,dense
9,17,-200.0,200,0.7893946766853333,-1.0,0.0004142412217333913,0.0,DQN_RND,0.01,0.99,mountaincar,dense
9,18,-200.0,200,0.7088618278503418,-1.0,0.00040474499110132456,0.0,DQN_RND,0.01,0.99,mountaincar,dense
9,19,-200.0,200,0.847821831703186,-1.0,0.00041442966903559864,0.0,DQN_RND,0.01,0.99,mountaincar,dense
9,20,-200.0,200,0.7570027112960815,-1.0,0.00041331397369503975,0.0,DQN_RND,0.01,0.99,mountaincar,dense
9,21,-200.0,200,0.8344942331314087,-1.0,0.0004118710639886558,0.0,DQN_RND,0.01,0.99,mountaincar,dense
9,22,-200.0,200,0.7228269577026367,-1.0,0.00037741189589723945,0.0,DQN_RND,0.01,0.99,mountaincar,dense
9,23,-200.0,200,0.6277642250061035,-1.0,0.00037253228947520256,0.0,DQN_RND,0.01,0.99,mountaincar,dense
9,24,-200.0,200,0.8149921894073486,-1.0,0.000366121152183041,0.0,DQN_RND,0.01,0.99,mountaincar,dense
9,25,-200.0,200,0.7007092237472534,-1.0,0.0003756593505386263,0.0,DQN_RND,0.01,0.99,mountaincar,dense
9,26,-200.0,200,0.8054153919219971,-1.0,0.00039441525586880744,0.0,DQN_RND,0.01,0.99,mountaincar,dense
9,27,-200.0,200,0.6633851528167725,-1.0,0.0003881692828144878,0.0,DQN_RND,0.01,0.99,mountaincar,dense
9,28,-200.0,200,0.5371135473251343,-1.0,0.00040248583536595106,0.0,DQN_RND,0.01,0.99,mountaincar,dense
9,29,-200.0,200,0.7732066512107849,-1.0,0.00036221748450770974,0.0,DQN_RND,0.01,0.99,mountaincar,dense
9,30,-200.0,200,0.5876209139823914,-1.0,0.0003965751966461539,0.0,DQN_RND,0.01,0.99,mountaincar,dense
9,31,-200.0,200,0.7457265853881836,-1.0,0.00037200417136773467,0.0,DQN_RND,0.01,0.99,mountaincar,dense
9,32,-200.0,200,0.5437256097793579,-1.0,0.00043183809611946344,0.0,DQN_RND,0.01,0.99,mountaincar,dense
9,33,-200.0,200,0.3784802556037903,-1.0,0.0003791295166593045,0.0,DQN_RND,0.01,0.99,mountaincar,dense
9,34,-200.0,200,0.7273386716842651,-1.0,0.00034737683017738163,0.0,DQN_RND,0.01,0.99,mountaincar,dense
9,35,-200.0,200,0.470975399017334,-1.0,0.00039486392051912844,0.0,DQN_RND,0.01,0.99,mountaincar,dense
9,36,-200.0,200,0.6994577050209045,-1.0,0.000377588759874925,0.0,DQN_RND,0.01,0.99,mountaincar,dense
9,37,-200.0,200,0.3919111490249634,-1.0,0.00039246719097718596,0.0,DQN_RND,0.01,0.99,mountaincar,dense
9,38,-200.0,200,0.21203796565532684,-1.0,0.0003892435343004763,0.0,DQN_RND,0.01,0.99,mountaincar,dense
9,39,-200.0,200,0.6513922214508057,-1.0,0.0003843305166810751,0.0,DQN_RND,0.01,0.99,mountaincar,dense
9,40,-200.0,200,0.2511315643787384,-1.0,0.0003769912582356483,0.0,DQN_RND,0.01,0.99,mountaincar,dense
9,41,-200.0,200,0.6161147356033325,-1.0,0.0003793711948674172,0.0,DQN_RND,0.01,0.99,mountaincar,dense
9,42,-200.0,200,0.19857105612754822,-1.0,0.00037496574805118144,0.0,DQN_RND,0.01,0.99,mountaincar,dense
9,43,-200.0,200,0.09893014281988144,-1.0,0.00036875545629300177,0.0,DQN_RND,0.01,0.99,mountaincar,dense
9,44,-200.0,200,0.6730983257293701,-1.0,0.0003534950374159962,0.0,DQN_RND,0.01,0.99,mountaincar,dense
9,45,-200.0,200,0.1190476045012474,-1.0,0.00041133922059088945,0.0,DQN_RND,0.01,0.99,mountaincar,dense
9,46,-200.0,200,0.5119242668151855,-1.0,0.00038220547139644623,0.0,DQN_RND,0.01,0.99,mountaincar,dense
9,47,-200.0,200,0.11956128478050232,-1.0,0.0003572131972759962,0.0,DQN_RND,0.01,0.99,mountaincar,dense
9,48,-200.0,200,0.09926244616508484,-1.0,0.00040085698128677905,0.0,DQN_RND,0.01,0.99,mountaincar,dense
9,49,-200.0,200,0.4827198386192322,-1.0,0.00037329181213863194,0.0,DQN_RND,0.01,0.99,mountaincar,dense
9,50,-200.0,200,0.1406821310520172,-1.0,0.0003832625225186348,0.0,DQN_RND,0.01,0.99,mountaincar,dense
9,51,-200.0,200,0.5490027070045471,-1.0,0.0003750126052182168,0.0,DQN_RND,0.01,0.99,mountaincar,dense
9,52,-200.0,200,0.1880185455083847,-1.0,0.000347657420206815,0.0,DQN_RND,0.01,0.99,mountaincar,dense
9,53,-200.0,200,0.2552385628223419,-1.0,0.00036610016832128167,0.0,DQN_RND,0.01,0.99,mountaincar,dense
9,54,-200.0,200,0.7365924119949341,-1.0,0.0003657825291156769,0.0,DQN_RND,0.01,0.99,mountaincar,dense
9,55,-200.0,200,0.12270940840244293,-1.0,0.00041019284981302917,0.0,DQN_RND,0.01,0.99,mountaincar,dense
9,56,-200.0,200,0.511701762676239,-1.0,0.0003463923931121826,0.0,DQN_RND,0.01,0.99,mountaincar,dense
9,57,-200.0,200,0.6659179329872131,-1.0,0.00035423427470959723,0.0,DQN_RND,0.01,0.99,mountaincar,dense
9,58,-200.0,200,0.44041141867637634,-1.0,0.00034506808151490986,0.0,DQN_RND,0.01,0.99,mountaincar,dense
9,59,-200.0,200,0.6575236320495605,-1.0,0.0003370378108229488,0.0,DQN_RND,0.01,0.99,mountaincar,dense
9,60,-200.0,200,0.004225734155625105,-1.0,0.0003690569428727031,0.0,DQN_RND,0.01,0.99,mountaincar,dense
9,61,-200.0,200,1.2240734100341797,-1.0,0.00034852151293307543,0.0,DQN_RND,0.01,0.99,mountaincar,dense
9,62,-200.0,200,0.003377234563231468,-1.0,0.0003522817569319159,0.0,DQN_RND,0.01,0.99,mountaincar,dense
9,63,-200.0,200,0.8023179769515991,-1.0,0.00039666114025749266,0.0,DQN_RND,0.01,0.99,mountaincar,dense
9,64,-200.0,200,0.8686661720275879,-1.0,0.00036939504207111895,0.0,DQN_RND,0.01,0.99,mountaincar,dense
9,65,-200.0,200,0.4710216820240021,-1.0,0.0003562045458238572,0.0,DQN_RND,0.01,0.99,mountaincar,dense
9,66,-200.0,200,1.419617772102356,-1.0,0.00035597270471043885,0.0,DQN_RND,0.01,0.99,mountaincar,dense
9,67,-200.0,200,1.0454931259155273,-1.0,0.0003685148258227855,0.0,DQN_RND,0.01,0.99,mountaincar,dense
9,68,-200.0,200,0.792540431022644,-1.0,0.00036316137993708253,0.0,DQN_RND,0.01,0.99,mountaincar,dense
9,69,-200.0,200,1.0341823101043701,-1.0,0.0003889664076268673,0.0,DQN_RND,0.01,0.99,mountaincar,dense
9,70,-200.0,200,0.3224632740020752,-1.0,0.0003319797106087208,0.0,DQN_RND,0.01,0.99,mountaincar,dense
9,71,-200.0,200,0.895085334777832,-1.0,0.00038331918767653406,0.0,DQN_RND,0.01,0.99,mountaincar,dense
9,72,-200.0,200,0.0037734268698841333,-1.0,0.00034994506859220564,0.0,DQN_RND,0.01,0.99,mountaincar,dense
9,73,-200.0,200,1.6486525535583496,-1.0,0.00035031262086704373,0.0,DQN_RND,0.01,0.99,mountaincar,dense
9,74,-200.0,200,1.650444507598877,-1.0,0.00038378327735699713,0.0,DQN_RND,0.01,0.99,mountaincar,dense
9,75,-200.0,200,1.7070739269256592,-1.0,0.0003384008596185595,0.0,DQN_RND,0.01,0.99,mountaincar,dense
9,76,-200.0,200,1.3727552890777588,-1.0,0.0003357516834512353,0.0,DQN_RND,0.01,0.99,mountaincar,dense
9,77,-200.0,200,1.2747623920440674,-1.0,0.000361452141078189,0.0,DQN_RND,0.01,0.99,mountaincar,dense
9,78,-200.0,200,0.43398725986480713,-1.0,0.0003656962071545422,0.0,DQN_RND,0.01,0.99,mountaincar,dense
9,79,-200.0,200,0.20419533550739288,-1.0,0.0003839158162008971,0.0,DQN_RND,0.01,0.99,mountaincar,dense
9,80,-200.0,200,1.390709638595581,-1.0,0.00035579383256845176,0.0,DQN_RND,0.01,0.99,mountaincar,dense
9,81,-200.0,200,2.1756339073181152,-1.0,0.0003552348935045302,0.0,DQN_RND,0.01,0.99,mountaincar,dense
9,82,-200.0,200,1.0772490501403809,-1.0,0.00033863133285194635,0.0,DQN_RND,0.01,0.99,mountaincar,dense
9,83,-200.0,200,0.5616371631622314,-1.0,0.00038080476224422455,0.0,DQN_RND,0.01,0.99,mountaincar,dense
9,84,-200.0,200,0.9638470411300659,-1.0,0.00036233413266018033,0.0,DQN_RND,0.01,0.99,mountaincar,dense
9,85,-200.0,200,1.9126707315444946,-1.0,0.0003270654415246099,0.0,DQN_RND,0.01,0.99,mountaincar,dense
9,86,-200.0,200,1.6827003955841064,-1.0,0.0003658967325463891,0.0,DQN_RND,0.01,0.99,mountaincar,dense
9,87,-200.0,200,1.2106624841690063,-1.0,0.00035387242678552866,0.0,DQN_RND,0.01,0.99,mountaincar,dense
9,88,-200.0,200,1.271769642829895,-1.0,0.00034975167363882065,0.0,DQN_RND,0.01,0.99,mountaincar,dense
9,89,-200.0,200,3.0418050289154053,-1.0,0.0003760298131965101,0.0,DQN_RND,0.01,0.99,mountaincar,dense
9,90,-200.0,200,3.3421170711517334,-1.0,0.0003894797118846327,0.0,DQN_RND,0.01,0.99,mountaincar,dense
9,91,-200.0,200,3.5788145065307617,-1.0,0.0003759212850127369,0.0,DQN_RND,0.01,0.99,mountaincar,dense
9,92,-200.0,200,0.4333503246307373,-1.0,0.0003644938697107136,0.0,DQN_RND,0.01,0.99,mountaincar,dense
9,93,-200.0,200,4.145730018615723,-1.0,0.000352497590938583,0.0,DQN_RND,0.01,0.99,mountaincar,dense
9,94,-200.0,200,1.6587480306625366,-1.0,0.0003848038613796234,0.0,DQN_RND,0.01,0.99,mountaincar,dense
9,95,-200.0,200,0.2142472267150879,-1.0,0.0003407737531233579,0.0,DQN_RND,0.01,0.99,mountaincar,dense
9,96,-200.0,200,2.374392509460449,-1.0,0.00035014175227843225,0.0,DQN_RND,0.01,0.99,mountaincar,dense
9,97,-200.0,200,2.199181318283081,-1.0,0.0003212812589481473,0.0,DQN_RND,0.01,0.99,mountaincar,dense
9,98,-200.0,200,0.6896705627441406,-1.0,0.00036176538560539484,0.0,DQN_RND,0.01,0.99,mountaincar,dense
9,99,-200.0,200,3.611372232437134,-1.0,0.0004244123410899192,0.0,DQN_RND,0.01,0.99,mountaincar,dense
9,100,-200.0,200,6.507920742034912,-1.0,0.0003548671957105398,0.0,DQN_RND,0.01,0.99,mountaincar,dense
9,101,-200.0,200,1.794938325881958,-1.0,0.00037540800985880196,0.0,DQN_RND,0.01,0.99,mountaincar,dense
9,102,-200.0,200,0.029418883845210075,-1.0,0.00034148406120948493,0.0,DQN_RND,0.01,0.99,mountaincar,dense
9,103,-200.0,200,2.460522413253784,-1.0,0.000336252007400617,0.0,DQN_RND,0.01,0.99,mountaincar,dense
9,104,-200.0,200,4.158390522003174,-1.0,0.000386313593480736,0.0,DQN_RND,0.01,0.99,mountaincar,dense
9,105,-200.0,200,3.8151745796203613,-1.0,0.00035794201539829373,0.0,DQN_RND,0.01,0.99,mountaincar,dense
9,106,-200.0,200,1.501379370689392,-1.0,0.00036797605571337044,0.0,DQN_RND,0.01,0.99,mountaincar,dense
9,107,-200.0,200,0.6112538576126099,-1.0,0.00033726528636179864,0.0,DQN_RND,0.01,0.99,mountaincar,dense
9,108,-200.0,200,0.5844467282295227,-1.0,0.000420406402554363,0.0,DQN_RND,0.01,0.99,mountaincar,dense
9,109,-200.0,200,2.1107845306396484,-1.0,0.000357842945959419,0.0,DQN_RND,0.01,0.99,mountaincar,dense
9,110,-200.0,200,2.068106174468994,-1.0,0.0003268792061135173,0.0,DQN_RND,0.01,0.99,mountaincar,dense
9,111,-200.0,200,1.422911286354065,-1.0,0.00031668259180150926,0.0,DQN_RND,0.01,0.99,mountaincar,dense
9,112,-200.0,200,0.7146545052528381,-1.0,0.00037563859950751066,0.0,DQN_RND,0.01,0.99,mountaincar,dense
9,113,-200.0,200,0.8512307405471802,-1.0,0.0003311581094749272,0.0,DQN_RND,0.01,0.99,mountaincar,dense
9,114,-200.0,200,1.2798495292663574,-1.0,0.0003290317254140973,0.0,DQN_RND,0.01,0.99,mountaincar,dense
9,115,-200.0,200,4.971198081970215,-1.0,0.0003551513946149498,0.0,DQN_RND,0.01,0.99,mountaincar,dense
9,116,-200.0,200,1.9463459253311157,-1.0,0.00036584053304977715,0.0,DQN_RND,0.01,0.99,mountaincar,dense
9,117,-200.0,200,2.330458879470825,-1.0,0.0003895808767993003,0.0,DQN_RND,0.01,0.99,mountaincar,dense
9,118,-200.0,200,2.7273130416870117,-1.0,0.000329699891153723,0.0,DQN_RND,0.01,0.99,mountaincar,dense
9,119,-200.0,200,2.4906389713287354,-1.0,0.0003763368877116591,0.0,DQN_RND,0.01,0.99,mountaincar,dense
9,120,-200.0,200,4.802100658416748,-1.0,0.0003416390682104975,0.0,DQN_RND,0.01,0.99,mountaincar,dense
9,121,-200.0,200,1.4171712398529053,-1.0,0.0003272754547651857,0.0,DQN_RND,0.01,0.99,mountaincar,dense
9,122,-200.0,200,1.2396832704544067,-1.0,0.00035773954004980624,0.0,DQN_RND,0.01,0.99,mountaincar,dense
9,123,-200.0,200,0.7484604120254517,-1.0,0.0003566641535144299,0.0,DQN_RND,0.01,0.99,mountaincar,dense
9,124,-200.0,200,1.9999922513961792,-1.0,0.0003306630824226886,0.0,DQN_RND,0.01,0.99,mountaincar,dense
9,125,-200.0,200,5.09976863861084,-1.0,0.00037317676469683647,0.0,DQN_RND,0.01,0.99,mountaincar,dense
9,126,-200.0,200,1.265581488609314,-1.0,0.0003462133463472128,0.0,DQN_RND,0.01,0.99,mountaincar,dense
9,127,-200.0,200,2.007561683654785,-1.0,0.00031274164211936295,0.0,DQN_RND,0.01,0.99,mountaincar,dense
9,128,-200.0,200,0.15776054561138153,-1.0,0.0003127683012280613,0.0,DQN_RND,0.01,0.99,mountaincar,dense
9,129,-200.0,200,1.94639253616333,-1.0,0.0003129442338831723,0.0,DQN_RND,0.01,0.99,mountaincar,dense
9,130,-200.0,200,2.7066097259521484,-1.0,0.00033152278047055006,0.0,DQN_RND,0.01,0.99,mountaincar,dense
9,131,-200.0,200,1.176511287689209,-1.0,0.00034992650034837425,0.0,DQN_RND,0.01,0.99,mountaincar,dense
9,132,-200.0,200,1.8539485931396484,-1.0,0.0003267441352363676,0.0,DQN_RND,0.01,0.99,mountaincar,dense
9,133,-200.0,200,2.9838380813598633,-1.0,0.00032298575388267636,0.0,DQN_RND,0.01,0.99,mountaincar,dense
9,134,-200.0,200,3.001275062561035,-1.0,0.0003754830686375499,0.0,DQN_RND,0.01,0.99,mountaincar,dense
9,135,-200.0,200,1.445321798324585,-1.0,0.000350507179973647,0.0,DQN_RND,0.01,0.99,mountaincar,dense
9,136,-200.0,200,0.939502477645874,-1.0,0.000370837195077911,0.0,DQN_RND,0.01,0.99,mountaincar,dense
9,137,-200.0,200,2.052441120147705,-1.0,0.00030239802435971797,0.0,DQN_RND,0.01,0.99,mountaincar,dense
9,138,-200.0,200,0.013850509189069271,-1.0,0.0003118742606602609,0.0,DQN_RND,0.01,0.99,mountaincar,dense
9,139,-200.0,200,2.6263790130615234,-1.0,0.0003332389169372618,0.0,DQN_RND,0.01,0.99,mountaincar,dense
9,140,-200.0,200,2.2718920707702637,-1.0,0.00036570936208590865,0.0,DQN_RND,0.01,0.99,mountaincar,dense
9,141,-200.0,200,1.9021883010864258,-1.0,0.00033595506101846695,0.0,DQN_RND,0.01,0.99,mountaincar,dense
9,142,-200.0,200,3.4672293663024902,-1.0,0.00033215232542715967,0.0,DQN_RND,0.01,0.99,mountaincar,dense
9,143,-200.0,200,5.047850608825684,-1.0,0.0003697437059599906,0.0,DQN_RND,0.01,0.99,mountaincar,dense
9,144,-200.0,200,2.151733636856079,-1.0,0.00034107029205188155,0.0,DQN_RND,0.01,0.99,mountaincar,dense
9,145,-200.0,200,0.7779626846313477,-1.0,0.0003474897821433842,0.0,DQN_RND,0.01,0.99,mountaincar,dense
9,146,-200.0,200,2.754594326019287,-1.0,0.00031289257458411157,0.0,DQN_RND,0.01,0.99,mountaincar,dense
9,147,-200.0,200,3.3708913326263428,-1.0,0.000387845590012148,0.0,DQN_RND,0.01,0.99,mountaincar,dense
9,148,-200.0,200,5.308041572570801,-1.0,0.0003651266742963344,0.0,DQN_RND,0.01,0.99,mountaincar,dense
9,149,-200.0,200,0.643890380859375,-1.0,0.0003282954858150333,0.0,DQN_RND,0.01,0.99,mountaincar,dense
9,150,-200.0,200,1.3618968725204468,-1.0,0.00030818735831417143,0.0,DQN_RND,0.01,0.99,mountaincar,dense
9,151,-200.0,200,3.1428608894348145,-1.0,0.0003493870608508587,0.0,DQN_RND,0.01,0.99,mountaincar,dense
9,152,-200.0,200,1.0870676040649414,-1.0,0.00039559078868478537,0.0,DQN_RND,0.01,0.99,mountaincar,dense
9,153,-200.0,200,1.6205673217773438,-1.0,0.0003325397556181997,0.0,DQN_RND,0.01,0.99,mountaincar,dense
9,154,-200.0,200,0.22245946526527405,-1.0,0.0003122653579339385,0.0,DQN_RND,0.01,0.99,mountaincar,dense
9,155,-200.0,200,1.4796397686004639,-1.0,0.0002933636133093387,0.0,DQN_RND,0.01,0.99,mountaincar,dense
9,156,-200.0,200,1.6143662929534912,-1.0,0.0003215690376237035,0.0,DQN_RND,0.01,0.99,mountaincar,dense
9,157,-200.0,200,2.093756675720215,-1.0,0.0002920593542512506,0.0,DQN_RND,0.01,0.99,mountaincar,dense
9,158,-200.0,200,1.9140796661376953,-1.0,0.0002985202590934932,0.0,DQN_RND,0.01,0.99,mountaincar,dense
9,159,-200.0,200,1.7827225923538208,-1.0,0.0003780270053539425,0.0,DQN_RND,0.01,0.99,mountaincar,dense
9,160,-200.0,200,1.6085638999938965,-1.0,0.00033215564326383173,0.0,DQN_RND,0.01,0.99,mountaincar,dense
9,161,-200.0,200,1.9019757509231567,-1.0,0.00032851085416041315,0.0,DQN_RND,0.01,0.99,mountaincar,dense
9,162,-200.0,200,1.5472586154937744,-1.0,0.0003679195651784539,0.0,DQN_RND,0.01,0.99,mountaincar,dense
9,163,-200.0,200,0.9467528462409973,-1.0,0.0004129321896471083,0.0,DQN_RND,0.01,0.99,mountaincar,dense
9,164,-200.0,200,3.0632753372192383,-1.0,0.00037772534415125847,0.0,DQN_RND,0.01,0.99,mountaincar,dense
9,165,-200.0,200,4.427639961242676,-1.0,0.00028936489252373576,0.0,DQN_RND,0.01,0.99,mountaincar,dense
9,166,-200.0,200,1.2475013732910156,-1.0,0.00033254787558689713,0.0,DQN_RND,0.01,0.99,mountaincar,dense
9,167,-200.0,200,2.3612735271453857,-1.0,0.00033130552037619054,0.0,DQN_RND,0.01,0.99,mountaincar,dense
9,168,-200.0,200,2.241405725479126,-1.0,0.0003364211297594011,0.0,DQN_RND,0.01,0.99,mountaincar,dense
9,169,-200.0,200,1.532275676727295,-1.0,0.000366510619642213,0.0,DQN_RND,0.01,0.99,mountaincar,dense
9,170,-200.0,200,3.674816846847534,-1.0,0.0003246889100410044,0.0,DQN_RND,0.01,0.99,mountaincar,dense
9,171,-200.0,200,1.4420725107192993,-1.0,0.0003311985346954316,0.0,DQN_RND,0.01,0.99,mountaincar,dense
9,172,-200.0,200,2.4816908836364746,-1.0,0.00034523909562267363,0.0,DQN_RND,0.01,0.99,mountaincar,dense
9,173,-200.0,200,3.873171806335449,-1.0,0.000367659202311188,0.0,DQN_RND,0.01,0.99,mountaincar,dense
9,174,-200.0,200,1.2091326713562012,-1.0,0.00032565626315772533,0.0,DQN_RND,0.01,0.99,mountaincar,dense
9,175,-200.0,200,5.135814666748047,-1.0,0.00038662247243337333,0.0,DQN_RND,0.01,0.99,mountaincar,dense
9,176,-200.0,200,3.8523330688476562,-1.0,0.00034394432441331446,0.0,DQN_RND,0.01,0.99,mountaincar,dense
9,177,-200.0,200,2.746774435043335,-1.0,0.0003559022443369031,0.0,DQN_RND,0.01,0.99,mountaincar,dense
9,178,-200.0,200,3.2765674591064453,-1.0,0.00032675734837539494,0.0,DQN_RND,0.01,0.99,mountaincar,dense
9,179,-200.0,200,1.5971667766571045,-1.0,0.0003608559782151133,0.0,DQN_RND,0.01,0.99,mountaincar,dense
9,180,-200.0,200,2.245148181915283,-1.0,0.00030054300441406667,0.0,DQN_RND,0.01,0.99,mountaincar,dense
9,181,-200.0,200,2.3080334663391113,-1.0,0.00031922615016810596,0.0,DQN_RND,0.01,0.99,mountaincar,dense
9,182,-200.0,200,1.3510240316390991,-1.0,0.00031691096955910325,0.0,DQN_RND,0.01,0.99,mountaincar,dense
9,183,-200.0,200,3.792687177658081,-1.0,0.0002662644546944648,0.0,DQN_RND,0.01,0.99,mountaincar,dense
9,184,-200.0,200,3.0331592559814453,-1.0,0.0003639402275439352,0.0,DQN_RND,0.01,0.99,mountaincar,dense
9,185,-200.0,200,2.1538307666778564,-1.0,0.00035218201810494065,0.0,DQN_RND,0.01,0.99,mountaincar,dense
9,186,-200.0,200,4.521490573883057,-1.0,0.0004216808592900634,0.0,DQN_RND,0.01,0.99,mountaincar,dense
9,187,-200.0,200,4.5257344245910645,-1.0,0.00036296015605330467,0.0,DQN_RND,0.01,0.99,mountaincar,dense
9,188,-200.0,200,4.165981769561768,-1.0,0.00032990623731166124,0.0,DQN_RND,0.01,0.99,mountaincar,dense
9,189,-200.0,200,1.3707797527313232,-1.0,0.00036398120573721826,0.0,DQN_RND,0.01,0.99,mountaincar,dense
9,190,-200.0,200,2.4390435218811035,-1.0,0.00037350962520577013,0.0,DQN_RND,0.01,0.99,mountaincar,dense
9,191,-200.0,200,1.296934962272644,-1.0,0.00041222761501558125,0.0,DQN_RND,0.01,0.99,mountaincar,dense
9,192,-200.0,200,1.1750693321228027,-1.0,0.0003613920125644654,0.0,DQN_RND,0.01,0.99,mountaincar,dense
9,193,-200.0,200,2.0714833736419678,-1.0,0.00027646441594697535,0.0,DQN_RND,0.01,0.99,mountaincar,dense
9,194,-200.0,200,1.4286293983459473,-1.0,0.00032396268215961754,0.0,DQN_RND,0.01,0.99,mountaincar,dense
9,195,-200.0,200,1.3737205266952515,-1.0,0.00027958740247413516,0.0,DQN_RND,0.01,0.99,mountaincar,dense
9,196,-200.0,200,2.4544177055358887,-1.0,0.0003568420943338424,0.0,DQN_RND,0.01,0.99,mountaincar,dense
9,197,-200.0,200,2.4232940673828125,-1.0,0.00031924870563670993,0.0,DQN_RND,0.01,0.99,mountaincar,dense
9,198,-200.0,200,1.9506176710128784,-1.0,0.0002900745312217623,0.0,DQN_RND,0.01,0.99,mountaincar,dense
9,199,-200.0,200,0.8178306221961975,-1.0,0.0003361229901202023,0.0,DQN_RND,0.01,0.99,mountaincar,dense
9,200,-200.0,200,1.8709205389022827,-1.0,0.0002881988766603172,0.0,DQN_RND,0.01,0.99,mountaincar,dense
9,201,-200.0,200,0.3985859155654907,-1.0,0.0003352100611664355,0.0,DQN_RND,0.01,0.99,mountaincar,dense
9,202,-200.0,200,0.7890356183052063,-1.0,0.00028324101003818214,0.0,DQN_RND,0.01,0.99,mountaincar,dense
9,203,-200.0,200,1.3771560192108154,-1.0,0.00039988511707633734,0.0,DQN_RND,0.01,0.99,mountaincar,dense
9,204,-200.0,200,1.751131534576416,-1.0,0.00036244135117158294,0.0,DQN_RND,0.01,0.99,mountaincar,dense
9,205,-200.0,200,2.42171049118042,-1.0,0.0003649649443104863,0.0,DQN_RND,0.01,0.99,mountaincar,dense
9,206,-200.0,200,2.481261730194092,-1.0,0.0003417436091694981,0.0,DQN_RND,0.01,0.99,mountaincar,dense
9,207,-200.0,200,1.5806546211242676,-1.0,0.0002735591260716319,0.0,DQN_RND,0.01,0.99,mountaincar,dense
9,208,-200.0,200,2.6273903846740723,-1.0,0.00029237772105261683,0.0,DQN_RND,0.01,0.99,mountaincar,dense
9,209,-200.0,200,1.094674825668335,-1.0,0.0003723758854903281,0.0,DQN_RND,0.01,0.99,mountaincar,dense
9,210,-200.0,200,2.108428478240967,-1.0,0.0003196691395714879,0.0,DQN_RND,0.01,0.99,mountaincar,dense
9,211,-200.0,200,4.9305806159973145,-1.0,0.0002879018720705062,0.0,DQN_RND,0.01,0.99,mountaincar,dense
9,212,-200.0,200,2.1051344871520996,-1.0,0.0002817800850607455,0.0,DQN_RND,0.01,0.99,mountaincar,dense
9,213,-200.0,200,2.827880859375,-1.0,0.0003245059633627534,0.0,DQN_RND,0.01,0.99,mountaincar,dense
9,214,-200.0,200,3.5750186443328857,-1.0,0.0002795726468320936,0.0,DQN_RND,0.01,0.99,mountaincar,dense
9,215,-200.0,200,2.1593379974365234,-1.0,0.00036156404530629516,0.0,DQN_RND,0.01,0.99,mountaincar,dense
9,216,-200.0,200,2.3154611587524414,-1.0,0.0002861629764083773,0.0,DQN_RND,0.01,0.99,mountaincar,dense
9,217,-200.0,200,1.560768723487854,-1.0,0.00030246726237237453,0.0,DQN_RND,0.01,0.99,mountaincar,dense
9,218,-200.0,200,2.3641276359558105,-1.0,0.0003718052466865629,0.0,DQN_RND,0.01,0.99,mountaincar,dense
9,219,-200.0,200,3.0419070720672607,-1.0,0.0002801779191941023,0.0,DQN_RND,0.01,0.99,mountaincar,dense
9,220,-200.0,200,8.895944595336914,-1.0,0.00026357840397395194,0.0,DQN_RND,0.01,0.99,mountaincar,dense
9,221,-200.0,200,0.6431744694709778,-1.0,0.000380686076823622,0.0,DQN_RND,0.01,0.99,mountaincar,dense
9,222,-200.0,200,1.038949728012085,-1.0,0.000296092766802758,0.0,DQN_RND,0.01,0.99,mountaincar,dense
9,223,-200.0,200,1.5906158685684204,-1.0,0.0002721371711231768,0.0,DQN_RND,0.01,0.99,mountaincar,dense
9,224,-200.0,200,0.9312580823898315,-1.0,0.00026881552184931934,0.0,DQN_RND,0.01,0.99,mountaincar,dense
9,225,-200.0,200,1.8383532762527466,-1.0,0.00030688708648085594,0.0,DQN_RND,0.01,0.99,mountaincar,dense
9,226,-200.0,200,4.6998515129089355,-1.0,0.00032910259324125946,0.0,DQN_RND,0.01,0.99,mountaincar,dense
9,227,-200.0,200,1.1844605207443237,-1.0,0.00030214153230190277,0.0,DQN_RND,0.01,0.99,mountaincar,dense
9,228,-200.0,200,2.5878024101257324,-1.0,0.00027449560002423823,0.0,DQN_RND,0.01,0.99,mountaincar,dense
9,229,-200.0,200,2.3077826499938965,-1.0,0.00033547048224136233,0.0,DQN_RND,0.01,0.99,mountaincar,dense
9,230,-200.0,200,0.9149792790412903,-1.0,0.0002974371600430459,0.0,DQN_RND,0.01,0.99,mountaincar,dense
9,231,-200.0,200,3.441033124923706,-1.0,0.0003796630189754069,0.0,DQN_RND,0.01,0.99,mountaincar,dense
9,232,-200.0,200,3.9149327278137207,-1.0,0.00025358874700032175,0.0,DQN_RND,0.01,0.99,mountaincar,dense
9,233,-200.0,200,4.165059566497803,-1.0,0.0002529829216655344,0.0,DQN_RND,0.01,0.99,mountaincar,dense
9,234,-200.0,200,3.5294439792633057,-1.0,0.00034507139935158193,0.0,DQN_RND,0.01,0.99,mountaincar,dense
9,235,-200.0,200,0.6333909034729004,-1.0,0.0002925929438788444,0.0,DQN_RND,0.01,0.99,mountaincar,dense
9,236,-200.0,200,2.732431411743164,-1.0,0.00030159103334881365,0.0,DQN_RND,0.01,0.99,mountaincar,dense
9,237,-200.0,200,1.4908469915390015,-1.0,0.00037226526183076203,0.0,DQN_RND,0.01,0.99,mountaincar,dense
9,238,-200.0,200,3.653907060623169,-1.0,0.00034101668279618025,0.0,DQN_RND,0.01,0.99,mountaincar,dense
9,239,-200.0,200,3.0657973289489746,-1.0,0.00031389447394758463,0.0,DQN_RND,0.01,0.99,mountaincar,dense
9,240,-200.0,200,2.1572718620300293,-1.0,0.0002680751495063305,0.0,DQN_RND,0.01,0.99,mountaincar,dense
9,241,-200.0,200,1.114081621170044,-1.0,0.00033926713513210416,0.0,DQN_RND,0.01,0.99,mountaincar,dense
9,242,-200.0,200,2.6047685146331787,-1.0,0.00032860017381608486,0.0,DQN_RND,0.01,0.99,mountaincar,dense
9,243,-200.0,200,1.928467869758606,-1.0,0.0003226201515644789,0.0,DQN_RND,0.01,0.99,mountaincar,dense
9,244,-200.0,200,2.0032989978790283,-1.0,0.0003557163872756064,0.0,DQN_RND,0.01,0.99,mountaincar,dense
9,245,-200.0,200,2.782963752746582,-1.0,0.0003408333286643028,0.0,DQN_RND,0.01,0.99,mountaincar,dense
9,246,-200.0,200,0.5192592144012451,-1.0,0.0002679137687664479,0.0,DQN_RND,0.01,0.99,mountaincar,dense
9,247,-200.0,200,5.944505214691162,-1.0,0.000305516819935292,0.0,DQN_RND,0.01,0.99,mountaincar,dense
9,248,-200.0,200,9.84581470489502,-1.0,0.0002503898576833308,0.0,DQN_RND,0.01,0.99,mountaincar,dense
9,249,-200.0,200,1.8563389778137207,-1.0,0.00035421981010586023,0.0,DQN_RND,0.01,0.99,mountaincar,dense
9,250,-200.0,200,1.1496894359588623,-1.0,0.0002528040495235473,0.0,DQN_RND,0.01,0.99,mountaincar,dense
9,251,-200.0,200,1.4594167470932007,-1.0,0.0002786554105114192,0.0,DQN_RND,0.01,0.99,mountaincar,dense
9,252,-200.0,200,2.4556543827056885,-1.0,0.00029678636929020286,0.0,DQN_RND,0.01,0.99,mountaincar,dense
9,253,-200.0,200,2.303201198577881,-1.0,0.00025476361042819917,0.0,DQN_RND,0.01,0.99,mountaincar,dense
9,254,-200.0,200,0.778035581111908,-1.0,0.00036908959737047553,0.0,DQN_RND,0.01,0.99,mountaincar,dense
9,255,-200.0,200,1.402901530265808,-1.0,0.0004048201662953943,0.0,DQN_RND,0.01,0.99,mountaincar,dense
9,256,-200.0,200,3.157587766647339,-1.0,0.00025921646738424897,0.0,DQN_RND,0.01,0.99,mountaincar,dense
9,257,-200.0,200,2.328897476196289,-1.0,0.0003027179336640984,0.0,DQN_RND,0.01,0.99,mountaincar,dense
9,258,-200.0,200,2.192507266998291,-1.0,0.00037307816091924906,0.0,DQN_RND,0.01,0.99,mountaincar,dense
9,259,-200.0,200,0.8785321712493896,-1.0,0.0003107554803136736,0.0,DQN_RND,0.01,0.99,mountaincar,dense
9,260,-200.0,200,0.7765629291534424,-1.0,0.0003206183610018343,0.0,DQN_RND,0.01,0.99,mountaincar,dense
9,261,-200.0,200,1.8311574459075928,-1.0,0.0003181433130521327,0.0,DQN_RND,0.01,0.99,mountaincar,dense
9,262,-200.0,200,2.3786110877990723,-1.0,0.0002537051332183182,0.0,DQN_RND,0.01,0.99,mountaincar,dense
9,263,-200.0,200,1.1817309856414795,-1.0,0.0003593963338062167,0.0,DQN_RND,0.01,0.99,mountaincar,dense
9,264,-200.0,200,1.7858669757843018,-1.0,0.00024634439614601433,0.0,DQN_RND,0.01,0.99,mountaincar,dense
9,265,-200.0,200,1.6816434860229492,-1.0,0.00041500042425468564,0.0,DQN_RND,0.01,0.99,mountaincar,dense
9,266,-200.0,200,3.2638049125671387,-1.0,0.0003486770438030362,0.0,DQN_RND,0.01,0.99,mountaincar,dense
9,267,-200.0,200,3.552419662475586,-1.0,0.00030758290085941553,0.0,DQN_RND,0.01,0.99,mountaincar,dense
9,268,-200.0,200,1.725088357925415,-1.0,0.00037148891715332866,0.0,DQN_RND,0.01,0.99,mountaincar,dense
9,269,-200.0,200,1.8728880882263184,-1.0,0.00035547229344956577,0.0,DQN_RND,0.01,0.99,mountaincar,dense
9,270,-200.0,200,1.188344120979309,-1.0,0.00031220371602103114,0.0,DQN_RND,0.01,0.99,mountaincar,dense
9,271,-200.0,200,1.0446093082427979,-1.0,0.0002476716472301632,0.0,DQN_RND,0.01,0.99,mountaincar,dense
9,272,-200.0,200,2.4409403800964355,-1.0,0.00035792196285910904,0.0,DQN_RND,0.01,0.99,mountaincar,dense
9,273,-200.0,200,2.8779847621917725,-1.0,0.00023344930377788842,0.0,DQN_RND,0.01,0.99,mountaincar,dense
9,274,-200.0,200,2.3908841609954834,-1.0,0.00029515146161429584,0.0,DQN_RND,0.01,0.99,mountaincar,dense
9,275,-200.0,200,2.4672513008117676,-1.0,0.0002911646733991802,0.0,DQN_RND,0.01,0.99,mountaincar,dense
9,276,-200.0,200,2.358968734741211,-1.0,0.00040099810576066375,0.0,DQN_RND,0.01,0.99,mountaincar,dense
9,277,-200.0,200,1.08716881275177,-1.0,0.00039518310222774744,0.0,DQN_RND,0.01,0.99,mountaincar,dense
9,278,-200.0,200,1.443167805671692,-1.0,0.00041076002526097,0.0,DQN_RND,0.01,0.99,mountaincar,dense
9,279,-200.0,200,2.283327341079712,-1.0,0.0002902890555560589,0.0,DQN_RND,0.01,0.99,mountaincar,dense
9,280,-200.0,200,1.6056755781173706,-1.0,0.0003438601561356336,0.0,DQN_RND,0.01,0.99,mountaincar,dense
9,281,-200.0,200,8.784446716308594,-1.0,0.000300825631711632,0.0,DQN_RND,0.01,0.99,mountaincar,dense
9,282,-200.0,200,6.615679740905762,-1.0,0.00036465830635279417,0.0,DQN_RND,0.01,0.99,mountaincar,dense
9,283,-200.0,200,12.870439529418945,-1.0,0.00025286126765422523,0.0,DQN_RND,0.01,0.99,mountaincar,dense
9,284,-200.0,200,1.3186348676681519,-1.0,0.0002687017840798944,0.0,DQN_RND,0.01,0.99,mountaincar,dense
9,285,-200.0,200,0.004997638985514641,-1.0,0.00028768161428160965,0.0,DQN_RND,0.01,0.99,mountaincar,dense
9,286,-200.0,200,0.42625993490219116,-1.0,0.0002739875635597855,0.0,DQN_RND,0.01,0.99,mountaincar,dense
9,287,-200.0,200,1.5612401962280273,-1.0,0.0002923888969235122,0.0,DQN_RND,0.01,0.99,mountaincar,dense
9,288,-200.0,200,2.3559839725494385,-1.0,0.00023566762683913112,0.0,DQN_RND,0.01,0.99,mountaincar,dense
9,289,-200.0,200,1.5041712522506714,-1.0,0.00024639832554385066,0.0,DQN_RND,0.01,0.99,mountaincar,dense
9,290,-200.0,200,1.500154733657837,-1.0,0.0002829634759109467,0.0,DQN_RND,0.01,0.99,mountaincar,dense
9,291,-200.0,200,1.0063587427139282,-1.0,0.0003679014043882489,0.0,DQN_RND,0.01,0.99,mountaincar,dense
9,292,-200.0,200,0.7497714757919312,-1.0,0.00038553294143639505,0.0,DQN_RND,0.01,0.99,mountaincar,dense
9,293,-200.0,200,0.8453472852706909,-1.0,0.00028447044314816594,0.0,DQN_RND,0.01,0.99,mountaincar,dense
9,294,-200.0,200,4.612785339355469,-1.0,0.0002722675271797925,0.0,DQN_RND,0.01,0.99,mountaincar,dense
9,295,-200.0,200,7.1405134201049805,-1.0,0.0002626158529892564,0.0,DQN_RND,0.01,0.99,mountaincar,dense
9,296,-200.0,200,1.41715669631958,-1.0,0.00024721879162825644,0.0,DQN_RND,0.01,0.99,mountaincar,dense
9,297,-200.0,200,0.02025746926665306,-1.0,0.0002938799443654716,0.0,DQN_RND,0.01,0.99,mountaincar,dense
9,298,-200.0,200,2.330766201019287,-1.0,0.00025122941588051617,0.0,DQN_RND,0.01,0.99,mountaincar,dense
9,299,-200.0,200,1.4995354413986206,-1.0,0.00025646656285971403,0.0,DQN_RND,0.01,0.99,mountaincar,dense
9,300,-200.0,200,4.652246952056885,-1.0,0.0003864338796120137,0.0,DQN_RND,0.01,0.99,mountaincar,dense
9,301,-200.0,200,1.2852044105529785,-1.0,0.0002965804887935519,0.0,DQN_RND,0.01,0.99,mountaincar,dense
9,302,-200.0,200,0.7205308675765991,-1.0,0.0003996192535851151,0.0,DQN_RND,0.01,0.99,mountaincar,dense
9,303,-200.0,200,0.7079554200172424,-1.0,0.00029509313753806055,0.0,DQN_RND,0.01,0.99,mountaincar,dense
9,304,-200.0,200,2.3136863708496094,-1.0,0.0002602800086606294,0.0,DQN_RND,0.01,0.99,mountaincar,dense
9,305,-200.0,200,1.3401472568511963,-1.0,0.00028812341042794287,0.0,DQN_RND,0.01,0.99,mountaincar,dense
9,306,-200.0,200,0.356087863445282,-1.0,0.00028967237449251115,0.0,DQN_RND,0.01,0.99,mountaincar,dense
9,307,-200.0,200,1.0108938217163086,-1.0,0.00028207211289554834,0.0,DQN_RND,0.01,0.99,mountaincar,dense
9,308,-200.0,200,2.877668619155884,-1.0,0.00023906368005555123,0.0,DQN_RND,0.01,0.99,mountaincar,dense
9,309,-200.0,200,3.7555465698242188,-1.0,0.00022447829542215914,0.0,DQN_RND,0.01,0.99,mountaincar,dense
9,310,-200.0,200,2.2591052055358887,-1.0,0.0002731708809733391,0.0,DQN_RND,0.01,0.99,mountaincar,dense
9,311,-200.0,200,2.8478662967681885,-1.0,0.00026057756622321904,0.0,DQN_RND,0.01,0.99,mountaincar,dense
9,312,-200.0,200,0.14481817185878754,-1.0,0.00023647274065297097,0.0,DQN_RND,0.01,0.99,mountaincar,dense
9,313,-200.0,200,1.0478410720825195,-1.0,0.00029424665262922645,0.0,DQN_RND,0.01,0.99,mountaincar,dense
9,314,-200.0,200,1.1301960945129395,-1.0,0.0003020068979822099,0.0,DQN_RND,0.01,0.99,mountaincar,dense
9,315,-200.0,200,4.355665683746338,-1.0,0.00036347410059534013,0.0,DQN_RND,0.01,0.99,mountaincar,dense
9,316,-200.0,200,3.2970800399780273,-1.0,0.0002237416192656383,0.0,DQN_RND,0.01,0.99,mountaincar,dense
9,317,-200.0,200,3.5986433029174805,-1.0,0.00022662320407107472,0.0,DQN_RND,0.01,0.99,mountaincar,dense
9,318,-200.0,200,2.439784049987793,-1.0,0.0002857745566871017,0.0,DQN_RND,0.01,0.99,mountaincar,dense
9,319,-200.0,200,1.8888208866119385,-1.0,0.0003215234901290387,0.0,DQN_RND,0.01,0.99,mountaincar,dense
9,320,-200.0,200,3.7400858402252197,-1.0,0.0002892027550842613,0.0,DQN_RND,0.01,0.99,mountaincar,dense
9,321,-200.0,200,1.0081464052200317,-1.0,0.0003488013462629169,0.0,DQN_RND,0.01,0.99,mountaincar,dense
9,322,-200.0,200,3.413011312484741,-1.0,0.0003711371391545981,0.0,DQN_RND,0.01,0.99,mountaincar,dense
9,323,-200.0,200,10.660945892333984,-1.0,0.00028515580925159156,0.0,DQN_RND,0.01,0.99,mountaincar,dense
9,324,-200.0,200,0.12401803582906723,-1.0,0.00029213735251687467,0.0,DQN_RND,0.01,0.99,mountaincar,dense
9,325,-200.0,200,0.9606069922447205,-1.0,0.0002991587680298835,0.0,DQN_RND,0.01,0.99,mountaincar,dense
9,326,-200.0,200,2.9527599811553955,-1.0,0.00023320030595641583,0.0,DQN_RND,0.01,0.99,mountaincar,dense
9,327,-200.0,200,0.9225541353225708,-1.0,0.0003308171289972961,0.0,DQN_RND,0.01,0.99,mountaincar,dense
9,328,-200.0,200,1.642989158630371,-1.0,0.00024615731672383845,0.0,DQN_RND,0.01,0.99,mountaincar,dense
9,329,-200.0,200,1.3887481689453125,-1.0,0.00024418169050477445,0.0,DQN_RND,0.01,0.99,mountaincar,dense
9,330,-200.0,200,1.850440502166748,-1.0,0.00035762751940637827,0.0,DQN_RND,0.01,0.99,mountaincar,dense
9,331,-200.0,200,0.8574169278144836,-1.0,0.0004031588905490935,0.0,DQN_RND,0.01,0.99,mountaincar,dense
9,332,-200.0,200,3.149052858352661,-1.0,0.00028974111774004996,0.0,DQN_RND,0.01,0.99,mountaincar,dense
9,333,-200.0,200,0.6374985575675964,-1.0,0.00036135062691755593,0.0,DQN_RND,0.01,0.99,mountaincar,dense
9,334,-200.0,200,2.076539993286133,-1.0,0.00024452051729895175,0.0,DQN_RND,0.01,0.99,mountaincar,dense
9,335,-200.0,200,2.3354902267456055,-1.0,0.00030658626928925514,0.0,DQN_RND,0.01,0.99,mountaincar,dense
9,336,-200.0,200,4.729718208312988,-1.0,0.000310095667373389,0.0,DQN_RND,0.01,0.99,mountaincar,dense
9,337,-200.0,200,0.8994970917701721,-1.0,0.00034228822914883494,0.0,DQN_RND,0.01,0.99,mountaincar,dense
9,338,-200.0,200,1.360575795173645,-1.0,0.0002483800344634801,0.0,DQN_RND,0.01,0.99,mountaincar,dense
9,339,-200.0,200,7.722233295440674,-1.0,0.00029669248033314943,0.0,DQN_RND,0.01,0.99,mountaincar,dense
9,340,-200.0,200,6.348697185516357,-1.0,0.00038606440648436546,0.0,DQN_RND,0.01,0.99,mountaincar,dense
9,341,-200.0,200,2.764260768890381,-1.0,0.0002902558189816773,0.0,DQN_RND,0.01,0.99,mountaincar,dense
9,342,-200.0,200,1.9149234294891357,-1.0,0.00031879960442893207,0.0,DQN_RND,0.01,0.99,mountaincar,dense
9,343,-200.0,200,0.8431073427200317,-1.0,0.0003076018183492124,0.0,DQN_RND,0.01,0.99,mountaincar,dense
9,344,-200.0,200,0.991773247718811,-1.0,0.00028871544054709375,0.0,DQN_RND,0.01,0.99,mountaincar,dense
9,345,-200.0,200,1.5749483108520508,-1.0,0.00032654491951689124,0.0,DQN_RND,0.01,0.99,mountaincar,dense
9,346,-200.0,200,2.5314104557037354,-1.0,0.00032581776031292975,0.0,DQN_RND,0.01,0.99,mountaincar,dense
9,347,-200.0,200,3.0619406700134277,-1.0,0.0002836591738741845,0.0,DQN_RND,0.01,0.99,mountaincar,dense
9,348,-200.0,200,2.180344343185425,-1.0,0.00027858963585458696,0.0,DQN_RND,0.01,0.99,mountaincar,dense
9,349,-200.0,200,1.5212135314941406,-1.0,0.00034480629255995154,0.0,DQN_RND,0.01,0.99,mountaincar,dense
9,350,-200.0,200,2.1756174564361572,-1.0,0.0002842811227310449,0.0,DQN_RND,0.01,0.99,mountaincar,dense
9,351,-200.0,200,3.4209342002868652,-1.0,0.00030138090369291604,0.0,DQN_RND,0.01,0.99,mountaincar,dense
9,352,-200.0,200,3.9361958503723145,-1.0,0.0002970022615045309,0.0,DQN_RND,0.01,0.99,mountaincar,dense
9,353,-200.0,200,3.838669776916504,-1.0,0.00029570405604317784,0.0,DQN_RND,0.01,0.99,mountaincar,dense
9,354,-200.0,200,1.319420337677002,-1.0,0.0002267682139063254,0.0,DQN_RND,0.01,0.99,mountaincar,dense
9,355,-200.0,200,4.23020076751709,-1.0,0.0002818881766870618,0.0,DQN_RND,0.01,0.99,mountaincar,dense
9,356,-200.0,200,2.6266725063323975,-1.0,0.00022047522361390293,0.0,DQN_RND,0.01,0.99,mountaincar,dense
9,357,-200.0,200,1.374461054801941,-1.0,0.0002069032925646752,0.0,DQN_RND,0.01,0.99,mountaincar,dense
9,358,-200.0,200,0.8078616857528687,-1.0,0.0003537422453518957,0.0,DQN_RND,0.01,0.99,mountaincar,dense
9,359,-200.0,200,4.717188835144043,-1.0,0.0003707862051669508,0.0,DQN_RND,0.01,0.99,mountaincar,dense
9,360,-200.0,200,3.853346347808838,-1.0,0.00023561624402645975,0.0,DQN_RND,0.01,0.99,mountaincar,dense
9,361,-200.0,200,1.2849206924438477,-1.0,0.0002650671813171357,0.0,DQN_RND,0.01,0.99,mountaincar,dense
9,362,-200.0,200,2.375095844268799,-1.0,0.00032000933424569666,0.0,DQN_RND,0.01,0.99,mountaincar,dense
9,363,-200.0,200,2.27144718170166,-1.0,0.0002390277513768524,0.0,DQN_RND,0.01,0.99,mountaincar,dense
9,364,-200.0,200,5.700217247009277,-1.0,0.00021804324933327734,0.0,DQN_RND,0.01,0.99,mountaincar,dense
9,365,-200.0,200,2.9110515117645264,-1.0,0.0002294094447279349,0.0,DQN_RND,0.01,0.99,mountaincar,dense
9,366,-200.0,200,1.1838054656982422,-1.0,0.0003487664507701993,0.0,DQN_RND,0.01,0.99,mountaincar,dense
9,367,-200.0,200,2.182277202606201,-1.0,0.0003351849736645818,0.0,DQN_RND,0.01,0.99,mountaincar,dense
9,368,-200.0,200,2.996929168701172,-1.0,0.0002849891025107354,0.0,DQN_RND,0.01,0.99,mountaincar,dense
9,369,-200.0,200,2.3978054523468018,-1.0,0.00027869088808074594,0.0,DQN_RND,0.01,0.99,mountaincar,dense
9,370,-200.0,200,3.6844887733459473,-1.0,0.00023278497974388301,0.0,DQN_RND,0.01,0.99,mountaincar,dense
9,371,-200.0,200,6.798192977905273,-1.0,0.0002774404129013419,0.0,DQN_RND,0.01,0.99,mountaincar,dense
9,372,-200.0,200,14.41187572479248,-1.0,0.0003413580416236073,0.0,DQN_RND,0.01,0.99,mountaincar,dense
9,373,-200.0,200,20.644248962402344,-1.0,0.00032093070331029594,0.0,DQN_RND,0.01,0.99,mountaincar,dense
9,374,-200.0,200,1.4849824905395508,-1.0,0.0003461227170191705,0.0,DQN_RND,0.01,0.99,mountaincar,dense
9,375,-200.0,200,0.5017791986465454,-1.0,0.000346636981703341,0.0,DQN_RND,0.01,0.99,mountaincar,dense
9,376,-200.0,200,1.194472312927246,-1.0,0.0003581921919248998,0.0,DQN_RND,0.01,0.99,mountaincar,dense
9,377,-200.0,200,1.0437712669372559,-1.0,0.00021348914015106857,0.0,DQN_RND,0.01,0.99,mountaincar,dense
9,378,-200.0,200,2.1893277168273926,-1.0,0.00033225424704141915,0.0,DQN_RND,0.01,0.99,mountaincar,dense
9,379,-200.0,200,2.9169249534606934,-1.0,0.0002743951336015016,0.0,DQN_RND,0.01,0.99,mountaincar,dense
9,380,-200.0,200,2.5822670459747314,-1.0,0.00026148659526370466,0.0,DQN_RND,0.01,0.99,mountaincar,dense
9,381,-200.0,200,1.2308598756790161,-1.0,0.0002910138282459229,0.0,DQN_RND,0.01,0.99,mountaincar,dense
9,382,-200.0,200,2.2567052841186523,-1.0,0.00021587038645520806,0.0,DQN_RND,0.01,0.99,mountaincar,dense
9,383,-200.0,200,1.175981044769287,-1.0,0.0002730543783400208,0.0,DQN_RND,0.01,0.99,mountaincar,dense
9,384,-200.0,200,0.25658106803894043,-1.0,0.00020432774908840656,0.0,DQN_RND,0.01,0.99,mountaincar,dense
9,385,-200.0,200,1.185491681098938,-1.0,0.00019518272893037647,0.0,DQN_RND,0.01,0.99,mountaincar,dense
9,386,-200.0,200,2.0675129890441895,-1.0,0.0002782153896987438,0.0,DQN_RND,0.01,0.99,mountaincar,dense
9,387,-200.0,200,1.3492114543914795,-1.0,0.00027635478181764483,0.0,DQN_RND,0.01,0.99,mountaincar,dense
9,388,-200.0,200,2.294389009475708,-1.0,0.0002381806989433244,0.0,DQN_RND,0.01,0.99,mountaincar,dense
9,389,-200.0,200,1.3082128763198853,-1.0,0.00033108843490481377,0.0,DQN_RND,0.01,0.99,mountaincar,dense
9,390,-200.0,200,0.7008517384529114,-1.0,0.0003235318581573665,0.0,DQN_RND,0.01,0.99,mountaincar,dense
9,391,-200.0,200,2.4042844772338867,-1.0,0.00022216471552383155,0.0,DQN_RND,0.01,0.99,mountaincar,dense
9,392,-200.0,200,2.3106958866119385,-1.0,0.00027382426196709275,0.0,DQN_RND,0.01,0.99,mountaincar,dense
9,393,-200.0,200,2.491095542907715,-1.0,0.00019477841851767153,0.0,DQN_RND,0.01,0.99,mountaincar,dense
9,394,-200.0,200,3.0295395851135254,-1.0,0.0003402529691811651,0.0,DQN_RND,0.01,0.99,mountaincar,dense
9,395,-200.0,200,1.145237684249878,-1.0,0.00020648461941163987,0.0,DQN_RND,0.01,0.99,mountaincar,dense
9,396,-200.0,200,1.430277943611145,-1.0,0.00037025424535386264,0.0,DQN_RND,0.01,0.99,mountaincar,dense
9,397,-200.0,200,0.8500680923461914,-1.0,0.00033722372609190643,0.0,DQN_RND,0.01,0.99,mountaincar,dense
9,398,-200.0,200,2.272213935852051,-1.0,0.0003324586432427168,0.0,DQN_RND,0.01,0.99,mountaincar,dense
9,399,-200.0,200,1.0887150764465332,-1.0,0.000265542883425951,0.0,DQN_RND,0.01,0.99,mountaincar,dense
9,400,-200.0,200,0.8174074292182922,-1.0,0.0003264926781412214,0.0,DQN_RND,0.01,0.99,mountaincar,dense
9,401,-200.0,200,1.594470500946045,-1.0,0.00027073940145783126,0.0,DQN_RND,0.01,0.99,mountaincar,dense
9,402,-200.0,200,1.7300565242767334,-1.0,0.0003394366067368537,0.0,DQN_RND,0.01,0.99,mountaincar,dense
9,403,-200.0,200,1.6343870162963867,-1.0,0.0003501528699416667,0.0,DQN_RND,0.01,0.99,mountaincar,dense
9,404,-200.0,200,0.9594325423240662,-1.0,0.00033352425089105964,0.0,DQN_RND,0.01,0.99,mountaincar,dense
9,405,-200.0,200,1.6459604501724243,-1.0,0.0002722530043683946,0.0,DQN_RND,0.01,0.99,mountaincar,dense
9,406,-200.0,200,2.2279000282287598,-1.0,0.0003381051938049495,0.0,DQN_RND,0.01,0.99,mountaincar,dense
9,407,-200.0,200,8.536439895629883,-1.0,0.0003523532359395176,0.0,DQN_RND,0.01,0.99,mountaincar,dense
9,408,-200.0,200,18.935874938964844,-1.0,0.0002158922143280506,0.0,DQN_RND,0.01,0.99,mountaincar,dense
9,409,-200.0,200,1.1213080883026123,-1.0,0.00018168181122746319,0.0,DQN_RND,0.01,0.99,mountaincar,dense
9,410,-200.0,200,0.5675382614135742,-1.0,0.00020113230857532471,0.0,DQN_RND,0.01,0.99,mountaincar,dense
9,411,-200.0,200,1.3045154809951782,-1.0,0.0003376890963409096,0.0,DQN_RND,0.01,0.99,mountaincar,dense
9,412,-200.0,200,1.7656033039093018,-1.0,0.00020804077212233096,0.0,DQN_RND,0.01,0.99,mountaincar,dense
9,413,-200.0,200,1.7742313146591187,-1.0,0.00019647162116598338,0.0,DQN_RND,0.01,0.99,mountaincar,dense
9,414,-200.0,200,0.9413105845451355,-1.0,0.00023134713410399854,0.0,DQN_RND,0.01,0.99,mountaincar,dense
9,415,-200.0,200,1.2349361181259155,-1.0,0.00037408454227261245,0.0,DQN_RND,0.01,0.99,mountaincar,dense
9,416,-200.0,200,2.969813585281372,-1.0,0.0002704021753743291,0.0,DQN_RND,0.01,0.99,mountaincar,dense
9,417,-200.0,200,0.7619614005088806,-1.0,0.00027345147100277245,0.0,DQN_RND,0.01,0.99,mountaincar,dense
9,418,-200.0,200,2.3157198429107666,-1.0,0.0002692051639314741,0.0,DQN_RND,0.01,0.99,mountaincar,dense
9,419,-200.0,200,1.9327208995819092,-1.0,0.0002764436649158597,0.0,DQN_RND,0.01,0.99,mountaincar,dense
9,420,-200.0,200,2.4666621685028076,-1.0,0.0003172166470903903,0.0,DQN_RND,0.01,0.99,mountaincar,dense
9,421,-200.0,200,5.477808952331543,-1.0,0.00019725252059288323,0.0,DQN_RND,0.01,0.99,mountaincar,dense
9,422,-200.0,200,4.925199508666992,-1.0,0.0002564879832789302,0.0,DQN_RND,0.01,0.99,mountaincar,dense
9,423,-200.0,200,5.229983329772949,-1.0,0.0002660469035618007,0.0,DQN_RND,0.01,0.99,mountaincar,dense
9,424,-200.0,200,2.3690271377563477,-1.0,0.00027302783564664423,0.0,DQN_RND,0.01,0.99,mountaincar,dense
9,425,-200.0,200,1.4509525299072266,-1.0,0.0002451940381433815,0.0,DQN_RND,0.01,0.99,mountaincar,dense
9,426,-200.0,200,5.127223491668701,-1.0,0.0003342188138049096,0.0,DQN_RND,0.01,0.99,mountaincar,dense
9,427,-200.0,200,1.4848849773406982,-1.0,0.00026661274023354053,0.0,DQN_RND,0.01,0.99,mountaincar,dense
9,428,-200.0,200,2.113987922668457,-1.0,0.00020801850769203156,0.0,DQN_RND,0.01,0.99,mountaincar,dense
9,429,-200.0,200,2.796020746231079,-1.0,0.0003585094236768782,0.0,DQN_RND,0.01,0.99,mountaincar,dense
9,430,-200.0,200,2.4215526580810547,-1.0,0.00036850126343779266,0.0,DQN_RND,0.01,0.99,mountaincar,dense
9,431,-200.0,200,1.6398937702178955,-1.0,0.00020235564443282783,0.0,DQN_RND,0.01,0.99,mountaincar,dense
9,432,-200.0,200,1.590085506439209,-1.0,0.0002529663615860045,0.0,DQN_RND,0.01,0.99,mountaincar,dense
9,433,-200.0,200,1.221970796585083,-1.0,0.000338020792696625,0.0,DQN_RND,0.01,0.99,mountaincar,dense
9,434,-200.0,200,5.045807838439941,-1.0,0.00018474999524187297,0.0,DQN_RND,0.01,0.99,mountaincar,dense
9,435,-200.0,200,3.492955207824707,-1.0,0.0002593303215689957,0.0,DQN_RND,0.01,0.99,mountaincar,dense
9,436,-200.0,200,3.080850839614868,-1.0,0.0002562335575930774,0.0,DQN_RND,0.01,0.99,mountaincar,dense
9,437,-200.0,200,4.615204811096191,-1.0,0.00020197249250486493,0.0,DQN_RND,0.01,0.99,mountaincar,dense
9,438,-200.0,200,3.0206706523895264,-1.0,0.00020191785006318241,0.0,DQN_RND,0.01,0.99,mountaincar,dense
9,439,-200.0,200,2.573389768600464,-1.0,0.00020408187992870808,0.0,DQN_RND,0.01,0.99,mountaincar,dense
9,440,-200.0,200,5.150382995605469,-1.0,0.0002539082779549062,0.0,DQN_RND,0.01,0.99,mountaincar,dense
9,441,-200.0,200,1.5059077739715576,-1.0,0.0004193537461105734,0.0,DQN_RND,0.01,0.99,mountaincar,dense
9,442,-200.0,200,1.7530452013015747,-1.0,0.00037945277290418744,0.0,DQN_RND,0.01,0.99,mountaincar,dense
9,443,-200.0,200,1.5904006958007812,-1.0,0.0002499155525583774,0.0,DQN_RND,0.01,0.99,mountaincar,dense
9,444,-200.0,200,3.1620683670043945,-1.0,0.00019574393809307367,0.0,DQN_RND,0.01,0.99,mountaincar,dense
9,445,-200.0,200,1.791276216506958,-1.0,0.0003605844685807824,0.0,DQN_RND,0.01,0.99,mountaincar,dense
9,446,-200.0,200,3.8984196186065674,-1.0,0.00033947749761864543,0.0,DQN_RND,0.01,0.99,mountaincar,dense
9,447,-200.0,200,0.9426881074905396,-1.0,0.00035950730671174824,0.0,DQN_RND,0.01,0.99,mountaincar,dense
9,448,-200.0,200,0.38245606422424316,-1.0,0.00019365207117516547,0.0,DQN_RND,0.01,0.99,mountaincar,dense
9,449,-200.0,200,2.545870304107666,-1.0,0.000266567018115893,0.0,DQN_RND,0.01,0.99,mountaincar,dense
9,450,-200.0,200,1.1682212352752686,-1.0,0.000246887473622337,0.0,DQN_RND,0.01,0.99,mountaincar,dense
9,451,-200.0,200,2.487513542175293,-1.0,0.00041082315146923065,0.0,DQN_RND,0.01,0.99,mountaincar,dense
9,452,-200.0,200,3.028439521789551,-1.0,0.0003539389290381223,0.0,DQN_RND,0.01,0.99,mountaincar,dense
9,453,-200.0,200,1.733245611190796,-1.0,0.00031441537430509925,0.0,DQN_RND,0.01,0.99,mountaincar,dense
9,454,-200.0,200,2.4513497352600098,-1.0,0.0002587490889709443,0.0,DQN_RND,0.01,0.99,mountaincar,dense
9,455,-200.0,200,1.7526063919067383,-1.0,0.00033051855280064046,0.0,DQN_RND,0.01,0.99,mountaincar,dense
9,456,-200.0,200,1.0531357526779175,-1.0,0.0003630299761425704,0.0,DQN_RND,0.01,0.99,mountaincar,dense
9,457,-200.0,200,2.5541129112243652,-1.0,0.00031613046303391457,0.0,DQN_RND,0.01,0.99,mountaincar,dense
9,458,-200.0,200,3.4552721977233887,-1.0,0.0003438331186771393,0.0,DQN_RND,0.01,0.99,mountaincar,dense
9,459,-200.0,200,3.1944737434387207,-1.0,0.00019710113701876253,0.0,DQN_RND,0.01,0.99,mountaincar,dense
9,460,-200.0,200,5.029145240783691,-1.0,0.0002567850751802325,0.0,DQN_RND,0.01,0.99,mountaincar,dense
9,461,-200.0,200,1.7298295497894287,-1.0,0.00024282719823531806,0.0,DQN_RND,0.01,0.99,mountaincar,dense
9,462,-200.0,200,0.9937143325805664,-1.0,0.0002549725759308785,0.0,DQN_RND,0.01,0.99,mountaincar,dense
9,463,-200.0,200,4.0200934410095215,-1.0,0.00034212099853903055,0.0,DQN_RND,0.01,0.99,mountaincar,dense
9,464,-200.0,200,2.832650899887085,-1.0,0.0002063632564386353,0.0,DQN_RND,0.01,0.99,mountaincar,dense
9,465,-200.0,200,2.1552553176879883,-1.0,0.00036692284629680216,0.0,DQN_RND,0.01,0.99,mountaincar,dense
9,466,-200.0,200,2.5320487022399902,-1.0,0.00017862390086520463,0.0,DQN_RND,0.01,0.99,mountaincar,dense
9,467,-200.0,200,0.7964820265769958,-1.0,0.00020306611259002239,0.0,DQN_RND,0.01,0.99,mountaincar,dense
9,468,-200.0,200,3.7430052757263184,-1.0,0.0003289010201115161,0.0,DQN_RND,0.01,0.99,mountaincar,dense
9,469,-200.0,200,3.899153709411621,-1.0,0.00028062384808436036,0.0,DQN_RND,0.01,0.99,mountaincar,dense
9,470,-200.0,200,1.6184723377227783,-1.0,0.0003386760363355279,0.0,DQN_RND,0.01,0.99,mountaincar,dense
9,471,-200.0,200,3.21272349357605,-1.0,0.0002504129952285439,0.0,DQN_RND,0.01,0.99,mountaincar,dense
9,472,-200.0,200,0.7596839666366577,-1.0,0.00026246998459100723,0.0,DQN_RND,0.01,0.99,mountaincar,dense
9,473,-200.0,200,3.0524213314056396,-1.0,0.00022389426885638386,0.0,DQN_RND,0.01,0.99,mountaincar,dense
9,474,-200.0,200,3.240316867828369,-1.0,0.0003547548840288073,0.0,DQN_RND,0.01,0.99,mountaincar,dense
9,475,-200.0,200,3.308151960372925,-1.0,0.0002653759438544512,0.0,DQN_RND,0.01,0.99,mountaincar,dense
9,476,-200.0,200,2.9434263706207275,-1.0,0.00017509057943243533,0.0,DQN_RND,0.01,0.99,mountaincar,dense
9,477,-200.0,200,1.5486149787902832,-1.0,0.00024768951698206365,0.0,DQN_RND,0.01,0.99,mountaincar,dense
9,478,-200.0,200,5.717036247253418,-1.0,0.00019137380877509713,0.0,DQN_RND,0.01,0.99,mountaincar,dense
9,479,-200.0,200,2.9842746257781982,-1.0,0.00034357249387539923,0.0,DQN_RND,0.01,0.99,mountaincar,dense
9,480,-200.0,200,2.7251782417297363,-1.0,0.00018097310385201126,0.0,DQN_RND,0.01,0.99,mountaincar,dense
9,481,-200.0,200,0.17889375984668732,-1.0,0.00017186393961310387,0.0,DQN_RND,0.01,0.99,mountaincar,dense
9,482,-200.0,200,0.046245913952589035,-1.0,0.00033569845254532993,0.0,DQN_RND,0.01,0.99,mountaincar,dense
9,483,-200.0,200,1.4172552824020386,-1.0,0.00023585738381370902,0.0,DQN_RND,0.01,0.99,mountaincar,dense
9,484,-200.0,200,4.552918910980225,-1.0,0.00017516774823889136,0.0,DQN_RND,0.01,0.99,mountaincar,dense
9,485,-200.0,200,5.4210734367370605,-1.0,0.0002524197625461966,0.0,DQN_RND,0.01,0.99,mountaincar,dense
9,486,-200.0,200,1.723499059677124,-1.0,0.00020443381799850613,0.0,DQN_RND,0.01,0.99,mountaincar,dense
9,487,-200.0,200,3.4632537364959717,-1.0,0.00032689888030290604,0.0,DQN_RND,0.01,0.99,mountaincar,dense
9,488,-200.0,200,2.168484687805176,-1.0,0.0003281875979155302,0.0,DQN_RND,0.01,0.99,mountaincar,dense
9,489,-200.0,200,2.205861806869507,-1.0,0.00016332101949956268,0.0,DQN_RND,0.01,0.99,mountaincar,dense
9,490,-200.0,200,3.4240331649780273,-1.0,0.00017712720728013664,0.0,DQN_RND,0.01,0.99,mountaincar,dense
9,491,-200.0,200,1.228999376296997,-1.0,0.00039205464418046176,0.0,DQN_RND,0.01,0.99,mountaincar,dense
9,492,-200.0,200,1.929754614830017,-1.0,0.0002493272186256945,0.0,DQN_RND,0.01,0.99,mountaincar,dense
9,493,-200.0,200,2.244675874710083,-1.0,0.0002481186529621482,0.0,DQN_RND,0.01,0.99,mountaincar,dense
9,494,-200.0,200,2.606999397277832,-1.0,0.00030863756546750665,0.0,DQN_RND,0.01,0.99,mountaincar,dense
9,495,-200.0,200,2.9651262760162354,-1.0,0.00017068188753910363,0.0,DQN_RND,0.01,0.99,mountaincar,dense
9,496,-200.0,200,3.5611207485198975,-1.0,0.0002011101460084319,0.0,DQN_RND,0.01,0.99,mountaincar,dense
9,497,-200.0,200,4.7382097244262695,-1.0,0.00025500517222099006,0.0,DQN_RND,0.01,0.99,mountaincar,dense
9,498,-200.0,200,3.090487241744995,-1.0,0.0002387702843407169,0.0,DQN_RND,0.01,0.99,mountaincar,dense
9,499,-200.0,200,1.4404726028442383,-1.0,0.0002653426490724087,0.0,DQN_RND,0.01,0.99,mountaincar,dense
9,500,-200.0,200,2.7966456413269043,-1.0,0.00018829945474863052,0.0,DQN_RND,0.01,0.99,mountaincar,dense
9,501,-200.0,200,2.291212320327759,-1.0,0.0002501322014722973,0.0,DQN_RND,0.01,0.99,mountaincar,dense
9,502,-200.0,200,0.7786157131195068,-1.0,0.00017848931020125747,0.0,DQN_RND,0.01,0.99,mountaincar,dense
9,503,-200.0,200,3.876584768295288,-1.0,0.00018048805941361934,0.0,DQN_RND,0.01,0.99,mountaincar,dense
9,504,-200.0,200,2.903597593307495,-1.0,0.00016862194752320647,0.0,DQN_RND,0.01,0.99,mountaincar,dense
9,505,-200.0,200,1.386309027671814,-1.0,0.00034982027136720717,0.0,DQN_RND,0.01,0.99,mountaincar,dense
9,506,-200.0,200,2.6583456993103027,-1.0,0.0002509508340153843,0.0,DQN_RND,0.01,0.99,mountaincar,dense
9,507,-200.0,200,2.1166367530822754,-1.0,0.0002378551580477506,0.0,DQN_RND,0.01,0.99,mountaincar,dense
9,508,-200.0,200,1.5055363178253174,-1.0,0.00018530200759414583,0.0,DQN_RND,0.01,0.99,mountaincar,dense
9,509,-200.0,200,1.601364016532898,-1.0,0.00034875920391641557,0.0,DQN_RND,0.01,0.99,mountaincar,dense
9,510,-200.0,200,4.0646891593933105,-1.0,0.0003450663934927434,0.0,DQN_RND,0.01,0.99,mountaincar,dense
9,511,-200.0,200,2.843205213546753,-1.0,0.0001850124099291861,0.0,DQN_RND,0.01,0.99,mountaincar,dense
9,512,-200.0,200,0.18072499334812164,-1.0,0.00023766934464219958,0.0,DQN_RND,0.01,0.99,mountaincar,dense
9,513,-200.0,200,3.65647554397583,-1.0,0.00037958368193358183,0.0,DQN_RND,0.01,0.99,mountaincar,dense
9,514,-200.0,200,1.7573751211166382,-1.0,0.00019144953694194555,0.0,DQN_RND,0.01,0.99,mountaincar,dense
9,515,-200.0,200,2.325265884399414,-1.0,0.0001867330283857882,0.0,DQN_RND,0.01,0.99,mountaincar,dense
9,516,-200.0,200,2.37077260017395,-1.0,0.0001733511599013582,0.0,DQN_RND,0.01,0.99,mountaincar,dense
9,517,-200.0,200,2.249849796295166,-1.0,0.00036640180042013526,0.0,DQN_RND,0.01,0.99,mountaincar,dense
9,518,-200.0,200,4.81646728515625,-1.0,0.0003199758939445019,0.0,DQN_RND,0.01,0.99,mountaincar,dense
9,519,-200.0,200,1.8192307949066162,-1.0,0.00034653296461328864,0.0,DQN_RND,0.01,0.99,mountaincar,dense
9,520,-200.0,200,3.8811087608337402,-1.0,0.00024415747611783445,0.0,DQN_RND,0.01,0.99,mountaincar,dense
9,521,-200.0,200,3.8566250801086426,-1.0,0.00022490617993753403,0.0,DQN_RND,0.01,0.99,mountaincar,dense
9,522,-200.0,200,1.6615732908248901,-1.0,0.0002544342423789203,0.0,DQN_RND,0.01,0.99,mountaincar,dense
9,523,-200.0,200,2.283047914505005,-1.0,0.00025808936334215105,0.0,DQN_RND,0.01,0.99,mountaincar,dense
9,524,-200.0,200,2.352296829223633,-1.0,0.00016420423344243318,0.0,DQN_RND,0.01,0.99,mountaincar,dense
9,525,-200.0,200,3.7027149200439453,-1.0,0.00022579044161830097,0.0,DQN_RND,0.01,0.99,mountaincar,dense
9,526,-200.0,200,2.038987159729004,-1.0,0.00035870156716555357,0.0,DQN_RND,0.01,0.99,mountaincar,dense
9,527,-200.0,200,0.7237054109573364,-1.0,0.00035724020563066006,0.0,DQN_RND,0.01,0.99,mountaincar,dense
9,528,-200.0,200,0.7151849269866943,-1.0,0.00036239653127267957,0.0,DQN_RND,0.01,0.99,mountaincar,dense
9,529,-200.0,200,2.0719141960144043,-1.0,0.0001877236645668745,0.0,DQN_RND,0.01,0.99,mountaincar,dense
9,530,-200.0,200,1.4527521133422852,-1.0,0.00016445260553155094,0.0,DQN_RND,0.01,0.99,mountaincar,dense
9,531,-200.0,200,1.0870531797409058,-1.0,0.0002584159083198756,0.0,DQN_RND,0.01,0.99,mountaincar,dense
9,532,-200.0,200,2.225098133087158,-1.0,0.0002479753165971488,0.0,DQN_RND,0.01,0.99,mountaincar,dense
9,533,-200.0,200,2.6547188758850098,-1.0,0.00016961754590738565,0.0,DQN_RND,0.01,0.99,mountaincar,dense
9,534,-200.0,200,1.7536633014678955,-1.0,0.00025388263748027384,0.0,DQN_RND,0.01,0.99,mountaincar,dense
9,535,-200.0,200,3.4179539680480957,-1.0,0.00037988543044775724,0.0,DQN_RND,0.01,0.99,mountaincar,dense
9,536,-200.0,200,0.2949865460395813,-1.0,0.0001644796138862148,0.0,DQN_RND,0.01,0.99,mountaincar,dense
9,537,-200.0,200,2.052964925765991,-1.0,0.0003991372650489211,0.0,DQN_RND,0.01,0.99,mountaincar,dense
9,538,-200.0,200,3.203275442123413,-1.0,0.00031917239539325237,0.0,DQN_RND,0.01,0.99,mountaincar,dense
9,539,-200.0,200,2.7135839462280273,-1.0,0.00015860078565310687,0.0,DQN_RND,0.01,0.99,mountaincar,dense
9,540,-200.0,200,3.5356335639953613,-1.0,0.00024500396102666855,0.0,DQN_RND,0.01,0.99,mountaincar,dense
9,541,-200.0,200,0.4728125035762787,-1.0,0.00016977063205558807,0.0,DQN_RND,0.01,0.99,mountaincar,dense
9,542,-200.0,200,1.0281566381454468,-1.0,0.00032480520894750953,0.0,DQN_RND,0.01,0.99,mountaincar,dense
9,543,-200.0,200,3.07619571685791,-1.0,0.00034413294633850455,0.0,DQN_RND,0.01,0.99,mountaincar,dense
9,544,-200.0,200,2.4962472915649414,-1.0,0.0001680268469499424,0.0,DQN_RND,0.01,0.99,mountaincar,dense
9,545,-200.0,200,0.919765055179596,-1.0,0.00016304838936775923,0.0,DQN_RND,0.01,0.99,mountaincar,dense
9,546,-200.0,200,2.872830390930176,-1.0,0.00023259715817403048,0.0,DQN_RND,0.01,0.99,mountaincar,dense
9,547,-200.0,200,6.662071228027344,-1.0,0.00016200903337448835,0.0,DQN_RND,0.01,0.99,mountaincar,dense
9,548,-200.0,200,4.947115421295166,-1.0,0.0004026182577945292,0.0,DQN_RND,0.01,0.99,mountaincar,dense
9,549,-200.0,200,1.074280858039856,-1.0,0.00032108399318531156,0.0,DQN_RND,0.01,0.99,mountaincar,dense
9,550,-200.0,200,4.079647064208984,-1.0,0.00017768227553460747,0.0,DQN_RND,0.01,0.99,mountaincar,dense
9,551,-200.0,200,0.9606829285621643,-1.0,0.00037719999090768397,0.0,DQN_RND,0.01,0.99,mountaincar,dense
9,552,-200.0,200,2.544745445251465,-1.0,0.0003406334144528955,0.0,DQN_RND,0.01,0.99,mountaincar,dense
9,553,-200.0,200,1.401258945465088,-1.0,0.00024300723453052342,0.0,DQN_RND,0.01,0.99,mountaincar,dense
9,554,-200.0,200,2.714207887649536,-1.0,0.00022924828226678073,0.0,DQN_RND,0.01,0.99,mountaincar,dense
9,555,-200.0,200,4.622220993041992,-1.0,0.00022313887893687934,0.0,DQN_RND,0.01,0.99,mountaincar,dense
9,556,-200.0,200,4.759381294250488,-1.0,0.00017307880625594407,0.0,DQN_RND,0.01,0.99,mountaincar,dense
9,557,-200.0,200,2.2303483486175537,-1.0,0.00034686815342865884,0.0,DQN_RND,0.01,0.99,mountaincar,dense
9,558,-200.0,200,2.790297508239746,-1.0,0.00034403844620101154,0.0,DQN_RND,0.01,0.99,mountaincar,dense
9,559,-200.0,200,1.1865066289901733,-1.0,0.00017092247435357422,0.0,DQN_RND,0.01,0.99,mountaincar,dense
9,560,-200.0,200,2.7960634231567383,-1.0,0.00015600923507008702,0.0,DQN_RND,0.01,0.99,mountaincar,dense
9,561,-200.0,200,1.4102026224136353,-1.0,0.00040910232928581536,0.0,DQN_RND,0.01,0.99,mountaincar,dense
9,562,-200.0,200,2.0934600830078125,-1.0,0.0003522100450936705,0.0,DQN_RND,0.01,0.99,mountaincar,dense
9,563,-200.0,200,2.3807857036590576,-1.0,0.00016388317453674972,0.0,DQN_RND,0.01,0.99,mountaincar,dense
9,564,-200.0,200,3.159632682800293,-1.0,0.0002385538537055254,0.0,DQN_RND,0.01,0.99,mountaincar,dense
9,565,-200.0,200,5.718367099761963,-1.0,0.00022993821767158806,0.0,DQN_RND,0.01,0.99,mountaincar,dense
9,566,-200.0,200,6.1621575355529785,-1.0,0.0003894925757776946,0.0,DQN_RND,0.01,0.99,mountaincar,dense
9,567,-200.0,200,4.465836524963379,-1.0,0.00033977688872255385,0.0,DQN_RND,0.01,0.99,mountaincar,dense
9,568,-200.0,200,0.04985922574996948,-1.0,0.00032298307633027434,0.0,DQN_RND,0.01,0.99,mountaincar,dense
9,569,-200.0,200,2.949826240539551,-1.0,0.0003646874683909118,0.0,DQN_RND,0.01,0.99,mountaincar,dense
9,570,-200.0,200,3.1030139923095703,-1.0,0.00036122972960583866,0.0,DQN_RND,0.01,0.99,mountaincar,dense
9,571,-200.0,200,2.6261932849884033,-1.0,0.00024568260414525867,0.0,DQN_RND,0.01,0.99,mountaincar,dense
9,572,-200.0,200,1.0841073989868164,-1.0,0.00022977200569584966,0.0,DQN_RND,0.01,0.99,mountaincar,dense
9,573,-200.0,200,3.3187317848205566,-1.0,0.00016635445354040712,0.0,DQN_RND,0.01,0.99,mountaincar,dense
9,574,-200.0,200,1.6612999439239502,-1.0,0.00015240073844324797,0.0,DQN_RND,0.01,0.99,mountaincar,dense
9,575,-200.0,200,1.7937912940979004,-1.0,0.00033261856879107654,0.0,DQN_RND,0.01,0.99,mountaincar,dense
9,576,-200.0,200,0.4761677086353302,-1.0,0.00016585431876592338,0.0,DQN_RND,0.01,0.99,mountaincar,dense
9,577,-200.0,200,5.531359672546387,-1.0,0.00036358818761073053,0.0,DQN_RND,0.01,0.99,mountaincar,dense
9,578,-200.0,200,4.638566017150879,-1.0,0.00023486127611249685,0.0,DQN_RND,0.01,0.99,mountaincar,dense
9,579,-200.0,200,3.8667993545532227,-1.0,0.00015810625336598605,0.0,DQN_RND,0.01,0.99,mountaincar,dense
9,580,-200.0,200,0.9852675199508667,-1.0,0.0003230324946343899,0.0,DQN_RND,0.01,0.99,mountaincar,dense
9,581,-200.0,200,2.6676862239837646,-1.0,0.0003067202342208475,0.0,DQN_RND,0.01,0.99,mountaincar,dense
9,582,-200.0,200,3.1705994606018066,-1.0,0.00014947792806196958,0.0,DQN_RND,0.01,0.99,mountaincar,dense
9,583,-200.0,200,1.0072298049926758,-1.0,0.00015224673552438617,0.0,DQN_RND,0.01,0.99,mountaincar,dense
9,584,-200.0,200,2.126246929168701,-1.0,0.0003309341554995626,0.0,DQN_RND,0.01,0.99,mountaincar,dense
9,585,-200.0,200,2.1377389430999756,-1.0,0.00031816965201869607,0.0,DQN_RND,0.01,0.99,mountaincar,dense
9,586,-200.0,200,1.8373750448226929,-1.0,0.00031902213231660426,0.0,DQN_RND,0.01,0.99,mountaincar,dense
9,587,-200.0,200,3.4580063819885254,-1.0,0.00015599749167449772,0.0,DQN_RND,0.01,0.99,mountaincar,dense
9,588,-200.0,200,9.401172637939453,-1.0,0.00033296566107310355,0.0,DQN_RND,0.01,0.99,mountaincar,dense
9,589,-200.0,200,1.2646276950836182,-1.0,0.0001502250524936244,0.0,DQN_RND,0.01,0.99,mountaincar,dense
9,590,-200.0,200,1.900209903717041,-1.0,0.00023038206563796848,0.0,DQN_RND,0.01,0.99,mountaincar,dense
9,591,-200.0,200,2.0865957736968994,-1.0,0.00014388017007149756,0.0,DQN_RND,0.01,0.99,mountaincar,dense
9,592,-200.0,200,1.934683918952942,-1.0,0.00035526591818779707,0.0,DQN_RND,0.01,0.99,mountaincar,dense
9,593,-200.0,200,1.3718657493591309,-1.0,0.00015425292076542974,0.0,DQN_RND,0.01,0.99,mountaincar,dense
9,594,-200.0,200,1.4832549095153809,-1.0,0.00022936084133107215,0.0,DQN_RND,0.01,0.99,mountaincar,dense
9,595,-200.0,200,0.8269687294960022,-1.0,0.00014996790559962392,0.0,DQN_RND,0.01,0.99,mountaincar,dense
9,596,-200.0,200,1.2353627681732178,-1.0,0.0001603118871571496,0.0,DQN_RND,0.01,0.99,mountaincar,dense
9,597,-200.0,200,0.8621186017990112,-1.0,0.0002303932560607791,0.0,DQN_RND,0.01,0.99,mountaincar,dense
9,598,-200.0,200,4.192349433898926,-1.0,0.00037622556556016207,0.0,DQN_RND,0.01,0.99,mountaincar,dense
9,599,-200.0,200,0.9373811483383179,-1.0,0.0002237748703919351,0.0,DQN_RND,0.01,0.99,mountaincar,dense
9,600,-200.0,200,1.7377657890319824,-1.0,0.0001520594087196514,0.0,DQN_RND,0.01,0.99,mountaincar,dense
9,601,-200.0,200,0.8545286059379578,-1.0,0.0003509999660309404,0.0,DQN_RND,0.01,0.99,mountaincar,dense
9,602,-200.0,200,1.6795148849487305,-1.0,0.00020836555631831288,0.0,DQN_RND,0.01,0.99,mountaincar,dense
9,603,-200.0,200,1.7713162899017334,-1.0,0.00015226987306959927,0.0,DQN_RND,0.01,0.99,mountaincar,dense
9,604,-200.0,200,2.3635430335998535,-1.0,0.00021302263485267758,0.0,DQN_RND,0.01,0.99,mountaincar,dense
9,605,-200.0,200,2.101768970489502,-1.0,0.00014504726277664304,0.0,DQN_RND,0.01,0.99,mountaincar,dense
9,606,-200.0,200,3.3180577754974365,-1.0,0.0001531311427243054,0.0,DQN_RND,0.01,0.99,mountaincar,dense
9,607,-200.0,200,3.4581642150878906,-1.0,0.00023486702411901206,0.0,DQN_RND,0.01,0.99,mountaincar,dense
9,608,-200.0,200,2.2082858085632324,-1.0,0.00022037669259589165,0.0,DQN_RND,0.01,0.99,mountaincar,dense
9,609,-200.0,200,2.674337863922119,-1.0,0.0003675415937323123,0.0,DQN_RND,0.01,0.99,mountaincar,dense
9,610,-200.0,200,3.894925594329834,-1.0,0.00022518745390698314,0.0,DQN_RND,0.01,0.99,mountaincar,dense
9,611,-200.0,200,2.6820011138916016,-1.0,0.00015447680198121816,0.0,DQN_RND,0.01,0.99,mountaincar,dense
9,612,-200.0,200,5.405534267425537,-1.0,0.00036357901990413666,0.0,DQN_RND,0.01,0.99,mountaincar,dense
9,613,-200.0,200,2.2256743907928467,-1.0,0.00030648455140180886,0.0,DQN_RND,0.01,0.99,mountaincar,dense
9,614,-200.0,200,1.5669372081756592,-1.0,0.0002279107429785654,0.0,DQN_RND,0.01,0.99,mountaincar,dense
9,615,-200.0,200,2.8487510681152344,-1.0,0.0003528998058754951,0.0,DQN_RND,0.01,0.99,mountaincar,dense
9,616,-200.0,200,1.5470037460327148,-1.0,0.0001470525749027729,0.0,DQN_RND,0.01,0.99,mountaincar,dense
9,617,-200.0,200,0.7552647590637207,-1.0,0.00021496365661732852,0.0,DQN_RND,0.01,0.99,mountaincar,dense
9,618,-200.0,200,0.813100278377533,-1.0,0.00021929197828285396,0.0,DQN_RND,0.01,0.99,mountaincar,dense
9,619,-200.0,200,1.962892770767212,-1.0,0.00014939163520466536,0.0,DQN_RND,0.01,0.99,mountaincar,dense
9,620,-200.0,200,3.08965802192688,-1.0,0.0003237037162762135,0.0,DQN_RND,0.01,0.99,mountaincar,dense
9,621,-200.0,200,3.8327527046203613,-1.0,0.0001324392214883119,0.0,DQN_RND,0.01,0.99,mountaincar,dense
9,622,-200.0,200,3.6481690406799316,-1.0,0.0002268687530886382,0.0,DQN_RND,0.01,0.99,mountaincar,dense
9,623,-200.0,200,1.6876002550125122,-1.0,0.00014228744839783758,0.0,DQN_RND,0.01,0.99,mountaincar,dense
9,624,-200.0,200,1.8011713027954102,-1.0,0.00023624461027793586,0.0,DQN_RND,0.01,0.99,mountaincar,dense
9,625,-200.0,200,1.6878091096878052,-1.0,0.0002147383929695934,0.0,DQN_RND,0.01,0.99,mountaincar,dense
9,626,-200.0,200,1.1520110368728638,-1.0,0.00032653287053108215,0.0,DQN_RND,0.01,0.99,mountaincar,dense
9,627,-200.0,200,3.738990306854248,-1.0,0.0001409526594216004,0.0,DQN_RND,0.01,0.99,mountaincar,dense
9,628,-200.0,200,5.1754679679870605,-1.0,0.0003961389302276075,0.0,DQN_RND,0.01,0.99,mountaincar,dense
9,629,-200.0,200,1.5352494716644287,-1.0,0.00023646738554816693,0.0,DQN_RND,0.01,0.99,mountaincar,dense
9,630,-200.0,200,0.8191293478012085,-1.0,0.00015157069719862193,0.0,DQN_RND,0.01,0.99,mountaincar,dense
9,631,-200.0,200,0.3822575807571411,-1.0,0.00022355660621542484,0.0,DQN_RND,0.01,0.99,mountaincar,dense
9,632,-200.0,200,2.688244342803955,-1.0,0.0001379421300953254,0.0,DQN_RND,0.01,0.99,mountaincar,dense
9,633,-200.0,200,4.945886611938477,-1.0,0.00021626241505146027,0.0,DQN_RND,0.01,0.99,mountaincar,dense
9,634,-200.0,200,1.6887520551681519,-1.0,0.00021982645557727665,0.0,DQN_RND,0.01,0.99,mountaincar,dense
9,635,-200.0,200,1.9859840869903564,-1.0,0.00034954771399497986,0.0,DQN_RND,0.01,0.99,mountaincar,dense
9,636,-200.0,200,1.9172024726867676,-1.0,0.0001466206304030493,0.0,DQN_RND,0.01,0.99,mountaincar,dense
9,637,-200.0,200,4.841902732849121,-1.0,0.00034527460229583085,0.0,DQN_RND,0.01,0.99,mountaincar,dense
9,638,-200.0,200,1.0492546558380127,-1.0,0.00036389767774380744,0.0,DQN_RND,0.01,0.99,mountaincar,dense
9,639,-200.0,200,3.2134833335876465,-1.0,0.00023843820963520557,0.0,DQN_RND,0.01,0.99,mountaincar,dense
9,640,-200.0,200,1.0188287496566772,-1.0,0.0001472321164328605,0.0,DQN_RND,0.01,0.99,mountaincar,dense
9,641,-200.0,200,3.219808340072632,-1.0,0.00014058430679142475,0.0,DQN_RND,0.01,0.99,mountaincar,dense
9,642,-200.0,200,0.18659183382987976,-1.0,0.00021975315758027136,0.0,DQN_RND,0.01,0.99,mountaincar,dense
9,643,-200.0,200,2.374460220336914,-1.0,0.00032632259535603225,0.0,DQN_RND,0.01,0.99,mountaincar,dense
9,644,-200.0,200,2.3876523971557617,-1.0,0.00023416959447786212,0.0,DQN_RND,0.01,0.99,mountaincar,dense
9,645,-200.0,200,1.4755754470825195,-1.0,0.00033201000769622624,0.0,DQN_RND,0.01,0.99,mountaincar,dense
9,646,-200.0,200,2.110457181930542,-1.0,0.0003603010845836252,0.0,DQN_RND,0.01,0.99,mountaincar,dense
9,647,-200.0,200,5.333465576171875,-1.0,0.00039797043427824974,0.0,DQN_RND,0.01,0.99,mountaincar,dense
9,648,-200.0,200,2.731018304824829,-1.0,0.00034045506617985666,0.0,DQN_RND,0.01,0.99,mountaincar,dense
9,649,-200.0,200,1.4079116582870483,-1.0,0.00034117657924070954,0.0,DQN_RND,0.01,0.99,mountaincar,dense
9,650,-200.0,200,3.1908233165740967,-1.0,0.00013891207345295697,0.0,DQN_RND,0.01,0.99,mountaincar,dense
9,651,-200.0,200,4.956188201904297,-1.0,0.00012642507499549538,0.0,DQN_RND,0.01,0.99,mountaincar,dense
9,652,-200.0,200,5.079555988311768,-1.0,0.00034042089828290045,0.0,DQN_RND,0.01,0.99,mountaincar,dense
9,653,-200.0,200,5.915609836578369,-1.0,0.00021487896447069943,0.0,DQN_RND,0.01,0.99,mountaincar,dense
9,654,-200.0,200,3.1503169536590576,-1.0,0.0004015407175756991,0.0,DQN_RND,0.01,0.99,mountaincar,dense
9,655,-200.0,200,2.536994457244873,-1.0,0.0002141130098607391,0.0,DQN_RND,0.01,0.99,mountaincar,dense
9,656,-200.0,200,2.405775547027588,-1.0,0.00021946810011286288,0.0,DQN_RND,0.01,0.99,mountaincar,dense
9,657,-200.0,200,3.0755269527435303,-1.0,0.00021695422765333205,0.0,DQN_RND,0.01,0.99,mountaincar,dense
9,658,-200.0,200,1.7977192401885986,-1.0,0.00036022174754180014,0.0,DQN_RND,0.01,0.99,mountaincar,dense
9,659,-200.0,200,1.5233741998672485,-1.0,0.00034687662264332175,0.0,DQN_RND,0.01,0.99,mountaincar,dense
9,660,-200.0,200,0.8114852905273438,-1.0,0.00013443129137158394,0.0,DQN_RND,0.01,0.99,mountaincar,dense
9,661,-200.0,200,5.004416465759277,-1.0,0.00013535532343667,0.0,DQN_RND,0.01,0.99,mountaincar,dense
9,662,-200.0,200,2.0502748489379883,-1.0,0.00031632560421712697,0.0,DQN_RND,0.01,0.99,mountaincar,dense
9,663,-200.0,200,0.5025220513343811,-1.0,0.00021102273603901267,0.0,DQN_RND,0.01,0.99,mountaincar,dense
9,664,-200.0,200,1.6014249324798584,-1.0,0.0001488873385824263,0.0,DQN_RND,0.01,0.99,mountaincar,dense
9,665,-200.0,200,1.7960649728775024,-1.0,0.00013081033830530941,0.0,DQN_RND,0.01,0.99,mountaincar,dense
9,666,-200.0,200,2.890186071395874,-1.0,0.00034365500323474407,0.0,DQN_RND,0.01,0.99,mountaincar,dense
9,667,-200.0,200,3.394165515899658,-1.0,0.0003726469003595412,0.0,DQN_RND,0.01,0.99,mountaincar,dense
9,668,-200.0,200,1.703201174736023,-1.0,0.0002114328817697242,0.0,DQN_RND,0.01,0.99,mountaincar,dense
9,669,-200.0,200,2.8181886672973633,-1.0,0.00037584008532576263,0.0,DQN_RND,0.01,0.99,mountaincar,dense
9,670,-200.0,200,3.343294620513916,-1.0,0.00021396750526037067,0.0,DQN_RND,0.01,0.99,mountaincar,dense
9,671,-200.0,200,1.2778842449188232,-1.0,0.00022721634013578296,0.0,DQN_RND,0.01,0.99,mountaincar,dense
9,672,-200.0,200,3.8091752529144287,-1.0,0.00021382376144174486,0.0,DQN_RND,0.01,0.99,mountaincar,dense
9,673,-200.0,200,2.0862295627593994,-1.0,0.00021515454864129424,0.0,DQN_RND,0.01,0.99,mountaincar,dense
9,674,-200.0,200,7.812980651855469,-1.0,0.00032333601848222315,0.0,DQN_RND,0.01,0.99,mountaincar,dense
9,675,-200.0,200,3.5126543045043945,-1.0,0.0002024717250606045,0.0,DQN_RND,0.01,0.99,mountaincar,dense
9,676,-200.0,200,1.4336422681808472,-1.0,0.00022217990772332996,0.0,DQN_RND,0.01,0.99,mountaincar,dense
9,677,-200.0,200,6.356004238128662,-1.0,0.0002348809503018856,0.0,DQN_RND,0.01,0.99,mountaincar,dense
9,678,-200.0,200,4.349827766418457,-1.0,0.0003186070534866303,0.0,DQN_RND,0.01,0.99,mountaincar,dense
9,679,-200.0,200,2.6688313484191895,-1.0,0.0002107074105879292,0.0,DQN_RND,0.01,0.99,mountaincar,dense
9,680,-200.0,200,3.920095920562744,-1.0,0.000318581354804337,0.0,DQN_RND,0.01,0.99,mountaincar,dense
9,681,-200.0,200,3.9704301357269287,-1.0,0.00021260938956402242,0.0,DQN_RND,0.01,0.99,mountaincar,dense
9,682,-200.0,200,6.761333465576172,-1.0,0.0003175779711455107,0.0,DQN_RND,0.01,0.99,mountaincar,dense
9,683,-200.0,200,9.564409255981445,-1.0,0.00013863381172996014,0.0,DQN_RND,0.01,0.99,mountaincar,dense
9,684,-200.0,200,2.283503532409668,-1.0,0.00035411931457929313,0.0,DQN_RND,0.01,0.99,mountaincar,dense
9,685,-200.0,200,2.208381175994873,-1.0,0.00022977660410106182,0.0,DQN_RND,0.01,0.99,mountaincar,dense
9,686,-200.0,200,3.259470224380493,-1.0,0.0003423412563279271,0.0,DQN_RND,0.01,0.99,mountaincar,dense
9,687,-200.0,200,2.1105024814605713,-1.0,0.000361572892870754,0.0,DQN_RND,0.01,0.99,mountaincar,dense
9,688,-200.0,200,5.2474565505981445,-1.0,0.00020968203898519278,0.0,DQN_RND,0.01,0.99,mountaincar,dense
9,689,-200.0,200,1.6234736442565918,-1.0,0.00013057046453468502,0.0,DQN_RND,0.01,0.99,mountaincar,dense
9,690,-200.0,200,3.578787326812744,-1.0,0.0003290303284302354,0.0,DQN_RND,0.01,0.99,mountaincar,dense
9,691,-200.0,200,0.2437801957130432,-1.0,0.00022254449140746146,0.0,DQN_RND,0.01,0.99,mountaincar,dense
9,692,-200.0,200,2.3020517826080322,-1.0,0.0003235883195884526,0.0,DQN_RND,0.01,0.99,mountaincar,dense
9,693,-200.0,200,0.8869746923446655,-1.0,0.00020816079631913453,0.0,DQN_RND,0.01,0.99,mountaincar,dense
9,694,-200.0,200,0.3955448567867279,-1.0,0.00031183287501335144,0.0,DQN_RND,0.01,0.99,mountaincar,dense
9,695,-200.0,200,0.7978777885437012,-1.0,0.0001983090623980388,0.0,DQN_RND,0.01,0.99,mountaincar,dense
9,696,-200.0,200,4.74645471572876,-1.0,0.00020751525880768895,0.0,DQN_RND,0.01,0.99,mountaincar,dense
9,697,-200.0,200,0.9239981770515442,-1.0,0.0003081383474636823,0.0,DQN_RND,0.01,0.99,mountaincar,dense
9,698,-200.0,200,6.595670700073242,-1.0,0.00020902653341181576,0.0,DQN_RND,0.01,0.99,mountaincar,dense
9,699,-200.0,200,3.241827964782715,-1.0,0.00020443712128326297,0.0,DQN_RND,0.01,0.99,mountaincar,dense
9,700,-200.0,200,3.0183091163635254,-1.0,0.000316753750666976,0.0,DQN_RND,0.01,0.99,mountaincar,dense
9,701,-200.0,200,1.1702442169189453,-1.0,0.00036460140836425126,0.0,DQN_RND,0.01,0.99,mountaincar,dense
9,702,-200.0,200,1.944459080696106,-1.0,0.00021944211039226502,0.0,DQN_RND,0.01,0.99,mountaincar,dense
9,703,-200.0,200,3.5044126510620117,-1.0,0.00033087062183767557,0.0,DQN_RND,0.01,0.99,mountaincar,dense
9,704,-200.0,200,1.1950474977493286,-1.0,0.00021100744197610766,0.0,DQN_RND,0.01,0.99,mountaincar,dense
9,705,-200.0,200,1.7307713031768799,-1.0,0.00010615309292916209,0.0,DQN_RND,0.01,0.99,mountaincar,dense
9,706,-200.0,200,1.7128455638885498,-1.0,0.000396173243643716,0.0,DQN_RND,0.01,0.99,mountaincar,dense
9,707,-200.0,200,0.0030620056204497814,-1.0,0.00012688648712355644,0.0,DQN_RND,0.01,0.99,mountaincar,dense
9,708,-200.0,200,5.063592910766602,-1.0,0.00038799052708782256,0.0,DQN_RND,0.01,0.99,mountaincar,dense
9,709,-200.0,200,3.649725914001465,-1.0,0.0003921806637663394,0.0,DQN_RND,0.01,0.99,mountaincar,dense
9,710,-200.0,200,3.5615971088409424,-1.0,0.00021795963402837515,0.0,DQN_RND,0.01,0.99,mountaincar,dense
9,711,-200.0,200,3.6014134883880615,-1.0,0.0003723101981449872,0.0,DQN_RND,0.01,0.99,mountaincar,dense
9,712,-200.0,200,1.7471537590026855,-1.0,0.0002268383977934718,0.0,DQN_RND,0.01,0.99,mountaincar,dense
9,713,-200.0,200,0.9723573923110962,-1.0,0.00020899312221445143,0.0,DQN_RND,0.01,0.99,mountaincar,dense
9,714,-200.0,200,2.9790825843811035,-1.0,0.00040799487032927573,0.0,DQN_RND,0.01,0.99,mountaincar,dense
9,715,-200.0,200,1.9177615642547607,-1.0,0.00019923406944144517,0.0,DQN_RND,0.01,0.99,mountaincar,dense
9,716,-200.0,200,3.024609088897705,-1.0,0.00012736502685584128,0.0,DQN_RND,0.01,0.99,mountaincar,dense
9,717,-200.0,200,2.0242674350738525,-1.0,0.0001255502866115421,0.0,DQN_RND,0.01,0.99,mountaincar,dense
9,718,-200.0,200,6.351227283477783,-1.0,0.00020324753131717443,0.0,DQN_RND,0.01,0.99,mountaincar,dense
9,719,-200.0,200,1.8811553716659546,-1.0,0.0003418895648792386,0.0,DQN_RND,0.01,0.99,mountaincar,dense
9,720,-200.0,200,1.7171262502670288,-1.0,0.00037053777487017214,0.0,DQN_RND,0.01,0.99,mountaincar,dense
9,721,-200.0,200,2.117476224899292,-1.0,0.00020518914971034974,0.0,DQN_RND,0.01,0.99,mountaincar,dense
9,722,-200.0,200,2.2272677421569824,-1.0,0.00021159238531254232,0.0,DQN_RND,0.01,0.99,mountaincar,dense
9,723,-200.0,200,0.4030233919620514,-1.0,0.00021127764193806797,0.0,DQN_RND,0.01,0.99,mountaincar,dense
9,724,-200.0,200,1.9423809051513672,-1.0,0.0002047286252491176,0.0,DQN_RND,0.01,0.99,mountaincar,dense
9,725,-200.0,200,1.7884559631347656,-1.0,0.00033591652754694223,0.0,DQN_RND,0.01,0.99,mountaincar,dense
9,726,-200.0,200,2.0167620182037354,-1.0,0.00011019619705621153,0.0,DQN_RND,0.01,0.99,mountaincar,dense
9,727,-200.0,200,3.630631923675537,-1.0,0.00021045080211479217,0.0,DQN_RND,0.01,0.99,mountaincar,dense
9,728,-200.0,200,2.841299057006836,-1.0,0.0003371120837982744,0.0,DQN_RND,0.01,0.99,mountaincar,dense
9,729,-200.0,200,1.244397759437561,-1.0,0.00020598655100911856,0.0,DQN_RND,0.01,0.99,mountaincar,dense
9,730,-200.0,200,2.771214008331299,-1.0,0.0003778954269364476,0.0,DQN_RND,0.01,0.99,mountaincar,dense
9,731,-200.0,200,1.6700363159179688,-1.0,0.0002056207595160231,0.0,DQN_RND,0.01,0.99,mountaincar,dense
9,732,-200.0,200,1.7799798250198364,-1.0,0.0001987644354812801,0.0,DQN_RND,0.01,0.99,mountaincar,dense
9,733,-200.0,200,1.6848026514053345,-1.0,0.0002158918941859156,0.0,DQN_RND,0.01,0.99,mountaincar,dense
9,734,-200.0,200,1.1505829095840454,-1.0,0.00011655293928924948,0.0,DQN_RND,0.01,0.99,mountaincar,dense
9,735,-200.0,200,2.5550453662872314,-1.0,0.0001234889350598678,0.0,DQN_RND,0.01,0.99,mountaincar,dense
9,736,-200.0,200,2.0523784160614014,-1.0,0.00036263512447476387,0.0,DQN_RND,0.01,0.99,mountaincar,dense
9,737,-200.0,200,1.020928144454956,-1.0,0.00021152461704332381,0.0,DQN_RND,0.01,0.99,mountaincar,dense
9,738,-200.0,200,1.7240365743637085,-1.0,0.0003327018639538437,0.0,DQN_RND,0.01,0.99,mountaincar,dense
9,739,-200.0,200,1.9739327430725098,-1.0,0.00012782189878635108,0.0,DQN_RND,0.01,0.99,mountaincar,dense
9,740,-200.0,200,2.9943525791168213,-1.0,0.00020703177142422646,0.0,DQN_RND,0.01,0.99,mountaincar,dense
9,741,-200.0,200,1.8341540098190308,-1.0,0.00020405197574291378,0.0,DQN_RND,0.01,0.99,mountaincar,dense
9,742,-200.0,200,3.4564857482910156,-1.0,0.00012796762166544795,0.0,DQN_RND,0.01,0.99,mountaincar,dense
9,743,-200.0,200,0.8688156008720398,-1.0,0.00011415474000386894,0.0,DQN_RND,0.01,0.99,mountaincar,dense
9,744,-200.0,200,1.3833754062652588,-1.0,0.00011491085024317726,0.0,DQN_RND,0.01,0.99,mountaincar,dense
9,745,-200.0,200,3.908818006515503,-1.0,0.00021774647757411003,0.0,DQN_RND,0.01,0.99,mountaincar,dense
9,746,-200.0,200,3.271427631378174,-1.0,0.0003649166028480977,0.0,DQN_RND,0.01,0.99,mountaincar,dense
9,747,-200.0,200,11.214030265808105,-1.0,0.0003138022148050368,0.0,DQN_RND,0.01,0.99,mountaincar,dense
9,748,-200.0,200,15.880048751831055,-1.0,0.00019769530626945198,0.0,DQN_RND,0.01,0.99,mountaincar,dense
9,749,-200.0,200,1.9720344543457031,-1.0,0.0002124673337675631,0.0,DQN_RND,0.01,0.99,mountaincar,dense
9,750,-200.0,200,1.215816855430603,-1.0,0.00021233198640402406,0.0,DQN_RND,0.01,0.99,mountaincar,dense
9,751,-200.0,200,2.093841552734375,-1.0,0.000200292794033885,0.0,DQN_RND,0.01,0.99,mountaincar,dense
9,752,-200.0,200,1.8911726474761963,-1.0,0.00011913841444766149,0.0,DQN_RND,0.01,0.99,mountaincar,dense
9,753,-200.0,200,2.608170747756958,-1.0,0.00012310261081438512,0.0,DQN_RND,0.01,0.99,mountaincar,dense
9,754,-200.0,200,2.179391860961914,-1.0,0.00021137396106496453,0.0,DQN_RND,0.01,0.99,mountaincar,dense
9,755,-200.0,200,2.027121067047119,-1.0,0.0002183414326282218,0.0,DQN_RND,0.01,0.99,mountaincar,dense
9,756,-200.0,200,0.8819340467453003,-1.0,0.0003263043472543359,0.0,DQN_RND,0.01,0.99,mountaincar,dense
9,757,-200.0,200,1.4261537790298462,-1.0,0.0001942160160979256,0.0,DQN_RND,0.01,0.99,mountaincar,dense
9,758,-200.0,200,2.824420213699341,-1.0,0.0002015137579292059,0.0,DQN_RND,0.01,0.99,mountaincar,dense
9,759,-200.0,200,1.5823850631713867,-1.0,0.0003756321093533188,0.0,DQN_RND,0.01,0.99,mountaincar,dense
9,760,-200.0,200,1.7134382724761963,-1.0,0.00011053925118176267,0.0,DQN_RND,0.01,0.99,mountaincar,dense
9,761,-200.0,200,1.120585322380066,-1.0,0.00011731501581380144,0.0,DQN_RND,0.01,0.99,mountaincar,dense
9,762,-200.0,200,3.213242769241333,-1.0,0.00011078790703322738,0.0,DQN_RND,0.01,0.99,mountaincar,dense
9,763,-200.0,200,3.6337788105010986,-1.0,0.00036689391708932817,0.0,DQN_RND,0.01,0.99,mountaincar,dense
9,764,-200.0,200,1.1155086755752563,-1.0,0.0003106126969214529,0.0,DQN_RND,0.01,0.99,mountaincar,dense
9,765,-200.0,200,4.2860307693481445,-1.0,0.00010675551311578602,0.0,DQN_RND,0.01,0.99,mountaincar,dense
9,766,-200.0,200,4.693771839141846,-1.0,0.00019368136418052018,0.0,DQN_RND,0.01,0.99,mountaincar,dense
9,767,-200.0,200,3.0898475646972656,-1.0,0.00012593063001986593,0.0,DQN_RND,0.01,0.99,mountaincar,dense
9,768,-200.0,200,2.021841049194336,-1.0,0.00037626762059517205,0.0,DQN_RND,0.01,0.99,mountaincar,dense
9,769,-200.0,200,1.1849324703216553,-1.0,0.00010738454875536263,0.0,DQN_RND,0.01,0.99,mountaincar,dense
9,770,-200.0,200,5.063930034637451,-1.0,0.0001142203327617608,0.0,DQN_RND,0.01,0.99,mountaincar,dense
9,771,-200.0,200,4.351823329925537,-1.0,0.00019757258996833116,0.0,DQN_RND,0.01,0.99,mountaincar,dense
9,772,-200.0,200,0.8649799227714539,-1.0,0.00019862431508954614,0.0,DQN_RND,0.01,0.99,mountaincar,dense
9,773,-200.0,200,2.6987740993499756,-1.0,0.00019266453455202281,0.0,DQN_RND,0.01,0.99,mountaincar,dense
9,774,-200.0,200,2.0889968872070312,-1.0,0.00011147346231155097,0.0,DQN_RND,0.01,0.99,mountaincar,dense
9,775,-200.0,200,2.3384275436401367,-1.0,0.00011327813263051212,0.0,DQN_RND,0.01,0.99,mountaincar,dense
9,776,-200.0,200,3.582944393157959,-1.0,0.00033766916021704674,0.0,DQN_RND,0.01,0.99,mountaincar,dense
9,777,-200.0,200,3.146716833114624,-1.0,0.00010077946353703737,0.0,DQN_RND,0.01,0.99,mountaincar,dense
9,778,-200.0,200,5.2418437004089355,-1.0,0.00010826651123352349,0.0,DQN_RND,0.01,0.99,mountaincar,dense
9,779,-200.0,200,2.006831645965576,-1.0,0.00033064212766475976,0.0,DQN_RND,0.01,0.99,mountaincar,dense
9,780,-200.0,200,1.7635397911071777,-1.0,0.00010113953612744808,0.0,DQN_RND,0.01,0.99,mountaincar,dense
9,781,-200.0,200,0.8834641575813293,-1.0,0.00031031231628730893,0.0,DQN_RND,0.01,0.99,mountaincar,dense
9,782,-200.0,200,1.636676549911499,-1.0,0.00019352021627128124,0.0,DQN_RND,0.01,0.99,mountaincar,dense
9,783,-200.0,200,3.465275526046753,-1.0,0.0002043092536041513,0.0,DQN_RND,0.01,0.99,mountaincar,dense
9,784,-200.0,200,4.028287410736084,-1.0,0.0003426989133004099,0.0,DQN_RND,0.01,0.99,mountaincar,dense
9,785,-200.0,200,0.7923760414123535,-1.0,0.00012113706907257438,0.0,DQN_RND,0.01,0.99,mountaincar,dense
9,786,-200.0,200,1.7679953575134277,-1.0,9.755816427059472e-05,0.0,DQN_RND,0.01,0.99,mountaincar,dense
9,787,-200.0,200,2.6140878200531006,-1.0,0.00022690306650474668,0.0,DQN_RND,0.01,0.99,mountaincar,dense
9,788,-200.0,200,1.1865359544754028,-1.0,0.0002098393888445571,0.0,DQN_RND,0.01,0.99,mountaincar,dense
9,789,-200.0,200,4.489435195922852,-1.0,0.00035197805846109986,0.0,DQN_RND,0.01,0.99,mountaincar,dense
9,790,-200.0,200,1.0351946353912354,-1.0,0.00010405382636236027,0.0,DQN_RND,0.01,0.99,mountaincar,dense
9,791,-200.0,200,4.006282806396484,-1.0,0.0003174701996613294,0.0,DQN_RND,0.01,0.99,mountaincar,dense
9,792,-200.0,200,1.2264243364334106,-1.0,0.00019658080418594182,0.0,DQN_RND,0.01,0.99,mountaincar,dense
9,793,-200.0,200,4.680873870849609,-1.0,0.00020179712737444788,0.0,DQN_RND,0.01,0.99,mountaincar,dense
9,794,-200.0,200,3.733154058456421,-1.0,0.00020478844817262143,0.0,DQN_RND,0.01,0.99,mountaincar,dense
9,795,-200.0,200,3.826570987701416,-1.0,0.00019840357708744705,0.0,DQN_RND,0.01,0.99,mountaincar,dense
9,796,-200.0,200,1.808117151260376,-1.0,0.0001980417873710394,0.0,DQN_RND,0.01,0.99,mountaincar,dense
9,797,-200.0,200,2.7190346717834473,-1.0,0.00011037936201319098,0.0,DQN_RND,0.01,0.99,mountaincar,dense
9,798,-200.0,200,3.176917552947998,-1.0,0.00020222511375322938,0.0,DQN_RND,0.01,0.99,mountaincar,dense
9,799,-200.0,200,0.24236586689949036,-1.0,0.00034877914004027843,0.0,DQN_RND,0.01,0.99,mountaincar,dense
9,800,-200.0,200,2.0189902782440186,-1.0,0.00022344385797623545,0.0,DQN_RND,0.01,0.99,mountaincar,dense
9,801,-200.0,200,1.0453839302062988,-1.0,0.00031747366301715374,0.0,DQN_RND,0.01,0.99,mountaincar,dense
9,802,-200.0,200,6.303623199462891,-1.0,0.000372633890947327,0.0,DQN_RND,0.01,0.99,mountaincar,dense
9,803,-200.0,200,3.868753671646118,-1.0,0.00010108030255651101,0.0,DQN_RND,0.01,0.99,mountaincar,dense
9,804,-200.0,200,1.7560279369354248,-1.0,0.00010237986134598032,0.0,DQN_RND,0.01,0.99,mountaincar,dense
9,805,-200.0,200,4.579472541809082,-1.0,0.000197138317162171,0.0,DQN_RND,0.01,0.99,mountaincar,dense
9,806,-200.0,200,3.0733489990234375,-1.0,0.00010136584751307964,0.0,DQN_RND,0.01,0.99,mountaincar,dense
9,807,-200.0,200,4.895078182220459,-1.0,0.0003197660844307393,0.0,DQN_RND,0.01,0.99,mountaincar,dense
9,808,-200.0,200,4.344819068908691,-1.0,0.00012055063416482881,0.0,DQN_RND,0.01,0.99,mountaincar,dense
9,809,-200.0,200,2.465327501296997,-1.0,0.00010478348849574104,0.0,DQN_RND,0.01,0.99,mountaincar,dense
9,810,-200.0,200,2.4625585079193115,-1.0,0.0003299339732620865,0.0,DQN_RND,0.01,0.99,mountaincar,dense
9,811,-200.0,200,2.630481719970703,-1.0,0.00018708730931393802,0.0,DQN_RND,0.01,0.99,mountaincar,dense
9,812,-200.0,200,9.230964660644531,-1.0,0.00035566362203098834,0.0,DQN_RND,0.01,0.99,mountaincar,dense
9,813,-200.0,200,24.717735290527344,-1.0,0.00018747651483863592,0.0,DQN_RND,0.01,0.99,mountaincar,dense
9,814,-200.0,200,2.752260684967041,-1.0,0.0003581030177883804,0.0,DQN_RND,0.01,0.99,mountaincar,dense
9,815,-200.0,200,2.6488966941833496,-1.0,9.042121382663026e-05,0.0,DQN_RND,0.01,0.99,mountaincar,dense
9,816,-200.0,200,0.17280974984169006,-1.0,0.00010236867819912732,0.0,DQN_RND,0.01,0.99,mountaincar,dense
9,817,-200.0,200,0.7085585594177246,-1.0,9.468786447541788e-05,0.0,DQN_RND,0.01,0.99,mountaincar,dense
9,818,-200.0,200,4.912480354309082,-1.0,9.780101390788332e-05,0.0,DQN_RND,0.01,0.99,mountaincar,dense
9,819,-200.0,200,4.469991683959961,-1.0,0.0003905779158230871,0.0,DQN_RND,0.01,0.99,mountaincar,dense
9,820,-200.0,200,1.4820775985717773,-1.0,9.173312719212845e-05,0.0,DQN_RND,0.01,0.99,mountaincar,dense
9,821,-200.0,200,4.1204633712768555,-1.0,0.00036086118780076504,0.0,DQN_RND,0.01,0.99,mountaincar,dense
9,822,-200.0,200,2.598733425140381,-1.0,0.00018868960614781827,0.0,DQN_RND,0.01,0.99,mountaincar,dense
9,823,-200.0,200,1.618114948272705,-1.0,0.00020770244009327143,0.0,DQN_RND,0.01,0.99,mountaincar,dense
9,824,-200.0,200,3.7098655700683594,-1.0,0.0001136891805799678,0.0,DQN_RND,0.01,0.99,mountaincar,dense
9,825,-200.0,200,0.9801108837127686,-1.0,0.0003738065715879202,0.0,DQN_RND,0.01,0.99,mountaincar,dense
9,826,-200.0,200,1.2083488702774048,-1.0,0.0003271250461693853,0.0,DQN_RND,0.01,0.99,mountaincar,dense
9,827,-200.0,200,2.995877742767334,-1.0,0.0003614893357735127,0.0,DQN_RND,0.01,0.99,mountaincar,dense
9,828,-200.0,200,2.940011739730835,-1.0,0.00018951858510263264,0.0,DQN_RND,0.01,0.99,mountaincar,dense
9,829,-200.0,200,4.169381141662598,-1.0,0.00010466748790349811,0.0,DQN_RND,0.01,0.99,mountaincar,dense
9,830,-200.0,200,1.228710412979126,-1.0,0.0001011731947073713,0.0,DQN_RND,0.01,0.99,mountaincar,dense
9,831,-200.0,200,3.0386834144592285,-1.0,0.00010307899356121197,0.0,DQN_RND,0.01,0.99,mountaincar,dense
9,832,-200.0,200,4.67318058013916,-1.0,0.0003320964751765132,0.0,DQN_RND,0.01,0.99,mountaincar,dense
9,833,-200.0,200,2.934802293777466,-1.0,0.0001858910545706749,0.0,DQN_RND,0.01,0.99,mountaincar,dense
9,834,-200.0,200,1.0039336681365967,-1.0,0.00010383133485447615,0.0,DQN_RND,0.01,0.99,mountaincar,dense
9,835,-200.0,200,3.9717793464660645,-1.0,0.00039655750151723623,0.0,DQN_RND,0.01,0.99,mountaincar,dense
9,836,-200.0,200,1.186048984527588,-1.0,0.0003411831858102232,0.0,DQN_RND,0.01,0.99,mountaincar,dense
9,837,-200.0,200,6.132209300994873,-1.0,0.00018678262131288648,0.0,DQN_RND,0.01,0.99,mountaincar,dense
9,838,-200.0,200,0.20542429387569427,-1.0,0.00010547845158725977,0.0,DQN_RND,0.01,0.99,mountaincar,dense
9,839,-200.0,200,2.163702964782715,-1.0,8.936223457567394e-05,0.0,DQN_RND,0.01,0.99,mountaincar,dense
9,840,-200.0,200,2.2810378074645996,-1.0,0.00011408851423766464,0.0,DQN_RND,0.01,0.99,mountaincar,dense
9,841,-200.0,200,0.9537699818611145,-1.0,0.00032833166187629104,0.0,DQN_RND,0.01,0.99,mountaincar,dense
9,842,-200.0,200,4.989962577819824,-1.0,0.00011138617992401123,0.0,DQN_RND,0.01,0.99,mountaincar,dense
9,843,-200.0,200,12.494019508361816,-1.0,9.599647455615923e-05,0.0,DQN_RND,0.01,0.99,mountaincar,dense
9,844,-200.0,200,5.573677062988281,-1.0,8.993370283860713e-05,0.0,DQN_RND,0.01,0.99,mountaincar,dense
9,845,-200.0,200,4.053045272827148,-1.0,9.34761919779703e-05,0.0,DQN_RND,0.01,0.99,mountaincar,dense
9,846,-200.0,200,0.8424423336982727,-1.0,9.357044473290443e-05,0.0,DQN_RND,0.01,0.99,mountaincar,dense
9,847,-200.0,200,2.4444668292999268,-1.0,9.127487282967195e-05,0.0,DQN_RND,0.01,0.99,mountaincar,dense
9,848,-200.0,200,1.714126467704773,-1.0,0.0003154518490191549,0.0,DQN_RND,0.01,0.99,mountaincar,dense
9,849,-200.0,200,1.4222872257232666,-1.0,0.00019332367810420692,0.0,DQN_RND,0.01,0.99,mountaincar,dense
9,850,-200.0,200,2.412567138671875,-1.0,0.00020359759218990803,0.0,DQN_RND,0.01,0.99,mountaincar,dense
9,851,-200.0,200,3.8757998943328857,-1.0,0.00035631019272841513,0.0,DQN_RND,0.01,0.99,mountaincar,dense
9,852,-200.0,200,1.8907818794250488,-1.0,0.00018589980027172714,0.0,DQN_RND,0.01,0.99,mountaincar,dense
9,853,-200.0,200,2.806946277618408,-1.0,9.826193127082661e-05,0.0,DQN_RND,0.01,0.99,mountaincar,dense
9,854,-200.0,200,3.5255794525146484,-1.0,0.00035703033790923655,0.0,DQN_RND,0.01,0.99,mountaincar,dense
9,855,-200.0,200,1.8363382816314697,-1.0,0.00019127003906760365,0.0,DQN_RND,0.01,0.99,mountaincar,dense
9,856,-200.0,200,1.0404982566833496,-1.0,0.00035241112345829606,0.0,DQN_RND,0.01,0.99,mountaincar,dense
9,857,-200.0,200,0.9450687170028687,-1.0,0.0001801811158657074,0.0,DQN_RND,0.01,0.99,mountaincar,dense
9,858,-200.0,200,3.3988189697265625,-1.0,0.00036988966166973114,0.0,DQN_RND,0.01,0.99,mountaincar,dense
9,859,-200.0,200,2.948373556137085,-1.0,0.00018405095033813268,0.0,DQN_RND,0.01,0.99,mountaincar,dense
9,860,-200.0,200,0.9049600958824158,-1.0,0.0003731812466867268,0.0,DQN_RND,0.01,0.99,mountaincar,dense
9,861,-200.0,200,1.9709434509277344,-1.0,0.00018810162146110088,0.0,DQN_RND,0.01,0.99,mountaincar,dense
9,862,-200.0,200,0.9526612758636475,-1.0,0.00032416294561699033,0.0,DQN_RND,0.01,0.99,mountaincar,dense
9,863,-200.0,200,0.9159699082374573,-1.0,0.00017804674280341715,0.0,DQN_RND,0.01,0.99,mountaincar,dense
9,864,-200.0,200,1.3691599369049072,-1.0,0.0001819094904931262,0.0,DQN_RND,0.01,0.99,mountaincar,dense
9,865,-200.0,200,2.0522844791412354,-1.0,0.00018015441310126334,0.0,DQN_RND,0.01,0.99,mountaincar,dense
9,866,-200.0,200,1.3535494804382324,-1.0,0.00033119419822469354,0.0,DQN_RND,0.01,0.99,mountaincar,dense
9,867,-200.0,200,2.028125047683716,-1.0,0.0003638993948698044,0.0,DQN_RND,0.01,0.99,mountaincar,dense
9,868,-200.0,200,2.7122082710266113,-1.0,0.0001011355925584212,0.0,DQN_RND,0.01,0.99,mountaincar,dense
9,869,-200.0,200,0.2937471568584442,-1.0,0.00018649344565346837,0.0,DQN_RND,0.01,0.99,mountaincar,dense
9,870,-200.0,200,1.2270512580871582,-1.0,0.0001838601310737431,0.0,DQN_RND,0.01,0.99,mountaincar,dense
9,871,-200.0,200,1.959397554397583,-1.0,0.00017842611123342067,0.0,DQN_RND,0.01,0.99,mountaincar,dense
9,872,-200.0,200,1.9812458753585815,-1.0,0.0003168259863741696,0.0,DQN_RND,0.01,0.99,mountaincar,dense
9,873,-200.0,200,3.0361673831939697,-1.0,9.223717643180862e-05,0.0,DQN_RND,0.01,0.99,mountaincar,dense
9,874,-200.0,200,1.4936754703521729,-1.0,0.0003266731509938836,0.0,DQN_RND,0.01,0.99,mountaincar,dense
9,875,-200.0,200,3.769218921661377,-1.0,9.288582805311307e-05,0.0,DQN_RND,0.01,0.99,mountaincar,dense
9,876,-200.0,200,4.049733638763428,-1.0,8.692254777997732e-05,0.0,DQN_RND,0.01,0.99,mountaincar,dense
9,877,-200.0,200,0.011039583012461662,-1.0,8.089989569270983e-05,0.0,DQN_RND,0.01,0.99,mountaincar,dense
9,878,-200.0,200,1.0502382516860962,-1.0,0.0003140331245958805,0.0,DQN_RND,0.01,0.99,mountaincar,dense
9,879,-200.0,200,2.177537202835083,-1.0,0.00018190572154708207,0.0,DQN_RND,0.01,0.99,mountaincar,dense
9,880,-200.0,200,6.963561058044434,-1.0,0.0003782607091125101,0.0,DQN_RND,0.01,0.99,mountaincar,dense
9,881,-200.0,200,3.7520852088928223,-1.0,0.0003371232596691698,0.0,DQN_RND,0.01,0.99,mountaincar,dense
9,882,-200.0,200,5.915552616119385,-1.0,0.00011289482063148171,0.0,DQN_RND,0.01,0.99,mountaincar,dense
9,883,-200.0,200,1.7505762577056885,-1.0,8.879204688128084e-05,0.0,DQN_RND,0.01,0.99,mountaincar,dense
9,884,-200.0,200,3.018673896789551,-1.0,8.226611680584028e-05,0.0,DQN_RND,0.01,0.99,mountaincar,dense
9,885,-200.0,200,4.153634071350098,-1.0,0.00033896445529535413,0.0,DQN_RND,0.01,0.99,mountaincar,dense
9,886,-200.0,200,4.2335920333862305,-1.0,8.575082756578922e-05,0.0,DQN_RND,0.01,0.99,mountaincar,dense
9,887,-200.0,200,5.162881374359131,-1.0,0.00017493670748081058,0.0,DQN_RND,0.01,0.99,mountaincar,dense
9,888,-200.0,200,2.5212795734405518,-1.0,0.00017816726176533848,0.0,DQN_RND,0.01,0.99,mountaincar,dense
9,889,-200.0,200,3.102027416229248,-1.0,9.007348126033321e-05,0.0,DQN_RND,0.01,0.99,mountaincar,dense
9,890,-200.0,200,1.3511842489242554,-1.0,0.00017755325825419277,0.0,DQN_RND,0.01,0.99,mountaincar,dense
9,891,-200.0,200,0.9696272015571594,-1.0,0.00017853084136731923,0.0,DQN_RND,0.01,0.99,mountaincar,dense
9,892,-200.0,200,1.000030517578125,-1.0,0.00017531777848489583,0.0,DQN_RND,0.01,0.99,mountaincar,dense
9,893,-200.0,200,5.416624546051025,-1.0,0.00018209505651611835,0.0,DQN_RND,0.01,0.99,mountaincar,dense
9,894,-200.0,200,0.31997981667518616,-1.0,0.0003547371015883982,0.0,DQN_RND,0.01,0.99,mountaincar,dense
9,895,-200.0,200,4.700374126434326,-1.0,0.00017753955035004765,0.0,DQN_RND,0.01,0.99,mountaincar,dense
9,896,-200.0,200,2.1730518341064453,-1.0,0.0001866158563643694,0.0,DQN_RND,0.01,0.99,mountaincar,dense
9,897,-200.0,200,1.4766981601715088,-1.0,0.0003694688784889877,0.0,DQN_RND,0.01,0.99,mountaincar,dense
9,898,-200.0,200,1.9401023387908936,-1.0,0.00017956031661015004,0.0,DQN_RND,0.01,0.99,mountaincar,dense
9,899,-200.0,200,2.7140958309173584,-1.0,0.00019063494983129203,0.0,DQN_RND,0.01,0.99,mountaincar,dense
9,900,-200.0,200,1.4248988628387451,-1.0,0.000323961372487247,0.0,DQN_RND,0.01,0.99,mountaincar,dense
9,901,-200.0,200,1.3623958826065063,-1.0,0.00017466013377998024,0.0,DQN_RND,0.01,0.99,mountaincar,dense
9,902,-200.0,200,2.0959155559539795,-1.0,0.0003321718832012266,0.0,DQN_RND,0.01,0.99,mountaincar,dense
9,903,-200.0,200,5.002064228057861,-1.0,0.00033335527405142784,0.0,DQN_RND,0.01,0.99,mountaincar,dense
9,904,-200.0,200,2.135667324066162,-1.0,0.0003577147435862571,0.0,DQN_RND,0.01,0.99,mountaincar,dense
9,905,-200.0,200,4.894067764282227,-1.0,0.000318521517328918,0.0,DQN_RND,0.01,0.99,mountaincar,dense
9,906,-200.0,200,2.27109694480896,-1.0,0.00034140475327149034,0.0,DQN_RND,0.01,0.99,mountaincar,dense
9,907,-200.0,200,2.554440975189209,-1.0,7.711625221418217e-05,0.0,DQN_RND,0.01,0.99,mountaincar,dense
9,908,-200.0,200,3.4442014694213867,-1.0,0.0003208972921129316,0.0,DQN_RND,0.01,0.99,mountaincar,dense
9,909,-200.0,200,5.053387641906738,-1.0,0.00010985017433995381,0.0,DQN_RND,0.01,0.99,mountaincar,dense
9,910,-200.0,200,34.47624206542969,-1.0,0.00017641753947827965,0.0,DQN_RND,0.01,0.99,mountaincar,dense
9,911,-200.0,200,1.8400644063949585,-1.0,0.0003139028267469257,0.0,DQN_RND,0.01,0.99,mountaincar,dense
9,912,-200.0,200,1.1477352380752563,-1.0,0.000370132242096588,0.0,DQN_RND,0.01,0.99,mountaincar,dense
9,913,-200.0,200,0.5623989701271057,-1.0,0.00016805836639832705,0.0,DQN_RND,0.01,0.99,mountaincar,dense
9,914,-200.0,200,2.4698400497436523,-1.0,0.00017797686450649053,0.0,DQN_RND,0.01,0.99,mountaincar,dense
9,915,-200.0,200,1.8308948278427124,-1.0,8.01794885774143e-05,0.0,DQN_RND,0.01,0.99,mountaincar,dense
9,916,-200.0,200,2.5974934101104736,-1.0,7.836048462195322e-05,0.0,DQN_RND,0.01,0.99,mountaincar,dense
9,917,-200.0,200,2.636549234390259,-1.0,8.948797039920464e-05,0.0,DQN_RND,0.01,0.99,mountaincar,dense
9,918,-200.0,200,2.5526232719421387,-1.0,0.00017990211199503392,0.0,DQN_RND,0.01,0.99,mountaincar,dense
9,919,-200.0,200,0.8944485187530518,-1.0,0.00018750478920992464,0.0,DQN_RND,0.01,0.99,mountaincar,dense
9,920,-200.0,200,2.81801700592041,-1.0,0.00019652432820294052,0.0,DQN_RND,0.01,0.99,mountaincar,dense
9,921,-200.0,200,1.6092029809951782,-1.0,0.00035687501076608896,0.0,DQN_RND,0.01,0.99,mountaincar,dense
9,922,-200.0,200,0.7766957879066467,-1.0,0.00018290059233549982,0.0,DQN_RND,0.01,0.99,mountaincar,dense
9,923,-200.0,200,2.3800764083862305,-1.0,0.00031522553763352334,0.0,DQN_RND,0.01,0.99,mountaincar,dense
9,924,-200.0,200,5.011201858520508,-1.0,0.0004204417928121984,0.0,DQN_RND,0.01,0.99,mountaincar,dense
9,925,-200.0,200,2.507758617401123,-1.0,0.00034812107332982123,0.0,DQN_RND,0.01,0.99,mountaincar,dense
9,926,-200.0,200,0.9602287411689758,-1.0,0.0001787488436093554,0.0,DQN_RND,0.01,0.99,mountaincar,dense
9,927,-200.0,200,1.7961245775222778,-1.0,8.543694275431335e-05,0.0,DQN_RND,0.01,0.99,mountaincar,dense
9,928,-200.0,200,0.03682113438844681,-1.0,8.719015750102699e-05,0.0,DQN_RND,0.01,0.99,mountaincar,dense
9,929,-200.0,200,0.37653374671936035,-1.0,0.0003191567084286362,0.0,DQN_RND,0.01,0.99,mountaincar,dense
9,930,-200.0,200,2.9285659790039062,-1.0,0.00037703465204685926,0.0,DQN_RND,0.01,0.99,mountaincar,dense
9,931,-200.0,200,1.970179796218872,-1.0,6.981290061958134e-05,0.0,DQN_RND,0.01,0.99,mountaincar,dense
9,932,-200.0,200,3.4750375747680664,-1.0,7.354860281338915e-05,0.0,DQN_RND,0.01,0.99,mountaincar,dense
9,933,-200.0,200,5.69705867767334,-1.0,0.0003647472767625004,0.0,DQN_RND,0.01,0.99,mountaincar,dense
9,934,-200.0,200,4.10166072845459,-1.0,0.00035004696110263467,0.0,DQN_RND,0.01,0.99,mountaincar,dense
9,935,-200.0,200,1.863809585571289,-1.0,0.00017134658992290497,0.0,DQN_RND,0.01,0.99,mountaincar,dense
9,936,-200.0,200,2.3442564010620117,-1.0,0.00018631517014000565,0.0,DQN_RND,0.01,0.99,mountaincar,dense
9,937,-200.0,200,4.028318405151367,-1.0,0.00017240912711713463,0.0,DQN_RND,0.01,0.99,mountaincar,dense
9,938,-200.0,200,3.118664264678955,-1.0,0.00031151913572102785,0.0,DQN_RND,0.01,0.99,mountaincar,dense
9,939,-200.0,200,1.0392183065414429,-1.0,0.00017449125880375504,0.0,DQN_RND,0.01,0.99,mountaincar,dense
9,940,-200.0,200,3.280819892883301,-1.0,0.00037577180773951113,0.0,DQN_RND,0.01,0.99,mountaincar,dense
9,941,-200.0,200,5.869023323059082,-1.0,8.036351937334985e-05,0.0,DQN_RND,0.01,0.99,mountaincar,dense
9,942,-200.0,200,4.126364707946777,-1.0,7.253112562466413e-05,0.0,DQN_RND,0.01,0.99,mountaincar,dense
9,943,-200.0,200,3.8404805660247803,-1.0,0.00017937246593646705,0.0,DQN_RND,0.01,0.99,mountaincar,dense
9,944,-200.0,200,4.884916305541992,-1.0,7.85004667704925e-05,0.0,DQN_RND,0.01,0.99,mountaincar,dense
9,945,-200.0,200,3.492413282394409,-1.0,0.0003528335364535451,0.0,DQN_RND,0.01,0.99,mountaincar,dense
9,946,-200.0,200,3.1632578372955322,-1.0,0.00038026191759854555,0.0,DQN_RND,0.01,0.99,mountaincar,dense
9,947,-200.0,200,1.4411916732788086,-1.0,8.123755105771124e-05,0.0,DQN_RND,0.01,0.99,mountaincar,dense
9,948,-200.0,200,1.6159281730651855,-1.0,0.00039303561788983643,0.0,DQN_RND,0.01,0.99,mountaincar,dense
9,949,-200.0,200,1.6287660598754883,-1.0,7.340089359786361e-05,0.0,DQN_RND,0.01,0.99,mountaincar,dense
9,950,-200.0,200,1.396864891052246,-1.0,0.00018179531616624445,0.0,DQN_RND,0.01,0.99,mountaincar,dense
9,951,-200.0,200,1.3797454833984375,-1.0,0.00018301721138413996,0.0,DQN_RND,0.01,0.99,mountaincar,dense
9,952,-200.0,200,2.994067907333374,-1.0,0.0003210536960978061,0.0,DQN_RND,0.01,0.99,mountaincar,dense
9,953,-200.0,200,2.9450533390045166,-1.0,0.00016980913642328233,0.0,DQN_RND,0.01,0.99,mountaincar,dense
9,954,-200.0,200,1.3593575954437256,-1.0,7.488960545742884e-05,0.0,DQN_RND,0.01,0.99,mountaincar,dense
9,955,-200.0,200,1.0669963359832764,-1.0,7.66898738220334e-05,0.0,DQN_RND,0.01,0.99,mountaincar,dense
9,956,-200.0,200,2.488090991973877,-1.0,7.214325160020962e-05,0.0,DQN_RND,0.01,0.99,mountaincar,dense
9,957,-200.0,200,5.657463550567627,-1.0,0.0001687834010226652,0.0,DQN_RND,0.01,0.99,mountaincar,dense
9,958,-200.0,200,5.156933784484863,-1.0,7.13031186023727e-05,0.0,DQN_RND,0.01,0.99,mountaincar,dense
9,959,-200.0,200,1.0989280939102173,-1.0,0.00016714908997528255,0.0,DQN_RND,0.01,0.99,mountaincar,dense
9,960,-200.0,200,1.1780738830566406,-1.0,0.0001698987471172586,0.0,DQN_RND,0.01,0.99,mountaincar,dense
9,961,-200.0,200,4.941066265106201,-1.0,0.00034105314989574254,0.0,DQN_RND,0.01,0.99,mountaincar,dense
9,962,-200.0,200,0.20032137632369995,-1.0,0.00034788643824867904,0.0,DQN_RND,0.01,0.99,mountaincar,dense
9,963,-200.0,200,2.8678717613220215,-1.0,0.00016695343947503716,0.0,DQN_RND,0.01,0.99,mountaincar,dense
9,964,-200.0,200,2.9841902256011963,-1.0,6.862830923637375e-05,0.0,DQN_RND,0.01,0.99,mountaincar,dense
9,965,-200.0,200,1.1331535577774048,-1.0,0.00016698699619155377,0.0,DQN_RND,0.01,0.99,mountaincar,dense
9,966,-200.0,200,3.2498090267181396,-1.0,0.00032841082429513335,0.0,DQN_RND,0.01,0.99,mountaincar,dense
9,967,-200.0,200,3.007349967956543,-1.0,0.0003646360128186643,0.0,DQN_RND,0.01,0.99,mountaincar,dense
9,968,-200.0,200,0.0016461351187899709,-1.0,0.00038168567698448896,0.0,DQN_RND,0.01,0.99,mountaincar,dense
9,969,-200.0,200,1.7129623889923096,-1.0,0.0003244226681999862,0.0,DQN_RND,0.01,0.99,mountaincar,dense
9,970,-200.0,200,3.832991361618042,-1.0,6.820437556598336e-05,0.0,DQN_RND,0.01,0.99,mountaincar,dense
9,971,-200.0,200,0.23845592141151428,-1.0,0.00016767294437158853,0.0,DQN_RND,0.01,0.99,mountaincar,dense
9,972,-200.0,200,4.9775590896606445,-1.0,0.00016544375102967024,0.0,DQN_RND,0.01,0.99,mountaincar,dense
9,973,-200.0,200,3.025299310684204,-1.0,7.042170909699053e-05,0.0,DQN_RND,0.01,0.99,mountaincar,dense
9,974,-200.0,200,1.8118332624435425,-1.0,0.0003220486978534609,0.0,DQN_RND,0.01,0.99,mountaincar,dense
9,975,-200.0,200,2.002944231033325,-1.0,0.0003206428955309093,0.0,DQN_RND,0.01,0.99,mountaincar,dense
9,976,-200.0,200,1.308315634727478,-1.0,0.0001661627902649343,0.0,DQN_RND,0.01,0.99,mountaincar,dense
9,977,-200.0,200,4.463557720184326,-1.0,0.0001661679125390947,0.0,DQN_RND,0.01,0.99,mountaincar,dense
9,978,-200.0,200,3.366659164428711,-1.0,0.00031866508652456105,0.0,DQN_RND,0.01,0.99,mountaincar,dense
9,979,-200.0,200,1.0907096862792969,-1.0,0.00032712885877117515,0.0,DQN_RND,0.01,0.99,mountaincar,dense
9,980,-200.0,200,4.727726936340332,-1.0,0.00016781926387920976,0.0,DQN_RND,0.01,0.99,mountaincar,dense
9,981,-200.0,200,2.2831358909606934,-1.0,0.0001792702969396487,0.0,DQN_RND,0.01,0.99,mountaincar,dense
9,982,-200.0,200,3.8031468391418457,-1.0,0.00033561515738256276,0.0,DQN_RND,0.01,0.99,mountaincar,dense
9,983,-200.0,200,2.9818081855773926,-1.0,6.543423660332337e-05,0.0,DQN_RND,0.01,0.99,mountaincar,dense
9,984,-200.0,200,3.7951037883758545,-1.0,0.0003917404683306813,0.0,DQN_RND,0.01,0.99,mountaincar,dense
9,985,-200.0,200,1.2893956899642944,-1.0,0.0003673153405543417,0.0,DQN_RND,0.01,0.99,mountaincar,dense
9,986,-200.0,200,3.1352617740631104,-1.0,8.122863073367625e-05,0.0,DQN_RND,0.01,0.99,mountaincar,dense
9,987,-200.0,200,4.161945343017578,-1.0,8.99583610589616e-05,0.0,DQN_RND,0.01,0.99,mountaincar,dense
9,988,-200.0,200,3.3453776836395264,-1.0,6.817184475949034e-05,0.0,DQN_RND,0.01,0.99,mountaincar,dense
9,989,-200.0,200,4.2926435470581055,-1.0,0.00016411261458415538,0.0,DQN_RND,0.01,0.99,mountaincar,dense
9,990,-200.0,200,0.0704418420791626,-1.0,6.432846566895023e-05,0.0,DQN_RND,0.01,0.99,mountaincar,dense
9,991,-200.0,200,2.2510030269622803,-1.0,8.602462185081095e-05,0.0,DQN_RND,0.01,0.99,mountaincar,dense
9,992,-200.0,200,0.0063463980332016945,-1.0,7.022945646895096e-05,0.0,DQN_RND,0.01,0.99,mountaincar,dense
9,993,-200.0,200,6.996697902679443,-1.0,0.0003245928091928363,0.0,DQN_RND,0.01,0.99,mountaincar,dense
9,994,-200.0,200,6.273841381072998,-1.0,7.249169721035287e-05,0.0,DQN_RND,0.01,0.99,mountaincar,dense
9,995,-200.0,200,28.873703002929688,-1.0,0.00032921231468208134,0.0,DQN_RND,0.01,0.99,mountaincar,dense
9,996,-200.0,200,1.3396492004394531,-1.0,0.0003270599991083145,0.0,DQN_RND,0.01,0.99,mountaincar,dense
9,997,-200.0,200,0.009422712959349155,-1.0,0.0003257640637457371,0.0,DQN_RND,0.01,0.99,mountaincar,dense
9,998,-200.0,200,1.2645344734191895,-1.0,0.00031815929105505347,0.0,DQN_RND,0.01,0.99,mountaincar,dense
9,999,-200.0,200,0.16051822900772095,-1.0,6.793650391045958e-05,0.0,DQN_RND,0.01,0.99,mountaincar,dense
9,1000,-200.0,200,0.7082743048667908,-1.0,0.00035710245720110834,0.0,DQN_RND,0.01,0.99,mountaincar,dense
