seed,episode,reward,episode_length,loss,eval_success_rate,intrinsic_reward,policy_entropy,algorithm,learning_rate,gamma,env_name,reward_type
1,1,-200.0,200,0.9588859677314758,-1.0,0.0004477401962503791,0.0,DQN_RND,0.01,0.95,mountaincar,dense
1,2,-200.0,200,0.8869479298591614,-1.0,0.0004539870424196124,0.0,DQN_RND,0.01,0.95,mountaincar,dense
1,3,-200.0,200,0.8219239711761475,-1.0,0.00043901047320105135,0.0,DQN_RND,0.01,0.95,mountaincar,dense
1,4,-200.0,200,0.9505101442337036,-1.0,0.00046070656389929354,0.0,DQN_RND,0.01,0.95,mountaincar,dense
1,5,-200.0,200,0.8808677196502686,-1.0,0.0004419456818141043,0.0,DQN_RND,0.01,0.95,mountaincar,dense
1,6,-200.0,200,0.9383112192153931,-1.0,0.0004523182287812233,0.0,DQN_RND,0.01,0.95,mountaincar,dense
1,7,-200.0,200,0.8673890829086304,-1.0,0.0004092676972504705,0.0,DQN_RND,0.01,0.95,mountaincar,dense
1,8,-200.0,200,0.8003223538398743,-1.0,0.0004393126000650227,0.0,DQN_RND,0.01,0.95,mountaincar,dense
1,9,-200.0,200,0.9267603158950806,-1.0,0.00043458279105834663,0.0,DQN_RND,0.01,0.95,mountaincar,dense
1,10,-200.0,200,0.8499487042427063,-1.0,0.00042988185305148363,0.0,DQN_RND,0.01,0.95,mountaincar,dense
1,11,-200.0,200,0.906724750995636,-1.0,0.000444623117800802,0.0,DQN_RND,0.01,0.95,mountaincar,dense
1,12,-200.0,200,0.8239118456840515,-1.0,0.0004285909526515752,0.0,DQN_RND,0.01,0.95,mountaincar,dense
1,13,-200.0,200,0.7441421747207642,-1.0,0.0004220727423671633,0.0,DQN_RND,0.01,0.95,mountaincar,dense
1,14,-200.0,200,0.884636640548706,-1.0,0.0004468821862246841,0.0,DQN_RND,0.01,0.95,mountaincar,dense
1,15,-200.0,200,0.7877132892608643,-1.0,0.00043366977479308844,0.0,DQN_RND,0.01,0.95,mountaincar,dense
1,16,-200.0,200,0.8685912489891052,-1.0,0.00044079951476305723,0.0,DQN_RND,0.01,0.95,mountaincar,dense
1,17,-200.0,200,0.757732629776001,-1.0,0.0004547499702312052,0.0,DQN_RND,0.01,0.95,mountaincar,dense
1,18,-200.0,200,0.6608555316925049,-1.0,0.00044649429037235677,0.0,DQN_RND,0.01,0.95,mountaincar,dense
1,19,-200.0,200,0.8273188471794128,-1.0,0.0004238691180944443,0.0,DQN_RND,0.01,0.95,mountaincar,dense
1,20,-200.0,200,0.7043493390083313,-1.0,0.00044375270954333246,0.0,DQN_RND,0.01,0.95,mountaincar,dense
1,21,-200.0,200,0.8129432797431946,-1.0,0.00044096712372265756,0.0,DQN_RND,0.01,0.95,mountaincar,dense
1,22,-200.0,200,0.6608453989028931,-1.0,0.0004338148864917457,0.0,DQN_RND,0.01,0.95,mountaincar,dense
1,23,-200.0,200,0.528286337852478,-1.0,0.00042618319275788963,0.0,DQN_RND,0.01,0.95,mountaincar,dense
1,24,-200.0,200,0.766499400138855,-1.0,0.0004024552181363106,0.0,DQN_RND,0.01,0.95,mountaincar,dense
1,25,-200.0,200,0.5807310342788696,-1.0,0.00043034928967244923,0.0,DQN_RND,0.01,0.95,mountaincar,dense
1,26,-200.0,200,0.7410519123077393,-1.0,0.0004150481545366347,0.0,DQN_RND,0.01,0.95,mountaincar,dense
1,27,-200.0,200,0.518217146396637,-1.0,0.00044319540029391646,0.0,DQN_RND,0.01,0.95,mountaincar,dense
1,28,-200.0,200,0.3440108597278595,-1.0,0.0004749718646053225,0.0,DQN_RND,0.01,0.95,mountaincar,dense
1,29,-200.0,200,0.6738277673721313,-1.0,0.00045238356688059866,0.0,DQN_RND,0.01,0.95,mountaincar,dense
1,30,-200.0,200,0.3931993842124939,-1.0,0.00046288425801321864,0.0,DQN_RND,0.01,0.95,mountaincar,dense
1,31,-200.0,200,0.6010378003120422,-1.0,0.00047522276872769,0.0,DQN_RND,0.01,0.95,mountaincar,dense
1,32,-200.0,200,0.29315653443336487,-1.0,0.00043719387031160295,0.0,DQN_RND,0.01,0.95,mountaincar,dense
1,33,-200.0,200,0.13049058616161346,-1.0,0.0004484460805542767,0.0,DQN_RND,0.01,0.95,mountaincar,dense
1,34,-200.0,200,0.5369338393211365,-1.0,0.0004749074869323522,0.0,DQN_RND,0.01,0.95,mountaincar,dense
1,35,-200.0,200,0.19719281792640686,-1.0,0.00043580561759881675,0.0,DQN_RND,0.01,0.95,mountaincar,dense
1,36,-200.0,200,0.4655742943286896,-1.0,0.0004202427517157048,0.0,DQN_RND,0.01,0.95,mountaincar,dense
1,37,-200.0,200,0.14027318358421326,-1.0,0.0004300128493923694,0.0,DQN_RND,0.01,0.95,mountaincar,dense
1,38,-200.0,200,0.039192941039800644,-1.0,0.0004230830236338079,0.0,DQN_RND,0.01,0.95,mountaincar,dense
1,39,-200.0,200,0.3678819239139557,-1.0,0.000439654802903533,0.0,DQN_RND,0.01,0.95,mountaincar,dense
1,40,-200.0,200,0.12416864931583405,-1.0,0.00043909798841923475,0.0,DQN_RND,0.01,0.95,mountaincar,dense
1,41,-200.0,200,0.3372325897216797,-1.0,0.00041625829180702567,0.0,DQN_RND,0.01,0.95,mountaincar,dense
1,42,-200.0,200,0.09402886033058167,-1.0,0.00039561468292959034,0.0,DQN_RND,0.01,0.95,mountaincar,dense
1,43,-200.0,200,0.0032473441679030657,-1.0,0.0003912449174094945,0.0,DQN_RND,0.01,0.95,mountaincar,dense
1,44,-200.0,200,0.26709645986557007,-1.0,0.00043229744187556207,0.0,DQN_RND,0.01,0.95,mountaincar,dense
1,45,-200.0,200,0.22169393301010132,-1.0,0.00046306263539008796,0.0,DQN_RND,0.01,0.95,mountaincar,dense
1,46,-200.0,200,0.29846543073654175,-1.0,0.0004428403335623443,0.0,DQN_RND,0.01,0.95,mountaincar,dense
1,47,-200.0,200,0.08685571700334549,-1.0,0.0004151533357799053,0.0,DQN_RND,0.01,0.95,mountaincar,dense
1,48,-200.0,200,0.12600436806678772,-1.0,0.0004203568969387561,0.0,DQN_RND,0.01,0.95,mountaincar,dense
1,49,-200.0,200,0.5179088115692139,-1.0,0.00042185134952887893,0.0,DQN_RND,0.01,0.95,mountaincar,dense
1,50,-200.0,200,0.4801222085952759,-1.0,0.00040872988756746054,0.0,DQN_RND,0.01,0.95,mountaincar,dense
1,51,-200.0,200,0.7944793105125427,-1.0,0.00045271357521414757,0.0,DQN_RND,0.01,0.95,mountaincar,dense
1,52,-200.0,200,0.20812615752220154,-1.0,0.0004209796607028693,0.0,DQN_RND,0.01,0.95,mountaincar,dense
1,53,-200.0,200,0.09118098020553589,-1.0,0.0003837305121123791,0.0,DQN_RND,0.01,0.95,mountaincar,dense
1,54,-200.0,200,0.5518532991409302,-1.0,0.00046567266690544784,0.0,DQN_RND,0.01,0.95,mountaincar,dense
1,55,-200.0,200,0.582359790802002,-1.0,0.0004212342610117048,0.0,DQN_RND,0.01,0.95,mountaincar,dense
1,56,-200.0,200,0.5994755029678345,-1.0,0.00042128897621296346,0.0,DQN_RND,0.01,0.95,mountaincar,dense
1,57,-200.0,200,0.7508069276809692,-1.0,0.00047893362352624536,0.0,DQN_RND,0.01,0.95,mountaincar,dense
1,58,-200.0,200,0.0030348433647304773,-1.0,0.0004288594063837081,0.0,DQN_RND,0.01,0.95,mountaincar,dense
1,59,-200.0,200,0.6777032017707825,-1.0,0.00038814189611002803,0.0,DQN_RND,0.01,0.95,mountaincar,dense
1,60,-200.0,200,0.4017881751060486,-1.0,0.00041314709233120084,0.0,DQN_RND,0.01,0.95,mountaincar,dense
1,61,-200.0,200,0.6943427920341492,-1.0,0.0004202435084152967,0.0,DQN_RND,0.01,0.95,mountaincar,dense
1,62,-200.0,200,0.2968766689300537,-1.0,0.0004357483412604779,0.0,DQN_RND,0.01,0.95,mountaincar,dense
1,63,-200.0,200,0.16337351500988007,-1.0,0.0004233303479850292,0.0,DQN_RND,0.01,0.95,mountaincar,dense
1,64,-200.0,200,0.5593181252479553,-1.0,0.0004413861024659127,0.0,DQN_RND,0.01,0.95,mountaincar,dense
1,65,-200.0,200,0.5186111927032471,-1.0,0.000438511255197227,0.0,DQN_RND,0.01,0.95,mountaincar,dense
1,66,-200.0,200,1.1911922693252563,-1.0,0.00041417969623580575,0.0,DQN_RND,0.01,0.95,mountaincar,dense
1,67,-200.0,200,0.18676403164863586,-1.0,0.00040247186552733183,0.0,DQN_RND,0.01,0.95,mountaincar,dense
1,68,-200.0,200,0.9734048843383789,-1.0,0.00037912081461399794,0.0,DQN_RND,0.01,0.95,mountaincar,dense
1,69,-200.0,200,0.423210471868515,-1.0,0.0004056543402839452,0.0,DQN_RND,0.01,0.95,mountaincar,dense
1,70,-200.0,200,0.20756955444812775,-1.0,0.0004347006033640355,0.0,DQN_RND,0.01,0.95,mountaincar,dense
1,71,-200.0,200,0.7387331128120422,-1.0,0.00038488800055347383,0.0,DQN_RND,0.01,0.95,mountaincar,dense
1,72,-200.0,200,0.4013139009475708,-1.0,0.000448776496341452,0.0,DQN_RND,0.01,0.95,mountaincar,dense
1,73,-200.0,200,0.6865810751914978,-1.0,0.0004503001400735229,0.0,DQN_RND,0.01,0.95,mountaincar,dense
1,74,-200.0,200,0.4940985143184662,-1.0,0.0004543248505797237,0.0,DQN_RND,0.01,0.95,mountaincar,dense
1,75,-200.0,200,0.9759138822555542,-1.0,0.00039535594987683,0.0,DQN_RND,0.01,0.95,mountaincar,dense
1,76,-200.0,200,0.4959602653980255,-1.0,0.00042098978883586824,0.0,DQN_RND,0.01,0.95,mountaincar,dense
1,77,-200.0,200,0.9681723117828369,-1.0,0.0003851295041386038,0.0,DQN_RND,0.01,0.95,mountaincar,dense
1,78,-200.0,200,0.5381408929824829,-1.0,0.00043699651723727584,0.0,DQN_RND,0.01,0.95,mountaincar,dense
1,79,-200.0,200,0.5308411121368408,-1.0,0.0004300061846151948,0.0,DQN_RND,0.01,0.95,mountaincar,dense
1,80,-200.0,200,0.566246747970581,-1.0,0.0003919759183190763,0.0,DQN_RND,0.01,0.95,mountaincar,dense
1,81,-200.0,200,0.35426414012908936,-1.0,0.0004125101841054857,0.0,DQN_RND,0.01,0.95,mountaincar,dense
1,82,-200.0,200,0.5848225355148315,-1.0,0.00041964324191212654,0.0,DQN_RND,0.01,0.95,mountaincar,dense
1,83,-200.0,200,1.1994471549987793,-1.0,0.0004745572223328054,0.0,DQN_RND,0.01,0.95,mountaincar,dense
1,84,-200.0,200,0.018508262932300568,-1.0,0.00039970895159058273,0.0,DQN_RND,0.01,0.95,mountaincar,dense
1,85,-200.0,200,0.8970744609832764,-1.0,0.00044362450717017055,0.0,DQN_RND,0.01,0.95,mountaincar,dense
1,86,-200.0,200,0.021872270852327347,-1.0,0.0004095233744010329,0.0,DQN_RND,0.01,0.95,mountaincar,dense
1,87,-200.0,200,1.2540080547332764,-1.0,0.0003999185864813626,0.0,DQN_RND,0.01,0.95,mountaincar,dense
1,88,-200.0,200,0.2991578280925751,-1.0,0.00040797455585561693,0.0,DQN_RND,0.01,0.95,mountaincar,dense
1,89,-200.0,200,0.6232079267501831,-1.0,0.0004338099679443985,0.0,DQN_RND,0.01,0.95,mountaincar,dense
1,90,-200.0,200,1.2537401914596558,-1.0,0.0004242270952090621,0.0,DQN_RND,0.01,0.95,mountaincar,dense
1,91,-200.0,200,0.623988151550293,-1.0,0.0003892772947438061,0.0,DQN_RND,0.01,0.95,mountaincar,dense
1,92,-200.0,200,0.29611149430274963,-1.0,0.00038069914444349706,0.0,DQN_RND,0.01,0.95,mountaincar,dense
1,93,-200.0,200,0.9780189990997314,-1.0,0.0004563341790344566,0.0,DQN_RND,0.01,0.95,mountaincar,dense
1,94,-200.0,200,1.0306631326675415,-1.0,0.00046512097469531,0.0,DQN_RND,0.01,0.95,mountaincar,dense
1,95,-200.0,200,1.016599416732788,-1.0,0.0004258935514371842,0.0,DQN_RND,0.01,0.95,mountaincar,dense
1,96,-200.0,200,0.9721788167953491,-1.0,0.00046854829997755587,0.0,DQN_RND,0.01,0.95,mountaincar,dense
1,97,-200.0,200,1.548574686050415,-1.0,0.00037154334131628275,0.0,DQN_RND,0.01,0.95,mountaincar,dense
1,98,-200.0,200,0.3087516725063324,-1.0,0.0004668424080591649,0.0,DQN_RND,0.01,0.95,mountaincar,dense
1,99,-200.0,200,0.7375862002372742,-1.0,0.00038957304786890745,0.0,DQN_RND,0.01,0.95,mountaincar,dense
1,100,-200.0,200,1.0938434600830078,-1.0,0.00041259039426222444,0.0,DQN_RND,0.01,0.95,mountaincar,dense
1,101,-200.0,200,0.6523382067680359,-1.0,0.000427170074544847,0.0,DQN_RND,0.01,0.95,mountaincar,dense
1,102,-200.0,200,1.3191808462142944,-1.0,0.0004404942155815661,0.0,DQN_RND,0.01,0.95,mountaincar,dense
1,103,-200.0,200,0.3245973587036133,-1.0,0.00043336855014786124,0.0,DQN_RND,0.01,0.95,mountaincar,dense
1,104,-200.0,200,1.7569854259490967,-1.0,0.0003864910686388612,0.0,DQN_RND,0.01,0.95,mountaincar,dense
1,105,-200.0,200,0.051404938101768494,-1.0,0.000400915858335793,0.0,DQN_RND,0.01,0.95,mountaincar,dense
1,106,-200.0,200,0.7345712184906006,-1.0,0.0004148634907323867,0.0,DQN_RND,0.01,0.95,mountaincar,dense
1,107,-200.0,200,0.6371857523918152,-1.0,0.00039417704101651907,0.0,DQN_RND,0.01,0.95,mountaincar,dense
1,108,-200.0,200,0.0025020018219947815,-1.0,0.00044123525731265545,0.0,DQN_RND,0.01,0.95,mountaincar,dense
1,109,-200.0,200,0.7857769131660461,-1.0,0.00039036734960973263,0.0,DQN_RND,0.01,0.95,mountaincar,dense
1,110,-200.0,200,0.8025130033493042,-1.0,0.00040163067751564085,0.0,DQN_RND,0.01,0.95,mountaincar,dense
1,111,-200.0,200,0.38089340925216675,-1.0,0.0003757937520276755,0.0,DQN_RND,0.01,0.95,mountaincar,dense
1,112,-200.0,200,1.5731425285339355,-1.0,0.0003552657726686448,0.0,DQN_RND,0.01,0.95,mountaincar,dense
1,113,-200.0,200,1.1038870811462402,-1.0,0.00042826123535633087,0.0,DQN_RND,0.01,0.95,mountaincar,dense
1,114,-200.0,200,0.7391976714134216,-1.0,0.0003700701054185629,0.0,DQN_RND,0.01,0.95,mountaincar,dense
1,115,-200.0,200,0.0034596058540046215,-1.0,0.00044811569387093186,0.0,DQN_RND,0.01,0.95,mountaincar,dense
1,116,-200.0,200,1.2082780599594116,-1.0,0.0004068426787853241,0.0,DQN_RND,0.01,0.95,mountaincar,dense
1,117,-200.0,200,0.4023800492286682,-1.0,0.00047988074948079884,0.0,DQN_RND,0.01,0.95,mountaincar,dense
1,118,-200.0,200,0.002948257140815258,-1.0,0.00039328017737716436,0.0,DQN_RND,0.01,0.95,mountaincar,dense
1,119,-200.0,200,1.6879364252090454,-1.0,0.0003736744693014771,0.0,DQN_RND,0.01,0.95,mountaincar,dense
1,120,-200.0,200,1.5852231979370117,-1.0,0.00042896426748484373,0.0,DQN_RND,0.01,0.95,mountaincar,dense
1,121,-200.0,200,1.2011327743530273,-1.0,0.0004024420341011137,0.0,DQN_RND,0.01,0.95,mountaincar,dense
1,122,-200.0,200,0.3815067410469055,-1.0,0.0004122865211684257,0.0,DQN_RND,0.01,0.95,mountaincar,dense
1,123,-200.0,200,2.02095890045166,-1.0,0.000432192231528461,0.0,DQN_RND,0.01,0.95,mountaincar,dense
1,124,-200.0,200,1.527544379234314,-1.0,0.00046281787217594683,0.0,DQN_RND,0.01,0.95,mountaincar,dense
1,125,-200.0,200,1.1337051391601562,-1.0,0.00039972070953808725,0.0,DQN_RND,0.01,0.95,mountaincar,dense
1,126,-200.0,200,0.3530089259147644,-1.0,0.0003557853924576193,0.0,DQN_RND,0.01,0.95,mountaincar,dense
1,127,-200.0,200,0.0025027331430464983,-1.0,0.0003733834601007402,0.0,DQN_RND,0.01,0.95,mountaincar,dense
1,128,-200.0,200,1.5376242399215698,-1.0,0.0003586993261706084,0.0,DQN_RND,0.01,0.95,mountaincar,dense
1,129,-200.0,200,1.4703378677368164,-1.0,0.00034335633972659707,0.0,DQN_RND,0.01,0.95,mountaincar,dense
1,130,-200.0,200,0.36336925625801086,-1.0,0.0004501315124798566,0.0,DQN_RND,0.01,0.95,mountaincar,dense
1,131,-200.0,200,0.4555879831314087,-1.0,0.00038379314355552197,0.0,DQN_RND,0.01,0.95,mountaincar,dense
1,132,-200.0,200,1.148348331451416,-1.0,0.00035313129774294794,0.0,DQN_RND,0.01,0.95,mountaincar,dense
1,133,-200.0,200,2.061291217803955,-1.0,0.000369790883269161,0.0,DQN_RND,0.01,0.95,mountaincar,dense
1,134,-200.0,200,1.5134859085083008,-1.0,0.00040036594145931304,0.0,DQN_RND,0.01,0.95,mountaincar,dense
1,135,-200.0,200,0.4404764771461487,-1.0,0.0003954071144107729,0.0,DQN_RND,0.01,0.95,mountaincar,dense
1,136,-200.0,200,1.6799932718276978,-1.0,0.0003845868050120771,0.0,DQN_RND,0.01,0.95,mountaincar,dense
1,137,-200.0,200,0.7360981702804565,-1.0,0.00042786786798387766,0.0,DQN_RND,0.01,0.95,mountaincar,dense
1,138,-200.0,200,0.40865108370780945,-1.0,0.0004495815956033766,0.0,DQN_RND,0.01,0.95,mountaincar,dense
1,139,-200.0,200,2.43727707862854,-1.0,0.0003619073540903628,0.0,DQN_RND,0.01,0.95,mountaincar,dense
1,140,-200.0,200,1.9329899549484253,-1.0,0.0004016952880192548,0.0,DQN_RND,0.01,0.95,mountaincar,dense
1,141,-200.0,200,0.3692280054092407,-1.0,0.00037588662235066295,0.0,DQN_RND,0.01,0.95,mountaincar,dense
1,142,-200.0,200,0.3347700238227844,-1.0,0.00039618409937247634,0.0,DQN_RND,0.01,0.95,mountaincar,dense
1,143,-200.0,200,1.1623800992965698,-1.0,0.0003816956887021661,0.0,DQN_RND,0.01,0.95,mountaincar,dense
1,144,-200.0,200,1.5554903745651245,-1.0,0.00033905773307196796,0.0,DQN_RND,0.01,0.95,mountaincar,dense
1,145,-200.0,200,0.03333144634962082,-1.0,0.00035416195169091225,0.0,DQN_RND,0.01,0.95,mountaincar,dense
1,146,-200.0,200,0.44833773374557495,-1.0,0.000387088191928342,0.0,DQN_RND,0.01,0.95,mountaincar,dense
1,147,-200.0,200,1.2591043710708618,-1.0,0.0004015901649836451,0.0,DQN_RND,0.01,0.95,mountaincar,dense
1,148,-200.0,200,0.010381512343883514,-1.0,0.00040153833106160164,0.0,DQN_RND,0.01,0.95,mountaincar,dense
1,149,-200.0,200,0.019233910366892815,-1.0,0.0003638002963270992,0.0,DQN_RND,0.01,0.95,mountaincar,dense
1,150,-200.0,200,1.6298868656158447,-1.0,0.00038536361535079777,0.0,DQN_RND,0.01,0.95,mountaincar,dense
1,151,-200.0,200,1.2096232175827026,-1.0,0.00038603777647949755,0.0,DQN_RND,0.01,0.95,mountaincar,dense
1,152,-200.0,200,1.6566864252090454,-1.0,0.00039388923323713243,0.0,DQN_RND,0.01,0.95,mountaincar,dense
1,153,-200.0,200,1.6578510999679565,-1.0,0.0003648544370662421,0.0,DQN_RND,0.01,0.95,mountaincar,dense
1,154,-200.0,200,3.8453071117401123,-1.0,0.0004570493765641004,0.0,DQN_RND,0.01,0.95,mountaincar,dense
1,155,-200.0,200,0.8235625624656677,-1.0,0.0003932688559871167,0.0,DQN_RND,0.01,0.95,mountaincar,dense
1,156,-200.0,200,1.3415172100067139,-1.0,0.0004546179552562535,0.0,DQN_RND,0.01,0.95,mountaincar,dense
1,157,-200.0,200,1.2937469482421875,-1.0,0.0003430739452596754,0.0,DQN_RND,0.01,0.95,mountaincar,dense
1,158,-200.0,200,0.49598902463912964,-1.0,0.000354125106241554,0.0,DQN_RND,0.01,0.95,mountaincar,dense
1,159,-200.0,200,1.238217830657959,-1.0,0.00039996596751734614,0.0,DQN_RND,0.01,0.95,mountaincar,dense
1,160,-200.0,200,0.4501417577266693,-1.0,0.00040450948290526867,0.0,DQN_RND,0.01,0.95,mountaincar,dense
1,161,-200.0,200,0.43687018752098083,-1.0,0.0004145607235841453,0.0,DQN_RND,0.01,0.95,mountaincar,dense
1,162,-200.0,200,0.9000632166862488,-1.0,0.00039500996354036033,0.0,DQN_RND,0.01,0.95,mountaincar,dense
1,163,-200.0,200,0.8801125288009644,-1.0,0.00042772653978317976,0.0,DQN_RND,0.01,0.95,mountaincar,dense
1,164,-200.0,200,0.8924081325531006,-1.0,0.0003693177714012563,0.0,DQN_RND,0.01,0.95,mountaincar,dense
1,165,-200.0,200,0.3654288947582245,-1.0,0.00035928963916376233,0.0,DQN_RND,0.01,0.95,mountaincar,dense
1,166,-200.0,200,1.211575984954834,-1.0,0.00038521032547578216,0.0,DQN_RND,0.01,0.95,mountaincar,dense
1,167,-200.0,200,1.265559196472168,-1.0,0.0003519472375046462,0.0,DQN_RND,0.01,0.95,mountaincar,dense
1,168,-200.0,200,0.38963672518730164,-1.0,0.00036295168683864176,0.0,DQN_RND,0.01,0.95,mountaincar,dense
1,169,-200.0,200,1.2833924293518066,-1.0,0.0003992411366198212,0.0,DQN_RND,0.01,0.95,mountaincar,dense
1,170,-200.0,200,1.825502872467041,-1.0,0.0004672452050726861,0.0,DQN_RND,0.01,0.95,mountaincar,dense
1,171,-200.0,200,2.5020077228546143,-1.0,0.0003942555049434304,0.0,DQN_RND,0.01,0.95,mountaincar,dense
1,172,-200.0,200,1.7244198322296143,-1.0,0.0003483782638795674,0.0,DQN_RND,0.01,0.95,mountaincar,dense
1,173,-200.0,200,0.816777229309082,-1.0,0.0004391845141071826,0.0,DQN_RND,0.01,0.95,mountaincar,dense
1,174,-200.0,200,0.7896641492843628,-1.0,0.0004645365697797388,0.0,DQN_RND,0.01,0.95,mountaincar,dense
1,175,-200.0,200,0.42374473810195923,-1.0,0.00038998527452349663,0.0,DQN_RND,0.01,0.95,mountaincar,dense
1,176,-200.0,200,1.3346213102340698,-1.0,0.00040484245982952416,0.0,DQN_RND,0.01,0.95,mountaincar,dense
1,177,-200.0,200,0.8973824977874756,-1.0,0.00036595494020730257,0.0,DQN_RND,0.01,0.95,mountaincar,dense
1,178,-200.0,200,0.9502804279327393,-1.0,0.00044013408478349447,0.0,DQN_RND,0.01,0.95,mountaincar,dense
1,179,-200.0,200,1.2269355058670044,-1.0,0.0004251233476679772,0.0,DQN_RND,0.01,0.95,mountaincar,dense
1,180,-200.0,200,0.8853171467781067,-1.0,0.0004145155835431069,0.0,DQN_RND,0.01,0.95,mountaincar,dense
1,181,-200.0,200,0.8134336471557617,-1.0,0.00042928129551000893,0.0,DQN_RND,0.01,0.95,mountaincar,dense
1,182,-200.0,200,0.8124827742576599,-1.0,0.00036531133810058236,0.0,DQN_RND,0.01,0.95,mountaincar,dense
1,183,-200.0,200,0.9201611280441284,-1.0,0.0003347652091179043,0.0,DQN_RND,0.01,0.95,mountaincar,dense
1,184,-200.0,200,0.8585091233253479,-1.0,0.00042155839037150145,0.0,DQN_RND,0.01,0.95,mountaincar,dense
1,185,-200.0,200,0.42242559790611267,-1.0,0.00037935699219815433,0.0,DQN_RND,0.01,0.95,mountaincar,dense
1,186,-200.0,200,0.4360732138156891,-1.0,0.00037956435699015856,0.0,DQN_RND,0.01,0.95,mountaincar,dense
1,187,-200.0,200,0.9110531806945801,-1.0,0.000408458843594417,0.0,DQN_RND,0.01,0.95,mountaincar,dense
1,188,-200.0,200,0.9114923477172852,-1.0,0.00036401464603841305,0.0,DQN_RND,0.01,0.95,mountaincar,dense
1,189,-200.0,200,1.51837956905365,-1.0,0.0003733651537913829,0.0,DQN_RND,0.01,0.95,mountaincar,dense
1,190,-200.0,200,2.925645112991333,-1.0,0.0003986386873293668,0.0,DQN_RND,0.01,0.95,mountaincar,dense
1,191,-200.0,200,0.9214847087860107,-1.0,0.00047326605999842286,0.0,DQN_RND,0.01,0.95,mountaincar,dense
1,192,-200.0,200,1.836180329322815,-1.0,0.00033938424894586205,0.0,DQN_RND,0.01,0.95,mountaincar,dense
1,193,-200.0,200,0.8732823729515076,-1.0,0.0003697792999446392,0.0,DQN_RND,0.01,0.95,mountaincar,dense
1,194,-200.0,200,1.3396425247192383,-1.0,0.00035540215321816504,0.0,DQN_RND,0.01,0.95,mountaincar,dense
1,195,-200.0,200,0.9231552481651306,-1.0,0.00039785774424672127,0.0,DQN_RND,0.01,0.95,mountaincar,dense
1,196,-200.0,200,0.017843028530478477,-1.0,0.0003687856951728463,0.0,DQN_RND,0.01,0.95,mountaincar,dense
1,197,-200.0,200,0.8643264770507812,-1.0,0.0003623350930865854,0.0,DQN_RND,0.01,0.95,mountaincar,dense
1,198,-200.0,200,2.276031017303467,-1.0,0.00035065427073277533,0.0,DQN_RND,0.01,0.95,mountaincar,dense
1,199,-200.0,200,0.943960964679718,-1.0,0.0004175891517661512,0.0,DQN_RND,0.01,0.95,mountaincar,dense
1,200,-200.0,200,1.3428661823272705,-1.0,0.00037845506449230015,0.0,DQN_RND,0.01,0.95,mountaincar,dense
1,201,-200.0,200,1.4206533432006836,-1.0,0.00037481289473362267,0.0,DQN_RND,0.01,0.95,mountaincar,dense
1,202,-200.0,200,0.9915890693664551,-1.0,0.0004135810013394803,0.0,DQN_RND,0.01,0.95,mountaincar,dense
1,203,-200.0,200,2.3140530586242676,-1.0,0.0003329726168885827,0.0,DQN_RND,0.01,0.95,mountaincar,dense
1,204,-200.0,200,2.277744770050049,-1.0,0.0004211970081087202,0.0,DQN_RND,0.01,0.95,mountaincar,dense
1,205,-200.0,200,1.4177649021148682,-1.0,0.00031957117607817054,0.0,DQN_RND,0.01,0.95,mountaincar,dense
1,206,-200.0,200,0.9487789273262024,-1.0,0.00038737698923796415,0.0,DQN_RND,0.01,0.95,mountaincar,dense
1,207,-200.0,200,1.8497153520584106,-1.0,0.0003309614839963615,0.0,DQN_RND,0.01,0.95,mountaincar,dense
1,208,-200.0,200,1.3658794164657593,-1.0,0.0003929852682631463,0.0,DQN_RND,0.01,0.95,mountaincar,dense
1,209,-200.0,200,0.9770989418029785,-1.0,0.0003607405524235219,0.0,DQN_RND,0.01,0.95,mountaincar,dense
1,210,-200.0,200,0.9377460479736328,-1.0,0.0003040547017008066,0.0,DQN_RND,0.01,0.95,mountaincar,dense
1,211,-200.0,200,2.3469674587249756,-1.0,0.00041986341238953173,0.0,DQN_RND,0.01,0.95,mountaincar,dense
1,212,-200.0,200,0.43535634875297546,-1.0,0.00038489067810587585,0.0,DQN_RND,0.01,0.95,mountaincar,dense
1,213,-200.0,200,2.312582492828369,-1.0,0.00034104747464880347,0.0,DQN_RND,0.01,0.95,mountaincar,dense
1,214,-200.0,200,0.01109369657933712,-1.0,0.00035165681038051844,0.0,DQN_RND,0.01,0.95,mountaincar,dense
1,215,-200.0,200,0.4541054666042328,-1.0,0.0003411959914956242,0.0,DQN_RND,0.01,0.95,mountaincar,dense
1,216,-200.0,200,0.9731152057647705,-1.0,0.00036777034983970225,0.0,DQN_RND,0.01,0.95,mountaincar,dense
1,217,-200.0,200,0.48502209782600403,-1.0,0.00036222560447640717,0.0,DQN_RND,0.01,0.95,mountaincar,dense
1,218,-200.0,200,0.8392816781997681,-1.0,0.00030106963822618127,0.0,DQN_RND,0.01,0.95,mountaincar,dense
1,219,-200.0,200,1.283776044845581,-1.0,0.00029872547020204365,0.0,DQN_RND,0.01,0.95,mountaincar,dense
1,220,-200.0,200,1.2872735261917114,-1.0,0.0003428496711421758,0.0,DQN_RND,0.01,0.95,mountaincar,dense
1,221,-200.0,200,1.265923261642456,-1.0,0.00044527786667458713,0.0,DQN_RND,0.01,0.95,mountaincar,dense
1,222,-200.0,200,0.9301408529281616,-1.0,0.0003181317006237805,0.0,DQN_RND,0.01,0.95,mountaincar,dense
1,223,-200.0,200,1.7711360454559326,-1.0,0.00037688418524339795,0.0,DQN_RND,0.01,0.95,mountaincar,dense
1,224,-200.0,200,0.8889551758766174,-1.0,0.0003752615302801132,0.0,DQN_RND,0.01,0.95,mountaincar,dense
1,225,-200.0,200,2.4001638889312744,-1.0,0.00036692796857096255,0.0,DQN_RND,0.01,0.95,mountaincar,dense
1,226,-200.0,200,1.3940268754959106,-1.0,0.0003396218817215413,0.0,DQN_RND,0.01,0.95,mountaincar,dense
1,227,-200.0,200,0.8898990750312805,-1.0,0.0003272838075645268,0.0,DQN_RND,0.01,0.95,mountaincar,dense
1,228,-200.0,200,1.0436229705810547,-1.0,0.00038849699194543064,0.0,DQN_RND,0.01,0.95,mountaincar,dense
1,229,-200.0,200,1.8849241733551025,-1.0,0.00033124900073744357,0.0,DQN_RND,0.01,0.95,mountaincar,dense
1,230,-200.0,200,2.5231289863586426,-1.0,0.00044698722194880247,0.0,DQN_RND,0.01,0.95,mountaincar,dense
1,231,-200.0,200,0.4829934239387512,-1.0,0.00041944283293560147,0.0,DQN_RND,0.01,0.95,mountaincar,dense
1,232,-200.0,200,0.010227427817881107,-1.0,0.00032628129702061415,0.0,DQN_RND,0.01,0.95,mountaincar,dense
1,233,-200.0,200,0.0027450108900666237,-1.0,0.00030190739198587835,0.0,DQN_RND,0.01,0.95,mountaincar,dense
1,234,-200.0,200,0.5367813110351562,-1.0,0.0003160628257319331,0.0,DQN_RND,0.01,0.95,mountaincar,dense
1,235,-200.0,200,1.0112481117248535,-1.0,0.00041376115405000746,0.0,DQN_RND,0.01,0.95,mountaincar,dense
1,236,-200.0,200,1.588154911994934,-1.0,0.00043721983092837036,0.0,DQN_RND,0.01,0.95,mountaincar,dense
1,237,-200.0,200,1.9002883434295654,-1.0,0.00033317942870780826,0.0,DQN_RND,0.01,0.95,mountaincar,dense
1,238,-200.0,200,2.9260425567626953,-1.0,0.00048648426309227943,0.0,DQN_RND,0.01,0.95,mountaincar,dense
1,239,-200.0,200,3.1306962966918945,-1.0,0.0003615426830947399,0.0,DQN_RND,0.01,0.95,mountaincar,dense
1,240,-200.0,200,0.9527828693389893,-1.0,0.00033181466278620064,0.0,DQN_RND,0.01,0.95,mountaincar,dense
1,241,-200.0,200,0.4588567912578583,-1.0,0.0003211339935660362,0.0,DQN_RND,0.01,0.95,mountaincar,dense
1,242,-200.0,200,0.43242397904396057,-1.0,0.00031194649636745453,0.0,DQN_RND,0.01,0.95,mountaincar,dense
1,243,-200.0,200,1.4545276165008545,-1.0,0.0004617482773028314,0.0,DQN_RND,0.01,0.95,mountaincar,dense
1,244,-200.0,200,0.9906351566314697,-1.0,0.00047741265734657645,0.0,DQN_RND,0.01,0.95,mountaincar,dense
1,245,-200.0,200,3.111288547515869,-1.0,0.00041895153117366135,0.0,DQN_RND,0.01,0.95,mountaincar,dense
1,246,-200.0,200,2.2944061756134033,-1.0,0.00031401831074617803,0.0,DQN_RND,0.01,0.95,mountaincar,dense
1,247,-200.0,200,1.0530908107757568,-1.0,0.00032855369499884546,0.0,DQN_RND,0.01,0.95,mountaincar,dense
1,248,-200.0,200,1.9619603157043457,-1.0,0.0003859628923237324,0.0,DQN_RND,0.01,0.95,mountaincar,dense
1,249,-200.0,200,1.445103406906128,-1.0,0.0003537770244292915,0.0,DQN_RND,0.01,0.95,mountaincar,dense
1,250,-200.0,200,1.4065417051315308,-1.0,0.00035176720120944083,0.0,DQN_RND,0.01,0.95,mountaincar,dense
1,251,-200.0,200,1.332364797592163,-1.0,0.00036764441756531596,0.0,DQN_RND,0.01,0.95,mountaincar,dense
1,252,-200.0,200,2.3487792015075684,-1.0,0.0004304356698412448,0.0,DQN_RND,0.01,0.95,mountaincar,dense
1,253,-200.0,200,1.3487688302993774,-1.0,0.0003351583145558834,0.0,DQN_RND,0.01,0.95,mountaincar,dense
1,254,-200.0,200,0.4687221944332123,-1.0,0.00031907737138681114,0.0,DQN_RND,0.01,0.95,mountaincar,dense
1,255,-200.0,200,1.502320408821106,-1.0,0.00030673094443045557,0.0,DQN_RND,0.01,0.95,mountaincar,dense
1,256,-200.0,200,1.508044719696045,-1.0,0.0003220998332835734,0.0,DQN_RND,0.01,0.95,mountaincar,dense
1,257,-200.0,200,2.0290963649749756,-1.0,0.0003799248661380261,0.0,DQN_RND,0.01,0.95,mountaincar,dense
1,258,-200.0,200,1.915440320968628,-1.0,0.00030656708986498415,0.0,DQN_RND,0.01,0.95,mountaincar,dense
1,259,-200.0,200,1.8237602710723877,-1.0,0.0003723235276993364,0.0,DQN_RND,0.01,0.95,mountaincar,dense
1,260,-200.0,200,1.4575366973876953,-1.0,0.0003132665588054806,0.0,DQN_RND,0.01,0.95,mountaincar,dense
1,261,-200.0,200,0.43840065598487854,-1.0,0.0003008121275343001,0.0,DQN_RND,0.01,0.95,mountaincar,dense
1,262,-200.0,200,1.4044932126998901,-1.0,0.0005089579499326646,0.0,DQN_RND,0.01,0.95,mountaincar,dense
1,263,-200.0,200,1.707252025604248,-1.0,0.0003316227230243385,0.0,DQN_RND,0.01,0.95,mountaincar,dense
1,264,-200.0,200,2.1379053592681885,-1.0,0.00036305910907685757,0.0,DQN_RND,0.01,0.95,mountaincar,dense
1,265,-200.0,200,1.4478312730789185,-1.0,0.00038071267772465944,0.0,DQN_RND,0.01,0.95,mountaincar,dense
1,266,-200.0,200,0.014343290589749813,-1.0,0.00043356919195502996,0.0,DQN_RND,0.01,0.95,mountaincar,dense
1,267,-200.0,200,0.5350815057754517,-1.0,0.0003284982230979949,0.0,DQN_RND,0.01,0.95,mountaincar,dense
1,268,-200.0,200,3.9780585765838623,-1.0,0.0004194964130874723,0.0,DQN_RND,0.01,0.95,mountaincar,dense
1,269,-200.0,200,2.3145945072174072,-1.0,0.0003754524514079094,0.0,DQN_RND,0.01,0.95,mountaincar,dense
1,270,-200.0,200,0.5773510336875916,-1.0,0.0002973682130686939,0.0,DQN_RND,0.01,0.95,mountaincar,dense
1,271,-200.0,200,0.5496435165405273,-1.0,0.0003505114873405546,0.0,DQN_RND,0.01,0.95,mountaincar,dense
1,272,-200.0,200,1.5992480516433716,-1.0,0.0002986225299537182,0.0,DQN_RND,0.01,0.95,mountaincar,dense
1,273,-200.0,200,1.200440526008606,-1.0,0.00030545081244781613,0.0,DQN_RND,0.01,0.95,mountaincar,dense
1,274,-200.0,200,0.009571167640388012,-1.0,0.0004084395768586546,0.0,DQN_RND,0.01,0.95,mountaincar,dense
1,275,-200.0,200,1.5212645530700684,-1.0,0.0003697466163430363,0.0,DQN_RND,0.01,0.95,mountaincar,dense
1,276,-200.0,200,1.611161470413208,-1.0,0.0004404275678098202,0.0,DQN_RND,0.01,0.95,mountaincar,dense
1,277,-200.0,200,3.353768825531006,-1.0,0.0004102940147276968,0.0,DQN_RND,0.01,0.95,mountaincar,dense
1,278,-200.0,200,1.6923009157180786,-1.0,0.00044045737013220787,0.0,DQN_RND,0.01,0.95,mountaincar,dense
1,279,-200.0,200,2.05171537399292,-1.0,0.0004084805550519377,0.0,DQN_RND,0.01,0.95,mountaincar,dense
1,280,-200.0,200,1.6057677268981934,-1.0,0.0004356912395451218,0.0,DQN_RND,0.01,0.95,mountaincar,dense
1,281,-200.0,200,1.5240446329116821,-1.0,0.00030530657386407256,0.0,DQN_RND,0.01,0.95,mountaincar,dense
1,282,-200.0,200,0.5526226162910461,-1.0,0.0002949934278149158,0.0,DQN_RND,0.01,0.95,mountaincar,dense
1,283,-200.0,200,1.0961885452270508,-1.0,0.0002891510957852006,0.0,DQN_RND,0.01,0.95,mountaincar,dense
1,284,-200.0,200,0.4840407967567444,-1.0,0.0003493588010314852,0.0,DQN_RND,0.01,0.95,mountaincar,dense
1,285,-200.0,200,0.5750373005867004,-1.0,0.0003179761697538197,0.0,DQN_RND,0.01,0.95,mountaincar,dense
1,286,-200.0,200,0.0067263152450323105,-1.0,0.0003807016764767468,0.0,DQN_RND,0.01,0.95,mountaincar,dense
1,287,-200.0,200,2.155366897583008,-1.0,0.00043492644908837974,0.0,DQN_RND,0.01,0.95,mountaincar,dense
1,288,-200.0,200,1.5999314785003662,-1.0,0.0004197063681203872,0.0,DQN_RND,0.01,0.95,mountaincar,dense
1,289,-200.0,200,0.9780091643333435,-1.0,0.00036080065183341503,0.0,DQN_RND,0.01,0.95,mountaincar,dense
1,290,-200.0,200,2.4351658821105957,-1.0,0.0003387243486940861,0.0,DQN_RND,0.01,0.95,mountaincar,dense
1,291,-200.0,200,0.437968373298645,-1.0,0.0002881589171011001,0.0,DQN_RND,0.01,0.95,mountaincar,dense
1,292,-200.0,200,0.864578366279602,-1.0,0.00042695822776295245,0.0,DQN_RND,0.01,0.95,mountaincar,dense
1,293,-200.0,200,0.40601783990859985,-1.0,0.0003001631412189454,0.0,DQN_RND,0.01,0.95,mountaincar,dense
1,294,-200.0,200,0.4854148328304291,-1.0,0.0002876321959774941,0.0,DQN_RND,0.01,0.95,mountaincar,dense
1,295,-200.0,200,0.8557000160217285,-1.0,0.0002945283195003867,0.0,DQN_RND,0.01,0.95,mountaincar,dense
1,296,-200.0,200,1.3087599277496338,-1.0,0.00032199008273892105,0.0,DQN_RND,0.01,0.95,mountaincar,dense
1,297,-200.0,200,0.49945178627967834,-1.0,0.00027963152388110757,0.0,DQN_RND,0.01,0.95,mountaincar,dense
1,298,-200.0,200,0.8733770847320557,-1.0,0.0004473451117519289,0.0,DQN_RND,0.01,0.95,mountaincar,dense
1,299,-200.0,200,0.8795133233070374,-1.0,0.0002889700117520988,0.0,DQN_RND,0.01,0.95,mountaincar,dense
1,300,-200.0,200,0.44641798734664917,-1.0,0.00042813344043679535,0.0,DQN_RND,0.01,0.95,mountaincar,dense
1,301,-200.0,200,2.228628635406494,-1.0,0.00040684363921172917,0.0,DQN_RND,0.01,0.95,mountaincar,dense
1,302,-200.0,200,2.1685526371002197,-1.0,0.0002943898434750736,0.0,DQN_RND,0.01,0.95,mountaincar,dense
1,303,-200.0,200,0.0028720658738166094,-1.0,0.0003370931663084775,0.0,DQN_RND,0.01,0.95,mountaincar,dense
1,304,-200.0,200,0.017349114641547203,-1.0,0.00036033085780218244,0.0,DQN_RND,0.01,0.95,mountaincar,dense
1,305,-200.0,200,1.2409251928329468,-1.0,0.000289715186227113,0.0,DQN_RND,0.01,0.95,mountaincar,dense
1,306,-200.0,200,0.4758821725845337,-1.0,0.0003964593051932752,0.0,DQN_RND,0.01,0.95,mountaincar,dense
1,307,-200.0,200,2.7874746322631836,-1.0,0.00033141273888759315,0.0,DQN_RND,0.01,0.95,mountaincar,dense
1,308,-200.0,200,0.48387596011161804,-1.0,0.0003292779147159308,0.0,DQN_RND,0.01,0.95,mountaincar,dense
1,309,-200.0,200,0.9523182511329651,-1.0,0.00034139829222112894,0.0,DQN_RND,0.01,0.95,mountaincar,dense
1,310,-200.0,200,2.4615917205810547,-1.0,0.0002865708665922284,0.0,DQN_RND,0.01,0.95,mountaincar,dense
1,311,-200.0,200,2.2320008277893066,-1.0,0.00040716363582760096,0.0,DQN_RND,0.01,0.95,mountaincar,dense
1,312,-200.0,200,0.46449869871139526,-1.0,0.00036307278787717223,0.0,DQN_RND,0.01,0.95,mountaincar,dense
1,313,-200.0,200,1.703158974647522,-1.0,0.0004222055431455374,0.0,DQN_RND,0.01,0.95,mountaincar,dense
1,314,-200.0,200,0.43357178568840027,-1.0,0.00026506706490181386,0.0,DQN_RND,0.01,0.95,mountaincar,dense
1,315,-200.0,200,2.187485456466675,-1.0,0.0002887131122406572,0.0,DQN_RND,0.01,0.95,mountaincar,dense
1,316,-200.0,200,1.021893858909607,-1.0,0.0002720907796174288,0.0,DQN_RND,0.01,0.95,mountaincar,dense
1,317,-200.0,200,1.3182746171951294,-1.0,0.00033897149842232466,0.0,DQN_RND,0.01,0.95,mountaincar,dense
1,318,-200.0,200,1.0472815036773682,-1.0,0.0003893582907039672,0.0,DQN_RND,0.01,0.95,mountaincar,dense
1,319,-200.0,200,0.9634220600128174,-1.0,0.0003663107636384666,0.0,DQN_RND,0.01,0.95,mountaincar,dense
1,320,-200.0,200,2.5494983196258545,-1.0,0.0002637747093103826,0.0,DQN_RND,0.01,0.95,mountaincar,dense
1,321,-200.0,200,0.4644595980644226,-1.0,0.00029199125128798187,0.0,DQN_RND,0.01,0.95,mountaincar,dense
1,322,-200.0,200,0.9719088077545166,-1.0,0.0002678149612620473,0.0,DQN_RND,0.01,0.95,mountaincar,dense
1,323,-200.0,200,2.2208874225616455,-1.0,0.00028171137091703713,0.0,DQN_RND,0.01,0.95,mountaincar,dense
1,324,-200.0,200,1.9193445444107056,-1.0,0.0002996810944750905,0.0,DQN_RND,0.01,0.95,mountaincar,dense
1,325,-200.0,200,1.863338589668274,-1.0,0.0002584524918347597,0.0,DQN_RND,0.01,0.95,mountaincar,dense
1,326,-200.0,200,0.47600221633911133,-1.0,0.00038452964508906007,0.0,DQN_RND,0.01,0.95,mountaincar,dense
1,327,-200.0,200,1.965850591659546,-1.0,0.0003303235280327499,0.0,DQN_RND,0.01,0.95,mountaincar,dense
1,328,-200.0,200,1.3455958366394043,-1.0,0.000409590924391523,0.0,DQN_RND,0.01,0.95,mountaincar,dense
1,329,-200.0,200,0.9649876356124878,-1.0,0.00026406251708976924,0.0,DQN_RND,0.01,0.95,mountaincar,dense
1,330,-200.0,200,1.813503384590149,-1.0,0.0004108297871425748,0.0,DQN_RND,0.01,0.95,mountaincar,dense
1,331,-200.0,200,0.4568484425544739,-1.0,0.000341885257512331,0.0,DQN_RND,0.01,0.95,mountaincar,dense
1,332,-200.0,200,1.243181824684143,-1.0,0.0002733917790465057,0.0,DQN_RND,0.01,0.95,mountaincar,dense
1,333,-200.0,200,0.004936817567795515,-1.0,0.00028798813582398,0.0,DQN_RND,0.01,0.95,mountaincar,dense
1,334,-200.0,200,1.0099512338638306,-1.0,0.00032817883766256273,0.0,DQN_RND,0.01,0.95,mountaincar,dense
1,335,-200.0,200,0.8463360071182251,-1.0,0.0002627150679472834,0.0,DQN_RND,0.01,0.95,mountaincar,dense
1,336,-200.0,200,1.9628084897994995,-1.0,0.00032089854357764125,0.0,DQN_RND,0.01,0.95,mountaincar,dense
1,337,-200.0,200,1.8724541664123535,-1.0,0.0002807407872751355,0.0,DQN_RND,0.01,0.95,mountaincar,dense
1,338,-200.0,200,2.3231592178344727,-1.0,0.0003428072086535394,0.0,DQN_RND,0.01,0.95,mountaincar,dense
1,339,-200.0,200,0.9501245617866516,-1.0,0.0003276530187577009,0.0,DQN_RND,0.01,0.95,mountaincar,dense
1,340,-200.0,200,1.9753005504608154,-1.0,0.00028035446302965283,0.0,DQN_RND,0.01,0.95,mountaincar,dense
1,341,-200.0,200,1.6598646640777588,-1.0,0.0003549762477632612,0.0,DQN_RND,0.01,0.95,mountaincar,dense
1,342,-200.0,200,0.006779846735298634,-1.0,0.0002775221655610949,0.0,DQN_RND,0.01,0.95,mountaincar,dense
1,343,-200.0,200,1.4104342460632324,-1.0,0.00027555107953958213,0.0,DQN_RND,0.01,0.95,mountaincar,dense
1,344,-200.0,200,1.475329875946045,-1.0,0.00033168442314490676,0.0,DQN_RND,0.01,0.95,mountaincar,dense
1,345,-200.0,200,1.5376780033111572,-1.0,0.00047548621660098433,0.0,DQN_RND,0.01,0.95,mountaincar,dense
1,346,-200.0,200,0.5488980412483215,-1.0,0.00036900490522384644,0.0,DQN_RND,0.01,0.95,mountaincar,dense
1,347,-200.0,200,0.9750757217407227,-1.0,0.0003274992050137371,0.0,DQN_RND,0.01,0.95,mountaincar,dense
1,348,-200.0,200,1.0015615224838257,-1.0,0.000426217244239524,0.0,DQN_RND,0.01,0.95,mountaincar,dense
1,349,-200.0,200,1.4542688131332397,-1.0,0.00042349754949100316,0.0,DQN_RND,0.01,0.95,mountaincar,dense
1,350,-200.0,200,0.9066866040229797,-1.0,0.00042961150757037103,0.0,DQN_RND,0.01,0.95,mountaincar,dense
1,351,-200.0,200,1.542250156402588,-1.0,0.00036098359851166606,0.0,DQN_RND,0.01,0.95,mountaincar,dense
1,352,-200.0,200,0.9798071384429932,-1.0,0.0004183772252872586,0.0,DQN_RND,0.01,0.95,mountaincar,dense
1,353,-200.0,200,1.6264147758483887,-1.0,0.000377329473849386,0.0,DQN_RND,0.01,0.95,mountaincar,dense
1,354,-200.0,200,0.47074761986732483,-1.0,0.00042447770829312503,0.0,DQN_RND,0.01,0.95,mountaincar,dense
1,355,-200.0,200,1.0213377475738525,-1.0,0.0002814382896758616,0.0,DQN_RND,0.01,0.95,mountaincar,dense
1,356,-200.0,200,0.4651208221912384,-1.0,0.0004005567170679569,0.0,DQN_RND,0.01,0.95,mountaincar,dense
1,357,-200.0,200,0.870280921459198,-1.0,0.0004558869986794889,0.0,DQN_RND,0.01,0.95,mountaincar,dense
1,358,-200.0,200,1.3819530010223389,-1.0,0.0002866400755010545,0.0,DQN_RND,0.01,0.95,mountaincar,dense
1,359,-200.0,200,1.5669533014297485,-1.0,0.00026546831941232085,0.0,DQN_RND,0.01,0.95,mountaincar,dense
1,360,-200.0,200,2.3168275356292725,-1.0,0.00032795517472550273,0.0,DQN_RND,0.01,0.95,mountaincar,dense
1,361,-200.0,200,0.49276888370513916,-1.0,0.0003185993409715593,0.0,DQN_RND,0.01,0.95,mountaincar,dense
1,362,-200.0,200,0.49405577778816223,-1.0,0.0002743235672824085,0.0,DQN_RND,0.01,0.95,mountaincar,dense
1,363,-200.0,200,3.123422384262085,-1.0,0.0002708297688513994,0.0,DQN_RND,0.01,0.95,mountaincar,dense
1,364,-200.0,200,1.010229468345642,-1.0,0.00026569500914774835,0.0,DQN_RND,0.01,0.95,mountaincar,dense
1,365,-200.0,200,1.0088332891464233,-1.0,0.0002756538160610944,0.0,DQN_RND,0.01,0.95,mountaincar,dense
1,366,-200.0,200,1.97854483127594,-1.0,0.00026372805587016046,0.0,DQN_RND,0.01,0.95,mountaincar,dense
1,367,-200.0,200,2.034531354904175,-1.0,0.000273285957518965,0.0,DQN_RND,0.01,0.95,mountaincar,dense
1,368,-200.0,200,0.9613776206970215,-1.0,0.0002717294846661389,0.0,DQN_RND,0.01,0.95,mountaincar,dense
1,369,-200.0,200,1.5397257804870605,-1.0,0.0003536950098350644,0.0,DQN_RND,0.01,0.95,mountaincar,dense
1,370,-200.0,200,2.4525978565216064,-1.0,0.0003358249960001558,0.0,DQN_RND,0.01,0.95,mountaincar,dense
1,371,-200.0,200,1.0373597145080566,-1.0,0.0004352638788986951,0.0,DQN_RND,0.01,0.95,mountaincar,dense
1,372,-200.0,200,0.00370744988322258,-1.0,0.0003781031700782478,0.0,DQN_RND,0.01,0.95,mountaincar,dense
1,373,-200.0,200,1.0976598262786865,-1.0,0.00034304382279515266,0.0,DQN_RND,0.01,0.95,mountaincar,dense
1,374,-200.0,200,0.4806448519229889,-1.0,0.00032795677543617785,0.0,DQN_RND,0.01,0.95,mountaincar,dense
1,375,-200.0,200,1.5506302118301392,-1.0,0.00027259057969786227,0.0,DQN_RND,0.01,0.95,mountaincar,dense
1,376,-200.0,200,2.059697151184082,-1.0,0.00041288937791250646,0.0,DQN_RND,0.01,0.95,mountaincar,dense
1,377,-200.0,200,1.1682748794555664,-1.0,0.0002585996116977185,0.0,DQN_RND,0.01,0.95,mountaincar,dense
1,378,-200.0,200,0.5339796543121338,-1.0,0.0004425856750458479,0.0,DQN_RND,0.01,0.95,mountaincar,dense
1,379,-200.0,200,0.006169581785798073,-1.0,0.00040169258136302233,0.0,DQN_RND,0.01,0.95,mountaincar,dense
1,380,-200.0,200,1.028627872467041,-1.0,0.00046181626385077834,0.0,DQN_RND,0.01,0.95,mountaincar,dense
1,381,-200.0,200,1.0254111289978027,-1.0,0.0003165431262459606,0.0,DQN_RND,0.01,0.95,mountaincar,dense
1,382,-200.0,200,1.6140029430389404,-1.0,0.0002820197551045567,0.0,DQN_RND,0.01,0.95,mountaincar,dense
1,383,-200.0,200,0.524516761302948,-1.0,0.00043870467925444245,0.0,DQN_RND,0.01,0.95,mountaincar,dense
1,384,-200.0,200,2.788534641265869,-1.0,0.0003358458634465933,0.0,DQN_RND,0.01,0.95,mountaincar,dense
1,385,-200.0,200,1.5624969005584717,-1.0,0.00033691967837512493,0.0,DQN_RND,0.01,0.95,mountaincar,dense
1,386,-200.0,200,0.009624064899981022,-1.0,0.0002864681009668857,0.0,DQN_RND,0.01,0.95,mountaincar,dense
1,387,-200.0,200,0.0020968785975128412,-1.0,0.00027021655114367604,0.0,DQN_RND,0.01,0.95,mountaincar,dense
1,388,-200.0,200,1.6565806865692139,-1.0,0.0002975469978991896,0.0,DQN_RND,0.01,0.95,mountaincar,dense
1,389,-200.0,200,1.2814360857009888,-1.0,0.00042402950930409133,0.0,DQN_RND,0.01,0.95,mountaincar,dense
1,390,-200.0,200,2.3739895820617676,-1.0,0.0004419759497977793,0.0,DQN_RND,0.01,0.95,mountaincar,dense
1,391,-200.0,200,2.4152486324310303,-1.0,0.00031528930412605405,0.0,DQN_RND,0.01,0.95,mountaincar,dense
1,392,-200.0,200,1.7013709545135498,-1.0,0.0003150456468574703,0.0,DQN_RND,0.01,0.95,mountaincar,dense
1,393,-200.0,200,2.6874289512634277,-1.0,0.0002465305442456156,0.0,DQN_RND,0.01,0.95,mountaincar,dense
1,394,-200.0,200,1.0674049854278564,-1.0,0.00040557730244472623,0.0,DQN_RND,0.01,0.95,mountaincar,dense
1,395,-200.0,200,1.109635353088379,-1.0,0.0003953894192818552,0.0,DQN_RND,0.01,0.95,mountaincar,dense
1,396,-200.0,200,1.0419464111328125,-1.0,0.0002751448191702366,0.0,DQN_RND,0.01,0.95,mountaincar,dense
1,397,-200.0,200,1.0883774757385254,-1.0,0.00025990046560764313,0.0,DQN_RND,0.01,0.95,mountaincar,dense
1,398,-200.0,200,1.0692030191421509,-1.0,0.00038610040792264044,0.0,DQN_RND,0.01,0.95,mountaincar,dense
1,399,-200.0,200,0.5397735238075256,-1.0,0.00024325901176780462,0.0,DQN_RND,0.01,0.95,mountaincar,dense
1,400,-200.0,200,0.9945336580276489,-1.0,0.0002439697418594733,0.0,DQN_RND,0.01,0.95,mountaincar,dense
1,401,-200.0,200,2.4220352172851562,-1.0,0.00033183410414494574,0.0,DQN_RND,0.01,0.95,mountaincar,dense
1,402,-200.0,200,1.0361264944076538,-1.0,0.0003278451331425458,0.0,DQN_RND,0.01,0.95,mountaincar,dense
1,403,-200.0,200,0.015880728140473366,-1.0,0.00026393294683657587,0.0,DQN_RND,0.01,0.95,mountaincar,dense
1,404,-200.0,200,1.4720942974090576,-1.0,0.00025943160289898515,0.0,DQN_RND,0.01,0.95,mountaincar,dense
1,405,-200.0,200,0.5613697171211243,-1.0,0.00024046508769970387,0.0,DQN_RND,0.01,0.95,mountaincar,dense
1,406,-200.0,200,1.0184340476989746,-1.0,0.00026992082712240517,0.0,DQN_RND,0.01,0.95,mountaincar,dense
1,407,-200.0,200,1.243277668952942,-1.0,0.0002279651234857738,0.0,DQN_RND,0.01,0.95,mountaincar,dense
1,408,-200.0,200,1.555660605430603,-1.0,0.00039617563015781343,0.0,DQN_RND,0.01,0.95,mountaincar,dense
1,409,-200.0,200,1.0097161531448364,-1.0,0.000244847615249455,0.0,DQN_RND,0.01,0.95,mountaincar,dense
1,410,-200.0,200,1.4560892581939697,-1.0,0.00031355334795080125,0.0,DQN_RND,0.01,0.95,mountaincar,dense
1,411,-200.0,200,0.5279495120048523,-1.0,0.0003129594842903316,0.0,DQN_RND,0.01,0.95,mountaincar,dense
1,412,-200.0,200,1.1202006340026855,-1.0,0.00033798415097407997,0.0,DQN_RND,0.01,0.95,mountaincar,dense
1,413,-200.0,200,1.0820127725601196,-1.0,0.0004210939514450729,0.0,DQN_RND,0.01,0.95,mountaincar,dense
1,414,-200.0,200,1.9702832698822021,-1.0,0.000259733060374856,0.0,DQN_RND,0.01,0.95,mountaincar,dense
1,415,-200.0,200,1.0059564113616943,-1.0,0.00023754056019242853,0.0,DQN_RND,0.01,0.95,mountaincar,dense
1,416,-200.0,200,0.5363337993621826,-1.0,0.000409948785090819,0.0,DQN_RND,0.01,0.95,mountaincar,dense
1,417,-200.0,200,3.079989433288574,-1.0,0.0003190798743162304,0.0,DQN_RND,0.01,0.95,mountaincar,dense
1,418,-200.0,200,1.1469923257827759,-1.0,0.0002329967828700319,0.0,DQN_RND,0.01,0.95,mountaincar,dense
1,419,-200.0,200,0.5120550990104675,-1.0,0.00025316126993857324,0.0,DQN_RND,0.01,0.95,mountaincar,dense
1,420,-200.0,200,0.5199150443077087,-1.0,0.0002245815994683653,0.0,DQN_RND,0.01,0.95,mountaincar,dense
1,421,-200.0,200,1.0370680093765259,-1.0,0.00039064098382368684,0.0,DQN_RND,0.01,0.95,mountaincar,dense
1,422,-200.0,200,1.5727205276489258,-1.0,0.00040858652209863067,0.0,DQN_RND,0.01,0.95,mountaincar,dense
1,423,-200.0,200,0.999225378036499,-1.0,0.00023571665224153548,0.0,DQN_RND,0.01,0.95,mountaincar,dense
1,424,-200.0,200,1.0680190324783325,-1.0,0.0003165682719554752,0.0,DQN_RND,0.01,0.95,mountaincar,dense
1,425,-200.0,200,0.5117306113243103,-1.0,0.00023965643777046353,0.0,DQN_RND,0.01,0.95,mountaincar,dense
1,426,-200.0,200,1.9458017349243164,-1.0,0.0002495845837984234,0.0,DQN_RND,0.01,0.95,mountaincar,dense
1,427,-200.0,200,1.6777215003967285,-1.0,0.0003615785972215235,0.0,DQN_RND,0.01,0.95,mountaincar,dense
1,428,-200.0,200,1.5669866800308228,-1.0,0.00041911780135706067,0.0,DQN_RND,0.01,0.95,mountaincar,dense
1,429,-200.0,200,1.0125232934951782,-1.0,0.0004385964130051434,0.0,DQN_RND,0.01,0.95,mountaincar,dense
1,430,-200.0,200,0.011346827261149883,-1.0,0.000445209356257692,0.0,DQN_RND,0.01,0.95,mountaincar,dense
1,431,-200.0,200,1.09534752368927,-1.0,0.0004295398248359561,0.0,DQN_RND,0.01,0.95,mountaincar,dense
1,432,-200.0,200,1.0686935186386108,-1.0,0.0003026776830665767,0.0,DQN_RND,0.01,0.95,mountaincar,dense
1,433,-200.0,200,0.4734498858451843,-1.0,0.0004113087197765708,0.0,DQN_RND,0.01,0.95,mountaincar,dense
1,434,-200.0,200,1.0208494663238525,-1.0,0.00023487836006097496,0.0,DQN_RND,0.01,0.95,mountaincar,dense
1,435,-200.0,200,1.571488618850708,-1.0,0.00024820168619044125,0.0,DQN_RND,0.01,0.95,mountaincar,dense
1,436,-200.0,200,0.00619213841855526,-1.0,0.00023098666861187667,0.0,DQN_RND,0.01,0.95,mountaincar,dense
1,437,-200.0,200,1.7382256984710693,-1.0,0.00032445360557176173,0.0,DQN_RND,0.01,0.95,mountaincar,dense
1,438,-200.0,200,1.2671074867248535,-1.0,0.0003115528088528663,0.0,DQN_RND,0.01,0.95,mountaincar,dense
1,439,-200.0,200,1.6068452596664429,-1.0,0.0004154081689193845,0.0,DQN_RND,0.01,0.95,mountaincar,dense
1,440,-200.0,200,0.49554237723350525,-1.0,0.00039124462637118995,0.0,DQN_RND,0.01,0.95,mountaincar,dense
1,441,-200.0,200,3.189851760864258,-1.0,0.00024947396013885736,0.0,DQN_RND,0.01,0.95,mountaincar,dense
1,442,-200.0,200,1.657560110092163,-1.0,0.00040027432260103524,0.0,DQN_RND,0.01,0.95,mountaincar,dense
1,443,-200.0,200,1.1483063697814941,-1.0,0.00039542652666568756,0.0,DQN_RND,0.01,0.95,mountaincar,dense
1,444,-200.0,200,2.6575887203216553,-1.0,0.0004090105358045548,0.0,DQN_RND,0.01,0.95,mountaincar,dense
1,445,-200.0,200,1.105194330215454,-1.0,0.0002976793621201068,0.0,DQN_RND,0.01,0.95,mountaincar,dense
1,446,-200.0,200,1.5341063737869263,-1.0,0.000290254014544189,0.0,DQN_RND,0.01,0.95,mountaincar,dense
1,447,-200.0,200,0.0028365133330225945,-1.0,0.00023096484073903412,0.0,DQN_RND,0.01,0.95,mountaincar,dense
1,448,-200.0,200,0.4907195270061493,-1.0,0.0003001239965669811,0.0,DQN_RND,0.01,0.95,mountaincar,dense
1,449,-200.0,200,0.611430823802948,-1.0,0.00041855633025988936,0.0,DQN_RND,0.01,0.95,mountaincar,dense
1,450,-200.0,200,2.354546070098877,-1.0,0.00042806752026081085,0.0,DQN_RND,0.01,0.95,mountaincar,dense
1,451,-200.0,200,0.564231276512146,-1.0,0.00023660319857299328,0.0,DQN_RND,0.01,0.95,mountaincar,dense
1,452,-200.0,200,1.1632163524627686,-1.0,0.0003088832600042224,0.0,DQN_RND,0.01,0.95,mountaincar,dense
1,453,-200.0,200,2.9278838634490967,-1.0,0.00030647270614281297,0.0,DQN_RND,0.01,0.95,mountaincar,dense
1,454,-200.0,200,2.2691309452056885,-1.0,0.00041711036465130746,0.0,DQN_RND,0.01,0.95,mountaincar,dense
1,455,-200.0,200,0.643448531627655,-1.0,0.000437331385910511,0.0,DQN_RND,0.01,0.95,mountaincar,dense
1,456,-200.0,200,1.6931698322296143,-1.0,0.0004193629138171673,0.0,DQN_RND,0.01,0.95,mountaincar,dense
1,457,-200.0,200,0.6534784436225891,-1.0,0.00041661071009002626,0.0,DQN_RND,0.01,0.95,mountaincar,dense
1,458,-200.0,200,0.012596908025443554,-1.0,0.0003602522483561188,0.0,DQN_RND,0.01,0.95,mountaincar,dense
1,459,-200.0,200,1.0716053247451782,-1.0,0.0004599241947289556,0.0,DQN_RND,0.01,0.95,mountaincar,dense
1,460,-200.0,200,0.006024925038218498,-1.0,0.0003291750617790967,0.0,DQN_RND,0.01,0.95,mountaincar,dense
1,461,-200.0,200,0.6095365285873413,-1.0,0.00028937135357409716,0.0,DQN_RND,0.01,0.95,mountaincar,dense
1,462,-200.0,200,0.6116641759872437,-1.0,0.00039648578967899084,0.0,DQN_RND,0.01,0.95,mountaincar,dense
1,463,-200.0,200,1.2726008892059326,-1.0,0.0004163026751484722,0.0,DQN_RND,0.01,0.95,mountaincar,dense
1,464,-200.0,200,2.451429843902588,-1.0,0.00023292544938158244,0.0,DQN_RND,0.01,0.95,mountaincar,dense
1,465,-200.0,200,2.9801621437072754,-1.0,0.00023214965767692775,0.0,DQN_RND,0.01,0.95,mountaincar,dense
1,466,-200.0,200,0.004516783636063337,-1.0,0.00021752230532001704,0.0,DQN_RND,0.01,0.95,mountaincar,dense
1,467,-200.0,200,1.7578775882720947,-1.0,0.00021687346452381462,0.0,DQN_RND,0.01,0.95,mountaincar,dense
1,468,-200.0,200,2.3656198978424072,-1.0,0.000386496918508783,0.0,DQN_RND,0.01,0.95,mountaincar,dense
1,469,-200.0,200,1.1373999118804932,-1.0,0.00021393733914010227,0.0,DQN_RND,0.01,0.95,mountaincar,dense
1,470,-200.0,200,2.3782572746276855,-1.0,0.0002335722092539072,0.0,DQN_RND,0.01,0.95,mountaincar,dense
1,471,-200.0,200,0.004838382359594107,-1.0,0.00021662513609044254,0.0,DQN_RND,0.01,0.95,mountaincar,dense
1,472,-200.0,200,2.6641664505004883,-1.0,0.0003300482057966292,0.0,DQN_RND,0.01,0.95,mountaincar,dense
1,473,-200.0,200,0.6481649279594421,-1.0,0.0002896099758800119,0.0,DQN_RND,0.01,0.95,mountaincar,dense
1,474,-200.0,200,0.0036593747790902853,-1.0,0.0004573179758153856,0.0,DQN_RND,0.01,0.95,mountaincar,dense
1,475,-200.0,200,0.5677632093429565,-1.0,0.00034499491448514163,0.0,DQN_RND,0.01,0.95,mountaincar,dense
1,476,-200.0,200,1.0944856405258179,-1.0,0.0002212486433563754,0.0,DQN_RND,0.01,0.95,mountaincar,dense
1,477,-200.0,200,1.6752111911773682,-1.0,0.00030175078427419066,0.0,DQN_RND,0.01,0.95,mountaincar,dense
1,478,-200.0,200,2.263996124267578,-1.0,0.0004061601939611137,0.0,DQN_RND,0.01,0.95,mountaincar,dense
1,479,-200.0,200,2.5424203872680664,-1.0,0.00020020084048155695,0.0,DQN_RND,0.01,0.95,mountaincar,dense
1,480,-200.0,200,2.327877998352051,-1.0,0.00023668279754929245,0.0,DQN_RND,0.01,0.95,mountaincar,dense
1,481,-200.0,200,0.03055036999285221,-1.0,0.00023306756338570267,0.0,DQN_RND,0.01,0.95,mountaincar,dense
1,482,-200.0,200,2.1609911918640137,-1.0,0.0002160149160772562,0.0,DQN_RND,0.01,0.95,mountaincar,dense
1,483,-200.0,200,2.420091152191162,-1.0,0.0004481417709030211,0.0,DQN_RND,0.01,0.95,mountaincar,dense
1,484,-200.0,200,1.481332540512085,-1.0,0.00028784997994080186,0.0,DQN_RND,0.01,0.95,mountaincar,dense
1,485,-200.0,200,1.5378150939941406,-1.0,0.0002903311687987298,0.0,DQN_RND,0.01,0.95,mountaincar,dense
1,486,-200.0,200,2.022366523742676,-1.0,0.0002108129410771653,0.0,DQN_RND,0.01,0.95,mountaincar,dense
1,487,-200.0,200,1.4239410161972046,-1.0,0.0002229614183306694,0.0,DQN_RND,0.01,0.95,mountaincar,dense
1,488,-200.0,200,0.5927029252052307,-1.0,0.00021154474234208465,0.0,DQN_RND,0.01,0.95,mountaincar,dense
1,489,-200.0,200,1.016547441482544,-1.0,0.00040360153070650995,0.0,DQN_RND,0.01,0.95,mountaincar,dense
1,490,-200.0,200,0.5630513429641724,-1.0,0.00040092162089422345,0.0,DQN_RND,0.01,0.95,mountaincar,dense
1,491,-200.0,200,1.198421835899353,-1.0,0.00022302722209133208,0.0,DQN_RND,0.01,0.95,mountaincar,dense
1,492,-200.0,200,0.635698676109314,-1.0,0.0004058650811202824,0.0,DQN_RND,0.01,0.95,mountaincar,dense
1,493,-200.0,200,1.944329023361206,-1.0,0.00045726096141152084,0.0,DQN_RND,0.01,0.95,mountaincar,dense
1,494,-200.0,200,1.0149959325790405,-1.0,0.00022376557171810418,0.0,DQN_RND,0.01,0.95,mountaincar,dense
1,495,-200.0,200,0.00270176213234663,-1.0,0.0003232055460102856,0.0,DQN_RND,0.01,0.95,mountaincar,dense
1,496,-200.0,200,2.569216728210449,-1.0,0.00038151853368617594,0.0,DQN_RND,0.01,0.95,mountaincar,dense
1,497,-200.0,200,1.665550947189331,-1.0,0.00030863427673466504,0.0,DQN_RND,0.01,0.95,mountaincar,dense
1,498,-200.0,200,1.0795173645019531,-1.0,0.00041440321365371346,0.0,DQN_RND,0.01,0.95,mountaincar,dense
1,499,-200.0,200,0.5238969922065735,-1.0,0.00029551752959378064,0.0,DQN_RND,0.01,0.95,mountaincar,dense
1,500,-200.0,200,0.509078860282898,-1.0,0.0002890848263632506,0.0,DQN_RND,0.01,0.95,mountaincar,dense
1,501,-200.0,200,1.6589258909225464,-1.0,0.00031571954605169594,0.0,DQN_RND,0.01,0.95,mountaincar,dense
1,502,-200.0,200,1.1805570125579834,-1.0,0.00030948041239753366,0.0,DQN_RND,0.01,0.95,mountaincar,dense
1,503,-200.0,200,0.5549784302711487,-1.0,0.00020524959836620837,0.0,DQN_RND,0.01,0.95,mountaincar,dense
1,504,-200.0,200,1.6388635635375977,-1.0,0.00031645374838262796,0.0,DQN_RND,0.01,0.95,mountaincar,dense
1,505,-200.0,200,3.4048094749450684,-1.0,0.00038648545159958303,0.0,DQN_RND,0.01,0.95,mountaincar,dense
1,506,-200.0,200,0.5991320013999939,-1.0,0.00030722044175490737,0.0,DQN_RND,0.01,0.95,mountaincar,dense
1,507,-200.0,200,1.04267156124115,-1.0,0.0002924586005974561,0.0,DQN_RND,0.01,0.95,mountaincar,dense
1,508,-200.0,200,1.6830930709838867,-1.0,0.00029666206683032215,0.0,DQN_RND,0.01,0.95,mountaincar,dense
1,509,-200.0,200,0.5478014945983887,-1.0,0.00029347362578846514,0.0,DQN_RND,0.01,0.95,mountaincar,dense
1,510,-200.0,200,1.7599691152572632,-1.0,0.0001997902145376429,0.0,DQN_RND,0.01,0.95,mountaincar,dense
1,511,-200.0,200,1.1721727848052979,-1.0,0.00037226060521788895,0.0,DQN_RND,0.01,0.95,mountaincar,dense
1,512,-200.0,200,0.5922975540161133,-1.0,0.0002959054836537689,0.0,DQN_RND,0.01,0.95,mountaincar,dense
1,513,-200.0,200,1.7489738464355469,-1.0,0.00027980419690720737,0.0,DQN_RND,0.01,0.95,mountaincar,dense
1,514,-200.0,200,2.138482093811035,-1.0,0.00020590932399500161,0.0,DQN_RND,0.01,0.95,mountaincar,dense
1,515,-200.0,200,1.6281565427780151,-1.0,0.00020799147023353726,0.0,DQN_RND,0.01,0.95,mountaincar,dense
1,516,-200.0,200,0.5556633472442627,-1.0,0.0003092433325946331,0.0,DQN_RND,0.01,0.95,mountaincar,dense
1,517,-200.0,200,1.1049089431762695,-1.0,0.00019371356756892055,0.0,DQN_RND,0.01,0.95,mountaincar,dense
1,518,-200.0,200,1.2150222063064575,-1.0,0.0002893109922297299,0.0,DQN_RND,0.01,0.95,mountaincar,dense
1,519,-200.0,200,1.1342213153839111,-1.0,0.00019993515161331743,0.0,DQN_RND,0.01,0.95,mountaincar,dense
1,520,-200.0,200,0.5995178818702698,-1.0,0.00019511670689098537,0.0,DQN_RND,0.01,0.95,mountaincar,dense
1,521,-200.0,200,1.6700050830841064,-1.0,0.0004496171313803643,0.0,DQN_RND,0.01,0.95,mountaincar,dense
1,522,-200.0,200,0.9815853238105774,-1.0,0.00021137988369446248,0.0,DQN_RND,0.01,0.95,mountaincar,dense
1,523,-200.0,200,0.4664943814277649,-1.0,0.0003989673568867147,0.0,DQN_RND,0.01,0.95,mountaincar,dense
1,524,-200.0,200,1.4531337022781372,-1.0,0.0003134471189696342,0.0,DQN_RND,0.01,0.95,mountaincar,dense
1,525,-200.0,200,1.5911866426467896,-1.0,0.00019185993005521595,0.0,DQN_RND,0.01,0.95,mountaincar,dense
1,526,-200.0,200,1.7197084426879883,-1.0,0.0004135591443628073,0.0,DQN_RND,0.01,0.95,mountaincar,dense
1,527,-200.0,200,1.5842159986495972,-1.0,0.00041166014852933586,0.0,DQN_RND,0.01,0.95,mountaincar,dense
1,528,-200.0,200,1.1209052801132202,-1.0,0.00029172966605983675,0.0,DQN_RND,0.01,0.95,mountaincar,dense
1,529,-200.0,200,1.5949372053146362,-1.0,0.00036750960862264037,0.0,DQN_RND,0.01,0.95,mountaincar,dense
1,530,-200.0,200,2.337345838546753,-1.0,0.00021020260464865714,0.0,DQN_RND,0.01,0.95,mountaincar,dense
1,531,-200.0,200,2.3215436935424805,-1.0,0.00042776556801982224,0.0,DQN_RND,0.01,0.95,mountaincar,dense
1,532,-200.0,200,1.293743371963501,-1.0,0.00019790971418842673,0.0,DQN_RND,0.01,0.95,mountaincar,dense
1,533,-200.0,200,1.896554946899414,-1.0,0.00019916381279472262,0.0,DQN_RND,0.01,0.95,mountaincar,dense
1,534,-200.0,200,0.49745795130729675,-1.0,0.00020356991444714367,0.0,DQN_RND,0.01,0.95,mountaincar,dense
1,535,-200.0,200,3.616346597671509,-1.0,0.00039833117625676095,0.0,DQN_RND,0.01,0.95,mountaincar,dense
1,536,-200.0,200,0.008206341415643692,-1.0,0.00021545491472352296,0.0,DQN_RND,0.01,0.95,mountaincar,dense
1,537,-200.0,200,1.5683345794677734,-1.0,0.00019097537733614445,0.0,DQN_RND,0.01,0.95,mountaincar,dense
1,538,-200.0,200,1.029914140701294,-1.0,0.00039004141581244767,0.0,DQN_RND,0.01,0.95,mountaincar,dense
1,539,-200.0,200,0.0056351725943386555,-1.0,0.0004415270232129842,0.0,DQN_RND,0.01,0.95,mountaincar,dense
1,540,-200.0,200,2.3650693893432617,-1.0,0.0004476796311791986,0.0,DQN_RND,0.01,0.95,mountaincar,dense
1,541,-200.0,200,2.6145129203796387,-1.0,0.0003014819521922618,0.0,DQN_RND,0.01,0.95,mountaincar,dense
1,542,-200.0,200,1.5353584289550781,-1.0,0.00019899460312444717,0.0,DQN_RND,0.01,0.95,mountaincar,dense
1,543,-200.0,200,1.5353931188583374,-1.0,0.0004401488113217056,0.0,DQN_RND,0.01,0.95,mountaincar,dense
1,544,-200.0,200,0.009340654127299786,-1.0,0.0004364473279565573,0.0,DQN_RND,0.01,0.95,mountaincar,dense
1,545,-200.0,200,1.0129765272140503,-1.0,0.000457031128462404,0.0,DQN_RND,0.01,0.95,mountaincar,dense
1,546,-200.0,200,1.0062382221221924,-1.0,0.00019996038463432342,0.0,DQN_RND,0.01,0.95,mountaincar,dense
1,547,-200.0,200,0.5134692788124084,-1.0,0.000278981780866161,0.0,DQN_RND,0.01,0.95,mountaincar,dense
1,548,-200.0,200,0.007225430104881525,-1.0,0.00040842959424480796,0.0,DQN_RND,0.01,0.95,mountaincar,dense
1,549,-200.0,200,2.506046772003174,-1.0,0.00038205995224416256,0.0,DQN_RND,0.01,0.95,mountaincar,dense
1,550,-200.0,200,0.5324371457099915,-1.0,0.00042380052036605775,0.0,DQN_RND,0.01,0.95,mountaincar,dense
1,551,-200.0,200,2.6158716678619385,-1.0,0.00029085090500302613,0.0,DQN_RND,0.01,0.95,mountaincar,dense
1,552,-200.0,200,1.0857256650924683,-1.0,0.0001956415653694421,0.0,DQN_RND,0.01,0.95,mountaincar,dense
1,553,-200.0,200,3.137026071548462,-1.0,0.0002758427581284195,0.0,DQN_RND,0.01,0.95,mountaincar,dense
1,554,-200.0,200,1.6376454830169678,-1.0,0.00027977305580861866,0.0,DQN_RND,0.01,0.95,mountaincar,dense
1,555,-200.0,200,2.5084261894226074,-1.0,0.00019112112931907177,0.0,DQN_RND,0.01,0.95,mountaincar,dense
1,556,-200.0,200,1.0184112787246704,-1.0,0.00045292891445569694,0.0,DQN_RND,0.01,0.95,mountaincar,dense
1,557,-200.0,200,1.516751766204834,-1.0,0.00019514794985298067,0.0,DQN_RND,0.01,0.95,mountaincar,dense
1,558,-200.0,200,0.48765185475349426,-1.0,0.00018970703240484,0.0,DQN_RND,0.01,0.95,mountaincar,dense
1,559,-200.0,200,1.6144334077835083,-1.0,0.000291335309157148,0.0,DQN_RND,0.01,0.95,mountaincar,dense
1,560,-200.0,200,1.1676663160324097,-1.0,0.0004091960727237165,0.0,DQN_RND,0.01,0.95,mountaincar,dense
1,561,-200.0,200,0.5764720439910889,-1.0,0.00040566473035141826,0.0,DQN_RND,0.01,0.95,mountaincar,dense
1,562,-200.0,200,3.086998462677002,-1.0,0.00046695105265825987,0.0,DQN_RND,0.01,0.95,mountaincar,dense
1,563,-200.0,200,1.776012659072876,-1.0,0.00040389184141531587,0.0,DQN_RND,0.01,0.95,mountaincar,dense
1,564,-200.0,200,0.9835410714149475,-1.0,0.0004534270556177944,0.0,DQN_RND,0.01,0.95,mountaincar,dense
1,565,-200.0,200,2.213841199874878,-1.0,0.00028455464052967727,0.0,DQN_RND,0.01,0.95,mountaincar,dense
1,566,-200.0,200,0.940096914768219,-1.0,0.00019454989524092525,0.0,DQN_RND,0.01,0.95,mountaincar,dense
1,567,-200.0,200,0.4902409017086029,-1.0,0.0003949621459469199,0.0,DQN_RND,0.01,0.95,mountaincar,dense
1,568,-200.0,200,1.609156608581543,-1.0,0.0002746929822023958,0.0,DQN_RND,0.01,0.95,mountaincar,dense
1,569,-200.0,200,2.2051329612731934,-1.0,0.000422728800913319,0.0,DQN_RND,0.01,0.95,mountaincar,dense
1,570,-200.0,200,1.2499672174453735,-1.0,0.00045016020885668695,0.0,DQN_RND,0.01,0.95,mountaincar,dense
1,571,-200.0,200,0.5559471845626831,-1.0,0.00029172428185120225,0.0,DQN_RND,0.01,0.95,mountaincar,dense
1,572,-200.0,200,2.931215286254883,-1.0,0.000388616812415421,0.0,DQN_RND,0.01,0.95,mountaincar,dense
1,573,-200.0,200,1.6727197170257568,-1.0,0.0003939945891033858,0.0,DQN_RND,0.01,0.95,mountaincar,dense
1,574,-200.0,200,2.1354875564575195,-1.0,0.00018138748419005424,0.0,DQN_RND,0.01,0.95,mountaincar,dense
1,575,-200.0,200,0.667393684387207,-1.0,0.0004002872738055885,0.0,DQN_RND,0.01,0.95,mountaincar,dense
1,576,-200.0,200,1.2168383598327637,-1.0,0.00018825687584467232,0.0,DQN_RND,0.01,0.95,mountaincar,dense
1,577,-200.0,200,2.780134439468384,-1.0,0.00041557574877515435,0.0,DQN_RND,0.01,0.95,mountaincar,dense
1,578,-200.0,200,2.221731662750244,-1.0,0.00028350751381367445,0.0,DQN_RND,0.01,0.95,mountaincar,dense
1,579,-200.0,200,1.4060537815093994,-1.0,0.00027464181766845286,0.0,DQN_RND,0.01,0.95,mountaincar,dense
1,580,-200.0,200,0.5235086679458618,-1.0,0.00019909895490854979,0.0,DQN_RND,0.01,0.95,mountaincar,dense
1,581,-200.0,200,2.1023354530334473,-1.0,0.00026534960488788784,0.0,DQN_RND,0.01,0.95,mountaincar,dense
1,582,-200.0,200,1.0241644382476807,-1.0,0.0002659014135133475,0.0,DQN_RND,0.01,0.95,mountaincar,dense
1,583,-200.0,200,1.245383381843567,-1.0,0.0002948830369859934,0.0,DQN_RND,0.01,0.95,mountaincar,dense
1,584,-200.0,200,1.6052772998809814,-1.0,0.00017693379777483642,0.0,DQN_RND,0.01,0.95,mountaincar,dense
1,585,-200.0,200,1.1572105884552002,-1.0,0.00027935788966715336,0.0,DQN_RND,0.01,0.95,mountaincar,dense
1,586,-200.0,200,2.0058200359344482,-1.0,0.0003495164564810693,0.0,DQN_RND,0.01,0.95,mountaincar,dense
1,587,-200.0,200,0.10366439819335938,-1.0,0.00026544719003140926,0.0,DQN_RND,0.01,0.95,mountaincar,dense
1,588,-200.0,200,0.9739762544631958,-1.0,0.0003239278157707304,0.0,DQN_RND,0.01,0.95,mountaincar,dense
1,589,-200.0,200,0.9729863405227661,-1.0,0.00041578977834433317,0.0,DQN_RND,0.01,0.95,mountaincar,dense
1,590,-200.0,200,1.0938529968261719,-1.0,0.00018265019753016531,0.0,DQN_RND,0.01,0.95,mountaincar,dense
1,591,-200.0,200,1.4598395824432373,-1.0,0.00018060620641335845,0.0,DQN_RND,0.01,0.95,mountaincar,dense
1,592,-200.0,200,2.9171788692474365,-1.0,0.00018451697542332113,0.0,DQN_RND,0.01,0.95,mountaincar,dense
1,593,-200.0,200,1.1539945602416992,-1.0,0.00046681013191118836,0.0,DQN_RND,0.01,0.95,mountaincar,dense
1,594,-200.0,200,0.961107611656189,-1.0,0.0004786962817888707,0.0,DQN_RND,0.01,0.95,mountaincar,dense
1,595,-200.0,200,0.498287558555603,-1.0,0.0002672084956429899,0.0,DQN_RND,0.01,0.95,mountaincar,dense
1,596,-200.0,200,1.0577176809310913,-1.0,0.0002698255702853203,0.0,DQN_RND,0.01,0.95,mountaincar,dense
1,597,-200.0,200,0.9981096982955933,-1.0,0.00027008744655176997,0.0,DQN_RND,0.01,0.95,mountaincar,dense
1,598,-200.0,200,0.5305991172790527,-1.0,0.00043135654414072633,0.0,DQN_RND,0.01,0.95,mountaincar,dense
1,599,-200.0,200,0.4991213381290436,-1.0,0.00028783391462638974,0.0,DQN_RND,0.01,0.95,mountaincar,dense
1,600,-200.0,200,1.6319494247436523,-1.0,0.00026834337040781975,0.0,DQN_RND,0.01,0.95,mountaincar,dense
1,601,-200.0,200,0.469808429479599,-1.0,0.00027461108402349055,0.0,DQN_RND,0.01,0.95,mountaincar,dense
1,602,-200.0,200,0.002697014482691884,-1.0,0.0003923952463082969,0.0,DQN_RND,0.01,0.95,mountaincar,dense
1,603,-200.0,200,1.938628911972046,-1.0,0.0004319982836022973,0.0,DQN_RND,0.01,0.95,mountaincar,dense
1,604,-200.0,200,1.0184346437454224,-1.0,0.0002644909545779228,0.0,DQN_RND,0.01,0.95,mountaincar,dense
1,605,-200.0,200,1.4392176866531372,-1.0,0.00040565102244727314,0.0,DQN_RND,0.01,0.95,mountaincar,dense
1,606,-200.0,200,0.5524886846542358,-1.0,0.0001730400836095214,0.0,DQN_RND,0.01,0.95,mountaincar,dense
1,607,-200.0,200,0.5255627036094666,-1.0,0.0004181076365057379,0.0,DQN_RND,0.01,0.95,mountaincar,dense
1,608,-200.0,200,1.4398796558380127,-1.0,0.0004364814085420221,0.0,DQN_RND,0.01,0.95,mountaincar,dense
1,609,-200.0,200,2.437800884246826,-1.0,0.0003895803529303521,0.0,DQN_RND,0.01,0.95,mountaincar,dense
1,610,-200.0,200,0.5628916621208191,-1.0,0.0002654521376825869,0.0,DQN_RND,0.01,0.95,mountaincar,dense
1,611,-200.0,200,1.0925641059875488,-1.0,0.00018513436953071505,0.0,DQN_RND,0.01,0.95,mountaincar,dense
1,612,-200.0,200,0.018899166956543922,-1.0,0.0004081256629433483,0.0,DQN_RND,0.01,0.95,mountaincar,dense
1,613,-200.0,200,2.139192819595337,-1.0,0.00038774183485656977,0.0,DQN_RND,0.01,0.95,mountaincar,dense
1,614,-200.0,200,2.237617015838623,-1.0,0.00028543241205625236,0.0,DQN_RND,0.01,0.95,mountaincar,dense
1,615,-200.0,200,2.701517105102539,-1.0,0.00041602025157772005,0.0,DQN_RND,0.01,0.95,mountaincar,dense
1,616,-200.0,200,0.44174253940582275,-1.0,0.00017142604338005185,0.0,DQN_RND,0.01,0.95,mountaincar,dense
1,617,-200.0,200,2.1853044033050537,-1.0,0.00018516843556426466,0.0,DQN_RND,0.01,0.95,mountaincar,dense
1,618,-200.0,200,1.3715251684188843,-1.0,0.00026251227245666087,0.0,DQN_RND,0.01,0.95,mountaincar,dense
1,619,-200.0,200,0.4645611047744751,-1.0,0.0003980766632594168,0.0,DQN_RND,0.01,0.95,mountaincar,dense
1,620,-200.0,200,1.2957684993743896,-1.0,0.00015666104445699602,0.0,DQN_RND,0.01,0.95,mountaincar,dense
1,621,-200.0,200,0.43170204758644104,-1.0,0.0002599627187009901,0.0,DQN_RND,0.01,0.95,mountaincar,dense
1,622,-200.0,200,1.426316499710083,-1.0,0.0001735890400595963,0.0,DQN_RND,0.01,0.95,mountaincar,dense
1,623,-200.0,200,0.9131543636322021,-1.0,0.0002758968621492386,0.0,DQN_RND,0.01,0.95,mountaincar,dense
1,624,-200.0,200,0.45863965153694153,-1.0,0.00025834678672254086,0.0,DQN_RND,0.01,0.95,mountaincar,dense
1,625,-200.0,200,1.5097955465316772,-1.0,0.00026382971554994583,0.0,DQN_RND,0.01,0.95,mountaincar,dense
1,626,-200.0,200,0.011102287098765373,-1.0,0.0002751024439930916,0.0,DQN_RND,0.01,0.95,mountaincar,dense
1,627,-200.0,200,0.9557884931564331,-1.0,0.00039376787026412785,0.0,DQN_RND,0.01,0.95,mountaincar,dense
1,628,-200.0,200,1.9774904251098633,-1.0,0.00016146613052114844,0.0,DQN_RND,0.01,0.95,mountaincar,dense
1,629,-200.0,200,0.9341292381286621,-1.0,0.0002637114957906306,0.0,DQN_RND,0.01,0.95,mountaincar,dense
1,630,-200.0,200,0.534596860408783,-1.0,0.00025753892259672284,0.0,DQN_RND,0.01,0.95,mountaincar,dense
1,631,-200.0,200,2.3813138008117676,-1.0,0.00038651260547339916,0.0,DQN_RND,0.01,0.95,mountaincar,dense
1,632,-200.0,200,1.0007342100143433,-1.0,0.00015682115918025374,0.0,DQN_RND,0.01,0.95,mountaincar,dense
1,633,-200.0,200,0.4777776002883911,-1.0,0.00015646585961803794,0.0,DQN_RND,0.01,0.95,mountaincar,dense
1,634,-200.0,200,1.0020052194595337,-1.0,0.0002598834689706564,0.0,DQN_RND,0.01,0.95,mountaincar,dense
1,635,-200.0,200,1.006849765777588,-1.0,0.00041702607995830476,0.0,DQN_RND,0.01,0.95,mountaincar,dense
1,636,-200.0,200,0.011524900794029236,-1.0,0.0004235382948536426,0.0,DQN_RND,0.01,0.95,mountaincar,dense
1,637,-200.0,200,0.9729827046394348,-1.0,0.0004032241413369775,0.0,DQN_RND,0.01,0.95,mountaincar,dense
1,638,-200.0,200,1.0556213855743408,-1.0,0.0004586062568705529,0.0,DQN_RND,0.01,0.95,mountaincar,dense
1,639,-200.0,200,1.3816357851028442,-1.0,0.0001712953089736402,0.0,DQN_RND,0.01,0.95,mountaincar,dense
1,640,-200.0,200,0.8779203295707703,-1.0,0.00047475911560468376,0.0,DQN_RND,0.01,0.95,mountaincar,dense
1,641,-200.0,200,3.8053793907165527,-1.0,0.00028962051146663725,0.0,DQN_RND,0.01,0.95,mountaincar,dense
1,642,-200.0,200,1.5998141765594482,-1.0,0.00027539374423213303,0.0,DQN_RND,0.01,0.95,mountaincar,dense
1,643,-200.0,200,0.4999188780784607,-1.0,0.000341413397109136,0.0,DQN_RND,0.01,0.95,mountaincar,dense
1,644,-200.0,200,2.1897218227386475,-1.0,0.00027158105513080955,0.0,DQN_RND,0.01,0.95,mountaincar,dense
1,645,-200.0,200,1.4544295072555542,-1.0,0.0002731099957600236,0.0,DQN_RND,0.01,0.95,mountaincar,dense
1,646,-200.0,200,2.5145068168640137,-1.0,0.0002536838874220848,0.0,DQN_RND,0.01,0.95,mountaincar,dense
1,647,-200.0,200,1.0888853073120117,-1.0,0.0002556276158429682,0.0,DQN_RND,0.01,0.95,mountaincar,dense
1,648,-200.0,200,2.5491247177124023,-1.0,0.00037876266287639737,0.0,DQN_RND,0.01,0.95,mountaincar,dense
1,649,-200.0,200,1.5669267177581787,-1.0,0.00039012174238450825,0.0,DQN_RND,0.01,0.95,mountaincar,dense
1,650,-200.0,200,0.6045377254486084,-1.0,0.00025858625303953886,0.0,DQN_RND,0.01,0.95,mountaincar,dense
1,651,-200.0,200,0.00812991801649332,-1.0,0.00040912869735620916,0.0,DQN_RND,0.01,0.95,mountaincar,dense
1,652,-200.0,200,0.0015507577918469906,-1.0,0.00027864016010425985,0.0,DQN_RND,0.01,0.95,mountaincar,dense
1,653,-200.0,200,2.058652639389038,-1.0,0.00042485195444896817,0.0,DQN_RND,0.01,0.95,mountaincar,dense
1,654,-200.0,200,3.0122110843658447,-1.0,0.00036446104058995843,0.0,DQN_RND,0.01,0.95,mountaincar,dense
1,655,-200.0,200,0.5632905960083008,-1.0,0.000258124026004225,0.0,DQN_RND,0.01,0.95,mountaincar,dense
1,656,-200.0,200,1.7147166728973389,-1.0,0.0001744395267451182,0.0,DQN_RND,0.01,0.95,mountaincar,dense
1,657,-200.0,200,1.0399391651153564,-1.0,0.0004392143164295703,0.0,DQN_RND,0.01,0.95,mountaincar,dense
1,658,-200.0,200,2.101438522338867,-1.0,0.0004125284613110125,0.0,DQN_RND,0.01,0.95,mountaincar,dense
1,659,-200.0,200,3.100172758102417,-1.0,0.00025576085317879915,0.0,DQN_RND,0.01,0.95,mountaincar,dense
1,660,-200.0,200,0.5500484704971313,-1.0,0.00016337142733391374,0.0,DQN_RND,0.01,0.95,mountaincar,dense
1,661,-200.0,200,1.0358318090438843,-1.0,0.0002679583558347076,0.0,DQN_RND,0.01,0.95,mountaincar,dense
1,662,-200.0,200,0.5599781274795532,-1.0,0.00027396873338148,0.0,DQN_RND,0.01,0.95,mountaincar,dense
1,663,-200.0,200,1.5159772634506226,-1.0,0.0004137041396461427,0.0,DQN_RND,0.01,0.95,mountaincar,dense
1,664,-200.0,200,3.5652050971984863,-1.0,0.00015878760314080864,0.0,DQN_RND,0.01,0.95,mountaincar,dense
1,665,-200.0,200,0.555286169052124,-1.0,0.0004080863145645708,0.0,DQN_RND,0.01,0.95,mountaincar,dense
1,666,-200.0,200,0.4904923439025879,-1.0,0.00037600702489726245,0.0,DQN_RND,0.01,0.95,mountaincar,dense
1,667,-200.0,200,0.017323849722743034,-1.0,0.0001476804172853008,0.0,DQN_RND,0.01,0.95,mountaincar,dense
1,668,-200.0,200,1.0783977508544922,-1.0,0.0004179272218607366,0.0,DQN_RND,0.01,0.95,mountaincar,dense
1,669,-200.0,200,1.469836950302124,-1.0,0.00037571380380541086,0.0,DQN_RND,0.01,0.95,mountaincar,dense
1,670,-200.0,200,1.436417579650879,-1.0,0.00024829403264448047,0.0,DQN_RND,0.01,0.95,mountaincar,dense
1,671,-200.0,200,0.48966240882873535,-1.0,0.00035472260788083076,0.0,DQN_RND,0.01,0.95,mountaincar,dense
1,672,-200.0,200,1.453701138496399,-1.0,0.0002851207391358912,0.0,DQN_RND,0.01,0.95,mountaincar,dense
1,673,-200.0,200,1.0012034177780151,-1.0,0.00014200514124240726,0.0,DQN_RND,0.01,0.95,mountaincar,dense
1,674,-200.0,200,2.0052332878112793,-1.0,0.0002979252312798053,0.0,DQN_RND,0.01,0.95,mountaincar,dense
1,675,-200.0,200,1.0710481405258179,-1.0,0.00026530001196078956,0.0,DQN_RND,0.01,0.95,mountaincar,dense
1,676,-200.0,200,1.4961128234863281,-1.0,0.0002655266725923866,0.0,DQN_RND,0.01,0.95,mountaincar,dense
1,677,-200.0,200,0.5058684349060059,-1.0,0.0002575838007032871,0.0,DQN_RND,0.01,0.95,mountaincar,dense
1,678,-200.0,200,1.5897431373596191,-1.0,0.00025210960302501917,0.0,DQN_RND,0.01,0.95,mountaincar,dense
1,679,-200.0,200,1.4649343490600586,-1.0,0.00043255608761683106,0.0,DQN_RND,0.01,0.95,mountaincar,dense
1,680,-200.0,200,3.0219147205352783,-1.0,0.00044264490134082735,0.0,DQN_RND,0.01,0.95,mountaincar,dense
1,681,-200.0,200,0.5099963545799255,-1.0,0.00017069333989638835,0.0,DQN_RND,0.01,0.95,mountaincar,dense
1,682,-200.0,200,1.5591765642166138,-1.0,0.00015897485718596727,0.0,DQN_RND,0.01,0.95,mountaincar,dense
1,683,-200.0,200,2.0326151847839355,-1.0,0.00019294086087029427,0.0,DQN_RND,0.01,0.95,mountaincar,dense
1,684,-200.0,200,1.4415562152862549,-1.0,0.0004011188284493983,0.0,DQN_RND,0.01,0.95,mountaincar,dense
1,685,-200.0,200,0.46694427728652954,-1.0,0.0002552357327658683,0.0,DQN_RND,0.01,0.95,mountaincar,dense
1,686,-200.0,200,1.9460983276367188,-1.0,0.0001638057583477348,0.0,DQN_RND,0.01,0.95,mountaincar,dense
1,687,-200.0,200,1.9993903636932373,-1.0,0.000457894493592903,0.0,DQN_RND,0.01,0.95,mountaincar,dense
1,688,-200.0,200,1.9099828004837036,-1.0,0.0002549138735048473,0.0,DQN_RND,0.01,0.95,mountaincar,dense
1,689,-200.0,200,2.1760969161987305,-1.0,0.0002501550188753754,0.0,DQN_RND,0.01,0.95,mountaincar,dense
1,690,-200.0,200,3.698427677154541,-1.0,0.0002536636602599174,0.0,DQN_RND,0.01,0.95,mountaincar,dense
1,691,-200.0,200,1.8397698402404785,-1.0,0.00025862411712296307,0.0,DQN_RND,0.01,0.95,mountaincar,dense
1,692,-200.0,200,1.2292009592056274,-1.0,0.00038540095556527376,0.0,DQN_RND,0.01,0.95,mountaincar,dense
1,693,-200.0,200,2.1705400943756104,-1.0,0.00015096637071110308,0.0,DQN_RND,0.01,0.95,mountaincar,dense
1,694,-200.0,200,1.2941259145736694,-1.0,0.00015572973643429577,0.0,DQN_RND,0.01,0.95,mountaincar,dense
1,695,-200.0,200,1.300626277923584,-1.0,0.00014609827485401183,0.0,DQN_RND,0.01,0.95,mountaincar,dense
1,696,-200.0,200,0.4685881435871124,-1.0,0.0001557519572088495,0.0,DQN_RND,0.01,0.95,mountaincar,dense
1,697,-200.0,200,0.8655394315719604,-1.0,0.0002623549662530422,0.0,DQN_RND,0.01,0.95,mountaincar,dense
1,698,-200.0,200,1.478108525276184,-1.0,0.00024280375509988517,0.0,DQN_RND,0.01,0.95,mountaincar,dense
1,699,-200.0,200,0.9815083742141724,-1.0,0.0004453366855159402,0.0,DQN_RND,0.01,0.95,mountaincar,dense
1,700,-200.0,200,0.9041216373443604,-1.0,0.00040219759102910757,0.0,DQN_RND,0.01,0.95,mountaincar,dense
1,701,-200.0,200,0.0074286675080657005,-1.0,0.0002458700037095696,0.0,DQN_RND,0.01,0.95,mountaincar,dense
1,702,-200.0,200,0.0009980469476431608,-1.0,0.0002527688629925251,0.0,DQN_RND,0.01,0.95,mountaincar,dense
1,703,-200.0,200,1.4634674787521362,-1.0,0.00038437280454672873,0.0,DQN_RND,0.01,0.95,mountaincar,dense
1,704,-200.0,200,0.006943813990801573,-1.0,0.0003863857709802687,0.0,DQN_RND,0.01,0.95,mountaincar,dense
1,705,-200.0,200,1.4547079801559448,-1.0,0.0003928861697204411,0.0,DQN_RND,0.01,0.95,mountaincar,dense
1,706,-200.0,200,0.9215501546859741,-1.0,0.0002669802343007177,0.0,DQN_RND,0.01,0.95,mountaincar,dense
1,707,-200.0,200,1.3383575677871704,-1.0,0.00026380468625575304,0.0,DQN_RND,0.01,0.95,mountaincar,dense
1,708,-200.0,200,1.8212432861328125,-1.0,0.00023239286383613944,0.0,DQN_RND,0.01,0.95,mountaincar,dense
1,709,-200.0,200,0.4917633831501007,-1.0,0.00039880455005913973,0.0,DQN_RND,0.01,0.95,mountaincar,dense
1,710,-200.0,200,1.365675687789917,-1.0,0.0003142112691421062,0.0,DQN_RND,0.01,0.95,mountaincar,dense
1,711,-200.0,200,1.5218576192855835,-1.0,0.00015167499077506363,0.0,DQN_RND,0.01,0.95,mountaincar,dense
1,712,-200.0,200,0.9418066143989563,-1.0,0.00025764398742467165,0.0,DQN_RND,0.01,0.95,mountaincar,dense
1,713,-200.0,200,1.3943202495574951,-1.0,0.00024356457288376987,0.0,DQN_RND,0.01,0.95,mountaincar,dense
1,714,-200.0,200,1.2475230693817139,-1.0,0.00024601476616226137,0.0,DQN_RND,0.01,0.95,mountaincar,dense
1,715,-200.0,200,0.8821566104888916,-1.0,0.00023943811538629234,0.0,DQN_RND,0.01,0.95,mountaincar,dense
1,716,-200.0,200,0.01341765932738781,-1.0,0.0003725542046595365,0.0,DQN_RND,0.01,0.95,mountaincar,dense
1,717,-200.0,200,0.8499883413314819,-1.0,0.0004123694379813969,0.0,DQN_RND,0.01,0.95,mountaincar,dense
1,718,-200.0,200,0.4181607961654663,-1.0,0.00041874704766087234,0.0,DQN_RND,0.01,0.95,mountaincar,dense
1,719,-200.0,200,1.3125944137573242,-1.0,0.00014642742462456226,0.0,DQN_RND,0.01,0.95,mountaincar,dense
1,720,-200.0,200,2.4890966415405273,-1.0,0.0003764137509278953,0.0,DQN_RND,0.01,0.95,mountaincar,dense
1,721,-200.0,200,2.1494741439819336,-1.0,0.0001361612812615931,0.0,DQN_RND,0.01,0.95,mountaincar,dense
1,722,-200.0,200,0.9169776439666748,-1.0,0.00024455180391669273,0.0,DQN_RND,0.01,0.95,mountaincar,dense
1,723,-200.0,200,1.2416785955429077,-1.0,0.0002392703026998788,0.0,DQN_RND,0.01,0.95,mountaincar,dense
1,724,-200.0,200,0.45027005672454834,-1.0,0.00040313779027201235,0.0,DQN_RND,0.01,0.95,mountaincar,dense
1,725,-200.0,200,2.1008992195129395,-1.0,0.0002334757155040279,0.0,DQN_RND,0.01,0.95,mountaincar,dense
1,726,-200.0,200,0.4663015604019165,-1.0,0.00040908949449658394,0.0,DQN_RND,0.01,0.95,mountaincar,dense
1,727,-200.0,200,0.43064436316490173,-1.0,0.00044524550321511924,0.0,DQN_RND,0.01,0.95,mountaincar,dense
1,728,-200.0,200,1.2154210805892944,-1.0,0.0002371657610638067,0.0,DQN_RND,0.01,0.95,mountaincar,dense
1,729,-200.0,200,1.2526582479476929,-1.0,0.00023644308384973556,0.0,DQN_RND,0.01,0.95,mountaincar,dense
1,730,-200.0,200,2.0997161865234375,-1.0,0.00023817777400836349,0.0,DQN_RND,0.01,0.95,mountaincar,dense
1,731,-200.0,200,0.3855021893978119,-1.0,0.00037851117667742074,0.0,DQN_RND,0.01,0.95,mountaincar,dense
1,732,-200.0,200,0.3910064995288849,-1.0,0.000152967098983936,0.0,DQN_RND,0.01,0.95,mountaincar,dense
1,733,-200.0,200,0.41790276765823364,-1.0,0.00013811959070153534,0.0,DQN_RND,0.01,0.95,mountaincar,dense
1,734,-200.0,200,0.8084284067153931,-1.0,0.00015034353418741375,0.0,DQN_RND,0.01,0.95,mountaincar,dense
1,735,-200.0,200,0.408661425113678,-1.0,0.00023339905601460487,0.0,DQN_RND,0.01,0.95,mountaincar,dense
1,736,-200.0,200,0.8448605537414551,-1.0,0.00037161580985412,0.0,DQN_RND,0.01,0.95,mountaincar,dense
1,737,-200.0,200,1.2180676460266113,-1.0,0.00040241758688353,0.0,DQN_RND,0.01,0.95,mountaincar,dense
1,738,-200.0,200,0.43909263610839844,-1.0,0.00013688948820345104,0.0,DQN_RND,0.01,0.95,mountaincar,dense
1,739,-200.0,200,0.4162943661212921,-1.0,0.00024520151782780886,0.0,DQN_RND,0.01,0.95,mountaincar,dense
1,740,-200.0,200,0.0013671491760760546,-1.0,0.00013055199815426022,0.0,DQN_RND,0.01,0.95,mountaincar,dense
1,741,-200.0,200,2.5762670040130615,-1.0,0.0003920650342479348,0.0,DQN_RND,0.01,0.95,mountaincar,dense
1,742,-200.0,200,1.2793805599212646,-1.0,0.00024338759249076247,0.0,DQN_RND,0.01,0.95,mountaincar,dense
1,743,-200.0,200,0.006478787399828434,-1.0,0.0004487702972255647,0.0,DQN_RND,0.01,0.95,mountaincar,dense
1,744,-200.0,200,1.7952014207839966,-1.0,0.0003846049658022821,0.0,DQN_RND,0.01,0.95,mountaincar,dense
1,745,-200.0,200,0.5149442553520203,-1.0,0.00023502133262809366,0.0,DQN_RND,0.01,0.95,mountaincar,dense
1,746,-200.0,200,1.7817556858062744,-1.0,0.00013042421778663993,0.0,DQN_RND,0.01,0.95,mountaincar,dense
1,747,-200.0,200,1.3908255100250244,-1.0,0.0001304417965002358,0.0,DQN_RND,0.01,0.95,mountaincar,dense
1,748,-200.0,200,0.020166972652077675,-1.0,0.0002443860284984112,0.0,DQN_RND,0.01,0.95,mountaincar,dense
1,749,-200.0,200,2.245833396911621,-1.0,0.0003946483484469354,0.0,DQN_RND,0.01,0.95,mountaincar,dense
1,750,-200.0,200,1.967317819595337,-1.0,0.00024470328935422003,0.0,DQN_RND,0.01,0.95,mountaincar,dense
1,751,-200.0,200,2.3525595664978027,-1.0,0.0003964478673879057,0.0,DQN_RND,0.01,0.95,mountaincar,dense
1,752,-200.0,200,1.41526198387146,-1.0,0.0002310682466486469,0.0,DQN_RND,0.01,0.95,mountaincar,dense
1,753,-200.0,200,2.3537960052490234,-1.0,0.00012863054871559143,0.0,DQN_RND,0.01,0.95,mountaincar,dense
1,754,-200.0,200,1.3484728336334229,-1.0,0.00022780318977311254,0.0,DQN_RND,0.01,0.95,mountaincar,dense
1,755,-200.0,200,0.9237585663795471,-1.0,0.000128670857520774,0.0,DQN_RND,0.01,0.95,mountaincar,dense
1,756,-200.0,200,0.971612274646759,-1.0,0.00013763742754235864,0.0,DQN_RND,0.01,0.95,mountaincar,dense
1,757,-200.0,200,0.461211234331131,-1.0,0.0004154381458647549,0.0,DQN_RND,0.01,0.95,mountaincar,dense
1,758,-200.0,200,0.9271312952041626,-1.0,0.0003967217344325036,0.0,DQN_RND,0.01,0.95,mountaincar,dense
1,759,-200.0,200,1.3638050556182861,-1.0,0.0004178691597189754,0.0,DQN_RND,0.01,0.95,mountaincar,dense
1,760,-200.0,200,0.5132318139076233,-1.0,0.000124861384392716,0.0,DQN_RND,0.01,0.95,mountaincar,dense
1,761,-200.0,200,1.9219326972961426,-1.0,0.0004308182396925986,0.0,DQN_RND,0.01,0.95,mountaincar,dense
1,762,-200.0,200,2.443303108215332,-1.0,0.00023746213992126286,0.0,DQN_RND,0.01,0.95,mountaincar,dense
1,763,-200.0,200,1.0006694793701172,-1.0,0.00023193401284515858,0.0,DQN_RND,0.01,0.95,mountaincar,dense
1,764,-200.0,200,0.5306087732315063,-1.0,0.00012479604629334062,0.0,DQN_RND,0.01,0.95,mountaincar,dense
1,765,-200.0,200,0.5001823902130127,-1.0,0.0002489608305040747,0.0,DQN_RND,0.01,0.95,mountaincar,dense
1,766,-200.0,200,2.501875877380371,-1.0,0.00023960550606716424,0.0,DQN_RND,0.01,0.95,mountaincar,dense
1,767,-200.0,200,1.455936312675476,-1.0,0.00014550931518897414,0.0,DQN_RND,0.01,0.95,mountaincar,dense
1,768,-200.0,200,1.8690744638442993,-1.0,0.00044919856009073555,0.0,DQN_RND,0.01,0.95,mountaincar,dense
1,769,-200.0,200,0.9507929682731628,-1.0,0.00040989668923430145,0.0,DQN_RND,0.01,0.95,mountaincar,dense
1,770,-200.0,200,0.9481141567230225,-1.0,0.00023742539633531123,0.0,DQN_RND,0.01,0.95,mountaincar,dense
1,771,-200.0,200,2.2397236824035645,-1.0,0.0002471960324328393,0.0,DQN_RND,0.01,0.95,mountaincar,dense
1,772,-200.0,200,1.4876633882522583,-1.0,0.0002330549614271149,0.0,DQN_RND,0.01,0.95,mountaincar,dense
1,773,-200.0,200,2.290808916091919,-1.0,0.00041030472493730485,0.0,DQN_RND,0.01,0.95,mountaincar,dense
1,774,-200.0,200,0.9462885856628418,-1.0,0.000231203724979423,0.0,DQN_RND,0.01,0.95,mountaincar,dense
1,775,-200.0,200,0.475484699010849,-1.0,0.0002408292784821242,0.0,DQN_RND,0.01,0.95,mountaincar,dense
1,776,-200.0,200,1.4720385074615479,-1.0,0.0001313080283580348,0.0,DQN_RND,0.01,0.95,mountaincar,dense
1,777,-200.0,200,1.8882871866226196,-1.0,0.00024313780886586756,0.0,DQN_RND,0.01,0.95,mountaincar,dense
1,778,-200.0,200,2.567643165588379,-1.0,0.0003729904710780829,0.0,DQN_RND,0.01,0.95,mountaincar,dense
1,779,-200.0,200,2.2439565658569336,-1.0,0.0004310180665925145,0.0,DQN_RND,0.01,0.95,mountaincar,dense
1,780,-200.0,200,0.4795701205730438,-1.0,0.00012195783347124234,0.0,DQN_RND,0.01,0.95,mountaincar,dense
1,781,-200.0,200,0.9750511646270752,-1.0,0.00023479110677726567,0.0,DQN_RND,0.01,0.95,mountaincar,dense
1,782,-200.0,200,0.5077722668647766,-1.0,0.00037762874853797257,0.0,DQN_RND,0.01,0.95,mountaincar,dense
1,783,-200.0,200,0.9542434215545654,-1.0,0.0001401777408318594,0.0,DQN_RND,0.01,0.95,mountaincar,dense
1,784,-200.0,200,0.5070703029632568,-1.0,0.00023169316409621388,0.0,DQN_RND,0.01,0.95,mountaincar,dense
1,785,-200.0,200,0.5164547562599182,-1.0,0.0003732401819434017,0.0,DQN_RND,0.01,0.95,mountaincar,dense
1,786,-200.0,200,0.005877648014575243,-1.0,0.0003906776546500623,0.0,DQN_RND,0.01,0.95,mountaincar,dense
1,787,-200.0,200,1.597483515739441,-1.0,0.00039194541750475764,0.0,DQN_RND,0.01,0.95,mountaincar,dense
1,788,-200.0,200,1.442345380783081,-1.0,0.0002522030845284462,0.0,DQN_RND,0.01,0.95,mountaincar,dense
1,789,-200.0,200,2.582014560699463,-1.0,0.0002263815695187077,0.0,DQN_RND,0.01,0.95,mountaincar,dense
1,790,-200.0,200,2.1657495498657227,-1.0,0.00037974424776621163,0.0,DQN_RND,0.01,0.95,mountaincar,dense
1,791,-200.0,200,0.5233342051506042,-1.0,0.00024187518283724785,0.0,DQN_RND,0.01,0.95,mountaincar,dense
1,792,-200.0,200,2.223454713821411,-1.0,0.00012246170081198215,0.0,DQN_RND,0.01,0.95,mountaincar,dense
1,793,-200.0,200,0.4862558841705322,-1.0,0.00047780416207388043,0.0,DQN_RND,0.01,0.95,mountaincar,dense
1,794,-200.0,200,1.9420177936553955,-1.0,0.000240726163610816,0.0,DQN_RND,0.01,0.95,mountaincar,dense
1,795,-200.0,200,0.5385096669197083,-1.0,0.00013198406668379903,0.0,DQN_RND,0.01,0.95,mountaincar,dense
1,796,-200.0,200,0.49676138162612915,-1.0,0.0002416170173091814,0.0,DQN_RND,0.01,0.95,mountaincar,dense
1,797,-200.0,200,0.5007339715957642,-1.0,0.00014082647976465523,0.0,DQN_RND,0.01,0.95,mountaincar,dense
1,798,-200.0,200,2.354973554611206,-1.0,0.00040614113095216453,0.0,DQN_RND,0.01,0.95,mountaincar,dense
1,799,-200.0,200,1.4363470077514648,-1.0,0.00012252411397639662,0.0,DQN_RND,0.01,0.95,mountaincar,dense
1,800,-200.0,200,0.9784688353538513,-1.0,0.00023835673346184194,0.0,DQN_RND,0.01,0.95,mountaincar,dense
1,801,-200.0,200,0.5391248464584351,-1.0,0.00022972802980802953,0.0,DQN_RND,0.01,0.95,mountaincar,dense
1,802,-200.0,200,1.9662193059921265,-1.0,0.00040020066080614924,0.0,DQN_RND,0.01,0.95,mountaincar,dense
1,803,-200.0,200,0.5374704599380493,-1.0,0.00041650066850706935,0.0,DQN_RND,0.01,0.95,mountaincar,dense
1,804,-200.0,200,0.9606999158859253,-1.0,0.0004019754414912313,0.0,DQN_RND,0.01,0.95,mountaincar,dense
1,805,-200.0,200,1.4274685382843018,-1.0,0.00039112402009777725,0.0,DQN_RND,0.01,0.95,mountaincar,dense
1,806,-200.0,200,0.9345942735671997,-1.0,0.00039071301580406725,0.0,DQN_RND,0.01,0.95,mountaincar,dense
1,807,-200.0,200,0.9704416990280151,-1.0,0.0001273874513572082,0.0,DQN_RND,0.01,0.95,mountaincar,dense
1,808,-200.0,200,0.977051317691803,-1.0,0.000434195768320933,0.0,DQN_RND,0.01,0.95,mountaincar,dense
1,809,-200.0,200,1.0717443227767944,-1.0,0.00044584713759832084,0.0,DQN_RND,0.01,0.95,mountaincar,dense
1,810,-200.0,200,1.0084772109985352,-1.0,0.0002409033477306366,0.0,DQN_RND,0.01,0.95,mountaincar,dense
1,811,-200.0,200,0.9905267953872681,-1.0,0.0001360117457807064,0.0,DQN_RND,0.01,0.95,mountaincar,dense
1,812,-200.0,200,0.9760586023330688,-1.0,0.00023605498427059501,0.0,DQN_RND,0.01,0.95,mountaincar,dense
1,813,-200.0,200,1.5073599815368652,-1.0,0.00014854931214358658,0.0,DQN_RND,0.01,0.95,mountaincar,dense
1,814,-200.0,200,0.5014878511428833,-1.0,0.0004165120190009475,0.0,DQN_RND,0.01,0.95,mountaincar,dense
1,815,-200.0,200,0.9448656439781189,-1.0,0.00022897636517882347,0.0,DQN_RND,0.01,0.95,mountaincar,dense
1,816,-200.0,200,0.5077437162399292,-1.0,0.0001314673136221245,0.0,DQN_RND,0.01,0.95,mountaincar,dense
1,817,-200.0,200,1.0766894817352295,-1.0,0.00011746590462280437,0.0,DQN_RND,0.01,0.95,mountaincar,dense
1,818,-200.0,200,1.0432984828948975,-1.0,0.00011347207328071818,0.0,DQN_RND,0.01,0.95,mountaincar,dense
1,819,-200.0,200,2.0524675846099854,-1.0,0.00011673940025502816,0.0,DQN_RND,0.01,0.95,mountaincar,dense
1,820,-200.0,200,1.5043953657150269,-1.0,0.00022663126583211124,0.0,DQN_RND,0.01,0.95,mountaincar,dense
1,821,-200.0,200,1.0592811107635498,-1.0,0.00012159129983047023,0.0,DQN_RND,0.01,0.95,mountaincar,dense
1,822,-200.0,200,0.9959792494773865,-1.0,0.0003736215003300458,0.0,DQN_RND,0.01,0.95,mountaincar,dense
1,823,-200.0,200,1.4914368391036987,-1.0,0.00012002985749859363,0.0,DQN_RND,0.01,0.95,mountaincar,dense
1,824,-200.0,200,0.5296924114227295,-1.0,0.00022525891836266965,0.0,DQN_RND,0.01,0.95,mountaincar,dense
1,825,-200.0,200,0.4933222234249115,-1.0,0.0002457786467857659,0.0,DQN_RND,0.01,0.95,mountaincar,dense
1,826,-200.0,200,1.060344934463501,-1.0,0.0002260877372464165,0.0,DQN_RND,0.01,0.95,mountaincar,dense
1,827,-200.0,200,0.010918915271759033,-1.0,0.00011761018686229363,0.0,DQN_RND,0.01,0.95,mountaincar,dense
1,828,-200.0,200,1.0158566236495972,-1.0,0.0004194029315840453,0.0,DQN_RND,0.01,0.95,mountaincar,dense
1,829,-200.0,200,1.4649262428283691,-1.0,0.00038973885239101946,0.0,DQN_RND,0.01,0.95,mountaincar,dense
1,830,-200.0,200,0.6064684987068176,-1.0,0.00038892379961907864,0.0,DQN_RND,0.01,0.95,mountaincar,dense
1,831,-200.0,200,1.4778006076812744,-1.0,0.0004358846927061677,0.0,DQN_RND,0.01,0.95,mountaincar,dense
1,832,-200.0,200,1.9613025188446045,-1.0,0.00022409437224268913,0.0,DQN_RND,0.01,0.95,mountaincar,dense
1,833,-200.0,200,1.5836365222930908,-1.0,0.00010587418364593759,0.0,DQN_RND,0.01,0.95,mountaincar,dense
1,834,-200.0,200,1.4766931533813477,-1.0,0.00042393559124320745,0.0,DQN_RND,0.01,0.95,mountaincar,dense
1,835,-200.0,200,1.0123883485794067,-1.0,0.0004419567412696779,0.0,DQN_RND,0.01,0.95,mountaincar,dense
1,836,-200.0,200,0.010921983048319817,-1.0,0.0004011261626146734,0.0,DQN_RND,0.01,0.95,mountaincar,dense
1,837,-200.0,200,1.4494245052337646,-1.0,0.00038687718915753067,0.0,DQN_RND,0.01,0.95,mountaincar,dense
1,838,-200.0,200,1.539636254310608,-1.0,0.0001290077925659716,0.0,DQN_RND,0.01,0.95,mountaincar,dense
1,839,-200.0,200,0.010639412328600883,-1.0,0.00011116037057945505,0.0,DQN_RND,0.01,0.95,mountaincar,dense
1,840,-200.0,200,0.9037587642669678,-1.0,0.0004030736454296857,0.0,DQN_RND,0.01,0.95,mountaincar,dense
1,841,-200.0,200,0.4934541881084442,-1.0,0.00022804718173574656,0.0,DQN_RND,0.01,0.95,mountaincar,dense
1,842,-200.0,200,1.5158469676971436,-1.0,0.00048614913248457015,0.0,DQN_RND,0.01,0.95,mountaincar,dense
1,843,-200.0,200,0.04817674309015274,-1.0,0.0004253291990607977,0.0,DQN_RND,0.01,0.95,mountaincar,dense
1,844,-200.0,200,1.0004712343215942,-1.0,0.00045910131302662194,0.0,DQN_RND,0.01,0.95,mountaincar,dense
1,845,-200.0,200,2.4206340312957764,-1.0,0.00038592107011936605,0.0,DQN_RND,0.01,0.95,mountaincar,dense
1,846,-200.0,200,2.3166704177856445,-1.0,0.00043526722583919764,0.0,DQN_RND,0.01,0.95,mountaincar,dense
1,847,-200.0,200,0.00686256680637598,-1.0,0.00021995751012582332,0.0,DQN_RND,0.01,0.95,mountaincar,dense
1,848,-200.0,200,1.0150753259658813,-1.0,0.00041453741141594946,0.0,DQN_RND,0.01,0.95,mountaincar,dense
1,849,-200.0,200,1.3888651132583618,-1.0,0.0004655029042623937,0.0,DQN_RND,0.01,0.95,mountaincar,dense
1,850,-200.0,200,2.489856481552124,-1.0,0.00011192938109161332,0.0,DQN_RND,0.01,0.95,mountaincar,dense
1,851,-200.0,200,1.7945854663848877,-1.0,0.00011115318193333223,0.0,DQN_RND,0.01,0.95,mountaincar,dense
1,852,-200.0,200,1.4204105138778687,-1.0,0.00012057098501827568,0.0,DQN_RND,0.01,0.95,mountaincar,dense
1,853,-200.0,200,1.0568913221359253,-1.0,0.0001099522560252808,0.0,DQN_RND,0.01,0.95,mountaincar,dense
1,854,-200.0,200,0.4629172384738922,-1.0,0.00021369698515627533,0.0,DQN_RND,0.01,0.95,mountaincar,dense
1,855,-200.0,200,0.0010228240862488747,-1.0,0.00011043206905014813,0.0,DQN_RND,0.01,0.95,mountaincar,dense
1,856,-200.0,200,1.8781661987304688,-1.0,0.000380686396965757,0.0,DQN_RND,0.01,0.95,mountaincar,dense
1,857,-200.0,200,1.0177639722824097,-1.0,0.0003774684155359864,0.0,DQN_RND,0.01,0.95,mountaincar,dense
1,858,-200.0,200,0.9718450307846069,-1.0,0.000218730783672072,0.0,DQN_RND,0.01,0.95,mountaincar,dense
1,859,-200.0,200,4.873706340789795,-1.0,0.00011686352809192613,0.0,DQN_RND,0.01,0.95,mountaincar,dense
1,860,-200.0,200,1.4837535619735718,-1.0,0.00023506225261371583,0.0,DQN_RND,0.01,0.95,mountaincar,dense
1,861,-200.0,200,0.9803810119628906,-1.0,0.00038377707824110985,0.0,DQN_RND,0.01,0.95,mountaincar,dense
1,862,-200.0,200,1.4902644157409668,-1.0,0.00041525770211592317,0.0,DQN_RND,0.01,0.95,mountaincar,dense
1,863,-200.0,200,1.0275839567184448,-1.0,0.0004245651070959866,0.0,DQN_RND,0.01,0.95,mountaincar,dense
1,864,-200.0,200,0.004311935510486364,-1.0,0.0004742787277791649,0.0,DQN_RND,0.01,0.95,mountaincar,dense
1,865,-200.0,200,0.9661545753479004,-1.0,0.0004177697701379657,0.0,DQN_RND,0.01,0.95,mountaincar,dense
1,866,-200.0,200,1.5064141750335693,-1.0,0.00012073660036548972,0.0,DQN_RND,0.01,0.95,mountaincar,dense
1,867,-200.0,200,2.100342273712158,-1.0,0.00011630132212303579,0.0,DQN_RND,0.01,0.95,mountaincar,dense
1,868,-200.0,200,0.001514965551905334,-1.0,0.00011261831969022751,0.0,DQN_RND,0.01,0.95,mountaincar,dense
1,869,-200.0,200,1.6521632671356201,-1.0,0.0004057800688315183,0.0,DQN_RND,0.01,0.95,mountaincar,dense
1,870,-200.0,200,0.5785915851593018,-1.0,0.0003939730813726783,0.0,DQN_RND,0.01,0.95,mountaincar,dense
1,871,-200.0,200,1.1530821323394775,-1.0,0.00037029801751486957,0.0,DQN_RND,0.01,0.95,mountaincar,dense
1,872,-200.0,200,1.2677669525146484,-1.0,0.00040872368845157325,0.0,DQN_RND,0.01,0.95,mountaincar,dense
1,873,-200.0,200,0.6463201642036438,-1.0,0.0004421580524649471,0.0,DQN_RND,0.01,0.95,mountaincar,dense
1,874,-200.0,200,2.2286159992218018,-1.0,0.0004360201128292829,0.0,DQN_RND,0.01,0.95,mountaincar,dense
1,875,-200.0,200,2.723297357559204,-1.0,0.0001011744316201657,0.0,DQN_RND,0.01,0.95,mountaincar,dense
1,876,-200.0,200,1.0931837558746338,-1.0,0.0004424413200467825,0.0,DQN_RND,0.01,0.95,mountaincar,dense
1,877,-200.0,200,0.5533440113067627,-1.0,0.0003931702231056988,0.0,DQN_RND,0.01,0.95,mountaincar,dense
1,878,-200.0,200,2.067047595977783,-1.0,0.0004273323866073042,0.0,DQN_RND,0.01,0.95,mountaincar,dense
1,879,-200.0,200,2.7530465126037598,-1.0,0.00021138462761882693,0.0,DQN_RND,0.01,0.95,mountaincar,dense
1,880,-200.0,200,1.3110344409942627,-1.0,0.00010873762948904186,0.0,DQN_RND,0.01,0.95,mountaincar,dense
1,881,-200.0,200,1.942661166191101,-1.0,0.0003857657720800489,0.0,DQN_RND,0.01,0.95,mountaincar,dense
1,882,-200.0,200,1.6402255296707153,-1.0,0.00039315191679634154,0.0,DQN_RND,0.01,0.95,mountaincar,dense
1,883,-200.0,200,3.0456717014312744,-1.0,0.00043474070844240487,0.0,DQN_RND,0.01,0.95,mountaincar,dense
1,884,-200.0,200,1.0290125608444214,-1.0,0.0003745554422494024,0.0,DQN_RND,0.01,0.95,mountaincar,dense
1,885,-200.0,200,1.042401671409607,-1.0,0.00043853637180291116,0.0,DQN_RND,0.01,0.95,mountaincar,dense
1,886,-200.0,200,0.004037792328745127,-1.0,0.0004285227332729846,0.0,DQN_RND,0.01,0.95,mountaincar,dense
1,887,-200.0,200,0.5363389849662781,-1.0,0.00038727643550373614,0.0,DQN_RND,0.01,0.95,mountaincar,dense
1,888,-200.0,200,1.7555480003356934,-1.0,0.00021030510833952576,0.0,DQN_RND,0.01,0.95,mountaincar,dense
1,889,-200.0,200,0.004211257677525282,-1.0,0.00010139474761672318,0.0,DQN_RND,0.01,0.95,mountaincar,dense
1,890,-200.0,200,3.2289693355560303,-1.0,0.0004057151672895998,0.0,DQN_RND,0.01,0.95,mountaincar,dense
1,891,-200.0,200,1.1015334129333496,-1.0,0.0003700943198055029,0.0,DQN_RND,0.01,0.95,mountaincar,dense
1,892,-200.0,200,0.5465242862701416,-1.0,0.0002130763023160398,0.0,DQN_RND,0.01,0.95,mountaincar,dense
1,893,-200.0,200,1.7748773097991943,-1.0,0.0004303330497350544,0.0,DQN_RND,0.01,0.95,mountaincar,dense
1,894,-200.0,200,2.348940372467041,-1.0,0.00043387754703871906,0.0,DQN_RND,0.01,0.95,mountaincar,dense
1,895,-200.0,200,0.01789211668074131,-1.0,0.00011217434803256765,0.0,DQN_RND,0.01,0.95,mountaincar,dense
1,896,-200.0,200,0.4782100021839142,-1.0,0.00010107755224453285,0.0,DQN_RND,0.01,0.95,mountaincar,dense
1,897,-200.0,200,0.5158743262290955,-1.0,0.00021759002993348986,0.0,DQN_RND,0.01,0.95,mountaincar,dense
1,898,-200.0,200,1.4040882587432861,-1.0,0.00043363511213101447,0.0,DQN_RND,0.01,0.95,mountaincar,dense
1,899,-200.0,200,1.4615285396575928,-1.0,0.0002094315568683669,0.0,DQN_RND,0.01,0.95,mountaincar,dense
1,900,-200.0,200,2.0376527309417725,-1.0,0.00020851714361924678,0.0,DQN_RND,0.01,0.95,mountaincar,dense
1,901,-200.0,200,1.5125828981399536,-1.0,0.00020934994972776622,0.0,DQN_RND,0.01,0.95,mountaincar,dense
1,902,-200.0,200,1.5826445817947388,-1.0,9.980509639717638e-05,0.0,DQN_RND,0.01,0.95,mountaincar,dense
1,903,-200.0,200,3.713869571685791,-1.0,0.0003959944879170507,0.0,DQN_RND,0.01,0.95,mountaincar,dense
1,904,-200.0,200,0.9547655582427979,-1.0,0.00021721112716477364,0.0,DQN_RND,0.01,0.95,mountaincar,dense
1,905,-200.0,200,0.48094773292541504,-1.0,0.00022090303536970168,0.0,DQN_RND,0.01,0.95,mountaincar,dense
1,906,-200.0,200,0.005005484912544489,-1.0,0.0002129548811353743,0.0,DQN_RND,0.01,0.95,mountaincar,dense
1,907,-200.0,200,2.467707872390747,-1.0,0.0004065373505000025,0.0,DQN_RND,0.01,0.95,mountaincar,dense
1,908,-200.0,200,0.9933164119720459,-1.0,9.599599434295669e-05,0.0,DQN_RND,0.01,0.95,mountaincar,dense
1,909,-200.0,200,0.007467382121831179,-1.0,9.914654947351664e-05,0.0,DQN_RND,0.01,0.95,mountaincar,dense
1,910,-200.0,200,0.5390874147415161,-1.0,0.00040615489706397057,0.0,DQN_RND,0.01,0.95,mountaincar,dense
1,911,-200.0,200,2.122321128845215,-1.0,0.00043659217772074044,0.0,DQN_RND,0.01,0.95,mountaincar,dense
1,912,-200.0,200,1.602962851524353,-1.0,0.00041005417006090283,0.0,DQN_RND,0.01,0.95,mountaincar,dense
1,913,-200.0,200,1.0592730045318604,-1.0,0.00045557989506050944,0.0,DQN_RND,0.01,0.95,mountaincar,dense
1,914,-200.0,200,0.009989679791033268,-1.0,0.00020818518532905728,0.0,DQN_RND,0.01,0.95,mountaincar,dense
1,915,-200.0,200,2.1988425254821777,-1.0,0.00043022228055633605,0.0,DQN_RND,0.01,0.95,mountaincar,dense
1,916,-200.0,200,2.2225210666656494,-1.0,0.00020900092204101384,0.0,DQN_RND,0.01,0.95,mountaincar,dense
1,917,-200.0,200,1.641772985458374,-1.0,9.730549936648458e-05,0.0,DQN_RND,0.01,0.95,mountaincar,dense
1,918,-200.0,200,2.459198236465454,-1.0,0.0004046334943268448,0.0,DQN_RND,0.01,0.95,mountaincar,dense
1,919,-200.0,200,1.6667392253875732,-1.0,0.00020212694653309882,0.0,DQN_RND,0.01,0.95,mountaincar,dense
1,920,-200.0,200,3.5435261726379395,-1.0,0.0003933334373869002,0.0,DQN_RND,0.01,0.95,mountaincar,dense
1,921,-200.0,200,0.008344639092683792,-1.0,0.0004078142228536308,0.0,DQN_RND,0.01,0.95,mountaincar,dense
1,922,-200.0,200,2.6929755210876465,-1.0,0.00041430091368965805,0.0,DQN_RND,0.01,0.95,mountaincar,dense
1,923,-200.0,200,1.5489847660064697,-1.0,8.901774708647281e-05,0.0,DQN_RND,0.01,0.95,mountaincar,dense
1,924,-200.0,200,0.5181184411048889,-1.0,9.782858251128346e-05,0.0,DQN_RND,0.01,0.95,mountaincar,dense
1,925,-200.0,200,1.013070821762085,-1.0,9.077572030946612e-05,0.0,DQN_RND,0.01,0.95,mountaincar,dense
1,926,-200.0,200,1.6569063663482666,-1.0,0.00010992377065122128,0.0,DQN_RND,0.01,0.95,mountaincar,dense
1,927,-200.0,200,3.344658374786377,-1.0,0.00020227378990966827,0.0,DQN_RND,0.01,0.95,mountaincar,dense
1,928,-200.0,200,1.6945903301239014,-1.0,0.0001070486250682734,0.0,DQN_RND,0.01,0.95,mountaincar,dense
1,929,-200.0,200,2.502562999725342,-1.0,0.00045421021059155464,0.0,DQN_RND,0.01,0.95,mountaincar,dense
1,930,-200.0,200,1.6536999940872192,-1.0,9.068100189324468e-05,0.0,DQN_RND,0.01,0.95,mountaincar,dense
1,931,-200.0,200,0.009606760926544666,-1.0,0.00020396278705447912,0.0,DQN_RND,0.01,0.95,mountaincar,dense
1,932,-200.0,200,1.3926063776016235,-1.0,0.0004215062945149839,0.0,DQN_RND,0.01,0.95,mountaincar,dense
1,933,-200.0,200,2.95398211479187,-1.0,0.0002021862892434001,0.0,DQN_RND,0.01,0.95,mountaincar,dense
1,934,-200.0,200,0.9672656059265137,-1.0,0.0004495945177040994,0.0,DQN_RND,0.01,0.95,mountaincar,dense
1,935,-200.0,200,0.45202696323394775,-1.0,0.00041193797369487584,0.0,DQN_RND,0.01,0.95,mountaincar,dense
1,936,-200.0,200,1.3862175941467285,-1.0,8.599089051131159e-05,0.0,DQN_RND,0.01,0.95,mountaincar,dense
1,937,-200.0,200,0.9656539559364319,-1.0,0.0003930750535801053,0.0,DQN_RND,0.01,0.95,mountaincar,dense
1,938,-200.0,200,0.4343521296977997,-1.0,0.0004587976436596364,0.0,DQN_RND,0.01,0.95,mountaincar,dense
1,939,-200.0,200,1.4465373754501343,-1.0,9.701827366370708e-05,0.0,DQN_RND,0.01,0.95,mountaincar,dense
1,940,-200.0,200,2.8755502700805664,-1.0,0.0003999207110609859,0.0,DQN_RND,0.01,0.95,mountaincar,dense
1,941,-200.0,200,2.3803188800811768,-1.0,0.00038655046955682337,0.0,DQN_RND,0.01,0.95,mountaincar,dense
1,942,-200.0,200,1.4935178756713867,-1.0,0.00020861309894826263,0.0,DQN_RND,0.01,0.95,mountaincar,dense
1,943,-200.0,200,0.4844067692756653,-1.0,0.00021179394389037043,0.0,DQN_RND,0.01,0.95,mountaincar,dense
1,944,-200.0,200,0.5144939422607422,-1.0,0.00020286090148147196,0.0,DQN_RND,0.01,0.95,mountaincar,dense
1,945,-200.0,200,1.4900343418121338,-1.0,0.0004173330089543015,0.0,DQN_RND,0.01,0.95,mountaincar,dense
1,946,-200.0,200,1.4375638961791992,-1.0,0.00043338630348443985,0.0,DQN_RND,0.01,0.95,mountaincar,dense
1,947,-200.0,200,1.0020463466644287,-1.0,0.00039539943099953234,0.0,DQN_RND,0.01,0.95,mountaincar,dense
1,948,-200.0,200,1.5541319847106934,-1.0,0.00021067629859317094,0.0,DQN_RND,0.01,0.95,mountaincar,dense
1,949,-200.0,200,0.004994413815438747,-1.0,0.0004571335157379508,0.0,DQN_RND,0.01,0.95,mountaincar,dense
1,950,-200.0,200,2.5339040756225586,-1.0,0.0004291707300581038,0.0,DQN_RND,0.01,0.95,mountaincar,dense
1,951,-200.0,200,0.9430102705955505,-1.0,0.00038933029281906784,0.0,DQN_RND,0.01,0.95,mountaincar,dense
1,952,-200.0,200,2.316622257232666,-1.0,0.00043780129635706544,0.0,DQN_RND,0.01,0.95,mountaincar,dense
1,953,-200.0,200,0.43709301948547363,-1.0,0.00041637790855020285,0.0,DQN_RND,0.01,0.95,mountaincar,dense
1,954,-200.0,200,0.5311695337295532,-1.0,8.189621439669281e-05,0.0,DQN_RND,0.01,0.95,mountaincar,dense
1,955,-200.0,200,1.8170156478881836,-1.0,0.000395868846680969,0.0,DQN_RND,0.01,0.95,mountaincar,dense
1,956,-200.0,200,0.9225834012031555,-1.0,9.182695066556334e-05,0.0,DQN_RND,0.01,0.95,mountaincar,dense
1,957,-200.0,200,1.3746254444122314,-1.0,0.0004505333199631423,0.0,DQN_RND,0.01,0.95,mountaincar,dense
1,958,-200.0,200,1.3935052156448364,-1.0,0.0002157742710551247,0.0,DQN_RND,0.01,0.95,mountaincar,dense
1,959,-200.0,200,1.0039507150650024,-1.0,0.00020873210451100022,0.0,DQN_RND,0.01,0.95,mountaincar,dense
1,960,-200.0,200,0.482546329498291,-1.0,8.418082870775834e-05,0.0,DQN_RND,0.01,0.95,mountaincar,dense
1,961,-200.0,200,0.5040075778961182,-1.0,0.00044659225386567414,0.0,DQN_RND,0.01,0.95,mountaincar,dense
1,962,-200.0,200,1.7989037036895752,-1.0,0.0003803812724072486,0.0,DQN_RND,0.01,0.95,mountaincar,dense
1,963,-200.0,200,0.5457038283348083,-1.0,9.629187115933746e-05,0.0,DQN_RND,0.01,0.95,mountaincar,dense
1,964,-200.0,200,2.37394118309021,-1.0,8.727425301913172e-05,0.0,DQN_RND,0.01,0.95,mountaincar,dense
1,965,-200.0,200,0.5288496017456055,-1.0,0.0003762432897929102,0.0,DQN_RND,0.01,0.95,mountaincar,dense
1,966,-200.0,200,1.780141830444336,-1.0,0.00040505407378077507,0.0,DQN_RND,0.01,0.95,mountaincar,dense
1,967,-200.0,200,0.5539731979370117,-1.0,8.681156759848818e-05,0.0,DQN_RND,0.01,0.95,mountaincar,dense
1,968,-200.0,200,0.8972795009613037,-1.0,0.0002139560820069164,0.0,DQN_RND,0.01,0.95,mountaincar,dense
1,969,-200.0,200,0.9437106251716614,-1.0,9.517143917037174e-05,0.0,DQN_RND,0.01,0.95,mountaincar,dense
1,970,-200.0,200,0.9731091260910034,-1.0,9.165847586700693e-05,0.0,DQN_RND,0.01,0.95,mountaincar,dense
1,971,-200.0,200,2.298729658126831,-1.0,0.00040273217018693686,0.0,DQN_RND,0.01,0.95,mountaincar,dense
1,972,-200.0,200,1.3806135654449463,-1.0,0.00046472306712530553,0.0,DQN_RND,0.01,0.95,mountaincar,dense
1,973,-200.0,200,2.0331902503967285,-1.0,0.0004013906291220337,0.0,DQN_RND,0.01,0.95,mountaincar,dense
1,974,-200.0,200,2.420609712600708,-1.0,0.0004312748496886343,0.0,DQN_RND,0.01,0.95,mountaincar,dense
1,975,-200.0,200,0.4512777030467987,-1.0,7.952967280289158e-05,0.0,DQN_RND,0.01,0.95,mountaincar,dense
1,976,-200.0,200,1.5278170108795166,-1.0,8.112473005894572e-05,0.0,DQN_RND,0.01,0.95,mountaincar,dense
1,977,-200.0,200,0.007180452346801758,-1.0,0.0004239718255121261,0.0,DQN_RND,0.01,0.95,mountaincar,dense
1,978,-200.0,200,0.000532782229129225,-1.0,0.00021382037084549665,0.0,DQN_RND,0.01,0.95,mountaincar,dense
1,979,-200.0,200,1.0319108963012695,-1.0,0.0004053621960338205,0.0,DQN_RND,0.01,0.95,mountaincar,dense
1,980,-200.0,200,0.5416277050971985,-1.0,0.00019894338038284332,0.0,DQN_RND,0.01,0.95,mountaincar,dense
1,981,-200.0,200,1.7159500122070312,-1.0,0.00040590541902929544,0.0,DQN_RND,0.01,0.95,mountaincar,dense
1,982,-200.0,200,0.6526510119438171,-1.0,0.00040112005081027746,0.0,DQN_RND,0.01,0.95,mountaincar,dense
1,983,-200.0,200,0.5413239002227783,-1.0,0.0004305911425035447,0.0,DQN_RND,0.01,0.95,mountaincar,dense
1,984,-200.0,200,1.47213876247406,-1.0,8.089570474112406e-05,0.0,DQN_RND,0.01,0.95,mountaincar,dense
1,985,-200.0,200,0.4956163465976715,-1.0,9.390816558152437e-05,0.0,DQN_RND,0.01,0.95,mountaincar,dense
1,986,-200.0,200,1.610511302947998,-1.0,7.927045953692868e-05,0.0,DQN_RND,0.01,0.95,mountaincar,dense
1,987,-200.0,200,1.6029331684112549,-1.0,0.00010046652460005134,0.0,DQN_RND,0.01,0.95,mountaincar,dense
1,988,-200.0,200,1.6623656749725342,-1.0,8.294810686493292e-05,0.0,DQN_RND,0.01,0.95,mountaincar,dense
1,989,-200.0,200,1.201960802078247,-1.0,0.0002115678507834673,0.0,DQN_RND,0.01,0.95,mountaincar,dense
1,990,-200.0,200,1.6928246021270752,-1.0,0.00044329173397272825,0.0,DQN_RND,0.01,0.95,mountaincar,dense
1,991,-200.0,200,5.104384899139404,-1.0,0.0001964043767657131,0.0,DQN_RND,0.01,0.95,mountaincar,dense
1,992,-200.0,200,1.6400549411773682,-1.0,8.989305206341669e-05,0.0,DQN_RND,0.01,0.95,mountaincar,dense
1,993,-200.0,200,2.815603256225586,-1.0,9.363438584841788e-05,0.0,DQN_RND,0.01,0.95,mountaincar,dense
1,994,-200.0,200,1.1694309711456299,-1.0,7.747967902105302e-05,0.0,DQN_RND,0.01,0.95,mountaincar,dense
1,995,-200.0,200,1.1148546934127808,-1.0,9.484524343861267e-05,0.0,DQN_RND,0.01,0.95,mountaincar,dense
1,996,-200.0,200,0.5867932438850403,-1.0,0.0004022821085527539,0.0,DQN_RND,0.01,0.95,mountaincar,dense
1,997,-200.0,200,0.5822174549102783,-1.0,7.499713683500886e-05,0.0,DQN_RND,0.01,0.95,mountaincar,dense
1,998,-200.0,200,2.1670753955841064,-1.0,0.0004658051475416869,0.0,DQN_RND,0.01,0.95,mountaincar,dense
1,999,-200.0,200,1.1404964923858643,-1.0,9.722990944283083e-05,0.0,DQN_RND,0.01,0.95,mountaincar,dense
1,1000,-200.0,200,1.768215537071228,-1.0,0.00045694291475228965,0.0,DQN_RND,0.01,0.95,mountaincar,dense
