seed,episode,reward,episode_length,loss,eval_success_rate,intrinsic_reward,policy_entropy,algorithm,learning_rate,gamma,env_name,reward_type
7,1,-200.0,200,0.9345282912254333,-1.0,0.0005955965025350451,0.0,DQN_RND,0.01,0.99,mountaincar,dense
7,2,-200.0,200,0.8698554039001465,-1.0,0.000578765757381916,0.0,DQN_RND,0.01,0.99,mountaincar,dense
7,3,-200.0,200,0.8092545866966248,-1.0,0.000629550195299089,0.0,DQN_RND,0.01,0.99,mountaincar,dense
7,4,-200.0,200,0.9489909410476685,-1.0,0.0006069819792173803,0.0,DQN_RND,0.01,0.99,mountaincar,dense
7,5,-200.0,200,0.8879072666168213,-1.0,0.0005690750549547374,0.0,DQN_RND,0.01,0.99,mountaincar,dense
7,6,-200.0,200,0.943196177482605,-1.0,0.0005786278052255511,0.0,DQN_RND,0.01,0.99,mountaincar,dense
7,7,-200.0,200,0.8832932710647583,-1.0,0.0006125986692495644,0.0,DQN_RND,0.01,0.99,mountaincar,dense
7,8,-200.0,200,0.8314856886863708,-1.0,0.0006722559919580817,0.0,DQN_RND,0.01,0.99,mountaincar,dense
7,9,-200.0,200,0.9586107730865479,-1.0,0.0006192023283801973,0.0,DQN_RND,0.01,0.99,mountaincar,dense
7,10,-200.0,200,0.8946552276611328,-1.0,0.0006271245656535029,0.0,DQN_RND,0.01,0.99,mountaincar,dense
7,11,-200.0,200,0.9506715536117554,-1.0,0.0006658703787252307,0.0,DQN_RND,0.01,0.99,mountaincar,dense
7,12,-200.0,200,0.8843945860862732,-1.0,0.0006021439912728965,0.0,DQN_RND,0.01,0.99,mountaincar,dense
7,13,-200.0,200,0.8260931968688965,-1.0,0.0005803609965369105,0.0,DQN_RND,0.01,0.99,mountaincar,dense
7,14,-200.0,200,0.9351226687431335,-1.0,0.0006070462986826897,0.0,DQN_RND,0.01,0.99,mountaincar,dense
7,15,-200.0,200,0.8687468767166138,-1.0,0.0006087673245929182,0.0,DQN_RND,0.01,0.99,mountaincar,dense
7,16,-200.0,200,0.9390558004379272,-1.0,0.0005997888511046767,0.0,DQN_RND,0.01,0.99,mountaincar,dense
7,17,-200.0,200,0.8686598539352417,-1.0,0.0006152433925308287,0.0,DQN_RND,0.01,0.99,mountaincar,dense
7,18,-200.0,200,0.8063088059425354,-1.0,0.0005811750888824463,0.0,DQN_RND,0.01,0.99,mountaincar,dense
7,19,-200.0,200,0.9171606302261353,-1.0,0.0005726974923163652,0.0,DQN_RND,0.01,0.99,mountaincar,dense
7,20,-200.0,200,0.850522518157959,-1.0,0.0005845241830684245,0.0,DQN_RND,0.01,0.99,mountaincar,dense
7,21,-200.0,200,0.9228267073631287,-1.0,0.0006127546075731516,0.0,DQN_RND,0.01,0.99,mountaincar,dense
7,22,-200.0,200,0.843111515045166,-1.0,0.0006066629430279136,0.0,DQN_RND,0.01,0.99,mountaincar,dense
7,23,-200.0,200,0.7674762606620789,-1.0,0.0006021805456839502,0.0,DQN_RND,0.01,0.99,mountaincar,dense
7,24,-200.0,200,0.8957184553146362,-1.0,0.0005801128572784364,0.0,DQN_RND,0.01,0.99,mountaincar,dense
7,25,-200.0,200,0.817103385925293,-1.0,0.0005927647580392659,0.0,DQN_RND,0.01,0.99,mountaincar,dense
7,26,-200.0,200,0.8926166892051697,-1.0,0.0005534635274671018,0.0,DQN_RND,0.01,0.99,mountaincar,dense
7,27,-200.0,200,0.7863560914993286,-1.0,0.0006041881279088557,0.0,DQN_RND,0.01,0.99,mountaincar,dense
7,28,-200.0,200,0.6930005550384521,-1.0,0.0005939401453360915,0.0,DQN_RND,0.01,0.99,mountaincar,dense
7,29,-200.0,200,0.8751304745674133,-1.0,0.0005730707780458033,0.0,DQN_RND,0.01,0.99,mountaincar,dense
7,30,-200.0,200,0.7521644234657288,-1.0,0.0006638657068833709,0.0,DQN_RND,0.01,0.99,mountaincar,dense
7,31,-200.0,200,0.8473976850509644,-1.0,0.0006012181984260678,0.0,DQN_RND,0.01,0.99,mountaincar,dense
7,32,-200.0,200,0.7154358625411987,-1.0,0.0006805601296946406,0.0,DQN_RND,0.01,0.99,mountaincar,dense
7,33,-200.0,200,0.5975037813186646,-1.0,0.0005890156025998294,0.0,DQN_RND,0.01,0.99,mountaincar,dense
7,34,-200.0,200,0.8249866366386414,-1.0,0.0005755246384069324,0.0,DQN_RND,0.01,0.99,mountaincar,dense
7,35,-200.0,200,0.6470494270324707,-1.0,0.0006280723609961569,0.0,DQN_RND,0.01,0.99,mountaincar,dense
7,36,-200.0,200,0.8016226887702942,-1.0,0.0005779634229838848,0.0,DQN_RND,0.01,0.99,mountaincar,dense
7,37,-200.0,200,0.5975824594497681,-1.0,0.0005904925637878478,0.0,DQN_RND,0.01,0.99,mountaincar,dense
7,38,-200.0,200,0.4358474016189575,-1.0,0.0005821883678436279,0.0,DQN_RND,0.01,0.99,mountaincar,dense
7,39,-200.0,200,0.7565479874610901,-1.0,0.0005566757172346115,0.0,DQN_RND,0.01,0.99,mountaincar,dense
7,40,-200.0,200,0.5022712349891663,-1.0,0.0006191366701386869,0.0,DQN_RND,0.01,0.99,mountaincar,dense
7,41,-200.0,200,0.738691508769989,-1.0,0.0006080802413634956,0.0,DQN_RND,0.01,0.99,mountaincar,dense
7,42,-200.0,200,0.42251962423324585,-1.0,0.0005897771916352212,0.0,DQN_RND,0.01,0.99,mountaincar,dense
7,43,-200.0,200,0.23435434699058533,-1.0,0.0005671061226166785,0.0,DQN_RND,0.01,0.99,mountaincar,dense
7,44,-200.0,200,0.6894590854644775,-1.0,0.0005718360771425068,0.0,DQN_RND,0.01,0.99,mountaincar,dense
7,45,-200.0,200,0.3194064497947693,-1.0,0.0005907035083509982,0.0,DQN_RND,0.01,0.99,mountaincar,dense
7,46,-200.0,200,0.6570898294448853,-1.0,0.0005622383905574679,0.0,DQN_RND,0.01,0.99,mountaincar,dense
7,47,-200.0,200,0.2607557475566864,-1.0,0.0005882297991774976,0.0,DQN_RND,0.01,0.99,mountaincar,dense
7,48,-200.0,200,0.07321043312549591,-1.0,0.0005599236465059221,0.0,DQN_RND,0.01,0.99,mountaincar,dense
7,49,-200.0,200,0.6360677480697632,-1.0,0.0005591457011178136,0.0,DQN_RND,0.01,0.99,mountaincar,dense
7,50,-200.0,200,0.18350456655025482,-1.0,0.0006800859118811786,0.0,DQN_RND,0.01,0.99,mountaincar,dense
7,51,-200.0,200,0.4913265109062195,-1.0,0.0006041950546205044,0.0,DQN_RND,0.01,0.99,mountaincar,dense
7,52,-200.0,200,0.13090665638446808,-1.0,0.0005979948327876627,0.0,DQN_RND,0.01,0.99,mountaincar,dense
7,53,-200.0,200,0.15475820004940033,-1.0,0.0005961571005173028,0.0,DQN_RND,0.01,0.99,mountaincar,dense
7,54,-200.0,200,0.4993025064468384,-1.0,0.0006060138694010675,0.0,DQN_RND,0.01,0.99,mountaincar,dense
7,55,-200.0,200,0.2105628103017807,-1.0,0.0006447607302106917,0.0,DQN_RND,0.01,0.99,mountaincar,dense
7,56,-200.0,200,0.49282747507095337,-1.0,0.0006278637447394431,0.0,DQN_RND,0.01,0.99,mountaincar,dense
7,57,-200.0,200,0.4403635263442993,-1.0,0.0005576876574195921,0.0,DQN_RND,0.01,0.99,mountaincar,dense
7,58,-200.0,200,0.17231713235378265,-1.0,0.0005664466880261898,0.0,DQN_RND,0.01,0.99,mountaincar,dense
7,59,-200.0,200,0.2774450480937958,-1.0,0.0005694626015610993,0.0,DQN_RND,0.01,0.99,mountaincar,dense
7,60,-200.0,200,0.11705715954303741,-1.0,0.0005645161145366728,0.0,DQN_RND,0.01,0.99,mountaincar,dense
7,61,-200.0,200,0.3625103235244751,-1.0,0.0005176689592190087,0.0,DQN_RND,0.01,0.99,mountaincar,dense
7,62,-200.0,200,0.2956882119178772,-1.0,0.0005894103087484837,0.0,DQN_RND,0.01,0.99,mountaincar,dense
7,63,-200.0,200,0.42881596088409424,-1.0,0.0006133498973213136,0.0,DQN_RND,0.01,0.99,mountaincar,dense
7,64,-200.0,200,0.5644224882125854,-1.0,0.0006316429935395718,0.0,DQN_RND,0.01,0.99,mountaincar,dense
7,65,-200.0,200,0.6725600361824036,-1.0,0.000570015050470829,0.0,DQN_RND,0.01,0.99,mountaincar,dense
7,66,-200.0,200,0.9660196900367737,-1.0,0.0005809273570775986,0.0,DQN_RND,0.01,0.99,mountaincar,dense
7,67,-200.0,200,0.7898273468017578,-1.0,0.0005740628112107515,0.0,DQN_RND,0.01,0.99,mountaincar,dense
7,68,-200.0,200,0.6548432111740112,-1.0,0.0005580881261266768,0.0,DQN_RND,0.01,0.99,mountaincar,dense
7,69,-200.0,200,1.0766923427581787,-1.0,0.0005454742349684238,0.0,DQN_RND,0.01,0.99,mountaincar,dense
7,70,-200.0,200,0.49012425541877747,-1.0,0.0005743033834733069,0.0,DQN_RND,0.01,0.99,mountaincar,dense
7,71,-200.0,200,0.9255263805389404,-1.0,0.0006089037051424384,0.0,DQN_RND,0.01,0.99,mountaincar,dense
7,72,-200.0,200,0.7794428467750549,-1.0,0.0005983070004731417,0.0,DQN_RND,0.01,0.99,mountaincar,dense
7,73,-200.0,200,0.5625167489051819,-1.0,0.0005122807342559099,0.0,DQN_RND,0.01,0.99,mountaincar,dense
7,74,-200.0,200,0.422743558883667,-1.0,0.0005708856624551117,0.0,DQN_RND,0.01,0.99,mountaincar,dense
7,75,-200.0,200,0.9186233282089233,-1.0,0.0005381360533647239,0.0,DQN_RND,0.01,0.99,mountaincar,dense
7,76,-200.0,200,0.8850964903831482,-1.0,0.0005527701578103006,0.0,DQN_RND,0.01,0.99,mountaincar,dense
7,77,-200.0,200,1.4279518127441406,-1.0,0.0005569530185312033,0.0,DQN_RND,0.01,0.99,mountaincar,dense
7,78,-200.0,200,2.3970649242401123,-1.0,0.0005935183144174516,0.0,DQN_RND,0.01,0.99,mountaincar,dense
7,79,-200.0,200,1.9863693714141846,-1.0,0.0006176732131280005,0.0,DQN_RND,0.01,0.99,mountaincar,dense
7,80,-200.0,200,1.8404837846755981,-1.0,0.0005734077421948314,0.0,DQN_RND,0.01,0.99,mountaincar,dense
7,81,-200.0,200,2.060971736907959,-1.0,0.0005696969456039369,0.0,DQN_RND,0.01,0.99,mountaincar,dense
7,82,-200.0,200,0.8617847561836243,-1.0,0.0006105807842686772,0.0,DQN_RND,0.01,0.99,mountaincar,dense
7,83,-200.0,200,0.4252653121948242,-1.0,0.0005530573544092476,0.0,DQN_RND,0.01,0.99,mountaincar,dense
7,84,-200.0,200,1.1629084348678589,-1.0,0.0005453767371363938,0.0,DQN_RND,0.01,0.99,mountaincar,dense
7,85,-200.0,200,0.8727248311042786,-1.0,0.0005693428101949394,0.0,DQN_RND,0.01,0.99,mountaincar,dense
7,86,-200.0,200,1.6050305366516113,-1.0,0.000560292974114418,0.0,DQN_RND,0.01,0.99,mountaincar,dense
7,87,-200.0,200,0.987424373626709,-1.0,0.0005084300064481795,0.0,DQN_RND,0.01,0.99,mountaincar,dense
7,88,-200.0,200,3.0608389377593994,-1.0,0.0005303987418301404,0.0,DQN_RND,0.01,0.99,mountaincar,dense
7,89,-200.0,200,2.576704263687134,-1.0,0.0005684595671482384,0.0,DQN_RND,0.01,0.99,mountaincar,dense
7,90,-200.0,200,2.7700021266937256,-1.0,0.0005287535605020821,0.0,DQN_RND,0.01,0.99,mountaincar,dense
7,91,-200.0,200,0.7454691529273987,-1.0,0.0005446419236250222,0.0,DQN_RND,0.01,0.99,mountaincar,dense
7,92,-200.0,200,1.2220439910888672,-1.0,0.0007077461923472583,0.0,DQN_RND,0.01,0.99,mountaincar,dense
7,93,-200.0,200,1.1093417406082153,-1.0,0.0004914531018584967,0.0,DQN_RND,0.01,0.99,mountaincar,dense
7,94,-200.0,200,1.670619010925293,-1.0,0.000532504403963685,0.0,DQN_RND,0.01,0.99,mountaincar,dense
7,95,-200.0,200,1.6365827322006226,-1.0,0.0005970236379653215,0.0,DQN_RND,0.01,0.99,mountaincar,dense
7,96,-200.0,200,2.7670230865478516,-1.0,0.0005257934681139886,0.0,DQN_RND,0.01,0.99,mountaincar,dense
7,97,-200.0,200,1.3334680795669556,-1.0,0.0005258312448859215,0.0,DQN_RND,0.01,0.99,mountaincar,dense
7,98,-200.0,200,0.7488267421722412,-1.0,0.0005657881265506148,0.0,DQN_RND,0.01,0.99,mountaincar,dense
7,99,-200.0,200,1.7621749639511108,-1.0,0.0005073312786407769,0.0,DQN_RND,0.01,0.99,mountaincar,dense
7,100,-200.0,200,3.3502988815307617,-1.0,0.0005370557773858309,0.0,DQN_RND,0.01,0.99,mountaincar,dense
7,101,-200.0,200,1.626017451286316,-1.0,0.0006200280040502548,0.0,DQN_RND,0.01,0.99,mountaincar,dense
7,102,-200.0,200,3.4179906845092773,-1.0,0.000584227847866714,0.0,DQN_RND,0.01,0.99,mountaincar,dense
7,103,-200.0,200,1.3881125450134277,-1.0,0.0005849705776199698,0.0,DQN_RND,0.01,0.99,mountaincar,dense
7,104,-200.0,200,3.1709182262420654,-1.0,0.0005797123303636909,0.0,DQN_RND,0.01,0.99,mountaincar,dense
7,105,-200.0,200,2.032334089279175,-1.0,0.0005693401908501983,0.0,DQN_RND,0.01,0.99,mountaincar,dense
7,106,-200.0,200,3.320143938064575,-1.0,0.0005505852168425918,0.0,DQN_RND,0.01,0.99,mountaincar,dense
7,107,-200.0,200,1.307525396347046,-1.0,0.0005453134072013199,0.0,DQN_RND,0.01,0.99,mountaincar,dense
7,108,-200.0,200,2.3906702995300293,-1.0,0.0005574734532274306,0.0,DQN_RND,0.01,0.99,mountaincar,dense
7,109,-200.0,200,0.4206554889678955,-1.0,0.0005827344721183181,0.0,DQN_RND,0.01,0.99,mountaincar,dense
7,110,-200.0,200,0.701626718044281,-1.0,0.0005371311563067138,0.0,DQN_RND,0.01,0.99,mountaincar,dense
7,111,-200.0,200,5.397910118103027,-1.0,0.0005068848258815706,0.0,DQN_RND,0.01,0.99,mountaincar,dense
7,112,-200.0,200,2.6698403358459473,-1.0,0.0005200178129598498,0.0,DQN_RND,0.01,0.99,mountaincar,dense
7,113,-200.0,200,2.713296413421631,-1.0,0.000542913272511214,0.0,DQN_RND,0.01,0.99,mountaincar,dense
7,114,-200.0,200,2.593156576156616,-1.0,0.0006306978175416589,0.0,DQN_RND,0.01,0.99,mountaincar,dense
7,115,-200.0,200,3.285684108734131,-1.0,0.0005487821763381362,0.0,DQN_RND,0.01,0.99,mountaincar,dense
7,116,-200.0,200,1.8189822435379028,-1.0,0.0005907047307118773,0.0,DQN_RND,0.01,0.99,mountaincar,dense
7,117,-200.0,200,2.602201461791992,-1.0,0.0005201695021241903,0.0,DQN_RND,0.01,0.99,mountaincar,dense
7,118,-200.0,200,0.6227567791938782,-1.0,0.0006065257475711405,0.0,DQN_RND,0.01,0.99,mountaincar,dense
7,119,-200.0,200,4.4275617599487305,-1.0,0.0005964864976704121,0.0,DQN_RND,0.01,0.99,mountaincar,dense
7,120,-200.0,200,2.5650634765625,-1.0,0.0004978606593795121,0.0,DQN_RND,0.01,0.99,mountaincar,dense
7,121,-200.0,200,0.44872748851776123,-1.0,0.0005979636334814131,0.0,DQN_RND,0.01,0.99,mountaincar,dense
7,122,-200.0,200,4.861856460571289,-1.0,0.0005236750585027039,0.0,DQN_RND,0.01,0.99,mountaincar,dense
7,123,-200.0,200,3.0547425746917725,-1.0,0.0005810966249555349,0.0,DQN_RND,0.01,0.99,mountaincar,dense
7,124,-200.0,200,3.255430221557617,-1.0,0.0005634520202875137,0.0,DQN_RND,0.01,0.99,mountaincar,dense
7,125,-200.0,200,2.474663257598877,-1.0,0.0005203741020523012,0.0,DQN_RND,0.01,0.99,mountaincar,dense
7,126,-200.0,200,4.11092472076416,-1.0,0.0006218558410182595,0.0,DQN_RND,0.01,0.99,mountaincar,dense
7,127,-200.0,200,12.364540100097656,-1.0,0.0005239900201559067,0.0,DQN_RND,0.01,0.99,mountaincar,dense
7,128,-200.0,200,23.877391815185547,-1.0,0.0005759826744906604,0.0,DQN_RND,0.01,0.99,mountaincar,dense
7,129,-200.0,200,0.09803438186645508,-1.0,0.0005001859972253442,0.0,DQN_RND,0.01,0.99,mountaincar,dense
7,130,-200.0,200,1.7977826595306396,-1.0,0.000529522483702749,0.0,DQN_RND,0.01,0.99,mountaincar,dense
7,131,-200.0,200,1.8957897424697876,-1.0,0.0006215608445927501,0.0,DQN_RND,0.01,0.99,mountaincar,dense
7,132,-200.0,200,0.4548439383506775,-1.0,0.0005857700598426163,0.0,DQN_RND,0.01,0.99,mountaincar,dense
7,133,-200.0,200,1.4335800409317017,-1.0,0.0005508154281415045,0.0,DQN_RND,0.01,0.99,mountaincar,dense
7,134,-200.0,200,1.2781258821487427,-1.0,0.0005635360139422119,0.0,DQN_RND,0.01,0.99,mountaincar,dense
7,135,-200.0,200,1.2099900245666504,-1.0,0.0006087605725042522,0.0,DQN_RND,0.01,0.99,mountaincar,dense
7,136,-200.0,200,0.7195656299591064,-1.0,0.0005329311825335026,0.0,DQN_RND,0.01,0.99,mountaincar,dense
7,137,-200.0,200,1.0941272974014282,-1.0,0.0005261385231278837,0.0,DQN_RND,0.01,0.99,mountaincar,dense
7,138,-200.0,200,1.2703461647033691,-1.0,0.0005763626541011035,0.0,DQN_RND,0.01,0.99,mountaincar,dense
7,139,-200.0,200,0.3366047739982605,-1.0,0.0005435944185592234,0.0,DQN_RND,0.01,0.99,mountaincar,dense
7,140,-200.0,200,2.8187479972839355,-1.0,0.0005428307340480387,0.0,DQN_RND,0.01,0.99,mountaincar,dense
7,141,-200.0,200,4.204338550567627,-1.0,0.0005371078732423484,0.0,DQN_RND,0.01,0.99,mountaincar,dense
7,142,-200.0,200,0.14694754779338837,-1.0,0.0005044973804615438,0.0,DQN_RND,0.01,0.99,mountaincar,dense
7,143,-200.0,200,2.166801691055298,-1.0,0.0005259242025204003,0.0,DQN_RND,0.01,0.99,mountaincar,dense
7,144,-200.0,200,2.1583375930786133,-1.0,0.0005594784743152559,0.0,DQN_RND,0.01,0.99,mountaincar,dense
7,145,-200.0,200,2.7116506099700928,-1.0,0.0005510344635695219,0.0,DQN_RND,0.01,0.99,mountaincar,dense
7,146,-200.0,200,4.490426540374756,-1.0,0.0005474997451528907,0.0,DQN_RND,0.01,0.99,mountaincar,dense
7,147,-200.0,200,3.3970696926116943,-1.0,0.0005002495017834008,0.0,DQN_RND,0.01,0.99,mountaincar,dense
7,148,-200.0,200,2.356675386428833,-1.0,0.00045645423233509064,0.0,DQN_RND,0.01,0.99,mountaincar,dense
7,149,-200.0,200,0.83498215675354,-1.0,0.000585931702516973,0.0,DQN_RND,0.01,0.99,mountaincar,dense
7,150,-200.0,200,3.7549080848693848,-1.0,0.0005687389639206231,0.0,DQN_RND,0.01,0.99,mountaincar,dense
7,151,-200.0,200,0.8040916919708252,-1.0,0.0006363051943480968,0.0,DQN_RND,0.01,0.99,mountaincar,dense
7,152,-200.0,200,0.7628398537635803,-1.0,0.00053120352094993,0.0,DQN_RND,0.01,0.99,mountaincar,dense
7,153,-200.0,200,0.8322716355323792,-1.0,0.0005009333835914731,0.0,DQN_RND,0.01,0.99,mountaincar,dense
7,154,-200.0,200,1.6072196960449219,-1.0,0.0005048646125942469,0.0,DQN_RND,0.01,0.99,mountaincar,dense
7,155,-200.0,200,4.042335510253906,-1.0,0.0005189466173760593,0.0,DQN_RND,0.01,0.99,mountaincar,dense
7,156,-200.0,200,1.4994032382965088,-1.0,0.0005618404247798026,0.0,DQN_RND,0.01,0.99,mountaincar,dense
7,157,-200.0,200,0.06288684904575348,-1.0,0.000498537381645292,0.0,DQN_RND,0.01,0.99,mountaincar,dense
7,158,-200.0,200,1.7675710916519165,-1.0,0.0005541389109566808,0.0,DQN_RND,0.01,0.99,mountaincar,dense
7,159,-200.0,200,2.261307716369629,-1.0,0.0005612531676888466,0.0,DQN_RND,0.01,0.99,mountaincar,dense
7,160,-200.0,200,2.6985158920288086,-1.0,0.0004698208358604461,0.0,DQN_RND,0.01,0.99,mountaincar,dense
7,161,-200.0,200,2.481165885925293,-1.0,0.0004697787226177752,0.0,DQN_RND,0.01,0.99,mountaincar,dense
7,162,-200.0,200,4.004055976867676,-1.0,0.00047605231520719826,0.0,DQN_RND,0.01,0.99,mountaincar,dense
7,163,-200.0,200,3.3303797245025635,-1.0,0.0005084768636152148,0.0,DQN_RND,0.01,0.99,mountaincar,dense
7,164,-200.0,200,0.4401199519634247,-1.0,0.0006078502628952265,0.0,DQN_RND,0.01,0.99,mountaincar,dense
7,165,-200.0,200,2.1809537410736084,-1.0,0.0005033152410760522,0.0,DQN_RND,0.01,0.99,mountaincar,dense
7,166,-200.0,200,1.6877418756484985,-1.0,0.000496125197969377,0.0,DQN_RND,0.01,0.99,mountaincar,dense
7,167,-200.0,200,1.4769421815872192,-1.0,0.0004688215267378837,0.0,DQN_RND,0.01,0.99,mountaincar,dense
7,168,-200.0,200,2.9154748916625977,-1.0,0.0005231844843365252,0.0,DQN_RND,0.01,0.99,mountaincar,dense
7,169,-200.0,200,4.546361923217773,-1.0,0.0005323336226865649,0.0,DQN_RND,0.01,0.99,mountaincar,dense
7,170,-200.0,200,2.3587095737457275,-1.0,0.0005226217326708138,0.0,DQN_RND,0.01,0.99,mountaincar,dense
7,171,-200.0,200,2.751253843307495,-1.0,0.0005752472206950188,0.0,DQN_RND,0.01,0.99,mountaincar,dense
7,172,-200.0,200,2.851964235305786,-1.0,0.0005656655412167311,0.0,DQN_RND,0.01,0.99,mountaincar,dense
7,173,-200.0,200,2.439439535140991,-1.0,0.0005401188973337412,0.0,DQN_RND,0.01,0.99,mountaincar,dense
7,174,-200.0,200,1.6050992012023926,-1.0,0.0005953332874923944,0.0,DQN_RND,0.01,0.99,mountaincar,dense
7,175,-200.0,200,3.7179622650146484,-1.0,0.0005255797295831144,0.0,DQN_RND,0.01,0.99,mountaincar,dense
7,176,-200.0,200,0.19646160304546356,-1.0,0.0004904363304376602,0.0,DQN_RND,0.01,0.99,mountaincar,dense
7,177,-200.0,200,1.336275339126587,-1.0,0.0005031302571296692,0.0,DQN_RND,0.01,0.99,mountaincar,dense
7,178,-200.0,200,1.3976719379425049,-1.0,0.0004490084829740226,0.0,DQN_RND,0.01,0.99,mountaincar,dense
7,179,-200.0,200,3.6346259117126465,-1.0,0.0005558386910706758,0.0,DQN_RND,0.01,0.99,mountaincar,dense
7,180,-200.0,200,2.523292303085327,-1.0,0.0004804256896022707,0.0,DQN_RND,0.01,0.99,mountaincar,dense
7,181,-200.0,200,0.6103773713111877,-1.0,0.0005900270189158618,0.0,DQN_RND,0.01,0.99,mountaincar,dense
7,182,-200.0,200,2.5091826915740967,-1.0,0.000513353617861867,0.0,DQN_RND,0.01,0.99,mountaincar,dense
7,183,-200.0,200,1.8354320526123047,-1.0,0.0004993276088498533,0.0,DQN_RND,0.01,0.99,mountaincar,dense
7,184,-200.0,200,3.087726354598999,-1.0,0.0005044893478043377,0.0,DQN_RND,0.01,0.99,mountaincar,dense
7,185,-200.0,200,3.0750534534454346,-1.0,0.0004876926832366735,0.0,DQN_RND,0.01,0.99,mountaincar,dense
7,186,-200.0,200,0.8817033767700195,-1.0,0.0005783282686024904,0.0,DQN_RND,0.01,0.99,mountaincar,dense
7,187,-200.0,200,2.374180555343628,-1.0,0.000523522321600467,0.0,DQN_RND,0.01,0.99,mountaincar,dense
7,188,-200.0,200,3.4532418251037598,-1.0,0.00047368931700475514,0.0,DQN_RND,0.01,0.99,mountaincar,dense
7,189,-200.0,200,1.539182186126709,-1.0,0.0006394698866643012,0.0,DQN_RND,0.01,0.99,mountaincar,dense
7,190,-200.0,200,2.351024627685547,-1.0,0.0006115498254075646,0.0,DQN_RND,0.01,0.99,mountaincar,dense
7,191,-200.0,200,5.453677654266357,-1.0,0.0005073428037576377,0.0,DQN_RND,0.01,0.99,mountaincar,dense
7,192,-200.0,200,3.1614277362823486,-1.0,0.0005509332986548543,0.0,DQN_RND,0.01,0.99,mountaincar,dense
7,193,-200.0,200,3.2995076179504395,-1.0,0.000510787358507514,0.0,DQN_RND,0.01,0.99,mountaincar,dense
7,194,-200.0,200,1.055181860923767,-1.0,0.0005529472255147994,0.0,DQN_RND,0.01,0.99,mountaincar,dense
7,195,-200.0,200,1.378504991531372,-1.0,0.0006828395999036729,0.0,DQN_RND,0.01,0.99,mountaincar,dense
7,196,-200.0,200,2.1774849891662598,-1.0,0.0005276749143376946,0.0,DQN_RND,0.01,0.99,mountaincar,dense
7,197,-200.0,200,0.1751556396484375,-1.0,0.0005522354040294886,0.0,DQN_RND,0.01,0.99,mountaincar,dense
7,198,-200.0,200,2.097975730895996,-1.0,0.0005044962163083255,0.0,DQN_RND,0.01,0.99,mountaincar,dense
7,199,-200.0,200,1.486183762550354,-1.0,0.0004979597870260477,0.0,DQN_RND,0.01,0.99,mountaincar,dense
7,200,-200.0,200,0.006724188104271889,-1.0,0.00043877254938706756,0.0,DQN_RND,0.01,0.99,mountaincar,dense
7,201,-200.0,200,1.3049033880233765,-1.0,0.0004892274737358093,0.0,DQN_RND,0.01,0.99,mountaincar,dense
7,202,-200.0,200,3.5904908180236816,-1.0,0.0004605999565683305,0.0,DQN_RND,0.01,0.99,mountaincar,dense
7,203,-200.0,200,0.7191658616065979,-1.0,0.0004781831812579185,0.0,DQN_RND,0.01,0.99,mountaincar,dense
7,204,-200.0,200,4.069003105163574,-1.0,0.0004577453655656427,0.0,DQN_RND,0.01,0.99,mountaincar,dense
7,205,-200.0,200,1.778280258178711,-1.0,0.0005432193865999579,0.0,DQN_RND,0.01,0.99,mountaincar,dense
7,206,-200.0,200,2.720353841781616,-1.0,0.0004921033978462219,0.0,DQN_RND,0.01,0.99,mountaincar,dense
7,207,-200.0,200,4.36974573135376,-1.0,0.0006010110373608768,0.0,DQN_RND,0.01,0.99,mountaincar,dense
7,208,-200.0,200,3.866635322570801,-1.0,0.0005857283249497414,0.0,DQN_RND,0.01,0.99,mountaincar,dense
7,209,-200.0,200,0.8920450210571289,-1.0,0.0004949216963723302,0.0,DQN_RND,0.01,0.99,mountaincar,dense
7,210,-200.0,200,1.6018431186676025,-1.0,0.00047259050188586116,0.0,DQN_RND,0.01,0.99,mountaincar,dense
7,211,-200.0,200,1.5838658809661865,-1.0,0.0005121637950651348,0.0,DQN_RND,0.01,0.99,mountaincar,dense
7,212,-200.0,200,0.9134739637374878,-1.0,0.0004940734943374991,0.0,DQN_RND,0.01,0.99,mountaincar,dense
7,213,-200.0,200,1.3835244178771973,-1.0,0.000449050945462659,0.0,DQN_RND,0.01,0.99,mountaincar,dense
7,214,-200.0,200,2.2016494274139404,-1.0,0.0004573135229293257,0.0,DQN_RND,0.01,0.99,mountaincar,dense
7,215,-200.0,200,2.0196845531463623,-1.0,0.0004425218503456563,0.0,DQN_RND,0.01,0.99,mountaincar,dense
7,216,-200.0,200,1.4270071983337402,-1.0,0.0005101880524307489,0.0,DQN_RND,0.01,0.99,mountaincar,dense
7,217,-200.0,200,2.347693920135498,-1.0,0.0005296493764035404,0.0,DQN_RND,0.01,0.99,mountaincar,dense
7,218,-200.0,200,1.511965036392212,-1.0,0.0005568945780396461,0.0,DQN_RND,0.01,0.99,mountaincar,dense
7,219,-200.0,200,5.075494289398193,-1.0,0.0005695340223610401,0.0,DQN_RND,0.01,0.99,mountaincar,dense
7,220,-200.0,200,3.6689653396606445,-1.0,0.00043447158532217145,0.0,DQN_RND,0.01,0.99,mountaincar,dense
7,221,-200.0,200,3.693040609359741,-1.0,0.0005156153929419816,0.0,DQN_RND,0.01,0.99,mountaincar,dense
7,222,-200.0,200,0.7631400227546692,-1.0,0.0004544807889033109,0.0,DQN_RND,0.01,0.99,mountaincar,dense
7,223,-200.0,200,1.966023564338684,-1.0,0.0005097371758893132,0.0,DQN_RND,0.01,0.99,mountaincar,dense
7,224,-200.0,200,2.255391836166382,-1.0,0.0006426211912184954,0.0,DQN_RND,0.01,0.99,mountaincar,dense
7,225,-200.0,200,1.6024478673934937,-1.0,0.0005276917363516986,0.0,DQN_RND,0.01,0.99,mountaincar,dense
7,226,-200.0,200,1.6607134342193604,-1.0,0.000564875896088779,0.0,DQN_RND,0.01,0.99,mountaincar,dense
7,227,-200.0,200,2.6619420051574707,-1.0,0.00038851561839692295,0.0,DQN_RND,0.01,0.99,mountaincar,dense
7,228,-200.0,200,3.140679359436035,-1.0,0.0004395573050715029,0.0,DQN_RND,0.01,0.99,mountaincar,dense
7,229,-200.0,200,2.655965566635132,-1.0,0.000503049639519304,0.0,DQN_RND,0.01,0.99,mountaincar,dense
7,230,-200.0,200,3.7119596004486084,-1.0,0.0005740778869949281,0.0,DQN_RND,0.01,0.99,mountaincar,dense
7,231,-200.0,200,2.531122922897339,-1.0,0.0004939326317980886,0.0,DQN_RND,0.01,0.99,mountaincar,dense
7,232,-200.0,200,2.5857443809509277,-1.0,0.000502997892908752,0.0,DQN_RND,0.01,0.99,mountaincar,dense
7,233,-200.0,200,2.7420716285705566,-1.0,0.00046559315524064004,0.0,DQN_RND,0.01,0.99,mountaincar,dense
7,234,-200.0,200,2.684070587158203,-1.0,0.0005466055008582771,0.0,DQN_RND,0.01,0.99,mountaincar,dense
7,235,-200.0,200,28.791433334350586,-1.0,0.0005090499180369079,0.0,DQN_RND,0.01,0.99,mountaincar,dense
7,236,-200.0,200,0.7936710119247437,-1.0,0.0005389254074543715,0.0,DQN_RND,0.01,0.99,mountaincar,dense
7,237,-200.0,200,0.3742530643939972,-1.0,0.0005017513758502901,0.0,DQN_RND,0.01,0.99,mountaincar,dense
7,238,-200.0,200,0.9611169099807739,-1.0,0.0005132620572112501,0.0,DQN_RND,0.01,0.99,mountaincar,dense
7,239,-200.0,200,1.3028829097747803,-1.0,0.0005127438926137984,0.0,DQN_RND,0.01,0.99,mountaincar,dense
7,240,-200.0,200,0.00674371188506484,-1.0,0.00047983936383388937,0.0,DQN_RND,0.01,0.99,mountaincar,dense
7,241,-200.0,200,1.6635429859161377,-1.0,0.0005199600709602237,0.0,DQN_RND,0.01,0.99,mountaincar,dense
7,242,-200.0,200,0.4568311870098114,-1.0,0.0005058622336946428,0.0,DQN_RND,0.01,0.99,mountaincar,dense
7,243,-200.0,200,0.012925502844154835,-1.0,0.0005017508519813418,0.0,DQN_RND,0.01,0.99,mountaincar,dense
7,244,-200.0,200,1.0591932535171509,-1.0,0.00047822578926570714,0.0,DQN_RND,0.01,0.99,mountaincar,dense
7,245,-200.0,200,1.5349383354187012,-1.0,0.0005705908988602459,0.0,DQN_RND,0.01,0.99,mountaincar,dense
7,246,-200.0,200,2.092593193054199,-1.0,0.00040913207340054214,0.0,DQN_RND,0.01,0.99,mountaincar,dense
7,247,-200.0,200,1.6215157508850098,-1.0,0.0005087378085590899,0.0,DQN_RND,0.01,0.99,mountaincar,dense
7,248,-200.0,200,2.4928646087646484,-1.0,0.0004450743435882032,0.0,DQN_RND,0.01,0.99,mountaincar,dense
7,249,-200.0,200,0.13024647533893585,-1.0,0.0005079903057776392,0.0,DQN_RND,0.01,0.99,mountaincar,dense
7,250,-200.0,200,2.5991036891937256,-1.0,0.0005161220324225724,0.0,DQN_RND,0.01,0.99,mountaincar,dense
7,251,-200.0,200,2.571659803390503,-1.0,0.0004914660821668804,0.0,DQN_RND,0.01,0.99,mountaincar,dense
7,252,-200.0,200,2.4174771308898926,-1.0,0.0005115520325489342,0.0,DQN_RND,0.01,0.99,mountaincar,dense
7,253,-200.0,200,1.9624067544937134,-1.0,0.000419881718698889,0.0,DQN_RND,0.01,0.99,mountaincar,dense
7,254,-200.0,200,2.778132915496826,-1.0,0.0005675986758433282,0.0,DQN_RND,0.01,0.99,mountaincar,dense
7,255,-200.0,200,2.6263785362243652,-1.0,0.0005126052419655025,0.0,DQN_RND,0.01,0.99,mountaincar,dense
7,256,-200.0,200,1.6427969932556152,-1.0,0.0004677240503951907,0.0,DQN_RND,0.01,0.99,mountaincar,dense
7,257,-200.0,200,1.5862629413604736,-1.0,0.0004226431774441153,0.0,DQN_RND,0.01,0.99,mountaincar,dense
7,258,-200.0,200,4.168167591094971,-1.0,0.0004820076283067465,0.0,DQN_RND,0.01,0.99,mountaincar,dense
7,259,-200.0,200,2.99454665184021,-1.0,0.00042254241998307407,0.0,DQN_RND,0.01,0.99,mountaincar,dense
7,260,-200.0,200,3.105311870574951,-1.0,0.00047850687406025827,0.0,DQN_RND,0.01,0.99,mountaincar,dense
7,261,-200.0,200,3.5928797721862793,-1.0,0.0005724285147152841,0.0,DQN_RND,0.01,0.99,mountaincar,dense
7,262,-200.0,200,1.7203267812728882,-1.0,0.00042433268390595913,0.0,DQN_RND,0.01,0.99,mountaincar,dense
7,263,-200.0,200,2.008561849594116,-1.0,0.0004340789746493101,0.0,DQN_RND,0.01,0.99,mountaincar,dense
7,264,-200.0,200,1.3024295568466187,-1.0,0.0004901979118585587,0.0,DQN_RND,0.01,0.99,mountaincar,dense
7,265,-200.0,200,3.4052693843841553,-1.0,0.000514896004460752,0.0,DQN_RND,0.01,0.99,mountaincar,dense
7,266,-200.0,200,1.2665973901748657,-1.0,0.0004218065005261451,0.0,DQN_RND,0.01,0.99,mountaincar,dense
7,267,-200.0,200,3.3444478511810303,-1.0,0.0004801117174793035,0.0,DQN_RND,0.01,0.99,mountaincar,dense
7,268,-200.0,200,3.7096190452575684,-1.0,0.000572922348510474,0.0,DQN_RND,0.01,0.99,mountaincar,dense
7,269,-200.0,200,1.6461750268936157,-1.0,0.0005030813626945019,0.0,DQN_RND,0.01,0.99,mountaincar,dense
7,270,-200.0,200,2.9456698894500732,-1.0,0.0004915016470476985,0.0,DQN_RND,0.01,0.99,mountaincar,dense
7,271,-200.0,200,0.42031121253967285,-1.0,0.000558490224648267,0.0,DQN_RND,0.01,0.99,mountaincar,dense
7,272,-200.0,200,1.6276220083236694,-1.0,0.0006662812666036189,0.0,DQN_RND,0.01,0.99,mountaincar,dense
7,273,-200.0,200,1.5429589748382568,-1.0,0.00043211536831222475,0.0,DQN_RND,0.01,0.99,mountaincar,dense
7,274,-200.0,200,3.590156078338623,-1.0,0.0004189200699329376,0.0,DQN_RND,0.01,0.99,mountaincar,dense
7,275,-200.0,200,4.531356334686279,-1.0,0.0004044276720378548,0.0,DQN_RND,0.01,0.99,mountaincar,dense
7,276,-200.0,200,2.8811497688293457,-1.0,0.0004850128316320479,0.0,DQN_RND,0.01,0.99,mountaincar,dense
7,277,-200.0,200,2.045457601547241,-1.0,0.0004815260472241789,0.0,DQN_RND,0.01,0.99,mountaincar,dense
7,278,-200.0,200,6.392266750335693,-1.0,0.0004237302055116743,0.0,DQN_RND,0.01,0.99,mountaincar,dense
7,279,-200.0,200,2.0434365272521973,-1.0,0.0005881527904421091,0.0,DQN_RND,0.01,0.99,mountaincar,dense
7,280,-200.0,200,1.2417654991149902,-1.0,0.00041335797868669033,0.0,DQN_RND,0.01,0.99,mountaincar,dense
7,281,-200.0,200,2.0034706592559814,-1.0,0.0004722804587800056,0.0,DQN_RND,0.01,0.99,mountaincar,dense
7,282,-200.0,200,2.2975335121154785,-1.0,0.00039650738472118974,0.0,DQN_RND,0.01,0.99,mountaincar,dense
7,283,-200.0,200,2.855983018875122,-1.0,0.00039103723247535527,0.0,DQN_RND,0.01,0.99,mountaincar,dense
7,284,-200.0,200,1.0372384786605835,-1.0,0.0005339906201697886,0.0,DQN_RND,0.01,0.99,mountaincar,dense
7,285,-200.0,200,1.41848623752594,-1.0,0.0005314910085871816,0.0,DQN_RND,0.01,0.99,mountaincar,dense
7,286,-200.0,200,2.224724769592285,-1.0,0.0005698925233446062,0.0,DQN_RND,0.01,0.99,mountaincar,dense
7,287,-200.0,200,4.750154495239258,-1.0,0.00047963272663764656,0.0,DQN_RND,0.01,0.99,mountaincar,dense
7,288,-200.0,200,6.08104133605957,-1.0,0.0004222063289489597,0.0,DQN_RND,0.01,0.99,mountaincar,dense
7,289,-200.0,200,0.48174411058425903,-1.0,0.0005171395605430007,0.0,DQN_RND,0.01,0.99,mountaincar,dense
7,290,-200.0,200,0.9622471332550049,-1.0,0.0004869583935942501,0.0,DQN_RND,0.01,0.99,mountaincar,dense
7,291,-200.0,200,3.259476900100708,-1.0,0.0005679212627001107,0.0,DQN_RND,0.01,0.99,mountaincar,dense
7,292,-200.0,200,0.8920611143112183,-1.0,0.0005971738719381392,0.0,DQN_RND,0.01,0.99,mountaincar,dense
7,293,-200.0,200,1.1053919792175293,-1.0,0.00040401736623607576,0.0,DQN_RND,0.01,0.99,mountaincar,dense
7,294,-200.0,200,2.8485002517700195,-1.0,0.00038592470809817314,0.0,DQN_RND,0.01,0.99,mountaincar,dense
7,295,-200.0,200,3.4133996963500977,-1.0,0.0005379716167226434,0.0,DQN_RND,0.01,0.99,mountaincar,dense
7,296,-200.0,200,1.8416095972061157,-1.0,0.0006399306003004313,0.0,DQN_RND,0.01,0.99,mountaincar,dense
7,297,-200.0,200,3.251765012741089,-1.0,0.00046457923599518836,0.0,DQN_RND,0.01,0.99,mountaincar,dense
7,298,-200.0,200,4.563093662261963,-1.0,0.0003907577192876488,0.0,DQN_RND,0.01,0.99,mountaincar,dense
7,299,-200.0,200,2.120229482650757,-1.0,0.000653543509542942,0.0,DQN_RND,0.01,0.99,mountaincar,dense
7,300,-200.0,200,3.986814022064209,-1.0,0.0005381717928685248,0.0,DQN_RND,0.01,0.99,mountaincar,dense
7,301,-200.0,200,3.6082041263580322,-1.0,0.0005106400931254029,0.0,DQN_RND,0.01,0.99,mountaincar,dense
7,302,-200.0,200,3.2977521419525146,-1.0,0.0005516237579286098,0.0,DQN_RND,0.01,0.99,mountaincar,dense
7,303,-200.0,200,10.385641098022461,-1.0,0.00048738231998868287,0.0,DQN_RND,0.01,0.99,mountaincar,dense
7,304,-200.0,200,1.4213902950286865,-1.0,0.0004529579309746623,0.0,DQN_RND,0.01,0.99,mountaincar,dense
7,305,-200.0,200,2.8382697105407715,-1.0,0.0003882682358380407,0.0,DQN_RND,0.01,0.99,mountaincar,dense
7,306,-200.0,200,1.3963932991027832,-1.0,0.0003919544105883688,0.0,DQN_RND,0.01,0.99,mountaincar,dense
7,307,-200.0,200,0.004560261499136686,-1.0,0.0005703778588213027,0.0,DQN_RND,0.01,0.99,mountaincar,dense
7,308,-200.0,200,0.5582162737846375,-1.0,0.0005188804934732616,0.0,DQN_RND,0.01,0.99,mountaincar,dense
7,309,-200.0,200,2.7870774269104004,-1.0,0.0005481680273078382,0.0,DQN_RND,0.01,0.99,mountaincar,dense
7,310,-200.0,200,0.7121047973632812,-1.0,0.0004049394920002669,0.0,DQN_RND,0.01,0.99,mountaincar,dense
7,311,-200.0,200,1.5536599159240723,-1.0,0.0005791580770164728,0.0,DQN_RND,0.01,0.99,mountaincar,dense
7,312,-200.0,200,1.4829685688018799,-1.0,0.0004936574841849506,0.0,DQN_RND,0.01,0.99,mountaincar,dense
7,313,-200.0,200,4.597015380859375,-1.0,0.00041162982233799994,0.0,DQN_RND,0.01,0.99,mountaincar,dense
7,314,-200.0,200,1.161248803138733,-1.0,0.00039132669917307794,0.0,DQN_RND,0.01,0.99,mountaincar,dense
7,315,-200.0,200,0.7616351246833801,-1.0,0.0005882573896087706,0.0,DQN_RND,0.01,0.99,mountaincar,dense
7,316,-200.0,200,4.38320255279541,-1.0,0.0004737124254461378,0.0,DQN_RND,0.01,0.99,mountaincar,dense
7,317,-200.0,200,3.083528995513916,-1.0,0.0004695547395385802,0.0,DQN_RND,0.01,0.99,mountaincar,dense
7,318,-200.0,200,2.2013285160064697,-1.0,0.0004279040440451354,0.0,DQN_RND,0.01,0.99,mountaincar,dense
7,319,-200.0,200,6.038969993591309,-1.0,0.0006206976249814034,0.0,DQN_RND,0.01,0.99,mountaincar,dense
7,320,-200.0,200,18.483266830444336,-1.0,0.00038424579543061554,0.0,DQN_RND,0.01,0.99,mountaincar,dense
7,321,-200.0,200,1.2472169399261475,-1.0,0.000370693946024403,0.0,DQN_RND,0.01,0.99,mountaincar,dense
7,322,-200.0,200,2.135549545288086,-1.0,0.00039372703758999705,0.0,DQN_RND,0.01,0.99,mountaincar,dense
7,323,-200.0,200,1.6047347784042358,-1.0,0.0005498985992744565,0.0,DQN_RND,0.01,0.99,mountaincar,dense
7,324,-200.0,200,0.6834924221038818,-1.0,0.00045225219218991697,0.0,DQN_RND,0.01,0.99,mountaincar,dense
7,325,-200.0,200,1.1780595779418945,-1.0,0.00046468927757814527,0.0,DQN_RND,0.01,0.99,mountaincar,dense
7,326,-200.0,200,1.46256685256958,-1.0,0.0005578732816502452,0.0,DQN_RND,0.01,0.99,mountaincar,dense
7,327,-200.0,200,0.6272651553153992,-1.0,0.00047344385529868305,0.0,DQN_RND,0.01,0.99,mountaincar,dense
7,328,-200.0,200,1.1268315315246582,-1.0,0.0004159236850682646,0.0,DQN_RND,0.01,0.99,mountaincar,dense
7,329,-200.0,200,0.8533324003219604,-1.0,0.00046550235128961504,0.0,DQN_RND,0.01,0.99,mountaincar,dense
7,330,-200.0,200,1.3952243328094482,-1.0,0.0005465418216772377,0.0,DQN_RND,0.01,0.99,mountaincar,dense
7,331,-200.0,200,2.8705272674560547,-1.0,0.0006115914438851178,0.0,DQN_RND,0.01,0.99,mountaincar,dense
7,332,-200.0,200,2.793039083480835,-1.0,0.0006303552654571831,0.0,DQN_RND,0.01,0.99,mountaincar,dense
7,333,-200.0,200,4.2301249504089355,-1.0,0.0003700230154208839,0.0,DQN_RND,0.01,0.99,mountaincar,dense
7,334,-200.0,200,1.9187028408050537,-1.0,0.0005642364267259836,0.0,DQN_RND,0.01,0.99,mountaincar,dense
7,335,-200.0,200,0.003195588942617178,-1.0,0.0005988866905681789,0.0,DQN_RND,0.01,0.99,mountaincar,dense
7,336,-200.0,200,3.057346820831299,-1.0,0.0004978820797987282,0.0,DQN_RND,0.01,0.99,mountaincar,dense
7,337,-200.0,200,7.267509460449219,-1.0,0.000371231057215482,0.0,DQN_RND,0.01,0.99,mountaincar,dense
7,338,-200.0,200,9.211943626403809,-1.0,0.0004763942852150649,0.0,DQN_RND,0.01,0.99,mountaincar,dense
7,339,-200.0,200,2.6262528896331787,-1.0,0.00058974843705073,0.0,DQN_RND,0.01,0.99,mountaincar,dense
7,340,-200.0,200,1.2916916608810425,-1.0,0.0003629735147114843,0.0,DQN_RND,0.01,0.99,mountaincar,dense
7,341,-200.0,200,4.914090156555176,-1.0,0.0004220253904350102,0.0,DQN_RND,0.01,0.99,mountaincar,dense
7,342,-200.0,200,1.4412128925323486,-1.0,0.0005680783651769161,0.0,DQN_RND,0.01,0.99,mountaincar,dense
7,343,-200.0,200,0.9725989103317261,-1.0,0.000369213375961408,0.0,DQN_RND,0.01,0.99,mountaincar,dense
7,344,-200.0,200,2.9463822841644287,-1.0,0.0005515473312698305,0.0,DQN_RND,0.01,0.99,mountaincar,dense
7,345,-200.0,200,3.534169912338257,-1.0,0.0003916410496458411,0.0,DQN_RND,0.01,0.99,mountaincar,dense
7,346,-200.0,200,0.3690311312675476,-1.0,0.0005501978448592126,0.0,DQN_RND,0.01,0.99,mountaincar,dense
7,347,-200.0,200,1.0224770307540894,-1.0,0.0005155116086825728,0.0,DQN_RND,0.01,0.99,mountaincar,dense
7,348,-200.0,200,2.3116559982299805,-1.0,0.0003826981701422483,0.0,DQN_RND,0.01,0.99,mountaincar,dense
7,349,-200.0,200,2.9550633430480957,-1.0,0.0004476614121813327,0.0,DQN_RND,0.01,0.99,mountaincar,dense
7,350,-200.0,200,2.1396827697753906,-1.0,0.0004624455177690834,0.0,DQN_RND,0.01,0.99,mountaincar,dense
7,351,-200.0,200,5.444146633148193,-1.0,0.00046348225441761315,0.0,DQN_RND,0.01,0.99,mountaincar,dense
7,352,-200.0,200,1.9302587509155273,-1.0,0.0004450209380593151,0.0,DQN_RND,0.01,0.99,mountaincar,dense
7,353,-200.0,200,5.08612585067749,-1.0,0.0005409765872173011,0.0,DQN_RND,0.01,0.99,mountaincar,dense
7,354,-200.0,200,2.103294849395752,-1.0,0.00043416954576969147,0.0,DQN_RND,0.01,0.99,mountaincar,dense
7,355,-200.0,200,2.0617873668670654,-1.0,0.00036665250081568956,0.0,DQN_RND,0.01,0.99,mountaincar,dense
7,356,-200.0,200,3.29451322555542,-1.0,0.0004586705472320318,0.0,DQN_RND,0.01,0.99,mountaincar,dense
7,357,-200.0,200,0.5741548538208008,-1.0,0.0003671700833365321,0.0,DQN_RND,0.01,0.99,mountaincar,dense
7,358,-200.0,200,2.756361961364746,-1.0,0.0004168318409938365,0.0,DQN_RND,0.01,0.99,mountaincar,dense
7,359,-200.0,200,1.225572943687439,-1.0,0.0006494693807326257,0.0,DQN_RND,0.01,0.99,mountaincar,dense
7,360,-200.0,200,1.6315913200378418,-1.0,0.0005538722616620362,0.0,DQN_RND,0.01,0.99,mountaincar,dense
7,361,-200.0,200,0.5565609931945801,-1.0,0.00046203378587961197,0.0,DQN_RND,0.01,0.99,mountaincar,dense
7,362,-200.0,200,2.1148738861083984,-1.0,0.0005456117214635015,0.0,DQN_RND,0.01,0.99,mountaincar,dense
7,363,-200.0,200,4.283334255218506,-1.0,0.00037843603058718145,0.0,DQN_RND,0.01,0.99,mountaincar,dense
7,364,-200.0,200,2.7850875854492188,-1.0,0.0006122010527178645,0.0,DQN_RND,0.01,0.99,mountaincar,dense
7,365,-200.0,200,2.398625373840332,-1.0,0.0003587307583075017,0.0,DQN_RND,0.01,0.99,mountaincar,dense
7,366,-200.0,200,0.6326295137405396,-1.0,0.0003641987859737128,0.0,DQN_RND,0.01,0.99,mountaincar,dense
7,367,-200.0,200,1.1859874725341797,-1.0,0.0005804026732221246,0.0,DQN_RND,0.01,0.99,mountaincar,dense
7,368,-200.0,200,2.6679487228393555,-1.0,0.00036967708729207516,0.0,DQN_RND,0.01,0.99,mountaincar,dense
7,369,-200.0,200,1.081471562385559,-1.0,0.0005485176225192845,0.0,DQN_RND,0.01,0.99,mountaincar,dense
7,370,-200.0,200,1.6760061979293823,-1.0,0.0005734248552471399,0.0,DQN_RND,0.01,0.99,mountaincar,dense
7,371,-200.0,200,3.4559526443481445,-1.0,0.00037738593528047204,0.0,DQN_RND,0.01,0.99,mountaincar,dense
7,372,-200.0,200,6.562727928161621,-1.0,0.0005826624110341072,0.0,DQN_RND,0.01,0.99,mountaincar,dense
7,373,-200.0,200,12.244363784790039,-1.0,0.00044407689711079,0.0,DQN_RND,0.01,0.99,mountaincar,dense
7,374,-200.0,200,1.799065113067627,-1.0,0.0003837170370388776,0.0,DQN_RND,0.01,0.99,mountaincar,dense
7,375,-200.0,200,0.0035629896447062492,-1.0,0.0004581809916999191,0.0,DQN_RND,0.01,0.99,mountaincar,dense
7,376,-200.0,200,2.8013758659362793,-1.0,0.000467346835648641,0.0,DQN_RND,0.01,0.99,mountaincar,dense
7,377,-200.0,200,1.878359317779541,-1.0,0.0003798031830228865,0.0,DQN_RND,0.01,0.99,mountaincar,dense
7,378,-200.0,200,1.9582250118255615,-1.0,0.00045890407636761665,0.0,DQN_RND,0.01,0.99,mountaincar,dense
7,379,-200.0,200,3.1145572662353516,-1.0,0.0006025739130564034,0.0,DQN_RND,0.01,0.99,mountaincar,dense
7,380,-200.0,200,0.5131918787956238,-1.0,0.0005683017079718411,0.0,DQN_RND,0.01,0.99,mountaincar,dense
7,381,-200.0,200,2.3849616050720215,-1.0,0.00036059299600310624,0.0,DQN_RND,0.01,0.99,mountaincar,dense
7,382,-200.0,200,3.2310843467712402,-1.0,0.00045766038238070905,0.0,DQN_RND,0.01,0.99,mountaincar,dense
7,383,-200.0,200,1.4312065839767456,-1.0,0.0004472975560929626,0.0,DQN_RND,0.01,0.99,mountaincar,dense
7,384,-200.0,200,3.6467926502227783,-1.0,0.0004481535579543561,0.0,DQN_RND,0.01,0.99,mountaincar,dense
7,385,-200.0,200,0.8364038467407227,-1.0,0.0004468804399948567,0.0,DQN_RND,0.01,0.99,mountaincar,dense
7,386,-200.0,200,3.9881937503814697,-1.0,0.0005445185233838856,0.0,DQN_RND,0.01,0.99,mountaincar,dense
7,387,-200.0,200,3.104522228240967,-1.0,0.00038443077937699854,0.0,DQN_RND,0.01,0.99,mountaincar,dense
7,388,-200.0,200,0.3487035930156708,-1.0,0.0004334246914368123,0.0,DQN_RND,0.01,0.99,mountaincar,dense
7,389,-200.0,200,2.8192644119262695,-1.0,0.00035100290551781654,0.0,DQN_RND,0.01,0.99,mountaincar,dense
7,390,-200.0,200,0.9411406517028809,-1.0,0.0005402268143370748,0.0,DQN_RND,0.01,0.99,mountaincar,dense
7,391,-200.0,200,5.442698955535889,-1.0,0.0005097726825624704,0.0,DQN_RND,0.01,0.99,mountaincar,dense
7,392,-200.0,200,1.7570348978042603,-1.0,0.0006015578401274979,0.0,DQN_RND,0.01,0.99,mountaincar,dense
7,393,-200.0,200,1.7870333194732666,-1.0,0.0005889783496968448,0.0,DQN_RND,0.01,0.99,mountaincar,dense
7,394,-200.0,200,1.7735995054244995,-1.0,0.00032601761631667614,0.0,DQN_RND,0.01,0.99,mountaincar,dense
7,395,-200.0,200,2.6326777935028076,-1.0,0.0005145114264450967,0.0,DQN_RND,0.01,0.99,mountaincar,dense
7,396,-200.0,200,1.3670859336853027,-1.0,0.00047322988393716514,0.0,DQN_RND,0.01,0.99,mountaincar,dense
7,397,-200.0,200,2.410188913345337,-1.0,0.00047745119081810117,0.0,DQN_RND,0.01,0.99,mountaincar,dense
7,398,-200.0,200,1.5995856523513794,-1.0,0.0005131455836817622,0.0,DQN_RND,0.01,0.99,mountaincar,dense
7,399,-200.0,200,2.624255418777466,-1.0,0.000489090452902019,0.0,DQN_RND,0.01,0.99,mountaincar,dense
7,400,-200.0,200,0.13157515227794647,-1.0,0.00047922899830155075,0.0,DQN_RND,0.01,0.99,mountaincar,dense
7,401,-200.0,200,1.6504794359207153,-1.0,0.0004504870157688856,0.0,DQN_RND,0.01,0.99,mountaincar,dense
7,402,-200.0,200,3.827971935272217,-1.0,0.0006017425330355763,0.0,DQN_RND,0.01,0.99,mountaincar,dense
7,403,-200.0,200,1.6418745517730713,-1.0,0.0005122887087054551,0.0,DQN_RND,0.01,0.99,mountaincar,dense
7,404,-200.0,200,0.5286462306976318,-1.0,0.0005835999036207795,0.0,DQN_RND,0.01,0.99,mountaincar,dense
7,405,-200.0,200,2.2865869998931885,-1.0,0.00043998516048304737,0.0,DQN_RND,0.01,0.99,mountaincar,dense
7,406,-200.0,200,4.016085147857666,-1.0,0.000544756418094039,0.0,DQN_RND,0.01,0.99,mountaincar,dense
7,407,-200.0,200,3.055856704711914,-1.0,0.00046488113002851605,0.0,DQN_RND,0.01,0.99,mountaincar,dense
7,408,-200.0,200,3.2817602157592773,-1.0,0.00043161161011084914,0.0,DQN_RND,0.01,0.99,mountaincar,dense
7,409,-200.0,200,2.332462787628174,-1.0,0.00034337982651777565,0.0,DQN_RND,0.01,0.99,mountaincar,dense
7,410,-200.0,200,4.5650315284729,-1.0,0.0006061887834221125,0.0,DQN_RND,0.01,0.99,mountaincar,dense
7,411,-200.0,200,2.266066551208496,-1.0,0.0004445212543942034,0.0,DQN_RND,0.01,0.99,mountaincar,dense
7,412,-200.0,200,0.07491873949766159,-1.0,0.0004343828768469393,0.0,DQN_RND,0.01,0.99,mountaincar,dense
7,413,-200.0,200,1.3646725416183472,-1.0,0.0003458115679677576,0.0,DQN_RND,0.01,0.99,mountaincar,dense
7,414,-200.0,200,0.27662327885627747,-1.0,0.0004329513758420944,0.0,DQN_RND,0.01,0.99,mountaincar,dense
7,415,-200.0,200,2.181598663330078,-1.0,0.0005598464631475508,0.0,DQN_RND,0.01,0.99,mountaincar,dense
7,416,-200.0,200,1.5389413833618164,-1.0,0.0006039846339263022,0.0,DQN_RND,0.01,0.99,mountaincar,dense
7,417,-200.0,200,1.4325982332229614,-1.0,0.00034876077552326024,0.0,DQN_RND,0.01,0.99,mountaincar,dense
7,418,-200.0,200,0.7627905607223511,-1.0,0.0003193467273376882,0.0,DQN_RND,0.01,0.99,mountaincar,dense
7,419,-200.0,200,1.0658519268035889,-1.0,0.0003545091312844306,0.0,DQN_RND,0.01,0.99,mountaincar,dense
7,420,-200.0,200,1.6103005409240723,-1.0,0.0004960671649314463,0.0,DQN_RND,0.01,0.99,mountaincar,dense
7,421,-200.0,200,4.911043167114258,-1.0,0.0003275581111665815,0.0,DQN_RND,0.01,0.99,mountaincar,dense
7,422,-200.0,200,0.8867803812026978,-1.0,0.0005476560909301043,0.0,DQN_RND,0.01,0.99,mountaincar,dense
7,423,-200.0,200,4.468099594116211,-1.0,0.000434533110819757,0.0,DQN_RND,0.01,0.99,mountaincar,dense
7,424,-200.0,200,2.751563787460327,-1.0,0.0006244288524612784,0.0,DQN_RND,0.01,0.99,mountaincar,dense
7,425,-200.0,200,0.7709635496139526,-1.0,0.00033363859984092414,0.0,DQN_RND,0.01,0.99,mountaincar,dense
7,426,-200.0,200,4.462377548217773,-1.0,0.0003266070270910859,0.0,DQN_RND,0.01,0.99,mountaincar,dense
7,427,-200.0,200,4.833456039428711,-1.0,0.0005809338763356209,0.0,DQN_RND,0.01,0.99,mountaincar,dense
7,428,-200.0,200,0.11933977901935577,-1.0,0.0003284131526015699,0.0,DQN_RND,0.01,0.99,mountaincar,dense
7,429,-200.0,200,3.087406873703003,-1.0,0.00043898221338167787,0.0,DQN_RND,0.01,0.99,mountaincar,dense
7,430,-200.0,200,4.420441150665283,-1.0,0.0004508488636929542,0.0,DQN_RND,0.01,0.99,mountaincar,dense
7,431,-200.0,200,2.2008540630340576,-1.0,0.000588316353969276,0.0,DQN_RND,0.01,0.99,mountaincar,dense
7,432,-200.0,200,1.471092700958252,-1.0,0.0004193827335257083,0.0,DQN_RND,0.01,0.99,mountaincar,dense
7,433,-200.0,200,2.407521963119507,-1.0,0.00033715847530402243,0.0,DQN_RND,0.01,0.99,mountaincar,dense
7,434,-200.0,200,1.8850598335266113,-1.0,0.0003415966930333525,0.0,DQN_RND,0.01,0.99,mountaincar,dense
7,435,-200.0,200,3.4347898960113525,-1.0,0.0005646910285577178,0.0,DQN_RND,0.01,0.99,mountaincar,dense
7,436,-200.0,200,4.280558109283447,-1.0,0.00043910116073675454,0.0,DQN_RND,0.01,0.99,mountaincar,dense
7,437,-200.0,200,2.4245991706848145,-1.0,0.000544188020285219,0.0,DQN_RND,0.01,0.99,mountaincar,dense
7,438,-200.0,200,2.450777053833008,-1.0,0.00032043829560279846,0.0,DQN_RND,0.01,0.99,mountaincar,dense
7,439,-200.0,200,3.9236044883728027,-1.0,0.00033139801234938204,0.0,DQN_RND,0.01,0.99,mountaincar,dense
7,440,-200.0,200,1.4110385179519653,-1.0,0.0004531534796115011,0.0,DQN_RND,0.01,0.99,mountaincar,dense
7,441,-200.0,200,1.6510368585586548,-1.0,0.00032838626066222787,0.0,DQN_RND,0.01,0.99,mountaincar,dense
7,442,-200.0,200,5.168610572814941,-1.0,0.00031852032407186925,0.0,DQN_RND,0.01,0.99,mountaincar,dense
7,443,-200.0,200,0.16792121529579163,-1.0,0.0005694220308214426,0.0,DQN_RND,0.01,0.99,mountaincar,dense
7,444,-200.0,200,0.9359261989593506,-1.0,0.0006150531698949635,0.0,DQN_RND,0.01,0.99,mountaincar,dense
7,445,-200.0,200,4.033769130706787,-1.0,0.0004359330050647259,0.0,DQN_RND,0.01,0.99,mountaincar,dense
7,446,-200.0,200,2.454241991043091,-1.0,0.0004315738915465772,0.0,DQN_RND,0.01,0.99,mountaincar,dense
7,447,-200.0,200,2.1255836486816406,-1.0,0.0005504524451680481,0.0,DQN_RND,0.01,0.99,mountaincar,dense
7,448,-200.0,200,1.712007999420166,-1.0,0.0003163919900543988,0.0,DQN_RND,0.01,0.99,mountaincar,dense
7,449,-200.0,200,2.664640426635742,-1.0,0.0004092844028491527,0.0,DQN_RND,0.01,0.99,mountaincar,dense
7,450,-200.0,200,2.4443469047546387,-1.0,0.0004573345941025764,0.0,DQN_RND,0.01,0.99,mountaincar,dense
7,451,-200.0,200,4.4327592849731445,-1.0,0.0003116260631941259,0.0,DQN_RND,0.01,0.99,mountaincar,dense
7,452,-200.0,200,2.9108963012695312,-1.0,0.00042748430860228837,0.0,DQN_RND,0.01,0.99,mountaincar,dense
7,453,-200.0,200,2.7117624282836914,-1.0,0.00032040890073403716,0.0,DQN_RND,0.01,0.99,mountaincar,dense
7,454,-200.0,200,0.15707840025424957,-1.0,0.00044118601363152266,0.0,DQN_RND,0.01,0.99,mountaincar,dense
7,455,-200.0,200,2.1705644130706787,-1.0,0.00039483269210904837,0.0,DQN_RND,0.01,0.99,mountaincar,dense
7,456,-200.0,200,1.508962869644165,-1.0,0.0003193473385181278,0.0,DQN_RND,0.01,0.99,mountaincar,dense
7,457,-200.0,200,2.482830047607422,-1.0,0.00044370259274728596,0.0,DQN_RND,0.01,0.99,mountaincar,dense
7,458,-200.0,200,0.7823835611343384,-1.0,0.0004239785484969616,0.0,DQN_RND,0.01,0.99,mountaincar,dense
7,459,-200.0,200,5.067135334014893,-1.0,0.00045186426723375916,0.0,DQN_RND,0.01,0.99,mountaincar,dense
7,460,-200.0,200,4.312160968780518,-1.0,0.00041407818207517266,0.0,DQN_RND,0.01,0.99,mountaincar,dense
7,461,-200.0,200,1.7268794775009155,-1.0,0.00030564263579435647,0.0,DQN_RND,0.01,0.99,mountaincar,dense
7,462,-200.0,200,2.583049774169922,-1.0,0.0005682279006578028,0.0,DQN_RND,0.01,0.99,mountaincar,dense
7,463,-200.0,200,4.8618597984313965,-1.0,0.00030918020638637245,0.0,DQN_RND,0.01,0.99,mountaincar,dense
7,464,-200.0,200,4.0762858390808105,-1.0,0.0005611525848507881,0.0,DQN_RND,0.01,0.99,mountaincar,dense
7,465,-200.0,200,1.0154613256454468,-1.0,0.0003246963315177709,0.0,DQN_RND,0.01,0.99,mountaincar,dense
7,466,-200.0,200,1.6577105522155762,-1.0,0.0005866421852260828,0.0,DQN_RND,0.01,0.99,mountaincar,dense
7,467,-200.0,200,4.671787738800049,-1.0,0.0004267784534022212,0.0,DQN_RND,0.01,0.99,mountaincar,dense
7,468,-200.0,200,5.536602020263672,-1.0,0.00028922068304382265,0.0,DQN_RND,0.01,0.99,mountaincar,dense
7,469,-200.0,200,3.466895580291748,-1.0,0.00045766725088469684,0.0,DQN_RND,0.01,0.99,mountaincar,dense
7,470,-200.0,200,0.8459079265594482,-1.0,0.0004391671682242304,0.0,DQN_RND,0.01,0.99,mountaincar,dense
7,471,-200.0,200,1.2098702192306519,-1.0,0.0004265352326910943,0.0,DQN_RND,0.01,0.99,mountaincar,dense
7,472,-200.0,200,3.64839768409729,-1.0,0.0005473639466799796,0.0,DQN_RND,0.01,0.99,mountaincar,dense
7,473,-200.0,200,4.408849239349365,-1.0,0.0003034447436220944,0.0,DQN_RND,0.01,0.99,mountaincar,dense
7,474,-200.0,200,5.062375068664551,-1.0,0.00032807706156745553,0.0,DQN_RND,0.01,0.99,mountaincar,dense
7,475,-200.0,200,1.229708194732666,-1.0,0.0004281654837541282,0.0,DQN_RND,0.01,0.99,mountaincar,dense
7,476,-200.0,200,0.4017193615436554,-1.0,0.0006002033478580415,0.0,DQN_RND,0.01,0.99,mountaincar,dense
7,477,-200.0,200,4.271841049194336,-1.0,0.0004077037738170475,0.0,DQN_RND,0.01,0.99,mountaincar,dense
7,478,-200.0,200,2.960697650909424,-1.0,0.00029020453803241253,0.0,DQN_RND,0.01,0.99,mountaincar,dense
7,479,-200.0,200,0.8322802782058716,-1.0,0.000540531356818974,0.0,DQN_RND,0.01,0.99,mountaincar,dense
7,480,-200.0,200,3.147132396697998,-1.0,0.0004214271320961416,0.0,DQN_RND,0.01,0.99,mountaincar,dense
7,481,-200.0,200,2.559983730316162,-1.0,0.0003017634735442698,0.0,DQN_RND,0.01,0.99,mountaincar,dense
7,482,-200.0,200,0.3554795980453491,-1.0,0.0003911021340172738,0.0,DQN_RND,0.01,0.99,mountaincar,dense
7,483,-200.0,200,0.8039222955703735,-1.0,0.0006487684440799057,0.0,DQN_RND,0.01,0.99,mountaincar,dense
7,484,-200.0,200,4.082978248596191,-1.0,0.000562706554774195,0.0,DQN_RND,0.01,0.99,mountaincar,dense
7,485,-200.0,200,3.614513874053955,-1.0,0.00041181209962815046,0.0,DQN_RND,0.01,0.99,mountaincar,dense
7,486,-200.0,200,1.0431705713272095,-1.0,0.00028458895394578576,0.0,DQN_RND,0.01,0.99,mountaincar,dense
7,487,-200.0,200,2.193366289138794,-1.0,0.00029747761436738074,0.0,DQN_RND,0.01,0.99,mountaincar,dense
7,488,-200.0,200,1.5050196647644043,-1.0,0.0002958669210784137,0.0,DQN_RND,0.01,0.99,mountaincar,dense
7,489,-200.0,200,4.135980129241943,-1.0,0.0003136172308586538,0.0,DQN_RND,0.01,0.99,mountaincar,dense
7,490,-200.0,200,0.8397675156593323,-1.0,0.000576366379391402,0.0,DQN_RND,0.01,0.99,mountaincar,dense
7,491,-200.0,200,0.7821868658065796,-1.0,0.00032644823659211397,0.0,DQN_RND,0.01,0.99,mountaincar,dense
7,492,-200.0,200,3.9707438945770264,-1.0,0.00039237996679730713,0.0,DQN_RND,0.01,0.99,mountaincar,dense
7,493,-200.0,200,4.132019996643066,-1.0,0.0005556123214773834,0.0,DQN_RND,0.01,0.99,mountaincar,dense
7,494,-200.0,200,1.7798147201538086,-1.0,0.0006052769022062421,0.0,DQN_RND,0.01,0.99,mountaincar,dense
7,495,-200.0,200,1.8622983694076538,-1.0,0.000417240837123245,0.0,DQN_RND,0.01,0.99,mountaincar,dense
7,496,-200.0,200,1.3273420333862305,-1.0,0.0002932198694907129,0.0,DQN_RND,0.01,0.99,mountaincar,dense
7,497,-200.0,200,4.52229642868042,-1.0,0.00033811296452768147,0.0,DQN_RND,0.01,0.99,mountaincar,dense
7,498,-200.0,200,0.5290131568908691,-1.0,0.0003961085749324411,0.0,DQN_RND,0.01,0.99,mountaincar,dense
7,499,-200.0,200,0.47035959362983704,-1.0,0.00033698754850775003,0.0,DQN_RND,0.01,0.99,mountaincar,dense
7,500,-200.0,200,2.8056416511535645,-1.0,0.00029281494789756835,0.0,DQN_RND,0.01,0.99,mountaincar,dense
7,501,-200.0,200,5.295403003692627,-1.0,0.00046736918739043176,0.0,DQN_RND,0.01,0.99,mountaincar,dense
7,502,-200.0,200,1.8169829845428467,-1.0,0.0003957873850595206,0.0,DQN_RND,0.01,0.99,mountaincar,dense
7,503,-200.0,200,8.148110389709473,-1.0,0.00045410863822326064,0.0,DQN_RND,0.01,0.99,mountaincar,dense
7,504,-200.0,200,3.144730806350708,-1.0,0.00028998698689974844,0.0,DQN_RND,0.01,0.99,mountaincar,dense
7,505,-200.0,200,3.1515040397644043,-1.0,0.0004232132632751018,0.0,DQN_RND,0.01,0.99,mountaincar,dense
7,506,-200.0,200,1.7562923431396484,-1.0,0.00042054420919157565,0.0,DQN_RND,0.01,0.99,mountaincar,dense
7,507,-200.0,200,1.8605351448059082,-1.0,0.0002780375652946532,0.0,DQN_RND,0.01,0.99,mountaincar,dense
7,508,-200.0,200,4.143772125244141,-1.0,0.0005911298212595284,0.0,DQN_RND,0.01,0.99,mountaincar,dense
7,509,-200.0,200,0.22203907370567322,-1.0,0.0004281963629182428,0.0,DQN_RND,0.01,0.99,mountaincar,dense
7,510,-200.0,200,1.5997512340545654,-1.0,0.00029990077018737793,0.0,DQN_RND,0.01,0.99,mountaincar,dense
7,511,-200.0,200,0.3295697271823883,-1.0,0.0002618459693621844,0.0,DQN_RND,0.01,0.99,mountaincar,dense
7,512,-200.0,200,4.234098434448242,-1.0,0.0003155286831315607,0.0,DQN_RND,0.01,0.99,mountaincar,dense
7,513,-200.0,200,4.949615001678467,-1.0,0.0003058882721234113,0.0,DQN_RND,0.01,0.99,mountaincar,dense
7,514,-200.0,200,1.7644286155700684,-1.0,0.00042157250572927296,0.0,DQN_RND,0.01,0.99,mountaincar,dense
7,515,-200.0,200,0.0034734555520117283,-1.0,0.00028048476087860763,0.0,DQN_RND,0.01,0.99,mountaincar,dense
7,516,-200.0,200,1.9050573110580444,-1.0,0.00045682318159379065,0.0,DQN_RND,0.01,0.99,mountaincar,dense
7,517,-200.0,200,0.07280758768320084,-1.0,0.0003863703750539571,0.0,DQN_RND,0.01,0.99,mountaincar,dense
7,518,-200.0,200,1.3691661357879639,-1.0,0.00044373577111400664,0.0,DQN_RND,0.01,0.99,mountaincar,dense
7,519,-200.0,200,2.031391143798828,-1.0,0.000279309693723917,0.0,DQN_RND,0.01,0.99,mountaincar,dense
7,520,-200.0,200,4.315384864807129,-1.0,0.0002861005486920476,0.0,DQN_RND,0.01,0.99,mountaincar,dense
7,521,-200.0,200,1.7064772844314575,-1.0,0.0004211046907585114,0.0,DQN_RND,0.01,0.99,mountaincar,dense
7,522,-200.0,200,1.6469435691833496,-1.0,0.0004237001994624734,0.0,DQN_RND,0.01,0.99,mountaincar,dense
7,523,-200.0,200,0.8144341707229614,-1.0,0.0004029123520012945,0.0,DQN_RND,0.01,0.99,mountaincar,dense
7,524,-200.0,200,1.0115272998809814,-1.0,0.00040892299148254097,0.0,DQN_RND,0.01,0.99,mountaincar,dense
7,525,-200.0,200,2.7145018577575684,-1.0,0.0003856206312775612,0.0,DQN_RND,0.01,0.99,mountaincar,dense
7,526,-200.0,200,1.9605995416641235,-1.0,0.0006365984445437789,0.0,DQN_RND,0.01,0.99,mountaincar,dense
7,527,-200.0,200,0.5452520847320557,-1.0,0.00041252191294915974,0.0,DQN_RND,0.01,0.99,mountaincar,dense
7,528,-200.0,200,2.679915428161621,-1.0,0.00039843408740125597,0.0,DQN_RND,0.01,0.99,mountaincar,dense
7,529,-200.0,200,3.3243632316589355,-1.0,0.0006937850848771632,0.0,DQN_RND,0.01,0.99,mountaincar,dense
7,530,-200.0,200,6.88774299621582,-1.0,0.0004066170658916235,0.0,DQN_RND,0.01,0.99,mountaincar,dense
7,531,-200.0,200,0.3069857060909271,-1.0,0.0002663078485056758,0.0,DQN_RND,0.01,0.99,mountaincar,dense
7,532,-200.0,200,1.6909399032592773,-1.0,0.0004235012747813016,0.0,DQN_RND,0.01,0.99,mountaincar,dense
7,533,-200.0,200,3.567221164703369,-1.0,0.00045535792014561594,0.0,DQN_RND,0.01,0.99,mountaincar,dense
7,534,-200.0,200,1.3927838802337646,-1.0,0.0005540943238884211,0.0,DQN_RND,0.01,0.99,mountaincar,dense
7,535,-200.0,200,4.291166305541992,-1.0,0.0005316147580742836,0.0,DQN_RND,0.01,0.99,mountaincar,dense
7,536,-200.0,200,2.9253358840942383,-1.0,0.00040361276478506625,0.0,DQN_RND,0.01,0.99,mountaincar,dense
7,537,-200.0,200,3.539588451385498,-1.0,0.0003915191628038883,0.0,DQN_RND,0.01,0.99,mountaincar,dense
7,538,-200.0,200,4.3450703620910645,-1.0,0.0004244280280545354,0.0,DQN_RND,0.01,0.99,mountaincar,dense
7,539,-200.0,200,0.8596972227096558,-1.0,0.0004058390040881932,0.0,DQN_RND,0.01,0.99,mountaincar,dense
7,540,-200.0,200,0.0020646224729716778,-1.0,0.00037900975439697504,0.0,DQN_RND,0.01,0.99,mountaincar,dense
7,541,-200.0,200,2.6337976455688477,-1.0,0.0004388845700304955,0.0,DQN_RND,0.01,0.99,mountaincar,dense
7,542,-200.0,200,2.3615400791168213,-1.0,0.0002916852245107293,0.0,DQN_RND,0.01,0.99,mountaincar,dense
7,543,-200.0,200,0.8274790048599243,-1.0,0.0005328304832801223,0.0,DQN_RND,0.01,0.99,mountaincar,dense
7,544,-200.0,200,2.7668352127075195,-1.0,0.00026947088190354407,0.0,DQN_RND,0.01,0.99,mountaincar,dense
7,545,-200.0,200,1.082005500793457,-1.0,0.0004051906580571085,0.0,DQN_RND,0.01,0.99,mountaincar,dense
7,546,-200.0,200,1.714521050453186,-1.0,0.0004014577716588974,0.0,DQN_RND,0.01,0.99,mountaincar,dense
7,547,-200.0,200,0.8454278111457825,-1.0,0.0005666521028615534,0.0,DQN_RND,0.01,0.99,mountaincar,dense
7,548,-200.0,200,0.1972217857837677,-1.0,0.00024655042216181755,0.0,DQN_RND,0.01,0.99,mountaincar,dense
7,549,-200.0,200,1.798936367034912,-1.0,0.00041385056101717055,0.0,DQN_RND,0.01,0.99,mountaincar,dense
7,550,-200.0,200,2.977001667022705,-1.0,0.00038685044273734093,0.0,DQN_RND,0.01,0.99,mountaincar,dense
7,551,-200.0,200,2.655179023742676,-1.0,0.0004109563597012311,0.0,DQN_RND,0.01,0.99,mountaincar,dense
7,552,-200.0,200,6.53823184967041,-1.0,0.0004007659154012799,0.0,DQN_RND,0.01,0.99,mountaincar,dense
7,553,-200.0,200,0.968173623085022,-1.0,0.0004236310487613082,0.0,DQN_RND,0.01,0.99,mountaincar,dense
7,554,-200.0,200,2.4971415996551514,-1.0,0.00026168228941969573,0.0,DQN_RND,0.01,0.99,mountaincar,dense
7,555,-200.0,200,1.5834705829620361,-1.0,0.0003866725310217589,0.0,DQN_RND,0.01,0.99,mountaincar,dense
7,556,-200.0,200,1.0001822710037231,-1.0,0.00037812627851963043,0.0,DQN_RND,0.01,0.99,mountaincar,dense
7,557,-200.0,200,0.9435657262802124,-1.0,0.0004213805659674108,0.0,DQN_RND,0.01,0.99,mountaincar,dense
7,558,-200.0,200,1.7260127067565918,-1.0,0.000625651387963444,0.0,DQN_RND,0.01,0.99,mountaincar,dense
7,559,-200.0,200,5.138902187347412,-1.0,0.0003033369721379131,0.0,DQN_RND,0.01,0.99,mountaincar,dense
7,560,-200.0,200,3.2500734329223633,-1.0,0.00039801266393624246,0.0,DQN_RND,0.01,0.99,mountaincar,dense
7,561,-200.0,200,1.9240467548370361,-1.0,0.0006683160318061709,0.0,DQN_RND,0.01,0.99,mountaincar,dense
7,562,-200.0,200,6.0675835609436035,-1.0,0.0004163330013398081,0.0,DQN_RND,0.01,0.99,mountaincar,dense
7,563,-200.0,200,5.180726528167725,-1.0,0.00043837353587150574,0.0,DQN_RND,0.01,0.99,mountaincar,dense
7,564,-200.0,200,1.4781008958816528,-1.0,0.0004441565542947501,0.0,DQN_RND,0.01,0.99,mountaincar,dense
7,565,-200.0,200,2.8585338592529297,-1.0,0.00039184358320198953,0.0,DQN_RND,0.01,0.99,mountaincar,dense
7,566,-200.0,200,1.7901071310043335,-1.0,0.00041677342960610986,0.0,DQN_RND,0.01,0.99,mountaincar,dense
7,567,-200.0,200,5.767847537994385,-1.0,0.0002559866989031434,0.0,DQN_RND,0.01,0.99,mountaincar,dense
7,568,-200.0,200,1.6228647232055664,-1.0,0.0006370970513671637,0.0,DQN_RND,0.01,0.99,mountaincar,dense
7,569,-200.0,200,2.1985745429992676,-1.0,0.0005975919193588197,0.0,DQN_RND,0.01,0.99,mountaincar,dense
7,570,-200.0,200,3.167729377746582,-1.0,0.00039109954377636313,0.0,DQN_RND,0.01,0.99,mountaincar,dense
7,571,-200.0,200,2.464489221572876,-1.0,0.0005171303055249155,0.0,DQN_RND,0.01,0.99,mountaincar,dense
7,572,-200.0,200,1.6985905170440674,-1.0,0.00026578453253023326,0.0,DQN_RND,0.01,0.99,mountaincar,dense
7,573,-200.0,200,0.1362949162721634,-1.0,0.00035321892937645316,0.0,DQN_RND,0.01,0.99,mountaincar,dense
7,574,-200.0,200,1.3319226503372192,-1.0,0.0006117273587733507,0.0,DQN_RND,0.01,0.99,mountaincar,dense
7,575,-200.0,200,0.22186970710754395,-1.0,0.0003983265196438879,0.0,DQN_RND,0.01,0.99,mountaincar,dense
7,576,-200.0,200,2.3296985626220703,-1.0,0.0003966038639191538,0.0,DQN_RND,0.01,0.99,mountaincar,dense
7,577,-200.0,200,2.266916036605835,-1.0,0.00038523977855220437,0.0,DQN_RND,0.01,0.99,mountaincar,dense
7,578,-200.0,200,3.8535048961639404,-1.0,0.0003971424885094166,0.0,DQN_RND,0.01,0.99,mountaincar,dense
7,579,-200.0,200,1.5653164386749268,-1.0,0.0002649097586981952,0.0,DQN_RND,0.01,0.99,mountaincar,dense
7,580,-200.0,200,3.289318084716797,-1.0,0.00027339576627127826,0.0,DQN_RND,0.01,0.99,mountaincar,dense
7,581,-200.0,200,5.071502685546875,-1.0,0.00041962164686992764,0.0,DQN_RND,0.01,0.99,mountaincar,dense
7,582,-200.0,200,6.700364589691162,-1.0,0.0003847430634777993,0.0,DQN_RND,0.01,0.99,mountaincar,dense
7,583,-200.0,200,4.0712761878967285,-1.0,0.0006016231491230428,0.0,DQN_RND,0.01,0.99,mountaincar,dense
7,584,-200.0,200,4.346066474914551,-1.0,0.00040841952431946993,0.0,DQN_RND,0.01,0.99,mountaincar,dense
7,585,-200.0,200,5.088013172149658,-1.0,0.0004021739587187767,0.0,DQN_RND,0.01,0.99,mountaincar,dense
7,586,-200.0,200,1.799735188484192,-1.0,0.0004062658699695021,0.0,DQN_RND,0.01,0.99,mountaincar,dense
7,587,-200.0,200,1.5248008966445923,-1.0,0.0006179139018058777,0.0,DQN_RND,0.01,0.99,mountaincar,dense
7,588,-200.0,200,0.007220592349767685,-1.0,0.0002492312924005091,0.0,DQN_RND,0.01,0.99,mountaincar,dense
7,589,-200.0,200,0.508661150932312,-1.0,0.00042571162339299917,0.0,DQN_RND,0.01,0.99,mountaincar,dense
7,590,-200.0,200,0.322854608297348,-1.0,0.00042931496864184737,0.0,DQN_RND,0.01,0.99,mountaincar,dense
7,591,-200.0,200,2.0460410118103027,-1.0,0.00039464488509111106,0.0,DQN_RND,0.01,0.99,mountaincar,dense
7,592,-200.0,200,4.017360210418701,-1.0,0.0005755683523602784,0.0,DQN_RND,0.01,0.99,mountaincar,dense
7,593,-200.0,200,1.9023821353912354,-1.0,0.0005852684262208641,0.0,DQN_RND,0.01,0.99,mountaincar,dense
7,594,-200.0,200,1.3635227680206299,-1.0,0.0005552932852879167,0.0,DQN_RND,0.01,0.99,mountaincar,dense
7,595,-200.0,200,2.624577283859253,-1.0,0.00037686791620217264,0.0,DQN_RND,0.01,0.99,mountaincar,dense
7,596,-200.0,200,3.6592323780059814,-1.0,0.0003913908440154046,0.0,DQN_RND,0.01,0.99,mountaincar,dense
7,597,-200.0,200,3.8299927711486816,-1.0,0.0005986268515698612,0.0,DQN_RND,0.01,0.99,mountaincar,dense
7,598,-200.0,200,2.0746424198150635,-1.0,0.0005988777847960591,0.0,DQN_RND,0.01,0.99,mountaincar,dense
7,599,-200.0,200,2.9037742614746094,-1.0,0.00037855602568015456,0.0,DQN_RND,0.01,0.99,mountaincar,dense
7,600,-200.0,200,14.359689712524414,-1.0,0.00037222797982394695,0.0,DQN_RND,0.01,0.99,mountaincar,dense
7,601,-200.0,200,4.052947998046875,-1.0,0.00037489531678147614,0.0,DQN_RND,0.01,0.99,mountaincar,dense
7,602,-200.0,200,3.482912540435791,-1.0,0.00025036471197381616,0.0,DQN_RND,0.01,0.99,mountaincar,dense
7,603,-200.0,200,2.3821797370910645,-1.0,0.0003866865299642086,0.0,DQN_RND,0.01,0.99,mountaincar,dense
7,604,-200.0,200,2.1359264850616455,-1.0,0.00026412252918817103,0.0,DQN_RND,0.01,0.99,mountaincar,dense
7,605,-200.0,200,0.6186663508415222,-1.0,0.00037176202749833465,0.0,DQN_RND,0.01,0.99,mountaincar,dense
7,606,-200.0,200,0.8323746919631958,-1.0,0.00026839840575121343,0.0,DQN_RND,0.01,0.99,mountaincar,dense
7,607,-200.0,200,1.4478049278259277,-1.0,0.0005375235923565924,0.0,DQN_RND,0.01,0.99,mountaincar,dense
7,608,-200.0,200,3.009634017944336,-1.0,0.0006025140173733234,0.0,DQN_RND,0.01,0.99,mountaincar,dense
7,609,-200.0,200,3.213261127471924,-1.0,0.00026801275089383125,0.0,DQN_RND,0.01,0.99,mountaincar,dense
7,610,-200.0,200,1.6439532041549683,-1.0,0.0003791525086853653,0.0,DQN_RND,0.01,0.99,mountaincar,dense
7,611,-200.0,200,2.540635108947754,-1.0,0.0005478349048644304,0.0,DQN_RND,0.01,0.99,mountaincar,dense
7,612,-200.0,200,1.6894766092300415,-1.0,0.0003772362251766026,0.0,DQN_RND,0.01,0.99,mountaincar,dense
7,613,-200.0,200,1.8856370449066162,-1.0,0.0003675864136312157,0.0,DQN_RND,0.01,0.99,mountaincar,dense
7,614,-200.0,200,6.287086486816406,-1.0,0.000222356800804846,0.0,DQN_RND,0.01,0.99,mountaincar,dense
7,615,-200.0,200,1.763000249862671,-1.0,0.00029229596839286387,0.0,DQN_RND,0.01,0.99,mountaincar,dense
7,616,-200.0,200,2.5368704795837402,-1.0,0.00024301405937876552,0.0,DQN_RND,0.01,0.99,mountaincar,dense
7,617,-200.0,200,4.652920722961426,-1.0,0.0005629126681014895,0.0,DQN_RND,0.01,0.99,mountaincar,dense
7,618,-200.0,200,3.683696746826172,-1.0,0.00040037796134129167,0.0,DQN_RND,0.01,0.99,mountaincar,dense
7,619,-200.0,200,0.8389580845832825,-1.0,0.0003598832990974188,0.0,DQN_RND,0.01,0.99,mountaincar,dense
7,620,-200.0,200,1.5853116512298584,-1.0,0.0003825408057309687,0.0,DQN_RND,0.01,0.99,mountaincar,dense
7,621,-200.0,200,1.400227427482605,-1.0,0.0003694957122206688,0.0,DQN_RND,0.01,0.99,mountaincar,dense
7,622,-200.0,200,4.265355587005615,-1.0,0.0002568429918028414,0.0,DQN_RND,0.01,0.99,mountaincar,dense
7,623,-200.0,200,2.949894905090332,-1.0,0.00037627987330779433,0.0,DQN_RND,0.01,0.99,mountaincar,dense
7,624,-200.0,200,0.2717825770378113,-1.0,0.0005970257334411144,0.0,DQN_RND,0.01,0.99,mountaincar,dense
7,625,-200.0,200,1.749240517616272,-1.0,0.0005576215335167944,0.0,DQN_RND,0.01,0.99,mountaincar,dense
7,626,-200.0,200,1.146429419517517,-1.0,0.0002423643454676494,0.0,DQN_RND,0.01,0.99,mountaincar,dense
7,627,-200.0,200,1.070932149887085,-1.0,0.0006279749213717878,0.0,DQN_RND,0.01,0.99,mountaincar,dense
7,628,-200.0,200,5.241515159606934,-1.0,0.00036897623795084655,0.0,DQN_RND,0.01,0.99,mountaincar,dense
7,629,-200.0,200,2.009117603302002,-1.0,0.0005559432902373374,0.0,DQN_RND,0.01,0.99,mountaincar,dense
7,630,-200.0,200,2.9666800498962402,-1.0,0.00036847483715973794,0.0,DQN_RND,0.01,0.99,mountaincar,dense
7,631,-200.0,200,3.5187056064605713,-1.0,0.0005348430713638663,0.0,DQN_RND,0.01,0.99,mountaincar,dense
7,632,-200.0,200,3.8295326232910156,-1.0,0.0003580344491638243,0.0,DQN_RND,0.01,0.99,mountaincar,dense
7,633,-200.0,200,6.259692192077637,-1.0,0.0003970279067289084,0.0,DQN_RND,0.01,0.99,mountaincar,dense
7,634,-200.0,200,0.8948796391487122,-1.0,0.00038405312807299197,0.0,DQN_RND,0.01,0.99,mountaincar,dense
7,635,-200.0,200,1.5814510583877563,-1.0,0.00037606986006721854,0.0,DQN_RND,0.01,0.99,mountaincar,dense
7,636,-200.0,200,2.8647613525390625,-1.0,0.0003592582361306995,0.0,DQN_RND,0.01,0.99,mountaincar,dense
7,637,-200.0,200,1.8048875331878662,-1.0,0.0005716061568818986,0.0,DQN_RND,0.01,0.99,mountaincar,dense
7,638,-200.0,200,2.726330041885376,-1.0,0.00039712883881293237,0.0,DQN_RND,0.01,0.99,mountaincar,dense
7,639,-200.0,200,3.9428482055664062,-1.0,0.0003853730158880353,0.0,DQN_RND,0.01,0.99,mountaincar,dense
7,640,-200.0,200,4.128078460693359,-1.0,0.0003693581966217607,0.0,DQN_RND,0.01,0.99,mountaincar,dense
7,641,-200.0,200,2.6373062133789062,-1.0,0.0006295749335549772,0.0,DQN_RND,0.01,0.99,mountaincar,dense
7,642,-200.0,200,6.014286994934082,-1.0,0.0003616379981394857,0.0,DQN_RND,0.01,0.99,mountaincar,dense
7,643,-200.0,200,29.159423828125,-1.0,0.0003885383775923401,0.0,DQN_RND,0.01,0.99,mountaincar,dense
7,644,-200.0,200,1.7751258611679077,-1.0,0.00036451933556236327,0.0,DQN_RND,0.01,0.99,mountaincar,dense
7,645,-200.0,200,0.47121313214302063,-1.0,0.0003647780104074627,0.0,DQN_RND,0.01,0.99,mountaincar,dense
7,646,-200.0,200,0.67861407995224,-1.0,0.0005347077967599034,0.0,DQN_RND,0.01,0.99,mountaincar,dense
7,647,-200.0,200,1.912301778793335,-1.0,0.0006059386651031673,0.0,DQN_RND,0.01,0.99,mountaincar,dense
7,648,-200.0,200,2.54970645904541,-1.0,0.00020980702538508922,0.0,DQN_RND,0.01,0.99,mountaincar,dense
7,649,-200.0,200,0.11499768495559692,-1.0,0.0006478913710452616,0.0,DQN_RND,0.01,0.99,mountaincar,dense
7,650,-200.0,200,2.8078978061676025,-1.0,0.0005179904401302338,0.0,DQN_RND,0.01,0.99,mountaincar,dense
7,651,-200.0,200,1.4216850996017456,-1.0,0.0005796292098239064,0.0,DQN_RND,0.01,0.99,mountaincar,dense
7,652,-200.0,200,1.185136318206787,-1.0,0.0005193307879380882,0.0,DQN_RND,0.01,0.99,mountaincar,dense
7,653,-200.0,200,1.853447675704956,-1.0,0.0003603363293223083,0.0,DQN_RND,0.01,0.99,mountaincar,dense
7,654,-200.0,200,2.0766568183898926,-1.0,0.00021910830400884151,0.0,DQN_RND,0.01,0.99,mountaincar,dense
7,655,-200.0,200,1.3362571001052856,-1.0,0.00023545074509456754,0.0,DQN_RND,0.01,0.99,mountaincar,dense
7,656,-200.0,200,2.8353970050811768,-1.0,0.0005290581029839814,0.0,DQN_RND,0.01,0.99,mountaincar,dense
7,657,-200.0,200,0.7646641135215759,-1.0,0.00022775201068725437,0.0,DQN_RND,0.01,0.99,mountaincar,dense
7,658,-200.0,200,1.5425825119018555,-1.0,0.0005549920024350286,0.0,DQN_RND,0.01,0.99,mountaincar,dense
7,659,-200.0,200,0.34301504492759705,-1.0,0.0005952993524260819,0.0,DQN_RND,0.01,0.99,mountaincar,dense
7,660,-200.0,200,1.8502248525619507,-1.0,0.0003711024473886937,0.0,DQN_RND,0.01,0.99,mountaincar,dense
7,661,-200.0,200,2.609658718109131,-1.0,0.000363570376066491,0.0,DQN_RND,0.01,0.99,mountaincar,dense
7,662,-200.0,200,1.6516642570495605,-1.0,0.00038255463005043566,0.0,DQN_RND,0.01,0.99,mountaincar,dense
7,663,-200.0,200,4.699243068695068,-1.0,0.00023266517382580787,0.0,DQN_RND,0.01,0.99,mountaincar,dense
7,664,-200.0,200,2.3874189853668213,-1.0,0.0002287919051013887,0.0,DQN_RND,0.01,0.99,mountaincar,dense
7,665,-200.0,200,2.600149631500244,-1.0,0.0003797760873567313,0.0,DQN_RND,0.01,0.99,mountaincar,dense
7,666,-200.0,200,0.33772504329681396,-1.0,0.000534993305336684,0.0,DQN_RND,0.01,0.99,mountaincar,dense
7,667,-200.0,200,0.10257485508918762,-1.0,0.0005387275014072657,0.0,DQN_RND,0.01,0.99,mountaincar,dense
7,668,-200.0,200,3.17287015914917,-1.0,0.0003554796858225018,0.0,DQN_RND,0.01,0.99,mountaincar,dense
7,669,-200.0,200,0.20195618271827698,-1.0,0.0002212451508967206,0.0,DQN_RND,0.01,0.99,mountaincar,dense
7,670,-200.0,200,4.408999443054199,-1.0,0.00037323206197470427,0.0,DQN_RND,0.01,0.99,mountaincar,dense
7,671,-200.0,200,1.124494194984436,-1.0,0.0005864695413038135,0.0,DQN_RND,0.01,0.99,mountaincar,dense
7,672,-200.0,200,1.9173660278320312,-1.0,0.00021678391203749925,0.0,DQN_RND,0.01,0.99,mountaincar,dense
7,673,-200.0,200,1.0918654203414917,-1.0,0.0003663235402200371,0.0,DQN_RND,0.01,0.99,mountaincar,dense
7,674,-200.0,200,2.030395030975342,-1.0,0.00034805419272743165,0.0,DQN_RND,0.01,0.99,mountaincar,dense
7,675,-200.0,200,3.9906744956970215,-1.0,0.00021506386110559106,0.0,DQN_RND,0.01,0.99,mountaincar,dense
7,676,-200.0,200,1.8527886867523193,-1.0,0.0003601959615480155,0.0,DQN_RND,0.01,0.99,mountaincar,dense
7,677,-200.0,200,4.473426818847656,-1.0,0.0005082336138002574,0.0,DQN_RND,0.01,0.99,mountaincar,dense
7,678,-200.0,200,4.515800476074219,-1.0,0.0006475175614468753,0.0,DQN_RND,0.01,0.99,mountaincar,dense
7,679,-200.0,200,2.7311973571777344,-1.0,0.00022428038937505335,0.0,DQN_RND,0.01,0.99,mountaincar,dense
7,680,-200.0,200,1.3343361616134644,-1.0,0.00020969274919480085,0.0,DQN_RND,0.01,0.99,mountaincar,dense
7,681,-200.0,200,0.6979442834854126,-1.0,0.0003797129902523011,0.0,DQN_RND,0.01,0.99,mountaincar,dense
7,682,-200.0,200,4.154232025146484,-1.0,0.0003654712636489421,0.0,DQN_RND,0.01,0.99,mountaincar,dense
7,683,-200.0,200,3.08085298538208,-1.0,0.00022668865858577192,0.0,DQN_RND,0.01,0.99,mountaincar,dense
7,684,-200.0,200,2.9835259914398193,-1.0,0.0006581277120858431,0.0,DQN_RND,0.01,0.99,mountaincar,dense
7,685,-200.0,200,1.3781256675720215,-1.0,0.00021312797616701573,0.0,DQN_RND,0.01,0.99,mountaincar,dense
7,686,-200.0,200,3.271637439727783,-1.0,0.0005654395208694041,0.0,DQN_RND,0.01,0.99,mountaincar,dense
7,687,-200.0,200,5.913512229919434,-1.0,0.0003571626730263233,0.0,DQN_RND,0.01,0.99,mountaincar,dense
7,688,-200.0,200,7.561606407165527,-1.0,0.0003501468163449317,0.0,DQN_RND,0.01,0.99,mountaincar,dense
7,689,-200.0,200,1.712824821472168,-1.0,0.0003619195776991546,0.0,DQN_RND,0.01,0.99,mountaincar,dense
7,690,-200.0,200,1.5438206195831299,-1.0,0.000578937353566289,0.0,DQN_RND,0.01,0.99,mountaincar,dense
7,691,-200.0,200,1.124398946762085,-1.0,0.0003652219020295888,0.0,DQN_RND,0.01,0.99,mountaincar,dense
7,692,-200.0,200,0.9223577380180359,-1.0,0.0005501778796315193,0.0,DQN_RND,0.01,0.99,mountaincar,dense
7,693,-200.0,200,3.942927837371826,-1.0,0.0006691542803309858,0.0,DQN_RND,0.01,0.99,mountaincar,dense
7,694,-200.0,200,3.12689208984375,-1.0,0.0005778726190328598,0.0,DQN_RND,0.01,0.99,mountaincar,dense
7,695,-200.0,200,1.594433307647705,-1.0,0.0005030538304708898,0.0,DQN_RND,0.01,0.99,mountaincar,dense
7,696,-200.0,200,1.9250860214233398,-1.0,0.00023270136443898082,0.0,DQN_RND,0.01,0.99,mountaincar,dense
7,697,-200.0,200,4.188508033752441,-1.0,0.0003404211311135441,0.0,DQN_RND,0.01,0.99,mountaincar,dense
7,698,-200.0,200,1.7335898876190186,-1.0,0.00022356092813424766,0.0,DQN_RND,0.01,0.99,mountaincar,dense
7,699,-200.0,200,0.9580122232437134,-1.0,0.0003347329329699278,0.0,DQN_RND,0.01,0.99,mountaincar,dense
7,700,-200.0,200,3.346400022506714,-1.0,0.00035341503098607063,0.0,DQN_RND,0.01,0.99,mountaincar,dense
7,701,-200.0,200,2.884753465652466,-1.0,0.00019346324552316219,0.0,DQN_RND,0.01,0.99,mountaincar,dense
7,702,-200.0,200,0.9024311900138855,-1.0,0.0003410340868867934,0.0,DQN_RND,0.01,0.99,mountaincar,dense
7,703,-200.0,200,2.4494566917419434,-1.0,0.0005646561621688306,0.0,DQN_RND,0.01,0.99,mountaincar,dense
7,704,-200.0,200,3.6263861656188965,-1.0,0.0006627487018704414,0.0,DQN_RND,0.01,0.99,mountaincar,dense
7,705,-200.0,200,10.161198616027832,-1.0,0.00036029386683367193,0.0,DQN_RND,0.01,0.99,mountaincar,dense
7,706,-200.0,200,3.2469840049743652,-1.0,0.0005488467286340892,0.0,DQN_RND,0.01,0.99,mountaincar,dense
7,707,-200.0,200,2.511481523513794,-1.0,0.00048421663814224303,0.0,DQN_RND,0.01,0.99,mountaincar,dense
7,708,-200.0,200,4.017656326293945,-1.0,0.0002120224089594558,0.0,DQN_RND,0.01,0.99,mountaincar,dense
7,709,-200.0,200,2.111299991607666,-1.0,0.0002102411090163514,0.0,DQN_RND,0.01,0.99,mountaincar,dense
7,710,-200.0,200,4.394040584564209,-1.0,0.00020770731498487294,0.0,DQN_RND,0.01,0.99,mountaincar,dense
7,711,-200.0,200,3.507079601287842,-1.0,0.0005735926097258925,0.0,DQN_RND,0.01,0.99,mountaincar,dense
7,712,-200.0,200,2.623250961303711,-1.0,0.0002060809056274593,0.0,DQN_RND,0.01,0.99,mountaincar,dense
7,713,-200.0,200,0.8423701524734497,-1.0,0.0006156883318908513,0.0,DQN_RND,0.01,0.99,mountaincar,dense
7,714,-200.0,200,2.8847875595092773,-1.0,0.0005869580199941993,0.0,DQN_RND,0.01,0.99,mountaincar,dense
7,715,-200.0,200,5.843059539794922,-1.0,0.0005414612242020667,0.0,DQN_RND,0.01,0.99,mountaincar,dense
7,716,-200.0,200,3.866668701171875,-1.0,0.0002114808012265712,0.0,DQN_RND,0.01,0.99,mountaincar,dense
7,717,-200.0,200,1.8220276832580566,-1.0,0.0005775660974904895,0.0,DQN_RND,0.01,0.99,mountaincar,dense
7,718,-200.0,200,1.3128446340560913,-1.0,0.00018986834038514644,0.0,DQN_RND,0.01,0.99,mountaincar,dense
7,719,-200.0,200,5.159515857696533,-1.0,0.00021832503261975944,0.0,DQN_RND,0.01,0.99,mountaincar,dense
7,720,-200.0,200,8.056081771850586,-1.0,0.0005283252685330808,0.0,DQN_RND,0.01,0.99,mountaincar,dense
7,721,-200.0,200,2.6988306045532227,-1.0,0.0003491388924885541,0.0,DQN_RND,0.01,0.99,mountaincar,dense
7,722,-200.0,200,3.235518455505371,-1.0,0.00023184571182355285,0.0,DQN_RND,0.01,0.99,mountaincar,dense
7,723,-200.0,200,2.2359445095062256,-1.0,0.0003465798799879849,0.0,DQN_RND,0.01,0.99,mountaincar,dense
7,724,-200.0,200,4.401525497436523,-1.0,0.00022659711248707026,0.0,DQN_RND,0.01,0.99,mountaincar,dense
7,725,-200.0,200,5.834504127502441,-1.0,0.0002074929216178134,0.0,DQN_RND,0.01,0.99,mountaincar,dense
7,726,-200.0,200,0.9727118015289307,-1.0,0.0003976623120252043,0.0,DQN_RND,0.01,0.99,mountaincar,dense
7,727,-200.0,200,5.14907169342041,-1.0,0.00034090044209733605,0.0,DQN_RND,0.01,0.99,mountaincar,dense
7,728,-200.0,200,2.935842752456665,-1.0,0.0002004448906518519,0.0,DQN_RND,0.01,0.99,mountaincar,dense
7,729,-200.0,200,2.2107129096984863,-1.0,0.00034720051917247474,0.0,DQN_RND,0.01,0.99,mountaincar,dense
7,730,-200.0,200,3.793445110321045,-1.0,0.00035832449793815613,0.0,DQN_RND,0.01,0.99,mountaincar,dense
7,731,-200.0,200,0.9349485635757446,-1.0,0.00021590810501948,0.0,DQN_RND,0.01,0.99,mountaincar,dense
7,732,-200.0,200,6.803229808807373,-1.0,0.00020890710584353656,0.0,DQN_RND,0.01,0.99,mountaincar,dense
7,733,-200.0,200,4.101498603820801,-1.0,0.0003507556684780866,0.0,DQN_RND,0.01,0.99,mountaincar,dense
7,734,-200.0,200,2.788269519805908,-1.0,0.00036169998929835856,0.0,DQN_RND,0.01,0.99,mountaincar,dense
7,735,-200.0,200,1.9023913145065308,-1.0,0.0003444058820605278,0.0,DQN_RND,0.01,0.99,mountaincar,dense
7,736,-200.0,200,2.9906673431396484,-1.0,0.000570877396967262,0.0,DQN_RND,0.01,0.99,mountaincar,dense
7,737,-200.0,200,3.6944406032562256,-1.0,0.0003422491136007011,0.0,DQN_RND,0.01,0.99,mountaincar,dense
7,738,-200.0,200,1.8881338834762573,-1.0,0.0005907902959734201,0.0,DQN_RND,0.01,0.99,mountaincar,dense
7,739,-200.0,200,4.7690629959106445,-1.0,0.0005669671227224171,0.0,DQN_RND,0.01,0.99,mountaincar,dense
7,740,-200.0,200,2.919828176498413,-1.0,0.00018748134607449174,0.0,DQN_RND,0.01,0.99,mountaincar,dense
7,741,-200.0,200,0.3490329682826996,-1.0,0.0006082982872612774,0.0,DQN_RND,0.01,0.99,mountaincar,dense
7,742,-200.0,200,1.8093557357788086,-1.0,0.0005656288703903556,0.0,DQN_RND,0.01,0.99,mountaincar,dense
7,743,-200.0,200,0.8988346457481384,-1.0,0.0003476503770798445,0.0,DQN_RND,0.01,0.99,mountaincar,dense
7,744,-200.0,200,1.1185221672058105,-1.0,0.00036610852112062275,0.0,DQN_RND,0.01,0.99,mountaincar,dense
7,745,-200.0,200,2.210049629211426,-1.0,0.0005898040253669024,0.0,DQN_RND,0.01,0.99,mountaincar,dense
7,746,-200.0,200,3.3264548778533936,-1.0,0.0006153429858386517,0.0,DQN_RND,0.01,0.99,mountaincar,dense
7,747,-200.0,200,4.558998107910156,-1.0,0.00061558693414554,0.0,DQN_RND,0.01,0.99,mountaincar,dense
7,748,-200.0,200,6.962775230407715,-1.0,0.00020358694018796086,0.0,DQN_RND,0.01,0.99,mountaincar,dense
7,749,-200.0,200,2.9844484329223633,-1.0,0.00033665000228211284,0.0,DQN_RND,0.01,0.99,mountaincar,dense
7,750,-200.0,200,3.6878750324249268,-1.0,0.00019071697897743434,0.0,DQN_RND,0.01,0.99,mountaincar,dense
7,751,-200.0,200,1.0371742248535156,-1.0,0.0001858959294622764,0.0,DQN_RND,0.01,0.99,mountaincar,dense
7,752,-200.0,200,0.08221334964036942,-1.0,0.00023323716595768929,0.0,DQN_RND,0.01,0.99,mountaincar,dense
7,753,-200.0,200,4.101639747619629,-1.0,0.0003405773895792663,0.0,DQN_RND,0.01,0.99,mountaincar,dense
7,754,-200.0,200,5.796863555908203,-1.0,0.0002081165584968403,0.0,DQN_RND,0.01,0.99,mountaincar,dense
7,755,-200.0,200,1.362979769706726,-1.0,0.0005112958024255931,0.0,DQN_RND,0.01,0.99,mountaincar,dense
7,756,-200.0,200,1.2401617765426636,-1.0,0.0003293610061518848,0.0,DQN_RND,0.01,0.99,mountaincar,dense
7,757,-200.0,200,1.9695656299591064,-1.0,0.0003334907814860344,0.0,DQN_RND,0.01,0.99,mountaincar,dense
7,758,-200.0,200,3.774573564529419,-1.0,0.0005988687044009566,0.0,DQN_RND,0.01,0.99,mountaincar,dense
7,759,-200.0,200,4.487905025482178,-1.0,0.0005560748395510018,0.0,DQN_RND,0.01,0.99,mountaincar,dense
7,760,-200.0,200,1.7993147373199463,-1.0,0.00035714582190848887,0.0,DQN_RND,0.01,0.99,mountaincar,dense
7,761,-200.0,200,1.625520944595337,-1.0,0.0003393924271222204,0.0,DQN_RND,0.01,0.99,mountaincar,dense
7,762,-200.0,200,3.876770257949829,-1.0,0.00018290046136826277,0.0,DQN_RND,0.01,0.99,mountaincar,dense
7,763,-200.0,200,2.577944755554199,-1.0,0.0005877441144548357,0.0,DQN_RND,0.01,0.99,mountaincar,dense
7,764,-200.0,200,5.339344024658203,-1.0,0.0006222741794772446,0.0,DQN_RND,0.01,0.99,mountaincar,dense
7,765,-200.0,200,5.837686538696289,-1.0,0.000569589959923178,0.0,DQN_RND,0.01,0.99,mountaincar,dense
7,766,-200.0,200,1.4132193326950073,-1.0,0.000610563438385725,0.0,DQN_RND,0.01,0.99,mountaincar,dense
7,767,-200.0,200,1.6944034099578857,-1.0,0.0003256579511798918,0.0,DQN_RND,0.01,0.99,mountaincar,dense
7,768,-200.0,200,1.6442447900772095,-1.0,0.0001990493037737906,0.0,DQN_RND,0.01,0.99,mountaincar,dense
7,769,-200.0,200,3.714548349380493,-1.0,0.00031651585595682263,0.0,DQN_RND,0.01,0.99,mountaincar,dense
7,770,-200.0,200,1.8087953329086304,-1.0,0.00035532141919247806,0.0,DQN_RND,0.01,0.99,mountaincar,dense
7,771,-200.0,200,2.538395881652832,-1.0,0.00035988487070426345,0.0,DQN_RND,0.01,0.99,mountaincar,dense
7,772,-200.0,200,1.7464958429336548,-1.0,0.0001745100162224844,0.0,DQN_RND,0.01,0.99,mountaincar,dense
7,773,-200.0,200,0.13311944901943207,-1.0,0.00019476033048704267,0.0,DQN_RND,0.01,0.99,mountaincar,dense
7,774,-200.0,200,2.908024787902832,-1.0,0.0006363859865814447,0.0,DQN_RND,0.01,0.99,mountaincar,dense
7,775,-200.0,200,0.9170171022415161,-1.0,0.00036572947283275425,0.0,DQN_RND,0.01,0.99,mountaincar,dense
7,776,-200.0,200,3.1228110790252686,-1.0,0.0003182508226018399,0.0,DQN_RND,0.01,0.99,mountaincar,dense
7,777,-200.0,200,2.2565488815307617,-1.0,0.0005216718418523669,0.0,DQN_RND,0.01,0.99,mountaincar,dense
7,778,-200.0,200,1.6406481266021729,-1.0,0.00018834251386579126,0.0,DQN_RND,0.01,0.99,mountaincar,dense
7,779,-200.0,200,1.1353925466537476,-1.0,0.0006155347800813615,0.0,DQN_RND,0.01,0.99,mountaincar,dense
7,780,-200.0,200,2.821828842163086,-1.0,0.0003487865615170449,0.0,DQN_RND,0.01,0.99,mountaincar,dense
7,781,-200.0,200,0.260724276304245,-1.0,0.0005272911512292922,0.0,DQN_RND,0.01,0.99,mountaincar,dense
7,782,-200.0,200,2.911038398742676,-1.0,0.000348023691913113,0.0,DQN_RND,0.01,0.99,mountaincar,dense
7,783,-200.0,200,1.142137050628662,-1.0,0.00032715758425183594,0.0,DQN_RND,0.01,0.99,mountaincar,dense
7,784,-200.0,200,0.40370818972587585,-1.0,0.0005727444076910615,0.0,DQN_RND,0.01,0.99,mountaincar,dense
7,785,-200.0,200,1.981414556503296,-1.0,0.0006226717378012836,0.0,DQN_RND,0.01,0.99,mountaincar,dense
7,786,-200.0,200,1.2263011932373047,-1.0,0.0001843747595557943,0.0,DQN_RND,0.01,0.99,mountaincar,dense
7,787,-200.0,200,2.841413974761963,-1.0,0.00033193393028341234,0.0,DQN_RND,0.01,0.99,mountaincar,dense
7,788,-200.0,200,2.2734148502349854,-1.0,0.0006310005555860698,0.0,DQN_RND,0.01,0.99,mountaincar,dense
7,789,-200.0,200,3.946444272994995,-1.0,0.0005584820755757391,0.0,DQN_RND,0.01,0.99,mountaincar,dense
7,790,-200.0,200,3.2409508228302,-1.0,0.0006041431915946305,0.0,DQN_RND,0.01,0.99,mountaincar,dense
7,791,-200.0,200,2.8672280311584473,-1.0,0.00018101614841725677,0.0,DQN_RND,0.01,0.99,mountaincar,dense
7,792,-200.0,200,3.4981281757354736,-1.0,0.00018595505389384925,0.0,DQN_RND,0.01,0.99,mountaincar,dense
7,793,-200.0,200,3.960477828979492,-1.0,0.00018177203310187906,0.0,DQN_RND,0.01,0.99,mountaincar,dense
7,794,-200.0,200,1.4136546850204468,-1.0,0.00033690844429656863,0.0,DQN_RND,0.01,0.99,mountaincar,dense
7,795,-200.0,200,1.9942326545715332,-1.0,0.0005896262009628117,0.0,DQN_RND,0.01,0.99,mountaincar,dense
7,796,-200.0,200,1.574267029762268,-1.0,0.000602632062509656,0.0,DQN_RND,0.01,0.99,mountaincar,dense
7,797,-200.0,200,0.7765823602676392,-1.0,0.00033769389847293496,0.0,DQN_RND,0.01,0.99,mountaincar,dense
7,798,-200.0,200,2.22147798538208,-1.0,0.0005461747641675174,0.0,DQN_RND,0.01,0.99,mountaincar,dense
7,799,-200.0,200,3.57466721534729,-1.0,0.0006617574254050851,0.0,DQN_RND,0.01,0.99,mountaincar,dense
7,800,-200.0,200,2.265756845474243,-1.0,0.0003572380810510367,0.0,DQN_RND,0.01,0.99,mountaincar,dense
7,801,-200.0,200,3.1023736000061035,-1.0,0.00033659383188933134,0.0,DQN_RND,0.01,0.99,mountaincar,dense
7,802,-200.0,200,3.250633478164673,-1.0,0.00019669403263833374,0.0,DQN_RND,0.01,0.99,mountaincar,dense
7,803,-200.0,200,1.9703317880630493,-1.0,0.0006340433028526604,0.0,DQN_RND,0.01,0.99,mountaincar,dense
7,804,-200.0,200,9.166444778442383,-1.0,0.0003364053263794631,0.0,DQN_RND,0.01,0.99,mountaincar,dense
7,805,-200.0,200,10.686914443969727,-1.0,0.0005541114951483905,0.0,DQN_RND,0.01,0.99,mountaincar,dense
7,806,-200.0,200,0.18991439044475555,-1.0,0.00033439177786931396,0.0,DQN_RND,0.01,0.99,mountaincar,dense
7,807,-200.0,200,1.5654990673065186,-1.0,0.0003287789586465806,0.0,DQN_RND,0.01,0.99,mountaincar,dense
7,808,-200.0,200,2.3797972202301025,-1.0,0.0005373168387450278,0.0,DQN_RND,0.01,0.99,mountaincar,dense
7,809,-200.0,200,7.178750991821289,-1.0,0.000567292736377567,0.0,DQN_RND,0.01,0.99,mountaincar,dense
7,810,-200.0,200,0.20543423295021057,-1.0,0.0005602975725196302,0.0,DQN_RND,0.01,0.99,mountaincar,dense
7,811,-200.0,200,3.1514792442321777,-1.0,0.000574931618757546,0.0,DQN_RND,0.01,0.99,mountaincar,dense
7,812,-200.0,200,1.4247738122940063,-1.0,0.00032293182448484004,0.0,DQN_RND,0.01,0.99,mountaincar,dense
7,813,-200.0,200,3.649031162261963,-1.0,0.0005539933335967362,0.0,DQN_RND,0.01,0.99,mountaincar,dense
7,814,-200.0,200,2.8780529499053955,-1.0,0.0003355149528943002,0.0,DQN_RND,0.01,0.99,mountaincar,dense
7,815,-200.0,200,1.036324381828308,-1.0,0.00017764425138011575,0.0,DQN_RND,0.01,0.99,mountaincar,dense
7,816,-200.0,200,1.1479145288467407,-1.0,0.0006697297212667763,0.0,DQN_RND,0.01,0.99,mountaincar,dense
7,817,-200.0,200,1.9333183765411377,-1.0,0.0005712708807550371,0.0,DQN_RND,0.01,0.99,mountaincar,dense
7,818,-200.0,200,1.2530276775360107,-1.0,0.00017179206770379096,0.0,DQN_RND,0.01,0.99,mountaincar,dense
7,819,-200.0,200,1.6288418769836426,-1.0,0.0001743804750731215,0.0,DQN_RND,0.01,0.99,mountaincar,dense
7,820,-200.0,200,7.428338050842285,-1.0,0.0006241319933906198,0.0,DQN_RND,0.01,0.99,mountaincar,dense
7,821,-200.0,200,3.7409472465515137,-1.0,0.0003253788745496422,0.0,DQN_RND,0.01,0.99,mountaincar,dense
7,822,-200.0,200,1.8674235343933105,-1.0,0.0006270635058172047,0.0,DQN_RND,0.01,0.99,mountaincar,dense
7,823,-200.0,200,1.9815407991409302,-1.0,0.00016605775454081595,0.0,DQN_RND,0.01,0.99,mountaincar,dense
7,824,-200.0,200,2.2107672691345215,-1.0,0.0005859745433554053,0.0,DQN_RND,0.01,0.99,mountaincar,dense
7,825,-200.0,200,1.5588703155517578,-1.0,0.0003206644905731082,0.0,DQN_RND,0.01,0.99,mountaincar,dense
7,826,-200.0,200,1.1194745302200317,-1.0,0.0006097462028264999,0.0,DQN_RND,0.01,0.99,mountaincar,dense
7,827,-200.0,200,1.8957291841506958,-1.0,0.0006001712754368782,0.0,DQN_RND,0.01,0.99,mountaincar,dense
7,828,-200.0,200,3.0257725715637207,-1.0,0.00016805143968667835,0.0,DQN_RND,0.01,0.99,mountaincar,dense
7,829,-200.0,200,2.9016835689544678,-1.0,0.0005615685367956758,0.0,DQN_RND,0.01,0.99,mountaincar,dense
7,830,-200.0,200,2.8597841262817383,-1.0,0.0005459677195176482,0.0,DQN_RND,0.01,0.99,mountaincar,dense
7,831,-200.0,200,2.0309417247772217,-1.0,0.0005790443392470479,0.0,DQN_RND,0.01,0.99,mountaincar,dense
7,832,-200.0,200,1.1282323598861694,-1.0,0.0006214586901478469,0.0,DQN_RND,0.01,0.99,mountaincar,dense
7,833,-200.0,200,2.0036826133728027,-1.0,0.0003176814643666148,0.0,DQN_RND,0.01,0.99,mountaincar,dense
7,834,-200.0,200,4.378281116485596,-1.0,0.00016579833754803985,0.0,DQN_RND,0.01,0.99,mountaincar,dense
7,835,-200.0,200,3.0835866928100586,-1.0,0.0003577891911845654,0.0,DQN_RND,0.01,0.99,mountaincar,dense
7,836,-200.0,200,1.6684019565582275,-1.0,0.00032540722168050706,0.0,DQN_RND,0.01,0.99,mountaincar,dense
7,837,-200.0,200,4.761865139007568,-1.0,0.0005753383156843483,0.0,DQN_RND,0.01,0.99,mountaincar,dense
7,838,-200.0,200,2.7240376472473145,-1.0,0.0005640473682433367,0.0,DQN_RND,0.01,0.99,mountaincar,dense
7,839,-200.0,200,3.22682523727417,-1.0,0.00020936560758855194,0.0,DQN_RND,0.01,0.99,mountaincar,dense
7,840,-200.0,200,2.3058199882507324,-1.0,0.0006666831322945654,0.0,DQN_RND,0.01,0.99,mountaincar,dense
7,841,-200.0,200,2.3823328018188477,-1.0,0.00015598555910401046,0.0,DQN_RND,0.01,0.99,mountaincar,dense
7,842,-200.0,200,2.8034799098968506,-1.0,0.0005241705221123993,0.0,DQN_RND,0.01,0.99,mountaincar,dense
7,843,-200.0,200,0.025921620428562164,-1.0,0.00015531892131548375,0.0,DQN_RND,0.01,0.99,mountaincar,dense
7,844,-200.0,200,4.091170310974121,-1.0,0.0006657353369519114,0.0,DQN_RND,0.01,0.99,mountaincar,dense
7,845,-200.0,200,3.1562530994415283,-1.0,0.0005899423849768937,0.0,DQN_RND,0.01,0.99,mountaincar,dense
7,846,-200.0,200,1.5097198486328125,-1.0,0.0006362291169352829,0.0,DQN_RND,0.01,0.99,mountaincar,dense
7,847,-200.0,200,2.02238392829895,-1.0,0.000563720881473273,0.0,DQN_RND,0.01,0.99,mountaincar,dense
7,848,-200.0,200,3.8703670501708984,-1.0,0.0005131617654114962,0.0,DQN_RND,0.01,0.99,mountaincar,dense
7,849,-200.0,200,2.077732563018799,-1.0,0.00015513891412410885,0.0,DQN_RND,0.01,0.99,mountaincar,dense
7,850,-200.0,200,2.703256368637085,-1.0,0.0005427869036793709,0.0,DQN_RND,0.01,0.99,mountaincar,dense
7,851,-200.0,200,4.786638259887695,-1.0,0.000653578550554812,0.0,DQN_RND,0.01,0.99,mountaincar,dense
7,852,-200.0,200,2.9635276794433594,-1.0,0.0005525863962247968,0.0,DQN_RND,0.01,0.99,mountaincar,dense
7,853,-200.0,200,4.123514652252197,-1.0,0.000569542869925499,0.0,DQN_RND,0.01,0.99,mountaincar,dense
7,854,-200.0,200,2.3526220321655273,-1.0,0.00017070153262466192,0.0,DQN_RND,0.01,0.99,mountaincar,dense
7,855,-200.0,200,3.478243827819824,-1.0,0.0005889549502171576,0.0,DQN_RND,0.01,0.99,mountaincar,dense
7,856,-200.0,200,1.8526747226715088,-1.0,0.0006659103673882782,0.0,DQN_RND,0.01,0.99,mountaincar,dense
7,857,-200.0,200,3.901301860809326,-1.0,0.00016039896581787616,0.0,DQN_RND,0.01,0.99,mountaincar,dense
7,858,-200.0,200,6.680389404296875,-1.0,0.00057741638738662,0.0,DQN_RND,0.01,0.99,mountaincar,dense
7,859,-200.0,200,2.6287646293640137,-1.0,0.0003106348158326,0.0,DQN_RND,0.01,0.99,mountaincar,dense
7,860,-200.0,200,0.8205974698066711,-1.0,0.0006113709532655776,0.0,DQN_RND,0.01,0.99,mountaincar,dense
7,861,-200.0,200,0.2253417670726776,-1.0,0.00014892706531099975,0.0,DQN_RND,0.01,0.99,mountaincar,dense
7,862,-200.0,200,1.7990968227386475,-1.0,0.0006339593091979623,0.0,DQN_RND,0.01,0.99,mountaincar,dense
7,863,-200.0,200,4.847626209259033,-1.0,0.0006052653188817203,0.0,DQN_RND,0.01,0.99,mountaincar,dense
7,864,-200.0,200,5.504281997680664,-1.0,0.0003108467790298164,0.0,DQN_RND,0.01,0.99,mountaincar,dense
7,865,-200.0,200,2.3878936767578125,-1.0,0.0005864791455678642,0.0,DQN_RND,0.01,0.99,mountaincar,dense
7,866,-200.0,200,5.000894546508789,-1.0,0.0006365819135680795,0.0,DQN_RND,0.01,0.99,mountaincar,dense
7,867,-200.0,200,3.923461675643921,-1.0,0.00016265736485365778,0.0,DQN_RND,0.01,0.99,mountaincar,dense
7,868,-200.0,200,2.0277304649353027,-1.0,0.0005905168945901096,0.0,DQN_RND,0.01,0.99,mountaincar,dense
7,869,-200.0,200,1.3089895248413086,-1.0,0.00031268972088582814,0.0,DQN_RND,0.01,0.99,mountaincar,dense
7,870,-200.0,200,3.955038070678711,-1.0,0.0005984927411191165,0.0,DQN_RND,0.01,0.99,mountaincar,dense
7,871,-200.0,200,1.087886929512024,-1.0,0.0001469698763685301,0.0,DQN_RND,0.01,0.99,mountaincar,dense
7,872,-200.0,200,1.97275710105896,-1.0,0.0005776640609838068,0.0,DQN_RND,0.01,0.99,mountaincar,dense
7,873,-200.0,200,2.1091721057891846,-1.0,0.00030572584364563227,0.0,DQN_RND,0.01,0.99,mountaincar,dense
7,874,-200.0,200,4.030860900878906,-1.0,0.0006025116890668869,0.0,DQN_RND,0.01,0.99,mountaincar,dense
7,875,-200.0,200,3.181854486465454,-1.0,0.0005775823374278843,0.0,DQN_RND,0.01,0.99,mountaincar,dense
7,876,-200.0,200,1.8140517473220825,-1.0,0.0005598186398856342,0.0,DQN_RND,0.01,0.99,mountaincar,dense
7,877,-200.0,200,1.8677306175231934,-1.0,0.0006372999050654471,0.0,DQN_RND,0.01,0.99,mountaincar,dense
7,878,-200.0,200,2.663459539413452,-1.0,0.0003115627041552216,0.0,DQN_RND,0.01,0.99,mountaincar,dense
7,879,-200.0,200,1.99703049659729,-1.0,0.0003086045617237687,0.0,DQN_RND,0.01,0.99,mountaincar,dense
7,880,-200.0,200,0.10761605203151703,-1.0,0.00014034760533832014,0.0,DQN_RND,0.01,0.99,mountaincar,dense
7,881,-200.0,200,1.660183310508728,-1.0,0.0005838626530021429,0.0,DQN_RND,0.01,0.99,mountaincar,dense
7,882,-200.0,200,3.175779104232788,-1.0,0.0005345121026039124,0.0,DQN_RND,0.01,0.99,mountaincar,dense
7,883,-200.0,200,3.092320442199707,-1.0,0.0001545026316307485,0.0,DQN_RND,0.01,0.99,mountaincar,dense
7,884,-200.0,200,3.609113931655884,-1.0,0.0005514641525223851,0.0,DQN_RND,0.01,0.99,mountaincar,dense
7,885,-200.0,200,8.697394371032715,-1.0,0.00015109512605704367,0.0,DQN_RND,0.01,0.99,mountaincar,dense
7,886,-200.0,200,3.6767053604125977,-1.0,0.0003076120628975332,0.0,DQN_RND,0.01,0.99,mountaincar,dense
7,887,-200.0,200,1.6380456686019897,-1.0,0.0006103969644755125,0.0,DQN_RND,0.01,0.99,mountaincar,dense
7,888,-200.0,200,3.0264904499053955,-1.0,0.0005514493677765131,0.0,DQN_RND,0.01,0.99,mountaincar,dense
7,889,-200.0,200,3.351435899734497,-1.0,0.0005948696052655578,0.0,DQN_RND,0.01,0.99,mountaincar,dense
7,890,-200.0,200,2.0838282108306885,-1.0,0.0001490797003498301,0.0,DQN_RND,0.01,0.99,mountaincar,dense
7,891,-200.0,200,1.187483310699463,-1.0,0.0005655151326209307,0.0,DQN_RND,0.01,0.99,mountaincar,dense
7,892,-200.0,200,4.1098222732543945,-1.0,0.0006412943475879729,0.0,DQN_RND,0.01,0.99,mountaincar,dense
7,893,-200.0,200,2.4334959983825684,-1.0,0.00014640788140241057,0.0,DQN_RND,0.01,0.99,mountaincar,dense
7,894,-200.0,200,3.0308659076690674,-1.0,0.0001582444238010794,0.0,DQN_RND,0.01,0.99,mountaincar,dense
7,895,-200.0,200,5.132810115814209,-1.0,0.0005966938333585858,0.0,DQN_RND,0.01,0.99,mountaincar,dense
7,896,-200.0,200,6.796247959136963,-1.0,0.0006235760520212352,0.0,DQN_RND,0.01,0.99,mountaincar,dense
7,897,-200.0,200,1.0363531112670898,-1.0,0.00031134599703364074,0.0,DQN_RND,0.01,0.99,mountaincar,dense
7,898,-200.0,200,3.7107603549957275,-1.0,0.00015637600154150277,0.0,DQN_RND,0.01,0.99,mountaincar,dense
7,899,-200.0,200,3.5699055194854736,-1.0,0.0006096619181334972,0.0,DQN_RND,0.01,0.99,mountaincar,dense
7,900,-200.0,200,1.831762671470642,-1.0,0.00014334246225189418,0.0,DQN_RND,0.01,0.99,mountaincar,dense
7,901,-200.0,200,2.0532164573669434,-1.0,0.00017169683997053653,0.0,DQN_RND,0.01,0.99,mountaincar,dense
7,902,-200.0,200,4.610929012298584,-1.0,0.0003155517624691129,0.0,DQN_RND,0.01,0.99,mountaincar,dense
7,903,-200.0,200,3.731869697570801,-1.0,0.00030636880546808243,0.0,DQN_RND,0.01,0.99,mountaincar,dense
7,904,-200.0,200,2.240326166152954,-1.0,0.000309279712382704,0.0,DQN_RND,0.01,0.99,mountaincar,dense
7,905,-200.0,200,3.4994564056396484,-1.0,0.0006454814574681222,0.0,DQN_RND,0.01,0.99,mountaincar,dense
7,906,-200.0,200,4.284601211547852,-1.0,0.0003207095724064857,0.0,DQN_RND,0.01,0.99,mountaincar,dense
7,907,-200.0,200,6.112465858459473,-1.0,0.000607432215474546,0.0,DQN_RND,0.01,0.99,mountaincar,dense
7,908,-200.0,200,6.235201835632324,-1.0,0.0006157706375233829,0.0,DQN_RND,0.01,0.99,mountaincar,dense
7,909,-200.0,200,0.9322750568389893,-1.0,0.0006592131103388965,0.0,DQN_RND,0.01,0.99,mountaincar,dense
7,910,-200.0,200,0.9063431620597839,-1.0,0.0005752913421019912,0.0,DQN_RND,0.01,0.99,mountaincar,dense
7,911,-200.0,200,3.004826545715332,-1.0,0.0006313769845291972,0.0,DQN_RND,0.01,0.99,mountaincar,dense
7,912,-200.0,200,2.349792003631592,-1.0,0.0006087471265345812,0.0,DQN_RND,0.01,0.99,mountaincar,dense
7,913,-200.0,200,1.31645929813385,-1.0,0.00031393885728903115,0.0,DQN_RND,0.01,0.99,mountaincar,dense
7,914,-200.0,200,0.9905641674995422,-1.0,0.0005896175280213356,0.0,DQN_RND,0.01,0.99,mountaincar,dense
7,915,-200.0,200,3.6002140045166016,-1.0,0.0006045715999789536,0.0,DQN_RND,0.01,0.99,mountaincar,dense
7,916,-200.0,200,2.712498664855957,-1.0,0.0003078060399275273,0.0,DQN_RND,0.01,0.99,mountaincar,dense
7,917,-200.0,200,2.833484172821045,-1.0,0.0001363743213005364,0.0,DQN_RND,0.01,0.99,mountaincar,dense
7,918,-200.0,200,3.906956195831299,-1.0,0.0006320176180452108,0.0,DQN_RND,0.01,0.99,mountaincar,dense
7,919,-200.0,200,1.2220323085784912,-1.0,0.0006328427116386592,0.0,DQN_RND,0.01,0.99,mountaincar,dense
7,920,-200.0,200,0.8826268911361694,-1.0,0.0005374920438043773,0.0,DQN_RND,0.01,0.99,mountaincar,dense
7,921,-200.0,200,0.4307094216346741,-1.0,0.0005250037065707147,0.0,DQN_RND,0.01,0.99,mountaincar,dense
7,922,-200.0,200,4.787942886352539,-1.0,0.0006536961882375181,0.0,DQN_RND,0.01,0.99,mountaincar,dense
7,923,-200.0,200,2.811981678009033,-1.0,0.0006316807703115046,0.0,DQN_RND,0.01,0.99,mountaincar,dense
7,924,-200.0,200,2.192736864089966,-1.0,0.0002997844130732119,0.0,DQN_RND,0.01,0.99,mountaincar,dense
7,925,-200.0,200,3.573591470718384,-1.0,0.0005976998945698142,0.0,DQN_RND,0.01,0.99,mountaincar,dense
7,926,-200.0,200,1.9909920692443848,-1.0,0.000137566210469231,0.0,DQN_RND,0.01,0.99,mountaincar,dense
7,927,-200.0,200,1.904790997505188,-1.0,0.0006156899034976959,0.0,DQN_RND,0.01,0.99,mountaincar,dense
7,928,-200.0,200,1.9668632745742798,-1.0,0.0005672984989359975,0.0,DQN_RND,0.01,0.99,mountaincar,dense
7,929,-200.0,200,3.061617374420166,-1.0,0.00029173571965657175,0.0,DQN_RND,0.01,0.99,mountaincar,dense
7,930,-200.0,200,0.5588220953941345,-1.0,0.0005562884034588933,0.0,DQN_RND,0.01,0.99,mountaincar,dense
7,931,-200.0,200,1.602207899093628,-1.0,0.0005330636049620807,0.0,DQN_RND,0.01,0.99,mountaincar,dense
7,932,-200.0,200,1.409110188484192,-1.0,0.0006290539749898016,0.0,DQN_RND,0.01,0.99,mountaincar,dense
7,933,-200.0,200,3.721545696258545,-1.0,0.0005673110135830939,0.0,DQN_RND,0.01,0.99,mountaincar,dense
7,934,-200.0,200,3.211103916168213,-1.0,0.0003053949330933392,0.0,DQN_RND,0.01,0.99,mountaincar,dense
7,935,-200.0,200,2.0041663646698,-1.0,0.00012813066132366657,0.0,DQN_RND,0.01,0.99,mountaincar,dense
7,936,-200.0,200,0.35097241401672363,-1.0,0.00029365409864112735,0.0,DQN_RND,0.01,0.99,mountaincar,dense
7,937,-200.0,200,3.1599795818328857,-1.0,0.0005208120564930141,0.0,DQN_RND,0.01,0.99,mountaincar,dense
7,938,-200.0,200,3.411349296569824,-1.0,0.00029074374469928443,0.0,DQN_RND,0.01,0.99,mountaincar,dense
7,939,-200.0,200,5.804564476013184,-1.0,0.00031705587753094733,0.0,DQN_RND,0.01,0.99,mountaincar,dense
7,940,-200.0,200,23.53445816040039,-1.0,0.0006448267376981676,0.0,DQN_RND,0.01,0.99,mountaincar,dense
7,941,-200.0,200,0.5899855494499207,-1.0,0.0005885411519557238,0.0,DQN_RND,0.01,0.99,mountaincar,dense
7,942,-200.0,200,0.01732972450554371,-1.0,0.0006163424695841968,0.0,DQN_RND,0.01,0.99,mountaincar,dense
7,943,-200.0,200,1.6684165000915527,-1.0,0.0005611142260022461,0.0,DQN_RND,0.01,0.99,mountaincar,dense
7,944,-200.0,200,1.3295286893844604,-1.0,0.0005457833176478744,0.0,DQN_RND,0.01,0.99,mountaincar,dense
7,945,-200.0,200,1.2238794565200806,-1.0,0.0005463945562951267,0.0,DQN_RND,0.01,0.99,mountaincar,dense
7,946,-200.0,200,2.718682289123535,-1.0,0.0005627362406812608,0.0,DQN_RND,0.01,0.99,mountaincar,dense
7,947,-200.0,200,0.6572691798210144,-1.0,0.00029652751982212067,0.0,DQN_RND,0.01,0.99,mountaincar,dense
7,948,-200.0,200,3.8155629634857178,-1.0,0.0002937669341918081,0.0,DQN_RND,0.01,0.99,mountaincar,dense
7,949,-200.0,200,2.0279805660247803,-1.0,0.00029565830482169986,0.0,DQN_RND,0.01,0.99,mountaincar,dense
7,950,-200.0,200,0.6982070803642273,-1.0,0.0002931380004156381,0.0,DQN_RND,0.01,0.99,mountaincar,dense
7,951,-200.0,200,0.16615454852581024,-1.0,0.0002909904287662357,0.0,DQN_RND,0.01,0.99,mountaincar,dense
7,952,-200.0,200,2.213268756866455,-1.0,0.000297664781101048,0.0,DQN_RND,0.01,0.99,mountaincar,dense
7,953,-200.0,200,1.5424424409866333,-1.0,0.00012838710972573608,0.0,DQN_RND,0.01,0.99,mountaincar,dense
7,954,-200.0,200,0.177367702126503,-1.0,0.0006029780488461256,0.0,DQN_RND,0.01,0.99,mountaincar,dense
7,955,-200.0,200,0.790204644203186,-1.0,0.0005544790765270591,0.0,DQN_RND,0.01,0.99,mountaincar,dense
7,956,-200.0,200,2.8487164974212646,-1.0,0.0004397743905428797,0.0,DQN_RND,0.01,0.99,mountaincar,dense
7,957,-200.0,200,5.1104021072387695,-1.0,0.00028800073778256774,0.0,DQN_RND,0.01,0.99,mountaincar,dense
7,958,-200.0,200,0.9949133396148682,-1.0,0.0005710452678613365,0.0,DQN_RND,0.01,0.99,mountaincar,dense
7,959,-200.0,200,1.9580559730529785,-1.0,0.0005783603992313147,0.0,DQN_RND,0.01,0.99,mountaincar,dense
7,960,-200.0,200,3.7422149181365967,-1.0,0.0006627634284086525,0.0,DQN_RND,0.01,0.99,mountaincar,dense
7,961,-200.0,200,2.142566680908203,-1.0,0.0002884837449528277,0.0,DQN_RND,0.01,0.99,mountaincar,dense
7,962,-200.0,200,2.8739967346191406,-1.0,0.0005517136305570602,0.0,DQN_RND,0.01,0.99,mountaincar,dense
7,963,-200.0,200,2.8695263862609863,-1.0,0.00029362415079958737,0.0,DQN_RND,0.01,0.99,mountaincar,dense
7,964,-200.0,200,3.8332693576812744,-1.0,0.0002938631805591285,0.0,DQN_RND,0.01,0.99,mountaincar,dense
7,965,-200.0,200,1.1579818725585938,-1.0,0.0006119147874414921,0.0,DQN_RND,0.01,0.99,mountaincar,dense
7,966,-200.0,200,3.1612472534179688,-1.0,0.0002888658782467246,0.0,DQN_RND,0.01,0.99,mountaincar,dense
7,967,-200.0,200,2.945322036743164,-1.0,0.0006692596361972392,0.0,DQN_RND,0.01,0.99,mountaincar,dense
7,968,-200.0,200,7.4119133949279785,-1.0,0.0005861974786967039,0.0,DQN_RND,0.01,0.99,mountaincar,dense
7,969,-200.0,200,1.7154687643051147,-1.0,0.0006097880541346967,0.0,DQN_RND,0.01,0.99,mountaincar,dense
7,970,-200.0,200,1.6935547590255737,-1.0,0.0006380478735081851,0.0,DQN_RND,0.01,0.99,mountaincar,dense
7,971,-200.0,200,0.9941158294677734,-1.0,0.0006712068570777774,0.0,DQN_RND,0.01,0.99,mountaincar,dense
7,972,-200.0,200,0.8849236965179443,-1.0,0.00012045904441038147,0.0,DQN_RND,0.01,0.99,mountaincar,dense
7,973,-200.0,200,3.566120147705078,-1.0,0.00012200680066598579,0.0,DQN_RND,0.01,0.99,mountaincar,dense
7,974,-200.0,200,1.215646505355835,-1.0,0.0002858799125533551,0.0,DQN_RND,0.01,0.99,mountaincar,dense
7,975,-200.0,200,1.0477122068405151,-1.0,0.0005763640510849655,0.0,DQN_RND,0.01,0.99,mountaincar,dense
7,976,-200.0,200,2.8398096561431885,-1.0,0.0002811838348861784,0.0,DQN_RND,0.01,0.99,mountaincar,dense
7,977,-200.0,200,3.8000383377075195,-1.0,0.00028609955916181207,0.0,DQN_RND,0.01,0.99,mountaincar,dense
7,978,-200.0,200,2.5384950637817383,-1.0,0.000548502488527447,0.0,DQN_RND,0.01,0.99,mountaincar,dense
7,979,-200.0,200,3.8725340366363525,-1.0,0.0005682767368853092,0.0,DQN_RND,0.01,0.99,mountaincar,dense
7,980,-200.0,200,1.891918420791626,-1.0,0.0005469234311021864,0.0,DQN_RND,0.01,0.99,mountaincar,dense
7,981,-200.0,200,3.0901567935943604,-1.0,0.0002885998983401805,0.0,DQN_RND,0.01,0.99,mountaincar,dense
7,982,-200.0,200,4.8370490074157715,-1.0,0.0005497209494933486,0.0,DQN_RND,0.01,0.99,mountaincar,dense
7,983,-200.0,200,3.4206628799438477,-1.0,0.0005291607812978327,0.0,DQN_RND,0.01,0.99,mountaincar,dense
7,984,-200.0,200,1.0566670894622803,-1.0,0.0005651055835187435,0.0,DQN_RND,0.01,0.99,mountaincar,dense
7,985,-200.0,200,3.0621092319488525,-1.0,0.0006384123116731644,0.0,DQN_RND,0.01,0.99,mountaincar,dense
7,986,-200.0,200,4.073459148406982,-1.0,0.0005404122057370842,0.0,DQN_RND,0.01,0.99,mountaincar,dense
7,987,-200.0,200,2.0854756832122803,-1.0,0.0006063129403628409,0.0,DQN_RND,0.01,0.99,mountaincar,dense
7,988,-200.0,200,3.768324375152588,-1.0,0.0006452566012740135,0.0,DQN_RND,0.01,0.99,mountaincar,dense
7,989,-200.0,200,2.0339090824127197,-1.0,0.00028096584719605744,0.0,DQN_RND,0.01,0.99,mountaincar,dense
7,990,-200.0,200,5.710254192352295,-1.0,0.000289248360786587,0.0,DQN_RND,0.01,0.99,mountaincar,dense
7,991,-200.0,200,2.028576612472534,-1.0,0.000288286799332127,0.0,DQN_RND,0.01,0.99,mountaincar,dense
7,992,-200.0,200,2.285714626312256,-1.0,0.000631258764769882,0.0,DQN_RND,0.01,0.99,mountaincar,dense
7,993,-200.0,200,4.98586368560791,-1.0,0.0006010752986185253,0.0,DQN_RND,0.01,0.99,mountaincar,dense
7,994,-200.0,200,5.932671070098877,-1.0,0.0005244999774731696,0.0,DQN_RND,0.01,0.99,mountaincar,dense
7,995,-200.0,200,0.5460646152496338,-1.0,0.0005465881549753249,0.0,DQN_RND,0.01,0.99,mountaincar,dense
7,996,-200.0,200,2.4764301776885986,-1.0,0.0006066858768463135,0.0,DQN_RND,0.01,0.99,mountaincar,dense
7,997,-200.0,200,1.3907902240753174,-1.0,0.0006106119253672659,0.0,DQN_RND,0.01,0.99,mountaincar,dense
7,998,-200.0,200,3.723980188369751,-1.0,0.0005873835179954767,0.0,DQN_RND,0.01,0.99,mountaincar,dense
7,999,-200.0,200,1.813413143157959,-1.0,0.0005899725947529078,0.0,DQN_RND,0.01,0.99,mountaincar,dense
7,1000,-200.0,200,0.8968809843063354,-1.0,0.0005764374509453773,0.0,DQN_RND,0.01,0.99,mountaincar,dense
