seed,episode,reward,episode_length,loss,eval_success_rate,intrinsic_reward,policy_entropy,algorithm,learning_rate,gamma,env_name,reward_type
3,1,-200.0,200,0.9711169004440308,-1.0,0.0004294907848816365,0.0,DQN_RND,0.0005,0.99,mountaincar,dense
3,2,-200.0,200,0.9672961235046387,-1.0,0.0004918698687106371,0.0,DQN_RND,0.0005,0.99,mountaincar,dense
3,3,-200.0,200,0.9595125317573547,-1.0,0.00042318651685491204,0.0,DQN_RND,0.0005,0.99,mountaincar,dense
3,4,-200.0,200,0.9695582985877991,-1.0,0.0004422522324603051,0.0,DQN_RND,0.0005,0.99,mountaincar,dense
3,5,-200.0,200,0.9646579027175903,-1.0,0.00042844394920393825,0.0,DQN_RND,0.0005,0.99,mountaincar,dense
3,6,-200.0,200,0.968595027923584,-1.0,0.00044121392420493066,0.0,DQN_RND,0.0005,0.99,mountaincar,dense
3,7,-200.0,200,0.9642775654792786,-1.0,0.000446904799900949,0.0,DQN_RND,0.0005,0.99,mountaincar,dense
3,8,-200.0,200,0.9587702751159668,-1.0,0.0004484167729970068,0.0,DQN_RND,0.0005,0.99,mountaincar,dense
3,9,-200.0,200,0.9682030081748962,-1.0,0.000477785273687914,0.0,DQN_RND,0.0005,0.99,mountaincar,dense
3,10,-200.0,200,0.9623382091522217,-1.0,0.0004115322371944785,0.0,DQN_RND,0.0005,0.99,mountaincar,dense
3,11,-200.0,200,0.9665666222572327,-1.0,0.00043768962495960295,0.0,DQN_RND,0.0005,0.99,mountaincar,dense
3,12,-200.0,200,0.9645563960075378,-1.0,0.0004435668815858662,0.0,DQN_RND,0.0005,0.99,mountaincar,dense
3,13,-200.0,200,0.958222508430481,-1.0,0.00040297210216522217,0.0,DQN_RND,0.0005,0.99,mountaincar,dense
3,14,-200.0,200,0.9673919677734375,-1.0,0.00040564840310253203,0.0,DQN_RND,0.0005,0.99,mountaincar,dense
3,15,-200.0,200,0.9641879200935364,-1.0,0.00042066886089742184,0.0,DQN_RND,0.0005,0.99,mountaincar,dense
3,16,-200.0,200,0.9671325087547302,-1.0,0.0004501327348407358,0.0,DQN_RND,0.0005,0.99,mountaincar,dense
3,17,-200.0,200,0.962522029876709,-1.0,0.00047165038995444775,0.0,DQN_RND,0.0005,0.99,mountaincar,dense
3,18,-200.0,200,0.9577485918998718,-1.0,0.00039984809700399637,0.0,DQN_RND,0.0005,0.99,mountaincar,dense
3,19,-200.0,200,0.9662675857543945,-1.0,0.00042146164923906326,0.0,DQN_RND,0.0005,0.99,mountaincar,dense
3,20,-200.0,200,0.9631201028823853,-1.0,0.0004211498307995498,0.0,DQN_RND,0.0005,0.99,mountaincar,dense
3,21,-200.0,200,0.965306282043457,-1.0,0.00044476581388153136,0.0,DQN_RND,0.0005,0.99,mountaincar,dense
3,22,-200.0,200,0.9622911214828491,-1.0,0.0004734837857540697,0.0,DQN_RND,0.0005,0.99,mountaincar,dense
3,23,-200.0,200,0.9585063457489014,-1.0,0.00042546389158815145,0.0,DQN_RND,0.0005,0.99,mountaincar,dense
3,24,-200.0,200,0.9659475684165955,-1.0,0.0004599538806360215,0.0,DQN_RND,0.0005,0.99,mountaincar,dense
3,25,-200.0,200,0.9613124132156372,-1.0,0.0003982155176345259,0.0,DQN_RND,0.0005,0.99,mountaincar,dense
3,26,-200.0,200,0.9652868509292603,-1.0,0.00042621931061148643,0.0,DQN_RND,0.0005,0.99,mountaincar,dense
3,27,-200.0,200,0.9607822299003601,-1.0,0.00043186513357795775,0.0,DQN_RND,0.0005,0.99,mountaincar,dense
3,28,-200.0,200,0.9558295607566833,-1.0,0.0004556113271974027,0.0,DQN_RND,0.0005,0.99,mountaincar,dense
3,29,-200.0,200,0.9625930786132812,-1.0,0.0004390248213894665,0.0,DQN_RND,0.0005,0.99,mountaincar,dense
3,30,-200.0,200,0.9611169099807739,-1.0,0.0004083029052708298,0.0,DQN_RND,0.0005,0.99,mountaincar,dense
3,31,-200.0,200,0.9636563062667847,-1.0,0.00041789113311097026,0.0,DQN_RND,0.0005,0.99,mountaincar,dense
3,32,-200.0,200,0.9602113962173462,-1.0,0.0004228712641634047,0.0,DQN_RND,0.0005,0.99,mountaincar,dense
3,33,-200.0,200,0.9537689685821533,-1.0,0.0004056220641359687,0.0,DQN_RND,0.0005,0.99,mountaincar,dense
3,34,-200.0,200,0.9640262126922607,-1.0,0.00047223223373293877,0.0,DQN_RND,0.0005,0.99,mountaincar,dense
3,35,-200.0,200,0.9606974124908447,-1.0,0.0004309072392061353,0.0,DQN_RND,0.0005,0.99,mountaincar,dense
3,36,-200.0,200,0.9634843468666077,-1.0,0.0004641388659365475,0.0,DQN_RND,0.0005,0.99,mountaincar,dense
3,37,-200.0,200,0.9589537382125854,-1.0,0.0004529741418082267,0.0,DQN_RND,0.0005,0.99,mountaincar,dense
3,38,-200.0,200,0.9547394514083862,-1.0,0.0004118387005291879,0.0,DQN_RND,0.0005,0.99,mountaincar,dense
3,39,-200.0,200,0.9628303647041321,-1.0,0.00040091059054248035,0.0,DQN_RND,0.0005,0.99,mountaincar,dense
3,40,-200.0,200,0.9588844180107117,-1.0,0.0004283465095795691,0.0,DQN_RND,0.0005,0.99,mountaincar,dense
3,41,-200.0,200,0.9639434814453125,-1.0,0.0004512504383455962,0.0,DQN_RND,0.0005,0.99,mountaincar,dense
3,42,-200.0,200,0.9586092829704285,-1.0,0.0004100829246453941,0.0,DQN_RND,0.0005,0.99,mountaincar,dense
3,43,-200.0,200,0.9549466371536255,-1.0,0.0004593748599290848,0.0,DQN_RND,0.0005,0.99,mountaincar,dense
3,44,-200.0,200,0.963040828704834,-1.0,0.000431498687248677,0.0,DQN_RND,0.0005,0.99,mountaincar,dense
3,45,-200.0,200,0.958965539932251,-1.0,0.00043073517736047506,0.0,DQN_RND,0.0005,0.99,mountaincar,dense
3,46,-200.0,200,0.9615293741226196,-1.0,0.00041607211460359395,0.0,DQN_RND,0.0005,0.99,mountaincar,dense
3,47,-200.0,200,0.9584609270095825,-1.0,0.0004501488583628088,0.0,DQN_RND,0.0005,0.99,mountaincar,dense
3,48,-200.0,200,0.954094409942627,-1.0,0.0004262109869159758,0.0,DQN_RND,0.0005,0.99,mountaincar,dense
3,49,-200.0,200,0.9614447951316833,-1.0,0.00042362199747003615,0.0,DQN_RND,0.0005,0.99,mountaincar,dense
3,50,-200.0,200,0.9569723606109619,-1.0,0.00042679239413701,0.0,DQN_RND,0.0005,0.99,mountaincar,dense
3,51,-200.0,200,0.9613935947418213,-1.0,0.0003850369539577514,0.0,DQN_RND,0.0005,0.99,mountaincar,dense
3,52,-200.0,200,0.9557623863220215,-1.0,0.00041249292553402483,0.0,DQN_RND,0.0005,0.99,mountaincar,dense
3,53,-200.0,200,0.9540232419967651,-1.0,0.0004362530307844281,0.0,DQN_RND,0.0005,0.99,mountaincar,dense
3,54,-200.0,200,0.9621194005012512,-1.0,0.00043891603127121925,0.0,DQN_RND,0.0005,0.99,mountaincar,dense
3,55,-200.0,200,0.9557307958602905,-1.0,0.0004505037795752287,0.0,DQN_RND,0.0005,0.99,mountaincar,dense
3,56,-200.0,200,0.9609236717224121,-1.0,0.0004175505309831351,0.0,DQN_RND,0.0005,0.99,mountaincar,dense
3,57,-200.0,200,0.9610220193862915,-1.0,0.0004016552702523768,0.0,DQN_RND,0.0005,0.99,mountaincar,dense
3,58,-200.0,200,0.9538822174072266,-1.0,0.00041863962542265654,0.0,DQN_RND,0.0005,0.99,mountaincar,dense
3,59,-200.0,200,0.9603793025016785,-1.0,0.00041234446689486504,0.0,DQN_RND,0.0005,0.99,mountaincar,dense
3,60,-200.0,200,0.9575576186180115,-1.0,0.0004060232313349843,0.0,DQN_RND,0.0005,0.99,mountaincar,dense
3,61,-200.0,200,0.9603795409202576,-1.0,0.0004109421279281378,0.0,DQN_RND,0.0005,0.99,mountaincar,dense
3,62,-200.0,200,0.9584037065505981,-1.0,0.0004148170701228082,0.0,DQN_RND,0.0005,0.99,mountaincar,dense
3,63,-200.0,200,0.9539717435836792,-1.0,0.0004236125387251377,0.0,DQN_RND,0.0005,0.99,mountaincar,dense
3,64,-200.0,200,0.9621341228485107,-1.0,0.0004047127440571785,0.0,DQN_RND,0.0005,0.99,mountaincar,dense
3,65,-200.0,200,0.9574311971664429,-1.0,0.00040962311322800815,0.0,DQN_RND,0.0005,0.99,mountaincar,dense
3,66,-200.0,200,0.9635673761367798,-1.0,0.0004148324369452894,0.0,DQN_RND,0.0005,0.99,mountaincar,dense
3,67,-200.0,200,0.9573479890823364,-1.0,0.00042096333345398307,0.0,DQN_RND,0.0005,0.99,mountaincar,dense
3,68,-200.0,200,0.9521173238754272,-1.0,0.0004191643965896219,0.0,DQN_RND,0.0005,0.99,mountaincar,dense
3,69,-200.0,200,0.9625670313835144,-1.0,0.0003973559942096472,0.0,DQN_RND,0.0005,0.99,mountaincar,dense
3,70,-200.0,200,0.9559689164161682,-1.0,0.00041860557394102216,0.0,DQN_RND,0.0005,0.99,mountaincar,dense
3,71,-200.0,200,0.9596203565597534,-1.0,0.00039721105713397264,0.0,DQN_RND,0.0005,0.99,mountaincar,dense
3,72,-200.0,200,0.9589359164237976,-1.0,0.0004288377531338483,0.0,DQN_RND,0.0005,0.99,mountaincar,dense
3,73,-200.0,200,0.9533013105392456,-1.0,0.00039134323014877737,0.0,DQN_RND,0.0005,0.99,mountaincar,dense
3,74,-200.0,200,0.9624427556991577,-1.0,0.0004178608942311257,0.0,DQN_RND,0.0005,0.99,mountaincar,dense
3,75,-200.0,200,0.9575386047363281,-1.0,0.0004007728712167591,0.0,DQN_RND,0.0005,0.99,mountaincar,dense
3,76,-200.0,200,0.9596494436264038,-1.0,0.00042249448597431183,0.0,DQN_RND,0.0005,0.99,mountaincar,dense
3,77,-200.0,200,0.957443356513977,-1.0,0.00045720479101873934,0.0,DQN_RND,0.0005,0.99,mountaincar,dense
3,78,-200.0,200,0.9536601305007935,-1.0,0.00040638245991431177,0.0,DQN_RND,0.0005,0.99,mountaincar,dense
3,79,-200.0,200,0.9618738889694214,-1.0,0.0004368486115708947,0.0,DQN_RND,0.0005,0.99,mountaincar,dense
3,80,-200.0,200,0.9569271802902222,-1.0,0.00042412045877426863,0.0,DQN_RND,0.0005,0.99,mountaincar,dense
3,81,-200.0,200,0.9605680704116821,-1.0,0.00039055495290085673,0.0,DQN_RND,0.0005,0.99,mountaincar,dense
3,82,-200.0,200,0.9559699296951294,-1.0,0.00040245935088023543,0.0,DQN_RND,0.0005,0.99,mountaincar,dense
3,83,-200.0,200,0.9516417980194092,-1.0,0.00039782776730135083,0.0,DQN_RND,0.0005,0.99,mountaincar,dense
3,84,-200.0,200,0.9612197279930115,-1.0,0.0003849308122880757,0.0,DQN_RND,0.0005,0.99,mountaincar,dense
3,85,-200.0,200,0.9570257663726807,-1.0,0.0004025128437206149,0.0,DQN_RND,0.0005,0.99,mountaincar,dense
3,86,-200.0,200,0.9610010385513306,-1.0,0.00040941103361546993,0.0,DQN_RND,0.0005,0.99,mountaincar,dense
3,87,-200.0,200,0.9570131301879883,-1.0,0.0003986561205238104,0.0,DQN_RND,0.0005,0.99,mountaincar,dense
3,88,-200.0,200,0.9527232050895691,-1.0,0.00040814621024765074,0.0,DQN_RND,0.0005,0.99,mountaincar,dense
3,89,-200.0,200,0.9589735865592957,-1.0,0.00040829984936863184,0.0,DQN_RND,0.0005,0.99,mountaincar,dense
3,90,-200.0,200,0.9567168951034546,-1.0,0.0004437669995240867,0.0,DQN_RND,0.0005,0.99,mountaincar,dense
3,91,-200.0,200,0.9620041251182556,-1.0,0.0003907489590346813,0.0,DQN_RND,0.0005,0.99,mountaincar,dense
3,92,-200.0,200,0.9571426510810852,-1.0,0.0004088759305886924,0.0,DQN_RND,0.0005,0.99,mountaincar,dense
3,93,-200.0,200,0.9538372159004211,-1.0,0.0004311706870794296,0.0,DQN_RND,0.0005,0.99,mountaincar,dense
3,94,-200.0,200,0.9599672555923462,-1.0,0.0003896141715813428,0.0,DQN_RND,0.0005,0.99,mountaincar,dense
3,95,-200.0,200,0.9589143991470337,-1.0,0.0004143805708736181,0.0,DQN_RND,0.0005,0.99,mountaincar,dense
3,96,-200.0,200,0.9588146805763245,-1.0,0.00041042082011699677,0.0,DQN_RND,0.0005,0.99,mountaincar,dense
3,97,-200.0,200,0.9590394496917725,-1.0,0.00038718036375939846,0.0,DQN_RND,0.0005,0.99,mountaincar,dense
3,98,-200.0,200,0.9525325894355774,-1.0,0.00039946314063854516,0.0,DQN_RND,0.0005,0.99,mountaincar,dense
3,99,-200.0,200,0.9633488655090332,-1.0,0.00041048950515687466,0.0,DQN_RND,0.0005,0.99,mountaincar,dense
3,100,-200.0,200,0.9592865705490112,-1.0,0.0003947249206248671,0.0,DQN_RND,0.0005,0.99,mountaincar,dense
3,101,-200.0,200,0.9635214805603027,-1.0,0.0004604846762958914,0.0,DQN_RND,0.0005,0.99,mountaincar,dense
3,102,-200.0,200,0.9622229933738708,-1.0,0.0004071879666298628,0.0,DQN_RND,0.0005,0.99,mountaincar,dense
3,103,-200.0,200,0.9541271924972534,-1.0,0.00041832681745290756,0.0,DQN_RND,0.0005,0.99,mountaincar,dense
3,104,-200.0,200,0.9633597135543823,-1.0,0.00041084818076342344,0.0,DQN_RND,0.0005,0.99,mountaincar,dense
3,105,-200.0,200,0.9615219235420227,-1.0,0.00037997894105501473,0.0,DQN_RND,0.0005,0.99,mountaincar,dense
3,106,-200.0,200,0.9616578817367554,-1.0,0.0003841544094029814,0.0,DQN_RND,0.0005,0.99,mountaincar,dense
3,107,-200.0,200,0.959246039390564,-1.0,0.00039004161953926086,0.0,DQN_RND,0.0005,0.99,mountaincar,dense
3,108,-200.0,200,0.9559906721115112,-1.0,0.0003728479496203363,0.0,DQN_RND,0.0005,0.99,mountaincar,dense
3,109,-200.0,200,0.9634113907814026,-1.0,0.00040230798185802996,0.0,DQN_RND,0.0005,0.99,mountaincar,dense
3,110,-200.0,200,0.9597226977348328,-1.0,0.0003839494311250746,0.0,DQN_RND,0.0005,0.99,mountaincar,dense
3,111,-200.0,200,0.9637331962585449,-1.0,0.00041008403059095144,0.0,DQN_RND,0.0005,0.99,mountaincar,dense
3,112,-200.0,200,0.9592447876930237,-1.0,0.00038495624903589487,0.0,DQN_RND,0.0005,0.99,mountaincar,dense
3,113,-200.0,200,0.9566523432731628,-1.0,0.0003946205833926797,0.0,DQN_RND,0.0005,0.99,mountaincar,dense
3,114,-200.0,200,0.9637976884841919,-1.0,0.000400466175051406,0.0,DQN_RND,0.0005,0.99,mountaincar,dense
3,115,-200.0,200,0.961871862411499,-1.0,0.0004111669259145856,0.0,DQN_RND,0.0005,0.99,mountaincar,dense
3,116,-200.0,200,0.9625684022903442,-1.0,0.00037190510192885995,0.0,DQN_RND,0.0005,0.99,mountaincar,dense
3,117,-200.0,200,0.958150327205658,-1.0,0.0003952806000597775,0.0,DQN_RND,0.0005,0.99,mountaincar,dense
3,118,-200.0,200,0.9551656246185303,-1.0,0.0004064969252794981,0.0,DQN_RND,0.0005,0.99,mountaincar,dense
3,119,-200.0,200,0.9659969210624695,-1.0,0.00041190674528479576,0.0,DQN_RND,0.0005,0.99,mountaincar,dense
3,120,-200.0,200,0.9611974358558655,-1.0,0.00037273718044161797,0.0,DQN_RND,0.0005,0.99,mountaincar,dense
3,121,-200.0,200,0.9666044116020203,-1.0,0.0004030517302453518,0.0,DQN_RND,0.0005,0.99,mountaincar,dense
3,122,-200.0,200,0.960457444190979,-1.0,0.0003921253082808107,0.0,DQN_RND,0.0005,0.99,mountaincar,dense
3,123,-200.0,200,0.9588930606842041,-1.0,0.0003934138803742826,0.0,DQN_RND,0.0005,0.99,mountaincar,dense
3,124,-200.0,200,0.964026927947998,-1.0,0.000418974639615044,0.0,DQN_RND,0.0005,0.99,mountaincar,dense
3,125,-200.0,200,0.9611534476280212,-1.0,0.00042381242383271456,0.0,DQN_RND,0.0005,0.99,mountaincar,dense
3,126,-200.0,200,0.9647446870803833,-1.0,0.0003806267341133207,0.0,DQN_RND,0.0005,0.99,mountaincar,dense
3,127,-200.0,200,0.9607469439506531,-1.0,0.000387991254683584,0.0,DQN_RND,0.0005,0.99,mountaincar,dense
3,128,-200.0,200,0.9563223719596863,-1.0,0.0003854761307593435,0.0,DQN_RND,0.0005,0.99,mountaincar,dense
3,129,-200.0,200,0.9694380760192871,-1.0,0.0003873232053592801,0.0,DQN_RND,0.0005,0.99,mountaincar,dense
3,130,-200.0,200,0.9619174599647522,-1.0,0.0003900431329384446,0.0,DQN_RND,0.0005,0.99,mountaincar,dense
3,131,-200.0,200,0.9671054482460022,-1.0,0.0003855601535178721,0.0,DQN_RND,0.0005,0.99,mountaincar,dense
3,132,-200.0,200,0.9640827178955078,-1.0,0.00038558911182917655,0.0,DQN_RND,0.0005,0.99,mountaincar,dense
3,133,-200.0,200,0.9606378674507141,-1.0,0.0003966109361499548,0.0,DQN_RND,0.0005,0.99,mountaincar,dense
3,134,-200.0,200,0.9702193140983582,-1.0,0.00039764828397892416,0.0,DQN_RND,0.0005,0.99,mountaincar,dense
3,135,-200.0,200,0.9649513959884644,-1.0,0.00039853493217378855,0.0,DQN_RND,0.0005,0.99,mountaincar,dense
3,136,-200.0,200,0.9715930223464966,-1.0,0.0003849503700621426,0.0,DQN_RND,0.0005,0.99,mountaincar,dense
3,137,-200.0,200,0.9638015031814575,-1.0,0.00042052677599713206,0.0,DQN_RND,0.0005,0.99,mountaincar,dense
3,138,-200.0,200,0.9605231881141663,-1.0,0.00041502612293697894,0.0,DQN_RND,0.0005,0.99,mountaincar,dense
3,139,-200.0,200,0.9715403318405151,-1.0,0.0003788851900026202,0.0,DQN_RND,0.0005,0.99,mountaincar,dense
3,140,-200.0,200,0.9626545906066895,-1.0,0.00037709748721681535,0.0,DQN_RND,0.0005,0.99,mountaincar,dense
3,141,-200.0,200,0.9704526662826538,-1.0,0.0003853532252833247,0.0,DQN_RND,0.0005,0.99,mountaincar,dense
3,142,-200.0,200,0.9679703116416931,-1.0,0.0003843575541395694,0.0,DQN_RND,0.0005,0.99,mountaincar,dense
3,143,-200.0,200,0.9643304347991943,-1.0,0.00037002237513661385,0.0,DQN_RND,0.0005,0.99,mountaincar,dense
3,144,-200.0,200,0.9741426706314087,-1.0,0.0003848395717795938,0.0,DQN_RND,0.0005,0.99,mountaincar,dense
3,145,-200.0,200,0.9683380126953125,-1.0,0.0003791354247368872,0.0,DQN_RND,0.0005,0.99,mountaincar,dense
3,146,-200.0,200,0.9729077816009521,-1.0,0.00039413204649463296,0.0,DQN_RND,0.0005,0.99,mountaincar,dense
3,147,-200.0,200,0.966193675994873,-1.0,0.0004034242301713675,0.0,DQN_RND,0.0005,0.99,mountaincar,dense
3,148,-200.0,200,0.9654220342636108,-1.0,0.0003770846815314144,0.0,DQN_RND,0.0005,0.99,mountaincar,dense
3,149,-200.0,200,0.9746755361557007,-1.0,0.00036675899173133075,0.0,DQN_RND,0.0005,0.99,mountaincar,dense
3,150,-200.0,200,0.9670192003250122,-1.0,0.0003782078856602311,0.0,DQN_RND,0.0005,0.99,mountaincar,dense
3,151,-200.0,200,0.9775371551513672,-1.0,0.0003843474551104009,0.0,DQN_RND,0.0005,0.99,mountaincar,dense
3,152,-200.0,200,0.9701926112174988,-1.0,0.0004024567606393248,0.0,DQN_RND,0.0005,0.99,mountaincar,dense
3,153,-200.0,200,0.9676038026809692,-1.0,0.00036524602910503745,0.0,DQN_RND,0.0005,0.99,mountaincar,dense
3,154,-200.0,200,0.9769999384880066,-1.0,0.0003891612868756056,0.0,DQN_RND,0.0005,0.99,mountaincar,dense
3,155,-200.0,200,0.9744909405708313,-1.0,0.0003757152589969337,0.0,DQN_RND,0.0005,0.99,mountaincar,dense
3,156,-200.0,200,0.9782445430755615,-1.0,0.0003941176400985569,0.0,DQN_RND,0.0005,0.99,mountaincar,dense
3,157,-200.0,200,0.9727235436439514,-1.0,0.0003802365972660482,0.0,DQN_RND,0.0005,0.99,mountaincar,dense
3,158,-200.0,200,0.9685013294219971,-1.0,0.0003925208584405482,0.0,DQN_RND,0.0005,0.99,mountaincar,dense
3,159,-200.0,200,0.9769153594970703,-1.0,0.00039050515624694526,0.0,DQN_RND,0.0005,0.99,mountaincar,dense
3,160,-200.0,200,0.970720112323761,-1.0,0.0003943632182199508,0.0,DQN_RND,0.0005,0.99,mountaincar,dense
3,161,-200.0,200,0.979709267616272,-1.0,0.00041535604395903647,0.0,DQN_RND,0.0005,0.99,mountaincar,dense
3,162,-200.0,200,0.9728183746337891,-1.0,0.00039171642856672406,0.0,DQN_RND,0.0005,0.99,mountaincar,dense
3,163,-200.0,200,0.9683886170387268,-1.0,0.0004143575206398964,0.0,DQN_RND,0.0005,0.99,mountaincar,dense
3,164,-200.0,200,0.9795147180557251,-1.0,0.00038387460517697036,0.0,DQN_RND,0.0005,0.99,mountaincar,dense
3,165,-200.0,200,0.9754784107208252,-1.0,0.00042046973248943686,0.0,DQN_RND,0.0005,0.99,mountaincar,dense
3,166,-200.0,200,0.9813290238380432,-1.0,0.0003639245987869799,0.0,DQN_RND,0.0005,0.99,mountaincar,dense
3,167,-200.0,200,0.9754063487052917,-1.0,0.0003519497986417264,0.0,DQN_RND,0.0005,0.99,mountaincar,dense
3,168,-200.0,200,0.9734556674957275,-1.0,0.00037406684714369476,0.0,DQN_RND,0.0005,0.99,mountaincar,dense
3,169,-200.0,200,0.982928454875946,-1.0,0.00039604268386028707,0.0,DQN_RND,0.0005,0.99,mountaincar,dense
3,170,-200.0,200,0.9794241786003113,-1.0,0.00033184041967615485,0.0,DQN_RND,0.0005,0.99,mountaincar,dense
3,171,-200.0,200,0.9845130443572998,-1.0,0.00035253551322966814,0.0,DQN_RND,0.0005,0.99,mountaincar,dense
3,172,-200.0,200,0.9758002161979675,-1.0,0.00039292857400141656,0.0,DQN_RND,0.0005,0.99,mountaincar,dense
3,173,-200.0,200,0.9719565510749817,-1.0,0.00036092460504733026,0.0,DQN_RND,0.0005,0.99,mountaincar,dense
3,174,-200.0,200,0.9825029373168945,-1.0,0.0003409552155062556,0.0,DQN_RND,0.0005,0.99,mountaincar,dense
3,175,-200.0,200,0.9782707095146179,-1.0,0.00036831237957812846,0.0,DQN_RND,0.0005,0.99,mountaincar,dense
3,176,-200.0,200,0.9792396426200867,-1.0,0.0003266798739787191,0.0,DQN_RND,0.0005,0.99,mountaincar,dense
3,177,-200.0,200,0.9747626185417175,-1.0,0.00033943544258363545,0.0,DQN_RND,0.0005,0.99,mountaincar,dense
3,178,-200.0,200,0.9709663391113281,-1.0,0.0003602192737162113,0.0,DQN_RND,0.0005,0.99,mountaincar,dense
3,179,-200.0,200,0.9791982769966125,-1.0,0.0003496755671221763,0.0,DQN_RND,0.0005,0.99,mountaincar,dense
3,180,-200.0,200,0.9768843650817871,-1.0,0.00033430568873882294,0.0,DQN_RND,0.0005,0.99,mountaincar,dense
3,181,-200.0,200,0.9810806512832642,-1.0,0.0003600838826969266,0.0,DQN_RND,0.0005,0.99,mountaincar,dense
3,182,-200.0,200,0.9760705232620239,-1.0,0.00033947735209949315,0.0,DQN_RND,0.0005,0.99,mountaincar,dense
3,183,-200.0,200,0.9695042371749878,-1.0,0.0003271074965596199,0.0,DQN_RND,0.0005,0.99,mountaincar,dense
3,184,-200.0,200,0.9754217267036438,-1.0,0.00032656348776072264,0.0,DQN_RND,0.0005,0.99,mountaincar,dense
3,185,-200.0,200,0.9751697778701782,-1.0,0.00039304301026277244,0.0,DQN_RND,0.0005,0.99,mountaincar,dense
3,186,-200.0,200,0.9782087802886963,-1.0,0.0003518849262036383,0.0,DQN_RND,0.0005,0.99,mountaincar,dense
3,187,-200.0,200,0.9710771441459656,-1.0,0.000344911270076409,0.0,DQN_RND,0.0005,0.99,mountaincar,dense
3,188,-200.0,200,0.9684470891952515,-1.0,0.0003279898373875767,0.0,DQN_RND,0.0005,0.99,mountaincar,dense
3,189,-200.0,200,0.9796570539474487,-1.0,0.00032721130992285907,0.0,DQN_RND,0.0005,0.99,mountaincar,dense
3,190,-200.0,200,0.9732509255409241,-1.0,0.0003335795772727579,0.0,DQN_RND,0.0005,0.99,mountaincar,dense
3,191,-200.0,200,0.9784491658210754,-1.0,0.0003256886266171932,0.0,DQN_RND,0.0005,0.99,mountaincar,dense
3,192,-200.0,200,0.9735169410705566,-1.0,0.00034087212407030165,0.0,DQN_RND,0.0005,0.99,mountaincar,dense
3,193,-200.0,200,0.9719110727310181,-1.0,0.00034064974170178175,0.0,DQN_RND,0.0005,0.99,mountaincar,dense
3,194,-200.0,200,0.9779754281044006,-1.0,0.0003162111679557711,0.0,DQN_RND,0.0005,0.99,mountaincar,dense
3,195,-200.0,200,0.9711217880249023,-1.0,0.0003317887894809246,0.0,DQN_RND,0.0005,0.99,mountaincar,dense
3,196,-200.0,200,0.9777454137802124,-1.0,0.000320487713906914,0.0,DQN_RND,0.0005,0.99,mountaincar,dense
3,197,-200.0,200,0.9706311225891113,-1.0,0.00036386778810992837,0.0,DQN_RND,0.0005,0.99,mountaincar,dense
3,198,-200.0,200,0.9720743298530579,-1.0,0.00033057574182748795,0.0,DQN_RND,0.0005,0.99,mountaincar,dense
3,199,-200.0,200,0.9786722660064697,-1.0,0.0003713485784828663,0.0,DQN_RND,0.0005,0.99,mountaincar,dense
3,200,-200.0,200,0.9752078652381897,-1.0,0.00031651026802137494,0.0,DQN_RND,0.0005,0.99,mountaincar,dense
3,201,-200.0,200,0.9797762036323547,-1.0,0.00031547676189802587,0.0,DQN_RND,0.0005,0.99,mountaincar,dense
3,202,-200.0,200,0.9722939133644104,-1.0,0.00032629023189656436,0.0,DQN_RND,0.0005,0.99,mountaincar,dense
3,203,-200.0,200,0.9691550731658936,-1.0,0.00030819507082924247,0.0,DQN_RND,0.0005,0.99,mountaincar,dense
3,204,-200.0,200,0.9806772470474243,-1.0,0.00031439997837878764,0.0,DQN_RND,0.0005,0.99,mountaincar,dense
3,205,-200.0,200,0.9718014597892761,-1.0,0.000364431063644588,0.0,DQN_RND,0.0005,0.99,mountaincar,dense
3,206,-200.0,200,0.9774197936058044,-1.0,0.00035964339622296393,0.0,DQN_RND,0.0005,0.99,mountaincar,dense
3,207,-200.0,200,0.9734097719192505,-1.0,0.00033940328285098076,0.0,DQN_RND,0.0005,0.99,mountaincar,dense
3,208,-200.0,200,0.9675610065460205,-1.0,0.00033452946809120476,0.0,DQN_RND,0.0005,0.99,mountaincar,dense
3,209,-200.0,200,0.976398229598999,-1.0,0.00036227807868272066,0.0,DQN_RND,0.0005,0.99,mountaincar,dense
3,210,-200.0,200,0.976259708404541,-1.0,0.0003170979325659573,0.0,DQN_RND,0.0005,0.99,mountaincar,dense
3,211,-200.0,200,0.976429283618927,-1.0,0.0003243519749958068,0.0,DQN_RND,0.0005,0.99,mountaincar,dense
3,212,-200.0,200,0.9710869193077087,-1.0,0.0003416000690776855,0.0,DQN_RND,0.0005,0.99,mountaincar,dense
3,213,-200.0,200,0.9674361944198608,-1.0,0.00034716291702352464,0.0,DQN_RND,0.0005,0.99,mountaincar,dense
3,214,-200.0,200,0.9777257442474365,-1.0,0.00037368293851614,0.0,DQN_RND,0.0005,0.99,mountaincar,dense
3,215,-200.0,200,0.9740447998046875,-1.0,0.00042362097883597016,0.0,DQN_RND,0.0005,0.99,mountaincar,dense
3,216,-200.0,200,0.979371190071106,-1.0,0.00041021034121513367,0.0,DQN_RND,0.0005,0.99,mountaincar,dense
3,217,-200.0,200,0.9744987487792969,-1.0,0.00041831209091469646,0.0,DQN_RND,0.0005,0.99,mountaincar,dense
3,218,-200.0,200,0.9645767211914062,-1.0,0.0004893484874628484,0.0,DQN_RND,0.0005,0.99,mountaincar,dense
3,219,-200.0,200,0.9771128296852112,-1.0,0.00041421345667913556,0.0,DQN_RND,0.0005,0.99,mountaincar,dense
3,220,-200.0,200,0.9694933891296387,-1.0,0.00041481739026494324,0.0,DQN_RND,0.0005,0.99,mountaincar,dense
3,221,-200.0,200,0.9762852191925049,-1.0,0.00038395027513615787,0.0,DQN_RND,0.0005,0.99,mountaincar,dense
3,222,-200.0,200,0.9749771952629089,-1.0,0.00040410211659036577,0.0,DQN_RND,0.0005,0.99,mountaincar,dense
3,223,-200.0,200,0.9669275879859924,-1.0,0.0004045649548061192,0.0,DQN_RND,0.0005,0.99,mountaincar,dense
3,224,-200.0,200,0.9790186285972595,-1.0,0.0004092491290066391,0.0,DQN_RND,0.0005,0.99,mountaincar,dense
3,225,-200.0,200,0.9726830720901489,-1.0,0.0004535733023658395,0.0,DQN_RND,0.0005,0.99,mountaincar,dense
3,226,-200.0,200,0.9738611578941345,-1.0,0.0004277821572031826,0.0,DQN_RND,0.0005,0.99,mountaincar,dense
3,227,-200.0,200,0.9692211151123047,-1.0,0.0004251360078342259,0.0,DQN_RND,0.0005,0.99,mountaincar,dense
3,228,-200.0,200,0.9632992148399353,-1.0,0.0004349235096015036,0.0,DQN_RND,0.0005,0.99,mountaincar,dense
3,229,-200.0,200,0.9747308492660522,-1.0,0.0004547902208287269,0.0,DQN_RND,0.0005,0.99,mountaincar,dense
3,230,-200.0,200,0.9713291525840759,-1.0,0.0003854345704894513,0.0,DQN_RND,0.0005,0.99,mountaincar,dense
3,231,-200.0,200,0.9750611782073975,-1.0,0.00040131775313057005,0.0,DQN_RND,0.0005,0.99,mountaincar,dense
3,232,-200.0,200,0.9708870053291321,-1.0,0.0004316632985137403,0.0,DQN_RND,0.0005,0.99,mountaincar,dense
3,233,-200.0,200,0.9661732912063599,-1.0,0.00042666986701078713,0.0,DQN_RND,0.0005,0.99,mountaincar,dense
3,234,-200.0,200,0.9717156291007996,-1.0,0.000423552468419075,0.0,DQN_RND,0.0005,0.99,mountaincar,dense
3,235,-200.0,200,0.9664583802223206,-1.0,0.00042589157237671316,0.0,DQN_RND,0.0005,0.99,mountaincar,dense
3,236,-200.0,200,0.9713853001594543,-1.0,0.00037944066571071744,0.0,DQN_RND,0.0005,0.99,mountaincar,dense
3,237,-200.0,200,0.9664347171783447,-1.0,0.00043298202217556536,0.0,DQN_RND,0.0005,0.99,mountaincar,dense
3,238,-200.0,200,0.9650776982307434,-1.0,0.00043579464545473456,0.0,DQN_RND,0.0005,0.99,mountaincar,dense
3,239,-200.0,200,0.9712556004524231,-1.0,0.00041283658356405795,0.0,DQN_RND,0.0005,0.99,mountaincar,dense
3,240,-200.0,200,0.9705366492271423,-1.0,0.00044312881072983146,0.0,DQN_RND,0.0005,0.99,mountaincar,dense
3,241,-200.0,200,0.9688448309898376,-1.0,0.0004160368407610804,0.0,DQN_RND,0.0005,0.99,mountaincar,dense
3,242,-200.0,200,0.965023398399353,-1.0,0.0003843273443635553,0.0,DQN_RND,0.0005,0.99,mountaincar,dense
3,243,-200.0,200,0.9642921686172485,-1.0,0.0003928775549866259,0.0,DQN_RND,0.0005,0.99,mountaincar,dense
3,244,-200.0,200,0.9735801219940186,-1.0,0.0004726208280771971,0.0,DQN_RND,0.0005,0.99,mountaincar,dense
3,245,-200.0,200,0.9658774733543396,-1.0,0.0004306298797018826,0.0,DQN_RND,0.0005,0.99,mountaincar,dense
3,246,-200.0,200,0.9738873243331909,-1.0,0.00045653179404325783,0.0,DQN_RND,0.0005,0.99,mountaincar,dense
3,247,-200.0,200,0.9662542343139648,-1.0,0.00042624122579582036,0.0,DQN_RND,0.0005,0.99,mountaincar,dense
3,248,-200.0,200,0.9638732671737671,-1.0,0.0004351041279733181,0.0,DQN_RND,0.0005,0.99,mountaincar,dense
3,249,-200.0,200,0.9711644053459167,-1.0,0.00038437286275438964,0.0,DQN_RND,0.0005,0.99,mountaincar,dense
3,250,-200.0,200,0.9680598378181458,-1.0,0.0004445853119250387,0.0,DQN_RND,0.0005,0.99,mountaincar,dense
3,251,-200.0,200,0.976298451423645,-1.0,0.0004016980528831482,0.0,DQN_RND,0.0005,0.99,mountaincar,dense
3,252,-200.0,200,0.9684252142906189,-1.0,0.00041524815605953336,0.0,DQN_RND,0.0005,0.99,mountaincar,dense
3,253,-200.0,200,0.9626752138137817,-1.0,0.00039004572317935526,0.0,DQN_RND,0.0005,0.99,mountaincar,dense
3,254,-200.0,200,0.9770690202713013,-1.0,0.00042105765896849334,0.0,DQN_RND,0.0005,0.99,mountaincar,dense
3,255,-200.0,200,0.9702171683311462,-1.0,0.0004623197019100189,0.0,DQN_RND,0.0005,0.99,mountaincar,dense
3,256,-200.0,200,0.9792492985725403,-1.0,0.00044161779806017876,0.0,DQN_RND,0.0005,0.99,mountaincar,dense
3,257,-200.0,200,0.9734426736831665,-1.0,0.0004160999087616801,0.0,DQN_RND,0.0005,0.99,mountaincar,dense
3,258,-200.0,200,0.962810754776001,-1.0,0.0004346439382061362,0.0,DQN_RND,0.0005,0.99,mountaincar,dense
3,259,-200.0,200,0.9744964241981506,-1.0,0.00041703134775161743,0.0,DQN_RND,0.0005,0.99,mountaincar,dense
3,260,-200.0,200,0.9693717956542969,-1.0,0.00039158688741736114,0.0,DQN_RND,0.0005,0.99,mountaincar,dense
3,261,-200.0,200,0.9782094955444336,-1.0,0.0004002070054411888,0.0,DQN_RND,0.0005,0.99,mountaincar,dense
3,262,-200.0,200,0.9677022099494934,-1.0,0.0004103159299120307,0.0,DQN_RND,0.0005,0.99,mountaincar,dense
3,263,-200.0,200,0.9669676423072815,-1.0,0.000412641151342541,0.0,DQN_RND,0.0005,0.99,mountaincar,dense
3,264,-200.0,200,0.9773750901222229,-1.0,0.00038725777994841337,0.0,DQN_RND,0.0005,0.99,mountaincar,dense
3,265,-200.0,200,0.9698790907859802,-1.0,0.0004393939161673188,0.0,DQN_RND,0.0005,0.99,mountaincar,dense
3,266,-200.0,200,0.9749178886413574,-1.0,0.00040351718780584633,0.0,DQN_RND,0.0005,0.99,mountaincar,dense
3,267,-200.0,200,0.9720656871795654,-1.0,0.0004175788490101695,0.0,DQN_RND,0.0005,0.99,mountaincar,dense
3,268,-200.0,200,0.9600520133972168,-1.0,0.00039120650035329163,0.0,DQN_RND,0.0005,0.99,mountaincar,dense
3,269,-200.0,200,0.9777069687843323,-1.0,0.0003836709656752646,0.0,DQN_RND,0.0005,0.99,mountaincar,dense
3,270,-200.0,200,0.9717586040496826,-1.0,0.0003772680356632918,0.0,DQN_RND,0.0005,0.99,mountaincar,dense
3,271,-200.0,200,0.9736868739128113,-1.0,0.0003917605790775269,0.0,DQN_RND,0.0005,0.99,mountaincar,dense
3,272,-200.0,200,0.971487820148468,-1.0,0.000371686794096604,0.0,DQN_RND,0.0005,0.99,mountaincar,dense
3,273,-200.0,200,0.9597742557525635,-1.0,0.0003536768490448594,0.0,DQN_RND,0.0005,0.99,mountaincar,dense
3,274,-200.0,200,0.9743590354919434,-1.0,0.0003505251952446997,0.0,DQN_RND,0.0005,0.99,mountaincar,dense
3,275,-200.0,200,0.9735879302024841,-1.0,0.0003996764135081321,0.0,DQN_RND,0.0005,0.99,mountaincar,dense
3,276,-200.0,200,0.9757081270217896,-1.0,0.00039108030614443123,0.0,DQN_RND,0.0005,0.99,mountaincar,dense
3,277,-200.0,200,0.972333550453186,-1.0,0.00036040402483195066,0.0,DQN_RND,0.0005,0.99,mountaincar,dense
3,278,-200.0,200,0.965400218963623,-1.0,0.0003987592353951186,0.0,DQN_RND,0.0005,0.99,mountaincar,dense
3,279,-200.0,200,0.969039797782898,-1.0,0.0003381362766958773,0.0,DQN_RND,0.0005,0.99,mountaincar,dense
3,280,-200.0,200,0.9674467444419861,-1.0,0.00033097295090556145,0.0,DQN_RND,0.0005,0.99,mountaincar,dense
3,281,-200.0,200,0.9753586649894714,-1.0,0.0003500321472529322,0.0,DQN_RND,0.0005,0.99,mountaincar,dense
3,282,-200.0,200,0.9666363000869751,-1.0,0.0003343127900734544,0.0,DQN_RND,0.0005,0.99,mountaincar,dense
3,283,-200.0,200,0.959147572517395,-1.0,0.0003385435848031193,0.0,DQN_RND,0.0005,0.99,mountaincar,dense
3,284,-200.0,200,0.9692592024803162,-1.0,0.00034043940831907094,0.0,DQN_RND,0.0005,0.99,mountaincar,dense
3,285,-200.0,200,0.9613256454467773,-1.0,0.000334878102876246,0.0,DQN_RND,0.0005,0.99,mountaincar,dense
3,286,-200.0,200,0.9665322303771973,-1.0,0.0003674400504678488,0.0,DQN_RND,0.0005,0.99,mountaincar,dense
3,287,-200.0,200,0.9624539613723755,-1.0,0.0003380468115210533,0.0,DQN_RND,0.0005,0.99,mountaincar,dense
3,288,-200.0,200,0.9558953046798706,-1.0,0.0003410408098716289,0.0,DQN_RND,0.0005,0.99,mountaincar,dense
3,289,-200.0,200,0.9679266214370728,-1.0,0.00034423955366946757,0.0,DQN_RND,0.0005,0.99,mountaincar,dense
3,290,-200.0,200,0.9640649557113647,-1.0,0.0003647106932476163,0.0,DQN_RND,0.0005,0.99,mountaincar,dense
3,291,-200.0,200,0.9680964946746826,-1.0,0.0003214270109310746,0.0,DQN_RND,0.0005,0.99,mountaincar,dense
3,292,-200.0,200,0.9589799642562866,-1.0,0.0003492232062853873,0.0,DQN_RND,0.0005,0.99,mountaincar,dense
3,293,-200.0,200,0.9532006978988647,-1.0,0.0003430286014918238,0.0,DQN_RND,0.0005,0.99,mountaincar,dense
3,294,-200.0,200,0.9675167202949524,-1.0,0.00033346808049827814,0.0,DQN_RND,0.0005,0.99,mountaincar,dense
3,295,-200.0,200,0.95674067735672,-1.0,0.00035107482108287513,0.0,DQN_RND,0.0005,0.99,mountaincar,dense
3,296,-200.0,200,0.9666692614555359,-1.0,0.000351672584656626,0.0,DQN_RND,0.0005,0.99,mountaincar,dense
3,297,-200.0,200,0.9583515524864197,-1.0,0.0003503862244542688,0.0,DQN_RND,0.0005,0.99,mountaincar,dense
3,298,-200.0,200,0.950268566608429,-1.0,0.00033124740002676845,0.0,DQN_RND,0.0005,0.99,mountaincar,dense
3,299,-200.0,200,0.9608554840087891,-1.0,0.00035910151200369,0.0,DQN_RND,0.0005,0.99,mountaincar,dense
3,300,-200.0,200,0.9505147933959961,-1.0,0.0003379619447514415,0.0,DQN_RND,0.0005,0.99,mountaincar,dense
3,301,-200.0,200,0.9651178121566772,-1.0,0.00035267442581243813,0.0,DQN_RND,0.0005,0.99,mountaincar,dense
3,302,-200.0,200,0.9572692513465881,-1.0,0.00038239682908169925,0.0,DQN_RND,0.0005,0.99,mountaincar,dense
3,303,-200.0,200,0.951217770576477,-1.0,0.0003377435787115246,0.0,DQN_RND,0.0005,0.99,mountaincar,dense
3,304,-200.0,200,0.9577019214630127,-1.0,0.000333004369167611,0.0,DQN_RND,0.0005,0.99,mountaincar,dense
3,305,-200.0,200,0.9536682963371277,-1.0,0.000317064521368593,0.0,DQN_RND,0.0005,0.99,mountaincar,dense
3,306,-200.0,200,0.956646740436554,-1.0,0.00032599022961221635,0.0,DQN_RND,0.0005,0.99,mountaincar,dense
3,307,-200.0,200,0.9515588879585266,-1.0,0.0003323690907564014,0.0,DQN_RND,0.0005,0.99,mountaincar,dense
3,308,-200.0,200,0.9459770917892456,-1.0,0.00035558934905566275,0.0,DQN_RND,0.0005,0.99,mountaincar,dense
3,309,-200.0,200,0.9573997259140015,-1.0,0.0003324642311781645,0.0,DQN_RND,0.0005,0.99,mountaincar,dense
3,310,-200.0,200,0.9468702077865601,-1.0,0.0003287718282081187,0.0,DQN_RND,0.0005,0.99,mountaincar,dense
3,311,-200.0,200,0.9578667879104614,-1.0,0.0003387248725630343,0.0,DQN_RND,0.0005,0.99,mountaincar,dense
3,312,-200.0,200,0.9547638893127441,-1.0,0.000348611269146204,0.0,DQN_RND,0.0005,0.99,mountaincar,dense
3,313,-200.0,200,0.9428620934486389,-1.0,0.00034254248021170497,0.0,DQN_RND,0.0005,0.99,mountaincar,dense
3,314,-200.0,200,0.9611742496490479,-1.0,0.00032229674980044365,0.0,DQN_RND,0.0005,0.99,mountaincar,dense
3,315,-200.0,200,0.9546184539794922,-1.0,0.0003313080524094403,0.0,DQN_RND,0.0005,0.99,mountaincar,dense
3,316,-200.0,200,0.9619536399841309,-1.0,0.00033875717781484127,0.0,DQN_RND,0.0005,0.99,mountaincar,dense
3,317,-200.0,200,0.9447981119155884,-1.0,0.0003337472735438496,0.0,DQN_RND,0.0005,0.99,mountaincar,dense
3,318,-200.0,200,0.9428538084030151,-1.0,0.00039295293390750885,0.0,DQN_RND,0.0005,0.99,mountaincar,dense
3,319,-200.0,200,0.9568371176719666,-1.0,0.00034734810469672084,0.0,DQN_RND,0.0005,0.99,mountaincar,dense
3,320,-200.0,200,0.95630943775177,-1.0,0.000314372475259006,0.0,DQN_RND,0.0005,0.99,mountaincar,dense
3,321,-200.0,200,0.9532710313796997,-1.0,0.00033648329554125667,0.0,DQN_RND,0.0005,0.99,mountaincar,dense
3,322,-200.0,200,0.9489328861236572,-1.0,0.0003271455643698573,0.0,DQN_RND,0.0005,0.99,mountaincar,dense
3,323,-200.0,200,0.9476670026779175,-1.0,0.00034144148230552673,0.0,DQN_RND,0.0005,0.99,mountaincar,dense
3,324,-200.0,200,0.9553181529045105,-1.0,0.000344107102137059,0.0,DQN_RND,0.0005,0.99,mountaincar,dense
3,325,-200.0,200,0.9518070816993713,-1.0,0.00033441162668168545,0.0,DQN_RND,0.0005,0.99,mountaincar,dense
3,326,-200.0,200,0.9568283557891846,-1.0,0.0003325228753965348,0.0,DQN_RND,0.0005,0.99,mountaincar,dense
3,327,-200.0,200,0.9497983455657959,-1.0,0.00033802809775806963,0.0,DQN_RND,0.0005,0.99,mountaincar,dense
3,328,-200.0,200,0.9432974457740784,-1.0,0.0003350607876200229,0.0,DQN_RND,0.0005,0.99,mountaincar,dense
3,329,-200.0,200,0.9591087698936462,-1.0,0.00032054531038738787,0.0,DQN_RND,0.0005,0.99,mountaincar,dense
3,330,-200.0,200,0.9528288841247559,-1.0,0.0003096942964475602,0.0,DQN_RND,0.0005,0.99,mountaincar,dense
3,331,-200.0,200,0.9544055461883545,-1.0,0.0002996194234583527,0.0,DQN_RND,0.0005,0.99,mountaincar,dense
3,332,-200.0,200,0.9504355192184448,-1.0,0.00027824356220662594,0.0,DQN_RND,0.0005,0.99,mountaincar,dense
3,333,-200.0,200,0.9426902532577515,-1.0,0.00030655565205961466,0.0,DQN_RND,0.0005,0.99,mountaincar,dense
3,334,-200.0,200,0.9612455368041992,-1.0,0.0003219607169739902,0.0,DQN_RND,0.0005,0.99,mountaincar,dense
3,335,-200.0,200,0.9443303346633911,-1.0,0.0002825943229254335,0.0,DQN_RND,0.0005,0.99,mountaincar,dense
3,336,-200.0,200,0.9529525637626648,-1.0,0.0003356947563588619,0.0,DQN_RND,0.0005,0.99,mountaincar,dense
3,337,-200.0,200,0.9481567740440369,-1.0,0.00026655453257262707,0.0,DQN_RND,0.0005,0.99,mountaincar,dense
3,338,-200.0,200,0.9468109607696533,-1.0,0.0002673407143447548,0.0,DQN_RND,0.0005,0.99,mountaincar,dense
3,339,-200.0,200,0.9575583338737488,-1.0,0.0002628279908094555,0.0,DQN_RND,0.0005,0.99,mountaincar,dense
3,340,-200.0,200,0.948494553565979,-1.0,0.00026595653616823256,0.0,DQN_RND,0.0005,0.99,mountaincar,dense
3,341,-200.0,200,0.9504823088645935,-1.0,0.0002601792220957577,0.0,DQN_RND,0.0005,0.99,mountaincar,dense
3,342,-200.0,200,0.9506115317344666,-1.0,0.00026836598408408463,0.0,DQN_RND,0.0005,0.99,mountaincar,dense
3,343,-200.0,200,0.9427772760391235,-1.0,0.0002667394874151796,0.0,DQN_RND,0.0005,0.99,mountaincar,dense
3,344,-200.0,200,0.9475740194320679,-1.0,0.0002831814344972372,0.0,DQN_RND,0.0005,0.99,mountaincar,dense
3,345,-200.0,200,0.9420571327209473,-1.0,0.0002624526678118855,0.0,DQN_RND,0.0005,0.99,mountaincar,dense
3,346,-200.0,200,0.9466611742973328,-1.0,0.0003145267255604267,0.0,DQN_RND,0.0005,0.99,mountaincar,dense
3,347,-200.0,200,0.9416347742080688,-1.0,0.00025389427901245654,0.0,DQN_RND,0.0005,0.99,mountaincar,dense
3,348,-200.0,200,0.9361563920974731,-1.0,0.00028300381381995976,0.0,DQN_RND,0.0005,0.99,mountaincar,dense
3,349,-200.0,200,0.9457300901412964,-1.0,0.00025846282369457185,0.0,DQN_RND,0.0005,0.99,mountaincar,dense
3,350,-200.0,200,0.9358543157577515,-1.0,0.00025536722387187183,0.0,DQN_RND,0.0005,0.99,mountaincar,dense
3,351,-200.0,200,0.9440795183181763,-1.0,0.0002500602276995778,0.0,DQN_RND,0.0005,0.99,mountaincar,dense
3,352,-200.0,200,0.9420692920684814,-1.0,0.0002815512416418642,0.0,DQN_RND,0.0005,0.99,mountaincar,dense
3,353,-200.0,200,0.9319510459899902,-1.0,0.00027701311046257615,0.0,DQN_RND,0.0005,0.99,mountaincar,dense
3,354,-200.0,200,0.9430299401283264,-1.0,0.0002643103071022779,0.0,DQN_RND,0.0005,0.99,mountaincar,dense
3,355,-200.0,200,0.9328182935714722,-1.0,0.0002481678093317896,0.0,DQN_RND,0.0005,0.99,mountaincar,dense
3,356,-200.0,200,0.9412428140640259,-1.0,0.00027413308271206915,0.0,DQN_RND,0.0005,0.99,mountaincar,dense
3,357,-200.0,200,0.9401698112487793,-1.0,0.0002640621969476342,0.0,DQN_RND,0.0005,0.99,mountaincar,dense
3,358,-200.0,200,0.9313164353370667,-1.0,0.000264969450654462,0.0,DQN_RND,0.0005,0.99,mountaincar,dense
3,359,-200.0,200,0.9448513388633728,-1.0,0.00026719365268945694,0.0,DQN_RND,0.0005,0.99,mountaincar,dense
3,360,-200.0,200,0.9393082857131958,-1.0,0.0002532150538172573,0.0,DQN_RND,0.0005,0.99,mountaincar,dense
3,361,-200.0,200,0.9397892951965332,-1.0,0.00024856437812559307,0.0,DQN_RND,0.0005,0.99,mountaincar,dense
3,362,-200.0,200,0.9323550462722778,-1.0,0.000265570473857224,0.0,DQN_RND,0.0005,0.99,mountaincar,dense
3,363,-200.0,200,0.9296691417694092,-1.0,0.0002581835724413395,0.0,DQN_RND,0.0005,0.99,mountaincar,dense
3,364,-200.0,200,0.9479652643203735,-1.0,0.0002630482485983521,0.0,DQN_RND,0.0005,0.99,mountaincar,dense
3,365,-200.0,200,0.934909462928772,-1.0,0.0002685576328076422,0.0,DQN_RND,0.0005,0.99,mountaincar,dense
3,366,-200.0,200,0.9421797394752502,-1.0,0.00025774669484235346,0.0,DQN_RND,0.0005,0.99,mountaincar,dense
3,367,-200.0,200,0.9346555471420288,-1.0,0.00026111610350199044,0.0,DQN_RND,0.0005,0.99,mountaincar,dense
3,368,-200.0,200,0.9235680103302002,-1.0,0.0002650584210641682,0.0,DQN_RND,0.0005,0.99,mountaincar,dense
3,369,-200.0,200,0.945196270942688,-1.0,0.0002770227147266269,0.0,DQN_RND,0.0005,0.99,mountaincar,dense
3,370,-200.0,200,0.9387102127075195,-1.0,0.00027948696515522897,0.0,DQN_RND,0.0005,0.99,mountaincar,dense
3,371,-200.0,200,0.9451334476470947,-1.0,0.00025308868498541415,0.0,DQN_RND,0.0005,0.99,mountaincar,dense
3,372,-200.0,200,0.935522735118866,-1.0,0.00026338966563344,0.0,DQN_RND,0.0005,0.99,mountaincar,dense
3,373,-200.0,200,0.9271190166473389,-1.0,0.0002753003209363669,0.0,DQN_RND,0.0005,0.99,mountaincar,dense
3,374,-200.0,200,0.9356138706207275,-1.0,0.00026311975670978427,0.0,DQN_RND,0.0005,0.99,mountaincar,dense
3,375,-200.0,200,0.9368388652801514,-1.0,0.0002674659190233797,0.0,DQN_RND,0.0005,0.99,mountaincar,dense
3,376,-200.0,200,0.9455175399780273,-1.0,0.0002607594069559127,0.0,DQN_RND,0.0005,0.99,mountaincar,dense
3,377,-200.0,200,0.9359609484672546,-1.0,0.0002699872711673379,0.0,DQN_RND,0.0005,0.99,mountaincar,dense
3,378,-200.0,200,0.9240229725837708,-1.0,0.00025430636014789343,0.0,DQN_RND,0.0005,0.99,mountaincar,dense
3,379,-200.0,200,0.9405906200408936,-1.0,0.00024708331329748034,0.0,DQN_RND,0.0005,0.99,mountaincar,dense
3,380,-200.0,200,0.9413002133369446,-1.0,0.00026034677284769714,0.0,DQN_RND,0.0005,0.99,mountaincar,dense
3,381,-200.0,200,0.9478821754455566,-1.0,0.0002613058895803988,0.0,DQN_RND,0.0005,0.99,mountaincar,dense
3,382,-200.0,200,0.9381775856018066,-1.0,0.0002445178688503802,0.0,DQN_RND,0.0005,0.99,mountaincar,dense
3,383,-200.0,200,0.9314279556274414,-1.0,0.0002532936632633209,0.0,DQN_RND,0.0005,0.99,mountaincar,dense
3,384,-200.0,200,0.9529438614845276,-1.0,0.00026422642986290157,0.0,DQN_RND,0.0005,0.99,mountaincar,dense
3,385,-200.0,200,0.936716616153717,-1.0,0.00022780777362640947,0.0,DQN_RND,0.0005,0.99,mountaincar,dense
3,386,-200.0,200,0.9566575288772583,-1.0,0.00025844789342954755,0.0,DQN_RND,0.0005,0.99,mountaincar,dense
3,387,-200.0,200,0.9422746300697327,-1.0,0.00023329633404500782,0.0,DQN_RND,0.0005,0.99,mountaincar,dense
3,388,-200.0,200,0.9327497482299805,-1.0,0.0002505119191482663,0.0,DQN_RND,0.0005,0.99,mountaincar,dense
3,389,-200.0,200,0.9510637521743774,-1.0,0.00024450430646538734,0.0,DQN_RND,0.0005,0.99,mountaincar,dense
3,390,-200.0,200,0.9444215297698975,-1.0,0.0002470778999850154,0.0,DQN_RND,0.0005,0.99,mountaincar,dense
3,391,-200.0,200,0.9587603807449341,-1.0,0.00024750205921009183,0.0,DQN_RND,0.0005,0.99,mountaincar,dense
3,392,-200.0,200,0.9466952085494995,-1.0,0.00026382404030300677,0.0,DQN_RND,0.0005,0.99,mountaincar,dense
3,393,-200.0,200,0.9382569193840027,-1.0,0.0002652617695275694,0.0,DQN_RND,0.0005,0.99,mountaincar,dense
3,394,-200.0,200,0.9571132659912109,-1.0,0.00025077894679270685,0.0,DQN_RND,0.0005,0.99,mountaincar,dense
3,395,-200.0,200,0.9438623189926147,-1.0,0.00027966598281636834,0.0,DQN_RND,0.0005,0.99,mountaincar,dense
3,396,-200.0,200,0.9559745788574219,-1.0,0.000409516942454502,0.0,DQN_RND,0.0005,0.99,mountaincar,dense
3,397,-200.0,200,0.9486615061759949,-1.0,0.00039907844620756805,0.0,DQN_RND,0.0005,0.99,mountaincar,dense
3,398,-200.0,200,0.9415926933288574,-1.0,0.00041746022179722786,0.0,DQN_RND,0.0005,0.99,mountaincar,dense
3,399,-200.0,200,0.9513698816299438,-1.0,0.00041380152106285095,0.0,DQN_RND,0.0005,0.99,mountaincar,dense
3,400,-200.0,200,0.9453303217887878,-1.0,0.0003707603318616748,0.0,DQN_RND,0.0005,0.99,mountaincar,dense
3,401,-200.0,200,0.9497494697570801,-1.0,0.0003517325094435364,0.0,DQN_RND,0.0005,0.99,mountaincar,dense
3,402,-200.0,200,0.9355528950691223,-1.0,0.00043593900045379996,0.0,DQN_RND,0.0005,0.99,mountaincar,dense
3,403,-200.0,200,0.9236571788787842,-1.0,0.00039296192699112,0.0,DQN_RND,0.0005,0.99,mountaincar,dense
3,404,-200.0,200,0.9435616135597229,-1.0,0.0004291312943678349,0.0,DQN_RND,0.0005,0.99,mountaincar,dense
3,405,-200.0,200,0.9390193223953247,-1.0,0.0004067786212544888,0.0,DQN_RND,0.0005,0.99,mountaincar,dense
3,406,-200.0,200,0.9455060958862305,-1.0,0.0003979122266173363,0.0,DQN_RND,0.0005,0.99,mountaincar,dense
3,407,-200.0,200,0.9312911629676819,-1.0,0.00043826611363328993,0.0,DQN_RND,0.0005,0.99,mountaincar,dense
3,408,-200.0,200,0.9219379425048828,-1.0,0.0003924955672118813,0.0,DQN_RND,0.0005,0.99,mountaincar,dense
3,409,-200.0,200,0.9399535655975342,-1.0,0.0004198865208309144,0.0,DQN_RND,0.0005,0.99,mountaincar,dense
3,410,-200.0,200,0.9194706678390503,-1.0,0.0004182002739980817,0.0,DQN_RND,0.0005,0.99,mountaincar,dense
3,411,-200.0,200,0.9376776814460754,-1.0,0.0004005763912573457,0.0,DQN_RND,0.0005,0.99,mountaincar,dense
3,412,-200.0,200,0.9253343343734741,-1.0,0.0003809449844993651,0.0,DQN_RND,0.0005,0.99,mountaincar,dense
3,413,-200.0,200,0.9095544815063477,-1.0,0.00037677495856769383,0.0,DQN_RND,0.0005,0.99,mountaincar,dense
3,414,-200.0,200,0.9308369755744934,-1.0,0.0004406397929415107,0.0,DQN_RND,0.0005,0.99,mountaincar,dense
3,415,-200.0,200,0.9234436750411987,-1.0,0.0004062850202899426,0.0,DQN_RND,0.0005,0.99,mountaincar,dense
3,416,-200.0,200,0.9344747066497803,-1.0,0.00040346855530515313,0.0,DQN_RND,0.0005,0.99,mountaincar,dense
3,417,-200.0,200,0.9195159077644348,-1.0,0.0004203151329420507,0.0,DQN_RND,0.0005,0.99,mountaincar,dense
3,418,-200.0,200,0.907585859298706,-1.0,0.0004455832240637392,0.0,DQN_RND,0.0005,0.99,mountaincar,dense
3,419,-200.0,200,0.9277476072311401,-1.0,0.00037771143252030015,0.0,DQN_RND,0.0005,0.99,mountaincar,dense
3,420,-200.0,200,0.9162676334381104,-1.0,0.00041532996692694724,0.0,DQN_RND,0.0005,0.99,mountaincar,dense
3,421,-200.0,200,0.9288517236709595,-1.0,0.00039801071397960186,0.0,DQN_RND,0.0005,0.99,mountaincar,dense
3,422,-200.0,200,0.9171999096870422,-1.0,0.00038735585985705256,0.0,DQN_RND,0.0005,0.99,mountaincar,dense
3,423,-200.0,200,0.9043110609054565,-1.0,0.0003884718753397465,0.0,DQN_RND,0.0005,0.99,mountaincar,dense
3,424,-200.0,200,0.927128791809082,-1.0,0.00043409623322077096,0.0,DQN_RND,0.0005,0.99,mountaincar,dense
3,425,-200.0,200,0.9167945384979248,-1.0,0.00044002762297168374,0.0,DQN_RND,0.0005,0.99,mountaincar,dense
3,426,-200.0,200,0.9241143465042114,-1.0,0.00043218734208494425,0.0,DQN_RND,0.0005,0.99,mountaincar,dense
3,427,-200.0,200,0.9109320044517517,-1.0,0.0004402186314109713,0.0,DQN_RND,0.0005,0.99,mountaincar,dense
3,428,-200.0,200,0.9031620025634766,-1.0,0.0004118580254726112,0.0,DQN_RND,0.0005,0.99,mountaincar,dense
3,429,-200.0,200,0.9283185601234436,-1.0,0.00039495847886428237,0.0,DQN_RND,0.0005,0.99,mountaincar,dense
3,430,-200.0,200,0.9110636711120605,-1.0,0.0004417421296238899,0.0,DQN_RND,0.0005,0.99,mountaincar,dense
3,431,-200.0,200,0.9255204200744629,-1.0,0.0003777969104703516,0.0,DQN_RND,0.0005,0.99,mountaincar,dense
3,432,-200.0,200,0.9093598127365112,-1.0,0.00037244230043143034,0.0,DQN_RND,0.0005,0.99,mountaincar,dense
3,433,-200.0,200,0.8972198963165283,-1.0,0.0004893698496744037,0.0,DQN_RND,0.0005,0.99,mountaincar,dense
3,434,-200.0,200,0.9237287640571594,-1.0,0.0004212851054035127,0.0,DQN_RND,0.0005,0.99,mountaincar,dense
3,435,-200.0,200,0.9115403890609741,-1.0,0.00037616922054439783,0.0,DQN_RND,0.0005,0.99,mountaincar,dense
3,436,-200.0,200,0.9230149984359741,-1.0,0.0003738570085261017,0.0,DQN_RND,0.0005,0.99,mountaincar,dense
3,437,-200.0,200,0.9148527383804321,-1.0,0.0004015059384983033,0.0,DQN_RND,0.0005,0.99,mountaincar,dense
3,438,-200.0,200,0.8984361886978149,-1.0,0.00038273181417025626,0.0,DQN_RND,0.0005,0.99,mountaincar,dense
3,439,-200.0,200,0.9219058156013489,-1.0,0.00038300914457067847,0.0,DQN_RND,0.0005,0.99,mountaincar,dense
3,440,-200.0,200,0.908283531665802,-1.0,0.00037833876558579504,0.0,DQN_RND,0.0005,0.99,mountaincar,dense
3,441,-200.0,200,0.928223729133606,-1.0,0.00039287234540097415,0.0,DQN_RND,0.0005,0.99,mountaincar,dense
3,442,-200.0,200,0.9084045886993408,-1.0,0.0003557500021997839,0.0,DQN_RND,0.0005,0.99,mountaincar,dense
3,443,-200.0,200,0.8987239599227905,-1.0,0.0003660480142571032,0.0,DQN_RND,0.0005,0.99,mountaincar,dense
3,444,-200.0,200,0.9261590242385864,-1.0,0.0003830280329566449,0.0,DQN_RND,0.0005,0.99,mountaincar,dense
3,445,-200.0,200,0.9116455316543579,-1.0,0.0003415592072997242,0.0,DQN_RND,0.0005,0.99,mountaincar,dense
3,446,-200.0,200,0.9229968190193176,-1.0,0.00033143116161227226,0.0,DQN_RND,0.0005,0.99,mountaincar,dense
3,447,-200.0,200,0.9095688462257385,-1.0,0.00030722058727405965,0.0,DQN_RND,0.0005,0.99,mountaincar,dense
3,448,-200.0,200,0.8905001878738403,-1.0,0.00032246074988506734,0.0,DQN_RND,0.0005,0.99,mountaincar,dense
3,449,-200.0,200,0.9129598736763,-1.0,0.0002856146020349115,0.0,DQN_RND,0.0005,0.99,mountaincar,dense
3,450,-200.0,200,0.9057546854019165,-1.0,0.00029910606099292636,0.0,DQN_RND,0.0005,0.99,mountaincar,dense
3,451,-200.0,200,0.9158053398132324,-1.0,0.0002970144560094923,0.0,DQN_RND,0.0005,0.99,mountaincar,dense
3,452,-200.0,200,0.8989914059638977,-1.0,0.0003070517268497497,0.0,DQN_RND,0.0005,0.99,mountaincar,dense
3,453,-200.0,200,0.8827128410339355,-1.0,0.00030907828477211297,0.0,DQN_RND,0.0005,0.99,mountaincar,dense
3,454,-200.0,200,0.9018995761871338,-1.0,0.00030698778573423624,0.0,DQN_RND,0.0005,0.99,mountaincar,dense
3,455,-200.0,200,0.88758385181427,-1.0,0.00026952254120260477,0.0,DQN_RND,0.0005,0.99,mountaincar,dense
3,456,-200.0,200,0.9029243588447571,-1.0,0.00030121454619802535,0.0,DQN_RND,0.0005,0.99,mountaincar,dense
3,457,-200.0,200,0.8833895325660706,-1.0,0.00030467784381471574,0.0,DQN_RND,0.0005,0.99,mountaincar,dense
3,458,-200.0,200,0.8743468523025513,-1.0,0.00033468956826254725,0.0,DQN_RND,0.0005,0.99,mountaincar,dense
3,459,-200.0,200,0.8938193321228027,-1.0,0.0003079166344832629,0.0,DQN_RND,0.0005,0.99,mountaincar,dense
3,460,-200.0,200,0.8724478483200073,-1.0,0.00029680185252800584,0.0,DQN_RND,0.0005,0.99,mountaincar,dense
3,461,-200.0,200,0.8892204761505127,-1.0,0.0003112018166575581,0.0,DQN_RND,0.0005,0.99,mountaincar,dense
3,462,-200.0,200,0.8736249208450317,-1.0,0.0003143800422549248,0.0,DQN_RND,0.0005,0.99,mountaincar,dense
3,463,-200.0,200,0.859040379524231,-1.0,0.0003232711460441351,0.0,DQN_RND,0.0005,0.99,mountaincar,dense
3,464,-200.0,200,0.882219672203064,-1.0,0.0003316357033327222,0.0,DQN_RND,0.0005,0.99,mountaincar,dense
3,465,-200.0,200,0.8731981515884399,-1.0,0.0002776852052193135,0.0,DQN_RND,0.0005,0.99,mountaincar,dense
3,466,-200.0,200,0.8753031492233276,-1.0,0.0002869627787731588,0.0,DQN_RND,0.0005,0.99,mountaincar,dense
3,467,-200.0,200,0.8628318905830383,-1.0,0.00029615609673783183,0.0,DQN_RND,0.0005,0.99,mountaincar,dense
3,468,-200.0,200,0.846516489982605,-1.0,0.00030371820321306586,0.0,DQN_RND,0.0005,0.99,mountaincar,dense
3,469,-200.0,200,0.8748728036880493,-1.0,0.0002940736885648221,0.0,DQN_RND,0.0005,0.99,mountaincar,dense
3,470,-200.0,200,0.8676409721374512,-1.0,0.0002803099050652236,0.0,DQN_RND,0.0005,0.99,mountaincar,dense
3,471,-200.0,200,0.8704373836517334,-1.0,0.0003241216763854027,0.0,DQN_RND,0.0005,0.99,mountaincar,dense
3,472,-200.0,200,0.8570648431777954,-1.0,0.0002879358362406492,0.0,DQN_RND,0.0005,0.99,mountaincar,dense
3,473,-200.0,200,0.8444835543632507,-1.0,0.00030237610917538404,0.0,DQN_RND,0.0005,0.99,mountaincar,dense
3,474,-200.0,200,0.8705314993858337,-1.0,0.00027592843980528414,0.0,DQN_RND,0.0005,0.99,mountaincar,dense
3,475,-200.0,200,0.8556362390518188,-1.0,0.0003032456443179399,0.0,DQN_RND,0.0005,0.99,mountaincar,dense
3,476,-200.0,200,0.8724929690361023,-1.0,0.00029875937616452575,0.0,DQN_RND,0.0005,0.99,mountaincar,dense
3,477,-200.0,200,0.8543803095817566,-1.0,0.00030117493588477373,0.0,DQN_RND,0.0005,0.99,mountaincar,dense
3,478,-200.0,200,0.8371949195861816,-1.0,0.00032203629962168634,0.0,DQN_RND,0.0005,0.99,mountaincar,dense
3,479,-200.0,200,0.8679454922676086,-1.0,0.00028991259750910103,0.0,DQN_RND,0.0005,0.99,mountaincar,dense
3,480,-200.0,200,0.8531219959259033,-1.0,0.00028458735323511064,0.0,DQN_RND,0.0005,0.99,mountaincar,dense
3,481,-200.0,200,0.8696843385696411,-1.0,0.0002892005431931466,0.0,DQN_RND,0.0005,0.99,mountaincar,dense
3,482,-200.0,200,0.8520898222923279,-1.0,0.0002787612029351294,0.0,DQN_RND,0.0005,0.99,mountaincar,dense
3,483,-200.0,200,0.8325387835502625,-1.0,0.00029113891650922596,0.0,DQN_RND,0.0005,0.99,mountaincar,dense
3,484,-200.0,200,0.8651931285858154,-1.0,0.00029587119934149086,0.0,DQN_RND,0.0005,0.99,mountaincar,dense
3,485,-200.0,200,0.8537455201148987,-1.0,0.00028193884645588696,0.0,DQN_RND,0.0005,0.99,mountaincar,dense
3,486,-200.0,200,0.8758089542388916,-1.0,0.00028404963086359203,0.0,DQN_RND,0.0005,0.99,mountaincar,dense
3,487,-200.0,200,0.8555604815483093,-1.0,0.0002963449514936656,0.0,DQN_RND,0.0005,0.99,mountaincar,dense
3,488,-200.0,200,0.835310697555542,-1.0,0.0003051616658922285,0.0,DQN_RND,0.0005,0.99,mountaincar,dense
3,489,-200.0,200,0.873068630695343,-1.0,0.00028643535915762186,0.0,DQN_RND,0.0005,0.99,mountaincar,dense
3,490,-200.0,200,0.8601870536804199,-1.0,0.00027234465233050287,0.0,DQN_RND,0.0005,0.99,mountaincar,dense
3,491,-200.0,200,0.8722563982009888,-1.0,0.00030480834539048374,0.0,DQN_RND,0.0005,0.99,mountaincar,dense
3,492,-200.0,200,0.8624245524406433,-1.0,0.0002890010073315352,0.0,DQN_RND,0.0005,0.99,mountaincar,dense
3,493,-200.0,200,0.8354146480560303,-1.0,0.00028724755975417793,0.0,DQN_RND,0.0005,0.99,mountaincar,dense
3,494,-200.0,200,0.8767434358596802,-1.0,0.00031509355176240206,0.0,DQN_RND,0.0005,0.99,mountaincar,dense
3,495,-200.0,200,0.8537312746047974,-1.0,0.00029909852310083807,0.0,DQN_RND,0.0005,0.99,mountaincar,dense
3,496,-200.0,200,0.8784676194190979,-1.0,0.0002870161843020469,0.0,DQN_RND,0.0005,0.99,mountaincar,dense
3,497,-200.0,200,0.8577009439468384,-1.0,0.0002871975302696228,0.0,DQN_RND,0.0005,0.99,mountaincar,dense
3,498,-200.0,200,0.8435795307159424,-1.0,0.0002993342641275376,0.0,DQN_RND,0.0005,0.99,mountaincar,dense
3,499,-200.0,200,0.886572003364563,-1.0,0.0002897659142035991,0.0,DQN_RND,0.0005,0.99,mountaincar,dense
3,500,-200.0,200,0.8629700541496277,-1.0,0.00029223543242551386,0.0,DQN_RND,0.0005,0.99,mountaincar,dense
3,501,-200.0,200,0.8839368224143982,-1.0,0.00028030434623360634,0.0,DQN_RND,0.0005,0.99,mountaincar,dense
3,502,-200.0,200,0.8667829036712646,-1.0,0.00032847520196810365,0.0,DQN_RND,0.0005,0.99,mountaincar,dense
3,503,-200.0,200,0.8516175746917725,-1.0,0.00029476862982846797,0.0,DQN_RND,0.0005,0.99,mountaincar,dense
3,504,-200.0,200,0.8939746618270874,-1.0,0.000292474462185055,0.0,DQN_RND,0.0005,0.99,mountaincar,dense
3,505,-200.0,200,0.8732754588127136,-1.0,0.00027869880432263017,0.0,DQN_RND,0.0005,0.99,mountaincar,dense
3,506,-200.0,200,0.898210883140564,-1.0,0.0002866957220248878,0.0,DQN_RND,0.0005,0.99,mountaincar,dense
3,507,-200.0,200,0.8779036998748779,-1.0,0.0002767166879493743,0.0,DQN_RND,0.0005,0.99,mountaincar,dense
3,508,-200.0,200,0.8498926162719727,-1.0,0.000281245302176103,0.0,DQN_RND,0.0005,0.99,mountaincar,dense
3,509,-200.0,200,0.9067659378051758,-1.0,0.00028658017981797457,0.0,DQN_RND,0.0005,0.99,mountaincar,dense
3,510,-200.0,200,0.8826442360877991,-1.0,0.0002971503708977252,0.0,DQN_RND,0.0005,0.99,mountaincar,dense
3,511,-200.0,200,0.9122476577758789,-1.0,0.0002951899659819901,0.0,DQN_RND,0.0005,0.99,mountaincar,dense
3,512,-200.0,200,0.8867862224578857,-1.0,0.0002767687547020614,0.0,DQN_RND,0.0005,0.99,mountaincar,dense
3,513,-200.0,200,0.8638920783996582,-1.0,0.0003035006520804018,0.0,DQN_RND,0.0005,0.99,mountaincar,dense
3,514,-200.0,200,0.922929048538208,-1.0,0.00027982608298771083,0.0,DQN_RND,0.0005,0.99,mountaincar,dense
3,515,-200.0,200,0.896570086479187,-1.0,0.0003102234040852636,0.0,DQN_RND,0.0005,0.99,mountaincar,dense
3,516,-200.0,200,0.9254987239837646,-1.0,0.0002954692463390529,0.0,DQN_RND,0.0005,0.99,mountaincar,dense
3,517,-200.0,200,0.89899742603302,-1.0,0.00027905686874873936,0.0,DQN_RND,0.0005,0.99,mountaincar,dense
3,518,-200.0,200,0.874543309211731,-1.0,0.0002850766177289188,0.0,DQN_RND,0.0005,0.99,mountaincar,dense
3,519,-200.0,200,0.9339029788970947,-1.0,0.0002749364066403359,0.0,DQN_RND,0.0005,0.99,mountaincar,dense
3,520,-200.0,200,0.9085208177566528,-1.0,0.0002066929155262187,0.0,DQN_RND,0.0005,0.99,mountaincar,dense
3,521,-200.0,200,0.9294146299362183,-1.0,0.00021074838878121227,0.0,DQN_RND,0.0005,0.99,mountaincar,dense
3,522,-200.0,200,0.9036200046539307,-1.0,0.00020983729336876422,0.0,DQN_RND,0.0005,0.99,mountaincar,dense
3,523,-200.0,200,0.8802248239517212,-1.0,0.0001893060252768919,0.0,DQN_RND,0.0005,0.99,mountaincar,dense
3,524,-200.0,200,0.9146742820739746,-1.0,0.0002150905638700351,0.0,DQN_RND,0.0005,0.99,mountaincar,dense
3,525,-200.0,200,0.8900207877159119,-1.0,0.0001988048607017845,0.0,DQN_RND,0.0005,0.99,mountaincar,dense
3,526,-200.0,200,0.9032326936721802,-1.0,0.00022669043391942978,0.0,DQN_RND,0.0005,0.99,mountaincar,dense
3,527,-200.0,200,0.8754349946975708,-1.0,0.00020154329831711948,0.0,DQN_RND,0.0005,0.99,mountaincar,dense
3,528,-200.0,200,0.8479856848716736,-1.0,0.00019831296231132,0.0,DQN_RND,0.0005,0.99,mountaincar,dense
3,529,-200.0,200,0.8851414322853088,-1.0,0.0001781928731361404,0.0,DQN_RND,0.0005,0.99,mountaincar,dense
3,530,-200.0,200,0.8586805462837219,-1.0,0.0001786538487067446,0.0,DQN_RND,0.0005,0.99,mountaincar,dense
3,531,-200.0,200,0.8827048540115356,-1.0,0.00020859400683548301,0.0,DQN_RND,0.0005,0.99,mountaincar,dense
3,532,-200.0,200,0.8510928750038147,-1.0,0.00020850783039350063,0.0,DQN_RND,0.0005,0.99,mountaincar,dense
3,533,-200.0,200,0.8202595114707947,-1.0,0.00018881300638895482,0.0,DQN_RND,0.0005,0.99,mountaincar,dense
3,534,-200.0,200,0.8654400110244751,-1.0,0.00019437234732322395,0.0,DQN_RND,0.0005,0.99,mountaincar,dense
3,535,-200.0,200,0.8391063809394836,-1.0,0.00018789175373967737,0.0,DQN_RND,0.0005,0.99,mountaincar,dense
3,536,-200.0,200,0.8625500202178955,-1.0,0.00021682660735677928,0.0,DQN_RND,0.0005,0.99,mountaincar,dense
3,537,-200.0,200,0.8362466096878052,-1.0,0.00018264609389007092,0.0,DQN_RND,0.0005,0.99,mountaincar,dense
3,538,-200.0,200,0.8085693120956421,-1.0,0.00018996013386640698,0.0,DQN_RND,0.0005,0.99,mountaincar,dense
3,539,-200.0,200,0.8489816784858704,-1.0,0.00019457492453511804,0.0,DQN_RND,0.0005,0.99,mountaincar,dense
3,540,-200.0,200,0.8226745128631592,-1.0,0.00019748958584386855,0.0,DQN_RND,0.0005,0.99,mountaincar,dense
3,541,-200.0,200,0.842666506767273,-1.0,0.0001951890008058399,0.0,DQN_RND,0.0005,0.99,mountaincar,dense
3,542,-200.0,200,0.8211225271224976,-1.0,0.00018943876784760505,0.0,DQN_RND,0.0005,0.99,mountaincar,dense
3,543,-200.0,200,0.7975615859031677,-1.0,0.0001920347276609391,0.0,DQN_RND,0.0005,0.99,mountaincar,dense
3,544,-200.0,200,0.839918315410614,-1.0,0.00019313610391691327,0.0,DQN_RND,0.0005,0.99,mountaincar,dense
3,545,-200.0,200,0.815337598323822,-1.0,0.00019542216614354402,0.0,DQN_RND,0.0005,0.99,mountaincar,dense
3,546,-200.0,200,0.8286468982696533,-1.0,0.00018587902013678104,0.0,DQN_RND,0.0005,0.99,mountaincar,dense
3,547,-200.0,200,0.8119446039199829,-1.0,0.00019061921921093017,0.0,DQN_RND,0.0005,0.99,mountaincar,dense
3,548,-200.0,200,0.7842026948928833,-1.0,0.00019170351151842624,0.0,DQN_RND,0.0005,0.99,mountaincar,dense
3,549,-200.0,200,0.8438496589660645,-1.0,0.0001729529321892187,0.0,DQN_RND,0.0005,0.99,mountaincar,dense
3,550,-200.0,200,0.8041301965713501,-1.0,0.0001894257584353909,0.0,DQN_RND,0.0005,0.99,mountaincar,dense
3,551,-200.0,200,0.8349238038063049,-1.0,0.00019017088925465941,0.0,DQN_RND,0.0005,0.99,mountaincar,dense
3,552,-200.0,200,0.801622748374939,-1.0,0.00018572188855614513,0.0,DQN_RND,0.0005,0.99,mountaincar,dense
3,553,-200.0,200,0.7782782912254333,-1.0,0.0001999091327888891,0.0,DQN_RND,0.0005,0.99,mountaincar,dense
3,554,-200.0,200,0.8229361176490784,-1.0,0.00019630073802545667,0.0,DQN_RND,0.0005,0.99,mountaincar,dense
3,555,-200.0,200,0.7856317758560181,-1.0,0.00019203564443159848,0.0,DQN_RND,0.0005,0.99,mountaincar,dense
3,556,-200.0,200,0.8291521668434143,-1.0,0.00018683668167795986,0.0,DQN_RND,0.0005,0.99,mountaincar,dense
3,557,-200.0,200,0.7969372868537903,-1.0,0.0002001309912884608,0.0,DQN_RND,0.0005,0.99,mountaincar,dense
3,558,-200.0,200,0.756568431854248,-1.0,0.00020121224224567413,0.0,DQN_RND,0.0005,0.99,mountaincar,dense
3,559,-200.0,200,0.8307408094406128,-1.0,0.0001882249052869156,0.0,DQN_RND,0.0005,0.99,mountaincar,dense
3,560,-200.0,200,0.7998942732810974,-1.0,0.0002079331607092172,0.0,DQN_RND,0.0005,0.99,mountaincar,dense
3,561,-200.0,200,0.8204520344734192,-1.0,0.00020575158123392612,0.0,DQN_RND,0.0005,0.99,mountaincar,dense
3,562,-200.0,200,0.7963560223579407,-1.0,0.00019701053679455072,0.0,DQN_RND,0.0005,0.99,mountaincar,dense
3,563,-200.0,200,0.7640218138694763,-1.0,0.0003320087562315166,0.0,DQN_RND,0.0005,0.99,mountaincar,dense
3,564,-200.0,200,0.8437297940254211,-1.0,0.000392604386433959,0.0,DQN_RND,0.0005,0.99,mountaincar,dense
3,565,-200.0,200,0.7830629944801331,-1.0,0.00039583336911164224,0.0,DQN_RND,0.0005,0.99,mountaincar,dense
3,566,-200.0,200,0.8063932061195374,-1.0,0.0004371234681457281,0.0,DQN_RND,0.0005,0.99,mountaincar,dense
3,567,-200.0,200,0.7782986760139465,-1.0,0.00038485287223011255,0.0,DQN_RND,0.0005,0.99,mountaincar,dense
3,568,-200.0,200,0.7547231912612915,-1.0,0.00044032433652319014,0.0,DQN_RND,0.0005,0.99,mountaincar,dense
3,569,-200.0,200,0.797304630279541,-1.0,0.00042862555710598826,0.0,DQN_RND,0.0005,0.99,mountaincar,dense
3,570,-200.0,200,0.7507654428482056,-1.0,0.0004132028261665255,0.0,DQN_RND,0.0005,0.99,mountaincar,dense
3,571,-200.0,200,0.8166642189025879,-1.0,0.00043407632620073855,0.0,DQN_RND,0.0005,0.99,mountaincar,dense
3,572,-200.0,200,0.7583164572715759,-1.0,0.0003750428732018918,0.0,DQN_RND,0.0005,0.99,mountaincar,dense
3,573,-200.0,200,0.7037646770477295,-1.0,0.0003761164261959493,0.0,DQN_RND,0.0005,0.99,mountaincar,dense
3,574,-200.0,200,0.7855038642883301,-1.0,0.00041853945003822446,0.0,DQN_RND,0.0005,0.99,mountaincar,dense
3,575,-200.0,200,0.7420148253440857,-1.0,0.00037621098454110324,0.0,DQN_RND,0.0005,0.99,mountaincar,dense
3,576,-200.0,200,0.7774218320846558,-1.0,0.00038997206138446927,0.0,DQN_RND,0.0005,0.99,mountaincar,dense
3,577,-200.0,200,0.7307765483856201,-1.0,0.00039852267946116626,0.0,DQN_RND,0.0005,0.99,mountaincar,dense
3,578,-200.0,200,0.7239775657653809,-1.0,0.00042249291436746716,0.0,DQN_RND,0.0005,0.99,mountaincar,dense
3,579,-200.0,200,0.7468013167381287,-1.0,0.00040010068914853036,0.0,DQN_RND,0.0005,0.99,mountaincar,dense
3,580,-200.0,200,0.7062203288078308,-1.0,0.00041877228068187833,0.0,DQN_RND,0.0005,0.99,mountaincar,dense
3,581,-200.0,200,0.7489951252937317,-1.0,0.0004231351485941559,0.0,DQN_RND,0.0005,0.99,mountaincar,dense
3,582,-200.0,200,0.7635358572006226,-1.0,0.0003794429067056626,0.0,DQN_RND,0.0005,0.99,mountaincar,dense
3,583,-200.0,200,0.6823859214782715,-1.0,0.0003756033256649971,0.0,DQN_RND,0.0005,0.99,mountaincar,dense
3,584,-200.0,200,0.7669993042945862,-1.0,0.0003978268650826067,0.0,DQN_RND,0.0005,0.99,mountaincar,dense
3,585,-200.0,200,0.7317559719085693,-1.0,0.00040615766192786396,0.0,DQN_RND,0.0005,0.99,mountaincar,dense
3,586,-200.0,200,0.7752073407173157,-1.0,0.0004029013798572123,0.0,DQN_RND,0.0005,0.99,mountaincar,dense
3,587,-200.0,200,0.7288221716880798,-1.0,0.0003977300366386771,0.0,DQN_RND,0.0005,0.99,mountaincar,dense
3,588,-200.0,200,0.7053568959236145,-1.0,0.0004285877221263945,0.0,DQN_RND,0.0005,0.99,mountaincar,dense
3,589,-200.0,200,0.7264400720596313,-1.0,0.00039728835690766573,0.0,DQN_RND,0.0005,0.99,mountaincar,dense
3,590,-200.0,200,0.6924782395362854,-1.0,0.0003887148923240602,0.0,DQN_RND,0.0005,0.99,mountaincar,dense
3,591,-200.0,200,0.7366340160369873,-1.0,0.000394337868783623,0.0,DQN_RND,0.0005,0.99,mountaincar,dense
3,592,-200.0,200,0.7178905010223389,-1.0,0.0003600431664381176,0.0,DQN_RND,0.0005,0.99,mountaincar,dense
3,593,-200.0,200,0.6728416085243225,-1.0,0.0004281050933059305,0.0,DQN_RND,0.0005,0.99,mountaincar,dense
3,594,-200.0,200,0.7380861639976501,-1.0,0.0003999534819740802,0.0,DQN_RND,0.0005,0.99,mountaincar,dense
3,595,-200.0,200,0.7084859609603882,-1.0,0.00038928352296352386,0.0,DQN_RND,0.0005,0.99,mountaincar,dense
3,596,-200.0,200,0.7407252192497253,-1.0,0.0004164873680565506,0.0,DQN_RND,0.0005,0.99,mountaincar,dense
3,597,-200.0,200,0.6929803490638733,-1.0,0.00045481821871362627,0.0,DQN_RND,0.0005,0.99,mountaincar,dense
3,598,-200.0,200,0.6817654967308044,-1.0,0.0004112351161893457,0.0,DQN_RND,0.0005,0.99,mountaincar,dense
3,599,-200.0,200,0.7589812874794006,-1.0,0.0004590386524796486,0.0,DQN_RND,0.0005,0.99,mountaincar,dense
3,600,-200.0,200,0.7302383780479431,-1.0,0.00040284445276483893,0.0,DQN_RND,0.0005,0.99,mountaincar,dense
3,601,-200.0,200,0.7430371642112732,-1.0,0.00042560792644508183,0.0,DQN_RND,0.0005,0.99,mountaincar,dense
3,602,-200.0,200,0.7161450386047363,-1.0,0.00039428105810657144,0.0,DQN_RND,0.0005,0.99,mountaincar,dense
3,603,-200.0,200,0.6988735795021057,-1.0,0.0003984749491792172,0.0,DQN_RND,0.0005,0.99,mountaincar,dense
3,604,-200.0,200,0.7851610779762268,-1.0,0.00041791051626205444,0.0,DQN_RND,0.0005,0.99,mountaincar,dense
3,605,-200.0,200,0.7244024276733398,-1.0,0.0003928059886675328,0.0,DQN_RND,0.0005,0.99,mountaincar,dense
3,606,-200.0,200,0.7670040130615234,-1.0,0.0004808900412172079,0.0,DQN_RND,0.0005,0.99,mountaincar,dense
3,607,-200.0,200,0.7097163796424866,-1.0,0.00042534866952337325,0.0,DQN_RND,0.0005,0.99,mountaincar,dense
3,608,-200.0,200,0.7404718399047852,-1.0,0.0004297378472983837,0.0,DQN_RND,0.0005,0.99,mountaincar,dense
3,609,-200.0,200,0.796684205532074,-1.0,0.00041548561421222985,0.0,DQN_RND,0.0005,0.99,mountaincar,dense
3,610,-200.0,200,0.7313597798347473,-1.0,0.000449871935416013,0.0,DQN_RND,0.0005,0.99,mountaincar,dense
3,611,-200.0,200,0.784017026424408,-1.0,0.00036919815465807915,0.0,DQN_RND,0.0005,0.99,mountaincar,dense
3,612,-200.0,200,0.7341585159301758,-1.0,0.00041651632636785507,0.0,DQN_RND,0.0005,0.99,mountaincar,dense
3,613,-200.0,200,0.7365524768829346,-1.0,0.00043729293975047767,0.0,DQN_RND,0.0005,0.99,mountaincar,dense
3,614,-200.0,200,0.786431074142456,-1.0,0.0004521071386989206,0.0,DQN_RND,0.0005,0.99,mountaincar,dense
3,615,-200.0,200,0.7667715549468994,-1.0,0.00038438107003457844,0.0,DQN_RND,0.0005,0.99,mountaincar,dense
3,616,-200.0,200,0.8512028455734253,-1.0,0.0004502467636484653,0.0,DQN_RND,0.0005,0.99,mountaincar,dense
3,617,-200.0,200,0.8170561790466309,-1.0,0.00042510993080213666,0.0,DQN_RND,0.0005,0.99,mountaincar,dense
3,618,-200.0,200,0.7876685261726379,-1.0,0.0004355666460469365,0.0,DQN_RND,0.0005,0.99,mountaincar,dense
3,619,-200.0,200,0.8372621536254883,-1.0,0.00037881030584685504,0.0,DQN_RND,0.0005,0.99,mountaincar,dense
3,620,-200.0,200,0.7603739500045776,-1.0,0.00042698680772446096,0.0,DQN_RND,0.0005,0.99,mountaincar,dense
3,621,-200.0,200,0.965816080570221,-1.0,0.0004079578793607652,0.0,DQN_RND,0.0005,0.99,mountaincar,dense
3,622,-200.0,200,0.8355517387390137,-1.0,0.00041103584226220846,0.0,DQN_RND,0.0005,0.99,mountaincar,dense
3,623,-200.0,200,0.8333045244216919,-1.0,0.00045311349094845355,0.0,DQN_RND,0.0005,0.99,mountaincar,dense
3,624,-200.0,200,0.8713744878768921,-1.0,0.00042792264139279723,0.0,DQN_RND,0.0005,0.99,mountaincar,dense
3,625,-200.0,200,0.7815089821815491,-1.0,0.0003884261823259294,0.0,DQN_RND,0.0005,0.99,mountaincar,dense
3,626,-200.0,200,0.8904300332069397,-1.0,0.00037887346115894616,0.0,DQN_RND,0.0005,0.99,mountaincar,dense
3,627,-200.0,200,0.837370753288269,-1.0,0.0002826539275702089,0.0,DQN_RND,0.0005,0.99,mountaincar,dense
3,628,-200.0,200,0.7405053377151489,-1.0,0.00016987808339763433,0.0,DQN_RND,0.0005,0.99,mountaincar,dense
3,629,-200.0,200,0.9129691123962402,-1.0,0.00019819439330603927,0.0,DQN_RND,0.0005,0.99,mountaincar,dense
3,630,-200.0,200,0.8737171292304993,-1.0,0.00027208455139771104,0.0,DQN_RND,0.0005,0.99,mountaincar,dense
3,631,-200.0,200,0.9647905826568604,-1.0,0.0002531991631258279,0.0,DQN_RND,0.0005,0.99,mountaincar,dense
3,632,-200.0,200,0.8275271058082581,-1.0,0.0002648847585078329,0.0,DQN_RND,0.0005,0.99,mountaincar,dense
3,633,-200.0,200,0.86805659532547,-1.0,0.00027158024022355676,0.0,DQN_RND,0.0005,0.99,mountaincar,dense
3,634,-200.0,200,0.7884050607681274,-1.0,0.0002660596219357103,0.0,DQN_RND,0.0005,0.99,mountaincar,dense
3,635,-200.0,200,0.707405149936676,-1.0,0.00027664421941153705,0.0,DQN_RND,0.0005,0.99,mountaincar,dense
3,636,-200.0,200,0.8158033490180969,-1.0,0.0002911161573138088,0.0,DQN_RND,0.0005,0.99,mountaincar,dense
3,637,-200.0,200,0.7675511240959167,-1.0,0.0002539381675887853,0.0,DQN_RND,0.0005,0.99,mountaincar,dense
3,638,-200.0,200,0.6792817115783691,-1.0,0.00029782403726130724,0.0,DQN_RND,0.0005,0.99,mountaincar,dense
3,639,-200.0,200,0.8243200182914734,-1.0,0.00027721148217096925,0.0,DQN_RND,0.0005,0.99,mountaincar,dense
3,640,-200.0,200,0.8096120357513428,-1.0,0.00026537859230302274,0.0,DQN_RND,0.0005,0.99,mountaincar,dense
3,641,-200.0,200,0.7221511602401733,-1.0,0.0002651963441167027,0.0,DQN_RND,0.0005,0.99,mountaincar,dense
3,642,-200.0,200,0.665022075176239,-1.0,0.00025988067500293255,0.0,DQN_RND,0.0005,0.99,mountaincar,dense
3,643,-200.0,200,0.6391297578811646,-1.0,0.00027718080673366785,0.0,DQN_RND,0.0005,0.99,mountaincar,dense
3,644,-200.0,200,0.827290415763855,-1.0,0.00027529141516424716,0.0,DQN_RND,0.0005,0.99,mountaincar,dense
3,645,-200.0,200,0.7196361422538757,-1.0,0.00026314210845157504,0.0,DQN_RND,0.0005,0.99,mountaincar,dense
3,646,-200.0,200,0.7025494575500488,-1.0,0.0002587829658295959,0.0,DQN_RND,0.0005,0.99,mountaincar,dense
3,647,-200.0,200,0.6881815195083618,-1.0,0.0002741991775110364,0.0,DQN_RND,0.0005,0.99,mountaincar,dense
3,648,-200.0,200,0.6002532839775085,-1.0,0.000254760030657053,0.0,DQN_RND,0.0005,0.99,mountaincar,dense
3,649,-200.0,200,0.6441009044647217,-1.0,0.0002559515123721212,0.0,DQN_RND,0.0005,0.99,mountaincar,dense
3,650,-200.0,200,0.6149480938911438,-1.0,0.00025135971372947097,0.0,DQN_RND,0.0005,0.99,mountaincar,dense
3,651,-200.0,200,0.8165730834007263,-1.0,0.00025661222753115,0.0,DQN_RND,0.0005,0.99,mountaincar,dense
3,652,-200.0,200,0.6018182635307312,-1.0,0.00026472139870747924,0.0,DQN_RND,0.0005,0.99,mountaincar,dense
3,653,-200.0,200,0.6307761669158936,-1.0,0.00028152039158158004,0.0,DQN_RND,0.0005,0.99,mountaincar,dense
3,654,-200.0,200,0.7401214838027954,-1.0,0.0002690352266654372,0.0,DQN_RND,0.0005,0.99,mountaincar,dense
3,655,-200.0,200,0.5889434218406677,-1.0,0.00026327683008275926,0.0,DQN_RND,0.0005,0.99,mountaincar,dense
3,656,-200.0,200,0.6911251544952393,-1.0,0.0002604599285405129,0.0,DQN_RND,0.0005,0.99,mountaincar,dense
3,657,-200.0,200,0.571934700012207,-1.0,0.000275058439001441,0.0,DQN_RND,0.0005,0.99,mountaincar,dense
3,658,-200.0,200,0.5576931238174438,-1.0,0.00024665682576596737,0.0,DQN_RND,0.0005,0.99,mountaincar,dense
3,659,-200.0,200,0.743282675743103,-1.0,0.00025278888642787933,0.0,DQN_RND,0.0005,0.99,mountaincar,dense
3,660,-200.0,200,0.6251664161682129,-1.0,0.0002919505932368338,0.0,DQN_RND,0.0005,0.99,mountaincar,dense
3,661,-200.0,200,0.7341749668121338,-1.0,0.00026226547197438776,0.0,DQN_RND,0.0005,0.99,mountaincar,dense
3,662,-200.0,200,0.5785225629806519,-1.0,0.00025041945627890527,0.0,DQN_RND,0.0005,0.99,mountaincar,dense
3,663,-200.0,200,0.5582538843154907,-1.0,0.0002732645079959184,0.0,DQN_RND,0.0005,0.99,mountaincar,dense
3,664,-200.0,200,0.9530107975006104,-1.0,0.0002916606026701629,0.0,DQN_RND,0.0005,0.99,mountaincar,dense
3,665,-200.0,200,0.6923497319221497,-1.0,0.0002479437389411032,0.0,DQN_RND,0.0005,0.99,mountaincar,dense
3,666,-200.0,200,0.6924687623977661,-1.0,0.00025033921701833606,0.0,DQN_RND,0.0005,0.99,mountaincar,dense
3,667,-200.0,200,0.8541154861450195,-1.0,0.00026559524121694267,0.0,DQN_RND,0.0005,0.99,mountaincar,dense
3,668,-200.0,200,0.6174710988998413,-1.0,0.0002523508155718446,0.0,DQN_RND,0.0005,0.99,mountaincar,dense
3,669,-200.0,200,0.6763331890106201,-1.0,0.0002633538097143173,0.0,DQN_RND,0.0005,0.99,mountaincar,dense
3,670,-200.0,200,0.8354887962341309,-1.0,0.00024669122649356723,0.0,DQN_RND,0.0005,0.99,mountaincar,dense
3,671,-200.0,200,0.9262669682502747,-1.0,0.00025145962717942894,0.0,DQN_RND,0.0005,0.99,mountaincar,dense
3,672,-200.0,200,0.7590979337692261,-1.0,0.0002502232964616269,0.0,DQN_RND,0.0005,0.99,mountaincar,dense
3,673,-200.0,200,0.5821515321731567,-1.0,0.0002729731204453856,0.0,DQN_RND,0.0005,0.99,mountaincar,dense
3,674,-200.0,200,0.9073143601417542,-1.0,0.00026075573987327516,0.0,DQN_RND,0.0005,0.99,mountaincar,dense
3,675,-200.0,200,0.6962751746177673,-1.0,0.00019162104581482708,0.0,DQN_RND,0.0005,0.99,mountaincar,dense
3,676,-200.0,200,1.025662899017334,-1.0,0.00015724172408226877,0.0,DQN_RND,0.0005,0.99,mountaincar,dense
3,677,-200.0,200,0.6127796769142151,-1.0,0.0001525817351648584,0.0,DQN_RND,0.0005,0.99,mountaincar,dense
3,678,-200.0,200,0.822259783744812,-1.0,0.00015546646318398416,0.0,DQN_RND,0.0005,0.99,mountaincar,dense
3,679,-200.0,200,0.8664246797561646,-1.0,0.0001720552972983569,0.0,DQN_RND,0.0005,0.99,mountaincar,dense
3,680,-200.0,200,0.7263035774230957,-1.0,0.00016056725871749222,0.0,DQN_RND,0.0005,0.99,mountaincar,dense
3,681,-200.0,200,0.724245548248291,-1.0,0.0001588621671544388,0.0,DQN_RND,0.0005,0.99,mountaincar,dense
3,682,-200.0,200,0.6224137544631958,-1.0,0.00014910918253008276,0.0,DQN_RND,0.0005,0.99,mountaincar,dense
3,683,-200.0,200,0.6229560971260071,-1.0,0.00016864881035871804,0.0,DQN_RND,0.0005,0.99,mountaincar,dense
3,684,-200.0,200,0.8384926319122314,-1.0,0.0001615969667909667,0.0,DQN_RND,0.0005,0.99,mountaincar,dense
3,685,-200.0,200,0.6111433506011963,-1.0,0.0001553080219309777,0.0,DQN_RND,0.0005,0.99,mountaincar,dense
3,686,-200.0,200,0.5106856226921082,-1.0,0.0001496721088187769,0.0,DQN_RND,0.0005,0.99,mountaincar,dense
3,687,-200.0,200,0.48427221179008484,-1.0,0.00015611853450536728,0.0,DQN_RND,0.0005,0.99,mountaincar,dense
3,688,-200.0,200,0.5019182562828064,-1.0,0.0001625964359845966,0.0,DQN_RND,0.0005,0.99,mountaincar,dense
3,689,-200.0,200,0.5524141788482666,-1.0,0.00015889506903477013,0.0,DQN_RND,0.0005,0.99,mountaincar,dense
3,690,-200.0,200,0.7219640612602234,-1.0,0.00015896314289420843,0.0,DQN_RND,0.0005,0.99,mountaincar,dense
3,691,-200.0,200,0.6541017293930054,-1.0,0.0001658561814110726,0.0,DQN_RND,0.0005,0.99,mountaincar,dense
3,692,-200.0,200,0.6403322815895081,-1.0,0.00014828720304649323,0.0,DQN_RND,0.0005,0.99,mountaincar,dense
3,693,-200.0,200,0.40949222445487976,-1.0,0.00014620507135987282,0.0,DQN_RND,0.0005,0.99,mountaincar,dense
3,694,-200.0,200,0.5816706418991089,-1.0,0.00014692809781990945,0.0,DQN_RND,0.0005,0.99,mountaincar,dense
3,695,-200.0,200,0.6597932577133179,-1.0,0.00015168926620390266,0.0,DQN_RND,0.0005,0.99,mountaincar,dense
3,696,-200.0,200,0.7257699966430664,-1.0,0.00014886904682498425,0.0,DQN_RND,0.0005,0.99,mountaincar,dense
3,697,-200.0,200,0.4804455041885376,-1.0,0.00014578383706975728,0.0,DQN_RND,0.0005,0.99,mountaincar,dense
3,698,-200.0,200,0.6098769903182983,-1.0,0.0001549929875181988,0.0,DQN_RND,0.0005,0.99,mountaincar,dense
3,699,-200.0,200,0.6497763395309448,-1.0,0.00014016454224474728,0.0,DQN_RND,0.0005,0.99,mountaincar,dense
3,700,-200.0,200,0.7961945533752441,-1.0,0.00014888946316204965,0.0,DQN_RND,0.0005,0.99,mountaincar,dense
3,701,-200.0,200,0.4797019362449646,-1.0,0.0001424156071152538,0.0,DQN_RND,0.0005,0.99,mountaincar,dense
3,702,-200.0,200,0.7048698663711548,-1.0,0.00014727658708579838,0.0,DQN_RND,0.0005,0.99,mountaincar,dense
3,703,-200.0,200,0.7445664405822754,-1.0,0.00015975158021319658,0.0,DQN_RND,0.0005,0.99,mountaincar,dense
3,704,-200.0,200,0.6778790354728699,-1.0,0.00014711396943312138,0.0,DQN_RND,0.0005,0.99,mountaincar,dense
3,705,-200.0,200,0.564133882522583,-1.0,0.0001485368120484054,0.0,DQN_RND,0.0005,0.99,mountaincar,dense
3,706,-200.0,200,0.6933848857879639,-1.0,0.00016435052384622395,0.0,DQN_RND,0.0005,0.99,mountaincar,dense
3,707,-200.0,200,0.5133181214332581,-1.0,0.0001422763743903488,0.0,DQN_RND,0.0005,0.99,mountaincar,dense
3,708,-200.0,200,0.4348042607307434,-1.0,0.00015380329568870366,0.0,DQN_RND,0.0005,0.99,mountaincar,dense
3,709,-200.0,200,0.7643215656280518,-1.0,0.00013718967966269702,0.0,DQN_RND,0.0005,0.99,mountaincar,dense
3,710,-200.0,200,0.6458694338798523,-1.0,0.00014233363617677242,0.0,DQN_RND,0.0005,0.99,mountaincar,dense
3,711,-200.0,200,0.9243602752685547,-1.0,0.00014363750233314931,0.0,DQN_RND,0.0005,0.99,mountaincar,dense
3,712,-200.0,200,0.6687104105949402,-1.0,0.00016828469233587384,0.0,DQN_RND,0.0005,0.99,mountaincar,dense
3,713,-200.0,200,1.0190521478652954,-1.0,0.00015142341726459563,0.0,DQN_RND,0.0005,0.99,mountaincar,dense
3,714,-200.0,200,0.6743422746658325,-1.0,0.0001501497463323176,0.0,DQN_RND,0.0005,0.99,mountaincar,dense
3,715,-200.0,200,0.8695749640464783,-1.0,0.00014992585056461394,0.0,DQN_RND,0.0005,0.99,mountaincar,dense
3,716,-200.0,200,0.9620198011398315,-1.0,0.0001343436015304178,0.0,DQN_RND,0.0005,0.99,mountaincar,dense
3,717,-200.0,200,0.5762389302253723,-1.0,0.00013665332517120987,0.0,DQN_RND,0.0005,0.99,mountaincar,dense
3,718,-200.0,200,0.9118512868881226,-1.0,0.00016692825010977685,0.0,DQN_RND,0.0005,0.99,mountaincar,dense
3,719,-200.0,200,0.5872189402580261,-1.0,0.0001419519103365019,0.0,DQN_RND,0.0005,0.99,mountaincar,dense
3,720,-200.0,200,0.7193716764450073,-1.0,0.000141101932968013,0.0,DQN_RND,0.0005,0.99,mountaincar,dense
3,721,-200.0,200,1.2094272375106812,-1.0,0.00014374541933648288,0.0,DQN_RND,0.0005,0.99,mountaincar,dense
3,722,-200.0,200,1.1990562677383423,-1.0,0.00013397652946878225,0.0,DQN_RND,0.0005,0.99,mountaincar,dense
3,723,-200.0,200,0.835463285446167,-1.0,0.000140226271469146,0.0,DQN_RND,0.0005,0.99,mountaincar,dense
3,724,-200.0,200,0.9487099647521973,-1.0,0.00013824214693158865,0.0,DQN_RND,0.0005,0.99,mountaincar,dense
3,725,-200.0,200,0.958195686340332,-1.0,0.00015125829668249935,0.0,DQN_RND,0.0005,0.99,mountaincar,dense
3,726,-200.0,200,0.9035249948501587,-1.0,0.0001428251271136105,0.0,DQN_RND,0.0005,0.99,mountaincar,dense
3,727,-200.0,200,0.6919710636138916,-1.0,0.00015423304284922779,0.0,DQN_RND,0.0005,0.99,mountaincar,dense
3,728,-200.0,200,1.006528615951538,-1.0,0.00015375230577774346,0.0,DQN_RND,0.0005,0.99,mountaincar,dense
3,729,-200.0,200,1.0337456464767456,-1.0,0.00037482715561054647,0.0,DQN_RND,0.0005,0.99,mountaincar,dense
3,730,-200.0,200,0.8552078008651733,-1.0,0.00044607374002225697,0.0,DQN_RND,0.0005,0.99,mountaincar,dense
3,731,-200.0,200,0.6204030513763428,-1.0,0.00041860074270516634,0.0,DQN_RND,0.0005,0.99,mountaincar,dense
3,732,-200.0,200,0.43537989258766174,-1.0,0.0004545809351839125,0.0,DQN_RND,0.0005,0.99,mountaincar,dense
3,733,-200.0,200,0.7451372742652893,-1.0,0.0003861858567688614,0.0,DQN_RND,0.0005,0.99,mountaincar,dense
3,734,-200.0,200,1.1295216083526611,-1.0,0.0004472907166928053,0.0,DQN_RND,0.0005,0.99,mountaincar,dense
3,735,-200.0,200,0.7630932331085205,-1.0,0.00035838934127241373,0.0,DQN_RND,0.0005,0.99,mountaincar,dense
3,736,-200.0,200,0.7626661062240601,-1.0,0.000452576408861205,0.0,DQN_RND,0.0005,0.99,mountaincar,dense
3,737,-200.0,200,1.22691810131073,-1.0,0.00036852885386906564,0.0,DQN_RND,0.0005,0.99,mountaincar,dense
3,738,-200.0,200,0.27620890736579895,-1.0,0.00044884905219078064,0.0,DQN_RND,0.0005,0.99,mountaincar,dense
3,739,-200.0,200,0.7200881242752075,-1.0,0.00036939236451871693,0.0,DQN_RND,0.0005,0.99,mountaincar,dense
3,740,-200.0,200,1.212517499923706,-1.0,0.0004227877943776548,0.0,DQN_RND,0.0005,0.99,mountaincar,dense
3,741,-200.0,200,1.2332247495651245,-1.0,0.0003901938907802105,0.0,DQN_RND,0.0005,0.99,mountaincar,dense
3,742,-200.0,200,0.3441980481147766,-1.0,0.00041782742482610047,0.0,DQN_RND,0.0005,0.99,mountaincar,dense
3,743,-200.0,200,1.447183609008789,-1.0,0.00039949422352947295,0.0,DQN_RND,0.0005,0.99,mountaincar,dense
3,744,-200.0,200,1.900521159172058,-1.0,0.0004028688999824226,0.0,DQN_RND,0.0005,0.99,mountaincar,dense
3,745,-200.0,200,1.3804073333740234,-1.0,0.0003845653263852,0.0,DQN_RND,0.0005,0.99,mountaincar,dense
3,746,-200.0,200,0.9453771114349365,-1.0,0.0003891585802193731,0.0,DQN_RND,0.0005,0.99,mountaincar,dense
3,747,-200.0,200,0.5847861766815186,-1.0,0.0004925563116557896,0.0,DQN_RND,0.0005,0.99,mountaincar,dense
3,748,-200.0,200,1.6234217882156372,-1.0,0.00035998644307255745,0.0,DQN_RND,0.0005,0.99,mountaincar,dense
3,749,-200.0,200,0.9695600271224976,-1.0,0.0004875895392615348,0.0,DQN_RND,0.0005,0.99,mountaincar,dense
3,750,-200.0,200,1.517204761505127,-1.0,0.0003863893507514149,0.0,DQN_RND,0.0005,0.99,mountaincar,dense
3,751,-200.0,200,1.8394715785980225,-1.0,0.0004088755522388965,0.0,DQN_RND,0.0005,0.99,mountaincar,dense
3,752,-200.0,200,0.9130035042762756,-1.0,0.000378107390133664,0.0,DQN_RND,0.0005,0.99,mountaincar,dense
3,753,-200.0,200,0.7847049236297607,-1.0,0.0004046569229103625,0.0,DQN_RND,0.0005,0.99,mountaincar,dense
3,754,-200.0,200,0.46437913179397583,-1.0,0.00043857924174517393,0.0,DQN_RND,0.0005,0.99,mountaincar,dense
3,755,-200.0,200,0.6552780866622925,-1.0,0.0003871055960189551,0.0,DQN_RND,0.0005,0.99,mountaincar,dense
3,756,-200.0,200,0.6755696535110474,-1.0,0.0003881951852235943,0.0,DQN_RND,0.0005,0.99,mountaincar,dense
3,757,-200.0,200,1.2701256275177002,-1.0,0.0003532444534357637,0.0,DQN_RND,0.0005,0.99,mountaincar,dense
3,758,-200.0,200,1.181340217590332,-1.0,0.0003852840745821595,0.0,DQN_RND,0.0005,0.99,mountaincar,dense
3,759,-200.0,200,1.1357526779174805,-1.0,0.0003972697304561734,0.0,DQN_RND,0.0005,0.99,mountaincar,dense
3,760,-200.0,200,2.8326447010040283,-1.0,0.0004084993852302432,0.0,DQN_RND,0.0005,0.99,mountaincar,dense
3,761,-200.0,200,2.291879177093506,-1.0,0.00038981414400041103,0.0,DQN_RND,0.0005,0.99,mountaincar,dense
3,762,-200.0,200,0.6803029179573059,-1.0,0.0004318919964134693,0.0,DQN_RND,0.0005,0.99,mountaincar,dense
3,763,-200.0,200,1.349940299987793,-1.0,0.0003837966942228377,0.0,DQN_RND,0.0005,0.99,mountaincar,dense
3,764,-200.0,200,1.4900532960891724,-1.0,0.00043989482219330966,0.0,DQN_RND,0.0005,0.99,mountaincar,dense
3,765,-200.0,200,1.49079430103302,-1.0,0.00037144916132092476,0.0,DQN_RND,0.0005,0.99,mountaincar,dense
3,766,-200.0,200,1.3554755449295044,-1.0,0.0004220128757879138,0.0,DQN_RND,0.0005,0.99,mountaincar,dense
3,767,-200.0,200,1.6307435035705566,-1.0,0.0003757286467589438,0.0,DQN_RND,0.0005,0.99,mountaincar,dense
3,768,-200.0,200,0.1779927909374237,-1.0,0.0004185176221653819,0.0,DQN_RND,0.0005,0.99,mountaincar,dense
3,769,-200.0,200,1.4626097679138184,-1.0,0.0004503361415117979,0.0,DQN_RND,0.0005,0.99,mountaincar,dense
3,770,-200.0,200,3.027921438217163,-1.0,0.0003742072149179876,0.0,DQN_RND,0.0005,0.99,mountaincar,dense
3,771,-200.0,200,1.8313146829605103,-1.0,0.0004592342593241483,0.0,DQN_RND,0.0005,0.99,mountaincar,dense
3,772,-200.0,200,2.560901165008545,-1.0,0.00039150050724856555,0.0,DQN_RND,0.0005,0.99,mountaincar,dense
3,773,-200.0,200,0.8735406994819641,-1.0,0.0002566905750427395,0.0,DQN_RND,0.0005,0.99,mountaincar,dense
3,774,-200.0,200,0.9290308356285095,-1.0,0.0002516639360692352,0.0,DQN_RND,0.0005,0.99,mountaincar,dense
3,775,-200.0,200,2.5329947471618652,-1.0,0.00023143870930653065,0.0,DQN_RND,0.0005,0.99,mountaincar,dense
3,776,-200.0,200,2.3643808364868164,-1.0,0.00023090456670615822,0.0,DQN_RND,0.0005,0.99,mountaincar,dense
3,777,-200.0,200,2.6020703315734863,-1.0,0.00023728699306957424,0.0,DQN_RND,0.0005,0.99,mountaincar,dense
3,778,-200.0,200,1.2569704055786133,-1.0,0.00023069932649377733,0.0,DQN_RND,0.0005,0.99,mountaincar,dense
3,779,-200.0,200,1.6082932949066162,-1.0,0.00023680309823248535,0.0,DQN_RND,0.0005,0.99,mountaincar,dense
3,780,-200.0,200,0.6638376712799072,-1.0,0.00024037130060605705,0.0,DQN_RND,0.0005,0.99,mountaincar,dense
3,781,-200.0,200,1.994750738143921,-1.0,0.00022994460596237332,0.0,DQN_RND,0.0005,0.99,mountaincar,dense
3,782,-200.0,200,1.384276270866394,-1.0,0.0002344191016163677,0.0,DQN_RND,0.0005,0.99,mountaincar,dense
3,783,-200.0,200,1.1935696601867676,-1.0,0.0002324852830497548,0.0,DQN_RND,0.0005,0.99,mountaincar,dense
3,784,-200.0,200,2.1276509761810303,-1.0,0.00023140994017012417,0.0,DQN_RND,0.0005,0.99,mountaincar,dense
3,785,-200.0,200,2.7390389442443848,-1.0,0.00023981809499673545,0.0,DQN_RND,0.0005,0.99,mountaincar,dense
3,786,-200.0,200,2.523728847503662,-1.0,0.00022922026982996613,0.0,DQN_RND,0.0005,0.99,mountaincar,dense
3,787,-200.0,200,2.6923303604125977,-1.0,0.0002537865366321057,0.0,DQN_RND,0.0005,0.99,mountaincar,dense
3,788,-200.0,200,0.71924889087677,-1.0,0.00024283432867377996,0.0,DQN_RND,0.0005,0.99,mountaincar,dense
3,789,-200.0,200,1.916500449180603,-1.0,0.0002335719036636874,0.0,DQN_RND,0.0005,0.99,mountaincar,dense
3,790,-200.0,200,3.406935691833496,-1.0,0.00023565463197883219,0.0,DQN_RND,0.0005,0.99,mountaincar,dense
3,791,-200.0,200,2.79541015625,-1.0,0.00022629176964983344,0.0,DQN_RND,0.0005,0.99,mountaincar,dense
3,792,-200.0,200,0.8211557269096375,-1.0,0.00024186960945371538,0.0,DQN_RND,0.0005,0.99,mountaincar,dense
3,793,-200.0,200,4.317192554473877,-1.0,0.00022786876070313156,0.0,DQN_RND,0.0005,0.99,mountaincar,dense
3,794,-200.0,200,1.0156018733978271,-1.0,0.00023486028658226132,0.0,DQN_RND,0.0005,0.99,mountaincar,dense
3,795,-200.0,200,0.8245853185653687,-1.0,0.0002362883824389428,0.0,DQN_RND,0.0005,0.99,mountaincar,dense
3,796,-200.0,200,0.9960076212882996,-1.0,0.00023703763145022094,0.0,DQN_RND,0.0005,0.99,mountaincar,dense
3,797,-200.0,200,3.299407958984375,-1.0,0.0002293561410624534,0.0,DQN_RND,0.0005,0.99,mountaincar,dense
3,798,-200.0,200,1.8487401008605957,-1.0,0.00022935536981094629,0.0,DQN_RND,0.0005,0.99,mountaincar,dense
3,799,-200.0,200,1.7319068908691406,-1.0,0.0002369773283135146,0.0,DQN_RND,0.0005,0.99,mountaincar,dense
3,800,-200.0,200,0.8881372809410095,-1.0,0.00023566801974084228,0.0,DQN_RND,0.0005,0.99,mountaincar,dense
3,801,-200.0,200,3.5933845043182373,-1.0,0.00022686220472678542,0.0,DQN_RND,0.0005,0.99,mountaincar,dense
3,802,-200.0,200,1.80788254737854,-1.0,0.000234941384405829,0.0,DQN_RND,0.0005,0.99,mountaincar,dense
3,803,-200.0,200,2.554111957550049,-1.0,0.00022796710254624486,0.0,DQN_RND,0.0005,0.99,mountaincar,dense
3,804,-200.0,200,2.2002665996551514,-1.0,0.0002251133118988946,0.0,DQN_RND,0.0005,0.99,mountaincar,dense
3,805,-200.0,200,2.73954439163208,-1.0,0.00024482939625158906,0.0,DQN_RND,0.0005,0.99,mountaincar,dense
3,806,-200.0,200,3.241633892059326,-1.0,0.00035167872556485236,0.0,DQN_RND,0.0005,0.99,mountaincar,dense
3,807,-200.0,200,1.766606092453003,-1.0,0.0003850382345262915,0.0,DQN_RND,0.0005,0.99,mountaincar,dense
3,808,-200.0,200,1.0472697019577026,-1.0,0.00038409364060498774,0.0,DQN_RND,0.0005,0.99,mountaincar,dense
3,809,-200.0,200,3.6283717155456543,-1.0,0.0003913146210834384,0.0,DQN_RND,0.0005,0.99,mountaincar,dense
3,810,-200.0,200,0.888944685459137,-1.0,0.0002502138668205589,0.0,DQN_RND,0.0005,0.99,mountaincar,dense
3,811,-200.0,200,2.430729866027832,-1.0,0.0002497283276170492,0.0,DQN_RND,0.0005,0.99,mountaincar,dense
3,812,-200.0,200,2.6527514457702637,-1.0,0.0002300603227922693,0.0,DQN_RND,0.0005,0.99,mountaincar,dense
3,813,-200.0,200,1.837993860244751,-1.0,0.00023061376123223454,0.0,DQN_RND,0.0005,0.99,mountaincar,dense
3,814,-200.0,200,4.303936004638672,-1.0,0.00022459546744357795,0.0,DQN_RND,0.0005,0.99,mountaincar,dense
3,815,-200.0,200,0.18637514114379883,-1.0,0.00021937326528131962,0.0,DQN_RND,0.0005,0.99,mountaincar,dense
3,816,-200.0,200,4.22595739364624,-1.0,0.00022842406178824604,0.0,DQN_RND,0.0005,0.99,mountaincar,dense
3,817,-200.0,200,2.111827850341797,-1.0,0.00023099644749891013,0.0,DQN_RND,0.0005,0.99,mountaincar,dense
3,818,-200.0,200,2.047940254211426,-1.0,0.0002541846188250929,0.0,DQN_RND,0.0005,0.99,mountaincar,dense
3,819,-200.0,200,2.5150272846221924,-1.0,0.00022196545614860952,0.0,DQN_RND,0.0005,0.99,mountaincar,dense
3,820,-200.0,200,6.324533462524414,-1.0,0.0002202732430305332,0.0,DQN_RND,0.0005,0.99,mountaincar,dense
3,821,-200.0,200,1.4157981872558594,-1.0,0.00022717914544045925,0.0,DQN_RND,0.0005,0.99,mountaincar,dense
3,822,-200.0,200,4.637389183044434,-1.0,0.00022792250092606992,0.0,DQN_RND,0.0005,0.99,mountaincar,dense
3,823,-200.0,200,3.057647466659546,-1.0,0.00010572069732006639,0.0,DQN_RND,0.0005,0.99,mountaincar,dense
3,824,-200.0,200,1.4407951831817627,-1.0,0.0002480020048096776,0.0,DQN_RND,0.0005,0.99,mountaincar,dense
3,825,-200.0,200,2.786487102508545,-1.0,0.00012544059427455068,0.0,DQN_RND,0.0005,0.99,mountaincar,dense
3,826,-200.0,200,6.6288933753967285,-1.0,0.00010594827472232282,0.0,DQN_RND,0.0005,0.99,mountaincar,dense
3,827,-200.0,200,0.16300486028194427,-1.0,0.00014134059892967343,0.0,DQN_RND,0.0005,0.99,mountaincar,dense
3,828,-200.0,200,0.9538325071334839,-1.0,0.00011551409988896921,0.0,DQN_RND,0.0005,0.99,mountaincar,dense
3,829,-200.0,200,3.2357254028320312,-1.0,0.0001118977161240764,0.0,DQN_RND,0.0005,0.99,mountaincar,dense
3,830,-200.0,200,6.503468990325928,-1.0,0.00011286107474006712,0.0,DQN_RND,0.0005,0.99,mountaincar,dense
3,831,-200.0,200,2.833153009414673,-1.0,0.00012787427112925798,0.0,DQN_RND,0.0005,0.99,mountaincar,dense
3,832,-200.0,200,0.10688156634569168,-1.0,0.00010901413770625368,0.0,DQN_RND,0.0005,0.99,mountaincar,dense
3,833,-200.0,200,3.00730037689209,-1.0,0.00011255592835368589,0.0,DQN_RND,0.0005,0.99,mountaincar,dense
3,834,-200.0,200,1.5290268659591675,-1.0,0.00011255119898123667,0.0,DQN_RND,0.0005,0.99,mountaincar,dense
3,835,-200.0,200,5.807196617126465,-1.0,0.00012755290663335472,0.0,DQN_RND,0.0005,0.99,mountaincar,dense
3,836,-200.0,200,0.284818172454834,-1.0,0.0001244973682332784,0.0,DQN_RND,0.0005,0.99,mountaincar,dense
3,837,-200.0,200,4.333845138549805,-1.0,0.00011942768469452858,0.0,DQN_RND,0.0005,0.99,mountaincar,dense
3,838,-200.0,200,7.063340187072754,-1.0,0.00012053034879500046,0.0,DQN_RND,0.0005,0.99,mountaincar,dense
3,839,-200.0,200,3.1969239711761475,-1.0,0.00037192870513536036,0.0,DQN_RND,0.0005,0.99,mountaincar,dense
3,840,-200.0,200,3.673002243041992,-1.0,0.00011417710629757494,0.0,DQN_RND,0.0005,0.99,mountaincar,dense
3,841,-200.0,200,2.7157082557678223,-1.0,0.00011320536577841267,0.0,DQN_RND,0.0005,0.99,mountaincar,dense
3,842,-200.0,200,4.687287330627441,-1.0,0.00013828206283506006,0.0,DQN_RND,0.0005,0.99,mountaincar,dense
3,843,-200.0,200,4.757476806640625,-1.0,0.00011044660641346127,0.0,DQN_RND,0.0005,0.99,mountaincar,dense
3,844,-200.0,200,0.26544976234436035,-1.0,0.000122096884297207,0.0,DQN_RND,0.0005,0.99,mountaincar,dense
3,845,-200.0,200,2.222249746322632,-1.0,0.00011335869930917397,0.0,DQN_RND,0.0005,0.99,mountaincar,dense
3,846,-200.0,200,3.5060043334960938,-1.0,0.00011282509512966499,0.0,DQN_RND,0.0005,0.99,mountaincar,dense
3,847,-200.0,200,0.10006939619779587,-1.0,0.00010955440666293725,0.0,DQN_RND,0.0005,0.99,mountaincar,dense
3,848,-200.0,200,3.073023796081543,-1.0,0.00011112441279692575,0.0,DQN_RND,0.0005,0.99,mountaincar,dense
3,849,-200.0,200,2.210479736328125,-1.0,0.00010726955224527046,0.0,DQN_RND,0.0005,0.99,mountaincar,dense
3,850,-200.0,200,5.470655918121338,-1.0,0.00011657713912427425,0.0,DQN_RND,0.0005,0.99,mountaincar,dense
3,851,-200.0,200,5.184045791625977,-1.0,0.00010951881267828867,0.0,DQN_RND,0.0005,0.99,mountaincar,dense
3,852,-200.0,200,1.4692680835723877,-1.0,0.00011055465438403189,0.0,DQN_RND,0.0005,0.99,mountaincar,dense
3,853,-200.0,200,0.03806857019662857,-1.0,0.00014191992522682995,0.0,DQN_RND,0.0005,0.99,mountaincar,dense
3,854,-200.0,200,8.112541198730469,-1.0,0.00010337511048419401,0.0,DQN_RND,0.0005,0.99,mountaincar,dense
3,855,-200.0,200,5.29133415222168,-1.0,0.00010047402611235157,0.0,DQN_RND,0.0005,0.99,mountaincar,dense
3,856,-200.0,200,6.444977283477783,-1.0,0.00010637500963639468,0.0,DQN_RND,0.0005,0.99,mountaincar,dense
3,857,-200.0,200,9.058621406555176,-1.0,0.0001157687947852537,0.0,DQN_RND,0.0005,0.99,mountaincar,dense
3,858,-200.0,200,7.390012741088867,-1.0,0.0001107766802306287,0.0,DQN_RND,0.0005,0.99,mountaincar,dense
3,859,-200.0,200,3.320096969604492,-1.0,0.00010545526311034337,0.0,DQN_RND,0.0005,0.99,mountaincar,dense
3,860,-200.0,200,4.475645542144775,-1.0,0.00011147712211823091,0.0,DQN_RND,0.0005,0.99,mountaincar,dense
3,861,-200.0,200,6.8901591300964355,-1.0,0.00012948781659360975,0.0,DQN_RND,0.0005,0.99,mountaincar,dense
3,862,-200.0,200,11.758915901184082,-1.0,0.00021433146321214736,0.0,DQN_RND,0.0005,0.99,mountaincar,dense
3,863,-200.0,200,0.11486050486564636,-1.0,0.0003269221924711019,0.0,DQN_RND,0.0005,0.99,mountaincar,dense
3,864,-200.0,200,1.8500008583068848,-1.0,0.0003846875624731183,0.0,DQN_RND,0.0005,0.99,mountaincar,dense
3,865,-200.0,200,3.7471187114715576,-1.0,0.00010547800047788769,0.0,DQN_RND,0.0005,0.99,mountaincar,dense
3,866,-200.0,200,4.064958572387695,-1.0,0.00022934479056857526,0.0,DQN_RND,0.0005,0.99,mountaincar,dense
3,867,-200.0,200,4.914846420288086,-1.0,0.0002283081557834521,0.0,DQN_RND,0.0005,0.99,mountaincar,dense
3,868,-200.0,200,9.755136489868164,-1.0,0.0004418191674631089,0.0,DQN_RND,0.0005,0.99,mountaincar,dense
3,869,-200.0,200,7.123011589050293,-1.0,0.0003838342963717878,0.0,DQN_RND,0.0005,0.99,mountaincar,dense
3,870,-200.0,200,2.1508214473724365,-1.0,0.0003850788052659482,0.0,DQN_RND,0.0005,0.99,mountaincar,dense
3,871,-200.0,200,4.593981742858887,-1.0,0.0004142381949350238,0.0,DQN_RND,0.0005,0.99,mountaincar,dense
3,872,-200.0,200,6.753969669342041,-1.0,0.000415764661738649,0.0,DQN_RND,0.0005,0.99,mountaincar,dense
3,873,-200.0,200,8.205232620239258,-1.0,0.00042318046325817704,0.0,DQN_RND,0.0005,0.99,mountaincar,dense
3,874,-200.0,200,2.027107000350952,-1.0,0.0003902848984580487,0.0,DQN_RND,0.0005,0.99,mountaincar,dense
3,875,-200.0,200,2.577333450317383,-1.0,0.0004133288748562336,0.0,DQN_RND,0.0005,0.99,mountaincar,dense
3,876,-200.0,200,4.458366394042969,-1.0,0.0003766405861824751,0.0,DQN_RND,0.0005,0.99,mountaincar,dense
3,877,-200.0,200,12.098779678344727,-1.0,0.0004349489463493228,0.0,DQN_RND,0.0005,0.99,mountaincar,dense
3,878,-200.0,200,12.759452819824219,-1.0,0.0002148406347259879,0.0,DQN_RND,0.0005,0.99,mountaincar,dense
3,879,-200.0,200,9.801665306091309,-1.0,0.00022876526054460555,0.0,DQN_RND,0.0005,0.99,mountaincar,dense
3,880,-200.0,200,2.2235214710235596,-1.0,0.0004110215522814542,0.0,DQN_RND,0.0005,0.99,mountaincar,dense
3,881,-200.0,200,4.22667932510376,-1.0,0.0004977152566425502,0.0,DQN_RND,0.0005,0.99,mountaincar,dense
3,882,-200.0,200,3.9936022758483887,-1.0,0.00044273375533521175,0.0,DQN_RND,0.0005,0.99,mountaincar,dense
3,883,-200.0,200,0.03546484559774399,-1.0,0.00048345743562094867,0.0,DQN_RND,0.0005,0.99,mountaincar,dense
3,884,-200.0,200,14.820402145385742,-1.0,0.00043743097921833396,0.0,DQN_RND,0.0005,0.99,mountaincar,dense
3,885,-200.0,200,7.86445426940918,-1.0,0.0002151482185581699,0.0,DQN_RND,0.0005,0.99,mountaincar,dense
3,886,-200.0,200,8.218036651611328,-1.0,0.00038589557516388595,0.0,DQN_RND,0.0005,0.99,mountaincar,dense
3,887,-200.0,200,4.739326477050781,-1.0,0.00029643988818861544,0.0,DQN_RND,0.0005,0.99,mountaincar,dense
3,888,-200.0,200,4.996242046356201,-1.0,0.0004284122260287404,0.0,DQN_RND,0.0005,0.99,mountaincar,dense
3,889,-200.0,200,2.0430495738983154,-1.0,0.00037934319698251784,0.0,DQN_RND,0.0005,0.99,mountaincar,dense
3,890,-200.0,200,6.369126319885254,-1.0,0.0004301756853237748,0.0,DQN_RND,0.0005,0.99,mountaincar,dense
3,891,-200.0,200,4.182824611663818,-1.0,0.00036489084595814347,0.0,DQN_RND,0.0005,0.99,mountaincar,dense
3,892,-200.0,200,2.054433822631836,-1.0,0.00011876851931447163,0.0,DQN_RND,0.0005,0.99,mountaincar,dense
3,893,-200.0,200,4.8196845054626465,-1.0,0.00011133969383081421,0.0,DQN_RND,0.0005,0.99,mountaincar,dense
3,894,-200.0,200,14.784164428710938,-1.0,9.538013546261936e-05,0.0,DQN_RND,0.0005,0.99,mountaincar,dense
3,895,-200.0,200,8.054804801940918,-1.0,0.00021914439275860786,0.0,DQN_RND,0.0005,0.99,mountaincar,dense
3,896,-200.0,200,7.920231342315674,-1.0,0.0004074798198416829,0.0,DQN_RND,0.0005,0.99,mountaincar,dense
3,897,-200.0,200,3.8111653327941895,-1.0,0.0003806939348578453,0.0,DQN_RND,0.0005,0.99,mountaincar,dense
3,898,-200.0,200,8.646703720092773,-1.0,0.00027481550932861865,0.0,DQN_RND,0.0005,0.99,mountaincar,dense
3,899,-200.0,200,4.57513952255249,-1.0,0.0003944078634958714,0.0,DQN_RND,0.0005,0.99,mountaincar,dense
3,900,-200.0,200,9.473485946655273,-1.0,0.0004133234906475991,0.0,DQN_RND,0.0005,0.99,mountaincar,dense
3,901,-200.0,200,7.9921979904174805,-1.0,0.00044591265032067895,0.0,DQN_RND,0.0005,0.99,mountaincar,dense
3,902,-200.0,200,10.758600234985352,-1.0,0.0003933697007596493,0.0,DQN_RND,0.0005,0.99,mountaincar,dense
3,903,-200.0,200,4.839410305023193,-1.0,0.0004653281648643315,0.0,DQN_RND,0.0005,0.99,mountaincar,dense
3,904,-200.0,200,2.7397990226745605,-1.0,0.0004068459093105048,0.0,DQN_RND,0.0005,0.99,mountaincar,dense
3,905,-200.0,200,4.947118759155273,-1.0,0.00039453632780350745,0.0,DQN_RND,0.0005,0.99,mountaincar,dense
3,906,-200.0,200,18.094940185546875,-1.0,0.0003234920441173017,0.0,DQN_RND,0.0005,0.99,mountaincar,dense
3,907,-200.0,200,16.56437873840332,-1.0,0.00039881470729596913,0.0,DQN_RND,0.0005,0.99,mountaincar,dense
3,908,-200.0,200,5.675533294677734,-1.0,0.00037364469608291984,0.0,DQN_RND,0.0005,0.99,mountaincar,dense
3,909,-200.0,200,14.667814254760742,-1.0,0.000446720136096701,0.0,DQN_RND,0.0005,0.99,mountaincar,dense
3,910,-200.0,200,15.086837768554688,-1.0,0.00021616750746034086,0.0,DQN_RND,0.0005,0.99,mountaincar,dense
3,911,-200.0,200,5.994507789611816,-1.0,0.00041298335418105125,0.0,DQN_RND,0.0005,0.99,mountaincar,dense
3,912,-200.0,200,10.510396957397461,-1.0,0.000302881991956383,0.0,DQN_RND,0.0005,0.99,mountaincar,dense
3,913,-200.0,200,5.779125213623047,-1.0,0.00021055020624771714,0.0,DQN_RND,0.0005,0.99,mountaincar,dense
3,914,-200.0,200,14.471479415893555,-1.0,0.0002635535493027419,0.0,DQN_RND,0.0005,0.99,mountaincar,dense
3,915,-200.0,200,8.305826187133789,-1.0,0.00020762160420417786,0.0,DQN_RND,0.0005,0.99,mountaincar,dense
3,916,-200.0,200,8.044297218322754,-1.0,0.00022110278951004148,0.0,DQN_RND,0.0005,0.99,mountaincar,dense
3,917,-200.0,200,2.7829267978668213,-1.0,0.00020867686544079334,0.0,DQN_RND,0.0005,0.99,mountaincar,dense
3,918,-200.0,200,0.0404500849545002,-1.0,0.0002064323052763939,0.0,DQN_RND,0.0005,0.99,mountaincar,dense
3,919,-200.0,200,8.23498249053955,-1.0,0.00021363170526456088,0.0,DQN_RND,0.0005,0.99,mountaincar,dense
3,920,-200.0,200,5.367215633392334,-1.0,0.00020665492047555745,0.0,DQN_RND,0.0005,0.99,mountaincar,dense
3,921,-200.0,200,10.132037162780762,-1.0,9.759070962900296e-05,0.0,DQN_RND,0.0005,0.99,mountaincar,dense
3,922,-200.0,200,7.0988006591796875,-1.0,0.0004020511405542493,0.0,DQN_RND,0.0005,0.99,mountaincar,dense
3,923,-200.0,200,11.886645317077637,-1.0,0.0004405064391903579,0.0,DQN_RND,0.0005,0.99,mountaincar,dense
3,924,-200.0,200,5.5143609046936035,-1.0,0.0004008666437584907,0.0,DQN_RND,0.0005,0.99,mountaincar,dense
3,925,-200.0,200,7.032157897949219,-1.0,0.0004350623639766127,0.0,DQN_RND,0.0005,0.99,mountaincar,dense
3,926,-200.0,200,6.863309383392334,-1.0,0.0003874391259159893,0.0,DQN_RND,0.0005,0.99,mountaincar,dense
3,927,-200.0,200,25.361858367919922,-1.0,0.00043573512812145054,0.0,DQN_RND,0.0005,0.99,mountaincar,dense
3,928,-200.0,200,10.25118350982666,-1.0,0.00045957567635923624,0.0,DQN_RND,0.0005,0.99,mountaincar,dense
3,929,-200.0,200,13.420613288879395,-1.0,0.00038794762804172933,0.0,DQN_RND,0.0005,0.99,mountaincar,dense
3,930,-200.0,200,13.986403465270996,-1.0,0.0004541232774499804,0.0,DQN_RND,0.0005,0.99,mountaincar,dense
3,931,-200.0,200,7.360760688781738,-1.0,0.00038384724757634103,0.0,DQN_RND,0.0005,0.99,mountaincar,dense
3,932,-200.0,200,9.42697525024414,-1.0,0.000408586987759918,0.0,DQN_RND,0.0005,0.99,mountaincar,dense
3,933,-200.0,200,4.5077972412109375,-1.0,0.00041167379822582006,0.0,DQN_RND,0.0005,0.99,mountaincar,dense
3,934,-200.0,200,14.531091690063477,-1.0,0.0004487741971388459,0.0,DQN_RND,0.0005,0.99,mountaincar,dense
3,935,-200.0,200,18.3095703125,-1.0,9.130653779720888e-05,0.0,DQN_RND,0.0005,0.99,mountaincar,dense
3,936,-200.0,200,2.9326634407043457,-1.0,9.564108040649444e-05,0.0,DQN_RND,0.0005,0.99,mountaincar,dense
3,937,-200.0,200,9.974284172058105,-1.0,9.355959628010169e-05,0.0,DQN_RND,0.0005,0.99,mountaincar,dense
3,938,-200.0,200,6.097520351409912,-1.0,0.00037763119325973094,0.0,DQN_RND,0.0005,0.99,mountaincar,dense
3,939,-200.0,200,10.46609878540039,-1.0,0.0004280321591068059,0.0,DQN_RND,0.0005,0.99,mountaincar,dense
3,940,-200.0,200,11.46911334991455,-1.0,0.00040317990351468325,0.0,DQN_RND,0.0005,0.99,mountaincar,dense
3,941,-200.0,200,10.030280113220215,-1.0,0.00020962124108336866,0.0,DQN_RND,0.0005,0.99,mountaincar,dense
3,942,-200.0,200,13.660362243652344,-1.0,0.00022598971554543823,0.0,DQN_RND,0.0005,0.99,mountaincar,dense
3,943,-200.0,200,0.12093234062194824,-1.0,0.0002186826168326661,0.0,DQN_RND,0.0005,0.99,mountaincar,dense
3,944,-200.0,200,0.10807015001773834,-1.0,0.00020726457296404988,0.0,DQN_RND,0.0005,0.99,mountaincar,dense
3,945,-200.0,200,2.163912773132324,-1.0,0.00020263201440684497,0.0,DQN_RND,0.0005,0.99,mountaincar,dense
3,946,-200.0,200,17.692485809326172,-1.0,0.00022036026348359883,0.0,DQN_RND,0.0005,0.99,mountaincar,dense
3,947,-200.0,200,8.080998420715332,-1.0,0.0003935457789339125,0.0,DQN_RND,0.0005,0.99,mountaincar,dense
3,948,-200.0,200,2.253247022628784,-1.0,0.00041651862557046115,0.0,DQN_RND,0.0005,0.99,mountaincar,dense
3,949,-200.0,200,19.09496307373047,-1.0,0.00042096240213140845,0.0,DQN_RND,0.0005,0.99,mountaincar,dense
3,950,-200.0,200,0.15340939164161682,-1.0,0.00034207251155748963,0.0,DQN_RND,0.0005,0.99,mountaincar,dense
3,951,-200.0,200,3.450627326965332,-1.0,0.0002028350136242807,0.0,DQN_RND,0.0005,0.99,mountaincar,dense
3,952,-200.0,200,4.57070779800415,-1.0,0.00020987875177524984,0.0,DQN_RND,0.0005,0.99,mountaincar,dense
3,953,-200.0,200,2.8281350135803223,-1.0,0.00020192653755657375,0.0,DQN_RND,0.0005,0.99,mountaincar,dense
3,954,-200.0,200,6.82096004486084,-1.0,0.00022183415421750396,0.0,DQN_RND,0.0005,0.99,mountaincar,dense
3,955,-200.0,200,8.285984992980957,-1.0,0.00020291931286919862,0.0,DQN_RND,0.0005,0.99,mountaincar,dense
3,956,-200.0,200,7.347936153411865,-1.0,0.00020296061120461673,0.0,DQN_RND,0.0005,0.99,mountaincar,dense
3,957,-200.0,200,12.039082527160645,-1.0,0.00020312293781898916,0.0,DQN_RND,0.0005,0.99,mountaincar,dense
3,958,-200.0,200,3.3616766929626465,-1.0,0.00020049787417519838,0.0,DQN_RND,0.0005,0.99,mountaincar,dense
3,959,-200.0,200,9.862298965454102,-1.0,0.0002008083974942565,0.0,DQN_RND,0.0005,0.99,mountaincar,dense
3,960,-200.0,200,4.566099166870117,-1.0,0.00040682315011508763,0.0,DQN_RND,0.0005,0.99,mountaincar,dense
3,961,-200.0,200,11.903252601623535,-1.0,0.00043359125265851617,0.0,DQN_RND,0.0005,0.99,mountaincar,dense
3,962,-200.0,200,3.194901704788208,-1.0,0.0003875684051308781,0.0,DQN_RND,0.0005,0.99,mountaincar,dense
3,963,-200.0,200,19.087772369384766,-1.0,0.0002011256292462349,0.0,DQN_RND,0.0005,0.99,mountaincar,dense
3,964,-200.0,200,8.090641021728516,-1.0,0.00022117787739261985,0.0,DQN_RND,0.0005,0.99,mountaincar,dense
3,965,-200.0,200,19.188352584838867,-1.0,0.0002013007178902626,0.0,DQN_RND,0.0005,0.99,mountaincar,dense
3,966,-200.0,200,9.46197509765625,-1.0,0.0003681124944705516,0.0,DQN_RND,0.0005,0.99,mountaincar,dense
3,967,-200.0,200,8.553108215332031,-1.0,0.00044945842819288373,0.0,DQN_RND,0.0005,0.99,mountaincar,dense
3,968,-200.0,200,6.637413501739502,-1.0,0.00038261996814981103,0.0,DQN_RND,0.0005,0.99,mountaincar,dense
3,969,-200.0,200,14.149370193481445,-1.0,0.00010216204827884212,0.0,DQN_RND,0.0005,0.99,mountaincar,dense
3,970,-200.0,200,8.015874862670898,-1.0,0.0003788101894315332,0.0,DQN_RND,0.0005,0.99,mountaincar,dense
3,971,-200.0,200,27.155534744262695,-1.0,0.00039136785198934376,0.0,DQN_RND,0.0005,0.99,mountaincar,dense
3,972,-200.0,200,12.238594055175781,-1.0,0.00021263791131787002,0.0,DQN_RND,0.0005,0.99,mountaincar,dense
3,973,-200.0,200,0.07661796361207962,-1.0,9.267221321351826e-05,0.0,DQN_RND,0.0005,0.99,mountaincar,dense
3,974,-200.0,200,0.11677506566047668,-1.0,8.389547292608768e-05,0.0,DQN_RND,0.0005,0.99,mountaincar,dense
3,975,-200.0,200,3.065308094024658,-1.0,8.102045831037685e-05,0.0,DQN_RND,0.0005,0.99,mountaincar,dense
3,976,-200.0,200,8.231054306030273,-1.0,8.632804383523762e-05,0.0,DQN_RND,0.0005,0.99,mountaincar,dense
3,977,-200.0,200,0.07306589186191559,-1.0,8.108830661512911e-05,0.0,DQN_RND,0.0005,0.99,mountaincar,dense
3,978,-200.0,200,6.904961585998535,-1.0,9.224800305673853e-05,0.0,DQN_RND,0.0005,0.99,mountaincar,dense
3,979,-200.0,200,9.877446174621582,-1.0,8.800582145340741e-05,0.0,DQN_RND,0.0005,0.99,mountaincar,dense
3,980,-200.0,200,3.9261868000030518,-1.0,0.00010048154217656702,0.0,DQN_RND,0.0005,0.99,mountaincar,dense
3,981,-200.0,200,22.014890670776367,-1.0,8.691862603882328e-05,0.0,DQN_RND,0.0005,0.99,mountaincar,dense
3,982,-200.0,200,3.2854394912719727,-1.0,9.400873386766762e-05,0.0,DQN_RND,0.0005,0.99,mountaincar,dense
3,983,-200.0,200,4.107036113739014,-1.0,0.00010076550825033337,0.0,DQN_RND,0.0005,0.99,mountaincar,dense
3,984,-200.0,200,14.011141777038574,-1.0,0.00010732751979958266,0.0,DQN_RND,0.0005,0.99,mountaincar,dense
3,985,-200.0,200,13.020853042602539,-1.0,0.00019717024406418204,0.0,DQN_RND,0.0005,0.99,mountaincar,dense
3,986,-200.0,200,17.624284744262695,-1.0,0.00019693764625117183,0.0,DQN_RND,0.0005,0.99,mountaincar,dense
3,987,-200.0,200,0.07674813270568848,-1.0,0.00019698690448421985,0.0,DQN_RND,0.0005,0.99,mountaincar,dense
3,988,-200.0,200,16.085918426513672,-1.0,0.0002055284712696448,0.0,DQN_RND,0.0005,0.99,mountaincar,dense
3,989,-200.0,200,4.834420204162598,-1.0,9.099949238589033e-05,0.0,DQN_RND,0.0005,0.99,mountaincar,dense
3,990,-200.0,200,4.201598644256592,-1.0,8.516439265804365e-05,0.0,DQN_RND,0.0005,0.99,mountaincar,dense
3,991,-200.0,200,13.07848072052002,-1.0,8.417653589276597e-05,0.0,DQN_RND,0.0005,0.99,mountaincar,dense
3,992,-200.0,200,0.07774968445301056,-1.0,0.00020472847972996533,0.0,DQN_RND,0.0005,0.99,mountaincar,dense
3,993,-200.0,200,25.96306610107422,-1.0,0.00019575166516005993,0.0,DQN_RND,0.0005,0.99,mountaincar,dense
3,994,-200.0,200,13.491363525390625,-1.0,0.00019637956575024873,0.0,DQN_RND,0.0005,0.99,mountaincar,dense
3,995,-200.0,200,17.44976806640625,-1.0,0.0004257329856045544,0.0,DQN_RND,0.0005,0.99,mountaincar,dense
3,996,-200.0,200,16.28653335571289,-1.0,0.00038218568079173565,0.0,DQN_RND,0.0005,0.99,mountaincar,dense
3,997,-200.0,200,18.883237838745117,-1.0,0.00021004260634072125,0.0,DQN_RND,0.0005,0.99,mountaincar,dense
3,998,-200.0,200,14.195348739624023,-1.0,0.00041570732719264925,0.0,DQN_RND,0.0005,0.99,mountaincar,dense
3,999,-200.0,200,4.9088969230651855,-1.0,0.0004006778763141483,0.0,DQN_RND,0.0005,0.99,mountaincar,dense
3,1000,-200.0,200,8.90949821472168,-1.0,0.0004457797040231526,0.0,DQN_RND,0.0005,0.99,mountaincar,dense
