seed,episode,reward,episode_length,loss,eval_success_rate,intrinsic_reward,policy_entropy,algorithm,learning_rate,gamma,env_name,reward_type
0,1,-1.0,200,0.004352367017418146,-1.0,0.0004370190144982189,0.0,DQN_RND,0.001,0.99,mountaincar,sparse
0,2,-1.0,200,0.0043134260922670364,-1.0,0.00047255391837097704,0.0,DQN_RND,0.001,0.99,mountaincar,sparse
0,3,-1.0,200,0.002287367358803749,-1.0,0.00044598928070627153,0.0,DQN_RND,0.001,0.99,mountaincar,sparse
0,4,-1.0,200,0.007376715540885925,-1.0,0.000439491996075958,0.0,DQN_RND,0.001,0.99,mountaincar,sparse
0,5,-1.0,200,0.0023260859306901693,-1.0,0.0004212437488604337,0.0,DQN_RND,0.001,0.99,mountaincar,sparse
0,6,-1.0,200,0.0033474955707788467,-1.0,0.00044590680045075715,0.0,DQN_RND,0.001,0.99,mountaincar,sparse
0,7,-1.0,200,0.007402635645121336,-1.0,0.00043287291191518307,0.0,DQN_RND,0.001,0.99,mountaincar,sparse
0,8,-1.0,200,0.0053671314381062984,-1.0,0.00041998212691396475,0.0,DQN_RND,0.001,0.99,mountaincar,sparse
0,9,-1.0,200,0.008399724960327148,-1.0,0.00043793354416266084,0.0,DQN_RND,0.001,0.99,mountaincar,sparse
0,10,-1.0,200,0.0022556304465979338,-1.0,0.0004413131973706186,0.0,DQN_RND,0.001,0.99,mountaincar,sparse
0,11,-1.0,200,0.002246654825285077,-1.0,0.0004267413751222193,0.0,DQN_RND,0.001,0.99,mountaincar,sparse
0,12,-1.0,200,0.005298578180372715,-1.0,0.00044353966950438917,0.0,DQN_RND,0.001,0.99,mountaincar,sparse
0,13,-1.0,200,0.005339568480849266,-1.0,0.00041843950748443604,0.0,DQN_RND,0.001,0.99,mountaincar,sparse
0,14,-1.0,200,0.0072378236800432205,-1.0,0.00041352419066242874,0.0,DQN_RND,0.001,0.99,mountaincar,sparse
0,15,-1.0,200,0.005242352373898029,-1.0,0.000443578785052523,0.0,DQN_RND,0.001,0.99,mountaincar,sparse
0,16,-1.0,200,0.004272790625691414,-1.0,0.0004235514788888395,0.0,DQN_RND,0.001,0.99,mountaincar,sparse
0,17,-1.0,200,0.006192714907228947,-1.0,0.00044843732030130923,0.0,DQN_RND,0.001,0.99,mountaincar,sparse
0,18,-1.0,200,0.003186538117006421,-1.0,0.00042565743206068873,0.0,DQN_RND,0.001,0.99,mountaincar,sparse
0,19,-1.0,200,0.011258339509367943,-1.0,0.0004473291919566691,0.0,DQN_RND,0.001,0.99,mountaincar,sparse
0,20,-1.0,200,0.0032553449273109436,-1.0,0.0004254537052474916,0.0,DQN_RND,0.001,0.99,mountaincar,sparse
0,21,-1.0,200,0.004224119242280722,-1.0,0.0004015413287561387,0.0,DQN_RND,0.001,0.99,mountaincar,sparse
0,22,-1.0,200,0.006214106921106577,-1.0,0.0004181866243015975,0.0,DQN_RND,0.001,0.99,mountaincar,sparse
0,23,-1.0,200,0.003242410020902753,-1.0,0.00042954765376634896,0.0,DQN_RND,0.001,0.99,mountaincar,sparse
0,24,-1.0,200,0.006154091563075781,-1.0,0.0004378190787974745,0.0,DQN_RND,0.001,0.99,mountaincar,sparse
0,25,-1.0,200,0.005190850701183081,-1.0,0.00043501571053639054,0.0,DQN_RND,0.001,0.99,mountaincar,sparse
0,26,-1.0,200,0.004164181649684906,-1.0,0.00042468184255994856,0.0,DQN_RND,0.001,0.99,mountaincar,sparse
0,27,-1.0,200,0.0032008991111069918,-1.0,0.0004314384423196316,0.0,DQN_RND,0.001,0.99,mountaincar,sparse
0,28,-1.0,200,0.005120748188346624,-1.0,0.00042290365672670305,0.0,DQN_RND,0.001,0.99,mountaincar,sparse
0,29,-1.0,200,0.004140287172049284,-1.0,0.0004063174710609019,0.0,DQN_RND,0.001,0.99,mountaincar,sparse
0,30,-1.0,200,0.0031361766159534454,-1.0,0.00042962792213074863,0.0,DQN_RND,0.001,0.99,mountaincar,sparse
0,31,-1.0,200,0.008242429234087467,-1.0,0.0004048443224746734,0.0,DQN_RND,0.001,0.99,mountaincar,sparse
0,32,-1.0,200,0.007150177378207445,-1.0,0.00037965478259138763,0.0,DQN_RND,0.001,0.99,mountaincar,sparse
0,33,-1.0,200,0.00619894964620471,-1.0,0.0003945938660763204,0.0,DQN_RND,0.001,0.99,mountaincar,sparse
0,34,-1.0,200,0.007201953325420618,-1.0,0.00040178486960940063,0.0,DQN_RND,0.001,0.99,mountaincar,sparse
0,35,-1.0,200,0.004189038649201393,-1.0,0.0004074008029419929,0.0,DQN_RND,0.001,0.99,mountaincar,sparse
0,36,-1.0,200,0.0072466107085347176,-1.0,0.0004018080944661051,0.0,DQN_RND,0.001,0.99,mountaincar,sparse
0,37,-1.0,200,0.007123996503651142,-1.0,0.00040036739665083587,0.0,DQN_RND,0.001,0.99,mountaincar,sparse
0,38,-1.0,200,0.005196676589548588,-1.0,0.0004172527987975627,0.0,DQN_RND,0.001,0.99,mountaincar,sparse
0,39,-1.0,200,0.006161401513963938,-1.0,0.00039790658047422767,0.0,DQN_RND,0.001,0.99,mountaincar,sparse
0,40,-1.0,200,0.003152018180117011,-1.0,0.0004226899181958288,0.0,DQN_RND,0.001,0.99,mountaincar,sparse
0,41,-1.0,200,0.006130772642791271,-1.0,0.0003966287476941943,0.0,DQN_RND,0.001,0.99,mountaincar,sparse
0,42,-1.0,200,0.007175698410719633,-1.0,0.00037007153150625527,0.0,DQN_RND,0.001,0.99,mountaincar,sparse
0,43,-1.0,200,0.002163559664040804,-1.0,0.0004121617821510881,0.0,DQN_RND,0.001,0.99,mountaincar,sparse
0,44,-1.0,200,0.004203834105283022,-1.0,0.0003972433914896101,0.0,DQN_RND,0.001,0.99,mountaincar,sparse
0,45,-1.0,200,0.005163376219570637,-1.0,0.00041725661139935255,0.0,DQN_RND,0.001,0.99,mountaincar,sparse
0,46,-1.0,200,0.005125695839524269,-1.0,0.0003901091404259205,0.0,DQN_RND,0.001,0.99,mountaincar,sparse
0,47,-1.0,200,0.006167305167764425,-1.0,0.0004435486625880003,0.0,DQN_RND,0.001,0.99,mountaincar,sparse
0,48,-1.0,200,0.005159360356628895,-1.0,0.00037042185431346297,0.0,DQN_RND,0.001,0.99,mountaincar,sparse
0,49,-1.0,200,0.005190864205360413,-1.0,0.0004056784382555634,0.0,DQN_RND,0.001,0.99,mountaincar,sparse
0,50,-1.0,200,0.0051460424438118935,-1.0,0.0003743141714949161,0.0,DQN_RND,0.001,0.99,mountaincar,sparse
0,51,-1.0,200,0.006142281927168369,-1.0,0.00040703456033952534,0.0,DQN_RND,0.001,0.99,mountaincar,sparse
0,52,-1.0,200,0.00912779476493597,-1.0,0.000420153810409829,0.0,DQN_RND,0.001,0.99,mountaincar,sparse
0,53,-1.0,200,0.002108759479597211,-1.0,0.00042015433427877724,0.0,DQN_RND,0.001,0.99,mountaincar,sparse
0,54,-1.0,200,0.004208957310765982,-1.0,0.00037956214509904385,0.0,DQN_RND,0.001,0.99,mountaincar,sparse
0,55,-1.0,200,0.0021209490951150656,-1.0,0.00039918083348311484,0.0,DQN_RND,0.001,0.99,mountaincar,sparse
0,56,-1.0,200,0.0031221776735037565,-1.0,0.00036773219471797347,0.0,DQN_RND,0.001,0.99,mountaincar,sparse
0,57,-1.0,200,0.005142701789736748,-1.0,0.0003905038465745747,0.0,DQN_RND,0.001,0.99,mountaincar,sparse
0,58,-1.0,200,0.005110662430524826,-1.0,0.00037084880750626326,0.0,DQN_RND,0.001,0.99,mountaincar,sparse
0,59,-1.0,200,0.004139573313295841,-1.0,0.0003701664390973747,0.0,DQN_RND,0.001,0.99,mountaincar,sparse
0,60,-1.0,200,0.007115091197192669,-1.0,0.00042316573671996593,0.0,DQN_RND,0.001,0.99,mountaincar,sparse
0,61,-1.0,200,0.003095319727435708,-1.0,0.0003841636935248971,0.0,DQN_RND,0.001,0.99,mountaincar,sparse
0,62,-1.0,200,0.008090640418231487,-1.0,0.00037110294215381145,0.0,DQN_RND,0.001,0.99,mountaincar,sparse
0,63,-1.0,200,0.005146917887032032,-1.0,0.0003924430347979069,0.0,DQN_RND,0.001,0.99,mountaincar,sparse
0,64,-1.0,200,0.003105503972619772,-1.0,0.00037766300374642015,0.0,DQN_RND,0.001,0.99,mountaincar,sparse
0,65,-1.0,200,0.005180651322007179,-1.0,0.0004059442726429552,0.0,DQN_RND,0.001,0.99,mountaincar,sparse
0,66,-1.0,200,0.0031599784269928932,-1.0,0.00039237155579030514,0.0,DQN_RND,0.001,0.99,mountaincar,sparse
0,67,-1.0,200,0.004153516609221697,-1.0,0.0003571856359485537,0.0,DQN_RND,0.001,0.99,mountaincar,sparse
0,68,-1.0,200,0.007136355619877577,-1.0,0.0003624793025664985,0.0,DQN_RND,0.001,0.99,mountaincar,sparse
0,69,-1.0,200,0.005099177826195955,-1.0,0.0004075485048815608,0.0,DQN_RND,0.001,0.99,mountaincar,sparse
0,70,-1.0,200,0.004132726229727268,-1.0,0.00036513942177407444,0.0,DQN_RND,0.001,0.99,mountaincar,sparse
0,71,-1.0,200,0.004112632945179939,-1.0,0.0003839162236545235,0.0,DQN_RND,0.001,0.99,mountaincar,sparse
0,72,-1.0,200,0.005069349892437458,-1.0,0.0003729239688254893,0.0,DQN_RND,0.001,0.99,mountaincar,sparse
0,73,-1.0,200,0.004120975732803345,-1.0,0.00035095206112600863,0.0,DQN_RND,0.001,0.99,mountaincar,sparse
0,74,-1.0,200,0.006152170244604349,-1.0,0.0003688157885335386,0.0,DQN_RND,0.001,0.99,mountaincar,sparse
0,75,-1.0,200,0.007093783933669329,-1.0,0.00035755548742599785,0.0,DQN_RND,0.001,0.99,mountaincar,sparse
0,76,-1.0,200,0.0031113596633076668,-1.0,0.0004040925414301455,0.0,DQN_RND,0.001,0.99,mountaincar,sparse
0,77,-1.0,200,0.008156636729836464,-1.0,0.0003465015615802258,0.0,DQN_RND,0.001,0.99,mountaincar,sparse
0,78,-1.0,200,0.004156181588768959,-1.0,0.0003461363085079938,0.0,DQN_RND,0.001,0.99,mountaincar,sparse
0,79,-1.0,200,0.007128208409994841,-1.0,0.00036805469426326454,0.0,DQN_RND,0.001,0.99,mountaincar,sparse
0,80,-1.0,200,0.003129711840301752,-1.0,0.00034685019636526704,0.0,DQN_RND,0.001,0.99,mountaincar,sparse
0,81,-1.0,200,0.005062462761998177,-1.0,0.00034866275382228196,0.0,DQN_RND,0.001,0.99,mountaincar,sparse
0,82,-1.0,200,0.005099291913211346,-1.0,0.00036083630402572453,0.0,DQN_RND,0.001,0.99,mountaincar,sparse
0,83,-1.0,200,0.006123091094195843,-1.0,0.0003679399087559432,0.0,DQN_RND,0.001,0.99,mountaincar,sparse
0,84,-1.0,200,0.008119162172079086,-1.0,0.0003464224573690444,0.0,DQN_RND,0.001,0.99,mountaincar,sparse
0,85,-1.0,200,0.006097243167459965,-1.0,0.00039239798206835985,0.0,DQN_RND,0.001,0.99,mountaincar,sparse
0,86,-1.0,200,0.009163246490061283,-1.0,0.000380288198357448,0.0,DQN_RND,0.001,0.99,mountaincar,sparse
0,87,-1.0,200,0.007115154527127743,-1.0,0.0003620352072175592,0.0,DQN_RND,0.001,0.99,mountaincar,sparse
0,88,-1.0,200,0.008193069137632847,-1.0,0.0003479694132693112,0.0,DQN_RND,0.001,0.99,mountaincar,sparse
0,89,-1.0,200,0.006088073831051588,-1.0,0.0003891053784172982,0.0,DQN_RND,0.001,0.99,mountaincar,sparse
0,90,-1.0,200,0.004155375994741917,-1.0,0.00038399326149374247,0.0,DQN_RND,0.001,0.99,mountaincar,sparse
0,91,-1.0,200,0.006158742122352123,-1.0,0.0003388729237485677,0.0,DQN_RND,0.001,0.99,mountaincar,sparse
0,92,-1.0,200,0.004049908369779587,-1.0,0.0003880418080370873,0.0,DQN_RND,0.001,0.99,mountaincar,sparse
0,93,-1.0,200,0.010082605294883251,-1.0,0.0003441289300099015,0.0,DQN_RND,0.001,0.99,mountaincar,sparse
0,94,-1.0,200,0.004115905612707138,-1.0,0.0003627197293099016,0.0,DQN_RND,0.001,0.99,mountaincar,sparse
0,95,-1.0,200,0.006121413316577673,-1.0,0.00034011705429293215,0.0,DQN_RND,0.001,0.99,mountaincar,sparse
0,96,-1.0,200,0.0010835144203156233,-1.0,0.00036787550197914243,0.0,DQN_RND,0.001,0.99,mountaincar,sparse
0,97,-1.0,200,0.0060956357046961784,-1.0,0.0003426494658924639,0.0,DQN_RND,0.001,0.99,mountaincar,sparse
0,98,-1.0,200,0.007073255255818367,-1.0,0.00036651594564318657,0.0,DQN_RND,0.001,0.99,mountaincar,sparse
0,99,-1.0,200,0.004083521198481321,-1.0,0.0003767176531255245,0.0,DQN_RND,0.001,0.99,mountaincar,sparse
0,100,-1.0,200,0.004066397901624441,-1.0,0.00034734889050014317,0.0,DQN_RND,0.001,0.99,mountaincar,sparse
0,101,-1.0,200,0.005049943458288908,-1.0,0.0003429132921155542,0.0,DQN_RND,0.001,0.99,mountaincar,sparse
0,102,-1.0,200,0.005102838855236769,-1.0,0.0004021474742330611,0.0,DQN_RND,0.001,0.99,mountaincar,sparse
0,103,-1.0,200,0.0051263910718262196,-1.0,0.0003348480968270451,0.0,DQN_RND,0.001,0.99,mountaincar,sparse
0,104,-1.0,200,0.0040733106434345245,-1.0,0.000355067866621539,0.0,DQN_RND,0.001,0.99,mountaincar,sparse
0,105,-1.0,200,0.009171035140752792,-1.0,0.00035104461130686104,0.0,DQN_RND,0.001,0.99,mountaincar,sparse
0,106,-1.0,200,0.003108677687123418,-1.0,0.00033586102654226124,0.0,DQN_RND,0.001,0.99,mountaincar,sparse
0,107,-1.0,200,0.006084764841943979,-1.0,0.0003181684296578169,0.0,DQN_RND,0.001,0.99,mountaincar,sparse
0,108,-1.0,200,0.007146000862121582,-1.0,0.0003642449446488172,0.0,DQN_RND,0.001,0.99,mountaincar,sparse
0,109,-1.0,200,0.002054534386843443,-1.0,0.00032991162152029574,0.0,DQN_RND,0.001,0.99,mountaincar,sparse
0,110,-1.0,200,0.005045632366091013,-1.0,0.0003430271754041314,0.0,DQN_RND,0.001,0.99,mountaincar,sparse
0,111,-1.0,200,0.007059884257614613,-1.0,0.00032465357799082994,0.0,DQN_RND,0.001,0.99,mountaincar,sparse
0,112,-1.0,200,0.00307017401792109,-1.0,0.0003396037209313363,0.0,DQN_RND,0.001,0.99,mountaincar,sparse
0,113,-1.0,200,0.0020458584185689688,-1.0,0.0003328699094709009,0.0,DQN_RND,0.001,0.99,mountaincar,sparse
0,114,-1.0,200,0.005065235309302807,-1.0,0.0003362383577041328,0.0,DQN_RND,0.001,0.99,mountaincar,sparse
0,115,-1.0,200,0.010090307332575321,-1.0,0.00034071572008542717,0.0,DQN_RND,0.001,0.99,mountaincar,sparse
0,116,-1.0,200,0.004055563826113939,-1.0,0.0003366272139828652,0.0,DQN_RND,0.001,0.99,mountaincar,sparse
0,117,-1.0,200,0.005089425016194582,-1.0,0.00036335395998321474,0.0,DQN_RND,0.001,0.99,mountaincar,sparse
0,118,-1.0,200,0.006066703237593174,-1.0,0.0003389537159819156,0.0,DQN_RND,0.001,0.99,mountaincar,sparse
0,119,-1.0,200,0.0030615665018558502,-1.0,0.00032370968256145716,0.0,DQN_RND,0.001,0.99,mountaincar,sparse
0,120,-1.0,200,0.0040656947530806065,-1.0,0.0003338163369335234,0.0,DQN_RND,0.001,0.99,mountaincar,sparse
0,121,-1.0,200,0.006094845477491617,-1.0,0.0003313171910122037,0.0,DQN_RND,0.001,0.99,mountaincar,sparse
0,122,-1.0,200,0.0041044931858778,-1.0,0.0003144944494124502,0.0,DQN_RND,0.001,0.99,mountaincar,sparse
0,123,-1.0,200,0.0040740882977843285,-1.0,0.0003252183669246733,0.0,DQN_RND,0.001,0.99,mountaincar,sparse
0,124,-1.0,200,0.009114248678088188,-1.0,0.0003213136806152761,0.0,DQN_RND,0.001,0.99,mountaincar,sparse
0,125,-1.0,200,0.011127160862088203,-1.0,0.0003541022597346455,0.0,DQN_RND,0.001,0.99,mountaincar,sparse
0,126,-1.0,200,0.004063887055963278,-1.0,0.0003292063483968377,0.0,DQN_RND,0.001,0.99,mountaincar,sparse
0,127,-1.0,200,0.002060307189822197,-1.0,0.00034532364225015044,0.0,DQN_RND,0.001,0.99,mountaincar,sparse
0,128,-1.0,200,0.005129378754645586,-1.0,0.0003270606976002455,0.0,DQN_RND,0.001,0.99,mountaincar,sparse
0,129,-1.0,200,0.0070382775738835335,-1.0,0.00032695222762413323,0.0,DQN_RND,0.001,0.99,mountaincar,sparse
0,130,-1.0,200,0.007089884951710701,-1.0,0.0003278882068116218,0.0,DQN_RND,0.001,0.99,mountaincar,sparse
0,131,-1.0,200,0.005072649102658033,-1.0,0.00032745706266723573,0.0,DQN_RND,0.001,0.99,mountaincar,sparse
0,132,-1.0,200,0.003058593487367034,-1.0,0.0003350365732330829,0.0,DQN_RND,0.001,0.99,mountaincar,sparse
0,133,-1.0,200,0.004065385553985834,-1.0,0.0003740105021279305,0.0,DQN_RND,0.001,0.99,mountaincar,sparse
0,134,-1.0,200,0.0030529710929840803,-1.0,0.00029221150907687843,0.0,DQN_RND,0.001,0.99,mountaincar,sparse
0,135,-1.0,200,0.006039743777364492,-1.0,0.00032082601683214307,0.0,DQN_RND,0.001,0.99,mountaincar,sparse
0,136,-1.0,200,0.00505305640399456,-1.0,0.00031165883410722017,0.0,DQN_RND,0.001,0.99,mountaincar,sparse
0,137,-1.0,200,0.006075410172343254,-1.0,0.00033180959871970117,0.0,DQN_RND,0.001,0.99,mountaincar,sparse
0,138,-1.0,200,0.008067983202636242,-1.0,0.0003230042348150164,0.0,DQN_RND,0.001,0.99,mountaincar,sparse
0,139,-1.0,200,0.00710275350138545,-1.0,0.0002971881185658276,0.0,DQN_RND,0.001,0.99,mountaincar,sparse
0,140,-1.0,200,0.00504386518150568,-1.0,0.0003288047737441957,0.0,DQN_RND,0.001,0.99,mountaincar,sparse
0,141,-1.0,200,0.003052155487239361,-1.0,0.0003449380456004292,0.0,DQN_RND,0.001,0.99,mountaincar,sparse
0,142,-1.0,200,0.00605542678385973,-1.0,0.0002899139071814716,0.0,DQN_RND,0.001,0.99,mountaincar,sparse
0,143,-1.0,200,0.0010251420317217708,-1.0,0.0003139753534924239,0.0,DQN_RND,0.001,0.99,mountaincar,sparse
0,144,-1.0,200,0.0070402189157903194,-1.0,0.00033368795993737876,0.0,DQN_RND,0.001,0.99,mountaincar,sparse
0,145,-1.0,200,0.0090333241969347,-1.0,0.000284837675280869,0.0,DQN_RND,0.001,0.99,mountaincar,sparse
0,146,-1.0,200,0.008076310157775879,-1.0,0.00033626920776441693,0.0,DQN_RND,0.001,0.99,mountaincar,sparse
0,147,-1.0,200,0.00906611979007721,-1.0,0.00034496188163757324,0.0,DQN_RND,0.001,0.99,mountaincar,sparse
0,148,-1.0,200,0.003016287926584482,-1.0,0.0003102931659668684,0.0,DQN_RND,0.001,0.99,mountaincar,sparse
0,149,-1.0,200,0.004041408654302359,-1.0,0.00030072059598751366,0.0,DQN_RND,0.001,0.99,mountaincar,sparse
0,150,-1.0,200,0.00606562802568078,-1.0,0.0003265960549470037,0.0,DQN_RND,0.001,0.99,mountaincar,sparse
0,151,-1.0,200,0.0050400057807564735,-1.0,0.0002999735006596893,0.0,DQN_RND,0.001,0.99,mountaincar,sparse
0,152,-1.0,200,0.005073038395494223,-1.0,0.00029772374546155334,0.0,DQN_RND,0.001,0.99,mountaincar,sparse
0,153,-1.0,200,0.007042539771646261,-1.0,0.0003044646873604506,0.0,DQN_RND,0.001,0.99,mountaincar,sparse
0,154,-1.0,200,0.005065069999545813,-1.0,0.0003140164481010288,0.0,DQN_RND,0.001,0.99,mountaincar,sparse
0,155,-1.0,200,0.00101693335454911,-1.0,0.0002912460477091372,0.0,DQN_RND,0.001,0.99,mountaincar,sparse
0,156,-1.0,200,0.006063038948923349,-1.0,0.0003100220637861639,0.0,DQN_RND,0.001,0.99,mountaincar,sparse
0,157,-1.0,200,0.004039423074573278,-1.0,0.0003323749697301537,0.0,DQN_RND,0.001,0.99,mountaincar,sparse
0,158,-1.0,200,0.0010376239661127329,-1.0,0.00029425841057673097,0.0,DQN_RND,0.001,0.99,mountaincar,sparse
0,159,-1.0,200,0.005030596163123846,-1.0,0.00031231643515639007,0.0,DQN_RND,0.001,0.99,mountaincar,sparse
0,160,-1.0,200,0.004036364611238241,-1.0,0.00029525012359954417,0.0,DQN_RND,0.001,0.99,mountaincar,sparse
0,161,-1.0,200,0.006054720841348171,-1.0,0.0003015161491930485,0.0,DQN_RND,0.001,0.99,mountaincar,sparse
0,162,-1.0,200,0.004049856681376696,-1.0,0.0002966347092296928,0.0,DQN_RND,0.001,0.99,mountaincar,sparse
0,163,-1.0,200,0.006076352670788765,-1.0,0.0003239148354623467,0.0,DQN_RND,0.001,0.99,mountaincar,sparse
0,164,-1.0,200,0.007036213763058186,-1.0,0.00030934708775021136,0.0,DQN_RND,0.001,0.99,mountaincar,sparse
0,165,-1.0,200,0.003039231291040778,-1.0,0.0002975874813273549,0.0,DQN_RND,0.001,0.99,mountaincar,sparse
0,166,-1.0,200,0.005024545826017857,-1.0,0.0003000318829435855,0.0,DQN_RND,0.001,0.99,mountaincar,sparse
0,167,-1.0,200,0.008088010363280773,-1.0,0.00028641874087043107,0.0,DQN_RND,0.001,0.99,mountaincar,sparse
0,168,-1.0,200,0.004052978940308094,-1.0,0.0002878788800444454,0.0,DQN_RND,0.001,0.99,mountaincar,sparse
0,169,-1.0,200,0.0010136945638805628,-1.0,0.00030245690140873194,0.0,DQN_RND,0.001,0.99,mountaincar,sparse
0,170,-1.0,200,0.0030561741441488266,-1.0,0.00032117526279762387,0.0,DQN_RND,0.001,0.99,mountaincar,sparse
0,171,-1.0,200,0.007071034982800484,-1.0,0.0003080109308939427,0.0,DQN_RND,0.001,0.99,mountaincar,sparse
0,172,-1.0,200,0.012038841843605042,-1.0,0.0002852306351996958,0.0,DQN_RND,0.001,0.99,mountaincar,sparse
0,173,-1.0,200,0.006039407104253769,-1.0,0.00029044770053587854,0.0,DQN_RND,0.001,0.99,mountaincar,sparse
0,174,-1.0,200,0.005017702933400869,-1.0,0.00028716601082123816,0.0,DQN_RND,0.001,0.99,mountaincar,sparse
0,175,-1.0,200,0.0050683398731052876,-1.0,0.00027047822368331254,0.0,DQN_RND,0.001,0.99,mountaincar,sparse
0,176,-1.0,200,0.0030195247381925583,-1.0,0.0002984491584356874,0.0,DQN_RND,0.001,0.99,mountaincar,sparse
0,177,-1.0,200,0.002010812982916832,-1.0,0.0002624885819386691,0.0,DQN_RND,0.001,0.99,mountaincar,sparse
0,178,-1.0,200,0.006054976023733616,-1.0,0.00027519711875356734,0.0,DQN_RND,0.001,0.99,mountaincar,sparse
0,179,-1.0,200,0.009090682491660118,-1.0,0.000287609058432281,0.0,DQN_RND,0.001,0.99,mountaincar,sparse
0,180,-1.0,200,0.0030106869526207447,-1.0,0.0002884605200961232,0.0,DQN_RND,0.001,0.99,mountaincar,sparse
0,181,-1.0,200,0.004034173674881458,-1.0,0.0003101227048318833,0.0,DQN_RND,0.001,0.99,mountaincar,sparse
0,182,-1.0,200,0.009084427729249,-1.0,0.0003029009385500103,0.0,DQN_RND,0.001,0.99,mountaincar,sparse
0,183,-1.0,200,1.3867706911696587e-05,-1.0,0.0002746881218627095,0.0,DQN_RND,0.001,0.99,mountaincar,sparse
0,184,-1.0,200,0.005032910965383053,-1.0,0.00029010174330323935,0.0,DQN_RND,0.001,0.99,mountaincar,sparse
0,185,-1.0,200,0.005027953069657087,-1.0,0.00028249932802282274,0.0,DQN_RND,0.001,0.99,mountaincar,sparse
0,186,-1.0,200,0.005039702169597149,-1.0,0.0002701090706977993,0.0,DQN_RND,0.001,0.99,mountaincar,sparse
0,187,-1.0,200,0.007045774720609188,-1.0,0.0002938073012046516,0.0,DQN_RND,0.001,0.99,mountaincar,sparse
0,188,-1.0,200,0.011064709164202213,-1.0,0.00029609544435516,0.0,DQN_RND,0.001,0.99,mountaincar,sparse
0,189,-1.0,200,0.003017284208908677,-1.0,0.0002774681488517672,0.0,DQN_RND,0.001,0.99,mountaincar,sparse
0,190,-1.0,200,0.004024875815957785,-1.0,0.00028498322353698313,0.0,DQN_RND,0.001,0.99,mountaincar,sparse
0,191,-1.0,200,0.005024228245019913,-1.0,0.0002798053319565952,0.0,DQN_RND,0.001,0.99,mountaincar,sparse
0,192,-1.0,200,0.00201610685326159,-1.0,0.00024779755040071905,0.0,DQN_RND,0.001,0.99,mountaincar,sparse
0,193,-1.0,200,0.013058374635875225,-1.0,0.0002601847518235445,0.0,DQN_RND,0.001,0.99,mountaincar,sparse
0,194,-1.0,200,0.002031526295468211,-1.0,0.0002827203425113112,0.0,DQN_RND,0.001,0.99,mountaincar,sparse
0,195,-1.0,200,0.004022452514618635,-1.0,0.00028872970142401755,0.0,DQN_RND,0.001,0.99,mountaincar,sparse
0,196,-1.0,200,0.013024425134062767,-1.0,0.00027325935661792755,0.0,DQN_RND,0.001,0.99,mountaincar,sparse
0,197,-1.0,200,0.004034735728055239,-1.0,0.00027385164867155254,0.0,DQN_RND,0.001,0.99,mountaincar,sparse
0,198,-1.0,200,0.008020838722586632,-1.0,0.00030841611442156136,0.0,DQN_RND,0.001,0.99,mountaincar,sparse
0,199,-1.0,200,0.004988858476281166,-1.0,0.00026549710310064256,0.0,DQN_RND,0.001,0.99,mountaincar,sparse
0,200,-1.0,200,0.004012280143797398,-1.0,0.00028774476959370077,0.0,DQN_RND,0.001,0.99,mountaincar,sparse
0,201,-1.0,200,0.007038851268589497,-1.0,0.0002933150972239673,0.0,DQN_RND,0.001,0.99,mountaincar,sparse
0,202,-1.0,200,0.002017975552007556,-1.0,0.00032198725966736674,0.0,DQN_RND,0.001,0.99,mountaincar,sparse
0,203,-1.0,200,0.009057092480361462,-1.0,0.00027607849915511906,0.0,DQN_RND,0.001,0.99,mountaincar,sparse
0,204,-1.0,200,0.0030140553135424852,-1.0,0.000276577309705317,0.0,DQN_RND,0.001,0.99,mountaincar,sparse
0,205,-1.0,200,0.006038210354745388,-1.0,0.00028035163995809853,0.0,DQN_RND,0.001,0.99,mountaincar,sparse
0,206,-1.0,200,0.0020411203149706125,-1.0,0.000272341858362779,0.0,DQN_RND,0.001,0.99,mountaincar,sparse
0,207,-1.0,200,0.008006802760064602,-1.0,0.0002836001804098487,0.0,DQN_RND,0.001,0.99,mountaincar,sparse
0,208,-1.0,200,0.007011231034994125,-1.0,0.00028316749376244843,0.0,DQN_RND,0.001,0.99,mountaincar,sparse
0,209,-1.0,200,0.006004102062433958,-1.0,0.00026563246501609683,0.0,DQN_RND,0.001,0.99,mountaincar,sparse
0,210,-1.0,200,0.0009983486961573362,-1.0,0.0003218308265786618,0.0,DQN_RND,0.001,0.99,mountaincar,sparse
0,211,-1.0,200,0.007025658152997494,-1.0,0.0003215415636077523,0.0,DQN_RND,0.001,0.99,mountaincar,sparse
0,212,-1.0,200,0.010997409000992775,-1.0,0.0002819366054609418,0.0,DQN_RND,0.001,0.99,mountaincar,sparse
0,213,-1.0,200,0.007055155001580715,-1.0,0.00027458809199742973,0.0,DQN_RND,0.001,0.99,mountaincar,sparse
0,214,-1.0,200,0.007000458426773548,-1.0,0.00029869965510442853,0.0,DQN_RND,0.001,0.99,mountaincar,sparse
0,215,-1.0,200,0.005991283338516951,-1.0,0.00026263893232680857,0.0,DQN_RND,0.001,0.99,mountaincar,sparse
0,216,-1.0,200,0.0040410892106592655,-1.0,0.00029830040875822306,0.0,DQN_RND,0.001,0.99,mountaincar,sparse
0,217,-1.0,200,0.004014111589640379,-1.0,0.00030987407080829144,0.0,DQN_RND,0.001,0.99,mountaincar,sparse
0,218,-1.0,200,0.006046360358595848,-1.0,0.00027356608188711107,0.0,DQN_RND,0.001,0.99,mountaincar,sparse
0,219,-1.0,200,0.007038661278784275,-1.0,0.0002994693350046873,0.0,DQN_RND,0.001,0.99,mountaincar,sparse
0,220,-1.0,200,0.004009620286524296,-1.0,0.00027025831514038146,0.0,DQN_RND,0.001,0.99,mountaincar,sparse
0,221,-1.0,200,0.01097963284701109,-1.0,0.0002660168975125998,0.0,DQN_RND,0.001,0.99,mountaincar,sparse
0,222,-1.0,200,0.003021352458745241,-1.0,0.000268451840383932,0.0,DQN_RND,0.001,0.99,mountaincar,sparse
0,223,-1.0,200,0.007026915438473225,-1.0,0.0002791571896523237,0.0,DQN_RND,0.001,0.99,mountaincar,sparse
0,224,-1.0,200,0.006011728197336197,-1.0,0.00027455389499664307,0.0,DQN_RND,0.001,0.99,mountaincar,sparse
0,225,-1.0,200,0.003003939287737012,-1.0,0.0002548686461523175,0.0,DQN_RND,0.001,0.99,mountaincar,sparse
0,226,-1.0,200,0.00601725559681654,-1.0,0.00028531442512758076,0.0,DQN_RND,0.001,0.99,mountaincar,sparse
0,227,-1.0,200,0.005045952741056681,-1.0,0.00026987725868821144,0.0,DQN_RND,0.001,0.99,mountaincar,sparse
0,228,-1.0,200,0.007993170991539955,-1.0,0.0002675038995221257,0.0,DQN_RND,0.001,0.99,mountaincar,sparse
0,229,-1.0,200,0.006025382317602634,-1.0,0.00026421312941238284,0.0,DQN_RND,0.001,0.99,mountaincar,sparse
0,230,-1.0,200,0.004000082612037659,-1.0,0.00030064384918659925,0.0,DQN_RND,0.001,0.99,mountaincar,sparse
0,231,-1.0,200,0.0040052663534879684,-1.0,0.0002900307299569249,0.0,DQN_RND,0.001,0.99,mountaincar,sparse
0,232,-1.0,200,0.004034170415252447,-1.0,0.0002833334438037127,0.0,DQN_RND,0.001,0.99,mountaincar,sparse
0,233,-1.0,200,0.005047331564128399,-1.0,0.00026917128707282245,0.0,DQN_RND,0.001,0.99,mountaincar,sparse
0,234,-1.0,200,0.004996976349502802,-1.0,0.0002730543783400208,0.0,DQN_RND,0.001,0.99,mountaincar,sparse
0,235,-1.0,200,0.007018243428319693,-1.0,0.0002710348053369671,0.0,DQN_RND,0.001,0.99,mountaincar,sparse
0,236,-1.0,200,0.003016970818862319,-1.0,0.0002812492602970451,0.0,DQN_RND,0.001,0.99,mountaincar,sparse
0,237,-1.0,200,0.0039840885438025,-1.0,0.000277949235169217,0.0,DQN_RND,0.001,0.99,mountaincar,sparse
0,238,-1.0,200,0.007021784782409668,-1.0,0.0002987119078170508,0.0,DQN_RND,0.001,0.99,mountaincar,sparse
0,239,-1.0,200,0.005988358985632658,-1.0,0.00027510549989528954,0.0,DQN_RND,0.001,0.99,mountaincar,sparse
0,240,-1.0,200,0.004991236142814159,-1.0,0.0002791527658700943,0.0,DQN_RND,0.001,0.99,mountaincar,sparse
0,241,-1.0,200,0.0030170376412570477,-1.0,0.00029611040372401476,0.0,DQN_RND,0.001,0.99,mountaincar,sparse
0,242,-1.0,200,0.005997727159410715,-1.0,0.000264748145127669,0.0,DQN_RND,0.001,0.99,mountaincar,sparse
0,243,-1.0,200,0.008037804625928402,-1.0,0.00025868535158224404,0.0,DQN_RND,0.001,0.99,mountaincar,sparse
0,244,-1.0,200,0.010987667366862297,-1.0,0.00025343376910313964,0.0,DQN_RND,0.001,0.99,mountaincar,sparse
0,245,-1.0,200,0.004013140220195055,-1.0,0.00030573346884921193,0.0,DQN_RND,0.001,0.99,mountaincar,sparse
0,246,-1.0,200,0.006014084443449974,-1.0,0.00027142377803102136,0.0,DQN_RND,0.001,0.99,mountaincar,sparse
0,247,-1.0,200,0.005993830971419811,-1.0,0.00028366781771183014,0.0,DQN_RND,0.001,0.99,mountaincar,sparse
0,248,-1.0,200,0.0010023899376392365,-1.0,0.00027429821784608066,0.0,DQN_RND,0.001,0.99,mountaincar,sparse
0,249,-1.0,200,0.004022681154310703,-1.0,0.000262213172391057,0.0,DQN_RND,0.001,0.99,mountaincar,sparse
0,250,-1.0,200,0.002013293793424964,-1.0,0.0002553466765675694,0.0,DQN_RND,0.001,0.99,mountaincar,sparse
0,251,-1.0,200,0.0060159447602927685,-1.0,0.00026445090770721436,0.0,DQN_RND,0.001,0.99,mountaincar,sparse
0,252,-1.0,200,0.004999601747840643,-1.0,0.00026053539477288723,0.0,DQN_RND,0.001,0.99,mountaincar,sparse
0,253,-1.0,200,0.009984899312257767,-1.0,0.00026061543030664325,0.0,DQN_RND,0.001,0.99,mountaincar,sparse
0,254,-1.0,200,0.004991590045392513,-1.0,0.00030930020147934556,0.0,DQN_RND,0.001,0.99,mountaincar,sparse
0,255,-1.0,200,0.010002107359468937,-1.0,0.0002639460435602814,0.0,DQN_RND,0.001,0.99,mountaincar,sparse
0,256,-1.0,200,0.003991859965026379,-1.0,0.0002630450180731714,0.0,DQN_RND,0.001,0.99,mountaincar,sparse
0,257,-1.0,200,0.0049930294044315815,-1.0,0.0002652609837241471,0.0,DQN_RND,0.001,0.99,mountaincar,sparse
0,258,-1.0,200,0.00501564797013998,-1.0,0.00026659612194634974,0.0,DQN_RND,0.001,0.99,mountaincar,sparse
0,259,-1.0,200,0.0050215162336826324,-1.0,0.00026343364152126014,0.0,DQN_RND,0.001,0.99,mountaincar,sparse
0,260,-1.0,200,0.004004627466201782,-1.0,0.0002813614555634558,0.0,DQN_RND,0.001,0.99,mountaincar,sparse
0,261,-1.0,200,0.0029928325675427914,-1.0,0.0002871325705200434,0.0,DQN_RND,0.001,0.99,mountaincar,sparse
0,262,-1.0,200,0.0030033341608941555,-1.0,0.0002660596219357103,0.0,DQN_RND,0.001,0.99,mountaincar,sparse
0,263,-1.0,200,0.006973552517592907,-1.0,0.00025632718461565673,0.0,DQN_RND,0.001,0.99,mountaincar,sparse
0,264,-1.0,200,0.0070076389238238335,-1.0,0.0002716895251069218,0.0,DQN_RND,0.001,0.99,mountaincar,sparse
0,265,-1.0,200,0.01099560596048832,-1.0,0.0002680126635823399,0.0,DQN_RND,0.001,0.99,mountaincar,sparse
0,266,-1.0,200,0.0029977946542203426,-1.0,0.00026845952379517257,0.0,DQN_RND,0.001,0.99,mountaincar,sparse
0,267,-1.0,200,0.006979270838201046,-1.0,0.00025661714607849717,0.0,DQN_RND,0.001,0.99,mountaincar,sparse
0,268,-1.0,200,0.004983447026461363,-1.0,0.0002766357210930437,0.0,DQN_RND,0.001,0.99,mountaincar,sparse
0,269,-1.0,200,0.003001782577484846,-1.0,0.0002501083945389837,0.0,DQN_RND,0.001,0.99,mountaincar,sparse
0,270,-1.0,200,0.0019972953014075756,-1.0,0.0002535803650971502,0.0,DQN_RND,0.001,0.99,mountaincar,sparse
0,271,-1.0,200,0.005020130891352892,-1.0,0.00025594019098207355,0.0,DQN_RND,0.001,0.99,mountaincar,sparse
0,272,-1.0,200,0.006008588243275881,-1.0,0.0002470942563377321,0.0,DQN_RND,0.001,0.99,mountaincar,sparse
0,273,-1.0,200,0.00399427767843008,-1.0,0.00029288342921063304,0.0,DQN_RND,0.001,0.99,mountaincar,sparse
0,274,-1.0,200,0.006013630889356136,-1.0,0.0002549386990722269,0.0,DQN_RND,0.001,0.99,mountaincar,sparse
0,275,-1.0,200,0.003004808444529772,-1.0,0.00025419454323127866,0.0,DQN_RND,0.001,0.99,mountaincar,sparse
0,276,-1.0,200,0.008001754991710186,-1.0,0.00024238407786469907,0.0,DQN_RND,0.001,0.99,mountaincar,sparse
0,277,-1.0,200,0.006980911362916231,-1.0,0.0002553985104896128,0.0,DQN_RND,0.001,0.99,mountaincar,sparse
0,278,-1.0,200,0.006971621420234442,-1.0,0.000263698777416721,0.0,DQN_RND,0.001,0.99,mountaincar,sparse
0,279,-1.0,200,0.003992647398263216,-1.0,0.0002369561407249421,0.0,DQN_RND,0.001,0.99,mountaincar,sparse
0,280,-1.0,200,0.002997590461745858,-1.0,0.000240512759773992,0.0,DQN_RND,0.001,0.99,mountaincar,sparse
0,281,-1.0,200,0.004983615130186081,-1.0,0.0002527093165554106,0.0,DQN_RND,0.001,0.99,mountaincar,sparse
0,282,-1.0,200,0.007960997521877289,-1.0,0.00029437069315463305,0.0,DQN_RND,0.001,0.99,mountaincar,sparse
0,283,-1.0,200,0.005993987899273634,-1.0,0.0002521416172385216,0.0,DQN_RND,0.001,0.99,mountaincar,sparse
0,284,-1.0,200,0.0029846893157809973,-1.0,0.00025382990133948624,0.0,DQN_RND,0.001,0.99,mountaincar,sparse
0,285,-1.0,200,0.004995444323867559,-1.0,0.00025216530775651336,0.0,DQN_RND,0.001,0.99,mountaincar,sparse
0,286,-1.0,200,0.0030010156333446503,-1.0,0.00023532056366093457,0.0,DQN_RND,0.001,0.99,mountaincar,sparse
0,287,-1.0,200,0.007958656176924706,-1.0,0.00024821620900183916,0.0,DQN_RND,0.001,0.99,mountaincar,sparse
0,288,-1.0,200,0.008959304541349411,-1.0,0.0002482861455064267,0.0,DQN_RND,0.001,0.99,mountaincar,sparse
0,289,-1.0,200,0.003984866663813591,-1.0,0.00024551525712013245,0.0,DQN_RND,0.001,0.99,mountaincar,sparse
0,290,-1.0,200,0.005012872628867626,-1.0,0.00027357740327715874,0.0,DQN_RND,0.001,0.99,mountaincar,sparse
0,291,-1.0,200,0.001995414961129427,-1.0,0.0002504854346625507,0.0,DQN_RND,0.001,0.99,mountaincar,sparse
0,292,-1.0,200,0.0019967660773545504,-1.0,0.00025089061819016933,0.0,DQN_RND,0.001,0.99,mountaincar,sparse
0,293,-1.0,200,0.004993437323719263,-1.0,0.0002593380049802363,0.0,DQN_RND,0.001,0.99,mountaincar,sparse
0,294,-1.0,200,0.011981740593910217,-1.0,0.00025667526642791927,0.0,DQN_RND,0.001,0.99,mountaincar,sparse
0,295,-1.0,200,0.006971925497055054,-1.0,0.0002775512693915516,0.0,DQN_RND,0.001,0.99,mountaincar,sparse
0,296,-1.0,200,0.004980064462870359,-1.0,0.0002679248864296824,0.0,DQN_RND,0.001,0.99,mountaincar,sparse
0,297,-1.0,200,0.0049885595217347145,-1.0,0.00025391444796696305,0.0,DQN_RND,0.001,0.99,mountaincar,sparse
0,298,-1.0,200,0.003986206371337175,-1.0,0.0002473685599397868,0.0,DQN_RND,0.001,0.99,mountaincar,sparse
0,299,-1.0,200,0.001998994732275605,-1.0,0.00023628589406143874,0.0,DQN_RND,0.001,0.99,mountaincar,sparse
0,300,-1.0,200,0.004983234219253063,-1.0,0.00023936794605106115,0.0,DQN_RND,0.001,0.99,mountaincar,sparse
0,301,-1.0,200,0.013939482159912586,-1.0,0.00025427466607652605,0.0,DQN_RND,0.001,0.99,mountaincar,sparse
0,302,-1.0,200,0.003997120540589094,-1.0,0.00026885035913437605,0.0,DQN_RND,0.001,0.99,mountaincar,sparse
0,303,-1.0,200,0.004966108128428459,-1.0,0.00024437883985228837,0.0,DQN_RND,0.001,0.99,mountaincar,sparse
0,304,-1.0,200,0.008965414017438889,-1.0,0.00023746448277961463,0.0,DQN_RND,0.001,0.99,mountaincar,sparse
0,305,-1.0,200,0.005982710048556328,-1.0,0.0002583458262961358,0.0,DQN_RND,0.001,0.99,mountaincar,sparse
0,306,-1.0,200,0.004958702716976404,-1.0,0.0002384763938607648,0.0,DQN_RND,0.001,0.99,mountaincar,sparse
0,307,-1.0,200,0.004983355291187763,-1.0,0.0002491818740963936,0.0,DQN_RND,0.001,0.99,mountaincar,sparse
0,308,-1.0,200,0.00498121976852417,-1.0,0.0002758788177743554,0.0,DQN_RND,0.001,0.99,mountaincar,sparse
0,309,-1.0,200,0.004978786688297987,-1.0,0.00023962072737049311,0.0,DQN_RND,0.001,0.99,mountaincar,sparse
0,310,-1.0,200,0.0029998577665537596,-1.0,0.00023913962650112808,0.0,DQN_RND,0.001,0.99,mountaincar,sparse
0,311,-1.0,200,0.008922083303332329,-1.0,0.00023524771677330136,0.0,DQN_RND,0.001,0.99,mountaincar,sparse
0,312,-1.0,200,0.005953483283519745,-1.0,0.00024863664293661714,0.0,DQN_RND,0.001,0.99,mountaincar,sparse
0,313,-1.0,200,0.003984721843153238,-1.0,0.00024244497762992978,0.0,DQN_RND,0.001,0.99,mountaincar,sparse
0,314,-1.0,200,0.0029974181670695543,-1.0,0.0002491180202923715,0.0,DQN_RND,0.001,0.99,mountaincar,sparse
0,315,-1.0,200,3.9583137549925596e-06,-1.0,0.00023755359870847315,0.0,DQN_RND,0.001,0.99,mountaincar,sparse
0,316,-1.0,200,0.000998697942122817,-1.0,0.00023023952962830663,0.0,DQN_RND,0.001,0.99,mountaincar,sparse
0,317,-1.0,200,0.005980072543025017,-1.0,0.000264686910668388,0.0,DQN_RND,0.001,0.99,mountaincar,sparse
0,318,-1.0,200,0.002976959105581045,-1.0,0.00024896804825402796,0.0,DQN_RND,0.001,0.99,mountaincar,sparse
0,319,-1.0,200,0.007957774214446545,-1.0,0.0002376633492531255,0.0,DQN_RND,0.001,0.99,mountaincar,sparse
0,320,-1.0,200,0.004959579557180405,-1.0,0.000247315940214321,0.0,DQN_RND,0.001,0.99,mountaincar,sparse
0,321,-1.0,200,0.006998701021075249,-1.0,0.00023784242512192577,0.0,DQN_RND,0.001,0.99,mountaincar,sparse
0,322,-1.0,200,0.005965513177216053,-1.0,0.00025109926355071366,0.0,DQN_RND,0.001,0.99,mountaincar,sparse
0,323,-1.0,200,0.002984756138175726,-1.0,0.00023987125314306468,0.0,DQN_RND,0.001,0.99,mountaincar,sparse
0,324,-1.0,200,0.007971836254000664,-1.0,0.0002444307610858232,0.0,DQN_RND,0.001,0.99,mountaincar,sparse
0,325,-1.0,200,0.004954996518790722,-1.0,0.00023925691493786871,0.0,DQN_RND,0.001,0.99,mountaincar,sparse
0,326,-1.0,200,0.002003167988732457,-1.0,0.0002493276260793209,0.0,DQN_RND,0.001,0.99,mountaincar,sparse
0,327,-1.0,200,0.005989567376673222,-1.0,0.0002400887751718983,0.0,DQN_RND,0.001,0.99,mountaincar,sparse
0,328,-1.0,200,0.009931140579283237,-1.0,0.0002538025437388569,0.0,DQN_RND,0.001,0.99,mountaincar,sparse
0,329,-1.0,200,0.003975412808358669,-1.0,0.00023753498680889606,0.0,DQN_RND,0.001,0.99,mountaincar,sparse
0,330,-1.0,200,0.007947941310703754,-1.0,0.00022973852173890918,0.0,DQN_RND,0.001,0.99,mountaincar,sparse
0,331,-1.0,200,0.008944937959313393,-1.0,0.0002656390133779496,0.0,DQN_RND,0.001,0.99,mountaincar,sparse
0,332,-1.0,200,0.004955650307238102,-1.0,0.00024010274501051754,0.0,DQN_RND,0.001,0.99,mountaincar,sparse
0,333,-1.0,200,0.00497495336458087,-1.0,0.00021570689568761736,0.0,DQN_RND,0.001,0.99,mountaincar,sparse
0,334,-1.0,200,0.00399111257866025,-1.0,0.0002319907653145492,0.0,DQN_RND,0.001,0.99,mountaincar,sparse
0,335,-1.0,200,0.0029641487635672092,-1.0,0.00024314851907547563,0.0,DQN_RND,0.001,0.99,mountaincar,sparse
0,336,-1.0,200,0.011914634145796299,-1.0,0.00023750656691845506,0.0,DQN_RND,0.001,0.99,mountaincar,sparse
0,337,-1.0,200,0.00397870410233736,-1.0,0.00023964143474586308,0.0,DQN_RND,0.001,0.99,mountaincar,sparse
0,338,-1.0,200,0.005953584797680378,-1.0,0.00023649520881008357,0.0,DQN_RND,0.001,0.99,mountaincar,sparse
0,339,-1.0,200,0.004005633760243654,-1.0,0.00022171856835484505,0.0,DQN_RND,0.001,0.99,mountaincar,sparse
0,340,-1.0,200,0.0059664309956133366,-1.0,0.00026617362163960934,0.0,DQN_RND,0.001,0.99,mountaincar,sparse
0,341,-1.0,200,0.004958006553351879,-1.0,0.0002338128542760387,0.0,DQN_RND,0.001,0.99,mountaincar,sparse
0,342,-1.0,200,0.007940584793686867,-1.0,0.00023301767942029983,0.0,DQN_RND,0.001,0.99,mountaincar,sparse
0,343,-1.0,200,0.00396888330578804,-1.0,0.00024205041700042784,0.0,DQN_RND,0.001,0.99,mountaincar,sparse
0,344,-1.0,200,0.0029906800482422113,-1.0,0.00024077497073449194,0.0,DQN_RND,0.001,0.99,mountaincar,sparse
0,345,-1.0,200,0.005962769500911236,-1.0,0.0002387899876339361,0.0,DQN_RND,0.001,0.99,mountaincar,sparse
0,346,-1.0,200,0.002981959842145443,-1.0,0.0002282510686200112,0.0,DQN_RND,0.001,0.99,mountaincar,sparse
0,347,-1.0,200,0.005983197595924139,-1.0,0.0002316664467798546,0.0,DQN_RND,0.001,0.99,mountaincar,sparse
0,348,-1.0,200,0.00396385882049799,-1.0,0.00023651243827771395,0.0,DQN_RND,0.001,0.99,mountaincar,sparse
0,349,-1.0,200,0.003984556533396244,-1.0,0.00022942102805245668,0.0,DQN_RND,0.001,0.99,mountaincar,sparse
0,350,-1.0,200,0.009933962486684322,-1.0,0.00023214674729388207,0.0,DQN_RND,0.001,0.99,mountaincar,sparse
0,351,-1.0,200,0.00597559567540884,-1.0,0.00023795281595084816,0.0,DQN_RND,0.001,0.99,mountaincar,sparse
0,352,-1.0,200,0.002989006694406271,-1.0,0.0002323700609849766,0.0,DQN_RND,0.001,0.99,mountaincar,sparse
0,353,-1.0,200,0.0049607721157372,-1.0,0.00023954395146574825,0.0,DQN_RND,0.001,0.99,mountaincar,sparse
0,354,-1.0,200,0.0019878835882991552,-1.0,0.0002481979609001428,0.0,DQN_RND,0.001,0.99,mountaincar,sparse
0,355,-1.0,200,0.005966462194919586,-1.0,0.00024201588530559093,0.0,DQN_RND,0.001,0.99,mountaincar,sparse
0,356,-1.0,200,0.005942533724009991,-1.0,0.00023537549714092165,0.0,DQN_RND,0.001,0.99,mountaincar,sparse
0,357,-1.0,200,0.004958319012075663,-1.0,0.0002381682861596346,0.0,DQN_RND,0.001,0.99,mountaincar,sparse
0,358,-1.0,200,0.00396802369505167,-1.0,0.0002499092952348292,0.0,DQN_RND,0.001,0.99,mountaincar,sparse
0,359,-1.0,200,0.003973729442805052,-1.0,0.00025187013670802116,0.0,DQN_RND,0.001,0.99,mountaincar,sparse
0,360,-1.0,200,0.0029801158234477043,-1.0,0.0002345574030186981,0.0,DQN_RND,0.001,0.99,mountaincar,sparse
0,361,-1.0,200,0.004966650158166885,-1.0,0.00024853082140907645,0.0,DQN_RND,0.001,0.99,mountaincar,sparse
0,362,-1.0,200,0.004955167416483164,-1.0,0.00023567953030578792,0.0,DQN_RND,0.001,0.99,mountaincar,sparse
0,363,-1.0,200,0.007898842915892601,-1.0,0.0002458927338011563,0.0,DQN_RND,0.001,0.99,mountaincar,sparse
0,364,-1.0,200,0.0019836442079395056,-1.0,0.00023016173508949578,0.0,DQN_RND,0.001,0.99,mountaincar,sparse
0,365,-1.0,200,0.00795116275548935,-1.0,0.00023507104197051376,0.0,DQN_RND,0.001,0.99,mountaincar,sparse
0,366,-1.0,200,0.005961409769952297,-1.0,0.000230049918172881,0.0,DQN_RND,0.001,0.99,mountaincar,sparse
0,367,-1.0,200,0.004951129201799631,-1.0,0.00024196974118240178,0.0,DQN_RND,0.001,0.99,mountaincar,sparse
0,368,-1.0,200,0.003964760806411505,-1.0,0.0002256062434753403,0.0,DQN_RND,0.001,0.99,mountaincar,sparse
0,369,-1.0,200,0.006947931367903948,-1.0,0.0002236089640064165,0.0,DQN_RND,0.001,0.99,mountaincar,sparse
0,370,-1.0,200,0.003972905222326517,-1.0,0.0002390933659626171,0.0,DQN_RND,0.001,0.99,mountaincar,sparse
0,371,-1.0,200,0.005942177027463913,-1.0,0.00022324110614135861,0.0,DQN_RND,0.001,0.99,mountaincar,sparse
0,372,-1.0,200,0.003959710709750652,-1.0,0.00022793935204390436,0.0,DQN_RND,0.001,0.99,mountaincar,sparse
0,373,-1.0,200,0.00494683301076293,-1.0,0.00023923911794554442,0.0,DQN_RND,0.001,0.99,mountaincar,sparse
0,374,-1.0,200,0.0049738530069589615,-1.0,0.0002245317882625386,0.0,DQN_RND,0.001,0.99,mountaincar,sparse
0,375,-1.0,200,0.003981470130383968,-1.0,0.00022531879949383438,0.0,DQN_RND,0.001,0.99,mountaincar,sparse
0,376,-1.0,200,0.005947314202785492,-1.0,0.0002312533906660974,0.0,DQN_RND,0.001,0.99,mountaincar,sparse
0,377,-1.0,200,0.00496000237762928,-1.0,0.00021405670850072056,0.0,DQN_RND,0.001,0.99,mountaincar,sparse
0,378,-1.0,200,0.002970593748614192,-1.0,0.0002600431034807116,0.0,DQN_RND,0.001,0.99,mountaincar,sparse
0,379,-1.0,200,0.005944487638771534,-1.0,0.00022777743288315833,0.0,DQN_RND,0.001,0.99,mountaincar,sparse
0,380,-1.0,200,0.0019895972218364477,-1.0,0.00022346807236317545,0.0,DQN_RND,0.001,0.99,mountaincar,sparse
0,381,-1.0,200,0.005936990026384592,-1.0,0.00023281258472707123,0.0,DQN_RND,0.001,0.99,mountaincar,sparse
0,382,-1.0,200,0.002963259117677808,-1.0,0.00023216409317683429,0.0,DQN_RND,0.001,0.99,mountaincar,sparse
0,383,-1.0,200,0.0059287711046636105,-1.0,0.00023037174833007157,0.0,DQN_RND,0.001,0.99,mountaincar,sparse
0,384,-1.0,200,0.00693147536367178,-1.0,0.000226003146963194,0.0,DQN_RND,0.001,0.99,mountaincar,sparse
0,385,-1.0,200,0.007924219593405724,-1.0,0.00023141865676734596,0.0,DQN_RND,0.001,0.99,mountaincar,sparse
0,386,-1.0,200,0.004931378178298473,-1.0,0.00021856864623259753,0.0,DQN_RND,0.001,0.99,mountaincar,sparse
0,387,-1.0,200,0.01381932757794857,-1.0,0.00023886830604169518,0.0,DQN_RND,0.001,0.99,mountaincar,sparse
0,388,-1.0,200,0.006941851694136858,-1.0,0.00022525149688590318,0.0,DQN_RND,0.001,0.99,mountaincar,sparse
0,389,-1.0,200,0.008882507681846619,-1.0,0.00022501508647110313,0.0,DQN_RND,0.001,0.99,mountaincar,sparse
0,390,-1.0,200,0.007917081005871296,-1.0,0.00022776945843361318,0.0,DQN_RND,0.001,0.99,mountaincar,sparse
0,391,-1.0,200,0.006936967838555574,-1.0,0.00022630923194810748,0.0,DQN_RND,0.001,0.99,mountaincar,sparse
0,392,-1.0,200,0.008902579545974731,-1.0,0.00022856640862300992,0.0,DQN_RND,0.001,0.99,mountaincar,sparse
0,393,-1.0,200,0.0029860688373446465,-1.0,0.000228568198508583,0.0,DQN_RND,0.001,0.99,mountaincar,sparse
0,394,-1.0,200,0.000991221284493804,-1.0,0.0002354323660256341,0.0,DQN_RND,0.001,0.99,mountaincar,sparse
0,395,-1.0,200,0.005919325165450573,-1.0,0.00021589416428469121,0.0,DQN_RND,0.001,0.99,mountaincar,sparse
0,396,-1.0,200,0.0019780162256211042,-1.0,0.00021496581030078232,0.0,DQN_RND,0.001,0.99,mountaincar,sparse
0,397,-1.0,200,0.008887320756912231,-1.0,0.00023341385531239212,0.0,DQN_RND,0.001,0.99,mountaincar,sparse
0,398,-1.0,200,0.009903565049171448,-1.0,0.0002304176305187866,0.0,DQN_RND,0.001,0.99,mountaincar,sparse
0,399,-1.0,200,0.004963113460689783,-1.0,0.00021695288887713104,0.0,DQN_RND,0.001,0.99,mountaincar,sparse
0,400,-1.0,200,0.004947842564433813,-1.0,0.00021962106984574348,0.0,DQN_RND,0.001,0.99,mountaincar,sparse
0,401,-1.0,200,0.006932180840522051,-1.0,0.00022223166888579726,0.0,DQN_RND,0.001,0.99,mountaincar,sparse
0,402,-1.0,200,0.004937785677611828,-1.0,0.0002235087740700692,0.0,DQN_RND,0.001,0.99,mountaincar,sparse
0,403,-1.0,200,0.0039711203426122665,-1.0,0.00021755154011771083,0.0,DQN_RND,0.001,0.99,mountaincar,sparse
0,404,-1.0,200,0.003953321371227503,-1.0,0.0002144781028619036,0.0,DQN_RND,0.001,0.99,mountaincar,sparse
0,405,-1.0,200,0.006908454932272434,-1.0,0.0002155811816919595,0.0,DQN_RND,0.001,0.99,mountaincar,sparse
0,406,-1.0,200,0.0029561640694737434,-1.0,0.0002140408323612064,0.0,DQN_RND,0.001,0.99,mountaincar,sparse
0,407,-1.0,200,0.0039651039987802505,-1.0,0.00022342530428431928,0.0,DQN_RND,0.001,0.99,mountaincar,sparse
0,408,-1.0,200,0.003953843377530575,-1.0,0.0002021336113102734,0.0,DQN_RND,0.001,0.99,mountaincar,sparse
0,409,-1.0,200,0.004943500738590956,-1.0,0.00021902307344134897,0.0,DQN_RND,0.001,0.99,mountaincar,sparse
0,410,-1.0,200,0.007901949808001518,-1.0,0.00021515243861358613,0.0,DQN_RND,0.001,0.99,mountaincar,sparse
0,411,-1.0,200,0.003947805147618055,-1.0,0.0002140607830369845,0.0,DQN_RND,0.001,0.99,mountaincar,sparse
0,412,-1.0,200,0.0069297864101827145,-1.0,0.00022942024224903435,0.0,DQN_RND,0.001,0.99,mountaincar,sparse
0,413,-1.0,200,0.0069142854772508144,-1.0,0.00022057212481740862,0.0,DQN_RND,0.001,0.99,mountaincar,sparse
0,414,-1.0,200,0.004953498486429453,-1.0,0.0002133188972948119,0.0,DQN_RND,0.001,0.99,mountaincar,sparse
0,415,-1.0,200,0.00691625289618969,-1.0,0.00022285152226686478,0.0,DQN_RND,0.001,0.99,mountaincar,sparse
0,416,-1.0,200,0.003952023573219776,-1.0,0.00021328360890038311,0.0,DQN_RND,0.001,0.99,mountaincar,sparse
0,417,-1.0,200,0.00297441310249269,-1.0,0.00020555009541567415,0.0,DQN_RND,0.001,0.99,mountaincar,sparse
0,418,-1.0,200,0.003941166680306196,-1.0,0.00020690032397396863,0.0,DQN_RND,0.001,0.99,mountaincar,sparse
0,419,-1.0,200,0.0029604826122522354,-1.0,0.00022596573398914188,0.0,DQN_RND,0.001,0.99,mountaincar,sparse
0,420,-1.0,200,0.005929123144596815,-1.0,0.00022006408835295588,0.0,DQN_RND,0.001,0.99,mountaincar,sparse
0,421,-1.0,200,0.0019812053069472313,-1.0,0.00022584297403227538,0.0,DQN_RND,0.001,0.99,mountaincar,sparse
0,422,-1.0,200,0.0029668102506548166,-1.0,0.0002116012474289164,0.0,DQN_RND,0.001,0.99,mountaincar,sparse
0,423,-1.0,200,0.003957934211939573,-1.0,0.00020871189190074801,0.0,DQN_RND,0.001,0.99,mountaincar,sparse
0,424,-1.0,200,0.0049388292245566845,-1.0,0.00021401330013759434,0.0,DQN_RND,0.001,0.99,mountaincar,sparse
0,425,-1.0,200,0.001978089800104499,-1.0,0.00020796264288946986,0.0,DQN_RND,0.001,0.99,mountaincar,sparse
0,426,-1.0,200,0.003964933566749096,-1.0,0.00020795667660422623,0.0,DQN_RND,0.001,0.99,mountaincar,sparse
0,427,-1.0,200,0.00592986261472106,-1.0,0.00022275277297012508,0.0,DQN_RND,0.001,0.99,mountaincar,sparse
0,428,-1.0,200,0.006917869672179222,-1.0,0.0002342595689697191,0.0,DQN_RND,0.001,0.99,mountaincar,sparse
0,429,-1.0,200,3.821045083896024e-06,-1.0,0.0002154249232262373,0.0,DQN_RND,0.001,0.99,mountaincar,sparse
0,430,-1.0,200,0.00692402757704258,-1.0,0.00021619243489112705,0.0,DQN_RND,0.001,0.99,mountaincar,sparse
0,431,-1.0,200,0.002961796009913087,-1.0,0.00022408641234505922,0.0,DQN_RND,0.001,0.99,mountaincar,sparse
0,432,-1.0,200,0.004937095567584038,-1.0,0.0002069863840006292,0.0,DQN_RND,0.001,0.99,mountaincar,sparse
0,433,-1.0,200,0.003954412415623665,-1.0,0.0002036374353338033,0.0,DQN_RND,0.001,0.99,mountaincar,sparse
0,434,-1.0,200,0.002958530094474554,-1.0,0.00021435871894937009,0.0,DQN_RND,0.001,0.99,mountaincar,sparse
0,435,-1.0,200,0.006902789697051048,-1.0,0.00020363004296086729,0.0,DQN_RND,0.001,0.99,mountaincar,sparse
0,436,-1.0,200,0.005912518594413996,-1.0,0.00020941208640579134,0.0,DQN_RND,0.001,0.99,mountaincar,sparse
0,437,-1.0,200,0.006884836126118898,-1.0,0.0002007734146900475,0.0,DQN_RND,0.001,0.99,mountaincar,sparse
0,438,-1.0,200,0.006912345997989178,-1.0,0.00020341516938060522,0.0,DQN_RND,0.001,0.99,mountaincar,sparse
0,439,-1.0,200,0.003945461940020323,-1.0,0.00021123899205122143,0.0,DQN_RND,0.001,0.99,mountaincar,sparse
0,440,-1.0,200,0.005928232334554195,-1.0,0.00020741265325341374,0.0,DQN_RND,0.001,0.99,mountaincar,sparse
0,441,-1.0,200,0.003954470623284578,-1.0,0.0001994235353777185,0.0,DQN_RND,0.001,0.99,mountaincar,sparse
0,442,-1.0,200,0.004936295561492443,-1.0,0.0002060258702840656,0.0,DQN_RND,0.001,0.99,mountaincar,sparse
0,443,-1.0,200,0.003940193448215723,-1.0,0.00021174526773393154,0.0,DQN_RND,0.001,0.99,mountaincar,sparse
0,444,-1.0,200,0.003935976419597864,-1.0,0.00021014957746956497,0.0,DQN_RND,0.001,0.99,mountaincar,sparse
0,445,-1.0,200,0.003946158103644848,-1.0,0.00019915372831746936,0.0,DQN_RND,0.001,0.99,mountaincar,sparse
0,446,-1.0,200,0.003964806906878948,-1.0,0.00020732551638502628,0.0,DQN_RND,0.001,0.99,mountaincar,sparse
0,447,-1.0,200,0.004929044283926487,-1.0,0.00020655950356740505,0.0,DQN_RND,0.001,0.99,mountaincar,sparse
0,448,-1.0,200,0.007906274870038033,-1.0,0.0001989152660826221,0.0,DQN_RND,0.001,0.99,mountaincar,sparse
0,449,-1.0,200,0.0009866529144346714,-1.0,0.00020885594130959362,0.0,DQN_RND,0.001,0.99,mountaincar,sparse
0,450,-1.0,200,0.002971218666061759,-1.0,0.00020010603475384414,0.0,DQN_RND,0.001,0.99,mountaincar,sparse
0,451,-1.0,200,0.0049276393838226795,-1.0,0.00023406850232277066,0.0,DQN_RND,0.001,0.99,mountaincar,sparse
0,452,-1.0,200,0.0059341988526284695,-1.0,0.00021132158872205764,0.0,DQN_RND,0.001,0.99,mountaincar,sparse
0,453,-1.0,200,0.004936820361763239,-1.0,0.00019860862812492996,0.0,DQN_RND,0.001,0.99,mountaincar,sparse
0,454,-1.0,200,0.0009864021558314562,-1.0,0.00018977974832523614,0.0,DQN_RND,0.001,0.99,mountaincar,sparse
0,455,-1.0,200,0.004943934269249439,-1.0,0.00019632784824352711,0.0,DQN_RND,0.001,0.99,mountaincar,sparse
0,456,-1.0,200,0.003954622894525528,-1.0,0.000200401758775115,0.0,DQN_RND,0.001,0.99,mountaincar,sparse
0,457,-1.0,200,0.008881430141627789,-1.0,0.00020602880977094173,0.0,DQN_RND,0.001,0.99,mountaincar,sparse
0,458,-1.0,200,0.003956520464271307,-1.0,0.0002026355650741607,0.0,DQN_RND,0.001,0.99,mountaincar,sparse
0,459,-1.0,200,0.0019635981880128384,-1.0,0.00018953818653244525,0.0,DQN_RND,0.001,0.99,mountaincar,sparse
0,460,-1.0,200,0.009847903624176979,-1.0,0.00019080218044109643,0.0,DQN_RND,0.001,0.99,mountaincar,sparse
0,461,-1.0,200,0.0029642570298165083,-1.0,0.00020611177023965865,0.0,DQN_RND,0.001,0.99,mountaincar,sparse
0,462,-1.0,200,0.005911414511501789,-1.0,0.00020654538820963353,0.0,DQN_RND,0.001,0.99,mountaincar,sparse
0,463,-1.0,200,0.002955277916043997,-1.0,0.00019867633818648756,0.0,DQN_RND,0.001,0.99,mountaincar,sparse
0,464,-1.0,200,0.008881145156919956,-1.0,0.0001984354603337124,0.0,DQN_RND,0.001,0.99,mountaincar,sparse
0,465,-1.0,200,0.005935908295214176,-1.0,0.00019742370932362974,0.0,DQN_RND,0.001,0.99,mountaincar,sparse
0,466,-1.0,200,0.003947160206735134,-1.0,0.00019903661450371146,0.0,DQN_RND,0.001,0.99,mountaincar,sparse
0,467,-1.0,200,0.004926936235278845,-1.0,0.00019083912775386125,0.0,DQN_RND,0.001,0.99,mountaincar,sparse
0,468,-1.0,200,0.008865860290825367,-1.0,0.00020075133943464607,0.0,DQN_RND,0.001,0.99,mountaincar,sparse
0,469,-1.0,200,0.0009876484982669353,-1.0,0.00018577944138087332,0.0,DQN_RND,0.001,0.99,mountaincar,sparse
0,470,-1.0,200,0.004907564725726843,-1.0,0.00019883427012246102,0.0,DQN_RND,0.001,0.99,mountaincar,sparse
0,471,-1.0,200,0.004929448012262583,-1.0,0.00018938178254757077,0.0,DQN_RND,0.001,0.99,mountaincar,sparse
0,472,-1.0,200,0.005907722748816013,-1.0,0.00019214015628676862,0.0,DQN_RND,0.001,0.99,mountaincar,sparse
0,473,-1.0,200,0.0029519328381866217,-1.0,0.00019242908456362784,0.0,DQN_RND,0.001,0.99,mountaincar,sparse
0,474,-1.0,200,0.00198281928896904,-1.0,0.00019347324268892407,0.0,DQN_RND,0.001,0.99,mountaincar,sparse
0,475,-1.0,200,0.00493970699608326,-1.0,0.0001893364969873801,0.0,DQN_RND,0.001,0.99,mountaincar,sparse
0,476,-1.0,200,0.009850695729255676,-1.0,0.0001926950499182567,0.0,DQN_RND,0.001,0.99,mountaincar,sparse
0,477,-1.0,200,0.004926270805299282,-1.0,0.00019329758652020246,0.0,DQN_RND,0.001,0.99,mountaincar,sparse
0,478,-1.0,200,0.0039440724067389965,-1.0,0.00021539790031965822,0.0,DQN_RND,0.001,0.99,mountaincar,sparse
0,479,-1.0,200,0.00788044836372137,-1.0,0.00019056738528888673,0.0,DQN_RND,0.001,0.99,mountaincar,sparse
0,480,-1.0,200,0.002955713542178273,-1.0,0.00019236476509831846,0.0,DQN_RND,0.001,0.99,mountaincar,sparse
0,481,-1.0,200,0.006915790028870106,-1.0,0.00018559837189968675,0.0,DQN_RND,0.001,0.99,mountaincar,sparse
0,482,-1.0,200,0.0029585547745227814,-1.0,0.0001912878651637584,0.0,DQN_RND,0.001,0.99,mountaincar,sparse
0,483,-1.0,200,0.005908264312893152,-1.0,0.0001899948692880571,0.0,DQN_RND,0.001,0.99,mountaincar,sparse
0,484,-1.0,200,0.00691395066678524,-1.0,0.00019305336172692478,0.0,DQN_RND,0.001,0.99,mountaincar,sparse
0,485,-1.0,200,0.007863854989409447,-1.0,0.00020686360949184746,0.0,DQN_RND,0.001,0.99,mountaincar,sparse
0,486,-1.0,200,0.004918632097542286,-1.0,0.00019043560314457864,0.0,DQN_RND,0.001,0.99,mountaincar,sparse
0,487,-1.0,200,0.003933204337954521,-1.0,0.0001930534199345857,0.0,DQN_RND,0.001,0.99,mountaincar,sparse
0,488,-1.0,200,0.003926823381334543,-1.0,0.0001920038484968245,0.0,DQN_RND,0.001,0.99,mountaincar,sparse
0,489,-1.0,200,0.003945501986891031,-1.0,0.00019848805095534772,0.0,DQN_RND,0.001,0.99,mountaincar,sparse
0,490,-1.0,200,0.004909592214971781,-1.0,0.0001934943866217509,0.0,DQN_RND,0.001,0.99,mountaincar,sparse
0,491,-1.0,200,0.0029390889685600996,-1.0,0.00018481560982763767,0.0,DQN_RND,0.001,0.99,mountaincar,sparse
0,492,-1.0,200,0.003933184314519167,-1.0,0.0001999499654630199,0.0,DQN_RND,0.001,0.99,mountaincar,sparse
0,493,-1.0,200,0.0039335074834525585,-1.0,0.00018796314543578774,0.0,DQN_RND,0.001,0.99,mountaincar,sparse
0,494,-1.0,200,0.003932602237910032,-1.0,0.00019229808822274208,0.0,DQN_RND,0.001,0.99,mountaincar,sparse
0,495,-1.0,200,0.003942129667848349,-1.0,0.00019849879026878625,0.0,DQN_RND,0.001,0.99,mountaincar,sparse
0,496,-1.0,200,0.002944260835647583,-1.0,0.0001910228602355346,0.0,DQN_RND,0.001,0.99,mountaincar,sparse
0,497,-1.0,200,0.004924631677567959,-1.0,0.0001823690254241228,0.0,DQN_RND,0.001,0.99,mountaincar,sparse
0,498,-1.0,200,0.0029530359897762537,-1.0,0.00018766637367662042,0.0,DQN_RND,0.001,0.99,mountaincar,sparse
0,499,-1.0,200,0.005913162138313055,-1.0,0.00018748710863292217,0.0,DQN_RND,0.001,0.99,mountaincar,sparse
0,500,-1.0,200,0.006891862489283085,-1.0,0.00020450416195672005,0.0,DQN_RND,0.001,0.99,mountaincar,sparse
0,501,-1.0,200,0.0009831205243244767,-1.0,0.0001884406228782609,0.0,DQN_RND,0.001,0.99,mountaincar,sparse
0,502,-1.0,200,0.001967094372957945,-1.0,0.00019753980450332165,0.0,DQN_RND,0.001,0.99,mountaincar,sparse
0,503,-1.0,200,0.0048973895609378815,-1.0,0.0001836880255723372,0.0,DQN_RND,0.001,0.99,mountaincar,sparse
0,504,-1.0,200,0.004913461394608021,-1.0,0.00018177489982917905,0.0,DQN_RND,0.001,0.99,mountaincar,sparse
0,505,-1.0,200,0.0019602826796472073,-1.0,0.00019225814321544021,0.0,DQN_RND,0.001,0.99,mountaincar,sparse
0,506,-1.0,200,0.005905202589929104,-1.0,0.00018023556913249195,0.0,DQN_RND,0.001,0.99,mountaincar,sparse
0,507,-1.0,200,0.004929089453071356,-1.0,0.00018725804693531245,0.0,DQN_RND,0.001,0.99,mountaincar,sparse
0,508,-1.0,200,0.0039254771545529366,-1.0,0.0001869476109277457,0.0,DQN_RND,0.001,0.99,mountaincar,sparse
0,509,-1.0,200,0.0058953845873475075,-1.0,0.00019425050413701683,0.0,DQN_RND,0.001,0.99,mountaincar,sparse
0,510,-1.0,200,0.003933421801775694,-1.0,0.00018985352653544396,0.0,DQN_RND,0.001,0.99,mountaincar,sparse
0,511,-1.0,200,0.00885290838778019,-1.0,0.00017628460773266852,0.0,DQN_RND,0.001,0.99,mountaincar,sparse
0,512,-1.0,200,0.007868615910410881,-1.0,0.00018734393233899027,0.0,DQN_RND,0.001,0.99,mountaincar,sparse
0,513,-1.0,200,0.005885465536266565,-1.0,0.00018061061564367265,0.0,DQN_RND,0.001,0.99,mountaincar,sparse
0,514,-1.0,200,0.005904993508011103,-1.0,0.00018078026187140495,0.0,DQN_RND,0.001,0.99,mountaincar,sparse
0,515,-1.0,200,0.003934597596526146,-1.0,0.0001759692095220089,0.0,DQN_RND,0.001,0.99,mountaincar,sparse
0,516,-1.0,200,0.002949994523078203,-1.0,0.00019332134979777038,0.0,DQN_RND,0.001,0.99,mountaincar,sparse
0,517,-1.0,200,0.004900009371340275,-1.0,0.00018983859627041966,0.0,DQN_RND,0.001,0.99,mountaincar,sparse
0,518,-1.0,200,0.0029566967859864235,-1.0,0.0001785838685464114,0.0,DQN_RND,0.001,0.99,mountaincar,sparse
0,519,-1.0,200,0.0049110897816717625,-1.0,0.0001803589693736285,0.0,DQN_RND,0.001,0.99,mountaincar,sparse
0,520,-1.0,200,0.008828027173876762,-1.0,0.0001793209812603891,0.0,DQN_RND,0.001,0.99,mountaincar,sparse
0,521,-1.0,200,0.0068657854571938515,-1.0,0.0001794136333046481,0.0,DQN_RND,0.001,0.99,mountaincar,sparse
0,522,-1.0,200,0.004908659961074591,-1.0,0.00018556255963630974,0.0,DQN_RND,0.001,0.99,mountaincar,sparse
0,523,-1.0,200,0.007902062498033047,-1.0,0.00017763946380000561,0.0,DQN_RND,0.001,0.99,mountaincar,sparse
0,524,-1.0,200,0.005896633490920067,-1.0,0.00019006598449777812,0.0,DQN_RND,0.001,0.99,mountaincar,sparse
0,525,-1.0,200,0.0049018110148608685,-1.0,0.00017843458044808358,0.0,DQN_RND,0.001,0.99,mountaincar,sparse
0,526,-1.0,200,0.009824213571846485,-1.0,0.00018067484779749066,0.0,DQN_RND,0.001,0.99,mountaincar,sparse
0,527,-1.0,200,0.004888388328254223,-1.0,0.00018855997768696398,0.0,DQN_RND,0.001,0.99,mountaincar,sparse
0,528,-1.0,200,0.0049074869602918625,-1.0,0.00017859872605185956,0.0,DQN_RND,0.001,0.99,mountaincar,sparse
0,529,-1.0,200,0.0049085067585110664,-1.0,0.00018081816961057484,0.0,DQN_RND,0.001,0.99,mountaincar,sparse
0,530,-1.0,200,0.005878719501197338,-1.0,0.00017914362251758575,0.0,DQN_RND,0.001,0.99,mountaincar,sparse
0,531,-1.0,200,0.00491668377071619,-1.0,0.00017812087025959045,0.0,DQN_RND,0.001,0.99,mountaincar,sparse
0,532,-1.0,200,0.00589754106476903,-1.0,0.00018318610091228038,0.0,DQN_RND,0.001,0.99,mountaincar,sparse
0,533,-1.0,200,0.0029417271725833416,-1.0,0.00017885338456835598,0.0,DQN_RND,0.001,0.99,mountaincar,sparse
0,534,-1.0,200,0.003922729752957821,-1.0,0.00018865895981434733,0.0,DQN_RND,0.001,0.99,mountaincar,sparse
0,535,-1.0,200,0.005893940106034279,-1.0,0.00017501661204732955,0.0,DQN_RND,0.001,0.99,mountaincar,sparse
0,536,-1.0,200,0.005879966076463461,-1.0,0.00019520743808243424,0.0,DQN_RND,0.001,0.99,mountaincar,sparse
0,537,-1.0,200,0.0019639194943010807,-1.0,0.00017244597256649286,0.0,DQN_RND,0.001,0.99,mountaincar,sparse
0,538,-1.0,200,0.005860821809619665,-1.0,0.0001737578131724149,0.0,DQN_RND,0.001,0.99,mountaincar,sparse
0,539,-1.0,200,0.003932036459445953,-1.0,0.00017949100583791733,0.0,DQN_RND,0.001,0.99,mountaincar,sparse
0,540,-1.0,200,0.003911188803613186,-1.0,0.00018062196613755077,0.0,DQN_RND,0.001,0.99,mountaincar,sparse
0,541,-1.0,200,0.0048876190558075905,-1.0,0.0001796602737158537,0.0,DQN_RND,0.001,0.99,mountaincar,sparse
0,542,-1.0,200,0.002941449172794819,-1.0,0.0001728562347125262,0.0,DQN_RND,0.001,0.99,mountaincar,sparse
0,543,-1.0,200,0.00491013377904892,-1.0,0.00017376724281348288,0.0,DQN_RND,0.001,0.99,mountaincar,sparse
0,544,-1.0,200,0.009816891513764858,-1.0,0.00018014456145465374,0.0,DQN_RND,0.001,0.99,mountaincar,sparse
0,545,-1.0,200,0.00391863938421011,-1.0,0.0001749548246152699,0.0,DQN_RND,0.001,0.99,mountaincar,sparse
0,546,-1.0,200,0.002946171211078763,-1.0,0.00017067244334612042,0.0,DQN_RND,0.001,0.99,mountaincar,sparse
0,547,-1.0,200,0.005887816660106182,-1.0,0.00017549814947415143,0.0,DQN_RND,0.001,0.99,mountaincar,sparse
0,548,-1.0,200,0.002942044986411929,-1.0,0.0001713596866466105,0.0,DQN_RND,0.001,0.99,mountaincar,sparse
0,549,-1.0,200,0.009773451834917068,-1.0,0.00016797310672700405,0.0,DQN_RND,0.001,0.99,mountaincar,sparse
0,550,-1.0,200,0.003920714370906353,-1.0,0.00017187173943966627,0.0,DQN_RND,0.001,0.99,mountaincar,sparse
0,551,-1.0,200,0.008804543875157833,-1.0,0.00016712945944163948,0.0,DQN_RND,0.001,0.99,mountaincar,sparse
0,552,-1.0,200,0.011746369302272797,-1.0,0.00017234704864677042,0.0,DQN_RND,0.001,0.99,mountaincar,sparse
0,553,-1.0,200,0.005880578421056271,-1.0,0.00017157758702524006,0.0,DQN_RND,0.001,0.99,mountaincar,sparse
0,554,-1.0,200,0.005875651258975267,-1.0,0.0001692400692263618,0.0,DQN_RND,0.001,0.99,mountaincar,sparse
0,555,-1.0,200,0.005884169600903988,-1.0,0.00017233748803846538,0.0,DQN_RND,0.001,0.99,mountaincar,sparse
0,556,-1.0,200,0.0019594659097492695,-1.0,0.00017921088146977127,0.0,DQN_RND,0.001,0.99,mountaincar,sparse
0,557,-1.0,200,0.005868611391633749,-1.0,0.00016387533105444163,0.0,DQN_RND,0.001,0.99,mountaincar,sparse
0,558,-1.0,200,0.003910093102604151,-1.0,0.00016811203386168927,0.0,DQN_RND,0.001,0.99,mountaincar,sparse
0,559,-1.0,200,0.007851975969970226,-1.0,0.00016923322982620448,0.0,DQN_RND,0.001,0.99,mountaincar,sparse
0,560,-1.0,200,0.004903826862573624,-1.0,0.0001670212805038318,0.0,DQN_RND,0.001,0.99,mountaincar,sparse
0,561,-1.0,200,0.005869039800018072,-1.0,0.00017597663099877536,0.0,DQN_RND,0.001,0.99,mountaincar,sparse
0,562,-1.0,200,0.004889160394668579,-1.0,0.00016056836466304958,0.0,DQN_RND,0.001,0.99,mountaincar,sparse
0,563,-1.0,200,0.008807863108813763,-1.0,0.0001771556562744081,0.0,DQN_RND,0.001,0.99,mountaincar,sparse
0,564,-1.0,200,0.004901501815766096,-1.0,0.00016234576469287276,0.0,DQN_RND,0.001,0.99,mountaincar,sparse
0,565,-1.0,200,0.0029319284949451685,-1.0,0.00016881086048670113,0.0,DQN_RND,0.001,0.99,mountaincar,sparse
0,566,-1.0,200,0.004882774781435728,-1.0,0.00016278827388305217,0.0,DQN_RND,0.001,0.99,mountaincar,sparse
0,567,-1.0,200,0.003915796987712383,-1.0,0.00016423042688984424,0.0,DQN_RND,0.001,0.99,mountaincar,sparse
0,568,-1.0,200,0.002939108293503523,-1.0,0.00016949613927863538,0.0,DQN_RND,0.001,0.99,mountaincar,sparse
0,569,-1.0,200,0.00487964553758502,-1.0,0.00016173247422557324,0.0,DQN_RND,0.001,0.99,mountaincar,sparse
0,570,-1.0,200,0.0029346635565161705,-1.0,0.00016625161515548825,0.0,DQN_RND,0.001,0.99,mountaincar,sparse
0,571,-1.0,200,0.005866294726729393,-1.0,0.00016741055878810585,0.0,DQN_RND,0.001,0.99,mountaincar,sparse
0,572,-1.0,200,0.003908285405486822,-1.0,0.00016694118676241487,0.0,DQN_RND,0.001,0.99,mountaincar,sparse
0,573,-1.0,200,0.002935390919446945,-1.0,0.00016840513853821903,0.0,DQN_RND,0.001,0.99,mountaincar,sparse
0,574,-1.0,200,0.0068502300418913364,-1.0,0.00016577330825384706,0.0,DQN_RND,0.001,0.99,mountaincar,sparse
0,575,-1.0,200,0.0039000832475721836,-1.0,0.00016514612070750445,0.0,DQN_RND,0.001,0.99,mountaincar,sparse
0,576,-1.0,200,0.0019511340651661158,-1.0,0.0001634689688216895,0.0,DQN_RND,0.001,0.99,mountaincar,sparse
0,577,-1.0,200,0.003909678664058447,-1.0,0.00016873987624421716,0.0,DQN_RND,0.001,0.99,mountaincar,sparse
0,578,-1.0,200,0.008810601197183132,-1.0,0.00016366899944841862,0.0,DQN_RND,0.001,0.99,mountaincar,sparse
0,579,-1.0,200,0.0029382870998233557,-1.0,0.00016706112364772707,0.0,DQN_RND,0.001,0.99,mountaincar,sparse
0,580,-1.0,200,0.003909708932042122,-1.0,0.00017327579553239048,0.0,DQN_RND,0.001,0.99,mountaincar,sparse
0,581,-1.0,200,0.0058685364201664925,-1.0,0.00016025220975279808,0.0,DQN_RND,0.001,0.99,mountaincar,sparse
0,582,-1.0,200,0.0029369683470577,-1.0,0.00015951815294101834,0.0,DQN_RND,0.001,0.99,mountaincar,sparse
0,583,-1.0,200,0.004865108523517847,-1.0,0.00016514341405127198,0.0,DQN_RND,0.001,0.99,mountaincar,sparse
0,584,-1.0,200,0.005865864455699921,-1.0,0.00016216689255088568,0.0,DQN_RND,0.001,0.99,mountaincar,sparse
0,585,-1.0,200,0.005866631865501404,-1.0,0.00015806609007995576,0.0,DQN_RND,0.001,0.99,mountaincar,sparse
0,586,-1.0,200,0.003904217854142189,-1.0,0.00016717534163035452,0.0,DQN_RND,0.001,0.99,mountaincar,sparse
0,587,-1.0,200,0.00586773781105876,-1.0,0.00016543404490221292,0.0,DQN_RND,0.001,0.99,mountaincar,sparse
0,588,-1.0,200,0.005855686031281948,-1.0,0.0001538268115837127,0.0,DQN_RND,0.001,0.99,mountaincar,sparse
0,589,-1.0,200,0.0029235982801765203,-1.0,0.00016380393935833126,0.0,DQN_RND,0.001,0.99,mountaincar,sparse
0,590,-1.0,200,0.0068458556197583675,-1.0,0.0001563967380207032,0.0,DQN_RND,0.001,0.99,mountaincar,sparse
0,591,-1.0,200,0.005857556127011776,-1.0,0.00015339607489295304,0.0,DQN_RND,0.001,0.99,mountaincar,sparse
0,592,-1.0,200,0.006819857284426689,-1.0,0.00015403120778501034,0.0,DQN_RND,0.001,0.99,mountaincar,sparse
0,593,-1.0,200,0.0019586938433349133,-1.0,0.00015846946917008609,0.0,DQN_RND,0.001,0.99,mountaincar,sparse
0,594,-1.0,200,0.0068434965796768665,-1.0,0.00017227977514266968,0.0,DQN_RND,0.001,0.99,mountaincar,sparse
0,595,-1.0,200,0.0029288860969245434,-1.0,0.00015613180585205555,0.0,DQN_RND,0.001,0.99,mountaincar,sparse
0,596,-1.0,200,0.004879824351519346,-1.0,0.00015925518528092653,0.0,DQN_RND,0.001,0.99,mountaincar,sparse
0,597,-1.0,200,0.004878395702689886,-1.0,0.00015375846123788506,0.0,DQN_RND,0.001,0.99,mountaincar,sparse
0,598,-1.0,200,0.005856766831129789,-1.0,0.00015712772437836975,0.0,DQN_RND,0.001,0.99,mountaincar,sparse
0,599,-1.0,200,0.0058769360184669495,-1.0,0.00015611210255883634,0.0,DQN_RND,0.001,0.99,mountaincar,sparse
0,600,-1.0,200,0.0019507751567289233,-1.0,0.00015448375779669732,0.0,DQN_RND,0.001,0.99,mountaincar,sparse
0,601,-1.0,200,0.0039044509176164865,-1.0,0.00015691023145336658,0.0,DQN_RND,0.001,0.99,mountaincar,sparse
0,602,-1.0,200,0.0087774358689785,-1.0,0.00015817217354197055,0.0,DQN_RND,0.001,0.99,mountaincar,sparse
0,603,-1.0,200,0.0009770209435373545,-1.0,0.00015150560648180544,0.0,DQN_RND,0.001,0.99,mountaincar,sparse
0,604,-1.0,200,0.0019518680637702346,-1.0,0.00015559731400571764,0.0,DQN_RND,0.001,0.99,mountaincar,sparse
0,605,-1.0,200,0.0029255347326397896,-1.0,0.0001542900427011773,0.0,DQN_RND,0.001,0.99,mountaincar,sparse
0,606,-1.0,200,0.0019525426905602217,-1.0,0.00015413042274303734,0.0,DQN_RND,0.001,0.99,mountaincar,sparse
0,607,-1.0,200,0.004858608823269606,-1.0,0.0001619362592464313,0.0,DQN_RND,0.001,0.99,mountaincar,sparse
0,608,-1.0,200,0.0038986518047749996,-1.0,0.00015644235827494413,0.0,DQN_RND,0.001,0.99,mountaincar,sparse
0,609,-1.0,200,0.002926183631643653,-1.0,0.00015588496171403676,0.0,DQN_RND,0.001,0.99,mountaincar,sparse
0,610,-1.0,200,0.002925268840044737,-1.0,0.00016002828488126397,0.0,DQN_RND,0.001,0.99,mountaincar,sparse
0,611,-1.0,200,0.005845941603183746,-1.0,0.000152846027049236,0.0,DQN_RND,0.001,0.99,mountaincar,sparse
0,612,-1.0,200,0.002927888184785843,-1.0,0.00015592995623592287,0.0,DQN_RND,0.001,0.99,mountaincar,sparse
0,613,-1.0,200,0.0039001021068543196,-1.0,0.0001507588749518618,0.0,DQN_RND,0.001,0.99,mountaincar,sparse
0,614,-1.0,200,0.004871774464845657,-1.0,0.00014856272900942713,0.0,DQN_RND,0.001,0.99,mountaincar,sparse
0,615,-1.0,200,0.005853495094925165,-1.0,0.00014845517580397427,0.0,DQN_RND,0.001,0.99,mountaincar,sparse
0,616,-1.0,200,0.004880170803517103,-1.0,0.00015354632341768593,0.0,DQN_RND,0.001,0.99,mountaincar,sparse
0,617,-1.0,200,0.0019495313754305243,-1.0,0.00014665807248093188,0.0,DQN_RND,0.001,0.99,mountaincar,sparse
0,618,-1.0,200,0.0039043629076331854,-1.0,0.00014786173414904624,0.0,DQN_RND,0.001,0.99,mountaincar,sparse
0,619,-1.0,200,0.002924409694969654,-1.0,0.00014721215120516717,0.0,DQN_RND,0.001,0.99,mountaincar,sparse
0,620,-1.0,200,0.007816269993782043,-1.0,0.00015870886272750795,0.0,DQN_RND,0.001,0.99,mountaincar,sparse
0,621,-1.0,200,0.0029221836011856794,-1.0,0.0001558104995638132,0.0,DQN_RND,0.001,0.99,mountaincar,sparse
0,622,-1.0,200,0.004882698878645897,-1.0,0.00014441387611441314,0.0,DQN_RND,0.001,0.99,mountaincar,sparse
0,623,-1.0,200,0.004865165799856186,-1.0,0.0001415635779267177,0.0,DQN_RND,0.001,0.99,mountaincar,sparse
0,624,-1.0,200,0.0009749979362823069,-1.0,0.0001430637639714405,0.0,DQN_RND,0.001,0.99,mountaincar,sparse
0,625,-1.0,200,0.0038993586786091328,-1.0,0.00014918403758201748,0.0,DQN_RND,0.001,0.99,mountaincar,sparse
0,626,-1.0,200,0.002924493048340082,-1.0,0.0001420046464772895,0.0,DQN_RND,0.001,0.99,mountaincar,sparse
0,627,-1.0,200,0.004873121622949839,-1.0,0.00014684084453620017,0.0,DQN_RND,0.001,0.99,mountaincar,sparse
0,628,-1.0,200,0.009766258299350739,-1.0,0.00014365681272465736,0.0,DQN_RND,0.001,0.99,mountaincar,sparse
0,629,-1.0,200,0.008784279227256775,-1.0,0.00014230524539016187,0.0,DQN_RND,0.001,0.99,mountaincar,sparse
0,630,-1.0,200,0.0019482157658785582,-1.0,0.00014227039355318993,0.0,DQN_RND,0.001,0.99,mountaincar,sparse
0,631,-1.0,200,0.00681323604658246,-1.0,0.00014603330055251718,0.0,DQN_RND,0.001,0.99,mountaincar,sparse
0,632,-1.0,200,0.004885486327111721,-1.0,0.00013905832020100206,0.0,DQN_RND,0.001,0.99,mountaincar,sparse
0,633,-1.0,200,0.0019441593904048204,-1.0,0.0001448807743145153,0.0,DQN_RND,0.001,0.99,mountaincar,sparse
0,634,-1.0,200,0.007795967627316713,-1.0,0.00014303727948572487,0.0,DQN_RND,0.001,0.99,mountaincar,sparse
0,635,-1.0,200,0.004878779873251915,-1.0,0.00014714093413203955,0.0,DQN_RND,0.001,0.99,mountaincar,sparse
0,636,-1.0,200,0.004866123199462891,-1.0,0.00014189981447998434,0.0,DQN_RND,0.001,0.99,mountaincar,sparse
0,637,-1.0,200,0.005835156887769699,-1.0,0.0001513460447313264,0.0,DQN_RND,0.001,0.99,mountaincar,sparse
0,638,-1.0,200,0.008748686872422695,-1.0,0.00014317674504127353,0.0,DQN_RND,0.001,0.99,mountaincar,sparse
0,639,-1.0,200,0.007790423929691315,-1.0,0.00013834085257258266,0.0,DQN_RND,0.001,0.99,mountaincar,sparse
0,640,-1.0,200,0.00487013254314661,-1.0,0.0001506987027823925,0.0,DQN_RND,0.001,0.99,mountaincar,sparse
0,641,-1.0,200,0.0038901930674910545,-1.0,0.0001663359726080671,0.0,DQN_RND,0.001,0.99,mountaincar,sparse
0,642,-1.0,200,0.00972274411469698,-1.0,0.000141331649501808,0.0,DQN_RND,0.001,0.99,mountaincar,sparse
0,643,-1.0,200,0.006814209744334221,-1.0,0.00013925805978942662,0.0,DQN_RND,0.001,0.99,mountaincar,sparse
0,644,-1.0,200,0.0039047463797032833,-1.0,0.00013370116357691586,0.0,DQN_RND,0.001,0.99,mountaincar,sparse
0,645,-1.0,200,0.005826668348163366,-1.0,0.0001373955892631784,0.0,DQN_RND,0.001,0.99,mountaincar,sparse
0,646,-1.0,200,0.007774644065648317,-1.0,0.00013964009121991694,0.0,DQN_RND,0.001,0.99,mountaincar,sparse
0,647,-1.0,200,0.005833778064697981,-1.0,0.00013576964556705207,0.0,DQN_RND,0.001,0.99,mountaincar,sparse
0,648,-1.0,200,0.001945848111063242,-1.0,0.00013492048310581595,0.0,DQN_RND,0.001,0.99,mountaincar,sparse
0,649,-1.0,200,0.0029248592909425497,-1.0,0.0001341489260084927,0.0,DQN_RND,0.001,0.99,mountaincar,sparse
0,650,-1.0,200,0.009722033515572548,-1.0,0.0001442347129341215,0.0,DQN_RND,0.001,0.99,mountaincar,sparse
0,651,-1.0,200,0.007784365210682154,-1.0,0.00013582980318460613,0.0,DQN_RND,0.001,0.99,mountaincar,sparse
0,652,-1.0,200,0.0029150338377803564,-1.0,0.00013306537584867328,0.0,DQN_RND,0.001,0.99,mountaincar,sparse
0,653,-1.0,200,0.0019435115391388535,-1.0,0.0001337993162451312,0.0,DQN_RND,0.001,0.99,mountaincar,sparse
0,654,-1.0,200,0.006815335713326931,-1.0,0.00013442453928291798,0.0,DQN_RND,0.001,0.99,mountaincar,sparse
0,655,-1.0,200,0.00486340606585145,-1.0,0.00013371784007176757,0.0,DQN_RND,0.001,0.99,mountaincar,sparse
0,656,-1.0,200,0.006817566230893135,-1.0,0.00013582344399765134,0.0,DQN_RND,0.001,0.99,mountaincar,sparse
0,657,-1.0,200,0.003897234098985791,-1.0,0.00013537617633119226,0.0,DQN_RND,0.001,0.99,mountaincar,sparse
0,658,-1.0,200,0.004858535248786211,-1.0,0.00013820393360219896,0.0,DQN_RND,0.001,0.99,mountaincar,sparse
0,659,-1.0,200,1.2651862562051974e-06,-1.0,0.0001356503926217556,0.0,DQN_RND,0.001,0.99,mountaincar,sparse
0,660,-1.0,200,0.004857913125306368,-1.0,0.00013511787983588874,0.0,DQN_RND,0.001,0.99,mountaincar,sparse
0,661,-1.0,200,0.0048562465235590935,-1.0,0.00014647167699877173,0.0,DQN_RND,0.001,0.99,mountaincar,sparse
0,662,-1.0,200,0.005827830173075199,-1.0,0.00013721779396291822,0.0,DQN_RND,0.001,0.99,mountaincar,sparse
0,663,-1.0,200,0.011644980870187283,-1.0,0.00013189185119699687,0.0,DQN_RND,0.001,0.99,mountaincar,sparse
0,664,-1.0,200,0.007771131582558155,-1.0,0.00013278264668770134,0.0,DQN_RND,0.001,0.99,mountaincar,sparse
0,665,-1.0,200,0.007783207111060619,-1.0,0.00014085172733757645,0.0,DQN_RND,0.001,0.99,mountaincar,sparse
0,666,-1.0,200,0.006786694284528494,-1.0,0.00013474663137458265,0.0,DQN_RND,0.001,0.99,mountaincar,sparse
0,667,-1.0,200,0.0038819925393909216,-1.0,0.00013379010488279164,0.0,DQN_RND,0.001,0.99,mountaincar,sparse
0,668,-1.0,200,0.004861129447817802,-1.0,0.0001461119099985808,0.0,DQN_RND,0.001,0.99,mountaincar,sparse
0,669,-1.0,200,0.004853501915931702,-1.0,0.00013805269554723054,0.0,DQN_RND,0.001,0.99,mountaincar,sparse
0,670,-1.0,200,0.0009712770697660744,-1.0,0.0001315680710831657,0.0,DQN_RND,0.001,0.99,mountaincar,sparse
0,671,-1.0,200,0.004845281131565571,-1.0,0.00012965542555321008,0.0,DQN_RND,0.001,0.99,mountaincar,sparse
0,672,-1.0,200,0.002914410550147295,-1.0,0.0001327945792581886,0.0,DQN_RND,0.001,0.99,mountaincar,sparse
0,673,-1.0,200,0.0038798460736870766,-1.0,0.00013342472084332258,0.0,DQN_RND,0.001,0.99,mountaincar,sparse
0,674,-1.0,200,0.003883220488205552,-1.0,0.0001353411062154919,0.0,DQN_RND,0.001,0.99,mountaincar,sparse
0,675,-1.0,200,0.0029163758736103773,-1.0,0.00013643718557432294,0.0,DQN_RND,0.001,0.99,mountaincar,sparse
0,676,-1.0,200,0.001947366981767118,-1.0,0.000132258195662871,0.0,DQN_RND,0.001,0.99,mountaincar,sparse
0,677,-1.0,200,0.005818410776555538,-1.0,0.0001328037615166977,0.0,DQN_RND,0.001,0.99,mountaincar,sparse
0,678,-1.0,200,0.006793289445340633,-1.0,0.0001356669090455398,0.0,DQN_RND,0.001,0.99,mountaincar,sparse
0,679,-1.0,200,0.0029097329825162888,-1.0,0.0001353902043774724,0.0,DQN_RND,0.001,0.99,mountaincar,sparse
0,680,-1.0,200,0.004848202224820852,-1.0,0.0001328703510807827,0.0,DQN_RND,0.001,0.99,mountaincar,sparse
0,681,-1.0,200,0.002910926938056946,-1.0,0.00013322662562131882,0.0,DQN_RND,0.001,0.99,mountaincar,sparse
0,682,-1.0,200,0.003875686787068844,-1.0,0.00013510006829164922,0.0,DQN_RND,0.001,0.99,mountaincar,sparse
0,683,-1.0,200,0.007762780413031578,-1.0,0.0001428227114956826,0.0,DQN_RND,0.001,0.99,mountaincar,sparse
0,684,-1.0,200,0.006801390089094639,-1.0,0.00013267810572870076,0.0,DQN_RND,0.001,0.99,mountaincar,sparse
0,685,-1.0,200,0.008724217303097248,-1.0,0.00013279597624205053,0.0,DQN_RND,0.001,0.99,mountaincar,sparse
0,686,-1.0,200,0.0019324342720210552,-1.0,0.0001335342531092465,0.0,DQN_RND,0.001,0.99,mountaincar,sparse
0,687,-1.0,200,0.00872435886412859,-1.0,0.00013899564510211349,0.0,DQN_RND,0.001,0.99,mountaincar,sparse
0,688,-1.0,200,0.0038797815795987844,-1.0,0.000134149900986813,0.0,DQN_RND,0.001,0.99,mountaincar,sparse
0,689,-1.0,200,0.0009703405667096376,-1.0,0.00013212565681897104,0.0,DQN_RND,0.001,0.99,mountaincar,sparse
0,690,-1.0,200,0.0048578763380646706,-1.0,0.00013339794531930238,0.0,DQN_RND,0.001,0.99,mountaincar,sparse
0,691,-1.0,200,0.0019403843907639384,-1.0,0.000131494554807432,0.0,DQN_RND,0.001,0.99,mountaincar,sparse
0,692,-1.0,200,0.0029148710891604424,-1.0,0.00013794153346680105,0.0,DQN_RND,0.001,0.99,mountaincar,sparse
0,693,-1.0,200,0.0029093024786561728,-1.0,0.00013209173630457371,0.0,DQN_RND,0.001,0.99,mountaincar,sparse
0,694,-1.0,200,0.003876836970448494,-1.0,0.00013368255167733878,0.0,DQN_RND,0.001,0.99,mountaincar,sparse
0,695,-1.0,200,0.005813188385218382,-1.0,0.00013294292148202658,0.0,DQN_RND,0.001,0.99,mountaincar,sparse
0,696,-1.0,200,0.0009696357883512974,-1.0,0.00013076048344373703,0.0,DQN_RND,0.001,0.99,mountaincar,sparse
0,697,-1.0,200,0.0019381539896130562,-1.0,0.00013256893726065755,0.0,DQN_RND,0.001,0.99,mountaincar,sparse
0,698,-1.0,200,0.0067733703181147575,-1.0,0.0001313173124799505,0.0,DQN_RND,0.001,0.99,mountaincar,sparse
0,699,-1.0,200,0.0029070929158478975,-1.0,0.00013615905481856316,0.0,DQN_RND,0.001,0.99,mountaincar,sparse
0,700,-1.0,200,0.0019375387346372008,-1.0,0.0001356654247501865,0.0,DQN_RND,0.001,0.99,mountaincar,sparse
0,701,-1.0,200,0.009687717072665691,-1.0,0.000129898646264337,0.0,DQN_RND,0.001,0.99,mountaincar,sparse
0,702,-1.0,200,0.002908570459112525,-1.0,0.00013044854858890176,0.0,DQN_RND,0.001,0.99,mountaincar,sparse
0,703,-1.0,200,0.0029071106109768152,-1.0,0.0001277721457881853,0.0,DQN_RND,0.001,0.99,mountaincar,sparse
0,704,-1.0,200,0.0029038717038929462,-1.0,0.00013319790014065802,0.0,DQN_RND,0.001,0.99,mountaincar,sparse
0,705,-1.0,200,0.0067755659110844135,-1.0,0.00012655803584493697,0.0,DQN_RND,0.001,0.99,mountaincar,sparse
0,706,-1.0,200,0.0048422859981656075,-1.0,0.0001281156000914052,0.0,DQN_RND,0.001,0.99,mountaincar,sparse
0,707,-1.0,200,0.005806202068924904,-1.0,0.00012423537555150688,0.0,DQN_RND,0.001,0.99,mountaincar,sparse
0,708,-1.0,200,0.00387456058524549,-1.0,0.00012316401989664882,0.0,DQN_RND,0.001,0.99,mountaincar,sparse
0,709,-1.0,200,0.003867007326334715,-1.0,0.0001274797396035865,0.0,DQN_RND,0.001,0.99,mountaincar,sparse
0,710,-1.0,200,0.003869522362947464,-1.0,0.00013197673251852393,0.0,DQN_RND,0.001,0.99,mountaincar,sparse
0,711,-1.0,200,0.0057989913038909435,-1.0,0.00012443732703104615,0.0,DQN_RND,0.001,0.99,mountaincar,sparse
0,712,-1.0,200,0.0058059776201844215,-1.0,0.00012524583144113421,0.0,DQN_RND,0.001,0.99,mountaincar,sparse
0,713,-1.0,200,0.0038786297664046288,-1.0,0.00012398978287819773,0.0,DQN_RND,0.001,0.99,mountaincar,sparse
0,714,-1.0,200,0.008699608035385609,-1.0,0.00012381670239847153,0.0,DQN_RND,0.001,0.99,mountaincar,sparse
0,715,-1.0,200,0.004838380962610245,-1.0,0.0001239673438249156,0.0,DQN_RND,0.001,0.99,mountaincar,sparse
0,716,-1.0,200,0.00967690721154213,-1.0,0.00012367118324618787,0.0,DQN_RND,0.001,0.99,mountaincar,sparse
0,717,-1.0,200,0.007730662357062101,-1.0,0.0001220068588736467,0.0,DQN_RND,0.001,0.99,mountaincar,sparse
0,718,-1.0,200,0.009682482108473778,-1.0,0.0001228529290528968,0.0,DQN_RND,0.001,0.99,mountaincar,sparse
0,719,-1.0,200,0.0019340496510267258,-1.0,0.0001234726805705577,0.0,DQN_RND,0.001,0.99,mountaincar,sparse
0,720,-1.0,200,0.003875702153891325,-1.0,0.00012098714796593413,0.0,DQN_RND,0.001,0.99,mountaincar,sparse
0,721,-1.0,200,0.006762657780200243,-1.0,0.0001232608628924936,0.0,DQN_RND,0.001,0.99,mountaincar,sparse
0,722,-1.0,200,0.004835055209696293,-1.0,0.00012072870595147833,0.0,DQN_RND,0.001,0.99,mountaincar,sparse
0,723,-1.0,200,0.004847850650548935,-1.0,0.00012219460040796548,0.0,DQN_RND,0.001,0.99,mountaincar,sparse
0,724,-1.0,200,0.005797482095658779,-1.0,0.00012018872075714171,0.0,DQN_RND,0.001,0.99,mountaincar,sparse
0,725,-1.0,200,0.0028990241698920727,-1.0,0.00013004521315451711,0.0,DQN_RND,0.001,0.99,mountaincar,sparse
0,726,-1.0,200,0.005782994441688061,-1.0,0.0001247166219400242,0.0,DQN_RND,0.001,0.99,mountaincar,sparse
0,727,-1.0,200,0.0038797541055828333,-1.0,0.00011837753118015826,0.0,DQN_RND,0.001,0.99,mountaincar,sparse
0,728,-1.0,200,0.005799391306936741,-1.0,0.00011988532787654549,0.0,DQN_RND,0.001,0.99,mountaincar,sparse
0,729,-1.0,200,0.002896767808124423,-1.0,0.00011875711061293259,0.0,DQN_RND,0.001,0.99,mountaincar,sparse
0,730,-1.0,200,0.009670727886259556,-1.0,0.00012006059114355594,0.0,DQN_RND,0.001,0.99,mountaincar,sparse
0,731,-1.0,200,0.0067581734620034695,-1.0,0.00011809863644884899,0.0,DQN_RND,0.001,0.99,mountaincar,sparse
0,732,-1.0,200,0.004821030888706446,-1.0,0.00012000006972812116,0.0,DQN_RND,0.001,0.99,mountaincar,sparse
0,733,-1.0,200,0.0009660048526711762,-1.0,0.00011917445226572454,0.0,DQN_RND,0.001,0.99,mountaincar,sparse
0,734,-1.0,200,0.007725303526967764,-1.0,0.00011918917880393565,0.0,DQN_RND,0.001,0.99,mountaincar,sparse
0,735,-1.0,200,0.007741703186184168,-1.0,0.00012069162767147645,0.0,DQN_RND,0.001,0.99,mountaincar,sparse
0,736,-1.0,200,0.002900544088333845,-1.0,0.00011814672325272113,0.0,DQN_RND,0.001,0.99,mountaincar,sparse
0,737,-1.0,200,0.003855608869343996,-1.0,0.00011780136992456391,0.0,DQN_RND,0.001,0.99,mountaincar,sparse
0,738,-1.0,200,0.0038676923140883446,-1.0,0.0001184213615488261,0.0,DQN_RND,0.001,0.99,mountaincar,sparse
0,739,-1.0,200,0.003875924274325371,-1.0,0.00012011972285108641,0.0,DQN_RND,0.001,0.99,mountaincar,sparse
0,740,-1.0,200,0.008696313947439194,-1.0,0.00012029868230456486,0.0,DQN_RND,0.001,0.99,mountaincar,sparse
0,741,-1.0,200,0.0038763692136853933,-1.0,0.00011808518320322037,0.0,DQN_RND,0.001,0.99,mountaincar,sparse
0,742,-1.0,200,0.0019301879219710827,-1.0,0.00012339289241936058,0.0,DQN_RND,0.001,0.99,mountaincar,sparse
0,743,-1.0,200,0.004822520539164543,-1.0,0.00011838581849588081,0.0,DQN_RND,0.001,0.99,mountaincar,sparse
0,744,-1.0,200,0.0009658752242103219,-1.0,0.00012123323540436104,0.0,DQN_RND,0.001,0.99,mountaincar,sparse
0,745,-1.0,200,0.00964752770960331,-1.0,0.00011867188004544005,0.0,DQN_RND,0.001,0.99,mountaincar,sparse
0,746,-1.0,200,0.007714092265814543,-1.0,0.0001197467718156986,0.0,DQN_RND,0.001,0.99,mountaincar,sparse
0,747,-1.0,200,0.008692714385688305,-1.0,0.0001159543899120763,0.0,DQN_RND,0.001,0.99,mountaincar,sparse
0,748,-1.0,200,0.0038612622302025557,-1.0,0.00012003806477878243,0.0,DQN_RND,0.001,0.99,mountaincar,sparse
0,749,-1.0,200,0.0019242806592956185,-1.0,0.00011842559615615755,0.0,DQN_RND,0.001,0.99,mountaincar,sparse
0,750,-1.0,200,0.0038615481462329626,-1.0,0.00011793924932135269,0.0,DQN_RND,0.001,0.99,mountaincar,sparse
0,751,-1.0,200,0.002892633667215705,-1.0,0.00012131375115131959,0.0,DQN_RND,0.001,0.99,mountaincar,sparse
0,752,-1.0,200,0.008677169680595398,-1.0,0.00011620182340266183,0.0,DQN_RND,0.001,0.99,mountaincar,sparse
0,753,-1.0,200,0.0038633737713098526,-1.0,0.00011920321412617341,0.0,DQN_RND,0.001,0.99,mountaincar,sparse
0,754,-1.0,200,0.003856837749481201,-1.0,0.00011461452231742442,0.0,DQN_RND,0.001,0.99,mountaincar,sparse
0,755,-1.0,200,0.0028925277292728424,-1.0,0.00011862638348247856,0.0,DQN_RND,0.001,0.99,mountaincar,sparse
0,756,-1.0,200,0.005785178393125534,-1.0,0.00013448280515149236,0.0,DQN_RND,0.001,0.99,mountaincar,sparse
0,757,-1.0,200,0.004820558242499828,-1.0,0.00011631219967966899,0.0,DQN_RND,0.001,0.99,mountaincar,sparse
0,758,-1.0,200,0.0057875169441103935,-1.0,0.00011728917161235586,0.0,DQN_RND,0.001,0.99,mountaincar,sparse
0,759,-1.0,200,0.006746791768819094,-1.0,0.00011595065734582022,0.0,DQN_RND,0.001,0.99,mountaincar,sparse
0,760,-1.0,200,0.002888442249968648,-1.0,0.00011722126509994268,0.0,DQN_RND,0.001,0.99,mountaincar,sparse
0,761,-1.0,200,0.0019283778965473175,-1.0,0.00011617195559665561,0.0,DQN_RND,0.001,0.99,mountaincar,sparse
0,762,-1.0,200,0.0009638915071263909,-1.0,0.00011689377424772829,0.0,DQN_RND,0.001,0.99,mountaincar,sparse
0,763,-1.0,200,0.005783334374427795,-1.0,0.00012472290836740285,0.0,DQN_RND,0.001,0.99,mountaincar,sparse
0,764,-1.0,200,0.009635916911065578,-1.0,0.0001150184907601215,0.0,DQN_RND,0.001,0.99,mountaincar,sparse
0,765,-1.0,200,0.0028951808344572783,-1.0,0.00011794383317464963,0.0,DQN_RND,0.001,0.99,mountaincar,sparse
0,766,-1.0,200,0.005780772306025028,-1.0,0.00011509418254718184,0.0,DQN_RND,0.001,0.99,mountaincar,sparse
0,767,-1.0,200,0.0009719736408442259,-1.0,0.00011570638889679685,0.0,DQN_RND,0.001,0.99,mountaincar,sparse
0,768,-1.0,200,0.002892135875299573,-1.0,0.00011606218322413042,0.0,DQN_RND,0.001,0.99,mountaincar,sparse
0,769,-1.0,200,0.005788705311715603,-1.0,0.00011610198271228,0.0,DQN_RND,0.001,0.99,mountaincar,sparse
0,770,-1.0,200,0.00385276903398335,-1.0,0.00011662292672554031,0.0,DQN_RND,0.001,0.99,mountaincar,sparse
0,771,-1.0,200,0.00770323071628809,-1.0,0.00012037977285217494,0.0,DQN_RND,0.001,0.99,mountaincar,sparse
0,772,-1.0,200,0.005777440033853054,-1.0,0.0001165395078714937,0.0,DQN_RND,0.001,0.99,mountaincar,sparse
0,773,-1.0,200,0.0028891863767057657,-1.0,0.00011351256398484111,0.0,DQN_RND,0.001,0.99,mountaincar,sparse
0,774,-1.0,200,0.0038485322147607803,-1.0,0.00011272764822933823,0.0,DQN_RND,0.001,0.99,mountaincar,sparse
0,775,-1.0,200,0.012515692040324211,-1.0,0.00011415627523092553,0.0,DQN_RND,0.001,0.99,mountaincar,sparse
0,776,-1.0,200,0.0019248727476224303,-1.0,0.00011853916657855734,0.0,DQN_RND,0.001,0.99,mountaincar,sparse
0,777,-1.0,200,0.0077118221670389175,-1.0,0.00011724411160685122,0.0,DQN_RND,0.001,0.99,mountaincar,sparse
0,778,-1.0,200,0.004811438266187906,-1.0,0.00011627655476331711,0.0,DQN_RND,0.001,0.99,mountaincar,sparse
0,779,-1.0,200,0.002889128401875496,-1.0,0.00011584315507207066,0.0,DQN_RND,0.001,0.99,mountaincar,sparse
0,780,-1.0,200,0.0067387912422418594,-1.0,0.00011399373033782467,0.0,DQN_RND,0.001,0.99,mountaincar,sparse
0,781,-1.0,200,0.002886915812268853,-1.0,0.00011270114919170737,0.0,DQN_RND,0.001,0.99,mountaincar,sparse
0,782,-1.0,200,0.0038527734577655792,-1.0,0.00011711752449627966,0.0,DQN_RND,0.001,0.99,mountaincar,sparse
0,783,-1.0,200,0.005784902721643448,-1.0,0.00011355736205587164,0.0,DQN_RND,0.001,0.99,mountaincar,sparse
0,784,-1.0,200,0.001923731411807239,-1.0,0.00011199320579180494,0.0,DQN_RND,0.001,0.99,mountaincar,sparse
0,785,-1.0,200,0.006736502051353455,-1.0,0.00011127076868433505,0.0,DQN_RND,0.001,0.99,mountaincar,sparse
0,786,-1.0,200,0.00673374580219388,-1.0,0.00011426571290940046,0.0,DQN_RND,0.001,0.99,mountaincar,sparse
0,787,-1.0,200,0.004811637103557587,-1.0,0.00011141644790768623,0.0,DQN_RND,0.001,0.99,mountaincar,sparse
0,788,-1.0,200,0.00480969762429595,-1.0,0.00011301000631647184,0.0,DQN_RND,0.001,0.99,mountaincar,sparse
0,789,-1.0,200,0.005772101692855358,-1.0,0.00011236548016313463,0.0,DQN_RND,0.001,0.99,mountaincar,sparse
0,790,-1.0,200,0.0038535036146640778,-1.0,0.00011616514530032873,0.0,DQN_RND,0.001,0.99,mountaincar,sparse
0,791,-1.0,200,0.005775424651801586,-1.0,0.00011404731048969552,0.0,DQN_RND,0.001,0.99,mountaincar,sparse
0,792,-1.0,200,0.004806180484592915,-1.0,0.00011284105130471289,0.0,DQN_RND,0.001,0.99,mountaincar,sparse
0,793,-1.0,200,0.002883650828152895,-1.0,0.00011650906526483595,0.0,DQN_RND,0.001,0.99,mountaincar,sparse
0,794,-1.0,200,0.006728720385581255,-1.0,0.00011208684736629948,0.0,DQN_RND,0.001,0.99,mountaincar,sparse
0,795,-1.0,200,0.005769456271082163,-1.0,0.0001122585017583333,0.0,DQN_RND,0.001,0.99,mountaincar,sparse
0,796,-1.0,200,0.0067294263280928135,-1.0,0.00011913180787814781,0.0,DQN_RND,0.001,0.99,mountaincar,sparse
0,797,-1.0,200,0.004804662428796291,-1.0,0.00011182775779161602,0.0,DQN_RND,0.001,0.99,mountaincar,sparse
0,798,-1.0,200,0.004802549723535776,-1.0,0.00011204860493307933,0.0,DQN_RND,0.001,0.99,mountaincar,sparse
0,799,-1.0,200,0.007689297199249268,-1.0,0.00010954563185805455,0.0,DQN_RND,0.001,0.99,mountaincar,sparse
0,800,-1.0,200,0.002886085771024227,-1.0,0.00011131072096759453,0.0,DQN_RND,0.001,0.99,mountaincar,sparse
0,801,-1.0,200,0.008649478666484356,-1.0,0.00011440161324571818,0.0,DQN_RND,0.001,0.99,mountaincar,sparse
0,802,-1.0,200,0.0038442290388047695,-1.0,0.00011157288099639118,0.0,DQN_RND,0.001,0.99,mountaincar,sparse
0,803,-1.0,200,0.004804745316505432,-1.0,0.00011255387653363869,0.0,DQN_RND,0.001,0.99,mountaincar,sparse
0,804,-1.0,200,0.004803785122931004,-1.0,0.00011107791942777112,0.0,DQN_RND,0.001,0.99,mountaincar,sparse
0,805,-1.0,200,0.0038439095951616764,-1.0,0.00011149285273859277,0.0,DQN_RND,0.001,0.99,mountaincar,sparse
0,806,-1.0,200,0.004802009090781212,-1.0,0.00011278986494289711,0.0,DQN_RND,0.001,0.99,mountaincar,sparse
0,807,-1.0,200,0.0028832911048084497,-1.0,0.00011811716831289232,0.0,DQN_RND,0.001,0.99,mountaincar,sparse
0,808,-1.0,200,0.006721880286931992,-1.0,0.00011210893717361614,0.0,DQN_RND,0.001,0.99,mountaincar,sparse
0,809,-1.0,200,0.004801031202077866,-1.0,0.0001180065082735382,0.0,DQN_RND,0.001,0.99,mountaincar,sparse
0,810,-1.0,200,0.004801028408110142,-1.0,0.00010970918083330616,0.0,DQN_RND,0.001,0.99,mountaincar,sparse
0,811,-1.0,200,0.0038403780199587345,-1.0,0.00011301755876047537,0.0,DQN_RND,0.001,0.99,mountaincar,sparse
0,812,-1.0,200,0.0067204018123447895,-1.0,0.00011070688196923584,0.0,DQN_RND,0.001,0.99,mountaincar,sparse
0,813,-1.0,200,0.0038375151343643665,-1.0,0.00011058572272304446,0.0,DQN_RND,0.001,0.99,mountaincar,sparse
0,814,-1.0,200,0.005759555846452713,-1.0,0.00011266653018537909,0.0,DQN_RND,0.001,0.99,mountaincar,sparse
0,815,-1.0,200,0.004798308480530977,-1.0,0.00011402180098230019,0.0,DQN_RND,0.001,0.99,mountaincar,sparse
0,816,-1.0,200,0.002874160185456276,-1.0,0.00011091075430158526,0.0,DQN_RND,0.001,0.99,mountaincar,sparse
0,817,-1.0,200,0.0019188246224075556,-1.0,0.00011026569700334221,0.0,DQN_RND,0.001,0.99,mountaincar,sparse
0,818,-1.0,200,0.005763831548392773,-1.0,0.00010518630006117746,0.0,DQN_RND,0.001,0.99,mountaincar,sparse
0,819,-1.0,200,0.004799067974090576,-1.0,0.00010915730672422796,0.0,DQN_RND,0.001,0.99,mountaincar,sparse
0,820,-1.0,200,0.0019217133522033691,-1.0,0.00011297442688373849,0.0,DQN_RND,0.001,0.99,mountaincar,sparse
0,821,-1.0,200,0.006713290698826313,-1.0,0.00011121721036033705,0.0,DQN_RND,0.001,0.99,mountaincar,sparse
0,822,-1.0,200,0.005754434037953615,-1.0,0.00010838460002560169,0.0,DQN_RND,0.001,0.99,mountaincar,sparse
0,823,-1.0,200,0.007670966908335686,-1.0,0.00011097688548034057,0.0,DQN_RND,0.001,0.99,mountaincar,sparse
0,824,-1.0,200,0.007676218170672655,-1.0,0.00010916678729699925,0.0,DQN_RND,0.001,0.99,mountaincar,sparse
0,825,-1.0,200,0.000959426281042397,-1.0,0.00010708197805797681,0.0,DQN_RND,0.001,0.99,mountaincar,sparse
0,826,-1.0,200,0.0019254796206951141,-1.0,0.00010845807264558971,0.0,DQN_RND,0.001,0.99,mountaincar,sparse
0,827,-1.0,200,0.006712521892040968,-1.0,0.00010820525494636968,0.0,DQN_RND,0.001,0.99,mountaincar,sparse
0,828,-1.0,200,0.005756807513535023,-1.0,0.00010737252159742638,0.0,DQN_RND,0.001,0.99,mountaincar,sparse
0,829,-1.0,200,0.002876229817047715,-1.0,0.00010726071923272684,0.0,DQN_RND,0.001,0.99,mountaincar,sparse
0,830,-1.0,200,0.005751989781856537,-1.0,0.00010573459439910948,0.0,DQN_RND,0.001,0.99,mountaincar,sparse
0,831,-1.0,200,0.00191742111928761,-1.0,0.0001061421717167832,0.0,DQN_RND,0.001,0.99,mountaincar,sparse
0,832,-1.0,200,0.004792645573616028,-1.0,0.00010811207903316244,0.0,DQN_RND,0.001,0.99,mountaincar,sparse
0,833,-1.0,200,0.002874860307201743,-1.0,0.00010621967521728948,0.0,DQN_RND,0.001,0.99,mountaincar,sparse
0,834,-1.0,200,0.0019253815989941359,-1.0,0.00010990908049279824,0.0,DQN_RND,0.001,0.99,mountaincar,sparse
0,835,-1.0,200,0.0009595360606908798,-1.0,0.0001059417481883429,0.0,DQN_RND,0.001,0.99,mountaincar,sparse
0,836,-1.0,200,0.006707977969199419,-1.0,0.00010543738608248532,0.0,DQN_RND,0.001,0.99,mountaincar,sparse
0,837,-1.0,200,0.002875952050089836,-1.0,0.00010541015217313543,0.0,DQN_RND,0.001,0.99,mountaincar,sparse
0,838,-1.0,200,0.004796720575541258,-1.0,0.00010848216334125027,0.0,DQN_RND,0.001,0.99,mountaincar,sparse
0,839,-1.0,200,0.003831941867247224,-1.0,0.00010476029274286702,0.0,DQN_RND,0.001,0.99,mountaincar,sparse
0,840,-1.0,200,0.0038310769014060497,-1.0,0.00010488632688065991,0.0,DQN_RND,0.001,0.99,mountaincar,sparse
0,841,-1.0,200,0.005747676361352205,-1.0,0.00010477898467797786,0.0,DQN_RND,0.001,0.99,mountaincar,sparse
0,842,-1.0,200,0.005748398136347532,-1.0,0.00010455015581101179,0.0,DQN_RND,0.001,0.99,mountaincar,sparse
0,843,-1.0,200,0.004789347294718027,-1.0,0.00010313423990737647,0.0,DQN_RND,0.001,0.99,mountaincar,sparse
0,844,-1.0,200,0.006713440176099539,-1.0,0.00010584117262624204,0.0,DQN_RND,0.001,0.99,mountaincar,sparse
0,845,-1.0,200,0.005741598550230265,-1.0,0.00010284408926963806,0.0,DQN_RND,0.001,0.99,mountaincar,sparse
0,846,-1.0,200,0.0019175003981217742,-1.0,0.00010325247421860695,0.0,DQN_RND,0.001,0.99,mountaincar,sparse
0,847,-1.0,200,0.001916367094963789,-1.0,0.00010441845370223746,0.0,DQN_RND,0.001,0.99,mountaincar,sparse
0,848,-1.0,200,0.003831664100289345,-1.0,0.00010245820885756984,0.0,DQN_RND,0.001,0.99,mountaincar,sparse
0,849,-1.0,200,0.003827902488410473,-1.0,0.00010371156531618908,0.0,DQN_RND,0.001,0.99,mountaincar,sparse
0,850,-1.0,200,0.002871327567845583,-1.0,0.00010222695709671825,0.0,DQN_RND,0.001,0.99,mountaincar,sparse
0,851,-1.0,200,0.0019152911845594645,-1.0,0.0001022672513499856,0.0,DQN_RND,0.001,0.99,mountaincar,sparse
0,852,-1.0,200,0.009576433338224888,-1.0,0.00010201861005043611,0.0,DQN_RND,0.001,0.99,mountaincar,sparse
0,853,-1.0,200,0.0009574040304869413,-1.0,0.00010130078590009362,0.0,DQN_RND,0.001,0.99,mountaincar,sparse
0,854,-1.0,200,0.003827389795333147,-1.0,0.00010213350469712168,0.0,DQN_RND,0.001,0.99,mountaincar,sparse
0,855,-1.0,200,0.005742945708334446,-1.0,0.00010085787653224543,0.0,DQN_RND,0.001,0.99,mountaincar,sparse
0,856,-1.0,200,0.00670071505010128,-1.0,0.00010232867498416454,0.0,DQN_RND,0.001,0.99,mountaincar,sparse
0,857,-1.0,200,0.004788181744515896,-1.0,0.00010172164911637083,0.0,DQN_RND,0.001,0.99,mountaincar,sparse
0,858,-1.0,200,0.0038276270497590303,-1.0,0.00010335764818591997,0.0,DQN_RND,0.001,0.99,mountaincar,sparse
0,859,-1.0,200,0.0019178594229742885,-1.0,0.00010726426262408495,0.0,DQN_RND,0.001,0.99,mountaincar,sparse
0,860,-1.0,200,0.005741898901760578,-1.0,0.00010157431097468361,0.0,DQN_RND,0.001,0.99,mountaincar,sparse
0,861,-1.0,200,0.007654817774891853,-1.0,0.00010064470552606508,0.0,DQN_RND,0.001,0.99,mountaincar,sparse
0,862,-1.0,200,0.004779261536896229,-1.0,0.0001007209430099465,0.0,DQN_RND,0.001,0.99,mountaincar,sparse
0,863,-1.0,200,0.0066987378522753716,-1.0,0.00010058352199848741,0.0,DQN_RND,0.001,0.99,mountaincar,sparse
0,864,-1.0,200,0.0019125889521092176,-1.0,0.00010121714876731858,0.0,DQN_RND,0.001,0.99,mountaincar,sparse
0,865,-1.0,200,0.0038261523004621267,-1.0,9.975895954994485e-05,0.0,DQN_RND,0.001,0.99,mountaincar,sparse
0,866,-1.0,200,0.0019114930182695389,-1.0,0.00010012921848101541,0.0,DQN_RND,0.001,0.99,mountaincar,sparse
0,867,-1.0,200,0.004786193370819092,-1.0,0.000100770041171927,0.0,DQN_RND,0.001,0.99,mountaincar,sparse
0,868,-1.0,200,0.0057326811365783215,-1.0,9.853435767581686e-05,0.0,DQN_RND,0.001,0.99,mountaincar,sparse
0,869,-1.0,200,0.002863951725885272,-1.0,0.00010090025170939043,0.0,DQN_RND,0.001,0.99,mountaincar,sparse
0,870,-1.0,200,0.002869416493922472,-1.0,9.804619185160846e-05,0.0,DQN_RND,0.001,0.99,mountaincar,sparse
0,871,-1.0,200,0.004782043397426605,-1.0,0.00010059968190034851,0.0,DQN_RND,0.001,0.99,mountaincar,sparse
0,872,-1.0,200,0.0019122825469821692,-1.0,9.92383502307348e-05,0.0,DQN_RND,0.001,0.99,mountaincar,sparse
0,873,-1.0,200,0.002869806718081236,-1.0,0.00010404190106783062,0.0,DQN_RND,0.001,0.99,mountaincar,sparse
0,874,-1.0,200,0.01050917524844408,-1.0,9.757480438565835e-05,0.0,DQN_RND,0.001,0.99,mountaincar,sparse
0,875,-1.0,200,0.00573477940633893,-1.0,9.849193884292617e-05,0.0,DQN_RND,0.001,0.99,mountaincar,sparse
0,876,-1.0,200,0.004779171664267778,-1.0,9.913563553709537e-05,0.0,DQN_RND,0.001,0.99,mountaincar,sparse
0,877,-1.0,200,0.007639446761459112,-1.0,9.806348680285737e-05,0.0,DQN_RND,0.001,0.99,mountaincar,sparse
0,878,-1.0,200,0.002865700051188469,-1.0,9.932149259839207e-05,0.0,DQN_RND,0.001,0.99,mountaincar,sparse
0,879,-1.0,200,0.008607303723692894,-1.0,0.00010139908408746123,0.0,DQN_RND,0.001,0.99,mountaincar,sparse
0,880,-1.0,200,0.0047760894522070885,-1.0,9.916128328768536e-05,0.0,DQN_RND,0.001,0.99,mountaincar,sparse
0,881,-1.0,200,0.004773243330419064,-1.0,9.885028703138232e-05,0.0,DQN_RND,0.001,0.99,mountaincar,sparse
0,882,-1.0,200,0.005726421717554331,-1.0,9.808519826037809e-05,0.0,DQN_RND,0.001,0.99,mountaincar,sparse
0,883,-1.0,200,0.008594497106969357,-1.0,9.783027780940756e-05,0.0,DQN_RND,0.001,0.99,mountaincar,sparse
0,884,-1.0,200,0.0009547995869070292,-1.0,9.719217632664368e-05,0.0,DQN_RND,0.001,0.99,mountaincar,sparse
0,885,-1.0,200,0.0038225746247917414,-1.0,9.960075840353966e-05,0.0,DQN_RND,0.001,0.99,mountaincar,sparse
0,886,-1.0,200,0.005727813579142094,-1.0,9.730229066917673e-05,0.0,DQN_RND,0.001,0.99,mountaincar,sparse
0,887,-1.0,200,0.0028647459112107754,-1.0,9.686326666269451e-05,0.0,DQN_RND,0.001,0.99,mountaincar,sparse
0,888,-1.0,200,0.0019110457506030798,-1.0,9.570501424605027e-05,0.0,DQN_RND,0.001,0.99,mountaincar,sparse
0,889,-1.0,200,0.006687225308269262,-1.0,9.841345308814198e-05,0.0,DQN_RND,0.001,0.99,mountaincar,sparse
0,890,-1.0,200,0.0009540226310491562,-1.0,9.589204273652285e-05,0.0,DQN_RND,0.001,0.99,mountaincar,sparse
0,891,-1.0,200,0.004770256113260984,-1.0,9.637357288738713e-05,0.0,DQN_RND,0.001,0.99,mountaincar,sparse
0,892,-1.0,200,0.006679782643914223,-1.0,9.495305857853964e-05,0.0,DQN_RND,0.001,0.99,mountaincar,sparse
0,893,-1.0,200,0.0019085574895143509,-1.0,9.459588181925938e-05,0.0,DQN_RND,0.001,0.99,mountaincar,sparse
0,894,-1.0,200,0.003816789947450161,-1.0,9.460056753596291e-05,0.0,DQN_RND,0.001,0.99,mountaincar,sparse
0,895,-1.0,200,0.00286566698923707,-1.0,9.376499656355008e-05,0.0,DQN_RND,0.001,0.99,mountaincar,sparse
0,896,-1.0,200,0.006674915552139282,-1.0,9.334275091532618e-05,0.0,DQN_RND,0.001,0.99,mountaincar,sparse
0,897,-1.0,200,0.0028633931651711464,-1.0,9.71154440776445e-05,0.0,DQN_RND,0.001,0.99,mountaincar,sparse
0,898,-1.0,200,0.002862421562895179,-1.0,9.392626088811085e-05,0.0,DQN_RND,0.001,0.99,mountaincar,sparse
0,899,-1.0,200,0.001910641323775053,-1.0,9.464337199460715e-05,0.0,DQN_RND,0.001,0.99,mountaincar,sparse
0,900,-1.0,200,0.004775009583681822,-1.0,9.535948629491031e-05,0.0,DQN_RND,0.001,0.99,mountaincar,sparse
0,901,-1.0,200,0.0038179175462573767,-1.0,9.404562297277153e-05,0.0,DQN_RND,0.001,0.99,mountaincar,sparse
0,902,-1.0,200,0.008585631847381592,-1.0,9.350482287118211e-05,0.0,DQN_RND,0.001,0.99,mountaincar,sparse
0,903,-1.0,200,0.010490485467016697,-1.0,9.622865036362782e-05,0.0,DQN_RND,0.001,0.99,mountaincar,sparse
0,904,-1.0,200,0.0038176467642188072,-1.0,9.337067604064941e-05,0.0,DQN_RND,0.001,0.99,mountaincar,sparse
0,905,-1.0,200,0.009537947364151478,-1.0,9.383868018630892e-05,0.0,DQN_RND,0.001,0.99,mountaincar,sparse
0,906,-1.0,200,0.010486858896911144,-1.0,9.237512131221592e-05,0.0,DQN_RND,0.001,0.99,mountaincar,sparse
0,907,-1.0,200,0.0009534802520647645,-1.0,9.210136340698227e-05,0.0,DQN_RND,0.001,0.99,mountaincar,sparse
0,908,-1.0,200,0.003817206947132945,-1.0,9.020078869070858e-05,0.0,DQN_RND,0.001,0.99,mountaincar,sparse
0,909,-1.0,200,0.0038170076441019773,-1.0,9.183869406115264e-05,0.0,DQN_RND,0.001,0.99,mountaincar,sparse
0,910,-1.0,200,0.006676572374999523,-1.0,9.39568635658361e-05,0.0,DQN_RND,0.001,0.99,mountaincar,sparse
0,911,-1.0,200,0.003813123796135187,-1.0,9.192345169140026e-05,0.0,DQN_RND,0.001,0.99,mountaincar,sparse
0,912,-1.0,200,0.011435666121542454,-1.0,9.167967800749466e-05,0.0,DQN_RND,0.001,0.99,mountaincar,sparse
0,913,-1.0,200,0.0038101552054286003,-1.0,9.146247612079605e-05,0.0,DQN_RND,0.001,0.99,mountaincar,sparse
0,914,-1.0,200,0.009526886977255344,-1.0,9.08661459106952e-05,0.0,DQN_RND,0.001,0.99,mountaincar,sparse
0,915,-1.0,200,0.0028610744047909975,-1.0,9.215960744768381e-05,0.0,DQN_RND,0.001,0.99,mountaincar,sparse
0,916,-1.0,200,0.003811841132119298,-1.0,9.32318507693708e-05,0.0,DQN_RND,0.001,0.99,mountaincar,sparse
0,917,-1.0,200,0.005716647952795029,-1.0,9.42443948588334e-05,0.0,DQN_RND,0.001,0.99,mountaincar,sparse
0,918,-1.0,200,0.002857923274859786,-1.0,9.02930842130445e-05,0.0,DQN_RND,0.001,0.99,mountaincar,sparse
0,919,-1.0,200,0.0047634015791118145,-1.0,9.166213567368686e-05,0.0,DQN_RND,0.001,0.99,mountaincar,sparse
0,920,-1.0,200,0.0028603682294487953,-1.0,9.033754031406716e-05,0.0,DQN_RND,0.001,0.99,mountaincar,sparse
0,921,-1.0,200,0.0028552392031997442,-1.0,9.209900599671528e-05,0.0,DQN_RND,0.001,0.99,mountaincar,sparse
0,922,-1.0,200,0.00571289611980319,-1.0,9.023108577821404e-05,0.0,DQN_RND,0.001,0.99,mountaincar,sparse
0,923,-1.0,200,0.00476028909906745,-1.0,8.903188427211717e-05,0.0,DQN_RND,0.001,0.99,mountaincar,sparse
0,924,-1.0,200,0.008565561845898628,-1.0,8.928054012358189e-05,0.0,DQN_RND,0.001,0.99,mountaincar,sparse
0,925,-1.0,200,0.004759520757943392,-1.0,8.674000855535269e-05,0.0,DQN_RND,0.001,0.99,mountaincar,sparse
0,926,-1.0,200,0.003808945417404175,-1.0,8.776700997259468e-05,0.0,DQN_RND,0.001,0.99,mountaincar,sparse
0,927,-1.0,200,0.010473055765032768,-1.0,8.634941332275048e-05,0.0,DQN_RND,0.001,0.99,mountaincar,sparse
0,928,-1.0,200,0.005712881218641996,-1.0,8.590367360739037e-05,0.0,DQN_RND,0.001,0.99,mountaincar,sparse
0,929,-1.0,200,0.006660024635493755,-1.0,9.178646723739803e-05,0.0,DQN_RND,0.001,0.99,mountaincar,sparse
0,930,-1.0,200,0.006661835126578808,-1.0,8.571770740672946e-05,0.0,DQN_RND,0.001,0.99,mountaincar,sparse
0,931,-1.0,200,0.0038073428440839052,-1.0,8.893420454114676e-05,0.0,DQN_RND,0.001,0.99,mountaincar,sparse
0,932,-1.0,200,0.0019030513940379024,-1.0,8.968445035861805e-05,0.0,DQN_RND,0.001,0.99,mountaincar,sparse
0,933,-1.0,200,0.008565502241253853,-1.0,8.601257286500186e-05,0.0,DQN_RND,0.001,0.99,mountaincar,sparse
0,934,-1.0,200,0.005707157775759697,-1.0,8.61956796143204e-05,0.0,DQN_RND,0.001,0.99,mountaincar,sparse
0,935,-1.0,200,0.00570602435618639,-1.0,8.666529174661264e-05,0.0,DQN_RND,0.001,0.99,mountaincar,sparse
0,936,-1.0,200,0.005708240903913975,-1.0,8.682008046889678e-05,0.0,DQN_RND,0.001,0.99,mountaincar,sparse
0,937,-1.0,200,0.0038059274666011333,-1.0,8.637315477244556e-05,0.0,DQN_RND,0.001,0.99,mountaincar,sparse
0,938,-1.0,200,0.0019028305541723967,-1.0,8.684793283464387e-05,0.0,DQN_RND,0.001,0.99,mountaincar,sparse
0,939,-1.0,200,0.003804987296462059,-1.0,8.690995309734717e-05,0.0,DQN_RND,0.001,0.99,mountaincar,sparse
0,940,-1.0,200,0.003801876213401556,-1.0,8.83892280398868e-05,0.0,DQN_RND,0.001,0.99,mountaincar,sparse
0,941,-1.0,200,0.0038058857899159193,-1.0,8.769916894380003e-05,0.0,DQN_RND,0.001,0.99,mountaincar,sparse
0,942,-1.0,200,0.004756076727062464,-1.0,8.857009379426017e-05,0.0,DQN_RND,0.001,0.99,mountaincar,sparse
0,943,-1.0,200,0.0038043346721678972,-1.0,8.828207501210272e-05,0.0,DQN_RND,0.001,0.99,mountaincar,sparse
0,944,-1.0,200,0.006657981313765049,-1.0,8.84751498233527e-05,0.0,DQN_RND,0.001,0.99,mountaincar,sparse
0,945,-1.0,200,0.0028521460480988026,-1.0,8.844669355312362e-05,0.0,DQN_RND,0.001,0.99,mountaincar,sparse
0,946,-1.0,200,0.002852794248610735,-1.0,8.94018157850951e-05,0.0,DQN_RND,0.001,0.99,mountaincar,sparse
0,947,-1.0,200,0.005701384041458368,-1.0,8.684181375429034e-05,0.0,DQN_RND,0.001,0.99,mountaincar,sparse
0,948,-1.0,200,0.004752414301037788,-1.0,8.758912008488551e-05,0.0,DQN_RND,0.001,0.99,mountaincar,sparse
0,949,-1.0,200,0.006651407573372126,-1.0,8.734886068850756e-05,0.0,DQN_RND,0.001,0.99,mountaincar,sparse
0,950,-1.0,200,0.0009508521761745214,-1.0,8.572734077461064e-05,0.0,DQN_RND,0.001,0.99,mountaincar,sparse
0,951,-1.0,200,0.005701580084860325,-1.0,8.892834011930972e-05,0.0,DQN_RND,0.001,0.99,mountaincar,sparse
0,952,-1.0,200,0.0019006620859727263,-1.0,8.738775795791298e-05,0.0,DQN_RND,0.001,0.99,mountaincar,sparse
0,953,-1.0,200,0.009502940811216831,-1.0,8.550308120902628e-05,0.0,DQN_RND,0.001,0.99,mountaincar,sparse
0,954,-1.0,200,0.0009501164313405752,-1.0,8.59163556015119e-05,0.0,DQN_RND,0.001,0.99,mountaincar,sparse
0,955,-1.0,200,2.8304521038080566e-07,-1.0,8.600378350820392e-05,0.0,DQN_RND,0.001,0.99,mountaincar,sparse
0,956,-1.0,200,0.010449006222188473,-1.0,8.617420826340094e-05,0.0,DQN_RND,0.001,0.99,mountaincar,sparse
0,957,-1.0,200,0.002850762801244855,-1.0,8.540206181351095e-05,0.0,DQN_RND,0.001,0.99,mountaincar,sparse
0,958,-1.0,200,0.0037986193783581257,-1.0,8.615689148427919e-05,0.0,DQN_RND,0.001,0.99,mountaincar,sparse
0,959,-1.0,200,0.0038028787821531296,-1.0,8.675811841385439e-05,0.0,DQN_RND,0.001,0.99,mountaincar,sparse
0,960,-1.0,200,0.011398526839911938,-1.0,8.604164031567052e-05,0.0,DQN_RND,0.001,0.99,mountaincar,sparse
0,961,-1.0,200,0.00759562524035573,-1.0,8.618879655841738e-05,0.0,DQN_RND,0.001,0.99,mountaincar,sparse
0,962,-1.0,200,0.0028466766234487295,-1.0,8.631285891169682e-05,0.0,DQN_RND,0.001,0.99,mountaincar,sparse
0,963,-1.0,200,0.0037963963113725185,-1.0,8.726290980121121e-05,0.0,DQN_RND,0.001,0.99,mountaincar,sparse
0,964,-1.0,200,0.004744465928524733,-1.0,8.59206702443771e-05,0.0,DQN_RND,0.001,0.99,mountaincar,sparse
0,965,-1.0,200,0.0009493572288192809,-1.0,8.611824887339026e-05,0.0,DQN_RND,0.001,0.99,mountaincar,sparse
0,966,-1.0,200,0.004744349047541618,-1.0,8.557987894164398e-05,0.0,DQN_RND,0.001,0.99,mountaincar,sparse
0,967,-1.0,200,0.004745306447148323,-1.0,8.641200111014768e-05,0.0,DQN_RND,0.001,0.99,mountaincar,sparse
0,968,-1.0,200,0.002849372336640954,-1.0,8.569120109314099e-05,0.0,DQN_RND,0.001,0.99,mountaincar,sparse
0,969,-1.0,200,0.005692107602953911,-1.0,8.549108315492049e-05,0.0,DQN_RND,0.001,0.99,mountaincar,sparse
0,970,-1.0,200,0.00379447010345757,-1.0,8.520871779182926e-05,0.0,DQN_RND,0.001,0.99,mountaincar,sparse
0,971,-1.0,200,0.006641605403274298,-1.0,8.541592978872359e-05,0.0,DQN_RND,0.001,0.99,mountaincar,sparse
0,972,-1.0,200,0.002848668722435832,-1.0,8.441592217423022e-05,0.0,DQN_RND,0.001,0.99,mountaincar,sparse
0,973,-1.0,200,0.008537325076758862,-1.0,8.51041404530406e-05,0.0,DQN_RND,0.001,0.99,mountaincar,sparse
0,974,-1.0,200,0.0009484277106821537,-1.0,8.49327989271842e-05,0.0,DQN_RND,0.001,0.99,mountaincar,sparse
0,975,-1.0,200,0.0037939383182674646,-1.0,8.5061663412489e-05,0.0,DQN_RND,0.001,0.99,mountaincar,sparse
0,976,-1.0,200,0.005688861943781376,-1.0,8.612115925643593e-05,0.0,DQN_RND,0.001,0.99,mountaincar,sparse
0,977,-1.0,200,0.0037924444768577814,-1.0,8.483325655106455e-05,0.0,DQN_RND,0.001,0.99,mountaincar,sparse
0,978,-1.0,200,0.007583816535770893,-1.0,8.498939132550731e-05,0.0,DQN_RND,0.001,0.99,mountaincar,sparse
0,979,-1.0,200,0.0037959208711981773,-1.0,8.504598372383043e-05,0.0,DQN_RND,0.001,0.99,mountaincar,sparse
0,980,-1.0,200,0.005689173471182585,-1.0,8.535860251868144e-05,0.0,DQN_RND,0.001,0.99,mountaincar,sparse
0,981,-1.0,200,0.006635530851781368,-1.0,8.422263636020944e-05,0.0,DQN_RND,0.001,0.99,mountaincar,sparse
0,982,-1.0,200,0.0047386568039655685,-1.0,8.710083056939766e-05,0.0,DQN_RND,0.001,0.99,mountaincar,sparse
0,983,-1.0,200,0.0028429196681827307,-1.0,8.374755998374894e-05,0.0,DQN_RND,0.001,0.99,mountaincar,sparse
0,984,-1.0,200,0.008527503348886967,-1.0,8.37789848446846e-05,0.0,DQN_RND,0.001,0.99,mountaincar,sparse
0,985,-1.0,200,0.002842926885932684,-1.0,8.328166586579755e-05,0.0,DQN_RND,0.001,0.99,mountaincar,sparse
0,986,-1.0,200,0.005683850962668657,-1.0,8.276179869426414e-05,0.0,DQN_RND,0.001,0.99,mountaincar,sparse
0,987,-1.0,200,0.006630273535847664,-1.0,8.2480299170129e-05,0.0,DQN_RND,0.001,0.99,mountaincar,sparse
0,988,-1.0,200,0.0009476113482378423,-1.0,8.391513983951882e-05,0.0,DQN_RND,0.001,0.99,mountaincar,sparse
0,989,-1.0,200,0.002841509645804763,-1.0,8.106458699330688e-05,0.0,DQN_RND,0.001,0.99,mountaincar,sparse
0,990,-1.0,200,0.008526789024472237,-1.0,8.10392084531486e-05,0.0,DQN_RND,0.001,0.99,mountaincar,sparse
0,991,-1.0,200,0.0037893271073698997,-1.0,8.425826672464609e-05,0.0,DQN_RND,0.001,0.99,mountaincar,sparse
0,992,-1.0,200,0.008521590381860733,-1.0,8.14131271908991e-05,0.0,DQN_RND,0.001,0.99,mountaincar,sparse
0,993,-1.0,200,0.0037882206961512566,-1.0,8.103461732389405e-05,0.0,DQN_RND,0.001,0.99,mountaincar,sparse
0,994,-1.0,200,0.0037861978635191917,-1.0,8.361886284546927e-05,0.0,DQN_RND,0.001,0.99,mountaincar,sparse
0,995,-1.0,200,0.004733644891530275,-1.0,8.735505980439484e-05,0.0,DQN_RND,0.001,0.99,mountaincar,sparse
0,996,-1.0,200,0.0018934296676889062,-1.0,8.318057371070608e-05,0.0,DQN_RND,0.001,0.99,mountaincar,sparse
0,997,-1.0,200,0.0037850651424378157,-1.0,8.716818410903215e-05,0.0,DQN_RND,0.001,0.99,mountaincar,sparse
0,998,-1.0,200,0.005680319387465715,-1.0,8.777844777796417e-05,0.0,DQN_RND,0.001,0.99,mountaincar,sparse
0,999,-1.0,200,0.005682517774403095,-1.0,8.434187475359067e-05,0.0,DQN_RND,0.001,0.99,mountaincar,sparse
0,1000,-1.0,200,0.005676502827554941,-1.0,8.417826029472053e-05,0.0,DQN_RND,0.001,0.99,mountaincar,sparse
0,1001,-1.0,200,0.003784604836255312,-1.0,7.91370403021574e-05,0.0,DQN_RND,0.001,0.99,mountaincar,sparse
0,1002,-1.0,200,0.012298406101763248,-1.0,8.698886085767299e-05,0.0,DQN_RND,0.001,0.99,mountaincar,sparse
0,1003,-1.0,200,0.002838792512193322,-1.0,8.446203719358891e-05,0.0,DQN_RND,0.001,0.99,mountaincar,sparse
0,1004,-1.0,200,0.004729760345071554,-1.0,8.478155359625816e-05,0.0,DQN_RND,0.001,0.99,mountaincar,sparse
0,1005,-1.0,200,0.0018948015058413148,-1.0,8.913913188735023e-05,0.0,DQN_RND,0.001,0.99,mountaincar,sparse
0,1006,-1.0,200,0.002837180159986019,-1.0,8.840710506774485e-05,0.0,DQN_RND,0.001,0.99,mountaincar,sparse
0,1007,-1.0,200,0.006622857879847288,-1.0,8.032468758756295e-05,0.0,DQN_RND,0.001,0.99,mountaincar,sparse
0,1008,-1.0,200,0.004725586157292128,-1.0,8.672502008266747e-05,0.0,DQN_RND,0.001,0.99,mountaincar,sparse
0,1009,-1.0,200,0.001892938744276762,-1.0,8.401383820455521e-05,0.0,DQN_RND,0.001,0.99,mountaincar,sparse
0,1010,-1.0,200,0.008514896035194397,-1.0,7.8546792792622e-05,0.0,DQN_RND,0.001,0.99,mountaincar,sparse
0,1011,-1.0,200,0.00473293662071228,-1.0,7.834581629140303e-05,0.0,DQN_RND,0.001,0.99,mountaincar,sparse
0,1012,-1.0,200,0.0037818611599504948,-1.0,8.360417996300384e-05,0.0,DQN_RND,0.001,0.99,mountaincar,sparse
0,1013,-1.0,200,0.004730747547000647,-1.0,7.842878403607756e-05,0.0,DQN_RND,0.001,0.99,mountaincar,sparse
0,1014,-1.0,200,0.0028352581430226564,-1.0,7.871793059166521e-05,0.0,DQN_RND,0.001,0.99,mountaincar,sparse
0,1015,-1.0,200,0.0037820276338607073,-1.0,8.310271368827671e-05,0.0,DQN_RND,0.001,0.99,mountaincar,sparse
0,1016,-1.0,200,0.002835193183273077,-1.0,8.704420906724408e-05,0.0,DQN_RND,0.001,0.99,mountaincar,sparse
0,1017,-1.0,200,0.003783915424719453,-1.0,8.870842430042103e-05,0.0,DQN_RND,0.001,0.99,mountaincar,sparse
0,1018,-1.0,200,0.004725097678601742,-1.0,7.75377411628142e-05,0.0,DQN_RND,0.001,0.99,mountaincar,sparse
0,1019,-1.0,200,0.0037823065649718046,-1.0,8.253879059338942e-05,0.0,DQN_RND,0.001,0.99,mountaincar,sparse
0,1020,-1.0,200,0.0037791577633470297,-1.0,8.15284947748296e-05,0.0,DQN_RND,0.001,0.99,mountaincar,sparse
0,1021,-1.0,200,0.004729241132736206,-1.0,8.059682295424864e-05,0.0,DQN_RND,0.001,0.99,mountaincar,sparse
0,1022,-1.0,200,0.004727809224277735,-1.0,8.36465842439793e-05,0.0,DQN_RND,0.001,0.99,mountaincar,sparse
0,1023,-1.0,200,0.0056733060628175735,-1.0,8.327289106091484e-05,0.0,DQN_RND,0.001,0.99,mountaincar,sparse
0,1024,-1.0,200,0.008504772558808327,-1.0,7.727439515292645e-05,0.0,DQN_RND,0.001,0.99,mountaincar,sparse
0,1025,-1.0,200,0.005670308601111174,-1.0,8.046084985835478e-05,0.0,DQN_RND,0.001,0.99,mountaincar,sparse
0,1026,-1.0,200,0.004724310245364904,-1.0,8.556233660783619e-05,0.0,DQN_RND,0.001,0.99,mountaincar,sparse
0,1027,-1.0,200,0.0037766708992421627,-1.0,8.039291424211115e-05,0.0,DQN_RND,0.001,0.99,mountaincar,sparse
0,1028,-1.0,200,0.00566722871735692,-1.0,7.647655729670078e-05,0.0,DQN_RND,0.001,0.99,mountaincar,sparse
0,1029,-1.0,200,0.004724221304059029,-1.0,8.219332084991038e-05,0.0,DQN_RND,0.001,0.99,mountaincar,sparse
0,1030,-1.0,200,0.003775428980588913,-1.0,8.262885239673778e-05,0.0,DQN_RND,0.001,0.99,mountaincar,sparse
0,1031,-1.0,200,0.0037786862812936306,-1.0,8.514681394444779e-05,0.0,DQN_RND,0.001,0.99,mountaincar,sparse
0,1032,-1.0,200,0.006614222191274166,-1.0,7.635691872565076e-05,0.0,DQN_RND,0.001,0.99,mountaincar,sparse
0,1033,-1.0,200,0.003776300698518753,-1.0,8.338042971445248e-05,0.0,DQN_RND,0.001,0.99,mountaincar,sparse
0,1034,-1.0,200,0.006608315743505955,-1.0,8.25302631710656e-05,0.0,DQN_RND,0.001,0.99,mountaincar,sparse
0,1035,-1.0,200,0.005663334392011166,-1.0,7.799104787409306e-05,0.0,DQN_RND,0.001,0.99,mountaincar,sparse
0,1036,-1.0,200,0.006611772812902927,-1.0,7.619951793458313e-05,0.0,DQN_RND,0.001,0.99,mountaincar,sparse
0,1037,-1.0,200,0.0075487964786589146,-1.0,8.186880586436018e-05,0.0,DQN_RND,0.001,0.99,mountaincar,sparse
0,1038,-1.0,200,0.0056624761782586575,-1.0,8.081521082203835e-05,0.0,DQN_RND,0.001,0.99,mountaincar,sparse
0,1039,-1.0,200,0.005667353048920631,-1.0,7.458462641807273e-05,0.0,DQN_RND,0.001,0.99,mountaincar,sparse
0,1040,-1.0,200,0.004720063880085945,-1.0,7.57915768190287e-05,0.0,DQN_RND,0.001,0.99,mountaincar,sparse
0,1041,-1.0,200,0.010375577956438065,-1.0,7.847308006603271e-05,0.0,DQN_RND,0.001,0.99,mountaincar,sparse
0,1042,-1.0,200,0.010380263440310955,-1.0,7.96997919678688e-05,0.0,DQN_RND,0.001,0.99,mountaincar,sparse
0,1043,-1.0,200,0.006601971574127674,-1.0,7.863818609621376e-05,0.0,DQN_RND,0.001,0.99,mountaincar,sparse
0,1044,-1.0,200,0.011315122246742249,-1.0,7.376854046015069e-05,0.0,DQN_RND,0.001,0.99,mountaincar,sparse
0,1045,-1.0,200,0.004711926449090242,-1.0,8.051388431340456e-05,0.0,DQN_RND,0.001,0.99,mountaincar,sparse
0,1046,-1.0,200,0.0047137378714978695,-1.0,7.644941069884226e-05,0.0,DQN_RND,0.001,0.99,mountaincar,sparse
0,1047,-1.0,200,0.010374107398092747,-1.0,8.333459118148312e-05,0.0,DQN_RND,0.001,0.99,mountaincar,sparse
0,1048,-1.0,200,0.009428972378373146,-1.0,7.879324402892962e-05,0.0,DQN_RND,0.001,0.99,mountaincar,sparse
0,1049,-1.0,200,0.004711490124464035,-1.0,8.208883082261309e-05,0.0,DQN_RND,0.001,0.99,mountaincar,sparse
0,1050,-1.0,200,0.0066047548316419125,-1.0,7.611033652210608e-05,0.0,DQN_RND,0.001,0.99,mountaincar,sparse
0,1051,-1.0,200,0.006596844643354416,-1.0,7.610939064761624e-05,0.0,DQN_RND,0.001,0.99,mountaincar,sparse
0,1052,-1.0,200,0.005655829329043627,-1.0,7.385545177385211e-05,0.0,DQN_RND,0.001,0.99,mountaincar,sparse
0,1053,-1.0,200,0.005659221205860376,-1.0,7.966154225869104e-05,0.0,DQN_RND,0.001,0.99,mountaincar,sparse
0,1054,-1.0,200,0.0037700561806559563,-1.0,7.90707636042498e-05,0.0,DQN_RND,0.001,0.99,mountaincar,sparse
0,1055,-1.0,200,0.003771443385630846,-1.0,7.935587200336158e-05,0.0,DQN_RND,0.001,0.99,mountaincar,sparse
0,1056,-1.0,200,0.004707810468971729,-1.0,7.57945526856929e-05,0.0,DQN_RND,0.001,0.99,mountaincar,sparse
0,1057,-1.0,200,0.006592272315174341,-1.0,8.25126699055545e-05,0.0,DQN_RND,0.001,0.99,mountaincar,sparse
0,1058,-1.0,200,0.002827442716807127,-1.0,8.281530608655885e-05,0.0,DQN_RND,0.001,0.99,mountaincar,sparse
0,1059,-1.0,200,0.002825218951329589,-1.0,7.907940744189546e-05,0.0,DQN_RND,0.001,0.99,mountaincar,sparse
0,1060,-1.0,200,0.008476300165057182,-1.0,7.354201807174832e-05,0.0,DQN_RND,0.001,0.99,mountaincar,sparse
0,1061,-1.0,200,0.005650096572935581,-1.0,8.072394848568365e-05,0.0,DQN_RND,0.001,0.99,mountaincar,sparse
0,1062,-1.0,200,0.002825262024998665,-1.0,7.532204472227022e-05,0.0,DQN_RND,0.001,0.99,mountaincar,sparse
0,1063,-1.0,200,0.009412829764187336,-1.0,7.930462743388489e-05,0.0,DQN_RND,0.001,0.99,mountaincar,sparse
0,1064,-1.0,200,0.0028237206861376762,-1.0,8.093872747849673e-05,0.0,DQN_RND,0.001,0.99,mountaincar,sparse
0,1065,-1.0,200,0.0037661914248019457,-1.0,7.822315819794312e-05,0.0,DQN_RND,0.001,0.99,mountaincar,sparse
0,1066,-1.0,200,0.008469533175230026,-1.0,8.197938586818054e-05,0.0,DQN_RND,0.001,0.99,mountaincar,sparse
0,1067,-1.0,200,0.005649212282150984,-1.0,7.942074444144964e-05,0.0,DQN_RND,0.001,0.99,mountaincar,sparse
0,1068,-1.0,200,0.0056508202105760574,-1.0,8.143718878272921e-05,0.0,DQN_RND,0.001,0.99,mountaincar,sparse
0,1069,-1.0,200,0.003762613981962204,-1.0,8.08874610811472e-05,0.0,DQN_RND,0.001,0.99,mountaincar,sparse
0,1070,-1.0,200,0.00470781559124589,-1.0,7.788063521729782e-05,0.0,DQN_RND,0.001,0.99,mountaincar,sparse
0,1071,-1.0,200,0.002823183313012123,-1.0,7.946837285999209e-05,0.0,DQN_RND,0.001,0.99,mountaincar,sparse
0,1072,-1.0,200,0.0028214638587087393,-1.0,7.554916373919696e-05,0.0,DQN_RND,0.001,0.99,mountaincar,sparse
0,1073,-1.0,200,0.0028238450177013874,-1.0,7.950458530103788e-05,0.0,DQN_RND,0.001,0.99,mountaincar,sparse
0,1074,-1.0,200,0.0037626412231475115,-1.0,7.60066177463159e-05,0.0,DQN_RND,0.001,0.99,mountaincar,sparse
0,1075,-1.0,200,0.0037628505378961563,-1.0,7.092933083185926e-05,0.0,DQN_RND,0.001,0.99,mountaincar,sparse
0,1076,-1.0,200,0.006585182622075081,-1.0,7.181265391409397e-05,0.0,DQN_RND,0.001,0.99,mountaincar,sparse
0,1077,-1.0,200,0.01035077404230833,-1.0,7.891902350820601e-05,0.0,DQN_RND,0.001,0.99,mountaincar,sparse
0,1078,-1.0,200,0.005640440154820681,-1.0,7.098523201420903e-05,0.0,DQN_RND,0.001,0.99,mountaincar,sparse
0,1079,-1.0,200,0.003762166015803814,-1.0,7.094426837284118e-05,0.0,DQN_RND,0.001,0.99,mountaincar,sparse
0,1080,-1.0,200,0.004699683748185635,-1.0,7.760117296129465e-05,0.0,DQN_RND,0.001,0.99,mountaincar,sparse
0,1081,-1.0,200,0.003764641471207142,-1.0,7.382132025668398e-05,0.0,DQN_RND,0.001,0.99,mountaincar,sparse
0,1082,-1.0,200,0.007520934566855431,-1.0,7.110409205779433e-05,0.0,DQN_RND,0.001,0.99,mountaincar,sparse
0,1083,-1.0,200,0.005641058553010225,-1.0,6.975251744734123e-05,0.0,DQN_RND,0.001,0.99,mountaincar,sparse
0,1084,-1.0,200,0.004700084682554007,-1.0,7.576845382573083e-05,0.0,DQN_RND,0.001,0.99,mountaincar,sparse
0,1085,-1.0,200,0.0018785803113132715,-1.0,7.756202103337273e-05,0.0,DQN_RND,0.001,0.99,mountaincar,sparse
0,1086,-1.0,200,0.004703657701611519,-1.0,6.950714305276051e-05,0.0,DQN_RND,0.001,0.99,mountaincar,sparse
0,1087,-1.0,200,0.0056372438557446,-1.0,7.639094110345468e-05,0.0,DQN_RND,0.001,0.99,mountaincar,sparse
0,1088,-1.0,200,0.007516143843531609,-1.0,7.720920984866098e-05,0.0,DQN_RND,0.001,0.99,mountaincar,sparse
0,1089,-1.0,200,0.009401206858456135,-1.0,7.542286766692996e-05,0.0,DQN_RND,0.001,0.99,mountaincar,sparse
0,1090,-1.0,200,0.00751862209290266,-1.0,7.308766362257302e-05,0.0,DQN_RND,0.001,0.99,mountaincar,sparse
0,1091,-1.0,200,0.006572222337126732,-1.0,7.53641506889835e-05,0.0,DQN_RND,0.001,0.99,mountaincar,sparse
0,1092,-1.0,200,0.004698994569480419,-1.0,6.873169331811368e-05,0.0,DQN_RND,0.001,0.99,mountaincar,sparse
0,1093,-1.0,200,0.006576561834663153,-1.0,7.485695095965639e-05,0.0,DQN_RND,0.001,0.99,mountaincar,sparse
0,1094,-1.0,200,0.003756644669920206,-1.0,6.762337579857558e-05,0.0,DQN_RND,0.001,0.99,mountaincar,sparse
0,1095,-1.0,200,0.0018779359525069594,-1.0,7.326317427214235e-05,0.0,DQN_RND,0.001,0.99,mountaincar,sparse
0,1096,-1.0,200,0.007514177355915308,-1.0,7.528963033109903e-05,0.0,DQN_RND,0.001,0.99,mountaincar,sparse
0,1097,-1.0,200,0.003753551049157977,-1.0,7.486181129934266e-05,0.0,DQN_RND,0.001,0.99,mountaincar,sparse
0,1098,-1.0,200,0.006573281716555357,-1.0,6.866689363960177e-05,0.0,DQN_RND,0.001,0.99,mountaincar,sparse
0,1099,-1.0,200,0.008450070396065712,-1.0,7.563978579128161e-05,0.0,DQN_RND,0.001,0.99,mountaincar,sparse
0,1100,-1.0,200,0.004693467170000076,-1.0,7.291659858310595e-05,0.0,DQN_RND,0.001,0.99,mountaincar,sparse
0,1101,-1.0,200,0.005635545589029789,-1.0,7.105296390363947e-05,0.0,DQN_RND,0.001,0.99,mountaincar,sparse
0,1102,-1.0,200,0.0028156284242868423,-1.0,7.183534762589261e-05,0.0,DQN_RND,0.001,0.99,mountaincar,sparse
0,1103,-1.0,200,0.008450314402580261,-1.0,6.993754504946992e-05,0.0,DQN_RND,0.001,0.99,mountaincar,sparse
0,1104,-1.0,200,0.005627441219985485,-1.0,7.025672675808892e-05,0.0,DQN_RND,0.001,0.99,mountaincar,sparse
0,1105,-1.0,200,0.004693497437983751,-1.0,7.102703239070252e-05,0.0,DQN_RND,0.001,0.99,mountaincar,sparse
0,1106,-1.0,200,0.0028171020094305277,-1.0,6.982376362429932e-05,0.0,DQN_RND,0.001,0.99,mountaincar,sparse
0,1107,-1.0,200,0.0046947128139436245,-1.0,7.173218909883872e-05,0.0,DQN_RND,0.001,0.99,mountaincar,sparse
0,1108,-1.0,200,0.004690774250775576,-1.0,6.721682439092547e-05,0.0,DQN_RND,0.001,0.99,mountaincar,sparse
0,1109,-1.0,200,0.006566240452229977,-1.0,6.788394966861233e-05,0.0,DQN_RND,0.001,0.99,mountaincar,sparse
0,1110,-1.0,200,0.0018761396640911698,-1.0,6.966370710870251e-05,0.0,DQN_RND,0.001,0.99,mountaincar,sparse
0,1111,-1.0,200,0.005627871491014957,-1.0,6.920500891283154e-05,0.0,DQN_RND,0.001,0.99,mountaincar,sparse
0,1112,-1.0,200,0.002813092665746808,-1.0,6.722292164340615e-05,0.0,DQN_RND,0.001,0.99,mountaincar,sparse
0,1113,-1.0,200,0.009377652779221535,-1.0,6.863081944175065e-05,0.0,DQN_RND,0.001,0.99,mountaincar,sparse
0,1114,-1.0,200,0.006564638111740351,-1.0,6.91486566211097e-05,0.0,DQN_RND,0.001,0.99,mountaincar,sparse
0,1115,-1.0,200,0.0037519498728215694,-1.0,6.852701335446909e-05,0.0,DQN_RND,0.001,0.99,mountaincar,sparse
0,1116,-1.0,200,0.0028125315438956022,-1.0,6.832916551502421e-05,0.0,DQN_RND,0.001,0.99,mountaincar,sparse
0,1117,-1.0,200,0.00281207961961627,-1.0,6.737029616488144e-05,0.0,DQN_RND,0.001,0.99,mountaincar,sparse
0,1118,-1.0,200,0.002812400460243225,-1.0,6.754189234925434e-05,0.0,DQN_RND,0.001,0.99,mountaincar,sparse
0,1119,-1.0,200,0.006559704430401325,-1.0,6.695888441754505e-05,0.0,DQN_RND,0.001,0.99,mountaincar,sparse
0,1120,-1.0,200,0.002811593469232321,-1.0,6.680204387521371e-05,0.0,DQN_RND,0.001,0.99,mountaincar,sparse
0,1121,-1.0,200,0.005622742231935263,-1.0,6.645081884926185e-05,0.0,DQN_RND,0.001,0.99,mountaincar,sparse
0,1122,-1.0,200,0.003749523777514696,-1.0,6.579609180334955e-05,0.0,DQN_RND,0.001,0.99,mountaincar,sparse
0,1123,-1.0,200,0.005620882380753756,-1.0,6.623704393859953e-05,0.0,DQN_RND,0.001,0.99,mountaincar,sparse
0,1124,-1.0,200,0.007495113182812929,-1.0,6.586207746295258e-05,0.0,DQN_RND,0.001,0.99,mountaincar,sparse
0,1125,-1.0,200,0.007494010031223297,-1.0,6.569898687303066e-05,0.0,DQN_RND,0.001,0.99,mountaincar,sparse
0,1126,-1.0,200,0.002809439320117235,-1.0,6.533702980959788e-05,0.0,DQN_RND,0.001,0.99,mountaincar,sparse
0,1127,-1.0,200,0.007492938544601202,-1.0,6.518871668959036e-05,0.0,DQN_RND,0.001,0.99,mountaincar,sparse
0,1128,-1.0,200,0.0037461642641574144,-1.0,6.721001409459859e-05,0.0,DQN_RND,0.001,0.99,mountaincar,sparse
0,1129,-1.0,200,0.004683047067373991,-1.0,6.559972825925797e-05,0.0,DQN_RND,0.001,0.99,mountaincar,sparse
0,1130,-1.0,200,0.005617914721369743,-1.0,6.530217069666833e-05,0.0,DQN_RND,0.001,0.99,mountaincar,sparse
0,1131,-1.0,200,0.0065533374436199665,-1.0,6.535802822327241e-05,0.0,DQN_RND,0.001,0.99,mountaincar,sparse
0,1132,-1.0,200,0.0028100761119276285,-1.0,6.651467265328392e-05,0.0,DQN_RND,0.001,0.99,mountaincar,sparse
0,1133,-1.0,200,4.871262717642821e-07,-1.0,6.562712223967537e-05,0.0,DQN_RND,0.001,0.99,mountaincar,sparse
0,1134,-1.0,200,0.0028083529323339462,-1.0,6.552467675646767e-05,0.0,DQN_RND,0.001,0.99,mountaincar,sparse
0,1135,-1.0,200,0.0009362700511701405,-1.0,6.580800982192159e-05,0.0,DQN_RND,0.001,0.99,mountaincar,sparse
0,1136,-1.0,200,0.006552298553287983,-1.0,6.539012974826619e-05,0.0,DQN_RND,0.001,0.99,mountaincar,sparse
0,1137,-1.0,200,0.004680931102484465,-1.0,6.667320849373937e-05,0.0,DQN_RND,0.001,0.99,mountaincar,sparse
0,1138,-1.0,200,0.0009358929237350821,-1.0,6.555479194503278e-05,0.0,DQN_RND,0.001,0.99,mountaincar,sparse
0,1139,-1.0,200,0.0009356687660329044,-1.0,6.576091254828498e-05,0.0,DQN_RND,0.001,0.99,mountaincar,sparse
0,1140,-1.0,200,0.007487999740988016,-1.0,6.574983854079619e-05,0.0,DQN_RND,0.001,0.99,mountaincar,sparse
0,1141,-1.0,200,0.007488257251679897,-1.0,6.662425585091114e-05,0.0,DQN_RND,0.001,0.99,mountaincar,sparse
0,1142,-1.0,200,0.0018710263539105654,-1.0,6.574437429662794e-05,0.0,DQN_RND,0.001,0.99,mountaincar,sparse
0,1143,-1.0,200,0.0028064167127013206,-1.0,6.82003446854651e-05,0.0,DQN_RND,0.001,0.99,mountaincar,sparse
0,1144,-1.0,200,0.0028068406973034143,-1.0,6.638978811679408e-05,0.0,DQN_RND,0.001,0.99,mountaincar,sparse
0,1145,-1.0,200,0.0037433479446917772,-1.0,6.56335469102487e-05,0.0,DQN_RND,0.001,0.99,mountaincar,sparse
0,1146,-1.0,200,0.005614830646663904,-1.0,6.70308290864341e-05,0.0,DQN_RND,0.001,0.99,mountaincar,sparse
0,1147,-1.0,200,0.0037429495714604855,-1.0,6.496931018773466e-05,0.0,DQN_RND,0.001,0.99,mountaincar,sparse
0,1148,-1.0,200,0.0037415213882923126,-1.0,6.590841803699732e-05,0.0,DQN_RND,0.001,0.99,mountaincar,sparse
0,1149,-1.0,200,0.0028051582630723715,-1.0,6.773353379685432e-05,0.0,DQN_RND,0.001,0.99,mountaincar,sparse
0,1150,-1.0,200,0.005614541936665773,-1.0,6.371210474753752e-05,0.0,DQN_RND,0.001,0.99,mountaincar,sparse
0,1151,-1.0,200,0.00374194816686213,-1.0,6.40044963802211e-05,0.0,DQN_RND,0.001,0.99,mountaincar,sparse
0,1152,-1.0,200,0.005613702815026045,-1.0,6.340822437778115e-05,0.0,DQN_RND,0.001,0.99,mountaincar,sparse
0,1153,-1.0,200,0.002806892618536949,-1.0,6.377839599736035e-05,0.0,DQN_RND,0.001,0.99,mountaincar,sparse
0,1154,-1.0,200,0.012153650633990765,-1.0,6.402000144589692e-05,0.0,DQN_RND,0.001,0.99,mountaincar,sparse
0,1155,-1.0,200,0.00841247197240591,-1.0,6.327229493763298e-05,0.0,DQN_RND,0.001,0.99,mountaincar,sparse
0,1156,-1.0,200,0.008408398367464542,-1.0,6.372180359903723e-05,0.0,DQN_RND,0.001,0.99,mountaincar,sparse
0,1157,-1.0,200,0.0028025612700730562,-1.0,6.666155968559906e-05,0.0,DQN_RND,0.001,0.99,mountaincar,sparse
0,1158,-1.0,200,0.0046737315133214,-1.0,6.381366983987391e-05,0.0,DQN_RND,0.001,0.99,mountaincar,sparse
0,1159,-1.0,200,0.005602912977337837,-1.0,6.503889744635671e-05,0.0,DQN_RND,0.001,0.99,mountaincar,sparse
0,1160,-1.0,200,0.004669744521379471,-1.0,6.485324411187321e-05,0.0,DQN_RND,0.001,0.99,mountaincar,sparse
0,1161,-1.0,200,0.0018706140108406544,-1.0,6.489837687695399e-05,0.0,DQN_RND,0.001,0.99,mountaincar,sparse
0,1162,-1.0,200,0.0046715219505131245,-1.0,6.460493023041636e-05,0.0,DQN_RND,0.001,0.99,mountaincar,sparse
0,1163,-1.0,200,0.00467520859092474,-1.0,6.614437734242529e-05,0.0,DQN_RND,0.001,0.99,mountaincar,sparse
0,1164,-1.0,200,0.005607951432466507,-1.0,6.445300823543221e-05,0.0,DQN_RND,0.001,0.99,mountaincar,sparse
0,1165,-1.0,200,0.004669288173317909,-1.0,6.471771484939381e-05,0.0,DQN_RND,0.001,0.99,mountaincar,sparse
0,1166,-1.0,200,0.004670118447393179,-1.0,6.451021909015253e-05,0.0,DQN_RND,0.001,0.99,mountaincar,sparse
0,1167,-1.0,200,0.0028053366113454103,-1.0,6.381442653946579e-05,0.0,DQN_RND,0.001,0.99,mountaincar,sparse
0,1168,-1.0,200,0.005601825192570686,-1.0,6.356678932206705e-05,0.0,DQN_RND,0.001,0.99,mountaincar,sparse
0,1169,-1.0,200,0.0037368489429354668,-1.0,6.356423546094447e-05,0.0,DQN_RND,0.001,0.99,mountaincar,sparse
0,1170,-1.0,200,0.009333726018667221,-1.0,6.292437319643795e-05,0.0,DQN_RND,0.001,0.99,mountaincar,sparse
0,1171,-1.0,200,0.006530129350721836,-1.0,6.199232302606106e-05,0.0,DQN_RND,0.001,0.99,mountaincar,sparse
0,1172,-1.0,200,0.0037343273870646954,-1.0,6.161776400404051e-05,0.0,DQN_RND,0.001,0.99,mountaincar,sparse
0,1173,-1.0,200,0.005599210038781166,-1.0,6.383080472005531e-05,0.0,DQN_RND,0.001,0.99,mountaincar,sparse
0,1174,-1.0,200,0.008406867273151875,-1.0,6.217321060830727e-05,0.0,DQN_RND,0.001,0.99,mountaincar,sparse
0,1175,-1.0,200,0.0046663242392241955,-1.0,6.315209611784667e-05,0.0,DQN_RND,0.001,0.99,mountaincar,sparse
0,1176,-1.0,200,0.008402930572628975,-1.0,6.240270158741623e-05,0.0,DQN_RND,0.001,0.99,mountaincar,sparse
0,1177,-1.0,200,0.007462288253009319,-1.0,6.226558616617694e-05,0.0,DQN_RND,0.001,0.99,mountaincar,sparse
0,1178,-1.0,200,0.005592217668890953,-1.0,6.149390537757427e-05,0.0,DQN_RND,0.001,0.99,mountaincar,sparse
0,1179,-1.0,200,0.0028011200483888388,-1.0,6.195416062837467e-05,0.0,DQN_RND,0.001,0.99,mountaincar,sparse
0,1180,-1.0,200,0.0065361992456018925,-1.0,6.171606946736574e-05,0.0,DQN_RND,0.001,0.99,mountaincar,sparse
0,1181,-1.0,200,0.0028020560275763273,-1.0,6.240409857127815e-05,0.0,DQN_RND,0.001,0.99,mountaincar,sparse
0,1182,-1.0,200,0.005600394681096077,-1.0,6.162573845358565e-05,0.0,DQN_RND,0.001,0.99,mountaincar,sparse
0,1183,-1.0,200,0.0037307310849428177,-1.0,6.155888695502654e-05,0.0,DQN_RND,0.001,0.99,mountaincar,sparse
0,1184,-1.0,200,0.006524927914142609,-1.0,6.154592847451568e-05,0.0,DQN_RND,0.001,0.99,mountaincar,sparse
0,1185,-1.0,200,0.0037307622842490673,-1.0,6.219262286322191e-05,0.0,DQN_RND,0.001,0.99,mountaincar,sparse
0,1186,-1.0,200,0.005589195992797613,-1.0,6.20549835730344e-05,0.0,DQN_RND,0.001,0.99,mountaincar,sparse
0,1187,-1.0,200,0.005596918985247612,-1.0,6.32458904874511e-05,0.0,DQN_RND,0.001,0.99,mountaincar,sparse
0,1188,-1.0,200,0.0018633127911016345,-1.0,6.285414565354586e-05,0.0,DQN_RND,0.001,0.99,mountaincar,sparse
0,1189,-1.0,200,0.004666883032768965,-1.0,6.235679757082835e-05,0.0,DQN_RND,0.001,0.99,mountaincar,sparse
0,1190,-1.0,200,0.003733597695827484,-1.0,6.225371907930821e-05,0.0,DQN_RND,0.001,0.99,mountaincar,sparse
0,1191,-1.0,200,0.003727276809513569,-1.0,6.474573456216604e-05,0.0,DQN_RND,0.001,0.99,mountaincar,sparse
0,1192,-1.0,200,0.004663404077291489,-1.0,6.273216422414407e-05,0.0,DQN_RND,0.001,0.99,mountaincar,sparse
0,1193,-1.0,200,0.0018653839360922575,-1.0,6.265561387408525e-05,0.0,DQN_RND,0.001,0.99,mountaincar,sparse
0,1194,-1.0,200,0.002801483729854226,-1.0,6.338523962767795e-05,0.0,DQN_RND,0.001,0.99,mountaincar,sparse
0,1195,-1.0,200,0.003735253820195794,-1.0,6.331596523523331e-05,0.0,DQN_RND,0.001,0.99,mountaincar,sparse
0,1196,-1.0,200,0.002793732099235058,-1.0,6.306734576355666e-05,0.0,DQN_RND,0.001,0.99,mountaincar,sparse
0,1197,-1.0,200,0.0065266783349215984,-1.0,6.330835458356887e-05,0.0,DQN_RND,0.001,0.99,mountaincar,sparse
0,1198,-1.0,200,0.006522960029542446,-1.0,6.293335900409147e-05,0.0,DQN_RND,0.001,0.99,mountaincar,sparse
0,1199,-1.0,200,0.002797763328999281,-1.0,6.358565588016063e-05,0.0,DQN_RND,0.001,0.99,mountaincar,sparse
0,1200,-1.0,200,0.006526199169456959,-1.0,6.277972715906799e-05,0.0,DQN_RND,0.001,0.99,mountaincar,sparse
0,1201,-1.0,200,0.00652031134814024,-1.0,6.308110459940508e-05,0.0,DQN_RND,0.001,0.99,mountaincar,sparse
0,1202,-1.0,200,0.0028007347136735916,-1.0,6.301169923972338e-05,0.0,DQN_RND,0.001,0.99,mountaincar,sparse
0,1203,-1.0,200,0.006525437347590923,-1.0,6.308095180429518e-05,0.0,DQN_RND,0.001,0.99,mountaincar,sparse
0,1204,-1.0,200,0.003724974114447832,-1.0,6.24942549620755e-05,0.0,DQN_RND,0.001,0.99,mountaincar,sparse
0,1205,-1.0,200,0.005590603221207857,-1.0,6.270661833696067e-05,0.0,DQN_RND,0.001,0.99,mountaincar,sparse
0,1206,-1.0,200,0.0027942589949816465,-1.0,6.21210565441288e-05,0.0,DQN_RND,0.001,0.99,mountaincar,sparse
0,1207,-1.0,200,0.003732951357960701,-1.0,6.244964606594294e-05,0.0,DQN_RND,0.001,0.99,mountaincar,sparse
0,1208,-1.0,200,0.0027951819356530905,-1.0,6.231007137103006e-05,0.0,DQN_RND,0.001,0.99,mountaincar,sparse
0,1209,-1.0,200,0.004655524622648954,-1.0,6.186586688272655e-05,0.0,DQN_RND,0.001,0.99,mountaincar,sparse
0,1210,-1.0,200,0.008387303911149502,-1.0,6.201720680110157e-05,0.0,DQN_RND,0.001,0.99,mountaincar,sparse
0,1211,-1.0,200,0.003728747833520174,-1.0,6.254110485315323e-05,0.0,DQN_RND,0.001,0.99,mountaincar,sparse
0,1212,-1.0,200,0.0027969717048108578,-1.0,6.175153248477727e-05,0.0,DQN_RND,0.001,0.99,mountaincar,sparse
0,1213,-1.0,200,0.005589102394878864,-1.0,6.143459177110344e-05,0.0,DQN_RND,0.001,0.99,mountaincar,sparse
0,1214,-1.0,200,0.0018647477263584733,-1.0,6.116014992585406e-05,0.0,DQN_RND,0.001,0.99,mountaincar,sparse
0,1215,-1.0,200,0.002792967949062586,-1.0,6.09462040301878e-05,0.0,DQN_RND,0.001,0.99,mountaincar,sparse
0,1216,-1.0,200,0.006521177943795919,-1.0,6.091938121244311e-05,0.0,DQN_RND,0.001,0.99,mountaincar,sparse
0,1217,-1.0,200,0.005587046965956688,-1.0,6.081681567593478e-05,0.0,DQN_RND,0.001,0.99,mountaincar,sparse
0,1218,-1.0,200,0.004657655023038387,-1.0,6.224819662747905e-05,0.0,DQN_RND,0.001,0.99,mountaincar,sparse
0,1219,-1.0,200,0.00558493472635746,-1.0,6.164170190459117e-05,0.0,DQN_RND,0.001,0.99,mountaincar,sparse
0,1220,-1.0,200,0.0027897863183170557,-1.0,6.134049181127921e-05,0.0,DQN_RND,0.001,0.99,mountaincar,sparse
0,1221,-1.0,200,0.0027904745656996965,-1.0,6.190102430991828e-05,0.0,DQN_RND,0.001,0.99,mountaincar,sparse
0,1222,-1.0,200,0.009312122128903866,-1.0,6.113867129897699e-05,0.0,DQN_RND,0.001,0.99,mountaincar,sparse
0,1223,-1.0,200,0.0027970795053988695,-1.0,6.079889863030985e-05,0.0,DQN_RND,0.001,0.99,mountaincar,sparse
0,1224,-1.0,200,0.009299620054662228,-1.0,6.084957203711383e-05,0.0,DQN_RND,0.001,0.99,mountaincar,sparse
0,1225,-1.0,200,0.004652012139558792,-1.0,6.0204565670574084e-05,0.0,DQN_RND,0.001,0.99,mountaincar,sparse
0,1226,-1.0,200,0.0055755325593054295,-1.0,5.9947014960926026e-05,0.0,DQN_RND,0.001,0.99,mountaincar,sparse
0,1227,-1.0,200,0.007447890937328339,-1.0,6.01378342253156e-05,0.0,DQN_RND,0.001,0.99,mountaincar,sparse
0,1228,-1.0,200,0.0018629098776727915,-1.0,6.0143884184071794e-05,0.0,DQN_RND,0.001,0.99,mountaincar,sparse
0,1229,-1.0,200,0.004658358171582222,-1.0,6.05329405516386e-05,0.0,DQN_RND,0.001,0.99,mountaincar,sparse
0,1230,-1.0,200,0.004652831703424454,-1.0,5.9312609664630145e-05,0.0,DQN_RND,0.001,0.99,mountaincar,sparse
0,1231,-1.0,200,0.003726881230250001,-1.0,5.865260391146876e-05,0.0,DQN_RND,0.001,0.99,mountaincar,sparse
0,1232,-1.0,200,0.0009306556894443929,-1.0,5.7956509408541024e-05,0.0,DQN_RND,0.001,0.99,mountaincar,sparse
0,1233,-1.0,200,0.006515618413686752,-1.0,5.850962406839244e-05,0.0,DQN_RND,0.001,0.99,mountaincar,sparse
0,1234,-1.0,200,0.0037194485776126385,-1.0,5.863063779543154e-05,0.0,DQN_RND,0.001,0.99,mountaincar,sparse
0,1235,-1.0,200,0.005579957272857428,-1.0,5.881247852812521e-05,0.0,DQN_RND,0.001,0.99,mountaincar,sparse
0,1236,-1.0,200,0.004653552547097206,-1.0,5.824615072924644e-05,0.0,DQN_RND,0.001,0.99,mountaincar,sparse
0,1237,-1.0,200,0.007448258344084024,-1.0,5.817593046231195e-05,0.0,DQN_RND,0.001,0.99,mountaincar,sparse
0,1238,-1.0,200,0.004650839604437351,-1.0,5.964000229141675e-05,0.0,DQN_RND,0.001,0.99,mountaincar,sparse
0,1239,-1.0,200,0.002789819147437811,-1.0,5.746273745899089e-05,0.0,DQN_RND,0.001,0.99,mountaincar,sparse
0,1240,-1.0,200,0.005582014564424753,-1.0,5.822478124173358e-05,0.0,DQN_RND,0.001,0.99,mountaincar,sparse
0,1241,-1.0,200,0.003716866485774517,-1.0,5.7788973208516836e-05,0.0,DQN_RND,0.001,0.99,mountaincar,sparse
0,1242,-1.0,200,0.00465141236782074,-1.0,5.7283908972749487e-05,0.0,DQN_RND,0.001,0.99,mountaincar,sparse
0,1243,-1.0,200,0.0009301809477619827,-1.0,5.667628283845261e-05,0.0,DQN_RND,0.001,0.99,mountaincar,sparse
0,1244,-1.0,200,0.0046540009789168835,-1.0,5.73724573769141e-05,0.0,DQN_RND,0.001,0.99,mountaincar,sparse
0,1245,-1.0,200,0.004644535016268492,-1.0,5.676633372786455e-05,0.0,DQN_RND,0.001,0.99,mountaincar,sparse
0,1246,-1.0,200,0.006509210914373398,-1.0,5.680680260411464e-05,0.0,DQN_RND,0.001,0.99,mountaincar,sparse
0,1247,-1.0,200,0.0046495660208165646,-1.0,5.691457408829592e-05,0.0,DQN_RND,0.001,0.99,mountaincar,sparse
0,1248,-1.0,200,0.004648183472454548,-1.0,5.626999700325541e-05,0.0,DQN_RND,0.001,0.99,mountaincar,sparse
0,1249,-1.0,200,0.004642938729375601,-1.0,5.632453758153133e-05,0.0,DQN_RND,0.001,0.99,mountaincar,sparse
0,1250,-1.0,200,0.004645294975489378,-1.0,5.6612090702401474e-05,0.0,DQN_RND,0.001,0.99,mountaincar,sparse
0,1251,-1.0,200,0.0037185782566666603,-1.0,5.6413184211123735e-05,0.0,DQN_RND,0.001,0.99,mountaincar,sparse
0,1252,-1.0,200,0.006502483040094376,-1.0,5.641802999889478e-05,0.0,DQN_RND,0.001,0.99,mountaincar,sparse
0,1253,-1.0,200,0.006502397358417511,-1.0,5.63704852538649e-05,0.0,DQN_RND,0.001,0.99,mountaincar,sparse
0,1254,-1.0,200,0.0037135793827474117,-1.0,5.690647230949253e-05,0.0,DQN_RND,0.001,0.99,mountaincar,sparse
0,1255,-1.0,200,0.003724553156644106,-1.0,5.662729745381512e-05,0.0,DQN_RND,0.001,0.99,mountaincar,sparse
0,1256,-1.0,200,0.0037166348192840815,-1.0,5.6668955949135125e-05,0.0,DQN_RND,0.001,0.99,mountaincar,sparse
0,1257,-1.0,200,0.0018552264664322138,-1.0,5.593624882749282e-05,0.0,DQN_RND,0.001,0.99,mountaincar,sparse
0,1258,-1.0,200,0.0009328446467407048,-1.0,5.5861437431303784e-05,0.0,DQN_RND,0.001,0.99,mountaincar,sparse
0,1259,-1.0,200,0.007429578807204962,-1.0,5.5433327361242846e-05,0.0,DQN_RND,0.001,0.99,mountaincar,sparse
0,1260,-1.0,200,0.006502769887447357,-1.0,5.490116018336266e-05,0.0,DQN_RND,0.001,0.99,mountaincar,sparse
0,1261,-1.0,200,0.003720113541930914,-1.0,5.4279185860650614e-05,0.0,DQN_RND,0.001,0.99,mountaincar,sparse
0,1262,-1.0,200,0.0018630829872563481,-1.0,5.4588534112554044e-05,0.0,DQN_RND,0.001,0.99,mountaincar,sparse
0,1263,-1.0,200,0.0046496219001710415,-1.0,5.3733529057353735e-05,0.0,DQN_RND,0.001,0.99,mountaincar,sparse
0,1264,-1.0,200,0.0046428171917796135,-1.0,5.247645094641484e-05,0.0,DQN_RND,0.001,0.99,mountaincar,sparse
0,1265,-1.0,200,0.0018593409331515431,-1.0,5.202599641052075e-05,0.0,DQN_RND,0.001,0.99,mountaincar,sparse
0,1266,-1.0,200,0.0037193845491856337,-1.0,5.2331819460960105e-05,0.0,DQN_RND,0.001,0.99,mountaincar,sparse
0,1267,-1.0,200,0.006501286290585995,-1.0,5.2460676670307294e-05,0.0,DQN_RND,0.001,0.99,mountaincar,sparse
0,1268,-1.0,200,0.004645396955311298,-1.0,5.198852886678651e-05,0.0,DQN_RND,0.001,0.99,mountaincar,sparse
0,1269,-1.0,200,0.0018613870488479733,-1.0,5.1623046601889655e-05,0.0,DQN_RND,0.001,0.99,mountaincar,sparse
0,1270,-1.0,200,0.007435281295329332,-1.0,5.1432460168143734e-05,0.0,DQN_RND,0.001,0.99,mountaincar,sparse
0,1271,-1.0,200,0.0037134019657969475,-1.0,5.13338454766199e-05,0.0,DQN_RND,0.001,0.99,mountaincar,sparse
0,1272,-1.0,200,0.002786915050819516,-1.0,5.122762013343163e-05,0.0,DQN_RND,0.001,0.99,mountaincar,sparse
0,1273,-1.0,200,0.005572992376983166,-1.0,5.067736128694378e-05,0.0,DQN_RND,0.001,0.99,mountaincar,sparse
0,1274,-1.0,200,0.008352218195796013,-1.0,5.0679140258580446e-05,0.0,DQN_RND,0.001,0.99,mountaincar,sparse
0,1275,-1.0,200,0.00742665259167552,-1.0,5.069940380053595e-05,0.0,DQN_RND,0.001,0.99,mountaincar,sparse
0,1276,-1.0,200,0.006493660155683756,-1.0,4.965333573636599e-05,0.0,DQN_RND,0.001,0.99,mountaincar,sparse
0,1277,-1.0,200,0.0065002948977053165,-1.0,4.977027856511995e-05,0.0,DQN_RND,0.001,0.99,mountaincar,sparse
0,1278,-1.0,200,0.0027827019803225994,-1.0,4.957934652338736e-05,0.0,DQN_RND,0.001,0.99,mountaincar,sparse
0,1279,-1.0,200,0.0037119188345968723,-1.0,5.07907425344456e-05,0.0,DQN_RND,0.001,0.99,mountaincar,sparse
0,1280,-1.0,200,0.0027852498460561037,-1.0,5.3070991270942613e-05,0.0,DQN_RND,0.001,0.99,mountaincar,sparse
0,1281,-1.0,200,0.004639824852347374,-1.0,4.920602805214003e-05,0.0,DQN_RND,0.001,0.99,mountaincar,sparse
0,1282,-1.0,200,0.011142183095216751,-1.0,4.9636426410870627e-05,0.0,DQN_RND,0.001,0.99,mountaincar,sparse
0,1283,-1.0,200,0.005573655478656292,-1.0,4.835926665691659e-05,0.0,DQN_RND,0.001,0.99,mountaincar,sparse
0,1284,-1.0,200,0.004645494744181633,-1.0,4.8275371227646247e-05,0.0,DQN_RND,0.001,0.99,mountaincar,sparse
0,1285,-1.0,200,0.00464159669354558,-1.0,4.897533290204592e-05,0.0,DQN_RND,0.001,0.99,mountaincar,sparse
0,1286,-1.0,200,0.004634923301637173,-1.0,4.8476129450136796e-05,0.0,DQN_RND,0.001,0.99,mountaincar,sparse
0,1287,-1.0,200,0.008350994437932968,-1.0,4.981155871064402e-05,0.0,DQN_RND,0.001,0.99,mountaincar,sparse
0,1288,-1.0,200,0.005561064928770065,-1.0,4.9457110435469076e-05,0.0,DQN_RND,0.001,0.99,mountaincar,sparse
0,1289,-1.0,200,0.005563168786466122,-1.0,4.9419373681303114e-05,0.0,DQN_RND,0.001,0.99,mountaincar,sparse
0,1290,-1.0,200,0.0037069206591695547,-1.0,4.8922327550826594e-05,0.0,DQN_RND,0.001,0.99,mountaincar,sparse
0,1291,-1.0,200,0.005565764382481575,-1.0,4.926757901557721e-05,0.0,DQN_RND,0.001,0.99,mountaincar,sparse
0,1292,-1.0,200,0.007419875357300043,-1.0,4.947741763317026e-05,0.0,DQN_RND,0.001,0.99,mountaincar,sparse
0,1293,-1.0,200,0.0018574147252365947,-1.0,5.0173675845144317e-05,0.0,DQN_RND,0.001,0.99,mountaincar,sparse
0,1294,-1.0,200,0.004635736811906099,-1.0,4.8315439926227555e-05,0.0,DQN_RND,0.001,0.99,mountaincar,sparse
0,1295,-1.0,200,0.004636581055819988,-1.0,4.7878751502139494e-05,0.0,DQN_RND,0.001,0.99,mountaincar,sparse
0,1296,-1.0,200,0.0055663022212684155,-1.0,4.889417687081732e-05,0.0,DQN_RND,0.001,0.99,mountaincar,sparse
0,1297,-1.0,200,0.004640077706426382,-1.0,4.82399518659804e-05,0.0,DQN_RND,0.001,0.99,mountaincar,sparse
0,1298,-1.0,200,0.003708656644448638,-1.0,4.8273435822920874e-05,0.0,DQN_RND,0.001,0.99,mountaincar,sparse
0,1299,-1.0,200,0.004637581761926413,-1.0,4.8148671339731663e-05,0.0,DQN_RND,0.001,0.99,mountaincar,sparse
0,1300,-1.0,200,0.0037092657294124365,-1.0,4.799640009878203e-05,0.0,DQN_RND,0.001,0.99,mountaincar,sparse
0,1301,-1.0,200,0.003706484567373991,-1.0,4.821321999770589e-05,0.0,DQN_RND,0.001,0.99,mountaincar,sparse
0,1302,-1.0,200,0.005566362291574478,-1.0,4.871854616794735e-05,0.0,DQN_RND,0.001,0.99,mountaincar,sparse
0,1303,-1.0,200,0.001855027279816568,-1.0,4.834943683817983e-05,0.0,DQN_RND,0.001,0.99,mountaincar,sparse
0,1304,-1.0,200,0.0037089723628014326,-1.0,4.817609442397952e-05,0.0,DQN_RND,0.001,0.99,mountaincar,sparse
0,1305,-1.0,200,0.006485919468104839,-1.0,4.929069837089628e-05,0.0,DQN_RND,0.001,0.99,mountaincar,sparse
0,1306,-1.0,200,0.0009279009536840022,-1.0,4.837376400246285e-05,0.0,DQN_RND,0.001,0.99,mountaincar,sparse
0,1307,-1.0,200,0.004632297437638044,-1.0,4.8660389438737184e-05,0.0,DQN_RND,0.001,0.99,mountaincar,sparse
0,1308,-1.0,200,0.005558498669415712,-1.0,4.873848592978902e-05,0.0,DQN_RND,0.001,0.99,mountaincar,sparse
0,1309,-1.0,200,0.0055603585205972195,-1.0,4.928802445647307e-05,0.0,DQN_RND,0.001,0.99,mountaincar,sparse
0,1310,-1.0,200,0.0009278598590753973,-1.0,4.904215529677458e-05,0.0,DQN_RND,0.001,0.99,mountaincar,sparse
0,1311,-1.0,200,0.0018508995417505503,-1.0,4.8784113459987566e-05,0.0,DQN_RND,0.001,0.99,mountaincar,sparse
0,1312,-1.0,200,0.0037058854941278696,-1.0,4.854370854445733e-05,0.0,DQN_RND,0.001,0.99,mountaincar,sparse
0,1313,-1.0,200,0.002779389964416623,-1.0,5.129000419401564e-05,0.0,DQN_RND,0.001,0.99,mountaincar,sparse
0,1314,-1.0,200,0.007414906285703182,-1.0,4.9766924348659813e-05,0.0,DQN_RND,0.001,0.99,mountaincar,sparse
0,1315,-1.0,200,0.00463320454582572,-1.0,4.899121631751768e-05,0.0,DQN_RND,0.001,0.99,mountaincar,sparse
0,1316,-1.0,200,0.0037057134322822094,-1.0,4.923024607705884e-05,0.0,DQN_RND,0.001,0.99,mountaincar,sparse
0,1317,-1.0,200,0.0018523274920880795,-1.0,4.9826128815766424e-05,0.0,DQN_RND,0.001,0.99,mountaincar,sparse
0,1318,-1.0,200,0.007409641984850168,-1.0,4.949059075443074e-05,0.0,DQN_RND,0.001,0.99,mountaincar,sparse
0,1319,-1.0,200,0.0027778989169746637,-1.0,4.9304187996312976e-05,0.0,DQN_RND,0.001,0.99,mountaincar,sparse
0,1320,-1.0,200,0.003703155554831028,-1.0,4.930537033942528e-05,0.0,DQN_RND,0.001,0.99,mountaincar,sparse
0,1321,-1.0,200,0.0018513048999011517,-1.0,5.0642178393900394e-05,0.0,DQN_RND,0.001,0.99,mountaincar,sparse
0,1322,-1.0,200,0.002777901478111744,-1.0,4.998952863388695e-05,0.0,DQN_RND,0.001,0.99,mountaincar,sparse
0,1323,-1.0,200,0.0018525953637436032,-1.0,5.0000639021163806e-05,0.0,DQN_RND,0.001,0.99,mountaincar,sparse
0,1324,-1.0,200,0.0018533795373514295,-1.0,5.043532291892916e-05,0.0,DQN_RND,0.001,0.99,mountaincar,sparse
0,1325,-1.0,200,0.005555680487304926,-1.0,5.01550457556732e-05,0.0,DQN_RND,0.001,0.99,mountaincar,sparse
0,1326,-1.0,200,0.008333605714142323,-1.0,5.2411840442800894e-05,0.0,DQN_RND,0.001,0.99,mountaincar,sparse
0,1327,-1.0,200,0.000926618988160044,-1.0,5.1387087296461686e-05,0.0,DQN_RND,0.001,0.99,mountaincar,sparse
0,1328,-1.0,200,0.0018508838256821036,-1.0,5.046525984653272e-05,0.0,DQN_RND,0.001,0.99,mountaincar,sparse
0,1329,-1.0,200,0.006478741765022278,-1.0,5.0408823881298304e-05,0.0,DQN_RND,0.001,0.99,mountaincar,sparse
0,1330,-1.0,200,0.008328515104949474,-1.0,5.057981616118923e-05,0.0,DQN_RND,0.001,0.99,mountaincar,sparse
0,1331,-1.0,200,0.006474949419498444,-1.0,5.145069007994607e-05,0.0,DQN_RND,0.001,0.99,mountaincar,sparse
0,1332,-1.0,200,0.010177506133913994,-1.0,4.975843694410287e-05,0.0,DQN_RND,0.001,0.99,mountaincar,sparse
0,1333,-1.0,200,0.0027766223065555096,-1.0,4.922600055579096e-05,0.0,DQN_RND,0.001,0.99,mountaincar,sparse
0,1334,-1.0,200,0.006476985290646553,-1.0,4.883554720436223e-05,0.0,DQN_RND,0.001,0.99,mountaincar,sparse
0,1335,-1.0,200,0.008325938135385513,-1.0,4.8566682380624115e-05,0.0,DQN_RND,0.001,0.99,mountaincar,sparse
0,1336,-1.0,200,0.004623371176421642,-1.0,4.8038302338682115e-05,0.0,DQN_RND,0.001,0.99,mountaincar,sparse
0,1337,-1.0,200,0.005547976586967707,-1.0,4.861483830609359e-05,0.0,DQN_RND,0.001,0.99,mountaincar,sparse
0,1338,-1.0,200,0.004623995162546635,-1.0,4.814593921764754e-05,0.0,DQN_RND,0.001,0.99,mountaincar,sparse
0,1339,-1.0,200,0.0036983173340559006,-1.0,4.83941548736766e-05,0.0,DQN_RND,0.001,0.99,mountaincar,sparse
0,1340,-1.0,200,0.0027735810726881027,-1.0,4.8804417019709945e-05,0.0,DQN_RND,0.001,0.99,mountaincar,sparse
0,1341,-1.0,200,0.0009238846250809729,-1.0,4.909943527309224e-05,0.0,DQN_RND,0.001,0.99,mountaincar,sparse
0,1342,-1.0,200,0.007393485866487026,-1.0,4.881986751570366e-05,0.0,DQN_RND,0.001,0.99,mountaincar,sparse
0,1343,-1.0,200,0.003696052124723792,-1.0,4.842317139264196e-05,0.0,DQN_RND,0.001,0.99,mountaincar,sparse
0,1344,-1.0,200,0.001849208609201014,-1.0,5.0883627409348264e-05,0.0,DQN_RND,0.001,0.99,mountaincar,sparse
0,1345,-1.0,200,0.0055464645847678185,-1.0,4.8340258217649534e-05,0.0,DQN_RND,0.001,0.99,mountaincar,sparse
0,1346,-1.0,200,0.0046213651075959206,-1.0,4.734506364911795e-05,0.0,DQN_RND,0.001,0.99,mountaincar,sparse
0,1347,-1.0,200,0.005544662941247225,-1.0,4.7618927055737004e-05,0.0,DQN_RND,0.001,0.99,mountaincar,sparse
0,1348,-1.0,200,0.0027727263513952494,-1.0,4.8965455789584666e-05,0.0,DQN_RND,0.001,0.99,mountaincar,sparse
0,1349,-1.0,200,0.005542919505387545,-1.0,5.0260226998943835e-05,0.0,DQN_RND,0.001,0.99,mountaincar,sparse
0,1350,-1.0,200,0.004619886167347431,-1.0,4.8856818466447294e-05,0.0,DQN_RND,0.001,0.99,mountaincar,sparse
0,1351,-1.0,200,0.0036954968236386776,-1.0,4.820370304514654e-05,0.0,DQN_RND,0.001,0.99,mountaincar,sparse
0,1352,-1.0,200,0.009237232618033886,-1.0,4.729367356048897e-05,0.0,DQN_RND,0.001,0.99,mountaincar,sparse
0,1353,-1.0,200,0.0064645856618881226,-1.0,4.725339749711566e-05,0.0,DQN_RND,0.001,0.99,mountaincar,sparse
0,1354,-1.0,200,0.0036938784178346395,-1.0,4.768092912854627e-05,0.0,DQN_RND,0.001,0.99,mountaincar,sparse
0,1355,-1.0,200,0.003694000421091914,-1.0,4.783585973200388e-05,0.0,DQN_RND,0.001,0.99,mountaincar,sparse
0,1356,-1.0,200,0.004615994170308113,-1.0,4.7372086555697024e-05,0.0,DQN_RND,0.001,0.99,mountaincar,sparse
0,1357,-1.0,200,0.004615671467036009,-1.0,4.803550473297946e-05,0.0,DQN_RND,0.001,0.99,mountaincar,sparse
0,1358,-1.0,200,0.006461264565587044,-1.0,4.822129267267883e-05,0.0,DQN_RND,0.001,0.99,mountaincar,sparse
0,1359,-1.0,200,0.004615706857293844,-1.0,4.75504930363968e-05,0.0,DQN_RND,0.001,0.99,mountaincar,sparse
0,1360,-1.0,200,0.0027695740573108196,-1.0,4.835720028495416e-05,0.0,DQN_RND,0.001,0.99,mountaincar,sparse
0,1361,-1.0,200,0.001845835940912366,-1.0,4.813939813175239e-05,0.0,DQN_RND,0.001,0.99,mountaincar,sparse
0,1362,-1.0,200,0.000923123792745173,-1.0,4.8726349632488564e-05,0.0,DQN_RND,0.001,0.99,mountaincar,sparse
0,1363,-1.0,200,0.005535716190934181,-1.0,4.8106390750035644e-05,0.0,DQN_RND,0.001,0.99,mountaincar,sparse
0,1364,-1.0,200,0.005535975098609924,-1.0,4.771816384163685e-05,0.0,DQN_RND,0.001,0.99,mountaincar,sparse
0,1365,-1.0,200,0.005536658689379692,-1.0,4.6508739615092054e-05,0.0,DQN_RND,0.001,0.99,mountaincar,sparse
0,1366,-1.0,200,0.002767992438748479,-1.0,4.896881728200242e-05,0.0,DQN_RND,0.001,0.99,mountaincar,sparse
0,1367,-1.0,200,0.0036913584917783737,-1.0,5.008641164749861e-05,0.0,DQN_RND,0.001,0.99,mountaincar,sparse
0,1368,-1.0,200,0.006458437070250511,-1.0,4.947612978867255e-05,0.0,DQN_RND,0.001,0.99,mountaincar,sparse
0,1369,-1.0,200,0.0027674881275743246,-1.0,4.9174082960234955e-05,0.0,DQN_RND,0.001,0.99,mountaincar,sparse
0,1370,-1.0,200,0.002767229685559869,-1.0,4.742110104416497e-05,0.0,DQN_RND,0.001,0.99,mountaincar,sparse
0,1371,-1.0,200,0.0064559378661215305,-1.0,4.5470565964933485e-05,0.0,DQN_RND,0.001,0.99,mountaincar,sparse
0,1372,-1.0,200,0.003688860684633255,-1.0,4.860962144448422e-05,0.0,DQN_RND,0.001,0.99,mountaincar,sparse
0,1373,-1.0,200,0.0055325208231806755,-1.0,4.836471634916961e-05,0.0,DQN_RND,0.001,0.99,mountaincar,sparse
0,1374,-1.0,200,0.004610290750861168,-1.0,4.684913801611401e-05,0.0,DQN_RND,0.001,0.99,mountaincar,sparse
0,1375,-1.0,200,0.009219225496053696,-1.0,4.928481575916521e-05,0.0,DQN_RND,0.001,0.99,mountaincar,sparse
0,1376,-1.0,200,0.004608978517353535,-1.0,4.861259367316961e-05,0.0,DQN_RND,0.001,0.99,mountaincar,sparse
0,1377,-1.0,200,0.006453252397477627,-1.0,5.0731803639791906e-05,0.0,DQN_RND,0.001,0.99,mountaincar,sparse
0,1378,-1.0,200,0.0036878003738820553,-1.0,4.722314406535588e-05,0.0,DQN_RND,0.001,0.99,mountaincar,sparse
0,1379,-1.0,200,0.005531298462301493,-1.0,4.9948666855925694e-05,0.0,DQN_RND,0.001,0.99,mountaincar,sparse
0,1380,-1.0,200,0.0036862720735371113,-1.0,4.7123430704232305e-05,0.0,DQN_RND,0.001,0.99,mountaincar,sparse
0,1381,-1.0,200,0.004608806688338518,-1.0,4.8265679652104154e-05,0.0,DQN_RND,0.001,0.99,mountaincar,sparse
0,1382,-1.0,200,0.002764845499768853,-1.0,4.604632704285905e-05,0.0,DQN_RND,0.001,0.99,mountaincar,sparse
0,1383,-1.0,200,0.0018435079837217927,-1.0,5.2597424655687064e-05,0.0,DQN_RND,0.001,0.99,mountaincar,sparse
0,1384,-1.0,200,0.0036891945637762547,-1.0,4.433257345226593e-05,0.0,DQN_RND,0.001,0.99,mountaincar,sparse
0,1385,-1.0,200,0.004607184790074825,-1.0,5.077564492239617e-05,0.0,DQN_RND,0.001,0.99,mountaincar,sparse
0,1386,-1.0,200,0.0036852105986326933,-1.0,5.2356710511958227e-05,0.0,DQN_RND,0.001,0.99,mountaincar,sparse
0,1387,-1.0,200,0.003685477888211608,-1.0,5.2450406656134874e-05,0.0,DQN_RND,0.001,0.99,mountaincar,sparse
0,1388,-1.0,200,0.005528153385967016,-1.0,4.45231307821814e-05,0.0,DQN_RND,0.001,0.99,mountaincar,sparse
0,1389,-1.0,200,0.006449323613196611,-1.0,4.5890945330029353e-05,0.0,DQN_RND,0.001,0.99,mountaincar,sparse
0,1390,-1.0,200,0.003683430841192603,-1.0,5.030343163525686e-05,0.0,DQN_RND,0.001,0.99,mountaincar,sparse
0,1391,-1.0,200,0.003686677198857069,-1.0,5.072495332569815e-05,0.0,DQN_RND,0.001,0.99,mountaincar,sparse
0,1392,-1.0,200,0.005526344757527113,-1.0,4.9004123866325244e-05,0.0,DQN_RND,0.001,0.99,mountaincar,sparse
0,1393,-1.0,200,0.005527610424906015,-1.0,5.1433686167001724e-05,0.0,DQN_RND,0.001,0.99,mountaincar,sparse
0,1394,-1.0,200,0.003684405470266938,-1.0,4.539550718618557e-05,0.0,DQN_RND,0.001,0.99,mountaincar,sparse
0,1395,-1.0,200,0.0036843724083155394,-1.0,5.1625447667902336e-05,0.0,DQN_RND,0.001,0.99,mountaincar,sparse
0,1396,-1.0,200,0.002763282973319292,-1.0,4.4252661609789357e-05,0.0,DQN_RND,0.001,0.99,mountaincar,sparse
0,1397,-1.0,200,0.0036830378230661154,-1.0,4.448406252777204e-05,0.0,DQN_RND,0.001,0.99,mountaincar,sparse
0,1398,-1.0,200,0.005523763131350279,-1.0,5.2678933570859954e-05,0.0,DQN_RND,0.001,0.99,mountaincar,sparse
0,1399,-1.0,200,0.004607901908457279,-1.0,4.367821748019196e-05,0.0,DQN_RND,0.001,0.99,mountaincar,sparse
0,1400,-1.0,200,0.004606457427144051,-1.0,5.0803606427507475e-05,0.0,DQN_RND,0.001,0.99,mountaincar,sparse
0,1401,-1.0,200,0.004602738190442324,-1.0,5.062518175691366e-05,0.0,DQN_RND,0.001,0.99,mountaincar,sparse
0,1402,-1.0,200,0.005521351005882025,-1.0,4.810753307538107e-05,0.0,DQN_RND,0.001,0.99,mountaincar,sparse
0,1403,-1.0,200,0.0046015540137887,-1.0,5.2501141908578575e-05,0.0,DQN_RND,0.001,0.99,mountaincar,sparse
0,1404,-1.0,200,0.0036806606221944094,-1.0,4.4843487557955086e-05,0.0,DQN_RND,0.001,0.99,mountaincar,sparse
0,1405,-1.0,200,0.004600981250405312,-1.0,4.844509021495469e-05,0.0,DQN_RND,0.001,0.99,mountaincar,sparse
0,1406,-1.0,200,0.005520754028111696,-1.0,4.863679350819439e-05,0.0,DQN_RND,0.001,0.99,mountaincar,sparse
0,1407,-1.0,200,0.00921013206243515,-1.0,4.492497828323394e-05,0.0,DQN_RND,0.001,0.99,mountaincar,sparse
0,1408,-1.0,200,0.006440360564738512,-1.0,4.9197486077900976e-05,0.0,DQN_RND,0.001,0.99,mountaincar,sparse
0,1409,-1.0,200,0.0064429487101733685,-1.0,5.3067185945110396e-05,0.0,DQN_RND,0.001,0.99,mountaincar,sparse
0,1410,-1.0,200,0.0027601306792348623,-1.0,4.396788062877022e-05,0.0,DQN_RND,0.001,0.99,mountaincar,sparse
0,1411,-1.0,200,0.005521088372915983,-1.0,4.594214624376036e-05,0.0,DQN_RND,0.001,0.99,mountaincar,sparse
0,1412,-1.0,200,0.005519521422684193,-1.0,4.499989518080838e-05,0.0,DQN_RND,0.001,0.99,mountaincar,sparse
0,1413,-1.0,200,0.005521540530025959,-1.0,4.50889092462603e-05,0.0,DQN_RND,0.001,0.99,mountaincar,sparse
0,1414,-1.0,200,0.005522094666957855,-1.0,5.3729301725979894e-05,0.0,DQN_RND,0.001,0.99,mountaincar,sparse
0,1415,-1.0,200,0.0018427377799525857,-1.0,5.06676769873593e-05,0.0,DQN_RND,0.001,0.99,mountaincar,sparse
0,1416,-1.0,200,0.0009205651585943997,-1.0,4.316361082601361e-05,0.0,DQN_RND,0.001,0.99,mountaincar,sparse
0,1417,-1.0,200,0.0036821719259023666,-1.0,5.0410450057825074e-05,0.0,DQN_RND,0.001,0.99,mountaincar,sparse
0,1418,-1.0,200,0.011037546209990978,-1.0,4.905697642243467e-05,0.0,DQN_RND,0.001,0.99,mountaincar,sparse
0,1419,-1.0,200,0.0009203784284181893,-1.0,4.3062795157311484e-05,0.0,DQN_RND,0.001,0.99,mountaincar,sparse
0,1420,-1.0,200,0.005517002660781145,-1.0,4.167565566604026e-05,0.0,DQN_RND,0.001,0.99,mountaincar,sparse
0,1421,-1.0,200,0.007357628084719181,-1.0,4.751134474645369e-05,0.0,DQN_RND,0.001,0.99,mountaincar,sparse
0,1422,-1.0,200,0.005523776635527611,-1.0,4.983818143955432e-05,0.0,DQN_RND,0.001,0.99,mountaincar,sparse
0,1423,-1.0,200,0.0036773793399333954,-1.0,4.444690785021521e-05,0.0,DQN_RND,0.001,0.99,mountaincar,sparse
0,1424,-1.0,200,0.0027574568521231413,-1.0,4.4999287638347596e-05,0.0,DQN_RND,0.001,0.99,mountaincar,sparse
0,1425,-1.0,200,0.0027619001921266317,-1.0,4.479254494071938e-05,0.0,DQN_RND,0.001,0.99,mountaincar,sparse
0,1426,-1.0,200,0.005515621043741703,-1.0,4.487814294407144e-05,0.0,DQN_RND,0.001,0.99,mountaincar,sparse
0,1427,-1.0,200,0.0018412119243294,-1.0,4.195596920908429e-05,0.0,DQN_RND,0.001,0.99,mountaincar,sparse
0,1428,-1.0,200,0.006433708127588034,-1.0,5.0801143515855074e-05,0.0,DQN_RND,0.001,0.99,mountaincar,sparse
0,1429,-1.0,200,0.005510448478162289,-1.0,4.2296753235859796e-05,0.0,DQN_RND,0.001,0.99,mountaincar,sparse
0,1430,-1.0,200,0.008271916769444942,-1.0,4.611871554516256e-05,0.0,DQN_RND,0.001,0.99,mountaincar,sparse
0,1431,-1.0,200,0.005515045486390591,-1.0,4.2957744881277904e-05,0.0,DQN_RND,0.001,0.99,mountaincar,sparse
0,1432,-1.0,200,0.005515535362064838,-1.0,5.11588150402531e-05,0.0,DQN_RND,0.001,0.99,mountaincar,sparse
0,1433,-1.0,200,0.006433974951505661,-1.0,4.99731904710643e-05,0.0,DQN_RND,0.001,0.99,mountaincar,sparse
0,1434,-1.0,200,0.0036800415255129337,-1.0,4.127727879676968e-05,0.0,DQN_RND,0.001,0.99,mountaincar,sparse
0,1435,-1.0,200,0.003675883635878563,-1.0,4.1744420741451904e-05,0.0,DQN_RND,0.001,0.99,mountaincar,sparse
0,1436,-1.0,200,0.0055105844512581825,-1.0,4.18060808442533e-05,0.0,DQN_RND,0.001,0.99,mountaincar,sparse
0,1437,-1.0,200,0.0045906431041657925,-1.0,4.095961412531324e-05,0.0,DQN_RND,0.001,0.99,mountaincar,sparse
0,1438,-1.0,200,0.007354606408625841,-1.0,4.154314592597075e-05,0.0,DQN_RND,0.001,0.99,mountaincar,sparse
0,1439,-1.0,200,0.0027574030682444572,-1.0,4.783467375091277e-05,0.0,DQN_RND,0.001,0.99,mountaincar,sparse
0,1440,-1.0,200,0.0036810736637562513,-1.0,4.0755116060609e-05,0.0,DQN_RND,0.001,0.99,mountaincar,sparse
0,1441,-1.0,200,0.006430447567254305,-1.0,4.655915836337954e-05,0.0,DQN_RND,0.001,0.99,mountaincar,sparse
0,1442,-1.0,200,0.0018359882524237037,-1.0,4.690808054874651e-05,0.0,DQN_RND,0.001,0.99,mountaincar,sparse
0,1443,-1.0,200,0.002756742062047124,-1.0,4.16621332988143e-05,0.0,DQN_RND,0.001,0.99,mountaincar,sparse
0,1444,-1.0,200,0.0018421439453959465,-1.0,4.1317525756312534e-05,0.0,DQN_RND,0.001,0.99,mountaincar,sparse
0,1445,-1.0,200,0.004597235471010208,-1.0,4.094874384463765e-05,0.0,DQN_RND,0.001,0.99,mountaincar,sparse
0,1446,-1.0,200,0.0018365579890087247,-1.0,4.536839696811512e-05,0.0,DQN_RND,0.001,0.99,mountaincar,sparse
0,1447,-1.0,200,0.0027528756763786077,-1.0,4.0405331674264744e-05,0.0,DQN_RND,0.001,0.99,mountaincar,sparse
0,1448,-1.0,200,0.007347773760557175,-1.0,4.763364268001169e-05,0.0,DQN_RND,0.001,0.99,mountaincar,sparse
0,1449,-1.0,200,0.0018349881283938885,-1.0,4.657456884160638e-05,0.0,DQN_RND,0.001,0.99,mountaincar,sparse
0,1450,-1.0,200,0.005508492235094309,-1.0,4.469472332857549e-05,0.0,DQN_RND,0.001,0.99,mountaincar,sparse
0,1451,-1.0,200,0.003674615640193224,-1.0,4.374586933408864e-05,0.0,DQN_RND,0.001,0.99,mountaincar,sparse
0,1452,-1.0,200,0.0036691578570753336,-1.0,4.515588079812005e-05,0.0,DQN_RND,0.001,0.99,mountaincar,sparse
0,1453,-1.0,200,0.006430118810385466,-1.0,4.049871495226398e-05,0.0,DQN_RND,0.001,0.99,mountaincar,sparse
0,1454,-1.0,200,0.006429099012166262,-1.0,4.491007712204009e-05,0.0,DQN_RND,0.001,0.99,mountaincar,sparse
0,1455,-1.0,200,0.002753152744844556,-1.0,4.097517012269236e-05,0.0,DQN_RND,0.001,0.99,mountaincar,sparse
0,1456,-1.0,200,0.008267260156571865,-1.0,4.4062700908398256e-05,0.0,DQN_RND,0.001,0.99,mountaincar,sparse
0,1457,-1.0,200,0.004593439865857363,-1.0,4.1263712773798034e-05,0.0,DQN_RND,0.001,0.99,mountaincar,sparse
0,1458,-1.0,200,0.004595066420733929,-1.0,4.5465236325981095e-05,0.0,DQN_RND,0.001,0.99,mountaincar,sparse
0,1459,-1.0,200,0.003672841005027294,-1.0,3.9770075090928e-05,0.0,DQN_RND,0.001,0.99,mountaincar,sparse
0,1460,-1.0,200,0.006424654740840197,-1.0,4.0374332456849515e-05,0.0,DQN_RND,0.001,0.99,mountaincar,sparse
0,1461,-1.0,200,0.004589920863509178,-1.0,4.1744380723685026e-05,0.0,DQN_RND,0.001,0.99,mountaincar,sparse
0,1462,-1.0,200,0.0045888787135481834,-1.0,4.50782899861224e-05,0.0,DQN_RND,0.001,0.99,mountaincar,sparse
0,1463,-1.0,200,0.0027546496130526066,-1.0,4.028968760394491e-05,0.0,DQN_RND,0.001,0.99,mountaincar,sparse
0,1464,-1.0,200,0.006425666622817516,-1.0,4.369147791294381e-05,0.0,DQN_RND,0.001,0.99,mountaincar,sparse
0,1465,-1.0,200,0.007345966063439846,-1.0,4.075594915775582e-05,0.0,DQN_RND,0.001,0.99,mountaincar,sparse
0,1466,-1.0,200,0.00917251780629158,-1.0,3.960452522733249e-05,0.0,DQN_RND,0.001,0.99,mountaincar,sparse
0,1467,-1.0,200,0.004588622599840164,-1.0,4.027812974527478e-05,0.0,DQN_RND,0.001,0.99,mountaincar,sparse
0,1468,-1.0,200,0.004587854724377394,-1.0,4.004581569461152e-05,0.0,DQN_RND,0.001,0.99,mountaincar,sparse
0,1469,-1.0,200,0.0036671622656285763,-1.0,4.148835796513595e-05,0.0,DQN_RND,0.001,0.99,mountaincar,sparse
0,1470,-1.0,200,0.005502475891262293,-1.0,3.959595051128417e-05,0.0,DQN_RND,0.001,0.99,mountaincar,sparse
0,1471,-1.0,200,0.005502753891050816,-1.0,3.8996429793769494e-05,0.0,DQN_RND,0.001,0.99,mountaincar,sparse
0,1472,-1.0,200,0.002751798601821065,-1.0,4.151383836870082e-05,0.0,DQN_RND,0.001,0.99,mountaincar,sparse
0,1473,-1.0,200,0.006419303361326456,-1.0,3.8844682421768084e-05,0.0,DQN_RND,0.001,0.99,mountaincar,sparse
0,1474,-1.0,200,0.0018329336307942867,-1.0,4.0849325159797445e-05,0.0,DQN_RND,0.001,0.99,mountaincar,sparse
0,1475,-1.0,200,0.0018333308398723602,-1.0,4.012252975371666e-05,0.0,DQN_RND,0.001,0.99,mountaincar,sparse
0,1476,-1.0,200,0.005502078682184219,-1.0,4.053530574310571e-05,0.0,DQN_RND,0.001,0.99,mountaincar,sparse
0,1477,-1.0,200,0.005502860993146896,-1.0,3.9181337342597544e-05,0.0,DQN_RND,0.001,0.99,mountaincar,sparse
0,1478,-1.0,200,0.0018346082651987672,-1.0,3.9007223676890135e-05,0.0,DQN_RND,0.001,0.99,mountaincar,sparse
0,1479,-1.0,200,0.001834504073485732,-1.0,3.882610326400027e-05,0.0,DQN_RND,0.001,0.99,mountaincar,sparse
0,1480,-1.0,200,0.006419828627258539,-1.0,3.8896243495400995e-05,0.0,DQN_RND,0.001,0.99,mountaincar,sparse
0,1481,-1.0,200,0.006414452102035284,-1.0,3.93011505366303e-05,0.0,DQN_RND,0.001,0.99,mountaincar,sparse
0,1482,-1.0,200,0.004582514520734549,-1.0,3.715300772455521e-05,0.0,DQN_RND,0.001,0.99,mountaincar,sparse
0,1483,-1.0,200,0.0027494162786751986,-1.0,3.7247595173539594e-05,0.0,DQN_RND,0.001,0.99,mountaincar,sparse
0,1484,-1.0,200,0.004581625573337078,-1.0,3.7428148061735556e-05,0.0,DQN_RND,0.001,0.99,mountaincar,sparse
0,1485,-1.0,200,0.006412792019546032,-1.0,3.85051425837446e-05,0.0,DQN_RND,0.001,0.99,mountaincar,sparse
0,1486,-1.0,200,0.0018325319979339838,-1.0,3.788135290960781e-05,0.0,DQN_RND,0.001,0.99,mountaincar,sparse
0,1487,-1.0,200,0.010992691852152348,-1.0,3.723253030329943e-05,0.0,DQN_RND,0.001,0.99,mountaincar,sparse
0,1488,-1.0,200,0.004581758752465248,-1.0,3.95603638025932e-05,0.0,DQN_RND,0.001,0.99,mountaincar,sparse
0,1489,-1.0,200,0.006408522371202707,-1.0,3.6872574128210545e-05,0.0,DQN_RND,0.001,0.99,mountaincar,sparse
0,1490,-1.0,200,0.002745435805991292,-1.0,3.805908272624947e-05,0.0,DQN_RND,0.001,0.99,mountaincar,sparse
0,1491,-1.0,200,0.003663773415610194,-1.0,3.707905489136465e-05,0.0,DQN_RND,0.001,0.99,mountaincar,sparse
0,1492,-1.0,200,0.006405471824109554,-1.0,3.708223084686324e-05,0.0,DQN_RND,0.001,0.99,mountaincar,sparse
0,1493,-1.0,200,0.0045797633938491344,-1.0,3.642102819867432e-05,0.0,DQN_RND,0.001,0.99,mountaincar,sparse
0,1494,-1.0,200,0.004579521249979734,-1.0,3.57491044269409e-05,0.0,DQN_RND,0.001,0.99,mountaincar,sparse
0,1495,-1.0,200,0.0027465946041047573,-1.0,3.64061415893957e-05,0.0,DQN_RND,0.001,0.99,mountaincar,sparse
0,1496,-1.0,200,0.007326948922127485,-1.0,3.577866664272733e-05,0.0,DQN_RND,0.001,0.99,mountaincar,sparse
0,1497,-1.0,200,0.006409851368516684,-1.0,3.576739254640415e-05,0.0,DQN_RND,0.001,0.99,mountaincar,sparse
0,1498,-1.0,200,0.003660744521766901,-1.0,3.537117299856618e-05,0.0,DQN_RND,0.001,0.99,mountaincar,sparse
0,1499,-1.0,200,0.004575930070132017,-1.0,3.604768426157534e-05,0.0,DQN_RND,0.001,0.99,mountaincar,sparse
0,1500,-1.0,200,0.003661533584818244,-1.0,3.485666456981562e-05,0.0,DQN_RND,0.001,0.99,mountaincar,sparse
0,1501,-1.0,200,0.005490005016326904,-1.0,3.477280552033335e-05,0.0,DQN_RND,0.001,0.99,mountaincar,sparse
0,1502,-1.0,200,0.0018297749338671565,-1.0,3.4492786653572693e-05,0.0,DQN_RND,0.001,0.99,mountaincar,sparse
0,1503,-1.0,200,0.002747043501585722,-1.0,3.479544830042869e-05,0.0,DQN_RND,0.001,0.99,mountaincar,sparse
0,1504,-1.0,200,0.0036595812998712063,-1.0,3.491812458378263e-05,0.0,DQN_RND,0.001,0.99,mountaincar,sparse
0,1505,-1.0,200,0.006404843181371689,-1.0,3.559165634214878e-05,0.0,DQN_RND,0.001,0.99,mountaincar,sparse
0,1506,-1.0,200,0.009144937619566917,-1.0,3.6711557186208665e-05,0.0,DQN_RND,0.001,0.99,mountaincar,sparse
0,1507,-1.0,200,0.00640134047716856,-1.0,3.541138721629977e-05,0.0,DQN_RND,0.001,0.99,mountaincar,sparse
0,1508,-1.0,200,0.004572272766381502,-1.0,3.7155339668970555e-05,0.0,DQN_RND,0.001,0.99,mountaincar,sparse
0,1509,-1.0,200,0.003657000372186303,-1.0,3.434657264733687e-05,0.0,DQN_RND,0.001,0.99,mountaincar,sparse
0,1510,-1.0,200,0.007316572591662407,-1.0,3.405048482818529e-05,0.0,DQN_RND,0.001,0.99,mountaincar,sparse
0,1511,-1.0,200,0.0100572993978858,-1.0,3.481368548818864e-05,0.0,DQN_RND,0.001,0.99,mountaincar,sparse
0,1512,-1.0,200,0.0064001320861279964,-1.0,3.317605660413392e-05,0.0,DQN_RND,0.001,0.99,mountaincar,sparse
0,1513,-1.0,200,0.005485656205564737,-1.0,3.3007989259203896e-05,0.0,DQN_RND,0.001,0.99,mountaincar,sparse
0,1514,-1.0,200,0.008225555531680584,-1.0,3.3576663554413244e-05,0.0,DQN_RND,0.001,0.99,mountaincar,sparse
0,1515,-1.0,200,0.0036562439054250717,-1.0,3.6199689930072054e-05,0.0,DQN_RND,0.001,0.99,mountaincar,sparse
0,1516,-1.0,200,0.005483443383127451,-1.0,3.611208012443967e-05,0.0,DQN_RND,0.001,0.99,mountaincar,sparse
0,1517,-1.0,200,0.005481816828250885,-1.0,3.551936970325187e-05,0.0,DQN_RND,0.001,0.99,mountaincar,sparse
0,1518,-1.0,200,0.003654398489743471,-1.0,3.300721800769679e-05,0.0,DQN_RND,0.001,0.99,mountaincar,sparse
0,1519,-1.0,200,0.008222728967666626,-1.0,3.334232678753324e-05,0.0,DQN_RND,0.001,0.99,mountaincar,sparse
0,1520,-1.0,200,0.004568866454064846,-1.0,3.423535235924646e-05,0.0,DQN_RND,0.001,0.99,mountaincar,sparse
0,1521,-1.0,200,0.004569105338305235,-1.0,3.3827254810603335e-05,0.0,DQN_RND,0.001,0.99,mountaincar,sparse
0,1522,-1.0,200,0.0054834336042404175,-1.0,3.692625250550918e-05,0.0,DQN_RND,0.001,0.99,mountaincar,sparse
0,1523,-1.0,200,0.005482206586748362,-1.0,3.344497235957533e-05,0.0,DQN_RND,0.001,0.99,mountaincar,sparse
0,1524,-1.0,200,0.003655507694929838,-1.0,3.568144529708661e-05,0.0,DQN_RND,0.001,0.99,mountaincar,sparse
0,1525,-1.0,200,0.0009137954912148416,-1.0,3.578602627385408e-05,0.0,DQN_RND,0.001,0.99,mountaincar,sparse
0,1526,-1.0,200,0.0027405733708292246,-1.0,3.5084409319097176e-05,0.0,DQN_RND,0.001,0.99,mountaincar,sparse
0,1527,-1.0,200,0.009127655066549778,-1.0,3.402174115763046e-05,0.0,DQN_RND,0.001,0.99,mountaincar,sparse
0,1528,-1.0,200,0.0045686447992920876,-1.0,3.368444595253095e-05,0.0,DQN_RND,0.001,0.99,mountaincar,sparse
0,1529,-1.0,200,0.004566607065498829,-1.0,3.384311276022345e-05,0.0,DQN_RND,0.001,0.99,mountaincar,sparse
0,1530,-1.0,200,0.005479270126670599,-1.0,3.2675976399332285e-05,0.0,DQN_RND,0.001,0.99,mountaincar,sparse
0,1531,-1.0,200,0.0054771811701357365,-1.0,3.319080497021787e-05,0.0,DQN_RND,0.001,0.99,mountaincar,sparse
0,1532,-1.0,200,0.005475334357470274,-1.0,3.321712210890837e-05,0.0,DQN_RND,0.001,0.99,mountaincar,sparse
0,1533,-1.0,200,0.0027405109722167253,-1.0,3.4446176869096234e-05,0.0,DQN_RND,0.001,0.99,mountaincar,sparse
0,1534,-1.0,200,0.0073053864762187,-1.0,3.3358694054186344e-05,0.0,DQN_RND,0.001,0.99,mountaincar,sparse
0,1535,-1.0,200,0.008214730769395828,-1.0,3.3532807719893754e-05,0.0,DQN_RND,0.001,0.99,mountaincar,sparse
0,1536,-1.0,200,0.004566764459013939,-1.0,3.582381395972334e-05,0.0,DQN_RND,0.001,0.99,mountaincar,sparse
0,1537,-1.0,200,0.0045623136684298515,-1.0,3.442092565819621e-05,0.0,DQN_RND,0.001,0.99,mountaincar,sparse
0,1538,-1.0,200,0.0027391614858061075,-1.0,3.462672248133458e-05,0.0,DQN_RND,0.001,0.99,mountaincar,sparse
0,1539,-1.0,200,0.004560435190796852,-1.0,3.5022327210754156e-05,0.0,DQN_RND,0.001,0.99,mountaincar,sparse
0,1540,-1.0,200,0.0018282594392076135,-1.0,3.4261567634530365e-05,0.0,DQN_RND,0.001,0.99,mountaincar,sparse
0,1541,-1.0,200,0.004560213536024094,-1.0,3.612520231399685e-05,0.0,DQN_RND,0.001,0.99,mountaincar,sparse
0,1542,-1.0,200,0.008210433647036552,-1.0,3.589672996895388e-05,0.0,DQN_RND,0.001,0.99,mountaincar,sparse
0,1543,-1.0,200,0.004564398899674416,-1.0,3.642738374765031e-05,0.0,DQN_RND,0.001,0.99,mountaincar,sparse
0,1544,-1.0,200,0.009114295244216919,-1.0,3.60970116162207e-05,0.0,DQN_RND,0.001,0.99,mountaincar,sparse
0,1545,-1.0,200,0.002735917689278722,-1.0,3.756515434361063e-05,0.0,DQN_RND,0.001,0.99,mountaincar,sparse
0,1546,-1.0,200,0.005471811629831791,-1.0,3.510407259454951e-05,0.0,DQN_RND,0.001,0.99,mountaincar,sparse
0,1547,-1.0,200,0.006381448358297348,-1.0,3.667704731924459e-05,0.0,DQN_RND,0.001,0.99,mountaincar,sparse
0,1548,-1.0,200,0.003650692291557789,-1.0,3.6241704947315156e-05,0.0,DQN_RND,0.001,0.99,mountaincar,sparse
0,1549,-1.0,200,0.002736663445830345,-1.0,3.519195888657123e-05,0.0,DQN_RND,0.001,0.99,mountaincar,sparse
0,1550,-1.0,200,0.0018228847766295075,-1.0,3.54303811036516e-05,0.0,DQN_RND,0.001,0.99,mountaincar,sparse
0,1551,-1.0,200,0.0045637097209692,-1.0,3.6039149563293904e-05,0.0,DQN_RND,0.001,0.99,mountaincar,sparse
0,1552,-1.0,200,0.0045555271208286285,-1.0,3.463623579591513e-05,0.0,DQN_RND,0.001,0.99,mountaincar,sparse
0,1553,-1.0,200,0.004558419343084097,-1.0,3.5904762626159936e-05,0.0,DQN_RND,0.001,0.99,mountaincar,sparse
0,1554,-1.0,200,0.005470219999551773,-1.0,3.54064759449102e-05,0.0,DQN_RND,0.001,0.99,mountaincar,sparse
0,1555,-1.0,200,0.004558761138468981,-1.0,3.466388079687022e-05,0.0,DQN_RND,0.001,0.99,mountaincar,sparse
0,1556,-1.0,200,0.002734639449045062,-1.0,3.48864596162457e-05,0.0,DQN_RND,0.001,0.99,mountaincar,sparse
0,1557,-1.0,200,0.0009141662740148604,-1.0,3.479499719105661e-05,0.0,DQN_RND,0.001,0.99,mountaincar,sparse
0,1558,-1.0,200,0.005463361274451017,-1.0,3.440642831264995e-05,0.0,DQN_RND,0.001,0.99,mountaincar,sparse
0,1559,-1.0,200,0.0054700663313269615,-1.0,3.4023596526822075e-05,0.0,DQN_RND,0.001,0.99,mountaincar,sparse
0,1560,-1.0,200,0.002740016207098961,-1.0,3.3879892725963145e-05,0.0,DQN_RND,0.001,0.99,mountaincar,sparse
0,1561,-1.0,200,0.010020943358540535,-1.0,3.397963519091718e-05,0.0,DQN_RND,0.001,0.99,mountaincar,sparse
0,1562,-1.0,200,0.007290843408554792,-1.0,3.346701123518869e-05,0.0,DQN_RND,0.001,0.99,mountaincar,sparse
0,1563,-1.0,200,0.0036477833054959774,-1.0,3.346673111082055e-05,0.0,DQN_RND,0.001,0.99,mountaincar,sparse
0,1564,-1.0,200,0.00637316657230258,-1.0,3.4240627428516746e-05,0.0,DQN_RND,0.001,0.99,mountaincar,sparse
0,1565,-1.0,200,0.006381166633218527,-1.0,3.305930658825673e-05,0.0,DQN_RND,0.001,0.99,mountaincar,sparse
0,1566,-1.0,200,0.00820015650242567,-1.0,3.39554317179136e-05,0.0,DQN_RND,0.001,0.99,mountaincar,sparse
0,1567,-1.0,200,0.009105337783694267,-1.0,3.4922457416541874e-05,0.0,DQN_RND,0.001,0.99,mountaincar,sparse
0,1568,-1.0,200,0.0036432892084121704,-1.0,3.315724461572245e-05,0.0,DQN_RND,0.001,0.99,mountaincar,sparse
0,1569,-1.0,200,0.004550384823232889,-1.0,3.3282849472016096e-05,0.0,DQN_RND,0.001,0.99,mountaincar,sparse
0,1570,-1.0,200,0.00364383845590055,-1.0,3.3222218917217106e-05,0.0,DQN_RND,0.001,0.99,mountaincar,sparse
0,1571,-1.0,200,0.004554791375994682,-1.0,3.334801658638753e-05,0.0,DQN_RND,0.001,0.99,mountaincar,sparse
0,1572,-1.0,200,0.004551405552774668,-1.0,3.343886783113703e-05,0.0,DQN_RND,0.001,0.99,mountaincar,sparse
0,1573,-1.0,200,0.0027316513005644083,-1.0,3.296301292721182e-05,0.0,DQN_RND,0.001,0.99,mountaincar,sparse
0,1574,-1.0,200,0.003646284341812134,-1.0,3.296641807537526e-05,0.0,DQN_RND,0.001,0.99,mountaincar,sparse
0,1575,-1.0,200,0.0009118264424614608,-1.0,3.220646613044664e-05,0.0,DQN_RND,0.001,0.99,mountaincar,sparse
0,1576,-1.0,200,0.00636989064514637,-1.0,3.2801479392219335e-05,0.0,DQN_RND,0.001,0.99,mountaincar,sparse
0,1577,-1.0,200,0.0027342108078300953,-1.0,3.205988832633011e-05,0.0,DQN_RND,0.001,0.99,mountaincar,sparse
0,1578,-1.0,200,0.0027371016331017017,-1.0,3.198566264472902e-05,0.0,DQN_RND,0.001,0.99,mountaincar,sparse
0,1579,-1.0,200,0.0009145750082097948,-1.0,3.462132008280605e-05,0.0,DQN_RND,0.001,0.99,mountaincar,sparse
0,1580,-1.0,200,0.00727489311248064,-1.0,3.1922983907861635e-05,0.0,DQN_RND,0.001,0.99,mountaincar,sparse
0,1581,-1.0,200,0.0045481096021831036,-1.0,3.376999666215852e-05,0.0,DQN_RND,0.001,0.99,mountaincar,sparse
0,1582,-1.0,200,0.0036374006886035204,-1.0,3.214795287931338e-05,0.0,DQN_RND,0.001,0.99,mountaincar,sparse
0,1583,-1.0,200,0.007274830713868141,-1.0,3.1961288186721504e-05,0.0,DQN_RND,0.001,0.99,mountaincar,sparse
0,1584,-1.0,200,0.0036429830361157656,-1.0,3.2196519896388054e-05,0.0,DQN_RND,0.001,0.99,mountaincar,sparse
0,1585,-1.0,200,0.0009137801826000214,-1.0,3.4106695238733664e-05,0.0,DQN_RND,0.001,0.99,mountaincar,sparse
0,1586,-1.0,200,0.00728184636682272,-1.0,3.22062915074639e-05,0.0,DQN_RND,0.001,0.99,mountaincar,sparse
0,1587,-1.0,200,0.001825397601351142,-1.0,3.4979711927007884e-05,0.0,DQN_RND,0.001,0.99,mountaincar,sparse
0,1588,-1.0,200,0.004547828808426857,-1.0,3.2196596293943e-05,0.0,DQN_RND,0.001,0.99,mountaincar,sparse
0,1589,-1.0,200,0.0018214923329651356,-1.0,3.200930586899631e-05,0.0,DQN_RND,0.001,0.99,mountaincar,sparse
0,1590,-1.0,200,0.007276632823050022,-1.0,3.190764255123213e-05,0.0,DQN_RND,0.001,0.99,mountaincar,sparse
0,1591,-1.0,200,0.0045499056577682495,-1.0,3.176076279487461e-05,0.0,DQN_RND,0.001,0.99,mountaincar,sparse
0,1592,-1.0,200,0.0018212252762168646,-1.0,3.15796205541119e-05,0.0,DQN_RND,0.001,0.99,mountaincar,sparse
0,1593,-1.0,200,0.005457751452922821,-1.0,3.1987230613594875e-05,0.0,DQN_RND,0.001,0.99,mountaincar,sparse
0,1594,-1.0,200,0.0036377483047544956,-1.0,3.24716093018651e-05,0.0,DQN_RND,0.001,0.99,mountaincar,sparse
0,1595,-1.0,200,0.0036369457375258207,-1.0,3.2829211704665795e-05,0.0,DQN_RND,0.001,0.99,mountaincar,sparse
0,1596,-1.0,200,0.005454035475850105,-1.0,3.0425730074057356e-05,0.0,DQN_RND,0.001,0.99,mountaincar,sparse
0,1597,-1.0,200,0.0045518213883042336,-1.0,3.045109951926861e-05,0.0,DQN_RND,0.001,0.99,mountaincar,sparse
0,1598,-1.0,200,0.005456558894366026,-1.0,2.9770593755529262e-05,0.0,DQN_RND,0.001,0.99,mountaincar,sparse
0,1599,-1.0,200,0.005459509789943695,-1.0,3.156947423121892e-05,0.0,DQN_RND,0.001,0.99,mountaincar,sparse
0,1600,-1.0,200,0.0036368805449455976,-1.0,3.056667628698051e-05,0.0,DQN_RND,0.001,0.99,mountaincar,sparse
0,1601,-1.0,200,0.003639909904450178,-1.0,3.160704727633856e-05,0.0,DQN_RND,0.001,0.99,mountaincar,sparse
0,1602,-1.0,200,0.009090903215110302,-1.0,3.2048374123405665e-05,0.0,DQN_RND,0.001,0.99,mountaincar,sparse
0,1603,-1.0,200,0.003633866086602211,-1.0,3.1792904337635264e-05,0.0,DQN_RND,0.001,0.99,mountaincar,sparse
0,1604,-1.0,200,0.004548643250018358,-1.0,3.0115505069261417e-05,0.0,DQN_RND,0.001,0.99,mountaincar,sparse
0,1605,-1.0,200,0.0036369217559695244,-1.0,2.9770968467346393e-05,0.0,DQN_RND,0.001,0.99,mountaincar,sparse
0,1606,-1.0,200,0.002728136256337166,-1.0,3.003072015417274e-05,0.0,DQN_RND,0.001,0.99,mountaincar,sparse
0,1607,-1.0,200,0.003633104031905532,-1.0,3.0239381885621697e-05,0.0,DQN_RND,0.001,0.99,mountaincar,sparse
0,1608,-1.0,200,0.0054601519368588924,-1.0,3.034257679246366e-05,0.0,DQN_RND,0.001,0.99,mountaincar,sparse
0,1609,-1.0,200,0.007274262141436338,-1.0,2.9342299967538565e-05,0.0,DQN_RND,0.001,0.99,mountaincar,sparse
0,1610,-1.0,200,0.00545521778985858,-1.0,3.040567389689386e-05,0.0,DQN_RND,0.001,0.99,mountaincar,sparse
0,1611,-1.0,200,0.0063651264645159245,-1.0,2.9745349820586853e-05,0.0,DQN_RND,0.001,0.99,mountaincar,sparse
0,1612,-1.0,200,0.004548806697130203,-1.0,2.9823402655893005e-05,0.0,DQN_RND,0.001,0.99,mountaincar,sparse
0,1613,-1.0,200,0.006364925764501095,-1.0,3.029489380423911e-05,0.0,DQN_RND,0.001,0.99,mountaincar,sparse
0,1614,-1.0,200,0.0054510487243533134,-1.0,2.9896822525188327e-05,0.0,DQN_RND,0.001,0.99,mountaincar,sparse
0,1615,-1.0,200,0.006352612283080816,-1.0,2.997282899741549e-05,0.0,DQN_RND,0.001,0.99,mountaincar,sparse
0,1616,-1.0,200,0.001815882045775652,-1.0,2.9810829801135696e-05,0.0,DQN_RND,0.001,0.99,mountaincar,sparse
0,1617,-1.0,200,0.007271857000887394,-1.0,3.061521056224592e-05,0.0,DQN_RND,0.001,0.99,mountaincar,sparse
0,1618,-1.0,200,0.001816494157537818,-1.0,2.9868248020648025e-05,0.0,DQN_RND,0.001,0.99,mountaincar,sparse
0,1619,-1.0,200,0.004543466959148645,-1.0,2.9739776437054388e-05,0.0,DQN_RND,0.001,0.99,mountaincar,sparse
0,1620,-1.0,200,0.0009126139339059591,-1.0,3.107097654719837e-05,0.0,DQN_RND,0.001,0.99,mountaincar,sparse
0,1621,-1.0,200,0.006358896382153034,-1.0,3.20173567160964e-05,0.0,DQN_RND,0.001,0.99,mountaincar,sparse
0,1622,-1.0,200,0.0027285851538181305,-1.0,3.078268127865158e-05,0.0,DQN_RND,0.001,0.99,mountaincar,sparse
0,1623,-1.0,200,0.004539978224784136,-1.0,3.03960514429491e-05,0.0,DQN_RND,0.001,0.99,mountaincar,sparse
0,1624,-1.0,200,0.005450412631034851,-1.0,3.028738319699187e-05,0.0,DQN_RND,0.001,0.99,mountaincar,sparse
0,1625,-1.0,200,0.00545484758913517,-1.0,3.001201548613608e-05,0.0,DQN_RND,0.001,0.99,mountaincar,sparse
0,1626,-1.0,200,0.003633499378338456,-1.0,3.317258597235195e-05,0.0,DQN_RND,0.001,0.99,mountaincar,sparse
0,1627,-1.0,200,0.002726057544350624,-1.0,2.9688109862036072e-05,0.0,DQN_RND,0.001,0.99,mountaincar,sparse
0,1628,-1.0,200,0.0036305319517850876,-1.0,2.9700644518015906e-05,0.0,DQN_RND,0.001,0.99,mountaincar,sparse
0,1629,-1.0,200,0.0018204229418188334,-1.0,2.9862596420571208e-05,0.0,DQN_RND,0.001,0.99,mountaincar,sparse
0,1630,-1.0,200,0.0036321054212749004,-1.0,3.027147613465786e-05,0.0,DQN_RND,0.001,0.99,mountaincar,sparse
0,1631,-1.0,200,0.006356392987072468,-1.0,2.9426426408463158e-05,0.0,DQN_RND,0.001,0.99,mountaincar,sparse
0,1632,-1.0,200,0.009076396003365517,-1.0,2.9725117201451212e-05,0.0,DQN_RND,0.001,0.99,mountaincar,sparse
0,1633,-1.0,200,0.006362599320709705,-1.0,2.884130663005635e-05,0.0,DQN_RND,0.001,0.99,mountaincar,sparse
0,1634,-1.0,200,0.004542887676507235,-1.0,3.050547638849821e-05,0.0,DQN_RND,0.001,0.99,mountaincar,sparse
0,1635,-1.0,200,0.009079092182219028,-1.0,2.928827416326385e-05,0.0,DQN_RND,0.001,0.99,mountaincar,sparse
0,1636,-1.0,200,0.004539300687611103,-1.0,2.864808266167529e-05,0.0,DQN_RND,0.001,0.99,mountaincar,sparse
0,1637,-1.0,200,0.0063455430790781975,-1.0,3.092214319622144e-05,0.0,DQN_RND,0.001,0.99,mountaincar,sparse
0,1638,-1.0,200,0.005446630995720625,-1.0,2.9605191230075434e-05,0.0,DQN_RND,0.001,0.99,mountaincar,sparse
0,1639,-1.0,200,0.0018128063529729843,-1.0,2.9143686333554797e-05,0.0,DQN_RND,0.001,0.99,mountaincar,sparse
0,1640,-1.0,200,0.0054456815123558044,-1.0,2.9448530767695047e-05,0.0,DQN_RND,0.001,0.99,mountaincar,sparse
0,1641,-1.0,200,0.0045415256172418594,-1.0,3.029458639502991e-05,0.0,DQN_RND,0.001,0.99,mountaincar,sparse
0,1642,-1.0,200,0.005445518065243959,-1.0,2.8716220185742714e-05,0.0,DQN_RND,0.001,0.99,mountaincar,sparse
0,1643,-1.0,200,0.004535584710538387,-1.0,2.9315420761122368e-05,0.0,DQN_RND,0.001,0.99,mountaincar,sparse
0,1644,-1.0,200,0.004536308813840151,-1.0,2.9197863113950007e-05,0.0,DQN_RND,0.001,0.99,mountaincar,sparse
0,1645,-1.0,200,0.004538984503597021,-1.0,2.934550320787821e-05,0.0,DQN_RND,0.001,0.99,mountaincar,sparse
0,1646,-1.0,200,0.0027216244488954544,-1.0,3.2135423680301756e-05,0.0,DQN_RND,0.001,0.99,mountaincar,sparse
0,1647,-1.0,200,0.0018178720492869616,-1.0,2.8428094083210453e-05,0.0,DQN_RND,0.001,0.99,mountaincar,sparse
0,1648,-1.0,200,0.008170816116034985,-1.0,2.8486032533692196e-05,0.0,DQN_RND,0.001,0.99,mountaincar,sparse
0,1649,-1.0,200,0.003630187129601836,-1.0,2.8900523830088787e-05,0.0,DQN_RND,0.001,0.99,mountaincar,sparse
0,1650,-1.0,200,0.0018139934400096536,-1.0,2.9399026971077546e-05,0.0,DQN_RND,0.001,0.99,mountaincar,sparse
0,1651,-1.0,200,0.0018170616822317243,-1.0,3.195222234353423e-05,0.0,DQN_RND,0.001,0.99,mountaincar,sparse
0,1652,-1.0,200,0.007252946030348539,-1.0,2.9101029213052243e-05,0.0,DQN_RND,0.001,0.99,mountaincar,sparse
0,1653,-1.0,200,0.005441850051283836,-1.0,2.9121538318577223e-05,0.0,DQN_RND,0.001,0.99,mountaincar,sparse
0,1654,-1.0,200,0.005437946878373623,-1.0,3.013133755302988e-05,0.0,DQN_RND,0.001,0.99,mountaincar,sparse
0,1655,-1.0,200,0.004533104132860899,-1.0,2.9685608751606196e-05,0.0,DQN_RND,0.001,0.99,mountaincar,sparse
0,1656,-1.0,200,0.00453377328813076,-1.0,2.9664686735486612e-05,0.0,DQN_RND,0.001,0.99,mountaincar,sparse
0,1657,-1.0,200,0.0054387967102229595,-1.0,3.120551991742104e-05,0.0,DQN_RND,0.001,0.99,mountaincar,sparse
0,1658,-1.0,200,0.0009088792721740901,-1.0,2.9837472538929433e-05,0.0,DQN_RND,0.001,0.99,mountaincar,sparse
0,1659,-1.0,200,0.003627338446676731,-1.0,2.9968532544444315e-05,0.0,DQN_RND,0.001,0.99,mountaincar,sparse
0,1660,-1.0,200,0.008161275647580624,-1.0,3.000319338752888e-05,0.0,DQN_RND,0.001,0.99,mountaincar,sparse
0,1661,-1.0,200,0.006341281346976757,-1.0,3.274235132266767e-05,0.0,DQN_RND,0.001,0.99,mountaincar,sparse
0,1662,-1.0,200,0.0027218058239668608,-1.0,3.0297453122329898e-05,0.0,DQN_RND,0.001,0.99,mountaincar,sparse
0,1663,-1.0,200,0.006344958674162626,-1.0,3.1244431738741696e-05,0.0,DQN_RND,0.001,0.99,mountaincar,sparse
0,1664,-1.0,200,0.0036243093200027943,-1.0,2.9818265829817392e-05,0.0,DQN_RND,0.001,0.99,mountaincar,sparse
0,1665,-1.0,200,0.006344076246023178,-1.0,3.0235796657507308e-05,0.0,DQN_RND,0.001,0.99,mountaincar,sparse
0,1666,-1.0,200,0.004536566324532032,-1.0,3.055591878364794e-05,0.0,DQN_RND,0.001,0.99,mountaincar,sparse
0,1667,-1.0,200,0.005440569948405027,-1.0,2.9918368454673328e-05,0.0,DQN_RND,0.001,0.99,mountaincar,sparse
0,1668,-1.0,200,0.0018147772643715143,-1.0,3.153526267851703e-05,0.0,DQN_RND,0.001,0.99,mountaincar,sparse
0,1669,-1.0,200,0.006344289984554052,-1.0,3.133040445391089e-05,0.0,DQN_RND,0.001,0.99,mountaincar,sparse
0,1670,-1.0,200,0.0045313723385334015,-1.0,3.0301078368211165e-05,0.0,DQN_RND,0.001,0.99,mountaincar,sparse
0,1671,-1.0,200,0.0063421097584068775,-1.0,3.0090650398051366e-05,0.0,DQN_RND,0.001,0.99,mountaincar,sparse
0,1672,-1.0,200,0.002716025337576866,-1.0,3.123029455309734e-05,0.0,DQN_RND,0.001,0.99,mountaincar,sparse
0,1673,-1.0,200,0.0018123505869880319,-1.0,3.278238727943972e-05,0.0,DQN_RND,0.001,0.99,mountaincar,sparse
0,1674,-1.0,200,0.004531490616500378,-1.0,3.0151202736306004e-05,0.0,DQN_RND,0.001,0.99,mountaincar,sparse
0,1675,-1.0,200,0.006341597065329552,-1.0,2.976547330035828e-05,0.0,DQN_RND,0.001,0.99,mountaincar,sparse
0,1676,-1.0,200,0.0036228345707058907,-1.0,3.0589348170906305e-05,0.0,DQN_RND,0.001,0.99,mountaincar,sparse
0,1677,-1.0,200,0.0027198377065360546,-1.0,3.188530172337778e-05,0.0,DQN_RND,0.001,0.99,mountaincar,sparse
0,1678,-1.0,200,0.006340492982417345,-1.0,3.2781928894110024e-05,0.0,DQN_RND,0.001,0.99,mountaincar,sparse
0,1679,-1.0,200,1.0314780638509546e-06,-1.0,2.9511795219150372e-05,0.0,DQN_RND,0.001,0.99,mountaincar,sparse
0,1680,-1.0,200,0.004531022161245346,-1.0,2.9305636417120695e-05,0.0,DQN_RND,0.001,0.99,mountaincar,sparse
0,1681,-1.0,200,0.004526148084551096,-1.0,2.918843529187143e-05,0.0,DQN_RND,0.001,0.99,mountaincar,sparse
0,1682,-1.0,200,0.005429218057543039,-1.0,2.969482920889277e-05,0.0,DQN_RND,0.001,0.99,mountaincar,sparse
0,1683,-1.0,200,0.0009046904742717743,-1.0,3.21354964398779e-05,0.0,DQN_RND,0.001,0.99,mountaincar,sparse
0,1684,-1.0,200,0.006339924409985542,-1.0,2.9291109967743978e-05,0.0,DQN_RND,0.001,0.99,mountaincar,sparse
0,1685,-1.0,200,0.006336517632007599,-1.0,3.105391806457192e-05,0.0,DQN_RND,0.001,0.99,mountaincar,sparse
0,1686,-1.0,200,0.002717540832236409,-1.0,3.255319825257175e-05,0.0,DQN_RND,0.001,0.99,mountaincar,sparse
0,1687,-1.0,200,0.0018121550092473626,-1.0,3.0300554499262944e-05,0.0,DQN_RND,0.001,0.99,mountaincar,sparse
0,1688,-1.0,200,0.004526135511696339,-1.0,2.97257265629014e-05,0.0,DQN_RND,0.001,0.99,mountaincar,sparse
0,1689,-1.0,200,0.006333350669592619,-1.0,2.8853488402091898e-05,0.0,DQN_RND,0.001,0.99,mountaincar,sparse
0,1690,-1.0,200,0.00452525494620204,-1.0,2.8649383239098825e-05,0.0,DQN_RND,0.001,0.99,mountaincar,sparse
0,1691,-1.0,200,0.007240737788379192,-1.0,2.857065737771336e-05,0.0,DQN_RND,0.001,0.99,mountaincar,sparse
0,1692,-1.0,200,0.003621090902015567,-1.0,3.013354398717638e-05,0.0,DQN_RND,0.001,0.99,mountaincar,sparse
0,1693,-1.0,200,0.0063364203087985516,-1.0,2.957478864118457e-05,0.0,DQN_RND,0.001,0.99,mountaincar,sparse
0,1694,-1.0,200,0.004526282195001841,-1.0,2.857529034372419e-05,0.0,DQN_RND,0.001,0.99,mountaincar,sparse
0,1695,-1.0,200,0.0027113158721476793,-1.0,2.8879316232632846e-05,0.0,DQN_RND,0.001,0.99,mountaincar,sparse
0,1696,-1.0,200,0.007237996906042099,-1.0,2.897571903304197e-05,0.0,DQN_RND,0.001,0.99,mountaincar,sparse
0,1697,-1.0,200,0.002715678885579109,-1.0,2.9053398975520395e-05,0.0,DQN_RND,0.001,0.99,mountaincar,sparse
0,1698,-1.0,200,0.006332045421004295,-1.0,3.01378113363171e-05,0.0,DQN_RND,0.001,0.99,mountaincar,sparse
0,1699,-1.0,200,0.004524086602032185,-1.0,2.9143686333554797e-05,0.0,DQN_RND,0.001,0.99,mountaincar,sparse
0,1700,-1.0,200,0.004522700794041157,-1.0,2.8798078346881084e-05,0.0,DQN_RND,0.001,0.99,mountaincar,sparse
0,1701,-1.0,200,0.0027116183191537857,-1.0,3.241537342546508e-05,0.0,DQN_RND,0.001,0.99,mountaincar,sparse
0,1702,-1.0,200,0.0036172750405967236,-1.0,2.9166696549509652e-05,0.0,DQN_RND,0.001,0.99,mountaincar,sparse
0,1703,-1.0,200,0.003615931374952197,-1.0,2.982080332003534e-05,0.0,DQN_RND,0.001,0.99,mountaincar,sparse
0,1704,-1.0,200,0.0027116716373711824,-1.0,2.883610432036221e-05,0.0,DQN_RND,0.001,0.99,mountaincar,sparse
0,1705,-1.0,200,0.00632517458871007,-1.0,2.9745340725639835e-05,0.0,DQN_RND,0.001,0.99,mountaincar,sparse
0,1706,-1.0,200,0.005421409383416176,-1.0,2.990534449054394e-05,0.0,DQN_RND,0.001,0.99,mountaincar,sparse
0,1707,-1.0,200,0.008137441240251064,-1.0,2.9325792638701387e-05,0.0,DQN_RND,0.001,0.99,mountaincar,sparse
0,1708,-1.0,200,0.009038295596837997,-1.0,2.8822661988670006e-05,0.0,DQN_RND,0.001,0.99,mountaincar,sparse
0,1709,-1.0,200,0.0036144834011793137,-1.0,2.9261171221151017e-05,0.0,DQN_RND,0.001,0.99,mountaincar,sparse
0,1710,-1.0,200,0.003615024732425809,-1.0,2.955914351332467e-05,0.0,DQN_RND,0.001,0.99,mountaincar,sparse
0,1711,-1.0,200,0.005421607755124569,-1.0,2.9695545890717767e-05,0.0,DQN_RND,0.001,0.99,mountaincar,sparse
0,1712,-1.0,200,0.00993823166936636,-1.0,3.0906627216609195e-05,0.0,DQN_RND,0.001,0.99,mountaincar,sparse
0,1713,-1.0,200,0.00813016202300787,-1.0,3.036760608665645e-05,0.0,DQN_RND,0.001,0.99,mountaincar,sparse
0,1714,-1.0,200,0.003613955806940794,-1.0,3.069023659918457e-05,0.0,DQN_RND,0.001,0.99,mountaincar,sparse
0,1715,-1.0,200,0.001807046472094953,-1.0,3.0199362299754284e-05,0.0,DQN_RND,0.001,0.99,mountaincar,sparse
0,1716,-1.0,200,0.004516863264143467,-1.0,3.186193134752102e-05,0.0,DQN_RND,0.001,0.99,mountaincar,sparse
0,1717,-1.0,200,0.002709598746150732,-1.0,3.0412244086619467e-05,0.0,DQN_RND,0.001,0.99,mountaincar,sparse
0,1718,-1.0,200,0.006322518922388554,-1.0,3.2339197787223384e-05,0.0,DQN_RND,0.001,0.99,mountaincar,sparse
0,1719,-1.0,200,0.0027090678922832012,-1.0,3.10363138851244e-05,0.0,DQN_RND,0.001,0.99,mountaincar,sparse
0,1720,-1.0,200,0.009933317080140114,-1.0,3.156335515086539e-05,0.0,DQN_RND,0.001,0.99,mountaincar,sparse
0,1721,-1.0,200,0.0045150285586714745,-1.0,3.219827340217307e-05,0.0,DQN_RND,0.001,0.99,mountaincar,sparse
0,1722,-1.0,200,0.0018053107196465135,-1.0,3.096873842878267e-05,0.0,DQN_RND,0.001,0.99,mountaincar,sparse
0,1723,-1.0,200,0.004517467226833105,-1.0,3.123713759123348e-05,0.0,DQN_RND,0.001,0.99,mountaincar,sparse
0,1724,-1.0,200,0.0027090138755738735,-1.0,3.0538973078364506e-05,0.0,DQN_RND,0.001,0.99,mountaincar,sparse
0,1725,-1.0,200,0.00812214519828558,-1.0,2.9787159292027354e-05,0.0,DQN_RND,0.001,0.99,mountaincar,sparse
0,1726,-1.0,200,0.007220956962555647,-1.0,3.0442299248534255e-05,0.0,DQN_RND,0.001,0.99,mountaincar,sparse
0,1727,-1.0,200,0.006316844839602709,-1.0,3.222685700166039e-05,0.0,DQN_RND,0.001,0.99,mountaincar,sparse
0,1728,-1.0,200,0.00360891199670732,-1.0,3.024155921593774e-05,0.0,DQN_RND,0.001,0.99,mountaincar,sparse
0,1729,-1.0,200,0.006317423190921545,-1.0,3.0097278795437887e-05,0.0,DQN_RND,0.001,0.99,mountaincar,sparse
0,1730,-1.0,200,0.005414029583334923,-1.0,3.141551133012399e-05,0.0,DQN_RND,0.001,0.99,mountaincar,sparse
0,1731,-1.0,200,0.004509490914642811,-1.0,2.9440399885061197e-05,0.0,DQN_RND,0.001,0.99,mountaincar,sparse
0,1732,-1.0,200,0.0072159054689109325,-1.0,2.923718056990765e-05,0.0,DQN_RND,0.001,0.99,mountaincar,sparse
0,1733,-1.0,200,0.0063116722740232944,-1.0,2.8661344913416542e-05,0.0,DQN_RND,0.001,0.99,mountaincar,sparse
0,1734,-1.0,200,0.0018047913908958435,-1.0,3.22516898449976e-05,0.0,DQN_RND,0.001,0.99,mountaincar,sparse
0,1735,-1.0,200,0.008114011958241463,-1.0,3.1065002985997126e-05,0.0,DQN_RND,0.001,0.99,mountaincar,sparse
0,1736,-1.0,200,0.007214127108454704,-1.0,2.954989395220764e-05,0.0,DQN_RND,0.001,0.99,mountaincar,sparse
0,1737,-1.0,200,0.0054069808684289455,-1.0,3.0239283660193905e-05,0.0,DQN_RND,0.001,0.99,mountaincar,sparse
0,1738,-1.0,200,0.0054082851856946945,-1.0,3.442197339609265e-05,0.0,DQN_RND,0.001,0.99,mountaincar,sparse
0,1739,-1.0,200,0.004508692771196365,-1.0,3.19325081363786e-05,0.0,DQN_RND,0.001,0.99,mountaincar,sparse
0,1740,-1.0,200,0.002704737475141883,-1.0,2.9198381525930017e-05,0.0,DQN_RND,0.001,0.99,mountaincar,sparse
0,1741,-1.0,200,0.003603914752602577,-1.0,2.956153366540093e-05,0.0,DQN_RND,0.001,0.99,mountaincar,sparse
0,1742,-1.0,200,0.004507538862526417,-1.0,2.6995534426532686e-05,0.0,DQN_RND,0.001,0.99,mountaincar,sparse
0,1743,-1.0,200,0.002702530240640044,-1.0,2.6543719286564738e-05,0.0,DQN_RND,0.001,0.99,mountaincar,sparse
0,1744,-1.0,200,0.0009010630310513079,-1.0,2.7274132662569173e-05,0.0,DQN_RND,0.001,0.99,mountaincar,sparse
0,1745,-1.0,200,0.006307403091341257,-1.0,3.083389310631901e-05,0.0,DQN_RND,0.001,0.99,mountaincar,sparse
0,1746,-1.0,200,0.005405924282968044,-1.0,2.7547830541152507e-05,0.0,DQN_RND,0.001,0.99,mountaincar,sparse
0,1747,-1.0,200,0.003603274468332529,-1.0,3.421165092731826e-05,0.0,DQN_RND,0.001,0.99,mountaincar,sparse
0,1748,-1.0,200,0.005404213443398476,-1.0,2.626877903821878e-05,0.0,DQN_RND,0.001,0.99,mountaincar,sparse
0,1749,-1.0,200,0.003604450263082981,-1.0,3.0222026907722466e-05,0.0,DQN_RND,0.001,0.99,mountaincar,sparse
0,1750,-1.0,200,0.0018012095242738724,-1.0,3.159176776534878e-05,0.0,DQN_RND,0.001,0.99,mountaincar,sparse
0,1751,-1.0,200,0.00360272079706192,-1.0,3.165577072650194e-05,0.0,DQN_RND,0.001,0.99,mountaincar,sparse
0,1752,-1.0,200,0.006303871516138315,-1.0,3.336178997415118e-05,0.0,DQN_RND,0.001,0.99,mountaincar,sparse
0,1753,-1.0,200,0.008110079914331436,-1.0,3.61185084329918e-05,0.0,DQN_RND,0.001,0.99,mountaincar,sparse
0,1754,-1.0,200,0.004504987504333258,-1.0,3.355455191922374e-05,0.0,DQN_RND,0.001,0.99,mountaincar,sparse
0,1755,-1.0,200,0.004504220560193062,-1.0,2.870875505323056e-05,0.0,DQN_RND,0.001,0.99,mountaincar,sparse
0,1756,-1.0,200,0.005404285620898008,-1.0,3.0290309950942174e-05,0.0,DQN_RND,0.001,0.99,mountaincar,sparse
0,1757,-1.0,200,0.005403818096965551,-1.0,3.580064731067978e-05,0.0,DQN_RND,0.001,0.99,mountaincar,sparse
0,1758,-1.0,200,0.002701130695641041,-1.0,2.6385054297861643e-05,0.0,DQN_RND,0.001,0.99,mountaincar,sparse
0,1759,-1.0,200,0.0063027022406458855,-1.0,3.30292277794797e-05,0.0,DQN_RND,0.001,0.99,mountaincar,sparse
0,1760,-1.0,200,0.005404348019510508,-1.0,2.5985234969994053e-05,0.0,DQN_RND,0.001,0.99,mountaincar,sparse
0,1761,-1.0,200,0.007202236447483301,-1.0,3.487248977762647e-05,0.0,DQN_RND,0.001,0.99,mountaincar,sparse
0,1762,-1.0,200,0.0072013637982308865,-1.0,3.4264819987583905e-05,0.0,DQN_RND,0.001,0.99,mountaincar,sparse
0,1763,-1.0,200,0.0009010847425088286,-1.0,2.8303387807682157e-05,0.0,DQN_RND,0.001,0.99,mountaincar,sparse
0,1764,-1.0,200,0.0027003875002264977,-1.0,2.5400451704626903e-05,0.0,DQN_RND,0.001,0.99,mountaincar,sparse
0,1765,-1.0,200,0.006304088048636913,-1.0,2.6984818759956397e-05,0.0,DQN_RND,0.001,0.99,mountaincar,sparse
0,1766,-1.0,200,0.007200560066848993,-1.0,2.5889810785884038e-05,0.0,DQN_RND,0.001,0.99,mountaincar,sparse
0,1767,-1.0,200,0.003599745687097311,-1.0,3.489268056000583e-05,0.0,DQN_RND,0.001,0.99,mountaincar,sparse
0,1768,-1.0,200,0.0053976732306182384,-1.0,2.6070534659083933e-05,0.0,DQN_RND,0.001,0.99,mountaincar,sparse
0,1769,-1.0,200,0.0036012413911521435,-1.0,3.5562243283493444e-05,0.0,DQN_RND,0.001,0.99,mountaincar,sparse
0,1770,-1.0,200,0.0027007004246115685,-1.0,3.4538730687927455e-05,0.0,DQN_RND,0.001,0.99,mountaincar,sparse
0,1771,-1.0,200,0.0035998818930238485,-1.0,3.488140646368265e-05,0.0,DQN_RND,0.001,0.99,mountaincar,sparse
0,1772,-1.0,200,0.005396123509854078,-1.0,3.404429662623443e-05,0.0,DQN_RND,0.001,0.99,mountaincar,sparse
0,1773,-1.0,200,0.0026986123993992805,-1.0,2.5543151423335075e-05,0.0,DQN_RND,0.001,0.99,mountaincar,sparse
0,1774,-1.0,200,0.0035977507941424847,-1.0,2.6132182028959505e-05,0.0,DQN_RND,0.001,0.99,mountaincar,sparse
0,1775,-1.0,200,0.003598256967961788,-1.0,2.6060810341732576e-05,0.0,DQN_RND,0.001,0.99,mountaincar,sparse
0,1776,-1.0,200,0.006298343650996685,-1.0,3.087132063228637e-05,0.0,DQN_RND,0.001,0.99,mountaincar,sparse
0,1777,-1.0,200,0.005400777794420719,-1.0,2.6117439119843766e-05,0.0,DQN_RND,0.001,0.99,mountaincar,sparse
0,1778,-1.0,200,0.0035967440344393253,-1.0,2.7963342290604487e-05,0.0,DQN_RND,0.001,0.99,mountaincar,sparse
0,1779,-1.0,200,0.0035966599825769663,-1.0,2.5825869670370594e-05,0.0,DQN_RND,0.001,0.99,mountaincar,sparse
0,1780,-1.0,200,0.006293748039752245,-1.0,3.4992630389751866e-05,0.0,DQN_RND,0.001,0.99,mountaincar,sparse
0,1781,-1.0,200,0.006300480104982853,-1.0,3.598004695959389e-05,0.0,DQN_RND,0.001,0.99,mountaincar,sparse
0,1782,-1.0,200,0.0035979924723505974,-1.0,3.158050822094083e-05,0.0,DQN_RND,0.001,0.99,mountaincar,sparse
0,1783,-1.0,200,0.0053948345594108105,-1.0,3.451973680057563e-05,0.0,DQN_RND,0.001,0.99,mountaincar,sparse
0,1784,-1.0,200,0.004495841450989246,-1.0,3.3883308788063005e-05,0.0,DQN_RND,0.001,0.99,mountaincar,sparse
0,1785,-1.0,200,0.007193439174443483,-1.0,2.527470678614918e-05,0.0,DQN_RND,0.001,0.99,mountaincar,sparse
0,1786,-1.0,200,0.008092067204415798,-1.0,3.539287718012929e-05,0.0,DQN_RND,0.001,0.99,mountaincar,sparse
0,1787,-1.0,200,0.007191474083811045,-1.0,3.0235391022870317e-05,0.0,DQN_RND,0.001,0.99,mountaincar,sparse
0,1788,-1.0,200,0.004494117107242346,-1.0,2.5536533939884976e-05,0.0,DQN_RND,0.001,0.99,mountaincar,sparse
0,1789,-1.0,200,0.006295339670032263,-1.0,3.5129756724927574e-05,0.0,DQN_RND,0.001,0.99,mountaincar,sparse
0,1790,-1.0,200,0.001800239086151123,-1.0,2.6202698791166767e-05,0.0,DQN_RND,0.001,0.99,mountaincar,sparse
0,1791,-1.0,200,0.004496696405112743,-1.0,2.5941350031644106e-05,0.0,DQN_RND,0.001,0.99,mountaincar,sparse
0,1792,-1.0,200,0.0009012128575704992,-1.0,2.962826874863822e-05,0.0,DQN_RND,0.001,0.99,mountaincar,sparse
0,1793,-1.0,200,0.005392226856201887,-1.0,3.4791137295542285e-05,0.0,DQN_RND,0.001,0.99,mountaincar,sparse
0,1794,-1.0,200,0.00808825995773077,-1.0,2.944848165498115e-05,0.0,DQN_RND,0.001,0.99,mountaincar,sparse
0,1795,-1.0,200,0.005398180801421404,-1.0,2.481343108229339e-05,0.0,DQN_RND,0.001,0.99,mountaincar,sparse
0,1796,-1.0,200,0.004493988584727049,-1.0,3.387761898920871e-05,0.0,DQN_RND,0.001,0.99,mountaincar,sparse
0,1797,-1.0,200,0.005387700162827969,-1.0,3.081135218963027e-05,0.0,DQN_RND,0.001,0.99,mountaincar,sparse
0,1798,-1.0,200,0.0017970044864341617,-1.0,2.691788540687412e-05,0.0,DQN_RND,0.001,0.99,mountaincar,sparse
0,1799,-1.0,200,0.002698715543374419,-1.0,3.464035762590356e-05,0.0,DQN_RND,0.001,0.99,mountaincar,sparse
0,1800,-1.0,200,0.006294078193604946,-1.0,2.4910541469580494e-05,0.0,DQN_RND,0.001,0.99,mountaincar,sparse
0,1801,-1.0,200,0.0017970232293009758,-1.0,2.4569799279561266e-05,0.0,DQN_RND,0.001,0.99,mountaincar,sparse
0,1802,-1.0,200,0.005395515821874142,-1.0,2.6406574761494994e-05,0.0,DQN_RND,0.001,0.99,mountaincar,sparse
0,1803,-1.0,200,0.006287721451371908,-1.0,2.8490900149336085e-05,0.0,DQN_RND,0.001,0.99,mountaincar,sparse
0,1804,-1.0,200,0.0026939124800264835,-1.0,2.4964954718598165e-05,0.0,DQN_RND,0.001,0.99,mountaincar,sparse
0,1805,-1.0,200,0.007183273788541555,-1.0,2.5598066713428125e-05,0.0,DQN_RND,0.001,0.99,mountaincar,sparse
0,1806,-1.0,200,0.0035954422783106565,-1.0,3.3809868909884244e-05,0.0,DQN_RND,0.001,0.99,mountaincar,sparse
0,1807,-1.0,200,0.0026926498394459486,-1.0,3.382712020538747e-05,0.0,DQN_RND,0.001,0.99,mountaincar,sparse
0,1808,-1.0,200,0.004489900544285774,-1.0,2.364655665587634e-05,0.0,DQN_RND,0.001,0.99,mountaincar,sparse
0,1809,-1.0,200,0.002695417031645775,-1.0,2.645074164320249e-05,0.0,DQN_RND,0.001,0.99,mountaincar,sparse
0,1810,-1.0,200,0.0026930056046694517,-1.0,3.272802860010415e-05,0.0,DQN_RND,0.001,0.99,mountaincar,sparse
0,1811,-1.0,200,0.0044897994957864285,-1.0,2.7135534764965996e-05,0.0,DQN_RND,0.001,0.99,mountaincar,sparse
0,1812,-1.0,200,0.003589413594454527,-1.0,2.7283527742838487e-05,0.0,DQN_RND,0.001,0.99,mountaincar,sparse
0,1813,-1.0,200,0.0017954632639884949,-1.0,3.379604095243849e-05,0.0,DQN_RND,0.001,0.99,mountaincar,sparse
0,1814,-1.0,200,0.008082367479801178,-1.0,2.4416352971456945e-05,0.0,DQN_RND,0.001,0.99,mountaincar,sparse
0,1815,-1.0,200,0.002695116912946105,-1.0,2.3809705453459173e-05,0.0,DQN_RND,0.001,0.99,mountaincar,sparse
0,1816,-1.0,200,0.004489068407565355,-1.0,2.445241443638224e-05,0.0,DQN_RND,0.001,0.99,mountaincar,sparse
0,1817,-1.0,200,0.0071899425238370895,-1.0,2.4011136702029034e-05,0.0,DQN_RND,0.001,0.99,mountaincar,sparse
0,1818,-1.0,200,0.004495369736105204,-1.0,2.6353614885010757e-05,0.0,DQN_RND,0.001,0.99,mountaincar,sparse
0,1819,-1.0,200,0.0044869245029985905,-1.0,2.678800592548214e-05,0.0,DQN_RND,0.001,0.99,mountaincar,sparse
0,1820,-1.0,200,0.004494394175708294,-1.0,3.2279840525006875e-05,0.0,DQN_RND,0.001,0.99,mountaincar,sparse
0,1821,-1.0,200,0.003587731160223484,-1.0,2.9840464776498266e-05,0.0,DQN_RND,0.001,0.99,mountaincar,sparse
0,1822,-1.0,200,0.005384591408073902,-1.0,3.2676452974556014e-05,0.0,DQN_RND,0.001,0.99,mountaincar,sparse
0,1823,-1.0,200,0.002692913170903921,-1.0,3.248433495173231e-05,0.0,DQN_RND,0.001,0.99,mountaincar,sparse
0,1824,-1.0,200,0.003587250830605626,-1.0,3.209638816770166e-05,0.0,DQN_RND,0.001,0.99,mountaincar,sparse
0,1825,-1.0,200,0.0044863587245345116,-1.0,2.647621658979915e-05,0.0,DQN_RND,0.001,0.99,mountaincar,sparse
0,1826,-1.0,200,0.005389687139540911,-1.0,2.386344385740813e-05,0.0,DQN_RND,0.001,0.99,mountaincar,sparse
0,1827,-1.0,200,0.0026906949933618307,-1.0,2.9431144866975956e-05,0.0,DQN_RND,0.001,0.99,mountaincar,sparse
0,1828,-1.0,200,0.005384046118706465,-1.0,2.554831917223055e-05,0.0,DQN_RND,0.001,0.99,mountaincar,sparse
0,1829,-1.0,200,0.00448610819876194,-1.0,2.5327704861410893e-05,0.0,DQN_RND,0.001,0.99,mountaincar,sparse
0,1830,-1.0,200,0.0053896852768957615,-1.0,2.7093714379589073e-05,0.0,DQN_RND,0.001,0.99,mountaincar,sparse
0,1831,-1.0,200,0.008076980710029602,-1.0,2.359639802307356e-05,0.0,DQN_RND,0.001,0.99,mountaincar,sparse
0,1832,-1.0,200,0.009875062853097916,-1.0,2.568255331425462e-05,0.0,DQN_RND,0.001,0.99,mountaincar,sparse
0,1833,-1.0,200,0.003587620798498392,-1.0,2.5160416043945588e-05,0.0,DQN_RND,0.001,0.99,mountaincar,sparse
0,1834,-1.0,200,0.005379959009587765,-1.0,2.3904100089566782e-05,0.0,DQN_RND,0.001,0.99,mountaincar,sparse
0,1835,-1.0,200,0.0017945804866030812,-1.0,2.518680594221223e-05,0.0,DQN_RND,0.001,0.99,mountaincar,sparse
0,1836,-1.0,200,0.003589141648262739,-1.0,2.910160219471436e-05,0.0,DQN_RND,0.001,0.99,mountaincar,sparse
0,1837,-1.0,200,0.002692237962037325,-1.0,2.4412511265836656e-05,0.0,DQN_RND,0.001,0.99,mountaincar,sparse
0,1838,-1.0,200,0.005380932707339525,-1.0,2.8422980903997086e-05,0.0,DQN_RND,0.001,0.99,mountaincar,sparse
0,1839,-1.0,200,0.00358749832957983,-1.0,2.3311435143114068e-05,0.0,DQN_RND,0.001,0.99,mountaincar,sparse
0,1840,-1.0,200,0.0017939424142241478,-1.0,2.6930398234981112e-05,0.0,DQN_RND,0.001,0.99,mountaincar,sparse
0,1841,-1.0,200,0.004486065357923508,-1.0,2.4178796593332663e-05,0.0,DQN_RND,0.001,0.99,mountaincar,sparse
0,1842,-1.0,200,0.005380899179726839,-1.0,2.4964312615338713e-05,0.0,DQN_RND,0.001,0.99,mountaincar,sparse
0,1843,-1.0,200,0.0035854531452059746,-1.0,2.721507007663604e-05,0.0,DQN_RND,0.001,0.99,mountaincar,sparse
0,1844,-1.0,200,0.005375831853598356,-1.0,2.7038327971240506e-05,0.0,DQN_RND,0.001,0.99,mountaincar,sparse
0,1845,-1.0,200,0.0017949002794921398,-1.0,2.8821565138059668e-05,0.0,DQN_RND,0.001,0.99,mountaincar,sparse
0,1846,-1.0,200,0.0071709044277668,-1.0,2.2946775061427616e-05,0.0,DQN_RND,0.001,0.99,mountaincar,sparse
0,1847,-1.0,200,0.0053795864805579185,-1.0,2.883860724978149e-05,0.0,DQN_RND,0.001,0.99,mountaincar,sparse
0,1848,-1.0,200,0.004480724688619375,-1.0,2.6670466468203813e-05,0.0,DQN_RND,0.001,0.99,mountaincar,sparse
0,1849,-1.0,200,0.00269143539480865,-1.0,2.7992216928396374e-05,0.0,DQN_RND,0.001,0.99,mountaincar,sparse
0,1850,-1.0,200,0.00896225031465292,-1.0,2.3248438083101064e-05,0.0,DQN_RND,0.001,0.99,mountaincar,sparse
0,1851,-1.0,200,0.008069092407822609,-1.0,3.0225359296309762e-05,0.0,DQN_RND,0.001,0.99,mountaincar,sparse
0,1852,-1.0,200,0.0026878314092755318,-1.0,2.6037801944767125e-05,0.0,DQN_RND,0.001,0.99,mountaincar,sparse
0,1853,-1.0,200,0.006269377190619707,-1.0,2.5956671379390173e-05,0.0,DQN_RND,0.001,0.99,mountaincar,sparse
0,1854,-1.0,200,0.003582112956792116,-1.0,2.905664405261632e-05,0.0,DQN_RND,0.001,0.99,mountaincar,sparse
0,1855,-1.0,200,0.002685781568288803,-1.0,2.5462064513703808e-05,0.0,DQN_RND,0.001,0.99,mountaincar,sparse
0,1856,-1.0,200,0.002691614907234907,-1.0,2.8870037567685358e-05,0.0,DQN_RND,0.001,0.99,mountaincar,sparse
0,1857,-1.0,200,0.0035829390399158,-1.0,2.278646206832491e-05,0.0,DQN_RND,0.001,0.99,mountaincar,sparse
0,1858,-1.0,200,0.0044797915033996105,-1.0,2.302747634530533e-05,0.0,DQN_RND,0.001,0.99,mountaincar,sparse
0,1859,-1.0,200,0.006273449398577213,-1.0,2.850405144272372e-05,0.0,DQN_RND,0.001,0.99,mountaincar,sparse
0,1860,-1.0,200,0.003583483397960663,-1.0,2.4371189283556305e-05,0.0,DQN_RND,0.001,0.99,mountaincar,sparse
0,1861,-1.0,200,0.00447644479572773,-1.0,2.870640491892118e-05,0.0,DQN_RND,0.001,0.99,mountaincar,sparse
0,1862,-1.0,200,0.004476264584809542,-1.0,2.6445612093084492e-05,0.0,DQN_RND,0.001,0.99,mountaincar,sparse
0,1863,-1.0,200,0.005372878164052963,-1.0,2.3672480892855674e-05,0.0,DQN_RND,0.001,0.99,mountaincar,sparse
0,1864,-1.0,200,0.006268649827688932,-1.0,2.3953014533617534e-05,0.0,DQN_RND,0.001,0.99,mountaincar,sparse
0,1865,-1.0,200,0.0035792451817542315,-1.0,2.441922333673574e-05,0.0,DQN_RND,0.001,0.99,mountaincar,sparse
0,1866,-1.0,200,0.003583853133022785,-1.0,2.721786222537048e-05,0.0,DQN_RND,0.001,0.99,mountaincar,sparse
0,1867,-1.0,200,0.002685598097741604,-1.0,2.6691972379921935e-05,0.0,DQN_RND,0.001,0.99,mountaincar,sparse
0,1868,-1.0,200,0.0026894048787653446,-1.0,2.4540928279748186e-05,0.0,DQN_RND,0.001,0.99,mountaincar,sparse
0,1869,-1.0,200,0.0017934072529897094,-1.0,2.3666929337196052e-05,0.0,DQN_RND,0.001,0.99,mountaincar,sparse
0,1870,-1.0,200,0.00447671627625823,-1.0,2.413906986475922e-05,0.0,DQN_RND,0.001,0.99,mountaincar,sparse
0,1871,-1.0,200,0.0026856577023863792,-1.0,2.4705288524273783e-05,0.0,DQN_RND,0.001,0.99,mountaincar,sparse
0,1872,-1.0,200,0.008053328841924667,-1.0,2.3906688511488028e-05,0.0,DQN_RND,0.001,0.99,mountaincar,sparse
0,1873,-1.0,200,0.0035789236426353455,-1.0,2.361843507969752e-05,0.0,DQN_RND,0.001,0.99,mountaincar,sparse
0,1874,-1.0,200,0.00805484689772129,-1.0,2.3077212972566485e-05,0.0,DQN_RND,0.001,0.99,mountaincar,sparse
0,1875,-1.0,200,0.0017909918678924441,-1.0,2.331989526282996e-05,0.0,DQN_RND,0.001,0.99,mountaincar,sparse
0,1876,-1.0,200,0.00894853100180626,-1.0,2.2159349100547843e-05,0.0,DQN_RND,0.001,0.99,mountaincar,sparse
0,1877,-1.0,200,0.003581555560231209,-1.0,2.4590883185737766e-05,0.0,DQN_RND,0.001,0.99,mountaincar,sparse
0,1878,-1.0,200,0.0017891833558678627,-1.0,2.5675375582068227e-05,0.0,DQN_RND,0.001,0.99,mountaincar,sparse
0,1879,-1.0,200,0.002684134291484952,-1.0,2.332869371457491e-05,0.0,DQN_RND,0.001,0.99,mountaincar,sparse
0,1880,-1.0,200,0.0035780968610197306,-1.0,2.6409274141769856e-05,0.0,DQN_RND,0.001,0.99,mountaincar,sparse
0,1881,-1.0,200,0.004472821485251188,-1.0,2.2993976017460227e-05,0.0,DQN_RND,0.001,0.99,mountaincar,sparse
0,1882,-1.0,200,0.003578608389943838,-1.0,2.3169572159531526e-05,0.0,DQN_RND,0.001,0.99,mountaincar,sparse
0,1883,-1.0,200,0.003577503375709057,-1.0,2.2977481421548873e-05,0.0,DQN_RND,0.001,0.99,mountaincar,sparse
0,1884,-1.0,200,0.005367538891732693,-1.0,2.2702575734001584e-05,0.0,DQN_RND,0.001,0.99,mountaincar,sparse
0,1885,-1.0,200,0.0035763592459261417,-1.0,2.56588427873794e-05,0.0,DQN_RND,0.001,0.99,mountaincar,sparse
0,1886,-1.0,200,0.00715321721509099,-1.0,2.471065818099305e-05,0.0,DQN_RND,0.001,0.99,mountaincar,sparse
0,1887,-1.0,200,0.006260452326387167,-1.0,2.459959614498075e-05,0.0,DQN_RND,0.001,0.99,mountaincar,sparse
0,1888,-1.0,200,0.003575255861505866,-1.0,2.26097836275585e-05,0.0,DQN_RND,0.001,0.99,mountaincar,sparse
0,1889,-1.0,200,0.0026809037663042545,-1.0,2.252552985737566e-05,0.0,DQN_RND,0.001,0.99,mountaincar,sparse
0,1890,-1.0,200,0.004469668492674828,-1.0,2.490182851033751e-05,0.0,DQN_RND,0.001,0.99,mountaincar,sparse
0,1891,-1.0,200,0.001787608489394188,-1.0,2.285450136696454e-05,0.0,DQN_RND,0.001,0.99,mountaincar,sparse
0,1892,-1.0,200,0.002681814134120941,-1.0,2.3112204871722497e-05,0.0,DQN_RND,0.001,0.99,mountaincar,sparse
0,1893,-1.0,200,0.0035731059033423662,-1.0,2.3514397980761714e-05,0.0,DQN_RND,0.001,0.99,mountaincar,sparse
0,1894,-1.0,200,0.005361191462725401,-1.0,2.378548015258275e-05,0.0,DQN_RND,0.001,0.99,mountaincar,sparse
0,1895,-1.0,200,0.0008940311381593347,-1.0,2.2798290956416167e-05,0.0,DQN_RND,0.001,0.99,mountaincar,sparse
0,1896,-1.0,200,0.001787257380783558,-1.0,2.3227661586133763e-05,0.0,DQN_RND,0.001,0.99,mountaincar,sparse
0,1897,-1.0,200,0.0017881622770801187,-1.0,2.2587424609810114e-05,0.0,DQN_RND,0.001,0.99,mountaincar,sparse
0,1898,-1.0,200,0.004467061720788479,-1.0,2.2658972739009187e-05,0.0,DQN_RND,0.001,0.99,mountaincar,sparse
0,1899,-1.0,200,0.005360854789614677,-1.0,2.262491216242779e-05,0.0,DQN_RND,0.001,0.99,mountaincar,sparse
0,1900,-1.0,200,0.00089411495719105,-1.0,2.2674927095067687e-05,0.0,DQN_RND,0.001,0.99,mountaincar,sparse
0,1901,-1.0,200,0.007149979937821627,-1.0,2.2953458028496243e-05,0.0,DQN_RND,0.001,0.99,mountaincar,sparse
0,1902,-1.0,200,0.0017880882369354367,-1.0,2.2908863684278913e-05,0.0,DQN_RND,0.001,0.99,mountaincar,sparse
0,1903,-1.0,200,0.002681173151358962,-1.0,2.4413735445705242e-05,0.0,DQN_RND,0.001,0.99,mountaincar,sparse
0,1904,-1.0,200,0.007145996205508709,-1.0,2.2505946617457084e-05,0.0,DQN_RND,0.001,0.99,mountaincar,sparse
0,1905,-1.0,200,0.0035721776075661182,-1.0,2.263216083520092e-05,0.0,DQN_RND,0.001,0.99,mountaincar,sparse
0,1906,-1.0,200,0.00625308882445097,-1.0,2.2594827896682546e-05,0.0,DQN_RND,0.001,0.99,mountaincar,sparse
0,1907,-1.0,200,0.003572966670617461,-1.0,2.2270982299232855e-05,0.0,DQN_RND,0.001,0.99,mountaincar,sparse
0,1908,-1.0,200,0.00714503787457943,-1.0,2.30013483815128e-05,0.0,DQN_RND,0.001,0.99,mountaincar,sparse
0,1909,-1.0,200,0.005357398185878992,-1.0,2.243520248157438e-05,0.0,DQN_RND,0.001,0.99,mountaincar,sparse
0,1910,-1.0,200,0.0053584096021950245,-1.0,2.2259317120187916e-05,0.0,DQN_RND,0.001,0.99,mountaincar,sparse
0,1911,-1.0,200,0.008923015557229519,-1.0,2.2322687073028646e-05,0.0,DQN_RND,0.001,0.99,mountaincar,sparse
0,1912,-1.0,200,0.007142141927033663,-1.0,2.305846101080533e-05,0.0,DQN_RND,0.001,0.99,mountaincar,sparse
0,1913,-1.0,200,0.005353948101401329,-1.0,2.2343483578879386e-05,0.0,DQN_RND,0.001,0.99,mountaincar,sparse
0,1914,-1.0,200,0.003570134285837412,-1.0,2.230402060376946e-05,0.0,DQN_RND,0.001,0.99,mountaincar,sparse
0,1915,-1.0,200,0.0008928657043725252,-1.0,2.235514511994552e-05,0.0,DQN_RND,0.001,0.99,mountaincar,sparse
0,1916,-1.0,200,0.006245641969144344,-1.0,2.217054134234786e-05,0.0,DQN_RND,0.001,0.99,mountaincar,sparse
0,1917,-1.0,200,0.002678241580724716,-1.0,2.2296888346318156e-05,0.0,DQN_RND,0.001,0.99,mountaincar,sparse
0,1918,-1.0,200,0.0008940684492699802,-1.0,2.3294900529435836e-05,0.0,DQN_RND,0.001,0.99,mountaincar,sparse
0,1919,-1.0,200,0.006241112947463989,-1.0,2.2434764105128124e-05,0.0,DQN_RND,0.001,0.99,mountaincar,sparse
0,1920,-1.0,200,0.01159681100398302,-1.0,2.2216252546058968e-05,0.0,DQN_RND,0.001,0.99,mountaincar,sparse
0,1921,-1.0,200,0.005352546460926533,-1.0,2.2287022147793323e-05,0.0,DQN_RND,0.001,0.99,mountaincar,sparse
0,1922,-1.0,200,0.008029737509787083,-1.0,2.2190299205249175e-05,0.0,DQN_RND,0.001,0.99,mountaincar,sparse
0,1923,-1.0,200,0.0017861975356936455,-1.0,2.1970827219774947e-05,0.0,DQN_RND,0.001,0.99,mountaincar,sparse
0,1924,-1.0,200,0.008914291858673096,-1.0,2.2388214347301982e-05,0.0,DQN_RND,0.001,0.99,mountaincar,sparse
0,1925,-1.0,200,0.008912689983844757,-1.0,2.2721609639120288e-05,0.0,DQN_RND,0.001,0.99,mountaincar,sparse
0,1926,-1.0,200,0.0044652619399130344,-1.0,2.2991962396190502e-05,0.0,DQN_RND,0.001,0.99,mountaincar,sparse
0,1927,-1.0,200,0.008029201999306679,-1.0,2.322559703316074e-05,0.0,DQN_RND,0.001,0.99,mountaincar,sparse
0,1928,-1.0,200,0.008021267130970955,-1.0,2.2390759113477543e-05,0.0,DQN_RND,0.001,0.99,mountaincar,sparse
0,1929,-1.0,200,0.007130351848900318,-1.0,2.2259660909185186e-05,0.0,DQN_RND,0.001,0.99,mountaincar,sparse
0,1930,-1.0,200,0.0062340437434613705,-1.0,2.234993917227257e-05,0.0,DQN_RND,0.001,0.99,mountaincar,sparse
0,1931,-1.0,200,0.006237482186406851,-1.0,2.2657724912278354e-05,0.0,DQN_RND,0.001,0.99,mountaincar,sparse
0,1932,-1.0,200,0.008014275692403316,-1.0,2.448901068419218e-05,0.0,DQN_RND,0.001,0.99,mountaincar,sparse
0,1933,-1.0,200,0.005351138301193714,-1.0,2.2542881197296083e-05,0.0,DQN_RND,0.001,0.99,mountaincar,sparse
0,1934,-1.0,200,0.0035636811517179012,-1.0,2.481693991285283e-05,0.0,DQN_RND,0.001,0.99,mountaincar,sparse
0,1935,-1.0,200,0.009797274135053158,-1.0,2.4815331926220097e-05,0.0,DQN_RND,0.001,0.99,mountaincar,sparse
0,1936,-1.0,200,0.005340606439858675,-1.0,2.2535423340741545e-05,0.0,DQN_RND,0.001,0.99,mountaincar,sparse
0,1937,-1.0,200,0.0008923622663132846,-1.0,2.505642805772368e-05,0.0,DQN_RND,0.001,0.99,mountaincar,sparse
0,1938,-1.0,200,0.005342943128198385,-1.0,2.26880656555295e-05,0.0,DQN_RND,0.001,0.99,mountaincar,sparse
0,1939,-1.0,200,0.0017840104410424829,-1.0,2.2284857550403103e-05,0.0,DQN_RND,0.001,0.99,mountaincar,sparse
0,1940,-1.0,200,0.0035683666355907917,-1.0,2.3225939003168605e-05,0.0,DQN_RND,0.001,0.99,mountaincar,sparse
0,1941,-1.0,200,0.0035619856789708138,-1.0,2.3907157810754143e-05,0.0,DQN_RND,0.001,0.99,mountaincar,sparse
0,1942,-1.0,200,0.007114598527550697,-1.0,2.3766739104758017e-05,0.0,DQN_RND,0.001,0.99,mountaincar,sparse
0,1943,-1.0,200,0.0035609768237918615,-1.0,2.1975323761580512e-05,0.0,DQN_RND,0.001,0.99,mountaincar,sparse
0,1944,-1.0,200,0.0017841948429122567,-1.0,2.26190695684636e-05,0.0,DQN_RND,0.001,0.99,mountaincar,sparse
0,1945,-1.0,200,0.005338423885405064,-1.0,2.1775136701762676e-05,0.0,DQN_RND,0.001,0.99,mountaincar,sparse
0,1946,-1.0,200,0.003568461397662759,-1.0,2.1765528799733147e-05,0.0,DQN_RND,0.001,0.99,mountaincar,sparse
0,1947,-1.0,200,0.0080089271068573,-1.0,2.1789002857985906e-05,0.0,DQN_RND,0.001,0.99,mountaincar,sparse
0,1948,-1.0,200,0.005338686518371105,-1.0,2.4509246941306628e-05,0.0,DQN_RND,0.001,0.99,mountaincar,sparse
0,1949,-1.0,200,0.0062256683595478535,-1.0,2.1959418518235907e-05,0.0,DQN_RND,0.001,0.99,mountaincar,sparse
0,1950,-1.0,200,0.00801815651357174,-1.0,2.279840555274859e-05,0.0,DQN_RND,0.001,0.99,mountaincar,sparse
0,1951,-1.0,200,0.003554317634552717,-1.0,2.4247168767033145e-05,0.0,DQN_RND,0.001,0.99,mountaincar,sparse
0,1952,-1.0,200,0.007113171741366386,-1.0,2.2537751647178084e-05,0.0,DQN_RND,0.001,0.99,mountaincar,sparse
0,1953,-1.0,200,0.0071231890469789505,-1.0,2.1778465452371165e-05,0.0,DQN_RND,0.001,0.99,mountaincar,sparse
0,1954,-1.0,200,0.004451999440789223,-1.0,2.1980020392220467e-05,0.0,DQN_RND,0.001,0.99,mountaincar,sparse
0,1955,-1.0,200,0.006230574566870928,-1.0,2.4524151740479283e-05,0.0,DQN_RND,0.001,0.99,mountaincar,sparse
0,1956,-1.0,200,0.0026739558670669794,-1.0,2.184882396250032e-05,0.0,DQN_RND,0.001,0.99,mountaincar,sparse
0,1957,-1.0,200,0.007122412323951721,-1.0,2.2756952603231184e-05,0.0,DQN_RND,0.001,0.99,mountaincar,sparse
0,1958,-1.0,200,0.001783048384822905,-1.0,2.1870895579922944e-05,0.0,DQN_RND,0.001,0.99,mountaincar,sparse
0,1959,-1.0,200,0.00444931210950017,-1.0,2.2363468815456145e-05,0.0,DQN_RND,0.001,0.99,mountaincar,sparse
0,1960,-1.0,200,0.003555966541171074,-1.0,2.1579990061582066e-05,0.0,DQN_RND,0.001,0.99,mountaincar,sparse
0,1961,-1.0,200,0.004447444807738066,-1.0,2.1819685571244918e-05,0.0,DQN_RND,0.001,0.99,mountaincar,sparse
0,1962,-1.0,200,0.006225176155567169,-1.0,2.2436266590375453e-05,0.0,DQN_RND,0.001,0.99,mountaincar,sparse
0,1963,-1.0,200,0.003557169809937477,-1.0,2.2259060642682016e-05,0.0,DQN_RND,0.001,0.99,mountaincar,sparse
0,1964,-1.0,200,0.003558005206286907,-1.0,2.3919070372357965e-05,0.0,DQN_RND,0.001,0.99,mountaincar,sparse
0,1965,-1.0,200,0.00532974349334836,-1.0,2.1748954168288037e-05,0.0,DQN_RND,0.001,0.99,mountaincar,sparse
0,1966,-1.0,200,0.006232542917132378,-1.0,2.170680818380788e-05,0.0,DQN_RND,0.001,0.99,mountaincar,sparse
0,1967,-1.0,200,0.006223523057997227,-1.0,2.231602593383286e-05,0.0,DQN_RND,0.001,0.99,mountaincar,sparse
0,1968,-1.0,200,0.001782621955499053,-1.0,2.172773383790627e-05,0.0,DQN_RND,0.001,0.99,mountaincar,sparse
0,1969,-1.0,200,0.0017783126095309854,-1.0,2.2301126591628417e-05,0.0,DQN_RND,0.001,0.99,mountaincar,sparse
0,1970,-1.0,200,0.005332747008651495,-1.0,2.377669807174243e-05,0.0,DQN_RND,0.001,0.99,mountaincar,sparse
0,1971,-1.0,200,5.04288300362532e-06,-1.0,2.1743762772530317e-05,0.0,DQN_RND,0.001,0.99,mountaincar,sparse
0,1972,-1.0,200,0.0035602953284978867,-1.0,2.1605044821626507e-05,0.0,DQN_RND,0.001,0.99,mountaincar,sparse
0,1973,-1.0,200,0.005343988072127104,-1.0,2.1163661585887894e-05,0.0,DQN_RND,0.001,0.99,mountaincar,sparse
0,1974,-1.0,200,0.008001113310456276,-1.0,2.1805188225698657e-05,0.0,DQN_RND,0.001,0.99,mountaincar,sparse
0,1975,-1.0,200,0.002667037770152092,-1.0,2.206071985710878e-05,0.0,DQN_RND,0.001,0.99,mountaincar,sparse
0,1976,-1.0,200,0.007105010561645031,-1.0,2.352308001718484e-05,0.0,DQN_RND,0.001,0.99,mountaincar,sparse
0,1977,-1.0,200,0.0026693926192820072,-1.0,2.1776530047645792e-05,0.0,DQN_RND,0.001,0.99,mountaincar,sparse
0,1978,-1.0,200,0.004438246600329876,-1.0,2.325038985873107e-05,0.0,DQN_RND,0.001,0.99,mountaincar,sparse
0,1979,-1.0,200,0.0026729602832347155,-1.0,2.1964582629152574e-05,0.0,DQN_RND,0.001,0.99,mountaincar,sparse
0,1980,-1.0,200,0.005328679457306862,-1.0,2.1883986846660264e-05,0.0,DQN_RND,0.001,0.99,mountaincar,sparse
0,1981,-1.0,200,0.005326149519532919,-1.0,2.2094383894000202e-05,0.0,DQN_RND,0.001,0.99,mountaincar,sparse
0,1982,-1.0,200,0.005339775700122118,-1.0,2.19624926103279e-05,0.0,DQN_RND,0.001,0.99,mountaincar,sparse
0,1983,-1.0,200,0.005339909344911575,-1.0,2.3398561097565107e-05,0.0,DQN_RND,0.001,0.99,mountaincar,sparse
0,1984,-1.0,200,0.00443509453907609,-1.0,2.2362355593941174e-05,0.0,DQN_RND,0.001,0.99,mountaincar,sparse
0,1985,-1.0,200,0.006227563135325909,-1.0,2.155190668418072e-05,0.0,DQN_RND,0.001,0.99,mountaincar,sparse
0,1986,-1.0,200,0.0026712361723184586,-1.0,2.2527827240992337e-05,0.0,DQN_RND,0.001,0.99,mountaincar,sparse
0,1987,-1.0,200,0.003561952617019415,-1.0,2.1847688913112506e-05,0.0,DQN_RND,0.001,0.99,mountaincar,sparse
0,1988,-1.0,200,0.007116936147212982,-1.0,2.197258800151758e-05,0.0,DQN_RND,0.001,0.99,mountaincar,sparse
0,1989,-1.0,200,0.007094934582710266,-1.0,2.1441694116219878e-05,0.0,DQN_RND,0.001,0.99,mountaincar,sparse
0,1990,-1.0,200,0.002661238657310605,-1.0,2.143832534784451e-05,0.0,DQN_RND,0.001,0.99,mountaincar,sparse
0,1991,-1.0,200,0.0035559001844376326,-1.0,2.129514905391261e-05,0.0,DQN_RND,0.001,0.99,mountaincar,sparse
0,1992,-1.0,200,0.004437725525349379,-1.0,2.1337498765205964e-05,0.0,DQN_RND,0.001,0.99,mountaincar,sparse
0,1993,-1.0,200,0.009794697165489197,-1.0,2.166242484236136e-05,0.0,DQN_RND,0.001,0.99,mountaincar,sparse
0,1994,-1.0,200,0.0071015567518770695,-1.0,2.1708390704588965e-05,0.0,DQN_RND,0.001,0.99,mountaincar,sparse
0,1995,-1.0,200,0.009772518649697304,-1.0,2.1180812836973928e-05,0.0,DQN_RND,0.001,0.99,mountaincar,sparse
0,1996,-1.0,200,0.005335571710020304,-1.0,2.1047044356237166e-05,0.0,DQN_RND,0.001,0.99,mountaincar,sparse
0,1997,-1.0,200,0.0035568620078265667,-1.0,2.068475805572234e-05,0.0,DQN_RND,0.001,0.99,mountaincar,sparse
0,1998,-1.0,200,0.005332514643669128,-1.0,2.0654899344663136e-05,0.0,DQN_RND,0.001,0.99,mountaincar,sparse
0,1999,-1.0,200,0.0035498524084687233,-1.0,2.1047024347353727e-05,0.0,DQN_RND,0.001,0.99,mountaincar,sparse
0,2000,-1.0,200,0.00355466827750206,-1.0,2.122282785421703e-05,0.0,DQN_RND,0.001,0.99,mountaincar,sparse
0,2001,-1.0,200,0.002664945088326931,-1.0,2.1424430087790824e-05,0.0,DQN_RND,0.001,0.99,mountaincar,sparse
0,2002,-1.0,200,0.007097180001437664,-1.0,2.1444076992338523e-05,0.0,DQN_RND,0.001,0.99,mountaincar,sparse
0,2003,-1.0,200,0.005323802120983601,-1.0,2.109423621732276e-05,0.0,DQN_RND,0.001,0.99,mountaincar,sparse
0,2004,-1.0,200,0.006213877350091934,-1.0,2.130295615643263e-05,0.0,DQN_RND,0.001,0.99,mountaincar,sparse
0,2005,-1.0,200,0.0026703430339694023,-1.0,2.1316107449820265e-05,0.0,DQN_RND,0.001,0.99,mountaincar,sparse
0,2006,-1.0,200,0.006212645675987005,-1.0,2.1327183276298456e-05,0.0,DQN_RND,0.001,0.99,mountaincar,sparse
0,2007,-1.0,200,0.00532340444624424,-1.0,2.1456891772686504e-05,0.0,DQN_RND,0.001,0.99,mountaincar,sparse
0,2008,-1.0,200,0.005318107083439827,-1.0,2.1619402104988694e-05,0.0,DQN_RND,0.001,0.99,mountaincar,sparse
0,2009,-1.0,200,0.0062169344164431095,-1.0,2.1500014554476365e-05,0.0,DQN_RND,0.001,0.99,mountaincar,sparse
0,2010,-1.0,200,0.0017739753238856792,-1.0,2.1046347683295608e-05,0.0,DQN_RND,0.001,0.99,mountaincar,sparse
0,2011,-1.0,200,0.004431468900293112,-1.0,2.1052748707006685e-05,0.0,DQN_RND,0.001,0.99,mountaincar,sparse
0,2012,-1.0,200,0.007094632368534803,-1.0,2.2164214897202328e-05,0.0,DQN_RND,0.001,0.99,mountaincar,sparse
0,2013,-1.0,200,0.006210519932210445,-1.0,2.2659263777313754e-05,0.0,DQN_RND,0.001,0.99,mountaincar,sparse
0,2014,-1.0,200,0.005325111094862223,-1.0,2.0931940525770187e-05,0.0,DQN_RND,0.001,0.99,mountaincar,sparse
0,2015,-1.0,200,0.0008939364342950284,-1.0,2.0734643840114586e-05,0.0,DQN_RND,0.001,0.99,mountaincar,sparse
0,2016,-1.0,200,0.0026667406782507896,-1.0,2.0769120965269394e-05,0.0,DQN_RND,0.001,0.99,mountaincar,sparse
0,2017,-1.0,200,0.006209617480635643,-1.0,2.092857175739482e-05,0.0,DQN_RND,0.001,0.99,mountaincar,sparse
0,2018,-1.0,200,0.007087706122547388,-1.0,2.1112164176884107e-05,0.0,DQN_RND,0.001,0.99,mountaincar,sparse
0,2019,-1.0,200,0.004429236985743046,-1.0,2.163795033993665e-05,0.0,DQN_RND,0.001,0.99,mountaincar,sparse
0,2020,-1.0,200,0.0035519502125680447,-1.0,2.1176936570554972e-05,0.0,DQN_RND,0.001,0.99,mountaincar,sparse
0,2021,-1.0,200,0.0035613819491118193,-1.0,2.0994641090510413e-05,0.0,DQN_RND,0.001,0.99,mountaincar,sparse
0,2022,-1.0,200,0.003559942590072751,-1.0,2.1227446268312633e-05,0.0,DQN_RND,0.001,0.99,mountaincar,sparse
0,2023,-1.0,200,0.00443862471729517,-1.0,2.0981062334612943e-05,0.0,DQN_RND,0.001,0.99,mountaincar,sparse
0,2024,-1.0,200,0.0035450474824756384,-1.0,2.2780961444368586e-05,0.0,DQN_RND,0.001,0.99,mountaincar,sparse
0,2025,-1.0,200,0.007972725667059422,-1.0,2.088369001285173e-05,0.0,DQN_RND,0.001,0.99,mountaincar,sparse
0,2026,-1.0,200,0.007993941195309162,-1.0,2.3892034732853062e-05,0.0,DQN_RND,0.001,0.99,mountaincar,sparse
0,2027,-1.0,200,0.0026598782278597355,-1.0,2.0676519852713682e-05,0.0,DQN_RND,0.001,0.99,mountaincar,sparse
0,2028,-1.0,200,0.004433316178619862,-1.0,2.0692958059953526e-05,0.0,DQN_RND,0.001,0.99,mountaincar,sparse
0,2029,-1.0,200,0.0026645674370229244,-1.0,2.000767744902987e-05,0.0,DQN_RND,0.001,0.99,mountaincar,sparse
0,2030,-1.0,200,0.006214354652911425,-1.0,2.017723090830259e-05,0.0,DQN_RND,0.001,0.99,mountaincar,sparse
0,2031,-1.0,200,0.003547784173861146,-1.0,2.036718069575727e-05,0.0,DQN_RND,0.001,0.99,mountaincar,sparse
0,2032,-1.0,200,0.001770756090991199,-1.0,2.0062081603100523e-05,0.0,DQN_RND,0.001,0.99,mountaincar,sparse
0,2033,-1.0,200,0.006214576307684183,-1.0,2.0825289539061487e-05,0.0,DQN_RND,0.001,0.99,mountaincar,sparse
0,2034,-1.0,200,0.0044356780126690865,-1.0,2.008149203902576e-05,0.0,DQN_RND,0.001,0.99,mountaincar,sparse
0,2035,-1.0,200,0.006207048427313566,-1.0,2.063611646008212e-05,0.0,DQN_RND,0.001,0.99,mountaincar,sparse
0,2036,-1.0,200,0.0044349427334964275,-1.0,2.029940515058115e-05,0.0,DQN_RND,0.001,0.99,mountaincar,sparse
0,2037,-1.0,200,0.007091002073138952,-1.0,2.031719486694783e-05,0.0,DQN_RND,0.001,0.99,mountaincar,sparse
0,2038,-1.0,200,0.0017708588857203722,-1.0,2.1654654119629413e-05,0.0,DQN_RND,0.001,0.99,mountaincar,sparse
0,2039,-1.0,200,0.005319126415997744,-1.0,2.0380028217914514e-05,0.0,DQN_RND,0.001,0.99,mountaincar,sparse
0,2040,-1.0,200,0.004435673821717501,-1.0,1.989489646803122e-05,0.0,DQN_RND,0.001,0.99,mountaincar,sparse
0,2041,-1.0,200,0.0017759972251951694,-1.0,2.1387724700616673e-05,0.0,DQN_RND,0.001,0.99,mountaincar,sparse
0,2042,-1.0,200,0.004424179904162884,-1.0,1.979327862500213e-05,0.0,DQN_RND,0.001,0.99,mountaincar,sparse
0,2043,-1.0,200,0.006194168236106634,-1.0,1.9890501789632253e-05,0.0,DQN_RND,0.001,0.99,mountaincar,sparse
0,2044,-1.0,200,0.007101527415215969,-1.0,2.011970354942605e-05,0.0,DQN_RND,0.001,0.99,mountaincar,sparse
0,2045,-1.0,200,0.0035449033603072166,-1.0,2.0323072021710686e-05,0.0,DQN_RND,0.001,0.99,mountaincar,sparse
0,2046,-1.0,200,0.005326646845787764,-1.0,2.0165880414424464e-05,0.0,DQN_RND,0.001,0.99,mountaincar,sparse
0,2047,-1.0,200,0.0008918707608245313,-1.0,2.131471410393715e-05,0.0,DQN_RND,0.001,0.99,mountaincar,sparse
0,2048,-1.0,200,0.004428021609783173,-1.0,1.984462869586423e-05,0.0,DQN_RND,0.001,0.99,mountaincar,sparse
0,2049,-1.0,200,0.003553858958184719,-1.0,2.1470064893946983e-05,0.0,DQN_RND,0.001,0.99,mountaincar,sparse
0,2050,-1.0,200,0.007090501021593809,-1.0,2.0146366296103224e-05,0.0,DQN_RND,0.001,0.99,mountaincar,sparse
0,2051,-1.0,200,0.0035434942692518234,-1.0,2.1026056856499054e-05,0.0,DQN_RND,0.001,0.99,mountaincar,sparse
0,2052,-1.0,200,0.0026651849038898945,-1.0,2.0794283045688644e-05,0.0,DQN_RND,0.001,0.99,mountaincar,sparse
0,2053,-1.0,200,0.000890948751475662,-1.0,2.0675854102591984e-05,0.0,DQN_RND,0.001,0.99,mountaincar,sparse
0,2054,-1.0,200,0.0026572730857878923,-1.0,2.050393413810525e-05,0.0,DQN_RND,0.001,0.99,mountaincar,sparse
0,2055,-1.0,200,0.0035525159910321236,-1.0,2.0859000869677402e-05,0.0,DQN_RND,0.001,0.99,mountaincar,sparse
0,2056,-1.0,200,0.004438937641680241,-1.0,2.0673185645136982e-05,0.0,DQN_RND,0.001,0.99,mountaincar,sparse
0,2057,-1.0,200,0.001778347184881568,-1.0,2.081325692415703e-05,0.0,DQN_RND,0.001,0.99,mountaincar,sparse
0,2058,-1.0,200,0.005322398152202368,-1.0,2.3345091904047877e-05,0.0,DQN_RND,0.001,0.99,mountaincar,sparse
0,2059,-1.0,200,0.00442391075193882,-1.0,2.031619442277588e-05,0.0,DQN_RND,0.001,0.99,mountaincar,sparse
0,2060,-1.0,200,0.007083302363753319,-1.0,2.0302919438108802e-05,0.0,DQN_RND,0.001,0.99,mountaincar,sparse
0,2061,-1.0,200,0.00443823030218482,-1.0,2.073419454973191e-05,0.0,DQN_RND,0.001,0.99,mountaincar,sparse
0,2062,-1.0,200,0.005315800197422504,-1.0,2.0532977941911668e-05,0.0,DQN_RND,0.001,0.99,mountaincar,sparse
0,2063,-1.0,200,0.004423058591783047,-1.0,1.975620398297906e-05,0.0,DQN_RND,0.001,0.99,mountaincar,sparse
0,2064,-1.0,200,0.001776293502189219,-1.0,1.9701717974385247e-05,0.0,DQN_RND,0.001,0.99,mountaincar,sparse
0,2065,-1.0,200,0.009744653478264809,-1.0,1.9708233594428748e-05,0.0,DQN_RND,0.001,0.99,mountaincar,sparse
0,2066,-1.0,200,0.006199299823492765,-1.0,2.0095787476748228e-05,0.0,DQN_RND,0.001,0.99,mountaincar,sparse
0,2067,-1.0,200,0.007094408385455608,-1.0,1.993637670238968e-05,0.0,DQN_RND,0.001,0.99,mountaincar,sparse
0,2068,-1.0,200,0.001772425603121519,-1.0,2.163841054425575e-05,0.0,DQN_RND,0.001,0.99,mountaincar,sparse
0,2069,-1.0,200,0.0044305031187832355,-1.0,2.2713660655426793e-05,0.0,DQN_RND,0.001,0.99,mountaincar,sparse
0,2070,-1.0,200,0.006194402929395437,-1.0,1.9794691979768686e-05,0.0,DQN_RND,0.001,0.99,mountaincar,sparse
0,2071,-1.0,200,0.00442658644169569,-1.0,2.0868897991022095e-05,0.0,DQN_RND,0.001,0.99,mountaincar,sparse
0,2072,-1.0,200,0.0026603401638567448,-1.0,1.946538031916134e-05,0.0,DQN_RND,0.001,0.99,mountaincar,sparse
0,2073,-1.0,200,0.007080601528286934,-1.0,2.0692141333711334e-05,0.0,DQN_RND,0.001,0.99,mountaincar,sparse
0,2074,-1.0,200,0.0053192428313195705,-1.0,1.9818657165160403e-05,0.0,DQN_RND,0.001,0.99,mountaincar,sparse
0,2075,-1.0,200,0.00619911216199398,-1.0,1.981105378945358e-05,0.0,DQN_RND,0.001,0.99,mountaincar,sparse
0,2076,-1.0,200,0.0026556120719760656,-1.0,1.9721348508028314e-05,0.0,DQN_RND,0.001,0.99,mountaincar,sparse
0,2077,-1.0,200,0.000884070701431483,-1.0,1.978590080398135e-05,0.0,DQN_RND,0.001,0.99,mountaincar,sparse
0,2078,-1.0,200,0.002648577792569995,-1.0,2.0920551833114587e-05,0.0,DQN_RND,0.001,0.99,mountaincar,sparse
0,2079,-1.0,200,0.0026515829376876354,-1.0,1.9750370483961888e-05,0.0,DQN_RND,0.001,0.99,mountaincar,sparse
0,2080,-1.0,200,0.004430993460118771,-1.0,1.988718031498138e-05,0.0,DQN_RND,0.001,0.99,mountaincar,sparse
0,2081,-1.0,200,0.004422595724463463,-1.0,1.969321419892367e-05,0.0,DQN_RND,0.001,0.99,mountaincar,sparse
0,2082,-1.0,200,0.002658525947481394,-1.0,1.9853747289744206e-05,0.0,DQN_RND,0.001,0.99,mountaincar,sparse
0,2083,-1.0,200,0.002654652576893568,-1.0,1.9327157133375295e-05,0.0,DQN_RND,0.001,0.99,mountaincar,sparse
0,2084,-1.0,200,0.002658613258972764,-1.0,1.9575722035369836e-05,0.0,DQN_RND,0.001,0.99,mountaincar,sparse
0,2085,-1.0,200,0.0044289263896644115,-1.0,1.9153159882989712e-05,0.0,DQN_RND,0.001,0.99,mountaincar,sparse
0,2086,-1.0,200,0.006192076951265335,-1.0,1.979801345441956e-05,0.0,DQN_RND,0.001,0.99,mountaincar,sparse
0,2087,-1.0,200,0.0026577061507850885,-1.0,2.174946348532103e-05,0.0,DQN_RND,0.001,0.99,mountaincar,sparse
0,2088,-1.0,200,0.004425158724188805,-1.0,2.0281893739593215e-05,0.0,DQN_RND,0.001,0.99,mountaincar,sparse
0,2089,-1.0,200,0.005308821331709623,-1.0,1.9498314941301942e-05,0.0,DQN_RND,0.001,0.99,mountaincar,sparse
0,2090,-1.0,200,0.005304884165525436,-1.0,1.9566430637496524e-05,0.0,DQN_RND,0.001,0.99,mountaincar,sparse
0,2091,-1.0,200,0.007961173541843891,-1.0,1.9728024199139327e-05,0.0,DQN_RND,0.001,0.99,mountaincar,sparse
0,2092,-1.0,200,0.004423400852829218,-1.0,1.9789627913269214e-05,0.0,DQN_RND,0.001,0.99,mountaincar,sparse
0,2093,-1.0,200,0.0026559943798929453,-1.0,2.1690630092052743e-05,0.0,DQN_RND,0.001,0.99,mountaincar,sparse
0,2094,-1.0,200,0.002655811607837677,-1.0,2.135243994416669e-05,0.0,DQN_RND,0.001,0.99,mountaincar,sparse
0,2095,-1.0,200,0.00354062020778656,-1.0,2.0139319531153888e-05,0.0,DQN_RND,0.001,0.99,mountaincar,sparse
0,2096,-1.0,200,0.003533786628395319,-1.0,2.018825034610927e-05,0.0,DQN_RND,0.001,0.99,mountaincar,sparse
0,2097,-1.0,200,0.003533067414537072,-1.0,2.1368934540078044e-05,0.0,DQN_RND,0.001,0.99,mountaincar,sparse
0,2098,-1.0,200,0.0026544081047177315,-1.0,2.0356445020297542e-05,0.0,DQN_RND,0.001,0.99,mountaincar,sparse
0,2099,-1.0,200,0.006192514207214117,-1.0,2.3594977392349392e-05,0.0,DQN_RND,0.001,0.99,mountaincar,sparse
0,2100,-1.0,200,0.0008862833492457867,-1.0,2.335803583264351e-05,0.0,DQN_RND,0.001,0.99,mountaincar,sparse
0,2101,-1.0,200,0.003539614612236619,-1.0,2.067536479444243e-05,0.0,DQN_RND,0.001,0.99,mountaincar,sparse
0,2102,-1.0,200,0.006194353103637695,-1.0,2.11636652238667e-05,0.0,DQN_RND,0.001,0.99,mountaincar,sparse
0,2103,-1.0,200,0.0017704953206703067,-1.0,1.9906579836970195e-05,0.0,DQN_RND,0.001,0.99,mountaincar,sparse
0,2104,-1.0,200,0.002650744281709194,-1.0,1.965233968803659e-05,0.0,DQN_RND,0.001,0.99,mountaincar,sparse
0,2105,-1.0,200,0.0053032455034554005,-1.0,2.103357473970391e-05,0.0,DQN_RND,0.001,0.99,mountaincar,sparse
0,2106,-1.0,200,7.971843842824455e-07,-1.0,2.021339059865568e-05,0.0,DQN_RND,0.001,0.99,mountaincar,sparse
0,2107,-1.0,200,0.0017699978780001402,-1.0,2.0198944184812717e-05,0.0,DQN_RND,0.001,0.99,mountaincar,sparse
0,2108,-1.0,200,0.004415900446474552,-1.0,2.178964132326655e-05,0.0,DQN_RND,0.001,0.99,mountaincar,sparse
0,2109,-1.0,200,0.004420309793204069,-1.0,2.0945737560396083e-05,0.0,DQN_RND,0.001,0.99,mountaincar,sparse
0,2110,-1.0,200,0.005302727688103914,-1.0,1.9644437998067588e-05,0.0,DQN_RND,0.001,0.99,mountaincar,sparse
0,2111,-1.0,200,0.004418504890054464,-1.0,1.9725095626199618e-05,0.0,DQN_RND,0.001,0.99,mountaincar,sparse
0,2112,-1.0,200,0.005301336757838726,-1.0,2.2256319425650872e-05,0.0,DQN_RND,0.001,0.99,mountaincar,sparse
0,2113,-1.0,200,0.0035367892123758793,-1.0,2.0239329387550242e-05,0.0,DQN_RND,0.001,0.99,mountaincar,sparse
0,2114,-1.0,200,0.005304635968059301,-1.0,2.156905975425616e-05,0.0,DQN_RND,0.001,0.99,mountaincar,sparse
0,2115,-1.0,200,0.0079540079459548,-1.0,2.3371159841190092e-05,0.0,DQN_RND,0.001,0.99,mountaincar,sparse
0,2116,-1.0,200,0.001764868968166411,-1.0,2.0837764168391004e-05,0.0,DQN_RND,0.001,0.99,mountaincar,sparse
0,2117,-1.0,200,0.0035362152848392725,-1.0,2.0976327505195513e-05,0.0,DQN_RND,0.001,0.99,mountaincar,sparse
0,2118,-1.0,200,0.005300709046423435,-1.0,2.0370967831695452e-05,0.0,DQN_RND,0.001,0.99,mountaincar,sparse
0,2119,-1.0,200,0.005299840588122606,-1.0,2.0307625163695775e-05,0.0,DQN_RND,0.001,0.99,mountaincar,sparse
0,2120,-1.0,200,0.003535039024427533,-1.0,2.0909281374770217e-05,0.0,DQN_RND,0.001,0.99,mountaincar,sparse
0,2121,-1.0,200,0.005300738383084536,-1.0,2.071756352961529e-05,0.0,DQN_RND,0.001,0.99,mountaincar,sparse
0,2122,-1.0,200,0.006184814963489771,-1.0,2.0742490960401483e-05,0.0,DQN_RND,0.001,0.99,mountaincar,sparse
0,2123,-1.0,200,0.0052993763238191605,-1.0,2.015771678998135e-05,0.0,DQN_RND,0.001,0.99,mountaincar,sparse
0,2124,-1.0,200,0.0017665494233369827,-1.0,2.028993549174629e-05,0.0,DQN_RND,0.001,0.99,mountaincar,sparse
0,2125,-1.0,200,0.0035317507572472095,-1.0,2.097461765515618e-05,0.0,DQN_RND,0.001,0.99,mountaincar,sparse
0,2126,-1.0,200,0.004415376111865044,-1.0,1.9908586182282306e-05,0.0,DQN_RND,0.001,0.99,mountaincar,sparse
0,2127,-1.0,200,0.005296615883708,-1.0,2.0079816749785095e-05,0.0,DQN_RND,0.001,0.99,mountaincar,sparse
0,2128,-1.0,200,0.005296385381370783,-1.0,2.038570528384298e-05,0.0,DQN_RND,0.001,0.99,mountaincar,sparse
0,2129,-1.0,200,0.00441173417493701,-1.0,2.1068814021418802e-05,0.0,DQN_RND,0.001,0.99,mountaincar,sparse
0,2130,-1.0,200,0.0026488269213587046,-1.0,2.0571726054186e-05,0.0,DQN_RND,0.001,0.99,mountaincar,sparse
0,2131,-1.0,200,0.005297122988849878,-1.0,2.037587546510622e-05,0.0,DQN_RND,0.001,0.99,mountaincar,sparse
0,2132,-1.0,200,0.009706888347864151,-1.0,2.0008557839901187e-05,0.0,DQN_RND,0.001,0.99,mountaincar,sparse
0,2133,-1.0,200,0.005295004695653915,-1.0,1.9983806851087138e-05,0.0,DQN_RND,0.001,0.99,mountaincar,sparse
0,2134,-1.0,200,0.005294631700962782,-1.0,1.9808161596301943e-05,0.0,DQN_RND,0.001,0.99,mountaincar,sparse
0,2135,-1.0,200,0.0035292606335133314,-1.0,1.950377190951258e-05,0.0,DQN_RND,0.001,0.99,mountaincar,sparse
0,2136,-1.0,200,0.0017644965555518866,-1.0,1.9637980585685e-05,0.0,DQN_RND,0.001,0.99,mountaincar,sparse
0,2137,-1.0,200,0.002646707696840167,-1.0,1.9550954675651155e-05,0.0,DQN_RND,0.001,0.99,mountaincar,sparse
0,2138,-1.0,200,0.004409764427691698,-1.0,2.0189936549286358e-05,0.0,DQN_RND,0.001,0.99,mountaincar,sparse
0,2139,-1.0,200,0.0035284277983009815,-1.0,1.9380333469598554e-05,0.0,DQN_RND,0.001,0.99,mountaincar,sparse
0,2140,-1.0,200,0.0017640780424699187,-1.0,2.1157664377824403e-05,0.0,DQN_RND,0.001,0.99,mountaincar,sparse
0,2141,-1.0,200,0.005289572291076183,-1.0,1.9497265384416096e-05,0.0,DQN_RND,0.001,0.99,mountaincar,sparse
0,2142,-1.0,200,0.0044103339314460754,-1.0,1.9859096937580034e-05,0.0,DQN_RND,0.001,0.99,mountaincar,sparse
0,2143,-1.0,200,0.004408086184412241,-1.0,1.9538500055205077e-05,0.0,DQN_RND,0.001,0.99,mountaincar,sparse
0,2144,-1.0,200,0.0035256107803434134,-1.0,1.9565601178328507e-05,0.0,DQN_RND,0.001,0.99,mountaincar,sparse
0,2145,-1.0,200,0.009697330184280872,-1.0,1.9813842300209217e-05,0.0,DQN_RND,0.001,0.99,mountaincar,sparse
0,2146,-1.0,200,0.007050469517707825,-1.0,2.018063787545543e-05,0.0,DQN_RND,0.001,0.99,mountaincar,sparse
0,2147,-1.0,200,0.006168917752802372,-1.0,2.01264501811238e-05,0.0,DQN_RND,0.001,0.99,mountaincar,sparse
0,2148,-1.0,200,0.00264432723633945,-1.0,1.995708589674905e-05,0.0,DQN_RND,0.001,0.99,mountaincar,sparse
0,2149,-1.0,200,0.005288414191454649,-1.0,1.9538048945832998e-05,0.0,DQN_RND,0.001,0.99,mountaincar,sparse
0,2150,-1.0,200,0.001762661268003285,-1.0,1.922582305269316e-05,0.0,DQN_RND,0.001,0.99,mountaincar,sparse
0,2151,-1.0,200,0.0017627656925469637,-1.0,1.8808852473739535e-05,0.0,DQN_RND,0.001,0.99,mountaincar,sparse
0,2152,-1.0,200,0.00528575899079442,-1.0,1.9169639926985838e-05,0.0,DQN_RND,0.001,0.99,mountaincar,sparse
0,2153,-1.0,200,0.004405454732477665,-1.0,2.0151906937826425e-05,0.0,DQN_RND,0.001,0.99,mountaincar,sparse
0,2154,-1.0,200,0.005285403225570917,-1.0,1.846414670580998e-05,0.0,DQN_RND,0.001,0.99,mountaincar,sparse
0,2155,-1.0,200,0.009686865843832493,-1.0,2.1197534806560725e-05,0.0,DQN_RND,0.001,0.99,mountaincar,sparse
0,2156,-1.0,200,0.0017616711556911469,-1.0,1.8550290405983105e-05,0.0,DQN_RND,0.001,0.99,mountaincar,sparse
0,2157,-1.0,200,0.0008806340047158301,-1.0,2.1531661332119256e-05,0.0,DQN_RND,0.001,0.99,mountaincar,sparse
0,2158,-1.0,200,0.004402318969368935,-1.0,1.9788607460213825e-05,0.0,DQN_RND,0.001,0.99,mountaincar,sparse
0,2159,-1.0,200,0.004402115475386381,-1.0,2.3188038539956324e-05,0.0,DQN_RND,0.001,0.99,mountaincar,sparse
0,2160,-1.0,200,0.0026415574830025434,-1.0,2.0205974578857422e-05,0.0,DQN_RND,0.001,0.99,mountaincar,sparse
0,2161,-1.0,200,0.007041884586215019,-1.0,2.2380916561814956e-05,0.0,DQN_RND,0.001,0.99,mountaincar,sparse
0,2162,-1.0,200,0.006162518635392189,-1.0,1.8402755813440308e-05,0.0,DQN_RND,0.001,0.99,mountaincar,sparse
0,2163,-1.0,200,0.0035223867744207382,-1.0,1.8425886082695797e-05,0.0,DQN_RND,0.001,0.99,mountaincar,sparse
0,2164,-1.0,200,0.005279661156237125,-1.0,1.9811046513495967e-05,0.0,DQN_RND,0.001,0.99,mountaincar,sparse
0,2165,-1.0,200,0.0026393700391054153,-1.0,2.092095928674098e-05,0.0,DQN_RND,0.001,0.99,mountaincar,sparse
0,2166,-1.0,200,0.0026427661068737507,-1.0,2.514307743695099e-05,0.0,DQN_RND,0.001,0.99,mountaincar,sparse
0,2167,-1.0,200,0.001761619932949543,-1.0,2.3508186131948605e-05,0.0,DQN_RND,0.001,0.99,mountaincar,sparse
0,2168,-1.0,200,0.004400934092700481,-1.0,2.280374064866919e-05,0.0,DQN_RND,0.001,0.99,mountaincar,sparse
0,2169,-1.0,200,0.0035198917612433434,-1.0,1.9768602214753628e-05,0.0,DQN_RND,0.001,0.99,mountaincar,sparse
0,2170,-1.0,200,0.0017613734817132354,-1.0,2.0292724002501927e-05,0.0,DQN_RND,0.001,0.99,mountaincar,sparse
0,2171,-1.0,200,0.0026411034632474184,-1.0,2.368860805290751e-05,0.0,DQN_RND,0.001,0.99,mountaincar,sparse
0,2172,-1.0,200,0.0026409446727484465,-1.0,2.358719393669162e-05,0.0,DQN_RND,0.001,0.99,mountaincar,sparse
0,2173,-1.0,200,0.00704184640198946,-1.0,1.930193684529513e-05,0.0,DQN_RND,0.001,0.99,mountaincar,sparse
0,2174,-1.0,200,0.0043985918164253235,-1.0,2.443322773615364e-05,0.0,DQN_RND,0.001,0.99,mountaincar,sparse
0,2175,-1.0,200,0.004397775046527386,-1.0,2.1864718291908503e-05,0.0,DQN_RND,0.001,0.99,mountaincar,sparse
0,2176,-1.0,200,0.005276480223983526,-1.0,1.4970998563512694e-05,0.0,DQN_RND,0.001,0.99,mountaincar,sparse
0,2177,-1.0,200,0.006156586576253176,-1.0,1.53432265506126e-05,0.0,DQN_RND,0.001,0.99,mountaincar,sparse
0,2178,-1.0,200,0.005277451127767563,-1.0,2.25329386012163e-05,0.0,DQN_RND,0.001,0.99,mountaincar,sparse
0,2179,-1.0,200,0.006154784467071295,-1.0,1.591743784956634e-05,0.0,DQN_RND,0.001,0.99,mountaincar,sparse
0,2180,-1.0,200,0.0035169473849236965,-1.0,2.2755153622711077e-05,0.0,DQN_RND,0.001,0.99,mountaincar,sparse
0,2181,-1.0,200,0.008796053007245064,-1.0,1.451554362574825e-05,0.0,DQN_RND,0.001,0.99,mountaincar,sparse
0,2182,-1.0,200,0.0026400736533105373,-1.0,2.2244816136662848e-05,0.0,DQN_RND,0.001,0.99,mountaincar,sparse
0,2183,-1.0,200,0.0035164435394108295,-1.0,2.2120244466350414e-05,0.0,DQN_RND,0.001,0.99,mountaincar,sparse
0,2184,-1.0,200,0.006155278068035841,-1.0,1.5728450307506137e-05,0.0,DQN_RND,0.001,0.99,mountaincar,sparse
0,2185,-1.0,200,0.007032176945358515,-1.0,1.71361789398361e-05,0.0,DQN_RND,0.001,0.99,mountaincar,sparse
0,2186,-1.0,200,0.004395348951220512,-1.0,1.4953261597838718e-05,0.0,DQN_RND,0.001,0.99,mountaincar,sparse
0,2187,-1.0,200,0.0026364887598901987,-1.0,1.4369426025950816e-05,0.0,DQN_RND,0.001,0.99,mountaincar,sparse
0,2188,-1.0,200,0.0017593327211216092,-1.0,2.5528628611937165e-05,0.0,DQN_RND,0.001,0.99,mountaincar,sparse
0,2189,-1.0,200,0.007029361091554165,-1.0,1.4380926586454734e-05,0.0,DQN_RND,0.001,0.99,mountaincar,sparse
0,2190,-1.0,200,0.003515977645292878,-1.0,1.7739153918228112e-05,0.0,DQN_RND,0.001,0.99,mountaincar,sparse
0,2191,-1.0,200,0.00439417501911521,-1.0,2.4719221983104944e-05,0.0,DQN_RND,0.001,0.99,mountaincar,sparse
0,2192,-1.0,200,0.005277357529848814,-1.0,2.4091677914839238e-05,0.0,DQN_RND,0.001,0.99,mountaincar,sparse
0,2193,-1.0,200,0.0008795596659183502,-1.0,2.3717762815067545e-05,0.0,DQN_RND,0.001,0.99,mountaincar,sparse
0,2194,-1.0,200,0.0035165140870958567,-1.0,2.6131934646400623e-05,0.0,DQN_RND,0.001,0.99,mountaincar,sparse
0,2195,-1.0,200,0.0026349613908678293,-1.0,2.232294536952395e-05,0.0,DQN_RND,0.001,0.99,mountaincar,sparse
0,2196,-1.0,200,0.004396006930619478,-1.0,2.6691341190598905e-05,0.0,DQN_RND,0.001,0.99,mountaincar,sparse
0,2197,-1.0,200,0.004391536116600037,-1.0,1.5954477930790745e-05,0.0,DQN_RND,0.001,0.99,mountaincar,sparse
0,2198,-1.0,200,0.0061485846526920795,-1.0,2.639833837747574e-05,0.0,DQN_RND,0.001,0.99,mountaincar,sparse
0,2199,-1.0,200,0.007033117115497589,-1.0,1.4139956874714699e-05,0.0,DQN_RND,0.001,0.99,mountaincar,sparse
0,2200,-1.0,200,0.005270096007734537,-1.0,2.6075687856064178e-05,0.0,DQN_RND,0.001,0.99,mountaincar,sparse
0,2201,-1.0,200,0.004393001087009907,-1.0,2.0831930669373833e-05,0.0,DQN_RND,0.001,0.99,mountaincar,sparse
0,2202,-1.0,200,0.006154207978397608,-1.0,2.243430571979843e-05,0.0,DQN_RND,0.001,0.99,mountaincar,sparse
0,2203,-1.0,200,0.007903194054961205,-1.0,1.9077935576206073e-05,0.0,DQN_RND,0.001,0.99,mountaincar,sparse
0,2204,-1.0,200,0.0035146470181643963,-1.0,1.3929963643022347e-05,0.0,DQN_RND,0.001,0.99,mountaincar,sparse
0,2205,-1.0,200,0.004391526337713003,-1.0,2.5527406251057982e-05,0.0,DQN_RND,0.001,0.99,mountaincar,sparse
0,2206,-1.0,200,0.003514390205964446,-1.0,1.5081240235303994e-05,0.0,DQN_RND,0.001,0.99,mountaincar,sparse
0,2207,-1.0,200,0.006148039363324642,-1.0,2.384111940045841e-05,0.0,DQN_RND,0.001,0.99,mountaincar,sparse
0,2208,-1.0,200,0.004391063004732132,-1.0,2.6513473130762577e-05,0.0,DQN_RND,0.001,0.99,mountaincar,sparse
0,2209,-1.0,200,0.0008798763155937195,-1.0,1.4468982953985687e-05,0.0,DQN_RND,0.001,0.99,mountaincar,sparse
0,2210,-1.0,200,0.002636583987623453,-1.0,1.8404045476927422e-05,0.0,DQN_RND,0.001,0.99,mountaincar,sparse
0,2211,-1.0,200,0.004389623180031776,-1.0,2.5574725441401824e-05,0.0,DQN_RND,0.001,0.99,mountaincar,sparse
0,2212,-1.0,200,0.005275499075651169,-1.0,1.6073630831670016e-05,0.0,DQN_RND,0.001,0.99,mountaincar,sparse
0,2213,-1.0,200,0.0061442190781235695,-1.0,2.3055707060848363e-05,0.0,DQN_RND,0.001,0.99,mountaincar,sparse
0,2214,-1.0,200,0.007031416520476341,-1.0,1.5607312889187597e-05,0.0,DQN_RND,0.001,0.99,mountaincar,sparse
0,2215,-1.0,200,0.0035121182445436716,-1.0,1.3928289263276383e-05,0.0,DQN_RND,0.001,0.99,mountaincar,sparse
0,2216,-1.0,200,0.004391350317746401,-1.0,1.6536265320610255e-05,0.0,DQN_RND,0.001,0.99,mountaincar,sparse
0,2217,-1.0,200,0.003510194830596447,-1.0,1.5273551980499178e-05,0.0,DQN_RND,0.001,0.99,mountaincar,sparse
0,2218,-1.0,200,0.0026333341374993324,-1.0,2.1649975678883493e-05,0.0,DQN_RND,0.001,0.99,mountaincar,sparse
0,2219,-1.0,200,0.0026344081852585077,-1.0,2.4687366021680646e-05,0.0,DQN_RND,0.001,0.99,mountaincar,sparse
0,2220,-1.0,200,0.004389170091599226,-1.0,1.9643235646071844e-05,0.0,DQN_RND,0.001,0.99,mountaincar,sparse
0,2221,-1.0,200,0.001760072074830532,-1.0,1.7372089132550173e-05,0.0,DQN_RND,0.001,0.99,mountaincar,sparse
0,2222,-1.0,200,0.004389118403196335,-1.0,1.4066996300243773e-05,0.0,DQN_RND,0.001,0.99,mountaincar,sparse
0,2223,-1.0,200,0.0043884096667170525,-1.0,1.3505323295248672e-05,0.0,DQN_RND,0.001,0.99,mountaincar,sparse
0,2224,-1.0,200,0.005266636610031128,-1.0,1.3800692613585852e-05,0.0,DQN_RND,0.001,0.99,mountaincar,sparse
0,2225,-1.0,200,0.0035116642247885466,-1.0,1.3841013242199551e-05,0.0,DQN_RND,0.001,0.99,mountaincar,sparse
0,2226,-1.0,200,0.004384955856949091,-1.0,1.828373206080869e-05,0.0,DQN_RND,0.001,0.99,mountaincar,sparse
0,2227,-1.0,200,0.002633112482726574,-1.0,1.4099253348831553e-05,0.0,DQN_RND,0.001,0.99,mountaincar,sparse
0,2228,-1.0,200,0.0052694110199809074,-1.0,1.3367602150538005e-05,0.0,DQN_RND,0.001,0.99,mountaincar,sparse
0,2229,-1.0,200,0.005266091786324978,-1.0,1.6023366697481833e-05,0.0,DQN_RND,0.001,0.99,mountaincar,sparse
0,2230,-1.0,200,1.8156035821448313e-06,-1.0,1.6617113942629658e-05,0.0,DQN_RND,0.001,0.99,mountaincar,sparse
0,2231,-1.0,200,0.005262626800686121,-1.0,1.3820625099469908e-05,0.0,DQN_RND,0.001,0.99,mountaincar,sparse
0,2232,-1.0,200,0.0035095682833343744,-1.0,2.4236000172095373e-05,0.0,DQN_RND,0.001,0.99,mountaincar,sparse
0,2233,-1.0,200,0.005262141115963459,-1.0,1.5261986845871434e-05,0.0,DQN_RND,0.001,0.99,mountaincar,sparse
0,2234,-1.0,200,0.003510288428515196,-1.0,1.9654982679639943e-05,0.0,DQN_RND,0.001,0.99,mountaincar,sparse
0,2235,-1.0,200,0.010526495985686779,-1.0,2.5061515771085396e-05,0.0,DQN_RND,0.001,0.99,mountaincar,sparse
0,2236,-1.0,200,0.0017536034574732184,-1.0,1.989506563404575e-05,0.0,DQN_RND,0.001,0.99,mountaincar,sparse
0,2237,-1.0,200,0.0043899365700781345,-1.0,1.630971564736683e-05,0.0,DQN_RND,0.001,0.99,mountaincar,sparse
0,2238,-1.0,200,0.005263577215373516,-1.0,1.3437921552394982e-05,0.0,DQN_RND,0.001,0.99,mountaincar,sparse
0,2239,-1.0,200,0.0017561597051098943,-1.0,2.087739994749427e-05,0.0,DQN_RND,0.001,0.99,mountaincar,sparse
0,2240,-1.0,200,0.0035112847108393908,-1.0,2.5438685042900033e-05,0.0,DQN_RND,0.001,0.99,mountaincar,sparse
0,2241,-1.0,200,0.0035137212835252285,-1.0,1.5397979950648732e-05,0.0,DQN_RND,0.001,0.99,mountaincar,sparse
0,2242,-1.0,200,0.005264827515929937,-1.0,1.3415531611826736e-05,0.0,DQN_RND,0.001,0.99,mountaincar,sparse
0,2243,-1.0,200,0.0035081382375210524,-1.0,1.8074117178912275e-05,0.0,DQN_RND,0.001,0.99,mountaincar,sparse
0,2244,-1.0,200,0.005261441692709923,-1.0,1.692849582468625e-05,0.0,DQN_RND,0.001,0.99,mountaincar,sparse
0,2245,-1.0,200,0.0035075657069683075,-1.0,2.272425808769185e-05,0.0,DQN_RND,0.001,0.99,mountaincar,sparse
0,2246,-1.0,200,0.004388939589262009,-1.0,1.398681433784077e-05,0.0,DQN_RND,0.001,0.99,mountaincar,sparse
0,2247,-1.0,200,0.0035107836592942476,-1.0,1.6834605048643425e-05,0.0,DQN_RND,0.001,0.99,mountaincar,sparse
0,2248,-1.0,200,0.005258645862340927,-1.0,1.444711051590275e-05,0.0,DQN_RND,0.001,0.99,mountaincar,sparse
0,2249,-1.0,200,0.0043900348246097565,-1.0,1.636764864088036e-05,0.0,DQN_RND,0.001,0.99,mountaincar,sparse
0,2250,-1.0,200,0.005264563020318747,-1.0,1.7061396647477522e-05,0.0,DQN_RND,0.001,0.99,mountaincar,sparse
0,2251,-1.0,200,0.004381747916340828,-1.0,2.1477340851561166e-05,0.0,DQN_RND,0.001,0.99,mountaincar,sparse
0,2252,-1.0,200,0.006136725656688213,-1.0,1.4275916328188032e-05,0.0,DQN_RND,0.001,0.99,mountaincar,sparse
0,2253,-1.0,200,0.0035062115639448166,-1.0,1.4244497833715286e-05,0.0,DQN_RND,0.001,0.99,mountaincar,sparse
0,2254,-1.0,200,0.005261234473437071,-1.0,1.6576879716012627e-05,0.0,DQN_RND,0.001,0.99,mountaincar,sparse
0,2255,-1.0,200,0.007009652443230152,-1.0,2.1246905816951767e-05,0.0,DQN_RND,0.001,0.99,mountaincar,sparse
0,2256,-1.0,200,0.0017518497770652175,-1.0,1.3419480637821835e-05,0.0,DQN_RND,0.001,0.99,mountaincar,sparse
0,2257,-1.0,200,0.0052549270913004875,-1.0,1.3181263057049364e-05,0.0,DQN_RND,0.001,0.99,mountaincar,sparse
0,2258,-1.0,200,0.005256922449916601,-1.0,2.3023128960630856e-05,0.0,DQN_RND,0.001,0.99,mountaincar,sparse
0,2259,-1.0,200,0.0035062034148722887,-1.0,1.3459341062116437e-05,0.0,DQN_RND,0.001,0.99,mountaincar,sparse
0,2260,-1.0,200,0.007009962107986212,-1.0,1.286147289647488e-05,0.0,DQN_RND,0.001,0.99,mountaincar,sparse
0,2261,-1.0,200,0.003508367110043764,-1.0,1.4166850633046124e-05,0.0,DQN_RND,0.001,0.99,mountaincar,sparse
0,2262,-1.0,200,0.00613063108175993,-1.0,1.8338490917813033e-05,0.0,DQN_RND,0.001,0.99,mountaincar,sparse
0,2263,-1.0,200,0.0017527955351397395,-1.0,1.3633379239763599e-05,0.0,DQN_RND,0.001,0.99,mountaincar,sparse
0,2264,-1.0,200,0.007882763631641865,-1.0,2.086230779241305e-05,0.0,DQN_RND,0.001,0.99,mountaincar,sparse
0,2265,-1.0,200,0.005257490556687117,-1.0,2.1770068997284397e-05,0.0,DQN_RND,0.001,0.99,mountaincar,sparse
0,2266,-1.0,200,0.0008762966026552022,-1.0,1.740290827001445e-05,0.0,DQN_RND,0.001,0.99,mountaincar,sparse
0,2267,-1.0,200,0.003504473250359297,-1.0,1.3873191164748278e-05,0.0,DQN_RND,0.001,0.99,mountaincar,sparse
0,2268,-1.0,200,0.010505362413823605,-1.0,1.5580229955958202e-05,0.0,DQN_RND,0.001,0.99,mountaincar,sparse
0,2269,-1.0,200,0.002625721041113138,-1.0,1.9887107555405237e-05,0.0,DQN_RND,0.001,0.99,mountaincar,sparse
0,2270,-1.0,200,0.0017533113714307547,-1.0,2.0415722246980295e-05,0.0,DQN_RND,0.001,0.99,mountaincar,sparse
0,2271,-1.0,200,0.0017541070701554418,-1.0,2.308580769749824e-05,0.0,DQN_RND,0.001,0.99,mountaincar,sparse
0,2272,-1.0,200,0.007877879776060581,-1.0,1.671695281402208e-05,0.0,DQN_RND,0.001,0.99,mountaincar,sparse
0,2273,-1.0,200,0.003503844141960144,-1.0,2.313362892891746e-05,0.0,DQN_RND,0.001,0.99,mountaincar,sparse
0,2274,-1.0,200,0.008753557689487934,-1.0,1.638180583540816e-05,0.0,DQN_RND,0.001,0.99,mountaincar,sparse
0,2275,-1.0,200,0.0026266267523169518,-1.0,1.6453186617582105e-05,0.0,DQN_RND,0.001,0.99,mountaincar,sparse
0,2276,-1.0,200,0.007874937728047371,-1.0,1.482016159570776e-05,0.0,DQN_RND,0.001,0.99,mountaincar,sparse
0,2277,-1.0,200,0.004375865682959557,-1.0,2.2055244699004106e-05,0.0,DQN_RND,0.001,0.99,mountaincar,sparse
0,2278,-1.0,200,0.005254005081951618,-1.0,1.565775710332673e-05,0.0,DQN_RND,0.001,0.99,mountaincar,sparse
0,2279,-1.0,200,0.005253753159195185,-1.0,1.531841371615883e-05,0.0,DQN_RND,0.001,0.99,mountaincar,sparse
0,2280,-1.0,200,0.003499277401715517,-1.0,1.9479524780763313e-05,0.0,DQN_RND,0.001,0.99,mountaincar,sparse
0,2281,-1.0,200,0.00525271613150835,-1.0,2.2470356270787306e-05,0.0,DQN_RND,0.001,0.99,mountaincar,sparse
0,2282,-1.0,200,0.007874486036598682,-1.0,2.0558149117277935e-05,0.0,DQN_RND,0.001,0.99,mountaincar,sparse
0,2283,-1.0,200,0.0034973472356796265,-1.0,1.9056715245824307e-05,0.0,DQN_RND,0.001,0.99,mountaincar,sparse
0,2284,-1.0,200,0.003500033402815461,-1.0,1.2617791071534157e-05,0.0,DQN_RND,0.001,0.99,mountaincar,sparse
0,2285,-1.0,200,0.002623660722747445,-1.0,1.9484941731207073e-05,0.0,DQN_RND,0.001,0.99,mountaincar,sparse
0,2286,-1.0,200,0.002622520085424185,-1.0,1.4987819668021984e-05,0.0,DQN_RND,0.001,0.99,mountaincar,sparse
0,2287,-1.0,200,0.0034974452573806047,-1.0,2.350910108361859e-05,0.0,DQN_RND,0.001,0.99,mountaincar,sparse
0,2288,-1.0,200,0.004376720637083054,-1.0,1.6369911463698372e-05,0.0,DQN_RND,0.001,0.99,mountaincar,sparse
0,2289,-1.0,200,0.007000664249062538,-1.0,2.157679045922123e-05,0.0,DQN_RND,0.001,0.99,mountaincar,sparse
0,2290,-1.0,200,0.005246435757726431,-1.0,1.9469680410111323e-05,0.0,DQN_RND,0.001,0.99,mountaincar,sparse
0,2291,-1.0,200,0.006120502948760986,-1.0,2.1799743990413845e-05,0.0,DQN_RND,0.001,0.99,mountaincar,sparse
0,2292,-1.0,200,0.0043723126873373985,-1.0,1.8236038158647716e-05,0.0,DQN_RND,0.001,0.99,mountaincar,sparse
0,2293,-1.0,200,0.00699799507856369,-1.0,2.217627115896903e-05,0.0,DQN_RND,0.001,0.99,mountaincar,sparse
0,2294,-1.0,200,0.0017487229779362679,-1.0,1.927204357343726e-05,0.0,DQN_RND,0.001,0.99,mountaincar,sparse
0,2295,-1.0,200,0.0026229124050587416,-1.0,1.9250588593422435e-05,0.0,DQN_RND,0.001,0.99,mountaincar,sparse
0,2296,-1.0,200,0.006119272671639919,-1.0,1.8604014258016832e-05,0.0,DQN_RND,0.001,0.99,mountaincar,sparse
0,2297,-1.0,200,0.002624507062137127,-1.0,1.9583867469918914e-05,0.0,DQN_RND,0.001,0.99,mountaincar,sparse
0,2298,-1.0,200,0.0008767224499024451,-1.0,1.9361572412890382e-05,0.0,DQN_RND,0.001,0.99,mountaincar,sparse
0,2299,-1.0,200,0.007866919972002506,-1.0,1.7240796296391636e-05,0.0,DQN_RND,0.001,0.99,mountaincar,sparse
0,2300,-1.0,200,0.006116688251495361,-1.0,1.4689198906125966e-05,0.0,DQN_RND,0.001,0.99,mountaincar,sparse
0,2301,-1.0,200,0.0034951495472341776,-1.0,1.967615207831841e-05,0.0,DQN_RND,0.001,0.99,mountaincar,sparse
0,2302,-1.0,200,0.008741521276533604,-1.0,1.9586183043429628e-05,0.0,DQN_RND,0.001,0.99,mountaincar,sparse
0,2303,-1.0,200,0.002621391788125038,-1.0,2.0569679691107012e-05,0.0,DQN_RND,0.001,0.99,mountaincar,sparse
0,2304,-1.0,200,0.004370911978185177,-1.0,1.651321326789912e-05,0.0,DQN_RND,0.001,0.99,mountaincar,sparse
0,2305,-1.0,200,0.006120208650827408,-1.0,1.5314148186007515e-05,0.0,DQN_RND,0.001,0.99,mountaincar,sparse
0,2306,-1.0,200,0.0017468243604525924,-1.0,1.7683176338323392e-05,0.0,DQN_RND,0.001,0.99,mountaincar,sparse
0,2307,-1.0,200,0.006987298838794231,-1.0,1.8359594832872972e-05,0.0,DQN_RND,0.001,0.99,mountaincar,sparse
0,2308,-1.0,200,0.0026201216969639063,-1.0,1.692771547823213e-05,0.0,DQN_RND,0.001,0.99,mountaincar,sparse
0,2309,-1.0,200,0.004367996472865343,-1.0,1.5085802260728087e-05,0.0,DQN_RND,0.001,0.99,mountaincar,sparse
0,2310,-1.0,200,0.002625556429848075,-1.0,1.658784822211601e-05,0.0,DQN_RND,0.001,0.99,mountaincar,sparse
0,2311,-1.0,200,0.0026203570887446404,-1.0,1.6365300325560383e-05,0.0,DQN_RND,0.001,0.99,mountaincar,sparse
0,2312,-1.0,200,0.00349364778958261,-1.0,1.631512895983178e-05,0.0,DQN_RND,0.001,0.99,mountaincar,sparse
0,2313,-1.0,200,0.002620504703372717,-1.0,1.7985077647608705e-05,0.0,DQN_RND,0.001,0.99,mountaincar,sparse
0,2314,-1.0,200,0.0017466457793489099,-1.0,1.959636756510008e-05,0.0,DQN_RND,0.001,0.99,mountaincar,sparse
0,2315,-1.0,200,0.0026211070362478495,-1.0,1.4912820915924385e-05,0.0,DQN_RND,0.001,0.99,mountaincar,sparse
0,2316,-1.0,200,0.004369149915874004,-1.0,1.826411607908085e-05,0.0,DQN_RND,0.001,0.99,mountaincar,sparse
0,2317,-1.0,200,0.006113737355917692,-1.0,1.5771156540722586e-05,0.0,DQN_RND,0.001,0.99,mountaincar,sparse
0,2318,-1.0,200,0.00873048696666956,-1.0,1.543303187645506e-05,0.0,DQN_RND,0.001,0.99,mountaincar,sparse
0,2319,-1.0,200,0.0034918482415378094,-1.0,1.5299830920412205e-05,0.0,DQN_RND,0.001,0.99,mountaincar,sparse
0,2320,-1.0,200,0.0017457847716286778,-1.0,1.4903910596331116e-05,0.0,DQN_RND,0.001,0.99,mountaincar,sparse
0,2321,-1.0,200,0.003493004944175482,-1.0,1.6118290659505874e-05,0.0,DQN_RND,0.001,0.99,mountaincar,sparse
0,2322,-1.0,200,0.003491263836622238,-1.0,1.4771547284908593e-05,0.0,DQN_RND,0.001,0.99,mountaincar,sparse
0,2323,-1.0,200,0.00523727759718895,-1.0,1.6394649719586596e-05,0.0,DQN_RND,0.001,0.99,mountaincar,sparse
0,2324,-1.0,200,0.003492241259664297,-1.0,1.5058706594572868e-05,0.0,DQN_RND,0.001,0.99,mountaincar,sparse
0,2325,-1.0,200,0.007852163165807724,-1.0,1.625089680601377e-05,0.0,DQN_RND,0.001,0.99,mountaincar,sparse
0,2326,-1.0,200,0.005234889220446348,-1.0,1.4973000361351296e-05,0.0,DQN_RND,0.001,0.99,mountaincar,sparse
0,2327,-1.0,200,0.007850278168916702,-1.0,1.5410359992529266e-05,0.0,DQN_RND,0.001,0.99,mountaincar,sparse
0,2328,-1.0,200,0.0017452908214181662,-1.0,1.4905856005498208e-05,0.0,DQN_RND,0.001,0.99,mountaincar,sparse
0,2329,-1.0,200,0.003488808171823621,-1.0,1.4961391570977867e-05,0.0,DQN_RND,0.001,0.99,mountaincar,sparse
0,2330,-1.0,200,0.005231914110481739,-1.0,1.487906320107868e-05,0.0,DQN_RND,0.001,0.99,mountaincar,sparse
0,2331,-1.0,200,0.004360748454928398,-1.0,1.6389600205002353e-05,0.0,DQN_RND,0.001,0.99,mountaincar,sparse
0,2332,-1.0,200,0.004361375700682402,-1.0,1.4722387277288362e-05,0.0,DQN_RND,0.001,0.99,mountaincar,sparse
0,2333,-1.0,200,0.0026182623114436865,-1.0,1.623697971808724e-05,0.0,DQN_RND,0.001,0.99,mountaincar,sparse
0,2334,-1.0,200,0.0034880090970546007,-1.0,1.7463818949181587e-05,0.0,DQN_RND,0.001,0.99,mountaincar,sparse
0,2335,-1.0,200,0.004361522383987904,-1.0,1.464839260734152e-05,0.0,DQN_RND,0.001,0.99,mountaincar,sparse
0,2336,-1.0,200,0.0043592010624706745,-1.0,1.4635369552706834e-05,0.0,DQN_RND,0.001,0.99,mountaincar,sparse
0,2337,-1.0,200,0.0034922270569950342,-1.0,1.4417718375625554e-05,0.0,DQN_RND,0.001,0.99,mountaincar,sparse
0,2338,-1.0,200,0.005235918331891298,-1.0,1.459060877095908e-05,0.0,DQN_RND,0.001,0.99,mountaincar,sparse
0,2339,-1.0,200,0.004357578232884407,-1.0,1.4366629329742864e-05,0.0,DQN_RND,0.001,0.99,mountaincar,sparse
0,2340,-1.0,200,0.004356440622359514,-1.0,1.4312674466054887e-05,0.0,DQN_RND,0.001,0.99,mountaincar,sparse
0,2341,-1.0,200,0.002615737495943904,-1.0,1.538138349133078e-05,0.0,DQN_RND,0.001,0.99,mountaincar,sparse
0,2342,-1.0,200,0.003485131310299039,-1.0,1.4195356925483793e-05,0.0,DQN_RND,0.001,0.99,mountaincar,sparse
0,2343,-1.0,200,0.005229751579463482,-1.0,1.4207508684194181e-05,0.0,DQN_RND,0.001,0.99,mountaincar,sparse
0,2344,-1.0,200,0.009587201289832592,-1.0,1.4114942132437136e-05,0.0,DQN_RND,0.001,0.99,mountaincar,sparse
0,2345,-1.0,200,0.0026123714633286,-1.0,1.4113773431745358e-05,0.0,DQN_RND,0.001,0.99,mountaincar,sparse
0,2346,-1.0,200,0.003487365087494254,-1.0,1.670760138949845e-05,0.0,DQN_RND,0.001,0.99,mountaincar,sparse
0,2347,-1.0,200,0.0008740759803913534,-1.0,1.4079211723583285e-05,0.0,DQN_RND,0.001,0.99,mountaincar,sparse
0,2348,-1.0,200,0.005224901717156172,-1.0,1.4677577382826712e-05,0.0,DQN_RND,0.001,0.99,mountaincar,sparse
0,2349,-1.0,200,0.001743751810863614,-1.0,1.4057325643079821e-05,0.0,DQN_RND,0.001,0.99,mountaincar,sparse
0,2350,-1.0,200,0.0034863229375332594,-1.0,1.731512020342052e-05,0.0,DQN_RND,0.001,0.99,mountaincar,sparse
0,2351,-1.0,200,0.006098997313529253,-1.0,1.414244070474524e-05,0.0,DQN_RND,0.001,0.99,mountaincar,sparse
0,2352,-1.0,200,0.006971360649913549,-1.0,1.3721029972657561e-05,0.0,DQN_RND,0.001,0.99,mountaincar,sparse
0,2353,-1.0,200,0.0008722919155843556,-1.0,1.3635812138090841e-05,0.0,DQN_RND,0.001,0.99,mountaincar,sparse
0,2354,-1.0,200,0.0034867548383772373,-1.0,1.40580841616611e-05,0.0,DQN_RND,0.001,0.99,mountaincar,sparse
0,2355,-1.0,200,0.006095541641116142,-1.0,1.4161180843075272e-05,0.0,DQN_RND,0.001,0.99,mountaincar,sparse
0,2356,-1.0,200,0.005226781591773033,-1.0,1.3514734746422619e-05,0.0,DQN_RND,0.001,0.99,mountaincar,sparse
0,2357,-1.0,200,0.0026119216345250607,-1.0,1.3451865015667863e-05,0.0,DQN_RND,0.001,0.99,mountaincar,sparse
0,2358,-1.0,200,0.0026157021056860685,-1.0,1.4538934919983149e-05,0.0,DQN_RND,0.001,0.99,mountaincar,sparse
0,2359,-1.0,200,0.0043575032614171505,-1.0,1.3434186257654801e-05,0.0,DQN_RND,0.001,0.99,mountaincar,sparse
0,2360,-1.0,200,0.0008736034506000578,-1.0,1.34523452288704e-05,0.0,DQN_RND,0.001,0.99,mountaincar,sparse
0,2361,-1.0,200,0.0017461089882999659,-1.0,1.3362888239498716e-05,0.0,DQN_RND,0.001,0.99,mountaincar,sparse
0,2362,-1.0,200,0.002616117475554347,-1.0,1.3363589459913783e-05,0.0,DQN_RND,0.001,0.99,mountaincar,sparse
0,2363,-1.0,200,0.002614854834973812,-1.0,1.3360932825889904e-05,0.0,DQN_RND,0.001,0.99,mountaincar,sparse
0,2364,-1.0,200,0.0017413357272744179,-1.0,1.3488683180185035e-05,0.0,DQN_RND,0.001,0.99,mountaincar,sparse
0,2365,-1.0,200,0.0008735745796002448,-1.0,1.3411328836809844e-05,0.0,DQN_RND,0.001,0.99,mountaincar,sparse
0,2366,-1.0,200,0.006961147300899029,-1.0,1.337669982603984e-05,0.0,DQN_RND,0.001,0.99,mountaincar,sparse
0,2367,-1.0,200,0.002610214054584503,-1.0,1.3946601939096581e-05,0.0,DQN_RND,0.001,0.99,mountaincar,sparse
0,2368,-1.0,200,0.0052313245832920074,-1.0,1.351263199467212e-05,0.0,DQN_RND,0.001,0.99,mountaincar,sparse
0,2369,-1.0,200,0.006968872155994177,-1.0,1.3114585271978285e-05,0.0,DQN_RND,0.001,0.99,mountaincar,sparse
0,2370,-1.0,200,0.003488450776785612,-1.0,1.2960472304257564e-05,0.0,DQN_RND,0.001,0.99,mountaincar,sparse
0,2371,-1.0,200,0.004357944242656231,-1.0,1.3561388186644763e-05,0.0,DQN_RND,0.001,0.99,mountaincar,sparse
0,2372,-1.0,200,0.002610822208225727,-1.0,1.2661016626225319e-05,0.0,DQN_RND,0.001,0.99,mountaincar,sparse
0,2373,-1.0,200,0.004354226402938366,-1.0,1.3311325346876401e-05,0.0,DQN_RND,0.001,0.99,mountaincar,sparse
0,2374,-1.0,200,0.0017416536575183272,-1.0,1.2840398994740099e-05,0.0,DQN_RND,0.001,0.99,mountaincar,sparse
0,2375,-1.0,200,0.006961380131542683,-1.0,1.5268138668034226e-05,0.0,DQN_RND,0.001,0.99,mountaincar,sparse
0,2376,-1.0,200,0.006095267832279205,-1.0,1.559850716148503e-05,0.0,DQN_RND,0.001,0.99,mountaincar,sparse
0,2377,-1.0,200,0.006100067403167486,-1.0,1.4217895113688428e-05,0.0,DQN_RND,0.001,0.99,mountaincar,sparse
0,2378,-1.0,200,0.003480175044387579,-1.0,1.3120708899805322e-05,0.0,DQN_RND,0.001,0.99,mountaincar,sparse
0,2379,-1.0,200,0.0017427486600354314,-1.0,1.4957369785406627e-05,0.0,DQN_RND,0.001,0.99,mountaincar,sparse
0,2380,-1.0,200,0.0017454016488045454,-1.0,1.2730794878734741e-05,0.0,DQN_RND,0.001,0.99,mountaincar,sparse
0,2381,-1.0,200,0.0034818733111023903,-1.0,1.3558066711993888e-05,0.0,DQN_RND,0.001,0.99,mountaincar,sparse
0,2382,-1.0,200,0.004353380762040615,-1.0,1.2747542314173188e-05,0.0,DQN_RND,0.001,0.99,mountaincar,sparse
0,2383,-1.0,200,0.00174404785502702,-1.0,1.3001455045014154e-05,0.0,DQN_RND,0.001,0.99,mountaincar,sparse
0,2384,-1.0,200,0.0043506924994289875,-1.0,1.2473306924221106e-05,0.0,DQN_RND,0.001,0.99,mountaincar,sparse
0,2385,-1.0,200,0.0034870270173996687,-1.0,1.248293756361818e-05,0.0,DQN_RND,0.001,0.99,mountaincar,sparse
0,2386,-1.0,200,0.002609876450151205,-1.0,1.2575400432979222e-05,0.0,DQN_RND,0.001,0.99,mountaincar,sparse
0,2387,-1.0,200,0.001744261709973216,-1.0,1.2218454685353208e-05,0.0,DQN_RND,0.001,0.99,mountaincar,sparse
0,2388,-1.0,200,0.0034781810827553272,-1.0,1.389333738188725e-05,0.0,DQN_RND,0.001,0.99,mountaincar,sparse
0,2389,-1.0,200,0.006954745855182409,-1.0,1.208079993375577e-05,0.0,DQN_RND,0.001,0.99,mountaincar,sparse
0,2390,-1.0,200,0.008697292767465115,-1.0,1.193099615193205e-05,0.0,DQN_RND,0.001,0.99,mountaincar,sparse
0,2391,-1.0,200,0.006952667608857155,-1.0,1.2210772183607332e-05,0.0,DQN_RND,0.001,0.99,mountaincar,sparse
0,2392,-1.0,200,0.003477705642580986,-1.0,1.2995260476600379e-05,0.0,DQN_RND,0.001,0.99,mountaincar,sparse
0,2393,-1.0,200,0.0034801913425326347,-1.0,1.2869068996224087e-05,0.0,DQN_RND,0.001,0.99,mountaincar,sparse
0,2394,-1.0,200,0.004348921123892069,-1.0,1.1746706150006503e-05,0.0,DQN_RND,0.001,0.99,mountaincar,sparse
0,2395,-1.0,200,0.0060888235457241535,-1.0,1.2656171747948974e-05,0.0,DQN_RND,0.001,0.99,mountaincar,sparse
0,2396,-1.0,200,0.005215243436396122,-1.0,1.3350980225368403e-05,0.0,DQN_RND,0.001,0.99,mountaincar,sparse
0,2397,-1.0,200,0.005212300457060337,-1.0,1.256949508388061e-05,0.0,DQN_RND,0.001,0.99,mountaincar,sparse
0,2398,-1.0,200,0.005216026678681374,-1.0,1.1874379197251983e-05,0.0,DQN_RND,0.001,0.99,mountaincar,sparse
0,2399,-1.0,200,0.00434813043102622,-1.0,1.1745205483748578e-05,0.0,DQN_RND,0.001,0.99,mountaincar,sparse
0,2400,-1.0,200,0.005211501847952604,-1.0,1.19238402476185e-05,0.0,DQN_RND,0.001,0.99,mountaincar,sparse
0,2401,-1.0,200,0.000871676835231483,-1.0,1.4215799637895543e-05,0.0,DQN_RND,0.001,0.99,mountaincar,sparse
0,2402,-1.0,200,0.005225226283073425,-1.0,1.2121043255319819e-05,0.0,DQN_RND,0.001,0.99,mountaincar,sparse
0,2403,-1.0,200,0.004343151580542326,-1.0,1.1823119166365359e-05,0.0,DQN_RND,0.001,0.99,mountaincar,sparse
0,2404,-1.0,200,0.006946486420929432,-1.0,1.1879790690727532e-05,0.0,DQN_RND,0.001,0.99,mountaincar,sparse
0,2405,-1.0,200,0.002611591015011072,-1.0,1.172785232483875e-05,0.0,DQN_RND,0.001,0.99,mountaincar,sparse
0,2406,-1.0,200,0.006084994412958622,-1.0,1.1852552233904134e-05,0.0,DQN_RND,0.001,0.99,mountaincar,sparse
0,2407,-1.0,200,0.0034748907200992107,-1.0,1.4572838153981138e-05,0.0,DQN_RND,0.001,0.99,mountaincar,sparse
0,2408,-1.0,200,0.0043452028185129166,-1.0,1.1678042938001454e-05,0.0,DQN_RND,0.001,0.99,mountaincar,sparse
0,2409,-1.0,200,0.0034817480482161045,-1.0,1.1773558981076349e-05,0.0,DQN_RND,0.001,0.99,mountaincar,sparse
0,2410,-1.0,200,0.004345140419900417,-1.0,1.157481165137142e-05,0.0,DQN_RND,0.001,0.99,mountaincar,sparse
0,2411,-1.0,200,0.006087923422455788,-1.0,1.1274129974481184e-05,0.0,DQN_RND,0.001,0.99,mountaincar,sparse
0,2412,-1.0,200,0.0034815494436770678,-1.0,1.1400712537579238e-05,0.0,DQN_RND,0.001,0.99,mountaincar,sparse
0,2413,-1.0,200,0.003481207648292184,-1.0,1.2241358490427956e-05,0.0,DQN_RND,0.001,0.99,mountaincar,sparse
0,2414,-1.0,200,0.0026099863462150097,-1.0,1.1437190551077947e-05,0.0,DQN_RND,0.001,0.99,mountaincar,sparse
0,2415,-1.0,200,0.0034735219087451696,-1.0,1.3233517165645026e-05,0.0,DQN_RND,0.001,0.99,mountaincar,sparse
0,2416,-1.0,200,0.0034703142009675503,-1.0,1.1327158063068055e-05,0.0,DQN_RND,0.001,0.99,mountaincar,sparse
0,2417,-1.0,200,0.006079752463847399,-1.0,1.1408506907173432e-05,0.0,DQN_RND,0.001,0.99,mountaincar,sparse
0,2418,-1.0,200,0.0017365050734952092,-1.0,1.1317252756271046e-05,0.0,DQN_RND,0.001,0.99,mountaincar,sparse
0,2419,-1.0,200,0.0034766707103699446,-1.0,1.1287575034657493e-05,0.0,DQN_RND,0.001,0.99,mountaincar,sparse
0,2420,-1.0,200,0.007821994833648205,-1.0,1.1418344001867808e-05,0.0,DQN_RND,0.001,0.99,mountaincar,sparse
0,2421,-1.0,200,0.007806341163814068,-1.0,1.1223080946365371e-05,0.0,DQN_RND,0.001,0.99,mountaincar,sparse
0,2422,-1.0,200,0.0008745043305680156,-1.0,1.1363973499101121e-05,0.0,DQN_RND,0.001,0.99,mountaincar,sparse
0,2423,-1.0,200,0.008674029260873795,-1.0,1.1735940461221617e-05,0.0,DQN_RND,0.001,0.99,mountaincar,sparse
0,2424,-1.0,200,0.0034779743291437626,-1.0,1.235602394444868e-05,0.0,DQN_RND,0.001,0.99,mountaincar,sparse
0,2425,-1.0,200,0.0026047024875879288,-1.0,1.154869551101001e-05,0.0,DQN_RND,0.001,0.99,mountaincar,sparse
0,2426,-1.0,200,0.0060769496485590935,-1.0,1.310608240601141e-05,0.0,DQN_RND,0.001,0.99,mountaincar,sparse
0,2427,-1.0,200,0.0017442349344491959,-1.0,1.1277509656792972e-05,0.0,DQN_RND,0.001,0.99,mountaincar,sparse
0,2428,-1.0,200,0.004339991603046656,-1.0,1.1261411600571591e-05,0.0,DQN_RND,0.001,0.99,mountaincar,sparse
0,2429,-1.0,200,0.006948284804821014,-1.0,1.155573409050703e-05,0.0,DQN_RND,0.001,0.99,mountaincar,sparse
0,2430,-1.0,200,0.006081627681851387,-1.0,1.0904665032285266e-05,0.0,DQN_RND,0.001,0.99,mountaincar,sparse
0,2431,-1.0,200,0.001739619066938758,-1.0,1.1939960131712724e-05,0.0,DQN_RND,0.001,0.99,mountaincar,sparse
0,2432,-1.0,200,0.002605198882520199,-1.0,1.2054053513566032e-05,0.0,DQN_RND,0.001,0.99,mountaincar,sparse
0,2433,-1.0,200,0.008685978129506111,-1.0,1.128440817410592e-05,0.0,DQN_RND,0.001,0.99,mountaincar,sparse
0,2434,-1.0,200,0.006946737412363291,-1.0,1.1218708095839247e-05,0.0,DQN_RND,0.001,0.99,mountaincar,sparse
0,2435,-1.0,200,0.009552092291414738,-1.0,1.1376302609278355e-05,0.0,DQN_RND,0.001,0.99,mountaincar,sparse
0,2436,-1.0,200,0.003474145196378231,-1.0,1.2916685591335408e-05,0.0,DQN_RND,0.001,0.99,mountaincar,sparse
0,2437,-1.0,200,0.006076715420931578,-1.0,1.1114735571027268e-05,0.0,DQN_RND,0.001,0.99,mountaincar,sparse
0,2438,-1.0,200,0.0026047045830637217,-1.0,1.1385837751731742e-05,0.0,DQN_RND,0.001,0.99,mountaincar,sparse
0,2439,-1.0,200,0.0069435671903193,-1.0,1.0941424079646822e-05,0.0,DQN_RND,0.001,0.99,mountaincar,sparse
0,2440,-1.0,200,0.0034715125802904367,-1.0,1.0726134860306047e-05,0.0,DQN_RND,0.001,0.99,mountaincar,sparse
0,2441,-1.0,200,0.0034681186079978943,-1.0,1.1781338798755314e-05,0.0,DQN_RND,0.001,0.99,mountaincar,sparse
0,2442,-1.0,200,0.0008686545770615339,-1.0,1.078647983376868e-05,0.0,DQN_RND,0.001,0.99,mountaincar,sparse
0,2443,-1.0,200,0.005197916645556688,-1.0,1.1229976735194214e-05,0.0,DQN_RND,0.001,0.99,mountaincar,sparse
0,2444,-1.0,200,0.006077809724956751,-1.0,1.1039466699003242e-05,0.0,DQN_RND,0.001,0.99,mountaincar,sparse
0,2445,-1.0,200,0.0052095940336585045,-1.0,1.0807093531184364e-05,0.0,DQN_RND,0.001,0.99,mountaincar,sparse
0,2446,-1.0,200,0.0017415350303053856,-1.0,1.0708072295528837e-05,0.0,DQN_RND,0.001,0.99,mountaincar,sparse
0,2447,-1.0,200,0.0034635583870112896,-1.0,1.1045886822103057e-05,0.0,DQN_RND,0.001,0.99,mountaincar,sparse
0,2448,-1.0,200,0.00346997007727623,-1.0,1.092163165594684e-05,0.0,DQN_RND,0.001,0.99,mountaincar,sparse
0,2449,-1.0,200,0.0026068631559610367,-1.0,1.0574632142379414e-05,0.0,DQN_RND,0.001,0.99,mountaincar,sparse
0,2450,-1.0,200,0.003477400168776512,-1.0,1.0477687283128034e-05,0.0,DQN_RND,0.001,0.99,mountaincar,sparse
0,2451,-1.0,200,0.00173728889785707,-1.0,1.0801538337545935e-05,0.0,DQN_RND,0.001,0.99,mountaincar,sparse
0,2452,-1.0,200,0.003468890208750963,-1.0,1.036887988448143e-05,0.0,DQN_RND,0.001,0.99,mountaincar,sparse
0,2453,-1.0,200,0.0026020559016615152,-1.0,1.0514198947930709e-05,0.0,DQN_RND,0.001,0.99,mountaincar,sparse
0,2454,-1.0,200,0.003477118443697691,-1.0,1.0446729902469087e-05,0.0,DQN_RND,0.001,0.99,mountaincar,sparse
0,2455,-1.0,200,0.00347393611446023,-1.0,1.2362471352389548e-05,0.0,DQN_RND,0.001,0.99,mountaincar,sparse
0,2456,-1.0,200,0.006074540317058563,-1.0,1.0354683581681456e-05,0.0,DQN_RND,0.001,0.99,mountaincar,sparse
0,2457,-1.0,200,0.005193830467760563,-1.0,1.08696967799915e-05,0.0,DQN_RND,0.001,0.99,mountaincar,sparse
0,2458,-1.0,200,0.0026017227210104465,-1.0,1.0409618880657945e-05,0.0,DQN_RND,0.001,0.99,mountaincar,sparse
0,2459,-1.0,200,0.00520013552159071,-1.0,1.0883539289352484e-05,0.0,DQN_RND,0.001,0.99,mountaincar,sparse
0,2460,-1.0,200,0.006077812518924475,-1.0,1.0502938494028058e-05,0.0,DQN_RND,0.001,0.99,mountaincar,sparse
0,2461,-1.0,200,0.006078204605728388,-1.0,1.1304370673315134e-05,0.0,DQN_RND,0.001,0.99,mountaincar,sparse
0,2462,-1.0,200,0.0008676704601384699,-1.0,1.1075592738052364e-05,0.0,DQN_RND,0.001,0.99,mountaincar,sparse
0,2463,-1.0,200,0.0034665963612496853,-1.0,1.078269906429341e-05,0.0,DQN_RND,0.001,0.99,mountaincar,sparse
0,2464,-1.0,200,0.0034675223287194967,-1.0,1.0494510206626728e-05,0.0,DQN_RND,0.001,0.99,mountaincar,sparse
0,2465,-1.0,200,0.004336102399975061,-1.0,1.1345200618961826e-05,0.0,DQN_RND,0.001,0.99,mountaincar,sparse
0,2466,-1.0,200,0.0017353465082123876,-1.0,1.031367173709441e-05,0.0,DQN_RND,0.001,0.99,mountaincar,sparse
0,2467,-1.0,200,0.0078114173375070095,-1.0,1.0326863048248924e-05,0.0,DQN_RND,0.001,0.99,mountaincar,sparse
0,2468,-1.0,200,0.0017354136798530817,-1.0,1.0707660294428933e-05,0.0,DQN_RND,0.001,0.99,mountaincar,sparse
0,2469,-1.0,200,0.006078401114791632,-1.0,1.2396320926200133e-05,0.0,DQN_RND,0.001,0.99,mountaincar,sparse
0,2470,-1.0,200,0.004327915608882904,-1.0,1.0477234354766551e-05,0.0,DQN_RND,0.001,0.99,mountaincar,sparse
0,2471,-1.0,200,0.00606749951839447,-1.0,1.0462839782121591e-05,0.0,DQN_RND,0.001,0.99,mountaincar,sparse
0,2472,-1.0,200,0.009538614191114902,-1.0,1.342042196483817e-05,0.0,DQN_RND,0.001,0.99,mountaincar,sparse
0,2473,-1.0,200,0.006066648755222559,-1.0,1.0632096746121533e-05,0.0,DQN_RND,0.001,0.99,mountaincar,sparse
0,2474,-1.0,200,0.0034654641058295965,-1.0,1.1188431017217226e-05,0.0,DQN_RND,0.001,0.99,mountaincar,sparse
0,2475,-1.0,200,0.007807277143001556,-1.0,1.0524764547881205e-05,0.0,DQN_RND,0.001,0.99,mountaincar,sparse
0,2476,-1.0,200,0.003465525573119521,-1.0,1.0493733498151414e-05,0.0,DQN_RND,0.001,0.99,mountaincar,sparse
0,2477,-1.0,200,0.0017353773582726717,-1.0,1.068470737664029e-05,0.0,DQN_RND,0.001,0.99,mountaincar,sparse
0,2478,-1.0,200,0.0034636715427041054,-1.0,1.2657584193220828e-05,0.0,DQN_RND,0.001,0.99,mountaincar,sparse
0,2479,-1.0,200,0.0052029043436050415,-1.0,1.0478999683982693e-05,0.0,DQN_RND,0.001,0.99,mountaincar,sparse
0,2480,-1.0,200,0.0060703568160533905,-1.0,1.1116895620943978e-05,0.0,DQN_RND,0.001,0.99,mountaincar,sparse
0,2481,-1.0,200,0.0034673113841563463,-1.0,1.0843665222637355e-05,0.0,DQN_RND,0.001,0.99,mountaincar,sparse
0,2482,-1.0,200,0.0008694055140949786,-1.0,1.0488984116818756e-05,0.0,DQN_RND,0.001,0.99,mountaincar,sparse
0,2483,-1.0,200,0.004334899131208658,-1.0,1.0696579010982532e-05,0.0,DQN_RND,0.001,0.99,mountaincar,sparse
0,2484,-1.0,200,0.0026006607804447412,-1.0,1.0647118870110717e-05,0.0,DQN_RND,0.001,0.99,mountaincar,sparse
0,2485,-1.0,200,0.0008662620093673468,-1.0,1.0862174349313136e-05,0.0,DQN_RND,0.001,0.99,mountaincar,sparse
0,2486,-1.0,200,0.0026035441551357508,-1.0,1.0535846740822308e-05,0.0,DQN_RND,0.001,0.99,mountaincar,sparse
0,2487,-1.0,200,0.0060666752979159355,-1.0,1.3172963917895686e-05,0.0,DQN_RND,0.001,0.99,mountaincar,sparse
0,2488,-1.0,200,0.004331233911216259,-1.0,1.0302429473085795e-05,0.0,DQN_RND,0.001,0.99,mountaincar,sparse
0,2489,-1.0,200,0.00346587342210114,-1.0,1.2879731912107673e-05,0.0,DQN_RND,0.001,0.99,mountaincar,sparse
0,2490,-1.0,200,0.0026033332105726004,-1.0,1.0504770216357429e-05,0.0,DQN_RND,0.001,0.99,mountaincar,sparse
0,2491,-1.0,200,0.0017356114694848657,-1.0,1.0509112144063693e-05,0.0,DQN_RND,0.001,0.99,mountaincar,sparse
0,2492,-1.0,200,0.005196092184633017,-1.0,1.0451060006744228e-05,0.0,DQN_RND,0.001,0.99,mountaincar,sparse
0,2493,-1.0,200,0.005194877274334431,-1.0,1.0418069905426819e-05,0.0,DQN_RND,0.001,0.99,mountaincar,sparse
0,2494,-1.0,200,0.0026019965298473835,-1.0,1.0415188626211602e-05,0.0,DQN_RND,0.001,0.99,mountaincar,sparse
0,2495,-1.0,200,0.005206601694226265,-1.0,1.0667165952327196e-05,0.0,DQN_RND,0.001,0.99,mountaincar,sparse
0,2496,-1.0,200,0.004327521659433842,-1.0,1.0520828254811931e-05,0.0,DQN_RND,0.001,0.99,mountaincar,sparse
0,2497,-1.0,200,0.0043260399252176285,-1.0,1.0623774869600311e-05,0.0,DQN_RND,0.001,0.99,mountaincar,sparse
0,2498,-1.0,200,0.0034641807433217764,-1.0,1.0575937267276458e-05,0.0,DQN_RND,0.001,0.99,mountaincar,sparse
0,2499,-1.0,200,0.00260520470328629,-1.0,1.1259237908234354e-05,0.0,DQN_RND,0.001,0.99,mountaincar,sparse
0,2500,-1.0,200,0.0026003702078014612,-1.0,1.0715863936638925e-05,0.0,DQN_RND,0.001,0.99,mountaincar,sparse
0,2501,-1.0,200,0.0008730577537789941,-1.0,1.2830254490836523e-05,0.0,DQN_RND,0.001,0.99,mountaincar,sparse
0,2502,-1.0,200,0.0017344099469482899,-1.0,1.0406785804661922e-05,0.0,DQN_RND,0.001,0.99,mountaincar,sparse
0,2503,-1.0,200,0.006930224597454071,-1.0,1.1405456461943686e-05,0.0,DQN_RND,0.001,0.99,mountaincar,sparse
0,2504,-1.0,200,0.0051948754116892815,-1.0,1.0647866474755574e-05,0.0,DQN_RND,0.001,0.99,mountaincar,sparse
0,2505,-1.0,200,0.004328636918216944,-1.0,1.0782704521261621e-05,0.0,DQN_RND,0.001,0.99,mountaincar,sparse
0,2506,-1.0,200,0.0026001688092947006,-1.0,1.0636022125254385e-05,0.0,DQN_RND,0.001,0.99,mountaincar,sparse
0,2507,-1.0,200,0.004325528629124165,-1.0,1.2363915629975963e-05,0.0,DQN_RND,0.001,0.99,mountaincar,sparse
0,2508,-1.0,200,0.004327958449721336,-1.0,1.2150087968620937e-05,0.0,DQN_RND,0.001,0.99,mountaincar,sparse
0,2509,-1.0,200,0.005194422323256731,-1.0,1.117743431677809e-05,0.0,DQN_RND,0.001,0.99,mountaincar,sparse
0,2510,-1.0,200,0.005198918282985687,-1.0,1.0871729500649963e-05,0.0,DQN_RND,0.001,0.99,mountaincar,sparse
0,2511,-1.0,200,0.005188433453440666,-1.0,1.1152268598380033e-05,0.0,DQN_RND,0.001,0.99,mountaincar,sparse
0,2512,-1.0,200,0.0025978516787290573,-1.0,1.0722726074163802e-05,0.0,DQN_RND,0.001,0.99,mountaincar,sparse
0,2513,-1.0,200,0.0025966798420995474,-1.0,1.0697654033720028e-05,0.0,DQN_RND,0.001,0.99,mountaincar,sparse
0,2514,-1.0,200,0.004323708824813366,-1.0,1.2290898666833527e-05,0.0,DQN_RND,0.001,0.99,mountaincar,sparse
0,2515,-1.0,200,0.006057064514607191,-1.0,1.0956498044834007e-05,0.0,DQN_RND,0.001,0.99,mountaincar,sparse
0,2516,-1.0,200,0.002592741511762142,-1.0,1.14709209810826e-05,0.0,DQN_RND,0.001,0.99,mountaincar,sparse
0,2517,-1.0,200,0.008650843985378742,-1.0,1.1021348655049223e-05,0.0,DQN_RND,0.001,0.99,mountaincar,sparse
0,2518,-1.0,200,0.0017320688348263502,-1.0,1.1402783457015175e-05,0.0,DQN_RND,0.001,0.99,mountaincar,sparse
0,2519,-1.0,200,0.00259744212962687,-1.0,1.2087692084605806e-05,0.0,DQN_RND,0.001,0.99,mountaincar,sparse
0,2520,-1.0,200,0.005189858842641115,-1.0,1.2804365724150557e-05,0.0,DQN_RND,0.001,0.99,mountaincar,sparse
0,2521,-1.0,200,0.006057356484234333,-1.0,1.0709472007874865e-05,0.0,DQN_RND,0.001,0.99,mountaincar,sparse
0,2522,-1.0,200,0.0017292185220867395,-1.0,1.206477918458404e-05,0.0,DQN_RND,0.001,0.99,mountaincar,sparse
0,2523,-1.0,200,0.0008637546561658382,-1.0,1.1669837476802059e-05,0.0,DQN_RND,0.001,0.99,mountaincar,sparse
0,2524,-1.0,200,0.0034595488104969263,-1.0,1.275506929232506e-05,0.0,DQN_RND,0.001,0.99,mountaincar,sparse
0,2525,-1.0,200,0.00432443106546998,-1.0,1.0897780157392845e-05,0.0,DQN_RND,0.001,0.99,mountaincar,sparse
0,2526,-1.0,200,0.004323768895119429,-1.0,1.2294518455746584e-05,0.0,DQN_RND,0.001,0.99,mountaincar,sparse
0,2527,-1.0,200,0.006055554375052452,-1.0,1.0832692169060465e-05,0.0,DQN_RND,0.001,0.99,mountaincar,sparse
0,2528,-1.0,200,0.005187623668462038,-1.0,1.0853531421162188e-05,0.0,DQN_RND,0.001,0.99,mountaincar,sparse
0,2529,-1.0,200,0.00864657573401928,-1.0,1.1057767551392317e-05,0.0,DQN_RND,0.001,0.99,mountaincar,sparse
0,2530,-1.0,200,0.0025939696934074163,-1.0,1.1329709195706528e-05,0.0,DQN_RND,0.001,0.99,mountaincar,sparse
0,2531,-1.0,200,0.0008634990081191063,-1.0,1.2396053534757812e-05,0.0,DQN_RND,0.001,0.99,mountaincar,sparse
0,2532,-1.0,200,0.003459132509306073,-1.0,1.1272964911768213e-05,0.0,DQN_RND,0.001,0.99,mountaincar,sparse
0,2533,-1.0,200,0.00950692594051361,-1.0,1.1059607459174003e-05,0.0,DQN_RND,0.001,0.99,mountaincar,sparse
0,2534,-1.0,200,0.0043181185610592365,-1.0,1.1466203432064503e-05,0.0,DQN_RND,0.001,0.99,mountaincar,sparse
0,2535,-1.0,200,0.0034575883764773607,-1.0,1.1190117220394313e-05,0.0,DQN_RND,0.001,0.99,mountaincar,sparse
0,2536,-1.0,200,0.004321394022554159,-1.0,1.175959096144652e-05,0.0,DQN_RND,0.001,0.99,mountaincar,sparse
0,2537,-1.0,200,0.0025938195176422596,-1.0,1.1812965567514766e-05,0.0,DQN_RND,0.001,0.99,mountaincar,sparse
0,2538,-1.0,200,0.007776625454425812,-1.0,1.1936304872506298e-05,0.0,DQN_RND,0.001,0.99,mountaincar,sparse
0,2539,-1.0,200,0.002592917764559388,-1.0,1.1292116141703445e-05,0.0,DQN_RND,0.001,0.99,mountaincar,sparse
0,2540,-1.0,200,0.0017291548429057002,-1.0,1.2388919458317105e-05,0.0,DQN_RND,0.001,0.99,mountaincar,sparse
0,2541,-1.0,200,0.005182905122637749,-1.0,1.1145709322590847e-05,0.0,DQN_RND,0.001,0.99,mountaincar,sparse
0,2542,-1.0,200,0.0043182773515582085,-1.0,1.2359791980998125e-05,0.0,DQN_RND,0.001,0.99,mountaincar,sparse
0,2543,-1.0,200,8.038381338337786e-07,-1.0,1.1367215847712941e-05,0.0,DQN_RND,0.001,0.99,mountaincar,sparse
0,2544,-1.0,200,0.00604657270014286,-1.0,1.134837839344982e-05,0.0,DQN_RND,0.001,0.99,mountaincar,sparse
0,2545,-1.0,200,0.003454174380749464,-1.0,1.1153499144711532e-05,0.0,DQN_RND,0.001,0.99,mountaincar,sparse
0,2546,-1.0,200,0.0017278756713494658,-1.0,1.125650123867672e-05,0.0,DQN_RND,0.001,0.99,mountaincar,sparse
0,2547,-1.0,200,0.0025906944647431374,-1.0,1.2866124052379746e-05,0.0,DQN_RND,0.001,0.99,mountaincar,sparse
0,2548,-1.0,200,0.006906148977577686,-1.0,1.1333905604260508e-05,0.0,DQN_RND,0.001,0.99,mountaincar,sparse
0,2549,-1.0,200,0.007769302930682898,-1.0,1.1581512808334082e-05,0.0,DQN_RND,0.001,0.99,mountaincar,sparse
0,2550,-1.0,200,0.005180081818252802,-1.0,1.1888357221323531e-05,0.0,DQN_RND,0.001,0.99,mountaincar,sparse
0,2551,-1.0,200,0.003453593933954835,-1.0,1.1686877769534476e-05,0.0,DQN_RND,0.001,0.99,mountaincar,sparse
0,2552,-1.0,200,0.004315963946282864,-1.0,1.1641242053883616e-05,0.0,DQN_RND,0.001,0.99,mountaincar,sparse
0,2553,-1.0,200,0.006039940752089024,-1.0,1.616842746443581e-05,0.0,DQN_RND,0.001,0.99,mountaincar,sparse
0,2554,-1.0,200,0.005178950726985931,-1.0,1.2129339665989392e-05,0.0,DQN_RND,0.001,0.99,mountaincar,sparse
0,2555,-1.0,200,0.0008640515152364969,-1.0,1.2807976418116596e-05,0.0,DQN_RND,0.001,0.99,mountaincar,sparse
0,2556,-1.0,200,0.007767322473227978,-1.0,1.1901513971679378e-05,0.0,DQN_RND,0.001,0.99,mountaincar,sparse
0,2557,-1.0,200,0.005177070386707783,-1.0,1.1564610758796334e-05,0.0,DQN_RND,0.001,0.99,mountaincar,sparse
0,2558,-1.0,200,0.0034517748281359673,-1.0,1.2846697245549876e-05,0.0,DQN_RND,0.001,0.99,mountaincar,sparse
0,2559,-1.0,200,0.004312689416110516,-1.0,1.1472590813355055e-05,0.0,DQN_RND,0.001,0.99,mountaincar,sparse
0,2560,-1.0,200,0.0017251773970201612,-1.0,1.1478884516691323e-05,0.0,DQN_RND,0.001,0.99,mountaincar,sparse
0,2561,-1.0,200,0.0017254356062039733,-1.0,1.1666763384710066e-05,0.0,DQN_RND,0.001,0.99,mountaincar,sparse
0,2562,-1.0,200,0.0025885715149343014,-1.0,1.1860694030474406e-05,0.0,DQN_RND,0.001,0.99,mountaincar,sparse
0,2563,-1.0,200,0.007760817185044289,-1.0,1.4574691704183351e-05,0.0,DQN_RND,0.001,0.99,mountaincar,sparse
0,2564,-1.0,200,0.005175188649445772,-1.0,1.1741034541046247e-05,0.0,DQN_RND,0.001,0.99,mountaincar,sparse
0,2565,-1.0,200,0.004312826320528984,-1.0,1.1656840797513723e-05,0.0,DQN_RND,0.001,0.99,mountaincar,sparse
0,2566,-1.0,200,0.004312845878303051,-1.0,1.2017277185805142e-05,0.0,DQN_RND,0.001,0.99,mountaincar,sparse
0,2567,-1.0,200,0.006898502819240093,-1.0,1.1513072422530968e-05,0.0,DQN_RND,0.001,0.99,mountaincar,sparse
0,2568,-1.0,200,0.004311156924813986,-1.0,1.2123399756092113e-05,0.0,DQN_RND,0.001,0.99,mountaincar,sparse
0,2569,-1.0,200,0.0025876087602227926,-1.0,1.1194415492354892e-05,0.0,DQN_RND,0.001,0.99,mountaincar,sparse
0,2570,-1.0,200,0.002587168477475643,-1.0,1.0418651072541252e-05,0.0,DQN_RND,0.001,0.99,mountaincar,sparse
0,2571,-1.0,200,0.004310679621994495,-1.0,1.0380987077951431e-05,0.0,DQN_RND,0.001,0.99,mountaincar,sparse
0,2572,-1.0,200,0.005172088276594877,-1.0,1.5218033695418853e-05,0.0,DQN_RND,0.001,0.99,mountaincar,sparse
0,2573,-1.0,200,0.0025864127092063427,-1.0,1.0028159522335045e-05,0.0,DQN_RND,0.001,0.99,mountaincar,sparse
0,2574,-1.0,200,0.004309859126806259,-1.0,1.057272129401099e-05,0.0,DQN_RND,0.001,0.99,mountaincar,sparse
0,2575,-1.0,200,0.0008622152381576598,-1.0,1.0065110473078676e-05,0.0,DQN_RND,0.001,0.99,mountaincar,sparse
0,2576,-1.0,200,0.0060323430225253105,-1.0,9.790031072043348e-06,0.0,DQN_RND,0.001,0.99,mountaincar,sparse
0,2577,-1.0,200,0.005170023534446955,-1.0,1.0008320714405272e-05,0.0,DQN_RND,0.001,0.99,mountaincar,sparse
0,2578,-1.0,200,0.0068916152231395245,-1.0,1.3017926903557964e-05,0.0,DQN_RND,0.001,0.99,mountaincar,sparse
0,2579,-1.0,200,0.0060303485952317715,-1.0,1.0956785445159767e-05,0.0,DQN_RND,0.001,0.99,mountaincar,sparse
0,2580,-1.0,200,0.004307534079998732,-1.0,1.1512163837323897e-05,0.0,DQN_RND,0.001,0.99,mountaincar,sparse
0,2581,-1.0,200,0.007750168442726135,-1.0,1.2675856851274148e-05,0.0,DQN_RND,0.001,0.99,mountaincar,sparse
0,2582,-1.0,200,0.0008627450442872941,-1.0,9.931715794664342e-06,0.0,DQN_RND,0.001,0.99,mountaincar,sparse
0,2583,-1.0,200,0.003444186644628644,-1.0,1.1524557521624956e-05,0.0,DQN_RND,0.001,0.99,mountaincar,sparse
0,2584,-1.0,200,0.005165163893252611,-1.0,1.188134410767816e-05,0.0,DQN_RND,0.001,0.99,mountaincar,sparse
0,2585,-1.0,200,0.004303972236812115,-1.0,1.063985109794885e-05,0.0,DQN_RND,0.001,0.99,mountaincar,sparse
0,2586,-1.0,200,0.004305495414882898,-1.0,9.42369024414802e-06,0.0,DQN_RND,0.001,0.99,mountaincar,sparse
0,2587,-1.0,200,0.003443906083703041,-1.0,1.4330242265714332e-05,0.0,DQN_RND,0.001,0.99,mountaincar,sparse
0,2588,-1.0,200,0.0008613159297965467,-1.0,1.0239818948321044e-05,0.0,DQN_RND,0.001,0.99,mountaincar,sparse
0,2589,-1.0,200,0.006026705726981163,-1.0,9.807256901694927e-06,0.0,DQN_RND,0.001,0.99,mountaincar,sparse
0,2590,-1.0,200,0.006889641284942627,-1.0,9.099921044253279e-06,0.0,DQN_RND,0.001,0.99,mountaincar,sparse
0,2591,-1.0,200,0.006883425638079643,-1.0,1.567611252539791e-05,0.0,DQN_RND,0.001,0.99,mountaincar,sparse
0,2592,-1.0,200,0.0025832154788076878,-1.0,1.2802181117876898e-05,0.0,DQN_RND,0.001,0.99,mountaincar,sparse
0,2593,-1.0,200,0.006884068250656128,-1.0,1.7224088878720067e-05,0.0,DQN_RND,0.001,0.99,mountaincar,sparse
0,2594,-1.0,200,0.0077431537210941315,-1.0,8.337030521943234e-06,0.0,DQN_RND,0.001,0.99,mountaincar,sparse
0,2595,-1.0,200,0.0008619374129921198,-1.0,1.4276311958383303e-05,0.0,DQN_RND,0.001,0.99,mountaincar,sparse
0,2596,-1.0,200,0.010327865369617939,-1.0,1.5724528566352092e-05,0.0,DQN_RND,0.001,0.99,mountaincar,sparse
0,2597,-1.0,200,0.0008653515833429992,-1.0,8.253822670667432e-06,0.0,DQN_RND,0.001,0.99,mountaincar,sparse
0,2598,-1.0,200,0.004304016940295696,-1.0,1.2060793778800871e-05,0.0,DQN_RND,0.001,0.99,mountaincar,sparse
0,2599,-1.0,200,0.0008608797215856612,-1.0,9.667282938607968e-06,0.0,DQN_RND,0.001,0.99,mountaincar,sparse
0,2600,-1.0,200,0.006882116198539734,-1.0,1.7492129700258374e-05,0.0,DQN_RND,0.001,0.99,mountaincar,sparse
0,2601,-1.0,200,0.0008632420795038342,-1.0,1.4653461221314501e-05,0.0,DQN_RND,0.001,0.99,mountaincar,sparse
0,2602,-1.0,200,0.0025818082503974438,-1.0,1.7249922166229226e-05,0.0,DQN_RND,0.001,0.99,mountaincar,sparse
0,2603,-1.0,200,0.009461106732487679,-1.0,1.5406416423502378e-05,0.0,DQN_RND,0.001,0.99,mountaincar,sparse
0,2604,-1.0,200,0.004301931243389845,-1.0,8.560628884879407e-06,0.0,DQN_RND,0.001,0.99,mountaincar,sparse
0,2605,-1.0,200,0.008601401001214981,-1.0,1.2219788004586007e-05,0.0,DQN_RND,0.001,0.99,mountaincar,sparse
0,2606,-1.0,200,0.0051675718277692795,-1.0,7.8482871685992e-06,0.0,DQN_RND,0.001,0.99,mountaincar,sparse
0,2607,-1.0,200,0.005160502623766661,-1.0,1.5662113582948223e-05,0.0,DQN_RND,0.001,0.99,mountaincar,sparse
0,2608,-1.0,200,0.00688101164996624,-1.0,8.012276339286473e-06,0.0,DQN_RND,0.001,0.99,mountaincar,sparse
0,2609,-1.0,200,0.0025800352450460196,-1.0,1.551089371787384e-05,0.0,DQN_RND,0.001,0.99,mountaincar,sparse
0,2610,-1.0,200,0.004302878864109516,-1.0,1.734022043820005e-05,0.0,DQN_RND,0.001,0.99,mountaincar,sparse
0,2611,-1.0,200,0.003442801535129547,-1.0,1.0539842151047196e-05,0.0,DQN_RND,0.001,0.99,mountaincar,sparse
0,2612,-1.0,200,0.004302497487515211,-1.0,1.541788697068114e-05,0.0,DQN_RND,0.001,0.99,mountaincar,sparse
0,2613,-1.0,200,0.004300886299461126,-1.0,1.5587003872497007e-05,0.0,DQN_RND,0.001,0.99,mountaincar,sparse
0,2614,-1.0,200,0.0034382955636829138,-1.0,1.5917285054456443e-05,0.0,DQN_RND,0.001,0.99,mountaincar,sparse
0,2615,-1.0,200,0.004301193170249462,-1.0,9.270768714486621e-06,0.0,DQN_RND,0.001,0.99,mountaincar,sparse
0,2616,-1.0,200,0.0043031214736402035,-1.0,1.0074041711050086e-05,0.0,DQN_RND,0.001,0.99,mountaincar,sparse
0,2617,-1.0,200,0.005159188061952591,-1.0,1.3938375559519045e-05,0.0,DQN_RND,0.001,0.99,mountaincar,sparse
0,2618,-1.0,200,0.004298979416489601,-1.0,1.2358049389149528e-05,0.0,DQN_RND,0.001,0.99,mountaincar,sparse
0,2619,-1.0,200,0.0017195716500282288,-1.0,1.5165745026024524e-05,0.0,DQN_RND,0.001,0.99,mountaincar,sparse
0,2620,-1.0,200,0.005158768035471439,-1.0,1.4583337360818405e-05,0.0,DQN_RND,0.001,0.99,mountaincar,sparse
0,2621,-1.0,200,0.005158289335668087,-1.0,1.2799599062418565e-05,0.0,DQN_RND,0.001,0.99,mountaincar,sparse
0,2622,-1.0,200,0.009453902952373028,-1.0,1.5993720808182843e-05,0.0,DQN_RND,0.001,0.99,mountaincar,sparse
0,2623,-1.0,200,0.00516040762886405,-1.0,1.2029169738525525e-05,0.0,DQN_RND,0.001,0.99,mountaincar,sparse
0,2624,-1.0,200,0.003437293227761984,-1.0,1.549367698316928e-05,0.0,DQN_RND,0.001,0.99,mountaincar,sparse
0,2625,-1.0,200,0.003434904618188739,-1.0,7.852352609916124e-06,0.0,DQN_RND,0.001,0.99,mountaincar,sparse
0,2626,-1.0,200,0.001720961183309555,-1.0,9.531057003187016e-06,0.0,DQN_RND,0.001,0.99,mountaincar,sparse
0,2627,-1.0,200,0.002581395674496889,-1.0,1.4611322512791958e-05,0.0,DQN_RND,0.001,0.99,mountaincar,sparse
0,2628,-1.0,200,0.00429946556687355,-1.0,7.927778824523557e-06,0.0,DQN_RND,0.001,0.99,mountaincar,sparse
0,2629,-1.0,200,0.00687353266403079,-1.0,1.496236836828757e-05,0.0,DQN_RND,0.001,0.99,mountaincar,sparse
0,2630,-1.0,200,0.004297161474823952,-1.0,1.697430525382515e-05,0.0,DQN_RND,0.001,0.99,mountaincar,sparse
0,2631,-1.0,200,0.001718495157547295,-1.0,1.2265880286577158e-05,0.0,DQN_RND,0.001,0.99,mountaincar,sparse
0,2632,-1.0,200,0.007738745771348476,-1.0,1.391459591104649e-05,0.0,DQN_RND,0.001,0.99,mountaincar,sparse
0,2633,-1.0,200,0.0017200377769768238,-1.0,8.06317348178709e-06,0.0,DQN_RND,0.001,0.99,mountaincar,sparse
0,2634,-1.0,200,0.002579901134595275,-1.0,8.052255907387007e-06,0.0,DQN_RND,0.001,0.99,mountaincar,sparse
0,2635,-1.0,200,0.007734769023954868,-1.0,1.0332660167478025e-05,0.0,DQN_RND,0.001,0.99,mountaincar,sparse
0,2636,-1.0,200,0.00257625593803823,-1.0,7.753193131065927e-06,0.0,DQN_RND,0.001,0.99,mountaincar,sparse
0,2637,-1.0,200,0.00515095517039299,-1.0,1.1446237294876482e-05,0.0,DQN_RND,0.001,0.99,mountaincar,sparse
0,2638,-1.0,200,0.008586243726313114,-1.0,7.68877271184465e-06,0.0,DQN_RND,0.001,0.99,mountaincar,sparse
0,2639,-1.0,200,0.008585222065448761,-1.0,8.125150998239405e-06,0.0,DQN_RND,0.001,0.99,mountaincar,sparse
0,2640,-1.0,200,0.005153365433216095,-1.0,7.761201231915038e-06,0.0,DQN_RND,0.001,0.99,mountaincar,sparse
0,2641,-1.0,200,0.0017175991088151932,-1.0,7.766661838104483e-06,0.0,DQN_RND,0.001,0.99,mountaincar,sparse
0,2642,-1.0,200,0.004298515617847443,-1.0,1.5117538168851752e-05,0.0,DQN_RND,0.001,0.99,mountaincar,sparse
0,2643,-1.0,200,0.006866971030831337,-1.0,1.1190963050466962e-05,0.0,DQN_RND,0.001,0.99,mountaincar,sparse
0,2644,-1.0,200,0.0017218997236341238,-1.0,1.2245089237694629e-05,0.0,DQN_RND,0.001,0.99,mountaincar,sparse
0,2645,-1.0,200,0.007727277465164661,-1.0,1.1949779036513064e-05,0.0,DQN_RND,0.001,0.99,mountaincar,sparse
0,2646,-1.0,200,0.0051466054283082485,-1.0,7.52444202589686e-06,0.0,DQN_RND,0.001,0.99,mountaincar,sparse
0,2647,-1.0,200,0.007730303332209587,-1.0,1.3269871487864293e-05,0.0,DQN_RND,0.001,0.99,mountaincar,sparse
0,2648,-1.0,200,0.004288787022233009,-1.0,1.5013773918326478e-05,0.0,DQN_RND,0.001,0.99,mountaincar,sparse
0,2649,-1.0,200,0.000862422282807529,-1.0,9.59044791670749e-06,0.0,DQN_RND,0.001,0.99,mountaincar,sparse
0,2650,-1.0,200,0.0025756112299859524,-1.0,1.2045042240060866e-05,0.0,DQN_RND,0.001,0.99,mountaincar,sparse
0,2651,-1.0,200,0.005147045478224754,-1.0,7.662849384360015e-06,0.0,DQN_RND,0.001,0.99,mountaincar,sparse
0,2652,-1.0,200,0.003435120452195406,-1.0,1.205831540573854e-05,0.0,DQN_RND,0.001,0.99,mountaincar,sparse
0,2653,-1.0,200,0.0008591185323894024,-1.0,1.1845908375107683e-05,0.0,DQN_RND,0.001,0.99,mountaincar,sparse
0,2654,-1.0,200,0.006871487945318222,-1.0,1.1794973943324294e-05,0.0,DQN_RND,0.001,0.99,mountaincar,sparse
0,2655,-1.0,200,0.005148469004780054,-1.0,1.2019426321785431e-05,0.0,DQN_RND,0.001,0.99,mountaincar,sparse
0,2656,-1.0,200,0.0077225747518241405,-1.0,1.3856040823156945e-05,0.0,DQN_RND,0.001,0.99,mountaincar,sparse
0,2657,-1.0,200,0.00686574587598443,-1.0,9.018074706546031e-06,0.0,DQN_RND,0.001,0.99,mountaincar,sparse
0,2658,-1.0,200,0.0051483572460711,-1.0,1.264451930182986e-05,0.0,DQN_RND,0.001,0.99,mountaincar,sparse
0,2659,-1.0,200,0.0008582889568060637,-1.0,8.181281373254023e-06,0.0,DQN_RND,0.001,0.99,mountaincar,sparse
0,2660,-1.0,200,0.0017175038810819387,-1.0,1.2673014680331107e-05,0.0,DQN_RND,0.001,0.99,mountaincar,sparse
0,2661,-1.0,200,0.005149190779775381,-1.0,1.385379073326476e-05,0.0,DQN_RND,0.001,0.99,mountaincar,sparse
0,2662,-1.0,200,0.003429669886827469,-1.0,1.0215411748504266e-05,0.0,DQN_RND,0.001,0.99,mountaincar,sparse
0,2663,-1.0,200,0.005150751676410437,-1.0,7.261344308062689e-06,0.0,DQN_RND,0.001,0.99,mountaincar,sparse
0,2664,-1.0,200,0.004289495293051004,-1.0,1.4003337128087878e-05,0.0,DQN_RND,0.001,0.99,mountaincar,sparse
0,2665,-1.0,200,0.004290043376386166,-1.0,7.263235602295026e-06,0.0,DQN_RND,0.001,0.99,mountaincar,sparse
0,2666,-1.0,200,0.0008594784303568304,-1.0,7.787750291754492e-06,0.0,DQN_RND,0.001,0.99,mountaincar,sparse
0,2667,-1.0,200,0.005151007324457169,-1.0,8.38415144244209e-06,0.0,DQN_RND,0.001,0.99,mountaincar,sparse
0,2668,-1.0,200,0.006003912538290024,-1.0,1.142441851698095e-05,0.0,DQN_RND,0.001,0.99,mountaincar,sparse
0,2669,-1.0,200,0.0017173882806673646,-1.0,7.668671969440766e-06,0.0,DQN_RND,0.001,0.99,mountaincar,sparse
0,2670,-1.0,200,0.006006194744259119,-1.0,1.0602208931231871e-05,0.0,DQN_RND,0.001,0.99,mountaincar,sparse
0,2671,-1.0,200,0.005143654998391867,-1.0,9.24528285395354e-06,0.0,DQN_RND,0.001,0.99,mountaincar,sparse
0,2672,-1.0,200,0.002572513185441494,-1.0,1.3617741387861315e-05,0.0,DQN_RND,0.001,0.99,mountaincar,sparse
0,2673,-1.0,200,0.005142764188349247,-1.0,8.000061825441662e-06,0.0,DQN_RND,0.001,0.99,mountaincar,sparse
0,2674,-1.0,200,0.004285106435418129,-1.0,1.1174841347383335e-05,0.0,DQN_RND,0.001,0.99,mountaincar,sparse
0,2675,-1.0,200,0.00856921635568142,-1.0,8.37504649098264e-06,0.0,DQN_RND,0.001,0.99,mountaincar,sparse
0,2676,-1.0,200,0.002572737168520689,-1.0,1.293086552323075e-05,0.0,DQN_RND,0.001,0.99,mountaincar,sparse
0,2677,-1.0,200,0.004289222881197929,-1.0,1.541092569823377e-05,0.0,DQN_RND,0.001,0.99,mountaincar,sparse
0,2678,-1.0,200,0.002574106678366661,-1.0,1.0658342034730595e-05,0.0,DQN_RND,0.001,0.99,mountaincar,sparse
0,2679,-1.0,200,0.004284087102860212,-1.0,1.4596141227229964e-05,0.0,DQN_RND,0.001,0.99,mountaincar,sparse
0,2680,-1.0,200,0.006854183040559292,-1.0,1.356054053758271e-05,0.0,DQN_RND,0.001,0.99,mountaincar,sparse
0,2681,-1.0,200,0.005993339233100414,-1.0,1.0796332389872987e-05,0.0,DQN_RND,0.001,0.99,mountaincar,sparse
0,2682,-1.0,200,0.005139618646353483,-1.0,1.296395294048125e-05,0.0,DQN_RND,0.001,0.99,mountaincar,sparse
0,2683,-1.0,200,0.0034272039774805307,-1.0,8.761381650401745e-06,0.0,DQN_RND,0.001,0.99,mountaincar,sparse
0,2684,-1.0,200,0.005996139254420996,-1.0,1.1753509170375764e-05,0.0,DQN_RND,0.001,0.99,mountaincar,sparse
0,2685,-1.0,200,0.005139973480254412,-1.0,1.1692954103637021e-05,0.0,DQN_RND,0.001,0.99,mountaincar,sparse
0,2686,-1.0,200,0.0051421914249658585,-1.0,1.1855941920657642e-05,0.0,DQN_RND,0.001,0.99,mountaincar,sparse
0,2687,-1.0,200,0.007709142751991749,-1.0,1.1733214705600403e-05,0.0,DQN_RND,0.001,0.99,mountaincar,sparse
0,2688,-1.0,200,0.005141043104231358,-1.0,1.1430048289184924e-05,0.0,DQN_RND,0.001,0.99,mountaincar,sparse
0,2689,-1.0,200,0.0025731618516147137,-1.0,1.2699490980594419e-05,0.0,DQN_RND,0.001,0.99,mountaincar,sparse
0,2690,-1.0,200,0.006852262653410435,-1.0,1.0357141945860349e-05,0.0,DQN_RND,0.001,0.99,mountaincar,sparse
0,2691,-1.0,200,0.002568939235061407,-1.0,1.0545886652835179e-05,0.0,DQN_RND,0.001,0.99,mountaincar,sparse
0,2692,-1.0,200,0.002567181596532464,-1.0,1.047944988386007e-05,0.0,DQN_RND,0.001,0.99,mountaincar,sparse
0,2693,-1.0,200,0.0025685173459351063,-1.0,1.1416352208470926e-05,0.0,DQN_RND,0.001,0.99,mountaincar,sparse
0,2694,-1.0,200,0.004281426314264536,-1.0,1.0557985660852864e-05,0.0,DQN_RND,0.001,0.99,mountaincar,sparse
0,2695,-1.0,200,0.0025709709152579308,-1.0,1.3078140909783542e-05,0.0,DQN_RND,0.001,0.99,mountaincar,sparse
0,2696,-1.0,200,0.001712005352601409,-1.0,7.462056601070799e-06,0.0,DQN_RND,0.001,0.99,mountaincar,sparse
0,2697,-1.0,200,0.005992668215185404,-1.0,1.0051487151940819e-05,0.0,DQN_RND,0.001,0.99,mountaincar,sparse
0,2698,-1.0,200,0.0017124151345342398,-1.0,7.527134130214108e-06,0.0,DQN_RND,0.001,0.99,mountaincar,sparse
0,2699,-1.0,200,0.007705258671194315,-1.0,1.0971067240461707e-05,0.0,DQN_RND,0.001,0.99,mountaincar,sparse
0,2700,-1.0,200,0.004277859348803759,-1.0,1.0221611773886252e-05,0.0,DQN_RND,0.001,0.99,mountaincar,sparse
0,2701,-1.0,200,0.0034250961616635323,-1.0,1.1343586265866179e-05,0.0,DQN_RND,0.001,0.99,mountaincar,sparse
0,2702,-1.0,200,0.0034226314164698124,-1.0,9.116130968322977e-06,0.0,DQN_RND,0.001,0.99,mountaincar,sparse
0,2703,-1.0,200,0.005135661922395229,-1.0,9.095170753425919e-06,0.0,DQN_RND,0.001,0.99,mountaincar,sparse
0,2704,-1.0,200,0.004278336651623249,-1.0,9.5945060820668e-06,0.0,DQN_RND,0.001,0.99,mountaincar,sparse
0,2705,-1.0,200,0.006844857707619667,-1.0,7.869846740504727e-06,0.0,DQN_RND,0.001,0.99,mountaincar,sparse
0,2706,-1.0,200,0.004279844928532839,-1.0,8.575259926146828e-06,0.0,DQN_RND,0.001,0.99,mountaincar,sparse
0,2707,-1.0,200,0.0059910668060183525,-1.0,7.737670784990769e-06,0.0,DQN_RND,0.001,0.99,mountaincar,sparse
0,2708,-1.0,200,0.003420941298827529,-1.0,1.1045985047530849e-05,0.0,DQN_RND,0.001,0.99,mountaincar,sparse
0,2709,-1.0,200,0.002568200696259737,-1.0,8.230197636294179e-06,0.0,DQN_RND,0.001,0.99,mountaincar,sparse
0,2710,-1.0,200,0.005987470503896475,-1.0,8.554543455829844e-06,0.0,DQN_RND,0.001,0.99,mountaincar,sparse
0,2711,-1.0,200,0.0025655461940914392,-1.0,9.084185876417905e-06,0.0,DQN_RND,0.001,0.99,mountaincar,sparse
0,2712,-1.0,200,0.005130105186253786,-1.0,7.680858288949821e-06,0.0,DQN_RND,0.001,0.99,mountaincar,sparse
0,2713,-1.0,200,0.004280253779143095,-1.0,8.078688551904634e-06,0.0,DQN_RND,0.001,0.99,mountaincar,sparse
0,2714,-1.0,200,0.00085764832329005,-1.0,9.915660484693944e-06,0.0,DQN_RND,0.001,0.99,mountaincar,sparse
0,2715,-1.0,200,0.004275494255125523,-1.0,9.831631359702442e-06,0.0,DQN_RND,0.001,0.99,mountaincar,sparse
0,2716,-1.0,200,0.0025647331494838,-1.0,8.218314178520814e-06,0.0,DQN_RND,0.001,0.99,mountaincar,sparse
0,2717,-1.0,200,0.005131544079631567,-1.0,7.571045443910407e-06,0.0,DQN_RND,0.001,0.99,mountaincar,sparse
0,2718,-1.0,200,0.005130671430379152,-1.0,7.98487599240616e-06,0.0,DQN_RND,0.001,0.99,mountaincar,sparse
0,2719,-1.0,200,0.004274510778486729,-1.0,8.163194252119865e-06,0.0,DQN_RND,0.001,0.99,mountaincar,sparse
0,2720,-1.0,200,0.007697278168052435,-1.0,7.816180186637212e-06,0.0,DQN_RND,0.001,0.99,mountaincar,sparse
0,2721,-1.0,200,0.0042730276472866535,-1.0,8.3519407780841e-06,0.0,DQN_RND,0.001,0.99,mountaincar,sparse
0,2722,-1.0,200,0.0051284790970385075,-1.0,8.223349141189829e-06,0.0,DQN_RND,0.001,0.99,mountaincar,sparse
0,2723,-1.0,200,0.002566009759902954,-1.0,1.0118304089701269e-05,0.0,DQN_RND,0.001,0.99,mountaincar,sparse
0,2724,-1.0,200,0.005985662806779146,-1.0,8.20536479295697e-06,0.0,DQN_RND,0.001,0.99,mountaincar,sparse
0,2725,-1.0,200,0.003419028129428625,-1.0,8.355564204975963e-06,0.0,DQN_RND,0.001,0.99,mountaincar,sparse
0,2726,-1.0,200,0.0008558017434552312,-1.0,9.787730959942564e-06,0.0,DQN_RND,0.001,0.99,mountaincar,sparse
0,2727,-1.0,200,0.00683636637404561,-1.0,8.276169864984695e-06,0.0,DQN_RND,0.001,0.99,mountaincar,sparse
0,2728,-1.0,200,0.0034180693328380585,-1.0,8.930630428949371e-06,0.0,DQN_RND,0.001,0.99,mountaincar,sparse
0,2729,-1.0,200,0.004271688871085644,-1.0,9.859297279035673e-06,0.0,DQN_RND,0.001,0.99,mountaincar,sparse
0,2730,-1.0,200,0.004271240439265966,-1.0,8.24107337393798e-06,0.0,DQN_RND,0.001,0.99,mountaincar,sparse
0,2731,-1.0,200,0.00171223608776927,-1.0,8.22511447040597e-06,0.0,DQN_RND,0.001,0.99,mountaincar,sparse
0,2732,-1.0,200,0.00512448325753212,-1.0,8.203463039535563e-06,0.0,DQN_RND,0.001,0.99,mountaincar,sparse
0,2733,-1.0,200,0.005124245770275593,-1.0,8.247946425399277e-06,0.0,DQN_RND,0.001,0.99,mountaincar,sparse
0,2734,-1.0,200,0.004269326105713844,-1.0,8.079079634626396e-06,0.0,DQN_RND,0.001,0.99,mountaincar,sparse
0,2735,-1.0,200,0.0051217167638242245,-1.0,9.631296052248217e-06,0.0,DQN_RND,0.001,0.99,mountaincar,sparse
0,2736,-1.0,200,0.00683435145765543,-1.0,8.260758477263153e-06,0.0,DQN_RND,0.001,0.99,mountaincar,sparse
0,2737,-1.0,200,0.004271280020475388,-1.0,8.07791730039753e-06,0.0,DQN_RND,0.001,0.99,mountaincar,sparse
0,2738,-1.0,200,0.004267252050340176,-1.0,8.196790076908655e-06,0.0,DQN_RND,0.001,0.99,mountaincar,sparse
0,2739,-1.0,200,0.0025605265982449055,-1.0,7.601226570841391e-06,0.0,DQN_RND,0.001,0.99,mountaincar,sparse
0,2740,-1.0,200,0.005123257637023926,-1.0,9.41743201110512e-06,0.0,DQN_RND,0.001,0.99,mountaincar,sparse
0,2741,-1.0,200,0.005980527028441429,-1.0,7.622690191055881e-06,0.0,DQN_RND,0.001,0.99,mountaincar,sparse
0,2742,-1.0,200,0.009393054060637951,-1.0,7.862163329264149e-06,0.0,DQN_RND,0.001,0.99,mountaincar,sparse
0,2743,-1.0,200,0.006825717631727457,-1.0,8.213063665607478e-06,0.0,DQN_RND,0.001,0.99,mountaincar,sparse
0,2744,-1.0,200,0.003413866739720106,-1.0,7.3918290581787005e-06,0.0,DQN_RND,0.001,0.99,mountaincar,sparse
0,2745,-1.0,200,0.005121477879583836,-1.0,7.402602022921201e-06,0.0,DQN_RND,0.001,0.99,mountaincar,sparse
0,2746,-1.0,200,0.006837987806648016,-1.0,7.24942765373271e-06,0.0,DQN_RND,0.001,0.99,mountaincar,sparse
0,2747,-1.0,200,0.002560660243034363,-1.0,7.2470770646759775e-06,0.0,DQN_RND,0.001,0.99,mountaincar,sparse
0,2748,-1.0,200,0.0008552469662390649,-1.0,7.369133527390659e-06,0.0,DQN_RND,0.001,0.99,mountaincar,sparse
0,2749,-1.0,200,0.003416351042687893,-1.0,7.2741809162835125e-06,0.0,DQN_RND,0.001,0.99,mountaincar,sparse
0,2750,-1.0,200,0.0076761916279792786,-1.0,9.892607522488106e-06,0.0,DQN_RND,0.001,0.99,mountaincar,sparse
0,2751,-1.0,200,0.003412156365811825,-1.0,7.3848996180458926e-06,0.0,DQN_RND,0.001,0.99,mountaincar,sparse
0,2752,-1.0,200,0.006826649885624647,-1.0,8.132489710988011e-06,0.0,DQN_RND,0.001,0.99,mountaincar,sparse
0,2753,-1.0,200,0.002565686358138919,-1.0,8.89733200892806e-06,0.0,DQN_RND,0.001,0.99,mountaincar,sparse
0,2754,-1.0,200,0.00426444411277771,-1.0,7.720630492258351e-06,0.0,DQN_RND,0.001,0.99,mountaincar,sparse
0,2755,-1.0,200,0.004263789393007755,-1.0,7.763031135255005e-06,0.0,DQN_RND,0.001,0.99,mountaincar,sparse
0,2756,-1.0,200,0.0042636399157345295,-1.0,1.0021833986684214e-05,0.0,DQN_RND,0.001,0.99,mountaincar,sparse
0,2757,-1.0,200,0.003413590369746089,-1.0,7.943052878545132e-06,0.0,DQN_RND,0.001,0.99,mountaincar,sparse
0,2758,-1.0,200,0.008530614897608757,-1.0,7.914527486718725e-06,0.0,DQN_RND,0.001,0.99,mountaincar,sparse
0,2759,-1.0,200,0.005113744176924229,-1.0,8.229004379245453e-06,0.0,DQN_RND,0.001,0.99,mountaincar,sparse
0,2760,-1.0,200,0.002561611356213689,-1.0,7.70532187743811e-06,0.0,DQN_RND,0.001,0.99,mountaincar,sparse
0,2761,-1.0,200,0.009379127994179726,-1.0,9.715398846310563e-06,0.0,DQN_RND,0.001,0.99,mountaincar,sparse
0,2762,-1.0,200,0.0025656286161392927,-1.0,7.594884209538577e-06,0.0,DQN_RND,0.001,0.99,mountaincar,sparse
0,2763,-1.0,200,0.0034090522676706314,-1.0,7.435271982103586e-06,0.0,DQN_RND,0.001,0.99,mountaincar,sparse
0,2764,-1.0,200,0.005117195658385754,-1.0,9.226255315297749e-06,0.0,DQN_RND,0.001,0.99,mountaincar,sparse
0,2765,-1.0,200,0.006817291956394911,-1.0,7.561639904452022e-06,0.0,DQN_RND,0.001,0.99,mountaincar,sparse
0,2766,-1.0,200,0.0042589870281517506,-1.0,7.42082829674473e-06,0.0,DQN_RND,0.001,0.99,mountaincar,sparse
0,2767,-1.0,200,0.004261899273842573,-1.0,7.498982995457482e-06,0.0,DQN_RND,0.001,0.99,mountaincar,sparse
0,2768,-1.0,200,0.003409608267247677,-1.0,7.58114765631035e-06,0.0,DQN_RND,0.001,0.99,mountaincar,sparse
0,2769,-1.0,200,0.0025588576681911945,-1.0,7.670951163163409e-06,0.0,DQN_RND,0.001,0.99,mountaincar,sparse
0,2770,-1.0,200,0.004258169326931238,-1.0,7.354096396738896e-06,0.0,DQN_RND,0.001,0.99,mountaincar,sparse
0,2771,-1.0,200,0.007668297737836838,-1.0,7.458519576175604e-06,0.0,DQN_RND,0.001,0.99,mountaincar,sparse
0,2772,-1.0,200,0.004257330670952797,-1.0,7.378550890280167e-06,0.0,DQN_RND,0.001,0.99,mountaincar,sparse
0,2773,-1.0,200,0.006813172250986099,-1.0,7.163633654272417e-06,0.0,DQN_RND,0.001,0.99,mountaincar,sparse
0,2774,-1.0,200,0.005963108967989683,-1.0,7.11480879544979e-06,0.0,DQN_RND,0.001,0.99,mountaincar,sparse
0,2775,-1.0,200,0.0025586222764104605,-1.0,7.095425189618254e-06,0.0,DQN_RND,0.001,0.99,mountaincar,sparse
0,2776,-1.0,200,0.0042622871696949005,-1.0,9.40225254453253e-06,0.0,DQN_RND,0.001,0.99,mountaincar,sparse
0,2777,-1.0,200,0.002555576153099537,-1.0,7.190244559751591e-06,0.0,DQN_RND,0.001,0.99,mountaincar,sparse
0,2778,-1.0,200,0.0008541741990484297,-1.0,7.257533525262261e-06,0.0,DQN_RND,0.001,0.99,mountaincar,sparse
0,2779,-1.0,200,0.0076632509008049965,-1.0,8.057718332565855e-06,0.0,DQN_RND,0.001,0.99,mountaincar,sparse
0,2780,-1.0,200,0.0042578973807394505,-1.0,7.1377439780917484e-06,0.0,DQN_RND,0.001,0.99,mountaincar,sparse
0,2781,-1.0,200,0.002554992213845253,-1.0,7.028073014225811e-06,0.0,DQN_RND,0.001,0.99,mountaincar,sparse
0,2782,-1.0,200,0.005107562988996506,-1.0,7.0468390731548425e-06,0.0,DQN_RND,0.001,0.99,mountaincar,sparse
0,2783,-1.0,200,0.004260304383933544,-1.0,7.264305622811662e-06,0.0,DQN_RND,0.001,0.99,mountaincar,sparse
0,2784,-1.0,200,0.005108904559165239,-1.0,9.073754881683271e-06,0.0,DQN_RND,0.001,0.99,mountaincar,sparse
0,2785,-1.0,200,0.0017051331233233213,-1.0,7.3564260674174875e-06,0.0,DQN_RND,0.001,0.99,mountaincar,sparse
0,2786,-1.0,200,0.0042532566003501415,-1.0,7.994312909431756e-06,0.0,DQN_RND,0.001,0.99,mountaincar,sparse
0,2787,-1.0,200,0.00596266146749258,-1.0,7.105363692971878e-06,0.0,DQN_RND,0.001,0.99,mountaincar,sparse
0,2788,-1.0,200,0.005959552247077227,-1.0,7.216844096546993e-06,0.0,DQN_RND,0.001,0.99,mountaincar,sparse
0,2789,-1.0,200,0.009356603026390076,-1.0,7.463433121301932e-06,0.0,DQN_RND,0.001,0.99,mountaincar,sparse
0,2790,-1.0,200,0.005953946150839329,-1.0,7.437213753291871e-06,0.0,DQN_RND,0.001,0.99,mountaincar,sparse
0,2791,-1.0,200,0.0025563270319253206,-1.0,8.173457899829373e-06,0.0,DQN_RND,0.001,0.99,mountaincar,sparse
0,2792,-1.0,200,0.005960587412118912,-1.0,7.279181772901211e-06,0.0,DQN_RND,0.001,0.99,mountaincar,sparse
0,2793,-1.0,200,0.005109353456646204,-1.0,7.246665063576074e-06,0.0,DQN_RND,0.001,0.99,mountaincar,sparse
0,2794,-1.0,200,0.006811194587498903,-1.0,7.160308086895384e-06,0.0,DQN_RND,0.001,0.99,mountaincar,sparse
0,2795,-1.0,200,0.005101609043776989,-1.0,7.181924502219772e-06,0.0,DQN_RND,0.001,0.99,mountaincar,sparse
0,2796,-1.0,200,0.0034068203531205654,-1.0,7.230832579807611e-06,0.0,DQN_RND,0.001,0.99,mountaincar,sparse
0,2797,-1.0,200,0.006804550066590309,-1.0,7.144903065636754e-06,0.0,DQN_RND,0.001,0.99,mountaincar,sparse
0,2798,-1.0,200,0.0076576294377446175,-1.0,7.386327524727676e-06,0.0,DQN_RND,0.001,0.99,mountaincar,sparse
0,2799,-1.0,200,0.005098385736346245,-1.0,6.73128215566976e-06,0.0,DQN_RND,0.001,0.99,mountaincar,sparse
0,2800,-1.0,200,0.0025559565983712673,-1.0,8.733224603929557e-06,0.0,DQN_RND,0.001,0.99,mountaincar,sparse
0,2801,-1.0,200,0.003407413372769952,-1.0,7.639304385520518e-06,0.0,DQN_RND,0.001,0.99,mountaincar,sparse
0,2802,-1.0,200,0.005098159424960613,-1.0,6.612189281440806e-06,0.0,DQN_RND,0.001,0.99,mountaincar,sparse
0,2803,-1.0,200,0.0059556253254413605,-1.0,6.570253390236758e-06,0.0,DQN_RND,0.001,0.99,mountaincar,sparse
0,2804,-1.0,200,0.006801855284720659,-1.0,7.830743015802e-06,0.0,DQN_RND,0.001,0.99,mountaincar,sparse
0,2805,-1.0,200,0.004259832669049501,-1.0,8.766999599174596e-06,0.0,DQN_RND,0.001,0.99,mountaincar,sparse
0,2806,-1.0,200,0.0034007723443210125,-1.0,6.8471940721792635e-06,0.0,DQN_RND,0.001,0.99,mountaincar,sparse
0,2807,-1.0,200,0.005956877022981644,-1.0,6.7564906203188e-06,0.0,DQN_RND,0.001,0.99,mountaincar,sparse
0,2808,-1.0,200,0.005948045756667852,-1.0,7.2479297159588896e-06,0.0,DQN_RND,0.001,0.99,mountaincar,sparse
0,2809,-1.0,200,0.004246092867106199,-1.0,6.7761598074866924e-06,0.0,DQN_RND,0.001,0.99,mountaincar,sparse
0,2810,-1.0,200,0.004254006780683994,-1.0,6.846046744612977e-06,0.0,DQN_RND,0.001,0.99,mountaincar,sparse
0,2811,-1.0,200,0.0025547135155647993,-1.0,6.721896625094814e-06,0.0,DQN_RND,0.001,0.99,mountaincar,sparse
0,2812,-1.0,200,0.0025514347944408655,-1.0,9.284843144996557e-06,0.0,DQN_RND,0.001,0.99,mountaincar,sparse
0,2813,-1.0,200,0.004246382974088192,-1.0,6.687695531581994e-06,0.0,DQN_RND,0.001,0.99,mountaincar,sparse
0,2814,-1.0,200,0.004252857994288206,-1.0,6.725460934831062e-06,0.0,DQN_RND,0.001,0.99,mountaincar,sparse
0,2815,-1.0,200,0.00510657811537385,-1.0,6.918070994288428e-06,0.0,DQN_RND,0.001,0.99,mountaincar,sparse
0,2816,-1.0,200,0.004247155040502548,-1.0,6.603447218367364e-06,0.0,DQN_RND,0.001,0.99,mountaincar,sparse
0,2817,-1.0,200,0.0034060883335769176,-1.0,7.570787602162454e-06,0.0,DQN_RND,0.001,0.99,mountaincar,sparse
0,2818,-1.0,200,0.004245213698595762,-1.0,6.63508626530529e-06,0.0,DQN_RND,0.001,0.99,mountaincar,sparse
0,2819,-1.0,200,0.005945718381553888,-1.0,7.820423888915684e-06,0.0,DQN_RND,0.001,0.99,mountaincar,sparse
0,2820,-1.0,200,0.00849919393658638,-1.0,6.595841568923788e-06,0.0,DQN_RND,0.001,0.99,mountaincar,sparse
0,2821,-1.0,200,0.004249293357133865,-1.0,6.511796982522355e-06,0.0,DQN_RND,0.001,0.99,mountaincar,sparse
0,2822,-1.0,200,0.0050929212011396885,-1.0,7.545143944298616e-06,0.0,DQN_RND,0.001,0.99,mountaincar,sparse
0,2823,-1.0,200,0.008479930460453033,-1.0,6.605646831303602e-06,0.0,DQN_RND,0.001,0.99,mountaincar,sparse
0,2824,-1.0,200,0.005101694259792566,-1.0,6.523906904476462e-06,0.0,DQN_RND,0.001,0.99,mountaincar,sparse
0,2825,-1.0,200,0.0034038489684462547,-1.0,6.539354217238724e-06,0.0,DQN_RND,0.001,0.99,mountaincar,sparse
0,2826,-1.0,200,0.00425052922219038,-1.0,6.579885393875884e-06,0.0,DQN_RND,0.001,0.99,mountaincar,sparse
0,2827,-1.0,200,0.001706229057163,-1.0,6.887030394864269e-06,0.0,DQN_RND,0.001,0.99,mountaincar,sparse
0,2828,-1.0,200,0.010187344625592232,-1.0,6.599298558285227e-06,0.0,DQN_RND,0.001,0.99,mountaincar,sparse
0,2829,-1.0,200,0.0017012389143928885,-1.0,7.513416221627267e-06,0.0,DQN_RND,0.001,0.99,mountaincar,sparse
0,2830,-1.0,200,0.0050956071354448795,-1.0,6.480102911154972e-06,0.0,DQN_RND,0.001,0.99,mountaincar,sparse
0,2831,-1.0,200,0.0034013448748737574,-1.0,7.6255873864283785e-06,0.0,DQN_RND,0.001,0.99,mountaincar,sparse
0,2832,-1.0,200,0.005940652452409267,-1.0,6.589352778973989e-06,0.0,DQN_RND,0.001,0.99,mountaincar,sparse
0,2833,-1.0,200,0.003398406319320202,-1.0,7.389259735646192e-06,0.0,DQN_RND,0.001,0.99,mountaincar,sparse
0,2834,-1.0,200,0.00593909528106451,-1.0,6.7897854023613036e-06,0.0,DQN_RND,0.001,0.99,mountaincar,sparse
0,2835,-1.0,200,0.005090436898171902,-1.0,7.049311534501612e-06,0.0,DQN_RND,0.001,0.99,mountaincar,sparse
0,2836,-1.0,200,0.002547599608078599,-1.0,7.149834800657118e-06,0.0,DQN_RND,0.001,0.99,mountaincar,sparse
0,2837,-1.0,200,0.006792479660362005,-1.0,6.077558737160871e-06,0.0,DQN_RND,0.001,0.99,mountaincar,sparse
0,2838,-1.0,200,0.00510360999032855,-1.0,7.480978638341185e-06,0.0,DQN_RND,0.001,0.99,mountaincar,sparse
0,2839,-1.0,200,0.0059446715749800205,-1.0,7.001873200351838e-06,0.0,DQN_RND,0.001,0.99,mountaincar,sparse
0,2840,-1.0,200,0.0008549291524104774,-1.0,7.1258241405303124e-06,0.0,DQN_RND,0.001,0.99,mountaincar,sparse
0,2841,-1.0,200,0.0033964815083891153,-1.0,5.967246124782832e-06,0.0,DQN_RND,0.001,0.99,mountaincar,sparse
0,2842,-1.0,200,0.004242490511387587,-1.0,6.02438694841112e-06,0.0,DQN_RND,0.001,0.99,mountaincar,sparse
0,2843,-1.0,200,0.004243067931383848,-1.0,5.974892246740637e-06,0.0,DQN_RND,0.001,0.99,mountaincar,sparse
0,2844,-1.0,200,0.003392860759049654,-1.0,5.930839051870862e-06,0.0,DQN_RND,0.001,0.99,mountaincar,sparse
0,2845,-1.0,200,0.003402378410100937,-1.0,5.949984824837884e-06,0.0,DQN_RND,0.001,0.99,mountaincar,sparse
0,2846,-1.0,200,0.005100419279187918,-1.0,6.77086973155383e-06,0.0,DQN_RND,0.001,0.99,mountaincar,sparse
0,2847,-1.0,200,0.004232760518789291,-1.0,8.302816240757238e-06,0.0,DQN_RND,0.001,0.99,mountaincar,sparse
0,2848,-1.0,200,0.004241755697876215,-1.0,6.144751750980504e-06,0.0,DQN_RND,0.001,0.99,mountaincar,sparse
0,2849,-1.0,200,0.002553876955062151,-1.0,6.103104169596918e-06,0.0,DQN_RND,0.001,0.99,mountaincar,sparse
0,2850,-1.0,200,0.005096727516502142,-1.0,6.176487659104168e-06,0.0,DQN_RND,0.001,0.99,mountaincar,sparse
0,2851,-1.0,200,0.004244641400873661,-1.0,7.236681085487362e-06,0.0,DQN_RND,0.001,0.99,mountaincar,sparse
0,2852,-1.0,200,0.006781180389225483,-1.0,6.675728855043417e-06,0.0,DQN_RND,0.001,0.99,mountaincar,sparse
0,2853,-1.0,200,0.002552883932366967,-1.0,8.162851372617297e-06,0.0,DQN_RND,0.001,0.99,mountaincar,sparse
0,2854,-1.0,200,0.0025438584852963686,-1.0,8.34170714369975e-06,0.0,DQN_RND,0.001,0.99,mountaincar,sparse
0,2855,-1.0,200,0.005089983344078064,-1.0,6.186021892062854e-06,0.0,DQN_RND,0.001,0.99,mountaincar,sparse
0,2856,-1.0,200,0.002545543946325779,-1.0,6.004900569678284e-06,0.0,DQN_RND,0.001,0.99,mountaincar,sparse
0,2857,-1.0,200,0.003393851686269045,-1.0,6.389465397660388e-06,0.0,DQN_RND,0.001,0.99,mountaincar,sparse
0,2858,-1.0,200,0.003391109872609377,-1.0,8.510621228197124e-06,0.0,DQN_RND,0.001,0.99,mountaincar,sparse
0,2859,-1.0,200,0.004247038159519434,-1.0,6.055860922060674e-06,0.0,DQN_RND,0.001,0.99,mountaincar,sparse
0,2860,-1.0,200,0.003397474531084299,-1.0,5.737120773119386e-06,0.0,DQN_RND,0.001,0.99,mountaincar,sparse
0,2861,-1.0,200,0.005940427538007498,-1.0,5.686645636160392e-06,0.0,DQN_RND,0.001,0.99,mountaincar,sparse
0,2862,-1.0,200,0.0016986523987725377,-1.0,5.973997758701444e-06,0.0,DQN_RND,0.001,0.99,mountaincar,sparse
0,2863,-1.0,200,0.0025452785193920135,-1.0,6.696754553559003e-06,0.0,DQN_RND,0.001,0.99,mountaincar,sparse
0,2864,-1.0,200,0.005941817536950111,-1.0,5.756388873123797e-06,0.0,DQN_RND,0.001,0.99,mountaincar,sparse
0,2865,-1.0,200,0.003386972937732935,-1.0,5.999593668093439e-06,0.0,DQN_RND,0.001,0.99,mountaincar,sparse
0,2866,-1.0,200,0.0008490350446663797,-1.0,5.877372132090386e-06,0.0,DQN_RND,0.001,0.99,mountaincar,sparse
0,2867,-1.0,200,0.004246594849973917,-1.0,6.944497272343142e-06,0.0,DQN_RND,0.001,0.99,mountaincar,sparse
0,2868,-1.0,200,0.005933296866714954,-1.0,6.226170626177918e-06,0.0,DQN_RND,0.001,0.99,mountaincar,sparse
0,2869,-1.0,200,0.004241257905960083,-1.0,6.081798801460536e-06,0.0,DQN_RND,0.001,0.99,mountaincar,sparse
0,2870,-1.0,200,0.0017027464928105474,-1.0,5.6691978898015805e-06,0.0,DQN_RND,0.001,0.99,mountaincar,sparse
0,2871,-1.0,200,0.005939982365816832,-1.0,7.314429694815772e-06,0.0,DQN_RND,0.001,0.99,mountaincar,sparse
0,2872,-1.0,200,0.0033996705897152424,-1.0,5.936690740782069e-06,0.0,DQN_RND,0.001,0.99,mountaincar,sparse
0,2873,-1.0,200,0.009323246777057648,-1.0,5.747021532442886e-06,0.0,DQN_RND,0.001,0.99,mountaincar,sparse
0,2874,-1.0,200,0.0033948989585042,-1.0,5.3762846619065385e-06,0.0,DQN_RND,0.001,0.99,mountaincar,sparse
0,2875,-1.0,200,0.00508919358253479,-1.0,5.262728336674627e-06,0.0,DQN_RND,0.001,0.99,mountaincar,sparse
0,2876,-1.0,200,0.0033939171116799116,-1.0,5.269560915621696e-06,0.0,DQN_RND,0.001,0.99,mountaincar,sparse
0,2877,-1.0,200,0.002546596573665738,-1.0,5.666870947607094e-06,0.0,DQN_RND,0.001,0.99,mountaincar,sparse
0,2878,-1.0,200,0.005085994489490986,-1.0,5.236004199105082e-06,0.0,DQN_RND,0.001,0.99,mountaincar,sparse
0,2879,-1.0,200,0.007638238370418549,-1.0,6.502851647383068e-06,0.0,DQN_RND,0.001,0.99,mountaincar,sparse
0,2880,-1.0,200,0.00254209921695292,-1.0,5.50111644770368e-06,0.0,DQN_RND,0.001,0.99,mountaincar,sparse
0,2881,-1.0,200,0.0033933452796190977,-1.0,6.8933513830415905e-06,0.0,DQN_RND,0.001,0.99,mountaincar,sparse
0,2882,-1.0,200,0.0033897587563842535,-1.0,6.975589258217951e-06,0.0,DQN_RND,0.001,0.99,mountaincar,sparse
0,2883,-1.0,200,0.009321661666035652,-1.0,5.457183306134539e-06,0.0,DQN_RND,0.001,0.99,mountaincar,sparse
0,2884,-1.0,200,0.003387999255210161,-1.0,5.7125671446556225e-06,0.0,DQN_RND,0.001,0.99,mountaincar,sparse
0,2885,-1.0,200,0.0025452235713601112,-1.0,8.847386197885498e-06,0.0,DQN_RND,0.001,0.99,mountaincar,sparse
0,2886,-1.0,200,0.0025454869028180838,-1.0,5.4181441555556376e-06,0.0,DQN_RND,0.001,0.99,mountaincar,sparse
0,2887,-1.0,200,0.000851784716360271,-1.0,5.749773663410451e-06,0.0,DQN_RND,0.001,0.99,mountaincar,sparse
0,2888,-1.0,200,0.006783974822610617,-1.0,5.2916802815161645e-06,0.0,DQN_RND,0.001,0.99,mountaincar,sparse
0,2889,-1.0,200,0.005084794946014881,-1.0,5.28650707565248e-06,0.0,DQN_RND,0.001,0.99,mountaincar,sparse
0,2890,-1.0,200,0.005080255214124918,-1.0,5.434523245639866e-06,0.0,DQN_RND,0.001,0.99,mountaincar,sparse
0,2891,-1.0,200,0.004230791702866554,-1.0,5.346108082449064e-06,0.0,DQN_RND,0.001,0.99,mountaincar,sparse
0,2892,-1.0,200,0.0050921570509672165,-1.0,5.336858521332033e-06,0.0,DQN_RND,0.001,0.99,mountaincar,sparse
0,2893,-1.0,200,0.005927697755396366,-1.0,5.522497303900309e-06,0.0,DQN_RND,0.001,0.99,mountaincar,sparse
0,2894,-1.0,200,0.00254280143417418,-1.0,7.745697075733915e-06,0.0,DQN_RND,0.001,0.99,mountaincar,sparse
0,2895,-1.0,200,0.0033947196789085865,-1.0,5.439254437078489e-06,0.0,DQN_RND,0.001,0.99,mountaincar,sparse
0,2896,-1.0,200,0.00593449454754591,-1.0,6.424707862606738e-06,0.0,DQN_RND,0.001,0.99,mountaincar,sparse
0,2897,-1.0,200,0.005932657979428768,-1.0,6.666339231742313e-06,0.0,DQN_RND,0.001,0.99,mountaincar,sparse
0,2898,-1.0,200,0.00677675474435091,-1.0,5.321598109730985e-06,0.0,DQN_RND,0.001,0.99,mountaincar,sparse
0,2899,-1.0,200,0.0033893301151692867,-1.0,5.25200312040397e-06,0.0,DQN_RND,0.001,0.99,mountaincar,sparse
0,2900,-1.0,200,0.010166694410145283,-1.0,5.2824079830315895e-06,0.0,DQN_RND,0.001,0.99,mountaincar,sparse
0,2901,-1.0,200,0.005930532235652208,-1.0,5.460443844640395e-06,0.0,DQN_RND,0.001,0.99,mountaincar,sparse
0,2902,-1.0,200,0.0033886530436575413,-1.0,5.367832272895612e-06,0.0,DQN_RND,0.001,0.99,mountaincar,sparse
0,2903,-1.0,200,0.006777137517929077,-1.0,5.970080110273557e-06,0.0,DQN_RND,0.001,0.99,mountaincar,sparse
0,2904,-1.0,200,0.003387660253793001,-1.0,7.861603080527857e-06,0.0,DQN_RND,0.001,0.99,mountaincar,sparse
0,2905,-1.0,200,0.005928968545049429,-1.0,5.866767423867714e-06,0.0,DQN_RND,0.001,0.99,mountaincar,sparse
0,2906,-1.0,200,0.004233646206557751,-1.0,5.909906121814856e-06,0.0,DQN_RND,0.001,0.99,mountaincar,sparse
0,2907,-1.0,200,0.005921698175370693,-1.0,5.319786396285053e-06,0.0,DQN_RND,0.001,0.99,mountaincar,sparse
0,2908,-1.0,200,0.005930616520345211,-1.0,6.998825938353548e-06,0.0,DQN_RND,0.001,0.99,mountaincar,sparse
0,2909,-1.0,200,0.006776320282369852,-1.0,5.510420123755466e-06,0.0,DQN_RND,0.001,0.99,mountaincar,sparse
0,2910,-1.0,200,0.004234928637742996,-1.0,7.1057011155062355e-06,0.0,DQN_RND,0.001,0.99,mountaincar,sparse
0,2911,-1.0,200,0.002538644475862384,-1.0,5.647880698234076e-06,0.0,DQN_RND,0.001,0.99,mountaincar,sparse
0,2912,-1.0,200,0.007619454525411129,-1.0,6.660268354607979e-06,0.0,DQN_RND,0.001,0.99,mountaincar,sparse
0,2913,-1.0,200,0.00592136150225997,-1.0,5.566786057897843e-06,0.0,DQN_RND,0.001,0.99,mountaincar,sparse
0,2914,-1.0,200,0.00423005223274231,-1.0,5.38231324753724e-06,0.0,DQN_RND,0.001,0.99,mountaincar,sparse
0,2915,-1.0,200,0.0033834201749414206,-1.0,6.533502983074868e-06,0.0,DQN_RND,0.001,0.99,mountaincar,sparse
0,2916,-1.0,200,0.0016913199797272682,-1.0,5.298538326314883e-06,0.0,DQN_RND,0.001,0.99,mountaincar,sparse
0,2917,-1.0,200,0.0067678531631827354,-1.0,7.5061448114865925e-06,0.0,DQN_RND,0.001,0.99,mountaincar,sparse
0,2918,-1.0,200,0.004231104161590338,-1.0,7.683573130634613e-06,0.0,DQN_RND,0.001,0.99,mountaincar,sparse
0,2919,-1.0,200,0.0025348057970404625,-1.0,7.656406523892656e-06,0.0,DQN_RND,0.001,0.99,mountaincar,sparse
0,2920,-1.0,200,0.001691813231445849,-1.0,4.867750703851925e-06,0.0,DQN_RND,0.001,0.99,mountaincar,sparse
0,2921,-1.0,200,0.0033852579072117805,-1.0,5.462387889565434e-06,0.0,DQN_RND,0.001,0.99,mountaincar,sparse
0,2922,-1.0,200,0.005922248121351004,-1.0,4.891394382866565e-06,0.0,DQN_RND,0.001,0.99,mountaincar,sparse
0,2923,-1.0,200,0.003383191302418709,-1.0,4.9910813686437905e-06,0.0,DQN_RND,0.001,0.99,mountaincar,sparse
0,2924,-1.0,200,0.005077879410237074,-1.0,4.9539798965270165e-06,0.0,DQN_RND,0.001,0.99,mountaincar,sparse
0,2925,-1.0,200,0.0016931904247030616,-1.0,5.4365923460864e-06,0.0,DQN_RND,0.001,0.99,mountaincar,sparse
0,2926,-1.0,200,0.003382055088877678,-1.0,6.411981303244829e-06,0.0,DQN_RND,0.001,0.99,mountaincar,sparse
0,2927,-1.0,200,0.0042257895693182945,-1.0,8.017314939934295e-06,0.0,DQN_RND,0.001,0.99,mountaincar,sparse
0,2928,-1.0,200,0.001692319754511118,-1.0,5.878761839994695e-06,0.0,DQN_RND,0.001,0.99,mountaincar,sparse
0,2929,-1.0,200,0.005914606153964996,-1.0,5.103400781081291e-06,0.0,DQN_RND,0.001,0.99,mountaincar,sparse
0,2930,-1.0,200,0.005918350536376238,-1.0,5.6166236390708946e-06,0.0,DQN_RND,0.001,0.99,mountaincar,sparse
0,2931,-1.0,200,0.004225018434226513,-1.0,5.827165296068415e-06,0.0,DQN_RND,0.001,0.99,mountaincar,sparse
0,2932,-1.0,200,0.007606793195009232,-1.0,5.073276042821817e-06,0.0,DQN_RND,0.001,0.99,mountaincar,sparse
0,2933,-1.0,200,0.005914677400141954,-1.0,5.322578090272145e-06,0.0,DQN_RND,0.001,0.99,mountaincar,sparse
0,2934,-1.0,200,0.01014168281108141,-1.0,7.612800345668802e-06,0.0,DQN_RND,0.001,0.99,mountaincar,sparse
0,2935,-1.0,200,0.005912885069847107,-1.0,4.871368219028227e-06,0.0,DQN_RND,0.001,0.99,mountaincar,sparse
0,2936,-1.0,200,0.0016913278959691525,-1.0,4.829355475521879e-06,0.0,DQN_RND,0.001,0.99,mountaincar,sparse
0,2937,-1.0,200,0.0025323533918708563,-1.0,4.838770109927282e-06,0.0,DQN_RND,0.001,0.99,mountaincar,sparse
0,2938,-1.0,200,0.0076025063171982765,-1.0,6.276372459979029e-06,0.0,DQN_RND,0.001,0.99,mountaincar,sparse
0,2939,-1.0,200,0.0025358698330819607,-1.0,6.274663974181749e-06,0.0,DQN_RND,0.001,0.99,mountaincar,sparse
0,2940,-1.0,200,0.0025359774008393288,-1.0,5.0190301408292726e-06,0.0,DQN_RND,0.001,0.99,mountaincar,sparse
0,2941,-1.0,200,0.004222305491566658,-1.0,4.835807885683607e-06,0.0,DQN_RND,0.001,0.99,mountaincar,sparse
0,2942,-1.0,200,0.005067538470029831,-1.0,5.215664259594632e-06,0.0,DQN_RND,0.001,0.99,mountaincar,sparse
0,2943,-1.0,200,0.005065786652266979,-1.0,4.975625870429212e-06,0.0,DQN_RND,0.001,0.99,mountaincar,sparse
0,2944,-1.0,200,0.005912530701607466,-1.0,6.437971023842692e-06,0.0,DQN_RND,0.001,0.99,mountaincar,sparse
0,2945,-1.0,200,0.0016895689768716693,-1.0,5.321784101397498e-06,0.0,DQN_RND,0.001,0.99,mountaincar,sparse
0,2946,-1.0,200,0.0033781949896365404,-1.0,5.035196409153286e-06,0.0,DQN_RND,0.001,0.99,mountaincar,sparse
0,2947,-1.0,200,0.0059105996042490005,-1.0,4.855275619775057e-06,0.0,DQN_RND,0.001,0.99,mountaincar,sparse
0,2948,-1.0,200,0.004222775809466839,-1.0,5.336229605745757e-06,0.0,DQN_RND,0.001,0.99,mountaincar,sparse
0,2949,-1.0,200,0.000843841873575002,-1.0,6.04257229497307e-06,0.0,DQN_RND,0.001,0.99,mountaincar,sparse
0,2950,-1.0,200,0.004222430754452944,-1.0,4.796586381417001e-06,0.0,DQN_RND,0.001,0.99,mountaincar,sparse
0,2951,-1.0,200,0.0059063853695988655,-1.0,4.701725629274733e-06,0.0,DQN_RND,0.001,0.99,mountaincar,sparse
0,2952,-1.0,200,0.0033771188464015722,-1.0,5.733481430070242e-06,0.0,DQN_RND,0.001,0.99,mountaincar,sparse
0,2953,-1.0,200,0.005909372586756945,-1.0,4.521212304098299e-06,0.0,DQN_RND,0.001,0.99,mountaincar,sparse
0,2954,-1.0,200,0.007595815230160952,-1.0,5.734805654356023e-06,0.0,DQN_RND,0.001,0.99,mountaincar,sparse
0,2955,-1.0,200,0.004221003036946058,-1.0,4.880143478658283e-06,0.0,DQN_RND,0.001,0.99,mountaincar,sparse
0,2956,-1.0,200,0.0016889976104721427,-1.0,5.870512723049615e-06,0.0,DQN_RND,0.001,0.99,mountaincar,sparse
0,2957,-1.0,200,0.002532572252675891,-1.0,4.748391802422702e-06,0.0,DQN_RND,0.001,0.99,mountaincar,sparse
0,2958,-1.0,200,0.006750674452632666,-1.0,4.514618467510445e-06,0.0,DQN_RND,0.001,0.99,mountaincar,sparse
0,2959,-1.0,200,0.004219261929392815,-1.0,5.187136594031472e-06,0.0,DQN_RND,0.001,0.99,mountaincar,sparse
0,2960,-1.0,200,0.004218145273625851,-1.0,5.119558863952989e-06,0.0,DQN_RND,0.001,0.99,mountaincar,sparse
0,2961,-1.0,200,0.00758921355009079,-1.0,5.258000783214811e-06,0.0,DQN_RND,0.001,0.99,mountaincar,sparse
0,2962,-1.0,200,0.005059679504483938,-1.0,5.167377821635455e-06,0.0,DQN_RND,0.001,0.99,mountaincar,sparse
0,2963,-1.0,200,0.0033736377954483032,-1.0,4.830625584872905e-06,0.0,DQN_RND,0.001,0.99,mountaincar,sparse
0,2964,-1.0,200,0.003374418243765831,-1.0,4.4691801122098695e-06,0.0,DQN_RND,0.001,0.99,mountaincar,sparse
0,2965,-1.0,200,0.006745033897459507,-1.0,4.901196916762274e-06,0.0,DQN_RND,0.001,0.99,mountaincar,sparse
0,2966,-1.0,200,0.001687379670329392,-1.0,4.432594778336352e-06,0.0,DQN_RND,0.001,0.99,mountaincar,sparse
0,2967,-1.0,200,0.00505914818495512,-1.0,4.788750175066525e-06,0.0,DQN_RND,0.001,0.99,mountaincar,sparse
0,2968,-1.0,200,0.005058387294411659,-1.0,4.795848326466512e-06,0.0,DQN_RND,0.001,0.99,mountaincar,sparse
0,2969,-1.0,200,0.002529141725972295,-1.0,4.687717591878027e-06,0.0,DQN_RND,0.001,0.99,mountaincar,sparse
0,2970,-1.0,200,0.004214323591440916,-1.0,4.698982138506835e-06,0.0,DQN_RND,0.001,0.99,mountaincar,sparse
0,2971,-1.0,200,0.0025282420683652163,-1.0,5.3047415349283256e-06,0.0,DQN_RND,0.001,0.99,mountaincar,sparse
0,2972,-1.0,200,0.004213717300444841,-1.0,5.494356173585402e-06,0.0,DQN_RND,0.001,0.99,mountaincar,sparse
0,2973,-1.0,200,0.005057859234511852,-1.0,4.607080427376786e-06,0.0,DQN_RND,0.001,0.99,mountaincar,sparse
0,2974,-1.0,200,0.006741061341017485,-1.0,4.654002623283304e-06,0.0,DQN_RND,0.001,0.99,mountaincar,sparse
0,2975,-1.0,200,0.005055117886513472,-1.0,4.4956432248000056e-06,0.0,DQN_RND,0.001,0.99,mountaincar,sparse
0,2976,-1.0,200,0.00252837548032403,-1.0,4.413933311298024e-06,0.0,DQN_RND,0.001,0.99,mountaincar,sparse
0,2977,-1.0,200,0.0008429937297478318,-1.0,4.7598064156773034e-06,0.0,DQN_RND,0.001,0.99,mountaincar,sparse
0,2978,-1.0,200,0.0042128111235797405,-1.0,5.116326519782888e-06,0.0,DQN_RND,0.001,0.99,mountaincar,sparse
0,2979,-1.0,200,0.002527666976675391,-1.0,6.0194106481503695e-06,0.0,DQN_RND,0.001,0.99,mountaincar,sparse
0,2980,-1.0,200,0.0016857149312272668,-1.0,4.969100700691342e-06,0.0,DQN_RND,0.001,0.99,mountaincar,sparse
0,2981,-1.0,200,0.003369945101439953,-1.0,5.008513198845321e-06,0.0,DQN_RND,0.001,0.99,mountaincar,sparse
0,2982,-1.0,200,0.002526517491787672,-1.0,6.018078238412272e-06,0.0,DQN_RND,0.001,0.99,mountaincar,sparse
0,2983,-1.0,200,0.0042121740989387035,-1.0,5.100841917737853e-06,0.0,DQN_RND,0.001,0.99,mountaincar,sparse
0,2984,-1.0,200,0.0016853661509230733,-1.0,5.204456101637334e-06,0.0,DQN_RND,0.001,0.99,mountaincar,sparse
0,2985,-1.0,200,0.0033687723334878683,-1.0,5.239360689301975e-06,0.0,DQN_RND,0.001,0.99,mountaincar,sparse
0,2986,-1.0,200,0.004210595972836018,-1.0,5.847659849678166e-06,0.0,DQN_RND,0.001,0.99,mountaincar,sparse
0,2987,-1.0,200,0.0058939638547599316,-1.0,6.202599251992069e-06,0.0,DQN_RND,0.001,0.99,mountaincar,sparse
0,2988,-1.0,200,0.005051182582974434,-1.0,7.77665900386637e-06,0.0,DQN_RND,0.001,0.99,mountaincar,sparse
0,2989,-1.0,200,0.0042096893303096294,-1.0,5.7581119108363055e-06,0.0,DQN_RND,0.001,0.99,mountaincar,sparse
0,2990,-1.0,200,0.0025267694145441055,-1.0,4.71560542791849e-06,0.0,DQN_RND,0.001,0.99,mountaincar,sparse
0,2991,-1.0,200,0.003368105972185731,-1.0,5.251843049336458e-06,0.0,DQN_RND,0.001,0.99,mountaincar,sparse
0,2992,-1.0,200,0.002526084426790476,-1.0,5.104463525640313e-06,0.0,DQN_RND,0.001,0.99,mountaincar,sparse
0,2993,-1.0,200,0.005050070583820343,-1.0,4.651637027563993e-06,0.0,DQN_RND,0.001,0.99,mountaincar,sparse
0,2994,-1.0,200,0.004208001308143139,-1.0,7.5217776611680165e-06,0.0,DQN_RND,0.001,0.99,mountaincar,sparse
0,2995,-1.0,200,0.004209382459521294,-1.0,7.818024641892407e-06,0.0,DQN_RND,0.001,0.99,mountaincar,sparse
0,2996,-1.0,200,0.008414504118263721,-1.0,5.802464329462964e-06,0.0,DQN_RND,0.001,0.99,mountaincar,sparse
0,2997,-1.0,200,0.0033671956043690443,-1.0,6.518718691950198e-06,0.0,DQN_RND,0.001,0.99,mountaincar,sparse
0,2998,-1.0,200,0.00252511166036129,-1.0,5.889241037948523e-06,0.0,DQN_RND,0.001,0.99,mountaincar,sparse
0,2999,-1.0,200,0.0033664805814623833,-1.0,6.194466095621465e-06,0.0,DQN_RND,0.001,0.99,mountaincar,sparse
0,3000,-1.0,200,0.005888059269636869,-1.0,5.216498720983509e-06,0.0,DQN_RND,0.001,0.99,mountaincar,sparse
0,3001,-1.0,200,0.001683568931184709,-1.0,7.149901193770347e-06,0.0,DQN_RND,0.001,0.99,mountaincar,sparse
0,3002,-1.0,200,0.004206088371574879,-1.0,4.615829311660491e-06,0.0,DQN_RND,0.001,0.99,mountaincar,sparse
0,3003,-1.0,200,0.005046923644840717,-1.0,6.495754860225134e-06,0.0,DQN_RND,0.001,0.99,mountaincar,sparse
0,3004,-1.0,200,0.003365510143339634,-1.0,7.059541530907154e-06,0.0,DQN_RND,0.001,0.99,mountaincar,sparse
0,3005,-1.0,200,1.6624824183963938e-06,-1.0,5.203793989494443e-06,0.0,DQN_RND,0.001,0.99,mountaincar,sparse
0,3006,-1.0,200,0.0025256769731640816,-1.0,6.138855042081559e-06,0.0,DQN_RND,0.001,0.99,mountaincar,sparse
0,3007,-1.0,200,0.0033649264369159937,-1.0,8.498353054164909e-06,0.0,DQN_RND,0.001,0.99,mountaincar,sparse
0,3008,-1.0,200,0.0025242995470762253,-1.0,6.1662017287744675e-06,0.0,DQN_RND,0.001,0.99,mountaincar,sparse
0,3009,-1.0,200,0.0016832778928801417,-1.0,5.24427787240711e-06,0.0,DQN_RND,0.001,0.99,mountaincar,sparse
0,3010,-1.0,200,0.0025240834802389145,-1.0,7.273448318301234e-06,0.0,DQN_RND,0.001,0.99,mountaincar,sparse
0,3011,-1.0,200,0.004204198718070984,-1.0,7.896079296187963e-06,0.0,DQN_RND,0.001,0.99,mountaincar,sparse
0,3012,-1.0,200,0.0016830803360790014,-1.0,9.180208508041687e-06,0.0,DQN_RND,0.001,0.99,mountaincar,sparse
0,3013,-1.0,200,0.0033639431931078434,-1.0,4.78657239000313e-06,0.0,DQN_RND,0.001,0.99,mountaincar,sparse
0,3014,-1.0,200,0.005890024360269308,-1.0,6.9059396992088296e-06,0.0,DQN_RND,0.001,0.99,mountaincar,sparse
0,3015,-1.0,200,0.0033659879118204117,-1.0,9.310982932220213e-06,0.0,DQN_RND,0.001,0.99,mountaincar,sparse
0,3016,-1.0,200,0.0033657795283943415,-1.0,8.689066817169078e-06,0.0,DQN_RND,0.001,0.99,mountaincar,sparse
0,3017,-1.0,200,0.0008425050182268023,-1.0,7.170749995566439e-06,0.0,DQN_RND,0.001,0.99,mountaincar,sparse
0,3018,-1.0,200,0.008406257256865501,-1.0,4.551358870230615e-06,0.0,DQN_RND,0.001,0.99,mountaincar,sparse
0,3019,-1.0,200,0.005046845879405737,-1.0,6.226515779417241e-06,0.0,DQN_RND,0.001,0.99,mountaincar,sparse
0,3020,-1.0,200,0.003363458439707756,-1.0,5.101172519061947e-06,0.0,DQN_RND,0.001,0.99,mountaincar,sparse
0,3021,-1.0,200,0.0050481040962040424,-1.0,5.306987532094354e-06,0.0,DQN_RND,0.001,0.99,mountaincar,sparse
0,3022,-1.0,200,0.005044919904321432,-1.0,4.681778136728099e-06,0.0,DQN_RND,0.001,0.99,mountaincar,sparse
0,3023,-1.0,200,0.004206198733299971,-1.0,7.481523425667547e-06,0.0,DQN_RND,0.001,0.99,mountaincar,sparse
0,3024,-1.0,200,0.0025224012788385153,-1.0,9.106572179007344e-06,0.0,DQN_RND,0.001,0.99,mountaincar,sparse
0,3025,-1.0,200,0.008402460254728794,-1.0,7.1804365688876715e-06,0.0,DQN_RND,0.001,0.99,mountaincar,sparse
0,3026,-1.0,200,0.006726500578224659,-1.0,4.5948549995955545e-06,0.0,DQN_RND,0.001,0.99,mountaincar,sparse
0,3027,-1.0,200,0.0033617326989769936,-1.0,4.36007758253254e-06,0.0,DQN_RND,0.001,0.99,mountaincar,sparse
0,3028,-1.0,200,0.0025236073415726423,-1.0,6.5994286160275806e-06,0.0,DQN_RND,0.001,0.99,mountaincar,sparse
0,3029,-1.0,200,0.0016838760348036885,-1.0,7.3170376708731055e-06,0.0,DQN_RND,0.001,0.99,mountaincar,sparse
0,3030,-1.0,200,0.0033609322272241116,-1.0,7.558577635791153e-06,0.0,DQN_RND,0.001,0.99,mountaincar,sparse
0,3031,-1.0,200,0.005046457052230835,-1.0,4.611408712662524e-06,0.0,DQN_RND,0.001,0.99,mountaincar,sparse
0,3032,-1.0,200,0.0033653120044618845,-1.0,5.092979336041026e-06,0.0,DQN_RND,0.001,0.99,mountaincar,sparse
0,3033,-1.0,200,0.00672372430562973,-1.0,1.0071003089251462e-05,0.0,DQN_RND,0.001,0.99,mountaincar,sparse
0,3034,-1.0,200,0.0025205237325280905,-1.0,8.540584531147033e-06,0.0,DQN_RND,0.001,0.99,mountaincar,sparse
0,3035,-1.0,200,0.003362419782206416,-1.0,5.086028068035375e-06,0.0,DQN_RND,0.001,0.99,mountaincar,sparse
0,3036,-1.0,200,0.0025210599415004253,-1.0,8.175356015271973e-06,0.0,DQN_RND,0.001,0.99,mountaincar,sparse
0,3037,-1.0,200,0.005889483727514744,-1.0,9.773087185749318e-06,0.0,DQN_RND,0.001,0.99,mountaincar,sparse
0,3038,-1.0,200,0.002521305810660124,-1.0,6.096177912695566e-06,0.0,DQN_RND,0.001,0.99,mountaincar,sparse
0,3039,-1.0,200,0.006719280034303665,-1.0,7.026919320196612e-06,0.0,DQN_RND,0.001,0.99,mountaincar,sparse
0,3040,-1.0,200,0.007555591408163309,-1.0,5.842850441695191e-06,0.0,DQN_RND,0.001,0.99,mountaincar,sparse
0,3041,-1.0,200,0.0033619345631450415,-1.0,1.0518948329263367e-05,0.0,DQN_RND,0.001,0.99,mountaincar,sparse
0,3042,-1.0,200,0.0016807140782475471,-1.0,7.678755537199322e-06,0.0,DQN_RND,0.001,0.99,mountaincar,sparse
0,3043,-1.0,200,0.0016827749786898494,-1.0,8.871013051248156e-06,0.0,DQN_RND,0.001,0.99,mountaincar,sparse
0,3044,-1.0,200,0.006717955227941275,-1.0,5.475991656567203e-06,0.0,DQN_RND,0.001,0.99,mountaincar,sparse
0,3045,-1.0,200,0.00503954105079174,-1.0,1.0329384167562239e-05,0.0,DQN_RND,0.001,0.99,mountaincar,sparse
0,3046,-1.0,200,0.005040687974542379,-1.0,8.787461410975084e-06,0.0,DQN_RND,0.001,0.99,mountaincar,sparse
0,3047,-1.0,200,0.004199114162474871,-1.0,8.23668233351782e-06,0.0,DQN_RND,0.001,0.99,mountaincar,sparse
0,3048,-1.0,200,0.0025209328159689903,-1.0,5.7896695579984225e-06,0.0,DQN_RND,0.001,0.99,mountaincar,sparse
0,3049,-1.0,200,0.004200606606900692,-1.0,8.4510511442204e-06,0.0,DQN_RND,0.001,0.99,mountaincar,sparse
0,3050,-1.0,200,0.003368304343894124,-1.0,1.1161443580931518e-05,0.0,DQN_RND,0.001,0.99,mountaincar,sparse
0,3051,-1.0,200,0.003359853522852063,-1.0,7.536914836236974e-06,0.0,DQN_RND,0.001,0.99,mountaincar,sparse
0,3052,-1.0,200,0.010076059959828854,-1.0,7.685134733037557e-06,0.0,DQN_RND,0.001,0.99,mountaincar,sparse
0,3053,-1.0,200,0.005036765709519386,-1.0,4.880746473645559e-06,0.0,DQN_RND,0.001,0.99,mountaincar,sparse
0,3054,-1.0,200,0.007553752977401018,-1.0,4.54636483482318e-06,0.0,DQN_RND,0.001,0.99,mountaincar,sparse
0,3055,-1.0,200,0.000840662803966552,-1.0,4.330795491114259e-06,0.0,DQN_RND,0.001,0.99,mountaincar,sparse
0,3056,-1.0,200,0.0033603396732360125,-1.0,9.782325832929928e-06,0.0,DQN_RND,0.001,0.99,mountaincar,sparse
0,3057,-1.0,200,0.005034518428146839,-1.0,7.645422556379344e-06,0.0,DQN_RND,0.001,0.99,mountaincar,sparse
0,3058,-1.0,200,0.005036554764956236,-1.0,8.48553918331163e-06,0.0,DQN_RND,0.001,0.99,mountaincar,sparse
0,3059,-1.0,200,0.0025196473579853773,-1.0,9.00115082913544e-06,0.0,DQN_RND,0.001,0.99,mountaincar,sparse
0,3060,-1.0,200,0.0008404869004152715,-1.0,5.015593160351273e-06,0.0,DQN_RND,0.001,0.99,mountaincar,sparse
0,3061,-1.0,200,0.003359809285029769,-1.0,5.84442977924482e-06,0.0,DQN_RND,0.001,0.99,mountaincar,sparse
0,3062,-1.0,200,0.0033559855073690414,-1.0,8.004546543816105e-06,0.0,DQN_RND,0.001,0.99,mountaincar,sparse
0,3063,-1.0,200,0.005881480406969786,-1.0,6.281079549808055e-06,0.0,DQN_RND,0.001,0.99,mountaincar,sparse
0,3064,-1.0,200,0.0041979169473052025,-1.0,7.782085049257148e-06,0.0,DQN_RND,0.001,0.99,mountaincar,sparse
0,3065,-1.0,200,0.006715727038681507,-1.0,8.157951015164144e-06,0.0,DQN_RND,0.001,0.99,mountaincar,sparse
0,3066,-1.0,200,0.003358484711498022,-1.0,7.0392129600804765e-06,0.0,DQN_RND,0.001,0.99,mountaincar,sparse
0,3067,-1.0,200,0.0025202929973602295,-1.0,4.9831146498036105e-06,0.0,DQN_RND,0.001,0.99,mountaincar,sparse
0,3068,-1.0,200,0.0025199095252901316,-1.0,4.403207185532665e-06,0.0,DQN_RND,0.001,0.99,mountaincar,sparse
0,3069,-1.0,200,0.0050365314818918705,-1.0,4.232887931721052e-06,0.0,DQN_RND,0.001,0.99,mountaincar,sparse
0,3070,-1.0,200,0.002520207082852721,-1.0,5.232252078712918e-06,0.0,DQN_RND,0.001,0.99,mountaincar,sparse
0,3071,-1.0,200,0.005034137982875109,-1.0,6.468310402851785e-06,0.0,DQN_RND,0.001,0.99,mountaincar,sparse
0,3072,-1.0,200,0.00503259152173996,-1.0,6.165270860947203e-06,0.0,DQN_RND,0.001,0.99,mountaincar,sparse
0,3073,-1.0,200,0.004195310175418854,-1.0,7.458706932084169e-06,0.0,DQN_RND,0.001,0.99,mountaincar,sparse
0,3074,-1.0,200,0.006715756841003895,-1.0,7.059673862386262e-06,0.0,DQN_RND,0.001,0.99,mountaincar,sparse
0,3075,-1.0,200,0.004194141365587711,-1.0,4.527510100160725e-06,0.0,DQN_RND,0.001,0.99,mountaincar,sparse
0,3076,-1.0,200,0.006712899077683687,-1.0,5.606160357274348e-06,0.0,DQN_RND,0.001,0.99,mountaincar,sparse
0,3077,-1.0,200,0.0016790847294032574,-1.0,5.880863227503141e-06,0.0,DQN_RND,0.001,0.99,mountaincar,sparse
0,3078,-1.0,200,0.004195645917207003,-1.0,6.199430117703741e-06,0.0,DQN_RND,0.001,0.99,mountaincar,sparse
0,3079,-1.0,200,0.003355341264978051,-1.0,4.3014224502258e-06,0.0,DQN_RND,0.001,0.99,mountaincar,sparse
0,3080,-1.0,200,0.002519917907193303,-1.0,4.3067484511993825e-06,0.0,DQN_RND,0.001,0.99,mountaincar,sparse
0,3081,-1.0,200,0.004192540887743235,-1.0,4.325014288042439e-06,0.0,DQN_RND,0.001,0.99,mountaincar,sparse
0,3082,-1.0,200,0.007544802036136389,-1.0,5.177987986826338e-06,0.0,DQN_RND,0.001,0.99,mountaincar,sparse
0,3083,-1.0,200,0.005866013001650572,-1.0,6.135744115454145e-06,0.0,DQN_RND,0.001,0.99,mountaincar,sparse
0,3084,-1.0,200,0.0033543515019118786,-1.0,5.202008651394863e-06,0.0,DQN_RND,0.001,0.99,mountaincar,sparse
0,3085,-1.0,200,0.005030076019465923,-1.0,5.115785825182684e-06,0.0,DQN_RND,0.001,0.99,mountaincar,sparse
0,3086,-1.0,200,0.005865227431058884,-1.0,5.5521063586638775e-06,0.0,DQN_RND,0.001,0.99,mountaincar,sparse
0,3087,-1.0,200,0.004195499233901501,-1.0,5.554412382480223e-06,0.0,DQN_RND,0.001,0.99,mountaincar,sparse
0,3088,-1.0,200,0.001677106716670096,-1.0,5.826079814141849e-06,0.0,DQN_RND,0.001,0.99,mountaincar,sparse
0,3089,-1.0,200,0.005863917525857687,-1.0,5.369278369471431e-06,0.0,DQN_RND,0.001,0.99,mountaincar,sparse
0,3090,-1.0,200,0.0025133700110018253,-1.0,4.491964773478685e-06,0.0,DQN_RND,0.001,0.99,mountaincar,sparse
0,3091,-1.0,200,0.003351872554048896,-1.0,7.83917676017154e-06,0.0,DQN_RND,0.001,0.99,mountaincar,sparse
0,3092,-1.0,200,0.005027220584452152,-1.0,6.2620929384138435e-06,0.0,DQN_RND,0.001,0.99,mountaincar,sparse
0,3093,-1.0,200,0.0033514315728098154,-1.0,6.242219569685403e-06,0.0,DQN_RND,0.001,0.99,mountaincar,sparse
0,3094,-1.0,200,0.0033517873380333185,-1.0,5.686654276360059e-06,0.0,DQN_RND,0.001,0.99,mountaincar,sparse
0,3095,-1.0,200,0.0025157437194138765,-1.0,5.690111720468849e-06,0.0,DQN_RND,0.001,0.99,mountaincar,sparse
0,3096,-1.0,200,0.0016772061353549361,-1.0,4.102635557501344e-06,0.0,DQN_RND,0.001,0.99,mountaincar,sparse
0,3097,-1.0,200,0.006708463653922081,-1.0,4.82065570395207e-06,0.0,DQN_RND,0.001,0.99,mountaincar,sparse
0,3098,-1.0,200,0.006704060826450586,-1.0,5.425547442428069e-06,0.0,DQN_RND,0.001,0.99,mountaincar,sparse
0,3099,-1.0,200,0.004190069157630205,-1.0,5.371192855818663e-06,0.0,DQN_RND,0.001,0.99,mountaincar,sparse
0,3100,-1.0,200,0.0016779669094830751,-1.0,4.195567271381151e-06,0.0,DQN_RND,0.001,0.99,mountaincar,sparse
0,3101,-1.0,200,0.007541405502706766,-1.0,7.363687018369092e-06,0.0,DQN_RND,0.001,0.99,mountaincar,sparse
0,3102,-1.0,200,0.003350196871906519,-1.0,5.671360213455046e-06,0.0,DQN_RND,0.001,0.99,mountaincar,sparse
0,3103,-1.0,200,0.0008380769286304712,-1.0,4.13712177760317e-06,0.0,DQN_RND,0.001,0.99,mountaincar,sparse
0,3104,-1.0,200,0.004188758321106434,-1.0,4.857806743530091e-06,0.0,DQN_RND,0.001,0.99,mountaincar,sparse
0,3105,-1.0,200,0.008374559693038464,-1.0,4.761637228511972e-06,0.0,DQN_RND,0.001,0.99,mountaincar,sparse
0,3106,-1.0,200,0.00251525966450572,-1.0,5.331528882379644e-06,0.0,DQN_RND,0.001,0.99,mountaincar,sparse
0,3107,-1.0,200,0.005863201804459095,-1.0,4.601679847837659e-06,0.0,DQN_RND,0.001,0.99,mountaincar,sparse
0,3108,-1.0,200,0.0016774164978414774,-1.0,4.5586148189613596e-06,0.0,DQN_RND,0.001,0.99,mountaincar,sparse
0,3109,-1.0,200,0.004186215344816446,-1.0,4.327842816564953e-06,0.0,DQN_RND,0.001,0.99,mountaincar,sparse
0,3110,-1.0,200,0.00167502008844167,-1.0,4.176666607236257e-06,0.0,DQN_RND,0.001,0.99,mountaincar,sparse
0,3111,-1.0,200,0.004188694059848785,-1.0,4.1832408896880224e-06,0.0,DQN_RND,0.001,0.99,mountaincar,sparse
0,3112,-1.0,200,0.003350029932335019,-1.0,4.382095539767761e-06,0.0,DQN_RND,0.001,0.99,mountaincar,sparse
0,3113,-1.0,200,0.005023538134992123,-1.0,6.631560609093867e-06,0.0,DQN_RND,0.001,0.99,mountaincar,sparse
0,3114,-1.0,200,0.008370472118258476,-1.0,4.137894848099677e-06,0.0,DQN_RND,0.001,0.99,mountaincar,sparse
0,3115,-1.0,200,0.0016753150848671794,-1.0,4.246082426107023e-06,0.0,DQN_RND,0.001,0.99,mountaincar,sparse
0,3116,-1.0,200,0.0033507482148706913,-1.0,4.765475750900805e-06,0.0,DQN_RND,0.001,0.99,mountaincar,sparse
0,3117,-1.0,200,0.004184535704553127,-1.0,4.042074124299688e-06,0.0,DQN_RND,0.001,0.99,mountaincar,sparse
0,3118,-1.0,200,0.004184835124760866,-1.0,4.192828328086762e-06,0.0,DQN_RND,0.001,0.99,mountaincar,sparse
0,3119,-1.0,200,0.003347473917528987,-1.0,3.967668817494996e-06,0.0,DQN_RND,0.001,0.99,mountaincar,sparse
0,3120,-1.0,200,0.005021675024181604,-1.0,4.019716016046004e-06,0.0,DQN_RND,0.001,0.99,mountaincar,sparse
0,3121,-1.0,200,0.004182926844805479,-1.0,4.341171006672084e-06,0.0,DQN_RND,0.001,0.99,mountaincar,sparse
0,3122,-1.0,200,0.0016742751467972994,-1.0,6.262052011152264e-06,0.0,DQN_RND,0.001,0.99,mountaincar,sparse
0,3123,-1.0,200,0.005019177217036486,-1.0,4.317861566960346e-06,0.0,DQN_RND,0.001,0.99,mountaincar,sparse
0,3124,-1.0,200,0.0025092950090765953,-1.0,4.533871106104925e-06,0.0,DQN_RND,0.001,0.99,mountaincar,sparse
0,3125,-1.0,200,0.004182896111160517,-1.0,3.889574145432562e-06,0.0,DQN_RND,0.001,0.99,mountaincar,sparse
0,3126,-1.0,200,0.0033451805356889963,-1.0,3.951597591367317e-06,0.0,DQN_RND,0.001,0.99,mountaincar,sparse
0,3127,-1.0,200,0.00669172964990139,-1.0,4.302813067624811e-06,0.0,DQN_RND,0.001,0.99,mountaincar,sparse
0,3128,-1.0,200,0.006691488437354565,-1.0,3.5650282370625064e-06,0.0,DQN_RND,0.001,0.99,mountaincar,sparse
0,3129,-1.0,200,0.0033451130148023367,-1.0,4.052824806421995e-06,0.0,DQN_RND,0.001,0.99,mountaincar,sparse
0,3130,-1.0,200,0.007524800952523947,-1.0,5.081882591184694e-06,0.0,DQN_RND,0.001,0.99,mountaincar,sparse
0,3131,-1.0,200,0.0033449416514486074,-1.0,3.6888143313262844e-06,0.0,DQN_RND,0.001,0.99,mountaincar,sparse
0,3132,-1.0,200,0.005853224545717239,-1.0,4.1101793613051996e-06,0.0,DQN_RND,0.001,0.99,mountaincar,sparse
0,3133,-1.0,200,0.004180473275482655,-1.0,3.5418165680312086e-06,0.0,DQN_RND,0.001,0.99,mountaincar,sparse
0,3134,-1.0,200,0.004180826712399721,-1.0,5.1250353862997144e-06,0.0,DQN_RND,0.001,0.99,mountaincar,sparse
0,3135,-1.0,200,0.0016728420741856098,-1.0,3.4932450034830254e-06,0.0,DQN_RND,0.001,0.99,mountaincar,sparse
0,3136,-1.0,200,0.0050161657854914665,-1.0,3.5916407341574086e-06,0.0,DQN_RND,0.001,0.99,mountaincar,sparse
0,3137,-1.0,200,0.004179087467491627,-1.0,3.760338813663111e-06,0.0,DQN_RND,0.001,0.99,mountaincar,sparse
0,3138,-1.0,200,0.005014342721551657,-1.0,3.5744785691349534e-06,0.0,DQN_RND,0.001,0.99,mountaincar,sparse
0,3139,-1.0,200,0.005015174858272076,-1.0,3.5455382203508634e-06,0.0,DQN_RND,0.001,0.99,mountaincar,sparse
0,3140,-1.0,200,0.0025087285321205854,-1.0,3.528075922076823e-06,0.0,DQN_RND,0.001,0.99,mountaincar,sparse
0,3141,-1.0,200,0.002506464021280408,-1.0,3.862758148898138e-06,0.0,DQN_RND,0.001,0.99,mountaincar,sparse
0,3142,-1.0,200,0.002507233526557684,-1.0,3.52453980667633e-06,0.0,DQN_RND,0.001,0.99,mountaincar,sparse
0,3143,-1.0,200,0.004177535884082317,-1.0,3.8881330510776024e-06,0.0,DQN_RND,0.001,0.99,mountaincar,sparse
0,3144,-1.0,200,0.00584883289411664,-1.0,3.596495844249148e-06,0.0,DQN_RND,0.001,0.99,mountaincar,sparse
0,3145,-1.0,200,0.0033432343043386936,-1.0,3.951361122744856e-06,0.0,DQN_RND,0.001,0.99,mountaincar,sparse
0,3146,-1.0,200,0.004177536349743605,-1.0,4.855376118939603e-06,0.0,DQN_RND,0.001,0.99,mountaincar,sparse
0,3147,-1.0,200,0.005011821165680885,-1.0,3.4264887744939188e-06,0.0,DQN_RND,0.001,0.99,mountaincar,sparse
0,3148,-1.0,200,0.00334297027438879,-1.0,3.555789135134546e-06,0.0,DQN_RND,0.001,0.99,mountaincar,sparse
0,3149,-1.0,200,0.00417670514434576,-1.0,5.129324108565925e-06,0.0,DQN_RND,0.001,0.99,mountaincar,sparse
0,3150,-1.0,200,0.006679390091449022,-1.0,3.5716839192900807e-06,0.0,DQN_RND,0.001,0.99,mountaincar,sparse
0,3151,-1.0,200,0.0050114793702960014,-1.0,3.594265990614076e-06,0.0,DQN_RND,0.001,0.99,mountaincar,sparse
0,3152,-1.0,200,0.002506889868527651,-1.0,3.477604195722961e-06,0.0,DQN_RND,0.001,0.99,mountaincar,sparse
0,3153,-1.0,200,0.0058447751216590405,-1.0,4.222230927553028e-06,0.0,DQN_RND,0.001,0.99,mountaincar,sparse
0,3154,-1.0,200,0.003340591676533222,-1.0,3.483716454866226e-06,0.0,DQN_RND,0.001,0.99,mountaincar,sparse
0,3155,-1.0,200,0.004176453687250614,-1.0,3.5521998142939992e-06,0.0,DQN_RND,0.001,0.99,mountaincar,sparse
0,3156,-1.0,200,0.0025059108156710863,-1.0,3.5115654100081883e-06,0.0,DQN_RND,0.001,0.99,mountaincar,sparse
0,3157,-1.0,200,0.0033421125262975693,-1.0,4.453884685062803e-06,0.0,DQN_RND,0.001,0.99,mountaincar,sparse
0,3158,-1.0,200,0.0041778176091611385,-1.0,3.5655771171150263e-06,0.0,DQN_RND,0.001,0.99,mountaincar,sparse
0,3159,-1.0,200,0.001671930542215705,-1.0,4.777626600116491e-06,0.0,DQN_RND,0.001,0.99,mountaincar,sparse
0,3160,-1.0,200,0.003339819610118866,-1.0,5.137947482580785e-06,0.0,DQN_RND,0.001,0.99,mountaincar,sparse
0,3161,-1.0,200,0.0075108506716787815,-1.0,4.286459898139583e-06,0.0,DQN_RND,0.001,0.99,mountaincar,sparse
0,3162,-1.0,200,0.005843880120664835,-1.0,3.4664003578654956e-06,0.0,DQN_RND,0.001,0.99,mountaincar,sparse
0,3163,-1.0,200,0.0016701132990419865,-1.0,3.2138675578607945e-06,0.0,DQN_RND,0.001,0.99,mountaincar,sparse
0,3164,-1.0,200,0.005012305453419685,-1.0,4.892312517768005e-06,0.0,DQN_RND,0.001,0.99,mountaincar,sparse
0,3165,-1.0,200,0.0025050295516848564,-1.0,3.2398304483649554e-06,0.0,DQN_RND,0.001,0.99,mountaincar,sparse
0,3166,-1.0,200,0.00417428370565176,-1.0,3.2558302791585447e-06,0.0,DQN_RND,0.001,0.99,mountaincar,sparse
0,3167,-1.0,200,0.0016704596346244216,-1.0,2.8549538910738192e-06,0.0,DQN_RND,0.001,0.99,mountaincar,sparse
0,3168,-1.0,200,2.218208919657627e-06,-1.0,2.89934064312547e-06,0.0,DQN_RND,0.001,0.99,mountaincar,sparse
0,3169,-1.0,200,0.005841029342263937,-1.0,2.8807410217268625e-06,0.0,DQN_RND,0.001,0.99,mountaincar,sparse
0,3170,-1.0,200,0.0016696018865332007,-1.0,3.233738425478805e-06,0.0,DQN_RND,0.001,0.99,mountaincar,sparse
0,3171,-1.0,200,0.0033369227312505245,-1.0,3.7462580166902626e-06,0.0,DQN_RND,0.001,0.99,mountaincar,sparse
0,3172,-1.0,200,0.0025051282718777657,-1.0,3.066583758482011e-06,0.0,DQN_RND,0.001,0.99,mountaincar,sparse
0,3173,-1.0,200,0.0033375988714396954,-1.0,4.7079411160666496e-06,0.0,DQN_RND,0.001,0.99,mountaincar,sparse
0,3174,-1.0,200,0.007510306313633919,-1.0,3.7273568977980176e-06,0.0,DQN_RND,0.001,0.99,mountaincar,sparse
0,3175,-1.0,200,0.0025046744849532843,-1.0,2.8207682589709293e-06,0.0,DQN_RND,0.001,0.99,mountaincar,sparse
0,3176,-1.0,200,0.0033375946804881096,-1.0,2.882100716306013e-06,0.0,DQN_RND,0.001,0.99,mountaincar,sparse
0,3177,-1.0,200,0.005005926359444857,-1.0,2.8552074127219385e-06,0.0,DQN_RND,0.001,0.99,mountaincar,sparse
0,3178,-1.0,200,0.002503772499039769,-1.0,2.956948492283118e-06,0.0,DQN_RND,0.001,0.99,mountaincar,sparse
0,3179,-1.0,200,0.0033371755853295326,-1.0,2.8242054668226046e-06,0.0,DQN_RND,0.001,0.99,mountaincar,sparse
0,3180,-1.0,200,0.003338585840538144,-1.0,2.930880327767227e-06,0.0,DQN_RND,0.001,0.99,mountaincar,sparse
0,3181,-1.0,200,0.00500585837289691,-1.0,3.2034965897764778e-06,0.0,DQN_RND,0.001,0.99,mountaincar,sparse
0,3182,-1.0,200,0.005002731457352638,-1.0,3.093347459071083e-06,0.0,DQN_RND,0.001,0.99,mountaincar,sparse
0,3183,-1.0,200,0.003336604917421937,-1.0,2.7877385946339928e-06,0.0,DQN_RND,0.001,0.99,mountaincar,sparse
0,3184,-1.0,200,0.0058367494493722916,-1.0,4.641958184947725e-06,0.0,DQN_RND,0.001,0.99,mountaincar,sparse
0,3185,-1.0,200,0.007504520006477833,-1.0,3.382978547961102e-06,0.0,DQN_RND,0.001,0.99,mountaincar,sparse
0,3186,-1.0,200,0.00667281961068511,-1.0,3.868153726216406e-06,0.0,DQN_RND,0.001,0.99,mountaincar,sparse
0,3187,-1.0,200,0.005003517027944326,-1.0,2.6862351205636514e-06,0.0,DQN_RND,0.001,0.99,mountaincar,sparse
0,3188,-1.0,200,0.008341233246028423,-1.0,2.704965709199314e-06,0.0,DQN_RND,0.001,0.99,mountaincar,sparse
0,3189,-1.0,200,0.004170651081949472,-1.0,2.732642997216317e-06,0.0,DQN_RND,0.001,0.99,mountaincar,sparse
0,3190,-1.0,200,0.003337167203426361,-1.0,2.7963367301708786e-06,0.0,DQN_RND,0.001,0.99,mountaincar,sparse
0,3191,-1.0,200,0.005836048629134893,-1.0,2.939760179287987e-06,0.0,DQN_RND,0.001,0.99,mountaincar,sparse
0,3192,-1.0,200,0.0074990433640778065,-1.0,4.467852249945281e-06,0.0,DQN_RND,0.001,0.99,mountaincar,sparse
0,3193,-1.0,200,0.0050026546232402325,-1.0,3.015728452737676e-06,0.0,DQN_RND,0.001,0.99,mountaincar,sparse
0,3194,-1.0,200,0.005004179663956165,-1.0,2.993213911395287e-06,0.0,DQN_RND,0.001,0.99,mountaincar,sparse
0,3195,-1.0,200,0.003335254732519388,-1.0,3.582987801564741e-06,0.0,DQN_RND,0.001,0.99,mountaincar,sparse
0,3196,-1.0,200,0.0033356996718794107,-1.0,3.748965809791116e-06,0.0,DQN_RND,0.001,0.99,mountaincar,sparse
0,3197,-1.0,200,0.00500064343214035,-1.0,2.9394025204965146e-06,0.0,DQN_RND,0.001,0.99,mountaincar,sparse
0,3198,-1.0,200,0.0008350809803232551,-1.0,3.7842557958356338e-06,0.0,DQN_RND,0.001,0.99,mountaincar,sparse
0,3199,-1.0,200,0.0033365061972290277,-1.0,3.0630817491328344e-06,0.0,DQN_RND,0.001,0.99,mountaincar,sparse
0,3200,-1.0,200,0.0033333124592900276,-1.0,3.01338354802283e-06,0.0,DQN_RND,0.001,0.99,mountaincar,sparse
0,3201,-1.0,200,0.0041668834164738655,-1.0,2.575871121734963e-06,0.0,DQN_RND,0.001,0.99,mountaincar,sparse
0,3202,-1.0,200,0.004169297404587269,-1.0,2.7714679617929505e-06,0.0,DQN_RND,0.001,0.99,mountaincar,sparse
0,3203,-1.0,200,0.00749601237475872,-1.0,3.2327666303899605e-06,0.0,DQN_RND,0.001,0.99,mountaincar,sparse
0,3204,-1.0,200,0.006661230698227882,-1.0,2.544135668358649e-06,0.0,DQN_RND,0.001,0.99,mountaincar,sparse
0,3205,-1.0,200,0.004164115060120821,-1.0,2.581922444733209e-06,0.0,DQN_RND,0.001,0.99,mountaincar,sparse
0,3206,-1.0,200,0.0041651297360658646,-1.0,2.4304295038746204e-06,0.0,DQN_RND,0.001,0.99,mountaincar,sparse
0,3207,-1.0,200,0.004167303442955017,-1.0,2.5447816369705833e-06,0.0,DQN_RND,0.001,0.99,mountaincar,sparse
0,3208,-1.0,200,0.008324871771037579,-1.0,2.949768258986296e-06,0.0,DQN_RND,0.001,0.99,mountaincar,sparse
0,3209,-1.0,200,0.002501259557902813,-1.0,2.5519016162434127e-06,0.0,DQN_RND,0.001,0.99,mountaincar,sparse
0,3210,-1.0,200,0.0058281393721699715,-1.0,2.7372043405193835e-06,0.0,DQN_RND,0.001,0.99,mountaincar,sparse
0,3211,-1.0,200,0.00416171969845891,-1.0,2.5676647510408657e-06,0.0,DQN_RND,0.001,0.99,mountaincar,sparse
0,3212,-1.0,200,0.00749669736251235,-1.0,2.5378865302627673e-06,0.0,DQN_RND,0.001,0.99,mountaincar,sparse
0,3213,-1.0,200,0.0033334398176521063,-1.0,2.6494194571569096e-06,0.0,DQN_RND,0.001,0.99,mountaincar,sparse
0,3214,-1.0,200,0.003331970889121294,-1.0,3.597790055209771e-06,0.0,DQN_RND,0.001,0.99,mountaincar,sparse
0,3215,-1.0,200,0.00416257418692112,-1.0,2.678238843145664e-06,0.0,DQN_RND,0.001,0.99,mountaincar,sparse
0,3216,-1.0,200,0.002498327288776636,-1.0,2.5816129891609307e-06,0.0,DQN_RND,0.001,0.99,mountaincar,sparse
0,3217,-1.0,200,0.0025030295364558697,-1.0,2.5766255475900834e-06,0.0,DQN_RND,0.001,0.99,mountaincar,sparse
0,3218,-1.0,200,0.0024975715205073357,-1.0,3.3506214549561264e-06,0.0,DQN_RND,0.001,0.99,mountaincar,sparse
0,3219,-1.0,200,0.0033324440009891987,-1.0,2.420640839773114e-06,0.0,DQN_RND,0.001,0.99,mountaincar,sparse
0,3220,-1.0,200,0.003332921303808689,-1.0,2.3832053557271138e-06,0.0,DQN_RND,0.001,0.99,mountaincar,sparse
0,3221,-1.0,200,0.004994094837456942,-1.0,4.379037363833049e-06,0.0,DQN_RND,0.001,0.99,mountaincar,sparse
0,3222,-1.0,200,0.006658609490841627,-1.0,3.3385758797521703e-06,0.0,DQN_RND,0.001,0.99,mountaincar,sparse
0,3223,-1.0,200,0.0041605522856116295,-1.0,2.193805357819656e-06,0.0,DQN_RND,0.001,0.99,mountaincar,sparse
0,3224,-1.0,200,0.004997176583856344,-1.0,3.163444489473477e-06,0.0,DQN_RND,0.001,0.99,mountaincar,sparse
0,3225,-1.0,200,0.003330494975671172,-1.0,2.1244941308395937e-06,0.0,DQN_RND,0.001,0.99,mountaincar,sparse
0,3226,-1.0,200,0.007490746211260557,-1.0,3.4045656320813578e-06,0.0,DQN_RND,0.001,0.99,mountaincar,sparse
0,3227,-1.0,200,0.0024991794489324093,-1.0,4.46692820332828e-06,0.0,DQN_RND,0.001,0.99,mountaincar,sparse
0,3228,-1.0,200,0.005827039480209351,-1.0,2.1239311536191963e-06,0.0,DQN_RND,0.001,0.99,mountaincar,sparse
0,3229,-1.0,200,0.004159144125878811,-1.0,3.9445840229745954e-06,0.0,DQN_RND,0.001,0.99,mountaincar,sparse
0,3230,-1.0,200,0.006662537343800068,-1.0,2.123825424860115e-06,0.0,DQN_RND,0.001,0.99,mountaincar,sparse
0,3231,-1.0,200,0.004155142232775688,-1.0,2.5592992187739583e-06,0.0,DQN_RND,0.001,0.99,mountaincar,sparse
0,3232,-1.0,200,0.004159511998295784,-1.0,2.201272081947536e-06,0.0,DQN_RND,0.001,0.99,mountaincar,sparse
0,3233,-1.0,200,0.007489338051527739,-1.0,2.2561528112419182e-06,0.0,DQN_RND,0.001,0.99,mountaincar,sparse
0,3234,-1.0,200,0.0008373371092602611,-1.0,2.920796532634995e-06,0.0,DQN_RND,0.001,0.99,mountaincar,sparse
0,3235,-1.0,200,0.0066544897854328156,-1.0,2.8427073175407713e-06,0.0,DQN_RND,0.001,0.99,mountaincar,sparse
0,3236,-1.0,200,0.005828781984746456,-1.0,2.2181711756275035e-06,0.0,DQN_RND,0.001,0.99,mountaincar,sparse
0,3237,-1.0,200,0.008317415602505207,-1.0,2.7731973659683717e-06,0.0,DQN_RND,0.001,0.99,mountaincar,sparse
0,3238,-1.0,200,0.004994585178792477,-1.0,2.7680616767611355e-06,0.0,DQN_RND,0.001,0.99,mountaincar,sparse
0,3239,-1.0,200,0.0033247042447328568,-1.0,3.39324515152839e-06,0.0,DQN_RND,0.001,0.99,mountaincar,sparse
0,3240,-1.0,200,0.0024964436888694763,-1.0,2.535719431762118e-06,0.0,DQN_RND,0.001,0.99,mountaincar,sparse
0,3241,-1.0,200,0.0033315294422209263,-1.0,2.341042318221298e-06,0.0,DQN_RND,0.001,0.99,mountaincar,sparse
0,3242,-1.0,200,0.0058210366405546665,-1.0,2.346057272006874e-06,0.0,DQN_RND,0.001,0.99,mountaincar,sparse
0,3243,-1.0,200,0.005819221958518028,-1.0,2.539122078815126e-06,0.0,DQN_RND,0.001,0.99,mountaincar,sparse
0,3244,-1.0,200,0.004989187698811293,-1.0,2.277522753502126e-06,0.0,DQN_RND,0.001,0.99,mountaincar,sparse
0,3245,-1.0,200,0.005822604522109032,-1.0,3.2638276934449095e-06,0.0,DQN_RND,0.001,0.99,mountaincar,sparse
0,3246,-1.0,200,0.0016648215241730213,-1.0,2.3557499844173435e-06,0.0,DQN_RND,0.001,0.99,mountaincar,sparse
0,3247,-1.0,200,0.0033294870518147945,-1.0,2.181284799007699e-06,0.0,DQN_RND,0.001,0.99,mountaincar,sparse
0,3248,-1.0,200,0.0024987978395074606,-1.0,2.193291493313154e-06,0.0,DQN_RND,0.001,0.99,mountaincar,sparse
0,3249,-1.0,200,0.007478565908968449,-1.0,3.3506496492918814e-06,0.0,DQN_RND,0.001,0.99,mountaincar,sparse
0,3250,-1.0,200,0.001665483578108251,-1.0,2.476780991855776e-06,0.0,DQN_RND,0.001,0.99,mountaincar,sparse
0,3251,-1.0,200,0.004989071749150753,-1.0,2.2321244159684284e-06,0.0,DQN_RND,0.001,0.99,mountaincar,sparse
0,3252,-1.0,200,0.004156176932156086,-1.0,3.34865080731106e-06,0.0,DQN_RND,0.001,0.99,mountaincar,sparse
0,3253,-1.0,200,0.0033280819188803434,-1.0,2.235576175735332e-06,0.0,DQN_RND,0.001,0.99,mountaincar,sparse
0,3254,-1.0,200,0.0016638720408082008,-1.0,2.11694873542001e-06,0.0,DQN_RND,0.001,0.99,mountaincar,sparse
0,3255,-1.0,200,0.004991266876459122,-1.0,2.1970211037114495e-06,0.0,DQN_RND,0.001,0.99,mountaincar,sparse
0,3256,-1.0,200,0.0016639061504974961,-1.0,2.4538167053833604e-06,0.0,DQN_RND,0.001,0.99,mountaincar,sparse
0,3257,-1.0,200,0.0016641904367133975,-1.0,2.0843617676291615e-06,0.0,DQN_RND,0.001,0.99,mountaincar,sparse
0,3258,-1.0,200,0.005818537436425686,-1.0,3.4926397347589955e-06,0.0,DQN_RND,0.001,0.99,mountaincar,sparse
0,3259,-1.0,200,0.0033253557048738003,-1.0,2.0103234419366345e-06,0.0,DQN_RND,0.001,0.99,mountaincar,sparse
0,3260,-1.0,200,0.007474363781511784,-1.0,2.022988383032498e-06,0.0,DQN_RND,0.001,0.99,mountaincar,sparse
0,3261,-1.0,200,0.009967261925339699,-1.0,2.071958988381084e-06,0.0,DQN_RND,0.001,0.99,mountaincar,sparse
0,3262,-1.0,200,0.005820618476718664,-1.0,2.5793490294745425e-06,0.0,DQN_RND,0.001,0.99,mountaincar,sparse
0,3263,-1.0,200,0.002496980130672455,-1.0,2.0558950382110197e-06,0.0,DQN_RND,0.001,0.99,mountaincar,sparse
0,3264,-1.0,200,0.006644308101385832,-1.0,4.843676833843347e-06,0.0,DQN_RND,0.001,0.99,mountaincar,sparse
0,3265,-1.0,200,0.002493486041203141,-1.0,2.070695472866646e-06,0.0,DQN_RND,0.001,0.99,mountaincar,sparse
0,3266,-1.0,200,0.0058148507960140705,-1.0,2.0081299680896336e-06,0.0,DQN_RND,0.001,0.99,mountaincar,sparse
0,3267,-1.0,200,0.0033205412328243256,-1.0,2.4112446226354223e-06,0.0,DQN_RND,0.001,0.99,mountaincar,sparse
0,3268,-1.0,200,0.005815405398607254,-1.0,2.0000661606900394e-06,0.0,DQN_RND,0.001,0.99,mountaincar,sparse
0,3269,-1.0,200,0.0016610531602054834,-1.0,1.99461078409513e-06,0.0,DQN_RND,0.001,0.99,mountaincar,sparse
0,3270,-1.0,200,0.004985072650015354,-1.0,1.902812300613732e-06,0.0,DQN_RND,0.001,0.99,mountaincar,sparse
0,3271,-1.0,200,0.005816076882183552,-1.0,1.940219590323977e-06,0.0,DQN_RND,0.001,0.99,mountaincar,sparse
0,3272,-1.0,200,0.0008316420717164874,-1.0,2.028257313213544e-06,0.0,DQN_RND,0.001,0.99,mountaincar,sparse
0,3273,-1.0,200,0.0016632808838039637,-1.0,2.231873395430739e-06,0.0,DQN_RND,0.001,0.99,mountaincar,sparse
0,3274,-1.0,200,0.003324504941701889,-1.0,2.000263975787675e-06,0.0,DQN_RND,0.001,0.99,mountaincar,sparse
0,3275,-1.0,200,0.004150907509028912,-1.0,2.2133767743071076e-06,0.0,DQN_RND,0.001,0.99,mountaincar,sparse
0,3276,-1.0,200,0.002492555184289813,-1.0,4.213555712340167e-06,0.0,DQN_RND,0.001,0.99,mountaincar,sparse
0,3277,-1.0,200,0.005811186041682959,-1.0,3.2740438200562494e-06,0.0,DQN_RND,0.001,0.99,mountaincar,sparse
0,3278,-1.0,200,0.0024939589202404022,-1.0,2.0582860997819807e-06,0.0,DQN_RND,0.001,0.99,mountaincar,sparse
0,3279,-1.0,200,0.004975760821253061,-1.0,2.051898945865105e-06,0.0,DQN_RND,0.001,0.99,mountaincar,sparse
0,3280,-1.0,200,0.005808939691632986,-1.0,4.2252045204804745e-06,0.0,DQN_RND,0.001,0.99,mountaincar,sparse
0,3281,-1.0,200,0.001664059585891664,-1.0,2.6288782919436926e-06,0.0,DQN_RND,0.001,0.99,mountaincar,sparse
0,3282,-1.0,200,0.0049779219552874565,-1.0,1.9139540654578013e-06,0.0,DQN_RND,0.001,0.99,mountaincar,sparse
0,3283,-1.0,200,0.003322356380522251,-1.0,4.15686690757866e-06,0.0,DQN_RND,0.001,0.99,mountaincar,sparse
0,3284,-1.0,200,0.0016616563079878688,-1.0,1.982489948204602e-06,0.0,DQN_RND,0.001,0.99,mountaincar,sparse
0,3285,-1.0,200,0.004979312419891357,-1.0,2.8788454073946923e-06,0.0,DQN_RND,0.001,0.99,mountaincar,sparse
0,3286,-1.0,200,0.004152447450906038,-1.0,1.991955059565953e-06,0.0,DQN_RND,0.001,0.99,mountaincar,sparse
0,3287,-1.0,200,0.0033170387614518404,-1.0,4.578610059979837e-06,0.0,DQN_RND,0.001,0.99,mountaincar,sparse
0,3288,-1.0,200,0.004979412071406841,-1.0,4.1345597310282756e-06,0.0,DQN_RND,0.001,0.99,mountaincar,sparse
0,3289,-1.0,200,0.003317316062748432,-1.0,2.656307515280787e-06,0.0,DQN_RND,0.001,0.99,mountaincar,sparse
0,3290,-1.0,200,2.6887671538133873e-06,-1.0,3.0834607969154604e-06,0.0,DQN_RND,0.001,0.99,mountaincar,sparse
0,3291,-1.0,200,2.807522150760633e-06,-1.0,1.978950194825302e-06,0.0,DQN_RND,0.001,0.99,mountaincar,sparse
0,3292,-1.0,200,0.0024938194546848536,-1.0,2.002283054025611e-06,0.0,DQN_RND,0.001,0.99,mountaincar,sparse
0,3293,-1.0,200,0.004148295149207115,-1.0,4.110994723305339e-06,0.0,DQN_RND,0.001,0.99,mountaincar,sparse
0,3294,-1.0,200,0.004971573129296303,-1.0,2.054916421911912e-06,0.0,DQN_RND,0.001,0.99,mountaincar,sparse
0,3295,-1.0,200,0.01078556478023529,-1.0,2.0893132841592887e-06,0.0,DQN_RND,0.001,0.99,mountaincar,sparse
0,3296,-1.0,200,0.0033178506419062614,-1.0,2.0528266304609133e-06,0.0,DQN_RND,0.001,0.99,mountaincar,sparse
0,3297,-1.0,200,0.0016604227712377906,-1.0,2.066749630103004e-06,0.0,DQN_RND,0.001,0.99,mountaincar,sparse
0,3298,-1.0,200,0.0033212893176823854,-1.0,2.059131020359928e-06,0.0,DQN_RND,0.001,0.99,mountaincar,sparse
0,3299,-1.0,200,0.005808849819004536,-1.0,2.1689170353056397e-06,0.0,DQN_RND,0.001,0.99,mountaincar,sparse
0,3300,-1.0,200,0.002489926293492317,-1.0,2.121795432685758e-06,0.0,DQN_RND,0.001,0.99,mountaincar,sparse
0,3301,-1.0,200,0.0024907561019062996,-1.0,3.04630975733744e-06,0.0,DQN_RND,0.001,0.99,mountaincar,sparse
0,3302,-1.0,200,0.005807970650494099,-1.0,2.888747985707596e-06,0.0,DQN_RND,0.001,0.99,mountaincar,sparse
0,3303,-1.0,200,0.004975436255335808,-1.0,2.6227555736113572e-06,0.0,DQN_RND,0.001,0.99,mountaincar,sparse
0,3304,-1.0,200,0.0041480292566120625,-1.0,2.467651256665704e-06,0.0,DQN_RND,0.001,0.99,mountaincar,sparse
0,3305,-1.0,200,0.00581282377243042,-1.0,2.3608138235431397e-06,0.0,DQN_RND,0.001,0.99,mountaincar,sparse
0,3306,-1.0,200,0.004145159851759672,-1.0,2.2763140350434696e-06,0.0,DQN_RND,0.001,0.99,mountaincar,sparse
0,3307,-1.0,200,0.004150260239839554,-1.0,2.5665617613412905e-06,0.0,DQN_RND,0.001,0.99,mountaincar,sparse
0,3308,-1.0,200,0.004148862790316343,-1.0,3.2443924737890484e-06,0.0,DQN_RND,0.001,0.99,mountaincar,sparse
0,3309,-1.0,200,0.006635727826505899,-1.0,2.5714709863677854e-06,0.0,DQN_RND,0.001,0.99,mountaincar,sparse
0,3310,-1.0,200,0.0016609866870567203,-1.0,2.190485247410834e-06,0.0,DQN_RND,0.001,0.99,mountaincar,sparse
0,3311,-1.0,200,0.00580518739297986,-1.0,3.2859893508430105e-06,0.0,DQN_RND,0.001,0.99,mountaincar,sparse
0,3312,-1.0,200,0.0008309053373523057,-1.0,4.191208972770255e-06,0.0,DQN_RND,0.001,0.99,mountaincar,sparse
0,3313,-1.0,200,0.0033167845103889704,-1.0,2.3521688490291126e-06,0.0,DQN_RND,0.001,0.99,mountaincar,sparse
0,3314,-1.0,200,0.002486072713509202,-1.0,2.689194843696896e-06,0.0,DQN_RND,0.001,0.99,mountaincar,sparse
0,3315,-1.0,200,0.0033168343361467123,-1.0,2.2889898900757544e-06,0.0,DQN_RND,0.001,0.99,mountaincar,sparse
0,3316,-1.0,200,0.004976321943104267,-1.0,2.6972422801918583e-06,0.0,DQN_RND,0.001,0.99,mountaincar,sparse
0,3317,-1.0,200,0.0024887435138225555,-1.0,2.4481923901475966e-06,0.0,DQN_RND,0.001,0.99,mountaincar,sparse
0,3318,-1.0,200,0.006632519420236349,-1.0,2.1920282051723916e-06,0.0,DQN_RND,0.001,0.99,mountaincar,sparse
0,3319,-1.0,200,0.002488484373316169,-1.0,2.178495833504712e-06,0.0,DQN_RND,0.001,0.99,mountaincar,sparse
0,3320,-1.0,200,0.005802150350064039,-1.0,2.2593344510823954e-06,0.0,DQN_RND,0.001,0.99,mountaincar,sparse
0,3321,-1.0,200,0.0033174031414091587,-1.0,2.5604613256291486e-06,0.0,DQN_RND,0.001,0.99,mountaincar,sparse
0,3322,-1.0,200,0.0016587355639785528,-1.0,2.3300208340515383e-06,0.0,DQN_RND,0.001,0.99,mountaincar,sparse
0,3323,-1.0,200,0.0033153861295431852,-1.0,2.964274017358548e-06,0.0,DQN_RND,0.001,0.99,mountaincar,sparse
0,3324,-1.0,200,0.004142294637858868,-1.0,2.150452701243921e-06,0.0,DQN_RND,0.001,0.99,mountaincar,sparse
0,3325,-1.0,200,0.005798583850264549,-1.0,2.1495070541277528e-06,0.0,DQN_RND,0.001,0.99,mountaincar,sparse
0,3326,-1.0,200,0.0049710962921381,-1.0,2.8006566026306245e-06,0.0,DQN_RND,0.001,0.99,mountaincar,sparse
0,3327,-1.0,200,0.004973330069333315,-1.0,3.1013939860713435e-06,0.0,DQN_RND,0.001,0.99,mountaincar,sparse
0,3328,-1.0,200,0.00414239102974534,-1.0,2.6081138457811903e-06,0.0,DQN_RND,0.001,0.99,mountaincar,sparse
0,3329,-1.0,200,0.003311139065772295,-1.0,3.021205202458077e-06,0.0,DQN_RND,0.001,0.99,mountaincar,sparse
0,3330,-1.0,200,0.0057977233082056046,-1.0,2.452150738463388e-06,0.0,DQN_RND,0.001,0.99,mountaincar,sparse
0,3331,-1.0,200,0.005796471610665321,-1.0,4.006584276794456e-06,0.0,DQN_RND,0.001,0.99,mountaincar,sparse
0,3332,-1.0,200,0.0033134021796286106,-1.0,2.521474243621924e-06,0.0,DQN_RND,0.001,0.99,mountaincar,sparse
0,3333,-1.0,200,0.0016584242694079876,-1.0,2.059394319076091e-06,0.0,DQN_RND,0.001,0.99,mountaincar,sparse
0,3334,-1.0,200,0.0016580705996602774,-1.0,2.0758498067152686e-06,0.0,DQN_RND,0.001,0.99,mountaincar,sparse
0,3335,-1.0,200,0.0016559725627303123,-1.0,3.0442099614447216e-06,0.0,DQN_RND,0.001,0.99,mountaincar,sparse
0,3336,-1.0,200,0.004138804040849209,-1.0,2.113811206072569e-06,0.0,DQN_RND,0.001,0.99,mountaincar,sparse
0,3337,-1.0,200,0.0033138913568109274,-1.0,2.1091207145218505e-06,0.0,DQN_RND,0.001,0.99,mountaincar,sparse
0,3338,-1.0,200,0.0024858552496880293,-1.0,4.129291937715607e-06,0.0,DQN_RND,0.001,0.99,mountaincar,sparse
0,3339,-1.0,200,0.0033108501229435205,-1.0,2.005358510359656e-06,0.0,DQN_RND,0.001,0.99,mountaincar,sparse
0,3340,-1.0,200,0.0033122319728136063,-1.0,4.304240974306595e-06,0.0,DQN_RND,0.001,0.99,mountaincar,sparse
0,3341,-1.0,200,0.004966652952134609,-1.0,2.0126165054534795e-06,0.0,DQN_RND,0.001,0.99,mountaincar,sparse
0,3342,-1.0,200,0.003312203101813793,-1.0,2.7146215870743617e-06,0.0,DQN_RND,0.001,0.99,mountaincar,sparse
0,3343,-1.0,200,0.004967762157320976,-1.0,2.175818963223719e-06,0.0,DQN_RND,0.001,0.99,mountaincar,sparse
0,3344,-1.0,200,1.1724814612534828e-06,-1.0,2.49707431976276e-06,0.0,DQN_RND,0.001,0.99,mountaincar,sparse
0,3345,-1.0,200,0.008281107991933823,-1.0,2.4725459297769703e-06,0.0,DQN_RND,0.001,0.99,mountaincar,sparse
0,3346,-1.0,200,0.004138733260333538,-1.0,2.3930217594170244e-06,0.0,DQN_RND,0.001,0.99,mountaincar,sparse
0,3347,-1.0,200,0.005795270204544067,-1.0,3.5390862649364863e-06,0.0,DQN_RND,0.001,0.99,mountaincar,sparse
0,3348,-1.0,200,0.0041365292854607105,-1.0,3.1251904601958813e-06,0.0,DQN_RND,0.001,0.99,mountaincar,sparse
0,3349,-1.0,200,0.006617211736738682,-1.0,2.1789714992337395e-06,0.0,DQN_RND,0.001,0.99,mountaincar,sparse
0,3350,-1.0,200,0.004964048974215984,-1.0,3.0945759590395028e-06,0.0,DQN_RND,0.001,0.99,mountaincar,sparse
0,3351,-1.0,200,0.003309784457087517,-1.0,2.696335741347866e-06,0.0,DQN_RND,0.001,0.99,mountaincar,sparse
0,3352,-1.0,200,0.004138605203479528,-1.0,2.8338649826764595e-06,0.0,DQN_RND,0.001,0.99,mountaincar,sparse
0,3353,-1.0,200,0.0033103011082857847,-1.0,2.3070826955517987e-06,0.0,DQN_RND,0.001,0.99,mountaincar,sparse
0,3354,-1.0,200,0.002482740208506584,-1.0,2.3842112568672746e-06,0.0,DQN_RND,0.001,0.99,mountaincar,sparse
0,3355,-1.0,200,0.00413515605032444,-1.0,2.495115268175141e-06,0.0,DQN_RND,0.001,0.99,mountaincar,sparse
0,3356,-1.0,200,0.004137519281357527,-1.0,2.3894945115898736e-06,0.0,DQN_RND,0.001,0.99,mountaincar,sparse
0,3357,-1.0,200,0.005790947005152702,-1.0,2.55957706940535e-06,0.0,DQN_RND,0.001,0.99,mountaincar,sparse
0,3358,-1.0,200,0.003308615181595087,-1.0,2.8204719910718268e-06,0.0,DQN_RND,0.001,0.99,mountaincar,sparse
0,3359,-1.0,200,0.004961952567100525,-1.0,4.7728553909109905e-06,0.0,DQN_RND,0.001,0.99,mountaincar,sparse
0,3360,-1.0,200,0.0024813031777739525,-1.0,2.293801117048133e-06,0.0,DQN_RND,0.001,0.99,mountaincar,sparse
0,3361,-1.0,200,0.004134593065828085,-1.0,2.301051154063316e-06,0.0,DQN_RND,0.001,0.99,mountaincar,sparse
0,3362,-1.0,200,0.0024815762881189585,-1.0,2.3208974653243786e-06,0.0,DQN_RND,0.001,0.99,mountaincar,sparse
0,3363,-1.0,200,0.004133241251111031,-1.0,2.322425871170708e-06,0.0,DQN_RND,0.001,0.99,mountaincar,sparse
0,3364,-1.0,200,0.004135006573051214,-1.0,3.529727109707892e-06,0.0,DQN_RND,0.001,0.99,mountaincar,sparse
0,3365,-1.0,200,0.004133280832320452,-1.0,3.0007684017618885e-06,0.0,DQN_RND,0.001,0.99,mountaincar,sparse
0,3366,-1.0,200,0.004960399121046066,-1.0,2.8713050141959684e-06,0.0,DQN_RND,0.001,0.99,mountaincar,sparse
0,3367,-1.0,200,0.00743891904130578,-1.0,3.9643364289077e-06,0.0,DQN_RND,0.001,0.99,mountaincar,sparse
0,3368,-1.0,200,0.005785624496638775,-1.0,2.5018100586748915e-06,0.0,DQN_RND,0.001,0.99,mountaincar,sparse
0,3369,-1.0,200,0.004958051256835461,-1.0,2.4004616534512024e-06,0.0,DQN_RND,0.001,0.99,mountaincar,sparse
0,3370,-1.0,200,0.007434362079948187,-1.0,2.9996519970154623e-06,0.0,DQN_RND,0.001,0.99,mountaincar,sparse
0,3371,-1.0,200,0.006609452422708273,-1.0,2.4240330276370514e-06,0.0,DQN_RND,0.001,0.99,mountaincar,sparse
0,3372,-1.0,200,0.006608996540307999,-1.0,2.7661042167892447e-06,0.0,DQN_RND,0.001,0.99,mountaincar,sparse
0,3373,-1.0,200,0.006606530863791704,-1.0,3.050508212254499e-06,0.0,DQN_RND,0.001,0.99,mountaincar,sparse
0,3374,-1.0,200,0.0016517731128260493,-1.0,2.8023480354022468e-06,0.0,DQN_RND,0.001,0.99,mountaincar,sparse
0,3375,-1.0,200,0.0066027455031871796,-1.0,3.070583488806733e-06,0.0,DQN_RND,0.001,0.99,mountaincar,sparse
0,3376,-1.0,200,0.005778163205832243,-1.0,3.3187150165758794e-06,0.0,DQN_RND,0.001,0.99,mountaincar,sparse
0,3377,-1.0,200,0.0033030761405825615,-1.0,2.9560967504949076e-06,0.0,DQN_RND,0.001,0.99,mountaincar,sparse
0,3378,-1.0,200,0.005779971368610859,-1.0,4.515517503023148e-06,0.0,DQN_RND,0.001,0.99,mountaincar,sparse
0,3379,-1.0,200,0.003301775548607111,-1.0,2.9361881388467737e-06,0.0,DQN_RND,0.001,0.99,mountaincar,sparse
0,3380,-1.0,200,0.0033015639055520296,-1.0,3.2028094665292883e-06,0.0,DQN_RND,0.001,0.99,mountaincar,sparse
0,3381,-1.0,200,0.001651862869039178,-1.0,3.0188307391654234e-06,0.0,DQN_RND,0.001,0.99,mountaincar,sparse
0,3382,-1.0,200,0.00412833783775568,-1.0,4.921724212181289e-06,0.0,DQN_RND,0.001,0.99,mountaincar,sparse
0,3383,-1.0,200,0.0033028763718903065,-1.0,4.446384082257282e-06,0.0,DQN_RND,0.001,0.99,mountaincar,sparse
0,3384,-1.0,200,0.003303133649751544,-1.0,3.5112550449412083e-06,0.0,DQN_RND,0.001,0.99,mountaincar,sparse
0,3385,-1.0,200,0.0024769764859229326,-1.0,2.9551811167038977e-06,0.0,DQN_RND,0.001,0.99,mountaincar,sparse
0,3386,-1.0,200,0.005776406731456518,-1.0,3.17098692903528e-06,0.0,DQN_RND,0.001,0.99,mountaincar,sparse
0,3387,-1.0,200,0.004125416278839111,-1.0,4.29627698395052e-06,0.0,DQN_RND,0.001,0.99,mountaincar,sparse
0,3388,-1.0,200,0.006599741987884045,-1.0,3.211812327208463e-06,0.0,DQN_RND,0.001,0.99,mountaincar,sparse
0,3389,-1.0,200,0.0008255091379396617,-1.0,5.2766768021683674e-06,0.0,DQN_RND,0.001,0.99,mountaincar,sparse
0,3390,-1.0,200,0.0033011832274496555,-1.0,3.578243195079267e-06,0.0,DQN_RND,0.001,0.99,mountaincar,sparse
0,3391,-1.0,200,0.00495152035728097,-1.0,5.298499672790058e-06,0.0,DQN_RND,0.001,0.99,mountaincar,sparse
0,3392,-1.0,200,0.00659913569688797,-1.0,3.466321459200117e-06,0.0,DQN_RND,0.001,0.99,mountaincar,sparse
0,3393,-1.0,200,0.003300408134236932,-1.0,4.310864369472256e-06,0.0,DQN_RND,0.001,0.99,mountaincar,sparse
0,3394,-1.0,200,0.01071955543011427,-1.0,3.4160248105763458e-06,0.0,DQN_RND,0.001,0.99,mountaincar,sparse
0,3395,-1.0,200,0.006596350576728582,-1.0,3.810451744357124e-06,0.0,DQN_RND,0.001,0.99,mountaincar,sparse
0,3396,-1.0,200,0.003296824172139168,-1.0,3.8030248106224462e-06,0.0,DQN_RND,0.001,0.99,mountaincar,sparse
0,3397,-1.0,200,0.0016503125661984086,-1.0,4.014899332105415e-06,0.0,DQN_RND,0.001,0.99,mountaincar,sparse
0,3398,-1.0,200,0.0024758034851402044,-1.0,4.3892664507438894e-06,0.0,DQN_RND,0.001,0.99,mountaincar,sparse
0,3399,-1.0,200,0.002474200213328004,-1.0,3.112296326435171e-06,0.0,DQN_RND,0.001,0.99,mountaincar,sparse
0,3400,-1.0,200,0.004946066066622734,-1.0,4.513738076639129e-06,0.0,DQN_RND,0.001,0.99,mountaincar,sparse
0,3401,-1.0,200,0.0057745445519685745,-1.0,5.595229140453739e-06,0.0,DQN_RND,0.001,0.99,mountaincar,sparse
0,3402,-1.0,200,0.0033016952220350504,-1.0,4.210788574710023e-06,0.0,DQN_RND,0.001,0.99,mountaincar,sparse
0,3403,-1.0,200,0.0033002039417624474,-1.0,3.961929905926809e-06,0.0,DQN_RND,0.001,0.99,mountaincar,sparse
0,3404,-1.0,200,0.0016506732208654284,-1.0,5.338117261999287e-06,0.0,DQN_RND,0.001,0.99,mountaincar,sparse
0,3405,-1.0,200,0.003299655858427286,-1.0,3.5126724924339214e-06,0.0,DQN_RND,0.001,0.99,mountaincar,sparse
0,3406,-1.0,200,0.004949033260345459,-1.0,4.4270645958022214e-06,0.0,DQN_RND,0.001,0.99,mountaincar,sparse
0,3407,-1.0,200,0.007421203888952732,-1.0,5.101077931612963e-06,0.0,DQN_RND,0.001,0.99,mountaincar,sparse
0,3408,-1.0,200,0.004122507758438587,-1.0,5.083831183583243e-06,0.0,DQN_RND,0.001,0.99,mountaincar,sparse
0,3409,-1.0,200,0.0065943473018705845,-1.0,4.520225502346875e-06,0.0,DQN_RND,0.001,0.99,mountaincar,sparse
0,3410,-1.0,200,0.004943212494254112,-1.0,4.0246623029815964e-06,0.0,DQN_RND,0.001,0.99,mountaincar,sparse
0,3411,-1.0,200,0.0016486506210640073,-1.0,3.54936855728738e-06,0.0,DQN_RND,0.001,0.99,mountaincar,sparse
0,3412,-1.0,200,0.003296595998108387,-1.0,3.2736970752011985e-06,0.0,DQN_RND,0.001,0.99,mountaincar,sparse
0,3413,-1.0,200,0.0057709054090082645,-1.0,3.357835339556914e-06,0.0,DQN_RND,0.001,0.99,mountaincar,sparse
0,3414,-1.0,200,0.0049465373158454895,-1.0,3.579230224204366e-06,0.0,DQN_RND,0.001,0.99,mountaincar,sparse
0,3415,-1.0,200,0.004941519815474749,-1.0,3.992318397649797e-06,0.0,DQN_RND,0.001,0.99,mountaincar,sparse
0,3416,-1.0,200,0.0049445428885519505,-1.0,3.974327682954026e-06,0.0,DQN_RND,0.001,0.99,mountaincar,sparse
0,3417,-1.0,200,0.0024716132320463657,-1.0,5.400822828960372e-06,0.0,DQN_RND,0.001,0.99,mountaincar,sparse
0,3418,-1.0,200,0.00494316965341568,-1.0,6.13179145148024e-06,0.0,DQN_RND,0.001,0.99,mountaincar,sparse
0,3419,-1.0,200,0.0016488531837239861,-1.0,6.1543778429040685e-06,0.0,DQN_RND,0.001,0.99,mountaincar,sparse
0,3420,-1.0,200,0.002474163891747594,-1.0,3.424691840336891e-06,0.0,DQN_RND,0.001,0.99,mountaincar,sparse
0,3421,-1.0,200,0.004120438825339079,-1.0,4.227797035127878e-06,0.0,DQN_RND,0.001,0.99,mountaincar,sparse
0,3422,-1.0,200,0.0032970744650810957,-1.0,3.9283181649807375e-06,0.0,DQN_RND,0.001,0.99,mountaincar,sparse
0,3423,-1.0,200,0.0024728544522076845,-1.0,3.1724666769150645e-06,0.0,DQN_RND,0.001,0.99,mountaincar,sparse
0,3424,-1.0,200,0.0024708767887204885,-1.0,4.1794596654654015e-06,0.0,DQN_RND,0.001,0.99,mountaincar,sparse
0,3425,-1.0,200,0.004120986443012953,-1.0,4.501801868173061e-06,0.0,DQN_RND,0.001,0.99,mountaincar,sparse
0,3426,-1.0,200,0.00576498219743371,-1.0,3.1755682812217856e-06,0.0,DQN_RND,0.001,0.99,mountaincar,sparse
0,3427,-1.0,200,0.004115652292966843,-1.0,2.8934596230101306e-06,0.0,DQN_RND,0.001,0.99,mountaincar,sparse
0,3428,-1.0,200,0.0032936562784016132,-1.0,4.137733867537463e-06,0.0,DQN_RND,0.001,0.99,mountaincar,sparse
0,3429,-1.0,200,0.00823400728404522,-1.0,3.1606136872142088e-06,0.0,DQN_RND,0.001,0.99,mountaincar,sparse
0,3430,-1.0,200,0.004942785948514938,-1.0,4.184823410469107e-06,0.0,DQN_RND,0.001,0.99,mountaincar,sparse
0,3431,-1.0,200,0.006591429002583027,-1.0,5.96416703046998e-06,0.0,DQN_RND,0.001,0.99,mountaincar,sparse
0,3432,-1.0,200,0.0024762272369116545,-1.0,2.838180989783723e-06,0.0,DQN_RND,0.001,0.99,mountaincar,sparse
0,3433,-1.0,200,0.0016492740251123905,-1.0,3.6145513604424195e-06,0.0,DQN_RND,0.001,0.99,mountaincar,sparse
0,3434,-1.0,200,1.950540763573372e-06,-1.0,4.212550720694708e-06,0.0,DQN_RND,0.001,0.99,mountaincar,sparse
0,3435,-1.0,200,0.004117645788937807,-1.0,2.946726681329892e-06,0.0,DQN_RND,0.001,0.99,mountaincar,sparse
0,3436,-1.0,200,0.0024715920444577932,-1.0,4.159234322287375e-06,0.0,DQN_RND,0.001,0.99,mountaincar,sparse
0,3437,-1.0,200,0.008235665038228035,-1.0,3.641314833657816e-06,0.0,DQN_RND,0.001,0.99,mountaincar,sparse
0,3438,-1.0,200,0.0041170078329741955,-1.0,4.992569756723242e-06,0.0,DQN_RND,0.001,0.99,mountaincar,sparse
0,3439,-1.0,200,0.005763054825365543,-1.0,7.24961273590452e-06,0.0,DQN_RND,0.001,0.99,mountaincar,sparse
0,3440,-1.0,200,0.0032938122749328613,-1.0,3.549676193870255e-06,0.0,DQN_RND,0.001,0.99,mountaincar,sparse
0,3441,-1.0,200,0.003293399466201663,-1.0,3.03814294966287e-06,0.0,DQN_RND,0.001,0.99,mountaincar,sparse
0,3442,-1.0,200,0.004119375254958868,-1.0,4.239177087583812e-06,0.0,DQN_RND,0.001,0.99,mountaincar,sparse
0,3443,-1.0,200,0.0024711559526622295,-1.0,4.467683993425453e-06,0.0,DQN_RND,0.001,0.99,mountaincar,sparse
0,3444,-1.0,200,0.0032921014353632927,-1.0,5.3300391300581396e-06,0.0,DQN_RND,0.001,0.99,mountaincar,sparse
0,3445,-1.0,200,0.004114719573408365,-1.0,4.110816007596441e-06,0.0,DQN_RND,0.001,0.99,mountaincar,sparse
0,3446,-1.0,200,0.0024697789922356606,-1.0,4.641626674128929e-06,0.0,DQN_RND,0.001,0.99,mountaincar,sparse
0,3447,-1.0,200,0.004115905612707138,-1.0,2.8132203624409158e-06,0.0,DQN_RND,0.001,0.99,mountaincar,sparse
0,3448,-1.0,200,0.002472118241712451,-1.0,2.7941750886384398e-06,0.0,DQN_RND,0.001,0.99,mountaincar,sparse
0,3449,-1.0,200,0.002471641171723604,-1.0,4.038194674649276e-06,0.0,DQN_RND,0.001,0.99,mountaincar,sparse
0,3450,-1.0,200,0.0032936816569417715,-1.0,4.218309186398983e-06,0.0,DQN_RND,0.001,0.99,mountaincar,sparse
0,3451,-1.0,200,0.005765961948782206,-1.0,4.352614269009791e-06,0.0,DQN_RND,0.001,0.99,mountaincar,sparse
0,3452,-1.0,200,0.0016456672456115484,-1.0,3.517260893204366e-06,0.0,DQN_RND,0.001,0.99,mountaincar,sparse
0,3453,-1.0,200,0.0016465410590171814,-1.0,4.78845004181494e-06,0.0,DQN_RND,0.001,0.99,mountaincar,sparse
0,3454,-1.0,200,0.004938791040331125,-1.0,3.3303101645287825e-06,0.0,DQN_RND,0.001,0.99,mountaincar,sparse
0,3455,-1.0,200,0.0032904157415032387,-1.0,4.279863333067624e-06,0.0,DQN_RND,0.001,0.99,mountaincar,sparse
0,3456,-1.0,200,0.0065788994543254375,-1.0,3.6301212276157457e-06,0.0,DQN_RND,0.001,0.99,mountaincar,sparse
0,3457,-1.0,200,0.005761164240539074,-1.0,3.2813513826113194e-06,0.0,DQN_RND,0.001,0.99,mountaincar,sparse
0,3458,-1.0,200,0.004118621349334717,-1.0,4.173392426309874e-06,0.0,DQN_RND,0.001,0.99,mountaincar,sparse
0,3459,-1.0,200,0.007398927118629217,-1.0,5.838302968186326e-06,0.0,DQN_RND,0.001,0.99,mountaincar,sparse
0,3460,-1.0,200,0.0041142674162983894,-1.0,2.7442251848697197e-06,0.0,DQN_RND,0.001,0.99,mountaincar,sparse
0,3461,-1.0,200,0.0041144248098134995,-1.0,4.051216819789261e-06,0.0,DQN_RND,0.001,0.99,mountaincar,sparse
0,3462,-1.0,200,0.005756504833698273,-1.0,3.087099685217254e-06,0.0,DQN_RND,0.001,0.99,mountaincar,sparse
0,3463,-1.0,200,0.0016464845975860953,-1.0,3.526728278302471e-06,0.0,DQN_RND,0.001,0.99,mountaincar,sparse
0,3464,-1.0,200,0.003287689760327339,-1.0,3.418659161980031e-06,0.0,DQN_RND,0.001,0.99,mountaincar,sparse
0,3465,-1.0,200,0.00822041928768158,-1.0,3.020865960934316e-06,0.0,DQN_RND,0.001,0.99,mountaincar,sparse
0,3466,-1.0,200,0.0024701536167412996,-1.0,5.774551482318202e-06,0.0,DQN_RND,0.001,0.99,mountaincar,sparse
0,3467,-1.0,200,0.006579186767339706,-1.0,3.875201400660444e-06,0.0,DQN_RND,0.001,0.99,mountaincar,sparse
0,3468,-1.0,200,0.0041102152317762375,-1.0,3.489006985546439e-06,0.0,DQN_RND,0.001,0.99,mountaincar,sparse
0,3469,-1.0,200,0.00411021476611495,-1.0,6.413685696315952e-06,0.0,DQN_RND,0.001,0.99,mountaincar,sparse
0,3470,-1.0,200,0.0032884941902011633,-1.0,2.962803364425781e-06,0.0,DQN_RND,0.001,0.99,mountaincar,sparse
0,3471,-1.0,200,0.005750898737460375,-1.0,2.941551656476804e-06,0.0,DQN_RND,0.001,0.99,mountaincar,sparse
0,3472,-1.0,200,0.004110620357096195,-1.0,3.972846116084838e-06,0.0,DQN_RND,0.001,0.99,mountaincar,sparse
0,3473,-1.0,200,0.0008237421861849725,-1.0,3.557892796379747e-06,0.0,DQN_RND,0.001,0.99,mountaincar,sparse
0,3474,-1.0,200,0.0032898911740630865,-1.0,2.8432280032575363e-06,0.0,DQN_RND,0.001,0.99,mountaincar,sparse
0,3475,-1.0,200,0.004110714886337519,-1.0,3.870173713949043e-06,0.0,DQN_RND,0.001,0.99,mountaincar,sparse
0,3476,-1.0,200,0.004106496460735798,-1.0,3.1819477044336963e-06,0.0,DQN_RND,0.001,0.99,mountaincar,sparse
0,3477,-1.0,200,0.0032882774248719215,-1.0,3.1060740184329916e-06,0.0,DQN_RND,0.001,0.99,mountaincar,sparse
0,3478,-1.0,200,0.004932343028485775,-1.0,3.46304500453698e-06,0.0,DQN_RND,0.001,0.99,mountaincar,sparse
0,3479,-1.0,200,0.000822793401312083,-1.0,5.727584266423946e-06,0.0,DQN_RND,0.001,0.99,mountaincar,sparse
0,3480,-1.0,200,0.003289059968665242,-1.0,3.7569473079202e-06,0.0,DQN_RND,0.001,0.99,mountaincar,sparse
0,3481,-1.0,200,0.003291395027190447,-1.0,2.6981458631780697e-06,0.0,DQN_RND,0.001,0.99,mountaincar,sparse
0,3482,-1.0,200,0.0024638473987579346,-1.0,3.054117087231134e-06,0.0,DQN_RND,0.001,0.99,mountaincar,sparse
0,3483,-1.0,200,0.004929463379085064,-1.0,2.9427178560581524e-06,0.0,DQN_RND,0.001,0.99,mountaincar,sparse
0,3484,-1.0,200,0.0008221386233344674,-1.0,3.111344085482415e-06,0.0,DQN_RND,0.001,0.99,mountaincar,sparse
0,3485,-1.0,200,0.0032847695983946323,-1.0,3.338391479701386e-06,0.0,DQN_RND,0.001,0.99,mountaincar,sparse
0,3486,-1.0,200,0.00903406087309122,-1.0,4.329142939241137e-06,0.0,DQN_RND,0.001,0.99,mountaincar,sparse
0,3487,-1.0,200,0.005749414209276438,-1.0,3.052738748010597e-06,0.0,DQN_RND,0.001,0.99,mountaincar,sparse
0,3488,-1.0,200,0.004109644331037998,-1.0,3.1156359909800813e-06,0.0,DQN_RND,0.001,0.99,mountaincar,sparse
0,3489,-1.0,200,0.003287936095148325,-1.0,4.005169557785848e-06,0.0,DQN_RND,0.001,0.99,mountaincar,sparse
0,3490,-1.0,200,0.006571827922016382,-1.0,2.6330801574658835e-06,0.0,DQN_RND,0.001,0.99,mountaincar,sparse
0,3491,-1.0,200,0.0024655209854245186,-1.0,2.581824901426444e-06,0.0,DQN_RND,0.001,0.99,mountaincar,sparse
0,3492,-1.0,200,0.0016446735244244337,-1.0,2.5910519525496056e-06,0.0,DQN_RND,0.001,0.99,mountaincar,sparse
0,3493,-1.0,200,0.004926585592329502,-1.0,2.575545522631728e-06,0.0,DQN_RND,0.001,0.99,mountaincar,sparse
0,3494,-1.0,200,0.004106150008738041,-1.0,3.00398824037984e-06,0.0,DQN_RND,0.001,0.99,mountaincar,sparse
0,3495,-1.0,200,0.005747722461819649,-1.0,3.0910075565770967e-06,0.0,DQN_RND,0.001,0.99,mountaincar,sparse
0,3496,-1.0,200,0.005746751092374325,-1.0,2.9965376597829163e-06,0.0,DQN_RND,0.001,0.99,mountaincar,sparse
0,3497,-1.0,200,0.0016428458038717508,-1.0,2.2438421183323953e-06,0.0,DQN_RND,0.001,0.99,mountaincar,sparse
0,3498,-1.0,200,0.004924549721181393,-1.0,2.816629830704187e-06,0.0,DQN_RND,0.001,0.99,mountaincar,sparse
0,3499,-1.0,200,0.0032859710045158863,-1.0,2.1307073438947555e-06,0.0,DQN_RND,0.001,0.99,mountaincar,sparse
0,3500,-1.0,200,0.004923584870994091,-1.0,2.3549948764411965e-06,0.0,DQN_RND,0.001,0.99,mountaincar,sparse
0,3501,-1.0,200,0.0024619323667138815,-1.0,2.451545014992007e-06,0.0,DQN_RND,0.001,0.99,mountaincar,sparse
0,3502,-1.0,200,0.006565534509718418,-1.0,2.3206732748803915e-06,0.0,DQN_RND,0.001,0.99,mountaincar,sparse
0,3503,-1.0,200,0.004102087114006281,-1.0,3.053772843486513e-06,0.0,DQN_RND,0.001,0.99,mountaincar,sparse
0,3504,-1.0,200,0.004924259148538113,-1.0,2.1703829133912222e-06,0.0,DQN_RND,0.001,0.99,mountaincar,sparse
0,3505,-1.0,200,0.0016413084231317043,-1.0,4.059952061652439e-06,0.0,DQN_RND,0.001,0.99,mountaincar,sparse
0,3506,-1.0,200,0.00574337737634778,-1.0,2.369115691180923e-06,0.0,DQN_RND,0.001,0.99,mountaincar,sparse
0,3507,-1.0,200,0.004102481063455343,-1.0,2.750420208030846e-06,0.0,DQN_RND,0.001,0.99,mountaincar,sparse
0,3508,-1.0,200,0.005742980632930994,-1.0,2.1618848222715314e-06,0.0,DQN_RND,0.001,0.99,mountaincar,sparse
0,3509,-1.0,200,0.0032820580527186394,-1.0,2.1179091618250823e-06,0.0,DQN_RND,0.001,0.99,mountaincar,sparse
0,3510,-1.0,200,0.004099957644939423,-1.0,2.2891865683050128e-06,0.0,DQN_RND,0.001,0.99,mountaincar,sparse
0,3511,-1.0,200,0.0024602776393294334,-1.0,2.3216832687467104e-06,0.0,DQN_RND,0.001,0.99,mountaincar,sparse
0,3512,-1.0,200,0.005739037878811359,-1.0,2.373622919549234e-06,0.0,DQN_RND,0.001,0.99,mountaincar,sparse
0,3513,-1.0,200,0.004100895021110773,-1.0,2.6333011646784144e-06,0.0,DQN_RND,0.001,0.99,mountaincar,sparse
0,3514,-1.0,200,0.004921275191009045,-1.0,2.566873945397674e-06,0.0,DQN_RND,0.001,0.99,mountaincar,sparse
0,3515,-1.0,200,0.003281095065176487,-1.0,2.254356104458566e-06,0.0,DQN_RND,0.001,0.99,mountaincar,sparse
0,3516,-1.0,200,0.005739317741245031,-1.0,2.197611820520251e-06,0.0,DQN_RND,0.001,0.99,mountaincar,sparse
0,3517,-1.0,200,0.002461300930008292,-1.0,2.831873871400603e-06,0.0,DQN_RND,0.001,0.99,mountaincar,sparse
0,3518,-1.0,200,0.003279751632362604,-1.0,2.814004801621195e-06,0.0,DQN_RND,0.001,0.99,mountaincar,sparse
0,3519,-1.0,200,0.003279223805293441,-1.0,2.317272446816787e-06,0.0,DQN_RND,0.001,0.99,mountaincar,sparse
0,3520,-1.0,200,0.006557911168783903,-1.0,2.927186415035976e-06,0.0,DQN_RND,0.001,0.99,mountaincar,sparse
0,3521,-1.0,200,0.004099894315004349,-1.0,2.44815828409628e-06,0.0,DQN_RND,0.001,0.99,mountaincar,sparse
0,3522,-1.0,200,0.003279643366113305,-1.0,2.5648037080827635e-06,0.0,DQN_RND,0.001,0.99,mountaincar,sparse
0,3523,-1.0,200,0.0032795367296785116,-1.0,2.507469162082998e-06,0.0,DQN_RND,0.001,0.99,mountaincar,sparse
0,3524,-1.0,200,0.008195466361939907,-1.0,2.711082515816088e-06,0.0,DQN_RND,0.001,0.99,mountaincar,sparse
0,3525,-1.0,200,0.003278602845966816,-1.0,2.3928857899591094e-06,0.0,DQN_RND,0.001,0.99,mountaincar,sparse
0,3526,-1.0,200,0.004916357342153788,-1.0,3.7352749586716527e-06,0.0,DQN_RND,0.001,0.99,mountaincar,sparse
0,3527,-1.0,200,0.004099030047655106,-1.0,2.3104703359422274e-06,0.0,DQN_RND,0.001,0.99,mountaincar,sparse
0,3528,-1.0,200,0.0032770754769444466,-1.0,2.2227156932785874e-06,0.0,DQN_RND,0.001,0.99,mountaincar,sparse
0,3529,-1.0,200,0.002459599869325757,-1.0,4.284924216335639e-06,0.0,DQN_RND,0.001,0.99,mountaincar,sparse
0,3530,-1.0,200,0.002458964241668582,-1.0,2.508970055714599e-06,0.0,DQN_RND,0.001,0.99,mountaincar,sparse
0,3531,-1.0,200,0.003277045441791415,-1.0,2.8737263164657634e-06,0.0,DQN_RND,0.001,0.99,mountaincar,sparse
0,3532,-1.0,200,0.0040965392254292965,-1.0,5.280816367303487e-06,0.0,DQN_RND,0.001,0.99,mountaincar,sparse
0,3533,-1.0,200,0.00245905970223248,-1.0,2.3367201720247976e-06,0.0,DQN_RND,0.001,0.99,mountaincar,sparse
0,3534,-1.0,200,0.001638381858356297,-1.0,2.822155238391133e-06,0.0,DQN_RND,0.001,0.99,mountaincar,sparse
0,3535,-1.0,200,0.007371611427515745,-1.0,3.820297479251167e-06,0.0,DQN_RND,0.001,0.99,mountaincar,sparse
0,3536,-1.0,200,0.01146325096487999,-1.0,2.2030369564163266e-06,0.0,DQN_RND,0.001,0.99,mountaincar,sparse
0,3537,-1.0,200,0.007369235157966614,-1.0,3.7294760204531485e-06,0.0,DQN_RND,0.001,0.99,mountaincar,sparse
0,3538,-1.0,200,0.004094064701348543,-1.0,2.6712621092883637e-06,0.0,DQN_RND,0.001,0.99,mountaincar,sparse
0,3539,-1.0,200,0.004091697745025158,-1.0,2.433318513794802e-06,0.0,DQN_RND,0.001,0.99,mountaincar,sparse
0,3540,-1.0,200,0.0008197890711016953,-1.0,2.784745447570458e-06,0.0,DQN_RND,0.001,0.99,mountaincar,sparse
0,3541,-1.0,200,0.004911456722766161,-1.0,2.3126176529331133e-06,0.0,DQN_RND,0.001,0.99,mountaincar,sparse
0,3542,-1.0,200,0.004911208990961313,-1.0,3.777491201617522e-06,0.0,DQN_RND,0.001,0.99,mountaincar,sparse
0,3543,-1.0,200,0.0016379726585000753,-1.0,2.444328174533439e-06,0.0,DQN_RND,0.001,0.99,mountaincar,sparse
0,3544,-1.0,200,0.0016376322600990534,-1.0,2.3347461137745995e-06,0.0,DQN_RND,0.001,0.99,mountaincar,sparse
0,3545,-1.0,200,0.0032777232117950916,-1.0,2.403183771093609e-06,0.0,DQN_RND,0.001,0.99,mountaincar,sparse
0,3546,-1.0,200,0.004095841199159622,-1.0,4.98227836942533e-06,0.0,DQN_RND,0.001,0.99,mountaincar,sparse
0,3547,-1.0,200,0.004913564771413803,-1.0,2.327103857169277e-06,0.0,DQN_RND,0.001,0.99,mountaincar,sparse
0,3548,-1.0,200,0.007366990204900503,-1.0,3.862457560899202e-06,0.0,DQN_RND,0.001,0.99,mountaincar,sparse
0,3549,-1.0,200,0.0032766195945441723,-1.0,2.314853645657422e-06,0.0,DQN_RND,0.001,0.99,mountaincar,sparse
0,3550,-1.0,200,0.008997700177133083,-1.0,2.584035883046454e-06,0.0,DQN_RND,0.001,0.99,mountaincar,sparse
0,3551,-1.0,200,0.0024567621294409037,-1.0,2.408506588835735e-06,0.0,DQN_RND,0.001,0.99,mountaincar,sparse
0,3552,-1.0,200,0.004912050440907478,-1.0,2.315360916327336e-06,0.0,DQN_RND,0.001,0.99,mountaincar,sparse
0,3553,-1.0,200,0.004908384755253792,-1.0,2.856334731404786e-06,0.0,DQN_RND,0.001,0.99,mountaincar,sparse
0,3554,-1.0,200,0.004090894013643265,-1.0,2.349291207792703e-06,0.0,DQN_RND,0.001,0.99,mountaincar,sparse
0,3555,-1.0,200,0.003277365118265152,-1.0,5.112662165629445e-06,0.0,DQN_RND,0.001,0.99,mountaincar,sparse
0,3556,-1.0,200,0.00490727461874485,-1.0,2.9008608635194832e-06,0.0,DQN_RND,0.001,0.99,mountaincar,sparse
0,3557,-1.0,200,0.004906388930976391,-1.0,3.585287004170823e-06,0.0,DQN_RND,0.001,0.99,mountaincar,sparse
0,3558,-1.0,200,0.007364032324403524,-1.0,2.172604581573978e-06,0.0,DQN_RND,0.001,0.99,mountaincar,sparse
0,3559,-1.0,200,2.5970875867642462e-06,-1.0,3.5619345908344258e-06,0.0,DQN_RND,0.001,0.99,mountaincar,sparse
0,3560,-1.0,200,0.004085436463356018,-1.0,2.2117953903944e-06,0.0,DQN_RND,0.001,0.99,mountaincar,sparse
0,3561,-1.0,200,0.005725000984966755,-1.0,2.2381198050425155e-06,0.0,DQN_RND,0.001,0.99,mountaincar,sparse
0,3562,-1.0,200,0.005723117850720882,-1.0,2.2875694867252605e-06,0.0,DQN_RND,0.001,0.99,mountaincar,sparse
0,3563,-1.0,200,0.003272975329309702,-1.0,2.226583319497877e-06,0.0,DQN_RND,0.001,0.99,mountaincar,sparse
0,3564,-1.0,200,0.004900738131254911,-1.0,3.826868578471476e-06,0.0,DQN_RND,0.001,0.99,mountaincar,sparse
0,3565,-1.0,200,0.0016355076804757118,-1.0,6.170446340547642e-06,0.0,DQN_RND,0.001,0.99,mountaincar,sparse
0,3566,-1.0,200,0.006536075845360756,-1.0,2.4232338091678685e-06,0.0,DQN_RND,0.001,0.99,mountaincar,sparse
0,3567,-1.0,200,0.004088039975613356,-1.0,2.302342409166158e-06,0.0,DQN_RND,0.001,0.99,mountaincar,sparse
0,3568,-1.0,200,0.0032719753216952085,-1.0,2.391336465734639e-06,0.0,DQN_RND,0.001,0.99,mountaincar,sparse
0,3569,-1.0,200,0.005720754619687796,-1.0,2.336566012672847e-06,0.0,DQN_RND,0.001,0.99,mountaincar,sparse
0,3570,-1.0,200,0.005719656124711037,-1.0,2.8563381420099176e-06,0.0,DQN_RND,0.001,0.99,mountaincar,sparse
0,3571,-1.0,200,0.002453322522342205,-1.0,2.128532969436492e-06,0.0,DQN_RND,0.001,0.99,mountaincar,sparse
0,3572,-1.0,200,0.004900634754449129,-1.0,2.105253543049912e-06,0.0,DQN_RND,0.001,0.99,mountaincar,sparse
0,3573,-1.0,200,0.004907679278403521,-1.0,2.0822251372010214e-06,0.0,DQN_RND,0.001,0.99,mountaincar,sparse
0,3574,-1.0,200,0.006528638768941164,-1.0,2.070393293251982e-06,0.0,DQN_RND,0.001,0.99,mountaincar,sparse
0,3575,-1.0,200,0.005729104392230511,-1.0,2.518096152925864e-06,0.0,DQN_RND,0.001,0.99,mountaincar,sparse
0,3576,-1.0,200,0.004900286439806223,-1.0,4.280174835002981e-06,0.0,DQN_RND,0.001,0.99,mountaincar,sparse
0,3577,-1.0,200,0.0032700360752642155,-1.0,2.0577863324433565e-06,0.0,DQN_RND,0.001,0.99,mountaincar,sparse
0,3578,-1.0,200,0.0008188177016563714,-1.0,2.178064278268721e-06,0.0,DQN_RND,0.001,0.99,mountaincar,sparse
0,3579,-1.0,200,0.00654203724116087,-1.0,2.0733468772959895e-06,0.0,DQN_RND,0.001,0.99,mountaincar,sparse
0,3580,-1.0,200,0.0024561043828725815,-1.0,2.363487055845326e-06,0.0,DQN_RND,0.001,0.99,mountaincar,sparse
0,3581,-1.0,200,0.0032725033815950155,-1.0,2.133823500116705e-06,0.0,DQN_RND,0.001,0.99,mountaincar,sparse
0,3582,-1.0,200,0.010608549229800701,-1.0,2.5656877369328868e-06,0.0,DQN_RND,0.001,0.99,mountaincar,sparse
0,3583,-1.0,200,0.00653492659330368,-1.0,2.8925776405230863e-06,0.0,DQN_RND,0.001,0.99,mountaincar,sparse
0,3584,-1.0,200,0.004896217957139015,-1.0,2.42579699261114e-06,0.0,DQN_RND,0.001,0.99,mountaincar,sparse
0,3585,-1.0,200,0.0049041942693293095,-1.0,2.699523292903905e-06,0.0,DQN_RND,0.001,0.99,mountaincar,sparse
0,3586,-1.0,200,0.006533627398312092,-1.0,2.447140559524996e-06,0.0,DQN_RND,0.001,0.99,mountaincar,sparse
0,3587,-1.0,200,0.008969852700829506,-1.0,2.7916976250708103e-06,0.0,DQN_RND,0.001,0.99,mountaincar,sparse
0,3588,-1.0,200,0.007343434728682041,-1.0,2.760516963462578e-06,0.0,DQN_RND,0.001,0.99,mountaincar,sparse
0,3589,-1.0,200,0.005717789754271507,-1.0,2.4591784040239872e-06,0.0,DQN_RND,0.001,0.99,mountaincar,sparse
0,3590,-1.0,200,0.0032682877499610186,-1.0,2.266209776280448e-06,0.0,DQN_RND,0.001,0.99,mountaincar,sparse
0,3591,-1.0,200,0.0024540729355067015,-1.0,2.234801058875746e-06,0.0,DQN_RND,0.001,0.99,mountaincar,sparse
0,3592,-1.0,200,0.003273851703852415,-1.0,2.156863956770394e-06,0.0,DQN_RND,0.001,0.99,mountaincar,sparse
0,3593,-1.0,200,0.0024473676458001137,-1.0,2.1412647583929356e-06,0.0,DQN_RND,0.001,0.99,mountaincar,sparse
0,3594,-1.0,200,0.00652623176574707,-1.0,2.38724328482931e-06,0.0,DQN_RND,0.001,0.99,mountaincar,sparse
0,3595,-1.0,200,0.004895851947367191,-1.0,2.6657833132048836e-06,0.0,DQN_RND,0.001,0.99,mountaincar,sparse
0,3596,-1.0,200,0.006518120411783457,-1.0,3.0361513836396625e-06,0.0,DQN_RND,0.001,0.99,mountaincar,sparse
0,3597,-1.0,200,0.011411843821406364,-1.0,2.1859034404769773e-06,0.0,DQN_RND,0.001,0.99,mountaincar,sparse
0,3598,-1.0,200,0.004081647377461195,-1.0,2.299391098858905e-06,0.0,DQN_RND,0.001,0.99,mountaincar,sparse
0,3599,-1.0,200,0.0016395840793848038,-1.0,3.5913678857468767e-06,0.0,DQN_RND,0.001,0.99,mountaincar,sparse
0,3600,-1.0,200,0.0048975832760334015,-1.0,2.2079564132582163e-06,0.0,DQN_RND,0.001,0.99,mountaincar,sparse
0,3601,-1.0,200,0.003274137619882822,-1.0,3.4714123557932908e-06,0.0,DQN_RND,0.001,0.99,mountaincar,sparse
0,3602,-1.0,200,0.0057106176391243935,-1.0,2.5761219148989767e-06,0.0,DQN_RND,0.001,0.99,mountaincar,sparse
0,3603,-1.0,200,0.007332684472203255,-1.0,1.946680185938021e-06,0.0,DQN_RND,0.001,0.99,mountaincar,sparse
0,3604,-1.0,200,0.0032656281255185604,-1.0,3.4708400562522e-06,0.0,DQN_RND,0.001,0.99,mountaincar,sparse
0,3605,-1.0,200,0.003266768530011177,-1.0,1.9726339814951643e-06,0.0,DQN_RND,0.001,0.99,mountaincar,sparse
0,3606,-1.0,200,0.00978364609181881,-1.0,2.0007294097013073e-06,0.0,DQN_RND,0.001,0.99,mountaincar,sparse
0,3607,-1.0,200,0.006528112106025219,-1.0,3.5638913686852902e-06,0.0,DQN_RND,0.001,0.99,mountaincar,sparse
0,3608,-1.0,200,0.005711406469345093,-1.0,3.843508693535114e-06,0.0,DQN_RND,0.001,0.99,mountaincar,sparse
0,3609,-1.0,200,0.0016356495907530189,-1.0,2.237622993561672e-06,0.0,DQN_RND,0.001,0.99,mountaincar,sparse
0,3610,-1.0,200,0.004077269695699215,-1.0,3.3481596801721025e-06,0.0,DQN_RND,0.001,0.99,mountaincar,sparse
0,3611,-1.0,200,0.00163463840726763,-1.0,1.7915311900651432e-06,0.0,DQN_RND,0.001,0.99,mountaincar,sparse
0,3612,-1.0,200,0.0032651626970618963,-1.0,2.135740487574367e-06,0.0,DQN_RND,0.001,0.99,mountaincar,sparse
0,3613,-1.0,200,0.004077095538377762,-1.0,1.8092238178724074e-06,0.0,DQN_RND,0.001,0.99,mountaincar,sparse
0,3614,-1.0,200,0.0032644637394696474,-1.0,1.7702260493024369e-06,0.0,DQN_RND,0.001,0.99,mountaincar,sparse
0,3615,-1.0,200,0.0048861210234463215,-1.0,2.8708561785606435e-06,0.0,DQN_RND,0.001,0.99,mountaincar,sparse
0,3616,-1.0,200,0.0065260776318609715,-1.0,2.55457030107209e-06,0.0,DQN_RND,0.001,0.99,mountaincar,sparse
0,3617,-1.0,200,0.0008221477619372308,-1.0,2.081774937323644e-06,0.0,DQN_RND,0.001,0.99,mountaincar,sparse
0,3618,-1.0,200,0.0032678870484232903,-1.0,2.3330251224251697e-06,0.0,DQN_RND,0.001,0.99,mountaincar,sparse
0,3619,-1.0,200,0.005697468761354685,-1.0,1.9146846170770004e-06,0.0,DQN_RND,0.001,0.99,mountaincar,sparse
0,3620,-1.0,200,0.004079456906765699,-1.0,1.9093736227659974e-06,0.0,DQN_RND,0.001,0.99,mountaincar,sparse
0,3621,-1.0,200,0.004885160364210606,-1.0,2.654166792126489e-06,0.0,DQN_RND,0.001,0.99,mountaincar,sparse
0,3622,-1.0,200,0.00732754310593009,-1.0,2.4931825919338735e-06,0.0,DQN_RND,0.001,0.99,mountaincar,sparse
0,3623,-1.0,200,0.004078486934304237,-1.0,3.40323822456412e-06,0.0,DQN_RND,0.001,0.99,mountaincar,sparse
0,3624,-1.0,200,0.0024477664846926928,-1.0,1.8858617067962768e-06,0.0,DQN_RND,0.001,0.99,mountaincar,sparse
0,3625,-1.0,200,0.0032715979032218456,-1.0,2.533008228056133e-06,0.0,DQN_RND,0.001,0.99,mountaincar,sparse
0,3626,-1.0,200,0.0040802666917443275,-1.0,2.2985309442447033e-06,0.0,DQN_RND,0.001,0.99,mountaincar,sparse
0,3627,-1.0,200,0.0048998878337442875,-1.0,1.7956572264665738e-06,0.0,DQN_RND,0.001,0.99,mountaincar,sparse
0,3628,-1.0,200,0.0057067121379077435,-1.0,2.090408543153899e-06,0.0,DQN_RND,0.001,0.99,mountaincar,sparse
0,3629,-1.0,200,0.0032659617718309164,-1.0,1.827892333494674e-06,0.0,DQN_RND,0.001,0.99,mountaincar,sparse
0,3630,-1.0,200,0.008948811329901218,-1.0,5.029593467043014e-06,0.0,DQN_RND,0.001,0.99,mountaincar,sparse
0,3631,-1.0,200,0.004082210827618837,-1.0,2.653920091688633e-06,0.0,DQN_RND,0.001,0.99,mountaincar,sparse
0,3632,-1.0,200,0.004888623487204313,-1.0,2.0638549358409364e-06,0.0,DQN_RND,0.001,0.99,mountaincar,sparse
0,3633,-1.0,200,0.002449995605275035,-1.0,1.953940454768599e-06,0.0,DQN_RND,0.001,0.99,mountaincar,sparse
0,3634,-1.0,200,0.0024449219927191734,-1.0,2.1803191430080915e-06,0.0,DQN_RND,0.001,0.99,mountaincar,sparse
0,3635,-1.0,200,0.002449442632496357,-1.0,1.9502542727423133e-06,0.0,DQN_RND,0.001,0.99,mountaincar,sparse
0,3636,-1.0,200,0.004077021032571793,-1.0,2.0377863165776944e-06,0.0,DQN_RND,0.001,0.99,mountaincar,sparse
0,3637,-1.0,200,0.001637049950659275,-1.0,1.9272026747785276e-06,0.0,DQN_RND,0.001,0.99,mountaincar,sparse
0,3638,-1.0,200,0.008141297847032547,-1.0,2.155597940145526e-06,0.0,DQN_RND,0.001,0.99,mountaincar,sparse
0,3639,-1.0,200,0.004072497598826885,-1.0,1.8435873698763316e-06,0.0,DQN_RND,0.001,0.99,mountaincar,sparse
0,3640,-1.0,200,0.003259483492001891,-1.0,1.8325879409530899e-06,0.0,DQN_RND,0.001,0.99,mountaincar,sparse
0,3641,-1.0,200,0.004883623216301203,-1.0,3.5552898225432727e-06,0.0,DQN_RND,0.001,0.99,mountaincar,sparse
0,3642,-1.0,200,0.0008206539205275476,-1.0,1.8083117083733669e-06,0.0,DQN_RND,0.001,0.99,mountaincar,sparse
0,3643,-1.0,200,0.0016365075716748834,-1.0,1.7627229453864857e-06,0.0,DQN_RND,0.001,0.99,mountaincar,sparse
0,3644,-1.0,200,0.002447979524731636,-1.0,1.806669160941965e-06,0.0,DQN_RND,0.001,0.99,mountaincar,sparse
0,3645,-1.0,200,0.0016280747950077057,-1.0,1.7537226995045785e-06,0.0,DQN_RND,0.001,0.99,mountaincar,sparse
0,3646,-1.0,200,0.002451700624078512,-1.0,1.8932520333692082e-06,0.0,DQN_RND,0.001,0.99,mountaincar,sparse
0,3647,-1.0,200,0.004078769125044346,-1.0,1.7236616258742288e-06,0.0,DQN_RND,0.001,0.99,mountaincar,sparse
0,3648,-1.0,200,0.004080312792211771,-1.0,1.6474407402711222e-06,0.0,DQN_RND,0.001,0.99,mountaincar,sparse
0,3649,-1.0,200,0.00325645855627954,-1.0,4.058588729094481e-06,0.0,DQN_RND,0.001,0.99,mountaincar,sparse
0,3650,-1.0,200,0.006510461214929819,-1.0,2.438906903989846e-06,0.0,DQN_RND,0.001,0.99,mountaincar,sparse
0,3651,-1.0,200,0.00488705188035965,-1.0,1.8310287259737379e-06,0.0,DQN_RND,0.001,0.99,mountaincar,sparse
0,3652,-1.0,200,0.0024425992742180824,-1.0,1.7184161151817534e-06,0.0,DQN_RND,0.001,0.99,mountaincar,sparse
0,3653,-1.0,200,0.004885683301836252,-1.0,2.1437281247926876e-06,0.0,DQN_RND,0.001,0.99,mountaincar,sparse
0,3654,-1.0,200,0.004066006280481815,-1.0,1.6616987750239787e-06,0.0,DQN_RND,0.001,0.99,mountaincar,sparse
0,3655,-1.0,200,0.005712765268981457,-1.0,1.69813324646384e-06,0.0,DQN_RND,0.001,0.99,mountaincar,sparse
0,3656,-1.0,200,0.006517683621495962,-1.0,1.7572368733453914e-06,0.0,DQN_RND,0.001,0.99,mountaincar,sparse
0,3657,-1.0,200,0.00570299755781889,-1.0,2.428636435070075e-06,0.0,DQN_RND,0.001,0.99,mountaincar,sparse
0,3658,-1.0,200,0.004888494499027729,-1.0,1.7934206653080764e-06,0.0,DQN_RND,0.001,0.99,mountaincar,sparse
0,3659,-1.0,200,0.006516832392662764,-1.0,1.8880072047977592e-06,0.0,DQN_RND,0.001,0.99,mountaincar,sparse
0,3660,-1.0,200,0.002445794176310301,-1.0,1.8564248875918565e-06,0.0,DQN_RND,0.001,0.99,mountaincar,sparse
0,3661,-1.0,200,0.0024488552007824183,-1.0,1.8707970639297855e-06,0.0,DQN_RND,0.001,0.99,mountaincar,sparse
0,3662,-1.0,200,0.004890213254839182,-1.0,3.712259285748587e-06,0.0,DQN_RND,0.001,0.99,mountaincar,sparse
0,3663,-1.0,200,0.0016257923562079668,-1.0,2.02077330868633e-06,0.0,DQN_RND,0.001,0.99,mountaincar,sparse
0,3664,-1.0,200,0.0032595759257674217,-1.0,3.4951251564052654e-06,0.0,DQN_RND,0.001,0.99,mountaincar,sparse
0,3665,-1.0,200,0.0032563747372478247,-1.0,2.2109677502157865e-06,0.0,DQN_RND,0.001,0.99,mountaincar,sparse
0,3666,-1.0,200,0.004885206930339336,-1.0,1.8690386696107453e-06,0.0,DQN_RND,0.001,0.99,mountaincar,sparse
0,3667,-1.0,200,0.00162907422054559,-1.0,1.960505187525996e-06,0.0,DQN_RND,0.001,0.99,mountaincar,sparse
0,3668,-1.0,200,0.008948344737291336,-1.0,2.8275378554099007e-06,0.0,DQN_RND,0.001,0.99,mountaincar,sparse
0,3669,-1.0,200,0.0032589673064649105,-1.0,5.459005933516892e-06,0.0,DQN_RND,0.001,0.99,mountaincar,sparse
0,3670,-1.0,200,0.0024372232146561146,-1.0,2.9281386559887324e-06,0.0,DQN_RND,0.001,0.99,mountaincar,sparse
0,3671,-1.0,200,0.006513629574328661,-1.0,1.8238614529764163e-06,0.0,DQN_RND,0.001,0.99,mountaincar,sparse
0,3672,-1.0,200,0.0048803770914673805,-1.0,3.4681393117352854e-06,0.0,DQN_RND,0.001,0.99,mountaincar,sparse
0,3673,-1.0,200,0.002440243260934949,-1.0,1.7048240579242702e-06,0.0,DQN_RND,0.001,0.99,mountaincar,sparse
0,3674,-1.0,200,0.004065579269081354,-1.0,2.7770026918005897e-06,0.0,DQN_RND,0.001,0.99,mountaincar,sparse
0,3675,-1.0,200,0.004072395619004965,-1.0,1.791891463653883e-06,0.0,DQN_RND,0.001,0.99,mountaincar,sparse
0,3676,-1.0,200,0.0040709166787564754,-1.0,1.7673432921583299e-06,0.0,DQN_RND,0.001,0.99,mountaincar,sparse
0,3677,-1.0,200,0.005698157008737326,-1.0,2.005562691920204e-06,0.0,DQN_RND,0.001,0.99,mountaincar,sparse
0,3678,-1.0,200,0.004068019799888134,-1.0,4.891201115242438e-06,0.0,DQN_RND,0.001,0.99,mountaincar,sparse
0,3679,-1.0,200,0.0008174304966814816,-1.0,1.7338414863843354e-06,0.0,DQN_RND,0.001,0.99,mountaincar,sparse
0,3680,-1.0,200,0.007327772676944733,-1.0,3.857261162920622e-06,0.0,DQN_RND,0.001,0.99,mountaincar,sparse
0,3681,-1.0,200,0.0016280491836369038,-1.0,2.611028548926697e-06,0.0,DQN_RND,0.001,0.99,mountaincar,sparse
0,3682,-1.0,200,0.005695419851690531,-1.0,1.9323056221765e-06,0.0,DQN_RND,0.001,0.99,mountaincar,sparse
0,3683,-1.0,200,0.004883910529315472,-1.0,1.9481078652461292e-06,0.0,DQN_RND,0.001,0.99,mountaincar,sparse
0,3684,-1.0,200,0.002444702200591564,-1.0,1.6672524907335173e-06,0.0,DQN_RND,0.001,0.99,mountaincar,sparse
0,3685,-1.0,200,0.004062275402247906,-1.0,1.612345727153297e-06,0.0,DQN_RND,0.001,0.99,mountaincar,sparse
0,3686,-1.0,200,0.005692657083272934,-1.0,2.0185298126307316e-06,0.0,DQN_RND,0.001,0.99,mountaincar,sparse
0,3687,-1.0,200,0.004068818874657154,-1.0,1.6091798897832632e-06,0.0,DQN_RND,0.001,0.99,mountaincar,sparse
0,3688,-1.0,200,0.0016302523436024785,-1.0,2.255815161333885e-06,0.0,DQN_RND,0.001,0.99,mountaincar,sparse
0,3689,-1.0,200,0.006511179264634848,-1.0,1.670095002737071e-06,0.0,DQN_RND,0.001,0.99,mountaincar,sparse
0,3690,-1.0,200,0.004878778476268053,-1.0,1.622890977159841e-06,0.0,DQN_RND,0.001,0.99,mountaincar,sparse
0,3691,-1.0,200,0.0008158685523085296,-1.0,2.256309699077974e-06,0.0,DQN_RND,0.001,0.99,mountaincar,sparse
0,3692,-1.0,200,0.006499364506453276,-1.0,2.0494292130024405e-06,0.0,DQN_RND,0.001,0.99,mountaincar,sparse
0,3693,-1.0,200,0.0024404730647802353,-1.0,2.7208282062929356e-06,0.0,DQN_RND,0.001,0.99,mountaincar,sparse
0,3694,-1.0,200,0.0024365256540477276,-1.0,3.358227786520729e-06,0.0,DQN_RND,0.001,0.99,mountaincar,sparse
0,3695,-1.0,200,0.0065072644501924515,-1.0,1.680938680692634e-06,0.0,DQN_RND,0.001,0.99,mountaincar,sparse
0,3696,-1.0,200,0.004879656247794628,-1.0,2.2107565200712997e-06,0.0,DQN_RND,0.001,0.99,mountaincar,sparse
0,3697,-1.0,200,0.004876048769801855,-1.0,1.8124766256732983e-06,0.0,DQN_RND,0.001,0.99,mountaincar,sparse
0,3698,-1.0,200,0.004876302555203438,-1.0,2.573633992142277e-06,0.0,DQN_RND,0.001,0.99,mountaincar,sparse
0,3699,-1.0,200,0.0024386090226471424,-1.0,1.803032887437439e-06,0.0,DQN_RND,0.001,0.99,mountaincar,sparse
0,3700,-1.0,200,0.007312614470720291,-1.0,1.6753433556004893e-06,0.0,DQN_RND,0.001,0.99,mountaincar,sparse
0,3701,-1.0,200,0.003251680638641119,-1.0,1.7192594441439724e-06,0.0,DQN_RND,0.001,0.99,mountaincar,sparse
0,3702,-1.0,200,0.004062237683683634,-1.0,1.662203430896625e-06,0.0,DQN_RND,0.001,0.99,mountaincar,sparse
0,3703,-1.0,200,0.006501409225165844,-1.0,4.180317318969173e-06,0.0,DQN_RND,0.001,0.99,mountaincar,sparse
0,3704,-1.0,200,0.0016279201954603195,-1.0,4.4899120439367834e-06,0.0,DQN_RND,0.001,0.99,mountaincar,sparse
0,3705,-1.0,200,0.002440841170027852,-1.0,1.7082596741602174e-06,0.0,DQN_RND,0.001,0.99,mountaincar,sparse
0,3706,-1.0,200,0.004066924098879099,-1.0,1.669827042860561e-06,0.0,DQN_RND,0.001,0.99,mountaincar,sparse
0,3707,-1.0,200,0.0032535428181290627,-1.0,2.417219775452395e-06,0.0,DQN_RND,0.001,0.99,mountaincar,sparse
0,3708,-1.0,200,0.005689149256795645,-1.0,1.7159915159936645e-06,0.0,DQN_RND,0.001,0.99,mountaincar,sparse
0,3709,-1.0,200,0.003250545123592019,-1.0,1.8173983562519425e-06,0.0,DQN_RND,0.001,0.99,mountaincar,sparse
0,3710,-1.0,200,0.0016250306507572532,-1.0,1.927850689753541e-06,0.0,DQN_RND,0.001,0.99,mountaincar,sparse
0,3711,-1.0,200,0.002437841845676303,-1.0,1.7990701053349767e-06,0.0,DQN_RND,0.001,0.99,mountaincar,sparse
0,3712,-1.0,200,0.0032472710590809584,-1.0,2.8768038191628875e-06,0.0,DQN_RND,0.001,0.99,mountaincar,sparse
0,3713,-1.0,200,0.0024367007426917553,-1.0,3.403802338652895e-06,0.0,DQN_RND,0.001,0.99,mountaincar,sparse
0,3714,-1.0,200,0.0064971656538546085,-1.0,2.3114562281989492e-06,0.0,DQN_RND,0.001,0.99,mountaincar,sparse
0,3715,-1.0,200,0.005689525976777077,-1.0,2.499297806934919e-06,0.0,DQN_RND,0.001,0.99,mountaincar,sparse
0,3716,-1.0,200,0.004873978905379772,-1.0,1.9669480479933554e-06,0.0,DQN_RND,0.001,0.99,mountaincar,sparse
0,3717,-1.0,200,0.001626466866582632,-1.0,2.077414137602318e-06,0.0,DQN_RND,0.001,0.99,mountaincar,sparse
0,3718,-1.0,200,0.005682671442627907,-1.0,2.217117753389175e-06,0.0,DQN_RND,0.001,0.99,mountaincar,sparse
0,3719,-1.0,200,0.004059766884893179,-1.0,2.2107035420049215e-06,0.0,DQN_RND,0.001,0.99,mountaincar,sparse
0,3720,-1.0,200,0.006495004985481501,-1.0,2.7006685741071124e-06,0.0,DQN_RND,0.001,0.99,mountaincar,sparse
0,3721,-1.0,200,0.006493669003248215,-1.0,2.6586567400954664e-06,0.0,DQN_RND,0.001,0.99,mountaincar,sparse
0,3722,-1.0,200,0.006493622902780771,-1.0,2.3675145257584518e-06,0.0,DQN_RND,0.001,0.99,mountaincar,sparse
0,3723,-1.0,200,0.0032452475279569626,-1.0,2.058181053143926e-06,0.0,DQN_RND,0.001,0.99,mountaincar,sparse
0,3724,-1.0,200,0.0032493206672370434,-1.0,4.579772848956054e-06,0.0,DQN_RND,0.001,0.99,mountaincar,sparse
0,3725,-1.0,200,0.003247187938541174,-1.0,4.564063601719681e-06,0.0,DQN_RND,0.001,0.99,mountaincar,sparse
0,3726,-1.0,200,0.0024374688509851694,-1.0,2.137487854270148e-06,0.0,DQN_RND,0.001,0.99,mountaincar,sparse
0,3727,-1.0,200,0.004061026498675346,-1.0,2.0136574221396586e-06,0.0,DQN_RND,0.001,0.99,mountaincar,sparse
0,3728,-1.0,200,0.0024368155281990767,-1.0,5.742670509789605e-06,0.0,DQN_RND,0.001,0.99,mountaincar,sparse
0,3729,-1.0,200,0.0024359512608498335,-1.0,2.9649900170625187e-06,0.0,DQN_RND,0.001,0.99,mountaincar,sparse
0,3730,-1.0,200,0.007302890066057444,-1.0,3.4336335374973714e-06,0.0,DQN_RND,0.001,0.99,mountaincar,sparse
0,3731,-1.0,200,0.004054935183376074,-1.0,1.998381776502356e-06,0.0,DQN_RND,0.001,0.99,mountaincar,sparse
0,3732,-1.0,200,0.004059209022670984,-1.0,1.91619255929254e-06,0.0,DQN_RND,0.001,0.99,mountaincar,sparse
0,3733,-1.0,200,0.004059134051203728,-1.0,2.0985153241781518e-06,0.0,DQN_RND,0.001,0.99,mountaincar,sparse
0,3734,-1.0,200,0.0016241344856098294,-1.0,4.817717126570642e-06,0.0,DQN_RND,0.001,0.99,mountaincar,sparse
0,3735,-1.0,200,0.0008127426262944937,-1.0,2.431246457490488e-06,0.0,DQN_RND,0.001,0.99,mountaincar,sparse
0,3736,-1.0,200,0.004058551043272018,-1.0,3.353456577315228e-06,0.0,DQN_RND,0.001,0.99,mountaincar,sparse
0,3737,-1.0,200,0.00486927991732955,-1.0,2.0192098872939823e-06,0.0,DQN_RND,0.001,0.99,mountaincar,sparse
0,3738,-1.0,200,0.0048691276460886,-1.0,1.8316565046916367e-06,0.0,DQN_RND,0.001,0.99,mountaincar,sparse
0,3739,-1.0,200,0.00567923579365015,-1.0,2.3771005999151384e-06,0.0,DQN_RND,0.001,0.99,mountaincar,sparse
0,3740,-1.0,200,0.0072997254319489,-1.0,2.49441973210196e-06,0.0,DQN_RND,0.001,0.99,mountaincar,sparse
0,3741,-1.0,200,0.001623097457922995,-1.0,1.8363396065979032e-06,0.0,DQN_RND,0.001,0.99,mountaincar,sparse
0,3742,-1.0,200,0.0008119962876662612,-1.0,2.008062438108027e-06,0.0,DQN_RND,0.001,0.99,mountaincar,sparse
0,3743,-1.0,200,0.0032447269186377525,-1.0,2.8641113658522954e-06,0.0,DQN_RND,0.001,0.99,mountaincar,sparse
0,3744,-1.0,200,0.003243132261559367,-1.0,2.8621964247577125e-06,0.0,DQN_RND,0.001,0.99,mountaincar,sparse
0,3745,-1.0,200,0.004053096752613783,-1.0,1.8493001334718429e-06,0.0,DQN_RND,0.001,0.99,mountaincar,sparse
0,3746,-1.0,200,0.00891807209700346,-1.0,1.9670414985739626e-06,0.0,DQN_RND,0.001,0.99,mountaincar,sparse
0,3747,-1.0,200,0.004054270684719086,-1.0,1.764453486430284e-06,0.0,DQN_RND,0.001,0.99,mountaincar,sparse
0,3748,-1.0,200,0.005675402469933033,-1.0,4.968735993315931e-06,0.0,DQN_RND,0.001,0.99,mountaincar,sparse
0,3749,-1.0,200,0.005674802698194981,-1.0,2.0010140815429622e-06,0.0,DQN_RND,0.001,0.99,mountaincar,sparse
0,3750,-1.0,200,0.002430028049275279,-1.0,2.210480715802987e-06,0.0,DQN_RND,0.001,0.99,mountaincar,sparse
0,3751,-1.0,200,0.00486379349604249,-1.0,1.780160687303578e-06,0.0,DQN_RND,0.001,0.99,mountaincar,sparse
0,3752,-1.0,200,0.003242417937144637,-1.0,2.507784529370838e-06,0.0,DQN_RND,0.001,0.99,mountaincar,sparse
0,3753,-1.0,200,0.0016213656635954976,-1.0,5.273109309200663e-06,0.0,DQN_RND,0.001,0.99,mountaincar,sparse
0,3754,-1.0,200,0.004862133413553238,-1.0,1.7222909036718193e-06,0.0,DQN_RND,0.001,0.99,mountaincar,sparse
0,3755,-1.0,200,0.005671768449246883,-1.0,1.7820724451667047e-06,0.0,DQN_RND,0.001,0.99,mountaincar,sparse
0,3756,-1.0,200,0.004051328171044588,-1.0,1.8055151258522528e-06,0.0,DQN_RND,0.001,0.99,mountaincar,sparse
0,3757,-1.0,200,0.003241059137508273,-1.0,3.2661228033248335e-06,0.0,DQN_RND,0.001,0.99,mountaincar,sparse
0,3758,-1.0,200,0.0032404696103185415,-1.0,1.975657369257533e-06,0.0,DQN_RND,0.001,0.99,mountaincar,sparse
0,3759,-1.0,200,0.004860482644289732,-1.0,1.8144160094379913e-06,0.0,DQN_RND,0.001,0.99,mountaincar,sparse
0,3760,-1.0,200,0.004049969837069511,-1.0,3.150918246319634e-06,0.0,DQN_RND,0.001,0.99,mountaincar,sparse
0,3761,-1.0,200,0.003240528516471386,-1.0,3.377377879587584e-06,0.0,DQN_RND,0.001,0.99,mountaincar,sparse
0,3762,-1.0,200,0.0032398258335888386,-1.0,2.156920800189255e-06,0.0,DQN_RND,0.001,0.99,mountaincar,sparse
0,3763,-1.0,200,0.00404995447024703,-1.0,1.906533498186036e-06,0.0,DQN_RND,0.001,0.99,mountaincar,sparse
0,3764,-1.0,200,0.004858957603573799,-1.0,2.0374088762764586e-06,0.0,DQN_RND,0.001,0.99,mountaincar,sparse
0,3765,-1.0,200,0.0032392125576734543,-1.0,1.8201308193965815e-06,0.0,DQN_RND,0.001,0.99,mountaincar,sparse
0,3766,-1.0,200,0.0056669944897294044,-1.0,1.8864809590013465e-06,0.0,DQN_RND,0.001,0.99,mountaincar,sparse
0,3767,-1.0,200,0.002429223619401455,-1.0,2.1360551727411803e-06,0.0,DQN_RND,0.001,0.99,mountaincar,sparse
0,3768,-1.0,200,0.0016194158233702183,-1.0,1.9832987163681537e-06,0.0,DQN_RND,0.001,0.99,mountaincar,sparse
0,3769,-1.0,200,0.0048573995009064674,-1.0,3.4168947422585916e-06,0.0,DQN_RND,0.001,0.99,mountaincar,sparse
0,3770,-1.0,200,0.004046290181577206,-1.0,1.7614103171581519e-06,0.0,DQN_RND,0.001,0.99,mountaincar,sparse
0,3771,-1.0,200,0.005664705298841,-1.0,2.1184177967370488e-06,0.0,DQN_RND,0.001,0.99,mountaincar,sparse
0,3772,-1.0,200,0.004046486224979162,-1.0,2.4829787435010076e-06,0.0,DQN_RND,0.001,0.99,mountaincar,sparse
0,3773,-1.0,200,0.004855570383369923,-1.0,2.4729715732974e-06,0.0,DQN_RND,0.001,0.99,mountaincar,sparse
0,3774,-1.0,200,0.0032367294188588858,-1.0,1.9691349280037684e-06,0.0,DQN_RND,0.001,0.99,mountaincar,sparse
0,3775,-1.0,200,0.004853293765336275,-1.0,1.931438646352035e-06,0.0,DQN_RND,0.001,0.99,mountaincar,sparse
0,3776,-1.0,200,0.0048538451083004475,-1.0,2.328531536477385e-06,0.0,DQN_RND,0.001,0.99,mountaincar,sparse
0,3777,-1.0,200,0.004044448025524616,-1.0,2.2146477931528352e-06,0.0,DQN_RND,0.001,0.99,mountaincar,sparse
0,3778,-1.0,200,0.004852775949984789,-1.0,2.435128862998681e-06,0.0,DQN_RND,0.001,0.99,mountaincar,sparse
0,3779,-1.0,200,0.0032349908724427223,-1.0,3.4169645459769526e-06,0.0,DQN_RND,0.001,0.99,mountaincar,sparse
0,3780,-1.0,200,0.003236012300476432,-1.0,2.3751522348902654e-06,0.0,DQN_RND,0.001,0.99,mountaincar,sparse
0,3781,-1.0,200,0.0064695836044847965,-1.0,2.8971392111998284e-06,0.0,DQN_RND,0.001,0.99,mountaincar,sparse
0,3782,-1.0,200,0.0016187496948987246,-1.0,3.2311245377059095e-06,0.0,DQN_RND,0.001,0.99,mountaincar,sparse
0,3783,-1.0,200,0.004044244531542063,-1.0,4.432833520695567e-06,0.0,DQN_RND,0.001,0.99,mountaincar,sparse
0,3784,-1.0,200,0.005659657530486584,-1.0,3.316718220958137e-06,0.0,DQN_RND,0.001,0.99,mountaincar,sparse
0,3785,-1.0,200,0.004042487591505051,-1.0,2.8615577321033925e-06,0.0,DQN_RND,0.001,0.99,mountaincar,sparse
0,3786,-1.0,200,0.0032343724742531776,-1.0,2.1902440039411886e-06,0.0,DQN_RND,0.001,0.99,mountaincar,sparse
0,3787,-1.0,200,0.004042061977088451,-1.0,3.0730075195606332e-06,0.0,DQN_RND,0.001,0.99,mountaincar,sparse
0,3788,-1.0,200,0.004850382916629314,-1.0,2.0279348973417655e-06,0.0,DQN_RND,0.001,0.99,mountaincar,sparse
0,3789,-1.0,200,0.0024256582837551832,-1.0,3.1621680136595387e-06,0.0,DQN_RND,0.001,0.99,mountaincar,sparse
0,3790,-1.0,200,0.0024255625903606415,-1.0,5.264045739750145e-06,0.0,DQN_RND,0.001,0.99,mountaincar,sparse
0,3791,-1.0,200,0.0032335177529603243,-1.0,2.9041523248451995e-06,0.0,DQN_RND,0.001,0.99,mountaincar,sparse
0,3792,-1.0,200,0.004848648328334093,-1.0,2.037793365161633e-06,0.0,DQN_RND,0.001,0.99,mountaincar,sparse
0,3793,-1.0,200,0.0024256727192550898,-1.0,2.716240260269842e-06,0.0,DQN_RND,0.001,0.99,mountaincar,sparse
0,3794,-1.0,200,0.0016171180177479982,-1.0,4.344080480223056e-06,0.0,DQN_RND,0.001,0.99,mountaincar,sparse
0,3795,-1.0,200,0.0024250419810414314,-1.0,3.6142157568974653e-06,0.0,DQN_RND,0.001,0.99,mountaincar,sparse
0,3796,-1.0,200,0.00565712433308363,-1.0,3.787517471209867e-06,0.0,DQN_RND,0.001,0.99,mountaincar,sparse
0,3797,-1.0,200,0.0056600128300487995,-1.0,3.017268454641453e-06,0.0,DQN_RND,0.001,0.99,mountaincar,sparse
0,3798,-1.0,200,0.0024263157974928617,-1.0,6.182442120916676e-06,0.0,DQN_RND,0.001,0.99,mountaincar,sparse
0,3799,-1.0,200,0.0024263723753392696,-1.0,6.261461294343462e-06,0.0,DQN_RND,0.001,0.99,mountaincar,sparse
0,3800,-1.0,200,0.00807858258485794,-1.0,3.23346671393665e-06,0.0,DQN_RND,0.001,0.99,mountaincar,sparse
0,3801,-1.0,200,0.004848947748541832,-1.0,2.4108030629577115e-06,0.0,DQN_RND,0.001,0.99,mountaincar,sparse
0,3802,-1.0,200,0.006462519057095051,-1.0,3.0399392016988713e-06,0.0,DQN_RND,0.001,0.99,mountaincar,sparse
0,3803,-1.0,200,0.006461544428020716,-1.0,3.454743364272872e-06,0.0,DQN_RND,0.001,0.99,mountaincar,sparse
0,3804,-1.0,200,0.002425762126222253,-1.0,1.954395429493161e-06,0.0,DQN_RND,0.001,0.99,mountaincar,sparse
0,3805,-1.0,200,0.006461809389293194,-1.0,3.176410928062978e-06,0.0,DQN_RND,0.001,0.99,mountaincar,sparse
0,3806,-1.0,200,0.003231495851650834,-1.0,1.966343006643001e-06,0.0,DQN_RND,0.001,0.99,mountaincar,sparse
0,3807,-1.0,200,0.0032312870025634766,-1.0,5.952292667643633e-06,0.0,DQN_RND,0.001,0.99,mountaincar,sparse
0,3808,-1.0,200,0.004846677649766207,-1.0,2.190187842643354e-06,0.0,DQN_RND,0.001,0.99,mountaincar,sparse
0,3809,-1.0,200,0.0016180896200239658,-1.0,1.8234004528494552e-06,0.0,DQN_RND,0.001,0.99,mountaincar,sparse
0,3810,-1.0,200,0.002426473656669259,-1.0,2.5209055820596404e-06,0.0,DQN_RND,0.001,0.99,mountaincar,sparse
0,3811,-1.0,200,0.004039171151816845,-1.0,3.0838307338854065e-06,0.0,DQN_RND,0.001,0.99,mountaincar,sparse
0,3812,-1.0,200,0.005651034414768219,-1.0,4.467684902920155e-06,0.0,DQN_RND,0.001,0.99,mountaincar,sparse
0,3813,-1.0,200,0.002424821490421891,-1.0,3.821897280431585e-06,0.0,DQN_RND,0.001,0.99,mountaincar,sparse
0,3814,-1.0,200,0.000809318560641259,-1.0,1.8918286741609336e-06,0.0,DQN_RND,0.001,0.99,mountaincar,sparse
0,3815,-1.0,200,0.004036827012896538,-1.0,3.207677991667879e-06,0.0,DQN_RND,0.001,0.99,mountaincar,sparse
0,3816,-1.0,200,0.005653999280184507,-1.0,2.097475089612999e-06,0.0,DQN_RND,0.001,0.99,mountaincar,sparse
0,3817,-1.0,200,0.00484309671446681,-1.0,3.7930940379737876e-06,0.0,DQN_RND,0.001,0.99,mountaincar,sparse
0,3818,-1.0,200,0.002425973303616047,-1.0,6.016456609359011e-06,0.0,DQN_RND,0.001,0.99,mountaincar,sparse
0,3819,-1.0,200,0.0056489440612494946,-1.0,1.9737099137273617e-06,0.0,DQN_RND,0.001,0.99,mountaincar,sparse
0,3820,-1.0,200,0.0032311833929270506,-1.0,2.447041879349854e-06,0.0,DQN_RND,0.001,0.99,mountaincar,sparse
0,3821,-1.0,200,0.0024222873616963625,-1.0,2.2493384221888846e-06,0.0,DQN_RND,0.001,0.99,mountaincar,sparse
0,3822,-1.0,200,0.002426875988021493,-1.0,4.443472789716907e-06,0.0,DQN_RND,0.001,0.99,mountaincar,sparse
0,3823,-1.0,200,0.0040377783589065075,-1.0,3.1894610401650425e-06,0.0,DQN_RND,0.001,0.99,mountaincar,sparse
0,3824,-1.0,200,0.002422396559268236,-1.0,2.0299571588111576e-06,0.0,DQN_RND,0.001,0.99,mountaincar,sparse
0,3825,-1.0,200,0.0048415218479931355,-1.0,4.005138180218637e-06,0.0,DQN_RND,0.001,0.99,mountaincar,sparse
0,3826,-1.0,200,0.004036722704768181,-1.0,1.9417211660766043e-06,0.0,DQN_RND,0.001,0.99,mountaincar,sparse
0,3827,-1.0,200,0.0048432257026433945,-1.0,4.126515250391094e-06,0.0,DQN_RND,0.001,0.99,mountaincar,sparse
0,3828,-1.0,200,0.0024246431421488523,-1.0,4.0188301682064775e-06,0.0,DQN_RND,0.001,0.99,mountaincar,sparse
0,3829,-1.0,200,0.00806486327201128,-1.0,2.3135908122640103e-06,0.0,DQN_RND,0.001,0.99,mountaincar,sparse
0,3830,-1.0,200,0.003228022251278162,-1.0,4.655578777601477e-06,0.0,DQN_RND,0.001,0.99,mountaincar,sparse
0,3831,-1.0,200,0.005653503350913525,-1.0,2.472388359819888e-06,0.0,DQN_RND,0.001,0.99,mountaincar,sparse
0,3832,-1.0,200,0.004839436151087284,-1.0,6.313769063126529e-06,0.0,DQN_RND,0.001,0.99,mountaincar,sparse
0,3833,-1.0,200,0.003227810375392437,-1.0,4.311064913053997e-06,0.0,DQN_RND,0.001,0.99,mountaincar,sparse
0,3834,-1.0,200,0.005647654645144939,-1.0,5.225253516982775e-06,0.0,DQN_RND,0.001,0.99,mountaincar,sparse
0,3835,-1.0,200,0.007261265534907579,-1.0,4.724468453787267e-06,0.0,DQN_RND,0.001,0.99,mountaincar,sparse
0,3836,-1.0,200,0.004844468552619219,-1.0,4.693303253588965e-06,0.0,DQN_RND,0.001,0.99,mountaincar,sparse
0,3837,-1.0,200,0.0032308411318808794,-1.0,2.451497721267515e-06,0.0,DQN_RND,0.001,0.99,mountaincar,sparse
0,3838,-1.0,200,0.005643971264362335,-1.0,2.222345528934966e-06,0.0,DQN_RND,0.001,0.99,mountaincar,sparse
0,3839,-1.0,200,0.0008091171621344984,-1.0,4.690078185376478e-06,0.0,DQN_RND,0.001,0.99,mountaincar,sparse
0,3840,-1.0,200,0.0056454394944012165,-1.0,2.8242150165169733e-06,0.0,DQN_RND,0.001,0.99,mountaincar,sparse
0,3841,-1.0,200,0.002420863602310419,-1.0,1.8731969930740888e-06,0.0,DQN_RND,0.001,0.99,mountaincar,sparse
0,3842,-1.0,200,0.008070375770330429,-1.0,5.690271791536361e-06,0.0,DQN_RND,0.001,0.99,mountaincar,sparse
0,3843,-1.0,200,0.004836501087993383,-1.0,2.9213431389507605e-06,0.0,DQN_RND,0.001,0.99,mountaincar,sparse
0,3844,-1.0,200,0.004030786920338869,-1.0,4.5784095163980965e-06,0.0,DQN_RND,0.001,0.99,mountaincar,sparse
0,3845,-1.0,200,0.008870264515280724,-1.0,2.1724970338254934e-06,0.0,DQN_RND,0.001,0.99,mountaincar,sparse
0,3846,-1.0,200,0.0016139616491273046,-1.0,4.934844128001714e-06,0.0,DQN_RND,0.001,0.99,mountaincar,sparse
0,3847,-1.0,200,0.004841386806219816,-1.0,1.8913516441898537e-06,0.0,DQN_RND,0.001,0.99,mountaincar,sparse
0,3848,-1.0,200,0.0016163157997652888,-1.0,4.79657046525972e-06,0.0,DQN_RND,0.001,0.99,mountaincar,sparse
0,3849,-1.0,200,0.008074197918176651,-1.0,2.6094292024936294e-06,0.0,DQN_RND,0.001,0.99,mountaincar,sparse
0,3850,-1.0,200,0.004837787710130215,-1.0,2.9997383990121307e-06,0.0,DQN_RND,0.001,0.99,mountaincar,sparse
0,3851,-1.0,200,0.0040327091701328754,-1.0,7.846074367989786e-06,0.0,DQN_RND,0.001,0.99,mountaincar,sparse
0,3852,-1.0,200,0.0024232433643192053,-1.0,7.460884262400214e-06,0.0,DQN_RND,0.001,0.99,mountaincar,sparse
0,3853,-1.0,200,0.00564922671765089,-1.0,2.4497458070982248e-06,0.0,DQN_RND,0.001,0.99,mountaincar,sparse
0,3854,-1.0,200,0.0040363650768995285,-1.0,6.993844181124587e-06,0.0,DQN_RND,0.001,0.99,mountaincar,sparse
0,3855,-1.0,200,0.003225763561204076,-1.0,1.878189777926309e-06,0.0,DQN_RND,0.001,0.99,mountaincar,sparse
0,3856,-1.0,200,0.0032302038744091988,-1.0,3.954083240387263e-06,0.0,DQN_RND,0.001,0.99,mountaincar,sparse
0,3857,-1.0,200,0.005645181983709335,-1.0,2.1738733266829513e-06,0.0,DQN_RND,0.001,0.99,mountaincar,sparse
0,3858,-1.0,200,0.00483923451974988,-1.0,3.5342500268598087e-06,0.0,DQN_RND,0.001,0.99,mountaincar,sparse
0,3859,-1.0,200,0.004841485992074013,-1.0,3.5184627904527588e-06,0.0,DQN_RND,0.001,0.99,mountaincar,sparse
0,3860,-1.0,200,0.007248976267874241,-1.0,1.924707703437889e-06,0.0,DQN_RND,0.001,0.99,mountaincar,sparse
0,3861,-1.0,200,0.0024190573021769524,-1.0,2.5875635856209556e-06,0.0,DQN_RND,0.001,0.99,mountaincar,sparse
0,3862,-1.0,200,0.0024207455571740866,-1.0,6.8011167968506925e-06,0.0,DQN_RND,0.001,0.99,mountaincar,sparse
0,3863,-1.0,200,0.002419843338429928,-1.0,2.9317302505660336e-06,0.0,DQN_RND,0.001,0.99,mountaincar,sparse
0,3864,-1.0,200,0.004031052812933922,-1.0,2.9247134989418555e-06,0.0,DQN_RND,0.001,0.99,mountaincar,sparse
0,3865,-1.0,200,0.0016162940301001072,-1.0,3.080947408307111e-06,0.0,DQN_RND,0.001,0.99,mountaincar,sparse
0,3866,-1.0,200,0.004835731815546751,-1.0,2.416970573904109e-06,0.0,DQN_RND,0.001,0.99,mountaincar,sparse
0,3867,-1.0,200,0.004025953821837902,-1.0,3.3461240036558593e-06,0.0,DQN_RND,0.001,0.99,mountaincar,sparse
0,3868,-1.0,200,0.0032209164928644896,-1.0,3.3954152058868203e-06,0.0,DQN_RND,0.001,0.99,mountaincar,sparse
0,3869,-1.0,200,0.00644764956086874,-1.0,2.4775179099378875e-06,0.0,DQN_RND,0.001,0.99,mountaincar,sparse
0,3870,-1.0,200,0.0040345629677176476,-1.0,3.3216851988981944e-06,0.0,DQN_RND,0.001,0.99,mountaincar,sparse
0,3871,-1.0,200,0.008061360567808151,-1.0,2.960362053272547e-06,0.0,DQN_RND,0.001,0.99,mountaincar,sparse
0,3872,-1.0,200,0.0024177618324756622,-1.0,3.194938017259119e-06,0.0,DQN_RND,0.001,0.99,mountaincar,sparse
0,3873,-1.0,200,0.004834034014493227,-1.0,3.370510967215523e-06,0.0,DQN_RND,0.001,0.99,mountaincar,sparse
0,3874,-1.0,200,0.0032218408305197954,-1.0,2.9602995255118003e-06,0.0,DQN_RND,0.001,0.99,mountaincar,sparse
0,3875,-1.0,200,0.004835565574467182,-1.0,1.7511655414637062e-06,0.0,DQN_RND,0.001,0.99,mountaincar,sparse
0,3876,-1.0,200,0.002418985590338707,-1.0,2.277412022522185e-06,0.0,DQN_RND,0.001,0.99,mountaincar,sparse
0,3877,-1.0,200,0.004833268001675606,-1.0,4.462240667635342e-06,0.0,DQN_RND,0.001,0.99,mountaincar,sparse
0,3878,-1.0,200,0.0024169967509806156,-1.0,5.395382686401717e-06,0.0,DQN_RND,0.001,0.99,mountaincar,sparse
0,3879,-1.0,200,0.002420011442154646,-1.0,3.6256274142942857e-06,0.0,DQN_RND,0.001,0.99,mountaincar,sparse
0,3880,-1.0,200,0.0040268246084451675,-1.0,1.942404878718662e-06,0.0,DQN_RND,0.001,0.99,mountaincar,sparse
0,3881,-1.0,200,0.003221661550924182,-1.0,3.378167320988723e-06,0.0,DQN_RND,0.001,0.99,mountaincar,sparse
0,3882,-1.0,200,0.005633446853607893,-1.0,1.9506935586832697e-06,0.0,DQN_RND,0.001,0.99,mountaincar,sparse
0,3883,-1.0,200,0.004028887487947941,-1.0,4.083761723450152e-06,0.0,DQN_RND,0.001,0.99,mountaincar,sparse
0,3884,-1.0,200,0.0024168186355382204,-1.0,5.466820311994525e-06,0.0,DQN_RND,0.001,0.99,mountaincar,sparse
0,3885,-1.0,200,0.0040244911797344685,-1.0,1.8385733255854575e-06,0.0,DQN_RND,0.001,0.99,mountaincar,sparse
0,3886,-1.0,200,0.005634860135614872,-1.0,3.211083367204992e-06,0.0,DQN_RND,0.001,0.99,mountaincar,sparse
0,3887,-1.0,200,0.004829019773751497,-1.0,1.8541979898145655e-06,0.0,DQN_RND,0.001,0.99,mountaincar,sparse
0,3888,-1.0,200,0.0056344387121498585,-1.0,3.3610408536333125e-06,0.0,DQN_RND,0.001,0.99,mountaincar,sparse
0,3889,-1.0,200,0.0032224473543465137,-1.0,3.4791885354934493e-06,0.0,DQN_RND,0.001,0.99,mountaincar,sparse
0,3890,-1.0,200,0.004024760331958532,-1.0,2.802502649501548e-06,0.0,DQN_RND,0.001,0.99,mountaincar,sparse
0,3891,-1.0,200,0.006440741941332817,-1.0,3.1692866286903154e-06,0.0,DQN_RND,0.001,0.99,mountaincar,sparse
0,3892,-1.0,200,0.005633320659399033,-1.0,3.5788127661362523e-06,0.0,DQN_RND,0.001,0.99,mountaincar,sparse
0,3893,-1.0,200,0.005637336056679487,-1.0,3.007356554007856e-06,0.0,DQN_RND,0.001,0.99,mountaincar,sparse
0,3894,-1.0,200,0.004831294063478708,-1.0,3.2106049729918595e-06,0.0,DQN_RND,0.001,0.99,mountaincar,sparse
0,3895,-1.0,200,0.005637464579194784,-1.0,2.609866669445182e-06,0.0,DQN_RND,0.001,0.99,mountaincar,sparse
0,3896,-1.0,200,0.0032194149680435658,-1.0,2.5104186534008477e-06,0.0,DQN_RND,0.001,0.99,mountaincar,sparse
0,3897,-1.0,200,0.0016100759385153651,-1.0,2.7824592052638764e-06,0.0,DQN_RND,0.001,0.99,mountaincar,sparse
0,3898,-1.0,200,0.004826017189770937,-1.0,2.2866747713123914e-06,0.0,DQN_RND,0.001,0.99,mountaincar,sparse
0,3899,-1.0,200,0.004827243275940418,-1.0,4.934830030833837e-06,0.0,DQN_RND,0.001,0.99,mountaincar,sparse
0,3900,-1.0,200,0.0032195739913731813,-1.0,1.75689763182163e-06,0.0,DQN_RND,0.001,0.99,mountaincar,sparse
0,3901,-1.0,200,0.004022924695163965,-1.0,2.7207645416638115e-06,0.0,DQN_RND,0.001,0.99,mountaincar,sparse
0,3902,-1.0,200,0.0032189269550144672,-1.0,2.565035856605391e-06,0.0,DQN_RND,0.001,0.99,mountaincar,sparse
0,3903,-1.0,200,0.0048261480405926704,-1.0,1.886662516881188e-06,0.0,DQN_RND,0.001,0.99,mountaincar,sparse
0,3904,-1.0,200,0.0008050559554249048,-1.0,2.485712229827186e-06,0.0,DQN_RND,0.001,0.99,mountaincar,sparse
0,3905,-1.0,200,0.0032160538248717785,-1.0,2.245365521957865e-06,0.0,DQN_RND,0.001,0.99,mountaincar,sparse
0,3906,-1.0,200,0.002413491951301694,-1.0,1.7319546259386698e-06,0.0,DQN_RND,0.001,0.99,mountaincar,sparse
0,3907,-1.0,200,0.004021618980914354,-1.0,3.5645373372972244e-06,0.0,DQN_RND,0.001,0.99,mountaincar,sparse
0,3908,-1.0,200,0.002411637920886278,-1.0,2.1943078536423855e-06,0.0,DQN_RND,0.001,0.99,mountaincar,sparse
0,3909,-1.0,200,0.005627977196127176,-1.0,3.90104378311662e-06,0.0,DQN_RND,0.001,0.99,mountaincar,sparse
0,3910,-1.0,200,0.005626388359814882,-1.0,2.1237583496258594e-06,0.0,DQN_RND,0.001,0.99,mountaincar,sparse
0,3911,-1.0,200,0.0032165679149329662,-1.0,2.367966999372584e-06,0.0,DQN_RND,0.001,0.99,mountaincar,sparse
0,3912,-1.0,200,0.004824500530958176,-1.0,2.317423195563606e-06,0.0,DQN_RND,0.001,0.99,mountaincar,sparse
0,3913,-1.0,200,0.003215040313079953,-1.0,1.9081060145254014e-06,0.0,DQN_RND,0.001,0.99,mountaincar,sparse
0,3914,-1.0,200,0.003215500619262457,-1.0,2.2477388483821414e-06,0.0,DQN_RND,0.001,0.99,mountaincar,sparse
0,3915,-1.0,200,0.002412942470982671,-1.0,1.8394958942735684e-06,0.0,DQN_RND,0.001,0.99,mountaincar,sparse
0,3916,-1.0,200,0.0016089872224256396,-1.0,3.599283445510082e-06,0.0,DQN_RND,0.001,0.99,mountaincar,sparse
0,3917,-1.0,200,0.005626913160085678,-1.0,2.8826150355598656e-06,0.0,DQN_RND,0.001,0.99,mountaincar,sparse
0,3918,-1.0,200,0.0040184203535318375,-1.0,2.45329329118249e-06,0.0,DQN_RND,0.001,0.99,mountaincar,sparse
0,3919,-1.0,200,0.004018457606434822,-1.0,2.2007088773534633e-06,0.0,DQN_RND,0.001,0.99,mountaincar,sparse
0,3920,-1.0,200,0.0024116404820233583,-1.0,2.161557858926244e-06,0.0,DQN_RND,0.001,0.99,mountaincar,sparse
0,3921,-1.0,200,0.006430305074900389,-1.0,1.814511733755353e-06,0.0,DQN_RND,0.001,0.99,mountaincar,sparse
0,3922,-1.0,200,0.0024116048589348793,-1.0,4.1346802390762605e-06,0.0,DQN_RND,0.001,0.99,mountaincar,sparse
0,3923,-1.0,200,0.0016078940825536847,-1.0,2.3298773612623336e-06,0.0,DQN_RND,0.001,0.99,mountaincar,sparse
0,3924,-1.0,200,0.002410950604826212,-1.0,2.20370043280127e-06,0.0,DQN_RND,0.001,0.99,mountaincar,sparse
0,3925,-1.0,200,0.006429503206163645,-1.0,5.727504685637541e-06,0.0,DQN_RND,0.001,0.99,mountaincar,sparse
0,3926,-1.0,200,0.002410932444036007,-1.0,1.8131850083591416e-06,0.0,DQN_RND,0.001,0.99,mountaincar,sparse
0,3927,-1.0,200,0.004820678383111954,-1.0,1.6953589465629193e-06,0.0,DQN_RND,0.001,0.99,mountaincar,sparse
0,3928,-1.0,200,0.0016071615973487496,-1.0,2.1941725663054967e-06,0.0,DQN_RND,0.001,0.99,mountaincar,sparse
0,3929,-1.0,200,0.0032131108455359936,-1.0,4.56131829196238e-06,0.0,DQN_RND,0.001,0.99,mountaincar,sparse
0,3930,-1.0,200,0.004018169827759266,-1.0,1.753132778503641e-06,0.0,DQN_RND,0.001,0.99,mountaincar,sparse
0,3931,-1.0,200,0.0032135113142430782,-1.0,3.2076152365334565e-06,0.0,DQN_RND,0.001,0.99,mountaincar,sparse
0,3932,-1.0,200,0.0048192087560892105,-1.0,4.764082405017689e-06,0.0,DQN_RND,0.001,0.99,mountaincar,sparse
0,3933,-1.0,200,0.004819252993911505,-1.0,1.6415675645475858e-06,0.0,DQN_RND,0.001,0.99,mountaincar,sparse
0,3934,-1.0,200,0.0008045372669585049,-1.0,1.566002993058646e-06,0.0,DQN_RND,0.001,0.99,mountaincar,sparse
0,3935,-1.0,200,0.007227935828268528,-1.0,1.6098271089504124e-06,0.0,DQN_RND,0.001,0.99,mountaincar,sparse
0,3936,-1.0,200,0.004816676490008831,-1.0,1.615204382687807e-06,0.0,DQN_RND,0.001,0.99,mountaincar,sparse
0,3937,-1.0,200,0.0024092686362564564,-1.0,1.636682441130688e-06,0.0,DQN_RND,0.001,0.99,mountaincar,sparse
0,3938,-1.0,200,0.0016062150243669748,-1.0,2.1483947421074845e-06,0.0,DQN_RND,0.001,0.99,mountaincar,sparse
0,3939,-1.0,200,0.0016067998949438334,-1.0,2.1761177322332514e-06,0.0,DQN_RND,0.001,0.99,mountaincar,sparse
0,3940,-1.0,200,0.0024090935476124287,-1.0,1.6591955045441864e-06,0.0,DQN_RND,0.001,0.99,mountaincar,sparse
0,3941,-1.0,200,0.004013923928141594,-1.0,1.8289446188646252e-06,0.0,DQN_RND,0.001,0.99,mountaincar,sparse
0,3942,-1.0,200,0.005620557814836502,-1.0,1.599883603375929e-06,0.0,DQN_RND,0.001,0.99,mountaincar,sparse
0,3943,-1.0,200,0.004816663917154074,-1.0,1.5839502793824067e-06,0.0,DQN_RND,0.001,0.99,mountaincar,sparse
0,3944,-1.0,200,0.0016068883705884218,-1.0,1.5323435036407318e-06,0.0,DQN_RND,0.001,0.99,mountaincar,sparse
0,3945,-1.0,200,0.0024087082128971815,-1.0,1.908481408463558e-06,0.0,DQN_RND,0.001,0.99,mountaincar,sparse
0,3946,-1.0,200,0.002409879583865404,-1.0,2.080634203593945e-06,0.0,DQN_RND,0.001,0.99,mountaincar,sparse
0,3947,-1.0,200,0.0024102013558149338,-1.0,1.7520861774755758e-06,0.0,DQN_RND,0.001,0.99,mountaincar,sparse
0,3948,-1.0,200,0.004814236890524626,-1.0,1.595763023942709e-06,0.0,DQN_RND,0.001,0.99,mountaincar,sparse
0,3949,-1.0,200,0.005618938244879246,-1.0,2.1185326204431476e-06,0.0,DQN_RND,0.001,0.99,mountaincar,sparse
0,3950,-1.0,200,0.006419788580387831,-1.0,1.5282015510820202e-06,0.0,DQN_RND,0.001,0.99,mountaincar,sparse
0,3951,-1.0,200,0.005617435090243816,-1.0,2.6970935778081184e-06,0.0,DQN_RND,0.001,0.99,mountaincar,sparse
0,3952,-1.0,200,0.004813241306692362,-1.0,1.5961738881742349e-06,0.0,DQN_RND,0.001,0.99,mountaincar,sparse
0,3953,-1.0,200,0.002407361753284931,-1.0,2.9723037187068257e-06,0.0,DQN_RND,0.001,0.99,mountaincar,sparse
0,3954,-1.0,200,0.0024060995783656836,-1.0,1.6599751688772812e-06,0.0,DQN_RND,0.001,0.99,mountaincar,sparse
0,3955,-1.0,200,0.002407099585980177,-1.0,2.0809150100831175e-06,0.0,DQN_RND,0.001,0.99,mountaincar,sparse
0,3956,-1.0,200,0.005616114474833012,-1.0,1.5712582808191655e-06,0.0,DQN_RND,0.001,0.99,mountaincar,sparse
0,3957,-1.0,200,0.004011484328657389,-1.0,2.891145641115145e-06,0.0,DQN_RND,0.001,0.99,mountaincar,sparse
0,3958,-1.0,200,0.004009768832474947,-1.0,1.6179733393073548e-06,0.0,DQN_RND,0.001,0.99,mountaincar,sparse
0,3959,-1.0,200,0.003209139918908477,-1.0,2.0184547793178353e-06,0.0,DQN_RND,0.001,0.99,mountaincar,sparse
0,3960,-1.0,200,0.004009313881397247,-1.0,5.09319170305389e-06,0.0,DQN_RND,0.001,0.99,mountaincar,sparse
0,3961,-1.0,200,0.004009496420621872,-1.0,1.8521263882576022e-06,0.0,DQN_RND,0.001,0.99,mountaincar,sparse
0,3962,-1.0,200,0.002408640692010522,-1.0,1.885530082290643e-06,0.0,DQN_RND,0.001,0.99,mountaincar,sparse
0,3963,-1.0,200,0.006418450735509396,-1.0,1.6068429431470577e-06,0.0,DQN_RND,0.001,0.99,mountaincar,sparse
0,3964,-1.0,200,0.003209903836250305,-1.0,1.5973026847859728e-06,0.0,DQN_RND,0.001,0.99,mountaincar,sparse
0,3965,-1.0,200,0.004812816623598337,-1.0,1.7535568304083426e-06,0.0,DQN_RND,0.001,0.99,mountaincar,sparse
0,3966,-1.0,200,0.004010461270809174,-1.0,2.9343900678213686e-06,0.0,DQN_RND,0.001,0.99,mountaincar,sparse
0,3967,-1.0,200,0.006415344774723053,-1.0,1.612849700904917e-06,0.0,DQN_RND,0.001,0.99,mountaincar,sparse
0,3968,-1.0,200,0.003207205329090357,-1.0,2.339546881557908e-06,0.0,DQN_RND,0.001,0.99,mountaincar,sparse
0,3969,-1.0,200,0.0032049529254436493,-1.0,1.6649797771606245e-06,0.0,DQN_RND,0.001,0.99,mountaincar,sparse
0,3970,-1.0,200,0.0040063681080937386,-1.0,1.9014154304386466e-06,0.0,DQN_RND,0.001,0.99,mountaincar,sparse
0,3971,-1.0,200,0.0056119211949408054,-1.0,1.7284617115365108e-06,0.0,DQN_RND,0.001,0.99,mountaincar,sparse
0,3972,-1.0,200,0.001605444704182446,-1.0,1.742222480061173e-06,0.0,DQN_RND,0.001,0.99,mountaincar,sparse
0,3973,-1.0,200,0.005611578468233347,-1.0,1.6476109294671915e-06,0.0,DQN_RND,0.001,0.99,mountaincar,sparse
0,3974,-1.0,200,2.8576780550793046e-06,-1.0,1.9775288819801062e-06,0.0,DQN_RND,0.001,0.99,mountaincar,sparse
0,3975,-1.0,200,0.0040087527595460415,-1.0,2.21212121687131e-06,0.0,DQN_RND,0.001,0.99,mountaincar,sparse
0,3976,-1.0,200,0.006411224603652954,-1.0,1.7491807966507622e-06,0.0,DQN_RND,0.001,0.99,mountaincar,sparse
0,3977,-1.0,200,0.004008681047707796,-1.0,1.7850397853180766e-06,0.0,DQN_RND,0.001,0.99,mountaincar,sparse
0,3978,-1.0,200,0.004007582552731037,-1.0,4.165339305473026e-06,0.0,DQN_RND,0.001,0.99,mountaincar,sparse
0,3979,-1.0,200,0.002407787134870887,-1.0,1.63689639975928e-06,0.0,DQN_RND,0.001,0.99,mountaincar,sparse
0,3980,-1.0,200,0.004011734388768673,-1.0,1.6604011534582241e-06,0.0,DQN_RND,0.001,0.99,mountaincar,sparse
0,3981,-1.0,200,0.0032084318809211254,-1.0,1.4978963918110821e-06,0.0,DQN_RND,0.001,0.99,mountaincar,sparse
0,3982,-1.0,200,0.0024041272699832916,-1.0,1.4430803503273637e-06,0.0,DQN_RND,0.001,0.99,mountaincar,sparse
0,3983,-1.0,200,0.002405627630650997,-1.0,1.453577283427876e-06,0.0,DQN_RND,0.001,0.99,mountaincar,sparse
0,3984,-1.0,200,0.0008045388967730105,-1.0,1.4566846857633209e-06,0.0,DQN_RND,0.001,0.99,mountaincar,sparse
0,3985,-1.0,200,0.006412510760128498,-1.0,1.4791685316595249e-06,0.0,DQN_RND,0.001,0.99,mountaincar,sparse
0,3986,-1.0,200,0.004814624786376953,-1.0,1.523410446679918e-06,0.0,DQN_RND,0.001,0.99,mountaincar,sparse
0,3987,-1.0,200,0.002405682345852256,-1.0,1.635846501812921e-06,0.0,DQN_RND,0.001,0.99,mountaincar,sparse
0,3988,-1.0,200,0.004005881957709789,-1.0,1.5902600125627941e-06,0.0,DQN_RND,0.001,0.99,mountaincar,sparse
0,3989,-1.0,200,0.004006650764495134,-1.0,3.081056320297648e-06,0.0,DQN_RND,0.001,0.99,mountaincar,sparse
0,3990,-1.0,200,0.003202879335731268,-1.0,1.5927196272969013e-06,0.0,DQN_RND,0.001,0.99,mountaincar,sparse
0,3991,-1.0,200,0.004803956486284733,-1.0,1.5866578451095847e-06,0.0,DQN_RND,0.001,0.99,mountaincar,sparse
0,3992,-1.0,200,0.0024076635017991066,-1.0,2.008524234042852e-06,0.0,DQN_RND,0.001,0.99,mountaincar,sparse
0,3993,-1.0,200,0.004009083844721317,-1.0,2.3430334294971544e-06,0.0,DQN_RND,0.001,0.99,mountaincar,sparse
0,3994,-1.0,200,0.006408464629203081,-1.0,3.929774720745627e-06,0.0,DQN_RND,0.001,0.99,mountaincar,sparse
0,3995,-1.0,200,0.0024056003894656897,-1.0,1.8957269958264078e-06,0.0,DQN_RND,0.001,0.99,mountaincar,sparse
0,3996,-1.0,200,0.0032020430080592632,-1.0,1.7223107988684205e-06,0.0,DQN_RND,0.001,0.99,mountaincar,sparse
0,3997,-1.0,200,0.004003316629678011,-1.0,2.148412477254169e-06,0.0,DQN_RND,0.001,0.99,mountaincar,sparse
0,3998,-1.0,200,0.002403664868324995,-1.0,5.179548224987229e-06,0.0,DQN_RND,0.001,0.99,mountaincar,sparse
0,3999,-1.0,200,0.006405639927834272,-1.0,1.9528824850567617e-06,0.0,DQN_RND,0.001,0.99,mountaincar,sparse
0,4000,-1.0,200,0.0024030539207160473,-1.0,1.5267637536453549e-06,0.0,DQN_RND,0.001,0.99,mountaincar,sparse
0,4001,-1.0,200,0.00559972133487463,-1.0,4.092629296792438e-06,0.0,DQN_RND,0.001,0.99,mountaincar,sparse
0,4002,-1.0,200,0.007205341476947069,-1.0,3.442225306571345e-06,0.0,DQN_RND,0.001,0.99,mountaincar,sparse
0,4003,-1.0,200,0.006404175888746977,-1.0,2.89944341602677e-06,0.0,DQN_RND,0.001,0.99,mountaincar,sparse
0,4004,-1.0,200,0.003200303763151169,-1.0,1.6618193967588013e-06,0.0,DQN_RND,0.001,0.99,mountaincar,sparse
0,4005,-1.0,200,0.0055976752191782,-1.0,1.6527812931599328e-06,0.0,DQN_RND,0.001,0.99,mountaincar,sparse
0,4006,-1.0,200,0.006403320003300905,-1.0,2.082576884276932e-06,0.0,DQN_RND,0.001,0.99,mountaincar,sparse
0,4007,-1.0,200,0.0024037128314375877,-1.0,1.7795841813494917e-06,0.0,DQN_RND,0.001,0.99,mountaincar,sparse
0,4008,-1.0,200,0.007200723979622126,-1.0,2.9045227165624965e-06,0.0,DQN_RND,0.001,0.99,mountaincar,sparse
0,4009,-1.0,200,0.00399893568828702,-1.0,2.194432227042853e-06,0.0,DQN_RND,0.001,0.99,mountaincar,sparse
0,4010,-1.0,200,0.00239933212287724,-1.0,1.756474148351117e-06,0.0,DQN_RND,0.001,0.99,mountaincar,sparse
0,4011,-1.0,200,0.0047972677275538445,-1.0,1.8092250684276223e-06,0.0,DQN_RND,0.001,0.99,mountaincar,sparse
0,4012,-1.0,200,0.003202824853360653,-1.0,1.7724529470797279e-06,0.0,DQN_RND,0.001,0.99,mountaincar,sparse
0,4013,-1.0,200,0.0039985813200473785,-1.0,1.7258831803701469e-06,0.0,DQN_RND,0.001,0.99,mountaincar,sparse
0,4014,-1.0,200,0.005601373501121998,-1.0,2.319088935109903e-06,0.0,DQN_RND,0.001,0.99,mountaincar,sparse
0,4015,-1.0,200,0.004803501535207033,-1.0,2.0696024876087904e-06,0.0,DQN_RND,0.001,0.99,mountaincar,sparse
0,4016,-1.0,200,0.005594358779489994,-1.0,1.8639586869539926e-06,0.0,DQN_RND,0.001,0.99,mountaincar,sparse
0,4017,-1.0,200,0.005598115734755993,-1.0,2.2461204025603365e-06,0.0,DQN_RND,0.001,0.99,mountaincar,sparse
0,4018,-1.0,200,0.004000498913228512,-1.0,1.945285248439177e-06,0.0,DQN_RND,0.001,0.99,mountaincar,sparse
0,4019,-1.0,200,0.002400970319285989,-1.0,2.0817014956264757e-06,0.0,DQN_RND,0.001,0.99,mountaincar,sparse
0,4020,-1.0,200,0.0055947452783584595,-1.0,2.35609195442521e-06,0.0,DQN_RND,0.001,0.99,mountaincar,sparse
0,4021,-1.0,200,0.007199758198112249,-1.0,2.3164955109677976e-06,0.0,DQN_RND,0.001,0.99,mountaincar,sparse
0,4022,-1.0,200,0.004796807188540697,-1.0,2.1957910121273017e-06,0.0,DQN_RND,0.001,0.99,mountaincar,sparse
0,4023,-1.0,200,0.004004030488431454,-1.0,2.3431982754118508e-06,0.0,DQN_RND,0.001,0.99,mountaincar,sparse
0,4024,-1.0,200,0.0032039342913776636,-1.0,1.9534143120836234e-06,0.0,DQN_RND,0.001,0.99,mountaincar,sparse
0,4025,-1.0,200,0.0023979777470231056,-1.0,1.951994590854156e-06,0.0,DQN_RND,0.001,0.99,mountaincar,sparse
0,4026,-1.0,200,0.004796730820089579,-1.0,2.2380047539627412e-06,0.0,DQN_RND,0.001,0.99,mountaincar,sparse
0,4027,-1.0,200,0.0032036008778959513,-1.0,1.9823007733066333e-06,0.0,DQN_RND,0.001,0.99,mountaincar,sparse
0,4028,-1.0,200,0.002403726801276207,-1.0,1.7545096397952875e-06,0.0,DQN_RND,0.001,0.99,mountaincar,sparse
0,4029,-1.0,200,0.0040019662119448185,-1.0,4.448378149390919e-06,0.0,DQN_RND,0.001,0.99,mountaincar,sparse
0,4030,-1.0,200,0.0008051781333051622,-1.0,2.4287269297929015e-06,0.0,DQN_RND,0.001,0.99,mountaincar,sparse
0,4031,-1.0,200,0.0031965223606675863,-1.0,1.878466264315648e-06,0.0,DQN_RND,0.001,0.99,mountaincar,sparse
0,4032,-1.0,200,0.0024027314502745867,-1.0,2.1846196887054248e-06,0.0,DQN_RND,0.001,0.99,mountaincar,sparse
0,4033,-1.0,200,0.00320521742105484,-1.0,1.7451418443670264e-06,0.0,DQN_RND,0.001,0.99,mountaincar,sparse
0,4034,-1.0,200,0.005595324095338583,-1.0,2.4686560209374875e-06,0.0,DQN_RND,0.001,0.99,mountaincar,sparse
0,4035,-1.0,200,0.003994894213974476,-1.0,2.1672608454537112e-06,0.0,DQN_RND,0.001,0.99,mountaincar,sparse
0,4036,-1.0,200,0.0015996944857761264,-1.0,1.876681608337094e-06,0.0,DQN_RND,0.001,0.99,mountaincar,sparse
0,4037,-1.0,200,0.004798860289156437,-1.0,1.8780541495289071e-06,0.0,DQN_RND,0.001,0.99,mountaincar,sparse
0,4038,-1.0,200,0.003997326362878084,-1.0,2.2609997358813416e-06,0.0,DQN_RND,0.001,0.99,mountaincar,sparse
0,4039,-1.0,200,0.0031984427478164434,-1.0,2.003704594244482e-06,0.0,DQN_RND,0.001,0.99,mountaincar,sparse
0,4040,-1.0,200,0.004799995571374893,-1.0,2.2932940737518948e-06,0.0,DQN_RND,0.001,0.99,mountaincar,sparse
0,4041,-1.0,200,0.007190746255218983,-1.0,2.341537310712738e-06,0.0,DQN_RND,0.001,0.99,mountaincar,sparse
0,4042,-1.0,200,0.0031985908281058073,-1.0,4.683050519815879e-06,0.0,DQN_RND,0.001,0.99,mountaincar,sparse
0,4043,-1.0,200,0.004000623244792223,-1.0,2.0894535737170372e-06,0.0,DQN_RND,0.001,0.99,mountaincar,sparse
0,4044,-1.0,200,0.0008016275241971016,-1.0,2.0038423826918006e-06,0.0,DQN_RND,0.001,0.99,mountaincar,sparse
0,4045,-1.0,200,0.004000377841293812,-1.0,2.007472403420252e-06,0.0,DQN_RND,0.001,0.99,mountaincar,sparse
0,4046,-1.0,200,0.0024022350553423166,-1.0,2.0421862245711964e-06,0.0,DQN_RND,0.001,0.99,mountaincar,sparse
0,4047,-1.0,200,0.006394762545824051,-1.0,4.567331870930502e-06,0.0,DQN_RND,0.001,0.99,mountaincar,sparse
0,4048,-1.0,200,0.005601817741990089,-1.0,2.6586214971757727e-06,0.0,DQN_RND,0.001,0.99,mountaincar,sparse
0,4049,-1.0,200,0.006386140361428261,-1.0,1.9478648027870804e-06,0.0,DQN_RND,0.001,0.99,mountaincar,sparse
0,4050,-1.0,200,0.0063935741782188416,-1.0,1.9860406155203236e-06,0.0,DQN_RND,0.001,0.99,mountaincar,sparse
0,4051,-1.0,200,0.00479351868852973,-1.0,3.829315573966596e-06,0.0,DQN_RND,0.001,0.99,mountaincar,sparse
0,4052,-1.0,200,0.0055986992083489895,-1.0,2.106008651026059e-06,0.0,DQN_RND,0.001,0.99,mountaincar,sparse
0,4053,-1.0,200,0.004793797619640827,-1.0,2.1247074073471595e-06,0.0,DQN_RND,0.001,0.99,mountaincar,sparse
0,4054,-1.0,200,0.003194166347384453,-1.0,3.000724518642528e-06,0.0,DQN_RND,0.001,0.99,mountaincar,sparse
0,4055,-1.0,200,0.007181422784924507,-1.0,2.483707930878154e-06,0.0,DQN_RND,0.001,0.99,mountaincar,sparse
0,4056,-1.0,200,0.006392111070454121,-1.0,2.2262747734203003e-06,0.0,DQN_RND,0.001,0.99,mountaincar,sparse
0,4057,-1.0,200,0.004792296793311834,-1.0,2.3658585632801987e-06,0.0,DQN_RND,0.001,0.99,mountaincar,sparse
0,4058,-1.0,200,0.003991927020251751,-1.0,2.2337610516842688e-06,0.0,DQN_RND,0.001,0.99,mountaincar,sparse
0,4059,-1.0,200,0.004786052741110325,-1.0,2.2194460598257137e-06,0.0,DQN_RND,0.001,0.99,mountaincar,sparse
0,4060,-1.0,200,0.003998453728854656,-1.0,2.7174876322533237e-06,0.0,DQN_RND,0.001,0.99,mountaincar,sparse
0,4061,-1.0,200,0.00559046259149909,-1.0,2.123365220541018e-06,0.0,DQN_RND,0.001,0.99,mountaincar,sparse
0,4062,-1.0,200,0.006383797619491816,-1.0,2.216328766735387e-06,0.0,DQN_RND,0.001,0.99,mountaincar,sparse
0,4063,-1.0,200,0.004791619256138802,-1.0,2.334429382244707e-06,0.0,DQN_RND,0.001,0.99,mountaincar,sparse
0,4064,-1.0,200,0.003994534723460674,-1.0,2.581158696557395e-06,0.0,DQN_RND,0.001,0.99,mountaincar,sparse
0,4065,-1.0,200,0.003200103295966983,-1.0,4.906512003799435e-06,0.0,DQN_RND,0.001,0.99,mountaincar,sparse
0,4066,-1.0,200,0.003195344004780054,-1.0,2.39494056586409e-06,0.0,DQN_RND,0.001,0.99,mountaincar,sparse
0,4067,-1.0,200,0.00240061292424798,-1.0,2.8862575618404662e-06,0.0,DQN_RND,0.001,0.99,mountaincar,sparse
0,4068,-1.0,200,0.004791450686752796,-1.0,3.933972038794309e-06,0.0,DQN_RND,0.001,0.99,mountaincar,sparse
0,4069,-1.0,200,0.003991622477769852,-1.0,2.552190608184901e-06,0.0,DQN_RND,0.001,0.99,mountaincar,sparse
0,4070,-1.0,200,0.0039928206242620945,-1.0,3.0799258183833444e-06,0.0,DQN_RND,0.001,0.99,mountaincar,sparse
0,4071,-1.0,200,0.0023925534915179014,-1.0,2.249442786705913e-06,0.0,DQN_RND,0.001,0.99,mountaincar,sparse
0,4072,-1.0,200,0.0031913293059915304,-1.0,2.3265927211468806e-06,0.0,DQN_RND,0.001,0.99,mountaincar,sparse
0,4073,-1.0,200,0.0015993660781532526,-1.0,3.0829910429019947e-06,0.0,DQN_RND,0.001,0.99,mountaincar,sparse
0,4074,-1.0,200,0.003992483485490084,-1.0,2.335681074328022e-06,0.0,DQN_RND,0.001,0.99,mountaincar,sparse
0,4075,-1.0,200,0.003990617115050554,-1.0,2.651875774972723e-06,0.0,DQN_RND,0.001,0.99,mountaincar,sparse
0,4076,-1.0,200,0.0031926834490150213,-1.0,3.126496267213952e-06,0.0,DQN_RND,0.001,0.99,mountaincar,sparse
0,4077,-1.0,200,0.00558958575129509,-1.0,3.898845534422435e-06,0.0,DQN_RND,0.001,0.99,mountaincar,sparse
0,4078,-1.0,200,0.004784919787198305,-1.0,2.455544290569378e-06,0.0,DQN_RND,0.001,0.99,mountaincar,sparse
0,4079,-1.0,200,0.0031958785839378834,-1.0,5.3739859140478075e-06,0.0,DQN_RND,0.001,0.99,mountaincar,sparse
0,4080,-1.0,200,0.00479101063683629,-1.0,2.2523036022903398e-06,0.0,DQN_RND,0.001,0.99,mountaincar,sparse
0,4081,-1.0,200,0.007169776596128941,-1.0,2.3319853426073678e-06,0.0,DQN_RND,0.001,0.99,mountaincar,sparse
0,4082,-1.0,200,0.007186195347458124,-1.0,2.3017896637611557e-06,0.0,DQN_RND,0.001,0.99,mountaincar,sparse
0,4083,-1.0,200,0.005576387979090214,-1.0,2.297161017850158e-06,0.0,DQN_RND,0.001,0.99,mountaincar,sparse
0,4084,-1.0,200,0.0031929882243275642,-1.0,2.4326272978214547e-06,0.0,DQN_RND,0.001,0.99,mountaincar,sparse
0,4085,-1.0,200,0.0016003656201064587,-1.0,2.3165671336755622e-06,0.0,DQN_RND,0.001,0.99,mountaincar,sparse
0,4086,-1.0,200,0.003190211020410061,-1.0,3.033818984476966e-06,0.0,DQN_RND,0.001,0.99,mountaincar,sparse
0,4087,-1.0,200,0.003989302087575197,-1.0,2.225635853392305e-06,0.0,DQN_RND,0.001,0.99,mountaincar,sparse
0,4088,-1.0,200,0.004784532357007265,-1.0,2.9462789825629443e-06,0.0,DQN_RND,0.001,0.99,mountaincar,sparse
0,4089,-1.0,200,0.003192383563145995,-1.0,2.2380008886102587e-06,0.0,DQN_RND,0.001,0.99,mountaincar,sparse
0,4090,-1.0,200,0.003985271789133549,-1.0,2.277298108310788e-06,0.0,DQN_RND,0.001,0.99,mountaincar,sparse
0,4091,-1.0,200,0.006379733793437481,-1.0,2.4655591914779507e-06,0.0,DQN_RND,0.001,0.99,mountaincar,sparse
0,4092,-1.0,200,0.002394272480159998,-1.0,2.1469618332048412e-06,0.0,DQN_RND,0.001,0.99,mountaincar,sparse
0,4093,-1.0,200,0.003985569346696138,-1.0,2.0701586436189245e-06,0.0,DQN_RND,0.001,0.99,mountaincar,sparse
0,4094,-1.0,200,0.0008006758871488273,-1.0,2.3713353130006e-06,0.0,DQN_RND,0.001,0.99,mountaincar,sparse
0,4095,-1.0,200,0.006377798039466143,-1.0,2.0841755485889735e-06,0.0,DQN_RND,0.001,0.99,mountaincar,sparse
0,4096,-1.0,200,0.003987553063780069,-1.0,2.233869508927455e-06,0.0,DQN_RND,0.001,0.99,mountaincar,sparse
0,4097,-1.0,200,0.002395878080278635,-1.0,2.1580806333076907e-06,0.0,DQN_RND,0.001,0.99,mountaincar,sparse
0,4098,-1.0,200,0.0055857570841908455,-1.0,2.2118208562460495e-06,0.0,DQN_RND,0.001,0.99,mountaincar,sparse
0,4099,-1.0,200,0.004784507676959038,-1.0,2.27517034545599e-06,0.0,DQN_RND,0.001,0.99,mountaincar,sparse
0,4100,-1.0,200,0.003988977055996656,-1.0,2.0252182366675697e-06,0.0,DQN_RND,0.001,0.99,mountaincar,sparse
0,4101,-1.0,200,0.004784835502505302,-1.0,2.085713276755996e-06,0.0,DQN_RND,0.001,0.99,mountaincar,sparse
0,4102,-1.0,200,0.007178684696555138,-1.0,2.700130153243663e-06,0.0,DQN_RND,0.001,0.99,mountaincar,sparse
0,4103,-1.0,200,0.002392228925600648,-1.0,2.128210326191038e-06,0.0,DQN_RND,0.001,0.99,mountaincar,sparse
0,4104,-1.0,200,0.005580705124884844,-1.0,2.0586619484674884e-06,0.0,DQN_RND,0.001,0.99,mountaincar,sparse
0,4105,-1.0,200,0.0023941639810800552,-1.0,2.1191958694544155e-06,0.0,DQN_RND,0.001,0.99,mountaincar,sparse
0,4106,-1.0,200,0.005580974742770195,-1.0,1.9813769540633075e-06,0.0,DQN_RND,0.001,0.99,mountaincar,sparse
0,4107,-1.0,200,0.0023957702796906233,-1.0,2.156973778255633e-06,0.0,DQN_RND,0.001,0.99,mountaincar,sparse
0,4108,-1.0,200,0.00398623663932085,-1.0,2.0914558263029903e-06,0.0,DQN_RND,0.001,0.99,mountaincar,sparse
0,4109,-1.0,200,0.0039842515252530575,-1.0,3.061236384382937e-06,0.0,DQN_RND,0.001,0.99,mountaincar,sparse
0,4110,-1.0,200,0.005572991445660591,-1.0,2.1454834495671093e-06,0.0,DQN_RND,0.001,0.99,mountaincar,sparse
0,4111,-1.0,200,0.0039854771457612514,-1.0,2.078902753055445e-06,0.0,DQN_RND,0.001,0.99,mountaincar,sparse
0,4112,-1.0,200,0.003984859213232994,-1.0,5.563179001910612e-06,0.0,DQN_RND,0.001,0.99,mountaincar,sparse
0,4113,-1.0,200,0.001595847075805068,-1.0,2.1231862774584442e-06,0.0,DQN_RND,0.001,0.99,mountaincar,sparse
0,4114,-1.0,200,0.0031859895680099726,-1.0,2.9931120479886886e-06,0.0,DQN_RND,0.001,0.99,mountaincar,sparse
0,4115,-1.0,200,0.0015960666351020336,-1.0,2.25278859034006e-06,0.0,DQN_RND,0.001,0.99,mountaincar,sparse
0,4116,-1.0,200,0.007964776828885078,-1.0,2.1800879039801657e-06,0.0,DQN_RND,0.001,0.99,mountaincar,sparse
0,4117,-1.0,200,0.003981942310929298,-1.0,2.266732508360292e-06,0.0,DQN_RND,0.001,0.99,mountaincar,sparse
0,4118,-1.0,200,0.003186565823853016,-1.0,5.537753168027848e-06,0.0,DQN_RND,0.001,0.99,mountaincar,sparse
0,4119,-1.0,200,0.0031847155187278986,-1.0,4.037258349853801e-06,0.0,DQN_RND,0.001,0.99,mountaincar,sparse
0,4120,-1.0,200,0.0015932704554870725,-1.0,2.9730622372881044e-06,0.0,DQN_RND,0.001,0.99,mountaincar,sparse
0,4121,-1.0,200,0.002389926929026842,-1.0,2.4178614239644958e-06,0.0,DQN_RND,0.001,0.99,mountaincar,sparse
0,4122,-1.0,200,0.003981292247772217,-1.0,2.459391225784202e-06,0.0,DQN_RND,0.001,0.99,mountaincar,sparse
0,4123,-1.0,200,0.0023917770013213158,-1.0,2.308352577529149e-06,0.0,DQN_RND,0.001,0.99,mountaincar,sparse
0,4124,-1.0,200,0.00398026080802083,-1.0,4.484420060180128e-06,0.0,DQN_RND,0.001,0.99,mountaincar,sparse
0,4125,-1.0,200,0.005575064104050398,-1.0,2.3600903205078794e-06,0.0,DQN_RND,0.001,0.99,mountaincar,sparse
0,4126,-1.0,200,0.003187726717442274,-1.0,2.3496104404330254e-06,0.0,DQN_RND,0.001,0.99,mountaincar,sparse
0,4127,-1.0,200,0.005575479473918676,-1.0,2.471994321240345e-06,0.0,DQN_RND,0.001,0.99,mountaincar,sparse
0,4128,-1.0,200,0.003979632630944252,-1.0,2.639951844685129e-06,0.0,DQN_RND,0.001,0.99,mountaincar,sparse
0,4129,-1.0,200,0.004776337184011936,-1.0,2.321168494745507e-06,0.0,DQN_RND,0.001,0.99,mountaincar,sparse
0,4130,-1.0,200,0.003183633554726839,-1.0,2.1758182811026927e-06,0.0,DQN_RND,0.001,0.99,mountaincar,sparse
0,4131,-1.0,200,0.005573911592364311,-1.0,2.2241690658120206e-06,0.0,DQN_RND,0.001,0.99,mountaincar,sparse
0,4132,-1.0,200,0.00477668596431613,-1.0,3.799466639975435e-06,0.0,DQN_RND,0.001,0.99,mountaincar,sparse
0,4133,-1.0,200,0.0023871222510933876,-1.0,2.133770749424002e-06,0.0,DQN_RND,0.001,0.99,mountaincar,sparse
0,4134,-1.0,200,0.00636840146034956,-1.0,3.8626990317425225e-06,0.0,DQN_RND,0.001,0.99,mountaincar,sparse
0,4135,-1.0,200,0.0023897560313344,-1.0,2.5385618300788337e-06,0.0,DQN_RND,0.001,0.99,mountaincar,sparse
0,4136,-1.0,200,0.003977992106229067,-1.0,2.204154952778481e-06,0.0,DQN_RND,0.001,0.99,mountaincar,sparse
0,4137,-1.0,200,0.0031844445038586855,-1.0,2.186855454056058e-06,0.0,DQN_RND,0.001,0.99,mountaincar,sparse
0,4138,-1.0,200,0.0031847504433244467,-1.0,4.021697350253817e-06,0.0,DQN_RND,0.001,0.99,mountaincar,sparse
0,4139,-1.0,200,0.004771728068590164,-1.0,4.05725950258784e-06,0.0,DQN_RND,0.001,0.99,mountaincar,sparse
0,4140,-1.0,200,0.005570871755480766,-1.0,2.0272059373382945e-06,0.0,DQN_RND,0.001,0.99,mountaincar,sparse
0,4141,-1.0,200,0.00556972436606884,-1.0,2.4470641619700473e-06,0.0,DQN_RND,0.001,0.99,mountaincar,sparse
0,4142,-1.0,200,0.0031831783708184958,-1.0,2.9073682981106685e-06,0.0,DQN_RND,0.001,0.99,mountaincar,sparse
0,4143,-1.0,200,0.004773406311869621,-1.0,3.7423278627102263e-06,0.0,DQN_RND,0.001,0.99,mountaincar,sparse
0,4144,-1.0,200,0.0047730314545333385,-1.0,4.4674061427940615e-06,0.0,DQN_RND,0.001,0.99,mountaincar,sparse
0,4145,-1.0,200,0.0031801534350961447,-1.0,2.035972102021333e-06,0.0,DQN_RND,0.001,0.99,mountaincar,sparse
0,4146,-1.0,200,0.002386459382250905,-1.0,2.848419853762607e-06,0.0,DQN_RND,0.001,0.99,mountaincar,sparse
0,4147,-1.0,200,0.002387657994404435,-1.0,2.6576879008644028e-06,0.0,DQN_RND,0.001,0.99,mountaincar,sparse
0,4148,-1.0,200,0.003976902924478054,-1.0,3.7836446153960424e-06,0.0,DQN_RND,0.001,0.99,mountaincar,sparse
0,4149,-1.0,200,0.005566759966313839,-1.0,2.071138169412734e-06,0.0,DQN_RND,0.001,0.99,mountaincar,sparse
0,4150,-1.0,200,0.004769484046846628,-1.0,1.964240254892502e-06,0.0,DQN_RND,0.001,0.99,mountaincar,sparse
0,4151,-1.0,200,0.007156039588153362,-1.0,1.9506960597936995e-06,0.0,DQN_RND,0.001,0.99,mountaincar,sparse
0,4152,-1.0,200,0.006359064485877752,-1.0,1.7310351267951773e-06,0.0,DQN_RND,0.001,0.99,mountaincar,sparse
0,4153,-1.0,200,0.007153418380767107,-1.0,1.6577007500018226e-06,0.0,DQN_RND,0.001,0.99,mountaincar,sparse
0,4154,-1.0,200,0.003973198123276234,-1.0,2.7121072889713105e-06,0.0,DQN_RND,0.001,0.99,mountaincar,sparse
0,4155,-1.0,200,0.003973236307501793,-1.0,2.2978251763561275e-06,0.0,DQN_RND,0.001,0.99,mountaincar,sparse
0,4156,-1.0,200,0.003973975777626038,-1.0,1.6326087006746093e-06,0.0,DQN_RND,0.001,0.99,mountaincar,sparse
0,4157,-1.0,200,0.003972899168729782,-1.0,3.517982804623898e-06,0.0,DQN_RND,0.001,0.99,mountaincar,sparse
0,4158,-1.0,200,0.003973328974097967,-1.0,1.5962656334522762e-06,0.0,DQN_RND,0.001,0.99,mountaincar,sparse
0,4159,-1.0,200,0.005560840014368296,-1.0,1.6204842268052744e-06,0.0,DQN_RND,0.001,0.99,mountaincar,sparse
0,4160,-1.0,200,0.006354527082294226,-1.0,2.1819894300278975e-06,0.0,DQN_RND,0.001,0.99,mountaincar,sparse
0,4161,-1.0,200,0.0039718737825751305,-1.0,1.9984322534583043e-06,0.0,DQN_RND,0.001,0.99,mountaincar,sparse
0,4162,-1.0,200,0.002383510349318385,-1.0,1.6249360896836151e-06,0.0,DQN_RND,0.001,0.99,mountaincar,sparse
0,4163,-1.0,200,0.005558918230235577,-1.0,4.201306637696689e-06,0.0,DQN_RND,0.001,0.99,mountaincar,sparse
0,4164,-1.0,200,0.0023838921915739775,-1.0,2.0793652311112965e-06,0.0,DQN_RND,0.001,0.99,mountaincar,sparse
0,4165,-1.0,200,0.002383548067882657,-1.0,1.5350605053754407e-06,0.0,DQN_RND,0.001,0.99,mountaincar,sparse
0,4166,-1.0,200,0.0047651552595198154,-1.0,4.729606644104933e-06,0.0,DQN_RND,0.001,0.99,mountaincar,sparse
0,4167,-1.0,200,0.0063511887565255165,-1.0,4.767045538756065e-06,0.0,DQN_RND,0.001,0.99,mountaincar,sparse
0,4168,-1.0,200,0.003969870507717133,-1.0,4.9810041673481464e-06,0.0,DQN_RND,0.001,0.99,mountaincar,sparse
0,4169,-1.0,200,0.0031761047430336475,-1.0,1.8720235175351263e-06,0.0,DQN_RND,0.001,0.99,mountaincar,sparse
0,4170,-1.0,200,0.005555964540690184,-1.0,2.2369379166775616e-06,0.0,DQN_RND,0.001,0.99,mountaincar,sparse
0,4171,-1.0,200,0.005555920302867889,-1.0,2.8248821308807237e-06,0.0,DQN_RND,0.001,0.99,mountaincar,sparse
0,4172,-1.0,200,0.004760660231113434,-1.0,2.543021992096328e-06,0.0,DQN_RND,0.001,0.99,mountaincar,sparse
0,4173,-1.0,200,0.0039686947129666805,-1.0,2.4919877432694193e-06,0.0,DQN_RND,0.001,0.99,mountaincar,sparse
0,4174,-1.0,200,0.0039682537317276,-1.0,1.7013828710332746e-06,0.0,DQN_RND,0.001,0.99,mountaincar,sparse
0,4175,-1.0,200,0.004760653246194124,-1.0,2.2399594854505267e-06,0.0,DQN_RND,0.001,0.99,mountaincar,sparse
0,4176,-1.0,200,0.0031746248714625835,-1.0,1.3079466043564025e-06,0.0,DQN_RND,0.001,0.99,mountaincar,sparse
0,4177,-1.0,200,0.007138036657124758,-1.0,3.3520143460918916e-06,0.0,DQN_RND,0.001,0.99,mountaincar,sparse
0,4178,-1.0,200,0.0031742772553116083,-1.0,1.3385123338593985e-06,0.0,DQN_RND,0.001,0.99,mountaincar,sparse
0,4179,-1.0,200,0.0031732649076730013,-1.0,1.3481889027389116e-06,0.0,DQN_RND,0.001,0.99,mountaincar,sparse
0,4180,-1.0,200,0.0031757948454469442,-1.0,2.3313680230785394e-06,0.0,DQN_RND,0.001,0.99,mountaincar,sparse
0,4181,-1.0,200,0.002381104975938797,-1.0,1.4418917544389842e-06,0.0,DQN_RND,0.001,0.99,mountaincar,sparse
0,4182,-1.0,200,0.00475905928760767,-1.0,2.6185784918197896e-06,0.0,DQN_RND,0.001,0.99,mountaincar,sparse
0,4183,-1.0,200,0.003174036042764783,-1.0,4.8280930968758184e-06,0.0,DQN_RND,0.001,0.99,mountaincar,sparse
0,4184,-1.0,200,0.0055521754547953606,-1.0,1.2232311519255745e-06,0.0,DQN_RND,0.001,0.99,mountaincar,sparse
0,4185,-1.0,200,0.003173181787133217,-1.0,2.1434536847664276e-06,0.0,DQN_RND,0.001,0.99,mountaincar,sparse
0,4186,-1.0,200,0.004759928677231073,-1.0,1.9710823835339397e-06,0.0,DQN_RND,0.001,0.99,mountaincar,sparse
0,4187,-1.0,200,0.007136738393455744,-1.0,2.2440747216023738e-06,0.0,DQN_RND,0.001,0.99,mountaincar,sparse
0,4188,-1.0,200,0.003966209478676319,-1.0,2.0574893824232277e-06,0.0,DQN_RND,0.001,0.99,mountaincar,sparse
0,4189,-1.0,200,0.005549825727939606,-1.0,4.872249974141596e-06,0.0,DQN_RND,0.001,0.99,mountaincar,sparse
0,4190,-1.0,200,0.007137095555663109,-1.0,2.0020472675241763e-06,0.0,DQN_RND,0.001,0.99,mountaincar,sparse
0,4191,-1.0,200,0.0047579361125826836,-1.0,1.906087959469005e-06,0.0,DQN_RND,0.001,0.99,mountaincar,sparse
0,4192,-1.0,200,0.0039634741842746735,-1.0,1.7275878008149448e-06,0.0,DQN_RND,0.001,0.99,mountaincar,sparse
0,4193,-1.0,200,0.0015894105890765786,-1.0,1.2023353974655038e-06,0.0,DQN_RND,0.001,0.99,mountaincar,sparse
0,4194,-1.0,200,0.002377995988354087,-1.0,3.192613576175063e-06,0.0,DQN_RND,0.001,0.99,mountaincar,sparse
0,4195,-1.0,200,0.003962917719036341,-1.0,1.993279056478059e-06,0.0,DQN_RND,0.001,0.99,mountaincar,sparse
0,4196,-1.0,200,0.003963782452046871,-1.0,2.146803126379382e-06,0.0,DQN_RND,0.001,0.99,mountaincar,sparse
0,4197,-1.0,200,0.0039659831672906876,-1.0,1.967825483006891e-06,0.0,DQN_RND,0.001,0.99,mountaincar,sparse
0,4198,-1.0,200,0.0023784139193594456,-1.0,1.1974409517279128e-06,0.0,DQN_RND,0.001,0.99,mountaincar,sparse
0,4199,-1.0,200,0.0031689833849668503,-1.0,1.442858888367482e-06,0.0,DQN_RND,0.001,0.99,mountaincar,sparse
0,4200,-1.0,200,0.0039635878056287766,-1.0,2.216040456914925e-06,0.0,DQN_RND,0.001,0.99,mountaincar,sparse
0,4201,-1.0,200,0.004757631104439497,-1.0,1.2120598285036976e-06,0.0,DQN_RND,0.001,0.99,mountaincar,sparse
0,4202,-1.0,200,0.0023780539631843567,-1.0,3.5411746921454323e-06,0.0,DQN_RND,0.001,0.99,mountaincar,sparse
0,4203,-1.0,200,0.00475616380572319,-1.0,1.7073492699637427e-06,0.0,DQN_RND,0.001,0.99,mountaincar,sparse
0,4204,-1.0,200,0.008711050264537334,-1.0,5.315677753969794e-06,0.0,DQN_RND,0.001,0.99,mountaincar,sparse
0,4205,-1.0,200,0.0023797196336090565,-1.0,1.7809805967772263e-06,0.0,DQN_RND,0.001,0.99,mountaincar,sparse
0,4206,-1.0,200,0.007131038699299097,-1.0,3.359987431394984e-06,0.0,DQN_RND,0.001,0.99,mountaincar,sparse
0,4207,-1.0,200,0.003169130766764283,-1.0,1.4774619785384857e-06,0.0,DQN_RND,0.001,0.99,mountaincar,sparse
0,4208,-1.0,200,0.006336567923426628,-1.0,1.2251318821654422e-06,0.0,DQN_RND,0.001,0.99,mountaincar,sparse
0,4209,-1.0,200,0.004753937944769859,-1.0,4.256261945556616e-06,0.0,DQN_RND,0.001,0.99,mountaincar,sparse
0,4210,-1.0,200,0.002376240212470293,-1.0,1.6497646129209897e-06,0.0,DQN_RND,0.001,0.99,mountaincar,sparse
0,4211,-1.0,200,0.003963100723922253,-1.0,2.582298520792392e-06,0.0,DQN_RND,0.001,0.99,mountaincar,sparse
0,4212,-1.0,200,0.0063417404890060425,-1.0,1.7755467069946462e-06,0.0,DQN_RND,0.001,0.99,mountaincar,sparse
0,4213,-1.0,200,0.0015842107823118567,-1.0,2.7194435006094864e-06,0.0,DQN_RND,0.001,0.99,mountaincar,sparse
0,4214,-1.0,200,0.005545385647565126,-1.0,2.560095708759036e-06,0.0,DQN_RND,0.001,0.99,mountaincar,sparse
0,4215,-1.0,200,0.0023799678310751915,-1.0,4.014661499240901e-06,0.0,DQN_RND,0.001,0.99,mountaincar,sparse
0,4216,-1.0,200,0.007125462871044874,-1.0,1.2839084320148686e-06,0.0,DQN_RND,0.001,0.99,mountaincar,sparse
0,4217,-1.0,200,0.006339710671454668,-1.0,1.5083496691659093e-06,0.0,DQN_RND,0.001,0.99,mountaincar,sparse
0,4218,-1.0,200,0.003169069066643715,-1.0,1.7701599972497206e-06,0.0,DQN_RND,0.001,0.99,mountaincar,sparse
0,4219,-1.0,200,0.00316791795194149,-1.0,3.4053468880301807e-06,0.0,DQN_RND,0.001,0.99,mountaincar,sparse
0,4220,-1.0,200,0.002374455099925399,-1.0,2.4221683361247415e-06,0.0,DQN_RND,0.001,0.99,mountaincar,sparse
0,4221,-1.0,200,0.0031720511615276337,-1.0,3.3270630410697777e-06,0.0,DQN_RND,0.001,0.99,mountaincar,sparse
0,4222,-1.0,200,0.003167947521433234,-1.0,3.91839330404764e-06,0.0,DQN_RND,0.001,0.99,mountaincar,sparse
0,4223,-1.0,200,0.00553918955847621,-1.0,1.4018147567185224e-06,0.0,DQN_RND,0.001,0.99,mountaincar,sparse
0,4224,-1.0,200,0.007121986243873835,-1.0,1.2765584642693284e-06,0.0,DQN_RND,0.001,0.99,mountaincar,sparse
0,4225,-1.0,200,0.006331436336040497,-1.0,3.5477241908665746e-06,0.0,DQN_RND,0.001,0.99,mountaincar,sparse
0,4226,-1.0,200,0.007122478913515806,-1.0,2.3562640762975207e-06,0.0,DQN_RND,0.001,0.99,mountaincar,sparse
0,4227,-1.0,200,0.004752119537442923,-1.0,2.570169954196899e-06,0.0,DQN_RND,0.001,0.99,mountaincar,sparse
0,4228,-1.0,200,0.0023763414938002825,-1.0,2.117089707098785e-06,0.0,DQN_RND,0.001,0.99,mountaincar,sparse
0,4229,-1.0,200,0.00474910531193018,-1.0,1.8844466467271559e-06,0.0,DQN_RND,0.001,0.99,mountaincar,sparse
0,4230,-1.0,200,0.0031659910455346107,-1.0,5.879998752789106e-06,0.0,DQN_RND,0.001,0.99,mountaincar,sparse
0,4231,-1.0,200,0.003960011061280966,-1.0,1.6545955077162944e-06,0.0,DQN_RND,0.001,0.99,mountaincar,sparse
0,4232,-1.0,200,0.0015861202264204621,-1.0,2.4513558400940383e-06,0.0,DQN_RND,0.001,0.99,mountaincar,sparse
0,4233,-1.0,200,0.003959361929446459,-1.0,1.4860074770695064e-06,0.0,DQN_RND,0.001,0.99,mountaincar,sparse
0,4234,-1.0,200,0.004748268518596888,-1.0,1.7525893554193317e-06,0.0,DQN_RND,0.001,0.99,mountaincar,sparse
0,4235,-1.0,200,0.003165433183312416,-1.0,4.17425735577126e-06,0.0,DQN_RND,0.001,0.99,mountaincar,sparse
0,4236,-1.0,200,0.0031656138598918915,-1.0,1.4388647286978085e-06,0.0,DQN_RND,0.001,0.99,mountaincar,sparse
0,4237,-1.0,200,0.006330694537609816,-1.0,1.4281696394391474e-06,0.0,DQN_RND,0.001,0.99,mountaincar,sparse
0,4238,-1.0,200,0.004744464065879583,-1.0,2.1373489289544523e-06,0.0,DQN_RND,0.001,0.99,mountaincar,sparse
0,4239,-1.0,200,0.003955892287194729,-1.0,1.362411808258912e-06,0.0,DQN_RND,0.001,0.99,mountaincar,sparse
0,4240,-1.0,200,0.0031667158473283052,-1.0,1.784838673302147e-06,0.0,DQN_RND,0.001,0.99,mountaincar,sparse
0,4241,-1.0,200,0.003952488303184509,-1.0,1.2308956911510904e-06,0.0,DQN_RND,0.001,0.99,mountaincar,sparse
0,4242,-1.0,200,0.003955211490392685,-1.0,1.4619472494814545e-06,0.0,DQN_RND,0.001,0.99,mountaincar,sparse
0,4243,-1.0,200,0.003955109976232052,-1.0,2.6982529561792035e-06,0.0,DQN_RND,0.001,0.99,mountaincar,sparse
0,4244,-1.0,200,0.002376787830144167,-1.0,2.4987834876810666e-06,0.0,DQN_RND,0.001,0.99,mountaincar,sparse
0,4245,-1.0,200,0.002374463016167283,-1.0,1.2997542171433452e-06,0.0,DQN_RND,0.001,0.99,mountaincar,sparse
0,4246,-1.0,200,0.0039573488757014275,-1.0,1.2806532367903856e-06,0.0,DQN_RND,0.001,0.99,mountaincar,sparse
0,4247,-1.0,200,0.003954671323299408,-1.0,1.1823166232716176e-06,0.0,DQN_RND,0.001,0.99,mountaincar,sparse
0,4248,-1.0,200,0.0015813052887097,-1.0,1.870774440249079e-06,0.0,DQN_RND,0.001,0.99,mountaincar,sparse
0,4249,-1.0,200,0.004742451012134552,-1.0,1.5418065686390037e-06,0.0,DQN_RND,0.001,0.99,mountaincar,sparse
0,4250,-1.0,200,0.0023736469447612762,-1.0,1.7034446955221938e-06,0.0,DQN_RND,0.001,0.99,mountaincar,sparse
0,4251,-1.0,200,0.005537808407098055,-1.0,1.358906729365117e-06,0.0,DQN_RND,0.001,0.99,mountaincar,sparse
0,4252,-1.0,200,0.005538655910640955,-1.0,2.6554741907602875e-06,0.0,DQN_RND,0.001,0.99,mountaincar,sparse
0,4253,-1.0,200,0.003949673380702734,-1.0,1.908739250211511e-06,0.0,DQN_RND,0.001,0.99,mountaincar,sparse
0,4254,-1.0,200,0.0023734692949801683,-1.0,1.1359328482285491e-06,0.0,DQN_RND,0.001,0.99,mountaincar,sparse
0,4255,-1.0,200,0.007115926593542099,-1.0,4.4518333197629545e-06,0.0,DQN_RND,0.001,0.99,mountaincar,sparse
0,4256,-1.0,200,0.003953060135245323,-1.0,2.252076455988572e-06,0.0,DQN_RND,0.001,0.99,mountaincar,sparse
0,4257,-1.0,200,0.004735039547085762,-1.0,1.3647246532855206e-06,0.0,DQN_RND,0.001,0.99,mountaincar,sparse
0,4258,-1.0,200,0.007118130102753639,-1.0,1.1062602425226942e-06,0.0,DQN_RND,0.001,0.99,mountaincar,sparse
0,4259,-1.0,200,0.007902191951870918,-1.0,1.1213587640668266e-06,0.0,DQN_RND,0.001,0.99,mountaincar,sparse
0,4260,-1.0,200,0.0023748271632939577,-1.0,1.1508831221362925e-06,0.0,DQN_RND,0.001,0.99,mountaincar,sparse
0,4261,-1.0,200,0.009485616348683834,-1.0,1.0534507737247623e-06,0.0,DQN_RND,0.001,0.99,mountaincar,sparse
0,4262,-1.0,200,0.006321818567812443,-1.0,1.598071548869484e-06,0.0,DQN_RND,0.001,0.99,mountaincar,sparse
0,4263,-1.0,200,0.004738635383546352,-1.0,1.1012640470653423e-06,0.0,DQN_RND,0.001,0.99,mountaincar,sparse
0,4264,-1.0,200,0.003948552068322897,-1.0,1.817677457438549e-06,0.0,DQN_RND,0.001,0.99,mountaincar,sparse
0,4265,-1.0,200,0.003161386586725712,-1.0,1.0167138952965615e-06,0.0,DQN_RND,0.001,0.99,mountaincar,sparse
0,4266,-1.0,200,0.0015805867733433843,-1.0,1.066468826138589e-06,0.0,DQN_RND,0.001,0.99,mountaincar,sparse
0,4267,-1.0,200,0.0031599183566868305,-1.0,1.2318893141127774e-06,0.0,DQN_RND,0.001,0.99,mountaincar,sparse
0,4268,-1.0,200,0.0055324966087937355,-1.0,2.0430898075574078e-06,0.0,DQN_RND,0.001,0.99,mountaincar,sparse
0,4269,-1.0,200,0.004737277515232563,-1.0,1.0200026281381724e-06,0.0,DQN_RND,0.001,0.99,mountaincar,sparse
0,4270,-1.0,200,0.002372338902205229,-1.0,2.016373855440179e-06,0.0,DQN_RND,0.001,0.99,mountaincar,sparse
0,4271,-1.0,200,0.005528376903384924,-1.0,1.0085617532240576e-06,0.0,DQN_RND,0.001,0.99,mountaincar,sparse
0,4272,-1.0,200,0.0031587393023073673,-1.0,1.8344021555094514e-06,0.0,DQN_RND,0.001,0.99,mountaincar,sparse
0,4273,-1.0,200,0.004736670758575201,-1.0,1.8764150127026369e-06,0.0,DQN_RND,0.001,0.99,mountaincar,sparse
0,4274,-1.0,200,0.003950526937842369,-1.0,1.9625963432190474e-06,0.0,DQN_RND,0.001,0.99,mountaincar,sparse
0,4275,-1.0,200,0.005524194799363613,-1.0,9.951942274710746e-07,0.0,DQN_RND,0.001,0.99,mountaincar,sparse
0,4276,-1.0,200,0.0031614976469427347,-1.0,1.2071839137206553e-06,0.0,DQN_RND,0.001,0.99,mountaincar,sparse
0,4277,-1.0,200,0.002370296511799097,-1.0,1.2524825478976709e-06,0.0,DQN_RND,0.001,0.99,mountaincar,sparse
0,4278,-1.0,200,0.003159942803904414,-1.0,9.673650538388756e-07,0.0,DQN_RND,0.001,0.99,mountaincar,sparse
0,4279,-1.0,200,0.002369524911046028,-1.0,1.9208271169190994e-06,0.0,DQN_RND,0.001,0.99,mountaincar,sparse
0,4280,-1.0,200,0.008685830049216747,-1.0,1.4761656075279461e-06,0.0,DQN_RND,0.001,0.99,mountaincar,sparse
0,4281,-1.0,200,0.006311409175395966,-1.0,2.1960013327770866e-06,0.0,DQN_RND,0.001,0.99,mountaincar,sparse
0,4282,-1.0,200,0.003159546758979559,-1.0,1.1949699683100334e-06,0.0,DQN_RND,0.001,0.99,mountaincar,sparse
0,4283,-1.0,200,0.0031598557252436876,-1.0,9.225575468008174e-07,0.0,DQN_RND,0.001,0.99,mountaincar,sparse
0,4284,-1.0,200,0.0007896324968896806,-1.0,8.263178870038246e-07,0.0,DQN_RND,0.001,0.99,mountaincar,sparse
0,4285,-1.0,200,0.00789727084338665,-1.0,2.659475740074413e-06,0.0,DQN_RND,0.001,0.99,mountaincar,sparse
0,4286,-1.0,200,0.00394836999475956,-1.0,1.775354462552059e-06,0.0,DQN_RND,0.001,0.99,mountaincar,sparse
0,4287,-1.0,200,0.005523632746189833,-1.0,7.571309197373921e-07,0.0,DQN_RND,0.001,0.99,mountaincar,sparse
0,4288,-1.0,200,0.0023665542248636484,-1.0,6.190824137775053e-07,0.0,DQN_RND,0.001,0.99,mountaincar,sparse
0,4289,-1.0,200,0.005522293969988823,-1.0,1.8902163674283656e-06,0.0,DQN_RND,0.001,0.99,mountaincar,sparse
0,4290,-1.0,200,0.003153823781758547,-1.0,2.191528665207443e-06,0.0,DQN_RND,0.001,0.99,mountaincar,sparse
0,4291,-1.0,200,0.007096656132489443,-1.0,1.0808419119712198e-06,0.0,DQN_RND,0.001,0.99,mountaincar,sparse
0,4292,-1.0,200,0.003945525269955397,-1.0,6.33192939858418e-07,0.0,DQN_RND,0.001,0.99,mountaincar,sparse
0,4293,-1.0,200,0.0031540440395474434,-1.0,3.99741429646383e-06,0.0,DQN_RND,0.001,0.99,mountaincar,sparse
0,4294,-1.0,200,0.005519927013665438,-1.0,3.2995933452184545e-06,0.0,DQN_RND,0.001,0.99,mountaincar,sparse
0,4295,-1.0,200,0.00551809836179018,-1.0,6.071686016184685e-07,0.0,DQN_RND,0.001,0.99,mountaincar,sparse
0,4296,-1.0,200,0.0007909953128546476,-1.0,5.533648845812422e-07,0.0,DQN_RND,0.001,0.99,mountaincar,sparse
0,4297,-1.0,200,0.0031576980836689472,-1.0,2.524067440390354e-06,0.0,DQN_RND,0.001,0.99,mountaincar,sparse
0,4298,-1.0,200,0.005521485116332769,-1.0,6.061441126803402e-07,0.0,DQN_RND,0.001,0.99,mountaincar,sparse
0,4299,-1.0,200,0.00473367003723979,-1.0,5.270558744996379e-07,0.0,DQN_RND,0.001,0.99,mountaincar,sparse
0,4300,-1.0,200,0.004734301473945379,-1.0,1.4742244047738495e-06,0.0,DQN_RND,0.001,0.99,mountaincar,sparse
0,4301,-1.0,200,0.001578902592882514,-1.0,5.307118158270896e-07,0.0,DQN_RND,0.001,0.99,mountaincar,sparse
0,4302,-1.0,200,0.003945131786167622,-1.0,5.29111616742739e-07,0.0,DQN_RND,0.001,0.99,mountaincar,sparse
0,4303,-1.0,200,0.0031531022395938635,-1.0,6.176871920615667e-07,0.0,DQN_RND,0.001,0.99,mountaincar,sparse
0,4304,-1.0,200,0.0063079041428864,-1.0,5.970701408841705e-07,0.0,DQN_RND,0.001,0.99,mountaincar,sparse
0,4305,-1.0,200,0.004728640429675579,-1.0,5.531129545488511e-07,0.0,DQN_RND,0.001,0.99,mountaincar,sparse
0,4306,-1.0,200,0.006299324333667755,-1.0,3.0465182589978212e-06,0.0,DQN_RND,0.001,0.99,mountaincar,sparse
0,4307,-1.0,200,0.00630622124299407,-1.0,1.0552829508014838e-06,0.0,DQN_RND,0.001,0.99,mountaincar,sparse
0,4308,-1.0,200,0.006300989538431168,-1.0,5.324216658664227e-07,0.0,DQN_RND,0.001,0.99,mountaincar,sparse
0,4309,-1.0,200,0.0039419615641236305,-1.0,3.2399859719589585e-06,0.0,DQN_RND,0.001,0.99,mountaincar,sparse
0,4310,-1.0,200,0.00551491416990757,-1.0,3.4907518511317903e-06,0.0,DQN_RND,0.001,0.99,mountaincar,sparse
0,4311,-1.0,200,0.003152390941977501,-1.0,1.1901146308446187e-06,0.0,DQN_RND,0.001,0.99,mountaincar,sparse
0,4312,-1.0,200,0.0039443220011889935,-1.0,8.193884468710166e-07,0.0,DQN_RND,0.001,0.99,mountaincar,sparse
0,4313,-1.0,200,0.006302789784967899,-1.0,1.3939430800746777e-06,0.0,DQN_RND,0.001,0.99,mountaincar,sparse
0,4314,-1.0,200,0.007876723073422909,-1.0,1.1986730896751396e-06,0.0,DQN_RND,0.001,0.99,mountaincar,sparse
0,4315,-1.0,200,0.0023663907777518034,-1.0,8.179423502951977e-07,0.0,DQN_RND,0.001,0.99,mountaincar,sparse
0,4316,-1.0,200,0.0023670524824410677,-1.0,5.97861003370781e-07,0.0,DQN_RND,0.001,0.99,mountaincar,sparse
0,4317,-1.0,200,0.003154685255140066,-1.0,5.279538868308009e-07,0.0,DQN_RND,0.001,0.99,mountaincar,sparse
0,4318,-1.0,200,0.001576512004248798,-1.0,1.6828183788675233e-06,0.0,DQN_RND,0.001,0.99,mountaincar,sparse
0,4319,-1.0,200,0.006304102949798107,-1.0,5.277445893625554e-07,0.0,DQN_RND,0.001,0.99,mountaincar,sparse
0,4320,-1.0,200,0.006298991851508617,-1.0,2.206361841672333e-06,0.0,DQN_RND,0.001,0.99,mountaincar,sparse
0,4321,-1.0,200,0.0023676001001149416,-1.0,1.0999010555678979e-06,0.0,DQN_RND,0.001,0.99,mountaincar,sparse
0,4322,-1.0,200,0.003936687484383583,-1.0,2.9412071853585076e-06,0.0,DQN_RND,0.001,0.99,mountaincar,sparse
0,4323,-1.0,200,0.0023633637465536594,-1.0,1.8223454389953986e-06,0.0,DQN_RND,0.001,0.99,mountaincar,sparse
0,4324,-1.0,200,0.005513540003448725,-1.0,5.283628752295044e-07,0.0,DQN_RND,0.001,0.99,mountaincar,sparse
0,4325,-1.0,200,0.0031507397070527077,-1.0,5.924019319536455e-07,0.0,DQN_RND,0.001,0.99,mountaincar,sparse
0,4326,-1.0,200,0.005514523945748806,-1.0,5.295211735756311e-07,0.0,DQN_RND,0.001,0.99,mountaincar,sparse
0,4327,-1.0,200,0.005509314127266407,-1.0,1.1405973054934293e-06,0.0,DQN_RND,0.001,0.99,mountaincar,sparse
0,4328,-1.0,200,0.007083509117364883,-1.0,7.50954200157139e-07,0.0,DQN_RND,0.001,0.99,mountaincar,sparse
0,4329,-1.0,200,0.005510231014341116,-1.0,5.596354526460345e-07,0.0,DQN_RND,0.001,0.99,mountaincar,sparse
0,4330,-1.0,200,0.003936640918254852,-1.0,7.541613626926846e-07,0.0,DQN_RND,0.001,0.99,mountaincar,sparse
0,4331,-1.0,200,0.005514230113476515,-1.0,5.589482725554262e-07,0.0,DQN_RND,0.001,0.99,mountaincar,sparse
0,4332,-1.0,200,0.005508281756192446,-1.0,7.508131716349453e-07,0.0,DQN_RND,0.001,0.99,mountaincar,sparse
0,4333,-1.0,200,0.004727455787360668,-1.0,1.18035052310006e-06,0.0,DQN_RND,0.001,0.99,mountaincar,sparse
0,4334,-1.0,200,0.007082472089678049,-1.0,3.2959178497549146e-06,0.0,DQN_RND,0.001,0.99,mountaincar,sparse
0,4335,-1.0,200,0.002360960002988577,-1.0,1.976974772333051e-06,0.0,DQN_RND,0.001,0.99,mountaincar,sparse
0,4336,-1.0,200,0.004725359380245209,-1.0,9.670956160334754e-07,0.0,DQN_RND,0.001,0.99,mountaincar,sparse
0,4337,-1.0,200,0.0023606056347489357,-1.0,2.026764605034259e-06,0.0,DQN_RND,0.001,0.99,mountaincar,sparse
0,4338,-1.0,200,0.002363895531743765,-1.0,3.3798557979025645e-06,0.0,DQN_RND,0.001,0.99,mountaincar,sparse
0,4339,-1.0,200,0.0031478460878133774,-1.0,6.237572165446181e-07,0.0,DQN_RND,0.001,0.99,mountaincar,sparse
0,4340,-1.0,200,0.00157471327111125,-1.0,5.311182462719444e-07,0.0,DQN_RND,0.001,0.99,mountaincar,sparse
0,4341,-1.0,200,0.0015743231633678079,-1.0,5.455327141135058e-07,0.0,DQN_RND,0.001,0.99,mountaincar,sparse
0,4342,-1.0,200,0.00393141433596611,-1.0,5.338459345693991e-07,0.0,DQN_RND,0.001,0.99,mountaincar,sparse
0,4343,-1.0,200,0.003934722859412432,-1.0,6.225556035133195e-07,0.0,DQN_RND,0.001,0.99,mountaincar,sparse
0,4344,-1.0,200,0.0047197891399264336,-1.0,5.887702627660474e-07,0.0,DQN_RND,0.001,0.99,mountaincar,sparse
0,4345,-1.0,200,0.003145639318972826,-1.0,1.8868415736505995e-06,0.0,DQN_RND,0.001,0.99,mountaincar,sparse
0,4346,-1.0,200,0.004719626624137163,-1.0,1.961950829354464e-06,0.0,DQN_RND,0.001,0.99,mountaincar,sparse
0,4347,-1.0,200,0.003147600218653679,-1.0,7.446251402143389e-07,0.0,DQN_RND,0.001,0.99,mountaincar,sparse
0,4348,-1.0,200,0.002361118560656905,-1.0,1.9069959762418875e-06,0.0,DQN_RND,0.001,0.99,mountaincar,sparse
0,4349,-1.0,200,0.003938069101423025,-1.0,8.281263603748812e-07,0.0,DQN_RND,0.001,0.99,mountaincar,sparse
0,4350,-1.0,200,0.003935148008167744,-1.0,5.194347636461316e-07,0.0,DQN_RND,0.001,0.99,mountaincar,sparse
0,4351,-1.0,200,0.0015748474979773164,-1.0,5.475175726132875e-07,0.0,DQN_RND,0.001,0.99,mountaincar,sparse
0,4352,-1.0,200,0.002363403094932437,-1.0,9.264262530450651e-07,0.0,DQN_RND,0.001,0.99,mountaincar,sparse
0,4353,-1.0,200,0.003936961758881807,-1.0,1.7235196310139145e-06,0.0,DQN_RND,0.001,0.99,mountaincar,sparse
0,4354,-1.0,200,0.005503309424966574,-1.0,3.0431101549766026e-06,0.0,DQN_RND,0.001,0.99,mountaincar,sparse
0,4355,-1.0,200,0.005502780433744192,-1.0,1.0291900025549694e-06,0.0,DQN_RND,0.001,0.99,mountaincar,sparse
0,4356,-1.0,200,0.00393414543941617,-1.0,5.504714977178082e-07,0.0,DQN_RND,0.001,0.99,mountaincar,sparse
0,4357,-1.0,200,0.003930376376956701,-1.0,1.7190277503686957e-06,0.0,DQN_RND,0.001,0.99,mountaincar,sparse
0,4358,-1.0,200,0.004715938586741686,-1.0,6.955301614652853e-07,0.0,DQN_RND,0.001,0.99,mountaincar,sparse
0,4359,-1.0,200,0.0015764888375997543,-1.0,1.2922381529278937e-06,0.0,DQN_RND,0.001,0.99,mountaincar,sparse
0,4360,-1.0,200,0.0031493655405938625,-1.0,6.02461398102605e-07,0.0,DQN_RND,0.001,0.99,mountaincar,sparse
0,4361,-1.0,200,0.0031457778532058,-1.0,5.073023316981562e-07,0.0,DQN_RND,0.001,0.99,mountaincar,sparse
0,4362,-1.0,200,0.003146868897601962,-1.0,9.907741969072958e-07,0.0,DQN_RND,0.001,0.99,mountaincar,sparse
0,4363,-1.0,200,0.003933818079531193,-1.0,7.56515930788737e-07,0.0,DQN_RND,0.001,0.99,mountaincar,sparse
0,4364,-1.0,200,0.0015782789560034871,-1.0,7.533578241236683e-07,0.0,DQN_RND,0.001,0.99,mountaincar,sparse
0,4365,-1.0,200,0.005501107312738895,-1.0,1.1271325774941943e-06,0.0,DQN_RND,0.001,0.99,mountaincar,sparse
0,4366,-1.0,200,0.0031427342910319567,-1.0,7.413179901050171e-07,0.0,DQN_RND,0.001,0.99,mountaincar,sparse
0,4367,-1.0,200,0.007076799403876066,-1.0,8.940544944380235e-07,0.0,DQN_RND,0.001,0.99,mountaincar,sparse
0,4368,-1.0,200,0.0023592733778059483,-1.0,1.0636565548338694e-06,0.0,DQN_RND,0.001,0.99,mountaincar,sparse
0,4369,-1.0,200,0.003932987339794636,-1.0,6.782902346458286e-07,0.0,DQN_RND,0.001,0.99,mountaincar,sparse
0,4370,-1.0,200,0.003146825358271599,-1.0,6.457198082898685e-07,0.0,DQN_RND,0.001,0.99,mountaincar,sparse
0,4371,-1.0,200,0.004715426824986935,-1.0,5.125448865328508e-07,0.0,DQN_RND,0.001,0.99,mountaincar,sparse
0,4372,-1.0,200,0.0023613458033651114,-1.0,1.1847654377561412e-06,0.0,DQN_RND,0.001,0.99,mountaincar,sparse
0,4373,-1.0,200,0.005507317371666431,-1.0,9.133334515354363e-07,0.0,DQN_RND,0.001,0.99,mountaincar,sparse
0,4374,-1.0,200,0.006289123557507992,-1.0,1.0143889994651545e-06,0.0,DQN_RND,0.001,0.99,mountaincar,sparse
0,4375,-1.0,200,0.00235976604744792,-1.0,6.711785545121529e-07,0.0,DQN_RND,0.001,0.99,mountaincar,sparse
0,4376,-1.0,200,0.004713065922260284,-1.0,1.857698066487501e-06,0.0,DQN_RND,0.001,0.99,mountaincar,sparse
0,4377,-1.0,200,0.0007877105381339788,-1.0,5.839068535351544e-07,0.0,DQN_RND,0.001,0.99,mountaincar,sparse
0,4378,-1.0,200,0.003932547755539417,-1.0,4.869704639531847e-07,0.0,DQN_RND,0.001,0.99,mountaincar,sparse
0,4379,-1.0,200,0.003928524907678366,-1.0,9.072762168216286e-07,0.0,DQN_RND,0.001,0.99,mountaincar,sparse
0,4380,-1.0,200,0.0031464826315641403,-1.0,1.7217165577676496e-06,0.0,DQN_RND,0.001,0.99,mountaincar,sparse
0,4381,-1.0,200,0.005496544297784567,-1.0,4.918421723232314e-07,0.0,DQN_RND,0.001,0.99,mountaincar,sparse
0,4382,-1.0,200,0.001571507309563458,-1.0,5.324851031218714e-07,0.0,DQN_RND,0.001,0.99,mountaincar,sparse
0,4383,-1.0,200,0.004718378186225891,-1.0,6.665268301730976e-07,0.0,DQN_RND,0.001,0.99,mountaincar,sparse
0,4384,-1.0,200,0.003930714912712574,-1.0,7.498314289478003e-07,0.0,DQN_RND,0.001,0.99,mountaincar,sparse
0,4385,-1.0,200,0.004718292038887739,-1.0,2.3584175323776435e-06,0.0,DQN_RND,0.001,0.99,mountaincar,sparse
0,4386,-1.0,200,0.0015729153528809547,-1.0,1.0444103963891394e-06,0.0,DQN_RND,0.001,0.99,mountaincar,sparse
0,4387,-1.0,200,0.0031455266289412975,-1.0,5.261747446638765e-07,0.0,DQN_RND,0.001,0.99,mountaincar,sparse
0,4388,-1.0,200,0.004710948560386896,-1.0,1.0298128927388461e-06,0.0,DQN_RND,0.001,0.99,mountaincar,sparse
0,4389,-1.0,200,0.002357575809583068,-1.0,5.801455245091347e-07,0.0,DQN_RND,0.001,0.99,mountaincar,sparse
0,4390,-1.0,200,0.002362990751862526,-1.0,6.940473440408823e-07,0.0,DQN_RND,0.001,0.99,mountaincar,sparse
0,4391,-1.0,200,0.005492491647601128,-1.0,5.472846282827959e-07,0.0,DQN_RND,0.001,0.99,mountaincar,sparse
0,4392,-1.0,200,0.0047093783505260944,-1.0,1.845945234890678e-06,0.0,DQN_RND,0.001,0.99,mountaincar,sparse
0,4393,-1.0,200,0.0015737382927909493,-1.0,4.950071570419823e-07,0.0,DQN_RND,0.001,0.99,mountaincar,sparse
0,4394,-1.0,200,0.001573382643982768,-1.0,1.102609758163453e-06,0.0,DQN_RND,0.001,0.99,mountaincar,sparse
0,4395,-1.0,200,0.0015733030159026384,-1.0,7.339069156842015e-07,0.0,DQN_RND,0.001,0.99,mountaincar,sparse
0,4396,-1.0,200,0.002362943487241864,-1.0,5.152508606443007e-07,0.0,DQN_RND,0.001,0.99,mountaincar,sparse
0,4397,-1.0,200,0.0031462826300412416,-1.0,1.4748028434041771e-06,0.0,DQN_RND,0.001,0.99,mountaincar,sparse
0,4398,-1.0,200,0.0023620971478521824,-1.0,3.165867838106351e-06,0.0,DQN_RND,0.001,0.99,mountaincar,sparse
0,4399,-1.0,200,0.00393030047416687,-1.0,4.7311894491031126e-07,0.0,DQN_RND,0.001,0.99,mountaincar,sparse
0,4400,-1.0,200,0.004709820728749037,-1.0,5.708863568543165e-07,0.0,DQN_RND,0.001,0.99,mountaincar,sparse
0,4401,-1.0,200,0.0023592107463628054,-1.0,5.480097797772032e-07,0.0,DQN_RND,0.001,0.99,mountaincar,sparse
0,4402,-1.0,200,0.0015731205930933356,-1.0,1.8781835251502343e-06,0.0,DQN_RND,0.001,0.99,mountaincar,sparse
0,4403,-1.0,200,0.003924983087927103,-1.0,1.0277071851305664e-06,0.0,DQN_RND,0.001,0.99,mountaincar,sparse
0,4404,-1.0,200,0.0039303782396018505,-1.0,4.938368078910571e-07,0.0,DQN_RND,0.001,0.99,mountaincar,sparse
0,4405,-1.0,200,0.0023586503230035305,-1.0,6.242465815375908e-07,0.0,DQN_RND,0.001,0.99,mountaincar,sparse
0,4406,-1.0,200,0.002360671991482377,-1.0,1.6603315771135385e-06,0.0,DQN_RND,0.001,0.99,mountaincar,sparse
0,4407,-1.0,200,0.004715370945632458,-1.0,3.423812586333952e-06,0.0,DQN_RND,0.001,0.99,mountaincar,sparse
0,4408,-1.0,200,0.0015728017315268517,-1.0,4.6680847276547865e-07,0.0,DQN_RND,0.001,0.99,mountaincar,sparse
0,4409,-1.0,200,0.0047128573060035706,-1.0,1.0390406259830343e-06,0.0,DQN_RND,0.001,0.99,mountaincar,sparse
0,4410,-1.0,200,0.0031439370941370726,-1.0,5.046045430390222e-07,0.0,DQN_RND,0.001,0.99,mountaincar,sparse
0,4411,-1.0,200,0.004712408874183893,-1.0,4.892076503892895e-07,0.0,DQN_RND,0.001,0.99,mountaincar,sparse
0,4412,-1.0,200,0.004707706160843372,-1.0,6.34638183782954e-07,0.0,DQN_RND,0.001,0.99,mountaincar,sparse
0,4413,-1.0,200,0.003136692801490426,-1.0,1.0694766388041899e-06,0.0,DQN_RND,0.001,0.99,mountaincar,sparse
0,4414,-1.0,200,0.003138811094686389,-1.0,1.3046628737356514e-06,0.0,DQN_RND,0.001,0.99,mountaincar,sparse
0,4415,-1.0,200,0.004706888925284147,-1.0,5.593164473793877e-07,0.0,DQN_RND,0.001,0.99,mountaincar,sparse
0,4416,-1.0,200,0.004707139916718006,-1.0,5.382489689509384e-07,0.0,DQN_RND,0.001,0.99,mountaincar,sparse
0,4417,-1.0,200,0.007058187387883663,-1.0,1.6700723790563643e-06,0.0,DQN_RND,0.001,0.99,mountaincar,sparse
0,4418,-1.0,200,0.004708247259259224,-1.0,1.1778654425143031e-06,0.0,DQN_RND,0.001,0.99,mountaincar,sparse
0,4419,-1.0,200,0.00313999829813838,-1.0,7.187237542893854e-07,0.0,DQN_RND,0.001,0.99,mountaincar,sparse
0,4420,-1.0,200,0.004711547866463661,-1.0,8.737898724575643e-07,0.0,DQN_RND,0.001,0.99,mountaincar,sparse
0,4421,-1.0,200,0.003134623169898987,-1.0,8.063960308390961e-07,0.0,DQN_RND,0.001,0.99,mountaincar,sparse
0,4422,-1.0,200,0.005487553309649229,-1.0,4.5958199734741356e-07,0.0,DQN_RND,0.001,0.99,mountaincar,sparse
0,4423,-1.0,200,0.0031397195998579264,-1.0,4.657495935589395e-07,0.0,DQN_RND,0.001,0.99,mountaincar,sparse
0,4424,-1.0,200,0.003924728836864233,-1.0,1.1165928981426987e-06,0.0,DQN_RND,0.001,0.99,mountaincar,sparse
0,4425,-1.0,200,0.007066257297992706,-1.0,1.0025230494647985e-06,0.0,DQN_RND,0.001,0.99,mountaincar,sparse
0,4426,-1.0,200,0.007064972072839737,-1.0,7.749691235403589e-07,0.0,DQN_RND,0.001,0.99,mountaincar,sparse
0,4427,-1.0,200,0.00470926845446229,-1.0,5.265511049401539e-07,0.0,DQN_RND,0.001,0.99,mountaincar,sparse
0,4428,-1.0,200,0.006276283413171768,-1.0,4.596006135670905e-07,0.0,DQN_RND,0.001,0.99,mountaincar,sparse
0,4429,-1.0,200,0.005490584298968315,-1.0,5.856667826265038e-07,0.0,DQN_RND,0.001,0.99,mountaincar,sparse
0,4430,-1.0,200,0.00861682090908289,-1.0,7.002632287367305e-07,0.0,DQN_RND,0.001,0.99,mountaincar,sparse
0,4431,-1.0,200,0.0023525950964540243,-1.0,7.438972602358263e-07,0.0,DQN_RND,0.001,0.99,mountaincar,sparse
0,4432,-1.0,200,0.0007885987288318574,-1.0,1.1766686611736077e-06,0.0,DQN_RND,0.001,0.99,mountaincar,sparse
0,4433,-1.0,200,0.003924913238734007,-1.0,4.771951580551104e-07,0.0,DQN_RND,0.001,0.99,mountaincar,sparse
0,4434,-1.0,200,0.0015729299047961831,-1.0,4.739174812584679e-07,0.0,DQN_RND,0.001,0.99,mountaincar,sparse
0,4435,-1.0,200,0.0054859379306435585,-1.0,1.6034564396250062e-06,0.0,DQN_RND,0.001,0.99,mountaincar,sparse
0,4436,-1.0,200,0.0015674468595534563,-1.0,4.5635064793714264e-07,0.0,DQN_RND,0.001,0.99,mountaincar,sparse
0,4437,-1.0,200,0.0070576840080320835,-1.0,2.00732279154181e-06,0.0,DQN_RND,0.001,0.99,mountaincar,sparse
0,4438,-1.0,200,0.00392134627327323,-1.0,2.694627937671612e-06,0.0,DQN_RND,0.001,0.99,mountaincar,sparse
0,4439,-1.0,200,0.005484357941895723,-1.0,2.0915492768835975e-06,0.0,DQN_RND,0.001,0.99,mountaincar,sparse
0,4440,-1.0,200,0.0062743364833295345,-1.0,4.785464398082695e-07,0.0,DQN_RND,0.001,0.99,mountaincar,sparse
0,4441,-1.0,200,0.0007880518096499145,-1.0,8.851727102410223e-07,0.0,DQN_RND,0.001,0.99,mountaincar,sparse
0,4442,-1.0,200,0.0023570263292640448,-1.0,1.3055579302090337e-06,0.0,DQN_RND,0.001,0.99,mountaincar,sparse
0,4443,-1.0,200,0.0054875025525689125,-1.0,4.465957772481488e-06,0.0,DQN_RND,0.001,0.99,mountaincar,sparse
0,4444,-1.0,200,0.003920651972293854,-1.0,5.065169261797564e-07,0.0,DQN_RND,0.001,0.99,mountaincar,sparse
0,4445,-1.0,200,0.008617760613560677,-1.0,1.160463966698444e-06,0.0,DQN_RND,0.001,0.99,mountaincar,sparse
0,4446,-1.0,200,0.003916453570127487,-1.0,3.480333816696657e-06,0.0,DQN_RND,0.001,0.99,mountaincar,sparse
0,4447,-1.0,200,0.002350738737732172,-1.0,6.415162943085306e-07,0.0,DQN_RND,0.001,0.99,mountaincar,sparse
0,4448,-1.0,200,0.0007878594915382564,-1.0,1.0794865374919027e-06,0.0,DQN_RND,0.001,0.99,mountaincar,sparse
0,4449,-1.0,200,0.004706220701336861,-1.0,4.452776067864761e-07,0.0,DQN_RND,0.001,0.99,mountaincar,sparse
0,4450,-1.0,200,0.003913222812116146,-1.0,8.976965091278544e-07,0.0,DQN_RND,0.001,0.99,mountaincar,sparse
0,4451,-1.0,200,0.0023532481864094734,-1.0,4.6069260406511603e-07,0.0,DQN_RND,0.001,0.99,mountaincar,sparse
0,4452,-1.0,200,0.003131672041490674,-1.0,3.131821813440183e-06,0.0,DQN_RND,0.001,0.99,mountaincar,sparse
0,4453,-1.0,200,0.0039161681197583675,-1.0,4.4205174276612524e-07,0.0,DQN_RND,0.001,0.99,mountaincar,sparse
0,4454,-1.0,200,0.0031339481938630342,-1.0,6.257365043893515e-07,0.0,DQN_RND,0.001,0.99,mountaincar,sparse
0,4455,-1.0,200,0.0031342762522399426,-1.0,4.3839779095833364e-07,0.0,DQN_RND,0.001,0.99,mountaincar,sparse
0,4456,-1.0,200,0.004704413004219532,-1.0,2.6311570309189847e-06,0.0,DQN_RND,0.001,0.99,mountaincar,sparse
0,4457,-1.0,200,0.006262119859457016,-1.0,4.452376742847264e-07,0.0,DQN_RND,0.001,0.99,mountaincar,sparse
0,4458,-1.0,200,0.007050521206110716,-1.0,2.648383997438941e-06,0.0,DQN_RND,0.001,0.99,mountaincar,sparse
0,4459,-1.0,200,0.004701138474047184,-1.0,4.849902097703307e-07,0.0,DQN_RND,0.001,0.99,mountaincar,sparse
0,4460,-1.0,200,0.006266220007091761,-1.0,4.694451263276278e-07,0.0,DQN_RND,0.001,0.99,mountaincar,sparse
0,4461,-1.0,200,0.00392261752858758,-1.0,1.1632702126007644e-06,0.0,DQN_RND,0.001,0.99,mountaincar,sparse
0,4462,-1.0,200,0.003916070330888033,-1.0,1.1772450534408563e-06,0.0,DQN_RND,0.001,0.99,mountaincar,sparse
0,4463,-1.0,200,0.0023484360426664352,-1.0,2.6225734472973272e-06,0.0,DQN_RND,0.001,0.99,mountaincar,sparse
0,4464,-1.0,200,0.002351213712245226,-1.0,1.3133576430846006e-06,0.0,DQN_RND,0.001,0.99,mountaincar,sparse
0,4465,-1.0,200,0.003913021180778742,-1.0,8.391606343138847e-07,0.0,DQN_RND,0.001,0.99,mountaincar,sparse
0,4466,-1.0,200,0.0031320129055529833,-1.0,4.366571602076874e-07,0.0,DQN_RND,0.001,0.99,mountaincar,sparse
0,4467,-1.0,200,0.0007867674576118588,-1.0,1.0637533023327705e-06,0.0,DQN_RND,0.001,0.99,mountaincar,sparse
0,4468,-1.0,200,0.0031351798679679632,-1.0,4.3182996023460873e-07,0.0,DQN_RND,0.001,0.99,mountaincar,sparse
0,4469,-1.0,200,0.003135501639917493,-1.0,4.567984603909281e-07,0.0,DQN_RND,0.001,0.99,mountaincar,sparse
0,4470,-1.0,200,0.003137491177767515,-1.0,1.7051697795977816e-06,0.0,DQN_RND,0.001,0.99,mountaincar,sparse
0,4471,-1.0,200,0.00469798780977726,-1.0,5.377231104830571e-07,0.0,DQN_RND,0.001,0.99,mountaincar,sparse
0,4472,-1.0,200,0.005487390328198671,-1.0,6.01389388066309e-07,0.0,DQN_RND,0.001,0.99,mountaincar,sparse
0,4473,-1.0,200,0.004698413424193859,-1.0,3.3272003747697454e-06,0.0,DQN_RND,0.001,0.99,mountaincar,sparse
0,4474,-1.0,200,0.006264062132686377,-1.0,5.767886932517285e-07,0.0,DQN_RND,0.001,0.99,mountaincar,sparse
0,4475,-1.0,200,0.004696972668170929,-1.0,4.86042893044214e-07,0.0,DQN_RND,0.001,0.99,mountaincar,sparse
0,4476,-1.0,200,0.004694387782365084,-1.0,6.792200224481348e-07,0.0,DQN_RND,0.001,0.99,mountaincar,sparse
0,4477,-1.0,200,0.0031325197778642178,-1.0,9.260012916456617e-07,0.0,DQN_RND,0.001,0.99,mountaincar,sparse
0,4478,-1.0,200,0.0023497510701417923,-1.0,4.629207808193314e-07,0.0,DQN_RND,0.001,0.99,mountaincar,sparse
0,4479,-1.0,200,0.0039129857905209064,-1.0,6.644029895142012e-07,0.0,DQN_RND,0.001,0.99,mountaincar,sparse
0,4480,-1.0,200,0.003913005813956261,-1.0,9.865876791081973e-07,0.0,DQN_RND,0.001,0.99,mountaincar,sparse
0,4481,-1.0,200,0.00704508600756526,-1.0,3.0156995762808947e-06,0.0,DQN_RND,0.001,0.99,mountaincar,sparse
0,4482,-1.0,200,0.004697598982602358,-1.0,3.1714146189187886e-06,0.0,DQN_RND,0.001,0.99,mountaincar,sparse
0,4483,-1.0,200,0.00391740445047617,-1.0,4.805073672287108e-07,0.0,DQN_RND,0.001,0.99,mountaincar,sparse
0,4484,-1.0,200,0.0039173332042992115,-1.0,4.6261214947662666e-07,0.0,DQN_RND,0.001,0.99,mountaincar,sparse
0,4485,-1.0,200,0.0054777078330516815,-1.0,9.312841484643286e-07,0.0,DQN_RND,0.001,0.99,mountaincar,sparse
0,4486,-1.0,200,0.002347907517105341,-1.0,4.4782638042306644e-07,0.0,DQN_RND,0.001,0.99,mountaincar,sparse
0,4487,-1.0,200,0.0031327970791608095,-1.0,4.3392572024458786e-07,0.0,DQN_RND,0.001,0.99,mountaincar,sparse
0,4488,-1.0,200,0.00234550004824996,-1.0,4.543331328932254e-07,0.0,DQN_RND,0.001,0.99,mountaincar,sparse
0,4489,-1.0,200,0.0031305167358368635,-1.0,1.723455739011115e-06,0.0,DQN_RND,0.001,0.99,mountaincar,sparse
0,4490,-1.0,200,0.007823821157217026,-1.0,4.3538361182982044e-07,0.0,DQN_RND,0.001,0.99,mountaincar,sparse
0,4491,-1.0,200,0.0031328771729022264,-1.0,1.6400827007601038e-06,0.0,DQN_RND,0.001,0.99,mountaincar,sparse
0,4492,-1.0,200,0.004694548901170492,-1.0,1.1774488939408911e-06,0.0,DQN_RND,0.001,0.99,mountaincar,sparse
0,4493,-1.0,200,0.0054743909277021885,-1.0,4.246489879733417e-07,0.0,DQN_RND,0.001,0.99,mountaincar,sparse
0,4494,-1.0,200,0.006256047170609236,-1.0,1.0001896271205624e-06,0.0,DQN_RND,0.001,0.99,mountaincar,sparse
0,4495,-1.0,200,0.003910986706614494,-1.0,4.2151583556915284e-07,0.0,DQN_RND,0.001,0.99,mountaincar,sparse
0,4496,-1.0,200,0.0023489834275096655,-1.0,5.257814450487786e-07,0.0,DQN_RND,0.001,0.99,mountaincar,sparse
0,4497,-1.0,200,0.006257088389247656,-1.0,2.6405671178508783e-06,0.0,DQN_RND,0.001,0.99,mountaincar,sparse
0,4498,-1.0,200,0.003908273298293352,-1.0,1.9189210433978587e-06,0.0,DQN_RND,0.001,0.99,mountaincar,sparse
0,4499,-1.0,200,0.00391031987965107,-1.0,4.2487815221647907e-07,0.0,DQN_RND,0.001,0.99,mountaincar,sparse
0,4500,-1.0,200,0.005471593234688044,-1.0,1.156481403086218e-06,0.0,DQN_RND,0.001,0.99,mountaincar,sparse
0,4501,-1.0,200,0.003907308913767338,-1.0,2.6070049443660537e-06,0.0,DQN_RND,0.001,0.99,mountaincar,sparse
0,4502,-1.0,200,0.001565480837598443,-1.0,6.254129516491957e-07,0.0,DQN_RND,0.001,0.99,mountaincar,sparse
0,4503,-1.0,200,0.00547314528375864,-1.0,1.0881095704462496e-06,0.0,DQN_RND,0.001,0.99,mountaincar,sparse
0,4504,-1.0,200,0.0039107296615839005,-1.0,4.736962182505522e-06,0.0,DQN_RND,0.001,0.99,mountaincar,sparse
0,4505,-1.0,200,0.00390861090272665,-1.0,2.5303518214059295e-06,0.0,DQN_RND,0.001,0.99,mountaincar,sparse
0,4506,-1.0,200,0.003126803319901228,-1.0,4.104771846868971e-07,0.0,DQN_RND,0.001,0.99,mountaincar,sparse
0,4507,-1.0,200,0.00312668620608747,-1.0,4.326872158344486e-07,0.0,DQN_RND,0.001,0.99,mountaincar,sparse
0,4508,-1.0,200,0.0015633124858140945,-1.0,6.07350955306174e-07,0.0,DQN_RND,0.001,0.99,mountaincar,sparse
0,4509,-1.0,200,0.003908017184585333,-1.0,4.0911149312705675e-07,0.0,DQN_RND,0.001,0.99,mountaincar,sparse
0,4510,-1.0,200,0.004689627792686224,-1.0,4.36223217548104e-07,0.0,DQN_RND,0.001,0.99,mountaincar,sparse
0,4511,-1.0,200,0.0015647097025066614,-1.0,1.7200136426254176e-06,0.0,DQN_RND,0.001,0.99,mountaincar,sparse
0,4512,-1.0,200,0.004690306726843119,-1.0,1.5025909760879586e-06,0.0,DQN_RND,0.001,0.99,mountaincar,sparse
0,4513,-1.0,200,0.00468819122761488,-1.0,1.7239312910533044e-06,0.0,DQN_RND,0.001,0.99,mountaincar,sparse
0,4514,-1.0,200,0.0039068469777703285,-1.0,2.70040823124873e-06,0.0,DQN_RND,0.001,0.99,mountaincar,sparse
0,4515,-1.0,200,0.005471084266901016,-1.0,1.640454229345778e-06,0.0,DQN_RND,0.001,0.99,mountaincar,sparse
0,4516,-1.0,200,0.00234392611309886,-1.0,9.430418685951736e-07,0.0,DQN_RND,0.001,0.99,mountaincar,sparse
0,4517,-1.0,200,0.003907765261828899,-1.0,3.065818418690469e-06,0.0,DQN_RND,0.001,0.99,mountaincar,sparse
0,4518,-1.0,200,0.0031244568526744843,-1.0,4.273097715667973e-07,0.0,DQN_RND,0.001,0.99,mountaincar,sparse
0,4519,-1.0,200,0.003906900528818369,-1.0,1.1301773383820546e-06,0.0,DQN_RND,0.001,0.99,mountaincar,sparse
0,4520,-1.0,200,0.003906763158738613,-1.0,8.550953225494595e-07,0.0,DQN_RND,0.001,0.99,mountaincar,sparse
0,4521,-1.0,200,0.0031252040062099695,-1.0,2.705942506509018e-06,0.0,DQN_RND,0.001,0.99,mountaincar,sparse
0,4522,-1.0,200,0.007810828275978565,-1.0,1.7367269720125478e-06,0.0,DQN_RND,0.001,0.99,mountaincar,sparse
0,4523,-1.0,200,0.006245553493499756,-1.0,2.5097681373154046e-06,0.0,DQN_RND,0.001,0.99,mountaincar,sparse
0,4524,-1.0,200,0.003905171761289239,-1.0,1.1277309113211231e-06,0.0,DQN_RND,0.001,0.99,mountaincar,sparse
0,4525,-1.0,200,0.003903905861079693,-1.0,1.7864365418063244e-06,0.0,DQN_RND,0.001,0.99,mountaincar,sparse
0,4526,-1.0,200,0.004685263615101576,-1.0,3.110167881459347e-06,0.0,DQN_RND,0.001,0.99,mountaincar,sparse
0,4527,-1.0,200,0.005464904010295868,-1.0,4.819618766305211e-07,0.0,DQN_RND,0.001,0.99,mountaincar,sparse
0,4528,-1.0,200,0.004684028215706348,-1.0,5.097076609672513e-07,0.0,DQN_RND,0.001,0.99,mountaincar,sparse
0,4529,-1.0,200,0.0031229997985064983,-1.0,9.958002920029685e-07,0.0,DQN_RND,0.001,0.99,mountaincar,sparse
0,4530,-1.0,200,0.004683362320065498,-1.0,5.927192887611454e-07,0.0,DQN_RND,0.001,0.99,mountaincar,sparse
0,4531,-1.0,200,0.0015619262121617794,-1.0,6.615062488890544e-07,0.0,DQN_RND,0.001,0.99,mountaincar,sparse
0,4532,-1.0,200,0.004683408886194229,-1.0,9.083244663088408e-07,0.0,DQN_RND,0.001,0.99,mountaincar,sparse
0,4533,-1.0,200,0.004682172555476427,-1.0,1.6696462807885837e-06,0.0,DQN_RND,0.001,0.99,mountaincar,sparse
0,4534,-1.0,200,0.0039014362264424562,-1.0,2.2560529941983987e-06,0.0,DQN_RND,0.001,0.99,mountaincar,sparse
0,4535,-1.0,200,0.0039017978124320507,-1.0,4.015807917312486e-07,0.0,DQN_RND,0.001,0.99,mountaincar,sparse
0,4536,-1.0,200,0.0031206500716507435,-1.0,5.000842406843731e-07,0.0,DQN_RND,0.001,0.99,mountaincar,sparse
0,4537,-1.0,200,0.00624113017693162,-1.0,3.9579916233378754e-07,0.0,DQN_RND,0.001,0.99,mountaincar,sparse
0,4538,-1.0,200,0.00234073493629694,-1.0,1.519862507848302e-06,0.0,DQN_RND,0.001,0.99,mountaincar,sparse
0,4539,-1.0,200,0.0015613355208188295,-1.0,9.616566103431978e-07,0.0,DQN_RND,0.001,0.99,mountaincar,sparse
0,4540,-1.0,200,0.003120843321084976,-1.0,5.762928481090057e-07,0.0,DQN_RND,0.001,0.99,mountaincar,sparse
0,4541,-1.0,200,0.006239425390958786,-1.0,6.886739356559701e-07,0.0,DQN_RND,0.001,0.99,mountaincar,sparse
0,4542,-1.0,200,0.004679973237216473,-1.0,7.614590913362917e-07,0.0,DQN_RND,0.001,0.99,mountaincar,sparse
0,4543,-1.0,200,0.0031198346987366676,-1.0,3.076847178817843e-06,0.0,DQN_RND,0.001,0.99,mountaincar,sparse
0,4544,-1.0,200,0.005457832012325525,-1.0,2.619542101456318e-06,0.0,DQN_RND,0.001,0.99,mountaincar,sparse
0,4545,-1.0,200,0.004677909426391125,-1.0,1.2492862424551276e-06,0.0,DQN_RND,0.001,0.99,mountaincar,sparse
0,4546,-1.0,200,0.004677276127040386,-1.0,8.19088938897039e-07,0.0,DQN_RND,0.001,0.99,mountaincar,sparse
0,4547,-1.0,200,0.0015602661296725273,-1.0,4.4229992113287153e-07,0.0,DQN_RND,0.001,0.99,mountaincar,sparse
0,4548,-1.0,200,0.004677332006394863,-1.0,1.3032971537541016e-06,0.0,DQN_RND,0.001,0.99,mountaincar,sparse
0,4549,-1.0,200,0.0023392760194838047,-1.0,4.427851649779768e-07,0.0,DQN_RND,0.001,0.99,mountaincar,sparse
0,4550,-1.0,200,0.007792998570948839,-1.0,3.680432882902096e-06,0.0,DQN_RND,0.001,0.99,mountaincar,sparse
0,4551,-1.0,200,0.010907488875091076,-1.0,1.5649463875888614e-06,0.0,DQN_RND,0.001,0.99,mountaincar,sparse
0,4552,-1.0,200,0.0070111919194459915,-1.0,1.8160718582294066e-06,0.0,DQN_RND,0.001,0.99,mountaincar,sparse
0,4553,-1.0,200,0.004675370641052723,-1.0,8.072594823715917e-07,0.0,DQN_RND,0.001,0.99,mountaincar,sparse
0,4554,-1.0,200,0.004674810916185379,-1.0,1.5132907265069662e-06,0.0,DQN_RND,0.001,0.99,mountaincar,sparse
0,4555,-1.0,200,0.0023378676269203424,-1.0,7.694531518609438e-07,0.0,DQN_RND,0.001,0.99,mountaincar,sparse
0,4556,-1.0,200,0.005453421268612146,-1.0,1.1707178373399074e-06,0.0,DQN_RND,0.001,0.99,mountaincar,sparse
0,4557,-1.0,200,0.0031169429421424866,-1.0,2.928861249529291e-06,0.0,DQN_RND,0.001,0.99,mountaincar,sparse
0,4558,-1.0,200,0.0015599965117871761,-1.0,8.53228414143814e-07,0.0,DQN_RND,0.001,0.99,mountaincar,sparse
0,4559,-1.0,200,0.005453002639114857,-1.0,7.864204008001252e-07,0.0,DQN_RND,0.001,0.99,mountaincar,sparse
0,4560,-1.0,200,0.0038941395469009876,-1.0,2.553554622863885e-06,0.0,DQN_RND,0.001,0.99,mountaincar,sparse
0,4561,-1.0,200,0.0023374150041490793,-1.0,8.159543654073786e-07,0.0,DQN_RND,0.001,0.99,mountaincar,sparse
0,4562,-1.0,200,0.0015590169932693243,-1.0,8.714853834135283e-07,0.0,DQN_RND,0.001,0.99,mountaincar,sparse
0,4563,-1.0,200,0.001558781834319234,-1.0,8.356754506166908e-07,0.0,DQN_RND,0.001,0.99,mountaincar,sparse
0,4564,-1.0,200,0.004672121722251177,-1.0,8.560385253986169e-07,0.0,DQN_RND,0.001,0.99,mountaincar,sparse
0,4565,-1.0,200,0.002337016398087144,-1.0,1.1254063565502292e-06,0.0,DQN_RND,0.001,0.99,mountaincar,sparse
0,4566,-1.0,200,0.0038932759780436754,-1.0,8.573376817366807e-07,0.0,DQN_RND,0.001,0.99,mountaincar,sparse
0,4567,-1.0,200,0.0031154192984104156,-1.0,9.297328347201983e-07,0.0,DQN_RND,0.001,0.99,mountaincar,sparse
0,4568,-1.0,200,0.002337900921702385,-1.0,2.35415791394189e-06,0.0,DQN_RND,0.001,0.99,mountaincar,sparse
0,4569,-1.0,200,0.007008804939687252,-1.0,1.5912041817500722e-06,0.0,DQN_RND,0.001,0.99,mountaincar,sparse
0,4570,-1.0,200,0.003893583547323942,-1.0,9.405101764059509e-07,0.0,DQN_RND,0.001,0.99,mountaincar,sparse
0,4571,-1.0,200,0.0046716490760445595,-1.0,1.8670154986466514e-06,0.0,DQN_RND,0.001,0.99,mountaincar,sparse
0,4572,-1.0,200,0.003115423023700714,-1.0,8.683016972099722e-07,0.0,DQN_RND,0.001,0.99,mountaincar,sparse
0,4573,-1.0,200,0.0046701496466994286,-1.0,2.3708453227300197e-06,0.0,DQN_RND,0.001,0.99,mountaincar,sparse
0,4574,-1.0,200,0.008558444678783417,-1.0,1.2049291626681224e-06,0.0,DQN_RND,0.001,0.99,mountaincar,sparse
0,4575,-1.0,200,0.004670056514441967,-1.0,1.1225595244468423e-06,0.0,DQN_RND,0.001,0.99,mountaincar,sparse
0,4576,-1.0,200,0.005451994948089123,-1.0,1.6855286730788066e-06,0.0,DQN_RND,0.001,0.99,mountaincar,sparse
0,4577,-1.0,200,0.007002501282840967,-1.0,1.0475311000845977e-06,0.0,DQN_RND,0.001,0.99,mountaincar,sparse
0,4578,-1.0,200,0.0031149445567280054,-1.0,1.5249879652401432e-06,0.0,DQN_RND,0.001,0.99,mountaincar,sparse
0,4579,-1.0,200,0.0007816514116711915,-1.0,1.0833149417521781e-06,0.0,DQN_RND,0.001,0.99,mountaincar,sparse
0,4580,-1.0,200,0.003113572718575597,-1.0,1.1629126674961299e-06,0.0,DQN_RND,0.001,0.99,mountaincar,sparse
0,4581,-1.0,200,0.0023391591385006905,-1.0,1.6840035641507711e-06,0.0,DQN_RND,0.001,0.99,mountaincar,sparse
0,4582,-1.0,200,0.006223713979125023,-1.0,1.967997377505526e-06,0.0,DQN_RND,0.001,0.99,mountaincar,sparse
0,4583,-1.0,200,0.005447824951261282,-1.0,1.7742303271006676e-06,0.0,DQN_RND,0.001,0.99,mountaincar,sparse
0,4584,-1.0,200,0.0031136085744947195,-1.0,1.0974301858368563e-06,0.0,DQN_RND,0.001,0.99,mountaincar,sparse
0,4585,-1.0,200,0.008554968982934952,-1.0,1.2704491609838442e-06,0.0,DQN_RND,0.001,0.99,mountaincar,sparse
0,4586,-1.0,200,0.00466648954898119,-1.0,1.120598199122469e-06,0.0,DQN_RND,0.001,0.99,mountaincar,sparse
0,4587,-1.0,200,0.003114296356216073,-1.0,1.541330675536301e-06,0.0,DQN_RND,0.001,0.99,mountaincar,sparse
0,4588,-1.0,200,0.004665651358664036,-1.0,1.4864606328046648e-06,0.0,DQN_RND,0.001,0.99,mountaincar,sparse
0,4589,-1.0,200,0.004669653717428446,-1.0,1.2494954262365354e-06,0.0,DQN_RND,0.001,0.99,mountaincar,sparse
0,4590,-1.0,200,0.004671311471611261,-1.0,4.035141955682775e-06,0.0,DQN_RND,0.001,0.99,mountaincar,sparse
0,4591,-1.0,200,0.001557686598971486,-1.0,1.1829959021270042e-06,0.0,DQN_RND,0.001,0.99,mountaincar,sparse
0,4592,-1.0,200,0.0038882398512214422,-1.0,2.338634885745705e-06,0.0,DQN_RND,0.001,0.99,mountaincar,sparse
0,4593,-1.0,200,0.009328634478151798,-1.0,2.4629675863252487e-06,0.0,DQN_RND,0.001,0.99,mountaincar,sparse
0,4594,-1.0,200,0.0038893306627869606,-1.0,1.818917326090741e-06,0.0,DQN_RND,0.001,0.99,mountaincar,sparse
0,4595,-1.0,200,0.005443512927740812,-1.0,2.095005129376659e-06,0.0,DQN_RND,0.001,0.99,mountaincar,sparse
0,4596,-1.0,200,0.004662868566811085,-1.0,1.2718355719698593e-06,0.0,DQN_RND,0.001,0.99,mountaincar,sparse
0,4597,-1.0,200,0.0038881972432136536,-1.0,1.7706281596474582e-06,0.0,DQN_RND,0.001,0.99,mountaincar,sparse
0,4598,-1.0,200,0.0031104874797165394,-1.0,3.836707946902607e-06,0.0,DQN_RND,0.001,0.99,mountaincar,sparse
0,4599,-1.0,200,0.006222314666956663,-1.0,2.133883526767022e-06,0.0,DQN_RND,0.001,0.99,mountaincar,sparse
0,4600,-1.0,200,0.003886864520609379,-1.0,1.6438847296740278e-06,0.0,DQN_RND,0.001,0.99,mountaincar,sparse
0,4601,-1.0,200,0.0046624611131846905,-1.0,4.1282755773863755e-06,0.0,DQN_RND,0.001,0.99,mountaincar,sparse
0,4602,-1.0,200,0.0023333681747317314,-1.0,1.0985074823111063e-06,0.0,DQN_RND,0.001,0.99,mountaincar,sparse
0,4603,-1.0,200,0.00621864153072238,-1.0,4.5818219405191485e-06,0.0,DQN_RND,0.001,0.99,mountaincar,sparse
0,4604,-1.0,200,0.004666173830628395,-1.0,9.114104386753752e-07,0.0,DQN_RND,0.001,0.99,mountaincar,sparse
0,4605,-1.0,200,0.0023319683969020844,-1.0,2.0678105556726223e-06,0.0,DQN_RND,0.001,0.99,mountaincar,sparse
0,4606,-1.0,200,0.006216929294168949,-1.0,1.177881017611071e-06,0.0,DQN_RND,0.001,0.99,mountaincar,sparse
0,4607,-1.0,200,0.0023337993770837784,-1.0,1.6197160448427894e-06,0.0,DQN_RND,0.001,0.99,mountaincar,sparse
0,4608,-1.0,200,0.0038854123558849096,-1.0,1.6318313100782689e-06,0.0,DQN_RND,0.001,0.99,mountaincar,sparse
0,4609,-1.0,200,0.0015564871719107032,-1.0,3.7277768569765612e-06,0.0,DQN_RND,0.001,0.99,mountaincar,sparse
0,4610,-1.0,200,0.002331326249986887,-1.0,1.60241188496002e-06,0.0,DQN_RND,0.001,0.99,mountaincar,sparse
0,4611,-1.0,200,0.0023332037962973118,-1.0,1.2716141100099776e-06,0.0,DQN_RND,0.001,0.99,mountaincar,sparse
0,4612,-1.0,200,0.001555205206386745,-1.0,3.865909548039781e-06,0.0,DQN_RND,0.001,0.99,mountaincar,sparse
0,4613,-1.0,200,2.718612222452066e-06,-1.0,1.0148895626116428e-06,0.0,DQN_RND,0.001,0.99,mountaincar,sparse
0,4614,-1.0,200,0.006997436750680208,-1.0,4.0603172237752005e-06,0.0,DQN_RND,0.001,0.99,mountaincar,sparse
0,4615,-1.0,200,0.002333176787942648,-1.0,1.6259308495136793e-06,0.0,DQN_RND,0.001,0.99,mountaincar,sparse
0,4616,-1.0,200,0.010098564438521862,-1.0,2.5000078949233284e-06,0.0,DQN_RND,0.001,0.99,mountaincar,sparse
0,4617,-1.0,200,0.0031083612702786922,-1.0,9.11662482394604e-07,0.0,DQN_RND,0.001,0.99,mountaincar,sparse
0,4618,-1.0,200,0.004661356098949909,-1.0,1.0931253200396895e-06,0.0,DQN_RND,0.001,0.99,mountaincar,sparse
0,4619,-1.0,200,0.004659975878894329,-1.0,2.387268295933609e-06,0.0,DQN_RND,0.001,0.99,mountaincar,sparse
0,4620,-1.0,200,0.004660154692828655,-1.0,8.630798902231618e-07,0.0,DQN_RND,0.001,0.99,mountaincar,sparse
0,4621,-1.0,200,0.0038849031552672386,-1.0,1.7189556729135802e-06,0.0,DQN_RND,0.001,0.99,mountaincar,sparse
0,4622,-1.0,200,0.0046597919426858425,-1.0,3.4005656743829604e-06,0.0,DQN_RND,0.001,0.99,mountaincar,sparse
0,4623,-1.0,200,0.0023299194872379303,-1.0,9.740244877320947e-07,0.0,DQN_RND,0.001,0.99,mountaincar,sparse
0,4624,-1.0,200,0.007767182309180498,-1.0,1.7150121038866928e-06,0.0,DQN_RND,0.001,0.99,mountaincar,sparse
0,4625,-1.0,200,0.0031090553384274244,-1.0,9.048974334291415e-07,0.0,DQN_RND,0.001,0.99,mountaincar,sparse
0,4626,-1.0,200,0.006216998212039471,-1.0,1.8975167677126592e-06,0.0,DQN_RND,0.001,0.99,mountaincar,sparse
0,4627,-1.0,200,0.005433295387774706,-1.0,2.411491323073278e-06,0.0,DQN_RND,0.001,0.99,mountaincar,sparse
0,4628,-1.0,200,0.0015555258141830564,-1.0,1.575175247126026e-06,0.0,DQN_RND,0.001,0.99,mountaincar,sparse
0,4629,-1.0,200,0.0054385303519666195,-1.0,1.5516322946496075e-06,0.0,DQN_RND,0.001,0.99,mountaincar,sparse
0,4630,-1.0,200,0.0015555201098322868,-1.0,1.3589161653726478e-06,0.0,DQN_RND,0.001,0.99,mountaincar,sparse
0,4631,-1.0,200,0.0038820276968181133,-1.0,1.3326838370630867e-06,0.0,DQN_RND,0.001,0.99,mountaincar,sparse
0,4632,-1.0,200,0.004663750994950533,-1.0,1.3533640412788372e-06,0.0,DQN_RND,0.001,0.99,mountaincar,sparse
0,4633,-1.0,200,0.0023332538548856974,-1.0,4.011436885775765e-06,0.0,DQN_RND,0.001,0.99,mountaincar,sparse
0,4634,-1.0,200,0.003107437863945961,-1.0,1.2009461443085456e-06,0.0,DQN_RND,0.001,0.99,mountaincar,sparse
0,4635,-1.0,200,0.0023299402091652155,-1.0,2.7261082777840784e-06,0.0,DQN_RND,0.001,0.99,mountaincar,sparse
0,4636,-1.0,200,0.003882707329466939,-1.0,2.0777602003363427e-06,0.0,DQN_RND,0.001,0.99,mountaincar,sparse
0,4637,-1.0,200,0.0046600839123129845,-1.0,3.869348347507184e-06,0.0,DQN_RND,0.001,0.99,mountaincar,sparse
0,4638,-1.0,200,0.0054351878352463245,-1.0,8.836120741761988e-07,0.0,DQN_RND,0.001,0.99,mountaincar,sparse
0,4639,-1.0,200,0.007758837193250656,-1.0,1.0222240689472528e-06,0.0,DQN_RND,0.001,0.99,mountaincar,sparse
0,4640,-1.0,200,0.006983496248722076,-1.0,9.38401683470147e-07,0.0,DQN_RND,0.001,0.99,mountaincar,sparse
0,4641,-1.0,200,0.004656217060983181,-1.0,2.1025775822636206e-06,0.0,DQN_RND,0.001,0.99,mountaincar,sparse
0,4642,-1.0,200,0.003879314521327615,-1.0,9.056640237758984e-07,0.0,DQN_RND,0.001,0.99,mountaincar,sparse
0,4643,-1.0,200,0.0015538546722382307,-1.0,1.023445065584383e-06,0.0,DQN_RND,0.001,0.99,mountaincar,sparse
0,4644,-1.0,200,0.0023304608184844255,-1.0,9.35665525503282e-07,0.0,DQN_RND,0.001,0.99,mountaincar,sparse
0,4645,-1.0,200,0.001551892375573516,-1.0,1.3184093177187606e-06,0.0,DQN_RND,0.001,0.99,mountaincar,sparse
0,4646,-1.0,200,0.0023285779170691967,-1.0,9.757474117577658e-07,0.0,DQN_RND,0.001,0.99,mountaincar,sparse
0,4647,-1.0,200,0.006205990444868803,-1.0,9.455271765546058e-07,0.0,DQN_RND,0.001,0.99,mountaincar,sparse
0,4648,-1.0,200,0.0015536273131147027,-1.0,9.427833447261946e-07,0.0,DQN_RND,0.001,0.99,mountaincar,sparse
0,4649,-1.0,200,0.0031047046650201082,-1.0,1.2418978485584375e-06,0.0,DQN_RND,0.001,0.99,mountaincar,sparse
0,4650,-1.0,200,0.006204809062182903,-1.0,1.080016886589874e-06,0.0,DQN_RND,0.001,0.99,mountaincar,sparse
0,4651,-1.0,200,0.0015515785198658705,-1.0,1.49299751228682e-06,0.0,DQN_RND,0.001,0.99,mountaincar,sparse
0,4652,-1.0,200,0.0038786171935498714,-1.0,1.8843740008378518e-06,0.0,DQN_RND,0.001,0.99,mountaincar,sparse
0,4653,-1.0,200,0.0015522462781518698,-1.0,3.185217792633921e-06,0.0,DQN_RND,0.001,0.99,mountaincar,sparse
0,4654,-1.0,200,0.006204657256603241,-1.0,1.5782181890244829e-06,0.0,DQN_RND,0.001,0.99,mountaincar,sparse
0,4655,-1.0,200,0.0038775214925408363,-1.0,1.7751586938175024e-06,0.0,DQN_RND,0.001,0.99,mountaincar,sparse
0,4656,-1.0,200,0.0023270922247320414,-1.0,3.3800856726884376e-06,0.0,DQN_RND,0.001,0.99,mountaincar,sparse
0,4657,-1.0,200,0.006978447549045086,-1.0,7.550140139755968e-07,0.0,DQN_RND,0.001,0.99,mountaincar,sparse
0,4658,-1.0,200,0.0038771398831158876,-1.0,2.4210453375417273e-06,0.0,DQN_RND,0.001,0.99,mountaincar,sparse
0,4659,-1.0,200,0.0031026629731059074,-1.0,8.17614306924952e-07,0.0,DQN_RND,0.001,0.99,mountaincar,sparse
0,4660,-1.0,200,0.003100836183875799,-1.0,9.275294701183157e-07,0.0,DQN_RND,0.001,0.99,mountaincar,sparse
0,4661,-1.0,200,0.004653243813663721,-1.0,8.595619078732852e-07,0.0,DQN_RND,0.001,0.99,mountaincar,sparse
0,4662,-1.0,200,0.001551030669361353,-1.0,7.727722390882263e-07,0.0,DQN_RND,0.001,0.99,mountaincar,sparse
0,4663,-1.0,200,0.006977928802371025,-1.0,1.6256882418019813e-06,0.0,DQN_RND,0.001,0.99,mountaincar,sparse
0,4664,-1.0,200,0.00387851451523602,-1.0,8.947745300247334e-07,0.0,DQN_RND,0.001,0.99,mountaincar,sparse
0,4665,-1.0,200,0.00310110067948699,-1.0,7.226640832413977e-07,0.0,DQN_RND,0.001,0.99,mountaincar,sparse
0,4666,-1.0,200,0.0031025276985019445,-1.0,2.1002097128075548e-06,0.0,DQN_RND,0.001,0.99,mountaincar,sparse
0,4667,-1.0,200,0.0031000999733805656,-1.0,2.4845078314683633e-06,0.0,DQN_RND,0.001,0.99,mountaincar,sparse
0,4668,-1.0,200,0.005423763766884804,-1.0,8.206810662159114e-07,0.0,DQN_RND,0.001,0.99,mountaincar,sparse
0,4669,-1.0,200,0.003101327922195196,-1.0,2.79720188700594e-06,0.0,DQN_RND,0.001,0.99,mountaincar,sparse
0,4670,-1.0,200,0.0030999991577118635,-1.0,7.578775580441288e-07,0.0,DQN_RND,0.001,0.99,mountaincar,sparse
0,4671,-1.0,200,0.0038763992488384247,-1.0,1.0280509741278365e-06,0.0,DQN_RND,0.001,0.99,mountaincar,sparse
0,4672,-1.0,200,0.0015499017899855971,-1.0,3.297373950772453e-06,0.0,DQN_RND,0.001,0.99,mountaincar,sparse
0,4673,-1.0,200,0.008525045588612556,-1.0,1.5752056015116978e-06,0.0,DQN_RND,0.001,0.99,mountaincar,sparse
0,4674,-1.0,200,0.0023236949928104877,-1.0,7.488837354685529e-07,0.0,DQN_RND,0.001,0.99,mountaincar,sparse
0,4675,-1.0,200,0.005422857590019703,-1.0,9.205147648572165e-07,0.0,DQN_RND,0.001,0.99,mountaincar,sparse
0,4676,-1.0,200,0.003099333494901657,-1.0,7.831036441530159e-07,0.0,DQN_RND,0.001,0.99,mountaincar,sparse
0,4677,-1.0,200,0.0038737310096621513,-1.0,3.5761966046266025e-06,0.0,DQN_RND,0.001,0.99,mountaincar,sparse
0,4678,-1.0,200,0.0038726869970560074,-1.0,1.0633868896547938e-06,0.0,DQN_RND,0.001,0.99,mountaincar,sparse
0,4679,-1.0,200,0.005421140696853399,-1.0,6.660706048933207e-07,0.0,DQN_RND,0.001,0.99,mountaincar,sparse
0,4680,-1.0,200,0.0015498249558731914,-1.0,1.6479012856507325e-06,0.0,DQN_RND,0.001,0.99,mountaincar,sparse
0,4681,-1.0,200,0.0023244419135153294,-1.0,2.7326659619575366e-06,0.0,DQN_RND,0.001,0.99,mountaincar,sparse
0,4682,-1.0,200,0.001550740678794682,-1.0,4.516123681241879e-06,0.0,DQN_RND,0.001,0.99,mountaincar,sparse
0,4683,-1.0,200,0.0030996142886579037,-1.0,1.032098225550726e-06,0.0,DQN_RND,0.001,0.99,mountaincar,sparse
0,4684,-1.0,200,0.004646495450288057,-1.0,6.825205787208688e-07,0.0,DQN_RND,0.001,0.99,mountaincar,sparse
0,4685,-1.0,200,0.003097760956734419,-1.0,1.7853150211522006e-06,0.0,DQN_RND,0.001,0.99,mountaincar,sparse
0,4686,-1.0,200,0.005419030785560608,-1.0,1.4179273648551316e-06,0.0,DQN_RND,0.001,0.99,mountaincar,sparse
0,4687,-1.0,200,0.0023237173445522785,-1.0,1.4256773965826142e-06,0.0,DQN_RND,0.001,0.99,mountaincar,sparse
0,4688,-1.0,200,0.002323364606127143,-1.0,9.844005717241089e-07,0.0,DQN_RND,0.001,0.99,mountaincar,sparse
0,4689,-1.0,200,0.0046475110575556755,-1.0,1.4175988098941161e-06,0.0,DQN_RND,0.001,0.99,mountaincar,sparse
0,4690,-1.0,200,0.005418720655143261,-1.0,3.8805828808108345e-06,0.0,DQN_RND,0.001,0.99,mountaincar,sparse
0,4691,-1.0,200,0.007738674059510231,-1.0,2.6705149593908573e-06,0.0,DQN_RND,0.001,0.99,mountaincar,sparse
0,4692,-1.0,200,0.00464550219476223,-1.0,3.714009608302149e-06,0.0,DQN_RND,0.001,0.99,mountaincar,sparse
0,4693,-1.0,200,0.0023252591490745544,-1.0,5.456839176076755e-07,0.0,DQN_RND,0.001,0.99,mountaincar,sparse
0,4694,-1.0,200,0.001548870000988245,-1.0,1.9167828213539906e-06,0.0,DQN_RND,0.001,0.99,mountaincar,sparse
0,4695,-1.0,200,0.0038700129371136427,-1.0,4.128044110984774e-06,0.0,DQN_RND,0.001,0.99,mountaincar,sparse
0,4696,-1.0,200,0.0038691414520144463,-1.0,4.926124574922142e-07,0.0,DQN_RND,0.001,0.99,mountaincar,sparse
0,4697,-1.0,200,0.0046435934491455555,-1.0,6.114406687629526e-07,0.0,DQN_RND,0.001,0.99,mountaincar,sparse
0,4698,-1.0,200,0.001549550797790289,-1.0,5.077090463601053e-07,0.0,DQN_RND,0.001,0.99,mountaincar,sparse
0,4699,-1.0,200,0.0038692194502800703,-1.0,3.911485237040324e-06,0.0,DQN_RND,0.001,0.99,mountaincar,sparse
0,4700,-1.0,200,0.004641856998205185,-1.0,6.715875997542753e-07,0.0,DQN_RND,0.001,0.99,mountaincar,sparse
0,4701,-1.0,200,0.0038700744044035673,-1.0,7.123726391000673e-07,0.0,DQN_RND,0.001,0.99,mountaincar,sparse
0,4702,-1.0,200,0.0030951588414609432,-1.0,1.3849623883288587e-06,0.0,DQN_RND,0.001,0.99,mountaincar,sparse
0,4703,-1.0,200,0.005415716208517551,-1.0,4.957939836458536e-07,0.0,DQN_RND,0.001,0.99,mountaincar,sparse
0,4704,-1.0,200,0.005414173472672701,-1.0,4.717376214102842e-07,0.0,DQN_RND,0.001,0.99,mountaincar,sparse
0,4705,-1.0,200,0.002321068197488785,-1.0,4.690703576670785e-07,0.0,DQN_RND,0.001,0.99,mountaincar,sparse
0,4706,-1.0,200,0.0007750375661998987,-1.0,6.589830832126609e-07,0.0,DQN_RND,0.001,0.99,mountaincar,sparse
0,4707,-1.0,200,0.0007750689401291311,-1.0,4.97554765388486e-07,0.0,DQN_RND,0.001,0.99,mountaincar,sparse
0,4708,-1.0,200,0.0015479797730222344,-1.0,4.670480109325581e-07,0.0,DQN_RND,0.001,0.99,mountaincar,sparse
0,4709,-1.0,200,0.0015505383489653468,-1.0,2.0659242636611452e-06,0.0,DQN_RND,0.001,0.99,mountaincar,sparse
0,4710,-1.0,200,0.0023218407295644283,-1.0,5.258449391476461e-07,0.0,DQN_RND,0.001,0.99,mountaincar,sparse
0,4711,-1.0,200,0.003094814019277692,-1.0,4.969002134203038e-07,0.0,DQN_RND,0.001,0.99,mountaincar,sparse
0,4712,-1.0,200,0.0023211671505123377,-1.0,4.6927016228437424e-07,0.0,DQN_RND,0.001,0.99,mountaincar,sparse
0,4713,-1.0,200,0.003096038708463311,-1.0,1.5300437326004612e-06,0.0,DQN_RND,0.001,0.99,mountaincar,sparse
0,4714,-1.0,200,0.0038685870822519064,-1.0,5.226533517088683e-07,0.0,DQN_RND,0.001,0.99,mountaincar,sparse
0,4715,-1.0,200,0.004640463273972273,-1.0,8.095364592008991e-07,0.0,DQN_RND,0.001,0.99,mountaincar,sparse
0,4716,-1.0,200,0.006189404055476189,-1.0,1.4490641433440032e-06,0.0,DQN_RND,0.001,0.99,mountaincar,sparse
0,4717,-1.0,200,0.004639792256057262,-1.0,4.3007776184822433e-07,0.0,DQN_RND,0.001,0.99,mountaincar,sparse
0,4718,-1.0,200,0.004638305399566889,-1.0,4.6826986022097117e-07,0.0,DQN_RND,0.001,0.99,mountaincar,sparse
0,4719,-1.0,200,0.004636991303414106,-1.0,4.295596625070175e-07,0.0,DQN_RND,0.001,0.99,mountaincar,sparse
0,4720,-1.0,200,0.002321384847164154,-1.0,4.405200115797925e-07,0.0,DQN_RND,0.001,0.99,mountaincar,sparse
0,4721,-1.0,200,0.0030916077084839344,-1.0,1.198482664221956e-06,0.0,DQN_RND,0.001,0.99,mountaincar,sparse
0,4722,-1.0,200,0.004639410879462957,-1.0,2.248721102660056e-06,0.0,DQN_RND,0.001,0.99,mountaincar,sparse
0,4723,-1.0,200,0.0038670129142701626,-1.0,1.3258296576168505e-06,0.0,DQN_RND,0.001,0.99,mountaincar,sparse
0,4724,-1.0,200,0.0038688662461936474,-1.0,8.823814141578623e-07,0.0,DQN_RND,0.001,0.99,mountaincar,sparse
0,4725,-1.0,200,0.0030928112100809813,-1.0,8.758694320931681e-07,0.0,DQN_RND,0.001,0.99,mountaincar,sparse
0,4726,-1.0,200,0.0046359943225979805,-1.0,4.5342332555264875e-07,0.0,DQN_RND,0.001,0.99,mountaincar,sparse
0,4727,-1.0,200,0.006181852892041206,-1.0,4.387920284898428e-07,0.0,DQN_RND,0.001,0.99,mountaincar,sparse
0,4728,-1.0,200,0.003092418424785137,-1.0,4.8066285671666265e-06,0.0,DQN_RND,0.001,0.99,mountaincar,sparse
0,4729,-1.0,200,0.002317889826372266,-1.0,9.019032631840673e-07,0.0,DQN_RND,0.001,0.99,mountaincar,sparse
0,4730,-1.0,200,0.003868140047416091,-1.0,7.504675636482716e-07,0.0,DQN_RND,0.001,0.99,mountaincar,sparse
0,4731,-1.0,200,0.0061831348575651646,-1.0,4.1359351143910317e-07,0.0,DQN_RND,0.001,0.99,mountaincar,sparse
0,4732,-1.0,200,0.003860759548842907,-1.0,5.264826086204266e-07,0.0,DQN_RND,0.001,0.99,mountaincar,sparse
0,4733,-1.0,200,0.010043205693364143,-1.0,7.545928042418382e-07,0.0,DQN_RND,0.001,0.99,mountaincar,sparse
0,4734,-1.0,200,0.0030925562605261803,-1.0,4.6131614794830966e-07,0.0,DQN_RND,0.001,0.99,mountaincar,sparse
0,4735,-1.0,200,0.005403623450547457,-1.0,4.2289627799618756e-07,0.0,DQN_RND,0.001,0.99,mountaincar,sparse
0,4736,-1.0,200,0.0023206383921205997,-1.0,4.740862209473562e-07,0.0,DQN_RND,0.001,0.99,mountaincar,sparse
0,4737,-1.0,200,0.006949032656848431,-1.0,8.613676527602365e-07,0.0,DQN_RND,0.001,0.99,mountaincar,sparse
0,4738,-1.0,200,0.00463652890175581,-1.0,2.9336986244743457e-06,0.0,DQN_RND,0.001,0.99,mountaincar,sparse
0,4739,-1.0,200,0.003089410485699773,-1.0,4.139487543852738e-07,0.0,DQN_RND,0.001,0.99,mountaincar,sparse
0,4740,-1.0,200,0.00463399151340127,-1.0,7.150626970542362e-07,0.0,DQN_RND,0.001,0.99,mountaincar,sparse
0,4741,-1.0,200,0.003860158147290349,-1.0,3.4534832593635656e-07,0.0,DQN_RND,0.001,0.99,mountaincar,sparse
0,4742,-1.0,200,0.005400795489549637,-1.0,4.674508033986058e-07,0.0,DQN_RND,0.001,0.99,mountaincar,sparse
0,4743,-1.0,200,0.0046323672868311405,-1.0,4.97175790314941e-07,0.0,DQN_RND,0.001,0.99,mountaincar,sparse
0,4744,-1.0,200,0.003085910575464368,-1.0,3.439602949129039e-07,0.0,DQN_RND,0.001,0.99,mountaincar,sparse
0,4745,-1.0,200,0.00231763394549489,-1.0,1.3573677506428794e-06,0.0,DQN_RND,0.001,0.99,mountaincar,sparse
0,4746,-1.0,200,3.5542902878660243e-06,-1.0,4.0243895682579023e-07,0.0,DQN_RND,0.001,0.99,mountaincar,sparse
0,4747,-1.0,200,0.0054025244899094105,-1.0,1.6415552863691119e-06,0.0,DQN_RND,0.001,0.99,mountaincar,sparse
0,4748,-1.0,200,0.0038580666296184063,-1.0,4.89181729790289e-07,0.0,DQN_RND,0.001,0.99,mountaincar,sparse
0,4749,-1.0,200,0.0023211585357785225,-1.0,3.334955351874669e-07,0.0,DQN_RND,0.001,0.99,mountaincar,sparse
0,4750,-1.0,200,0.00771224033087492,-1.0,1.4707069340147427e-06,0.0,DQN_RND,0.001,0.99,mountaincar,sparse
0,4751,-1.0,200,0.0007740595610812306,-1.0,3.816454409388825e-06,0.0,DQN_RND,0.001,0.99,mountaincar,sparse
0,4752,-1.0,200,0.0023150916676968336,-1.0,3.8412707681345637e-07,0.0,DQN_RND,0.001,0.99,mountaincar,sparse
0,4753,-1.0,200,0.005410035606473684,-1.0,9.367925599690352e-07,0.0,DQN_RND,0.001,0.99,mountaincar,sparse
0,4754,-1.0,200,0.005403210408985615,-1.0,2.704086909943726e-06,0.0,DQN_RND,0.001,0.99,mountaincar,sparse
0,4755,-1.0,200,0.0015446912730112672,-1.0,1.10604389647051e-06,0.0,DQN_RND,0.001,0.99,mountaincar,sparse
0,4756,-1.0,200,0.0030895506497472525,-1.0,4.2236987951582705e-07,0.0,DQN_RND,0.001,0.99,mountaincar,sparse
0,4757,-1.0,200,0.0038595967926084995,-1.0,8.562175253246096e-07,0.0,DQN_RND,0.001,0.99,mountaincar,sparse
0,4758,-1.0,200,0.007709098514169455,-1.0,4.574951049107767e-07,0.0,DQN_RND,0.001,0.99,mountaincar,sparse
0,4759,-1.0,200,0.00462891673669219,-1.0,1.2725057558782282e-06,0.0,DQN_RND,0.001,0.99,mountaincar,sparse
0,4760,-1.0,200,0.006176135037094355,-1.0,8.834236950860941e-07,0.0,DQN_RND,0.001,0.99,mountaincar,sparse
0,4761,-1.0,200,0.003852968104183674,-1.0,3.1477929951506667e-07,0.0,DQN_RND,0.001,0.99,mountaincar,sparse
0,4762,-1.0,200,0.0038527348078787327,-1.0,1.918551788548939e-06,0.0,DQN_RND,0.001,0.99,mountaincar,sparse
0,4763,-1.0,200,0.003082921728491783,-1.0,3.8444900951617456e-07,0.0,DQN_RND,0.001,0.99,mountaincar,sparse
0,4764,-1.0,200,0.004631039220839739,-1.0,4.0640918541612336e-07,0.0,DQN_RND,0.001,0.99,mountaincar,sparse
0,4765,-1.0,200,0.007719737943261862,-1.0,3.4795201031556644e-07,0.0,DQN_RND,0.001,0.99,mountaincar,sparse
0,4766,-1.0,200,0.003854959039017558,-1.0,1.0055561006083735e-06,0.0,DQN_RND,0.001,0.99,mountaincar,sparse
0,4767,-1.0,200,0.003857886418700218,-1.0,3.9232898529917293e-07,0.0,DQN_RND,0.001,0.99,mountaincar,sparse
0,4768,-1.0,200,0.006933338940143585,-1.0,4.329558009885659e-07,0.0,DQN_RND,0.001,0.99,mountaincar,sparse
0,4769,-1.0,200,0.0023187613114714622,-1.0,4.380566451800405e-07,0.0,DQN_RND,0.001,0.99,mountaincar,sparse
0,4770,-1.0,200,0.003090540412813425,-1.0,3.566893838069518e-07,0.0,DQN_RND,0.001,0.99,mountaincar,sparse
0,4771,-1.0,200,0.006939094513654709,-1.0,3.0310936836031033e-06,0.0,DQN_RND,0.001,0.99,mountaincar,sparse
0,4772,-1.0,200,0.0030925876926630735,-1.0,2.0395350475155283e-06,0.0,DQN_RND,0.001,0.99,mountaincar,sparse
0,4773,-1.0,200,0.004625218920409679,-1.0,3.635599057361105e-07,0.0,DQN_RND,0.001,0.99,mountaincar,sparse
0,4774,-1.0,200,0.0030897893011569977,-1.0,4.020839696750045e-07,0.0,DQN_RND,0.001,0.99,mountaincar,sparse
0,4775,-1.0,200,0.0015462466981261969,-1.0,1.2414000138960546e-06,0.0,DQN_RND,0.001,0.99,mountaincar,sparse
0,4776,-1.0,200,0.0023149591870605946,-1.0,5.199515840104141e-07,0.0,DQN_RND,0.001,0.99,mountaincar,sparse
0,4777,-1.0,200,0.003087275428697467,-1.0,3.6125123870078824e-07,0.0,DQN_RND,0.001,0.99,mountaincar,sparse
0,4778,-1.0,200,0.001549048931337893,-1.0,4.0172125181925367e-07,0.0,DQN_RND,0.001,0.99,mountaincar,sparse
0,4779,-1.0,200,0.004628234077244997,-1.0,3.633233802702307e-07,0.0,DQN_RND,0.001,0.99,mountaincar,sparse
0,4780,-1.0,200,0.0038500213995575905,-1.0,5.707879608962685e-07,0.0,DQN_RND,0.001,0.99,mountaincar,sparse
0,4781,-1.0,200,0.0061684404499828815,-1.0,3.5008662280233693e-07,0.0,DQN_RND,0.001,0.99,mountaincar,sparse
0,4782,-1.0,200,0.00539303757250309,-1.0,4.212095348066214e-07,0.0,DQN_RND,0.001,0.99,mountaincar,sparse
0,4783,-1.0,200,0.008470084518194199,-1.0,5.835024126099597e-07,0.0,DQN_RND,0.001,0.99,mountaincar,sparse
0,4784,-1.0,200,0.00462285615503788,-1.0,1.6858753042470198e-06,0.0,DQN_RND,0.001,0.99,mountaincar,sparse
0,4785,-1.0,200,0.002310885116457939,-1.0,2.5181595901813125e-06,0.0,DQN_RND,0.001,0.99,mountaincar,sparse
0,4786,-1.0,200,0.006166305858641863,-1.0,1.3476811773216468e-06,0.0,DQN_RND,0.001,0.99,mountaincar,sparse
0,4787,-1.0,200,0.003085861913859844,-1.0,3.210967349787097e-07,0.0,DQN_RND,0.001,0.99,mountaincar,sparse
0,4788,-1.0,200,0.003089350648224354,-1.0,8.62986269112298e-07,0.0,DQN_RND,0.001,0.99,mountaincar,sparse
0,4789,-1.0,200,0.0030817121732980013,-1.0,2.215136646555038e-06,0.0,DQN_RND,0.001,0.99,mountaincar,sparse
0,4790,-1.0,200,0.005393823143094778,-1.0,3.5363291317480616e-07,0.0,DQN_RND,0.001,0.99,mountaincar,sparse
0,4791,-1.0,200,0.00846664048731327,-1.0,1.2345191180429538e-06,0.0,DQN_RND,0.001,0.99,mountaincar,sparse
0,4792,-1.0,200,0.005389232654124498,-1.0,8.632732146907074e-07,0.0,DQN_RND,0.001,0.99,mountaincar,sparse
0,4793,-1.0,200,0.005395561456680298,-1.0,3.6450771290219564e-07,0.0,DQN_RND,0.001,0.99,mountaincar,sparse
0,4794,-1.0,200,0.005391904152929783,-1.0,9.558050351188285e-07,0.0,DQN_RND,0.001,0.99,mountaincar,sparse
0,4795,-1.0,200,0.004624579101800919,-1.0,4.414799548158044e-07,0.0,DQN_RND,0.001,0.99,mountaincar,sparse
0,4796,-1.0,200,0.0038520386442542076,-1.0,5.733325565415726e-07,0.0,DQN_RND,0.001,0.99,mountaincar,sparse
0,4797,-1.0,200,6.1421219470503274e-06,-1.0,7.50865979171067e-07,0.0,DQN_RND,0.001,0.99,mountaincar,sparse
0,4798,-1.0,200,0.006159303709864616,-1.0,7.496699936382356e-07,0.0,DQN_RND,0.001,0.99,mountaincar,sparse
0,4799,-1.0,200,0.005399870686233044,-1.0,1.1286778089925065e-06,0.0,DQN_RND,0.001,0.99,mountaincar,sparse
0,4800,-1.0,200,0.00539795309305191,-1.0,3.941412387575838e-07,0.0,DQN_RND,0.001,0.99,mountaincar,sparse
0,4801,-1.0,200,0.005390156526118517,-1.0,4.544186538169015e-07,0.0,DQN_RND,0.001,0.99,mountaincar,sparse
0,4802,-1.0,200,0.001540946657769382,-1.0,7.828130605957995e-07,0.0,DQN_RND,0.001,0.99,mountaincar,sparse
0,4803,-1.0,200,0.005394495092332363,-1.0,1.291869239139487e-06,0.0,DQN_RND,0.001,0.99,mountaincar,sparse
0,4804,-1.0,200,0.0030872300267219543,-1.0,8.667277597851353e-07,0.0,DQN_RND,0.001,0.99,mountaincar,sparse
0,4805,-1.0,200,0.0038503471296280622,-1.0,8.676951779307274e-07,0.0,DQN_RND,0.001,0.99,mountaincar,sparse
0,4806,-1.0,200,0.0007769974181428552,-1.0,9.39306232794479e-07,0.0,DQN_RND,0.001,0.99,mountaincar,sparse
0,4807,-1.0,200,0.0023083225823938847,-1.0,1.2341741921773064e-06,0.0,DQN_RND,0.001,0.99,mountaincar,sparse
0,4808,-1.0,200,0.0030861988198012114,-1.0,4.4779187646781793e-07,0.0,DQN_RND,0.001,0.99,mountaincar,sparse
0,4809,-1.0,200,0.0061532724648714066,-1.0,7.384882678707072e-07,0.0,DQN_RND,0.001,0.99,mountaincar,sparse
0,4810,-1.0,200,0.004621007479727268,-1.0,1.2970629086339613e-06,0.0,DQN_RND,0.001,0.99,mountaincar,sparse
0,4811,-1.0,200,0.003861851990222931,-1.0,1.0512313792787609e-06,0.0,DQN_RND,0.001,0.99,mountaincar,sparse
0,4812,-1.0,200,0.0030820826068520546,-1.0,5.325651386556274e-07,0.0,DQN_RND,0.001,0.99,mountaincar,sparse
0,4813,-1.0,200,0.0038492907769978046,-1.0,4.604288506016019e-07,0.0,DQN_RND,0.001,0.99,mountaincar,sparse
0,4814,-1.0,200,0.005384260788559914,-1.0,7.673893378523644e-07,0.0,DQN_RND,0.001,0.99,mountaincar,sparse
0,4815,-1.0,200,0.0030869292095303535,-1.0,1.5542445908067748e-06,0.0,DQN_RND,0.001,0.99,mountaincar,sparse
0,4816,-1.0,200,0.005393128842115402,-1.0,2.009458739848924e-06,0.0,DQN_RND,0.001,0.99,mountaincar,sparse
0,4817,-1.0,200,0.0015397644601762295,-1.0,5.667919822371914e-07,0.0,DQN_RND,0.001,0.99,mountaincar,sparse
0,4818,-1.0,200,0.002314010402187705,-1.0,3.1797394512977917e-06,0.0,DQN_RND,0.001,0.99,mountaincar,sparse
0,4819,-1.0,200,0.003085280070081353,-1.0,9.290720299759414e-07,0.0,DQN_RND,0.001,0.99,mountaincar,sparse
0,4820,-1.0,200,0.0015429297927767038,-1.0,9.154311442216567e-07,0.0,DQN_RND,0.001,0.99,mountaincar,sparse
0,4821,-1.0,200,0.006163215264678001,-1.0,8.724270514903765e-07,0.0,DQN_RND,0.001,0.99,mountaincar,sparse
0,4822,-1.0,200,0.0007724030874669552,-1.0,2.062412249870249e-06,0.0,DQN_RND,0.001,0.99,mountaincar,sparse
0,4823,-1.0,200,0.006165585480630398,-1.0,2.2978954348218394e-06,0.0,DQN_RND,0.001,0.99,mountaincar,sparse
0,4824,-1.0,200,0.0015395054360851645,-1.0,6.153373419692798e-07,0.0,DQN_RND,0.001,0.99,mountaincar,sparse
0,4825,-1.0,200,0.00231394125148654,-1.0,5.821403874506359e-07,0.0,DQN_RND,0.001,0.99,mountaincar,sparse
0,4826,-1.0,200,0.0061563849449157715,-1.0,9.137027063843561e-07,0.0,DQN_RND,0.001,0.99,mountaincar,sparse
0,4827,-1.0,200,0.0023175799287855625,-1.0,8.287570949505607e-07,0.0,DQN_RND,0.001,0.99,mountaincar,sparse
0,4828,-1.0,200,0.0046116686426103115,-1.0,2.271489620397915e-06,0.0,DQN_RND,0.001,0.99,mountaincar,sparse
0,4829,-1.0,200,0.004618165548890829,-1.0,5.537166885005718e-07,0.0,DQN_RND,0.001,0.99,mountaincar,sparse
0,4830,-1.0,200,0.002309928648173809,-1.0,6.339589049275673e-07,0.0,DQN_RND,0.001,0.99,mountaincar,sparse
0,4831,-1.0,200,0.0030730352737009525,-1.0,7.30267629478476e-07,0.0,DQN_RND,0.001,0.99,mountaincar,sparse
0,4832,-1.0,200,0.006923949811607599,-1.0,5.677380841007107e-07,0.0,DQN_RND,0.001,0.99,mountaincar,sparse
0,4833,-1.0,200,0.0061540016904473305,-1.0,5.8092416566069e-07,0.0,DQN_RND,0.001,0.99,mountaincar,sparse
0,4834,-1.0,200,0.004611982963979244,-1.0,9.624014865039499e-07,0.0,DQN_RND,0.001,0.99,mountaincar,sparse
0,4835,-1.0,200,0.003071919549256563,-1.0,5.999436325510032e-07,0.0,DQN_RND,0.001,0.99,mountaincar,sparse
0,4836,-1.0,200,0.0023081295657902956,-1.0,1.6504841369169299e-06,0.0,DQN_RND,0.001,0.99,mountaincar,sparse
0,4837,-1.0,200,0.0030746108386665583,-1.0,5.617363285637111e-07,0.0,DQN_RND,0.001,0.99,mountaincar,sparse
0,4838,-1.0,200,0.005382601637393236,-1.0,7.759684308439319e-07,0.0,DQN_RND,0.001,0.99,mountaincar,sparse
0,4839,-1.0,200,0.002315918216481805,-1.0,6.835086310275074e-07,0.0,DQN_RND,0.001,0.99,mountaincar,sparse
0,4840,-1.0,200,0.003075073007494211,-1.0,6.035377282387344e-07,0.0,DQN_RND,0.001,0.99,mountaincar,sparse
0,4841,-1.0,200,0.007696354296058416,-1.0,5.670962650583533e-07,0.0,DQN_RND,0.001,0.99,mountaincar,sparse
0,4842,-1.0,200,0.005391895305365324,-1.0,2.094072897307342e-06,0.0,DQN_RND,0.001,0.99,mountaincar,sparse
0,4843,-1.0,200,0.004606714937835932,-1.0,6.16532190633734e-07,0.0,DQN_RND,0.001,0.99,mountaincar,sparse
0,4844,-1.0,200,0.005383583251386881,-1.0,6.136099273135187e-07,0.0,DQN_RND,0.001,0.99,mountaincar,sparse
0,4845,-1.0,200,0.0030745186377316713,-1.0,6.980658895372471e-07,0.0,DQN_RND,0.001,0.99,mountaincar,sparse
0,4846,-1.0,200,0.006920003332197666,-1.0,2.0888612652925076e-06,0.0,DQN_RND,0.001,0.99,mountaincar,sparse
0,4847,-1.0,200,0.003846916137263179,-1.0,6.066687774364254e-07,0.0,DQN_RND,0.001,0.99,mountaincar,sparse
0,4848,-1.0,200,5.093170329928398e-06,-1.0,1.2051871181029128e-06,0.0,DQN_RND,0.001,0.99,mountaincar,sparse
0,4849,-1.0,200,0.0030851815827190876,-1.0,6.697993057969143e-07,0.0,DQN_RND,0.001,0.99,mountaincar,sparse
0,4850,-1.0,200,0.0038432078436017036,-1.0,1.3158721685613273e-06,0.0,DQN_RND,0.001,0.99,mountaincar,sparse
0,4851,-1.0,200,0.0038499408401548862,-1.0,5.64047013540403e-07,0.0,DQN_RND,0.001,0.99,mountaincar,sparse
0,4852,-1.0,200,0.006160109769552946,-1.0,6.025798597875109e-07,0.0,DQN_RND,0.001,0.99,mountaincar,sparse
0,4853,-1.0,200,0.005378253757953644,-1.0,5.721741445086082e-07,0.0,DQN_RND,0.001,0.99,mountaincar,sparse
0,4854,-1.0,200,0.0038493506144732237,-1.0,1.4418607179322862e-06,0.0,DQN_RND,0.001,0.99,mountaincar,sparse
0,4855,-1.0,200,0.002312775468453765,-1.0,1.0479697039045277e-06,0.0,DQN_RND,0.001,0.99,mountaincar,sparse
0,4856,-1.0,200,0.0030754213221371174,-1.0,2.054118112937431e-06,0.0,DQN_RND,0.001,0.99,mountaincar,sparse
0,4857,-1.0,200,0.0023092892952263355,-1.0,7.778769486321835e-07,0.0,DQN_RND,0.001,0.99,mountaincar,sparse
0,4858,-1.0,200,0.005388034973293543,-1.0,5.206658215684001e-07,0.0,DQN_RND,0.001,0.99,mountaincar,sparse
0,4859,-1.0,200,0.005389807745814323,-1.0,1.9698065898410277e-06,0.0,DQN_RND,0.001,0.99,mountaincar,sparse
0,4860,-1.0,200,0.0030751090962439775,-1.0,6.116077315709845e-07,0.0,DQN_RND,0.001,0.99,mountaincar,sparse
0,4861,-1.0,200,0.00538971833884716,-1.0,4.960143655807769e-07,0.0,DQN_RND,0.001,0.99,mountaincar,sparse
0,4862,-1.0,200,0.0007730256766080856,-1.0,4.882134021499951e-07,0.0,DQN_RND,0.001,0.99,mountaincar,sparse
0,4863,-1.0,200,0.005378392059355974,-1.0,1.2623354450624902e-06,0.0,DQN_RND,0.001,0.99,mountaincar,sparse
0,4864,-1.0,200,0.004612329415977001,-1.0,5.515097996067198e-07,0.0,DQN_RND,0.001,0.99,mountaincar,sparse
0,4865,-1.0,200,0.005377618130296469,-1.0,1.1017760925824405e-06,0.0,DQN_RND,0.001,0.99,mountaincar,sparse
0,4866,-1.0,200,0.006146308034658432,-1.0,9.723894436319824e-07,0.0,DQN_RND,0.001,0.99,mountaincar,sparse
0,4867,-1.0,200,0.0023096026852726936,-1.0,6.671499477306497e-07,0.0,DQN_RND,0.001,0.99,mountaincar,sparse
0,4868,-1.0,200,0.0015421838033944368,-1.0,1.0828297263287823e-06,0.0,DQN_RND,0.001,0.99,mountaincar,sparse
0,4869,-1.0,200,0.0038424013182520866,-1.0,9.72638758867106e-07,0.0,DQN_RND,0.001,0.99,mountaincar,sparse
0,4870,-1.0,200,0.0030733258463442326,-1.0,3.3500807603559224e-06,0.0,DQN_RND,0.001,0.99,mountaincar,sparse
0,4871,-1.0,200,0.004612267483025789,-1.0,4.4905564209329896e-06,0.0,DQN_RND,0.001,0.99,mountaincar,sparse
0,4872,-1.0,200,0.0053760455921292305,-1.0,6.542408073073602e-07,0.0,DQN_RND,0.001,0.99,mountaincar,sparse
0,4873,-1.0,200,0.0015409572515636683,-1.0,1.3705097217098228e-06,0.0,DQN_RND,0.001,0.99,mountaincar,sparse
0,4874,-1.0,200,0.003072359599173069,-1.0,4.269096280040685e-06,0.0,DQN_RND,0.001,0.99,mountaincar,sparse
0,4875,-1.0,200,0.003075477434322238,-1.0,8.888850402399839e-07,0.0,DQN_RND,0.001,0.99,mountaincar,sparse
0,4876,-1.0,200,0.0053819697350263596,-1.0,8.488008234053268e-07,0.0,DQN_RND,0.001,0.99,mountaincar,sparse
0,4877,-1.0,200,0.00460975244641304,-1.0,2.0212239633110585e-06,0.0,DQN_RND,0.001,0.99,mountaincar,sparse
0,4878,-1.0,200,0.0023054468911141157,-1.0,1.4072436442802427e-06,0.0,DQN_RND,0.001,0.99,mountaincar,sparse
0,4879,-1.0,200,0.003842790611088276,-1.0,3.3260948839597404e-06,0.0,DQN_RND,0.001,0.99,mountaincar,sparse
0,4880,-1.0,200,0.008445984683930874,-1.0,8.812148735160008e-07,0.0,DQN_RND,0.001,0.99,mountaincar,sparse
0,4881,-1.0,200,0.00614344235509634,-1.0,8.94799995876383e-07,0.0,DQN_RND,0.001,0.99,mountaincar,sparse
0,4882,-1.0,200,0.002308520721271634,-1.0,1.0107835350936512e-06,0.0,DQN_RND,0.001,0.99,mountaincar,sparse
0,4883,-1.0,200,0.002309161704033613,-1.0,1.1514091511344304e-06,0.0,DQN_RND,0.001,0.99,mountaincar,sparse
0,4884,-1.0,200,0.006142739672213793,-1.0,3.3720409646775806e-06,0.0,DQN_RND,0.001,0.99,mountaincar,sparse
0,4885,-1.0,200,0.005377358756959438,-1.0,1.5162238469201839e-06,0.0,DQN_RND,0.001,0.99,mountaincar,sparse
0,4886,-1.0,200,0.004606833215802908,-1.0,3.1709455470263492e-06,0.0,DQN_RND,0.001,0.99,mountaincar,sparse
0,4887,-1.0,200,0.0038390837144106627,-1.0,2.0902964479319053e-06,0.0,DQN_RND,0.001,0.99,mountaincar,sparse
0,4888,-1.0,200,0.004607141483575106,-1.0,1.0993179557772237e-06,0.0,DQN_RND,0.001,0.99,mountaincar,sparse
0,4889,-1.0,200,0.0030669765546917915,-1.0,8.789721732682665e-07,0.0,DQN_RND,0.001,0.99,mountaincar,sparse
0,4890,-1.0,200,0.004609301220625639,-1.0,3.5163197935617063e-06,0.0,DQN_RND,0.001,0.99,mountaincar,sparse
0,4891,-1.0,200,0.0023043679539114237,-1.0,1.3166858252589009e-06,0.0,DQN_RND,0.001,0.99,mountaincar,sparse
0,4892,-1.0,200,0.00768189737573266,-1.0,8.152814530149044e-07,0.0,DQN_RND,0.001,0.99,mountaincar,sparse
0,4893,-1.0,200,0.004610085394233465,-1.0,7.574299161206e-07,0.0,DQN_RND,0.001,0.99,mountaincar,sparse
0,4894,-1.0,200,0.003842886770144105,-1.0,3.3161520605062833e-06,0.0,DQN_RND,0.001,0.99,mountaincar,sparse
0,4895,-1.0,200,0.004607050213962793,-1.0,8.319697712977359e-07,0.0,DQN_RND,0.001,0.99,mountaincar,sparse
0,4896,-1.0,200,0.006907407660037279,-1.0,1.3667533949046629e-06,0.0,DQN_RND,0.001,0.99,mountaincar,sparse
0,4897,-1.0,200,0.004608748946338892,-1.0,2.0957584183634026e-06,0.0,DQN_RND,0.001,0.99,mountaincar,sparse
0,4898,-1.0,200,0.004608981776982546,-1.0,7.585487651340372e-07,0.0,DQN_RND,0.001,0.99,mountaincar,sparse
0,4899,-1.0,200,0.0038387032691389322,-1.0,7.153545311666676e-07,0.0,DQN_RND,0.001,0.99,mountaincar,sparse
0,4900,-1.0,200,0.0038350180257111788,-1.0,1.94699259736808e-06,0.0,DQN_RND,0.001,0.99,mountaincar,sparse
0,4901,-1.0,200,0.002305528847500682,-1.0,7.685683272029564e-07,0.0,DQN_RND,0.001,0.99,mountaincar,sparse
0,4902,-1.0,200,0.0023049074225127697,-1.0,7.016471954557346e-07,0.0,DQN_RND,0.001,0.99,mountaincar,sparse
0,4903,-1.0,200,0.0023045765701681376,-1.0,1.0102710348292021e-06,0.0,DQN_RND,0.001,0.99,mountaincar,sparse
0,4904,-1.0,200,0.006139282137155533,-1.0,3.055659590245341e-06,0.0,DQN_RND,0.001,0.99,mountaincar,sparse
0,4905,-1.0,200,0.004604562185704708,-1.0,2.0639663489419036e-06,0.0,DQN_RND,0.001,0.99,mountaincar,sparse
0,4906,-1.0,200,0.002304723719134927,-1.0,1.0114356427948223e-06,0.0,DQN_RND,0.001,0.99,mountaincar,sparse
0,4907,-1.0,200,0.0023016417399048805,-1.0,1.962186843229574e-06,0.0,DQN_RND,0.001,0.99,mountaincar,sparse
0,4908,-1.0,200,0.004601647146046162,-1.0,7.210821877379203e-07,0.0,DQN_RND,0.001,0.99,mountaincar,sparse
0,4909,-1.0,200,0.006132438313215971,-1.0,2.519846475479426e-06,0.0,DQN_RND,0.001,0.99,mountaincar,sparse
0,4910,-1.0,200,0.0030694943852722645,-1.0,7.462047619810619e-07,0.0,DQN_RND,0.001,0.99,mountaincar,sparse
0,4911,-1.0,200,0.003068506019189954,-1.0,1.0240647725368035e-06,0.0,DQN_RND,0.001,0.99,mountaincar,sparse
0,4912,-1.0,200,0.006906471680849791,-1.0,7.49566936519841e-07,0.0,DQN_RND,0.001,0.99,mountaincar,sparse
0,4913,-1.0,200,0.004603276494890451,-1.0,1.3132284948369488e-06,0.0,DQN_RND,0.001,0.99,mountaincar,sparse
0,4914,-1.0,200,0.005369632039219141,-1.0,9.260078286388307e-07,0.0,DQN_RND,0.001,0.99,mountaincar,sparse
0,4915,-1.0,200,0.005368082318454981,-1.0,6.822461386946088e-07,0.0,DQN_RND,0.001,0.99,mountaincar,sparse
0,4916,-1.0,200,0.00460033630952239,-1.0,1.1876433063662262e-06,0.0,DQN_RND,0.001,0.99,mountaincar,sparse
0,4917,-1.0,200,0.005362627096474171,-1.0,6.969778496568324e-07,0.0,DQN_RND,0.001,0.99,mountaincar,sparse
0,4918,-1.0,200,0.004600925371050835,-1.0,6.535239549521066e-07,0.0,DQN_RND,0.001,0.99,mountaincar,sparse
0,4919,-1.0,200,0.0038344329223036766,-1.0,7.310389946724172e-07,0.0,DQN_RND,0.001,0.99,mountaincar,sparse
0,4920,-1.0,200,0.0007677979883737862,-1.0,6.53395147764968e-07,0.0,DQN_RND,0.001,0.99,mountaincar,sparse
0,4921,-1.0,200,0.0015342070255428553,-1.0,6.759931920896634e-07,0.0,DQN_RND,0.001,0.99,mountaincar,sparse
0,4922,-1.0,200,0.0015348254237324,-1.0,1.3552105428971117e-06,0.0,DQN_RND,0.001,0.99,mountaincar,sparse
0,4923,-1.0,200,0.003834372153505683,-1.0,8.893109111340891e-07,0.0,DQN_RND,0.001,0.99,mountaincar,sparse
0,4924,-1.0,200,0.007664449512958527,-1.0,6.696910759274033e-07,0.0,DQN_RND,0.001,0.99,mountaincar,sparse
0,4925,-1.0,200,0.006130852736532688,-1.0,6.799229481657676e-07,0.0,DQN_RND,0.001,0.99,mountaincar,sparse
0,4926,-1.0,200,0.004597713239490986,-1.0,5.224953270044352e-07,0.0,DQN_RND,0.001,0.99,mountaincar,sparse
0,4927,-1.0,200,0.0023001430090516806,-1.0,6.391379088199756e-07,0.0,DQN_RND,0.001,0.99,mountaincar,sparse
0,4928,-1.0,200,0.00229858560487628,-1.0,4.966580036125379e-07,0.0,DQN_RND,0.001,0.99,mountaincar,sparse
0,4929,-1.0,200,0.006127761676907539,-1.0,1.3383853456616635e-06,0.0,DQN_RND,0.001,0.99,mountaincar,sparse
0,4930,-1.0,200,0.0007674269727431238,-1.0,7.504885388698312e-07,0.0,DQN_RND,0.001,0.99,mountaincar,sparse
0,4931,-1.0,200,0.003066072706133127,-1.0,8.952006851359329e-07,0.0,DQN_RND,0.001,0.99,mountaincar,sparse
0,4932,-1.0,200,0.003065930213779211,-1.0,1.386768531119742e-06,0.0,DQN_RND,0.001,0.99,mountaincar,sparse
0,4933,-1.0,200,0.0015334958443418145,-1.0,5.011019084122381e-07,0.0,DQN_RND,0.001,0.99,mountaincar,sparse
0,4934,-1.0,200,0.0053628492169082165,-1.0,4.418730839006457e-07,0.0,DQN_RND,0.001,0.99,mountaincar,sparse
0,4935,-1.0,200,0.006125605199486017,-1.0,8.347908533323789e-07,0.0,DQN_RND,0.001,0.99,mountaincar,sparse
0,4936,-1.0,200,0.005360644776374102,-1.0,3.6215362797520356e-07,0.0,DQN_RND,0.001,0.99,mountaincar,sparse
0,4937,-1.0,200,0.000767361547332257,-1.0,2.99089401778474e-06,0.0,DQN_RND,0.001,0.99,mountaincar,sparse
0,4938,-1.0,200,0.004594435449689627,-1.0,9.55653717937821e-07,0.0,DQN_RND,0.001,0.99,mountaincar,sparse
0,4939,-1.0,200,0.0007665771408937871,-1.0,1.4180475318426033e-06,0.0,DQN_RND,0.001,0.99,mountaincar,sparse
0,4940,-1.0,200,0.006890534423291683,-1.0,5.0374092097627e-07,0.0,DQN_RND,0.001,0.99,mountaincar,sparse
0,4941,-1.0,200,0.002296928782016039,-1.0,2.1777686924906448e-06,0.0,DQN_RND,0.001,0.99,mountaincar,sparse
0,4942,-1.0,200,0.0038283723406493664,-1.0,3.1819428158996743e-07,0.0,DQN_RND,0.001,0.99,mountaincar,sparse
0,4943,-1.0,200,0.003061549039557576,-1.0,3.398389480935293e-07,0.0,DQN_RND,0.001,0.99,mountaincar,sparse
0,4944,-1.0,200,0.0038268009666353464,-1.0,2.7134589686284016e-07,0.0,DQN_RND,0.001,0.99,mountaincar,sparse
0,4945,-1.0,200,0.0045934561640024185,-1.0,3.166119313391391e-07,0.0,DQN_RND,0.001,0.99,mountaincar,sparse
0,4946,-1.0,200,0.002296563470736146,-1.0,2.930029268100043e-07,0.0,DQN_RND,0.001,0.99,mountaincar,sparse
0,4947,-1.0,200,0.0038265949115157127,-1.0,6.275766395447135e-07,0.0,DQN_RND,0.001,0.99,mountaincar,sparse
0,4948,-1.0,200,0.0038284703623503447,-1.0,4.206468133816088e-07,0.0,DQN_RND,0.001,0.99,mountaincar,sparse
0,4949,-1.0,200,0.0015311638126149774,-1.0,3.5808741927212395e-07,0.0,DQN_RND,0.001,0.99,mountaincar,sparse
0,4950,-1.0,200,0.003827700624242425,-1.0,7.502586640839581e-07,0.0,DQN_RND,0.001,0.99,mountaincar,sparse
0,4951,-1.0,200,0.006885412614792585,-1.0,7.211969546006003e-07,0.0,DQN_RND,0.001,0.99,mountaincar,sparse
0,4952,-1.0,200,0.0030625779181718826,-1.0,4.096468728675973e-06,0.0,DQN_RND,0.001,0.99,mountaincar,sparse
0,4953,-1.0,200,0.004589997231960297,-1.0,2.7573760235100053e-06,0.0,DQN_RND,0.001,0.99,mountaincar,sparse
0,4954,-1.0,200,0.006883146241307259,-1.0,1.1352984756740625e-06,0.0,DQN_RND,0.001,0.99,mountaincar,sparse
0,4955,-1.0,200,0.004590111784636974,-1.0,2.707864723561215e-07,0.0,DQN_RND,0.001,0.99,mountaincar,sparse
0,4956,-1.0,200,0.0038240463472902775,-1.0,3.3906612770806532e-06,0.0,DQN_RND,0.001,0.99,mountaincar,sparse
0,4957,-1.0,200,0.005353481043130159,-1.0,1.065258402377367e-06,0.0,DQN_RND,0.001,0.99,mountaincar,sparse
0,4958,-1.0,200,0.0022960982751101255,-1.0,2.469214905431727e-06,0.0,DQN_RND,0.001,0.99,mountaincar,sparse
0,4959,-1.0,200,0.003058091504499316,-1.0,2.2341753265209263e-06,0.0,DQN_RND,0.001,0.99,mountaincar,sparse
0,4960,-1.0,200,0.003058685688301921,-1.0,4.799804287358711e-07,0.0,DQN_RND,0.001,0.99,mountaincar,sparse
0,4961,-1.0,200,0.006880218628793955,-1.0,9.620229093343369e-07,0.0,DQN_RND,0.001,0.99,mountaincar,sparse
0,4962,-1.0,200,0.0015310475137084723,-1.0,4.5079832489136606e-07,0.0,DQN_RND,0.001,0.99,mountaincar,sparse
0,4963,-1.0,200,0.003822886850684881,-1.0,1.304817374148115e-06,0.0,DQN_RND,0.001,0.99,mountaincar,sparse
0,4964,-1.0,200,0.0030580097809433937,-1.0,1.094535264201113e-06,0.0,DQN_RND,0.001,0.99,mountaincar,sparse
0,4965,-1.0,200,0.0045852395705878735,-1.0,6.187633516674396e-07,0.0,DQN_RND,0.001,0.99,mountaincar,sparse
0,4966,-1.0,200,0.002293587429448962,-1.0,4.916087732453889e-07,0.0,DQN_RND,0.001,0.99,mountaincar,sparse
0,4967,-1.0,200,0.0030577778816223145,-1.0,9.107972118727048e-07,0.0,DQN_RND,0.001,0.99,mountaincar,sparse
0,4968,-1.0,200,0.003057429799810052,-1.0,9.984138387153507e-07,0.0,DQN_RND,0.001,0.99,mountaincar,sparse
0,4969,-1.0,200,0.0038206777535378933,-1.0,6.152112064228277e-07,0.0,DQN_RND,0.001,0.99,mountaincar,sparse
0,4970,-1.0,200,2.03937179321656e-06,-1.0,2.554423645051429e-06,0.0,DQN_RND,0.001,0.99,mountaincar,sparse
0,4971,-1.0,200,0.006113875191658735,-1.0,5.116020815876254e-07,0.0,DQN_RND,0.001,0.99,mountaincar,sparse
0,4972,-1.0,200,0.005348868202418089,-1.0,6.589871190954e-07,0.0,DQN_RND,0.001,0.99,mountaincar,sparse
0,4973,-1.0,200,0.0015295430785045028,-1.0,1.044163468577608e-06,0.0,DQN_RND,0.001,0.99,mountaincar,sparse
0,4974,-1.0,200,0.002292926888912916,-1.0,5.333776016414049e-07,0.0,DQN_RND,0.001,0.99,mountaincar,sparse
0,4975,-1.0,200,0.0015304674161598086,-1.0,1.204832528856059e-06,0.0,DQN_RND,0.001,0.99,mountaincar,sparse
0,4976,-1.0,200,0.0015291365562006831,-1.0,9.143320198745641e-07,0.0,DQN_RND,0.001,0.99,mountaincar,sparse
0,4977,-1.0,200,0.004586394876241684,-1.0,5.877642479390488e-07,0.0,DQN_RND,0.001,0.99,mountaincar,sparse
0,4978,-1.0,200,0.005348957143723965,-1.0,1.967319803952705e-06,0.0,DQN_RND,0.001,0.99,mountaincar,sparse
0,4979,-1.0,200,0.006875670049339533,-1.0,7.951202860567719e-07,0.0,DQN_RND,0.001,0.99,mountaincar,sparse
0,4980,-1.0,200,2.376531028858153e-06,-1.0,6.948991426725115e-07,0.0,DQN_RND,0.001,0.99,mountaincar,sparse
0,4981,-1.0,200,0.0038202370051294565,-1.0,6.659799396402377e-07,0.0,DQN_RND,0.001,0.99,mountaincar,sparse
0,4982,-1.0,200,0.004583022091537714,-1.0,1.1745463552870206e-06,0.0,DQN_RND,0.001,0.99,mountaincar,sparse
0,4983,-1.0,200,0.005347315222024918,-1.0,1.6185801996471127e-06,0.0,DQN_RND,0.001,0.99,mountaincar,sparse
0,4984,-1.0,200,0.006110320333391428,-1.0,6.275690225265862e-07,0.0,DQN_RND,0.001,0.99,mountaincar,sparse
0,4985,-1.0,200,0.00229226634837687,-1.0,6.812574042669439e-07,0.0,DQN_RND,0.001,0.99,mountaincar,sparse
0,4986,-1.0,200,0.0030566323548555374,-1.0,2.24683776650636e-06,0.0,DQN_RND,0.001,0.99,mountaincar,sparse
0,4987,-1.0,200,0.0038191010244190693,-1.0,6.945655286472174e-07,0.0,DQN_RND,0.001,0.99,mountaincar,sparse
0,4988,-1.0,200,0.0022915194276720285,-1.0,1.029282884701388e-06,0.0,DQN_RND,0.001,0.99,mountaincar,sparse
0,4989,-1.0,200,0.005343169439584017,-1.0,9.061735681825667e-07,0.0,DQN_RND,0.001,0.99,mountaincar,sparse
0,4990,-1.0,200,0.0022935436572879553,-1.0,2.145679218301666e-06,0.0,DQN_RND,0.001,0.99,mountaincar,sparse
0,4991,-1.0,200,0.0038172982167452574,-1.0,8.524269219378766e-07,0.0,DQN_RND,0.001,0.99,mountaincar,sparse
0,4992,-1.0,200,0.003057725727558136,-1.0,8.628099408269918e-07,0.0,DQN_RND,0.001,0.99,mountaincar,sparse
0,4993,-1.0,200,0.0061073508113622665,-1.0,2.9893460578023223e-06,0.0,DQN_RND,0.001,0.99,mountaincar,sparse
0,4994,-1.0,200,0.0045810057781636715,-1.0,9.305745720666891e-07,0.0,DQN_RND,0.001,0.99,mountaincar,sparse
0,4995,-1.0,200,0.0038197331596165895,-1.0,9.453605684939248e-07,0.0,DQN_RND,0.001,0.99,mountaincar,sparse
0,4996,-1.0,200,0.007632564287632704,-1.0,2.867413741114433e-06,0.0,DQN_RND,0.001,0.99,mountaincar,sparse
0,4997,-1.0,200,0.00229227589443326,-1.0,1.9794172203546623e-06,0.0,DQN_RND,0.001,0.99,mountaincar,sparse
0,4998,-1.0,200,0.003053217427805066,-1.0,1.7238829741472728e-06,0.0,DQN_RND,0.001,0.99,mountaincar,sparse
0,4999,-1.0,200,0.003054889617487788,-1.0,8.444548029729049e-07,0.0,DQN_RND,0.001,0.99,mountaincar,sparse
0,5000,-1.0,200,0.003054823959246278,-1.0,1.1079064279329032e-06,0.0,DQN_RND,0.001,0.99,mountaincar,sparse
0,5001,-1.0,200,0.0015274870675057173,-1.0,2.572387074906146e-06,0.0,DQN_RND,0.001,0.99,mountaincar,sparse
0,5002,-1.0,200,0.0038175866939127445,-1.0,9.360466606267437e-07,0.0,DQN_RND,0.001,0.99,mountaincar,sparse
0,5003,-1.0,200,0.0030548584181815386,-1.0,9.124501048063394e-07,0.0,DQN_RND,0.001,0.99,mountaincar,sparse
0,5004,-1.0,200,0.006866287440061569,-1.0,2.700066715988214e-06,0.0,DQN_RND,0.001,0.99,mountaincar,sparse
0,5005,-1.0,200,0.005341610871255398,-1.0,7.073230108289863e-07,0.0,DQN_RND,0.001,0.99,mountaincar,sparse
0,5006,-1.0,200,0.002290084958076477,-1.0,2.0688237327703973e-06,0.0,DQN_RND,0.001,0.99,mountaincar,sparse
0,5007,-1.0,200,0.003052569692954421,-1.0,1.0124261962118908e-06,0.0,DQN_RND,0.001,0.99,mountaincar,sparse
0,5008,-1.0,200,0.00457834592089057,-1.0,6.036605100234738e-07,0.0,DQN_RND,0.001,0.99,mountaincar,sparse
0,5009,-1.0,200,0.0068650394678115845,-1.0,1.526035134702397e-06,0.0,DQN_RND,0.001,0.99,mountaincar,sparse
0,5010,-1.0,200,0.004578547552227974,-1.0,1.8104896071235999e-06,0.0,DQN_RND,0.001,0.99,mountaincar,sparse
0,5011,-1.0,200,0.003815733827650547,-1.0,3.708161102622398e-06,0.0,DQN_RND,0.001,0.99,mountaincar,sparse
0,5012,-1.0,200,0.006866057403385639,-1.0,1.1967812270086142e-06,0.0,DQN_RND,0.001,0.99,mountaincar,sparse
0,5013,-1.0,200,0.0038176001980900764,-1.0,1.3928730595580419e-06,0.0,DQN_RND,0.001,0.99,mountaincar,sparse
0,5014,-1.0,200,0.003055004635825753,-1.0,2.1454718535096617e-06,0.0,DQN_RND,0.001,0.99,mountaincar,sparse
0,5015,-1.0,200,0.003814829746261239,-1.0,2.102242206092342e-06,0.0,DQN_RND,0.001,0.99,mountaincar,sparse
0,5016,-1.0,200,0.0053390986286103725,-1.0,9.047442972587305e-07,0.0,DQN_RND,0.001,0.99,mountaincar,sparse
0,5017,-1.0,200,0.002292654709890485,-1.0,3.961086349590914e-06,0.0,DQN_RND,0.001,0.99,mountaincar,sparse
0,5018,-1.0,200,0.004577276296913624,-1.0,8.287035484499938e-07,0.0,DQN_RND,0.001,0.99,mountaincar,sparse
0,5019,-1.0,200,0.0022904493380337954,-1.0,6.531175813506707e-07,0.0,DQN_RND,0.001,0.99,mountaincar,sparse
0,5020,-1.0,200,0.001530256005935371,-1.0,1.8981467064804747e-06,0.0,DQN_RND,0.001,0.99,mountaincar,sparse
0,5021,-1.0,200,0.006100497208535671,-1.0,2.494564341759542e-06,0.0,DQN_RND,0.001,0.99,mountaincar,sparse
0,5022,-1.0,200,0.0022892807610332966,-1.0,1.3025829730395344e-06,0.0,DQN_RND,0.001,0.99,mountaincar,sparse
0,5023,-1.0,200,0.006863027811050415,-1.0,2.2316141894407338e-06,0.0,DQN_RND,0.001,0.99,mountaincar,sparse
0,5024,-1.0,200,0.002288042800500989,-1.0,1.9904841792595107e-06,0.0,DQN_RND,0.001,0.99,mountaincar,sparse
0,5025,-1.0,200,0.003815745934844017,-1.0,2.438538103888277e-06,0.0,DQN_RND,0.001,0.99,mountaincar,sparse
0,5026,-1.0,200,0.008388251066207886,-1.0,1.2454991065169452e-06,0.0,DQN_RND,0.001,0.99,mountaincar,sparse
0,5027,-1.0,200,0.0030504693277180195,-1.0,1.2670622027144418e-06,0.0,DQN_RND,0.001,0.99,mountaincar,sparse
0,5028,-1.0,200,0.002289105672389269,-1.0,2.069493120870902e-06,0.0,DQN_RND,0.001,0.99,mountaincar,sparse
0,5029,-1.0,200,0.003051897045224905,-1.0,3.37291521645966e-06,0.0,DQN_RND,0.001,0.99,mountaincar,sparse
0,5030,-1.0,200,0.0022873475681990385,-1.0,2.6231521133013302e-06,0.0,DQN_RND,0.001,0.99,mountaincar,sparse
0,5031,-1.0,200,0.0045725684612989426,-1.0,4.990322395315161e-06,0.0,DQN_RND,0.001,0.99,mountaincar,sparse
0,5032,-1.0,200,0.0061017838306725025,-1.0,1.424478455192002e-06,0.0,DQN_RND,0.001,0.99,mountaincar,sparse
0,5033,-1.0,200,0.006864969618618488,-1.0,1.4437915751841501e-06,0.0,DQN_RND,0.001,0.99,mountaincar,sparse
0,5034,-1.0,200,0.002287554321810603,-1.0,1.3276052186483867e-06,0.0,DQN_RND,0.001,0.99,mountaincar,sparse
0,5035,-1.0,200,0.003814338706433773,-1.0,2.1982862108416157e-06,0.0,DQN_RND,0.001,0.99,mountaincar,sparse
0,5036,-1.0,200,0.0038121475372463465,-1.0,1.2935201993968803e-06,0.0,DQN_RND,0.001,0.99,mountaincar,sparse
0,5037,-1.0,200,0.0030479086562991142,-1.0,6.877090186208079e-07,0.0,DQN_RND,0.001,0.99,mountaincar,sparse
0,5038,-1.0,200,0.0015254049794748425,-1.0,6.824171236985421e-07,0.0,DQN_RND,0.001,0.99,mountaincar,sparse
0,5039,-1.0,200,0.002287104493007064,-1.0,1.4266843209043145e-06,0.0,DQN_RND,0.001,0.99,mountaincar,sparse
0,5040,-1.0,200,0.006093887146562338,-1.0,6.27655253992998e-07,0.0,DQN_RND,0.001,0.99,mountaincar,sparse
0,5041,-1.0,200,0.004574912134557962,-1.0,7.780395208101254e-07,0.0,DQN_RND,0.001,0.99,mountaincar,sparse
0,5042,-1.0,200,0.009139295667409897,-1.0,6.179674301165505e-07,0.0,DQN_RND,0.001,0.99,mountaincar,sparse
0,5043,-1.0,200,0.003810639027506113,-1.0,1.9762301235459745e-06,0.0,DQN_RND,0.001,0.99,mountaincar,sparse
0,5044,-1.0,200,0.004569806158542633,-1.0,2.5325607566628605e-06,0.0,DQN_RND,0.001,0.99,mountaincar,sparse
0,5045,-1.0,200,0.00533354002982378,-1.0,1.2160429605501122e-06,0.0,DQN_RND,0.001,0.99,mountaincar,sparse
0,5046,-1.0,200,0.003808536333963275,-1.0,5.974214332127303e-07,0.0,DQN_RND,0.001,0.99,mountaincar,sparse
0,5047,-1.0,200,0.000766285986173898,-1.0,6.725450703015667e-07,0.0,DQN_RND,0.001,0.99,mountaincar,sparse
0,5048,-1.0,200,0.0030473945662379265,-1.0,5.967255560790363e-07,0.0,DQN_RND,0.001,0.99,mountaincar,sparse
0,5049,-1.0,200,0.0015242618974298239,-1.0,1.8631116063261288e-06,0.0,DQN_RND,0.001,0.99,mountaincar,sparse
0,5050,-1.0,200,0.004573268350213766,-1.0,3.107751808784087e-06,0.0,DQN_RND,0.001,0.99,mountaincar,sparse
0,5051,-1.0,200,0.001526183565147221,-1.0,1.038324853652739e-06,0.0,DQN_RND,0.001,0.99,mountaincar,sparse
0,5052,-1.0,200,0.002287578536197543,-1.0,2.7393891741667176e-06,0.0,DQN_RND,0.001,0.99,mountaincar,sparse
0,5053,-1.0,200,0.006089815404266119,-1.0,1.1352160527167143e-06,0.0,DQN_RND,0.001,0.99,mountaincar,sparse
0,5054,-1.0,200,0.0030474504455924034,-1.0,1.3699417422685656e-06,0.0,DQN_RND,0.001,0.99,mountaincar,sparse
0,5055,-1.0,200,0.001525936764664948,-1.0,6.159421559459588e-07,0.0,DQN_RND,0.001,0.99,mountaincar,sparse
0,5056,-1.0,200,0.002286872360855341,-1.0,1.7221506141140708e-06,0.0,DQN_RND,0.001,0.99,mountaincar,sparse
0,5057,-1.0,200,0.006090331822633743,-1.0,5.953084496468364e-07,0.0,DQN_RND,0.001,0.99,mountaincar,sparse
0,5058,-1.0,200,0.005332814995199442,-1.0,4.105345851712627e-06,0.0,DQN_RND,0.001,0.99,mountaincar,sparse
0,5059,-1.0,200,0.0022865156643092632,-1.0,7.484314892280963e-07,0.0,DQN_RND,0.001,0.99,mountaincar,sparse
0,5060,-1.0,200,0.0030472073704004288,-1.0,5.994016873955843e-07,0.0,DQN_RND,0.001,0.99,mountaincar,sparse
0,5061,-1.0,200,0.0022875501308590174,-1.0,3.3539383821334923e-06,0.0,DQN_RND,0.001,0.99,mountaincar,sparse
0,5062,-1.0,200,0.0015239323256537318,-1.0,1.3856122222932754e-06,0.0,DQN_RND,0.001,0.99,mountaincar,sparse
0,5063,-1.0,200,0.006091932766139507,-1.0,2.4643090910103638e-06,0.0,DQN_RND,0.001,0.99,mountaincar,sparse
0,5064,-1.0,200,0.0015234346501529217,-1.0,5.990173690406664e-07,0.0,DQN_RND,0.001,0.99,mountaincar,sparse
0,5065,-1.0,200,0.004567884374409914,-1.0,8.850872745824745e-07,0.0,DQN_RND,0.001,0.99,mountaincar,sparse
0,5066,-1.0,200,0.0022877976298332214,-1.0,1.3030014542891877e-06,0.0,DQN_RND,0.001,0.99,mountaincar,sparse
0,5067,-1.0,200,0.0045700762420892715,-1.0,1.3158854699213407e-06,0.0,DQN_RND,0.001,0.99,mountaincar,sparse
0,5068,-1.0,200,0.0030472176149487495,-1.0,1.4703319948239368e-06,0.0,DQN_RND,0.001,0.99,mountaincar,sparse
0,5069,-1.0,200,0.002285270020365715,-1.0,1.8311384337721393e-06,0.0,DQN_RND,0.001,0.99,mountaincar,sparse
0,5070,-1.0,200,0.001525367726571858,-1.0,7.608793453073304e-07,0.0,DQN_RND,0.001,0.99,mountaincar,sparse
0,5071,-1.0,200,0.003045325865969062,-1.0,1.1555709988897434e-06,0.0,DQN_RND,0.001,0.99,mountaincar,sparse
0,5072,-1.0,200,0.006094112526625395,-1.0,1.3639230473927455e-06,0.0,DQN_RND,0.001,0.99,mountaincar,sparse
0,5073,-1.0,200,0.005331292748451233,-1.0,1.1654524314508308e-06,0.0,DQN_RND,0.001,0.99,mountaincar,sparse
0,5074,-1.0,200,0.005326602607965469,-1.0,1.261874444935529e-06,0.0,DQN_RND,0.001,0.99,mountaincar,sparse
0,5075,-1.0,200,0.004567704629153013,-1.0,1.0672364396668854e-06,0.0,DQN_RND,0.001,0.99,mountaincar,sparse
0,5076,-1.0,200,0.0030466176103800535,-1.0,1.4483459835901158e-06,0.0,DQN_RND,0.001,0.99,mountaincar,sparse
0,5077,-1.0,200,0.006088795140385628,-1.0,1.0137490562556195e-06,0.0,DQN_RND,0.001,0.99,mountaincar,sparse
0,5078,-1.0,200,0.002285674447193742,-1.0,2.053608341157087e-06,0.0,DQN_RND,0.001,0.99,mountaincar,sparse
0,5079,-1.0,200,0.00380485481582582,-1.0,9.415495014764019e-07,0.0,DQN_RND,0.001,0.99,mountaincar,sparse
0,5080,-1.0,200,0.0038044878747314215,-1.0,6.132075895948219e-07,0.0,DQN_RND,0.001,0.99,mountaincar,sparse
0,5081,-1.0,200,0.004563026130199432,-1.0,9.662131787990802e-07,0.0,DQN_RND,0.001,0.99,mountaincar,sparse
0,5082,-1.0,200,0.006085130851715803,-1.0,1.3913106613472337e-06,0.0,DQN_RND,0.001,0.99,mountaincar,sparse
0,5083,-1.0,200,0.00304283550940454,-1.0,8.681116696607205e-07,0.0,DQN_RND,0.001,0.99,mountaincar,sparse
0,5084,-1.0,200,0.0030437284149229527,-1.0,9.997954748541815e-07,0.0,DQN_RND,0.001,0.99,mountaincar,sparse
0,5085,-1.0,200,0.0007633620407432318,-1.0,2.6217553568130825e-06,0.0,DQN_RND,0.001,0.99,mountaincar,sparse
0,5086,-1.0,200,0.005329046864062548,-1.0,7.638504371243471e-07,0.0,DQN_RND,0.001,0.99,mountaincar,sparse
0,5087,-1.0,200,0.00532651087269187,-1.0,2.2292754238151247e-06,0.0,DQN_RND,0.001,0.99,mountaincar,sparse
0,5088,-1.0,200,0.0053254421800374985,-1.0,6.161359920042742e-07,0.0,DQN_RND,0.001,0.99,mountaincar,sparse
0,5089,-1.0,200,0.004560341127216816,-1.0,1.3236002587291296e-06,0.0,DQN_RND,0.001,0.99,mountaincar,sparse
0,5090,-1.0,200,0.006846029311418533,-1.0,7.310983392017079e-07,0.0,DQN_RND,0.001,0.99,mountaincar,sparse
0,5091,-1.0,200,0.003042425261810422,-1.0,6.032310579939804e-07,0.0,DQN_RND,0.001,0.99,mountaincar,sparse
0,5092,-1.0,200,0.0015220197383314371,-1.0,6.698730317111767e-07,0.0,DQN_RND,0.001,0.99,mountaincar,sparse
0,5093,-1.0,200,0.0022816613782197237,-1.0,3.5594371183833573e-06,0.0,DQN_RND,0.001,0.99,mountaincar,sparse
0,5094,-1.0,200,0.0038025735411792994,-1.0,6.047727652003232e-07,0.0,DQN_RND,0.001,0.99,mountaincar,sparse
0,5095,-1.0,200,0.0015217091422528028,-1.0,7.543391689068812e-07,0.0,DQN_RND,0.001,0.99,mountaincar,sparse
0,5096,-1.0,200,0.0038024091627448797,-1.0,6.972416599637654e-07,0.0,DQN_RND,0.001,0.99,mountaincar,sparse
0,5097,-1.0,200,0.003799235913902521,-1.0,1.1186895108039607e-06,0.0,DQN_RND,0.001,0.99,mountaincar,sparse
0,5098,-1.0,200,0.006845130585134029,-1.0,8.430210982623976e-07,0.0,DQN_RND,0.001,0.99,mountaincar,sparse
0,5099,-1.0,200,0.0038020173087716103,-1.0,7.503772962991206e-07,0.0,DQN_RND,0.001,0.99,mountaincar,sparse
0,5100,-1.0,200,0.004562899004667997,-1.0,1.6684122101651155e-06,0.0,DQN_RND,0.001,0.99,mountaincar,sparse
0,5101,-1.0,200,0.004562207497656345,-1.0,7.193162900875905e-07,0.0,DQN_RND,0.001,0.99,mountaincar,sparse
0,5102,-1.0,200,0.00380142405629158,-1.0,6.34045193237398e-07,0.0,DQN_RND,0.001,0.99,mountaincar,sparse
0,5103,-1.0,200,0.0007617307710461318,-1.0,7.565552095911698e-07,0.0,DQN_RND,0.001,0.99,mountaincar,sparse
0,5104,-1.0,200,0.0015213257865980268,-1.0,1.2396034207995399e-06,0.0,DQN_RND,0.001,0.99,mountaincar,sparse
0,5105,-1.0,200,0.005319681018590927,-1.0,6.938508931852994e-07,0.0,DQN_RND,0.001,0.99,mountaincar,sparse
0,5106,-1.0,200,0.0037995316088199615,-1.0,5.397927793637791e-07,0.0,DQN_RND,0.001,0.99,mountaincar,sparse
0,5107,-1.0,200,0.002279821550473571,-1.0,2.133647512891912e-06,0.0,DQN_RND,0.001,0.99,mountaincar,sparse
0,5108,-1.0,200,0.005319851450622082,-1.0,1.852880359365372e-06,0.0,DQN_RND,0.001,0.99,mountaincar,sparse
0,5109,-1.0,200,0.005319003947079182,-1.0,6.959448910492938e-07,0.0,DQN_RND,0.001,0.99,mountaincar,sparse
0,5110,-1.0,200,0.004558276385068893,-1.0,6.651837907156732e-07,0.0,DQN_RND,0.001,0.99,mountaincar,sparse
0,5111,-1.0,200,0.006837000139057636,-1.0,5.300817065290175e-07,0.0,DQN_RND,0.001,0.99,mountaincar,sparse
0,5112,-1.0,200,0.003039016155526042,-1.0,3.1378792186842475e-07,0.0,DQN_RND,0.001,0.99,mountaincar,sparse
0,5113,-1.0,200,0.0022799845319241285,-1.0,5.934747377978056e-07,0.0,DQN_RND,0.001,0.99,mountaincar,sparse
0,5114,-1.0,200,0.003038891591131687,-1.0,4.7542491188323766e-07,0.0,DQN_RND,0.001,0.99,mountaincar,sparse
0,5115,-1.0,200,0.0068350802175700665,-1.0,5.078965727989271e-07,0.0,DQN_RND,0.001,0.99,mountaincar,sparse
0,5116,-1.0,200,0.005317212548106909,-1.0,3.3498206448712153e-06,0.0,DQN_RND,0.001,0.99,mountaincar,sparse
0,5117,-1.0,200,0.003037970047444105,-1.0,3.3933696386156953e-07,0.0,DQN_RND,0.001,0.99,mountaincar,sparse
0,5118,-1.0,200,0.0015202260110527277,-1.0,4.1093164782068925e-07,0.0,DQN_RND,0.001,0.99,mountaincar,sparse
0,5119,-1.0,200,0.004556387662887573,-1.0,1.0653238859958947e-06,0.0,DQN_RND,0.001,0.99,mountaincar,sparse
0,5120,-1.0,200,0.005315080750733614,-1.0,3.653141220638645e-07,0.0,DQN_RND,0.001,0.99,mountaincar,sparse
0,5121,-1.0,200,0.0030377847142517567,-1.0,4.6329856218108034e-07,0.0,DQN_RND,0.001,0.99,mountaincar,sparse
0,5122,-1.0,200,0.0015198264736682177,-1.0,1.5832257531656069e-06,0.0,DQN_RND,0.001,0.99,mountaincar,sparse
0,5123,-1.0,200,0.00607199314981699,-1.0,3.47659579347237e-07,0.0,DQN_RND,0.001,0.99,mountaincar,sparse
0,5124,-1.0,200,0.0015196268213912845,-1.0,3.1133738502830965e-06,0.0,DQN_RND,0.001,0.99,mountaincar,sparse
0,5125,-1.0,200,0.003037594025954604,-1.0,4.76953971428884e-07,0.0,DQN_RND,0.001,0.99,mountaincar,sparse
0,5126,-1.0,200,0.0053129419684410095,-1.0,4.490627816267079e-07,0.0,DQN_RND,0.001,0.99,mountaincar,sparse
0,5127,-1.0,200,0.006071836221963167,-1.0,9.952776736099622e-07,0.0,DQN_RND,0.001,0.99,mountaincar,sparse
0,5128,-1.0,200,0.003036971902474761,-1.0,3.695340922149626e-07,0.0,DQN_RND,0.001,0.99,mountaincar,sparse
0,5129,-1.0,200,0.0007613864145241678,-1.0,1.168595645140158e-06,0.0,DQN_RND,0.001,0.99,mountaincar,sparse
0,5130,-1.0,200,0.004553220700472593,-1.0,4.905524519926985e-07,0.0,DQN_RND,0.001,0.99,mountaincar,sparse
0,5131,-1.0,200,0.004552139900624752,-1.0,4.0328637851416715e-07,0.0,DQN_RND,0.001,0.99,mountaincar,sparse
0,5132,-1.0,200,0.0053137922659516335,-1.0,1.913425421662396e-06,0.0,DQN_RND,0.001,0.99,mountaincar,sparse
0,5133,-1.0,200,0.006069045513868332,-1.0,6.206718126122723e-07,0.0,DQN_RND,0.001,0.99,mountaincar,sparse
0,5134,-1.0,200,0.0060689980164170265,-1.0,3.226925002763892e-07,0.0,DQN_RND,0.001,0.99,mountaincar,sparse
0,5135,-1.0,200,0.003797550220042467,-1.0,3.090272002737038e-07,0.0,DQN_RND,0.001,0.99,mountaincar,sparse
0,5136,-1.0,200,0.005312496796250343,-1.0,5.341182713891612e-07,0.0,DQN_RND,0.001,0.99,mountaincar,sparse
0,5137,-1.0,200,0.0030355460476130247,-1.0,3.1284750434679154e-07,0.0,DQN_RND,0.001,0.99,mountaincar,sparse
0,5138,-1.0,200,0.004551050253212452,-1.0,8.279115490950062e-07,0.0,DQN_RND,0.001,0.99,mountaincar,sparse
0,5139,-1.0,200,0.003792066127061844,-1.0,2.5410922717128415e-06,0.0,DQN_RND,0.001,0.99,mountaincar,sparse
0,5140,-1.0,200,0.006824973039329052,-1.0,2.8061762691322656e-07,0.0,DQN_RND,0.001,0.99,mountaincar,sparse
0,5141,-1.0,200,0.004553948063403368,-1.0,3.302265270122007e-07,0.0,DQN_RND,0.001,0.99,mountaincar,sparse
0,5142,-1.0,200,0.003035127418115735,-1.0,2.0580700947903097e-06,0.0,DQN_RND,0.001,0.99,mountaincar,sparse
0,5143,-1.0,200,0.004549899138510227,-1.0,1.1334517466821126e-06,0.0,DQN_RND,0.001,0.99,mountaincar,sparse
0,5144,-1.0,200,0.0060634431429207325,-1.0,3.1207517281472974e-07,0.0,DQN_RND,0.001,0.99,mountaincar,sparse
0,5145,-1.0,200,0.0022755961399525404,-1.0,1.3249516541691264e-06,0.0,DQN_RND,0.001,0.99,mountaincar,sparse
0,5146,-1.0,200,0.004550404846668243,-1.0,1.912807874759892e-06,0.0,DQN_RND,0.001,0.99,mountaincar,sparse
0,5147,-1.0,200,0.002277178457006812,-1.0,7.356721880569239e-07,0.0,DQN_RND,0.001,0.99,mountaincar,sparse
0,5148,-1.0,200,0.0030327364802360535,-1.0,2.3818725480850844e-07,0.0,DQN_RND,0.001,0.99,mountaincar,sparse
0,5149,-1.0,200,0.003033694811165333,-1.0,1.2315098274484626e-06,0.0,DQN_RND,0.001,0.99,mountaincar,sparse
0,5150,-1.0,200,0.00833571795374155,-1.0,1.3957128430774901e-06,0.0,DQN_RND,0.001,0.99,mountaincar,sparse
0,5151,-1.0,200,0.003790058195590973,-1.0,3.4076506949531904e-07,0.0,DQN_RND,0.001,0.99,mountaincar,sparse
0,5152,-1.0,200,0.0030314973555505276,-1.0,7.124627927623806e-07,0.0,DQN_RND,0.001,0.99,mountaincar,sparse
0,5153,-1.0,200,0.004548152443021536,-1.0,2.3517027614161634e-07,0.0,DQN_RND,0.001,0.99,mountaincar,sparse
0,5154,-1.0,200,0.002276659244671464,-1.0,1.258623342437204e-06,0.0,DQN_RND,0.001,0.99,mountaincar,sparse
0,5155,-1.0,200,0.006061949767172337,-1.0,1.2085404250683496e-06,0.0,DQN_RND,0.001,0.99,mountaincar,sparse
0,5156,-1.0,200,0.005303641315549612,-1.0,3.010891589383391e-07,0.0,DQN_RND,0.001,0.99,mountaincar,sparse
0,5157,-1.0,200,0.004551079589873552,-1.0,2.8768597530870466e-06,0.0,DQN_RND,0.001,0.99,mountaincar,sparse
0,5158,-1.0,200,0.002278104890137911,-1.0,2.616517633668991e-07,0.0,DQN_RND,0.001,0.99,mountaincar,sparse
0,5159,-1.0,200,0.0068179233931005,-1.0,1.1427163144617225e-06,0.0,DQN_RND,0.001,0.99,mountaincar,sparse
0,5160,-1.0,200,0.0007616101647727191,-1.0,2.50483196850837e-07,0.0,DQN_RND,0.001,0.99,mountaincar,sparse
0,5161,-1.0,200,0.0022759377025067806,-1.0,3.325022248645837e-07,0.0,DQN_RND,0.001,0.99,mountaincar,sparse
0,5162,-1.0,200,0.0030327977146953344,-1.0,4.557367390134459e-07,0.0,DQN_RND,0.001,0.99,mountaincar,sparse
0,5163,-1.0,200,0.00454521831125021,-1.0,7.214165407276596e-07,0.0,DQN_RND,0.001,0.99,mountaincar,sparse
0,5164,-1.0,200,0.0037874237168580294,-1.0,2.7516091449797386e-07,0.0,DQN_RND,0.001,0.99,mountaincar,sparse
0,5165,-1.0,200,0.0037918013986200094,-1.0,3.3401246923858707e-07,0.0,DQN_RND,0.001,0.99,mountaincar,sparse
0,5166,-1.0,200,0.0060616424307227135,-1.0,2.9735804218944395e-07,0.0,DQN_RND,0.001,0.99,mountaincar,sparse
0,5167,-1.0,200,0.0037878311704844236,-1.0,3.165332032040169e-07,0.0,DQN_RND,0.001,0.99,mountaincar,sparse
0,5168,-1.0,200,0.006062027532607317,-1.0,2.803835741360672e-07,0.0,DQN_RND,0.001,0.99,mountaincar,sparse
0,5169,-1.0,200,0.004543640185147524,-1.0,2.946526080904732e-07,0.0,DQN_RND,0.001,0.99,mountaincar,sparse
0,5170,-1.0,200,0.00227352580986917,-1.0,2.8743506845785305e-06,0.0,DQN_RND,0.001,0.99,mountaincar,sparse
0,5171,-1.0,200,0.0030292998999357224,-1.0,4.4284874434197263e-07,0.0,DQN_RND,0.001,0.99,mountaincar,sparse
0,5172,-1.0,200,0.0030294442549347878,-1.0,2.8061563739356643e-07,0.0,DQN_RND,0.001,0.99,mountaincar,sparse
0,5173,-1.0,200,0.002273612655699253,-1.0,3.427755927987164e-07,0.0,DQN_RND,0.001,0.99,mountaincar,sparse
0,5174,-1.0,200,0.0015175928128883243,-1.0,4.613142152720684e-07,0.0,DQN_RND,0.001,0.99,mountaincar,sparse
0,5175,-1.0,200,0.0015173109713941813,-1.0,2.9025525805082e-07,0.0,DQN_RND,0.001,0.99,mountaincar,sparse
0,5176,-1.0,200,0.003788385074585676,-1.0,3.0427005981437105e-07,0.0,DQN_RND,0.001,0.99,mountaincar,sparse
0,5177,-1.0,200,0.005300779826939106,-1.0,2.8814247343689203e-07,0.0,DQN_RND,0.001,0.99,mountaincar,sparse
0,5178,-1.0,200,0.0037865210324525833,-1.0,2.0789841528312536e-06,0.0,DQN_RND,0.001,0.99,mountaincar,sparse
0,5179,-1.0,200,0.003784473054111004,-1.0,3.454689476711792e-06,0.0,DQN_RND,0.001,0.99,mountaincar,sparse
0,5180,-1.0,200,0.004542352166026831,-1.0,4.835377467315993e-07,0.0,DQN_RND,0.001,0.99,mountaincar,sparse
0,5181,-1.0,200,0.004541533067822456,-1.0,3.396252168386127e-07,0.0,DQN_RND,0.001,0.99,mountaincar,sparse
0,5182,-1.0,200,0.001519302953965962,-1.0,9.56628582571284e-07,0.0,DQN_RND,0.001,0.99,mountaincar,sparse
0,5183,-1.0,200,0.005297389347106218,-1.0,1.0790477062982973e-06,0.0,DQN_RND,0.001,0.99,mountaincar,sparse
0,5184,-1.0,200,0.0030278442427515984,-1.0,5.764120487583568e-07,0.0,DQN_RND,0.001,0.99,mountaincar,sparse
0,5185,-1.0,200,0.00908234715461731,-1.0,7.012973810560652e-07,0.0,DQN_RND,0.001,0.99,mountaincar,sparse
0,5186,-1.0,200,0.005297663155943155,-1.0,6.673189432149229e-07,0.0,DQN_RND,0.001,0.99,mountaincar,sparse
0,5187,-1.0,200,0.003031516447663307,-1.0,2.164259285564185e-06,0.0,DQN_RND,0.001,0.99,mountaincar,sparse
0,5188,-1.0,200,0.004540034104138613,-1.0,3.878294592141174e-07,0.0,DQN_RND,0.001,0.99,mountaincar,sparse
0,5189,-1.0,200,0.004540041089057922,-1.0,4.869993517786497e-06,0.0,DQN_RND,0.001,0.99,mountaincar,sparse
0,5190,-1.0,200,0.0015168472891673446,-1.0,1.2743679462801083e-06,0.0,DQN_RND,0.001,0.99,mountaincar,sparse
0,5191,-1.0,200,0.0022695260122418404,-1.0,1.1888324706887943e-06,0.0,DQN_RND,0.001,0.99,mountaincar,sparse
0,5192,-1.0,200,0.0037877531722187996,-1.0,3.5563337519306515e-07,0.0,DQN_RND,0.001,0.99,mountaincar,sparse
0,5193,-1.0,200,0.0037845433689653873,-1.0,2.7758784426623606e-07,0.0,DQN_RND,0.001,0.99,mountaincar,sparse
0,5194,-1.0,200,0.0037843124009668827,-1.0,1.97478379959648e-06,0.0,DQN_RND,0.001,0.99,mountaincar,sparse
0,5195,-1.0,200,0.006051142234355211,-1.0,1.1431822031227057e-06,0.0,DQN_RND,0.001,0.99,mountaincar,sparse
0,5196,-1.0,200,0.0022695153020322323,-1.0,3.2471717759108287e-07,0.0,DQN_RND,0.001,0.99,mountaincar,sparse
0,5197,-1.0,200,0.0007615558570250869,-1.0,2.3293698632187443e-06,0.0,DQN_RND,0.001,0.99,mountaincar,sparse
0,5198,-1.0,200,0.005297282710671425,-1.0,3.2804896363813896e-06,0.0,DQN_RND,0.001,0.99,mountaincar,sparse
0,5199,-1.0,200,0.002271245466545224,-1.0,4.087949321274209e-07,0.0,DQN_RND,0.001,0.99,mountaincar,sparse
0,5200,-1.0,200,0.0075597637332975864,-1.0,3.385480340512004e-07,0.0,DQN_RND,0.001,0.99,mountaincar,sparse
0,5201,-1.0,200,0.004541991278529167,-1.0,3.488737831958133e-07,0.0,DQN_RND,0.001,0.99,mountaincar,sparse
0,5202,-1.0,200,0.005287911742925644,-1.0,3.5980669963464607e-06,0.0,DQN_RND,0.001,0.99,mountaincar,sparse
0,5203,-1.0,200,0.004539886023849249,-1.0,3.6015264868183294e-06,0.0,DQN_RND,0.001,0.99,mountaincar,sparse
0,5204,-1.0,200,0.0037786613684147596,-1.0,4.088392131507135e-07,0.0,DQN_RND,0.001,0.99,mountaincar,sparse
0,5205,-1.0,200,0.003027829108759761,-1.0,3.6116705359745538e-06,0.0,DQN_RND,0.001,0.99,mountaincar,sparse
0,5206,-1.0,200,0.003782587358728051,-1.0,8.305412393383449e-07,0.0,DQN_RND,0.001,0.99,mountaincar,sparse
0,5207,-1.0,200,0.004536912776529789,-1.0,4.768818371303496e-07,0.0,DQN_RND,0.001,0.99,mountaincar,sparse
0,5208,-1.0,200,0.0015193201834335923,-1.0,3.7209571246421547e-07,0.0,DQN_RND,0.001,0.99,mountaincar,sparse
0,5209,-1.0,200,0.006050385069102049,-1.0,4.470676344681124e-07,0.0,DQN_RND,0.001,0.99,mountaincar,sparse
0,5210,-1.0,200,0.00453358655795455,-1.0,3.0689346885992563e-07,0.0,DQN_RND,0.001,0.99,mountaincar,sparse
0,5211,-1.0,200,0.004535706248134375,-1.0,2.687681444513146e-06,0.0,DQN_RND,0.001,0.99,mountaincar,sparse
0,5212,-1.0,200,0.004538169130682945,-1.0,1.7928525721799815e-06,0.0,DQN_RND,0.001,0.99,mountaincar,sparse
0,5213,-1.0,200,0.0037841456942260265,-1.0,3.965615178458393e-06,0.0,DQN_RND,0.001,0.99,mountaincar,sparse
0,5214,-1.0,200,0.0037810455542057753,-1.0,3.066869567192043e-07,0.0,DQN_RND,0.001,0.99,mountaincar,sparse
0,5215,-1.0,200,0.003777977079153061,-1.0,8.241316891144379e-07,0.0,DQN_RND,0.001,0.99,mountaincar,sparse
0,5216,-1.0,200,0.004539571702480316,-1.0,4.6318780277943006e-07,0.0,DQN_RND,0.001,0.99,mountaincar,sparse
0,5217,-1.0,200,0.00454219663515687,-1.0,8.083121088020562e-07,0.0,DQN_RND,0.001,0.99,mountaincar,sparse
0,5218,-1.0,200,0.00679873488843441,-1.0,2.1013700006733416e-06,0.0,DQN_RND,0.001,0.99,mountaincar,sparse
0,5219,-1.0,200,0.006795228458940983,-1.0,4.4762643369722355e-07,0.0,DQN_RND,0.001,0.99,mountaincar,sparse
0,5220,-1.0,200,0.00453602010384202,-1.0,4.242240834173572e-07,0.0,DQN_RND,0.001,0.99,mountaincar,sparse
0,5221,-1.0,200,0.004536301828920841,-1.0,1.7817651496443432e-06,0.0,DQN_RND,0.001,0.99,mountaincar,sparse
0,5222,-1.0,200,0.0037738282699137926,-1.0,1.5714025494162343e-06,0.0,DQN_RND,0.001,0.99,mountaincar,sparse
0,5223,-1.0,200,0.0037807791959494352,-1.0,4.207438450976042e-07,0.0,DQN_RND,0.001,0.99,mountaincar,sparse
0,5224,-1.0,200,0.0045433975756168365,-1.0,1.0832521866177558e-06,0.0,DQN_RND,0.001,0.99,mountaincar,sparse
0,5225,-1.0,200,0.0037809114437550306,-1.0,5.627808263852785e-07,0.0,DQN_RND,0.001,0.99,mountaincar,sparse
0,5226,-1.0,200,0.0045363763347268105,-1.0,2.028425114986021e-06,0.0,DQN_RND,0.001,0.99,mountaincar,sparse
0,5227,-1.0,200,0.0037812977097928524,-1.0,1.051793219630781e-06,0.0,DQN_RND,0.001,0.99,mountaincar,sparse
0,5228,-1.0,200,0.0015125068603083491,-1.0,1.2681152838922571e-06,0.0,DQN_RND,0.001,0.99,mountaincar,sparse
0,5229,-1.0,200,0.0022688950411975384,-1.0,2.474609573255293e-06,0.0,DQN_RND,0.001,0.99,mountaincar,sparse
0,5230,-1.0,200,0.003778318874537945,-1.0,6.317106908682035e-07,0.0,DQN_RND,0.001,0.99,mountaincar,sparse
0,5231,-1.0,200,0.006044942419975996,-1.0,1.2442687875591218e-06,0.0,DQN_RND,0.001,0.99,mountaincar,sparse
0,5232,-1.0,200,0.008307373151183128,-1.0,1.6681746046742774e-06,0.0,DQN_RND,0.001,0.99,mountaincar,sparse
0,5233,-1.0,200,0.0037783104926347733,-1.0,7.840947091608541e-07,0.0,DQN_RND,0.001,0.99,mountaincar,sparse
0,5234,-1.0,200,0.003021398326382041,-1.0,6.510317120955733e-07,0.0,DQN_RND,0.001,0.99,mountaincar,sparse
0,5235,-1.0,200,0.0045340536162257195,-1.0,7.352961688411597e-07,0.0,DQN_RND,0.001,0.99,mountaincar,sparse
0,5236,-1.0,200,0.002273174235597253,-1.0,6.285370659497858e-07,0.0,DQN_RND,0.001,0.99,mountaincar,sparse
0,5237,-1.0,200,0.005282861180603504,-1.0,8.795228154667711e-07,0.0,DQN_RND,0.001,0.99,mountaincar,sparse
0,5238,-1.0,200,0.003023433033376932,-1.0,6.713735274388455e-07,0.0,DQN_RND,0.001,0.99,mountaincar,sparse
0,5239,-1.0,200,0.005285083316266537,-1.0,3.1309464247897267e-06,0.0,DQN_RND,0.001,0.99,mountaincar,sparse
0,5240,-1.0,200,0.0037829000502824783,-1.0,9.230357704836933e-07,0.0,DQN_RND,0.001,0.99,mountaincar,sparse
0,5241,-1.0,200,0.0015135726425796747,-1.0,8.063071277319978e-07,0.0,DQN_RND,0.001,0.99,mountaincar,sparse
0,5242,-1.0,200,0.004534755367785692,-1.0,7.573458447041048e-07,0.0,DQN_RND,0.001,0.99,mountaincar,sparse
0,5243,-1.0,200,0.0037782408762723207,-1.0,1.7663151083979756e-06,0.0,DQN_RND,0.001,0.99,mountaincar,sparse
0,5244,-1.0,200,0.003020205767825246,-1.0,8.394668498112878e-07,0.0,DQN_RND,0.001,0.99,mountaincar,sparse
0,5245,-1.0,200,0.0045368303544819355,-1.0,9.081211373995757e-07,0.0,DQN_RND,0.001,0.99,mountaincar,sparse
0,5246,-1.0,200,0.004532266408205032,-1.0,7.769688750158821e-07,0.0,DQN_RND,0.001,0.99,mountaincar,sparse
0,5247,-1.0,200,0.003025529906153679,-1.0,9.02947647318797e-07,0.0,DQN_RND,0.001,0.99,mountaincar,sparse
0,5248,-1.0,200,0.002268780255690217,-1.0,9.601652664059657e-07,0.0,DQN_RND,0.001,0.99,mountaincar,sparse
0,5249,-1.0,200,0.004531147889792919,-1.0,3.929312242689775e-06,0.0,DQN_RND,0.001,0.99,mountaincar,sparse
0,5250,-1.0,200,0.005286218598484993,-1.0,8.209645443457703e-07,0.0,DQN_RND,0.001,0.99,mountaincar,sparse
0,5251,-1.0,200,0.005284042097628117,-1.0,8.484808518005593e-07,0.0,DQN_RND,0.001,0.99,mountaincar,sparse
0,5252,-1.0,200,0.003018427174538374,-1.0,7.126016043912387e-07,0.0,DQN_RND,0.001,0.99,mountaincar,sparse
0,5253,-1.0,200,0.0030254721641540527,-1.0,9.425397706763761e-07,0.0,DQN_RND,0.001,0.99,mountaincar,sparse
0,5254,-1.0,200,0.0037771498318761587,-1.0,1.5574839835608145e-06,0.0,DQN_RND,0.001,0.99,mountaincar,sparse
0,5255,-1.0,200,0.005284258164465427,-1.0,1.2103636208848911e-06,0.0,DQN_RND,0.001,0.99,mountaincar,sparse
0,5256,-1.0,200,0.005284796468913555,-1.0,1.6793336499176803e-06,0.0,DQN_RND,0.001,0.99,mountaincar,sparse
0,5257,-1.0,200,0.0022694789804518223,-1.0,1.2016115533697302e-06,0.0,DQN_RND,0.001,0.99,mountaincar,sparse
0,5258,-1.0,200,0.005284282378852367,-1.0,1.3474289062287426e-06,0.0,DQN_RND,0.001,0.99,mountaincar,sparse
0,5259,-1.0,200,0.0037783640436828136,-1.0,1.3037245025770972e-06,0.0,DQN_RND,0.001,0.99,mountaincar,sparse
0,5260,-1.0,200,0.00529060373082757,-1.0,8.656210752633342e-07,0.0,DQN_RND,0.001,0.99,mountaincar,sparse
0,5261,-1.0,200,0.0022671620827168226,-1.0,7.683658509449742e-07,0.0,DQN_RND,0.001,0.99,mountaincar,sparse
0,5262,-1.0,200,0.0022686931770294905,-1.0,1.40801171255589e-06,0.0,DQN_RND,0.001,0.99,mountaincar,sparse
0,5263,-1.0,200,0.0022681308910250664,-1.0,1.218505985889351e-06,0.0,DQN_RND,0.001,0.99,mountaincar,sparse
0,5264,-1.0,200,0.0052815992385149,-1.0,8.339884516317397e-07,0.0,DQN_RND,0.001,0.99,mountaincar,sparse
0,5265,-1.0,200,0.00452429661527276,-1.0,2.7270282316749217e-06,0.0,DQN_RND,0.001,0.99,mountaincar,sparse
0,5266,-1.0,200,0.0045258901081979275,-1.0,9.079031997316633e-07,0.0,DQN_RND,0.001,0.99,mountaincar,sparse
0,5267,-1.0,200,0.0015131778782233596,-1.0,1.0383134849689668e-06,0.0,DQN_RND,0.001,0.99,mountaincar,sparse
0,5268,-1.0,200,0.002266747411340475,-1.0,9.735703088153969e-07,0.0,DQN_RND,0.001,0.99,mountaincar,sparse
0,5269,-1.0,200,0.005284924991428852,-1.0,1.4874146927468246e-06,0.0,DQN_RND,0.001,0.99,mountaincar,sparse
0,5270,-1.0,200,0.00528484582901001,-1.0,1.1582667411857983e-06,0.0,DQN_RND,0.001,0.99,mountaincar,sparse
0,5271,-1.0,200,0.006037229672074318,-1.0,1.0326274377803202e-06,0.0,DQN_RND,0.001,0.99,mountaincar,sparse
0,5272,-1.0,200,0.0022700384724885225,-1.0,1.392490730722784e-06,0.0,DQN_RND,0.001,0.99,mountaincar,sparse
0,5273,-1.0,200,0.005281589925289154,-1.0,4.5218903323984705e-06,0.0,DQN_RND,0.001,0.99,mountaincar,sparse
0,5274,-1.0,200,0.0015086905332282186,-1.0,3.977356755058281e-06,0.0,DQN_RND,0.001,0.99,mountaincar,sparse
0,5275,-1.0,200,0.005283782258629799,-1.0,1.2122109183110297e-06,0.0,DQN_RND,0.001,0.99,mountaincar,sparse
0,5276,-1.0,200,0.0015118701849132776,-1.0,1.2224952570250025e-06,0.0,DQN_RND,0.001,0.99,mountaincar,sparse
0,5277,-1.0,200,0.002261163666844368,-1.0,3.1358329124486772e-06,0.0,DQN_RND,0.001,0.99,mountaincar,sparse
0,5278,-1.0,200,0.005283561535179615,-1.0,1.2227164916112088e-06,0.0,DQN_RND,0.001,0.99,mountaincar,sparse
0,5279,-1.0,200,0.006788093596696854,-1.0,1.1595003570619156e-06,0.0,DQN_RND,0.001,0.99,mountaincar,sparse
0,5280,-1.0,200,0.004527771845459938,-1.0,1.2785843637175276e-06,0.0,DQN_RND,0.001,0.99,mountaincar,sparse
0,5281,-1.0,200,0.004524627700448036,-1.0,1.3787729358227807e-06,0.0,DQN_RND,0.001,0.99,mountaincar,sparse
0,5282,-1.0,200,0.005279697012156248,-1.0,1.3872477211407386e-06,0.0,DQN_RND,0.001,0.99,mountaincar,sparse
0,5283,-1.0,200,0.004525837488472462,-1.0,1.4158392787066987e-06,0.0,DQN_RND,0.001,0.99,mountaincar,sparse
0,5284,-1.0,200,0.004529444966465235,-1.0,1.5626675349267316e-06,0.0,DQN_RND,0.001,0.99,mountaincar,sparse
0,5285,-1.0,200,0.003771653864532709,-1.0,1.3548473134505912e-06,0.0,DQN_RND,0.001,0.99,mountaincar,sparse
0,5286,-1.0,200,0.002261471003293991,-1.0,1.3325645795703167e-06,0.0,DQN_RND,0.001,0.99,mountaincar,sparse
0,5287,-1.0,200,0.002267676405608654,-1.0,2.0309696537879063e-06,0.0,DQN_RND,0.001,0.99,mountaincar,sparse
0,5288,-1.0,200,0.004524043295532465,-1.0,1.300211692978337e-06,0.0,DQN_RND,0.001,0.99,mountaincar,sparse
0,5289,-1.0,200,0.0022677460219711065,-1.0,1.3201632782511297e-06,0.0,DQN_RND,0.001,0.99,mountaincar,sparse
0,5290,-1.0,200,0.006032151635736227,-1.0,4.389736659504706e-06,0.0,DQN_RND,0.001,0.99,mountaincar,sparse
0,5291,-1.0,200,0.006033845245838165,-1.0,1.4106722119322512e-06,0.0,DQN_RND,0.001,0.99,mountaincar,sparse
0,5292,-1.0,200,0.0022632069885730743,-1.0,1.4272710586737958e-06,0.0,DQN_RND,0.001,0.99,mountaincar,sparse
0,5293,-1.0,200,4.00707358494401e-06,-1.0,3.032962467841571e-06,0.0,DQN_RND,0.001,0.99,mountaincar,sparse
0,5294,-1.0,200,0.0037721493281424046,-1.0,4.442800218384946e-06,0.0,DQN_RND,0.001,0.99,mountaincar,sparse
0,5295,-1.0,200,0.0007582936086691916,-1.0,1.2939225371155771e-06,0.0,DQN_RND,0.001,0.99,mountaincar,sparse
0,5296,-1.0,200,0.0037743570283055305,-1.0,1.2861310096923262e-06,0.0,DQN_RND,0.001,0.99,mountaincar,sparse
0,5297,-1.0,200,0.0030171966645866632,-1.0,1.3170987358535058e-06,0.0,DQN_RND,0.001,0.99,mountaincar,sparse
0,5298,-1.0,200,0.0052769724279642105,-1.0,1.3158169167581946e-06,0.0,DQN_RND,0.001,0.99,mountaincar,sparse
0,5299,-1.0,200,0.0022662172559648752,-1.0,3.852886948152445e-06,0.0,DQN_RND,0.001,0.99,mountaincar,sparse
0,5300,-1.0,200,0.002265169518068433,-1.0,1.143108534051862e-06,0.0,DQN_RND,0.001,0.99,mountaincar,sparse
0,5301,-1.0,200,0.006032005418092012,-1.0,1.8656305655895267e-06,0.0,DQN_RND,0.001,0.99,mountaincar,sparse
0,5302,-1.0,200,0.0015087288338690996,-1.0,1.3916709349359735e-06,0.0,DQN_RND,0.001,0.99,mountaincar,sparse
0,5303,-1.0,200,0.0007575260824523866,-1.0,1.409413243891322e-06,0.0,DQN_RND,0.001,0.99,mountaincar,sparse
0,5304,-1.0,200,0.0030186434742063284,-1.0,3.559786819096189e-06,0.0,DQN_RND,0.001,0.99,mountaincar,sparse
0,5305,-1.0,200,0.0030146725475788116,-1.0,1.0769377922770218e-06,0.0,DQN_RND,0.001,0.99,mountaincar,sparse
0,5306,-1.0,200,0.002262609777972102,-1.0,1.1897197964572115e-06,0.0,DQN_RND,0.001,0.99,mountaincar,sparse
0,5307,-1.0,200,0.0022635660134255886,-1.0,1.8572302451502765e-06,0.0,DQN_RND,0.001,0.99,mountaincar,sparse
0,5308,-1.0,200,0.0022643667180091143,-1.0,1.3539627161662793e-06,0.0,DQN_RND,0.001,0.99,mountaincar,sparse
0,5309,-1.0,200,0.0030139589216560125,-1.0,8.208988333535672e-07,0.0,DQN_RND,0.001,0.99,mountaincar,sparse
0,5310,-1.0,200,0.003767939517274499,-1.0,1.0695773653424112e-06,0.0,DQN_RND,0.001,0.99,mountaincar,sparse
0,5311,-1.0,200,0.004522867500782013,-1.0,8.471784553876205e-07,0.0,DQN_RND,0.001,0.99,mountaincar,sparse
0,5312,-1.0,200,0.00527694309130311,-1.0,1.198578615912993e-06,0.0,DQN_RND,0.001,0.99,mountaincar,sparse
0,5313,-1.0,200,0.003015068592503667,-1.0,1.1000595350196818e-06,0.0,DQN_RND,0.001,0.99,mountaincar,sparse
0,5314,-1.0,200,0.003013302106410265,-1.0,1.0993712749041151e-06,0.0,DQN_RND,0.001,0.99,mountaincar,sparse
0,5315,-1.0,200,0.004518643021583557,-1.0,9.699903102955432e-07,0.0,DQN_RND,0.001,0.99,mountaincar,sparse
0,5316,-1.0,200,0.002258036518469453,-1.0,4.275983428669861e-06,0.0,DQN_RND,0.001,0.99,mountaincar,sparse
0,5317,-1.0,200,0.007527485489845276,-1.0,1.0315776535207988e-06,0.0,DQN_RND,0.001,0.99,mountaincar,sparse
0,5318,-1.0,200,0.0060260402970016,-1.0,1.217663111674483e-06,0.0,DQN_RND,0.001,0.99,mountaincar,sparse
0,5319,-1.0,200,0.0045158276334404945,-1.0,1.0810689445861499e-06,0.0,DQN_RND,0.001,0.99,mountaincar,sparse
0,5320,-1.0,200,0.00301196426153183,-1.0,3.508262125251349e-06,0.0,DQN_RND,0.001,0.99,mountaincar,sparse
0,5321,-1.0,200,0.0007566314889118075,-1.0,1.2467431815821328e-06,0.0,DQN_RND,0.001,0.99,mountaincar,sparse
0,5322,-1.0,200,0.005273934919387102,-1.0,1.2070698858224205e-06,0.0,DQN_RND,0.001,0.99,mountaincar,sparse
0,5323,-1.0,200,0.0015082062454894185,-1.0,1.1606482530623907e-06,0.0,DQN_RND,0.001,0.99,mountaincar,sparse
0,5324,-1.0,200,0.005274608265608549,-1.0,2.8252241008885903e-06,0.0,DQN_RND,0.001,0.99,mountaincar,sparse
0,5325,-1.0,200,0.006022983230650425,-1.0,1.3104042864142684e-06,0.0,DQN_RND,0.001,0.99,mountaincar,sparse
0,5326,-1.0,200,0.0007546502747572958,-1.0,3.756339083338389e-06,0.0,DQN_RND,0.001,0.99,mountaincar,sparse
0,5327,-1.0,200,0.0037667546421289444,-1.0,3.112293143203715e-06,0.0,DQN_RND,0.001,0.99,mountaincar,sparse
0,5328,-1.0,200,0.0030149859376251698,-1.0,1.1732075790860108e-06,0.0,DQN_RND,0.001,0.99,mountaincar,sparse
0,5329,-1.0,200,0.005269540473818779,-1.0,3.585246986403945e-06,0.0,DQN_RND,0.001,0.99,mountaincar,sparse
0,5330,-1.0,200,0.006024428643286228,-1.0,1.1885546200574026e-06,0.0,DQN_RND,0.001,0.99,mountaincar,sparse
0,5331,-1.0,200,0.0022586022969335318,-1.0,1.2278607073312742e-06,0.0,DQN_RND,0.001,0.99,mountaincar,sparse
0,5332,-1.0,200,0.0060214330442249775,-1.0,1.313836946792435e-06,0.0,DQN_RND,0.001,0.99,mountaincar,sparse
0,5333,-1.0,200,0.0015079909935593605,-1.0,1.693366129984497e-06,0.0,DQN_RND,0.001,0.99,mountaincar,sparse
0,5334,-1.0,200,0.004515692126005888,-1.0,1.4979596016928554e-06,0.0,DQN_RND,0.001,0.99,mountaincar,sparse
0,5335,-1.0,200,0.005267214495688677,-1.0,1.2459164508982212e-06,0.0,DQN_RND,0.001,0.99,mountaincar,sparse
0,5336,-1.0,200,0.006769153755158186,-1.0,1.756851133905002e-06,0.0,DQN_RND,0.001,0.99,mountaincar,sparse
0,5337,-1.0,200,0.002258612774312496,-1.0,3.5239511362306075e-06,0.0,DQN_RND,0.001,0.99,mountaincar,sparse
0,5338,-1.0,200,0.003763551125302911,-1.0,1.4587667465093546e-06,0.0,DQN_RND,0.001,0.99,mountaincar,sparse
0,5339,-1.0,200,0.0037630018778145313,-1.0,1.6348370763807907e-06,0.0,DQN_RND,0.001,0.99,mountaincar,sparse
0,5340,-1.0,200,0.0075253769755363464,-1.0,1.473264546802966e-06,0.0,DQN_RND,0.001,0.99,mountaincar,sparse
0,5341,-1.0,200,0.003009954933077097,-1.0,1.4759129953745287e-06,0.0,DQN_RND,0.001,0.99,mountaincar,sparse
0,5342,-1.0,200,0.000754397886339575,-1.0,1.3463630921251024e-06,0.0,DQN_RND,0.001,0.99,mountaincar,sparse
0,5343,-1.0,200,0.006769483909010887,-1.0,1.8554211465016124e-06,0.0,DQN_RND,0.001,0.99,mountaincar,sparse
0,5344,-1.0,200,0.0037598740309476852,-1.0,3.1098347790248226e-06,0.0,DQN_RND,0.001,0.99,mountaincar,sparse
0,5345,-1.0,200,0.007519750855863094,-1.0,1.2700777460850077e-06,0.0,DQN_RND,0.001,0.99,mountaincar,sparse
0,5346,-1.0,200,0.006765227299183607,-1.0,1.1554467391761136e-06,0.0,DQN_RND,0.001,0.99,mountaincar,sparse
0,5347,-1.0,200,0.004511562176048756,-1.0,1.3081698853056878e-06,0.0,DQN_RND,0.001,0.99,mountaincar,sparse
0,5348,-1.0,200,0.003008612897247076,-1.0,1.8702323814068222e-06,0.0,DQN_RND,0.001,0.99,mountaincar,sparse
0,5349,-1.0,200,0.002254980383440852,-1.0,1.6019946542655816e-06,0.0,DQN_RND,0.001,0.99,mountaincar,sparse
0,5350,-1.0,200,0.0030079290736466646,-1.0,2.7276628316030838e-06,0.0,DQN_RND,0.001,0.99,mountaincar,sparse
0,5351,-1.0,200,0.0037566302344202995,-1.0,2.5530389393679798e-06,0.0,DQN_RND,0.001,0.99,mountaincar,sparse
0,5352,-1.0,200,0.002254921942949295,-1.0,1.4055668771106866e-06,0.0,DQN_RND,0.001,0.99,mountaincar,sparse
0,5353,-1.0,200,0.0007537082419730723,-1.0,1.900128836496151e-06,0.0,DQN_RND,0.001,0.99,mountaincar,sparse
0,5354,-1.0,200,0.0022557845804840326,-1.0,1.4128243037703214e-06,0.0,DQN_RND,0.001,0.99,mountaincar,sparse
0,5355,-1.0,200,0.006010312587022781,-1.0,4.925317171000643e-06,0.0,DQN_RND,0.001,0.99,mountaincar,sparse
0,5356,-1.0,200,0.004509157966822386,-1.0,1.9243780116084963e-06,0.0,DQN_RND,0.001,0.99,mountaincar,sparse
0,5357,-1.0,200,0.003006908344104886,-1.0,1.9060322529185214e-06,0.0,DQN_RND,0.001,0.99,mountaincar,sparse
0,5358,-1.0,200,0.003008606843650341,-1.0,1.7319582639174769e-06,0.0,DQN_RND,0.001,0.99,mountaincar,sparse
0,5359,-1.0,200,0.006008476484566927,-1.0,1.6723801081752754e-06,0.0,DQN_RND,0.001,0.99,mountaincar,sparse
0,5360,-1.0,200,0.00450787041336298,-1.0,1.5410531659654225e-06,0.0,DQN_RND,0.001,0.99,mountaincar,sparse
0,5361,-1.0,200,0.006008387077599764,-1.0,3.3049941521312576e-06,0.0,DQN_RND,0.001,0.99,mountaincar,sparse
0,5362,-1.0,200,0.004506253637373447,-1.0,1.7477019582656794e-06,0.0,DQN_RND,0.001,0.99,mountaincar,sparse
0,5363,-1.0,200,0.00150429701898247,-1.0,2.1361270228226203e-06,0.0,DQN_RND,0.001,0.99,mountaincar,sparse
0,5364,-1.0,200,0.002255700994282961,-1.0,2.03615286409331e-06,0.0,DQN_RND,0.001,0.99,mountaincar,sparse
0,5365,-1.0,200,0.005255330353975296,-1.0,1.9787380551861133e-06,0.0,DQN_RND,0.001,0.99,mountaincar,sparse
0,5366,-1.0,200,0.0037575713358819485,-1.0,1.9538592823664658e-06,0.0,DQN_RND,0.001,0.99,mountaincar,sparse
0,5367,-1.0,200,0.0015026599867269397,-1.0,2.0047991711180657e-06,0.0,DQN_RND,0.001,0.99,mountaincar,sparse
0,5368,-1.0,200,0.002255425788462162,-1.0,3.0478033750114264e-06,0.0,DQN_RND,0.001,0.99,mountaincar,sparse
0,5369,-1.0,200,0.004504410084336996,-1.0,2.6635723315848736e-06,0.0,DQN_RND,0.001,0.99,mountaincar,sparse
0,5370,-1.0,200,0.003754531964659691,-1.0,3.2783325423224596e-06,0.0,DQN_RND,0.001,0.99,mountaincar,sparse
0,5371,-1.0,200,0.006007836665958166,-1.0,4.890443051408511e-06,0.0,DQN_RND,0.001,0.99,mountaincar,sparse
0,5372,-1.0,200,0.005256081465631723,-1.0,2.4728281005081953e-06,0.0,DQN_RND,0.001,0.99,mountaincar,sparse
0,5373,-1.0,200,0.003004904603585601,-1.0,1.7351262613374274e-06,0.0,DQN_RND,0.001,0.99,mountaincar,sparse
0,5374,-1.0,200,0.005255395080894232,-1.0,1.970586936295149e-06,0.0,DQN_RND,0.001,0.99,mountaincar,sparse
0,5375,-1.0,200,0.001501923892647028,-1.0,2.2243120838538744e-06,0.0,DQN_RND,0.001,0.99,mountaincar,sparse
0,5376,-1.0,200,0.005254271440207958,-1.0,2.3452589630323928e-06,0.0,DQN_RND,0.001,0.99,mountaincar,sparse
0,5377,-1.0,200,0.006000974215567112,-1.0,4.554583483695751e-06,0.0,DQN_RND,0.001,0.99,mountaincar,sparse
0,5378,-1.0,200,0.004505799617618322,-1.0,2.5812687454163097e-06,0.0,DQN_RND,0.001,0.99,mountaincar,sparse
0,5379,-1.0,200,0.002253022976219654,-1.0,2.6446753054187866e-06,0.0,DQN_RND,0.001,0.99,mountaincar,sparse
0,5380,-1.0,200,0.003752337768673897,-1.0,5.381834398576757e-06,0.0,DQN_RND,0.001,0.99,mountaincar,sparse
0,5381,-1.0,200,0.005251591093838215,-1.0,2.7727467113436433e-06,0.0,DQN_RND,0.001,0.99,mountaincar,sparse
0,5382,-1.0,200,0.002998420037329197,-1.0,3.5520147321221884e-06,0.0,DQN_RND,0.001,0.99,mountaincar,sparse
0,5383,-1.0,200,0.0022549524437636137,-1.0,8.230057574110106e-06,0.0,DQN_RND,0.001,0.99,mountaincar,sparse
0,5384,-1.0,200,0.0022548455744981766,-1.0,7.173211542976787e-06,0.0,DQN_RND,0.001,0.99,mountaincar,sparse
0,5385,-1.0,200,0.0022519310005009174,-1.0,1.2425475688360166e-06,0.0,DQN_RND,0.001,0.99,mountaincar,sparse
0,5386,-1.0,200,0.006001846864819527,-1.0,2.8177346393931657e-06,0.0,DQN_RND,0.001,0.99,mountaincar,sparse
0,5387,-1.0,200,0.0030041299760341644,-1.0,2.932868255811627e-06,0.0,DQN_RND,0.001,0.99,mountaincar,sparse
0,5388,-1.0,200,0.005251362454146147,-1.0,3.5362422750040423e-06,0.0,DQN_RND,0.001,0.99,mountaincar,sparse
0,5389,-1.0,200,0.0037529494147747755,-1.0,3.3145906854770146e-06,0.0,DQN_RND,0.001,0.99,mountaincar,sparse
0,5390,-1.0,200,0.0015048027271404862,-1.0,4.465961865207646e-06,0.0,DQN_RND,0.001,0.99,mountaincar,sparse
0,5391,-1.0,200,0.0037529156543314457,-1.0,9.144493560597766e-06,0.0,DQN_RND,0.001,0.99,mountaincar,sparse
0,5392,-1.0,200,0.002998271258547902,-1.0,2.972260745082167e-06,0.0,DQN_RND,0.001,0.99,mountaincar,sparse
0,5393,-1.0,200,0.006745570804923773,-1.0,6.873608526802855e-06,0.0,DQN_RND,0.001,0.99,mountaincar,sparse
0,5394,-1.0,200,0.0037509845569729805,-1.0,2.201074494223576e-06,0.0,DQN_RND,0.001,0.99,mountaincar,sparse
0,5395,-1.0,200,0.0030031264759600163,-1.0,3.527371973177651e-06,0.0,DQN_RND,0.001,0.99,mountaincar,sparse
0,5396,-1.0,200,0.0015059389406815171,-1.0,1.1056060429837089e-05,0.0,DQN_RND,0.001,0.99,mountaincar,sparse
0,5397,-1.0,200,0.0037545389495790005,-1.0,8.198245268431492e-06,0.0,DQN_RND,0.001,0.99,mountaincar,sparse
0,5398,-1.0,200,0.006747710518538952,-1.0,4.805189746548422e-06,0.0,DQN_RND,0.001,0.99,mountaincar,sparse
0,5399,-1.0,200,0.003752513322979212,-1.0,2.514209199944162e-06,0.0,DQN_RND,0.001,0.99,mountaincar,sparse
0,5400,-1.0,200,0.006001084111630917,-1.0,1.2236722568559344e-06,0.0,DQN_RND,0.001,0.99,mountaincar,sparse
0,5401,-1.0,200,0.0022492334246635437,-1.0,8.617859634796332e-07,0.0,DQN_RND,0.001,0.99,mountaincar,sparse
0,5402,-1.0,200,0.0037529070395976305,-1.0,6.324072273855563e-06,0.0,DQN_RND,0.001,0.99,mountaincar,sparse
0,5403,-1.0,200,0.006001852452754974,-1.0,9.85162205324741e-06,0.0,DQN_RND,0.001,0.99,mountaincar,sparse
0,5404,-1.0,200,0.00300200586207211,-1.0,5.913094014431408e-07,0.0,DQN_RND,0.001,0.99,mountaincar,sparse
0,5405,-1.0,200,0.004500294104218483,-1.0,4.853211521549383e-07,0.0,DQN_RND,0.001,0.99,mountaincar,sparse
0,5406,-1.0,200,0.003742694389075041,-1.0,8.228924343711697e-06,0.0,DQN_RND,0.001,0.99,mountaincar,sparse
0,5407,-1.0,200,0.003002045676112175,-1.0,6.66257756165578e-06,0.0,DQN_RND,0.001,0.99,mountaincar,sparse
0,5408,-1.0,200,0.003748869290575385,-1.0,1.2642976798815653e-06,0.0,DQN_RND,0.001,0.99,mountaincar,sparse
0,5409,-1.0,200,0.004503156058490276,-1.0,4.3004394001400215e-07,0.0,DQN_RND,0.001,0.99,mountaincar,sparse
0,5410,-1.0,200,0.004501969553530216,-1.0,9.80369259195868e-06,0.0,DQN_RND,0.001,0.99,mountaincar,sparse
0,5411,-1.0,200,0.006753083318471909,-1.0,9.614369673727197e-07,0.0,DQN_RND,0.001,0.99,mountaincar,sparse
0,5412,-1.0,200,0.002996733644977212,-1.0,5.620595857180888e-06,0.0,DQN_RND,0.001,0.99,mountaincar,sparse
0,5413,-1.0,200,0.006001478061079979,-1.0,5.23293806509173e-07,0.0,DQN_RND,0.001,0.99,mountaincar,sparse
0,5414,-1.0,200,0.004498538561165333,-1.0,7.171652214310598e-07,0.0,DQN_RND,0.001,0.99,mountaincar,sparse
0,5415,-1.0,200,0.004503857344388962,-1.0,7.757171260891482e-06,0.0,DQN_RND,0.001,0.99,mountaincar,sparse
0,5416,-1.0,200,0.00300020445138216,-1.0,6.928291895746952e-07,0.0,DQN_RND,0.001,0.99,mountaincar,sparse
0,5417,-1.0,200,0.001499835285358131,-1.0,4.624097016403539e-07,0.0,DQN_RND,0.001,0.99,mountaincar,sparse
0,5418,-1.0,200,0.0022488769609481096,-1.0,3.0573969524994027e-06,0.0,DQN_RND,0.001,0.99,mountaincar,sparse
0,5419,-1.0,200,0.004499427042901516,-1.0,5.897964001633227e-06,0.0,DQN_RND,0.001,0.99,mountaincar,sparse
0,5420,-1.0,200,0.004495301283895969,-1.0,2.9644918413396226e-06,0.0,DQN_RND,0.001,0.99,mountaincar,sparse
0,5421,-1.0,200,0.002252065809443593,-1.0,6.358673090289813e-07,0.0,DQN_RND,0.001,0.99,mountaincar,sparse
0,5422,-1.0,200,0.004497232381254435,-1.0,1.0792107786983252e-05,0.0,DQN_RND,0.001,0.99,mountaincar,sparse
0,5423,-1.0,200,0.005247133318334818,-1.0,5.946548753854586e-06,0.0,DQN_RND,0.001,0.99,mountaincar,sparse
0,5424,-1.0,200,0.0015021070139482617,-1.0,6.084704637032701e-06,0.0,DQN_RND,0.001,0.99,mountaincar,sparse
0,5425,-1.0,200,0.004498045425862074,-1.0,2.400654238954303e-06,0.0,DQN_RND,0.001,0.99,mountaincar,sparse
0,5426,-1.0,200,0.004496540874242783,-1.0,9.299194516643183e-07,0.0,DQN_RND,0.001,0.99,mountaincar,sparse
0,5427,-1.0,200,0.002247587079182267,-1.0,1.9177307422069134e-06,0.0,DQN_RND,0.001,0.99,mountaincar,sparse
0,5428,-1.0,200,0.00450039841234684,-1.0,7.441939033014933e-06,0.0,DQN_RND,0.001,0.99,mountaincar,sparse
0,5429,-1.0,200,0.005996269173920155,-1.0,4.4915921648680524e-07,0.0,DQN_RND,0.001,0.99,mountaincar,sparse
0,5430,-1.0,200,0.0037446459755301476,-1.0,6.542466962855542e-06,0.0,DQN_RND,0.001,0.99,mountaincar,sparse
0,5431,-1.0,200,0.0029978954698890448,-1.0,4.294319069231278e-07,0.0,DQN_RND,0.001,0.99,mountaincar,sparse
0,5432,-1.0,200,0.0030016473028808832,-1.0,2.5734948394529056e-06,0.0,DQN_RND,0.001,0.99,mountaincar,sparse
0,5433,-1.0,200,0.0022497521713376045,-1.0,4.6147007992658473e-07,0.0,DQN_RND,0.001,0.99,mountaincar,sparse
0,5434,-1.0,200,0.0015049573266878724,-1.0,2.9147922759875655e-06,0.0,DQN_RND,0.001,0.99,mountaincar,sparse
0,5435,-1.0,200,0.004495327360928059,-1.0,4.6361557792806707e-07,0.0,DQN_RND,0.001,0.99,mountaincar,sparse
0,5436,-1.0,200,0.004505517892539501,-1.0,7.519728114857571e-06,0.0,DQN_RND,0.001,0.99,mountaincar,sparse
0,5437,-1.0,200,0.005245035979896784,-1.0,3.862865469272947e-06,0.0,DQN_RND,0.001,0.99,mountaincar,sparse
0,5438,-1.0,200,0.00299906637519598,-1.0,5.52373421669472e-06,0.0,DQN_RND,0.001,0.99,mountaincar,sparse
0,5439,-1.0,200,0.003749836701899767,-1.0,7.216724043246359e-06,0.0,DQN_RND,0.001,0.99,mountaincar,sparse
0,5440,-1.0,200,0.0015019385609775782,-1.0,6.176318038342288e-06,0.0,DQN_RND,0.001,0.99,mountaincar,sparse
0,5441,-1.0,200,0.004500421695411205,-1.0,3.6253047710488318e-06,0.0,DQN_RND,0.001,0.99,mountaincar,sparse
0,5442,-1.0,200,0.004500205162912607,-1.0,1.0907596106335404e-06,0.0,DQN_RND,0.001,0.99,mountaincar,sparse
0,5443,-1.0,200,0.002997585106641054,-1.0,7.913334343356837e-07,0.0,DQN_RND,0.001,0.99,mountaincar,sparse
0,5444,-1.0,200,0.0074879503808915615,-1.0,6.5617391555861104e-06,0.0,DQN_RND,0.001,0.99,mountaincar,sparse
0,5445,-1.0,200,0.0022524623200297356,-1.0,1.6985574120553792e-06,0.0,DQN_RND,0.001,0.99,mountaincar,sparse
0,5446,-1.0,200,0.006739448290318251,-1.0,5.571816018345999e-06,0.0,DQN_RND,0.001,0.99,mountaincar,sparse
0,5447,-1.0,200,0.005244728643447161,-1.0,5.383290499594295e-06,0.0,DQN_RND,0.001,0.99,mountaincar,sparse
0,5448,-1.0,200,0.004495205357670784,-1.0,5.291543629937223e-07,0.0,DQN_RND,0.001,0.99,mountaincar,sparse
0,5449,-1.0,200,0.002246041316539049,-1.0,6.1894202190160286e-06,0.0,DQN_RND,0.001,0.99,mountaincar,sparse
0,5450,-1.0,200,0.0052462248131632805,-1.0,5.560764861911593e-07,0.0,DQN_RND,0.001,0.99,mountaincar,sparse
0,5451,-1.0,200,0.003742452710866928,-1.0,5.684178177034482e-06,0.0,DQN_RND,0.001,0.99,mountaincar,sparse
0,5452,-1.0,200,0.003744998713955283,-1.0,1.7064746771211503e-06,0.0,DQN_RND,0.001,0.99,mountaincar,sparse
0,5453,-1.0,200,0.0029958768282085657,-1.0,1.9071867427555844e-06,0.0,DQN_RND,0.001,0.99,mountaincar,sparse
0,5454,-1.0,200,0.004492768086493015,-1.0,7.916135587038298e-07,0.0,DQN_RND,0.001,0.99,mountaincar,sparse
0,5455,-1.0,200,0.004494152031838894,-1.0,8.955460543802474e-06,0.0,DQN_RND,0.001,0.99,mountaincar,sparse
0,5456,-1.0,200,0.005244455765932798,-1.0,7.592831025249325e-06,0.0,DQN_RND,0.001,0.99,mountaincar,sparse
0,5457,-1.0,200,0.002244403352960944,-1.0,5.474101953950594e-07,0.0,DQN_RND,0.001,0.99,mountaincar,sparse
0,5458,-1.0,200,0.002996170660480857,-1.0,8.037669431359973e-06,0.0,DQN_RND,0.001,0.99,mountaincar,sparse
0,5459,-1.0,200,0.0014974744990468025,-1.0,5.53711686279712e-07,0.0,DQN_RND,0.001,0.99,mountaincar,sparse
0,5460,-1.0,200,0.004488885868340731,-1.0,4.784424163517542e-07,0.0,DQN_RND,0.001,0.99,mountaincar,sparse
0,5461,-1.0,200,0.0022493258584290743,-1.0,2.181757736252621e-06,0.0,DQN_RND,0.001,0.99,mountaincar,sparse
0,5462,-1.0,200,0.0014980776468291879,-1.0,6.270743597269757e-06,0.0,DQN_RND,0.001,0.99,mountaincar,sparse
0,5463,-1.0,200,0.004489059094339609,-1.0,6.5055082814069465e-06,0.0,DQN_RND,0.001,0.99,mountaincar,sparse
0,5464,-1.0,200,0.0022489805705845356,-1.0,1.2067268926330144e-06,0.0,DQN_RND,0.001,0.99,mountaincar,sparse
0,5465,-1.0,200,0.0037424303591251373,-1.0,6.029789574313327e-07,0.0,DQN_RND,0.001,0.99,mountaincar,sparse
0,5466,-1.0,200,0.0029937017243355513,-1.0,4.6501445467583835e-06,0.0,DQN_RND,0.001,0.99,mountaincar,sparse
0,5467,-1.0,200,0.008985431864857674,-1.0,2.4317807856277796e-06,0.0,DQN_RND,0.001,0.99,mountaincar,sparse
0,5468,-1.0,200,0.0059886290691792965,-1.0,2.9958850973343942e-06,0.0,DQN_RND,0.001,0.99,mountaincar,sparse
0,5469,-1.0,200,0.005241252947598696,-1.0,2.4971009224827867e-06,0.0,DQN_RND,0.001,0.99,mountaincar,sparse
0,5470,-1.0,200,0.007477436680346727,-1.0,2.7968440008407924e-06,0.0,DQN_RND,0.001,0.99,mountaincar,sparse
0,5471,-1.0,200,0.0037465051282197237,-1.0,3.942764578823699e-06,0.0,DQN_RND,0.001,0.99,mountaincar,sparse
0,5472,-1.0,200,0.004485768731683493,-1.0,6.487277005362557e-06,0.0,DQN_RND,0.001,0.99,mountaincar,sparse
0,5473,-1.0,200,0.002994941547513008,-1.0,9.274436706618872e-06,0.0,DQN_RND,0.001,0.99,mountaincar,sparse
0,5474,-1.0,200,0.0014993945369496942,-1.0,4.579019787342986e-06,0.0,DQN_RND,0.001,0.99,mountaincar,sparse
0,5475,-1.0,200,0.0007516899495385587,-1.0,3.7812196751474403e-07,0.0,DQN_RND,0.001,0.99,mountaincar,sparse
0,5476,-1.0,200,0.0022484995424747467,-1.0,4.332399385020835e-06,0.0,DQN_RND,0.001,0.99,mountaincar,sparse
0,5477,-1.0,200,0.0044901506043970585,-1.0,8.994871336653887e-07,0.0,DQN_RND,0.001,0.99,mountaincar,sparse
0,5478,-1.0,200,0.002244494156911969,-1.0,5.973019597149687e-06,0.0,DQN_RND,0.001,0.99,mountaincar,sparse
0,5479,-1.0,200,0.003742512548342347,-1.0,3.231074970244663e-06,0.0,DQN_RND,0.001,0.99,mountaincar,sparse
0,5480,-1.0,200,0.0014987249160185456,-1.0,3.526075261106598e-06,0.0,DQN_RND,0.001,0.99,mountaincar,sparse
0,5481,-1.0,200,0.0029907715506851673,-1.0,5.404018338595051e-06,0.0,DQN_RND,0.001,0.99,mountaincar,sparse
0,5482,-1.0,200,0.002992305438965559,-1.0,4.731772605737206e-06,0.0,DQN_RND,0.001,0.99,mountaincar,sparse
0,5483,-1.0,200,0.0014962113928049803,-1.0,3.706012989823648e-07,0.0,DQN_RND,0.001,0.99,mountaincar,sparse
0,5484,-1.0,200,0.0029967166483402252,-1.0,3.727281182364095e-06,0.0,DQN_RND,0.001,0.99,mountaincar,sparse
0,5485,-1.0,200,0.0022491116542369127,-1.0,3.873343757732073e-06,0.0,DQN_RND,0.001,0.99,mountaincar,sparse
0,5486,-1.0,200,0.002247011987492442,-1.0,2.287082907059812e-06,0.0,DQN_RND,0.001,0.99,mountaincar,sparse
0,5487,-1.0,200,0.005235510412603617,-1.0,5.538975642593869e-07,0.0,DQN_RND,0.001,0.99,mountaincar,sparse
0,5488,-1.0,200,0.005229509435594082,-1.0,2.62810499407351e-06,0.0,DQN_RND,0.001,0.99,mountaincar,sparse
0,5489,-1.0,200,0.0029915887862443924,-1.0,5.835646334162448e-06,0.0,DQN_RND,0.001,0.99,mountaincar,sparse
0,5490,-1.0,200,0.003734674071893096,-1.0,4.338098733569495e-06,0.0,DQN_RND,0.001,0.99,mountaincar,sparse
0,5491,-1.0,200,0.002245560986921191,-1.0,5.067579877504613e-06,0.0,DQN_RND,0.001,0.99,mountaincar,sparse
0,5492,-1.0,200,0.0007522426312789321,-1.0,1.3930814475315856e-06,0.0,DQN_RND,0.001,0.99,mountaincar,sparse
0,5493,-1.0,200,0.0022429656237363815,-1.0,4.050989900861168e-06,0.0,DQN_RND,0.001,0.99,mountaincar,sparse
0,5494,-1.0,200,0.005234666168689728,-1.0,5.39533516530355e-07,0.0,DQN_RND,0.001,0.99,mountaincar,sparse
0,5495,-1.0,200,0.004490386229008436,-1.0,2.498728235877934e-06,0.0,DQN_RND,0.001,0.99,mountaincar,sparse
0,5496,-1.0,200,0.00598373357206583,-1.0,1.8384554323347402e-06,0.0,DQN_RND,0.001,0.99,mountaincar,sparse
0,5497,-1.0,200,0.002993555972352624,-1.0,8.925513839130872e-07,0.0,DQN_RND,0.001,0.99,mountaincar,sparse
0,5498,-1.0,200,0.007470610085874796,-1.0,2.949448571598623e-06,0.0,DQN_RND,0.001,0.99,mountaincar,sparse
0,5499,-1.0,200,0.00448710797354579,-1.0,6.765001671737991e-06,0.0,DQN_RND,0.001,0.99,mountaincar,sparse
0,5500,-1.0,200,0.0014982002321630716,-1.0,5.532953309739241e-06,0.0,DQN_RND,0.001,0.99,mountaincar,sparse
0,5501,-1.0,200,0.0014950892655178905,-1.0,4.922321181766165e-07,0.0,DQN_RND,0.001,0.99,mountaincar,sparse
0,5502,-1.0,200,0.005980957765132189,-1.0,1.910434775709291e-06,0.0,DQN_RND,0.001,0.99,mountaincar,sparse
0,5503,-1.0,200,0.002992477500811219,-1.0,3.0095372949290322e-06,0.0,DQN_RND,0.001,0.99,mountaincar,sparse
0,5504,-1.0,200,0.003741014748811722,-1.0,1.1301483482384356e-06,0.0,DQN_RND,0.001,0.99,mountaincar,sparse
0,5505,-1.0,200,0.00598012562841177,-1.0,2.6336633709433954e-06,0.0,DQN_RND,0.001,0.99,mountaincar,sparse
0,5506,-1.0,200,0.0029906886629760265,-1.0,9.181111408906872e-07,0.0,DQN_RND,0.001,0.99,mountaincar,sparse
0,5507,-1.0,200,0.002245448064059019,-1.0,2.27414943765325e-06,0.0,DQN_RND,0.001,0.99,mountaincar,sparse
0,5508,-1.0,200,0.0022443493362516165,-1.0,3.117132791885524e-06,0.0,DQN_RND,0.001,0.99,mountaincar,sparse
0,5509,-1.0,200,0.002987728687003255,-1.0,2.89835065814259e-06,0.0,DQN_RND,0.001,0.99,mountaincar,sparse
0,5510,-1.0,200,0.005231108516454697,-1.0,4.872248155152192e-06,0.0,DQN_RND,0.001,0.99,mountaincar,sparse
0,5511,-1.0,200,0.007469110190868378,-1.0,2.300925871168147e-06,0.0,DQN_RND,0.001,0.99,mountaincar,sparse
0,5512,-1.0,200,0.004485453944653273,-1.0,7.428535354847554e-06,0.0,DQN_RND,0.001,0.99,mountaincar,sparse
0,5513,-1.0,200,0.0037357895635068417,-1.0,8.602609682384355e-07,0.0,DQN_RND,0.001,0.99,mountaincar,sparse
0,5514,-1.0,200,0.004483235999941826,-1.0,4.091858443189267e-07,0.0,DQN_RND,0.001,0.99,mountaincar,sparse
0,5515,-1.0,200,0.0029891901649534702,-1.0,2.8255437882762635e-06,0.0,DQN_RND,0.001,0.99,mountaincar,sparse
0,5516,-1.0,200,0.0029897361528128386,-1.0,4.6937478259678755e-07,0.0,DQN_RND,0.001,0.99,mountaincar,sparse
0,5517,-1.0,200,0.00895899347960949,-1.0,3.443144578341162e-07,0.0,DQN_RND,0.001,0.99,mountaincar,sparse
0,5518,-1.0,200,0.0037343206349760294,-1.0,4.128229136313166e-07,0.0,DQN_RND,0.001,0.99,mountaincar,sparse
0,5519,-1.0,200,0.0037367260083556175,-1.0,4.443184934643796e-06,0.0,DQN_RND,0.001,0.99,mountaincar,sparse
0,5520,-1.0,200,0.004479414317756891,-1.0,5.253452400211245e-06,0.0,DQN_RND,0.001,0.99,mountaincar,sparse
0,5521,-1.0,200,0.006720614153891802,-1.0,4.51294863523799e-06,0.0,DQN_RND,0.001,0.99,mountaincar,sparse
0,5522,-1.0,200,0.00522811571136117,-1.0,4.085144610144198e-06,0.0,DQN_RND,0.001,0.99,mountaincar,sparse
0,5523,-1.0,200,0.003736616810783744,-1.0,2.2835840809420915e-06,0.0,DQN_RND,0.001,0.99,mountaincar,sparse
0,5524,-1.0,200,0.0022415490821003914,-1.0,1.5247361488945899e-06,0.0,DQN_RND,0.001,0.99,mountaincar,sparse
0,5525,-1.0,200,0.0037347327452152967,-1.0,1.979901298909681e-06,0.0,DQN_RND,0.001,0.99,mountaincar,sparse
0,5526,-1.0,200,0.0074671050533652306,-1.0,6.504652674266254e-07,0.0,DQN_RND,0.001,0.99,mountaincar,sparse
0,5527,-1.0,200,0.007460036315023899,-1.0,1.328263010691444e-06,0.0,DQN_RND,0.001,0.99,mountaincar,sparse
0,5528,-1.0,200,0.002240196568891406,-1.0,1.3904303841627552e-06,0.0,DQN_RND,0.001,0.99,mountaincar,sparse
0,5529,-1.0,200,0.005223086103796959,-1.0,4.193337588276336e-07,0.0,DQN_RND,0.001,0.99,mountaincar,sparse
0,5530,-1.0,200,0.002987948013469577,-1.0,1.4330530575534794e-06,0.0,DQN_RND,0.001,0.99,mountaincar,sparse
0,5531,-1.0,200,0.0007497335318475962,-1.0,3.5529992601368576e-06,0.0,DQN_RND,0.001,0.99,mountaincar,sparse
0,5532,-1.0,200,0.0029884425457566977,-1.0,2.069741867671837e-06,0.0,DQN_RND,0.001,0.99,mountaincar,sparse
0,5533,-1.0,200,0.005225710570812225,-1.0,3.3881067906804674e-07,0.0,DQN_RND,0.001,0.99,mountaincar,sparse
0,5534,-1.0,200,0.003734390949830413,-1.0,1.738048013066873e-06,0.0,DQN_RND,0.001,0.99,mountaincar,sparse
0,5535,-1.0,200,0.0014921375550329685,-1.0,2.8204733553138794e-06,0.0,DQN_RND,0.001,0.99,mountaincar,sparse
0,5536,-1.0,200,0.0029848935082554817,-1.0,1.8046747527478146e-06,0.0,DQN_RND,0.001,0.99,mountaincar,sparse
0,5537,-1.0,200,0.0052228327840566635,-1.0,6.883651622047182e-07,0.0,DQN_RND,0.001,0.99,mountaincar,sparse
0,5538,-1.0,200,0.005968177691102028,-1.0,3.648342215001321e-07,0.0,DQN_RND,0.001,0.99,mountaincar,sparse
0,5539,-1.0,200,0.004475885070860386,-1.0,3.3683238598314347e-07,0.0,DQN_RND,0.001,0.99,mountaincar,sparse
0,5540,-1.0,200,0.003736298531293869,-1.0,7.580513852190052e-07,0.0,DQN_RND,0.001,0.99,mountaincar,sparse
0,5541,-1.0,200,0.0029840862844139338,-1.0,9.183352744912554e-07,0.0,DQN_RND,0.001,0.99,mountaincar,sparse
0,5542,-1.0,200,0.003732843790203333,-1.0,9.862822025752394e-07,0.0,DQN_RND,0.001,0.99,mountaincar,sparse
0,5543,-1.0,200,0.002241572132334113,-1.0,1.0673829820007086e-06,0.0,DQN_RND,0.001,0.99,mountaincar,sparse
0,5544,-1.0,200,0.005964407231658697,-1.0,4.738683855975978e-06,0.0,DQN_RND,0.001,0.99,mountaincar,sparse
0,5545,-1.0,200,0.0014921806287020445,-1.0,5.87459510370536e-07,0.0,DQN_RND,0.001,0.99,mountaincar,sparse
0,5546,-1.0,200,0.005967502016574144,-1.0,8.488659659633413e-07,0.0,DQN_RND,0.001,0.99,mountaincar,sparse
0,5547,-1.0,200,0.003727841889485717,-1.0,9.059546641765337e-07,0.0,DQN_RND,0.001,0.99,mountaincar,sparse
0,5548,-1.0,200,0.0022405702620744705,-1.0,1.380236426484771e-06,0.0,DQN_RND,0.001,0.99,mountaincar,sparse
0,5549,-1.0,200,0.003731758566573262,-1.0,1.3333312836039113e-06,0.0,DQN_RND,0.001,0.99,mountaincar,sparse
0,5550,-1.0,200,0.005962085444480181,-1.0,3.228478817618452e-07,0.0,DQN_RND,0.001,0.99,mountaincar,sparse
0,5551,-1.0,200,0.0014924968127161264,-1.0,2.328914661120507e-06,0.0,DQN_RND,0.001,0.99,mountaincar,sparse
0,5552,-1.0,200,0.001491831848397851,-1.0,9.251871802007372e-07,0.0,DQN_RND,0.001,0.99,mountaincar,sparse
0,5553,-1.0,200,0.005217193625867367,-1.0,1.0039941571449162e-06,0.0,DQN_RND,0.001,0.99,mountaincar,sparse
0,5554,-1.0,200,0.0037266360595822334,-1.0,1.2059761047567008e-06,0.0,DQN_RND,0.001,0.99,mountaincar,sparse
0,5555,-1.0,200,0.0037289534229785204,-1.0,8.558756690035807e-07,0.0,DQN_RND,0.001,0.99,mountaincar,sparse
0,5556,-1.0,200,0.002984960563480854,-1.0,1.0474507234903285e-06,0.0,DQN_RND,0.001,0.99,mountaincar,sparse
0,5557,-1.0,200,0.005962739232927561,-1.0,3.2769012250355445e-06,0.0,DQN_RND,0.001,0.99,mountaincar,sparse
0,5558,-1.0,200,0.0037295513320714235,-1.0,1.7087769492718508e-06,0.0,DQN_RND,0.001,0.99,mountaincar,sparse
0,5559,-1.0,200,0.00298455567099154,-1.0,8.340433623743593e-07,0.0,DQN_RND,0.001,0.99,mountaincar,sparse
0,5560,-1.0,200,0.004470409359782934,-1.0,9.500955684416112e-07,0.0,DQN_RND,0.001,0.99,mountaincar,sparse
0,5561,-1.0,200,0.0014960534172132611,-1.0,8.183941417883034e-07,0.0,DQN_RND,0.001,0.99,mountaincar,sparse
0,5562,-1.0,200,0.006710099056363106,-1.0,1.9871481526934076e-06,0.0,DQN_RND,0.001,0.99,mountaincar,sparse
0,5563,-1.0,200,0.0029819493647664785,-1.0,1.1637821444310248e-06,0.0,DQN_RND,0.001,0.99,mountaincar,sparse
0,5564,-1.0,200,0.005220295861363411,-1.0,3.020963958988432e-06,0.0,DQN_RND,0.001,0.99,mountaincar,sparse
0,5565,-1.0,200,0.0022360787261277437,-1.0,7.005214683886152e-07,0.0,DQN_RND,0.001,0.99,mountaincar,sparse
0,5566,-1.0,200,0.0022400817833840847,-1.0,1.2028576747979969e-06,0.0,DQN_RND,0.001,0.99,mountaincar,sparse
0,5567,-1.0,200,0.002980966353788972,-1.0,4.2898100218735635e-06,0.0,DQN_RND,0.001,0.99,mountaincar,sparse
0,5568,-1.0,200,0.0014910312602296472,-1.0,6.394319029823237e-07,0.0,DQN_RND,0.001,0.99,mountaincar,sparse
0,5569,-1.0,200,0.004471391439437866,-1.0,6.424470484489575e-07,0.0,DQN_RND,0.001,0.99,mountaincar,sparse
0,5570,-1.0,200,0.0022393653634935617,-1.0,9.786019745661179e-07,0.0,DQN_RND,0.001,0.99,mountaincar,sparse
0,5571,-1.0,200,0.0014918054221197963,-1.0,5.744057034462458e-07,0.0,DQN_RND,0.001,0.99,mountaincar,sparse
0,5572,-1.0,200,0.0022354507818818092,-1.0,5.766651156591251e-07,0.0,DQN_RND,0.001,0.99,mountaincar,sparse
0,5573,-1.0,200,0.004473194945603609,-1.0,9.470529107602488e-07,0.0,DQN_RND,0.001,0.99,mountaincar,sparse
0,5574,-1.0,200,0.0014907527947798371,-1.0,5.03717217270605e-07,0.0,DQN_RND,0.001,0.99,mountaincar,sparse
0,5575,-1.0,200,0.0029788222163915634,-1.0,5.951102934886876e-07,0.0,DQN_RND,0.001,0.99,mountaincar,sparse
0,5576,-1.0,200,0.0037270181346684694,-1.0,1.4936485968064517e-06,0.0,DQN_RND,0.001,0.99,mountaincar,sparse
0,5577,-1.0,200,0.001491308561526239,-1.0,9.181256359624967e-07,0.0,DQN_RND,0.001,0.99,mountaincar,sparse
0,5578,-1.0,200,0.0014904692070558667,-1.0,2.6631430500856368e-06,0.0,DQN_RND,0.001,0.99,mountaincar,sparse
0,5579,-1.0,200,0.003723020199686289,-1.0,9.195329084832338e-07,0.0,DQN_RND,0.001,0.99,mountaincar,sparse
0,5580,-1.0,200,0.002978875767439604,-1.0,1.148211254076159e-06,0.0,DQN_RND,0.001,0.99,mountaincar,sparse
0,5581,-1.0,200,0.0029814455192536116,-1.0,7.407195994346694e-07,0.0,DQN_RND,0.001,0.99,mountaincar,sparse
0,5582,-1.0,200,0.005216546356678009,-1.0,1.9790368241956457e-06,0.0,DQN_RND,0.001,0.99,mountaincar,sparse
0,5583,-1.0,200,0.0037227077409625053,-1.0,3.5297068734507775e-06,0.0,DQN_RND,0.001,0.99,mountaincar,sparse
0,5584,-1.0,200,0.005958014167845249,-1.0,9.209604741045041e-07,0.0,DQN_RND,0.001,0.99,mountaincar,sparse
0,5585,-1.0,200,0.005214652977883816,-1.0,1.099591486308782e-06,0.0,DQN_RND,0.001,0.99,mountaincar,sparse
0,5586,-1.0,200,0.004469146952033043,-1.0,5.500288011717203e-07,0.0,DQN_RND,0.001,0.99,mountaincar,sparse
0,5587,-1.0,200,0.0037265350110828876,-1.0,1.0049601542050368e-06,0.0,DQN_RND,0.001,0.99,mountaincar,sparse
0,5588,-1.0,200,0.002236110158264637,-1.0,7.7154805921964e-07,0.0,DQN_RND,0.001,0.99,mountaincar,sparse
0,5589,-1.0,200,0.00447032880038023,-1.0,4.5713289864579565e-07,0.0,DQN_RND,0.001,0.99,mountaincar,sparse
0,5590,-1.0,200,0.0037205140106379986,-1.0,8.189114737433556e-07,0.0,DQN_RND,0.001,0.99,mountaincar,sparse
0,5591,-1.0,200,0.0037208974827080965,-1.0,5.131985858497501e-07,0.0,DQN_RND,0.001,0.99,mountaincar,sparse
0,5592,-1.0,200,0.0044679585844278336,-1.0,1.1622071269812295e-06,0.0,DQN_RND,0.001,0.99,mountaincar,sparse
0,5593,-1.0,200,0.002233346691355109,-1.0,3.5484965792420553e-06,0.0,DQN_RND,0.001,0.99,mountaincar,sparse
0,5594,-1.0,200,0.0029822993092238903,-1.0,2.206164936069399e-06,0.0,DQN_RND,0.001,0.99,mountaincar,sparse
0,5595,-1.0,200,0.003721751971170306,-1.0,5.039452730670746e-07,0.0,DQN_RND,0.001,0.99,mountaincar,sparse
0,5596,-1.0,200,0.005952560808509588,-1.0,1.0128844678547466e-06,0.0,DQN_RND,0.001,0.99,mountaincar,sparse
0,5597,-1.0,200,0.005951046943664551,-1.0,4.3290779672133795e-07,0.0,DQN_RND,0.001,0.99,mountaincar,sparse
0,5598,-1.0,200,0.0029763085767626762,-1.0,2.241069296360365e-06,0.0,DQN_RND,0.001,0.99,mountaincar,sparse
0,5599,-1.0,200,0.002235004212707281,-1.0,4.6693588728885516e-07,0.0,DQN_RND,0.001,0.99,mountaincar,sparse
0,5600,-1.0,200,0.0029795945156365633,-1.0,1.042743974721816e-06,0.0,DQN_RND,0.001,0.99,mountaincar,sparse
0,5601,-1.0,200,0.0037207789719104767,-1.0,3.737860652108793e-07,0.0,DQN_RND,0.001,0.99,mountaincar,sparse
0,5602,-1.0,200,0.005951953120529652,-1.0,1.5523662568739383e-06,0.0,DQN_RND,0.001,0.99,mountaincar,sparse
0,5603,-1.0,200,0.004462372045964003,-1.0,4.607161372405244e-07,0.0,DQN_RND,0.001,0.99,mountaincar,sparse
0,5604,-1.0,200,0.002974857110530138,-1.0,7.350535042860429e-07,0.0,DQN_RND,0.001,0.99,mountaincar,sparse
0,5605,-1.0,200,0.004467248450964689,-1.0,2.4266810214612633e-06,0.0,DQN_RND,0.001,0.99,mountaincar,sparse
0,5606,-1.0,200,0.0029852797742933035,-1.0,6.726483547936368e-07,0.0,DQN_RND,0.001,0.99,mountaincar,sparse
0,5607,-1.0,200,0.001489188987761736,-1.0,3.9308235955104465e-07,0.0,DQN_RND,0.001,0.99,mountaincar,sparse
0,5608,-1.0,200,0.0081755006685853,-1.0,2.942976607300807e-06,0.0,DQN_RND,0.001,0.99,mountaincar,sparse
0,5609,-1.0,200,0.002976901363581419,-1.0,2.75532897830999e-07,0.0,DQN_RND,0.001,0.99,mountaincar,sparse
0,5610,-1.0,200,0.0007512025767937303,-1.0,2.069978791041649e-06,0.0,DQN_RND,0.001,0.99,mountaincar,sparse
0,5611,-1.0,200,0.005949356127530336,-1.0,3.478551207081182e-07,0.0,DQN_RND,0.001,0.99,mountaincar,sparse
0,5612,-1.0,200,0.003720233216881752,-1.0,2.894239514716901e-07,0.0,DQN_RND,0.001,0.99,mountaincar,sparse
0,5613,-1.0,200,0.0022324128076434135,-1.0,8.506924586981768e-07,0.0,DQN_RND,0.001,0.99,mountaincar,sparse
0,5614,-1.0,200,0.003716256469488144,-1.0,1.519960505902418e-06,0.0,DQN_RND,0.001,0.99,mountaincar,sparse
0,5615,-1.0,200,0.0029758468735963106,-1.0,2.6318414825254877e-07,0.0,DQN_RND,0.001,0.99,mountaincar,sparse
0,5616,-1.0,200,0.002974345115944743,-1.0,3.7379675177362515e-07,0.0,DQN_RND,0.001,0.99,mountaincar,sparse
0,5617,-1.0,200,0.0022389120422303677,-1.0,5.44536590041389e-07,0.0,DQN_RND,0.001,0.99,mountaincar,sparse
0,5618,-1.0,200,0.007441188208758831,-1.0,1.0028052201960236e-06,0.0,DQN_RND,0.001,0.99,mountaincar,sparse
0,5619,-1.0,200,0.0007463557994924486,-1.0,3.254663852203521e-06,0.0,DQN_RND,0.001,0.99,mountaincar,sparse
0,5620,-1.0,200,0.0037189852446317673,-1.0,6.266569698709645e-07,0.0,DQN_RND,0.001,0.99,mountaincar,sparse
0,5621,-1.0,200,0.005204226355999708,-1.0,1.3440281918519759e-06,0.0,DQN_RND,0.001,0.99,mountaincar,sparse
0,5622,-1.0,200,0.00148833729326725,-1.0,1.0256329687763355e-06,0.0,DQN_RND,0.001,0.99,mountaincar,sparse
0,5623,-1.0,200,0.0029791195411235094,-1.0,5.136994332133327e-07,0.0,DQN_RND,0.001,0.99,mountaincar,sparse
0,5624,-1.0,200,0.008916283026337624,-1.0,6.506865020128316e-07,0.0,DQN_RND,0.001,0.99,mountaincar,sparse
0,5625,-1.0,200,0.005949812009930611,-1.0,2.1166015358176082e-06,0.0,DQN_RND,0.001,0.99,mountaincar,sparse
0,5626,-1.0,200,0.0014881070237606764,-1.0,3.0655471050522465e-07,0.0,DQN_RND,0.001,0.99,mountaincar,sparse
0,5627,-1.0,200,0.002230321057140827,-1.0,1.860038423728838e-06,0.0,DQN_RND,0.001,0.99,mountaincar,sparse
0,5628,-1.0,200,0.0037165482062846422,-1.0,2.080360275158455e-07,0.0,DQN_RND,0.001,0.99,mountaincar,sparse
0,5629,-1.0,200,0.002230852609500289,-1.0,1.5177317891357234e-06,0.0,DQN_RND,0.001,0.99,mountaincar,sparse
0,5630,-1.0,200,0.005207428243011236,-1.0,1.874556005532213e-06,0.0,DQN_RND,0.001,0.99,mountaincar,sparse
0,5631,-1.0,200,0.002229333156719804,-1.0,2.8620795546885347e-06,0.0,DQN_RND,0.001,0.99,mountaincar,sparse
0,5632,-1.0,200,0.005208650603890419,-1.0,2.8581464448507177e-06,0.0,DQN_RND,0.001,0.99,mountaincar,sparse
0,5633,-1.0,200,0.0037154133897274733,-1.0,1.6212154605454998e-06,0.0,DQN_RND,0.001,0.99,mountaincar,sparse
0,5634,-1.0,200,4.257745331415208e-06,-1.0,7.724702868472377e-07,0.0,DQN_RND,0.001,0.99,mountaincar,sparse
0,5635,-1.0,200,0.003713893238455057,-1.0,3.401061576369102e-06,0.0,DQN_RND,0.001,0.99,mountaincar,sparse
0,5636,-1.0,200,0.005937566049396992,-1.0,2.017106055518525e-07,0.0,DQN_RND,0.001,0.99,mountaincar,sparse
0,5637,-1.0,200,0.002228640718385577,-1.0,1.922362145023726e-07,0.0,DQN_RND,0.001,0.99,mountaincar,sparse
0,5638,-1.0,200,4.5890396904724184e-06,-1.0,3.810308442098176e-07,0.0,DQN_RND,0.001,0.99,mountaincar,sparse
0,5639,-1.0,200,0.004457796458154917,-1.0,2.1660774507381575e-07,0.0,DQN_RND,0.001,0.99,mountaincar,sparse
0,5640,-1.0,200,0.0007479724590666592,-1.0,7.387732807728753e-07,0.0,DQN_RND,0.001,0.99,mountaincar,sparse
0,5641,-1.0,200,0.003718520747497678,-1.0,1.7611385771942878e-07,0.0,DQN_RND,0.001,0.99,mountaincar,sparse
0,5642,-1.0,200,0.0029771383851766586,-1.0,2.026768157747938e-07,0.0,DQN_RND,0.001,0.99,mountaincar,sparse
0,5643,-1.0,200,0.005200892221182585,-1.0,2.2225172813250538e-07,0.0,DQN_RND,0.001,0.99,mountaincar,sparse
0,5644,-1.0,200,0.0014876829227432609,-1.0,1.0077156957777333e-06,0.0,DQN_RND,0.001,0.99,mountaincar,sparse
0,5645,-1.0,200,0.00222982931882143,-1.0,3.2735940749262227e-06,0.0,DQN_RND,0.001,0.99,mountaincar,sparse
0,5646,-1.0,200,0.0014892633771523833,-1.0,1.8946727209367964e-07,0.0,DQN_RND,0.001,0.99,mountaincar,sparse
0,5647,-1.0,200,0.002975897630676627,-1.0,4.219750451284199e-07,0.0,DQN_RND,0.001,0.99,mountaincar,sparse
0,5648,-1.0,200,0.002231823978945613,-1.0,8.32702767183946e-07,0.0,DQN_RND,0.001,0.99,mountaincar,sparse
0,5649,-1.0,200,0.0037162313237786293,-1.0,1.7483904457549215e-07,0.0,DQN_RND,0.001,0.99,mountaincar,sparse
0,5650,-1.0,200,0.004456041846424341,-1.0,1.3766771189693827e-06,0.0,DQN_RND,0.001,0.99,mountaincar,sparse
0,5651,-1.0,200,0.0037133870646357536,-1.0,1.616465254983268e-07,0.0,DQN_RND,0.001,0.99,mountaincar,sparse
0,5652,-1.0,200,0.0022301534190773964,-1.0,4.302276465750765e-06,0.0,DQN_RND,0.001,0.99,mountaincar,sparse
0,5653,-1.0,200,0.0022312942892313004,-1.0,1.6660561641401728e-07,0.0,DQN_RND,0.001,0.99,mountaincar,sparse
0,5654,-1.0,200,0.005201880354434252,-1.0,2.843409845354472e-07,0.0,DQN_RND,0.001,0.99,mountaincar,sparse
0,5655,-1.0,200,4.345999968791148e-06,-1.0,1.022584569909668e-06,0.0,DQN_RND,0.001,0.99,mountaincar,sparse
0,5656,-1.0,200,0.0022313601803034544,-1.0,1.9849351247103186e-06,0.0,DQN_RND,0.001,0.99,mountaincar,sparse
0,5657,-1.0,200,0.0022312882356345654,-1.0,4.2857669768636697e-07,0.0,DQN_RND,0.001,0.99,mountaincar,sparse
0,5658,-1.0,200,0.007421120069921017,-1.0,1.3228300304035656e-06,0.0,DQN_RND,0.001,0.99,mountaincar,sparse
0,5659,-1.0,200,0.002228311263024807,-1.0,1.5804259589913272e-07,0.0,DQN_RND,0.001,0.99,mountaincar,sparse
0,5660,-1.0,200,0.002972538350149989,-1.0,2.1095191016229364e-07,0.0,DQN_RND,0.001,0.99,mountaincar,sparse
0,5661,-1.0,200,0.0029707448557019234,-1.0,3.2685048267921957e-07,0.0,DQN_RND,0.001,0.99,mountaincar,sparse
0,5662,-1.0,200,0.0044602323323488235,-1.0,1.5228042116177676e-07,0.0,DQN_RND,0.001,0.99,mountaincar,sparse
0,5663,-1.0,200,0.005200733430683613,-1.0,1.985551847383249e-07,0.0,DQN_RND,0.001,0.99,mountaincar,sparse
0,5664,-1.0,200,0.00519572151824832,-1.0,2.2239899521991902e-07,0.0,DQN_RND,0.001,0.99,mountaincar,sparse
0,5665,-1.0,200,0.007426153868436813,-1.0,1.5084137316989654e-07,0.0,DQN_RND,0.001,0.99,mountaincar,sparse
0,5666,-1.0,200,0.0014896802604198456,-1.0,3.4315806374252134e-07,0.0,DQN_RND,0.001,0.99,mountaincar,sparse
0,5667,-1.0,200,0.005192862823605537,-1.0,1.5284506105217588e-07,0.0,DQN_RND,0.001,0.99,mountaincar,sparse
0,5668,-1.0,200,0.002228865632787347,-1.0,1.0644572512319428e-06,0.0,DQN_RND,0.001,0.99,mountaincar,sparse
0,5669,-1.0,200,0.0022282246500253677,-1.0,1.7566812857694458e-06,0.0,DQN_RND,0.001,0.99,mountaincar,sparse
0,5670,-1.0,200,0.00297259702347219,-1.0,1.7698853582714946e-07,0.0,DQN_RND,0.001,0.99,mountaincar,sparse
0,5671,-1.0,200,0.0029727730434387922,-1.0,1.8100797660736134e-07,0.0,DQN_RND,0.001,0.99,mountaincar,sparse
0,5672,-1.0,200,0.002227316377684474,-1.0,1.3086264516459778e-06,0.0,DQN_RND,0.001,0.99,mountaincar,sparse
0,5673,-1.0,200,0.003718465566635132,-1.0,2.2303990476757463e-07,0.0,DQN_RND,0.001,0.99,mountaincar,sparse
0,5674,-1.0,200,0.005196693353354931,-1.0,1.9449647936653491e-07,0.0,DQN_RND,0.001,0.99,mountaincar,sparse
0,5675,-1.0,200,0.002970694564282894,-1.0,7.573407856398262e-07,0.0,DQN_RND,0.001,0.99,mountaincar,sparse
0,5676,-1.0,200,0.0022273296490311623,-1.0,3.2782648418105964e-07,0.0,DQN_RND,0.001,0.99,mountaincar,sparse
0,5677,-1.0,200,0.006682310253381729,-1.0,1.9443881171810062e-07,0.0,DQN_RND,0.001,0.99,mountaincar,sparse
0,5678,-1.0,200,0.005935783497989178,-1.0,2.138689154662643e-07,0.0,DQN_RND,0.001,0.99,mountaincar,sparse
0,5679,-1.0,200,0.00445394916459918,-1.0,2.2799670205131406e-06,0.0,DQN_RND,0.001,0.99,mountaincar,sparse
0,5680,-1.0,200,0.004448920954018831,-1.0,2.538465366797027e-07,0.0,DQN_RND,0.001,0.99,mountaincar,sparse
0,5681,-1.0,200,0.0059368666261434555,-1.0,1.0421809975014185e-06,0.0,DQN_RND,0.001,0.99,mountaincar,sparse
0,5682,-1.0,200,0.0029704805929213762,-1.0,1.0142832707060734e-06,0.0,DQN_RND,0.001,0.99,mountaincar,sparse
0,5683,-1.0,200,0.001486729714088142,-1.0,4.99570546708128e-07,0.0,DQN_RND,0.001,0.99,mountaincar,sparse
0,5684,-1.0,200,0.004453002940863371,-1.0,2.8047489308846707e-07,0.0,DQN_RND,0.001,0.99,mountaincar,sparse
0,5685,-1.0,200,0.0022275883238762617,-1.0,4.656039322981087e-07,0.0,DQN_RND,0.001,0.99,mountaincar,sparse
0,5686,-1.0,200,0.005194207187741995,-1.0,2.199533355451422e-06,0.0,DQN_RND,0.001,0.99,mountaincar,sparse
0,5687,-1.0,200,0.0007460695342160761,-1.0,3.3593073567317333e-07,0.0,DQN_RND,0.001,0.99,mountaincar,sparse
0,5688,-1.0,200,0.0044515193440020084,-1.0,4.411057545894437e-07,0.0,DQN_RND,0.001,0.99,mountaincar,sparse
0,5689,-1.0,200,0.0051924618892371655,-1.0,4.7899300170684e-07,0.0,DQN_RND,0.001,0.99,mountaincar,sparse
0,5690,-1.0,200,0.00519197341054678,-1.0,3.2088648822536925e-06,0.0,DQN_RND,0.001,0.99,mountaincar,sparse
0,5691,-1.0,200,3.866348833980737e-06,-1.0,2.800736353947286e-07,0.0,DQN_RND,0.001,0.99,mountaincar,sparse
0,5692,-1.0,200,0.0029699322767555714,-1.0,1.3338045619093464e-06,0.0,DQN_RND,0.001,0.99,mountaincar,sparse
0,5693,-1.0,200,0.007414587773382664,-1.0,7.656772140762769e-07,0.0,DQN_RND,0.001,0.99,mountaincar,sparse
0,5694,-1.0,200,0.00592822814360261,-1.0,1.4647838497694465e-06,0.0,DQN_RND,0.001,0.99,mountaincar,sparse
0,5695,-1.0,200,0.005193258170038462,-1.0,1.4050598338144482e-06,0.0,DQN_RND,0.001,0.99,mountaincar,sparse
0,5696,-1.0,200,0.0037114282604306936,-1.0,1.4921806723577902e-06,0.0,DQN_RND,0.001,0.99,mountaincar,sparse
0,5697,-1.0,200,0.004446808248758316,-1.0,1.5935611372697167e-06,0.0,DQN_RND,0.001,0.99,mountaincar,sparse
0,5698,-1.0,200,0.004446371924132109,-1.0,1.4023567018739413e-06,0.0,DQN_RND,0.001,0.99,mountaincar,sparse
0,5699,-1.0,200,0.00518784997984767,-1.0,8.707887104719703e-07,0.0,DQN_RND,0.001,0.99,mountaincar,sparse
0,5700,-1.0,200,0.003707241266965866,-1.0,4.35259238429353e-07,0.0,DQN_RND,0.001,0.99,mountaincar,sparse
0,5701,-1.0,200,0.004449052270501852,-1.0,2.7251653591520153e-06,0.0,DQN_RND,0.001,0.99,mountaincar,sparse
0,5702,-1.0,200,0.0014849054859951138,-1.0,3.9512133298558183e-07,0.0,DQN_RND,0.001,0.99,mountaincar,sparse
0,5703,-1.0,200,0.0007459822809323668,-1.0,5.950689683231758e-07,0.0,DQN_RND,0.001,0.99,mountaincar,sparse
0,5704,-1.0,200,0.004449728410691023,-1.0,6.191872330418846e-07,0.0,DQN_RND,0.001,0.99,mountaincar,sparse
0,5705,-1.0,200,0.0007448010728694499,-1.0,4.2349378759354295e-07,0.0,DQN_RND,0.001,0.99,mountaincar,sparse
0,5706,-1.0,200,0.003704964881762862,-1.0,1.2160439837316517e-06,0.0,DQN_RND,0.001,0.99,mountaincar,sparse
0,5707,-1.0,200,0.0037071085534989834,-1.0,3.9506338112005324e-07,0.0,DQN_RND,0.001,0.99,mountaincar,sparse
0,5708,-1.0,200,0.005930044688284397,-1.0,1.506157218500448e-06,0.0,DQN_RND,0.001,0.99,mountaincar,sparse
0,5709,-1.0,200,0.0029656633269041777,-1.0,5.211313691688702e-07,0.0,DQN_RND,0.001,0.99,mountaincar,sparse
0,5710,-1.0,200,0.0014904470881447196,-1.0,4.680318852479104e-07,0.0,DQN_RND,0.001,0.99,mountaincar,sparse
0,5711,-1.0,200,0.0029679671861231327,-1.0,8.16609656340006e-07,0.0,DQN_RND,0.001,0.99,mountaincar,sparse
0,5712,-1.0,200,3.9422643567377236e-06,-1.0,7.577637575195695e-07,0.0,DQN_RND,0.001,0.99,mountaincar,sparse
0,5713,-1.0,200,0.004445579368621111,-1.0,5.779621119472722e-07,0.0,DQN_RND,0.001,0.99,mountaincar,sparse
0,5714,-1.0,200,0.002966416534036398,-1.0,4.759961882427888e-07,0.0,DQN_RND,0.001,0.99,mountaincar,sparse
0,5715,-1.0,200,0.0037048631347715855,-1.0,7.668973580621241e-07,0.0,DQN_RND,0.001,0.99,mountaincar,sparse
0,5716,-1.0,200,0.0014847194543108344,-1.0,9.063173251888657e-07,0.0,DQN_RND,0.001,0.99,mountaincar,sparse
0,5717,-1.0,200,0.0022248858585953712,-1.0,1.0033005537479767e-06,0.0,DQN_RND,0.001,0.99,mountaincar,sparse
0,5718,-1.0,200,0.005182964261621237,-1.0,4.798451982424012e-07,0.0,DQN_RND,0.001,0.99,mountaincar,sparse
0,5719,-1.0,200,0.0029679087456315756,-1.0,6.217114787432365e-07,0.0,DQN_RND,0.001,0.99,mountaincar,sparse
0,5720,-1.0,200,0.0014863080577924848,-1.0,5.079767788629397e-07,0.0,DQN_RND,0.001,0.99,mountaincar,sparse
0,5721,-1.0,200,0.0037081174086779356,-1.0,4.6506198714268976e-07,0.0,DQN_RND,0.001,0.99,mountaincar,sparse
0,5722,-1.0,200,0.0014830679865553975,-1.0,4.394299537580082e-07,0.0,DQN_RND,0.001,0.99,mountaincar,sparse
0,5723,-1.0,200,0.003706099698320031,-1.0,8.248914582509315e-07,0.0,DQN_RND,0.001,0.99,mountaincar,sparse
0,5724,-1.0,200,0.004445534199476242,-1.0,8.977090715234226e-07,0.0,DQN_RND,0.001,0.99,mountaincar,sparse
0,5725,-1.0,200,0.005188259296119213,-1.0,1.5127754977584118e-06,0.0,DQN_RND,0.001,0.99,mountaincar,sparse
0,5726,-1.0,200,0.0007434723665937781,-1.0,6.093592332945263e-07,0.0,DQN_RND,0.001,0.99,mountaincar,sparse
0,5727,-1.0,200,0.002223706105723977,-1.0,5.06717185544403e-07,0.0,DQN_RND,0.001,0.99,mountaincar,sparse
0,5728,-1.0,200,0.003704371862113476,-1.0,4.951542109665752e-07,0.0,DQN_RND,0.001,0.99,mountaincar,sparse
0,5729,-1.0,200,0.003704823087900877,-1.0,6.109708010626491e-07,0.0,DQN_RND,0.001,0.99,mountaincar,sparse
0,5730,-1.0,200,0.00222395290620625,-1.0,1.5175241969700437e-06,0.0,DQN_RND,0.001,0.99,mountaincar,sparse
0,5731,-1.0,200,0.004443695768713951,-1.0,7.257986567310581e-07,0.0,DQN_RND,0.001,0.99,mountaincar,sparse
0,5732,-1.0,200,0.00222421670332551,-1.0,6.023615242156666e-07,0.0,DQN_RND,0.001,0.99,mountaincar,sparse
0,5733,-1.0,200,0.003706027753651142,-1.0,6.668299192824634e-07,0.0,DQN_RND,0.001,0.99,mountaincar,sparse
0,5734,-1.0,200,0.004441357683390379,-1.0,5.251751531432092e-07,0.0,DQN_RND,0.001,0.99,mountaincar,sparse
0,5735,-1.0,200,0.0037036831490695477,-1.0,6.890963391015248e-07,0.0,DQN_RND,0.001,0.99,mountaincar,sparse
0,5736,-1.0,200,0.005924902856349945,-1.0,6.383384629771172e-07,0.0,DQN_RND,0.001,0.99,mountaincar,sparse
0,5737,-1.0,200,0.003706724615767598,-1.0,5.915032375014562e-07,0.0,DQN_RND,0.001,0.99,mountaincar,sparse
0,5738,-1.0,200,0.00370411085896194,-1.0,2.909825298047508e-06,0.0,DQN_RND,0.001,0.99,mountaincar,sparse
0,5739,-1.0,200,0.005184408742934465,-1.0,5.946889132246724e-07,0.0,DQN_RND,0.001,0.99,mountaincar,sparse
0,5740,-1.0,200,0.0022226604633033276,-1.0,1.6499706134709413e-06,0.0,DQN_RND,0.001,0.99,mountaincar,sparse
0,5741,-1.0,200,0.002221694914624095,-1.0,8.41152996144956e-07,0.0,DQN_RND,0.001,0.99,mountaincar,sparse
0,5742,-1.0,200,0.00370374065823853,-1.0,9.469770816394885e-07,0.0,DQN_RND,0.001,0.99,mountaincar,sparse
0,5743,-1.0,200,0.003704696660861373,-1.0,4.758532554660633e-07,0.0,DQN_RND,0.001,0.99,mountaincar,sparse
0,5744,-1.0,200,0.0022220835089683533,-1.0,6.120709485912812e-07,0.0,DQN_RND,0.001,0.99,mountaincar,sparse
0,5745,-1.0,200,0.004442575853317976,-1.0,4.858402462559752e-07,0.0,DQN_RND,0.001,0.99,mountaincar,sparse
0,5746,-1.0,200,0.005181038286536932,-1.0,1.411286916663812e-06,0.0,DQN_RND,0.001,0.99,mountaincar,sparse
0,5747,-1.0,200,0.004440949764102697,-1.0,8.382129976780561e-07,0.0,DQN_RND,0.001,0.99,mountaincar,sparse
0,5748,-1.0,200,0.0022212532348930836,-1.0,1.002957333184895e-06,0.0,DQN_RND,0.001,0.99,mountaincar,sparse
0,5749,-1.0,200,0.0007423195638693869,-1.0,4.446584966899536e-07,0.0,DQN_RND,0.001,0.99,mountaincar,sparse
0,5750,-1.0,200,0.0029621380381286144,-1.0,4.4433258494791517e-07,0.0,DQN_RND,0.001,0.99,mountaincar,sparse
0,5751,-1.0,200,0.002960498444736004,-1.0,4.360978493878065e-07,0.0,DQN_RND,0.001,0.99,mountaincar,sparse
0,5752,-1.0,200,0.004440451972186565,-1.0,4.725789324311336e-07,0.0,DQN_RND,0.001,0.99,mountaincar,sparse
0,5753,-1.0,200,0.0051821437664330006,-1.0,4.6681557819283626e-07,0.0,DQN_RND,0.001,0.99,mountaincar,sparse
0,5754,-1.0,200,0.0037022195756435394,-1.0,8.200184993256698e-07,0.0,DQN_RND,0.001,0.99,mountaincar,sparse
0,5755,-1.0,200,0.0029620539862662554,-1.0,4.3818081962854194e-07,0.0,DQN_RND,0.001,0.99,mountaincar,sparse
0,5756,-1.0,200,0.0051809693686664104,-1.0,1.6568181990805897e-06,0.0,DQN_RND,0.001,0.99,mountaincar,sparse
0,5757,-1.0,200,0.0029614518862217665,-1.0,1.7480449514550855e-06,0.0,DQN_RND,0.001,0.99,mountaincar,sparse
0,5758,-1.0,200,0.007397578097879887,-1.0,8.606028814028832e-07,0.0,DQN_RND,0.001,0.99,mountaincar,sparse
0,5759,-1.0,200,0.0029613906517624855,-1.0,2.9998825539223617e-06,0.0,DQN_RND,0.001,0.99,mountaincar,sparse
0,5760,-1.0,200,0.005178425926715136,-1.0,1.2539064755401341e-06,0.0,DQN_RND,0.001,0.99,mountaincar,sparse
0,5761,-1.0,200,0.0073965927585959435,-1.0,1.7925761994774803e-06,0.0,DQN_RND,0.001,0.99,mountaincar,sparse
0,5762,-1.0,200,0.0044381143525242805,-1.0,2.396681111349608e-07,0.0,DQN_RND,0.001,0.99,mountaincar,sparse
0,5763,-1.0,200,0.0029597748070955276,-1.0,3.1392636401506024e-07,0.0,DQN_RND,0.001,0.99,mountaincar,sparse
0,5764,-1.0,200,0.0014802517835050821,-1.0,6.634111855419178e-07,0.0,DQN_RND,0.001,0.99,mountaincar,sparse
0,5765,-1.0,200,0.0036986253689974546,-1.0,2.624013575314166e-07,0.0,DQN_RND,0.001,0.99,mountaincar,sparse
0,5766,-1.0,200,0.0036966027691960335,-1.0,2.1596800081624679e-07,0.0,DQN_RND,0.001,0.99,mountaincar,sparse
0,5767,-1.0,200,0.0022201777901500463,-1.0,2.5803475978136703e-07,0.0,DQN_RND,0.001,0.99,mountaincar,sparse
0,5768,-1.0,200,0.0007409616955555975,-1.0,6.685925768579182e-07,0.0,DQN_RND,0.001,0.99,mountaincar,sparse
0,5769,-1.0,200,0.005176587030291557,-1.0,2.3862733087298693e-06,0.0,DQN_RND,0.001,0.99,mountaincar,sparse
0,5770,-1.0,200,0.003697518724948168,-1.0,4.3815117578560603e-07,0.0,DQN_RND,0.001,0.99,mountaincar,sparse
0,5771,-1.0,200,0.004436762072145939,-1.0,1.3119997674948536e-06,0.0,DQN_RND,0.001,0.99,mountaincar,sparse
0,5772,-1.0,200,0.003696485422551632,-1.0,1.1985259789071279e-06,0.0,DQN_RND,0.001,0.99,mountaincar,sparse
0,5773,-1.0,200,0.005912591703236103,-1.0,3.921939821793785e-07,0.0,DQN_RND,0.001,0.99,mountaincar,sparse
0,5774,-1.0,200,0.0022192986216396093,-1.0,2.1134790131327463e-06,0.0,DQN_RND,0.001,0.99,mountaincar,sparse
0,5775,-1.0,200,0.004436377435922623,-1.0,1.5132970929698786e-06,0.0,DQN_RND,0.001,0.99,mountaincar,sparse
0,5776,-1.0,200,0.004434274975210428,-1.0,2.2953131519898307e-06,0.0,DQN_RND,0.001,0.99,mountaincar,sparse
0,5777,-1.0,200,0.003692707745358348,-1.0,3.868087503633433e-07,0.0,DQN_RND,0.001,0.99,mountaincar,sparse
0,5778,-1.0,200,0.002219721907749772,-1.0,1.2344147535259253e-06,0.0,DQN_RND,0.001,0.99,mountaincar,sparse
0,5779,-1.0,200,0.0036959645804017782,-1.0,1.4165444781610859e-06,0.0,DQN_RND,0.001,0.99,mountaincar,sparse
0,5780,-1.0,200,0.005910723470151424,-1.0,2.6297893782611936e-06,0.0,DQN_RND,0.001,0.99,mountaincar,sparse
0,5781,-1.0,200,0.0036950819194316864,-1.0,1.5850382339976932e-07,0.0,DQN_RND,0.001,0.99,mountaincar,sparse
0,5782,-1.0,200,0.004431033506989479,-1.0,1.5293262833893095e-07,0.0,DQN_RND,0.001,0.99,mountaincar,sparse
0,5783,-1.0,200,0.0036931587383151054,-1.0,1.81642946017746e-07,0.0,DQN_RND,0.001,0.99,mountaincar,sparse
0,5784,-1.0,200,0.00516966637223959,-1.0,6.094750233387458e-07,0.0,DQN_RND,0.001,0.99,mountaincar,sparse
0,5785,-1.0,200,0.004433467052876949,-1.0,2.1536698113777675e-07,0.0,DQN_RND,0.001,0.99,mountaincar,sparse
0,5786,-1.0,200,0.005166783928871155,-1.0,3.6748068055203476e-07,0.0,DQN_RND,0.001,0.99,mountaincar,sparse
0,5787,-1.0,200,0.003693907056003809,-1.0,3.546396385445405e-07,0.0,DQN_RND,0.001,0.99,mountaincar,sparse
0,5788,-1.0,200,0.0029567950405180454,-1.0,6.376135956998041e-07,0.0,DQN_RND,0.001,0.99,mountaincar,sparse
0,5789,-1.0,200,0.0036929005291312933,-1.0,2.651095769579115e-07,0.0,DQN_RND,0.001,0.99,mountaincar,sparse
0,5790,-1.0,200,0.005171184428036213,-1.0,1.5813171785339364e-06,0.0,DQN_RND,0.001,0.99,mountaincar,sparse
0,5791,-1.0,200,0.0036936234682798386,-1.0,3.7153199627937283e-07,0.0,DQN_RND,0.001,0.99,mountaincar,sparse
0,5792,-1.0,200,0.002216524677351117,-1.0,2.7697265636561497e-07,0.0,DQN_RND,0.001,0.99,mountaincar,sparse
0,5793,-1.0,200,0.0059057967737317085,-1.0,2.4877283522073412e-06,0.0,DQN_RND,0.001,0.99,mountaincar,sparse
0,5794,-1.0,200,0.004430852830410004,-1.0,4.258459966877126e-07,0.0,DQN_RND,0.001,0.99,mountaincar,sparse
0,5795,-1.0,200,0.0036902115680277348,-1.0,2.3492003720093635e-07,0.0,DQN_RND,0.001,0.99,mountaincar,sparse
0,5796,-1.0,200,0.0036927463952451944,-1.0,7.081502531036676e-07,0.0,DQN_RND,0.001,0.99,mountaincar,sparse
0,5797,-1.0,200,0.002216797089204192,-1.0,1.2310219972277991e-06,0.0,DQN_RND,0.001,0.99,mountaincar,sparse
0,5798,-1.0,200,0.0014794842572882771,-1.0,2.503122402686131e-07,0.0,DQN_RND,0.001,0.99,mountaincar,sparse
0,5799,-1.0,200,0.0029556970112025738,-1.0,1.929501650010934e-06,0.0,DQN_RND,0.001,0.99,mountaincar,sparse
0,5800,-1.0,200,0.0014791433932259679,-1.0,1.223826416207885e-06,0.0,DQN_RND,0.001,0.99,mountaincar,sparse
0,5801,-1.0,200,0.002216822002083063,-1.0,3.37230994773563e-06,0.0,DQN_RND,0.001,0.99,mountaincar,sparse
0,5802,-1.0,200,2.4766397928033257e-06,-1.0,2.2843038038899977e-07,0.0,DQN_RND,0.001,0.99,mountaincar,sparse
0,5803,-1.0,200,0.003691566875204444,-1.0,9.154427971225232e-07,0.0,DQN_RND,0.001,0.99,mountaincar,sparse
0,5804,-1.0,200,0.0029532776679843664,-1.0,2.691444649371988e-07,0.0,DQN_RND,0.001,0.99,mountaincar,sparse
0,5805,-1.0,200,0.0036911319475620985,-1.0,1.1574110203582677e-06,0.0,DQN_RND,0.001,0.99,mountaincar,sparse
0,5806,-1.0,200,0.004427925683557987,-1.0,2.9457100936269853e-07,0.0,DQN_RND,0.001,0.99,mountaincar,sparse
0,5807,-1.0,200,0.002215153770521283,-1.0,1.388424948345346e-06,0.0,DQN_RND,0.001,0.99,mountaincar,sparse
0,5808,-1.0,200,0.0036899736151099205,-1.0,1.7628484556553303e-06,0.0,DQN_RND,0.001,0.99,mountaincar,sparse
0,5809,-1.0,200,0.004425023216754198,-1.0,3.092820634265081e-06,0.0,DQN_RND,0.001,0.99,mountaincar,sparse
0,5810,-1.0,200,0.0029540371615439653,-1.0,1.4143237194730318e-06,0.0,DQN_RND,0.001,0.99,mountaincar,sparse
0,5811,-1.0,200,0.0036900362465530634,-1.0,1.1625215847743675e-06,0.0,DQN_RND,0.001,0.99,mountaincar,sparse
0,5812,-1.0,200,0.0014784039231017232,-1.0,1.36391633986932e-06,0.0,DQN_RND,0.001,0.99,mountaincar,sparse
0,5813,-1.0,200,0.005902647972106934,-1.0,5.701173790839675e-07,0.0,DQN_RND,0.001,0.99,mountaincar,sparse
0,5814,-1.0,200,0.003690094919875264,-1.0,6.138125172583386e-07,0.0,DQN_RND,0.001,0.99,mountaincar,sparse
0,5815,-1.0,200,0.004429356660693884,-1.0,5.201238764129812e-07,0.0,DQN_RND,0.001,0.99,mountaincar,sparse
0,5816,-1.0,200,0.005898917093873024,-1.0,9.351650760436314e-07,0.0,DQN_RND,0.001,0.99,mountaincar,sparse
0,5817,-1.0,200,0.0014782727230340242,-1.0,4.906091248813027e-07,0.0,DQN_RND,0.001,0.99,mountaincar,sparse
0,5818,-1.0,200,0.0029513100162148476,-1.0,2.752626642177347e-06,0.0,DQN_RND,0.001,0.99,mountaincar,sparse
0,5819,-1.0,200,0.00442645326256752,-1.0,2.368955023257513e-07,0.0,DQN_RND,0.001,0.99,mountaincar,sparse
0,5820,-1.0,200,0.0029529989697039127,-1.0,1.4625685480496031e-06,0.0,DQN_RND,0.001,0.99,mountaincar,sparse
0,5821,-1.0,200,0.003687433432787657,-1.0,2.098731073374438e-07,0.0,DQN_RND,0.001,0.99,mountaincar,sparse
0,5822,-1.0,200,0.00295281526632607,-1.0,3.2096534141601296e-07,0.0,DQN_RND,0.001,0.99,mountaincar,sparse
0,5823,-1.0,200,0.005164373200386763,-1.0,3.185394632509997e-07,0.0,DQN_RND,0.001,0.99,mountaincar,sparse
0,5824,-1.0,200,0.0022137388586997986,-1.0,3.844489128823625e-06,0.0,DQN_RND,0.001,0.99,mountaincar,sparse
0,5825,-1.0,200,0.00442300783470273,-1.0,7.189999564616301e-07,0.0,DQN_RND,0.001,0.99,mountaincar,sparse
0,5826,-1.0,200,0.005158994812518358,-1.0,1.712360813144187e-06,0.0,DQN_RND,0.001,0.99,mountaincar,sparse
0,5827,-1.0,200,0.0007403300842270255,-1.0,1.2465170584619045e-06,0.0,DQN_RND,0.001,0.99,mountaincar,sparse
0,5828,-1.0,200,0.00442506792023778,-1.0,6.514939059343305e-07,0.0,DQN_RND,0.001,0.99,mountaincar,sparse
0,5829,-1.0,200,0.005895309615880251,-1.0,2.788180779589311e-07,0.0,DQN_RND,0.001,0.99,mountaincar,sparse
0,5830,-1.0,200,0.0044263326562941074,-1.0,4.824772759093321e-07,0.0,DQN_RND,0.001,0.99,mountaincar,sparse
0,5831,-1.0,200,0.0029504233971238136,-1.0,2.7447777029010467e-07,0.0,DQN_RND,0.001,0.99,mountaincar,sparse
0,5832,-1.0,200,0.002214462962001562,-1.0,5.911537073188811e-07,0.0,DQN_RND,0.001,0.99,mountaincar,sparse
0,5833,-1.0,200,0.0029507693834602833,-1.0,2.581194621598115e-06,0.0,DQN_RND,0.001,0.99,mountaincar,sparse
0,5834,-1.0,200,0.002215050859376788,-1.0,2.711365141294664e-07,0.0,DQN_RND,0.001,0.99,mountaincar,sparse
0,5835,-1.0,200,0.004423787817358971,-1.0,2.3317713839787757e-06,0.0,DQN_RND,0.001,0.99,mountaincar,sparse
0,5836,-1.0,200,0.005161589942872524,-1.0,1.2591190170496702e-06,0.0,DQN_RND,0.001,0.99,mountaincar,sparse
0,5837,-1.0,200,0.005158955231308937,-1.0,1.8538585209171288e-06,0.0,DQN_RND,0.001,0.99,mountaincar,sparse
0,5838,-1.0,200,0.00442629074677825,-1.0,2.655321168276714e-06,0.0,DQN_RND,0.001,0.99,mountaincar,sparse
0,5839,-1.0,200,0.005160028114914894,-1.0,2.2155195438244846e-06,0.0,DQN_RND,0.001,0.99,mountaincar,sparse
0,5840,-1.0,200,0.005892788991332054,-1.0,3.559428591870528e-07,0.0,DQN_RND,0.001,0.99,mountaincar,sparse
0,5841,-1.0,200,0.002948097651824355,-1.0,4.627408998203464e-07,0.0,DQN_RND,0.001,0.99,mountaincar,sparse
0,5842,-1.0,200,0.002949613146483898,-1.0,1.103099066313007e-06,0.0,DQN_RND,0.001,0.99,mountaincar,sparse
0,5843,-1.0,200,0.0022133663296699524,-1.0,2.288505100978e-07,0.0,DQN_RND,0.001,0.99,mountaincar,sparse
0,5844,-1.0,200,0.005155128892511129,-1.0,5.628641588373284e-07,0.0,DQN_RND,0.001,0.99,mountaincar,sparse
0,5845,-1.0,200,0.003686731681227684,-1.0,5.911693392590678e-07,0.0,DQN_RND,0.001,0.99,mountaincar,sparse
0,5846,-1.0,200,0.002211266662925482,-1.0,1.771640654624207e-06,0.0,DQN_RND,0.001,0.99,mountaincar,sparse
0,5847,-1.0,200,0.004422629252076149,-1.0,3.5236698181506654e-07,0.0,DQN_RND,0.001,0.99,mountaincar,sparse
0,5848,-1.0,200,0.003686589654535055,-1.0,1.6214604556807899e-06,0.0,DQN_RND,0.001,0.99,mountaincar,sparse
0,5849,-1.0,200,0.005893642548471689,-1.0,2.2436690017002547e-07,0.0,DQN_RND,0.001,0.99,mountaincar,sparse
0,5850,-1.0,200,0.002949926070868969,-1.0,5.190450451664219e-07,0.0,DQN_RND,0.001,0.99,mountaincar,sparse
0,5851,-1.0,200,0.0029496506322175264,-1.0,2.798255991365295e-07,0.0,DQN_RND,0.001,0.99,mountaincar,sparse
0,5852,-1.0,200,0.0014741710620000958,-1.0,5.505276590156427e-07,0.0,DQN_RND,0.001,0.99,mountaincar,sparse
0,5853,-1.0,200,0.0014763397630304098,-1.0,2.2989686954133504e-07,0.0,DQN_RND,0.001,0.99,mountaincar,sparse
0,5854,-1.0,200,0.0007378440350294113,-1.0,1.5719618318144057e-07,0.0,DQN_RND,0.001,0.99,mountaincar,sparse
0,5855,-1.0,200,0.0014756391756236553,-1.0,1.1686491916407249e-06,0.0,DQN_RND,0.001,0.99,mountaincar,sparse
0,5856,-1.0,200,0.004418542142957449,-1.0,4.905720629722055e-07,0.0,DQN_RND,0.001,0.99,mountaincar,sparse
0,5857,-1.0,200,0.0022110715508461,-1.0,5.744485065406479e-07,0.0,DQN_RND,0.001,0.99,mountaincar,sparse
0,5858,-1.0,200,0.005157693289220333,-1.0,3.6743972486874554e-06,0.0,DQN_RND,0.001,0.99,mountaincar,sparse
0,5859,-1.0,200,0.00368399266153574,-1.0,3.312800629373669e-07,0.0,DQN_RND,0.001,0.99,mountaincar,sparse
0,5860,-1.0,200,0.0014751134440302849,-1.0,2.303468562558919e-07,0.0,DQN_RND,0.001,0.99,mountaincar,sparse
0,5861,-1.0,200,0.0007384761702269316,-1.0,1.9315657482366078e-06,0.0,DQN_RND,0.001,0.99,mountaincar,sparse
0,5862,-1.0,200,0.003684421768411994,-1.0,1.6367058606192586e-06,0.0,DQN_RND,0.001,0.99,mountaincar,sparse
0,5863,-1.0,200,0.005157514940947294,-1.0,2.4148656052602746e-07,0.0,DQN_RND,0.001,0.99,mountaincar,sparse
0,5864,-1.0,200,0.0036833316553384066,-1.0,3.3803516430452873e-07,0.0,DQN_RND,0.001,0.99,mountaincar,sparse
0,5865,-1.0,200,0.005890955217182636,-1.0,1.4907865875102289e-07,0.0,DQN_RND,0.001,0.99,mountaincar,sparse
0,5866,-1.0,200,0.005155984312295914,-1.0,1.3944737986548716e-07,0.0,DQN_RND,0.001,0.99,mountaincar,sparse
0,5867,-1.0,200,0.002210464095696807,-1.0,1.1919676978777716e-07,0.0,DQN_RND,0.001,0.99,mountaincar,sparse
0,5868,-1.0,200,0.007362739183008671,-1.0,1.221384309246787e-07,0.0,DQN_RND,0.001,0.99,mountaincar,sparse
0,5869,-1.0,200,0.002946940716356039,-1.0,1.745329427649267e-07,0.0,DQN_RND,0.001,0.99,mountaincar,sparse
0,5870,-1.0,200,0.004418100696057081,-1.0,1.3503371576462087e-07,0.0,DQN_RND,0.001,0.99,mountaincar,sparse
0,5871,-1.0,200,0.005152633413672447,-1.0,8.61911019001127e-07,0.0,DQN_RND,0.001,0.99,mountaincar,sparse
0,5872,-1.0,200,0.0014742722269147635,-1.0,1.0089445368066663e-06,0.0,DQN_RND,0.001,0.99,mountaincar,sparse
0,5873,-1.0,200,0.004417509771883488,-1.0,6.857794119241589e-07,0.0,DQN_RND,0.001,0.99,mountaincar,sparse
0,5874,-1.0,200,0.002209795406088233,-1.0,1.5303774034691742e-06,0.0,DQN_RND,0.001,0.99,mountaincar,sparse
0,5875,-1.0,200,0.00441721873357892,-1.0,1.8371404166828142e-06,0.0,DQN_RND,0.001,0.99,mountaincar,sparse
0,5876,-1.0,200,0.003680927213281393,-1.0,3.173377081111539e-06,0.0,DQN_RND,0.001,0.99,mountaincar,sparse
0,5877,-1.0,200,0.004415963310748339,-1.0,3.458263563516084e-06,0.0,DQN_RND,0.001,0.99,mountaincar,sparse
0,5878,-1.0,200,0.0036794478073716164,-1.0,2.919598784956179e-07,0.0,DQN_RND,0.001,0.99,mountaincar,sparse
0,5879,-1.0,200,0.0014731216942891479,-1.0,4.519591811913415e-07,0.0,DQN_RND,0.001,0.99,mountaincar,sparse
0,5880,-1.0,200,0.002945044543594122,-1.0,3.844874925107433e-07,0.0,DQN_RND,0.001,0.99,mountaincar,sparse
0,5881,-1.0,200,0.005150069482624531,-1.0,5.42938607850374e-07,0.0,DQN_RND,0.001,0.99,mountaincar,sparse
0,5882,-1.0,200,0.0029446277767419815,-1.0,1.0600791711112834e-06,0.0,DQN_RND,0.001,0.99,mountaincar,sparse
0,5883,-1.0,200,0.00515034981071949,-1.0,2.5613752541175927e-07,0.0,DQN_RND,0.001,0.99,mountaincar,sparse
0,5884,-1.0,200,0.0014730601105839014,-1.0,1.0400941619082005e-06,0.0,DQN_RND,0.001,0.99,mountaincar,sparse
0,5885,-1.0,200,0.00588598707690835,-1.0,3.748277208615036e-07,0.0,DQN_RND,0.001,0.99,mountaincar,sparse
0,5886,-1.0,200,0.002209026599302888,-1.0,1.1433983218012145e-06,0.0,DQN_RND,0.001,0.99,mountaincar,sparse
0,5887,-1.0,200,0.0007375112036243081,-1.0,5.663712840942026e-07,0.0,DQN_RND,0.001,0.99,mountaincar,sparse
0,5888,-1.0,200,0.0007371132378466427,-1.0,3.7133150954105076e-07,0.0,DQN_RND,0.001,0.99,mountaincar,sparse
0,5889,-1.0,200,0.005150304641574621,-1.0,3.6929111502104206e-07,0.0,DQN_RND,0.001,0.99,mountaincar,sparse
0,5890,-1.0,200,0.0007378164445981383,-1.0,3.424810586238891e-07,0.0,DQN_RND,0.001,0.99,mountaincar,sparse
0,5891,-1.0,200,0.0036783884279429913,-1.0,5.22493394328194e-07,0.0,DQN_RND,0.001,0.99,mountaincar,sparse
0,5892,-1.0,200,0.004412831738591194,-1.0,3.101873289779178e-06,0.0,DQN_RND,0.001,0.99,mountaincar,sparse
0,5893,-1.0,200,0.0036771760787814856,-1.0,4.5176020080361923e-07,0.0,DQN_RND,0.001,0.99,mountaincar,sparse
0,5894,-1.0,200,0.001473835902288556,-1.0,1.5508948081333074e-06,0.0,DQN_RND,0.001,0.99,mountaincar,sparse
0,5895,-1.0,200,0.0036778575740754604,-1.0,1.713116716928198e-06,0.0,DQN_RND,0.001,0.99,mountaincar,sparse
0,5896,-1.0,200,0.004412960726767778,-1.0,9.787639783098712e-07,0.0,DQN_RND,0.001,0.99,mountaincar,sparse
0,5897,-1.0,200,0.002942575141787529,-1.0,7.482706223527202e-07,0.0,DQN_RND,0.001,0.99,mountaincar,sparse
0,5898,-1.0,200,0.006618146784603596,-1.0,1.7951149402506417e-06,0.0,DQN_RND,0.001,0.99,mountaincar,sparse
0,5899,-1.0,200,0.00661783292889595,-1.0,9.899939641400124e-07,0.0,DQN_RND,0.001,0.99,mountaincar,sparse
0,5900,-1.0,200,0.0036774962209165096,-1.0,1.1252403737671557e-06,0.0,DQN_RND,0.001,0.99,mountaincar,sparse
0,5901,-1.0,200,0.00441246060654521,-1.0,1.667889250711596e-06,0.0,DQN_RND,0.001,0.99,mountaincar,sparse
0,5902,-1.0,200,0.005147595889866352,-1.0,5.320425202626211e-07,0.0,DQN_RND,0.001,0.99,mountaincar,sparse
0,5903,-1.0,200,0.0029426871333271265,-1.0,4.4271311594457075e-07,0.0,DQN_RND,0.001,0.99,mountaincar,sparse
0,5904,-1.0,200,0.004411933943629265,-1.0,2.24048176278302e-06,0.0,DQN_RND,0.001,0.99,mountaincar,sparse
0,5905,-1.0,200,0.0044104671105742455,-1.0,4.546861021026416e-07,0.0,DQN_RND,0.001,0.99,mountaincar,sparse
0,5906,-1.0,200,0.0036749932914972305,-1.0,2.4058338112808997e-06,0.0,DQN_RND,0.001,0.99,mountaincar,sparse
0,5907,-1.0,200,0.0014718123711645603,-1.0,6.785342634429981e-07,0.0,DQN_RND,0.001,0.99,mountaincar,sparse
0,5908,-1.0,200,0.003676969325169921,-1.0,4.354614588919503e-07,0.0,DQN_RND,0.001,0.99,mountaincar,sparse
0,5909,-1.0,200,0.0036754326429218054,-1.0,5.780930223409086e-07,0.0,DQN_RND,0.001,0.99,mountaincar,sparse
0,5910,-1.0,200,0.003675231244415045,-1.0,9.06819479951082e-07,0.0,DQN_RND,0.001,0.99,mountaincar,sparse
0,5911,-1.0,200,0.005144631490111351,-1.0,2.0356139884825097e-06,0.0,DQN_RND,0.001,0.99,mountaincar,sparse
0,5912,-1.0,200,0.0007374941487796605,-1.0,5.866423862244119e-07,0.0,DQN_RND,0.001,0.99,mountaincar,sparse
0,5913,-1.0,200,0.005876767449080944,-1.0,8.570671070629032e-07,0.0,DQN_RND,0.001,0.99,mountaincar,sparse
0,5914,-1.0,200,0.005144450813531876,-1.0,3.640560635176371e-07,0.0,DQN_RND,0.001,0.99,mountaincar,sparse
0,5915,-1.0,200,0.004408716224133968,-1.0,4.5899886913502996e-07,0.0,DQN_RND,0.001,0.99,mountaincar,sparse
0,5916,-1.0,200,0.0044080340303480625,-1.0,1.5413859273394337e-06,0.0,DQN_RND,0.001,0.99,mountaincar,sparse
0,5917,-1.0,200,0.0022052470594644547,-1.0,1.6237744375757757e-06,0.0,DQN_RND,0.001,0.99,mountaincar,sparse
0,5918,-1.0,200,0.0036742854863405228,-1.0,7.998195314939949e-07,0.0,DQN_RND,0.001,0.99,mountaincar,sparse
0,5919,-1.0,200,0.002205340890213847,-1.0,1.052824018188403e-06,0.0,DQN_RND,0.001,0.99,mountaincar,sparse
0,5920,-1.0,200,0.002940153004601598,-1.0,5.464029300128459e-07,0.0,DQN_RND,0.001,0.99,mountaincar,sparse
0,5921,-1.0,200,0.004409496672451496,-1.0,9.795907089937828e-07,0.0,DQN_RND,0.001,0.99,mountaincar,sparse
0,5922,-1.0,200,0.005142378620803356,-1.0,8.488764251524117e-07,0.0,DQN_RND,0.001,0.99,mountaincar,sparse
0,5923,-1.0,200,0.002937484299764037,-1.0,2.594130592115107e-06,0.0,DQN_RND,0.001,0.99,mountaincar,sparse
0,5924,-1.0,200,0.003672440303489566,-1.0,1.3799010503134923e-06,0.0,DQN_RND,0.001,0.99,mountaincar,sparse
0,5925,-1.0,200,0.0029388307593762875,-1.0,8.37328514080582e-07,0.0,DQN_RND,0.001,0.99,mountaincar,sparse
0,5926,-1.0,200,0.004406173247843981,-1.0,9.213381417794153e-07,0.0,DQN_RND,0.001,0.99,mountaincar,sparse
0,5927,-1.0,200,0.0022048766259104013,-1.0,2.7393875257075706e-07,0.0,DQN_RND,0.001,0.99,mountaincar,sparse
0,5928,-1.0,200,0.004408455919474363,-1.0,2.721107819070312e-07,0.0,DQN_RND,0.001,0.99,mountaincar,sparse
0,5929,-1.0,200,0.005874993279576302,-1.0,8.782177474131458e-07,0.0,DQN_RND,0.001,0.99,mountaincar,sparse
0,5930,-1.0,200,0.005139146465808153,-1.0,9.230912496605015e-07,0.0,DQN_RND,0.001,0.99,mountaincar,sparse
0,5931,-1.0,200,0.005139698274433613,-1.0,3.077857968492026e-07,0.0,DQN_RND,0.001,0.99,mountaincar,sparse
0,5932,-1.0,200,0.0029355562292039394,-1.0,2.11899305213592e-06,0.0,DQN_RND,0.001,0.99,mountaincar,sparse
0,5933,-1.0,200,0.0044071548618376255,-1.0,6.878667022647278e-07,0.0,DQN_RND,0.001,0.99,mountaincar,sparse
0,5934,-1.0,200,0.0036717725452035666,-1.0,1.4872803149046376e-06,0.0,DQN_RND,0.001,0.99,mountaincar,sparse
0,5935,-1.0,200,0.004405000247061253,-1.0,4.3479684563862975e-07,0.0,DQN_RND,0.001,0.99,mountaincar,sparse
0,5936,-1.0,200,0.0007358835428021848,-1.0,1.3056810530542862e-06,0.0,DQN_RND,0.001,0.99,mountaincar,sparse
0,5937,-1.0,200,0.0036723779048770666,-1.0,8.448962489637779e-07,0.0,DQN_RND,0.001,0.99,mountaincar,sparse
0,5938,-1.0,200,0.005874122027307749,-1.0,3.6891376566927647e-06,0.0,DQN_RND,0.001,0.99,mountaincar,sparse
0,5939,-1.0,200,0.002203479642048478,-1.0,1.9522650518410956e-07,0.0,DQN_RND,0.001,0.99,mountaincar,sparse
0,5940,-1.0,200,0.0036716393660753965,-1.0,1.340829726359516e-06,0.0,DQN_RND,0.001,0.99,mountaincar,sparse
0,5941,-1.0,200,0.0029349946416914463,-1.0,2.116145481068088e-07,0.0,DQN_RND,0.001,0.99,mountaincar,sparse
0,5942,-1.0,200,0.0036695057060569525,-1.0,2.21822674006944e-07,0.0,DQN_RND,0.001,0.99,mountaincar,sparse
0,5943,-1.0,200,0.005869871471077204,-1.0,1.1411548257456161e-06,0.0,DQN_RND,0.001,0.99,mountaincar,sparse
0,5944,-1.0,200,0.0036721101496368647,-1.0,6.919200359334354e-07,0.0,DQN_RND,0.001,0.99,mountaincar,sparse
0,5945,-1.0,200,0.0007356765563599765,-1.0,3.7665293461941474e-07,0.0,DQN_RND,0.001,0.99,mountaincar,sparse
0,5946,-1.0,200,0.0022037960588932037,-1.0,8.359348839803715e-07,0.0,DQN_RND,0.001,0.99,mountaincar,sparse
0,5947,-1.0,200,0.00220488547347486,-1.0,3.223069029445469e-07,0.0,DQN_RND,0.001,0.99,mountaincar,sparse
0,5948,-1.0,200,0.004403837025165558,-1.0,2.848198619176401e-07,0.0,DQN_RND,0.001,0.99,mountaincar,sparse
0,5949,-1.0,200,0.004403576720505953,-1.0,2.06681519898666e-07,0.0,DQN_RND,0.001,0.99,mountaincar,sparse
0,5950,-1.0,200,0.0022030831314623356,-1.0,2.4122564923345635e-07,0.0,DQN_RND,0.001,0.99,mountaincar,sparse
0,5951,-1.0,200,0.0029360363259911537,-1.0,6.870612310194701e-07,0.0,DQN_RND,0.001,0.99,mountaincar,sparse
0,5952,-1.0,200,0.005868604872375727,-1.0,2.399943923592218e-07,0.0,DQN_RND,0.001,0.99,mountaincar,sparse
0,5953,-1.0,200,0.004402909893542528,-1.0,5.828642315464094e-07,0.0,DQN_RND,0.001,0.99,mountaincar,sparse
0,5954,-1.0,200,0.004401321988552809,-1.0,1.8752560890789027e-06,0.0,DQN_RND,0.001,0.99,mountaincar,sparse
0,5955,-1.0,200,0.005868116859346628,-1.0,1.9290074249056488e-07,0.0,DQN_RND,0.001,0.99,mountaincar,sparse
0,5956,-1.0,200,0.003668535267934203,-1.0,5.706330625798728e-07,0.0,DQN_RND,0.001,0.99,mountaincar,sparse
0,5957,-1.0,200,0.0014676926657557487,-1.0,8.53696406011295e-07,0.0,DQN_RND,0.001,0.99,mountaincar,sparse
0,5958,-1.0,200,0.005134623497724533,-1.0,1.729838743358414e-07,0.0,DQN_RND,0.001,0.99,mountaincar,sparse
0,5959,-1.0,200,0.004400297999382019,-1.0,2.17327510654286e-06,0.0,DQN_RND,0.001,0.99,mountaincar,sparse
0,5960,-1.0,200,0.005132326390594244,-1.0,1.4172661622069427e-07,0.0,DQN_RND,0.001,0.99,mountaincar,sparse
0,5961,-1.0,200,0.0022022624034434557,-1.0,4.641041186914663e-07,0.0,DQN_RND,0.001,0.99,mountaincar,sparse
0,5962,-1.0,200,0.0036662344355136156,-1.0,1.1166491731273709e-06,0.0,DQN_RND,0.001,0.99,mountaincar,sparse
0,5963,-1.0,200,0.004399806261062622,-1.0,1.2832986158173298e-06,0.0,DQN_RND,0.001,0.99,mountaincar,sparse
0,5964,-1.0,200,0.0007355852867476642,-1.0,1.545314631812289e-07,0.0,DQN_RND,0.001,0.99,mountaincar,sparse
0,5965,-1.0,200,0.00733186537399888,-1.0,7.290990993169544e-07,0.0,DQN_RND,0.001,0.99,mountaincar,sparse
0,5966,-1.0,200,0.002935737371444702,-1.0,1.3680765675871953e-07,0.0,DQN_RND,0.001,0.99,mountaincar,sparse
0,5967,-1.0,200,0.0022025168873369694,-1.0,1.4016485749834828e-07,0.0,DQN_RND,0.001,0.99,mountaincar,sparse
0,5968,-1.0,200,0.003667064942419529,-1.0,2.1380405996751506e-06,0.0,DQN_RND,0.001,0.99,mountaincar,sparse
0,5969,-1.0,200,0.004398055374622345,-1.0,9.794854349820525e-07,0.0,DQN_RND,0.001,0.99,mountaincar,sparse
0,5970,-1.0,200,0.005865524988621473,-1.0,2.3012289318558032e-07,0.0,DQN_RND,0.001,0.99,mountaincar,sparse
0,5971,-1.0,200,0.0007361805764958262,-1.0,2.5146417215182737e-07,0.0,DQN_RND,0.001,0.99,mountaincar,sparse
0,5972,-1.0,200,0.006592924706637859,-1.0,2.0642970355311263e-07,0.0,DQN_RND,0.001,0.99,mountaincar,sparse
0,5973,-1.0,200,0.008787722326815128,-1.0,9.081809935196361e-07,0.0,DQN_RND,0.001,0.99,mountaincar,sparse
0,5974,-1.0,200,0.005865969229489565,-1.0,7.103001848918211e-07,0.0,DQN_RND,0.001,0.99,mountaincar,sparse
0,5975,-1.0,200,0.0029307736549526453,-1.0,1.6767921806604136e-07,0.0,DQN_RND,0.001,0.99,mountaincar,sparse
0,5976,-1.0,200,0.0014684201451018453,-1.0,4.827987822864088e-07,0.0,DQN_RND,0.001,0.99,mountaincar,sparse
0,5977,-1.0,200,0.0029300651513040066,-1.0,3.0229676895032753e-07,0.0,DQN_RND,0.001,0.99,mountaincar,sparse
0,5978,-1.0,200,0.002929253503680229,-1.0,2.409717296814051e-07,0.0,DQN_RND,0.001,0.99,mountaincar,sparse
0,5979,-1.0,200,0.0029316688887774944,-1.0,9.703476280265022e-07,0.0,DQN_RND,0.001,0.99,mountaincar,sparse
0,5980,-1.0,200,0.0036642616614699364,-1.0,5.543197403312661e-07,0.0,DQN_RND,0.001,0.99,mountaincar,sparse
0,5981,-1.0,200,0.0022004651837050915,-1.0,1.992361831071321e-06,0.0,DQN_RND,0.001,0.99,mountaincar,sparse
0,5982,-1.0,200,0.005127331707626581,-1.0,2.3888624127721414e-06,0.0,DQN_RND,0.001,0.99,mountaincar,sparse
0,5983,-1.0,200,0.004395345225930214,-1.0,2.726958712173655e-07,0.0,DQN_RND,0.001,0.99,mountaincar,sparse
0,5984,-1.0,200,0.005125876981765032,-1.0,5.504201681105769e-07,0.0,DQN_RND,0.001,0.99,mountaincar,sparse
0,5985,-1.0,200,0.0014689161907881498,-1.0,1.8531791567966138e-07,0.0,DQN_RND,0.001,0.99,mountaincar,sparse
0,5986,-1.0,200,0.004396726377308369,-1.0,6.211769232322695e-07,0.0,DQN_RND,0.001,0.99,mountaincar,sparse
0,5987,-1.0,200,0.002930715214461088,-1.0,4.078965787357447e-07,0.0,DQN_RND,0.001,0.99,mountaincar,sparse
0,5988,-1.0,200,0.003665521275252104,-1.0,2.200483550041099e-06,0.0,DQN_RND,0.001,0.99,mountaincar,sparse
0,5989,-1.0,200,0.0014672324759885669,-1.0,3.0796416012890404e-06,0.0,DQN_RND,0.001,0.99,mountaincar,sparse
0,5990,-1.0,200,0.0036656390875577927,-1.0,1.8682966640426457e-07,0.0,DQN_RND,0.001,0.99,mountaincar,sparse
0,5991,-1.0,200,0.002199379028752446,-1.0,1.780263971795648e-07,0.0,DQN_RND,0.001,0.99,mountaincar,sparse
0,5992,-1.0,200,0.006591457407921553,-1.0,2.250239958812017e-06,0.0,DQN_RND,0.001,0.99,mountaincar,sparse
0,5993,-1.0,200,0.005855564493685961,-1.0,2.7818668968393467e-06,0.0,DQN_RND,0.001,0.99,mountaincar,sparse
0,5994,-1.0,200,0.003664816729724407,-1.0,2.463005785102723e-06,0.0,DQN_RND,0.001,0.99,mountaincar,sparse
0,5995,-1.0,200,0.0021989773958921432,-1.0,2.184225877499557e-06,0.0,DQN_RND,0.001,0.99,mountaincar,sparse
0,5996,-1.0,200,0.0036605566274374723,-1.0,1.3408096322109486e-07,0.0,DQN_RND,0.001,0.99,mountaincar,sparse
0,5997,-1.0,200,0.0036605894565582275,-1.0,1.286767314923054e-07,0.0,DQN_RND,0.001,0.99,mountaincar,sparse
0,5998,-1.0,200,0.003662175266072154,-1.0,2.2110036752565065e-06,0.0,DQN_RND,0.001,0.99,mountaincar,sparse
0,5999,-1.0,200,0.003660306567326188,-1.0,1.3717545925828745e-06,0.0,DQN_RND,0.001,0.99,mountaincar,sparse
0,6000,-1.0,200,0.004393322858959436,-1.0,1.1074449730585911e-06,0.0,DQN_RND,0.001,0.99,mountaincar,sparse
0,6001,-1.0,200,0.00585357379168272,-1.0,2.3185644693057839e-07,0.0,DQN_RND,0.001,0.99,mountaincar,sparse
0,6002,-1.0,200,0.0051262592896819115,-1.0,3.434675136304577e-06,0.0,DQN_RND,0.001,0.99,mountaincar,sparse
0,6003,-1.0,200,0.0036593517288565636,-1.0,1.9006375850949553e-07,0.0,DQN_RND,0.001,0.99,mountaincar,sparse
0,6004,-1.0,200,0.004395203199237585,-1.0,3.216931929728162e-07,0.0,DQN_RND,0.001,0.99,mountaincar,sparse
0,6005,-1.0,200,0.008044909685850143,-1.0,6.368368303810712e-07,0.0,DQN_RND,0.001,0.99,mountaincar,sparse
0,6006,-1.0,200,0.005851233843713999,-1.0,1.0269185395372915e-06,0.0,DQN_RND,0.001,0.99,mountaincar,sparse
0,6007,-1.0,200,0.0036624986678361893,-1.0,1.3365979611990042e-07,0.0,DQN_RND,0.001,0.99,mountaincar,sparse
0,6008,-1.0,200,0.0029281044844537973,-1.0,3.6760761190635094e-07,0.0,DQN_RND,0.001,0.99,mountaincar,sparse
0,6009,-1.0,200,0.001465895096771419,-1.0,1.431424010434057e-07,0.0,DQN_RND,0.001,0.99,mountaincar,sparse
0,6010,-1.0,200,0.0021979662124067545,-1.0,4.442862575615436e-07,0.0,DQN_RND,0.001,0.99,mountaincar,sparse
0,6011,-1.0,200,0.005118140485137701,-1.0,3.923485962786799e-07,0.0,DQN_RND,0.001,0.99,mountaincar,sparse
0,6012,-1.0,200,0.004391977563500404,-1.0,1.2346173150490358e-07,0.0,DQN_RND,0.001,0.99,mountaincar,sparse
0,6013,-1.0,200,0.004389488138258457,-1.0,5.001895715395221e-07,0.0,DQN_RND,0.001,0.99,mountaincar,sparse
0,6014,-1.0,200,0.00219742045737803,-1.0,1.415809123272993e-07,0.0,DQN_RND,0.001,0.99,mountaincar,sparse
0,6015,-1.0,200,0.0029294744599610567,-1.0,1.143946377624161e-07,0.0,DQN_RND,0.001,0.99,mountaincar,sparse
0,6016,-1.0,200,0.004388652741909027,-1.0,1.131959720623854e-06,0.0,DQN_RND,0.001,0.99,mountaincar,sparse
0,6017,-1.0,200,0.003661931026726961,-1.0,1.0890271369135007e-06,0.0,DQN_RND,0.001,0.99,mountaincar,sparse
0,6018,-1.0,200,0.0029274960979819298,-1.0,2.455927869959851e-07,0.0,DQN_RND,0.001,0.99,mountaincar,sparse
0,6019,-1.0,200,0.003658601548522711,-1.0,1.323605829384178e-07,0.0,DQN_RND,0.001,0.99,mountaincar,sparse
0,6020,-1.0,200,0.0036561654414981604,-1.0,9.18628643375996e-07,0.0,DQN_RND,0.001,0.99,mountaincar,sparse
0,6021,-1.0,200,0.0014653514372184873,-1.0,3.6878483911095827e-07,0.0,DQN_RND,0.001,0.99,mountaincar,sparse
0,6022,-1.0,200,0.0021964870393276215,-1.0,2.728582728650508e-07,0.0,DQN_RND,0.001,0.99,mountaincar,sparse
0,6023,-1.0,200,0.002928696805611253,-1.0,2.340393194799617e-07,0.0,DQN_RND,0.001,0.99,mountaincar,sparse
0,6024,-1.0,200,0.0007332174573093653,-1.0,5.710678578907391e-07,0.0,DQN_RND,0.001,0.99,mountaincar,sparse
0,6025,-1.0,200,0.005117570050060749,-1.0,1.9071558199357241e-06,0.0,DQN_RND,0.001,0.99,mountaincar,sparse
0,6026,-1.0,200,0.001467025140300393,-1.0,9.69492930380511e-07,0.0,DQN_RND,0.001,0.99,mountaincar,sparse
0,6027,-1.0,200,0.005115498788654804,-1.0,1.1275915312580764e-07,0.0,DQN_RND,0.001,0.99,mountaincar,sparse
0,6028,-1.0,200,0.005120852496474981,-1.0,1.8369892984537728e-07,0.0,DQN_RND,0.001,0.99,mountaincar,sparse
0,6029,-1.0,200,0.0036599079612642527,-1.0,1.5765991747684893e-06,0.0,DQN_RND,0.001,0.99,mountaincar,sparse
0,6030,-1.0,200,0.002192074665799737,-1.0,1.721095514994886e-07,0.0,DQN_RND,0.001,0.99,mountaincar,sparse
0,6031,-1.0,200,0.004389455076307058,-1.0,1.7101299931709946e-07,0.0,DQN_RND,0.001,0.99,mountaincar,sparse
0,6032,-1.0,200,3.856196144624846e-06,-1.0,1.753498679590848e-07,0.0,DQN_RND,0.001,0.99,mountaincar,sparse
0,6033,-1.0,200,0.0058494131080806255,-1.0,5.790997192889336e-07,0.0,DQN_RND,0.001,0.99,mountaincar,sparse
0,6034,-1.0,200,0.005118397064507008,-1.0,1.6675042502356519e-07,0.0,DQN_RND,0.001,0.99,mountaincar,sparse
0,6035,-1.0,200,0.007312011905014515,-1.0,1.5294916977381945e-07,0.0,DQN_RND,0.001,0.99,mountaincar,sparse
0,6036,-1.0,200,0.005114407744258642,-1.0,1.5609806780503277e-07,0.0,DQN_RND,0.001,0.99,mountaincar,sparse
0,6037,-1.0,200,0.003654062282294035,-1.0,1.4762990758754313e-06,0.0,DQN_RND,0.001,0.99,mountaincar,sparse
0,6038,-1.0,200,0.005115965846925974,-1.0,1.9253532457241818e-07,0.0,DQN_RND,0.001,0.99,mountaincar,sparse
0,6039,-1.0,200,0.002924529369920492,-1.0,1.0654149207312003e-07,0.0,DQN_RND,0.001,0.99,mountaincar,sparse
0,6040,-1.0,200,0.007307650055736303,-1.0,1.1844787195514073e-06,0.0,DQN_RND,0.001,0.99,mountaincar,sparse
0,6041,-1.0,200,0.003656824352219701,-1.0,1.3908029927733878e-07,0.0,DQN_RND,0.001,0.99,mountaincar,sparse
0,6042,-1.0,200,0.0029251931700855494,-1.0,1.0274877126903448e-07,0.0,DQN_RND,0.001,0.99,mountaincar,sparse
0,6043,-1.0,200,0.002924129366874695,-1.0,7.020021257631015e-07,0.0,DQN_RND,0.001,0.99,mountaincar,sparse
0,6044,-1.0,200,0.004381759092211723,-1.0,2.949799409179832e-06,0.0,DQN_RND,0.001,0.99,mountaincar,sparse
0,6045,-1.0,200,0.005117195658385754,-1.0,1.530540032490535e-07,0.0,DQN_RND,0.001,0.99,mountaincar,sparse
0,6046,-1.0,200,0.0065804882906377316,-1.0,5.608430342363135e-07,0.0,DQN_RND,0.001,0.99,mountaincar,sparse
0,6047,-1.0,200,0.0029249642975628376,-1.0,1.2074696087438497e-06,0.0,DQN_RND,0.001,0.99,mountaincar,sparse
0,6048,-1.0,200,0.005113495979458094,-1.0,5.691703108823276e-07,0.0,DQN_RND,0.001,0.99,mountaincar,sparse
0,6049,-1.0,200,0.005117948167026043,-1.0,5.769231279373344e-07,0.0,DQN_RND,0.001,0.99,mountaincar,sparse
0,6050,-1.0,200,0.001464730012230575,-1.0,1.0977863951211475e-07,0.0,DQN_RND,0.001,0.99,mountaincar,sparse
0,6051,-1.0,200,0.004384488798677921,-1.0,9.642407121646102e-07,0.0,DQN_RND,0.001,0.99,mountaincar,sparse
0,6052,-1.0,200,0.0036564611364156008,-1.0,9.25922236660881e-08,0.0,DQN_RND,0.001,0.99,mountaincar,sparse
0,6053,-1.0,200,0.0036537786945700645,-1.0,1.0526213145567453e-07,0.0,DQN_RND,0.001,0.99,mountaincar,sparse
0,6054,-1.0,200,0.0021930155344307423,-1.0,7.041755338832445e-07,0.0,DQN_RND,0.001,0.99,mountaincar,sparse
0,6055,-1.0,200,0.0021914555691182613,-1.0,9.721103566562306e-08,0.0,DQN_RND,0.001,0.99,mountaincar,sparse
0,6056,-1.0,200,0.0065758079290390015,-1.0,3.8339547359100834e-07,0.0,DQN_RND,0.001,0.99,mountaincar,sparse
0,6057,-1.0,200,0.002922088373452425,-1.0,1.0678649005058105e-06,0.0,DQN_RND,0.001,0.99,mountaincar,sparse
0,6058,-1.0,200,0.002923745894804597,-1.0,9.750472429459478e-08,0.0,DQN_RND,0.001,0.99,mountaincar,sparse
0,6059,-1.0,200,0.004382909741252661,-1.0,1.195486333926965e-06,0.0,DQN_RND,0.001,0.99,mountaincar,sparse
0,6060,-1.0,200,0.0021942907478660345,-1.0,1.0959150813505403e-06,0.0,DQN_RND,0.001,0.99,mountaincar,sparse
0,6061,-1.0,200,0.005837045144289732,-1.0,1.7279836583838915e-07,0.0,DQN_RND,0.001,0.99,mountaincar,sparse
0,6062,-1.0,200,0.004382182843983173,-1.0,1.5546023632850847e-06,0.0,DQN_RND,0.001,0.99,mountaincar,sparse
0,6063,-1.0,200,0.009491601958870888,-1.0,1.9566437003959436e-06,0.0,DQN_RND,0.001,0.99,mountaincar,sparse
0,6064,-1.0,200,0.0014614765532314777,-1.0,9.643989642427186e-07,0.0,DQN_RND,0.001,0.99,mountaincar,sparse
0,6065,-1.0,200,0.0036492201033979654,-1.0,1.0313428333574848e-07,0.0,DQN_RND,0.001,0.99,mountaincar,sparse
0,6066,-1.0,200,0.002923728432506323,-1.0,2.433953909530828e-07,0.0,DQN_RND,0.001,0.99,mountaincar,sparse
0,6067,-1.0,200,0.0043802945874631405,-1.0,2.0312246817866253e-07,0.0,DQN_RND,0.001,0.99,mountaincar,sparse
0,6068,-1.0,200,0.002919298131018877,-1.0,2.143257518127939e-07,0.0,DQN_RND,0.001,0.99,mountaincar,sparse
0,6069,-1.0,200,0.0029239733703434467,-1.0,1.9170327050233027e-06,0.0,DQN_RND,0.001,0.99,mountaincar,sparse
0,6070,-1.0,200,0.003654866712167859,-1.0,5.296586209624365e-07,0.0,DQN_RND,0.001,0.99,mountaincar,sparse
0,6071,-1.0,200,0.0007331317756325006,-1.0,5.606154900306137e-07,0.0,DQN_RND,0.001,0.99,mountaincar,sparse
0,6072,-1.0,200,0.002919472986832261,-1.0,2.966438898965862e-07,0.0,DQN_RND,0.001,0.99,mountaincar,sparse
0,6073,-1.0,200,2.9260436349431984e-06,-1.0,2.546727728258702e-06,0.0,DQN_RND,0.001,0.99,mountaincar,sparse
0,6074,-1.0,200,0.0036477474495768547,-1.0,1.0937437622260404e-07,0.0,DQN_RND,0.001,0.99,mountaincar,sparse
0,6075,-1.0,200,0.007301016245037317,-1.0,9.360120429846575e-07,0.0,DQN_RND,0.001,0.99,mountaincar,sparse
0,6076,-1.0,200,0.004380685742944479,-1.0,1.8554459302322357e-06,0.0,DQN_RND,0.001,0.99,mountaincar,sparse
0,6077,-1.0,200,0.0029206883627921343,-1.0,9.662481943450985e-07,0.0,DQN_RND,0.001,0.99,mountaincar,sparse
0,6078,-1.0,200,0.00656572449952364,-1.0,8.147828367555121e-08,0.0,DQN_RND,0.001,0.99,mountaincar,sparse
0,6079,-1.0,200,0.005835710093379021,-1.0,8.113979532708981e-08,0.0,DQN_RND,0.001,0.99,mountaincar,sparse
0,6080,-1.0,200,0.0065680621191859245,-1.0,1.9882627384504303e-06,0.0,DQN_RND,0.001,0.99,mountaincar,sparse
0,6081,-1.0,200,0.005109494552016258,-1.0,8.969569620376205e-08,0.0,DQN_RND,0.001,0.99,mountaincar,sparse
0,6082,-1.0,200,0.0043795183300971985,-1.0,9.592031346983276e-07,0.0,DQN_RND,0.001,0.99,mountaincar,sparse
0,6083,-1.0,200,0.0043771821074187756,-1.0,4.206894459457544e-07,0.0,DQN_RND,0.001,0.99,mountaincar,sparse
0,6084,-1.0,200,0.001460245461203158,-1.0,5.13420786774077e-07,0.0,DQN_RND,0.001,0.99,mountaincar,sparse
0,6085,-1.0,200,0.003648121142759919,-1.0,4.2721413251456397e-07,0.0,DQN_RND,0.001,0.99,mountaincar,sparse
0,6086,-1.0,200,0.008023066446185112,-1.0,1.0799424643437305e-07,0.0,DQN_RND,0.001,0.99,mountaincar,sparse
0,6087,-1.0,200,0.001460034865885973,-1.0,2.437608657146484e-07,0.0,DQN_RND,0.001,0.99,mountaincar,sparse
0,6088,-1.0,200,0.0043770018965005875,-1.0,1.023473359396121e-07,0.0,DQN_RND,0.001,0.99,mountaincar,sparse
0,6089,-1.0,200,0.002187361242249608,-1.0,1.0882835113079636e-06,0.0,DQN_RND,0.001,0.99,mountaincar,sparse
0,6090,-1.0,200,0.004376917611807585,-1.0,1.3502237550255813e-07,0.0,DQN_RND,0.001,0.99,mountaincar,sparse
0,6091,-1.0,200,0.003648563288152218,-1.0,8.710743770734553e-08,0.0,DQN_RND,0.001,0.99,mountaincar,sparse
0,6092,-1.0,200,0.0014605894684791565,-1.0,1.1395520260748526e-07,0.0,DQN_RND,0.001,0.99,mountaincar,sparse
0,6093,-1.0,200,0.00291833677329123,-1.0,2.1250838244668557e-07,0.0,DQN_RND,0.001,0.99,mountaincar,sparse
0,6094,-1.0,200,0.005102479364722967,-1.0,7.532148060818145e-07,0.0,DQN_RND,0.001,0.99,mountaincar,sparse
0,6095,-1.0,200,0.0051028551533818245,-1.0,2.3147147487634356e-07,0.0,DQN_RND,0.001,0.99,mountaincar,sparse
0,6096,-1.0,200,0.007290733512490988,-1.0,1.5249487717028387e-07,0.0,DQN_RND,0.001,0.99,mountaincar,sparse
0,6097,-1.0,200,0.002917221747338772,-1.0,1.1222755347262137e-07,0.0,DQN_RND,0.001,0.99,mountaincar,sparse
0,6098,-1.0,200,0.0029174599330872297,-1.0,1.155488433823848e-07,0.0,DQN_RND,0.001,0.99,mountaincar,sparse
0,6099,-1.0,200,0.005102330818772316,-1.0,1.0415469375857356e-07,0.0,DQN_RND,0.001,0.99,mountaincar,sparse
0,6100,-1.0,200,0.003646157681941986,-1.0,4.104131789972598e-07,0.0,DQN_RND,0.001,0.99,mountaincar,sparse
0,6101,-1.0,200,0.0029177346732467413,-1.0,9.04944315038847e-08,0.0,DQN_RND,0.001,0.99,mountaincar,sparse
0,6102,-1.0,200,0.0065606809221208096,-1.0,1.0806523675910285e-07,0.0,DQN_RND,0.001,0.99,mountaincar,sparse
0,6103,-1.0,200,0.002188668120652437,-1.0,1.0623660955388914e-06,0.0,DQN_RND,0.001,0.99,mountaincar,sparse
0,6104,-1.0,200,0.007287346757948399,-1.0,1.3291432878759224e-06,0.0,DQN_RND,0.001,0.99,mountaincar,sparse
0,6105,-1.0,200,0.0029169691260904074,-1.0,3.0791557037446182e-06,0.0,DQN_RND,0.001,0.99,mountaincar,sparse
0,6106,-1.0,200,0.0029160683043301105,-1.0,1.4576184526049474e-07,0.0,DQN_RND,0.001,0.99,mountaincar,sparse
0,6107,-1.0,200,0.0029149167239665985,-1.0,2.3856415509726503e-07,0.0,DQN_RND,0.001,0.99,mountaincar,sparse
0,6108,-1.0,200,0.0021867500618100166,-1.0,9.083162666456701e-08,0.0,DQN_RND,0.001,0.99,mountaincar,sparse
0,6109,-1.0,200,0.0014581121504306793,-1.0,3.637500469721999e-07,0.0,DQN_RND,0.001,0.99,mountaincar,sparse
0,6110,-1.0,200,0.0036437776871025562,-1.0,1.598963876858761e-07,0.0,DQN_RND,0.001,0.99,mountaincar,sparse
0,6111,-1.0,200,0.0036441111005842686,-1.0,9.464474715059623e-08,0.0,DQN_RND,0.001,0.99,mountaincar,sparse
0,6112,-1.0,200,0.0036430449690669775,-1.0,1.993370915442938e-06,0.0,DQN_RND,0.001,0.99,mountaincar,sparse
0,6113,-1.0,200,0.006554906256496906,-1.0,1.5774729718032177e-06,0.0,DQN_RND,0.001,0.99,mountaincar,sparse
0,6114,-1.0,200,0.0058281309902668,-1.0,4.000808928594779e-07,0.0,DQN_RND,0.001,0.99,mountaincar,sparse
0,6115,-1.0,200,0.0036431066691875458,-1.0,5.348819627215562e-07,0.0,DQN_RND,0.001,0.99,mountaincar,sparse
0,6116,-1.0,200,0.0036431672051548958,-1.0,8.132499829116568e-08,0.0,DQN_RND,0.001,0.99,mountaincar,sparse
0,6117,-1.0,200,0.007281243335455656,-1.0,2.844478217411961e-07,0.0,DQN_RND,0.001,0.99,mountaincar,sparse
0,6118,-1.0,200,0.005097564775496721,-1.0,8.007532414922025e-08,0.0,DQN_RND,0.001,0.99,mountaincar,sparse
0,6119,-1.0,200,0.005823330022394657,-1.0,2.2575433433758008e-07,0.0,DQN_RND,0.001,0.99,mountaincar,sparse
0,6120,-1.0,200,0.0029130990151315928,-1.0,1.4668326286937372e-07,0.0,DQN_RND,0.001,0.99,mountaincar,sparse
0,6121,-1.0,200,0.004367554560303688,-1.0,1.736479759983922e-07,0.0,DQN_RND,0.001,0.99,mountaincar,sparse
0,6122,-1.0,200,0.004367250017821789,-1.0,2.5350873329443857e-06,0.0,DQN_RND,0.001,0.99,mountaincar,sparse
0,6123,-1.0,200,0.0029120107647031546,-1.0,1.1913583648492931e-06,0.0,DQN_RND,0.001,0.99,mountaincar,sparse
0,6124,-1.0,200,0.005820877850055695,-1.0,2.50877889129697e-07,0.0,DQN_RND,0.001,0.99,mountaincar,sparse
0,6125,-1.0,200,0.0029114142525941133,-1.0,2.3882290633991943e-07,0.0,DQN_RND,0.001,0.99,mountaincar,sparse
0,6126,-1.0,200,0.0014564237790182233,-1.0,8.992372357852219e-08,0.0,DQN_RND,0.001,0.99,mountaincar,sparse
0,6127,-1.0,200,0.0029118440579622984,-1.0,8.603725376588045e-08,0.0,DQN_RND,0.001,0.99,mountaincar,sparse
0,6128,-1.0,200,0.004366852343082428,-1.0,2.623757495712198e-07,0.0,DQN_RND,0.001,0.99,mountaincar,sparse
0,6129,-1.0,200,0.003638189285993576,-1.0,9.075724705098764e-08,0.0,DQN_RND,0.001,0.99,mountaincar,sparse
0,6130,-1.0,200,0.001456735422834754,-1.0,1.306661800981601e-07,0.0,DQN_RND,0.001,0.99,mountaincar,sparse
0,6131,-1.0,200,0.005093432031571865,-1.0,1.7678922858976875e-07,0.0,DQN_RND,0.001,0.99,mountaincar,sparse
0,6132,-1.0,200,0.005092047154903412,-1.0,6.474633096331672e-07,0.0,DQN_RND,0.001,0.99,mountaincar,sparse
0,6133,-1.0,200,0.004364127293229103,-1.0,5.757376584369922e-07,0.0,DQN_RND,0.001,0.99,mountaincar,sparse
0,6134,-1.0,200,0.0036374181509017944,-1.0,3.5361478012418956e-07,0.0,DQN_RND,0.001,0.99,mountaincar,sparse
0,6135,-1.0,200,0.0036374337505549192,-1.0,3.231336336284585e-07,0.0,DQN_RND,0.001,0.99,mountaincar,sparse
0,6136,-1.0,200,0.004363588988780975,-1.0,4.282743191197369e-07,0.0,DQN_RND,0.001,0.99,mountaincar,sparse
0,6137,-1.0,200,0.005090243648737669,-1.0,3.1181886583908636e-07,0.0,DQN_RND,0.001,0.99,mountaincar,sparse
0,6138,-1.0,200,0.003637186251580715,-1.0,5.244010026217438e-06,0.0,DQN_RND,0.001,0.99,mountaincar,sparse
0,6139,-1.0,200,0.005816874094307423,-1.0,2.5260612801503157e-07,0.0,DQN_RND,0.001,0.99,mountaincar,sparse
0,6140,-1.0,200,0.0029091692995280027,-1.0,2.489319399501255e-07,0.0,DQN_RND,0.001,0.99,mountaincar,sparse
0,6141,-1.0,200,0.004363266751170158,-1.0,1.6720418898330536e-06,0.0,DQN_RND,0.001,0.99,mountaincar,sparse
0,6142,-1.0,200,0.002910088514909148,-1.0,1.7576544451003429e-06,0.0,DQN_RND,0.001,0.99,mountaincar,sparse
0,6143,-1.0,200,0.0007301477016881108,-1.0,5.57832265712932e-07,0.0,DQN_RND,0.001,0.99,mountaincar,sparse
0,6144,-1.0,200,0.005089601501822472,-1.0,1.0535954970691819e-06,0.0,DQN_RND,0.001,0.99,mountaincar,sparse
0,6145,-1.0,200,0.0058150384575128555,-1.0,2.3395461994368816e-06,0.0,DQN_RND,0.001,0.99,mountaincar,sparse
0,6146,-1.0,200,0.0036349655129015446,-1.0,7.951944667183852e-07,0.0,DQN_RND,0.001,0.99,mountaincar,sparse
0,6147,-1.0,200,0.005087674595415592,-1.0,2.708694637476583e-06,0.0,DQN_RND,0.001,0.99,mountaincar,sparse
0,6148,-1.0,200,0.0014558288967236876,-1.0,1.4290668559624464e-06,0.0,DQN_RND,0.001,0.99,mountaincar,sparse
0,6149,-1.0,200,0.002907730871811509,-1.0,3.140594344586134e-07,0.0,DQN_RND,0.001,0.99,mountaincar,sparse
0,6150,-1.0,200,0.0021827782038599253,-1.0,1.4244891417547478e-06,0.0,DQN_RND,0.001,0.99,mountaincar,sparse
0,6151,-1.0,200,0.00653733080253005,-1.0,2.565662271081237e-06,0.0,DQN_RND,0.001,0.99,mountaincar,sparse
0,6152,-1.0,200,0.004362074192613363,-1.0,4.294544169169967e-07,0.0,DQN_RND,0.001,0.99,mountaincar,sparse
0,6153,-1.0,200,0.005813015159219503,-1.0,1.3991589185025077e-06,0.0,DQN_RND,0.001,0.99,mountaincar,sparse
0,6154,-1.0,200,0.0058126626536250114,-1.0,7.781336535117589e-07,0.0,DQN_RND,0.001,0.99,mountaincar,sparse
0,6155,-1.0,200,0.0036351841408759356,-1.0,2.527896413084818e-06,0.0,DQN_RND,0.001,0.99,mountaincar,sparse
0,6156,-1.0,200,0.00145674345549196,-1.0,3.3961666758841602e-06,0.0,DQN_RND,0.001,0.99,mountaincar,sparse
0,6157,-1.0,200,0.005084208678454161,-1.0,6.895090223224543e-07,0.0,DQN_RND,0.001,0.99,mountaincar,sparse
0,6158,-1.0,200,0.003634959924966097,-1.0,5.765556920778181e-07,0.0,DQN_RND,0.001,0.99,mountaincar,sparse
0,6159,-1.0,200,0.0029096915386617184,-1.0,9.919973535943427e-07,0.0,DQN_RND,0.001,0.99,mountaincar,sparse
0,6160,-1.0,200,0.002907457295805216,-1.0,2.3650650859963207e-07,0.0,DQN_RND,0.001,0.99,mountaincar,sparse
0,6161,-1.0,200,0.0014546739403158426,-1.0,6.005099635331135e-07,0.0,DQN_RND,0.001,0.99,mountaincar,sparse
0,6162,-1.0,200,0.0036330234725028276,-1.0,7.252144200720068e-07,0.0,DQN_RND,0.001,0.99,mountaincar,sparse
0,6163,-1.0,200,0.003631558967754245,-1.0,8.614733815193176e-07,0.0,DQN_RND,0.001,0.99,mountaincar,sparse
0,6164,-1.0,200,0.002905959263443947,-1.0,5.267022515909048e-07,0.0,DQN_RND,0.001,0.99,mountaincar,sparse
0,6165,-1.0,200,0.002182955853641033,-1.0,6.799468224016891e-07,0.0,DQN_RND,0.001,0.99,mountaincar,sparse
0,6166,-1.0,200,0.0036361548118293285,-1.0,2.267432364533306e-06,0.0,DQN_RND,0.001,0.99,mountaincar,sparse
0,6167,-1.0,200,0.004357868805527687,-1.0,2.950383759525721e-07,0.0,DQN_RND,0.001,0.99,mountaincar,sparse
0,6168,-1.0,200,0.0021809618920087814,-1.0,4.767920813719684e-07,0.0,DQN_RND,0.001,0.99,mountaincar,sparse
0,6169,-1.0,200,0.0021802540868520737,-1.0,1.842741880864196e-06,0.0,DQN_RND,0.001,0.99,mountaincar,sparse
0,6170,-1.0,200,0.004358621314167976,-1.0,2.9248160444694804e-06,0.0,DQN_RND,0.001,0.99,mountaincar,sparse
0,6171,-1.0,200,0.005080978386104107,-1.0,9.404367347087828e-07,0.0,DQN_RND,0.001,0.99,mountaincar,sparse
0,6172,-1.0,200,0.002907359506934881,-1.0,1.977092779270606e-06,0.0,DQN_RND,0.001,0.99,mountaincar,sparse
0,6173,-1.0,200,0.0014547830214723945,-1.0,1.4716987379870261e-06,0.0,DQN_RND,0.001,0.99,mountaincar,sparse
0,6174,-1.0,200,0.004357608500868082,-1.0,2.667844682946452e-06,0.0,DQN_RND,0.001,0.99,mountaincar,sparse
0,6175,-1.0,200,0.005810042377561331,-1.0,6.356776225402427e-07,0.0,DQN_RND,0.001,0.99,mountaincar,sparse
0,6176,-1.0,200,0.0029050479643046856,-1.0,1.5354606830442208e-06,0.0,DQN_RND,0.001,0.99,mountaincar,sparse
0,6177,-1.0,200,0.005081818904727697,-1.0,3.0659280128020328e-06,0.0,DQN_RND,0.001,0.99,mountaincar,sparse
0,6178,-1.0,200,0.004354527220129967,-1.0,9.332424610875023e-07,0.0,DQN_RND,0.001,0.99,mountaincar,sparse
0,6179,-1.0,200,0.0021816601511090994,-1.0,1.2364063195491326e-06,0.0,DQN_RND,0.001,0.99,mountaincar,sparse
0,6180,-1.0,200,0.0014546122401952744,-1.0,5.833206273564429e-07,0.0,DQN_RND,0.001,0.99,mountaincar,sparse
0,6181,-1.0,200,0.00435791676864028,-1.0,5.07292611473531e-07,0.0,DQN_RND,0.001,0.99,mountaincar,sparse
0,6182,-1.0,200,0.003632006933912635,-1.0,1.118488512474869e-06,0.0,DQN_RND,0.001,0.99,mountaincar,sparse
0,6183,-1.0,200,0.0036326965782791376,-1.0,9.741778512761812e-07,0.0,DQN_RND,0.001,0.99,mountaincar,sparse
0,6184,-1.0,200,0.004355186130851507,-1.0,3.107826955783821e-07,0.0,DQN_RND,0.001,0.99,mountaincar,sparse
0,6185,-1.0,200,0.002182904165238142,-1.0,2.4303208192577586e-06,0.0,DQN_RND,0.001,0.99,mountaincar,sparse
0,6186,-1.0,200,0.004358208272606134,-1.0,4.2865981413342524e-06,0.0,DQN_RND,0.001,0.99,mountaincar,sparse
0,6187,-1.0,200,0.004360146354883909,-1.0,7.966396537995024e-07,0.0,DQN_RND,0.001,0.99,mountaincar,sparse
0,6188,-1.0,200,0.0014533335343003273,-1.0,1.6388128187827533e-06,0.0,DQN_RND,0.001,0.99,mountaincar,sparse
0,6189,-1.0,200,0.0036311077419668436,-1.0,6.112226174082025e-07,0.0,DQN_RND,0.001,0.99,mountaincar,sparse
0,6190,-1.0,200,0.004353397525846958,-1.0,2.3088784928404493e-07,0.0,DQN_RND,0.001,0.99,mountaincar,sparse
0,6191,-1.0,200,0.00508086895570159,-1.0,8.794413588475436e-07,0.0,DQN_RND,0.001,0.99,mountaincar,sparse
0,6192,-1.0,200,0.002905310597270727,-1.0,9.844586656981846e-07,0.0,DQN_RND,0.001,0.99,mountaincar,sparse
0,6193,-1.0,200,0.004353854805231094,-1.0,2.4277889565382793e-07,0.0,DQN_RND,0.001,0.99,mountaincar,sparse
0,6194,-1.0,200,0.0014555123634636402,-1.0,1.2920687595396885e-06,0.0,DQN_RND,0.001,0.99,mountaincar,sparse
0,6195,-1.0,200,0.002178993308916688,-1.0,2.78397692454746e-07,0.0,DQN_RND,0.001,0.99,mountaincar,sparse
0,6196,-1.0,200,0.005084461532533169,-1.0,1.100542931453674e-06,0.0,DQN_RND,0.001,0.99,mountaincar,sparse
0,6197,-1.0,200,0.005801420658826828,-1.0,6.335615694297303e-07,0.0,DQN_RND,0.001,0.99,mountaincar,sparse
0,6198,-1.0,200,0.002178995171561837,-1.0,1.1657788263619295e-06,0.0,DQN_RND,0.001,0.99,mountaincar,sparse
0,6199,-1.0,200,0.003630734281614423,-1.0,6.970779509174463e-07,0.0,DQN_RND,0.001,0.99,mountaincar,sparse
0,6200,-1.0,200,0.003629592712968588,-1.0,3.360042626354698e-07,0.0,DQN_RND,0.001,0.99,mountaincar,sparse
0,6201,-1.0,200,0.006532432045787573,-1.0,8.941432270148653e-07,0.0,DQN_RND,0.001,0.99,mountaincar,sparse
0,6202,-1.0,200,0.00508156418800354,-1.0,2.35995756270313e-07,0.0,DQN_RND,0.001,0.99,mountaincar,sparse
0,6203,-1.0,200,0.001452352269552648,-1.0,8.71800807544787e-07,0.0,DQN_RND,0.001,0.99,mountaincar,sparse
0,6204,-1.0,200,0.004350160248577595,-1.0,1.0370272320869844e-06,0.0,DQN_RND,0.001,0.99,mountaincar,sparse
0,6205,-1.0,200,0.0029035573825240135,-1.0,2.8054404310751124e-07,0.0,DQN_RND,0.001,0.99,mountaincar,sparse
0,6206,-1.0,200,0.000729337043594569,-1.0,9.271586236536677e-07,0.0,DQN_RND,0.001,0.99,mountaincar,sparse
0,6207,-1.0,200,0.00363058689981699,-1.0,2.1218504571152152e-06,0.0,DQN_RND,0.001,0.99,mountaincar,sparse
0,6208,-1.0,200,0.005078612826764584,-1.0,6.922331294845208e-07,0.0,DQN_RND,0.001,0.99,mountaincar,sparse
0,6209,-1.0,200,0.0014550883788615465,-1.0,7.726321769041533e-07,0.0,DQN_RND,0.001,0.99,mountaincar,sparse
0,6210,-1.0,200,0.002179678762331605,-1.0,5.317921818459581e-07,0.0,DQN_RND,0.001,0.99,mountaincar,sparse
0,6211,-1.0,200,0.0036276578903198242,-1.0,7.271920594575931e-07,0.0,DQN_RND,0.001,0.99,mountaincar,sparse
0,6212,-1.0,200,0.002901902189478278,-1.0,1.4520252307193005e-06,0.0,DQN_RND,0.001,0.99,mountaincar,sparse
0,6213,-1.0,200,0.002902513835579157,-1.0,1.415893848388805e-06,0.0,DQN_RND,0.001,0.99,mountaincar,sparse
0,6214,-1.0,200,0.0036250553093850613,-1.0,1.4843031976852217e-06,0.0,DQN_RND,0.001,0.99,mountaincar,sparse
0,6215,-1.0,200,0.007251163013279438,-1.0,5.626547476822452e-07,0.0,DQN_RND,0.001,0.99,mountaincar,sparse
0,6216,-1.0,200,0.0036286376416683197,-1.0,8.045492450037273e-07,0.0,DQN_RND,0.001,0.99,mountaincar,sparse
0,6217,-1.0,200,0.005800382699817419,-1.0,1.310146785726829e-06,0.0,DQN_RND,0.001,0.99,mountaincar,sparse
0,6218,-1.0,200,0.0036269293632358313,-1.0,1.1476998906800873e-06,0.0,DQN_RND,0.001,0.99,mountaincar,sparse
0,6219,-1.0,200,0.0036258783657103777,-1.0,1.7882440488392604e-06,0.0,DQN_RND,0.001,0.99,mountaincar,sparse
0,6220,-1.0,200,0.001450568437576294,-1.0,1.8802041950038983e-06,0.0,DQN_RND,0.001,0.99,mountaincar,sparse
0,6221,-1.0,200,0.0043515716679394245,-1.0,4.17177545841696e-07,0.0,DQN_RND,0.001,0.99,mountaincar,sparse
0,6222,-1.0,200,0.0036254432052373886,-1.0,2.4923515411501285e-06,0.0,DQN_RND,0.001,0.99,mountaincar,sparse
0,6223,-1.0,200,0.0007266697939485312,-1.0,7.089583959896117e-07,0.0,DQN_RND,0.001,0.99,mountaincar,sparse
0,6224,-1.0,200,0.005798669997602701,-1.0,2.57053716268274e-06,0.0,DQN_RND,0.001,0.99,mountaincar,sparse
0,6225,-1.0,200,0.0014530770713463426,-1.0,3.693262158321886e-07,0.0,DQN_RND,0.001,0.99,mountaincar,sparse
0,6226,-1.0,200,0.005801919382065535,-1.0,8.395519444093225e-07,0.0,DQN_RND,0.001,0.99,mountaincar,sparse
0,6227,-1.0,200,0.005800176877528429,-1.0,1.176634668809129e-06,0.0,DQN_RND,0.001,0.99,mountaincar,sparse
0,6228,-1.0,200,0.004349431023001671,-1.0,3.0957187391322805e-06,0.0,DQN_RND,0.001,0.99,mountaincar,sparse
0,6229,-1.0,200,0.0036254427395761013,-1.0,4.3328950027898827e-07,0.0,DQN_RND,0.001,0.99,mountaincar,sparse
0,6230,-1.0,200,0.004348258022218943,-1.0,1.4678621482744347e-06,0.0,DQN_RND,0.001,0.99,mountaincar,sparse
0,6231,-1.0,200,0.0036237440072000027,-1.0,2.524930778236012e-06,0.0,DQN_RND,0.001,0.99,mountaincar,sparse
0,6232,-1.0,200,0.0021758591756224632,-1.0,4.629888223917078e-07,0.0,DQN_RND,0.001,0.99,mountaincar,sparse
0,6233,-1.0,200,0.00434952462092042,-1.0,7.637559633622004e-07,0.0,DQN_RND,0.001,0.99,mountaincar,sparse
0,6234,-1.0,200,0.006520201917737722,-1.0,6.825272294008755e-07,0.0,DQN_RND,0.001,0.99,mountaincar,sparse
0,6235,-1.0,200,0.004348013550043106,-1.0,1.5291209365386749e-06,0.0,DQN_RND,0.001,0.99,mountaincar,sparse
0,6236,-1.0,200,0.004345227964222431,-1.0,3.892359643486998e-07,0.0,DQN_RND,0.001,0.99,mountaincar,sparse
0,6237,-1.0,200,0.0014519476098939776,-1.0,7.082024353621819e-07,0.0,DQN_RND,0.001,0.99,mountaincar,sparse
0,6238,-1.0,200,0.0043459427542984486,-1.0,4.289907451493491e-07,0.0,DQN_RND,0.001,0.99,mountaincar,sparse
0,6239,-1.0,200,0.0036217267625033855,-1.0,7.058780511215446e-07,0.0,DQN_RND,0.001,0.99,mountaincar,sparse
0,6240,-1.0,200,0.005796122830361128,-1.0,5.711901849281276e-07,0.0,DQN_RND,0.001,0.99,mountaincar,sparse
0,6241,-1.0,200,0.004344320856034756,-1.0,3.4408279248054896e-07,0.0,DQN_RND,0.001,0.99,mountaincar,sparse
0,6242,-1.0,200,0.006516059394925833,-1.0,1.6213002709264401e-06,0.0,DQN_RND,0.001,0.99,mountaincar,sparse
0,6243,-1.0,200,0.004348039627075195,-1.0,3.420992698011105e-07,0.0,DQN_RND,0.001,0.99,mountaincar,sparse
0,6244,-1.0,200,0.002174483612179756,-1.0,7.338832688219554e-07,0.0,DQN_RND,0.001,0.99,mountaincar,sparse
0,6245,-1.0,200,0.005068616010248661,-1.0,1.9673127553687664e-06,0.0,DQN_RND,0.001,0.99,mountaincar,sparse
0,6246,-1.0,200,0.002174811437726021,-1.0,2.8876178248538054e-07,0.0,DQN_RND,0.001,0.99,mountaincar,sparse
0,6247,-1.0,200,0.0065148514695465565,-1.0,4.88424973354995e-07,0.0,DQN_RND,0.001,0.99,mountaincar,sparse
0,6248,-1.0,200,0.005791114177554846,-1.0,2.953500484181859e-07,0.0,DQN_RND,0.001,0.99,mountaincar,sparse
0,6249,-1.0,200,0.002172547159716487,-1.0,2.636581086790102e-07,0.0,DQN_RND,0.001,0.99,mountaincar,sparse
0,6250,-1.0,200,0.002172408625483513,-1.0,6.629983886341506e-07,0.0,DQN_RND,0.001,0.99,mountaincar,sparse
0,6251,-1.0,200,0.004342204891145229,-1.0,2.999628918587405e-07,0.0,DQN_RND,0.001,0.99,mountaincar,sparse
0,6252,-1.0,200,0.003619684372097254,-1.0,1.1483217576824245e-06,0.0,DQN_RND,0.001,0.99,mountaincar,sparse
0,6253,-1.0,200,0.002895886078476906,-1.0,1.1933977930311812e-06,0.0,DQN_RND,0.001,0.99,mountaincar,sparse
0,6254,-1.0,200,0.0014505876461043954,-1.0,4.3923583348259854e-07,0.0,DQN_RND,0.001,0.99,mountaincar,sparse
0,6255,-1.0,200,0.002173490123823285,-1.0,2.4442343260488997e-07,0.0,DQN_RND,0.001,0.99,mountaincar,sparse
0,6256,-1.0,200,0.0014481532853096724,-1.0,2.555597404807486e-07,0.0,DQN_RND,0.001,0.99,mountaincar,sparse
0,6257,-1.0,200,0.004343774169683456,-1.0,2.3226821213029325e-06,0.0,DQN_RND,0.001,0.99,mountaincar,sparse
0,6258,-1.0,200,0.0043423534370958805,-1.0,2.489199744104553e-07,0.0,DQN_RND,0.001,0.99,mountaincar,sparse
0,6259,-1.0,200,0.0014491237234324217,-1.0,1.0345170267100912e-06,0.0,DQN_RND,0.001,0.99,mountaincar,sparse
0,6260,-1.0,200,0.0014491959009319544,-1.0,2.724273144849576e-07,0.0,DQN_RND,0.001,0.99,mountaincar,sparse
0,6261,-1.0,200,0.004342247731983662,-1.0,3.322586223930557e-07,0.0,DQN_RND,0.001,0.99,mountaincar,sparse
0,6262,-1.0,200,0.004342635627835989,-1.0,1.9990299904293352e-07,0.0,DQN_RND,0.001,0.99,mountaincar,sparse
0,6263,-1.0,200,0.0072341253980994225,-1.0,2.2752659845082235e-07,0.0,DQN_RND,0.001,0.99,mountaincar,sparse
0,6264,-1.0,200,0.002894013188779354,-1.0,2.997080628119875e-07,0.0,DQN_RND,0.001,0.99,mountaincar,sparse
0,6265,-1.0,200,0.005063310265541077,-1.0,1.6646640688122716e-06,0.0,DQN_RND,0.001,0.99,mountaincar,sparse
0,6266,-1.0,200,0.0057857586070895195,-1.0,1.6542968523935997e-06,0.0,DQN_RND,0.001,0.99,mountaincar,sparse
0,6267,-1.0,200,0.005062583833932877,-1.0,1.9702925158071594e-07,0.0,DQN_RND,0.001,0.99,mountaincar,sparse
0,6268,-1.0,200,0.0036164249759167433,-1.0,7.383044930975302e-07,0.0,DQN_RND,0.001,0.99,mountaincar,sparse
0,6269,-1.0,200,0.005785067565739155,-1.0,7.981317935445986e-07,0.0,DQN_RND,0.001,0.99,mountaincar,sparse
0,6270,-1.0,200,0.0014495140640065074,-1.0,9.515238161839079e-07,0.0,DQN_RND,0.001,0.99,mountaincar,sparse
0,6271,-1.0,200,0.004338765516877174,-1.0,7.923357543404563e-07,0.0,DQN_RND,0.001,0.99,mountaincar,sparse
0,6272,-1.0,200,0.004339039791375399,-1.0,8.068752777035115e-07,0.0,DQN_RND,0.001,0.99,mountaincar,sparse
0,6273,-1.0,200,0.005060570780187845,-1.0,8.925484848987253e-07,0.0,DQN_RND,0.001,0.99,mountaincar,sparse
0,6274,-1.0,200,0.004339284263551235,-1.0,2.796276419303467e-07,0.0,DQN_RND,0.001,0.99,mountaincar,sparse
0,6275,-1.0,200,0.006504560820758343,-1.0,1.5841810636629816e-06,0.0,DQN_RND,0.001,0.99,mountaincar,sparse
0,6276,-1.0,200,0.004337094724178314,-1.0,3.276986433320417e-07,0.0,DQN_RND,0.001,0.99,mountaincar,sparse
0,6277,-1.0,200,0.002169719897210598,-1.0,2.579203908226191e-07,0.0,DQN_RND,0.001,0.99,mountaincar,sparse
0,6278,-1.0,200,0.00867415964603424,-1.0,5.010880158806685e-06,0.0,DQN_RND,0.001,0.99,mountaincar,sparse
0,6279,-1.0,200,0.001447106129489839,-1.0,4.4769083729079284e-07,0.0,DQN_RND,0.001,0.99,mountaincar,sparse
0,6280,-1.0,200,0.002171056577935815,-1.0,2.547295707699959e-07,0.0,DQN_RND,0.001,0.99,mountaincar,sparse
0,6281,-1.0,200,0.001447206479497254,-1.0,3.1359041940959287e-07,0.0,DQN_RND,0.001,0.99,mountaincar,sparse
0,6282,-1.0,200,0.0014493068447336555,-1.0,1.8851263803298934e-06,0.0,DQN_RND,0.001,0.99,mountaincar,sparse
0,6283,-1.0,200,0.0043375189416110516,-1.0,3.410994224850583e-07,0.0,DQN_RND,0.001,0.99,mountaincar,sparse
0,6284,-1.0,200,0.005780432373285294,-1.0,1.137127810579841e-06,0.0,DQN_RND,0.001,0.99,mountaincar,sparse
0,6285,-1.0,200,0.0028908972162753344,-1.0,2.5786714559217216e-06,0.0,DQN_RND,0.001,0.99,mountaincar,sparse
0,6286,-1.0,200,0.0028909347020089626,-1.0,7.516350706282537e-07,0.0,DQN_RND,0.001,0.99,mountaincar,sparse
0,6287,-1.0,200,0.00361270341090858,-1.0,2.136189323209692e-06,0.0,DQN_RND,0.001,0.99,mountaincar,sparse
0,6288,-1.0,200,0.0036122442688792944,-1.0,7.467432965313492e-07,0.0,DQN_RND,0.001,0.99,mountaincar,sparse
0,6289,-1.0,200,0.003613219363614917,-1.0,7.235520342874224e-07,0.0,DQN_RND,0.001,0.99,mountaincar,sparse
0,6290,-1.0,200,0.00216943328268826,-1.0,1.3931912690168247e-06,0.0,DQN_RND,0.001,0.99,mountaincar,sparse
0,6291,-1.0,200,0.002892363118007779,-1.0,8.615678552814643e-07,0.0,DQN_RND,0.001,0.99,mountaincar,sparse
0,6292,-1.0,200,0.0028922585770487785,-1.0,6.655859579041135e-07,0.0,DQN_RND,0.001,0.99,mountaincar,sparse
0,6293,-1.0,200,0.0043345000594854355,-1.0,6.661429097221117e-07,0.0,DQN_RND,0.001,0.99,mountaincar,sparse
0,6294,-1.0,200,0.0036135558038949966,-1.0,2.1622990686864796e-07,0.0,DQN_RND,0.001,0.99,mountaincar,sparse
0,6295,-1.0,200,0.002891180105507374,-1.0,2.797111733343627e-07,0.0,DQN_RND,0.001,0.99,mountaincar,sparse
0,6296,-1.0,200,0.004333713557571173,-1.0,3.8812933667031757e-07,0.0,DQN_RND,0.001,0.99,mountaincar,sparse
0,6297,-1.0,200,0.002168182982131839,-1.0,7.505316830247466e-07,0.0,DQN_RND,0.001,0.99,mountaincar,sparse
0,6298,-1.0,200,0.0014473393093794584,-1.0,1.242882262886269e-06,0.0,DQN_RND,0.001,0.99,mountaincar,sparse
0,6299,-1.0,200,0.005053195171058178,-1.0,1.237889023286698e-06,0.0,DQN_RND,0.001,0.99,mountaincar,sparse
0,6300,-1.0,200,0.0028887996450066566,-1.0,3.688400340706721e-07,0.0,DQN_RND,0.001,0.99,mountaincar,sparse
0,6301,-1.0,200,0.005778326187282801,-1.0,2.0247281895535707e-07,0.0,DQN_RND,0.001,0.99,mountaincar,sparse
0,6302,-1.0,200,0.0021677296608686447,-1.0,1.472455295470354e-07,0.0,DQN_RND,0.001,0.99,mountaincar,sparse
0,6303,-1.0,200,0.004333475138992071,-1.0,3.5335040138306795e-07,0.0,DQN_RND,0.001,0.99,mountaincar,sparse
0,6304,-1.0,200,0.002888534916564822,-1.0,5.755987899647153e-07,0.0,DQN_RND,0.001,0.99,mountaincar,sparse
0,6305,-1.0,200,0.004333335440605879,-1.0,1.45794365380425e-06,0.0,DQN_RND,0.001,0.99,mountaincar,sparse
0,6306,-1.0,200,0.0014454107731580734,-1.0,5.572520080932009e-07,0.0,DQN_RND,0.001,0.99,mountaincar,sparse
0,6307,-1.0,200,0.005774480756372213,-1.0,1.4141654958166328e-07,0.0,DQN_RND,0.001,0.99,mountaincar,sparse
0,6308,-1.0,200,0.0014462672406807542,-1.0,3.1073784612090094e-06,0.0,DQN_RND,0.001,0.99,mountaincar,sparse
0,6309,-1.0,200,0.0028883374761790037,-1.0,3.3617673125263536e-06,0.0,DQN_RND,0.001,0.99,mountaincar,sparse
0,6310,-1.0,200,0.004329964052885771,-1.0,1.5412962284244713e-06,0.0,DQN_RND,0.001,0.99,mountaincar,sparse
0,6311,-1.0,200,0.0007246072636917233,-1.0,7.379222779491101e-07,0.0,DQN_RND,0.001,0.99,mountaincar,sparse
0,6312,-1.0,200,0.00288809509947896,-1.0,1.7001347885070572e-07,0.0,DQN_RND,0.001,0.99,mountaincar,sparse
0,6313,-1.0,200,0.004332174547016621,-1.0,7.571180162813107e-07,0.0,DQN_RND,0.001,0.99,mountaincar,sparse
0,6314,-1.0,200,0.004328833892941475,-1.0,2.0320510429883143e-06,0.0,DQN_RND,0.001,0.99,mountaincar,sparse
0,6315,-1.0,200,0.003611005377024412,-1.0,5.628423878079047e-07,0.0,DQN_RND,0.001,0.99,mountaincar,sparse
0,6316,-1.0,200,0.0028879353776574135,-1.0,3.5704454148799414e-07,0.0,DQN_RND,0.001,0.99,mountaincar,sparse
0,6317,-1.0,200,0.0050532142631709576,-1.0,3.479331667222141e-07,0.0,DQN_RND,0.001,0.99,mountaincar,sparse
0,6318,-1.0,200,0.0043311528861522675,-1.0,8.199004923881148e-07,0.0,DQN_RND,0.001,0.99,mountaincar,sparse
0,6319,-1.0,200,0.0036084752064198256,-1.0,1.5375321993360558e-07,0.0,DQN_RND,0.001,0.99,mountaincar,sparse
0,6320,-1.0,200,4.0249501580547076e-06,-1.0,1.8372411147993262e-07,0.0,DQN_RND,0.001,0.99,mountaincar,sparse
0,6321,-1.0,200,0.0014470271999016404,-1.0,6.566273782482313e-07,0.0,DQN_RND,0.001,0.99,mountaincar,sparse
0,6322,-1.0,200,0.0028881398029625416,-1.0,5.505002604877518e-07,0.0,DQN_RND,0.001,0.99,mountaincar,sparse
0,6323,-1.0,200,0.004331083036959171,-1.0,1.8901651799296815e-07,0.0,DQN_RND,0.001,0.99,mountaincar,sparse
0,6324,-1.0,200,0.005049151834100485,-1.0,7.015760274953209e-07,0.0,DQN_RND,0.001,0.99,mountaincar,sparse
0,6325,-1.0,200,0.002887575188651681,-1.0,1.1886836546182167e-06,0.0,DQN_RND,0.001,0.99,mountaincar,sparse
0,6326,-1.0,200,0.002164664911106229,-1.0,1.272959337939028e-07,0.0,DQN_RND,0.001,0.99,mountaincar,sparse
0,6327,-1.0,200,0.0028868583030998707,-1.0,5.502411113411654e-07,0.0,DQN_RND,0.001,0.99,mountaincar,sparse
0,6328,-1.0,200,0.0007242595893330872,-1.0,1.3872794113467535e-07,0.0,DQN_RND,0.001,0.99,mountaincar,sparse
0,6329,-1.0,200,0.007932431995868683,-1.0,1.246389842890494e-06,0.0,DQN_RND,0.001,0.99,mountaincar,sparse
0,6330,-1.0,200,0.0036115809343755245,-1.0,7.450773864547955e-07,0.0,DQN_RND,0.001,0.99,mountaincar,sparse
0,6331,-1.0,200,0.00288917263969779,-1.0,1.7405568542017136e-07,0.0,DQN_RND,0.001,0.99,mountaincar,sparse
0,6332,-1.0,200,0.0007242721039801836,-1.0,7.124555168047664e-07,0.0,DQN_RND,0.001,0.99,mountaincar,sparse
0,6333,-1.0,200,0.002166006714105606,-1.0,1.0994448018664116e-07,0.0,DQN_RND,0.001,0.99,mountaincar,sparse
0,6334,-1.0,200,0.005047685466706753,-1.0,1.255691586266039e-07,0.0,DQN_RND,0.001,0.99,mountaincar,sparse
0,6335,-1.0,200,0.0014458599034696817,-1.0,1.0390584748165566e-07,0.0,DQN_RND,0.001,0.99,mountaincar,sparse
0,6336,-1.0,200,0.0036105383187532425,-1.0,5.628865551443596e-07,0.0,DQN_RND,0.001,0.99,mountaincar,sparse
0,6337,-1.0,200,0.004333937540650368,-1.0,9.731632388820799e-08,0.0,DQN_RND,0.001,0.99,mountaincar,sparse
0,6338,-1.0,200,0.0007243748987093568,-1.0,5.518991770259163e-07,0.0,DQN_RND,0.001,0.99,mountaincar,sparse
0,6339,-1.0,200,0.0007256621029227972,-1.0,1.1273716893356323e-07,0.0,DQN_RND,0.001,0.99,mountaincar,sparse
0,6340,-1.0,200,0.005769248586148024,-1.0,1.5312336927308934e-06,0.0,DQN_RND,0.001,0.99,mountaincar,sparse
0,6341,-1.0,200,0.0043271007016301155,-1.0,6.54476536965376e-07,0.0,DQN_RND,0.001,0.99,mountaincar,sparse
0,6342,-1.0,200,0.002885030582547188,-1.0,2.9439008812914835e-06,0.0,DQN_RND,0.001,0.99,mountaincar,sparse
0,6343,-1.0,200,0.004328129347413778,-1.0,3.1725949156680144e-07,0.0,DQN_RND,0.001,0.99,mountaincar,sparse
0,6344,-1.0,200,0.0057668923400342464,-1.0,1.486146459228621e-07,0.0,DQN_RND,0.001,0.99,mountaincar,sparse
0,6345,-1.0,200,0.0028846925124526024,-1.0,1.627505241685867e-07,0.0,DQN_RND,0.001,0.99,mountaincar,sparse
0,6346,-1.0,200,0.0014452667674049735,-1.0,3.7160700117055967e-07,0.0,DQN_RND,0.001,0.99,mountaincar,sparse
0,6347,-1.0,200,0.004324795678257942,-1.0,1.781735221584313e-07,0.0,DQN_RND,0.001,0.99,mountaincar,sparse
0,6348,-1.0,200,0.002164967358112335,-1.0,2.6972355726684327e-07,0.0,DQN_RND,0.001,0.99,mountaincar,sparse
0,6349,-1.0,200,0.007206630893051624,-1.0,2.030412360909395e-06,0.0,DQN_RND,0.001,0.99,mountaincar,sparse
0,6350,-1.0,200,0.005046520847827196,-1.0,1.4381280379893724e-06,0.0,DQN_RND,0.001,0.99,mountaincar,sparse
0,6351,-1.0,200,0.0050397515296936035,-1.0,2.7692071853380185e-06,0.0,DQN_RND,0.001,0.99,mountaincar,sparse
0,6352,-1.0,200,0.0007243691943585873,-1.0,8.731065008760197e-07,0.0,DQN_RND,0.001,0.99,mountaincar,sparse
0,6353,-1.0,200,0.002882017521187663,-1.0,2.1624936152875307e-07,0.0,DQN_RND,0.001,0.99,mountaincar,sparse
0,6354,-1.0,200,0.0036071923095732927,-1.0,5.474133217830968e-07,0.0,DQN_RND,0.001,0.99,mountaincar,sparse
0,6355,-1.0,200,0.00432596867904067,-1.0,6.526664719785913e-07,0.0,DQN_RND,0.001,0.99,mountaincar,sparse
0,6356,-1.0,200,0.004323483910411596,-1.0,1.6681779868576996e-07,0.0,DQN_RND,0.001,0.99,mountaincar,sparse
0,6357,-1.0,200,0.0028875067364424467,-1.0,1.7164378505185596e-06,0.0,DQN_RND,0.001,0.99,mountaincar,sparse
0,6358,-1.0,200,0.0057624634355306625,-1.0,1.6994414409055025e-06,0.0,DQN_RND,0.001,0.99,mountaincar,sparse
0,6359,-1.0,200,0.004330058116465807,-1.0,6.52387655009079e-07,0.0,DQN_RND,0.001,0.99,mountaincar,sparse
0,6360,-1.0,200,0.004324854351580143,-1.0,8.979153562904685e-07,0.0,DQN_RND,0.001,0.99,mountaincar,sparse
0,6361,-1.0,200,0.0035996295046061277,-1.0,1.084221594283008e-06,0.0,DQN_RND,0.001,0.99,mountaincar,sparse
0,6362,-1.0,200,0.005758348852396011,-1.0,1.6388457879656926e-07,0.0,DQN_RND,0.001,0.99,mountaincar,sparse
0,6363,-1.0,200,0.004321624059230089,-1.0,1.5630442362635222e-07,0.0,DQN_RND,0.001,0.99,mountaincar,sparse
0,6364,-1.0,200,0.00359888793900609,-1.0,2.1094218993766845e-07,0.0,DQN_RND,0.001,0.99,mountaincar,sparse
0,6365,-1.0,200,0.004321301355957985,-1.0,1.5280940601769544e-07,0.0,DQN_RND,0.001,0.99,mountaincar,sparse
0,6366,-1.0,200,0.00360349309630692,-1.0,3.2152613016478426e-07,0.0,DQN_RND,0.001,0.99,mountaincar,sparse
0,6367,-1.0,200,0.005042298696935177,-1.0,1.6462577434595005e-07,0.0,DQN_RND,0.001,0.99,mountaincar,sparse
0,6368,-1.0,200,0.00359993614256382,-1.0,5.629566999232338e-07,0.0,DQN_RND,0.001,0.99,mountaincar,sparse
0,6369,-1.0,200,0.0043207211419939995,-1.0,2.423654223093763e-06,0.0,DQN_RND,0.001,0.99,mountaincar,sparse
0,6370,-1.0,200,0.0028813707176595926,-1.0,1.7225644342033775e-06,0.0,DQN_RND,0.001,0.99,mountaincar,sparse
0,6371,-1.0,200,0.002163984812796116,-1.0,1.6173859194168472e-06,0.0,DQN_RND,0.001,0.99,mountaincar,sparse
0,6372,-1.0,200,0.004323045257478952,-1.0,3.0863275242154486e-06,0.0,DQN_RND,0.001,0.99,mountaincar,sparse
0,6373,-1.0,200,0.005042123608291149,-1.0,3.0616544677286583e-07,0.0,DQN_RND,0.001,0.99,mountaincar,sparse
0,6374,-1.0,200,0.005043397191911936,-1.0,8.479986490783631e-07,0.0,DQN_RND,0.001,0.99,mountaincar,sparse
0,6375,-1.0,200,0.006483584642410278,-1.0,1.8198536508862162e-06,0.0,DQN_RND,0.001,0.99,mountaincar,sparse
0,6376,-1.0,200,0.002165665850043297,-1.0,7.398354568977084e-07,0.0,DQN_RND,0.001,0.99,mountaincar,sparse
0,6377,-1.0,200,0.002169025130569935,-1.0,1.4086398891777208e-07,0.0,DQN_RND,0.001,0.99,mountaincar,sparse
0,6378,-1.0,200,0.003603994380682707,-1.0,2.2352076030074386e-06,0.0,DQN_RND,0.001,0.99,mountaincar,sparse
0,6379,-1.0,200,0.0028829595539718866,-1.0,3.3736267823769595e-07,0.0,DQN_RND,0.001,0.99,mountaincar,sparse
0,6380,-1.0,200,0.004318668507039547,-1.0,1.0965786145789025e-07,0.0,DQN_RND,0.001,0.99,mountaincar,sparse
0,6381,-1.0,200,0.00288022356107831,-1.0,1.0261507554787386e-07,0.0,DQN_RND,0.001,0.99,mountaincar,sparse
0,6382,-1.0,200,0.0057548638433218,-1.0,7.055273840705922e-07,0.0,DQN_RND,0.001,0.99,mountaincar,sparse
0,6383,-1.0,200,0.0014416095800697803,-1.0,1.0895732884819154e-06,0.0,DQN_RND,0.001,0.99,mountaincar,sparse
0,6384,-1.0,200,0.002164695644751191,-1.0,9.655985877543571e-07,0.0,DQN_RND,0.001,0.99,mountaincar,sparse
0,6385,-1.0,200,0.003598901443183422,-1.0,1.3554143833971466e-06,0.0,DQN_RND,0.001,0.99,mountaincar,sparse
0,6386,-1.0,200,0.0036003864370286465,-1.0,1.6047182498368784e-06,0.0,DQN_RND,0.001,0.99,mountaincar,sparse
0,6387,-1.0,200,0.00431468989700079,-1.0,8.20350464891817e-07,0.0,DQN_RND,0.001,0.99,mountaincar,sparse
0,6388,-1.0,200,0.0028795297257602215,-1.0,3.4815056437764724e-07,0.0,DQN_RND,0.001,0.99,mountaincar,sparse
0,6389,-1.0,200,0.00504111684858799,-1.0,6.923717705831223e-07,0.0,DQN_RND,0.001,0.99,mountaincar,sparse
0,6390,-1.0,200,0.0014439509250223637,-1.0,3.087165396209457e-06,0.0,DQN_RND,0.001,0.99,mountaincar,sparse
0,6391,-1.0,200,0.005040913820266724,-1.0,1.6822099269120372e-07,0.0,DQN_RND,0.001,0.99,mountaincar,sparse
0,6392,-1.0,200,0.003605110803619027,-1.0,2.738823354775377e-07,0.0,DQN_RND,0.001,0.99,mountaincar,sparse
0,6393,-1.0,200,0.0007235445664264262,-1.0,1.8643306987087271e-07,0.0,DQN_RND,0.001,0.99,mountaincar,sparse
0,6394,-1.0,200,0.0043197921477258205,-1.0,8.374329922844481e-07,0.0,DQN_RND,0.001,0.99,mountaincar,sparse
0,6395,-1.0,200,0.0036021226551383734,-1.0,2.414474522538512e-07,0.0,DQN_RND,0.001,0.99,mountaincar,sparse
0,6396,-1.0,200,0.0021615924779325724,-1.0,8.117563652376703e-07,0.0,DQN_RND,0.001,0.99,mountaincar,sparse
0,6397,-1.0,200,0.005760409869253635,-1.0,1.553003414755949e-07,0.0,DQN_RND,0.001,0.99,mountaincar,sparse
0,6398,-1.0,200,0.004319068510085344,-1.0,1.292156355248153e-07,0.0,DQN_RND,0.001,0.99,mountaincar,sparse
0,6399,-1.0,200,0.002163812518119812,-1.0,1.7850450717560307e-07,0.0,DQN_RND,0.001,0.99,mountaincar,sparse
0,6400,-1.0,200,0.0035998921375721693,-1.0,3.1164003644335025e-07,0.0,DQN_RND,0.001,0.99,mountaincar,sparse
0,6401,-1.0,200,0.0021634718868881464,-1.0,9.048786182574986e-07,0.0,DQN_RND,0.001,0.99,mountaincar,sparse
0,6402,-1.0,200,0.0050414325669407845,-1.0,4.0268565726364614e-07,0.0,DQN_RND,0.001,0.99,mountaincar,sparse
0,6403,-1.0,200,0.0050465804524719715,-1.0,7.819740517334139e-07,0.0,DQN_RND,0.001,0.99,mountaincar,sparse
0,6404,-1.0,200,0.005755311343818903,-1.0,4.742900898691005e-07,0.0,DQN_RND,0.001,0.99,mountaincar,sparse
0,6405,-1.0,200,0.0014430294977501035,-1.0,2.1569715613622975e-07,0.0,DQN_RND,0.001,0.99,mountaincar,sparse
0,6406,-1.0,200,0.00360032613389194,-1.0,3.2013886652748624e-07,0.0,DQN_RND,0.001,0.99,mountaincar,sparse
0,6407,-1.0,200,0.0028849742375314236,-1.0,3.017847120645456e-06,0.0,DQN_RND,0.001,0.99,mountaincar,sparse
0,6408,-1.0,200,0.004321852698922157,-1.0,4.909347239845374e-07,0.0,DQN_RND,0.001,0.99,mountaincar,sparse
0,6409,-1.0,200,0.002881790278479457,-1.0,8.900600789729651e-08,0.0,DQN_RND,0.001,0.99,mountaincar,sparse
0,6410,-1.0,200,0.0021596234291791916,-1.0,1.292458932766749e-06,0.0,DQN_RND,0.001,0.99,mountaincar,sparse
0,6411,-1.0,200,0.004321528598666191,-1.0,2.2834952062567027e-07,0.0,DQN_RND,0.001,0.99,mountaincar,sparse
0,6412,-1.0,200,0.0021623438224196434,-1.0,2.2063601079480577e-07,0.0,DQN_RND,0.001,0.99,mountaincar,sparse
0,6413,-1.0,200,0.004319341853260994,-1.0,5.169355858924973e-07,0.0,DQN_RND,0.001,0.99,mountaincar,sparse
0,6414,-1.0,200,0.005038597621023655,-1.0,1.3267707288378006e-07,0.0,DQN_RND,0.001,0.99,mountaincar,sparse
0,6415,-1.0,200,0.0021611822303384542,-1.0,1.513055565283139e-07,0.0,DQN_RND,0.001,0.99,mountaincar,sparse
0,6416,-1.0,200,0.002159015042707324,-1.0,7.251436500155251e-07,0.0,DQN_RND,0.001,0.99,mountaincar,sparse
0,6417,-1.0,200,0.005040058866143227,-1.0,2.504044118722959e-07,0.0,DQN_RND,0.001,0.99,mountaincar,sparse
0,6418,-1.0,200,0.004317310638725758,-1.0,7.571114224447228e-07,0.0,DQN_RND,0.001,0.99,mountaincar,sparse
0,6419,-1.0,200,0.006466352846473455,-1.0,1.1765590812728988e-07,0.0,DQN_RND,0.001,0.99,mountaincar,sparse
0,6420,-1.0,200,0.006475476082414389,-1.0,9.963865466033894e-08,0.0,DQN_RND,0.001,0.99,mountaincar,sparse
0,6421,-1.0,200,0.004320800304412842,-1.0,1.8175428522226866e-06,0.0,DQN_RND,0.001,0.99,mountaincar,sparse
0,6422,-1.0,200,0.0035994835197925568,-1.0,1.6038084993397206e-07,0.0,DQN_RND,0.001,0.99,mountaincar,sparse
0,6423,-1.0,200,0.0014393156161531806,-1.0,1.407037046874393e-07,0.0,DQN_RND,0.001,0.99,mountaincar,sparse
0,6424,-1.0,200,0.004314111080020666,-1.0,1.7377321910316823e-06,0.0,DQN_RND,0.001,0.99,mountaincar,sparse
0,6425,-1.0,200,0.0036006923764944077,-1.0,1.3427668932308734e-07,0.0,DQN_RND,0.001,0.99,mountaincar,sparse
0,6426,-1.0,200,0.0021598744206130505,-1.0,1.4372443501997623e-06,0.0,DQN_RND,0.001,0.99,mountaincar,sparse
0,6427,-1.0,200,0.0035981526598334312,-1.0,1.3761811601398222e-07,0.0,DQN_RND,0.001,0.99,mountaincar,sparse
0,6428,-1.0,200,0.0014379598433151841,-1.0,1.533892231009304e-07,0.0,DQN_RND,0.001,0.99,mountaincar,sparse
0,6429,-1.0,200,0.002878534607589245,-1.0,1.0840833652991932e-07,0.0,DQN_RND,0.001,0.99,mountaincar,sparse
0,6430,-1.0,200,0.003595835529267788,-1.0,3.7046558531983464e-07,0.0,DQN_RND,0.001,0.99,mountaincar,sparse
0,6431,-1.0,200,0.003595048328861594,-1.0,7.03954412983876e-07,0.0,DQN_RND,0.001,0.99,mountaincar,sparse
0,6432,-1.0,200,0.0028777329716831446,-1.0,9.304630452788842e-07,0.0,DQN_RND,0.001,0.99,mountaincar,sparse
0,6433,-1.0,200,0.005754642188549042,-1.0,1.1150058298881049e-07,0.0,DQN_RND,0.001,0.99,mountaincar,sparse
0,6434,-1.0,200,0.003596566617488861,-1.0,6.906873863954388e-07,0.0,DQN_RND,0.001,0.99,mountaincar,sparse
0,6435,-1.0,200,0.0021606599912047386,-1.0,1.58695996788083e-07,0.0,DQN_RND,0.001,0.99,mountaincar,sparse
0,6436,-1.0,200,0.002875217702239752,-1.0,1.441979634364543e-06,0.0,DQN_RND,0.001,0.99,mountaincar,sparse
0,6437,-1.0,200,0.004314208868891001,-1.0,6.96374854669557e-07,0.0,DQN_RND,0.001,0.99,mountaincar,sparse
0,6438,-1.0,200,0.0035962387919425964,-1.0,7.855547892177128e-07,0.0,DQN_RND,0.001,0.99,mountaincar,sparse
0,6439,-1.0,200,0.0021562546025961637,-1.0,1.408962617688303e-07,0.0,DQN_RND,0.001,0.99,mountaincar,sparse
0,6440,-1.0,200,0.0028772347141057253,-1.0,1.280825017602183e-06,0.0,DQN_RND,0.001,0.99,mountaincar,sparse
0,6441,-1.0,200,0.0014393872115761042,-1.0,1.8414112901155022e-07,0.0,DQN_RND,0.001,0.99,mountaincar,sparse
0,6442,-1.0,200,0.004314490128308535,-1.0,5.233091542322654e-07,0.0,DQN_RND,0.001,0.99,mountaincar,sparse
0,6443,-1.0,200,0.0035939107183367014,-1.0,4.835783897760848e-07,0.0,DQN_RND,0.001,0.99,mountaincar,sparse
0,6444,-1.0,200,0.004311735276132822,-1.0,3.2303858006343944e-06,0.0,DQN_RND,0.001,0.99,mountaincar,sparse
0,6445,-1.0,200,0.005032927729189396,-1.0,3.6094277788834006e-07,0.0,DQN_RND,0.001,0.99,mountaincar,sparse
0,6446,-1.0,200,0.004311717115342617,-1.0,2.5625138277973747e-06,0.0,DQN_RND,0.001,0.99,mountaincar,sparse
0,6447,-1.0,200,0.0035958620719611645,-1.0,2.5990848939727584e-07,0.0,DQN_RND,0.001,0.99,mountaincar,sparse
0,6448,-1.0,200,0.004307804629206657,-1.0,1.3581782809524157e-07,0.0,DQN_RND,0.001,0.99,mountaincar,sparse
0,6449,-1.0,200,0.002875339239835739,-1.0,1.3303063894909428e-07,0.0,DQN_RND,0.001,0.99,mountaincar,sparse
0,6450,-1.0,200,0.0014385556569322944,-1.0,3.810393423009373e-07,0.0,DQN_RND,0.001,0.99,mountaincar,sparse
0,6451,-1.0,200,0.007179372012615204,-1.0,1.9992542092950316e-06,0.0,DQN_RND,0.001,0.99,mountaincar,sparse
0,6452,-1.0,200,0.00430487422272563,-1.0,2.3809625417925417e-06,0.0,DQN_RND,0.001,0.99,mountaincar,sparse
0,6453,-1.0,200,0.004310283809900284,-1.0,4.534782362952683e-07,0.0,DQN_RND,0.001,0.99,mountaincar,sparse
0,6454,-1.0,200,0.0035938348155468702,-1.0,1.542309320257118e-07,0.0,DQN_RND,0.001,0.99,mountaincar,sparse
0,6455,-1.0,200,0.0028730921912938356,-1.0,7.195602336196316e-08,0.0,DQN_RND,0.001,0.99,mountaincar,sparse
0,6456,-1.0,200,0.004308929666876793,-1.0,1.949789293576032e-06,0.0,DQN_RND,0.001,0.99,mountaincar,sparse
0,6457,-1.0,200,0.001437874510884285,-1.0,9.357503216733676e-08,0.0,DQN_RND,0.001,0.99,mountaincar,sparse
0,6458,-1.0,200,0.0035945551935583353,-1.0,1.8277818298884085e-06,0.0,DQN_RND,0.001,0.99,mountaincar,sparse
0,6459,-1.0,200,0.005023053381592035,-1.0,1.1960267443100747e-07,0.0,DQN_RND,0.001,0.99,mountaincar,sparse
0,6460,-1.0,200,0.0021580345928668976,-1.0,1.2102636048894055e-07,0.0,DQN_RND,0.001,0.99,mountaincar,sparse
0,6461,-1.0,200,0.0028720314148813486,-1.0,5.157555733603658e-07,0.0,DQN_RND,0.001,0.99,mountaincar,sparse
0,6462,-1.0,200,0.002157420152798295,-1.0,3.8685348613398673e-07,0.0,DQN_RND,0.001,0.99,mountaincar,sparse
0,6463,-1.0,200,0.0043068029917776585,-1.0,7.167914617411952e-08,0.0,DQN_RND,0.001,0.99,mountaincar,sparse
0,6464,-1.0,200,0.005747606512159109,-1.0,6.6895424311042e-08,0.0,DQN_RND,0.001,0.99,mountaincar,sparse
0,6465,-1.0,200,0.0014391731237992644,-1.0,5.6893238564725834e-08,0.0,DQN_RND,0.001,0.99,mountaincar,sparse
0,6466,-1.0,200,0.0057410141453146935,-1.0,2.511854404474434e-07,0.0,DQN_RND,0.001,0.99,mountaincar,sparse
0,6467,-1.0,200,0.002871044212952256,-1.0,7.791445710836342e-08,0.0,DQN_RND,0.001,0.99,mountaincar,sparse
0,6468,-1.0,200,0.005747670773416758,-1.0,1.8083203485730337e-06,0.0,DQN_RND,0.001,0.99,mountaincar,sparse
0,6469,-1.0,200,0.003590485779568553,-1.0,8.98080543265678e-07,0.0,DQN_RND,0.001,0.99,mountaincar,sparse
0,6470,-1.0,200,0.002872879384085536,-1.0,2.058357040368719e-07,0.0,DQN_RND,0.001,0.99,mountaincar,sparse
0,6471,-1.0,200,0.00359089276753366,-1.0,4.444704870820715e-07,0.0,DQN_RND,0.001,0.99,mountaincar,sparse
0,6472,-1.0,200,0.0021543523762375116,-1.0,1.197101937577827e-06,0.0,DQN_RND,0.001,0.99,mountaincar,sparse
0,6473,-1.0,200,0.004306131508201361,-1.0,1.0454955372551922e-06,0.0,DQN_RND,0.001,0.99,mountaincar,sparse
0,6474,-1.0,200,0.0035916140768676996,-1.0,4.122212544643844e-07,0.0,DQN_RND,0.001,0.99,mountaincar,sparse
0,6475,-1.0,200,0.004307432100176811,-1.0,1.261257409623795e-07,0.0,DQN_RND,0.001,0.99,mountaincar,sparse
0,6476,-1.0,200,0.006460542790591717,-1.0,1.303426273580044e-07,0.0,DQN_RND,0.001,0.99,mountaincar,sparse
0,6477,-1.0,200,0.0021554352715611458,-1.0,1.8925202027730847e-07,0.0,DQN_RND,0.001,0.99,mountaincar,sparse
0,6478,-1.0,200,0.00358940614387393,-1.0,2.9077469321237004e-07,0.0,DQN_RND,0.001,0.99,mountaincar,sparse
0,6479,-1.0,200,0.004305986687541008,-1.0,7.093844089922641e-08,0.0,DQN_RND,0.001,0.99,mountaincar,sparse
0,6480,-1.0,200,0.0021546557545661926,-1.0,1.5883756532275584e-06,0.0,DQN_RND,0.001,0.99,mountaincar,sparse
0,6481,-1.0,200,0.004306588787585497,-1.0,1.8225756548417849e-07,0.0,DQN_RND,0.001,0.99,mountaincar,sparse
0,6482,-1.0,200,0.005740773398429155,-1.0,3.680860913846118e-07,0.0,DQN_RND,0.001,0.99,mountaincar,sparse
0,6483,-1.0,200,0.00430121598765254,-1.0,3.288230345788179e-07,0.0,DQN_RND,0.001,0.99,mountaincar,sparse
0,6484,-1.0,200,0.0028715257067233324,-1.0,9.345373541691515e-08,0.0,DQN_RND,0.001,0.99,mountaincar,sparse
0,6485,-1.0,200,0.003586668986827135,-1.0,2.9269637025208795e-07,0.0,DQN_RND,0.001,0.99,mountaincar,sparse
0,6486,-1.0,200,0.0043036178685724735,-1.0,7.764211318317393e-07,0.0,DQN_RND,0.001,0.99,mountaincar,sparse
0,6487,-1.0,200,0.00717217568308115,-1.0,8.326240390488238e-07,0.0,DQN_RND,0.001,0.99,mountaincar,sparse
0,6488,-1.0,200,0.0028703671414405107,-1.0,1.4620451338487328e-06,0.0,DQN_RND,0.001,0.99,mountaincar,sparse
0,6489,-1.0,200,0.0007192669436335564,-1.0,2.8530196232168237e-06,0.0,DQN_RND,0.001,0.99,mountaincar,sparse
0,6490,-1.0,200,0.003587000072002411,-1.0,2.7502085231390083e-07,0.0,DQN_RND,0.001,0.99,mountaincar,sparse
0,6491,-1.0,200,0.0007190977339632809,-1.0,8.555511499253043e-07,0.0,DQN_RND,0.001,0.99,mountaincar,sparse
0,6492,-1.0,200,0.0057382285594940186,-1.0,3.6664030744759657e-07,0.0,DQN_RND,0.001,0.99,mountaincar,sparse
0,6493,-1.0,200,0.0021529775112867355,-1.0,6.108637649049342e-07,0.0,DQN_RND,0.001,0.99,mountaincar,sparse
0,6494,-1.0,200,0.00501908827573061,-1.0,3.3389801501471084e-07,0.0,DQN_RND,0.001,0.99,mountaincar,sparse
0,6495,-1.0,200,0.002152056433260441,-1.0,2.4952078092610464e-07,0.0,DQN_RND,0.001,0.99,mountaincar,sparse
0,6496,-1.0,200,0.004301169887185097,-1.0,4.3719313680412597e-07,0.0,DQN_RND,0.001,0.99,mountaincar,sparse
0,6497,-1.0,200,0.0007191612385213375,-1.0,3.4630872391971934e-07,0.0,DQN_RND,0.001,0.99,mountaincar,sparse
0,6498,-1.0,200,0.0028679105453193188,-1.0,1.6018267388062668e-06,0.0,DQN_RND,0.001,0.99,mountaincar,sparse
0,6499,-1.0,200,0.0007189721218310297,-1.0,2.0363290786917787e-07,0.0,DQN_RND,0.001,0.99,mountaincar,sparse
0,6500,-1.0,200,0.002868145704269409,-1.0,3.6668348002422135e-07,0.0,DQN_RND,0.001,0.99,mountaincar,sparse
0,6501,-1.0,200,0.0028682404663413763,-1.0,1.5015255030448316e-06,0.0,DQN_RND,0.001,0.99,mountaincar,sparse
0,6502,-1.0,200,0.002868501702323556,-1.0,2.987826519529335e-07,0.0,DQN_RND,0.001,0.99,mountaincar,sparse
0,6503,-1.0,200,0.0007190126925706863,-1.0,6.534496606036555e-07,0.0,DQN_RND,0.001,0.99,mountaincar,sparse
0,6504,-1.0,200,0.0043010469526052475,-1.0,5.563400122809981e-07,0.0,DQN_RND,0.001,0.99,mountaincar,sparse
0,6505,-1.0,200,2.258349923067726e-06,-1.0,1.4128161751614243e-07,0.0,DQN_RND,0.001,0.99,mountaincar,sparse
0,6506,-1.0,200,0.002867179224267602,-1.0,1.3062533810170862e-07,0.0,DQN_RND,0.001,0.99,mountaincar,sparse
0,6507,-1.0,200,0.0014347390970215201,-1.0,4.3755909473475185e-07,0.0,DQN_RND,0.001,0.99,mountaincar,sparse
0,6508,-1.0,200,0.002150910906493664,-1.0,1.4894131936671329e-06,0.0,DQN_RND,0.001,0.99,mountaincar,sparse
0,6509,-1.0,200,0.006449535489082336,-1.0,8.275622320752518e-08,0.0,DQN_RND,0.001,0.99,mountaincar,sparse
0,6510,-1.0,200,0.004299553576856852,-1.0,3.622149620241544e-07,0.0,DQN_RND,0.001,0.99,mountaincar,sparse
0,6511,-1.0,200,0.004299889784306288,-1.0,8.097349564195611e-07,0.0,DQN_RND,0.001,0.99,mountaincar,sparse
0,6512,-1.0,200,0.003582555102184415,-1.0,7.789199685248605e-08,0.0,DQN_RND,0.001,0.99,mountaincar,sparse
0,6513,-1.0,200,0.0021505800541490316,-1.0,3.5051002100772166e-07,0.0,DQN_RND,0.001,0.99,mountaincar,sparse
0,6514,-1.0,200,0.0014342439826577902,-1.0,3.127164291072404e-06,0.0,DQN_RND,0.001,0.99,mountaincar,sparse
0,6515,-1.0,200,0.002867064904421568,-1.0,9.839269523581606e-07,0.0,DQN_RND,0.001,0.99,mountaincar,sparse
0,6516,-1.0,200,0.005014644470065832,-1.0,5.300470107272304e-08,0.0,DQN_RND,0.001,0.99,mountaincar,sparse
0,6517,-1.0,200,0.007161860354244709,-1.0,6.182708744972842e-08,0.0,DQN_RND,0.001,0.99,mountaincar,sparse
0,6518,-1.0,200,0.0035813909489661455,-1.0,5.8170616767938554e-08,0.0,DQN_RND,0.001,0.99,mountaincar,sparse
0,6519,-1.0,200,0.002865617163479328,-1.0,1.0599293176483116e-07,0.0,DQN_RND,0.001,0.99,mountaincar,sparse
0,6520,-1.0,200,0.008591596968472004,-1.0,2.917880692621111e-07,0.0,DQN_RND,0.001,0.99,mountaincar,sparse
0,6521,-1.0,200,0.003580508753657341,-1.0,2.606069244848186e-07,0.0,DQN_RND,0.001,0.99,mountaincar,sparse
0,6522,-1.0,200,0.0028647363651543856,-1.0,1.3701152568046382e-07,0.0,DQN_RND,0.001,0.99,mountaincar,sparse
0,6523,-1.0,200,0.0021488668862730265,-1.0,1.0254848348267842e-07,0.0,DQN_RND,0.001,0.99,mountaincar,sparse
0,6524,-1.0,200,0.002864349400624633,-1.0,6.800849519095209e-07,0.0,DQN_RND,0.001,0.99,mountaincar,sparse
0,6525,-1.0,200,0.001433338038623333,-1.0,1.3209287317295093e-06,0.0,DQN_RND,0.001,0.99,mountaincar,sparse
0,6526,-1.0,200,0.009302565827965736,-1.0,5.233720798969443e-07,0.0,DQN_RND,0.001,0.99,mountaincar,sparse
0,6527,-1.0,200,0.002863426459953189,-1.0,8.770967383497918e-07,0.0,DQN_RND,0.001,0.99,mountaincar,sparse
0,6528,-1.0,200,0.0035788698587566614,-1.0,3.4691140626819106e-07,0.0,DQN_RND,0.001,0.99,mountaincar,sparse
0,6529,-1.0,200,0.0014329785481095314,-1.0,2.0068988249022368e-07,0.0,DQN_RND,0.001,0.99,mountaincar,sparse
0,6530,-1.0,200,0.002863673260435462,-1.0,2.4936884983617347e-06,0.0,DQN_RND,0.001,0.99,mountaincar,sparse
0,6531,-1.0,200,0.0021482515148818493,-1.0,5.889438057238294e-07,0.0,DQN_RND,0.001,0.99,mountaincar,sparse
0,6532,-1.0,200,0.002863252768293023,-1.0,6.330289465950045e-07,0.0,DQN_RND,0.001,0.99,mountaincar,sparse
0,6533,-1.0,200,0.0028633086476475,-1.0,1.0535768524277955e-06,0.0,DQN_RND,0.001,0.99,mountaincar,sparse
0,6534,-1.0,200,0.004293206613510847,-1.0,7.285586320904258e-07,0.0,DQN_RND,0.001,0.99,mountaincar,sparse
0,6535,-1.0,200,0.0021478410344570875,-1.0,8.459655873593874e-07,0.0,DQN_RND,0.001,0.99,mountaincar,sparse
0,6536,-1.0,200,0.003578334581106901,-1.0,2.4348580041078094e-07,0.0,DQN_RND,0.001,0.99,mountaincar,sparse
0,6537,-1.0,200,0.005723111797124147,-1.0,1.2699177887043334e-06,0.0,DQN_RND,0.001,0.99,mountaincar,sparse
0,6538,-1.0,200,0.00715152220800519,-1.0,6.540639105878654e-07,0.0,DQN_RND,0.001,0.99,mountaincar,sparse
0,6539,-1.0,200,0.005723136942833662,-1.0,1.2278013628019835e-06,0.0,DQN_RND,0.001,0.99,mountaincar,sparse
0,6540,-1.0,200,0.00429172907024622,-1.0,8.877520372152503e-07,0.0,DQN_RND,0.001,0.99,mountaincar,sparse
0,6541,-1.0,200,0.003576383227482438,-1.0,7.605787573083944e-07,0.0,DQN_RND,0.001,0.99,mountaincar,sparse
0,6542,-1.0,200,0.00429082615301013,-1.0,9.013498925014574e-07,0.0,DQN_RND,0.001,0.99,mountaincar,sparse
0,6543,-1.0,200,0.005006367340683937,-1.0,2.1100629510328872e-07,0.0,DQN_RND,0.001,0.99,mountaincar,sparse
0,6544,-1.0,200,0.004291228484362364,-1.0,4.824327106689452e-07,0.0,DQN_RND,0.001,0.99,mountaincar,sparse
0,6545,-1.0,200,0.00786250364035368,-1.0,4.021409040433355e-06,0.0,DQN_RND,0.001,0.99,mountaincar,sparse
0,6546,-1.0,200,0.0035748989321291447,-1.0,1.593632873664319e-06,0.0,DQN_RND,0.001,0.99,mountaincar,sparse
0,6547,-1.0,200,0.003575247246772051,-1.0,2.0709010186692467e-06,0.0,DQN_RND,0.001,0.99,mountaincar,sparse
0,6548,-1.0,200,0.0028609279543161392,-1.0,2.3654875747070037e-07,0.0,DQN_RND,0.001,0.99,mountaincar,sparse
0,6549,-1.0,200,0.0021477704867720604,-1.0,3.988790240327944e-07,0.0,DQN_RND,0.001,0.99,mountaincar,sparse
0,6550,-1.0,200,0.0021469234488904476,-1.0,6.746005851709924e-07,0.0,DQN_RND,0.001,0.99,mountaincar,sparse
0,6551,-1.0,200,0.005004014354199171,-1.0,2.2342537704389542e-06,0.0,DQN_RND,0.001,0.99,mountaincar,sparse
0,6552,-1.0,200,0.003574576461687684,-1.0,2.075940756185446e-06,0.0,DQN_RND,0.001,0.99,mountaincar,sparse
0,6553,-1.0,200,0.0035747771617025137,-1.0,9.864962748906692e-07,0.0,DQN_RND,0.001,0.99,mountaincar,sparse
0,6554,-1.0,200,0.004292603116482496,-1.0,1.5207782553261495e-06,0.0,DQN_RND,0.001,0.99,mountaincar,sparse
0,6555,-1.0,200,0.0050026485696434975,-1.0,2.9957832339277957e-06,0.0,DQN_RND,0.001,0.99,mountaincar,sparse
0,6556,-1.0,200,0.00500243017449975,-1.0,1.0394099945187918e-06,0.0,DQN_RND,0.001,0.99,mountaincar,sparse
0,6557,-1.0,200,0.005004286300390959,-1.0,8.085190756901284e-07,0.0,DQN_RND,0.001,0.99,mountaincar,sparse
0,6558,-1.0,200,0.00500149093568325,-1.0,3.882346391037572e-07,0.0,DQN_RND,0.001,0.99,mountaincar,sparse
0,6559,-1.0,200,0.0035730984527617693,-1.0,1.8781314565785578e-06,0.0,DQN_RND,0.001,0.99,mountaincar,sparse
0,6560,-1.0,200,0.002859260654076934,-1.0,5.942750362919469e-07,0.0,DQN_RND,0.001,0.99,mountaincar,sparse
0,6561,-1.0,200,0.0007186091388575733,-1.0,2.862306018869276e-06,0.0,DQN_RND,0.001,0.99,mountaincar,sparse
0,6562,-1.0,200,0.0021476149559020996,-1.0,1.218801685354265e-06,0.0,DQN_RND,0.001,0.99,mountaincar,sparse
0,6563,-1.0,200,0.003573040012270212,-1.0,1.3567007499659667e-06,0.0,DQN_RND,0.001,0.99,mountaincar,sparse
0,6564,-1.0,200,0.0028612480964511633,-1.0,2.228833864137414e-07,0.0,DQN_RND,0.001,0.99,mountaincar,sparse
0,6565,-1.0,200,0.0028635349590331316,-1.0,3.7998532320671075e-07,0.0,DQN_RND,0.001,0.99,mountaincar,sparse
0,6566,-1.0,200,0.003577760886400938,-1.0,1.623791831661947e-06,0.0,DQN_RND,0.001,0.99,mountaincar,sparse
0,6567,-1.0,200,0.002147421706467867,-1.0,2.0962684743608406e-07,0.0,DQN_RND,0.001,0.99,mountaincar,sparse
0,6568,-1.0,200,0.0014317543245851994,-1.0,5.844693760082009e-07,0.0,DQN_RND,0.001,0.99,mountaincar,sparse
0,6569,-1.0,200,0.0021468941122293472,-1.0,7.661158178962069e-07,0.0,DQN_RND,0.001,0.99,mountaincar,sparse
0,6570,-1.0,200,0.0014314843574538827,-1.0,3.18783349939622e-07,0.0,DQN_RND,0.001,0.99,mountaincar,sparse
0,6571,-1.0,200,0.0035746186040341854,-1.0,1.1301817721687257e-06,0.0,DQN_RND,0.001,0.99,mountaincar,sparse
0,6572,-1.0,200,0.0014316607266664505,-1.0,1.8426723045195104e-06,0.0,DQN_RND,0.001,0.99,mountaincar,sparse
0,6573,-1.0,200,0.0035768733359873295,-1.0,1.2591631275427062e-06,0.0,DQN_RND,0.001,0.99,mountaincar,sparse
0,6574,-1.0,200,0.0014313918072730303,-1.0,1.6989101823128294e-06,0.0,DQN_RND,0.001,0.99,mountaincar,sparse
0,6575,-1.0,200,0.005714569240808487,-1.0,3.592051371015259e-06,0.0,DQN_RND,0.001,0.99,mountaincar,sparse
0,6576,-1.0,200,0.002147197723388672,-1.0,5.783637675449427e-07,0.0,DQN_RND,0.001,0.99,mountaincar,sparse
0,6577,-1.0,200,0.00143290008418262,-1.0,2.3031670934869908e-06,0.0,DQN_RND,0.001,0.99,mountaincar,sparse
0,6578,-1.0,200,0.004285756032913923,-1.0,9.225951203006844e-07,0.0,DQN_RND,0.001,0.99,mountaincar,sparse
0,6579,-1.0,200,0.0021446740720421076,-1.0,9.042841497830523e-07,0.0,DQN_RND,0.001,0.99,mountaincar,sparse
0,6580,-1.0,200,0.006430402398109436,-1.0,1.768737831753242e-07,0.0,DQN_RND,0.001,0.99,mountaincar,sparse
0,6581,-1.0,200,4.141822955716634e-06,-1.0,2.409002206604782e-07,0.0,DQN_RND,0.001,0.99,mountaincar,sparse
0,6582,-1.0,200,0.0050031328573822975,-1.0,3.162106622767169e-06,0.0,DQN_RND,0.001,0.99,mountaincar,sparse
0,6583,-1.0,200,0.0007176488288678229,-1.0,2.3301333840208827e-06,0.0,DQN_RND,0.001,0.99,mountaincar,sparse
0,6584,-1.0,200,0.002859988948330283,-1.0,3.312516412279365e-07,0.0,DQN_RND,0.001,0.99,mountaincar,sparse
0,6585,-1.0,200,0.0042844186536967754,-1.0,2.9478229635060416e-07,0.0,DQN_RND,0.001,0.99,mountaincar,sparse
0,6586,-1.0,200,0.002859237138181925,-1.0,4.338546943927213e-07,0.0,DQN_RND,0.001,0.99,mountaincar,sparse
0,6587,-1.0,200,0.005000899080187082,-1.0,6.446472298193839e-07,0.0,DQN_RND,0.001,0.99,mountaincar,sparse
0,6588,-1.0,200,0.0035703927278518677,-1.0,3.8215803215280175e-06,0.0,DQN_RND,0.001,0.99,mountaincar,sparse
0,6589,-1.0,200,0.006425538565963507,-1.0,1.381392166877049e-06,0.0,DQN_RND,0.001,0.99,mountaincar,sparse
0,6590,-1.0,200,0.005001043900847435,-1.0,2.271665607622708e-06,0.0,DQN_RND,0.001,0.99,mountaincar,sparse
0,6591,-1.0,200,0.0071373614482581615,-1.0,1.2205632629047614e-06,0.0,DQN_RND,0.001,0.99,mountaincar,sparse
0,6592,-1.0,200,0.004282894544303417,-1.0,1.086053202925541e-06,0.0,DQN_RND,0.001,0.99,mountaincar,sparse
0,6593,-1.0,200,0.0049979714676737785,-1.0,2.4255345465462597e-07,0.0,DQN_RND,0.001,0.99,mountaincar,sparse
0,6594,-1.0,200,0.002145306672900915,-1.0,1.9941047924021404e-07,0.0,DQN_RND,0.001,0.99,mountaincar,sparse
0,6595,-1.0,200,0.0028578995261341333,-1.0,2.6131826302844274e-07,0.0,DQN_RND,0.001,0.99,mountaincar,sparse
0,6596,-1.0,200,0.0035723005421459675,-1.0,2.7524268375600514e-07,0.0,DQN_RND,0.001,0.99,mountaincar,sparse
0,6597,-1.0,200,0.0035709128715097904,-1.0,1.518167664471548e-06,0.0,DQN_RND,0.001,0.99,mountaincar,sparse
0,6598,-1.0,200,0.003573923371732235,-1.0,1.3133723086866667e-06,0.0,DQN_RND,0.001,0.99,mountaincar,sparse
0,6599,-1.0,200,0.0035722185857594013,-1.0,1.9128717667626915e-06,0.0,DQN_RND,0.001,0.99,mountaincar,sparse
0,6600,-1.0,200,0.005711402744054794,-1.0,9.479068125983758e-07,0.0,DQN_RND,0.001,0.99,mountaincar,sparse
0,6601,-1.0,200,0.0014298914466053247,-1.0,6.772094707230281e-07,0.0,DQN_RND,0.001,0.99,mountaincar,sparse
0,6602,-1.0,200,0.0035696958657354116,-1.0,1.2504813184932573e-06,0.0,DQN_RND,0.001,0.99,mountaincar,sparse
0,6603,-1.0,200,0.0042885965667665005,-1.0,1.414090093021514e-06,0.0,DQN_RND,0.001,0.99,mountaincar,sparse
0,6604,-1.0,200,0.0007169989985413849,-1.0,4.080756070834468e-07,0.0,DQN_RND,0.001,0.99,mountaincar,sparse
0,6605,-1.0,200,0.004288692492991686,-1.0,2.250867964903591e-06,0.0,DQN_RND,0.001,0.99,mountaincar,sparse
0,6606,-1.0,200,0.0042840843088924885,-1.0,9.301435852648865e-07,0.0,DQN_RND,0.001,0.99,mountaincar,sparse
0,6607,-1.0,200,0.004285394214093685,-1.0,1.9225913092668634e-06,0.0,DQN_RND,0.001,0.99,mountaincar,sparse
0,6608,-1.0,200,0.004281914792954922,-1.0,9.01728185453976e-07,0.0,DQN_RND,0.001,0.99,mountaincar,sparse
0,6609,-1.0,200,0.0028560094069689512,-1.0,1.007862465485232e-06,0.0,DQN_RND,0.001,0.99,mountaincar,sparse
0,6610,-1.0,200,0.0014309703838080168,-1.0,1.9749779767153086e-06,0.0,DQN_RND,0.001,0.99,mountaincar,sparse
0,6611,-1.0,200,0.002855762606486678,-1.0,1.440819460185594e-06,0.0,DQN_RND,0.001,0.99,mountaincar,sparse
0,6612,-1.0,200,0.005000485107302666,-1.0,1.3120443327352405e-06,0.0,DQN_RND,0.001,0.99,mountaincar,sparse
0,6613,-1.0,200,0.00570701202377677,-1.0,5.770120310444327e-07,0.0,DQN_RND,0.001,0.99,mountaincar,sparse
0,6614,-1.0,200,0.002855015452951193,-1.0,8.694322559676948e-07,0.0,DQN_RND,0.001,0.99,mountaincar,sparse
0,6615,-1.0,200,0.003572230227291584,-1.0,1.6777015332536394e-07,0.0,DQN_RND,0.001,0.99,mountaincar,sparse
0,6616,-1.0,200,0.004281644709408283,-1.0,9.288856972489157e-07,0.0,DQN_RND,0.001,0.99,mountaincar,sparse
0,6617,-1.0,200,0.001430240459740162,-1.0,1.192597892440972e-06,0.0,DQN_RND,0.001,0.99,mountaincar,sparse
0,6618,-1.0,200,0.004282723180949688,-1.0,1.1911773754036403e-06,0.0,DQN_RND,0.001,0.99,mountaincar,sparse
0,6619,-1.0,200,0.006421544123440981,-1.0,4.0284731994688627e-07,0.0,DQN_RND,0.001,0.99,mountaincar,sparse
0,6620,-1.0,200,0.0021432386711239815,-1.0,8.286817774205701e-07,0.0,DQN_RND,0.001,0.99,mountaincar,sparse
0,6621,-1.0,200,0.0028531274292618036,-1.0,2.6907239316642517e-06,0.0,DQN_RND,0.001,0.99,mountaincar,sparse
0,6622,-1.0,200,0.004991951398551464,-1.0,3.8787317180322134e-07,0.0,DQN_RND,0.001,0.99,mountaincar,sparse
0,6623,-1.0,200,0.004282696172595024,-1.0,8.454057933704462e-07,0.0,DQN_RND,0.001,0.99,mountaincar,sparse
0,6624,-1.0,200,0.0014290701365098357,-1.0,2.3357064549145434e-07,0.0,DQN_RND,0.001,0.99,mountaincar,sparse
0,6625,-1.0,200,0.001428050803951919,-1.0,2.930387381638866e-07,0.0,DQN_RND,0.001,0.99,mountaincar,sparse
0,6626,-1.0,200,0.0035639689303934574,-1.0,7.781738418088935e-07,0.0,DQN_RND,0.001,0.99,mountaincar,sparse
0,6627,-1.0,200,0.0028553910087794065,-1.0,4.1154049768010736e-07,0.0,DQN_RND,0.001,0.99,mountaincar,sparse
0,6628,-1.0,200,0.00143052963539958,-1.0,1.1604744258875144e-06,0.0,DQN_RND,0.001,0.99,mountaincar,sparse
0,6629,-1.0,200,0.004281490109860897,-1.0,3.105815721937688e-06,0.0,DQN_RND,0.001,0.99,mountaincar,sparse
0,6630,-1.0,200,0.00142807571683079,-1.0,1.6634582777896867e-07,0.0,DQN_RND,0.001,0.99,mountaincar,sparse
0,6631,-1.0,200,0.0014281884068623185,-1.0,1.4794354683544952e-06,0.0,DQN_RND,0.001,0.99,mountaincar,sparse
0,6632,-1.0,200,0.004992044996470213,-1.0,6.624192678827967e-07,0.0,DQN_RND,0.001,0.99,mountaincar,sparse
0,6633,-1.0,200,0.0014288247330114245,-1.0,3.7306256217561895e-07,0.0,DQN_RND,0.001,0.99,mountaincar,sparse
0,6634,-1.0,200,0.004991143476217985,-1.0,1.4902439033903647e-06,0.0,DQN_RND,0.001,0.99,mountaincar,sparse
0,6635,-1.0,200,0.0028544445522129536,-1.0,4.8713286560087e-07,0.0,DQN_RND,0.001,0.99,mountaincar,sparse
0,6636,-1.0,200,0.0035654453095048666,-1.0,8.314460160363524e-07,0.0,DQN_RND,0.001,0.99,mountaincar,sparse
0,6637,-1.0,200,0.0035668862983584404,-1.0,3.3647603459030506e-07,0.0,DQN_RND,0.001,0.99,mountaincar,sparse
0,6638,-1.0,200,0.0035673920065164566,-1.0,1.39431870138651e-06,0.0,DQN_RND,0.001,0.99,mountaincar,sparse
0,6639,-1.0,200,0.0028558513149619102,-1.0,6.299284791566606e-07,0.0,DQN_RND,0.001,0.99,mountaincar,sparse
0,6640,-1.0,200,0.004280251916497946,-1.0,1.1727462378985365e-06,0.0,DQN_RND,0.001,0.99,mountaincar,sparse
0,6641,-1.0,200,0.003564800601452589,-1.0,1.827573328228027e-07,0.0,DQN_RND,0.001,0.99,mountaincar,sparse
0,6642,-1.0,200,0.004278387408703566,-1.0,9.910258995660115e-07,0.0,DQN_RND,0.001,0.99,mountaincar,sparse
0,6643,-1.0,200,0.0021403487771749496,-1.0,2.109154365825816e-06,0.0,DQN_RND,0.001,0.99,mountaincar,sparse
0,6644,-1.0,200,0.004279264248907566,-1.0,9.154501867669751e-07,0.0,DQN_RND,0.001,0.99,mountaincar,sparse
0,6645,-1.0,200,0.005703194532543421,-1.0,6.403757879525074e-07,0.0,DQN_RND,0.001,0.99,mountaincar,sparse
0,6646,-1.0,200,0.0021399743854999542,-1.0,1.3930487057223218e-06,0.0,DQN_RND,0.001,0.99,mountaincar,sparse
0,6647,-1.0,200,0.0028530871495604515,-1.0,9.468492976338894e-07,0.0,DQN_RND,0.001,0.99,mountaincar,sparse
0,6648,-1.0,200,0.004275305196642876,-1.0,3.2509359471077914e-07,0.0,DQN_RND,0.001,0.99,mountaincar,sparse
0,6649,-1.0,200,0.004988360684365034,-1.0,1.4096383438300109e-06,0.0,DQN_RND,0.001,0.99,mountaincar,sparse
0,6650,-1.0,200,0.0035647328477352858,-1.0,7.309272405109368e-07,0.0,DQN_RND,0.001,0.99,mountaincar,sparse
0,6651,-1.0,200,0.00285171577706933,-1.0,1.0826242942130193e-06,0.0,DQN_RND,0.001,0.99,mountaincar,sparse
0,6652,-1.0,200,0.0021388400346040726,-1.0,1.0768371794256382e-06,0.0,DQN_RND,0.001,0.99,mountaincar,sparse
0,6653,-1.0,200,0.004274693317711353,-1.0,4.09830960279578e-07,0.0,DQN_RND,0.001,0.99,mountaincar,sparse
0,6654,-1.0,200,0.0021383147686719894,-1.0,1.2388068171276245e-06,0.0,DQN_RND,0.001,0.99,mountaincar,sparse
0,6655,-1.0,200,0.0028506580274552107,-1.0,1.1001984603353776e-06,0.0,DQN_RND,0.001,0.99,mountaincar,sparse
0,6656,-1.0,200,0.0021383212879300117,-1.0,3.5169526313438837e-07,0.0,DQN_RND,0.001,0.99,mountaincar,sparse
0,6657,-1.0,200,0.0028508061077445745,-1.0,2.416850577446894e-07,0.0,DQN_RND,0.001,0.99,mountaincar,sparse
0,6658,-1.0,200,0.0028502633795142174,-1.0,3.192022290932073e-07,0.0,DQN_RND,0.001,0.99,mountaincar,sparse
0,6659,-1.0,200,0.004275761544704437,-1.0,2.8833721898990916e-07,0.0,DQN_RND,0.001,0.99,mountaincar,sparse
0,6660,-1.0,200,0.0035629847552627325,-1.0,2.609740477055311e-07,0.0,DQN_RND,0.001,0.99,mountaincar,sparse
0,6661,-1.0,200,0.0014267246006056666,-1.0,1.8965305343954242e-06,0.0,DQN_RND,0.001,0.99,mountaincar,sparse
0,6662,-1.0,200,0.004273745696991682,-1.0,6.333463602459233e-07,0.0,DQN_RND,0.001,0.99,mountaincar,sparse
0,6663,-1.0,200,0.004273179918527603,-1.0,1.454859216210025e-06,0.0,DQN_RND,0.001,0.99,mountaincar,sparse
0,6664,-1.0,200,0.004273354075849056,-1.0,2.81028064819111e-07,0.0,DQN_RND,0.001,0.99,mountaincar,sparse
0,6665,-1.0,200,0.005696930456906557,-1.0,1.0542499921939452e-06,0.0,DQN_RND,0.001,0.99,mountaincar,sparse
0,6666,-1.0,200,0.002849418902769685,-1.0,2.3203517685033148e-07,0.0,DQN_RND,0.001,0.99,mountaincar,sparse
0,6667,-1.0,200,0.0028500063344836235,-1.0,2.5238651346626284e-07,0.0,DQN_RND,0.001,0.99,mountaincar,sparse
0,6668,-1.0,200,0.0028483576606959105,-1.0,5.150552055965818e-07,0.0,DQN_RND,0.001,0.99,mountaincar,sparse
0,6669,-1.0,200,0.00427304906770587,-1.0,4.95146139201097e-07,0.0,DQN_RND,0.001,0.99,mountaincar,sparse
0,6670,-1.0,200,0.004272159654647112,-1.0,1.55733550855075e-06,0.0,DQN_RND,0.001,0.99,mountaincar,sparse
0,6671,-1.0,200,0.0021367091685533524,-1.0,3.5952345456280455e-07,0.0,DQN_RND,0.001,0.99,mountaincar,sparse
0,6672,-1.0,200,0.0035595151130110025,-1.0,1.6101266453460994e-07,0.0,DQN_RND,0.001,0.99,mountaincar,sparse
0,6673,-1.0,200,0.007117941975593567,-1.0,1.75875683794402e-07,0.0,DQN_RND,0.001,0.99,mountaincar,sparse
0,6674,-1.0,200,0.005693485960364342,-1.0,6.428426218008099e-07,0.0,DQN_RND,0.001,0.99,mountaincar,sparse
0,6675,-1.0,200,0.004271081183105707,-1.0,7.606944336657762e-07,0.0,DQN_RND,0.001,0.99,mountaincar,sparse
0,6676,-1.0,200,0.004270322620868683,-1.0,2.2455438397628313e-07,0.0,DQN_RND,0.001,0.99,mountaincar,sparse
0,6677,-1.0,200,0.004269937053322792,-1.0,2.0093160912892927e-07,0.0,DQN_RND,0.001,0.99,mountaincar,sparse
0,6678,-1.0,200,0.003558769356459379,-1.0,2.336453945872563e-07,0.0,DQN_RND,0.001,0.99,mountaincar,sparse
0,6679,-1.0,200,0.004979406949132681,-1.0,4.0011354940361343e-07,0.0,DQN_RND,0.001,0.99,mountaincar,sparse
0,6680,-1.0,200,0.005690761376172304,-1.0,3.667688019959314e-07,0.0,DQN_RND,0.001,0.99,mountaincar,sparse
0,6681,-1.0,200,0.0035583123099058867,-1.0,1.2758591765305027e-06,0.0,DQN_RND,0.001,0.99,mountaincar,sparse
0,6682,-1.0,200,0.002136305207386613,-1.0,1.6034693999245064e-06,0.0,DQN_RND,0.001,0.99,mountaincar,sparse
0,6683,-1.0,200,0.00426873192191124,-1.0,2.4806260512377776e-07,0.0,DQN_RND,0.001,0.99,mountaincar,sparse
0,6684,-1.0,200,0.0007140454836189747,-1.0,2.694496856747719e-07,0.0,DQN_RND,0.001,0.99,mountaincar,sparse
0,6685,-1.0,200,0.0035572233609855175,-1.0,2.8417829867066757e-07,0.0,DQN_RND,0.001,0.99,mountaincar,sparse
0,6686,-1.0,200,0.002135590184479952,-1.0,2.646519021709537e-07,0.0,DQN_RND,0.001,0.99,mountaincar,sparse
0,6687,-1.0,200,0.0021364784333854914,-1.0,1.3933074569649762e-06,0.0,DQN_RND,0.001,0.99,mountaincar,sparse
0,6688,-1.0,200,0.007109664846211672,-1.0,3.167612874221959e-07,0.0,DQN_RND,0.001,0.99,mountaincar,sparse
0,6689,-1.0,200,0.004268189892172813,-1.0,3.2710079267417314e-06,0.0,DQN_RND,0.001,0.99,mountaincar,sparse
0,6690,-1.0,200,0.001424450776539743,-1.0,3.833153243704146e-07,0.0,DQN_RND,0.001,0.99,mountaincar,sparse
0,6691,-1.0,200,0.00426806416362524,-1.0,2.468746515660314e-06,0.0,DQN_RND,0.001,0.99,mountaincar,sparse
0,6692,-1.0,200,0.003558121155947447,-1.0,1.5217485724861035e-06,0.0,DQN_RND,0.001,0.99,mountaincar,sparse
0,6693,-1.0,200,0.0035567693412303925,-1.0,3.4561082884465577e-07,0.0,DQN_RND,0.001,0.99,mountaincar,sparse
0,6694,-1.0,200,0.002848296891897917,-1.0,8.030482376852888e-07,0.0,DQN_RND,0.001,0.99,mountaincar,sparse
0,6695,-1.0,200,0.003557712770998478,-1.0,5.637638196276384e-07,0.0,DQN_RND,0.001,0.99,mountaincar,sparse
0,6696,-1.0,200,0.003557005897164345,-1.0,3.007910436281236e-06,0.0,DQN_RND,0.001,0.99,mountaincar,sparse
0,6697,-1.0,200,0.004266652278602123,-1.0,1.0384086408521398e-06,0.0,DQN_RND,0.001,0.99,mountaincar,sparse
0,6698,-1.0,200,0.002846640534698963,-1.0,1.3765645690000383e-06,0.0,DQN_RND,0.001,0.99,mountaincar,sparse
0,6699,-1.0,200,0.004267807584255934,-1.0,9.627010513213463e-07,0.0,DQN_RND,0.001,0.99,mountaincar,sparse
0,6700,-1.0,200,0.003555446630343795,-1.0,8.438326517534733e-07,0.0,DQN_RND,0.001,0.99,mountaincar,sparse
0,6701,-1.0,200,0.003554046154022217,-1.0,3.504842425172683e-06,0.0,DQN_RND,0.001,0.99,mountaincar,sparse
0,6702,-1.0,200,0.0021344218403100967,-1.0,3.284899548816611e-06,0.0,DQN_RND,0.001,0.99,mountaincar,sparse
0,6703,-1.0,200,0.006394313648343086,-1.0,4.0263060441247944e-07,0.0,DQN_RND,0.001,0.99,mountaincar,sparse
0,6704,-1.0,200,0.002844166709110141,-1.0,3.4630321010808984e-07,0.0,DQN_RND,0.001,0.99,mountaincar,sparse
0,6705,-1.0,200,0.0014249262167140841,-1.0,4.160978619438538e-07,0.0,DQN_RND,0.001,0.99,mountaincar,sparse
0,6706,-1.0,200,0.001423574285581708,-1.0,1.5506785757679609e-06,0.0,DQN_RND,0.001,0.99,mountaincar,sparse
0,6707,-1.0,200,0.0028449809178709984,-1.0,3.2342592248824076e-07,0.0,DQN_RND,0.001,0.99,mountaincar,sparse
0,6708,-1.0,200,0.001423652982339263,-1.0,3.141727518141124e-07,0.0,DQN_RND,0.001,0.99,mountaincar,sparse
0,6709,-1.0,200,0.007811781018972397,-1.0,3.2836742320796475e-06,0.0,DQN_RND,0.001,0.99,mountaincar,sparse
0,6710,-1.0,200,0.006393142510205507,-1.0,3.335715348384838e-07,0.0,DQN_RND,0.001,0.99,mountaincar,sparse
0,6711,-1.0,200,0.0042643300257623196,-1.0,1.8995392565557268e-06,0.0,DQN_RND,0.001,0.99,mountaincar,sparse
0,6712,-1.0,200,0.0007157786167226732,-1.0,3.8297059745673323e-07,0.0,DQN_RND,0.001,0.99,mountaincar,sparse
0,6713,-1.0,200,0.002843359485268593,-1.0,3.355790113346302e-06,0.0,DQN_RND,0.001,0.99,mountaincar,sparse
0,6714,-1.0,200,0.006395773496478796,-1.0,3.509175598992442e-07,0.0,DQN_RND,0.001,0.99,mountaincar,sparse
0,6715,-1.0,200,0.0028446451760828495,-1.0,1.4079572565606213e-06,0.0,DQN_RND,0.001,0.99,mountaincar,sparse
0,6716,-1.0,200,0.002132975962013006,-1.0,6.506522822746774e-07,0.0,DQN_RND,0.001,0.99,mountaincar,sparse
0,6717,-1.0,200,0.0049753799103200436,-1.0,3.7988007761668996e-07,0.0,DQN_RND,0.001,0.99,mountaincar,sparse
0,6718,-1.0,200,0.006392966024577618,-1.0,3.8861540474499634e-07,0.0,DQN_RND,0.001,0.99,mountaincar,sparse
0,6719,-1.0,200,0.0014229892985895276,-1.0,3.7542537256740616e-07,0.0,DQN_RND,0.001,0.99,mountaincar,sparse
0,6720,-1.0,200,0.004262780770659447,-1.0,3.624806765856192e-07,0.0,DQN_RND,0.001,0.99,mountaincar,sparse
0,6721,-1.0,200,0.0007150559104047716,-1.0,3.728296746885462e-07,0.0,DQN_RND,0.001,0.99,mountaincar,sparse
0,6722,-1.0,200,0.00426279054954648,-1.0,4.354022564712068e-07,0.0,DQN_RND,0.001,0.99,mountaincar,sparse
0,6723,-1.0,200,0.0035547015722841024,-1.0,1.5784156630616053e-06,0.0,DQN_RND,0.001,0.99,mountaincar,sparse
0,6724,-1.0,200,0.002132692374289036,-1.0,3.704032849327632e-07,0.0,DQN_RND,0.001,0.99,mountaincar,sparse
0,6725,-1.0,200,0.0014255864080041647,-1.0,6.939341119505116e-07,0.0,DQN_RND,0.001,0.99,mountaincar,sparse
0,6726,-1.0,200,0.002133345929905772,-1.0,2.6516138404986123e-06,0.0,DQN_RND,0.001,0.99,mountaincar,sparse
0,6727,-1.0,200,0.00780895259231329,-1.0,6.168517643345695e-07,0.0,DQN_RND,0.001,0.99,mountaincar,sparse
0,6728,-1.0,200,0.0014229703228920698,-1.0,5.310042183737096e-07,0.0,DQN_RND,0.001,0.99,mountaincar,sparse
0,6729,-1.0,200,0.00355300004594028,-1.0,6.931697953405092e-07,0.0,DQN_RND,0.001,0.99,mountaincar,sparse
0,6730,-1.0,200,0.0035528922453522682,-1.0,5.433066689874977e-07,0.0,DQN_RND,0.001,0.99,mountaincar,sparse
0,6731,-1.0,200,0.002846253802999854,-1.0,3.841421687411639e-07,0.0,DQN_RND,0.001,0.99,mountaincar,sparse
0,6732,-1.0,200,0.00638763140887022,-1.0,3.690472851758386e-07,0.0,DQN_RND,0.001,0.99,mountaincar,sparse
0,6733,-1.0,200,0.0014248847728595138,-1.0,6.556687139891437e-07,0.0,DQN_RND,0.001,0.99,mountaincar,sparse
0,6734,-1.0,200,0.0021360612008720636,-1.0,3.7093943205945834e-07,0.0,DQN_RND,0.001,0.99,mountaincar,sparse
0,6735,-1.0,200,0.0042650699615478516,-1.0,1.4859485872875666e-06,0.0,DQN_RND,0.001,0.99,mountaincar,sparse
0,6736,-1.0,200,0.003549911780282855,-1.0,4.058244087445928e-07,0.0,DQN_RND,0.001,0.99,mountaincar,sparse
0,6737,-1.0,200,0.0028410530649125576,-1.0,5.244633030088153e-07,0.0,DQN_RND,0.001,0.99,mountaincar,sparse
0,6738,-1.0,200,0.0021336935460567474,-1.0,2.4700991616555257e-06,0.0,DQN_RND,0.001,0.99,mountaincar,sparse
0,6739,-1.0,200,0.00284080533310771,-1.0,7.47340436646482e-07,0.0,DQN_RND,0.001,0.99,mountaincar,sparse
0,6740,-1.0,200,0.0021324290428310633,-1.0,5.586187512562901e-07,0.0,DQN_RND,0.001,0.99,mountaincar,sparse
0,6741,-1.0,200,0.0014227424981072545,-1.0,9.963698630599538e-07,0.0,DQN_RND,0.001,0.99,mountaincar,sparse
0,6742,-1.0,200,0.003549331333488226,-1.0,5.6920362112578e-07,0.0,DQN_RND,0.001,0.99,mountaincar,sparse
0,6743,-1.0,200,0.002130528213456273,-1.0,1.114316432904161e-06,0.0,DQN_RND,0.001,0.99,mountaincar,sparse
0,6744,-1.0,200,0.0021331750322133303,-1.0,4.7629762889300764e-07,0.0,DQN_RND,0.001,0.99,mountaincar,sparse
0,6745,-1.0,200,0.003550485707819462,-1.0,1.3248258028397686e-06,0.0,DQN_RND,0.001,0.99,mountaincar,sparse
0,6746,-1.0,200,0.002843356691300869,-1.0,6.807812496845145e-06,0.0,DQN_RND,0.001,0.99,mountaincar,sparse
0,6747,-1.0,200,0.00567864254117012,-1.0,7.815112894604681e-07,0.0,DQN_RND,0.001,0.99,mountaincar,sparse
0,6748,-1.0,200,0.0035498924553394318,-1.0,8.043902539611736e-07,0.0,DQN_RND,0.001,0.99,mountaincar,sparse
0,6749,-1.0,200,0.0021305761765688658,-1.0,5.783788878943597e-07,0.0,DQN_RND,0.001,0.99,mountaincar,sparse
0,6750,-1.0,200,0.0056844973005354404,-1.0,5.626643542200327e-07,0.0,DQN_RND,0.001,0.99,mountaincar,sparse
0,6751,-1.0,200,0.0035488875582814217,-1.0,1.5040128573673428e-06,0.0,DQN_RND,0.001,0.99,mountaincar,sparse
0,6752,-1.0,200,0.0014257349539548159,-1.0,4.0114102262123197e-07,0.0,DQN_RND,0.001,0.99,mountaincar,sparse
0,6753,-1.0,200,0.006386096589267254,-1.0,5.143936618878797e-07,0.0,DQN_RND,0.001,0.99,mountaincar,sparse
0,6754,-1.0,200,0.004258580505847931,-1.0,5.377426077757264e-07,0.0,DQN_RND,0.001,0.99,mountaincar,sparse
0,6755,-1.0,200,0.0035504905972629786,-1.0,5.020752382733917e-07,0.0,DQN_RND,0.001,0.99,mountaincar,sparse
0,6756,-1.0,200,0.004259489011019468,-1.0,4.115200340493175e-07,0.0,DQN_RND,0.001,0.99,mountaincar,sparse
0,6757,-1.0,200,0.0035501476377248764,-1.0,1.3909616427554283e-06,0.0,DQN_RND,0.001,0.99,mountaincar,sparse
0,6758,-1.0,200,0.004256009589880705,-1.0,5.460158831738227e-07,0.0,DQN_RND,0.001,0.99,mountaincar,sparse
0,6759,-1.0,200,0.006382249295711517,-1.0,5.476579190144548e-07,0.0,DQN_RND,0.001,0.99,mountaincar,sparse
0,6760,-1.0,200,0.005675540771335363,-1.0,1.1718537962224218e-06,0.0,DQN_RND,0.001,0.99,mountaincar,sparse
0,6761,-1.0,200,0.002129063941538334,-1.0,3.8729950802007806e-07,0.0,DQN_RND,0.001,0.99,mountaincar,sparse
0,6762,-1.0,200,0.004968630615621805,-1.0,3.9760379877407104e-07,0.0,DQN_RND,0.001,0.99,mountaincar,sparse
0,6763,-1.0,200,0.002134063746780157,-1.0,3.607738108257763e-06,0.0,DQN_RND,0.001,0.99,mountaincar,sparse
0,6764,-1.0,200,0.0028379776049405336,-1.0,5.581214281846769e-07,0.0,DQN_RND,0.001,0.99,mountaincar,sparse
0,6765,-1.0,200,0.006387905217707157,-1.0,3.9019101905068965e-07,0.0,DQN_RND,0.001,0.99,mountaincar,sparse
0,6766,-1.0,200,0.0028383841272443533,-1.0,4.889488991466351e-07,0.0,DQN_RND,0.001,0.99,mountaincar,sparse
0,6767,-1.0,200,0.0035505578853189945,-1.0,6.678787372038641e-07,0.0,DQN_RND,0.001,0.99,mountaincar,sparse
0,6768,-1.0,200,0.00425381027162075,-1.0,5.141128553987073e-07,0.0,DQN_RND,0.001,0.99,mountaincar,sparse
0,6769,-1.0,200,0.0021305792033672333,-1.0,6.206364560057409e-07,0.0,DQN_RND,0.001,0.99,mountaincar,sparse
0,6770,-1.0,200,0.001426391419954598,-1.0,1.6585971707172575e-06,0.0,DQN_RND,0.001,0.99,mountaincar,sparse
0,6771,-1.0,200,0.0021308616269379854,-1.0,7.385218054878351e-07,0.0,DQN_RND,0.001,0.99,mountaincar,sparse
0,6772,-1.0,200,0.003553178161382675,-1.0,5.416075623543293e-07,0.0,DQN_RND,0.001,0.99,mountaincar,sparse
0,6773,-1.0,200,0.006380525883287191,-1.0,6.868773994028743e-07,0.0,DQN_RND,0.001,0.99,mountaincar,sparse
0,6774,-1.0,200,0.0035498475190252066,-1.0,8.811107932160667e-07,0.0,DQN_RND,0.001,0.99,mountaincar,sparse
0,6775,-1.0,200,0.0021329643204808235,-1.0,5.272394218991394e-07,0.0,DQN_RND,0.001,0.99,mountaincar,sparse
0,6776,-1.0,200,0.002838143613189459,-1.0,5.197452992433682e-07,0.0,DQN_RND,0.001,0.99,mountaincar,sparse
0,6777,-1.0,200,0.002838136861100793,-1.0,5.210457061366469e-07,0.0,DQN_RND,0.001,0.99,mountaincar,sparse
0,6778,-1.0,200,0.003545643761754036,-1.0,1.3979371260575135e-06,0.0,DQN_RND,0.001,0.99,mountaincar,sparse
0,6779,-1.0,200,0.005673737730830908,-1.0,1.3990872957947431e-06,0.0,DQN_RND,0.001,0.99,mountaincar,sparse
0,6780,-1.0,200,0.003549434943124652,-1.0,5.3537351050181314e-06,0.0,DQN_RND,0.001,0.99,mountaincar,sparse
0,6781,-1.0,200,0.0049635074101388454,-1.0,2.707455678319093e-06,0.0,DQN_RND,0.001,0.99,mountaincar,sparse
0,6782,-1.0,200,0.005675159394741058,-1.0,7.425427952512109e-07,0.0,DQN_RND,0.001,0.99,mountaincar,sparse
0,6783,-1.0,200,0.0035495939664542675,-1.0,8.320216693391558e-07,0.0,DQN_RND,0.001,0.99,mountaincar,sparse
0,6784,-1.0,200,0.004255498759448528,-1.0,8.963806408246455e-07,0.0,DQN_RND,0.001,0.99,mountaincar,sparse
0,6785,-1.0,200,0.0063791414722800255,-1.0,4.981320671504363e-07,0.0,DQN_RND,0.001,0.99,mountaincar,sparse
0,6786,-1.0,200,0.005667995195835829,-1.0,4.049342351208907e-06,0.0,DQN_RND,0.001,0.99,mountaincar,sparse
0,6787,-1.0,200,0.004962853621691465,-1.0,1.4406631407837267e-06,0.0,DQN_RND,0.001,0.99,mountaincar,sparse
0,6788,-1.0,200,0.004256000276654959,-1.0,7.674496487197757e-07,0.0,DQN_RND,0.001,0.99,mountaincar,sparse
0,6789,-1.0,200,0.0021263351663947105,-1.0,9.873105000224314e-07,0.0,DQN_RND,0.001,0.99,mountaincar,sparse
0,6790,-1.0,200,0.005668275989592075,-1.0,6.073152007957106e-07,0.0,DQN_RND,0.001,0.99,mountaincar,sparse
0,6791,-1.0,200,0.005674739368259907,-1.0,5.721907427869155e-07,0.0,DQN_RND,0.001,0.99,mountaincar,sparse
0,6792,-1.0,200,0.00496005779132247,-1.0,9.118261345975043e-07,0.0,DQN_RND,0.001,0.99,mountaincar,sparse
0,6793,-1.0,200,0.0035413370933383703,-1.0,5.92309447711159e-07,0.0,DQN_RND,0.001,0.99,mountaincar,sparse
0,6794,-1.0,200,0.0014215741539373994,-1.0,1.4385296935870429e-06,0.0,DQN_RND,0.001,0.99,mountaincar,sparse
0,6795,-1.0,200,0.002840249566361308,-1.0,6.268648462537385e-07,0.0,DQN_RND,0.001,0.99,mountaincar,sparse
0,6796,-1.0,200,0.00425832811743021,-1.0,3.998842203145614e-06,0.0,DQN_RND,0.001,0.99,mountaincar,sparse
0,6797,-1.0,200,0.002131042070686817,-1.0,6.410875244000636e-07,0.0,DQN_RND,0.001,0.99,mountaincar,sparse
0,6798,-1.0,200,0.0035439208149909973,-1.0,2.1531543552555377e-06,0.0,DQN_RND,0.001,0.99,mountaincar,sparse
0,6799,-1.0,200,0.002837597858160734,-1.0,6.313684366432426e-07,0.0,DQN_RND,0.001,0.99,mountaincar,sparse
0,6800,-1.0,200,0.0028370653744786978,-1.0,1.4697548067488242e-06,0.0,DQN_RND,0.001,0.99,mountaincar,sparse
0,6801,-1.0,200,0.001423539943061769,-1.0,1.3662433957506437e-06,0.0,DQN_RND,0.001,0.99,mountaincar,sparse
0,6802,-1.0,200,0.0014219819568097591,-1.0,3.2311313589161728e-06,0.0,DQN_RND,0.001,0.99,mountaincar,sparse
0,6803,-1.0,200,0.0035466772969812155,-1.0,6.546070494550804e-07,0.0,DQN_RND,0.001,0.99,mountaincar,sparse
0,6804,-1.0,200,0.002838808111846447,-1.0,6.285751510404225e-07,0.0,DQN_RND,0.001,0.99,mountaincar,sparse
0,6805,-1.0,200,0.0042553674429655075,-1.0,9.283041322305507e-07,0.0,DQN_RND,0.001,0.99,mountaincar,sparse
0,6806,-1.0,200,0.003543628379702568,-1.0,6.026716619089711e-07,0.0,DQN_RND,0.001,0.99,mountaincar,sparse
0,6807,-1.0,200,0.004955867305397987,-1.0,8.543344733880076e-07,0.0,DQN_RND,0.001,0.99,mountaincar,sparse
0,6808,-1.0,200,0.0035474325995892286,-1.0,1.37637687203096e-06,0.0,DQN_RND,0.001,0.99,mountaincar,sparse
0,6809,-1.0,200,0.0021317030768841505,-1.0,1.2323351938903215e-06,0.0,DQN_RND,0.001,0.99,mountaincar,sparse
0,6810,-1.0,200,0.0021316183265298605,-1.0,2.891855729103554e-06,0.0,DQN_RND,0.001,0.99,mountaincar,sparse
0,6811,-1.0,200,0.0056638275273144245,-1.0,8.338265615748242e-07,0.0,DQN_RND,0.001,0.99,mountaincar,sparse
0,6812,-1.0,200,0.0042549134232103825,-1.0,9.281325787924288e-07,0.0,DQN_RND,0.001,0.99,mountaincar,sparse
0,6813,-1.0,200,0.0021295659244060516,-1.0,5.928264386056981e-07,0.0,DQN_RND,0.001,0.99,mountaincar,sparse
0,6814,-1.0,200,0.002127021085470915,-1.0,6.624991328862961e-07,0.0,DQN_RND,0.001,0.99,mountaincar,sparse
0,6815,-1.0,200,0.002837768755853176,-1.0,5.987838562759862e-07,0.0,DQN_RND,0.001,0.99,mountaincar,sparse
0,6816,-1.0,200,0.0035414588637650013,-1.0,5.587406235463277e-07,0.0,DQN_RND,0.001,0.99,mountaincar,sparse
0,6817,-1.0,200,0.0014222337631508708,-1.0,2.129075255652424e-06,0.0,DQN_RND,0.001,0.99,mountaincar,sparse
0,6818,-1.0,200,0.0035431701689958572,-1.0,6.993277565925382e-07,0.0,DQN_RND,0.001,0.99,mountaincar,sparse
0,6819,-1.0,200,0.002128722844645381,-1.0,7.455992090399377e-07,0.0,DQN_RND,0.001,0.99,mountaincar,sparse
0,6820,-1.0,200,0.004959781654179096,-1.0,5.750006835114618e-07,0.0,DQN_RND,0.001,0.99,mountaincar,sparse
0,6821,-1.0,200,0.004253332503139973,-1.0,5.142912868905114e-07,0.0,DQN_RND,0.001,0.99,mountaincar,sparse
0,6822,-1.0,200,0.002832386875525117,-1.0,6.277012971622753e-07,0.0,DQN_RND,0.001,0.99,mountaincar,sparse
0,6823,-1.0,200,0.0014214712427929044,-1.0,1.3459191450237995e-06,0.0,DQN_RND,0.001,0.99,mountaincar,sparse
0,6824,-1.0,200,0.002836192026734352,-1.0,7.990278731995204e-07,0.0,DQN_RND,0.001,0.99,mountaincar,sparse
0,6825,-1.0,200,0.004959895741194487,-1.0,9.050737617144478e-07,0.0,DQN_RND,0.001,0.99,mountaincar,sparse
0,6826,-1.0,200,0.003543536178767681,-1.0,5.322162337506597e-07,0.0,DQN_RND,0.001,0.99,mountaincar,sparse
0,6827,-1.0,200,0.0028338513802736998,-1.0,5.272049747873098e-07,0.0,DQN_RND,0.001,0.99,mountaincar,sparse
0,6828,-1.0,200,0.006375037133693695,-1.0,5.439027290776721e-07,0.0,DQN_RND,0.001,0.99,mountaincar,sparse
0,6829,-1.0,200,0.002127481158822775,-1.0,1.0797414233820746e-06,0.0,DQN_RND,0.001,0.99,mountaincar,sparse
0,6830,-1.0,200,0.005666193552315235,-1.0,5.1067075901301e-07,0.0,DQN_RND,0.001,0.99,mountaincar,sparse
0,6831,-1.0,200,0.00353932473808527,-1.0,9.085209171644237e-07,0.0,DQN_RND,0.001,0.99,mountaincar,sparse
0,6832,-1.0,200,0.0035426230169832706,-1.0,6.435988666453341e-07,0.0,DQN_RND,0.001,0.99,mountaincar,sparse
0,6833,-1.0,200,0.00354156456887722,-1.0,4.413108399603516e-06,0.0,DQN_RND,0.001,0.99,mountaincar,sparse
0,6834,-1.0,200,0.004954840987920761,-1.0,8.096175179161946e-07,0.0,DQN_RND,0.001,0.99,mountaincar,sparse
0,6835,-1.0,200,0.0021248124539852142,-1.0,1.4280548157330486e-06,0.0,DQN_RND,0.001,0.99,mountaincar,sparse
0,6836,-1.0,200,0.002127191051840782,-1.0,7.674406106161769e-07,0.0,DQN_RND,0.001,0.99,mountaincar,sparse
0,6837,-1.0,200,0.0035395994782447815,-1.0,6.560684369105729e-07,0.0,DQN_RND,0.001,0.99,mountaincar,sparse
0,6838,-1.0,200,0.003542825812473893,-1.0,7.204386065495783e-07,0.0,DQN_RND,0.001,0.99,mountaincar,sparse
0,6839,-1.0,200,0.004244537092745304,-1.0,2.2976666969043436e-06,0.0,DQN_RND,0.001,0.99,mountaincar,sparse
0,6840,-1.0,200,0.004247886594384909,-1.0,5.396853339334484e-06,0.0,DQN_RND,0.001,0.99,mountaincar,sparse
0,6841,-1.0,200,0.0042490167543292046,-1.0,7.861935387154517e-07,0.0,DQN_RND,0.001,0.99,mountaincar,sparse
0,6842,-1.0,200,0.0014161181170493364,-1.0,2.1629236925946316e-06,0.0,DQN_RND,0.001,0.99,mountaincar,sparse
0,6843,-1.0,200,0.006371812429279089,-1.0,6.689919587188342e-07,0.0,DQN_RND,0.001,0.99,mountaincar,sparse
0,6844,-1.0,200,0.0035454556345939636,-1.0,7.5478482131075e-07,0.0,DQN_RND,0.001,0.99,mountaincar,sparse
0,6845,-1.0,200,0.002831048797816038,-1.0,5.501211148839502e-07,0.0,DQN_RND,0.001,0.99,mountaincar,sparse
0,6846,-1.0,200,0.0056630345061421394,-1.0,7.369113177446707e-07,0.0,DQN_RND,0.001,0.99,mountaincar,sparse
0,6847,-1.0,200,0.0035430449061095715,-1.0,2.2604097011935664e-06,0.0,DQN_RND,0.001,0.99,mountaincar,sparse
0,6848,-1.0,200,0.004248501267284155,-1.0,4.186355909041595e-06,0.0,DQN_RND,0.001,0.99,mountaincar,sparse
0,6849,-1.0,200,0.004952755756676197,-1.0,6.722642069689755e-07,0.0,DQN_RND,0.001,0.99,mountaincar,sparse
0,6850,-1.0,200,0.0021238455083221197,-1.0,4.352535256657575e-07,0.0,DQN_RND,0.001,0.99,mountaincar,sparse
0,6851,-1.0,200,0.004954241681843996,-1.0,5.66874234664283e-07,0.0,DQN_RND,0.001,0.99,mountaincar,sparse
0,6852,-1.0,200,0.004952107556164265,-1.0,4.929435135636595e-07,0.0,DQN_RND,0.001,0.99,mountaincar,sparse
0,6853,-1.0,200,0.0021240024361759424,-1.0,4.722864559880691e-06,0.0,DQN_RND,0.001,0.99,mountaincar,sparse
0,6854,-1.0,200,0.004245405085384846,-1.0,2.6630598313204246e-06,0.0,DQN_RND,0.001,0.99,mountaincar,sparse
0,6855,-1.0,200,0.00495117949321866,-1.0,8.322975872943061e-07,0.0,DQN_RND,0.001,0.99,mountaincar,sparse
0,6856,-1.0,200,0.0028299610130488873,-1.0,2.945976120827254e-07,0.0,DQN_RND,0.001,0.99,mountaincar,sparse
0,6857,-1.0,200,0.0035360814072191715,-1.0,6.9916450229357e-07,0.0,DQN_RND,0.001,0.99,mountaincar,sparse
0,6858,-1.0,200,0.0035366269294172525,-1.0,2.7382290568311873e-07,0.0,DQN_RND,0.001,0.99,mountaincar,sparse
0,6859,-1.0,200,0.003536907723173499,-1.0,2.790297060073499e-07,0.0,DQN_RND,0.001,0.99,mountaincar,sparse
0,6860,-1.0,200,0.0049493685364723206,-1.0,2.5807133852140396e-07,0.0,DQN_RND,0.001,0.99,mountaincar,sparse
0,6861,-1.0,200,0.004244284704327583,-1.0,1.3405162917479174e-06,0.0,DQN_RND,0.001,0.99,mountaincar,sparse
0,6862,-1.0,200,0.003534900024533272,-1.0,2.658802713995101e-06,0.0,DQN_RND,0.001,0.99,mountaincar,sparse
0,6863,-1.0,200,0.0014169681817293167,-1.0,4.5258087766342214e-07,0.0,DQN_RND,0.001,0.99,mountaincar,sparse
0,6864,-1.0,200,0.0014155016979202628,-1.0,3.5150287658325396e-07,0.0,DQN_RND,0.001,0.99,mountaincar,sparse
0,6865,-1.0,200,0.0028298350516706705,-1.0,5.027769702792284e-07,0.0,DQN_RND,0.001,0.99,mountaincar,sparse
0,6866,-1.0,200,0.00424156803637743,-1.0,6.349461614263419e-07,0.0,DQN_RND,0.001,0.99,mountaincar,sparse
0,6867,-1.0,200,0.0035346513614058495,-1.0,3.626470288509154e-07,0.0,DQN_RND,0.001,0.99,mountaincar,sparse
0,6868,-1.0,200,0.0021208063699305058,-1.0,5.763573653894127e-07,0.0,DQN_RND,0.001,0.99,mountaincar,sparse
0,6869,-1.0,200,0.002827852498739958,-1.0,5.403955469773791e-07,0.0,DQN_RND,0.001,0.99,mountaincar,sparse
0,6870,-1.0,200,0.004946977831423283,-1.0,2.3977263481356204e-06,0.0,DQN_RND,0.001,0.99,mountaincar,sparse
0,6871,-1.0,200,0.0028294511139392853,-1.0,8.673277420712111e-07,0.0,DQN_RND,0.001,0.99,mountaincar,sparse
0,6872,-1.0,200,0.002121675992384553,-1.0,8.437651217718667e-07,0.0,DQN_RND,0.001,0.99,mountaincar,sparse
0,6873,-1.0,200,0.003535036463290453,-1.0,4.935500328429043e-07,0.0,DQN_RND,0.001,0.99,mountaincar,sparse
0,6874,-1.0,200,0.0021213525906205177,-1.0,8.123573707052856e-07,0.0,DQN_RND,0.001,0.99,mountaincar,sparse
0,6875,-1.0,200,0.00353290350176394,-1.0,1.3749190657108556e-06,0.0,DQN_RND,0.001,0.99,mountaincar,sparse
0,6876,-1.0,200,0.0014154979726299644,-1.0,2.500042455721996e-06,0.0,DQN_RND,0.001,0.99,mountaincar,sparse
0,6877,-1.0,200,0.004240029025822878,-1.0,3.524938847476733e-06,0.0,DQN_RND,0.001,0.99,mountaincar,sparse
0,6878,-1.0,200,0.004946438129991293,-1.0,2.328680182017706e-07,0.0,DQN_RND,0.001,0.99,mountaincar,sparse
0,6879,-1.0,200,0.002826384734362364,-1.0,2.5778351187000226e-07,0.0,DQN_RND,0.001,0.99,mountaincar,sparse
0,6880,-1.0,200,0.0035332876723259687,-1.0,2.910185230575735e-07,0.0,DQN_RND,0.001,0.99,mountaincar,sparse
0,6881,-1.0,200,0.001415078528225422,-1.0,6.649783585999103e-07,0.0,DQN_RND,0.001,0.99,mountaincar,sparse
0,6882,-1.0,200,0.005650815553963184,-1.0,4.151086443471286e-07,0.0,DQN_RND,0.001,0.99,mountaincar,sparse
0,6883,-1.0,200,0.001415284350514412,-1.0,6.386495101651235e-07,0.0,DQN_RND,0.001,0.99,mountaincar,sparse
0,6884,-1.0,200,0.0049449969083070755,-1.0,8.052976454564487e-07,0.0,DQN_RND,0.001,0.99,mountaincar,sparse
0,6885,-1.0,200,0.004238317720592022,-1.0,1.3821278344039456e-06,0.0,DQN_RND,0.001,0.99,mountaincar,sparse
0,6886,-1.0,200,0.004241023678332567,-1.0,1.260189037566306e-06,0.0,DQN_RND,0.001,0.99,mountaincar,sparse
0,6887,-1.0,200,0.002120531862601638,-1.0,8.368267572222976e-07,0.0,DQN_RND,0.001,0.99,mountaincar,sparse
0,6888,-1.0,200,0.004237100947648287,-1.0,3.286776006916625e-07,0.0,DQN_RND,0.001,0.99,mountaincar,sparse
0,6889,-1.0,200,0.004943116568028927,-1.0,7.586572223772237e-07,0.0,DQN_RND,0.001,0.99,mountaincar,sparse
0,6890,-1.0,200,0.0056493827141821384,-1.0,2.5024692149600014e-06,0.0,DQN_RND,0.001,0.99,mountaincar,sparse
0,6891,-1.0,200,0.0028271335177123547,-1.0,4.489724005907192e-07,0.0,DQN_RND,0.001,0.99,mountaincar,sparse
0,6892,-1.0,200,0.003531070426106453,-1.0,2.5092086275435577e-07,0.0,DQN_RND,0.001,0.99,mountaincar,sparse
0,6893,-1.0,200,2.643615061970195e-06,-1.0,7.645006007805932e-06,0.0,DQN_RND,0.001,0.99,mountaincar,sparse
0,6894,-1.0,200,0.0035313107073307037,-1.0,1.416153622812999e-06,0.0,DQN_RND,0.001,0.99,mountaincar,sparse
0,6895,-1.0,200,0.004235995467752218,-1.0,5.268481118037016e-07,0.0,DQN_RND,0.001,0.99,mountaincar,sparse
0,6896,-1.0,200,0.004235103726387024,-1.0,4.083017302036751e-07,0.0,DQN_RND,0.001,0.99,mountaincar,sparse
0,6897,-1.0,200,0.004238122142851353,-1.0,2.1085394052988704e-07,0.0,DQN_RND,0.001,0.99,mountaincar,sparse
0,6898,-1.0,200,0.0028242296539247036,-1.0,4.324018618717673e-07,0.0,DQN_RND,0.001,0.99,mountaincar,sparse
0,6899,-1.0,200,0.002824764233082533,-1.0,4.629365776054328e-06,0.0,DQN_RND,0.001,0.99,mountaincar,sparse
0,6900,-1.0,200,0.003529592417180538,-1.0,3.1342560760094784e-06,0.0,DQN_RND,0.001,0.99,mountaincar,sparse
0,6901,-1.0,200,0.0021209167316555977,-1.0,2.4468524770782096e-06,0.0,DQN_RND,0.001,0.99,mountaincar,sparse
0,6902,-1.0,200,0.0035297435242682695,-1.0,2.954431295165705e-07,0.0,DQN_RND,0.001,0.99,mountaincar,sparse
0,6903,-1.0,200,0.004939623177051544,-1.0,8.539017244402203e-07,0.0,DQN_RND,0.001,0.99,mountaincar,sparse
0,6904,-1.0,200,0.007759127765893936,-1.0,3.187883237387723e-07,0.0,DQN_RND,0.001,0.99,mountaincar,sparse
0,6905,-1.0,200,0.0014127105241641402,-1.0,4.599643546043808e-07,0.0,DQN_RND,0.001,0.99,mountaincar,sparse
0,6906,-1.0,200,0.006348690018057823,-1.0,6.923186788299063e-07,0.0,DQN_RND,0.001,0.99,mountaincar,sparse
0,6907,-1.0,200,0.002117795404046774,-1.0,9.650725587562192e-07,0.0,DQN_RND,0.001,0.99,mountaincar,sparse
0,6908,-1.0,200,0.002824154682457447,-1.0,2.0813547507714247e-06,0.0,DQN_RND,0.001,0.99,mountaincar,sparse
0,6909,-1.0,200,0.0007074164459481835,-1.0,3.2695347726985347e-06,0.0,DQN_RND,0.001,0.99,mountaincar,sparse
0,6910,-1.0,200,0.006346594076603651,-1.0,1.4191214177117217e-06,0.0,DQN_RND,0.001,0.99,mountaincar,sparse
0,6911,-1.0,200,0.000707419472746551,-1.0,3.445520860623219e-06,0.0,DQN_RND,0.001,0.99,mountaincar,sparse
0,6912,-1.0,200,0.007756398990750313,-1.0,4.3764995893980085e-07,0.0,DQN_RND,0.001,0.99,mountaincar,sparse
0,6913,-1.0,200,0.0035262196324765682,-1.0,1.2586129969349713e-06,0.0,DQN_RND,0.001,0.99,mountaincar,sparse
0,6914,-1.0,200,0.004231966100633144,-1.0,3.3647199870756594e-06,0.0,DQN_RND,0.001,0.99,mountaincar,sparse
0,6915,-1.0,200,0.002115925308316946,-1.0,3.6128933516010875e-06,0.0,DQN_RND,0.001,0.99,mountaincar,sparse
0,6916,-1.0,200,0.00422997260466218,-1.0,1.456770206686997e-07,0.0,DQN_RND,0.001,0.99,mountaincar,sparse
0,6917,-1.0,200,0.004233361221849918,-1.0,8.918085541154142e-07,0.0,DQN_RND,0.001,0.99,mountaincar,sparse
0,6918,-1.0,200,0.0014119984116405249,-1.0,2.700820971313078e-07,0.0,DQN_RND,0.001,0.99,mountaincar,sparse
0,6919,-1.0,200,0.007046927232295275,-1.0,3.773622665903531e-06,0.0,DQN_RND,0.001,0.99,mountaincar,sparse
0,6920,-1.0,200,0.0028205239214003086,-1.0,8.216957212425768e-07,0.0,DQN_RND,0.001,0.99,mountaincar,sparse
0,6921,-1.0,200,0.004935149103403091,-1.0,3.591474353470403e-07,0.0,DQN_RND,0.001,0.99,mountaincar,sparse
0,6922,-1.0,200,0.0014120650012046099,-1.0,6.693705358884472e-07,0.0,DQN_RND,0.001,0.99,mountaincar,sparse
0,6923,-1.0,200,0.0021161462645977736,-1.0,1.4404908199594502e-07,0.0,DQN_RND,0.001,0.99,mountaincar,sparse
0,6924,-1.0,200,0.0021166037768125534,-1.0,2.2115371223208058e-07,0.0,DQN_RND,0.001,0.99,mountaincar,sparse
0,6925,-1.0,200,0.002820506924763322,-1.0,3.914424837603292e-07,0.0,DQN_RND,0.001,0.99,mountaincar,sparse
0,6926,-1.0,200,0.0028192398604005575,-1.0,1.4842903510725591e-06,0.0,DQN_RND,0.001,0.99,mountaincar,sparse
0,6927,-1.0,200,0.002820426132529974,-1.0,2.1517085713185224e-07,0.0,DQN_RND,0.001,0.99,mountaincar,sparse
0,6928,-1.0,200,0.0014106117887422442,-1.0,2.480015382388956e-06,0.0,DQN_RND,0.001,0.99,mountaincar,sparse
0,6929,-1.0,200,0.0035245821345597506,-1.0,1.0446464102642494e-06,0.0,DQN_RND,0.001,0.99,mountaincar,sparse
0,6930,-1.0,200,0.005635812412947416,-1.0,2.026993342951755e-06,0.0,DQN_RND,0.001,0.99,mountaincar,sparse
0,6931,-1.0,200,0.002821829169988632,-1.0,1.3062568768873462e-06,0.0,DQN_RND,0.001,0.99,mountaincar,sparse
0,6932,-1.0,200,0.004227008204907179,-1.0,2.2206037897376518e-07,0.0,DQN_RND,0.001,0.99,mountaincar,sparse
0,6933,-1.0,200,0.004228811711072922,-1.0,2.3951461116666906e-06,0.0,DQN_RND,0.001,0.99,mountaincar,sparse
0,6934,-1.0,200,0.00422715162858367,-1.0,3.10800965053204e-06,0.0,DQN_RND,0.001,0.99,mountaincar,sparse
0,6935,-1.0,200,0.004225979093462229,-1.0,1.6657476180625963e-06,0.0,DQN_RND,0.001,0.99,mountaincar,sparse
0,6936,-1.0,200,0.0021154482383280993,-1.0,1.309822096118296e-06,0.0,DQN_RND,0.001,0.99,mountaincar,sparse
0,6937,-1.0,200,0.004224537871778011,-1.0,2.7666965252137743e-07,0.0,DQN_RND,0.001,0.99,mountaincar,sparse
0,6938,-1.0,200,0.0007066457765176892,-1.0,2.768108515738277e-07,0.0,DQN_RND,0.001,0.99,mountaincar,sparse
0,6939,-1.0,200,0.002116164192557335,-1.0,7.328007427531702e-07,0.0,DQN_RND,0.001,0.99,mountaincar,sparse
0,6940,-1.0,200,0.002114715985953808,-1.0,1.205106627821806e-07,0.0,DQN_RND,0.001,0.99,mountaincar,sparse
0,6941,-1.0,200,0.0014122563879936934,-1.0,9.468897701481183e-07,0.0,DQN_RND,0.001,0.99,mountaincar,sparse
0,6942,-1.0,200,0.0028185194823890924,-1.0,3.894914470947697e-07,0.0,DQN_RND,0.001,0.99,mountaincar,sparse
0,6943,-1.0,200,0.0021148878149688244,-1.0,9.268451321986504e-07,0.0,DQN_RND,0.001,0.99,mountaincar,sparse
0,6944,-1.0,200,0.0021156147122383118,-1.0,3.084042532464082e-07,0.0,DQN_RND,0.001,0.99,mountaincar,sparse
0,6945,-1.0,200,0.0070417639799416065,-1.0,6.602594453397614e-07,0.0,DQN_RND,0.001,0.99,mountaincar,sparse
0,6946,-1.0,200,0.005635732319205999,-1.0,1.1498078720251215e-06,0.0,DQN_RND,0.001,0.99,mountaincar,sparse
0,6947,-1.0,200,0.0028203437104821205,-1.0,2.220536714503396e-07,0.0,DQN_RND,0.001,0.99,mountaincar,sparse
0,6948,-1.0,200,0.0035203220322728157,-1.0,1.0341926781620714e-06,0.0,DQN_RND,0.001,0.99,mountaincar,sparse
0,6949,-1.0,200,0.0021154035348445177,-1.0,1.1680489819809736e-07,0.0,DQN_RND,0.001,0.99,mountaincar,sparse
0,6950,-1.0,200,0.004224549047648907,-1.0,4.6527176777999557e-07,0.0,DQN_RND,0.001,0.99,mountaincar,sparse
0,6951,-1.0,200,0.002817517379298806,-1.0,1.6863226903751638e-07,0.0,DQN_RND,0.001,0.99,mountaincar,sparse
0,6952,-1.0,200,0.003520760452374816,-1.0,4.003203684987966e-06,0.0,DQN_RND,0.001,0.99,mountaincar,sparse
0,6953,-1.0,200,0.00351908802986145,-1.0,9.988134479499422e-07,0.0,DQN_RND,0.001,0.99,mountaincar,sparse
0,6954,-1.0,200,0.0021148521918803453,-1.0,4.0928890143732133e-07,0.0,DQN_RND,0.001,0.99,mountaincar,sparse
0,6955,-1.0,200,0.001410054974257946,-1.0,3.525842089402431e-07,0.0,DQN_RND,0.001,0.99,mountaincar,sparse
0,6956,-1.0,200,0.004224248696118593,-1.0,3.022046541900636e-07,0.0,DQN_RND,0.001,0.99,mountaincar,sparse
0,6957,-1.0,200,0.0014102793065831065,-1.0,3.8857373851897137e-07,0.0,DQN_RND,0.001,0.99,mountaincar,sparse
0,6958,-1.0,200,0.004223992116749287,-1.0,8.294178428513987e-07,0.0,DQN_RND,0.001,0.99,mountaincar,sparse
0,6959,-1.0,200,0.006338130682706833,-1.0,1.2446687946976454e-07,0.0,DQN_RND,0.001,0.99,mountaincar,sparse
0,6960,-1.0,200,0.004220801405608654,-1.0,5.845578243679483e-07,0.0,DQN_RND,0.001,0.99,mountaincar,sparse
0,6961,-1.0,200,0.004222726449370384,-1.0,3.809578288382909e-07,0.0,DQN_RND,0.001,0.99,mountaincar,sparse
0,6962,-1.0,200,0.002817832864820957,-1.0,3.399098886802676e-06,0.0,DQN_RND,0.001,0.99,mountaincar,sparse
0,6963,-1.0,200,0.006336939055472612,-1.0,1.8657647160580382e-07,0.0,DQN_RND,0.001,0.99,mountaincar,sparse
0,6964,-1.0,200,0.004222856368869543,-1.0,5.38118854365166e-07,0.0,DQN_RND,0.001,0.99,mountaincar,sparse
0,6965,-1.0,200,0.002815898507833481,-1.0,1.2221111092003412e-06,0.0,DQN_RND,0.001,0.99,mountaincar,sparse
0,6966,-1.0,200,0.003522206097841263,-1.0,4.1596518940423266e-07,0.0,DQN_RND,0.001,0.99,mountaincar,sparse
0,6967,-1.0,200,0.0028168032877147198,-1.0,1.4130620229479973e-07,0.0,DQN_RND,0.001,0.99,mountaincar,sparse
0,6968,-1.0,200,0.005628863349556923,-1.0,3.90103480185644e-07,0.0,DQN_RND,0.001,0.99,mountaincar,sparse
0,6969,-1.0,200,0.002817025873810053,-1.0,2.6944479714074987e-07,0.0,DQN_RND,0.001,0.99,mountaincar,sparse
0,6970,-1.0,200,0.002111670793965459,-1.0,1.7621508732190705e-06,0.0,DQN_RND,0.001,0.99,mountaincar,sparse
0,6971,-1.0,200,0.004223573952913284,-1.0,7.709008400524908e-07,0.0,DQN_RND,0.001,0.99,mountaincar,sparse
0,6972,-1.0,200,0.0021151434630155563,-1.0,8.083555940174847e-07,0.0,DQN_RND,0.001,0.99,mountaincar,sparse
0,6973,-1.0,200,0.004924264270812273,-1.0,1.054535871958251e-07,0.0,DQN_RND,0.001,0.99,mountaincar,sparse
0,6974,-1.0,200,0.004923328757286072,-1.0,1.455082951906661e-06,0.0,DQN_RND,0.001,0.99,mountaincar,sparse
0,6975,-1.0,200,0.004922771826386452,-1.0,6.296004357864149e-07,0.0,DQN_RND,0.001,0.99,mountaincar,sparse
0,6976,-1.0,200,0.00492645101621747,-1.0,2.022987473537796e-06,0.0,DQN_RND,0.001,0.99,mountaincar,sparse
0,6977,-1.0,200,0.004223523195832968,-1.0,7.712515071034431e-07,0.0,DQN_RND,0.001,0.99,mountaincar,sparse
0,6978,-1.0,200,0.0014116329839453101,-1.0,9.505421871836006e-07,0.0,DQN_RND,0.001,0.99,mountaincar,sparse
0,6979,-1.0,200,0.004923929460346699,-1.0,1.4891708133291104e-06,0.0,DQN_RND,0.001,0.99,mountaincar,sparse
0,6980,-1.0,200,0.002817204687744379,-1.0,2.904672783188289e-06,0.0,DQN_RND,0.001,0.99,mountaincar,sparse
0,6981,-1.0,200,0.0035171452909708023,-1.0,1.5510930779782939e-06,0.0,DQN_RND,0.001,0.99,mountaincar,sparse
0,6982,-1.0,200,0.0035209394991397858,-1.0,4.712444479082478e-07,0.0,DQN_RND,0.001,0.99,mountaincar,sparse
0,6983,-1.0,200,4.268002157914452e-06,-1.0,2.202150142238679e-07,0.0,DQN_RND,0.001,0.99,mountaincar,sparse
0,6984,-1.0,200,0.003521923441439867,-1.0,6.097700406826334e-07,0.0,DQN_RND,0.001,0.99,mountaincar,sparse
0,6985,-1.0,200,0.000707011204212904,-1.0,1.0885722758757765e-06,0.0,DQN_RND,0.001,0.99,mountaincar,sparse
0,6986,-1.0,200,0.003520653350278735,-1.0,3.457596733369428e-07,0.0,DQN_RND,0.001,0.99,mountaincar,sparse
0,6987,-1.0,200,0.002113138558343053,-1.0,5.772191116193426e-07,0.0,DQN_RND,0.001,0.99,mountaincar,sparse
0,6988,-1.0,200,0.0035182430874556303,-1.0,5.723764502363338e-07,0.0,DQN_RND,0.001,0.99,mountaincar,sparse
0,6989,-1.0,200,0.004923899658024311,-1.0,3.605234439874039e-07,0.0,DQN_RND,0.001,0.99,mountaincar,sparse
0,6990,-1.0,200,0.004925678484141827,-1.0,8.284528121293988e-07,0.0,DQN_RND,0.001,0.99,mountaincar,sparse
0,6991,-1.0,200,0.002815660322085023,-1.0,1.1938425359403482e-06,0.0,DQN_RND,0.001,0.99,mountaincar,sparse
0,6992,-1.0,200,0.0014083258574828506,-1.0,1.5864966940171144e-07,0.0,DQN_RND,0.001,0.99,mountaincar,sparse
0,6993,-1.0,200,0.002816862892359495,-1.0,6.516264079436951e-07,0.0,DQN_RND,0.001,0.99,mountaincar,sparse
0,6994,-1.0,200,0.002818816341459751,-1.0,1.3319932179456373e-07,0.0,DQN_RND,0.001,0.99,mountaincar,sparse
0,6995,-1.0,200,0.0035177418030798435,-1.0,2.559833092163899e-07,0.0,DQN_RND,0.001,0.99,mountaincar,sparse
0,6996,-1.0,200,0.0035188968759030104,-1.0,1.6815948811199632e-06,0.0,DQN_RND,0.001,0.99,mountaincar,sparse
0,6997,-1.0,200,0.0014081187546253204,-1.0,1.0678236321837176e-06,0.0,DQN_RND,0.001,0.99,mountaincar,sparse
0,6998,-1.0,200,0.004220724571496248,-1.0,2.162801564509209e-07,0.0,DQN_RND,0.001,0.99,mountaincar,sparse
0,6999,-1.0,200,0.004218748304992914,-1.0,1.0587707492959453e-06,0.0,DQN_RND,0.001,0.99,mountaincar,sparse
0,7000,-1.0,200,0.00211107125505805,-1.0,9.145445005742658e-07,0.0,DQN_RND,0.001,0.99,mountaincar,sparse
0,7001,-1.0,200,0.0021135983988642693,-1.0,1.3491751360561466e-06,0.0,DQN_RND,0.001,0.99,mountaincar,sparse
0,7002,-1.0,200,0.0014081611298024654,-1.0,1.002213707579358e-06,0.0,DQN_RND,0.001,0.99,mountaincar,sparse
0,7003,-1.0,200,0.006327028851956129,-1.0,1.1575004918995546e-06,0.0,DQN_RND,0.001,0.99,mountaincar,sparse
0,7004,-1.0,200,0.001408567070029676,-1.0,1.0214964731858345e-06,0.0,DQN_RND,0.001,0.99,mountaincar,sparse
0,7005,-1.0,200,0.004918377846479416,-1.0,2.6548575533524854e-06,0.0,DQN_RND,0.001,0.99,mountaincar,sparse
0,7006,-1.0,200,0.004220000002533197,-1.0,2.6230804905935656e-07,0.0,DQN_RND,0.001,0.99,mountaincar,sparse
0,7007,-1.0,200,0.00492069311439991,-1.0,9.95790287561249e-07,0.0,DQN_RND,0.001,0.99,mountaincar,sparse
0,7008,-1.0,200,0.006324296817183495,-1.0,2.2416897991206497e-06,0.0,DQN_RND,0.001,0.99,mountaincar,sparse
0,7009,-1.0,200,0.0028103238437324762,-1.0,1.2868258636444807e-06,0.0,DQN_RND,0.001,0.99,mountaincar,sparse
0,7010,-1.0,200,0.004918060731142759,-1.0,3.8858436823829834e-07,0.0,DQN_RND,0.001,0.99,mountaincar,sparse
0,7011,-1.0,200,0.007731186226010323,-1.0,4.5523319158746745e-07,0.0,DQN_RND,0.001,0.99,mountaincar,sparse
0,7012,-1.0,200,0.0035150577314198017,-1.0,1.437154253380868e-07,0.0,DQN_RND,0.001,0.99,mountaincar,sparse
0,7013,-1.0,200,0.0056224241852760315,-1.0,6.207387173162715e-07,0.0,DQN_RND,0.001,0.99,mountaincar,sparse
0,7014,-1.0,200,0.0028118256013840437,-1.0,2.725029162320425e-06,0.0,DQN_RND,0.001,0.99,mountaincar,sparse
0,7015,-1.0,200,0.006323527544736862,-1.0,5.632517172671214e-07,0.0,DQN_RND,0.001,0.99,mountaincar,sparse
0,7016,-1.0,200,0.005622276104986668,-1.0,6.50167692128889e-07,0.0,DQN_RND,0.001,0.99,mountaincar,sparse
0,7017,-1.0,200,0.005623665638267994,-1.0,8.639894417683536e-07,0.0,DQN_RND,0.001,0.99,mountaincar,sparse
0,7018,-1.0,200,0.004213398322463036,-1.0,1.8893732089964033e-07,0.0,DQN_RND,0.001,0.99,mountaincar,sparse
0,7019,-1.0,200,0.0028100486379116774,-1.0,1.47629066304944e-07,0.0,DQN_RND,0.001,0.99,mountaincar,sparse
0,7020,-1.0,200,0.004212467931210995,-1.0,5.521774255612399e-07,0.0,DQN_RND,0.001,0.99,mountaincar,sparse
0,7021,-1.0,200,0.0028113152366131544,-1.0,6.302645942923846e-07,0.0,DQN_RND,0.001,0.99,mountaincar,sparse
0,7022,-1.0,200,0.004914405755698681,-1.0,9.158240459328226e-07,0.0,DQN_RND,0.001,0.99,mountaincar,sparse
0,7023,-1.0,200,0.004919328261166811,-1.0,6.693954901493271e-07,0.0,DQN_RND,0.001,0.99,mountaincar,sparse
0,7024,-1.0,200,0.0035136297810822725,-1.0,2.4838991521392018e-06,0.0,DQN_RND,0.001,0.99,mountaincar,sparse
0,7025,-1.0,200,0.0035125738941133022,-1.0,2.2761532818549313e-06,0.0,DQN_RND,0.001,0.99,mountaincar,sparse
0,7026,-1.0,200,0.001407126197591424,-1.0,3.0058727134019136e-06,0.0,DQN_RND,0.001,0.99,mountaincar,sparse
0,7027,-1.0,200,0.002809356665238738,-1.0,5.556643145609996e-07,0.0,DQN_RND,0.001,0.99,mountaincar,sparse
0,7028,-1.0,200,0.002812554594129324,-1.0,4.369903194856306e-07,0.0,DQN_RND,0.001,0.99,mountaincar,sparse
0,7029,-1.0,200,0.004916585050523281,-1.0,6.063426098990021e-07,0.0,DQN_RND,0.001,0.99,mountaincar,sparse
0,7030,-1.0,200,0.000704148318618536,-1.0,3.914934154636285e-07,0.0,DQN_RND,0.001,0.99,mountaincar,sparse
0,7031,-1.0,200,0.0035127748269587755,-1.0,6.430658459066763e-07,0.0,DQN_RND,0.001,0.99,mountaincar,sparse
0,7032,-1.0,200,0.00491504417732358,-1.0,2.403135397344158e-07,0.0,DQN_RND,0.001,0.99,mountaincar,sparse
0,7033,-1.0,200,0.004916476551443338,-1.0,1.790762667042145e-06,0.0,DQN_RND,0.001,0.99,mountaincar,sparse
0,7034,-1.0,200,0.0028095620218664408,-1.0,1.270890720661555e-06,0.0,DQN_RND,0.001,0.99,mountaincar,sparse
0,7035,-1.0,200,0.00280951289460063,-1.0,6.989196776885365e-07,0.0,DQN_RND,0.001,0.99,mountaincar,sparse
0,7036,-1.0,200,0.0035145587753504515,-1.0,2.7156397663929965e-07,0.0,DQN_RND,0.001,0.99,mountaincar,sparse
0,7037,-1.0,200,0.0035117007791996002,-1.0,2.260036580992164e-06,0.0,DQN_RND,0.001,0.99,mountaincar,sparse
0,7038,-1.0,200,0.004213972017168999,-1.0,1.9967146158705873e-07,0.0,DQN_RND,0.001,0.99,mountaincar,sparse
0,7039,-1.0,200,0.0014043704140931368,-1.0,3.141879858503671e-07,0.0,DQN_RND,0.001,0.99,mountaincar,sparse
0,7040,-1.0,200,0.0021067652851343155,-1.0,3.528006971009745e-07,0.0,DQN_RND,0.001,0.99,mountaincar,sparse
0,7041,-1.0,200,0.002806349890306592,-1.0,3.4980752161573037e-07,0.0,DQN_RND,0.001,0.99,mountaincar,sparse
0,7042,-1.0,200,0.0035132316406816244,-1.0,4.908976620754402e-07,0.0,DQN_RND,0.001,0.99,mountaincar,sparse
0,7043,-1.0,200,0.003514569718390703,-1.0,3.682371811919438e-07,0.0,DQN_RND,0.001,0.99,mountaincar,sparse
0,7044,-1.0,200,0.0035088835284113884,-1.0,3.273939910286572e-07,0.0,DQN_RND,0.001,0.99,mountaincar,sparse
0,7045,-1.0,200,0.0049126665107905865,-1.0,4.978272158950858e-07,0.0,DQN_RND,0.001,0.99,mountaincar,sparse
0,7046,-1.0,200,0.003510034643113613,-1.0,3.011442117895058e-07,0.0,DQN_RND,0.001,0.99,mountaincar,sparse
0,7047,-1.0,200,0.003507934045046568,-1.0,1.7153926989976753e-07,0.0,DQN_RND,0.001,0.99,mountaincar,sparse
0,7048,-1.0,200,0.003510365029796958,-1.0,2.557073344178207e-07,0.0,DQN_RND,0.001,0.99,mountaincar,sparse
0,7049,-1.0,200,0.004214320331811905,-1.0,1.4022874665897689e-06,0.0,DQN_RND,0.001,0.99,mountaincar,sparse
0,7050,-1.0,200,0.00771976076066494,-1.0,1.8681970459510922e-06,0.0,DQN_RND,0.001,0.99,mountaincar,sparse
0,7051,-1.0,200,0.005615955218672752,-1.0,1.47901857872057e-07,0.0,DQN_RND,0.001,0.99,mountaincar,sparse
0,7052,-1.0,200,0.0035095172934234142,-1.0,3.96391578760813e-06,0.0,DQN_RND,0.001,0.99,mountaincar,sparse
0,7053,-1.0,200,0.0035084064584225416,-1.0,9.972728776119766e-07,0.0,DQN_RND,0.001,0.99,mountaincar,sparse
0,7054,-1.0,200,0.00350798387080431,-1.0,2.89276556486584e-07,0.0,DQN_RND,0.001,0.99,mountaincar,sparse
0,7055,-1.0,200,0.002105663763359189,-1.0,5.587185825106644e-08,0.0,DQN_RND,0.001,0.99,mountaincar,sparse
0,7056,-1.0,200,0.006311260163784027,-1.0,1.5725996718174429e-06,0.0,DQN_RND,0.001,0.99,mountaincar,sparse
0,7057,-1.0,200,0.003507763147354126,-1.0,9.183855098626736e-08,0.0,DQN_RND,0.001,0.99,mountaincar,sparse
0,7058,-1.0,200,0.004907951690256596,-1.0,7.345818175963359e-07,0.0,DQN_RND,0.001,0.99,mountaincar,sparse
0,7059,-1.0,200,0.003506230656057596,-1.0,3.842256319330772e-06,0.0,DQN_RND,0.001,0.99,mountaincar,sparse
0,7060,-1.0,200,0.0007030309643596411,-1.0,6.168513522197827e-08,0.0,DQN_RND,0.001,0.99,mountaincar,sparse
0,7061,-1.0,200,0.0028063582722097635,-1.0,1.019187266138033e-06,0.0,DQN_RND,0.001,0.99,mountaincar,sparse
0,7062,-1.0,200,0.006310601718723774,-1.0,1.8489184867576114e-06,0.0,DQN_RND,0.001,0.99,mountaincar,sparse
0,7063,-1.0,200,0.0014056062791496515,-1.0,7.25546328794735e-07,0.0,DQN_RND,0.001,0.99,mountaincar,sparse
0,7064,-1.0,200,0.007707132957875729,-1.0,3.5547059269447345e-06,0.0,DQN_RND,0.001,0.99,mountaincar,sparse
0,7065,-1.0,200,0.0035046706907451153,-1.0,8.738921337680949e-07,0.0,DQN_RND,0.001,0.99,mountaincar,sparse
0,7066,-1.0,200,0.001408606069162488,-1.0,2.0539814613584895e-06,0.0,DQN_RND,0.001,0.99,mountaincar,sparse
0,7067,-1.0,200,0.0007037654286250472,-1.0,6.270441303968255e-07,0.0,DQN_RND,0.001,0.99,mountaincar,sparse
0,7068,-1.0,200,0.0014053529594093561,-1.0,2.185562806289454e-07,0.0,DQN_RND,0.001,0.99,mountaincar,sparse
0,7069,-1.0,200,0.005606883205473423,-1.0,4.263383601710302e-08,0.0,DQN_RND,0.001,0.99,mountaincar,sparse
0,7070,-1.0,200,0.004907495342195034,-1.0,4.645193030228256e-07,0.0,DQN_RND,0.001,0.99,mountaincar,sparse
0,7071,-1.0,200,0.00490709999576211,-1.0,2.5400944991815777e-07,0.0,DQN_RND,0.001,0.99,mountaincar,sparse
0,7072,-1.0,200,0.004204801749438047,-1.0,1.1816097185146646e-06,0.0,DQN_RND,0.001,0.99,mountaincar,sparse
0,7073,-1.0,200,0.0014048118609935045,-1.0,2.083319031953579e-06,0.0,DQN_RND,0.001,0.99,mountaincar,sparse
0,7074,-1.0,200,0.0035067121498286724,-1.0,1.2589498510351405e-06,0.0,DQN_RND,0.001,0.99,mountaincar,sparse
0,7075,-1.0,200,0.003506409004330635,-1.0,1.8879753724831971e-06,0.0,DQN_RND,0.001,0.99,mountaincar,sparse
0,7076,-1.0,200,0.004904523026198149,-1.0,3.2634054036861926e-07,0.0,DQN_RND,0.001,0.99,mountaincar,sparse
0,7077,-1.0,200,0.0007042015786282718,-1.0,7.885863055889786e-07,0.0,DQN_RND,0.001,0.99,mountaincar,sparse
0,7078,-1.0,200,0.0035035694018006325,-1.0,5.286737447818268e-08,0.0,DQN_RND,0.001,0.99,mountaincar,sparse
0,7079,-1.0,200,0.0028063494246453047,-1.0,9.275291859012214e-07,0.0,DQN_RND,0.001,0.99,mountaincar,sparse
0,7080,-1.0,200,0.0028059380128979683,-1.0,2.3494258130085655e-06,0.0,DQN_RND,0.001,0.99,mountaincar,sparse
0,7081,-1.0,200,0.005605628713965416,-1.0,2.1554610896146187e-07,0.0,DQN_RND,0.001,0.99,mountaincar,sparse
0,7082,-1.0,200,0.0028034416027367115,-1.0,5.006104402127676e-07,0.0,DQN_RND,0.001,0.99,mountaincar,sparse
0,7083,-1.0,200,0.003506249748170376,-1.0,7.162709607655415e-07,0.0,DQN_RND,0.001,0.99,mountaincar,sparse
0,7084,-1.0,200,0.0028074216097593307,-1.0,1.01131001883914e-06,0.0,DQN_RND,0.001,0.99,mountaincar,sparse
0,7085,-1.0,200,0.0021039138082414865,-1.0,2.753467640559393e-07,0.0,DQN_RND,0.001,0.99,mountaincar,sparse
0,7086,-1.0,200,0.0014051710022613406,-1.0,5.016921988953982e-08,0.0,DQN_RND,0.001,0.99,mountaincar,sparse
0,7087,-1.0,200,0.0035031880252063274,-1.0,4.906826234218897e-08,0.0,DQN_RND,0.001,0.99,mountaincar,sparse
0,7088,-1.0,200,0.0021023391745984554,-1.0,1.0373579470979166e-06,0.0,DQN_RND,0.001,0.99,mountaincar,sparse
0,7089,-1.0,200,0.002804648131132126,-1.0,8.046758352975303e-07,0.0,DQN_RND,0.001,0.99,mountaincar,sparse
0,7090,-1.0,200,0.00350266695022583,-1.0,5.566446816374082e-06,0.0,DQN_RND,0.001,0.99,mountaincar,sparse
0,7091,-1.0,200,0.002102380385622382,-1.0,2.7832211344502866e-06,0.0,DQN_RND,0.001,0.99,mountaincar,sparse
0,7092,-1.0,200,0.003500516526401043,-1.0,1.3827539646626974e-07,0.0,DQN_RND,0.001,0.99,mountaincar,sparse
0,7093,-1.0,200,0.0014039319939911366,-1.0,1.2468644854379818e-06,0.0,DQN_RND,0.001,0.99,mountaincar,sparse
0,7094,-1.0,200,0.0028027540538460016,-1.0,1.213727955473587e-06,0.0,DQN_RND,0.001,0.99,mountaincar,sparse
0,7095,-1.0,200,0.0035023032687604427,-1.0,4.7362981092646805e-08,0.0,DQN_RND,0.001,0.99,mountaincar,sparse
0,7096,-1.0,200,0.003504283493384719,-1.0,2.8119511625845917e-06,0.0,DQN_RND,0.001,0.99,mountaincar,sparse
0,7097,-1.0,200,0.001404274138621986,-1.0,3.59541445504874e-07,0.0,DQN_RND,0.001,0.99,mountaincar,sparse
0,7098,-1.0,200,0.006303486414253712,-1.0,6.33879835731932e-07,0.0,DQN_RND,0.001,0.99,mountaincar,sparse
0,7099,-1.0,200,0.0069986372254788876,-1.0,1.4445697615883546e-06,0.0,DQN_RND,0.001,0.99,mountaincar,sparse
0,7100,-1.0,200,0.003501137485727668,-1.0,7.556454306723026e-07,0.0,DQN_RND,0.001,0.99,mountaincar,sparse
0,7101,-1.0,200,0.0021030292846262455,-1.0,5.678651504581467e-08,0.0,DQN_RND,0.001,0.99,mountaincar,sparse
0,7102,-1.0,200,0.0014036446809768677,-1.0,1.8510996824261383e-07,0.0,DQN_RND,0.001,0.99,mountaincar,sparse
0,7103,-1.0,200,0.002105702180415392,-1.0,1.1887971140822629e-06,0.0,DQN_RND,0.001,0.99,mountaincar,sparse
0,7104,-1.0,200,0.004201492760330439,-1.0,1.2517533605205244e-06,0.0,DQN_RND,0.001,0.99,mountaincar,sparse
0,7105,-1.0,200,0.003501487895846367,-1.0,4.948260823312012e-08,0.0,DQN_RND,0.001,0.99,mountaincar,sparse
0,7106,-1.0,200,0.0035007258411496878,-1.0,8.537264193364535e-07,0.0,DQN_RND,0.001,0.99,mountaincar,sparse
0,7107,-1.0,200,0.0014043028932064772,-1.0,2.248226564915967e-06,0.0,DQN_RND,0.001,0.99,mountaincar,sparse
0,7108,-1.0,200,0.0021050418727099895,-1.0,5.262598278932273e-06,0.0,DQN_RND,0.001,0.99,mountaincar,sparse
0,7109,-1.0,200,0.00489930622279644,-1.0,6.30670740520145e-07,0.0,DQN_RND,0.001,0.99,mountaincar,sparse
0,7110,-1.0,200,0.004902240354567766,-1.0,9.426803160295094e-08,0.0,DQN_RND,0.001,0.99,mountaincar,sparse
0,7111,-1.0,200,0.004202128387987614,-1.0,1.5440260767718428e-06,0.0,DQN_RND,0.001,0.99,mountaincar,sparse
0,7112,-1.0,200,0.004200495779514313,-1.0,1.0370741847509635e-06,0.0,DQN_RND,0.001,0.99,mountaincar,sparse
0,7113,-1.0,200,0.0035018485505133867,-1.0,3.822796372787707e-07,0.0,DQN_RND,0.001,0.99,mountaincar,sparse
0,7114,-1.0,200,0.0028020977042615414,-1.0,2.4422668047918705e-06,0.0,DQN_RND,0.001,0.99,mountaincar,sparse
0,7115,-1.0,200,0.0021033703815191984,-1.0,7.581475074402988e-07,0.0,DQN_RND,0.001,0.99,mountaincar,sparse
0,7116,-1.0,200,0.002102913334965706,-1.0,1.0934135019624591e-07,0.0,DQN_RND,0.001,0.99,mountaincar,sparse
0,7117,-1.0,200,0.004199511371552944,-1.0,8.246217930718558e-08,0.0,DQN_RND,0.001,0.99,mountaincar,sparse
0,7118,-1.0,200,0.004200037568807602,-1.0,2.3332265755016124e-06,0.0,DQN_RND,0.001,0.99,mountaincar,sparse
0,7119,-1.0,200,0.003500497667118907,-1.0,1.560233044983761e-07,0.0,DQN_RND,0.001,0.99,mountaincar,sparse
0,7120,-1.0,200,0.004897755105048418,-1.0,7.566411142079232e-08,0.0,DQN_RND,0.001,0.99,mountaincar,sparse
0,7121,-1.0,200,0.0042009614408016205,-1.0,3.0250801046349807e-06,0.0,DQN_RND,0.001,0.99,mountaincar,sparse
0,7122,-1.0,200,0.0021023715380579233,-1.0,5.5893142558716136e-08,0.0,DQN_RND,0.001,0.99,mountaincar,sparse
0,7123,-1.0,200,0.004206988960504532,-1.0,1.2039897683280287e-06,0.0,DQN_RND,0.001,0.99,mountaincar,sparse
0,7124,-1.0,200,0.004901203792542219,-1.0,2.244385314043029e-06,0.0,DQN_RND,0.001,0.99,mountaincar,sparse
0,7125,-1.0,200,0.002102036029100418,-1.0,4.913341058454535e-07,0.0,DQN_RND,0.001,0.99,mountaincar,sparse
0,7126,-1.0,200,0.0041989609599113464,-1.0,6.49001776764635e-07,0.0,DQN_RND,0.001,0.99,mountaincar,sparse
0,7127,-1.0,200,0.0055996691808104515,-1.0,2.529503490222851e-06,0.0,DQN_RND,0.001,0.99,mountaincar,sparse
0,7128,-1.0,200,0.003498350502923131,-1.0,9.250392736248614e-07,0.0,DQN_RND,0.001,0.99,mountaincar,sparse
0,7129,-1.0,200,0.0014027273282408714,-1.0,3.8288976611511316e-07,0.0,DQN_RND,0.001,0.99,mountaincar,sparse
0,7130,-1.0,200,0.006992290262132883,-1.0,2.2642379349235853e-07,0.0,DQN_RND,0.001,0.99,mountaincar,sparse
0,7131,-1.0,200,0.006290198769420385,-1.0,2.3212826363305794e-06,0.0,DQN_RND,0.001,0.99,mountaincar,sparse
0,7132,-1.0,200,0.00280419597402215,-1.0,5.448307049960022e-08,0.0,DQN_RND,0.001,0.99,mountaincar,sparse
0,7133,-1.0,200,0.005594365298748016,-1.0,9.414596888746019e-07,0.0,DQN_RND,0.001,0.99,mountaincar,sparse
0,7134,-1.0,200,0.001402492169290781,-1.0,1.1010288289980963e-06,0.0,DQN_RND,0.001,0.99,mountaincar,sparse
0,7135,-1.0,200,0.0007051248103380203,-1.0,1.1272566098341485e-06,0.0,DQN_RND,0.001,0.99,mountaincar,sparse
0,7136,-1.0,200,0.002099098637700081,-1.0,1.6059894960562815e-06,0.0,DQN_RND,0.001,0.99,mountaincar,sparse
0,7137,-1.0,200,0.002102580154314637,-1.0,1.3403551690771565e-07,0.0,DQN_RND,0.001,0.99,mountaincar,sparse
0,7138,-1.0,200,0.004198726266622543,-1.0,1.5778964552737307e-06,0.0,DQN_RND,0.001,0.99,mountaincar,sparse
0,7139,-1.0,200,0.002802107483148575,-1.0,1.5615927395629114e-06,0.0,DQN_RND,0.001,0.99,mountaincar,sparse
0,7140,-1.0,200,0.0035003074444830418,-1.0,1.6759297523094574e-06,0.0,DQN_RND,0.001,0.99,mountaincar,sparse
0,7141,-1.0,200,0.0014023694675415754,-1.0,1.3470749991029152e-06,0.0,DQN_RND,0.001,0.99,mountaincar,sparse
0,7142,-1.0,200,0.006288436241447926,-1.0,1.582914933351276e-06,0.0,DQN_RND,0.001,0.99,mountaincar,sparse
0,7143,-1.0,200,0.0021012143697589636,-1.0,3.8915479194656655e-07,0.0,DQN_RND,0.001,0.99,mountaincar,sparse
0,7144,-1.0,200,0.0034968748223036528,-1.0,2.1065111468487885e-06,0.0,DQN_RND,0.001,0.99,mountaincar,sparse
0,7145,-1.0,200,0.003496012417599559,-1.0,1.0721852561346168e-07,0.0,DQN_RND,0.001,0.99,mountaincar,sparse
0,7146,-1.0,200,0.007688022684305906,-1.0,3.9269962144317105e-06,0.0,DQN_RND,0.001,0.99,mountaincar,sparse
0,7147,-1.0,200,0.0021000290289521217,-1.0,2.5365298483848164e-07,0.0,DQN_RND,0.001,0.99,mountaincar,sparse
0,7148,-1.0,200,0.0028033251874148846,-1.0,2.992515646838001e-06,0.0,DQN_RND,0.001,0.99,mountaincar,sparse
0,7149,-1.0,200,0.0048952968791127205,-1.0,4.540608955494463e-08,0.0,DQN_RND,0.001,0.99,mountaincar,sparse
0,7150,-1.0,200,0.0014003330143168569,-1.0,1.1941851880692411e-06,0.0,DQN_RND,0.001,0.99,mountaincar,sparse
0,7151,-1.0,200,0.004897959064692259,-1.0,4.323853275423062e-08,0.0,DQN_RND,0.001,0.99,mountaincar,sparse
0,7152,-1.0,200,0.004197201691567898,-1.0,4.293029178370489e-06,0.0,DQN_RND,0.001,0.99,mountaincar,sparse
0,7153,-1.0,200,0.007687191944569349,-1.0,2.0121574380027596e-06,0.0,DQN_RND,0.001,0.99,mountaincar,sparse
0,7154,-1.0,200,0.0027986078057438135,-1.0,2.4069936443993356e-07,0.0,DQN_RND,0.001,0.99,mountaincar,sparse
0,7155,-1.0,200,0.0021017694380134344,-1.0,1.0673841188690858e-06,0.0,DQN_RND,0.001,0.99,mountaincar,sparse
0,7156,-1.0,200,0.004892849363386631,-1.0,1.3456279930323944e-06,0.0,DQN_RND,0.001,0.99,mountaincar,sparse
0,7157,-1.0,200,0.0007029808475635946,-1.0,2.929573383880779e-06,0.0,DQN_RND,0.001,0.99,mountaincar,sparse
0,7158,-1.0,200,0.005588136613368988,-1.0,5.312399764534348e-08,0.0,DQN_RND,0.001,0.99,mountaincar,sparse
0,7159,-1.0,200,0.002797998022288084,-1.0,3.996878561451922e-08,0.0,DQN_RND,0.001,0.99,mountaincar,sparse
0,7160,-1.0,200,0.004189667291939259,-1.0,1.928656729432987e-06,0.0,DQN_RND,0.001,0.99,mountaincar,sparse
0,7161,-1.0,200,0.0027974743861705065,-1.0,5.27864267496625e-06,0.0,DQN_RND,0.001,0.99,mountaincar,sparse
0,7162,-1.0,200,0.0034994797315448523,-1.0,6.226834869949016e-08,0.0,DQN_RND,0.001,0.99,mountaincar,sparse
0,7163,-1.0,200,0.002799918409436941,-1.0,6.395134732883889e-08,0.0,DQN_RND,0.001,0.99,mountaincar,sparse
0,7164,-1.0,200,0.003494430799037218,-1.0,5.252395851584879e-08,0.0,DQN_RND,0.001,0.99,mountaincar,sparse
0,7165,-1.0,200,0.0014015284832566977,-1.0,5.1900773456736715e-08,0.0,DQN_RND,0.001,0.99,mountaincar,sparse
0,7166,-1.0,200,0.002099167089909315,-1.0,6.598365871468559e-07,0.0,DQN_RND,0.001,0.99,mountaincar,sparse
0,7167,-1.0,200,0.0014018322108313441,-1.0,1.0064967455036822e-06,0.0,DQN_RND,0.001,0.99,mountaincar,sparse
0,7168,-1.0,200,0.001401150249876082,-1.0,5.564107823374798e-07,0.0,DQN_RND,0.001,0.99,mountaincar,sparse
0,7169,-1.0,200,0.0034949444234371185,-1.0,2.8329816359473625e-07,0.0,DQN_RND,0.001,0.99,mountaincar,sparse
0,7170,-1.0,200,0.006290458608418703,-1.0,4.883365363639314e-06,0.0,DQN_RND,0.001,0.99,mountaincar,sparse
0,7171,-1.0,200,0.006284722592681646,-1.0,5.2928417062503286e-06,0.0,DQN_RND,0.001,0.99,mountaincar,sparse
0,7172,-1.0,200,0.004890455398708582,-1.0,2.913556727435207e-06,0.0,DQN_RND,0.001,0.99,mountaincar,sparse
0,7173,-1.0,200,0.002797509077936411,-1.0,4.1590908494981704e-07,0.0,DQN_RND,0.001,0.99,mountaincar,sparse
0,7174,-1.0,200,0.0027960343286395073,-1.0,1.904229804949864e-07,0.0,DQN_RND,0.001,0.99,mountaincar,sparse
0,7175,-1.0,200,0.002102419501170516,-1.0,3.7241809991428454e-07,0.0,DQN_RND,0.001,0.99,mountaincar,sparse
0,7176,-1.0,200,0.004192911554127932,-1.0,1.1647168918216266e-07,0.0,DQN_RND,0.001,0.99,mountaincar,sparse
0,7177,-1.0,200,0.0034949828404933214,-1.0,6.021492993113498e-08,0.0,DQN_RND,0.001,0.99,mountaincar,sparse
0,7178,-1.0,200,0.004188208375126123,-1.0,6.004162855788309e-08,0.0,DQN_RND,0.001,0.99,mountaincar,sparse
0,7179,-1.0,200,0.004191377200186253,-1.0,5.2221210466996126e-08,0.0,DQN_RND,0.001,0.99,mountaincar,sparse
0,7180,-1.0,200,0.004195490851998329,-1.0,4.034104222228052e-06,0.0,DQN_RND,0.001,0.99,mountaincar,sparse
0,7181,-1.0,200,0.0027930268552154303,-1.0,5.524279913515784e-06,0.0,DQN_RND,0.001,0.99,mountaincar,sparse
0,7182,-1.0,200,0.0020952573977410793,-1.0,4.65333368993015e-06,0.0,DQN_RND,0.001,0.99,mountaincar,sparse
0,7183,-1.0,200,0.0041982252150774,-1.0,8.055157252329082e-08,0.0,DQN_RND,0.001,0.99,mountaincar,sparse
0,7184,-1.0,200,0.004189880099147558,-1.0,1.9325213429510768e-07,0.0,DQN_RND,0.001,0.99,mountaincar,sparse
0,7185,-1.0,200,0.0048891459591686726,-1.0,1.6303182519550319e-06,0.0,DQN_RND,0.001,0.99,mountaincar,sparse
0,7186,-1.0,200,0.004895286168903112,-1.0,6.929996061444399e-07,0.0,DQN_RND,0.001,0.99,mountaincar,sparse
0,7187,-1.0,200,0.0013982978416606784,-1.0,3.895978579748771e-07,0.0,DQN_RND,0.001,0.99,mountaincar,sparse
0,7188,-1.0,200,0.003497905796393752,-1.0,2.0146419501543278e-06,0.0,DQN_RND,0.001,0.99,mountaincar,sparse
0,7189,-1.0,200,0.004888830706477165,-1.0,1.506569873299668e-07,0.0,DQN_RND,0.001,0.99,mountaincar,sparse
0,7190,-1.0,200,0.0021002180874347687,-1.0,9.63121806307754e-07,0.0,DQN_RND,0.001,0.99,mountaincar,sparse
0,7191,-1.0,200,0.005588704254478216,-1.0,3.576631399937469e-07,0.0,DQN_RND,0.001,0.99,mountaincar,sparse
0,7192,-1.0,200,0.005590405780822039,-1.0,2.82051723843324e-06,0.0,DQN_RND,0.001,0.99,mountaincar,sparse
0,7193,-1.0,200,0.003498529549688101,-1.0,8.605204726563898e-08,0.0,DQN_RND,0.001,0.99,mountaincar,sparse
0,7194,-1.0,200,0.0062846033833920956,-1.0,3.7057254758110503e-06,0.0,DQN_RND,0.001,0.99,mountaincar,sparse
0,7195,-1.0,200,0.004883281886577606,-1.0,9.295547442889074e-08,0.0,DQN_RND,0.001,0.99,mountaincar,sparse
0,7196,-1.0,200,0.0020996038801968098,-1.0,3.559945753295324e-06,0.0,DQN_RND,0.001,0.99,mountaincar,sparse
0,7197,-1.0,200,0.0041938587091863155,-1.0,8.33331981198171e-08,0.0,DQN_RND,0.001,0.99,mountaincar,sparse
0,7198,-1.0,200,0.00558461295440793,-1.0,1.735237304956172e-07,0.0,DQN_RND,0.001,0.99,mountaincar,sparse
0,7199,-1.0,200,0.0027961127925664186,-1.0,3.976824245910393e-06,0.0,DQN_RND,0.001,0.99,mountaincar,sparse
0,7200,-1.0,200,0.0027945260517299175,-1.0,4.00055540694666e-07,0.0,DQN_RND,0.001,0.99,mountaincar,sparse
0,7201,-1.0,200,0.0020990348421037197,-1.0,8.129135267154197e-07,0.0,DQN_RND,0.001,0.99,mountaincar,sparse
0,7202,-1.0,200,0.0041914330795407295,-1.0,1.2411099987730267e-06,0.0,DQN_RND,0.001,0.99,mountaincar,sparse
0,7203,-1.0,200,0.004195087123662233,-1.0,8.227721082221251e-07,0.0,DQN_RND,0.001,0.99,mountaincar,sparse
0,7204,-1.0,200,0.006977151148021221,-1.0,4.032170579648664e-07,0.0,DQN_RND,0.001,0.99,mountaincar,sparse
0,7205,-1.0,200,0.004882614128291607,-1.0,3.171893922626623e-06,0.0,DQN_RND,0.001,0.99,mountaincar,sparse
0,7206,-1.0,200,0.0034863306209445,-1.0,7.381174214060593e-07,0.0,DQN_RND,0.001,0.99,mountaincar,sparse
0,7207,-1.0,200,0.004185577854514122,-1.0,4.081022325408412e-06,0.0,DQN_RND,0.001,0.99,mountaincar,sparse
0,7208,-1.0,200,0.0034949227701872587,-1.0,2.3049935293784074e-07,0.0,DQN_RND,0.001,0.99,mountaincar,sparse
0,7209,-1.0,200,0.0013986709527671337,-1.0,2.3608710364442231e-07,0.0,DQN_RND,0.001,0.99,mountaincar,sparse
0,7210,-1.0,200,0.0034905681386590004,-1.0,1.6860420259945386e-07,0.0,DQN_RND,0.001,0.99,mountaincar,sparse
0,7211,-1.0,200,0.0027945097535848618,-1.0,2.895725117468828e-07,0.0,DQN_RND,0.001,0.99,mountaincar,sparse
0,7212,-1.0,200,0.00488476175814867,-1.0,1.3616332239507756e-07,0.0,DQN_RND,0.001,0.99,mountaincar,sparse
0,7213,-1.0,200,0.009065182879567146,-1.0,2.2032586457498837e-06,0.0,DQN_RND,0.001,0.99,mountaincar,sparse
0,7214,-1.0,200,0.0027964406181126833,-1.0,1.6184043261091574e-07,0.0,DQN_RND,0.001,0.99,mountaincar,sparse
0,7215,-1.0,200,0.002792916726320982,-1.0,7.399316928058397e-07,0.0,DQN_RND,0.001,0.99,mountaincar,sparse
0,7216,-1.0,200,0.0069749001413583755,-1.0,1.0412085202915478e-06,0.0,DQN_RND,0.001,0.99,mountaincar,sparse
0,7217,-1.0,200,0.0027922296430915594,-1.0,2.396817819771968e-07,0.0,DQN_RND,0.001,0.99,mountaincar,sparse
0,7218,-1.0,200,0.007671802770346403,-1.0,2.0082326557258057e-07,0.0,DQN_RND,0.001,0.99,mountaincar,sparse
0,7219,-1.0,200,0.0027949875220656395,-1.0,1.1310898173633177e-07,0.0,DQN_RND,0.001,0.99,mountaincar,sparse
0,7220,-1.0,200,0.00418828846886754,-1.0,3.925376859115204e-06,0.0,DQN_RND,0.001,0.99,mountaincar,sparse
0,7221,-1.0,200,0.002094915835186839,-1.0,4.1238078551941726e-07,0.0,DQN_RND,0.001,0.99,mountaincar,sparse
0,7222,-1.0,200,0.004188381135463715,-1.0,1.2939656812704925e-07,0.0,DQN_RND,0.001,0.99,mountaincar,sparse
0,7223,-1.0,200,0.005579888820648193,-1.0,3.253338149988849e-07,0.0,DQN_RND,0.001,0.99,mountaincar,sparse
0,7224,-1.0,200,0.0027908673509955406,-1.0,1.0989714382958482e-07,0.0,DQN_RND,0.001,0.99,mountaincar,sparse
0,7225,-1.0,200,0.004189544823020697,-1.0,3.958011802751571e-06,0.0,DQN_RND,0.001,0.99,mountaincar,sparse
0,7226,-1.0,200,0.0034920962061733007,-1.0,1.7853851659310749e-06,0.0,DQN_RND,0.001,0.99,mountaincar,sparse
0,7227,-1.0,200,0.005580234806984663,-1.0,1.480269276044055e-07,0.0,DQN_RND,0.001,0.99,mountaincar,sparse
0,7228,-1.0,200,0.003486021189019084,-1.0,1.8204427476575802e-07,0.0,DQN_RND,0.001,0.99,mountaincar,sparse
0,7229,-1.0,200,0.0027944117318838835,-1.0,3.174755534018914e-07,0.0,DQN_RND,0.001,0.99,mountaincar,sparse
0,7230,-1.0,200,0.0007018325268290937,-1.0,2.7196276164431765e-07,0.0,DQN_RND,0.001,0.99,mountaincar,sparse
0,7231,-1.0,200,0.003486466594040394,-1.0,1.439322119267672e-07,0.0,DQN_RND,0.001,0.99,mountaincar,sparse
0,7232,-1.0,200,0.0020932846236974,-1.0,1.231745869745282e-07,0.0,DQN_RND,0.001,0.99,mountaincar,sparse
0,7233,-1.0,200,0.0034859012812376022,-1.0,1.6742278319270554e-07,0.0,DQN_RND,0.001,0.99,mountaincar,sparse
0,7234,-1.0,200,0.004190176259726286,-1.0,3.946212018490769e-06,0.0,DQN_RND,0.001,0.99,mountaincar,sparse
0,7235,-1.0,200,0.004184190649539232,-1.0,5.227450969869096e-07,0.0,DQN_RND,0.001,0.99,mountaincar,sparse
0,7236,-1.0,200,0.0020939121022820473,-1.0,3.264165570726618e-06,0.0,DQN_RND,0.001,0.99,mountaincar,sparse
0,7237,-1.0,200,0.002791378879919648,-1.0,2.7319717332829896e-07,0.0,DQN_RND,0.001,0.99,mountaincar,sparse
0,7238,-1.0,200,0.0013977440539747477,-1.0,1.5953538934354583e-07,0.0,DQN_RND,0.001,0.99,mountaincar,sparse
0,7239,-1.0,200,0.0020952585618942976,-1.0,6.749210115231108e-07,0.0,DQN_RND,0.001,0.99,mountaincar,sparse
0,7240,-1.0,200,0.00278823496773839,-1.0,9.955503088576734e-08,0.0,DQN_RND,0.001,0.99,mountaincar,sparse
0,7241,-1.0,200,0.0027891495265066624,-1.0,2.7836838398798136e-06,0.0,DQN_RND,0.001,0.99,mountaincar,sparse
0,7242,-1.0,200,0.003489929251372814,-1.0,3.253495833632769e-06,0.0,DQN_RND,0.001,0.99,mountaincar,sparse
0,7243,-1.0,200,0.0027919868007302284,-1.0,7.970147635205649e-07,0.0,DQN_RND,0.001,0.99,mountaincar,sparse
0,7244,-1.0,200,0.002788788639008999,-1.0,1.0682611417678345e-07,0.0,DQN_RND,0.001,0.99,mountaincar,sparse
0,7245,-1.0,200,0.002790553495287895,-1.0,1.5475775398954283e-06,0.0,DQN_RND,0.001,0.99,mountaincar,sparse
0,7246,-1.0,200,0.0034819617867469788,-1.0,2.34695463063872e-07,0.0,DQN_RND,0.001,0.99,mountaincar,sparse
0,7247,-1.0,200,0.002091060858219862,-1.0,8.764120593696134e-07,0.0,DQN_RND,0.001,0.99,mountaincar,sparse
0,7248,-1.0,200,0.005571219604462385,-1.0,5.790719228571106e-07,0.0,DQN_RND,0.001,0.99,mountaincar,sparse
0,7249,-1.0,200,0.004179252777248621,-1.0,1.465959371671488e-07,0.0,DQN_RND,0.001,0.99,mountaincar,sparse
0,7250,-1.0,200,0.007670423481613398,-1.0,9.874069064608193e-07,0.0,DQN_RND,0.001,0.99,mountaincar,sparse
0,7251,-1.0,200,0.0020898147486150265,-1.0,3.900593412708986e-07,0.0,DQN_RND,0.001,0.99,mountaincar,sparse
0,7252,-1.0,200,0.004183690994977951,-1.0,2.8406452656781767e-06,0.0,DQN_RND,0.001,0.99,mountaincar,sparse
0,7253,-1.0,200,0.0041814944706857204,-1.0,2.3660219028442953e-07,0.0,DQN_RND,0.001,0.99,mountaincar,sparse
0,7254,-1.0,200,0.0027871630154550076,-1.0,3.608026020174293e-07,0.0,DQN_RND,0.001,0.99,mountaincar,sparse
0,7255,-1.0,200,0.006266237236559391,-1.0,2.0595585681348894e-07,0.0,DQN_RND,0.001,0.99,mountaincar,sparse
0,7256,-1.0,200,0.004875038284808397,-1.0,2.982706632792542e-07,0.0,DQN_RND,0.001,0.99,mountaincar,sparse
0,7257,-1.0,200,0.0034882663749158382,-1.0,2.8727518497362325e-07,0.0,DQN_RND,0.001,0.99,mountaincar,sparse
0,7258,-1.0,200,0.0034844055771827698,-1.0,2.9814336812705733e-06,0.0,DQN_RND,0.001,0.99,mountaincar,sparse
0,7259,-1.0,200,0.0006984744104556739,-1.0,6.420963813980052e-07,0.0,DQN_RND,0.001,0.99,mountaincar,sparse
0,7260,-1.0,200,0.0034892051480710506,-1.0,6.764668682990305e-07,0.0,DQN_RND,0.001,0.99,mountaincar,sparse
0,7261,-1.0,200,0.006267363205552101,-1.0,2.7041136263505905e-07,0.0,DQN_RND,0.001,0.99,mountaincar,sparse
0,7262,-1.0,200,0.004176820628345013,-1.0,3.7461543911376793e-07,0.0,DQN_RND,0.001,0.99,mountaincar,sparse
0,7263,-1.0,200,0.0020915898494422436,-1.0,3.631338927334582e-07,0.0,DQN_RND,0.001,0.99,mountaincar,sparse
0,7264,-1.0,200,0.0034841543529182673,-1.0,3.615909349719004e-07,0.0,DQN_RND,0.001,0.99,mountaincar,sparse
0,7265,-1.0,200,0.005570914596319199,-1.0,3.7587078622891568e-06,0.0,DQN_RND,0.001,0.99,mountaincar,sparse
0,7266,-1.0,200,0.0020887211430817842,-1.0,4.527466614945297e-07,0.0,DQN_RND,0.001,0.99,mountaincar,sparse
0,7267,-1.0,200,0.0027917742263525724,-1.0,4.249822723068064e-06,0.0,DQN_RND,0.001,0.99,mountaincar,sparse
0,7268,-1.0,200,0.00348137435503304,-1.0,4.1903629721673497e-07,0.0,DQN_RND,0.001,0.99,mountaincar,sparse
0,7269,-1.0,200,0.002789105521515012,-1.0,2.8847628072981024e-06,0.0,DQN_RND,0.001,0.99,mountaincar,sparse
0,7270,-1.0,200,0.0034828486386686563,-1.0,1.07995322196075e-06,0.0,DQN_RND,0.001,0.99,mountaincar,sparse
0,7271,-1.0,200,0.0027874656952917576,-1.0,4.4470095872384263e-07,0.0,DQN_RND,0.001,0.99,mountaincar,sparse
0,7272,-1.0,200,0.0020932373590767384,-1.0,5.581470645665831e-07,0.0,DQN_RND,0.001,0.99,mountaincar,sparse
0,7273,-1.0,200,0.004876234102994204,-1.0,3.8614902564404474e-07,0.0,DQN_RND,0.001,0.99,mountaincar,sparse
0,7274,-1.0,200,0.0034827543422579765,-1.0,6.743056246705237e-07,0.0,DQN_RND,0.001,0.99,mountaincar,sparse
0,7275,-1.0,200,0.0034819624852389097,-1.0,4.878636445937445e-07,0.0,DQN_RND,0.001,0.99,mountaincar,sparse
0,7276,-1.0,200,0.002091625239700079,-1.0,1.538524315947143e-06,0.0,DQN_RND,0.001,0.99,mountaincar,sparse
0,7277,-1.0,200,0.005567209795117378,-1.0,5.653768653246516e-07,0.0,DQN_RND,0.001,0.99,mountaincar,sparse
0,7278,-1.0,200,0.0055678351782262325,-1.0,4.2041716596941114e-07,0.0,DQN_RND,0.001,0.99,mountaincar,sparse
0,7279,-1.0,200,0.004872661549597979,-1.0,4.2578480474730895e-07,0.0,DQN_RND,0.001,0.99,mountaincar,sparse
0,7280,-1.0,200,0.0027858854737132788,-1.0,4.339129304753442e-07,0.0,DQN_RND,0.001,0.99,mountaincar,sparse
0,7281,-1.0,200,0.0027843164280056953,-1.0,4.2368375829937577e-07,0.0,DQN_RND,0.001,0.99,mountaincar,sparse
0,7282,-1.0,200,0.0027831417974084616,-1.0,4.902158821096236e-07,0.0,DQN_RND,0.001,0.99,mountaincar,sparse
0,7283,-1.0,200,0.002786599099636078,-1.0,5.284736630528641e-07,0.0,DQN_RND,0.001,0.99,mountaincar,sparse
0,7284,-1.0,200,0.0013922856887802482,-1.0,5.84664974212501e-07,0.0,DQN_RND,0.001,0.99,mountaincar,sparse
0,7285,-1.0,200,0.005566771607846022,-1.0,6.340577556329663e-07,0.0,DQN_RND,0.001,0.99,mountaincar,sparse
0,7286,-1.0,200,0.0027822419069707394,-1.0,6.221374633241794e-07,0.0,DQN_RND,0.001,0.99,mountaincar,sparse
0,7287,-1.0,200,0.006259843707084656,-1.0,2.3430782221112167e-06,0.0,DQN_RND,0.001,0.99,mountaincar,sparse
0,7288,-1.0,200,0.0020895181223750114,-1.0,5.48644493392203e-07,0.0,DQN_RND,0.001,0.99,mountaincar,sparse
0,7289,-1.0,200,0.0020874706096947193,-1.0,1.8137419601771398e-06,0.0,DQN_RND,0.001,0.99,mountaincar,sparse
0,7290,-1.0,200,0.006954820826649666,-1.0,6.838106969553337e-07,0.0,DQN_RND,0.001,0.99,mountaincar,sparse
0,7291,-1.0,200,0.0027812845073640347,-1.0,3.657980414573103e-06,0.0,DQN_RND,0.001,0.99,mountaincar,sparse
0,7292,-1.0,200,0.001395172905176878,-1.0,6.526619245050824e-07,0.0,DQN_RND,0.001,0.99,mountaincar,sparse
0,7293,-1.0,200,0.002087706932798028,-1.0,6.485245194198797e-07,0.0,DQN_RND,0.001,0.99,mountaincar,sparse
0,7294,-1.0,200,0.0013940375065430999,-1.0,4.769436145579675e-06,0.0,DQN_RND,0.001,0.99,mountaincar,sparse
0,7295,-1.0,200,0.003478253958746791,-1.0,1.968084688996896e-06,0.0,DQN_RND,0.001,0.99,mountaincar,sparse
0,7296,-1.0,200,0.006255883723497391,-1.0,6.330637347673473e-07,0.0,DQN_RND,0.001,0.99,mountaincar,sparse
0,7297,-1.0,200,0.005563827231526375,-1.0,1.021672233036952e-06,0.0,DQN_RND,0.001,0.99,mountaincar,sparse
0,7298,-1.0,200,0.00695562781766057,-1.0,6.177892259984219e-07,0.0,DQN_RND,0.001,0.99,mountaincar,sparse
0,7299,-1.0,200,0.002781402785331011,-1.0,2.481600631654146e-06,0.0,DQN_RND,0.001,0.99,mountaincar,sparse
0,7300,-1.0,200,0.002086552558466792,-1.0,6.187503345245204e-07,0.0,DQN_RND,0.001,0.99,mountaincar,sparse
0,7301,-1.0,200,0.0013911512214690447,-1.0,1.333843101747334e-06,0.0,DQN_RND,0.001,0.99,mountaincar,sparse
0,7302,-1.0,200,0.002782428404316306,-1.0,1.3810622476739809e-06,0.0,DQN_RND,0.001,0.99,mountaincar,sparse
0,7303,-1.0,200,0.0027798106893897057,-1.0,7.539874786743894e-07,0.0,DQN_RND,0.001,0.99,mountaincar,sparse
0,7304,-1.0,200,0.0013914633309468627,-1.0,7.862848292461422e-07,0.0,DQN_RND,0.001,0.99,mountaincar,sparse
0,7305,-1.0,200,0.006948326714336872,-1.0,1.1210267985006794e-06,0.0,DQN_RND,0.001,0.99,mountaincar,sparse
0,7306,-1.0,200,0.002784108277410269,-1.0,8.503594699504902e-07,0.0,DQN_RND,0.001,0.99,mountaincar,sparse
0,7307,-1.0,200,0.00278101721778512,-1.0,3.162084567520651e-06,0.0,DQN_RND,0.001,0.99,mountaincar,sparse
0,7308,-1.0,200,0.0027806523721665144,-1.0,7.701318622821418e-07,0.0,DQN_RND,0.001,0.99,mountaincar,sparse
0,7309,-1.0,200,0.0034735542722046375,-1.0,1.2842340311181033e-06,0.0,DQN_RND,0.001,0.99,mountaincar,sparse
0,7310,-1.0,200,0.002778083086013794,-1.0,8.42156794078619e-07,0.0,DQN_RND,0.001,0.99,mountaincar,sparse
0,7311,-1.0,200,0.004167524166405201,-1.0,4.03337480747723e-06,0.0,DQN_RND,0.001,0.99,mountaincar,sparse
0,7312,-1.0,200,0.003474240191280842,-1.0,8.234726465161657e-07,0.0,DQN_RND,0.001,0.99,mountaincar,sparse
0,7313,-1.0,200,0.0020850670989602804,-1.0,1.3709516224480467e-06,0.0,DQN_RND,0.001,0.99,mountaincar,sparse
0,7314,-1.0,200,0.007639182731509209,-1.0,1.3285363138493267e-06,0.0,DQN_RND,0.001,0.99,mountaincar,sparse
0,7315,-1.0,200,0.0027856153901666403,-1.0,9.710123549666605e-07,0.0,DQN_RND,0.001,0.99,mountaincar,sparse
0,7316,-1.0,200,0.0020872335880994797,-1.0,8.016109518393932e-07,0.0,DQN_RND,0.001,0.99,mountaincar,sparse
0,7317,-1.0,200,0.004863952286541462,-1.0,1.268437927137711e-06,0.0,DQN_RND,0.001,0.99,mountaincar,sparse
0,7318,-1.0,200,0.002776841167360544,-1.0,1.218950728798518e-06,0.0,DQN_RND,0.001,0.99,mountaincar,sparse
0,7319,-1.0,200,0.00416496442630887,-1.0,4.298646217648638e-06,0.0,DQN_RND,0.001,0.99,mountaincar,sparse
0,7320,-1.0,200,0.003472099546343088,-1.0,1.77180766058882e-06,0.0,DQN_RND,0.001,0.99,mountaincar,sparse
0,7321,-1.0,200,0.002083934610709548,-1.0,4.769952738570282e-06,0.0,DQN_RND,0.001,0.99,mountaincar,sparse
0,7322,-1.0,200,0.0027788053266704082,-1.0,9.83658082986949e-07,0.0,DQN_RND,0.001,0.99,mountaincar,sparse
0,7323,-1.0,200,0.0034700834657996893,-1.0,2.4088849386316724e-06,0.0,DQN_RND,0.001,0.99,mountaincar,sparse
0,7324,-1.0,200,0.0020867844577878714,-1.0,1.9815520317933988e-06,0.0,DQN_RND,0.001,0.99,mountaincar,sparse
0,7325,-1.0,200,0.0027770812157541513,-1.0,9.020073434840015e-07,0.0,DQN_RND,0.001,0.99,mountaincar,sparse
0,7326,-1.0,200,0.006944537162780762,-1.0,1.133243699769082e-06,0.0,DQN_RND,0.001,0.99,mountaincar,sparse
0,7327,-1.0,200,0.002777927555143833,-1.0,3.844504590233555e-06,0.0,DQN_RND,0.001,0.99,mountaincar,sparse
0,7328,-1.0,200,0.0020840573124587536,-1.0,5.022804089094279e-06,0.0,DQN_RND,0.001,0.99,mountaincar,sparse
0,7329,-1.0,200,0.002083553234115243,-1.0,1.0853156027224031e-06,0.0,DQN_RND,0.001,0.99,mountaincar,sparse
0,7330,-1.0,200,0.003469327697530389,-1.0,9.926867505782866e-07,0.0,DQN_RND,0.001,0.99,mountaincar,sparse
0,7331,-1.0,200,0.004166294354945421,-1.0,1.4862159787298879e-06,0.0,DQN_RND,0.001,0.99,mountaincar,sparse
0,7332,-1.0,200,0.0055557796731591225,-1.0,1.151533865595411e-06,0.0,DQN_RND,0.001,0.99,mountaincar,sparse
0,7333,-1.0,200,0.004164204001426697,-1.0,1.2557429727166891e-06,0.0,DQN_RND,0.001,0.99,mountaincar,sparse
0,7334,-1.0,200,0.002085740678012371,-1.0,1.380217668156547e-06,0.0,DQN_RND,0.001,0.99,mountaincar,sparse
0,7335,-1.0,200,0.0034705735743045807,-1.0,1.2213596392030013e-06,0.0,DQN_RND,0.001,0.99,mountaincar,sparse
0,7336,-1.0,200,0.004163856618106365,-1.0,5.1128108680131845e-06,0.0,DQN_RND,0.001,0.99,mountaincar,sparse
0,7337,-1.0,200,0.004161320626735687,-1.0,2.0917764231853653e-06,0.0,DQN_RND,0.001,0.99,mountaincar,sparse
0,7338,-1.0,200,0.0013905970845371485,-1.0,1.2479617907956708e-06,0.0,DQN_RND,0.001,0.99,mountaincar,sparse
0,7339,-1.0,200,0.003470382886007428,-1.0,1.4515923112412565e-06,0.0,DQN_RND,0.001,0.99,mountaincar,sparse
0,7340,-1.0,200,0.003465949324890971,-1.0,2.4567982563894475e-06,0.0,DQN_RND,0.001,0.99,mountaincar,sparse
0,7341,-1.0,200,0.002086571417748928,-1.0,1.773320263964706e-06,0.0,DQN_RND,0.001,0.99,mountaincar,sparse
0,7342,-1.0,200,0.00485064135864377,-1.0,1.971123992916546e-06,0.0,DQN_RND,0.001,0.99,mountaincar,sparse
0,7343,-1.0,200,0.0062413085252046585,-1.0,1.6736204315748182e-06,0.0,DQN_RND,0.001,0.99,mountaincar,sparse
0,7344,-1.0,200,0.0020850077271461487,-1.0,3.7089600937179057e-06,0.0,DQN_RND,0.001,0.99,mountaincar,sparse
0,7345,-1.0,200,0.0013954783789813519,-1.0,1.9707617866515648e-06,0.0,DQN_RND,0.001,0.99,mountaincar,sparse
0,7346,-1.0,200,0.0020802407525479794,-1.0,1.9379419882170623e-06,0.0,DQN_RND,0.001,0.99,mountaincar,sparse
0,7347,-1.0,200,0.002777921501547098,-1.0,3.844912043859949e-06,0.0,DQN_RND,0.001,0.99,mountaincar,sparse
0,7348,-1.0,200,0.002085956512019038,-1.0,4.18067975260783e-06,0.0,DQN_RND,0.001,0.99,mountaincar,sparse
0,7349,-1.0,200,0.002082033781334758,-1.0,1.7845876527644577e-06,0.0,DQN_RND,0.001,0.99,mountaincar,sparse
0,7350,-1.0,200,0.002781186020001769,-1.0,1.294768367188226e-06,0.0,DQN_RND,0.001,0.99,mountaincar,sparse
0,7351,-1.0,200,0.0020856084302067757,-1.0,1.8548563502918114e-06,0.0,DQN_RND,0.001,0.99,mountaincar,sparse
0,7352,-1.0,200,0.007626555394381285,-1.0,1.886779728010879e-06,0.0,DQN_RND,0.001,0.99,mountaincar,sparse
0,7353,-1.0,200,0.0020835811737924814,-1.0,4.901112333755009e-06,0.0,DQN_RND,0.001,0.99,mountaincar,sparse
0,7354,-1.0,200,0.0034655325580388308,-1.0,4.716038802143885e-06,0.0,DQN_RND,0.001,0.99,mountaincar,sparse
0,7355,-1.0,200,0.0027780646923929453,-1.0,2.409106400591554e-06,0.0,DQN_RND,0.001,0.99,mountaincar,sparse
0,7356,-1.0,200,0.0027752842288464308,-1.0,2.2767233076592674e-06,0.0,DQN_RND,0.001,0.99,mountaincar,sparse
0,7357,-1.0,200,0.005550452042371035,-1.0,4.370539954834385e-06,0.0,DQN_RND,0.001,0.99,mountaincar,sparse
0,7358,-1.0,200,0.002773046726360917,-1.0,4.777260755872703e-07,0.0,DQN_RND,0.001,0.99,mountaincar,sparse
0,7359,-1.0,200,0.004856760147958994,-1.0,2.1898908926232252e-06,0.0,DQN_RND,0.001,0.99,mountaincar,sparse
0,7360,-1.0,200,0.002082997700199485,-1.0,2.196527930209413e-06,0.0,DQN_RND,0.001,0.99,mountaincar,sparse
0,7361,-1.0,200,0.005550589878112078,-1.0,2.5956856006814633e-06,0.0,DQN_RND,0.001,0.99,mountaincar,sparse
0,7362,-1.0,200,0.0027745605912059546,-1.0,5.021820925321663e-06,0.0,DQN_RND,0.001,0.99,mountaincar,sparse
0,7363,-1.0,200,0.002082942984998226,-1.0,1.9714284462679643e-06,0.0,DQN_RND,0.001,0.99,mountaincar,sparse
0,7364,-1.0,200,0.004162154160439968,-1.0,9.672945111560693e-08,0.0,DQN_RND,0.001,0.99,mountaincar,sparse
0,7365,-1.0,200,0.0034671910107135773,-1.0,1.913947698994889e-06,0.0,DQN_RND,0.001,0.99,mountaincar,sparse
0,7366,-1.0,200,0.006930357310920954,-1.0,2.491538680260419e-06,0.0,DQN_RND,0.001,0.99,mountaincar,sparse
0,7367,-1.0,200,0.002774057211354375,-1.0,2.0820114059461048e-06,0.0,DQN_RND,0.001,0.99,mountaincar,sparse
0,7368,-1.0,200,0.006926276721060276,-1.0,8.533841651114926e-07,0.0,DQN_RND,0.001,0.99,mountaincar,sparse
0,7369,-1.0,200,0.004849875811487436,-1.0,6.93054786893299e-08,0.0,DQN_RND,0.001,0.99,mountaincar,sparse
0,7370,-1.0,200,0.006236288696527481,-1.0,7.50631159007753e-07,0.0,DQN_RND,0.001,0.99,mountaincar,sparse
0,7371,-1.0,200,0.006233388092368841,-1.0,4.785221790370997e-06,0.0,DQN_RND,0.001,0.99,mountaincar,sparse
0,7372,-1.0,200,0.00415866868570447,-1.0,9.905726727765796e-08,0.0,DQN_RND,0.001,0.99,mountaincar,sparse
0,7373,-1.0,200,0.004858626984059811,-1.0,4.974498096999014e-06,0.0,DQN_RND,0.001,0.99,mountaincar,sparse
0,7374,-1.0,200,0.004156963899731636,-1.0,5.898729114051093e-07,0.0,DQN_RND,0.001,0.99,mountaincar,sparse
0,7375,-1.0,200,0.0027730953879654408,-1.0,7.18984040304349e-07,0.0,DQN_RND,0.001,0.99,mountaincar,sparse
0,7376,-1.0,200,0.002773767802864313,-1.0,2.4899322852434125e-06,0.0,DQN_RND,0.001,0.99,mountaincar,sparse
0,7377,-1.0,200,0.0027700248174369335,-1.0,2.748901806626236e-06,0.0,DQN_RND,0.001,0.99,mountaincar,sparse
0,7378,-1.0,200,0.0027726287953555584,-1.0,3.3615403935982613e-06,0.0,DQN_RND,0.001,0.99,mountaincar,sparse
0,7379,-1.0,200,0.002078479854390025,-1.0,8.745472257487563e-08,0.0,DQN_RND,0.001,0.99,mountaincar,sparse
0,7380,-1.0,200,0.0020806980319321156,-1.0,1.3667450957655092e-06,0.0,DQN_RND,0.001,0.99,mountaincar,sparse
0,7381,-1.0,200,0.0013921302743256092,-1.0,2.705927045099088e-06,0.0,DQN_RND,0.001,0.99,mountaincar,sparse
0,7382,-1.0,200,0.00415616761893034,-1.0,1.0583447647150024e-06,0.0,DQN_RND,0.001,0.99,mountaincar,sparse
0,7383,-1.0,200,0.0006973462295718491,-1.0,2.5725012164912187e-06,0.0,DQN_RND,0.001,0.99,mountaincar,sparse
0,7384,-1.0,200,0.0020791813731193542,-1.0,2.7294324809190584e-06,0.0,DQN_RND,0.001,0.99,mountaincar,sparse
0,7385,-1.0,200,0.0062356265261769295,-1.0,2.3333048204676743e-07,0.0,DQN_RND,0.001,0.99,mountaincar,sparse
0,7386,-1.0,200,0.0013911693822592497,-1.0,4.252533017279347e-06,0.0,DQN_RND,0.001,0.99,mountaincar,sparse
0,7387,-1.0,200,0.003466702066361904,-1.0,8.677866958350933e-07,0.0,DQN_RND,0.001,0.99,mountaincar,sparse
0,7388,-1.0,200,0.0027706478722393513,-1.0,2.69260067398136e-06,0.0,DQN_RND,0.001,0.99,mountaincar,sparse
0,7389,-1.0,200,0.0034674403723329306,-1.0,2.120214958267752e-06,0.0,DQN_RND,0.001,0.99,mountaincar,sparse
0,7390,-1.0,200,0.0020839329808950424,-1.0,1.8585405996418558e-06,0.0,DQN_RND,0.001,0.99,mountaincar,sparse
0,7391,-1.0,200,0.002771233906969428,-1.0,2.1471932143413142e-07,0.0,DQN_RND,0.001,0.99,mountaincar,sparse
0,7392,-1.0,200,0.0027756807394325733,-1.0,1.1790348253271077e-06,0.0,DQN_RND,0.001,0.99,mountaincar,sparse
0,7393,-1.0,200,0.003465035231783986,-1.0,4.688399144470168e-07,0.0,DQN_RND,0.001,0.99,mountaincar,sparse
0,7394,-1.0,200,0.003463368397206068,-1.0,1.7651231019044644e-06,0.0,DQN_RND,0.001,0.99,mountaincar,sparse
0,7395,-1.0,200,0.0006970167742110789,-1.0,3.686020818349789e-06,0.0,DQN_RND,0.001,0.99,mountaincar,sparse
0,7396,-1.0,200,0.002772735198959708,-1.0,7.264062560352613e-07,0.0,DQN_RND,0.001,0.99,mountaincar,sparse
0,7397,-1.0,200,0.00415963027626276,-1.0,4.80234712085803e-06,0.0,DQN_RND,0.001,0.99,mountaincar,sparse
0,7398,-1.0,200,0.0013882380444556475,-1.0,1.419645286659943e-06,0.0,DQN_RND,0.001,0.99,mountaincar,sparse
0,7399,-1.0,200,0.004849528893828392,-1.0,2.6601551326166373e-06,0.0,DQN_RND,0.001,0.99,mountaincar,sparse
0,7400,-1.0,200,0.0034646200947463512,-1.0,2.139993284799857e-06,0.0,DQN_RND,0.001,0.99,mountaincar,sparse
0,7401,-1.0,200,0.006228606682270765,-1.0,4.790013008459937e-06,0.0,DQN_RND,0.001,0.99,mountaincar,sparse
0,7402,-1.0,200,0.0027727584820240736,-1.0,9.53236209966235e-08,0.0,DQN_RND,0.001,0.99,mountaincar,sparse
0,7403,-1.0,200,0.003460957668721676,-1.0,4.063564063017111e-07,0.0,DQN_RND,0.001,0.99,mountaincar,sparse
0,7404,-1.0,200,0.004846434108912945,-1.0,3.526911314111203e-06,0.0,DQN_RND,0.001,0.99,mountaincar,sparse
0,7405,-1.0,200,0.0034641532693058252,-1.0,1.4201984868122963e-06,0.0,DQN_RND,0.001,0.99,mountaincar,sparse
0,7406,-1.0,200,0.0013879769248887897,-1.0,1.1942111655116605e-07,0.0,DQN_RND,0.001,0.99,mountaincar,sparse
0,7407,-1.0,200,0.003466058522462845,-1.0,2.86960789708246e-06,0.0,DQN_RND,0.001,0.99,mountaincar,sparse
0,7408,-1.0,200,0.004844704642891884,-1.0,1.7304064385825768e-06,0.0,DQN_RND,0.001,0.99,mountaincar,sparse
0,7409,-1.0,200,0.0027676729951053858,-1.0,3.0194339615263743e-06,0.0,DQN_RND,0.001,0.99,mountaincar,sparse
0,7410,-1.0,200,0.0006977601442486048,-1.0,3.9247856875590514e-06,0.0,DQN_RND,0.001,0.99,mountaincar,sparse
0,7411,-1.0,200,0.001389513025060296,-1.0,4.449227162695024e-06,0.0,DQN_RND,0.001,0.99,mountaincar,sparse
0,7412,-1.0,200,0.0013857006561011076,-1.0,1.8896353140007704e-06,0.0,DQN_RND,0.001,0.99,mountaincar,sparse
0,7413,-1.0,200,0.0013879974139854312,-1.0,1.6593642158113653e-06,0.0,DQN_RND,0.001,0.99,mountaincar,sparse
0,7414,-1.0,200,4.326789166952949e-06,-1.0,2.859468168026069e-06,0.0,DQN_RND,0.001,0.99,mountaincar,sparse
0,7415,-1.0,200,0.002078317804262042,-1.0,8.459794571535895e-07,0.0,DQN_RND,0.001,0.99,mountaincar,sparse
0,7416,-1.0,200,0.005536839831620455,-1.0,1.3314800071384525e-06,0.0,DQN_RND,0.001,0.99,mountaincar,sparse
0,7417,-1.0,200,0.004846625030040741,-1.0,4.841418103751494e-06,0.0,DQN_RND,0.001,0.99,mountaincar,sparse
0,7418,-1.0,200,0.004153583664447069,-1.0,2.0625516299332958e-06,0.0,DQN_RND,0.001,0.99,mountaincar,sparse
0,7419,-1.0,200,0.00484218867495656,-1.0,1.5302152860385831e-06,0.0,DQN_RND,0.001,0.99,mountaincar,sparse
0,7420,-1.0,200,0.0020790735725313425,-1.0,1.7007624819598277e-06,0.0,DQN_RND,0.001,0.99,mountaincar,sparse
0,7421,-1.0,200,0.006234501488506794,-1.0,2.7150538244313793e-06,0.0,DQN_RND,0.001,0.99,mountaincar,sparse
0,7422,-1.0,200,0.0020809355191886425,-1.0,6.5563796169954e-08,0.0,DQN_RND,0.001,0.99,mountaincar,sparse
0,7423,-1.0,200,0.004843052942305803,-1.0,5.53872905584285e-06,0.0,DQN_RND,0.001,0.99,mountaincar,sparse
0,7424,-1.0,200,0.003461901331320405,-1.0,3.7981061495884205e-07,0.0,DQN_RND,0.001,0.99,mountaincar,sparse
0,7425,-1.0,200,0.0027672024443745613,-1.0,2.1081076795326226e-07,0.0,DQN_RND,0.001,0.99,mountaincar,sparse
0,7426,-1.0,200,0.002766447141766548,-1.0,1.1126589924970176e-06,0.0,DQN_RND,0.001,0.99,mountaincar,sparse
0,7427,-1.0,200,0.008299000561237335,-1.0,2.4824776119203307e-06,0.0,DQN_RND,0.001,0.99,mountaincar,sparse
0,7428,-1.0,200,0.004152000416070223,-1.0,2.3581806090078317e-06,0.0,DQN_RND,0.001,0.99,mountaincar,sparse
0,7429,-1.0,200,0.0041506290435791016,-1.0,2.580362433945993e-06,0.0,DQN_RND,0.001,0.99,mountaincar,sparse
0,7430,-1.0,200,0.00553224328905344,-1.0,2.046799863819615e-06,0.0,DQN_RND,0.001,0.99,mountaincar,sparse
0,7431,-1.0,200,0.0027701035141944885,-1.0,2.1827872842550278e-06,0.0,DQN_RND,0.001,0.99,mountaincar,sparse
0,7432,-1.0,200,0.004839112516492605,-1.0,1.8209233303423389e-06,0.0,DQN_RND,0.001,0.99,mountaincar,sparse
0,7433,-1.0,200,0.002764641772955656,-1.0,1.8304162949789315e-06,0.0,DQN_RND,0.001,0.99,mountaincar,sparse
0,7434,-1.0,200,0.003455926664173603,-1.0,2.1792707229906227e-06,0.0,DQN_RND,0.001,0.99,mountaincar,sparse
0,7435,-1.0,200,0.002079213038086891,-1.0,3.1368297186418204e-06,0.0,DQN_RND,0.001,0.99,mountaincar,sparse
0,7436,-1.0,200,0.005534380674362183,-1.0,1.3592982668342302e-06,0.0,DQN_RND,0.001,0.99,mountaincar,sparse
0,7437,-1.0,200,0.006910127121955156,-1.0,1.946272277564276e-06,0.0,DQN_RND,0.001,0.99,mountaincar,sparse
0,7438,-1.0,200,0.0013830220559611917,-1.0,7.05407842360728e-07,0.0,DQN_RND,0.001,0.99,mountaincar,sparse
0,7439,-1.0,200,0.005532853305339813,-1.0,2.4829382709867787e-06,0.0,DQN_RND,0.001,0.99,mountaincar,sparse
0,7440,-1.0,200,0.004148424137383699,-1.0,2.384420668022358e-06,0.0,DQN_RND,0.001,0.99,mountaincar,sparse
0,7441,-1.0,200,0.004834570921957493,-1.0,1.8677509387998725e-06,0.0,DQN_RND,0.001,0.99,mountaincar,sparse
0,7442,-1.0,200,0.00207507680170238,-1.0,2.5762885798030766e-06,0.0,DQN_RND,0.001,0.99,mountaincar,sparse
0,7443,-1.0,200,0.0062228902243077755,-1.0,2.32936508837156e-06,0.0,DQN_RND,0.001,0.99,mountaincar,sparse
0,7444,-1.0,200,0.0027671989519149065,-1.0,1.8348084722674685e-06,0.0,DQN_RND,0.001,0.99,mountaincar,sparse
0,7445,-1.0,200,0.0027661267668008804,-1.0,1.3121333495291765e-06,0.0,DQN_RND,0.001,0.99,mountaincar,sparse
0,7446,-1.0,200,0.004145459271967411,-1.0,1.595768708284595e-06,0.0,DQN_RND,0.001,0.99,mountaincar,sparse
0,7447,-1.0,200,0.00414773914963007,-1.0,4.706085292127682e-06,0.0,DQN_RND,0.001,0.99,mountaincar,sparse
0,7448,-1.0,200,0.0069075156934559345,-1.0,4.676433036365779e-06,0.0,DQN_RND,0.001,0.99,mountaincar,sparse
0,7449,-1.0,200,0.0027652543503791094,-1.0,2.2161734705150593e-06,0.0,DQN_RND,0.001,0.99,mountaincar,sparse
0,7450,-1.0,200,0.0041494714096188545,-1.0,2.49919298767054e-06,0.0,DQN_RND,0.001,0.99,mountaincar,sparse
0,7451,-1.0,200,0.004143133293837309,-1.0,1.3803665979139623e-06,0.0,DQN_RND,0.001,0.99,mountaincar,sparse
0,7452,-1.0,200,0.0013842185726389289,-1.0,2.051251158263767e-06,0.0,DQN_RND,0.001,0.99,mountaincar,sparse
0,7453,-1.0,200,0.002076022094115615,-1.0,1.7906227185449097e-06,0.0,DQN_RND,0.001,0.99,mountaincar,sparse
0,7454,-1.0,200,0.002079964615404606,-1.0,2.099395260302117e-06,0.0,DQN_RND,0.001,0.99,mountaincar,sparse
0,7455,-1.0,200,0.003456731326878071,-1.0,4.283733687771019e-06,0.0,DQN_RND,0.001,0.99,mountaincar,sparse
0,7456,-1.0,200,0.0027652159333229065,-1.0,1.7374615026710671e-06,0.0,DQN_RND,0.001,0.99,mountaincar,sparse
0,7457,-1.0,200,0.0034586391411721706,-1.0,3.7339486880227923e-06,0.0,DQN_RND,0.001,0.99,mountaincar,sparse
0,7458,-1.0,200,0.0041448506526649,-1.0,2.2126616840978386e-06,0.0,DQN_RND,0.001,0.99,mountaincar,sparse
0,7459,-1.0,200,0.004144498612731695,-1.0,9.589584806235507e-07,0.0,DQN_RND,0.001,0.99,mountaincar,sparse
0,7460,-1.0,200,0.00345345470122993,-1.0,2.8544902761495905e-06,0.0,DQN_RND,0.001,0.99,mountaincar,sparse
0,7461,-1.0,200,0.001384278293699026,-1.0,3.9342380659945775e-06,0.0,DQN_RND,0.001,0.99,mountaincar,sparse
0,7462,-1.0,200,0.00414274400100112,-1.0,4.115679530514171e-06,0.0,DQN_RND,0.001,0.99,mountaincar,sparse
0,7463,-1.0,200,0.005522224586457014,-1.0,1.5924201761663426e-06,0.0,DQN_RND,0.001,0.99,mountaincar,sparse
0,7464,-1.0,200,0.000693950685672462,-1.0,2.314620815013768e-06,0.0,DQN_RND,0.001,0.99,mountaincar,sparse
0,7465,-1.0,200,0.0006939296727068722,-1.0,1.7048495237759198e-06,0.0,DQN_RND,0.001,0.99,mountaincar,sparse
0,7466,-1.0,200,0.003452939447015524,-1.0,1.8345149328524712e-06,0.0,DQN_RND,0.001,0.99,mountaincar,sparse
0,7467,-1.0,200,0.0013827965594828129,-1.0,2.270662662340328e-06,0.0,DQN_RND,0.001,0.99,mountaincar,sparse
0,7468,-1.0,200,0.0013826297363266349,-1.0,3.2862781154108234e-06,0.0,DQN_RND,0.001,0.99,mountaincar,sparse
0,7469,-1.0,200,0.0013853275449946523,-1.0,1.9389874523767503e-06,0.0,DQN_RND,0.001,0.99,mountaincar,sparse
0,7470,-1.0,200,0.00276705389842391,-1.0,2.3723673621134367e-06,0.0,DQN_RND,0.001,0.99,mountaincar,sparse
0,7471,-1.0,200,3.7875224734307267e-06,-1.0,3.072756044275593e-06,0.0,DQN_RND,0.001,0.99,mountaincar,sparse
0,7472,-1.0,200,0.0048349881544709206,-1.0,1.8579212337499484e-06,0.0,DQN_RND,0.001,0.99,mountaincar,sparse
0,7473,-1.0,200,0.002765539102256298,-1.0,2.503946461729356e-06,0.0,DQN_RND,0.001,0.99,mountaincar,sparse
0,7474,-1.0,200,0.0020782246720045805,-1.0,1.8898767848440912e-06,0.0,DQN_RND,0.001,0.99,mountaincar,sparse
0,7475,-1.0,200,0.00483089592307806,-1.0,1.803822328838578e-06,0.0,DQN_RND,0.001,0.99,mountaincar,sparse
0,7476,-1.0,200,0.004139153752475977,-1.0,1.9159795101586496e-06,0.0,DQN_RND,0.001,0.99,mountaincar,sparse
0,7477,-1.0,200,0.00276281894184649,-1.0,2.0478296391956974e-06,0.0,DQN_RND,0.001,0.99,mountaincar,sparse
0,7478,-1.0,200,0.004143969155848026,-1.0,2.0410052457009442e-06,0.0,DQN_RND,0.001,0.99,mountaincar,sparse
0,7479,-1.0,200,0.002760861301794648,-1.0,2.0867437342531048e-06,0.0,DQN_RND,0.001,0.99,mountaincar,sparse
0,7480,-1.0,200,0.004835457541048527,-1.0,2.1972314243612345e-06,0.0,DQN_RND,0.001,0.99,mountaincar,sparse
0,7481,-1.0,200,0.0034525105729699135,-1.0,2.123669446518761e-06,0.0,DQN_RND,0.001,0.99,mountaincar,sparse
0,7482,-1.0,200,0.0027618510648608208,-1.0,2.2075141714594793e-06,0.0,DQN_RND,0.001,0.99,mountaincar,sparse
0,7483,-1.0,200,0.004831858444958925,-1.0,2.221487420683843e-06,0.0,DQN_RND,0.001,0.99,mountaincar,sparse
0,7484,-1.0,200,0.004141407553106546,-1.0,2.1724074485973688e-06,0.0,DQN_RND,0.001,0.99,mountaincar,sparse
0,7485,-1.0,200,0.005523997358977795,-1.0,2.200672270191717e-06,0.0,DQN_RND,0.001,0.99,mountaincar,sparse
0,7486,-1.0,200,0.006900881417095661,-1.0,2.0643612970161485e-06,0.0,DQN_RND,0.001,0.99,mountaincar,sparse
0,7487,-1.0,200,0.004832819104194641,-1.0,2.8768870379280997e-06,0.0,DQN_RND,0.001,0.99,mountaincar,sparse
0,7488,-1.0,200,0.0048280335031449795,-1.0,2.0280820081097772e-06,0.0,DQN_RND,0.001,0.99,mountaincar,sparse
0,7489,-1.0,200,0.0027598096057772636,-1.0,4.066735982632963e-06,0.0,DQN_RND,0.001,0.99,mountaincar,sparse
0,7490,-1.0,200,0.004828312434256077,-1.0,3.06826336782251e-06,0.0,DQN_RND,0.001,0.99,mountaincar,sparse
0,7491,-1.0,200,0.002761649200692773,-1.0,3.1392530672746943e-06,0.0,DQN_RND,0.001,0.99,mountaincar,sparse
0,7492,-1.0,200,0.006208010483533144,-1.0,2.1138894226169214e-06,0.0,DQN_RND,0.001,0.99,mountaincar,sparse
0,7493,-1.0,200,0.0006946013309061527,-1.0,2.075647898891475e-06,0.0,DQN_RND,0.001,0.99,mountaincar,sparse
0,7494,-1.0,200,0.006205687299370766,-1.0,2.038855654973304e-06,0.0,DQN_RND,0.001,0.99,mountaincar,sparse
0,7495,-1.0,200,0.0020710090175271034,-1.0,1.9502697341522435e-06,0.0,DQN_RND,0.001,0.99,mountaincar,sparse
0,7496,-1.0,200,0.004825528711080551,-1.0,3.514879608701449e-06,0.0,DQN_RND,0.001,0.99,mountaincar,sparse
0,7497,-1.0,200,0.002763883676379919,-1.0,2.441284095766605e-06,0.0,DQN_RND,0.001,0.99,mountaincar,sparse
0,7498,-1.0,200,0.002760860603302717,-1.0,2.165377964047366e-06,0.0,DQN_RND,0.001,0.99,mountaincar,sparse
0,7499,-1.0,200,0.00414851401001215,-1.0,2.5547551558702253e-06,0.0,DQN_RND,0.001,0.99,mountaincar,sparse
0,7500,-1.0,200,0.0020721880719065666,-1.0,2.090735961246537e-06,0.0,DQN_RND,0.001,0.99,mountaincar,sparse
0,7501,-1.0,200,0.00276274885982275,-1.0,3.047344080187031e-06,0.0,DQN_RND,0.001,0.99,mountaincar,sparse
0,7502,-1.0,200,0.002762228948995471,-1.0,1.9944079667766346e-06,0.0,DQN_RND,0.001,0.99,mountaincar,sparse
0,7503,-1.0,200,0.003447687951847911,-1.0,1.9593999240896665e-06,0.0,DQN_RND,0.001,0.99,mountaincar,sparse
0,7504,-1.0,200,0.0020701598841696978,-1.0,3.657614115581964e-06,0.0,DQN_RND,0.001,0.99,mountaincar,sparse
0,7505,-1.0,200,0.002071019494906068,-1.0,2.514250354579417e-06,0.0,DQN_RND,0.001,0.99,mountaincar,sparse
0,7506,-1.0,200,0.006199085619300604,-1.0,3.733442099473905e-06,0.0,DQN_RND,0.001,0.99,mountaincar,sparse
0,7507,-1.0,200,0.002761621493846178,-1.0,2.220537226094166e-06,0.0,DQN_RND,0.001,0.99,mountaincar,sparse
0,7508,-1.0,200,0.004134641960263252,-1.0,2.2501346848002868e-06,0.0,DQN_RND,0.001,0.99,mountaincar,sparse
0,7509,-1.0,200,0.003449437441304326,-1.0,2.331748873984907e-06,0.0,DQN_RND,0.001,0.99,mountaincar,sparse
0,7510,-1.0,200,0.004828165750950575,-1.0,3.0782077828916954e-06,0.0,DQN_RND,0.001,0.99,mountaincar,sparse
0,7511,-1.0,200,0.003450628137215972,-1.0,3.938993359042797e-06,0.0,DQN_RND,0.001,0.99,mountaincar,sparse
0,7512,-1.0,200,0.004820429254323244,-1.0,2.056022367469268e-06,0.0,DQN_RND,0.001,0.99,mountaincar,sparse
0,7513,-1.0,200,0.004821411333978176,-1.0,2.1299651962181088e-06,0.0,DQN_RND,0.001,0.99,mountaincar,sparse
0,7514,-1.0,200,0.004823511466383934,-1.0,2.42528403759934e-06,0.0,DQN_RND,0.001,0.99,mountaincar,sparse
0,7515,-1.0,200,0.003448205767199397,-1.0,1.9808051092695678e-06,0.0,DQN_RND,0.001,0.99,mountaincar,sparse
0,7516,-1.0,200,0.002758885035291314,-1.0,1.9840952063532313e-06,0.0,DQN_RND,0.001,0.99,mountaincar,sparse
0,7517,-1.0,200,0.0027604224160313606,-1.0,2.034858425759012e-06,0.0,DQN_RND,0.001,0.99,mountaincar,sparse
0,7518,-1.0,200,0.0013836839934810996,-1.0,3.38446261594072e-06,0.0,DQN_RND,0.001,0.99,mountaincar,sparse
0,7519,-1.0,200,0.004823082126677036,-1.0,1.946150632647914e-06,0.0,DQN_RND,0.001,0.99,mountaincar,sparse
0,7520,-1.0,200,0.0006933804834261537,-1.0,5.540906840906246e-06,0.0,DQN_RND,0.001,0.99,mountaincar,sparse
0,7521,-1.0,200,0.0034508456010371447,-1.0,1.9541198525985237e-06,0.0,DQN_RND,0.001,0.99,mountaincar,sparse
0,7522,-1.0,200,0.0027609621174633503,-1.0,1.9344706743140705e-06,0.0,DQN_RND,0.001,0.99,mountaincar,sparse
0,7523,-1.0,200,0.0034437146969139576,-1.0,1.8802659269567812e-06,0.0,DQN_RND,0.001,0.99,mountaincar,sparse
0,7524,-1.0,200,0.0034488183446228504,-1.0,1.9406229512242135e-06,0.0,DQN_RND,0.001,0.99,mountaincar,sparse
0,7525,-1.0,200,0.0027609234675765038,-1.0,1.9886936115653953e-06,0.0,DQN_RND,0.001,0.99,mountaincar,sparse
0,7526,-1.0,200,0.003448338946327567,-1.0,2.0280635908420663e-06,0.0,DQN_RND,0.001,0.99,mountaincar,sparse
0,7527,-1.0,200,0.0006929484661668539,-1.0,1.8537110690886038e-06,0.0,DQN_RND,0.001,0.99,mountaincar,sparse
0,7528,-1.0,200,0.004132118541747332,-1.0,1.8703552768783993e-06,0.0,DQN_RND,0.001,0.99,mountaincar,sparse
0,7529,-1.0,200,0.003446880728006363,-1.0,1.9115011582471197e-06,0.0,DQN_RND,0.001,0.99,mountaincar,sparse
0,7530,-1.0,200,0.003444629954174161,-1.0,1.9172214251739206e-06,0.0,DQN_RND,0.001,0.99,mountaincar,sparse
0,7531,-1.0,200,0.002756634261459112,-1.0,1.8899942233474576e-06,0.0,DQN_RND,0.001,0.99,mountaincar,sparse
0,7532,-1.0,200,0.0041351099498569965,-1.0,1.9545107079466106e-06,0.0,DQN_RND,0.001,0.99,mountaincar,sparse
0,7533,-1.0,200,0.0013826839858666062,-1.0,2.039929995589773e-06,0.0,DQN_RND,0.001,0.99,mountaincar,sparse
0,7534,-1.0,200,0.00413433276116848,-1.0,2.034653789451113e-06,0.0,DQN_RND,0.001,0.99,mountaincar,sparse
0,7535,-1.0,200,0.002069594571366906,-1.0,3.027711500180885e-06,0.0,DQN_RND,0.001,0.99,mountaincar,sparse
0,7536,-1.0,200,0.004828175995498896,-1.0,2.1515147636819165e-06,0.0,DQN_RND,0.001,0.99,mountaincar,sparse
0,7537,-1.0,200,0.0027611232362687588,-1.0,3.816235221165698e-06,0.0,DQN_RND,0.001,0.99,mountaincar,sparse
0,7538,-1.0,200,0.005514246411621571,-1.0,1.9622711988631636e-06,0.0,DQN_RND,0.001,0.99,mountaincar,sparse
0,7539,-1.0,200,0.0013795668492093682,-1.0,1.9322744719829643e-06,0.0,DQN_RND,0.001,0.99,mountaincar,sparse
0,7540,-1.0,200,0.0006943536573089659,-1.0,6.5216618168051355e-06,0.0,DQN_RND,0.001,0.99,mountaincar,sparse
0,7541,-1.0,200,0.0006927245412953198,-1.0,2.030253881457611e-06,0.0,DQN_RND,0.001,0.99,mountaincar,sparse
0,7542,-1.0,200,0.003448150120675564,-1.0,2.068797812171397e-06,0.0,DQN_RND,0.001,0.99,mountaincar,sparse
0,7543,-1.0,200,0.003447244642302394,-1.0,1.962602254934609e-06,0.0,DQN_RND,0.001,0.99,mountaincar,sparse
0,7544,-1.0,200,0.0013813419500365853,-1.0,2.3177328785095597e-06,0.0,DQN_RND,0.001,0.99,mountaincar,sparse
0,7545,-1.0,200,0.003446277230978012,-1.0,1.9285173493699403e-06,0.0,DQN_RND,0.001,0.99,mountaincar,sparse
0,7546,-1.0,200,0.0034434425178915262,-1.0,1.8720537582339603e-06,0.0,DQN_RND,0.001,0.99,mountaincar,sparse
0,7547,-1.0,200,0.004139464348554611,-1.0,2.2651163362752413e-06,0.0,DQN_RND,0.001,0.99,mountaincar,sparse
0,7548,-1.0,200,0.0027578219305723906,-1.0,1.785101289897284e-06,0.0,DQN_RND,0.001,0.99,mountaincar,sparse
0,7549,-1.0,200,5.554484687309014e-06,-1.0,1.7318943719146773e-06,0.0,DQN_RND,0.001,0.99,mountaincar,sparse
0,7550,-1.0,200,0.002756661968305707,-1.0,1.7584251281732577e-06,0.0,DQN_RND,0.001,0.99,mountaincar,sparse
0,7551,-1.0,200,0.0020710898097604513,-1.0,1.843620680119784e-06,0.0,DQN_RND,0.001,0.99,mountaincar,sparse
0,7552,-1.0,200,0.0034498635213822126,-1.0,3.5622495033749146e-06,0.0,DQN_RND,0.001,0.99,mountaincar,sparse
0,7553,-1.0,200,0.0034483661875128746,-1.0,2.2664050902676536e-06,0.0,DQN_RND,0.001,0.99,mountaincar,sparse
0,7554,-1.0,200,0.0020674122497439384,-1.0,2.44762986767455e-06,0.0,DQN_RND,0.001,0.99,mountaincar,sparse
0,7555,-1.0,200,0.00688478909432888,-1.0,1.6642418358969735e-06,0.0,DQN_RND,0.001,0.99,mountaincar,sparse
0,7556,-1.0,200,0.004129233304411173,-1.0,1.5440095921803731e-06,0.0,DQN_RND,0.001,0.99,mountaincar,sparse
0,7557,-1.0,200,0.005506782792508602,-1.0,2.0206841782055562e-06,0.0,DQN_RND,0.001,0.99,mountaincar,sparse
0,7558,-1.0,200,0.0013811818789690733,-1.0,1.6740749515520292e-06,0.0,DQN_RND,0.001,0.99,mountaincar,sparse
0,7559,-1.0,200,0.0020679538138210773,-1.0,1.6347586324627628e-06,0.0,DQN_RND,0.001,0.99,mountaincar,sparse
0,7560,-1.0,200,0.0034402343444526196,-1.0,1.6893496876946301e-06,0.0,DQN_RND,0.001,0.99,mountaincar,sparse
0,7561,-1.0,200,0.002758054994046688,-1.0,2.1022065084252972e-06,0.0,DQN_RND,0.001,0.99,mountaincar,sparse
0,7562,-1.0,200,0.004822180140763521,-1.0,5.75910962652415e-06,0.0,DQN_RND,0.001,0.99,mountaincar,sparse
0,7563,-1.0,200,0.0048167044296860695,-1.0,1.6899773527256912e-06,0.0,DQN_RND,0.001,0.99,mountaincar,sparse
0,7564,-1.0,200,0.002757879439741373,-1.0,1.6478844599987497e-06,0.0,DQN_RND,0.001,0.99,mountaincar,sparse
0,7565,-1.0,200,0.0027560489252209663,-1.0,1.676468968980771e-06,0.0,DQN_RND,0.001,0.99,mountaincar,sparse
0,7566,-1.0,200,0.00412590429186821,-1.0,4.137320956942858e-06,0.0,DQN_RND,0.001,0.99,mountaincar,sparse
0,7567,-1.0,200,0.00413195975124836,-1.0,1.6329754544130992e-06,0.0,DQN_RND,0.001,0.99,mountaincar,sparse
0,7568,-1.0,200,0.004132717382162809,-1.0,3.840646058961283e-06,0.0,DQN_RND,0.001,0.99,mountaincar,sparse
0,7569,-1.0,200,0.004127569030970335,-1.0,1.613499421182496e-06,0.0,DQN_RND,0.001,0.99,mountaincar,sparse
0,7570,-1.0,200,0.0034498905297368765,-1.0,1.5911690525172162e-06,0.0,DQN_RND,0.001,0.99,mountaincar,sparse
0,7571,-1.0,200,0.001382205169647932,-1.0,1.6417465076301596e-06,0.0,DQN_RND,0.001,0.99,mountaincar,sparse
0,7572,-1.0,200,0.003438261803239584,-1.0,1.6641191677990719e-06,0.0,DQN_RND,0.001,0.99,mountaincar,sparse
0,7573,-1.0,200,0.002068102592602372,-1.0,1.6615933873254107e-06,0.0,DQN_RND,0.001,0.99,mountaincar,sparse
0,7574,-1.0,200,0.0020666494965553284,-1.0,1.6111358718262636e-06,0.0,DQN_RND,0.001,0.99,mountaincar,sparse
0,7575,-1.0,200,0.001380912959575653,-1.0,1.5938547903715516e-06,0.0,DQN_RND,0.001,0.99,mountaincar,sparse
0,7576,-1.0,200,0.005507044494152069,-1.0,2.9864490898035e-06,0.0,DQN_RND,0.001,0.99,mountaincar,sparse
0,7577,-1.0,200,0.00481741176918149,-1.0,2.118424163199961e-06,0.0,DQN_RND,0.001,0.99,mountaincar,sparse
0,7578,-1.0,200,0.006194322369992733,-1.0,3.045487119379686e-06,0.0,DQN_RND,0.001,0.99,mountaincar,sparse
0,7579,-1.0,200,0.0013801133027300239,-1.0,1.5998316484910902e-06,0.0,DQN_RND,0.001,0.99,mountaincar,sparse
0,7580,-1.0,200,0.002065438311547041,-1.0,1.6008866623451468e-06,0.0,DQN_RND,0.001,0.99,mountaincar,sparse
0,7581,-1.0,200,0.006186771206557751,-1.0,1.5446021279785782e-06,0.0,DQN_RND,0.001,0.99,mountaincar,sparse
0,7582,-1.0,200,0.004812288098037243,-1.0,1.6669010847181198e-06,0.0,DQN_RND,0.001,0.99,mountaincar,sparse
0,7583,-1.0,200,0.004819310270249844,-1.0,1.5977070688677486e-06,0.0,DQN_RND,0.001,0.99,mountaincar,sparse
0,7584,-1.0,200,0.0034485338255763054,-1.0,1.4797111589359702e-06,0.0,DQN_RND,0.001,0.99,mountaincar,sparse
0,7585,-1.0,200,0.0034406278282403946,-1.0,3.3818225801951485e-06,0.0,DQN_RND,0.001,0.99,mountaincar,sparse
0,7586,-1.0,200,0.0013795627746731043,-1.0,1.356114580630674e-06,0.0,DQN_RND,0.001,0.99,mountaincar,sparse
0,7587,-1.0,200,0.004818545188754797,-1.0,1.3671059377884376e-06,0.0,DQN_RND,0.001,0.99,mountaincar,sparse
0,7588,-1.0,200,0.006189864594489336,-1.0,1.275468207495578e-06,0.0,DQN_RND,0.001,0.99,mountaincar,sparse
0,7589,-1.0,200,0.005504056811332703,-1.0,1.3886659644413157e-06,0.0,DQN_RND,0.001,0.99,mountaincar,sparse
0,7590,-1.0,200,0.003438131185248494,-1.0,3.4319425594731e-06,0.0,DQN_RND,0.001,0.99,mountaincar,sparse
0,7591,-1.0,200,0.002753770910203457,-1.0,1.1943905064981664e-06,0.0,DQN_RND,0.001,0.99,mountaincar,sparse
0,7592,-1.0,200,0.0027548554353415966,-1.0,1.2599600722751347e-06,0.0,DQN_RND,0.001,0.99,mountaincar,sparse
0,7593,-1.0,200,0.002069113776087761,-1.0,1.5101153394425637e-06,0.0,DQN_RND,0.001,0.99,mountaincar,sparse
0,7594,-1.0,200,0.0027517317794263363,-1.0,1.2445932497939793e-06,0.0,DQN_RND,0.001,0.99,mountaincar,sparse
0,7595,-1.0,200,0.002066398737952113,-1.0,2.009330501095974e-06,0.0,DQN_RND,0.001,0.99,mountaincar,sparse
0,7596,-1.0,200,0.003439173102378845,-1.0,1.412632968822436e-06,0.0,DQN_RND,0.001,0.99,mountaincar,sparse
0,7597,-1.0,200,0.0020681628957390785,-1.0,1.3636424682772486e-06,0.0,DQN_RND,0.001,0.99,mountaincar,sparse
0,7598,-1.0,200,0.002751872641965747,-1.0,1.2365120483082137e-06,0.0,DQN_RND,0.001,0.99,mountaincar,sparse
0,7599,-1.0,200,0.0034414720721542835,-1.0,3.939030193578219e-06,0.0,DQN_RND,0.001,0.99,mountaincar,sparse
0,7600,-1.0,200,0.006878966465592384,-1.0,1.1483465414130478e-06,0.0,DQN_RND,0.001,0.99,mountaincar,sparse
0,7601,-1.0,200,0.004815561696887016,-1.0,1.0893470516748494e-06,0.0,DQN_RND,0.001,0.99,mountaincar,sparse
0,7602,-1.0,200,0.0027493061497807503,-1.0,2.7509679512149887e-06,0.0,DQN_RND,0.001,0.99,mountaincar,sparse
0,7603,-1.0,200,0.0020641740411520004,-1.0,1.0688581824069843e-06,0.0,DQN_RND,0.001,0.99,mountaincar,sparse
0,7604,-1.0,200,0.0041229561902582645,-1.0,1.9109475033474155e-06,0.0,DQN_RND,0.001,0.99,mountaincar,sparse
0,7605,-1.0,200,0.004811788443475962,-1.0,2.444108758936636e-06,0.0,DQN_RND,0.001,0.99,mountaincar,sparse
0,7606,-1.0,200,0.004128567408770323,-1.0,1.0354369806009345e-06,0.0,DQN_RND,0.001,0.99,mountaincar,sparse
0,7607,-1.0,200,0.0027543536853045225,-1.0,9.582071243130486e-07,0.0,DQN_RND,0.001,0.99,mountaincar,sparse
0,7608,-1.0,200,0.0054931906051933765,-1.0,9.334385708825721e-07,0.0,DQN_RND,0.001,0.99,mountaincar,sparse
0,7609,-1.0,200,0.006184141617268324,-1.0,9.580543292031507e-07,0.0,DQN_RND,0.001,0.99,mountaincar,sparse
0,7610,-1.0,200,0.004127364605665207,-1.0,2.8628264772123657e-06,0.0,DQN_RND,0.001,0.99,mountaincar,sparse
0,7611,-1.0,200,0.0020660599693655968,-1.0,8.5051715359441e-07,0.0,DQN_RND,0.001,0.99,mountaincar,sparse
0,7612,-1.0,200,0.0054970597848296165,-1.0,1.849815021159884e-06,0.0,DQN_RND,0.001,0.99,mountaincar,sparse
0,7613,-1.0,200,0.002750512445345521,-1.0,1.0490947488506208e-06,0.0,DQN_RND,0.001,0.99,mountaincar,sparse
0,7614,-1.0,200,0.00412594573572278,-1.0,3.959705736633623e-06,0.0,DQN_RND,0.001,0.99,mountaincar,sparse
0,7615,-1.0,200,0.0034337437245994806,-1.0,1.3091105302009964e-06,0.0,DQN_RND,0.001,0.99,mountaincar,sparse
0,7616,-1.0,200,0.0006934678531251848,-1.0,1.002523276838474e-06,0.0,DQN_RND,0.001,0.99,mountaincar,sparse
0,7617,-1.0,200,0.0034375039394944906,-1.0,2.3989277906366624e-06,0.0,DQN_RND,0.001,0.99,mountaincar,sparse
0,7618,-1.0,200,0.002755109453573823,-1.0,3.026412059625727e-06,0.0,DQN_RND,0.001,0.99,mountaincar,sparse
0,7619,-1.0,200,0.003438697662204504,-1.0,1.0964701004922972e-06,0.0,DQN_RND,0.001,0.99,mountaincar,sparse
0,7620,-1.0,200,0.003437543287873268,-1.0,9.675924275143188e-07,0.0,DQN_RND,0.001,0.99,mountaincar,sparse
0,7621,-1.0,200,0.0068702660501003265,-1.0,2.3602904093422694e-06,0.0,DQN_RND,0.001,0.99,mountaincar,sparse
0,7622,-1.0,200,0.004125620704144239,-1.0,2.35400921155815e-06,0.0,DQN_RND,0.001,0.99,mountaincar,sparse
0,7623,-1.0,200,0.004806708078831434,-1.0,1.3351061625144212e-06,0.0,DQN_RND,0.001,0.99,mountaincar,sparse
0,7624,-1.0,200,0.003431451041251421,-1.0,8.884754834070918e-07,0.0,DQN_RND,0.001,0.99,mountaincar,sparse
0,7625,-1.0,200,0.004807089455425739,-1.0,3.925027613149723e-06,0.0,DQN_RND,0.001,0.99,mountaincar,sparse
0,7626,-1.0,200,0.0034337202087044716,-1.0,8.514976457263401e-07,0.0,DQN_RND,0.001,0.99,mountaincar,sparse
0,7627,-1.0,200,0.0020649356301873922,-1.0,2.5795825422392227e-06,0.0,DQN_RND,0.001,0.99,mountaincar,sparse
0,7628,-1.0,200,0.00549924373626709,-1.0,8.360611900570802e-07,0.0,DQN_RND,0.001,0.99,mountaincar,sparse
0,7629,-1.0,200,0.004123889375478029,-1.0,1.0891616284425254e-06,0.0,DQN_RND,0.001,0.99,mountaincar,sparse
0,7630,-1.0,200,0.003435265738517046,-1.0,9.933247611115803e-07,0.0,DQN_RND,0.001,0.99,mountaincar,sparse
0,7631,-1.0,200,0.0034379991702735424,-1.0,7.768043701616989e-07,0.0,DQN_RND,0.001,0.99,mountaincar,sparse
0,7632,-1.0,200,0.0034324456937611103,-1.0,4.100747446500463e-06,0.0,DQN_RND,0.001,0.99,mountaincar,sparse
0,7633,-1.0,200,0.0034346915781497955,-1.0,2.2525548502017045e-06,0.0,DQN_RND,0.001,0.99,mountaincar,sparse
0,7634,-1.0,200,0.002752860076725483,-1.0,7.212119612631795e-07,0.0,DQN_RND,0.001,0.99,mountaincar,sparse
0,7635,-1.0,200,0.004122420679777861,-1.0,2.785772494462435e-06,0.0,DQN_RND,0.001,0.99,mountaincar,sparse
0,7636,-1.0,200,0.0013778700958937407,-1.0,6.690651161989081e-07,0.0,DQN_RND,0.001,0.99,mountaincar,sparse
0,7637,-1.0,200,0.001376843312755227,-1.0,1.229794861501432e-06,0.0,DQN_RND,0.001,0.99,mountaincar,sparse
0,7638,-1.0,200,0.004120010416954756,-1.0,1.9267424704594305e-06,0.0,DQN_RND,0.001,0.99,mountaincar,sparse
0,7639,-1.0,200,0.003432772820815444,-1.0,6.348722649818228e-07,0.0,DQN_RND,0.001,0.99,mountaincar,sparse
0,7640,-1.0,200,0.0013768660137429833,-1.0,4.987558440916473e-06,0.0,DQN_RND,0.001,0.99,mountaincar,sparse
0,7641,-1.0,200,0.00274584349244833,-1.0,6.069728897273308e-07,0.0,DQN_RND,0.001,0.99,mountaincar,sparse
0,7642,-1.0,200,0.003436042694374919,-1.0,6.044062388355087e-07,0.0,DQN_RND,0.001,0.99,mountaincar,sparse
0,7643,-1.0,200,0.004116680473089218,-1.0,7.375595600933593e-07,0.0,DQN_RND,0.001,0.99,mountaincar,sparse
0,7644,-1.0,200,0.004806674551218748,-1.0,5.038904760112928e-07,0.0,DQN_RND,0.001,0.99,mountaincar,sparse
0,7645,-1.0,200,0.004121654666960239,-1.0,2.4491569092788268e-06,0.0,DQN_RND,0.001,0.99,mountaincar,sparse
0,7646,-1.0,200,0.0006917521241120994,-1.0,1.8453418988428893e-06,0.0,DQN_RND,0.001,0.99,mountaincar,sparse
0,7647,-1.0,200,0.002063395455479622,-1.0,2.670453341124812e-06,0.0,DQN_RND,0.001,0.99,mountaincar,sparse
0,7648,-1.0,200,0.0013759572757408023,-1.0,4.723384336102754e-06,0.0,DQN_RND,0.001,0.99,mountaincar,sparse
0,7649,-1.0,200,0.0013748286291956902,-1.0,1.7929739897226682e-06,0.0,DQN_RND,0.001,0.99,mountaincar,sparse
0,7650,-1.0,200,0.00343679403886199,-1.0,3.3366454772476573e-06,0.0,DQN_RND,0.001,0.99,mountaincar,sparse
0,7651,-1.0,200,0.003432895988225937,-1.0,4.459627405140054e-07,0.0,DQN_RND,0.001,0.99,mountaincar,sparse
0,7652,-1.0,200,0.002063782885670662,-1.0,2.2773631371819647e-06,0.0,DQN_RND,0.001,0.99,mountaincar,sparse
0,7653,-1.0,200,0.0061775208450853825,-1.0,3.685049136947782e-07,0.0,DQN_RND,0.001,0.99,mountaincar,sparse
0,7654,-1.0,200,0.002749131992459297,-1.0,9.052257041730627e-07,0.0,DQN_RND,0.001,0.99,mountaincar,sparse
0,7655,-1.0,200,0.004116694442927837,-1.0,5.724115453631384e-06,0.0,DQN_RND,0.001,0.99,mountaincar,sparse
0,7656,-1.0,200,0.004806434735655785,-1.0,6.03896069151233e-07,0.0,DQN_RND,0.001,0.99,mountaincar,sparse
0,7657,-1.0,200,0.006177537143230438,-1.0,1.7087243122659856e-06,0.0,DQN_RND,0.001,0.99,mountaincar,sparse
0,7658,-1.0,200,0.004803872667253017,-1.0,6.589380063815042e-07,0.0,DQN_RND,0.001,0.99,mountaincar,sparse
0,7659,-1.0,200,0.0020620126742869616,-1.0,5.026712983635662e-07,0.0,DQN_RND,0.001,0.99,mountaincar,sparse
0,7660,-1.0,200,0.002742573618888855,-1.0,6.96916742981557e-07,0.0,DQN_RND,0.001,0.99,mountaincar,sparse
0,7661,-1.0,200,0.0047998507507145405,-1.0,1.373528789372358e-06,0.0,DQN_RND,0.001,0.99,mountaincar,sparse
0,7662,-1.0,200,0.007543645333498716,-1.0,1.2949481060786638e-06,0.0,DQN_RND,0.001,0.99,mountaincar,sparse
0,7663,-1.0,200,0.0034324468579143286,-1.0,3.717772756317572e-07,0.0,DQN_RND,0.001,0.99,mountaincar,sparse
0,7664,-1.0,200,0.0006931372336111963,-1.0,3.971640126110287e-06,0.0,DQN_RND,0.001,0.99,mountaincar,sparse
0,7665,-1.0,200,0.006169646047055721,-1.0,1.9801523194473702e-06,0.0,DQN_RND,0.001,0.99,mountaincar,sparse
0,7666,-1.0,200,0.000690484419465065,-1.0,1.0760302302514901e-06,0.0,DQN_RND,0.001,0.99,mountaincar,sparse
0,7667,-1.0,200,0.0006916850688867271,-1.0,2.458161532103986e-07,0.0,DQN_RND,0.001,0.99,mountaincar,sparse
0,7668,-1.0,200,0.005486844107508659,-1.0,2.244674277562808e-07,0.0,DQN_RND,0.001,0.99,mountaincar,sparse
0,7669,-1.0,200,0.0054881153628230095,-1.0,3.876617995501874e-07,0.0,DQN_RND,0.001,0.99,mountaincar,sparse
0,7670,-1.0,200,0.004115286748856306,-1.0,5.143892849446274e-07,0.0,DQN_RND,0.001,0.99,mountaincar,sparse
0,7671,-1.0,200,0.0013742572627961636,-1.0,1.4966932440074743e-06,0.0,DQN_RND,0.001,0.99,mountaincar,sparse
0,7672,-1.0,200,0.009588235057890415,-1.0,1.807261753583589e-07,0.0,DQN_RND,0.001,0.99,mountaincar,sparse
0,7673,-1.0,200,0.0027470747008919716,-1.0,3.520533198297926e-07,0.0,DQN_RND,0.001,0.99,mountaincar,sparse
0,7674,-1.0,200,0.0027457454707473516,-1.0,2.3279261540665175e-07,0.0,DQN_RND,0.001,0.99,mountaincar,sparse
0,7675,-1.0,200,0.004122591111809015,-1.0,1.3138104577592458e-06,0.0,DQN_RND,0.001,0.99,mountaincar,sparse
0,7676,-1.0,200,0.005487116519361734,-1.0,1.729790284343835e-07,0.0,DQN_RND,0.001,0.99,mountaincar,sparse
0,7677,-1.0,200,0.0020617758855223656,-1.0,1.4502160183837987e-06,0.0,DQN_RND,0.001,0.99,mountaincar,sparse
0,7678,-1.0,200,0.004116232506930828,-1.0,1.2612858313332254e-07,0.0,DQN_RND,0.001,0.99,mountaincar,sparse
0,7679,-1.0,200,0.0034267869777977467,-1.0,1.434250975762552e-07,0.0,DQN_RND,0.001,0.99,mountaincar,sparse
0,7680,-1.0,200,0.0027461086865514517,-1.0,2.5126714717771392e-06,0.0,DQN_RND,0.001,0.99,mountaincar,sparse
0,7681,-1.0,200,0.0054826498962938786,-1.0,1.6730173513224145e-07,0.0,DQN_RND,0.001,0.99,mountaincar,sparse
0,7682,-1.0,200,0.006167658604681492,-1.0,1.8058648265650845e-07,0.0,DQN_RND,0.001,0.99,mountaincar,sparse
0,7683,-1.0,200,0.004803456366062164,-1.0,4.7624657781852875e-06,0.0,DQN_RND,0.001,0.99,mountaincar,sparse
0,7684,-1.0,200,0.005482196342200041,-1.0,9.709274308988824e-07,0.0,DQN_RND,0.001,0.99,mountaincar,sparse
0,7685,-1.0,200,0.0034242747351527214,-1.0,3.376735094207106e-06,0.0,DQN_RND,0.001,0.99,mountaincar,sparse
0,7686,-1.0,200,0.004797264467924833,-1.0,8.015955899054461e-08,0.0,DQN_RND,0.001,0.99,mountaincar,sparse
0,7687,-1.0,200,0.0027451799251139164,-1.0,8.328039768912276e-08,0.0,DQN_RND,0.001,0.99,mountaincar,sparse
0,7688,-1.0,200,0.0034253064077347517,-1.0,3.88886519431253e-06,0.0,DQN_RND,0.001,0.99,mountaincar,sparse
0,7689,-1.0,200,0.002741430653259158,-1.0,2.5611593628127594e-06,0.0,DQN_RND,0.001,0.99,mountaincar,sparse
0,7690,-1.0,200,0.0048007722944021225,-1.0,9.098571496224395e-08,0.0,DQN_RND,0.001,0.99,mountaincar,sparse
0,7691,-1.0,200,4.896748578175902e-06,-1.0,4.4701455408358015e-06,0.0,DQN_RND,0.001,0.99,mountaincar,sparse
0,7692,-1.0,200,0.0054798428900539875,-1.0,1.145990495388105e-06,0.0,DQN_RND,0.001,0.99,mountaincar,sparse
0,7693,-1.0,200,0.0034292968921363354,-1.0,2.067782673975671e-07,0.0,DQN_RND,0.001,0.99,mountaincar,sparse
0,7694,-1.0,200,0.007530787028372288,-1.0,2.7560849957808387e-07,0.0,DQN_RND,0.001,0.99,mountaincar,sparse
0,7695,-1.0,200,0.004108770750463009,-1.0,3.623760278514965e-07,0.0,DQN_RND,0.001,0.99,mountaincar,sparse
0,7696,-1.0,200,0.003428175114095211,-1.0,7.863044260147944e-08,0.0,DQN_RND,0.001,0.99,mountaincar,sparse
0,7697,-1.0,200,0.003428672207519412,-1.0,9.13545932235138e-08,0.0,DQN_RND,0.001,0.99,mountaincar,sparse
0,7698,-1.0,200,0.0027421219274401665,-1.0,1.7384195416525472e-07,0.0,DQN_RND,0.001,0.99,mountaincar,sparse
0,7699,-1.0,200,0.0027410343755036592,-1.0,8.976135035254629e-08,0.0,DQN_RND,0.001,0.99,mountaincar,sparse
0,7700,-1.0,200,0.0020575346425175667,-1.0,3.1681177006248618e-06,0.0,DQN_RND,0.001,0.99,mountaincar,sparse
0,7701,-1.0,200,0.0041139693930745125,-1.0,9.736159967133062e-08,0.0,DQN_RND,0.001,0.99,mountaincar,sparse
0,7702,-1.0,200,0.0034241615794599056,-1.0,2.3132714943585597e-07,0.0,DQN_RND,0.001,0.99,mountaincar,sparse
0,7703,-1.0,200,0.004107032902538776,-1.0,4.71577607186191e-07,0.0,DQN_RND,0.001,0.99,mountaincar,sparse
0,7704,-1.0,200,0.004110808949917555,-1.0,3.1038339898259437e-07,0.0,DQN_RND,0.001,0.99,mountaincar,sparse
0,7705,-1.0,200,0.0034225010313093662,-1.0,2.2462481865659356e-06,0.0,DQN_RND,0.001,0.99,mountaincar,sparse
0,7706,-1.0,200,0.004795882850885391,-1.0,3.1652884899813216e-06,0.0,DQN_RND,0.001,0.99,mountaincar,sparse
0,7707,-1.0,200,0.00205594883300364,-1.0,1.3120927633281099e-06,0.0,DQN_RND,0.001,0.99,mountaincar,sparse
0,7708,-1.0,200,0.002056830795481801,-1.0,3.759777769118955e-07,0.0,DQN_RND,0.001,0.99,mountaincar,sparse
0,7709,-1.0,200,0.0034254046622663736,-1.0,5.874057364962937e-07,0.0,DQN_RND,0.001,0.99,mountaincar,sparse
0,7710,-1.0,200,0.0034242761321365833,-1.0,1.7010650310567144e-07,0.0,DQN_RND,0.001,0.99,mountaincar,sparse
0,7711,-1.0,200,0.0027428760658949614,-1.0,3.4875904475484276e-07,0.0,DQN_RND,0.001,0.99,mountaincar,sparse
0,7712,-1.0,200,0.004791801329702139,-1.0,6.26648613888392e-07,0.0,DQN_RND,0.001,0.99,mountaincar,sparse
0,7713,-1.0,200,0.004108862951397896,-1.0,1.4998474284766417e-07,0.0,DQN_RND,0.001,0.99,mountaincar,sparse
0,7714,-1.0,200,0.004789501428604126,-1.0,1.304981935845717e-07,0.0,DQN_RND,0.001,0.99,mountaincar,sparse
0,7715,-1.0,200,0.0027404583524912596,-1.0,6.237534080355545e-07,0.0,DQN_RND,0.001,0.99,mountaincar,sparse
0,7716,-1.0,200,0.00479132030159235,-1.0,1.3518614423446706e-06,0.0,DQN_RND,0.001,0.99,mountaincar,sparse
0,7717,-1.0,200,0.007523359730839729,-1.0,1.402453477794552e-07,0.0,DQN_RND,0.001,0.99,mountaincar,sparse
0,7718,-1.0,200,0.0027378061786293983,-1.0,9.356006103189429e-07,0.0,DQN_RND,0.001,0.99,mountaincar,sparse
0,7719,-1.0,200,0.008213422261178493,-1.0,1.2789359971066006e-07,0.0,DQN_RND,0.001,0.99,mountaincar,sparse
0,7720,-1.0,200,0.0034189284779131413,-1.0,3.2995774290611735e-06,0.0,DQN_RND,0.001,0.99,mountaincar,sparse
0,7721,-1.0,200,0.004104192368686199,-1.0,1.4442463225350366e-07,0.0,DQN_RND,0.001,0.99,mountaincar,sparse
0,7722,-1.0,200,0.0020517741795629263,-1.0,2.6838363282877253e-06,0.0,DQN_RND,0.001,0.99,mountaincar,sparse
0,7723,-1.0,200,0.0027375170029699802,-1.0,5.040019459556788e-07,0.0,DQN_RND,0.001,0.99,mountaincar,sparse
0,7724,-1.0,200,0.0027344636619091034,-1.0,3.228363311791327e-06,0.0,DQN_RND,0.001,0.99,mountaincar,sparse
0,7725,-1.0,200,0.005470379255712032,-1.0,2.974701942548563e-07,0.0,DQN_RND,0.001,0.99,mountaincar,sparse
0,7726,-1.0,200,0.002735608257353306,-1.0,3.846929530482157e-07,0.0,DQN_RND,0.001,0.99,mountaincar,sparse
0,7727,-1.0,200,0.00341840460896492,-1.0,4.072830506629543e-06,0.0,DQN_RND,0.001,0.99,mountaincar,sparse
0,7728,-1.0,200,0.0013737368863075972,-1.0,3.9688299580120656e-07,0.0,DQN_RND,0.001,0.99,mountaincar,sparse
0,7729,-1.0,200,0.0047850217670202255,-1.0,1.2823481938539771e-06,0.0,DQN_RND,0.001,0.99,mountaincar,sparse
0,7730,-1.0,200,0.0034196169581264257,-1.0,1.976101202671998e-06,0.0,DQN_RND,0.001,0.99,mountaincar,sparse
0,7731,-1.0,200,0.003416587831452489,-1.0,4.624312666123842e-08,0.0,DQN_RND,0.001,0.99,mountaincar,sparse
0,7732,-1.0,200,0.002053085481747985,-1.0,9.928934332492645e-07,0.0,DQN_RND,0.001,0.99,mountaincar,sparse
0,7733,-1.0,200,0.003418296342715621,-1.0,2.4154744551196927e-06,0.0,DQN_RND,0.001,0.99,mountaincar,sparse
0,7734,-1.0,200,0.0020530105102807283,-1.0,3.029444314961438e-06,0.0,DQN_RND,0.001,0.99,mountaincar,sparse
0,7735,-1.0,200,0.004103736486285925,-1.0,5.829149927194521e-07,0.0,DQN_RND,0.001,0.99,mountaincar,sparse
0,7736,-1.0,200,0.004102968145161867,-1.0,1.1669806099234847e-06,0.0,DQN_RND,0.001,0.99,mountaincar,sparse
0,7737,-1.0,200,0.00205390271730721,-1.0,4.2246355747010966e-07,0.0,DQN_RND,0.001,0.99,mountaincar,sparse
0,7738,-1.0,200,0.002737044356763363,-1.0,2.8636322895181365e-06,0.0,DQN_RND,0.001,0.99,mountaincar,sparse
0,7739,-1.0,200,0.0034161622170358896,-1.0,2.07191078516189e-07,0.0,DQN_RND,0.001,0.99,mountaincar,sparse
0,7740,-1.0,200,0.006158110685646534,-1.0,5.313264068718127e-07,0.0,DQN_RND,0.001,0.99,mountaincar,sparse
0,7741,-1.0,200,0.004097516182810068,-1.0,1.7975023069993767e-07,0.0,DQN_RND,0.001,0.99,mountaincar,sparse
0,7742,-1.0,200,0.001371036283671856,-1.0,1.0492456112842774e-06,0.0,DQN_RND,0.001,0.99,mountaincar,sparse
0,7743,-1.0,200,0.00409739138558507,-1.0,1.4231237628337112e-06,0.0,DQN_RND,0.001,0.99,mountaincar,sparse
0,7744,-1.0,200,0.0013696938985958695,-1.0,2.6789226126311405e-07,0.0,DQN_RND,0.001,0.99,mountaincar,sparse
0,7745,-1.0,200,0.004103831481188536,-1.0,2.5951649149646983e-06,0.0,DQN_RND,0.001,0.99,mountaincar,sparse
0,7746,-1.0,200,0.004778400994837284,-1.0,8.162207905115793e-07,0.0,DQN_RND,0.001,0.99,mountaincar,sparse
0,7747,-1.0,200,0.003420452354475856,-1.0,9.29326233745087e-08,0.0,DQN_RND,0.001,0.99,mountaincar,sparse
0,7748,-1.0,200,0.004103174898773432,-1.0,1.7869207624698902e-07,0.0,DQN_RND,0.001,0.99,mountaincar,sparse
0,7749,-1.0,200,0.004779180511832237,-1.0,1.9179350374542992e-07,0.0,DQN_RND,0.001,0.99,mountaincar,sparse
0,7750,-1.0,200,0.004102146252989769,-1.0,6.280723141571798e-07,0.0,DQN_RND,0.001,0.99,mountaincar,sparse
0,7751,-1.0,200,0.004782825242727995,-1.0,2.2491725815143582e-07,0.0,DQN_RND,0.001,0.99,mountaincar,sparse
0,7752,-1.0,200,0.004774964414536953,-1.0,2.8065574042557273e-07,0.0,DQN_RND,0.001,0.99,mountaincar,sparse
0,7753,-1.0,200,0.003420486580580473,-1.0,1.2807756775146117e-06,0.0,DQN_RND,0.001,0.99,mountaincar,sparse
0,7754,-1.0,200,0.0041030715219676495,-1.0,7.079030694967514e-08,0.0,DQN_RND,0.001,0.99,mountaincar,sparse
0,7755,-1.0,200,0.004774144850671291,-1.0,3.775861046051432e-07,0.0,DQN_RND,0.001,0.99,mountaincar,sparse
0,7756,-1.0,200,0.0047829728573560715,-1.0,1.1156474784002057e-06,0.0,DQN_RND,0.001,0.99,mountaincar,sparse
0,7757,-1.0,200,0.0027315421029925346,-1.0,5.965979426036938e-07,0.0,DQN_RND,0.001,0.99,mountaincar,sparse
0,7758,-1.0,200,0.0047864047810435295,-1.0,6.158217615848116e-07,0.0,DQN_RND,0.001,0.99,mountaincar,sparse
0,7759,-1.0,200,0.0034195093903690577,-1.0,7.505527577222892e-08,0.0,DQN_RND,0.001,0.99,mountaincar,sparse
0,7760,-1.0,200,0.0020556244999170303,-1.0,2.958854850021453e-07,0.0,DQN_RND,0.001,0.99,mountaincar,sparse
0,7761,-1.0,200,0.0047762347385287285,-1.0,1.331186325614908e-07,0.0,DQN_RND,0.001,0.99,mountaincar,sparse
0,7762,-1.0,200,0.0006859824061393738,-1.0,1.552277097971455e-07,0.0,DQN_RND,0.001,0.99,mountaincar,sparse
0,7763,-1.0,200,0.006143507547676563,-1.0,7.561085340057616e-07,0.0,DQN_RND,0.001,0.99,mountaincar,sparse
0,7764,-1.0,200,0.0020511229522526264,-1.0,1.8953141989186406e-06,0.0,DQN_RND,0.001,0.99,mountaincar,sparse
0,7765,-1.0,200,0.002733438042923808,-1.0,3.4623141687006864e-07,0.0,DQN_RND,0.001,0.99,mountaincar,sparse
0,7766,-1.0,200,0.0020463746041059494,-1.0,3.297226101039996e-07,0.0,DQN_RND,0.001,0.99,mountaincar,sparse
0,7767,-1.0,200,0.004772650543600321,-1.0,6.76957938594569e-07,0.0,DQN_RND,0.001,0.99,mountaincar,sparse
0,7768,-1.0,200,0.004094681236892939,-1.0,3.6278257198318897e-07,0.0,DQN_RND,0.001,0.99,mountaincar,sparse
0,7769,-1.0,200,0.0027329782024025917,-1.0,8.995246503218368e-07,0.0,DQN_RND,0.001,0.99,mountaincar,sparse
0,7770,-1.0,200,0.005463089793920517,-1.0,3.083520596192102e-06,0.0,DQN_RND,0.001,0.99,mountaincar,sparse
0,7771,-1.0,200,0.006131898146122694,-1.0,1.0888227279792773e-06,0.0,DQN_RND,0.001,0.99,mountaincar,sparse
0,7772,-1.0,200,0.0027331728488206863,-1.0,1.5208794366117218e-06,0.0,DQN_RND,0.001,0.99,mountaincar,sparse
0,7773,-1.0,200,0.0034184991382062435,-1.0,1.622155082259269e-06,0.0,DQN_RND,0.001,0.99,mountaincar,sparse
0,7774,-1.0,200,0.0034175284672528505,-1.0,2.709286036406411e-06,0.0,DQN_RND,0.001,0.99,mountaincar,sparse
0,7775,-1.0,200,0.002730457577854395,-1.0,2.7683486791829637e-07,0.0,DQN_RND,0.001,0.99,mountaincar,sparse
0,7776,-1.0,200,0.004096938297152519,-1.0,5.521227421922958e-07,0.0,DQN_RND,0.001,0.99,mountaincar,sparse
0,7777,-1.0,200,0.0013735939282923937,-1.0,7.496922194150102e-08,0.0,DQN_RND,0.001,0.99,mountaincar,sparse
0,7778,-1.0,200,0.0020554077345877886,-1.0,3.5253840451332508e-06,0.0,DQN_RND,0.001,0.99,mountaincar,sparse
0,7779,-1.0,200,0.0013727579498663545,-1.0,1.3377442655837513e-06,0.0,DQN_RND,0.001,0.99,mountaincar,sparse
0,7780,-1.0,200,0.002055007964372635,-1.0,2.932860070359311e-06,0.0,DQN_RND,0.001,0.99,mountaincar,sparse
0,7781,-1.0,200,0.0040972293354570866,-1.0,5.520577701645379e-07,0.0,DQN_RND,0.001,0.99,mountaincar,sparse
0,7782,-1.0,200,0.0020527075976133347,-1.0,7.202325491562078e-08,0.0,DQN_RND,0.001,0.99,mountaincar,sparse
0,7783,-1.0,200,0.002049684291705489,-1.0,1.5153544836721267e-06,0.0,DQN_RND,0.001,0.99,mountaincar,sparse
0,7784,-1.0,200,0.004774253349751234,-1.0,4.039230248054082e-07,0.0,DQN_RND,0.001,0.99,mountaincar,sparse
0,7785,-1.0,200,0.003417362691834569,-1.0,3.558833668648731e-06,0.0,DQN_RND,0.001,0.99,mountaincar,sparse
0,7786,-1.0,200,0.0027341959066689014,-1.0,1.754066715875524e-06,0.0,DQN_RND,0.001,0.99,mountaincar,sparse
0,7787,-1.0,200,0.001372339203953743,-1.0,2.3275190415006364e-06,0.0,DQN_RND,0.001,0.99,mountaincar,sparse
0,7788,-1.0,200,0.0027354296762496233,-1.0,6.836832966428119e-08,0.0,DQN_RND,0.001,0.99,mountaincar,sparse
0,7789,-1.0,200,0.005460099782794714,-1.0,4.875356580669177e-07,0.0,DQN_RND,0.001,0.99,mountaincar,sparse
0,7790,-1.0,200,0.002733337925747037,-1.0,3.4371014407952316e-06,0.0,DQN_RND,0.001,0.99,mountaincar,sparse
0,7791,-1.0,200,0.004778600763529539,-1.0,8.172908110282151e-07,0.0,DQN_RND,0.001,0.99,mountaincar,sparse
0,7792,-1.0,200,0.0006879707216285169,-1.0,6.611317644455994e-07,0.0,DQN_RND,0.001,0.99,mountaincar,sparse
0,7793,-1.0,200,0.0027299567591398954,-1.0,1.6987562503345544e-06,0.0,DQN_RND,0.001,0.99,mountaincar,sparse
0,7794,-1.0,200,0.0027313376776874065,-1.0,1.7259283140447224e-06,0.0,DQN_RND,0.001,0.99,mountaincar,sparse
0,7795,-1.0,200,0.004098353907465935,-1.0,3.0154551495797932e-06,0.0,DQN_RND,0.001,0.99,mountaincar,sparse
0,7796,-1.0,200,0.004094238858669996,-1.0,3.017167500729556e-06,0.0,DQN_RND,0.001,0.99,mountaincar,sparse
0,7797,-1.0,200,0.0027355446945875883,-1.0,1.705287672848499e-06,0.0,DQN_RND,0.001,0.99,mountaincar,sparse
0,7798,-1.0,200,0.002052248688414693,-1.0,2.1265279883664334e-06,0.0,DQN_RND,0.001,0.99,mountaincar,sparse
0,7799,-1.0,200,0.002052758354693651,-1.0,2.7912969358112605e-07,0.0,DQN_RND,0.001,0.99,mountaincar,sparse
0,7800,-1.0,200,0.0040930514223873615,-1.0,3.3007977435772773e-06,0.0,DQN_RND,0.001,0.99,mountaincar,sparse
0,7801,-1.0,200,0.004780772142112255,-1.0,2.257707592434599e-06,0.0,DQN_RND,0.001,0.99,mountaincar,sparse
0,7802,-1.0,200,0.0034166257828474045,-1.0,1.8016739886661526e-06,0.0,DQN_RND,0.001,0.99,mountaincar,sparse
0,7803,-1.0,200,0.0047829970717430115,-1.0,1.9329174847371178e-06,0.0,DQN_RND,0.001,0.99,mountaincar,sparse
0,7804,-1.0,200,0.002729067113250494,-1.0,5.634959734379663e-07,0.0,DQN_RND,0.001,0.99,mountaincar,sparse
0,7805,-1.0,200,0.004774042870849371,-1.0,4.033689435800625e-07,0.0,DQN_RND,0.001,0.99,mountaincar,sparse
0,7806,-1.0,200,0.0027378262020647526,-1.0,1.0636736078595277e-06,0.0,DQN_RND,0.001,0.99,mountaincar,sparse
0,7807,-1.0,200,0.006145123392343521,-1.0,1.6902689594644471e-06,0.0,DQN_RND,0.001,0.99,mountaincar,sparse
0,7808,-1.0,200,0.0034137072507292032,-1.0,4.959896386935725e-07,0.0,DQN_RND,0.001,0.99,mountaincar,sparse
0,7809,-1.0,200,0.0013723684241995215,-1.0,1.289669285142736e-06,0.0,DQN_RND,0.001,0.99,mountaincar,sparse
0,7810,-1.0,200,0.004093445837497711,-1.0,8.076374342635972e-07,0.0,DQN_RND,0.001,0.99,mountaincar,sparse
0,7811,-1.0,200,0.004098298028111458,-1.0,4.5108126300874574e-07,0.0,DQN_RND,0.001,0.99,mountaincar,sparse
0,7812,-1.0,200,0.006140828598290682,-1.0,8.379674909519963e-07,0.0,DQN_RND,0.001,0.99,mountaincar,sparse
0,7813,-1.0,200,0.006827681325376034,-1.0,6.398948926289449e-07,0.0,DQN_RND,0.001,0.99,mountaincar,sparse
0,7814,-1.0,200,0.002733878791332245,-1.0,1.717715463200875e-07,0.0,DQN_RND,0.001,0.99,mountaincar,sparse
0,7815,-1.0,200,0.0034093819558620453,-1.0,1.8496814391255612e-06,0.0,DQN_RND,0.001,0.99,mountaincar,sparse
0,7816,-1.0,200,0.003406402189284563,-1.0,5.767815878243709e-07,0.0,DQN_RND,0.001,0.99,mountaincar,sparse
0,7817,-1.0,200,0.00409470871090889,-1.0,4.832651825381618e-07,0.0,DQN_RND,0.001,0.99,mountaincar,sparse
0,7818,-1.0,200,0.0006868577911518514,-1.0,5.632472834804503e-07,0.0,DQN_RND,0.001,0.99,mountaincar,sparse
0,7819,-1.0,200,0.008869225159287453,-1.0,1.2902007711090846e-06,0.0,DQN_RND,0.001,0.99,mountaincar,sparse
0,7820,-1.0,200,0.0040929666720330715,-1.0,1.1946326594625134e-06,0.0,DQN_RND,0.001,0.99,mountaincar,sparse
0,7821,-1.0,200,0.0068247332237660885,-1.0,2.3619136868546775e-07,0.0,DQN_RND,0.001,0.99,mountaincar,sparse
0,7822,-1.0,200,0.0013669561594724655,-1.0,9.553272093398846e-07,0.0,DQN_RND,0.001,0.99,mountaincar,sparse
0,7823,-1.0,200,0.0027345146518200636,-1.0,2.569390062490129e-06,0.0,DQN_RND,0.001,0.99,mountaincar,sparse
0,7824,-1.0,200,0.0013652399647980928,-1.0,2.1192031454120297e-06,0.0,DQN_RND,0.001,0.99,mountaincar,sparse
0,7825,-1.0,200,0.0034069097600877285,-1.0,1.5494387639591878e-07,0.0,DQN_RND,0.001,0.99,mountaincar,sparse
0,7826,-1.0,200,0.0027315097395330667,-1.0,1.1456264559228657e-07,0.0,DQN_RND,0.001,0.99,mountaincar,sparse
0,7827,-1.0,200,0.002729743253439665,-1.0,3.2758973702584626e-06,0.0,DQN_RND,0.001,0.99,mountaincar,sparse
0,7828,-1.0,200,0.003409311408177018,-1.0,1.3237452094472246e-06,0.0,DQN_RND,0.001,0.99,mountaincar,sparse
0,7829,-1.0,200,0.004775660578161478,-1.0,3.9376169524985016e-07,0.0,DQN_RND,0.001,0.99,mountaincar,sparse
0,7830,-1.0,200,0.002733162371441722,-1.0,2.637320619669481e-07,0.0,DQN_RND,0.001,0.99,mountaincar,sparse
0,7831,-1.0,200,0.004775177221745253,-1.0,2.054814785878989e-06,0.0,DQN_RND,0.001,0.99,mountaincar,sparse
0,7832,-1.0,200,0.0061380816623568535,-1.0,6.85459610849648e-07,0.0,DQN_RND,0.001,0.99,mountaincar,sparse
0,7833,-1.0,200,0.005453727673739195,-1.0,2.0064262571395375e-06,0.0,DQN_RND,0.001,0.99,mountaincar,sparse
0,7834,-1.0,200,0.004778715316206217,-1.0,3.278334816059214e-06,0.0,DQN_RND,0.001,0.99,mountaincar,sparse
0,7835,-1.0,200,0.002730698324739933,-1.0,1.5208148624878959e-06,0.0,DQN_RND,0.001,0.99,mountaincar,sparse
0,7836,-1.0,200,0.004774332046508789,-1.0,3.065933242396568e-06,0.0,DQN_RND,0.001,0.99,mountaincar,sparse
0,7837,-1.0,200,0.001367422635667026,-1.0,1.2613868705102504e-07,0.0,DQN_RND,0.001,0.99,mountaincar,sparse
0,7838,-1.0,200,0.002049428876489401,-1.0,1.9081592483871646e-07,0.0,DQN_RND,0.001,0.99,mountaincar,sparse
0,7839,-1.0,200,0.006134564522653818,-1.0,1.6719210407245555e-06,0.0,DQN_RND,0.001,0.99,mountaincar,sparse
0,7840,-1.0,200,0.005457369610667229,-1.0,1.684788912825752e-07,0.0,DQN_RND,0.001,0.99,mountaincar,sparse
0,7841,-1.0,200,0.004770482890307903,-1.0,6.451054446188209e-08,0.0,DQN_RND,0.001,0.99,mountaincar,sparse
0,7842,-1.0,200,0.004766994621604681,-1.0,1.0755628636616166e-06,0.0,DQN_RND,0.001,0.99,mountaincar,sparse
0,7843,-1.0,200,0.006139375269412994,-1.0,7.724551664978208e-07,0.0,DQN_RND,0.001,0.99,mountaincar,sparse
0,7844,-1.0,200,0.004088160581886768,-1.0,1.0693583618603952e-07,0.0,DQN_RND,0.001,0.99,mountaincar,sparse
0,7845,-1.0,200,0.0034120073541998863,-1.0,2.494153932275367e-07,0.0,DQN_RND,0.001,0.99,mountaincar,sparse
0,7846,-1.0,200,0.004087618086487055,-1.0,2.2336112124321517e-06,0.0,DQN_RND,0.001,0.99,mountaincar,sparse
0,7847,-1.0,200,0.0027261271607130766,-1.0,8.122164558699296e-07,0.0,DQN_RND,0.001,0.99,mountaincar,sparse
0,7848,-1.0,200,0.003402019152417779,-1.0,2.4538823595321446e-07,0.0,DQN_RND,0.001,0.99,mountaincar,sparse
0,7849,-1.0,200,0.006811646744608879,-1.0,4.4125286535745545e-07,0.0,DQN_RND,0.001,0.99,mountaincar,sparse
0,7850,-1.0,200,0.0013661460252478719,-1.0,2.006914883168065e-06,0.0,DQN_RND,0.001,0.99,mountaincar,sparse
0,7851,-1.0,200,0.0013633985072374344,-1.0,1.1429455071265693e-06,0.0,DQN_RND,0.001,0.99,mountaincar,sparse
0,7852,-1.0,200,0.004086898174136877,-1.0,1.4180655227846728e-07,0.0,DQN_RND,0.001,0.99,mountaincar,sparse
0,7853,-1.0,200,0.002047044923529029,-1.0,2.64058849097637e-06,0.0,DQN_RND,0.001,0.99,mountaincar,sparse
0,7854,-1.0,200,0.004090030677616596,-1.0,2.370120881778348e-07,0.0,DQN_RND,0.001,0.99,mountaincar,sparse
0,7855,-1.0,200,0.005444714799523354,-1.0,1.9869227685376245e-07,0.0,DQN_RND,0.001,0.99,mountaincar,sparse
0,7856,-1.0,200,0.00408903369680047,-1.0,2.1144617790014308e-07,0.0,DQN_RND,0.001,0.99,mountaincar,sparse
0,7857,-1.0,200,0.0020453021861612797,-1.0,2.854118008599471e-07,0.0,DQN_RND,0.001,0.99,mountaincar,sparse
0,7858,-1.0,200,0.0034062403719872236,-1.0,2.2825973644557962e-07,0.0,DQN_RND,0.001,0.99,mountaincar,sparse
0,7859,-1.0,200,0.0013656525406986475,-1.0,4.2078139017576177e-07,0.0,DQN_RND,0.001,0.99,mountaincar,sparse
0,7860,-1.0,200,0.002046011621132493,-1.0,3.325000079712481e-07,0.0,DQN_RND,0.001,0.99,mountaincar,sparse
0,7861,-1.0,200,0.005449145566672087,-1.0,2.2086237549956422e-07,0.0,DQN_RND,0.001,0.99,mountaincar,sparse
0,7862,-1.0,200,0.004088415298610926,-1.0,9.016153512675373e-07,0.0,DQN_RND,0.001,0.99,mountaincar,sparse
0,7863,-1.0,200,0.0068077463656663895,-1.0,5.841104666615138e-07,0.0,DQN_RND,0.001,0.99,mountaincar,sparse
0,7864,-1.0,200,0.00476869335398078,-1.0,2.701995072129648e-07,0.0,DQN_RND,0.001,0.99,mountaincar,sparse
0,7865,-1.0,200,0.003408944932743907,-1.0,9.073102660295262e-07,0.0,DQN_RND,0.001,0.99,mountaincar,sparse
0,7866,-1.0,200,0.008845784701406956,-1.0,5.307043124958e-07,0.0,DQN_RND,0.001,0.99,mountaincar,sparse
0,7867,-1.0,200,0.0027231222484260798,-1.0,1.3206067706050817e-06,0.0,DQN_RND,0.001,0.99,mountaincar,sparse
0,7868,-1.0,200,0.005445743910968304,-1.0,1.20107665679825e-06,0.0,DQN_RND,0.001,0.99,mountaincar,sparse
0,7869,-1.0,200,0.004085134714841843,-1.0,2.789205382214277e-06,0.0,DQN_RND,0.001,0.99,mountaincar,sparse
0,7870,-1.0,200,0.0054473718628287315,-1.0,8.014495733732474e-07,0.0,DQN_RND,0.001,0.99,mountaincar,sparse
0,7871,-1.0,200,0.0020443210378289223,-1.0,3.0874187473273196e-07,0.0,DQN_RND,0.001,0.99,mountaincar,sparse
0,7872,-1.0,200,0.0027229832485318184,-1.0,5.074500677437754e-07,0.0,DQN_RND,0.001,0.99,mountaincar,sparse
0,7873,-1.0,200,0.004085680935531855,-1.0,2.1597190880129347e-06,0.0,DQN_RND,0.001,0.99,mountaincar,sparse
0,7874,-1.0,200,0.0061259944923222065,-1.0,5.666935862791433e-07,0.0,DQN_RND,0.001,0.99,mountaincar,sparse
0,7875,-1.0,200,0.002724784892052412,-1.0,2.0287448876388225e-07,0.0,DQN_RND,0.001,0.99,mountaincar,sparse
0,7876,-1.0,200,0.002726215636357665,-1.0,1.0407383115307312e-06,0.0,DQN_RND,0.001,0.99,mountaincar,sparse
0,7877,-1.0,200,0.004082776606082916,-1.0,1.058852149071754e-06,0.0,DQN_RND,0.001,0.99,mountaincar,sparse
0,7878,-1.0,200,0.003405450377613306,-1.0,2.166427464089793e-07,0.0,DQN_RND,0.001,0.99,mountaincar,sparse
0,7879,-1.0,200,0.005444325972348452,-1.0,1.8047156800093944e-06,0.0,DQN_RND,0.001,0.99,mountaincar,sparse
0,7880,-1.0,200,0.004082848317921162,-1.0,3.411600744129828e-07,0.0,DQN_RND,0.001,0.99,mountaincar,sparse
0,7881,-1.0,200,0.005440245848149061,-1.0,2.6866601388064737e-07,0.0,DQN_RND,0.001,0.99,mountaincar,sparse
0,7882,-1.0,200,0.002723440993577242,-1.0,1.1763703469114262e-06,0.0,DQN_RND,0.001,0.99,mountaincar,sparse
0,7883,-1.0,200,0.0027210970874875784,-1.0,1.070285179594066e-06,0.0,DQN_RND,0.001,0.99,mountaincar,sparse
0,7884,-1.0,200,0.004084236919879913,-1.0,1.7977037032324006e-06,0.0,DQN_RND,0.001,0.99,mountaincar,sparse
0,7885,-1.0,200,0.004081725608557463,-1.0,1.3337543123270734e-06,0.0,DQN_RND,0.001,0.99,mountaincar,sparse
0,7886,-1.0,200,0.004762833472341299,-1.0,9.901534667733358e-07,0.0,DQN_RND,0.001,0.99,mountaincar,sparse
0,7887,-1.0,200,0.00408258568495512,-1.0,1.2076307029929012e-06,0.0,DQN_RND,0.001,0.99,mountaincar,sparse
0,7888,-1.0,200,0.004080958664417267,-1.0,2.6063753466587514e-07,0.0,DQN_RND,0.001,0.99,mountaincar,sparse
0,7889,-1.0,200,0.004079386126250029,-1.0,2.5286749405495357e-07,0.0,DQN_RND,0.001,0.99,mountaincar,sparse
0,7890,-1.0,200,0.002041691215708852,-1.0,2.4048341629168135e-07,0.0,DQN_RND,0.001,0.99,mountaincar,sparse
0,7891,-1.0,200,0.0027194861322641373,-1.0,2.8131151452726044e-07,0.0,DQN_RND,0.001,0.99,mountaincar,sparse
0,7892,-1.0,200,0.0020439610816538334,-1.0,8.866072676028125e-07,0.0,DQN_RND,0.001,0.99,mountaincar,sparse
0,7893,-1.0,200,0.0027215685695409775,-1.0,1.0801777534652501e-06,0.0,DQN_RND,0.001,0.99,mountaincar,sparse
0,7894,-1.0,200,0.003402027301490307,-1.0,5.697792175851646e-07,0.0,DQN_RND,0.001,0.99,mountaincar,sparse
0,7895,-1.0,200,0.002721332013607025,-1.0,1.8475841443432728e-06,0.0,DQN_RND,0.001,0.99,mountaincar,sparse
0,7896,-1.0,200,0.002722682897001505,-1.0,7.993754707058542e-07,0.0,DQN_RND,0.001,0.99,mountaincar,sparse
0,7897,-1.0,200,0.001364226103760302,-1.0,3.921759343938902e-07,0.0,DQN_RND,0.001,0.99,mountaincar,sparse
0,7898,-1.0,200,0.0047567193396389484,-1.0,2.3394370884943783e-07,0.0,DQN_RND,0.001,0.99,mountaincar,sparse
0,7899,-1.0,200,0.0013615414500236511,-1.0,2.467618855916953e-07,0.0,DQN_RND,0.001,0.99,mountaincar,sparse
0,7900,-1.0,200,0.0020424670074135065,-1.0,3.750820383174869e-07,0.0,DQN_RND,0.001,0.99,mountaincar,sparse
0,7901,-1.0,200,0.0027232873253524303,-1.0,2.161226348107448e-06,0.0,DQN_RND,0.001,0.99,mountaincar,sparse
0,7902,-1.0,200,0.0027224314399063587,-1.0,4.4792838593821216e-07,0.0,DQN_RND,0.001,0.99,mountaincar,sparse
0,7903,-1.0,200,0.0034022806212306023,-1.0,1.1673507742671063e-06,0.0,DQN_RND,0.001,0.99,mountaincar,sparse
0,7904,-1.0,200,0.0020415023900568485,-1.0,6.129124585640966e-07,0.0,DQN_RND,0.001,0.99,mountaincar,sparse
0,7905,-1.0,200,0.00204303371720016,-1.0,2.1531573679567373e-07,0.0,DQN_RND,0.001,0.99,mountaincar,sparse
0,7906,-1.0,200,0.004080641083419323,-1.0,2.430499534966657e-06,0.0,DQN_RND,0.001,0.99,mountaincar,sparse
0,7907,-1.0,200,0.0034004375338554382,-1.0,4.3525329829208204e-07,0.0,DQN_RND,0.001,0.99,mountaincar,sparse
0,7908,-1.0,200,0.002724304096773267,-1.0,1.8591911157272989e-06,0.0,DQN_RND,0.001,0.99,mountaincar,sparse
0,7909,-1.0,200,0.0027182113844901323,-1.0,5.268941549729789e-07,0.0,DQN_RND,0.001,0.99,mountaincar,sparse
0,7910,-1.0,200,0.0027198318857699633,-1.0,2.2644697139639902e-07,0.0,DQN_RND,0.001,0.99,mountaincar,sparse
0,7911,-1.0,200,0.0027194670401513577,-1.0,1.0039449307441828e-06,0.0,DQN_RND,0.001,0.99,mountaincar,sparse
0,7912,-1.0,200,0.004080144688487053,-1.0,7.2723662469798e-07,0.0,DQN_RND,0.001,0.99,mountaincar,sparse
0,7913,-1.0,200,0.003399316454306245,-1.0,3.2432788543701463e-07,0.0,DQN_RND,0.001,0.99,mountaincar,sparse
0,7914,-1.0,200,0.006123685743659735,-1.0,1.9478835611153045e-07,0.0,DQN_RND,0.001,0.99,mountaincar,sparse
0,7915,-1.0,200,0.002042599255219102,-1.0,4.4503440221888013e-07,0.0,DQN_RND,0.001,0.99,mountaincar,sparse
0,7916,-1.0,200,0.000686566112563014,-1.0,5.26281951351848e-07,0.0,DQN_RND,0.001,0.99,mountaincar,sparse
0,7917,-1.0,200,0.004758279304951429,-1.0,3.4189545772278507e-07,0.0,DQN_RND,0.001,0.99,mountaincar,sparse
0,7918,-1.0,200,0.006115015596151352,-1.0,9.619774345992482e-07,0.0,DQN_RND,0.001,0.99,mountaincar,sparse
0,7919,-1.0,200,0.002720859833061695,-1.0,2.1798328475597373e-07,0.0,DQN_RND,0.001,0.99,mountaincar,sparse
0,7920,-1.0,200,0.001363028073683381,-1.0,1.700274907534549e-07,0.0,DQN_RND,0.001,0.99,mountaincar,sparse
0,7921,-1.0,200,0.006115091033279896,-1.0,8.564139761801925e-07,0.0,DQN_RND,0.001,0.99,mountaincar,sparse
0,7922,-1.0,200,0.0013622724218294024,-1.0,4.787438570019731e-07,0.0,DQN_RND,0.001,0.99,mountaincar,sparse
0,7923,-1.0,200,0.0040785991586744785,-1.0,1.4378561274952517e-07,0.0,DQN_RND,0.001,0.99,mountaincar,sparse
0,7924,-1.0,200,0.002719500567764044,-1.0,2.766510931451194e-07,0.0,DQN_RND,0.001,0.99,mountaincar,sparse
0,7925,-1.0,200,0.0047547705471515656,-1.0,6.39541610780725e-07,0.0,DQN_RND,0.001,0.99,mountaincar,sparse
0,7926,-1.0,200,0.0013611705508083105,-1.0,1.2324429121690628e-07,0.0,DQN_RND,0.001,0.99,mountaincar,sparse
0,7927,-1.0,200,0.004079813603311777,-1.0,1.757773247845762e-06,0.0,DQN_RND,0.001,0.99,mountaincar,sparse
0,7928,-1.0,200,0.001363093382678926,-1.0,1.2071629384990956e-07,0.0,DQN_RND,0.001,0.99,mountaincar,sparse
0,7929,-1.0,200,0.0006829879130236804,-1.0,3.9132822848841897e-07,0.0,DQN_RND,0.001,0.99,mountaincar,sparse
0,7930,-1.0,200,0.003398231230676174,-1.0,1.3976976731555624e-07,0.0,DQN_RND,0.001,0.99,mountaincar,sparse
0,7931,-1.0,200,0.004755927249789238,-1.0,3.141120259897434e-06,0.0,DQN_RND,0.001,0.99,mountaincar,sparse
0,7932,-1.0,200,0.002039498882368207,-1.0,1.4714416352035187e-07,0.0,DQN_RND,0.001,0.99,mountaincar,sparse
0,7933,-1.0,200,0.004076507408171892,-1.0,1.0827648111444432e-07,0.0,DQN_RND,0.001,0.99,mountaincar,sparse
0,7934,-1.0,200,0.002720460295677185,-1.0,8.747123843022564e-07,0.0,DQN_RND,0.001,0.99,mountaincar,sparse
0,7935,-1.0,200,0.002040483755990863,-1.0,1.494367865007007e-07,0.0,DQN_RND,0.001,0.99,mountaincar,sparse
0,7936,-1.0,200,0.0020413422025740147,-1.0,2.458651238157472e-07,0.0,DQN_RND,0.001,0.99,mountaincar,sparse
0,7937,-1.0,200,0.006793218664824963,-1.0,3.016470827787998e-06,0.0,DQN_RND,0.001,0.99,mountaincar,sparse
0,7938,-1.0,200,0.003396163461729884,-1.0,1.0928456362080397e-07,0.0,DQN_RND,0.001,0.99,mountaincar,sparse
0,7939,-1.0,200,0.0020405533723533154,-1.0,3.0144410629873164e-06,0.0,DQN_RND,0.001,0.99,mountaincar,sparse
0,7940,-1.0,200,0.0040771435014903545,-1.0,1.4633388900620048e-07,0.0,DQN_RND,0.001,0.99,mountaincar,sparse
0,7941,-1.0,200,0.0033988654613494873,-1.0,9.496898201177828e-07,0.0,DQN_RND,0.001,0.99,mountaincar,sparse
0,7942,-1.0,200,0.0020401219371706247,-1.0,2.084854486383847e-06,0.0,DQN_RND,0.001,0.99,mountaincar,sparse
0,7943,-1.0,200,0.004073631949722767,-1.0,7.565782311758085e-07,0.0,DQN_RND,0.001,0.99,mountaincar,sparse
0,7944,-1.0,200,0.003399583278223872,-1.0,4.5960945271872333e-07,0.0,DQN_RND,0.001,0.99,mountaincar,sparse
0,7945,-1.0,200,0.0027208940591663122,-1.0,1.863422312453622e-06,0.0,DQN_RND,0.001,0.99,mountaincar,sparse
0,7946,-1.0,200,0.004755000583827496,-1.0,4.00001999878441e-06,0.0,DQN_RND,0.001,0.99,mountaincar,sparse
0,7947,-1.0,200,0.0033957967534661293,-1.0,5.293347271617677e-07,0.0,DQN_RND,0.001,0.99,mountaincar,sparse
0,7948,-1.0,200,0.002039307728409767,-1.0,1.3836788070875627e-07,0.0,DQN_RND,0.001,0.99,mountaincar,sparse
0,7949,-1.0,200,0.004753877874463797,-1.0,1.25595249755861e-07,0.0,DQN_RND,0.001,0.99,mountaincar,sparse
0,7950,-1.0,200,0.0020402977243065834,-1.0,1.5309669265661796e-07,0.0,DQN_RND,0.001,0.99,mountaincar,sparse
0,7951,-1.0,200,0.0006839905981905758,-1.0,6.945336963326554e-07,0.0,DQN_RND,0.001,0.99,mountaincar,sparse
0,7952,-1.0,200,0.004073177929967642,-1.0,2.3604908960805915e-07,0.0,DQN_RND,0.001,0.99,mountaincar,sparse
0,7953,-1.0,200,0.004754133056849241,-1.0,1.1885884276807701e-07,0.0,DQN_RND,0.001,0.99,mountaincar,sparse
0,7954,-1.0,200,0.006109706126153469,-1.0,1.0186709005211014e-06,0.0,DQN_RND,0.001,0.99,mountaincar,sparse
0,7955,-1.0,200,0.003397910390049219,-1.0,1.8507518007027102e-07,0.0,DQN_RND,0.001,0.99,mountaincar,sparse
0,7956,-1.0,200,0.004755401983857155,-1.0,3.270958757184417e-07,0.0,DQN_RND,0.001,0.99,mountaincar,sparse
0,7957,-1.0,200,0.0020361130591481924,-1.0,8.680073193545468e-08,0.0,DQN_RND,0.001,0.99,mountaincar,sparse
0,7958,-1.0,200,0.003394134109839797,-1.0,1.1928604237709806e-07,0.0,DQN_RND,0.001,0.99,mountaincar,sparse
0,7959,-1.0,200,0.0027191881090402603,-1.0,2.7666996516018116e-07,0.0,DQN_RND,0.001,0.99,mountaincar,sparse
0,7960,-1.0,200,0.00339219206944108,-1.0,1.12426016585232e-06,0.0,DQN_RND,0.001,0.99,mountaincar,sparse
0,7961,-1.0,200,0.0027174013666808605,-1.0,1.1227930230006677e-07,0.0,DQN_RND,0.001,0.99,mountaincar,sparse
0,7962,-1.0,200,0.002719440497457981,-1.0,2.0082158869172417e-07,0.0,DQN_RND,0.001,0.99,mountaincar,sparse
0,7963,-1.0,200,0.003395448438823223,-1.0,5.817754527015495e-07,0.0,DQN_RND,0.001,0.99,mountaincar,sparse
0,7964,-1.0,200,0.0027177934534847736,-1.0,2.5463882025178464e-07,0.0,DQN_RND,0.001,0.99,mountaincar,sparse
0,7965,-1.0,200,0.0006848647026345134,-1.0,1.2247265885889647e-06,0.0,DQN_RND,0.001,0.99,mountaincar,sparse
0,7966,-1.0,200,0.005429711192846298,-1.0,9.215266913997766e-07,0.0,DQN_RND,0.001,0.99,mountaincar,sparse
0,7967,-1.0,200,0.0033965925686061382,-1.0,1.450829643090401e-07,0.0,DQN_RND,0.001,0.99,mountaincar,sparse
0,7968,-1.0,200,0.0033964766189455986,-1.0,2.6084487103616993e-07,0.0,DQN_RND,0.001,0.99,mountaincar,sparse
0,7969,-1.0,200,0.0033931818325072527,-1.0,5.147914805547771e-08,0.0,DQN_RND,0.001,0.99,mountaincar,sparse
0,7970,-1.0,200,0.004752466455101967,-1.0,1.1122019714093767e-06,0.0,DQN_RND,0.001,0.99,mountaincar,sparse
0,7971,-1.0,200,0.0027163224294781685,-1.0,1.4123428400125704e-06,0.0,DQN_RND,0.001,0.99,mountaincar,sparse
0,7972,-1.0,200,0.004069982096552849,-1.0,4.145995191606744e-08,0.0,DQN_RND,0.001,0.99,mountaincar,sparse
0,7973,-1.0,200,0.002038695150986314,-1.0,6.522863316149596e-08,0.0,DQN_RND,0.001,0.99,mountaincar,sparse
0,7974,-1.0,200,0.002711573615670204,-1.0,1.3745867022407765e-07,0.0,DQN_RND,0.001,0.99,mountaincar,sparse
0,7975,-1.0,200,0.0027165000792592764,-1.0,9.124597113441268e-07,0.0,DQN_RND,0.001,0.99,mountaincar,sparse
0,7976,-1.0,200,0.003395440522581339,-1.0,3.5554140254134836e-07,0.0,DQN_RND,0.001,0.99,mountaincar,sparse
0,7977,-1.0,200,0.0013630595058202744,-1.0,1.61656146246969e-07,0.0,DQN_RND,0.001,0.99,mountaincar,sparse
0,7978,-1.0,200,0.003394477069377899,-1.0,3.238289707496733e-07,0.0,DQN_RND,0.001,0.99,mountaincar,sparse
0,7979,-1.0,200,0.0013593013864010572,-1.0,2.7033095193473855e-06,0.0,DQN_RND,0.001,0.99,mountaincar,sparse
0,7980,-1.0,200,0.004751749336719513,-1.0,6.438176001211104e-07,0.0,DQN_RND,0.001,0.99,mountaincar,sparse
0,7981,-1.0,200,0.004072849173098803,-1.0,7.87608883001667e-07,0.0,DQN_RND,0.001,0.99,mountaincar,sparse
0,7982,-1.0,200,0.002040561055764556,-1.0,1.4419831586565124e-06,0.0,DQN_RND,0.001,0.99,mountaincar,sparse
0,7983,-1.0,200,0.006101042963564396,-1.0,1.1384371134681714e-07,0.0,DQN_RND,0.001,0.99,mountaincar,sparse
0,7984,-1.0,200,0.0013614259660243988,-1.0,1.2366196244784078e-07,0.0,DQN_RND,0.001,0.99,mountaincar,sparse
0,7985,-1.0,200,0.0006828572368249297,-1.0,3.186860340065323e-06,0.0,DQN_RND,0.001,0.99,mountaincar,sparse
0,7986,-1.0,200,0.004070363473147154,-1.0,6.053083438928297e-07,0.0,DQN_RND,0.001,0.99,mountaincar,sparse
0,7987,-1.0,200,0.0006824719021096826,-1.0,4.3349524503355497e-07,0.0,DQN_RND,0.001,0.99,mountaincar,sparse
0,7988,-1.0,200,0.0040753609500825405,-1.0,2.2529109173774486e-06,0.0,DQN_RND,0.001,0.99,mountaincar,sparse
0,7989,-1.0,200,0.0040704128332436085,-1.0,1.035239804991761e-07,0.0,DQN_RND,0.001,0.99,mountaincar,sparse
0,7990,-1.0,200,0.0033922859001904726,-1.0,2.512228149953444e-07,0.0,DQN_RND,0.001,0.99,mountaincar,sparse
0,7991,-1.0,200,0.0020403575617820024,-1.0,7.90475723988493e-07,0.0,DQN_RND,0.001,0.99,mountaincar,sparse
0,7992,-1.0,200,0.004069596529006958,-1.0,1.5395913521842886e-07,0.0,DQN_RND,0.001,0.99,mountaincar,sparse
0,7993,-1.0,200,0.002719429787248373,-1.0,8.601380585560037e-08,0.0,DQN_RND,0.001,0.99,mountaincar,sparse
0,7994,-1.0,200,0.002712721936404705,-1.0,2.2143348132885876e-07,0.0,DQN_RND,0.001,0.99,mountaincar,sparse
0,7995,-1.0,200,0.0047486512921750546,-1.0,1.978515228984179e-06,0.0,DQN_RND,0.001,0.99,mountaincar,sparse
0,7996,-1.0,200,0.0033941117580980062,-1.0,4.184129466011655e-06,0.0,DQN_RND,0.001,0.99,mountaincar,sparse
0,7997,-1.0,200,0.0027163620106875896,-1.0,8.365169890112156e-08,0.0,DQN_RND,0.001,0.99,mountaincar,sparse
0,7998,-1.0,200,0.002035686047747731,-1.0,2.429353287425329e-07,0.0,DQN_RND,0.001,0.99,mountaincar,sparse
0,7999,-1.0,200,0.004747554659843445,-1.0,4.5177472429713816e-07,0.0,DQN_RND,0.001,0.99,mountaincar,sparse
0,8000,-1.0,200,0.001360632129944861,-1.0,1.234169815234054e-07,0.0,DQN_RND,0.001,0.99,mountaincar,sparse
