episode,return,length,epsilon,loss,q_mean,td_error_mean,icm_loss,intrinsic_reward_mean,eval_return_mean,eval_return_std,eval_length_mean,agent,env,reward_type,lr,gamma,seed,eta
1,0.0,14,1.0,nan,nan,nan,,,,,,dqn,cartpole,sparse,0.01,0.99,6,
2,0.0,28,0.9968333333333333,nan,nan,nan,,,,,,dqn,cartpole,sparse,0.01,0.99,6,
3,0.0,17,0.9936666666666667,nan,nan,nan,,,,,,dqn,cartpole,sparse,0.01,0.99,6,
4,0.0,26,0.9905,nan,nan,nan,,,,,,dqn,cartpole,sparse,0.01,0.99,6,
5,0.0,19,0.9873333333333333,nan,nan,nan,,,,,,dqn,cartpole,sparse,0.01,0.99,6,
6,0.0,30,0.9841666666666666,nan,nan,nan,,,,,,dqn,cartpole,sparse,0.01,0.99,6,
7,0.0,21,0.981,nan,nan,nan,,,,,,dqn,cartpole,sparse,0.01,0.99,6,
8,0.0,46,0.9778333333333333,nan,nan,nan,,,,,,dqn,cartpole,sparse,0.01,0.99,6,
9,0.0,14,0.9746666666666667,nan,nan,nan,,,,,,dqn,cartpole,sparse,0.01,0.99,6,
10,0.0,12,0.9715,nan,nan,nan,,,,,,dqn,cartpole,sparse,0.01,0.99,6,
11,0.0,18,0.9683333333333334,nan,nan,nan,,,,,,dqn,cartpole,sparse,0.01,0.99,6,
12,0.0,31,0.9651666666666666,nan,nan,nan,,,,,,dqn,cartpole,sparse,0.01,0.99,6,
13,0.0,30,0.962,nan,nan,nan,,,,,,dqn,cartpole,sparse,0.01,0.99,6,
14,0.0,33,0.9588333333333333,nan,nan,nan,,,,,,dqn,cartpole,sparse,0.01,0.99,6,
15,0.0,31,0.9556666666666667,nan,nan,nan,,,,,,dqn,cartpole,sparse,0.01,0.99,6,
16,0.0,12,0.9525,nan,nan,nan,,,,,,dqn,cartpole,sparse,0.01,0.99,6,
17,0.0,45,0.9493333333333334,nan,nan,nan,,,,,,dqn,cartpole,sparse,0.01,0.99,6,
18,0.0,9,0.9461666666666667,nan,nan,nan,,,,,,dqn,cartpole,sparse,0.01,0.99,6,
19,0.0,17,0.9430000000000001,nan,nan,nan,,,,,,dqn,cartpole,sparse,0.01,0.99,6,
20,0.0,22,0.9398333333333333,nan,nan,nan,,,,,,dqn,cartpole,sparse,0.01,0.99,6,
21,0.0,11,0.9366666666666666,nan,nan,nan,,,,,,dqn,cartpole,sparse,0.01,0.99,6,
22,0.0,37,0.9335,0.0004458245821297169,0.017984116449952126,0.02024720422923565,,,,,,dqn,cartpole,sparse,0.01,0.99,6,
23,0.0,12,0.9303333333333333,8.475619688397273e-05,0.03524182736873627,0.00973333790898323,,,,,,dqn,cartpole,sparse,0.01,0.99,6,
24,0.0,18,0.9271666666666667,0.00026819820050150156,0.02988392487168312,0.014788273721933365,,,,,,dqn,cartpole,sparse,0.01,0.99,6,
25,0.0,16,0.924,0.0001929355348693207,0.03533174842596054,0.011863108724355698,,,,,,dqn,cartpole,sparse,0.01,0.99,6,
26,0.0,11,0.9208333333333334,0.0004138765507377684,0.036850787699222565,0.013811149634420872,,,,,,dqn,cartpole,sparse,0.01,0.99,6,
27,0.0,18,0.9176666666666666,0.00013535159814637154,0.025392968207597733,0.009496081620454788,,,,,,dqn,cartpole,sparse,0.01,0.99,6,
28,0.0,13,0.9145,0.0001410836703144014,0.03477426618337631,0.010607518255710602,,,,,,dqn,cartpole,sparse,0.01,0.99,6,
29,0.0,54,0.9113333333333333,5.071105624665506e-05,0.027717405930161476,0.007837126962840557,,,,,,dqn,cartpole,sparse,0.01,0.99,6,
30,0.0,23,0.9081666666666667,0.00020517085795290768,0.028094109147787094,0.008604694157838821,,,,,,dqn,cartpole,sparse,0.01,0.99,6,
31,0.0,15,0.905,0.00013751519145444036,0.024003665894269943,0.009169982746243477,,,,,,dqn,cartpole,sparse,0.01,0.99,6,
32,0.0,12,0.9018333333333334,0.00013551274605561048,0.02589605562388897,0.009615201503038406,,,,,,dqn,cartpole,sparse,0.01,0.99,6,
33,0.0,20,0.8986666666666667,5.133537342771888e-05,0.03555798903107643,0.00793516356498003,,,,,,dqn,cartpole,sparse,0.01,0.99,6,
34,0.0,27,0.8955,9.492895333096385e-05,0.025049470365047455,0.009285017848014832,,,,,,dqn,cartpole,sparse,0.01,0.99,6,
35,0.0,14,0.8923333333333333,0.00010666467278497294,0.03300396353006363,0.008846399374306202,,,,,,dqn,cartpole,sparse,0.01,0.99,6,
36,0.0,9,0.8891666666666667,3.908243525074795e-05,0.02884780615568161,0.005868113599717617,,,,,,dqn,cartpole,sparse,0.01,0.99,6,
37,0.0,20,0.886,0.00027924717869609594,0.0293277557939291,0.010982366278767586,,,,,,dqn,cartpole,sparse,0.01,0.99,6,
38,0.0,16,0.8828333333333334,0.0002178506983909756,0.022866416722536087,0.009738115593791008,,,,,,dqn,cartpole,sparse,0.01,0.99,6,
39,0.0,46,0.8796666666666667,7.345216727117077e-05,0.018914323300123215,0.007147510070353746,,,,,,dqn,cartpole,sparse,0.01,0.99,6,
40,0.0,12,0.8765000000000001,0.00013034169387537986,0.025365548208355904,0.008624410256743431,,,,,,dqn,cartpole,sparse,0.01,0.99,6,
41,0.0,19,0.8733333333333333,2.118917109328322e-05,0.03263333812355995,0.004868856631219387,,,,,,dqn,cartpole,sparse,0.01,0.99,6,
42,0.0,11,0.8701666666666666,0.0002481034607626498,0.03377477079629898,0.00897367112338543,,,,,,dqn,cartpole,sparse,0.01,0.99,6,
43,0.0,16,0.867,9.237751510227099e-05,0.025547519326210022,0.006426217034459114,,,,,,dqn,cartpole,sparse,0.01,0.99,6,
44,0.0,17,0.8638333333333333,0.00011114280641777441,0.02567000687122345,0.0077682556584477425,,,,,,dqn,cartpole,sparse,0.01,0.99,6,
45,0.0,13,0.8606666666666667,0.00015961127064656466,0.03165819123387337,0.008689111098647118,,,,,,dqn,cartpole,sparse,0.01,0.99,6,
46,0.0,16,0.8575,0.0002718721516430378,0.03472144156694412,0.010981190949678421,,,,,,dqn,cartpole,sparse,0.01,0.99,6,
47,0.0,12,0.8543333333333334,0.00016965431859716773,0.031238045543432236,0.009771415963768959,,,,,,dqn,cartpole,sparse,0.01,0.99,6,
48,0.0,14,0.8511666666666666,0.00025596190243959427,0.02886335365474224,0.014901258051395416,,,,,,dqn,cartpole,sparse,0.01,0.99,6,
49,0.0,17,0.848,0.00014265996287576854,0.03891260176897049,0.01272510550916195,,,,,,dqn,cartpole,sparse,0.01,0.99,6,
50,0.0,18,0.8448333333333333,6.583920185221359e-05,0.036473289132118225,0.007988594472408295,,,0.0,0.0,9.9,dqn,cartpole,sparse,0.01,0.99,6,
51,0.0,14,0.8416666666666667,5.927158781560138e-05,0.04203828424215317,0.008836152032017708,,,,,,dqn,cartpole,sparse,0.01,0.99,6,
52,0.0,49,0.8385,0.0001498721685493365,0.028668221086263657,0.010422594845294952,,,,,,dqn,cartpole,sparse,0.01,0.99,6,
53,0.0,20,0.8353333333333334,0.00015160378825385123,0.03658246994018555,0.010017073713243008,,,,,,dqn,cartpole,sparse,0.01,0.99,6,
54,0.0,14,0.8321666666666667,0.00012177557800896466,0.030974753201007843,0.008976648561656475,,,,,,dqn,cartpole,sparse,0.01,0.99,6,
55,0.0,21,0.829,0.00013215567742008716,0.028587114065885544,0.008222408592700958,,,,,,dqn,cartpole,sparse,0.01,0.99,6,
56,0.0,12,0.8258333333333334,7.749345968477428e-05,0.03736157715320587,0.008801215328276157,,,,,,dqn,cartpole,sparse,0.01,0.99,6,
57,0.0,24,0.8226666666666667,0.00016644579591229558,0.032890982925891876,0.01208583079278469,,,,,,dqn,cartpole,sparse,0.01,0.99,6,
58,0.0,21,0.8195,7.70246479078196e-05,0.04258284345269203,0.008552560582756996,,,,,,dqn,cartpole,sparse,0.01,0.99,6,
59,0.0,23,0.8163333333333334,0.0001539888617116958,0.02171640843153,0.008168580010533333,,,,,,dqn,cartpole,sparse,0.01,0.99,6,
60,0.0,13,0.8131666666666667,0.0001135330312536098,0.03186484053730965,0.00740259001031518,,,,,,dqn,cartpole,sparse,0.01,0.99,6,
61,0.0,12,0.81,7.898003241280094e-05,0.02891579270362854,0.007250407710671425,,,,,,dqn,cartpole,sparse,0.01,0.99,6,
62,0.0,21,0.8068333333333333,9.77968011284247e-05,0.03483603894710541,0.008014543913304806,,,,,,dqn,cartpole,sparse,0.01,0.99,6,
63,0.0,13,0.8036666666666666,4.560494562610984e-05,0.03570069372653961,0.006441171281039715,,,,,,dqn,cartpole,sparse,0.01,0.99,6,
64,0.0,18,0.8005,0.00014831895532552153,0.03522326052188873,0.00856280792504549,,,,,,dqn,cartpole,sparse,0.01,0.99,6,
65,0.0,16,0.7973333333333333,6.432415830204263e-05,0.03629474341869354,0.007009123917669058,,,,,,dqn,cartpole,sparse,0.01,0.99,6,
66,0.0,13,0.7941666666666667,4.702931619249284e-05,0.02998221106827259,0.00578923337161541,,,,,,dqn,cartpole,sparse,0.01,0.99,6,
67,0.0,14,0.791,0.00016711154603399336,0.04283563420176506,0.009902821853756905,,,,,,dqn,cartpole,sparse,0.01,0.99,6,
68,0.0,15,0.7878333333333334,6.811412458773702e-05,0.050324030220508575,0.006266320124268532,,,,,,dqn,cartpole,sparse,0.01,0.99,6,
69,0.0,12,0.7846666666666666,0.00013974367175251245,0.042512062937021255,0.007322569377720356,,,,,,dqn,cartpole,sparse,0.01,0.99,6,
70,0.0,12,0.7815,7.109271973604336e-05,0.02183721959590912,0.006561974063515663,,,,,,dqn,cartpole,sparse,0.01,0.99,6,
71,0.0,21,0.7783333333333333,0.00014099125110078603,0.0439286008477211,0.009676603600382805,,,,,,dqn,cartpole,sparse,0.01,0.99,6,
72,0.0,22,0.7751666666666667,0.00018909541540779173,0.029887445271015167,0.007794742472469807,,,,,,dqn,cartpole,sparse,0.01,0.99,6,
73,0.0,22,0.772,0.00022739023552276194,0.03457602858543396,0.010828955098986626,,,,,,dqn,cartpole,sparse,0.01,0.99,6,
74,0.0,22,0.7688333333333334,0.00018007986363954842,0.04269830882549286,0.011294381693005562,,,,,,dqn,cartpole,sparse,0.01,0.99,6,
75,0.0,18,0.7656666666666667,8.768993575358763e-05,0.03682069107890129,0.007141473703086376,,,,,,dqn,cartpole,sparse,0.01,0.99,6,
76,0.0,21,0.7625,0.0001097528584068641,0.03766541928052902,0.008836355060338974,,,,,,dqn,cartpole,sparse,0.01,0.99,6,
77,0.0,10,0.7593333333333333,0.00019665321451611817,0.03729429841041565,0.008202377706766129,,,,,,dqn,cartpole,sparse,0.01,0.99,6,
78,0.0,20,0.7561666666666667,2.372577364440076e-05,0.04028709977865219,0.005257624667137861,,,,,,dqn,cartpole,sparse,0.01,0.99,6,
79,0.0,11,0.753,9.009760105982423e-05,0.04318269342184067,0.007918719202280045,,,,,,dqn,cartpole,sparse,0.01,0.99,6,
80,0.0,24,0.7498333333333334,0.00024497683625668287,0.036834537982940674,0.010845821350812912,,,,,,dqn,cartpole,sparse,0.01,0.99,6,
81,0.0,13,0.7466666666666667,0.00015942136815283448,0.040128692984580994,0.010403846390545368,,,,,,dqn,cartpole,sparse,0.01,0.99,6,
82,0.0,21,0.7435,8.753350266488269e-05,0.03716416656970978,0.007735478226095438,,,,,,dqn,cartpole,sparse,0.01,0.99,6,
83,0.0,31,0.7403333333333333,9.311790199717507e-05,0.046447109431028366,0.008688226342201233,,,,,,dqn,cartpole,sparse,0.01,0.99,6,
84,0.0,10,0.7371666666666667,1.4485531210084446e-05,0.02313350886106491,0.003899415023624897,,,,,,dqn,cartpole,sparse,0.01,0.99,6,
85,0.0,14,0.734,0.00021530064987018704,0.022662721574306488,0.008874601684510708,,,,,,dqn,cartpole,sparse,0.01,0.99,6,
86,0.0,15,0.7308333333333333,0.00016842268814798445,0.04459068179130554,0.009963985532522202,,,,,,dqn,cartpole,sparse,0.01,0.99,6,
87,0.0,12,0.7276666666666667,0.0001705782051431015,0.031770117580890656,0.01052631251513958,,,,,,dqn,cartpole,sparse,0.01,0.99,6,
88,0.0,12,0.7245,0.00027456763200461864,0.03873678669333458,0.009442023932933807,,,,,,dqn,cartpole,sparse,0.01,0.99,6,
89,0.0,17,0.7213333333333334,7.649138569831848e-05,0.036195799708366394,0.006533010862767696,,,,,,dqn,cartpole,sparse,0.01,0.99,6,
90,0.0,14,0.7181666666666666,0.0008994367090053856,0.03379562497138977,0.021656621247529984,,,,,,dqn,cartpole,sparse,0.01,0.99,6,
91,0.0,23,0.7150000000000001,0.00019341381266713142,0.04452277719974518,0.017604131251573563,,,,,,dqn,cartpole,sparse,0.01,0.99,6,
92,0.0,17,0.7118333333333333,0.00019455379515420645,0.04047447443008423,0.01127010490745306,,,,,,dqn,cartpole,sparse,0.01,0.99,6,
93,0.0,14,0.7086666666666668,0.0002290149568580091,0.03811770677566528,0.012475304305553436,,,,,,dqn,cartpole,sparse,0.01,0.99,6,
94,0.0,13,0.7055,0.00046737882075831294,0.04879959672689438,0.012935759499669075,,,,,,dqn,cartpole,sparse,0.01,0.99,6,
95,0.0,12,0.7023333333333333,0.00012902848538942635,0.02876194566488266,0.012304602190852165,,,,,,dqn,cartpole,sparse,0.01,0.99,6,
96,0.0,11,0.6991666666666667,0.00028121593641117215,0.04117058217525482,0.01643972657620907,,,,,,dqn,cartpole,sparse,0.01,0.99,6,
97,0.0,47,0.696,0.0001819401077227667,0.028889469802379608,0.011221279390156269,,,,,,dqn,cartpole,sparse,0.01,0.99,6,
98,0.0,12,0.6928333333333334,0.00043564304360188544,0.04478098824620247,0.016183286905288696,,,,,,dqn,cartpole,sparse,0.01,0.99,6,
99,0.0,13,0.6896666666666667,0.0001769291120581329,0.044680703431367874,0.01189429871737957,,,,,,dqn,cartpole,sparse,0.01,0.99,6,
100,0.0,12,0.6865,0.00017379065684508532,0.03885956108570099,0.009702622890472412,,,0.0,0.0,9.9,dqn,cartpole,sparse,0.01,0.99,6,
101,0.0,12,0.6833333333333333,0.00016645612777210772,0.0424630343914032,0.008258359506726265,,,,,,dqn,cartpole,sparse,0.01,0.99,6,
102,0.0,14,0.6801666666666667,0.00010829964594449848,0.05103287845849991,0.007912786677479744,,,,,,dqn,cartpole,sparse,0.01,0.99,6,
103,0.0,18,0.677,1.0020761692430824e-05,0.03823612630367279,0.0037316703237593174,,,,,,dqn,cartpole,sparse,0.01,0.99,6,
104,0.0,17,0.6738333333333333,0.00012921381858177483,0.03349331393837929,0.009611433371901512,,,,,,dqn,cartpole,sparse,0.01,0.99,6,
105,0.0,13,0.6706666666666667,0.0002887984155677259,0.04363548755645752,0.012406203895807266,,,,,,dqn,cartpole,sparse,0.01,0.99,6,
106,0.0,18,0.6675,0.00010245171870337799,0.038305237889289856,0.008258210495114326,,,,,,dqn,cartpole,sparse,0.01,0.99,6,
107,0.0,21,0.6643333333333333,0.00018140785687137395,0.04469547048211098,0.007332799956202507,,,,,,dqn,cartpole,sparse,0.01,0.99,6,
108,0.0,41,0.6611666666666667,0.000248137948801741,0.027836598455905914,0.011387450620532036,,,,,,dqn,cartpole,sparse,0.01,0.99,6,
109,0.0,11,0.658,0.00015570057439617813,0.03612671047449112,0.0092744380235672,,,,,,dqn,cartpole,sparse,0.01,0.99,6,
110,0.0,9,0.6548333333333334,0.0001426327071385458,0.0507100373506546,0.010780766606330872,,,,,,dqn,cartpole,sparse,0.01,0.99,6,
111,0.0,10,0.6516666666666667,0.0001589980092830956,0.052540622651576996,0.010810436680912971,,,,,,dqn,cartpole,sparse,0.01,0.99,6,
112,0.0,12,0.6485000000000001,0.000152667606016621,0.03300192579627037,0.014348925091326237,,,,,,dqn,cartpole,sparse,0.01,0.99,6,
113,0.0,12,0.6453333333333333,0.0002860439708456397,0.04027204215526581,0.011397549882531166,,,,,,dqn,cartpole,sparse,0.01,0.99,6,
114,0.0,9,0.6421666666666668,0.00020729786774609238,0.04469144344329834,0.012607739306986332,,,,,,dqn,cartpole,sparse,0.01,0.99,6,
115,0.0,12,0.639,0.0001702143345028162,0.054328903555870056,0.011739052832126617,,,,,,dqn,cartpole,sparse,0.01,0.99,6,
116,0.0,28,0.6358333333333333,0.0001765115448506549,0.039736561477184296,0.010380523279309273,,,,,,dqn,cartpole,sparse,0.01,0.99,6,
117,0.0,10,0.6326666666666667,6.466942431870848e-05,0.058426402509212494,0.008223272860050201,,,,,,dqn,cartpole,sparse,0.01,0.99,6,
118,0.0,19,0.6295,0.0002180627780035138,0.06026242673397064,0.012501375749707222,,,,,,dqn,cartpole,sparse,0.01,0.99,6,
119,0.0,9,0.6263333333333334,0.0002491673221811652,0.038321446627378464,0.011865528300404549,,,,,,dqn,cartpole,sparse,0.01,0.99,6,
120,0.0,11,0.6231666666666666,0.00016685521404724568,0.04747451841831207,0.009692045859992504,,,,,,dqn,cartpole,sparse,0.01,0.99,6,
121,0.0,10,0.62,0.00011276689474470913,0.03864247351884842,0.010586896911263466,,,,,,dqn,cartpole,sparse,0.01,0.99,6,
122,0.0,15,0.6168333333333333,0.00015098434232641011,0.0400933176279068,0.008848482742905617,,,,,,dqn,cartpole,sparse,0.01,0.99,6,
123,0.0,9,0.6136666666666667,0.0010996726341545582,0.05537992715835571,0.019326377660036087,,,,,,dqn,cartpole,sparse,0.01,0.99,6,
124,0.0,13,0.6105,0.00044037168845534325,0.033904705196619034,0.016765378415584564,,,,,,dqn,cartpole,sparse,0.01,0.99,6,
125,0.0,21,0.6073333333333333,0.00012761307880282402,0.056833527982234955,0.01353084109723568,,,,,,dqn,cartpole,sparse,0.01,0.99,6,
126,0.0,42,0.6041666666666667,0.00036768155405297875,0.06300240755081177,0.017773430794477463,,,,,,dqn,cartpole,sparse,0.01,0.99,6,
127,0.0,13,0.601,0.00038867618422955275,0.043447449803352356,0.01519035641103983,,,,,,dqn,cartpole,sparse,0.01,0.99,6,
128,0.0,12,0.5978333333333333,0.00027175300056114793,0.033585093915462494,0.015136735513806343,,,,,,dqn,cartpole,sparse,0.01,0.99,6,
129,0.0,12,0.5946666666666667,4.480760981095955e-05,0.04869398474693298,0.00794255267828703,,,,,,dqn,cartpole,sparse,0.01,0.99,6,
130,0.0,9,0.5915,0.00038068124558776617,0.054006557911634445,0.016925998032093048,,,,,,dqn,cartpole,sparse,0.01,0.99,6,
131,0.0,36,0.5883333333333334,0.00014574364467989653,0.030838139355182648,0.00980263389647007,,,,,,dqn,cartpole,sparse,0.01,0.99,6,
132,0.0,11,0.5851666666666667,7.597986405016854e-05,0.03316706418991089,0.007429045625030994,,,,,,dqn,cartpole,sparse,0.01,0.99,6,
133,0.0,8,0.5820000000000001,0.0003547602682374418,0.04535539448261261,0.00985474418848753,,,,,,dqn,cartpole,sparse,0.01,0.99,6,
134,0.0,15,0.5788333333333333,0.0001539660443086177,0.05849602818489075,0.01066138781607151,,,,,,dqn,cartpole,sparse,0.01,0.99,6,
135,0.0,8,0.5756666666666668,0.00020714246784336865,0.03979822248220444,0.009380020201206207,,,,,,dqn,cartpole,sparse,0.01,0.99,6,
136,0.0,9,0.5725,0.0004195868386887014,0.03216269239783287,0.014840592630207539,,,,,,dqn,cartpole,sparse,0.01,0.99,6,
137,0.0,15,0.5693333333333334,0.00022444286150857806,0.051186203956604004,0.013651954010128975,,,,,,dqn,cartpole,sparse,0.01,0.99,6,
138,0.0,13,0.5661666666666667,0.0002370179572608322,0.05097302794456482,0.008794018067419529,,,,,,dqn,cartpole,sparse,0.01,0.99,6,
139,0.0,11,0.563,0.0001984124246519059,0.02655639871954918,0.01584738865494728,,,,,,dqn,cartpole,sparse,0.01,0.99,6,
140,0.0,10,0.5598333333333334,0.00015240117500070482,0.020772753283381462,0.012970482930541039,,,,,,dqn,cartpole,sparse,0.01,0.99,6,
141,0.0,12,0.5566666666666666,0.00012128837261116132,0.036415502429008484,0.009810922667384148,,,,,,dqn,cartpole,sparse,0.01,0.99,6,
142,0.0,20,0.5535000000000001,0.00011485989671200514,0.03638875484466553,0.01205658819526434,,,,,,dqn,cartpole,sparse,0.01,0.99,6,
143,0.0,17,0.5503333333333333,9.343086276203394e-05,0.029445072636008263,0.011916215531527996,,,,,,dqn,cartpole,sparse,0.01,0.99,6,
144,0.0,20,0.5471666666666667,4.058072227053344e-05,0.03715599700808525,0.005482438951730728,,,,,,dqn,cartpole,sparse,0.01,0.99,6,
145,0.0,11,0.544,3.1321062124334276e-05,0.04605032131075859,0.005523877218365669,,,,,,dqn,cartpole,sparse,0.01,0.99,6,
146,0.0,12,0.5408333333333333,5.930616316618398e-05,0.038693737238645554,0.007488612085580826,,,,,,dqn,cartpole,sparse,0.01,0.99,6,
147,0.0,12,0.5376666666666667,6.928242510184646e-05,0.032810501754283905,0.0069925435818731785,,,,,,dqn,cartpole,sparse,0.01,0.99,6,
148,0.0,13,0.5345,3.0454004445346072e-05,0.04799419641494751,0.005288859363645315,,,,,,dqn,cartpole,sparse,0.01,0.99,6,
149,0.0,10,0.5313333333333333,2.5653587726992555e-05,0.03170139342546463,0.004912642762064934,,,,,,dqn,cartpole,sparse,0.01,0.99,6,
150,0.0,11,0.5281666666666667,2.780638897093013e-05,0.031654857099056244,0.005570197477936745,,,0.0,0.0,9.9,dqn,cartpole,sparse,0.01,0.99,6,
151,0.0,14,0.525,1.5369638276752084e-05,0.041391290724277496,0.0035047968849539757,,,,,,dqn,cartpole,sparse,0.01,0.99,6,
152,0.0,11,0.5218333333333334,1.211691960634198e-05,0.04212181270122528,0.003595318179577589,,,,,,dqn,cartpole,sparse,0.01,0.99,6,
153,0.0,13,0.5186666666666666,1.956080086529255e-05,0.04459846764802933,0.0036929454654455185,,,,,,dqn,cartpole,sparse,0.01,0.99,6,
154,0.0,15,0.5155000000000001,2.163905810448341e-05,0.04099108278751373,0.004028649069368839,,,,,,dqn,cartpole,sparse,0.01,0.99,6,
155,0.0,12,0.5123333333333333,1.9572515157051384e-05,0.028556885197758675,0.0039063915610313416,,,,,,dqn,cartpole,sparse,0.01,0.99,6,
156,0.0,22,0.5091666666666667,2.0774945369339548e-05,0.045055508613586426,0.003700765548273921,,,,,,dqn,cartpole,sparse,0.01,0.99,6,
157,0.0,28,0.506,3.528609886416234e-05,0.03554133325815201,0.004729967564344406,,,,,,dqn,cartpole,sparse,0.01,0.99,6,
158,0.0,13,0.5028333333333334,4.433031062944792e-05,0.047892145812511444,0.004872160963714123,,,,,,dqn,cartpole,sparse,0.01,0.99,6,
159,0.0,19,0.4996666666666667,2.2802849343861453e-05,0.039435043931007385,0.00419076532125473,,,,,,dqn,cartpole,sparse,0.01,0.99,6,
160,0.0,15,0.49650000000000005,1.313627217314206e-05,0.03918790817260742,0.003501240396872163,,,,,,dqn,cartpole,sparse,0.01,0.99,6,
161,0.0,12,0.4933333333333334,9.794151992537081e-06,0.03165918216109276,0.0031500281766057014,,,,,,dqn,cartpole,sparse,0.01,0.99,6,
162,0.0,16,0.49016666666666675,1.5022123989183456e-05,0.03836976736783981,0.0038120457902550697,,,,,,dqn,cartpole,sparse,0.01,0.99,6,
163,0.0,15,0.487,1.20894337669597e-05,0.03952799737453461,0.003036210313439369,,,,,,dqn,cartpole,sparse,0.01,0.99,6,
164,0.0,14,0.48383333333333334,1.3775979823549278e-05,0.05327141284942627,0.0034013327676802874,,,,,,dqn,cartpole,sparse,0.01,0.99,6,
165,0.0,10,0.4806666666666667,2.349589703953825e-05,0.04123960807919502,0.0042086271569132805,,,,,,dqn,cartpole,sparse,0.01,0.99,6,
166,0.0,11,0.47750000000000004,1.3460515219776426e-05,0.034575775265693665,0.003047226695343852,,,,,,dqn,cartpole,sparse,0.01,0.99,6,
167,0.0,22,0.4743333333333334,2.186502933909651e-05,0.044151920825242996,0.004148412495851517,,,,,,dqn,cartpole,sparse,0.01,0.99,6,
168,0.0,13,0.47116666666666673,1.4205346815288067e-05,0.04059961810708046,0.0033858746755868196,,,,,,dqn,cartpole,sparse,0.01,0.99,6,
169,0.0,11,0.46799999999999997,5.725814389734296e-06,0.039861053228378296,0.002430172637104988,,,,,,dqn,cartpole,sparse,0.01,0.99,6,
170,0.0,9,0.4648333333333333,1.587887163623236e-05,0.040128275752067566,0.0036840622778981924,,,,,,dqn,cartpole,sparse,0.01,0.99,6,
171,0.0,10,0.46166666666666667,1.3284365195431747e-05,0.048785630613565445,0.003596669062972069,,,,,,dqn,cartpole,sparse,0.01,0.99,6,
172,0.0,10,0.4585,1.2304175470490009e-05,0.03756341338157654,0.003201754530891776,,,,,,dqn,cartpole,sparse,0.01,0.99,6,
173,0.0,22,0.45533333333333337,1.0539388313191012e-05,0.047996051609516144,0.0029931580647826195,,,,,,dqn,cartpole,sparse,0.01,0.99,6,
174,0.0,11,0.4521666666666667,7.482345608877949e-06,0.026826651766896248,0.0027657956816256046,,,,,,dqn,cartpole,sparse,0.01,0.99,6,
175,0.0,17,0.44900000000000007,2.172613312723115e-05,0.039615198969841,0.003755093552172184,,,,,,dqn,cartpole,sparse,0.01,0.99,6,
176,0.0,10,0.4458333333333333,5.704075192625169e-06,0.04160543531179428,0.0024945526383817196,,,,,,dqn,cartpole,sparse,0.01,0.99,6,
177,0.0,10,0.44266666666666665,1.1035881470888853e-05,0.03676551952958107,0.0031424756161868572,,,,,,dqn,cartpole,sparse,0.01,0.99,6,
178,0.0,11,0.4395,7.602170626341831e-06,0.029446572065353394,0.002661816542968154,,,,,,dqn,cartpole,sparse,0.01,0.99,6,
179,0.0,9,0.43633333333333335,9.455020517634694e-06,0.04199729114770889,0.0032200124114751816,,,,,,dqn,cartpole,sparse,0.01,0.99,6,
180,0.0,12,0.4331666666666667,1.3637120900966693e-05,0.0427820086479187,0.0032070281449705362,,,,,,dqn,cartpole,sparse,0.01,0.99,6,
181,0.0,11,0.43000000000000005,1.5636807802366093e-05,0.04206490144133568,0.003284473204985261,,,,,,dqn,cartpole,sparse,0.01,0.99,6,
182,0.0,12,0.4268333333333333,1.5164869182626717e-05,0.047695714980363846,0.003468591021373868,,,,,,dqn,cartpole,sparse,0.01,0.99,6,
183,0.0,17,0.42366666666666664,1.2229017556819599e-05,0.042846355587244034,0.003063040319830179,,,,,,dqn,cartpole,sparse,0.01,0.99,6,
184,0.0,11,0.4205,1.9678842363646254e-05,0.04956163093447685,0.00411779060959816,,,,,,dqn,cartpole,sparse,0.01,0.99,6,
185,0.0,14,0.41733333333333344,1.2324833733146079e-05,0.04222341626882553,0.003597322851419449,,,,,,dqn,cartpole,sparse,0.01,0.99,6,
186,0.0,10,0.4141666666666667,6.548974852194078e-06,0.042861610651016235,0.0027716639451682568,,,,,,dqn,cartpole,sparse,0.01,0.99,6,
187,0.0,13,0.41100000000000003,1.611684274394065e-05,0.044672198593616486,0.003998798318207264,,,,,,dqn,cartpole,sparse,0.01,0.99,6,
188,0.0,12,0.4078333333333334,1.7261505490751006e-05,0.0449739471077919,0.004546717740595341,,,,,,dqn,cartpole,sparse,0.01,0.99,6,
189,0.0,10,0.4046666666666666,7.542870662291534e-06,0.04591573774814606,0.00252484530210495,,,,,,dqn,cartpole,sparse,0.01,0.99,6,
190,0.0,12,0.4015000000000001,1.0108889910043217e-05,0.0478939451277256,0.0030914328526705503,,,,,,dqn,cartpole,sparse,0.01,0.99,6,
191,0.0,12,0.39833333333333343,3.386085882084444e-05,0.03914755582809448,0.005116349086165428,,,,,,dqn,cartpole,sparse,0.01,0.99,6,
192,0.0,12,0.39516666666666667,1.677952241152525e-05,0.05037738382816315,0.004868186544626951,,,,,,dqn,cartpole,sparse,0.01,0.99,6,
193,0.0,14,0.392,8.746641469770111e-06,0.04360306262969971,0.003098387736827135,,,,,,dqn,cartpole,sparse,0.01,0.99,6,
194,0.0,12,0.38883333333333336,2.0535811927402392e-05,0.03697339445352554,0.00430297339335084,,,,,,dqn,cartpole,sparse,0.01,0.99,6,
195,0.0,11,0.3856666666666667,2.3928878363221884e-05,0.04441921412944794,0.004122423008084297,,,,,,dqn,cartpole,sparse,0.01,0.99,6,
196,0.0,13,0.38250000000000006,2.6703408366302028e-05,0.04256017506122589,0.00471322238445282,,,,,,dqn,cartpole,sparse,0.01,0.99,6,
197,0.0,11,0.3793333333333334,1.6395435523008928e-05,0.041547831147909164,0.003172458615154028,,,,,,dqn,cartpole,sparse,0.01,0.99,6,
198,0.0,12,0.37616666666666676,1.0326660230930429e-05,0.043460458517074585,0.002893290016800165,,,,,,dqn,cartpole,sparse,0.01,0.99,6,
199,0.0,14,0.373,1.2603966752067208e-05,0.04311380535364151,0.0028763352893292904,,,,,,dqn,cartpole,sparse,0.01,0.99,6,
200,0.0,15,0.36983333333333335,1.1351985449437052e-05,0.034933604300022125,0.0029167586471885443,,,0.0,0.0,9.9,dqn,cartpole,sparse,0.01,0.99,6,
201,0.0,11,0.3666666666666667,1.4201936210156418e-05,0.04918809235095978,0.003242183243855834,,,,,,dqn,cartpole,sparse,0.01,0.99,6,
202,0.0,10,0.36350000000000005,1.1572926268854644e-05,0.051841579377651215,0.002997264266014099,,,,,,dqn,cartpole,sparse,0.01,0.99,6,
203,0.0,13,0.3603333333333334,1.364669151371345e-05,0.03860193118453026,0.0032057208009064198,,,,,,dqn,cartpole,sparse,0.01,0.99,6,
204,0.0,10,0.35716666666666674,2.3612932636751793e-05,0.050045885145664215,0.0036533516831696033,,,,,,dqn,cartpole,sparse,0.01,0.99,6,
205,0.0,12,0.354,8.883505870471708e-06,0.05200408771634102,0.002591413911432028,,,,,,dqn,cartpole,sparse,0.01,0.99,6,
206,0.0,10,0.35083333333333333,2.5183253455907106e-05,0.05611410737037659,0.004115685820579529,,,,,,dqn,cartpole,sparse,0.01,0.99,6,
207,0.0,9,0.3476666666666667,1.1103551514679566e-05,0.052777569741010666,0.0028416267596185207,,,,,,dqn,cartpole,sparse,0.01,0.99,6,
208,0.0,13,0.34450000000000003,2.1479665520018898e-05,0.04573614150285721,0.003633169922977686,,,,,,dqn,cartpole,sparse,0.01,0.99,6,
209,0.0,12,0.3413333333333334,6.63683567836415e-06,0.0466182678937912,0.0024726088158786297,,,,,,dqn,cartpole,sparse,0.01,0.99,6,
210,0.0,10,0.3381666666666667,8.720552614249755e-06,0.04712355136871338,0.0028058290481567383,,,,,,dqn,cartpole,sparse,0.01,0.99,6,
211,0.0,11,0.3350000000000001,2.532737016736064e-05,0.03887264430522919,0.004402908496558666,,,,,,dqn,cartpole,sparse,0.01,0.99,6,
212,0.0,9,0.3318333333333333,1.2837858776038047e-05,0.04182605445384979,0.0030415235087275505,,,,,,dqn,cartpole,sparse,0.01,0.99,6,
213,0.0,11,0.32866666666666666,1.3349179425858893e-05,0.0460539236664772,0.003625668352469802,,,,,,dqn,cartpole,sparse,0.01,0.99,6,
214,0.0,10,0.3255,1.3904595107305795e-05,0.046305201947689056,0.003687214106321335,,,,,,dqn,cartpole,sparse,0.01,0.99,6,
215,0.0,10,0.32233333333333336,2.0842764570261352e-05,0.035396039485931396,0.004113168455660343,,,,,,dqn,cartpole,sparse,0.01,0.99,6,
216,0.0,16,0.3191666666666667,2.0996807506890036e-05,0.058763232082128525,0.004872482270002365,,,,,,dqn,cartpole,sparse,0.01,0.99,6,
217,0.0,8,0.31600000000000006,9.633540685172193e-06,0.042916439473629,0.0027770635206252337,,,,,,dqn,cartpole,sparse,0.01,0.99,6,
218,0.0,12,0.3128333333333333,1.3267560461827088e-05,0.04058065265417099,0.0036096638068556786,,,,,,dqn,cartpole,sparse,0.01,0.99,6,
219,0.0,17,0.30966666666666665,1.3772991223959252e-05,0.035346612334251404,0.00349658471532166,,,,,,dqn,cartpole,sparse,0.01,0.99,6,
220,0.0,11,0.3065,1.548919863125775e-05,0.04215235263109207,0.0034659202210605145,,,,,,dqn,cartpole,sparse,0.01,0.99,6,
221,0.0,9,0.30333333333333345,2.69736883637961e-05,0.041058048605918884,0.004819548223167658,,,,,,dqn,cartpole,sparse,0.01,0.99,6,
222,0.0,11,0.3001666666666667,7.409490081045078e-06,0.04299359768629074,0.0030453773215413094,,,,,,dqn,cartpole,sparse,0.01,0.99,6,
223,0.0,12,0.29700000000000004,1.5390518456115387e-05,0.03938913345336914,0.00397156085819006,,,,,,dqn,cartpole,sparse,0.01,0.99,6,
224,0.0,12,0.2938333333333334,1.5192754290183075e-05,0.053001902997493744,0.003045465797185898,,,,,,dqn,cartpole,sparse,0.01,0.99,6,
225,0.0,9,0.29066666666666663,1.5409268598887138e-05,0.04929143190383911,0.0036642998456954956,,,,,,dqn,cartpole,sparse,0.01,0.99,6,
226,0.0,13,0.2875000000000001,7.876715244492516e-06,0.04514560103416443,0.0026767076924443245,,,,,,dqn,cartpole,sparse,0.01,0.99,6,
227,0.0,11,0.28433333333333344,1.0757075870060362e-05,0.045692458748817444,0.0033467337489128113,,,,,,dqn,cartpole,sparse,0.01,0.99,6,
228,0.0,10,0.2811666666666667,2.1750831365352497e-05,0.05699782818555832,0.004092826507985592,,,,,,dqn,cartpole,sparse,0.01,0.99,6,
229,0.0,9,0.278,1.0808841580001172e-05,0.048995085060596466,0.003413964994251728,,,,,,dqn,cartpole,sparse,0.01,0.99,6,
230,0.0,12,0.2748333333333334,2.2880518372403458e-05,0.03661804273724556,0.005049625411629677,,,,,,dqn,cartpole,sparse,0.01,0.99,6,
231,0.0,11,0.2716666666666666,6.220852810656652e-06,0.051707226783037186,0.002538830041885376,,,,,,dqn,cartpole,sparse,0.01,0.99,6,
232,0.0,10,0.26850000000000007,1.1004349289578386e-05,0.061426110565662384,0.003500275779515505,,,,,,dqn,cartpole,sparse,0.01,0.99,6,
233,0.0,11,0.2653333333333334,8.422040082223248e-06,0.04005565121769905,0.0030896831303834915,,,,,,dqn,cartpole,sparse,0.01,0.99,6,
234,0.0,15,0.26216666666666677,1.6387924915761687e-05,0.05501646548509598,0.003912986721843481,,,,,,dqn,cartpole,sparse,0.01,0.99,6,
235,0.0,11,0.259,2.2949960111873224e-05,0.045509763062000275,0.00422699237242341,,,,,,dqn,cartpole,sparse,0.01,0.99,6,
236,0.0,9,0.25583333333333336,7.040952368697617e-06,0.035735394805669785,0.002574590500444174,,,,,,dqn,cartpole,sparse,0.01,0.99,6,
237,0.0,12,0.2526666666666667,1.0982326784869656e-05,0.0607609748840332,0.0031266934238374233,,,,,,dqn,cartpole,sparse,0.01,0.99,6,
238,0.0,10,0.24950000000000006,1.0364536137785763e-05,0.04593338817358017,0.0032474417239427567,,,,,,dqn,cartpole,sparse,0.01,0.99,6,
239,0.0,13,0.2463333333333334,1.6747995687182993e-05,0.0475761853158474,0.0034008859656751156,,,,,,dqn,cartpole,sparse,0.01,0.99,6,
240,0.0,11,0.24316666666666675,2.05531032406725e-05,0.0370352640748024,0.004119022283703089,,,,,,dqn,cartpole,sparse,0.01,0.99,6,
241,0.0,10,0.24,8.795786925475113e-06,0.0493183434009552,0.0027821725234389305,,,,,,dqn,cartpole,sparse,0.01,0.99,6,
242,0.0,11,0.23683333333333334,1.592106491443701e-05,0.046518534421920776,0.0038638291880488396,,,,,,dqn,cartpole,sparse,0.01,0.99,6,
243,0.0,11,0.2336666666666667,2.988766755152028e-05,0.04345933347940445,0.005141692701727152,,,,,,dqn,cartpole,sparse,0.01,0.99,6,
244,0.0,13,0.23050000000000004,1.37264360091649e-05,0.05221957713365555,0.0037289317697286606,,,,,,dqn,cartpole,sparse,0.01,0.99,6,
245,0.0,13,0.2273333333333334,1.587039150763303e-05,0.045590728521347046,0.004419833421707153,,,,,,dqn,cartpole,sparse,0.01,0.99,6,
246,0.0,13,0.22416666666666674,9.981704351957887e-06,0.059005141258239746,0.00343104125931859,,,,,,dqn,cartpole,sparse,0.01,0.99,6,
247,0.0,9,0.22100000000000009,1.4436104720516596e-05,0.04952770099043846,0.003432482946664095,,,,,,dqn,cartpole,sparse,0.01,0.99,6,
248,0.0,10,0.21783333333333332,1.113679536501877e-05,0.03917600214481354,0.0035000324714928865,,,,,,dqn,cartpole,sparse,0.01,0.99,6,
249,0.0,12,0.21466666666666667,3.3398841878806707e-06,0.04365134984254837,0.0019446320366114378,,,,,,dqn,cartpole,sparse,0.01,0.99,6,
250,0.0,14,0.21150000000000002,1.1870977687067352e-05,0.053978025913238525,0.00391724519431591,,,0.0,0.0,10.0,dqn,cartpole,sparse,0.01,0.99,6,
251,0.0,11,0.20833333333333337,9.883132406685036e-06,0.03975342959165573,0.003345019184052944,,,,,,dqn,cartpole,sparse,0.01,0.99,6,
252,0.0,11,0.20516666666666672,1.978055661311373e-05,0.0468246191740036,0.003165201749652624,,,,,,dqn,cartpole,sparse,0.01,0.99,6,
253,0.0,11,0.20200000000000007,1.3218897038314026e-05,0.053013838827610016,0.0030843554995954037,,,,,,dqn,cartpole,sparse,0.01,0.99,6,
254,0.0,10,0.1988333333333333,1.3503207810572349e-05,0.05270940065383911,0.0033739907667040825,,,,,,dqn,cartpole,sparse,0.01,0.99,6,
255,0.0,13,0.19566666666666666,1.6214122297242284e-05,0.04329322278499603,0.004420352168381214,,,,,,dqn,cartpole,sparse,0.01,0.99,6,
256,0.0,10,0.1925,8.00071211415343e-06,0.05005399510264397,0.0029483065009117126,,,,,,dqn,cartpole,sparse,0.01,0.99,6,
257,0.0,9,0.18933333333333335,8.437665201199707e-06,0.04662159085273743,0.0029658169951289892,,,,,,dqn,cartpole,sparse,0.01,0.99,6,
258,0.0,9,0.1861666666666667,1.239237462868914e-05,0.052799805998802185,0.0035678325220942497,,,,,,dqn,cartpole,sparse,0.01,0.99,6,
259,0.0,12,0.18300000000000005,1.1659118172246963e-05,0.052944909781217575,0.003585761645808816,,,,,,dqn,cartpole,sparse,0.01,0.99,6,
260,0.0,10,0.1798333333333334,5.2967830015404616e-06,0.03886733204126358,0.0023953295312821865,,,,,,dqn,cartpole,sparse,0.01,0.99,6,
261,0.0,12,0.17666666666666664,1.0617983207339421e-05,0.04696805030107498,0.0032038146164268255,,,,,,dqn,cartpole,sparse,0.01,0.99,6,
262,0.0,15,0.1735,7.761795131955296e-06,0.05260822921991348,0.0027591916732490063,,,,,,dqn,cartpole,sparse,0.01,0.99,6,
263,0.0,15,0.17033333333333345,1.5910381989669986e-05,0.05404330790042877,0.004121911711990833,,,,,,dqn,cartpole,sparse,0.01,0.99,6,
264,0.0,10,0.16716666666666669,8.707714187039528e-06,0.041525699198246,0.002827390329912305,,,,,,dqn,cartpole,sparse,0.01,0.99,6,
265,0.0,11,0.16400000000000003,1.2403130313032307e-05,0.05841868370771408,0.003896841313689947,,,,,,dqn,cartpole,sparse,0.01,0.99,6,
266,0.0,14,0.16083333333333338,1.6863636119524017e-05,0.04642728716135025,0.004320003092288971,,,,,,dqn,cartpole,sparse,0.01,0.99,6,
267,0.0,9,0.15766666666666662,1.0663184184522834e-05,0.04057689383625984,0.0026623383164405823,,,,,,dqn,cartpole,sparse,0.01,0.99,6,
268,0.0,10,0.15450000000000008,1.607932790648192e-05,0.04248455539345741,0.003493793308734894,,,,,,dqn,cartpole,sparse,0.01,0.99,6,
269,0.0,10,0.15133333333333343,1.1371956134098582e-05,0.04655292257666588,0.00293912785127759,,,,,,dqn,cartpole,sparse,0.01,0.99,6,
270,0.0,9,0.14816666666666678,8.076921403699089e-06,0.048524439334869385,0.002898097038269043,,,,,,dqn,cartpole,sparse,0.01,0.99,6,
271,0.0,11,0.14500000000000002,8.812152373138815e-06,0.053060322999954224,0.002870418829843402,,,,,,dqn,cartpole,sparse,0.01,0.99,6,
272,0.0,12,0.14183333333333337,1.3324182873475365e-05,0.053599290549755096,0.0031243206467479467,,,,,,dqn,cartpole,sparse,0.01,0.99,6,
273,0.0,10,0.13866666666666672,1.1921924851776566e-05,0.044085439294576645,0.003502890933305025,,,,,,dqn,cartpole,sparse,0.01,0.99,6,
274,0.0,12,0.13550000000000006,1.7021262465277687e-05,0.046990521252155304,0.003792915027588606,,,,,,dqn,cartpole,sparse,0.01,0.99,6,
275,0.0,11,0.1323333333333334,1.436979255231563e-05,0.04463553428649902,0.004180151037871838,,,,,,dqn,cartpole,sparse,0.01,0.99,6,
276,0.0,10,0.12916666666666676,1.3814603335049469e-05,0.05655675008893013,0.0030547017231583595,,,,,,dqn,cartpole,sparse,0.01,0.99,6,
277,0.0,9,0.126,1.053400137607241e-05,0.05254453048110008,0.003295562230050564,,,,,,dqn,cartpole,sparse,0.01,0.99,6,
278,0.0,9,0.12283333333333335,9.57115935307229e-06,0.052780985832214355,0.0032553256023675203,,,,,,dqn,cartpole,sparse,0.01,0.99,6,
279,0.0,13,0.1196666666666667,1.562446414027363e-05,0.04689006134867668,0.0034055369906127453,,,,,,dqn,cartpole,sparse,0.01,0.99,6,
280,0.0,9,0.11650000000000005,1.010366941045504e-05,0.04995880275964737,0.0028586462140083313,,,,,,dqn,cartpole,sparse,0.01,0.99,6,
281,0.0,10,0.1133333333333334,1.9381976017029956e-05,0.05874558910727501,0.0037113374564796686,,,,,,dqn,cartpole,sparse,0.01,0.99,6,
282,0.0,9,0.11016666666666675,1.2532354958239011e-05,0.048837482929229736,0.003102850168943405,,,,,,dqn,cartpole,sparse,0.01,0.99,6,
283,0.0,10,0.1070000000000001,1.4992441720096394e-05,0.05054718628525734,0.003586136270314455,,,,,,dqn,cartpole,sparse,0.01,0.99,6,
284,0.0,9,0.10383333333333333,1.526237429061439e-05,0.0684707909822464,0.0037054168060421944,,,,,,dqn,cartpole,sparse,0.01,0.99,6,
285,0.0,10,0.10066666666666668,7.919367817521561e-06,0.049396634101867676,0.003085876815021038,,,,,,dqn,cartpole,sparse,0.01,0.99,6,
286,0.0,10,0.09750000000000003,1.1358824849594384e-05,0.05072095990180969,0.003527579130604863,,,,,,dqn,cartpole,sparse,0.01,0.99,6,
287,0.0,9,0.09433333333333338,7.586569154227618e-06,0.059334926307201385,0.0029049674049019814,,,,,,dqn,cartpole,sparse,0.01,0.99,6,
288,0.0,10,0.09116666666666673,1.979137960006483e-05,0.05151117593050003,0.00331093929708004,,,,,,dqn,cartpole,sparse,0.01,0.99,6,
289,0.0,10,0.08800000000000008,1.033438638842199e-05,0.048266295343637466,0.0031603616662323475,,,,,,dqn,cartpole,sparse,0.01,0.99,6,
290,0.0,10,0.08483333333333332,2.5402581741218455e-05,0.04915132373571396,0.0036964332684874535,,,,,,dqn,cartpole,sparse,0.01,0.99,6,
291,0.0,10,0.08166666666666667,1.0536774425418116e-05,0.06054220348596573,0.0030662901699543,,,,,,dqn,cartpole,sparse,0.01,0.99,6,
292,0.0,10,0.07850000000000001,1.2318849258008413e-05,0.06648382544517517,0.0030977509450167418,,,,,,dqn,cartpole,sparse,0.01,0.99,6,
293,0.0,8,0.07533333333333336,8.07240758149419e-06,0.04893107712268829,0.0030928500927984715,,,,,,dqn,cartpole,sparse,0.01,0.99,6,
294,0.0,10,0.07216666666666671,6.0115644373581745e-06,0.060899242758750916,0.0024318527430295944,,,,,,dqn,cartpole,sparse,0.01,0.99,6,
295,0.0,9,0.06900000000000006,1.558567237225361e-05,0.06153200566768646,0.003469383344054222,,,,,,dqn,cartpole,sparse,0.01,0.99,6,
296,0.0,11,0.06583333333333341,1.0865969670703635e-05,0.053764067590236664,0.0031834361143410206,,,,,,dqn,cartpole,sparse,0.01,0.99,6,
297,0.0,9,0.06266666666666665,1.2938053259858862e-05,0.048041798174381256,0.00383440381847322,,,,,,dqn,cartpole,sparse,0.01,0.99,6,
298,0.0,10,0.0595,2.1579860913334414e-05,0.04742616415023804,0.005371113307774067,,,,,,dqn,cartpole,sparse,0.01,0.99,6,
299,0.0,11,0.05633333333333346,1.9283470464870334e-05,0.05958466976881027,0.0049914149567484856,,,,,,dqn,cartpole,sparse,0.01,0.99,6,
300,0.0,11,0.053166666666666695,2.8078668037778698e-05,0.051174014806747437,0.00452299602329731,,,0.0,0.0,10.0,dqn,cartpole,sparse,0.01,0.99,6,
301,0.0,9,0.050000000000000044,9.741219400893897e-06,0.05157078057527542,0.0029085916467010975,,,,,,dqn,cartpole,sparse,0.01,0.99,6,
302,0.0,10,0.050000000000000044,9.885425242828205e-06,0.049999043345451355,0.002910815179347992,,,,,,dqn,cartpole,sparse,0.01,0.99,6,
303,0.0,10,0.050000000000000044,1.054890344676096e-05,0.06159697473049164,0.0036475304514169693,,,,,,dqn,cartpole,sparse,0.01,0.99,6,
304,0.0,11,0.050000000000000044,1.2437904842954595e-05,0.0457240492105484,0.0031179168727248907,,,,,,dqn,cartpole,sparse,0.01,0.99,6,
305,0.0,10,0.050000000000000044,8.503193384967744e-06,0.05757063627243042,0.002905663102865219,,,,,,dqn,cartpole,sparse,0.01,0.99,6,
306,0.0,10,0.050000000000000044,7.503651431761682e-06,0.04947221279144287,0.0028253933414816856,,,,,,dqn,cartpole,sparse,0.01,0.99,6,
307,0.0,8,0.050000000000000044,1.1544507287908345e-05,0.04755660891532898,0.0031267045997083187,,,,,,dqn,cartpole,sparse,0.01,0.99,6,
308,0.0,10,0.050000000000000044,1.4963589819672052e-05,0.04873690381646156,0.003913173917680979,,,,,,dqn,cartpole,sparse,0.01,0.99,6,
309,0.0,10,0.050000000000000044,7.5452408054843545e-06,0.04397738724946976,0.0027174893766641617,,,,,,dqn,cartpole,sparse,0.01,0.99,6,
310,0.0,9,0.050000000000000044,7.948056008899584e-06,0.05601878464221954,0.002892292570322752,,,,,,dqn,cartpole,sparse,0.01,0.99,6,
311,0.0,8,0.050000000000000044,0.00014379268395714462,0.052892155945301056,0.014596771448850632,,,,,,dqn,cartpole,sparse,0.01,0.99,6,
312,0.0,9,0.050000000000000044,7.956974150147289e-05,0.05322236567735672,0.010110314935445786,,,,,,dqn,cartpole,sparse,0.01,0.99,6,
313,0.0,28,0.050000000000000044,4.350333983893506e-05,0.05676483362913132,0.007553367875516415,,,,,,dqn,cartpole,sparse,0.01,0.99,6,
314,0.0,9,0.050000000000000044,3.811409987974912e-05,0.07215552031993866,0.006761931348592043,,,,,,dqn,cartpole,sparse,0.01,0.99,6,
315,0.0,9,0.050000000000000044,7.575177005492151e-05,0.050033386796712875,0.009024565108120441,,,,,,dqn,cartpole,sparse,0.01,0.99,6,
316,0.0,14,0.050000000000000044,2.4685468815732747e-05,0.05167601257562637,0.005887375213205814,,,,,,dqn,cartpole,sparse,0.01,0.99,6,
317,0.0,32,0.050000000000000044,2.2684329451294616e-05,0.0574662908911705,0.004762515425682068,,,,,,dqn,cartpole,sparse,0.01,0.99,6,
318,0.0,10,0.050000000000000044,1.5149371392908506e-05,0.05401194840669632,0.00403954740613699,,,,,,dqn,cartpole,sparse,0.01,0.99,6,
319,0.0,12,0.050000000000000044,1.4888042642269284e-05,0.06201958656311035,0.004049575887620449,,,,,,dqn,cartpole,sparse,0.01,0.99,6,
320,0.0,29,0.050000000000000044,1.0725250831455924e-05,0.06066481024026871,0.0035095373168587685,,,,,,dqn,cartpole,sparse,0.01,0.99,6,
321,0.0,11,0.050000000000000044,1.120671549870167e-05,0.055443111807107925,0.0035733338445425034,,,,,,dqn,cartpole,sparse,0.01,0.99,6,
322,0.0,13,0.050000000000000044,1.690745739324484e-05,0.05072331801056862,0.004899029619991779,,,,,,dqn,cartpole,sparse,0.01,0.99,6,
323,0.0,15,0.050000000000000044,1.2198545846331399e-05,0.05751685053110123,0.0034611320588737726,,,,,,dqn,cartpole,sparse,0.01,0.99,6,
324,0.0,29,0.050000000000000044,9.284842235501856e-06,0.061338797211647034,0.0030664156656712294,,,,,,dqn,cartpole,sparse,0.01,0.99,6,
325,0.0,30,0.050000000000000044,1.186624194815522e-05,0.05350061506032944,0.003640614915639162,,,,,,dqn,cartpole,sparse,0.01,0.99,6,
326,0.0,11,0.050000000000000044,8.49638854560908e-06,0.052340470254421234,0.0029315431602299213,,,,,,dqn,cartpole,sparse,0.01,0.99,6,
327,0.0,46,0.050000000000000044,1.2537118891486898e-05,0.05441523715853691,0.0036117681302130222,,,,,,dqn,cartpole,sparse,0.01,0.99,6,
328,0.0,11,0.050000000000000044,7.403331437672023e-06,0.060305267572402954,0.002942284569144249,,,,,,dqn,cartpole,sparse,0.01,0.99,6,
329,0.0,12,0.050000000000000044,6.686871529382188e-06,0.058676645159721375,0.0029172711074352264,,,,,,dqn,cartpole,sparse,0.01,0.99,6,
330,0.0,11,0.050000000000000044,8.889527634892147e-06,0.06923128664493561,0.003179874736815691,,,,,,dqn,cartpole,sparse,0.01,0.99,6,
331,0.0,9,0.050000000000000044,1.4679891137348022e-05,0.06377208232879639,0.003750493982806802,,,,,,dqn,cartpole,sparse,0.01,0.99,6,
332,0.0,10,0.050000000000000044,1.1277206795057282e-05,0.06135004758834839,0.0032113087363541126,,,,,,dqn,cartpole,sparse,0.01,0.99,6,
333,0.0,10,0.050000000000000044,7.083165110088885e-05,0.06522659957408905,0.005439623259007931,,,,,,dqn,cartpole,sparse,0.01,0.99,6,
334,0.0,11,0.050000000000000044,1.4630759324063547e-05,0.06252822279930115,0.004026453010737896,,,,,,dqn,cartpole,sparse,0.01,0.99,6,
335,0.0,31,0.050000000000000044,3.7520767364185303e-05,0.06173697113990784,0.005505801178514957,,,,,,dqn,cartpole,sparse,0.01,0.99,6,
336,0.0,11,0.050000000000000044,1.791724207578227e-05,0.058270931243896484,0.0034695398062467575,,,,,,dqn,cartpole,sparse,0.01,0.99,6,
337,0.0,12,0.050000000000000044,1.952240927494131e-05,0.06024537608027458,0.00469587929546833,,,,,,dqn,cartpole,sparse,0.01,0.99,6,
338,0.0,12,0.050000000000000044,9.4488168542739e-06,0.059025801718235016,0.003522092942148447,,,,,,dqn,cartpole,sparse,0.01,0.99,6,
339,0.0,16,0.050000000000000044,1.5162790077738464e-05,0.05709017813205719,0.004190939012914896,,,,,,dqn,cartpole,sparse,0.01,0.99,6,
340,0.0,35,0.050000000000000044,3.605564415920526e-05,0.05497046560049057,0.004455974325537682,,,,,,dqn,cartpole,sparse,0.01,0.99,6,
341,0.0,11,0.050000000000000044,8.399468242714647e-06,0.04627992957830429,0.0027932613156735897,,,,,,dqn,cartpole,sparse,0.01,0.99,6,
342,0.0,49,0.050000000000000044,1.0442000530019868e-05,0.05494362860918045,0.0034793277736753225,,,,,,dqn,cartpole,sparse,0.01,0.99,6,
343,0.0,11,0.050000000000000044,1.768109723343514e-05,0.06747444719076157,0.0037811552174389362,,,,,,dqn,cartpole,sparse,0.01,0.99,6,
344,0.0,13,0.050000000000000044,6.422360002034111e-06,0.05083206295967102,0.002512941835448146,,,,,,dqn,cartpole,sparse,0.01,0.99,6,
345,0.0,11,0.050000000000000044,4.597557563101873e-06,0.05925724655389786,0.00261137867346406,,,,,,dqn,cartpole,sparse,0.01,0.99,6,
346,0.0,45,0.050000000000000044,6.013148777128663e-06,0.06800054758787155,0.002486088080331683,,,,,,dqn,cartpole,sparse,0.01,0.99,6,
347,0.0,18,0.050000000000000044,9.439812856726348e-06,0.05677466839551926,0.002801863942295313,,,,,,dqn,cartpole,sparse,0.01,0.99,6,
348,0.0,12,0.050000000000000044,1.8670505596674047e-05,0.047350965440273285,0.003435675520449877,,,,,,dqn,cartpole,sparse,0.01,0.99,6,
349,0.0,45,0.050000000000000044,1.6717305697966367e-05,0.06108001992106438,0.004040864761918783,,,,,,dqn,cartpole,sparse,0.01,0.99,6,
350,0.0,30,0.050000000000000044,1.0074320016428828e-05,0.05398870259523392,0.0033970505464822054,,,0.0,0.0,26.9,dqn,cartpole,sparse,0.01,0.99,6,
351,0.0,11,0.050000000000000044,1.504373358329758e-05,0.05013103783130646,0.0032468761783093214,,,,,,dqn,cartpole,sparse,0.01,0.99,6,
352,0.0,12,0.050000000000000044,1.6974727259366773e-05,0.06516916304826736,0.004368194378912449,,,,,,dqn,cartpole,sparse,0.01,0.99,6,
353,0.0,41,0.050000000000000044,6.164254045870621e-06,0.05425991117954254,0.002310638315975666,,,,,,dqn,cartpole,sparse,0.01,0.99,6,
354,0.0,11,0.050000000000000044,9.309353117714636e-06,0.06306357681751251,0.002869153395295143,,,,,,dqn,cartpole,sparse,0.01,0.99,6,
355,0.0,59,0.050000000000000044,1.961532689165324e-05,0.057906124740839005,0.004436693619936705,,,,,,dqn,cartpole,sparse,0.01,0.99,6,
356,0.0,12,0.050000000000000044,2.080966078210622e-05,0.059035103768110275,0.0039529940113425255,,,,,,dqn,cartpole,sparse,0.01,0.99,6,
357,0.0,10,0.050000000000000044,9.313675036537461e-06,0.055652473121881485,0.00330235343426466,,,,,,dqn,cartpole,sparse,0.01,0.99,6,
358,0.0,11,0.050000000000000044,4.475483001442626e-05,0.04680493101477623,0.00548896100372076,,,,,,dqn,cartpole,sparse,0.01,0.99,6,
359,0.0,22,0.050000000000000044,2.1711151930503547e-05,0.05553301423788071,0.004582877270877361,,,,,,dqn,cartpole,sparse,0.01,0.99,6,
360,0.0,12,0.050000000000000044,8.35648643260356e-06,0.058234576135873795,0.002837741281837225,,,,,,dqn,cartpole,sparse,0.01,0.99,6,
361,0.0,53,0.050000000000000044,1.5024240383354481e-05,0.06152517348527908,0.002901497296988964,,,,,,dqn,cartpole,sparse,0.01,0.99,6,
362,0.0,36,0.050000000000000044,1.2893466191599146e-05,0.05385090783238411,0.003781776875257492,,,,,,dqn,cartpole,sparse,0.01,0.99,6,
363,0.0,12,0.050000000000000044,6.85942177369725e-06,0.06079969182610512,0.002610658761113882,,,,,,dqn,cartpole,sparse,0.01,0.99,6,
364,0.0,10,0.050000000000000044,1.0637991181283724e-05,0.05379384011030197,0.003440615488216281,,,,,,dqn,cartpole,sparse,0.01,0.99,6,
365,0.0,56,0.050000000000000044,5.628410690405872e-06,0.0661993995308876,0.0028731124475598335,,,,,,dqn,cartpole,sparse,0.01,0.99,6,
366,0.0,12,0.050000000000000044,5.347577825887129e-06,0.04881664365530014,0.002508956240490079,,,,,,dqn,cartpole,sparse,0.01,0.99,6,
367,0.0,12,0.050000000000000044,9.22725121199619e-06,0.0635918378829956,0.0028129261918365955,,,,,,dqn,cartpole,sparse,0.01,0.99,6,
368,0.0,11,0.050000000000000044,3.170538548147306e-05,0.06264753639698029,0.0038759298622608185,,,,,,dqn,cartpole,sparse,0.01,0.99,6,
369,0.0,56,0.050000000000000044,5.591869921772741e-06,0.07473022490739822,0.0020821895450353622,,,,,,dqn,cartpole,sparse,0.01,0.99,6,
370,0.0,13,0.050000000000000044,6.801426025049295e-06,0.06415744125843048,0.0031455003190785646,,,,,,dqn,cartpole,sparse,0.01,0.99,6,
371,0.0,12,0.050000000000000044,5.853175025549717e-06,0.05069001019001007,0.002342290012165904,,,,,,dqn,cartpole,sparse,0.01,0.99,6,
372,0.0,14,0.050000000000000044,8.72318196343258e-06,0.05860726535320282,0.003067723009735346,,,,,,dqn,cartpole,sparse,0.01,0.99,6,
373,0.0,10,0.050000000000000044,1.2143914318585303e-05,0.05920246243476868,0.002918396843597293,,,,,,dqn,cartpole,sparse,0.01,0.99,6,
374,0.0,44,0.050000000000000044,3.5303644835948944e-05,0.05579990893602371,0.004986824467778206,,,,,,dqn,cartpole,sparse,0.01,0.99,6,
375,0.0,35,0.050000000000000044,9.623154255677946e-06,0.06443473696708679,0.0028203753754496574,,,,,,dqn,cartpole,sparse,0.01,0.99,6,
376,0.0,35,0.050000000000000044,1.0097000995301642e-05,0.05202269181609154,0.002410440007224679,,,,,,dqn,cartpole,sparse,0.01,0.99,6,
377,0.0,11,0.050000000000000044,1.4919643945177086e-05,0.0598268136382103,0.003459965344518423,,,,,,dqn,cartpole,sparse,0.01,0.99,6,
378,0.0,34,0.050000000000000044,5.996160780341597e-06,0.06449024379253387,0.0023939653765410185,,,,,,dqn,cartpole,sparse,0.01,0.99,6,
379,0.0,44,0.050000000000000044,1.2251216503500473e-05,0.05364559590816498,0.0031161573715507984,,,,,,dqn,cartpole,sparse,0.01,0.99,6,
380,0.0,14,0.050000000000000044,7.174437996582128e-06,0.05047635734081268,0.0029103176202625036,,,,,,dqn,cartpole,sparse,0.01,0.99,6,
381,0.0,52,0.050000000000000044,1.3301116268849e-05,0.07450459897518158,0.0032850936986505985,,,,,,dqn,cartpole,sparse,0.01,0.99,6,
382,0.0,31,0.050000000000000044,8.95252469490515e-06,0.07569116353988647,0.00248468155041337,,,,,,dqn,cartpole,sparse,0.01,0.99,6,
383,0.0,11,0.050000000000000044,1.3223099813330919e-05,0.05589769035577774,0.0036380705423653126,,,,,,dqn,cartpole,sparse,0.01,0.99,6,
384,0.0,28,0.050000000000000044,3.825612657237798e-05,0.06442905962467194,0.004331888165324926,,,,,,dqn,cartpole,sparse,0.01,0.99,6,
385,0.0,12,0.050000000000000044,1.2194102964713238e-05,0.05211880803108215,0.0037670887541025877,,,,,,dqn,cartpole,sparse,0.01,0.99,6,
386,0.0,11,0.050000000000000044,4.6892051614122465e-05,0.07015368342399597,0.00443432480096817,,,,,,dqn,cartpole,sparse,0.01,0.99,6,
387,0.0,12,0.050000000000000044,4.75415654364042e-05,0.06438489258289337,0.005326732061803341,,,,,,dqn,cartpole,sparse,0.01,0.99,6,
388,0.0,13,0.050000000000000044,1.2672120647039264e-05,0.06401622295379639,0.0035133063793182373,,,,,,dqn,cartpole,sparse,0.01,0.99,6,
389,0.0,35,0.050000000000000044,2.769196726148948e-05,0.05480460077524185,0.004697968252003193,,,,,,dqn,cartpole,sparse,0.01,0.99,6,
390,0.0,53,0.050000000000000044,1.828275344450958e-05,0.061058059334754944,0.004093842580914497,,,,,,dqn,cartpole,sparse,0.01,0.99,6,
391,0.0,10,0.050000000000000044,1.141352822742192e-05,0.05412754416465759,0.00349299143999815,,,,,,dqn,cartpole,sparse,0.01,0.99,6,
392,0.0,30,0.050000000000000044,1.6160120139829814e-05,0.06425292789936066,0.004201143980026245,,,,,,dqn,cartpole,sparse,0.01,0.99,6,
393,0.0,12,0.050000000000000044,1.1011694368789904e-05,0.054657720029354095,0.003103655530139804,,,,,,dqn,cartpole,sparse,0.01,0.99,6,
394,0.0,14,0.050000000000000044,1.2205254279251676e-05,0.047033295035362244,0.003744264133274555,,,,,,dqn,cartpole,sparse,0.01,0.99,6,
395,0.0,11,0.050000000000000044,9.80279037321452e-06,0.059784725308418274,0.00364150432869792,,,,,,dqn,cartpole,sparse,0.01,0.99,6,
396,0.0,10,0.050000000000000044,1.223693834617734e-05,0.05135752260684967,0.004144372884184122,,,,,,dqn,cartpole,sparse,0.01,0.99,6,
397,0.0,30,0.050000000000000044,1.3258670151117258e-05,0.059207603335380554,0.0036767912097275257,,,,,,dqn,cartpole,sparse,0.01,0.99,6,
398,0.0,32,0.050000000000000044,1.3637752999784425e-05,0.061995573341846466,0.003550392109900713,,,,,,dqn,cartpole,sparse,0.01,0.99,6,
399,0.0,31,0.050000000000000044,9.738580047269352e-06,0.05108567327260971,0.003235461888834834,,,,,,dqn,cartpole,sparse,0.01,0.99,6,
400,0.0,30,0.050000000000000044,1.4447492503677495e-05,0.059553805738687515,0.0028803753666579723,,,0.0,0.0,14.8,dqn,cartpole,sparse,0.01,0.99,6,
401,0.0,10,0.050000000000000044,3.461133746895939e-05,0.05902383103966713,0.0041040475480258465,,,,,,dqn,cartpole,sparse,0.01,0.99,6,
402,0.0,51,0.050000000000000044,0.00018629748956300318,0.047671809792518616,0.015827523544430733,,,,,,dqn,cartpole,sparse,0.01,0.99,6,
403,0.0,52,0.050000000000000044,8.908237214200199e-05,0.06624002754688263,0.01195147167891264,,,,,,dqn,cartpole,sparse,0.01,0.99,6,
404,0.0,62,0.050000000000000044,3.140843182336539e-05,0.059231728315353394,0.005919529125094414,,,,,,dqn,cartpole,sparse,0.01,0.99,6,
405,0.0,30,0.050000000000000044,1.7521539120934904e-05,0.05835092440247536,0.0042647793889045715,,,,,,dqn,cartpole,sparse,0.01,0.99,6,
406,0.0,20,0.050000000000000044,8.302424248540774e-06,0.06223847717046738,0.003004793543368578,,,,,,dqn,cartpole,sparse,0.01,0.99,6,
407,0.0,61,0.050000000000000044,7.5246816777507775e-06,0.05627512186765671,0.002942492254078388,,,,,,dqn,cartpole,sparse,0.01,0.99,6,
408,0.0,34,0.050000000000000044,1.1774290214816574e-05,0.06174129992723465,0.0037463949993252754,,,,,,dqn,cartpole,sparse,0.01,0.99,6,
409,0.0,38,0.050000000000000044,1.5207774595182855e-05,0.05829891189932823,0.004114503972232342,,,,,,dqn,cartpole,sparse,0.01,0.99,6,
410,0.0,44,0.050000000000000044,1.0810806088557001e-05,0.06570442020893097,0.0033763698302209377,,,,,,dqn,cartpole,sparse,0.01,0.99,6,
411,0.0,14,0.050000000000000044,8.648195944260806e-06,0.06359249353408813,0.0030223075300455093,,,,,,dqn,cartpole,sparse,0.01,0.99,6,
412,0.0,58,0.050000000000000044,8.937628081184812e-06,0.06885473430156708,0.002961202524602413,,,,,,dqn,cartpole,sparse,0.01,0.99,6,
413,0.0,57,0.050000000000000044,1.3554676115745679e-05,0.06661307066679001,0.003918051719665527,,,,,,dqn,cartpole,sparse,0.01,0.99,6,
414,0.0,34,0.050000000000000044,7.866128726163879e-06,0.062286198139190674,0.0026873713359236717,,,,,,dqn,cartpole,sparse,0.01,0.99,6,
415,0.0,55,0.050000000000000044,1.0577715329418425e-05,0.06497692316770554,0.0031459713354706764,,,,,,dqn,cartpole,sparse,0.01,0.99,6,
416,0.0,67,0.050000000000000044,8.685316061018966e-06,0.057066772133111954,0.002919752150774002,,,,,,dqn,cartpole,sparse,0.01,0.99,6,
417,0.0,61,0.050000000000000044,5.930043698754162e-06,0.0692795068025589,0.002490327227860689,,,,,,dqn,cartpole,sparse,0.01,0.99,6,
418,0.0,44,0.050000000000000044,8.078770406427793e-06,0.06145559996366501,0.0031548438128083944,,,,,,dqn,cartpole,sparse,0.01,0.99,6,
419,0.0,39,0.050000000000000044,6.996224328759126e-06,0.0630486011505127,0.0028026956133544445,,,,,,dqn,cartpole,sparse,0.01,0.99,6,
420,0.0,36,0.050000000000000044,6.63859009364387e-06,0.06057858467102051,0.0025656437501311302,,,,,,dqn,cartpole,sparse,0.01,0.99,6,
421,0.0,43,0.050000000000000044,1.8099601220455952e-05,0.06222514063119888,0.0040039187297225,,,,,,dqn,cartpole,sparse,0.01,0.99,6,
422,0.0,42,0.050000000000000044,8.7321177488775e-06,0.07443398237228394,0.0032259563449770212,,,,,,dqn,cartpole,sparse,0.01,0.99,6,
423,0.0,61,0.050000000000000044,8.053287274378818e-06,0.0646759495139122,0.0032277985010296106,,,,,,dqn,cartpole,sparse,0.01,0.99,6,
424,0.0,12,0.050000000000000044,1.726028131088242e-05,0.05847310274839401,0.003946876153349876,,,,,,dqn,cartpole,sparse,0.01,0.99,6,
425,0.0,53,0.050000000000000044,1.1692852240230422e-05,0.05564207583665848,0.0033310195431113243,,,,,,dqn,cartpole,sparse,0.01,0.99,6,
426,0.0,49,0.050000000000000044,1.1583903869905043e-05,0.05071289837360382,0.0035516968928277493,,,,,,dqn,cartpole,sparse,0.01,0.99,6,
427,0.0,65,0.050000000000000044,1.7037786165019497e-05,0.05553179234266281,0.004097449127584696,,,,,,dqn,cartpole,sparse,0.01,0.99,6,
428,0.0,64,0.050000000000000044,4.714899205282563e-06,0.06895700097084045,0.0023474537301808596,,,,,,dqn,cartpole,sparse,0.01,0.99,6,
429,0.0,55,0.050000000000000044,9.964451237465255e-06,0.06448926031589508,0.003703904338181019,,,,,,dqn,cartpole,sparse,0.01,0.99,6,
430,0.0,56,0.050000000000000044,8.57935447129421e-06,0.06744559854269028,0.002701034303754568,,,,,,dqn,cartpole,sparse,0.01,0.99,6,
431,0.0,55,0.050000000000000044,9.838436199061107e-06,0.07254992425441742,0.0030653439462184906,,,,,,dqn,cartpole,sparse,0.01,0.99,6,
432,0.0,60,0.050000000000000044,1.000491374725243e-05,0.05524385720491409,0.0034328047186136246,,,,,,dqn,cartpole,sparse,0.01,0.99,6,
433,0.0,68,0.050000000000000044,7.548806024715304e-06,0.05356200411915779,0.003034161403775215,,,,,,dqn,cartpole,sparse,0.01,0.99,6,
434,0.0,58,0.050000000000000044,9.637559742259327e-06,0.05724509060382843,0.003261174540966749,,,,,,dqn,cartpole,sparse,0.01,0.99,6,
435,0.0,59,0.050000000000000044,4.468919723876752e-05,0.06582146883010864,0.004819663241505623,,,,,,dqn,cartpole,sparse,0.01,0.99,6,
436,0.0,62,0.050000000000000044,1.7392783774994314e-05,0.06365085393190384,0.004668924957513809,,,,,,dqn,cartpole,sparse,0.01,0.99,6,
437,0.0,62,0.050000000000000044,9.549944479658734e-06,0.06845739483833313,0.002879176754504442,,,,,,dqn,cartpole,sparse,0.01,0.99,6,
438,0.0,55,0.050000000000000044,9.102843250730075e-06,0.06679724156856537,0.003616312053054571,,,,,,dqn,cartpole,sparse,0.01,0.99,6,
439,0.0,58,0.050000000000000044,6.191776265040971e-06,0.061059825122356415,0.0026465398259460926,,,,,,dqn,cartpole,sparse,0.01,0.99,6,
440,0.0,37,0.050000000000000044,1.5812827768968418e-05,0.06477022171020508,0.004339295905083418,,,,,,dqn,cartpole,sparse,0.01,0.99,6,
441,0.0,43,0.050000000000000044,6.6658731157076545e-06,0.06866873800754547,0.002668664325028658,,,,,,dqn,cartpole,sparse,0.01,0.99,6,
442,0.0,67,0.050000000000000044,1.4260137504606973e-05,0.050239354372024536,0.004129516892135143,,,,,,dqn,cartpole,sparse,0.01,0.99,6,
443,0.0,66,0.050000000000000044,0.0001016859314404428,0.05556412786245346,0.01201854832470417,,,,,,dqn,cartpole,sparse,0.01,0.99,6,
444,0.0,13,0.050000000000000044,8.651158714201301e-05,0.060558028519153595,0.008422432467341423,,,,,,dqn,cartpole,sparse,0.01,0.99,6,
445,0.0,71,0.050000000000000044,1.5827683455427177e-05,0.056550659239292145,0.004674137569963932,,,,,,dqn,cartpole,sparse,0.01,0.99,6,
446,0.0,72,0.050000000000000044,1.5790850738994777e-05,0.06559035181999207,0.0034534349106252193,,,,,,dqn,cartpole,sparse,0.01,0.99,6,
447,0.0,69,0.050000000000000044,3.2627154723741114e-05,0.0596848763525486,0.006060142535716295,,,,,,dqn,cartpole,sparse,0.01,0.99,6,
448,0.0,68,0.050000000000000044,1.417872408637777e-05,0.06369175016880035,0.004297055769711733,,,,,,dqn,cartpole,sparse,0.01,0.99,6,
449,0.0,80,0.050000000000000044,1.4540168194798753e-05,0.05776190012693405,0.00397989759221673,,,,,,dqn,cartpole,sparse,0.01,0.99,6,
450,0.0,65,0.050000000000000044,3.0484303351840936e-05,0.06271085888147354,0.0049278223887085915,,,0.0,0.0,67.1,dqn,cartpole,sparse,0.01,0.99,6,
451,0.0,63,0.050000000000000044,2.9632963560288772e-05,0.05630158260464668,0.006071370095014572,,,,,,dqn,cartpole,sparse,0.01,0.99,6,
452,0.0,77,0.050000000000000044,1.4770717825740576e-05,0.05361528322100639,0.004036454949527979,,,,,,dqn,cartpole,sparse,0.01,0.99,6,
453,0.0,81,0.050000000000000044,1.8633907529874705e-05,0.05203972011804581,0.00432788860052824,,,,,,dqn,cartpole,sparse,0.01,0.99,6,
454,0.0,70,0.050000000000000044,3.827195905614644e-05,0.06602443009614944,0.005167460534721613,,,,,,dqn,cartpole,sparse,0.01,0.99,6,
455,0.0,67,0.050000000000000044,5.423037146101706e-05,0.06741805374622345,0.005555261392146349,,,,,,dqn,cartpole,sparse,0.01,0.99,6,
456,0.0,64,0.050000000000000044,2.7393141863285564e-05,0.07324676215648651,0.005692882463335991,,,,,,dqn,cartpole,sparse,0.01,0.99,6,
457,0.0,64,0.050000000000000044,1.3613596820505336e-05,0.0677754208445549,0.004029478877782822,,,,,,dqn,cartpole,sparse,0.01,0.99,6,
458,0.0,56,0.050000000000000044,2.3867920390330255e-05,0.06413824111223221,0.004954112693667412,,,,,,dqn,cartpole,sparse,0.01,0.99,6,
459,0.0,73,0.050000000000000044,2.1793537598568946e-05,0.07157275080680847,0.005472324322909117,,,,,,dqn,cartpole,sparse,0.01,0.99,6,
460,0.0,66,0.050000000000000044,9.77291347226128e-06,0.05826723575592041,0.003323984332382679,,,,,,dqn,cartpole,sparse,0.01,0.99,6,
461,0.0,72,0.050000000000000044,2.8204547561472282e-05,0.06407512724399567,0.0064050909131765366,,,,,,dqn,cartpole,sparse,0.01,0.99,6,
462,0.0,66,0.050000000000000044,2.9375421945587732e-05,0.06834810227155685,0.005826650187373161,,,,,,dqn,cartpole,sparse,0.01,0.99,6,
463,0.0,60,0.050000000000000044,2.1598498278763145e-05,0.05609487369656563,0.004562702029943466,,,,,,dqn,cartpole,sparse,0.01,0.99,6,
464,0.0,61,0.050000000000000044,1.5319063095375896e-05,0.06232411414384842,0.00391231756657362,,,,,,dqn,cartpole,sparse,0.01,0.99,6,
465,0.0,68,0.050000000000000044,1.5699661162216216e-05,0.0742466077208519,0.0047898851335048676,,,,,,dqn,cartpole,sparse,0.01,0.99,6,
466,0.0,70,0.050000000000000044,5.7750723499339074e-05,0.08122487366199493,0.0057944925501942635,,,,,,dqn,cartpole,sparse,0.01,0.99,6,
467,0.0,64,0.050000000000000044,3.295803617220372e-05,0.06971415877342224,0.005648316815495491,,,,,,dqn,cartpole,sparse,0.01,0.99,6,
468,0.0,78,0.050000000000000044,1.3169345038477331e-05,0.07037380337715149,0.003972144797444344,,,,,,dqn,cartpole,sparse,0.01,0.99,6,
469,0.0,64,0.050000000000000044,6.476694397861138e-05,0.07548560202121735,0.004817847162485123,,,,,,dqn,cartpole,sparse,0.01,0.99,6,
470,0.0,84,0.050000000000000044,2.1018684492446482e-05,0.06082671135663986,0.005210270173847675,,,,,,dqn,cartpole,sparse,0.01,0.99,6,
471,0.0,71,0.050000000000000044,4.60974988527596e-05,0.06811238080263138,0.007569971028715372,,,,,,dqn,cartpole,sparse,0.01,0.99,6,
472,0.0,72,0.050000000000000044,8.57553313835524e-05,0.08034087717533112,0.010621262714266777,,,,,,dqn,cartpole,sparse,0.01,0.99,6,
473,0.0,74,0.050000000000000044,2.484541619196534e-05,0.06316755712032318,0.005389253608882427,,,,,,dqn,cartpole,sparse,0.01,0.99,6,
474,0.0,89,0.050000000000000044,2.0043815311510116e-05,0.0708974301815033,0.005321177653968334,,,,,,dqn,cartpole,sparse,0.01,0.99,6,
475,0.0,84,0.050000000000000044,2.4691573344171047e-05,0.07083112001419067,0.005181289743632078,,,,,,dqn,cartpole,sparse,0.01,0.99,6,
476,0.0,83,0.050000000000000044,2.342858351767063e-05,0.05850004032254219,0.005178798921406269,,,,,,dqn,cartpole,sparse,0.01,0.99,6,
477,0.0,82,0.050000000000000044,1.9180159142706543e-05,0.05550462380051613,0.004716196097433567,,,,,,dqn,cartpole,sparse,0.01,0.99,6,
478,0.0,90,0.050000000000000044,1.6229490938712843e-05,0.06294785439968109,0.00421930942684412,,,,,,dqn,cartpole,sparse,0.01,0.99,6,
479,0.0,86,0.050000000000000044,4.4943786633666605e-05,0.0840744748711586,0.004854833707213402,,,,,,dqn,cartpole,sparse,0.01,0.99,6,
480,0.0,77,0.050000000000000044,2.9323176931939088e-05,0.05999045819044113,0.005291562527418137,,,,,,dqn,cartpole,sparse,0.01,0.99,6,
481,0.0,93,0.050000000000000044,1.1656338756438345e-05,0.06162901967763901,0.0037528863176703453,,,,,,dqn,cartpole,sparse,0.01,0.99,6,
482,0.0,82,0.050000000000000044,8.671820251038298e-05,0.07462112605571747,0.006399543024599552,,,,,,dqn,cartpole,sparse,0.01,0.99,6,
483,0.0,92,0.050000000000000044,2.7940553991356865e-05,0.059303246438503265,0.00569685734808445,,,,,,dqn,cartpole,sparse,0.01,0.99,6,
484,0.0,90,0.050000000000000044,2.1053416276117787e-05,0.06664136052131653,0.005120285786688328,,,,,,dqn,cartpole,sparse,0.01,0.99,6,
485,0.0,96,0.050000000000000044,1.7486754586570896e-05,0.06826873868703842,0.004551824182271957,,,,,,dqn,cartpole,sparse,0.01,0.99,6,
486,0.0,87,0.050000000000000044,2.664677049324382e-05,0.0637969821691513,0.005684990435838699,,,,,,dqn,cartpole,sparse,0.01,0.99,6,
487,0.0,95,0.050000000000000044,1.3145380762580317e-05,0.06813202798366547,0.004210680723190308,,,,,,dqn,cartpole,sparse,0.01,0.99,6,
488,0.0,90,0.050000000000000044,1.9030394469155e-05,0.06320193409919739,0.0039427918381989,,,,,,dqn,cartpole,sparse,0.01,0.99,6,
489,0.0,79,0.050000000000000044,1.0756632036645897e-05,0.07530446350574493,0.0035052194725722075,,,,,,dqn,cartpole,sparse,0.01,0.99,6,
490,0.0,87,0.050000000000000044,1.1609819921432063e-05,0.07771092653274536,0.004025700036436319,,,,,,dqn,cartpole,sparse,0.01,0.99,6,
491,0.0,70,0.050000000000000044,2.3166212486103177e-05,0.05774620175361633,0.005163909867405891,,,,,,dqn,cartpole,sparse,0.01,0.99,6,
492,0.0,93,0.050000000000000044,1.4423879292735364e-05,0.0679101049900055,0.003836059710010886,,,,,,dqn,cartpole,sparse,0.01,0.99,6,
493,0.0,79,0.050000000000000044,1.1342845027684234e-05,0.05848231166601181,0.0037032754626125097,,,,,,dqn,cartpole,sparse,0.01,0.99,6,
494,0.0,79,0.050000000000000044,9.219180356012657e-06,0.07822467386722565,0.003332618623971939,,,,,,dqn,cartpole,sparse,0.01,0.99,6,
495,0.0,90,0.050000000000000044,7.64000287745148e-06,0.07872505486011505,0.0029526217840611935,,,,,,dqn,cartpole,sparse,0.01,0.99,6,
496,0.0,100,0.050000000000000044,2.3128784960135818e-05,0.07684507966041565,0.005142041482031345,,,,,,dqn,cartpole,sparse,0.01,0.99,6,
497,0.0,109,0.050000000000000044,2.5179635485983454e-05,0.062377940863370895,0.005062452517449856,,,,,,dqn,cartpole,sparse,0.01,0.99,6,
498,0.0,107,0.050000000000000044,0.00011915082723135129,0.0818413570523262,0.008384060114622116,,,,,,dqn,cartpole,sparse,0.01,0.99,6,
499,0.0,102,0.050000000000000044,2.0438716092030518e-05,0.07791130989789963,0.005322836805135012,,,,,,dqn,cartpole,sparse,0.01,0.99,6,
500,0.0,126,0.050000000000000044,7.977593668329064e-06,0.07675755769014359,0.0032026474364101887,,,0.0,0.0,117.8,dqn,cartpole,sparse,0.01,0.99,6,
501,0.0,126,0.050000000000000044,1.608583625056781e-05,0.08254900574684143,0.003926203586161137,,,,,,dqn,cartpole,sparse,0.01,0.99,6,
502,0.0,129,0.050000000000000044,1.9509581761667505e-05,0.07935397326946259,0.005197669379413128,,,,,,dqn,cartpole,sparse,0.01,0.99,6,
503,0.0,96,0.050000000000000044,2.9118256861693226e-05,0.07903017103672028,0.006285074166953564,,,,,,dqn,cartpole,sparse,0.01,0.99,6,
504,0.0,95,0.050000000000000044,4.8849047743715346e-05,0.07514745742082596,0.006316415499895811,,,,,,dqn,cartpole,sparse,0.01,0.99,6,
505,0.0,104,0.050000000000000044,2.3857886844780296e-05,0.07908132672309875,0.004830370657145977,,,,,,dqn,cartpole,sparse,0.01,0.99,6,
506,0.0,94,0.050000000000000044,5.8490692026680335e-05,0.07319954037666321,0.00674022501334548,,,,,,dqn,cartpole,sparse,0.01,0.99,6,
507,0.0,94,0.050000000000000044,1.412231540598441e-05,0.07582195103168488,0.0038324734196066856,,,,,,dqn,cartpole,sparse,0.01,0.99,6,
508,0.0,103,0.050000000000000044,8.748229447519407e-05,0.0717419907450676,0.007850581780076027,,,,,,dqn,cartpole,sparse,0.01,0.99,6,
509,0.0,121,0.050000000000000044,4.736080882139504e-05,0.07937796413898468,0.005759900435805321,,,,,,dqn,cartpole,sparse,0.01,0.99,6,
510,0.0,103,0.050000000000000044,2.2241511032916605e-05,0.08976820111274719,0.005338518880307674,,,,,,dqn,cartpole,sparse,0.01,0.99,6,
511,0.0,96,0.050000000000000044,1.393836282659322e-05,0.08082946389913559,0.0039772032760083675,,,,,,dqn,cartpole,sparse,0.01,0.99,6,
512,0.0,103,0.050000000000000044,5.412811879068613e-05,0.086460180580616,0.007407343480736017,,,,,,dqn,cartpole,sparse,0.01,0.99,6,
513,0.0,90,0.050000000000000044,3.145091613987461e-05,0.07663638144731522,0.005899367388337851,,,,,,dqn,cartpole,sparse,0.01,0.99,6,
514,0.0,117,0.050000000000000044,3.525008287397213e-05,0.09476885199546814,0.006652328185737133,,,,,,dqn,cartpole,sparse,0.01,0.99,6,
515,0.0,137,0.050000000000000044,2.6663346943678334e-05,0.08953806012868881,0.005707363598048687,,,,,,dqn,cartpole,sparse,0.01,0.99,6,
516,0.0,155,0.050000000000000044,3.627501064329408e-05,0.08145315945148468,0.006780274212360382,,,,,,dqn,cartpole,sparse,0.01,0.99,6,
517,0.0,137,0.050000000000000044,7.603639096487314e-05,0.08449508249759674,0.008883120492100716,,,,,,dqn,cartpole,sparse,0.01,0.99,6,
518,0.0,158,0.050000000000000044,8.439474186161533e-05,0.07572415471076965,0.006365288980305195,,,,,,dqn,cartpole,sparse,0.01,0.99,6,
519,0.0,157,0.050000000000000044,1.789046473277267e-05,0.07301461696624756,0.0043862685561180115,,,,,,dqn,cartpole,sparse,0.01,0.99,6,
520,0.0,139,0.050000000000000044,1.010199684969848e-05,0.07426828145980835,0.003677659435197711,,,,,,dqn,cartpole,sparse,0.01,0.99,6,
521,0.0,162,0.050000000000000044,2.8600699806702323e-05,0.06712619215250015,0.004970569163560867,,,,,,dqn,cartpole,sparse,0.01,0.99,6,
522,0.0,139,0.050000000000000044,9.18266232474707e-06,0.08677315711975098,0.003323132172226906,,,,,,dqn,cartpole,sparse,0.01,0.99,6,
523,0.0,181,0.050000000000000044,2.480855255271308e-05,0.09800051152706146,0.005514110438525677,,,,,,dqn,cartpole,sparse,0.01,0.99,6,
524,0.0,168,0.050000000000000044,1.7546331946505234e-05,0.08373735845088959,0.004519556649029255,,,,,,dqn,cartpole,sparse,0.01,0.99,6,
525,0.0,150,0.050000000000000044,1.5760610040160827e-05,0.09697041660547256,0.00453823059797287,,,,,,dqn,cartpole,sparse,0.01,0.99,6,
526,0.0,178,0.050000000000000044,9.922879144141916e-06,0.08490481972694397,0.0030351332388818264,,,,,,dqn,cartpole,sparse,0.01,0.99,6,
527,0.0,165,0.050000000000000044,3.1554267479805276e-05,0.09076064825057983,0.005499355960637331,,,,,,dqn,cartpole,sparse,0.01,0.99,6,
528,0.0,231,0.050000000000000044,5.034292189520784e-05,0.09560975432395935,0.008577188476920128,,,,,,dqn,cartpole,sparse,0.01,0.99,6,
529,0.0,180,0.050000000000000044,2.6568412067717873e-05,0.08611749112606049,0.006174205802381039,,,,,,dqn,cartpole,sparse,0.01,0.99,6,
530,0.0,176,0.050000000000000044,3.0204835638869554e-05,0.08392205834388733,0.004748575855046511,,,,,,dqn,cartpole,sparse,0.01,0.99,6,
531,0.0,186,0.050000000000000044,6.1373593780444935e-06,0.08861988037824631,0.0028386670164763927,,,,,,dqn,cartpole,sparse,0.01,0.99,6,
532,0.0,188,0.050000000000000044,2.4272383598145097e-05,0.08791167289018631,0.006275953259319067,,,,,,dqn,cartpole,sparse,0.01,0.99,6,
533,0.0,276,0.050000000000000044,1.1758464097511023e-05,0.09097200632095337,0.00390696432441473,,,,,,dqn,cartpole,sparse,0.01,0.99,6,
534,0.0,264,0.050000000000000044,1.0666647540347185e-05,0.08601867407560349,0.0032667217310518026,,,,,,dqn,cartpole,sparse,0.01,0.99,6,
535,0.0,121,0.050000000000000044,3.072136314585805e-05,0.09254465252161026,0.006722413003444672,,,,,,dqn,cartpole,sparse,0.01,0.99,6,
536,0.0,142,0.050000000000000044,3.513026240398176e-05,0.09062833338975906,0.006834293715655804,,,,,,dqn,cartpole,sparse,0.01,0.99,6,
537,0.0,173,0.050000000000000044,2.2274885850492865e-05,0.08804105222225189,0.005403983406722546,,,,,,dqn,cartpole,sparse,0.01,0.99,6,
538,0.0,187,0.050000000000000044,4.247980541549623e-05,0.08999783545732498,0.007903598248958588,,,,,,dqn,cartpole,sparse,0.01,0.99,6,
539,0.0,125,0.050000000000000044,2.4856293748598546e-05,0.09459011256694794,0.005076139699667692,,,,,,dqn,cartpole,sparse,0.01,0.99,6,
540,0.0,121,0.050000000000000044,8.413886462221853e-06,0.08852151036262512,0.0029653850942850113,,,,,,dqn,cartpole,sparse,0.01,0.99,6,
541,0.0,116,0.050000000000000044,1.3262130778457504e-05,0.08719395101070404,0.004422839265316725,,,,,,dqn,cartpole,sparse,0.01,0.99,6,
542,0.0,135,0.050000000000000044,1.317681380896829e-05,0.09208402037620544,0.0032586853485554457,,,,,,dqn,cartpole,sparse,0.01,0.99,6,
543,0.0,143,0.050000000000000044,2.3628907001693733e-05,0.08638977259397507,0.003995788749307394,,,,,,dqn,cartpole,sparse,0.01,0.99,6,
544,0.0,171,0.050000000000000044,1.9005794456461444e-05,0.09378720819950104,0.004550514742732048,,,,,,dqn,cartpole,sparse,0.01,0.99,6,
545,0.0,137,0.050000000000000044,7.16389185981825e-05,0.09987252950668335,0.004036780912429094,,,,,,dqn,cartpole,sparse,0.01,0.99,6,
546,0.0,124,0.050000000000000044,9.182967914966866e-06,0.0944206640124321,0.002867873990908265,,,,,,dqn,cartpole,sparse,0.01,0.99,6,
547,0.0,156,0.050000000000000044,1.898520531540271e-05,0.10024762153625488,0.0045577408745884895,,,,,,dqn,cartpole,sparse,0.01,0.99,6,
548,0.0,174,0.050000000000000044,2.1714240574510768e-05,0.09616778790950775,0.004865135531872511,,,,,,dqn,cartpole,sparse,0.01,0.99,6,
549,0.0,134,0.050000000000000044,8.428591172560118e-06,0.09343632310628891,0.0031079156324267387,,,,,,dqn,cartpole,sparse,0.01,0.99,6,
550,0.0,163,0.050000000000000044,1.1972339052590542e-05,0.0908500999212265,0.0038027719128876925,,,0.0,0.0,163.8,dqn,cartpole,sparse,0.01,0.99,6,
551,0.0,136,0.050000000000000044,3.708198346430436e-05,0.10476760566234589,0.006235816515982151,,,,,,dqn,cartpole,sparse,0.01,0.99,6,
552,0.0,135,0.050000000000000044,6.1017573898425326e-05,0.10100912302732468,0.00801833439618349,,,,,,dqn,cartpole,sparse,0.01,0.99,6,
553,0.0,170,0.050000000000000044,4.84758747916203e-05,0.09501936286687851,0.006036567501723766,,,,,,dqn,cartpole,sparse,0.01,0.99,6,
554,0.0,133,0.050000000000000044,1.578187948325649e-05,0.1117495745420456,0.0038114760536700487,,,,,,dqn,cartpole,sparse,0.01,0.99,6,
555,0.0,112,0.050000000000000044,9.57191878114827e-06,0.09643521904945374,0.003240392543375492,,,,,,dqn,cartpole,sparse,0.01,0.99,6,
556,0.0,115,0.050000000000000044,3.5551172913983464e-05,0.11010710150003433,0.004986127372831106,,,,,,dqn,cartpole,sparse,0.01,0.99,6,
557,0.0,150,0.050000000000000044,8.333870209753513e-05,0.10316608101129532,0.005977724213153124,,,,,,dqn,cartpole,sparse,0.01,0.99,6,
558,0.0,144,0.050000000000000044,9.513673285255209e-05,0.09083016216754913,0.007090401835739613,,,,,,dqn,cartpole,sparse,0.01,0.99,6,
559,0.0,200,0.050000000000000044,9.366951417177916e-05,0.09841671586036682,0.006155890412628651,,,,,,dqn,cartpole,sparse,0.01,0.99,6,
560,0.0,124,0.050000000000000044,3.755217039724812e-05,0.1105625182390213,0.004182745236903429,,,,,,dqn,cartpole,sparse,0.01,0.99,6,
561,0.0,154,0.050000000000000044,1.7487549484940246e-05,0.10316095501184464,0.004776742774993181,,,,,,dqn,cartpole,sparse,0.01,0.99,6,
562,0.0,132,0.050000000000000044,1.555369635752868e-05,0.10769642144441605,0.0035562333650887012,,,,,,dqn,cartpole,sparse,0.01,0.99,6,
563,0.0,125,0.050000000000000044,7.223732973216102e-05,0.09810297936201096,0.005595797672867775,,,,,,dqn,cartpole,sparse,0.01,0.99,6,
564,0.0,109,0.050000000000000044,7.082962110871449e-05,0.09651273488998413,0.004988170228898525,,,,,,dqn,cartpole,sparse,0.01,0.99,6,
565,0.0,151,0.050000000000000044,1.3584492990048602e-05,0.10900162160396576,0.0041268207132816315,,,,,,dqn,cartpole,sparse,0.01,0.99,6,
566,0.0,135,0.050000000000000044,1.522686579846777e-05,0.10953697562217712,0.0037755377124994993,,,,,,dqn,cartpole,sparse,0.01,0.99,6,
567,0.0,116,0.050000000000000044,8.778289338806644e-05,0.10743983089923859,0.004203576594591141,,,,,,dqn,cartpole,sparse,0.01,0.99,6,
568,0.0,141,0.050000000000000044,4.948576133756433e-06,0.09692734479904175,0.0025547505356371403,,,,,,dqn,cartpole,sparse,0.01,0.99,6,
569,0.0,155,0.050000000000000044,6.673425377812237e-05,0.10986952483654022,0.004267393611371517,,,,,,dqn,cartpole,sparse,0.01,0.99,6,
570,0.0,214,0.050000000000000044,3.325249417684972e-05,0.11197077482938766,0.005201417487114668,,,,,,dqn,cartpole,sparse,0.01,0.99,6,
571,0.0,156,0.050000000000000044,1.6061201677075587e-05,0.10187432169914246,0.003788548521697521,,,,,,dqn,cartpole,sparse,0.01,0.99,6,
572,0.0,143,0.050000000000000044,1.1956226444453932e-05,0.10004033148288727,0.0039013412315398455,,,,,,dqn,cartpole,sparse,0.01,0.99,6,
573,0.0,118,0.050000000000000044,4.676191747421399e-05,0.09721318632364273,0.005044473335146904,,,,,,dqn,cartpole,sparse,0.01,0.99,6,
574,0.0,129,0.050000000000000044,1.1072894267272204e-05,0.10767246782779694,0.003702005837112665,,,,,,dqn,cartpole,sparse,0.01,0.99,6,
575,0.0,165,0.050000000000000044,0.00010504438250791281,0.09836387634277344,0.008770307525992393,,,,,,dqn,cartpole,sparse,0.01,0.99,6,
576,0.0,157,0.050000000000000044,0.00010659466352080926,0.10351298749446869,0.005064969416707754,,,,,,dqn,cartpole,sparse,0.01,0.99,6,
577,0.0,167,0.050000000000000044,4.1340292227687314e-05,0.10193677246570587,0.005360614508390427,,,,,,dqn,cartpole,sparse,0.01,0.99,6,
578,0.0,161,0.050000000000000044,0.00010610594472382218,0.11001679301261902,0.004577142186462879,,,,,,dqn,cartpole,sparse,0.01,0.99,6,
579,0.0,155,0.050000000000000044,2.764987584669143e-05,0.11387893557548523,0.006188039667904377,,,,,,dqn,cartpole,sparse,0.01,0.99,6,
580,0.0,105,0.050000000000000044,2.3006943592918105e-05,0.11617651581764221,0.005216898396611214,,,,,,dqn,cartpole,sparse,0.01,0.99,6,
581,0.0,112,0.050000000000000044,0.00014026250573806465,0.1070549339056015,0.007711746729910374,,,,,,dqn,cartpole,sparse,0.01,0.99,6,
582,0.0,108,0.050000000000000044,1.287931991100777e-05,0.11667753756046295,0.0038658902049064636,,,,,,dqn,cartpole,sparse,0.01,0.99,6,
583,0.0,145,0.050000000000000044,1.3980406038172077e-05,0.11583440750837326,0.004363444168120623,,,,,,dqn,cartpole,sparse,0.01,0.99,6,
584,0.0,142,0.050000000000000044,1.2036933185299858e-05,0.10857727378606796,0.0034762646537274122,,,,,,dqn,cartpole,sparse,0.01,0.99,6,
585,0.0,114,0.050000000000000044,1.2066911949659698e-05,0.11768300831317902,0.0035134388599544764,,,,,,dqn,cartpole,sparse,0.01,0.99,6,
586,0.0,93,0.050000000000000044,1.8268186977365986e-05,0.10966768115758896,0.0049123275093734264,,,,,,dqn,cartpole,sparse,0.01,0.99,6,
587,0.0,122,0.050000000000000044,1.2183872058812995e-05,0.11796388775110245,0.0033138589933514595,,,,,,dqn,cartpole,sparse,0.01,0.99,6,
588,0.0,97,0.050000000000000044,1.8161113985115662e-05,0.10761462152004242,0.004739316646009684,,,,,,dqn,cartpole,sparse,0.01,0.99,6,
589,0.0,106,0.050000000000000044,8.35608625493478e-06,0.10930104553699493,0.003001262666657567,,,,,,dqn,cartpole,sparse,0.01,0.99,6,
590,0.0,93,0.050000000000000044,1.179286846308969e-05,0.10206945240497589,0.004055744968354702,,,,,,dqn,cartpole,sparse,0.01,0.99,6,
591,0.0,112,0.050000000000000044,3.1048868549987674e-05,0.11139829456806183,0.004542047623544931,,,,,,dqn,cartpole,sparse,0.01,0.99,6,
592,0.0,133,0.050000000000000044,2.9334092687349766e-05,0.1093483418226242,0.005656249821186066,,,,,,dqn,cartpole,sparse,0.01,0.99,6,
593,0.0,115,0.050000000000000044,1.6805133782327175e-05,0.10576652735471725,0.004212057217955589,,,,,,dqn,cartpole,sparse,0.01,0.99,6,
594,0.0,110,0.050000000000000044,1.672076541581191e-05,0.11684101819992065,0.005029734689742327,,,,,,dqn,cartpole,sparse,0.01,0.99,6,
595,0.0,99,0.050000000000000044,7.232727512018755e-06,0.11792907118797302,0.002544871997088194,,,,,,dqn,cartpole,sparse,0.01,0.99,6,
596,0.0,92,0.050000000000000044,3.083786214119755e-05,0.11902745068073273,0.005226000677794218,,,,,,dqn,cartpole,sparse,0.01,0.99,6,
597,0.0,105,0.050000000000000044,2.967059481306933e-05,0.11893902719020844,0.005105003714561462,,,,,,dqn,cartpole,sparse,0.01,0.99,6,
598,0.0,118,0.050000000000000044,2.265062357764691e-05,0.12726017832756042,0.0052686166018247604,,,,,,dqn,cartpole,sparse,0.01,0.99,6,
599,0.0,111,0.050000000000000044,3.095215652137995e-05,0.11536318063735962,0.004854413215070963,,,,,,dqn,cartpole,sparse,0.01,0.99,6,
600,0.0,111,0.050000000000000044,5.09657775182859e-06,0.12970733642578125,0.002224123803898692,,,0.0,0.0,100.3,dqn,cartpole,sparse,0.01,0.99,6,
601,0.0,102,0.050000000000000044,3.105057112406939e-05,0.11064162850379944,0.004214292857795954,,,,,,dqn,cartpole,sparse,0.01,0.99,6,
602,0.0,108,0.050000000000000044,3.808395194937475e-05,0.11531805992126465,0.005612053442746401,,,,,,dqn,cartpole,sparse,0.01,0.99,6,
603,0.0,108,0.050000000000000044,1.2078426152584143e-05,0.1247948706150055,0.0034859059378504753,,,,,,dqn,cartpole,sparse,0.01,0.99,6,
604,0.0,99,0.050000000000000044,2.1607767848763615e-05,0.1199396476149559,0.003970703575760126,,,,,,dqn,cartpole,sparse,0.01,0.99,6,
605,0.0,80,0.050000000000000044,6.876448424009141e-06,0.1280127465724945,0.003039534203708172,,,,,,dqn,cartpole,sparse,0.01,0.99,6,
606,0.0,128,0.050000000000000044,1.7395037502865307e-05,0.11888901889324188,0.003346141893416643,,,,,,dqn,cartpole,sparse,0.01,0.99,6,
607,0.0,101,0.050000000000000044,1.3780498193227686e-05,0.13669262826442719,0.004603866022080183,,,,,,dqn,cartpole,sparse,0.01,0.99,6,
608,0.0,85,0.050000000000000044,1.1930733307963237e-05,0.12731552124023438,0.0035225949250161648,,,,,,dqn,cartpole,sparse,0.01,0.99,6,
609,0.0,90,0.050000000000000044,1.6415662685176358e-05,0.13759073615074158,0.004344130400568247,,,,,,dqn,cartpole,sparse,0.01,0.99,6,
610,0.0,93,0.050000000000000044,6.3728839450050145e-06,0.11536755412817001,0.002742608543485403,,,,,,dqn,cartpole,sparse,0.01,0.99,6,
611,0.0,100,0.050000000000000044,4.1515879274811596e-05,0.12894681096076965,0.005152026191353798,,,,,,dqn,cartpole,sparse,0.01,0.99,6,
612,0.0,84,0.050000000000000044,3.72935610357672e-05,0.12233226746320724,0.005972824990749359,,,,,,dqn,cartpole,sparse,0.01,0.99,6,
613,0.0,91,0.050000000000000044,5.6196240620920435e-05,0.1166883036494255,0.004740952048450708,,,,,,dqn,cartpole,sparse,0.01,0.99,6,
614,0.0,91,0.050000000000000044,1.8045706383418292e-05,0.13001574575901031,0.004641999490559101,,,,,,dqn,cartpole,sparse,0.01,0.99,6,
615,0.0,103,0.050000000000000044,8.596854604547843e-05,0.1189872995018959,0.005509468726813793,,,,,,dqn,cartpole,sparse,0.01,0.99,6,
616,0.0,76,0.050000000000000044,7.525112778239418e-06,0.11828842014074326,0.00293546449393034,,,,,,dqn,cartpole,sparse,0.01,0.99,6,
617,0.0,83,0.050000000000000044,2.7432852220954373e-05,0.1197512075304985,0.00594041682779789,,,,,,dqn,cartpole,sparse,0.01,0.99,6,
618,0.0,80,0.050000000000000044,4.1266626794822514e-05,0.12460600584745407,0.006145439576357603,,,,,,dqn,cartpole,sparse,0.01,0.99,6,
619,0.0,87,0.050000000000000044,3.972470585722476e-05,0.13465993106365204,0.006540627218782902,,,,,,dqn,cartpole,sparse,0.01,0.99,6,
620,0.0,125,0.050000000000000044,2.7938598577748053e-05,0.13220369815826416,0.004024399910122156,,,,,,dqn,cartpole,sparse,0.01,0.99,6,
621,0.0,115,0.050000000000000044,1.895170680654701e-05,0.1194886788725853,0.004124128259718418,,,,,,dqn,cartpole,sparse,0.01,0.99,6,
622,0.0,110,0.050000000000000044,1.2199969205539674e-05,0.12968376278877258,0.0036189956590533257,,,,,,dqn,cartpole,sparse,0.01,0.99,6,
623,0.0,118,0.050000000000000044,1.8669987184694037e-05,0.11249998211860657,0.004209535662084818,,,,,,dqn,cartpole,sparse,0.01,0.99,6,
624,0.0,125,0.050000000000000044,1.3094639143673703e-05,0.13944333791732788,0.004011193290352821,,,,,,dqn,cartpole,sparse,0.01,0.99,6,
625,0.0,109,0.050000000000000044,4.16270449932199e-05,0.13796500861644745,0.006813308224081993,,,,,,dqn,cartpole,sparse,0.01,0.99,6,
626,0.0,93,0.050000000000000044,1.2220900316606276e-05,0.12474572658538818,0.0037969236727803946,,,,,,dqn,cartpole,sparse,0.01,0.99,6,
627,0.0,109,0.050000000000000044,1.15883449325338e-05,0.13103577494621277,0.002909719944000244,,,,,,dqn,cartpole,sparse,0.01,0.99,6,
628,0.0,114,0.050000000000000044,1.3115000001562294e-05,0.1316952407360077,0.004330635070800781,,,,,,dqn,cartpole,sparse,0.01,0.99,6,
629,0.0,110,0.050000000000000044,6.253938772715628e-05,0.12113288044929504,0.00524504017084837,,,,,,dqn,cartpole,sparse,0.01,0.99,6,
630,0.0,125,0.050000000000000044,1.0548368663876317e-05,0.1409473717212677,0.0032026907429099083,,,,,,dqn,cartpole,sparse,0.01,0.99,6,
631,0.0,104,0.050000000000000044,8.775161404628307e-06,0.13301348686218262,0.003023724537342787,,,,,,dqn,cartpole,sparse,0.01,0.99,6,
632,0.0,113,0.050000000000000044,3.244933031965047e-05,0.14040160179138184,0.005896379239857197,,,,,,dqn,cartpole,sparse,0.01,0.99,6,
633,0.0,59,0.050000000000000044,0.00012321912799961865,0.12959438562393188,0.0068550012074410915,,,,,,dqn,cartpole,sparse,0.01,0.99,6,
634,0.0,116,0.050000000000000044,6.476626003859565e-05,0.14415137469768524,0.005542099475860596,,,,,,dqn,cartpole,sparse,0.01,0.99,6,
635,0.0,100,0.050000000000000044,4.632191848941147e-05,0.13377679884433746,0.0038306978531181812,,,,,,dqn,cartpole,sparse,0.01,0.99,6,
636,0.0,99,0.050000000000000044,4.7811940021347255e-05,0.13154655694961548,0.00698773143813014,,,,,,dqn,cartpole,sparse,0.01,0.99,6,
637,0.0,106,0.050000000000000044,1.570692256791517e-05,0.13325802981853485,0.004283694550395012,,,,,,dqn,cartpole,sparse,0.01,0.99,6,
638,0.0,107,0.050000000000000044,7.2467282734578475e-06,0.139461949467659,0.002652514725923538,,,,,,dqn,cartpole,sparse,0.01,0.99,6,
639,0.0,130,0.050000000000000044,1.8221180653199553e-05,0.13002219796180725,0.003206078428775072,,,,,,dqn,cartpole,sparse,0.01,0.99,6,
640,0.0,91,0.050000000000000044,3.3633918064879254e-05,0.1347343921661377,0.005213430151343346,,,,,,dqn,cartpole,sparse,0.01,0.99,6,
641,0.0,94,0.050000000000000044,0.00010559847578406334,0.1283126026391983,0.006371425464749336,,,,,,dqn,cartpole,sparse,0.01,0.99,6,
642,0.0,130,0.050000000000000044,4.106483902432956e-05,0.12341541051864624,0.005760776344686747,,,,,,dqn,cartpole,sparse,0.01,0.99,6,
643,0.0,96,0.050000000000000044,1.0803271834447514e-05,0.1265721619129181,0.003543156897649169,,,,,,dqn,cartpole,sparse,0.01,0.99,6,
644,0.0,142,0.050000000000000044,1.5300196537282318e-05,0.11947230994701385,0.004510580562055111,,,,,,dqn,cartpole,sparse,0.01,0.99,6,
645,0.0,90,0.050000000000000044,1.8707176423049532e-05,0.12129363417625427,0.004338639788329601,,,,,,dqn,cartpole,sparse,0.01,0.99,6,
646,0.0,111,0.050000000000000044,2.036725709331222e-05,0.11888527125120163,0.005322602577507496,,,,,,dqn,cartpole,sparse,0.01,0.99,6,
647,0.0,77,0.050000000000000044,1.202707971970085e-05,0.12488992512226105,0.004076458979398012,,,,,,dqn,cartpole,sparse,0.01,0.99,6,
648,0.0,110,0.050000000000000044,3.211721923435107e-05,0.14416253566741943,0.005214046686887741,,,,,,dqn,cartpole,sparse,0.01,0.99,6,
649,0.0,71,0.050000000000000044,8.917426384869032e-06,0.1284627914428711,0.002923439024016261,,,,,,dqn,cartpole,sparse,0.01,0.99,6,
650,0.0,80,0.050000000000000044,1.1819531209766865e-05,0.13650426268577576,0.0030454806983470917,,,0.0,0.0,78.7,dqn,cartpole,sparse,0.01,0.99,6,
651,0.0,103,0.050000000000000044,9.278772267862223e-06,0.13594254851341248,0.0029548865277320147,,,,,,dqn,cartpole,sparse,0.01,0.99,6,
652,0.0,123,0.050000000000000044,5.225318454904482e-05,0.13491274416446686,0.005804799031466246,,,,,,dqn,cartpole,sparse,0.01,0.99,6,
653,0.0,97,0.050000000000000044,2.137141564162448e-05,0.1328507363796234,0.004510519094765186,,,,,,dqn,cartpole,sparse,0.01,0.99,6,
654,0.0,96,0.050000000000000044,1.0680995728762355e-05,0.12399014830589294,0.003505165223032236,,,,,,dqn,cartpole,sparse,0.01,0.99,6,
655,0.0,81,0.050000000000000044,1.0435998774482869e-05,0.12859314680099487,0.002843041205778718,,,,,,dqn,cartpole,sparse,0.01,0.99,6,
656,0.0,98,0.050000000000000044,1.6953839804045856e-05,0.13759958744049072,0.003579662647098303,,,,,,dqn,cartpole,sparse,0.01,0.99,6,
657,0.0,113,0.050000000000000044,1.712151242827531e-05,0.14030279219150543,0.004658687859773636,,,,,,dqn,cartpole,sparse,0.01,0.99,6,
658,0.0,77,0.050000000000000044,2.073869836749509e-05,0.1313742995262146,0.003932674415409565,,,,,,dqn,cartpole,sparse,0.01,0.99,6,
659,0.0,92,0.050000000000000044,2.3256216081790626e-05,0.1312095671892166,0.0056313141249120235,,,,,,dqn,cartpole,sparse,0.01,0.99,6,
660,0.0,116,0.050000000000000044,6.881698209326714e-05,0.14465069770812988,0.00756556773558259,,,,,,dqn,cartpole,sparse,0.01,0.99,6,
661,0.0,87,0.050000000000000044,1.752208663674537e-05,0.128570094704628,0.00441996194422245,,,,,,dqn,cartpole,sparse,0.01,0.99,6,
662,0.0,90,0.050000000000000044,4.544710100162774e-05,0.1230606734752655,0.0047684344463050365,,,,,,dqn,cartpole,sparse,0.01,0.99,6,
663,0.0,253,0.050000000000000044,1.0132296665688045e-05,0.1360003650188446,0.0029923408292233944,,,,,,dqn,cartpole,sparse,0.01,0.99,6,
664,0.0,81,0.050000000000000044,7.180321517807897e-06,0.13439112901687622,0.0028378148563206196,,,,,,dqn,cartpole,sparse,0.01,0.99,6,
665,0.0,129,0.050000000000000044,9.44731364143081e-05,0.1331910341978073,0.004457380622625351,,,,,,dqn,cartpole,sparse,0.01,0.99,6,
666,0.0,91,0.050000000000000044,1.1122398973384406e-05,0.1254258006811142,0.003098511602729559,,,,,,dqn,cartpole,sparse,0.01,0.99,6,
667,0.0,135,0.050000000000000044,7.468157491530292e-06,0.1454700082540512,0.0028043559286743402,,,,,,dqn,cartpole,sparse,0.01,0.99,6,
668,0.0,95,0.050000000000000044,8.511025953339413e-06,0.13937044143676758,0.0029483893886208534,,,,,,dqn,cartpole,sparse,0.01,0.99,6,
669,0.0,130,0.050000000000000044,7.527496109105414e-06,0.13627028465270996,0.0029865677934139967,,,,,,dqn,cartpole,sparse,0.01,0.99,6,
670,0.0,108,0.050000000000000044,8.030662138480693e-05,0.13352817296981812,0.004984010476619005,,,,,,dqn,cartpole,sparse,0.01,0.99,6,
671,0.0,80,0.050000000000000044,1.1812930097221397e-05,0.1429983228445053,0.003750791773200035,,,,,,dqn,cartpole,sparse,0.01,0.99,6,
672,0.0,77,0.050000000000000044,9.290460729971528e-05,0.13033169507980347,0.004995658993721008,,,,,,dqn,cartpole,sparse,0.01,0.99,6,
673,0.0,88,0.050000000000000044,5.791722287540324e-06,0.13711608946323395,0.0028139783535152674,,,,,,dqn,cartpole,sparse,0.01,0.99,6,
674,0.0,77,0.050000000000000044,8.891988545656204e-05,0.12018045783042908,0.004796285647898912,,,,,,dqn,cartpole,sparse,0.01,0.99,6,
675,0.0,91,0.050000000000000044,4.751800588564947e-05,0.12667056918144226,0.007684086449444294,,,,,,dqn,cartpole,sparse,0.01,0.99,6,
676,0.0,83,0.050000000000000044,6.386247605405515e-06,0.1392349898815155,0.002802848117426038,,,,,,dqn,cartpole,sparse,0.01,0.99,6,
677,0.0,68,0.050000000000000044,1.2911753401567694e-05,0.14328646659851074,0.0038558808155357838,,,,,,dqn,cartpole,sparse,0.01,0.99,6,
678,0.0,81,0.050000000000000044,7.127529443096137e-06,0.12602421641349792,0.0028222277760505676,,,,,,dqn,cartpole,sparse,0.01,0.99,6,
679,0.0,94,0.050000000000000044,3.92747824662365e-06,0.12840956449508667,0.0020825997926294804,,,,,,dqn,cartpole,sparse,0.01,0.99,6,
680,0.0,91,0.050000000000000044,2.585848415037617e-05,0.13095371425151825,0.0036763858515769243,,,,,,dqn,cartpole,sparse,0.01,0.99,6,
681,0.0,94,0.050000000000000044,3.5770641261478886e-05,0.13529770076274872,0.004243982955813408,,,,,,dqn,cartpole,sparse,0.01,0.99,6,
682,0.0,92,0.050000000000000044,0.00010753500828286633,0.12184391915798187,0.0070936549454927444,,,,,,dqn,cartpole,sparse,0.01,0.99,6,
683,0.0,85,0.050000000000000044,1.1573723895708099e-05,0.12300975620746613,0.0038384536746889353,,,,,,dqn,cartpole,sparse,0.01,0.99,6,
684,0.0,61,0.050000000000000044,0.00028136873152107,0.13603055477142334,0.0070395274087786674,,,,,,dqn,cartpole,sparse,0.01,0.99,6,
685,0.0,83,0.050000000000000044,0.00011052741319872439,0.12647667527198792,0.00706730131059885,,,,,,dqn,cartpole,sparse,0.01,0.99,6,
686,0.0,79,0.050000000000000044,4.1281073208665475e-06,0.1445750892162323,0.0021247267723083496,,,,,,dqn,cartpole,sparse,0.01,0.99,6,
687,0.0,96,0.050000000000000044,4.8276986490236595e-05,0.1291237622499466,0.005404614843428135,,,,,,dqn,cartpole,sparse,0.01,0.99,6,
688,0.0,82,0.050000000000000044,8.414682815782726e-05,0.12319030612707138,0.004294673912227154,,,,,,dqn,cartpole,sparse,0.01,0.99,6,
689,0.0,126,0.050000000000000044,3.82680882466957e-05,0.13911037147045135,0.003242594189941883,,,,,,dqn,cartpole,sparse,0.01,0.99,6,
690,0.0,107,0.050000000000000044,1.6697083992767148e-05,0.12945255637168884,0.004855897277593613,,,,,,dqn,cartpole,sparse,0.01,0.99,6,
691,0.0,78,0.050000000000000044,1.313749817200005e-05,0.1243847906589508,0.003744478803128004,,,,,,dqn,cartpole,sparse,0.01,0.99,6,
692,0.0,76,0.050000000000000044,2.025602589128539e-05,0.12437295913696289,0.004589458927512169,,,,,,dqn,cartpole,sparse,0.01,0.99,6,
693,0.0,134,0.050000000000000044,1.9720953787327744e-05,0.14183607697486877,0.005295535549521446,,,,,,dqn,cartpole,sparse,0.01,0.99,6,
694,0.0,104,0.050000000000000044,9.668898201198317e-06,0.12559013068675995,0.0035180714912712574,,,,,,dqn,cartpole,sparse,0.01,0.99,6,
695,0.0,98,0.050000000000000044,1.7690719687379897e-05,0.12139103561639786,0.004844339564442635,,,,,,dqn,cartpole,sparse,0.01,0.99,6,
696,0.0,127,0.050000000000000044,2.2023634301149286e-05,0.12447407096624374,0.005546186119318008,,,,,,dqn,cartpole,sparse,0.01,0.99,6,
697,0.0,130,0.050000000000000044,6.587278039660305e-05,0.13122716546058655,0.006679096259176731,,,,,,dqn,cartpole,sparse,0.01,0.99,6,
698,0.0,79,0.050000000000000044,3.349010876263492e-05,0.12087514996528625,0.005196757614612579,,,,,,dqn,cartpole,sparse,0.01,0.99,6,
699,0.0,92,0.050000000000000044,2.3949418391566724e-05,0.12402528524398804,0.005157716106623411,,,,,,dqn,cartpole,sparse,0.01,0.99,6,
700,0.0,63,0.050000000000000044,1.9755663743126206e-05,0.13501772284507751,0.004080238752067089,,,0.0,0.0,65.6,dqn,cartpole,sparse,0.01,0.99,6,
701,0.0,83,0.050000000000000044,4.915479803457856e-05,0.13547185063362122,0.004891826771199703,,,,,,dqn,cartpole,sparse,0.01,0.99,6,
702,0.0,87,0.050000000000000044,1.370286918245256e-05,0.12701641023159027,0.003690329845994711,,,,,,dqn,cartpole,sparse,0.01,0.99,6,
703,0.0,80,0.050000000000000044,1.823539423639886e-05,0.1266452670097351,0.004690937697887421,,,,,,dqn,cartpole,sparse,0.01,0.99,6,
704,0.0,68,0.050000000000000044,1.810601315810345e-05,0.12909254431724548,0.003151101525872946,,,,,,dqn,cartpole,sparse,0.01,0.99,6,
705,0.0,82,0.050000000000000044,0.00010255210509058088,0.12442395091056824,0.0065236687660217285,,,,,,dqn,cartpole,sparse,0.01,0.99,6,
706,0.0,91,0.050000000000000044,0.00015512484242208302,0.1317492425441742,0.006328451447188854,,,,,,dqn,cartpole,sparse,0.01,0.99,6,
707,0.0,92,0.050000000000000044,3.1280134862754494e-05,0.13050511479377747,0.006267287768423557,,,,,,dqn,cartpole,sparse,0.01,0.99,6,
708,0.0,101,0.050000000000000044,4.3057239963673055e-05,0.13188669085502625,0.005307796411216259,,,,,,dqn,cartpole,sparse,0.01,0.99,6,
709,0.0,83,0.050000000000000044,5.459962267195806e-05,0.1439538598060608,0.004560044966638088,,,,,,dqn,cartpole,sparse,0.01,0.99,6,
710,0.0,80,0.050000000000000044,1.6533977031940594e-05,0.1217135339975357,0.004560941830277443,,,,,,dqn,cartpole,sparse,0.01,0.99,6,
711,0.0,84,0.050000000000000044,2.333286465727724e-05,0.13422136008739471,0.004538875538855791,,,,,,dqn,cartpole,sparse,0.01,0.99,6,
712,0.0,99,0.050000000000000044,1.3170543752494268e-05,0.12896308302879333,0.0036955028772354126,,,,,,dqn,cartpole,sparse,0.01,0.99,6,
713,0.0,82,0.050000000000000044,9.435049832973164e-06,0.12577441334724426,0.003347859252244234,,,,,,dqn,cartpole,sparse,0.01,0.99,6,
714,0.0,78,0.050000000000000044,1.0219592695648316e-05,0.1352495402097702,0.0030421754345297813,,,,,,dqn,cartpole,sparse,0.01,0.99,6,
715,0.0,77,0.050000000000000044,9.63108686846681e-06,0.13521409034729004,0.003316953545436263,,,,,,dqn,cartpole,sparse,0.01,0.99,6,
716,0.0,66,0.050000000000000044,1.5167550373007543e-05,0.13365843892097473,0.0033654444850981236,,,,,,dqn,cartpole,sparse,0.01,0.99,6,
717,0.0,88,0.050000000000000044,4.381847975309938e-05,0.1373848021030426,0.004332492593675852,,,,,,dqn,cartpole,sparse,0.01,0.99,6,
718,0.0,119,0.050000000000000044,1.3130002116668038e-05,0.13282233476638794,0.004112362861633301,,,,,,dqn,cartpole,sparse,0.01,0.99,6,
719,0.0,97,0.050000000000000044,8.253851774497889e-06,0.11794034391641617,0.002913360483944416,,,,,,dqn,cartpole,sparse,0.01,0.99,6,
720,0.0,73,0.050000000000000044,1.2888511264463887e-05,0.14552530646324158,0.0038255720864981413,,,,,,dqn,cartpole,sparse,0.01,0.99,6,
721,0.0,111,0.050000000000000044,2.4037761249928735e-05,0.140943706035614,0.005409505218267441,,,,,,dqn,cartpole,sparse,0.01,0.99,6,
722,0.0,106,0.050000000000000044,2.2451984477811493e-05,0.1371924877166748,0.004863274283707142,,,,,,dqn,cartpole,sparse,0.01,0.99,6,
723,0.0,101,0.050000000000000044,2.623533691803459e-05,0.1287844181060791,0.0042188335210084915,,,,,,dqn,cartpole,sparse,0.01,0.99,6,
724,0.0,99,0.050000000000000044,3.2276500860461965e-05,0.12385168671607971,0.004409098066389561,,,,,,dqn,cartpole,sparse,0.01,0.99,6,
725,0.0,102,0.050000000000000044,4.550544690573588e-05,0.14277014136314392,0.00576669629663229,,,,,,dqn,cartpole,sparse,0.01,0.99,6,
726,0.0,86,0.050000000000000044,0.00023049305309541523,0.12082330882549286,0.007010025903582573,,,,,,dqn,cartpole,sparse,0.01,0.99,6,
727,0.0,89,0.050000000000000044,2.0131665223743767e-05,0.1388631910085678,0.004410996101796627,,,,,,dqn,cartpole,sparse,0.01,0.99,6,
728,0.0,72,0.050000000000000044,2.2953958250582218e-05,0.12343060970306396,0.005387729965150356,,,,,,dqn,cartpole,sparse,0.01,0.99,6,
729,0.0,126,0.050000000000000044,3.9366095734294504e-05,0.12866109609603882,0.003976498730480671,,,,,,dqn,cartpole,sparse,0.01,0.99,6,
730,0.0,99,0.050000000000000044,1.5207466276478954e-05,0.12719786167144775,0.004232296720147133,,,,,,dqn,cartpole,sparse,0.01,0.99,6,
731,0.0,76,0.050000000000000044,5.0099624786525965e-06,0.127702996134758,0.0022214893251657486,,,,,,dqn,cartpole,sparse,0.01,0.99,6,
732,0.0,91,0.050000000000000044,1.2295771739445627e-05,0.1234695315361023,0.003675713436678052,,,,,,dqn,cartpole,sparse,0.01,0.99,6,
733,0.0,80,0.050000000000000044,4.135695053264499e-05,0.12952445447444916,0.0041406843811273575,,,,,,dqn,cartpole,sparse,0.01,0.99,6,
734,0.0,75,0.050000000000000044,5.552816219278611e-05,0.12309286743402481,0.0053289420902729034,,,,,,dqn,cartpole,sparse,0.01,0.99,6,
735,0.0,109,0.050000000000000044,1.4000492228660733e-05,0.11980500817298889,0.0042150611989200115,,,,,,dqn,cartpole,sparse,0.01,0.99,6,
736,0.0,90,0.050000000000000044,3.9211572584463283e-05,0.14316460490226746,0.005784766748547554,,,,,,dqn,cartpole,sparse,0.01,0.99,6,
737,0.0,112,0.050000000000000044,7.84579424362164e-06,0.12718576192855835,0.0024507271591573954,,,,,,dqn,cartpole,sparse,0.01,0.99,6,
738,0.0,92,0.050000000000000044,4.934861408401048e-06,0.1277543604373932,0.0027100027073174715,,,,,,dqn,cartpole,sparse,0.01,0.99,6,
739,0.0,93,0.050000000000000044,5.5424010497517884e-05,0.1243266761302948,0.003382007358595729,,,,,,dqn,cartpole,sparse,0.01,0.99,6,
740,0.0,78,0.050000000000000044,3.085610660491511e-05,0.12592394649982452,0.003923483192920685,,,,,,dqn,cartpole,sparse,0.01,0.99,6,
741,0.0,90,0.050000000000000044,3.277917858213186e-05,0.1253528743982315,0.006329260766506195,,,,,,dqn,cartpole,sparse,0.01,0.99,6,
742,0.0,109,0.050000000000000044,5.925515779381385e-06,0.1294092983007431,0.0027126516215503216,,,,,,dqn,cartpole,sparse,0.01,0.99,6,
743,0.0,128,0.050000000000000044,2.0993144062231295e-05,0.13859301805496216,0.005161534529179335,,,,,,dqn,cartpole,sparse,0.01,0.99,6,
744,0.0,111,0.050000000000000044,1.5567344235023484e-05,0.11978736519813538,0.00459212576970458,,,,,,dqn,cartpole,sparse,0.01,0.99,6,
745,0.0,103,0.050000000000000044,3.08735943690408e-05,0.12798196077346802,0.004825396463274956,,,,,,dqn,cartpole,sparse,0.01,0.99,6,
746,0.0,116,0.050000000000000044,1.0613819540594704e-05,0.12628261744976044,0.0036514759995043278,,,,,,dqn,cartpole,sparse,0.01,0.99,6,
747,0.0,96,0.050000000000000044,1.580859134264756e-05,0.13177061080932617,0.004011696204543114,,,,,,dqn,cartpole,sparse,0.01,0.99,6,
748,0.0,100,0.050000000000000044,2.0253644834156148e-05,0.14557340741157532,0.004139656201004982,,,,,,dqn,cartpole,sparse,0.01,0.99,6,
749,0.0,89,0.050000000000000044,0.00013810365635436028,0.13529106974601746,0.0065293824300169945,,,,,,dqn,cartpole,sparse,0.01,0.99,6,
750,0.0,88,0.050000000000000044,2.1269763237796724e-05,0.12657701969146729,0.0041620805859565735,,,0.0,0.0,90.9,dqn,cartpole,sparse,0.01,0.99,6,
751,0.0,125,0.050000000000000044,0.00016358941502403468,0.12563732266426086,0.006681405007839203,,,,,,dqn,cartpole,sparse,0.01,0.99,6,
752,0.0,74,0.050000000000000044,1.3719092748942785e-05,0.12786650657653809,0.004257457330822945,,,,,,dqn,cartpole,sparse,0.01,0.99,6,
753,0.0,95,0.050000000000000044,9.10000926523935e-06,0.13424332439899445,0.0029934304766356945,,,,,,dqn,cartpole,sparse,0.01,0.99,6,
754,0.0,284,0.050000000000000044,7.995335181476548e-05,0.14033588767051697,0.004217484034597874,,,,,,dqn,cartpole,sparse,0.01,0.99,6,
755,0.0,180,0.050000000000000044,1.1465166608104482e-05,0.13310348987579346,0.0034014005213975906,,,,,,dqn,cartpole,sparse,0.01,0.99,6,
756,0.0,88,0.050000000000000044,8.546924073016271e-05,0.11217455565929413,0.007200275547802448,,,,,,dqn,cartpole,sparse,0.01,0.99,6,
757,0.0,103,0.050000000000000044,3.1936993764247745e-05,0.13574931025505066,0.005936171859502792,,,,,,dqn,cartpole,sparse,0.01,0.99,6,
758,0.0,119,0.050000000000000044,2.69856918748701e-05,0.12805797159671783,0.005593784153461456,,,,,,dqn,cartpole,sparse,0.01,0.99,6,
759,0.0,140,0.050000000000000044,0.00025439963792450726,0.12733778357505798,0.006182957906275988,,,,,,dqn,cartpole,sparse,0.01,0.99,6,
760,0.0,136,0.050000000000000044,1.1404147699067835e-05,0.13392092287540436,0.003662700764834881,,,,,,dqn,cartpole,sparse,0.01,0.99,6,
761,0.0,145,0.050000000000000044,1.9765806428040378e-05,0.13329237699508667,0.0046873269602656364,,,,,,dqn,cartpole,sparse,0.01,0.99,6,
762,0.0,147,0.050000000000000044,1.633877764106728e-05,0.14497917890548706,0.0036033554933965206,,,,,,dqn,cartpole,sparse,0.01,0.99,6,
763,0.0,147,0.050000000000000044,3.537706652423367e-05,0.12629900872707367,0.004216612316668034,,,,,,dqn,cartpole,sparse,0.01,0.99,6,
764,0.0,166,0.050000000000000044,1.2825365047319792e-05,0.1401270627975464,0.0031345533207058907,,,,,,dqn,cartpole,sparse,0.01,0.99,6,
765,0.0,124,0.050000000000000044,0.00021404208382591605,0.1335993856191635,0.009289112873375416,,,,,,dqn,cartpole,sparse,0.01,0.99,6,
766,0.0,137,0.050000000000000044,2.1325788111425936e-05,0.1359461098909378,0.004712436348199844,,,,,,dqn,cartpole,sparse,0.01,0.99,6,
767,0.0,103,0.050000000000000044,1.2650189091800712e-05,0.13354690372943878,0.004021294414997101,,,,,,dqn,cartpole,sparse,0.01,0.99,6,
768,0.0,157,0.050000000000000044,1.5943151083774865e-05,0.13335944712162018,0.003961138427257538,,,,,,dqn,cartpole,sparse,0.01,0.99,6,
769,0.0,112,0.050000000000000044,1.2104528650525026e-05,0.12812644243240356,0.0029199677519500256,,,,,,dqn,cartpole,sparse,0.01,0.99,6,
770,0.0,97,0.050000000000000044,1.0117277270182967e-05,0.13325165212154388,0.0036741693038493395,,,,,,dqn,cartpole,sparse,0.01,0.99,6,
771,0.0,154,0.050000000000000044,0.00011375747999409214,0.1362857222557068,0.004751466680318117,,,,,,dqn,cartpole,sparse,0.01,0.99,6,
772,0.0,156,0.050000000000000044,1.4324487892736215e-05,0.135113924741745,0.004321250133216381,,,,,,dqn,cartpole,sparse,0.01,0.99,6,
773,0.0,109,0.050000000000000044,5.192733078729361e-05,0.13581158220767975,0.005225793458521366,,,,,,dqn,cartpole,sparse,0.01,0.99,6,
774,0.0,143,0.050000000000000044,1.261740817426471e-05,0.13303975760936737,0.003131812671199441,,,,,,dqn,cartpole,sparse,0.01,0.99,6,
775,0.0,74,0.050000000000000044,1.2604756193468347e-05,0.1338910162448883,0.0038872025907039642,,,,,,dqn,cartpole,sparse,0.01,0.99,6,
776,0.0,211,0.050000000000000044,4.3336014641681686e-05,0.1318124532699585,0.004771349485963583,,,,,,dqn,cartpole,sparse,0.01,0.99,6,
777,0.0,130,0.050000000000000044,2.694604881980922e-05,0.13648971915245056,0.005029873922467232,,,,,,dqn,cartpole,sparse,0.01,0.99,6,
778,0.0,110,0.050000000000000044,5.663801857735962e-05,0.1247561126947403,0.008028259500861168,,,,,,dqn,cartpole,sparse,0.01,0.99,6,
779,0.0,94,0.050000000000000044,2.4724846298340708e-05,0.1303013563156128,0.005854107439517975,,,,,,dqn,cartpole,sparse,0.01,0.99,6,
780,0.0,97,0.050000000000000044,1.2847303878515959e-05,0.12427610158920288,0.003656433429569006,,,,,,dqn,cartpole,sparse,0.01,0.99,6,
781,0.0,145,0.050000000000000044,7.653163629584014e-05,0.11909664422273636,0.0067366622388362885,,,,,,dqn,cartpole,sparse,0.01,0.99,6,
782,0.0,197,0.050000000000000044,1.1494866157590877e-05,0.1403273344039917,0.003157738596200943,,,,,,dqn,cartpole,sparse,0.01,0.99,6,
783,0.0,105,0.050000000000000044,1.9015114958165213e-05,0.14111775159835815,0.0033093965612351894,,,,,,dqn,cartpole,sparse,0.01,0.99,6,
784,0.0,192,0.050000000000000044,6.887517884024419e-06,0.1336449831724167,0.0025564897805452347,,,,,,dqn,cartpole,sparse,0.01,0.99,6,
785,0.0,118,0.050000000000000044,8.566851647628937e-06,0.13837288320064545,0.0025455353315919638,,,,,,dqn,cartpole,sparse,0.01,0.99,6,
786,0.0,93,0.050000000000000044,1.6886613593669608e-05,0.11393220722675323,0.00429630558937788,,,,,,dqn,cartpole,sparse,0.01,0.99,6,
787,0.0,195,0.050000000000000044,7.1410840973840095e-06,0.1388298124074936,0.0025700300466269255,,,,,,dqn,cartpole,sparse,0.01,0.99,6,
788,0.0,139,0.050000000000000044,1.0190202374360524e-05,0.1356445699930191,0.0025265393778681755,,,,,,dqn,cartpole,sparse,0.01,0.99,6,
789,0.0,113,0.050000000000000044,1.8529277440393344e-05,0.12455274164676666,0.004759753122925758,,,,,,dqn,cartpole,sparse,0.01,0.99,6,
790,0.0,87,0.050000000000000044,2.3378743208013475e-05,0.13209202885627747,0.0030644377693533897,,,,,,dqn,cartpole,sparse,0.01,0.99,6,
791,0.0,112,0.050000000000000044,3.284008562332019e-05,0.1343415081501007,0.004613962490111589,,,,,,dqn,cartpole,sparse,0.01,0.99,6,
792,0.0,161,0.050000000000000044,5.356020665203687e-06,0.14085280895233154,0.0022888437379151583,,,,,,dqn,cartpole,sparse,0.01,0.99,6,
793,0.0,106,0.050000000000000044,6.454835784097668e-06,0.13486707210540771,0.0028777066618204117,,,,,,dqn,cartpole,sparse,0.01,0.99,6,
794,0.0,114,0.050000000000000044,3.161781205562875e-05,0.1212446540594101,0.004242193419486284,,,,,,dqn,cartpole,sparse,0.01,0.99,6,
795,0.0,160,0.050000000000000044,1.8004628145718016e-05,0.1356787383556366,0.004350233357399702,,,,,,dqn,cartpole,sparse,0.01,0.99,6,
796,0.0,114,0.050000000000000044,1.712941229925491e-05,0.12342147529125214,0.004519099369645119,,,,,,dqn,cartpole,sparse,0.01,0.99,6,
797,0.0,26,0.050000000000000044,1.0246440069749951e-05,0.14259424805641174,0.0027843492571264505,,,,,,dqn,cartpole,sparse,0.01,0.99,6,
798,0.0,135,0.050000000000000044,0.00013039130135439336,0.13947036862373352,0.004628664813935757,,,,,,dqn,cartpole,sparse,0.01,0.99,6,
799,0.0,111,0.050000000000000044,2.112528272846248e-05,0.131172776222229,0.003745201975107193,,,,,,dqn,cartpole,sparse,0.01,0.99,6,
800,0.0,131,0.050000000000000044,9.475922524870839e-06,0.13096338510513306,0.0032905573025345802,,,0.0,0.0,92.6,dqn,cartpole,sparse,0.01,0.99,6,
801,0.0,115,0.050000000000000044,0.00025953122531063855,0.1372198760509491,0.007264908403158188,,,,,,dqn,cartpole,sparse,0.01,0.99,6,
802,0.0,108,0.050000000000000044,2.6354107831139117e-05,0.13875767588615417,0.006357267033308744,,,,,,dqn,cartpole,sparse,0.01,0.99,6,
803,0.0,152,0.050000000000000044,5.058261194790248e-06,0.1304337978363037,0.002238772576674819,,,,,,dqn,cartpole,sparse,0.01,0.99,6,
804,0.0,121,0.050000000000000044,6.055734502297128e-06,0.1373051553964615,0.0024544894695281982,,,,,,dqn,cartpole,sparse,0.01,0.99,6,
805,0.0,74,0.050000000000000044,9.304672857979313e-06,0.1374586522579193,0.0029704258777201176,,,,,,dqn,cartpole,sparse,0.01,0.99,6,
806,0.0,129,0.050000000000000044,5.839697678311495e-06,0.12194141745567322,0.0023307143710553646,,,,,,dqn,cartpole,sparse,0.01,0.99,6,
807,0.0,164,0.050000000000000044,7.608884516230319e-06,0.13405662775039673,0.0026703556068241596,,,,,,dqn,cartpole,sparse,0.01,0.99,6,
808,0.0,129,0.050000000000000044,5.4858660405443516e-06,0.13106684386730194,0.002313661854714155,,,,,,dqn,cartpole,sparse,0.01,0.99,6,
809,0.0,132,0.050000000000000044,7.2969833126990125e-06,0.1349957287311554,0.0023569148033857346,,,,,,dqn,cartpole,sparse,0.01,0.99,6,
810,0.0,143,0.050000000000000044,1.108124888560269e-05,0.13580791652202606,0.0033708279952406883,,,,,,dqn,cartpole,sparse,0.01,0.99,6,
811,0.0,116,0.050000000000000044,1.6910877093323506e-05,0.12710723280906677,0.003973209299147129,,,,,,dqn,cartpole,sparse,0.01,0.99,6,
812,0.0,113,0.050000000000000044,1.0451145499246195e-05,0.12853041291236877,0.003602549433708191,,,,,,dqn,cartpole,sparse,0.01,0.99,6,
813,0.0,121,0.050000000000000044,0.00010009718243964016,0.13903015851974487,0.005829358473420143,,,,,,dqn,cartpole,sparse,0.01,0.99,6,
814,0.0,112,0.050000000000000044,1.3153965483070351e-05,0.11689499020576477,0.0036706686951220036,,,,,,dqn,cartpole,sparse,0.01,0.99,6,
815,0.0,87,0.050000000000000044,2.6822872314369306e-05,0.12084458023309708,0.005237536504864693,,,,,,dqn,cartpole,sparse,0.01,0.99,6,
816,0.0,121,0.050000000000000044,6.833713086962234e-06,0.13383373618125916,0.002408829052001238,,,,,,dqn,cartpole,sparse,0.01,0.99,6,
817,0.0,98,0.050000000000000044,8.333390724146739e-06,0.1289498209953308,0.0023857420310378075,,,,,,dqn,cartpole,sparse,0.01,0.99,6,
818,0.0,141,0.050000000000000044,1.0027837561210617e-05,0.12875963747501373,0.003417855827137828,,,,,,dqn,cartpole,sparse,0.01,0.99,6,
819,0.0,163,0.050000000000000044,2.422945726721082e-05,0.13067811727523804,0.0061396942473948,,,,,,dqn,cartpole,sparse,0.01,0.99,6,
820,0.0,166,0.050000000000000044,2.8467384254327044e-05,0.12427777051925659,0.006147401407361031,,,,,,dqn,cartpole,sparse,0.01,0.99,6,
821,0.0,66,0.050000000000000044,1.4928420569049194e-05,0.13613218069076538,0.004845725372433662,,,,,,dqn,cartpole,sparse,0.01,0.99,6,
822,0.0,285,0.050000000000000044,5.340182542568073e-05,0.12928183376789093,0.006145177409052849,,,,,,dqn,cartpole,sparse,0.01,0.99,6,
823,0.0,49,0.050000000000000044,1.6516838513780385e-05,0.13758587837219238,0.004079772625118494,,,,,,dqn,cartpole,sparse,0.01,0.99,6,
824,0.0,27,0.050000000000000044,7.048287807265297e-05,0.13221389055252075,0.008516000583767891,,,,,,dqn,cartpole,sparse,0.01,0.99,6,
825,0.0,100,0.050000000000000044,6.838529770902824e-06,0.14285796880722046,0.0028218175284564495,,,,,,dqn,cartpole,sparse,0.01,0.99,6,
826,0.0,63,0.050000000000000044,1.650086596782785e-05,0.1291172206401825,0.0034592992160469294,,,,,,dqn,cartpole,sparse,0.01,0.99,6,
827,0.0,168,0.050000000000000044,9.501814929535612e-06,0.1330380141735077,0.0030711968429386616,,,,,,dqn,cartpole,sparse,0.01,0.99,6,
828,0.0,135,0.050000000000000044,2.7841495466418564e-05,0.1274653971195221,0.0055297124199569225,,,,,,dqn,cartpole,sparse,0.01,0.99,6,
829,0.0,91,0.050000000000000044,1.4752395145478658e-05,0.12324286252260208,0.003021310782060027,,,,,,dqn,cartpole,sparse,0.01,0.99,6,
830,0.0,96,0.050000000000000044,1.9070133930654265e-05,0.13002021610736847,0.0035741720348596573,,,,,,dqn,cartpole,sparse,0.01,0.99,6,
831,0.0,90,0.050000000000000044,6.245305121410638e-05,0.12343616783618927,0.004090313799679279,,,,,,dqn,cartpole,sparse,0.01,0.99,6,
832,0.0,111,0.050000000000000044,1.090338446374517e-05,0.12608259916305542,0.0038656520191580057,,,,,,dqn,cartpole,sparse,0.01,0.99,6,
833,0.0,105,0.050000000000000044,0.0002188327198382467,0.14378520846366882,0.005525325424969196,,,,,,dqn,cartpole,sparse,0.01,0.99,6,
834,0.0,138,0.050000000000000044,9.850207788986154e-06,0.1319432407617569,0.0027006384916603565,,,,,,dqn,cartpole,sparse,0.01,0.99,6,
835,0.0,79,0.050000000000000044,2.3941822291817516e-05,0.14329150319099426,0.0043733324855566025,,,,,,dqn,cartpole,sparse,0.01,0.99,6,
836,0.0,61,0.050000000000000044,2.4482862500008196e-05,0.13167372345924377,0.005936278495937586,,,,,,dqn,cartpole,sparse,0.01,0.99,6,
837,0.0,31,0.050000000000000044,5.867512300028466e-05,0.12593379616737366,0.007678472436964512,,,,,,dqn,cartpole,sparse,0.01,0.99,6,
838,0.0,159,0.050000000000000044,1.3081791621516459e-05,0.13611823320388794,0.003690784564241767,,,,,,dqn,cartpole,sparse,0.01,0.99,6,
839,0.0,74,0.050000000000000044,2.9860551876481622e-05,0.13332346081733704,0.0055090682581067085,,,,,,dqn,cartpole,sparse,0.01,0.99,6,
840,0.0,148,0.050000000000000044,4.16165312344674e-05,0.13626782596111298,0.004997760057449341,,,,,,dqn,cartpole,sparse,0.01,0.99,6,
841,0.0,115,0.050000000000000044,0.000157901959028095,0.13872331380844116,0.005707099102437496,,,,,,dqn,cartpole,sparse,0.01,0.99,6,
842,0.0,78,0.050000000000000044,1.939642970683053e-05,0.12575779855251312,0.004231702536344528,,,,,,dqn,cartpole,sparse,0.01,0.99,6,
843,0.0,74,0.050000000000000044,9.723329640110023e-06,0.1298530101776123,0.0029463418759405613,,,,,,dqn,cartpole,sparse,0.01,0.99,6,
844,0.0,160,0.050000000000000044,0.00021726774866692722,0.1316128820180893,0.00766786141321063,,,,,,dqn,cartpole,sparse,0.01,0.99,6,
845,0.0,148,0.050000000000000044,2.8389968065312132e-05,0.13000985980033875,0.005004454404115677,,,,,,dqn,cartpole,sparse,0.01,0.99,6,
846,0.0,104,0.050000000000000044,1.543148209748324e-05,0.1381341814994812,0.0037291867192834616,,,,,,dqn,cartpole,sparse,0.01,0.99,6,
847,0.0,109,0.050000000000000044,3.888700302923098e-05,0.13616541028022766,0.00399820739403367,,,,,,dqn,cartpole,sparse,0.01,0.99,6,
848,0.0,84,0.050000000000000044,1.206702108902391e-05,0.13470295071601868,0.00341915269382298,,,,,,dqn,cartpole,sparse,0.01,0.99,6,
849,0.0,93,0.050000000000000044,1.502786108176224e-05,0.1364947408437729,0.00302567845210433,,,,,,dqn,cartpole,sparse,0.01,0.99,6,
850,0.0,81,0.050000000000000044,6.9080106186447665e-06,0.1350766122341156,0.0029746771324425936,,,0.0,0.0,86.8,dqn,cartpole,sparse,0.01,0.99,6,
851,0.0,181,0.050000000000000044,1.5382709534605965e-05,0.13803136348724365,0.0047794063575565815,,,,,,dqn,cartpole,sparse,0.01,0.99,6,
852,0.0,68,0.050000000000000044,7.156143510655966e-06,0.14809074997901917,0.0028760654386132956,,,,,,dqn,cartpole,sparse,0.01,0.99,6,
853,0.0,88,0.050000000000000044,2.4747387215029448e-05,0.13729000091552734,0.005444901995360851,,,,,,dqn,cartpole,sparse,0.01,0.99,6,
854,0.0,39,0.050000000000000044,3.073709012824111e-05,0.1444910764694214,0.0037559939082711935,,,,,,dqn,cartpole,sparse,0.01,0.99,6,
855,0.0,80,0.050000000000000044,1.8800998077495024e-05,0.14187785983085632,0.004866677802056074,,,,,,dqn,cartpole,sparse,0.01,0.99,6,
856,0.0,60,0.050000000000000044,1.4515075235976838e-05,0.12512652575969696,0.004292013123631477,,,,,,dqn,cartpole,sparse,0.01,0.99,6,
857,0.0,127,0.050000000000000044,8.381013685720973e-06,0.12947583198547363,0.0026441002264618874,,,,,,dqn,cartpole,sparse,0.01,0.99,6,
858,0.0,78,0.050000000000000044,1.7712090993882157e-05,0.1311507225036621,0.004493062384426594,,,,,,dqn,cartpole,sparse,0.01,0.99,6,
859,0.0,126,0.050000000000000044,0.00012147651432314888,0.13961495459079742,0.004849305842071772,,,,,,dqn,cartpole,sparse,0.01,0.99,6,
860,0.0,108,0.050000000000000044,0.00014858684153296053,0.13051410019397736,0.0064485645852983,,,,,,dqn,cartpole,sparse,0.01,0.99,6,
861,0.0,22,0.050000000000000044,3.4848839277401567e-05,0.12946724891662598,0.005293675698339939,,,,,,dqn,cartpole,sparse,0.01,0.99,6,
862,0.0,150,0.050000000000000044,6.182344804983586e-05,0.12901529669761658,0.003628586418926716,,,,,,dqn,cartpole,sparse,0.01,0.99,6,
863,0.0,82,0.050000000000000044,0.0001792406983440742,0.13684114813804626,0.005235185846686363,,,,,,dqn,cartpole,sparse,0.01,0.99,6,
864,0.0,132,0.050000000000000044,1.6155379853444174e-05,0.1403205692768097,0.004604675341397524,,,,,,dqn,cartpole,sparse,0.01,0.99,6,
865,0.0,141,0.050000000000000044,1.7104121070588008e-05,0.13685384392738342,0.004065287299454212,,,,,,dqn,cartpole,sparse,0.01,0.99,6,
866,0.0,117,0.050000000000000044,3.168211333104409e-05,0.1253344565629959,0.005237995646893978,,,,,,dqn,cartpole,sparse,0.01,0.99,6,
867,0.0,85,0.050000000000000044,1.2944748050358612e-05,0.13863249123096466,0.003255455754697323,,,,,,dqn,cartpole,sparse,0.01,0.99,6,
868,0.0,90,0.050000000000000044,1.602216434548609e-05,0.13902035355567932,0.004441596567630768,,,,,,dqn,cartpole,sparse,0.01,0.99,6,
869,0.0,143,0.050000000000000044,6.9880284172541e-06,0.13297978043556213,0.002614106284454465,,,,,,dqn,cartpole,sparse,0.01,0.99,6,
870,0.0,135,0.050000000000000044,5.50191653019283e-05,0.1260882318019867,0.0030539403669536114,,,,,,dqn,cartpole,sparse,0.01,0.99,6,
871,0.0,14,0.050000000000000044,4.866826566285454e-05,0.13433124125003815,0.004033959936350584,,,,,,dqn,cartpole,sparse,0.01,0.99,6,
872,0.0,114,0.050000000000000044,2.162401688110549e-05,0.1389281451702118,0.0050916229374706745,,,,,,dqn,cartpole,sparse,0.01,0.99,6,
873,0.0,30,0.050000000000000044,1.907759542518761e-05,0.13014599680900574,0.003926676698029041,,,,,,dqn,cartpole,sparse,0.01,0.99,6,
874,0.0,75,0.050000000000000044,1.401447025273228e-05,0.14015069603919983,0.002587782684713602,,,,,,dqn,cartpole,sparse,0.01,0.99,6,
875,0.0,77,0.050000000000000044,2.2679563699057326e-05,0.11957109719514847,0.005880657583475113,,,,,,dqn,cartpole,sparse,0.01,0.99,6,
876,0.0,104,0.050000000000000044,1.264869024453219e-05,0.1322161853313446,0.003864666447043419,,,,,,dqn,cartpole,sparse,0.01,0.99,6,
877,0.0,119,0.050000000000000044,0.00012050766235915944,0.14247679710388184,0.0035951370373368263,,,,,,dqn,cartpole,sparse,0.01,0.99,6,
878,0.0,64,0.050000000000000044,9.064573532668874e-06,0.1440736949443817,0.0025015901774168015,,,,,,dqn,cartpole,sparse,0.01,0.99,6,
879,0.0,154,0.050000000000000044,4.030577838420868e-05,0.12039332091808319,0.005345859564840794,,,,,,dqn,cartpole,sparse,0.01,0.99,6,
880,0.0,96,0.050000000000000044,1.0834070053533651e-05,0.13572581112384796,0.0036291244905442,,,,,,dqn,cartpole,sparse,0.01,0.99,6,
881,0.0,128,0.050000000000000044,6.389352347468957e-05,0.12967835366725922,0.005275318399071693,,,,,,dqn,cartpole,sparse,0.01,0.99,6,
882,0.0,113,0.050000000000000044,3.963774815929355e-06,0.14027626812458038,0.001975682098418474,,,,,,dqn,cartpole,sparse,0.01,0.99,6,
883,0.0,33,0.050000000000000044,3.7507425076910295e-06,0.12206824123859406,0.0019045250955969095,,,,,,dqn,cartpole,sparse,0.01,0.99,6,
884,0.0,149,0.050000000000000044,3.8643975130980834e-06,0.1348966360092163,0.001946697710081935,,,,,,dqn,cartpole,sparse,0.01,0.99,6,
885,0.0,74,0.050000000000000044,7.8600860433653e-06,0.13737976551055908,0.002935284748673439,,,,,,dqn,cartpole,sparse,0.01,0.99,6,
886,0.0,102,0.050000000000000044,2.578641942818649e-05,0.1371760368347168,0.005404917523264885,,,,,,dqn,cartpole,sparse,0.01,0.99,6,
887,0.0,119,0.050000000000000044,4.710109351435676e-06,0.13263139128684998,0.0022240933030843735,,,,,,dqn,cartpole,sparse,0.01,0.99,6,
888,0.0,185,0.050000000000000044,5.2189578127581626e-05,0.13922162353992462,0.0036125793121755123,,,,,,dqn,cartpole,sparse,0.01,0.99,6,
889,0.0,70,0.050000000000000044,5.241903636488132e-06,0.1469220519065857,0.00202180165797472,,,,,,dqn,cartpole,sparse,0.01,0.99,6,
890,0.0,102,0.050000000000000044,8.193238500098232e-06,0.1326044648885727,0.0026664775796234608,,,,,,dqn,cartpole,sparse,0.01,0.99,6,
891,0.0,63,0.050000000000000044,9.037843483383767e-06,0.12784962356090546,0.00273384852334857,,,,,,dqn,cartpole,sparse,0.01,0.99,6,
892,0.0,146,0.050000000000000044,1.2259723007446155e-05,0.13429558277130127,0.003746765200048685,,,,,,dqn,cartpole,sparse,0.01,0.99,6,
893,0.0,108,0.050000000000000044,2.1172449123696424e-05,0.13788913190364838,0.00386489718221128,,,,,,dqn,cartpole,sparse,0.01,0.99,6,
894,0.0,65,0.050000000000000044,1.106617673940491e-05,0.12579724192619324,0.004139908589422703,,,,,,dqn,cartpole,sparse,0.01,0.99,6,
895,0.0,90,0.050000000000000044,0.00012998006423003972,0.1279350221157074,0.004542261362075806,,,,,,dqn,cartpole,sparse,0.01,0.99,6,
896,0.0,33,0.050000000000000044,9.439410860068165e-06,0.12503953278064728,0.0025966884568333626,,,,,,dqn,cartpole,sparse,0.01,0.99,6,
897,0.0,131,0.050000000000000044,6.83616826790967e-06,0.13030165433883667,0.0027304328978061676,,,,,,dqn,cartpole,sparse,0.01,0.99,6,
898,0.0,99,0.050000000000000044,1.0035162631538697e-05,0.13269349932670593,0.003394079627469182,,,,,,dqn,cartpole,sparse,0.01,0.99,6,
899,0.0,63,0.050000000000000044,9.864686944638379e-06,0.12196000665426254,0.0029822541400790215,,,,,,dqn,cartpole,sparse,0.01,0.99,6,
900,0.0,120,0.050000000000000044,6.187379767652601e-06,0.1404208093881607,0.002823817078024149,,,0.0,0.0,92.2,dqn,cartpole,sparse,0.01,0.99,6,
901,0.0,104,0.050000000000000044,2.653595947776921e-05,0.14294590055942535,0.004324422217905521,,,,,,dqn,cartpole,sparse,0.01,0.99,6,
902,0.0,157,0.050000000000000044,1.4480996469501406e-05,0.11998438090085983,0.003398073138669133,,,,,,dqn,cartpole,sparse,0.01,0.99,6,
903,0.0,142,0.050000000000000044,1.4436177480092738e-06,0.13446064293384552,0.001307930564507842,,,,,,dqn,cartpole,sparse,0.01,0.99,6,
904,0.0,30,0.050000000000000044,2.4923783712438308e-06,0.14211133122444153,0.001642856397666037,,,,,,dqn,cartpole,sparse,0.01,0.99,6,
905,0.0,203,0.050000000000000044,5.2446790505200624e-05,0.12617261707782745,0.005188687704503536,,,,,,dqn,cartpole,sparse,0.01,0.99,6,
906,0.0,211,0.050000000000000044,7.754932084935717e-06,0.12735147774219513,0.002371902111917734,,,,,,dqn,cartpole,sparse,0.01,0.99,6,
907,0.0,132,0.050000000000000044,2.6859728677663952e-05,0.13318496942520142,0.005169016309082508,,,,,,dqn,cartpole,sparse,0.01,0.99,6,
908,0.0,140,0.050000000000000044,2.9274724511196837e-06,0.12766991555690765,0.0016724347369745374,,,,,,dqn,cartpole,sparse,0.01,0.99,6,
909,0.0,134,0.050000000000000044,6.985719664953649e-06,0.12042549252510071,0.002768488135188818,,,,,,dqn,cartpole,sparse,0.01,0.99,6,
910,0.0,140,0.050000000000000044,8.783101293374784e-06,0.1350131630897522,0.002853622194379568,,,,,,dqn,cartpole,sparse,0.01,0.99,6,
911,0.0,136,0.050000000000000044,7.571242804260692e-06,0.12189970910549164,0.0026011597365140915,,,,,,dqn,cartpole,sparse,0.01,0.99,6,
912,0.0,119,0.050000000000000044,4.860029730480164e-05,0.12799131870269775,0.004988867789506912,,,,,,dqn,cartpole,sparse,0.01,0.99,6,
913,0.0,89,0.050000000000000044,2.2139010980026796e-05,0.12797090411186218,0.005543360952287912,,,,,,dqn,cartpole,sparse,0.01,0.99,6,
914,0.0,120,0.050000000000000044,3.3816661016317084e-05,0.12700140476226807,0.003932891879230738,,,,,,dqn,cartpole,sparse,0.01,0.99,6,
915,0.0,87,0.050000000000000044,2.1933161406195723e-05,0.13193058967590332,0.002693324815481901,,,,,,dqn,cartpole,sparse,0.01,0.99,6,
916,0.0,14,0.050000000000000044,4.409063876664732e-06,0.1170363798737526,0.001924030832014978,,,,,,dqn,cartpole,sparse,0.01,0.99,6,
917,0.0,55,0.050000000000000044,4.830611487705028e-06,0.12198828160762787,0.0023172618821263313,,,,,,dqn,cartpole,sparse,0.01,0.99,6,
918,0.0,142,0.050000000000000044,6.707304692099569e-06,0.13263384997844696,0.003006736747920513,,,,,,dqn,cartpole,sparse,0.01,0.99,6,
919,0.0,11,0.050000000000000044,7.122786882973742e-06,0.12963198125362396,0.002853309502825141,,,,,,dqn,cartpole,sparse,0.01,0.99,6,
920,0.0,24,0.050000000000000044,1.0626943549141288e-05,0.1170496940612793,0.0024474256206303835,,,,,,dqn,cartpole,sparse,0.01,0.99,6,
921,0.0,28,0.050000000000000044,5.337344646250131e-06,0.130330428481102,0.0024375421926379204,,,,,,dqn,cartpole,sparse,0.01,0.99,6,
922,0.0,189,0.050000000000000044,1.143527879321482e-05,0.13269977271556854,0.003008258529007435,,,,,,dqn,cartpole,sparse,0.01,0.99,6,
923,0.0,157,0.050000000000000044,1.7909131202031858e-05,0.1387919783592224,0.004150947090238333,,,,,,dqn,cartpole,sparse,0.01,0.99,6,
924,0.0,135,0.050000000000000044,4.878285835729912e-06,0.12260980904102325,0.0021777853835374117,,,,,,dqn,cartpole,sparse,0.01,0.99,6,
925,0.0,104,0.050000000000000044,7.296621333807707e-06,0.13705101609230042,0.00198859884403646,,,,,,dqn,cartpole,sparse,0.01,0.99,6,
926,0.0,169,0.050000000000000044,8.607942618255038e-06,0.13348224759101868,0.0025479099713265896,,,,,,dqn,cartpole,sparse,0.01,0.99,6,
927,0.0,136,0.050000000000000044,3.4442605283402372e-06,0.13431262969970703,0.002017209306359291,,,,,,dqn,cartpole,sparse,0.01,0.99,6,
928,0.0,102,0.050000000000000044,0.00018149014795199037,0.12889279425144196,0.004319876432418823,,,,,,dqn,cartpole,sparse,0.01,0.99,6,
929,0.0,155,0.050000000000000044,4.9620584832155146e-06,0.13438911736011505,0.002185466466471553,,,,,,dqn,cartpole,sparse,0.01,0.99,6,
930,0.0,62,0.050000000000000044,5.572464942815714e-06,0.12954850494861603,0.0022324053570628166,,,,,,dqn,cartpole,sparse,0.01,0.99,6,
931,0.0,141,0.050000000000000044,1.6139194485731423e-05,0.1277080476284027,0.003365900833159685,,,,,,dqn,cartpole,sparse,0.01,0.99,6,
932,0.0,28,0.050000000000000044,9.502986358711496e-06,0.12403695285320282,0.00344597059302032,,,,,,dqn,cartpole,sparse,0.01,0.99,6,
933,0.0,148,0.050000000000000044,1.4017916328157298e-05,0.13172772526741028,0.0029675401747226715,,,,,,dqn,cartpole,sparse,0.01,0.99,6,
934,0.0,29,0.050000000000000044,8.192875611712225e-06,0.14567619562149048,0.002102508908137679,,,,,,dqn,cartpole,sparse,0.01,0.99,6,
935,0.0,235,0.050000000000000044,4.345652996562421e-05,0.13185928761959076,0.0035793515853583813,,,,,,dqn,cartpole,sparse,0.01,0.99,6,
936,0.0,103,0.050000000000000044,1.4763576473342255e-05,0.1245935708284378,0.0035252482630312443,,,,,,dqn,cartpole,sparse,0.01,0.99,6,
937,0.0,127,0.050000000000000044,1.3827469047100749e-05,0.12840983271598816,0.0034750839695334435,,,,,,dqn,cartpole,sparse,0.01,0.99,6,
938,0.0,157,0.050000000000000044,5.606265403912403e-06,0.11353442072868347,0.002651090733706951,,,,,,dqn,cartpole,sparse,0.01,0.99,6,
939,0.0,168,0.050000000000000044,3.475162429822376e-06,0.12823623418807983,0.0017194596584886312,,,,,,dqn,cartpole,sparse,0.01,0.99,6,
940,0.0,111,0.050000000000000044,1.742467975418549e-05,0.12281006574630737,0.004739760421216488,,,,,,dqn,cartpole,sparse,0.01,0.99,6,
941,0.0,48,0.050000000000000044,5.432906618807465e-06,0.12867820262908936,0.0023806686513125896,,,,,,dqn,cartpole,sparse,0.01,0.99,6,
942,0.0,29,0.050000000000000044,8.715208423382137e-06,0.11711026728153229,0.0028161508962512016,,,,,,dqn,cartpole,sparse,0.01,0.99,6,
943,0.0,17,0.050000000000000044,4.760394404002e-06,0.14234870672225952,0.0024901411961764097,,,,,,dqn,cartpole,sparse,0.01,0.99,6,
944,0.0,201,0.050000000000000044,4.561163223115727e-06,0.13506364822387695,0.0023176809772849083,,,,,,dqn,cartpole,sparse,0.01,0.99,6,
945,0.0,113,0.050000000000000044,6.881900844746269e-06,0.12644624710083008,0.0023565012961626053,,,,,,dqn,cartpole,sparse,0.01,0.99,6,
946,0.0,94,0.050000000000000044,8.57392751640873e-06,0.12012183666229248,0.003138433676213026,,,,,,dqn,cartpole,sparse,0.01,0.99,6,
947,0.0,115,0.050000000000000044,4.171574801148381e-06,0.1201954334974289,0.0019397769356146455,,,,,,dqn,cartpole,sparse,0.01,0.99,6,
948,0.0,28,0.050000000000000044,2.898593811551109e-05,0.13776403665542603,0.0022330074571073055,,,,,,dqn,cartpole,sparse,0.01,0.99,6,
949,0.0,95,0.050000000000000044,3.0883722502039745e-05,0.11387109756469727,0.0054245758801698685,,,,,,dqn,cartpole,sparse,0.01,0.99,6,
950,0.0,128,0.050000000000000044,9.128081728704274e-05,0.1201200783252716,0.004160490818321705,,,0.0,0.0,93.5,dqn,cartpole,sparse,0.01,0.99,6,
951,0.0,114,0.050000000000000044,1.2418991900631227e-05,0.12598416209220886,0.004068607464432716,,,,,,dqn,cartpole,sparse,0.01,0.99,6,
952,0.0,138,0.050000000000000044,3.701779405673733e-06,0.12437345087528229,0.0013847004156559706,,,,,,dqn,cartpole,sparse,0.01,0.99,6,
953,0.0,134,0.050000000000000044,2.883725301217055e-06,0.1363474726676941,0.0018533532274886966,,,,,,dqn,cartpole,sparse,0.01,0.99,6,
954,0.0,74,0.050000000000000044,4.79500613437267e-06,0.10967546701431274,0.001968011260032654,,,,,,dqn,cartpole,sparse,0.01,0.99,6,
955,0.0,105,0.050000000000000044,2.7704597869160352e-06,0.11508770287036896,0.0017423189710825682,,,,,,dqn,cartpole,sparse,0.01,0.99,6,
956,0.0,118,0.050000000000000044,3.2233290312433382e-06,0.12761391699314117,0.00174260837957263,,,,,,dqn,cartpole,sparse,0.01,0.99,6,
957,0.0,87,0.050000000000000044,1.073413386620814e-05,0.12786456942558289,0.0035307116340845823,,,,,,dqn,cartpole,sparse,0.01,0.99,6,
958,0.0,44,0.050000000000000044,2.5271789127145894e-05,0.12623368203639984,0.0052145104855299,,,,,,dqn,cartpole,sparse,0.01,0.99,6,
959,0.0,33,0.050000000000000044,0.0003104117640759796,0.13109071552753448,0.008274159394204617,,,,,,dqn,cartpole,sparse,0.01,0.99,6,
960,0.0,41,0.050000000000000044,7.601230026921257e-05,0.13523292541503906,0.00447679590433836,,,,,,dqn,cartpole,sparse,0.01,0.99,6,
961,0.0,11,0.050000000000000044,2.6885634724749252e-05,0.1307445466518402,0.006967981345951557,,,,,,dqn,cartpole,sparse,0.01,0.99,6,
962,0.0,28,0.050000000000000044,6.435522209358169e-06,0.1138470247387886,0.0026613185182213783,,,,,,dqn,cartpole,sparse,0.01,0.99,6,
963,0.0,28,0.050000000000000044,8.059743777266704e-06,0.11701461672782898,0.003235531970858574,,,,,,dqn,cartpole,sparse,0.01,0.99,6,
964,0.0,49,0.050000000000000044,5.420209618023364e-06,0.12576092779636383,0.00270726322196424,,,,,,dqn,cartpole,sparse,0.01,0.99,6,
965,0.0,20,0.050000000000000044,1.0783768630062696e-05,0.12608808279037476,0.0027939584106206894,,,,,,dqn,cartpole,sparse,0.01,0.99,6,
966,0.0,146,0.050000000000000044,9.978967682400253e-06,0.12044429779052734,0.003129209391772747,,,,,,dqn,cartpole,sparse,0.01,0.99,6,
967,0.0,12,0.050000000000000044,1.3708033293369226e-05,0.12652896344661713,0.003322223899886012,,,,,,dqn,cartpole,sparse,0.01,0.99,6,
968,0.0,28,0.050000000000000044,3.886187187163159e-06,0.1223309189081192,0.0022330358624458313,,,,,,dqn,cartpole,sparse,0.01,0.99,6,
969,0.0,10,0.050000000000000044,2.839822627720423e-06,0.1351548135280609,0.0017306872177869081,,,,,,dqn,cartpole,sparse,0.01,0.99,6,
970,0.0,46,0.050000000000000044,2.943565050372854e-06,0.12450981140136719,0.00184008595533669,,,,,,dqn,cartpole,sparse,0.01,0.99,6,
971,0.0,59,0.050000000000000044,9.499617590336129e-06,0.12033078819513321,0.0026101707480847836,,,,,,dqn,cartpole,sparse,0.01,0.99,6,
972,0.0,62,0.050000000000000044,4.866002200287767e-06,0.12085234373807907,0.0024940287694334984,,,,,,dqn,cartpole,sparse,0.01,0.99,6,
973,0.0,27,0.050000000000000044,3.071859282499645e-06,0.1290474236011505,0.0017014109762385488,,,,,,dqn,cartpole,sparse,0.01,0.99,6,
974,0.0,28,0.050000000000000044,0.00011255087156314403,0.12234126031398773,0.005160646978765726,,,,,,dqn,cartpole,sparse,0.01,0.99,6,
975,0.0,12,0.050000000000000044,1.315012286795536e-05,0.12063533067703247,0.00274142948910594,,,,,,dqn,cartpole,sparse,0.01,0.99,6,
976,0.0,23,0.050000000000000044,6.229925475054188e-06,0.11032187938690186,0.0018336495850235224,,,,,,dqn,cartpole,sparse,0.01,0.99,6,
977,0.0,30,0.050000000000000044,3.2391205877502216e-06,0.12820249795913696,0.0016795805422589183,,,,,,dqn,cartpole,sparse,0.01,0.99,6,
978,0.0,24,0.050000000000000044,4.0697916119825095e-05,0.12794406712055206,0.0044762687757611275,,,,,,dqn,cartpole,sparse,0.01,0.99,6,
979,0.0,28,0.050000000000000044,9.923563993652351e-06,0.12946659326553345,0.0028740873094648123,,,,,,dqn,cartpole,sparse,0.01,0.99,6,
980,0.0,26,0.050000000000000044,5.261038040771382e-06,0.1252295821905136,0.0025819092988967896,,,,,,dqn,cartpole,sparse,0.01,0.99,6,
981,0.0,29,0.050000000000000044,4.5165234041633084e-06,0.12543222308158875,0.0021858334075659513,,,,,,dqn,cartpole,sparse,0.01,0.99,6,
982,0.0,103,0.050000000000000044,4.257587988831801e-06,0.12650027871131897,0.0019815368577837944,,,,,,dqn,cartpole,sparse,0.01,0.99,6,
983,0.0,52,0.050000000000000044,3.214098114767694e-06,0.12309856712818146,0.001771861920133233,,,,,,dqn,cartpole,sparse,0.01,0.99,6,
984,0.0,12,0.050000000000000044,6.917693099239841e-06,0.13006453216075897,0.0028324099257588387,,,,,,dqn,cartpole,sparse,0.01,0.99,6,
985,0.0,83,0.050000000000000044,1.456577047065366e-05,0.1308489590883255,0.0036678151227533817,,,,,,dqn,cartpole,sparse,0.01,0.99,6,
986,0.0,56,0.050000000000000044,1.221948696183972e-05,0.13247473537921906,0.004503787029534578,,,,,,dqn,cartpole,sparse,0.01,0.99,6,
987,0.0,68,0.050000000000000044,8.069366231211461e-06,0.1300816386938095,0.00269429013133049,,,,,,dqn,cartpole,sparse,0.01,0.99,6,
988,0.0,41,0.050000000000000044,5.537848664971534e-06,0.11838535964488983,0.0026180692948400974,,,,,,dqn,cartpole,sparse,0.01,0.99,6,
989,0.0,18,0.050000000000000044,4.737824383482803e-06,0.11383056640625,0.0021880227141082287,,,,,,dqn,cartpole,sparse,0.01,0.99,6,
990,0.0,48,0.050000000000000044,2.24232608161401e-05,0.12088455259799957,0.0051585291512310505,,,,,,dqn,cartpole,sparse,0.01,0.99,6,
991,0.0,29,0.050000000000000044,2.6851013899431564e-05,0.11482749879360199,0.0038515643682330847,,,,,,dqn,cartpole,sparse,0.01,0.99,6,
992,0.0,24,0.050000000000000044,1.0026276868302375e-05,0.12507806718349457,0.0027913711965084076,,,,,,dqn,cartpole,sparse,0.01,0.99,6,
993,0.0,91,0.050000000000000044,6.406122702173889e-05,0.13137908279895782,0.0035540300887078047,,,,,,dqn,cartpole,sparse,0.01,0.99,6,
994,0.0,40,0.050000000000000044,2.2878613890497945e-05,0.13232757151126862,0.003629265818744898,,,,,,dqn,cartpole,sparse,0.01,0.99,6,
995,0.0,28,0.050000000000000044,4.340228770161048e-06,0.12225491553544998,0.0023859753273427486,,,,,,dqn,cartpole,sparse,0.01,0.99,6,
996,0.0,27,0.050000000000000044,1.1984284356003627e-05,0.12440301477909088,0.0035086714196950197,,,,,,dqn,cartpole,sparse,0.01,0.99,6,
997,0.0,51,0.050000000000000044,1.2875757420260925e-05,0.12936118245124817,0.0036728112027049065,,,,,,dqn,cartpole,sparse,0.01,0.99,6,
998,0.0,67,0.050000000000000044,9.594914445187896e-06,0.12554818391799927,0.0030915813986212015,,,,,,dqn,cartpole,sparse,0.01,0.99,6,
999,0.0,25,0.050000000000000044,0.00015586576773785055,0.12156970053911209,0.00494257640093565,,,,,,dqn,cartpole,sparse,0.01,0.99,6,
1000,0.0,156,0.050000000000000044,0.00010771154484245926,0.13149744272232056,0.003847211366519332,,,0.0,0.0,129.7,dqn,cartpole,sparse,0.01,0.99,6,
