episode,return,length,epsilon,loss,q_mean,td_error_mean,icm_loss,intrinsic_reward_mean,eval_return_mean,eval_return_std,eval_length_mean,agent,env,reward_type,lr,gamma,seed,eta
1,0.0,24,1.0,nan,nan,nan,,,,,,dqn,cartpole,sparse,0.01,0.99,0,
2,0.0,15,0.9968333333333333,nan,nan,nan,,,,,,dqn,cartpole,sparse,0.01,0.99,0,
3,0.0,11,0.9936666666666667,nan,nan,nan,,,,,,dqn,cartpole,sparse,0.01,0.99,0,
4,0.0,33,0.9905,nan,nan,nan,,,,,,dqn,cartpole,sparse,0.01,0.99,0,
5,0.0,9,0.9873333333333333,nan,nan,nan,,,,,,dqn,cartpole,sparse,0.01,0.99,0,
6,0.0,26,0.9841666666666666,nan,nan,nan,,,,,,dqn,cartpole,sparse,0.01,0.99,0,
7,0.0,14,0.981,nan,nan,nan,,,,,,dqn,cartpole,sparse,0.01,0.99,0,
8,0.0,13,0.9778333333333333,nan,nan,nan,,,,,,dqn,cartpole,sparse,0.01,0.99,0,
9,0.0,13,0.9746666666666667,nan,nan,nan,,,,,,dqn,cartpole,sparse,0.01,0.99,0,
10,0.0,33,0.9715,nan,nan,nan,,,,,,dqn,cartpole,sparse,0.01,0.99,0,
11,0.0,35,0.9683333333333334,nan,nan,nan,,,,,,dqn,cartpole,sparse,0.01,0.99,0,
12,0.0,40,0.9651666666666666,nan,nan,nan,,,,,,dqn,cartpole,sparse,0.01,0.99,0,
13,0.0,9,0.962,nan,nan,nan,,,,,,dqn,cartpole,sparse,0.01,0.99,0,
14,0.0,21,0.9588333333333333,nan,nan,nan,,,,,,dqn,cartpole,sparse,0.01,0.99,0,
15,0.0,16,0.9556666666666667,nan,nan,nan,,,,,,dqn,cartpole,sparse,0.01,0.99,0,
16,0.0,10,0.9525,nan,nan,nan,,,,,,dqn,cartpole,sparse,0.01,0.99,0,
17,0.0,24,0.9493333333333334,nan,nan,nan,,,,,,dqn,cartpole,sparse,0.01,0.99,0,
18,0.0,33,0.9461666666666667,nan,nan,nan,,,,,,dqn,cartpole,sparse,0.01,0.99,0,
19,0.0,12,0.9430000000000001,nan,nan,nan,,,,,,dqn,cartpole,sparse,0.01,0.99,0,
20,0.0,15,0.9398333333333333,nan,nan,nan,,,,,,dqn,cartpole,sparse,0.01,0.99,0,
21,0.0,19,0.9366666666666666,nan,nan,nan,,,,,,dqn,cartpole,sparse,0.01,0.99,0,
22,0.0,12,0.9335,nan,nan,nan,,,,,,dqn,cartpole,sparse,0.01,0.99,0,
23,0.0,17,0.9303333333333333,nan,nan,nan,,,,,,dqn,cartpole,sparse,0.01,0.99,0,
24,0.0,10,0.9271666666666667,nan,nan,nan,,,,,,dqn,cartpole,sparse,0.01,0.99,0,
25,0.0,20,0.924,nan,nan,nan,,,,,,dqn,cartpole,sparse,0.01,0.99,0,
26,0.0,17,0.9208333333333334,0.00011558449477888644,-0.01212991215288639,0.00980177242308855,,,,,,dqn,cartpole,sparse,0.01,0.99,0,
27,0.0,12,0.9176666666666666,0.00035789492540061474,-0.029130563139915466,0.023992430418729782,,,,,,dqn,cartpole,sparse,0.01,0.99,0,
28,0.0,18,0.9145,0.0002192412066506222,-0.0011852339375764132,0.012310299091041088,,,,,,dqn,cartpole,sparse,0.01,0.99,0,
29,0.0,19,0.9113333333333333,8.985942986328155e-05,-0.00601132120937109,0.008462751284241676,,,,,,dqn,cartpole,sparse,0.01,0.99,0,
30,0.0,10,0.9081666666666667,9.328647138318047e-05,-0.011744325049221516,0.006666100583970547,,,,,,dqn,cartpole,sparse,0.01,0.99,0,
31,0.0,12,0.905,2.540531932027079e-05,-0.009960461407899857,0.005390563979744911,,,,,,dqn,cartpole,sparse,0.01,0.99,0,
32,0.0,36,0.9018333333333334,1.9736167814699e-05,-0.007727793417870998,0.004344547633081675,,,,,,dqn,cartpole,sparse,0.01,0.99,0,
33,0.0,12,0.8986666666666667,1.7470034435973503e-05,-0.005056601949036121,0.00415547052398324,,,,,,dqn,cartpole,sparse,0.01,0.99,0,
34,0.0,28,0.8955,5.4640213420498185e-06,-0.005017503164708614,0.002658913843333721,,,,,,dqn,cartpole,sparse,0.01,0.99,0,
35,0.0,52,0.8923333333333333,1.0915298844338395e-05,-0.007278951350599527,0.003066149540245533,,,,,,dqn,cartpole,sparse,0.01,0.99,0,
36,0.0,28,0.8891666666666667,3.163263954775175e-06,-0.004202507436275482,0.0019373646937310696,,,,,,dqn,cartpole,sparse,0.01,0.99,0,
37,0.0,34,0.886,2.7713786039385013e-05,-0.006858373526483774,0.002936246572062373,,,,,,dqn,cartpole,sparse,0.01,0.99,0,
38,0.0,14,0.8828333333333334,1.989885049624718e-06,-0.00511159747838974,0.0015698864590376616,,,,,,dqn,cartpole,sparse,0.01,0.99,0,
39,0.0,27,0.8796666666666667,1.0375028978160117e-05,-0.00833122432231903,0.0029607925098389387,,,,,,dqn,cartpole,sparse,0.01,0.99,0,
40,0.0,38,0.8765000000000001,7.499108505726326e-06,-0.004570366814732552,0.0026613380759954453,,,,,,dqn,cartpole,sparse,0.01,0.99,0,
41,0.0,22,0.8733333333333333,4.182934844720876e-06,-0.007663406431674957,0.0021513253450393677,,,,,,dqn,cartpole,sparse,0.01,0.99,0,
42,0.0,11,0.8701666666666666,6.407124601537362e-06,-0.008430317044258118,0.0027536186389625072,,,,,,dqn,cartpole,sparse,0.01,0.99,0,
43,0.0,26,0.867,2.3595213860971853e-05,-0.005424818955361843,0.002983893034979701,,,,,,dqn,cartpole,sparse,0.01,0.99,0,
44,0.0,37,0.8638333333333333,1.3415401554084383e-05,-0.00655599869787693,0.0022864192724227905,,,,,,dqn,cartpole,sparse,0.01,0.99,0,
45,0.0,75,0.8606666666666667,7.872843525547069e-06,-0.003762429114431143,0.002157530514523387,,,,,,dqn,cartpole,sparse,0.01,0.99,0,
46,0.0,15,0.8575,4.959388206771109e-06,-0.007269017398357391,0.002089239191263914,,,,,,dqn,cartpole,sparse,0.01,0.99,0,
47,0.0,44,0.8543333333333334,1.9273138605058193e-06,-0.0056890151463449,0.0013688619947060943,,,,,,dqn,cartpole,sparse,0.01,0.99,0,
48,0.0,65,0.8511666666666666,3.3049855119315907e-06,-0.007359391078352928,0.0017592520453035831,,,,,,dqn,cartpole,sparse,0.01,0.99,0,
49,0.0,116,0.848,1.9590017473092303e-05,-0.007244256790727377,0.0030428923200815916,,,,,,dqn,cartpole,sparse,0.01,0.99,0,
50,0.0,18,0.8448333333333333,7.727788215561304e-06,-0.008702129125595093,0.0025733450893312693,,,0.0,0.0,10.4,dqn,cartpole,sparse,0.01,0.99,0,
51,0.0,25,0.8416666666666667,5.336935828381684e-06,-0.005278406664729118,0.0021099611185491085,,,,,,dqn,cartpole,sparse,0.01,0.99,0,
52,0.0,15,0.8385,8.448815606243443e-06,-0.004963508807122707,0.0027312184683978558,,,,,,dqn,cartpole,sparse,0.01,0.99,0,
53,0.0,43,0.8353333333333334,6.4214568737952504e-06,-0.006327501963824034,0.0028637037612497807,,,,,,dqn,cartpole,sparse,0.01,0.99,0,
54,0.0,31,0.8321666666666667,3.96550103687332e-06,-0.0044121332466602325,0.0021304343827068806,,,,,,dqn,cartpole,sparse,0.01,0.99,0,
55,0.0,32,0.829,9.436613254365511e-06,-0.003955593798309565,0.0025970744900405407,,,,,,dqn,cartpole,sparse,0.01,0.99,0,
56,0.0,15,0.8258333333333334,1.2851216524722986e-05,-0.006312597543001175,0.00252671935595572,,,,,,dqn,cartpole,sparse,0.01,0.99,0,
57,0.0,50,0.8226666666666667,1.1044992788811214e-05,-0.007257038727402687,0.0034265979193150997,,,,,,dqn,cartpole,sparse,0.01,0.99,0,
58,0.0,38,0.8195,4.159803211223334e-05,-0.009404612705111504,0.004689133260399103,,,,,,dqn,cartpole,sparse,0.01,0.99,0,
59,0.0,31,0.8163333333333334,8.579789209761657e-06,-0.007018694654107094,0.0028797113336622715,,,,,,dqn,cartpole,sparse,0.01,0.99,0,
60,0.0,19,0.8131666666666667,1.0034957085736096e-05,-0.00462702289223671,0.002793025691062212,,,,,,dqn,cartpole,sparse,0.01,0.99,0,
61,0.0,36,0.81,3.8716025301255286e-06,-0.006194723770022392,0.002196595072746277,,,,,,dqn,cartpole,sparse,0.01,0.99,0,
62,0.0,19,0.8068333333333333,5.717704425478587e-06,-0.003514507319778204,0.0023592417128384113,,,,,,dqn,cartpole,sparse,0.01,0.99,0,
63,0.0,14,0.8036666666666666,1.0048988769995049e-05,-0.007567764259874821,0.0027085384353995323,,,,,,dqn,cartpole,sparse,0.01,0.99,0,
64,0.0,25,0.8005,1.2011396393063478e-05,-0.0041519030928611755,0.0022822334431111813,,,,,,dqn,cartpole,sparse,0.01,0.99,0,
65,0.0,16,0.7973333333333333,6.045908776286524e-06,-0.005945301149040461,0.0023380094207823277,,,,,,dqn,cartpole,sparse,0.01,0.99,0,
66,0.0,52,0.7941666666666667,9.167382813757285e-06,-0.005218433681875467,0.0022902616765350103,,,,,,dqn,cartpole,sparse,0.01,0.99,0,
67,0.0,43,0.791,8.201956006814726e-06,-0.008332758210599422,0.0024179890751838684,,,,,,dqn,cartpole,sparse,0.01,0.99,0,
68,0.0,21,0.7878333333333334,1.8201881175627932e-05,-0.007662061136215925,0.0030602291226387024,,,,,,dqn,cartpole,sparse,0.01,0.99,0,
69,0.0,29,0.7846666666666666,1.5511715901084244e-05,-0.003763421904295683,0.0036240825429558754,,,,,,dqn,cartpole,sparse,0.01,0.99,0,
70,0.0,10,0.7815,1.1896979231096338e-05,-0.005450732074677944,0.0024325440172106028,,,,,,dqn,cartpole,sparse,0.01,0.99,0,
71,0.0,19,0.7783333333333333,4.4080111365474295e-06,-0.005197824444621801,0.0023852591402828693,,,,,,dqn,cartpole,sparse,0.01,0.99,0,
72,0.0,26,0.7751666666666667,3.819988251052564e-06,-0.005859277676790953,0.002135227434337139,,,,,,dqn,cartpole,sparse,0.01,0.99,0,
73,0.0,36,0.772,1.7442966054659337e-05,-0.008338932879269123,0.0038610040210187435,,,,,,dqn,cartpole,sparse,0.01,0.99,0,
74,0.0,28,0.7688333333333334,1.1516486665641423e-05,-0.0056295813992619514,0.0024495157413184643,,,,,,dqn,cartpole,sparse,0.01,0.99,0,
75,0.0,20,0.7656666666666667,1.179418177343905e-05,-0.00582976546138525,0.002076545497402549,,,,,,dqn,cartpole,sparse,0.01,0.99,0,
76,0.0,9,0.7625,3.907629888999509e-06,-0.006508966907858849,0.0018250106368213892,,,,,,dqn,cartpole,sparse,0.01,0.99,0,
77,0.0,40,0.7593333333333333,6.228103302419186e-06,-0.009185152128338814,0.00238293269649148,,,,,,dqn,cartpole,sparse,0.01,0.99,0,
78,0.0,78,0.7561666666666667,3.3424730645492673e-06,-0.006437898613512516,0.0015949601074680686,,,,,,dqn,cartpole,sparse,0.01,0.99,0,
79,0.0,61,0.753,1.3033724144406733e-06,-0.003861588193103671,0.0011043689446523786,,,,,,dqn,cartpole,sparse,0.01,0.99,0,
80,0.0,26,0.7498333333333334,9.260877050110139e-06,-0.004501859657466412,0.0020863963291049004,,,,,,dqn,cartpole,sparse,0.01,0.99,0,
81,0.0,61,0.7466666666666667,4.092915332876146e-06,-0.004118198063224554,0.0017641342710703611,,,,,,dqn,cartpole,sparse,0.01,0.99,0,
82,0.0,38,0.7435,8.373848686460406e-06,-0.005579985678195953,0.0024798871017992496,,,,,,dqn,cartpole,sparse,0.01,0.99,0,
83,0.0,13,0.7403333333333333,1.5679619536967948e-05,-0.006300228647887707,0.0027709463611245155,,,,,,dqn,cartpole,sparse,0.01,0.99,0,
84,0.0,33,0.7371666666666667,7.3879036790458485e-06,-0.0064619919285178185,0.0022787912748754025,,,,,,dqn,cartpole,sparse,0.01,0.99,0,
85,0.0,35,0.734,4.37381550000282e-06,-0.004772847518324852,0.0019118933705613017,,,,,,dqn,cartpole,sparse,0.01,0.99,0,
86,0.0,38,0.7308333333333333,1.1154033927596174e-06,-0.005827842280268669,0.0011236004065722227,,,,,,dqn,cartpole,sparse,0.01,0.99,0,
87,0.0,103,0.7276666666666667,1.5574005374219269e-06,-0.004860123619437218,0.0014105780282989144,,,,,,dqn,cartpole,sparse,0.01,0.99,0,
88,0.0,23,0.7245,5.57865496375598e-06,-0.0031623314134776592,0.0028317500837147236,,,,,,dqn,cartpole,sparse,0.01,0.99,0,
89,0.0,38,0.7213333333333334,7.693850420764647e-06,-0.0028351459186524153,0.0026821582578122616,,,,,,dqn,cartpole,sparse,0.01,0.99,0,
90,0.0,34,0.7181666666666666,2.8239801395102404e-06,-0.00021758335060440004,0.00199081446044147,,,,,,dqn,cartpole,sparse,0.01,0.99,0,
91,0.0,35,0.7150000000000001,2.4052587832557037e-06,-0.0028939181938767433,0.0015585055807605386,,,,,,dqn,cartpole,sparse,0.01,0.99,0,
92,0.0,12,0.7118333333333333,1.3957503597339382e-06,-0.006361186038702726,0.001285748090595007,,,,,,dqn,cartpole,sparse,0.01,0.99,0,
93,0.0,15,0.7086666666666668,1.8808784716384253e-06,-0.0024073300883173943,0.0014244099147617817,,,,,,dqn,cartpole,sparse,0.01,0.99,0,
94,0.0,43,0.7055,1.718768317005015e-06,-0.0020754330325871706,0.00157135387416929,,,,,,dqn,cartpole,sparse,0.01,0.99,0,
95,0.0,34,0.7023333333333333,3.2624452614982147e-06,-0.00038395996671169996,0.001721120672300458,,,,,,dqn,cartpole,sparse,0.01,0.99,0,
96,0.0,9,0.6991666666666667,1.9463373064354528e-06,-0.0032522552646696568,0.001435321755707264,,,,,,dqn,cartpole,sparse,0.01,0.99,0,
97,0.0,26,0.696,3.2089126307255356e-06,-0.0030148124787956476,0.0015912832459434867,,,,,,dqn,cartpole,sparse,0.01,0.99,0,
98,0.0,14,0.6928333333333334,1.2805453479813877e-06,-0.0032280213199555874,0.0012647227849811316,,,,,,dqn,cartpole,sparse,0.01,0.99,0,
99,0.0,22,0.6896666666666667,9.782680763237295e-07,-0.0030965390615165234,0.0010883298236876726,,,,,,dqn,cartpole,sparse,0.01,0.99,0,
100,0.0,11,0.6865,1.940874653882929e-06,-0.0007678123656660318,0.0016540753422304988,,,0.0,0.0,10.3,dqn,cartpole,sparse,0.01,0.99,0,
101,0.0,15,0.6833333333333333,2.677055363164982e-06,-0.003936886787414551,0.0014633878599852324,,,,,,dqn,cartpole,sparse,0.01,0.99,0,
102,0.0,15,0.6801666666666667,2.3095747110346565e-06,-0.0028439019806683064,0.0014463694533333182,,,,,,dqn,cartpole,sparse,0.01,0.99,0,
103,0.0,15,0.677,1.431943246643641e-06,-0.004635283257812262,0.0011852169409394264,,,,,,dqn,cartpole,sparse,0.01,0.99,0,
104,0.0,17,0.6738333333333333,1.8109985830960795e-06,-0.0014252520631998777,0.0014036680804565549,,,,,,dqn,cartpole,sparse,0.01,0.99,0,
105,0.0,13,0.6706666666666667,1.7115394257416483e-06,-0.003989788703620434,0.0012920632725581527,,,,,,dqn,cartpole,sparse,0.01,0.99,0,
106,0.0,20,0.6675,1.3037212056588032e-06,-0.0022137402556836605,0.001300703501328826,,,,,,dqn,cartpole,sparse,0.01,0.99,0,
107,0.0,17,0.6643333333333333,1.2676690630541998e-06,-0.004798017907887697,0.0011905572609975934,,,,,,dqn,cartpole,sparse,0.01,0.99,0,
108,0.0,10,0.6611666666666667,2.211490254921955e-06,-0.004911734722554684,0.0013246176531538367,,,,,,dqn,cartpole,sparse,0.01,0.99,0,
109,0.0,10,0.658,8.273873390862718e-07,-0.0038087463472038507,0.0009810327319428325,,,,,,dqn,cartpole,sparse,0.01,0.99,0,
110,0.0,39,0.6548333333333334,1.1070935670431936e-06,-0.002708445070311427,0.0011369010899215937,,,,,,dqn,cartpole,sparse,0.01,0.99,0,
111,0.0,18,0.6516666666666667,1.4784434370085364e-06,-0.002821824047714472,0.00127430260181427,,,,,,dqn,cartpole,sparse,0.01,0.99,0,
112,0.0,15,0.6485000000000001,1.1680812121994677e-06,-0.0030952920205891132,0.0011373606976121664,,,,,,dqn,cartpole,sparse,0.01,0.99,0,
113,0.0,18,0.6453333333333333,6.0567881519091316e-06,-0.0024819946847856045,0.001668831566348672,,,,,,dqn,cartpole,sparse,0.01,0.99,0,
114,0.0,21,0.6421666666666668,1.4825924381511868e-06,-0.0038692131638526917,0.0010513776214793324,,,,,,dqn,cartpole,sparse,0.01,0.99,0,
115,0.0,12,0.639,1.6805995528557105e-06,-0.0013360970187932253,0.0012355144135653973,,,,,,dqn,cartpole,sparse,0.01,0.99,0,
116,0.0,21,0.6358333333333333,3.389096036698902e-06,-0.0033309999853372574,0.0016518407501280308,,,,,,dqn,cartpole,sparse,0.01,0.99,0,
117,0.0,11,0.6326666666666667,1.561484282319725e-06,-0.001688441727310419,0.0013293192023411393,,,,,,dqn,cartpole,sparse,0.01,0.99,0,
118,0.0,40,0.6295,2.0599434265022865e-06,-0.0031730299815535545,0.0011516171507537365,,,,,,dqn,cartpole,sparse,0.01,0.99,0,
119,0.0,21,0.6263333333333334,1.4129908549875836e-06,-0.004932858049869537,0.0012149004032835364,,,,,,dqn,cartpole,sparse,0.01,0.99,0,
120,0.0,29,0.6231666666666666,7.582701186947816e-07,-0.0022742676082998514,0.000989382853731513,,,,,,dqn,cartpole,sparse,0.01,0.99,0,
121,0.0,17,0.62,2.02714727493003e-05,-0.0026684082113206387,0.001719013787806034,,,,,,dqn,cartpole,sparse,0.01,0.99,0,
122,0.0,55,0.6168333333333333,5.920362127653789e-06,-0.002422432182356715,0.0017073688795790076,,,,,,dqn,cartpole,sparse,0.01,0.99,0,
123,0.0,16,0.6136666666666667,2.174691417167196e-06,-0.0035465112887322903,0.0012470267247408628,,,,,,dqn,cartpole,sparse,0.01,0.99,0,
124,0.0,28,0.6105,8.772723958827555e-06,-0.0029663625173270702,0.001940073212608695,,,,,,dqn,cartpole,sparse,0.01,0.99,0,
125,0.0,24,0.6073333333333333,1.6397527360823005e-05,-0.005134564824402332,0.002299577696248889,,,,,,dqn,cartpole,sparse,0.01,0.99,0,
126,0.0,41,0.6041666666666667,1.281117420148803e-06,-0.003827034728601575,0.0010705976746976376,,,,,,dqn,cartpole,sparse,0.01,0.99,0,
127,0.0,12,0.601,3.2885036489460617e-06,-0.002786708064377308,0.0013827118091285229,,,,,,dqn,cartpole,sparse,0.01,0.99,0,
128,0.0,9,0.5978333333333333,1.1643184052445577e-06,-0.003428659401834011,0.0009895407129079103,,,,,,dqn,cartpole,sparse,0.01,0.99,0,
129,0.0,14,0.5946666666666667,1.3851140465703793e-06,-0.004204339347779751,0.0013504448579624295,,,,,,dqn,cartpole,sparse,0.01,0.99,0,
130,0.0,19,0.5915,1.361751856165938e-06,-0.0010765937622636557,0.001330366707406938,,,,,,dqn,cartpole,sparse,0.01,0.99,0,
131,0.0,12,0.5883333333333334,2.200911239924608e-06,-0.004359258338809013,0.001197769888676703,,,,,,dqn,cartpole,sparse,0.01,0.99,0,
132,0.0,21,0.5851666666666667,1.984572691071662e-06,-0.0018747200956568122,0.0015537980943918228,,,,,,dqn,cartpole,sparse,0.01,0.99,0,
133,0.0,13,0.5820000000000001,1.387095608151867e-06,-0.007632557302713394,0.00132733304053545,,,,,,dqn,cartpole,sparse,0.01,0.99,0,
134,0.0,21,0.5788333333333333,1.7276875041716266e-06,-0.00259273499250412,0.0014193339738994837,,,,,,dqn,cartpole,sparse,0.01,0.99,0,
135,0.0,12,0.5756666666666668,8.001468927432143e-07,-0.0022614302579313517,0.0008744228980503976,,,,,,dqn,cartpole,sparse,0.01,0.99,0,
136,0.0,31,0.5725,1.174021804217773e-06,-0.0006880700821056962,0.001117645064368844,,,,,,dqn,cartpole,sparse,0.01,0.99,0,
137,0.0,28,0.5693333333333334,1.5344479606937966e-06,-0.0019521405920386314,0.0011415842454880476,,,,,,dqn,cartpole,sparse,0.01,0.99,0,
138,0.0,9,0.5661666666666667,7.488932851629215e-07,-0.005188286304473877,0.0009654820896685123,,,,,,dqn,cartpole,sparse,0.01,0.99,0,
139,0.0,12,0.563,1.3797375686408486e-06,-0.0025899314787238836,0.0011854087933897972,,,,,,dqn,cartpole,sparse,0.01,0.99,0,
140,0.0,20,0.5598333333333334,1.8517572470955201e-06,-0.003572903573513031,0.0013547736452892423,,,,,,dqn,cartpole,sparse,0.01,0.99,0,
141,0.0,35,0.5566666666666666,2.3974457690201234e-06,-0.0026374657172709703,0.001343323034234345,,,,,,dqn,cartpole,sparse,0.01,0.99,0,
142,0.0,12,0.5535000000000001,1.3751085816693376e-06,-0.0021354160271584988,0.0011331504210829735,,,,,,dqn,cartpole,sparse,0.01,0.99,0,
143,0.0,16,0.5503333333333333,1.0583652283457923e-06,-0.0024801052641123533,0.0011002195533365011,,,,,,dqn,cartpole,sparse,0.01,0.99,0,
144,0.0,12,0.5471666666666667,7.178505256888457e-07,-0.00350699620321393,0.0009521775064058602,,,,,,dqn,cartpole,sparse,0.01,0.99,0,
145,0.0,29,0.544,9.124744337896118e-07,-0.0026873855385929346,0.001055326545611024,,,,,,dqn,cartpole,sparse,0.01,0.99,0,
146,0.0,49,0.5408333333333333,4.0626255213283e-06,-0.003969633020460606,0.0016360635636374354,,,,,,dqn,cartpole,sparse,0.01,0.99,0,
147,0.0,18,0.5376666666666667,1.491687839916267e-06,-0.0030193282291293144,0.0014316720189526677,,,,,,dqn,cartpole,sparse,0.01,0.99,0,
148,0.0,84,0.5345,6.400676966222818e-07,-0.004598031751811504,0.0008665173663757741,,,,,,dqn,cartpole,sparse,0.01,0.99,0,
149,0.0,23,0.5313333333333333,6.125399636403017e-07,-0.001606061472557485,0.000840740161947906,,,,,,dqn,cartpole,sparse,0.01,0.99,0,
150,0.0,9,0.5281666666666667,9.28387350995763e-07,-0.002014180878177285,0.0009740563109517097,,,0.0,0.0,9.4,dqn,cartpole,sparse,0.01,0.99,0,
151,0.0,29,0.525,2.787278617688571e-06,-0.003074747510254383,0.0009982234332710505,,,,,,dqn,cartpole,sparse,0.01,0.99,0,
152,0.0,48,0.5218333333333334,1.2054707667630282e-06,-0.0035501786042004824,0.0010698444675654173,,,,,,dqn,cartpole,sparse,0.01,0.99,0,
153,0.0,54,0.5186666666666666,8.888211482371844e-07,-0.0019420082680881023,0.0011283482890576124,,,,,,dqn,cartpole,sparse,0.01,0.99,0,
154,0.0,44,0.5155000000000001,1.3553321878134739e-06,-0.0036872681230306625,0.001154546975158155,,,,,,dqn,cartpole,sparse,0.01,0.99,0,
155,0.0,26,0.5123333333333333,2.939690602943301e-06,-0.004382579121738672,0.0013751402730122209,,,,,,dqn,cartpole,sparse,0.01,0.99,0,
156,0.0,38,0.5091666666666667,1.9456285826890962e-06,-0.0029530180618166924,0.0011809396091848612,,,,,,dqn,cartpole,sparse,0.01,0.99,0,
157,0.0,29,0.506,1.0177839158131974e-06,-0.003300794865936041,0.0011131203500553966,,,,,,dqn,cartpole,sparse,0.01,0.99,0,
158,0.0,12,0.5028333333333334,1.57522595145565e-06,-0.0046081338077783585,0.0012464486062526703,,,,,,dqn,cartpole,sparse,0.01,0.99,0,
159,0.0,20,0.4996666666666667,1.4808772448304808e-06,-0.0031522565986961126,0.0011910302564501762,,,,,,dqn,cartpole,sparse,0.01,0.99,0,
160,0.0,12,0.49650000000000005,1.6540964224986965e-06,-0.0024957582354545593,0.0010785979684442282,,,,,,dqn,cartpole,sparse,0.01,0.99,0,
161,0.0,33,0.4933333333333334,7.164213684518472e-07,-0.0023719044402241707,0.0008356901817023754,,,,,,dqn,cartpole,sparse,0.01,0.99,0,
162,0.0,23,0.49016666666666675,1.2544985565909883e-06,-0.0017450018785893917,0.0011244290508329868,,,,,,dqn,cartpole,sparse,0.01,0.99,0,
163,0.0,28,0.487,8.708861969353165e-07,-0.003402510192245245,0.0007398215821012855,,,,,,dqn,cartpole,sparse,0.01,0.99,0,
164,0.0,21,0.48383333333333334,3.0132505344226956e-06,-0.0031556766480207443,0.0010094305034726858,,,,,,dqn,cartpole,sparse,0.01,0.99,0,
165,0.0,57,0.4806666666666667,5.726418521589949e-07,-0.0032197185792028904,0.000777935259975493,,,,,,dqn,cartpole,sparse,0.01,0.99,0,
166,0.0,30,0.47750000000000004,1.1198216043339926e-06,-0.003474361263215542,0.0009707324206829071,,,,,,dqn,cartpole,sparse,0.01,0.99,0,
167,0.0,21,0.4743333333333334,2.3670722839597147e-06,-0.003769533010199666,0.0010054772719740868,,,,,,dqn,cartpole,sparse,0.01,0.99,0,
168,0.0,32,0.47116666666666673,4.226181999911205e-07,-0.0023690105881541967,0.0006601365748792887,,,,,,dqn,cartpole,sparse,0.01,0.99,0,
169,0.0,9,0.46799999999999997,4.431619800016051e-07,-0.003920572344213724,0.0006915281992405653,,,,,,dqn,cartpole,sparse,0.01,0.99,0,
170,0.0,28,0.4648333333333333,4.819834771296883e-07,-0.0018353420309722424,0.0007238385733217001,,,,,,dqn,cartpole,sparse,0.01,0.99,0,
171,0.0,93,0.46166666666666667,1.3191563539294293e-06,-0.0016760171856731176,0.000901726190932095,,,,,,dqn,cartpole,sparse,0.01,0.99,0,
172,0.0,28,0.4585,5.343154612091894e-07,-0.0008355886675417423,0.0007769155781716108,,,,,,dqn,cartpole,sparse,0.01,0.99,0,
173,0.0,28,0.45533333333333337,5.84091594646452e-07,-0.00201271940022707,0.0008436226635240018,,,,,,dqn,cartpole,sparse,0.01,0.99,0,
174,0.0,35,0.4521666666666667,5.276934871289995e-07,-0.002144747646525502,0.0007483058725483716,,,,,,dqn,cartpole,sparse,0.01,0.99,0,
175,0.0,11,0.44900000000000007,6.697329695271037e-07,-0.0013989920262247324,0.0007794846897013485,,,,,,dqn,cartpole,sparse,0.01,0.99,0,
176,0.0,31,0.4458333333333333,1.2799918067685212e-06,-0.001643553376197815,0.0009381338022649288,,,,,,dqn,cartpole,sparse,0.01,0.99,0,
177,0.0,28,0.44266666666666665,4.163396170042688e-07,-0.000958507414907217,0.0007633485365658998,,,,,,dqn,cartpole,sparse,0.01,0.99,0,
178,0.0,14,0.4395,6.896594868521788e-07,-0.0018159679602831602,0.0007853535935282707,,,,,,dqn,cartpole,sparse,0.01,0.99,0,
179,0.0,35,0.43633333333333335,1.4138896631266107e-06,0.00039237120654433966,0.001046599354594946,,,,,,dqn,cartpole,sparse,0.01,0.99,0,
180,0.0,23,0.4331666666666667,1.0173333748753066e-06,-0.001807927037589252,0.001051199622452259,,,,,,dqn,cartpole,sparse,0.01,0.99,0,
181,0.0,26,0.43000000000000005,5.701061240870331e-07,-0.002008545445278287,0.0008343789959326386,,,,,,dqn,cartpole,sparse,0.01,0.99,0,
182,0.0,11,0.4268333333333333,8.070591093201074e-07,-0.0007408661185763776,0.0009003872983157635,,,,,,dqn,cartpole,sparse,0.01,0.99,0,
183,0.0,93,0.42366666666666664,8.933478738981648e-07,-0.0028391226660460234,0.0011302350321784616,,,,,,dqn,cartpole,sparse,0.01,0.99,0,
184,0.0,38,0.4205,7.513275249948492e-06,0.0011846149573102593,0.0015612186398357153,,,,,,dqn,cartpole,sparse,0.01,0.99,0,
185,0.0,26,0.41733333333333344,1.4353511232911842e-06,-0.0020172863733023405,0.0011049032909795642,,,,,,dqn,cartpole,sparse,0.01,0.99,0,
186,0.0,55,0.4141666666666667,1.3790740922559053e-06,-0.0011513062054291368,0.001085977186448872,,,,,,dqn,cartpole,sparse,0.01,0.99,0,
187,0.0,12,0.41100000000000003,9.77042759586766e-07,-0.00029331890982575715,0.00101539958268404,,,,,,dqn,cartpole,sparse,0.01,0.99,0,
188,0.0,13,0.4078333333333334,5.51263440229377e-07,-0.00036517850821837783,0.00078527198638767,,,,,,dqn,cartpole,sparse,0.01,0.99,0,
189,0.0,10,0.4046666666666666,5.823685569339432e-07,-0.0007763484609313309,0.0007706232136115432,,,,,,dqn,cartpole,sparse,0.01,0.99,0,
190,0.0,13,0.4015000000000001,2.878416012208618e-07,-0.0008339291671290994,0.0005766868125647306,,,,,,dqn,cartpole,sparse,0.01,0.99,0,
191,0.0,24,0.39833333333333343,3.2308591357832483e-07,-0.00043291421025060117,0.0006249633152037859,,,,,,dqn,cartpole,sparse,0.01,0.99,0,
192,0.0,22,0.39516666666666667,6.829607741565269e-07,-0.000463485048385337,0.000795840984210372,,,,,,dqn,cartpole,sparse,0.01,0.99,0,
193,0.0,17,0.392,2.963348606499494e-07,-0.0017139047849923372,0.0005302876816131175,,,,,,dqn,cartpole,sparse,0.01,0.99,0,
194,0.0,10,0.38883333333333336,6.285883955570171e-07,-0.0007178871310316026,0.0006742451805621386,,,,,,dqn,cartpole,sparse,0.01,0.99,0,
195,0.0,10,0.3856666666666667,6.582655487363809e-07,-0.0005157260457053781,0.00069860415533185,,,,,,dqn,cartpole,sparse,0.01,0.99,0,
196,0.0,9,0.38250000000000006,3.083872286424594e-07,-0.0004711493384093046,0.0006407733308151364,,,,,,dqn,cartpole,sparse,0.01,0.99,0,
197,0.0,12,0.3793333333333334,4.1553761320756166e-07,-0.0005178371793590486,0.0006922789616510272,,,,,,dqn,cartpole,sparse,0.01,0.99,0,
198,0.0,13,0.37616666666666676,4.958507133778767e-07,-0.0019743829034268856,0.0006740409880876541,,,,,,dqn,cartpole,sparse,0.01,0.99,0,
199,0.0,18,0.373,1.7082314229810436e-07,-0.0008961252169683576,0.00048346968833357096,,,,,,dqn,cartpole,sparse,0.01,0.99,0,
200,0.0,12,0.36983333333333335,4.0619769947625173e-07,-0.00014738598838448524,0.0006092143012210727,,,0.0,0.0,15.9,dqn,cartpole,sparse,0.01,0.99,0,
201,0.0,12,0.3666666666666667,3.1734523986415297e-07,-0.0006980755133554339,0.0005703403730876744,,,,,,dqn,cartpole,sparse,0.01,0.99,0,
202,0.0,21,0.36350000000000005,3.8805995927759795e-07,0.00030098611023277044,0.0006495800334960222,,,,,,dqn,cartpole,sparse,0.01,0.99,0,
203,0.0,19,0.3603333333333334,2.3005803484466014e-07,-6.587989628314972e-05,0.0005083067226223648,,,,,,dqn,cartpole,sparse,0.01,0.99,0,
204,0.0,19,0.35716666666666674,3.912828105967492e-07,-0.000647745153401047,0.000652242568321526,,,,,,dqn,cartpole,sparse,0.01,0.99,0,
205,0.0,11,0.354,2.712690161388309e-07,-0.0012729424051940441,0.0006113243871368468,,,,,,dqn,cartpole,sparse,0.01,0.99,0,
206,0.0,26,0.35083333333333333,3.689311824928154e-07,-0.0013309633359313011,0.0006322197150439024,,,,,,dqn,cartpole,sparse,0.01,0.99,0,
207,0.0,20,0.3476666666666667,1.1678716873575468e-06,-0.0008888598531484604,0.0007455842569470406,,,,,,dqn,cartpole,sparse,0.01,0.99,0,
208,0.0,17,0.34450000000000003,6.458345751525485e-07,-0.0010661568958312273,0.0006788388709537685,,,,,,dqn,cartpole,sparse,0.01,0.99,0,
209,0.0,13,0.3413333333333334,2.108869097128263e-07,-0.00061700155492872,0.0004969389410689473,,,,,,dqn,cartpole,sparse,0.01,0.99,0,
210,0.0,15,0.3381666666666667,5.472627435665345e-07,-0.0009878844721242785,0.0006450849468819797,,,,,,dqn,cartpole,sparse,0.01,0.99,0,
211,0.0,9,0.3350000000000001,5.176801778361551e-07,-0.0011759070912376046,0.0008447717409580946,,,,,,dqn,cartpole,sparse,0.01,0.99,0,
212,0.0,25,0.3318333333333333,3.03839044590859e-07,-0.0023885471746325493,0.0005815124604851007,,,,,,dqn,cartpole,sparse,0.01,0.99,0,
213,0.0,20,0.32866666666666666,5.628773465105041e-07,-0.0015026836190372705,0.0007540320511907339,,,,,,dqn,cartpole,sparse,0.01,0.99,0,
214,0.0,29,0.3255,4.472816215184139e-07,-0.0001448095281375572,0.0006990008987486362,,,,,,dqn,cartpole,sparse,0.01,0.99,0,
215,0.0,36,0.32233333333333336,7.562809969385853e-07,-0.002037301193922758,0.0008979658596217632,,,,,,dqn,cartpole,sparse,0.01,0.99,0,
216,0.0,13,0.3191666666666667,5.435249477159232e-07,0.0009049797081388533,0.0008134419331327081,,,,,,dqn,cartpole,sparse,0.01,0.99,0,
217,0.0,22,0.31600000000000006,5.910385425522691e-07,-0.00031827844213694334,0.0009203020017594099,,,,,,dqn,cartpole,sparse,0.01,0.99,0,
218,0.0,20,0.3128333333333333,1.282814650949149e-06,-0.0011576962424442172,0.0010814879788085818,,,,,,dqn,cartpole,sparse,0.01,0.99,0,
219,0.0,12,0.30966666666666665,1.0867656783375423e-06,-0.000130464366520755,0.0011135975364595652,,,,,,dqn,cartpole,sparse,0.01,0.99,0,
220,0.0,19,0.3065,5.21708898304496e-07,-0.0018256285693496466,0.0007937219925224781,,,,,,dqn,cartpole,sparse,0.01,0.99,0,
221,0.0,12,0.30333333333333345,1.0091240483234287e-06,0.00011097561218775809,0.0009077965514734387,,,,,,dqn,cartpole,sparse,0.01,0.99,0,
222,0.0,23,0.3001666666666667,4.877446713180689e-07,-0.001624616445042193,0.0007776872953400016,,,,,,dqn,cartpole,sparse,0.01,0.99,0,
223,0.0,24,0.29700000000000004,5.6623468935868e-07,-0.0005919183604419231,0.0007317043491639197,,,,,,dqn,cartpole,sparse,0.01,0.99,0,
224,0.0,11,0.2938333333333334,3.6538841641231556e-07,-0.0017757575260475278,0.0006069865776225924,,,,,,dqn,cartpole,sparse,0.01,0.99,0,
225,0.0,24,0.29066666666666663,3.4783926139425603e-07,-0.0012834207154810429,0.0006309758173301816,,,,,,dqn,cartpole,sparse,0.01,0.99,0,
226,0.0,11,0.2875000000000001,5.124801987221872e-07,-0.0008731603156775236,0.0006837924011051655,,,,,,dqn,cartpole,sparse,0.01,0.99,0,
227,0.0,26,0.28433333333333344,3.5805715015158057e-07,-0.00137328018900007,0.0006011769874021411,,,,,,dqn,cartpole,sparse,0.01,0.99,0,
228,0.0,27,0.2811666666666667,2.088694088797638e-07,-0.0016836861614137888,0.0004955724580213428,,,,,,dqn,cartpole,sparse,0.01,0.99,0,
229,0.0,13,0.278,2.3351381628344825e-07,-0.0005910411709919572,0.0004473822773434222,,,,,,dqn,cartpole,sparse,0.01,0.99,0,
230,0.0,18,0.2748333333333334,7.214134711830411e-07,-0.0011491337791085243,0.0006366665475070477,,,,,,dqn,cartpole,sparse,0.01,0.99,0,
231,0.0,10,0.2716666666666666,7.029782977951982e-07,-0.001201241509988904,0.0007055620662868023,,,,,,dqn,cartpole,sparse,0.01,0.99,0,
232,0.0,20,0.26850000000000007,2.9353236641327385e-07,-0.00037780037382617593,0.000524721690453589,,,,,,dqn,cartpole,sparse,0.01,0.99,0,
233,0.0,11,0.2653333333333334,1.4495883249310282e-07,-0.001692925812676549,0.0004373382544144988,,,,,,dqn,cartpole,sparse,0.01,0.99,0,
234,0.0,22,0.26216666666666677,3.3602179883018835e-07,-0.0007471573771908879,0.0006064779590815306,,,,,,dqn,cartpole,sparse,0.01,0.99,0,
235,0.0,16,0.259,1.4996987829363206e-07,-0.0015060928417369723,0.00043166798423044384,,,,,,dqn,cartpole,sparse,0.01,0.99,0,
236,0.0,16,0.25583333333333336,4.1669449046821683e-07,0.0004991122405044734,0.0006428189808502793,,,,,,dqn,cartpole,sparse,0.01,0.99,0,
237,0.0,22,0.2526666666666667,1.596218339727784e-07,-0.0005215070559643209,0.00044028699630871415,,,,,,dqn,cartpole,sparse,0.01,0.99,0,
238,0.0,27,0.24950000000000006,1.6995272744679824e-07,-0.0003312881162855774,0.0004652495845220983,,,,,,dqn,cartpole,sparse,0.01,0.99,0,
239,0.0,32,0.2463333333333334,2.7738528274312557e-07,-0.0018896502442657948,0.00048814137699082494,,,,,,dqn,cartpole,sparse,0.01,0.99,0,
240,0.0,11,0.24316666666666675,2.961652967314876e-07,-0.0011387374252080917,0.0005166686023585498,,,,,,dqn,cartpole,sparse,0.01,0.99,0,
241,0.0,21,0.24,2.422034981464094e-07,-0.0009688448626548052,0.0005264297942630947,,,,,,dqn,cartpole,sparse,0.01,0.99,0,
242,0.0,26,0.23683333333333334,7.790942504470877e-07,-0.0004651658528018743,0.0009018697310239077,,,,,,dqn,cartpole,sparse,0.01,0.99,0,
243,0.0,29,0.2336666666666667,5.153116831024818e-07,-0.0009778542444109917,0.000790195947047323,,,,,,dqn,cartpole,sparse,0.01,0.99,0,
244,0.0,23,0.23050000000000004,3.026707418030128e-07,-0.001687680254690349,0.0006103190826252103,,,,,,dqn,cartpole,sparse,0.01,0.99,0,
245,0.0,9,0.2273333333333334,4.470475403195451e-07,5.203687760513276e-05,0.000740084913559258,,,,,,dqn,cartpole,sparse,0.01,0.99,0,
246,0.0,22,0.22416666666666674,5.338769710760971e-07,-0.0011769146658480167,0.0008140533464029431,,,,,,dqn,cartpole,sparse,0.01,0.99,0,
247,0.0,9,0.22100000000000009,4.623215659194102e-07,-0.0006366235902532935,0.0005781782674603164,,,,,,dqn,cartpole,sparse,0.01,0.99,0,
248,0.0,30,0.21783333333333332,3.200375715550763e-07,-0.0009041991434060037,0.0005620055599138141,,,,,,dqn,cartpole,sparse,0.01,0.99,0,
249,0.0,24,0.21466666666666667,2.406502233043284e-07,-0.0018906048499047756,0.0005032212939113379,,,,,,dqn,cartpole,sparse,0.01,0.99,0,
250,0.0,10,0.21150000000000002,1.557909286020731e-07,-0.0013827579095959663,0.00042324449168518186,,,0.0,0.0,26.5,dqn,cartpole,sparse,0.01,0.99,0,
251,0.0,20,0.20833333333333337,1.7071010915969964e-06,-0.0016369018703699112,0.0007980485679581761,,,,,,dqn,cartpole,sparse,0.01,0.99,0,
252,0.0,32,0.20516666666666672,1.552588969389035e-06,-0.000995930633507669,0.0009681729134172201,,,,,,dqn,cartpole,sparse,0.01,0.99,0,
253,0.0,26,0.20200000000000007,1.2126788533350918e-05,0.00011642565368674695,0.0013719736598432064,,,,,,dqn,cartpole,sparse,0.01,0.99,0,
254,0.0,9,0.1988333333333333,1.088349108613329e-06,-0.0011989835184067488,0.0009432774386368692,,,,,,dqn,cartpole,sparse,0.01,0.99,0,
255,0.0,30,0.19566666666666666,2.555792661951273e-07,-0.0007326042396016419,0.0005710642435587943,,,,,,dqn,cartpole,sparse,0.01,0.99,0,
256,0.0,23,0.1925,9.719051377032883e-07,-0.0012960038147866726,0.0010764745529741049,,,,,,dqn,cartpole,sparse,0.01,0.99,0,
257,0.0,29,0.18933333333333335,8.159711342159426e-07,-0.0023250598460435867,0.001010705134831369,,,,,,dqn,cartpole,sparse,0.01,0.99,0,
258,0.0,35,0.1861666666666667,4.358852834229765e-07,-0.0004494974564295262,0.0007491447031497955,,,,,,dqn,cartpole,sparse,0.01,0.99,0,
259,0.0,18,0.18300000000000005,2.2678922562135995e-07,-0.001574336551129818,0.0005624113837257028,,,,,,dqn,cartpole,sparse,0.01,0.99,0,
260,0.0,10,0.1798333333333334,5.139197583048372e-07,-0.0001255199604202062,0.0007452162099070847,,,,,,dqn,cartpole,sparse,0.01,0.99,0,
261,0.0,20,0.17666666666666664,3.0782106819060573e-07,-0.0007641540723852813,0.0006087094079703093,,,,,,dqn,cartpole,sparse,0.01,0.99,0,
262,0.0,9,0.1735,4.2499976871113176e-07,-0.001252091838978231,0.0007846698281355202,,,,,,dqn,cartpole,sparse,0.01,0.99,0,
263,0.0,9,0.17033333333333345,2.727257140122674e-07,-0.0011607288615778089,0.000570793985389173,,,,,,dqn,cartpole,sparse,0.01,0.99,0,
264,0.0,21,0.16716666666666669,7.60556076784269e-07,-0.0007746517658233643,0.0008183715399354696,,,,,,dqn,cartpole,sparse,0.01,0.99,0,
265,0.0,27,0.16400000000000003,1.2301043170737103e-06,-0.00032783576170913875,0.0008995481766760349,,,,,,dqn,cartpole,sparse,0.01,0.99,0,
266,0.0,23,0.16083333333333338,4.66685406763645e-07,-0.0003254581242799759,0.0007939434144645929,,,,,,dqn,cartpole,sparse,0.01,0.99,0,
267,0.0,9,0.15766666666666662,2.822167175509094e-07,-0.0008584088645875454,0.000555919948965311,,,,,,dqn,cartpole,sparse,0.01,0.99,0,
268,0.0,23,0.15450000000000008,4.842431167162431e-07,-0.0011480238754302263,0.0007399540627375245,,,,,,dqn,cartpole,sparse,0.01,0.99,0,
269,0.0,30,0.15133333333333343,5.655293193740363e-07,-0.0008243780466727912,0.0007314929971471429,,,,,,dqn,cartpole,sparse,0.01,0.99,0,
270,0.0,28,0.14816666666666678,3.0083879209996667e-07,-0.001223909668624401,0.0006133468123152852,,,,,,dqn,cartpole,sparse,0.01,0.99,0,
271,0.0,26,0.14500000000000002,2.6598291924528894e-07,-0.0009338646195828915,0.0005492185009643435,,,,,,dqn,cartpole,sparse,0.01,0.99,0,
272,0.0,17,0.14183333333333337,2.9211332730483264e-07,-3.80229321308434e-05,0.00046707974979653955,,,,,,dqn,cartpole,sparse,0.01,0.99,0,
273,0.0,19,0.13866666666666672,4.70701849053512e-07,-0.0018855974776670337,0.0005863849073648453,,,,,,dqn,cartpole,sparse,0.01,0.99,0,
274,0.0,55,0.13550000000000006,1.5599187008774607e-07,-0.0010584916453808546,0.0004016966267954558,,,,,,dqn,cartpole,sparse,0.01,0.99,0,
275,0.0,15,0.1323333333333334,3.505442691675853e-07,-0.0021173066925257444,0.0006306618452072144,,,,,,dqn,cartpole,sparse,0.01,0.99,0,
276,0.0,61,0.12916666666666676,2.842387232249166e-07,-0.0001163277484010905,0.0005403372924774885,,,,,,dqn,cartpole,sparse,0.01,0.99,0,
277,0.0,18,0.126,2.700631966945366e-07,-0.0020186700858175755,0.00040240646922029555,,,,,,dqn,cartpole,sparse,0.01,0.99,0,
278,0.0,32,0.12283333333333335,1.987965418948079e-07,-0.00022561413061339408,0.0005061031552031636,,,,,,dqn,cartpole,sparse,0.01,0.99,0,
279,0.0,11,0.1196666666666667,1.135457978307386e-06,-0.0013054144801571965,0.0009959946619346738,,,,,,dqn,cartpole,sparse,0.01,0.99,0,
280,0.0,8,0.11650000000000005,5.730562406824902e-07,-0.0010001296177506447,0.0006236404879018664,,,,,,dqn,cartpole,sparse,0.01,0.99,0,
281,0.0,24,0.1133333333333334,6.82439235788479e-07,-0.0015459738206118345,0.0008407203713431954,,,,,,dqn,cartpole,sparse,0.01,0.99,0,
282,0.0,39,0.11016666666666675,5.493904495779134e-07,-0.0019265010487288237,0.0006459029973484576,,,,,,dqn,cartpole,sparse,0.01,0.99,0,
283,0.0,36,0.1070000000000001,9.912675977830077e-07,-0.0010164030827581882,0.0005940503324382007,,,,,,dqn,cartpole,sparse,0.01,0.99,0,
284,0.0,37,0.10383333333333333,4.6627218353023636e-07,-0.0011702117044478655,0.0006589558906853199,,,,,,dqn,cartpole,sparse,0.01,0.99,0,
285,0.0,10,0.10066666666666668,2.470199831350328e-07,-0.0007743550231680274,0.0005233905976638198,,,,,,dqn,cartpole,sparse,0.01,0.99,0,
286,0.0,17,0.09750000000000003,2.4376635110456846e-07,-0.0007644423749297857,0.0005214675911702216,,,,,,dqn,cartpole,sparse,0.01,0.99,0,
287,0.0,10,0.09433333333333338,1.9577963428218936e-07,0.00022524787345901132,0.0005399329820647836,,,,,,dqn,cartpole,sparse,0.01,0.99,0,
288,0.0,68,0.09116666666666673,3.849399377031659e-07,-0.0009732617763802409,0.0006715668132528663,,,,,,dqn,cartpole,sparse,0.01,0.99,0,
289,0.0,9,0.08800000000000008,2.834336783053004e-07,-0.0006740485550835729,0.0005634503322653472,,,,,,dqn,cartpole,sparse,0.01,0.99,0,
290,0.0,23,0.08483333333333332,1.7645953676037607e-07,-0.0016556349582970142,0.00046412114170379937,,,,,,dqn,cartpole,sparse,0.01,0.99,0,
291,0.0,21,0.08166666666666667,2.0326170613316208e-07,-2.2124149836599827e-06,0.0004936785553582013,,,,,,dqn,cartpole,sparse,0.01,0.99,0,
292,0.0,9,0.07850000000000001,4.884460054199735e-07,8.659882587380707e-05,0.0006460988661274314,,,,,,dqn,cartpole,sparse,0.01,0.99,0,
293,0.0,46,0.07533333333333336,2.4298876155626203e-07,-0.00042990955989807844,0.0005187306087464094,,,,,,dqn,cartpole,sparse,0.01,0.99,0,
294,0.0,11,0.07216666666666671,3.3757282835722435e-07,-0.0014477521181106567,0.0007188917370513082,,,,,,dqn,cartpole,sparse,0.01,0.99,0,
295,0.0,16,0.06900000000000006,3.478843666471221e-07,-0.0007686975877732038,0.0006995218573138118,,,,,,dqn,cartpole,sparse,0.01,0.99,0,
296,0.0,8,0.06583333333333341,2.626645425607421e-07,-0.0018644798547029495,0.0005718572065234184,,,,,,dqn,cartpole,sparse,0.01,0.99,0,
297,0.0,25,0.06266666666666665,3.6638385836340603e-07,-0.001429819269105792,0.0005686547374352813,,,,,,dqn,cartpole,sparse,0.01,0.99,0,
298,0.0,23,0.0595,2.899330411310075e-07,-0.0019219728419557214,0.00048136309487745166,,,,,,dqn,cartpole,sparse,0.01,0.99,0,
299,0.0,38,0.05633333333333346,2.3801452186944516e-07,-0.0007688555051572621,0.0005638072034344077,,,,,,dqn,cartpole,sparse,0.01,0.99,0,
300,0.0,20,0.053166666666666695,3.2133252148014435e-07,-0.00023678333673160523,0.0006268506404012442,,,0.0,0.0,24.9,dqn,cartpole,sparse,0.01,0.99,0,
301,0.0,19,0.050000000000000044,2.779714236567088e-07,-0.0015387283638119698,0.0005958644906058908,,,,,,dqn,cartpole,sparse,0.01,0.99,0,
302,0.0,18,0.050000000000000044,5.989243163639912e-07,-0.0018315748311579227,0.0006692693568766117,,,,,,dqn,cartpole,sparse,0.01,0.99,0,
303,0.0,24,0.050000000000000044,3.3100496921179e-07,-0.0006365606677718461,0.0006166620878502727,,,,,,dqn,cartpole,sparse,0.01,0.99,0,
304,0.0,26,0.050000000000000044,2.8591372824848804e-07,-0.001528018619865179,0.0005600524018518627,,,,,,dqn,cartpole,sparse,0.01,0.99,0,
305,0.0,24,0.050000000000000044,1.3104759943871613e-07,0.00032453142921440303,0.0004067046975251287,,,,,,dqn,cartpole,sparse,0.01,0.99,0,
306,0.0,31,0.050000000000000044,3.4629948686415446e-07,-0.0008972549112513661,0.000704820966348052,,,,,,dqn,cartpole,sparse,0.01,0.99,0,
307,0.0,39,0.050000000000000044,1.2127499360303773e-07,-0.000806485244538635,0.00034902547486126423,,,,,,dqn,cartpole,sparse,0.01,0.99,0,
308,0.0,52,0.050000000000000044,1.6354702836451906e-07,0.0005067517049610615,0.0004249409248586744,,,,,,dqn,cartpole,sparse,0.01,0.99,0,
309,0.0,16,0.050000000000000044,1.8243207478008117e-07,-0.0013603393454104662,0.0004313645185902715,,,,,,dqn,cartpole,sparse,0.01,0.99,0,
310,0.0,10,0.050000000000000044,1.2701647733592836e-07,-0.0008522924035787582,0.0003757908707484603,,,,,,dqn,cartpole,sparse,0.01,0.99,0,
311,0.0,57,0.050000000000000044,1.2390880499424384e-07,-0.0010008788667619228,0.00035561161348596215,,,,,,dqn,cartpole,sparse,0.01,0.99,0,
312,0.0,66,0.050000000000000044,1.6361498182959622e-06,-0.0010258516995236278,0.001099053886719048,,,,,,dqn,cartpole,sparse,0.01,0.99,0,
313,0.0,9,0.050000000000000044,6.461802968260599e-07,-0.0006098339217714965,0.0007331348024308681,,,,,,dqn,cartpole,sparse,0.01,0.99,0,
314,0.0,21,0.050000000000000044,2.421671467800479e-07,-0.00036201937473379076,0.0005696099251508713,,,,,,dqn,cartpole,sparse,0.01,0.99,0,
315,0.0,19,0.050000000000000044,5.562515070778318e-06,-0.000673287664540112,0.001183647895231843,,,,,,dqn,cartpole,sparse,0.01,0.99,0,
316,0.0,26,0.050000000000000044,9.56961002884782e-07,-0.002167905680835247,0.00094892259221524,,,,,,dqn,cartpole,sparse,0.01,0.99,0,
317,0.0,8,0.050000000000000044,2.888402832468273e-06,-0.0012551199179142714,0.0007291447254829109,,,,,,dqn,cartpole,sparse,0.01,0.99,0,
318,0.0,28,0.050000000000000044,1.9780611637543188e-07,-0.0012579059693962336,0.0005029888707213104,,,,,,dqn,cartpole,sparse,0.01,0.99,0,
319,0.0,22,0.050000000000000044,9.365735422761645e-07,-0.0012946375645697117,0.001040186150930822,,,,,,dqn,cartpole,sparse,0.01,0.99,0,
320,0.0,83,0.050000000000000044,9.374928140459815e-07,-0.0016835466958582401,0.000909033406060189,,,,,,dqn,cartpole,sparse,0.01,0.99,0,
321,0.0,23,0.050000000000000044,1.3310364010976627e-06,-0.002080515492707491,0.0011545568704605103,,,,,,dqn,cartpole,sparse,0.01,0.99,0,
322,0.0,26,0.050000000000000044,5.961098850093549e-07,-0.0007301430450752378,0.0008217875147238374,,,,,,dqn,cartpole,sparse,0.01,0.99,0,
323,0.0,26,0.050000000000000044,7.404010489153734e-07,-0.0006696357158944011,0.0007621057447977364,,,,,,dqn,cartpole,sparse,0.01,0.99,0,
324,0.0,24,0.050000000000000044,6.943404855519475e-07,-0.0014521714765578508,0.0007864088984206319,,,,,,dqn,cartpole,sparse,0.01,0.99,0,
325,0.0,29,0.050000000000000044,8.179052883861004e-07,-0.00071178306825459,0.0008800179930403829,,,,,,dqn,cartpole,sparse,0.01,0.99,0,
326,0.0,11,0.050000000000000044,2.739633941928332e-07,-0.0005187321221455932,0.0005567673360928893,,,,,,dqn,cartpole,sparse,0.01,0.99,0,
327,0.0,15,0.050000000000000044,3.8670177104904724e-07,-0.001107279909774661,0.0006243701791390777,,,,,,dqn,cartpole,sparse,0.01,0.99,0,
328,0.0,9,0.050000000000000044,1.870698440598062e-07,-0.0014752871356904507,0.00042621075408533216,,,,,,dqn,cartpole,sparse,0.01,0.99,0,
329,0.0,22,0.050000000000000044,2.2635934726622509e-07,-0.0009789797477424145,0.000488403020426631,,,,,,dqn,cartpole,sparse,0.01,0.99,0,
330,0.0,12,0.050000000000000044,1.9593807110140915e-07,-0.0006412170478142798,0.000501411035656929,,,,,,dqn,cartpole,sparse,0.01,0.99,0,
331,0.0,17,0.050000000000000044,4.129726676183054e-07,-0.0014702932676300406,0.0006955558201298118,,,,,,dqn,cartpole,sparse,0.01,0.99,0,
332,0.0,26,0.050000000000000044,1.7077377378882375e-07,-0.0005378571804612875,0.00047408021055161953,,,,,,dqn,cartpole,sparse,0.01,0.99,0,
333,0.0,19,0.050000000000000044,1.956250628154521e-07,-0.0014304345240816474,0.0005538999103009701,,,,,,dqn,cartpole,sparse,0.01,0.99,0,
334,0.0,32,0.050000000000000044,2.3921057845655014e-07,-0.0007196374936029315,0.0004343257751315832,,,,,,dqn,cartpole,sparse,0.01,0.99,0,
335,0.0,16,0.050000000000000044,1.6783931755526282e-07,-0.0006362511776387691,0.0003833827213384211,,,,,,dqn,cartpole,sparse,0.01,0.99,0,
336,0.0,123,0.050000000000000044,1.7309798749920446e-07,-0.00046326188021339476,0.0004440976190380752,,,,,,dqn,cartpole,sparse,0.01,0.99,0,
337,0.0,29,0.050000000000000044,1.2987042907752766e-07,-0.0007834707503207028,0.0003000530123244971,,,,,,dqn,cartpole,sparse,0.01,0.99,0,
338,0.0,16,0.050000000000000044,1.093185773015648e-07,-0.000820966437458992,0.00035720353480428457,,,,,,dqn,cartpole,sparse,0.01,0.99,0,
339,0.0,60,0.050000000000000044,7.945579909574008e-07,-0.0010788834188133478,0.0009558878373354673,,,,,,dqn,cartpole,sparse,0.01,0.99,0,
340,0.0,29,0.050000000000000044,6.54061636851111e-07,-0.0003006548504345119,0.0006722395191900432,,,,,,dqn,cartpole,sparse,0.01,0.99,0,
341,0.0,23,0.050000000000000044,6.620888370889588e-07,1.3257638784125447e-05,0.0006116620497778058,,,,,,dqn,cartpole,sparse,0.01,0.99,0,
342,0.0,23,0.050000000000000044,3.661222649498086e-07,0.000128429033793509,0.0006699629593640566,,,,,,dqn,cartpole,sparse,0.01,0.99,0,
343,0.0,23,0.050000000000000044,4.356516001280397e-07,-0.0004235830856487155,0.0006912152748554945,,,,,,dqn,cartpole,sparse,0.01,0.99,0,
344,0.0,20,0.050000000000000044,2.381000996365401e-07,-0.00021030075731687248,0.0005608254577964544,,,,,,dqn,cartpole,sparse,0.01,0.99,0,
345,0.0,24,0.050000000000000044,3.5055592206845176e-07,-6.383157597156242e-05,0.0006370865739881992,,,,,,dqn,cartpole,sparse,0.01,0.99,0,
346,0.0,21,0.050000000000000044,3.9880279700810206e-07,-0.0002649799862410873,0.0005323057412169874,,,,,,dqn,cartpole,sparse,0.01,0.99,0,
347,0.0,20,0.050000000000000044,1.8986077066074358e-07,-0.00018070916121359915,0.0005254170391708612,,,,,,dqn,cartpole,sparse,0.01,0.99,0,
348,0.0,25,0.050000000000000044,1.2070908894656895e-07,-0.0004884229856543243,0.0003430861688684672,,,,,,dqn,cartpole,sparse,0.01,0.99,0,
349,0.0,11,0.050000000000000044,5.23494847470829e-08,-0.0006523514166474342,0.0002546805189922452,,,,,,dqn,cartpole,sparse,0.01,0.99,0,
350,0.0,21,0.050000000000000044,1.188493428116999e-07,-0.0006465519545599818,0.00037486065411940217,,,0.0,0.0,37.8,dqn,cartpole,sparse,0.01,0.99,0,
351,0.0,18,0.050000000000000044,1.664400031131663e-07,0.0002694142749533057,0.0003708795120473951,,,,,,dqn,cartpole,sparse,0.01,0.99,0,
352,0.0,23,0.050000000000000044,3.6552097526509897e-07,-0.0011266365181654692,0.0006633398006670177,,,,,,dqn,cartpole,sparse,0.01,0.99,0,
353,0.0,25,0.050000000000000044,1.1295251169940457e-06,0.0004342719621490687,0.0006370933842845261,,,,,,dqn,cartpole,sparse,0.01,0.99,0,
354,0.0,72,0.050000000000000044,1.5170220990512462e-07,-0.0009382170392200351,0.00035221330472268164,,,,,,dqn,cartpole,sparse,0.01,0.99,0,
355,0.0,28,0.050000000000000044,2.451764657962485e-07,-0.00034462515031918883,0.000527743948623538,,,,,,dqn,cartpole,sparse,0.01,0.99,0,
356,0.0,25,0.050000000000000044,1.181461399824002e-07,-0.0002869244199246168,0.00036315119359642267,,,,,,dqn,cartpole,sparse,0.01,0.99,0,
357,0.0,23,0.050000000000000044,1.1748642947395638e-07,-0.000389909342629835,0.00035628079785965383,,,,,,dqn,cartpole,sparse,0.01,0.99,0,
358,0.0,12,0.050000000000000044,7.479550845346239e-08,-0.0012117172591388226,0.000264979200437665,,,,,,dqn,cartpole,sparse,0.01,0.99,0,
359,0.0,15,0.050000000000000044,1.278597920872926e-07,0.00019531416182871908,0.00036512603401206434,,,,,,dqn,cartpole,sparse,0.01,0.99,0,
360,0.0,31,0.050000000000000044,6.590983048226917e-08,-0.00013451161794364452,0.00028653262415900826,,,,,,dqn,cartpole,sparse,0.01,0.99,0,
361,0.0,40,0.050000000000000044,8.167408083181726e-08,-0.00121974921785295,0.0003086035721935332,,,,,,dqn,cartpole,sparse,0.01,0.99,0,
362,0.0,9,0.050000000000000044,1.3920887909080193e-07,-0.0010136879282072186,0.0003656490589492023,,,,,,dqn,cartpole,sparse,0.01,0.99,0,
363,0.0,24,0.050000000000000044,6.889582948588213e-08,-0.0005357731133699417,0.00031845271587371826,,,,,,dqn,cartpole,sparse,0.01,0.99,0,
364,0.0,28,0.050000000000000044,1.7916289607455838e-07,-0.0007926453836262226,0.00040335761150345206,,,,,,dqn,cartpole,sparse,0.01,0.99,0,
365,0.0,27,0.050000000000000044,1.1617181172596247e-07,-0.0006991361733525991,0.00041376601438969374,,,,,,dqn,cartpole,sparse,0.01,0.99,0,
366,0.0,41,0.050000000000000044,6.106958494456194e-08,-0.00033962135785259306,0.0002592083183117211,,,,,,dqn,cartpole,sparse,0.01,0.99,0,
367,0.0,13,0.050000000000000044,1.6025605020786315e-07,-0.0005870499298907816,0.00038837658939883113,,,,,,dqn,cartpole,sparse,0.01,0.99,0,
368,0.0,66,0.050000000000000044,6.280718878315383e-08,-0.0002948948822449893,0.0002520059933885932,,,,,,dqn,cartpole,sparse,0.01,0.99,0,
369,0.0,26,0.050000000000000044,8.55713437886152e-08,0.0010830463143065572,0.00021759537048637867,,,,,,dqn,cartpole,sparse,0.01,0.99,0,
370,0.0,10,0.050000000000000044,5.052424256746235e-08,-0.0004315540427342057,0.0002284273214172572,,,,,,dqn,cartpole,sparse,0.01,0.99,0,
371,0.0,10,0.050000000000000044,8.928156347565164e-08,-0.00023157420218922198,0.0002717153402045369,,,,,,dqn,cartpole,sparse,0.01,0.99,0,
372,0.0,33,0.050000000000000044,6.68949553528364e-07,-0.0013379796873778105,0.0008127958280965686,,,,,,dqn,cartpole,sparse,0.01,0.99,0,
373,0.0,26,0.050000000000000044,1.0601445410429733e-06,-0.0009497648570686579,0.0007645594305358827,,,,,,dqn,cartpole,sparse,0.01,0.99,0,
374,0.0,27,0.050000000000000044,5.524796620193229e-07,-0.0012444587191566825,0.0008564350428059697,,,,,,dqn,cartpole,sparse,0.01,0.99,0,
375,0.0,25,0.050000000000000044,4.687905743594456e-07,5.758462066296488e-05,0.0007779151201248169,,,,,,dqn,cartpole,sparse,0.01,0.99,0,
376,0.0,62,0.050000000000000044,1.371640792058315e-07,-0.0003011779335793108,0.0003383540315553546,,,,,,dqn,cartpole,sparse,0.01,0.99,0,
377,0.0,8,0.050000000000000044,2.6747738957055844e-07,-0.0002582517045084387,0.0006024121539667249,,,,,,dqn,cartpole,sparse,0.01,0.99,0,
378,0.0,24,0.050000000000000044,1.3953666666566278e-07,0.00037251258618198335,0.00042309804121032357,,,,,,dqn,cartpole,sparse,0.01,0.99,0,
379,0.0,16,0.050000000000000044,1.7715760236569622e-07,-9.592360584065318e-05,0.0004509711288847029,,,,,,dqn,cartpole,sparse,0.01,0.99,0,
380,0.0,28,0.050000000000000044,1.0973846542583487e-07,-0.0009893523529171944,0.00037707496085204184,,,,,,dqn,cartpole,sparse,0.01,0.99,0,
381,0.0,10,0.050000000000000044,8.11623550589502e-08,-0.0001921719522215426,0.00028195229242555797,,,,,,dqn,cartpole,sparse,0.01,0.99,0,
382,0.0,17,0.050000000000000044,8.617666935606394e-08,-0.0005915090441703796,0.00031379651045426726,,,,,,dqn,cartpole,sparse,0.01,0.99,0,
383,0.0,25,0.050000000000000044,7.92515351122347e-08,-0.0011602924205362797,0.00026366845122538507,,,,,,dqn,cartpole,sparse,0.01,0.99,0,
384,0.0,20,0.050000000000000044,4.454866200376273e-07,-0.0003423130256123841,0.00045491172932088375,,,,,,dqn,cartpole,sparse,0.01,0.99,0,
385,0.0,20,0.050000000000000044,1.2164615270648937e-07,-0.00033125022309832275,0.00042170551023446023,,,,,,dqn,cartpole,sparse,0.01,0.99,0,
386,0.0,28,0.050000000000000044,3.47074774253997e-07,-0.0009592881542630494,0.0005049156025052071,,,,,,dqn,cartpole,sparse,0.01,0.99,0,
387,0.0,10,0.050000000000000044,1.0150199614145095e-07,-0.00048614584375172853,0.0003203490050509572,,,,,,dqn,cartpole,sparse,0.01,0.99,0,
388,0.0,19,0.050000000000000044,5.04509898746619e-07,-0.0002876932267099619,0.0005416543572209775,,,,,,dqn,cartpole,sparse,0.01,0.99,0,
389,0.0,10,0.050000000000000044,4.284385397568258e-07,-0.0010655411751940846,0.0006829678313806653,,,,,,dqn,cartpole,sparse,0.01,0.99,0,
390,0.0,19,0.050000000000000044,5.639186611006153e-07,-0.0007215759251266718,0.0005390138830989599,,,,,,dqn,cartpole,sparse,0.01,0.99,0,
391,0.0,32,0.050000000000000044,1.368953235214576e-07,-0.0009221896762028337,0.00040492898551747203,,,,,,dqn,cartpole,sparse,0.01,0.99,0,
392,0.0,25,0.050000000000000044,4.2915027620438195e-07,-0.0006035390542820096,0.0005783586530014873,,,,,,dqn,cartpole,sparse,0.01,0.99,0,
393,0.0,23,0.050000000000000044,5.011809207644546e-07,6.657332414761186e-05,0.0004937404301017523,,,,,,dqn,cartpole,sparse,0.01,0.99,0,
394,0.0,22,0.050000000000000044,6.29305532129365e-07,-0.0006603997899219394,0.00045869758469052613,,,,,,dqn,cartpole,sparse,0.01,0.99,0,
395,0.0,76,0.050000000000000044,2.2135978383630572e-07,-0.001264850958250463,0.0004579253145493567,,,,,,dqn,cartpole,sparse,0.01,0.99,0,
396,0.0,9,0.050000000000000044,2.0764358055203047e-07,-0.0010525245452299714,0.00047627577441744506,,,,,,dqn,cartpole,sparse,0.01,0.99,0,
397,0.0,12,0.050000000000000044,7.955229648359818e-07,-0.0006630035350099206,0.000860019470565021,,,,,,dqn,cartpole,sparse,0.01,0.99,0,
398,0.0,8,0.050000000000000044,6.472598670370644e-07,-0.0007872283458709717,0.0008550542406737804,,,,,,dqn,cartpole,sparse,0.01,0.99,0,
399,0.0,26,0.050000000000000044,4.7437924877158366e-07,0.0005683462368324399,0.0008146371692419052,,,,,,dqn,cartpole,sparse,0.01,0.99,0,
400,0.0,22,0.050000000000000044,2.787988364616467e-07,-0.0007971269660629332,0.0006216963520273566,,,0.0,0.0,75.6,dqn,cartpole,sparse,0.01,0.99,0,
401,0.0,15,0.050000000000000044,2.8513474603641953e-07,-0.000537049607373774,0.0004585774731822312,,,,,,dqn,cartpole,sparse,0.01,0.99,0,
402,0.0,19,0.050000000000000044,3.507102803723683e-07,-0.00032421326613985,0.0006935027195140719,,,,,,dqn,cartpole,sparse,0.01,0.99,0,
403,0.0,17,0.050000000000000044,6.304493922471011e-07,0.00012133529526181519,0.0004959538346156478,,,,,,dqn,cartpole,sparse,0.01,0.99,0,
404,0.0,25,0.050000000000000044,3.118632889709261e-07,-0.0005439053638838232,0.0003991883131675422,,,,,,dqn,cartpole,sparse,0.01,0.99,0,
405,0.0,29,0.050000000000000044,1.1647925646229851e-07,-0.0009245206601917744,0.0003172561409883201,,,,,,dqn,cartpole,sparse,0.01,0.99,0,
406,0.0,26,0.050000000000000044,2.2693157575304213e-07,-2.7360147214494646e-05,0.0005778774502687156,,,,,,dqn,cartpole,sparse,0.01,0.99,0,
407,0.0,22,0.050000000000000044,2.0307362547100638e-07,-5.181832239031792e-05,0.00046860252041369677,,,,,,dqn,cartpole,sparse,0.01,0.99,0,
408,0.0,10,0.050000000000000044,5.026639371408237e-08,-0.0007363625336438417,0.00022638501832261682,,,,,,dqn,cartpole,sparse,0.01,0.99,0,
409,0.0,21,0.050000000000000044,2.2356138629220368e-07,-0.0011740726185962558,0.0005098178517073393,,,,,,dqn,cartpole,sparse,0.01,0.99,0,
410,0.0,22,0.050000000000000044,1.482468974245421e-07,-0.00034768442856147885,0.0004226953606121242,,,,,,dqn,cartpole,sparse,0.01,0.99,0,
411,0.0,23,0.050000000000000044,1.0151312324069295e-07,-0.0007312069647014141,0.00035891326842829585,,,,,,dqn,cartpole,sparse,0.01,0.99,0,
412,0.0,28,0.050000000000000044,9.638108622311847e-07,0.0006007554475218058,0.000778167974203825,,,,,,dqn,cartpole,sparse,0.01,0.99,0,
413,0.0,24,0.050000000000000044,4.056909119753982e-07,-0.0006945827044546604,0.0007239419501274824,,,,,,dqn,cartpole,sparse,0.01,0.99,0,
414,0.0,24,0.050000000000000044,7.577925771329319e-07,-0.00045790139120072126,0.0009560293983668089,,,,,,dqn,cartpole,sparse,0.01,0.99,0,
415,0.0,64,0.050000000000000044,2.436596560073667e-07,-0.001573513844050467,0.0005295420996844769,,,,,,dqn,cartpole,sparse,0.01,0.99,0,
416,0.0,10,0.050000000000000044,6.874260520817188e-07,0.00014576371177099645,0.0006834467058070004,,,,,,dqn,cartpole,sparse,0.01,0.99,0,
417,0.0,21,0.050000000000000044,1.2579293695580418e-07,-0.0007386363577097654,0.00036176107823848724,,,,,,dqn,cartpole,sparse,0.01,0.99,0,
418,0.0,22,0.050000000000000044,1.376267391606234e-06,0.00014294826542027295,0.0007890203269198537,,,,,,dqn,cartpole,sparse,0.01,0.99,0,
419,0.0,19,0.050000000000000044,3.2052690812633955e-07,-0.0007634454523213208,0.0004838613676838577,,,,,,dqn,cartpole,sparse,0.01,0.99,0,
420,0.0,26,0.050000000000000044,1.8774974819280033e-07,-0.00039717325125820935,0.0004323589091654867,,,,,,dqn,cartpole,sparse,0.01,0.99,0,
421,0.0,14,0.050000000000000044,7.084319122441229e-07,-0.0005250468384474516,0.0007614301866851747,,,,,,dqn,cartpole,sparse,0.01,0.99,0,
422,0.0,24,0.050000000000000044,1.026851350616198e-06,5.223910557106137e-05,0.0007009267574176192,,,,,,dqn,cartpole,sparse,0.01,0.99,0,
423,0.0,26,0.050000000000000044,8.756535407883348e-08,-0.000334268988808617,0.00031128208502195776,,,,,,dqn,cartpole,sparse,0.01,0.99,0,
424,0.0,22,0.050000000000000044,1.2605381982666586e-07,-0.0005945818265900016,0.0004451859276741743,,,,,,dqn,cartpole,sparse,0.01,0.99,0,
425,0.0,25,0.050000000000000044,2.6397376018394425e-07,0.00011284912761766464,0.00046434366959147155,,,,,,dqn,cartpole,sparse,0.01,0.99,0,
426,0.0,25,0.050000000000000044,2.453717229400354e-07,-0.00012684454850386828,0.0004599888052325696,,,,,,dqn,cartpole,sparse,0.01,0.99,0,
427,0.0,22,0.050000000000000044,2.0479315310240054e-07,-0.0006339888204820454,0.00047995918430387974,,,,,,dqn,cartpole,sparse,0.01,0.99,0,
428,0.0,20,0.050000000000000044,2.480343255228945e-07,-5.4514239309355617e-05,0.0005222591571509838,,,,,,dqn,cartpole,sparse,0.01,0.99,0,
429,0.0,23,0.050000000000000044,1.7171308286378917e-07,0.00013170983584132046,0.00036062602885067463,,,,,,dqn,cartpole,sparse,0.01,0.99,0,
430,0.0,23,0.050000000000000044,2.379555610332318e-07,-0.0005131361540406942,0.0005772312870249152,,,,,,dqn,cartpole,sparse,0.01,0.99,0,
431,0.0,57,0.050000000000000044,1.9428168229751464e-07,0.00017089382163248956,0.0002986181643791497,,,,,,dqn,cartpole,sparse,0.01,0.99,0,
432,0.0,25,0.050000000000000044,1.8758775865990174e-07,-0.0005168050993233919,0.0004919770872220397,,,,,,dqn,cartpole,sparse,0.01,0.99,0,
433,0.0,13,0.050000000000000044,1.2410345107127796e-07,0.00018731079762801528,0.0003409222699701786,,,,,,dqn,cartpole,sparse,0.01,0.99,0,
434,0.0,20,0.050000000000000044,3.2613104394840775e-07,-6.296888750512153e-05,0.0003089697565883398,,,,,,dqn,cartpole,sparse,0.01,0.99,0,
435,0.0,64,0.050000000000000044,5.92253115883068e-07,0.00023278042499441653,0.00037590315332636237,,,,,,dqn,cartpole,sparse,0.01,0.99,0,
436,0.0,16,0.050000000000000044,7.228283038784866e-08,0.0001723647874314338,0.000308944727294147,,,,,,dqn,cartpole,sparse,0.01,0.99,0,
437,0.0,26,0.050000000000000044,1.1687119894077114e-07,0.0002002664696192369,0.0003463387838564813,,,,,,dqn,cartpole,sparse,0.01,0.99,0,
438,0.0,23,0.050000000000000044,1.4911928758465365e-07,0.00014931792975403368,0.00034090515691787004,,,,,,dqn,cartpole,sparse,0.01,0.99,0,
439,0.0,18,0.050000000000000044,2.0553436286263604e-07,0.0002625666093081236,0.0004086351837031543,,,,,,dqn,cartpole,sparse,0.01,0.99,0,
440,0.0,20,0.050000000000000044,8.747866786507075e-08,0.0001559186785016209,0.0002754043962340802,,,,,,dqn,cartpole,sparse,0.01,0.99,0,
441,0.0,17,0.050000000000000044,4.983963890481391e-07,0.000498215842526406,0.0006139934994280338,,,,,,dqn,cartpole,sparse,0.01,0.99,0,
442,0.0,24,0.050000000000000044,3.2295264418280567e-07,0.0005068345926702023,0.00042994404793716967,,,,,,dqn,cartpole,sparse,0.01,0.99,0,
443,0.0,54,0.050000000000000044,6.048317118256819e-07,0.0005291270790621638,0.000350156711647287,,,,,,dqn,cartpole,sparse,0.01,0.99,0,
444,0.0,9,0.050000000000000044,2.0522679733403493e-07,0.0009021396981552243,0.00037072968552820385,,,,,,dqn,cartpole,sparse,0.01,0.99,0,
445,0.0,18,0.050000000000000044,1.9096920311767462e-07,0.00014016521163284779,0.0003325777070131153,,,,,,dqn,cartpole,sparse,0.01,0.99,0,
446,0.0,9,0.050000000000000044,1.4979711693285935e-07,-1.624543801881373e-05,0.00039051478961482644,,,,,,dqn,cartpole,sparse,0.01,0.99,0,
447,0.0,24,0.050000000000000044,4.431634792467776e-08,-0.00020329857943579555,0.00024638272589072585,,,,,,dqn,cartpole,sparse,0.01,0.99,0,
448,0.0,52,0.050000000000000044,1.0815688256116118e-07,-0.0007884524529799819,0.00025088380789384246,,,,,,dqn,cartpole,sparse,0.01,0.99,0,
449,0.0,58,0.050000000000000044,8.854840416461229e-08,0.0005428957520052791,0.00017777568427845836,,,,,,dqn,cartpole,sparse,0.01,0.99,0,
450,0.0,64,0.050000000000000044,2.6982581857737387e-07,0.0006816851673647761,0.0005750352283939719,,,0.0,0.0,9.4,dqn,cartpole,sparse,0.01,0.99,0,
451,0.0,24,0.050000000000000044,7.257719403241936e-08,6.605724047403783e-05,0.00031422130996361375,,,,,,dqn,cartpole,sparse,0.01,0.99,0,
452,0.0,17,0.050000000000000044,9.678753798425532e-08,0.00046820950228720903,0.00019943708321079612,,,,,,dqn,cartpole,sparse,0.01,0.99,0,
453,0.0,18,0.050000000000000044,7.427242110225052e-08,-0.00021417099924292415,0.0003468747599981725,,,,,,dqn,cartpole,sparse,0.01,0.99,0,
454,0.0,26,0.050000000000000044,7.599151530257586e-08,-0.00027931801741942763,0.00032930885208770633,,,,,,dqn,cartpole,sparse,0.01,0.99,0,
455,0.0,22,0.050000000000000044,2.7762436616285413e-07,0.00012649860582314432,0.0003853522939607501,,,,,,dqn,cartpole,sparse,0.01,0.99,0,
456,0.0,21,0.050000000000000044,1.449761128924365e-07,0.0007469767006114125,0.00035967983421869576,,,,,,dqn,cartpole,sparse,0.01,0.99,0,
457,0.0,46,0.050000000000000044,8.335049983543286e-08,0.0002087706234306097,0.00027044216403737664,,,,,,dqn,cartpole,sparse,0.01,0.99,0,
458,0.0,27,0.050000000000000044,3.6647213619289687e-07,0.0005848104483447969,0.000510058889631182,,,,,,dqn,cartpole,sparse,0.01,0.99,0,
459,0.0,21,0.050000000000000044,1.2989784181627329e-07,0.0006705552223138511,0.00040144799277186394,,,,,,dqn,cartpole,sparse,0.01,0.99,0,
460,0.0,20,0.050000000000000044,5.03499464343804e-08,-9.919051080942154e-05,0.00026227787020616233,,,,,,dqn,cartpole,sparse,0.01,0.99,0,
461,0.0,19,0.050000000000000044,2.553323383835959e-07,0.001328642712906003,0.0006295099155977368,,,,,,dqn,cartpole,sparse,0.01,0.99,0,
462,0.0,16,0.050000000000000044,1.1293781909671452e-07,0.0006364923901855946,0.00040097167948260903,,,,,,dqn,cartpole,sparse,0.01,0.99,0,
463,0.0,43,0.050000000000000044,1.93028824924113e-07,0.0001657684479141608,0.00041495219920761883,,,,,,dqn,cartpole,sparse,0.01,0.99,0,
464,0.0,18,0.050000000000000044,1.3370738827234163e-07,0.00043183137313462794,0.0004006473463959992,,,,,,dqn,cartpole,sparse,0.01,0.99,0,
465,0.0,21,0.050000000000000044,1.8079543906424078e-07,-9.921881428454071e-05,0.0004838674794882536,,,,,,dqn,cartpole,sparse,0.01,0.99,0,
466,0.0,26,0.050000000000000044,2.809154011629289e-07,0.00017459412629250437,0.00037871161475777626,,,,,,dqn,cartpole,sparse,0.01,0.99,0,
467,0.0,16,0.050000000000000044,2.1306195208126155e-07,-0.0004179860115982592,0.0003989971010014415,,,,,,dqn,cartpole,sparse,0.01,0.99,0,
468,0.0,10,0.050000000000000044,1.5698702782174223e-07,0.0007418153109028935,0.0002854824415408075,,,,,,dqn,cartpole,sparse,0.01,0.99,0,
469,0.0,21,0.050000000000000044,5.607582806987921e-07,-0.0005371688748709857,0.000985642895102501,,,,,,dqn,cartpole,sparse,0.01,0.99,0,
470,0.0,12,0.050000000000000044,4.1433739284002513e-07,0.0003637754125520587,0.0007501792861148715,,,,,,dqn,cartpole,sparse,0.01,0.99,0,
471,0.0,37,0.050000000000000044,1.96824316844868e-07,0.0008980952552519739,0.0005414586630649865,,,,,,dqn,cartpole,sparse,0.01,0.99,0,
472,0.0,14,0.050000000000000044,1.6153755950654158e-06,0.001016059541143477,0.0009953163098543882,,,,,,dqn,cartpole,sparse,0.01,0.99,0,
473,0.0,27,0.050000000000000044,2.837037413883081e-07,-0.00026980353868566453,0.0006504975026473403,,,,,,dqn,cartpole,sparse,0.01,0.99,0,
474,0.0,31,0.050000000000000044,4.330369392846478e-06,0.0012546987272799015,0.0011186262127012014,,,,,,dqn,cartpole,sparse,0.01,0.99,0,
475,0.0,12,0.050000000000000044,6.8027111410629e-07,0.0008732214337214828,0.0011243923800066113,,,,,,dqn,cartpole,sparse,0.01,0.99,0,
476,0.0,23,0.050000000000000044,6.817026587668806e-07,0.0006061445455998182,0.000883241300471127,,,,,,dqn,cartpole,sparse,0.01,0.99,0,
477,0.0,21,0.050000000000000044,5.018839033255063e-07,-0.000857029517646879,0.0008767661638557911,,,,,,dqn,cartpole,sparse,0.01,0.99,0,
478,0.0,32,0.050000000000000044,7.133804729164694e-07,0.001207937253639102,0.0011464065173640847,,,,,,dqn,cartpole,sparse,0.01,0.99,0,
479,0.0,38,0.050000000000000044,8.34922730064136e-07,0.0002140674478141591,0.001126189366914332,,,,,,dqn,cartpole,sparse,0.01,0.99,0,
480,0.0,23,0.050000000000000044,3.660998117993586e-07,-0.0002373838797211647,0.0006017743144184351,,,,,,dqn,cartpole,sparse,0.01,0.99,0,
481,0.0,21,0.050000000000000044,4.7002538394735893e-07,-0.0006083520129323006,0.0007804480846971273,,,,,,dqn,cartpole,sparse,0.01,0.99,0,
482,0.0,24,0.050000000000000044,1.3145935326974723e-06,0.0001454782031942159,0.0007294826791621745,,,,,,dqn,cartpole,sparse,0.01,0.99,0,
483,0.0,24,0.050000000000000044,3.254508271766099e-07,0.0006106133805587888,0.0006462907185778022,,,,,,dqn,cartpole,sparse,0.01,0.99,0,
484,0.0,10,0.050000000000000044,9.59393773314332e-08,3.546022344380617e-05,0.00032752950210124254,,,,,,dqn,cartpole,sparse,0.01,0.99,0,
485,0.0,10,0.050000000000000044,2.391522286870895e-07,0.0004685278981924057,0.00045116720139048994,,,,,,dqn,cartpole,sparse,0.01,0.99,0,
486,0.0,18,0.050000000000000044,1.860315705926041e-07,0.00017569205374456942,0.00043319756514392793,,,,,,dqn,cartpole,sparse,0.01,0.99,0,
487,0.0,23,0.050000000000000044,7.419848770950921e-07,0.0011449537705630064,0.000665277533698827,,,,,,dqn,cartpole,sparse,0.01,0.99,0,
488,0.0,17,0.050000000000000044,9.857222948994604e-08,-0.00010094461322296411,0.00024843381834216416,,,,,,dqn,cartpole,sparse,0.01,0.99,0,
489,0.0,21,0.050000000000000044,6.437306865336723e-08,-0.00012106582289561629,0.00021762255346402526,,,,,,dqn,cartpole,sparse,0.01,0.99,0,
490,0.0,27,0.050000000000000044,1.9235761783420458e-07,0.000540859648026526,0.0005389150464907289,,,,,,dqn,cartpole,sparse,0.01,0.99,0,
491,0.0,22,0.050000000000000044,2.0810374223856343e-07,0.00012071547098457813,0.00041355707799084485,,,,,,dqn,cartpole,sparse,0.01,0.99,0,
492,0.0,24,0.050000000000000044,7.199633955679019e-07,-0.00070330681046471,0.0008290301775559783,,,,,,dqn,cartpole,sparse,0.01,0.99,0,
493,0.0,23,0.050000000000000044,3.5850641211254697e-07,-0.00044657348189502954,0.0006710264133289456,,,,,,dqn,cartpole,sparse,0.01,0.99,0,
494,0.0,22,0.050000000000000044,2.4530774567210756e-07,-0.00038284590118564665,0.0005361890071071684,,,,,,dqn,cartpole,sparse,0.01,0.99,0,
495,0.0,23,0.050000000000000044,2.4135587750606646e-07,0.00011627277854131535,0.0004808011872228235,,,,,,dqn,cartpole,sparse,0.01,0.99,0,
496,0.0,18,0.050000000000000044,1.2593605447364098e-07,2.779515489237383e-05,0.0003384921292308718,,,,,,dqn,cartpole,sparse,0.01,0.99,0,
497,0.0,22,0.050000000000000044,2.7255217105448537e-07,-0.00030241510830819607,0.000638961442746222,,,,,,dqn,cartpole,sparse,0.01,0.99,0,
498,0.0,9,0.050000000000000044,1.5943464859446976e-07,0.00043670693412423134,0.0005076905363239348,,,,,,dqn,cartpole,sparse,0.01,0.99,0,
499,0.0,16,0.050000000000000044,2.4347517069145397e-07,-6.201556971063837e-05,0.0005850892048329115,,,,,,dqn,cartpole,sparse,0.01,0.99,0,
500,0.0,21,0.050000000000000044,8.569155340865109e-08,-0.0003663118986878544,0.0002918675891123712,,,0.0,0.0,36.3,dqn,cartpole,sparse,0.01,0.99,0,
501,0.0,23,0.050000000000000044,6.034974262547621e-07,-0.0006742068799212575,0.0006117495940998197,,,,,,dqn,cartpole,sparse,0.01,0.99,0,
502,0.0,24,0.050000000000000044,1.1176896208553444e-07,0.0010754864197224379,0.0003763606946449727,,,,,,dqn,cartpole,sparse,0.01,0.99,0,
503,0.0,29,0.050000000000000044,2.372839276176819e-07,0.0004785004712175578,0.0003136954619549215,,,,,,dqn,cartpole,sparse,0.01,0.99,0,
504,0.0,13,0.050000000000000044,9.83342829385947e-08,0.00012480012082960457,0.0003532694827299565,,,,,,dqn,cartpole,sparse,0.01,0.99,0,
505,0.0,28,0.050000000000000044,4.860089575231541e-08,0.0005229879170656204,0.00023946880537550896,,,,,,dqn,cartpole,sparse,0.01,0.99,0,
506,0.0,21,0.050000000000000044,8.68917595653329e-07,-0.0009042206802405417,0.0008831831510178745,,,,,,dqn,cartpole,sparse,0.01,0.99,0,
507,0.0,15,0.050000000000000044,9.550877848596429e-07,0.00033437044476158917,0.0008910123142413795,,,,,,dqn,cartpole,sparse,0.01,0.99,0,
508,0.0,11,0.050000000000000044,8.859681202011416e-07,0.0006373986252583563,0.0006930510280653834,,,,,,dqn,cartpole,sparse,0.01,0.99,0,
509,0.0,8,0.050000000000000044,1.4908296179783065e-06,0.000721560965757817,0.0012552610132843256,,,,,,dqn,cartpole,sparse,0.01,0.99,0,
510,0.0,10,0.050000000000000044,8.363372216990683e-07,-0.00011375707981642336,0.0011660389136523008,,,,,,dqn,cartpole,sparse,0.01,0.99,0,
511,0.0,13,0.050000000000000044,9.613739848646219e-07,0.0008060149848461151,0.0009890830842778087,,,,,,dqn,cartpole,sparse,0.01,0.99,0,
512,0.0,14,0.050000000000000044,1.0896638968915795e-06,0.0006497856811620295,0.0006728550652042031,,,,,,dqn,cartpole,sparse,0.01,0.99,0,
513,0.0,39,0.050000000000000044,3.7273173347784905e-07,-0.0008578168344683945,0.0007976233027875423,,,,,,dqn,cartpole,sparse,0.01,0.99,0,
514,0.0,25,0.050000000000000044,5.699315579477116e-07,-0.0007098978967405856,0.000774806656409055,,,,,,dqn,cartpole,sparse,0.01,0.99,0,
515,0.0,25,0.050000000000000044,6.182148126754328e-07,0.0007668009493499994,0.0009452102240175009,,,,,,dqn,cartpole,sparse,0.01,0.99,0,
516,0.0,23,0.050000000000000044,5.7424681898510244e-08,-0.0003916376153938472,0.0002356617187615484,,,,,,dqn,cartpole,sparse,0.01,0.99,0,
517,0.0,29,0.050000000000000044,1.8284558223058411e-07,5.096804670756683e-06,0.00028647022554650903,,,,,,dqn,cartpole,sparse,0.01,0.99,0,
518,0.0,39,0.050000000000000044,4.062023322148889e-07,0.0005624024197459221,0.00034402692108415067,,,,,,dqn,cartpole,sparse,0.01,0.99,0,
519,0.0,10,0.050000000000000044,1.4525826941280684e-07,-0.00029217335395514965,0.000374010531231761,,,,,,dqn,cartpole,sparse,0.01,0.99,0,
520,0.0,17,0.050000000000000044,7.749789006084029e-07,0.0004362915933597833,0.0004625906003639102,,,,,,dqn,cartpole,sparse,0.01,0.99,0,
521,0.0,28,0.050000000000000044,8.757658065405849e-08,0.0006276618223637342,0.0003560683107934892,,,,,,dqn,cartpole,sparse,0.01,0.99,0,
522,0.0,18,0.050000000000000044,2.3276085414636327e-07,0.0004080446669831872,0.00038298903382383287,,,,,,dqn,cartpole,sparse,0.01,0.99,0,
523,0.0,29,0.050000000000000044,9.474469209180825e-08,0.0004578580555971712,0.00021910169743932784,,,,,,dqn,cartpole,sparse,0.01,0.99,0,
524,0.0,12,0.050000000000000044,1.423633477770636e-07,-0.00015784641436766833,0.0003714152844622731,,,,,,dqn,cartpole,sparse,0.01,0.99,0,
525,0.0,13,0.050000000000000044,2.572294377500839e-08,1.2443240848369896e-05,0.0001469090930186212,,,,,,dqn,cartpole,sparse,0.01,0.99,0,
526,0.0,62,0.050000000000000044,2.7166288774083114e-08,0.00019489720580168068,0.00012003155279671773,,,,,,dqn,cartpole,sparse,0.01,0.99,0,
527,0.0,20,0.050000000000000044,6.978095257181849e-07,0.0001922714291140437,0.00027562002651393414,,,,,,dqn,cartpole,sparse,0.01,0.99,0,
528,0.0,24,0.050000000000000044,7.216546293875581e-08,-0.0003952063270844519,0.0003318401868455112,,,,,,dqn,cartpole,sparse,0.01,0.99,0,
529,0.0,27,0.050000000000000044,8.018901098694187e-08,-0.00016558181960135698,0.00035093145561404526,,,,,,dqn,cartpole,sparse,0.01,0.99,0,
530,0.0,9,0.050000000000000044,2.8106779836889473e-07,-0.00012061748566338792,0.00048729818081483245,,,,,,dqn,cartpole,sparse,0.01,0.99,0,
531,0.0,32,0.050000000000000044,8.610096813299606e-08,0.000271187222097069,0.0003080680617131293,,,,,,dqn,cartpole,sparse,0.01,0.99,0,
532,0.0,22,0.050000000000000044,1.794702768620482e-07,-9.163007780443877e-05,0.0005240475293248892,,,,,,dqn,cartpole,sparse,0.01,0.99,0,
533,0.0,14,0.050000000000000044,1.1248632603155784e-07,0.0004883150104433298,0.0002561232540756464,,,,,,dqn,cartpole,sparse,0.01,0.99,0,
534,0.0,41,0.050000000000000044,3.835035400356901e-08,0.0003344909637235105,0.00017402565572410822,,,,,,dqn,cartpole,sparse,0.01,0.99,0,
535,0.0,20,0.050000000000000044,6.222816750778293e-08,0.00033130618976429105,0.0003285143757238984,,,,,,dqn,cartpole,sparse,0.01,0.99,0,
536,0.0,30,0.050000000000000044,1.303525465345956e-07,0.00025626711430959404,0.0002637041616253555,,,,,,dqn,cartpole,sparse,0.01,0.99,0,
537,0.0,43,0.050000000000000044,5.6642463164280343e-08,-8.274620631709695e-05,0.00024220882914960384,,,,,,dqn,cartpole,sparse,0.01,0.99,0,
538,0.0,21,0.050000000000000044,2.085102579485465e-07,0.0007377431029453874,0.00041630392661318183,,,,,,dqn,cartpole,sparse,0.01,0.99,0,
539,0.0,34,0.050000000000000044,1.1208108219307178e-07,-7.379336602753028e-05,0.00037286654696799815,,,,,,dqn,cartpole,sparse,0.01,0.99,0,
540,0.0,13,0.050000000000000044,8.021441999517265e-07,-0.0002289119001943618,0.00046270835446193814,,,,,,dqn,cartpole,sparse,0.01,0.99,0,
541,0.0,24,0.050000000000000044,5.791944772681745e-07,0.00018490459478925914,0.0006696040509268641,,,,,,dqn,cartpole,sparse,0.01,0.99,0,
542,0.0,10,0.050000000000000044,2.3133841295930324e-06,-0.00014085537986829877,0.0012618622276932001,,,,,,dqn,cartpole,sparse,0.01,0.99,0,
543,0.0,88,0.050000000000000044,2.2442162617153372e-07,0.0002794095780700445,0.00047222242574207485,,,,,,dqn,cartpole,sparse,0.01,0.99,0,
544,0.0,55,0.050000000000000044,4.843678311772237e-07,0.0001401497283950448,0.000542882364243269,,,,,,dqn,cartpole,sparse,0.01,0.99,0,
545,0.0,8,0.050000000000000044,2.6751627046905924e-07,0.0004636940429918468,0.0005437122890725732,,,,,,dqn,cartpole,sparse,0.01,0.99,0,
546,0.0,12,0.050000000000000044,2.7870596568391193e-06,-0.0020253746770322323,0.0021442370489239693,,,,,,dqn,cartpole,sparse,0.01,0.99,0,
547,0.0,99,0.050000000000000044,2.2574998581603722e-07,0.00025317855761386454,0.00048339756904169917,,,,,,dqn,cartpole,sparse,0.01,0.99,0,
548,0.0,10,0.050000000000000044,2.822894430209999e-06,0.0010640985565260053,0.0007062404183670878,,,,,,dqn,cartpole,sparse,0.01,0.99,0,
549,0.0,68,0.050000000000000044,2.800767049393471e-07,0.0006359342951327562,0.000619955942966044,,,,,,dqn,cartpole,sparse,0.01,0.99,0,
550,0.0,14,0.050000000000000044,2.508414240764978e-07,-0.00011388894927222282,0.00036264516529627144,,,0.0,0.0,15.3,dqn,cartpole,sparse,0.01,0.99,0,
551,0.0,26,0.050000000000000044,3.2923017556640843e-07,0.0008041779510676861,0.0005654421984218061,,,,,,dqn,cartpole,sparse,0.01,0.99,0,
552,0.0,34,0.050000000000000044,7.160907102843339e-07,0.0003851572109851986,0.0004892679862678051,,,,,,dqn,cartpole,sparse,0.01,0.99,0,
553,0.0,11,0.050000000000000044,4.6753368110330484e-07,0.0004498341295402497,0.0006048422656022012,,,,,,dqn,cartpole,sparse,0.01,0.99,0,
554,0.0,35,0.050000000000000044,3.248404141231731e-07,6.457264680648223e-05,0.0006377662066370249,,,,,,dqn,cartpole,sparse,0.01,0.99,0,
555,0.0,22,0.050000000000000044,7.179201020335313e-07,-0.00027156114811077714,0.0009742954862304032,,,,,,dqn,cartpole,sparse,0.01,0.99,0,
556,0.0,35,0.050000000000000044,2.056475238987332e-07,-0.00013106840196996927,0.0003639617934823036,,,,,,dqn,cartpole,sparse,0.01,0.99,0,
557,0.0,25,0.050000000000000044,5.9096251447954273e-08,-0.0002280430489918217,0.0002809594152495265,,,,,,dqn,cartpole,sparse,0.01,0.99,0,
558,0.0,26,0.050000000000000044,1.4421271998799057e-07,0.0002903061977121979,0.00047003899817354977,,,,,,dqn,cartpole,sparse,0.01,0.99,0,
559,0.0,22,0.050000000000000044,1.7067185353880632e-07,-0.00038920712540857494,0.00034364935709163547,,,,,,dqn,cartpole,sparse,0.01,0.99,0,
560,0.0,43,0.050000000000000044,8.346774649226063e-08,0.0004330441006459296,0.00023288361262530088,,,,,,dqn,cartpole,sparse,0.01,0.99,0,
561,0.0,21,0.050000000000000044,1.8718824890129326e-07,-0.000296671933028847,0.0004930864670313895,,,,,,dqn,cartpole,sparse,0.01,0.99,0,
562,0.0,14,0.050000000000000044,2.8096129867094533e-08,-0.0001604824501555413,0.0001546136336401105,,,,,,dqn,cartpole,sparse,0.01,0.99,0,
563,0.0,17,0.050000000000000044,6.068769664580032e-08,0.00014523677236866206,0.00028086049132980406,,,,,,dqn,cartpole,sparse,0.01,0.99,0,
564,0.0,20,0.050000000000000044,3.667856844913331e-07,0.000808834214694798,0.0006636485923081636,,,,,,dqn,cartpole,sparse,0.01,0.99,0,
565,0.0,12,0.050000000000000044,2.0390751842569443e-07,0.00035913538886234164,0.0003232637536711991,,,,,,dqn,cartpole,sparse,0.01,0.99,0,
566,0.0,59,0.050000000000000044,9.08308237512756e-08,-0.0006965575157664716,0.00035748106893152,,,,,,dqn,cartpole,sparse,0.01,0.99,0,
567,0.0,12,0.050000000000000044,3.509704171733574e-08,-5.428269287222065e-05,0.00016282309661619365,,,,,,dqn,cartpole,sparse,0.01,0.99,0,
568,0.0,32,0.050000000000000044,3.971568105498591e-07,0.00018663077207747847,0.0004360270977485925,,,,,,dqn,cartpole,sparse,0.01,0.99,0,
569,0.0,25,0.050000000000000044,1.605579313945782e-07,-0.00015275416080839932,0.000499971560202539,,,,,,dqn,cartpole,sparse,0.01,0.99,0,
570,0.0,28,0.050000000000000044,1.0017311069532298e-07,0.00040964505751617253,0.0004220175324007869,,,,,,dqn,cartpole,sparse,0.01,0.99,0,
571,0.0,19,0.050000000000000044,1.513548113507568e-07,1.2284654076211154e-06,0.00038424826925620437,,,,,,dqn,cartpole,sparse,0.01,0.99,0,
572,0.0,18,0.050000000000000044,4.2889561768788553e-07,0.0004380503960419446,0.0004449512343853712,,,,,,dqn,cartpole,sparse,0.01,0.99,0,
573,0.0,23,0.050000000000000044,5.89405608764082e-08,0.0003192430885974318,0.0002223063784185797,,,,,,dqn,cartpole,sparse,0.01,0.99,0,
574,0.0,15,0.050000000000000044,5.846720441127218e-08,2.5353032469865866e-05,0.00019659104873426259,,,,,,dqn,cartpole,sparse,0.01,0.99,0,
575,0.0,20,0.050000000000000044,2.550980937598979e-08,5.0984097470063716e-05,0.00017892592586576939,,,,,,dqn,cartpole,sparse,0.01,0.99,0,
576,0.0,16,0.050000000000000044,4.2588922610775626e-08,-7.387268851744011e-05,0.00019318735576234758,,,,,,dqn,cartpole,sparse,0.01,0.99,0,
577,0.0,13,0.050000000000000044,5.14015070507412e-08,-0.0001925810647662729,0.00025014724815264344,,,,,,dqn,cartpole,sparse,0.01,0.99,0,
578,0.0,24,0.050000000000000044,1.6768123600741092e-07,-0.0001917697227327153,0.00040107109816744924,,,,,,dqn,cartpole,sparse,0.01,0.99,0,
579,0.0,29,0.050000000000000044,7.594439921376761e-08,-0.000382194179110229,0.00035336107248440385,,,,,,dqn,cartpole,sparse,0.01,0.99,0,
580,0.0,10,0.050000000000000044,3.23289839343488e-07,0.001481237937696278,0.000606023648288101,,,,,,dqn,cartpole,sparse,0.01,0.99,0,
581,0.0,23,0.050000000000000044,7.46717958577392e-08,0.0005353004671633244,0.00022808134963270277,,,,,,dqn,cartpole,sparse,0.01,0.99,0,
582,0.0,8,0.050000000000000044,2.089079345068967e-07,0.0005429249722510576,0.0004719798162113875,,,,,,dqn,cartpole,sparse,0.01,0.99,0,
583,0.0,11,0.050000000000000044,2.151227995739191e-08,-0.0003158393665216863,0.0001743174798320979,,,,,,dqn,cartpole,sparse,0.01,0.99,0,
584,0.0,20,0.050000000000000044,4.0660175670836907e-08,-0.0001454453740734607,0.00016190134920179844,,,,,,dqn,cartpole,sparse,0.01,0.99,0,
585,0.0,17,0.050000000000000044,8.030343678910867e-07,-0.00017315569857601076,0.0005059186369180679,,,,,,dqn,cartpole,sparse,0.01,0.99,0,
586,0.0,19,0.050000000000000044,3.2990072895699996e-07,-0.0004385388456285,0.0004261561844032258,,,,,,dqn,cartpole,sparse,0.01,0.99,0,
587,0.0,24,0.050000000000000044,8.75037642344978e-08,-0.0003276043280493468,0.00030387029983103275,,,,,,dqn,cartpole,sparse,0.01,0.99,0,
588,0.0,24,0.050000000000000044,5.812369181512622e-07,0.0007508518756367266,0.0003528641536831856,,,,,,dqn,cartpole,sparse,0.01,0.99,0,
589,0.0,9,0.050000000000000044,3.6690053661914135e-07,0.0008321659988723695,0.00041928113205358386,,,,,,dqn,cartpole,sparse,0.01,0.99,0,
590,0.0,10,0.050000000000000044,1.433958374263966e-07,0.0003737826191354543,0.00041347899241372943,,,,,,dqn,cartpole,sparse,0.01,0.99,0,
591,0.0,22,0.050000000000000044,1.6757431353653374e-07,-2.2548447304870933e-05,0.0002010288299061358,,,,,,dqn,cartpole,sparse,0.01,0.99,0,
592,0.0,20,0.050000000000000044,1.2981797681277385e-07,-0.00017378148913849145,0.00023358884209301323,,,,,,dqn,cartpole,sparse,0.01,0.99,0,
593,0.0,17,0.050000000000000044,7.13526446816104e-08,-0.0002504392177797854,0.00027726072585210204,,,,,,dqn,cartpole,sparse,0.01,0.99,0,
594,0.0,22,0.050000000000000044,8.755905867019464e-08,0.00041548069566488266,0.0003266812418587506,,,,,,dqn,cartpole,sparse,0.01,0.99,0,
595,0.0,42,0.050000000000000044,9.476266882302298e-08,-4.479868948692456e-05,0.0002796853077597916,,,,,,dqn,cartpole,sparse,0.01,0.99,0,
596,0.0,25,0.050000000000000044,4.1597957078920444e-08,-0.00013924430822953582,0.00018611777340993285,,,,,,dqn,cartpole,sparse,0.01,0.99,0,
597,0.0,36,0.050000000000000044,3.163629571645288e-07,-0.0002559346321504563,0.0006466642371378839,,,,,,dqn,cartpole,sparse,0.01,0.99,0,
598,0.0,23,0.050000000000000044,1.471060500080057e-07,-0.00022653504856862128,0.00036961413570679724,,,,,,dqn,cartpole,sparse,0.01,0.99,0,
599,0.0,21,0.050000000000000044,4.255651120388393e-08,-0.0002550027857068926,0.0002566578332334757,,,,,,dqn,cartpole,sparse,0.01,0.99,0,
600,0.0,12,0.050000000000000044,2.669318064363324e-07,9.873905219137669e-05,0.0004510534927248955,,,0.0,0.0,10.6,dqn,cartpole,sparse,0.01,0.99,0,
601,0.0,9,0.050000000000000044,2.2683744305140863e-07,0.000703694939147681,0.00029568542959168553,,,,,,dqn,cartpole,sparse,0.01,0.99,0,
602,0.0,49,0.050000000000000044,3.140786191124789e-07,-0.00015739089576527476,0.00027476350078359246,,,,,,dqn,cartpole,sparse,0.01,0.99,0,
603,0.0,11,0.050000000000000044,1.4833622685728187e-07,0.00014981802087277174,0.00025252727209590375,,,,,,dqn,cartpole,sparse,0.01,0.99,0,
604,0.0,17,0.050000000000000044,6.183611134247258e-08,-7.225602894322947e-05,0.00023040891392156482,,,,,,dqn,cartpole,sparse,0.01,0.99,0,
605,0.0,24,0.050000000000000044,8.332526135745866e-08,0.0002367830602452159,0.00019635519129224122,,,,,,dqn,cartpole,sparse,0.01,0.99,0,
606,0.0,14,0.050000000000000044,1.3217423600053735e-07,0.00015583376807626337,0.0002561526489444077,,,,,,dqn,cartpole,sparse,0.01,0.99,0,
607,0.0,21,0.050000000000000044,5.208403308643028e-07,0.00024292920716106892,0.00043885293416678905,,,,,,dqn,cartpole,sparse,0.01,0.99,0,
608,0.0,12,0.050000000000000044,5.6932421443889325e-08,0.0003730014432221651,0.0001817054726416245,,,,,,dqn,cartpole,sparse,0.01,0.99,0,
609,0.0,9,0.050000000000000044,5.761025079209503e-08,-0.0004731420776806772,0.000248389522312209,,,,,,dqn,cartpole,sparse,0.01,0.99,0,
610,0.0,24,0.050000000000000044,3.373281515450799e-06,-0.00014852666936349124,0.0005055576330050826,,,,,,dqn,cartpole,sparse,0.01,0.99,0,
611,0.0,20,0.050000000000000044,1.0638115810479576e-07,-0.00016144837718456984,0.000318585749482736,,,,,,dqn,cartpole,sparse,0.01,0.99,0,
612,0.0,25,0.050000000000000044,2.9924174782536284e-07,0.00020802541985176504,0.0005096608656458557,,,,,,dqn,cartpole,sparse,0.01,0.99,0,
613,0.0,15,0.050000000000000044,6.319342560345831e-08,0.000192698382306844,0.0003027736092917621,,,,,,dqn,cartpole,sparse,0.01,0.99,0,
614,0.0,19,0.050000000000000044,1.1204271288534073e-07,0.0002035421784967184,0.00034304874134249985,,,,,,dqn,cartpole,sparse,0.01,0.99,0,
615,0.0,9,0.050000000000000044,2.0592950988884695e-07,0.0002916102821473032,0.0004083527601324022,,,,,,dqn,cartpole,sparse,0.01,0.99,0,
616,0.0,13,0.050000000000000044,2.472584412771539e-07,0.00041707378113642335,0.00038032233715057373,,,,,,dqn,cartpole,sparse,0.01,0.99,0,
617,0.0,13,0.050000000000000044,1.8855338623779971e-07,6.369448965415359e-05,0.0004965076223015785,,,,,,dqn,cartpole,sparse,0.01,0.99,0,
618,0.0,29,0.050000000000000044,1.584278095378977e-07,-0.0002925498702097684,0.0002643684856593609,,,,,,dqn,cartpole,sparse,0.01,0.99,0,
619,0.0,23,0.050000000000000044,2.602345183788657e-08,-0.00012007041368633509,0.00018101659952662885,,,,,,dqn,cartpole,sparse,0.01,0.99,0,
620,0.0,31,0.050000000000000044,1.0081311074827681e-07,0.000111442081106361,0.0003411864163354039,,,,,,dqn,cartpole,sparse,0.01,0.99,0,
621,0.0,14,0.050000000000000044,2.0849323334459768e-07,0.0002185197954531759,0.0004917182959616184,,,,,,dqn,cartpole,sparse,0.01,0.99,0,
622,0.0,9,0.050000000000000044,2.5437739026301642e-08,-0.00019842779147438705,0.0001264135498786345,,,,,,dqn,cartpole,sparse,0.01,0.99,0,
623,0.0,31,0.050000000000000044,1.0204811928815616e-07,5.617896749754436e-05,0.00041564367711544037,,,,,,dqn,cartpole,sparse,0.01,0.99,0,
624,0.0,29,0.050000000000000044,8.35947133737136e-08,-0.0001279442512895912,0.00030192831763997674,,,,,,dqn,cartpole,sparse,0.01,0.99,0,
625,0.0,44,0.050000000000000044,1.482878246861219e-07,0.0004484805394895375,0.00047113123582676053,,,,,,dqn,cartpole,sparse,0.01,0.99,0,
626,0.0,8,0.050000000000000044,7.085207585078024e-07,0.0003870206419378519,0.0005756464088335633,,,,,,dqn,cartpole,sparse,0.01,0.99,0,
627,0.0,10,0.050000000000000044,7.17355021606636e-07,0.000695045804604888,0.0007155205821618438,,,,,,dqn,cartpole,sparse,0.01,0.99,0,
628,0.0,35,0.050000000000000044,4.1887753354785673e-07,0.0005724154179915786,0.000722272670827806,,,,,,dqn,cartpole,sparse,0.01,0.99,0,
629,0.0,35,0.050000000000000044,2.6390148377686273e-07,0.00026767284725792706,0.0006945189088582993,,,,,,dqn,cartpole,sparse,0.01,0.99,0,
630,0.0,12,0.050000000000000044,2.8809708396693168e-08,-0.00024227591347880661,0.00013786977797280997,,,,,,dqn,cartpole,sparse,0.01,0.99,0,
631,0.0,20,0.050000000000000044,2.2043796832349472e-07,-0.00019883105414919555,0.00022128513955976814,,,,,,dqn,cartpole,sparse,0.01,0.99,0,
632,0.0,10,0.050000000000000044,6.242855192795105e-07,0.00036090222420170903,0.0004870955308433622,,,,,,dqn,cartpole,sparse,0.01,0.99,0,
633,0.0,19,0.050000000000000044,2.755107288976433e-07,-0.00013033609138801694,0.0004908997216261923,,,,,,dqn,cartpole,sparse,0.01,0.99,0,
634,0.0,8,0.050000000000000044,6.079211516407668e-07,0.001191137358546257,0.0007371213287115097,,,,,,dqn,cartpole,sparse,0.01,0.99,0,
635,0.0,20,0.050000000000000044,5.069526878287434e-07,0.0010311075020581484,0.0009660038631409407,,,,,,dqn,cartpole,sparse,0.01,0.99,0,
636,0.0,28,0.050000000000000044,4.078739038959611e-06,-0.0005358968046493828,0.001029728096909821,,,,,,dqn,cartpole,sparse,0.01,0.99,0,
637,0.0,18,0.050000000000000044,8.042006811592728e-07,0.0006955554708838463,0.000925667816773057,,,,,,dqn,cartpole,sparse,0.01,0.99,0,
638,0.0,24,0.050000000000000044,3.970002580899745e-06,-1.0337949788663536e-05,0.0009707907447591424,,,,,,dqn,cartpole,sparse,0.01,0.99,0,
639,0.0,8,0.050000000000000044,9.178978075397026e-07,0.0001110286102630198,0.0007566382410004735,,,,,,dqn,cartpole,sparse,0.01,0.99,0,
640,0.0,9,0.050000000000000044,8.477973096887581e-07,-0.00034673738991841674,0.000923298648558557,,,,,,dqn,cartpole,sparse,0.01,0.99,0,
641,0.0,10,0.050000000000000044,1.0267755214954377e-06,7.857335003791377e-05,0.0011015732306987047,,,,,,dqn,cartpole,sparse,0.01,0.99,0,
642,0.0,40,0.050000000000000044,8.121874657263106e-07,0.000944189727306366,0.0010738135315477848,,,,,,dqn,cartpole,sparse,0.01,0.99,0,
643,0.0,171,0.050000000000000044,5.3451238102297793e-08,0.000221307942410931,0.00027079920982941985,,,,,,dqn,cartpole,sparse,0.01,0.99,0,
644,0.0,15,0.050000000000000044,9.911657627981185e-08,1.560225064167753e-05,0.0002869505260605365,,,,,,dqn,cartpole,sparse,0.01,0.99,0,
645,0.0,29,0.050000000000000044,5.089505634714442e-07,0.0010514234891161323,0.0005259914905764163,,,,,,dqn,cartpole,sparse,0.01,0.99,0,
646,0.0,16,0.050000000000000044,7.419785674755985e-08,-1.6730758943594992e-05,0.00022545411775354296,,,,,,dqn,cartpole,sparse,0.01,0.99,0,
647,0.0,12,0.050000000000000044,1.9775104931341048e-07,0.00016811824752949178,0.0004474056768231094,,,,,,dqn,cartpole,sparse,0.01,0.99,0,
648,0.0,13,0.050000000000000044,4.032828826439072e-07,-0.0004467018588911742,0.0005388029385358095,,,,,,dqn,cartpole,sparse,0.01,0.99,0,
649,0.0,58,0.050000000000000044,2.8389428052832955e-07,-0.0001088331628125161,0.0006061503663659096,,,,,,dqn,cartpole,sparse,0.01,0.99,0,
650,0.0,10,0.050000000000000044,4.4349957306621945e-07,0.0007934405584819615,0.0007009455002844334,,,0.0,0.0,25.7,dqn,cartpole,sparse,0.01,0.99,0,
651,0.0,11,0.050000000000000044,3.813207513303496e-06,1.5994519344531e-05,0.0016043311916291714,,,,,,dqn,cartpole,sparse,0.01,0.99,0,
652,0.0,33,0.050000000000000044,3.9313655975092843e-07,-0.00034264440182596445,0.0006836140528321266,,,,,,dqn,cartpole,sparse,0.01,0.99,0,
653,0.0,24,0.050000000000000044,5.082189318272867e-07,0.000574597914237529,0.0005432965699583292,,,,,,dqn,cartpole,sparse,0.01,0.99,0,
654,0.0,22,0.050000000000000044,5.45261457318702e-07,0.0001108760479837656,0.0009400672861374915,,,,,,dqn,cartpole,sparse,0.01,0.99,0,
655,0.0,10,0.050000000000000044,7.16596673555614e-07,0.00023087703448254615,0.0009934452828019857,,,,,,dqn,cartpole,sparse,0.01,0.99,0,
656,0.0,41,0.050000000000000044,5.914151870456408e-07,0.0005305903032422066,0.0005158608546480536,,,,,,dqn,cartpole,sparse,0.01,0.99,0,
657,0.0,9,0.050000000000000044,2.36605160353065e-07,0.00044628939940594137,0.0006184281082823873,,,,,,dqn,cartpole,sparse,0.01,0.99,0,
658,0.0,8,0.050000000000000044,1.5251748664013576e-06,-0.0006932944525033236,0.001034656772390008,,,,,,dqn,cartpole,sparse,0.01,0.99,0,
659,0.0,10,0.050000000000000044,6.169518087517645e-07,0.0008110954659059644,0.0008398854406550527,,,,,,dqn,cartpole,sparse,0.01,0.99,0,
660,0.0,11,0.050000000000000044,1.3561077594204107e-07,-0.0003622655931394547,0.0004054357414133847,,,,,,dqn,cartpole,sparse,0.01,0.99,0,
661,0.0,14,0.050000000000000044,3.7296345567483513e-07,0.0009732343023642898,0.0007109778234735131,,,,,,dqn,cartpole,sparse,0.01,0.99,0,
662,0.0,10,0.050000000000000044,6.027082690707175e-07,-8.000500383786857e-05,0.000631467904895544,,,,,,dqn,cartpole,sparse,0.01,0.99,0,
663,0.0,16,0.050000000000000044,2.8127935536303994e-08,-0.00018813242786563933,0.00017150616622529924,,,,,,dqn,cartpole,sparse,0.01,0.99,0,
664,0.0,13,0.050000000000000044,6.758915560567402e-07,0.001184516935609281,0.0009688527788966894,,,,,,dqn,cartpole,sparse,0.01,0.99,0,
665,0.0,13,0.050000000000000044,3.6626713040277536e-07,0.00030680466443300247,0.0004790363600477576,,,,,,dqn,cartpole,sparse,0.01,0.99,0,
666,0.0,29,0.050000000000000044,1.1667250419122865e-06,-0.0001672961370786652,0.0012204810045659542,,,,,,dqn,cartpole,sparse,0.01,0.99,0,
667,0.0,31,0.050000000000000044,1.2928614978591213e-06,-0.0009307732107117772,0.001122101442888379,,,,,,dqn,cartpole,sparse,0.01,0.99,0,
668,0.0,11,0.050000000000000044,6.607453997276025e-07,0.00018671341240406036,0.000869350100401789,,,,,,dqn,cartpole,sparse,0.01,0.99,0,
669,0.0,14,0.050000000000000044,5.9547687669692095e-08,-0.0004481131909415126,0.00031679627136327326,,,,,,dqn,cartpole,sparse,0.01,0.99,0,
670,0.0,29,0.050000000000000044,3.485067281872034e-05,0.0016966501716524363,0.001799176912754774,,,,,,dqn,cartpole,sparse,0.01,0.99,0,
671,0.0,16,0.050000000000000044,4.69532187707955e-06,0.0026054391637444496,0.0028108567930758,,,,,,dqn,cartpole,sparse,0.01,0.99,0,
672,0.0,10,0.050000000000000044,6.159314125397941e-07,-0.0003505047061480582,0.0010682750726118684,,,,,,dqn,cartpole,sparse,0.01,0.99,0,
673,0.0,19,0.050000000000000044,9.898996722768061e-06,-0.0013543755048885942,0.0017985058948397636,,,,,,dqn,cartpole,sparse,0.01,0.99,0,
674,0.0,19,0.050000000000000044,5.194806931285711e-07,-9.176719322567806e-05,0.0008335277670994401,,,,,,dqn,cartpole,sparse,0.01,0.99,0,
675,0.0,9,0.050000000000000044,9.923004427037085e-07,0.0006226855330169201,0.0008179724682122469,,,,,,dqn,cartpole,sparse,0.01,0.99,0,
676,0.0,36,0.050000000000000044,3.3439835078752367e-06,0.0013064907398074865,0.001803171937353909,,,,,,dqn,cartpole,sparse,0.01,0.99,0,
677,0.0,12,0.050000000000000044,1.8749130958894966e-06,-0.00021777651272714138,0.0016545593971386552,,,,,,dqn,cartpole,sparse,0.01,0.99,0,
678,0.0,9,0.050000000000000044,5.675229317603225e-07,0.0007063442608341575,0.0009299457306042314,,,,,,dqn,cartpole,sparse,0.01,0.99,0,
679,0.0,11,0.050000000000000044,9.890803767120815e-07,0.0014959138352423906,0.001204387517645955,,,,,,dqn,cartpole,sparse,0.01,0.99,0,
680,0.0,12,0.050000000000000044,5.637839421979152e-07,0.0017861602827906609,0.0008014852646738291,,,,,,dqn,cartpole,sparse,0.01,0.99,0,
681,0.0,10,0.050000000000000044,1.2648727931718895e-07,0.001341200084425509,0.0004295451217330992,,,,,,dqn,cartpole,sparse,0.01,0.99,0,
682,0.0,43,0.050000000000000044,1.0395542631158605e-06,5.778372724307701e-06,0.0012497014831751585,,,,,,dqn,cartpole,sparse,0.01,0.99,0,
683,0.0,13,0.050000000000000044,2.6342506771470653e-06,0.0017051695613190532,0.001164217246696353,,,,,,dqn,cartpole,sparse,0.01,0.99,0,
684,0.0,42,0.050000000000000044,1.2502748631959548e-06,-2.6466470444574952e-05,0.0014944011345505714,,,,,,dqn,cartpole,sparse,0.01,0.99,0,
685,0.0,13,0.050000000000000044,2.0214092728565447e-06,0.0009820242412388325,0.0009206128306686878,,,,,,dqn,cartpole,sparse,0.01,0.99,0,
686,0.0,10,0.050000000000000044,2.2384392650565132e-06,0.0006577796884812415,0.0013296166434884071,,,,,,dqn,cartpole,sparse,0.01,0.99,0,
687,0.0,9,0.050000000000000044,5.0440316954336595e-06,0.003494282253086567,0.0027320808731019497,,,,,,dqn,cartpole,sparse,0.01,0.99,0,
688,0.0,9,0.050000000000000044,3.239970737922704e-06,0.0013217804953455925,0.0015140657778829336,,,,,,dqn,cartpole,sparse,0.01,0.99,0,
689,0.0,12,0.050000000000000044,1.786932102731953e-06,0.0029286774806678295,0.001147989183664322,,,,,,dqn,cartpole,sparse,0.01,0.99,0,
690,0.0,8,0.050000000000000044,1.8842127929019625e-06,0.0009416317334398627,0.0013629267923533916,,,,,,dqn,cartpole,sparse,0.01,0.99,0,
691,0.0,14,0.050000000000000044,6.537755439239845e-07,0.0018568614032119513,0.0009173996513709426,,,,,,dqn,cartpole,sparse,0.01,0.99,0,
692,0.0,9,0.050000000000000044,2.8047461455571465e-06,0.0007944199605844915,0.001954601611942053,,,,,,dqn,cartpole,sparse,0.01,0.99,0,
693,0.0,9,0.050000000000000044,2.1204532458796166e-06,0.003309583058580756,0.0018616544548422098,,,,,,dqn,cartpole,sparse,0.01,0.99,0,
694,0.0,10,0.050000000000000044,3.1959380066837184e-06,-9.671348379924893e-07,0.0021900362335145473,,,,,,dqn,cartpole,sparse,0.01,0.99,0,
695,0.0,10,0.050000000000000044,1.3515858654500335e-06,0.002477903850376606,0.001395123777911067,,,,,,dqn,cartpole,sparse,0.01,0.99,0,
696,0.0,8,0.050000000000000044,1.8510725112719228e-06,0.0013175993226468563,0.0017017164500430226,,,,,,dqn,cartpole,sparse,0.01,0.99,0,
697,0.0,28,0.050000000000000044,3.0438661724474514e-06,0.001726499292999506,0.00112298340536654,,,,,,dqn,cartpole,sparse,0.01,0.99,0,
698,0.0,21,0.050000000000000044,1.4016011391504435e-06,0.0011583304731175303,0.0009706768905743957,,,,,,dqn,cartpole,sparse,0.01,0.99,0,
699,0.0,8,0.050000000000000044,5.670980954164406e-06,0.003739265725016594,0.0024680327624082565,,,,,,dqn,cartpole,sparse,0.01,0.99,0,
700,0.0,9,0.050000000000000044,4.004476068075746e-06,-0.00020798970945179462,0.002183355623856187,,,0.0,0.0,9.4,dqn,cartpole,sparse,0.01,0.99,0,
701,0.0,10,0.050000000000000044,2.136324383172905e-06,0.0031111016869544983,0.0017568927723914385,,,,,,dqn,cartpole,sparse,0.01,0.99,0,
702,0.0,9,0.050000000000000044,3.3577709928067634e-06,0.0011678433511406183,0.0018680233042687178,,,,,,dqn,cartpole,sparse,0.01,0.99,0,
703,0.0,46,0.050000000000000044,1.6429246443294687e-06,-0.00010231241321889684,0.0014891255414113402,,,,,,dqn,cartpole,sparse,0.01,0.99,0,
704,0.0,10,0.050000000000000044,4.349805294623366e-06,0.004163515754044056,0.0027110837399959564,,,,,,dqn,cartpole,sparse,0.01,0.99,0,
705,0.0,25,0.050000000000000044,3.4946224332088605e-06,0.004079828038811684,0.002325834706425667,,,,,,dqn,cartpole,sparse,0.01,0.99,0,
706,0.0,17,0.050000000000000044,1.2015602806059178e-06,0.0015748126897960901,0.000935938092879951,,,,,,dqn,cartpole,sparse,0.01,0.99,0,
707,0.0,12,0.050000000000000044,8.961415005614981e-06,0.0011855731718242168,0.0025785090401768684,,,,,,dqn,cartpole,sparse,0.01,0.99,0,
708,0.0,11,0.050000000000000044,1.31034732930857e-06,0.0018018666887655854,0.0015042414888739586,,,,,,dqn,cartpole,sparse,0.01,0.99,0,
709,0.0,9,0.050000000000000044,1.47809896589024e-06,0.0010975765762850642,0.001277400297112763,,,,,,dqn,cartpole,sparse,0.01,0.99,0,
710,0.0,10,0.050000000000000044,8.051203622017056e-06,0.00211561331525445,0.0018183549400418997,,,,,,dqn,cartpole,sparse,0.01,0.99,0,
711,0.0,16,0.050000000000000044,3.857423394038051e-07,0.0018765318673104048,0.0007277525728568435,,,,,,dqn,cartpole,sparse,0.01,0.99,0,
712,0.0,24,0.050000000000000044,1.0508475725146127e-06,0.0022949271369725466,0.0011824993416666985,,,,,,dqn,cartpole,sparse,0.01,0.99,0,
713,0.0,9,0.050000000000000044,4.807001459994353e-06,0.004246912896633148,0.001662304624915123,,,,,,dqn,cartpole,sparse,0.01,0.99,0,
714,0.0,21,0.050000000000000044,7.599223863508087e-07,0.0019207270815968513,0.0010223800782114267,,,,,,dqn,cartpole,sparse,0.01,0.99,0,
715,0.0,10,0.050000000000000044,1.100051690627879e-06,0.0016023276839405298,0.0006714435294270515,,,,,,dqn,cartpole,sparse,0.01,0.99,0,
716,0.0,42,0.050000000000000044,1.1851205954371835e-06,0.002491035033017397,0.0007251650094985962,,,,,,dqn,cartpole,sparse,0.01,0.99,0,
717,0.0,23,0.050000000000000044,8.59805822983617e-07,0.0012569527607411146,0.001077547436580062,,,,,,dqn,cartpole,sparse,0.01,0.99,0,
718,0.0,16,0.050000000000000044,8.282113412860781e-07,0.0003563409554772079,0.0011207815259695053,,,,,,dqn,cartpole,sparse,0.01,0.99,0,
719,0.0,9,0.050000000000000044,1.3415085504675517e-06,0.0026482841931283474,0.0011011576279997826,,,,,,dqn,cartpole,sparse,0.01,0.99,0,
720,0.0,11,0.050000000000000044,4.460372053927131e-07,0.0008767331019043922,0.0007772031240165234,,,,,,dqn,cartpole,sparse,0.01,0.99,0,
721,0.0,10,0.050000000000000044,1.54056579049211e-06,0.002431015018373728,0.0007349718944169581,,,,,,dqn,cartpole,sparse,0.01,0.99,0,
722,0.0,13,0.050000000000000044,1.0271380546100772e-07,0.0009972600964829326,0.0002680500620044768,,,,,,dqn,cartpole,sparse,0.01,0.99,0,
723,0.0,9,0.050000000000000044,2.675734549484332e-07,0.001400901353918016,0.0005952194333076477,,,,,,dqn,cartpole,sparse,0.01,0.99,0,
724,0.0,14,0.050000000000000044,5.458137479763536e-07,0.0020062224939465523,0.0009247392881661654,,,,,,dqn,cartpole,sparse,0.01,0.99,0,
725,0.0,19,0.050000000000000044,7.781071644785698e-07,0.0009697448113001883,0.0010717968689277768,,,,,,dqn,cartpole,sparse,0.01,0.99,0,
726,0.0,10,0.050000000000000044,2.8519064017018536e-06,0.0024078977294266224,0.0013757707783952355,,,,,,dqn,cartpole,sparse,0.01,0.99,0,
727,0.0,10,0.050000000000000044,5.446840987133328e-07,0.0015204735100269318,0.0009653434390202165,,,,,,dqn,cartpole,sparse,0.01,0.99,0,
728,0.0,10,0.050000000000000044,1.1721712098733406e-06,0.002969161607325077,0.001185967936180532,,,,,,dqn,cartpole,sparse,0.01,0.99,0,
729,0.0,45,0.050000000000000044,3.5580958979153365e-07,0.0021165977232158184,0.000707971747033298,,,,,,dqn,cartpole,sparse,0.01,0.99,0,
730,0.0,35,0.050000000000000044,6.876826574853112e-08,0.0012147456873208284,0.000185429526027292,,,,,,dqn,cartpole,sparse,0.01,0.99,0,
731,0.0,11,0.050000000000000044,3.05887306240038e-06,0.0013987231068313122,0.000695684109814465,,,,,,dqn,cartpole,sparse,0.01,0.99,0,
732,0.0,33,0.050000000000000044,8.111551323963795e-07,0.001366395503282547,0.0008161052828654647,,,,,,dqn,cartpole,sparse,0.01,0.99,0,
733,0.0,9,0.050000000000000044,6.589991699001985e-07,0.001930271158926189,0.0007001610938459635,,,,,,dqn,cartpole,sparse,0.01,0.99,0,
734,0.0,13,0.050000000000000044,1.212247525472776e-06,0.0022053425200283527,0.0006722841644659638,,,,,,dqn,cartpole,sparse,0.01,0.99,0,
735,0.0,12,0.050000000000000044,2.0242326570496516e-07,0.0005707624368369579,0.0005513441283255816,,,,,,dqn,cartpole,sparse,0.01,0.99,0,
736,0.0,18,0.050000000000000044,3.271251785008644e-07,0.00207979092374444,0.00037216924829408526,,,,,,dqn,cartpole,sparse,0.01,0.99,0,
737,0.0,18,0.050000000000000044,1.4001220449699758e-07,0.0018041759030893445,0.0003983292554039508,,,,,,dqn,cartpole,sparse,0.01,0.99,0,
738,0.0,21,0.050000000000000044,4.293540882827074e-07,0.0014263837365433574,0.00069699581945315,,,,,,dqn,cartpole,sparse,0.01,0.99,0,
739,0.0,21,0.050000000000000044,5.107455649522308e-07,0.0012847274774685502,0.0007310265209525824,,,,,,dqn,cartpole,sparse,0.01,0.99,0,
740,0.0,15,0.050000000000000044,2.8248132366570644e-07,0.001142079010605812,0.0004951161681674421,,,,,,dqn,cartpole,sparse,0.01,0.99,0,
741,0.0,10,0.050000000000000044,2.236809564237774e-07,0.0020378511399030685,0.0005109236808493733,,,,,,dqn,cartpole,sparse,0.01,0.99,0,
742,0.0,8,0.050000000000000044,1.4794434832765546e-07,0.0019261687994003296,0.0004455142770893872,,,,,,dqn,cartpole,sparse,0.01,0.99,0,
743,0.0,9,0.050000000000000044,4.4696673739963444e-07,0.001374606043100357,0.0006315761711448431,,,,,,dqn,cartpole,sparse,0.01,0.99,0,
744,0.0,18,0.050000000000000044,4.412082432736497e-07,0.0007773456163704395,0.0006429817876778543,,,,,,dqn,cartpole,sparse,0.01,0.99,0,
745,0.0,13,0.050000000000000044,1.7833704077929724e-06,0.00273455330170691,0.0008291659178212285,,,,,,dqn,cartpole,sparse,0.01,0.99,0,
746,0.0,10,0.050000000000000044,2.743948925854056e-07,0.0012182126520201564,0.00041036505717784166,,,,,,dqn,cartpole,sparse,0.01,0.99,0,
747,0.0,10,0.050000000000000044,3.265560280851787e-06,0.0019665039144456387,0.0010158444056287408,,,,,,dqn,cartpole,sparse,0.01,0.99,0,
748,0.0,9,0.050000000000000044,6.667054321951582e-07,0.0015832989010959864,0.0010226636659353971,,,,,,dqn,cartpole,sparse,0.01,0.99,0,
749,0.0,12,0.050000000000000044,9.984526059270138e-07,0.0020069011952728033,0.0009862836450338364,,,,,,dqn,cartpole,sparse,0.01,0.99,0,
750,0.0,31,0.050000000000000044,2.455385128996568e-06,0.0011740127811208367,0.0012434375239536166,,,0.0,0.0,9.4,dqn,cartpole,sparse,0.01,0.99,0,
751,0.0,17,0.050000000000000044,1.5039626077850698e-06,0.0002277723397128284,0.0011847937712445855,,,,,,dqn,cartpole,sparse,0.01,0.99,0,
752,0.0,9,0.050000000000000044,3.4082599995599594e-06,0.0035308583173900843,0.002484144177287817,,,,,,dqn,cartpole,sparse,0.01,0.99,0,
753,0.0,12,0.050000000000000044,3.3983233151957393e-06,-0.00033919038833118975,0.0018144692294299603,,,,,,dqn,cartpole,sparse,0.01,0.99,0,
754,0.0,9,0.050000000000000044,3.405006964385393e-06,0.0039485665038228035,0.002219713293015957,,,,,,dqn,cartpole,sparse,0.01,0.99,0,
755,0.0,9,0.050000000000000044,3.324104227431235e-07,0.00023498968221247196,0.000761358009185642,,,,,,dqn,cartpole,sparse,0.01,0.99,0,
756,0.0,36,0.050000000000000044,1.9303313365526265e-06,0.0025276560336351395,0.0014556682435795665,,,,,,dqn,cartpole,sparse,0.01,0.99,0,
757,0.0,20,0.050000000000000044,5.604025773209287e-06,0.002266982104629278,0.0012991440016776323,,,,,,dqn,cartpole,sparse,0.01,0.99,0,
758,0.0,13,0.050000000000000044,2.3590803266415605e-06,8.294789586216211e-05,0.001687519485130906,,,,,,dqn,cartpole,sparse,0.01,0.99,0,
759,0.0,10,0.050000000000000044,1.6330789094354259e-06,0.0029365960508584976,0.0015865780878812075,,,,,,dqn,cartpole,sparse,0.01,0.99,0,
760,0.0,9,0.050000000000000044,3.931068476958899e-06,0.0004881480126641691,0.0015818353276699781,,,,,,dqn,cartpole,sparse,0.01,0.99,0,
761,0.0,11,0.050000000000000044,1.7405932339897845e-06,0.003778299316763878,0.0014729516115039587,,,,,,dqn,cartpole,sparse,0.01,0.99,0,
762,0.0,11,0.050000000000000044,1.0662513432180276e-06,-0.00018530862871557474,0.0013035070151090622,,,,,,dqn,cartpole,sparse,0.01,0.99,0,
763,0.0,8,0.050000000000000044,9.785795782590867e-07,0.0021521851886063814,0.0011528830509632826,,,,,,dqn,cartpole,sparse,0.01,0.99,0,
764,0.0,42,0.050000000000000044,1.6052929368015612e-06,0.002547773066908121,0.0015105200000107288,,,,,,dqn,cartpole,sparse,0.01,0.99,0,
765,0.0,13,0.050000000000000044,9.628064390199143e-07,0.0014216372510418296,0.001070377416908741,,,,,,dqn,cartpole,sparse,0.01,0.99,0,
766,0.0,11,0.050000000000000044,8.459867331112036e-07,0.0015653546433895826,0.0011750268749892712,,,,,,dqn,cartpole,sparse,0.01,0.99,0,
767,0.0,10,0.050000000000000044,1.3405818890532828e-06,0.0005712392157875001,0.0011709789978340268,,,,,,dqn,cartpole,sparse,0.01,0.99,0,
768,0.0,9,0.050000000000000044,9.840147868089844e-06,0.003280973993241787,0.0020059882663190365,,,,,,dqn,cartpole,sparse,0.01,0.99,0,
769,0.0,8,0.050000000000000044,1.0799528809002368e-06,0.003093685256317258,0.0012200076598674059,,,,,,dqn,cartpole,sparse,0.01,0.99,0,
770,0.0,18,0.050000000000000044,1.3305665333973593e-06,0.002773876301944256,0.0014729222748428583,,,,,,dqn,cartpole,sparse,0.01,0.99,0,
771,0.0,25,0.050000000000000044,2.658217113093997e-07,0.0018305175472050905,0.00030800257809460163,,,,,,dqn,cartpole,sparse,0.01,0.99,0,
772,0.0,12,0.050000000000000044,9.040835493578925e-07,0.0016251157503575087,0.000544295646250248,,,,,,dqn,cartpole,sparse,0.01,0.99,0,
773,0.0,9,0.050000000000000044,1.8219309367850656e-06,0.0029091178439557552,0.0013724514283239841,,,,,,dqn,cartpole,sparse,0.01,0.99,0,
774,0.0,9,0.050000000000000044,2.913504886237206e-06,0.0005214118864387274,0.0014263580087572336,,,,,,dqn,cartpole,sparse,0.01,0.99,0,
775,0.0,13,0.050000000000000044,1.4112504231889034e-06,0.002221687464043498,0.0014515554066747427,,,,,,dqn,cartpole,sparse,0.01,0.99,0,
776,0.0,11,0.050000000000000044,1.6608971691312036e-06,0.0006377110257744789,0.001497076591476798,,,,,,dqn,cartpole,sparse,0.01,0.99,0,
777,0.0,13,0.050000000000000044,1.7316506273346022e-06,0.0026075243949890137,0.0014503882266581059,,,,,,dqn,cartpole,sparse,0.01,0.99,0,
778,0.0,12,0.050000000000000044,6.193484296090901e-06,0.001099353889003396,0.0020028818398714066,,,,,,dqn,cartpole,sparse,0.01,0.99,0,
779,0.0,13,0.050000000000000044,8.644970534987806e-07,0.0018093034159392118,0.0007921434007585049,,,,,,dqn,cartpole,sparse,0.01,0.99,0,
780,0.0,11,0.050000000000000044,1.6296689864248037e-06,0.000678500160574913,0.001690591685473919,,,,,,dqn,cartpole,sparse,0.01,0.99,0,
781,0.0,12,0.050000000000000044,2.5293975340900943e-06,0.003145410679280758,0.0018238185439258814,,,,,,dqn,cartpole,sparse,0.01,0.99,0,
782,0.0,8,0.050000000000000044,2.4792861950118095e-06,0.002032109070569277,0.0019585993140935898,,,,,,dqn,cartpole,sparse,0.01,0.99,0,
783,0.0,11,0.050000000000000044,1.522902039141627e-06,0.002047563437372446,0.001592961372807622,,,,,,dqn,cartpole,sparse,0.01,0.99,0,
784,0.0,14,0.050000000000000044,9.208648634739802e-07,0.0016485464293509722,0.001187007874250412,,,,,,dqn,cartpole,sparse,0.01,0.99,0,
785,0.0,10,0.050000000000000044,7.860897994760307e-07,0.001902319025248289,0.0009918074356392026,,,,,,dqn,cartpole,sparse,0.01,0.99,0,
786,0.0,14,0.050000000000000044,2.675818677744246e-07,0.0007668593898415565,0.000662519596517086,,,,,,dqn,cartpole,sparse,0.01,0.99,0,
787,0.0,9,0.050000000000000044,6.346100462906179e-07,0.0021882732398808002,0.0009581158519722521,,,,,,dqn,cartpole,sparse,0.01,0.99,0,
788,0.0,28,0.050000000000000044,1.316752786806319e-07,0.001520826481282711,0.00033430708572268486,,,,,,dqn,cartpole,sparse,0.01,0.99,0,
789,0.0,9,0.050000000000000044,3.871060130222759e-07,0.000761177041567862,0.0007625779835507274,,,,,,dqn,cartpole,sparse,0.01,0.99,0,
790,0.0,12,0.050000000000000044,9.268803751183441e-07,0.0018744536209851503,0.0006912772660143673,,,,,,dqn,cartpole,sparse,0.01,0.99,0,
791,0.0,21,0.050000000000000044,8.051978284129291e-07,0.0030781379900872707,0.001034799381159246,,,,,,dqn,cartpole,sparse,0.01,0.99,0,
792,0.0,10,0.050000000000000044,4.609229904417589e-07,0.0013925671810284257,0.0007821799372322857,,,,,,dqn,cartpole,sparse,0.01,0.99,0,
793,0.0,35,0.050000000000000044,1.5153287336033827e-07,0.0016853566048666835,0.0002852482139132917,,,,,,dqn,cartpole,sparse,0.01,0.99,0,
794,0.0,9,0.050000000000000044,6.01645069764345e-07,0.0012901043519377708,0.000566868984606117,,,,,,dqn,cartpole,sparse,0.01,0.99,0,
795,0.0,9,0.050000000000000044,2.4209174398492905e-07,0.0019475123845040798,0.0005720487097278237,,,,,,dqn,cartpole,sparse,0.01,0.99,0,
796,0.0,21,0.050000000000000044,1.9184749078249297e-07,0.0014643509639427066,0.0003875528054777533,,,,,,dqn,cartpole,sparse,0.01,0.99,0,
797,0.0,17,0.050000000000000044,2.778086809485103e-07,0.0015564407221972942,0.0004187065060250461,,,,,,dqn,cartpole,sparse,0.01,0.99,0,
798,0.0,9,0.050000000000000044,5.537678759992559e-08,0.0012722262181341648,0.00022730712953489274,,,,,,dqn,cartpole,sparse,0.01,0.99,0,
799,0.0,24,0.050000000000000044,1.1459044912953686e-07,0.0009645752725191414,0.00038151745684444904,,,,,,dqn,cartpole,sparse,0.01,0.99,0,
800,0.0,57,0.050000000000000044,3.752473105578247e-07,0.0020565565209835768,0.0005610438529402018,,,0.0,0.0,9.4,dqn,cartpole,sparse,0.01,0.99,0,
801,0.0,20,0.050000000000000044,4.3471337107803265e-07,0.001692535588517785,0.0004837212327402085,,,,,,dqn,cartpole,sparse,0.01,0.99,0,
802,0.0,10,0.050000000000000044,4.6772663608862786e-07,0.00162446778267622,0.00038989412132650614,,,,,,dqn,cartpole,sparse,0.01,0.99,0,
803,0.0,10,0.050000000000000044,2.082761767496777e-07,0.0020684313494712114,0.00042515312088653445,,,,,,dqn,cartpole,sparse,0.01,0.99,0,
804,0.0,10,0.050000000000000044,4.817172225557442e-07,0.0020692015532404184,0.0004418291209731251,,,,,,dqn,cartpole,sparse,0.01,0.99,0,
805,0.0,9,0.050000000000000044,6.82136203522532e-07,0.001765781082212925,0.0006398864788934588,,,,,,dqn,cartpole,sparse,0.01,0.99,0,
806,0.0,9,0.050000000000000044,2.2764822915632976e-07,0.001094529521651566,0.000433504581451416,,,,,,dqn,cartpole,sparse,0.01,0.99,0,
807,0.0,32,0.050000000000000044,4.749811211013366e-08,0.0022584719117730856,0.0001841820776462555,,,,,,dqn,cartpole,sparse,0.01,0.99,0,
808,0.0,13,0.050000000000000044,2.6814399234353914e-07,0.001645698444917798,0.0004058706690557301,,,,,,dqn,cartpole,sparse,0.01,0.99,0,
809,0.0,12,0.050000000000000044,2.7941246116824914e-07,0.0008851501625031233,0.0005739227635785937,,,,,,dqn,cartpole,sparse,0.01,0.99,0,
810,0.0,12,0.050000000000000044,8.604243362242414e-08,0.003950512036681175,0.0002897717640735209,,,,,,dqn,cartpole,sparse,0.01,0.99,0,
811,0.0,9,0.050000000000000044,2.422262923573726e-07,0.001896842964924872,0.0004457141039893031,,,,,,dqn,cartpole,sparse,0.01,0.99,0,
812,0.0,10,0.050000000000000044,3.6704665262732306e-07,0.002436621580272913,0.00066314113792032,,,,,,dqn,cartpole,sparse,0.01,0.99,0,
813,0.0,11,0.050000000000000044,3.4835474593819526e-07,0.003196695353835821,0.0006881454028189182,,,,,,dqn,cartpole,sparse,0.01,0.99,0,
814,0.0,9,0.050000000000000044,2.3464626792701893e-06,0.002745178062468767,0.0008775107562541962,,,,,,dqn,cartpole,sparse,0.01,0.99,0,
815,0.0,14,0.050000000000000044,2.700797665511345e-07,0.0033306682016700506,0.0005953960353508592,,,,,,dqn,cartpole,sparse,0.01,0.99,0,
816,0.0,14,0.050000000000000044,3.348209247633349e-07,0.001484376611188054,0.0006562120979651809,,,,,,dqn,cartpole,sparse,0.01,0.99,0,
817,0.0,10,0.050000000000000044,9.6350572675874e-07,0.001803477993234992,0.0009356068912893534,,,,,,dqn,cartpole,sparse,0.01,0.99,0,
818,0.0,11,0.050000000000000044,9.579538527759723e-06,0.003529847599565983,0.0015627848915755749,,,,,,dqn,cartpole,sparse,0.01,0.99,0,
819,0.0,9,0.050000000000000044,1.3404254559645778e-06,0.002511974424123764,0.0008931056363508105,,,,,,dqn,cartpole,sparse,0.01,0.99,0,
820,0.0,12,0.050000000000000044,2.1884596890231478e-07,0.0015834644436836243,0.0006063384935259819,,,,,,dqn,cartpole,sparse,0.01,0.99,0,
821,0.0,9,0.050000000000000044,1.831438930821605e-05,0.0019112518057227135,0.001898632850497961,,,,,,dqn,cartpole,sparse,0.01,0.99,0,
822,0.0,9,0.050000000000000044,4.583830559568014e-06,0.0038980552926659584,0.002636872697621584,,,,,,dqn,cartpole,sparse,0.01,0.99,0,
823,0.0,14,0.050000000000000044,4.62984371552011e-06,0.0015618655597791076,0.0012495587579905987,,,,,,dqn,cartpole,sparse,0.01,0.99,0,
824,0.0,10,0.050000000000000044,4.315463229431771e-06,0.0038047069683670998,0.0024685622192919254,,,,,,dqn,cartpole,sparse,0.01,0.99,0,
825,0.0,48,0.050000000000000044,1.194236688206729e-06,0.00353420153260231,0.0012021239381283522,,,,,,dqn,cartpole,sparse,0.01,0.99,0,
826,0.0,24,0.050000000000000044,1.1083742492701276e-06,0.0027959588915109634,0.0011062968987971544,,,,,,dqn,cartpole,sparse,0.01,0.99,0,
827,0.0,10,0.050000000000000044,4.839004077439313e-07,0.0016195507487282157,0.0007024434162303805,,,,,,dqn,cartpole,sparse,0.01,0.99,0,
828,0.0,10,0.050000000000000044,1.2894508927274728e-06,0.0030451794154942036,0.0012175310403108597,,,,,,dqn,cartpole,sparse,0.01,0.99,0,
829,0.0,24,0.050000000000000044,6.836050943093142e-07,0.0028408183716237545,0.0010005361400544643,,,,,,dqn,cartpole,sparse,0.01,0.99,0,
830,0.0,20,0.050000000000000044,4.1803340877777373e-07,0.002546959323808551,0.0006286165444180369,,,,,,dqn,cartpole,sparse,0.01,0.99,0,
831,0.0,12,0.050000000000000044,3.0930434036235965e-07,0.0029635124374181032,0.000458376482129097,,,,,,dqn,cartpole,sparse,0.01,0.99,0,
832,0.0,11,0.050000000000000044,3.319713641758426e-07,0.0030871194321662188,0.000378577591618523,,,,,,dqn,cartpole,sparse,0.01,0.99,0,
833,0.0,9,0.050000000000000044,1.236791717929009e-07,0.0023641164880245924,0.00037656776839867234,,,,,,dqn,cartpole,sparse,0.01,0.99,0,
834,0.0,10,0.050000000000000044,8.796131112376315e-08,0.0018922802992165089,0.00035116178332827985,,,,,,dqn,cartpole,sparse,0.01,0.99,0,
835,0.0,9,0.050000000000000044,1.5302036899811355e-06,0.0028284492436796427,0.000821444671601057,,,,,,dqn,cartpole,sparse,0.01,0.99,0,
836,0.0,9,0.050000000000000044,7.608335863551474e-07,0.003223966108635068,0.0010115911718457937,,,,,,dqn,cartpole,sparse,0.01,0.99,0,
837,0.0,12,0.050000000000000044,3.681818157019734e-07,0.0031236871145665646,0.0006304124835878611,,,,,,dqn,cartpole,sparse,0.01,0.99,0,
838,0.0,9,0.050000000000000044,1.0513196002648328e-06,0.003492498304694891,0.0010088388808071613,,,,,,dqn,cartpole,sparse,0.01,0.99,0,
839,0.0,11,0.050000000000000044,1.1498552339617163e-05,0.002686793450266123,0.0014597029658034444,,,,,,dqn,cartpole,sparse,0.01,0.99,0,
840,0.0,15,0.050000000000000044,2.7029750526708085e-07,0.00229131942614913,0.00048133626114577055,,,,,,dqn,cartpole,sparse,0.01,0.99,0,
841,0.0,10,0.050000000000000044,2.9611069294332992e-06,0.0020105354487895966,0.0011493091005831957,,,,,,dqn,cartpole,sparse,0.01,0.99,0,
842,0.0,11,0.050000000000000044,3.7013907672189816e-07,0.0022778899874538183,0.0005887928418815136,,,,,,dqn,cartpole,sparse,0.01,0.99,0,
843,0.0,12,0.050000000000000044,1.79664789357048e-06,0.0038160893600434065,0.0008084007422439754,,,,,,dqn,cartpole,sparse,0.01,0.99,0,
844,0.0,10,0.050000000000000044,1.8452678887115326e-06,0.001155290985479951,0.0013542487286031246,,,,,,dqn,cartpole,sparse,0.01,0.99,0,
845,0.0,37,0.050000000000000044,1.8212662098449073e-06,0.00328708253800869,0.0013847074005752802,,,,,,dqn,cartpole,sparse,0.01,0.99,0,
846,0.0,37,0.050000000000000044,2.772813445517386e-07,0.0017335903830826283,0.0004140817327424884,,,,,,dqn,cartpole,sparse,0.01,0.99,0,
847,0.0,22,0.050000000000000044,5.906586579840223e-07,0.0024166146758943796,0.0006680207443423569,,,,,,dqn,cartpole,sparse,0.01,0.99,0,
848,0.0,21,0.050000000000000044,7.625091598129075e-07,0.002269037300720811,0.0010907952673733234,,,,,,dqn,cartpole,sparse,0.01,0.99,0,
849,0.0,9,0.050000000000000044,1.1780289241869468e-06,0.002969845663756132,0.0010627367300912738,,,,,,dqn,cartpole,sparse,0.01,0.99,0,
850,0.0,13,0.050000000000000044,1.1136306738990243e-06,0.0012494733091443777,0.0010512539884075522,,,0.0,0.0,9.4,dqn,cartpole,sparse,0.01,0.99,0,
851,0.0,12,0.050000000000000044,9.565897016727831e-07,0.002765949349850416,0.001028709695674479,,,,,,dqn,cartpole,sparse,0.01,0.99,0,
852,0.0,10,0.050000000000000044,3.0383554872059904e-07,0.0023420951329171658,0.0006006429903209209,,,,,,dqn,cartpole,sparse,0.01,0.99,0,
853,0.0,11,0.050000000000000044,1.9353852565018315e-07,0.0022296058014035225,0.0004950051079504192,,,,,,dqn,cartpole,sparse,0.01,0.99,0,
854,0.0,10,0.050000000000000044,4.299902229831787e-07,0.0020741357002407312,0.0006631046999245882,,,,,,dqn,cartpole,sparse,0.01,0.99,0,
855,0.0,26,0.050000000000000044,4.496179712987214e-07,0.0026225890032947063,0.0007127420976758003,,,,,,dqn,cartpole,sparse,0.01,0.99,0,
856,0.0,32,0.050000000000000044,4.551044980871666e-07,0.0017699019517749548,0.0009254092001356184,,,,,,dqn,cartpole,sparse,0.01,0.99,0,
857,0.0,9,0.050000000000000044,7.525304681621492e-07,0.0037304710131138563,0.0008562792791053653,,,,,,dqn,cartpole,sparse,0.01,0.99,0,
858,0.0,8,0.050000000000000044,4.5991225761099486e-07,0.0017245052149519324,0.0006776037625968456,,,,,,dqn,cartpole,sparse,0.01,0.99,0,
859,0.0,10,0.050000000000000044,4.1382895688002463e-07,0.0018668605480343103,0.000749550701584667,,,,,,dqn,cartpole,sparse,0.01,0.99,0,
860,0.0,9,0.050000000000000044,3.545828235473891e-07,0.0024570408277213573,0.0005009170854464173,,,,,,dqn,cartpole,sparse,0.01,0.99,0,
861,0.0,10,0.050000000000000044,8.393188295485743e-07,0.0021853772923350334,0.0008906038710847497,,,,,,dqn,cartpole,sparse,0.01,0.99,0,
862,0.0,21,0.050000000000000044,7.630738991792896e-07,0.0013071076245978475,0.0010172722395509481,,,,,,dqn,cartpole,sparse,0.01,0.99,0,
863,0.0,9,0.050000000000000044,2.704443318179983e-07,0.002717580646276474,0.00045836219214834273,,,,,,dqn,cartpole,sparse,0.01,0.99,0,
864,0.0,10,0.050000000000000044,3.0275344897745526e-07,0.00183853879570961,0.0006503882468678057,,,,,,dqn,cartpole,sparse,0.01,0.99,0,
865,0.0,14,0.050000000000000044,8.927069217179451e-08,0.002076356904581189,0.00020850644796155393,,,,,,dqn,cartpole,sparse,0.01,0.99,0,
866,0.0,10,0.050000000000000044,5.932697035859746e-07,0.0018898588605225086,0.0005288998363539577,,,,,,dqn,cartpole,sparse,0.01,0.99,0,
867,0.0,9,0.050000000000000044,1.5425762001086696e-07,0.002632894553244114,0.00024058896815404296,,,,,,dqn,cartpole,sparse,0.01,0.99,0,
868,0.0,15,0.050000000000000044,7.231137715280056e-07,0.0022671849001199007,0.0005828050198033452,,,,,,dqn,cartpole,sparse,0.01,0.99,0,
869,0.0,16,0.050000000000000044,6.723482215420518e-07,0.002329869195818901,0.0007308126660063863,,,,,,dqn,cartpole,sparse,0.01,0.99,0,
870,0.0,12,0.050000000000000044,2.687581286409113e-07,0.0026778141036629677,0.0004451917775440961,,,,,,dqn,cartpole,sparse,0.01,0.99,0,
871,0.0,16,0.050000000000000044,5.552478796744253e-07,0.00277047511190176,0.0007221261039376259,,,,,,dqn,cartpole,sparse,0.01,0.99,0,
872,0.0,12,0.050000000000000044,1.1032659585907822e-06,0.0032615968957543373,0.0008803274249657989,,,,,,dqn,cartpole,sparse,0.01,0.99,0,
873,0.0,10,0.050000000000000044,5.824202844451065e-07,0.002629437716677785,0.000560480635613203,,,,,,dqn,cartpole,sparse,0.01,0.99,0,
874,0.0,10,0.050000000000000044,1.905016944192539e-07,0.0017872327007353306,0.0005520592094399035,,,,,,dqn,cartpole,sparse,0.01,0.99,0,
875,0.0,15,0.050000000000000044,2.499085951512825e-07,0.002823139540851116,0.00044001429341733456,,,,,,dqn,cartpole,sparse,0.01,0.99,0,
876,0.0,9,0.050000000000000044,6.870634479128057e-07,0.0017882722895592451,0.0007117100758478045,,,,,,dqn,cartpole,sparse,0.01,0.99,0,
877,0.0,10,0.050000000000000044,5.321329581420287e-07,0.00234919972717762,0.0005646629724651575,,,,,,dqn,cartpole,sparse,0.01,0.99,0,
878,0.0,9,0.050000000000000044,8.150057055900106e-07,0.001987111521884799,0.0009969461243599653,,,,,,dqn,cartpole,sparse,0.01,0.99,0,
879,0.0,16,0.050000000000000044,1.1296572210994782e-06,0.002848139964044094,0.0008799174102023244,,,,,,dqn,cartpole,sparse,0.01,0.99,0,
880,0.0,11,0.050000000000000044,4.579592882691941e-07,0.0032867109403014183,0.0004290823417250067,,,,,,dqn,cartpole,sparse,0.01,0.99,0,
881,0.0,10,0.050000000000000044,3.601304001676908e-07,0.0019775948021560907,0.00045701570343226194,,,,,,dqn,cartpole,sparse,0.01,0.99,0,
882,0.0,9,0.050000000000000044,2.687156666070223e-07,0.002372612012550235,0.0005001348908990622,,,,,,dqn,cartpole,sparse,0.01,0.99,0,
883,0.0,11,0.050000000000000044,2.5830158278949966e-07,0.0018934758845716715,0.0003649535356089473,,,,,,dqn,cartpole,sparse,0.01,0.99,0,
884,0.0,14,0.050000000000000044,8.681553254064056e-07,0.003144747344776988,0.0004378595040179789,,,,,,dqn,cartpole,sparse,0.01,0.99,0,
885,0.0,10,0.050000000000000044,2.0017590941279195e-05,0.004147941246628761,0.0016018240712583065,,,,,,dqn,cartpole,sparse,0.01,0.99,0,
886,0.0,10,0.050000000000000044,1.8980449567607138e-06,0.0028511309064924717,0.0006407342152670026,,,,,,dqn,cartpole,sparse,0.01,0.99,0,
887,0.0,9,0.050000000000000044,5.782873131465749e-07,0.0022806052584201097,0.0009145280928350985,,,,,,dqn,cartpole,sparse,0.01,0.99,0,
888,0.0,10,0.050000000000000044,4.1556734231562587e-07,0.0016543073579668999,0.0007604113779962063,,,,,,dqn,cartpole,sparse,0.01,0.99,0,
889,0.0,9,0.050000000000000044,1.963578597496962e-06,0.004037398379296064,0.00153191271238029,,,,,,dqn,cartpole,sparse,0.01,0.99,0,
890,0.0,20,0.050000000000000044,7.698038189118961e-07,0.002578524872660637,0.001005672151222825,,,,,,dqn,cartpole,sparse,0.01,0.99,0,
891,0.0,9,0.050000000000000044,7.22719505574787e-07,0.0028371012303978205,0.00047172815538942814,,,,,,dqn,cartpole,sparse,0.01,0.99,0,
892,0.0,10,0.050000000000000044,4.04507090934203e-07,0.001275917747989297,0.0008317279862239957,,,,,,dqn,cartpole,sparse,0.01,0.99,0,
893,0.0,14,0.050000000000000044,3.687970888677228e-07,0.00199489900842309,0.0006387118482962251,,,,,,dqn,cartpole,sparse,0.01,0.99,0,
894,0.0,9,0.050000000000000044,1.2999215641684714e-06,0.0023525527212768793,0.0009178124601021409,,,,,,dqn,cartpole,sparse,0.01,0.99,0,
895,0.0,16,0.050000000000000044,2.412215849290078e-07,0.0017408616840839386,0.0004959526122547686,,,,,,dqn,cartpole,sparse,0.01,0.99,0,
896,0.0,16,0.050000000000000044,4.781200004799757e-07,0.0022328575141727924,0.0007180633256211877,,,,,,dqn,cartpole,sparse,0.01,0.99,0,
897,0.0,9,0.050000000000000044,2.8373706300044432e-06,0.0009337731171399355,0.0017426421400159597,,,,,,dqn,cartpole,sparse,0.01,0.99,0,
898,0.0,12,0.050000000000000044,2.969540446429164e-06,0.004053030628710985,0.001953817903995514,,,,,,dqn,cartpole,sparse,0.01,0.99,0,
899,0.0,12,0.050000000000000044,6.055163794371765e-06,0.0007819347083568573,0.0021649093832820654,,,,,,dqn,cartpole,sparse,0.01,0.99,0,
900,0.0,11,0.050000000000000044,2.9645989343407564e-06,0.004319514147937298,0.0021365145221352577,,,0.0,0.0,9.4,dqn,cartpole,sparse,0.01,0.99,0,
901,0.0,30,0.050000000000000044,4.023443580081221e-06,-0.0001084717150661163,0.0023934768978506327,,,,,,dqn,cartpole,sparse,0.01,0.99,0,
902,0.0,20,0.050000000000000044,7.463399356311129e-07,0.0021034011151641607,0.0008177809650078416,,,,,,dqn,cartpole,sparse,0.01,0.99,0,
903,0.0,11,0.050000000000000044,3.025151045221719e-07,0.00209123850800097,0.0006006192415952682,,,,,,dqn,cartpole,sparse,0.01,0.99,0,
904,0.0,10,0.050000000000000044,2.1586859020317206e-06,0.0031055761501193047,0.0010613177437335253,,,,,,dqn,cartpole,sparse,0.01,0.99,0,
905,0.0,16,0.050000000000000044,2.0893385510589724e-07,0.0019455330912023783,0.0004289127537049353,,,,,,dqn,cartpole,sparse,0.01,0.99,0,
906,0.0,17,0.050000000000000044,4.2890843587883865e-07,0.001266255509108305,0.0008760131895542145,,,,,,dqn,cartpole,sparse,0.01,0.99,0,
907,0.0,8,0.050000000000000044,3.079816906392807e-06,0.002802517730742693,0.0007566490094177425,,,,,,dqn,cartpole,sparse,0.01,0.99,0,
908,0.0,15,0.050000000000000044,1.0050192145172332e-07,0.002509473357349634,0.00034792820224538445,,,,,,dqn,cartpole,sparse,0.01,0.99,0,
909,0.0,20,0.050000000000000044,2.2761294076190097e-06,0.0023296517319977283,0.0008118105470202863,,,,,,dqn,cartpole,sparse,0.01,0.99,0,
910,0.0,9,0.050000000000000044,1.3449197240333888e-06,0.0027894130907952785,0.0007836116128601134,,,,,,dqn,cartpole,sparse,0.01,0.99,0,
911,0.0,10,0.050000000000000044,2.6071651859638223e-07,0.0014685859205201268,0.0006946773501113057,,,,,,dqn,cartpole,sparse,0.01,0.99,0,
912,0.0,10,0.050000000000000044,2.1737771760399482e-07,0.003127533011138439,0.0005001996760256588,,,,,,dqn,cartpole,sparse,0.01,0.99,0,
913,0.0,12,0.050000000000000044,7.484725870199327e-07,0.0019976752810180187,0.0010417401790618896,,,,,,dqn,cartpole,sparse,0.01,0.99,0,
914,0.0,17,0.050000000000000044,4.252538587934396e-07,0.003177475417032838,0.0007193537894636393,,,,,,dqn,cartpole,sparse,0.01,0.99,0,
915,0.0,21,0.050000000000000044,4.1474919498796226e-07,0.002473240252584219,0.0007169948075897992,,,,,,dqn,cartpole,sparse,0.01,0.99,0,
916,0.0,15,0.050000000000000044,3.527325702634698e-07,0.0021793681662529707,0.0006176743772812188,,,,,,dqn,cartpole,sparse,0.01,0.99,0,
917,0.0,19,0.050000000000000044,5.461026262310043e-07,0.0026063849218189716,0.0005699150497093797,,,,,,dqn,cartpole,sparse,0.01,0.99,0,
918,0.0,13,0.050000000000000044,2.496596380296978e-06,0.003114652819931507,0.0011992657091468573,,,,,,dqn,cartpole,sparse,0.01,0.99,0,
919,0.0,18,0.050000000000000044,3.598941589189053e-07,0.002097741700708866,0.0007122399983927608,,,,,,dqn,cartpole,sparse,0.01,0.99,0,
920,0.0,9,0.050000000000000044,1.180122580990428e-06,0.0031439694575965405,0.0011790269054472446,,,,,,dqn,cartpole,sparse,0.01,0.99,0,
921,0.0,15,0.050000000000000044,2.0799899402845767e-07,0.0021791644394397736,0.00037825474282726645,,,,,,dqn,cartpole,sparse,0.01,0.99,0,
922,0.0,32,0.050000000000000044,3.1595385507898754e-07,0.002677769400179386,0.0004826033255085349,,,,,,dqn,cartpole,sparse,0.01,0.99,0,
923,0.0,9,0.050000000000000044,4.04391528263659e-07,0.0023981360718607903,0.0006202181102707982,,,,,,dqn,cartpole,sparse,0.01,0.99,0,
924,0.0,11,0.050000000000000044,3.9469927060054033e-07,0.0024225518573075533,0.0005501618143171072,,,,,,dqn,cartpole,sparse,0.01,0.99,0,
925,0.0,26,0.050000000000000044,3.5669108910951763e-07,0.0018513023387640715,0.0005965009331703186,,,,,,dqn,cartpole,sparse,0.01,0.99,0,
926,0.0,9,0.050000000000000044,2.0193155592096446e-07,0.0024518007412552834,0.00033102702582255006,,,,,,dqn,cartpole,sparse,0.01,0.99,0,
927,0.0,9,0.050000000000000044,8.944738851823786e-07,0.0028608571738004684,0.0007969685830175877,,,,,,dqn,cartpole,sparse,0.01,0.99,0,
928,0.0,14,0.050000000000000044,3.367436249845923e-07,0.0020069030579179525,0.0005964089650660753,,,,,,dqn,cartpole,sparse,0.01,0.99,0,
929,0.0,10,0.050000000000000044,3.763184395211283e-07,0.002303182613104582,0.0007194919744506478,,,,,,dqn,cartpole,sparse,0.01,0.99,0,
930,0.0,12,0.050000000000000044,2.876091400594305e-07,0.0023377439938485622,0.00039773256867192686,,,,,,dqn,cartpole,sparse,0.01,0.99,0,
931,0.0,9,0.050000000000000044,4.807526465810952e-07,0.0018989001400768757,0.0007227290188893676,,,,,,dqn,cartpole,sparse,0.01,0.99,0,
932,0.0,14,0.050000000000000044,3.101023366980371e-07,0.0021643643267452717,0.0005559463752433658,,,,,,dqn,cartpole,sparse,0.01,0.99,0,
933,0.0,22,0.050000000000000044,2.7716504291674937e-07,0.002205988857895136,0.0004335464909672737,,,,,,dqn,cartpole,sparse,0.01,0.99,0,
934,0.0,9,0.050000000000000044,4.873541001870763e-07,0.0020354827865958214,0.00036510720383375883,,,,,,dqn,cartpole,sparse,0.01,0.99,0,
935,0.0,10,0.050000000000000044,6.672222951920048e-08,0.002968774875625968,0.00026478013023734093,,,,,,dqn,cartpole,sparse,0.01,0.99,0,
936,0.0,8,0.050000000000000044,2.8146257591288304e-07,0.003227689303457737,0.000493141240440309,,,,,,dqn,cartpole,sparse,0.01,0.99,0,
937,0.0,18,0.050000000000000044,3.3261508747273183e-07,0.002635085955262184,0.000488917576149106,,,,,,dqn,cartpole,sparse,0.01,0.99,0,
938,0.0,15,0.050000000000000044,1.2452763087367202e-07,0.001979839988052845,0.00032627288601361215,,,,,,dqn,cartpole,sparse,0.01,0.99,0,
939,0.0,40,0.050000000000000044,2.9986603067300166e-07,0.0015762271359562874,0.0005375515902414918,,,,,,dqn,cartpole,sparse,0.01,0.99,0,
940,0.0,14,0.050000000000000044,1.6733079633013404e-07,0.0019087183754891157,0.00041193197830580175,,,,,,dqn,cartpole,sparse,0.01,0.99,0,
941,0.0,12,0.050000000000000044,1.1761105270124972e-05,0.0037947511300444603,0.0012120960745960474,,,,,,dqn,cartpole,sparse,0.01,0.99,0,
942,0.0,8,0.050000000000000044,2.838493742274295e-07,0.0013903093058615923,0.0006683024112135172,,,,,,dqn,cartpole,sparse,0.01,0.99,0,
943,0.0,10,0.050000000000000044,3.640660679593566e-06,0.0041740210726857185,0.0014432256575673819,,,,,,dqn,cartpole,sparse,0.01,0.99,0,
944,0.0,9,0.050000000000000044,3.4769260537359514e-07,0.0031022713519632816,0.0005206149071455002,,,,,,dqn,cartpole,sparse,0.01,0.99,0,
945,0.0,28,0.050000000000000044,3.0532385153492214e-07,0.0016356536652892828,0.0006298826774582267,,,,,,dqn,cartpole,sparse,0.01,0.99,0,
946,0.0,19,0.050000000000000044,2.763121756288456e-06,0.0025338176637887955,0.0008042663102969527,,,,,,dqn,cartpole,sparse,0.01,0.99,0,
947,0.0,8,0.050000000000000044,6.883669811941218e-07,0.002747209742665291,0.0009688282152637839,,,,,,dqn,cartpole,sparse,0.01,0.99,0,
948,0.0,15,0.050000000000000044,1.6645067262288649e-06,0.002326717833057046,0.000920790305826813,,,,,,dqn,cartpole,sparse,0.01,0.99,0,
949,0.0,9,0.050000000000000044,5.607751063507749e-07,0.002354298485442996,0.0006226460682228208,,,,,,dqn,cartpole,sparse,0.01,0.99,0,
950,0.0,10,0.050000000000000044,4.0902108366935863e-07,0.0013297214172780514,0.000825664319563657,,,0.0,0.0,9.4,dqn,cartpole,sparse,0.01,0.99,0,
951,0.0,9,0.050000000000000044,5.085211114419508e-07,0.0028896895237267017,0.0008519924012944102,,,,,,dqn,cartpole,sparse,0.01,0.99,0,
952,0.0,9,0.050000000000000044,5.954178732281434e-07,0.0020922236144542694,0.0008916874649003148,,,,,,dqn,cartpole,sparse,0.01,0.99,0,
953,0.0,14,0.050000000000000044,8.262751407528413e-07,0.0034856339916586876,0.000659500015899539,,,,,,dqn,cartpole,sparse,0.01,0.99,0,
954,0.0,9,0.050000000000000044,7.346442316702451e-07,0.0013519189087674022,0.0008854286279529333,,,,,,dqn,cartpole,sparse,0.01,0.99,0,
955,0.0,10,0.050000000000000044,2.385388324910309e-05,0.0024411403574049473,0.0015349786262959242,,,,,,dqn,cartpole,sparse,0.01,0.99,0,
956,0.0,28,0.050000000000000044,4.763644483318785e-07,0.0003077934088651091,0.0008726825471967459,,,,,,dqn,cartpole,sparse,0.01,0.99,0,
957,0.0,21,0.050000000000000044,3.842794740194222e-07,0.0004631896154023707,0.0008176363189704716,,,,,,dqn,cartpole,sparse,0.01,0.99,0,
958,0.0,12,0.050000000000000044,3.7393760976556223e-07,0.0019763405434787273,0.0007706525502726436,,,,,,dqn,cartpole,sparse,0.01,0.99,0,
959,0.0,31,0.050000000000000044,8.826737030176446e-08,0.0009051719680428505,0.00040359701961278915,,,,,,dqn,cartpole,sparse,0.01,0.99,0,
960,0.0,29,0.050000000000000044,1.580575457182931e-07,0.0015924973413348198,0.0003422144800424576,,,,,,dqn,cartpole,sparse,0.01,0.99,0,
961,0.0,29,0.050000000000000044,5.959314464121235e-08,0.0012877669651061296,0.00026001984952017665,,,,,,dqn,cartpole,sparse,0.01,0.99,0,
962,0.0,25,0.050000000000000044,7.267858563864138e-07,0.0014983797445893288,0.0003017369599547237,,,,,,dqn,cartpole,sparse,0.01,0.99,0,
963,0.0,10,0.050000000000000044,2.6681220788304927e-07,0.0014785828534513712,0.00032634814851917326,,,,,,dqn,cartpole,sparse,0.01,0.99,0,
964,0.0,9,0.050000000000000044,6.075418923501275e-08,0.0016742527950555086,0.00022626447025686502,,,,,,dqn,cartpole,sparse,0.01,0.99,0,
965,0.0,8,0.050000000000000044,1.3035594292887254e-07,0.00134760863147676,0.00021997877047397196,,,,,,dqn,cartpole,sparse,0.01,0.99,0,
966,0.0,9,0.050000000000000044,1.3632042339395412e-07,0.0011392291635274887,0.00035149045288562775,,,,,,dqn,cartpole,sparse,0.01,0.99,0,
967,0.0,14,0.050000000000000044,7.004725688375402e-08,0.0013331497320905328,0.00019004274508915842,,,,,,dqn,cartpole,sparse,0.01,0.99,0,
968,0.0,10,0.050000000000000044,1.2604314747477474e-07,0.00124736363068223,0.00032447619014419615,,,,,,dqn,cartpole,sparse,0.01,0.99,0,
969,0.0,20,0.050000000000000044,2.665847205207683e-07,0.001160834333859384,0.0003840902936644852,,,,,,dqn,cartpole,sparse,0.01,0.99,0,
970,0.0,23,0.050000000000000044,6.531882945637335e-08,0.0012811038177460432,0.0001344892370980233,,,,,,dqn,cartpole,sparse,0.01,0.99,0,
971,0.0,10,0.050000000000000044,7.463589213330124e-08,0.001417157705873251,0.00022663536947220564,,,,,,dqn,cartpole,sparse,0.01,0.99,0,
972,0.0,12,0.050000000000000044,6.596540913506033e-08,0.001253676600754261,0.00016074941959232092,,,,,,dqn,cartpole,sparse,0.01,0.99,0,
973,0.0,19,0.050000000000000044,2.684991784462909e-08,0.0014207186177372932,0.00013568191207014024,,,,,,dqn,cartpole,sparse,0.01,0.99,0,
974,0.0,10,0.050000000000000044,1.30919318053202e-07,0.001185343717224896,0.0003106881049461663,,,,,,dqn,cartpole,sparse,0.01,0.99,0,
975,0.0,8,0.050000000000000044,7.490905318263685e-08,0.0013719606213271618,0.0002152477827621624,,,,,,dqn,cartpole,sparse,0.01,0.99,0,
976,0.0,9,0.050000000000000044,2.1019566531776945e-07,0.0013740083668380976,0.00024167561787180603,,,,,,dqn,cartpole,sparse,0.01,0.99,0,
977,0.0,8,0.050000000000000044,7.06844502929016e-08,0.0012916584964841604,0.00025767897022888064,,,,,,dqn,cartpole,sparse,0.01,0.99,0,
978,0.0,16,0.050000000000000044,1.3277441368586551e-08,0.0011756712337955832,0.00014539394760504365,,,,,,dqn,cartpole,sparse,0.01,0.99,0,
979,0.0,10,0.050000000000000044,6.923001194536482e-08,0.0012253150343894958,0.00034102844074368477,,,,,,dqn,cartpole,sparse,0.01,0.99,0,
980,0.0,13,0.050000000000000044,1.2510561475664872e-07,0.0011612619273364544,0.0004067000118084252,,,,,,dqn,cartpole,sparse,0.01,0.99,0,
981,0.0,11,0.050000000000000044,8.365270787180634e-08,0.0013128125574439764,0.0003612802247516811,,,,,,dqn,cartpole,sparse,0.01,0.99,0,
982,0.0,10,0.050000000000000044,5.752252008051073e-08,0.0010910502169281244,0.0002624892513267696,,,,,,dqn,cartpole,sparse,0.01,0.99,0,
983,0.0,9,0.050000000000000044,7.984310457231913e-08,0.0012525711208581924,0.00030300801154226065,,,,,,dqn,cartpole,sparse,0.01,0.99,0,
984,0.0,10,0.050000000000000044,4.8724629664320673e-08,0.001260506920516491,0.0001678749977145344,,,,,,dqn,cartpole,sparse,0.01,0.99,0,
985,0.0,8,0.050000000000000044,9.655930455210182e-08,0.0010943233501166105,0.00032461946830153465,,,,,,dqn,cartpole,sparse,0.01,0.99,0,
986,0.0,9,0.050000000000000044,3.506447399104218e-08,0.0014130675699561834,0.0001337803842034191,,,,,,dqn,cartpole,sparse,0.01,0.99,0,
987,0.0,10,0.050000000000000044,2.142755590739398e-07,0.001420062268152833,0.00032897619530558586,,,,,,dqn,cartpole,sparse,0.01,0.99,0,
988,0.0,11,0.050000000000000044,1.4592995967177558e-07,0.0015380154363811016,0.0003103432827629149,,,,,,dqn,cartpole,sparse,0.01,0.99,0,
989,0.0,9,0.050000000000000044,1.4475114085144014e-07,0.0010693817166611552,0.0004444519290700555,,,,,,dqn,cartpole,sparse,0.01,0.99,0,
990,0.0,13,0.050000000000000044,4.23428794249503e-08,0.0012289055157452822,0.00014473305782303214,,,,,,dqn,cartpole,sparse,0.01,0.99,0,
991,0.0,9,0.050000000000000044,5.1692705227424085e-08,0.001110169105231762,0.00025386197376064956,,,,,,dqn,cartpole,sparse,0.01,0.99,0,
992,0.0,49,0.050000000000000044,1.7203372237872827e-07,0.0016327504999935627,0.00040758424438536167,,,,,,dqn,cartpole,sparse,0.01,0.99,0,
993,0.0,29,0.050000000000000044,5.1389150712566334e-08,0.0012964375782757998,0.00026708486257120967,,,,,,dqn,cartpole,sparse,0.01,0.99,0,
994,0.0,11,0.050000000000000044,4.100065353895843e-08,0.001517773955129087,0.00022614301997236907,,,,,,dqn,cartpole,sparse,0.01,0.99,0,
995,0.0,11,0.050000000000000044,9.488886831832133e-08,0.0009683254174888134,0.0003691613092087209,,,,,,dqn,cartpole,sparse,0.01,0.99,0,
996,0.0,9,0.050000000000000044,8.968873999037896e-08,0.0015340063255280256,0.0002600535226520151,,,,,,dqn,cartpole,sparse,0.01,0.99,0,
997,0.0,20,0.050000000000000044,8.025742914696821e-08,0.0013016381999477744,0.00028312578797340393,,,,,,dqn,cartpole,sparse,0.01,0.99,0,
998,0.0,10,0.050000000000000044,4.7916010714743607e-08,0.0011468874290585518,0.00020567674073390663,,,,,,dqn,cartpole,sparse,0.01,0.99,0,
999,0.0,9,0.050000000000000044,1.7975899879729695e-07,0.0011078201932832599,0.0003635078319348395,,,,,,dqn,cartpole,sparse,0.01,0.99,0,
1000,0.0,9,0.050000000000000044,1.6394260171637143e-07,0.0016239236574620008,0.00038887860137037933,,,0.0,0.0,9.4,dqn,cartpole,sparse,0.01,0.99,0,
