episode,return,length,epsilon,loss,q_mean,td_error_mean,icm_loss,intrinsic_reward_mean,eval_return_mean,eval_return_std,eval_length_mean,agent,env,reward_type,lr,gamma,seed,eta
1,0.0,29,1.0,nan,nan,nan,,,,,,dqn,cartpole,sparse,0.01,0.99,1,
2,0.0,15,0.9968333333333333,nan,nan,nan,,,,,,dqn,cartpole,sparse,0.01,0.99,1,
3,0.0,16,0.9936666666666667,nan,nan,nan,,,,,,dqn,cartpole,sparse,0.01,0.99,1,
4,0.0,10,0.9905,nan,nan,nan,,,,,,dqn,cartpole,sparse,0.01,0.99,1,
5,0.0,20,0.9873333333333333,nan,nan,nan,,,,,,dqn,cartpole,sparse,0.01,0.99,1,
6,0.0,31,0.9841666666666666,nan,nan,nan,,,,,,dqn,cartpole,sparse,0.01,0.99,1,
7,0.0,18,0.981,nan,nan,nan,,,,,,dqn,cartpole,sparse,0.01,0.99,1,
8,0.0,19,0.9778333333333333,nan,nan,nan,,,,,,dqn,cartpole,sparse,0.01,0.99,1,
9,0.0,13,0.9746666666666667,nan,nan,nan,,,,,,dqn,cartpole,sparse,0.01,0.99,1,
10,0.0,10,0.9715,nan,nan,nan,,,,,,dqn,cartpole,sparse,0.01,0.99,1,
11,0.0,16,0.9683333333333334,nan,nan,nan,,,,,,dqn,cartpole,sparse,0.01,0.99,1,
12,0.0,15,0.9651666666666666,nan,nan,nan,,,,,,dqn,cartpole,sparse,0.01,0.99,1,
13,0.0,14,0.962,nan,nan,nan,,,,,,dqn,cartpole,sparse,0.01,0.99,1,
14,0.0,10,0.9588333333333333,nan,nan,nan,,,,,,dqn,cartpole,sparse,0.01,0.99,1,
15,0.0,38,0.9556666666666667,nan,nan,nan,,,,,,dqn,cartpole,sparse,0.01,0.99,1,
16,0.0,11,0.9525,nan,nan,nan,,,,,,dqn,cartpole,sparse,0.01,0.99,1,
17,0.0,35,0.9493333333333334,nan,nan,nan,,,,,,dqn,cartpole,sparse,0.01,0.99,1,
18,0.0,14,0.9461666666666667,nan,nan,nan,,,,,,dqn,cartpole,sparse,0.01,0.99,1,
19,0.0,24,0.9430000000000001,nan,nan,nan,,,,,,dqn,cartpole,sparse,0.01,0.99,1,
20,0.0,17,0.9398333333333333,nan,nan,nan,,,,,,dqn,cartpole,sparse,0.01,0.99,1,
21,0.0,10,0.9366666666666666,nan,nan,nan,,,,,,dqn,cartpole,sparse,0.01,0.99,1,
22,0.0,12,0.9335,nan,nan,nan,,,,,,dqn,cartpole,sparse,0.01,0.99,1,
23,0.0,17,0.9303333333333333,nan,nan,nan,,,,,,dqn,cartpole,sparse,0.01,0.99,1,
24,0.0,30,0.9271666666666667,nan,nan,nan,,,,,,dqn,cartpole,sparse,0.01,0.99,1,
25,0.0,18,0.924,nan,nan,nan,,,,,,dqn,cartpole,sparse,0.01,0.99,1,
26,0.0,21,0.9208333333333334,nan,nan,nan,,,,,,dqn,cartpole,sparse,0.01,0.99,1,
27,0.0,22,0.9176666666666666,0.001436071703210473,0.04621901363134384,0.039678238332271576,,,,,,dqn,cartpole,sparse,0.01,0.99,1,
28,0.0,21,0.9145,0.0003004003083333373,0.00496904319152236,0.01883300393819809,,,,,,dqn,cartpole,sparse,0.01,0.99,1,
29,0.0,26,0.9113333333333333,9.472672536503524e-05,0.016136398538947105,0.007869230583310127,,,,,,dqn,cartpole,sparse,0.01,0.99,1,
30,0.0,12,0.9081666666666667,3.0040793717489578e-05,0.013085290789604187,0.005307973362505436,,,,,,dqn,cartpole,sparse,0.01,0.99,1,
31,0.0,15,0.905,2.669396963028703e-05,0.008409647271037102,0.005036765709519386,,,,,,dqn,cartpole,sparse,0.01,0.99,1,
32,0.0,12,0.9018333333333334,2.9949078452773392e-05,0.008031236007809639,0.005339747294783592,,,,,,dqn,cartpole,sparse,0.01,0.99,1,
33,0.0,31,0.8986666666666667,1.5544188499916345e-05,0.00989641435444355,0.004027417860925198,,,,,,dqn,cartpole,sparse,0.01,0.99,1,
34,0.0,35,0.8955,8.966562745627016e-06,0.01217312179505825,0.0025350404903292656,,,,,,dqn,cartpole,sparse,0.01,0.99,1,
35,0.0,23,0.8923333333333333,1.1284500033070799e-05,0.009067614562809467,0.0035398355685174465,,,,,,dqn,cartpole,sparse,0.01,0.99,1,
36,0.0,12,0.8891666666666667,1.0200416909356136e-05,0.01057356409728527,0.002861414570361376,,,,,,dqn,cartpole,sparse,0.01,0.99,1,
37,0.0,16,0.886,1.4808243577135727e-05,0.009990591555833817,0.004243632312864065,,,,,,dqn,cartpole,sparse,0.01,0.99,1,
38,0.0,11,0.8828333333333334,2.3495833374909125e-05,0.010087672621011734,0.0037737595848739147,,,,,,dqn,cartpole,sparse,0.01,0.99,1,
39,0.0,11,0.8796666666666667,2.6374229491921142e-05,0.00945570319890976,0.004105257336050272,,,,,,dqn,cartpole,sparse,0.01,0.99,1,
40,0.0,54,0.8765000000000001,4.6618402848253027e-05,0.011280562728643417,0.005087879486382008,,,,,,dqn,cartpole,sparse,0.01,0.99,1,
41,0.0,27,0.8733333333333333,1.2342716217972338e-05,0.010026177391409874,0.0036391420289874077,,,,,,dqn,cartpole,sparse,0.01,0.99,1,
42,0.0,22,0.8701666666666666,1.4047489457880147e-05,0.012059060856699944,0.004219061695039272,,,,,,dqn,cartpole,sparse,0.01,0.99,1,
43,0.0,11,0.867,1.7440974261262454e-05,0.011792417615652084,0.0036259572952985764,,,,,,dqn,cartpole,sparse,0.01,0.99,1,
44,0.0,13,0.8638333333333333,1.829846587497741e-05,0.009068012237548828,0.003358579706400633,,,,,,dqn,cartpole,sparse,0.01,0.99,1,
45,0.0,16,0.8606666666666667,1.3088509149383754e-05,0.009871676564216614,0.0032811141572892666,,,,,,dqn,cartpole,sparse,0.01,0.99,1,
46,0.0,34,0.8575,1.657395296206232e-05,0.011946643702685833,0.0032812601421028376,,,,,,dqn,cartpole,sparse,0.01,0.99,1,
47,0.0,27,0.8543333333333334,1.0330162695026956e-05,0.00925835408270359,0.0030852071940898895,,,,,,dqn,cartpole,sparse,0.01,0.99,1,
48,0.0,41,0.8511666666666666,1.2824921213905327e-05,0.009455397725105286,0.0030107093043625355,,,,,,dqn,cartpole,sparse,0.01,0.99,1,
49,0.0,13,0.848,5.6827839216566645e-06,0.00914211105555296,0.0022308938205242157,,,,,,dqn,cartpole,sparse,0.01,0.99,1,
50,0.0,21,0.8448333333333333,7.125589945644606e-06,0.008650382980704308,0.0023486216086894274,,,0.0,0.0,9.5,dqn,cartpole,sparse,0.01,0.99,1,
51,0.0,11,0.8416666666666667,2.4149787350324914e-05,0.009705176576972008,0.0042989179491996765,,,,,,dqn,cartpole,sparse,0.01,0.99,1,
52,0.0,13,0.8385,6.69085875415476e-06,0.012285063043236732,0.002560393186286092,,,,,,dqn,cartpole,sparse,0.01,0.99,1,
53,0.0,17,0.8353333333333334,1.2950726159033366e-05,0.011133985593914986,0.003741361666470766,,,,,,dqn,cartpole,sparse,0.01,0.99,1,
54,0.0,10,0.8321666666666667,1.8914026441052556e-05,0.009518548846244812,0.0029768783133476973,,,,,,dqn,cartpole,sparse,0.01,0.99,1,
55,0.0,12,0.829,1.1955256923101842e-05,0.010858198627829552,0.003665111493319273,,,,,,dqn,cartpole,sparse,0.01,0.99,1,
56,0.0,14,0.8258333333333334,3.0992487154435366e-05,0.007667797151952982,0.0036434843204915524,,,,,,dqn,cartpole,sparse,0.01,0.99,1,
57,0.0,12,0.8226666666666667,2.422794386802707e-05,0.01295708678662777,0.0038821145426481962,,,,,,dqn,cartpole,sparse,0.01,0.99,1,
58,0.0,15,0.8195,1.910371247504372e-05,0.009887820109724998,0.0027524996548891068,,,,,,dqn,cartpole,sparse,0.01,0.99,1,
59,0.0,13,0.8163333333333334,2.4673672669450752e-05,0.008091773837804794,0.004753118846565485,,,,,,dqn,cartpole,sparse,0.01,0.99,1,
60,0.0,11,0.8131666666666667,2.818115899572149e-05,0.01154454704374075,0.004550190642476082,,,,,,dqn,cartpole,sparse,0.01,0.99,1,
61,0.0,12,0.81,5.490202966029756e-06,0.013589221984148026,0.0023720068857073784,,,,,,dqn,cartpole,sparse,0.01,0.99,1,
62,0.0,21,0.8068333333333333,3.755233046831563e-05,0.012127120047807693,0.004426595754921436,,,,,,dqn,cartpole,sparse,0.01,0.99,1,
63,0.0,22,0.8036666666666666,1.0417841622256674e-05,0.01226011011749506,0.0030933695379644632,,,,,,dqn,cartpole,sparse,0.01,0.99,1,
64,0.0,12,0.8005,1.2106547728762962e-05,0.01193789392709732,0.0035467189736664295,,,,,,dqn,cartpole,sparse,0.01,0.99,1,
65,0.0,16,0.7973333333333333,1.6226120351348072e-05,0.010600609704852104,0.002841900335624814,,,,,,dqn,cartpole,sparse,0.01,0.99,1,
66,0.0,15,0.7941666666666667,1.0662080057954881e-05,0.010509761050343513,0.0034197785425931215,,,,,,dqn,cartpole,sparse,0.01,0.99,1,
67,0.0,13,0.791,1.805109241104219e-05,0.008823060430586338,0.004059766884893179,,,,,,dqn,cartpole,sparse,0.01,0.99,1,
68,0.0,20,0.7878333333333334,1.1242954315093812e-05,0.013784980401396751,0.0034797789994627237,,,,,,dqn,cartpole,sparse,0.01,0.99,1,
69,0.0,14,0.7846666666666666,9.66339030128438e-06,0.007852406240999699,0.00294004799798131,,,,,,dqn,cartpole,sparse,0.01,0.99,1,
70,0.0,27,0.7815,5.528629117179662e-06,0.010033974424004555,0.0023650582879781723,,,,,,dqn,cartpole,sparse,0.01,0.99,1,
71,0.0,11,0.7783333333333333,3.009289866895415e-05,0.012008430436253548,0.0035004387609660625,,,,,,dqn,cartpole,sparse,0.01,0.99,1,
72,0.0,19,0.7751666666666667,9.18305158847943e-06,0.009964639320969582,0.0029792063869535923,,,,,,dqn,cartpole,sparse,0.01,0.99,1,
73,0.0,23,0.772,7.533367352152709e-06,0.011297855526208878,0.002308798022568226,,,,,,dqn,cartpole,sparse,0.01,0.99,1,
74,0.0,18,0.7688333333333334,1.6068992408690974e-05,0.00989057682454586,0.00307127321138978,,,,,,dqn,cartpole,sparse,0.01,0.99,1,
75,0.0,12,0.7656666666666667,5.8928148973791394e-06,0.012513088062405586,0.0024963910691440105,,,,,,dqn,cartpole,sparse,0.01,0.99,1,
76,0.0,14,0.7625,7.715640094829723e-06,0.011587980203330517,0.0024418169632554054,,,,,,dqn,cartpole,sparse,0.01,0.99,1,
77,0.0,10,0.7593333333333333,8.500138392264489e-06,0.011043554171919823,0.002201038645580411,,,,,,dqn,cartpole,sparse,0.01,0.99,1,
78,0.0,11,0.7561666666666667,1.4321729395305738e-05,0.011293312534689903,0.002950289286673069,,,,,,dqn,cartpole,sparse,0.01,0.99,1,
79,0.0,9,0.753,6.725216735503636e-06,0.00855771079659462,0.0025187875144183636,,,,,,dqn,cartpole,sparse,0.01,0.99,1,
80,0.0,11,0.7498333333333334,6.835911335656419e-06,0.008795713074505329,0.0024107869248837233,,,,,,dqn,cartpole,sparse,0.01,0.99,1,
81,0.0,12,0.7466666666666667,4.975542196916649e-06,0.011139974929392338,0.0020341065246611834,,,,,,dqn,cartpole,sparse,0.01,0.99,1,
82,0.0,15,0.7435,4.004407674074173e-05,0.01027589663863182,0.0038840463384985924,,,,,,dqn,cartpole,sparse,0.01,0.99,1,
83,0.0,18,0.7403333333333333,1.0628717973304447e-05,0.008165694773197174,0.00290619395673275,,,,,,dqn,cartpole,sparse,0.01,0.99,1,
84,0.0,18,0.7371666666666667,9.967339792638086e-06,0.009429551661014557,0.0025281510315835476,,,,,,dqn,cartpole,sparse,0.01,0.99,1,
85,0.0,38,0.734,6.697240678477101e-06,0.010375839658081532,0.002724842634052038,,,,,,dqn,cartpole,sparse,0.01,0.99,1,
86,0.0,10,0.7308333333333333,7.392020961560775e-06,0.010560430586338043,0.0025853170081973076,,,,,,dqn,cartpole,sparse,0.01,0.99,1,
87,0.0,25,0.7276666666666667,3.887243110511918e-06,0.010060851462185383,0.0018765630666166544,,,,,,dqn,cartpole,sparse,0.01,0.99,1,
88,0.0,16,0.7245,1.263588092115242e-05,0.007310601882636547,0.002826513722538948,,,,,,dqn,cartpole,sparse,0.01,0.99,1,
89,0.0,11,0.7213333333333334,1.984780465136282e-05,0.013192497193813324,0.0035686655901372433,,,,,,dqn,cartpole,sparse,0.01,0.99,1,
90,0.0,13,0.7181666666666666,8.707167580723763e-06,0.011942931450903416,0.002872951328754425,,,,,,dqn,cartpole,sparse,0.01,0.99,1,
91,0.0,20,0.7150000000000001,1.8533843103796244e-05,0.010055223479866982,0.0051430948078632355,,,,,,dqn,cartpole,sparse,0.01,0.99,1,
92,0.0,14,0.7118333333333333,2.590693111415021e-05,0.008609309792518616,0.003910251893103123,,,,,,dqn,cartpole,sparse,0.01,0.99,1,
93,0.0,18,0.7086666666666668,5.9801054703712e-06,0.013530422933399677,0.0029472620226442814,,,,,,dqn,cartpole,sparse,0.01,0.99,1,
94,0.0,16,0.7055,1.3955489521322306e-05,0.009464774280786514,0.003226036671549082,,,,,,dqn,cartpole,sparse,0.01,0.99,1,
95,0.0,18,0.7023333333333333,7.502605512854643e-06,0.011248409748077393,0.0026565915904939175,,,,,,dqn,cartpole,sparse,0.01,0.99,1,
96,0.0,11,0.6991666666666667,5.375691216613632e-06,0.010440682992339134,0.002255929633975029,,,,,,dqn,cartpole,sparse,0.01,0.99,1,
97,0.0,14,0.696,1.1774804079323076e-05,0.013012868352234364,0.003002614714205265,,,,,,dqn,cartpole,sparse,0.01,0.99,1,
98,0.0,21,0.6928333333333334,1.2120644896640442e-05,0.012319736182689667,0.002037225291132927,,,,,,dqn,cartpole,sparse,0.01,0.99,1,
99,0.0,10,0.6896666666666667,1.1236526916036382e-05,0.0104812141507864,0.0028680195100605488,,,,,,dqn,cartpole,sparse,0.01,0.99,1,
100,0.0,15,0.6865,2.4075179680949077e-05,0.012640178203582764,0.00320792174898088,,,0.0,0.0,9.5,dqn,cartpole,sparse,0.01,0.99,1,
101,0.0,12,0.6833333333333333,1.6513913578819484e-05,0.011529916897416115,0.0029852266889065504,,,,,,dqn,cartpole,sparse,0.01,0.99,1,
102,0.0,11,0.6801666666666667,1.361166505375877e-05,0.00968936923891306,0.0024656527675688267,,,,,,dqn,cartpole,sparse,0.01,0.99,1,
103,0.0,14,0.677,5.325578968040645e-06,0.009213834069669247,0.0024689645506441593,,,,,,dqn,cartpole,sparse,0.01,0.99,1,
104,0.0,10,0.6738333333333333,1.1731091944966465e-05,0.01001201942563057,0.0022666901350021362,,,,,,dqn,cartpole,sparse,0.01,0.99,1,
105,0.0,26,0.6706666666666667,4.074772277817829e-06,0.006784994620829821,0.002326095709577203,,,,,,dqn,cartpole,sparse,0.01,0.99,1,
106,0.0,12,0.6675,1.5954863556544296e-05,0.00886669009923935,0.0038339842576533556,,,,,,dqn,cartpole,sparse,0.01,0.99,1,
107,0.0,16,0.6643333333333333,8.533550499123521e-06,0.015485493466258049,0.0034750192426145077,,,,,,dqn,cartpole,sparse,0.01,0.99,1,
108,0.0,12,0.6611666666666667,8.449618690065108e-06,0.011480877175927162,0.002895388286560774,,,,,,dqn,cartpole,sparse,0.01,0.99,1,
109,0.0,19,0.658,1.0183906852034852e-05,0.010508567094802856,0.003029912244528532,,,,,,dqn,cartpole,sparse,0.01,0.99,1,
110,0.0,9,0.6548333333333334,1.5032741430331953e-05,0.010669033974409103,0.003432245459407568,,,,,,dqn,cartpole,sparse,0.01,0.99,1,
111,0.0,11,0.6516666666666667,1.0059742635348812e-05,0.011889494024217129,0.003252424066886306,,,,,,dqn,cartpole,sparse,0.01,0.99,1,
112,0.0,9,0.6485000000000001,1.3982031305204146e-05,0.012344863265752792,0.0033457130193710327,,,,,,dqn,cartpole,sparse,0.01,0.99,1,
113,0.0,23,0.6453333333333333,5.220156253926689e-06,0.013248014263808727,0.0019442030461505055,,,,,,dqn,cartpole,sparse,0.01,0.99,1,
114,0.0,10,0.6421666666666668,1.3258151739137247e-05,0.013401905074715614,0.0026419498026371002,,,,,,dqn,cartpole,sparse,0.01,0.99,1,
115,0.0,14,0.639,1.5090489796421025e-05,0.009855939075350761,0.003558312077075243,,,,,,dqn,cartpole,sparse,0.01,0.99,1,
116,0.0,14,0.6358333333333333,3.067177385673858e-05,0.01035696268081665,0.0033848718740046024,,,,,,dqn,cartpole,sparse,0.01,0.99,1,
117,0.0,15,0.6326666666666667,9.66272364166798e-06,0.013358836993575096,0.0034775466192513704,,,,,,dqn,cartpole,sparse,0.01,0.99,1,
118,0.0,13,0.6295,1.2652097211685032e-05,0.0100234504789114,0.003967074677348137,,,,,,dqn,cartpole,sparse,0.01,0.99,1,
119,0.0,13,0.6263333333333334,1.0404421118437313e-05,0.01273115910589695,0.003279782133176923,,,,,,dqn,cartpole,sparse,0.01,0.99,1,
120,0.0,16,0.6231666666666666,1.2157885066699237e-05,0.012314308434724808,0.003728005336597562,,,,,,dqn,cartpole,sparse,0.01,0.99,1,
121,0.0,11,0.62,1.1234692465222906e-05,0.010285694152116776,0.0034913832787424326,,,,,,dqn,cartpole,sparse,0.01,0.99,1,
122,0.0,13,0.6168333333333333,1.5911940863588825e-05,0.013302244246006012,0.004002413712441921,,,,,,dqn,cartpole,sparse,0.01,0.99,1,
123,0.0,13,0.6136666666666667,6.231928182387492e-06,0.010390514507889748,0.0022178718354552984,,,,,,dqn,cartpole,sparse,0.01,0.99,1,
124,0.0,15,0.6105,6.900998869241448e-06,0.014272821135818958,0.0027515175752341747,,,,,,dqn,cartpole,sparse,0.01,0.99,1,
125,0.0,11,0.6073333333333333,4.015244485344738e-06,0.01127849891781807,0.001508059911429882,,,,,,dqn,cartpole,sparse,0.01,0.99,1,
126,0.0,25,0.6041666666666667,9.58906275627669e-06,0.014312101528048515,0.0023734692949801683,,,,,,dqn,cartpole,sparse,0.01,0.99,1,
127,0.0,12,0.601,1.7945290892384946e-05,0.012547200545668602,0.0031942029017955065,,,,,,dqn,cartpole,sparse,0.01,0.99,1,
128,0.0,16,0.5978333333333333,1.4979176739871036e-05,0.012505762279033661,0.0032710188534110785,,,,,,dqn,cartpole,sparse,0.01,0.99,1,
129,0.0,21,0.5946666666666667,7.783770342939533e-06,0.012989584356546402,0.002707776613533497,,,,,,dqn,cartpole,sparse,0.01,0.99,1,
130,0.0,18,0.5915,1.0879139153985307e-05,0.011087179183959961,0.0031229276210069656,,,,,,dqn,cartpole,sparse,0.01,0.99,1,
131,0.0,12,0.5883333333333334,5.337675247574225e-06,0.012136818841099739,0.0022279846016317606,,,,,,dqn,cartpole,sparse,0.01,0.99,1,
132,0.0,10,0.5851666666666667,6.170958840812091e-06,0.01306990347802639,0.002420977223664522,,,,,,dqn,cartpole,sparse,0.01,0.99,1,
133,0.0,16,0.5820000000000001,7.835379619791638e-06,0.01334985438734293,0.002104591578245163,,,,,,dqn,cartpole,sparse,0.01,0.99,1,
134,0.0,11,0.5788333333333333,1.0887713870033622e-05,0.012404656037688255,0.0033642088528722525,,,,,,dqn,cartpole,sparse,0.01,0.99,1,
135,0.0,14,0.5756666666666668,1.1644939149846323e-05,0.010636048391461372,0.0033219256438314915,,,,,,dqn,cartpole,sparse,0.01,0.99,1,
136,0.0,11,0.5725,1.8267832274432294e-05,0.015394596382975578,0.0043654171749949455,,,,,,dqn,cartpole,sparse,0.01,0.99,1,
137,0.0,12,0.5693333333333334,1.4528126484947279e-05,0.010426952503621578,0.0033852970227599144,,,,,,dqn,cartpole,sparse,0.01,0.99,1,
138,0.0,11,0.5661666666666667,1.114346923714038e-05,0.01028548926115036,0.0028614834882318974,,,,,,dqn,cartpole,sparse,0.01,0.99,1,
139,0.0,10,0.563,1.0590664714982267e-05,0.012693659402430058,0.0029048712458461523,,,,,,dqn,cartpole,sparse,0.01,0.99,1,
140,0.0,11,0.5598333333333334,1.148763476521708e-05,0.010261235758662224,0.0026392738800495863,,,,,,dqn,cartpole,sparse,0.01,0.99,1,
141,0.0,14,0.5566666666666666,1.4434714103117585e-05,0.014913784340023994,0.0031072506681084633,,,,,,dqn,cartpole,sparse,0.01,0.99,1,
142,0.0,12,0.5535000000000001,4.548795914161019e-06,0.01396859623491764,0.001663324306719005,,,,,,dqn,cartpole,sparse,0.01,0.99,1,
143,0.0,12,0.5503333333333333,9.737546861288138e-06,0.010799482464790344,0.003070622682571411,,,,,,dqn,cartpole,sparse,0.01,0.99,1,
144,0.0,11,0.5471666666666667,9.04528315004427e-06,0.013196165673434734,0.0024443145375698805,,,,,,dqn,cartpole,sparse,0.01,0.99,1,
145,0.0,10,0.544,2.309439514647238e-05,0.013394998386502266,0.0037018912844359875,,,,,,dqn,cartpole,sparse,0.01,0.99,1,
146,0.0,9,0.5408333333333333,1.1945813639613334e-05,0.00865736324340105,0.003022968303412199,,,,,,dqn,cartpole,sparse,0.01,0.99,1,
147,0.0,11,0.5376666666666667,8.324137525050901e-06,0.012788421474397182,0.0025093904696404934,,,,,,dqn,cartpole,sparse,0.01,0.99,1,
148,0.0,13,0.5345,1.5547811926808208e-05,0.01162879727780819,0.0032546648290008307,,,,,,dqn,cartpole,sparse,0.01,0.99,1,
149,0.0,11,0.5313333333333333,1.3227389899839181e-05,0.010974174365401268,0.0029751684051007032,,,,,,dqn,cartpole,sparse,0.01,0.99,1,
150,0.0,10,0.5281666666666667,7.746025403321255e-06,0.012037496082484722,0.002926078625023365,,,0.0,0.0,9.0,dqn,cartpole,sparse,0.01,0.99,1,
151,0.0,13,0.525,1.782480103429407e-05,0.013142731040716171,0.0037337900139391422,,,,,,dqn,cartpole,sparse,0.01,0.99,1,
152,0.0,12,0.5218333333333334,2.3309043172048405e-05,0.013922587968409061,0.002844843314960599,,,,,,dqn,cartpole,sparse,0.01,0.99,1,
153,0.0,12,0.5186666666666666,9.149639481620397e-06,0.009138616733253002,0.00342726893723011,,,,,,dqn,cartpole,sparse,0.01,0.99,1,
154,0.0,20,0.5155000000000001,2.2213131160242483e-05,0.013364521786570549,0.00540681229904294,,,,,,dqn,cartpole,sparse,0.01,0.99,1,
155,0.0,18,0.5123333333333333,1.25766709970776e-05,0.020402709022164345,0.003445297945290804,,,,,,dqn,cartpole,sparse,0.01,0.99,1,
156,0.0,16,0.5091666666666667,7.38036851544166e-06,0.017237579450011253,0.002604797715321183,,,,,,dqn,cartpole,sparse,0.01,0.99,1,
157,0.0,12,0.506,1.190004786622012e-05,0.014151139184832573,0.004301912151277065,,,,,,dqn,cartpole,sparse,0.01,0.99,1,
158,0.0,11,0.5028333333333334,1.3608409062726423e-05,0.014417985454201698,0.003633492160588503,,,,,,dqn,cartpole,sparse,0.01,0.99,1,
159,0.0,14,0.4996666666666667,1.4911513972037937e-05,0.021728653460741043,0.004519337322562933,,,,,,dqn,cartpole,sparse,0.01,0.99,1,
160,0.0,11,0.49650000000000005,7.13859117240645e-06,0.01637697033584118,0.0025827321223914623,,,,,,dqn,cartpole,sparse,0.01,0.99,1,
161,0.0,17,0.4933333333333334,1.085014628188219e-05,0.0167150367051363,0.0035895858891308308,,,,,,dqn,cartpole,sparse,0.01,0.99,1,
162,0.0,10,0.49016666666666675,3.6518260912998812e-06,0.02116604894399643,0.0019394622649997473,,,,,,dqn,cartpole,sparse,0.01,0.99,1,
163,0.0,11,0.487,3.4105432860087603e-06,0.01561402715742588,0.0019308256451040506,,,,,,dqn,cartpole,sparse,0.01,0.99,1,
164,0.0,9,0.48383333333333334,6.3292382037616335e-06,0.015456680208444595,0.0026128916069865227,,,,,,dqn,cartpole,sparse,0.01,0.99,1,
165,0.0,9,0.4806666666666667,6.918816325196531e-06,0.01928946003317833,0.00206577917560935,,,,,,dqn,cartpole,sparse,0.01,0.99,1,
166,0.0,12,0.47750000000000004,5.517154022527393e-06,0.019192218780517578,0.0026062706019729376,,,,,,dqn,cartpole,sparse,0.01,0.99,1,
167,0.0,9,0.4743333333333334,2.958227469207486e-06,0.016376689076423645,0.0016346838092431426,,,,,,dqn,cartpole,sparse,0.01,0.99,1,
168,0.0,8,0.47116666666666673,5.013798272557324e-06,0.017163380980491638,0.002407996216788888,,,,,,dqn,cartpole,sparse,0.01,0.99,1,
169,0.0,12,0.46799999999999997,4.2028768802993e-06,0.019285179674625397,0.0020454921759665012,,,,,,dqn,cartpole,sparse,0.01,0.99,1,
170,0.0,18,0.4648333333333333,2.449314024488558e-06,0.016905421391129494,0.0015476183034479618,,,,,,dqn,cartpole,sparse,0.01,0.99,1,
171,0.0,11,0.46166666666666667,5.040919859311543e-06,0.01706635393202305,0.002696453360840678,,,,,,dqn,cartpole,sparse,0.01,0.99,1,
172,0.0,9,0.4585,5.339565177564509e-06,0.017793724313378334,0.001555869122967124,,,,,,dqn,cartpole,sparse,0.01,0.99,1,
173,0.0,11,0.45533333333333337,9.881430742098019e-06,0.01950938254594803,0.0031377742998301983,,,,,,dqn,cartpole,sparse,0.01,0.99,1,
174,0.0,11,0.4521666666666667,4.673238436225802e-06,0.01827981323003769,0.0026108981110155582,,,,,,dqn,cartpole,sparse,0.01,0.99,1,
175,0.0,10,0.44900000000000007,5.54554662812734e-06,0.01772456243634224,0.0025255605578422546,,,,,,dqn,cartpole,sparse,0.01,0.99,1,
176,0.0,11,0.4458333333333333,6.970829417696223e-06,0.018452685326337814,0.003060121089220047,,,,,,dqn,cartpole,sparse,0.01,0.99,1,
177,0.0,9,0.44266666666666665,2.6285283638571855e-06,0.019283879548311234,0.0017211474478244781,,,,,,dqn,cartpole,sparse,0.01,0.99,1,
178,0.0,11,0.4395,2.6717616492533125e-06,0.018617046996951103,0.0019380279118195176,,,,,,dqn,cartpole,sparse,0.01,0.99,1,
179,0.0,11,0.43633333333333335,3.5011457839573268e-06,0.018572183325886726,0.0017589741619303823,,,,,,dqn,cartpole,sparse,0.01,0.99,1,
180,0.0,10,0.4331666666666667,3.2753500818216708e-06,0.017737623304128647,0.0014734657015651464,,,,,,dqn,cartpole,sparse,0.01,0.99,1,
181,0.0,13,0.43000000000000005,3.7030590647191275e-06,0.01791497692465782,0.0017816245090216398,,,,,,dqn,cartpole,sparse,0.01,0.99,1,
182,0.0,14,0.4268333333333333,3.693119651870802e-06,0.018829934298992157,0.0017496064538136125,,,,,,dqn,cartpole,sparse,0.01,0.99,1,
183,0.0,11,0.42366666666666664,4.799095677299192e-06,0.02104763500392437,0.0019902936182916164,,,,,,dqn,cartpole,sparse,0.01,0.99,1,
184,0.0,14,0.4205,3.1686761303717503e-06,0.016772791743278503,0.0016231047920882702,,,,,,dqn,cartpole,sparse,0.01,0.99,1,
185,0.0,11,0.41733333333333344,1.3427011253952514e-06,0.018970755860209465,0.00092610705178231,,,,,,dqn,cartpole,sparse,0.01,0.99,1,
186,0.0,10,0.4141666666666667,2.2590727439819602e-06,0.01869860105216503,0.0012892476515844464,,,,,,dqn,cartpole,sparse,0.01,0.99,1,
187,0.0,10,0.41100000000000003,4.395486939756665e-06,0.020240437239408493,0.001668351236730814,,,,,,dqn,cartpole,sparse,0.01,0.99,1,
188,0.0,15,0.4078333333333334,2.4853629838617053e-06,0.022207006812095642,0.001463558990508318,,,,,,dqn,cartpole,sparse,0.01,0.99,1,
189,0.0,12,0.4046666666666666,2.1526884665945545e-06,0.018257945775985718,0.0013849076349288225,,,,,,dqn,cartpole,sparse,0.01,0.99,1,
190,0.0,9,0.4015000000000001,2.0413563106558286e-06,0.018650446087121964,0.0011739165056496859,,,,,,dqn,cartpole,sparse,0.01,0.99,1,
191,0.0,13,0.39833333333333343,2.213193965872051e-06,0.01545592863112688,0.0012117703445255756,,,,,,dqn,cartpole,sparse,0.01,0.99,1,
192,0.0,13,0.39516666666666667,1.4442312021856196e-05,0.020410627126693726,0.0026095518842339516,,,,,,dqn,cartpole,sparse,0.01,0.99,1,
193,0.0,10,0.392,4.5543974920292385e-06,0.01677005924284458,0.0018918621353805065,,,,,,dqn,cartpole,sparse,0.01,0.99,1,
194,0.0,14,0.38883333333333336,3.029478193639079e-06,0.020035753026604652,0.001733468845486641,,,,,,dqn,cartpole,sparse,0.01,0.99,1,
195,0.0,12,0.3856666666666667,6.282266440393869e-06,0.016370221972465515,0.0024235190358012915,,,,,,dqn,cartpole,sparse,0.01,0.99,1,
196,0.0,9,0.38250000000000006,4.8965239329845645e-06,0.020351432263851166,0.001677816966548562,,,,,,dqn,cartpole,sparse,0.01,0.99,1,
197,0.0,12,0.3793333333333334,1.994684680539649e-06,0.019623134285211563,0.0012637516483664513,,,,,,dqn,cartpole,sparse,0.01,0.99,1,
198,0.0,12,0.37616666666666676,3.4707863960647956e-06,0.01788029447197914,0.002022016793489456,,,,,,dqn,cartpole,sparse,0.01,0.99,1,
199,0.0,10,0.373,7.797902981110383e-06,0.019895613193511963,0.0026720063760876656,,,,,,dqn,cartpole,sparse,0.01,0.99,1,
200,0.0,12,0.36983333333333335,1.2796654118574224e-06,0.016681676730513573,0.0011430243030190468,,,0.0,0.0,9.5,dqn,cartpole,sparse,0.01,0.99,1,
201,0.0,18,0.3666666666666667,1.4474431964117684e-06,0.019672147929668427,0.0010325011098757386,,,,,,dqn,cartpole,sparse,0.01,0.99,1,
202,0.0,10,0.36350000000000005,5.33851925865747e-06,0.01590045914053917,0.0021096859127283096,,,,,,dqn,cartpole,sparse,0.01,0.99,1,
203,0.0,11,0.3603333333333334,3.09371534967795e-06,0.01943303644657135,0.0015184832736849785,,,,,,dqn,cartpole,sparse,0.01,0.99,1,
204,0.0,12,0.35716666666666674,4.689095931098564e-06,0.016438297927379608,0.0017478656955063343,,,,,,dqn,cartpole,sparse,0.01,0.99,1,
205,0.0,11,0.354,1.514891664555762e-06,0.019829578697681427,0.0012057905551046133,,,,,,dqn,cartpole,sparse,0.01,0.99,1,
206,0.0,14,0.35083333333333333,4.229055321047781e-06,0.019350890070199966,0.001579086296260357,,,,,,dqn,cartpole,sparse,0.01,0.99,1,
207,0.0,10,0.3476666666666667,1.4049305718799587e-06,0.01844894140958786,0.000947189109865576,,,,,,dqn,cartpole,sparse,0.01,0.99,1,
208,0.0,9,0.34450000000000003,1.9608455659181345e-06,0.018191508948802948,0.0015183244831860065,,,,,,dqn,cartpole,sparse,0.01,0.99,1,
209,0.0,10,0.3413333333333334,3.7294371395546477e-06,0.01646851748228073,0.0015767645090818405,,,,,,dqn,cartpole,sparse,0.01,0.99,1,
210,0.0,10,0.3381666666666667,3.066439148824429e-06,0.019627822563052177,0.0012309501180425286,,,,,,dqn,cartpole,sparse,0.01,0.99,1,
211,0.0,10,0.3350000000000001,2.7144742489326745e-06,0.018907353281974792,0.0012473666574805975,,,,,,dqn,cartpole,sparse,0.01,0.99,1,
212,0.0,14,0.3318333333333333,2.5738722797541413e-06,0.019676603376865387,0.0010903930524364114,,,,,,dqn,cartpole,sparse,0.01,0.99,1,
213,0.0,9,0.32866666666666666,4.858682586927898e-06,0.01754911057651043,0.0020639984868466854,,,,,,dqn,cartpole,sparse,0.01,0.99,1,
214,0.0,9,0.3255,3.985195689892862e-06,0.01997288316488266,0.0014377501793205738,,,,,,dqn,cartpole,sparse,0.01,0.99,1,
215,0.0,10,0.32233333333333336,3.1669947020418476e-06,0.016670476645231247,0.0015178564935922623,,,,,,dqn,cartpole,sparse,0.01,0.99,1,
216,0.0,9,0.3191666666666667,1.8849724483516184e-06,0.0197541993111372,0.0012251967564225197,,,,,,dqn,cartpole,sparse,0.01,0.99,1,
217,0.0,10,0.31600000000000006,2.611599938973086e-06,0.01825997419655323,0.001718002837151289,,,,,,dqn,cartpole,sparse,0.01,0.99,1,
218,0.0,10,0.3128333333333333,2.1745156573160784e-06,0.019436229020357132,0.0016988003626465797,,,,,,dqn,cartpole,sparse,0.01,0.99,1,
219,0.0,11,0.30966666666666665,2.504340500308899e-06,0.018828848376870155,0.0013468365650624037,,,,,,dqn,cartpole,sparse,0.01,0.99,1,
220,0.0,12,0.3065,3.992212896264391e-06,0.018182197585701942,0.002000674605369568,,,,,,dqn,cartpole,sparse,0.01,0.99,1,
221,0.0,11,0.30333333333333345,2.795130967570003e-06,0.021390367299318314,0.0018228499684482813,,,,,,dqn,cartpole,sparse,0.01,0.99,1,
222,0.0,11,0.3001666666666667,4.5180049710324965e-06,0.01849619671702385,0.0024641132913529873,,,,,,dqn,cartpole,sparse,0.01,0.99,1,
223,0.0,10,0.29700000000000004,1.2817102970075211e-06,0.017716605216264725,0.0009976939763873816,,,,,,dqn,cartpole,sparse,0.01,0.99,1,
224,0.0,12,0.2938333333333334,2.235579131593113e-06,0.020672183483839035,0.0011122124269604683,,,,,,dqn,cartpole,sparse,0.01,0.99,1,
225,0.0,13,0.29066666666666663,2.0801280697924085e-06,0.018504111096262932,0.0013716276735067368,,,,,,dqn,cartpole,sparse,0.01,0.99,1,
226,0.0,13,0.2875000000000001,1.3615049283544067e-06,0.01566162146627903,0.0011120934505015612,,,,,,dqn,cartpole,sparse,0.01,0.99,1,
227,0.0,12,0.28433333333333344,5.661937393597327e-06,0.019287804141640663,0.0019040314946323633,,,,,,dqn,cartpole,sparse,0.01,0.99,1,
228,0.0,10,0.2811666666666667,2.5344131699966965e-06,0.020149510353803635,0.0015138853341341019,,,,,,dqn,cartpole,sparse,0.01,0.99,1,
229,0.0,10,0.278,1.188375563287991e-06,0.022022902965545654,0.0010589123703539371,,,,,,dqn,cartpole,sparse,0.01,0.99,1,
230,0.0,13,0.2748333333333334,1.8681857909541577e-06,0.020618099719285965,0.001191627699881792,,,,,,dqn,cartpole,sparse,0.01,0.99,1,
231,0.0,8,0.2716666666666666,3.128563776044757e-06,0.01849009469151497,0.0013666320592164993,,,,,,dqn,cartpole,sparse,0.01,0.99,1,
232,0.0,10,0.26850000000000007,4.9582736210140865e-06,0.01858007162809372,0.0016496967291459441,,,,,,dqn,cartpole,sparse,0.01,0.99,1,
233,0.0,15,0.2653333333333334,1.981851255550282e-06,0.018165208399295807,0.001405920833349228,,,,,,dqn,cartpole,sparse,0.01,0.99,1,
234,0.0,9,0.26216666666666677,1.5781035926920595e-06,0.01770486682653427,0.0009246227564290166,,,,,,dqn,cartpole,sparse,0.01,0.99,1,
235,0.0,9,0.259,4.295499365980504e-06,0.020005378872156143,0.0014719859464094043,,,,,,dqn,cartpole,sparse,0.01,0.99,1,
236,0.0,9,0.25583333333333336,3.841110810753889e-06,0.021183008328080177,0.001990885939449072,,,,,,dqn,cartpole,sparse,0.01,0.99,1,
237,0.0,10,0.2526666666666667,1.1035816669391352e-06,0.020072091370821,0.000926845008507371,,,,,,dqn,cartpole,sparse,0.01,0.99,1,
238,0.0,10,0.24950000000000006,3.134707185381558e-06,0.022168826311826706,0.001337222522124648,,,,,,dqn,cartpole,sparse,0.01,0.99,1,
239,0.0,12,0.2463333333333334,1.5372331745311385e-06,0.016850784420967102,0.0013081635115668178,,,,,,dqn,cartpole,sparse,0.01,0.99,1,
240,0.0,12,0.24316666666666675,3.3349865589116234e-06,0.019714917987585068,0.0016058934852480888,,,,,,dqn,cartpole,sparse,0.01,0.99,1,
241,0.0,8,0.24,3.1685551675764145e-06,0.02219090424478054,0.0019436265574768186,,,,,,dqn,cartpole,sparse,0.01,0.99,1,
242,0.0,12,0.23683333333333334,4.5060851334710605e-06,0.01980225369334221,0.002238912507891655,,,,,,dqn,cartpole,sparse,0.01,0.99,1,
243,0.0,11,0.2336666666666667,6.279862645897083e-06,0.02035076916217804,0.0020272093825042248,,,,,,dqn,cartpole,sparse,0.01,0.99,1,
244,0.0,9,0.23050000000000004,4.644431101041846e-06,0.01880909875035286,0.002397168893367052,,,,,,dqn,cartpole,sparse,0.01,0.99,1,
245,0.0,10,0.2273333333333334,5.21782794749015e-06,0.0180062185972929,0.0017899689264595509,,,,,,dqn,cartpole,sparse,0.01,0.99,1,
246,0.0,9,0.22416666666666674,5.120902642374858e-06,0.022657256573438644,0.002161577111110091,,,,,,dqn,cartpole,sparse,0.01,0.99,1,
247,0.0,10,0.22100000000000009,5.424626124295173e-06,0.01850835606455803,0.0024260645732283592,,,,,,dqn,cartpole,sparse,0.01,0.99,1,
248,0.0,10,0.21783333333333332,5.214277280174429e-06,0.02076440304517746,0.0015547736547887325,,,,,,dqn,cartpole,sparse,0.01,0.99,1,
249,0.0,10,0.21466666666666667,3.4437389331287704e-06,0.017293840646743774,0.0014835110632702708,,,,,,dqn,cartpole,sparse,0.01,0.99,1,
250,0.0,9,0.21150000000000002,3.255074716435047e-06,0.020610176026821136,0.0016197030199691653,,,0.0,0.0,9.6,dqn,cartpole,sparse,0.01,0.99,1,
251,0.0,10,0.20833333333333337,6.504537395812804e-06,0.023511042818427086,0.0017307414673268795,,,,,,dqn,cartpole,sparse,0.01,0.99,1,
252,0.0,11,0.20516666666666672,5.5923319450812414e-06,0.01556698139756918,0.0023594326339662075,,,,,,dqn,cartpole,sparse,0.01,0.99,1,
253,0.0,11,0.20200000000000007,2.8158005989098456e-06,0.022305939346551895,0.0019896281883120537,,,,,,dqn,cartpole,sparse,0.01,0.99,1,
254,0.0,8,0.1988333333333333,2.9439670470310375e-06,0.023105215281248093,0.0017338998150080442,,,,,,dqn,cartpole,sparse,0.01,0.99,1,
255,0.0,10,0.19566666666666666,5.758516635978594e-06,0.01780916377902031,0.002018393948674202,,,,,,dqn,cartpole,sparse,0.01,0.99,1,
256,0.0,9,0.1925,2.8310907964623766e-06,0.020976610481739044,0.0013709529303014278,,,,,,dqn,cartpole,sparse,0.01,0.99,1,
257,0.0,8,0.18933333333333335,2.520455382182263e-06,0.02097611501812935,0.0013623975683003664,,,,,,dqn,cartpole,sparse,0.01,0.99,1,
258,0.0,9,0.1861666666666667,7.681936722292448e-07,0.018908657133579254,0.0009413352236151695,,,,,,dqn,cartpole,sparse,0.01,0.99,1,
259,0.0,9,0.18300000000000005,1.893427338472975e-06,0.021941613405942917,0.0012313718907535076,,,,,,dqn,cartpole,sparse,0.01,0.99,1,
260,0.0,11,0.1798333333333334,1.3874291653337423e-06,0.021263141185045242,0.001230273861438036,,,,,,dqn,cartpole,sparse,0.01,0.99,1,
261,0.0,13,0.17666666666666664,2.3694396986684296e-06,0.020417511463165283,0.0013510172720998526,,,,,,dqn,cartpole,sparse,0.01,0.99,1,
262,0.0,11,0.1735,3.202908828825457e-06,0.02130320481956005,0.0018558069132268429,,,,,,dqn,cartpole,sparse,0.01,0.99,1,
263,0.0,9,0.17033333333333345,7.201242169685429e-06,0.01969154179096222,0.0024884233716875315,,,,,,dqn,cartpole,sparse,0.01,0.99,1,
264,0.0,12,0.16716666666666669,7.650876796105877e-06,0.02026812732219696,0.001868286170065403,,,,,,dqn,cartpole,sparse,0.01,0.99,1,
265,0.0,10,0.16400000000000003,1.435196099919267e-05,0.018223386257886887,0.003418083768337965,,,,,,dqn,cartpole,sparse,0.01,0.99,1,
266,0.0,10,0.16083333333333338,9.23225798032945e-06,0.02114318683743477,0.002344327513128519,,,,,,dqn,cartpole,sparse,0.01,0.99,1,
267,0.0,10,0.15766666666666662,5.023955964134075e-06,0.017965158447623253,0.002314741490408778,,,,,,dqn,cartpole,sparse,0.01,0.99,1,
268,0.0,10,0.15450000000000008,4.304842605051817e-06,0.019684728235006332,0.0022227491717785597,,,,,,dqn,cartpole,sparse,0.01,0.99,1,
269,0.0,11,0.15133333333333343,3.7947575037833303e-06,0.02158222161233425,0.0014229596126824617,,,,,,dqn,cartpole,sparse,0.01,0.99,1,
270,0.0,9,0.14816666666666678,1.972315658349544e-06,0.019789651036262512,0.0011713025160133839,,,,,,dqn,cartpole,sparse,0.01,0.99,1,
271,0.0,10,0.14500000000000002,9.672096894064452e-06,0.02200075052678585,0.0016715559177100658,,,,,,dqn,cartpole,sparse,0.01,0.99,1,
272,0.0,10,0.14183333333333337,2.2015799459040863e-06,0.019702937453985214,0.0012762865517288446,,,,,,dqn,cartpole,sparse,0.01,0.99,1,
273,0.0,11,0.13866666666666672,4.278005690139253e-06,0.023412145674228668,0.0023056904319673777,,,,,,dqn,cartpole,sparse,0.01,0.99,1,
274,0.0,9,0.13550000000000006,3.875120000884635e-06,0.020505789667367935,0.002215930726379156,,,,,,dqn,cartpole,sparse,0.01,0.99,1,
275,0.0,10,0.1323333333333334,8.147901098709553e-06,0.024012211710214615,0.0026210383512079716,,,,,,dqn,cartpole,sparse,0.01,0.99,1,
276,0.0,11,0.12916666666666676,3.6101801015320234e-06,0.018229059875011444,0.0015660729259252548,,,,,,dqn,cartpole,sparse,0.01,0.99,1,
277,0.0,10,0.126,4.040179646835895e-06,0.021151266992092133,0.0015261510852724314,,,,,,dqn,cartpole,sparse,0.01,0.99,1,
278,0.0,10,0.12283333333333335,4.695253664976917e-06,0.01976027712225914,0.0014717908343300223,,,,,,dqn,cartpole,sparse,0.01,0.99,1,
279,0.0,12,0.1196666666666667,1.8417212004351313e-06,0.021645065397024155,0.0013993775937706232,,,,,,dqn,cartpole,sparse,0.01,0.99,1,
280,0.0,10,0.11650000000000005,1.1117765552626224e-06,0.02486654371023178,0.00094614113913849,,,,,,dqn,cartpole,sparse,0.01,0.99,1,
281,0.0,12,0.1133333333333334,8.585826662965701e-07,0.020609697327017784,0.0008414847543463111,,,,,,dqn,cartpole,sparse,0.01,0.99,1,
282,0.0,10,0.11016666666666675,1.042786834659637e-06,0.021140974014997482,0.0009723668918013573,,,,,,dqn,cartpole,sparse,0.01,0.99,1,
283,0.0,8,0.1070000000000001,2.356104232603684e-06,0.01795351877808571,0.001215736148878932,,,,,,dqn,cartpole,sparse,0.01,0.99,1,
284,0.0,9,0.10383333333333333,7.58234818931669e-07,0.022288000211119652,0.000980917364358902,,,,,,dqn,cartpole,sparse,0.01,0.99,1,
285,0.0,10,0.10066666666666668,3.203998403478181e-06,0.017864154651761055,0.0018018197733908892,,,,,,dqn,cartpole,sparse,0.01,0.99,1,
286,0.0,11,0.09750000000000003,2.497724381100852e-06,0.019400881603360176,0.0017151368083432317,,,,,,dqn,cartpole,sparse,0.01,0.99,1,
287,0.0,10,0.09433333333333338,5.399854671850335e-06,0.01883881911635399,0.0021856101229786873,,,,,,dqn,cartpole,sparse,0.01,0.99,1,
288,0.0,9,0.09116666666666673,4.997903488401789e-06,0.021120650693774223,0.0018520078156143427,,,,,,dqn,cartpole,sparse,0.01,0.99,1,
289,0.0,10,0.08800000000000008,4.7873627408989705e-06,0.022869322448968887,0.0017124905716627836,,,,,,dqn,cartpole,sparse,0.01,0.99,1,
290,0.0,10,0.08483333333333332,1.4363420632435009e-05,0.01614963263273239,0.004285908304154873,,,,,,dqn,cartpole,sparse,0.01,0.99,1,
291,0.0,10,0.08166666666666667,1.1881124009960331e-05,0.0234523992985487,0.0037168171256780624,,,,,,dqn,cartpole,sparse,0.01,0.99,1,
292,0.0,8,0.07850000000000001,1.2159949619672261e-05,0.018371758982539177,0.003000927623361349,,,,,,dqn,cartpole,sparse,0.01,0.99,1,
293,0.0,10,0.07533333333333336,3.3495334719191305e-06,0.019071854650974274,0.0018653229344636202,,,,,,dqn,cartpole,sparse,0.01,0.99,1,
294,0.0,10,0.07216666666666671,7.5906373240286484e-06,0.022572241723537445,0.002185217570513487,,,,,,dqn,cartpole,sparse,0.01,0.99,1,
295,0.0,9,0.06900000000000006,5.418783530330984e-06,0.017228255048394203,0.0021711313165724277,,,,,,dqn,cartpole,sparse,0.01,0.99,1,
296,0.0,10,0.06583333333333341,3.0713513297087047e-06,0.02264668419957161,0.0017657462740316987,,,,,,dqn,cartpole,sparse,0.01,0.99,1,
297,0.0,11,0.06266666666666665,3.800459808189771e-06,0.018396323546767235,0.002055602613836527,,,,,,dqn,cartpole,sparse,0.01,0.99,1,
298,0.0,9,0.0595,1.33847333927406e-06,0.02058374136686325,0.0010303535964339972,,,,,,dqn,cartpole,sparse,0.01,0.99,1,
299,0.0,9,0.05633333333333346,3.849335371342022e-06,0.02476375177502632,0.0019227380398660898,,,,,,dqn,cartpole,sparse,0.01,0.99,1,
300,0.0,10,0.053166666666666695,4.741159955301555e-06,0.020736634731292725,0.002247004536911845,,,0.0,0.0,9.8,dqn,cartpole,sparse,0.01,0.99,1,
301,0.0,8,0.050000000000000044,3.802078254011576e-06,0.022579604759812355,0.0017097669187933207,,,,,,dqn,cartpole,sparse,0.01,0.99,1,
302,0.0,10,0.050000000000000044,1.4607692264689831e-06,0.023945745080709457,0.0010632795747369528,,,,,,dqn,cartpole,sparse,0.01,0.99,1,
303,0.0,10,0.050000000000000044,5.684852567355847e-06,0.01833856850862503,0.00190025195479393,,,,,,dqn,cartpole,sparse,0.01,0.99,1,
304,0.0,10,0.050000000000000044,1.3875434206056525e-06,0.023008771240711212,0.001203720923513174,,,,,,dqn,cartpole,sparse,0.01,0.99,1,
305,0.0,11,0.050000000000000044,2.381394551775884e-06,0.01933067850768566,0.0015061190351843834,,,,,,dqn,cartpole,sparse,0.01,0.99,1,
306,0.0,8,0.050000000000000044,1.808796014302061e-06,0.019113728776574135,0.0013333894312381744,,,,,,dqn,cartpole,sparse,0.01,0.99,1,
307,0.0,10,0.050000000000000044,3.85693192583858e-06,0.02453446574509144,0.0015966317150741816,,,,,,dqn,cartpole,sparse,0.01,0.99,1,
308,0.0,10,0.050000000000000044,9.65898379945429e-06,0.020457863807678223,0.0023631902877241373,,,,,,dqn,cartpole,sparse,0.01,0.99,1,
309,0.0,10,0.050000000000000044,5.647620128002018e-06,0.019224032759666443,0.0020914070773869753,,,,,,dqn,cartpole,sparse,0.01,0.99,1,
310,0.0,11,0.050000000000000044,2.852656507457141e-06,0.022804370149970055,0.0016605486162006855,,,,,,dqn,cartpole,sparse,0.01,0.99,1,
311,0.0,10,0.050000000000000044,8.540235285181552e-06,0.026153910905122757,0.0025567016564309597,,,,,,dqn,cartpole,sparse,0.01,0.99,1,
312,0.0,10,0.050000000000000044,2.027716163865989e-06,0.0189930722117424,0.0014661058085039258,,,,,,dqn,cartpole,sparse,0.01,0.99,1,
313,0.0,9,0.050000000000000044,6.058256985852495e-06,0.021897699683904648,0.0024955652188509703,,,,,,dqn,cartpole,sparse,0.01,0.99,1,
314,0.0,9,0.050000000000000044,7.879045369918458e-06,0.021813346073031425,0.0026062887627631426,,,,,,dqn,cartpole,sparse,0.01,0.99,1,
315,0.0,10,0.050000000000000044,3.4888271329691634e-06,0.022084366530179977,0.0022870893590152264,,,,,,dqn,cartpole,sparse,0.01,0.99,1,
316,0.0,9,0.050000000000000044,6.414790732378606e-06,0.02287685126066208,0.002935240278020501,,,,,,dqn,cartpole,sparse,0.01,0.99,1,
317,0.0,10,0.050000000000000044,5.695410436601378e-06,0.01830683834850788,0.0026570719201117754,,,,,,dqn,cartpole,sparse,0.01,0.99,1,
318,0.0,12,0.050000000000000044,6.313920493994374e-06,0.021431464701890945,0.002233205595985055,,,,,,dqn,cartpole,sparse,0.01,0.99,1,
319,0.0,10,0.050000000000000044,8.970228918769863e-06,0.02056010812520981,0.002904975786805153,,,,,,dqn,cartpole,sparse,0.01,0.99,1,
320,0.0,10,0.050000000000000044,7.2891848503786605e-06,0.02142154611647129,0.002974028466269374,,,,,,dqn,cartpole,sparse,0.01,0.99,1,
321,0.0,11,0.050000000000000044,6.635616045969073e-06,0.01866357959806919,0.0033510387875139713,,,,,,dqn,cartpole,sparse,0.01,0.99,1,
322,0.0,9,0.050000000000000044,1.5768056300657918e-06,0.02103186957538128,0.0011449274607002735,,,,,,dqn,cartpole,sparse,0.01,0.99,1,
323,0.0,14,0.050000000000000044,3.4713043532974552e-06,0.02175234630703926,0.0015989115927368402,,,,,,dqn,cartpole,sparse,0.01,0.99,1,
324,0.0,10,0.050000000000000044,4.004414222436026e-06,0.019605107605457306,0.0018854945665225387,,,,,,dqn,cartpole,sparse,0.01,0.99,1,
325,0.0,9,0.050000000000000044,1.9855281152558746e-06,0.02097693830728531,0.0011458550579845905,,,,,,dqn,cartpole,sparse,0.01,0.99,1,
326,0.0,10,0.050000000000000044,2.9439661375363357e-06,0.02361137606203556,0.0014691406395286322,,,,,,dqn,cartpole,sparse,0.01,0.99,1,
327,0.0,10,0.050000000000000044,8.154371244017966e-06,0.02466321736574173,0.001993697602301836,,,,,,dqn,cartpole,sparse,0.01,0.99,1,
328,0.0,10,0.050000000000000044,1.3000204489799216e-05,0.017921172082424164,0.002748070750385523,,,,,,dqn,cartpole,sparse,0.01,0.99,1,
329,0.0,11,0.050000000000000044,2.883304659917485e-06,0.021331612020730972,0.001764968503266573,,,,,,dqn,cartpole,sparse,0.01,0.99,1,
330,0.0,13,0.050000000000000044,4.294038262742106e-06,0.020234528928995132,0.00239734910428524,,,,,,dqn,cartpole,sparse,0.01,0.99,1,
331,0.0,12,0.050000000000000044,4.44694751422503e-06,0.022996656596660614,0.0022510699927806854,,,,,,dqn,cartpole,sparse,0.01,0.99,1,
332,0.0,9,0.050000000000000044,2.9872608138248324e-06,0.020189622417092323,0.0014795586466789246,,,,,,dqn,cartpole,sparse,0.01,0.99,1,
333,0.0,9,0.050000000000000044,5.574203896685503e-06,0.022288158535957336,0.00206777174025774,,,,,,dqn,cartpole,sparse,0.01,0.99,1,
334,0.0,10,0.050000000000000044,2.7653140932670794e-06,0.019934941083192825,0.0017060649115592241,,,,,,dqn,cartpole,sparse,0.01,0.99,1,
335,0.0,10,0.050000000000000044,1.5095574781298637e-06,0.025547586381435394,0.0011223414912819862,,,,,,dqn,cartpole,sparse,0.01,0.99,1,
336,0.0,10,0.050000000000000044,3.928445948986337e-06,0.02207311987876892,0.0023367106914520264,,,,,,dqn,cartpole,sparse,0.01,0.99,1,
337,0.0,10,0.050000000000000044,2.0492163912422257e-06,0.018146978691220284,0.0012533980188891292,,,,,,dqn,cartpole,sparse,0.01,0.99,1,
338,0.0,10,0.050000000000000044,3.1445492822967935e-06,0.021122422069311142,0.0016281127464026213,,,,,,dqn,cartpole,sparse,0.01,0.99,1,
339,0.0,10,0.050000000000000044,5.213586064201081e-06,0.019160225987434387,0.002009015064686537,,,,,,dqn,cartpole,sparse,0.01,0.99,1,
340,0.0,9,0.050000000000000044,3.578685436878004e-06,0.022482216358184814,0.0014873897889629006,,,,,,dqn,cartpole,sparse,0.01,0.99,1,
341,0.0,9,0.050000000000000044,2.486410267010797e-06,0.021318065002560616,0.0015150811523199081,,,,,,dqn,cartpole,sparse,0.01,0.99,1,
342,0.0,9,0.050000000000000044,3.0225605769373942e-06,0.024227172136306763,0.0013557588681578636,,,,,,dqn,cartpole,sparse,0.01,0.99,1,
343,0.0,11,0.050000000000000044,1.631838495086413e-05,0.019307449460029602,0.004881843458861113,,,,,,dqn,cartpole,sparse,0.01,0.99,1,
344,0.0,9,0.050000000000000044,8.20756486064056e-06,0.027416720986366272,0.0028403836768120527,,,,,,dqn,cartpole,sparse,0.01,0.99,1,
345,0.0,10,0.050000000000000044,1.787159089872148e-05,0.028844229876995087,0.005178768187761307,,,,,,dqn,cartpole,sparse,0.01,0.99,1,
346,0.0,10,0.050000000000000044,1.1416320376156364e-05,0.025653984397649765,0.003789573209360242,,,,,,dqn,cartpole,sparse,0.01,0.99,1,
347,0.0,10,0.050000000000000044,1.1324991646688432e-05,0.021646827459335327,0.004169466905295849,,,,,,dqn,cartpole,sparse,0.01,0.99,1,
348,0.0,8,0.050000000000000044,1.5186985365289729e-05,0.024371841922402382,0.004487316124141216,,,,,,dqn,cartpole,sparse,0.01,0.99,1,
349,0.0,13,0.050000000000000044,1.4035285857971758e-05,0.021251000463962555,0.0036313063465058804,,,,,,dqn,cartpole,sparse,0.01,0.99,1,
350,0.0,10,0.050000000000000044,1.0232693966827355e-05,0.023621607571840286,0.0029194641392678022,,,0.0,0.0,9.8,dqn,cartpole,sparse,0.01,0.99,1,
351,0.0,9,0.050000000000000044,1.0186377039644867e-05,0.02437571808695793,0.003003985621035099,,,,,,dqn,cartpole,sparse,0.01,0.99,1,
352,0.0,14,0.050000000000000044,7.638888746441808e-06,0.022280219942331314,0.0027549199294298887,,,,,,dqn,cartpole,sparse,0.01,0.99,1,
353,0.0,10,0.050000000000000044,3.6036901747138472e-06,0.023068856447935104,0.002173095941543579,,,,,,dqn,cartpole,sparse,0.01,0.99,1,
354,0.0,13,0.050000000000000044,2.2099591205915203e-06,0.02279493771493435,0.0017379841301590204,,,,,,dqn,cartpole,sparse,0.01,0.99,1,
355,0.0,11,0.050000000000000044,2.77451226793346e-06,0.020309913903474808,0.0016664005815982819,,,,,,dqn,cartpole,sparse,0.01,0.99,1,
356,0.0,12,0.050000000000000044,2.8735544219671283e-06,0.02321958914399147,0.001452925498597324,,,,,,dqn,cartpole,sparse,0.01,0.99,1,
357,0.0,11,0.050000000000000044,3.017784592884709e-06,0.02565092220902443,0.0016128207789734006,,,,,,dqn,cartpole,sparse,0.01,0.99,1,
358,0.0,9,0.050000000000000044,3.1950439733918756e-06,0.025084860622882843,0.001904082833789289,,,,,,dqn,cartpole,sparse,0.01,0.99,1,
359,0.0,11,0.050000000000000044,2.558460437285248e-06,0.025365319103002548,0.0016973925521597266,,,,,,dqn,cartpole,sparse,0.01,0.99,1,
360,0.0,10,0.050000000000000044,1.9394137780182064e-06,0.02204425446689129,0.0013216452207416296,,,,,,dqn,cartpole,sparse,0.01,0.99,1,
361,0.0,9,0.050000000000000044,1.1333860356899095e-06,0.026038916781544685,0.0008830426377244294,,,,,,dqn,cartpole,sparse,0.01,0.99,1,
362,0.0,11,0.050000000000000044,1.13252576738887e-06,0.024514758959412575,0.001174172037281096,,,,,,dqn,cartpole,sparse,0.01,0.99,1,
363,0.0,10,0.050000000000000044,2.772343350443407e-06,0.023292914032936096,0.0017055304488167167,,,,,,dqn,cartpole,sparse,0.01,0.99,1,
364,0.0,11,0.050000000000000044,2.3481679818360135e-06,0.024820879101753235,0.0013887574896216393,,,,,,dqn,cartpole,sparse,0.01,0.99,1,
365,0.0,10,0.050000000000000044,1.7466048802816658e-06,0.02353014051914215,0.001235783682204783,,,,,,dqn,cartpole,sparse,0.01,0.99,1,
366,0.0,10,0.050000000000000044,1.8742514384939568e-06,0.022137736901640892,0.0012622767826542258,,,,,,dqn,cartpole,sparse,0.01,0.99,1,
367,0.0,10,0.050000000000000044,2.5401575385330943e-06,0.02672720141708851,0.001389630138874054,,,,,,dqn,cartpole,sparse,0.01,0.99,1,
368,0.0,9,0.050000000000000044,1.2053690170432674e-06,0.024539005011320114,0.0011088368482887745,,,,,,dqn,cartpole,sparse,0.01,0.99,1,
369,0.0,10,0.050000000000000044,1.2142560308348038e-06,0.024536095559597015,0.0010060560889542103,,,,,,dqn,cartpole,sparse,0.01,0.99,1,
370,0.0,12,0.050000000000000044,7.758033575555601e-07,0.025578368455171585,0.0008821329101920128,,,,,,dqn,cartpole,sparse,0.01,0.99,1,
371,0.0,9,0.050000000000000044,1.401552708557574e-06,0.02397182211279869,0.0011241164756938815,,,,,,dqn,cartpole,sparse,0.01,0.99,1,
372,0.0,10,0.050000000000000044,1.6149327848324901e-06,0.02389250323176384,0.0014083681162446737,,,,,,dqn,cartpole,sparse,0.01,0.99,1,
373,0.0,10,0.050000000000000044,9.438591632715543e-07,0.024013835936784744,0.0011359115596860647,,,,,,dqn,cartpole,sparse,0.01,0.99,1,
374,0.0,9,0.050000000000000044,1.0735686828411417e-06,0.023157786577939987,0.0008984841406345367,,,,,,dqn,cartpole,sparse,0.01,0.99,1,
375,0.0,11,0.050000000000000044,2.2787301077187294e-06,0.02623685635626316,0.0015813985373824835,,,,,,dqn,cartpole,sparse,0.01,0.99,1,
376,0.0,11,0.050000000000000044,1.2723659210678306e-06,0.021563135087490082,0.0013384069316089153,,,,,,dqn,cartpole,sparse,0.01,0.99,1,
377,0.0,13,0.050000000000000044,1.4147576621326152e-06,0.025839626789093018,0.0012612431310117245,,,,,,dqn,cartpole,sparse,0.01,0.99,1,
378,0.0,13,0.050000000000000044,1.613889025975368e-06,0.023058466613292694,0.001467280089855194,,,,,,dqn,cartpole,sparse,0.01,0.99,1,
379,0.0,10,0.050000000000000044,1.7940515135705937e-06,0.025565698742866516,0.0013061733916401863,,,,,,dqn,cartpole,sparse,0.01,0.99,1,
380,0.0,10,0.050000000000000044,9.586137821315788e-07,0.02652447111904621,0.0011197264539077878,,,,,,dqn,cartpole,sparse,0.01,0.99,1,
381,0.0,13,0.050000000000000044,1.3329224657354644e-06,0.02698461338877678,0.0012615155428647995,,,,,,dqn,cartpole,sparse,0.01,0.99,1,
382,0.0,10,0.050000000000000044,1.5902330687822541e-06,0.024496274068951607,0.0011914684437215328,,,,,,dqn,cartpole,sparse,0.01,0.99,1,
383,0.0,12,0.050000000000000044,1.7695806491246913e-06,0.026139821857213974,0.0012439577840268612,,,,,,dqn,cartpole,sparse,0.01,0.99,1,
384,0.0,11,0.050000000000000044,1.0856398375835852e-06,0.022840537130832672,0.0009523880435153842,,,,,,dqn,cartpole,sparse,0.01,0.99,1,
385,0.0,9,0.050000000000000044,7.737983196420828e-07,0.025064384564757347,0.0009302347316406667,,,,,,dqn,cartpole,sparse,0.01,0.99,1,
386,0.0,11,0.050000000000000044,8.697762723386404e-07,0.023675229400396347,0.0010606014402583241,,,,,,dqn,cartpole,sparse,0.01,0.99,1,
387,0.0,11,0.050000000000000044,2.575779490143759e-06,0.02107742428779602,0.0015587388770654798,,,,,,dqn,cartpole,sparse,0.01,0.99,1,
388,0.0,11,0.050000000000000044,3.3273604458372574e-06,0.025708023458719254,0.0018658540211617947,,,,,,dqn,cartpole,sparse,0.01,0.99,1,
389,0.0,10,0.050000000000000044,2.606120688142255e-06,0.02162892371416092,0.00170284160412848,,,,,,dqn,cartpole,sparse,0.01,0.99,1,
390,0.0,10,0.050000000000000044,2.0029942788823973e-06,0.025483086705207825,0.0017486927099525928,,,,,,dqn,cartpole,sparse,0.01,0.99,1,
391,0.0,10,0.050000000000000044,4.1316043279948644e-06,0.023098692297935486,0.00205828039906919,,,,,,dqn,cartpole,sparse,0.01,0.99,1,
392,0.0,11,0.050000000000000044,1.4122272204986075e-06,0.027874041348695755,0.0014867079444229603,,,,,,dqn,cartpole,sparse,0.01,0.99,1,
393,0.0,12,0.050000000000000044,1.9201725081074983e-06,0.021620973944664,0.0017583906883373857,,,,,,dqn,cartpole,sparse,0.01,0.99,1,
394,0.0,12,0.050000000000000044,3.3472906579845585e-06,0.024857887998223305,0.0016405011992901564,,,,,,dqn,cartpole,sparse,0.01,0.99,1,
395,0.0,11,0.050000000000000044,1.7604598951947992e-06,0.025472242385149002,0.0014051224570721388,,,,,,dqn,cartpole,sparse,0.01,0.99,1,
396,0.0,11,0.050000000000000044,4.480587904254207e-06,0.024806790053844452,0.00241178460419178,,,,,,dqn,cartpole,sparse,0.01,0.99,1,
397,0.0,11,0.050000000000000044,2.0265529201424215e-06,0.026860278099775314,0.001528711523860693,,,,,,dqn,cartpole,sparse,0.01,0.99,1,
398,0.0,10,0.050000000000000044,3.001241111633135e-06,0.024764951318502426,0.0017298748716711998,,,,,,dqn,cartpole,sparse,0.01,0.99,1,
399,0.0,12,0.050000000000000044,3.4680338103498798e-06,0.027696596458554268,0.0021134382113814354,,,,,,dqn,cartpole,sparse,0.01,0.99,1,
400,0.0,10,0.050000000000000044,1.947444388861186e-06,0.02445657178759575,0.001594356494024396,,,0.0,0.0,13.0,dqn,cartpole,sparse,0.01,0.99,1,
401,0.0,10,0.050000000000000044,2.0878792383882683e-06,0.023191796615719795,0.0011793967569246888,,,,,,dqn,cartpole,sparse,0.01,0.99,1,
402,0.0,11,0.050000000000000044,1.234629280588706e-06,0.02168014831840992,0.0010997550562024117,,,,,,dqn,cartpole,sparse,0.01,0.99,1,
403,0.0,12,0.050000000000000044,6.356684707498061e-07,0.025309588760137558,0.000882274005562067,,,,,,dqn,cartpole,sparse,0.01,0.99,1,
404,0.0,12,0.050000000000000044,1.2041778063576203e-06,0.023349251598119736,0.0010658722603693604,,,,,,dqn,cartpole,sparse,0.01,0.99,1,
405,0.0,11,0.050000000000000044,7.179711474236683e-07,0.023944541811943054,0.0008171284571290016,,,,,,dqn,cartpole,sparse,0.01,0.99,1,
406,0.0,10,0.050000000000000044,1.2395951216603862e-06,0.028170106932520866,0.0013181306421756744,,,,,,dqn,cartpole,sparse,0.01,0.99,1,
407,0.0,10,0.050000000000000044,1.2903109336548368e-06,0.026623835787177086,0.001102017005905509,,,,,,dqn,cartpole,sparse,0.01,0.99,1,
408,0.0,10,0.050000000000000044,7.390472660517844e-07,0.02374737337231636,0.0008229264058172703,,,,,,dqn,cartpole,sparse,0.01,0.99,1,
409,0.0,9,0.050000000000000044,1.801015059754718e-06,0.022885292768478394,0.0011394639732316136,,,,,,dqn,cartpole,sparse,0.01,0.99,1,
410,0.0,10,0.050000000000000044,1.093802211471484e-06,0.025570973753929138,0.0009949066443368793,,,,,,dqn,cartpole,sparse,0.01,0.99,1,
411,0.0,10,0.050000000000000044,8.240225497502252e-07,0.025358356535434723,0.0009643569937907159,,,,,,dqn,cartpole,sparse,0.01,0.99,1,
412,0.0,13,0.050000000000000044,9.000657996693917e-07,0.026490848511457443,0.0009101430187001824,,,,,,dqn,cartpole,sparse,0.01,0.99,1,
413,0.0,9,0.050000000000000044,7.041106186989055e-07,0.02506978064775467,0.0008202606113627553,,,,,,dqn,cartpole,sparse,0.01,0.99,1,
414,0.0,11,0.050000000000000044,1.1882066246471368e-06,0.023262981325387955,0.0011240348685532808,,,,,,dqn,cartpole,sparse,0.01,0.99,1,
415,0.0,11,0.050000000000000044,1.061632019627723e-06,0.024383248761296272,0.0011807408882305026,,,,,,dqn,cartpole,sparse,0.01,0.99,1,
416,0.0,10,0.050000000000000044,1.0159064913750626e-06,0.02552948147058487,0.0010043135844171047,,,,,,dqn,cartpole,sparse,0.01,0.99,1,
417,0.0,10,0.050000000000000044,7.747271411062684e-07,0.02313980832695961,0.0008996275719255209,,,,,,dqn,cartpole,sparse,0.01,0.99,1,
418,0.0,9,0.050000000000000044,1.767233811733604e-06,0.024921517819166183,0.0012719006044790149,,,,,,dqn,cartpole,sparse,0.01,0.99,1,
419,0.0,11,0.050000000000000044,3.5563807614380494e-06,0.024576419964432716,0.0012226763647049665,,,,,,dqn,cartpole,sparse,0.01,0.99,1,
420,0.0,11,0.050000000000000044,1.7794824316297309e-06,0.025407036766409874,0.0015863616717979312,,,,,,dqn,cartpole,sparse,0.01,0.99,1,
421,0.0,12,0.050000000000000044,1.5355449249909725e-06,0.023347804322838783,0.001265225000679493,,,,,,dqn,cartpole,sparse,0.01,0.99,1,
422,0.0,11,0.050000000000000044,8.284665682367631e-07,0.028620699420571327,0.0010335997212678194,,,,,,dqn,cartpole,sparse,0.01,0.99,1,
423,0.0,10,0.050000000000000044,1.6151916497619823e-06,0.02717924676835537,0.0013888721587136388,,,,,,dqn,cartpole,sparse,0.01,0.99,1,
424,0.0,10,0.050000000000000044,1.0819765066116815e-06,0.02568555250763893,0.0010733173694461584,,,,,,dqn,cartpole,sparse,0.01,0.99,1,
425,0.0,11,0.050000000000000044,1.9378794604563154e-06,0.024866657331585884,0.0011162650771439075,,,,,,dqn,cartpole,sparse,0.01,0.99,1,
426,0.0,11,0.050000000000000044,1.1256931884418009e-06,0.027323901653289795,0.001094070146791637,,,,,,dqn,cartpole,sparse,0.01,0.99,1,
427,0.0,10,0.050000000000000044,1.6690571555955103e-06,0.02097056433558464,0.0011990339262410998,,,,,,dqn,cartpole,sparse,0.01,0.99,1,
428,0.0,11,0.050000000000000044,3.127564923488535e-06,0.022803878411650658,0.0015597597230225801,,,,,,dqn,cartpole,sparse,0.01,0.99,1,
429,0.0,11,0.050000000000000044,3.181813099217834e-06,0.019275419414043427,0.001650051330216229,,,,,,dqn,cartpole,sparse,0.01,0.99,1,
430,0.0,12,0.050000000000000044,1.3485449699146557e-06,0.02543862909078598,0.0007136084022931755,,,,,,dqn,cartpole,sparse,0.01,0.99,1,
431,0.0,13,0.050000000000000044,1.2788476624336909e-06,0.024174705147743225,0.0011731402482837439,,,,,,dqn,cartpole,sparse,0.01,0.99,1,
432,0.0,13,0.050000000000000044,1.626204152671562e-06,0.023483652621507645,0.0012234629830345511,,,,,,dqn,cartpole,sparse,0.01,0.99,1,
433,0.0,11,0.050000000000000044,1.554169330120203e-06,0.02640995755791664,0.0009873805101960897,,,,,,dqn,cartpole,sparse,0.01,0.99,1,
434,0.0,10,0.050000000000000044,1.5461972679986502e-06,0.025518275797367096,0.0009970336686819792,,,,,,dqn,cartpole,sparse,0.01,0.99,1,
435,0.0,10,0.050000000000000044,1.8512212136556627e-06,0.022278932854533195,0.0010024468647316098,,,,,,dqn,cartpole,sparse,0.01,0.99,1,
436,0.0,12,0.050000000000000044,1.1841447076221812e-06,0.023313384503126144,0.0010314902756363153,,,,,,dqn,cartpole,sparse,0.01,0.99,1,
437,0.0,12,0.050000000000000044,1.0600607538435725e-06,0.024469785392284393,0.0010660483967512846,,,,,,dqn,cartpole,sparse,0.01,0.99,1,
438,0.0,10,0.050000000000000044,8.573177865400794e-07,0.024576127529144287,0.0010364612098783255,,,,,,dqn,cartpole,sparse,0.01,0.99,1,
439,0.0,12,0.050000000000000044,2.2266081032285e-06,0.023670203983783722,0.0015379772521555424,,,,,,dqn,cartpole,sparse,0.01,0.99,1,
440,0.0,12,0.050000000000000044,1.6665860584907932e-06,0.026258332654833794,0.0013303617015480995,,,,,,dqn,cartpole,sparse,0.01,0.99,1,
441,0.0,11,0.050000000000000044,2.5437848307774402e-06,0.026623565703630447,0.0012397929094731808,,,,,,dqn,cartpole,sparse,0.01,0.99,1,
442,0.0,11,0.050000000000000044,7.524744773945713e-07,0.024057529866695404,0.0008589696954004467,,,,,,dqn,cartpole,sparse,0.01,0.99,1,
443,0.0,12,0.050000000000000044,1.3632366062665824e-06,0.0251192357391119,0.001084167743101716,,,,,,dqn,cartpole,sparse,0.01,0.99,1,
444,0.0,12,0.050000000000000044,1.0196690709562972e-05,0.024224903434515,0.002823438961058855,,,,,,dqn,cartpole,sparse,0.01,0.99,1,
445,0.0,10,0.050000000000000044,6.069662958907429e-06,0.027958519756793976,0.0023249646183103323,,,,,,dqn,cartpole,sparse,0.01,0.99,1,
446,0.0,10,0.050000000000000044,4.745325441035675e-06,0.024863649159669876,0.0025195907801389694,,,,,,dqn,cartpole,sparse,0.01,0.99,1,
447,0.0,11,0.050000000000000044,5.250164576864336e-06,0.024973515421152115,0.0030311490409076214,,,,,,dqn,cartpole,sparse,0.01,0.99,1,
448,0.0,11,0.050000000000000044,8.397688361583278e-06,0.021516982465982437,0.003179944586008787,,,,,,dqn,cartpole,sparse,0.01,0.99,1,
449,0.0,11,0.050000000000000044,7.626273600180866e-06,0.028704989701509476,0.0032214338425546885,,,,,,dqn,cartpole,sparse,0.01,0.99,1,
450,0.0,11,0.050000000000000044,4.600829925038852e-06,0.01995401829481125,0.0021890895441174507,,,0.0,0.0,11.7,dqn,cartpole,sparse,0.01,0.99,1,
451,0.0,11,0.050000000000000044,5.388886165746953e-06,0.03005804494023323,0.002687295898795128,,,,,,dqn,cartpole,sparse,0.01,0.99,1,
452,0.0,11,0.050000000000000044,2.4590801785961958e-06,0.024122681468725204,0.0016944045200943947,,,,,,dqn,cartpole,sparse,0.01,0.99,1,
453,0.0,12,0.050000000000000044,2.1350479073589668e-06,0.02652844786643982,0.0013914599549025297,,,,,,dqn,cartpole,sparse,0.01,0.99,1,
454,0.0,12,0.050000000000000044,2.093343937303871e-06,0.029094979166984558,0.001471401657909155,,,,,,dqn,cartpole,sparse,0.01,0.99,1,
455,0.0,9,0.050000000000000044,1.1153188097523525e-06,0.02502555400133133,0.0009954024571925402,,,,,,dqn,cartpole,sparse,0.01,0.99,1,
456,0.0,11,0.050000000000000044,8.219004143938946e-07,0.027234990149736404,0.0008820086368359625,,,,,,dqn,cartpole,sparse,0.01,0.99,1,
457,0.0,13,0.050000000000000044,1.6813296497275587e-06,0.02323765680193901,0.0013414063723757863,,,,,,dqn,cartpole,sparse,0.01,0.99,1,
458,0.0,10,0.050000000000000044,1.2867951681982959e-06,0.0262001920491457,0.0012158055324107409,,,,,,dqn,cartpole,sparse,0.01,0.99,1,
459,0.0,9,0.050000000000000044,1.5852743899813504e-06,0.025688886642456055,0.001303363125771284,,,,,,dqn,cartpole,sparse,0.01,0.99,1,
460,0.0,10,0.050000000000000044,1.8271737189934356e-06,0.022765889763832092,0.0011869524605572224,,,,,,dqn,cartpole,sparse,0.01,0.99,1,
461,0.0,12,0.050000000000000044,1.1601840697039734e-06,0.02312261052429676,0.0009223278029821813,,,,,,dqn,cartpole,sparse,0.01,0.99,1,
462,0.0,13,0.050000000000000044,7.971410127538547e-07,0.023019740357995033,0.0010043851798400283,,,,,,dqn,cartpole,sparse,0.01,0.99,1,
463,0.0,10,0.050000000000000044,1.0486259043318569e-06,0.021824559196829796,0.0010469185654073954,,,,,,dqn,cartpole,sparse,0.01,0.99,1,
464,0.0,11,0.050000000000000044,3.6899095903208945e-06,0.025859525427222252,0.00124592543579638,,,,,,dqn,cartpole,sparse,0.01,0.99,1,
465,0.0,9,0.050000000000000044,2.675242058103322e-06,0.024124445393681526,0.00154552748426795,,,,,,dqn,cartpole,sparse,0.01,0.99,1,
466,0.0,10,0.050000000000000044,8.312745194416493e-07,0.027618002146482468,0.0009336424991488457,,,,,,dqn,cartpole,sparse,0.01,0.99,1,
467,0.0,31,0.050000000000000044,4.81163965559972e-07,0.027942419052124023,0.0007007631356827915,,,,,,dqn,cartpole,sparse,0.01,0.99,1,
468,0.0,11,0.050000000000000044,1.0687854228308424e-06,0.02420211397111416,0.0008589975186623633,,,,,,dqn,cartpole,sparse,0.01,0.99,1,
469,0.0,10,0.050000000000000044,1.4991984471635078e-06,0.02551240101456642,0.0010270117782056332,,,,,,dqn,cartpole,sparse,0.01,0.99,1,
470,0.0,10,0.050000000000000044,1.2512546163634397e-06,0.02527378872036934,0.001188969356007874,,,,,,dqn,cartpole,sparse,0.01,0.99,1,
471,0.0,11,0.050000000000000044,7.233707037812565e-07,0.025452926754951477,0.0008414806216023862,,,,,,dqn,cartpole,sparse,0.01,0.99,1,
472,0.0,13,0.050000000000000044,1.048292574523657e-06,0.028136150911450386,0.0011268644593656063,,,,,,dqn,cartpole,sparse,0.01,0.99,1,
473,0.0,11,0.050000000000000044,1.0894283377638203e-06,0.027001071721315384,0.001037494046613574,,,,,,dqn,cartpole,sparse,0.01,0.99,1,
474,0.0,12,0.050000000000000044,2.2013302896084497e-06,0.026465095579624176,0.0011363762896507978,,,,,,dqn,cartpole,sparse,0.01,0.99,1,
475,0.0,10,0.050000000000000044,1.299452037528681e-06,0.02250780165195465,0.0010479133343324065,,,,,,dqn,cartpole,sparse,0.01,0.99,1,
476,0.0,10,0.050000000000000044,6.595892045879737e-07,0.02825203165411949,0.0009763515554368496,,,,,,dqn,cartpole,sparse,0.01,0.99,1,
477,0.0,10,0.050000000000000044,1.673059841778013e-06,0.025747042149305344,0.0014608188066631556,,,,,,dqn,cartpole,sparse,0.01,0.99,1,
478,0.0,17,0.050000000000000044,6.423904324037721e-07,0.02880188077688217,0.000837594096083194,,,,,,dqn,cartpole,sparse,0.01,0.99,1,
479,0.0,10,0.050000000000000044,1.0932037639577175e-06,0.026817090809345245,0.0012326599098742008,,,,,,dqn,cartpole,sparse,0.01,0.99,1,
480,0.0,12,0.050000000000000044,2.602232143544825e-06,0.02250363677740097,0.001346321078017354,,,,,,dqn,cartpole,sparse,0.01,0.99,1,
481,0.0,10,0.050000000000000044,1.0401415693195304e-06,0.025980232283473015,0.0009697373607195914,,,,,,dqn,cartpole,sparse,0.01,0.99,1,
482,0.0,11,0.050000000000000044,9.174314641313686e-07,0.02616032585501671,0.0009541915496811271,,,,,,dqn,cartpole,sparse,0.01,0.99,1,
483,0.0,11,0.050000000000000044,4.2202026406812365e-07,0.025988951325416565,0.0006917841383256018,,,,,,dqn,cartpole,sparse,0.01,0.99,1,
484,0.0,11,0.050000000000000044,8.073481012615957e-07,0.024760615080595016,0.0009639156050980091,,,,,,dqn,cartpole,sparse,0.01,0.99,1,
485,0.0,10,0.050000000000000044,1.8704095054999925e-06,0.02350774221122265,0.0010965080000460148,,,,,,dqn,cartpole,sparse,0.01,0.99,1,
486,0.0,12,0.050000000000000044,1.3796609437122243e-06,0.02491346001625061,0.0010040251072496176,,,,,,dqn,cartpole,sparse,0.01,0.99,1,
487,0.0,11,0.050000000000000044,1.8404017509965342e-06,0.024250492453575134,0.0012698397040367126,,,,,,dqn,cartpole,sparse,0.01,0.99,1,
488,0.0,14,0.050000000000000044,9.041680755217385e-07,0.02500748075544834,0.0009922855533659458,,,,,,dqn,cartpole,sparse,0.01,0.99,1,
489,0.0,11,0.050000000000000044,4.4762879269910627e-07,0.029333241283893585,0.0006523608462885022,,,,,,dqn,cartpole,sparse,0.01,0.99,1,
490,0.0,11,0.050000000000000044,2.2010040083841886e-06,0.026612313464283943,0.0014928507152944803,,,,,,dqn,cartpole,sparse,0.01,0.99,1,
491,0.0,11,0.050000000000000044,1.4458320265475777e-06,0.023868536576628685,0.0009144385112449527,,,,,,dqn,cartpole,sparse,0.01,0.99,1,
492,0.0,12,0.050000000000000044,1.1038162028853549e-06,0.027257587760686874,0.0009077047579921782,,,,,,dqn,cartpole,sparse,0.01,0.99,1,
493,0.0,10,0.050000000000000044,2.061885425064247e-06,0.02922278270125389,0.0012015223037451506,,,,,,dqn,cartpole,sparse,0.01,0.99,1,
494,0.0,10,0.050000000000000044,1.4042392422197736e-06,0.024221498519182205,0.0010000618640333414,,,,,,dqn,cartpole,sparse,0.01,0.99,1,
495,0.0,11,0.050000000000000044,2.4680521164555103e-06,0.025236451998353004,0.0015255582984536886,,,,,,dqn,cartpole,sparse,0.01,0.99,1,
496,0.0,11,0.050000000000000044,2.4623616354801925e-06,0.025540608912706375,0.0016667023301124573,,,,,,dqn,cartpole,sparse,0.01,0.99,1,
497,0.0,28,0.050000000000000044,1.6666584770064219e-06,0.02181483991444111,0.0012477566488087177,,,,,,dqn,cartpole,sparse,0.01,0.99,1,
498,0.0,9,0.050000000000000044,9.209945801558206e-07,0.027517331764101982,0.0008970999624580145,,,,,,dqn,cartpole,sparse,0.01,0.99,1,
499,0.0,11,0.050000000000000044,1.8231021385872737e-06,0.025808721780776978,0.0011818882776424289,,,,,,dqn,cartpole,sparse,0.01,0.99,1,
500,0.0,10,0.050000000000000044,1.0217913768428843e-06,0.0261391494423151,0.0010149151785299182,,,0.0,0.0,10.4,dqn,cartpole,sparse,0.01,0.99,1,
501,0.0,10,0.050000000000000044,7.254328693306888e-07,0.022565292194485664,0.0008942338754422963,,,,,,dqn,cartpole,sparse,0.01,0.99,1,
502,0.0,11,0.050000000000000044,1.829096618166659e-06,0.023082785308361053,0.001039306283928454,,,,,,dqn,cartpole,sparse,0.01,0.99,1,
503,0.0,10,0.050000000000000044,5.41847782642435e-07,0.026652077212929726,0.0007255853852257133,,,,,,dqn,cartpole,sparse,0.01,0.99,1,
504,0.0,11,0.050000000000000044,3.961222319048829e-06,0.022975929081439972,0.001861855387687683,,,,,,dqn,cartpole,sparse,0.01,0.99,1,
505,0.0,11,0.050000000000000044,2.205661530751968e-06,0.026574470102787018,0.0011516573140397668,,,,,,dqn,cartpole,sparse,0.01,0.99,1,
506,0.0,11,0.050000000000000044,1.2815050922654336e-06,0.022945400327444077,0.0010676444508135319,,,,,,dqn,cartpole,sparse,0.01,0.99,1,
507,0.0,11,0.050000000000000044,6.500645781670755e-07,0.02635207399725914,0.000780984410084784,,,,,,dqn,cartpole,sparse,0.01,0.99,1,
508,0.0,10,0.050000000000000044,6.98072881277767e-07,0.027009252458810806,0.0007173349149525166,,,,,,dqn,cartpole,sparse,0.01,0.99,1,
509,0.0,11,0.050000000000000044,1.06499828689266e-06,0.026560833677649498,0.0010079178027808666,,,,,,dqn,cartpole,sparse,0.01,0.99,1,
510,0.0,10,0.050000000000000044,2.5480444492131937e-06,0.028695404529571533,0.0015120608732104301,,,,,,dqn,cartpole,sparse,0.01,0.99,1,
511,0.0,11,0.050000000000000044,6.052553089830326e-07,0.025875963270664215,0.0008725456427782774,,,,,,dqn,cartpole,sparse,0.01,0.99,1,
512,0.0,9,0.050000000000000044,8.172252137228497e-07,0.023469608277082443,0.0009196398314088583,,,,,,dqn,cartpole,sparse,0.01,0.99,1,
513,0.0,10,0.050000000000000044,7.16488443686103e-07,0.026851337403059006,0.000891112897079438,,,,,,dqn,cartpole,sparse,0.01,0.99,1,
514,0.0,11,0.050000000000000044,1.4500606084766332e-06,0.02567620575428009,0.0008511155610904098,,,,,,dqn,cartpole,sparse,0.01,0.99,1,
515,0.0,11,0.050000000000000044,1.4099950931267813e-06,0.02393633872270584,0.0011152953375130892,,,,,,dqn,cartpole,sparse,0.01,0.99,1,
516,0.0,11,0.050000000000000044,1.238310005646781e-06,0.026973437517881393,0.001136291422881186,,,,,,dqn,cartpole,sparse,0.01,0.99,1,
517,0.0,12,0.050000000000000044,3.0943260753701907e-06,0.02529846504330635,0.0017911252798512578,,,,,,dqn,cartpole,sparse,0.01,0.99,1,
518,0.0,10,0.050000000000000044,3.471421223366633e-06,0.028843484818935394,0.002031794749200344,,,,,,dqn,cartpole,sparse,0.01,0.99,1,
519,0.0,9,0.050000000000000044,3.293184818176087e-06,0.025124043226242065,0.0020149042829871178,,,,,,dqn,cartpole,sparse,0.01,0.99,1,
520,0.0,11,0.050000000000000044,1.4022550658410182e-06,0.02652323618531227,0.0013118075439706445,,,,,,dqn,cartpole,sparse,0.01,0.99,1,
521,0.0,11,0.050000000000000044,1.8251421352033503e-06,0.027531646192073822,0.0013568205758929253,,,,,,dqn,cartpole,sparse,0.01,0.99,1,
522,0.0,10,0.050000000000000044,1.268183950742241e-06,0.02887185662984848,0.0011184759205207229,,,,,,dqn,cartpole,sparse,0.01,0.99,1,
523,0.0,10,0.050000000000000044,1.0804500334415934e-06,0.02207263745367527,0.0011211384553462267,,,,,,dqn,cartpole,sparse,0.01,0.99,1,
524,0.0,11,0.050000000000000044,1.8333132629777538e-06,0.02501046285033226,0.0010735925752669573,,,,,,dqn,cartpole,sparse,0.01,0.99,1,
525,0.0,14,0.050000000000000044,1.6401258108089678e-05,0.021420644596219063,0.004593672696501017,,,,,,dqn,cartpole,sparse,0.01,0.99,1,
526,0.0,51,0.050000000000000044,9.41297912504524e-06,0.023686163127422333,0.003577869851142168,,,,,,dqn,cartpole,sparse,0.01,0.99,1,
527,0.0,16,0.050000000000000044,1.0877479326154571e-05,0.026724321767687798,0.0033425851725041866,,,,,,dqn,cartpole,sparse,0.01,0.99,1,
528,0.0,47,0.050000000000000044,9.736638276081067e-06,0.023967765271663666,0.0037535522133111954,,,,,,dqn,cartpole,sparse,0.01,0.99,1,
529,0.0,51,0.050000000000000044,2.8678218768618535e-06,0.02997688576579094,0.0016981828957796097,,,,,,dqn,cartpole,sparse,0.01,0.99,1,
530,0.0,11,0.050000000000000044,5.174187208467629e-06,0.023390324786305428,0.0022711092606186867,,,,,,dqn,cartpole,sparse,0.01,0.99,1,
531,0.0,12,0.050000000000000044,4.830834313906962e-06,0.023141400888562202,0.0021878450643271208,,,,,,dqn,cartpole,sparse,0.01,0.99,1,
532,0.0,44,0.050000000000000044,2.9308866942301393e-06,0.02397366426885128,0.0017342239152640104,,,,,,dqn,cartpole,sparse,0.01,0.99,1,
533,0.0,10,0.050000000000000044,4.011149030702654e-06,0.02939692698419094,0.0020163648296147585,,,,,,dqn,cartpole,sparse,0.01,0.99,1,
534,0.0,11,0.050000000000000044,2.976065616167034e-06,0.028574660420417786,0.0017347296234220266,,,,,,dqn,cartpole,sparse,0.01,0.99,1,
535,0.0,11,0.050000000000000044,4.089345566171687e-06,0.02542351558804512,0.0021506717894226313,,,,,,dqn,cartpole,sparse,0.01,0.99,1,
536,0.0,38,0.050000000000000044,2.4173989459086442e-06,0.027110116556286812,0.001537188421934843,,,,,,dqn,cartpole,sparse,0.01,0.99,1,
537,0.0,38,0.050000000000000044,1.6305009467032505e-06,0.026911698281764984,0.00119688524864614,,,,,,dqn,cartpole,sparse,0.01,0.99,1,
538,0.0,55,0.050000000000000044,1.2037135093123652e-06,0.0262269526720047,0.0011042713886126876,,,,,,dqn,cartpole,sparse,0.01,0.99,1,
539,0.0,29,0.050000000000000044,9.928783128998475e-07,0.026352614164352417,0.0010761299636214972,,,,,,dqn,cartpole,sparse,0.01,0.99,1,
540,0.0,59,0.050000000000000044,5.427918949862942e-07,0.023551374673843384,0.0007953636813908815,,,,,,dqn,cartpole,sparse,0.01,0.99,1,
541,0.0,55,0.050000000000000044,8.37170034628798e-07,0.02541724592447281,0.000926281267311424,,,,,,dqn,cartpole,sparse,0.01,0.99,1,
542,0.0,51,0.050000000000000044,9.894788490782958e-07,0.025225520133972168,0.000918160192668438,,,,,,dqn,cartpole,sparse,0.01,0.99,1,
543,0.0,28,0.050000000000000044,1.728766733322118e-06,0.0268911961466074,0.0014871526509523392,,,,,,dqn,cartpole,sparse,0.01,0.99,1,
544,0.0,51,0.050000000000000044,1.4034080777491909e-06,0.030542226508259773,0.0012050254736095667,,,,,,dqn,cartpole,sparse,0.01,0.99,1,
545,0.0,12,0.050000000000000044,2.741649723247974e-06,0.026348557323217392,0.0014548655599355698,,,,,,dqn,cartpole,sparse,0.01,0.99,1,
546,0.0,49,0.050000000000000044,2.279689169881749e-06,0.028967056423425674,0.0015623359940946102,,,,,,dqn,cartpole,sparse,0.01,0.99,1,
547,0.0,54,0.050000000000000044,1.5880203818596783e-06,0.030088551342487335,0.0013342220336198807,,,,,,dqn,cartpole,sparse,0.01,0.99,1,
548,0.0,52,0.050000000000000044,6.783950539102079e-07,0.025805197656154633,0.0008867551805451512,,,,,,dqn,cartpole,sparse,0.01,0.99,1,
549,0.0,30,0.050000000000000044,1.499535301263677e-06,0.02628783881664276,0.0013328342465683818,,,,,,dqn,cartpole,sparse,0.01,0.99,1,
550,0.0,39,0.050000000000000044,1.1556721801753156e-06,0.028439026325941086,0.0011048439191654325,,,0.0,0.0,28.6,dqn,cartpole,sparse,0.01,0.99,1,
551,0.0,13,0.050000000000000044,2.9950747375551146e-06,0.02474159374833107,0.0019073495641350746,,,,,,dqn,cartpole,sparse,0.01,0.99,1,
552,0.0,38,0.050000000000000044,2.7488595151226036e-06,0.027358653023838997,0.0019933292642235756,,,,,,dqn,cartpole,sparse,0.01,0.99,1,
553,0.0,12,0.050000000000000044,1.5033310774015263e-06,0.029484521597623825,0.0013229382457211614,,,,,,dqn,cartpole,sparse,0.01,0.99,1,
554,0.0,37,0.050000000000000044,1.1782957471950795e-06,0.025651490315794945,0.0011641090968623757,,,,,,dqn,cartpole,sparse,0.01,0.99,1,
555,0.0,13,0.050000000000000044,1.4413598137252848e-06,0.02847275137901306,0.0012153182178735733,,,,,,dqn,cartpole,sparse,0.01,0.99,1,
556,0.0,35,0.050000000000000044,1.5195677178780898e-06,0.023673418909311295,0.0012049184879288077,,,,,,dqn,cartpole,sparse,0.01,0.99,1,
557,0.0,34,0.050000000000000044,1.2333483709880966e-06,0.025467049330472946,0.0011068200692534447,,,,,,dqn,cartpole,sparse,0.01,0.99,1,
558,0.0,58,0.050000000000000044,1.228276914844173e-06,0.028255116194486618,0.001199259189888835,,,,,,dqn,cartpole,sparse,0.01,0.99,1,
559,0.0,38,0.050000000000000044,3.235532403778052e-06,0.027548838406801224,0.0021919647697359324,,,,,,dqn,cartpole,sparse,0.01,0.99,1,
560,0.0,54,0.050000000000000044,4.153021109232213e-06,0.029329808428883553,0.002364553976804018,,,,,,dqn,cartpole,sparse,0.01,0.99,1,
561,0.0,51,0.050000000000000044,1.6088215488707647e-06,0.023950356990098953,0.0012744080740958452,,,,,,dqn,cartpole,sparse,0.01,0.99,1,
562,0.0,11,0.050000000000000044,3.1446493267139886e-06,0.030870884656906128,0.0019339363789185882,,,,,,dqn,cartpole,sparse,0.01,0.99,1,
563,0.0,37,0.050000000000000044,1.3757171473116614e-06,0.02762753516435623,0.001205893699079752,,,,,,dqn,cartpole,sparse,0.01,0.99,1,
564,0.0,13,0.050000000000000044,4.894342055195011e-06,0.026683054864406586,0.00235177855938673,,,,,,dqn,cartpole,sparse,0.01,0.99,1,
565,0.0,30,0.050000000000000044,2.7489493277244037e-06,0.027471154928207397,0.0019448300590738654,,,,,,dqn,cartpole,sparse,0.01,0.99,1,
566,0.0,44,0.050000000000000044,1.8573989564174553e-06,0.025464370846748352,0.001443442888557911,,,,,,dqn,cartpole,sparse,0.01,0.99,1,
567,0.0,16,0.050000000000000044,1.1771127219617483e-06,0.029493257403373718,0.0012439608108252287,,,,,,dqn,cartpole,sparse,0.01,0.99,1,
568,0.0,15,0.050000000000000044,1.9458825590845663e-06,0.027276065200567245,0.0014253894332796335,,,,,,dqn,cartpole,sparse,0.01,0.99,1,
569,0.0,37,0.050000000000000044,3.4115710150217637e-06,0.026288911700248718,0.001989503391087055,,,,,,dqn,cartpole,sparse,0.01,0.99,1,
570,0.0,11,0.050000000000000044,2.620632585603744e-06,0.02876080945134163,0.00147782894782722,,,,,,dqn,cartpole,sparse,0.01,0.99,1,
571,0.0,34,0.050000000000000044,1.8839123185898643e-06,0.02924630045890808,0.0014856945490464568,,,,,,dqn,cartpole,sparse,0.01,0.99,1,
572,0.0,52,0.050000000000000044,2.787036919471575e-06,0.027807526290416718,0.0017982026329264045,,,,,,dqn,cartpole,sparse,0.01,0.99,1,
573,0.0,34,0.050000000000000044,1.830554992920952e-06,0.02808009274303913,0.0013209311291575432,,,,,,dqn,cartpole,sparse,0.01,0.99,1,
574,0.0,12,0.050000000000000044,1.7318975551461335e-06,0.02782120369374752,0.0015003057196736336,,,,,,dqn,cartpole,sparse,0.01,0.99,1,
575,0.0,12,0.050000000000000044,1.321448735325248e-06,0.026133598759770393,0.0012926062336191535,,,,,,dqn,cartpole,sparse,0.01,0.99,1,
576,0.0,32,0.050000000000000044,1.1072442021031748e-06,0.02193222939968109,0.001002760836854577,,,,,,dqn,cartpole,sparse,0.01,0.99,1,
577,0.0,11,0.050000000000000044,1.3981335769130965e-06,0.03104023076593876,0.0011428565485402942,,,,,,dqn,cartpole,sparse,0.01,0.99,1,
578,0.0,12,0.050000000000000044,9.988001465899288e-07,0.024212919175624847,0.0011577964760363102,,,,,,dqn,cartpole,sparse,0.01,0.99,1,
579,0.0,10,0.050000000000000044,7.782987268001307e-07,0.023364387452602386,0.0009613260626792908,,,,,,dqn,cartpole,sparse,0.01,0.99,1,
580,0.0,32,0.050000000000000044,1.1663678378681652e-06,0.026734711602330208,0.001082395319826901,,,,,,dqn,cartpole,sparse,0.01,0.99,1,
581,0.0,12,0.050000000000000044,1.3451287941279588e-06,0.02601553499698639,0.0013950495049357414,,,,,,dqn,cartpole,sparse,0.01,0.99,1,
582,0.0,36,0.050000000000000044,1.7524068880447885e-06,0.02625390514731407,0.001337730442173779,,,,,,dqn,cartpole,sparse,0.01,0.99,1,
583,0.0,38,0.050000000000000044,4.0015474951360375e-06,0.02770082652568817,0.0020822633523494005,,,,,,dqn,cartpole,sparse,0.01,0.99,1,
584,0.0,13,0.050000000000000044,3.2587813620921224e-06,0.025318540632724762,0.0020194142125546932,,,,,,dqn,cartpole,sparse,0.01,0.99,1,
585,0.0,26,0.050000000000000044,1.542029394840938e-06,0.029285509139299393,0.0013441890478134155,,,,,,dqn,cartpole,sparse,0.01,0.99,1,
586,0.0,52,0.050000000000000044,1.2903052493129508e-06,0.026769664138555527,0.001364623662084341,,,,,,dqn,cartpole,sparse,0.01,0.99,1,
587,0.0,12,0.050000000000000044,1.042772964865435e-06,0.025095082819461823,0.0011946986196562648,,,,,,dqn,cartpole,sparse,0.01,0.99,1,
588,0.0,18,0.050000000000000044,2.333045358682284e-06,0.021761108189821243,0.0015846568858250976,,,,,,dqn,cartpole,sparse,0.01,0.99,1,
589,0.0,50,0.050000000000000044,4.771044586959761e-06,0.028547443449497223,0.002353062853217125,,,,,,dqn,cartpole,sparse,0.01,0.99,1,
590,0.0,46,0.050000000000000044,6.6934899223269895e-06,0.025662057101726532,0.002705103252083063,,,,,,dqn,cartpole,sparse,0.01,0.99,1,
591,0.0,32,0.050000000000000044,3.775284767471021e-06,0.02741517871618271,0.00199472950771451,,,,,,dqn,cartpole,sparse,0.01,0.99,1,
592,0.0,32,0.050000000000000044,3.444910362304654e-06,0.024317145347595215,0.0020229569636285305,,,,,,dqn,cartpole,sparse,0.01,0.99,1,
593,0.0,27,0.050000000000000044,2.845622020686278e-06,0.027246691286563873,0.0019320809515193105,,,,,,dqn,cartpole,sparse,0.01,0.99,1,
594,0.0,115,0.050000000000000044,3.84683107768069e-06,0.028148435056209564,0.0018041939474642277,,,,,,dqn,cartpole,sparse,0.01,0.99,1,
595,0.0,66,0.050000000000000044,1.5169834114203695e-05,0.03218546882271767,0.0030666606035083532,,,,,,dqn,cartpole,sparse,0.01,0.99,1,
596,0.0,123,0.050000000000000044,2.5548060875735246e-06,0.024773098528385162,0.0017558091785758734,,,,,,dqn,cartpole,sparse,0.01,0.99,1,
597,0.0,27,0.050000000000000044,5.7471052059554495e-06,0.028318770229816437,0.002516623819246888,,,,,,dqn,cartpole,sparse,0.01,0.99,1,
598,0.0,29,0.050000000000000044,3.3117680686700623e-06,0.02820233441889286,0.001823943923227489,,,,,,dqn,cartpole,sparse,0.01,0.99,1,
599,0.0,24,0.050000000000000044,4.238545443513431e-06,0.025579232722520828,0.0022513559088110924,,,,,,dqn,cartpole,sparse,0.01,0.99,1,
600,0.0,64,0.050000000000000044,3.8035277611925267e-06,0.028415622189641,0.0022426736541092396,,,0.0,0.0,25.5,dqn,cartpole,sparse,0.01,0.99,1,
601,0.0,30,0.050000000000000044,4.075322976859752e-06,0.030548058450222015,0.0022902803029865026,,,,,,dqn,cartpole,sparse,0.01,0.99,1,
602,0.0,26,0.050000000000000044,5.2756713557755575e-06,0.02909916639328003,0.002529693301767111,,,,,,dqn,cartpole,sparse,0.01,0.99,1,
603,0.0,11,0.050000000000000044,4.509909558692016e-06,0.028185050934553146,0.0019955213647335768,,,,,,dqn,cartpole,sparse,0.01,0.99,1,
604,0.0,14,0.050000000000000044,3.446967411946389e-06,0.026142898947000504,0.0017794955056160688,,,,,,dqn,cartpole,sparse,0.01,0.99,1,
605,0.0,29,0.050000000000000044,5.406071068136953e-06,0.030054178088903427,0.0023803329095244408,,,,,,dqn,cartpole,sparse,0.01,0.99,1,
606,0.0,39,0.050000000000000044,1.0381500942457933e-05,0.030103139579296112,0.0028829285874962807,,,,,,dqn,cartpole,sparse,0.01,0.99,1,
607,0.0,27,0.050000000000000044,2.736489022936439e-06,0.02667570672929287,0.0017928867600858212,,,,,,dqn,cartpole,sparse,0.01,0.99,1,
608,0.0,14,0.050000000000000044,5.53098789168871e-06,0.028347253799438477,0.0024715459439903498,,,,,,dqn,cartpole,sparse,0.01,0.99,1,
609,0.0,68,0.050000000000000044,2.686582774913404e-06,0.030213188380002975,0.0019049248658120632,,,,,,dqn,cartpole,sparse,0.01,0.99,1,
610,0.0,37,0.050000000000000044,5.770627467427403e-06,0.02988174557685852,0.0026094820350408554,,,,,,dqn,cartpole,sparse,0.01,0.99,1,
611,0.0,55,0.050000000000000044,3.3128167160612065e-06,0.028210841119289398,0.0019931879360228777,,,,,,dqn,cartpole,sparse,0.01,0.99,1,
612,0.0,48,0.050000000000000044,1.919491069202195e-06,0.02656763233244419,0.0014715155120939016,,,,,,dqn,cartpole,sparse,0.01,0.99,1,
613,0.0,53,0.050000000000000044,2.056224957414088e-06,0.026344768702983856,0.0015195433516055346,,,,,,dqn,cartpole,sparse,0.01,0.99,1,
614,0.0,32,0.050000000000000044,1.0067608400277095e-06,0.029212474822998047,0.0010589656885713339,,,,,,dqn,cartpole,sparse,0.01,0.99,1,
615,0.0,49,0.050000000000000044,1.5801554127392592e-06,0.02814687043428421,0.0013429936952888966,,,,,,dqn,cartpole,sparse,0.01,0.99,1,
616,0.0,48,0.050000000000000044,1.8904936496255687e-06,0.026459354907274246,0.0014183435123413801,,,,,,dqn,cartpole,sparse,0.01,0.99,1,
617,0.0,14,0.050000000000000044,2.3560983208881225e-06,0.032429199665784836,0.0018687982810661197,,,,,,dqn,cartpole,sparse,0.01,0.99,1,
618,0.0,118,0.050000000000000044,7.929626008262858e-06,0.03245311975479126,0.003403464797884226,,,,,,dqn,cartpole,sparse,0.01,0.99,1,
619,0.0,33,0.050000000000000044,3.936316261388129e-06,0.024517040699720383,0.002030252944678068,,,,,,dqn,cartpole,sparse,0.01,0.99,1,
620,0.0,65,0.050000000000000044,7.713591003266629e-06,0.027669619768857956,0.0023907714057713747,,,,,,dqn,cartpole,sparse,0.01,0.99,1,
621,0.0,11,0.050000000000000044,5.373988642531913e-06,0.03213811665773392,0.002172403037548065,,,,,,dqn,cartpole,sparse,0.01,0.99,1,
622,0.0,34,0.050000000000000044,5.9880571825488005e-06,0.025799807161092758,0.002540835179388523,,,,,,dqn,cartpole,sparse,0.01,0.99,1,
623,0.0,12,0.050000000000000044,4.7556486606481485e-06,0.027175359427928925,0.0025938136968761683,,,,,,dqn,cartpole,sparse,0.01,0.99,1,
624,0.0,79,0.050000000000000044,2.757456968538463e-06,0.028228480368852615,0.0017209176439791918,,,,,,dqn,cartpole,sparse,0.01,0.99,1,
625,0.0,29,0.050000000000000044,2.1763321456091944e-06,0.033061131834983826,0.0017196041299030185,,,,,,dqn,cartpole,sparse,0.01,0.99,1,
626,0.0,48,0.050000000000000044,1.4907059266988654e-06,0.029037073254585266,0.0013245827285572886,,,,,,dqn,cartpole,sparse,0.01,0.99,1,
627,0.0,89,0.050000000000000044,2.659819074324332e-06,0.030337486416101456,0.001592488493770361,,,,,,dqn,cartpole,sparse,0.01,0.99,1,
628,0.0,49,0.050000000000000044,2.176715724999667e-06,0.027185913175344467,0.0016589057631790638,,,,,,dqn,cartpole,sparse,0.01,0.99,1,
629,0.0,109,0.050000000000000044,1.1479676231829217e-06,0.03092813864350319,0.001133418409153819,,,,,,dqn,cartpole,sparse,0.01,0.99,1,
630,0.0,70,0.050000000000000044,1.1187125892320182e-06,0.02886510267853737,0.0010446261148899794,,,,,,dqn,cartpole,sparse,0.01,0.99,1,
631,0.0,64,0.050000000000000044,1.4625090898334747e-06,0.032471902668476105,0.0012328712036833167,,,,,,dqn,cartpole,sparse,0.01,0.99,1,
632,0.0,62,0.050000000000000044,7.891446330177132e-06,0.030610185116529465,0.0029062731191515923,,,,,,dqn,cartpole,sparse,0.01,0.99,1,
633,0.0,112,0.050000000000000044,1.203392230308964e-06,0.031140988692641258,0.001212201314046979,,,,,,dqn,cartpole,sparse,0.01,0.99,1,
634,0.0,112,0.050000000000000044,2.6891116249316838e-06,0.028307532891631126,0.001843678648583591,,,,,,dqn,cartpole,sparse,0.01,0.99,1,
635,0.0,11,0.050000000000000044,3.4158888411184307e-06,0.029017090797424316,0.002073188778012991,,,,,,dqn,cartpole,sparse,0.01,0.99,1,
636,0.0,114,0.050000000000000044,1.3024616691836854e-06,0.03021319955587387,0.0013038704637438059,,,,,,dqn,cartpole,sparse,0.01,0.99,1,
637,0.0,135,0.050000000000000044,1.5041514416225255e-06,0.029750477522611618,0.0014166415203362703,,,,,,dqn,cartpole,sparse,0.01,0.99,1,
638,0.0,110,0.050000000000000044,4.98040571983438e-06,0.029866360127925873,0.002427076455205679,,,,,,dqn,cartpole,sparse,0.01,0.99,1,
639,0.0,61,0.050000000000000044,2.5380907118233154e-06,0.030001545324921608,0.001343545038253069,,,,,,dqn,cartpole,sparse,0.01,0.99,1,
640,0.0,146,0.050000000000000044,1.5076350337039912e-06,0.03342703357338905,0.0013839093735441566,,,,,,dqn,cartpole,sparse,0.01,0.99,1,
641,0.0,115,0.050000000000000044,1.5291673207684653e-06,0.031134387478232384,0.0014701496111229062,,,,,,dqn,cartpole,sparse,0.01,0.99,1,
642,0.0,138,0.050000000000000044,2.2546073523699306e-06,0.02942635491490364,0.0015834812074899673,,,,,,dqn,cartpole,sparse,0.01,0.99,1,
643,0.0,136,0.050000000000000044,1.8204025309387362e-06,0.030573770403862,0.0014295352157205343,,,,,,dqn,cartpole,sparse,0.01,0.99,1,
644,0.0,142,0.050000000000000044,1.4923468825145392e-06,0.03471311926841736,0.001159721752628684,,,,,,dqn,cartpole,sparse,0.01,0.99,1,
645,0.0,125,0.050000000000000044,1.025666279019788e-06,0.02768975868821144,0.0011518598766997457,,,,,,dqn,cartpole,sparse,0.01,0.99,1,
646,0.0,153,0.050000000000000044,1.8319459513804759e-06,0.03087487444281578,0.0015394759830087423,,,,,,dqn,cartpole,sparse,0.01,0.99,1,
647,0.0,143,0.050000000000000044,7.775137191856629e-07,0.028904680162668228,0.0009445134783163667,,,,,,dqn,cartpole,sparse,0.01,0.99,1,
648,0.0,131,0.050000000000000044,2.2399849513021763e-06,0.02979247458279133,0.0018476330442354083,,,,,,dqn,cartpole,sparse,0.01,0.99,1,
649,0.0,147,0.050000000000000044,7.551521775894798e-06,0.03331911563873291,0.0026163177099078894,,,,,,dqn,cartpole,sparse,0.01,0.99,1,
650,0.0,48,0.050000000000000044,7.456865205313079e-06,0.03291449695825577,0.002988372929394245,,,0.0,0.0,170.4,dqn,cartpole,sparse,0.01,0.99,1,
651,0.0,134,0.050000000000000044,4.453589099284727e-06,0.03448982164263725,0.00200191093608737,,,,,,dqn,cartpole,sparse,0.01,0.99,1,
652,0.0,19,0.050000000000000044,2.330960569452145e-06,0.0381917878985405,0.001622989191673696,,,,,,dqn,cartpole,sparse,0.01,0.99,1,
653,0.0,35,0.050000000000000044,7.636221198481508e-06,0.03270624205470085,0.002235126681625843,,,,,,dqn,cartpole,sparse,0.01,0.99,1,
654,0.0,178,0.050000000000000044,2.512005949029117e-06,0.03496502339839935,0.0017909675370901823,,,,,,dqn,cartpole,sparse,0.01,0.99,1,
655,0.0,123,0.050000000000000044,1.7437910173612181e-06,0.02988952398300171,0.001443291432224214,,,,,,dqn,cartpole,sparse,0.01,0.99,1,
656,0.0,151,0.050000000000000044,1.5293126125470735e-06,0.03513183444738388,0.001389769953675568,,,,,,dqn,cartpole,sparse,0.01,0.99,1,
657,0.0,142,0.050000000000000044,2.7173991838935763e-06,0.033407874405384064,0.0019110504072159529,,,,,,dqn,cartpole,sparse,0.01,0.99,1,
658,0.0,127,0.050000000000000044,5.228532245382667e-06,0.034207720309495926,0.0026086692232638597,,,,,,dqn,cartpole,sparse,0.01,0.99,1,
659,0.0,118,0.050000000000000044,4.659465957956854e-06,0.029867663979530334,0.0026668021455407143,,,,,,dqn,cartpole,sparse,0.01,0.99,1,
660,0.0,70,0.050000000000000044,1.591858745086938e-05,0.03871550038456917,0.003396812826395035,,,,,,dqn,cartpole,sparse,0.01,0.99,1,
661,0.0,144,0.050000000000000044,1.7577349353814498e-05,0.0314754992723465,0.0028713340871036053,,,,,,dqn,cartpole,sparse,0.01,0.99,1,
662,0.0,139,0.050000000000000044,4.1751341086637694e-06,0.03332360088825226,0.0022157225757837296,,,,,,dqn,cartpole,sparse,0.01,0.99,1,
663,0.0,152,0.050000000000000044,2.717977167776553e-06,0.03587179258465767,0.0018272243905812502,,,,,,dqn,cartpole,sparse,0.01,0.99,1,
664,0.0,142,0.050000000000000044,1.730920530462754e-06,0.03649270534515381,0.0013235341757535934,,,,,,dqn,cartpole,sparse,0.01,0.99,1,
665,0.0,158,0.050000000000000044,4.628001079254318e-06,0.040697500109672546,0.00217181583866477,,,,,,dqn,cartpole,sparse,0.01,0.99,1,
666,0.0,159,0.050000000000000044,5.1365823310334235e-06,0.035807013511657715,0.002190695609897375,,,,,,dqn,cartpole,sparse,0.01,0.99,1,
667,0.0,151,0.050000000000000044,7.3132246143359225e-06,0.03687093406915665,0.0024059084244072437,,,,,,dqn,cartpole,sparse,0.01,0.99,1,
668,0.0,118,0.050000000000000044,3.0722469546162756e-06,0.03512623533606529,0.002019684761762619,,,,,,dqn,cartpole,sparse,0.01,0.99,1,
669,0.0,132,0.050000000000000044,3.439026841078885e-06,0.03619948774576187,0.0020873122848570347,,,,,,dqn,cartpole,sparse,0.01,0.99,1,
670,0.0,143,0.050000000000000044,2.1344496872188756e-06,0.0385051853954792,0.001514383708126843,,,,,,dqn,cartpole,sparse,0.01,0.99,1,
671,0.0,140,0.050000000000000044,4.973780505679315e-06,0.02974509820342064,0.0026557189412415028,,,,,,dqn,cartpole,sparse,0.01,0.99,1,
672,0.0,124,0.050000000000000044,4.192257620161399e-06,0.03465742990374565,0.002168777398765087,,,,,,dqn,cartpole,sparse,0.01,0.99,1,
673,0.0,146,0.050000000000000044,4.806666765944101e-06,0.03166652470827103,0.002341161947697401,,,,,,dqn,cartpole,sparse,0.01,0.99,1,
674,0.0,126,0.050000000000000044,7.0994087764120195e-06,0.03957904130220413,0.0031822307500988245,,,,,,dqn,cartpole,sparse,0.01,0.99,1,
675,0.0,127,0.050000000000000044,6.343883796944283e-06,0.03602050244808197,0.002508335281163454,,,,,,dqn,cartpole,sparse,0.01,0.99,1,
676,0.0,124,0.050000000000000044,6.6458705987315625e-06,0.03475780785083771,0.0029474589973688126,,,,,,dqn,cartpole,sparse,0.01,0.99,1,
677,0.0,124,0.050000000000000044,2.2168578652781434e-06,0.03261712193489075,0.00162145821377635,,,,,,dqn,cartpole,sparse,0.01,0.99,1,
678,0.0,142,0.050000000000000044,3.981269401265308e-06,0.03612147271633148,0.0022576304618269205,,,,,,dqn,cartpole,sparse,0.01,0.99,1,
679,0.0,146,0.050000000000000044,6.295560524449684e-06,0.03209126368165016,0.0029104547575116158,,,,,,dqn,cartpole,sparse,0.01,0.99,1,
680,0.0,147,0.050000000000000044,1.0723593732109293e-05,0.037001051008701324,0.0036072125658392906,,,,,,dqn,cartpole,sparse,0.01,0.99,1,
681,0.0,51,0.050000000000000044,6.644120730925351e-06,0.03354509919881821,0.0030748264398425817,,,,,,dqn,cartpole,sparse,0.01,0.99,1,
682,0.0,156,0.050000000000000044,9.216466423822567e-06,0.045389026403427124,0.0036620860919356346,,,,,,dqn,cartpole,sparse,0.01,0.99,1,
683,0.0,77,0.050000000000000044,5.618181603495032e-06,0.037437938153743744,0.002662329003214836,,,,,,dqn,cartpole,sparse,0.01,0.99,1,
684,0.0,142,0.050000000000000044,5.810043148812838e-06,0.03437083959579468,0.0021545495837926865,,,,,,dqn,cartpole,sparse,0.01,0.99,1,
685,0.0,132,0.050000000000000044,4.0614968384034e-06,0.033317744731903076,0.0021389431785792112,,,,,,dqn,cartpole,sparse,0.01,0.99,1,
686,0.0,174,0.050000000000000044,3.483938144199783e-06,0.03423827514052391,0.0020479699596762657,,,,,,dqn,cartpole,sparse,0.01,0.99,1,
687,0.0,152,0.050000000000000044,2.2154456473799655e-06,0.0331912599503994,0.0017273216508328915,,,,,,dqn,cartpole,sparse,0.01,0.99,1,
688,0.0,65,0.050000000000000044,3.850994289678056e-06,0.03345087915658951,0.0019635858479887247,,,,,,dqn,cartpole,sparse,0.01,0.99,1,
689,0.0,145,0.050000000000000044,1.3731678336625919e-06,0.03181527554988861,0.001340590650215745,,,,,,dqn,cartpole,sparse,0.01,0.99,1,
690,0.0,146,0.050000000000000044,1.94374024431454e-06,0.03319026157259941,0.0015163636999204755,,,,,,dqn,cartpole,sparse,0.01,0.99,1,
691,0.0,145,0.050000000000000044,1.443345445295563e-05,0.03593597561120987,0.0024813867639750242,,,,,,dqn,cartpole,sparse,0.01,0.99,1,
692,0.0,132,0.050000000000000044,5.856607458554208e-06,0.0369652695953846,0.0026635408867150545,,,,,,dqn,cartpole,sparse,0.01,0.99,1,
693,0.0,150,0.050000000000000044,4.672354862123029e-06,0.03521401435136795,0.00254364637658,,,,,,dqn,cartpole,sparse,0.01,0.99,1,
694,0.0,146,0.050000000000000044,3.713196974786115e-06,0.03714387118816376,0.001978908199816942,,,,,,dqn,cartpole,sparse,0.01,0.99,1,
695,0.0,142,0.050000000000000044,2.754243041636073e-06,0.03304554522037506,0.0017058977391570807,,,,,,dqn,cartpole,sparse,0.01,0.99,1,
696,0.0,134,0.050000000000000044,2.6420907488500234e-06,0.037660595029592514,0.0017434059409424663,,,,,,dqn,cartpole,sparse,0.01,0.99,1,
697,0.0,168,0.050000000000000044,4.414674549479969e-06,0.040192294865846634,0.0024462088476866484,,,,,,dqn,cartpole,sparse,0.01,0.99,1,
698,0.0,131,0.050000000000000044,4.603370143740904e-06,0.04138590395450592,0.0022110254503786564,,,,,,dqn,cartpole,sparse,0.01,0.99,1,
699,0.0,169,0.050000000000000044,1.980269644263899e-06,0.038935162127017975,0.0013540757354348898,,,,,,dqn,cartpole,sparse,0.01,0.99,1,
700,0.0,166,0.050000000000000044,4.636573521565879e-06,0.03647579625248909,0.0024019305128604174,,,0.0,0.0,235.9,dqn,cartpole,sparse,0.01,0.99,1,
701,0.0,179,0.050000000000000044,5.34785021955031e-06,0.03926301747560501,0.002421253826469183,,,,,,dqn,cartpole,sparse,0.01,0.99,1,
702,0.0,168,0.050000000000000044,1.1030520909116603e-05,0.04175855964422226,0.003097642445936799,,,,,,dqn,cartpole,sparse,0.01,0.99,1,
703,0.0,60,0.050000000000000044,6.977121302043088e-06,0.04050149768590927,0.0028626639395952225,,,,,,dqn,cartpole,sparse,0.01,0.99,1,
704,0.0,140,0.050000000000000044,4.056599664181704e-06,0.04391917586326599,0.0021588453091681004,,,,,,dqn,cartpole,sparse,0.01,0.99,1,
705,0.0,165,0.050000000000000044,2.946399490610929e-06,0.037968218326568604,0.0017699901945888996,,,,,,dqn,cartpole,sparse,0.01,0.99,1,
706,0.0,174,0.050000000000000044,2.072537199637736e-06,0.036875128746032715,0.001674638595432043,,,,,,dqn,cartpole,sparse,0.01,0.99,1,
707,0.0,173,0.050000000000000044,5.597404197033029e-06,0.03809381276369095,0.0024226135574281216,,,,,,dqn,cartpole,sparse,0.01,0.99,1,
708,0.0,154,0.050000000000000044,5.508812137122732e-06,0.037211813032627106,0.0024275295436382294,,,,,,dqn,cartpole,sparse,0.01,0.99,1,
709,0.0,450,0.050000000000000044,2.7595835945248837e-06,0.04187323898077011,0.0018055064138025045,,,,,,dqn,cartpole,sparse,0.01,0.99,1,
710,0.0,308,0.050000000000000044,2.4456462597299833e-06,0.0408804677426815,0.0018187649548053741,,,,,,dqn,cartpole,sparse,0.01,0.99,1,
711,1.0,500,0.050000000000000044,3.6642909435613547e-06,0.043310053646564484,0.002216572407633066,,,,,,dqn,cartpole,sparse,0.01,0.99,1,
712,0.0,268,0.050000000000000044,2.847336872946471e-06,0.04128677397966385,0.0015532069373875856,,,,,,dqn,cartpole,sparse,0.01,0.99,1,
713,0.0,224,0.050000000000000044,8.0168047134066e-06,0.03775247186422348,0.0021978956647217274,,,,,,dqn,cartpole,sparse,0.01,0.99,1,
714,0.0,330,0.050000000000000044,0.006895676255226135,0.0405561737716198,0.018062520772218704,,,,,,dqn,cartpole,sparse,0.01,0.99,1,
715,0.0,34,0.050000000000000044,3.28211099258624e-05,0.04599974304437637,0.005984950810670853,,,,,,dqn,cartpole,sparse,0.01,0.99,1,
716,0.0,31,0.050000000000000044,1.2170544323453214e-05,0.03999116271734238,0.0036978295538574457,,,,,,dqn,cartpole,sparse,0.01,0.99,1,
717,0.0,145,0.050000000000000044,6.321431101241615e-06,0.0425541065633297,0.002859507454559207,,,,,,dqn,cartpole,sparse,0.01,0.99,1,
718,0.0,173,0.050000000000000044,4.394490133563522e-06,0.04511403664946556,0.0022617648355662823,,,,,,dqn,cartpole,sparse,0.01,0.99,1,
719,0.0,258,0.050000000000000044,5.237153163761832e-05,0.04371904209256172,0.008252042345702648,,,,,,dqn,cartpole,sparse,0.01,0.99,1,
720,0.0,29,0.050000000000000044,5.953092477284372e-05,0.0416271835565567,0.009681347757577896,,,,,,dqn,cartpole,sparse,0.01,0.99,1,
721,0.0,17,0.050000000000000044,4.4982953113503754e-05,0.0398770272731781,0.008276911452412605,,,,,,dqn,cartpole,sparse,0.01,0.99,1,
722,0.0,34,0.050000000000000044,4.945685941493139e-05,0.03882340341806412,0.005116764921694994,,,,,,dqn,cartpole,sparse,0.01,0.99,1,
723,0.0,476,0.050000000000000044,3.887243110511918e-06,0.04563548415899277,0.0017992870416492224,,,,,,dqn,cartpole,sparse,0.01,0.99,1,
724,0.0,275,0.050000000000000044,4.710958819487132e-06,0.03969518095254898,0.0022743537556380033,,,,,,dqn,cartpole,sparse,0.01,0.99,1,
725,0.0,157,0.050000000000000044,2.7278078960080165e-06,0.039257537573575974,0.001868763822130859,,,,,,dqn,cartpole,sparse,0.01,0.99,1,
726,0.0,182,0.050000000000000044,4.302303295844467e-06,0.04391089081764221,0.0020423962268978357,,,,,,dqn,cartpole,sparse,0.01,0.99,1,
727,0.0,194,0.050000000000000044,3.854487658827566e-06,0.04594392701983452,0.001926758443005383,,,,,,dqn,cartpole,sparse,0.01,0.99,1,
728,0.0,242,0.050000000000000044,2.4226075765909627e-05,0.04575866460800171,0.0032016572076827288,,,,,,dqn,cartpole,sparse,0.01,0.99,1,
729,0.0,253,0.050000000000000044,5.752496690547559e-06,0.046835772693157196,0.002870976459234953,,,,,,dqn,cartpole,sparse,0.01,0.99,1,
730,0.0,419,0.050000000000000044,3.581648343242705e-06,0.04793607071042061,0.002045164816081524,,,,,,dqn,cartpole,sparse,0.01,0.99,1,
731,0.0,254,0.050000000000000044,1.8097705833497457e-05,0.04748476296663284,0.0029351082630455494,,,,,,dqn,cartpole,sparse,0.01,0.99,1,
732,1.0,500,0.050000000000000044,4.720222023024689e-06,0.0460779070854187,0.002142838668078184,,,,,,dqn,cartpole,sparse,0.01,0.99,1,
733,0.0,333,0.050000000000000044,2.4751811906753574e-06,0.04958564043045044,0.001717667910270393,,,,,,dqn,cartpole,sparse,0.01,0.99,1,
734,0.0,218,0.050000000000000044,0.006883964408189058,0.04807828366756439,0.01615913212299347,,,,,,dqn,cartpole,sparse,0.01,0.99,1,
735,0.0,76,0.050000000000000044,2.704062353586778e-05,0.049728233367204666,0.0057708825916051865,,,,,,dqn,cartpole,sparse,0.01,0.99,1,
736,0.0,292,0.050000000000000044,2.0523953025985975e-06,0.051611389964818954,0.0015259506180882454,,,,,,dqn,cartpole,sparse,0.01,0.99,1,
737,0.0,246,0.050000000000000044,2.791899532894604e-05,0.05338604003190994,0.003094400279223919,,,,,,dqn,cartpole,sparse,0.01,0.99,1,
738,0.0,344,0.050000000000000044,3.3433764201618033e-06,0.05161131173372269,0.002164786448702216,,,,,,dqn,cartpole,sparse,0.01,0.99,1,
739,0.0,235,0.050000000000000044,1.843453719629906e-05,0.04702784866094589,0.0026728012599051,,,,,,dqn,cartpole,sparse,0.01,0.99,1,
740,1.0,500,0.050000000000000044,5.600150871032383e-06,0.04985784739255905,0.00174151046667248,,,,,,dqn,cartpole,sparse,0.01,0.99,1,
741,0.0,147,0.050000000000000044,2.3361369585472858e-06,0.048915229737758636,0.0014032964827492833,,,,,,dqn,cartpole,sparse,0.01,0.99,1,
742,0.0,154,0.050000000000000044,5.5495747801614925e-06,0.052412115037441254,0.002544628456234932,,,,,,dqn,cartpole,sparse,0.01,0.99,1,
743,0.0,149,0.050000000000000044,2.67852665274404e-05,0.04657299071550369,0.0030848695896565914,,,,,,dqn,cartpole,sparse,0.01,0.99,1,
744,0.0,215,0.050000000000000044,2.260599285364151e-05,0.04739939421415329,0.0025061755441129208,,,,,,dqn,cartpole,sparse,0.01,0.99,1,
745,0.0,377,0.050000000000000044,2.755798959697131e-06,0.04843387007713318,0.0016951544675976038,,,,,,dqn,cartpole,sparse,0.01,0.99,1,
746,0.0,146,0.050000000000000044,1.7311306237388635e-06,0.04847923666238785,0.0013677048264071345,,,,,,dqn,cartpole,sparse,0.01,0.99,1,
747,0.0,138,0.050000000000000044,2.879260819099727e-06,0.05271168798208237,0.0017428828869014978,,,,,,dqn,cartpole,sparse,0.01,0.99,1,
748,0.0,205,0.050000000000000044,3.681821453938028e-06,0.05018661916255951,0.0017577242106199265,,,,,,dqn,cartpole,sparse,0.01,0.99,1,
749,0.0,152,0.050000000000000044,1.6496931039000629e-06,0.05122605711221695,0.0013228694442659616,,,,,,dqn,cartpole,sparse,0.01,0.99,1,
750,0.0,194,0.050000000000000044,3.365059455973096e-06,0.04684377461671829,0.0021255039609968662,,,0.0,0.0,111.9,dqn,cartpole,sparse,0.01,0.99,1,
751,0.0,173,0.050000000000000044,8.559846378375369e-07,0.053995151072740555,0.000915818614885211,,,,,,dqn,cartpole,sparse,0.01,0.99,1,
752,0.0,175,0.050000000000000044,3.960393769375514e-06,0.051371216773986816,0.0025142994709312916,,,,,,dqn,cartpole,sparse,0.01,0.99,1,
753,0.0,139,0.050000000000000044,3.400987225177232e-06,0.04855256527662277,0.0017004581168293953,,,,,,dqn,cartpole,sparse,0.01,0.99,1,
754,0.0,62,0.050000000000000044,4.355497731012292e-05,0.054660335183143616,0.007085278630256653,,,,,,dqn,cartpole,sparse,0.01,0.99,1,
755,0.0,264,0.050000000000000044,1.2059415894327685e-05,0.04952847212553024,0.0038130024913698435,,,,,,dqn,cartpole,sparse,0.01,0.99,1,
756,0.0,144,0.050000000000000044,4.396101758175064e-06,0.04935608431696892,0.0026043246034532785,,,,,,dqn,cartpole,sparse,0.01,0.99,1,
757,0.0,194,0.050000000000000044,3.694169208756648e-06,0.05266682803630829,0.0023506805300712585,,,,,,dqn,cartpole,sparse,0.01,0.99,1,
758,0.0,149,0.050000000000000044,2.4226279492722824e-05,0.04697775840759277,0.003784721251577139,,,,,,dqn,cartpole,sparse,0.01,0.99,1,
759,0.0,188,0.050000000000000044,2.738237753874273e-06,0.04920301213860512,0.001658427296206355,,,,,,dqn,cartpole,sparse,0.01,0.99,1,
760,0.0,164,0.050000000000000044,8.726085980015341e-06,0.04961739853024483,0.0021692465525120497,,,,,,dqn,cartpole,sparse,0.01,0.99,1,
761,0.0,205,0.050000000000000044,6.796207799197873e-06,0.049194712191820145,0.002249504206702113,,,,,,dqn,cartpole,sparse,0.01,0.99,1,
762,0.0,158,0.050000000000000044,2.3291627258004155e-06,0.046922020614147186,0.0013729517813771963,,,,,,dqn,cartpole,sparse,0.01,0.99,1,
763,0.0,164,0.050000000000000044,3.4538957152108196e-06,0.05268648639321327,0.0018015507375821471,,,,,,dqn,cartpole,sparse,0.01,0.99,1,
764,0.0,235,0.050000000000000044,9.303616025135852e-06,0.05037316307425499,0.0032250755466520786,,,,,,dqn,cartpole,sparse,0.01,0.99,1,
765,0.0,131,0.050000000000000044,3.993996870121919e-06,0.05039583891630173,0.0019465785007923841,,,,,,dqn,cartpole,sparse,0.01,0.99,1,
766,0.0,123,0.050000000000000044,2.1991345420246944e-06,0.051699087023735046,0.0017384423408657312,,,,,,dqn,cartpole,sparse,0.01,0.99,1,
767,0.0,164,0.050000000000000044,2.0229845176800154e-06,0.05147086828947067,0.0016669582109898329,,,,,,dqn,cartpole,sparse,0.01,0.99,1,
768,0.0,139,0.050000000000000044,2.607242549856892e-06,0.053665053099393845,0.001506756991147995,,,,,,dqn,cartpole,sparse,0.01,0.99,1,
769,0.0,116,0.050000000000000044,4.764710865856614e-06,0.05241483449935913,0.0022475682199001312,,,,,,dqn,cartpole,sparse,0.01,0.99,1,
770,0.0,134,0.050000000000000044,2.617815880512353e-06,0.05026973783969879,0.0018456082325428724,,,,,,dqn,cartpole,sparse,0.01,0.99,1,
771,0.0,209,0.050000000000000044,1.176216119347373e-05,0.049949757754802704,0.002086823806166649,,,,,,dqn,cartpole,sparse,0.01,0.99,1,
772,0.0,169,0.050000000000000044,1.6357613276341e-05,0.05097103863954544,0.0018575851572677493,,,,,,dqn,cartpole,sparse,0.01,0.99,1,
773,0.0,125,0.050000000000000044,1.680926857261511e-06,0.05411243438720703,0.001219577039591968,,,,,,dqn,cartpole,sparse,0.01,0.99,1,
774,0.0,145,0.050000000000000044,3.2738059871917358e-06,0.04854108393192291,0.0017470052698627114,,,,,,dqn,cartpole,sparse,0.01,0.99,1,
775,0.0,130,0.050000000000000044,8.776793947617989e-06,0.052547432482242584,0.0027537024579942226,,,,,,dqn,cartpole,sparse,0.01,0.99,1,
776,0.0,207,0.050000000000000044,3.039284365513595e-06,0.05241861939430237,0.0020287935622036457,,,,,,dqn,cartpole,sparse,0.01,0.99,1,
777,1.0,500,0.050000000000000044,2.4541159291402437e-06,0.04945243149995804,0.0017359902849420905,,,,,,dqn,cartpole,sparse,0.01,0.99,1,
778,0.0,208,0.050000000000000044,1.4015404303791001e-06,0.05368051677942276,0.0012091902317479253,,,,,,dqn,cartpole,sparse,0.01,0.99,1,
779,0.0,160,0.050000000000000044,1.9088187400484458e-05,0.053622812032699585,0.0024148966185748577,,,,,,dqn,cartpole,sparse,0.01,0.99,1,
780,0.0,152,0.050000000000000044,1.2849544873461127e-05,0.0474289171397686,0.00418585492298007,,,,,,dqn,cartpole,sparse,0.01,0.99,1,
781,0.0,224,0.050000000000000044,2.911722276621731e-06,0.05106046050786972,0.001734218094497919,,,,,,dqn,cartpole,sparse,0.01,0.99,1,
782,1.0,500,0.050000000000000044,3.863296296913177e-05,0.048212628811597824,0.007452736608684063,,,,,,dqn,cartpole,sparse,0.01,0.99,1,
783,0.0,18,0.050000000000000044,1.275930117117241e-05,0.057508550584316254,0.003893906017765403,,,,,,dqn,cartpole,sparse,0.01,0.99,1,
784,0.0,157,0.050000000000000044,6.73189242661465e-06,0.052675262093544006,0.002746808808296919,,,,,,dqn,cartpole,sparse,0.01,0.99,1,
785,0.0,155,0.050000000000000044,6.808339094277471e-06,0.05202941223978996,0.003033628687262535,,,,,,dqn,cartpole,sparse,0.01,0.99,1,
786,0.0,211,0.050000000000000044,2.617790232761763e-05,0.057481445372104645,0.006437920965254307,,,,,,dqn,cartpole,sparse,0.01,0.99,1,
787,0.0,190,0.050000000000000044,2.8291419766901527e-06,0.0522206574678421,0.002108305925503373,,,,,,dqn,cartpole,sparse,0.01,0.99,1,
788,0.0,182,0.050000000000000044,8.028486263356172e-06,0.05333492159843445,0.0020794819574803114,,,,,,dqn,cartpole,sparse,0.01,0.99,1,
789,0.0,174,0.050000000000000044,3.7455024539667647e-06,0.05539616942405701,0.002444326877593994,,,,,,dqn,cartpole,sparse,0.01,0.99,1,
790,0.0,228,0.050000000000000044,7.5512325565796345e-06,0.054158106446266174,0.0031975144520401955,,,,,,dqn,cartpole,sparse,0.01,0.99,1,
791,0.0,177,0.050000000000000044,4.649414677260211e-06,0.054767001420259476,0.0013868976384401321,,,,,,dqn,cartpole,sparse,0.01,0.99,1,
792,0.0,137,0.050000000000000044,3.6215999443811597e-06,0.05627080798149109,0.001806940883398056,,,,,,dqn,cartpole,sparse,0.01,0.99,1,
793,0.0,191,0.050000000000000044,1.0177423064305913e-05,0.05300910770893097,0.0028176798950880766,,,,,,dqn,cartpole,sparse,0.01,0.99,1,
794,0.0,300,0.050000000000000044,0.00011789800191763788,0.04542215168476105,0.011217547580599785,,,,,,dqn,cartpole,sparse,0.01,0.99,1,
795,0.0,47,0.050000000000000044,6.410094647435471e-05,0.06557993590831757,0.008856113068759441,,,,,,dqn,cartpole,sparse,0.01,0.99,1,
796,0.0,33,0.050000000000000044,4.8257061280310154e-05,0.06466397643089294,0.008354466408491135,,,,,,dqn,cartpole,sparse,0.01,0.99,1,
797,0.0,155,0.050000000000000044,4.5064760342938825e-05,0.06188323348760605,0.007334819063544273,,,,,,dqn,cartpole,sparse,0.01,0.99,1,
798,0.0,149,0.050000000000000044,4.714469014288625e-06,0.05181458592414856,0.0024214708246290684,,,,,,dqn,cartpole,sparse,0.01,0.99,1,
799,0.0,12,0.050000000000000044,6.147872227302287e-06,0.0537896528840065,0.001843953039497137,,,,,,dqn,cartpole,sparse,0.01,0.99,1,
800,0.0,112,0.050000000000000044,6.975728319957852e-05,0.05597587674856186,0.011547754518687725,,,0.0,0.0,15.0,dqn,cartpole,sparse,0.01,0.99,1,
801,0.0,300,0.050000000000000044,9.261350351152942e-05,0.0439043827354908,0.010933496057987213,,,,,,dqn,cartpole,sparse,0.01,0.99,1,
802,0.0,122,0.050000000000000044,0.006919676437973976,0.05435898154973984,0.01646219938993454,,,,,,dqn,cartpole,sparse,0.01,0.99,1,
803,0.0,142,0.050000000000000044,2.159113500965759e-05,0.05547986179590225,0.003515783930197358,,,,,,dqn,cartpole,sparse,0.01,0.99,1,
804,0.0,130,0.050000000000000044,1.1413393622206058e-05,0.05447109788656235,0.00323841767385602,,,,,,dqn,cartpole,sparse,0.01,0.99,1,
805,0.0,131,0.050000000000000044,2.844386108336039e-05,0.057314179837703705,0.002741415286436677,,,,,,dqn,cartpole,sparse,0.01,0.99,1,
806,0.0,121,0.050000000000000044,6.555206709890626e-06,0.05334443971514702,0.0025821421295404434,,,,,,dqn,cartpole,sparse,0.01,0.99,1,
807,0.0,46,0.050000000000000044,5.902034536120482e-05,0.05320420116186142,0.003378217574208975,,,,,,dqn,cartpole,sparse,0.01,0.99,1,
808,0.0,191,0.050000000000000044,2.0485360892052995e-06,0.056716158986091614,0.0012266593985259533,,,,,,dqn,cartpole,sparse,0.01,0.99,1,
809,0.0,172,0.050000000000000044,4.088334753760137e-05,0.05875052511692047,0.006713401060551405,,,,,,dqn,cartpole,sparse,0.01,0.99,1,
810,0.0,46,0.050000000000000044,2.324900015082676e-05,0.05615754425525665,0.004018012434244156,,,,,,dqn,cartpole,sparse,0.01,0.99,1,
811,0.0,195,0.050000000000000044,8.638924555270933e-06,0.05491773784160614,0.0017796526663005352,,,,,,dqn,cartpole,sparse,0.01,0.99,1,
812,0.0,216,0.050000000000000044,1.572079327161191e-06,0.054572541266679764,0.00107008742634207,,,,,,dqn,cartpole,sparse,0.01,0.99,1,
813,0.0,118,0.050000000000000044,2.6882751626544632e-05,0.05381206423044205,0.002939246129244566,,,,,,dqn,cartpole,sparse,0.01,0.99,1,
814,0.0,158,0.050000000000000044,2.637498255353421e-06,0.054900720715522766,0.0013984446413815022,,,,,,dqn,cartpole,sparse,0.01,0.99,1,
815,0.0,304,0.050000000000000044,2.6507454094826244e-05,0.05534663051366806,0.002547577489167452,,,,,,dqn,cartpole,sparse,0.01,0.99,1,
816,0.0,215,0.050000000000000044,3.8090324778750073e-06,0.051642946898937225,0.0015866050962358713,,,,,,dqn,cartpole,sparse,0.01,0.99,1,
817,0.0,179,0.050000000000000044,2.5198587536579e-06,0.05863388627767563,0.001860421383753419,,,,,,dqn,cartpole,sparse,0.01,0.99,1,
818,0.0,175,0.050000000000000044,2.132048030034639e-05,0.05384903401136398,0.0019753018859773874,,,,,,dqn,cartpole,sparse,0.01,0.99,1,
819,0.0,119,0.050000000000000044,3.401811045478098e-05,0.05553378164768219,0.006666612811386585,,,,,,dqn,cartpole,sparse,0.01,0.99,1,
820,0.0,363,0.050000000000000044,2.08310939342482e-05,0.05600966513156891,0.00316853285767138,,,,,,dqn,cartpole,sparse,0.01,0.99,1,
821,0.0,132,0.050000000000000044,1.385612540616421e-05,0.05705884099006653,0.0017573889344930649,,,,,,dqn,cartpole,sparse,0.01,0.99,1,
822,0.0,256,0.050000000000000044,2.7990677153866272e-06,0.05589606985449791,0.001532557769678533,,,,,,dqn,cartpole,sparse,0.01,0.99,1,
823,0.0,232,0.050000000000000044,1.913639425765723e-05,0.05440549552440643,0.0037213540636003017,,,,,,dqn,cartpole,sparse,0.01,0.99,1,
824,0.0,250,0.050000000000000044,1.308412629441591e-05,0.05219312757253647,0.002424310427159071,,,,,,dqn,cartpole,sparse,0.01,0.99,1,
825,0.0,225,0.050000000000000044,3.442549541432527e-06,0.05446656793355942,0.001530237728729844,,,,,,dqn,cartpole,sparse,0.01,0.99,1,
826,0.0,41,0.050000000000000044,5.4769250709796324e-05,0.0629238486289978,0.008392928168177605,,,,,,dqn,cartpole,sparse,0.01,0.99,1,
827,0.0,61,0.050000000000000044,9.36778997129295e-06,0.05268080532550812,0.0033352207392454147,,,,,,dqn,cartpole,sparse,0.01,0.99,1,
828,1.0,500,0.050000000000000044,3.443187779339496e-07,0.057761527597904205,0.0005222558975219727,,,,,,dqn,cartpole,sparse,0.01,0.99,1,
829,0.0,119,0.050000000000000044,4.2940468119923025e-05,0.05609104037284851,0.002493741223588586,,,,,,dqn,cartpole,sparse,0.01,0.99,1,
830,1.0,500,0.050000000000000044,4.3187365008634515e-06,0.05489324778318405,0.0017149525228887796,,,,,,dqn,cartpole,sparse,0.01,0.99,1,
831,0.0,147,0.050000000000000044,6.709474291710649e-06,0.05702376365661621,0.0026140937115997076,,,,,,dqn,cartpole,sparse,0.01,0.99,1,
832,0.0,73,0.050000000000000044,3.479537190287374e-05,0.05277226120233536,0.006505895406007767,,,,,,dqn,cartpole,sparse,0.01,0.99,1,
833,0.0,177,0.050000000000000044,8.316847925016191e-06,0.05614650994539261,0.0033582481555640697,,,,,,dqn,cartpole,sparse,0.01,0.99,1,
834,0.0,205,0.050000000000000044,3.24473967339145e-06,0.051884666085243225,0.0015934170223772526,,,,,,dqn,cartpole,sparse,0.01,0.99,1,
835,0.0,155,0.050000000000000044,3.33275329467142e-06,0.05572384223341942,0.001644108910113573,,,,,,dqn,cartpole,sparse,0.01,0.99,1,
836,0.0,154,0.050000000000000044,3.588924300856888e-05,0.06166175752878189,0.006438910029828548,,,,,,dqn,cartpole,sparse,0.01,0.99,1,
837,0.0,201,0.050000000000000044,3.21595052810153e-06,0.05601484328508377,0.001395857660099864,,,,,,dqn,cartpole,sparse,0.01,0.99,1,
838,0.0,262,0.050000000000000044,3.419052063691197e-06,0.05665837973356247,0.0016005493234843016,,,,,,dqn,cartpole,sparse,0.01,0.99,1,
839,0.0,284,0.050000000000000044,3.302629465906648e-06,0.05438106507062912,0.0017468298319727182,,,,,,dqn,cartpole,sparse,0.01,0.99,1,
840,0.0,212,0.050000000000000044,1.7816025774664013e-06,0.056099627166986465,0.001043210388161242,,,,,,dqn,cartpole,sparse,0.01,0.99,1,
841,0.0,405,0.050000000000000044,2.145039616152644e-06,0.055565670132637024,0.0012009383644908667,,,,,,dqn,cartpole,sparse,0.01,0.99,1,
842,0.0,143,0.050000000000000044,3.812213981291279e-05,0.055965669453144073,0.004830976948142052,,,,,,dqn,cartpole,sparse,0.01,0.99,1,
843,0.0,258,0.050000000000000044,2.9045011160633294e-06,0.05701357126235962,0.0019143043318763375,,,,,,dqn,cartpole,sparse,0.01,0.99,1,
844,0.0,361,0.050000000000000044,9.651671462052036e-06,0.05254245176911354,0.002036937978118658,,,,,,dqn,cartpole,sparse,0.01,0.99,1,
845,0.0,127,0.050000000000000044,1.4310508049675263e-06,0.05618315190076828,0.0012657660990953445,,,,,,dqn,cartpole,sparse,0.01,0.99,1,
846,0.0,136,0.050000000000000044,2.251632167826756e-06,0.05671686306595802,0.001581277814693749,,,,,,dqn,cartpole,sparse,0.01,0.99,1,
847,0.0,221,0.050000000000000044,6.529337497340748e-06,0.0525655597448349,0.0026704021729528904,,,,,,dqn,cartpole,sparse,0.01,0.99,1,
848,0.0,307,0.050000000000000044,5.059794148110086e-06,0.05447779595851898,0.0019658515229821205,,,,,,dqn,cartpole,sparse,0.01,0.99,1,
849,0.0,313,0.050000000000000044,1.004480327537749e-05,0.0532333068549633,0.003481944790109992,,,,,,dqn,cartpole,sparse,0.01,0.99,1,
850,0.0,291,0.050000000000000044,9.278051038563717e-06,0.0556008405983448,0.0024943172466009855,,,0.0,0.0,92.3,dqn,cartpole,sparse,0.01,0.99,1,
851,0.0,302,0.050000000000000044,3.2529383133805823e-06,0.05666453391313553,0.0015902048908174038,,,,,,dqn,cartpole,sparse,0.01,0.99,1,
852,0.0,207,0.050000000000000044,7.008362445048988e-06,0.05526752024888992,0.002787628211081028,,,,,,dqn,cartpole,sparse,0.01,0.99,1,
853,0.0,56,0.050000000000000044,0.00010357715655118227,0.06172064691781998,0.00969301164150238,,,,,,dqn,cartpole,sparse,0.01,0.99,1,
854,0.0,98,0.050000000000000044,5.536890967050567e-05,0.05787619203329086,0.0034808542113751173,,,,,,dqn,cartpole,sparse,0.01,0.99,1,
855,0.0,192,0.050000000000000044,4.606493348546792e-06,0.05717591568827629,0.0023979393299669027,,,,,,dqn,cartpole,sparse,0.01,0.99,1,
856,0.0,309,0.050000000000000044,3.051530029551941e-06,0.05518525093793869,0.0017254501581192017,,,,,,dqn,cartpole,sparse,0.01,0.99,1,
857,1.0,500,0.050000000000000044,2.770670562313171e-06,0.05981826037168503,0.001820067409425974,,,,,,dqn,cartpole,sparse,0.01,0.99,1,
858,0.0,136,0.050000000000000044,1.5711390233263955e-06,0.0594690665602684,0.0013066763058304787,,,,,,dqn,cartpole,sparse,0.01,0.99,1,
859,0.0,80,0.050000000000000044,3.02437947539147e-05,0.06218694895505905,0.006367180030792952,,,,,,dqn,cartpole,sparse,0.01,0.99,1,
860,0.0,41,0.050000000000000044,2.8649610612774268e-05,0.06117428094148636,0.005797712132334709,,,,,,dqn,cartpole,sparse,0.01,0.99,1,
861,0.0,209,0.050000000000000044,3.6431106309464667e-06,0.06174999475479126,0.0014825405087321997,,,,,,dqn,cartpole,sparse,0.01,0.99,1,
862,0.0,142,0.050000000000000044,3.8788211895735e-06,0.05836792290210724,0.0015760166570544243,,,,,,dqn,cartpole,sparse,0.01,0.99,1,
863,0.0,261,0.050000000000000044,5.812083145428915e-06,0.05855304375290871,0.002592040691524744,,,,,,dqn,cartpole,sparse,0.01,0.99,1,
864,0.0,105,0.050000000000000044,2.744848188740434e-06,0.061466049402952194,0.0012668878771364689,,,,,,dqn,cartpole,sparse,0.01,0.99,1,
865,0.0,50,0.050000000000000044,3.592188295442611e-05,0.05761368200182915,0.0027719922363758087,,,,,,dqn,cartpole,sparse,0.01,0.99,1,
866,0.0,152,0.050000000000000044,0.00686692027375102,0.05750405788421631,0.016091475263237953,,,,,,dqn,cartpole,sparse,0.01,0.99,1,
867,0.0,297,0.050000000000000044,4.889389856543858e-06,0.05911603197455406,0.0020668653305619955,,,,,,dqn,cartpole,sparse,0.01,0.99,1,
868,0.0,133,0.050000000000000044,4.930673821945675e-05,0.05878928303718567,0.003103124676272273,,,,,,dqn,cartpole,sparse,0.01,0.99,1,
869,0.0,118,0.050000000000000044,7.701022695982829e-06,0.06039394438266754,0.0028666756115853786,,,,,,dqn,cartpole,sparse,0.01,0.99,1,
870,0.0,211,0.050000000000000044,9.860177669906989e-06,0.059629037976264954,0.003925566095858812,,,,,,dqn,cartpole,sparse,0.01,0.99,1,
871,0.0,161,0.050000000000000044,4.05105765821645e-06,0.06401889026165009,0.0023274896666407585,,,,,,dqn,cartpole,sparse,0.01,0.99,1,
872,0.0,274,0.050000000000000044,1.325560333498288e-06,0.05828787013888359,0.0011038931552320719,,,,,,dqn,cartpole,sparse,0.01,0.99,1,
873,0.0,119,0.050000000000000044,0.00012926281488034874,0.07308457791805267,0.011936808004975319,,,,,,dqn,cartpole,sparse,0.01,0.99,1,
874,0.0,71,0.050000000000000044,7.799687591614202e-05,0.06985306739807129,0.008569782599806786,,,,,,dqn,cartpole,sparse,0.01,0.99,1,
875,0.0,117,0.050000000000000044,2.4132381440722384e-05,0.06092681735754013,0.003422756679356098,,,,,,dqn,cartpole,sparse,0.01,0.99,1,
876,0.0,81,0.050000000000000044,2.79214891634183e-05,0.06468523293733597,0.005550644360482693,,,,,,dqn,cartpole,sparse,0.01,0.99,1,
877,0.0,157,0.050000000000000044,3.2113339329953305e-06,0.061734847724437714,0.0020994958467781544,,,,,,dqn,cartpole,sparse,0.01,0.99,1,
878,0.0,236,0.050000000000000044,4.204490323900245e-06,0.06155051290988922,0.001911644358187914,,,,,,dqn,cartpole,sparse,0.01,0.99,1,
879,0.0,214,0.050000000000000044,4.0797011024551466e-05,0.060087576508522034,0.0056161703541874886,,,,,,dqn,cartpole,sparse,0.01,0.99,1,
880,0.0,167,0.050000000000000044,3.320343012092053e-06,0.0613090805709362,0.001884344033896923,,,,,,dqn,cartpole,sparse,0.01,0.99,1,
881,0.0,267,0.050000000000000044,1.5779296518303454e-05,0.06688910722732544,0.005293015856295824,,,,,,dqn,cartpole,sparse,0.01,0.99,1,
882,0.0,39,0.050000000000000044,0.00011476073268568143,0.07036606967449188,0.011364421807229519,,,,,,dqn,cartpole,sparse,0.01,0.99,1,
883,0.0,23,0.050000000000000044,5.297132520354353e-05,0.05982852727174759,0.007218512240797281,,,,,,dqn,cartpole,sparse,0.01,0.99,1,
884,0.0,29,0.050000000000000044,6.006669718772173e-05,0.07052725553512573,0.00929130520671606,,,,,,dqn,cartpole,sparse,0.01,0.99,1,
885,0.0,18,0.050000000000000044,6.424361345125362e-05,0.05848335474729538,0.008243980817496777,,,,,,dqn,cartpole,sparse,0.01,0.99,1,
886,0.0,260,0.050000000000000044,2.161321390303783e-06,0.06164558231830597,0.0015873878728598356,,,,,,dqn,cartpole,sparse,0.01,0.99,1,
887,0.0,58,0.050000000000000044,3.082694092881866e-06,0.06321825087070465,0.0018993925768882036,,,,,,dqn,cartpole,sparse,0.01,0.99,1,
888,0.0,259,0.050000000000000044,5.318192961567547e-06,0.061320751905441284,0.0020918957889080048,,,,,,dqn,cartpole,sparse,0.01,0.99,1,
889,0.0,194,0.050000000000000044,3.570369153749198e-05,0.0659225657582283,0.0031590319704264402,,,,,,dqn,cartpole,sparse,0.01,0.99,1,
890,0.0,161,0.050000000000000044,4.343199634604389e-06,0.06511036306619644,0.0016601472161710262,,,,,,dqn,cartpole,sparse,0.01,0.99,1,
891,0.0,198,0.050000000000000044,1.534803413960617e-05,0.058795731514692307,0.004628721624612808,,,,,,dqn,cartpole,sparse,0.01,0.99,1,
892,0.0,57,0.050000000000000044,4.404090759635437e-06,0.06272873282432556,0.002269066870212555,,,,,,dqn,cartpole,sparse,0.01,0.99,1,
893,0.0,182,0.050000000000000044,3.644184107542969e-05,0.06609446555376053,0.0018785204738378525,,,,,,dqn,cartpole,sparse,0.01,0.99,1,
894,0.0,93,0.050000000000000044,3.628023114288226e-05,0.06441942602396011,0.002068733796477318,,,,,,dqn,cartpole,sparse,0.01,0.99,1,
895,0.0,14,0.050000000000000044,3.843117610813351e-06,0.06428249180316925,0.0017908308655023575,,,,,,dqn,cartpole,sparse,0.01,0.99,1,
896,0.0,36,0.050000000000000044,6.961800863791723e-06,0.06546762585639954,0.0018169207032769918,,,,,,dqn,cartpole,sparse,0.01,0.99,1,
897,0.0,9,0.050000000000000044,4.581132816383615e-05,0.07103297114372253,0.006051622796803713,,,,,,dqn,cartpole,sparse,0.01,0.99,1,
898,0.0,241,0.050000000000000044,3.736311919055879e-05,0.06424535810947418,0.002695568138733506,,,,,,dqn,cartpole,sparse,0.01,0.99,1,
899,0.0,127,0.050000000000000044,9.612180065232678e-07,0.06590013206005096,0.001027820399031043,,,,,,dqn,cartpole,sparse,0.01,0.99,1,
900,0.0,39,0.050000000000000044,2.035902525676647e-06,0.06527237594127655,0.0013865386135876179,,,0.0,0.0,38.4,dqn,cartpole,sparse,0.01,0.99,1,
901,0.0,168,0.050000000000000044,9.885938197840005e-06,0.06154868006706238,0.0034375127870589495,,,,,,dqn,cartpole,sparse,0.01,0.99,1,
902,0.0,91,0.050000000000000044,4.8317342589143664e-05,0.0627383142709732,0.006182968616485596,,,,,,dqn,cartpole,sparse,0.01,0.99,1,
903,0.0,127,0.050000000000000044,9.171161764243152e-06,0.06443832814693451,0.003714015707373619,,,,,,dqn,cartpole,sparse,0.01,0.99,1,
904,0.0,333,0.050000000000000044,3.3889638871187344e-05,0.05977145582437515,0.006284908391535282,,,,,,dqn,cartpole,sparse,0.01,0.99,1,
905,0.0,31,0.050000000000000044,2.6960138711729087e-05,0.06802315264940262,0.006194029003381729,,,,,,dqn,cartpole,sparse,0.01,0.99,1,
906,0.0,12,0.050000000000000044,9.037867130246013e-05,0.058922648429870605,0.010902795940637589,,,,,,dqn,cartpole,sparse,0.01,0.99,1,
907,0.0,32,0.050000000000000044,1.5888081179582514e-05,0.06885582953691483,0.004348115064203739,,,,,,dqn,cartpole,sparse,0.01,0.99,1,
908,0.0,44,0.050000000000000044,1.811153197195381e-05,0.06872989237308502,0.004178956151008606,,,,,,dqn,cartpole,sparse,0.01,0.99,1,
909,0.0,409,0.050000000000000044,0.00012033199891448021,0.07242950797080994,0.012648031115531921,,,,,,dqn,cartpole,sparse,0.01,0.99,1,
910,0.0,24,0.050000000000000044,7.082158845150843e-05,0.0576489195227623,0.008545470423996449,,,,,,dqn,cartpole,sparse,0.01,0.99,1,
911,0.0,32,0.050000000000000044,5.384538962971419e-05,0.06665664911270142,0.004998840857297182,,,,,,dqn,cartpole,sparse,0.01,0.99,1,
912,0.0,26,0.050000000000000044,7.0886262619751506e-06,0.06517483294010162,0.0031594615429639816,,,,,,dqn,cartpole,sparse,0.01,0.99,1,
913,0.0,16,0.050000000000000044,1.5552268450846896e-05,0.06831608712673187,0.0038820437621325254,,,,,,dqn,cartpole,sparse,0.01,0.99,1,
914,0.0,141,0.050000000000000044,2.1184647266636603e-05,0.06699588894844055,0.002097725635394454,,,,,,dqn,cartpole,sparse,0.01,0.99,1,
915,0.0,51,0.050000000000000044,3.677532004076056e-05,0.06481359899044037,0.002796919085085392,,,,,,dqn,cartpole,sparse,0.01,0.99,1,
916,0.0,126,0.050000000000000044,3.355539956828579e-05,0.06312261521816254,0.0032564844004809856,,,,,,dqn,cartpole,sparse,0.01,0.99,1,
917,0.0,120,0.050000000000000044,4.297392297303304e-05,0.06723849475383759,0.004076827317476273,,,,,,dqn,cartpole,sparse,0.01,0.99,1,
918,0.0,300,0.050000000000000044,3.685040610434953e-07,0.06536570191383362,0.000689605250954628,,,,,,dqn,cartpole,sparse,0.01,0.99,1,
919,0.0,136,0.050000000000000044,2.921506620623404e-06,0.06654100865125656,0.002206662204116583,,,,,,dqn,cartpole,sparse,0.01,0.99,1,
920,0.0,122,0.050000000000000044,6.999374818406068e-06,0.0625867247581482,0.0031993058510124683,,,,,,dqn,cartpole,sparse,0.01,0.99,1,
921,0.0,157,0.050000000000000044,8.338197221746668e-05,0.0714464783668518,0.007469749543815851,,,,,,dqn,cartpole,sparse,0.01,0.99,1,
922,0.0,77,0.050000000000000044,3.970671059505548e-06,0.06372595578432083,0.002198732690885663,,,,,,dqn,cartpole,sparse,0.01,0.99,1,
923,0.0,127,0.050000000000000044,3.302662662463263e-05,0.06956345587968826,0.0059669129550457,,,,,,dqn,cartpole,sparse,0.01,0.99,1,
924,0.0,133,0.050000000000000044,0.00011887444270541891,0.053791485726833344,0.01182534173130989,,,,,,dqn,cartpole,sparse,0.01,0.99,1,
925,0.0,17,0.050000000000000044,7.673459185753018e-05,0.07215910404920578,0.01116538792848587,,,,,,dqn,cartpole,sparse,0.01,0.99,1,
926,0.0,42,0.050000000000000044,9.528137525194325e-06,0.0636410042643547,0.0032188124023377895,,,,,,dqn,cartpole,sparse,0.01,0.99,1,
927,0.0,31,0.050000000000000044,0.00011819575593108311,0.0784132331609726,0.01268977951258421,,,,,,dqn,cartpole,sparse,0.01,0.99,1,
928,0.0,18,0.050000000000000044,4.6600805944763124e-05,0.05562480539083481,0.007843773812055588,,,,,,dqn,cartpole,sparse,0.01,0.99,1,
929,0.0,17,0.050000000000000044,4.5250308176036924e-05,0.07335925102233887,0.008210008963942528,,,,,,dqn,cartpole,sparse,0.01,0.99,1,
930,0.0,22,0.050000000000000044,3.3336466003675014e-05,0.06821468472480774,0.007430917117744684,,,,,,dqn,cartpole,sparse,0.01,0.99,1,
931,0.0,25,0.050000000000000044,3.6102293961448595e-05,0.0621475987136364,0.004622937645763159,,,,,,dqn,cartpole,sparse,0.01,0.99,1,
932,0.0,9,0.050000000000000044,3.223793828510679e-05,0.058673687279224396,0.006933329161256552,,,,,,dqn,cartpole,sparse,0.01,0.99,1,
933,0.0,34,0.050000000000000044,1.2093632903997786e-05,0.06248672306537628,0.0033548425417393446,,,,,,dqn,cartpole,sparse,0.01,0.99,1,
934,0.0,18,0.050000000000000044,9.541179679217748e-06,0.06416504830121994,0.0040945736691355705,,,,,,dqn,cartpole,sparse,0.01,0.99,1,
935,0.0,98,0.050000000000000044,9.496172424405813e-06,0.06722557544708252,0.0038040163926780224,,,,,,dqn,cartpole,sparse,0.01,0.99,1,
936,0.0,36,0.050000000000000044,1.4268131053540856e-05,0.06913261115550995,0.0042279926128685474,,,,,,dqn,cartpole,sparse,0.01,0.99,1,
937,0.0,22,0.050000000000000044,4.292446101317182e-05,0.06133725866675377,0.004481199197471142,,,,,,dqn,cartpole,sparse,0.01,0.99,1,
938,0.0,113,0.050000000000000044,4.25560210715048e-05,0.06452983617782593,0.0026216013357043266,,,,,,dqn,cartpole,sparse,0.01,0.99,1,
939,0.0,32,0.050000000000000044,3.968633973272517e-05,0.0726669430732727,0.007717990316450596,,,,,,dqn,cartpole,sparse,0.01,0.99,1,
940,0.0,27,0.050000000000000044,3.519837628118694e-05,0.0619240328669548,0.005357649642974138,,,,,,dqn,cartpole,sparse,0.01,0.99,1,
941,0.0,36,0.050000000000000044,3.3314906886516837e-06,0.06386279314756393,0.0021677680779248476,,,,,,dqn,cartpole,sparse,0.01,0.99,1,
942,0.0,105,0.050000000000000044,2.5357740014442243e-06,0.06605605781078339,0.0014393818564713001,,,,,,dqn,cartpole,sparse,0.01,0.99,1,
943,0.0,56,0.050000000000000044,3.643847594503313e-05,0.07031448185443878,0.006840455811470747,,,,,,dqn,cartpole,sparse,0.01,0.99,1,
944,0.0,28,0.050000000000000044,1.5866819012444466e-05,0.0631723701953888,0.0044060624204576015,,,,,,dqn,cartpole,sparse,0.01,0.99,1,
945,0.0,18,0.050000000000000044,9.52329810388619e-06,0.06669527292251587,0.004024072550237179,,,,,,dqn,cartpole,sparse,0.01,0.99,1,
946,0.0,23,0.050000000000000044,1.6214477000175975e-05,0.0632888525724411,0.0034356280229985714,,,,,,dqn,cartpole,sparse,0.01,0.99,1,
947,0.0,29,0.050000000000000044,3.148352698190138e-05,0.06626661121845245,0.0032536641228944063,,,,,,dqn,cartpole,sparse,0.01,0.99,1,
948,0.0,26,0.050000000000000044,6.073313670640346e-06,0.062477290630340576,0.0026685246266424656,,,,,,dqn,cartpole,sparse,0.01,0.99,1,
949,0.0,9,0.050000000000000044,0.006829432211816311,0.06485635042190552,0.016535209491848946,,,,,,dqn,cartpole,sparse,0.01,0.99,1,
950,0.0,47,0.050000000000000044,1.37563947646413e-05,0.06254703551530838,0.0033262926153838634,,,0.0,0.0,9.3,dqn,cartpole,sparse,0.01,0.99,1,
951,0.0,28,0.050000000000000044,1.885162237158511e-05,0.06190092861652374,0.004423831589519978,,,,,,dqn,cartpole,sparse,0.01,0.99,1,
952,0.0,22,0.050000000000000044,1.5442768926732242e-05,0.06716165691614151,0.005298705771565437,,,,,,dqn,cartpole,sparse,0.01,0.99,1,
953,0.0,43,0.050000000000000044,3.5983885027235374e-05,0.06514639407396317,0.0031878254376351833,,,,,,dqn,cartpole,sparse,0.01,0.99,1,
954,0.0,165,0.050000000000000044,2.786883123917505e-05,0.0655825287103653,0.0018706368282437325,,,,,,dqn,cartpole,sparse,0.01,0.99,1,
955,0.0,30,0.050000000000000044,1.8396126506559085e-06,0.06454840302467346,0.0016696490347385406,,,,,,dqn,cartpole,sparse,0.01,0.99,1,
956,0.0,43,0.050000000000000044,1.800222889869474e-05,0.06521328538656235,0.0015547196380794048,,,,,,dqn,cartpole,sparse,0.01,0.99,1,
957,0.0,27,0.050000000000000044,2.667479020601604e-05,0.06622499227523804,0.002029713708907366,,,,,,dqn,cartpole,sparse,0.01,0.99,1,
958,0.0,73,0.050000000000000044,3.147914321743883e-05,0.06538877636194229,0.0017311503179371357,,,,,,dqn,cartpole,sparse,0.01,0.99,1,
959,0.0,39,0.050000000000000044,3.980605106335133e-05,0.07084253430366516,0.007578974589705467,,,,,,dqn,cartpole,sparse,0.01,0.99,1,
960,0.0,26,0.050000000000000044,4.492416337598115e-05,0.05846826359629631,0.008021758869290352,,,,,,dqn,cartpole,sparse,0.01,0.99,1,
961,0.0,45,0.050000000000000044,6.9816842369618826e-06,0.0638941079378128,0.0030389023013412952,,,,,,dqn,cartpole,sparse,0.01,0.99,1,
962,0.0,9,0.050000000000000044,2.4214778022724204e-06,0.06563365459442139,0.0020882016979157925,,,,,,dqn,cartpole,sparse,0.01,0.99,1,
963,0.0,20,0.050000000000000044,1.2486480045481585e-06,0.06500527262687683,0.0012216789182275534,,,,,,dqn,cartpole,sparse,0.01,0.99,1,
964,0.0,18,0.050000000000000044,3.7454956327565014e-06,0.06451563537120819,0.0023292796686291695,,,,,,dqn,cartpole,sparse,0.01,0.99,1,
965,0.0,33,0.050000000000000044,3.889100480591878e-05,0.06518895924091339,0.0024244266096502542,,,,,,dqn,cartpole,sparse,0.01,0.99,1,
966,0.0,12,0.050000000000000044,3.33549769493402e-06,0.06475971639156342,0.0021886220201849937,,,,,,dqn,cartpole,sparse,0.01,0.99,1,
967,0.0,10,0.050000000000000044,2.4125488380377647e-06,0.06497760117053986,0.001960126217454672,,,,,,dqn,cartpole,sparse,0.01,0.99,1,
968,0.0,18,0.050000000000000044,1.8809940229402855e-05,0.06973552703857422,0.005039036273956299,,,,,,dqn,cartpole,sparse,0.01,0.99,1,
969,0.0,12,0.050000000000000044,8.263010386144742e-05,0.07082687318325043,0.007315110880881548,,,,,,dqn,cartpole,sparse,0.01,0.99,1,
970,0.0,20,0.050000000000000044,3.0469658668152988e-05,0.06072516739368439,0.005756394471973181,,,,,,dqn,cartpole,sparse,0.01,0.99,1,
971,0.0,10,0.050000000000000044,1.1759542758227326e-05,0.06407100707292557,0.0032169902697205544,,,,,,dqn,cartpole,sparse,0.01,0.99,1,
972,0.0,19,0.050000000000000044,1.1727317541954108e-05,0.06846903264522552,0.0042367661371827126,,,,,,dqn,cartpole,sparse,0.01,0.99,1,
973,0.0,26,0.050000000000000044,4.353760596131906e-05,0.06481240689754486,0.004622246604412794,,,,,,dqn,cartpole,sparse,0.01,0.99,1,
974,0.0,25,0.050000000000000044,3.816132084466517e-05,0.06683754920959473,0.003945767879486084,,,,,,dqn,cartpole,sparse,0.01,0.99,1,
975,0.0,161,0.050000000000000044,2.943702611446497e-06,0.06438696384429932,0.0017515516374260187,,,,,,dqn,cartpole,sparse,0.01,0.99,1,
976,0.0,20,0.050000000000000044,2.178156591980951e-06,0.06615985929965973,0.0018316442146897316,,,,,,dqn,cartpole,sparse,0.01,0.99,1,
977,0.0,54,0.050000000000000044,3.2143841963261366e-05,0.06472989916801453,0.0024028723128139973,,,,,,dqn,cartpole,sparse,0.01,0.99,1,
978,0.0,209,0.050000000000000044,1.304333068219421e-06,0.06471611559391022,0.0009302679682150483,,,,,,dqn,cartpole,sparse,0.01,0.99,1,
979,0.0,28,0.050000000000000044,3.640513386926614e-05,0.06506237387657166,0.002163074677810073,,,,,,dqn,cartpole,sparse,0.01,0.99,1,
980,0.0,169,0.050000000000000044,1.6096942090371158e-06,0.0649348646402359,0.0013246391899883747,,,,,,dqn,cartpole,sparse,0.01,0.99,1,
981,0.0,105,0.050000000000000044,3.9235789017766365e-07,0.0663798600435257,0.0006792368949390948,,,,,,dqn,cartpole,sparse,0.01,0.99,1,
982,0.0,49,0.050000000000000044,1.8145577769246302e-06,0.06749149411916733,0.0015274584293365479,,,,,,dqn,cartpole,sparse,0.01,0.99,1,
983,0.0,56,0.050000000000000044,7.678781003050972e-06,0.06393402814865112,0.0018594821449369192,,,,,,dqn,cartpole,sparse,0.01,0.99,1,
984,0.0,40,0.050000000000000044,2.18484547076514e-06,0.0669274851679802,0.0016314771492034197,,,,,,dqn,cartpole,sparse,0.01,0.99,1,
985,0.0,58,0.050000000000000044,3.770266630453989e-05,0.06535369157791138,0.0023293958511203527,,,,,,dqn,cartpole,sparse,0.01,0.99,1,
986,0.0,40,0.050000000000000044,9.256631892640144e-05,0.07256144285202026,0.009074162691831589,,,,,,dqn,cartpole,sparse,0.01,0.99,1,
987,0.0,11,0.050000000000000044,1.402927955496125e-05,0.06830328702926636,0.004174100235104561,,,,,,dqn,cartpole,sparse,0.01,0.99,1,
988,0.0,19,0.050000000000000044,3.946772631024942e-05,0.060082197189331055,0.007390339393168688,,,,,,dqn,cartpole,sparse,0.01,0.99,1,
989,0.0,24,0.050000000000000044,1.3321616279426962e-05,0.06694164127111435,0.004548186436295509,,,,,,dqn,cartpole,sparse,0.01,0.99,1,
990,0.0,215,0.050000000000000044,1.9045392036787234e-06,0.06455806642770767,0.0017175697721540928,,,,,,dqn,cartpole,sparse,0.01,0.99,1,
991,0.0,67,0.050000000000000044,3.5388919059187174e-05,0.06624762713909149,0.0015339585952460766,,,,,,dqn,cartpole,sparse,0.01,0.99,1,
992,0.0,33,0.050000000000000044,6.057444807083812e-06,0.06530674546957016,0.0024817208759486675,,,,,,dqn,cartpole,sparse,0.01,0.99,1,
993,0.0,75,0.050000000000000044,6.409423076547682e-05,0.06489308178424835,0.0033970677759498358,,,,,,dqn,cartpole,sparse,0.01,0.99,1,
994,0.0,19,0.050000000000000044,4.05173977924278e-06,0.06689876317977905,0.002010114025324583,,,,,,dqn,cartpole,sparse,0.01,0.99,1,
995,0.0,181,0.050000000000000044,1.059026089933468e-06,0.06589257717132568,0.0010976160410791636,,,,,,dqn,cartpole,sparse,0.01,0.99,1,
996,0.0,21,0.050000000000000044,3.5306595691508846e-06,0.06479565799236298,0.0014667182695120573,,,,,,dqn,cartpole,sparse,0.01,0.99,1,
997,0.0,20,0.050000000000000044,3.383721923455596e-05,0.06806498765945435,0.0026254598051309586,,,,,,dqn,cartpole,sparse,0.01,0.99,1,
998,0.0,87,0.050000000000000044,2.1230639504210558e-06,0.06589170545339584,0.0015924738254398108,,,,,,dqn,cartpole,sparse,0.01,0.99,1,
999,0.0,134,0.050000000000000044,9.734569175634533e-05,0.07564014941453934,0.0092629911378026,,,,,,dqn,cartpole,sparse,0.01,0.99,1,
1000,0.0,34,0.050000000000000044,3.162097345921211e-05,0.07431167364120483,0.007162977941334248,,,0.0,0.0,9.3,dqn,cartpole,sparse,0.01,0.99,1,
