episode,return,length,epsilon,loss,q_mean,td_error_mean,icm_loss,intrinsic_reward_mean,eval_return_mean,eval_return_std,eval_length_mean,agent,env,reward_type,lr,gamma,seed,eta
1,0.0,14,1.0,nan,nan,nan,,,,,,dqn,cartpole,sparse,0.001,0.99,6,
2,0.0,28,0.9968333333333333,nan,nan,nan,,,,,,dqn,cartpole,sparse,0.001,0.99,6,
3,0.0,17,0.9936666666666667,nan,nan,nan,,,,,,dqn,cartpole,sparse,0.001,0.99,6,
4,0.0,26,0.9905,nan,nan,nan,,,,,,dqn,cartpole,sparse,0.001,0.99,6,
5,0.0,19,0.9873333333333333,nan,nan,nan,,,,,,dqn,cartpole,sparse,0.001,0.99,6,
6,0.0,30,0.9841666666666666,nan,nan,nan,,,,,,dqn,cartpole,sparse,0.001,0.99,6,
7,0.0,21,0.981,nan,nan,nan,,,,,,dqn,cartpole,sparse,0.001,0.99,6,
8,0.0,46,0.9778333333333333,nan,nan,nan,,,,,,dqn,cartpole,sparse,0.001,0.99,6,
9,0.0,14,0.9746666666666667,nan,nan,nan,,,,,,dqn,cartpole,sparse,0.001,0.99,6,
10,0.0,12,0.9715,nan,nan,nan,,,,,,dqn,cartpole,sparse,0.001,0.99,6,
11,0.0,18,0.9683333333333334,nan,nan,nan,,,,,,dqn,cartpole,sparse,0.001,0.99,6,
12,0.0,31,0.9651666666666666,nan,nan,nan,,,,,,dqn,cartpole,sparse,0.001,0.99,6,
13,0.0,30,0.962,nan,nan,nan,,,,,,dqn,cartpole,sparse,0.001,0.99,6,
14,0.0,33,0.9588333333333333,nan,nan,nan,,,,,,dqn,cartpole,sparse,0.001,0.99,6,
15,0.0,31,0.9556666666666667,nan,nan,nan,,,,,,dqn,cartpole,sparse,0.001,0.99,6,
16,0.0,12,0.9525,nan,nan,nan,,,,,,dqn,cartpole,sparse,0.001,0.99,6,
17,0.0,45,0.9493333333333334,nan,nan,nan,,,,,,dqn,cartpole,sparse,0.001,0.99,6,
18,0.0,9,0.9461666666666667,nan,nan,nan,,,,,,dqn,cartpole,sparse,0.001,0.99,6,
19,0.0,17,0.9430000000000001,nan,nan,nan,,,,,,dqn,cartpole,sparse,0.001,0.99,6,
20,0.0,22,0.9398333333333333,nan,nan,nan,,,,,,dqn,cartpole,sparse,0.001,0.99,6,
21,0.0,11,0.9366666666666666,nan,nan,nan,,,,,,dqn,cartpole,sparse,0.001,0.99,6,
22,0.0,55,0.9335,0.00010387918155174702,0.03272387757897377,0.01019197516143322,,,,,,dqn,cartpole,sparse,0.001,0.99,6,
23,0.0,10,0.9303333333333333,0.00037339047412388027,0.03665708750486374,0.014483047649264336,,,,,,dqn,cartpole,sparse,0.001,0.99,6,
24,0.0,28,0.9271666666666667,0.00020064841373823583,0.03214919567108154,0.012420602142810822,,,,,,dqn,cartpole,sparse,0.001,0.99,6,
25,0.0,23,0.924,7.474424637621269e-05,0.029327943921089172,0.008145421743392944,,,,,,dqn,cartpole,sparse,0.001,0.99,6,
26,0.0,11,0.9208333333333334,0.00034534395672380924,0.03451268747448921,0.011856568977236748,,,,,,dqn,cartpole,sparse,0.001,0.99,6,
27,0.0,55,0.9176666666666666,0.0002983059675898403,0.029903599992394447,0.011059731245040894,,,,,,dqn,cartpole,sparse,0.001,0.99,6,
28,0.0,12,0.9145,6.986818334553391e-05,0.02600681409239769,0.00644195219501853,,,,,,dqn,cartpole,sparse,0.001,0.99,6,
29,0.0,21,0.9113333333333333,0.00024481784203089774,0.03692491352558136,0.011236543767154217,,,,,,dqn,cartpole,sparse,0.001,0.99,6,
30,0.0,37,0.9081666666666667,0.00011008736328221858,0.02960917353630066,0.006991866510361433,,,,,,dqn,cartpole,sparse,0.001,0.99,6,
31,0.0,12,0.905,0.0002509825280867517,0.03975319489836693,0.01229921169579029,,,,,,dqn,cartpole,sparse,0.001,0.99,6,
32,0.0,15,0.9018333333333334,0.00027141254395246506,0.0322883203625679,0.011349812150001526,,,,,,dqn,cartpole,sparse,0.001,0.99,6,
33,0.0,9,0.8986666666666667,0.00023030253942124546,0.031263355165719986,0.009591227397322655,,,,,,dqn,cartpole,sparse,0.001,0.99,6,
34,0.0,33,0.8955,0.00017918198136612773,0.0418696403503418,0.009616820141673088,,,,,,dqn,cartpole,sparse,0.001,0.99,6,
35,0.0,31,0.8923333333333333,0.0003287222352810204,0.03677040711045265,0.010481479577720165,,,,,,dqn,cartpole,sparse,0.001,0.99,6,
36,0.0,14,0.8891666666666667,8.20657005533576e-05,0.027819523587822914,0.005629637278616428,,,,,,dqn,cartpole,sparse,0.001,0.99,6,
37,0.0,12,0.886,0.00017095994553528726,0.034194719046354294,0.008449984714388847,,,,,,dqn,cartpole,sparse,0.001,0.99,6,
38,0.0,12,0.8828333333333334,0.00017672280955594033,0.03952520340681076,0.009976593777537346,,,,,,dqn,cartpole,sparse,0.001,0.99,6,
39,0.0,15,0.8796666666666667,0.0001996765349758789,0.03714776784181595,0.008515911176800728,,,,,,dqn,cartpole,sparse,0.001,0.99,6,
40,0.0,21,0.8765000000000001,0.00016400565800722688,0.03066597692668438,0.006883660331368446,,,,,,dqn,cartpole,sparse,0.001,0.99,6,
41,0.0,36,0.8733333333333333,0.00013439847680274397,0.03781067952513695,0.007051946595311165,,,,,,dqn,cartpole,sparse,0.001,0.99,6,
42,0.0,22,0.8701666666666666,4.734710819320753e-05,0.04447406530380249,0.005924521014094353,,,,,,dqn,cartpole,sparse,0.001,0.99,6,
43,0.0,9,0.867,0.00023588893236592412,0.04539388045668602,0.009570855647325516,,,,,,dqn,cartpole,sparse,0.001,0.99,6,
44,0.0,55,0.8638333333333333,6.582497735507786e-05,0.03936801850795746,0.006083240732550621,,,,,,dqn,cartpole,sparse,0.001,0.99,6,
45,0.0,18,0.8606666666666667,6.991623376961797e-05,0.04165640473365784,0.00701498705893755,,,,,,dqn,cartpole,sparse,0.001,0.99,6,
46,0.0,23,0.8575,6.472815584857017e-05,0.04269205033779144,0.006326218135654926,,,,,,dqn,cartpole,sparse,0.001,0.99,6,
47,0.0,20,0.8543333333333334,0.0002797488996293396,0.03183215856552124,0.008046486414968967,,,,,,dqn,cartpole,sparse,0.001,0.99,6,
48,0.0,13,0.8511666666666666,0.00014163604646455497,0.03393109142780304,0.007688261568546295,,,,,,dqn,cartpole,sparse,0.001,0.99,6,
49,0.0,15,0.848,0.0003127640229649842,0.03595831245183945,0.009214408695697784,,,,,,dqn,cartpole,sparse,0.001,0.99,6,
50,0.0,18,0.8448333333333333,0.0002129603672074154,0.02877139300107956,0.007482643239200115,,,0.0,0.0,9.9,dqn,cartpole,sparse,0.001,0.99,6,
51,0.0,32,0.8416666666666667,0.0005494601791724563,0.04254055395722389,0.01382184587419033,,,,,,dqn,cartpole,sparse,0.001,0.99,6,
52,0.0,12,0.8385,0.00015730218729004264,0.04722406715154648,0.006514309905469418,,,,,,dqn,cartpole,sparse,0.001,0.99,6,
53,0.0,11,0.8353333333333334,9.745062561705709e-05,0.036219626665115356,0.006397124379873276,,,,,,dqn,cartpole,sparse,0.001,0.99,6,
54,0.0,36,0.8321666666666667,0.00010443943028803915,0.030097950249910355,0.005442392081022263,,,,,,dqn,cartpole,sparse,0.001,0.99,6,
55,0.0,11,0.829,0.00035848302650265396,0.035981327295303345,0.011819176375865936,,,,,,dqn,cartpole,sparse,0.001,0.99,6,
56,0.0,16,0.8258333333333334,0.00020965164003428072,0.036498747766017914,0.008515741676092148,,,,,,dqn,cartpole,sparse,0.001,0.99,6,
57,0.0,13,0.8226666666666667,8.327935938723385e-05,0.03193880617618561,0.005603748839348555,,,,,,dqn,cartpole,sparse,0.001,0.99,6,
58,0.0,13,0.8195,0.00014131105854175985,0.03533176705241203,0.007931721396744251,,,,,,dqn,cartpole,sparse,0.001,0.99,6,
59,0.0,11,0.8163333333333334,5.5625590903218836e-05,0.032180339097976685,0.005191507749259472,,,,,,dqn,cartpole,sparse,0.001,0.99,6,
60,0.0,17,0.8131666666666667,0.0004358337610028684,0.03724367171525955,0.012414505705237389,,,,,,dqn,cartpole,sparse,0.001,0.99,6,
61,0.0,11,0.81,0.0006773830973543227,0.04988173395395279,0.016570286825299263,,,,,,dqn,cartpole,sparse,0.001,0.99,6,
62,0.0,10,0.8068333333333333,0.0002576592960394919,0.040141306817531586,0.011363409459590912,,,,,,dqn,cartpole,sparse,0.001,0.99,6,
63,0.0,15,0.8036666666666666,6.35698379483074e-05,0.037077635526657104,0.005457459948956966,,,,,,dqn,cartpole,sparse,0.001,0.99,6,
64,0.0,14,0.8005,6.38197670923546e-05,0.033319007605314255,0.005663507152348757,,,,,,dqn,cartpole,sparse,0.001,0.99,6,
65,0.0,17,0.7973333333333333,0.00031905033392831683,0.04367164894938469,0.009143572300672531,,,,,,dqn,cartpole,sparse,0.001,0.99,6,
66,0.0,31,0.7941666666666667,0.0004567643627524376,0.04133711755275726,0.014472581446170807,,,,,,dqn,cartpole,sparse,0.001,0.99,6,
67,0.0,9,0.791,0.00019103077647741884,0.03496469184756279,0.0074217854999005795,,,,,,dqn,cartpole,sparse,0.001,0.99,6,
68,0.0,27,0.7878333333333334,0.0002891774638555944,0.03891902416944504,0.009572594426572323,,,,,,dqn,cartpole,sparse,0.001,0.99,6,
69,0.0,13,0.7846666666666666,0.00012647673429455608,0.034633416682481766,0.006393530406057835,,,,,,dqn,cartpole,sparse,0.001,0.99,6,
70,0.0,10,0.7815,0.0002441743272356689,0.03405720740556717,0.0077960677444934845,,,,,,dqn,cartpole,sparse,0.001,0.99,6,
71,0.0,35,0.7783333333333333,0.00025417920551262796,0.04011441022157669,0.008199650794267654,,,,,,dqn,cartpole,sparse,0.001,0.99,6,
72,0.0,18,0.7751666666666667,0.0004396242438815534,0.03184838220477104,0.008051021955907345,,,,,,dqn,cartpole,sparse,0.001,0.99,6,
73,0.0,19,0.772,0.000156723108375445,0.03628925234079361,0.009243443608283997,,,,,,dqn,cartpole,sparse,0.001,0.99,6,
74,0.0,13,0.7688333333333334,0.00011221737804589793,0.02952578477561474,0.006571986712515354,,,,,,dqn,cartpole,sparse,0.001,0.99,6,
75,0.0,21,0.7656666666666667,0.00012432847870513797,0.043624769896268845,0.007781058084219694,,,,,,dqn,cartpole,sparse,0.001,0.99,6,
76,0.0,10,0.7625,0.00020909994782414287,0.046694930642843246,0.00975319929420948,,,,,,dqn,cartpole,sparse,0.001,0.99,6,
77,0.0,23,0.7593333333333333,0.0001094573235604912,0.024195749312639236,0.005114431492984295,,,,,,dqn,cartpole,sparse,0.001,0.99,6,
78,0.0,26,0.7561666666666667,9.098779992200434e-05,0.04758485406637192,0.00660169729962945,,,,,,dqn,cartpole,sparse,0.001,0.99,6,
79,0.0,15,0.753,0.00026032893219962716,0.043067816644907,0.00897947046905756,,,,,,dqn,cartpole,sparse,0.001,0.99,6,
80,0.0,12,0.7498333333333334,0.00019446172518655658,0.029418019577860832,0.0069053987972438335,,,,,,dqn,cartpole,sparse,0.001,0.99,6,
81,0.0,18,0.7466666666666667,0.00020915298955515027,0.039700109511613846,0.010541221126914024,,,,,,dqn,cartpole,sparse,0.001,0.99,6,
82,0.0,10,0.7435,0.0003213279996998608,0.03543167933821678,0.011272193863987923,,,,,,dqn,cartpole,sparse,0.001,0.99,6,
83,0.0,13,0.7403333333333333,0.0002547299081925303,0.040830016136169434,0.009397581219673157,,,,,,dqn,cartpole,sparse,0.001,0.99,6,
84,0.0,12,0.7371666666666667,0.0005665480275638402,0.04722168669104576,0.013874826021492481,,,,,,dqn,cartpole,sparse,0.001,0.99,6,
85,0.0,13,0.734,0.00013932889851275831,0.04032126069068909,0.0055284579284489155,,,,,,dqn,cartpole,sparse,0.001,0.99,6,
86,0.0,16,0.7308333333333333,0.00017380944336764514,0.043519217520952225,0.01020587794482708,,,,,,dqn,cartpole,sparse,0.001,0.99,6,
87,0.0,23,0.7276666666666667,0.00048615143168717623,0.042211566120386124,0.012222902849316597,,,,,,dqn,cartpole,sparse,0.001,0.99,6,
88,0.0,9,0.7245,2.2182317479746416e-05,0.038838353008031845,0.0045858100056648254,,,,,,dqn,cartpole,sparse,0.001,0.99,6,
89,0.0,13,0.7213333333333334,0.00020607589976862073,0.03694809228181839,0.007654570043087006,,,,,,dqn,cartpole,sparse,0.001,0.99,6,
90,0.0,14,0.7181666666666666,0.0003627417318057269,0.05699789524078369,0.01265538576990366,,,,,,dqn,cartpole,sparse,0.001,0.99,6,
91,0.0,17,0.7150000000000001,0.00046166483662091196,0.04554499685764313,0.011715621687471867,,,,,,dqn,cartpole,sparse,0.001,0.99,6,
92,0.0,14,0.7118333333333333,0.00024826498702168465,0.03817090019583702,0.008128327317535877,,,,,,dqn,cartpole,sparse,0.001,0.99,6,
93,0.0,10,0.7086666666666668,0.00037101050838828087,0.04801337420940399,0.011642279103398323,,,,,,dqn,cartpole,sparse,0.001,0.99,6,
94,0.0,21,0.7055,0.0002558646083343774,0.03857461363077164,0.009940532967448235,,,,,,dqn,cartpole,sparse,0.001,0.99,6,
95,0.0,12,0.7023333333333333,0.00019473966676741838,0.04823661595582962,0.008393019437789917,,,,,,dqn,cartpole,sparse,0.001,0.99,6,
96,0.0,11,0.6991666666666667,0.00028848377405665815,0.05176761746406555,0.009117690846323967,,,,,,dqn,cartpole,sparse,0.001,0.99,6,
97,0.0,22,0.696,0.00018145382637158036,0.042050160467624664,0.006781520321965218,,,,,,dqn,cartpole,sparse,0.001,0.99,6,
98,0.0,12,0.6928333333333334,0.00016001310723368078,0.03702013939619064,0.0061274864710867405,,,,,,dqn,cartpole,sparse,0.001,0.99,6,
99,0.0,14,0.6896666666666667,8.724980580154806e-05,0.03171852231025696,0.0039414651691913605,,,,,,dqn,cartpole,sparse,0.001,0.99,6,
100,0.0,9,0.6865,0.0002516413223929703,0.03537033125758171,0.009687747806310654,,,0.0,0.0,9.9,dqn,cartpole,sparse,0.001,0.99,6,
101,0.0,16,0.6833333333333333,0.000138765579322353,0.04226597771048546,0.007028151303529739,,,,,,dqn,cartpole,sparse,0.001,0.99,6,
102,0.0,21,0.6801666666666667,0.0002890645700972527,0.04622746258974075,0.009591162204742432,,,,,,dqn,cartpole,sparse,0.001,0.99,6,
103,0.0,24,0.677,0.00017309514805674553,0.04515848308801651,0.007281061261892319,,,,,,dqn,cartpole,sparse,0.001,0.99,6,
104,0.0,14,0.6738333333333333,0.00011630586232058704,0.03847014904022217,0.007255354896187782,,,,,,dqn,cartpole,sparse,0.001,0.99,6,
105,0.0,18,0.6706666666666667,0.00026566319866105914,0.03791984170675278,0.00988752394914627,,,,,,dqn,cartpole,sparse,0.001,0.99,6,
106,0.0,12,0.6675,5.5206666729645804e-05,0.039269283413887024,0.00452749477699399,,,,,,dqn,cartpole,sparse,0.001,0.99,6,
107,0.0,28,0.6643333333333333,0.00011254724813625216,0.03438859432935715,0.007282927166670561,,,,,,dqn,cartpole,sparse,0.001,0.99,6,
108,0.0,8,0.6611666666666667,3.7278929085005075e-05,0.04126053303480148,0.004951972048729658,,,,,,dqn,cartpole,sparse,0.001,0.99,6,
109,0.0,11,0.658,9.786962618818507e-05,0.03558781370520592,0.005372487939894199,,,,,,dqn,cartpole,sparse,0.001,0.99,6,
110,0.0,12,0.6548333333333334,0.00043385595199652016,0.04818619787693024,0.013665832579135895,,,,,,dqn,cartpole,sparse,0.001,0.99,6,
111,0.0,8,0.6516666666666667,0.0002971258945763111,0.04770404472947121,0.01092168502509594,,,,,,dqn,cartpole,sparse,0.001,0.99,6,
112,0.0,10,0.6485000000000001,0.00023718333977740258,0.043112613260746,0.00832438375800848,,,,,,dqn,cartpole,sparse,0.001,0.99,6,
113,0.0,16,0.6453333333333333,4.336329220677726e-05,0.03727082908153534,0.004304519854485989,,,,,,dqn,cartpole,sparse,0.001,0.99,6,
114,0.0,11,0.6421666666666668,0.00036238590837456286,0.04799312353134155,0.010731490328907967,,,,,,dqn,cartpole,sparse,0.001,0.99,6,
115,0.0,19,0.639,7.59325921535492e-05,0.04010717570781708,0.005414249375462532,,,,,,dqn,cartpole,sparse,0.001,0.99,6,
116,0.0,22,0.6358333333333333,0.0004611177137121558,0.04185183346271515,0.013759303838014603,,,,,,dqn,cartpole,sparse,0.001,0.99,6,
117,0.0,28,0.6326666666666667,0.00023320698528550565,0.03930111229419708,0.008804500102996826,,,,,,dqn,cartpole,sparse,0.001,0.99,6,
118,0.0,25,0.6295,0.0003171738644596189,0.04611579328775406,0.012991003692150116,,,,,,dqn,cartpole,sparse,0.001,0.99,6,
119,0.0,50,0.6263333333333334,8.763607183936983e-05,0.03718997538089752,0.004643899388611317,,,,,,dqn,cartpole,sparse,0.001,0.99,6,
120,0.0,10,0.6231666666666666,0.00014155688404571265,0.048466868698596954,0.005887994542717934,,,,,,dqn,cartpole,sparse,0.001,0.99,6,
121,0.0,12,0.62,2.0943049094057642e-05,0.030321236699819565,0.0033819270320236683,,,,,,dqn,cartpole,sparse,0.001,0.99,6,
122,0.0,10,0.6168333333333333,0.00042451941408216953,0.04322091490030289,0.010639233514666557,,,,,,dqn,cartpole,sparse,0.001,0.99,6,
123,0.0,12,0.6136666666666667,0.00010702395957196131,0.057861313223838806,0.007105711847543716,,,,,,dqn,cartpole,sparse,0.001,0.99,6,
124,0.0,9,0.6105,0.00011085669393651187,0.0423438623547554,0.00597501453012228,,,,,,dqn,cartpole,sparse,0.001,0.99,6,
125,0.0,18,0.6073333333333333,0.00016481016064062715,0.042684171348810196,0.00695645110681653,,,,,,dqn,cartpole,sparse,0.001,0.99,6,
126,0.0,18,0.6041666666666667,5.547561522689648e-05,0.03156287595629692,0.0034766262397170067,,,,,,dqn,cartpole,sparse,0.001,0.99,6,
127,0.0,14,0.601,7.771224773023278e-05,0.039379559457302094,0.004865844734013081,,,,,,dqn,cartpole,sparse,0.001,0.99,6,
128,0.0,9,0.5978333333333333,0.00021061213919892907,0.03912331908941269,0.005756131373345852,,,,,,dqn,cartpole,sparse,0.001,0.99,6,
129,0.0,13,0.5946666666666667,0.0003415654646232724,0.05354747176170349,0.011810004711151123,,,,,,dqn,cartpole,sparse,0.001,0.99,6,
130,0.0,10,0.5915,0.0003755464858841151,0.04170336574316025,0.011770704761147499,,,,,,dqn,cartpole,sparse,0.001,0.99,6,
131,0.0,16,0.5883333333333334,0.00046582467621192336,0.044985804706811905,0.012551572173833847,,,,,,dqn,cartpole,sparse,0.001,0.99,6,
132,0.0,10,0.5851666666666667,0.0002756348403636366,0.053965482860803604,0.00928510446101427,,,,,,dqn,cartpole,sparse,0.001,0.99,6,
133,0.0,11,0.5820000000000001,0.00032852013828232884,0.06459853053092957,0.011177989654242992,,,,,,dqn,cartpole,sparse,0.001,0.99,6,
134,0.0,10,0.5788333333333333,0.00021059693244751543,0.044449202716350555,0.007443274836987257,,,,,,dqn,cartpole,sparse,0.001,0.99,6,
135,0.0,12,0.5756666666666668,0.00020894993213005364,0.04347643256187439,0.009026257321238518,,,,,,dqn,cartpole,sparse,0.001,0.99,6,
136,0.0,16,0.5725,0.00031973770819604397,0.05344006419181824,0.015651103109121323,,,,,,dqn,cartpole,sparse,0.001,0.99,6,
137,0.0,11,0.5693333333333334,0.00018950893718283623,0.06056781858205795,0.010848762467503548,,,,,,dqn,cartpole,sparse,0.001,0.99,6,
138,0.0,21,0.5661666666666667,0.0001423635403625667,0.061366453766822815,0.013866844587028027,,,,,,dqn,cartpole,sparse,0.001,0.99,6,
139,0.0,12,0.563,0.0001889833074528724,0.06523367762565613,0.014537455514073372,,,,,,dqn,cartpole,sparse,0.001,0.99,6,
140,0.0,18,0.5598333333333334,8.331748540513217e-05,0.06075979769229889,0.008132955990731716,,,,,,dqn,cartpole,sparse,0.001,0.99,6,
141,0.0,10,0.5566666666666666,9.516580030322075e-05,0.05809777230024338,0.009172756224870682,,,,,,dqn,cartpole,sparse,0.001,0.99,6,
142,0.0,27,0.5535000000000001,7.169357559178025e-05,0.06143845245242119,0.0063265906646847725,,,,,,dqn,cartpole,sparse,0.001,0.99,6,
143,0.0,10,0.5503333333333333,0.0002566852781455964,0.06502023339271545,0.010309195145964622,,,,,,dqn,cartpole,sparse,0.001,0.99,6,
144,0.0,13,0.5471666666666667,0.00012777054507751018,0.05367260426282883,0.009879864752292633,,,,,,dqn,cartpole,sparse,0.001,0.99,6,
145,0.0,14,0.544,6.806862074881792e-05,0.0682070255279541,0.008297800086438656,,,,,,dqn,cartpole,sparse,0.001,0.99,6,
146,0.0,16,0.5408333333333333,0.00011892576731042936,0.07810160517692566,0.008244574069976807,,,,,,dqn,cartpole,sparse,0.001,0.99,6,
147,0.0,14,0.5376666666666667,4.8758207412902266e-05,0.06300253421068192,0.005548708140850067,,,,,,dqn,cartpole,sparse,0.001,0.99,6,
148,0.0,12,0.5345,6.656417826889083e-05,0.06273646652698517,0.008821488358080387,,,,,,dqn,cartpole,sparse,0.001,0.99,6,
149,0.0,17,0.5313333333333333,5.674864223692566e-05,0.06333927810192108,0.006068518850952387,,,,,,dqn,cartpole,sparse,0.001,0.99,6,
150,0.0,11,0.5281666666666667,0.00013579402002505958,0.06837397813796997,0.008609019219875336,,,0.0,0.0,9.9,dqn,cartpole,sparse,0.001,0.99,6,
151,0.0,10,0.525,6.026437768014148e-05,0.06195201352238655,0.005278622731566429,,,,,,dqn,cartpole,sparse,0.001,0.99,6,
152,0.0,9,0.5218333333333334,4.267836266080849e-05,0.07524171471595764,0.005680618807673454,,,,,,dqn,cartpole,sparse,0.001,0.99,6,
153,0.0,18,0.5186666666666666,5.117190085002221e-05,0.06893506646156311,0.0042732395231723785,,,,,,dqn,cartpole,sparse,0.001,0.99,6,
154,0.0,15,0.5155000000000001,2.3741529730614275e-05,0.05980700999498367,0.004162692464888096,,,,,,dqn,cartpole,sparse,0.001,0.99,6,
155,0.0,11,0.5123333333333333,7.07867875462398e-05,0.06691001355648041,0.006623315624892712,,,,,,dqn,cartpole,sparse,0.001,0.99,6,
156,0.0,17,0.5091666666666667,0.00010498403571546078,0.06071829795837402,0.00580934900790453,,,,,,dqn,cartpole,sparse,0.001,0.99,6,
157,0.0,11,0.506,0.00010219334217254072,0.06928455829620361,0.007427617441862822,,,,,,dqn,cartpole,sparse,0.001,0.99,6,
158,0.0,14,0.5028333333333334,7.637000089744106e-05,0.05269106104969978,0.006690296344459057,,,,,,dqn,cartpole,sparse,0.001,0.99,6,
159,0.0,12,0.4996666666666667,1.68105834745802e-05,0.07583615928888321,0.0031668897718191147,,,,,,dqn,cartpole,sparse,0.001,0.99,6,
160,0.0,10,0.49650000000000005,0.0001121991008403711,0.06729783117771149,0.005491962656378746,,,,,,dqn,cartpole,sparse,0.001,0.99,6,
161,0.0,10,0.4933333333333334,4.8694273573346436e-05,0.06328245997428894,0.005077020265161991,,,,,,dqn,cartpole,sparse,0.001,0.99,6,
162,0.0,19,0.49016666666666675,4.8946705646812916e-05,0.06284952163696289,0.004182064440101385,,,,,,dqn,cartpole,sparse,0.001,0.99,6,
163,0.0,11,0.487,6.881813169457018e-05,0.06402924656867981,0.004758757539093494,,,,,,dqn,cartpole,sparse,0.001,0.99,6,
164,0.0,17,0.48383333333333334,4.8178902943618596e-05,0.04984286054968834,0.005640589632093906,,,,,,dqn,cartpole,sparse,0.001,0.99,6,
165,0.0,10,0.4806666666666667,4.555670966510661e-05,0.07235165685415268,0.005681716836988926,,,,,,dqn,cartpole,sparse,0.001,0.99,6,
166,0.0,13,0.47750000000000004,5.923562275711447e-05,0.07832509279251099,0.008058598265051842,,,,,,dqn,cartpole,sparse,0.001,0.99,6,
167,0.0,10,0.4743333333333334,5.8487454225542024e-05,0.07623867690563202,0.004561659414321184,,,,,,dqn,cartpole,sparse,0.001,0.99,6,
168,0.0,15,0.47116666666666673,6.333037163130939e-05,0.059653595089912415,0.00876626931130886,,,,,,dqn,cartpole,sparse,0.001,0.99,6,
169,0.0,9,0.46799999999999997,4.815415377379395e-05,0.06595920026302338,0.005735090002417564,,,,,,dqn,cartpole,sparse,0.001,0.99,6,
170,0.0,11,0.4648333333333333,9.017663251142949e-05,0.06430269777774811,0.007755145896226168,,,,,,dqn,cartpole,sparse,0.001,0.99,6,
171,0.0,20,0.46166666666666667,0.00010244918667012826,0.06026189774274826,0.007765544578433037,,,,,,dqn,cartpole,sparse,0.001,0.99,6,
172,0.0,12,0.4585,0.00011251532123424113,0.07091378420591354,0.0074678026139736176,,,,,,dqn,cartpole,sparse,0.001,0.99,6,
173,0.0,14,0.45533333333333337,7.640750845894217e-05,0.05330418050289154,0.005019313655793667,,,,,,dqn,cartpole,sparse,0.001,0.99,6,
174,0.0,10,0.4521666666666667,5.3050538554089144e-05,0.06850749254226685,0.005089255981147289,,,,,,dqn,cartpole,sparse,0.001,0.99,6,
175,0.0,11,0.44900000000000007,2.299109473824501e-05,0.0731489509344101,0.0044082775712013245,,,,,,dqn,cartpole,sparse,0.001,0.99,6,
176,0.0,11,0.4458333333333333,3.52256465703249e-05,0.06164705008268356,0.003979846369475126,,,,,,dqn,cartpole,sparse,0.001,0.99,6,
177,0.0,9,0.44266666666666665,4.274688399164006e-05,0.07570220530033112,0.004890315234661102,,,,,,dqn,cartpole,sparse,0.001,0.99,6,
178,0.0,12,0.4395,1.2450705980882049e-05,0.07028569281101227,0.0035815390292555094,,,,,,dqn,cartpole,sparse,0.001,0.99,6,
179,0.0,16,0.43633333333333335,4.619576066033915e-05,0.05182837322354317,0.0057732174172997475,,,,,,dqn,cartpole,sparse,0.001,0.99,6,
180,0.0,16,0.4331666666666667,2.364391002629418e-05,0.06343541294336319,0.0044149491004645824,,,,,,dqn,cartpole,sparse,0.001,0.99,6,
181,0.0,14,0.43000000000000005,4.221350536681712e-05,0.06582807004451752,0.005332889035344124,,,,,,dqn,cartpole,sparse,0.001,0.99,6,
182,0.0,13,0.4268333333333333,7.086692494340241e-05,0.0654003769159317,0.0077489991672337055,,,,,,dqn,cartpole,sparse,0.001,0.99,6,
183,0.0,10,0.42366666666666664,0.00010809129889821634,0.05851364508271217,0.007067731581628323,,,,,,dqn,cartpole,sparse,0.001,0.99,6,
184,0.0,14,0.4205,7.570148591184989e-05,0.07582695782184601,0.006592638790607452,,,,,,dqn,cartpole,sparse,0.001,0.99,6,
185,0.0,13,0.41733333333333344,4.89029407617636e-05,0.06805103272199631,0.005397442728281021,,,,,,dqn,cartpole,sparse,0.001,0.99,6,
186,0.0,19,0.4141666666666667,5.9848422097275034e-05,0.06874596327543259,0.005993627943098545,,,,,,dqn,cartpole,sparse,0.001,0.99,6,
187,0.0,11,0.41100000000000003,7.455448940163478e-05,0.0788586437702179,0.005235360004007816,,,,,,dqn,cartpole,sparse,0.001,0.99,6,
188,0.0,10,0.4078333333333334,5.6687043979763985e-05,0.05738455802202225,0.004281150177121162,,,,,,dqn,cartpole,sparse,0.001,0.99,6,
189,0.0,13,0.4046666666666666,7.179957174230367e-05,0.05598648637533188,0.006212403066456318,,,,,,dqn,cartpole,sparse,0.001,0.99,6,
190,0.0,10,0.4015000000000001,8.001881360542029e-05,0.05984430015087128,0.005789183080196381,,,,,,dqn,cartpole,sparse,0.001,0.99,6,
191,0.0,13,0.39833333333333343,9.834875527303666e-05,0.06308986246585846,0.007175707258284092,,,,,,dqn,cartpole,sparse,0.001,0.99,6,
192,0.0,16,0.39516666666666667,0.0001224593579536304,0.06001250445842743,0.007905367761850357,,,,,,dqn,cartpole,sparse,0.001,0.99,6,
193,0.0,13,0.392,0.0001329012302448973,0.07653538882732391,0.007936866953969002,,,,,,dqn,cartpole,sparse,0.001,0.99,6,
194,0.0,9,0.38883333333333336,2.28202115977183e-05,0.06662498414516449,0.004530088044703007,,,,,,dqn,cartpole,sparse,0.001,0.99,6,
195,0.0,13,0.3856666666666667,1.9389291992411017e-05,0.0741848573088646,0.0036137120332568884,,,,,,dqn,cartpole,sparse,0.001,0.99,6,
196,0.0,16,0.38250000000000006,0.00013084002421237528,0.06504908949136734,0.007801579311490059,,,,,,dqn,cartpole,sparse,0.001,0.99,6,
197,0.0,14,0.3793333333333334,4.7264871682273224e-05,0.056857630610466,0.005720016546547413,,,,,,dqn,cartpole,sparse,0.001,0.99,6,
198,0.0,13,0.37616666666666676,6.50243746349588e-05,0.058765899389982224,0.006234369240701199,,,,,,dqn,cartpole,sparse,0.001,0.99,6,
199,0.0,17,0.373,9.772006160346791e-05,0.07174153625965118,0.006121330428868532,,,,,,dqn,cartpole,sparse,0.001,0.99,6,
200,0.0,11,0.36983333333333335,4.284798342268914e-05,0.06609059870243073,0.004643722902983427,,,0.0,0.0,9.9,dqn,cartpole,sparse,0.001,0.99,6,
201,0.0,12,0.3666666666666667,3.10075338347815e-05,0.07045858353376389,0.0034889178350567818,,,,,,dqn,cartpole,sparse,0.001,0.99,6,
202,0.0,10,0.36350000000000005,3.313718116260134e-05,0.06834118068218231,0.004703458398580551,,,,,,dqn,cartpole,sparse,0.001,0.99,6,
203,0.0,10,0.3603333333333334,8.768831321503967e-05,0.07479581236839294,0.005974484141916037,,,,,,dqn,cartpole,sparse,0.001,0.99,6,
204,0.0,18,0.35716666666666674,8.055194484768435e-05,0.06858481466770172,0.005835334304720163,,,,,,dqn,cartpole,sparse,0.001,0.99,6,
205,0.0,9,0.354,5.02363545820117e-05,0.06222385913133621,0.004370642825961113,,,,,,dqn,cartpole,sparse,0.001,0.99,6,
206,0.0,11,0.35083333333333333,3.7151610740693286e-05,0.06748872995376587,0.005601971875876188,,,,,,dqn,cartpole,sparse,0.001,0.99,6,
207,0.0,21,0.3476666666666667,5.636661808239296e-05,0.07510228455066681,0.004917752929031849,,,,,,dqn,cartpole,sparse,0.001,0.99,6,
208,0.0,14,0.34450000000000003,4.417345917318016e-05,0.05615006387233734,0.004890956450253725,,,,,,dqn,cartpole,sparse,0.001,0.99,6,
209,0.0,16,0.3413333333333334,7.326898048631847e-05,0.07337636500597,0.00805638451129198,,,,,,dqn,cartpole,sparse,0.001,0.99,6,
210,0.0,8,0.3381666666666667,7.990220910869539e-05,0.07025093585252762,0.005266368389129639,,,,,,dqn,cartpole,sparse,0.001,0.99,6,
211,0.0,19,0.3350000000000001,5.989721103105694e-05,0.05878696218132973,0.007804162800312042,,,,,,dqn,cartpole,sparse,0.001,0.99,6,
212,0.0,9,0.3318333333333333,6.943769403733313e-05,0.08351750671863556,0.005268119275569916,,,,,,dqn,cartpole,sparse,0.001,0.99,6,
213,0.0,15,0.32866666666666666,4.362848630989902e-05,0.06704938411712646,0.005261325277388096,,,,,,dqn,cartpole,sparse,0.001,0.99,6,
214,0.0,10,0.3255,0.00012980990868527442,0.05912110209465027,0.007716993801295757,,,,,,dqn,cartpole,sparse,0.001,0.99,6,
215,0.0,13,0.32233333333333336,0.00012796089868061244,0.07302306592464447,0.0073469579219818115,,,,,,dqn,cartpole,sparse,0.001,0.99,6,
216,0.0,8,0.3191666666666667,5.1260649343021214e-05,0.07136508822441101,0.005227117799222469,,,,,,dqn,cartpole,sparse,0.001,0.99,6,
217,0.0,9,0.31600000000000006,6.962024781387299e-05,0.0775701031088829,0.0049180882051587105,,,,,,dqn,cartpole,sparse,0.001,0.99,6,
218,0.0,12,0.3128333333333333,7.093233580235392e-05,0.05477873980998993,0.00822494737803936,,,,,,dqn,cartpole,sparse,0.001,0.99,6,
219,0.0,8,0.30966666666666665,1.6993702956824563e-05,0.059561535716056824,0.0036837232764810324,,,,,,dqn,cartpole,sparse,0.001,0.99,6,
220,0.0,12,0.3065,4.5638960727956146e-05,0.07271427661180496,0.0051680197939276695,,,,,,dqn,cartpole,sparse,0.001,0.99,6,
221,0.0,11,0.30333333333333345,6.748341547790915e-05,0.08240339159965515,0.005442481487989426,,,,,,dqn,cartpole,sparse,0.001,0.99,6,
222,0.0,10,0.3001666666666667,4.582053952617571e-05,0.06847836077213287,0.005672093480825424,,,,,,dqn,cartpole,sparse,0.001,0.99,6,
223,0.0,10,0.29700000000000004,3.816288153757341e-05,0.08226095139980316,0.004752608947455883,,,,,,dqn,cartpole,sparse,0.001,0.99,6,
224,0.0,9,0.2938333333333334,0.00012007245095446706,0.0648980587720871,0.0061876364052295685,,,,,,dqn,cartpole,sparse,0.001,0.99,6,
225,0.0,12,0.29066666666666663,1.4340261259349063e-05,0.07296643406152725,0.0029266595374792814,,,,,,dqn,cartpole,sparse,0.001,0.99,6,
226,0.0,10,0.2875000000000001,0.00010004267824115232,0.07405917346477509,0.007912572473287582,,,,,,dqn,cartpole,sparse,0.001,0.99,6,
227,0.0,12,0.28433333333333344,5.895552385482006e-05,0.0700339823961258,0.005316740833222866,,,,,,dqn,cartpole,sparse,0.001,0.99,6,
228,0.0,12,0.2811666666666667,6.121600017650053e-05,0.08299285173416138,0.0076219625771045685,,,,,,dqn,cartpole,sparse,0.001,0.99,6,
229,0.0,9,0.278,2.858685184037313e-05,0.07251670956611633,0.003914420492947102,,,,,,dqn,cartpole,sparse,0.001,0.99,6,
230,0.0,15,0.2748333333333334,3.7211881135590374e-05,0.06837072968482971,0.004811995662748814,,,,,,dqn,cartpole,sparse,0.001,0.99,6,
231,0.0,11,0.2716666666666666,1.9446444639470428e-05,0.08516395837068558,0.004081039689481258,,,,,,dqn,cartpole,sparse,0.001,0.99,6,
232,0.0,9,0.26850000000000007,1.3407867299974896e-05,0.06990885734558105,0.003401868510991335,,,,,,dqn,cartpole,sparse,0.001,0.99,6,
233,0.0,13,0.2653333333333334,5.265935760689899e-05,0.07769405841827393,0.004957984201610088,,,,,,dqn,cartpole,sparse,0.001,0.99,6,
234,0.0,9,0.26216666666666677,4.8437228542752564e-05,0.0757056176662445,0.00730647798627615,,,,,,dqn,cartpole,sparse,0.001,0.99,6,
235,0.0,11,0.259,2.698232128750533e-05,0.06908848881721497,0.003996940329670906,,,,,,dqn,cartpole,sparse,0.001,0.99,6,
236,0.0,10,0.25583333333333336,6.118616147432476e-05,0.0710909515619278,0.007059342227876186,,,,,,dqn,cartpole,sparse,0.001,0.99,6,
237,0.0,8,0.2526666666666667,5.58786305191461e-05,0.07517364621162415,0.00534445233643055,,,,,,dqn,cartpole,sparse,0.001,0.99,6,
238,0.0,10,0.24950000000000006,2.534562190703582e-05,0.06902928650379181,0.004178283270448446,,,,,,dqn,cartpole,sparse,0.001,0.99,6,
239,0.0,12,0.2463333333333334,5.438756488729268e-05,0.07041949033737183,0.006823090836405754,,,,,,dqn,cartpole,sparse,0.001,0.99,6,
240,0.0,10,0.24316666666666675,2.5489998733974062e-05,0.06764263659715652,0.004514653235673904,,,,,,dqn,cartpole,sparse,0.001,0.99,6,
241,0.0,15,0.24,8.498912211507559e-05,0.07950656116008759,0.008296504616737366,,,,,,dqn,cartpole,sparse,0.001,0.99,6,
242,0.0,9,0.23683333333333334,4.2862047848757356e-05,0.05992167815566063,0.005692610517144203,,,,,,dqn,cartpole,sparse,0.001,0.99,6,
243,0.0,10,0.2336666666666667,8.563451410736889e-05,0.08361872285604477,0.007098928093910217,,,,,,dqn,cartpole,sparse,0.001,0.99,6,
244,0.0,9,0.23050000000000004,6.637355545535684e-05,0.08210350573062897,0.004023199900984764,,,,,,dqn,cartpole,sparse,0.001,0.99,6,
245,0.0,9,0.2273333333333334,0.00014784048835281283,0.07074945420026779,0.007629654370248318,,,,,,dqn,cartpole,sparse,0.001,0.99,6,
246,0.0,11,0.22416666666666674,2.5633469704189338e-05,0.07263453304767609,0.003967766650021076,,,,,,dqn,cartpole,sparse,0.001,0.99,6,
247,0.0,10,0.22100000000000009,0.00012077319843228906,0.08188780397176743,0.0068810731172561646,,,,,,dqn,cartpole,sparse,0.001,0.99,6,
248,0.0,10,0.21783333333333332,5.6470686104148626e-05,0.08509662747383118,0.0068638501688838005,,,,,,dqn,cartpole,sparse,0.001,0.99,6,
249,0.0,10,0.21466666666666667,0.00011973857181146741,0.08684992045164108,0.008146625943481922,,,,,,dqn,cartpole,sparse,0.001,0.99,6,
250,0.0,9,0.21150000000000002,0.00011102177086286247,0.07153938710689545,0.010215380229055882,,,0.0,0.0,9.9,dqn,cartpole,sparse,0.001,0.99,6,
251,0.0,9,0.20833333333333337,0.00011469436867628247,0.06117185577750206,0.009723540395498276,,,,,,dqn,cartpole,sparse,0.001,0.99,6,
252,0.0,11,0.20516666666666672,7.804814231349155e-05,0.09062476456165314,0.00658349459990859,,,,,,dqn,cartpole,sparse,0.001,0.99,6,
253,0.0,9,0.20200000000000007,0.0001120969609473832,0.08980754017829895,0.01160809863358736,,,,,,dqn,cartpole,sparse,0.001,0.99,6,
254,0.0,9,0.1988333333333333,1.8039520000456832e-05,0.0780411884188652,0.0033610304817557335,,,,,,dqn,cartpole,sparse,0.001,0.99,6,
255,0.0,10,0.19566666666666666,0.00013626769941765815,0.0672813206911087,0.010543516837060452,,,,,,dqn,cartpole,sparse,0.001,0.99,6,
256,0.0,10,0.1925,2.040649633272551e-05,0.08356879651546478,0.0034847580827772617,,,,,,dqn,cartpole,sparse,0.001,0.99,6,
257,0.0,11,0.18933333333333335,9.073199180420488e-05,0.0732828751206398,0.006435324437916279,,,,,,dqn,cartpole,sparse,0.001,0.99,6,
258,0.0,10,0.1861666666666667,9.995391883421689e-05,0.07544103264808655,0.005539530422538519,,,,,,dqn,cartpole,sparse,0.001,0.99,6,
259,0.0,10,0.18300000000000005,5.383653842727654e-05,0.05604507774114609,0.005427366588264704,,,,,,dqn,cartpole,sparse,0.001,0.99,6,
260,0.0,9,0.1798333333333334,4.080467624589801e-05,0.07335980981588364,0.0051390547305345535,,,,,,dqn,cartpole,sparse,0.001,0.99,6,
261,0.0,11,0.17666666666666664,3.601063144742511e-05,0.08200159668922424,0.005121138878166676,,,,,,dqn,cartpole,sparse,0.001,0.99,6,
262,0.0,13,0.1735,2.09306126635056e-05,0.0788661539554596,0.003583869431167841,,,,,,dqn,cartpole,sparse,0.001,0.99,6,
263,0.0,10,0.17033333333333345,4.040116982650943e-05,0.06419385969638824,0.0049694799818098545,,,,,,dqn,cartpole,sparse,0.001,0.99,6,
264,0.0,9,0.16716666666666669,4.638958489522338e-05,0.07617038488388062,0.005428921896964312,,,,,,dqn,cartpole,sparse,0.001,0.99,6,
265,0.0,10,0.16400000000000003,9.591400157660246e-05,0.07820891588926315,0.007181238383054733,,,,,,dqn,cartpole,sparse,0.001,0.99,6,
266,0.0,10,0.16083333333333338,3.0095427064225078e-05,0.08542448282241821,0.004988872446119785,,,,,,dqn,cartpole,sparse,0.001,0.99,6,
267,0.0,9,0.15766666666666662,3.268029831815511e-05,0.0843108743429184,0.004059119615703821,,,,,,dqn,cartpole,sparse,0.001,0.99,6,
268,0.0,9,0.15450000000000008,7.657132664462551e-05,0.0772821456193924,0.006725415587425232,,,,,,dqn,cartpole,sparse,0.001,0.99,6,
269,0.0,9,0.15133333333333343,6.63428072584793e-05,0.07125351577997208,0.004513180814683437,,,,,,dqn,cartpole,sparse,0.001,0.99,6,
270,0.0,10,0.14816666666666678,4.4369109673425555e-05,0.08171874284744263,0.0046236258931458,,,,,,dqn,cartpole,sparse,0.001,0.99,6,
271,0.0,9,0.14500000000000002,0.00012587319361045957,0.07727112621068954,0.0074254414066672325,,,,,,dqn,cartpole,sparse,0.001,0.99,6,
272,0.0,9,0.14183333333333337,0.0001495341130066663,0.08494647592306137,0.009302210062742233,,,,,,dqn,cartpole,sparse,0.001,0.99,6,
273,0.0,8,0.13866666666666672,9.501306340098381e-05,0.05508174002170563,0.008202559314668179,,,,,,dqn,cartpole,sparse,0.001,0.99,6,
274,0.0,13,0.13550000000000006,5.764363595517352e-05,0.07467839121818542,0.005943617783486843,,,,,,dqn,cartpole,sparse,0.001,0.99,6,
275,0.0,9,0.1323333333333334,4.510198414209299e-05,0.09230346232652664,0.005466248374432325,,,,,,dqn,cartpole,sparse,0.001,0.99,6,
276,0.0,9,0.12916666666666676,3.096966975135729e-05,0.0760050117969513,0.0047472137957811356,,,,,,dqn,cartpole,sparse,0.001,0.99,6,
277,0.0,10,0.126,7.041562639642507e-05,0.07433222234249115,0.00739948358386755,,,,,,dqn,cartpole,sparse,0.001,0.99,6,
278,0.0,10,0.12283333333333335,0.00010030283010564744,0.08757352828979492,0.006618786603212357,,,,,,dqn,cartpole,sparse,0.001,0.99,6,
279,0.0,9,0.1196666666666667,0.00011099691619165242,0.07661223411560059,0.008825840428471565,,,,,,dqn,cartpole,sparse,0.001,0.99,6,
280,0.0,9,0.11650000000000005,0.00011792924487963319,0.08424954116344452,0.009034338407218456,,,,,,dqn,cartpole,sparse,0.001,0.99,6,
281,0.0,10,0.1133333333333334,3.521889084368013e-05,0.06618569791316986,0.0040496718138456345,,,,,,dqn,cartpole,sparse,0.001,0.99,6,
282,0.0,12,0.11016666666666675,5.47043964616023e-05,0.05916622281074524,0.006726776249706745,,,,,,dqn,cartpole,sparse,0.001,0.99,6,
283,0.0,9,0.1070000000000001,2.4432414647890255e-05,0.07851477712392807,0.0037244895938783884,,,,,,dqn,cartpole,sparse,0.001,0.99,6,
284,0.0,10,0.10383333333333333,4.873317084275186e-05,0.08241545408964157,0.005918850190937519,,,,,,dqn,cartpole,sparse,0.001,0.99,6,
285,0.0,10,0.10066666666666668,8.566759061068296e-05,0.07635307312011719,0.005820443853735924,,,,,,dqn,cartpole,sparse,0.001,0.99,6,
286,0.0,9,0.09750000000000003,9.839115955401212e-05,0.06973813474178314,0.007071482017636299,,,,,,dqn,cartpole,sparse,0.001,0.99,6,
287,0.0,9,0.09433333333333338,9.405640594195575e-05,0.0713152065873146,0.006272955797612667,,,,,,dqn,cartpole,sparse,0.001,0.99,6,
288,0.0,10,0.09116666666666673,4.2087329347850755e-05,0.06424818187952042,0.005062250420451164,,,,,,dqn,cartpole,sparse,0.001,0.99,6,
289,0.0,10,0.08800000000000008,3.957004810217768e-05,0.0709889754652977,0.004958491772413254,,,,,,dqn,cartpole,sparse,0.001,0.99,6,
290,0.0,9,0.08483333333333332,3.720303357113153e-05,0.07414510101079941,0.004048806149512529,,,,,,dqn,cartpole,sparse,0.001,0.99,6,
291,0.0,9,0.08166666666666667,7.817059668013826e-05,0.06917664408683777,0.007058200426399708,,,,,,dqn,cartpole,sparse,0.001,0.99,6,
292,0.0,10,0.07850000000000001,5.4044303396949545e-05,0.07692946493625641,0.00373744941316545,,,,,,dqn,cartpole,sparse,0.001,0.99,6,
293,0.0,9,0.07533333333333336,0.00010065985406981781,0.08445792645215988,0.007726820185780525,,,,,,dqn,cartpole,sparse,0.001,0.99,6,
294,0.0,11,0.07216666666666671,7.785028719808906e-05,0.061767637729644775,0.005523553118109703,,,,,,dqn,cartpole,sparse,0.001,0.99,6,
295,0.0,9,0.06900000000000006,6.593368016183376e-05,0.06260159611701965,0.006312226410955191,,,,,,dqn,cartpole,sparse,0.001,0.99,6,
296,0.0,10,0.06583333333333341,9.802713975659572e-06,0.07898762822151184,0.00274833757430315,,,,,,dqn,cartpole,sparse,0.001,0.99,6,
297,0.0,9,0.06266666666666665,5.377420166041702e-05,0.08734732866287231,0.006014343351125717,,,,,,dqn,cartpole,sparse,0.001,0.99,6,
298,0.0,10,0.0595,6.792278873035684e-05,0.07139818370342255,0.006002187728881836,,,,,,dqn,cartpole,sparse,0.001,0.99,6,
299,0.0,10,0.05633333333333346,2.931779090431519e-05,0.06960894167423248,0.003773175645619631,,,,,,dqn,cartpole,sparse,0.001,0.99,6,
300,0.0,9,0.053166666666666695,3.242849197704345e-05,0.08918231725692749,0.004545855801552534,,,0.0,0.0,9.9,dqn,cartpole,sparse,0.001,0.99,6,
301,0.0,10,0.050000000000000044,2.323230182810221e-05,0.0801350474357605,0.003508862340822816,,,,,,dqn,cartpole,sparse,0.001,0.99,6,
302,0.0,10,0.050000000000000044,6.839152047177777e-05,0.07657132297754288,0.006729221437126398,,,,,,dqn,cartpole,sparse,0.001,0.99,6,
303,0.0,8,0.050000000000000044,6.736635987181216e-05,0.08309571444988251,0.004526164382696152,,,,,,dqn,cartpole,sparse,0.001,0.99,6,
304,0.0,9,0.050000000000000044,5.808995774714276e-05,0.0657322108745575,0.006219777278602123,,,,,,dqn,cartpole,sparse,0.001,0.99,6,
305,0.0,10,0.050000000000000044,0.0001970923040062189,0.074925996363163,0.011221909895539284,,,,,,dqn,cartpole,sparse,0.001,0.99,6,
306,0.0,9,0.050000000000000044,3.5194003430660814e-05,0.07626873254776001,0.00522279366850853,,,,,,dqn,cartpole,sparse,0.001,0.99,6,
307,0.0,9,0.050000000000000044,0.00018422567518427968,0.08280046284198761,0.011649532243609428,,,,,,dqn,cartpole,sparse,0.001,0.99,6,
308,0.0,10,0.050000000000000044,0.00014473579358309507,0.06647609919309616,0.008577953092753887,,,,,,dqn,cartpole,sparse,0.001,0.99,6,
309,0.0,9,0.050000000000000044,0.00014641371672041714,0.0574210062623024,0.009002679958939552,,,,,,dqn,cartpole,sparse,0.001,0.99,6,
310,0.0,9,0.050000000000000044,5.462638000608422e-05,0.07897496223449707,0.004534604959189892,,,,,,dqn,cartpole,sparse,0.001,0.99,6,
311,0.0,11,0.050000000000000044,0.0002881933469325304,0.0724370926618576,0.019584467634558678,,,,,,dqn,cartpole,sparse,0.001,0.99,6,
312,0.0,11,0.050000000000000044,6.097651203162968e-05,0.07771171629428864,0.009969707578420639,,,,,,dqn,cartpole,sparse,0.001,0.99,6,
313,0.0,13,0.050000000000000044,0.00014705458306707442,0.08429308980703354,0.013065881095826626,,,,,,dqn,cartpole,sparse,0.001,0.99,6,
314,0.0,9,0.050000000000000044,0.0001688541378825903,0.10897144675254822,0.01657148078083992,,,,,,dqn,cartpole,sparse,0.001,0.99,6,
315,0.0,11,0.050000000000000044,7.192519842647016e-05,0.10904084146022797,0.010226580314338207,,,,,,dqn,cartpole,sparse,0.001,0.99,6,
316,0.0,10,0.050000000000000044,6.778605165891349e-05,0.08426186442375183,0.00874273106455803,,,,,,dqn,cartpole,sparse,0.001,0.99,6,
317,0.0,11,0.050000000000000044,9.916182898450643e-05,0.0890020877122879,0.012190638110041618,,,,,,dqn,cartpole,sparse,0.001,0.99,6,
318,0.0,12,0.050000000000000044,5.4910000471863896e-05,0.09219303727149963,0.007958064787089825,,,,,,dqn,cartpole,sparse,0.001,0.99,6,
319,0.0,9,0.050000000000000044,3.888904757332057e-05,0.08907803148031235,0.005271410569548607,,,,,,dqn,cartpole,sparse,0.001,0.99,6,
320,0.0,9,0.050000000000000044,3.054215630982071e-05,0.08863792568445206,0.005676149390637875,,,,,,dqn,cartpole,sparse,0.001,0.99,6,
321,0.0,9,0.050000000000000044,7.425908552249894e-05,0.08730337023735046,0.005908115301281214,,,,,,dqn,cartpole,sparse,0.001,0.99,6,
322,0.0,10,0.050000000000000044,3.352613566676155e-05,0.0934365913271904,0.005669130478054285,,,,,,dqn,cartpole,sparse,0.001,0.99,6,
323,0.0,10,0.050000000000000044,1.612978485354688e-05,0.10540223121643066,0.004235607571899891,,,,,,dqn,cartpole,sparse,0.001,0.99,6,
324,0.0,11,0.050000000000000044,2.212424442404881e-05,0.09113942086696625,0.0048750401474535465,,,,,,dqn,cartpole,sparse,0.001,0.99,6,
325,0.0,9,0.050000000000000044,4.011224882560782e-05,0.09392087161540985,0.006136857904493809,,,,,,dqn,cartpole,sparse,0.001,0.99,6,
326,0.0,11,0.050000000000000044,1.2354475984466262e-05,0.08653835952281952,0.003281350713223219,,,,,,dqn,cartpole,sparse,0.001,0.99,6,
327,0.0,10,0.050000000000000044,2.9889593861298636e-05,0.08725294470787048,0.004143094643950462,,,,,,dqn,cartpole,sparse,0.001,0.99,6,
328,0.0,11,0.050000000000000044,1.8150321920984425e-05,0.0998716950416565,0.0037013564724475145,,,,,,dqn,cartpole,sparse,0.001,0.99,6,
329,0.0,11,0.050000000000000044,2.7597594453254715e-05,0.10042154788970947,0.005161580629646778,,,,,,dqn,cartpole,sparse,0.001,0.99,6,
330,0.0,10,0.050000000000000044,1.8598197129904293e-05,0.08801327645778656,0.003417111001908779,,,,,,dqn,cartpole,sparse,0.001,0.99,6,
331,0.0,10,0.050000000000000044,2.816423148033209e-05,0.09937786310911179,0.004741470329463482,,,,,,dqn,cartpole,sparse,0.001,0.99,6,
332,0.0,10,0.050000000000000044,2.3197178961709142e-05,0.09079716354608536,0.003672689665108919,,,,,,dqn,cartpole,sparse,0.001,0.99,6,
333,0.0,10,0.050000000000000044,1.25183960335562e-05,0.0876183807849884,0.003286612220108509,,,,,,dqn,cartpole,sparse,0.001,0.99,6,
334,0.0,12,0.050000000000000044,2.3531112674390897e-05,0.1048210859298706,0.003586389124393463,,,,,,dqn,cartpole,sparse,0.001,0.99,6,
335,0.0,12,0.050000000000000044,4.530457590590231e-05,0.09076149761676788,0.004833986051380634,,,,,,dqn,cartpole,sparse,0.001,0.99,6,
336,0.0,11,0.050000000000000044,1.1265384273428936e-05,0.09670116007328033,0.003420595545321703,,,,,,dqn,cartpole,sparse,0.001,0.99,6,
337,0.0,12,0.050000000000000044,1.9693323338287883e-05,0.0976005345582962,0.004462649580091238,,,,,,dqn,cartpole,sparse,0.001,0.99,6,
338,0.0,10,0.050000000000000044,2.1043084416305646e-05,0.0841551274061203,0.0036815423518419266,,,,,,dqn,cartpole,sparse,0.001,0.99,6,
339,0.0,12,0.050000000000000044,2.1789724996779114e-05,0.09113205969333649,0.0043209996074438095,,,,,,dqn,cartpole,sparse,0.001,0.99,6,
340,0.0,10,0.050000000000000044,1.7759111869963817e-05,0.08273161947727203,0.003230480710044503,,,,,,dqn,cartpole,sparse,0.001,0.99,6,
341,0.0,13,0.050000000000000044,2.4188497263821773e-05,0.08994045853614807,0.004325443413108587,,,,,,dqn,cartpole,sparse,0.001,0.99,6,
342,0.0,11,0.050000000000000044,6.58020644550561e-06,0.08699378371238708,0.002366820815950632,,,,,,dqn,cartpole,sparse,0.001,0.99,6,
343,0.0,10,0.050000000000000044,1.1792937584687024e-05,0.09823285788297653,0.0032688085921108723,,,,,,dqn,cartpole,sparse,0.001,0.99,6,
344,0.0,12,0.050000000000000044,3.4181797673227265e-05,0.08943821489810944,0.003780677681788802,,,,,,dqn,cartpole,sparse,0.001,0.99,6,
345,0.0,11,0.050000000000000044,2.502544884919189e-05,0.09118641167879105,0.003243695944547653,,,,,,dqn,cartpole,sparse,0.001,0.99,6,
346,0.0,12,0.050000000000000044,8.835068001644686e-06,0.08202622830867767,0.0024380688555538654,,,,,,dqn,cartpole,sparse,0.001,0.99,6,
347,0.0,10,0.050000000000000044,5.576480816671392e-06,0.0983683243393898,0.0026879829820245504,,,,,,dqn,cartpole,sparse,0.001,0.99,6,
348,0.0,9,0.050000000000000044,1.6122576198540628e-05,0.07802951335906982,0.0029957029037177563,,,,,,dqn,cartpole,sparse,0.001,0.99,6,
349,0.0,12,0.050000000000000044,3.2607138564344496e-05,0.09418880939483643,0.003399159759283066,,,,,,dqn,cartpole,sparse,0.001,0.99,6,
350,0.0,12,0.050000000000000044,1.8160171748604625e-05,0.09687258303165436,0.0033028763718903065,,,0.0,0.0,10.2,dqn,cartpole,sparse,0.001,0.99,6,
351,0.0,9,0.050000000000000044,3.5103948903270066e-05,0.09104997664690018,0.003944235388189554,,,,,,dqn,cartpole,sparse,0.001,0.99,6,
352,0.0,11,0.050000000000000044,2.5488496248726733e-05,0.08659017086029053,0.0037841140292584896,,,,,,dqn,cartpole,sparse,0.001,0.99,6,
353,0.0,14,0.050000000000000044,2.592622877273243e-05,0.09090827405452728,0.0037667793221771717,,,,,,dqn,cartpole,sparse,0.001,0.99,6,
354,0.0,10,0.050000000000000044,1.0508256309549324e-05,0.07749267667531967,0.0031395787373185158,,,,,,dqn,cartpole,sparse,0.001,0.99,6,
355,0.0,10,0.050000000000000044,1.714352038106881e-05,0.09927026927471161,0.0031464314088225365,,,,,,dqn,cartpole,sparse,0.001,0.99,6,
356,0.0,10,0.050000000000000044,3.086152719333768e-05,0.08445464074611664,0.0035355316940695047,,,,,,dqn,cartpole,sparse,0.001,0.99,6,
357,0.0,10,0.050000000000000044,1.720070213195868e-05,0.08454140275716782,0.0034767817705869675,,,,,,dqn,cartpole,sparse,0.001,0.99,6,
358,0.0,11,0.050000000000000044,2.894298086175695e-05,0.0691019594669342,0.004296866245567799,,,,,,dqn,cartpole,sparse,0.001,0.99,6,
359,0.0,10,0.050000000000000044,2.4746892449911684e-05,0.09080373495817184,0.0040746768936514854,,,,,,dqn,cartpole,sparse,0.001,0.99,6,
360,0.0,9,0.050000000000000044,6.39268819213612e-06,0.09159807115793228,0.0023114746436476707,,,,,,dqn,cartpole,sparse,0.001,0.99,6,
361,0.0,10,0.050000000000000044,9.397077519679442e-06,0.08958961069583893,0.002169885905459523,,,,,,dqn,cartpole,sparse,0.001,0.99,6,
362,0.0,11,0.050000000000000044,2.3382553990813904e-05,0.09392650425434113,0.003185008652508259,,,,,,dqn,cartpole,sparse,0.001,0.99,6,
363,0.0,14,0.050000000000000044,2.5697432647575624e-05,0.09788447618484497,0.0036144591867923737,,,,,,dqn,cartpole,sparse,0.001,0.99,6,
364,0.0,11,0.050000000000000044,6.971733455429785e-06,0.09560437500476837,0.002045995555818081,,,,,,dqn,cartpole,sparse,0.001,0.99,6,
365,0.0,11,0.050000000000000044,1.5927678759908304e-05,0.08266830444335938,0.0029847489204257727,,,,,,dqn,cartpole,sparse,0.001,0.99,6,
366,0.0,12,0.050000000000000044,2.3482757569581736e-06,0.10415694117546082,0.0015967607032507658,,,,,,dqn,cartpole,sparse,0.001,0.99,6,
367,0.0,10,0.050000000000000044,2.853826663340442e-05,0.09152372181415558,0.003338649170473218,,,,,,dqn,cartpole,sparse,0.001,0.99,6,
368,0.0,11,0.050000000000000044,2.4762333850958385e-05,0.11000482738018036,0.0034523801878094673,,,,,,dqn,cartpole,sparse,0.001,0.99,6,
369,0.0,12,0.050000000000000044,1.7533537175040692e-05,0.08465813845396042,0.0032620897982269526,,,,,,dqn,cartpole,sparse,0.001,0.99,6,
370,0.0,10,0.050000000000000044,3.931644641852472e-06,0.10466097295284271,0.002198571804910898,,,,,,dqn,cartpole,sparse,0.001,0.99,6,
371,0.0,10,0.050000000000000044,2.4220014893217012e-05,0.10341332107782364,0.0032503223046660423,,,,,,dqn,cartpole,sparse,0.001,0.99,6,
372,0.0,13,0.050000000000000044,9.196941391564906e-06,0.10766198486089706,0.0031544945668429136,,,,,,dqn,cartpole,sparse,0.001,0.99,6,
373,0.0,12,0.050000000000000044,1.7591095456737094e-05,0.09203173220157623,0.002778185997158289,,,,,,dqn,cartpole,sparse,0.001,0.99,6,
374,0.0,11,0.050000000000000044,1.905250064737629e-05,0.08576717227697372,0.003148626070469618,,,,,,dqn,cartpole,sparse,0.001,0.99,6,
375,0.0,12,0.050000000000000044,1.5573337805108167e-05,0.09481314569711685,0.0029599606059491634,,,,,,dqn,cartpole,sparse,0.001,0.99,6,
376,0.0,11,0.050000000000000044,2.155826223315671e-05,0.09948308765888214,0.003448039758950472,,,,,,dqn,cartpole,sparse,0.001,0.99,6,
377,0.0,11,0.050000000000000044,4.1027979023056105e-06,0.11948667466640472,0.0019185980781912804,,,,,,dqn,cartpole,sparse,0.001,0.99,6,
378,0.0,11,0.050000000000000044,5.328009137883782e-06,0.08358719944953918,0.0020261474419385195,,,,,,dqn,cartpole,sparse,0.001,0.99,6,
379,0.0,10,0.050000000000000044,2.435247370158322e-05,0.0855102688074112,0.0035036923363804817,,,,,,dqn,cartpole,sparse,0.001,0.99,6,
380,0.0,11,0.050000000000000044,1.1687450751196593e-05,0.09120415151119232,0.0030288975685834885,,,,,,dqn,cartpole,sparse,0.001,0.99,6,
381,0.0,12,0.050000000000000044,2.4403390852967277e-05,0.09147453308105469,0.0027451252099126577,,,,,,dqn,cartpole,sparse,0.001,0.99,6,
382,0.0,10,0.050000000000000044,3.4981185308424756e-06,0.10068874061107635,0.0018320467788726091,,,,,,dqn,cartpole,sparse,0.001,0.99,6,
383,0.0,10,0.050000000000000044,3.170676791341975e-05,0.09274217486381531,0.004269557539373636,,,,,,dqn,cartpole,sparse,0.001,0.99,6,
384,0.0,10,0.050000000000000044,2.593350291135721e-05,0.09947545826435089,0.005047909449785948,,,,,,dqn,cartpole,sparse,0.001,0.99,6,
385,0.0,11,0.050000000000000044,1.0559811926214024e-05,0.10077086091041565,0.0027547760400921106,,,,,,dqn,cartpole,sparse,0.001,0.99,6,
386,0.0,11,0.050000000000000044,1.1391430234652944e-05,0.10249587893486023,0.0028731334023177624,,,,,,dqn,cartpole,sparse,0.001,0.99,6,
387,0.0,12,0.050000000000000044,1.0868669050978497e-05,0.09837613999843597,0.0031583146192133427,,,,,,dqn,cartpole,sparse,0.001,0.99,6,
388,0.0,11,0.050000000000000044,1.2034284736728296e-05,0.08807124942541122,0.0028198508080095053,,,,,,dqn,cartpole,sparse,0.001,0.99,6,
389,0.0,10,0.050000000000000044,1.2161943232058547e-05,0.09304767847061157,0.0028532929718494415,,,,,,dqn,cartpole,sparse,0.001,0.99,6,
390,0.0,9,0.050000000000000044,7.540653314208612e-06,0.09191234409809113,0.0026136040687561035,,,,,,dqn,cartpole,sparse,0.001,0.99,6,
391,0.0,10,0.050000000000000044,5.357023837859742e-06,0.10398107767105103,0.001977059757336974,,,,,,dqn,cartpole,sparse,0.001,0.99,6,
392,0.0,12,0.050000000000000044,2.439258423692081e-05,0.09043648838996887,0.003866716520860791,,,,,,dqn,cartpole,sparse,0.001,0.99,6,
393,0.0,10,0.050000000000000044,1.3534965546568856e-05,0.09126576781272888,0.002876011189073324,,,,,,dqn,cartpole,sparse,0.001,0.99,6,
394,0.0,10,0.050000000000000044,8.098948455881327e-06,0.09672152251005173,0.0022794620599597692,,,,,,dqn,cartpole,sparse,0.001,0.99,6,
395,0.0,10,0.050000000000000044,1.1171630831086077e-05,0.08605212718248367,0.0021842019632458687,,,,,,dqn,cartpole,sparse,0.001,0.99,6,
396,0.0,10,0.050000000000000044,1.1501933840918355e-05,0.09277285635471344,0.0022791314404457808,,,,,,dqn,cartpole,sparse,0.001,0.99,6,
397,0.0,12,0.050000000000000044,8.12283451523399e-06,0.09609930962324142,0.0020906543359160423,,,,,,dqn,cartpole,sparse,0.001,0.99,6,
398,0.0,12,0.050000000000000044,4.766518031829037e-06,0.10770617425441742,0.0016635950887575746,,,,,,dqn,cartpole,sparse,0.001,0.99,6,
399,0.0,13,0.050000000000000044,1.1602058293647133e-05,0.10528935492038727,0.002631649374961853,,,,,,dqn,cartpole,sparse,0.001,0.99,6,
400,0.0,9,0.050000000000000044,7.642714990652166e-06,0.08270415663719177,0.002298166276887059,,,0.0,0.0,10.7,dqn,cartpole,sparse,0.001,0.99,6,
401,0.0,11,0.050000000000000044,1.2826048987335525e-05,0.09775348752737045,0.00273344200104475,,,,,,dqn,cartpole,sparse,0.001,0.99,6,
402,0.0,10,0.050000000000000044,2.6624504243955016e-05,0.10746543109416962,0.0033402235712856054,,,,,,dqn,cartpole,sparse,0.001,0.99,6,
403,0.0,11,0.050000000000000044,1.6260599295492284e-05,0.09376081079244614,0.0026056321803480387,,,,,,dqn,cartpole,sparse,0.001,0.99,6,
404,0.0,10,0.050000000000000044,8.33603371575009e-06,0.10022691637277603,0.0024050932843238115,,,,,,dqn,cartpole,sparse,0.001,0.99,6,
405,0.0,11,0.050000000000000044,1.2471848094719462e-05,0.08542641997337341,0.0024620566982775927,,,,,,dqn,cartpole,sparse,0.001,0.99,6,
406,0.0,11,0.050000000000000044,1.3495633538695984e-05,0.10179674625396729,0.002370255533605814,,,,,,dqn,cartpole,sparse,0.001,0.99,6,
407,0.0,9,0.050000000000000044,8.91047420736868e-06,0.09366995096206665,0.0020810191053897142,,,,,,dqn,cartpole,sparse,0.001,0.99,6,
408,0.0,10,0.050000000000000044,4.400784382596612e-05,0.0924900472164154,0.004210270941257477,,,,,,dqn,cartpole,sparse,0.001,0.99,6,
409,0.0,11,0.050000000000000044,6.158267751743551e-06,0.09201004356145859,0.0021577919833362103,,,,,,dqn,cartpole,sparse,0.001,0.99,6,
410,0.0,11,0.050000000000000044,6.034779744368279e-06,0.09963452816009521,0.0021235374733805656,,,,,,dqn,cartpole,sparse,0.001,0.99,6,
411,0.0,12,0.050000000000000044,1.3878016943635885e-05,0.09725043922662735,0.0027376175858080387,,,,,,dqn,cartpole,sparse,0.001,0.99,6,
412,0.0,10,0.050000000000000044,2.555699393269606e-05,0.10088212788105011,0.0032996460795402527,,,,,,dqn,cartpole,sparse,0.001,0.99,6,
413,0.0,10,0.050000000000000044,1.0034942533820868e-05,0.095518559217453,0.0027853152714669704,,,,,,dqn,cartpole,sparse,0.001,0.99,6,
414,0.0,12,0.050000000000000044,1.6208989109145477e-05,0.09438423067331314,0.0033512008376419544,,,,,,dqn,cartpole,sparse,0.001,0.99,6,
415,0.0,11,0.050000000000000044,1.1295013791823294e-05,0.09875716269016266,0.0035787809174507856,,,,,,dqn,cartpole,sparse,0.001,0.99,6,
416,0.0,12,0.050000000000000044,6.759467396477703e-06,0.0986093133687973,0.002129501197487116,,,,,,dqn,cartpole,sparse,0.001,0.99,6,
417,0.0,10,0.050000000000000044,8.703925232111942e-06,0.08752790093421936,0.0026398063637316227,,,,,,dqn,cartpole,sparse,0.001,0.99,6,
418,0.0,14,0.050000000000000044,8.183686077245511e-06,0.09536482393741608,0.002269439399242401,,,,,,dqn,cartpole,sparse,0.001,0.99,6,
419,0.0,10,0.050000000000000044,3.3493892260594293e-05,0.09340092539787292,0.0033812029287219048,,,,,,dqn,cartpole,sparse,0.001,0.99,6,
420,0.0,11,0.050000000000000044,2.137425690307282e-05,0.10521771013736725,0.004250619560480118,,,,,,dqn,cartpole,sparse,0.001,0.99,6,
421,0.0,11,0.050000000000000044,2.4782762920949608e-05,0.07864223420619965,0.003653059946373105,,,,,,dqn,cartpole,sparse,0.001,0.99,6,
422,0.0,11,0.050000000000000044,1.830404653446749e-05,0.0833275318145752,0.0041010091081261635,,,,,,dqn,cartpole,sparse,0.001,0.99,6,
423,0.0,10,0.050000000000000044,2.165618207072839e-05,0.09128502011299133,0.0038509205915033817,,,,,,dqn,cartpole,sparse,0.001,0.99,6,
424,0.0,10,0.050000000000000044,1.120121123676654e-05,0.10640949010848999,0.003033118788152933,,,,,,dqn,cartpole,sparse,0.001,0.99,6,
425,0.0,13,0.050000000000000044,4.1096289351116866e-05,0.08938054740428925,0.004371478222310543,,,,,,dqn,cartpole,sparse,0.001,0.99,6,
426,0.0,12,0.050000000000000044,2.7455920644570142e-05,0.08946983516216278,0.003984134644269943,,,,,,dqn,cartpole,sparse,0.001,0.99,6,
427,0.0,11,0.050000000000000044,8.548384357709438e-06,0.1049875020980835,0.002372093265876174,,,,,,dqn,cartpole,sparse,0.001,0.99,6,
428,0.0,9,0.050000000000000044,5.48467505723238e-06,0.09190811216831207,0.002076178789138794,,,,,,dqn,cartpole,sparse,0.001,0.99,6,
429,0.0,10,0.050000000000000044,5.095513188280165e-06,0.08457329869270325,0.0018774527125060558,,,,,,dqn,cartpole,sparse,0.001,0.99,6,
430,0.0,13,0.050000000000000044,1.0226584890915547e-05,0.09686866402626038,0.0022346738260239363,,,,,,dqn,cartpole,sparse,0.001,0.99,6,
431,0.0,11,0.050000000000000044,1.725275615171995e-05,0.089631088078022,0.0033669760450720787,,,,,,dqn,cartpole,sparse,0.001,0.99,6,
432,0.0,9,0.050000000000000044,2.170330481021665e-05,0.09660473465919495,0.0031349072232842445,,,,,,dqn,cartpole,sparse,0.001,0.99,6,
433,0.0,11,0.050000000000000044,2.4639984985697083e-05,0.08712911605834961,0.0036045636516064405,,,,,,dqn,cartpole,sparse,0.001,0.99,6,
434,0.0,10,0.050000000000000044,2.9686994821531698e-05,0.09149636328220367,0.0034586437977850437,,,,,,dqn,cartpole,sparse,0.001,0.99,6,
435,0.0,11,0.050000000000000044,1.3678352843271568e-05,0.09505490958690643,0.0028413538821041584,,,,,,dqn,cartpole,sparse,0.001,0.99,6,
436,0.0,13,0.050000000000000044,8.50748983793892e-06,0.09960629791021347,0.0023086988367140293,,,,,,dqn,cartpole,sparse,0.001,0.99,6,
437,0.0,10,0.050000000000000044,2.6790741685545072e-05,0.10304532945156097,0.0033963769674301147,,,,,,dqn,cartpole,sparse,0.001,0.99,6,
438,0.0,10,0.050000000000000044,1.949842226167675e-05,0.09235428273677826,0.00409920047968626,,,,,,dqn,cartpole,sparse,0.001,0.99,6,
439,0.0,11,0.050000000000000044,2.5656443540356122e-05,0.08518265932798386,0.0035343756899237633,,,,,,dqn,cartpole,sparse,0.001,0.99,6,
440,0.0,10,0.050000000000000044,2.2079140762798488e-05,0.09313152730464935,0.004018779844045639,,,,,,dqn,cartpole,sparse,0.001,0.99,6,
441,0.0,10,0.050000000000000044,1.7196642147609964e-05,0.09963744878768921,0.002896602964028716,,,,,,dqn,cartpole,sparse,0.001,0.99,6,
442,0.0,13,0.050000000000000044,2.4145458155544475e-05,0.082787424325943,0.005165928043425083,,,,,,dqn,cartpole,sparse,0.001,0.99,6,
443,0.0,10,0.050000000000000044,3.7873305700486526e-06,0.10784504562616348,0.002161272568628192,,,,,,dqn,cartpole,sparse,0.001,0.99,6,
444,0.0,9,0.050000000000000044,9.730028978083283e-06,0.101263627409935,0.002848387695848942,,,,,,dqn,cartpole,sparse,0.001,0.99,6,
445,0.0,12,0.050000000000000044,4.2727474465209525e-06,0.09157393127679825,0.0017526070587337017,,,,,,dqn,cartpole,sparse,0.001,0.99,6,
446,0.0,9,0.050000000000000044,1.6902493371162564e-05,0.08941720426082611,0.003013666020706296,,,,,,dqn,cartpole,sparse,0.001,0.99,6,
447,0.0,10,0.050000000000000044,3.198827926098602e-06,0.10282433032989502,0.0017928762827068567,,,,,,dqn,cartpole,sparse,0.001,0.99,6,
448,0.0,11,0.050000000000000044,2.2992473532212898e-05,0.08867072314023972,0.003670299192890525,,,,,,dqn,cartpole,sparse,0.001,0.99,6,
449,0.0,9,0.050000000000000044,1.2762088772433344e-05,0.09405374526977539,0.0025436487048864365,,,,,,dqn,cartpole,sparse,0.001,0.99,6,
450,0.0,10,0.050000000000000044,1.0741869118646719e-06,0.11760246753692627,0.0010528061538934708,,,0.0,0.0,10.5,dqn,cartpole,sparse,0.001,0.99,6,
451,0.0,10,0.050000000000000044,9.474902981310152e-06,0.09995847940444946,0.0021701569203287363,,,,,,dqn,cartpole,sparse,0.001,0.99,6,
452,0.0,13,0.050000000000000044,5.0585026656335685e-06,0.0990646481513977,0.0020699359010905027,,,,,,dqn,cartpole,sparse,0.001,0.99,6,
453,0.0,11,0.050000000000000044,2.01901639229618e-05,0.0914502888917923,0.0036495369859039783,,,,,,dqn,cartpole,sparse,0.001,0.99,6,
454,0.0,11,0.050000000000000044,9.073619366972707e-06,0.1085909903049469,0.0022530965507030487,,,,,,dqn,cartpole,sparse,0.001,0.99,6,
455,0.0,11,0.050000000000000044,1.5836043530725874e-05,0.0945233702659607,0.002605218905955553,,,,,,dqn,cartpole,sparse,0.001,0.99,6,
456,0.0,10,0.050000000000000044,1.5941546735120937e-05,0.1018555611371994,0.0034704022109508514,,,,,,dqn,cartpole,sparse,0.001,0.99,6,
457,0.0,10,0.050000000000000044,1.2047878044540994e-05,0.07829958200454712,0.0031329048797488213,,,,,,dqn,cartpole,sparse,0.001,0.99,6,
458,0.0,12,0.050000000000000044,8.091640665952582e-06,0.09657828509807587,0.002055264776572585,,,,,,dqn,cartpole,sparse,0.001,0.99,6,
459,0.0,10,0.050000000000000044,2.4713312086532824e-05,0.09490016102790833,0.003943368326872587,,,,,,dqn,cartpole,sparse,0.001,0.99,6,
460,0.0,11,0.050000000000000044,6.711459718644619e-06,0.09575921297073364,0.0024181485641747713,,,,,,dqn,cartpole,sparse,0.001,0.99,6,
461,0.0,10,0.050000000000000044,1.53290166053921e-05,0.0923299565911293,0.0031065207440406084,,,,,,dqn,cartpole,sparse,0.001,0.99,6,
462,0.0,10,0.050000000000000044,5.756254722655285e-06,0.09806840866804123,0.002023485256358981,,,,,,dqn,cartpole,sparse,0.001,0.99,6,
463,0.0,10,0.050000000000000044,1.3927859981777146e-05,0.09434843808412552,0.002533074002712965,,,,,,dqn,cartpole,sparse,0.001,0.99,6,
464,0.0,10,0.050000000000000044,2.4368691811105236e-05,0.09853404015302658,0.0032303566113114357,,,,,,dqn,cartpole,sparse,0.001,0.99,6,
465,0.0,10,0.050000000000000044,1.2389867151796352e-05,0.09183427691459656,0.0023229809012264013,,,,,,dqn,cartpole,sparse,0.001,0.99,6,
466,0.0,11,0.050000000000000044,1.9325483663124032e-05,0.09626971930265427,0.003555427771061659,,,,,,dqn,cartpole,sparse,0.001,0.99,6,
467,0.0,12,0.050000000000000044,2.691288318601437e-05,0.09032072126865387,0.003952370025217533,,,,,,dqn,cartpole,sparse,0.001,0.99,6,
468,0.0,10,0.050000000000000044,3.477220889180899e-05,0.1009233221411705,0.004244590178132057,,,,,,dqn,cartpole,sparse,0.001,0.99,6,
469,0.0,10,0.050000000000000044,1.234399951499654e-05,0.0990796834230423,0.001938236877322197,,,,,,dqn,cartpole,sparse,0.001,0.99,6,
470,0.0,11,0.050000000000000044,2.7969546863459982e-05,0.08915931731462479,0.004332986194640398,,,,,,dqn,cartpole,sparse,0.001,0.99,6,
471,0.0,10,0.050000000000000044,1.6765141481300816e-05,0.10188686847686768,0.0028059061150997877,,,,,,dqn,cartpole,sparse,0.001,0.99,6,
472,0.0,9,0.050000000000000044,1.2459929166652728e-05,0.08684007823467255,0.002516847336664796,,,,,,dqn,cartpole,sparse,0.001,0.99,6,
473,0.0,11,0.050000000000000044,4.174280184088275e-05,0.10838770866394043,0.004477869253605604,,,,,,dqn,cartpole,sparse,0.001,0.99,6,
474,0.0,9,0.050000000000000044,4.559463377518114e-06,0.10357322543859482,0.0022095690947026014,,,,,,dqn,cartpole,sparse,0.001,0.99,6,
475,0.0,10,0.050000000000000044,3.0476396659651073e-06,0.09259033203125,0.0016516793984919786,,,,,,dqn,cartpole,sparse,0.001,0.99,6,
476,0.0,11,0.050000000000000044,2.2456966689787805e-05,0.09631049633026123,0.0038468774873763323,,,,,,dqn,cartpole,sparse,0.001,0.99,6,
477,0.0,10,0.050000000000000044,1.1367621482349932e-05,0.08794812858104706,0.0028140870854258537,,,,,,dqn,cartpole,sparse,0.001,0.99,6,
478,0.0,10,0.050000000000000044,3.510793612804264e-05,0.08503465354442596,0.004615208134055138,,,,,,dqn,cartpole,sparse,0.001,0.99,6,
479,0.0,10,0.050000000000000044,6.913307061040541e-06,0.11110330373048782,0.0019711805507540703,,,,,,dqn,cartpole,sparse,0.001,0.99,6,
480,0.0,9,0.050000000000000044,8.02880367700709e-06,0.1117841824889183,0.0022986438125371933,,,,,,dqn,cartpole,sparse,0.001,0.99,6,
481,0.0,12,0.050000000000000044,1.137701292464044e-05,0.10915881395339966,0.0021178661845624447,,,,,,dqn,cartpole,sparse,0.001,0.99,6,
482,0.0,11,0.050000000000000044,4.1550229070708156e-05,0.10634453594684601,0.0038275732658803463,,,,,,dqn,cartpole,sparse,0.001,0.99,6,
483,0.0,9,0.050000000000000044,1.7867223505163565e-05,0.09430791437625885,0.0028740232810378075,,,,,,dqn,cartpole,sparse,0.001,0.99,6,
484,0.0,10,0.050000000000000044,1.3721995856030844e-05,0.11327759921550751,0.0029468100983649492,,,,,,dqn,cartpole,sparse,0.001,0.99,6,
485,0.0,9,0.050000000000000044,9.208892151946202e-06,0.09744974970817566,0.0023995302617549896,,,,,,dqn,cartpole,sparse,0.001,0.99,6,
486,0.0,15,0.050000000000000044,6.387660505424719e-06,0.10064806044101715,0.002507735276594758,,,,,,dqn,cartpole,sparse,0.001,0.99,6,
487,0.0,11,0.050000000000000044,1.0837557056220248e-05,0.08527673780918121,0.0024348050355911255,,,,,,dqn,cartpole,sparse,0.001,0.99,6,
488,0.0,11,0.050000000000000044,7.414501851599198e-06,0.0825827568769455,0.0027822477277368307,,,,,,dqn,cartpole,sparse,0.001,0.99,6,
489,0.0,10,0.050000000000000044,2.7837431844091043e-05,0.09226161241531372,0.003324878867715597,,,,,,dqn,cartpole,sparse,0.001,0.99,6,
490,0.0,11,0.050000000000000044,9.785718248167541e-06,0.10095437616109848,0.0025983904488384724,,,,,,dqn,cartpole,sparse,0.001,0.99,6,
491,0.0,12,0.050000000000000044,2.1314277546480298e-05,0.10307581722736359,0.00326523813419044,,,,,,dqn,cartpole,sparse,0.001,0.99,6,
492,0.0,11,0.050000000000000044,9.619412594474852e-06,0.10013172030448914,0.0029411055147647858,,,,,,dqn,cartpole,sparse,0.001,0.99,6,
493,0.0,11,0.050000000000000044,2.6172630896326154e-05,0.10306702554225922,0.003348878351971507,,,,,,dqn,cartpole,sparse,0.001,0.99,6,
494,0.0,11,0.050000000000000044,1.4140839084575418e-05,0.10750768333673477,0.0025127860717475414,,,,,,dqn,cartpole,sparse,0.001,0.99,6,
495,0.0,10,0.050000000000000044,1.2195526323921513e-05,0.11897243559360504,0.0024108707439154387,,,,,,dqn,cartpole,sparse,0.001,0.99,6,
496,0.0,10,0.050000000000000044,2.633353869896382e-05,0.10782424360513687,0.0036828438751399517,,,,,,dqn,cartpole,sparse,0.001,0.99,6,
497,0.0,11,0.050000000000000044,0.0003352111089043319,0.08285257965326309,0.021577799692749977,,,,,,dqn,cartpole,sparse,0.001,0.99,6,
498,0.0,11,0.050000000000000044,0.0001818025193642825,0.08233238756656647,0.015092706307768822,,,,,,dqn,cartpole,sparse,0.001,0.99,6,
499,0.0,10,0.050000000000000044,0.0001251303474418819,0.09930464625358582,0.010853322222828865,,,,,,dqn,cartpole,sparse,0.001,0.99,6,
500,0.0,13,0.050000000000000044,0.00010876199667109177,0.11583252251148224,0.013646133244037628,,,0.0,0.0,16.3,dqn,cartpole,sparse,0.001,0.99,6,
501,0.0,19,0.050000000000000044,0.00010468401887919754,0.08871667087078094,0.011089162901043892,,,,,,dqn,cartpole,sparse,0.001,0.99,6,
502,0.0,13,0.050000000000000044,7.219291728688404e-05,0.09631338715553284,0.007642095908522606,,,,,,dqn,cartpole,sparse,0.001,0.99,6,
503,0.0,10,0.050000000000000044,0.0001151789037976414,0.08859833329916,0.010422827675938606,,,,,,dqn,cartpole,sparse,0.001,0.99,6,
504,0.0,13,0.050000000000000044,4.8577414418105036e-05,0.08662760257720947,0.007095379754900932,,,,,,dqn,cartpole,sparse,0.001,0.99,6,
505,0.0,34,0.050000000000000044,6.21838917140849e-05,0.08766663074493408,0.0058499290607869625,,,,,,dqn,cartpole,sparse,0.001,0.99,6,
506,0.0,14,0.050000000000000044,1.9229990357416682e-05,0.09781676530838013,0.004611942917108536,,,,,,dqn,cartpole,sparse,0.001,0.99,6,
507,0.0,9,0.050000000000000044,3.348175232531503e-05,0.09673834592103958,0.005957374349236488,,,,,,dqn,cartpole,sparse,0.001,0.99,6,
508,0.0,37,0.050000000000000044,1.837508170865476e-05,0.09265481680631638,0.004134699702262878,,,,,,dqn,cartpole,sparse,0.001,0.99,6,
509,0.0,51,0.050000000000000044,1.3193287486501504e-05,0.09665857255458832,0.0033280448988080025,,,,,,dqn,cartpole,sparse,0.001,0.99,6,
510,0.0,39,0.050000000000000044,2.0620935174520127e-05,0.09025141596794128,0.0035470384173095226,,,,,,dqn,cartpole,sparse,0.001,0.99,6,
511,0.0,12,0.050000000000000044,1.6855334251886234e-05,0.10351410508155823,0.004356545861810446,,,,,,dqn,cartpole,sparse,0.001,0.99,6,
512,0.0,12,0.050000000000000044,1.0295734682586044e-05,0.09367586672306061,0.003257072065025568,,,,,,dqn,cartpole,sparse,0.001,0.99,6,
513,0.0,42,0.050000000000000044,3.7888741644565016e-05,0.09174802899360657,0.005432766862213612,,,,,,dqn,cartpole,sparse,0.001,0.99,6,
514,0.0,47,0.050000000000000044,1.526872620161157e-05,0.1011645495891571,0.003735974431037903,,,,,,dqn,cartpole,sparse,0.001,0.99,6,
515,0.0,36,0.050000000000000044,1.205530952574918e-05,0.09085124731063843,0.0029604770243167877,,,,,,dqn,cartpole,sparse,0.001,0.99,6,
516,0.0,36,0.050000000000000044,5.9646940826496575e-06,0.10479099303483963,0.0025709907058626413,,,,,,dqn,cartpole,sparse,0.001,0.99,6,
517,0.0,50,0.050000000000000044,1.969258300960064e-05,0.09557363390922546,0.003250258043408394,,,,,,dqn,cartpole,sparse,0.001,0.99,6,
518,0.0,35,0.050000000000000044,2.181901436415501e-05,0.09038916230201721,0.004079907666891813,,,,,,dqn,cartpole,sparse,0.001,0.99,6,
519,0.0,39,0.050000000000000044,1.5050169167807326e-05,0.10101518034934998,0.0035787031520158052,,,,,,dqn,cartpole,sparse,0.001,0.99,6,
520,0.0,36,0.050000000000000044,1.4496898984361906e-05,0.10345948487520218,0.003070380538702011,,,,,,dqn,cartpole,sparse,0.001,0.99,6,
521,0.0,39,0.050000000000000044,1.2382621207507327e-05,0.09950528293848038,0.0032911719754338264,,,,,,dqn,cartpole,sparse,0.001,0.99,6,
522,0.0,42,0.050000000000000044,1.0262533578497823e-05,0.09631702303886414,0.0030046794563531876,,,,,,dqn,cartpole,sparse,0.001,0.99,6,
523,0.0,40,0.050000000000000044,1.8997121514985338e-05,0.08800050616264343,0.0038678166456520557,,,,,,dqn,cartpole,sparse,0.001,0.99,6,
524,0.0,38,0.050000000000000044,8.501689080731012e-06,0.08940959721803665,0.002666237996891141,,,,,,dqn,cartpole,sparse,0.001,0.99,6,
525,0.0,35,0.050000000000000044,2.5642162654548883e-05,0.08966483920812607,0.00402988214045763,,,,,,dqn,cartpole,sparse,0.001,0.99,6,
526,0.0,19,0.050000000000000044,9.250557013729122e-06,0.09897472709417343,0.003333717817440629,,,,,,dqn,cartpole,sparse,0.001,0.99,6,
527,0.0,32,0.050000000000000044,6.079449576645857e-06,0.10553007572889328,0.002435185480862856,,,,,,dqn,cartpole,sparse,0.001,0.99,6,
528,0.0,48,0.050000000000000044,8.223963959608227e-06,0.09796422719955444,0.0027441021520644426,,,,,,dqn,cartpole,sparse,0.001,0.99,6,
529,0.0,13,0.050000000000000044,1.3530127034755424e-05,0.09521787613630295,0.0038467058911919594,,,,,,dqn,cartpole,sparse,0.001,0.99,6,
530,0.0,33,0.050000000000000044,4.966193046129774e-06,0.10196428745985031,0.002354424213990569,,,,,,dqn,cartpole,sparse,0.001,0.99,6,
531,0.0,40,0.050000000000000044,1.1870179150719196e-05,0.10872282832860947,0.0029655592516064644,,,,,,dqn,cartpole,sparse,0.001,0.99,6,
532,0.0,35,0.050000000000000044,1.5951882232911885e-05,0.09077753126621246,0.0036333189345896244,,,,,,dqn,cartpole,sparse,0.001,0.99,6,
533,0.0,34,0.050000000000000044,1.2756827345583588e-05,0.09530028700828552,0.0026014531031250954,,,,,,dqn,cartpole,sparse,0.001,0.99,6,
534,0.0,43,0.050000000000000044,1.0710924470913596e-05,0.09827154874801636,0.002859273226931691,,,,,,dqn,cartpole,sparse,0.001,0.99,6,
535,0.0,31,0.050000000000000044,1.1219241969229188e-05,0.08941951394081116,0.0025272073689848185,,,,,,dqn,cartpole,sparse,0.001,0.99,6,
536,0.0,47,0.050000000000000044,3.7659516237908974e-05,0.08941143751144409,0.004308509640395641,,,,,,dqn,cartpole,sparse,0.001,0.99,6,
537,0.0,48,0.050000000000000044,5.108949153509457e-06,0.10451361536979675,0.002115104580298066,,,,,,dqn,cartpole,sparse,0.001,0.99,6,
538,0.0,36,0.050000000000000044,1.3980183211970143e-05,0.09247268736362457,0.002708152402192354,,,,,,dqn,cartpole,sparse,0.001,0.99,6,
539,0.0,26,0.050000000000000044,1.53197324834764e-05,0.08868152648210526,0.003283082041889429,,,,,,dqn,cartpole,sparse,0.001,0.99,6,
540,0.0,12,0.050000000000000044,1.2624106602743268e-05,0.08983028680086136,0.0029930814635008574,,,,,,dqn,cartpole,sparse,0.001,0.99,6,
541,0.0,10,0.050000000000000044,2.8959486371604726e-05,0.09788433462381363,0.003878982737660408,,,,,,dqn,cartpole,sparse,0.001,0.99,6,
542,0.0,37,0.050000000000000044,1.1010905836883467e-05,0.08799447119235992,0.0027896049432456493,,,,,,dqn,cartpole,sparse,0.001,0.99,6,
543,0.0,35,0.050000000000000044,1.7824531823862344e-05,0.0923573225736618,0.003525619860738516,,,,,,dqn,cartpole,sparse,0.001,0.99,6,
544,0.0,42,0.050000000000000044,2.5806724806898274e-05,0.10568560659885406,0.0034113111905753613,,,,,,dqn,cartpole,sparse,0.001,0.99,6,
545,0.0,41,0.050000000000000044,8.668730515637435e-06,0.09301936626434326,0.002871377393603325,,,,,,dqn,cartpole,sparse,0.001,0.99,6,
546,0.0,39,0.050000000000000044,1.1996229659416713e-05,0.0952538251876831,0.0026639876887202263,,,,,,dqn,cartpole,sparse,0.001,0.99,6,
547,0.0,31,0.050000000000000044,2.568710442574229e-05,0.09782237559556961,0.0037378116976469755,,,,,,dqn,cartpole,sparse,0.001,0.99,6,
548,0.0,46,0.050000000000000044,2.1909281713305973e-05,0.09354132413864136,0.0029355536680668592,,,,,,dqn,cartpole,sparse,0.001,0.99,6,
549,0.0,35,0.050000000000000044,6.391754141077399e-06,0.10079969465732574,0.0022285613231360912,,,,,,dqn,cartpole,sparse,0.001,0.99,6,
550,0.0,10,0.050000000000000044,9.342270459455904e-06,0.09466718137264252,0.0027566333301365376,,,0.0,0.0,33.7,dqn,cartpole,sparse,0.001,0.99,6,
551,0.0,42,0.050000000000000044,9.946851605491247e-06,0.08890427649021149,0.002979358658194542,,,,,,dqn,cartpole,sparse,0.001,0.99,6,
552,0.0,42,0.050000000000000044,2.089626832457725e-05,0.08322350680828094,0.0032010688446462154,,,,,,dqn,cartpole,sparse,0.001,0.99,6,
553,0.0,33,0.050000000000000044,1.7731988918967545e-05,0.09682811051607132,0.0033559470903128386,,,,,,dqn,cartpole,sparse,0.001,0.99,6,
554,0.0,47,0.050000000000000044,1.5138064554776065e-05,0.09982781112194061,0.003235633485019207,,,,,,dqn,cartpole,sparse,0.001,0.99,6,
555,0.0,37,0.050000000000000044,1.814711868064478e-05,0.1058756411075592,0.003945333417505026,,,,,,dqn,cartpole,sparse,0.001,0.99,6,
556,0.0,42,0.050000000000000044,1.6653386410325766e-05,0.08773300796747208,0.0037508015520870686,,,,,,dqn,cartpole,sparse,0.001,0.99,6,
557,0.0,33,0.050000000000000044,2.4343386030523106e-05,0.09202364087104797,0.003729428630322218,,,,,,dqn,cartpole,sparse,0.001,0.99,6,
558,0.0,28,0.050000000000000044,1.0534399734751787e-05,0.08914385735988617,0.0034606377594172955,,,,,,dqn,cartpole,sparse,0.001,0.99,6,
559,0.0,13,0.050000000000000044,1.1902927326445933e-05,0.0905022919178009,0.002784370444715023,,,,,,dqn,cartpole,sparse,0.001,0.99,6,
560,0.0,52,0.050000000000000044,0.0002024350978899747,0.08380657434463501,0.016222789883613586,,,,,,dqn,cartpole,sparse,0.001,0.99,6,
561,0.0,10,0.050000000000000044,8.449005690636113e-05,0.09795016050338745,0.009786350652575493,,,,,,dqn,cartpole,sparse,0.001,0.99,6,
562,0.0,59,0.050000000000000044,5.039766620029695e-05,0.09624000638723373,0.006724578328430653,,,,,,dqn,cartpole,sparse,0.001,0.99,6,
563,0.0,46,0.050000000000000044,3.8107136788312346e-05,0.08738361299037933,0.005646769888699055,,,,,,dqn,cartpole,sparse,0.001,0.99,6,
564,0.0,42,0.050000000000000044,1.4639927030657418e-05,0.10076099634170532,0.004261629655957222,,,,,,dqn,cartpole,sparse,0.001,0.99,6,
565,0.0,50,0.050000000000000044,2.207803299825173e-05,0.08032938092947006,0.00449319276958704,,,,,,dqn,cartpole,sparse,0.001,0.99,6,
566,0.0,56,0.050000000000000044,1.8606040612212382e-05,0.09588102251291275,0.0039267707616090775,,,,,,dqn,cartpole,sparse,0.001,0.99,6,
567,0.0,41,0.050000000000000044,1.228895598615054e-05,0.0944957435131073,0.00353447487577796,,,,,,dqn,cartpole,sparse,0.001,0.99,6,
568,0.0,49,0.050000000000000044,1.17621457320638e-05,0.09535522758960724,0.003462458960711956,,,,,,dqn,cartpole,sparse,0.001,0.99,6,
569,0.0,49,0.050000000000000044,1.693478952802252e-05,0.09389659762382507,0.003509744768962264,,,,,,dqn,cartpole,sparse,0.001,0.99,6,
570,0.0,56,0.050000000000000044,4.865005030296743e-05,0.09489370882511139,0.00512335728853941,,,,,,dqn,cartpole,sparse,0.001,0.99,6,
571,0.0,48,0.050000000000000044,1.2565064935188275e-05,0.09726674854755402,0.003283851779997349,,,,,,dqn,cartpole,sparse,0.001,0.99,6,
572,0.0,53,0.050000000000000044,1.5536334103671834e-05,0.08880219608545303,0.0035732989199459553,,,,,,dqn,cartpole,sparse,0.001,0.99,6,
573,0.0,52,0.050000000000000044,1.3473899343807716e-05,0.08475203812122345,0.003420931752771139,,,,,,dqn,cartpole,sparse,0.001,0.99,6,
574,0.0,58,0.050000000000000044,8.687235094839707e-06,0.08425189554691315,0.002941033337265253,,,,,,dqn,cartpole,sparse,0.001,0.99,6,
575,0.0,55,0.050000000000000044,8.30094450066099e-06,0.08857612311840057,0.002906020497903228,,,,,,dqn,cartpole,sparse,0.001,0.99,6,
576,0.0,49,0.050000000000000044,1.968109791050665e-05,0.09625644981861115,0.004023559391498566,,,,,,dqn,cartpole,sparse,0.001,0.99,6,
577,0.0,57,0.050000000000000044,8.003559742064681e-06,0.10124099254608154,0.0026932668406516314,,,,,,dqn,cartpole,sparse,0.001,0.99,6,
578,0.0,60,0.050000000000000044,1.0189160093432292e-05,0.097087562084198,0.002713572233915329,,,,,,dqn,cartpole,sparse,0.001,0.99,6,
579,0.0,53,0.050000000000000044,1.0628138625179417e-05,0.08885248005390167,0.003290872322395444,,,,,,dqn,cartpole,sparse,0.001,0.99,6,
580,0.0,64,0.050000000000000044,5.541184509638697e-05,0.09303118288516998,0.0044968025758862495,,,,,,dqn,cartpole,sparse,0.001,0.99,6,
581,0.0,74,0.050000000000000044,1.1750935300369747e-05,0.10415801405906677,0.0030754329636693,,,,,,dqn,cartpole,sparse,0.001,0.99,6,
582,0.0,64,0.050000000000000044,1.4328688848763704e-05,0.07984651625156403,0.003427954390645027,,,,,,dqn,cartpole,sparse,0.001,0.99,6,
583,0.0,61,0.050000000000000044,9.420841706742067e-06,0.08942297101020813,0.003303300589323044,,,,,,dqn,cartpole,sparse,0.001,0.99,6,
584,0.0,65,0.050000000000000044,1.5907509805401787e-05,0.09069103002548218,0.0032379617914557457,,,,,,dqn,cartpole,sparse,0.001,0.99,6,
585,0.0,57,0.050000000000000044,1.313204484176822e-05,0.09510820358991623,0.0038212593644857407,,,,,,dqn,cartpole,sparse,0.001,0.99,6,
586,0.0,59,0.050000000000000044,1.1833982171083335e-05,0.10639844089746475,0.003851786255836487,,,,,,dqn,cartpole,sparse,0.001,0.99,6,
587,0.0,61,0.050000000000000044,7.819034181011375e-06,0.09919605404138565,0.0025615780614316463,,,,,,dqn,cartpole,sparse,0.001,0.99,6,
588,0.0,63,0.050000000000000044,4.307184281060472e-05,0.10696651041507721,0.00351867638528347,,,,,,dqn,cartpole,sparse,0.001,0.99,6,
589,0.0,51,0.050000000000000044,1.87280893442221e-05,0.0965455025434494,0.004478180781006813,,,,,,dqn,cartpole,sparse,0.001,0.99,6,
590,0.0,58,0.050000000000000044,1.390923534927424e-05,0.09411773085594177,0.0030707905534654856,,,,,,dqn,cartpole,sparse,0.001,0.99,6,
591,0.0,69,0.050000000000000044,5.324930498318281e-06,0.09362715482711792,0.002365699503570795,,,,,,dqn,cartpole,sparse,0.001,0.99,6,
592,0.0,33,0.050000000000000044,1.3323811799637042e-05,0.09471108019351959,0.0033291850704699755,,,,,,dqn,cartpole,sparse,0.001,0.99,6,
593,0.0,51,0.050000000000000044,1.2794413123629056e-05,0.09594747424125671,0.0028410200029611588,,,,,,dqn,cartpole,sparse,0.001,0.99,6,
594,0.0,69,0.050000000000000044,1.645286101847887e-05,0.09146958589553833,0.003406801726669073,,,,,,dqn,cartpole,sparse,0.001,0.99,6,
595,0.0,52,0.050000000000000044,5.831147063872777e-06,0.0946599543094635,0.0025175660848617554,,,,,,dqn,cartpole,sparse,0.001,0.99,6,
596,0.0,63,0.050000000000000044,9.120876711676829e-06,0.0888260155916214,0.002976919524371624,,,,,,dqn,cartpole,sparse,0.001,0.99,6,
597,0.0,66,0.050000000000000044,3.721770190168172e-05,0.09436613321304321,0.006370433606207371,,,,,,dqn,cartpole,sparse,0.001,0.99,6,
598,0.0,64,0.050000000000000044,1.6433134078397416e-05,0.09921009838581085,0.004169839434325695,,,,,,dqn,cartpole,sparse,0.001,0.99,6,
599,0.0,99,0.050000000000000044,1.27995654111146e-05,0.10107703506946564,0.0036576236598193645,,,,,,dqn,cartpole,sparse,0.001,0.99,6,
600,0.0,73,0.050000000000000044,9.537878213450313e-06,0.09080573916435242,0.0033600148744881153,,,0.0,0.0,72.4,dqn,cartpole,sparse,0.001,0.99,6,
601,0.0,65,0.050000000000000044,1.4290016224549618e-05,0.08835924416780472,0.004419753327965736,,,,,,dqn,cartpole,sparse,0.001,0.99,6,
602,0.0,72,0.050000000000000044,2.0320665498729795e-05,0.08926483988761902,0.004434753209352493,,,,,,dqn,cartpole,sparse,0.001,0.99,6,
603,0.0,96,0.050000000000000044,7.4882173066725954e-06,0.08215075731277466,0.0031300075352191925,,,,,,dqn,cartpole,sparse,0.001,0.99,6,
604,0.0,92,0.050000000000000044,5.7412329624639824e-05,0.08676311373710632,0.004856727086007595,,,,,,dqn,cartpole,sparse,0.001,0.99,6,
605,0.0,72,0.050000000000000044,8.925435395212844e-06,0.09503398090600967,0.0033306824043393135,,,,,,dqn,cartpole,sparse,0.001,0.99,6,
606,0.0,96,0.050000000000000044,1.1103074029961135e-05,0.09593585133552551,0.0031584661919623613,,,,,,dqn,cartpole,sparse,0.001,0.99,6,
607,0.0,66,0.050000000000000044,2.7923779271077365e-05,0.08988170325756073,0.004470560234040022,,,,,,dqn,cartpole,sparse,0.001,0.99,6,
608,0.0,74,0.050000000000000044,9.539693564875051e-06,0.08301690220832825,0.003387121483683586,,,,,,dqn,cartpole,sparse,0.001,0.99,6,
609,0.0,65,0.050000000000000044,5.838814831804484e-05,0.07193878293037415,0.004392700735479593,,,,,,dqn,cartpole,sparse,0.001,0.99,6,
610,0.0,73,0.050000000000000044,5.221906576480251e-06,0.09500789642333984,0.002604679437354207,,,,,,dqn,cartpole,sparse,0.001,0.99,6,
611,0.0,14,0.050000000000000044,1.3823980225424748e-05,0.09082621335983276,0.00416187196969986,,,,,,dqn,cartpole,sparse,0.001,0.99,6,
612,0.0,77,0.050000000000000044,5.411141046351986e-06,0.08007435500621796,0.0025823856703937054,,,,,,dqn,cartpole,sparse,0.001,0.99,6,
613,0.0,60,0.050000000000000044,8.727769454708323e-06,0.08712583035230637,0.002883284818381071,,,,,,dqn,cartpole,sparse,0.001,0.99,6,
614,0.0,85,0.050000000000000044,9.869912901194766e-06,0.09618684649467468,0.0034704033751040697,,,,,,dqn,cartpole,sparse,0.001,0.99,6,
615,0.0,69,0.050000000000000044,8.703109415364452e-06,0.09452225267887115,0.0034183673560619354,,,,,,dqn,cartpole,sparse,0.001,0.99,6,
616,0.0,86,0.050000000000000044,9.599767508916557e-06,0.09748974442481995,0.0034847811330109835,,,,,,dqn,cartpole,sparse,0.001,0.99,6,
617,0.0,102,0.050000000000000044,2.652604234754108e-05,0.0974244624376297,0.0038073137402534485,,,,,,dqn,cartpole,sparse,0.001,0.99,6,
618,0.0,105,0.050000000000000044,6.744934580638073e-06,0.0946706235408783,0.0026776082813739777,,,,,,dqn,cartpole,sparse,0.001,0.99,6,
619,0.0,73,0.050000000000000044,7.628264938830398e-06,0.08554690331220627,0.0026854025200009346,,,,,,dqn,cartpole,sparse,0.001,0.99,6,
620,0.0,99,0.050000000000000044,1.0416766599519178e-05,0.10165838897228241,0.004025386180728674,,,,,,dqn,cartpole,sparse,0.001,0.99,6,
621,0.0,69,0.050000000000000044,2.0294257410569116e-05,0.08668969571590424,0.004447983577847481,,,,,,dqn,cartpole,sparse,0.001,0.99,6,
622,0.0,89,0.050000000000000044,4.734905814984813e-05,0.09732143580913544,0.0036178422160446644,,,,,,dqn,cartpole,sparse,0.001,0.99,6,
623,0.0,99,0.050000000000000044,2.672045593499206e-05,0.09747239947319031,0.005765425972640514,,,,,,dqn,cartpole,sparse,0.001,0.99,6,
624,0.0,121,0.050000000000000044,1.1861584425787441e-05,0.10496498644351959,0.0037848223000764847,,,,,,dqn,cartpole,sparse,0.001,0.99,6,
625,0.0,114,0.050000000000000044,1.0155215932172723e-05,0.09336268156766891,0.0034029395319521427,,,,,,dqn,cartpole,sparse,0.001,0.99,6,
626,0.0,111,0.050000000000000044,9.864124876912683e-06,0.09464007616043091,0.0035663447342813015,,,,,,dqn,cartpole,sparse,0.001,0.99,6,
627,0.0,106,0.050000000000000044,2.1000942069804296e-05,0.09489361941814423,0.003545935032889247,,,,,,dqn,cartpole,sparse,0.001,0.99,6,
628,0.0,106,0.050000000000000044,8.139777492033318e-06,0.08862684667110443,0.0029983040876686573,,,,,,dqn,cartpole,sparse,0.001,0.99,6,
629,0.0,113,0.050000000000000044,6.9099014581297524e-06,0.09419567883014679,0.002782271010801196,,,,,,dqn,cartpole,sparse,0.001,0.99,6,
630,0.0,101,0.050000000000000044,1.5423600416397676e-05,0.09425333142280579,0.0038185452576726675,,,,,,dqn,cartpole,sparse,0.001,0.99,6,
631,0.0,123,0.050000000000000044,2.0014609617646784e-05,0.0972210168838501,0.004176658112555742,,,,,,dqn,cartpole,sparse,0.001,0.99,6,
632,0.0,128,0.050000000000000044,1.4570713574357796e-05,0.09467503428459167,0.0037538474425673485,,,,,,dqn,cartpole,sparse,0.001,0.99,6,
633,0.0,122,0.050000000000000044,8.332749530381989e-06,0.09376353025436401,0.003222344908863306,,,,,,dqn,cartpole,sparse,0.001,0.99,6,
634,0.0,130,0.050000000000000044,5.958632391411811e-05,0.09340699017047882,0.0046086665242910385,,,,,,dqn,cartpole,sparse,0.001,0.99,6,
635,0.0,113,0.050000000000000044,1.681951471255161e-05,0.10308769345283508,0.0037887785583734512,,,,,,dqn,cartpole,sparse,0.001,0.99,6,
636,0.0,119,0.050000000000000044,1.5249302123265807e-05,0.0933472067117691,0.0034692129120230675,,,,,,dqn,cartpole,sparse,0.001,0.99,6,
637,0.0,100,0.050000000000000044,6.3434372350457124e-06,0.10437732934951782,0.00271717575378716,,,,,,dqn,cartpole,sparse,0.001,0.99,6,
638,0.0,110,0.050000000000000044,1.4953270692785736e-05,0.09729071706533432,0.0032809902913868427,,,,,,dqn,cartpole,sparse,0.001,0.99,6,
639,0.0,107,0.050000000000000044,4.457187606021762e-05,0.09622767567634583,0.0038385684601962566,,,,,,dqn,cartpole,sparse,0.001,0.99,6,
640,0.0,116,0.050000000000000044,5.363459786167368e-05,0.09200151264667511,0.007024611346423626,,,,,,dqn,cartpole,sparse,0.001,0.99,6,
641,0.0,143,0.050000000000000044,2.0146710085100494e-05,0.09886087477207184,0.004843113012611866,,,,,,dqn,cartpole,sparse,0.001,0.99,6,
642,0.0,127,0.050000000000000044,4.163728135608835e-06,0.08586186170578003,0.0022586204577237368,,,,,,dqn,cartpole,sparse,0.001,0.99,6,
643,0.0,120,0.050000000000000044,9.441917427466251e-06,0.10145020484924316,0.003212116425856948,,,,,,dqn,cartpole,sparse,0.001,0.99,6,
644,0.0,167,0.050000000000000044,6.551870228577172e-06,0.09700676798820496,0.0028612485621124506,,,,,,dqn,cartpole,sparse,0.001,0.99,6,
645,0.0,150,0.050000000000000044,4.68246116724913e-06,0.08775072544813156,0.0022687341552227736,,,,,,dqn,cartpole,sparse,0.001,0.99,6,
646,0.0,143,0.050000000000000044,3.932496110792272e-05,0.09143716096878052,0.004301815293729305,,,,,,dqn,cartpole,sparse,0.001,0.99,6,
647,0.0,133,0.050000000000000044,1.2587648598127998e-05,0.08892761170864105,0.0031441915780305862,,,,,,dqn,cartpole,sparse,0.001,0.99,6,
648,0.0,151,0.050000000000000044,9.388898433826398e-06,0.09770029783248901,0.00313466414809227,,,,,,dqn,cartpole,sparse,0.001,0.99,6,
649,0.0,183,0.050000000000000044,6.5288750192848966e-06,0.09407747536897659,0.002406785497441888,,,,,,dqn,cartpole,sparse,0.001,0.99,6,
650,0.0,181,0.050000000000000044,1.5460684153367765e-05,0.1002189889550209,0.002929732669144869,,,0.1,0.30000000000000004,260.2,dqn,cartpole,sparse,0.001,0.99,6,
651,0.0,183,0.050000000000000044,1.2407446774886921e-05,0.1028147041797638,0.0042696548625826836,,,,,,dqn,cartpole,sparse,0.001,0.99,6,
652,0.0,165,0.050000000000000044,1.2168872672191355e-05,0.0857403576374054,0.0038610834162682295,,,,,,dqn,cartpole,sparse,0.001,0.99,6,
653,0.0,199,0.050000000000000044,9.829160262597725e-06,0.09910307824611664,0.003247641958296299,,,,,,dqn,cartpole,sparse,0.001,0.99,6,
654,0.0,410,0.050000000000000044,1.104764760384569e-05,0.09955452382564545,0.0022540753707289696,,,,,,dqn,cartpole,sparse,0.001,0.99,6,
655,0.0,324,0.050000000000000044,3.7550239539996255e-06,0.10260926187038422,0.0021208219695836306,,,,,,dqn,cartpole,sparse,0.001,0.99,6,
656,0.0,207,0.050000000000000044,7.523306067014346e-06,0.0993027463555336,0.002559470012784004,,,,,,dqn,cartpole,sparse,0.001,0.99,6,
657,0.0,213,0.050000000000000044,6.752856279490516e-06,0.0946245789527893,0.0026025299448519945,,,,,,dqn,cartpole,sparse,0.001,0.99,6,
658,0.0,247,0.050000000000000044,1.073044586519245e-05,0.0910910964012146,0.0028179679065942764,,,,,,dqn,cartpole,sparse,0.001,0.99,6,
659,0.0,171,0.050000000000000044,3.391518475837074e-05,0.09675979614257812,0.0027696210891008377,,,,,,dqn,cartpole,sparse,0.001,0.99,6,
660,0.0,208,0.050000000000000044,8.557142791687511e-06,0.0999411791563034,0.002718200208619237,,,,,,dqn,cartpole,sparse,0.001,0.99,6,
661,0.0,217,0.050000000000000044,5.14508574269712e-05,0.10390260815620422,0.004544029012322426,,,,,,dqn,cartpole,sparse,0.001,0.99,6,
662,0.0,140,0.050000000000000044,2.6221503503620625e-05,0.09712594002485275,0.003941437695175409,,,,,,dqn,cartpole,sparse,0.001,0.99,6,
663,0.0,146,0.050000000000000044,3.6652701965067536e-05,0.09724187850952148,0.0030245049856603146,,,,,,dqn,cartpole,sparse,0.001,0.99,6,
664,0.0,142,0.050000000000000044,7.232795178424567e-05,0.1123393103480339,0.004031400196254253,,,,,,dqn,cartpole,sparse,0.001,0.99,6,
665,0.0,129,0.050000000000000044,6.371132712956751e-06,0.11117212474346161,0.0027362555265426636,,,,,,dqn,cartpole,sparse,0.001,0.99,6,
666,0.0,129,0.050000000000000044,1.9336996047059074e-05,0.09462566673755646,0.0028972188010811806,,,,,,dqn,cartpole,sparse,0.001,0.99,6,
667,0.0,157,0.050000000000000044,1.2336621693975758e-05,0.10447168350219727,0.0035367580130696297,,,,,,dqn,cartpole,sparse,0.001,0.99,6,
668,0.0,149,0.050000000000000044,3.6697058476420352e-06,0.11695721745491028,0.0019984878599643707,,,,,,dqn,cartpole,sparse,0.001,0.99,6,
669,0.0,126,0.050000000000000044,3.356347224325873e-05,0.10996676981449127,0.006859662942588329,,,,,,dqn,cartpole,sparse,0.001,0.99,6,
670,0.0,115,0.050000000000000044,1.803403574740514e-05,0.10212939977645874,0.0048810699954628944,,,,,,dqn,cartpole,sparse,0.001,0.99,6,
671,0.0,138,0.050000000000000044,1.5301186067517847e-05,0.1009381115436554,0.0035189855843782425,,,,,,dqn,cartpole,sparse,0.001,0.99,6,
672,0.0,124,0.050000000000000044,1.4263821867643856e-05,0.10304337739944458,0.0029041599482297897,,,,,,dqn,cartpole,sparse,0.001,0.99,6,
673,0.0,136,0.050000000000000044,0.00012861059803981334,0.1032908484339714,0.004950221162289381,,,,,,dqn,cartpole,sparse,0.001,0.99,6,
674,0.0,133,0.050000000000000044,1.5911300579318777e-05,0.11226256191730499,0.00322214188054204,,,,,,dqn,cartpole,sparse,0.001,0.99,6,
675,0.0,135,0.050000000000000044,7.306718180188909e-05,0.11274859309196472,0.0053655714727938175,,,,,,dqn,cartpole,sparse,0.001,0.99,6,
676,0.0,130,0.050000000000000044,1.2343134585535154e-05,0.11590656638145447,0.002471208805218339,,,,,,dqn,cartpole,sparse,0.001,0.99,6,
677,0.0,117,0.050000000000000044,8.785696991253644e-06,0.12314943969249725,0.0025749290362000465,,,,,,dqn,cartpole,sparse,0.001,0.99,6,
678,0.0,128,0.050000000000000044,3.095660940743983e-05,0.09713314473628998,0.003070192877203226,,,,,,dqn,cartpole,sparse,0.001,0.99,6,
679,0.0,114,0.050000000000000044,3.956360887968913e-05,0.1153368353843689,0.005059852264821529,,,,,,dqn,cartpole,sparse,0.001,0.99,6,
680,0.0,121,0.050000000000000044,1.1884392733918503e-05,0.1163199245929718,0.0030622007325291634,,,,,,dqn,cartpole,sparse,0.001,0.99,6,
681,0.0,124,0.050000000000000044,1.3072631190880202e-05,0.12375033646821976,0.0032608970068395138,,,,,,dqn,cartpole,sparse,0.001,0.99,6,
682,0.0,126,0.050000000000000044,4.370966416900046e-05,0.1236741915345192,0.003982095047831535,,,,,,dqn,cartpole,sparse,0.001,0.99,6,
683,0.0,107,0.050000000000000044,6.583209142263513e-06,0.12427365779876709,0.002526775933802128,,,,,,dqn,cartpole,sparse,0.001,0.99,6,
684,0.0,110,0.050000000000000044,1.752585740177892e-05,0.11503075063228607,0.004055397119373083,,,,,,dqn,cartpole,sparse,0.001,0.99,6,
685,0.0,118,0.050000000000000044,6.267930984904524e-06,0.12817716598510742,0.002474449574947357,,,,,,dqn,cartpole,sparse,0.001,0.99,6,
686,0.0,115,0.050000000000000044,9.324920938524883e-06,0.11590668559074402,0.002551174256950617,,,,,,dqn,cartpole,sparse,0.001,0.99,6,
687,0.0,120,0.050000000000000044,6.859262612124439e-06,0.12138766050338745,0.002350222785025835,,,,,,dqn,cartpole,sparse,0.001,0.99,6,
688,0.0,105,0.050000000000000044,1.5941857782308944e-05,0.11875680088996887,0.0031144593376666307,,,,,,dqn,cartpole,sparse,0.001,0.99,6,
689,0.0,99,0.050000000000000044,2.5274073777836747e-05,0.1237497329711914,0.004395999014377594,,,,,,dqn,cartpole,sparse,0.001,0.99,6,
690,0.0,118,0.050000000000000044,4.067827831022441e-06,0.11665798723697662,0.002093481831252575,,,,,,dqn,cartpole,sparse,0.001,0.99,6,
691,0.0,113,0.050000000000000044,7.807719157426618e-06,0.13620755076408386,0.002719390206038952,,,,,,dqn,cartpole,sparse,0.001,0.99,6,
692,0.0,126,0.050000000000000044,4.632775380741805e-05,0.11359339207410812,0.006247564218938351,,,,,,dqn,cartpole,sparse,0.001,0.99,6,
693,0.0,114,0.050000000000000044,4.6280187234515324e-05,0.12500335276126862,0.004412547685205936,,,,,,dqn,cartpole,sparse,0.001,0.99,6,
694,0.0,113,0.050000000000000044,1.5225051356537733e-05,0.130012646317482,0.00370423449203372,,,,,,dqn,cartpole,sparse,0.001,0.99,6,
695,0.0,112,0.050000000000000044,9.988926649384666e-06,0.12617042660713196,0.002817679662257433,,,,,,dqn,cartpole,sparse,0.001,0.99,6,
696,0.0,125,0.050000000000000044,4.6943889174144715e-05,0.12643450498580933,0.005153891164809465,,,,,,dqn,cartpole,sparse,0.001,0.99,6,
697,0.0,146,0.050000000000000044,0.00015252921730279922,0.12558045983314514,0.008723773993551731,,,,,,dqn,cartpole,sparse,0.001,0.99,6,
698,0.0,116,0.050000000000000044,1.961661473615095e-05,0.11223512142896652,0.004585998132824898,,,,,,dqn,cartpole,sparse,0.001,0.99,6,
699,0.0,110,0.050000000000000044,6.2897856878407765e-06,0.12808185815811157,0.0027268866542726755,,,,,,dqn,cartpole,sparse,0.001,0.99,6,
700,0.0,121,0.050000000000000044,2.2690372134093195e-05,0.12147489935159683,0.004381909500807524,,,0.0,0.0,116.2,dqn,cartpole,sparse,0.001,0.99,6,
701,0.0,112,0.050000000000000044,1.4177172488416545e-05,0.1267143189907074,0.0039318641647696495,,,,,,dqn,cartpole,sparse,0.001,0.99,6,
702,0.0,135,0.050000000000000044,2.250347097287886e-05,0.12680886685848236,0.005094094201922417,,,,,,dqn,cartpole,sparse,0.001,0.99,6,
703,0.0,111,0.050000000000000044,1.499361951573519e-05,0.12925726175308228,0.003562639933079481,,,,,,dqn,cartpole,sparse,0.001,0.99,6,
704,0.0,113,0.050000000000000044,4.840642577619292e-05,0.12514612078666687,0.0051926192827522755,,,,,,dqn,cartpole,sparse,0.001,0.99,6,
705,0.0,115,0.050000000000000044,2.0031606254633516e-05,0.14353951811790466,0.003255580086261034,,,,,,dqn,cartpole,sparse,0.001,0.99,6,
706,0.0,112,0.050000000000000044,4.715398517873837e-06,0.13096700608730316,0.0021782792173326015,,,,,,dqn,cartpole,sparse,0.001,0.99,6,
707,0.0,125,0.050000000000000044,1.9813938706647605e-05,0.1341398060321808,0.0038846158422529697,,,,,,dqn,cartpole,sparse,0.001,0.99,6,
708,0.0,132,0.050000000000000044,4.9371323257219046e-05,0.13149626553058624,0.004508864134550095,,,,,,dqn,cartpole,sparse,0.001,0.99,6,
709,0.0,118,0.050000000000000044,5.9266363678034395e-05,0.13406869769096375,0.003054523840546608,,,,,,dqn,cartpole,sparse,0.001,0.99,6,
710,0.0,111,0.050000000000000044,1.4543427823809907e-05,0.13683989644050598,0.002793482970446348,,,,,,dqn,cartpole,sparse,0.001,0.99,6,
711,0.0,134,0.050000000000000044,2.706392842810601e-05,0.12602190673351288,0.005096068140119314,,,,,,dqn,cartpole,sparse,0.001,0.99,6,
712,0.0,101,0.050000000000000044,7.467235718650045e-06,0.1367945373058319,0.0028322781436145306,,,,,,dqn,cartpole,sparse,0.001,0.99,6,
713,0.0,115,0.050000000000000044,1.920948488987051e-05,0.12269587069749832,0.0038058718200773,,,,,,dqn,cartpole,sparse,0.001,0.99,6,
714,0.0,106,0.050000000000000044,6.164803380670492e-06,0.14497226476669312,0.002398065524175763,,,,,,dqn,cartpole,sparse,0.001,0.99,6,
715,0.0,113,0.050000000000000044,8.375884499400854e-05,0.13342495262622833,0.004506082274019718,,,,,,dqn,cartpole,sparse,0.001,0.99,6,
716,0.0,119,0.050000000000000044,0.00011708495730999857,0.13265153765678406,0.004790995270013809,,,,,,dqn,cartpole,sparse,0.001,0.99,6,
717,0.0,109,0.050000000000000044,8.887753210728988e-06,0.1308395266532898,0.0023155566304922104,,,,,,dqn,cartpole,sparse,0.001,0.99,6,
718,0.0,112,0.050000000000000044,1.3368662621360272e-05,0.14103272557258606,0.003349719801917672,,,,,,dqn,cartpole,sparse,0.001,0.99,6,
719,0.0,110,0.050000000000000044,8.526856618118472e-06,0.14172965288162231,0.002676880918443203,,,,,,dqn,cartpole,sparse,0.001,0.99,6,
720,0.0,122,0.050000000000000044,1.674980012467131e-05,0.1357649862766266,0.0041115181520581245,,,,,,dqn,cartpole,sparse,0.001,0.99,6,
721,0.0,108,0.050000000000000044,8.137969416566193e-06,0.13205571472644806,0.0024726921692490578,,,,,,dqn,cartpole,sparse,0.001,0.99,6,
722,0.0,104,0.050000000000000044,2.166935519198887e-05,0.14223569631576538,0.005648564547300339,,,,,,dqn,cartpole,sparse,0.001,0.99,6,
723,0.0,115,0.050000000000000044,1.0756445590232033e-05,0.15249650180339813,0.003416821826249361,,,,,,dqn,cartpole,sparse,0.001,0.99,6,
724,0.0,118,0.050000000000000044,1.0682341780920979e-05,0.1261368989944458,0.003007815917953849,,,,,,dqn,cartpole,sparse,0.001,0.99,6,
725,0.0,110,0.050000000000000044,8.624925612821244e-06,0.12957201898097992,0.002588546834886074,,,,,,dqn,cartpole,sparse,0.001,0.99,6,
726,0.0,115,0.050000000000000044,1.0299052519258112e-05,0.1312607228755951,0.002216083463281393,,,,,,dqn,cartpole,sparse,0.001,0.99,6,
727,0.0,96,0.050000000000000044,5.9819500165758654e-05,0.14010247588157654,0.004417774733155966,,,,,,dqn,cartpole,sparse,0.001,0.99,6,
728,0.0,109,0.050000000000000044,3.423153975745663e-05,0.13360026478767395,0.0036867624148726463,,,,,,dqn,cartpole,sparse,0.001,0.99,6,
729,0.0,91,0.050000000000000044,3.844334969471674e-06,0.1372831016778946,0.00205040886066854,,,,,,dqn,cartpole,sparse,0.001,0.99,6,
730,0.0,112,0.050000000000000044,2.238736124127172e-05,0.1406276822090149,0.00393820833414793,,,,,,dqn,cartpole,sparse,0.001,0.99,6,
731,0.0,97,0.050000000000000044,1.642559072934091e-05,0.15092366933822632,0.003480002749711275,,,,,,dqn,cartpole,sparse,0.001,0.99,6,
732,0.0,91,0.050000000000000044,6.468538231274579e-06,0.1510050892829895,0.0028858021833002567,,,,,,dqn,cartpole,sparse,0.001,0.99,6,
733,0.0,80,0.050000000000000044,1.5195722880889662e-05,0.14103323221206665,0.003940162714570761,,,,,,dqn,cartpole,sparse,0.001,0.99,6,
734,0.0,101,0.050000000000000044,5.481907464854885e-06,0.13558439910411835,0.00253466097638011,,,,,,dqn,cartpole,sparse,0.001,0.99,6,
735,0.0,105,0.050000000000000044,1.729882205836475e-05,0.14311382174491882,0.003305579535663128,,,,,,dqn,cartpole,sparse,0.001,0.99,6,
736,0.0,101,0.050000000000000044,6.812414358137175e-05,0.14018046855926514,0.004577329847961664,,,,,,dqn,cartpole,sparse,0.001,0.99,6,
737,0.0,85,0.050000000000000044,5.643581971526146e-06,0.147685706615448,0.0024259458296000957,,,,,,dqn,cartpole,sparse,0.001,0.99,6,
738,0.0,85,0.050000000000000044,5.568132473854348e-05,0.138296976685524,0.0053628189489245415,,,,,,dqn,cartpole,sparse,0.001,0.99,6,
739,0.0,106,0.050000000000000044,1.525830157333985e-05,0.15050473809242249,0.002871014177799225,,,,,,dqn,cartpole,sparse,0.001,0.99,6,
740,0.0,87,0.050000000000000044,1.615404471522197e-05,0.14948824048042297,0.004312037955969572,,,,,,dqn,cartpole,sparse,0.001,0.99,6,
741,0.0,106,0.050000000000000044,9.388282705913298e-06,0.14452743530273438,0.0029600034467875957,,,,,,dqn,cartpole,sparse,0.001,0.99,6,
742,0.0,98,0.050000000000000044,1.918045018101111e-05,0.15997432172298431,0.0054002562537789345,,,,,,dqn,cartpole,sparse,0.001,0.99,6,
743,0.0,101,0.050000000000000044,6.356762241921388e-06,0.1584392935037613,0.0029045105911791325,,,,,,dqn,cartpole,sparse,0.001,0.99,6,
744,0.0,112,0.050000000000000044,3.119161556242034e-05,0.16730636358261108,0.004757224582135677,,,,,,dqn,cartpole,sparse,0.001,0.99,6,
745,0.0,86,0.050000000000000044,3.479155930108391e-05,0.12559619545936584,0.005588296800851822,,,,,,dqn,cartpole,sparse,0.001,0.99,6,
746,0.0,97,0.050000000000000044,1.1527949027367868e-05,0.14359872043132782,0.003688003635033965,,,,,,dqn,cartpole,sparse,0.001,0.99,6,
747,0.0,81,0.050000000000000044,4.1670540667837486e-05,0.1630333662033081,0.005171661265194416,,,,,,dqn,cartpole,sparse,0.001,0.99,6,
748,0.0,98,0.050000000000000044,1.588947998243384e-05,0.1312742829322815,0.0034542272333055735,,,,,,dqn,cartpole,sparse,0.001,0.99,6,
749,0.0,100,0.050000000000000044,0.00014763494255021214,0.15476086735725403,0.005132235586643219,,,,,,dqn,cartpole,sparse,0.001,0.99,6,
750,0.0,89,0.050000000000000044,9.997079177992418e-05,0.13778354227542877,0.005525227636098862,,,0.0,0.0,99.2,dqn,cartpole,sparse,0.001,0.99,6,
751,0.0,108,0.050000000000000044,1.6545949620194733e-05,0.14324021339416504,0.004331388510763645,,,,,,dqn,cartpole,sparse,0.001,0.99,6,
752,0.0,105,0.050000000000000044,9.072704415302724e-06,0.15276169776916504,0.002827336546033621,,,,,,dqn,cartpole,sparse,0.001,0.99,6,
753,0.0,90,0.050000000000000044,4.7357476432807744e-05,0.15068319439888,0.00467485748231411,,,,,,dqn,cartpole,sparse,0.001,0.99,6,
754,0.0,98,0.050000000000000044,8.080690349743236e-06,0.1508564054965973,0.002208566525951028,,,,,,dqn,cartpole,sparse,0.001,0.99,6,
755,0.0,104,0.050000000000000044,1.656681706663221e-05,0.14973896741867065,0.0034187319688498974,,,,,,dqn,cartpole,sparse,0.001,0.99,6,
756,0.0,100,0.050000000000000044,8.48967374622589e-06,0.15135493874549866,0.0034798081032931805,,,,,,dqn,cartpole,sparse,0.001,0.99,6,
757,0.0,101,0.050000000000000044,9.749557648319751e-06,0.15252631902694702,0.0033157099969685078,,,,,,dqn,cartpole,sparse,0.001,0.99,6,
758,0.0,66,0.050000000000000044,3.192731674062088e-05,0.1418747901916504,0.006994343362748623,,,,,,dqn,cartpole,sparse,0.001,0.99,6,
759,0.0,97,0.050000000000000044,2.056468656519428e-05,0.15491129457950592,0.00412373524159193,,,,,,dqn,cartpole,sparse,0.001,0.99,6,
760,0.0,97,0.050000000000000044,1.1867456123582087e-05,0.15713798999786377,0.003931418061256409,,,,,,dqn,cartpole,sparse,0.001,0.99,6,
761,0.0,97,0.050000000000000044,0.0004340207960922271,0.15457409620285034,0.00925707072019577,,,,,,dqn,cartpole,sparse,0.001,0.99,6,
762,0.0,102,0.050000000000000044,5.574000624619657e-06,0.15165558457374573,0.0026287524960935116,,,,,,dqn,cartpole,sparse,0.001,0.99,6,
763,0.0,91,0.050000000000000044,0.00013558505452238023,0.16934360563755035,0.00500880554318428,,,,,,dqn,cartpole,sparse,0.001,0.99,6,
764,0.0,96,0.050000000000000044,2.6627480110619217e-05,0.1512507200241089,0.0037470529787242413,,,,,,dqn,cartpole,sparse,0.001,0.99,6,
765,0.0,97,0.050000000000000044,4.10655275118188e-06,0.15116101503372192,0.002364017767831683,,,,,,dqn,cartpole,sparse,0.001,0.99,6,
766,0.0,104,0.050000000000000044,1.8419128537061624e-05,0.14294549822807312,0.0034839813597500324,,,,,,dqn,cartpole,sparse,0.001,0.99,6,
767,0.0,96,0.050000000000000044,1.4120090781943873e-05,0.14533884823322296,0.004255133680999279,,,,,,dqn,cartpole,sparse,0.001,0.99,6,
768,0.0,73,0.050000000000000044,4.23452329414431e-05,0.14359429478645325,0.00454882625490427,,,,,,dqn,cartpole,sparse,0.001,0.99,6,
769,0.0,109,0.050000000000000044,1.2351923942333087e-05,0.1420399248600006,0.003230330301448703,,,,,,dqn,cartpole,sparse,0.001,0.99,6,
770,0.0,107,0.050000000000000044,8.25726328912424e-06,0.16424670815467834,0.002473822794854641,,,,,,dqn,cartpole,sparse,0.001,0.99,6,
771,0.0,98,0.050000000000000044,1.318606246059062e-05,0.15582939982414246,0.003843836486339569,,,,,,dqn,cartpole,sparse,0.001,0.99,6,
772,0.0,101,0.050000000000000044,1.0327715244784486e-05,0.16552868485450745,0.003127994015812874,,,,,,dqn,cartpole,sparse,0.001,0.99,6,
773,0.0,92,0.050000000000000044,1.155047539214138e-05,0.16292092204093933,0.002861501183360815,,,,,,dqn,cartpole,sparse,0.001,0.99,6,
774,0.0,112,0.050000000000000044,8.477332812617533e-06,0.1478745937347412,0.0028171713929623365,,,,,,dqn,cartpole,sparse,0.001,0.99,6,
775,0.0,95,0.050000000000000044,7.552895840490237e-05,0.16903747618198395,0.005366222932934761,,,,,,dqn,cartpole,sparse,0.001,0.99,6,
776,0.0,83,0.050000000000000044,1.3413160559139214e-05,0.16110728681087494,0.00423574261367321,,,,,,dqn,cartpole,sparse,0.001,0.99,6,
777,0.0,104,0.050000000000000044,1.8300139345228672e-05,0.15834850072860718,0.003802650375291705,,,,,,dqn,cartpole,sparse,0.001,0.99,6,
778,0.0,103,0.050000000000000044,1.73998560057953e-05,0.14799688756465912,0.002860910724848509,,,,,,dqn,cartpole,sparse,0.001,0.99,6,
779,0.0,96,0.050000000000000044,9.795981895877048e-06,0.15929068624973297,0.002832225523889065,,,,,,dqn,cartpole,sparse,0.001,0.99,6,
780,0.0,104,0.050000000000000044,1.0707092769735027e-05,0.16387847065925598,0.0037641776725649834,,,,,,dqn,cartpole,sparse,0.001,0.99,6,
781,0.0,96,0.050000000000000044,2.2819214791525155e-05,0.1587938815355301,0.0036362658720463514,,,,,,dqn,cartpole,sparse,0.001,0.99,6,
782,0.0,95,0.050000000000000044,9.61754903983092e-06,0.1568688005208969,0.002727646380662918,,,,,,dqn,cartpole,sparse,0.001,0.99,6,
783,0.0,96,0.050000000000000044,9.132504601438995e-06,0.15508732199668884,0.002998441457748413,,,,,,dqn,cartpole,sparse,0.001,0.99,6,
784,0.0,106,0.050000000000000044,0.00013836003199685365,0.15549570322036743,0.005322629120200872,,,,,,dqn,cartpole,sparse,0.001,0.99,6,
785,0.0,108,0.050000000000000044,0.0003576820599846542,0.1535581350326538,0.006153543014079332,,,,,,dqn,cartpole,sparse,0.001,0.99,6,
786,0.0,95,0.050000000000000044,0.0002658100565895438,0.14114993810653687,0.006401218473911285,,,,,,dqn,cartpole,sparse,0.001,0.99,6,
787,0.0,97,0.050000000000000044,0.00011945876758545637,0.1474909782409668,0.005189176183193922,,,,,,dqn,cartpole,sparse,0.001,0.99,6,
788,0.0,95,0.050000000000000044,1.4060934518056456e-05,0.15133598446846008,0.003049018792808056,,,,,,dqn,cartpole,sparse,0.001,0.99,6,
789,0.0,94,0.050000000000000044,2.446997859806288e-05,0.16752995550632477,0.004314688965678215,,,,,,dqn,cartpole,sparse,0.001,0.99,6,
790,0.0,102,0.050000000000000044,1.0388082046119962e-05,0.16141442954540253,0.003063839627429843,,,,,,dqn,cartpole,sparse,0.001,0.99,6,
791,0.0,94,0.050000000000000044,1.0813053449965082e-05,0.15216165781021118,0.002439250238239765,,,,,,dqn,cartpole,sparse,0.001,0.99,6,
792,0.0,106,0.050000000000000044,4.953077223035507e-06,0.1550685614347458,0.0023416392505168915,,,,,,dqn,cartpole,sparse,0.001,0.99,6,
793,0.0,95,0.050000000000000044,4.34215371569735e-06,0.18452003598213196,0.0019188288133591413,,,,,,dqn,cartpole,sparse,0.001,0.99,6,
794,0.0,99,0.050000000000000044,6.442228914238513e-05,0.17011027038097382,0.00525978859513998,,,,,,dqn,cartpole,sparse,0.001,0.99,6,
795,0.0,100,0.050000000000000044,0.00013972129090689123,0.16118964552879333,0.006306163500994444,,,,,,dqn,cartpole,sparse,0.001,0.99,6,
796,0.0,103,0.050000000000000044,9.623062214814126e-05,0.1535833477973938,0.0053356001153588295,,,,,,dqn,cartpole,sparse,0.001,0.99,6,
797,0.0,94,0.050000000000000044,1.594587229192257e-05,0.1662425696849823,0.0032694879919290543,,,,,,dqn,cartpole,sparse,0.001,0.99,6,
798,0.0,98,0.050000000000000044,3.4723052522167563e-05,0.16477030515670776,0.0052179004997015,,,,,,dqn,cartpole,sparse,0.001,0.99,6,
799,0.0,99,0.050000000000000044,1.5350857211160474e-05,0.16224819421768188,0.0027439305558800697,,,,,,dqn,cartpole,sparse,0.001,0.99,6,
800,0.0,102,0.050000000000000044,1.3452551684167702e-05,0.16500677168369293,0.0026103153359144926,,,0.0,0.0,95.3,dqn,cartpole,sparse,0.001,0.99,6,
801,0.0,111,0.050000000000000044,1.8579094103188254e-05,0.16846147179603577,0.004407287575304508,,,,,,dqn,cartpole,sparse,0.001,0.99,6,
802,0.0,70,0.050000000000000044,0.00011877359065692872,0.16722872853279114,0.0049409205093979836,,,,,,dqn,cartpole,sparse,0.001,0.99,6,
803,0.0,107,0.050000000000000044,2.8510763513622805e-05,0.1763981729745865,0.004750730469822884,,,,,,dqn,cartpole,sparse,0.001,0.99,6,
804,0.0,101,0.050000000000000044,6.468490028055385e-06,0.17577379941940308,0.0028197539504617453,,,,,,dqn,cartpole,sparse,0.001,0.99,6,
805,0.0,99,0.050000000000000044,0.00012532365508377552,0.17089548707008362,0.005454797763377428,,,,,,dqn,cartpole,sparse,0.001,0.99,6,
806,0.0,94,0.050000000000000044,8.662707841722295e-05,0.17439129948616028,0.007297428324818611,,,,,,dqn,cartpole,sparse,0.001,0.99,6,
807,0.0,56,0.050000000000000044,2.786542972899042e-05,0.16696354746818542,0.004047814756631851,,,,,,dqn,cartpole,sparse,0.001,0.99,6,
808,0.0,95,0.050000000000000044,4.935670585837215e-05,0.18199750781059265,0.004102617967873812,,,,,,dqn,cartpole,sparse,0.001,0.99,6,
809,0.0,109,0.050000000000000044,0.00012282469833735377,0.17923414707183838,0.004554073326289654,,,,,,dqn,cartpole,sparse,0.001,0.99,6,
810,0.0,105,0.050000000000000044,1.1533698852872476e-05,0.15968063473701477,0.0030767926946282387,,,,,,dqn,cartpole,sparse,0.001,0.99,6,
811,0.0,92,0.050000000000000044,1.9855337086482905e-05,0.16095182299613953,0.0034283665008842945,,,,,,dqn,cartpole,sparse,0.001,0.99,6,
812,0.0,107,0.050000000000000044,2.9483278922270983e-05,0.17584118247032166,0.004146728664636612,,,,,,dqn,cartpole,sparse,0.001,0.99,6,
813,0.0,94,0.050000000000000044,7.469999673048733e-06,0.1631281077861786,0.0029255803674459457,,,,,,dqn,cartpole,sparse,0.001,0.99,6,
814,0.0,96,0.050000000000000044,1.73572261701338e-05,0.16348114609718323,0.003537542186677456,,,,,,dqn,cartpole,sparse,0.001,0.99,6,
815,0.0,96,0.050000000000000044,0.00010443147766636685,0.16924917697906494,0.004738216288387775,,,,,,dqn,cartpole,sparse,0.001,0.99,6,
816,0.0,82,0.050000000000000044,1.0684104381653015e-05,0.17553143203258514,0.0035794652067124844,,,,,,dqn,cartpole,sparse,0.001,0.99,6,
817,0.0,90,0.050000000000000044,7.710783393122256e-06,0.17440079152584076,0.0026967846788465977,,,,,,dqn,cartpole,sparse,0.001,0.99,6,
818,0.0,102,0.050000000000000044,5.725864411942894e-06,0.17291413247585297,0.002047419548034668,,,,,,dqn,cartpole,sparse,0.001,0.99,6,
819,0.0,105,0.050000000000000044,4.342410647950601e-06,0.172163188457489,0.002327213529497385,,,,,,dqn,cartpole,sparse,0.001,0.99,6,
820,0.0,101,0.050000000000000044,0.00016064572264440358,0.16495779156684875,0.006579720415174961,,,,,,dqn,cartpole,sparse,0.001,0.99,6,
821,0.0,97,0.050000000000000044,5.511249037226662e-05,0.1709466576576233,0.005143381655216217,,,,,,dqn,cartpole,sparse,0.001,0.99,6,
822,0.0,98,0.050000000000000044,0.00024615792790427804,0.1669972985982895,0.00486943032592535,,,,,,dqn,cartpole,sparse,0.001,0.99,6,
823,0.0,96,0.050000000000000044,6.888360076118261e-06,0.18481193482875824,0.003258931916207075,,,,,,dqn,cartpole,sparse,0.001,0.99,6,
824,0.0,105,0.050000000000000044,8.698819146957248e-05,0.17809772491455078,0.003966229036450386,,,,,,dqn,cartpole,sparse,0.001,0.99,6,
825,0.0,94,0.050000000000000044,0.0004689742927439511,0.1754835844039917,0.0058301277458667755,,,,,,dqn,cartpole,sparse,0.001,0.99,6,
826,0.0,102,0.050000000000000044,7.625849320902489e-06,0.17601898312568665,0.003343386109918356,,,,,,dqn,cartpole,sparse,0.001,0.99,6,
827,0.0,98,0.050000000000000044,3.184632078045979e-05,0.160558819770813,0.004355789627879858,,,,,,dqn,cartpole,sparse,0.001,0.99,6,
828,0.0,101,0.050000000000000044,6.507845228043152e-06,0.16914327442646027,0.002512143924832344,,,,,,dqn,cartpole,sparse,0.001,0.99,6,
829,0.0,99,0.050000000000000044,5.425612016551895e-06,0.17914661765098572,0.0025620332453399897,,,,,,dqn,cartpole,sparse,0.001,0.99,6,
830,0.0,95,0.050000000000000044,9.458982094656676e-05,0.17457471787929535,0.005576189607381821,,,,,,dqn,cartpole,sparse,0.001,0.99,6,
831,0.0,103,0.050000000000000044,1.0544497854425572e-05,0.17919102311134338,0.0034821745939552784,,,,,,dqn,cartpole,sparse,0.001,0.99,6,
832,0.0,94,0.050000000000000044,1.4925018149369862e-05,0.18960899114608765,0.0026533224154263735,,,,,,dqn,cartpole,sparse,0.001,0.99,6,
833,0.0,103,0.050000000000000044,4.356487625045702e-05,0.1550295054912567,0.00491510471329093,,,,,,dqn,cartpole,sparse,0.001,0.99,6,
834,0.0,93,0.050000000000000044,1.4316188753582537e-05,0.17119361460208893,0.004531390033662319,,,,,,dqn,cartpole,sparse,0.001,0.99,6,
835,0.0,113,0.050000000000000044,1.0919915439444594e-05,0.18689393997192383,0.0035706236958503723,,,,,,dqn,cartpole,sparse,0.001,0.99,6,
836,0.0,105,0.050000000000000044,4.299021838960471e-06,0.1879328042268753,0.0020937733352184296,,,,,,dqn,cartpole,sparse,0.001,0.99,6,
837,0.0,97,0.050000000000000044,0.00017535539518576115,0.18398813903331757,0.004607087932527065,,,,,,dqn,cartpole,sparse,0.001,0.99,6,
838,0.0,101,0.050000000000000044,6.904497240611818e-06,0.1771632730960846,0.002436676062643528,,,,,,dqn,cartpole,sparse,0.001,0.99,6,
839,0.0,106,0.050000000000000044,1.1417179848649539e-05,0.16996262967586517,0.00341144111007452,,,,,,dqn,cartpole,sparse,0.001,0.99,6,
840,0.0,92,0.050000000000000044,0.00013414514251053333,0.1710231900215149,0.005291426554322243,,,,,,dqn,cartpole,sparse,0.001,0.99,6,
841,0.0,115,0.050000000000000044,4.413024726090953e-06,0.1744985431432724,0.0023238197900354862,,,,,,dqn,cartpole,sparse,0.001,0.99,6,
842,0.0,104,0.050000000000000044,1.3241340639069676e-05,0.17260178923606873,0.0025114500895142555,,,,,,dqn,cartpole,sparse,0.001,0.99,6,
843,0.0,97,0.050000000000000044,6.867488082207274e-06,0.17284822463989258,0.002328788861632347,,,,,,dqn,cartpole,sparse,0.001,0.99,6,
844,0.0,100,0.050000000000000044,4.966489086655201e-06,0.193052738904953,0.0023504486307501793,,,,,,dqn,cartpole,sparse,0.001,0.99,6,
845,0.0,100,0.050000000000000044,3.591863423935138e-05,0.17569029331207275,0.005797632969915867,,,,,,dqn,cartpole,sparse,0.001,0.99,6,
846,0.0,99,0.050000000000000044,5.090571903565433e-06,0.1805402934551239,0.0024225835222750902,,,,,,dqn,cartpole,sparse,0.001,0.99,6,
847,0.0,99,0.050000000000000044,2.559857239248231e-05,0.17343482375144958,0.003337061032652855,,,,,,dqn,cartpole,sparse,0.001,0.99,6,
848,0.0,106,0.050000000000000044,3.2466901757288724e-05,0.1726902276277542,0.003439344698563218,,,,,,dqn,cartpole,sparse,0.001,0.99,6,
849,0.0,111,0.050000000000000044,5.318094918038696e-05,0.17066463828086853,0.005164764355868101,,,,,,dqn,cartpole,sparse,0.001,0.99,6,
850,0.0,106,0.050000000000000044,2.398106880718842e-05,0.16872349381446838,0.0038178409449756145,,,0.0,0.0,94.3,dqn,cartpole,sparse,0.001,0.99,6,
851,0.0,92,0.050000000000000044,9.628827683627605e-06,0.18932831287384033,0.0028345026075839996,,,,,,dqn,cartpole,sparse,0.001,0.99,6,
852,0.0,102,0.050000000000000044,5.323913683241699e-06,0.17396533489227295,0.002318332437425852,,,,,,dqn,cartpole,sparse,0.001,0.99,6,
853,0.0,95,0.050000000000000044,6.699594086967409e-05,0.1855800598859787,0.0037361017893999815,,,,,,dqn,cartpole,sparse,0.001,0.99,6,
854,0.0,112,0.050000000000000044,2.954010142275365e-06,0.18029356002807617,0.001848452491685748,,,,,,dqn,cartpole,sparse,0.001,0.99,6,
855,0.0,97,0.050000000000000044,1.8258484487887472e-05,0.17857080698013306,0.004006115719676018,,,,,,dqn,cartpole,sparse,0.001,0.99,6,
856,0.0,105,0.050000000000000044,4.385055490274681e-06,0.19443190097808838,0.002373414346948266,,,,,,dqn,cartpole,sparse,0.001,0.99,6,
857,0.0,105,0.050000000000000044,1.0347596798965242e-05,0.18969357013702393,0.002762656891718507,,,,,,dqn,cartpole,sparse,0.001,0.99,6,
858,0.0,94,0.050000000000000044,1.0362107786932029e-05,0.18016493320465088,0.003530681598931551,,,,,,dqn,cartpole,sparse,0.001,0.99,6,
859,0.0,103,0.050000000000000044,7.382479452644475e-06,0.1742156445980072,0.0027188961394131184,,,,,,dqn,cartpole,sparse,0.001,0.99,6,
860,0.0,109,0.050000000000000044,0.0001401575718773529,0.16090738773345947,0.0052431668154895306,,,,,,dqn,cartpole,sparse,0.001,0.99,6,
861,0.0,97,0.050000000000000044,1.2639226042665541e-05,0.1833052635192871,0.003473123535513878,,,,,,dqn,cartpole,sparse,0.001,0.99,6,
862,0.0,100,0.050000000000000044,5.1231778343208134e-05,0.17430901527404785,0.0053414711728692055,,,,,,dqn,cartpole,sparse,0.001,0.99,6,
863,0.0,113,0.050000000000000044,1.1238493243581615e-05,0.20196887850761414,0.0025413045659661293,,,,,,dqn,cartpole,sparse,0.001,0.99,6,
864,0.0,102,0.050000000000000044,9.41684174904367e-06,0.1939249485731125,0.0037315255030989647,,,,,,dqn,cartpole,sparse,0.001,0.99,6,
865,0.0,97,0.050000000000000044,4.334358891355805e-06,0.17801262438297272,0.0020479485392570496,,,,,,dqn,cartpole,sparse,0.001,0.99,6,
866,0.0,105,0.050000000000000044,9.656980182626285e-06,0.18044298887252808,0.0028347743209451437,,,,,,dqn,cartpole,sparse,0.001,0.99,6,
867,0.0,100,0.050000000000000044,5.73633769818116e-06,0.1879979521036148,0.0020820132922381163,,,,,,dqn,cartpole,sparse,0.001,0.99,6,
868,0.0,103,0.050000000000000044,1.460151543142274e-05,0.18024462461471558,0.0034513946156948805,,,,,,dqn,cartpole,sparse,0.001,0.99,6,
869,0.0,103,0.050000000000000044,1.9960192730650306e-05,0.16806939244270325,0.0045017823576927185,,,,,,dqn,cartpole,sparse,0.001,0.99,6,
870,0.0,59,0.050000000000000044,1.1429941878304817e-05,0.18224215507507324,0.0037682706024497747,,,,,,dqn,cartpole,sparse,0.001,0.99,6,
871,0.0,99,0.050000000000000044,1.661417627474293e-05,0.17326891422271729,0.003577546216547489,,,,,,dqn,cartpole,sparse,0.001,0.99,6,
872,0.0,94,0.050000000000000044,0.0002436770300846547,0.18456673622131348,0.005850865039974451,,,,,,dqn,cartpole,sparse,0.001,0.99,6,
873,0.0,91,0.050000000000000044,2.0243700419086963e-05,0.18214094638824463,0.003463814500719309,,,,,,dqn,cartpole,sparse,0.001,0.99,6,
874,0.0,92,0.050000000000000044,1.1836682460852899e-05,0.18170282244682312,0.0029640698339790106,,,,,,dqn,cartpole,sparse,0.001,0.99,6,
875,0.0,97,0.050000000000000044,4.478421487874584e-06,0.1966509073972702,0.0019425281789153814,,,,,,dqn,cartpole,sparse,0.001,0.99,6,
876,0.0,38,0.050000000000000044,7.736769475741312e-06,0.190855473279953,0.0024166249204427004,,,,,,dqn,cartpole,sparse,0.001,0.99,6,
877,0.0,93,0.050000000000000044,1.0614146049192641e-05,0.1839577853679657,0.0027071605436503887,,,,,,dqn,cartpole,sparse,0.001,0.99,6,
878,0.0,106,0.050000000000000044,1.6005700672394596e-05,0.17956988513469696,0.003504167776554823,,,,,,dqn,cartpole,sparse,0.001,0.99,6,
879,0.0,89,0.050000000000000044,3.793210271396674e-05,0.18482166528701782,0.00527954800054431,,,,,,dqn,cartpole,sparse,0.001,0.99,6,
880,0.0,17,0.050000000000000044,9.402470823260956e-06,0.17790624499320984,0.0031158425845205784,,,,,,dqn,cartpole,sparse,0.001,0.99,6,
881,0.0,91,0.050000000000000044,3.007071791216731e-05,0.1967027336359024,0.00302270264364779,,,,,,dqn,cartpole,sparse,0.001,0.99,6,
882,0.0,88,0.050000000000000044,2.1106596250319853e-05,0.16105352342128754,0.003229285590350628,,,,,,dqn,cartpole,sparse,0.001,0.99,6,
883,0.0,101,0.050000000000000044,1.3760658475803211e-05,0.18706366419792175,0.003731182776391506,,,,,,dqn,cartpole,sparse,0.001,0.99,6,
884,0.0,98,0.050000000000000044,3.272144385846332e-05,0.19110360741615295,0.004546993412077427,,,,,,dqn,cartpole,sparse,0.001,0.99,6,
885,0.0,62,0.050000000000000044,5.132382739247987e-06,0.18917733430862427,0.0021447441540658474,,,,,,dqn,cartpole,sparse,0.001,0.99,6,
886,0.0,91,0.050000000000000044,5.913414497626945e-06,0.18575559556484222,0.0027881022542715073,,,,,,dqn,cartpole,sparse,0.001,0.99,6,
887,0.0,109,0.050000000000000044,8.81206779013155e-06,0.18692997097969055,0.0024183387868106365,,,,,,dqn,cartpole,sparse,0.001,0.99,6,
888,0.0,105,0.050000000000000044,6.407923137885518e-06,0.17786890268325806,0.002306627808138728,,,,,,dqn,cartpole,sparse,0.001,0.99,6,
889,0.0,92,0.050000000000000044,2.348169800825417e-05,0.18311312794685364,0.003535481169819832,,,,,,dqn,cartpole,sparse,0.001,0.99,6,
890,0.0,92,0.050000000000000044,2.7092208256362937e-05,0.1748897284269333,0.003895851317793131,,,,,,dqn,cartpole,sparse,0.001,0.99,6,
891,0.0,103,0.050000000000000044,2.389915971434675e-05,0.17148317396640778,0.0034824786707758904,,,,,,dqn,cartpole,sparse,0.001,0.99,6,
892,0.0,87,0.050000000000000044,4.088046989636496e-05,0.1775946021080017,0.003162618260830641,,,,,,dqn,cartpole,sparse,0.001,0.99,6,
893,0.0,100,0.050000000000000044,5.837363460159395e-06,0.18998000025749207,0.0021387364249676466,,,,,,dqn,cartpole,sparse,0.001,0.99,6,
894,0.0,92,0.050000000000000044,1.2516486094682477e-05,0.1870718151330948,0.0035079254303127527,,,,,,dqn,cartpole,sparse,0.001,0.99,6,
895,0.0,22,0.050000000000000044,3.81873451260617e-06,0.19550368189811707,0.0021004723384976387,,,,,,dqn,cartpole,sparse,0.001,0.99,6,
896,0.0,90,0.050000000000000044,1.0575102351140231e-05,0.19743962585926056,0.003673279657959938,,,,,,dqn,cartpole,sparse,0.001,0.99,6,
897,0.0,106,0.050000000000000044,0.0002148077910533175,0.19055292010307312,0.005411903373897076,,,,,,dqn,cartpole,sparse,0.001,0.99,6,
898,0.0,104,0.050000000000000044,1.2612658792932052e-05,0.17257767915725708,0.003799614030867815,,,,,,dqn,cartpole,sparse,0.001,0.99,6,
899,0.0,33,0.050000000000000044,3.367591853020713e-05,0.18837541341781616,0.004877631086856127,,,,,,dqn,cartpole,sparse,0.001,0.99,6,
900,0.0,48,0.050000000000000044,1.1499311767693143e-05,0.19369560480117798,0.0038404965307563543,,,0.0,0.0,89.5,dqn,cartpole,sparse,0.001,0.99,6,
901,0.0,96,0.050000000000000044,2.5313742298749276e-05,0.17486870288848877,0.003790790680795908,,,,,,dqn,cartpole,sparse,0.001,0.99,6,
902,0.0,69,0.050000000000000044,1.8325881683267653e-05,0.17733225226402283,0.004367997869849205,,,,,,dqn,cartpole,sparse,0.001,0.99,6,
903,0.0,99,0.050000000000000044,6.918588042026386e-06,0.19739027321338654,0.0030869566835463047,,,,,,dqn,cartpole,sparse,0.001,0.99,6,
904,0.0,89,0.050000000000000044,1.0543073585722595e-05,0.19496667385101318,0.0026657357811927795,,,,,,dqn,cartpole,sparse,0.001,0.99,6,
905,0.0,110,0.050000000000000044,5.026863618695643e-06,0.18174147605895996,0.0023961947299540043,,,,,,dqn,cartpole,sparse,0.001,0.99,6,
906,0.0,43,0.050000000000000044,1.644648909859825e-05,0.1867862492799759,0.0037382999435067177,,,,,,dqn,cartpole,sparse,0.001,0.99,6,
907,0.0,50,0.050000000000000044,6.7207138272351585e-06,0.19486302137374878,0.0032425876706838608,,,,,,dqn,cartpole,sparse,0.001,0.99,6,
908,0.0,53,0.050000000000000044,8.263245945272502e-06,0.18075412511825562,0.0027891581412404776,,,,,,dqn,cartpole,sparse,0.001,0.99,6,
909,0.0,49,0.050000000000000044,1.0911317986028735e-05,0.19717922806739807,0.0026730122044682503,,,,,,dqn,cartpole,sparse,0.001,0.99,6,
910,0.0,48,0.050000000000000044,4.4530239392770454e-05,0.18431493639945984,0.003044748678803444,,,,,,dqn,cartpole,sparse,0.001,0.99,6,
911,0.0,28,0.050000000000000044,1.1672114851535298e-05,0.18256303668022156,0.0027669561095535755,,,,,,dqn,cartpole,sparse,0.001,0.99,6,
912,0.0,103,0.050000000000000044,0.0004995777271687984,0.17990422248840332,0.007392494007945061,,,,,,dqn,cartpole,sparse,0.001,0.99,6,
913,0.0,104,0.050000000000000044,1.378275192109868e-05,0.1956801563501358,0.002536425832659006,,,,,,dqn,cartpole,sparse,0.001,0.99,6,
914,0.0,93,0.050000000000000044,7.1477929850516375e-06,0.18327933549880981,0.0028246354777365923,,,,,,dqn,cartpole,sparse,0.001,0.99,6,
915,0.0,98,0.050000000000000044,2.3202905140351504e-05,0.18297213315963745,0.004333744291216135,,,,,,dqn,cartpole,sparse,0.001,0.99,6,
916,0.0,27,0.050000000000000044,1.3045187188254204e-05,0.17297303676605225,0.0039157867431640625,,,,,,dqn,cartpole,sparse,0.001,0.99,6,
917,0.0,21,0.050000000000000044,6.69046357870684e-06,0.17998790740966797,0.0026887874118983746,,,,,,dqn,cartpole,sparse,0.001,0.99,6,
918,0.0,35,0.050000000000000044,1.1512680430314504e-05,0.18911948800086975,0.0026059180963784456,,,,,,dqn,cartpole,sparse,0.001,0.99,6,
919,0.0,38,0.050000000000000044,1.1878959412570111e-05,0.19561243057250977,0.0030922843143343925,,,,,,dqn,cartpole,sparse,0.001,0.99,6,
920,0.0,18,0.050000000000000044,3.95658535126131e-05,0.18429690599441528,0.0025235326029360294,,,,,,dqn,cartpole,sparse,0.001,0.99,6,
921,0.0,39,0.050000000000000044,1.2157511264376808e-05,0.1893559992313385,0.0028187765274196863,,,,,,dqn,cartpole,sparse,0.001,0.99,6,
922,0.0,56,0.050000000000000044,1.9276991224614903e-05,0.17745575308799744,0.0032440833747386932,,,,,,dqn,cartpole,sparse,0.001,0.99,6,
923,0.0,54,0.050000000000000044,1.209256788570201e-05,0.19426479935646057,0.003487745299935341,,,,,,dqn,cartpole,sparse,0.001,0.99,6,
924,0.0,57,0.050000000000000044,1.820065881474875e-05,0.1999908983707428,0.00388164259493351,,,,,,dqn,cartpole,sparse,0.001,0.99,6,
925,0.0,46,0.050000000000000044,8.415207048528828e-06,0.18627730011940002,0.003144442103803158,,,,,,dqn,cartpole,sparse,0.001,0.99,6,
926,0.0,54,0.050000000000000044,1.1450136298662983e-05,0.1817561388015747,0.003402024507522583,,,,,,dqn,cartpole,sparse,0.001,0.99,6,
927,0.0,61,0.050000000000000044,4.123879079998005e-06,0.18064193427562714,0.002062656916677952,,,,,,dqn,cartpole,sparse,0.001,0.99,6,
928,0.0,60,0.050000000000000044,1.136713854066329e-05,0.17899921536445618,0.0033442466519773006,,,,,,dqn,cartpole,sparse,0.001,0.99,6,
929,0.0,51,0.050000000000000044,5.40188375452999e-06,0.1938149631023407,0.002272197976708412,,,,,,dqn,cartpole,sparse,0.001,0.99,6,
930,0.0,94,0.050000000000000044,3.50802656612359e-05,0.18798372149467468,0.003940281458199024,,,,,,dqn,cartpole,sparse,0.001,0.99,6,
931,0.0,59,0.050000000000000044,0.000539202184882015,0.20033274590969086,0.008073873817920685,,,,,,dqn,cartpole,sparse,0.001,0.99,6,
932,0.0,97,0.050000000000000044,1.5980123862391338e-05,0.19338558614253998,0.00394299253821373,,,,,,dqn,cartpole,sparse,0.001,0.99,6,
933,0.0,102,0.050000000000000044,2.4593078705947846e-05,0.2008393406867981,0.0035390350967645645,,,,,,dqn,cartpole,sparse,0.001,0.99,6,
934,0.0,97,0.050000000000000044,5.319768388289958e-05,0.18384221196174622,0.00514945900067687,,,,,,dqn,cartpole,sparse,0.001,0.99,6,
935,0.0,98,0.050000000000000044,9.724698429636192e-06,0.1947634518146515,0.0034418744035065174,,,,,,dqn,cartpole,sparse,0.001,0.99,6,
936,0.0,105,0.050000000000000044,1.1519856343511492e-05,0.19261690974235535,0.002555007115006447,,,,,,dqn,cartpole,sparse,0.001,0.99,6,
937,0.0,98,0.050000000000000044,0.0004441308556124568,0.18117618560791016,0.006879221647977829,,,,,,dqn,cartpole,sparse,0.001,0.99,6,
938,0.0,22,0.050000000000000044,1.0177142030443065e-05,0.18715885281562805,0.0034172716550529003,,,,,,dqn,cartpole,sparse,0.001,0.99,6,
939,0.0,54,0.050000000000000044,7.651070518477354e-06,0.19635039567947388,0.0024296394549310207,,,,,,dqn,cartpole,sparse,0.001,0.99,6,
940,0.0,33,0.050000000000000044,6.246278644539416e-06,0.19126074016094208,0.0026659220457077026,,,,,,dqn,cartpole,sparse,0.001,0.99,6,
941,0.0,105,0.050000000000000044,3.639250053311116e-06,0.20198290050029755,0.0022698782850056887,,,,,,dqn,cartpole,sparse,0.001,0.99,6,
942,0.0,106,0.050000000000000044,4.874867499893298e-06,0.18696752190589905,0.0017296932637691498,,,,,,dqn,cartpole,sparse,0.001,0.99,6,
943,0.0,33,0.050000000000000044,0.0002631524985190481,0.19134244322776794,0.005450033117085695,,,,,,dqn,cartpole,sparse,0.001,0.99,6,
944,0.0,87,0.050000000000000044,1.56190617417451e-05,0.18726134300231934,0.0032890462316572666,,,,,,dqn,cartpole,sparse,0.001,0.99,6,
945,0.0,90,0.050000000000000044,1.593266279087402e-05,0.19566941261291504,0.004114203620702028,,,,,,dqn,cartpole,sparse,0.001,0.99,6,
946,0.0,96,0.050000000000000044,5.032733497500885e-06,0.19247016310691833,0.0022730561904609203,,,,,,dqn,cartpole,sparse,0.001,0.99,6,
947,0.0,96,0.050000000000000044,2.0964796931366436e-05,0.18321362137794495,0.0027934741228818893,,,,,,dqn,cartpole,sparse,0.001,0.99,6,
948,0.0,16,0.050000000000000044,2.287640563736204e-05,0.20192109048366547,0.0033260842319577932,,,,,,dqn,cartpole,sparse,0.001,0.99,6,
949,0.0,100,0.050000000000000044,4.869049917033408e-06,0.19701610505580902,0.002342109801247716,,,,,,dqn,cartpole,sparse,0.001,0.99,6,
950,0.0,52,0.050000000000000044,1.4448356523644179e-05,0.18277636170387268,0.004186421167105436,,,0.0,0.0,40.6,dqn,cartpole,sparse,0.001,0.99,6,
951,0.0,58,0.050000000000000044,2.107976069964934e-05,0.18849225342273712,0.003468709532171488,,,,,,dqn,cartpole,sparse,0.001,0.99,6,
952,0.0,94,0.050000000000000044,1.851996057666838e-05,0.1871105432510376,0.004085919354110956,,,,,,dqn,cartpole,sparse,0.001,0.99,6,
953,0.0,49,0.050000000000000044,4.054071723658126e-06,0.18351522088050842,0.0019680417608469725,,,,,,dqn,cartpole,sparse,0.001,0.99,6,
954,0.0,91,0.050000000000000044,1.335012166236993e-05,0.20510905981063843,0.00307907210662961,,,,,,dqn,cartpole,sparse,0.001,0.99,6,
955,0.0,94,0.050000000000000044,0.0004517466586548835,0.19145968556404114,0.0060118138790130615,,,,,,dqn,cartpole,sparse,0.001,0.99,6,
956,0.0,89,0.050000000000000044,1.399153916281648e-05,0.191470205783844,0.0037188618443906307,,,,,,dqn,cartpole,sparse,0.001,0.99,6,
957,0.0,45,0.050000000000000044,6.649791430390906e-06,0.17434218525886536,0.0025954293087124825,,,,,,dqn,cartpole,sparse,0.001,0.99,6,
958,0.0,45,0.050000000000000044,1.596086258359719e-05,0.18896718323230743,0.003441749606281519,,,,,,dqn,cartpole,sparse,0.001,0.99,6,
959,0.0,106,0.050000000000000044,1.12676234493847e-05,0.1781356781721115,0.003985309973359108,,,,,,dqn,cartpole,sparse,0.001,0.99,6,
960,0.0,96,0.050000000000000044,8.325674571096897e-06,0.18953992426395416,0.0025653839111328125,,,,,,dqn,cartpole,sparse,0.001,0.99,6,
961,0.0,32,0.050000000000000044,9.580246114637703e-06,0.18595066666603088,0.002838302403688431,,,,,,dqn,cartpole,sparse,0.001,0.99,6,
962,0.0,45,0.050000000000000044,1.526753476355225e-05,0.1925896406173706,0.0035523278638720512,,,,,,dqn,cartpole,sparse,0.001,0.99,6,
963,0.0,120,0.050000000000000044,1.4081515473662876e-05,0.1785270869731903,0.0034706932492554188,,,,,,dqn,cartpole,sparse,0.001,0.99,6,
964,0.0,26,0.050000000000000044,1.4478857337962836e-05,0.1893356740474701,0.0031119524501264095,,,,,,dqn,cartpole,sparse,0.001,0.99,6,
965,0.0,63,0.050000000000000044,1.5495268598897383e-05,0.20031951367855072,0.004350065253674984,,,,,,dqn,cartpole,sparse,0.001,0.99,6,
966,0.0,58,0.050000000000000044,6.153663889563177e-06,0.19317419826984406,0.0024802018888294697,,,,,,dqn,cartpole,sparse,0.001,0.99,6,
967,0.0,91,0.050000000000000044,4.85808322991943e-06,0.20010904967784882,0.002032275777310133,,,,,,dqn,cartpole,sparse,0.001,0.99,6,
968,0.0,95,0.050000000000000044,1.409125434292946e-05,0.193430095911026,0.003712958190590143,,,,,,dqn,cartpole,sparse,0.001,0.99,6,
969,0.0,91,0.050000000000000044,4.39392488260637e-06,0.18148429691791534,0.001925936434417963,,,,,,dqn,cartpole,sparse,0.001,0.99,6,
970,0.0,114,0.050000000000000044,1.8074226318276487e-05,0.18742072582244873,0.003313956083729863,,,,,,dqn,cartpole,sparse,0.001,0.99,6,
971,0.0,98,0.050000000000000044,1.558386065880768e-05,0.1918298453092575,0.0027271509170532227,,,,,,dqn,cartpole,sparse,0.001,0.99,6,
972,0.0,55,0.050000000000000044,1.374911516904831e-05,0.18391844630241394,0.002212228486314416,,,,,,dqn,cartpole,sparse,0.001,0.99,6,
973,0.0,96,0.050000000000000044,8.292810889543034e-06,0.1852031946182251,0.002722751349210739,,,,,,dqn,cartpole,sparse,0.001,0.99,6,
974,0.0,90,0.050000000000000044,3.358665344421752e-05,0.1882457733154297,0.005332243163138628,,,,,,dqn,cartpole,sparse,0.001,0.99,6,
975,0.0,94,0.050000000000000044,3.727452622115379e-06,0.17946311831474304,0.0019951092544943094,,,,,,dqn,cartpole,sparse,0.001,0.99,6,
976,0.0,65,0.050000000000000044,1.1492888006614521e-05,0.17745628952980042,0.0029264939948916435,,,,,,dqn,cartpole,sparse,0.001,0.99,6,
977,0.0,97,0.050000000000000044,1.2186982530693058e-05,0.186771959066391,0.0037364992313086987,,,,,,dqn,cartpole,sparse,0.001,0.99,6,
978,0.0,25,0.050000000000000044,9.263434549211524e-06,0.19026720523834229,0.002662593498826027,,,,,,dqn,cartpole,sparse,0.001,0.99,6,
979,0.0,109,0.050000000000000044,2.064427280856762e-05,0.19354212284088135,0.003556449431926012,,,,,,dqn,cartpole,sparse,0.001,0.99,6,
980,0.0,99,0.050000000000000044,1.6119702195283026e-05,0.1768818497657776,0.002952293260022998,,,,,,dqn,cartpole,sparse,0.001,0.99,6,
981,0.0,95,0.050000000000000044,9.589139153831638e-06,0.17906701564788818,0.0028968455735594034,,,,,,dqn,cartpole,sparse,0.001,0.99,6,
982,0.0,96,0.050000000000000044,2.4473602024954744e-05,0.1864355057477951,0.003547155996784568,,,,,,dqn,cartpole,sparse,0.001,0.99,6,
983,0.0,98,0.050000000000000044,0.00021454316447488964,0.19074290990829468,0.0049040233716368675,,,,,,dqn,cartpole,sparse,0.001,0.99,6,
984,0.0,95,0.050000000000000044,1.5155761502683163e-05,0.1804400086402893,0.003151370445266366,,,,,,dqn,cartpole,sparse,0.001,0.99,6,
985,0.0,98,0.050000000000000044,1.7892374671646394e-05,0.18383708596229553,0.00337810255587101,,,,,,dqn,cartpole,sparse,0.001,0.99,6,
986,0.0,99,0.050000000000000044,3.6263209040043876e-06,0.1958598792552948,0.002129059284925461,,,,,,dqn,cartpole,sparse,0.001,0.99,6,
987,0.0,97,0.050000000000000044,7.73701976868324e-05,0.18881894648075104,0.003918396309018135,,,,,,dqn,cartpole,sparse,0.001,0.99,6,
988,0.0,107,0.050000000000000044,9.312891961599234e-06,0.18720625340938568,0.0023644412867724895,,,,,,dqn,cartpole,sparse,0.001,0.99,6,
989,0.0,106,0.050000000000000044,1.4949080650694668e-05,0.18848846852779388,0.003179494757205248,,,,,,dqn,cartpole,sparse,0.001,0.99,6,
990,0.0,105,0.050000000000000044,1.0125449080078397e-05,0.18751302361488342,0.0022237878292798996,,,,,,dqn,cartpole,sparse,0.001,0.99,6,
991,0.0,90,0.050000000000000044,5.582359335676301e-06,0.18886815011501312,0.0024186517111957073,,,,,,dqn,cartpole,sparse,0.001,0.99,6,
992,0.0,91,0.050000000000000044,1.3675207810592838e-06,0.1966310739517212,0.0012940913438796997,,,,,,dqn,cartpole,sparse,0.001,0.99,6,
993,0.0,105,0.050000000000000044,8.265456563094631e-05,0.19147896766662598,0.003686766140162945,,,,,,dqn,cartpole,sparse,0.001,0.99,6,
994,0.0,96,0.050000000000000044,1.626049379410688e-05,0.19404104351997375,0.0027618655003607273,,,,,,dqn,cartpole,sparse,0.001,0.99,6,
995,0.0,99,0.050000000000000044,2.2183778128237464e-05,0.19414009153842926,0.0033692121505737305,,,,,,dqn,cartpole,sparse,0.001,0.99,6,
996,0.0,97,0.050000000000000044,7.020539487712085e-05,0.19337785243988037,0.004015570506453514,,,,,,dqn,cartpole,sparse,0.001,0.99,6,
997,0.0,96,0.050000000000000044,5.0902028306154534e-05,0.17656177282333374,0.00550996046513319,,,,,,dqn,cartpole,sparse,0.001,0.99,6,
998,0.0,59,0.050000000000000044,1.0500398275326006e-05,0.1756061613559723,0.0034885110799223185,,,,,,dqn,cartpole,sparse,0.001,0.99,6,
999,0.0,99,0.050000000000000044,0.0003041655872948468,0.19153288006782532,0.005204749759286642,,,,,,dqn,cartpole,sparse,0.001,0.99,6,
1000,0.0,95,0.050000000000000044,5.309213520376943e-06,0.1926204264163971,0.002146410057321191,,,0.0,0.0,92.3,dqn,cartpole,sparse,0.001,0.99,6,
