2026-04-19 01:21:34 | INFO | ============================================================
2026-04-19 01:21:34 | INFO | DEVICE / COMPUTE INFORMATION
2026-04-19 01:21:34 | INFO |   JAX backend       : CPU
2026-04-19 01:21:34 | INFO |   Platform          : cpu
2026-04-19 01:21:34 | INFO |   Num devices       : 1
2026-04-19 01:21:34 | INFO |   Device            : TFRT_CPU_0
2026-04-19 01:21:34 | INFO | ============================================================
2026-04-19 01:21:34 | INFO | DQN+Entropy | seed=4, lr=0.001, gamma=0.99, alpha=0.1
2026-04-19 01:21:34 | INFO | Env: mountaincar/dense, obs_dim=2, num_actions=3
2026-04-19 01:21:36 | INFO | Episode    1 - Reward: -200.000, Length: 200, Loss: 0.8476, Entropy: 1.0985, Epsilon: 0.999
2026-04-19 01:21:36 | INFO | Episode    2 - Reward: -200.000, Length: 200, Loss: 0.8303, Entropy: 1.0985, Epsilon: 0.998
2026-04-19 01:21:36 | INFO | Episode    3 - Reward: -200.000, Length: 200, Loss: 0.8151, Entropy: 1.0985, Epsilon: 0.997
2026-04-19 01:21:36 | INFO | Episode    4 - Reward: -200.000, Length: 200, Loss: 0.8476, Entropy: 1.0985, Epsilon: 0.996
2026-04-19 01:21:37 | INFO | Episode    5 - Reward: -200.000, Length: 200, Loss: 0.8300, Entropy: 1.0985, Epsilon: 0.995
2026-04-19 01:21:37 | INFO | Episode    6 - Reward: -200.000, Length: 200, Loss: 0.8468, Entropy: 1.0985, Epsilon: 0.994
2026-04-19 01:21:37 | INFO | Episode    7 - Reward: -200.000, Length: 200, Loss: 0.8308, Entropy: 1.0985, Epsilon: 0.993
2026-04-19 01:21:37 | INFO | Episode    8 - Reward: -200.000, Length: 200, Loss: 0.8162, Entropy: 1.0985, Epsilon: 0.992
2026-04-19 01:21:38 | INFO | Episode    9 - Reward: -200.000, Length: 200, Loss: 0.8471, Entropy: 1.0985, Epsilon: 0.991
2026-04-19 01:21:38 | INFO | Episode   10 - Reward: -200.000, Length: 200, Loss: 0.8321, Entropy: 1.0985, Epsilon: 0.990
2026-04-19 01:21:38 | INFO | Episode   11 - Reward: -200.000, Length: 200, Loss: 0.8486, Entropy: 1.0985, Epsilon: 0.989
2026-04-19 01:21:38 | INFO | Episode   12 - Reward: -200.000, Length: 200, Loss: 0.8342, Entropy: 1.0985, Epsilon: 0.988
2026-04-19 01:21:39 | INFO | Episode   13 - Reward: -200.000, Length: 200, Loss: 0.8197, Entropy: 1.0985, Epsilon: 0.987
2026-04-19 01:21:39 | INFO | Episode   14 - Reward: -200.000, Length: 200, Loss: 0.8488, Entropy: 1.0985, Epsilon: 0.986
2026-04-19 01:21:39 | INFO | Episode   15 - Reward: -200.000, Length: 200, Loss: 0.8352, Entropy: 1.0985, Epsilon: 0.985
2026-04-19 01:21:39 | INFO | Episode   16 - Reward: -200.000, Length: 200, Loss: 0.8497, Entropy: 1.0985, Epsilon: 0.984
2026-04-19 01:21:40 | INFO | Episode   17 - Reward: -200.000, Length: 200, Loss: 0.8352, Entropy: 1.0985, Epsilon: 0.983
2026-04-19 01:21:40 | INFO | Episode   18 - Reward: -200.000, Length: 200, Loss: 0.8216, Entropy: 1.0985, Epsilon: 0.982
2026-04-19 01:21:40 | INFO | Episode   19 - Reward: -200.000, Length: 200, Loss: 0.8483, Entropy: 1.0985, Epsilon: 0.981
2026-04-19 01:21:40 | INFO | Episode   20 - Reward: -200.000, Length: 200, Loss: 0.8361, Entropy: 1.0985, Epsilon: 0.980
2026-04-19 01:21:41 | INFO | Episode   21 - Reward: -200.000, Length: 200, Loss: 0.8506, Entropy: 1.0985, Epsilon: 0.979
2026-04-19 01:21:41 | INFO | Episode   22 - Reward: -200.000, Length: 200, Loss: 0.8355, Entropy: 1.0985, Epsilon: 0.978
2026-04-19 01:21:41 | INFO | Episode   23 - Reward: -200.000, Length: 200, Loss: 0.8184, Entropy: 1.0985, Epsilon: 0.977
2026-04-19 01:21:41 | INFO | Episode   24 - Reward: -200.000, Length: 200, Loss: 0.8466, Entropy: 1.0984, Epsilon: 0.976
2026-04-19 01:21:42 | INFO | Episode   25 - Reward: -200.000, Length: 200, Loss: 0.8345, Entropy: 1.0984, Epsilon: 0.975
2026-04-19 01:21:42 | INFO | Episode   26 - Reward: -200.000, Length: 200, Loss: 0.8467, Entropy: 1.0984, Epsilon: 0.974
2026-04-19 01:21:42 | INFO | Episode   27 - Reward: -200.000, Length: 200, Loss: 0.8324, Entropy: 1.0984, Epsilon: 0.973
2026-04-19 01:21:42 | INFO | Episode   28 - Reward: -200.000, Length: 200, Loss: 0.8186, Entropy: 1.0984, Epsilon: 0.972
2026-04-19 01:21:43 | INFO | Episode   29 - Reward: -200.000, Length: 200, Loss: 0.8460, Entropy: 1.0984, Epsilon: 0.971
2026-04-19 01:21:43 | INFO | Episode   30 - Reward: -200.000, Length: 200, Loss: 0.8318, Entropy: 1.0984, Epsilon: 0.970
2026-04-19 01:21:43 | INFO | Episode   31 - Reward: -200.000, Length: 200, Loss: 0.8431, Entropy: 1.0984, Epsilon: 0.969
2026-04-19 01:21:43 | INFO | Episode   32 - Reward: -200.000, Length: 200, Loss: 0.8299, Entropy: 1.0984, Epsilon: 0.968
2026-04-19 01:21:44 | INFO | Episode   33 - Reward: -200.000, Length: 200, Loss: 0.8169, Entropy: 1.0984, Epsilon: 0.967
2026-04-19 01:21:44 | INFO | Episode   34 - Reward: -200.000, Length: 200, Loss: 0.8417, Entropy: 1.0984, Epsilon: 0.966
2026-04-19 01:21:44 | INFO | Episode   35 - Reward: -200.000, Length: 200, Loss: 0.8302, Entropy: 1.0984, Epsilon: 0.965
2026-04-19 01:21:44 | INFO | Episode   36 - Reward: -200.000, Length: 200, Loss: 0.8402, Entropy: 1.0984, Epsilon: 0.964
2026-04-19 01:21:45 | INFO | Episode   37 - Reward: -200.000, Length: 200, Loss: 0.8294, Entropy: 1.0984, Epsilon: 0.963
2026-04-19 01:21:45 | INFO | Episode   38 - Reward: -200.000, Length: 200, Loss: 0.8137, Entropy: 1.0984, Epsilon: 0.962
2026-04-19 01:21:45 | INFO | Episode   39 - Reward: -200.000, Length: 200, Loss: 0.8425, Entropy: 1.0984, Epsilon: 0.961
2026-04-19 01:21:45 | INFO | Episode   40 - Reward: -200.000, Length: 200, Loss: 0.8272, Entropy: 1.0984, Epsilon: 0.960
2026-04-19 01:21:46 | INFO | Episode   41 - Reward: -200.000, Length: 200, Loss: 0.8419, Entropy: 1.0984, Epsilon: 0.959
2026-04-19 01:21:46 | INFO | Episode   42 - Reward: -200.000, Length: 200, Loss: 0.8269, Entropy: 1.0984, Epsilon: 0.958
2026-04-19 01:21:46 | INFO | Episode   43 - Reward: -200.000, Length: 200, Loss: 0.8122, Entropy: 1.0984, Epsilon: 0.957
2026-04-19 01:21:46 | INFO | Episode   44 - Reward: -200.000, Length: 200, Loss: 0.8387, Entropy: 1.0984, Epsilon: 0.956
2026-04-19 01:21:47 | INFO | Episode   45 - Reward: -200.000, Length: 200, Loss: 0.8265, Entropy: 1.0984, Epsilon: 0.955
2026-04-19 01:21:47 | INFO | Episode   46 - Reward: -200.000, Length: 200, Loss: 0.8420, Entropy: 1.0984, Epsilon: 0.954
2026-04-19 01:21:47 | INFO | Episode   47 - Reward: -200.000, Length: 200, Loss: 0.8249, Entropy: 1.0984, Epsilon: 0.953
2026-04-19 01:21:47 | INFO | Episode   48 - Reward: -200.000, Length: 200, Loss: 0.8078, Entropy: 1.0984, Epsilon: 0.952
2026-04-19 01:21:48 | INFO | Episode   49 - Reward: -200.000, Length: 200, Loss: 0.8420, Entropy: 1.0984, Epsilon: 0.951
2026-04-19 01:21:48 | INFO | Episode   50 - Reward: -200.000, Length: 200, Loss: 0.8256, Entropy: 1.0984, Epsilon: 0.951
2026-04-19 01:21:48 | INFO | Episode   51 - Reward: -200.000, Length: 200, Loss: 0.8388, Entropy: 1.0984, Epsilon: 0.950
2026-04-19 01:21:49 | INFO | Episode   52 - Reward: -200.000, Length: 200, Loss: 0.8232, Entropy: 1.0984, Epsilon: 0.949
2026-04-19 01:21:49 | INFO | Episode   53 - Reward: -200.000, Length: 200, Loss: 0.8064, Entropy: 1.0984, Epsilon: 0.948
2026-04-19 01:21:49 | INFO | Episode   54 - Reward: -200.000, Length: 200, Loss: 0.8389, Entropy: 1.0984, Epsilon: 0.947
2026-04-19 01:21:49 | INFO | Episode   55 - Reward: -200.000, Length: 200, Loss: 0.8194, Entropy: 1.0984, Epsilon: 0.946
2026-04-19 01:21:50 | INFO | Episode   56 - Reward: -200.000, Length: 200, Loss: 0.8391, Entropy: 1.0984, Epsilon: 0.945
2026-04-19 01:21:50 | INFO | Episode   57 - Reward: -200.000, Length: 200, Loss: 0.8223, Entropy: 1.0984, Epsilon: 0.944
2026-04-19 01:21:50 | INFO | Episode   58 - Reward: -200.000, Length: 200, Loss: 0.8019, Entropy: 1.0984, Epsilon: 0.943
2026-04-19 01:21:50 | INFO | Episode   59 - Reward: -200.000, Length: 200, Loss: 0.8331, Entropy: 1.0984, Epsilon: 0.942
2026-04-19 01:21:51 | INFO | Episode   60 - Reward: -200.000, Length: 200, Loss: 0.8170, Entropy: 1.0984, Epsilon: 0.941
2026-04-19 01:21:51 | INFO | Episode   61 - Reward: -200.000, Length: 200, Loss: 0.8342, Entropy: 1.0984, Epsilon: 0.940
2026-04-19 01:21:51 | INFO | Episode   62 - Reward: -200.000, Length: 200, Loss: 0.8182, Entropy: 1.0984, Epsilon: 0.939
2026-04-19 01:21:51 | INFO | Episode   63 - Reward: -200.000, Length: 200, Loss: 0.8002, Entropy: 1.0984, Epsilon: 0.938
2026-04-19 01:21:52 | INFO | Episode   64 - Reward: -200.000, Length: 200, Loss: 0.8345, Entropy: 1.0984, Epsilon: 0.937
2026-04-19 01:21:52 | INFO | Episode   65 - Reward: -200.000, Length: 200, Loss: 0.8161, Entropy: 1.0984, Epsilon: 0.936
2026-04-19 01:21:52 | INFO | Episode   66 - Reward: -200.000, Length: 200, Loss: 0.8374, Entropy: 1.0983, Epsilon: 0.935
2026-04-19 01:21:52 | INFO | Episode   67 - Reward: -200.000, Length: 200, Loss: 0.8166, Entropy: 1.0983, Epsilon: 0.934
2026-04-19 01:21:53 | INFO | Episode   68 - Reward: -200.000, Length: 200, Loss: 0.7940, Entropy: 1.0983, Epsilon: 0.933
2026-04-19 01:21:53 | INFO | Episode   69 - Reward: -200.000, Length: 200, Loss: 0.8321, Entropy: 1.0983, Epsilon: 0.932
2026-04-19 01:21:53 | INFO | Episode   70 - Reward: -200.000, Length: 200, Loss: 0.8136, Entropy: 1.0983, Epsilon: 0.931
2026-04-19 01:21:53 | INFO | Episode   71 - Reward: -200.000, Length: 200, Loss: 0.8327, Entropy: 1.0983, Epsilon: 0.930
2026-04-19 01:21:54 | INFO | Episode   72 - Reward: -200.000, Length: 200, Loss: 0.8154, Entropy: 1.0983, Epsilon: 0.929
2026-04-19 01:21:54 | INFO | Episode   73 - Reward: -200.000, Length: 200, Loss: 0.7925, Entropy: 1.0983, Epsilon: 0.928
2026-04-19 01:21:54 | INFO | Episode   74 - Reward: -200.000, Length: 200, Loss: 0.8330, Entropy: 1.0983, Epsilon: 0.927
2026-04-19 01:21:55 | INFO | Episode   75 - Reward: -200.000, Length: 200, Loss: 0.8103, Entropy: 1.0983, Epsilon: 0.926
2026-04-19 01:21:55 | INFO | Episode   76 - Reward: -200.000, Length: 200, Loss: 0.8303, Entropy: 1.0983, Epsilon: 0.925
2026-04-19 01:21:55 | INFO | Episode   77 - Reward: -200.000, Length: 200, Loss: 0.8097, Entropy: 1.0983, Epsilon: 0.924
2026-04-19 01:21:55 | INFO | Episode   78 - Reward: -200.000, Length: 200, Loss: 0.7879, Entropy: 1.0983, Epsilon: 0.923
2026-04-19 01:21:56 | INFO | Episode   79 - Reward: -200.000, Length: 200, Loss: 0.8255, Entropy: 1.0983, Epsilon: 0.922
2026-04-19 01:21:56 | INFO | Episode   80 - Reward: -200.000, Length: 200, Loss: 0.8011, Entropy: 1.0983, Epsilon: 0.921
2026-04-19 01:21:56 | INFO | Episode   81 - Reward: -200.000, Length: 200, Loss: 0.8260, Entropy: 1.0983, Epsilon: 0.920
2026-04-19 01:21:56 | INFO | Episode   82 - Reward: -200.000, Length: 200, Loss: 0.8042, Entropy: 1.0983, Epsilon: 0.919
2026-04-19 01:21:57 | INFO | Episode   83 - Reward: -200.000, Length: 200, Loss: 0.7730, Entropy: 1.0983, Epsilon: 0.918
2026-04-19 01:21:57 | INFO | Episode   84 - Reward: -200.000, Length: 200, Loss: 0.8229, Entropy: 1.0983, Epsilon: 0.917
2026-04-19 01:21:57 | INFO | Episode   85 - Reward: -200.000, Length: 200, Loss: 0.8016, Entropy: 1.0983, Epsilon: 0.916
2026-04-19 01:21:57 | INFO | Episode   86 - Reward: -200.000, Length: 200, Loss: 0.8239, Entropy: 1.0983, Epsilon: 0.915
2026-04-19 01:21:58 | INFO | Episode   87 - Reward: -200.000, Length: 200, Loss: 0.7969, Entropy: 1.0983, Epsilon: 0.914
2026-04-19 01:21:58 | INFO | Episode   88 - Reward: -200.000, Length: 200, Loss: 0.7730, Entropy: 1.0983, Epsilon: 0.913
2026-04-19 01:21:58 | INFO | Episode   89 - Reward: -200.000, Length: 200, Loss: 0.8144, Entropy: 1.0983, Epsilon: 0.912
2026-04-19 01:21:58 | INFO | Episode   90 - Reward: -200.000, Length: 200, Loss: 0.7920, Entropy: 1.0983, Epsilon: 0.911
2026-04-19 01:21:59 | INFO | Episode   91 - Reward: -200.000, Length: 200, Loss: 0.8130, Entropy: 1.0983, Epsilon: 0.910
2026-04-19 01:21:59 | INFO | Episode   92 - Reward: -200.000, Length: 200, Loss: 0.7907, Entropy: 1.0983, Epsilon: 0.909
2026-04-19 01:21:59 | INFO | Episode   93 - Reward: -200.000, Length: 200, Loss: 0.7649, Entropy: 1.0983, Epsilon: 0.908
2026-04-19 01:21:59 | INFO | Episode   94 - Reward: -200.000, Length: 200, Loss: 0.8155, Entropy: 1.0983, Epsilon: 0.907
2026-04-19 01:22:00 | INFO | Episode   95 - Reward: -200.000, Length: 200, Loss: 0.7892, Entropy: 1.0982, Epsilon: 0.906
2026-04-19 01:22:00 | INFO | Episode   96 - Reward: -200.000, Length: 200, Loss: 0.8126, Entropy: 1.0982, Epsilon: 0.905
2026-04-19 01:22:00 | INFO | Episode   97 - Reward: -200.000, Length: 200, Loss: 0.7853, Entropy: 1.0982, Epsilon: 0.904
2026-04-19 01:22:00 | INFO | Episode   98 - Reward: -200.000, Length: 200, Loss: 0.7573, Entropy: 1.0982, Epsilon: 0.903
2026-04-19 01:22:01 | INFO | Episode   99 - Reward: -200.000, Length: 200, Loss: 0.8155, Entropy: 1.0982, Epsilon: 0.902
2026-04-19 01:22:01 | INFO | Episode  100 - Reward: -200.000, Length: 200, Loss: 0.7860, Entropy: 1.0983, Epsilon: 0.901
2026-04-19 01:22:06 | INFO | [Episode  100] eps=0.901  avg_reward=-200.000  avg_length=200.00  avg_loss=  0.8222  avg_entropy=1.0983  eval_success=0.000
2026-04-19 01:22:06 | INFO | Episode  101 - Reward: -200.000, Length: 200, Loss: 0.8132, Entropy: 1.0982, Epsilon: 0.900
2026-04-19 01:22:06 | INFO | Episode  102 - Reward: -200.000, Length: 200, Loss: 0.7827, Entropy: 1.0982, Epsilon: 0.899
2026-04-19 01:22:07 | INFO | Episode  103 - Reward: -200.000, Length: 200, Loss: 0.7539, Entropy: 1.0983, Epsilon: 0.898
2026-04-19 01:22:07 | INFO | Episode  104 - Reward: -200.000, Length: 200, Loss: 0.8115, Entropy: 1.0983, Epsilon: 0.897
2026-04-19 01:22:07 | INFO | Episode  105 - Reward: -200.000, Length: 200, Loss: 0.7820, Entropy: 1.0983, Epsilon: 0.896
2026-04-19 01:22:07 | INFO | Episode  106 - Reward: -200.000, Length: 200, Loss: 0.8089, Entropy: 1.0983, Epsilon: 0.895
2026-04-19 01:22:08 | INFO | Episode  107 - Reward: -200.000, Length: 200, Loss: 0.7787, Entropy: 1.0982, Epsilon: 0.894
2026-04-19 01:22:08 | INFO | Episode  108 - Reward: -200.000, Length: 200, Loss: 0.7404, Entropy: 1.0982, Epsilon: 0.893
2026-04-19 01:22:08 | INFO | Episode  109 - Reward: -200.000, Length: 200, Loss: 0.8058, Entropy: 1.0982, Epsilon: 0.892
2026-04-19 01:22:08 | INFO | Episode  110 - Reward: -200.000, Length: 200, Loss: 0.7715, Entropy: 1.0982, Epsilon: 0.891
2026-04-19 01:22:09 | INFO | Episode  111 - Reward: -200.000, Length: 200, Loss: 0.8045, Entropy: 1.0982, Epsilon: 0.890
2026-04-19 01:22:09 | INFO | Episode  112 - Reward: -200.000, Length: 200, Loss: 0.7588, Entropy: 1.0983, Epsilon: 0.889
2026-04-19 01:22:09 | INFO | Episode  113 - Reward: -200.000, Length: 200, Loss: 0.7233, Entropy: 1.0983, Epsilon: 0.888
2026-04-19 01:22:09 | INFO | Episode  114 - Reward: -200.000, Length: 200, Loss: 0.8009, Entropy: 1.0982, Epsilon: 0.887
2026-04-19 01:22:10 | INFO | Episode  115 - Reward: -200.000, Length: 200, Loss: 0.7596, Entropy: 1.0982, Epsilon: 0.886
2026-04-19 01:22:10 | INFO | Episode  116 - Reward: -200.000, Length: 200, Loss: 0.8037, Entropy: 1.0982, Epsilon: 0.885
2026-04-19 01:22:10 | INFO | Episode  117 - Reward: -200.000, Length: 200, Loss: 0.7554, Entropy: 1.0983, Epsilon: 0.884
2026-04-19 01:22:10 | INFO | Episode  118 - Reward: -200.000, Length: 200, Loss: 0.7145, Entropy: 1.0983, Epsilon: 0.883
2026-04-19 01:22:11 | INFO | Episode  119 - Reward: -200.000, Length: 200, Loss: 0.8006, Entropy: 1.0983, Epsilon: 0.882
2026-04-19 01:22:11 | INFO | Episode  120 - Reward: -200.000, Length: 200, Loss: 0.7511, Entropy: 1.0983, Epsilon: 0.881
2026-04-19 01:22:11 | INFO | Episode  121 - Reward: -200.000, Length: 200, Loss: 0.7996, Entropy: 1.0983, Epsilon: 0.880
2026-04-19 01:22:11 | INFO | Episode  122 - Reward: -200.000, Length: 200, Loss: 0.7492, Entropy: 1.0983, Epsilon: 0.879
2026-04-19 01:22:12 | INFO | Episode  123 - Reward: -200.000, Length: 200, Loss: 0.7023, Entropy: 1.0983, Epsilon: 0.878
2026-04-19 01:22:12 | INFO | Episode  124 - Reward: -200.000, Length: 200, Loss: 0.7931, Entropy: 1.0983, Epsilon: 0.877
2026-04-19 01:22:12 | INFO | Episode  125 - Reward: -200.000, Length: 200, Loss: 0.7378, Entropy: 1.0983, Epsilon: 0.876
2026-04-19 01:22:13 | INFO | Episode  126 - Reward: -200.000, Length: 200, Loss: 0.7971, Entropy: 1.0983, Epsilon: 0.875
2026-04-19 01:22:13 | INFO | Episode  127 - Reward: -200.000, Length: 200, Loss: 0.7322, Entropy: 1.0983, Epsilon: 0.874
2026-04-19 01:22:13 | INFO | Episode  128 - Reward: -200.000, Length: 200, Loss: 0.6802, Entropy: 1.0983, Epsilon: 0.873
2026-04-19 01:22:13 | INFO | Episode  129 - Reward: -200.000, Length: 200, Loss: 0.7973, Entropy: 1.0984, Epsilon: 0.872
2026-04-19 01:22:14 | INFO | Episode  130 - Reward: -200.000, Length: 200, Loss: 0.7314, Entropy: 1.0984, Epsilon: 0.871
2026-04-19 01:22:14 | INFO | Episode  131 - Reward: -200.000, Length: 200, Loss: 0.7929, Entropy: 1.0984, Epsilon: 0.870
2026-04-19 01:22:14 | INFO | Episode  132 - Reward: -200.000, Length: 200, Loss: 0.7242, Entropy: 1.0984, Epsilon: 0.869
2026-04-19 01:22:14 | INFO | Episode  133 - Reward: -200.000, Length: 200, Loss: 0.6636, Entropy: 1.0984, Epsilon: 0.868
2026-04-19 01:22:15 | INFO | Episode  134 - Reward: -200.000, Length: 200, Loss: 0.7906, Entropy: 1.0984, Epsilon: 0.867
2026-04-19 01:22:15 | INFO | Episode  135 - Reward: -200.000, Length: 200, Loss: 0.7180, Entropy: 1.0984, Epsilon: 0.866
2026-04-19 01:22:15 | INFO | Episode  136 - Reward: -200.000, Length: 200, Loss: 0.7902, Entropy: 1.0984, Epsilon: 0.865
2026-04-19 01:22:15 | INFO | Episode  137 - Reward: -200.000, Length: 200, Loss: 0.7100, Entropy: 1.0984, Epsilon: 0.864
2026-04-19 01:22:16 | INFO | Episode  138 - Reward: -200.000, Length: 200, Loss: 0.6360, Entropy: 1.0984, Epsilon: 0.863
2026-04-19 01:22:16 | INFO | Episode  139 - Reward: -200.000, Length: 200, Loss: 0.7865, Entropy: 1.0985, Epsilon: 0.862
2026-04-19 01:22:16 | INFO | Episode  140 - Reward: -200.000, Length: 200, Loss: 0.6991, Entropy: 1.0985, Epsilon: 0.861
2026-04-19 01:22:16 | INFO | Episode  141 - Reward: -200.000, Length: 200, Loss: 0.7811, Entropy: 1.0984, Epsilon: 0.860
2026-04-19 01:22:17 | INFO | Episode  142 - Reward: -200.000, Length: 200, Loss: 0.6922, Entropy: 1.0985, Epsilon: 0.859
2026-04-19 01:22:17 | INFO | Episode  143 - Reward: -200.000, Length: 200, Loss: 0.6053, Entropy: 1.0985, Epsilon: 0.858
2026-04-19 01:22:17 | INFO | Episode  144 - Reward: -200.000, Length: 200, Loss: 0.7773, Entropy: 1.0985, Epsilon: 0.857
2026-04-19 01:22:17 | INFO | Episode  145 - Reward: -200.000, Length: 200, Loss: 0.6792, Entropy: 1.0985, Epsilon: 0.856
2026-04-19 01:22:18 | INFO | Episode  146 - Reward: -200.000, Length: 200, Loss: 0.7736, Entropy: 1.0985, Epsilon: 0.855
2026-04-19 01:22:18 | INFO | Episode  147 - Reward: -200.000, Length: 200, Loss: 0.6668, Entropy: 1.0985, Epsilon: 0.854
2026-04-19 01:22:18 | INFO | Episode  148 - Reward: -200.000, Length: 200, Loss: 0.5658, Entropy: 1.0985, Epsilon: 0.853
2026-04-19 01:22:19 | INFO | Episode  149 - Reward: -200.000, Length: 200, Loss: 0.7740, Entropy: 1.0985, Epsilon: 0.852
2026-04-19 01:22:19 | INFO | Episode  150 - Reward: -200.000, Length: 200, Loss: 0.6526, Entropy: 1.0985, Epsilon: 0.852
2026-04-19 01:22:19 | INFO | Episode  151 - Reward: -200.000, Length: 200, Loss: 0.7637, Entropy: 1.0985, Epsilon: 0.851
2026-04-19 01:22:19 | INFO | Episode  152 - Reward: -200.000, Length: 200, Loss: 0.6368, Entropy: 1.0986, Epsilon: 0.850
2026-04-19 01:22:20 | INFO | Episode  153 - Reward: -200.000, Length: 200, Loss: 0.5291, Entropy: 1.0986, Epsilon: 0.849
2026-04-19 01:22:20 | INFO | Episode  154 - Reward: -200.000, Length: 200, Loss: 0.7648, Entropy: 1.0986, Epsilon: 0.848
2026-04-19 01:22:20 | INFO | Episode  155 - Reward: -200.000, Length: 200, Loss: 0.6202, Entropy: 1.0986, Epsilon: 0.847
2026-04-19 01:22:20 | INFO | Episode  156 - Reward: -200.000, Length: 200, Loss: 0.7550, Entropy: 1.0986, Epsilon: 0.846
2026-04-19 01:22:21 | INFO | Episode  157 - Reward: -200.000, Length: 200, Loss: 0.6441, Entropy: 1.0986, Epsilon: 0.845
2026-04-19 01:22:21 | INFO | Episode  158 - Reward: -200.000, Length: 200, Loss: 0.4950, Entropy: 1.0986, Epsilon: 0.844
2026-04-19 01:22:21 | INFO | Episode  159 - Reward: -200.000, Length: 200, Loss: 0.7544, Entropy: 1.0986, Epsilon: 0.843
2026-04-19 01:22:22 | INFO | Episode  160 - Reward: -200.000, Length: 200, Loss: 0.5613, Entropy: 1.0986, Epsilon: 0.842
2026-04-19 01:22:22 | INFO | Episode  161 - Reward: -200.000, Length: 200, Loss: 0.7493, Entropy: 1.0986, Epsilon: 0.841
2026-04-19 01:22:22 | INFO | Episode  162 - Reward: -200.000, Length: 200, Loss: 0.5684, Entropy: 1.0986, Epsilon: 0.840
2026-04-19 01:22:22 | INFO | Episode  163 - Reward: -200.000, Length: 200, Loss: 0.4241, Entropy: 1.0986, Epsilon: 0.839
2026-04-19 01:22:23 | INFO | Episode  164 - Reward: -200.000, Length: 200, Loss: 0.7351, Entropy: 1.0986, Epsilon: 0.838
2026-04-19 01:22:23 | INFO | Episode  165 - Reward: -200.000, Length: 200, Loss: 0.5004, Entropy: 1.0985, Epsilon: 0.837
2026-04-19 01:22:23 | INFO | Episode  166 - Reward: -200.000, Length: 200, Loss: 0.6949, Entropy: 1.0985, Epsilon: 0.836
2026-04-19 01:22:23 | INFO | Episode  167 - Reward: -200.000, Length: 200, Loss: 0.5262, Entropy: 1.0985, Epsilon: 0.835
2026-04-19 01:22:24 | INFO | Episode  168 - Reward: -200.000, Length: 200, Loss: 0.4084, Entropy: 1.0985, Epsilon: 0.834
2026-04-19 01:22:24 | INFO | Episode  169 - Reward: -200.000, Length: 200, Loss: 0.7510, Entropy: 1.0985, Epsilon: 0.833
2026-04-19 01:22:24 | INFO | Episode  170 - Reward: -200.000, Length: 200, Loss: 0.4589, Entropy: 1.0985, Epsilon: 0.832
2026-04-19 01:22:24 | INFO | Episode  171 - Reward: -200.000, Length: 200, Loss: 0.6873, Entropy: 1.0985, Epsilon: 0.831
2026-04-19 01:22:25 | INFO | Episode  172 - Reward: -200.000, Length: 200, Loss: 0.5545, Entropy: 1.0985, Epsilon: 0.830
2026-04-19 01:22:25 | INFO | Episode  173 - Reward: -200.000, Length: 200, Loss: 0.2727, Entropy: 1.0985, Epsilon: 0.829
2026-04-19 01:22:25 | INFO | Episode  174 - Reward: -200.000, Length: 200, Loss: 0.7286, Entropy: 1.0985, Epsilon: 0.828
2026-04-19 01:22:25 | INFO | Episode  175 - Reward: -200.000, Length: 200, Loss: 0.4606, Entropy: 1.0985, Epsilon: 0.827
2026-04-19 01:22:26 | INFO | Episode  176 - Reward: -200.000, Length: 200, Loss: 0.6501, Entropy: 1.0985, Epsilon: 0.826
2026-04-19 01:22:26 | INFO | Episode  177 - Reward: -200.000, Length: 200, Loss: 0.3970, Entropy: 1.0985, Epsilon: 0.825
2026-04-19 01:22:26 | INFO | Episode  178 - Reward: -200.000, Length: 200, Loss: 0.1604, Entropy: 1.0985, Epsilon: 0.824
2026-04-19 01:22:27 | INFO | Episode  179 - Reward: -200.000, Length: 200, Loss: 0.6905, Entropy: 1.0985, Epsilon: 0.823
2026-04-19 01:22:27 | INFO | Episode  180 - Reward: -200.000, Length: 200, Loss: 0.4626, Entropy: 1.0985, Epsilon: 0.822
2026-04-19 01:22:27 | INFO | Episode  181 - Reward: -200.000, Length: 200, Loss: 0.5651, Entropy: 1.0985, Epsilon: 0.821
2026-04-19 01:22:27 | INFO | Episode  182 - Reward: -200.000, Length: 200, Loss: 0.3606, Entropy: 1.0985, Epsilon: 0.820
2026-04-19 01:22:28 | INFO | Episode  183 - Reward: -200.000, Length: 200, Loss: 0.4070, Entropy: 1.0986, Epsilon: 0.819
2026-04-19 01:22:28 | INFO | Episode  184 - Reward: -200.000, Length: 200, Loss: 0.6630, Entropy: 1.0986, Epsilon: 0.818
2026-04-19 01:22:28 | INFO | Episode  185 - Reward: -200.000, Length: 200, Loss: 0.4284, Entropy: 1.0986, Epsilon: 0.817
2026-04-19 01:22:28 | INFO | Episode  186 - Reward: -200.000, Length: 200, Loss: 0.6605, Entropy: 1.0986, Epsilon: 0.816
2026-04-19 01:22:29 | INFO | Episode  187 - Reward: -200.000, Length: 200, Loss: 0.5322, Entropy: 1.0986, Epsilon: 0.815
2026-04-19 01:22:29 | INFO | Episode  188 - Reward: -200.000, Length: 200, Loss: 0.2087, Entropy: 1.0986, Epsilon: 0.814
2026-04-19 01:22:29 | INFO | Episode  189 - Reward: -200.000, Length: 200, Loss: 0.6127, Entropy: 1.0985, Epsilon: 0.813
2026-04-19 01:22:29 | INFO | Episode  190 - Reward: -200.000, Length: 200, Loss: 0.3344, Entropy: 1.0985, Epsilon: 0.812
2026-04-19 01:22:30 | INFO | Episode  191 - Reward: -200.000, Length: 200, Loss: 0.7084, Entropy: 1.0985, Epsilon: 0.811
2026-04-19 01:22:30 | INFO | Episode  192 - Reward: -200.000, Length: 200, Loss: 0.4736, Entropy: 1.0985, Epsilon: 0.810
2026-04-19 01:22:30 | INFO | Episode  193 - Reward: -200.000, Length: 200, Loss: 0.2948, Entropy: 1.0986, Epsilon: 0.809
2026-04-19 01:22:30 | INFO | Episode  194 - Reward: -200.000, Length: 200, Loss: 0.5469, Entropy: 1.0986, Epsilon: 0.808
2026-04-19 01:22:31 | INFO | Episode  195 - Reward: -200.000, Length: 200, Loss: 0.2846, Entropy: 1.0986, Epsilon: 0.807
2026-04-19 01:22:31 | INFO | Episode  196 - Reward: -200.000, Length: 200, Loss: 0.8767, Entropy: 1.0985, Epsilon: 0.806
2026-04-19 01:22:31 | INFO | Episode  197 - Reward: -200.000, Length: 200, Loss: 0.4727, Entropy: 1.0986, Epsilon: 0.805
2026-04-19 01:22:31 | INFO | Episode  198 - Reward: -200.000, Length: 200, Loss: 0.2901, Entropy: 1.0986, Epsilon: 0.804
2026-04-19 01:22:32 | INFO | Episode  199 - Reward: -200.000, Length: 200, Loss: 0.7366, Entropy: 1.0986, Epsilon: 0.803
2026-04-19 01:22:32 | INFO | Episode  200 - Reward: -200.000, Length: 200, Loss: 0.5405, Entropy: 1.0985, Epsilon: 0.802
2026-04-19 01:22:37 | INFO | [Episode  200] eps=0.802  avg_reward=-200.000  avg_length=200.00  avg_loss=  0.6472  avg_entropy=1.0985  eval_success=0.000
2026-04-19 01:22:37 | INFO | Episode  201 - Reward: -200.000, Length: 200, Loss: 0.7711, Entropy: 1.0985, Epsilon: 0.801
2026-04-19 01:22:38 | INFO | Episode  202 - Reward: -200.000, Length: 200, Loss: 0.8135, Entropy: 1.0984, Epsilon: 0.800
2026-04-19 01:22:38 | INFO | Episode  203 - Reward: -200.000, Length: 200, Loss: 1.0068, Entropy: 1.0985, Epsilon: 0.799
2026-04-19 01:22:38 | INFO | Episode  204 - Reward: -200.000, Length: 200, Loss: 1.2021, Entropy: 1.0985, Epsilon: 0.798
2026-04-19 01:22:38 | INFO | Episode  205 - Reward: -200.000, Length: 200, Loss: 0.5365, Entropy: 1.0986, Epsilon: 0.797
2026-04-19 01:22:39 | INFO | Episode  206 - Reward: -200.000, Length: 200, Loss: 0.5658, Entropy: 1.0983, Epsilon: 0.796
2026-04-19 01:22:39 | INFO | Episode  207 - Reward: -200.000, Length: 200, Loss: 0.5550, Entropy: 1.0983, Epsilon: 0.795
2026-04-19 01:22:39 | INFO | Episode  208 - Reward: -200.000, Length: 200, Loss: 0.3647, Entropy: 1.0983, Epsilon: 0.794
2026-04-19 01:22:39 | INFO | Episode  209 - Reward: -200.000, Length: 200, Loss: 1.3263, Entropy: 1.0984, Epsilon: 0.793
2026-04-19 01:22:40 | INFO | Episode  210 - Reward: -200.000, Length: 200, Loss: 0.2671, Entropy: 1.0982, Epsilon: 0.792
2026-04-19 01:22:40 | INFO | Episode  211 - Reward: -200.000, Length: 200, Loss: 2.1750, Entropy: 1.0982, Epsilon: 0.791
2026-04-19 01:22:40 | INFO | Episode  212 - Reward: -200.000, Length: 200, Loss: 0.8500, Entropy: 1.0981, Epsilon: 0.790
2026-04-19 01:22:40 | INFO | Episode  213 - Reward: -200.000, Length: 200, Loss: 0.5278, Entropy: 1.0985, Epsilon: 0.789
2026-04-19 01:22:41 | INFO | Episode  214 - Reward: -200.000, Length: 200, Loss: 1.6208, Entropy: 1.0986, Epsilon: 0.788
2026-04-19 01:22:41 | INFO | Episode  215 - Reward: -200.000, Length: 200, Loss: 0.1212, Entropy: 1.0986, Epsilon: 0.787
2026-04-19 01:22:41 | INFO | Episode  216 - Reward: -200.000, Length: 200, Loss: 1.7106, Entropy: 1.0984, Epsilon: 0.786
2026-04-19 01:22:41 | INFO | Episode  217 - Reward: -200.000, Length: 200, Loss: 1.2556, Entropy: 1.0985, Epsilon: 0.785
2026-04-19 01:22:42 | INFO | Episode  218 - Reward: -200.000, Length: 200, Loss: 0.6288, Entropy: 1.0985, Epsilon: 0.784
2026-04-19 01:22:42 | INFO | Episode  219 - Reward: -200.000, Length: 200, Loss: 1.6382, Entropy: 1.0985, Epsilon: 0.783
2026-04-19 01:22:42 | INFO | Episode  220 - Reward: -200.000, Length: 200, Loss: 0.9675, Entropy: 1.0984, Epsilon: 0.782
2026-04-19 01:22:43 | INFO | Episode  221 - Reward: -200.000, Length: 200, Loss: 1.1467, Entropy: 1.0983, Epsilon: 0.781
2026-04-19 01:22:43 | INFO | Episode  222 - Reward: -200.000, Length: 200, Loss: 0.3870, Entropy: 1.0984, Epsilon: 0.780
2026-04-19 01:22:43 | INFO | Episode  223 - Reward: -200.000, Length: 200, Loss: 0.9770, Entropy: 1.0984, Epsilon: 0.779
2026-04-19 01:22:43 | INFO | Episode  224 - Reward: -200.000, Length: 200, Loss: 1.2187, Entropy: 1.0980, Epsilon: 0.778
2026-04-19 01:22:44 | INFO | Episode  225 - Reward: -200.000, Length: 200, Loss: 0.8055, Entropy: 1.0982, Epsilon: 0.777
2026-04-19 01:22:44 | INFO | Episode  226 - Reward: -200.000, Length: 200, Loss: 1.3509, Entropy: 1.0985, Epsilon: 0.776
2026-04-19 01:22:44 | INFO | Episode  227 - Reward: -200.000, Length: 200, Loss: 1.3889, Entropy: 1.0985, Epsilon: 0.775
2026-04-19 01:22:44 | INFO | Episode  228 - Reward: -200.000, Length: 200, Loss: 2.1176, Entropy: 1.0986, Epsilon: 0.774
2026-04-19 01:22:45 | INFO | Episode  229 - Reward: -200.000, Length: 200, Loss: 2.4475, Entropy: 1.0982, Epsilon: 0.773
2026-04-19 01:22:45 | INFO | Episode  230 - Reward: -200.000, Length: 200, Loss: 2.6001, Entropy: 1.0981, Epsilon: 0.772
2026-04-19 01:22:45 | INFO | Episode  231 - Reward: -200.000, Length: 200, Loss: 2.6611, Entropy: 1.0977, Epsilon: 0.771
2026-04-19 01:22:45 | INFO | Episode  232 - Reward: -200.000, Length: 200, Loss: 2.0957, Entropy: 1.0977, Epsilon: 0.770
2026-04-19 01:22:46 | INFO | Episode  233 - Reward: -200.000, Length: 200, Loss: 3.3141, Entropy: 1.0984, Epsilon: 0.769
2026-04-19 01:22:46 | INFO | Episode  234 - Reward: -200.000, Length: 200, Loss: 2.1699, Entropy: 1.0983, Epsilon: 0.768
2026-04-19 01:22:46 | INFO | Episode  235 - Reward: -200.000, Length: 200, Loss: 2.7496, Entropy: 1.0979, Epsilon: 0.767
2026-04-19 01:22:46 | INFO | Episode  236 - Reward: -200.000, Length: 200, Loss: 2.6628, Entropy: 1.0980, Epsilon: 0.766
2026-04-19 01:22:47 | INFO | Episode  237 - Reward: -200.000, Length: 200, Loss: 2.5116, Entropy: 1.0980, Epsilon: 0.765
2026-04-19 01:22:47 | INFO | Episode  238 - Reward: -200.000, Length: 200, Loss: 1.0860, Entropy: 1.0981, Epsilon: 0.764
2026-04-19 01:22:47 | INFO | Episode  239 - Reward: -200.000, Length: 200, Loss: 3.4758, Entropy: 1.0981, Epsilon: 0.763
2026-04-19 01:22:47 | INFO | Episode  240 - Reward: -200.000, Length: 200, Loss: 0.7143, Entropy: 1.0982, Epsilon: 0.762
2026-04-19 01:22:48 | INFO | Episode  241 - Reward: -200.000, Length: 200, Loss: 1.0032, Entropy: 1.0984, Epsilon: 0.761
2026-04-19 01:22:48 | INFO | Episode  242 - Reward: -200.000, Length: 200, Loss: 2.8025, Entropy: 1.0983, Epsilon: 0.760
2026-04-19 01:22:48 | INFO | Episode  243 - Reward: -200.000, Length: 200, Loss: 0.8680, Entropy: 1.0978, Epsilon: 0.759
2026-04-19 01:22:48 | INFO | Episode  244 - Reward: -200.000, Length: 200, Loss: 2.8870, Entropy: 1.0982, Epsilon: 0.758
2026-04-19 01:22:49 | INFO | Episode  245 - Reward: -200.000, Length: 200, Loss: 1.9597, Entropy: 1.0980, Epsilon: 0.757
2026-04-19 01:22:49 | INFO | Episode  246 - Reward: -200.000, Length: 200, Loss: 3.1153, Entropy: 1.0967, Epsilon: 0.756
2026-04-19 01:22:49 | INFO | Episode  247 - Reward: -200.000, Length: 200, Loss: 1.4372, Entropy: 1.0973, Epsilon: 0.755
2026-04-19 01:22:50 | INFO | Episode  248 - Reward: -200.000, Length: 200, Loss: 0.9744, Entropy: 1.0969, Epsilon: 0.754
2026-04-19 01:22:50 | INFO | Episode  249 - Reward: -200.000, Length: 200, Loss: 3.4975, Entropy: 1.0966, Epsilon: 0.753
2026-04-19 01:22:50 | INFO | Episode  250 - Reward: -200.000, Length: 200, Loss: 4.2540, Entropy: 1.0963, Epsilon: 0.752
2026-04-19 01:22:50 | INFO | Episode  251 - Reward: -200.000, Length: 200, Loss: 2.4299, Entropy: 1.0981, Epsilon: 0.752
2026-04-19 01:22:51 | INFO | Episode  252 - Reward: -200.000, Length: 200, Loss: 3.4350, Entropy: 1.0980, Epsilon: 0.751
2026-04-19 01:22:51 | INFO | Episode  253 - Reward: -200.000, Length: 200, Loss: 3.2571, Entropy: 1.0963, Epsilon: 0.750
2026-04-19 01:22:51 | INFO | Episode  254 - Reward: -200.000, Length: 200, Loss: 2.3384, Entropy: 1.0969, Epsilon: 0.749
2026-04-19 01:22:51 | INFO | Episode  255 - Reward: -200.000, Length: 200, Loss: 2.2575, Entropy: 1.0969, Epsilon: 0.748
2026-04-19 01:22:52 | INFO | Episode  256 - Reward: -200.000, Length: 200, Loss: 4.7910, Entropy: 1.0953, Epsilon: 0.747
2026-04-19 01:22:52 | INFO | Episode  257 - Reward: -200.000, Length: 200, Loss: 0.4944, Entropy: 1.0980, Epsilon: 0.746
2026-04-19 01:22:52 | INFO | Episode  258 - Reward: -200.000, Length: 200, Loss: 2.9315, Entropy: 1.0980, Epsilon: 0.745
2026-04-19 01:22:52 | INFO | Episode  259 - Reward: -200.000, Length: 200, Loss: 2.4890, Entropy: 1.0970, Epsilon: 0.744
2026-04-19 01:22:53 | INFO | Episode  260 - Reward: -200.000, Length: 200, Loss: 2.5423, Entropy: 1.0983, Epsilon: 0.743
2026-04-19 01:22:53 | INFO | Episode  261 - Reward: -200.000, Length: 200, Loss: 4.1070, Entropy: 1.0962, Epsilon: 0.742
2026-04-19 01:22:53 | INFO | Episode  262 - Reward: -200.000, Length: 200, Loss: 3.9848, Entropy: 1.0972, Epsilon: 0.741
2026-04-19 01:22:54 | INFO | Episode  263 - Reward: -200.000, Length: 200, Loss: 4.1536, Entropy: 1.0967, Epsilon: 0.740
2026-04-19 01:22:54 | INFO | Episode  264 - Reward: -200.000, Length: 200, Loss: 3.9898, Entropy: 1.0981, Epsilon: 0.739
2026-04-19 01:22:54 | INFO | Episode  265 - Reward: -200.000, Length: 200, Loss: 3.3306, Entropy: 1.0961, Epsilon: 0.738
2026-04-19 01:22:55 | INFO | Episode  266 - Reward: -200.000, Length: 200, Loss: 6.8489, Entropy: 1.0973, Epsilon: 0.737
2026-04-19 01:22:55 | INFO | Episode  267 - Reward: -200.000, Length: 200, Loss: 3.4887, Entropy: 1.0974, Epsilon: 0.736
2026-04-19 01:22:55 | INFO | Episode  268 - Reward: -200.000, Length: 200, Loss: 1.3724, Entropy: 1.0980, Epsilon: 0.735
2026-04-19 01:22:55 | INFO | Episode  269 - Reward: -200.000, Length: 200, Loss: 0.6890, Entropy: 1.0979, Epsilon: 0.734
2026-04-19 01:22:56 | INFO | Episode  270 - Reward: -200.000, Length: 200, Loss: 0.7299, Entropy: 1.0979, Epsilon: 0.733
2026-04-19 01:22:56 | INFO | Episode  271 - Reward: -200.000, Length: 200, Loss: 3.2613, Entropy: 1.0974, Epsilon: 0.732
2026-04-19 01:22:56 | INFO | Episode  272 - Reward: -200.000, Length: 200, Loss: 4.0120, Entropy: 1.0939, Epsilon: 0.731
2026-04-19 01:22:56 | INFO | Episode  273 - Reward: -200.000, Length: 200, Loss: 3.4448, Entropy: 1.0947, Epsilon: 0.730
2026-04-19 01:22:57 | INFO | Episode  274 - Reward: -200.000, Length: 200, Loss: 5.7013, Entropy: 1.0907, Epsilon: 0.729
2026-04-19 01:22:57 | INFO | Episode  275 - Reward: -200.000, Length: 200, Loss: 2.5245, Entropy: 1.0981, Epsilon: 0.728
2026-04-19 01:22:57 | INFO | Episode  276 - Reward: -200.000, Length: 200, Loss: 4.2887, Entropy: 1.0973, Epsilon: 0.727
2026-04-19 01:22:58 | INFO | Episode  277 - Reward: -200.000, Length: 200, Loss: 5.2065, Entropy: 1.0973, Epsilon: 0.726
2026-04-19 01:22:58 | INFO | Episode  278 - Reward: -200.000, Length: 200, Loss: 1.7319, Entropy: 1.0957, Epsilon: 0.725
2026-04-19 01:22:58 | INFO | Episode  279 - Reward: -200.000, Length: 200, Loss: 6.9257, Entropy: 1.0917, Epsilon: 0.724
2026-04-19 01:22:58 | INFO | Episode  280 - Reward: -200.000, Length: 200, Loss: 4.7775, Entropy: 1.0882, Epsilon: 0.723
2026-04-19 01:22:59 | INFO | Episode  281 - Reward: -200.000, Length: 200, Loss: 5.2090, Entropy: 1.0966, Epsilon: 0.722
2026-04-19 01:22:59 | INFO | Episode  282 - Reward: -200.000, Length: 200, Loss: 8.4076, Entropy: 1.0921, Epsilon: 0.721
2026-04-19 01:22:59 | INFO | Episode  283 - Reward: -200.000, Length: 200, Loss: 6.2608, Entropy: 1.0904, Epsilon: 0.720
2026-04-19 01:22:59 | INFO | Episode  284 - Reward: -200.000, Length: 200, Loss: 9.3056, Entropy: 1.0843, Epsilon: 0.719
2026-04-19 01:23:00 | INFO | Episode  285 - Reward: -200.000, Length: 200, Loss: 4.4631, Entropy: 1.0764, Epsilon: 0.718
2026-04-19 01:23:00 | INFO | Episode  286 - Reward: -200.000, Length: 200, Loss: 2.8555, Entropy: 1.0929, Epsilon: 0.717
2026-04-19 01:23:00 | INFO | Episode  287 - Reward: -200.000, Length: 200, Loss: -0.0930, Entropy: 1.0962, Epsilon: 0.716
2026-04-19 01:23:00 | INFO | Episode  288 - Reward: -200.000, Length: 200, Loss: 2.7960, Entropy: 1.0960, Epsilon: 0.715
2026-04-19 01:23:01 | INFO | Episode  289 - Reward: -200.000, Length: 200, Loss: 6.7872, Entropy: 1.0946, Epsilon: 0.714
2026-04-19 01:23:01 | INFO | Episode  290 - Reward: -200.000, Length: 200, Loss: 3.9862, Entropy: 1.0949, Epsilon: 0.713
2026-04-19 01:23:01 | INFO | Episode  291 - Reward: -200.000, Length: 200, Loss: 3.0635, Entropy: 1.0978, Epsilon: 0.712
2026-04-19 01:23:02 | INFO | Episode  292 - Reward: -200.000, Length: 200, Loss: 6.3350, Entropy: 1.0966, Epsilon: 0.711
2026-04-19 01:23:02 | INFO | Episode  293 - Reward: -200.000, Length: 200, Loss: 2.8419, Entropy: 1.0943, Epsilon: 0.710
2026-04-19 01:23:02 | INFO | Episode  294 - Reward: -200.000, Length: 200, Loss: 2.8858, Entropy: 1.0950, Epsilon: 0.709
2026-04-19 01:23:02 | INFO | Episode  295 - Reward: -200.000, Length: 200, Loss: 2.8903, Entropy: 1.0983, Epsilon: 0.708
2026-04-19 01:23:03 | INFO | Episode  296 - Reward: -200.000, Length: 200, Loss: 2.1552, Entropy: 1.0966, Epsilon: 0.707
2026-04-19 01:23:03 | INFO | Episode  297 - Reward: -200.000, Length: 200, Loss: 5.7538, Entropy: 1.0874, Epsilon: 0.706
2026-04-19 01:23:03 | INFO | Episode  298 - Reward: -200.000, Length: 200, Loss: 6.2466, Entropy: 1.0874, Epsilon: 0.705
2026-04-19 01:23:03 | INFO | Episode  299 - Reward: -200.000, Length: 200, Loss: 3.4863, Entropy: 1.0973, Epsilon: 0.704
2026-04-19 01:23:04 | INFO | Episode  300 - Reward: -200.000, Length: 200, Loss: 3.4507, Entropy: 1.0956, Epsilon: 0.703
2026-04-19 01:23:08 | INFO | [Episode  300] eps=0.703  avg_reward=-200.000  avg_length=200.00  avg_loss=  2.7021  avg_entropy=1.0956  eval_success=0.000
2026-04-19 01:23:09 | INFO | Episode  301 - Reward: -200.000, Length: 200, Loss: 4.5431, Entropy: 1.0902, Epsilon: 0.702
2026-04-19 01:23:09 | INFO | Episode  302 - Reward: -200.000, Length: 200, Loss: 3.5165, Entropy: 1.0824, Epsilon: 0.701
2026-04-19 01:23:09 | INFO | Episode  303 - Reward: -200.000, Length: 200, Loss: 6.4517, Entropy: 1.0896, Epsilon: 0.700
2026-04-19 01:23:09 | INFO | Episode  304 - Reward: -200.000, Length: 200, Loss: 7.1167, Entropy: 1.0951, Epsilon: 0.699
2026-04-19 01:23:10 | INFO | Episode  305 - Reward: -200.000, Length: 200, Loss: 6.9869, Entropy: 1.0930, Epsilon: 0.698
2026-04-19 01:23:10 | INFO | Episode  306 - Reward: -200.000, Length: 200, Loss: 2.4317, Entropy: 1.0981, Epsilon: 0.697
2026-04-19 01:23:10 | INFO | Episode  307 - Reward: -200.000, Length: 200, Loss: 3.3696, Entropy: 1.0980, Epsilon: 0.696
2026-04-19 01:23:11 | INFO | Episode  308 - Reward: -200.000, Length: 200, Loss: 4.6902, Entropy: 1.0945, Epsilon: 0.695
2026-04-19 01:23:11 | INFO | Episode  309 - Reward: -200.000, Length: 200, Loss: 1.1607, Entropy: 1.0927, Epsilon: 0.694
2026-04-19 01:23:11 | INFO | Episode  310 - Reward: -200.000, Length: 200, Loss: 7.5604, Entropy: 1.0950, Epsilon: 0.693
2026-04-19 01:23:11 | INFO | Episode  311 - Reward: -200.000, Length: 200, Loss: 6.3805, Entropy: 1.0924, Epsilon: 0.692
2026-04-19 01:23:12 | INFO | Episode  312 - Reward: -200.000, Length: 200, Loss: 8.5479, Entropy: 1.0928, Epsilon: 0.691
2026-04-19 01:23:12 | INFO | Episode  313 - Reward: -200.000, Length: 200, Loss: 8.8366, Entropy: 1.0940, Epsilon: 0.690
2026-04-19 01:23:12 | INFO | Episode  314 - Reward: -200.000, Length: 200, Loss: 6.0865, Entropy: 1.0918, Epsilon: 0.689
2026-04-19 01:23:12 | INFO | Episode  315 - Reward: -200.000, Length: 200, Loss: 8.7383, Entropy: 1.0972, Epsilon: 0.688
2026-04-19 01:23:13 | INFO | Episode  316 - Reward: -200.000, Length: 200, Loss: 3.6300, Entropy: 1.0965, Epsilon: 0.687
2026-04-19 01:23:13 | INFO | Episode  317 - Reward: -200.000, Length: 200, Loss: 7.7253, Entropy: 1.0961, Epsilon: 0.686
2026-04-19 01:23:13 | INFO | Episode  318 - Reward: -200.000, Length: 200, Loss: 9.7105, Entropy: 1.0911, Epsilon: 0.685
2026-04-19 01:23:13 | INFO | Episode  319 - Reward: -200.000, Length: 200, Loss: 5.2866, Entropy: 1.0944, Epsilon: 0.684
2026-04-19 01:23:14 | INFO | Episode  320 - Reward: -200.000, Length: 200, Loss: 3.8412, Entropy: 1.0892, Epsilon: 0.683
2026-04-19 01:23:14 | INFO | Episode  321 - Reward: -200.000, Length: 200, Loss: 3.7695, Entropy: 1.0930, Epsilon: 0.682
2026-04-19 01:23:14 | INFO | Episode  322 - Reward: -200.000, Length: 200, Loss: 12.4167, Entropy: 1.0950, Epsilon: 0.681
2026-04-19 01:23:14 | INFO | Episode  323 - Reward: -200.000, Length: 200, Loss: 15.8021, Entropy: 1.0895, Epsilon: 0.680
2026-04-19 01:23:15 | INFO | Episode  324 - Reward: -200.000, Length: 200, Loss: 7.8358, Entropy: 1.0902, Epsilon: 0.679
2026-04-19 01:23:15 | INFO | Episode  325 - Reward: -200.000, Length: 200, Loss: 9.3057, Entropy: 1.0958, Epsilon: 0.678
2026-04-19 01:23:15 | INFO | Episode  326 - Reward: -200.000, Length: 200, Loss: 9.2386, Entropy: 1.0873, Epsilon: 0.677
2026-04-19 01:23:16 | INFO | Episode  327 - Reward: -200.000, Length: 200, Loss: 7.5332, Entropy: 1.0811, Epsilon: 0.676
2026-04-19 01:23:16 | INFO | Episode  328 - Reward: -200.000, Length: 200, Loss: 10.2768, Entropy: 1.0947, Epsilon: 0.675
2026-04-19 01:23:16 | INFO | Episode  329 - Reward: -200.000, Length: 200, Loss: 9.4153, Entropy: 1.0946, Epsilon: 0.674
2026-04-19 01:23:17 | INFO | Episode  330 - Reward: -200.000, Length: 200, Loss: 8.0788, Entropy: 1.0867, Epsilon: 0.673
2026-04-19 01:23:17 | INFO | Episode  331 - Reward: -200.000, Length: 200, Loss: 6.4939, Entropy: 1.0890, Epsilon: 0.672
2026-04-19 01:23:17 | INFO | Episode  332 - Reward: -200.000, Length: 200, Loss: 6.7643, Entropy: 1.0887, Epsilon: 0.671
2026-04-19 01:23:17 | INFO | Episode  333 - Reward: -200.000, Length: 200, Loss: 4.1590, Entropy: 1.0950, Epsilon: 0.670
2026-04-19 01:23:18 | INFO | Episode  334 - Reward: -200.000, Length: 200, Loss: 9.6920, Entropy: 1.0911, Epsilon: 0.669
2026-04-19 01:23:18 | INFO | Episode  335 - Reward: -200.000, Length: 200, Loss: 7.0217, Entropy: 1.0801, Epsilon: 0.668
2026-04-19 01:23:18 | INFO | Episode  336 - Reward: -200.000, Length: 200, Loss: 5.7373, Entropy: 1.0922, Epsilon: 0.667
2026-04-19 01:23:19 | INFO | Episode  337 - Reward: -200.000, Length: 200, Loss: 7.3428, Entropy: 1.0886, Epsilon: 0.666
2026-04-19 01:23:19 | INFO | Episode  338 - Reward: -200.000, Length: 200, Loss: 4.0360, Entropy: 1.0935, Epsilon: 0.665
2026-04-19 01:23:19 | INFO | Episode  339 - Reward: -200.000, Length: 200, Loss: 5.9553, Entropy: 1.0918, Epsilon: 0.664
2026-04-19 01:23:19 | INFO | Episode  340 - Reward: -200.000, Length: 200, Loss: 17.2260, Entropy: 1.0907, Epsilon: 0.663
2026-04-19 01:23:20 | INFO | Episode  341 - Reward: -200.000, Length: 200, Loss: 6.3534, Entropy: 1.0950, Epsilon: 0.662
2026-04-19 01:23:20 | INFO | Episode  342 - Reward: -200.000, Length: 200, Loss: 5.8116, Entropy: 1.0955, Epsilon: 0.661
2026-04-19 01:23:20 | INFO | Episode  343 - Reward: -200.000, Length: 200, Loss: 7.6734, Entropy: 1.0940, Epsilon: 0.660
2026-04-19 01:23:20 | INFO | Episode  344 - Reward: -200.000, Length: 200, Loss: 7.0243, Entropy: 1.0918, Epsilon: 0.659
2026-04-19 01:23:21 | INFO | Episode  345 - Reward: -200.000, Length: 200, Loss: 4.2401, Entropy: 1.0972, Epsilon: 0.658
2026-04-19 01:23:21 | INFO | Episode  346 - Reward: -200.000, Length: 200, Loss: 11.8352, Entropy: 1.0909, Epsilon: 0.657
2026-04-19 01:23:21 | INFO | Episode  347 - Reward: -200.000, Length: 200, Loss: 13.2618, Entropy: 1.0949, Epsilon: 0.656
2026-04-19 01:23:22 | INFO | Episode  348 - Reward: -200.000, Length: 200, Loss: 7.5602, Entropy: 1.0891, Epsilon: 0.655
2026-04-19 01:23:22 | INFO | Episode  349 - Reward: -200.000, Length: 200, Loss: 12.4947, Entropy: 1.0824, Epsilon: 0.654
2026-04-19 01:23:22 | INFO | Episode  350 - Reward: -200.000, Length: 200, Loss: 8.9772, Entropy: 1.0910, Epsilon: 0.653
2026-04-19 01:23:22 | INFO | Episode  351 - Reward: -200.000, Length: 200, Loss: 10.9386, Entropy: 1.0926, Epsilon: 0.653
2026-04-19 01:23:23 | INFO | Episode  352 - Reward: -200.000, Length: 200, Loss: 1.6386, Entropy: 1.0937, Epsilon: 0.652
2026-04-19 01:23:23 | INFO | Episode  353 - Reward: -200.000, Length: 200, Loss: 1.5096, Entropy: 1.0981, Epsilon: 0.651
2026-04-19 01:23:23 | INFO | Episode  354 - Reward: -200.000, Length: 200, Loss: 11.2303, Entropy: 1.0942, Epsilon: 0.650
2026-04-19 01:23:23 | INFO | Episode  355 - Reward: -200.000, Length: 200, Loss: 13.2505, Entropy: 1.0874, Epsilon: 0.649
2026-04-19 01:23:24 | INFO | Episode  356 - Reward: -200.000, Length: 200, Loss: 6.8034, Entropy: 1.0784, Epsilon: 0.648
2026-04-19 01:23:24 | INFO | Episode  357 - Reward: -200.000, Length: 200, Loss: 6.4355, Entropy: 1.0927, Epsilon: 0.647
2026-04-19 01:23:24 | INFO | Episode  358 - Reward: -200.000, Length: 200, Loss: 7.5692, Entropy: 1.0964, Epsilon: 0.646
2026-04-19 01:23:25 | INFO | Episode  359 - Reward: -200.000, Length: 200, Loss: 12.0299, Entropy: 1.0926, Epsilon: 0.645
2026-04-19 01:23:25 | INFO | Episode  360 - Reward: -200.000, Length: 200, Loss: 10.5222, Entropy: 1.0935, Epsilon: 0.644
2026-04-19 01:23:25 | INFO | Episode  361 - Reward: -200.000, Length: 200, Loss: 6.8038, Entropy: 1.0901, Epsilon: 0.643
2026-04-19 01:23:25 | INFO | Episode  362 - Reward: -200.000, Length: 200, Loss: 13.4233, Entropy: 1.0939, Epsilon: 0.642
2026-04-19 01:23:26 | INFO | Episode  363 - Reward: -200.000, Length: 200, Loss: 12.1915, Entropy: 1.0879, Epsilon: 0.641
2026-04-19 01:23:26 | INFO | Episode  364 - Reward: -200.000, Length: 200, Loss: 8.4043, Entropy: 1.0891, Epsilon: 0.640
2026-04-19 01:23:26 | INFO | Episode  365 - Reward: -200.000, Length: 200, Loss: 6.7522, Entropy: 1.0958, Epsilon: 0.639
2026-04-19 01:23:26 | INFO | Episode  366 - Reward: -200.000, Length: 200, Loss: 4.8792, Entropy: 1.0885, Epsilon: 0.638
2026-04-19 01:23:27 | INFO | Episode  367 - Reward: -200.000, Length: 200, Loss: 22.4917, Entropy: 1.0743, Epsilon: 0.637
2026-04-19 01:23:27 | INFO | Episode  368 - Reward: -200.000, Length: 200, Loss: 11.6591, Entropy: 1.0951, Epsilon: 0.636
2026-04-19 01:23:27 | INFO | Episode  369 - Reward: -200.000, Length: 200, Loss: 15.1502, Entropy: 1.0943, Epsilon: 0.635
2026-04-19 01:23:28 | INFO | Episode  370 - Reward: -200.000, Length: 200, Loss: 6.7485, Entropy: 1.0877, Epsilon: 0.634
2026-04-19 01:23:28 | INFO | Episode  371 - Reward: -200.000, Length: 200, Loss: 13.6853, Entropy: 1.0864, Epsilon: 0.633
2026-04-19 01:23:28 | INFO | Episode  372 - Reward: -200.000, Length: 200, Loss: 7.6599, Entropy: 1.0936, Epsilon: 0.632
2026-04-19 01:23:28 | INFO | Episode  373 - Reward: -200.000, Length: 200, Loss: 9.0460, Entropy: 1.0928, Epsilon: 0.631
2026-04-19 01:23:29 | INFO | Episode  374 - Reward: -200.000, Length: 200, Loss: 8.4657, Entropy: 1.0843, Epsilon: 0.630
2026-04-19 01:23:29 | INFO | Episode  375 - Reward: -200.000, Length: 200, Loss: 3.7483, Entropy: 1.0943, Epsilon: 0.629
2026-04-19 01:23:29 | INFO | Episode  376 - Reward: -200.000, Length: 200, Loss: 11.9668, Entropy: 1.0932, Epsilon: 0.628
2026-04-19 01:23:30 | INFO | Episode  377 - Reward: -200.000, Length: 200, Loss: 7.5944, Entropy: 1.0848, Epsilon: 0.627
2026-04-19 01:23:30 | INFO | Episode  378 - Reward: -200.000, Length: 200, Loss: 8.1722, Entropy: 1.0911, Epsilon: 0.626
2026-04-19 01:23:30 | INFO | Episode  379 - Reward: -200.000, Length: 200, Loss: 7.2648, Entropy: 1.0952, Epsilon: 0.625
2026-04-19 01:23:30 | INFO | Episode  380 - Reward: -200.000, Length: 200, Loss: 10.4936, Entropy: 1.0901, Epsilon: 0.624
2026-04-19 01:23:31 | INFO | Episode  381 - Reward: -200.000, Length: 200, Loss: 7.1076, Entropy: 1.0966, Epsilon: 0.623
2026-04-19 01:23:31 | INFO | Episode  382 - Reward: -200.000, Length: 200, Loss: 18.1517, Entropy: 1.0871, Epsilon: 0.622
2026-04-19 01:23:31 | INFO | Episode  383 - Reward: -200.000, Length: 200, Loss: 5.9695, Entropy: 1.0954, Epsilon: 0.621
2026-04-19 01:23:31 | INFO | Episode  384 - Reward: -200.000, Length: 200, Loss: 9.6659, Entropy: 1.0943, Epsilon: 0.620
2026-04-19 01:23:32 | INFO | Episode  385 - Reward: -200.000, Length: 200, Loss: 10.9341, Entropy: 1.0956, Epsilon: 0.619
2026-04-19 01:23:32 | INFO | Episode  386 - Reward: -200.000, Length: 200, Loss: 5.8148, Entropy: 1.0957, Epsilon: 0.618
2026-04-19 01:23:32 | INFO | Episode  387 - Reward: -200.000, Length: 200, Loss: 5.0779, Entropy: 1.0931, Epsilon: 0.617
2026-04-19 01:23:33 | INFO | Episode  388 - Reward: -200.000, Length: 200, Loss: 8.7713, Entropy: 1.0831, Epsilon: 0.616
2026-04-19 01:23:33 | INFO | Episode  389 - Reward: -200.000, Length: 200, Loss: 7.4533, Entropy: 1.0936, Epsilon: 0.615
2026-04-19 01:23:33 | INFO | Episode  390 - Reward: -200.000, Length: 200, Loss: 4.4270, Entropy: 1.0952, Epsilon: 0.614
2026-04-19 01:23:33 | INFO | Episode  391 - Reward: -200.000, Length: 200, Loss: 13.3175, Entropy: 1.0928, Epsilon: 0.613
2026-04-19 01:23:34 | INFO | Episode  392 - Reward: -200.000, Length: 200, Loss: 7.2562, Entropy: 1.0903, Epsilon: 0.612
2026-04-19 01:23:34 | INFO | Episode  393 - Reward: -200.000, Length: 200, Loss: 7.2681, Entropy: 1.0930, Epsilon: 0.611
2026-04-19 01:23:34 | INFO | Episode  394 - Reward: -200.000, Length: 200, Loss: 8.4391, Entropy: 1.0937, Epsilon: 0.610
2026-04-19 01:23:34 | INFO | Episode  395 - Reward: -200.000, Length: 200, Loss: 12.6664, Entropy: 1.0876, Epsilon: 0.609
2026-04-19 01:23:35 | INFO | Episode  396 - Reward: -200.000, Length: 200, Loss: 5.4029, Entropy: 1.0875, Epsilon: 0.608
2026-04-19 01:23:35 | INFO | Episode  397 - Reward: -200.000, Length: 200, Loss: 12.9724, Entropy: 1.0947, Epsilon: 0.607
2026-04-19 01:23:35 | INFO | Episode  398 - Reward: -200.000, Length: 200, Loss: 9.1199, Entropy: 1.0937, Epsilon: 0.606
2026-04-19 01:23:36 | INFO | Episode  399 - Reward: -200.000, Length: 200, Loss: 6.2010, Entropy: 1.0899, Epsilon: 0.605
2026-04-19 01:23:36 | INFO | Episode  400 - Reward: -200.000, Length: 200, Loss: 12.4714, Entropy: 1.0895, Epsilon: 0.604
2026-04-19 01:23:41 | INFO | [Episode  400] eps=0.604  avg_reward=-200.000  avg_length=200.00  avg_loss=  8.2696  avg_entropy=1.0895  eval_success=0.000
2026-04-19 01:23:41 | INFO | Episode  401 - Reward: -200.000, Length: 200, Loss: 10.3711, Entropy: 1.0848, Epsilon: 0.603
2026-04-19 01:23:41 | INFO | Episode  402 - Reward: -200.000, Length: 200, Loss: 9.4925, Entropy: 1.0794, Epsilon: 0.602
2026-04-19 01:23:41 | INFO | Episode  403 - Reward: -200.000, Length: 200, Loss: 12.1496, Entropy: 1.0841, Epsilon: 0.601
2026-04-19 01:23:42 | INFO | Episode  404 - Reward: -200.000, Length: 200, Loss: 13.1689, Entropy: 1.0889, Epsilon: 0.600
2026-04-19 01:23:42 | INFO | Episode  405 - Reward: -200.000, Length: 200, Loss: 7.7529, Entropy: 1.0854, Epsilon: 0.599
2026-04-19 01:23:42 | INFO | Episode  406 - Reward: -200.000, Length: 200, Loss: 5.4225, Entropy: 1.0948, Epsilon: 0.598
2026-04-19 01:23:42 | INFO | Episode  407 - Reward: -200.000, Length: 200, Loss: 1.9564, Entropy: 1.0967, Epsilon: 0.597
2026-04-19 01:23:43 | INFO | Episode  408 - Reward: -200.000, Length: 200, Loss: 3.6456, Entropy: 1.0963, Epsilon: 0.596
2026-04-19 01:23:43 | INFO | Episode  409 - Reward: -200.000, Length: 200, Loss: -0.0588, Entropy: 1.0986, Epsilon: 0.595
2026-04-19 01:23:44 | INFO | Episode  410 - Reward: -200.000, Length: 200, Loss: 8.5098, Entropy: 1.0948, Epsilon: 0.594
2026-04-19 01:23:44 | INFO | Episode  411 - Reward: -200.000, Length: 200, Loss: 13.0745, Entropy: 1.0838, Epsilon: 0.593
2026-04-19 01:23:44 | INFO | Episode  412 - Reward: -200.000, Length: 200, Loss: 6.3216, Entropy: 1.0954, Epsilon: 0.592
2026-04-19 01:23:44 | INFO | Episode  413 - Reward: -200.000, Length: 200, Loss: 8.7811, Entropy: 1.0944, Epsilon: 0.591
2026-04-19 01:23:45 | INFO | Episode  414 - Reward: -200.000, Length: 200, Loss: 13.2732, Entropy: 1.0863, Epsilon: 0.590
2026-04-19 01:23:45 | INFO | Episode  415 - Reward: -200.000, Length: 200, Loss: 10.6711, Entropy: 1.0830, Epsilon: 0.589
2026-04-19 01:23:45 | INFO | Episode  416 - Reward: -200.000, Length: 200, Loss: 10.4746, Entropy: 1.0755, Epsilon: 0.588
2026-04-19 01:23:45 | INFO | Episode  417 - Reward: -200.000, Length: 200, Loss: 8.4562, Entropy: 1.0906, Epsilon: 0.587
2026-04-19 01:23:46 | INFO | Episode  418 - Reward: -200.000, Length: 200, Loss: 13.1919, Entropy: 1.0872, Epsilon: 0.586
2026-04-19 01:23:46 | INFO | Episode  419 - Reward: -200.000, Length: 200, Loss: 12.6953, Entropy: 1.0823, Epsilon: 0.585
2026-04-19 01:23:46 | INFO | Episode  420 - Reward: -200.000, Length: 200, Loss: 24.7036, Entropy: 1.0699, Epsilon: 0.584
2026-04-19 01:23:47 | INFO | Episode  421 - Reward: -200.000, Length: 200, Loss: 9.8592, Entropy: 1.0855, Epsilon: 0.583
2026-04-19 01:23:47 | INFO | Episode  422 - Reward: -200.000, Length: 200, Loss: 14.7148, Entropy: 1.0822, Epsilon: 0.582
2026-04-19 01:23:47 | INFO | Episode  423 - Reward: -200.000, Length: 200, Loss: 14.0987, Entropy: 1.0780, Epsilon: 0.581
2026-04-19 01:23:47 | INFO | Episode  424 - Reward: -200.000, Length: 200, Loss: 1.6525, Entropy: 1.0937, Epsilon: 0.580
2026-04-19 01:23:48 | INFO | Episode  425 - Reward: -200.000, Length: 200, Loss: 18.8006, Entropy: 1.0629, Epsilon: 0.579
2026-04-19 01:23:48 | INFO | Episode  426 - Reward: -200.000, Length: 200, Loss: 10.7094, Entropy: 1.0671, Epsilon: 0.578
2026-04-19 01:23:48 | INFO | Episode  427 - Reward: -200.000, Length: 200, Loss: 10.9370, Entropy: 1.0947, Epsilon: 0.577
2026-04-19 01:23:48 | INFO | Episode  428 - Reward: -200.000, Length: 200, Loss: 7.9902, Entropy: 1.0891, Epsilon: 0.576
2026-04-19 01:23:49 | INFO | Episode  429 - Reward: -200.000, Length: 200, Loss: 14.7944, Entropy: 1.0874, Epsilon: 0.575
2026-04-19 01:23:49 | INFO | Episode  430 - Reward: -200.000, Length: 200, Loss: 4.1283, Entropy: 1.0955, Epsilon: 0.574
2026-04-19 01:23:49 | INFO | Episode  431 - Reward: -200.000, Length: 200, Loss: 11.1586, Entropy: 1.0799, Epsilon: 0.573
2026-04-19 01:23:50 | INFO | Episode  432 - Reward: -200.000, Length: 200, Loss: 8.9245, Entropy: 1.0903, Epsilon: 0.572
2026-04-19 01:23:50 | INFO | Episode  433 - Reward: -200.000, Length: 200, Loss: 13.6746, Entropy: 1.0781, Epsilon: 0.571
2026-04-19 01:23:50 | INFO | Episode  434 - Reward: -200.000, Length: 200, Loss: 14.8665, Entropy: 1.0852, Epsilon: 0.570
2026-04-19 01:23:50 | INFO | Episode  435 - Reward: -200.000, Length: 200, Loss: 19.0019, Entropy: 1.0708, Epsilon: 0.569
2026-04-19 01:23:51 | INFO | Episode  436 - Reward: -200.000, Length: 200, Loss: 10.6542, Entropy: 1.0933, Epsilon: 0.568
2026-04-19 01:23:51 | INFO | Episode  437 - Reward: -200.000, Length: 200, Loss: 17.0957, Entropy: 1.0872, Epsilon: 0.567
2026-04-19 01:23:51 | INFO | Episode  438 - Reward: -200.000, Length: 200, Loss: 8.9987, Entropy: 1.0929, Epsilon: 0.566
2026-04-19 01:23:51 | INFO | Episode  439 - Reward: -200.000, Length: 200, Loss: 4.5243, Entropy: 1.0917, Epsilon: 0.565
2026-04-19 01:23:52 | INFO | Episode  440 - Reward: -200.000, Length: 200, Loss: 11.5165, Entropy: 1.0883, Epsilon: 0.564
2026-04-19 01:23:52 | INFO | Episode  441 - Reward: -200.000, Length: 200, Loss: 12.8534, Entropy: 1.0742, Epsilon: 0.563
2026-04-19 01:23:52 | INFO | Episode  442 - Reward: -200.000, Length: 200, Loss: 8.5821, Entropy: 1.0931, Epsilon: 0.562
2026-04-19 01:23:53 | INFO | Episode  443 - Reward: -200.000, Length: 200, Loss: 6.9002, Entropy: 1.0905, Epsilon: 0.561
2026-04-19 01:23:53 | INFO | Episode  444 - Reward: -200.000, Length: 200, Loss: 13.4285, Entropy: 1.0940, Epsilon: 0.560
2026-04-19 01:23:53 | INFO | Episode  445 - Reward: -200.000, Length: 200, Loss: 17.3316, Entropy: 1.0663, Epsilon: 0.559
2026-04-19 01:23:53 | INFO | Episode  446 - Reward: -200.000, Length: 200, Loss: 13.1143, Entropy: 1.0875, Epsilon: 0.558
2026-04-19 01:23:54 | INFO | Episode  447 - Reward: -200.000, Length: 200, Loss: 6.3654, Entropy: 1.0938, Epsilon: 0.557
2026-04-19 01:23:54 | INFO | Episode  448 - Reward: -200.000, Length: 200, Loss: 7.5508, Entropy: 1.0925, Epsilon: 0.556
2026-04-19 01:23:54 | INFO | Episode  449 - Reward: -200.000, Length: 200, Loss: 17.5409, Entropy: 1.0823, Epsilon: 0.555
2026-04-19 01:23:54 | INFO | Episode  450 - Reward: -200.000, Length: 200, Loss: 23.5689, Entropy: 1.0806, Epsilon: 0.554
2026-04-19 01:23:55 | INFO | Episode  451 - Reward: -200.000, Length: 200, Loss: 9.2775, Entropy: 1.0666, Epsilon: 0.554
2026-04-19 01:23:55 | INFO | Episode  452 - Reward: -200.000, Length: 200, Loss: 7.3050, Entropy: 1.0906, Epsilon: 0.553
2026-04-19 01:23:55 | INFO | Episode  453 - Reward: -200.000, Length: 200, Loss: 9.3874, Entropy: 1.0892, Epsilon: 0.552
2026-04-19 01:23:56 | INFO | Episode  454 - Reward: -200.000, Length: 200, Loss: 13.8915, Entropy: 1.0693, Epsilon: 0.551
2026-04-19 01:23:56 | INFO | Episode  455 - Reward: -200.000, Length: 200, Loss: 18.8239, Entropy: 1.0859, Epsilon: 0.550
2026-04-19 01:23:56 | INFO | Episode  456 - Reward: -200.000, Length: 200, Loss: 21.8682, Entropy: 1.0795, Epsilon: 0.549
2026-04-19 01:23:56 | INFO | Episode  457 - Reward: -200.000, Length: 200, Loss: 19.1884, Entropy: 1.0876, Epsilon: 0.548
2026-04-19 01:23:57 | INFO | Episode  458 - Reward: -200.000, Length: 200, Loss: 11.4223, Entropy: 1.0896, Epsilon: 0.547
2026-04-19 01:23:57 | INFO | Episode  459 - Reward: -200.000, Length: 200, Loss: 8.7579, Entropy: 1.0902, Epsilon: 0.546
2026-04-19 01:23:57 | INFO | Episode  460 - Reward: -200.000, Length: 200, Loss: 17.6815, Entropy: 1.0792, Epsilon: 0.545
2026-04-19 01:23:58 | INFO | Episode  461 - Reward: -200.000, Length: 200, Loss: 7.0207, Entropy: 1.0898, Epsilon: 0.544
2026-04-19 01:23:58 | INFO | Episode  462 - Reward: -200.000, Length: 200, Loss: 20.6827, Entropy: 1.0878, Epsilon: 0.543
2026-04-19 01:23:58 | INFO | Episode  463 - Reward: -200.000, Length: 200, Loss: 4.6545, Entropy: 1.0910, Epsilon: 0.542
2026-04-19 01:23:58 | INFO | Episode  464 - Reward: -200.000, Length: 200, Loss: 20.4482, Entropy: 1.0591, Epsilon: 0.541
2026-04-19 01:23:59 | INFO | Episode  465 - Reward: -200.000, Length: 200, Loss: 4.6309, Entropy: 1.0925, Epsilon: 0.540
2026-04-19 01:23:59 | INFO | Episode  466 - Reward: -200.000, Length: 200, Loss: 11.6234, Entropy: 1.0834, Epsilon: 0.539
2026-04-19 01:23:59 | INFO | Episode  467 - Reward: -200.000, Length: 200, Loss: 6.9331, Entropy: 1.0810, Epsilon: 0.538
2026-04-19 01:24:00 | INFO | Episode  468 - Reward: -200.000, Length: 200, Loss: 15.1229, Entropy: 1.0838, Epsilon: 0.537
2026-04-19 01:24:00 | INFO | Episode  469 - Reward: -200.000, Length: 200, Loss: 12.6316, Entropy: 1.0787, Epsilon: 0.536
2026-04-19 01:24:00 | INFO | Episode  470 - Reward: -200.000, Length: 200, Loss: 6.6650, Entropy: 1.0852, Epsilon: 0.535
2026-04-19 01:24:00 | INFO | Episode  471 - Reward: -200.000, Length: 200, Loss: 14.9816, Entropy: 1.0816, Epsilon: 0.534
2026-04-19 01:24:01 | INFO | Episode  472 - Reward: -200.000, Length: 200, Loss: 9.1504, Entropy: 1.0937, Epsilon: 0.533
2026-04-19 01:24:01 | INFO | Episode  473 - Reward: -200.000, Length: 200, Loss: 13.4242, Entropy: 1.0642, Epsilon: 0.532
2026-04-19 01:24:01 | INFO | Episode  474 - Reward: -200.000, Length: 200, Loss: 11.6706, Entropy: 1.0840, Epsilon: 0.531
2026-04-19 01:24:01 | INFO | Episode  475 - Reward: -200.000, Length: 200, Loss: 11.9899, Entropy: 1.0840, Epsilon: 0.530
2026-04-19 01:24:02 | INFO | Episode  476 - Reward: -200.000, Length: 200, Loss: 23.9666, Entropy: 1.0849, Epsilon: 0.529
2026-04-19 01:24:02 | INFO | Episode  477 - Reward: -200.000, Length: 200, Loss: 9.5880, Entropy: 1.0767, Epsilon: 0.528
2026-04-19 01:24:02 | INFO | Episode  478 - Reward: -200.000, Length: 200, Loss: 17.0849, Entropy: 1.0918, Epsilon: 0.527
2026-04-19 01:24:03 | INFO | Episode  479 - Reward: -200.000, Length: 200, Loss: 6.3993, Entropy: 1.0913, Epsilon: 0.526
2026-04-19 01:24:03 | INFO | Episode  480 - Reward: -200.000, Length: 200, Loss: 16.8983, Entropy: 1.0773, Epsilon: 0.525
2026-04-19 01:24:03 | INFO | Episode  481 - Reward: -200.000, Length: 200, Loss: 22.8298, Entropy: 1.0678, Epsilon: 0.524
2026-04-19 01:24:03 | INFO | Episode  482 - Reward: -200.000, Length: 200, Loss: 6.7548, Entropy: 1.0923, Epsilon: 0.523
2026-04-19 01:24:04 | INFO | Episode  483 - Reward: -200.000, Length: 200, Loss: 9.1922, Entropy: 1.0932, Epsilon: 0.522
2026-04-19 01:24:04 | INFO | Episode  484 - Reward: -200.000, Length: 200, Loss: 20.1484, Entropy: 1.0843, Epsilon: 0.521
2026-04-19 01:24:04 | INFO | Episode  485 - Reward: -200.000, Length: 200, Loss: 33.8745, Entropy: 1.0640, Epsilon: 0.520
2026-04-19 01:24:05 | INFO | Episode  486 - Reward: -200.000, Length: 200, Loss: 14.1193, Entropy: 1.0721, Epsilon: 0.519
2026-04-19 01:24:05 | INFO | Episode  487 - Reward: -200.000, Length: 200, Loss: 13.9409, Entropy: 1.0567, Epsilon: 0.518
2026-04-19 01:24:05 | INFO | Episode  488 - Reward: -200.000, Length: 200, Loss: 9.6971, Entropy: 1.0911, Epsilon: 0.517
2026-04-19 01:24:05 | INFO | Episode  489 - Reward: -200.000, Length: 200, Loss: 19.5102, Entropy: 1.0847, Epsilon: 0.516
2026-04-19 01:24:06 | INFO | Episode  490 - Reward: -200.000, Length: 200, Loss: 5.0621, Entropy: 1.0937, Epsilon: 0.515
2026-04-19 01:24:06 | INFO | Episode  491 - Reward: -200.000, Length: 200, Loss: 7.0019, Entropy: 1.0898, Epsilon: 0.514
2026-04-19 01:24:06 | INFO | Episode  492 - Reward: -200.000, Length: 200, Loss: 6.5429, Entropy: 1.0873, Epsilon: 0.513
2026-04-19 01:24:06 | INFO | Episode  493 - Reward: -200.000, Length: 200, Loss: 4.8851, Entropy: 1.0985, Epsilon: 0.512
2026-04-19 01:24:07 | INFO | Episode  494 - Reward: -200.000, Length: 200, Loss: 2.8385, Entropy: 1.0959, Epsilon: 0.511
2026-04-19 01:24:07 | INFO | Episode  495 - Reward: -200.000, Length: 200, Loss: 10.1839, Entropy: 1.0939, Epsilon: 0.510
2026-04-19 01:24:07 | INFO | Episode  496 - Reward: -200.000, Length: 200, Loss: 11.9021, Entropy: 1.0870, Epsilon: 0.509
2026-04-19 01:24:08 | INFO | Episode  497 - Reward: -200.000, Length: 200, Loss: 5.1914, Entropy: 1.0944, Epsilon: 0.508
2026-04-19 01:24:08 | INFO | Episode  498 - Reward: -200.000, Length: 200, Loss: 9.7107, Entropy: 1.0877, Epsilon: 0.507
2026-04-19 01:24:08 | INFO | Episode  499 - Reward: -200.000, Length: 200, Loss: 12.1543, Entropy: 1.0863, Epsilon: 0.506
2026-04-19 01:24:08 | INFO | Episode  500 - Reward: -200.000, Length: 200, Loss: 9.6496, Entropy: 1.0802, Epsilon: 0.505
2026-04-19 01:24:13 | INFO | [Episode  500] eps=0.505  avg_reward=-200.000  avg_length=200.00  avg_loss= 11.6775  avg_entropy=1.0802  eval_success=0.000
2026-04-19 01:24:14 | INFO | Episode  501 - Reward: -200.000, Length: 200, Loss: 11.3797, Entropy: 1.0793, Epsilon: 0.504
2026-04-19 01:24:14 | INFO | Episode  502 - Reward: -200.000, Length: 200, Loss: 12.8852, Entropy: 1.0873, Epsilon: 0.503
2026-04-19 01:24:14 | INFO | Episode  503 - Reward: -200.000, Length: 200, Loss: 14.6900, Entropy: 1.0833, Epsilon: 0.502
2026-04-19 01:24:15 | INFO | Episode  504 - Reward: -200.000, Length: 200, Loss: 16.4631, Entropy: 1.0807, Epsilon: 0.501
2026-04-19 01:24:15 | INFO | Episode  505 - Reward: -200.000, Length: 200, Loss: 7.0627, Entropy: 1.0918, Epsilon: 0.500
2026-04-19 01:24:15 | INFO | Episode  506 - Reward: -200.000, Length: 200, Loss: 19.5020, Entropy: 1.0798, Epsilon: 0.499
2026-04-19 01:24:15 | INFO | Episode  507 - Reward: -200.000, Length: 200, Loss: 9.0724, Entropy: 1.0917, Epsilon: 0.498
2026-04-19 01:24:16 | INFO | Episode  508 - Reward: -200.000, Length: 200, Loss: 14.4394, Entropy: 1.0739, Epsilon: 0.497
2026-04-19 01:24:16 | INFO | Episode  509 - Reward: -200.000, Length: 200, Loss: 12.0968, Entropy: 1.0915, Epsilon: 0.496
2026-04-19 01:24:16 | INFO | Episode  510 - Reward: -200.000, Length: 200, Loss: 22.2976, Entropy: 1.0808, Epsilon: 0.495
2026-04-19 01:24:17 | INFO | Episode  511 - Reward: -200.000, Length: 200, Loss: 22.8056, Entropy: 1.0882, Epsilon: 0.494
2026-04-19 01:24:17 | INFO | Episode  512 - Reward: -200.000, Length: 200, Loss: 9.3072, Entropy: 1.0891, Epsilon: 0.493
2026-04-19 01:24:17 | INFO | Episode  513 - Reward: -200.000, Length: 200, Loss: 16.7411, Entropy: 1.0705, Epsilon: 0.492
2026-04-19 01:24:17 | INFO | Episode  514 - Reward: -200.000, Length: 200, Loss: 15.2748, Entropy: 1.0923, Epsilon: 0.491
2026-04-19 01:24:18 | INFO | Episode  515 - Reward: -200.000, Length: 200, Loss: 5.0407, Entropy: 1.0914, Epsilon: 0.490
2026-04-19 01:24:18 | INFO | Episode  516 - Reward: -200.000, Length: 200, Loss: 12.0404, Entropy: 1.0793, Epsilon: 0.489
2026-04-19 01:24:18 | INFO | Episode  517 - Reward: -200.000, Length: 200, Loss: 14.3771, Entropy: 1.0841, Epsilon: 0.488
2026-04-19 01:24:19 | INFO | Episode  518 - Reward: -200.000, Length: 200, Loss: 20.0532, Entropy: 1.0687, Epsilon: 0.487
2026-04-19 01:24:19 | INFO | Episode  519 - Reward: -200.000, Length: 200, Loss: 12.4447, Entropy: 1.0854, Epsilon: 0.486
2026-04-19 01:24:19 | INFO | Episode  520 - Reward: -200.000, Length: 200, Loss: 17.6795, Entropy: 1.0825, Epsilon: 0.485
2026-04-19 01:24:19 | INFO | Episode  521 - Reward: -200.000, Length: 200, Loss: 12.1336, Entropy: 1.0728, Epsilon: 0.484
2026-04-19 01:24:20 | INFO | Episode  522 - Reward: -200.000, Length: 200, Loss: 4.8244, Entropy: 1.0897, Epsilon: 0.483
2026-04-19 01:24:20 | INFO | Episode  523 - Reward: -200.000, Length: 200, Loss: 12.1148, Entropy: 1.0835, Epsilon: 0.482
2026-04-19 01:24:20 | INFO | Episode  524 - Reward: -200.000, Length: 200, Loss: 6.6545, Entropy: 1.0859, Epsilon: 0.481
2026-04-19 01:24:21 | INFO | Episode  525 - Reward: -200.000, Length: 200, Loss: 11.9817, Entropy: 1.0877, Epsilon: 0.480
2026-04-19 01:24:21 | INFO | Episode  526 - Reward: -200.000, Length: 200, Loss: 15.0365, Entropy: 1.0660, Epsilon: 0.479
2026-04-19 01:24:21 | INFO | Episode  527 - Reward: -200.000, Length: 200, Loss: 15.2256, Entropy: 1.0732, Epsilon: 0.478
2026-04-19 01:24:21 | INFO | Episode  528 - Reward: -200.000, Length: 200, Loss: 18.5374, Entropy: 1.0697, Epsilon: 0.477
2026-04-19 01:24:22 | INFO | Episode  529 - Reward: -200.000, Length: 200, Loss: 2.3719, Entropy: 1.0945, Epsilon: 0.476
2026-04-19 01:24:22 | INFO | Episode  530 - Reward: -200.000, Length: 200, Loss: 14.7081, Entropy: 1.0785, Epsilon: 0.475
2026-04-19 01:24:22 | INFO | Episode  531 - Reward: -200.000, Length: 200, Loss: 8.1183, Entropy: 1.0928, Epsilon: 0.474
2026-04-19 01:24:22 | INFO | Episode  532 - Reward: -200.000, Length: 200, Loss: 18.9939, Entropy: 1.0813, Epsilon: 0.473
2026-04-19 01:24:23 | INFO | Episode  533 - Reward: -200.000, Length: 200, Loss: 16.8462, Entropy: 1.0780, Epsilon: 0.472
2026-04-19 01:24:23 | INFO | Episode  534 - Reward: -200.000, Length: 200, Loss: 20.2150, Entropy: 1.0855, Epsilon: 0.471
2026-04-19 01:24:23 | INFO | Episode  535 - Reward: -200.000, Length: 200, Loss: 7.0778, Entropy: 1.0915, Epsilon: 0.470
2026-04-19 01:24:24 | INFO | Episode  536 - Reward: -200.000, Length: 200, Loss: 17.1678, Entropy: 1.0729, Epsilon: 0.469
2026-04-19 01:24:24 | INFO | Episode  537 - Reward: -200.000, Length: 200, Loss: 12.3107, Entropy: 1.0896, Epsilon: 0.468
2026-04-19 01:24:24 | INFO | Episode  538 - Reward: -200.000, Length: 200, Loss: -0.0798, Entropy: 1.0984, Epsilon: 0.467
2026-04-19 01:24:24 | INFO | Episode  539 - Reward: -200.000, Length: 200, Loss: 20.4030, Entropy: 1.0831, Epsilon: 0.466
2026-04-19 01:24:25 | INFO | Episode  540 - Reward: -200.000, Length: 200, Loss: 5.1320, Entropy: 1.0911, Epsilon: 0.465
2026-04-19 01:24:25 | INFO | Episode  541 - Reward: -200.000, Length: 200, Loss: 18.8826, Entropy: 1.0841, Epsilon: 0.464
2026-04-19 01:24:25 | INFO | Episode  542 - Reward: -200.000, Length: 200, Loss: 15.5407, Entropy: 1.0697, Epsilon: 0.463
2026-04-19 01:24:26 | INFO | Episode  543 - Reward: -200.000, Length: 200, Loss: 13.5522, Entropy: 1.0590, Epsilon: 0.462
2026-04-19 01:24:26 | INFO | Episode  544 - Reward: -200.000, Length: 200, Loss: 7.7026, Entropy: 1.0243, Epsilon: 0.461
2026-04-19 01:24:26 | INFO | Episode  545 - Reward: -200.000, Length: 200, Loss: 10.4538, Entropy: 1.0941, Epsilon: 0.460
2026-04-19 01:24:26 | INFO | Episode  546 - Reward: -200.000, Length: 200, Loss: 7.1674, Entropy: 1.0937, Epsilon: 0.459
2026-04-19 01:24:27 | INFO | Episode  547 - Reward: -200.000, Length: 200, Loss: 5.2026, Entropy: 1.0947, Epsilon: 0.458
2026-04-19 01:24:27 | INFO | Episode  548 - Reward: -200.000, Length: 200, Loss: 20.1476, Entropy: 1.0871, Epsilon: 0.457
2026-04-19 01:24:27 | INFO | Episode  549 - Reward: -200.000, Length: 200, Loss: 15.7223, Entropy: 1.0867, Epsilon: 0.456
2026-04-19 01:24:28 | INFO | Episode  550 - Reward: -200.000, Length: 200, Loss: 17.2242, Entropy: 1.0763, Epsilon: 0.456
2026-04-19 01:24:28 | INFO | Episode  551 - Reward: -200.000, Length: 200, Loss: 20.7983, Entropy: 1.0905, Epsilon: 0.455
2026-04-19 01:24:28 | INFO | Episode  552 - Reward: -200.000, Length: 200, Loss: 26.0497, Entropy: 1.0609, Epsilon: 0.454
2026-04-19 01:24:28 | INFO | Episode  553 - Reward: -200.000, Length: 200, Loss: 9.3239, Entropy: 1.0808, Epsilon: 0.453
2026-04-19 01:24:29 | INFO | Episode  554 - Reward: -200.000, Length: 200, Loss: 10.9046, Entropy: 1.0935, Epsilon: 0.452
2026-04-19 01:24:29 | INFO | Episode  555 - Reward: -200.000, Length: 200, Loss: 12.2717, Entropy: 1.0898, Epsilon: 0.451
2026-04-19 01:24:29 | INFO | Episode  556 - Reward: -200.000, Length: 200, Loss: 19.1106, Entropy: 1.0729, Epsilon: 0.450
2026-04-19 01:24:30 | INFO | Episode  557 - Reward: -200.000, Length: 200, Loss: 13.3738, Entropy: 1.0775, Epsilon: 0.449
2026-04-19 01:24:30 | INFO | Episode  558 - Reward: -200.000, Length: 200, Loss: 2.2885, Entropy: 1.0954, Epsilon: 0.448
2026-04-19 01:24:30 | INFO | Episode  559 - Reward: -200.000, Length: 200, Loss: 13.3618, Entropy: 1.0874, Epsilon: 0.447
2026-04-19 01:24:30 | INFO | Episode  560 - Reward: -200.000, Length: 200, Loss: 13.5659, Entropy: 1.0807, Epsilon: 0.446
2026-04-19 01:24:31 | INFO | Episode  561 - Reward: -200.000, Length: 200, Loss: 27.3538, Entropy: 1.0646, Epsilon: 0.445
2026-04-19 01:24:31 | INFO | Episode  562 - Reward: -200.000, Length: 200, Loss: 10.4176, Entropy: 1.0908, Epsilon: 0.444
2026-04-19 01:24:31 | INFO | Episode  563 - Reward: -200.000, Length: 200, Loss: 4.9735, Entropy: 1.0882, Epsilon: 0.443
2026-04-19 01:24:32 | INFO | Episode  564 - Reward: -200.000, Length: 200, Loss: 15.8364, Entropy: 1.0850, Epsilon: 0.442
2026-04-19 01:24:32 | INFO | Episode  565 - Reward: -200.000, Length: 200, Loss: 18.4678, Entropy: 1.0634, Epsilon: 0.441
2026-04-19 01:24:32 | INFO | Episode  566 - Reward: -200.000, Length: 200, Loss: 5.5110, Entropy: 1.0863, Epsilon: 0.440
2026-04-19 01:24:32 | INFO | Episode  567 - Reward: -200.000, Length: 200, Loss: 11.6672, Entropy: 1.0785, Epsilon: 0.439
2026-04-19 01:24:33 | INFO | Episode  568 - Reward: -200.000, Length: 200, Loss: 2.8684, Entropy: 1.0944, Epsilon: 0.438
2026-04-19 01:24:33 | INFO | Episode  569 - Reward: -200.000, Length: 200, Loss: 10.3303, Entropy: 1.0932, Epsilon: 0.437
2026-04-19 01:24:33 | INFO | Episode  570 - Reward: -200.000, Length: 200, Loss: 16.8998, Entropy: 1.0881, Epsilon: 0.436
2026-04-19 01:24:34 | INFO | Episode  571 - Reward: -200.000, Length: 200, Loss: 21.3901, Entropy: 1.0774, Epsilon: 0.435
2026-04-19 01:24:34 | INFO | Episode  572 - Reward: -200.000, Length: 200, Loss: 21.4653, Entropy: 1.0905, Epsilon: 0.434
2026-04-19 01:24:34 | INFO | Episode  573 - Reward: -200.000, Length: 200, Loss: 8.2877, Entropy: 1.0696, Epsilon: 0.433
2026-04-19 01:24:34 | INFO | Episode  574 - Reward: -200.000, Length: 200, Loss: 28.1325, Entropy: 1.0617, Epsilon: 0.432
2026-04-19 01:24:35 | INFO | Episode  575 - Reward: -200.000, Length: 200, Loss: 8.2274, Entropy: 1.0908, Epsilon: 0.431
2026-04-19 01:24:35 | INFO | Episode  576 - Reward: -200.000, Length: 200, Loss: 14.5462, Entropy: 1.0770, Epsilon: 0.430
2026-04-19 01:24:35 | INFO | Episode  577 - Reward: -200.000, Length: 200, Loss: 9.2849, Entropy: 1.0842, Epsilon: 0.429
2026-04-19 01:24:36 | INFO | Episode  578 - Reward: -200.000, Length: 200, Loss: 13.7232, Entropy: 1.0837, Epsilon: 0.428
2026-04-19 01:24:36 | INFO | Episode  579 - Reward: -200.000, Length: 200, Loss: 5.7344, Entropy: 1.0965, Epsilon: 0.427
2026-04-19 01:24:36 | INFO | Episode  580 - Reward: -200.000, Length: 200, Loss: 15.4045, Entropy: 1.0769, Epsilon: 0.426
2026-04-19 01:24:36 | INFO | Episode  581 - Reward: -200.000, Length: 200, Loss: 8.8337, Entropy: 1.0913, Epsilon: 0.425
2026-04-19 01:24:37 | INFO | Episode  582 - Reward: -200.000, Length: 200, Loss: 24.4003, Entropy: 1.0886, Epsilon: 0.424
2026-04-19 01:24:37 | INFO | Episode  583 - Reward: -200.000, Length: 200, Loss: 9.1543, Entropy: 1.0854, Epsilon: 0.423
2026-04-19 01:24:37 | INFO | Episode  584 - Reward: -200.000, Length: 200, Loss: 24.7916, Entropy: 1.0751, Epsilon: 0.422
2026-04-19 01:24:38 | INFO | Episode  585 - Reward: -200.000, Length: 200, Loss: 6.3812, Entropy: 1.0866, Epsilon: 0.421
2026-04-19 01:24:38 | INFO | Episode  586 - Reward: -200.000, Length: 200, Loss: 12.0914, Entropy: 1.0657, Epsilon: 0.420
2026-04-19 01:24:38 | INFO | Episode  587 - Reward: -200.000, Length: 200, Loss: 6.7921, Entropy: 1.0934, Epsilon: 0.419
2026-04-19 01:24:38 | INFO | Episode  588 - Reward: -200.000, Length: 200, Loss: 10.4496, Entropy: 1.0827, Epsilon: 0.418
2026-04-19 01:24:39 | INFO | Episode  589 - Reward: -200.000, Length: 200, Loss: 6.1450, Entropy: 1.0878, Epsilon: 0.417
2026-04-19 01:24:39 | INFO | Episode  590 - Reward: -200.000, Length: 200, Loss: 15.6588, Entropy: 1.0650, Epsilon: 0.416
2026-04-19 01:24:39 | INFO | Episode  591 - Reward: -200.000, Length: 200, Loss: 14.8911, Entropy: 1.0777, Epsilon: 0.415
2026-04-19 01:24:40 | INFO | Episode  592 - Reward: -200.000, Length: 200, Loss: 9.1960, Entropy: 1.0895, Epsilon: 0.414
2026-04-19 01:24:40 | INFO | Episode  593 - Reward: -200.000, Length: 200, Loss: 30.4518, Entropy: 1.0003, Epsilon: 0.413
2026-04-19 01:24:40 | INFO | Episode  594 - Reward: -200.000, Length: 200, Loss: 12.0699, Entropy: 1.0629, Epsilon: 0.412
2026-04-19 01:24:40 | INFO | Episode  595 - Reward: -200.000, Length: 200, Loss: 16.4474, Entropy: 1.0718, Epsilon: 0.411
2026-04-19 01:24:41 | INFO | Episode  596 - Reward: -200.000, Length: 200, Loss: 11.6552, Entropy: 1.0775, Epsilon: 0.410
2026-04-19 01:24:41 | INFO | Episode  597 - Reward: -200.000, Length: 200, Loss: 8.4410, Entropy: 1.0867, Epsilon: 0.409
2026-04-19 01:24:41 | INFO | Episode  598 - Reward: -200.000, Length: 200, Loss: 19.0219, Entropy: 1.0680, Epsilon: 0.408
2026-04-19 01:24:42 | INFO | Episode  599 - Reward: -200.000, Length: 200, Loss: 15.7859, Entropy: 1.0742, Epsilon: 0.407
2026-04-19 01:24:42 | INFO | Episode  600 - Reward: -200.000, Length: 200, Loss: 8.0970, Entropy: 1.0923, Epsilon: 0.406
2026-04-19 01:24:47 | INFO | [Episode  600] eps=0.406  avg_reward=-200.000  avg_length=200.00  avg_loss= 13.3935  avg_entropy=1.0923  eval_success=0.000
2026-04-19 01:24:47 | INFO | Episode  601 - Reward: -200.000, Length: 200, Loss: 19.4025, Entropy: 1.0694, Epsilon: 0.405
2026-04-19 01:24:47 | INFO | Episode  602 - Reward: -200.000, Length: 200, Loss: 6.6500, Entropy: 1.0889, Epsilon: 0.404
2026-04-19 01:24:48 | INFO | Episode  603 - Reward: -200.000, Length: 200, Loss: 3.1734, Entropy: 1.0901, Epsilon: 0.403
2026-04-19 01:24:48 | INFO | Episode  604 - Reward: -200.000, Length: 200, Loss: 5.3987, Entropy: 1.0927, Epsilon: 0.402
2026-04-19 01:24:48 | INFO | Episode  605 - Reward: -200.000, Length: 200, Loss: 5.6978, Entropy: 1.0898, Epsilon: 0.401
2026-04-19 01:24:48 | INFO | Episode  606 - Reward: -200.000, Length: 200, Loss: 21.1034, Entropy: 1.0370, Epsilon: 0.400
2026-04-19 01:24:49 | INFO | Episode  607 - Reward: -200.000, Length: 200, Loss: 14.9526, Entropy: 1.0861, Epsilon: 0.399
2026-04-19 01:24:49 | INFO | Episode  608 - Reward: -200.000, Length: 200, Loss: 22.6042, Entropy: 1.0215, Epsilon: 0.398
2026-04-19 01:24:49 | INFO | Episode  609 - Reward: -200.000, Length: 200, Loss: 11.7003, Entropy: 1.0443, Epsilon: 0.397
2026-04-19 01:24:50 | INFO | Episode  610 - Reward: -200.000, Length: 200, Loss: 29.5548, Entropy: 1.0438, Epsilon: 0.396
2026-04-19 01:24:50 | INFO | Episode  611 - Reward: -200.000, Length: 200, Loss: 11.4571, Entropy: 1.0682, Epsilon: 0.395
2026-04-19 01:24:51 | INFO | Episode  612 - Reward: -200.000, Length: 200, Loss: 15.4311, Entropy: 1.0910, Epsilon: 0.394
2026-04-19 01:24:51 | INFO | Episode  613 - Reward: -200.000, Length: 200, Loss: 15.1644, Entropy: 1.0856, Epsilon: 0.393
2026-04-19 01:24:51 | INFO | Episode  614 - Reward: -200.000, Length: 200, Loss: 19.9965, Entropy: 1.0757, Epsilon: 0.392
2026-04-19 01:24:51 | INFO | Episode  615 - Reward: -200.000, Length: 200, Loss: 31.3897, Entropy: 1.0627, Epsilon: 0.391
2026-04-19 01:24:52 | INFO | Episode  616 - Reward: -200.000, Length: 200, Loss: 23.4237, Entropy: 1.0888, Epsilon: 0.390
2026-04-19 01:24:52 | INFO | Episode  617 - Reward: -200.000, Length: 200, Loss: 20.1063, Entropy: 1.0542, Epsilon: 0.389
2026-04-19 01:24:52 | INFO | Episode  618 - Reward: -200.000, Length: 200, Loss: 9.3667, Entropy: 1.0914, Epsilon: 0.388
2026-04-19 01:24:53 | INFO | Episode  619 - Reward: -200.000, Length: 200, Loss: 8.3330, Entropy: 1.0877, Epsilon: 0.387
2026-04-19 01:24:53 | INFO | Episode  620 - Reward: -200.000, Length: 200, Loss: 21.3786, Entropy: 1.0677, Epsilon: 0.386
2026-04-19 01:24:53 | INFO | Episode  621 - Reward: -200.000, Length: 200, Loss: 5.3185, Entropy: 1.0960, Epsilon: 0.385
2026-04-19 01:24:53 | INFO | Episode  622 - Reward: -200.000, Length: 200, Loss: 15.8424, Entropy: 1.0842, Epsilon: 0.384
2026-04-19 01:24:54 | INFO | Episode  623 - Reward: -200.000, Length: 200, Loss: 4.9874, Entropy: 1.0777, Epsilon: 0.383
2026-04-19 01:24:54 | INFO | Episode  624 - Reward: -200.000, Length: 200, Loss: 5.1547, Entropy: 1.0914, Epsilon: 0.382
2026-04-19 01:24:54 | INFO | Episode  625 - Reward: -200.000, Length: 200, Loss: 16.6306, Entropy: 1.0662, Epsilon: 0.381
2026-04-19 01:24:55 | INFO | Episode  626 - Reward: -200.000, Length: 200, Loss: 11.4656, Entropy: 1.0741, Epsilon: 0.380
2026-04-19 01:24:55 | INFO | Episode  627 - Reward: -200.000, Length: 200, Loss: 12.2113, Entropy: 1.0584, Epsilon: 0.379
2026-04-19 01:24:55 | INFO | Episode  628 - Reward: -200.000, Length: 200, Loss: 33.0373, Entropy: 1.0733, Epsilon: 0.378
2026-04-19 01:24:55 | INFO | Episode  629 - Reward: -200.000, Length: 200, Loss: 11.7454, Entropy: 1.0920, Epsilon: 0.377
2026-04-19 01:24:56 | INFO | Episode  630 - Reward: -200.000, Length: 200, Loss: 10.5921, Entropy: 1.0861, Epsilon: 0.376
2026-04-19 01:24:56 | INFO | Episode  631 - Reward: -200.000, Length: 200, Loss: 4.9157, Entropy: 1.0949, Epsilon: 0.375
2026-04-19 01:24:56 | INFO | Episode  632 - Reward: -200.000, Length: 200, Loss: 2.6828, Entropy: 1.0954, Epsilon: 0.374
2026-04-19 01:24:57 | INFO | Episode  633 - Reward: -200.000, Length: 200, Loss: 16.1404, Entropy: 1.0872, Epsilon: 0.373
2026-04-19 01:24:57 | INFO | Episode  634 - Reward: -200.000, Length: 200, Loss: 20.8976, Entropy: 1.0877, Epsilon: 0.372
2026-04-19 01:24:57 | INFO | Episode  635 - Reward: -200.000, Length: 200, Loss: 27.7833, Entropy: 1.0823, Epsilon: 0.371
2026-04-19 01:24:57 | INFO | Episode  636 - Reward: -200.000, Length: 200, Loss: 18.7878, Entropy: 1.0790, Epsilon: 0.370
2026-04-19 01:24:58 | INFO | Episode  637 - Reward: -200.000, Length: 200, Loss: 7.9094, Entropy: 1.0900, Epsilon: 0.369
2026-04-19 01:24:58 | INFO | Episode  638 - Reward: -200.000, Length: 200, Loss: 16.2185, Entropy: 1.0839, Epsilon: 0.368
2026-04-19 01:24:58 | INFO | Episode  639 - Reward: -200.000, Length: 200, Loss: 12.8785, Entropy: 1.0928, Epsilon: 0.367
2026-04-19 01:24:59 | INFO | Episode  640 - Reward: -200.000, Length: 200, Loss: 10.4312, Entropy: 1.0911, Epsilon: 0.366
2026-04-19 01:24:59 | INFO | Episode  641 - Reward: -200.000, Length: 200, Loss: 11.8358, Entropy: 1.0900, Epsilon: 0.365
2026-04-19 01:24:59 | INFO | Episode  642 - Reward: -200.000, Length: 200, Loss: 22.4598, Entropy: 1.0779, Epsilon: 0.364
2026-04-19 01:24:59 | INFO | Episode  643 - Reward: -200.000, Length: 200, Loss: 17.1326, Entropy: 1.0771, Epsilon: 0.363
2026-04-19 01:25:00 | INFO | Episode  644 - Reward: -200.000, Length: 200, Loss: 14.0284, Entropy: 1.0816, Epsilon: 0.362
2026-04-19 01:25:00 | INFO | Episode  645 - Reward: -200.000, Length: 200, Loss: 13.2521, Entropy: 1.0937, Epsilon: 0.361
2026-04-19 01:25:00 | INFO | Episode  646 - Reward: -200.000, Length: 200, Loss: 11.2191, Entropy: 1.0913, Epsilon: 0.360
2026-04-19 01:25:01 | INFO | Episode  647 - Reward: -200.000, Length: 200, Loss: 8.3881, Entropy: 1.0732, Epsilon: 0.359
2026-04-19 01:25:01 | INFO | Episode  648 - Reward: -200.000, Length: 200, Loss: 9.0182, Entropy: 1.0878, Epsilon: 0.358
2026-04-19 01:25:01 | INFO | Episode  649 - Reward: -200.000, Length: 200, Loss: 16.7434, Entropy: 1.0913, Epsilon: 0.357
2026-04-19 01:25:02 | INFO | Episode  650 - Reward: -200.000, Length: 200, Loss: 13.3914, Entropy: 1.0874, Epsilon: 0.357
2026-04-19 01:25:02 | INFO | Episode  651 - Reward: -200.000, Length: 200, Loss: 13.6864, Entropy: 1.0903, Epsilon: 0.356
2026-04-19 01:25:02 | INFO | Episode  652 - Reward: -200.000, Length: 200, Loss: 9.0255, Entropy: 1.0881, Epsilon: 0.355
2026-04-19 01:25:02 | INFO | Episode  653 - Reward: -200.000, Length: 200, Loss: 17.1837, Entropy: 1.0623, Epsilon: 0.354
2026-04-19 01:25:03 | INFO | Episode  654 - Reward: -200.000, Length: 200, Loss: 27.6673, Entropy: 1.0842, Epsilon: 0.353
2026-04-19 01:25:03 | INFO | Episode  655 - Reward: -200.000, Length: 200, Loss: 16.3194, Entropy: 1.0870, Epsilon: 0.352
2026-04-19 01:25:03 | INFO | Episode  656 - Reward: -200.000, Length: 200, Loss: 19.7377, Entropy: 1.0661, Epsilon: 0.351
2026-04-19 01:25:04 | INFO | Episode  657 - Reward: -200.000, Length: 200, Loss: 14.0717, Entropy: 1.0835, Epsilon: 0.350
2026-04-19 01:25:04 | INFO | Episode  658 - Reward: -200.000, Length: 200, Loss: 15.8857, Entropy: 1.0827, Epsilon: 0.349
2026-04-19 01:25:04 | INFO | Episode  659 - Reward: -200.000, Length: 200, Loss: 7.4448, Entropy: 1.0824, Epsilon: 0.348
2026-04-19 01:25:04 | INFO | Episode  660 - Reward: -200.000, Length: 200, Loss: 13.3719, Entropy: 1.0804, Epsilon: 0.347
2026-04-19 01:25:05 | INFO | Episode  661 - Reward: -200.000, Length: 200, Loss: 25.5415, Entropy: 1.0780, Epsilon: 0.346
2026-04-19 01:25:05 | INFO | Episode  662 - Reward: -200.000, Length: 200, Loss: 8.0300, Entropy: 1.0901, Epsilon: 0.345
2026-04-19 01:25:05 | INFO | Episode  663 - Reward: -200.000, Length: 200, Loss: 8.1686, Entropy: 1.0928, Epsilon: 0.344
2026-04-19 01:25:06 | INFO | Episode  664 - Reward: -200.000, Length: 200, Loss: 13.3847, Entropy: 1.0849, Epsilon: 0.343
2026-04-19 01:25:06 | INFO | Episode  665 - Reward: -200.000, Length: 200, Loss: 10.4984, Entropy: 1.0882, Epsilon: 0.342
2026-04-19 01:25:06 | INFO | Episode  666 - Reward: -200.000, Length: 200, Loss: 8.0982, Entropy: 1.0760, Epsilon: 0.341
2026-04-19 01:25:06 | INFO | Episode  667 - Reward: -200.000, Length: 200, Loss: 13.9048, Entropy: 1.0863, Epsilon: 0.340
2026-04-19 01:25:07 | INFO | Episode  668 - Reward: -200.000, Length: 200, Loss: 5.9386, Entropy: 1.0906, Epsilon: 0.339
2026-04-19 01:25:07 | INFO | Episode  669 - Reward: -200.000, Length: 200, Loss: 9.0235, Entropy: 1.0875, Epsilon: 0.338
2026-04-19 01:25:07 | INFO | Episode  670 - Reward: -200.000, Length: 200, Loss: 15.9617, Entropy: 1.0833, Epsilon: 0.337
2026-04-19 01:25:08 | INFO | Episode  671 - Reward: -200.000, Length: 200, Loss: 14.5860, Entropy: 1.0855, Epsilon: 0.336
2026-04-19 01:25:08 | INFO | Episode  672 - Reward: -200.000, Length: 200, Loss: 8.4269, Entropy: 1.0744, Epsilon: 0.335
2026-04-19 01:25:08 | INFO | Episode  673 - Reward: -200.000, Length: 200, Loss: 10.9856, Entropy: 1.0843, Epsilon: 0.334
2026-04-19 01:25:09 | INFO | Episode  674 - Reward: -200.000, Length: 200, Loss: 16.8246, Entropy: 1.0626, Epsilon: 0.333
2026-04-19 01:25:09 | INFO | Episode  675 - Reward: -200.000, Length: 200, Loss: 12.5213, Entropy: 1.0609, Epsilon: 0.332
2026-04-19 01:25:09 | INFO | Episode  676 - Reward: -200.000, Length: 200, Loss: 6.1847, Entropy: 1.0930, Epsilon: 0.331
2026-04-19 01:25:09 | INFO | Episode  677 - Reward: -200.000, Length: 200, Loss: 17.5747, Entropy: 1.0880, Epsilon: 0.330
2026-04-19 01:25:10 | INFO | Episode  678 - Reward: -200.000, Length: 200, Loss: 15.6332, Entropy: 1.0554, Epsilon: 0.329
2026-04-19 01:25:10 | INFO | Episode  679 - Reward: -200.000, Length: 200, Loss: 17.9897, Entropy: 1.0898, Epsilon: 0.328
2026-04-19 01:25:10 | INFO | Episode  680 - Reward: -200.000, Length: 200, Loss: 18.8832, Entropy: 1.0850, Epsilon: 0.327
2026-04-19 01:25:11 | INFO | Episode  681 - Reward: -200.000, Length: 200, Loss: 13.9905, Entropy: 1.0734, Epsilon: 0.326
2026-04-19 01:25:11 | INFO | Episode  682 - Reward: -200.000, Length: 200, Loss: 14.1120, Entropy: 1.0794, Epsilon: 0.325
2026-04-19 01:25:11 | INFO | Episode  683 - Reward: -200.000, Length: 200, Loss: 14.5521, Entropy: 1.0815, Epsilon: 0.324
2026-04-19 01:25:11 | INFO | Episode  684 - Reward: -200.000, Length: 200, Loss: 8.2217, Entropy: 1.0776, Epsilon: 0.323
2026-04-19 01:25:12 | INFO | Episode  685 - Reward: -200.000, Length: 200, Loss: 8.5747, Entropy: 1.0923, Epsilon: 0.322
2026-04-19 01:25:12 | INFO | Episode  686 - Reward: -200.000, Length: 200, Loss: 18.6993, Entropy: 1.0815, Epsilon: 0.321
2026-04-19 01:25:12 | INFO | Episode  687 - Reward: -200.000, Length: 200, Loss: 16.7181, Entropy: 1.0749, Epsilon: 0.320
2026-04-19 01:25:13 | INFO | Episode  688 - Reward: -200.000, Length: 200, Loss: 18.8393, Entropy: 1.0714, Epsilon: 0.319
2026-04-19 01:25:13 | INFO | Episode  689 - Reward: -200.000, Length: 200, Loss: 14.3762, Entropy: 1.0787, Epsilon: 0.318
2026-04-19 01:25:13 | INFO | Episode  690 - Reward: -200.000, Length: 200, Loss: 17.0802, Entropy: 1.0845, Epsilon: 0.317
2026-04-19 01:25:14 | INFO | Episode  691 - Reward: -200.000, Length: 200, Loss: 13.4448, Entropy: 1.0619, Epsilon: 0.316
2026-04-19 01:25:14 | INFO | Episode  692 - Reward: -200.000, Length: 200, Loss: 2.3558, Entropy: 1.0969, Epsilon: 0.315
2026-04-19 01:25:14 | INFO | Episode  693 - Reward: -200.000, Length: 200, Loss: 14.3488, Entropy: 1.0852, Epsilon: 0.314
2026-04-19 01:25:14 | INFO | Episode  694 - Reward: -200.000, Length: 200, Loss: 15.3261, Entropy: 1.0792, Epsilon: 0.313
2026-04-19 01:25:15 | INFO | Episode  695 - Reward: -200.000, Length: 200, Loss: 12.2294, Entropy: 1.0731, Epsilon: 0.312
2026-04-19 01:25:15 | INFO | Episode  696 - Reward: -200.000, Length: 200, Loss: 12.7260, Entropy: 1.0878, Epsilon: 0.311
2026-04-19 01:25:15 | INFO | Episode  697 - Reward: -200.000, Length: 200, Loss: 13.2844, Entropy: 1.0852, Epsilon: 0.310
2026-04-19 01:25:16 | INFO | Episode  698 - Reward: -200.000, Length: 200, Loss: 8.6106, Entropy: 1.0927, Epsilon: 0.309
2026-04-19 01:25:16 | INFO | Episode  699 - Reward: -200.000, Length: 200, Loss: 16.7729, Entropy: 1.0790, Epsilon: 0.308
2026-04-19 01:25:16 | INFO | Episode  700 - Reward: -200.000, Length: 200, Loss: 10.1155, Entropy: 1.0808, Epsilon: 0.307
2026-04-19 01:25:21 | INFO | [Episode  700] eps=0.307  avg_reward=-200.000  avg_length=200.00  avg_loss= 13.9632  avg_entropy=1.0808  eval_success=0.000
2026-04-19 01:25:21 | INFO | Episode  701 - Reward: -200.000, Length: 200, Loss: 10.5072, Entropy: 1.0894, Epsilon: 0.306
2026-04-19 01:25:22 | INFO | Episode  702 - Reward: -200.000, Length: 200, Loss: 26.2264, Entropy: 1.0641, Epsilon: 0.305
2026-04-19 01:25:22 | INFO | Episode  703 - Reward: -200.000, Length: 200, Loss: 13.3106, Entropy: 1.0860, Epsilon: 0.304
2026-04-19 01:25:22 | INFO | Episode  704 - Reward: -200.000, Length: 200, Loss: 12.8770, Entropy: 1.0912, Epsilon: 0.303
2026-04-19 01:25:22 | INFO | Episode  705 - Reward: -200.000, Length: 200, Loss: 7.7227, Entropy: 1.0866, Epsilon: 0.302
2026-04-19 01:25:23 | INFO | Episode  706 - Reward: -200.000, Length: 200, Loss: 15.1692, Entropy: 1.0525, Epsilon: 0.301
2026-04-19 01:25:23 | INFO | Episode  707 - Reward: -200.000, Length: 200, Loss: 12.9622, Entropy: 1.0749, Epsilon: 0.300
2026-04-19 01:25:23 | INFO | Episode  708 - Reward: -200.000, Length: 200, Loss: 12.1744, Entropy: 1.0766, Epsilon: 0.299
2026-04-19 01:25:24 | INFO | Episode  709 - Reward: -200.000, Length: 200, Loss: 18.2217, Entropy: 1.0605, Epsilon: 0.298
2026-04-19 01:25:24 | INFO | Episode  710 - Reward: -200.000, Length: 200, Loss: 8.1704, Entropy: 1.0931, Epsilon: 0.297
2026-04-19 01:25:24 | INFO | Episode  711 - Reward: -200.000, Length: 200, Loss: 18.7066, Entropy: 1.0898, Epsilon: 0.296
2026-04-19 01:25:25 | INFO | Episode  712 - Reward: -200.000, Length: 200, Loss: 10.1315, Entropy: 1.0802, Epsilon: 0.295
2026-04-19 01:25:25 | INFO | Episode  713 - Reward: -200.000, Length: 200, Loss: 17.9944, Entropy: 1.0757, Epsilon: 0.294
2026-04-19 01:25:25 | INFO | Episode  714 - Reward: -200.000, Length: 200, Loss: 30.8879, Entropy: 1.0531, Epsilon: 0.293
2026-04-19 01:25:25 | INFO | Episode  715 - Reward: -200.000, Length: 200, Loss: 16.5959, Entropy: 1.0662, Epsilon: 0.292
2026-04-19 01:25:26 | INFO | Episode  716 - Reward: -200.000, Length: 200, Loss: 18.1731, Entropy: 1.0856, Epsilon: 0.291
2026-04-19 01:25:26 | INFO | Episode  717 - Reward: -200.000, Length: 200, Loss: 7.4265, Entropy: 1.0814, Epsilon: 0.290
2026-04-19 01:25:26 | INFO | Episode  718 - Reward: -200.000, Length: 200, Loss: 11.1158, Entropy: 1.0891, Epsilon: 0.289
2026-04-19 01:25:27 | INFO | Episode  719 - Reward: -200.000, Length: 200, Loss: 15.2827, Entropy: 1.0742, Epsilon: 0.288
2026-04-19 01:25:27 | INFO | Episode  720 - Reward: -200.000, Length: 200, Loss: 16.4919, Entropy: 1.0647, Epsilon: 0.287
2026-04-19 01:25:27 | INFO | Episode  721 - Reward: -200.000, Length: 200, Loss: 18.2641, Entropy: 1.0217, Epsilon: 0.286
2026-04-19 01:25:28 | INFO | Episode  722 - Reward: -200.000, Length: 200, Loss: 22.6821, Entropy: 1.0269, Epsilon: 0.285
2026-04-19 01:25:28 | INFO | Episode  723 - Reward: -200.000, Length: 200, Loss: 7.1627, Entropy: 1.0917, Epsilon: 0.284
2026-04-19 01:25:28 | INFO | Episode  724 - Reward: -200.000, Length: 200, Loss: 7.6573, Entropy: 1.0905, Epsilon: 0.283
2026-04-19 01:25:28 | INFO | Episode  725 - Reward: -200.000, Length: 200, Loss: 7.4188, Entropy: 1.0933, Epsilon: 0.282
2026-04-19 01:25:29 | INFO | Episode  726 - Reward: -200.000, Length: 200, Loss: 11.7414, Entropy: 1.0578, Epsilon: 0.281
2026-04-19 01:25:29 | INFO | Episode  727 - Reward: -200.000, Length: 200, Loss: 7.8299, Entropy: 1.0895, Epsilon: 0.280
2026-04-19 01:25:29 | INFO | Episode  728 - Reward: -200.000, Length: 200, Loss: 15.7791, Entropy: 1.0847, Epsilon: 0.279
2026-04-19 01:25:30 | INFO | Episode  729 - Reward: -200.000, Length: 200, Loss: 2.9350, Entropy: 1.0928, Epsilon: 0.278
2026-04-19 01:25:30 | INFO | Episode  730 - Reward: -200.000, Length: 200, Loss: 13.2263, Entropy: 1.0868, Epsilon: 0.277
2026-04-19 01:25:30 | INFO | Episode  731 - Reward: -200.000, Length: 200, Loss: 13.4937, Entropy: 1.0905, Epsilon: 0.276
2026-04-19 01:25:31 | INFO | Episode  732 - Reward: -200.000, Length: 200, Loss: 17.4559, Entropy: 1.0908, Epsilon: 0.275
2026-04-19 01:25:31 | INFO | Episode  733 - Reward: -200.000, Length: 200, Loss: 11.4332, Entropy: 1.0907, Epsilon: 0.274
2026-04-19 01:25:31 | INFO | Episode  734 - Reward: -200.000, Length: 200, Loss: 25.6481, Entropy: 1.0839, Epsilon: 0.273
2026-04-19 01:25:31 | INFO | Episode  735 - Reward: -200.000, Length: 200, Loss: 18.3551, Entropy: 1.0664, Epsilon: 0.272
2026-04-19 01:25:32 | INFO | Episode  736 - Reward: -200.000, Length: 200, Loss: 9.2452, Entropy: 1.0859, Epsilon: 0.271
2026-04-19 01:25:33 | INFO | Episode  737 - Reward: -200.000, Length: 200, Loss: 10.8956, Entropy: 1.0878, Epsilon: 0.270
2026-04-19 01:25:33 | INFO | Episode  738 - Reward: -200.000, Length: 200, Loss: 6.6062, Entropy: 1.0889, Epsilon: 0.269
2026-04-19 01:25:33 | INFO | Episode  739 - Reward: -200.000, Length: 200, Loss: 23.6183, Entropy: 1.0600, Epsilon: 0.268
2026-04-19 01:25:33 | INFO | Episode  740 - Reward: -200.000, Length: 200, Loss: 11.2396, Entropy: 1.0803, Epsilon: 0.267
2026-04-19 01:25:34 | INFO | Episode  741 - Reward: -200.000, Length: 200, Loss: 19.2199, Entropy: 1.0775, Epsilon: 0.266
2026-04-19 01:25:34 | INFO | Episode  742 - Reward: -200.000, Length: 200, Loss: 16.3602, Entropy: 1.0750, Epsilon: 0.265
2026-04-19 01:25:34 | INFO | Episode  743 - Reward: -200.000, Length: 200, Loss: 16.6610, Entropy: 1.0871, Epsilon: 0.264
2026-04-19 01:25:35 | INFO | Episode  744 - Reward: -200.000, Length: 200, Loss: 22.7362, Entropy: 1.0496, Epsilon: 0.263
2026-04-19 01:25:35 | INFO | Episode  745 - Reward: -200.000, Length: 200, Loss: 8.9300, Entropy: 1.0795, Epsilon: 0.262
2026-04-19 01:25:35 | INFO | Episode  746 - Reward: -200.000, Length: 200, Loss: 22.7900, Entropy: 1.0903, Epsilon: 0.261
2026-04-19 01:25:36 | INFO | Episode  747 - Reward: -200.000, Length: 200, Loss: 10.7143, Entropy: 1.0878, Epsilon: 0.260
2026-04-19 01:25:36 | INFO | Episode  748 - Reward: -200.000, Length: 200, Loss: 16.2292, Entropy: 1.0831, Epsilon: 0.259
2026-04-19 01:25:36 | INFO | Episode  749 - Reward: -200.000, Length: 200, Loss: 8.4504, Entropy: 1.0764, Epsilon: 0.258
2026-04-19 01:25:36 | INFO | Episode  750 - Reward: -200.000, Length: 200, Loss: 7.6539, Entropy: 1.0909, Epsilon: 0.258
2026-04-19 01:25:37 | INFO | Episode  751 - Reward: -200.000, Length: 200, Loss: 8.3081, Entropy: 1.0905, Epsilon: 0.257
2026-04-19 01:25:37 | INFO | Episode  752 - Reward: -200.000, Length: 200, Loss: 13.8450, Entropy: 1.0542, Epsilon: 0.256
2026-04-19 01:25:37 | INFO | Episode  753 - Reward: -200.000, Length: 200, Loss: 8.4719, Entropy: 1.0947, Epsilon: 0.255
2026-04-19 01:25:38 | INFO | Episode  754 - Reward: -200.000, Length: 200, Loss: 11.3827, Entropy: 1.0753, Epsilon: 0.254
2026-04-19 01:25:38 | INFO | Episode  755 - Reward: -200.000, Length: 200, Loss: 9.7256, Entropy: 1.0849, Epsilon: 0.253
2026-04-19 01:25:38 | INFO | Episode  756 - Reward: -200.000, Length: 200, Loss: 5.2663, Entropy: 1.0914, Epsilon: 0.252
2026-04-19 01:25:39 | INFO | Episode  757 - Reward: -200.000, Length: 200, Loss: 10.7425, Entropy: 1.0758, Epsilon: 0.251
2026-04-19 01:25:39 | INFO | Episode  758 - Reward: -200.000, Length: 200, Loss: 5.4605, Entropy: 1.0854, Epsilon: 0.250
2026-04-19 01:25:39 | INFO | Episode  759 - Reward: -200.000, Length: 200, Loss: 27.1667, Entropy: 1.0568, Epsilon: 0.249
2026-04-19 01:25:39 | INFO | Episode  760 - Reward: -200.000, Length: 200, Loss: 8.4445, Entropy: 1.0906, Epsilon: 0.248
2026-04-19 01:25:40 | INFO | Episode  761 - Reward: -200.000, Length: 200, Loss: 13.7955, Entropy: 1.0895, Epsilon: 0.247
2026-04-19 01:25:40 | INFO | Episode  762 - Reward: -200.000, Length: 200, Loss: 16.9475, Entropy: 1.0606, Epsilon: 0.246
2026-04-19 01:25:40 | INFO | Episode  763 - Reward: -200.000, Length: 200, Loss: 11.9562, Entropy: 1.0918, Epsilon: 0.245
2026-04-19 01:25:41 | INFO | Episode  764 - Reward: -200.000, Length: 200, Loss: 12.8831, Entropy: 1.0849, Epsilon: 0.244
2026-04-19 01:25:41 | INFO | Episode  765 - Reward: -200.000, Length: 200, Loss: 20.6353, Entropy: 1.0540, Epsilon: 0.243
2026-04-19 01:25:41 | INFO | Episode  766 - Reward: -200.000, Length: 200, Loss: 5.1601, Entropy: 1.0810, Epsilon: 0.242
2026-04-19 01:25:42 | INFO | Episode  767 - Reward: -200.000, Length: 200, Loss: 17.0669, Entropy: 1.0803, Epsilon: 0.241
2026-04-19 01:25:42 | INFO | Episode  768 - Reward: -200.000, Length: 200, Loss: 5.1568, Entropy: 1.0916, Epsilon: 0.240
2026-04-19 01:25:42 | INFO | Episode  769 - Reward: -200.000, Length: 200, Loss: 12.5751, Entropy: 1.0851, Epsilon: 0.239
2026-04-19 01:25:42 | INFO | Episode  770 - Reward: -200.000, Length: 200, Loss: 9.6207, Entropy: 1.0805, Epsilon: 0.238
2026-04-19 01:25:43 | INFO | Episode  771 - Reward: -200.000, Length: 200, Loss: 5.7417, Entropy: 1.0927, Epsilon: 0.237
2026-04-19 01:25:43 | INFO | Episode  772 - Reward: -200.000, Length: 200, Loss: 21.5855, Entropy: 1.0683, Epsilon: 0.236
2026-04-19 01:25:43 | INFO | Episode  773 - Reward: -200.000, Length: 200, Loss: 19.6340, Entropy: 1.0708, Epsilon: 0.235
2026-04-19 01:25:44 | INFO | Episode  774 - Reward: -200.000, Length: 200, Loss: 11.2572, Entropy: 1.0699, Epsilon: 0.234
2026-04-19 01:25:44 | INFO | Episode  775 - Reward: -200.000, Length: 200, Loss: 29.9136, Entropy: 1.0788, Epsilon: 0.233
2026-04-19 01:25:44 | INFO | Episode  776 - Reward: -200.000, Length: 200, Loss: 7.9177, Entropy: 1.0834, Epsilon: 0.232
2026-04-19 01:25:45 | INFO | Episode  777 - Reward: -200.000, Length: 200, Loss: 2.2016, Entropy: 1.0957, Epsilon: 0.231
2026-04-19 01:25:45 | INFO | Episode  778 - Reward: -200.000, Length: 200, Loss: 10.5946, Entropy: 1.0796, Epsilon: 0.230
2026-04-19 01:25:45 | INFO | Episode  779 - Reward: -200.000, Length: 200, Loss: 22.7793, Entropy: 1.0698, Epsilon: 0.229
2026-04-19 01:25:45 | INFO | Episode  780 - Reward: -200.000, Length: 200, Loss: 11.1139, Entropy: 1.0881, Epsilon: 0.228
2026-04-19 01:25:46 | INFO | Episode  781 - Reward: -200.000, Length: 200, Loss: 18.8568, Entropy: 1.0716, Epsilon: 0.227
2026-04-19 01:25:46 | INFO | Episode  782 - Reward: -200.000, Length: 200, Loss: 22.5568, Entropy: 1.0719, Epsilon: 0.226
2026-04-19 01:25:46 | INFO | Episode  783 - Reward: -200.000, Length: 200, Loss: 2.2808, Entropy: 1.0879, Epsilon: 0.225
2026-04-19 01:25:47 | INFO | Episode  784 - Reward: -200.000, Length: 200, Loss: 11.6032, Entropy: 1.0896, Epsilon: 0.224
2026-04-19 01:25:47 | INFO | Episode  785 - Reward: -200.000, Length: 200, Loss: 10.2115, Entropy: 1.0933, Epsilon: 0.223
2026-04-19 01:25:47 | INFO | Episode  786 - Reward: -200.000, Length: 200, Loss: 16.7608, Entropy: 1.0950, Epsilon: 0.222
2026-04-19 01:25:48 | INFO | Episode  787 - Reward: -200.000, Length: 200, Loss: 17.6480, Entropy: 1.0713, Epsilon: 0.221
2026-04-19 01:25:48 | INFO | Episode  788 - Reward: -200.000, Length: 200, Loss: 20.2021, Entropy: 1.0431, Epsilon: 0.220
2026-04-19 01:25:48 | INFO | Episode  789 - Reward: -200.000, Length: 200, Loss: 22.2991, Entropy: 1.0529, Epsilon: 0.219
2026-04-19 01:25:48 | INFO | Episode  790 - Reward: -200.000, Length: 200, Loss: 16.8546, Entropy: 1.0732, Epsilon: 0.218
2026-04-19 01:25:49 | INFO | Episode  791 - Reward: -200.000, Length: 200, Loss: 18.6289, Entropy: 1.0884, Epsilon: 0.217
2026-04-19 01:25:49 | INFO | Episode  792 - Reward: -200.000, Length: 200, Loss: 10.0174, Entropy: 1.0810, Epsilon: 0.216
2026-04-19 01:25:49 | INFO | Episode  793 - Reward: -200.000, Length: 200, Loss: 23.0332, Entropy: 1.0879, Epsilon: 0.215
2026-04-19 01:25:50 | INFO | Episode  794 - Reward: -200.000, Length: 200, Loss: 13.1373, Entropy: 1.0840, Epsilon: 0.214
2026-04-19 01:25:50 | INFO | Episode  795 - Reward: -200.000, Length: 200, Loss: 4.8330, Entropy: 1.0916, Epsilon: 0.213
2026-04-19 01:25:50 | INFO | Episode  796 - Reward: -200.000, Length: 200, Loss: 13.3785, Entropy: 1.0869, Epsilon: 0.212
2026-04-19 01:25:51 | INFO | Episode  797 - Reward: -200.000, Length: 200, Loss: 8.2153, Entropy: 1.0870, Epsilon: 0.211
2026-04-19 01:25:51 | INFO | Episode  798 - Reward: -200.000, Length: 200, Loss: 11.2003, Entropy: 1.0924, Epsilon: 0.210
2026-04-19 01:25:51 | INFO | Episode  799 - Reward: -200.000, Length: 200, Loss: 16.2385, Entropy: 1.0917, Epsilon: 0.209
2026-04-19 01:25:51 | INFO | Episode  800 - Reward: -200.000, Length: 200, Loss: 5.2905, Entropy: 1.0927, Epsilon: 0.208
2026-04-19 01:25:56 | INFO | [Episode  800] eps=0.208  avg_reward=-200.000  avg_length=200.00  avg_loss= 13.7318  avg_entropy=1.0927  eval_success=0.000
2026-04-19 01:25:57 | INFO | Episode  801 - Reward: -200.000, Length: 200, Loss: 5.8815, Entropy: 1.0923, Epsilon: 0.207
2026-04-19 01:25:57 | INFO | Episode  802 - Reward: -200.000, Length: 200, Loss: 13.4431, Entropy: 1.0923, Epsilon: 0.206
2026-04-19 01:25:57 | INFO | Episode  803 - Reward: -200.000, Length: 200, Loss: 5.2451, Entropy: 1.0940, Epsilon: 0.205
2026-04-19 01:25:58 | INFO | Episode  804 - Reward: -200.000, Length: 200, Loss: 12.8956, Entropy: 1.0916, Epsilon: 0.204
2026-04-19 01:25:58 | INFO | Episode  805 - Reward: -200.000, Length: 200, Loss: 22.1743, Entropy: 1.0777, Epsilon: 0.203
2026-04-19 01:25:58 | INFO | Episode  806 - Reward: -200.000, Length: 200, Loss: 18.4721, Entropy: 1.0799, Epsilon: 0.202
2026-04-19 01:25:58 | INFO | Episode  807 - Reward: -200.000, Length: 200, Loss: 14.7273, Entropy: 1.0760, Epsilon: 0.201
2026-04-19 01:25:59 | INFO | Episode  808 - Reward: -200.000, Length: 200, Loss: 16.3970, Entropy: 1.0738, Epsilon: 0.200
2026-04-19 01:25:59 | INFO | Episode  809 - Reward: -200.000, Length: 200, Loss: 13.5188, Entropy: 1.0674, Epsilon: 0.199
2026-04-19 01:25:59 | INFO | Episode  810 - Reward: -200.000, Length: 200, Loss: 18.9234, Entropy: 1.0789, Epsilon: 0.198
2026-04-19 01:26:00 | INFO | Episode  811 - Reward: -200.000, Length: 200, Loss: 10.8402, Entropy: 1.0784, Epsilon: 0.197
2026-04-19 01:26:00 | INFO | Episode  812 - Reward: -200.000, Length: 200, Loss: 11.0865, Entropy: 1.0609, Epsilon: 0.196
2026-04-19 01:26:00 | INFO | Episode  813 - Reward: -200.000, Length: 200, Loss: 22.1061, Entropy: 1.0380, Epsilon: 0.195
2026-04-19 01:26:01 | INFO | Episode  814 - Reward: -200.000, Length: 200, Loss: 16.7028, Entropy: 1.0656, Epsilon: 0.194
2026-04-19 01:26:01 | INFO | Episode  815 - Reward: -200.000, Length: 200, Loss: 19.1403, Entropy: 1.0762, Epsilon: 0.193
2026-04-19 01:26:01 | INFO | Episode  816 - Reward: -200.000, Length: 200, Loss: 21.5038, Entropy: 1.0794, Epsilon: 0.192
2026-04-19 01:26:01 | INFO | Episode  817 - Reward: -200.000, Length: 200, Loss: 17.4583, Entropy: 1.0876, Epsilon: 0.191
2026-04-19 01:26:02 | INFO | Episode  818 - Reward: -200.000, Length: 200, Loss: 11.0359, Entropy: 1.0906, Epsilon: 0.190
2026-04-19 01:26:02 | INFO | Episode  819 - Reward: -200.000, Length: 200, Loss: 6.1200, Entropy: 1.0925, Epsilon: 0.189
2026-04-19 01:26:02 | INFO | Episode  820 - Reward: -200.000, Length: 200, Loss: 10.6822, Entropy: 1.0936, Epsilon: 0.188
2026-04-19 01:26:03 | INFO | Episode  821 - Reward: -200.000, Length: 200, Loss: 13.6394, Entropy: 1.0686, Epsilon: 0.187
2026-04-19 01:26:03 | INFO | Episode  822 - Reward: -200.000, Length: 200, Loss: 16.6164, Entropy: 1.0895, Epsilon: 0.186
2026-04-19 01:26:03 | INFO | Episode  823 - Reward: -200.000, Length: 200, Loss: 19.2955, Entropy: 1.0713, Epsilon: 0.185
2026-04-19 01:26:04 | INFO | Episode  824 - Reward: -200.000, Length: 200, Loss: 15.5325, Entropy: 1.0809, Epsilon: 0.184
2026-04-19 01:26:04 | INFO | Episode  825 - Reward: -200.000, Length: 200, Loss: 19.3624, Entropy: 1.0612, Epsilon: 0.183
2026-04-19 01:26:04 | INFO | Episode  826 - Reward: -200.000, Length: 200, Loss: 11.7996, Entropy: 1.0860, Epsilon: 0.182
2026-04-19 01:26:04 | INFO | Episode  827 - Reward: -200.000, Length: 200, Loss: 13.2129, Entropy: 1.0905, Epsilon: 0.181
2026-04-19 01:26:05 | INFO | Episode  828 - Reward: -200.000, Length: 200, Loss: 27.3224, Entropy: 1.0789, Epsilon: 0.180
2026-04-19 01:26:05 | INFO | Episode  829 - Reward: -200.000, Length: 200, Loss: 15.6783, Entropy: 1.0881, Epsilon: 0.179
2026-04-19 01:26:05 | INFO | Episode  830 - Reward: -200.000, Length: 200, Loss: 7.2293, Entropy: 1.0872, Epsilon: 0.178
2026-04-19 01:26:06 | INFO | Episode  831 - Reward: -200.000, Length: 200, Loss: 9.7281, Entropy: 1.0902, Epsilon: 0.177
2026-04-19 01:26:06 | INFO | Episode  832 - Reward: -200.000, Length: 200, Loss: 14.6012, Entropy: 1.0908, Epsilon: 0.176
2026-04-19 01:26:06 | INFO | Episode  833 - Reward: -200.000, Length: 200, Loss: 10.4792, Entropy: 1.0836, Epsilon: 0.175
2026-04-19 01:26:07 | INFO | Episode  834 - Reward: -200.000, Length: 200, Loss: 13.1078, Entropy: 1.0951, Epsilon: 0.174
2026-04-19 01:26:07 | INFO | Episode  835 - Reward: -200.000, Length: 200, Loss: 14.6094, Entropy: 1.0875, Epsilon: 0.173
2026-04-19 01:26:07 | INFO | Episode  836 - Reward: -200.000, Length: 200, Loss: 16.4964, Entropy: 1.0747, Epsilon: 0.172
2026-04-19 01:26:08 | INFO | Episode  837 - Reward: -200.000, Length: 200, Loss: 17.2682, Entropy: 1.0821, Epsilon: 0.171
2026-04-19 01:26:08 | INFO | Episode  838 - Reward: -200.000, Length: 200, Loss: 10.7035, Entropy: 1.0606, Epsilon: 0.170
2026-04-19 01:26:08 | INFO | Episode  839 - Reward: -200.000, Length: 200, Loss: 21.1414, Entropy: 1.0695, Epsilon: 0.169
2026-04-19 01:26:09 | INFO | Episode  840 - Reward: -200.000, Length: 200, Loss: 17.1950, Entropy: 1.0959, Epsilon: 0.168
2026-04-19 01:26:09 | INFO | Episode  841 - Reward: -200.000, Length: 200, Loss: 5.6183, Entropy: 1.0834, Epsilon: 0.167
2026-04-19 01:26:09 | INFO | Episode  842 - Reward: -200.000, Length: 200, Loss: 17.9202, Entropy: 1.0863, Epsilon: 0.166
2026-04-19 01:26:09 | INFO | Episode  843 - Reward: -200.000, Length: 200, Loss: 7.7276, Entropy: 1.0910, Epsilon: 0.165
2026-04-19 01:26:10 | INFO | Episode  844 - Reward: -200.000, Length: 200, Loss: 20.5490, Entropy: 1.0875, Epsilon: 0.164
2026-04-19 01:26:10 | INFO | Episode  845 - Reward: -200.000, Length: 200, Loss: 8.5978, Entropy: 1.0933, Epsilon: 0.163
2026-04-19 01:26:10 | INFO | Episode  846 - Reward: -200.000, Length: 200, Loss: 14.3416, Entropy: 1.0827, Epsilon: 0.162
2026-04-19 01:26:11 | INFO | Episode  847 - Reward: -200.000, Length: 200, Loss: 13.9543, Entropy: 1.0881, Epsilon: 0.161
2026-04-19 01:26:11 | INFO | Episode  848 - Reward: -200.000, Length: 200, Loss: 20.9549, Entropy: 1.0750, Epsilon: 0.160
2026-04-19 01:26:11 | INFO | Episode  849 - Reward: -200.000, Length: 200, Loss: 5.5501, Entropy: 1.0908, Epsilon: 0.159
2026-04-19 01:26:12 | INFO | Episode  850 - Reward: -200.000, Length: 200, Loss: 13.4965, Entropy: 1.0741, Epsilon: 0.158
2026-04-19 01:26:12 | INFO | Episode  851 - Reward: -200.000, Length: 200, Loss: 25.9868, Entropy: 1.0485, Epsilon: 0.158
2026-04-19 01:26:12 | INFO | Episode  852 - Reward: -200.000, Length: 200, Loss: 8.4843, Entropy: 1.0778, Epsilon: 0.157
2026-04-19 01:26:12 | INFO | Episode  853 - Reward: -200.000, Length: 200, Loss: 8.5063, Entropy: 1.0903, Epsilon: 0.156
2026-04-19 01:26:13 | INFO | Episode  854 - Reward: -200.000, Length: 200, Loss: 7.9243, Entropy: 1.0917, Epsilon: 0.155
2026-04-19 01:26:13 | INFO | Episode  855 - Reward: -200.000, Length: 200, Loss: 22.9602, Entropy: 1.0793, Epsilon: 0.154
2026-04-19 01:26:13 | INFO | Episode  856 - Reward: -200.000, Length: 200, Loss: 17.3882, Entropy: 1.0802, Epsilon: 0.153
2026-04-19 01:26:14 | INFO | Episode  857 - Reward: -200.000, Length: 200, Loss: 11.9689, Entropy: 1.0916, Epsilon: 0.152
2026-04-19 01:26:14 | INFO | Episode  858 - Reward: -200.000, Length: 200, Loss: 10.3794, Entropy: 1.0950, Epsilon: 0.151
2026-04-19 01:26:14 | INFO | Episode  859 - Reward: -200.000, Length: 200, Loss: 6.7299, Entropy: 1.0771, Epsilon: 0.150
2026-04-19 01:26:15 | INFO | Episode  860 - Reward: -200.000, Length: 200, Loss: 14.6246, Entropy: 1.0812, Epsilon: 0.149
2026-04-19 01:26:15 | INFO | Episode  861 - Reward: -200.000, Length: 200, Loss: 14.6785, Entropy: 1.0471, Epsilon: 0.148
2026-04-19 01:26:15 | INFO | Episode  862 - Reward: -200.000, Length: 200, Loss: 29.2812, Entropy: 1.0534, Epsilon: 0.147
2026-04-19 01:26:16 | INFO | Episode  863 - Reward: -200.000, Length: 200, Loss: 13.5538, Entropy: 1.0844, Epsilon: 0.146
2026-04-19 01:26:16 | INFO | Episode  864 - Reward: -200.000, Length: 200, Loss: 14.8350, Entropy: 1.0873, Epsilon: 0.145
2026-04-19 01:26:16 | INFO | Episode  865 - Reward: -200.000, Length: 200, Loss: 9.8122, Entropy: 1.0781, Epsilon: 0.144
2026-04-19 01:26:16 | INFO | Episode  866 - Reward: -200.000, Length: 200, Loss: 26.1144, Entropy: 1.0795, Epsilon: 0.143
2026-04-19 01:26:17 | INFO | Episode  867 - Reward: -200.000, Length: 200, Loss: 12.5243, Entropy: 1.0800, Epsilon: 0.142
2026-04-19 01:26:17 | INFO | Episode  868 - Reward: -200.000, Length: 200, Loss: 5.1489, Entropy: 1.0919, Epsilon: 0.141
2026-04-19 01:26:17 | INFO | Episode  869 - Reward: -200.000, Length: 200, Loss: 6.0341, Entropy: 1.0906, Epsilon: 0.140
2026-04-19 01:26:18 | INFO | Episode  870 - Reward: -200.000, Length: 200, Loss: 8.1749, Entropy: 1.0891, Epsilon: 0.139
2026-04-19 01:26:18 | INFO | Episode  871 - Reward: -200.000, Length: 200, Loss: 10.7939, Entropy: 1.0913, Epsilon: 0.138
2026-04-19 01:26:18 | INFO | Episode  872 - Reward: -200.000, Length: 200, Loss: 5.0171, Entropy: 1.0927, Epsilon: 0.137
2026-04-19 01:26:19 | INFO | Episode  873 - Reward: -200.000, Length: 200, Loss: 12.1022, Entropy: 1.0785, Epsilon: 0.136
2026-04-19 01:26:19 | INFO | Episode  874 - Reward: -200.000, Length: 200, Loss: 3.2216, Entropy: 1.0932, Epsilon: 0.135
2026-04-19 01:26:19 | INFO | Episode  875 - Reward: -200.000, Length: 200, Loss: 5.1945, Entropy: 1.0929, Epsilon: 0.134
2026-04-19 01:26:19 | INFO | Episode  876 - Reward: -200.000, Length: 200, Loss: 14.1039, Entropy: 1.0816, Epsilon: 0.133
2026-04-19 01:26:20 | INFO | Episode  877 - Reward: -200.000, Length: 200, Loss: 12.9642, Entropy: 1.0816, Epsilon: 0.132
2026-04-19 01:26:20 | INFO | Episode  878 - Reward: -200.000, Length: 200, Loss: 14.0413, Entropy: 1.0919, Epsilon: 0.131
2026-04-19 01:26:20 | INFO | Episode  879 - Reward: -200.000, Length: 200, Loss: 9.5232, Entropy: 1.0808, Epsilon: 0.130
2026-04-19 01:26:21 | INFO | Episode  880 - Reward: -200.000, Length: 200, Loss: 21.2050, Entropy: 1.0878, Epsilon: 0.129
2026-04-19 01:26:21 | INFO | Episode  881 - Reward: -200.000, Length: 200, Loss: 15.9930, Entropy: 1.0598, Epsilon: 0.128
2026-04-19 01:26:22 | INFO | Episode  882 - Reward: -200.000, Length: 200, Loss: -0.0678, Entropy: 1.0965, Epsilon: 0.127
2026-04-19 01:26:22 | INFO | Episode  883 - Reward: -200.000, Length: 200, Loss: 15.2569, Entropy: 1.0867, Epsilon: 0.126
2026-04-19 01:26:22 | INFO | Episode  884 - Reward: -200.000, Length: 200, Loss: 23.8484, Entropy: 1.0776, Epsilon: 0.125
2026-04-19 01:26:23 | INFO | Episode  885 - Reward: -200.000, Length: 200, Loss: 20.6385, Entropy: 1.0817, Epsilon: 0.124
2026-04-19 01:26:23 | INFO | Episode  886 - Reward: -200.000, Length: 200, Loss: 18.0901, Entropy: 1.0903, Epsilon: 0.123
2026-04-19 01:26:23 | INFO | Episode  887 - Reward: -200.000, Length: 200, Loss: 11.7613, Entropy: 1.0778, Epsilon: 0.122
2026-04-19 01:26:24 | INFO | Episode  888 - Reward: -200.000, Length: 200, Loss: 14.6020, Entropy: 1.0816, Epsilon: 0.121
2026-04-19 01:26:24 | INFO | Episode  889 - Reward: -200.000, Length: 200, Loss: 11.7079, Entropy: 1.0814, Epsilon: 0.120
2026-04-19 01:26:24 | INFO | Episode  890 - Reward: -200.000, Length: 200, Loss: 30.4798, Entropy: 1.0444, Epsilon: 0.119
2026-04-19 01:26:25 | INFO | Episode  891 - Reward: -200.000, Length: 200, Loss: 11.8788, Entropy: 1.0664, Epsilon: 0.118
2026-04-19 01:26:25 | INFO | Episode  892 - Reward: -200.000, Length: 200, Loss: 24.8387, Entropy: 1.0799, Epsilon: 0.117
2026-04-19 01:26:25 | INFO | Episode  893 - Reward: -200.000, Length: 200, Loss: 15.5834, Entropy: 1.0866, Epsilon: 0.116
2026-04-19 01:26:26 | INFO | Episode  894 - Reward: -200.000, Length: 200, Loss: 13.0266, Entropy: 1.0897, Epsilon: 0.115
2026-04-19 01:26:26 | INFO | Episode  895 - Reward: -200.000, Length: 200, Loss: 5.4692, Entropy: 1.0893, Epsilon: 0.114
2026-04-19 01:26:26 | INFO | Episode  896 - Reward: -200.000, Length: 200, Loss: 12.3559, Entropy: 1.0786, Epsilon: 0.113
2026-04-19 01:26:26 | INFO | Episode  897 - Reward: -200.000, Length: 200, Loss: 3.3097, Entropy: 1.0847, Epsilon: 0.112
2026-04-19 01:26:27 | INFO | Episode  898 - Reward: -200.000, Length: 200, Loss: 10.7697, Entropy: 1.0871, Epsilon: 0.111
2026-04-19 01:26:27 | INFO | Episode  899 - Reward: -200.000, Length: 200, Loss: 25.2413, Entropy: 1.0695, Epsilon: 0.110
2026-04-19 01:26:27 | INFO | Episode  900 - Reward: -200.000, Length: 200, Loss: 5.7780, Entropy: 1.0874, Epsilon: 0.109
2026-04-19 01:26:32 | INFO | [Episode  900] eps=0.109  avg_reward=-200.000  avg_length=200.00  avg_loss= 13.9592  avg_entropy=1.0874  eval_success=0.000
2026-04-19 01:26:33 | INFO | Episode  901 - Reward: -200.000, Length: 200, Loss: 19.8072, Entropy: 1.0868, Epsilon: 0.108
2026-04-19 01:26:33 | INFO | Episode  902 - Reward: -200.000, Length: 200, Loss: 12.1662, Entropy: 1.0868, Epsilon: 0.107
2026-04-19 01:26:33 | INFO | Episode  903 - Reward: -200.000, Length: 200, Loss: 17.6054, Entropy: 1.0666, Epsilon: 0.106
2026-04-19 01:26:34 | INFO | Episode  904 - Reward: -200.000, Length: 200, Loss: 14.7190, Entropy: 1.0852, Epsilon: 0.105
2026-04-19 01:26:34 | INFO | Episode  905 - Reward: -200.000, Length: 200, Loss: 8.4179, Entropy: 1.0820, Epsilon: 0.104
2026-04-19 01:26:34 | INFO | Episode  906 - Reward: -200.000, Length: 200, Loss: 10.6829, Entropy: 1.0854, Epsilon: 0.103
2026-04-19 01:26:34 | INFO | Episode  907 - Reward: -200.000, Length: 200, Loss: 22.4900, Entropy: 1.0644, Epsilon: 0.102
2026-04-19 01:26:35 | INFO | Episode  908 - Reward: -200.000, Length: 200, Loss: 20.3789, Entropy: 1.0863, Epsilon: 0.101
2026-04-19 01:26:35 | INFO | Episode  909 - Reward: -200.000, Length: 200, Loss: 9.8775, Entropy: 1.0889, Epsilon: 0.100
2026-04-19 01:26:35 | INFO | Episode  910 - Reward: -200.000, Length: 200, Loss: 20.6309, Entropy: 1.0710, Epsilon: 0.099
2026-04-19 01:26:36 | INFO | Episode  911 - Reward: -200.000, Length: 200, Loss: 7.9296, Entropy: 1.0778, Epsilon: 0.098
2026-04-19 01:26:36 | INFO | Episode  912 - Reward: -200.000, Length: 200, Loss: 12.4718, Entropy: 1.0741, Epsilon: 0.097
2026-04-19 01:26:36 | INFO | Episode  913 - Reward: -200.000, Length: 200, Loss: 28.8153, Entropy: 1.0577, Epsilon: 0.096
2026-04-19 01:26:37 | INFO | Episode  914 - Reward: -200.000, Length: 200, Loss: 5.4729, Entropy: 1.0829, Epsilon: 0.095
2026-04-19 01:26:37 | INFO | Episode  915 - Reward: -200.000, Length: 200, Loss: 11.0279, Entropy: 1.0891, Epsilon: 0.094
2026-04-19 01:26:37 | INFO | Episode  916 - Reward: -200.000, Length: 200, Loss: 12.0443, Entropy: 1.0907, Epsilon: 0.093
2026-04-19 01:26:38 | INFO | Episode  917 - Reward: -200.000, Length: 200, Loss: 18.5339, Entropy: 1.0817, Epsilon: 0.092
2026-04-19 01:26:38 | INFO | Episode  918 - Reward: -200.000, Length: 200, Loss: 12.6746, Entropy: 1.0784, Epsilon: 0.091
2026-04-19 01:26:38 | INFO | Episode  919 - Reward: -200.000, Length: 200, Loss: 20.3823, Entropy: 1.0772, Epsilon: 0.090
2026-04-19 01:26:38 | INFO | Episode  920 - Reward: -200.000, Length: 200, Loss: 12.0150, Entropy: 1.0498, Epsilon: 0.089
2026-04-19 01:26:39 | INFO | Episode  921 - Reward: -200.000, Length: 200, Loss: 18.6995, Entropy: 1.0842, Epsilon: 0.088
2026-04-19 01:26:39 | INFO | Episode  922 - Reward: -200.000, Length: 200, Loss: 15.5818, Entropy: 1.0662, Epsilon: 0.087
2026-04-19 01:26:39 | INFO | Episode  923 - Reward: -200.000, Length: 200, Loss: 15.2477, Entropy: 1.0856, Epsilon: 0.086
2026-04-19 01:26:40 | INFO | Episode  924 - Reward: -200.000, Length: 200, Loss: 5.8269, Entropy: 1.0916, Epsilon: 0.085
2026-04-19 01:26:40 | INFO | Episode  925 - Reward: -200.000, Length: 200, Loss: 10.1309, Entropy: 1.0928, Epsilon: 0.084
2026-04-19 01:26:40 | INFO | Episode  926 - Reward: -200.000, Length: 200, Loss: 11.8646, Entropy: 1.0919, Epsilon: 0.083
2026-04-19 01:26:41 | INFO | Episode  927 - Reward: -200.000, Length: 200, Loss: 15.3197, Entropy: 1.0807, Epsilon: 0.082
2026-04-19 01:26:41 | INFO | Episode  928 - Reward: -200.000, Length: 200, Loss: 13.1082, Entropy: 1.0849, Epsilon: 0.081
2026-04-19 01:26:41 | INFO | Episode  929 - Reward: -200.000, Length: 200, Loss: 8.7944, Entropy: 1.0896, Epsilon: 0.080
2026-04-19 01:26:42 | INFO | Episode  930 - Reward: -200.000, Length: 200, Loss: 13.9692, Entropy: 1.0716, Epsilon: 0.079
2026-04-19 01:26:42 | INFO | Episode  931 - Reward: -200.000, Length: 200, Loss: 3.1280, Entropy: 1.0912, Epsilon: 0.078
2026-04-19 01:26:42 | INFO | Episode  932 - Reward: -200.000, Length: 200, Loss: 9.9093, Entropy: 1.0846, Epsilon: 0.077
2026-04-19 01:26:43 | INFO | Episode  933 - Reward: -200.000, Length: 200, Loss: 18.3859, Entropy: 1.0659, Epsilon: 0.076
2026-04-19 01:26:43 | INFO | Episode  934 - Reward: -200.000, Length: 200, Loss: 6.3060, Entropy: 1.0901, Epsilon: 0.075
2026-04-19 01:26:43 | INFO | Episode  935 - Reward: -200.000, Length: 200, Loss: 23.6708, Entropy: 1.0591, Epsilon: 0.074
2026-04-19 01:26:43 | INFO | Episode  936 - Reward: -200.000, Length: 200, Loss: 8.6468, Entropy: 1.0868, Epsilon: 0.073
2026-04-19 01:26:44 | INFO | Episode  937 - Reward: -200.000, Length: 200, Loss: 19.5739, Entropy: 1.0833, Epsilon: 0.072
2026-04-19 01:26:44 | INFO | Episode  938 - Reward: -200.000, Length: 200, Loss: 8.5088, Entropy: 1.0799, Epsilon: 0.071
2026-04-19 01:26:44 | INFO | Episode  939 - Reward: -200.000, Length: 200, Loss: 3.4208, Entropy: 1.0975, Epsilon: 0.070
2026-04-19 01:26:45 | INFO | Episode  940 - Reward: -200.000, Length: 200, Loss: 18.0321, Entropy: 1.0894, Epsilon: 0.069
2026-04-19 01:26:45 | INFO | Episode  941 - Reward: -200.000, Length: 200, Loss: 13.0311, Entropy: 1.0714, Epsilon: 0.068
2026-04-19 01:26:45 | INFO | Episode  942 - Reward: -200.000, Length: 200, Loss: 9.6399, Entropy: 1.0839, Epsilon: 0.067
2026-04-19 01:26:46 | INFO | Episode  943 - Reward: -200.000, Length: 200, Loss: 8.3080, Entropy: 1.0915, Epsilon: 0.066
2026-04-19 01:26:46 | INFO | Episode  944 - Reward: -200.000, Length: 200, Loss: 18.3822, Entropy: 1.0847, Epsilon: 0.065
2026-04-19 01:26:46 | INFO | Episode  945 - Reward: -200.000, Length: 200, Loss: 21.1362, Entropy: 1.0828, Epsilon: 0.064
2026-04-19 01:26:47 | INFO | Episode  946 - Reward: -200.000, Length: 200, Loss: 15.6876, Entropy: 1.0911, Epsilon: 0.063
2026-04-19 01:26:47 | INFO | Episode  947 - Reward: -200.000, Length: 200, Loss: 34.3793, Entropy: 1.0551, Epsilon: 0.062
2026-04-19 01:26:47 | INFO | Episode  948 - Reward: -200.000, Length: 200, Loss: 15.8456, Entropy: 1.0729, Epsilon: 0.061
2026-04-19 01:26:48 | INFO | Episode  949 - Reward: -200.000, Length: 200, Loss: 22.5943, Entropy: 1.0396, Epsilon: 0.060
2026-04-19 01:26:48 | INFO | Episode  950 - Reward: -200.000, Length: 200, Loss: 14.7536, Entropy: 1.0711, Epsilon: 0.059
2026-04-19 01:26:48 | INFO | Episode  951 - Reward: -200.000, Length: 200, Loss: 22.4885, Entropy: 1.0809, Epsilon: 0.059
2026-04-19 01:26:48 | INFO | Episode  952 - Reward: -200.000, Length: 200, Loss: 9.5877, Entropy: 1.0901, Epsilon: 0.058
2026-04-19 01:26:49 | INFO | Episode  953 - Reward: -200.000, Length: 200, Loss: 6.3177, Entropy: 1.0936, Epsilon: 0.057
2026-04-19 01:26:49 | INFO | Episode  954 - Reward: -200.000, Length: 200, Loss: 2.9374, Entropy: 1.0974, Epsilon: 0.056
2026-04-19 01:26:49 | INFO | Episode  955 - Reward: -200.000, Length: 200, Loss: 18.9284, Entropy: 1.0741, Epsilon: 0.055
2026-04-19 01:26:50 | INFO | Episode  956 - Reward: -200.000, Length: 200, Loss: 12.8535, Entropy: 1.0885, Epsilon: 0.054
2026-04-19 01:26:50 | INFO | Episode  957 - Reward: -200.000, Length: 200, Loss: 24.8841, Entropy: 1.0835, Epsilon: 0.053
2026-04-19 01:26:50 | INFO | Episode  958 - Reward: -200.000, Length: 200, Loss: 20.2647, Entropy: 1.0610, Epsilon: 0.052
2026-04-19 01:26:51 | INFO | Episode  959 - Reward: -200.000, Length: 200, Loss: 20.3640, Entropy: 1.0566, Epsilon: 0.051
2026-04-19 01:26:51 | INFO | Episode  960 - Reward: -200.000, Length: 200, Loss: 11.2338, Entropy: 1.0920, Epsilon: 0.050
2026-04-19 01:26:51 | INFO | Episode  961 - Reward: -200.000, Length: 200, Loss: 6.5709, Entropy: 1.0900, Epsilon: 0.049
2026-04-19 01:26:52 | INFO | Episode  962 - Reward: -200.000, Length: 200, Loss: 16.1640, Entropy: 1.0477, Epsilon: 0.048
2026-04-19 01:26:52 | INFO | Episode  963 - Reward: -200.000, Length: 200, Loss: 9.4337, Entropy: 1.0871, Epsilon: 0.047
2026-04-19 01:26:52 | INFO | Episode  964 - Reward: -200.000, Length: 200, Loss: 6.0625, Entropy: 1.0931, Epsilon: 0.046
2026-04-19 01:26:52 | INFO | Episode  965 - Reward: -200.000, Length: 200, Loss: 14.7957, Entropy: 1.0868, Epsilon: 0.045
2026-04-19 01:26:53 | INFO | Episode  966 - Reward: -200.000, Length: 200, Loss: 13.1419, Entropy: 1.0772, Epsilon: 0.044
2026-04-19 01:26:53 | INFO | Episode  967 - Reward: -200.000, Length: 200, Loss: 9.9619, Entropy: 1.0794, Epsilon: 0.043
2026-04-19 01:26:53 | INFO | Episode  968 - Reward: -200.000, Length: 200, Loss: 17.6817, Entropy: 1.0808, Epsilon: 0.042
2026-04-19 01:26:54 | INFO | Episode  969 - Reward: -200.000, Length: 200, Loss: 20.3810, Entropy: 1.0578, Epsilon: 0.041
2026-04-19 01:26:54 | INFO | Episode  970 - Reward: -200.000, Length: 200, Loss: 23.7406, Entropy: 1.0695, Epsilon: 0.040
2026-04-19 01:26:54 | INFO | Episode  971 - Reward: -200.000, Length: 200, Loss: 23.3061, Entropy: 1.0785, Epsilon: 0.039
2026-04-19 01:26:55 | INFO | Episode  972 - Reward: -200.000, Length: 200, Loss: 15.6717, Entropy: 1.0869, Epsilon: 0.038
2026-04-19 01:26:55 | INFO | Episode  973 - Reward: -200.000, Length: 200, Loss: 9.2667, Entropy: 1.0899, Epsilon: 0.037
2026-04-19 01:26:55 | INFO | Episode  974 - Reward: -200.000, Length: 200, Loss: 15.3163, Entropy: 1.0882, Epsilon: 0.036
2026-04-19 01:26:56 | INFO | Episode  975 - Reward: -200.000, Length: 200, Loss: 28.7283, Entropy: 1.0413, Epsilon: 0.035
2026-04-19 01:26:56 | INFO | Episode  976 - Reward: -200.000, Length: 200, Loss: 18.7784, Entropy: 1.0646, Epsilon: 0.034
2026-04-19 01:26:56 | INFO | Episode  977 - Reward: -200.000, Length: 200, Loss: 27.8492, Entropy: 1.0684, Epsilon: 0.033
2026-04-19 01:26:56 | INFO | Episode  978 - Reward: -200.000, Length: 200, Loss: 9.3437, Entropy: 1.0826, Epsilon: 0.032
2026-04-19 01:26:57 | INFO | Episode  979 - Reward: -200.000, Length: 200, Loss: 20.0430, Entropy: 1.0605, Epsilon: 0.031
2026-04-19 01:26:57 | INFO | Episode  980 - Reward: -200.000, Length: 200, Loss: 9.2825, Entropy: 1.0860, Epsilon: 0.030
2026-04-19 01:26:57 | INFO | Episode  981 - Reward: -200.000, Length: 200, Loss: 20.7104, Entropy: 1.0845, Epsilon: 0.029
2026-04-19 01:26:58 | INFO | Episode  982 - Reward: -200.000, Length: 200, Loss: 9.4124, Entropy: 1.0809, Epsilon: 0.028
2026-04-19 01:26:58 | INFO | Episode  983 - Reward: -200.000, Length: 200, Loss: 5.9148, Entropy: 1.0869, Epsilon: 0.027
2026-04-19 01:26:58 | INFO | Episode  984 - Reward: -200.000, Length: 200, Loss: 20.7567, Entropy: 1.0605, Epsilon: 0.026
2026-04-19 01:26:59 | INFO | Episode  985 - Reward: -200.000, Length: 200, Loss: 15.7133, Entropy: 1.0763, Epsilon: 0.025
2026-04-19 01:26:59 | INFO | Episode  986 - Reward: -200.000, Length: 200, Loss: 9.4275, Entropy: 1.0783, Epsilon: 0.024
2026-04-19 01:26:59 | INFO | Episode  987 - Reward: -200.000, Length: 200, Loss: 21.4988, Entropy: 1.0664, Epsilon: 0.023
2026-04-19 01:27:00 | INFO | Episode  988 - Reward: -200.000, Length: 200, Loss: 13.2584, Entropy: 1.0823, Epsilon: 0.022
2026-04-19 01:27:00 | INFO | Episode  989 - Reward: -200.000, Length: 200, Loss: 21.3571, Entropy: 1.0850, Epsilon: 0.021
2026-04-19 01:27:00 | INFO | Episode  990 - Reward: -200.000, Length: 200, Loss: 16.7195, Entropy: 1.0830, Epsilon: 0.020
2026-04-19 01:27:01 | INFO | Episode  991 - Reward: -200.000, Length: 200, Loss: 11.8041, Entropy: 1.0848, Epsilon: 0.019
2026-04-19 01:27:01 | INFO | Episode  992 - Reward: -200.000, Length: 200, Loss: 8.5667, Entropy: 1.0849, Epsilon: 0.018
2026-04-19 01:27:01 | INFO | Episode  993 - Reward: -200.000, Length: 200, Loss: 23.8014, Entropy: 1.0739, Epsilon: 0.017
2026-04-19 01:27:01 | INFO | Episode  994 - Reward: -200.000, Length: 200, Loss: 24.1308, Entropy: 1.0928, Epsilon: 0.016
2026-04-19 01:27:02 | INFO | Episode  995 - Reward: -200.000, Length: 200, Loss: 22.5641, Entropy: 1.0773, Epsilon: 0.015
2026-04-19 01:27:02 | INFO | Episode  996 - Reward: -200.000, Length: 200, Loss: 22.9047, Entropy: 1.0638, Epsilon: 0.014
2026-04-19 01:27:02 | INFO | Episode  997 - Reward: -200.000, Length: 200, Loss: 14.9171, Entropy: 1.0841, Epsilon: 0.013
2026-04-19 01:27:03 | INFO | Episode  998 - Reward: -200.000, Length: 200, Loss: 9.1232, Entropy: 1.0667, Epsilon: 0.012
2026-04-19 01:27:03 | INFO | Episode  999 - Reward: -200.000, Length: 200, Loss: 25.9644, Entropy: 1.0725, Epsilon: 0.011
2026-04-19 01:27:03 | INFO | Episode 1000 - Reward: -200.000, Length: 200, Loss: 9.9861, Entropy: 1.0813, Epsilon: 0.010
2026-04-19 01:27:08 | INFO | [Episode 1000] eps=0.010  avg_reward=-200.000  avg_length=200.00  avg_loss= 15.1394  avg_entropy=1.0813  eval_success=0.000
2026-04-19 01:27:08 | INFO | Episode 1001 - Reward: -200.000, Length: 200, Loss: 16.4722, Entropy: 1.0736, Epsilon: 0.010
2026-04-19 01:27:09 | INFO | Episode 1002 - Reward: -200.000, Length: 200, Loss: 11.9838, Entropy: 1.0400, Epsilon: 0.010
2026-04-19 01:27:09 | INFO | Episode 1003 - Reward: -200.000, Length: 200, Loss: 17.0485, Entropy: 1.0732, Epsilon: 0.010
2026-04-19 01:27:09 | INFO | Episode 1004 - Reward: -200.000, Length: 200, Loss: 16.8627, Entropy: 1.0889, Epsilon: 0.010
2026-04-19 01:27:10 | INFO | Episode 1005 - Reward: -200.000, Length: 200, Loss: 15.6011, Entropy: 1.0779, Epsilon: 0.010
2026-04-19 01:27:10 | INFO | Episode 1006 - Reward: -200.000, Length: 200, Loss: 12.0875, Entropy: 1.0909, Epsilon: 0.010
2026-04-19 01:27:10 | INFO | Episode 1007 - Reward: -200.000, Length: 200, Loss: 22.1184, Entropy: 1.0511, Epsilon: 0.010
2026-04-19 01:27:11 | INFO | Episode 1008 - Reward: -200.000, Length: 200, Loss: 18.8681, Entropy: 1.0719, Epsilon: 0.010
2026-04-19 01:27:11 | INFO | Episode 1009 - Reward: -200.000, Length: 200, Loss: 14.7059, Entropy: 1.0759, Epsilon: 0.010
2026-04-19 01:27:11 | INFO | Episode 1010 - Reward: -200.000, Length: 200, Loss: 21.8115, Entropy: 1.0694, Epsilon: 0.010
2026-04-19 01:27:12 | INFO | Episode 1011 - Reward: -200.000, Length: 200, Loss: 3.3966, Entropy: 1.0924, Epsilon: 0.010
2026-04-19 01:27:12 | INFO | Episode 1012 - Reward: -200.000, Length: 200, Loss: 6.5915, Entropy: 1.0911, Epsilon: 0.010
2026-04-19 01:27:12 | INFO | Episode 1013 - Reward: -200.000, Length: 200, Loss: 16.4662, Entropy: 1.0876, Epsilon: 0.010
2026-04-19 01:27:12 | INFO | Episode 1014 - Reward: -200.000, Length: 200, Loss: 13.3357, Entropy: 1.0797, Epsilon: 0.010
2026-04-19 01:27:13 | INFO | Episode 1015 - Reward: -200.000, Length: 200, Loss: 21.1907, Entropy: 1.0729, Epsilon: 0.010
2026-04-19 01:27:13 | INFO | Episode 1016 - Reward: -200.000, Length: 200, Loss: -0.0735, Entropy: 1.0939, Epsilon: 0.010
2026-04-19 01:27:13 | INFO | Episode 1017 - Reward: -200.000, Length: 200, Loss: 8.9828, Entropy: 1.0886, Epsilon: 0.010
2026-04-19 01:27:14 | INFO | Episode 1018 - Reward: -200.000, Length: 200, Loss: 15.8456, Entropy: 1.0915, Epsilon: 0.010
2026-04-19 01:27:14 | INFO | Episode 1019 - Reward: -200.000, Length: 200, Loss: 14.3722, Entropy: 1.0573, Epsilon: 0.010
2026-04-19 01:27:14 | INFO | Episode 1020 - Reward: -200.000, Length: 200, Loss: 13.9409, Entropy: 1.0829, Epsilon: 0.010
2026-04-19 01:27:15 | INFO | Episode 1021 - Reward: -200.000, Length: 200, Loss: 16.7569, Entropy: 1.0732, Epsilon: 0.010
2026-04-19 01:27:15 | INFO | Episode 1022 - Reward: -200.000, Length: 200, Loss: 6.3157, Entropy: 1.0910, Epsilon: 0.010
2026-04-19 01:27:15 | INFO | Episode 1023 - Reward: -200.000, Length: 200, Loss: 25.6429, Entropy: 1.0778, Epsilon: 0.010
2026-04-19 01:27:16 | INFO | Episode 1024 - Reward: -200.000, Length: 200, Loss: 5.6182, Entropy: 1.0896, Epsilon: 0.010
2026-04-19 01:27:16 | INFO | Episode 1025 - Reward: -200.000, Length: 200, Loss: 11.5533, Entropy: 1.0893, Epsilon: 0.010
2026-04-19 01:27:16 | INFO | Episode 1026 - Reward: -200.000, Length: 200, Loss: 16.8778, Entropy: 1.0684, Epsilon: 0.010
2026-04-19 01:27:17 | INFO | Episode 1027 - Reward: -200.000, Length: 200, Loss: 14.6953, Entropy: 1.0814, Epsilon: 0.010
2026-04-19 01:27:17 | INFO | Episode 1028 - Reward: -200.000, Length: 200, Loss: 12.6221, Entropy: 1.0791, Epsilon: 0.010
2026-04-19 01:27:17 | INFO | Episode 1029 - Reward: -200.000, Length: 200, Loss: 14.5799, Entropy: 1.0725, Epsilon: 0.010
2026-04-19 01:27:18 | INFO | Episode 1030 - Reward: -200.000, Length: 200, Loss: 9.8551, Entropy: 1.0780, Epsilon: 0.010
2026-04-19 01:27:18 | INFO | Episode 1031 - Reward: -200.000, Length: 200, Loss: 15.0351, Entropy: 1.0870, Epsilon: 0.010
2026-04-19 01:27:18 | INFO | Episode 1032 - Reward: -200.000, Length: 200, Loss: 15.5439, Entropy: 1.0777, Epsilon: 0.010
2026-04-19 01:27:19 | INFO | Episode 1033 - Reward: -200.000, Length: 200, Loss: 11.8195, Entropy: 1.0836, Epsilon: 0.010
2026-04-19 01:27:19 | INFO | Episode 1034 - Reward: -200.000, Length: 200, Loss: 11.5948, Entropy: 1.0907, Epsilon: 0.010
2026-04-19 01:27:19 | INFO | Episode 1035 - Reward: -200.000, Length: 200, Loss: 15.3333, Entropy: 1.0905, Epsilon: 0.010
2026-04-19 01:27:19 | INFO | Episode 1036 - Reward: -200.000, Length: 200, Loss: 9.6466, Entropy: 1.0905, Epsilon: 0.010
2026-04-19 01:27:20 | INFO | Episode 1037 - Reward: -200.000, Length: 200, Loss: 12.3501, Entropy: 1.0850, Epsilon: 0.010
2026-04-19 01:27:20 | INFO | Episode 1038 - Reward: -200.000, Length: 200, Loss: 9.4023, Entropy: 1.0916, Epsilon: 0.010
2026-04-19 01:27:20 | INFO | Episode 1039 - Reward: -200.000, Length: 200, Loss: 15.8334, Entropy: 1.0700, Epsilon: 0.010
2026-04-19 01:27:21 | INFO | Episode 1040 - Reward: -200.000, Length: 200, Loss: 22.4388, Entropy: 1.0895, Epsilon: 0.010
2026-04-19 01:27:21 | INFO | Episode 1041 - Reward: -200.000, Length: 200, Loss: 20.5111, Entropy: 1.0744, Epsilon: 0.010
2026-04-19 01:27:21 | INFO | Episode 1042 - Reward: -200.000, Length: 200, Loss: 11.9768, Entropy: 1.0836, Epsilon: 0.010
2026-04-19 01:27:22 | INFO | Episode 1043 - Reward: -200.000, Length: 200, Loss: 16.4871, Entropy: 1.0821, Epsilon: 0.010
2026-04-19 01:27:22 | INFO | Episode 1044 - Reward: -200.000, Length: 200, Loss: 9.0656, Entropy: 1.0823, Epsilon: 0.010
2026-04-19 01:27:22 | INFO | Episode 1045 - Reward: -200.000, Length: 200, Loss: 12.4498, Entropy: 1.0828, Epsilon: 0.010
2026-04-19 01:27:23 | INFO | Episode 1046 - Reward: -200.000, Length: 200, Loss: 16.4371, Entropy: 1.0761, Epsilon: 0.010
2026-04-19 01:27:23 | INFO | Episode 1047 - Reward: -200.000, Length: 200, Loss: 13.9941, Entropy: 1.0827, Epsilon: 0.010
2026-04-19 01:27:23 | INFO | Episode 1048 - Reward: -200.000, Length: 200, Loss: 13.0387, Entropy: 1.0777, Epsilon: 0.010
2026-04-19 01:27:24 | INFO | Episode 1049 - Reward: -200.000, Length: 200, Loss: 9.1498, Entropy: 1.0852, Epsilon: 0.010
2026-04-19 01:27:24 | INFO | Episode 1050 - Reward: -200.000, Length: 200, Loss: 5.8000, Entropy: 1.0968, Epsilon: 0.010
2026-04-19 01:27:24 | INFO | Episode 1051 - Reward: -200.000, Length: 200, Loss: 14.9269, Entropy: 1.0796, Epsilon: 0.010
2026-04-19 01:27:24 | INFO | Episode 1052 - Reward: -200.000, Length: 200, Loss: 12.6621, Entropy: 1.0878, Epsilon: 0.010
2026-04-19 01:27:25 | INFO | Episode 1053 - Reward: -200.000, Length: 200, Loss: 13.6803, Entropy: 1.0808, Epsilon: 0.010
2026-04-19 01:27:25 | INFO | Episode 1054 - Reward: -200.000, Length: 200, Loss: 9.4913, Entropy: 1.0921, Epsilon: 0.010
2026-04-19 01:27:25 | INFO | Episode 1055 - Reward: -200.000, Length: 200, Loss: 23.1184, Entropy: 1.0578, Epsilon: 0.010
2026-04-19 01:27:26 | INFO | Episode 1056 - Reward: -200.000, Length: 200, Loss: 18.5324, Entropy: 1.0678, Epsilon: 0.010
2026-04-19 01:27:26 | INFO | Episode 1057 - Reward: -200.000, Length: 200, Loss: 8.7770, Entropy: 1.0868, Epsilon: 0.010
2026-04-19 01:27:26 | INFO | Episode 1058 - Reward: -200.000, Length: 200, Loss: 12.8880, Entropy: 1.0792, Epsilon: 0.010
2026-04-19 01:27:27 | INFO | Episode 1059 - Reward: -200.000, Length: 200, Loss: 24.7997, Entropy: 1.0841, Epsilon: 0.010
2026-04-19 01:27:27 | INFO | Episode 1060 - Reward: -200.000, Length: 200, Loss: 28.2522, Entropy: 1.0853, Epsilon: 0.010
2026-04-19 01:27:27 | INFO | Episode 1061 - Reward: -200.000, Length: 200, Loss: 2.5553, Entropy: 1.0933, Epsilon: 0.010
2026-04-19 01:27:28 | INFO | Episode 1062 - Reward: -200.000, Length: 200, Loss: 20.1857, Entropy: 1.0543, Epsilon: 0.010
2026-04-19 01:27:29 | INFO | Episode 1063 - Reward: -200.000, Length: 200, Loss: 12.2097, Entropy: 1.0651, Epsilon: 0.010
2026-04-19 01:27:29 | INFO | Episode 1064 - Reward: -200.000, Length: 200, Loss: 25.2369, Entropy: 1.0693, Epsilon: 0.010
2026-04-19 01:27:29 | INFO | Episode 1065 - Reward: -200.000, Length: 200, Loss: 9.2487, Entropy: 1.0813, Epsilon: 0.010
2026-04-19 01:27:30 | INFO | Episode 1066 - Reward: -200.000, Length: 200, Loss: 11.6733, Entropy: 1.0922, Epsilon: 0.010
2026-04-19 01:27:30 | INFO | Episode 1067 - Reward: -200.000, Length: 200, Loss: 17.0666, Entropy: 1.0809, Epsilon: 0.010
2026-04-19 01:27:30 | INFO | Episode 1068 - Reward: -200.000, Length: 200, Loss: 12.0389, Entropy: 1.0864, Epsilon: 0.010
2026-04-19 01:27:30 | INFO | Episode 1069 - Reward: -200.000, Length: 200, Loss: 18.5172, Entropy: 1.0838, Epsilon: 0.010
2026-04-19 01:27:31 | INFO | Episode 1070 - Reward: -200.000, Length: 200, Loss: 43.7319, Entropy: 1.0684, Epsilon: 0.010
2026-04-19 01:27:31 | INFO | Episode 1071 - Reward: -200.000, Length: 200, Loss: 13.2452, Entropy: 1.0743, Epsilon: 0.010
2026-04-19 01:27:31 | INFO | Episode 1072 - Reward: -200.000, Length: 200, Loss: 2.8564, Entropy: 1.0888, Epsilon: 0.010
2026-04-19 01:27:32 | INFO | Episode 1073 - Reward: -200.000, Length: 200, Loss: 5.4084, Entropy: 1.0915, Epsilon: 0.010
2026-04-19 01:27:32 | INFO | Episode 1074 - Reward: -200.000, Length: 200, Loss: 11.5581, Entropy: 1.0855, Epsilon: 0.010
2026-04-19 01:27:32 | INFO | Episode 1075 - Reward: -200.000, Length: 200, Loss: 25.3677, Entropy: 1.0741, Epsilon: 0.010
2026-04-19 01:27:33 | INFO | Episode 1076 - Reward: -200.000, Length: 200, Loss: 20.3092, Entropy: 1.0709, Epsilon: 0.010
2026-04-19 01:27:33 | INFO | Episode 1077 - Reward: -200.000, Length: 200, Loss: 6.1973, Entropy: 1.0798, Epsilon: 0.010
2026-04-19 01:27:33 | INFO | Episode 1078 - Reward: -200.000, Length: 200, Loss: 14.2496, Entropy: 1.0856, Epsilon: 0.010
2026-04-19 01:27:34 | INFO | Episode 1079 - Reward: -200.000, Length: 200, Loss: 17.2805, Entropy: 1.0709, Epsilon: 0.010
2026-04-19 01:27:34 | INFO | Episode 1080 - Reward: -200.000, Length: 200, Loss: 6.9401, Entropy: 1.0818, Epsilon: 0.010
2026-04-19 01:27:34 | INFO | Episode 1081 - Reward: -200.000, Length: 200, Loss: 20.5946, Entropy: 1.0894, Epsilon: 0.010
2026-04-19 01:27:35 | INFO | Episode 1082 - Reward: -200.000, Length: 200, Loss: 12.0164, Entropy: 1.0868, Epsilon: 0.010
2026-04-19 01:27:35 | INFO | Episode 1083 - Reward: -200.000, Length: 200, Loss: 12.1524, Entropy: 1.0883, Epsilon: 0.010
2026-04-19 01:27:35 | INFO | Episode 1084 - Reward: -200.000, Length: 200, Loss: 26.4698, Entropy: 1.0807, Epsilon: 0.010
2026-04-19 01:27:35 | INFO | Episode 1085 - Reward: -200.000, Length: 200, Loss: 10.0609, Entropy: 1.0933, Epsilon: 0.010
2026-04-19 01:27:36 | INFO | Episode 1086 - Reward: -200.000, Length: 200, Loss: 24.6647, Entropy: 1.0646, Epsilon: 0.010
2026-04-19 01:27:36 | INFO | Episode 1087 - Reward: -200.000, Length: 200, Loss: 17.5056, Entropy: 1.0842, Epsilon: 0.010
2026-04-19 01:27:36 | INFO | Episode 1088 - Reward: -200.000, Length: 200, Loss: 16.0701, Entropy: 1.0809, Epsilon: 0.010
2026-04-19 01:27:37 | INFO | Episode 1089 - Reward: -200.000, Length: 200, Loss: 11.7245, Entropy: 1.0908, Epsilon: 0.010
2026-04-19 01:27:37 | INFO | Episode 1090 - Reward: -200.000, Length: 200, Loss: 8.0065, Entropy: 1.0791, Epsilon: 0.010
2026-04-19 01:27:37 | INFO | Episode 1091 - Reward: -200.000, Length: 200, Loss: 9.4280, Entropy: 1.0931, Epsilon: 0.010
2026-04-19 01:27:38 | INFO | Episode 1092 - Reward: -200.000, Length: 200, Loss: 26.5857, Entropy: 1.0776, Epsilon: 0.010
2026-04-19 01:27:38 | INFO | Episode 1093 - Reward: -200.000, Length: 200, Loss: 8.1530, Entropy: 1.0819, Epsilon: 0.010
2026-04-19 01:27:38 | INFO | Episode 1094 - Reward: -200.000, Length: 200, Loss: 12.1876, Entropy: 1.0901, Epsilon: 0.010
2026-04-19 01:27:39 | INFO | Episode 1095 - Reward: -200.000, Length: 200, Loss: 6.2321, Entropy: 1.0897, Epsilon: 0.010
2026-04-19 01:27:39 | INFO | Episode 1096 - Reward: -200.000, Length: 200, Loss: 20.0718, Entropy: 1.0584, Epsilon: 0.010
2026-04-19 01:27:39 | INFO | Episode 1097 - Reward: -200.000, Length: 200, Loss: 22.9503, Entropy: 1.0371, Epsilon: 0.010
2026-04-19 01:27:40 | INFO | Episode 1098 - Reward: -200.000, Length: 200, Loss: 6.2778, Entropy: 1.0925, Epsilon: 0.010
2026-04-19 01:27:40 | INFO | Episode 1099 - Reward: -200.000, Length: 200, Loss: 18.8840, Entropy: 1.0667, Epsilon: 0.010
2026-04-19 01:27:40 | INFO | Episode 1100 - Reward: -200.000, Length: 200, Loss: 9.5805, Entropy: 1.0907, Epsilon: 0.010
2026-04-19 01:27:45 | INFO | [Episode 1100] eps=0.010  avg_reward=-200.000  avg_length=200.00  avg_loss= 14.4665  avg_entropy=1.0907  eval_success=0.000
2026-04-19 01:27:45 | INFO | Episode 1101 - Reward: -200.000, Length: 200, Loss: 26.8769, Entropy: 1.0735, Epsilon: 0.010
2026-04-19 01:27:46 | INFO | Episode 1102 - Reward: -200.000, Length: 200, Loss: 22.5973, Entropy: 1.0680, Epsilon: 0.010
2026-04-19 01:27:46 | INFO | Episode 1103 - Reward: -200.000, Length: 200, Loss: 12.1630, Entropy: 1.0795, Epsilon: 0.010
2026-04-19 01:27:46 | INFO | Episode 1104 - Reward: -200.000, Length: 200, Loss: 18.7358, Entropy: 1.0676, Epsilon: 0.010
2026-04-19 01:27:47 | INFO | Episode 1105 - Reward: -200.000, Length: 200, Loss: 14.6519, Entropy: 1.0610, Epsilon: 0.010
2026-04-19 01:27:47 | INFO | Episode 1106 - Reward: -200.000, Length: 200, Loss: 28.1589, Entropy: 1.0313, Epsilon: 0.010
2026-04-19 01:27:47 | INFO | Episode 1107 - Reward: -200.000, Length: 200, Loss: 14.7861, Entropy: 1.0724, Epsilon: 0.010
2026-04-19 01:27:48 | INFO | Episode 1108 - Reward: -200.000, Length: 200, Loss: 2.7687, Entropy: 1.0952, Epsilon: 0.010
2026-04-19 01:27:48 | INFO | Episode 1109 - Reward: -200.000, Length: 200, Loss: 21.2566, Entropy: 1.0640, Epsilon: 0.010
2026-04-19 01:27:48 | INFO | Episode 1110 - Reward: -200.000, Length: 200, Loss: 3.0122, Entropy: 1.0883, Epsilon: 0.010
2026-04-19 01:27:49 | INFO | Episode 1111 - Reward: -200.000, Length: 200, Loss: 6.8765, Entropy: 1.0843, Epsilon: 0.010
2026-04-19 01:27:49 | INFO | Episode 1112 - Reward: -200.000, Length: 200, Loss: 24.6630, Entropy: 1.0845, Epsilon: 0.010
2026-04-19 01:27:49 | INFO | Episode 1113 - Reward: -200.000, Length: 200, Loss: 17.8754, Entropy: 1.0798, Epsilon: 0.010
2026-04-19 01:27:49 | INFO | Episode 1114 - Reward: -200.000, Length: 200, Loss: 17.7023, Entropy: 1.0829, Epsilon: 0.010
2026-04-19 01:27:50 | INFO | Episode 1115 - Reward: -200.000, Length: 200, Loss: 9.1663, Entropy: 1.0930, Epsilon: 0.010
2026-04-19 01:27:50 | INFO | Episode 1116 - Reward: -200.000, Length: 200, Loss: 9.3576, Entropy: 1.0940, Epsilon: 0.010
2026-04-19 01:27:50 | INFO | Episode 1117 - Reward: -200.000, Length: 200, Loss: 16.0922, Entropy: 1.0900, Epsilon: 0.010
2026-04-19 01:27:51 | INFO | Episode 1118 - Reward: -200.000, Length: 200, Loss: 27.0145, Entropy: 1.0862, Epsilon: 0.010
2026-04-19 01:27:51 | INFO | Episode 1119 - Reward: -200.000, Length: 200, Loss: 24.4932, Entropy: 1.0828, Epsilon: 0.010
2026-04-19 01:27:51 | INFO | Episode 1120 - Reward: -200.000, Length: 200, Loss: 15.8109, Entropy: 1.0467, Epsilon: 0.010
2026-04-19 01:27:52 | INFO | Episode 1121 - Reward: -200.000, Length: 200, Loss: 19.2916, Entropy: 1.0869, Epsilon: 0.010
2026-04-19 01:27:52 | INFO | Episode 1122 - Reward: -200.000, Length: 200, Loss: 14.1642, Entropy: 1.0766, Epsilon: 0.010
2026-04-19 01:27:52 | INFO | Episode 1123 - Reward: -200.000, Length: 200, Loss: 18.7727, Entropy: 1.0838, Epsilon: 0.010
2026-04-19 01:27:53 | INFO | Episode 1124 - Reward: -200.000, Length: 200, Loss: 18.9341, Entropy: 1.0769, Epsilon: 0.010
2026-04-19 01:27:53 | INFO | Episode 1125 - Reward: -200.000, Length: 200, Loss: 7.9938, Entropy: 1.0948, Epsilon: 0.010
2026-04-19 01:27:53 | INFO | Episode 1126 - Reward: -200.000, Length: 200, Loss: 15.0255, Entropy: 1.0861, Epsilon: 0.010
2026-04-19 01:27:54 | INFO | Episode 1127 - Reward: -200.000, Length: 200, Loss: 17.9436, Entropy: 1.0917, Epsilon: 0.010
2026-04-19 01:27:54 | INFO | Episode 1128 - Reward: -200.000, Length: 200, Loss: 17.7632, Entropy: 1.0894, Epsilon: 0.010
2026-04-19 01:27:54 | INFO | Episode 1129 - Reward: -200.000, Length: 200, Loss: 17.6087, Entropy: 1.0893, Epsilon: 0.010
2026-04-19 01:27:54 | INFO | Episode 1130 - Reward: -200.000, Length: 200, Loss: 11.7608, Entropy: 1.0893, Epsilon: 0.010
2026-04-19 01:27:55 | INFO | Episode 1131 - Reward: -200.000, Length: 200, Loss: 12.4352, Entropy: 1.0792, Epsilon: 0.010
2026-04-19 01:27:55 | INFO | Episode 1132 - Reward: -200.000, Length: 200, Loss: 25.5291, Entropy: 1.0636, Epsilon: 0.010
2026-04-19 01:27:55 | INFO | Episode 1133 - Reward: -200.000, Length: 200, Loss: 12.1380, Entropy: 1.0888, Epsilon: 0.010
2026-04-19 01:27:56 | INFO | Episode 1134 - Reward: -200.000, Length: 200, Loss: 21.6818, Entropy: 1.0913, Epsilon: 0.010
2026-04-19 01:27:56 | INFO | Episode 1135 - Reward: -200.000, Length: 200, Loss: 11.6370, Entropy: 1.0940, Epsilon: 0.010
2026-04-19 01:27:56 | INFO | Episode 1136 - Reward: -200.000, Length: 200, Loss: 15.1920, Entropy: 1.0686, Epsilon: 0.010
2026-04-19 01:27:57 | INFO | Episode 1137 - Reward: -200.000, Length: 200, Loss: 14.6781, Entropy: 1.0889, Epsilon: 0.010
2026-04-19 01:27:57 | INFO | Episode 1138 - Reward: -200.000, Length: 200, Loss: 12.5893, Entropy: 1.0842, Epsilon: 0.010
2026-04-19 01:27:57 | INFO | Episode 1139 - Reward: -200.000, Length: 200, Loss: 27.9640, Entropy: 1.0768, Epsilon: 0.010
2026-04-19 01:27:58 | INFO | Episode 1140 - Reward: -200.000, Length: 200, Loss: 12.4560, Entropy: 1.0812, Epsilon: 0.010
2026-04-19 01:27:58 | INFO | Episode 1141 - Reward: -200.000, Length: 200, Loss: 27.8363, Entropy: 1.0664, Epsilon: 0.010
2026-04-19 01:27:58 | INFO | Episode 1142 - Reward: -200.000, Length: 200, Loss: 14.7909, Entropy: 1.0724, Epsilon: 0.010
2026-04-19 01:27:59 | INFO | Episode 1143 - Reward: -200.000, Length: 200, Loss: 27.3702, Entropy: 1.0787, Epsilon: 0.010
2026-04-19 01:27:59 | INFO | Episode 1144 - Reward: -200.000, Length: 200, Loss: 9.1314, Entropy: 1.0909, Epsilon: 0.010
2026-04-19 01:27:59 | INFO | Episode 1145 - Reward: -200.000, Length: 200, Loss: 8.0987, Entropy: 1.0924, Epsilon: 0.010
2026-04-19 01:27:59 | INFO | Episode 1146 - Reward: -200.000, Length: 200, Loss: 17.5055, Entropy: 1.0696, Epsilon: 0.010
2026-04-19 01:28:00 | INFO | Episode 1147 - Reward: -200.000, Length: 200, Loss: 21.2359, Entropy: 1.0684, Epsilon: 0.010
2026-04-19 01:28:00 | INFO | Episode 1148 - Reward: -200.000, Length: 200, Loss: 21.3476, Entropy: 1.0860, Epsilon: 0.010
2026-04-19 01:28:00 | INFO | Episode 1149 - Reward: -200.000, Length: 200, Loss: 12.2236, Entropy: 1.0854, Epsilon: 0.010
2026-04-19 01:28:01 | INFO | Episode 1150 - Reward: -200.000, Length: 200, Loss: 15.4254, Entropy: 1.0625, Epsilon: 0.010
2026-04-19 01:28:01 | INFO | Episode 1151 - Reward: -200.000, Length: 200, Loss: 15.8637, Entropy: 1.0870, Epsilon: 0.010
2026-04-19 01:28:01 | INFO | Episode 1152 - Reward: -200.000, Length: 200, Loss: 12.4644, Entropy: 1.0803, Epsilon: 0.010
2026-04-19 01:28:02 | INFO | Episode 1153 - Reward: -200.000, Length: 200, Loss: 15.8669, Entropy: 1.0778, Epsilon: 0.010
2026-04-19 01:28:02 | INFO | Episode 1154 - Reward: -200.000, Length: 200, Loss: 6.2539, Entropy: 1.0881, Epsilon: 0.010
2026-04-19 01:28:02 | INFO | Episode 1155 - Reward: -200.000, Length: 200, Loss: 24.3638, Entropy: 1.0867, Epsilon: 0.010
2026-04-19 01:28:03 | INFO | Episode 1156 - Reward: -200.000, Length: 200, Loss: 3.6555, Entropy: 1.0928, Epsilon: 0.010
2026-04-19 01:28:03 | INFO | Episode 1157 - Reward: -200.000, Length: 200, Loss: 22.7834, Entropy: 1.0314, Epsilon: 0.010
2026-04-19 01:28:03 | INFO | Episode 1158 - Reward: -200.000, Length: 200, Loss: -0.0767, Entropy: 1.0937, Epsilon: 0.010
2026-04-19 01:28:03 | INFO | Episode 1159 - Reward: -200.000, Length: 200, Loss: 16.6852, Entropy: 1.0601, Epsilon: 0.010
2026-04-19 01:28:04 | INFO | Episode 1160 - Reward: -200.000, Length: 200, Loss: 13.2343, Entropy: 1.0850, Epsilon: 0.010
2026-04-19 01:28:04 | INFO | Episode 1161 - Reward: -200.000, Length: 200, Loss: 12.6675, Entropy: 1.0829, Epsilon: 0.010
2026-04-19 01:28:04 | INFO | Episode 1162 - Reward: -200.000, Length: 200, Loss: 17.3231, Entropy: 1.0773, Epsilon: 0.010
2026-04-19 01:28:05 | INFO | Episode 1163 - Reward: -200.000, Length: 200, Loss: 14.5580, Entropy: 1.0437, Epsilon: 0.010
2026-04-19 01:28:05 | INFO | Episode 1164 - Reward: -200.000, Length: 200, Loss: 12.7120, Entropy: 1.0820, Epsilon: 0.010
2026-04-19 01:28:05 | INFO | Episode 1165 - Reward: -200.000, Length: 200, Loss: 15.9374, Entropy: 1.0814, Epsilon: 0.010
2026-04-19 01:28:06 | INFO | Episode 1166 - Reward: -200.000, Length: 200, Loss: 22.5298, Entropy: 1.0742, Epsilon: 0.010
2026-04-19 01:28:06 | INFO | Episode 1167 - Reward: -200.000, Length: 200, Loss: 9.2617, Entropy: 1.0883, Epsilon: 0.010
2026-04-19 01:28:06 | INFO | Episode 1168 - Reward: -200.000, Length: 200, Loss: 25.4437, Entropy: 1.0826, Epsilon: 0.010
2026-04-19 01:28:07 | INFO | Episode 1169 - Reward: -200.000, Length: 200, Loss: 8.6273, Entropy: 1.0900, Epsilon: 0.010
2026-04-19 01:28:07 | INFO | Episode 1170 - Reward: -200.000, Length: 200, Loss: 9.5581, Entropy: 1.0851, Epsilon: 0.010
2026-04-19 01:28:07 | INFO | Episode 1171 - Reward: -200.000, Length: 200, Loss: 16.3995, Entropy: 1.0784, Epsilon: 0.010
2026-04-19 01:28:08 | INFO | Episode 1172 - Reward: -200.000, Length: 200, Loss: 14.6639, Entropy: 1.0763, Epsilon: 0.010
2026-04-19 01:28:08 | INFO | Episode 1173 - Reward: -200.000, Length: 200, Loss: 6.5538, Entropy: 1.0925, Epsilon: 0.010
2026-04-19 01:28:08 | INFO | Episode 1174 - Reward: -200.000, Length: 200, Loss: 24.8856, Entropy: 1.0805, Epsilon: 0.010
2026-04-19 01:28:08 | INFO | Episode 1175 - Reward: -200.000, Length: 200, Loss: 24.4809, Entropy: 1.0827, Epsilon: 0.010
2026-04-19 01:28:09 | INFO | Episode 1176 - Reward: -200.000, Length: 200, Loss: 12.5955, Entropy: 1.0824, Epsilon: 0.010
2026-04-19 01:28:09 | INFO | Episode 1177 - Reward: -200.000, Length: 200, Loss: 16.0216, Entropy: 1.0815, Epsilon: 0.010
2026-04-19 01:28:09 | INFO | Episode 1178 - Reward: -200.000, Length: 200, Loss: 28.1542, Entropy: 1.0631, Epsilon: 0.010
2026-04-19 01:28:10 | INFO | Episode 1179 - Reward: -200.000, Length: 200, Loss: 14.6946, Entropy: 1.0763, Epsilon: 0.010
2026-04-19 01:28:10 | INFO | Episode 1180 - Reward: -200.000, Length: 200, Loss: 2.4834, Entropy: 1.0914, Epsilon: 0.010
2026-04-19 01:28:10 | INFO | Episode 1181 - Reward: -200.000, Length: 200, Loss: 9.5489, Entropy: 1.0902, Epsilon: 0.010
2026-04-19 01:28:11 | INFO | Episode 1182 - Reward: -200.000, Length: 200, Loss: 18.9620, Entropy: 1.0734, Epsilon: 0.010
2026-04-19 01:28:11 | INFO | Episode 1183 - Reward: -200.000, Length: 200, Loss: 6.0942, Entropy: 1.0958, Epsilon: 0.010
2026-04-19 01:28:11 | INFO | Episode 1184 - Reward: -200.000, Length: 200, Loss: 36.5016, Entropy: 1.0664, Epsilon: 0.010
2026-04-19 01:28:12 | INFO | Episode 1185 - Reward: -200.000, Length: 200, Loss: 19.0991, Entropy: 1.0747, Epsilon: 0.010
2026-04-19 01:28:12 | INFO | Episode 1186 - Reward: -200.000, Length: 200, Loss: 20.4831, Entropy: 1.0238, Epsilon: 0.010
2026-04-19 01:28:12 | INFO | Episode 1187 - Reward: -200.000, Length: 200, Loss: 3.2435, Entropy: 1.0910, Epsilon: 0.010
2026-04-19 01:28:12 | INFO | Episode 1188 - Reward: -200.000, Length: 200, Loss: 2.6618, Entropy: 1.0959, Epsilon: 0.010
2026-04-19 01:28:13 | INFO | Episode 1189 - Reward: -200.000, Length: 200, Loss: 15.7940, Entropy: 1.0883, Epsilon: 0.010
2026-04-19 01:28:13 | INFO | Episode 1190 - Reward: -200.000, Length: 200, Loss: 5.8361, Entropy: 1.0936, Epsilon: 0.010
2026-04-19 01:28:13 | INFO | Episode 1191 - Reward: -200.000, Length: 200, Loss: 25.7523, Entropy: 1.0530, Epsilon: 0.010
2026-04-19 01:28:14 | INFO | Episode 1192 - Reward: -200.000, Length: 200, Loss: 30.1538, Entropy: 1.0765, Epsilon: 0.010
2026-04-19 01:28:14 | INFO | Episode 1193 - Reward: -200.000, Length: 200, Loss: 9.9439, Entropy: 1.0910, Epsilon: 0.010
2026-04-19 01:28:14 | INFO | Episode 1194 - Reward: -200.000, Length: 200, Loss: 23.4569, Entropy: 1.0502, Epsilon: 0.010
2026-04-19 01:28:15 | INFO | Episode 1195 - Reward: -200.000, Length: 200, Loss: 22.5395, Entropy: 1.0277, Epsilon: 0.010
2026-04-19 01:28:15 | INFO | Episode 1196 - Reward: -200.000, Length: 200, Loss: 21.5434, Entropy: 1.0779, Epsilon: 0.010
2026-04-19 01:28:15 | INFO | Episode 1197 - Reward: -200.000, Length: 200, Loss: 16.7232, Entropy: 1.0790, Epsilon: 0.010
2026-04-19 01:28:16 | INFO | Episode 1198 - Reward: -200.000, Length: 200, Loss: 15.1491, Entropy: 1.0773, Epsilon: 0.010
2026-04-19 01:28:16 | INFO | Episode 1199 - Reward: -200.000, Length: 200, Loss: 12.9537, Entropy: 1.0882, Epsilon: 0.010
2026-04-19 01:28:16 | INFO | Episode 1200 - Reward: -200.000, Length: 200, Loss: 12.4726, Entropy: 1.0891, Epsilon: 0.010
2026-04-19 01:28:21 | INFO | [Episode 1200] eps=0.010  avg_reward=-200.000  avg_length=200.00  avg_loss= 16.0414  avg_entropy=1.0891  eval_success=0.000
2026-04-19 01:28:22 | INFO | Episode 1201 - Reward: -200.000, Length: 200, Loss: 12.7255, Entropy: 1.0893, Epsilon: 0.010
2026-04-19 01:28:22 | INFO | Episode 1202 - Reward: -200.000, Length: 200, Loss: 19.4793, Entropy: 1.0814, Epsilon: 0.010
2026-04-19 01:28:22 | INFO | Episode 1203 - Reward: -200.000, Length: 200, Loss: 17.6061, Entropy: 1.0708, Epsilon: 0.010
2026-04-19 01:28:23 | INFO | Episode 1204 - Reward: -200.000, Length: 200, Loss: 18.0627, Entropy: 1.0767, Epsilon: 0.010
2026-04-19 01:28:23 | INFO | Episode 1205 - Reward: -200.000, Length: 200, Loss: 21.7409, Entropy: 1.0910, Epsilon: 0.010
2026-04-19 01:28:23 | INFO | Episode 1206 - Reward: -200.000, Length: 200, Loss: 16.3768, Entropy: 1.0828, Epsilon: 0.010
2026-04-19 01:28:24 | INFO | Episode 1207 - Reward: -200.000, Length: 200, Loss: 19.6765, Entropy: 1.0816, Epsilon: 0.010
2026-04-19 01:28:24 | INFO | Episode 1208 - Reward: -200.000, Length: 200, Loss: 31.9112, Entropy: 1.0779, Epsilon: 0.010
2026-04-19 01:28:24 | INFO | Episode 1209 - Reward: -200.000, Length: 200, Loss: 25.1781, Entropy: 1.0836, Epsilon: 0.010
2026-04-19 01:28:24 | INFO | Episode 1210 - Reward: -200.000, Length: 200, Loss: 13.5563, Entropy: 1.0587, Epsilon: 0.010
2026-04-19 01:28:25 | INFO | Episode 1211 - Reward: -200.000, Length: 200, Loss: 22.0223, Entropy: 1.0723, Epsilon: 0.010
2026-04-19 01:28:25 | INFO | Episode 1212 - Reward: -200.000, Length: 200, Loss: 6.9465, Entropy: 1.0746, Epsilon: 0.010
2026-04-19 01:28:25 | INFO | Episode 1213 - Reward: -200.000, Length: 200, Loss: 19.7208, Entropy: 1.0716, Epsilon: 0.010
2026-04-19 01:28:26 | INFO | Episode 1214 - Reward: -200.000, Length: 200, Loss: 18.6612, Entropy: 1.0745, Epsilon: 0.010
2026-04-19 01:28:26 | INFO | Episode 1215 - Reward: -200.000, Length: 200, Loss: 19.7474, Entropy: 1.0836, Epsilon: 0.010
2026-04-19 01:28:26 | INFO | Episode 1216 - Reward: -200.000, Length: 200, Loss: 12.3876, Entropy: 1.0865, Epsilon: 0.010
2026-04-19 01:28:27 | INFO | Episode 1217 - Reward: -200.000, Length: 200, Loss: 16.9282, Entropy: 1.0544, Epsilon: 0.010
2026-04-19 01:28:27 | INFO | Episode 1218 - Reward: -200.000, Length: 200, Loss: 19.3349, Entropy: 1.0690, Epsilon: 0.010
2026-04-19 01:28:27 | INFO | Episode 1219 - Reward: -200.000, Length: 200, Loss: 20.0396, Entropy: 1.0819, Epsilon: 0.010
2026-04-19 01:28:28 | INFO | Episode 1220 - Reward: -200.000, Length: 200, Loss: 12.0025, Entropy: 1.0889, Epsilon: 0.010
2026-04-19 01:28:28 | INFO | Episode 1221 - Reward: -200.000, Length: 200, Loss: 21.8808, Entropy: 1.0789, Epsilon: 0.010
2026-04-19 01:28:28 | INFO | Episode 1222 - Reward: -200.000, Length: 200, Loss: 23.8559, Entropy: 1.0750, Epsilon: 0.010
2026-04-19 01:28:29 | INFO | Episode 1223 - Reward: -200.000, Length: 200, Loss: 20.4337, Entropy: 1.0561, Epsilon: 0.010
2026-04-19 01:28:29 | INFO | Episode 1224 - Reward: -200.000, Length: 200, Loss: 19.9151, Entropy: 1.0514, Epsilon: 0.010
2026-04-19 01:28:29 | INFO | Episode 1225 - Reward: -200.000, Length: 200, Loss: 3.0568, Entropy: 1.0863, Epsilon: 0.010
2026-04-19 01:28:30 | INFO | Episode 1226 - Reward: -200.000, Length: 200, Loss: 9.7427, Entropy: 1.0878, Epsilon: 0.010
2026-04-19 01:28:30 | INFO | Episode 1227 - Reward: -200.000, Length: 200, Loss: 2.6737, Entropy: 1.0957, Epsilon: 0.010
2026-04-19 01:28:30 | INFO | Episode 1228 - Reward: -200.000, Length: 200, Loss: 6.5342, Entropy: 1.0884, Epsilon: 0.010
2026-04-19 01:28:30 | INFO | Episode 1229 - Reward: -200.000, Length: 200, Loss: 16.5163, Entropy: 1.0645, Epsilon: 0.010
2026-04-19 01:28:31 | INFO | Episode 1230 - Reward: -200.000, Length: 200, Loss: 14.9724, Entropy: 1.0919, Epsilon: 0.010
2026-04-19 01:28:31 | INFO | Episode 1231 - Reward: -200.000, Length: 200, Loss: 12.8537, Entropy: 1.0958, Epsilon: 0.010
2026-04-19 01:28:31 | INFO | Episode 1232 - Reward: -200.000, Length: 200, Loss: 14.4253, Entropy: 1.0804, Epsilon: 0.010
2026-04-19 01:28:32 | INFO | Episode 1233 - Reward: -200.000, Length: 200, Loss: 12.1104, Entropy: 1.0708, Epsilon: 0.010
2026-04-19 01:28:32 | INFO | Episode 1234 - Reward: -200.000, Length: 200, Loss: 12.2381, Entropy: 1.0533, Epsilon: 0.010
2026-04-19 01:28:32 | INFO | Episode 1235 - Reward: -200.000, Length: 200, Loss: -0.0757, Entropy: 1.0971, Epsilon: 0.010
2026-04-19 01:28:33 | INFO | Episode 1236 - Reward: -200.000, Length: 200, Loss: 9.0397, Entropy: 1.0853, Epsilon: 0.010
2026-04-19 01:28:33 | INFO | Episode 1237 - Reward: -200.000, Length: 200, Loss: 19.4865, Entropy: 1.0847, Epsilon: 0.010
2026-04-19 01:28:33 | INFO | Episode 1238 - Reward: -200.000, Length: 200, Loss: 16.4986, Entropy: 1.0887, Epsilon: 0.010
2026-04-19 01:28:34 | INFO | Episode 1239 - Reward: -200.000, Length: 200, Loss: 5.8244, Entropy: 1.0931, Epsilon: 0.010
2026-04-19 01:28:34 | INFO | Episode 1240 - Reward: -200.000, Length: 200, Loss: 16.3184, Entropy: 1.0845, Epsilon: 0.010
2026-04-19 01:28:34 | INFO | Episode 1241 - Reward: -200.000, Length: 200, Loss: 19.3871, Entropy: 1.0778, Epsilon: 0.010
2026-04-19 01:28:35 | INFO | Episode 1242 - Reward: -200.000, Length: 200, Loss: 10.3490, Entropy: 1.0841, Epsilon: 0.010
2026-04-19 01:28:35 | INFO | Episode 1243 - Reward: -200.000, Length: 200, Loss: 28.7363, Entropy: 1.0378, Epsilon: 0.010
2026-04-19 01:28:35 | INFO | Episode 1244 - Reward: -200.000, Length: 200, Loss: 2.8910, Entropy: 1.0906, Epsilon: 0.010
2026-04-19 01:28:35 | INFO | Episode 1245 - Reward: -200.000, Length: 200, Loss: 21.8787, Entropy: 1.0647, Epsilon: 0.010
2026-04-19 01:28:36 | INFO | Episode 1246 - Reward: -200.000, Length: 200, Loss: 12.0669, Entropy: 1.0688, Epsilon: 0.010
2026-04-19 01:28:36 | INFO | Episode 1247 - Reward: -200.000, Length: 200, Loss: 13.3709, Entropy: 1.0793, Epsilon: 0.010
2026-04-19 01:28:36 | INFO | Episode 1248 - Reward: -200.000, Length: 200, Loss: 16.4190, Entropy: 1.0704, Epsilon: 0.010
2026-04-19 01:28:37 | INFO | Episode 1249 - Reward: -200.000, Length: 200, Loss: 12.9954, Entropy: 1.0900, Epsilon: 0.010
2026-04-19 01:28:37 | INFO | Episode 1250 - Reward: -200.000, Length: 200, Loss: 12.8300, Entropy: 1.0892, Epsilon: 0.010
2026-04-19 01:28:37 | INFO | Episode 1251 - Reward: -200.000, Length: 200, Loss: 21.6107, Entropy: 1.0796, Epsilon: 0.010
2026-04-19 01:28:38 | INFO | Episode 1252 - Reward: -200.000, Length: 200, Loss: 16.6912, Entropy: 1.0864, Epsilon: 0.010
2026-04-19 01:28:38 | INFO | Episode 1253 - Reward: -200.000, Length: 200, Loss: 9.7662, Entropy: 1.0820, Epsilon: 0.010
2026-04-19 01:28:38 | INFO | Episode 1254 - Reward: -200.000, Length: 200, Loss: 12.4214, Entropy: 1.0825, Epsilon: 0.010
2026-04-19 01:28:39 | INFO | Episode 1255 - Reward: -200.000, Length: 200, Loss: 10.2675, Entropy: 1.0796, Epsilon: 0.010
2026-04-19 01:28:39 | INFO | Episode 1256 - Reward: -200.000, Length: 200, Loss: 18.6700, Entropy: 1.0757, Epsilon: 0.010
2026-04-19 01:28:39 | INFO | Episode 1257 - Reward: -200.000, Length: 200, Loss: 23.6442, Entropy: 1.0537, Epsilon: 0.010
2026-04-19 01:28:39 | INFO | Episode 1258 - Reward: -200.000, Length: 200, Loss: 32.5733, Entropy: 1.0514, Epsilon: 0.010
2026-04-19 01:28:40 | INFO | Episode 1259 - Reward: -200.000, Length: 200, Loss: 9.0681, Entropy: 1.0873, Epsilon: 0.010
2026-04-19 01:28:40 | INFO | Episode 1260 - Reward: -200.000, Length: 200, Loss: 13.2875, Entropy: 1.0746, Epsilon: 0.010
2026-04-19 01:28:40 | INFO | Episode 1261 - Reward: -200.000, Length: 200, Loss: 27.1214, Entropy: 1.0689, Epsilon: 0.010
2026-04-19 01:28:41 | INFO | Episode 1262 - Reward: -200.000, Length: 200, Loss: 23.1150, Entropy: 1.0889, Epsilon: 0.010
2026-04-19 01:28:41 | INFO | Episode 1263 - Reward: -200.000, Length: 200, Loss: 25.5367, Entropy: 1.0857, Epsilon: 0.010
2026-04-19 01:28:41 | INFO | Episode 1264 - Reward: -200.000, Length: 200, Loss: 22.7687, Entropy: 1.0641, Epsilon: 0.010
2026-04-19 01:28:43 | INFO | Episode 1265 - Reward: -200.000, Length: 200, Loss: 32.8085, Entropy: 1.0191, Epsilon: 0.010
2026-04-19 01:28:43 | INFO | Episode 1266 - Reward: -200.000, Length: 200, Loss: 21.9334, Entropy: 1.0763, Epsilon: 0.010
2026-04-19 01:28:43 | INFO | Episode 1267 - Reward: -200.000, Length: 200, Loss: 24.9467, Entropy: 1.0712, Epsilon: 0.010
2026-04-19 01:28:43 | INFO | Episode 1268 - Reward: -200.000, Length: 200, Loss: 12.4376, Entropy: 1.0813, Epsilon: 0.010
2026-04-19 01:28:44 | INFO | Episode 1269 - Reward: -200.000, Length: 200, Loss: 10.1950, Entropy: 1.0864, Epsilon: 0.010
2026-04-19 01:28:44 | INFO | Episode 1270 - Reward: -200.000, Length: 200, Loss: 30.3081, Entropy: 1.0585, Epsilon: 0.010
2026-04-19 01:28:44 | INFO | Episode 1271 - Reward: -200.000, Length: 200, Loss: 19.1561, Entropy: 1.0913, Epsilon: 0.010
2026-04-19 01:28:45 | INFO | Episode 1272 - Reward: -200.000, Length: 200, Loss: 10.0863, Entropy: 1.0886, Epsilon: 0.010
2026-04-19 01:28:45 | INFO | Episode 1273 - Reward: -200.000, Length: 200, Loss: 15.7076, Entropy: 1.0886, Epsilon: 0.010
2026-04-19 01:28:45 | INFO | Episode 1274 - Reward: -200.000, Length: 200, Loss: 22.0409, Entropy: 1.0797, Epsilon: 0.010
2026-04-19 01:28:46 | INFO | Episode 1275 - Reward: -200.000, Length: 200, Loss: 5.6012, Entropy: 1.0907, Epsilon: 0.010
2026-04-19 01:28:46 | INFO | Episode 1276 - Reward: -200.000, Length: 200, Loss: 18.9846, Entropy: 1.0571, Epsilon: 0.010
2026-04-19 01:28:46 | INFO | Episode 1277 - Reward: -200.000, Length: 200, Loss: 11.8663, Entropy: 1.0640, Epsilon: 0.010
2026-04-19 01:28:47 | INFO | Episode 1278 - Reward: -200.000, Length: 200, Loss: 8.9189, Entropy: 1.0898, Epsilon: 0.010
2026-04-19 01:28:47 | INFO | Episode 1279 - Reward: -200.000, Length: 200, Loss: 11.6146, Entropy: 1.0902, Epsilon: 0.010
2026-04-19 01:28:47 | INFO | Episode 1280 - Reward: -200.000, Length: 200, Loss: 5.5900, Entropy: 1.0746, Epsilon: 0.010
2026-04-19 01:28:48 | INFO | Episode 1281 - Reward: -200.000, Length: 200, Loss: 6.5189, Entropy: 1.0922, Epsilon: 0.010
2026-04-19 01:28:48 | INFO | Episode 1282 - Reward: -200.000, Length: 200, Loss: 13.1853, Entropy: 1.0854, Epsilon: 0.010
2026-04-19 01:28:48 | INFO | Episode 1283 - Reward: -200.000, Length: 200, Loss: 16.1201, Entropy: 1.0627, Epsilon: 0.010
2026-04-19 01:28:49 | INFO | Episode 1284 - Reward: -200.000, Length: 200, Loss: 13.0475, Entropy: 1.0879, Epsilon: 0.010
2026-04-19 01:28:49 | INFO | Episode 1285 - Reward: -200.000, Length: 200, Loss: 16.2317, Entropy: 1.0798, Epsilon: 0.010
2026-04-19 01:28:49 | INFO | Episode 1286 - Reward: -200.000, Length: 200, Loss: 9.2899, Entropy: 1.0876, Epsilon: 0.010
2026-04-19 01:28:49 | INFO | Episode 1287 - Reward: -200.000, Length: 200, Loss: 29.5233, Entropy: 1.0526, Epsilon: 0.010
2026-04-19 01:28:50 | INFO | Episode 1288 - Reward: -200.000, Length: 200, Loss: 26.1143, Entropy: 1.0487, Epsilon: 0.010
2026-04-19 01:28:50 | INFO | Episode 1289 - Reward: -200.000, Length: 200, Loss: 22.2574, Entropy: 1.0791, Epsilon: 0.010
2026-04-19 01:28:50 | INFO | Episode 1290 - Reward: -200.000, Length: 200, Loss: 21.2305, Entropy: 1.0759, Epsilon: 0.010
2026-04-19 01:28:51 | INFO | Episode 1291 - Reward: -200.000, Length: 200, Loss: 20.1330, Entropy: 1.0689, Epsilon: 0.010
2026-04-19 01:28:51 | INFO | Episode 1292 - Reward: -200.000, Length: 200, Loss: 12.3043, Entropy: 1.0823, Epsilon: 0.010
2026-04-19 01:28:51 | INFO | Episode 1293 - Reward: -200.000, Length: 200, Loss: 18.4980, Entropy: 1.0616, Epsilon: 0.010
2026-04-19 01:28:52 | INFO | Episode 1294 - Reward: -200.000, Length: 200, Loss: 17.2246, Entropy: 1.0585, Epsilon: 0.010
2026-04-19 01:28:52 | INFO | Episode 1295 - Reward: -200.000, Length: 200, Loss: 8.8613, Entropy: 1.0904, Epsilon: 0.010
2026-04-19 01:28:52 | INFO | Episode 1296 - Reward: -200.000, Length: 200, Loss: 18.9801, Entropy: 1.0800, Epsilon: 0.010
2026-04-19 01:28:53 | INFO | Episode 1297 - Reward: -200.000, Length: 200, Loss: 20.3509, Entropy: 1.0708, Epsilon: 0.010
2026-04-19 01:28:53 | INFO | Episode 1298 - Reward: -200.000, Length: 200, Loss: 14.7634, Entropy: 1.0786, Epsilon: 0.010
2026-04-19 01:28:53 | INFO | Episode 1299 - Reward: -200.000, Length: 200, Loss: 23.4168, Entropy: 1.0702, Epsilon: 0.010
2026-04-19 01:28:54 | INFO | Episode 1300 - Reward: -200.000, Length: 200, Loss: 25.6675, Entropy: 1.0651, Epsilon: 0.010
2026-04-19 01:28:58 | INFO | [Episode 1300] eps=0.010  avg_reward=-200.000  avg_length=200.00  avg_loss= 16.5579  avg_entropy=1.0651  eval_success=0.000
2026-04-19 01:28:59 | INFO | Episode 1301 - Reward: -200.000, Length: 200, Loss: 10.2335, Entropy: 1.0864, Epsilon: 0.010
2026-04-19 01:28:59 | INFO | Episode 1302 - Reward: -200.000, Length: 200, Loss: 13.8548, Entropy: 1.0909, Epsilon: 0.010
2026-04-19 01:28:59 | INFO | Episode 1303 - Reward: -200.000, Length: 200, Loss: 14.6357, Entropy: 1.0832, Epsilon: 0.010
2026-04-19 01:29:00 | INFO | Episode 1304 - Reward: -200.000, Length: 200, Loss: 10.7024, Entropy: 1.0721, Epsilon: 0.010
2026-04-19 01:29:00 | INFO | Episode 1305 - Reward: -200.000, Length: 200, Loss: 5.8889, Entropy: 1.0931, Epsilon: 0.010
2026-04-19 01:29:00 | INFO | Episode 1306 - Reward: -200.000, Length: 200, Loss: 8.4217, Entropy: 1.0983, Epsilon: 0.010
2026-04-19 01:29:01 | INFO | Episode 1307 - Reward: -200.000, Length: 200, Loss: 15.7218, Entropy: 1.0795, Epsilon: 0.010
2026-04-19 01:29:01 | INFO | Episode 1308 - Reward: -200.000, Length: 200, Loss: 22.9538, Entropy: 1.0801, Epsilon: 0.010
2026-04-19 01:29:01 | INFO | Episode 1309 - Reward: -200.000, Length: 200, Loss: 14.4194, Entropy: 1.0777, Epsilon: 0.010
2026-04-19 01:29:01 | INFO | Episode 1310 - Reward: -200.000, Length: 200, Loss: 11.3625, Entropy: 1.0874, Epsilon: 0.010
2026-04-19 01:29:02 | INFO | Episode 1311 - Reward: -200.000, Length: 200, Loss: 19.6625, Entropy: 1.0637, Epsilon: 0.010
2026-04-19 01:29:02 | INFO | Episode 1312 - Reward: -200.000, Length: 200, Loss: 13.9646, Entropy: 1.0906, Epsilon: 0.010
2026-04-19 01:29:02 | INFO | Episode 1313 - Reward: -200.000, Length: 200, Loss: 15.5383, Entropy: 1.0749, Epsilon: 0.010
2026-04-19 01:29:03 | INFO | Episode 1314 - Reward: -200.000, Length: 200, Loss: 15.0306, Entropy: 1.0753, Epsilon: 0.010
2026-04-19 01:29:03 | INFO | Episode 1315 - Reward: -200.000, Length: 200, Loss: 11.2555, Entropy: 1.0900, Epsilon: 0.010
2026-04-19 01:29:03 | INFO | Episode 1316 - Reward: -200.000, Length: 200, Loss: 14.4227, Entropy: 1.0839, Epsilon: 0.010
2026-04-19 01:29:04 | INFO | Episode 1317 - Reward: -200.000, Length: 200, Loss: 32.5599, Entropy: 1.0809, Epsilon: 0.010
2026-04-19 01:29:04 | INFO | Episode 1318 - Reward: -200.000, Length: 200, Loss: 31.9325, Entropy: 1.0861, Epsilon: 0.010
2026-04-19 01:29:04 | INFO | Episode 1319 - Reward: -200.000, Length: 200, Loss: 11.2170, Entropy: 1.0907, Epsilon: 0.010
2026-04-19 01:29:05 | INFO | Episode 1320 - Reward: -200.000, Length: 200, Loss: 18.9301, Entropy: 1.0736, Epsilon: 0.010
2026-04-19 01:29:05 | INFO | Episode 1321 - Reward: -200.000, Length: 200, Loss: 13.6713, Entropy: 1.0826, Epsilon: 0.010
2026-04-19 01:29:05 | INFO | Episode 1322 - Reward: -200.000, Length: 200, Loss: 22.4979, Entropy: 1.0871, Epsilon: 0.010
2026-04-19 01:29:05 | INFO | Episode 1323 - Reward: -200.000, Length: 200, Loss: 16.6168, Entropy: 1.0719, Epsilon: 0.010
2026-04-19 01:29:06 | INFO | Episode 1324 - Reward: -200.000, Length: 200, Loss: 14.5036, Entropy: 1.0642, Epsilon: 0.010
2026-04-19 01:29:06 | INFO | Episode 1325 - Reward: -200.000, Length: 200, Loss: 11.1515, Entropy: 1.0939, Epsilon: 0.010
2026-04-19 01:29:06 | INFO | Episode 1326 - Reward: -200.000, Length: 200, Loss: 16.6140, Entropy: 1.0810, Epsilon: 0.010
2026-04-19 01:29:07 | INFO | Episode 1327 - Reward: -200.000, Length: 200, Loss: 13.8867, Entropy: 1.0824, Epsilon: 0.010
2026-04-19 01:29:07 | INFO | Episode 1328 - Reward: -200.000, Length: 200, Loss: 10.6201, Entropy: 1.0932, Epsilon: 0.010
2026-04-19 01:29:07 | INFO | Episode 1329 - Reward: -200.000, Length: 200, Loss: 10.5572, Entropy: 1.0754, Epsilon: 0.010
2026-04-19 01:29:08 | INFO | Episode 1330 - Reward: -200.000, Length: 200, Loss: 24.5028, Entropy: 1.0889, Epsilon: 0.010
2026-04-19 01:29:08 | INFO | Episode 1331 - Reward: -200.000, Length: 200, Loss: 13.7028, Entropy: 1.0835, Epsilon: 0.010
2026-04-19 01:29:08 | INFO | Episode 1332 - Reward: -200.000, Length: 200, Loss: 16.0891, Entropy: 1.0807, Epsilon: 0.010
2026-04-19 01:29:09 | INFO | Episode 1333 - Reward: -200.000, Length: 200, Loss: 13.7257, Entropy: 1.0946, Epsilon: 0.010
2026-04-19 01:29:09 | INFO | Episode 1334 - Reward: -200.000, Length: 200, Loss: 12.6503, Entropy: 1.0812, Epsilon: 0.010
2026-04-19 01:29:09 | INFO | Episode 1335 - Reward: -200.000, Length: 200, Loss: 15.5549, Entropy: 1.0772, Epsilon: 0.010
2026-04-19 01:29:10 | INFO | Episode 1336 - Reward: -200.000, Length: 200, Loss: 8.2359, Entropy: 1.0904, Epsilon: 0.010
2026-04-19 01:29:10 | INFO | Episode 1337 - Reward: -200.000, Length: 200, Loss: 9.9723, Entropy: 1.0813, Epsilon: 0.010
2026-04-19 01:29:10 | INFO | Episode 1338 - Reward: -200.000, Length: 200, Loss: 8.4061, Entropy: 1.0882, Epsilon: 0.010
2026-04-19 01:29:10 | INFO | Episode 1339 - Reward: -200.000, Length: 200, Loss: 13.0813, Entropy: 1.0882, Epsilon: 0.010
2026-04-19 01:29:11 | INFO | Episode 1340 - Reward: -200.000, Length: 200, Loss: 15.5980, Entropy: 1.0841, Epsilon: 0.010
2026-04-19 01:29:11 | INFO | Episode 1341 - Reward: -200.000, Length: 200, Loss: 19.1188, Entropy: 1.0735, Epsilon: 0.010
2026-04-19 01:29:11 | INFO | Episode 1342 - Reward: -200.000, Length: 200, Loss: 16.7297, Entropy: 1.0899, Epsilon: 0.010
2026-04-19 01:29:12 | INFO | Episode 1343 - Reward: -200.000, Length: 200, Loss: 26.1898, Entropy: 1.0706, Epsilon: 0.010
2026-04-19 01:29:12 | INFO | Episode 1344 - Reward: -200.000, Length: 200, Loss: 24.8248, Entropy: 1.0839, Epsilon: 0.010
2026-04-19 01:29:12 | INFO | Episode 1345 - Reward: -200.000, Length: 200, Loss: 13.5008, Entropy: 1.0923, Epsilon: 0.010
2026-04-19 01:29:13 | INFO | Episode 1346 - Reward: -200.000, Length: 200, Loss: 9.6874, Entropy: 1.0674, Epsilon: 0.010
2026-04-19 01:29:13 | INFO | Episode 1347 - Reward: -200.000, Length: 200, Loss: 13.4521, Entropy: 1.0818, Epsilon: 0.010
2026-04-19 01:29:13 | INFO | Episode 1348 - Reward: -200.000, Length: 200, Loss: 8.8935, Entropy: 1.0803, Epsilon: 0.010
2026-04-19 01:29:14 | INFO | Episode 1349 - Reward: -200.000, Length: 200, Loss: 10.6141, Entropy: 1.0864, Epsilon: 0.010
2026-04-19 01:29:14 | INFO | Episode 1350 - Reward: -200.000, Length: 200, Loss: 19.3439, Entropy: 1.0869, Epsilon: 0.010
2026-04-19 01:29:14 | INFO | Episode 1351 - Reward: -200.000, Length: 200, Loss: 21.5939, Entropy: 1.0498, Epsilon: 0.010
2026-04-19 01:29:15 | INFO | Episode 1352 - Reward: -200.000, Length: 200, Loss: 13.1809, Entropy: 1.0866, Epsilon: 0.010
2026-04-19 01:29:15 | INFO | Episode 1353 - Reward: -200.000, Length: 200, Loss: 20.4625, Entropy: 1.0817, Epsilon: 0.010
2026-04-19 01:29:15 | INFO | Episode 1354 - Reward: -200.000, Length: 200, Loss: 12.4372, Entropy: 1.0810, Epsilon: 0.010
2026-04-19 01:29:15 | INFO | Episode 1355 - Reward: -200.000, Length: 200, Loss: 21.2536, Entropy: 1.0843, Epsilon: 0.010
2026-04-19 01:29:16 | INFO | Episode 1356 - Reward: -200.000, Length: 200, Loss: 13.3230, Entropy: 1.0506, Epsilon: 0.010
2026-04-19 01:29:16 | INFO | Episode 1357 - Reward: -200.000, Length: 200, Loss: 12.6784, Entropy: 1.0918, Epsilon: 0.010
2026-04-19 01:29:16 | INFO | Episode 1358 - Reward: -200.000, Length: 200, Loss: 12.9811, Entropy: 1.0889, Epsilon: 0.010
2026-04-19 01:29:17 | INFO | Episode 1359 - Reward: -200.000, Length: 200, Loss: 12.4510, Entropy: 1.0821, Epsilon: 0.010
2026-04-19 01:29:17 | INFO | Episode 1360 - Reward: -200.000, Length: 200, Loss: 2.4017, Entropy: 1.0960, Epsilon: 0.010
2026-04-19 01:29:17 | INFO | Episode 1361 - Reward: -200.000, Length: 200, Loss: 10.2093, Entropy: 1.0901, Epsilon: 0.010
2026-04-19 01:29:18 | INFO | Episode 1362 - Reward: -200.000, Length: 200, Loss: 9.7774, Entropy: 1.0772, Epsilon: 0.010
2026-04-19 01:29:18 | INFO | Episode 1363 - Reward: -200.000, Length: 200, Loss: 23.2080, Entropy: 1.0875, Epsilon: 0.010
2026-04-19 01:29:18 | INFO | Episode 1364 - Reward: -200.000, Length: 200, Loss: 14.0608, Entropy: 1.0879, Epsilon: 0.010
2026-04-19 01:29:19 | INFO | Episode 1365 - Reward: -200.000, Length: 200, Loss: 10.4901, Entropy: 1.0918, Epsilon: 0.010
2026-04-19 01:29:19 | INFO | Episode 1366 - Reward: -200.000, Length: 200, Loss: 13.0475, Entropy: 1.0839, Epsilon: 0.010
2026-04-19 01:29:19 | INFO | Episode 1367 - Reward: -200.000, Length: 200, Loss: 7.3410, Entropy: 1.0955, Epsilon: 0.010
2026-04-19 01:29:20 | INFO | Episode 1368 - Reward: -200.000, Length: 200, Loss: 19.7646, Entropy: 1.0861, Epsilon: 0.010
2026-04-19 01:29:20 | INFO | Episode 1369 - Reward: -200.000, Length: 200, Loss: 7.5031, Entropy: 1.0937, Epsilon: 0.010
2026-04-19 01:29:20 | INFO | Episode 1370 - Reward: -200.000, Length: 200, Loss: 16.0608, Entropy: 1.0855, Epsilon: 0.010
2026-04-19 01:29:21 | INFO | Episode 1371 - Reward: -200.000, Length: 200, Loss: 9.3801, Entropy: 1.0764, Epsilon: 0.010
2026-04-19 01:29:21 | INFO | Episode 1372 - Reward: -200.000, Length: 200, Loss: 9.9407, Entropy: 1.0934, Epsilon: 0.010
2026-04-19 01:29:21 | INFO | Episode 1373 - Reward: -200.000, Length: 200, Loss: 19.0076, Entropy: 1.0601, Epsilon: 0.010
2026-04-19 01:29:21 | INFO | Episode 1374 - Reward: -200.000, Length: 200, Loss: 10.6788, Entropy: 1.0922, Epsilon: 0.010
2026-04-19 01:29:22 | INFO | Episode 1375 - Reward: -200.000, Length: 200, Loss: 10.5147, Entropy: 1.0837, Epsilon: 0.010
2026-04-19 01:29:22 | INFO | Episode 1376 - Reward: -200.000, Length: 200, Loss: 9.9666, Entropy: 1.0937, Epsilon: 0.010
2026-04-19 01:29:22 | INFO | Episode 1377 - Reward: -200.000, Length: 200, Loss: 13.2512, Entropy: 1.0923, Epsilon: 0.010
2026-04-19 01:29:23 | INFO | Episode 1378 - Reward: -200.000, Length: 200, Loss: 10.2568, Entropy: 1.0893, Epsilon: 0.010
2026-04-19 01:29:23 | INFO | Episode 1379 - Reward: -200.000, Length: 200, Loss: 17.7543, Entropy: 1.0879, Epsilon: 0.010
2026-04-19 01:29:23 | INFO | Episode 1380 - Reward: -200.000, Length: 200, Loss: 12.4839, Entropy: 1.0662, Epsilon: 0.010
2026-04-19 01:29:24 | INFO | Episode 1381 - Reward: -200.000, Length: 200, Loss: 21.0165, Entropy: 1.0773, Epsilon: 0.010
2026-04-19 01:29:24 | INFO | Episode 1382 - Reward: -200.000, Length: 200, Loss: 13.2880, Entropy: 1.0906, Epsilon: 0.010
2026-04-19 01:29:24 | INFO | Episode 1383 - Reward: -200.000, Length: 200, Loss: 7.8687, Entropy: 1.0950, Epsilon: 0.010
2026-04-19 01:29:25 | INFO | Episode 1384 - Reward: -200.000, Length: 200, Loss: 7.7141, Entropy: 1.0930, Epsilon: 0.010
2026-04-19 01:29:25 | INFO | Episode 1385 - Reward: -200.000, Length: 200, Loss: 18.6763, Entropy: 1.0721, Epsilon: 0.010
2026-04-19 01:29:25 | INFO | Episode 1386 - Reward: -200.000, Length: 200, Loss: 10.6355, Entropy: 1.0760, Epsilon: 0.010
2026-04-19 01:29:26 | INFO | Episode 1387 - Reward: -200.000, Length: 200, Loss: 11.2244, Entropy: 1.0824, Epsilon: 0.010
2026-04-19 01:29:26 | INFO | Episode 1388 - Reward: -200.000, Length: 200, Loss: 2.5123, Entropy: 1.0920, Epsilon: 0.010
2026-04-19 01:29:26 | INFO | Episode 1389 - Reward: -200.000, Length: 200, Loss: 10.7268, Entropy: 1.0853, Epsilon: 0.010
2026-04-19 01:29:27 | INFO | Episode 1390 - Reward: -200.000, Length: 200, Loss: 8.1540, Entropy: 1.0933, Epsilon: 0.010
2026-04-19 01:29:27 | INFO | Episode 1391 - Reward: -200.000, Length: 200, Loss: 24.0020, Entropy: 1.0889, Epsilon: 0.010
2026-04-19 01:29:27 | INFO | Episode 1392 - Reward: -200.000, Length: 200, Loss: 10.1991, Entropy: 1.0871, Epsilon: 0.010
2026-04-19 01:29:27 | INFO | Episode 1393 - Reward: -200.000, Length: 200, Loss: 2.8150, Entropy: 1.0959, Epsilon: 0.010
2026-04-19 01:29:28 | INFO | Episode 1394 - Reward: -200.000, Length: 200, Loss: 2.8673, Entropy: 1.0954, Epsilon: 0.010
2026-04-19 01:29:28 | INFO | Episode 1395 - Reward: -200.000, Length: 200, Loss: 23.9126, Entropy: 1.0748, Epsilon: 0.010
2026-04-19 01:29:28 | INFO | Episode 1396 - Reward: -200.000, Length: 200, Loss: 16.9781, Entropy: 1.0794, Epsilon: 0.010
2026-04-19 01:29:29 | INFO | Episode 1397 - Reward: -200.000, Length: 200, Loss: 13.4426, Entropy: 1.0827, Epsilon: 0.010
2026-04-19 01:29:29 | INFO | Episode 1398 - Reward: -200.000, Length: 200, Loss: 2.9734, Entropy: 1.0962, Epsilon: 0.010
2026-04-19 01:29:29 | INFO | Episode 1399 - Reward: -200.000, Length: 200, Loss: 11.6139, Entropy: 1.0853, Epsilon: 0.010
2026-04-19 01:29:30 | INFO | Episode 1400 - Reward: -200.000, Length: 200, Loss: 13.8308, Entropy: 1.0867, Epsilon: 0.010
2026-04-19 01:29:35 | INFO | [Episode 1400] eps=0.010  avg_reward=-200.000  avg_length=200.00  avg_loss= 13.8861  avg_entropy=1.0867  eval_success=0.000
2026-04-19 01:29:35 | INFO | Episode 1401 - Reward: -200.000, Length: 200, Loss: 11.2507, Entropy: 1.0803, Epsilon: 0.010
2026-04-19 01:29:35 | INFO | Episode 1402 - Reward: -200.000, Length: 200, Loss: 14.0100, Entropy: 1.0843, Epsilon: 0.010
2026-04-19 01:29:36 | INFO | Episode 1403 - Reward: -200.000, Length: 200, Loss: 7.6450, Entropy: 1.0825, Epsilon: 0.010
2026-04-19 01:29:36 | INFO | Episode 1404 - Reward: -200.000, Length: 200, Loss: 13.8273, Entropy: 1.0832, Epsilon: 0.010
2026-04-19 01:29:36 | INFO | Episode 1405 - Reward: -200.000, Length: 200, Loss: 18.9831, Entropy: 1.0487, Epsilon: 0.010
2026-04-19 01:29:36 | INFO | Episode 1406 - Reward: -200.000, Length: 200, Loss: 11.6556, Entropy: 1.0865, Epsilon: 0.010
2026-04-19 01:29:37 | INFO | Episode 1407 - Reward: -200.000, Length: 200, Loss: 5.9528, Entropy: 1.0926, Epsilon: 0.010
2026-04-19 01:29:37 | INFO | Episode 1408 - Reward: -200.000, Length: 200, Loss: 17.2773, Entropy: 1.0895, Epsilon: 0.010
2026-04-19 01:29:37 | INFO | Episode 1409 - Reward: -200.000, Length: 200, Loss: 5.3384, Entropy: 1.0951, Epsilon: 0.010
2026-04-19 01:29:38 | INFO | Episode 1410 - Reward: -200.000, Length: 200, Loss: 8.0680, Entropy: 1.0901, Epsilon: 0.010
2026-04-19 01:29:38 | INFO | Episode 1411 - Reward: -200.000, Length: 200, Loss: 21.7206, Entropy: 1.0801, Epsilon: 0.010
2026-04-19 01:29:38 | INFO | Episode 1412 - Reward: -200.000, Length: 200, Loss: 5.8290, Entropy: 1.0924, Epsilon: 0.010
2026-04-19 01:29:39 | INFO | Episode 1413 - Reward: -200.000, Length: 200, Loss: 29.4273, Entropy: 1.0566, Epsilon: 0.010
2026-04-19 01:29:39 | INFO | Episode 1414 - Reward: -200.000, Length: 200, Loss: 8.2219, Entropy: 1.0921, Epsilon: 0.010
2026-04-19 01:29:39 | INFO | Episode 1415 - Reward: -200.000, Length: 200, Loss: 15.9579, Entropy: 1.0561, Epsilon: 0.010
2026-04-19 01:29:40 | INFO | Episode 1416 - Reward: -200.000, Length: 200, Loss: 8.2544, Entropy: 1.0856, Epsilon: 0.010
2026-04-19 01:29:40 | INFO | Episode 1417 - Reward: -200.000, Length: 200, Loss: 13.1121, Entropy: 1.0855, Epsilon: 0.010
2026-04-19 01:29:40 | INFO | Episode 1418 - Reward: -200.000, Length: 200, Loss: 15.6548, Entropy: 1.0839, Epsilon: 0.010
2026-04-19 01:29:40 | INFO | Episode 1419 - Reward: -200.000, Length: 200, Loss: 18.6486, Entropy: 1.0918, Epsilon: 0.010
2026-04-19 01:29:41 | INFO | Episode 1420 - Reward: -200.000, Length: 200, Loss: 15.9713, Entropy: 1.0839, Epsilon: 0.010
2026-04-19 01:29:41 | INFO | Episode 1421 - Reward: -200.000, Length: 200, Loss: 10.4414, Entropy: 1.0865, Epsilon: 0.010
2026-04-19 01:29:41 | INFO | Episode 1422 - Reward: -200.000, Length: 200, Loss: 10.4620, Entropy: 1.0907, Epsilon: 0.010
2026-04-19 01:29:42 | INFO | Episode 1423 - Reward: -200.000, Length: 200, Loss: 13.3661, Entropy: 1.0910, Epsilon: 0.010
2026-04-19 01:29:42 | INFO | Episode 1424 - Reward: -200.000, Length: 200, Loss: 22.0701, Entropy: 1.0873, Epsilon: 0.010
2026-04-19 01:29:42 | INFO | Episode 1425 - Reward: -200.000, Length: 200, Loss: 7.6791, Entropy: 1.0833, Epsilon: 0.010
2026-04-19 01:29:43 | INFO | Episode 1426 - Reward: -200.000, Length: 200, Loss: 8.0993, Entropy: 1.0893, Epsilon: 0.010
2026-04-19 01:29:43 | INFO | Episode 1427 - Reward: -200.000, Length: 200, Loss: 10.9277, Entropy: 1.0919, Epsilon: 0.010
2026-04-19 01:29:43 | INFO | Episode 1428 - Reward: -200.000, Length: 200, Loss: 14.1701, Entropy: 1.0909, Epsilon: 0.010
2026-04-19 01:29:44 | INFO | Episode 1429 - Reward: -200.000, Length: 200, Loss: 26.0375, Entropy: 1.0752, Epsilon: 0.010
2026-04-19 01:29:44 | INFO | Episode 1430 - Reward: -200.000, Length: 200, Loss: 14.2269, Entropy: 1.0905, Epsilon: 0.010
2026-04-19 01:29:44 | INFO | Episode 1431 - Reward: -200.000, Length: 200, Loss: 8.5262, Entropy: 1.0904, Epsilon: 0.010
2026-04-19 01:29:45 | INFO | Episode 1432 - Reward: -200.000, Length: 200, Loss: 22.3968, Entropy: 1.0710, Epsilon: 0.010
2026-04-19 01:29:45 | INFO | Episode 1433 - Reward: -200.000, Length: 200, Loss: 10.6879, Entropy: 1.0916, Epsilon: 0.010
2026-04-19 01:29:45 | INFO | Episode 1434 - Reward: -200.000, Length: 200, Loss: 5.3454, Entropy: 1.0898, Epsilon: 0.010
2026-04-19 01:29:45 | INFO | Episode 1435 - Reward: -200.000, Length: 200, Loss: 16.0132, Entropy: 1.0336, Epsilon: 0.010
2026-04-19 01:29:46 | INFO | Episode 1436 - Reward: -200.000, Length: 200, Loss: 14.0247, Entropy: 1.0809, Epsilon: 0.010
2026-04-19 01:29:46 | INFO | Episode 1437 - Reward: -200.000, Length: 200, Loss: 13.2790, Entropy: 1.0902, Epsilon: 0.010
2026-04-19 01:29:46 | INFO | Episode 1438 - Reward: -200.000, Length: 200, Loss: 5.4555, Entropy: 1.0940, Epsilon: 0.010
2026-04-19 01:29:47 | INFO | Episode 1439 - Reward: -200.000, Length: 200, Loss: 7.9990, Entropy: 1.0899, Epsilon: 0.010
2026-04-19 01:29:47 | INFO | Episode 1440 - Reward: -200.000, Length: 200, Loss: 11.3923, Entropy: 1.0872, Epsilon: 0.010
2026-04-19 01:29:47 | INFO | Episode 1441 - Reward: -200.000, Length: 200, Loss: 21.8085, Entropy: 1.0874, Epsilon: 0.010
2026-04-19 01:29:48 | INFO | Episode 1442 - Reward: -200.000, Length: 200, Loss: 10.5806, Entropy: 1.0838, Epsilon: 0.010
2026-04-19 01:29:48 | INFO | Episode 1443 - Reward: -200.000, Length: 200, Loss: 15.8037, Entropy: 1.0854, Epsilon: 0.010
2026-04-19 01:29:48 | INFO | Episode 1444 - Reward: -200.000, Length: 200, Loss: 11.2511, Entropy: 1.0842, Epsilon: 0.010
2026-04-19 01:29:49 | INFO | Episode 1445 - Reward: -200.000, Length: 200, Loss: 19.2937, Entropy: 1.0803, Epsilon: 0.010
2026-04-19 01:29:49 | INFO | Episode 1446 - Reward: -200.000, Length: 200, Loss: 21.2632, Entropy: 1.0777, Epsilon: 0.010
2026-04-19 01:29:49 | INFO | Episode 1447 - Reward: -200.000, Length: 200, Loss: 17.1101, Entropy: 1.0887, Epsilon: 0.010
2026-04-19 01:29:50 | INFO | Episode 1448 - Reward: -200.000, Length: 200, Loss: 21.8914, Entropy: 1.0655, Epsilon: 0.010
2026-04-19 01:29:50 | INFO | Episode 1449 - Reward: -200.000, Length: 200, Loss: 8.3981, Entropy: 1.0873, Epsilon: 0.010
2026-04-19 01:29:50 | INFO | Episode 1450 - Reward: -200.000, Length: 200, Loss: 23.0983, Entropy: 1.0738, Epsilon: 0.010
2026-04-19 01:29:51 | INFO | Episode 1451 - Reward: -200.000, Length: 200, Loss: 18.7054, Entropy: 1.0870, Epsilon: 0.010
2026-04-19 01:29:51 | INFO | Episode 1452 - Reward: -200.000, Length: 200, Loss: 11.0218, Entropy: 1.0878, Epsilon: 0.010
2026-04-19 01:29:51 | INFO | Episode 1453 - Reward: -200.000, Length: 200, Loss: 11.2707, Entropy: 1.0918, Epsilon: 0.010
2026-04-19 01:29:51 | INFO | Episode 1454 - Reward: -200.000, Length: 200, Loss: 14.3483, Entropy: 1.0834, Epsilon: 0.010
2026-04-19 01:29:52 | INFO | Episode 1455 - Reward: -200.000, Length: 200, Loss: 8.9365, Entropy: 1.0810, Epsilon: 0.010
2026-04-19 01:29:52 | INFO | Episode 1456 - Reward: -200.000, Length: 200, Loss: 25.4637, Entropy: 1.0811, Epsilon: 0.010
2026-04-19 01:29:52 | INFO | Episode 1457 - Reward: -200.000, Length: 200, Loss: 19.3442, Entropy: 1.0867, Epsilon: 0.010
2026-04-19 01:29:53 | INFO | Episode 1458 - Reward: -200.000, Length: 200, Loss: 28.9965, Entropy: 1.0472, Epsilon: 0.010
2026-04-19 01:29:53 | INFO | Episode 1459 - Reward: -200.000, Length: 200, Loss: 14.5454, Entropy: 1.0641, Epsilon: 0.010
2026-04-19 01:29:53 | INFO | Episode 1460 - Reward: -200.000, Length: 200, Loss: 11.4241, Entropy: 1.0823, Epsilon: 0.010
2026-04-19 01:29:54 | INFO | Episode 1461 - Reward: -200.000, Length: 200, Loss: 8.4551, Entropy: 1.0952, Epsilon: 0.010
2026-04-19 01:29:54 | INFO | Episode 1462 - Reward: -200.000, Length: 200, Loss: 5.3096, Entropy: 1.0912, Epsilon: 0.010
2026-04-19 01:29:54 | INFO | Episode 1463 - Reward: -200.000, Length: 200, Loss: 14.1425, Entropy: 1.0665, Epsilon: 0.010
2026-04-19 01:29:55 | INFO | Episode 1464 - Reward: -200.000, Length: 200, Loss: 19.1495, Entropy: 1.0803, Epsilon: 0.010
2026-04-19 01:29:55 | INFO | Episode 1465 - Reward: -200.000, Length: 200, Loss: 8.1558, Entropy: 1.0870, Epsilon: 0.010
2026-04-19 01:29:55 | INFO | Episode 1466 - Reward: -200.000, Length: 200, Loss: 13.6266, Entropy: 1.0764, Epsilon: 0.010
2026-04-19 01:29:56 | INFO | Episode 1467 - Reward: -200.000, Length: 200, Loss: 15.2309, Entropy: 1.0597, Epsilon: 0.010
2026-04-19 01:29:56 | INFO | Episode 1468 - Reward: -200.000, Length: 200, Loss: 14.5511, Entropy: 1.0859, Epsilon: 0.010
2026-04-19 01:29:56 | INFO | Episode 1469 - Reward: -200.000, Length: 200, Loss: 5.7678, Entropy: 1.0843, Epsilon: 0.010
2026-04-19 01:29:57 | INFO | Episode 1470 - Reward: -200.000, Length: 200, Loss: 11.2173, Entropy: 1.0924, Epsilon: 0.010
2026-04-19 01:29:57 | INFO | Episode 1471 - Reward: -200.000, Length: 200, Loss: 6.2361, Entropy: 1.0909, Epsilon: 0.010
2026-04-19 01:29:57 | INFO | Episode 1472 - Reward: -200.000, Length: 200, Loss: 19.7039, Entropy: 1.0691, Epsilon: 0.010
2026-04-19 01:29:57 | INFO | Episode 1473 - Reward: -200.000, Length: 200, Loss: 20.0535, Entropy: 1.0887, Epsilon: 0.010
2026-04-19 01:29:58 | INFO | Episode 1474 - Reward: -200.000, Length: 200, Loss: 11.2808, Entropy: 1.0879, Epsilon: 0.010
2026-04-19 01:29:58 | INFO | Episode 1475 - Reward: -200.000, Length: 200, Loss: 20.9099, Entropy: 1.0700, Epsilon: 0.010
2026-04-19 01:29:58 | INFO | Episode 1476 - Reward: -200.000, Length: 200, Loss: 11.6128, Entropy: 1.0832, Epsilon: 0.010
2026-04-19 01:29:59 | INFO | Episode 1477 - Reward: -200.000, Length: 200, Loss: 32.0727, Entropy: 1.0313, Epsilon: 0.010
2026-04-19 01:29:59 | INFO | Episode 1478 - Reward: -200.000, Length: 200, Loss: 15.0949, Entropy: 1.0613, Epsilon: 0.010
2026-04-19 01:29:59 | INFO | Episode 1479 - Reward: -200.000, Length: 200, Loss: 20.6322, Entropy: 1.0768, Epsilon: 0.010
2026-04-19 01:30:00 | INFO | Episode 1480 - Reward: -200.000, Length: 200, Loss: 8.9043, Entropy: 1.0969, Epsilon: 0.010
2026-04-19 01:30:00 | INFO | Episode 1481 - Reward: -200.000, Length: 200, Loss: 15.4197, Entropy: 1.0844, Epsilon: 0.010
2026-04-19 01:30:00 | INFO | Episode 1482 - Reward: -200.000, Length: 200, Loss: 9.2302, Entropy: 1.0815, Epsilon: 0.010
2026-04-19 01:30:01 | INFO | Episode 1483 - Reward: -200.000, Length: 200, Loss: 9.0193, Entropy: 1.0952, Epsilon: 0.010
2026-04-19 01:30:01 | INFO | Episode 1484 - Reward: -200.000, Length: 200, Loss: 6.5644, Entropy: 1.0915, Epsilon: 0.010
2026-04-19 01:30:01 | INFO | Episode 1485 - Reward: -200.000, Length: 200, Loss: 15.6950, Entropy: 1.0800, Epsilon: 0.010
2026-04-19 01:30:02 | INFO | Episode 1486 - Reward: -200.000, Length: 200, Loss: 18.3006, Entropy: 1.0780, Epsilon: 0.010
2026-04-19 01:30:02 | INFO | Episode 1487 - Reward: -200.000, Length: 200, Loss: 23.1535, Entropy: 1.0727, Epsilon: 0.010
2026-04-19 01:30:02 | INFO | Episode 1488 - Reward: -200.000, Length: 200, Loss: 2.6709, Entropy: 1.0881, Epsilon: 0.010
2026-04-19 01:30:03 | INFO | Episode 1489 - Reward: -200.000, Length: 200, Loss: 17.9444, Entropy: 1.0818, Epsilon: 0.010
2026-04-19 01:30:03 | INFO | Episode 1490 - Reward: -200.000, Length: 200, Loss: 6.4712, Entropy: 1.0927, Epsilon: 0.010
2026-04-19 01:30:03 | INFO | Episode 1491 - Reward: -200.000, Length: 200, Loss: 6.3297, Entropy: 1.0940, Epsilon: 0.010
2026-04-19 01:30:03 | INFO | Episode 1492 - Reward: -200.000, Length: 200, Loss: 15.4314, Entropy: 1.0921, Epsilon: 0.010
2026-04-19 01:30:04 | INFO | Episode 1493 - Reward: -200.000, Length: 200, Loss: 15.4452, Entropy: 1.0878, Epsilon: 0.010
2026-04-19 01:30:04 | INFO | Episode 1494 - Reward: -200.000, Length: 200, Loss: 23.6174, Entropy: 1.0477, Epsilon: 0.010
2026-04-19 01:30:05 | INFO | Episode 1495 - Reward: -200.000, Length: 200, Loss: 9.0416, Entropy: 1.0914, Epsilon: 0.010
2026-04-19 01:30:06 | INFO | Episode 1496 - Reward: -200.000, Length: 200, Loss: 9.2882, Entropy: 1.0889, Epsilon: 0.010
2026-04-19 01:30:06 | INFO | Episode 1497 - Reward: -200.000, Length: 200, Loss: 21.2962, Entropy: 1.0712, Epsilon: 0.010
2026-04-19 01:30:06 | INFO | Episode 1498 - Reward: -200.000, Length: 200, Loss: 6.2764, Entropy: 1.0870, Epsilon: 0.010
2026-04-19 01:30:07 | INFO | Episode 1499 - Reward: -200.000, Length: 200, Loss: 21.7433, Entropy: 1.0816, Epsilon: 0.010
2026-04-19 01:30:07 | INFO | Episode 1500 - Reward: -200.000, Length: 200, Loss: 6.3101, Entropy: 1.0885, Epsilon: 0.010
2026-04-19 01:30:12 | INFO | [Episode 1500] eps=0.010  avg_reward=-200.000  avg_length=200.00  avg_loss= 13.9532  avg_entropy=1.0885  eval_success=0.000
2026-04-19 01:30:12 | INFO | Episode 1501 - Reward: -200.000, Length: 200, Loss: 6.0044, Entropy: 1.0828, Epsilon: 0.010
2026-04-19 01:30:12 | INFO | Episode 1502 - Reward: -200.000, Length: 200, Loss: 12.5361, Entropy: 1.0832, Epsilon: 0.010
2026-04-19 01:30:13 | INFO | Episode 1503 - Reward: -200.000, Length: 200, Loss: 13.6341, Entropy: 1.0693, Epsilon: 0.010
2026-04-19 01:30:13 | INFO | Episode 1504 - Reward: -200.000, Length: 200, Loss: 28.3739, Entropy: 1.0645, Epsilon: 0.010
2026-04-19 01:30:13 | INFO | Episode 1505 - Reward: -200.000, Length: 200, Loss: 24.3687, Entropy: 1.0735, Epsilon: 0.010
2026-04-19 01:30:14 | INFO | Episode 1506 - Reward: -200.000, Length: 200, Loss: 20.6567, Entropy: 1.0793, Epsilon: 0.010
2026-04-19 01:30:14 | INFO | Episode 1507 - Reward: -200.000, Length: 200, Loss: 9.4701, Entropy: 1.0884, Epsilon: 0.010
2026-04-19 01:30:14 | INFO | Episode 1508 - Reward: -200.000, Length: 200, Loss: 8.9474, Entropy: 1.0956, Epsilon: 0.010
2026-04-19 01:30:14 | INFO | Episode 1509 - Reward: -200.000, Length: 200, Loss: 5.9309, Entropy: 1.0933, Epsilon: 0.010
2026-04-19 01:30:15 | INFO | Episode 1510 - Reward: -200.000, Length: 200, Loss: 12.1753, Entropy: 1.0896, Epsilon: 0.010
2026-04-19 01:30:15 | INFO | Episode 1511 - Reward: -200.000, Length: 200, Loss: 15.4407, Entropy: 1.0831, Epsilon: 0.010
2026-04-19 01:30:15 | INFO | Episode 1512 - Reward: -200.000, Length: 200, Loss: 26.9836, Entropy: 1.0696, Epsilon: 0.010
2026-04-19 01:30:16 | INFO | Episode 1513 - Reward: -200.000, Length: 200, Loss: 21.6985, Entropy: 1.0469, Epsilon: 0.010
2026-04-19 01:30:16 | INFO | Episode 1514 - Reward: -200.000, Length: 200, Loss: 8.6051, Entropy: 1.0893, Epsilon: 0.010
2026-04-19 01:30:16 | INFO | Episode 1515 - Reward: -200.000, Length: 200, Loss: 18.0378, Entropy: 1.0817, Epsilon: 0.010
2026-04-19 01:30:17 | INFO | Episode 1516 - Reward: -200.000, Length: 200, Loss: 9.4114, Entropy: 1.0831, Epsilon: 0.010
2026-04-19 01:30:17 | INFO | Episode 1517 - Reward: -200.000, Length: 200, Loss: 26.5804, Entropy: 1.0804, Epsilon: 0.010
2026-04-19 01:30:17 | INFO | Episode 1518 - Reward: -200.000, Length: 200, Loss: 23.9987, Entropy: 1.0835, Epsilon: 0.010
2026-04-19 01:30:18 | INFO | Episode 1519 - Reward: -200.000, Length: 200, Loss: 25.8103, Entropy: 1.0626, Epsilon: 0.010
2026-04-19 01:30:18 | INFO | Episode 1520 - Reward: -200.000, Length: 200, Loss: 11.3472, Entropy: 1.0863, Epsilon: 0.010
2026-04-19 01:30:18 | INFO | Episode 1521 - Reward: -200.000, Length: 200, Loss: 18.1763, Entropy: 1.0810, Epsilon: 0.010
2026-04-19 01:30:19 | INFO | Episode 1522 - Reward: -200.000, Length: 200, Loss: 17.3925, Entropy: 1.0864, Epsilon: 0.010
2026-04-19 01:30:19 | INFO | Episode 1523 - Reward: -200.000, Length: 200, Loss: 27.0000, Entropy: 1.0612, Epsilon: 0.010
2026-04-19 01:30:19 | INFO | Episode 1524 - Reward: -200.000, Length: 200, Loss: 8.0002, Entropy: 1.0769, Epsilon: 0.010
2026-04-19 01:30:20 | INFO | Episode 1525 - Reward: -200.000, Length: 200, Loss: 11.6520, Entropy: 1.0910, Epsilon: 0.010
2026-04-19 01:30:20 | INFO | Episode 1526 - Reward: -200.000, Length: 200, Loss: 20.6381, Entropy: 1.0843, Epsilon: 0.010
2026-04-19 01:30:20 | INFO | Episode 1527 - Reward: -200.000, Length: 200, Loss: 8.9615, Entropy: 1.0837, Epsilon: 0.010
2026-04-19 01:30:20 | INFO | Episode 1528 - Reward: -200.000, Length: 200, Loss: 14.6535, Entropy: 1.0902, Epsilon: 0.010
2026-04-19 01:30:21 | INFO | Episode 1529 - Reward: -200.000, Length: 200, Loss: 12.0147, Entropy: 1.0837, Epsilon: 0.010
2026-04-19 01:30:21 | INFO | Episode 1530 - Reward: -200.000, Length: 200, Loss: 17.9571, Entropy: 1.0814, Epsilon: 0.010
2026-04-19 01:30:21 | INFO | Episode 1531 - Reward: -200.000, Length: 200, Loss: 11.9864, Entropy: 1.0926, Epsilon: 0.010
2026-04-19 01:30:22 | INFO | Episode 1532 - Reward: -200.000, Length: 200, Loss: 12.4138, Entropy: 1.0799, Epsilon: 0.010
2026-04-19 01:30:22 | INFO | Episode 1533 - Reward: -200.000, Length: 200, Loss: 14.4167, Entropy: 1.0849, Epsilon: 0.010
2026-04-19 01:30:22 | INFO | Episode 1534 - Reward: -200.000, Length: 200, Loss: 8.7570, Entropy: 1.0953, Epsilon: 0.010
2026-04-19 01:30:23 | INFO | Episode 1535 - Reward: -200.000, Length: 200, Loss: 8.7029, Entropy: 1.0789, Epsilon: 0.010
2026-04-19 01:30:23 | INFO | Episode 1536 - Reward: -200.000, Length: 200, Loss: 14.4436, Entropy: 1.0889, Epsilon: 0.010
2026-04-19 01:30:23 | INFO | Episode 1537 - Reward: -200.000, Length: 200, Loss: 5.6656, Entropy: 1.0868, Epsilon: 0.010
2026-04-19 01:30:24 | INFO | Episode 1538 - Reward: -200.000, Length: 200, Loss: 14.1545, Entropy: 1.0799, Epsilon: 0.010
2026-04-19 01:30:24 | INFO | Episode 1539 - Reward: -200.000, Length: 200, Loss: 17.5472, Entropy: 1.0862, Epsilon: 0.010
2026-04-19 01:30:24 | INFO | Episode 1540 - Reward: -200.000, Length: 200, Loss: 8.7200, Entropy: 1.0871, Epsilon: 0.010
2026-04-19 01:30:25 | INFO | Episode 1541 - Reward: -200.000, Length: 200, Loss: 14.9788, Entropy: 1.0834, Epsilon: 0.010
2026-04-19 01:30:25 | INFO | Episode 1542 - Reward: -200.000, Length: 200, Loss: 15.1199, Entropy: 1.0812, Epsilon: 0.010
2026-04-19 01:30:25 | INFO | Episode 1543 - Reward: -200.000, Length: 200, Loss: 20.2883, Entropy: 1.0804, Epsilon: 0.010
2026-04-19 01:30:26 | INFO | Episode 1544 - Reward: -200.000, Length: 200, Loss: 14.1578, Entropy: 1.0831, Epsilon: 0.010
2026-04-19 01:30:26 | INFO | Episode 1545 - Reward: -200.000, Length: 200, Loss: 8.6377, Entropy: 1.0893, Epsilon: 0.010
2026-04-19 01:30:26 | INFO | Episode 1546 - Reward: -200.000, Length: 200, Loss: 15.5315, Entropy: 1.0559, Epsilon: 0.010
2026-04-19 01:30:27 | INFO | Episode 1547 - Reward: -200.000, Length: 200, Loss: 29.0084, Entropy: 1.0662, Epsilon: 0.010
2026-04-19 01:30:27 | INFO | Episode 1548 - Reward: -200.000, Length: 200, Loss: 14.5077, Entropy: 1.0893, Epsilon: 0.010
2026-04-19 01:30:27 | INFO | Episode 1549 - Reward: -200.000, Length: 200, Loss: 23.6653, Entropy: 1.0695, Epsilon: 0.010
2026-04-19 01:30:27 | INFO | Episode 1550 - Reward: -200.000, Length: 200, Loss: 5.9605, Entropy: 1.0907, Epsilon: 0.010
2026-04-19 01:30:28 | INFO | Episode 1551 - Reward: -200.000, Length: 200, Loss: 9.3154, Entropy: 1.0817, Epsilon: 0.010
2026-04-19 01:30:28 | INFO | Episode 1552 - Reward: -200.000, Length: 200, Loss: 2.8873, Entropy: 1.0951, Epsilon: 0.010
2026-04-19 01:30:28 | INFO | Episode 1553 - Reward: -200.000, Length: 200, Loss: 3.1561, Entropy: 1.0956, Epsilon: 0.010
2026-04-19 01:30:29 | INFO | Episode 1554 - Reward: -200.000, Length: 200, Loss: 8.5164, Entropy: 1.0904, Epsilon: 0.010
2026-04-19 01:30:29 | INFO | Episode 1555 - Reward: -200.000, Length: 200, Loss: 27.1286, Entropy: 1.0826, Epsilon: 0.010
2026-04-19 01:30:29 | INFO | Episode 1556 - Reward: -200.000, Length: 200, Loss: 8.9982, Entropy: 1.0919, Epsilon: 0.010
2026-04-19 01:30:30 | INFO | Episode 1557 - Reward: -200.000, Length: 200, Loss: 18.1510, Entropy: 1.0806, Epsilon: 0.010
2026-04-19 01:30:30 | INFO | Episode 1558 - Reward: -200.000, Length: 200, Loss: 18.2700, Entropy: 1.0826, Epsilon: 0.010
2026-04-19 01:30:30 | INFO | Episode 1559 - Reward: -200.000, Length: 200, Loss: 8.5660, Entropy: 1.0850, Epsilon: 0.010
2026-04-19 01:30:31 | INFO | Episode 1560 - Reward: -200.000, Length: 200, Loss: 5.5787, Entropy: 1.0895, Epsilon: 0.010
2026-04-19 01:30:31 | INFO | Episode 1561 - Reward: -200.000, Length: 200, Loss: 11.5930, Entropy: 1.0742, Epsilon: 0.010
2026-04-19 01:30:31 | INFO | Episode 1562 - Reward: -200.000, Length: 200, Loss: 17.7368, Entropy: 1.0836, Epsilon: 0.010
2026-04-19 01:30:32 | INFO | Episode 1563 - Reward: -200.000, Length: 200, Loss: 14.7007, Entropy: 1.0934, Epsilon: 0.010
2026-04-19 01:30:32 | INFO | Episode 1564 - Reward: -200.000, Length: 200, Loss: 17.1573, Entropy: 1.0680, Epsilon: 0.010
2026-04-19 01:30:32 | INFO | Episode 1565 - Reward: -200.000, Length: 200, Loss: 24.9511, Entropy: 1.0780, Epsilon: 0.010
2026-04-19 01:30:32 | INFO | Episode 1566 - Reward: -200.000, Length: 200, Loss: 6.1300, Entropy: 1.0923, Epsilon: 0.010
2026-04-19 01:30:33 | INFO | Episode 1567 - Reward: -200.000, Length: 200, Loss: 18.1664, Entropy: 1.0755, Epsilon: 0.010
2026-04-19 01:30:33 | INFO | Episode 1568 - Reward: -200.000, Length: 200, Loss: 2.9094, Entropy: 1.0959, Epsilon: 0.010
2026-04-19 01:30:33 | INFO | Episode 1569 - Reward: -200.000, Length: 200, Loss: 5.7705, Entropy: 1.0924, Epsilon: 0.010
2026-04-19 01:30:34 | INFO | Episode 1570 - Reward: -200.000, Length: 200, Loss: 11.9539, Entropy: 1.0910, Epsilon: 0.010
2026-04-19 01:30:34 | INFO | Episode 1571 - Reward: -200.000, Length: 200, Loss: 9.0307, Entropy: 1.0961, Epsilon: 0.010
2026-04-19 01:30:34 | INFO | Episode 1572 - Reward: -200.000, Length: 200, Loss: 9.2053, Entropy: 1.0881, Epsilon: 0.010
2026-04-19 01:30:35 | INFO | Episode 1573 - Reward: -200.000, Length: 200, Loss: 5.6679, Entropy: 1.0911, Epsilon: 0.010
2026-04-19 01:30:35 | INFO | Episode 1574 - Reward: -200.000, Length: 200, Loss: 12.0063, Entropy: 1.0808, Epsilon: 0.010
2026-04-19 01:30:35 | INFO | Episode 1575 - Reward: -200.000, Length: 200, Loss: 9.1874, Entropy: 1.0904, Epsilon: 0.010
2026-04-19 01:30:36 | INFO | Episode 1576 - Reward: -200.000, Length: 200, Loss: 25.5274, Entropy: 1.0783, Epsilon: 0.010
2026-04-19 01:30:36 | INFO | Episode 1577 - Reward: -200.000, Length: 200, Loss: 20.8189, Entropy: 1.0753, Epsilon: 0.010
2026-04-19 01:30:36 | INFO | Episode 1578 - Reward: -200.000, Length: 200, Loss: 11.4768, Entropy: 1.0782, Epsilon: 0.010
2026-04-19 01:30:37 | INFO | Episode 1579 - Reward: -200.000, Length: 200, Loss: 12.1232, Entropy: 1.0889, Epsilon: 0.010
2026-04-19 01:30:37 | INFO | Episode 1580 - Reward: -200.000, Length: 200, Loss: 21.1518, Entropy: 1.0847, Epsilon: 0.010
2026-04-19 01:30:37 | INFO | Episode 1581 - Reward: -200.000, Length: 200, Loss: 32.3076, Entropy: 1.0651, Epsilon: 0.010
2026-04-19 01:30:38 | INFO | Episode 1582 - Reward: -200.000, Length: 200, Loss: 14.5689, Entropy: 1.0793, Epsilon: 0.010
2026-04-19 01:30:38 | INFO | Episode 1583 - Reward: -200.000, Length: 200, Loss: 11.3878, Entropy: 1.0859, Epsilon: 0.010
2026-04-19 01:30:38 | INFO | Episode 1584 - Reward: -200.000, Length: 200, Loss: 20.7073, Entropy: 1.0824, Epsilon: 0.010
2026-04-19 01:30:38 | INFO | Episode 1585 - Reward: -200.000, Length: 200, Loss: 9.0283, Entropy: 1.0877, Epsilon: 0.010
2026-04-19 01:30:39 | INFO | Episode 1586 - Reward: -200.000, Length: 200, Loss: 21.6346, Entropy: 1.0553, Epsilon: 0.010
2026-04-19 01:30:39 | INFO | Episode 1587 - Reward: -200.000, Length: 200, Loss: 20.8682, Entropy: 1.0861, Epsilon: 0.010
2026-04-19 01:30:39 | INFO | Episode 1588 - Reward: -200.000, Length: 200, Loss: 15.2001, Entropy: 1.0850, Epsilon: 0.010
2026-04-19 01:30:40 | INFO | Episode 1589 - Reward: -200.000, Length: 200, Loss: 8.7405, Entropy: 1.0825, Epsilon: 0.010
2026-04-19 01:30:40 | INFO | Episode 1590 - Reward: -200.000, Length: 200, Loss: 10.8212, Entropy: 1.0629, Epsilon: 0.010
2026-04-19 01:30:40 | INFO | Episode 1591 - Reward: -200.000, Length: 200, Loss: 24.1207, Entropy: 1.0595, Epsilon: 0.010
2026-04-19 01:30:41 | INFO | Episode 1592 - Reward: -200.000, Length: 200, Loss: 11.7712, Entropy: 1.0933, Epsilon: 0.010
2026-04-19 01:30:41 | INFO | Episode 1593 - Reward: -200.000, Length: 200, Loss: 9.1022, Entropy: 1.0923, Epsilon: 0.010
2026-04-19 01:30:41 | INFO | Episode 1594 - Reward: -200.000, Length: 200, Loss: 16.1315, Entropy: 1.0506, Epsilon: 0.010
2026-04-19 01:30:42 | INFO | Episode 1595 - Reward: -200.000, Length: 200, Loss: 21.4614, Entropy: 1.0771, Epsilon: 0.010
2026-04-19 01:30:42 | INFO | Episode 1596 - Reward: -200.000, Length: 200, Loss: 16.0266, Entropy: 1.0608, Epsilon: 0.010
2026-04-19 01:30:42 | INFO | Episode 1597 - Reward: -200.000, Length: 200, Loss: 18.0440, Entropy: 1.0786, Epsilon: 0.010
2026-04-19 01:30:43 | INFO | Episode 1598 - Reward: -200.000, Length: 200, Loss: 15.4638, Entropy: 1.0882, Epsilon: 0.010
2026-04-19 01:30:43 | INFO | Episode 1599 - Reward: -200.000, Length: 200, Loss: 6.3647, Entropy: 1.0918, Epsilon: 0.010
2026-04-19 01:30:43 | INFO | Episode 1600 - Reward: -200.000, Length: 200, Loss: 9.8120, Entropy: 1.0867, Epsilon: 0.010
2026-04-19 01:30:48 | INFO | [Episode 1600] eps=0.010  avg_reward=-200.000  avg_length=200.00  avg_loss= 14.5652  avg_entropy=1.0867  eval_success=0.000
2026-04-19 01:30:48 | INFO | Episode 1601 - Reward: -200.000, Length: 200, Loss: 6.1313, Entropy: 1.0935, Epsilon: 0.010
2026-04-19 01:30:49 | INFO | Episode 1602 - Reward: -200.000, Length: 200, Loss: 12.8994, Entropy: 1.0912, Epsilon: 0.010
2026-04-19 01:30:49 | INFO | Episode 1603 - Reward: -200.000, Length: 200, Loss: 18.7313, Entropy: 1.0839, Epsilon: 0.010
2026-04-19 01:30:49 | INFO | Episode 1604 - Reward: -200.000, Length: 200, Loss: 10.2768, Entropy: 1.0716, Epsilon: 0.010
2026-04-19 01:30:50 | INFO | Episode 1605 - Reward: -200.000, Length: 200, Loss: 9.5303, Entropy: 1.0886, Epsilon: 0.010
2026-04-19 01:30:50 | INFO | Episode 1606 - Reward: -200.000, Length: 200, Loss: 9.0111, Entropy: 1.0867, Epsilon: 0.010
2026-04-19 01:30:50 | INFO | Episode 1607 - Reward: -200.000, Length: 200, Loss: 3.1051, Entropy: 1.0952, Epsilon: 0.010
2026-04-19 01:30:51 | INFO | Episode 1608 - Reward: -200.000, Length: 200, Loss: 13.0074, Entropy: 1.0878, Epsilon: 0.010
2026-04-19 01:30:51 | INFO | Episode 1609 - Reward: -200.000, Length: 200, Loss: 25.9645, Entropy: 1.0847, Epsilon: 0.010
2026-04-19 01:30:51 | INFO | Episode 1610 - Reward: -200.000, Length: 200, Loss: 21.7843, Entropy: 1.0762, Epsilon: 0.010
2026-04-19 01:30:51 | INFO | Episode 1611 - Reward: -200.000, Length: 200, Loss: 9.6051, Entropy: 1.0916, Epsilon: 0.010
2026-04-19 01:30:52 | INFO | Episode 1612 - Reward: -200.000, Length: 200, Loss: 15.4980, Entropy: 1.0744, Epsilon: 0.010
2026-04-19 01:30:52 | INFO | Episode 1613 - Reward: -200.000, Length: 200, Loss: 18.7344, Entropy: 1.0927, Epsilon: 0.010
2026-04-19 01:30:52 | INFO | Episode 1614 - Reward: -200.000, Length: 200, Loss: 10.3666, Entropy: 1.0811, Epsilon: 0.010
2026-04-19 01:30:53 | INFO | Episode 1615 - Reward: -200.000, Length: 200, Loss: 16.7494, Entropy: 1.0521, Epsilon: 0.010
2026-04-19 01:30:53 | INFO | Episode 1616 - Reward: -200.000, Length: 200, Loss: 34.5694, Entropy: 1.0626, Epsilon: 0.010
2026-04-19 01:30:53 | INFO | Episode 1617 - Reward: -200.000, Length: 200, Loss: 6.0237, Entropy: 1.0853, Epsilon: 0.010
2026-04-19 01:30:54 | INFO | Episode 1618 - Reward: -200.000, Length: 200, Loss: 24.9832, Entropy: 1.0893, Epsilon: 0.010
2026-04-19 01:30:54 | INFO | Episode 1619 - Reward: -200.000, Length: 200, Loss: 12.9160, Entropy: 1.0840, Epsilon: 0.010
2026-04-19 01:30:54 | INFO | Episode 1620 - Reward: -200.000, Length: 200, Loss: 12.7999, Entropy: 1.0867, Epsilon: 0.010
2026-04-19 01:30:55 | INFO | Episode 1621 - Reward: -200.000, Length: 200, Loss: 18.5085, Entropy: 1.0832, Epsilon: 0.010
2026-04-19 01:30:55 | INFO | Episode 1622 - Reward: -200.000, Length: 200, Loss: 12.8959, Entropy: 1.0919, Epsilon: 0.010
2026-04-19 01:30:55 | INFO | Episode 1623 - Reward: -200.000, Length: 200, Loss: 18.6951, Entropy: 1.0907, Epsilon: 0.010
2026-04-19 01:30:56 | INFO | Episode 1624 - Reward: -200.000, Length: 200, Loss: 19.1370, Entropy: 1.0656, Epsilon: 0.010
2026-04-19 01:30:56 | INFO | Episode 1625 - Reward: -200.000, Length: 200, Loss: 9.3404, Entropy: 1.0628, Epsilon: 0.010
2026-04-19 01:30:56 | INFO | Episode 1626 - Reward: -200.000, Length: 200, Loss: 15.5739, Entropy: 1.0608, Epsilon: 0.010
2026-04-19 01:30:57 | INFO | Episode 1627 - Reward: -200.000, Length: 200, Loss: 17.7616, Entropy: 1.0818, Epsilon: 0.010
2026-04-19 01:30:57 | INFO | Episode 1628 - Reward: -200.000, Length: 200, Loss: 27.6408, Entropy: 1.0856, Epsilon: 0.010
2026-04-19 01:30:57 | INFO | Episode 1629 - Reward: -200.000, Length: 200, Loss: 9.0231, Entropy: 1.0910, Epsilon: 0.010
2026-04-19 01:30:57 | INFO | Episode 1630 - Reward: -200.000, Length: 200, Loss: 8.6957, Entropy: 1.0867, Epsilon: 0.010
2026-04-19 01:30:58 | INFO | Episode 1631 - Reward: -200.000, Length: 200, Loss: 5.9042, Entropy: 1.0925, Epsilon: 0.010
2026-04-19 01:30:58 | INFO | Episode 1632 - Reward: -200.000, Length: 200, Loss: 21.4079, Entropy: 1.0828, Epsilon: 0.010
2026-04-19 01:30:58 | INFO | Episode 1633 - Reward: -200.000, Length: 200, Loss: 17.5331, Entropy: 1.0763, Epsilon: 0.010
2026-04-19 01:30:59 | INFO | Episode 1634 - Reward: -200.000, Length: 200, Loss: 5.8631, Entropy: 1.0892, Epsilon: 0.010
2026-04-19 01:30:59 | INFO | Episode 1635 - Reward: -200.000, Length: 200, Loss: 9.4621, Entropy: 1.0850, Epsilon: 0.010
2026-04-19 01:30:59 | INFO | Episode 1636 - Reward: -200.000, Length: 200, Loss: 15.1612, Entropy: 1.0911, Epsilon: 0.010
2026-04-19 01:31:00 | INFO | Episode 1637 - Reward: -200.000, Length: 200, Loss: 12.4366, Entropy: 1.0908, Epsilon: 0.010
2026-04-19 01:31:00 | INFO | Episode 1638 - Reward: -200.000, Length: 200, Loss: 15.0079, Entropy: 1.0872, Epsilon: 0.010
2026-04-19 01:31:00 | INFO | Episode 1639 - Reward: -200.000, Length: 200, Loss: 12.3204, Entropy: 1.0907, Epsilon: 0.010
2026-04-19 01:31:01 | INFO | Episode 1640 - Reward: -200.000, Length: 200, Loss: 18.1427, Entropy: 1.0770, Epsilon: 0.010
2026-04-19 01:31:01 | INFO | Episode 1641 - Reward: -200.000, Length: 200, Loss: 21.2165, Entropy: 1.0578, Epsilon: 0.010
2026-04-19 01:31:01 | INFO | Episode 1642 - Reward: -200.000, Length: 200, Loss: 21.2425, Entropy: 1.0833, Epsilon: 0.010
2026-04-19 01:31:02 | INFO | Episode 1643 - Reward: -200.000, Length: 200, Loss: 9.1462, Entropy: 1.0920, Epsilon: 0.010
2026-04-19 01:31:02 | INFO | Episode 1644 - Reward: -200.000, Length: 200, Loss: 15.3586, Entropy: 1.0810, Epsilon: 0.010
2026-04-19 01:31:02 | INFO | Episode 1645 - Reward: -200.000, Length: 200, Loss: 8.9677, Entropy: 1.0851, Epsilon: 0.010
2026-04-19 01:31:03 | INFO | Episode 1646 - Reward: -200.000, Length: 200, Loss: 12.0569, Entropy: 1.0736, Epsilon: 0.010
2026-04-19 01:31:03 | INFO | Episode 1647 - Reward: -200.000, Length: 200, Loss: 15.3101, Entropy: 1.0716, Epsilon: 0.010
2026-04-19 01:31:03 | INFO | Episode 1648 - Reward: -200.000, Length: 200, Loss: 6.6641, Entropy: 1.0837, Epsilon: 0.010
2026-04-19 01:31:03 | INFO | Episode 1649 - Reward: -200.000, Length: 200, Loss: 21.8427, Entropy: 1.0646, Epsilon: 0.010
2026-04-19 01:31:04 | INFO | Episode 1650 - Reward: -200.000, Length: 200, Loss: 24.6029, Entropy: 1.0695, Epsilon: 0.010
2026-04-19 01:31:04 | INFO | Episode 1651 - Reward: -200.000, Length: 200, Loss: 27.7824, Entropy: 1.0769, Epsilon: 0.010
2026-04-19 01:31:04 | INFO | Episode 1652 - Reward: -200.000, Length: 200, Loss: 23.9909, Entropy: 1.0697, Epsilon: 0.010
2026-04-19 01:31:05 | INFO | Episode 1653 - Reward: -200.000, Length: 200, Loss: 11.8776, Entropy: 1.0870, Epsilon: 0.010
2026-04-19 01:31:05 | INFO | Episode 1654 - Reward: -200.000, Length: 200, Loss: 23.8978, Entropy: 1.0778, Epsilon: 0.010
2026-04-19 01:31:05 | INFO | Episode 1655 - Reward: -200.000, Length: 200, Loss: 12.5115, Entropy: 1.0818, Epsilon: 0.010
2026-04-19 01:31:06 | INFO | Episode 1656 - Reward: -200.000, Length: 200, Loss: 24.5765, Entropy: 1.0708, Epsilon: 0.010
2026-04-19 01:31:06 | INFO | Episode 1657 - Reward: -200.000, Length: 200, Loss: 12.7510, Entropy: 1.0878, Epsilon: 0.010
2026-04-19 01:31:06 | INFO | Episode 1658 - Reward: -200.000, Length: 200, Loss: 21.0078, Entropy: 1.0559, Epsilon: 0.010
2026-04-19 01:31:07 | INFO | Episode 1659 - Reward: -200.000, Length: 200, Loss: 5.6791, Entropy: 1.0845, Epsilon: 0.010
2026-04-19 01:31:07 | INFO | Episode 1660 - Reward: -200.000, Length: 200, Loss: 20.7953, Entropy: 1.0733, Epsilon: 0.010
2026-04-19 01:31:07 | INFO | Episode 1661 - Reward: -200.000, Length: 200, Loss: 12.6486, Entropy: 1.0716, Epsilon: 0.010
2026-04-19 01:31:08 | INFO | Episode 1662 - Reward: -200.000, Length: 200, Loss: 17.9712, Entropy: 1.0784, Epsilon: 0.010
2026-04-19 01:31:08 | INFO | Episode 1663 - Reward: -200.000, Length: 200, Loss: 37.2282, Entropy: 1.0887, Epsilon: 0.010
2026-04-19 01:31:08 | INFO | Episode 1664 - Reward: -200.000, Length: 200, Loss: 5.9161, Entropy: 1.0883, Epsilon: 0.010
2026-04-19 01:31:08 | INFO | Episode 1665 - Reward: -200.000, Length: 200, Loss: 10.9344, Entropy: 1.0802, Epsilon: 0.010
2026-04-19 01:31:09 | INFO | Episode 1666 - Reward: -200.000, Length: 200, Loss: 25.7327, Entropy: 1.0831, Epsilon: 0.010
2026-04-19 01:31:09 | INFO | Episode 1667 - Reward: -200.000, Length: 200, Loss: 11.6228, Entropy: 1.0905, Epsilon: 0.010
2026-04-19 01:31:09 | INFO | Episode 1668 - Reward: -200.000, Length: 200, Loss: 11.0745, Entropy: 1.0770, Epsilon: 0.010
2026-04-19 01:31:10 | INFO | Episode 1669 - Reward: -200.000, Length: 200, Loss: 8.4554, Entropy: 1.0880, Epsilon: 0.010
2026-04-19 01:31:10 | INFO | Episode 1670 - Reward: -200.000, Length: 200, Loss: 21.0228, Entropy: 1.0718, Epsilon: 0.010
2026-04-19 01:31:10 | INFO | Episode 1671 - Reward: -200.000, Length: 200, Loss: 26.4559, Entropy: 1.0650, Epsilon: 0.010
2026-04-19 01:31:11 | INFO | Episode 1672 - Reward: -200.000, Length: 200, Loss: 14.3057, Entropy: 1.0934, Epsilon: 0.010
2026-04-19 01:31:11 | INFO | Episode 1673 - Reward: -200.000, Length: 200, Loss: 25.9288, Entropy: 1.0716, Epsilon: 0.010
2026-04-19 01:31:11 | INFO | Episode 1674 - Reward: -200.000, Length: 200, Loss: 22.7975, Entropy: 1.0852, Epsilon: 0.010
2026-04-19 01:31:12 | INFO | Episode 1675 - Reward: -200.000, Length: 200, Loss: 7.9744, Entropy: 1.0933, Epsilon: 0.010
2026-04-19 01:31:12 | INFO | Episode 1676 - Reward: -200.000, Length: 200, Loss: 14.2153, Entropy: 1.0887, Epsilon: 0.010
2026-04-19 01:31:12 | INFO | Episode 1677 - Reward: -200.000, Length: 200, Loss: 8.8711, Entropy: 1.0907, Epsilon: 0.010
2026-04-19 01:31:13 | INFO | Episode 1678 - Reward: -200.000, Length: 200, Loss: 19.2078, Entropy: 1.0865, Epsilon: 0.010
2026-04-19 01:31:13 | INFO | Episode 1679 - Reward: -200.000, Length: 200, Loss: 17.0624, Entropy: 1.0445, Epsilon: 0.010
2026-04-19 01:31:13 | INFO | Episode 1680 - Reward: -200.000, Length: 200, Loss: 19.4126, Entropy: 1.0883, Epsilon: 0.010
2026-04-19 01:31:13 | INFO | Episode 1681 - Reward: -200.000, Length: 200, Loss: 10.3669, Entropy: 1.0910, Epsilon: 0.010
2026-04-19 01:31:14 | INFO | Episode 1682 - Reward: -200.000, Length: 200, Loss: 21.1911, Entropy: 1.0641, Epsilon: 0.010
2026-04-19 01:31:14 | INFO | Episode 1683 - Reward: -200.000, Length: 200, Loss: 5.5141, Entropy: 1.0814, Epsilon: 0.010
2026-04-19 01:31:14 | INFO | Episode 1684 - Reward: -200.000, Length: 200, Loss: 8.6982, Entropy: 1.0784, Epsilon: 0.010
2026-04-19 01:31:15 | INFO | Episode 1685 - Reward: -200.000, Length: 200, Loss: 35.7332, Entropy: 1.0595, Epsilon: 0.010
2026-04-19 01:31:15 | INFO | Episode 1686 - Reward: -200.000, Length: 200, Loss: 16.9766, Entropy: 1.0480, Epsilon: 0.010
2026-04-19 01:31:15 | INFO | Episode 1687 - Reward: -200.000, Length: 200, Loss: 21.0873, Entropy: 1.0807, Epsilon: 0.010
2026-04-19 01:31:16 | INFO | Episode 1688 - Reward: -200.000, Length: 200, Loss: 11.0502, Entropy: 1.0878, Epsilon: 0.010
2026-04-19 01:31:16 | INFO | Episode 1689 - Reward: -200.000, Length: 200, Loss: 14.1093, Entropy: 1.0760, Epsilon: 0.010
2026-04-19 01:31:16 | INFO | Episode 1690 - Reward: -200.000, Length: 200, Loss: 10.9101, Entropy: 1.0743, Epsilon: 0.010
2026-04-19 01:31:17 | INFO | Episode 1691 - Reward: -200.000, Length: 200, Loss: 16.1903, Entropy: 1.0903, Epsilon: 0.010
2026-04-19 01:31:17 | INFO | Episode 1692 - Reward: -200.000, Length: 200, Loss: 16.3444, Entropy: 1.0879, Epsilon: 0.010
2026-04-19 01:31:17 | INFO | Episode 1693 - Reward: -200.000, Length: 200, Loss: 16.4415, Entropy: 1.0885, Epsilon: 0.010
2026-04-19 01:31:18 | INFO | Episode 1694 - Reward: -200.000, Length: 200, Loss: 10.9582, Entropy: 1.0890, Epsilon: 0.010
2026-04-19 01:31:18 | INFO | Episode 1695 - Reward: -200.000, Length: 200, Loss: 21.9915, Entropy: 1.0864, Epsilon: 0.010
2026-04-19 01:31:18 | INFO | Episode 1696 - Reward: -200.000, Length: 200, Loss: 12.8033, Entropy: 1.0902, Epsilon: 0.010
2026-04-19 01:31:19 | INFO | Episode 1697 - Reward: -200.000, Length: 200, Loss: 7.9165, Entropy: 1.0866, Epsilon: 0.010
2026-04-19 01:31:19 | INFO | Episode 1698 - Reward: -200.000, Length: 200, Loss: 5.5028, Entropy: 1.0944, Epsilon: 0.010
2026-04-19 01:31:19 | INFO | Episode 1699 - Reward: -200.000, Length: 200, Loss: 22.6017, Entropy: 1.0742, Epsilon: 0.010
2026-04-19 01:31:19 | INFO | Episode 1700 - Reward: -200.000, Length: 200, Loss: 16.5843, Entropy: 1.0735, Epsilon: 0.010
2026-04-19 01:31:24 | INFO | [Episode 1700] eps=0.010  avg_reward=-200.000  avg_length=200.00  avg_loss= 15.6629  avg_entropy=1.0735  eval_success=0.000
2026-04-19 01:31:24 | INFO | Episode 1701 - Reward: -200.000, Length: 200, Loss: 8.5601, Entropy: 1.0925, Epsilon: 0.010
2026-04-19 01:31:25 | INFO | Episode 1702 - Reward: -200.000, Length: 200, Loss: 13.4340, Entropy: 1.0650, Epsilon: 0.010
2026-04-19 01:31:25 | INFO | Episode 1703 - Reward: -200.000, Length: 200, Loss: 13.8567, Entropy: 1.0918, Epsilon: 0.010
2026-04-19 01:31:25 | INFO | Episode 1704 - Reward: -200.000, Length: 200, Loss: 14.2047, Entropy: 1.0896, Epsilon: 0.010
2026-04-19 01:31:26 | INFO | Episode 1705 - Reward: -200.000, Length: 200, Loss: 19.5106, Entropy: 1.0907, Epsilon: 0.010
2026-04-19 01:31:26 | INFO | Episode 1706 - Reward: -200.000, Length: 200, Loss: 25.5618, Entropy: 1.0517, Epsilon: 0.010
2026-04-19 01:31:26 | INFO | Episode 1707 - Reward: -200.000, Length: 200, Loss: 2.5448, Entropy: 1.0966, Epsilon: 0.010
2026-04-19 01:31:27 | INFO | Episode 1708 - Reward: -200.000, Length: 200, Loss: 13.9636, Entropy: 1.0779, Epsilon: 0.010
2026-04-19 01:31:27 | INFO | Episode 1709 - Reward: -200.000, Length: 200, Loss: 7.8232, Entropy: 1.0890, Epsilon: 0.010
2026-04-19 01:31:27 | INFO | Episode 1710 - Reward: -200.000, Length: 200, Loss: 20.0001, Entropy: 1.0725, Epsilon: 0.010
2026-04-19 01:31:28 | INFO | Episode 1711 - Reward: -200.000, Length: 200, Loss: 2.4657, Entropy: 1.0965, Epsilon: 0.010
2026-04-19 01:31:28 | INFO | Episode 1712 - Reward: -200.000, Length: 200, Loss: 25.1823, Entropy: 1.0788, Epsilon: 0.010
2026-04-19 01:31:28 | INFO | Episode 1713 - Reward: -200.000, Length: 200, Loss: 19.4766, Entropy: 1.0843, Epsilon: 0.010
2026-04-19 01:31:29 | INFO | Episode 1714 - Reward: -200.000, Length: 200, Loss: 10.9547, Entropy: 1.0872, Epsilon: 0.010
2026-04-19 01:31:29 | INFO | Episode 1715 - Reward: -200.000, Length: 200, Loss: 5.2647, Entropy: 1.0938, Epsilon: 0.010
2026-04-19 01:31:29 | INFO | Episode 1716 - Reward: -200.000, Length: 200, Loss: 19.8890, Entropy: 1.0799, Epsilon: 0.010
2026-04-19 01:31:30 | INFO | Episode 1717 - Reward: -200.000, Length: 200, Loss: 11.6048, Entropy: 1.0805, Epsilon: 0.010
2026-04-19 01:31:30 | INFO | Episode 1718 - Reward: -200.000, Length: 200, Loss: 24.2344, Entropy: 1.0760, Epsilon: 0.010
2026-04-19 01:31:30 | INFO | Episode 1719 - Reward: -200.000, Length: 200, Loss: 10.6130, Entropy: 1.0718, Epsilon: 0.010
2026-04-19 01:31:31 | INFO | Episode 1720 - Reward: -200.000, Length: 200, Loss: 18.8291, Entropy: 1.0802, Epsilon: 0.010
2026-04-19 01:31:31 | INFO | Episode 1721 - Reward: -200.000, Length: 200, Loss: 12.9668, Entropy: 1.0859, Epsilon: 0.010
2026-04-19 01:31:31 | INFO | Episode 1722 - Reward: -200.000, Length: 200, Loss: 10.8315, Entropy: 1.0881, Epsilon: 0.010
2026-04-19 01:31:31 | INFO | Episode 1723 - Reward: -200.000, Length: 200, Loss: 24.8468, Entropy: 1.0703, Epsilon: 0.010
2026-04-19 01:31:32 | INFO | Episode 1724 - Reward: -200.000, Length: 200, Loss: 16.0068, Entropy: 1.0811, Epsilon: 0.010
2026-04-19 01:31:32 | INFO | Episode 1725 - Reward: -200.000, Length: 200, Loss: 26.6741, Entropy: 1.0843, Epsilon: 0.010
2026-04-19 01:31:32 | INFO | Episode 1726 - Reward: -200.000, Length: 200, Loss: 15.4093, Entropy: 1.0835, Epsilon: 0.010
2026-04-19 01:31:33 | INFO | Episode 1727 - Reward: -200.000, Length: 200, Loss: 14.1466, Entropy: 1.0839, Epsilon: 0.010
2026-04-19 01:31:33 | INFO | Episode 1728 - Reward: -200.000, Length: 200, Loss: 5.0988, Entropy: 1.0950, Epsilon: 0.010
2026-04-19 01:31:33 | INFO | Episode 1729 - Reward: -200.000, Length: 200, Loss: 7.7908, Entropy: 1.0918, Epsilon: 0.010
2026-04-19 01:31:34 | INFO | Episode 1730 - Reward: -200.000, Length: 200, Loss: 16.8070, Entropy: 1.0624, Epsilon: 0.010
2026-04-19 01:31:34 | INFO | Episode 1731 - Reward: -200.000, Length: 200, Loss: 23.8940, Entropy: 1.0873, Epsilon: 0.010
2026-04-19 01:31:34 | INFO | Episode 1732 - Reward: -200.000, Length: 200, Loss: 22.1741, Entropy: 1.0525, Epsilon: 0.010
2026-04-19 01:31:35 | INFO | Episode 1733 - Reward: -200.000, Length: 200, Loss: 16.4238, Entropy: 1.0737, Epsilon: 0.010
2026-04-19 01:31:35 | INFO | Episode 1734 - Reward: -200.000, Length: 200, Loss: 18.2720, Entropy: 1.0754, Epsilon: 0.010
2026-04-19 01:31:35 | INFO | Episode 1735 - Reward: -200.000, Length: 200, Loss: 7.9321, Entropy: 1.0771, Epsilon: 0.010
2026-04-19 01:31:36 | INFO | Episode 1736 - Reward: -200.000, Length: 200, Loss: 10.9034, Entropy: 1.0921, Epsilon: 0.010
2026-04-19 01:31:36 | INFO | Episode 1737 - Reward: -200.000, Length: 200, Loss: 16.5064, Entropy: 1.0927, Epsilon: 0.010
2026-04-19 01:31:36 | INFO | Episode 1738 - Reward: -200.000, Length: 200, Loss: 5.4241, Entropy: 1.0908, Epsilon: 0.010
2026-04-19 01:31:37 | INFO | Episode 1739 - Reward: -200.000, Length: 200, Loss: 22.3231, Entropy: 1.0596, Epsilon: 0.010
2026-04-19 01:31:37 | INFO | Episode 1740 - Reward: -200.000, Length: 200, Loss: 16.5749, Entropy: 1.0888, Epsilon: 0.010
2026-04-19 01:31:37 | INFO | Episode 1741 - Reward: -200.000, Length: 200, Loss: 10.9006, Entropy: 1.0940, Epsilon: 0.010
2026-04-19 01:31:38 | INFO | Episode 1742 - Reward: -200.000, Length: 200, Loss: 11.0265, Entropy: 1.0898, Epsilon: 0.010
2026-04-19 01:31:38 | INFO | Episode 1743 - Reward: -200.000, Length: 200, Loss: 13.7956, Entropy: 1.0850, Epsilon: 0.010
2026-04-19 01:31:38 | INFO | Episode 1744 - Reward: -200.000, Length: 200, Loss: 10.9090, Entropy: 1.0960, Epsilon: 0.010
2026-04-19 01:31:38 | INFO | Episode 1745 - Reward: -200.000, Length: 200, Loss: 37.9369, Entropy: 1.0586, Epsilon: 0.010
2026-04-19 01:31:39 | INFO | Episode 1746 - Reward: -200.000, Length: 200, Loss: 20.7512, Entropy: 1.0516, Epsilon: 0.010
2026-04-19 01:31:39 | INFO | Episode 1747 - Reward: -200.000, Length: 200, Loss: 5.1004, Entropy: 1.0906, Epsilon: 0.010
2026-04-19 01:31:39 | INFO | Episode 1748 - Reward: -200.000, Length: 200, Loss: 15.8355, Entropy: 1.0880, Epsilon: 0.010
2026-04-19 01:31:40 | INFO | Episode 1749 - Reward: -200.000, Length: 200, Loss: 7.5703, Entropy: 1.0902, Epsilon: 0.010
2026-04-19 01:31:40 | INFO | Episode 1750 - Reward: -200.000, Length: 200, Loss: 15.8955, Entropy: 1.0809, Epsilon: 0.010
2026-04-19 01:31:40 | INFO | Episode 1751 - Reward: -200.000, Length: 200, Loss: 7.7856, Entropy: 1.0927, Epsilon: 0.010
2026-04-19 01:31:41 | INFO | Episode 1752 - Reward: -200.000, Length: 200, Loss: 10.6927, Entropy: 1.0829, Epsilon: 0.010
2026-04-19 01:31:42 | INFO | Episode 1753 - Reward: -200.000, Length: 200, Loss: 7.7224, Entropy: 1.0802, Epsilon: 0.010
2026-04-19 01:31:42 | INFO | Episode 1754 - Reward: -200.000, Length: 200, Loss: 8.2718, Entropy: 1.0718, Epsilon: 0.010
2026-04-19 01:31:43 | INFO | Episode 1755 - Reward: -200.000, Length: 200, Loss: 15.9876, Entropy: 1.0644, Epsilon: 0.010
2026-04-19 01:31:43 | INFO | Episode 1756 - Reward: -200.000, Length: 200, Loss: 27.3711, Entropy: 1.0338, Epsilon: 0.010
2026-04-19 01:31:43 | INFO | Episode 1757 - Reward: -200.000, Length: 200, Loss: 17.5836, Entropy: 1.0780, Epsilon: 0.010
2026-04-19 01:31:44 | INFO | Episode 1758 - Reward: -200.000, Length: 200, Loss: 12.4907, Entropy: 1.0943, Epsilon: 0.010
2026-04-19 01:31:44 | INFO | Episode 1759 - Reward: -200.000, Length: 200, Loss: 10.0211, Entropy: 1.0931, Epsilon: 0.010
2026-04-19 01:31:44 | INFO | Episode 1760 - Reward: -200.000, Length: 200, Loss: 30.0438, Entropy: 1.0856, Epsilon: 0.010
2026-04-19 01:31:45 | INFO | Episode 1761 - Reward: -200.000, Length: 200, Loss: 19.9694, Entropy: 1.0815, Epsilon: 0.010
2026-04-19 01:31:45 | INFO | Episode 1762 - Reward: -200.000, Length: 200, Loss: 9.8677, Entropy: 1.0948, Epsilon: 0.010
2026-04-19 01:31:45 | INFO | Episode 1763 - Reward: -200.000, Length: 200, Loss: 22.0798, Entropy: 1.0853, Epsilon: 0.010
2026-04-19 01:31:46 | INFO | Episode 1764 - Reward: -200.000, Length: 200, Loss: 9.6236, Entropy: 1.0907, Epsilon: 0.010
2026-04-19 01:31:46 | INFO | Episode 1765 - Reward: -200.000, Length: 200, Loss: 11.8734, Entropy: 1.0860, Epsilon: 0.010
2026-04-19 01:31:46 | INFO | Episode 1766 - Reward: -200.000, Length: 200, Loss: 22.0403, Entropy: 1.0872, Epsilon: 0.010
2026-04-19 01:31:47 | INFO | Episode 1767 - Reward: -200.000, Length: 200, Loss: 7.0616, Entropy: 1.0894, Epsilon: 0.010
2026-04-19 01:31:47 | INFO | Episode 1768 - Reward: -200.000, Length: 200, Loss: 4.6303, Entropy: 1.0910, Epsilon: 0.010
2026-04-19 01:31:47 | INFO | Episode 1769 - Reward: -200.000, Length: 200, Loss: 24.1943, Entropy: 1.0858, Epsilon: 0.010
2026-04-19 01:31:47 | INFO | Episode 1770 - Reward: -200.000, Length: 200, Loss: 9.5649, Entropy: 1.0860, Epsilon: 0.010
2026-04-19 01:31:48 | INFO | Episode 1771 - Reward: -200.000, Length: 200, Loss: 16.9822, Entropy: 1.0799, Epsilon: 0.010
2026-04-19 01:31:48 | INFO | Episode 1772 - Reward: -200.000, Length: 200, Loss: 14.7970, Entropy: 1.0898, Epsilon: 0.010
2026-04-19 01:31:48 | INFO | Episode 1773 - Reward: -200.000, Length: 200, Loss: 16.8782, Entropy: 1.0878, Epsilon: 0.010
2026-04-19 01:31:49 | INFO | Episode 1774 - Reward: -200.000, Length: 200, Loss: 19.4570, Entropy: 1.0582, Epsilon: 0.010
2026-04-19 01:31:49 | INFO | Episode 1775 - Reward: -200.000, Length: 200, Loss: 9.4800, Entropy: 1.0838, Epsilon: 0.010
2026-04-19 01:31:49 | INFO | Episode 1776 - Reward: -200.000, Length: 200, Loss: 7.7362, Entropy: 1.0920, Epsilon: 0.010
2026-04-19 01:31:50 | INFO | Episode 1777 - Reward: -200.000, Length: 200, Loss: 4.9454, Entropy: 1.0938, Epsilon: 0.010
2026-04-19 01:31:50 | INFO | Episode 1778 - Reward: -200.000, Length: 200, Loss: 12.7206, Entropy: 1.0794, Epsilon: 0.010
2026-04-19 01:31:50 | INFO | Episode 1779 - Reward: -200.000, Length: 200, Loss: 16.8001, Entropy: 1.0760, Epsilon: 0.010
2026-04-19 01:31:51 | INFO | Episode 1780 - Reward: -200.000, Length: 200, Loss: 7.4571, Entropy: 1.0941, Epsilon: 0.010
2026-04-19 01:31:51 | INFO | Episode 1781 - Reward: -200.000, Length: 200, Loss: 14.5102, Entropy: 1.0903, Epsilon: 0.010
2026-04-19 01:31:51 | INFO | Episode 1782 - Reward: -200.000, Length: 200, Loss: 12.3228, Entropy: 1.0848, Epsilon: 0.010
2026-04-19 01:31:52 | INFO | Episode 1783 - Reward: -200.000, Length: 200, Loss: 7.2576, Entropy: 1.0903, Epsilon: 0.010
2026-04-19 01:31:52 | INFO | Episode 1784 - Reward: -200.000, Length: 200, Loss: 19.2660, Entropy: 1.0806, Epsilon: 0.010
2026-04-19 01:31:52 | INFO | Episode 1785 - Reward: -200.000, Length: 200, Loss: 7.2273, Entropy: 1.0845, Epsilon: 0.010
2026-04-19 01:31:53 | INFO | Episode 1786 - Reward: -200.000, Length: 200, Loss: 12.3998, Entropy: 1.0902, Epsilon: 0.010
2026-04-19 01:31:53 | INFO | Episode 1787 - Reward: -200.000, Length: 200, Loss: 9.8716, Entropy: 1.0865, Epsilon: 0.010
2026-04-19 01:31:53 | INFO | Episode 1788 - Reward: -200.000, Length: 200, Loss: 9.7948, Entropy: 1.0970, Epsilon: 0.010
2026-04-19 01:31:53 | INFO | Episode 1789 - Reward: -200.000, Length: 200, Loss: 12.7921, Entropy: 1.0853, Epsilon: 0.010
2026-04-19 01:31:54 | INFO | Episode 1790 - Reward: -200.000, Length: 200, Loss: 12.7120, Entropy: 1.0872, Epsilon: 0.010
2026-04-19 01:31:54 | INFO | Episode 1791 - Reward: -200.000, Length: 200, Loss: 16.6580, Entropy: 1.0791, Epsilon: 0.010
2026-04-19 01:31:54 | INFO | Episode 1792 - Reward: -200.000, Length: 200, Loss: 12.2246, Entropy: 1.0876, Epsilon: 0.010
2026-04-19 01:31:55 | INFO | Episode 1793 - Reward: -200.000, Length: 200, Loss: 19.6289, Entropy: 1.0676, Epsilon: 0.010
2026-04-19 01:31:55 | INFO | Episode 1794 - Reward: -200.000, Length: 200, Loss: 2.4899, Entropy: 1.0948, Epsilon: 0.010
2026-04-19 01:31:55 | INFO | Episode 1795 - Reward: -200.000, Length: 200, Loss: 15.0380, Entropy: 1.0875, Epsilon: 0.010
2026-04-19 01:31:56 | INFO | Episode 1796 - Reward: -200.000, Length: 200, Loss: 22.0479, Entropy: 1.0861, Epsilon: 0.010
2026-04-19 01:31:56 | INFO | Episode 1797 - Reward: -200.000, Length: 200, Loss: 12.7480, Entropy: 1.0711, Epsilon: 0.010
2026-04-19 01:31:56 | INFO | Episode 1798 - Reward: -200.000, Length: 200, Loss: 11.9491, Entropy: 1.0906, Epsilon: 0.010
2026-04-19 01:31:57 | INFO | Episode 1799 - Reward: -200.000, Length: 200, Loss: 14.7504, Entropy: 1.0834, Epsilon: 0.010
2026-04-19 01:31:57 | INFO | Episode 1800 - Reward: -200.000, Length: 200, Loss: 9.7752, Entropy: 1.0759, Epsilon: 0.010
2026-04-19 01:32:02 | INFO | [Episode 1800] eps=0.010  avg_reward=-200.000  avg_length=200.00  avg_loss= 14.2030  avg_entropy=1.0759  eval_success=0.000
2026-04-19 01:32:02 | INFO | Episode 1801 - Reward: -200.000, Length: 200, Loss: 19.7185, Entropy: 1.0782, Epsilon: 0.010
2026-04-19 01:32:02 | INFO | Episode 1802 - Reward: -200.000, Length: 200, Loss: 10.1163, Entropy: 1.0947, Epsilon: 0.010
2026-04-19 01:32:03 | INFO | Episode 1803 - Reward: -200.000, Length: 200, Loss: 22.2351, Entropy: 1.0904, Epsilon: 0.010
2026-04-19 01:32:03 | INFO | Episode 1804 - Reward: -200.000, Length: 200, Loss: 2.5816, Entropy: 1.0896, Epsilon: 0.010
2026-04-19 01:32:03 | INFO | Episode 1805 - Reward: -200.000, Length: 200, Loss: 14.6859, Entropy: 1.0934, Epsilon: 0.010
2026-04-19 01:32:03 | INFO | Episode 1806 - Reward: -200.000, Length: 200, Loss: 9.9747, Entropy: 1.0879, Epsilon: 0.010
2026-04-19 01:32:04 | INFO | Episode 1807 - Reward: -200.000, Length: 200, Loss: 9.8495, Entropy: 1.0869, Epsilon: 0.010
2026-04-19 01:32:04 | INFO | Episode 1808 - Reward: -200.000, Length: 200, Loss: 11.9170, Entropy: 1.0868, Epsilon: 0.010
2026-04-19 01:32:04 | INFO | Episode 1809 - Reward: -200.000, Length: 200, Loss: 24.9377, Entropy: 1.0772, Epsilon: 0.010
2026-04-19 01:32:05 | INFO | Episode 1810 - Reward: -200.000, Length: 200, Loss: 12.4415, Entropy: 1.0839, Epsilon: 0.010
2026-04-19 01:32:05 | INFO | Episode 1811 - Reward: -200.000, Length: 200, Loss: 15.1859, Entropy: 1.0655, Epsilon: 0.010
2026-04-19 01:32:05 | INFO | Episode 1812 - Reward: -200.000, Length: 200, Loss: 7.8777, Entropy: 1.0699, Epsilon: 0.010
2026-04-19 01:32:06 | INFO | Episode 1813 - Reward: -200.000, Length: 200, Loss: 9.6960, Entropy: 1.0901, Epsilon: 0.010
2026-04-19 01:32:06 | INFO | Episode 1814 - Reward: -200.000, Length: 200, Loss: 12.3039, Entropy: 1.0836, Epsilon: 0.010
2026-04-19 01:32:06 | INFO | Episode 1815 - Reward: -200.000, Length: 200, Loss: 17.4038, Entropy: 1.0831, Epsilon: 0.010
2026-04-19 01:32:07 | INFO | Episode 1816 - Reward: -200.000, Length: 200, Loss: 11.8741, Entropy: 1.0885, Epsilon: 0.010
2026-04-19 01:32:07 | INFO | Episode 1817 - Reward: -200.000, Length: 200, Loss: 12.5444, Entropy: 1.0857, Epsilon: 0.010
2026-04-19 01:32:07 | INFO | Episode 1818 - Reward: -200.000, Length: 200, Loss: 7.5888, Entropy: 1.0861, Epsilon: 0.010
2026-04-19 01:32:08 | INFO | Episode 1819 - Reward: -200.000, Length: 200, Loss: 14.8358, Entropy: 1.0894, Epsilon: 0.010
2026-04-19 01:32:08 | INFO | Episode 1820 - Reward: -200.000, Length: 200, Loss: 4.8784, Entropy: 1.0947, Epsilon: 0.010
2026-04-19 01:32:08 | INFO | Episode 1821 - Reward: -200.000, Length: 200, Loss: 5.0855, Entropy: 1.0941, Epsilon: 0.010
2026-04-19 01:32:09 | INFO | Episode 1822 - Reward: -200.000, Length: 200, Loss: 7.5975, Entropy: 1.0933, Epsilon: 0.010
2026-04-19 01:32:09 | INFO | Episode 1823 - Reward: -200.000, Length: 200, Loss: 7.3855, Entropy: 1.0933, Epsilon: 0.010
2026-04-19 01:32:09 | INFO | Episode 1824 - Reward: -200.000, Length: 200, Loss: 12.4414, Entropy: 1.0695, Epsilon: 0.010
2026-04-19 01:32:10 | INFO | Episode 1825 - Reward: -200.000, Length: 200, Loss: 10.3186, Entropy: 1.0921, Epsilon: 0.010
2026-04-19 01:32:10 | INFO | Episode 1826 - Reward: -200.000, Length: 200, Loss: 16.0163, Entropy: 1.0806, Epsilon: 0.010
2026-04-19 01:32:10 | INFO | Episode 1827 - Reward: -200.000, Length: 200, Loss: 13.0717, Entropy: 1.0893, Epsilon: 0.010
2026-04-19 01:32:11 | INFO | Episode 1828 - Reward: -200.000, Length: 200, Loss: 23.8538, Entropy: 1.0831, Epsilon: 0.010
2026-04-19 01:32:11 | INFO | Episode 1829 - Reward: -200.000, Length: 200, Loss: 15.6758, Entropy: 1.0868, Epsilon: 0.010
2026-04-19 01:32:11 | INFO | Episode 1830 - Reward: -200.000, Length: 200, Loss: 10.2005, Entropy: 1.0926, Epsilon: 0.010
2026-04-19 01:32:11 | INFO | Episode 1831 - Reward: -200.000, Length: 200, Loss: 7.9525, Entropy: 1.0960, Epsilon: 0.010
2026-04-19 01:32:12 | INFO | Episode 1832 - Reward: -200.000, Length: 200, Loss: 12.7250, Entropy: 1.0877, Epsilon: 0.010
2026-04-19 01:32:12 | INFO | Episode 1833 - Reward: -200.000, Length: 200, Loss: 15.2631, Entropy: 1.0907, Epsilon: 0.010
2026-04-19 01:32:12 | INFO | Episode 1834 - Reward: -200.000, Length: 200, Loss: 12.5569, Entropy: 1.0957, Epsilon: 0.010
2026-04-19 01:32:13 | INFO | Episode 1835 - Reward: -200.000, Length: 200, Loss: 12.5878, Entropy: 1.0860, Epsilon: 0.010
2026-04-19 01:32:13 | INFO | Episode 1836 - Reward: -200.000, Length: 200, Loss: 17.2371, Entropy: 1.0870, Epsilon: 0.010
2026-04-19 01:32:13 | INFO | Episode 1837 - Reward: -200.000, Length: 200, Loss: 24.8466, Entropy: 1.0772, Epsilon: 0.010
2026-04-19 01:32:14 | INFO | Episode 1838 - Reward: -200.000, Length: 200, Loss: 12.3846, Entropy: 1.0951, Epsilon: 0.010
2026-04-19 01:32:14 | INFO | Episode 1839 - Reward: -200.000, Length: 200, Loss: 12.5760, Entropy: 1.0897, Epsilon: 0.010
2026-04-19 01:32:14 | INFO | Episode 1840 - Reward: -200.000, Length: 200, Loss: 4.9869, Entropy: 1.0953, Epsilon: 0.010
2026-04-19 01:32:15 | INFO | Episode 1841 - Reward: -200.000, Length: 200, Loss: 2.3742, Entropy: 1.0963, Epsilon: 0.010
2026-04-19 01:32:15 | INFO | Episode 1842 - Reward: -200.000, Length: 200, Loss: 10.6142, Entropy: 1.0898, Epsilon: 0.010
2026-04-19 01:32:15 | INFO | Episode 1843 - Reward: -200.000, Length: 200, Loss: 19.9615, Entropy: 1.0792, Epsilon: 0.010
2026-04-19 01:32:16 | INFO | Episode 1844 - Reward: -200.000, Length: 200, Loss: 18.1114, Entropy: 1.0802, Epsilon: 0.010
2026-04-19 01:32:16 | INFO | Episode 1845 - Reward: -200.000, Length: 200, Loss: 7.5178, Entropy: 1.0929, Epsilon: 0.010
2026-04-19 01:32:16 | INFO | Episode 1846 - Reward: -200.000, Length: 200, Loss: 25.3980, Entropy: 1.0877, Epsilon: 0.010
2026-04-19 01:32:17 | INFO | Episode 1847 - Reward: -200.000, Length: 200, Loss: 12.4773, Entropy: 1.0942, Epsilon: 0.010
2026-04-19 01:32:17 | INFO | Episode 1848 - Reward: -200.000, Length: 200, Loss: 9.5463, Entropy: 1.0835, Epsilon: 0.010
2026-04-19 01:32:17 | INFO | Episode 1849 - Reward: -200.000, Length: 200, Loss: 9.9936, Entropy: 1.0869, Epsilon: 0.010
2026-04-19 01:32:18 | INFO | Episode 1850 - Reward: -200.000, Length: 200, Loss: 7.3802, Entropy: 1.0925, Epsilon: 0.010
2026-04-19 01:32:18 | INFO | Episode 1851 - Reward: -200.000, Length: 200, Loss: 20.5436, Entropy: 1.0863, Epsilon: 0.010
2026-04-19 01:32:18 | INFO | Episode 1852 - Reward: -200.000, Length: 200, Loss: 25.3021, Entropy: 1.0883, Epsilon: 0.010
2026-04-19 01:32:19 | INFO | Episode 1853 - Reward: -200.000, Length: 200, Loss: 12.6339, Entropy: 1.0903, Epsilon: 0.010
2026-04-19 01:32:19 | INFO | Episode 1854 - Reward: -200.000, Length: 200, Loss: 17.4623, Entropy: 1.0795, Epsilon: 0.010
2026-04-19 01:32:19 | INFO | Episode 1855 - Reward: -200.000, Length: 200, Loss: 4.9891, Entropy: 1.0837, Epsilon: 0.010
2026-04-19 01:32:20 | INFO | Episode 1856 - Reward: -200.000, Length: 200, Loss: 15.6010, Entropy: 1.0901, Epsilon: 0.010
2026-04-19 01:32:20 | INFO | Episode 1857 - Reward: -200.000, Length: 200, Loss: 15.2652, Entropy: 1.0857, Epsilon: 0.010
2026-04-19 01:32:20 | INFO | Episode 1858 - Reward: -200.000, Length: 200, Loss: 20.8083, Entropy: 1.0767, Epsilon: 0.010
2026-04-19 01:32:20 | INFO | Episode 1859 - Reward: -200.000, Length: 200, Loss: 17.4735, Entropy: 1.0870, Epsilon: 0.010
2026-04-19 01:32:21 | INFO | Episode 1860 - Reward: -200.000, Length: 200, Loss: 20.4142, Entropy: 1.0820, Epsilon: 0.010
2026-04-19 01:32:21 | INFO | Episode 1861 - Reward: -200.000, Length: 200, Loss: 4.9091, Entropy: 1.0928, Epsilon: 0.010
2026-04-19 01:32:21 | INFO | Episode 1862 - Reward: -200.000, Length: 200, Loss: 12.6136, Entropy: 1.0925, Epsilon: 0.010
2026-04-19 01:32:22 | INFO | Episode 1863 - Reward: -200.000, Length: 200, Loss: 12.9725, Entropy: 1.0849, Epsilon: 0.010
2026-04-19 01:32:22 | INFO | Episode 1864 - Reward: -200.000, Length: 200, Loss: 17.9318, Entropy: 1.0780, Epsilon: 0.010
2026-04-19 01:32:22 | INFO | Episode 1865 - Reward: -200.000, Length: 200, Loss: 7.6300, Entropy: 1.0918, Epsilon: 0.010
2026-04-19 01:32:23 | INFO | Episode 1866 - Reward: -200.000, Length: 200, Loss: 7.9047, Entropy: 1.0909, Epsilon: 0.010
2026-04-19 01:32:23 | INFO | Episode 1867 - Reward: -200.000, Length: 200, Loss: 15.2618, Entropy: 1.0904, Epsilon: 0.010
2026-04-19 01:32:23 | INFO | Episode 1868 - Reward: -200.000, Length: 200, Loss: 18.1800, Entropy: 1.0853, Epsilon: 0.010
2026-04-19 01:32:24 | INFO | Episode 1869 - Reward: -200.000, Length: 200, Loss: 2.5503, Entropy: 1.0958, Epsilon: 0.010
2026-04-19 01:32:24 | INFO | Episode 1870 - Reward: -200.000, Length: 200, Loss: 13.0087, Entropy: 1.0926, Epsilon: 0.010
2026-04-19 01:32:24 | INFO | Episode 1871 - Reward: -200.000, Length: 200, Loss: 18.5468, Entropy: 1.0892, Epsilon: 0.010
2026-04-19 01:32:25 | INFO | Episode 1872 - Reward: -200.000, Length: 200, Loss: 15.9720, Entropy: 1.0852, Epsilon: 0.010
2026-04-19 01:32:25 | INFO | Episode 1873 - Reward: -200.000, Length: 200, Loss: 12.8218, Entropy: 1.0876, Epsilon: 0.010
2026-04-19 01:32:25 | INFO | Episode 1874 - Reward: -200.000, Length: 200, Loss: 10.5512, Entropy: 1.0751, Epsilon: 0.010
2026-04-19 01:32:26 | INFO | Episode 1875 - Reward: -200.000, Length: 200, Loss: 21.4035, Entropy: 1.0927, Epsilon: 0.010
2026-04-19 01:32:26 | INFO | Episode 1876 - Reward: -200.000, Length: 200, Loss: 7.9569, Entropy: 1.0941, Epsilon: 0.010
2026-04-19 01:32:26 | INFO | Episode 1877 - Reward: -200.000, Length: 200, Loss: 16.1446, Entropy: 1.0859, Epsilon: 0.010
2026-04-19 01:32:27 | INFO | Episode 1878 - Reward: -200.000, Length: 200, Loss: 24.4774, Entropy: 1.0913, Epsilon: 0.010
2026-04-19 01:32:27 | INFO | Episode 1879 - Reward: -200.000, Length: 200, Loss: 21.6638, Entropy: 1.0919, Epsilon: 0.010
2026-04-19 01:32:27 | INFO | Episode 1880 - Reward: -200.000, Length: 200, Loss: 8.4479, Entropy: 1.0728, Epsilon: 0.010
2026-04-19 01:32:27 | INFO | Episode 1881 - Reward: -200.000, Length: 200, Loss: 16.6985, Entropy: 1.0755, Epsilon: 0.010
2026-04-19 01:32:28 | INFO | Episode 1882 - Reward: -200.000, Length: 200, Loss: 8.2067, Entropy: 1.0959, Epsilon: 0.010
2026-04-19 01:32:28 | INFO | Episode 1883 - Reward: -200.000, Length: 200, Loss: 11.0073, Entropy: 1.0867, Epsilon: 0.010
2026-04-19 01:32:28 | INFO | Episode 1884 - Reward: -200.000, Length: 200, Loss: 2.6478, Entropy: 1.0949, Epsilon: 0.010
2026-04-19 01:32:29 | INFO | Episode 1885 - Reward: -200.000, Length: 200, Loss: 19.4494, Entropy: 1.0873, Epsilon: 0.010
2026-04-19 01:32:29 | INFO | Episode 1886 - Reward: -200.000, Length: 200, Loss: 16.8320, Entropy: 1.0806, Epsilon: 0.010
2026-04-19 01:32:29 | INFO | Episode 1887 - Reward: -200.000, Length: 200, Loss: 5.6015, Entropy: 1.0951, Epsilon: 0.010
2026-04-19 01:32:30 | INFO | Episode 1888 - Reward: -200.000, Length: 200, Loss: 8.1348, Entropy: 1.0907, Epsilon: 0.010
2026-04-19 01:32:30 | INFO | Episode 1889 - Reward: -200.000, Length: 200, Loss: 14.0508, Entropy: 1.0917, Epsilon: 0.010
2026-04-19 01:32:30 | INFO | Episode 1890 - Reward: -200.000, Length: 200, Loss: 13.8818, Entropy: 1.0846, Epsilon: 0.010
2026-04-19 01:32:31 | INFO | Episode 1891 - Reward: -200.000, Length: 200, Loss: 16.8014, Entropy: 1.0862, Epsilon: 0.010
2026-04-19 01:32:31 | INFO | Episode 1892 - Reward: -200.000, Length: 200, Loss: 14.1151, Entropy: 1.0719, Epsilon: 0.010
2026-04-19 01:32:31 | INFO | Episode 1893 - Reward: -200.000, Length: 200, Loss: 17.0731, Entropy: 1.0843, Epsilon: 0.010
2026-04-19 01:32:32 | INFO | Episode 1894 - Reward: -200.000, Length: 200, Loss: 10.7261, Entropy: 1.0823, Epsilon: 0.010
2026-04-19 01:32:32 | INFO | Episode 1895 - Reward: -200.000, Length: 200, Loss: 16.0236, Entropy: 1.0892, Epsilon: 0.010
2026-04-19 01:32:32 | INFO | Episode 1896 - Reward: -200.000, Length: 200, Loss: 24.8032, Entropy: 1.0755, Epsilon: 0.010
2026-04-19 01:32:32 | INFO | Episode 1897 - Reward: -200.000, Length: 200, Loss: 10.6457, Entropy: 1.0876, Epsilon: 0.010
2026-04-19 01:32:33 | INFO | Episode 1898 - Reward: -200.000, Length: 200, Loss: 16.0966, Entropy: 1.0745, Epsilon: 0.010
2026-04-19 01:32:33 | INFO | Episode 1899 - Reward: -200.000, Length: 200, Loss: 8.0640, Entropy: 1.0789, Epsilon: 0.010
2026-04-19 01:32:33 | INFO | Episode 1900 - Reward: -200.000, Length: 200, Loss: 18.4543, Entropy: 1.0723, Epsilon: 0.010
2026-04-19 01:32:38 | INFO | [Episode 1900] eps=0.010  avg_reward=-200.000  avg_length=200.00  avg_loss= 13.4154  avg_entropy=1.0723  eval_success=0.000
2026-04-19 01:32:39 | INFO | Episode 1901 - Reward: -200.000, Length: 200, Loss: 15.4844, Entropy: 1.0677, Epsilon: 0.010
2026-04-19 01:32:39 | INFO | Episode 1902 - Reward: -200.000, Length: 200, Loss: 15.8152, Entropy: 1.0841, Epsilon: 0.010
2026-04-19 01:32:39 | INFO | Episode 1903 - Reward: -200.000, Length: 200, Loss: 15.8724, Entropy: 1.0900, Epsilon: 0.010
2026-04-19 01:32:40 | INFO | Episode 1904 - Reward: -200.000, Length: 200, Loss: 20.9337, Entropy: 1.0839, Epsilon: 0.010
2026-04-19 01:32:40 | INFO | Episode 1905 - Reward: -200.000, Length: 200, Loss: 15.6509, Entropy: 1.0862, Epsilon: 0.010
2026-04-19 01:32:40 | INFO | Episode 1906 - Reward: -200.000, Length: 200, Loss: 7.6667, Entropy: 1.0918, Epsilon: 0.010
2026-04-19 01:32:41 | INFO | Episode 1907 - Reward: -200.000, Length: 200, Loss: 7.8773, Entropy: 1.0926, Epsilon: 0.010
2026-04-19 01:32:41 | INFO | Episode 1908 - Reward: -200.000, Length: 200, Loss: 13.1602, Entropy: 1.0908, Epsilon: 0.010
2026-04-19 01:32:41 | INFO | Episode 1909 - Reward: -200.000, Length: 200, Loss: 16.0080, Entropy: 1.0816, Epsilon: 0.010
2026-04-19 01:32:41 | INFO | Episode 1910 - Reward: -200.000, Length: 200, Loss: 10.7125, Entropy: 1.0855, Epsilon: 0.010
2026-04-19 01:32:42 | INFO | Episode 1911 - Reward: -200.000, Length: 200, Loss: 10.8084, Entropy: 1.0882, Epsilon: 0.010
2026-04-19 01:32:42 | INFO | Episode 1912 - Reward: -200.000, Length: 200, Loss: 26.5170, Entropy: 1.0636, Epsilon: 0.010
2026-04-19 01:32:42 | INFO | Episode 1913 - Reward: -200.000, Length: 200, Loss: -0.0705, Entropy: 1.0948, Epsilon: 0.010
2026-04-19 01:32:43 | INFO | Episode 1914 - Reward: -200.000, Length: 200, Loss: 10.5940, Entropy: 1.0923, Epsilon: 0.010
2026-04-19 01:32:43 | INFO | Episode 1915 - Reward: -200.000, Length: 200, Loss: 8.2532, Entropy: 1.0896, Epsilon: 0.010
2026-04-19 01:32:43 | INFO | Episode 1916 - Reward: -200.000, Length: 200, Loss: 16.3903, Entropy: 1.0782, Epsilon: 0.010
2026-04-19 01:32:44 | INFO | Episode 1917 - Reward: -200.000, Length: 200, Loss: 2.5729, Entropy: 1.0955, Epsilon: 0.010
2026-04-19 01:32:44 | INFO | Episode 1918 - Reward: -200.000, Length: 200, Loss: 14.1216, Entropy: 1.0877, Epsilon: 0.010
2026-04-19 01:32:44 | INFO | Episode 1919 - Reward: -200.000, Length: 200, Loss: 14.0531, Entropy: 1.0757, Epsilon: 0.010
2026-04-19 01:32:45 | INFO | Episode 1920 - Reward: -200.000, Length: 200, Loss: 10.9914, Entropy: 1.0938, Epsilon: 0.010
2026-04-19 01:32:45 | INFO | Episode 1921 - Reward: -200.000, Length: 200, Loss: 8.3433, Entropy: 1.0926, Epsilon: 0.010
2026-04-19 01:32:45 | INFO | Episode 1922 - Reward: -200.000, Length: 200, Loss: 16.8222, Entropy: 1.0862, Epsilon: 0.010
2026-04-19 01:32:46 | INFO | Episode 1923 - Reward: -200.000, Length: 200, Loss: 16.7517, Entropy: 1.0816, Epsilon: 0.010
2026-04-19 01:32:46 | INFO | Episode 1924 - Reward: -200.000, Length: 200, Loss: 14.0023, Entropy: 1.0879, Epsilon: 0.010
2026-04-19 01:32:46 | INFO | Episode 1925 - Reward: -200.000, Length: 200, Loss: 14.2937, Entropy: 1.0880, Epsilon: 0.010
2026-04-19 01:32:47 | INFO | Episode 1926 - Reward: -200.000, Length: 200, Loss: 22.2802, Entropy: 1.0826, Epsilon: 0.010
2026-04-19 01:32:47 | INFO | Episode 1927 - Reward: -200.000, Length: 200, Loss: 16.5484, Entropy: 1.0853, Epsilon: 0.010
2026-04-19 01:32:47 | INFO | Episode 1928 - Reward: -200.000, Length: 200, Loss: 11.1793, Entropy: 1.0843, Epsilon: 0.010
2026-04-19 01:32:48 | INFO | Episode 1929 - Reward: -200.000, Length: 200, Loss: 17.1806, Entropy: 1.0766, Epsilon: 0.010
2026-04-19 01:32:48 | INFO | Episode 1930 - Reward: -200.000, Length: 200, Loss: 5.5121, Entropy: 1.0944, Epsilon: 0.010
2026-04-19 01:32:48 | INFO | Episode 1931 - Reward: -200.000, Length: 200, Loss: 14.2429, Entropy: 1.0913, Epsilon: 0.010
2026-04-19 01:32:48 | INFO | Episode 1932 - Reward: -200.000, Length: 200, Loss: 14.5619, Entropy: 1.0903, Epsilon: 0.010
2026-04-19 01:32:49 | INFO | Episode 1933 - Reward: -200.000, Length: 200, Loss: 8.2696, Entropy: 1.0839, Epsilon: 0.010
2026-04-19 01:32:49 | INFO | Episode 1934 - Reward: -200.000, Length: 200, Loss: 8.9378, Entropy: 1.0864, Epsilon: 0.010
2026-04-19 01:32:49 | INFO | Episode 1935 - Reward: -200.000, Length: 200, Loss: 5.7789, Entropy: 1.0938, Epsilon: 0.010
2026-04-19 01:32:50 | INFO | Episode 1936 - Reward: -200.000, Length: 200, Loss: 11.6498, Entropy: 1.0852, Epsilon: 0.010
2026-04-19 01:32:50 | INFO | Episode 1937 - Reward: -200.000, Length: 200, Loss: 9.0218, Entropy: 1.0918, Epsilon: 0.010
2026-04-19 01:32:50 | INFO | Episode 1938 - Reward: -200.000, Length: 200, Loss: 18.0120, Entropy: 1.0692, Epsilon: 0.010
2026-04-19 01:32:51 | INFO | Episode 1939 - Reward: -200.000, Length: 200, Loss: 17.6047, Entropy: 1.0837, Epsilon: 0.010
2026-04-19 01:32:51 | INFO | Episode 1940 - Reward: -200.000, Length: 200, Loss: 8.9104, Entropy: 1.0835, Epsilon: 0.010
2026-04-19 01:32:51 | INFO | Episode 1941 - Reward: -200.000, Length: 200, Loss: 8.9500, Entropy: 1.0843, Epsilon: 0.010
2026-04-19 01:32:52 | INFO | Episode 1942 - Reward: -200.000, Length: 200, Loss: 35.6224, Entropy: 1.0594, Epsilon: 0.010
2026-04-19 01:32:52 | INFO | Episode 1943 - Reward: -200.000, Length: 200, Loss: 6.0970, Entropy: 1.0659, Epsilon: 0.010
2026-04-19 01:32:52 | INFO | Episode 1944 - Reward: -200.000, Length: 200, Loss: 6.0691, Entropy: 1.0940, Epsilon: 0.010
2026-04-19 01:32:53 | INFO | Episode 1945 - Reward: -200.000, Length: 200, Loss: 27.2066, Entropy: 1.0814, Epsilon: 0.010
2026-04-19 01:32:53 | INFO | Episode 1946 - Reward: -200.000, Length: 200, Loss: 8.9696, Entropy: 1.0917, Epsilon: 0.010
2026-04-19 01:32:53 | INFO | Episode 1947 - Reward: -200.000, Length: 200, Loss: 8.6194, Entropy: 1.0937, Epsilon: 0.010
2026-04-19 01:32:54 | INFO | Episode 1948 - Reward: -200.000, Length: 200, Loss: 11.8250, Entropy: 1.0883, Epsilon: 0.010
2026-04-19 01:32:54 | INFO | Episode 1949 - Reward: -200.000, Length: 200, Loss: 24.3623, Entropy: 1.0731, Epsilon: 0.010
2026-04-19 01:32:54 | INFO | Episode 1950 - Reward: -200.000, Length: 200, Loss: 17.7858, Entropy: 1.0872, Epsilon: 0.010
2026-04-19 01:32:54 | INFO | Episode 1951 - Reward: -200.000, Length: 200, Loss: 18.3567, Entropy: 1.0855, Epsilon: 0.010
2026-04-19 01:32:55 | INFO | Episode 1952 - Reward: -200.000, Length: 200, Loss: 11.9727, Entropy: 1.0836, Epsilon: 0.010
2026-04-19 01:32:55 | INFO | Episode 1953 - Reward: -200.000, Length: 200, Loss: 5.9034, Entropy: 1.0931, Epsilon: 0.010
2026-04-19 01:32:55 | INFO | Episode 1954 - Reward: -200.000, Length: 200, Loss: 15.0999, Entropy: 1.0868, Epsilon: 0.010
2026-04-19 01:32:56 | INFO | Episode 1955 - Reward: -200.000, Length: 200, Loss: 12.0926, Entropy: 1.0887, Epsilon: 0.010
2026-04-19 01:32:56 | INFO | Episode 1956 - Reward: -200.000, Length: 200, Loss: 15.3070, Entropy: 1.0772, Epsilon: 0.010
2026-04-19 01:32:56 | INFO | Episode 1957 - Reward: -200.000, Length: 200, Loss: 21.3497, Entropy: 1.0465, Epsilon: 0.010
2026-04-19 01:32:57 | INFO | Episode 1958 - Reward: -200.000, Length: 200, Loss: 17.6443, Entropy: 1.0720, Epsilon: 0.010
2026-04-19 01:32:57 | INFO | Episode 1959 - Reward: -200.000, Length: 200, Loss: 15.2568, Entropy: 1.0921, Epsilon: 0.010
2026-04-19 01:32:57 | INFO | Episode 1960 - Reward: -200.000, Length: 200, Loss: 18.1697, Entropy: 1.0723, Epsilon: 0.010
2026-04-19 01:32:58 | INFO | Episode 1961 - Reward: -200.000, Length: 200, Loss: 12.4275, Entropy: 1.0913, Epsilon: 0.010
2026-04-19 01:32:58 | INFO | Episode 1962 - Reward: -200.000, Length: 200, Loss: -0.1053, Entropy: 1.0978, Epsilon: 0.010
2026-04-19 01:32:58 | INFO | Episode 1963 - Reward: -200.000, Length: 200, Loss: 14.7413, Entropy: 1.0723, Epsilon: 0.010
2026-04-19 01:32:59 | INFO | Episode 1964 - Reward: -200.000, Length: 200, Loss: 8.8154, Entropy: 1.0705, Epsilon: 0.010
2026-04-19 01:32:59 | INFO | Episode 1965 - Reward: -200.000, Length: 200, Loss: 20.2230, Entropy: 1.0464, Epsilon: 0.010
2026-04-19 01:32:59 | INFO | Episode 1966 - Reward: -200.000, Length: 200, Loss: 29.6068, Entropy: 1.0719, Epsilon: 0.010
2026-04-19 01:33:00 | INFO | Episode 1967 - Reward: -200.000, Length: 200, Loss: 14.6793, Entropy: 1.0941, Epsilon: 0.010
2026-04-19 01:33:00 | INFO | Episode 1968 - Reward: -200.000, Length: 200, Loss: 23.6677, Entropy: 1.0796, Epsilon: 0.010
2026-04-19 01:33:00 | INFO | Episode 1969 - Reward: -200.000, Length: 200, Loss: 13.7999, Entropy: 1.0912, Epsilon: 0.010
2026-04-19 01:33:00 | INFO | Episode 1970 - Reward: -200.000, Length: 200, Loss: 11.1393, Entropy: 1.0918, Epsilon: 0.010
2026-04-19 01:33:01 | INFO | Episode 1971 - Reward: -200.000, Length: 200, Loss: 19.7730, Entropy: 1.0863, Epsilon: 0.010
2026-04-19 01:33:01 | INFO | Episode 1972 - Reward: -200.000, Length: 200, Loss: 33.1528, Entropy: 1.0833, Epsilon: 0.010
2026-04-19 01:33:01 | INFO | Episode 1973 - Reward: -200.000, Length: 200, Loss: 11.2065, Entropy: 1.0958, Epsilon: 0.010
2026-04-19 01:33:02 | INFO | Episode 1974 - Reward: -200.000, Length: 200, Loss: 19.6281, Entropy: 1.0781, Epsilon: 0.010
2026-04-19 01:33:02 | INFO | Episode 1975 - Reward: -200.000, Length: 200, Loss: 11.3394, Entropy: 1.0753, Epsilon: 0.010
2026-04-19 01:33:02 | INFO | Episode 1976 - Reward: -200.000, Length: 200, Loss: 8.6162, Entropy: 1.0829, Epsilon: 0.010
2026-04-19 01:33:03 | INFO | Episode 1977 - Reward: -200.000, Length: 200, Loss: 11.1924, Entropy: 1.0917, Epsilon: 0.010
2026-04-19 01:33:03 | INFO | Episode 1978 - Reward: -200.000, Length: 200, Loss: 19.6263, Entropy: 1.0867, Epsilon: 0.010
2026-04-19 01:33:03 | INFO | Episode 1979 - Reward: -200.000, Length: 200, Loss: 19.4106, Entropy: 1.0726, Epsilon: 0.010
2026-04-19 01:33:04 | INFO | Episode 1980 - Reward: -200.000, Length: 200, Loss: 11.0147, Entropy: 1.0822, Epsilon: 0.010
2026-04-19 01:33:04 | INFO | Episode 1981 - Reward: -200.000, Length: 200, Loss: 2.5845, Entropy: 1.0922, Epsilon: 0.010
2026-04-19 01:33:04 | INFO | Episode 1982 - Reward: -200.000, Length: 200, Loss: 10.8893, Entropy: 1.0899, Epsilon: 0.010
2026-04-19 01:33:05 | INFO | Episode 1983 - Reward: -200.000, Length: 200, Loss: 8.2337, Entropy: 1.0688, Epsilon: 0.010
2026-04-19 01:33:05 | INFO | Episode 1984 - Reward: -200.000, Length: 200, Loss: 19.4426, Entropy: 1.0915, Epsilon: 0.010
2026-04-19 01:33:05 | INFO | Episode 1985 - Reward: -200.000, Length: 200, Loss: 8.1899, Entropy: 1.0931, Epsilon: 0.010
2026-04-19 01:33:05 | INFO | Episode 1986 - Reward: -200.000, Length: 200, Loss: 19.8845, Entropy: 1.0835, Epsilon: 0.010
2026-04-19 01:33:06 | INFO | Episode 1987 - Reward: -200.000, Length: 200, Loss: 8.5424, Entropy: 1.0881, Epsilon: 0.010
2026-04-19 01:33:06 | INFO | Episode 1988 - Reward: -200.000, Length: 200, Loss: 19.5951, Entropy: 1.0836, Epsilon: 0.010
2026-04-19 01:33:06 | INFO | Episode 1989 - Reward: -200.000, Length: 200, Loss: 17.1083, Entropy: 1.0880, Epsilon: 0.010
2026-04-19 01:33:07 | INFO | Episode 1990 - Reward: -200.000, Length: 200, Loss: 10.9068, Entropy: 1.0846, Epsilon: 0.010
2026-04-19 01:33:07 | INFO | Episode 1991 - Reward: -200.000, Length: 200, Loss: 11.2338, Entropy: 1.0834, Epsilon: 0.010
2026-04-19 01:33:07 | INFO | Episode 1992 - Reward: -200.000, Length: 200, Loss: 8.3675, Entropy: 1.0905, Epsilon: 0.010
2026-04-19 01:33:08 | INFO | Episode 1993 - Reward: -200.000, Length: 200, Loss: 11.2587, Entropy: 1.0912, Epsilon: 0.010
2026-04-19 01:33:08 | INFO | Episode 1994 - Reward: -200.000, Length: 200, Loss: 19.6034, Entropy: 1.0846, Epsilon: 0.010
2026-04-19 01:33:08 | INFO | Episode 1995 - Reward: -200.000, Length: 200, Loss: 16.6135, Entropy: 1.0877, Epsilon: 0.010
2026-04-19 01:33:09 | INFO | Episode 1996 - Reward: -200.000, Length: 200, Loss: 10.8961, Entropy: 1.0867, Epsilon: 0.010
2026-04-19 01:33:09 | INFO | Episode 1997 - Reward: -200.000, Length: 200, Loss: 10.8536, Entropy: 1.0822, Epsilon: 0.010
2026-04-19 01:33:09 | INFO | Episode 1998 - Reward: -200.000, Length: 200, Loss: 8.1793, Entropy: 1.0885, Epsilon: 0.010
2026-04-19 01:33:09 | INFO | Episode 1999 - Reward: -200.000, Length: 200, Loss: 11.1286, Entropy: 1.0797, Epsilon: 0.010
2026-04-19 01:33:10 | INFO | Episode 2000 - Reward: -200.000, Length: 200, Loss: 8.3467, Entropy: 1.0684, Epsilon: 0.010
2026-04-19 01:33:15 | INFO | [Episode 2000] eps=0.010  avg_reward=-200.000  avg_length=200.00  avg_loss= 13.7579  avg_entropy=1.0684  eval_success=0.000
2026-04-19 01:33:15 | INFO | Episode 2001 - Reward: -200.000, Length: 200, Loss: 8.1675, Entropy: 1.0854, Epsilon: 0.010
2026-04-19 01:33:15 | INFO | Episode 2002 - Reward: -200.000, Length: 200, Loss: 14.0141, Entropy: 1.0881, Epsilon: 0.010
2026-04-19 01:33:15 | INFO | Episode 2003 - Reward: -200.000, Length: 200, Loss: 13.9957, Entropy: 1.0928, Epsilon: 0.010
2026-04-19 01:33:16 | INFO | Episode 2004 - Reward: -200.000, Length: 200, Loss: 13.9923, Entropy: 1.0861, Epsilon: 0.010
2026-04-19 01:33:16 | INFO | Episode 2005 - Reward: -200.000, Length: 200, Loss: 19.8903, Entropy: 1.0757, Epsilon: 0.010
2026-04-19 01:33:16 | INFO | Episode 2006 - Reward: -200.000, Length: 200, Loss: 22.3726, Entropy: 1.0831, Epsilon: 0.010
2026-04-19 01:33:17 | INFO | Episode 2007 - Reward: -200.000, Length: 200, Loss: 19.7725, Entropy: 1.0722, Epsilon: 0.010
2026-04-19 01:33:17 | INFO | Episode 2008 - Reward: -200.000, Length: 200, Loss: 17.1352, Entropy: 1.0565, Epsilon: 0.010
2026-04-19 01:33:17 | INFO | Episode 2009 - Reward: -200.000, Length: 200, Loss: 14.0157, Entropy: 1.0448, Epsilon: 0.010
2026-04-19 01:33:18 | INFO | Episode 2010 - Reward: -200.000, Length: 200, Loss: 22.4066, Entropy: 1.0752, Epsilon: 0.010
2026-04-19 01:33:18 | INFO | Episode 2011 - Reward: -200.000, Length: 200, Loss: 24.9277, Entropy: 1.0845, Epsilon: 0.010
2026-04-19 01:33:18 | INFO | Episode 2012 - Reward: -200.000, Length: 200, Loss: 8.3037, Entropy: 1.0829, Epsilon: 0.010
2026-04-19 01:33:19 | INFO | Episode 2013 - Reward: -200.000, Length: 200, Loss: 24.6091, Entropy: 1.0634, Epsilon: 0.010
2026-04-19 01:33:19 | INFO | Episode 2014 - Reward: -200.000, Length: 200, Loss: 24.8104, Entropy: 1.0816, Epsilon: 0.010
2026-04-19 01:33:19 | INFO | Episode 2015 - Reward: -200.000, Length: 200, Loss: 13.9125, Entropy: 1.0803, Epsilon: 0.010
2026-04-19 01:33:20 | INFO | Episode 2016 - Reward: -200.000, Length: 200, Loss: 16.6098, Entropy: 1.0864, Epsilon: 0.010
2026-04-19 01:33:20 | INFO | Episode 2017 - Reward: -200.000, Length: 200, Loss: 11.0087, Entropy: 1.0911, Epsilon: 0.010
2026-04-19 01:33:20 | INFO | Episode 2018 - Reward: -200.000, Length: 200, Loss: 19.5010, Entropy: 1.0871, Epsilon: 0.010
2026-04-19 01:33:21 | INFO | Episode 2019 - Reward: -200.000, Length: 200, Loss: 8.3068, Entropy: 1.0928, Epsilon: 0.010
2026-04-19 01:33:21 | INFO | Episode 2020 - Reward: -200.000, Length: 200, Loss: 13.7769, Entropy: 1.0934, Epsilon: 0.010
2026-04-19 01:33:21 | INFO | Episode 2021 - Reward: -200.000, Length: 200, Loss: 18.9180, Entropy: 1.0933, Epsilon: 0.010
2026-04-19 01:33:22 | INFO | Episode 2022 - Reward: -200.000, Length: 200, Loss: 10.8409, Entropy: 1.0924, Epsilon: 0.010
2026-04-19 01:33:22 | INFO | Episode 2023 - Reward: -200.000, Length: 200, Loss: 27.2603, Entropy: 1.0900, Epsilon: 0.010
2026-04-19 01:33:22 | INFO | Episode 2024 - Reward: -200.000, Length: 200, Loss: 13.3896, Entropy: 1.0720, Epsilon: 0.010
2026-04-19 01:33:22 | INFO | Episode 2025 - Reward: -200.000, Length: 200, Loss: 15.7486, Entropy: 1.0729, Epsilon: 0.010
2026-04-19 01:33:23 | INFO | Episode 2026 - Reward: -200.000, Length: 200, Loss: 10.5813, Entropy: 1.0956, Epsilon: 0.010
2026-04-19 01:33:23 | INFO | Episode 2027 - Reward: -200.000, Length: 200, Loss: 15.6153, Entropy: 1.0856, Epsilon: 0.010
2026-04-19 01:33:23 | INFO | Episode 2028 - Reward: -200.000, Length: 200, Loss: 21.0959, Entropy: 1.0545, Epsilon: 0.010
2026-04-19 01:33:24 | INFO | Episode 2029 - Reward: -200.000, Length: 200, Loss: 26.5320, Entropy: 1.0381, Epsilon: 0.010
2026-04-19 01:33:24 | INFO | Episode 2030 - Reward: -200.000, Length: 200, Loss: 13.0376, Entropy: 1.0795, Epsilon: 0.010
2026-04-19 01:33:24 | INFO | Episode 2031 - Reward: -200.000, Length: 200, Loss: 15.8755, Entropy: 1.0920, Epsilon: 0.010
2026-04-19 01:33:25 | INFO | Episode 2032 - Reward: -200.000, Length: 200, Loss: 15.7890, Entropy: 1.0852, Epsilon: 0.010
2026-04-19 01:33:25 | INFO | Episode 2033 - Reward: -200.000, Length: 200, Loss: 18.6754, Entropy: 1.0933, Epsilon: 0.010
2026-04-19 01:33:25 | INFO | Episode 2034 - Reward: -200.000, Length: 200, Loss: 13.0753, Entropy: 1.0951, Epsilon: 0.010
2026-04-19 01:33:26 | INFO | Episode 2035 - Reward: -200.000, Length: 200, Loss: 25.9661, Entropy: 1.0787, Epsilon: 0.010
2026-04-19 01:33:26 | INFO | Episode 2036 - Reward: -200.000, Length: 200, Loss: 2.5721, Entropy: 1.0883, Epsilon: 0.010
2026-04-19 01:33:26 | INFO | Episode 2037 - Reward: -200.000, Length: 200, Loss: 7.5893, Entropy: 1.0947, Epsilon: 0.010
2026-04-19 01:33:27 | INFO | Episode 2038 - Reward: -200.000, Length: 200, Loss: 12.5544, Entropy: 1.0815, Epsilon: 0.010
2026-04-19 01:33:27 | INFO | Episode 2039 - Reward: -200.000, Length: 200, Loss: 7.6383, Entropy: 1.0974, Epsilon: 0.010
2026-04-19 01:33:27 | INFO | Episode 2040 - Reward: -200.000, Length: 200, Loss: 12.5026, Entropy: 1.0721, Epsilon: 0.010
2026-04-19 01:33:28 | INFO | Episode 2041 - Reward: -200.000, Length: 200, Loss: 5.0140, Entropy: 1.0801, Epsilon: 0.010
2026-04-19 01:33:28 | INFO | Episode 2042 - Reward: -200.000, Length: 200, Loss: 10.2340, Entropy: 1.0915, Epsilon: 0.010
2026-04-19 01:33:28 | INFO | Episode 2043 - Reward: -200.000, Length: 200, Loss: 12.8808, Entropy: 1.0896, Epsilon: 0.010
2026-04-19 01:33:29 | INFO | Episode 2044 - Reward: -200.000, Length: 200, Loss: 12.6067, Entropy: 1.0718, Epsilon: 0.010
2026-04-19 01:33:29 | INFO | Episode 2045 - Reward: -200.000, Length: 200, Loss: 22.9810, Entropy: 1.0443, Epsilon: 0.010
2026-04-19 01:33:31 | INFO | Episode 2046 - Reward: -200.000, Length: 200, Loss: 7.5188, Entropy: 1.0824, Epsilon: 0.010
2026-04-19 01:33:31 | INFO | Episode 2047 - Reward: -200.000, Length: 200, Loss: 22.5965, Entropy: 1.0852, Epsilon: 0.010
2026-04-19 01:33:31 | INFO | Episode 2048 - Reward: -200.000, Length: 200, Loss: 17.6262, Entropy: 1.0915, Epsilon: 0.010
2026-04-19 01:33:32 | INFO | Episode 2049 - Reward: -200.000, Length: 200, Loss: 7.5779, Entropy: 1.0949, Epsilon: 0.010
2026-04-19 01:33:32 | INFO | Episode 2050 - Reward: -200.000, Length: 200, Loss: 9.9912, Entropy: 1.0937, Epsilon: 0.010
2026-04-19 01:33:32 | INFO | Episode 2051 - Reward: -200.000, Length: 200, Loss: 7.5577, Entropy: 1.0917, Epsilon: 0.010
2026-04-19 01:33:32 | INFO | Episode 2052 - Reward: -200.000, Length: 200, Loss: 17.6733, Entropy: 1.0770, Epsilon: 0.010
2026-04-19 01:33:33 | INFO | Episode 2053 - Reward: -200.000, Length: 200, Loss: 24.8767, Entropy: 1.0853, Epsilon: 0.010
2026-04-19 01:33:33 | INFO | Episode 2054 - Reward: -200.000, Length: 200, Loss: 7.4449, Entropy: 1.0957, Epsilon: 0.010
2026-04-19 01:33:33 | INFO | Episode 2055 - Reward: -200.000, Length: 200, Loss: 7.3972, Entropy: 1.0941, Epsilon: 0.010
2026-04-19 01:33:34 | INFO | Episode 2056 - Reward: -200.000, Length: 200, Loss: 9.7951, Entropy: 1.0899, Epsilon: 0.010
2026-04-19 01:33:34 | INFO | Episode 2057 - Reward: -200.000, Length: 200, Loss: 17.3143, Entropy: 1.0860, Epsilon: 0.010
2026-04-19 01:33:34 | INFO | Episode 2058 - Reward: -200.000, Length: 200, Loss: 14.9466, Entropy: 1.0931, Epsilon: 0.010
2026-04-19 01:33:35 | INFO | Episode 2059 - Reward: -200.000, Length: 200, Loss: 2.3490, Entropy: 1.0930, Epsilon: 0.010
2026-04-19 01:33:35 | INFO | Episode 2060 - Reward: -200.000, Length: 200, Loss: 7.1616, Entropy: 1.0943, Epsilon: 0.010
2026-04-19 01:33:35 | INFO | Episode 2061 - Reward: -200.000, Length: 200, Loss: 2.3460, Entropy: 1.0964, Epsilon: 0.010
2026-04-19 01:33:36 | INFO | Episode 2062 - Reward: -200.000, Length: 200, Loss: 12.1794, Entropy: 1.0872, Epsilon: 0.010
2026-04-19 01:33:36 | INFO | Episode 2063 - Reward: -200.000, Length: 200, Loss: 14.6654, Entropy: 1.0748, Epsilon: 0.010
2026-04-19 01:33:36 | INFO | Episode 2064 - Reward: -200.000, Length: 200, Loss: 7.3106, Entropy: 1.0895, Epsilon: 0.010
2026-04-19 01:33:37 | INFO | Episode 2065 - Reward: -200.000, Length: 200, Loss: 17.1312, Entropy: 1.0834, Epsilon: 0.010
2026-04-19 01:33:37 | INFO | Episode 2066 - Reward: -200.000, Length: 200, Loss: 12.0394, Entropy: 1.0825, Epsilon: 0.010
2026-04-19 01:33:37 | INFO | Episode 2067 - Reward: -200.000, Length: 200, Loss: 12.0603, Entropy: 1.0637, Epsilon: 0.010
2026-04-19 01:33:38 | INFO | Episode 2068 - Reward: -200.000, Length: 200, Loss: 9.5900, Entropy: 1.0908, Epsilon: 0.010
2026-04-19 01:33:38 | INFO | Episode 2069 - Reward: -200.000, Length: 200, Loss: 22.1261, Entropy: 1.0712, Epsilon: 0.010
2026-04-19 01:33:38 | INFO | Episode 2070 - Reward: -200.000, Length: 200, Loss: 12.0739, Entropy: 1.0880, Epsilon: 0.010
2026-04-19 01:33:39 | INFO | Episode 2071 - Reward: -200.000, Length: 200, Loss: 9.6221, Entropy: 1.0932, Epsilon: 0.010
2026-04-19 01:33:39 | INFO | Episode 2072 - Reward: -200.000, Length: 200, Loss: 12.0285, Entropy: 1.0869, Epsilon: 0.010
2026-04-19 01:33:39 | INFO | Episode 2073 - Reward: -200.000, Length: 200, Loss: 21.7418, Entropy: 1.0945, Epsilon: 0.010
2026-04-19 01:33:40 | INFO | Episode 2074 - Reward: -200.000, Length: 200, Loss: 21.4735, Entropy: 1.0459, Epsilon: 0.010
2026-04-19 01:33:40 | INFO | Episode 2075 - Reward: -200.000, Length: 200, Loss: 12.0143, Entropy: 1.0690, Epsilon: 0.010
2026-04-19 01:33:40 | INFO | Episode 2076 - Reward: -200.000, Length: 200, Loss: 19.2359, Entropy: 1.0787, Epsilon: 0.010
2026-04-19 01:33:41 | INFO | Episode 2077 - Reward: -200.000, Length: 200, Loss: 12.0874, Entropy: 1.0845, Epsilon: 0.010
2026-04-19 01:33:41 | INFO | Episode 2078 - Reward: -200.000, Length: 200, Loss: 19.2674, Entropy: 1.0855, Epsilon: 0.010
2026-04-19 01:33:41 | INFO | Episode 2079 - Reward: -200.000, Length: 200, Loss: 4.6939, Entropy: 1.0876, Epsilon: 0.010
2026-04-19 01:33:42 | INFO | Episode 2080 - Reward: -200.000, Length: 200, Loss: 11.7856, Entropy: 1.0940, Epsilon: 0.010
2026-04-19 01:33:42 | INFO | Episode 2081 - Reward: -200.000, Length: 200, Loss: 9.4455, Entropy: 1.0889, Epsilon: 0.010
2026-04-19 01:33:42 | INFO | Episode 2082 - Reward: -200.000, Length: 200, Loss: 9.4589, Entropy: 1.0899, Epsilon: 0.010
2026-04-19 01:33:43 | INFO | Episode 2083 - Reward: -200.000, Length: 200, Loss: 7.1050, Entropy: 1.0898, Epsilon: 0.010
2026-04-19 01:33:43 | INFO | Episode 2084 - Reward: -200.000, Length: 200, Loss: 12.0622, Entropy: 1.0857, Epsilon: 0.010
2026-04-19 01:33:43 | INFO | Episode 2085 - Reward: -200.000, Length: 200, Loss: 14.5096, Entropy: 1.0841, Epsilon: 0.010
2026-04-19 01:33:44 | INFO | Episode 2086 - Reward: -200.000, Length: 200, Loss: 19.4741, Entropy: 1.0930, Epsilon: 0.010
2026-04-19 01:33:44 | INFO | Episode 2087 - Reward: -200.000, Length: 200, Loss: 12.2223, Entropy: 1.0892, Epsilon: 0.010
2026-04-19 01:33:44 | INFO | Episode 2088 - Reward: -200.000, Length: 200, Loss: 12.1628, Entropy: 1.0870, Epsilon: 0.010
2026-04-19 01:33:45 | INFO | Episode 2089 - Reward: -200.000, Length: 200, Loss: 12.1857, Entropy: 1.0847, Epsilon: 0.010
2026-04-19 01:33:45 | INFO | Episode 2090 - Reward: -200.000, Length: 200, Loss: 17.0935, Entropy: 1.0781, Epsilon: 0.010
2026-04-19 01:33:45 | INFO | Episode 2091 - Reward: -200.000, Length: 200, Loss: 9.5225, Entropy: 1.0907, Epsilon: 0.010
2026-04-19 01:33:46 | INFO | Episode 2092 - Reward: -200.000, Length: 200, Loss: 14.2636, Entropy: 1.0808, Epsilon: 0.010
2026-04-19 01:33:46 | INFO | Episode 2093 - Reward: -200.000, Length: 200, Loss: 14.3430, Entropy: 1.0839, Epsilon: 0.010
2026-04-19 01:33:46 | INFO | Episode 2094 - Reward: -200.000, Length: 200, Loss: 7.1453, Entropy: 1.0936, Epsilon: 0.010
2026-04-19 01:33:47 | INFO | Episode 2095 - Reward: -200.000, Length: 200, Loss: 7.1139, Entropy: 1.0929, Epsilon: 0.010
2026-04-19 01:33:47 | INFO | Episode 2096 - Reward: -200.000, Length: 200, Loss: 11.9509, Entropy: 1.0874, Epsilon: 0.010
2026-04-19 01:33:47 | INFO | Episode 2097 - Reward: -200.000, Length: 200, Loss: 9.5332, Entropy: 1.0943, Epsilon: 0.010
2026-04-19 01:33:48 | INFO | Episode 2098 - Reward: -200.000, Length: 200, Loss: 11.9970, Entropy: 1.0934, Epsilon: 0.010
2026-04-19 01:33:48 | INFO | Episode 2099 - Reward: -200.000, Length: 200, Loss: 7.1420, Entropy: 1.0879, Epsilon: 0.010
2026-04-19 01:33:48 | INFO | Episode 2100 - Reward: -200.000, Length: 200, Loss: 21.5003, Entropy: 1.0776, Epsilon: 0.010
2026-04-19 01:33:53 | INFO | [Episode 2100] eps=0.010  avg_reward=-200.000  avg_length=200.00  avg_loss= 13.8803  avg_entropy=1.0776  eval_success=0.000
2026-04-19 01:33:54 | INFO | Episode 2101 - Reward: -200.000, Length: 200, Loss: 9.3431, Entropy: 1.0765, Epsilon: 0.010
2026-04-19 01:33:54 | INFO | Episode 2102 - Reward: -200.000, Length: 200, Loss: 16.4430, Entropy: 1.0838, Epsilon: 0.010
2026-04-19 01:33:54 | INFO | Episode 2103 - Reward: -200.000, Length: 200, Loss: 7.0139, Entropy: 1.0952, Epsilon: 0.010
2026-04-19 01:33:55 | INFO | Episode 2104 - Reward: -200.000, Length: 200, Loss: 4.6400, Entropy: 1.0934, Epsilon: 0.010
2026-04-19 01:33:55 | INFO | Episode 2105 - Reward: -200.000, Length: 200, Loss: -0.1095, Entropy: 1.0983, Epsilon: 0.010
2026-04-19 01:33:55 | INFO | Episode 2106 - Reward: -200.000, Length: 200, Loss: 11.9654, Entropy: 1.0913, Epsilon: 0.010
2026-04-19 01:33:56 | INFO | Episode 2107 - Reward: -200.000, Length: 200, Loss: 9.5403, Entropy: 1.0945, Epsilon: 0.010
2026-04-19 01:33:56 | INFO | Episode 2108 - Reward: -200.000, Length: 200, Loss: 14.4239, Entropy: 1.0927, Epsilon: 0.010
2026-04-19 01:33:56 | INFO | Episode 2109 - Reward: -200.000, Length: 200, Loss: 4.7096, Entropy: 1.0938, Epsilon: 0.010
2026-04-19 01:33:57 | INFO | Episode 2110 - Reward: -200.000, Length: 200, Loss: 9.5208, Entropy: 1.0932, Epsilon: 0.010
2026-04-19 01:33:57 | INFO | Episode 2111 - Reward: -200.000, Length: 200, Loss: 12.0800, Entropy: 1.0913, Epsilon: 0.010
2026-04-19 01:33:57 | INFO | Episode 2112 - Reward: -200.000, Length: 200, Loss: 4.8021, Entropy: 1.0922, Epsilon: 0.010
2026-04-19 01:33:58 | INFO | Episode 2113 - Reward: -200.000, Length: 200, Loss: 12.1452, Entropy: 1.0789, Epsilon: 0.010
2026-04-19 01:33:58 | INFO | Episode 2114 - Reward: -200.000, Length: 200, Loss: 7.3108, Entropy: 1.0903, Epsilon: 0.010
2026-04-19 01:33:58 | INFO | Episode 2115 - Reward: -200.000, Length: 200, Loss: 9.7815, Entropy: 1.0881, Epsilon: 0.010
2026-04-19 01:33:59 | INFO | Episode 2116 - Reward: -200.000, Length: 200, Loss: 9.9463, Entropy: 1.0948, Epsilon: 0.010
2026-04-19 01:33:59 | INFO | Episode 2117 - Reward: -200.000, Length: 200, Loss: 12.4410, Entropy: 1.0922, Epsilon: 0.010
2026-04-19 01:33:59 | INFO | Episode 2118 - Reward: -200.000, Length: 200, Loss: 12.3952, Entropy: 1.0883, Epsilon: 0.010
2026-04-19 01:34:00 | INFO | Episode 2119 - Reward: -200.000, Length: 200, Loss: 10.1958, Entropy: 1.0909, Epsilon: 0.010
2026-04-19 01:34:00 | INFO | Episode 2120 - Reward: -200.000, Length: 200, Loss: 22.8907, Entropy: 1.0925, Epsilon: 0.010
2026-04-19 01:34:00 | INFO | Episode 2121 - Reward: -200.000, Length: 200, Loss: 5.0106, Entropy: 1.0909, Epsilon: 0.010
2026-04-19 01:34:01 | INFO | Episode 2122 - Reward: -200.000, Length: 200, Loss: 4.9487, Entropy: 1.0910, Epsilon: 0.010
2026-04-19 01:34:01 | INFO | Episode 2123 - Reward: -200.000, Length: 200, Loss: 10.1224, Entropy: 1.0882, Epsilon: 0.010
2026-04-19 01:34:01 | INFO | Episode 2124 - Reward: -200.000, Length: 200, Loss: 15.0490, Entropy: 1.0689, Epsilon: 0.010
2026-04-19 01:34:02 | INFO | Episode 2125 - Reward: -200.000, Length: 200, Loss: 17.6194, Entropy: 1.0915, Epsilon: 0.010
2026-04-19 01:34:02 | INFO | Episode 2126 - Reward: -200.000, Length: 200, Loss: 19.9274, Entropy: 1.0808, Epsilon: 0.010
2026-04-19 01:34:02 | INFO | Episode 2127 - Reward: -200.000, Length: 200, Loss: 10.2094, Entropy: 1.0951, Epsilon: 0.010
2026-04-19 01:34:03 | INFO | Episode 2128 - Reward: -200.000, Length: 200, Loss: 17.5886, Entropy: 1.0845, Epsilon: 0.010
2026-04-19 01:34:03 | INFO | Episode 2129 - Reward: -200.000, Length: 200, Loss: 12.7677, Entropy: 1.0902, Epsilon: 0.010
2026-04-19 01:34:03 | INFO | Episode 2130 - Reward: -200.000, Length: 200, Loss: 22.8131, Entropy: 1.0597, Epsilon: 0.010
2026-04-19 01:34:04 | INFO | Episode 2131 - Reward: -200.000, Length: 200, Loss: 15.0664, Entropy: 1.0628, Epsilon: 0.010
2026-04-19 01:34:04 | INFO | Episode 2132 - Reward: -200.000, Length: 200, Loss: 12.5561, Entropy: 1.0905, Epsilon: 0.010
2026-04-19 01:34:04 | INFO | Episode 2133 - Reward: -200.000, Length: 200, Loss: 12.5122, Entropy: 1.0834, Epsilon: 0.010
2026-04-19 01:34:05 | INFO | Episode 2134 - Reward: -200.000, Length: 200, Loss: 17.9484, Entropy: 1.0637, Epsilon: 0.010
2026-04-19 01:34:05 | INFO | Episode 2135 - Reward: -200.000, Length: 200, Loss: 7.5774, Entropy: 1.0809, Epsilon: 0.010
2026-04-19 01:34:05 | INFO | Episode 2136 - Reward: -200.000, Length: 200, Loss: 15.4709, Entropy: 1.0835, Epsilon: 0.010
2026-04-19 01:34:06 | INFO | Episode 2137 - Reward: -200.000, Length: 200, Loss: 15.4854, Entropy: 1.0841, Epsilon: 0.010
2026-04-19 01:34:06 | INFO | Episode 2138 - Reward: -200.000, Length: 200, Loss: 20.7507, Entropy: 1.0687, Epsilon: 0.010
2026-04-19 01:34:06 | INFO | Episode 2139 - Reward: -200.000, Length: 200, Loss: 7.6461, Entropy: 1.0885, Epsilon: 0.010
2026-04-19 01:34:07 | INFO | Episode 2140 - Reward: -200.000, Length: 200, Loss: 12.8346, Entropy: 1.0869, Epsilon: 0.010
2026-04-19 01:34:07 | INFO | Episode 2141 - Reward: -200.000, Length: 200, Loss: 7.5874, Entropy: 1.0935, Epsilon: 0.010
2026-04-19 01:34:07 | INFO | Episode 2142 - Reward: -200.000, Length: 200, Loss: 7.7024, Entropy: 1.0953, Epsilon: 0.010
2026-04-19 01:34:08 | INFO | Episode 2143 - Reward: -200.000, Length: 200, Loss: 7.6026, Entropy: 1.0951, Epsilon: 0.010
2026-04-19 01:34:08 | INFO | Episode 2144 - Reward: -200.000, Length: 200, Loss: 20.1736, Entropy: 1.0842, Epsilon: 0.010
2026-04-19 01:34:08 | INFO | Episode 2145 - Reward: -200.000, Length: 200, Loss: 10.1222, Entropy: 1.0851, Epsilon: 0.010
2026-04-19 01:34:09 | INFO | Episode 2146 - Reward: -200.000, Length: 200, Loss: 12.5582, Entropy: 1.0837, Epsilon: 0.010
2026-04-19 01:34:09 | INFO | Episode 2147 - Reward: -200.000, Length: 200, Loss: 12.6698, Entropy: 1.0725, Epsilon: 0.010
2026-04-19 01:34:09 | INFO | Episode 2148 - Reward: -200.000, Length: 200, Loss: 15.1512, Entropy: 1.0929, Epsilon: 0.010
2026-04-19 01:34:10 | INFO | Episode 2149 - Reward: -200.000, Length: 200, Loss: 5.0353, Entropy: 1.0939, Epsilon: 0.010
2026-04-19 01:34:10 | INFO | Episode 2150 - Reward: -200.000, Length: 200, Loss: 10.2194, Entropy: 1.0685, Epsilon: 0.010
2026-04-19 01:34:10 | INFO | Episode 2151 - Reward: -200.000, Length: 200, Loss: 15.3916, Entropy: 1.0927, Epsilon: 0.010
2026-04-19 01:34:11 | INFO | Episode 2152 - Reward: -200.000, Length: 200, Loss: 15.6353, Entropy: 1.0838, Epsilon: 0.010
2026-04-19 01:34:11 | INFO | Episode 2153 - Reward: -200.000, Length: 200, Loss: 12.9147, Entropy: 1.0906, Epsilon: 0.010
2026-04-19 01:34:11 | INFO | Episode 2154 - Reward: -200.000, Length: 200, Loss: 15.5837, Entropy: 1.0918, Epsilon: 0.010
2026-04-19 01:34:12 | INFO | Episode 2155 - Reward: -200.000, Length: 200, Loss: 5.1141, Entropy: 1.0881, Epsilon: 0.010
2026-04-19 01:34:12 | INFO | Episode 2156 - Reward: -200.000, Length: 200, Loss: 13.0840, Entropy: 1.0892, Epsilon: 0.010
2026-04-19 01:34:12 | INFO | Episode 2157 - Reward: -200.000, Length: 200, Loss: 15.7089, Entropy: 1.0528, Epsilon: 0.010
2026-04-19 01:34:13 | INFO | Episode 2158 - Reward: -200.000, Length: 200, Loss: 13.0782, Entropy: 1.0757, Epsilon: 0.010
2026-04-19 01:34:13 | INFO | Episode 2159 - Reward: -200.000, Length: 200, Loss: 13.0077, Entropy: 1.0877, Epsilon: 0.010
2026-04-19 01:34:13 | INFO | Episode 2160 - Reward: -200.000, Length: 200, Loss: 5.2007, Entropy: 1.0870, Epsilon: 0.010
2026-04-19 01:34:14 | INFO | Episode 2161 - Reward: -200.000, Length: 200, Loss: 10.5357, Entropy: 1.0875, Epsilon: 0.010
2026-04-19 01:34:14 | INFO | Episode 2162 - Reward: -200.000, Length: 200, Loss: 10.5577, Entropy: 1.0936, Epsilon: 0.010
2026-04-19 01:34:14 | INFO | Episode 2163 - Reward: -200.000, Length: 200, Loss: 13.2367, Entropy: 1.0904, Epsilon: 0.010
2026-04-19 01:34:15 | INFO | Episode 2164 - Reward: -200.000, Length: 200, Loss: 5.2620, Entropy: 1.0948, Epsilon: 0.010
2026-04-19 01:34:15 | INFO | Episode 2165 - Reward: -200.000, Length: 200, Loss: 18.5470, Entropy: 1.0885, Epsilon: 0.010
2026-04-19 01:34:15 | INFO | Episode 2166 - Reward: -200.000, Length: 200, Loss: 18.5558, Entropy: 1.0870, Epsilon: 0.010
2026-04-19 01:34:16 | INFO | Episode 2167 - Reward: -200.000, Length: 200, Loss: 10.7437, Entropy: 1.0912, Epsilon: 0.010
2026-04-19 01:34:16 | INFO | Episode 2168 - Reward: -200.000, Length: 200, Loss: 18.5401, Entropy: 1.0828, Epsilon: 0.010
2026-04-19 01:34:16 | INFO | Episode 2169 - Reward: -200.000, Length: 200, Loss: 21.3269, Entropy: 1.0935, Epsilon: 0.010
2026-04-19 01:34:17 | INFO | Episode 2170 - Reward: -200.000, Length: 200, Loss: 21.5363, Entropy: 1.0742, Epsilon: 0.010
2026-04-19 01:34:17 | INFO | Episode 2171 - Reward: -200.000, Length: 200, Loss: 16.1864, Entropy: 1.0812, Epsilon: 0.010
2026-04-19 01:34:17 | INFO | Episode 2172 - Reward: -200.000, Length: 200, Loss: 10.8089, Entropy: 1.0849, Epsilon: 0.010
2026-04-19 01:34:18 | INFO | Episode 2173 - Reward: -200.000, Length: 200, Loss: 16.2503, Entropy: 1.0825, Epsilon: 0.010
2026-04-19 01:34:18 | INFO | Episode 2174 - Reward: -200.000, Length: 200, Loss: 24.3450, Entropy: 1.0576, Epsilon: 0.010
2026-04-19 01:34:18 | INFO | Episode 2175 - Reward: -200.000, Length: 200, Loss: 10.6346, Entropy: 1.0901, Epsilon: 0.010
2026-04-19 01:34:19 | INFO | Episode 2176 - Reward: -200.000, Length: 200, Loss: 23.9077, Entropy: 1.0812, Epsilon: 0.010
2026-04-19 01:34:19 | INFO | Episode 2177 - Reward: -200.000, Length: 200, Loss: 21.1424, Entropy: 1.0496, Epsilon: 0.010
2026-04-19 01:34:19 | INFO | Episode 2178 - Reward: -200.000, Length: 200, Loss: 26.5571, Entropy: 1.0839, Epsilon: 0.010
2026-04-19 01:34:20 | INFO | Episode 2179 - Reward: -200.000, Length: 200, Loss: 18.0208, Entropy: 1.0894, Epsilon: 0.010
2026-04-19 01:34:20 | INFO | Episode 2180 - Reward: -200.000, Length: 200, Loss: 15.4687, Entropy: 1.0914, Epsilon: 0.010
2026-04-19 01:34:20 | INFO | Episode 2181 - Reward: -200.000, Length: 200, Loss: 15.4493, Entropy: 1.0807, Epsilon: 0.010
2026-04-19 01:34:21 | INFO | Episode 2182 - Reward: -200.000, Length: 200, Loss: 15.3526, Entropy: 1.0882, Epsilon: 0.010
2026-04-19 01:34:21 | INFO | Episode 2183 - Reward: -200.000, Length: 200, Loss: 5.0580, Entropy: 1.0958, Epsilon: 0.010
2026-04-19 01:34:21 | INFO | Episode 2184 - Reward: -200.000, Length: 200, Loss: 15.4779, Entropy: 1.0895, Epsilon: 0.010
2026-04-19 01:34:21 | INFO | Episode 2185 - Reward: -200.000, Length: 200, Loss: 13.0012, Entropy: 1.0937, Epsilon: 0.010
2026-04-19 01:34:22 | INFO | Episode 2186 - Reward: -200.000, Length: 200, Loss: 20.7654, Entropy: 1.0767, Epsilon: 0.010
2026-04-19 01:34:22 | INFO | Episode 2187 - Reward: -200.000, Length: 200, Loss: 15.5774, Entropy: 1.0833, Epsilon: 0.010
2026-04-19 01:34:22 | INFO | Episode 2188 - Reward: -200.000, Length: 200, Loss: 20.8324, Entropy: 1.0913, Epsilon: 0.010
2026-04-19 01:34:23 | INFO | Episode 2189 - Reward: -200.000, Length: 200, Loss: 7.7551, Entropy: 1.0942, Epsilon: 0.010
2026-04-19 01:34:23 | INFO | Episode 2190 - Reward: -200.000, Length: 200, Loss: 10.4091, Entropy: 1.0819, Epsilon: 0.010
2026-04-19 01:34:24 | INFO | Episode 2191 - Reward: -200.000, Length: 200, Loss: 5.2055, Entropy: 1.0919, Epsilon: 0.010
2026-04-19 01:34:24 | INFO | Episode 2192 - Reward: -200.000, Length: 200, Loss: 5.1581, Entropy: 1.0955, Epsilon: 0.010
2026-04-19 01:34:24 | INFO | Episode 2193 - Reward: -200.000, Length: 200, Loss: 5.1526, Entropy: 1.0925, Epsilon: 0.010
2026-04-19 01:34:25 | INFO | Episode 2194 - Reward: -200.000, Length: 200, Loss: 21.1762, Entropy: 1.0843, Epsilon: 0.010
2026-04-19 01:34:25 | INFO | Episode 2195 - Reward: -200.000, Length: 200, Loss: 7.9774, Entropy: 1.0955, Epsilon: 0.010
2026-04-19 01:34:25 | INFO | Episode 2196 - Reward: -200.000, Length: 200, Loss: 10.6810, Entropy: 1.0929, Epsilon: 0.010
2026-04-19 01:34:26 | INFO | Episode 2197 - Reward: -200.000, Length: 200, Loss: 13.2972, Entropy: 1.0887, Epsilon: 0.010
2026-04-19 01:34:26 | INFO | Episode 2198 - Reward: -200.000, Length: 200, Loss: 10.6636, Entropy: 1.0853, Epsilon: 0.010
2026-04-19 01:34:26 | INFO | Episode 2199 - Reward: -200.000, Length: 200, Loss: 10.6569, Entropy: 1.0897, Epsilon: 0.010
2026-04-19 01:34:27 | INFO | Episode 2200 - Reward: -200.000, Length: 200, Loss: 24.1823, Entropy: 1.0836, Epsilon: 0.010
2026-04-19 01:34:31 | INFO | [Episode 2200] eps=0.010  avg_reward=-200.000  avg_length=200.00  avg_loss= 12.9492  avg_entropy=1.0836  eval_success=0.000
2026-04-19 01:34:32 | INFO | Episode 2201 - Reward: -200.000, Length: 200, Loss: -0.0937, Entropy: 1.0969, Epsilon: 0.010
2026-04-19 01:34:32 | INFO | Episode 2202 - Reward: -200.000, Length: 200, Loss: 16.1346, Entropy: 1.0886, Epsilon: 0.010
2026-04-19 01:34:32 | INFO | Episode 2203 - Reward: -200.000, Length: 200, Loss: 13.5361, Entropy: 1.0893, Epsilon: 0.010
2026-04-19 01:34:33 | INFO | Episode 2204 - Reward: -200.000, Length: 200, Loss: 16.2519, Entropy: 1.0898, Epsilon: 0.010
2026-04-19 01:34:33 | INFO | Episode 2205 - Reward: -200.000, Length: 200, Loss: 5.4351, Entropy: 1.0873, Epsilon: 0.010
2026-04-19 01:34:33 | INFO | Episode 2206 - Reward: -200.000, Length: 200, Loss: 19.1639, Entropy: 1.0876, Epsilon: 0.010
2026-04-19 01:34:34 | INFO | Episode 2207 - Reward: -200.000, Length: 200, Loss: 10.8716, Entropy: 1.0526, Epsilon: 0.010
2026-04-19 01:34:34 | INFO | Episode 2208 - Reward: -200.000, Length: 200, Loss: 19.1180, Entropy: 1.0842, Epsilon: 0.010
2026-04-19 01:34:34 | INFO | Episode 2209 - Reward: -200.000, Length: 200, Loss: 22.0390, Entropy: 1.0874, Epsilon: 0.010
2026-04-19 01:34:35 | INFO | Episode 2210 - Reward: -200.000, Length: 200, Loss: 21.6258, Entropy: 1.0720, Epsilon: 0.010
2026-04-19 01:34:35 | INFO | Episode 2211 - Reward: -200.000, Length: 200, Loss: 16.0749, Entropy: 1.0819, Epsilon: 0.010
2026-04-19 01:34:35 | INFO | Episode 2212 - Reward: -200.000, Length: 200, Loss: 21.2967, Entropy: 1.0777, Epsilon: 0.010
2026-04-19 01:34:36 | INFO | Episode 2213 - Reward: -200.000, Length: 200, Loss: 23.7761, Entropy: 1.0699, Epsilon: 0.010
2026-04-19 01:34:36 | INFO | Episode 2214 - Reward: -200.000, Length: 200, Loss: 5.2380, Entropy: 1.0809, Epsilon: 0.010
2026-04-19 01:34:36 | INFO | Episode 2215 - Reward: -200.000, Length: 200, Loss: 15.7241, Entropy: 1.0899, Epsilon: 0.010
2026-04-19 01:34:37 | INFO | Episode 2216 - Reward: -200.000, Length: 200, Loss: 20.8965, Entropy: 1.0821, Epsilon: 0.010
2026-04-19 01:34:37 | INFO | Episode 2217 - Reward: -200.000, Length: 200, Loss: 10.6339, Entropy: 1.0775, Epsilon: 0.010
2026-04-19 01:34:37 | INFO | Episode 2218 - Reward: -200.000, Length: 200, Loss: 15.7964, Entropy: 1.0889, Epsilon: 0.010
2026-04-19 01:34:38 | INFO | Episode 2219 - Reward: -200.000, Length: 200, Loss: 18.3803, Entropy: 1.0820, Epsilon: 0.010
2026-04-19 01:34:38 | INFO | Episode 2220 - Reward: -200.000, Length: 200, Loss: 2.5967, Entropy: 1.0952, Epsilon: 0.010
2026-04-19 01:34:38 | INFO | Episode 2221 - Reward: -200.000, Length: 200, Loss: 26.4840, Entropy: 1.0821, Epsilon: 0.010
2026-04-19 01:34:39 | INFO | Episode 2222 - Reward: -200.000, Length: 200, Loss: 10.6322, Entropy: 1.0759, Epsilon: 0.010
2026-04-19 01:34:39 | INFO | Episode 2223 - Reward: -200.000, Length: 200, Loss: 18.5736, Entropy: 1.0710, Epsilon: 0.010
2026-04-19 01:34:39 | INFO | Episode 2224 - Reward: -200.000, Length: 200, Loss: 18.6852, Entropy: 1.0692, Epsilon: 0.010
2026-04-19 01:34:40 | INFO | Episode 2225 - Reward: -200.000, Length: 200, Loss: 2.6166, Entropy: 1.0959, Epsilon: 0.010
2026-04-19 01:34:40 | INFO | Episode 2226 - Reward: -200.000, Length: 200, Loss: 13.4941, Entropy: 1.0920, Epsilon: 0.010
2026-04-19 01:34:40 | INFO | Episode 2227 - Reward: -200.000, Length: 200, Loss: 5.3307, Entropy: 1.0946, Epsilon: 0.010
2026-04-19 01:34:41 | INFO | Episode 2228 - Reward: -200.000, Length: 200, Loss: 18.7924, Entropy: 1.0781, Epsilon: 0.010
2026-04-19 01:34:41 | INFO | Episode 2229 - Reward: -200.000, Length: 200, Loss: 5.3511, Entropy: 1.0901, Epsilon: 0.010
2026-04-19 01:34:41 | INFO | Episode 2230 - Reward: -200.000, Length: 200, Loss: 7.9299, Entropy: 1.0823, Epsilon: 0.010
2026-04-19 01:34:42 | INFO | Episode 2231 - Reward: -200.000, Length: 200, Loss: 16.3317, Entropy: 1.0815, Epsilon: 0.010
2026-04-19 01:34:42 | INFO | Episode 2232 - Reward: -200.000, Length: 200, Loss: 19.0527, Entropy: 1.0695, Epsilon: 0.010
2026-04-19 01:34:42 | INFO | Episode 2233 - Reward: -200.000, Length: 200, Loss: 19.1001, Entropy: 1.0828, Epsilon: 0.010
2026-04-19 01:34:43 | INFO | Episode 2234 - Reward: -200.000, Length: 200, Loss: 16.2338, Entropy: 1.0832, Epsilon: 0.010
2026-04-19 01:34:43 | INFO | Episode 2235 - Reward: -200.000, Length: 200, Loss: 10.9607, Entropy: 1.0637, Epsilon: 0.010
2026-04-19 01:34:43 | INFO | Episode 2236 - Reward: -200.000, Length: 200, Loss: 13.5309, Entropy: 1.0870, Epsilon: 0.010
2026-04-19 01:34:44 | INFO | Episode 2237 - Reward: -200.000, Length: 200, Loss: 2.7044, Entropy: 1.0949, Epsilon: 0.010
2026-04-19 01:34:44 | INFO | Episode 2238 - Reward: -200.000, Length: 200, Loss: 13.8427, Entropy: 1.0860, Epsilon: 0.010
2026-04-19 01:34:44 | INFO | Episode 2239 - Reward: -200.000, Length: 200, Loss: 16.3684, Entropy: 1.0755, Epsilon: 0.010
2026-04-19 01:34:45 | INFO | Episode 2240 - Reward: -200.000, Length: 200, Loss: 8.2327, Entropy: 1.0744, Epsilon: 0.010
2026-04-19 01:34:45 | INFO | Episode 2241 - Reward: -200.000, Length: 200, Loss: 13.8434, Entropy: 1.0820, Epsilon: 0.010
2026-04-19 01:34:45 | INFO | Episode 2242 - Reward: -200.000, Length: 200, Loss: 5.4750, Entropy: 1.0885, Epsilon: 0.010
2026-04-19 01:34:46 | INFO | Episode 2243 - Reward: -200.000, Length: 200, Loss: 8.2499, Entropy: 1.0938, Epsilon: 0.010
2026-04-19 01:34:46 | INFO | Episode 2244 - Reward: -200.000, Length: 200, Loss: 8.4196, Entropy: 1.0910, Epsilon: 0.010
2026-04-19 01:34:46 | INFO | Episode 2245 - Reward: -200.000, Length: 200, Loss: 8.3421, Entropy: 1.0889, Epsilon: 0.010
2026-04-19 01:34:47 | INFO | Episode 2246 - Reward: -200.000, Length: 200, Loss: 14.2224, Entropy: 1.0934, Epsilon: 0.010
2026-04-19 01:34:47 | INFO | Episode 2247 - Reward: -200.000, Length: 200, Loss: 5.6564, Entropy: 1.0896, Epsilon: 0.010
2026-04-19 01:34:47 | INFO | Episode 2248 - Reward: -200.000, Length: 200, Loss: 20.0146, Entropy: 1.0858, Epsilon: 0.010
2026-04-19 01:34:48 | INFO | Episode 2249 - Reward: -200.000, Length: 200, Loss: 25.6461, Entropy: 1.0385, Epsilon: 0.010
2026-04-19 01:34:48 | INFO | Episode 2250 - Reward: -200.000, Length: 200, Loss: 8.5111, Entropy: 1.0695, Epsilon: 0.010
2026-04-19 01:34:48 | INFO | Episode 2251 - Reward: -200.000, Length: 200, Loss: 17.2974, Entropy: 1.0914, Epsilon: 0.010
2026-04-19 01:34:49 | INFO | Episode 2252 - Reward: -200.000, Length: 200, Loss: 8.5512, Entropy: 1.0895, Epsilon: 0.010
2026-04-19 01:34:49 | INFO | Episode 2253 - Reward: -200.000, Length: 200, Loss: 14.5593, Entropy: 1.0660, Epsilon: 0.010
2026-04-19 01:34:49 | INFO | Episode 2254 - Reward: -200.000, Length: 200, Loss: 14.5964, Entropy: 1.0678, Epsilon: 0.010
2026-04-19 01:34:50 | INFO | Episode 2255 - Reward: -200.000, Length: 200, Loss: 5.8046, Entropy: 1.0935, Epsilon: 0.010
2026-04-19 01:34:50 | INFO | Episode 2256 - Reward: -200.000, Length: 200, Loss: 8.7069, Entropy: 1.0928, Epsilon: 0.010
2026-04-19 01:34:50 | INFO | Episode 2257 - Reward: -200.000, Length: 200, Loss: 8.7171, Entropy: 1.0926, Epsilon: 0.010
2026-04-19 01:34:51 | INFO | Episode 2258 - Reward: -200.000, Length: 200, Loss: 11.6473, Entropy: 1.0948, Epsilon: 0.010
2026-04-19 01:34:51 | INFO | Episode 2259 - Reward: -200.000, Length: 200, Loss: 8.8474, Entropy: 1.0885, Epsilon: 0.010
2026-04-19 01:34:51 | INFO | Episode 2260 - Reward: -200.000, Length: 200, Loss: 20.5203, Entropy: 1.0710, Epsilon: 0.010
2026-04-19 01:34:52 | INFO | Episode 2261 - Reward: -200.000, Length: 200, Loss: 17.7962, Entropy: 1.0858, Epsilon: 0.010
2026-04-19 01:34:52 | INFO | Episode 2262 - Reward: -200.000, Length: 200, Loss: 17.6098, Entropy: 1.0781, Epsilon: 0.010
2026-04-19 01:34:52 | INFO | Episode 2263 - Reward: -200.000, Length: 200, Loss: 20.6054, Entropy: 1.0854, Epsilon: 0.010
2026-04-19 01:34:53 | INFO | Episode 2264 - Reward: -200.000, Length: 200, Loss: 20.3452, Entropy: 1.0759, Epsilon: 0.010
2026-04-19 01:34:53 | INFO | Episode 2265 - Reward: -200.000, Length: 200, Loss: 22.9840, Entropy: 1.0642, Epsilon: 0.010
2026-04-19 01:34:53 | INFO | Episode 2266 - Reward: -200.000, Length: 200, Loss: 14.1391, Entropy: 1.0847, Epsilon: 0.010
2026-04-19 01:34:54 | INFO | Episode 2267 - Reward: -200.000, Length: 200, Loss: 11.3479, Entropy: 1.0969, Epsilon: 0.010
2026-04-19 01:34:54 | INFO | Episode 2268 - Reward: -200.000, Length: 200, Loss: 14.0276, Entropy: 1.0818, Epsilon: 0.010
2026-04-19 01:34:54 | INFO | Episode 2269 - Reward: -200.000, Length: 200, Loss: 22.5334, Entropy: 1.0819, Epsilon: 0.010
2026-04-19 01:34:55 | INFO | Episode 2270 - Reward: -200.000, Length: 200, Loss: 19.5936, Entropy: 1.0901, Epsilon: 0.010
2026-04-19 01:34:55 | INFO | Episode 2271 - Reward: -200.000, Length: 200, Loss: 8.5667, Entropy: 1.0913, Epsilon: 0.010
2026-04-19 01:34:55 | INFO | Episode 2272 - Reward: -200.000, Length: 200, Loss: 22.6233, Entropy: 1.0831, Epsilon: 0.010
2026-04-19 01:34:56 | INFO | Episode 2273 - Reward: -200.000, Length: 200, Loss: 5.6841, Entropy: 1.0945, Epsilon: 0.010
2026-04-19 01:34:56 | INFO | Episode 2274 - Reward: -200.000, Length: 200, Loss: 8.6078, Entropy: 1.0909, Epsilon: 0.010
2026-04-19 01:34:56 | INFO | Episode 2275 - Reward: -200.000, Length: 200, Loss: 14.6232, Entropy: 1.0869, Epsilon: 0.010
2026-04-19 01:34:57 | INFO | Episode 2276 - Reward: -200.000, Length: 200, Loss: 16.9386, Entropy: 1.0861, Epsilon: 0.010
2026-04-19 01:34:57 | INFO | Episode 2277 - Reward: -200.000, Length: 200, Loss: 23.1495, Entropy: 1.0835, Epsilon: 0.010
2026-04-19 01:34:57 | INFO | Episode 2278 - Reward: -200.000, Length: 200, Loss: 20.1762, Entropy: 1.0893, Epsilon: 0.010
2026-04-19 01:34:58 | INFO | Episode 2279 - Reward: -200.000, Length: 200, Loss: 19.5365, Entropy: 1.0828, Epsilon: 0.010
2026-04-19 01:34:58 | INFO | Episode 2280 - Reward: -200.000, Length: 200, Loss: 11.1803, Entropy: 1.0832, Epsilon: 0.010
2026-04-19 01:34:58 | INFO | Episode 2281 - Reward: -200.000, Length: 200, Loss: 16.4429, Entropy: 1.0658, Epsilon: 0.010
2026-04-19 01:34:59 | INFO | Episode 2282 - Reward: -200.000, Length: 200, Loss: 13.8204, Entropy: 1.0664, Epsilon: 0.010
2026-04-19 01:34:59 | INFO | Episode 2283 - Reward: -200.000, Length: 200, Loss: 13.6106, Entropy: 1.0613, Epsilon: 0.010
2026-04-19 01:34:59 | INFO | Episode 2284 - Reward: -200.000, Length: 200, Loss: 13.7767, Entropy: 1.0932, Epsilon: 0.010
2026-04-19 01:35:00 | INFO | Episode 2285 - Reward: -200.000, Length: 200, Loss: 13.7205, Entropy: 1.0897, Epsilon: 0.010
2026-04-19 01:35:00 | INFO | Episode 2286 - Reward: -200.000, Length: 200, Loss: 13.4309, Entropy: 1.0785, Epsilon: 0.010
2026-04-19 01:35:00 | INFO | Episode 2287 - Reward: -200.000, Length: 200, Loss: 13.4608, Entropy: 1.0897, Epsilon: 0.010
2026-04-19 01:35:01 | INFO | Episode 2288 - Reward: -200.000, Length: 200, Loss: 10.6655, Entropy: 1.0865, Epsilon: 0.010
2026-04-19 01:35:01 | INFO | Episode 2289 - Reward: -200.000, Length: 200, Loss: 10.8671, Entropy: 1.0945, Epsilon: 0.010
2026-04-19 01:35:01 | INFO | Episode 2290 - Reward: -200.000, Length: 200, Loss: 10.8078, Entropy: 1.0943, Epsilon: 0.010
2026-04-19 01:35:02 | INFO | Episode 2291 - Reward: -200.000, Length: 200, Loss: 10.7287, Entropy: 1.0909, Epsilon: 0.010
2026-04-19 01:35:02 | INFO | Episode 2292 - Reward: -200.000, Length: 200, Loss: 10.7452, Entropy: 1.0926, Epsilon: 0.010
2026-04-19 01:35:02 | INFO | Episode 2293 - Reward: -200.000, Length: 200, Loss: 5.2696, Entropy: 1.0920, Epsilon: 0.010
2026-04-19 01:35:03 | INFO | Episode 2294 - Reward: -200.000, Length: 200, Loss: 8.1919, Entropy: 1.0940, Epsilon: 0.010
2026-04-19 01:35:03 | INFO | Episode 2295 - Reward: -200.000, Length: 200, Loss: 5.3979, Entropy: 1.0948, Epsilon: 0.010
2026-04-19 01:35:03 | INFO | Episode 2296 - Reward: -200.000, Length: 200, Loss: 24.5695, Entropy: 1.0724, Epsilon: 0.010
2026-04-19 01:35:04 | INFO | Episode 2297 - Reward: -200.000, Length: 200, Loss: 8.1685, Entropy: 1.0956, Epsilon: 0.010
2026-04-19 01:35:04 | INFO | Episode 2298 - Reward: -200.000, Length: 200, Loss: 13.6478, Entropy: 1.0911, Epsilon: 0.010
2026-04-19 01:35:04 | INFO | Episode 2299 - Reward: -200.000, Length: 200, Loss: 16.7645, Entropy: 1.0939, Epsilon: 0.010
2026-04-19 01:35:05 | INFO | Episode 2300 - Reward: -200.000, Length: 200, Loss: 13.8747, Entropy: 1.0941, Epsilon: 0.010
2026-04-19 01:35:09 | INFO | [Episode 2300] eps=0.010  avg_reward=-200.000  avg_length=200.00  avg_loss= 13.7640  avg_entropy=1.0941  eval_success=0.000
2026-04-19 01:35:10 | INFO | Episode 2301 - Reward: -200.000, Length: 200, Loss: 11.0339, Entropy: 1.0899, Epsilon: 0.010
2026-04-19 01:35:10 | INFO | Episode 2302 - Reward: -200.000, Length: 200, Loss: 16.5531, Entropy: 1.0842, Epsilon: 0.010
2026-04-19 01:35:11 | INFO | Episode 2303 - Reward: -200.000, Length: 200, Loss: 8.1244, Entropy: 1.0850, Epsilon: 0.010
2026-04-19 01:35:11 | INFO | Episode 2304 - Reward: -200.000, Length: 200, Loss: 13.8646, Entropy: 1.0902, Epsilon: 0.010
2026-04-19 01:35:11 | INFO | Episode 2305 - Reward: -200.000, Length: 200, Loss: 22.5615, Entropy: 1.0880, Epsilon: 0.010
2026-04-19 01:35:12 | INFO | Episode 2306 - Reward: -200.000, Length: 200, Loss: 5.6220, Entropy: 1.0973, Epsilon: 0.010
2026-04-19 01:35:12 | INFO | Episode 2307 - Reward: -200.000, Length: 200, Loss: 17.0668, Entropy: 1.0890, Epsilon: 0.010
2026-04-19 01:35:12 | INFO | Episode 2308 - Reward: -200.000, Length: 200, Loss: 8.3911, Entropy: 1.0939, Epsilon: 0.010
2026-04-19 01:35:13 | INFO | Episode 2309 - Reward: -200.000, Length: 200, Loss: 19.7325, Entropy: 1.0885, Epsilon: 0.010
2026-04-19 01:35:13 | INFO | Episode 2310 - Reward: -200.000, Length: 200, Loss: 16.7100, Entropy: 1.0783, Epsilon: 0.010
2026-04-19 01:35:13 | INFO | Episode 2311 - Reward: -200.000, Length: 200, Loss: 25.7117, Entropy: 1.0344, Epsilon: 0.010
2026-04-19 01:35:14 | INFO | Episode 2312 - Reward: -200.000, Length: 200, Loss: 17.1294, Entropy: 1.0781, Epsilon: 0.010
2026-04-19 01:35:14 | INFO | Episode 2313 - Reward: -200.000, Length: 200, Loss: 14.2127, Entropy: 1.0879, Epsilon: 0.010
2026-04-19 01:35:14 | INFO | Episode 2314 - Reward: -200.000, Length: 200, Loss: 20.0707, Entropy: 1.0604, Epsilon: 0.010
2026-04-19 01:35:15 | INFO | Episode 2315 - Reward: -200.000, Length: 200, Loss: 16.8281, Entropy: 1.0769, Epsilon: 0.010
2026-04-19 01:35:15 | INFO | Episode 2316 - Reward: -200.000, Length: 200, Loss: 17.5340, Entropy: 1.0761, Epsilon: 0.010
2026-04-19 01:35:15 | INFO | Episode 2317 - Reward: -200.000, Length: 200, Loss: 20.3385, Entropy: 1.0917, Epsilon: 0.010
2026-04-19 01:35:16 | INFO | Episode 2318 - Reward: -200.000, Length: 200, Loss: 11.4561, Entropy: 1.0938, Epsilon: 0.010
2026-04-19 01:35:16 | INFO | Episode 2319 - Reward: -200.000, Length: 200, Loss: 16.8566, Entropy: 1.0814, Epsilon: 0.010
2026-04-19 01:35:16 | INFO | Episode 2320 - Reward: -200.000, Length: 200, Loss: 17.2360, Entropy: 1.0757, Epsilon: 0.010
2026-04-19 01:35:16 | INFO | Episode 2321 - Reward: -200.000, Length: 200, Loss: 5.6542, Entropy: 1.0882, Epsilon: 0.010
2026-04-19 01:35:17 | INFO | Episode 2322 - Reward: -200.000, Length: 200, Loss: 5.5468, Entropy: 1.0922, Epsilon: 0.010
2026-04-19 01:35:17 | INFO | Episode 2323 - Reward: -200.000, Length: 200, Loss: 5.6393, Entropy: 1.0933, Epsilon: 0.010
2026-04-19 01:35:17 | INFO | Episode 2324 - Reward: -200.000, Length: 200, Loss: 2.7427, Entropy: 1.0955, Epsilon: 0.010
2026-04-19 01:35:18 | INFO | Episode 2325 - Reward: -200.000, Length: 200, Loss: 23.0398, Entropy: 1.0774, Epsilon: 0.010
2026-04-19 01:35:18 | INFO | Episode 2326 - Reward: -200.000, Length: 200, Loss: 11.3443, Entropy: 1.0652, Epsilon: 0.010
2026-04-19 01:35:18 | INFO | Episode 2327 - Reward: -200.000, Length: 200, Loss: 11.4197, Entropy: 1.0898, Epsilon: 0.010
2026-04-19 01:35:19 | INFO | Episode 2328 - Reward: -200.000, Length: 200, Loss: 19.7932, Entropy: 1.0821, Epsilon: 0.010
2026-04-19 01:35:19 | INFO | Episode 2329 - Reward: -200.000, Length: 200, Loss: 33.5744, Entropy: 1.0718, Epsilon: 0.010
2026-04-19 01:35:19 | INFO | Episode 2330 - Reward: -200.000, Length: 200, Loss: 13.9982, Entropy: 1.0770, Epsilon: 0.010
2026-04-19 01:35:20 | INFO | Episode 2331 - Reward: -200.000, Length: 200, Loss: 5.4939, Entropy: 1.0925, Epsilon: 0.010
2026-04-19 01:35:20 | INFO | Episode 2332 - Reward: -200.000, Length: 200, Loss: 8.3149, Entropy: 1.0950, Epsilon: 0.010
2026-04-19 01:35:20 | INFO | Episode 2333 - Reward: -200.000, Length: 200, Loss: 13.6877, Entropy: 1.0889, Epsilon: 0.010
2026-04-19 01:35:21 | INFO | Episode 2334 - Reward: -200.000, Length: 200, Loss: 22.0701, Entropy: 1.0895, Epsilon: 0.010
2026-04-19 01:35:21 | INFO | Episode 2335 - Reward: -200.000, Length: 200, Loss: 38.2984, Entropy: 1.0666, Epsilon: 0.010
2026-04-19 01:35:21 | INFO | Episode 2336 - Reward: -200.000, Length: 200, Loss: 2.6936, Entropy: 1.0939, Epsilon: 0.010
2026-04-19 01:35:22 | INFO | Episode 2337 - Reward: -200.000, Length: 200, Loss: 19.2110, Entropy: 1.0478, Epsilon: 0.010
2026-04-19 01:35:22 | INFO | Episode 2338 - Reward: -200.000, Length: 200, Loss: 13.7902, Entropy: 1.0697, Epsilon: 0.010
2026-04-19 01:35:23 | INFO | Episode 2339 - Reward: -200.000, Length: 200, Loss: 16.2528, Entropy: 1.0730, Epsilon: 0.010
2026-04-19 01:35:23 | INFO | Episode 2340 - Reward: -200.000, Length: 200, Loss: 11.1890, Entropy: 1.0909, Epsilon: 0.010
2026-04-19 01:35:23 | INFO | Episode 2341 - Reward: -200.000, Length: 200, Loss: 11.3342, Entropy: 1.0818, Epsilon: 0.010
2026-04-19 01:35:24 | INFO | Episode 2342 - Reward: -200.000, Length: 200, Loss: 19.3524, Entropy: 1.0759, Epsilon: 0.010
2026-04-19 01:35:24 | INFO | Episode 2343 - Reward: -200.000, Length: 200, Loss: 14.1295, Entropy: 1.0819, Epsilon: 0.010
2026-04-19 01:35:24 | INFO | Episode 2344 - Reward: -200.000, Length: 200, Loss: 16.8699, Entropy: 1.0885, Epsilon: 0.010
2026-04-19 01:35:25 | INFO | Episode 2345 - Reward: -200.000, Length: 200, Loss: 14.3747, Entropy: 1.0514, Epsilon: 0.010
2026-04-19 01:35:25 | INFO | Episode 2346 - Reward: -200.000, Length: 200, Loss: 14.0171, Entropy: 1.0744, Epsilon: 0.010
2026-04-19 01:35:25 | INFO | Episode 2347 - Reward: -200.000, Length: 200, Loss: 14.2490, Entropy: 1.0865, Epsilon: 0.010
2026-04-19 01:35:26 | INFO | Episode 2348 - Reward: -200.000, Length: 200, Loss: 14.1527, Entropy: 1.0878, Epsilon: 0.010
2026-04-19 01:35:26 | INFO | Episode 2349 - Reward: -200.000, Length: 200, Loss: 8.3564, Entropy: 1.0911, Epsilon: 0.010
2026-04-19 01:35:26 | INFO | Episode 2350 - Reward: -200.000, Length: 200, Loss: 11.2940, Entropy: 1.0945, Epsilon: 0.010
2026-04-19 01:35:27 | INFO | Episode 2351 - Reward: -200.000, Length: 200, Loss: 22.7515, Entropy: 1.0626, Epsilon: 0.010
2026-04-19 01:35:27 | INFO | Episode 2352 - Reward: -200.000, Length: 200, Loss: 2.8421, Entropy: 1.0842, Epsilon: 0.010
2026-04-19 01:35:27 | INFO | Episode 2353 - Reward: -200.000, Length: 200, Loss: 8.4577, Entropy: 1.0905, Epsilon: 0.010
2026-04-19 01:35:28 | INFO | Episode 2354 - Reward: -200.000, Length: 200, Loss: 20.0614, Entropy: 1.0823, Epsilon: 0.010
2026-04-19 01:35:28 | INFO | Episode 2355 - Reward: -200.000, Length: 200, Loss: 11.5559, Entropy: 1.0761, Epsilon: 0.010
2026-04-19 01:35:28 | INFO | Episode 2356 - Reward: -200.000, Length: 200, Loss: 11.5808, Entropy: 1.0761, Epsilon: 0.010
2026-04-19 01:35:29 | INFO | Episode 2357 - Reward: -200.000, Length: 200, Loss: 17.2861, Entropy: 1.0808, Epsilon: 0.010
2026-04-19 01:35:29 | INFO | Episode 2358 - Reward: -200.000, Length: 200, Loss: 14.2963, Entropy: 1.0709, Epsilon: 0.010
2026-04-19 01:35:29 | INFO | Episode 2359 - Reward: -200.000, Length: 200, Loss: 32.1073, Entropy: 1.0749, Epsilon: 0.010
2026-04-19 01:35:30 | INFO | Episode 2360 - Reward: -200.000, Length: 200, Loss: 8.8831, Entropy: 1.0895, Epsilon: 0.010
2026-04-19 01:35:30 | INFO | Episode 2361 - Reward: -200.000, Length: 200, Loss: 26.8497, Entropy: 1.0637, Epsilon: 0.010
2026-04-19 01:35:30 | INFO | Episode 2362 - Reward: -200.000, Length: 200, Loss: -0.0858, Entropy: 1.0951, Epsilon: 0.010
2026-04-19 01:35:31 | INFO | Episode 2363 - Reward: -200.000, Length: 200, Loss: 5.8980, Entropy: 1.0949, Epsilon: 0.010
2026-04-19 01:35:31 | INFO | Episode 2364 - Reward: -200.000, Length: 200, Loss: 24.1691, Entropy: 1.0776, Epsilon: 0.010
2026-04-19 01:35:31 | INFO | Episode 2365 - Reward: -200.000, Length: 200, Loss: 11.9893, Entropy: 1.0858, Epsilon: 0.010
2026-04-19 01:35:32 | INFO | Episode 2366 - Reward: -200.000, Length: 200, Loss: 14.8234, Entropy: 1.0808, Epsilon: 0.010
2026-04-19 01:35:32 | INFO | Episode 2367 - Reward: -200.000, Length: 200, Loss: 21.1961, Entropy: 1.0697, Epsilon: 0.010
2026-04-19 01:35:32 | INFO | Episode 2368 - Reward: -200.000, Length: 200, Loss: 18.0092, Entropy: 1.0731, Epsilon: 0.010
2026-04-19 01:35:33 | INFO | Episode 2369 - Reward: -200.000, Length: 200, Loss: 9.1005, Entropy: 1.0920, Epsilon: 0.010
2026-04-19 01:35:33 | INFO | Episode 2370 - Reward: -200.000, Length: 200, Loss: 11.9389, Entropy: 1.0819, Epsilon: 0.010
2026-04-19 01:35:33 | INFO | Episode 2371 - Reward: -200.000, Length: 200, Loss: 18.4545, Entropy: 1.0843, Epsilon: 0.010
2026-04-19 01:35:34 | INFO | Episode 2372 - Reward: -200.000, Length: 200, Loss: 24.5051, Entropy: 1.0900, Epsilon: 0.010
2026-04-19 01:35:34 | INFO | Episode 2373 - Reward: -200.000, Length: 200, Loss: 6.1047, Entropy: 1.0940, Epsilon: 0.010
2026-04-19 01:35:36 | INFO | Episode 2374 - Reward: -200.000, Length: 200, Loss: 18.5207, Entropy: 1.0858, Epsilon: 0.010
2026-04-19 01:35:36 | INFO | Episode 2375 - Reward: -200.000, Length: 200, Loss: 6.1226, Entropy: 1.0916, Epsilon: 0.010
2026-04-19 01:35:37 | INFO | Episode 2376 - Reward: -200.000, Length: 200, Loss: 22.4861, Entropy: 1.0797, Epsilon: 0.010
2026-04-19 01:35:37 | INFO | Episode 2377 - Reward: -200.000, Length: 200, Loss: 15.5994, Entropy: 1.0864, Epsilon: 0.010
2026-04-19 01:35:37 | INFO | Episode 2378 - Reward: -200.000, Length: 200, Loss: 9.4135, Entropy: 1.0916, Epsilon: 0.010
2026-04-19 01:35:38 | INFO | Episode 2379 - Reward: -200.000, Length: 200, Loss: 9.3528, Entropy: 1.0939, Epsilon: 0.010
2026-04-19 01:35:38 | INFO | Episode 2380 - Reward: -200.000, Length: 200, Loss: 12.7048, Entropy: 1.0685, Epsilon: 0.010
2026-04-19 01:35:38 | INFO | Episode 2381 - Reward: -200.000, Length: 200, Loss: 12.4865, Entropy: 1.0752, Epsilon: 0.010
2026-04-19 01:35:39 | INFO | Episode 2382 - Reward: -200.000, Length: 200, Loss: 18.4645, Entropy: 1.0875, Epsilon: 0.010
2026-04-19 01:35:39 | INFO | Episode 2383 - Reward: -200.000, Length: 200, Loss: 15.5200, Entropy: 1.0855, Epsilon: 0.010
2026-04-19 01:35:39 | INFO | Episode 2384 - Reward: -200.000, Length: 200, Loss: 18.6295, Entropy: 1.0782, Epsilon: 0.010
2026-04-19 01:35:40 | INFO | Episode 2385 - Reward: -200.000, Length: 200, Loss: 15.4896, Entropy: 1.0685, Epsilon: 0.010
2026-04-19 01:35:40 | INFO | Episode 2386 - Reward: -200.000, Length: 200, Loss: 3.1287, Entropy: 1.0922, Epsilon: 0.010
2026-04-19 01:35:40 | INFO | Episode 2387 - Reward: -200.000, Length: 200, Loss: 3.1058, Entropy: 1.0929, Epsilon: 0.010
2026-04-19 01:35:41 | INFO | Episode 2388 - Reward: -200.000, Length: 200, Loss: 15.7816, Entropy: 1.0784, Epsilon: 0.010
2026-04-19 01:35:41 | INFO | Episode 2389 - Reward: -200.000, Length: 200, Loss: 6.4544, Entropy: 1.0930, Epsilon: 0.010
2026-04-19 01:35:41 | INFO | Episode 2390 - Reward: -200.000, Length: 200, Loss: 19.0870, Entropy: 1.0869, Epsilon: 0.010
2026-04-19 01:35:42 | INFO | Episode 2391 - Reward: -200.000, Length: 200, Loss: 12.8964, Entropy: 1.0810, Epsilon: 0.010
2026-04-19 01:35:42 | INFO | Episode 2392 - Reward: -200.000, Length: 200, Loss: 25.8930, Entropy: 1.0839, Epsilon: 0.010
2026-04-19 01:35:42 | INFO | Episode 2393 - Reward: -200.000, Length: 200, Loss: 19.4160, Entropy: 1.0820, Epsilon: 0.010
2026-04-19 01:35:43 | INFO | Episode 2394 - Reward: -200.000, Length: 200, Loss: 19.5518, Entropy: 1.0850, Epsilon: 0.010
2026-04-19 01:35:43 | INFO | Episode 2395 - Reward: -200.000, Length: 200, Loss: 9.8187, Entropy: 1.0799, Epsilon: 0.010
2026-04-19 01:35:43 | INFO | Episode 2396 - Reward: -200.000, Length: 200, Loss: 9.7900, Entropy: 1.0832, Epsilon: 0.010
2026-04-19 01:35:44 | INFO | Episode 2397 - Reward: -200.000, Length: 200, Loss: 16.3586, Entropy: 1.0820, Epsilon: 0.010
2026-04-19 01:35:44 | INFO | Episode 2398 - Reward: -200.000, Length: 200, Loss: 19.6086, Entropy: 1.0876, Epsilon: 0.010
2026-04-19 01:35:44 | INFO | Episode 2399 - Reward: -200.000, Length: 200, Loss: 19.9020, Entropy: 1.0837, Epsilon: 0.010
2026-04-19 01:35:45 | INFO | Episode 2400 - Reward: -200.000, Length: 200, Loss: 16.4804, Entropy: 1.0836, Epsilon: 0.010
2026-04-19 01:35:49 | INFO | [Episode 2400] eps=0.010  avg_reward=-200.000  avg_length=200.00  avg_loss= 14.7376  avg_entropy=1.0836  eval_success=0.000
2026-04-19 01:35:50 | INFO | Episode 2401 - Reward: -200.000, Length: 200, Loss: 22.8359, Entropy: 1.0767, Epsilon: 0.010
2026-04-19 01:35:50 | INFO | Episode 2402 - Reward: -200.000, Length: 200, Loss: 6.3873, Entropy: 1.0916, Epsilon: 0.010
2026-04-19 01:35:50 | INFO | Episode 2403 - Reward: -200.000, Length: 200, Loss: 9.8298, Entropy: 1.0926, Epsilon: 0.010
2026-04-19 01:35:51 | INFO | Episode 2404 - Reward: -200.000, Length: 200, Loss: 20.2134, Entropy: 1.0772, Epsilon: 0.010
2026-04-19 01:35:51 | INFO | Episode 2405 - Reward: -200.000, Length: 200, Loss: 16.4511, Entropy: 1.0797, Epsilon: 0.010
2026-04-19 01:35:51 | INFO | Episode 2406 - Reward: -200.000, Length: 200, Loss: 26.7139, Entropy: 1.0754, Epsilon: 0.010
2026-04-19 01:35:52 | INFO | Episode 2407 - Reward: -200.000, Length: 200, Loss: 13.3441, Entropy: 1.0820, Epsilon: 0.010
2026-04-19 01:35:52 | INFO | Episode 2408 - Reward: -200.000, Length: 200, Loss: 29.7354, Entropy: 1.0453, Epsilon: 0.010
2026-04-19 01:35:52 | INFO | Episode 2409 - Reward: -200.000, Length: 200, Loss: 19.5827, Entropy: 1.0726, Epsilon: 0.010
2026-04-19 01:35:53 | INFO | Episode 2410 - Reward: -200.000, Length: 200, Loss: 15.9099, Entropy: 1.0936, Epsilon: 0.010
2026-04-19 01:35:53 | INFO | Episode 2411 - Reward: -200.000, Length: 200, Loss: 19.1056, Entropy: 1.0700, Epsilon: 0.010
2026-04-19 01:35:53 | INFO | Episode 2412 - Reward: -200.000, Length: 200, Loss: 6.2759, Entropy: 1.0880, Epsilon: 0.010
2026-04-19 01:35:54 | INFO | Episode 2413 - Reward: -200.000, Length: 200, Loss: 6.2761, Entropy: 1.0861, Epsilon: 0.010
2026-04-19 01:35:54 | INFO | Episode 2414 - Reward: -200.000, Length: 200, Loss: 34.9430, Entropy: 1.0660, Epsilon: 0.010
2026-04-19 01:35:54 | INFO | Episode 2415 - Reward: -200.000, Length: 200, Loss: 12.7565, Entropy: 1.0881, Epsilon: 0.010
2026-04-19 01:35:55 | INFO | Episode 2416 - Reward: -200.000, Length: 200, Loss: 18.9610, Entropy: 1.0838, Epsilon: 0.010
2026-04-19 01:35:55 | INFO | Episode 2417 - Reward: -200.000, Length: 200, Loss: 18.8735, Entropy: 1.0705, Epsilon: 0.010
2026-04-19 01:35:55 | INFO | Episode 2418 - Reward: -200.000, Length: 200, Loss: 28.5849, Entropy: 1.0777, Epsilon: 0.010
2026-04-19 01:35:56 | INFO | Episode 2419 - Reward: -200.000, Length: 200, Loss: 12.2907, Entropy: 1.0882, Epsilon: 0.010
2026-04-19 01:35:56 | INFO | Episode 2420 - Reward: -200.000, Length: 200, Loss: 21.5505, Entropy: 1.0814, Epsilon: 0.010
2026-04-19 01:35:56 | INFO | Episode 2421 - Reward: -200.000, Length: 200, Loss: 9.4173, Entropy: 1.0922, Epsilon: 0.010
2026-04-19 01:35:57 | INFO | Episode 2422 - Reward: -200.000, Length: 200, Loss: 9.3219, Entropy: 1.0934, Epsilon: 0.010
2026-04-19 01:35:57 | INFO | Episode 2423 - Reward: -200.000, Length: 200, Loss: 18.7828, Entropy: 1.0905, Epsilon: 0.010
2026-04-19 01:35:57 | INFO | Episode 2424 - Reward: -200.000, Length: 200, Loss: 15.8948, Entropy: 1.0645, Epsilon: 0.010
2026-04-19 01:35:58 | INFO | Episode 2425 - Reward: -200.000, Length: 200, Loss: 12.5458, Entropy: 1.0754, Epsilon: 0.010
2026-04-19 01:35:58 | INFO | Episode 2426 - Reward: -200.000, Length: 200, Loss: 18.9130, Entropy: 1.0723, Epsilon: 0.010
2026-04-19 01:35:58 | INFO | Episode 2427 - Reward: -200.000, Length: 200, Loss: 21.8443, Entropy: 1.0653, Epsilon: 0.010
2026-04-19 01:35:59 | INFO | Episode 2428 - Reward: -200.000, Length: 200, Loss: 25.1667, Entropy: 1.0730, Epsilon: 0.010
2026-04-19 01:35:59 | INFO | Episode 2429 - Reward: -200.000, Length: 200, Loss: 6.3028, Entropy: 1.0822, Epsilon: 0.010
2026-04-19 01:35:59 | INFO | Episode 2430 - Reward: -200.000, Length: 200, Loss: 15.9136, Entropy: 1.0931, Epsilon: 0.010
2026-04-19 01:36:00 | INFO | Episode 2431 - Reward: -200.000, Length: 200, Loss: 6.2934, Entropy: 1.0942, Epsilon: 0.010
2026-04-19 01:36:00 | INFO | Episode 2432 - Reward: -200.000, Length: 200, Loss: 6.2929, Entropy: 1.0948, Epsilon: 0.010
2026-04-19 01:36:00 | INFO | Episode 2433 - Reward: -200.000, Length: 200, Loss: 25.4569, Entropy: 1.0872, Epsilon: 0.010
2026-04-19 01:36:01 | INFO | Episode 2434 - Reward: -200.000, Length: 200, Loss: 16.2008, Entropy: 1.0649, Epsilon: 0.010
2026-04-19 01:36:01 | INFO | Episode 2435 - Reward: -200.000, Length: 200, Loss: 16.1875, Entropy: 1.0911, Epsilon: 0.010
2026-04-19 01:36:01 | INFO | Episode 2436 - Reward: -200.000, Length: 200, Loss: 9.9164, Entropy: 1.0881, Epsilon: 0.010
2026-04-19 01:36:02 | INFO | Episode 2437 - Reward: -200.000, Length: 200, Loss: 26.1767, Entropy: 1.0676, Epsilon: 0.010
2026-04-19 01:36:02 | INFO | Episode 2438 - Reward: -200.000, Length: 200, Loss: 12.8659, Entropy: 1.0762, Epsilon: 0.010
2026-04-19 01:36:02 | INFO | Episode 2439 - Reward: -200.000, Length: 200, Loss: 6.5648, Entropy: 1.0907, Epsilon: 0.010
2026-04-19 01:36:03 | INFO | Episode 2440 - Reward: -200.000, Length: 200, Loss: 25.6144, Entropy: 1.0673, Epsilon: 0.010
2026-04-19 01:36:03 | INFO | Episode 2441 - Reward: -200.000, Length: 200, Loss: 16.0689, Entropy: 1.0764, Epsilon: 0.010
2026-04-19 01:36:03 | INFO | Episode 2442 - Reward: -200.000, Length: 200, Loss: 16.4486, Entropy: 1.0827, Epsilon: 0.010
2026-04-19 01:36:04 | INFO | Episode 2443 - Reward: -200.000, Length: 200, Loss: 6.5286, Entropy: 1.0914, Epsilon: 0.010
2026-04-19 01:36:04 | INFO | Episode 2444 - Reward: -200.000, Length: 200, Loss: 19.5134, Entropy: 1.0904, Epsilon: 0.010
2026-04-19 01:36:04 | INFO | Episode 2445 - Reward: -200.000, Length: 200, Loss: 13.0976, Entropy: 1.0876, Epsilon: 0.010
2026-04-19 01:36:05 | INFO | Episode 2446 - Reward: -200.000, Length: 200, Loss: 6.6367, Entropy: 1.0833, Epsilon: 0.010
2026-04-19 01:36:05 | INFO | Episode 2447 - Reward: -200.000, Length: 200, Loss: 9.7264, Entropy: 1.0845, Epsilon: 0.010
2026-04-19 01:36:05 | INFO | Episode 2448 - Reward: -200.000, Length: 200, Loss: 15.8657, Entropy: 1.0809, Epsilon: 0.010
2026-04-19 01:36:06 | INFO | Episode 2449 - Reward: -200.000, Length: 200, Loss: 28.4380, Entropy: 1.0799, Epsilon: 0.010
2026-04-19 01:36:06 | INFO | Episode 2450 - Reward: -200.000, Length: 200, Loss: 12.7902, Entropy: 1.0937, Epsilon: 0.010
2026-04-19 01:36:06 | INFO | Episode 2451 - Reward: -200.000, Length: 200, Loss: 15.6093, Entropy: 1.0866, Epsilon: 0.010
2026-04-19 01:36:07 | INFO | Episode 2452 - Reward: -200.000, Length: 200, Loss: 22.1474, Entropy: 1.0885, Epsilon: 0.010
2026-04-19 01:36:07 | INFO | Episode 2453 - Reward: -200.000, Length: 200, Loss: 6.1588, Entropy: 1.0940, Epsilon: 0.010
2026-04-19 01:36:07 | INFO | Episode 2454 - Reward: -200.000, Length: 200, Loss: 15.7479, Entropy: 1.0881, Epsilon: 0.010
2026-04-19 01:36:08 | INFO | Episode 2455 - Reward: -200.000, Length: 200, Loss: 12.3743, Entropy: 1.0889, Epsilon: 0.010
2026-04-19 01:36:08 | INFO | Episode 2456 - Reward: -200.000, Length: 200, Loss: 25.6302, Entropy: 1.0757, Epsilon: 0.010
2026-04-19 01:36:08 | INFO | Episode 2457 - Reward: -200.000, Length: 200, Loss: 22.0024, Entropy: 1.0735, Epsilon: 0.010
2026-04-19 01:36:09 | INFO | Episode 2458 - Reward: -200.000, Length: 200, Loss: 12.8299, Entropy: 1.0941, Epsilon: 0.010
2026-04-19 01:36:09 | INFO | Episode 2459 - Reward: -200.000, Length: 200, Loss: 6.4642, Entropy: 1.0918, Epsilon: 0.010
2026-04-19 01:36:09 | INFO | Episode 2460 - Reward: -200.000, Length: 200, Loss: 28.7333, Entropy: 1.0823, Epsilon: 0.010
2026-04-19 01:36:10 | INFO | Episode 2461 - Reward: -200.000, Length: 200, Loss: 12.6487, Entropy: 1.0868, Epsilon: 0.010
2026-04-19 01:36:10 | INFO | Episode 2462 - Reward: -200.000, Length: 200, Loss: 18.6221, Entropy: 1.0879, Epsilon: 0.010
2026-04-19 01:36:10 | INFO | Episode 2463 - Reward: -200.000, Length: 200, Loss: 21.4911, Entropy: 1.0468, Epsilon: 0.010
2026-04-19 01:36:11 | INFO | Episode 2464 - Reward: -200.000, Length: 200, Loss: -0.0863, Entropy: 1.0959, Epsilon: 0.010
2026-04-19 01:36:11 | INFO | Episode 2465 - Reward: -200.000, Length: 200, Loss: 15.3803, Entropy: 1.0943, Epsilon: 0.010
2026-04-19 01:36:11 | INFO | Episode 2466 - Reward: -200.000, Length: 200, Loss: 11.9543, Entropy: 1.0549, Epsilon: 0.010
2026-04-19 01:36:12 | INFO | Episode 2467 - Reward: -200.000, Length: 200, Loss: 18.6595, Entropy: 1.0847, Epsilon: 0.010
2026-04-19 01:36:12 | INFO | Episode 2468 - Reward: -200.000, Length: 200, Loss: 9.4438, Entropy: 1.0875, Epsilon: 0.010
2026-04-19 01:36:12 | INFO | Episode 2469 - Reward: -200.000, Length: 200, Loss: 9.1977, Entropy: 1.0939, Epsilon: 0.010
2026-04-19 01:36:13 | INFO | Episode 2470 - Reward: -200.000, Length: 200, Loss: 18.6518, Entropy: 1.0889, Epsilon: 0.010
2026-04-19 01:36:13 | INFO | Episode 2471 - Reward: -200.000, Length: 200, Loss: 3.0007, Entropy: 1.0903, Epsilon: 0.010
2026-04-19 01:36:13 | INFO | Episode 2472 - Reward: -200.000, Length: 200, Loss: 6.2924, Entropy: 1.0891, Epsilon: 0.010
2026-04-19 01:36:14 | INFO | Episode 2473 - Reward: -200.000, Length: 200, Loss: 6.0055, Entropy: 1.0944, Epsilon: 0.010
2026-04-19 01:36:14 | INFO | Episode 2474 - Reward: -200.000, Length: 200, Loss: 15.2737, Entropy: 1.0928, Epsilon: 0.010
2026-04-19 01:36:14 | INFO | Episode 2475 - Reward: -200.000, Length: 200, Loss: 24.3553, Entropy: 1.0859, Epsilon: 0.010
2026-04-19 01:36:15 | INFO | Episode 2476 - Reward: -200.000, Length: 200, Loss: 8.9233, Entropy: 1.0880, Epsilon: 0.010
2026-04-19 01:36:15 | INFO | Episode 2477 - Reward: -200.000, Length: 200, Loss: 12.1755, Entropy: 1.0918, Epsilon: 0.010
2026-04-19 01:36:15 | INFO | Episode 2478 - Reward: -200.000, Length: 200, Loss: 12.1012, Entropy: 1.0919, Epsilon: 0.010
2026-04-19 01:36:16 | INFO | Episode 2479 - Reward: -200.000, Length: 200, Loss: 9.4278, Entropy: 1.0984, Epsilon: 0.010
2026-04-19 01:36:16 | INFO | Episode 2480 - Reward: -200.000, Length: 200, Loss: 21.7542, Entropy: 1.0745, Epsilon: 0.010
2026-04-19 01:36:16 | INFO | Episode 2481 - Reward: -200.000, Length: 200, Loss: 12.3862, Entropy: 1.0913, Epsilon: 0.010
2026-04-19 01:36:17 | INFO | Episode 2482 - Reward: -200.000, Length: 200, Loss: 22.2011, Entropy: 1.0745, Epsilon: 0.010
2026-04-19 01:36:17 | INFO | Episode 2483 - Reward: -200.000, Length: 200, Loss: 12.4888, Entropy: 1.0692, Epsilon: 0.010
2026-04-19 01:36:17 | INFO | Episode 2484 - Reward: -200.000, Length: 200, Loss: 16.0064, Entropy: 1.0791, Epsilon: 0.010
2026-04-19 01:36:18 | INFO | Episode 2485 - Reward: -200.000, Length: 200, Loss: 18.8730, Entropy: 1.0735, Epsilon: 0.010
2026-04-19 01:36:18 | INFO | Episode 2486 - Reward: -200.000, Length: 200, Loss: 9.4142, Entropy: 1.0902, Epsilon: 0.010
2026-04-19 01:36:18 | INFO | Episode 2487 - Reward: -200.000, Length: 200, Loss: 19.4519, Entropy: 1.0812, Epsilon: 0.010
2026-04-19 01:36:19 | INFO | Episode 2488 - Reward: -200.000, Length: 200, Loss: 12.8930, Entropy: 1.0838, Epsilon: 0.010
2026-04-19 01:36:19 | INFO | Episode 2489 - Reward: -200.000, Length: 200, Loss: 16.4730, Entropy: 1.0863, Epsilon: 0.010
2026-04-19 01:36:19 | INFO | Episode 2490 - Reward: -200.000, Length: 200, Loss: 16.2660, Entropy: 1.0809, Epsilon: 0.010
2026-04-19 01:36:20 | INFO | Episode 2491 - Reward: -200.000, Length: 200, Loss: 29.1083, Entropy: 1.0838, Epsilon: 0.010
2026-04-19 01:36:20 | INFO | Episode 2492 - Reward: -200.000, Length: 200, Loss: 3.3040, Entropy: 1.0944, Epsilon: 0.010
2026-04-19 01:36:21 | INFO | Episode 2493 - Reward: -200.000, Length: 200, Loss: 19.4265, Entropy: 1.0876, Epsilon: 0.010
2026-04-19 01:36:21 | INFO | Episode 2494 - Reward: -200.000, Length: 200, Loss: 13.2262, Entropy: 1.0756, Epsilon: 0.010
2026-04-19 01:36:21 | INFO | Episode 2495 - Reward: -200.000, Length: 200, Loss: 16.5785, Entropy: 1.0736, Epsilon: 0.010
2026-04-19 01:36:22 | INFO | Episode 2496 - Reward: -200.000, Length: 200, Loss: 9.9505, Entropy: 1.0934, Epsilon: 0.010
2026-04-19 01:36:22 | INFO | Episode 2497 - Reward: -200.000, Length: 200, Loss: 10.0757, Entropy: 1.0853, Epsilon: 0.010
2026-04-19 01:36:22 | INFO | Episode 2498 - Reward: -200.000, Length: 200, Loss: 13.4304, Entropy: 1.0936, Epsilon: 0.010
2026-04-19 01:36:23 | INFO | Episode 2499 - Reward: -200.000, Length: 200, Loss: 10.2234, Entropy: 1.0982, Epsilon: 0.010
2026-04-19 01:36:23 | INFO | Episode 2500 - Reward: -200.000, Length: 200, Loss: 17.0305, Entropy: 1.0870, Epsilon: 0.010
2026-04-19 01:36:28 | INFO | [Episode 2500] eps=0.010  avg_reward=-200.000  avg_length=200.00  avg_loss= 15.3319  avg_entropy=1.0870  eval_success=0.000
2026-04-19 01:36:28 | INFO | Episode 2501 - Reward: -200.000, Length: 200, Loss: 3.3414, Entropy: 1.0936, Epsilon: 0.010
2026-04-19 01:36:28 | INFO | Episode 2502 - Reward: -200.000, Length: 200, Loss: 6.6954, Entropy: 1.0888, Epsilon: 0.010
2026-04-19 01:36:29 | INFO | Episode 2503 - Reward: -200.000, Length: 200, Loss: 10.3528, Entropy: 1.0927, Epsilon: 0.010
2026-04-19 01:36:29 | INFO | Episode 2504 - Reward: -200.000, Length: 200, Loss: 20.8036, Entropy: 1.0809, Epsilon: 0.010
2026-04-19 01:36:29 | INFO | Episode 2505 - Reward: -200.000, Length: 200, Loss: 24.1865, Entropy: 1.0662, Epsilon: 0.010
2026-04-19 01:36:30 | INFO | Episode 2506 - Reward: -200.000, Length: 200, Loss: 16.7897, Entropy: 1.0780, Epsilon: 0.010
2026-04-19 01:36:30 | INFO | Episode 2507 - Reward: -200.000, Length: 200, Loss: 29.3636, Entropy: 1.0855, Epsilon: 0.010
2026-04-19 01:36:30 | INFO | Episode 2508 - Reward: -200.000, Length: 200, Loss: 9.7632, Entropy: 1.0817, Epsilon: 0.010
2026-04-19 01:36:31 | INFO | Episode 2509 - Reward: -200.000, Length: 200, Loss: 9.7531, Entropy: 1.0823, Epsilon: 0.010
2026-04-19 01:36:31 | INFO | Episode 2510 - Reward: -200.000, Length: 200, Loss: 16.2537, Entropy: 1.0931, Epsilon: 0.010
2026-04-19 01:36:31 | INFO | Episode 2511 - Reward: -200.000, Length: 200, Loss: 32.5104, Entropy: 1.0856, Epsilon: 0.010
2026-04-19 01:36:32 | INFO | Episode 2512 - Reward: -200.000, Length: 200, Loss: 22.7756, Entropy: 1.0895, Epsilon: 0.010
2026-04-19 01:36:32 | INFO | Episode 2513 - Reward: -200.000, Length: 200, Loss: 9.8516, Entropy: 1.0902, Epsilon: 0.010
2026-04-19 01:36:32 | INFO | Episode 2514 - Reward: -200.000, Length: 200, Loss: 6.4287, Entropy: 1.0889, Epsilon: 0.010
2026-04-19 01:36:33 | INFO | Episode 2515 - Reward: -200.000, Length: 200, Loss: 16.3459, Entropy: 1.0826, Epsilon: 0.010
2026-04-19 01:36:33 | INFO | Episode 2516 - Reward: -200.000, Length: 200, Loss: 31.6844, Entropy: 1.0685, Epsilon: 0.010
2026-04-19 01:36:33 | INFO | Episode 2517 - Reward: -200.000, Length: 200, Loss: 12.8749, Entropy: 1.0767, Epsilon: 0.010
2026-04-19 01:36:34 | INFO | Episode 2518 - Reward: -200.000, Length: 200, Loss: 9.3922, Entropy: 1.0955, Epsilon: 0.010
2026-04-19 01:36:34 | INFO | Episode 2519 - Reward: -200.000, Length: 200, Loss: 16.1156, Entropy: 1.0764, Epsilon: 0.010
2026-04-19 01:36:34 | INFO | Episode 2520 - Reward: -200.000, Length: 200, Loss: 6.3981, Entropy: 1.0855, Epsilon: 0.010
2026-04-19 01:36:35 | INFO | Episode 2521 - Reward: -200.000, Length: 200, Loss: 3.2338, Entropy: 1.0939, Epsilon: 0.010
2026-04-19 01:36:35 | INFO | Episode 2522 - Reward: -200.000, Length: 200, Loss: 19.3506, Entropy: 1.0748, Epsilon: 0.010
2026-04-19 01:36:35 | INFO | Episode 2523 - Reward: -200.000, Length: 200, Loss: 6.5871, Entropy: 1.0926, Epsilon: 0.010
2026-04-19 01:36:36 | INFO | Episode 2524 - Reward: -200.000, Length: 200, Loss: 19.8968, Entropy: 1.0740, Epsilon: 0.010
2026-04-19 01:36:36 | INFO | Episode 2525 - Reward: -200.000, Length: 200, Loss: 16.2772, Entropy: 1.0821, Epsilon: 0.010
2026-04-19 01:36:36 | INFO | Episode 2526 - Reward: -200.000, Length: 200, Loss: 3.1804, Entropy: 1.0867, Epsilon: 0.010
2026-04-19 01:36:37 | INFO | Episode 2527 - Reward: -200.000, Length: 200, Loss: 16.6251, Entropy: 1.0907, Epsilon: 0.010
2026-04-19 01:36:37 | INFO | Episode 2528 - Reward: -200.000, Length: 200, Loss: 3.2797, Entropy: 1.0930, Epsilon: 0.010
2026-04-19 01:36:37 | INFO | Episode 2529 - Reward: -200.000, Length: 200, Loss: 19.6579, Entropy: 1.0844, Epsilon: 0.010
2026-04-19 01:36:38 | INFO | Episode 2530 - Reward: -200.000, Length: 200, Loss: 19.6632, Entropy: 1.0445, Epsilon: 0.010
2026-04-19 01:36:38 | INFO | Episode 2531 - Reward: -200.000, Length: 200, Loss: 23.2926, Entropy: 1.0538, Epsilon: 0.010
2026-04-19 01:36:38 | INFO | Episode 2532 - Reward: -200.000, Length: 200, Loss: 10.0411, Entropy: 1.0861, Epsilon: 0.010
2026-04-19 01:36:39 | INFO | Episode 2533 - Reward: -200.000, Length: 200, Loss: 3.4315, Entropy: 1.0913, Epsilon: 0.010
2026-04-19 01:36:39 | INFO | Episode 2534 - Reward: -200.000, Length: 200, Loss: 10.2178, Entropy: 1.0869, Epsilon: 0.010
2026-04-19 01:36:39 | INFO | Episode 2535 - Reward: -200.000, Length: 200, Loss: 9.9268, Entropy: 1.0870, Epsilon: 0.010
2026-04-19 01:36:40 | INFO | Episode 2536 - Reward: -200.000, Length: 200, Loss: 6.6799, Entropy: 1.0922, Epsilon: 0.010
2026-04-19 01:36:40 | INFO | Episode 2537 - Reward: -200.000, Length: 200, Loss: 13.4231, Entropy: 1.0887, Epsilon: 0.010
2026-04-19 01:36:40 | INFO | Episode 2538 - Reward: -200.000, Length: 200, Loss: 10.4982, Entropy: 1.0767, Epsilon: 0.010
2026-04-19 01:36:41 | INFO | Episode 2539 - Reward: -200.000, Length: 200, Loss: 10.4526, Entropy: 1.0890, Epsilon: 0.010
2026-04-19 01:36:41 | INFO | Episode 2540 - Reward: -200.000, Length: 200, Loss: 27.4377, Entropy: 1.0834, Epsilon: 0.010
2026-04-19 01:36:41 | INFO | Episode 2541 - Reward: -200.000, Length: 200, Loss: 20.4733, Entropy: 1.0737, Epsilon: 0.010
2026-04-19 01:36:42 | INFO | Episode 2542 - Reward: -200.000, Length: 200, Loss: 20.6501, Entropy: 1.0807, Epsilon: 0.010
2026-04-19 01:36:42 | INFO | Episode 2543 - Reward: -200.000, Length: 200, Loss: 13.8248, Entropy: 1.0859, Epsilon: 0.010
2026-04-19 01:36:42 | INFO | Episode 2544 - Reward: -200.000, Length: 200, Loss: 6.6605, Entropy: 1.0894, Epsilon: 0.010
2026-04-19 01:36:43 | INFO | Episode 2545 - Reward: -200.000, Length: 200, Loss: 6.9120, Entropy: 1.0894, Epsilon: 0.010
2026-04-19 01:36:43 | INFO | Episode 2546 - Reward: -200.000, Length: 200, Loss: 33.1562, Entropy: 1.0825, Epsilon: 0.010
2026-04-19 01:36:43 | INFO | Episode 2547 - Reward: -200.000, Length: 200, Loss: 6.5675, Entropy: 1.0870, Epsilon: 0.010
2026-04-19 01:36:44 | INFO | Episode 2548 - Reward: -200.000, Length: 200, Loss: 23.7773, Entropy: 1.0677, Epsilon: 0.010
2026-04-19 01:36:44 | INFO | Episode 2549 - Reward: -200.000, Length: 200, Loss: 6.5672, Entropy: 1.0868, Epsilon: 0.010
2026-04-19 01:36:44 | INFO | Episode 2550 - Reward: -200.000, Length: 200, Loss: 13.5254, Entropy: 1.0833, Epsilon: 0.010
2026-04-19 01:36:45 | INFO | Episode 2551 - Reward: -200.000, Length: 200, Loss: 16.8905, Entropy: 1.0893, Epsilon: 0.010
2026-04-19 01:36:45 | INFO | Episode 2552 - Reward: -200.000, Length: 200, Loss: 23.1233, Entropy: 1.0569, Epsilon: 0.010
2026-04-19 01:36:45 | INFO | Episode 2553 - Reward: -200.000, Length: 200, Loss: 10.2551, Entropy: 1.0816, Epsilon: 0.010
2026-04-19 01:36:46 | INFO | Episode 2554 - Reward: -200.000, Length: 200, Loss: 7.0900, Entropy: 1.0853, Epsilon: 0.010
2026-04-19 01:36:46 | INFO | Episode 2555 - Reward: -200.000, Length: 200, Loss: 27.3664, Entropy: 1.0468, Epsilon: 0.010
2026-04-19 01:36:46 | INFO | Episode 2556 - Reward: -200.000, Length: 200, Loss: 13.4978, Entropy: 1.0867, Epsilon: 0.010
2026-04-19 01:36:47 | INFO | Episode 2557 - Reward: -200.000, Length: 200, Loss: 6.7548, Entropy: 1.0908, Epsilon: 0.010
2026-04-19 01:36:47 | INFO | Episode 2558 - Reward: -200.000, Length: 200, Loss: 23.9446, Entropy: 1.0749, Epsilon: 0.010
2026-04-19 01:36:47 | INFO | Episode 2559 - Reward: -200.000, Length: 200, Loss: 20.5921, Entropy: 1.0803, Epsilon: 0.010
2026-04-19 01:36:48 | INFO | Episode 2560 - Reward: -200.000, Length: 200, Loss: 13.7022, Entropy: 1.0686, Epsilon: 0.010
2026-04-19 01:36:48 | INFO | Episode 2561 - Reward: -200.000, Length: 200, Loss: 13.8286, Entropy: 1.0815, Epsilon: 0.010
2026-04-19 01:36:48 | INFO | Episode 2562 - Reward: -200.000, Length: 200, Loss: 17.4363, Entropy: 1.0730, Epsilon: 0.010
2026-04-19 01:36:49 | INFO | Episode 2563 - Reward: -200.000, Length: 200, Loss: 13.5026, Entropy: 1.0878, Epsilon: 0.010
2026-04-19 01:36:49 | INFO | Episode 2564 - Reward: -200.000, Length: 200, Loss: 31.0979, Entropy: 1.0423, Epsilon: 0.010
2026-04-19 01:36:49 | INFO | Episode 2565 - Reward: -200.000, Length: 200, Loss: 10.3022, Entropy: 1.0835, Epsilon: 0.010
2026-04-19 01:36:50 | INFO | Episode 2566 - Reward: -200.000, Length: 200, Loss: 16.8392, Entropy: 1.0753, Epsilon: 0.010
2026-04-19 01:36:50 | INFO | Episode 2567 - Reward: -200.000, Length: 200, Loss: 23.4968, Entropy: 1.0785, Epsilon: 0.010
2026-04-19 01:36:50 | INFO | Episode 2568 - Reward: -200.000, Length: 200, Loss: 29.8211, Entropy: 1.0856, Epsilon: 0.010
2026-04-19 01:36:51 | INFO | Episode 2569 - Reward: -200.000, Length: 200, Loss: 23.0423, Entropy: 1.0794, Epsilon: 0.010
2026-04-19 01:36:51 | INFO | Episode 2570 - Reward: -200.000, Length: 200, Loss: 19.6916, Entropy: 1.0915, Epsilon: 0.010
2026-04-19 01:36:51 | INFO | Episode 2571 - Reward: -200.000, Length: 200, Loss: 13.0471, Entropy: 1.0896, Epsilon: 0.010
2026-04-19 01:36:52 | INFO | Episode 2572 - Reward: -200.000, Length: 200, Loss: 16.5263, Entropy: 1.0816, Epsilon: 0.010
2026-04-19 01:36:52 | INFO | Episode 2573 - Reward: -200.000, Length: 200, Loss: 16.3320, Entropy: 1.0871, Epsilon: 0.010
2026-04-19 01:36:52 | INFO | Episode 2574 - Reward: -200.000, Length: 200, Loss: 12.9418, Entropy: 1.0906, Epsilon: 0.010
2026-04-19 01:36:53 | INFO | Episode 2575 - Reward: -200.000, Length: 200, Loss: 19.3483, Entropy: 1.0782, Epsilon: 0.010
2026-04-19 01:36:53 | INFO | Episode 2576 - Reward: -200.000, Length: 200, Loss: 13.2567, Entropy: 1.0931, Epsilon: 0.010
2026-04-19 01:36:53 | INFO | Episode 2577 - Reward: -200.000, Length: 200, Loss: 6.5170, Entropy: 1.0896, Epsilon: 0.010
2026-04-19 01:36:54 | INFO | Episode 2578 - Reward: -200.000, Length: 200, Loss: 16.7529, Entropy: 1.0846, Epsilon: 0.010
2026-04-19 01:36:54 | INFO | Episode 2579 - Reward: -200.000, Length: 200, Loss: 10.1601, Entropy: 1.0904, Epsilon: 0.010
2026-04-19 01:36:54 | INFO | Episode 2580 - Reward: -200.000, Length: 200, Loss: 19.9974, Entropy: 1.0838, Epsilon: 0.010
2026-04-19 01:36:55 | INFO | Episode 2581 - Reward: -200.000, Length: 200, Loss: 6.4063, Entropy: 1.0851, Epsilon: 0.010
2026-04-19 01:36:55 | INFO | Episode 2582 - Reward: -200.000, Length: 200, Loss: 29.2438, Entropy: 1.0584, Epsilon: 0.010
2026-04-19 01:36:56 | INFO | Episode 2583 - Reward: -200.000, Length: 200, Loss: 23.0014, Entropy: 1.0771, Epsilon: 0.010
2026-04-19 01:36:56 | INFO | Episode 2584 - Reward: -200.000, Length: 200, Loss: 18.7981, Entropy: 1.0652, Epsilon: 0.010
2026-04-19 01:36:56 | INFO | Episode 2585 - Reward: -200.000, Length: 200, Loss: 15.7394, Entropy: 1.0767, Epsilon: 0.010
2026-04-19 01:36:57 | INFO | Episode 2586 - Reward: -200.000, Length: 200, Loss: 19.3924, Entropy: 1.0801, Epsilon: 0.010
2026-04-19 01:36:57 | INFO | Episode 2587 - Reward: -200.000, Length: 200, Loss: 15.7714, Entropy: 1.0877, Epsilon: 0.010
2026-04-19 01:36:57 | INFO | Episode 2588 - Reward: -200.000, Length: 200, Loss: 13.0153, Entropy: 1.0780, Epsilon: 0.010
2026-04-19 01:36:58 | INFO | Episode 2589 - Reward: -200.000, Length: 200, Loss: 16.2268, Entropy: 1.0792, Epsilon: 0.010
2026-04-19 01:36:58 | INFO | Episode 2590 - Reward: -200.000, Length: 200, Loss: 16.1865, Entropy: 1.0889, Epsilon: 0.010
2026-04-19 01:36:58 | INFO | Episode 2591 - Reward: -200.000, Length: 200, Loss: 6.4097, Entropy: 1.0909, Epsilon: 0.010
2026-04-19 01:36:59 | INFO | Episode 2592 - Reward: -200.000, Length: 200, Loss: 16.0596, Entropy: 1.0901, Epsilon: 0.010
2026-04-19 01:36:59 | INFO | Episode 2593 - Reward: -200.000, Length: 200, Loss: 19.2991, Entropy: 1.0791, Epsilon: 0.010
2026-04-19 01:36:59 | INFO | Episode 2594 - Reward: -200.000, Length: 200, Loss: 19.0964, Entropy: 1.0433, Epsilon: 0.010
2026-04-19 01:37:00 | INFO | Episode 2595 - Reward: -200.000, Length: 200, Loss: 15.7128, Entropy: 1.0338, Epsilon: 0.010
2026-04-19 01:37:00 | INFO | Episode 2596 - Reward: -200.000, Length: 200, Loss: 25.2088, Entropy: 1.0889, Epsilon: 0.010
2026-04-19 01:37:00 | INFO | Episode 2597 - Reward: -200.000, Length: 200, Loss: 19.0947, Entropy: 1.0811, Epsilon: 0.010
2026-04-19 01:37:01 | INFO | Episode 2598 - Reward: -200.000, Length: 200, Loss: 12.5806, Entropy: 1.0928, Epsilon: 0.010
2026-04-19 01:37:01 | INFO | Episode 2599 - Reward: -200.000, Length: 200, Loss: 30.8778, Entropy: 1.0619, Epsilon: 0.010
2026-04-19 01:37:01 | INFO | Episode 2600 - Reward: -200.000, Length: 200, Loss: 18.6567, Entropy: 1.0852, Epsilon: 0.010
2026-04-19 01:37:06 | INFO | [Episode 2600] eps=0.010  avg_reward=-200.000  avg_length=200.00  avg_loss= 15.8088  avg_entropy=1.0852  eval_success=0.000
2026-04-19 01:37:06 | INFO | Episode 2601 - Reward: -200.000, Length: 200, Loss: 9.4409, Entropy: 1.0882, Epsilon: 0.010
2026-04-19 01:37:07 | INFO | Episode 2602 - Reward: -200.000, Length: 200, Loss: 15.5030, Entropy: 1.0810, Epsilon: 0.010
2026-04-19 01:37:07 | INFO | Episode 2603 - Reward: -200.000, Length: 200, Loss: 12.1084, Entropy: 1.0846, Epsilon: 0.010
2026-04-19 01:37:07 | INFO | Episode 2604 - Reward: -200.000, Length: 200, Loss: 11.9400, Entropy: 1.0764, Epsilon: 0.010
2026-04-19 01:37:08 | INFO | Episode 2605 - Reward: -200.000, Length: 200, Loss: 6.1650, Entropy: 1.0881, Epsilon: 0.010
2026-04-19 01:37:08 | INFO | Episode 2606 - Reward: -200.000, Length: 200, Loss: 15.7283, Entropy: 1.0916, Epsilon: 0.010
2026-04-19 01:37:08 | INFO | Episode 2607 - Reward: -200.000, Length: 200, Loss: 19.1340, Entropy: 1.0777, Epsilon: 0.010
2026-04-19 01:37:09 | INFO | Episode 2608 - Reward: -200.000, Length: 200, Loss: 9.4498, Entropy: 1.0895, Epsilon: 0.010
2026-04-19 01:37:09 | INFO | Episode 2609 - Reward: -200.000, Length: 200, Loss: 12.6189, Entropy: 1.0937, Epsilon: 0.010
2026-04-19 01:37:09 | INFO | Episode 2610 - Reward: -200.000, Length: 200, Loss: 12.6263, Entropy: 1.0764, Epsilon: 0.010
2026-04-19 01:37:10 | INFO | Episode 2611 - Reward: -200.000, Length: 200, Loss: 22.3871, Entropy: 1.0686, Epsilon: 0.010
2026-04-19 01:37:10 | INFO | Episode 2612 - Reward: -200.000, Length: 200, Loss: 9.6850, Entropy: 1.0923, Epsilon: 0.010
2026-04-19 01:37:10 | INFO | Episode 2613 - Reward: -200.000, Length: 200, Loss: 19.4281, Entropy: 1.0807, Epsilon: 0.010
2026-04-19 01:37:11 | INFO | Episode 2614 - Reward: -200.000, Length: 200, Loss: 22.8274, Entropy: 1.0699, Epsilon: 0.010
2026-04-19 01:37:11 | INFO | Episode 2615 - Reward: -200.000, Length: 200, Loss: 6.4658, Entropy: 1.0910, Epsilon: 0.010
2026-04-19 01:37:11 | INFO | Episode 2616 - Reward: -200.000, Length: 200, Loss: 16.0483, Entropy: 1.0848, Epsilon: 0.010
2026-04-19 01:37:12 | INFO | Episode 2617 - Reward: -200.000, Length: 200, Loss: 9.5045, Entropy: 1.0921, Epsilon: 0.010
2026-04-19 01:37:12 | INFO | Episode 2618 - Reward: -200.000, Length: 200, Loss: 12.5209, Entropy: 1.0834, Epsilon: 0.010
2026-04-19 01:37:12 | INFO | Episode 2619 - Reward: -200.000, Length: 200, Loss: 25.8280, Entropy: 1.0871, Epsilon: 0.010
2026-04-19 01:37:13 | INFO | Episode 2620 - Reward: -200.000, Length: 200, Loss: 9.3126, Entropy: 1.0917, Epsilon: 0.010
2026-04-19 01:37:13 | INFO | Episode 2621 - Reward: -200.000, Length: 200, Loss: 15.9188, Entropy: 1.0916, Epsilon: 0.010
2026-04-19 01:37:13 | INFO | Episode 2622 - Reward: -200.000, Length: 200, Loss: 9.3526, Entropy: 1.0861, Epsilon: 0.010
2026-04-19 01:37:14 | INFO | Episode 2623 - Reward: -200.000, Length: 200, Loss: 22.1552, Entropy: 1.0715, Epsilon: 0.010
2026-04-19 01:37:14 | INFO | Episode 2624 - Reward: -200.000, Length: 200, Loss: 12.9008, Entropy: 1.0733, Epsilon: 0.010
2026-04-19 01:37:14 | INFO | Episode 2625 - Reward: -200.000, Length: 200, Loss: 12.6726, Entropy: 1.0927, Epsilon: 0.010
2026-04-19 01:37:15 | INFO | Episode 2626 - Reward: -200.000, Length: 200, Loss: 12.7242, Entropy: 1.0941, Epsilon: 0.010
2026-04-19 01:37:15 | INFO | Episode 2627 - Reward: -200.000, Length: 200, Loss: 9.6833, Entropy: 1.0881, Epsilon: 0.010
2026-04-19 01:37:15 | INFO | Episode 2628 - Reward: -200.000, Length: 200, Loss: 19.1456, Entropy: 1.0802, Epsilon: 0.010
2026-04-19 01:37:16 | INFO | Episode 2629 - Reward: -200.000, Length: 200, Loss: 9.7412, Entropy: 1.0846, Epsilon: 0.010
2026-04-19 01:37:16 | INFO | Episode 2630 - Reward: -200.000, Length: 200, Loss: 18.9399, Entropy: 1.0784, Epsilon: 0.010
2026-04-19 01:37:16 | INFO | Episode 2631 - Reward: -200.000, Length: 200, Loss: 18.5941, Entropy: 1.0684, Epsilon: 0.010
2026-04-19 01:37:17 | INFO | Episode 2632 - Reward: -200.000, Length: 200, Loss: 12.5211, Entropy: 1.0848, Epsilon: 0.010
2026-04-19 01:37:17 | INFO | Episode 2633 - Reward: -200.000, Length: 200, Loss: 12.2165, Entropy: 1.0870, Epsilon: 0.010
2026-04-19 01:37:17 | INFO | Episode 2634 - Reward: -200.000, Length: 200, Loss: 9.1310, Entropy: 1.0767, Epsilon: 0.010
2026-04-19 01:37:18 | INFO | Episode 2635 - Reward: -200.000, Length: 200, Loss: 2.9928, Entropy: 1.0901, Epsilon: 0.010
2026-04-19 01:37:18 | INFO | Episode 2636 - Reward: -200.000, Length: 200, Loss: 18.6625, Entropy: 1.0717, Epsilon: 0.010
2026-04-19 01:37:18 | INFO | Episode 2637 - Reward: -200.000, Length: 200, Loss: 12.7441, Entropy: 1.0861, Epsilon: 0.010
2026-04-19 01:37:19 | INFO | Episode 2638 - Reward: -200.000, Length: 200, Loss: 12.5715, Entropy: 1.0908, Epsilon: 0.010
2026-04-19 01:37:19 | INFO | Episode 2639 - Reward: -200.000, Length: 200, Loss: 12.6394, Entropy: 1.0883, Epsilon: 0.010
2026-04-19 01:37:19 | INFO | Episode 2640 - Reward: -200.000, Length: 200, Loss: 31.7621, Entropy: 1.0640, Epsilon: 0.010
2026-04-19 01:37:20 | INFO | Episode 2641 - Reward: -200.000, Length: 200, Loss: 21.5902, Entropy: 1.0859, Epsilon: 0.010
2026-04-19 01:37:20 | INFO | Episode 2642 - Reward: -200.000, Length: 200, Loss: 21.4559, Entropy: 1.0734, Epsilon: 0.010
2026-04-19 01:37:20 | INFO | Episode 2643 - Reward: -200.000, Length: 200, Loss: 21.3768, Entropy: 1.0646, Epsilon: 0.010
2026-04-19 01:37:21 | INFO | Episode 2644 - Reward: -200.000, Length: 200, Loss: 18.2684, Entropy: 1.0676, Epsilon: 0.010
2026-04-19 01:37:21 | INFO | Episode 2645 - Reward: -200.000, Length: 200, Loss: 33.5291, Entropy: 1.0523, Epsilon: 0.010
2026-04-19 01:37:21 | INFO | Episode 2646 - Reward: -200.000, Length: 200, Loss: 26.9096, Entropy: 1.0162, Epsilon: 0.010
2026-04-19 01:37:22 | INFO | Episode 2647 - Reward: -200.000, Length: 200, Loss: 14.6398, Entropy: 1.0913, Epsilon: 0.010
2026-04-19 01:37:22 | INFO | Episode 2648 - Reward: -200.000, Length: 200, Loss: 14.7872, Entropy: 1.0862, Epsilon: 0.010
2026-04-19 01:37:22 | INFO | Episode 2649 - Reward: -200.000, Length: 200, Loss: 23.4467, Entropy: 1.0903, Epsilon: 0.010
2026-04-19 01:37:23 | INFO | Episode 2650 - Reward: -200.000, Length: 200, Loss: 17.4861, Entropy: 1.0803, Epsilon: 0.010
2026-04-19 01:37:23 | INFO | Episode 2651 - Reward: -200.000, Length: 200, Loss: 9.0447, Entropy: 1.0899, Epsilon: 0.010
2026-04-19 01:37:23 | INFO | Episode 2652 - Reward: -200.000, Length: 200, Loss: 5.7553, Entropy: 1.0933, Epsilon: 0.010
2026-04-19 01:37:24 | INFO | Episode 2653 - Reward: -200.000, Length: 200, Loss: 2.9097, Entropy: 1.0966, Epsilon: 0.010
2026-04-19 01:37:24 | INFO | Episode 2654 - Reward: -200.000, Length: 200, Loss: 8.8993, Entropy: 1.0779, Epsilon: 0.010
2026-04-19 01:37:24 | INFO | Episode 2655 - Reward: -200.000, Length: 200, Loss: 11.5578, Entropy: 1.0861, Epsilon: 0.010
2026-04-19 01:37:25 | INFO | Episode 2656 - Reward: -200.000, Length: 200, Loss: 11.5062, Entropy: 1.0763, Epsilon: 0.010
2026-04-19 01:37:25 | INFO | Episode 2657 - Reward: -200.000, Length: 200, Loss: 14.1218, Entropy: 1.0851, Epsilon: 0.010
2026-04-19 01:37:25 | INFO | Episode 2658 - Reward: -200.000, Length: 200, Loss: 28.7606, Entropy: 1.0604, Epsilon: 0.010
2026-04-19 01:37:26 | INFO | Episode 2659 - Reward: -200.000, Length: 200, Loss: 8.6327, Entropy: 1.0839, Epsilon: 0.010
2026-04-19 01:37:26 | INFO | Episode 2660 - Reward: -200.000, Length: 200, Loss: 11.2977, Entropy: 1.0855, Epsilon: 0.010
2026-04-19 01:37:27 | INFO | Episode 2661 - Reward: -200.000, Length: 200, Loss: 17.2323, Entropy: 1.0937, Epsilon: 0.010
2026-04-19 01:37:27 | INFO | Episode 2662 - Reward: -200.000, Length: 200, Loss: 11.1917, Entropy: 1.0874, Epsilon: 0.010
2026-04-19 01:37:27 | INFO | Episode 2663 - Reward: -200.000, Length: 200, Loss: 11.1870, Entropy: 1.0850, Epsilon: 0.010
2026-04-19 01:37:28 | INFO | Episode 2664 - Reward: -200.000, Length: 200, Loss: 25.8045, Entropy: 1.0860, Epsilon: 0.010
2026-04-19 01:37:28 | INFO | Episode 2665 - Reward: -200.000, Length: 200, Loss: 8.5585, Entropy: 1.0919, Epsilon: 0.010
2026-04-19 01:37:28 | INFO | Episode 2666 - Reward: -200.000, Length: 200, Loss: 14.4566, Entropy: 1.0820, Epsilon: 0.010
2026-04-19 01:37:29 | INFO | Episode 2667 - Reward: -200.000, Length: 200, Loss: 31.7093, Entropy: 1.0824, Epsilon: 0.010
2026-04-19 01:37:29 | INFO | Episode 2668 - Reward: -200.000, Length: 200, Loss: 11.6749, Entropy: 1.0797, Epsilon: 0.010
2026-04-19 01:37:29 | INFO | Episode 2669 - Reward: -200.000, Length: 200, Loss: 14.4811, Entropy: 1.0890, Epsilon: 0.010
2026-04-19 01:37:30 | INFO | Episode 2670 - Reward: -200.000, Length: 200, Loss: 31.7567, Entropy: 1.0503, Epsilon: 0.010
2026-04-19 01:37:30 | INFO | Episode 2671 - Reward: -200.000, Length: 200, Loss: 16.6967, Entropy: 1.0674, Epsilon: 0.010
2026-04-19 01:37:30 | INFO | Episode 2672 - Reward: -200.000, Length: 200, Loss: 19.3795, Entropy: 1.0865, Epsilon: 0.010
2026-04-19 01:37:31 | INFO | Episode 2673 - Reward: -200.000, Length: 200, Loss: 16.5949, Entropy: 1.0853, Epsilon: 0.010
2026-04-19 01:37:31 | INFO | Episode 2674 - Reward: -200.000, Length: 200, Loss: 18.8431, Entropy: 1.0900, Epsilon: 0.010
2026-04-19 01:37:31 | INFO | Episode 2675 - Reward: -200.000, Length: 200, Loss: 26.5045, Entropy: 1.0548, Epsilon: 0.010
2026-04-19 01:37:32 | INFO | Episode 2676 - Reward: -200.000, Length: 200, Loss: 16.5255, Entropy: 1.0852, Epsilon: 0.010
2026-04-19 01:37:32 | INFO | Episode 2677 - Reward: -200.000, Length: 200, Loss: 24.1985, Entropy: 1.0804, Epsilon: 0.010
2026-04-19 01:37:32 | INFO | Episode 2678 - Reward: -200.000, Length: 200, Loss: 14.0024, Entropy: 1.0669, Epsilon: 0.010
2026-04-19 01:37:33 | INFO | Episode 2679 - Reward: -200.000, Length: 200, Loss: 13.7381, Entropy: 1.0851, Epsilon: 0.010
2026-04-19 01:37:33 | INFO | Episode 2680 - Reward: -200.000, Length: 200, Loss: 19.4733, Entropy: 1.0807, Epsilon: 0.010
2026-04-19 01:37:33 | INFO | Episode 2681 - Reward: -200.000, Length: 200, Loss: 16.0429, Entropy: 1.0720, Epsilon: 0.010
2026-04-19 01:37:34 | INFO | Episode 2682 - Reward: -200.000, Length: 200, Loss: -0.0968, Entropy: 1.0984, Epsilon: 0.010
2026-04-19 01:37:34 | INFO | Episode 2683 - Reward: -200.000, Length: 200, Loss: 13.3943, Entropy: 1.0878, Epsilon: 0.010
2026-04-19 01:37:34 | INFO | Episode 2684 - Reward: -200.000, Length: 200, Loss: 18.3019, Entropy: 1.0799, Epsilon: 0.010
2026-04-19 01:37:35 | INFO | Episode 2685 - Reward: -200.000, Length: 200, Loss: 5.2932, Entropy: 1.0898, Epsilon: 0.010
2026-04-19 01:37:35 | INFO | Episode 2686 - Reward: -200.000, Length: 200, Loss: 15.9354, Entropy: 1.0871, Epsilon: 0.010
2026-04-19 01:37:35 | INFO | Episode 2687 - Reward: -200.000, Length: 200, Loss: 18.3814, Entropy: 1.0950, Epsilon: 0.010
2026-04-19 01:37:36 | INFO | Episode 2688 - Reward: -200.000, Length: 200, Loss: 10.5752, Entropy: 1.0827, Epsilon: 0.010
2026-04-19 01:37:36 | INFO | Episode 2689 - Reward: -200.000, Length: 200, Loss: 10.8311, Entropy: 1.0894, Epsilon: 0.010
2026-04-19 01:37:36 | INFO | Episode 2690 - Reward: -200.000, Length: 200, Loss: 15.7460, Entropy: 1.0850, Epsilon: 0.010
2026-04-19 01:37:37 | INFO | Episode 2691 - Reward: -200.000, Length: 200, Loss: 13.3868, Entropy: 1.0865, Epsilon: 0.010
2026-04-19 01:37:37 | INFO | Episode 2692 - Reward: -200.000, Length: 200, Loss: 18.1510, Entropy: 1.0892, Epsilon: 0.010
2026-04-19 01:37:37 | INFO | Episode 2693 - Reward: -200.000, Length: 200, Loss: 21.2443, Entropy: 1.0752, Epsilon: 0.010
2026-04-19 01:37:38 | INFO | Episode 2694 - Reward: -200.000, Length: 200, Loss: 21.0941, Entropy: 1.0933, Epsilon: 0.010
2026-04-19 01:37:38 | INFO | Episode 2695 - Reward: -200.000, Length: 200, Loss: 15.7022, Entropy: 1.0844, Epsilon: 0.010
2026-04-19 01:37:38 | INFO | Episode 2696 - Reward: -200.000, Length: 200, Loss: 7.9377, Entropy: 1.0952, Epsilon: 0.010
2026-04-19 01:37:39 | INFO | Episode 2697 - Reward: -200.000, Length: 200, Loss: 15.7104, Entropy: 1.0893, Epsilon: 0.010
2026-04-19 01:37:39 | INFO | Episode 2698 - Reward: -200.000, Length: 200, Loss: 12.7948, Entropy: 1.0903, Epsilon: 0.010
2026-04-19 01:37:39 | INFO | Episode 2699 - Reward: -200.000, Length: 200, Loss: 5.0826, Entropy: 1.0895, Epsilon: 0.010
2026-04-19 01:37:40 | INFO | Episode 2700 - Reward: -200.000, Length: 200, Loss: 20.5307, Entropy: 1.0862, Epsilon: 0.010
2026-04-19 01:37:44 | INFO | [Episode 2700] eps=0.010  avg_reward=-200.000  avg_length=200.00  avg_loss= 15.3182  avg_entropy=1.0862  eval_success=0.000
2026-04-19 01:37:45 | INFO | Episode 2701 - Reward: -200.000, Length: 200, Loss: 20.4004, Entropy: 1.0729, Epsilon: 0.010
2026-04-19 01:37:45 | INFO | Episode 2702 - Reward: -200.000, Length: 200, Loss: 7.7740, Entropy: 1.0930, Epsilon: 0.010
2026-04-19 01:37:45 | INFO | Episode 2703 - Reward: -200.000, Length: 200, Loss: 15.6170, Entropy: 1.0889, Epsilon: 0.010
2026-04-19 01:37:47 | INFO | Episode 2704 - Reward: -200.000, Length: 200, Loss: 18.1974, Entropy: 1.0906, Epsilon: 0.010
2026-04-19 01:37:48 | INFO | Episode 2705 - Reward: -200.000, Length: 200, Loss: 18.2222, Entropy: 1.0876, Epsilon: 0.010
2026-04-19 01:37:48 | INFO | Episode 2706 - Reward: -200.000, Length: 200, Loss: 7.7480, Entropy: 1.0943, Epsilon: 0.010
2026-04-19 01:37:48 | INFO | Episode 2707 - Reward: -200.000, Length: 200, Loss: 10.3973, Entropy: 1.0909, Epsilon: 0.010
2026-04-19 01:37:49 | INFO | Episode 2708 - Reward: -200.000, Length: 200, Loss: 10.3181, Entropy: 1.0904, Epsilon: 0.010
2026-04-19 01:37:49 | INFO | Episode 2709 - Reward: -200.000, Length: 200, Loss: 7.9507, Entropy: 1.0949, Epsilon: 0.010
2026-04-19 01:37:49 | INFO | Episode 2710 - Reward: -200.000, Length: 200, Loss: 15.8747, Entropy: 1.0813, Epsilon: 0.010
2026-04-19 01:37:50 | INFO | Episode 2711 - Reward: -200.000, Length: 200, Loss: 21.6416, Entropy: 1.0846, Epsilon: 0.010
2026-04-19 01:37:50 | INFO | Episode 2712 - Reward: -200.000, Length: 200, Loss: 18.5573, Entropy: 1.0795, Epsilon: 0.010
2026-04-19 01:37:50 | INFO | Episode 2713 - Reward: -200.000, Length: 200, Loss: 26.7043, Entropy: 1.0722, Epsilon: 0.010
2026-04-19 01:37:51 | INFO | Episode 2714 - Reward: -200.000, Length: 200, Loss: 13.1009, Entropy: 1.0856, Epsilon: 0.010
2026-04-19 01:37:51 | INFO | Episode 2715 - Reward: -200.000, Length: 200, Loss: 7.7654, Entropy: 1.0952, Epsilon: 0.010
2026-04-19 01:37:51 | INFO | Episode 2716 - Reward: -200.000, Length: 200, Loss: 10.3217, Entropy: 1.0908, Epsilon: 0.010
2026-04-19 01:37:52 | INFO | Episode 2717 - Reward: -200.000, Length: 200, Loss: 13.3865, Entropy: 1.0912, Epsilon: 0.010
2026-04-19 01:37:52 | INFO | Episode 2718 - Reward: -200.000, Length: 200, Loss: 10.5297, Entropy: 1.0892, Epsilon: 0.010
2026-04-19 01:37:52 | INFO | Episode 2719 - Reward: -200.000, Length: 200, Loss: 16.4807, Entropy: 1.0871, Epsilon: 0.010
2026-04-19 01:37:53 | INFO | Episode 2720 - Reward: -200.000, Length: 200, Loss: 13.4528, Entropy: 1.0886, Epsilon: 0.010
2026-04-19 01:37:53 | INFO | Episode 2721 - Reward: -200.000, Length: 200, Loss: 10.9322, Entropy: 1.0948, Epsilon: 0.010
2026-04-19 01:37:53 | INFO | Episode 2722 - Reward: -200.000, Length: 200, Loss: 2.5141, Entropy: 1.0946, Epsilon: 0.010
2026-04-19 01:37:54 | INFO | Episode 2723 - Reward: -200.000, Length: 200, Loss: 18.9445, Entropy: 1.0858, Epsilon: 0.010
2026-04-19 01:37:54 | INFO | Episode 2724 - Reward: -200.000, Length: 200, Loss: 13.6755, Entropy: 1.0759, Epsilon: 0.010
2026-04-19 01:37:54 | INFO | Episode 2725 - Reward: -200.000, Length: 200, Loss: 7.8522, Entropy: 1.0830, Epsilon: 0.010
2026-04-19 01:37:55 | INFO | Episode 2726 - Reward: -200.000, Length: 200, Loss: 13.7201, Entropy: 1.0829, Epsilon: 0.010
2026-04-19 01:37:55 | INFO | Episode 2727 - Reward: -200.000, Length: 200, Loss: 2.4385, Entropy: 1.0954, Epsilon: 0.010
2026-04-19 01:37:55 | INFO | Episode 2728 - Reward: -200.000, Length: 200, Loss: 10.7829, Entropy: 1.0930, Epsilon: 0.010
2026-04-19 01:37:56 | INFO | Episode 2729 - Reward: -200.000, Length: 200, Loss: 16.5427, Entropy: 1.0831, Epsilon: 0.010
2026-04-19 01:37:56 | INFO | Episode 2730 - Reward: -200.000, Length: 200, Loss: 8.2137, Entropy: 1.0745, Epsilon: 0.010
2026-04-19 01:37:56 | INFO | Episode 2731 - Reward: -200.000, Length: 200, Loss: 16.6067, Entropy: 1.0905, Epsilon: 0.010
2026-04-19 01:37:57 | INFO | Episode 2732 - Reward: -200.000, Length: 200, Loss: 2.5531, Entropy: 1.0948, Epsilon: 0.010
2026-04-19 01:37:57 | INFO | Episode 2733 - Reward: -200.000, Length: 200, Loss: 13.3132, Entropy: 1.0885, Epsilon: 0.010
2026-04-19 01:37:57 | INFO | Episode 2734 - Reward: -200.000, Length: 200, Loss: 16.7132, Entropy: 1.0922, Epsilon: 0.010
2026-04-19 01:37:58 | INFO | Episode 2735 - Reward: -200.000, Length: 200, Loss: 10.7185, Entropy: 1.0918, Epsilon: 0.010
2026-04-19 01:37:58 | INFO | Episode 2736 - Reward: -200.000, Length: 200, Loss: 13.7727, Entropy: 1.0878, Epsilon: 0.010
2026-04-19 01:37:58 | INFO | Episode 2737 - Reward: -200.000, Length: 200, Loss: 16.6719, Entropy: 1.0816, Epsilon: 0.010
2026-04-19 01:37:59 | INFO | Episode 2738 - Reward: -200.000, Length: 200, Loss: 16.5280, Entropy: 1.0866, Epsilon: 0.010
2026-04-19 01:37:59 | INFO | Episode 2739 - Reward: -200.000, Length: 200, Loss: 13.6436, Entropy: 1.0885, Epsilon: 0.010
2026-04-19 01:37:59 | INFO | Episode 2740 - Reward: -200.000, Length: 200, Loss: 7.9910, Entropy: 1.0940, Epsilon: 0.010
2026-04-19 01:38:00 | INFO | Episode 2741 - Reward: -200.000, Length: 200, Loss: 18.9231, Entropy: 1.0667, Epsilon: 0.010
2026-04-19 01:38:00 | INFO | Episode 2742 - Reward: -200.000, Length: 200, Loss: 13.0883, Entropy: 1.0881, Epsilon: 0.010
2026-04-19 01:38:00 | INFO | Episode 2743 - Reward: -200.000, Length: 200, Loss: 21.8343, Entropy: 1.0839, Epsilon: 0.010
2026-04-19 01:38:01 | INFO | Episode 2744 - Reward: -200.000, Length: 200, Loss: 16.4268, Entropy: 1.0733, Epsilon: 0.010
2026-04-19 01:38:01 | INFO | Episode 2745 - Reward: -200.000, Length: 200, Loss: 16.1730, Entropy: 1.0751, Epsilon: 0.010
2026-04-19 01:38:01 | INFO | Episode 2746 - Reward: -200.000, Length: 200, Loss: 20.6674, Entropy: 1.0677, Epsilon: 0.010
2026-04-19 01:38:02 | INFO | Episode 2747 - Reward: -200.000, Length: 200, Loss: 10.4990, Entropy: 1.0648, Epsilon: 0.010
2026-04-19 01:38:02 | INFO | Episode 2748 - Reward: -200.000, Length: 200, Loss: 13.3493, Entropy: 1.0829, Epsilon: 0.010
2026-04-19 01:38:02 | INFO | Episode 2749 - Reward: -200.000, Length: 200, Loss: 15.8968, Entropy: 1.0891, Epsilon: 0.010
2026-04-19 01:38:03 | INFO | Episode 2750 - Reward: -200.000, Length: 200, Loss: 7.9906, Entropy: 1.0929, Epsilon: 0.010
2026-04-19 01:38:03 | INFO | Episode 2751 - Reward: -200.000, Length: 200, Loss: 13.5286, Entropy: 1.0848, Epsilon: 0.010
2026-04-19 01:38:03 | INFO | Episode 2752 - Reward: -200.000, Length: 200, Loss: 10.5405, Entropy: 1.0871, Epsilon: 0.010
2026-04-19 01:38:04 | INFO | Episode 2753 - Reward: -200.000, Length: 200, Loss: 11.0042, Entropy: 1.0923, Epsilon: 0.010
2026-04-19 01:38:04 | INFO | Episode 2754 - Reward: -200.000, Length: 200, Loss: 18.6593, Entropy: 1.0859, Epsilon: 0.010
2026-04-19 01:38:04 | INFO | Episode 2755 - Reward: -200.000, Length: 200, Loss: 13.0545, Entropy: 1.0908, Epsilon: 0.010
2026-04-19 01:38:05 | INFO | Episode 2756 - Reward: -200.000, Length: 200, Loss: 18.8833, Entropy: 1.0918, Epsilon: 0.010
2026-04-19 01:38:05 | INFO | Episode 2757 - Reward: -200.000, Length: 200, Loss: 18.7781, Entropy: 1.0759, Epsilon: 0.010
2026-04-19 01:38:05 | INFO | Episode 2758 - Reward: -200.000, Length: 200, Loss: 18.8866, Entropy: 1.0885, Epsilon: 0.010
2026-04-19 01:38:06 | INFO | Episode 2759 - Reward: -200.000, Length: 200, Loss: 13.7449, Entropy: 1.0771, Epsilon: 0.010
2026-04-19 01:38:06 | INFO | Episode 2760 - Reward: -200.000, Length: 200, Loss: 22.0378, Entropy: 1.0526, Epsilon: 0.010
2026-04-19 01:38:07 | INFO | Episode 2761 - Reward: -200.000, Length: 200, Loss: 13.1207, Entropy: 1.0833, Epsilon: 0.010
2026-04-19 01:38:07 | INFO | Episode 2762 - Reward: -200.000, Length: 200, Loss: 11.0198, Entropy: 1.0816, Epsilon: 0.010
2026-04-19 01:38:07 | INFO | Episode 2763 - Reward: -200.000, Length: 200, Loss: 15.5513, Entropy: 1.0905, Epsilon: 0.010
2026-04-19 01:38:08 | INFO | Episode 2764 - Reward: -200.000, Length: 200, Loss: 13.1676, Entropy: 1.0931, Epsilon: 0.010
2026-04-19 01:38:08 | INFO | Episode 2765 - Reward: -200.000, Length: 200, Loss: 10.3547, Entropy: 1.0922, Epsilon: 0.010
2026-04-19 01:38:08 | INFO | Episode 2766 - Reward: -200.000, Length: 200, Loss: 12.5627, Entropy: 1.0874, Epsilon: 0.010
2026-04-19 01:38:09 | INFO | Episode 2767 - Reward: -200.000, Length: 200, Loss: 13.1226, Entropy: 1.0895, Epsilon: 0.010
2026-04-19 01:38:09 | INFO | Episode 2768 - Reward: -200.000, Length: 200, Loss: 10.5260, Entropy: 1.0792, Epsilon: 0.010
2026-04-19 01:38:09 | INFO | Episode 2769 - Reward: -200.000, Length: 200, Loss: 22.9307, Entropy: 1.0881, Epsilon: 0.010
2026-04-19 01:38:10 | INFO | Episode 2770 - Reward: -200.000, Length: 200, Loss: 10.1296, Entropy: 1.0946, Epsilon: 0.010
2026-04-19 01:38:10 | INFO | Episode 2771 - Reward: -200.000, Length: 200, Loss: 18.1523, Entropy: 1.0885, Epsilon: 0.010
2026-04-19 01:38:10 | INFO | Episode 2772 - Reward: -200.000, Length: 200, Loss: 7.6206, Entropy: 1.0840, Epsilon: 0.010
2026-04-19 01:38:11 | INFO | Episode 2773 - Reward: -200.000, Length: 200, Loss: 15.5923, Entropy: 1.0928, Epsilon: 0.010
2026-04-19 01:38:11 | INFO | Episode 2774 - Reward: -200.000, Length: 200, Loss: 10.4152, Entropy: 1.0842, Epsilon: 0.010
2026-04-19 01:38:11 | INFO | Episode 2775 - Reward: -200.000, Length: 200, Loss: 12.9220, Entropy: 1.0907, Epsilon: 0.010
2026-04-19 01:38:12 | INFO | Episode 2776 - Reward: -200.000, Length: 200, Loss: 15.4056, Entropy: 1.0860, Epsilon: 0.010
2026-04-19 01:38:12 | INFO | Episode 2777 - Reward: -200.000, Length: 200, Loss: 13.0221, Entropy: 1.0937, Epsilon: 0.010
2026-04-19 01:38:12 | INFO | Episode 2778 - Reward: -200.000, Length: 200, Loss: 2.6428, Entropy: 1.0949, Epsilon: 0.010
2026-04-19 01:38:13 | INFO | Episode 2779 - Reward: -200.000, Length: 200, Loss: 13.3878, Entropy: 1.0924, Epsilon: 0.010
2026-04-19 01:38:13 | INFO | Episode 2780 - Reward: -200.000, Length: 200, Loss: 5.1779, Entropy: 1.0956, Epsilon: 0.010
2026-04-19 01:38:13 | INFO | Episode 2781 - Reward: -200.000, Length: 200, Loss: 13.2212, Entropy: 1.0884, Epsilon: 0.010
2026-04-19 01:38:14 | INFO | Episode 2782 - Reward: -200.000, Length: 200, Loss: 13.5354, Entropy: 1.0933, Epsilon: 0.010
2026-04-19 01:38:14 | INFO | Episode 2783 - Reward: -200.000, Length: 200, Loss: 7.9934, Entropy: 1.0944, Epsilon: 0.010
2026-04-19 01:38:14 | INFO | Episode 2784 - Reward: -200.000, Length: 200, Loss: 18.8670, Entropy: 1.0840, Epsilon: 0.010
2026-04-19 01:38:15 | INFO | Episode 2785 - Reward: -200.000, Length: 200, Loss: 13.6357, Entropy: 1.0859, Epsilon: 0.010
2026-04-19 01:38:15 | INFO | Episode 2786 - Reward: -200.000, Length: 200, Loss: 13.0849, Entropy: 1.0944, Epsilon: 0.010
2026-04-19 01:38:15 | INFO | Episode 2787 - Reward: -200.000, Length: 200, Loss: 16.0022, Entropy: 1.0842, Epsilon: 0.010
2026-04-19 01:38:16 | INFO | Episode 2788 - Reward: -200.000, Length: 200, Loss: 5.3919, Entropy: 1.0926, Epsilon: 0.010
2026-04-19 01:38:16 | INFO | Episode 2789 - Reward: -200.000, Length: 200, Loss: 19.0351, Entropy: 1.0915, Epsilon: 0.010
2026-04-19 01:38:16 | INFO | Episode 2790 - Reward: -200.000, Length: 200, Loss: 10.7716, Entropy: 1.0934, Epsilon: 0.010
2026-04-19 01:38:17 | INFO | Episode 2791 - Reward: -200.000, Length: 200, Loss: 16.4130, Entropy: 1.0871, Epsilon: 0.010
2026-04-19 01:38:17 | INFO | Episode 2792 - Reward: -200.000, Length: 200, Loss: 13.7323, Entropy: 1.0862, Epsilon: 0.010
2026-04-19 01:38:17 | INFO | Episode 2793 - Reward: -200.000, Length: 200, Loss: 13.2958, Entropy: 1.0875, Epsilon: 0.010
2026-04-19 01:38:18 | INFO | Episode 2794 - Reward: -200.000, Length: 200, Loss: 8.0040, Entropy: 1.0901, Epsilon: 0.010
2026-04-19 01:38:18 | INFO | Episode 2795 - Reward: -200.000, Length: 200, Loss: 16.0616, Entropy: 1.0703, Epsilon: 0.010
2026-04-19 01:38:18 | INFO | Episode 2796 - Reward: -200.000, Length: 200, Loss: 5.6080, Entropy: 1.0963, Epsilon: 0.010
2026-04-19 01:38:19 | INFO | Episode 2797 - Reward: -200.000, Length: 200, Loss: 16.8643, Entropy: 1.0721, Epsilon: 0.010
2026-04-19 01:38:19 | INFO | Episode 2798 - Reward: -200.000, Length: 200, Loss: 7.9705, Entropy: 1.0847, Epsilon: 0.010
2026-04-19 01:38:19 | INFO | Episode 2799 - Reward: -200.000, Length: 200, Loss: 11.2045, Entropy: 1.0902, Epsilon: 0.010
2026-04-19 01:38:20 | INFO | Episode 2800 - Reward: -200.000, Length: 200, Loss: 11.1964, Entropy: 1.0830, Epsilon: 0.010
2026-04-19 01:38:24 | INFO | [Episode 2800] eps=0.010  avg_reward=-200.000  avg_length=200.00  avg_loss= 13.3125  avg_entropy=1.0830  eval_success=0.000
2026-04-19 01:38:25 | INFO | Episode 2801 - Reward: -200.000, Length: 200, Loss: 16.6188, Entropy: 1.0775, Epsilon: 0.010
2026-04-19 01:38:25 | INFO | Episode 2802 - Reward: -200.000, Length: 200, Loss: 14.3798, Entropy: 1.0932, Epsilon: 0.010
2026-04-19 01:38:25 | INFO | Episode 2803 - Reward: -200.000, Length: 200, Loss: 8.3765, Entropy: 1.0929, Epsilon: 0.010
2026-04-19 01:38:26 | INFO | Episode 2804 - Reward: -200.000, Length: 200, Loss: 8.7595, Entropy: 1.0902, Epsilon: 0.010
2026-04-19 01:38:26 | INFO | Episode 2805 - Reward: -200.000, Length: 200, Loss: 22.4639, Entropy: 1.0812, Epsilon: 0.010
2026-04-19 01:38:26 | INFO | Episode 2806 - Reward: -200.000, Length: 200, Loss: 11.3590, Entropy: 1.0881, Epsilon: 0.010
2026-04-19 01:38:27 | INFO | Episode 2807 - Reward: -200.000, Length: 200, Loss: 17.4154, Entropy: 1.0904, Epsilon: 0.010
2026-04-19 01:38:27 | INFO | Episode 2808 - Reward: -200.000, Length: 200, Loss: 23.0204, Entropy: 1.0801, Epsilon: 0.010
2026-04-19 01:38:27 | INFO | Episode 2809 - Reward: -200.000, Length: 200, Loss: 11.6569, Entropy: 1.0908, Epsilon: 0.010
2026-04-19 01:38:28 | INFO | Episode 2810 - Reward: -200.000, Length: 200, Loss: 17.4710, Entropy: 1.0843, Epsilon: 0.010
2026-04-19 01:38:28 | INFO | Episode 2811 - Reward: -200.000, Length: 200, Loss: 11.4148, Entropy: 1.0903, Epsilon: 0.010
2026-04-19 01:38:28 | INFO | Episode 2812 - Reward: -200.000, Length: 200, Loss: 16.8715, Entropy: 1.0875, Epsilon: 0.010
2026-04-19 01:38:29 | INFO | Episode 2813 - Reward: -200.000, Length: 200, Loss: 14.0037, Entropy: 1.0772, Epsilon: 0.010
2026-04-19 01:38:29 | INFO | Episode 2814 - Reward: -200.000, Length: 200, Loss: 11.3954, Entropy: 1.0831, Epsilon: 0.010
2026-04-19 01:38:29 | INFO | Episode 2815 - Reward: -200.000, Length: 200, Loss: 13.6908, Entropy: 1.0667, Epsilon: 0.010
2026-04-19 01:38:30 | INFO | Episode 2816 - Reward: -200.000, Length: 200, Loss: 11.3570, Entropy: 1.0785, Epsilon: 0.010
2026-04-19 01:38:30 | INFO | Episode 2817 - Reward: -200.000, Length: 200, Loss: 22.9708, Entropy: 1.0645, Epsilon: 0.010
2026-04-19 01:38:31 | INFO | Episode 2818 - Reward: -200.000, Length: 200, Loss: 11.0007, Entropy: 1.0837, Epsilon: 0.010
2026-04-19 01:38:31 | INFO | Episode 2819 - Reward: -200.000, Length: 200, Loss: 11.2409, Entropy: 1.0742, Epsilon: 0.010
2026-04-19 01:38:31 | INFO | Episode 2820 - Reward: -200.000, Length: 200, Loss: 14.4877, Entropy: 1.0366, Epsilon: 0.010
2026-04-19 01:38:32 | INFO | Episode 2821 - Reward: -200.000, Length: 200, Loss: 26.1422, Entropy: 1.0806, Epsilon: 0.010
2026-04-19 01:38:32 | INFO | Episode 2822 - Reward: -200.000, Length: 200, Loss: 11.7979, Entropy: 1.0848, Epsilon: 0.010
2026-04-19 01:38:32 | INFO | Episode 2823 - Reward: -200.000, Length: 200, Loss: 5.7844, Entropy: 1.0898, Epsilon: 0.010
2026-04-19 01:38:33 | INFO | Episode 2824 - Reward: -200.000, Length: 200, Loss: 11.5078, Entropy: 1.0825, Epsilon: 0.010
2026-04-19 01:38:33 | INFO | Episode 2825 - Reward: -200.000, Length: 200, Loss: 23.4781, Entropy: 1.0878, Epsilon: 0.010
2026-04-19 01:38:33 | INFO | Episode 2826 - Reward: -200.000, Length: 200, Loss: 11.8156, Entropy: 1.0893, Epsilon: 0.010
2026-04-19 01:38:34 | INFO | Episode 2827 - Reward: -200.000, Length: 200, Loss: 11.4056, Entropy: 1.0916, Epsilon: 0.010
2026-04-19 01:38:34 | INFO | Episode 2828 - Reward: -200.000, Length: 200, Loss: 22.9125, Entropy: 1.0428, Epsilon: 0.010
2026-04-19 01:38:34 | INFO | Episode 2829 - Reward: -200.000, Length: 200, Loss: 20.1900, Entropy: 1.0727, Epsilon: 0.010
2026-04-19 01:38:35 | INFO | Episode 2830 - Reward: -200.000, Length: 200, Loss: 23.5597, Entropy: 1.0642, Epsilon: 0.010
2026-04-19 01:38:35 | INFO | Episode 2831 - Reward: -200.000, Length: 200, Loss: 22.9041, Entropy: 1.0441, Epsilon: 0.010
2026-04-19 01:38:35 | INFO | Episode 2832 - Reward: -200.000, Length: 200, Loss: 20.1909, Entropy: 1.0922, Epsilon: 0.010
2026-04-19 01:38:36 | INFO | Episode 2833 - Reward: -200.000, Length: 200, Loss: 11.0511, Entropy: 1.0907, Epsilon: 0.010
2026-04-19 01:38:36 | INFO | Episode 2834 - Reward: -200.000, Length: 200, Loss: 19.6674, Entropy: 1.0922, Epsilon: 0.010
2026-04-19 01:38:36 | INFO | Episode 2835 - Reward: -200.000, Length: 200, Loss: 27.6547, Entropy: 1.0435, Epsilon: 0.010
2026-04-19 01:38:37 | INFO | Episode 2836 - Reward: -200.000, Length: 200, Loss: 8.5565, Entropy: 1.0831, Epsilon: 0.010
2026-04-19 01:38:37 | INFO | Episode 2837 - Reward: -200.000, Length: 200, Loss: 8.4136, Entropy: 1.0916, Epsilon: 0.010
2026-04-19 01:38:37 | INFO | Episode 2838 - Reward: -200.000, Length: 200, Loss: 19.8532, Entropy: 1.0907, Epsilon: 0.010
2026-04-19 01:38:38 | INFO | Episode 2839 - Reward: -200.000, Length: 200, Loss: 14.1315, Entropy: 1.0893, Epsilon: 0.010
2026-04-19 01:38:38 | INFO | Episode 2840 - Reward: -200.000, Length: 200, Loss: 14.1500, Entropy: 1.0902, Epsilon: 0.010
2026-04-19 01:38:38 | INFO | Episode 2841 - Reward: -200.000, Length: 200, Loss: 8.6100, Entropy: 1.0935, Epsilon: 0.010
2026-04-19 01:38:39 | INFO | Episode 2842 - Reward: -200.000, Length: 200, Loss: 14.2887, Entropy: 1.0944, Epsilon: 0.010
2026-04-19 01:38:39 | INFO | Episode 2843 - Reward: -200.000, Length: 200, Loss: 8.4164, Entropy: 1.0921, Epsilon: 0.010
2026-04-19 01:38:39 | INFO | Episode 2844 - Reward: -200.000, Length: 200, Loss: 17.3884, Entropy: 1.0829, Epsilon: 0.010
2026-04-19 01:38:40 | INFO | Episode 2845 - Reward: -200.000, Length: 200, Loss: 17.1392, Entropy: 1.0557, Epsilon: 0.010
2026-04-19 01:38:40 | INFO | Episode 2846 - Reward: -200.000, Length: 200, Loss: 17.0893, Entropy: 1.0913, Epsilon: 0.010
2026-04-19 01:38:40 | INFO | Episode 2847 - Reward: -200.000, Length: 200, Loss: 17.0922, Entropy: 1.0914, Epsilon: 0.010
2026-04-19 01:38:41 | INFO | Episode 2848 - Reward: -200.000, Length: 200, Loss: 19.5566, Entropy: 1.0806, Epsilon: 0.010
2026-04-19 01:38:41 | INFO | Episode 2849 - Reward: -200.000, Length: 200, Loss: 11.5111, Entropy: 1.0855, Epsilon: 0.010
2026-04-19 01:38:41 | INFO | Episode 2850 - Reward: -200.000, Length: 200, Loss: 16.9550, Entropy: 1.0927, Epsilon: 0.010
2026-04-19 01:38:42 | INFO | Episode 2851 - Reward: -200.000, Length: 200, Loss: 8.4179, Entropy: 1.0794, Epsilon: 0.010
2026-04-19 01:38:42 | INFO | Episode 2852 - Reward: -200.000, Length: 200, Loss: 19.8964, Entropy: 1.0866, Epsilon: 0.010
2026-04-19 01:38:42 | INFO | Episode 2853 - Reward: -200.000, Length: 200, Loss: 5.4668, Entropy: 1.0946, Epsilon: 0.010
2026-04-19 01:38:43 | INFO | Episode 2854 - Reward: -200.000, Length: 200, Loss: 8.4659, Entropy: 1.0942, Epsilon: 0.010
2026-04-19 01:38:43 | INFO | Episode 2855 - Reward: -200.000, Length: 200, Loss: 17.0864, Entropy: 1.0893, Epsilon: 0.010
2026-04-19 01:38:43 | INFO | Episode 2856 - Reward: -200.000, Length: 200, Loss: 22.4360, Entropy: 1.0900, Epsilon: 0.010
2026-04-19 01:38:44 | INFO | Episode 2857 - Reward: -200.000, Length: 200, Loss: 5.8661, Entropy: 1.0940, Epsilon: 0.010
2026-04-19 01:38:44 | INFO | Episode 2858 - Reward: -200.000, Length: 200, Loss: 11.2935, Entropy: 1.0874, Epsilon: 0.010
2026-04-19 01:38:44 | INFO | Episode 2859 - Reward: -200.000, Length: 200, Loss: 19.9259, Entropy: 1.0868, Epsilon: 0.010
2026-04-19 01:38:45 | INFO | Episode 2860 - Reward: -200.000, Length: 200, Loss: 14.4239, Entropy: 1.0762, Epsilon: 0.010
2026-04-19 01:38:45 | INFO | Episode 2861 - Reward: -200.000, Length: 200, Loss: 20.0934, Entropy: 1.0911, Epsilon: 0.010
2026-04-19 01:38:45 | INFO | Episode 2862 - Reward: -200.000, Length: 200, Loss: 27.8589, Entropy: 1.0626, Epsilon: 0.010
2026-04-19 01:38:46 | INFO | Episode 2863 - Reward: -200.000, Length: 200, Loss: 8.7033, Entropy: 1.0889, Epsilon: 0.010
2026-04-19 01:38:46 | INFO | Episode 2864 - Reward: -200.000, Length: 200, Loss: 11.3377, Entropy: 1.0864, Epsilon: 0.010
2026-04-19 01:38:46 | INFO | Episode 2865 - Reward: -200.000, Length: 200, Loss: 31.8600, Entropy: 1.0632, Epsilon: 0.010
2026-04-19 01:38:47 | INFO | Episode 2866 - Reward: -200.000, Length: 200, Loss: 8.8777, Entropy: 1.0895, Epsilon: 0.010
2026-04-19 01:38:47 | INFO | Episode 2867 - Reward: -200.000, Length: 200, Loss: 14.4549, Entropy: 1.0787, Epsilon: 0.010
2026-04-19 01:38:47 | INFO | Episode 2868 - Reward: -200.000, Length: 200, Loss: 14.6973, Entropy: 1.0860, Epsilon: 0.010
2026-04-19 01:38:48 | INFO | Episode 2869 - Reward: -200.000, Length: 200, Loss: 21.0195, Entropy: 1.0730, Epsilon: 0.010
2026-04-19 01:38:48 | INFO | Episode 2870 - Reward: -200.000, Length: 200, Loss: 17.4815, Entropy: 1.0877, Epsilon: 0.010
2026-04-19 01:38:48 | INFO | Episode 2871 - Reward: -200.000, Length: 200, Loss: 20.5607, Entropy: 1.0767, Epsilon: 0.010
2026-04-19 01:38:49 | INFO | Episode 2872 - Reward: -200.000, Length: 200, Loss: 11.3738, Entropy: 1.0815, Epsilon: 0.010
2026-04-19 01:38:49 | INFO | Episode 2873 - Reward: -200.000, Length: 200, Loss: 14.5155, Entropy: 1.0918, Epsilon: 0.010
2026-04-19 01:38:49 | INFO | Episode 2874 - Reward: -200.000, Length: 200, Loss: 20.5167, Entropy: 1.0878, Epsilon: 0.010
2026-04-19 01:38:50 | INFO | Episode 2875 - Reward: -200.000, Length: 200, Loss: 17.0300, Entropy: 1.0667, Epsilon: 0.010
2026-04-19 01:38:50 | INFO | Episode 2876 - Reward: -200.000, Length: 200, Loss: 14.3240, Entropy: 1.0633, Epsilon: 0.010
2026-04-19 01:38:50 | INFO | Episode 2877 - Reward: -200.000, Length: 200, Loss: 5.4659, Entropy: 1.0843, Epsilon: 0.010
2026-04-19 01:38:51 | INFO | Episode 2878 - Reward: -200.000, Length: 200, Loss: 29.0083, Entropy: 1.0848, Epsilon: 0.010
2026-04-19 01:38:51 | INFO | Episode 2879 - Reward: -200.000, Length: 200, Loss: 26.1781, Entropy: 1.0729, Epsilon: 0.010
2026-04-19 01:38:51 | INFO | Episode 2880 - Reward: -200.000, Length: 200, Loss: 17.2513, Entropy: 1.0714, Epsilon: 0.010
2026-04-19 01:38:52 | INFO | Episode 2881 - Reward: -200.000, Length: 200, Loss: 19.8916, Entropy: 1.0823, Epsilon: 0.010
2026-04-19 01:38:52 | INFO | Episode 2882 - Reward: -200.000, Length: 200, Loss: 28.3505, Entropy: 1.0702, Epsilon: 0.010
2026-04-19 01:38:52 | INFO | Episode 2883 - Reward: -200.000, Length: 200, Loss: 14.6438, Entropy: 1.0442, Epsilon: 0.010
2026-04-19 01:38:53 | INFO | Episode 2884 - Reward: -200.000, Length: 200, Loss: 22.8557, Entropy: 1.0693, Epsilon: 0.010
2026-04-19 01:38:53 | INFO | Episode 2885 - Reward: -200.000, Length: 200, Loss: 5.6859, Entropy: 1.0959, Epsilon: 0.010
2026-04-19 01:38:53 | INFO | Episode 2886 - Reward: -200.000, Length: 200, Loss: 17.7893, Entropy: 1.0810, Epsilon: 0.010
2026-04-19 01:38:54 | INFO | Episode 2887 - Reward: -200.000, Length: 200, Loss: 28.8684, Entropy: 1.0798, Epsilon: 0.010
2026-04-19 01:38:54 | INFO | Episode 2888 - Reward: -200.000, Length: 200, Loss: 11.8788, Entropy: 1.0778, Epsilon: 0.010
2026-04-19 01:38:54 | INFO | Episode 2889 - Reward: -200.000, Length: 200, Loss: 14.7692, Entropy: 1.0789, Epsilon: 0.010
2026-04-19 01:38:55 | INFO | Episode 2890 - Reward: -200.000, Length: 200, Loss: 17.3351, Entropy: 1.0856, Epsilon: 0.010
2026-04-19 01:38:55 | INFO | Episode 2891 - Reward: -200.000, Length: 200, Loss: 22.4581, Entropy: 1.0824, Epsilon: 0.010
2026-04-19 01:38:55 | INFO | Episode 2892 - Reward: -200.000, Length: 200, Loss: 11.2980, Entropy: 1.0899, Epsilon: 0.010
2026-04-19 01:38:56 | INFO | Episode 2893 - Reward: -200.000, Length: 200, Loss: 16.3995, Entropy: 1.0752, Epsilon: 0.010
2026-04-19 01:38:56 | INFO | Episode 2894 - Reward: -200.000, Length: 200, Loss: 16.5958, Entropy: 1.0824, Epsilon: 0.010
2026-04-19 01:38:56 | INFO | Episode 2895 - Reward: -200.000, Length: 200, Loss: 13.6236, Entropy: 1.0904, Epsilon: 0.010
2026-04-19 01:38:57 | INFO | Episode 2896 - Reward: -200.000, Length: 200, Loss: 18.7731, Entropy: 1.0826, Epsilon: 0.010
2026-04-19 01:38:57 | INFO | Episode 2897 - Reward: -200.000, Length: 200, Loss: 5.2124, Entropy: 1.0922, Epsilon: 0.010
2026-04-19 01:38:57 | INFO | Episode 2898 - Reward: -200.000, Length: 200, Loss: 5.4286, Entropy: 1.0957, Epsilon: 0.010
2026-04-19 01:38:58 | INFO | Episode 2899 - Reward: -200.000, Length: 200, Loss: 10.8695, Entropy: 1.0838, Epsilon: 0.010
2026-04-19 01:38:58 | INFO | Episode 2900 - Reward: -200.000, Length: 200, Loss: 10.8643, Entropy: 1.0835, Epsilon: 0.010
2026-04-19 01:39:03 | INFO | [Episode 2900] eps=0.010  avg_reward=-200.000  avg_length=200.00  avg_loss= 15.7265  avg_entropy=1.0835  eval_success=0.000
2026-04-19 01:39:03 | INFO | Episode 2901 - Reward: -200.000, Length: 200, Loss: 15.5925, Entropy: 1.0939, Epsilon: 0.010
2026-04-19 01:39:04 | INFO | Episode 2902 - Reward: -200.000, Length: 200, Loss: 5.2181, Entropy: 1.0972, Epsilon: 0.010
2026-04-19 01:39:04 | INFO | Episode 2903 - Reward: -200.000, Length: 200, Loss: 16.1322, Entropy: 1.0662, Epsilon: 0.010
2026-04-19 01:39:04 | INFO | Episode 2904 - Reward: -200.000, Length: 200, Loss: 21.2162, Entropy: 1.0501, Epsilon: 0.010
2026-04-19 01:39:05 | INFO | Episode 2905 - Reward: -200.000, Length: 200, Loss: 13.1397, Entropy: 1.0828, Epsilon: 0.010
2026-04-19 01:39:05 | INFO | Episode 2906 - Reward: -200.000, Length: 200, Loss: 20.8478, Entropy: 1.0870, Epsilon: 0.010
2026-04-19 01:39:05 | INFO | Episode 2907 - Reward: -200.000, Length: 200, Loss: 10.4685, Entropy: 1.0955, Epsilon: 0.010
2026-04-19 01:39:06 | INFO | Episode 2908 - Reward: -200.000, Length: 200, Loss: 12.9002, Entropy: 1.0936, Epsilon: 0.010
2026-04-19 01:39:06 | INFO | Episode 2909 - Reward: -200.000, Length: 200, Loss: 12.9815, Entropy: 1.0862, Epsilon: 0.010
2026-04-19 01:39:06 | INFO | Episode 2910 - Reward: -200.000, Length: 200, Loss: 8.1175, Entropy: 1.0778, Epsilon: 0.010
2026-04-19 01:39:07 | INFO | Episode 2911 - Reward: -200.000, Length: 200, Loss: 7.7486, Entropy: 1.0862, Epsilon: 0.010
2026-04-19 01:39:07 | INFO | Episode 2912 - Reward: -200.000, Length: 200, Loss: 10.4994, Entropy: 1.0842, Epsilon: 0.010
2026-04-19 01:39:07 | INFO | Episode 2913 - Reward: -200.000, Length: 200, Loss: 10.1198, Entropy: 1.0908, Epsilon: 0.010
2026-04-19 01:39:08 | INFO | Episode 2914 - Reward: -200.000, Length: 200, Loss: 8.0129, Entropy: 1.0953, Epsilon: 0.010
2026-04-19 01:39:08 | INFO | Episode 2915 - Reward: -200.000, Length: 200, Loss: 17.6988, Entropy: 1.0816, Epsilon: 0.010
2026-04-19 01:39:08 | INFO | Episode 2916 - Reward: -200.000, Length: 200, Loss: 10.1416, Entropy: 1.0769, Epsilon: 0.010
2026-04-19 01:39:09 | INFO | Episode 2917 - Reward: -200.000, Length: 200, Loss: 12.9546, Entropy: 1.0955, Epsilon: 0.010
2026-04-19 01:39:09 | INFO | Episode 2918 - Reward: -200.000, Length: 200, Loss: 5.2260, Entropy: 1.0970, Epsilon: 0.010
2026-04-19 01:39:09 | INFO | Episode 2919 - Reward: -200.000, Length: 200, Loss: 15.6324, Entropy: 1.0779, Epsilon: 0.010
2026-04-19 01:39:10 | INFO | Episode 2920 - Reward: -200.000, Length: 200, Loss: 12.7511, Entropy: 1.0853, Epsilon: 0.010
2026-04-19 01:39:10 | INFO | Episode 2921 - Reward: -200.000, Length: 200, Loss: 5.1682, Entropy: 1.0942, Epsilon: 0.010
2026-04-19 01:39:10 | INFO | Episode 2922 - Reward: -200.000, Length: 200, Loss: 5.0236, Entropy: 1.0940, Epsilon: 0.010
2026-04-19 01:39:11 | INFO | Episode 2923 - Reward: -200.000, Length: 200, Loss: 10.1531, Entropy: 1.0896, Epsilon: 0.010
2026-04-19 01:39:11 | INFO | Episode 2924 - Reward: -200.000, Length: 200, Loss: 23.6131, Entropy: 1.0919, Epsilon: 0.010
2026-04-19 01:39:11 | INFO | Episode 2925 - Reward: -200.000, Length: 200, Loss: 5.2036, Entropy: 1.0917, Epsilon: 0.010
2026-04-19 01:39:12 | INFO | Episode 2926 - Reward: -200.000, Length: 200, Loss: 15.8973, Entropy: 1.0847, Epsilon: 0.010
2026-04-19 01:39:12 | INFO | Episode 2927 - Reward: -200.000, Length: 200, Loss: 10.3567, Entropy: 1.0860, Epsilon: 0.010
2026-04-19 01:39:12 | INFO | Episode 2928 - Reward: -200.000, Length: 200, Loss: 8.0042, Entropy: 1.0922, Epsilon: 0.010
2026-04-19 01:39:13 | INFO | Episode 2929 - Reward: -200.000, Length: 200, Loss: 8.0279, Entropy: 1.0922, Epsilon: 0.010
2026-04-19 01:39:13 | INFO | Episode 2930 - Reward: -200.000, Length: 200, Loss: 21.2514, Entropy: 1.0825, Epsilon: 0.010
2026-04-19 01:39:13 | INFO | Episode 2931 - Reward: -200.000, Length: 200, Loss: 23.8234, Entropy: 1.0790, Epsilon: 0.010
2026-04-19 01:39:14 | INFO | Episode 2932 - Reward: -200.000, Length: 200, Loss: 2.3710, Entropy: 1.0852, Epsilon: 0.010
2026-04-19 01:39:14 | INFO | Episode 2933 - Reward: -200.000, Length: 200, Loss: 24.0488, Entropy: 1.0743, Epsilon: 0.010
2026-04-19 01:39:14 | INFO | Episode 2934 - Reward: -200.000, Length: 200, Loss: 10.6096, Entropy: 1.0924, Epsilon: 0.010
2026-04-19 01:39:15 | INFO | Episode 2935 - Reward: -200.000, Length: 200, Loss: 13.3220, Entropy: 1.0911, Epsilon: 0.010
2026-04-19 01:39:15 | INFO | Episode 2936 - Reward: -200.000, Length: 200, Loss: 8.2037, Entropy: 1.0866, Epsilon: 0.010
2026-04-19 01:39:15 | INFO | Episode 2937 - Reward: -200.000, Length: 200, Loss: 10.8817, Entropy: 1.0834, Epsilon: 0.010
2026-04-19 01:39:16 | INFO | Episode 2938 - Reward: -200.000, Length: 200, Loss: 10.9585, Entropy: 1.0841, Epsilon: 0.010
2026-04-19 01:39:16 | INFO | Episode 2939 - Reward: -200.000, Length: 200, Loss: 23.9284, Entropy: 1.0844, Epsilon: 0.010
2026-04-19 01:39:16 | INFO | Episode 2940 - Reward: -200.000, Length: 200, Loss: 7.9159, Entropy: 1.0948, Epsilon: 0.010
2026-04-19 01:39:17 | INFO | Episode 2941 - Reward: -200.000, Length: 200, Loss: 13.3119, Entropy: 1.0907, Epsilon: 0.010
2026-04-19 01:39:17 | INFO | Episode 2942 - Reward: -200.000, Length: 200, Loss: 13.2955, Entropy: 1.0757, Epsilon: 0.010
2026-04-19 01:39:17 | INFO | Episode 2943 - Reward: -200.000, Length: 200, Loss: 18.9283, Entropy: 1.0899, Epsilon: 0.010
2026-04-19 01:39:18 | INFO | Episode 2944 - Reward: -200.000, Length: 200, Loss: 21.5465, Entropy: 1.0869, Epsilon: 0.010
2026-04-19 01:39:18 | INFO | Episode 2945 - Reward: -200.000, Length: 200, Loss: 13.1566, Entropy: 1.0711, Epsilon: 0.010
2026-04-19 01:39:18 | INFO | Episode 2946 - Reward: -200.000, Length: 200, Loss: 8.1806, Entropy: 1.0892, Epsilon: 0.010
2026-04-19 01:39:19 | INFO | Episode 2947 - Reward: -200.000, Length: 200, Loss: 13.6594, Entropy: 1.0873, Epsilon: 0.010
2026-04-19 01:39:19 | INFO | Episode 2948 - Reward: -200.000, Length: 200, Loss: 2.6739, Entropy: 1.0887, Epsilon: 0.010
2026-04-19 01:39:19 | INFO | Episode 2949 - Reward: -200.000, Length: 200, Loss: 21.5615, Entropy: 1.0837, Epsilon: 0.010
2026-04-19 01:39:20 | INFO | Episode 2950 - Reward: -200.000, Length: 200, Loss: 10.9565, Entropy: 1.0830, Epsilon: 0.010
2026-04-19 01:39:20 | INFO | Episode 2951 - Reward: -200.000, Length: 200, Loss: 18.7559, Entropy: 1.0807, Epsilon: 0.010
2026-04-19 01:39:20 | INFO | Episode 2952 - Reward: -200.000, Length: 200, Loss: 24.1526, Entropy: 1.0800, Epsilon: 0.010
2026-04-19 01:39:21 | INFO | Episode 2953 - Reward: -200.000, Length: 200, Loss: 18.7877, Entropy: 1.0853, Epsilon: 0.010
2026-04-19 01:39:21 | INFO | Episode 2954 - Reward: -200.000, Length: 200, Loss: 7.9768, Entropy: 1.0887, Epsilon: 0.010
2026-04-19 01:39:21 | INFO | Episode 2955 - Reward: -200.000, Length: 200, Loss: 24.1963, Entropy: 1.0540, Epsilon: 0.010
2026-04-19 01:39:22 | INFO | Episode 2956 - Reward: -200.000, Length: 200, Loss: 13.2228, Entropy: 1.0624, Epsilon: 0.010
2026-04-19 01:39:22 | INFO | Episode 2957 - Reward: -200.000, Length: 200, Loss: 12.9306, Entropy: 1.0887, Epsilon: 0.010
2026-04-19 01:39:22 | INFO | Episode 2958 - Reward: -200.000, Length: 200, Loss: 15.8621, Entropy: 1.0763, Epsilon: 0.010
2026-04-19 01:39:23 | INFO | Episode 2959 - Reward: -200.000, Length: 200, Loss: 10.2407, Entropy: 1.0936, Epsilon: 0.010
2026-04-19 01:39:23 | INFO | Episode 2960 - Reward: -200.000, Length: 200, Loss: 25.7031, Entropy: 1.0704, Epsilon: 0.010
2026-04-19 01:39:23 | INFO | Episode 2961 - Reward: -200.000, Length: 200, Loss: 15.6872, Entropy: 1.0863, Epsilon: 0.010
2026-04-19 01:39:24 | INFO | Episode 2962 - Reward: -200.000, Length: 200, Loss: 10.7215, Entropy: 1.0910, Epsilon: 0.010
2026-04-19 01:39:24 | INFO | Episode 2963 - Reward: -200.000, Length: 200, Loss: 4.7789, Entropy: 1.0939, Epsilon: 0.010
2026-04-19 01:39:24 | INFO | Episode 2964 - Reward: -200.000, Length: 200, Loss: 24.0799, Entropy: 1.0865, Epsilon: 0.010
2026-04-19 01:39:25 | INFO | Episode 2965 - Reward: -200.000, Length: 200, Loss: -0.0625, Entropy: 1.0981, Epsilon: 0.010
2026-04-19 01:39:25 | INFO | Episode 2966 - Reward: -200.000, Length: 200, Loss: 13.2110, Entropy: 1.0956, Epsilon: 0.010
2026-04-19 01:39:25 | INFO | Episode 2967 - Reward: -200.000, Length: 200, Loss: 11.0786, Entropy: 1.0899, Epsilon: 0.010
2026-04-19 01:39:26 | INFO | Episode 2968 - Reward: -200.000, Length: 200, Loss: 16.0162, Entropy: 1.0901, Epsilon: 0.010
2026-04-19 01:39:26 | INFO | Episode 2969 - Reward: -200.000, Length: 200, Loss: 16.5801, Entropy: 1.0903, Epsilon: 0.010
2026-04-19 01:39:26 | INFO | Episode 2970 - Reward: -200.000, Length: 200, Loss: 15.8607, Entropy: 1.0833, Epsilon: 0.010
2026-04-19 01:39:27 | INFO | Episode 2971 - Reward: -200.000, Length: 200, Loss: 8.1551, Entropy: 1.0816, Epsilon: 0.010
2026-04-19 01:39:27 | INFO | Episode 2972 - Reward: -200.000, Length: 200, Loss: 16.6615, Entropy: 1.0701, Epsilon: 0.010
2026-04-19 01:39:27 | INFO | Episode 2973 - Reward: -200.000, Length: 200, Loss: 16.1101, Entropy: 1.0860, Epsilon: 0.010
2026-04-19 01:39:28 | INFO | Episode 2974 - Reward: -200.000, Length: 200, Loss: 13.7452, Entropy: 1.0826, Epsilon: 0.010
2026-04-19 01:39:28 | INFO | Episode 2975 - Reward: -200.000, Length: 200, Loss: 10.8373, Entropy: 1.0725, Epsilon: 0.010
2026-04-19 01:39:29 | INFO | Episode 2976 - Reward: -200.000, Length: 200, Loss: 24.5871, Entropy: 1.0797, Epsilon: 0.010
2026-04-19 01:39:29 | INFO | Episode 2977 - Reward: -200.000, Length: 200, Loss: 7.8405, Entropy: 1.0939, Epsilon: 0.010
2026-04-19 01:39:29 | INFO | Episode 2978 - Reward: -200.000, Length: 200, Loss: 13.1176, Entropy: 1.0769, Epsilon: 0.010
2026-04-19 01:39:30 | INFO | Episode 2979 - Reward: -200.000, Length: 200, Loss: 18.8714, Entropy: 1.0840, Epsilon: 0.010
2026-04-19 01:39:30 | INFO | Episode 2980 - Reward: -200.000, Length: 200, Loss: 16.3227, Entropy: 1.0757, Epsilon: 0.010
2026-04-19 01:39:30 | INFO | Episode 2981 - Reward: -200.000, Length: 200, Loss: 10.6034, Entropy: 1.0910, Epsilon: 0.010
2026-04-19 01:39:31 | INFO | Episode 2982 - Reward: -200.000, Length: 200, Loss: 13.9762, Entropy: 1.0537, Epsilon: 0.010
2026-04-19 01:39:31 | INFO | Episode 2983 - Reward: -200.000, Length: 200, Loss: 18.7090, Entropy: 1.0771, Epsilon: 0.010
2026-04-19 01:39:31 | INFO | Episode 2984 - Reward: -200.000, Length: 200, Loss: 18.0990, Entropy: 1.0861, Epsilon: 0.010
2026-04-19 01:39:32 | INFO | Episode 2985 - Reward: -200.000, Length: 200, Loss: 21.6904, Entropy: 1.0825, Epsilon: 0.010
2026-04-19 01:39:32 | INFO | Episode 2986 - Reward: -200.000, Length: 200, Loss: 10.5911, Entropy: 1.0882, Epsilon: 0.010
2026-04-19 01:39:32 | INFO | Episode 2987 - Reward: -200.000, Length: 200, Loss: 7.5378, Entropy: 1.0958, Epsilon: 0.010
2026-04-19 01:39:33 | INFO | Episode 2988 - Reward: -200.000, Length: 200, Loss: 23.2600, Entropy: 1.0857, Epsilon: 0.010
2026-04-19 01:39:33 | INFO | Episode 2989 - Reward: -200.000, Length: 200, Loss: 23.3761, Entropy: 1.0914, Epsilon: 0.010
2026-04-19 01:39:33 | INFO | Episode 2990 - Reward: -200.000, Length: 200, Loss: 13.1849, Entropy: 1.0746, Epsilon: 0.010
2026-04-19 01:39:34 | INFO | Episode 2991 - Reward: -200.000, Length: 200, Loss: 10.2834, Entropy: 1.0784, Epsilon: 0.010
2026-04-19 01:39:34 | INFO | Episode 2992 - Reward: -200.000, Length: 200, Loss: 12.9712, Entropy: 1.0926, Epsilon: 0.010
2026-04-19 01:39:34 | INFO | Episode 2993 - Reward: -200.000, Length: 200, Loss: 12.8452, Entropy: 1.0909, Epsilon: 0.010
2026-04-19 01:39:35 | INFO | Episode 2994 - Reward: -200.000, Length: 200, Loss: 10.2648, Entropy: 1.0791, Epsilon: 0.010
2026-04-19 01:39:35 | INFO | Episode 2995 - Reward: -200.000, Length: 200, Loss: 29.0826, Entropy: 1.0610, Epsilon: 0.010
2026-04-19 01:39:35 | INFO | Episode 2996 - Reward: -200.000, Length: 200, Loss: 15.3016, Entropy: 1.0920, Epsilon: 0.010
2026-04-19 01:39:36 | INFO | Episode 2997 - Reward: -200.000, Length: 200, Loss: 7.6943, Entropy: 1.0956, Epsilon: 0.010
2026-04-19 01:39:36 | INFO | Episode 2998 - Reward: -200.000, Length: 200, Loss: 7.6992, Entropy: 1.0954, Epsilon: 0.010
2026-04-19 01:39:36 | INFO | Episode 2999 - Reward: -200.000, Length: 200, Loss: 17.9749, Entropy: 1.0909, Epsilon: 0.010
2026-04-19 01:39:37 | INFO | Episode 3000 - Reward: -200.000, Length: 200, Loss: 7.8808, Entropy: 1.0935, Epsilon: 0.010
2026-04-19 01:39:41 | INFO | [Episode 3000] eps=0.010  avg_reward=-200.000  avg_length=200.00  avg_loss= 13.7249  avg_entropy=1.0935  eval_success=0.000
2026-04-19 01:39:42 | INFO | Episode 3001 - Reward: -200.000, Length: 200, Loss: 15.4764, Entropy: 1.0881, Epsilon: 0.010
2026-04-19 01:39:42 | INFO | Episode 3002 - Reward: -200.000, Length: 200, Loss: 2.5192, Entropy: 1.0965, Epsilon: 0.010
2026-04-19 01:39:42 | INFO | Episode 3003 - Reward: -200.000, Length: 200, Loss: 15.4846, Entropy: 1.0956, Epsilon: 0.010
2026-04-19 01:39:43 | INFO | Episode 3004 - Reward: -200.000, Length: 200, Loss: 15.8980, Entropy: 1.0795, Epsilon: 0.010
2026-04-19 01:39:43 | INFO | Episode 3005 - Reward: -200.000, Length: 200, Loss: 18.5128, Entropy: 1.0831, Epsilon: 0.010
2026-04-19 01:39:43 | INFO | Episode 3006 - Reward: -200.000, Length: 200, Loss: 10.3105, Entropy: 1.0890, Epsilon: 0.010
2026-04-19 01:39:44 | INFO | Episode 3007 - Reward: -200.000, Length: 200, Loss: 7.7827, Entropy: 1.0954, Epsilon: 0.010
2026-04-19 01:39:44 | INFO | Episode 3008 - Reward: -200.000, Length: 200, Loss: 10.0321, Entropy: 1.0933, Epsilon: 0.010
2026-04-19 01:39:44 | INFO | Episode 3009 - Reward: -200.000, Length: 200, Loss: 7.1534, Entropy: 1.0814, Epsilon: 0.010
2026-04-19 01:39:45 | INFO | Episode 3010 - Reward: -200.000, Length: 200, Loss: 15.1294, Entropy: 1.0746, Epsilon: 0.010
2026-04-19 01:39:45 | INFO | Episode 3011 - Reward: -200.000, Length: 200, Loss: 30.2966, Entropy: 1.0253, Epsilon: 0.010
2026-04-19 01:39:45 | INFO | Episode 3012 - Reward: -200.000, Length: 200, Loss: 17.2585, Entropy: 1.0830, Epsilon: 0.010
2026-04-19 01:39:46 | INFO | Episode 3013 - Reward: -200.000, Length: 200, Loss: 19.7905, Entropy: 1.0790, Epsilon: 0.010
2026-04-19 01:39:46 | INFO | Episode 3014 - Reward: -200.000, Length: 200, Loss: 7.3666, Entropy: 1.0801, Epsilon: 0.010
2026-04-19 01:39:46 | INFO | Episode 3015 - Reward: -200.000, Length: 200, Loss: 15.0752, Entropy: 1.0952, Epsilon: 0.010
2026-04-19 01:39:47 | INFO | Episode 3016 - Reward: -200.000, Length: 200, Loss: 9.7274, Entropy: 1.0952, Epsilon: 0.010
2026-04-19 01:39:47 | INFO | Episode 3017 - Reward: -200.000, Length: 200, Loss: 17.4830, Entropy: 1.0932, Epsilon: 0.010
2026-04-19 01:39:47 | INFO | Episode 3018 - Reward: -200.000, Length: 200, Loss: 2.5437, Entropy: 1.0952, Epsilon: 0.010
2026-04-19 01:39:48 | INFO | Episode 3019 - Reward: -200.000, Length: 200, Loss: 22.1266, Entropy: 1.0817, Epsilon: 0.010
2026-04-19 01:39:48 | INFO | Episode 3020 - Reward: -200.000, Length: 200, Loss: 10.4351, Entropy: 1.0851, Epsilon: 0.010
2026-04-19 01:39:48 | INFO | Episode 3021 - Reward: -200.000, Length: 200, Loss: 12.5915, Entropy: 1.0876, Epsilon: 0.010
2026-04-19 01:39:49 | INFO | Episode 3022 - Reward: -200.000, Length: 200, Loss: 12.2974, Entropy: 1.0891, Epsilon: 0.010
2026-04-19 01:39:49 | INFO | Episode 3023 - Reward: -200.000, Length: 200, Loss: 15.4592, Entropy: 1.0863, Epsilon: 0.010
2026-04-19 01:39:49 | INFO | Episode 3024 - Reward: -200.000, Length: 200, Loss: 22.2947, Entropy: 1.0854, Epsilon: 0.010
2026-04-19 01:39:50 | INFO | Episode 3025 - Reward: -200.000, Length: 200, Loss: 17.5534, Entropy: 1.0912, Epsilon: 0.010
2026-04-19 01:39:50 | INFO | Episode 3026 - Reward: -200.000, Length: 200, Loss: 4.4786, Entropy: 1.0939, Epsilon: 0.010
2026-04-19 01:39:50 | INFO | Episode 3027 - Reward: -200.000, Length: 200, Loss: 17.6583, Entropy: 1.0867, Epsilon: 0.010
2026-04-19 01:39:51 | INFO | Episode 3028 - Reward: -200.000, Length: 200, Loss: 17.5404, Entropy: 1.0878, Epsilon: 0.010
2026-04-19 01:39:51 | INFO | Episode 3029 - Reward: -200.000, Length: 200, Loss: 7.7940, Entropy: 1.0944, Epsilon: 0.010
2026-04-19 01:39:51 | INFO | Episode 3030 - Reward: -200.000, Length: 200, Loss: 10.3816, Entropy: 1.0931, Epsilon: 0.010
2026-04-19 01:39:52 | INFO | Episode 3031 - Reward: -200.000, Length: 200, Loss: 18.1048, Entropy: 1.0837, Epsilon: 0.010
2026-04-19 01:39:52 | INFO | Episode 3032 - Reward: -200.000, Length: 200, Loss: 10.5201, Entropy: 1.0959, Epsilon: 0.010
2026-04-19 01:39:52 | INFO | Episode 3033 - Reward: -200.000, Length: 200, Loss: 15.6826, Entropy: 1.0800, Epsilon: 0.010
2026-04-19 01:39:53 | INFO | Episode 3034 - Reward: -200.000, Length: 200, Loss: 13.3585, Entropy: 1.0914, Epsilon: 0.010
2026-04-19 01:39:55 | INFO | Episode 3035 - Reward: -200.000, Length: 200, Loss: 10.4909, Entropy: 1.0948, Epsilon: 0.010
2026-04-19 01:39:55 | INFO | Episode 3036 - Reward: -200.000, Length: 200, Loss: 18.2482, Entropy: 1.0910, Epsilon: 0.010
2026-04-19 01:39:55 | INFO | Episode 3037 - Reward: -200.000, Length: 200, Loss: 10.2577, Entropy: 1.0939, Epsilon: 0.010
2026-04-19 01:39:56 | INFO | Episode 3038 - Reward: -200.000, Length: 200, Loss: 10.4161, Entropy: 1.0953, Epsilon: 0.010
2026-04-19 01:39:56 | INFO | Episode 3039 - Reward: -200.000, Length: 200, Loss: 15.9297, Entropy: 1.0944, Epsilon: 0.010
2026-04-19 01:39:56 | INFO | Episode 3040 - Reward: -200.000, Length: 200, Loss: 13.7121, Entropy: 1.0946, Epsilon: 0.010
2026-04-19 01:39:57 | INFO | Episode 3041 - Reward: -200.000, Length: 200, Loss: 18.8984, Entropy: 1.0873, Epsilon: 0.010
2026-04-19 01:39:57 | INFO | Episode 3042 - Reward: -200.000, Length: 200, Loss: 8.1128, Entropy: 1.0874, Epsilon: 0.010
2026-04-19 01:39:57 | INFO | Episode 3043 - Reward: -200.000, Length: 200, Loss: 5.4846, Entropy: 1.0941, Epsilon: 0.010
2026-04-19 01:39:58 | INFO | Episode 3044 - Reward: -200.000, Length: 200, Loss: 16.6503, Entropy: 1.0890, Epsilon: 0.010
2026-04-19 01:39:58 | INFO | Episode 3045 - Reward: -200.000, Length: 200, Loss: 16.4043, Entropy: 1.0874, Epsilon: 0.010
2026-04-19 01:39:58 | INFO | Episode 3046 - Reward: -200.000, Length: 200, Loss: 10.8177, Entropy: 1.0868, Epsilon: 0.010
2026-04-19 01:39:59 | INFO | Episode 3047 - Reward: -200.000, Length: 200, Loss: 5.6282, Entropy: 1.0925, Epsilon: 0.010
2026-04-19 01:39:59 | INFO | Episode 3048 - Reward: -200.000, Length: 200, Loss: 5.5950, Entropy: 1.0941, Epsilon: 0.010
2026-04-19 01:39:59 | INFO | Episode 3049 - Reward: -200.000, Length: 200, Loss: 16.6763, Entropy: 1.0919, Epsilon: 0.010
2026-04-19 01:40:00 | INFO | Episode 3050 - Reward: -200.000, Length: 200, Loss: 22.8969, Entropy: 1.0762, Epsilon: 0.010
2026-04-19 01:40:00 | INFO | Episode 3051 - Reward: -200.000, Length: 200, Loss: 13.9171, Entropy: 1.0923, Epsilon: 0.010
2026-04-19 01:40:00 | INFO | Episode 3052 - Reward: -200.000, Length: 200, Loss: 17.0706, Entropy: 1.0865, Epsilon: 0.010
2026-04-19 01:40:01 | INFO | Episode 3053 - Reward: -200.000, Length: 200, Loss: 14.2386, Entropy: 1.0928, Epsilon: 0.010
2026-04-19 01:40:01 | INFO | Episode 3054 - Reward: -200.000, Length: 200, Loss: 14.4985, Entropy: 1.0886, Epsilon: 0.010
2026-04-19 01:40:01 | INFO | Episode 3055 - Reward: -200.000, Length: 200, Loss: 23.1175, Entropy: 1.0759, Epsilon: 0.010
2026-04-19 01:40:02 | INFO | Episode 3056 - Reward: -200.000, Length: 200, Loss: 16.4075, Entropy: 1.0711, Epsilon: 0.010
2026-04-19 01:40:02 | INFO | Episode 3057 - Reward: -200.000, Length: 200, Loss: 16.7187, Entropy: 1.0863, Epsilon: 0.010
2026-04-19 01:40:02 | INFO | Episode 3058 - Reward: -200.000, Length: 200, Loss: 8.3358, Entropy: 1.0867, Epsilon: 0.010
2026-04-19 01:40:03 | INFO | Episode 3059 - Reward: -200.000, Length: 200, Loss: 11.1944, Entropy: 1.0943, Epsilon: 0.010
2026-04-19 01:40:03 | INFO | Episode 3060 - Reward: -200.000, Length: 200, Loss: 19.0442, Entropy: 1.0901, Epsilon: 0.010
2026-04-19 01:40:03 | INFO | Episode 3061 - Reward: -200.000, Length: 200, Loss: 16.3151, Entropy: 1.0616, Epsilon: 0.010
2026-04-19 01:40:04 | INFO | Episode 3062 - Reward: -200.000, Length: 200, Loss: 17.0806, Entropy: 1.0632, Epsilon: 0.010
2026-04-19 01:40:04 | INFO | Episode 3063 - Reward: -200.000, Length: 200, Loss: 8.0802, Entropy: 1.0866, Epsilon: 0.010
2026-04-19 01:40:04 | INFO | Episode 3064 - Reward: -200.000, Length: 200, Loss: 5.4508, Entropy: 1.0907, Epsilon: 0.010
2026-04-19 01:40:05 | INFO | Episode 3065 - Reward: -200.000, Length: 200, Loss: 5.3495, Entropy: 1.0929, Epsilon: 0.010
2026-04-19 01:40:05 | INFO | Episode 3066 - Reward: -200.000, Length: 200, Loss: 22.0054, Entropy: 1.0857, Epsilon: 0.010
2026-04-19 01:40:05 | INFO | Episode 3067 - Reward: -200.000, Length: 200, Loss: 13.4132, Entropy: 1.0912, Epsilon: 0.010
2026-04-19 01:40:06 | INFO | Episode 3068 - Reward: -200.000, Length: 200, Loss: 19.7378, Entropy: 1.0664, Epsilon: 0.010
2026-04-19 01:40:06 | INFO | Episode 3069 - Reward: -200.000, Length: 200, Loss: 15.4283, Entropy: 1.0929, Epsilon: 0.010
2026-04-19 01:40:06 | INFO | Episode 3070 - Reward: -200.000, Length: 200, Loss: 27.4304, Entropy: 1.0619, Epsilon: 0.010
2026-04-19 01:40:07 | INFO | Episode 3071 - Reward: -200.000, Length: 200, Loss: 18.6184, Entropy: 1.0777, Epsilon: 0.010
2026-04-19 01:40:07 | INFO | Episode 3072 - Reward: -200.000, Length: 200, Loss: 10.5467, Entropy: 1.0916, Epsilon: 0.010
2026-04-19 01:40:07 | INFO | Episode 3073 - Reward: -200.000, Length: 200, Loss: 18.5918, Entropy: 1.0900, Epsilon: 0.010
2026-04-19 01:40:08 | INFO | Episode 3074 - Reward: -200.000, Length: 200, Loss: 7.4394, Entropy: 1.0936, Epsilon: 0.010
2026-04-19 01:40:08 | INFO | Episode 3075 - Reward: -200.000, Length: 200, Loss: 17.7617, Entropy: 1.0933, Epsilon: 0.010
2026-04-19 01:40:08 | INFO | Episode 3076 - Reward: -200.000, Length: 200, Loss: 7.5443, Entropy: 1.0963, Epsilon: 0.010
2026-04-19 01:40:09 | INFO | Episode 3077 - Reward: -200.000, Length: 200, Loss: 10.0817, Entropy: 1.0862, Epsilon: 0.010
2026-04-19 01:40:09 | INFO | Episode 3078 - Reward: -200.000, Length: 200, Loss: 20.0846, Entropy: 1.0811, Epsilon: 0.010
2026-04-19 01:40:09 | INFO | Episode 3079 - Reward: -200.000, Length: 200, Loss: 17.3277, Entropy: 1.0817, Epsilon: 0.010
2026-04-19 01:40:10 | INFO | Episode 3080 - Reward: -200.000, Length: 200, Loss: 17.9216, Entropy: 1.0692, Epsilon: 0.010
2026-04-19 01:40:10 | INFO | Episode 3081 - Reward: -200.000, Length: 200, Loss: 18.2673, Entropy: 1.0771, Epsilon: 0.010
2026-04-19 01:40:10 | INFO | Episode 3082 - Reward: -200.000, Length: 200, Loss: 18.5116, Entropy: 1.0852, Epsilon: 0.010
2026-04-19 01:40:11 | INFO | Episode 3083 - Reward: -200.000, Length: 200, Loss: 16.0648, Entropy: 1.0941, Epsilon: 0.010
2026-04-19 01:40:11 | INFO | Episode 3084 - Reward: -200.000, Length: 200, Loss: 16.4136, Entropy: 1.0766, Epsilon: 0.010
2026-04-19 01:40:11 | INFO | Episode 3085 - Reward: -200.000, Length: 200, Loss: 6.8694, Entropy: 1.0894, Epsilon: 0.010
2026-04-19 01:40:12 | INFO | Episode 3086 - Reward: -200.000, Length: 200, Loss: 4.7471, Entropy: 1.0932, Epsilon: 0.010
2026-04-19 01:40:12 | INFO | Episode 3087 - Reward: -200.000, Length: 200, Loss: 14.3542, Entropy: 1.0953, Epsilon: 0.010
2026-04-19 01:40:12 | INFO | Episode 3088 - Reward: -200.000, Length: 200, Loss: 9.4642, Entropy: 1.0895, Epsilon: 0.010
2026-04-19 01:40:13 | INFO | Episode 3089 - Reward: -200.000, Length: 200, Loss: 11.7883, Entropy: 1.0899, Epsilon: 0.010
2026-04-19 01:40:13 | INFO | Episode 3090 - Reward: -200.000, Length: 200, Loss: 21.5737, Entropy: 1.0885, Epsilon: 0.010
2026-04-19 01:40:13 | INFO | Episode 3091 - Reward: -200.000, Length: 200, Loss: 15.0094, Entropy: 1.0916, Epsilon: 0.010
2026-04-19 01:40:14 | INFO | Episode 3092 - Reward: -200.000, Length: 200, Loss: 14.7183, Entropy: 1.0868, Epsilon: 0.010
2026-04-19 01:40:14 | INFO | Episode 3093 - Reward: -200.000, Length: 200, Loss: 17.0295, Entropy: 1.0863, Epsilon: 0.010
2026-04-19 01:40:14 | INFO | Episode 3094 - Reward: -200.000, Length: 200, Loss: 20.3162, Entropy: 1.0847, Epsilon: 0.010
2026-04-19 01:40:15 | INFO | Episode 3095 - Reward: -200.000, Length: 200, Loss: 17.0787, Entropy: 1.0935, Epsilon: 0.010
2026-04-19 01:40:15 | INFO | Episode 3096 - Reward: -200.000, Length: 200, Loss: 9.5552, Entropy: 1.0852, Epsilon: 0.010
2026-04-19 01:40:15 | INFO | Episode 3097 - Reward: -200.000, Length: 200, Loss: 15.0411, Entropy: 1.0893, Epsilon: 0.010
2026-04-19 01:40:16 | INFO | Episode 3098 - Reward: -200.000, Length: 200, Loss: 4.9812, Entropy: 1.0942, Epsilon: 0.010
2026-04-19 01:40:16 | INFO | Episode 3099 - Reward: -200.000, Length: 200, Loss: 7.5293, Entropy: 1.0911, Epsilon: 0.010
2026-04-19 01:40:17 | INFO | Episode 3100 - Reward: -200.000, Length: 200, Loss: 12.6545, Entropy: 1.0813, Epsilon: 0.010
2026-04-19 01:40:21 | INFO | [Episode 3100] eps=0.010  avg_reward=-200.000  avg_length=200.00  avg_loss= 13.9506  avg_entropy=1.0813  eval_success=0.000
2026-04-19 01:40:22 | INFO | Episode 3101 - Reward: -200.000, Length: 200, Loss: 19.2437, Entropy: 1.0904, Epsilon: 0.010
2026-04-19 01:40:22 | INFO | Episode 3102 - Reward: -200.000, Length: 200, Loss: 16.9501, Entropy: 1.0905, Epsilon: 0.010
2026-04-19 01:40:22 | INFO | Episode 3103 - Reward: -200.000, Length: 200, Loss: 7.2395, Entropy: 1.0911, Epsilon: 0.010
2026-04-19 01:40:23 | INFO | Episode 3104 - Reward: -200.000, Length: 200, Loss: 9.5082, Entropy: 1.0902, Epsilon: 0.010
2026-04-19 01:40:23 | INFO | Episode 3105 - Reward: -200.000, Length: 200, Loss: 9.7545, Entropy: 1.0882, Epsilon: 0.010
2026-04-19 01:40:23 | INFO | Episode 3106 - Reward: -200.000, Length: 200, Loss: 9.7424, Entropy: 1.0905, Epsilon: 0.010
2026-04-19 01:40:24 | INFO | Episode 3107 - Reward: -200.000, Length: 200, Loss: 7.6556, Entropy: 1.0878, Epsilon: 0.010
2026-04-19 01:40:24 | INFO | Episode 3108 - Reward: -200.000, Length: 200, Loss: 15.2218, Entropy: 1.0918, Epsilon: 0.010
2026-04-19 01:40:24 | INFO | Episode 3109 - Reward: -200.000, Length: 200, Loss: 12.3147, Entropy: 1.0928, Epsilon: 0.010
2026-04-19 01:40:25 | INFO | Episode 3110 - Reward: -200.000, Length: 200, Loss: 10.0765, Entropy: 1.0940, Epsilon: 0.010
2026-04-19 01:40:25 | INFO | Episode 3111 - Reward: -200.000, Length: 200, Loss: 15.3162, Entropy: 1.0852, Epsilon: 0.010
2026-04-19 01:40:25 | INFO | Episode 3112 - Reward: -200.000, Length: 200, Loss: 7.4222, Entropy: 1.0864, Epsilon: 0.010
2026-04-19 01:40:26 | INFO | Episode 3113 - Reward: -200.000, Length: 200, Loss: 7.3800, Entropy: 1.0912, Epsilon: 0.010
2026-04-19 01:40:26 | INFO | Episode 3114 - Reward: -200.000, Length: 200, Loss: 15.4935, Entropy: 1.0907, Epsilon: 0.010
2026-04-19 01:40:26 | INFO | Episode 3115 - Reward: -200.000, Length: 200, Loss: 7.5282, Entropy: 1.0939, Epsilon: 0.010
2026-04-19 01:40:27 | INFO | Episode 3116 - Reward: -200.000, Length: 200, Loss: 16.4131, Entropy: 1.0812, Epsilon: 0.010
2026-04-19 01:40:27 | INFO | Episode 3117 - Reward: -200.000, Length: 200, Loss: 16.2798, Entropy: 1.0534, Epsilon: 0.010
2026-04-19 01:40:27 | INFO | Episode 3118 - Reward: -200.000, Length: 200, Loss: 15.7422, Entropy: 1.0827, Epsilon: 0.010
2026-04-19 01:40:28 | INFO | Episode 3119 - Reward: -200.000, Length: 200, Loss: 29.0623, Entropy: 1.0847, Epsilon: 0.010
2026-04-19 01:40:28 | INFO | Episode 3120 - Reward: -200.000, Length: 200, Loss: 15.7138, Entropy: 1.0910, Epsilon: 0.010
2026-04-19 01:40:28 | INFO | Episode 3121 - Reward: -200.000, Length: 200, Loss: 20.9255, Entropy: 1.0892, Epsilon: 0.010
2026-04-19 01:40:29 | INFO | Episode 3122 - Reward: -200.000, Length: 200, Loss: 16.3984, Entropy: 1.0826, Epsilon: 0.010
2026-04-19 01:40:29 | INFO | Episode 3123 - Reward: -200.000, Length: 200, Loss: 15.1650, Entropy: 1.0928, Epsilon: 0.010
2026-04-19 01:40:30 | INFO | Episode 3124 - Reward: -200.000, Length: 200, Loss: 13.4467, Entropy: 1.0903, Epsilon: 0.010
2026-04-19 01:40:30 | INFO | Episode 3125 - Reward: -200.000, Length: 200, Loss: 12.7009, Entropy: 1.0817, Epsilon: 0.010
2026-04-19 01:40:30 | INFO | Episode 3126 - Reward: -200.000, Length: 200, Loss: 15.1058, Entropy: 1.0781, Epsilon: 0.010
2026-04-19 01:40:31 | INFO | Episode 3127 - Reward: -200.000, Length: 200, Loss: 12.7245, Entropy: 1.0924, Epsilon: 0.010
2026-04-19 01:40:31 | INFO | Episode 3128 - Reward: -200.000, Length: 200, Loss: 10.3110, Entropy: 1.0793, Epsilon: 0.010
2026-04-19 01:40:31 | INFO | Episode 3129 - Reward: -200.000, Length: 200, Loss: 17.8145, Entropy: 1.0755, Epsilon: 0.010
2026-04-19 01:40:32 | INFO | Episode 3130 - Reward: -200.000, Length: 200, Loss: 15.1581, Entropy: 1.0923, Epsilon: 0.010
2026-04-19 01:40:32 | INFO | Episode 3131 - Reward: -200.000, Length: 200, Loss: 2.5293, Entropy: 1.0969, Epsilon: 0.010
2026-04-19 01:40:32 | INFO | Episode 3132 - Reward: -200.000, Length: 200, Loss: 4.6947, Entropy: 1.0919, Epsilon: 0.010
2026-04-19 01:40:33 | INFO | Episode 3133 - Reward: -200.000, Length: 200, Loss: 2.5099, Entropy: 1.0964, Epsilon: 0.010
2026-04-19 01:40:33 | INFO | Episode 3134 - Reward: -200.000, Length: 200, Loss: 15.6447, Entropy: 1.0944, Epsilon: 0.010
2026-04-19 01:40:33 | INFO | Episode 3135 - Reward: -200.000, Length: 200, Loss: 18.2041, Entropy: 1.0867, Epsilon: 0.010
2026-04-19 01:40:34 | INFO | Episode 3136 - Reward: -200.000, Length: 200, Loss: 15.6137, Entropy: 1.0898, Epsilon: 0.010
2026-04-19 01:40:34 | INFO | Episode 3137 - Reward: -200.000, Length: 200, Loss: 10.9634, Entropy: 1.0906, Epsilon: 0.010
2026-04-19 01:40:34 | INFO | Episode 3138 - Reward: -200.000, Length: 200, Loss: 18.1469, Entropy: 1.0798, Epsilon: 0.010
2026-04-19 01:40:35 | INFO | Episode 3139 - Reward: -200.000, Length: 200, Loss: 10.4643, Entropy: 1.0908, Epsilon: 0.010
2026-04-19 01:40:35 | INFO | Episode 3140 - Reward: -200.000, Length: 200, Loss: 4.9873, Entropy: 1.0951, Epsilon: 0.010
2026-04-19 01:40:35 | INFO | Episode 3141 - Reward: -200.000, Length: 200, Loss: 15.1235, Entropy: 1.0504, Epsilon: 0.010
2026-04-19 01:40:36 | INFO | Episode 3142 - Reward: -200.000, Length: 200, Loss: 5.2402, Entropy: 1.0904, Epsilon: 0.010
2026-04-19 01:40:36 | INFO | Episode 3143 - Reward: -200.000, Length: 200, Loss: 10.7227, Entropy: 1.0960, Epsilon: 0.010
2026-04-19 01:40:36 | INFO | Episode 3144 - Reward: -200.000, Length: 200, Loss: 8.0290, Entropy: 1.0928, Epsilon: 0.010
2026-04-19 01:40:37 | INFO | Episode 3145 - Reward: -200.000, Length: 200, Loss: 10.8064, Entropy: 1.0903, Epsilon: 0.010
2026-04-19 01:40:37 | INFO | Episode 3146 - Reward: -200.000, Length: 200, Loss: 27.3276, Entropy: 1.0913, Epsilon: 0.010
2026-04-19 01:40:37 | INFO | Episode 3147 - Reward: -200.000, Length: 200, Loss: 21.2844, Entropy: 1.0924, Epsilon: 0.010
2026-04-19 01:40:38 | INFO | Episode 3148 - Reward: -200.000, Length: 200, Loss: 12.8599, Entropy: 1.0889, Epsilon: 0.010
2026-04-19 01:40:38 | INFO | Episode 3149 - Reward: -200.000, Length: 200, Loss: 20.9523, Entropy: 1.0830, Epsilon: 0.010
2026-04-19 01:40:38 | INFO | Episode 3150 - Reward: -200.000, Length: 200, Loss: 24.5122, Entropy: 1.0811, Epsilon: 0.010
2026-04-19 01:40:39 | INFO | Episode 3151 - Reward: -200.000, Length: 200, Loss: 2.4649, Entropy: 1.0951, Epsilon: 0.010
2026-04-19 01:40:39 | INFO | Episode 3152 - Reward: -200.000, Length: 200, Loss: 8.0362, Entropy: 1.0919, Epsilon: 0.010
2026-04-19 01:40:39 | INFO | Episode 3153 - Reward: -200.000, Length: 200, Loss: 16.0504, Entropy: 1.0807, Epsilon: 0.010
2026-04-19 01:40:40 | INFO | Episode 3154 - Reward: -200.000, Length: 200, Loss: 10.7392, Entropy: 1.0732, Epsilon: 0.010
2026-04-19 01:40:40 | INFO | Episode 3155 - Reward: -200.000, Length: 200, Loss: 21.0449, Entropy: 1.0847, Epsilon: 0.010
2026-04-19 01:40:40 | INFO | Episode 3156 - Reward: -200.000, Length: 200, Loss: 18.0891, Entropy: 1.0625, Epsilon: 0.010
2026-04-19 01:40:41 | INFO | Episode 3157 - Reward: -200.000, Length: 200, Loss: 11.1673, Entropy: 1.0849, Epsilon: 0.010
2026-04-19 01:40:41 | INFO | Episode 3158 - Reward: -200.000, Length: 200, Loss: 16.7779, Entropy: 1.0804, Epsilon: 0.010
2026-04-19 01:40:41 | INFO | Episode 3159 - Reward: -200.000, Length: 200, Loss: 5.1316, Entropy: 1.0894, Epsilon: 0.010
2026-04-19 01:40:42 | INFO | Episode 3160 - Reward: -200.000, Length: 200, Loss: 8.1097, Entropy: 1.0884, Epsilon: 0.010
2026-04-19 01:40:42 | INFO | Episode 3161 - Reward: -200.000, Length: 200, Loss: 13.5690, Entropy: 1.0748, Epsilon: 0.010
2026-04-19 01:40:42 | INFO | Episode 3162 - Reward: -200.000, Length: 200, Loss: 5.3545, Entropy: 1.0646, Epsilon: 0.010
2026-04-19 01:40:43 | INFO | Episode 3163 - Reward: -200.000, Length: 200, Loss: 21.1348, Entropy: 1.0871, Epsilon: 0.010
2026-04-19 01:40:43 | INFO | Episode 3164 - Reward: -200.000, Length: 200, Loss: 12.9291, Entropy: 1.0801, Epsilon: 0.010
2026-04-19 01:40:43 | INFO | Episode 3165 - Reward: -200.000, Length: 200, Loss: 20.7742, Entropy: 1.0779, Epsilon: 0.010
2026-04-19 01:40:44 | INFO | Episode 3166 - Reward: -200.000, Length: 200, Loss: 7.9681, Entropy: 1.0895, Epsilon: 0.010
2026-04-19 01:40:44 | INFO | Episode 3167 - Reward: -200.000, Length: 200, Loss: 10.8134, Entropy: 1.0795, Epsilon: 0.010
2026-04-19 01:40:44 | INFO | Episode 3168 - Reward: -200.000, Length: 200, Loss: 7.8340, Entropy: 1.0859, Epsilon: 0.010
2026-04-19 01:40:45 | INFO | Episode 3169 - Reward: -200.000, Length: 200, Loss: 18.5903, Entropy: 1.0748, Epsilon: 0.010
2026-04-19 01:40:45 | INFO | Episode 3170 - Reward: -200.000, Length: 200, Loss: 21.0865, Entropy: 1.0763, Epsilon: 0.010
2026-04-19 01:40:45 | INFO | Episode 3171 - Reward: -200.000, Length: 200, Loss: 15.3801, Entropy: 1.0809, Epsilon: 0.010
2026-04-19 01:40:46 | INFO | Episode 3172 - Reward: -200.000, Length: 200, Loss: 10.5173, Entropy: 1.0903, Epsilon: 0.010
2026-04-19 01:40:46 | INFO | Episode 3173 - Reward: -200.000, Length: 200, Loss: 18.0458, Entropy: 1.0931, Epsilon: 0.010
2026-04-19 01:40:46 | INFO | Episode 3174 - Reward: -200.000, Length: 200, Loss: 12.9728, Entropy: 1.0894, Epsilon: 0.010
2026-04-19 01:40:47 | INFO | Episode 3175 - Reward: -200.000, Length: 200, Loss: 7.9166, Entropy: 1.0957, Epsilon: 0.010
2026-04-19 01:40:47 | INFO | Episode 3176 - Reward: -200.000, Length: 200, Loss: 21.6754, Entropy: 1.0932, Epsilon: 0.010
2026-04-19 01:40:47 | INFO | Episode 3177 - Reward: -200.000, Length: 200, Loss: 10.5311, Entropy: 1.0956, Epsilon: 0.010
2026-04-19 01:40:48 | INFO | Episode 3178 - Reward: -200.000, Length: 200, Loss: 16.1289, Entropy: 1.0926, Epsilon: 0.010
2026-04-19 01:40:48 | INFO | Episode 3179 - Reward: -200.000, Length: 200, Loss: 20.9511, Entropy: 1.0762, Epsilon: 0.010
2026-04-19 01:40:48 | INFO | Episode 3180 - Reward: -200.000, Length: 200, Loss: 12.9888, Entropy: 1.0881, Epsilon: 0.010
2026-04-19 01:40:49 | INFO | Episode 3181 - Reward: -200.000, Length: 200, Loss: 2.8525, Entropy: 1.0941, Epsilon: 0.010
2026-04-19 01:40:49 | INFO | Episode 3182 - Reward: -200.000, Length: 200, Loss: 13.4278, Entropy: 1.0900, Epsilon: 0.010
2026-04-19 01:40:49 | INFO | Episode 3183 - Reward: -200.000, Length: 200, Loss: 27.5210, Entropy: 1.0663, Epsilon: 0.010
2026-04-19 01:40:50 | INFO | Episode 3184 - Reward: -200.000, Length: 200, Loss: 23.5330, Entropy: 1.0788, Epsilon: 0.010
2026-04-19 01:40:50 | INFO | Episode 3185 - Reward: -200.000, Length: 200, Loss: 10.2272, Entropy: 1.0900, Epsilon: 0.010
2026-04-19 01:40:51 | INFO | Episode 3186 - Reward: -200.000, Length: 200, Loss: 5.5466, Entropy: 1.0886, Epsilon: 0.010
2026-04-19 01:40:51 | INFO | Episode 3187 - Reward: -200.000, Length: 200, Loss: 8.1035, Entropy: 1.0865, Epsilon: 0.010
2026-04-19 01:40:51 | INFO | Episode 3188 - Reward: -200.000, Length: 200, Loss: 10.2928, Entropy: 1.0945, Epsilon: 0.010
2026-04-19 01:40:52 | INFO | Episode 3189 - Reward: -200.000, Length: 200, Loss: 10.1092, Entropy: 1.0877, Epsilon: 0.010
2026-04-19 01:40:52 | INFO | Episode 3190 - Reward: -200.000, Length: 200, Loss: 7.7468, Entropy: 1.0854, Epsilon: 0.010
2026-04-19 01:40:52 | INFO | Episode 3191 - Reward: -200.000, Length: 200, Loss: 21.0990, Entropy: 1.0875, Epsilon: 0.010
2026-04-19 01:40:53 | INFO | Episode 3192 - Reward: -200.000, Length: 200, Loss: 18.8413, Entropy: 1.0885, Epsilon: 0.010
2026-04-19 01:40:53 | INFO | Episode 3193 - Reward: -200.000, Length: 200, Loss: 2.3917, Entropy: 1.0977, Epsilon: 0.010
2026-04-19 01:40:53 | INFO | Episode 3194 - Reward: -200.000, Length: 200, Loss: 15.7145, Entropy: 1.0863, Epsilon: 0.010
2026-04-19 01:40:54 | INFO | Episode 3195 - Reward: -200.000, Length: 200, Loss: 13.5688, Entropy: 1.0925, Epsilon: 0.010
2026-04-19 01:40:54 | INFO | Episode 3196 - Reward: -200.000, Length: 200, Loss: 21.1865, Entropy: 1.0884, Epsilon: 0.010
2026-04-19 01:40:54 | INFO | Episode 3197 - Reward: -200.000, Length: 200, Loss: 7.7815, Entropy: 1.0812, Epsilon: 0.010
2026-04-19 01:40:55 | INFO | Episode 3198 - Reward: -200.000, Length: 200, Loss: 21.9470, Entropy: 1.0791, Epsilon: 0.010
2026-04-19 01:40:55 | INFO | Episode 3199 - Reward: -200.000, Length: 200, Loss: 8.0355, Entropy: 1.0727, Epsilon: 0.010
2026-04-19 01:40:55 | INFO | Episode 3200 - Reward: -200.000, Length: 200, Loss: 7.9080, Entropy: 1.0898, Epsilon: 0.010
2026-04-19 01:41:00 | INFO | [Episode 3200] eps=0.010  avg_reward=-200.000  avg_length=200.00  avg_loss= 13.3703  avg_entropy=1.0898  eval_success=0.000
2026-04-19 01:41:01 | INFO | Episode 3201 - Reward: -200.000, Length: 200, Loss: 10.6272, Entropy: 1.0923, Epsilon: 0.010
2026-04-19 01:41:01 | INFO | Episode 3202 - Reward: -200.000, Length: 200, Loss: 10.2379, Entropy: 1.0908, Epsilon: 0.010
2026-04-19 01:41:01 | INFO | Episode 3203 - Reward: -200.000, Length: 200, Loss: 5.1354, Entropy: 1.0866, Epsilon: 0.010
2026-04-19 01:41:02 | INFO | Episode 3204 - Reward: -200.000, Length: 200, Loss: 12.5242, Entropy: 1.0692, Epsilon: 0.010
2026-04-19 01:41:02 | INFO | Episode 3205 - Reward: -200.000, Length: 200, Loss: 10.6472, Entropy: 1.0927, Epsilon: 0.010
2026-04-19 01:41:02 | INFO | Episode 3206 - Reward: -200.000, Length: 200, Loss: 2.7735, Entropy: 1.0970, Epsilon: 0.010
2026-04-19 01:41:03 | INFO | Episode 3207 - Reward: -200.000, Length: 200, Loss: 9.9688, Entropy: 1.0894, Epsilon: 0.010
2026-04-19 01:41:03 | INFO | Episode 3208 - Reward: -200.000, Length: 200, Loss: 4.8187, Entropy: 1.0891, Epsilon: 0.010
2026-04-19 01:41:03 | INFO | Episode 3209 - Reward: -200.000, Length: 200, Loss: 12.6187, Entropy: 1.0835, Epsilon: 0.010
2026-04-19 01:41:04 | INFO | Episode 3210 - Reward: -200.000, Length: 200, Loss: 20.7065, Entropy: 1.0694, Epsilon: 0.010
2026-04-19 01:41:04 | INFO | Episode 3211 - Reward: -200.000, Length: 200, Loss: 5.1682, Entropy: 1.0896, Epsilon: 0.010
2026-04-19 01:41:04 | INFO | Episode 3212 - Reward: -200.000, Length: 200, Loss: 27.6401, Entropy: 1.0513, Epsilon: 0.010
2026-04-19 01:41:05 | INFO | Episode 3213 - Reward: -200.000, Length: 200, Loss: 12.2576, Entropy: 1.0757, Epsilon: 0.010
2026-04-19 01:41:05 | INFO | Episode 3214 - Reward: -200.000, Length: 200, Loss: 12.7486, Entropy: 1.0772, Epsilon: 0.010
2026-04-19 01:41:05 | INFO | Episode 3215 - Reward: -200.000, Length: 200, Loss: 15.6613, Entropy: 1.0731, Epsilon: 0.010
2026-04-19 01:41:06 | INFO | Episode 3216 - Reward: -200.000, Length: 200, Loss: 2.6735, Entropy: 1.0914, Epsilon: 0.010
2026-04-19 01:41:06 | INFO | Episode 3217 - Reward: -200.000, Length: 200, Loss: 15.5023, Entropy: 1.0805, Epsilon: 0.010
2026-04-19 01:41:06 | INFO | Episode 3218 - Reward: -200.000, Length: 200, Loss: 20.0968, Entropy: 1.0946, Epsilon: 0.010
2026-04-19 01:41:07 | INFO | Episode 3219 - Reward: -200.000, Length: 200, Loss: 4.7545, Entropy: 1.0932, Epsilon: 0.010
2026-04-19 01:41:07 | INFO | Episode 3220 - Reward: -200.000, Length: 200, Loss: 5.2963, Entropy: 1.0936, Epsilon: 0.010
2026-04-19 01:41:07 | INFO | Episode 3221 - Reward: -200.000, Length: 200, Loss: 12.8482, Entropy: 1.0938, Epsilon: 0.010
2026-04-19 01:41:08 | INFO | Episode 3222 - Reward: -200.000, Length: 200, Loss: 12.9939, Entropy: 1.0891, Epsilon: 0.010
2026-04-19 01:41:08 | INFO | Episode 3223 - Reward: -200.000, Length: 200, Loss: 9.6583, Entropy: 1.0896, Epsilon: 0.010
2026-04-19 01:41:08 | INFO | Episode 3224 - Reward: -200.000, Length: 200, Loss: 5.0223, Entropy: 1.0914, Epsilon: 0.010
2026-04-19 01:41:09 | INFO | Episode 3225 - Reward: -200.000, Length: 200, Loss: 7.5579, Entropy: 1.0964, Epsilon: 0.010
2026-04-19 01:41:09 | INFO | Episode 3226 - Reward: -200.000, Length: 200, Loss: 10.1454, Entropy: 1.0859, Epsilon: 0.010
2026-04-19 01:41:09 | INFO | Episode 3227 - Reward: -200.000, Length: 200, Loss: 13.1155, Entropy: 1.0864, Epsilon: 0.010
2026-04-19 01:41:10 | INFO | Episode 3228 - Reward: -200.000, Length: 200, Loss: 15.5505, Entropy: 1.0851, Epsilon: 0.010
2026-04-19 01:41:10 | INFO | Episode 3229 - Reward: -200.000, Length: 200, Loss: 15.6134, Entropy: 1.0858, Epsilon: 0.010
2026-04-19 01:41:10 | INFO | Episode 3230 - Reward: -200.000, Length: 200, Loss: 10.3663, Entropy: 1.0901, Epsilon: 0.010
2026-04-19 01:41:11 | INFO | Episode 3231 - Reward: -200.000, Length: 200, Loss: 10.7574, Entropy: 1.0783, Epsilon: 0.010
2026-04-19 01:41:11 | INFO | Episode 3232 - Reward: -200.000, Length: 200, Loss: 5.3240, Entropy: 1.0913, Epsilon: 0.010
2026-04-19 01:41:11 | INFO | Episode 3233 - Reward: -200.000, Length: 200, Loss: 20.7115, Entropy: 1.0177, Epsilon: 0.010
2026-04-19 01:41:12 | INFO | Episode 3234 - Reward: -200.000, Length: 200, Loss: 13.0028, Entropy: 1.0782, Epsilon: 0.010
2026-04-19 01:41:12 | INFO | Episode 3235 - Reward: -200.000, Length: 200, Loss: 20.3041, Entropy: 1.0911, Epsilon: 0.010
2026-04-19 01:41:12 | INFO | Episode 3236 - Reward: -200.000, Length: 200, Loss: 7.6179, Entropy: 1.0879, Epsilon: 0.010
2026-04-19 01:41:13 | INFO | Episode 3237 - Reward: -200.000, Length: 200, Loss: 17.0351, Entropy: 1.0859, Epsilon: 0.010
2026-04-19 01:41:13 | INFO | Episode 3238 - Reward: -200.000, Length: 200, Loss: 24.4333, Entropy: 1.0872, Epsilon: 0.010
2026-04-19 01:41:13 | INFO | Episode 3239 - Reward: -200.000, Length: 200, Loss: 9.7845, Entropy: 1.0813, Epsilon: 0.010
2026-04-19 01:41:14 | INFO | Episode 3240 - Reward: -200.000, Length: 200, Loss: 11.8922, Entropy: 1.0940, Epsilon: 0.010
2026-04-19 01:41:14 | INFO | Episode 3241 - Reward: -200.000, Length: 200, Loss: 10.0137, Entropy: 1.0922, Epsilon: 0.010
2026-04-19 01:41:15 | INFO | Episode 3242 - Reward: -200.000, Length: 200, Loss: 4.7924, Entropy: 1.0946, Epsilon: 0.010
2026-04-19 01:41:15 | INFO | Episode 3243 - Reward: -200.000, Length: 200, Loss: 9.5212, Entropy: 1.0906, Epsilon: 0.010
2026-04-19 01:41:15 | INFO | Episode 3244 - Reward: -200.000, Length: 200, Loss: 10.2892, Entropy: 1.0917, Epsilon: 0.010
2026-04-19 01:41:16 | INFO | Episode 3245 - Reward: -200.000, Length: 200, Loss: 14.8894, Entropy: 1.0717, Epsilon: 0.010
2026-04-19 01:41:16 | INFO | Episode 3246 - Reward: -200.000, Length: 200, Loss: 12.3521, Entropy: 1.0844, Epsilon: 0.010
2026-04-19 01:41:16 | INFO | Episode 3247 - Reward: -200.000, Length: 200, Loss: 15.0661, Entropy: 1.0888, Epsilon: 0.010
2026-04-19 01:41:17 | INFO | Episode 3248 - Reward: -200.000, Length: 200, Loss: 17.9733, Entropy: 1.0727, Epsilon: 0.010
2026-04-19 01:41:17 | INFO | Episode 3249 - Reward: -200.000, Length: 200, Loss: 2.2422, Entropy: 1.0892, Epsilon: 0.010
2026-04-19 01:41:17 | INFO | Episode 3250 - Reward: -200.000, Length: 200, Loss: 12.9146, Entropy: 1.0738, Epsilon: 0.010
2026-04-19 01:41:18 | INFO | Episode 3251 - Reward: -200.000, Length: 200, Loss: 11.6804, Entropy: 1.0814, Epsilon: 0.010
2026-04-19 01:41:18 | INFO | Episode 3252 - Reward: -200.000, Length: 200, Loss: 9.5109, Entropy: 1.0917, Epsilon: 0.010
2026-04-19 01:41:18 | INFO | Episode 3253 - Reward: -200.000, Length: 200, Loss: 14.2999, Entropy: 1.0882, Epsilon: 0.010
2026-04-19 01:41:19 | INFO | Episode 3254 - Reward: -200.000, Length: 200, Loss: 9.3995, Entropy: 1.0941, Epsilon: 0.010
2026-04-19 01:41:19 | INFO | Episode 3255 - Reward: -200.000, Length: 200, Loss: 18.9216, Entropy: 1.0788, Epsilon: 0.010
2026-04-19 01:41:19 | INFO | Episode 3256 - Reward: -200.000, Length: 200, Loss: 9.0324, Entropy: 1.0750, Epsilon: 0.010
2026-04-19 01:41:20 | INFO | Episode 3257 - Reward: -200.000, Length: 200, Loss: 11.8005, Entropy: 1.0885, Epsilon: 0.010
2026-04-19 01:41:20 | INFO | Episode 3258 - Reward: -200.000, Length: 200, Loss: 33.9917, Entropy: 1.0763, Epsilon: 0.010
2026-04-19 01:41:20 | INFO | Episode 3259 - Reward: -200.000, Length: 200, Loss: 6.6918, Entropy: 1.0652, Epsilon: 0.010
2026-04-19 01:41:21 | INFO | Episode 3260 - Reward: -200.000, Length: 200, Loss: 15.2807, Entropy: 1.0919, Epsilon: 0.010
2026-04-19 01:41:21 | INFO | Episode 3261 - Reward: -200.000, Length: 200, Loss: 2.1708, Entropy: 1.0919, Epsilon: 0.010
2026-04-19 01:41:21 | INFO | Episode 3262 - Reward: -200.000, Length: 200, Loss: 4.7966, Entropy: 1.0946, Epsilon: 0.010
2026-04-19 01:41:22 | INFO | Episode 3263 - Reward: -200.000, Length: 200, Loss: 7.0381, Entropy: 1.0912, Epsilon: 0.010
2026-04-19 01:41:22 | INFO | Episode 3264 - Reward: -200.000, Length: 200, Loss: 3.9473, Entropy: 1.0954, Epsilon: 0.010
2026-04-19 01:41:22 | INFO | Episode 3265 - Reward: -200.000, Length: 200, Loss: 4.6952, Entropy: 1.0930, Epsilon: 0.010
2026-04-19 01:41:23 | INFO | Episode 3266 - Reward: -200.000, Length: 200, Loss: 13.4654, Entropy: 1.0869, Epsilon: 0.010
2026-04-19 01:41:23 | INFO | Episode 3267 - Reward: -200.000, Length: 200, Loss: 4.3146, Entropy: 1.0970, Epsilon: 0.010
2026-04-19 01:41:23 | INFO | Episode 3268 - Reward: -200.000, Length: 200, Loss: 15.8650, Entropy: 1.0960, Epsilon: 0.010
2026-04-19 01:41:24 | INFO | Episode 3269 - Reward: -200.000, Length: 200, Loss: 4.6665, Entropy: 1.0941, Epsilon: 0.010
2026-04-19 01:41:24 | INFO | Episode 3270 - Reward: -200.000, Length: 200, Loss: 13.4809, Entropy: 1.0861, Epsilon: 0.010
2026-04-19 01:41:24 | INFO | Episode 3271 - Reward: -200.000, Length: 200, Loss: 15.6315, Entropy: 1.0694, Epsilon: 0.010
2026-04-19 01:41:25 | INFO | Episode 3272 - Reward: -200.000, Length: 200, Loss: 6.7874, Entropy: 1.0933, Epsilon: 0.010
2026-04-19 01:41:25 | INFO | Episode 3273 - Reward: -200.000, Length: 200, Loss: 6.6607, Entropy: 1.0910, Epsilon: 0.010
2026-04-19 01:41:25 | INFO | Episode 3274 - Reward: -200.000, Length: 200, Loss: 16.1741, Entropy: 1.0575, Epsilon: 0.010
2026-04-19 01:41:26 | INFO | Episode 3275 - Reward: -200.000, Length: 200, Loss: 13.1698, Entropy: 1.0828, Epsilon: 0.010
2026-04-19 01:41:26 | INFO | Episode 3276 - Reward: -200.000, Length: 200, Loss: 11.4249, Entropy: 1.0924, Epsilon: 0.010
2026-04-19 01:41:26 | INFO | Episode 3277 - Reward: -200.000, Length: 200, Loss: 13.2353, Entropy: 1.0948, Epsilon: 0.010
2026-04-19 01:41:27 | INFO | Episode 3278 - Reward: -200.000, Length: 200, Loss: 4.3796, Entropy: 1.0932, Epsilon: 0.010
2026-04-19 01:41:27 | INFO | Episode 3279 - Reward: -200.000, Length: 200, Loss: 15.5278, Entropy: 1.0914, Epsilon: 0.010
2026-04-19 01:41:27 | INFO | Episode 3280 - Reward: -200.000, Length: 200, Loss: 9.2407, Entropy: 1.0913, Epsilon: 0.010
2026-04-19 01:41:28 | INFO | Episode 3281 - Reward: -200.000, Length: 200, Loss: 16.5291, Entropy: 1.0810, Epsilon: 0.010
2026-04-19 01:41:28 | INFO | Episode 3282 - Reward: -200.000, Length: 200, Loss: 9.1504, Entropy: 1.0887, Epsilon: 0.010
2026-04-19 01:41:29 | INFO | Episode 3283 - Reward: -200.000, Length: 200, Loss: 16.6045, Entropy: 1.0902, Epsilon: 0.010
2026-04-19 01:41:29 | INFO | Episode 3284 - Reward: -200.000, Length: 200, Loss: 20.7304, Entropy: 1.0898, Epsilon: 0.010
2026-04-19 01:41:29 | INFO | Episode 3285 - Reward: -200.000, Length: 200, Loss: 16.0541, Entropy: 1.0863, Epsilon: 0.010
2026-04-19 01:41:30 | INFO | Episode 3286 - Reward: -200.000, Length: 200, Loss: 13.6755, Entropy: 1.0925, Epsilon: 0.010
2026-04-19 01:41:30 | INFO | Episode 3287 - Reward: -200.000, Length: 200, Loss: 11.4015, Entropy: 1.0859, Epsilon: 0.010
2026-04-19 01:41:30 | INFO | Episode 3288 - Reward: -200.000, Length: 200, Loss: 16.8265, Entropy: 1.0806, Epsilon: 0.010
2026-04-19 01:41:31 | INFO | Episode 3289 - Reward: -200.000, Length: 200, Loss: 11.8753, Entropy: 1.0677, Epsilon: 0.010
2026-04-19 01:41:31 | INFO | Episode 3290 - Reward: -200.000, Length: 200, Loss: 13.9386, Entropy: 1.0926, Epsilon: 0.010
2026-04-19 01:41:31 | INFO | Episode 3291 - Reward: -200.000, Length: 200, Loss: 16.9616, Entropy: 1.0902, Epsilon: 0.010
2026-04-19 01:41:32 | INFO | Episode 3292 - Reward: -200.000, Length: 200, Loss: 12.3045, Entropy: 1.0856, Epsilon: 0.010
2026-04-19 01:41:32 | INFO | Episode 3293 - Reward: -200.000, Length: 200, Loss: 9.4324, Entropy: 1.0923, Epsilon: 0.010
2026-04-19 01:41:32 | INFO | Episode 3294 - Reward: -200.000, Length: 200, Loss: 15.0483, Entropy: 1.0862, Epsilon: 0.010
2026-04-19 01:41:33 | INFO | Episode 3295 - Reward: -200.000, Length: 200, Loss: 12.1104, Entropy: 1.0899, Epsilon: 0.010
2026-04-19 01:41:33 | INFO | Episode 3296 - Reward: -200.000, Length: 200, Loss: 17.4404, Entropy: 1.0917, Epsilon: 0.010
2026-04-19 01:41:33 | INFO | Episode 3297 - Reward: -200.000, Length: 200, Loss: 19.8026, Entropy: 1.0624, Epsilon: 0.010
2026-04-19 01:41:34 | INFO | Episode 3298 - Reward: -200.000, Length: 200, Loss: 12.1001, Entropy: 1.0897, Epsilon: 0.010
2026-04-19 01:41:34 | INFO | Episode 3299 - Reward: -200.000, Length: 200, Loss: 7.4243, Entropy: 1.0915, Epsilon: 0.010
2026-04-19 01:41:34 | INFO | Episode 3300 - Reward: -200.000, Length: 200, Loss: 5.0646, Entropy: 1.0946, Epsilon: 0.010
2026-04-19 01:41:39 | INFO | [Episode 3300] eps=0.010  avg_reward=-200.000  avg_length=200.00  avg_loss= 11.8740  avg_entropy=1.0946  eval_success=0.000
2026-04-19 01:41:39 | INFO | Episode 3301 - Reward: -200.000, Length: 200, Loss: 16.5852, Entropy: 1.0825, Epsilon: 0.010
2026-04-19 01:41:40 | INFO | Episode 3302 - Reward: -200.000, Length: 200, Loss: 7.4813, Entropy: 1.0916, Epsilon: 0.010
2026-04-19 01:41:40 | INFO | Episode 3303 - Reward: -200.000, Length: 200, Loss: 9.8298, Entropy: 1.0889, Epsilon: 0.010
2026-04-19 01:41:40 | INFO | Episode 3304 - Reward: -200.000, Length: 200, Loss: 14.9235, Entropy: 1.0808, Epsilon: 0.010
2026-04-19 01:41:41 | INFO | Episode 3305 - Reward: -200.000, Length: 200, Loss: 29.4408, Entropy: 1.0682, Epsilon: 0.010
2026-04-19 01:41:41 | INFO | Episode 3306 - Reward: -200.000, Length: 200, Loss: 2.4754, Entropy: 1.0921, Epsilon: 0.010
2026-04-19 01:41:41 | INFO | Episode 3307 - Reward: -200.000, Length: 200, Loss: 7.4800, Entropy: 1.0910, Epsilon: 0.010
2026-04-19 01:41:42 | INFO | Episode 3308 - Reward: -200.000, Length: 200, Loss: 7.5727, Entropy: 1.0892, Epsilon: 0.010
2026-04-19 01:41:42 | INFO | Episode 3309 - Reward: -200.000, Length: 200, Loss: 17.2652, Entropy: 1.0804, Epsilon: 0.010
2026-04-19 01:41:42 | INFO | Episode 3310 - Reward: -200.000, Length: 200, Loss: 19.7539, Entropy: 1.0802, Epsilon: 0.010
2026-04-19 01:41:43 | INFO | Episode 3311 - Reward: -200.000, Length: 200, Loss: 5.1860, Entropy: 1.0868, Epsilon: 0.010
2026-04-19 01:41:43 | INFO | Episode 3312 - Reward: -200.000, Length: 200, Loss: 17.2286, Entropy: 1.0818, Epsilon: 0.010
2026-04-19 01:41:43 | INFO | Episode 3313 - Reward: -200.000, Length: 200, Loss: 9.5503, Entropy: 1.0873, Epsilon: 0.010
2026-04-19 01:41:44 | INFO | Episode 3314 - Reward: -200.000, Length: 200, Loss: 12.5825, Entropy: 1.0949, Epsilon: 0.010
2026-04-19 01:41:44 | INFO | Episode 3315 - Reward: -200.000, Length: 200, Loss: 12.1623, Entropy: 1.0949, Epsilon: 0.010
2026-04-19 01:41:44 | INFO | Episode 3316 - Reward: -200.000, Length: 200, Loss: 14.7279, Entropy: 1.0860, Epsilon: 0.010
2026-04-19 01:41:45 | INFO | Episode 3317 - Reward: -200.000, Length: 200, Loss: 12.2715, Entropy: 1.0835, Epsilon: 0.010
2026-04-19 01:41:45 | INFO | Episode 3318 - Reward: -200.000, Length: 200, Loss: 9.8972, Entropy: 1.0930, Epsilon: 0.010
2026-04-19 01:41:45 | INFO | Episode 3319 - Reward: -200.000, Length: 200, Loss: 19.3669, Entropy: 1.0923, Epsilon: 0.010
2026-04-19 01:41:46 | INFO | Episode 3320 - Reward: -200.000, Length: 200, Loss: 19.5956, Entropy: 1.0751, Epsilon: 0.010
2026-04-19 01:41:46 | INFO | Episode 3321 - Reward: -200.000, Length: 200, Loss: 4.9021, Entropy: 1.0911, Epsilon: 0.010
2026-04-19 01:41:46 | INFO | Episode 3322 - Reward: -200.000, Length: 200, Loss: 9.7290, Entropy: 1.0912, Epsilon: 0.010
2026-04-19 01:41:47 | INFO | Episode 3323 - Reward: -200.000, Length: 200, Loss: 16.9053, Entropy: 1.0817, Epsilon: 0.010
2026-04-19 01:41:47 | INFO | Episode 3324 - Reward: -200.000, Length: 200, Loss: 12.6878, Entropy: 1.0821, Epsilon: 0.010
2026-04-19 01:41:47 | INFO | Episode 3325 - Reward: -200.000, Length: 200, Loss: 7.0132, Entropy: 1.0888, Epsilon: 0.010
2026-04-19 01:41:48 | INFO | Episode 3326 - Reward: -200.000, Length: 200, Loss: 9.6910, Entropy: 1.0853, Epsilon: 0.010
2026-04-19 01:41:48 | INFO | Episode 3327 - Reward: -200.000, Length: 200, Loss: 10.0143, Entropy: 1.0907, Epsilon: 0.010
2026-04-19 01:41:48 | INFO | Episode 3328 - Reward: -200.000, Length: 200, Loss: -0.0900, Entropy: 1.0981, Epsilon: 0.010
2026-04-19 01:41:49 | INFO | Episode 3329 - Reward: -200.000, Length: 200, Loss: 11.9796, Entropy: 1.0755, Epsilon: 0.010
2026-04-19 01:41:49 | INFO | Episode 3330 - Reward: -200.000, Length: 200, Loss: 12.5044, Entropy: 1.0823, Epsilon: 0.010
2026-04-19 01:41:49 | INFO | Episode 3331 - Reward: -200.000, Length: 200, Loss: 10.1800, Entropy: 1.0943, Epsilon: 0.010
2026-04-19 01:41:50 | INFO | Episode 3332 - Reward: -200.000, Length: 200, Loss: 12.8795, Entropy: 1.0937, Epsilon: 0.010
2026-04-19 01:41:50 | INFO | Episode 3333 - Reward: -200.000, Length: 200, Loss: 9.9540, Entropy: 1.0966, Epsilon: 0.010
2026-04-19 01:41:50 | INFO | Episode 3334 - Reward: -200.000, Length: 200, Loss: 10.1073, Entropy: 1.0912, Epsilon: 0.010
2026-04-19 01:41:51 | INFO | Episode 3335 - Reward: -200.000, Length: 200, Loss: 8.0322, Entropy: 1.0939, Epsilon: 0.010
2026-04-19 01:41:51 | INFO | Episode 3336 - Reward: -200.000, Length: 200, Loss: 15.6150, Entropy: 1.0915, Epsilon: 0.010
2026-04-19 01:41:51 | INFO | Episode 3337 - Reward: -200.000, Length: 200, Loss: 7.6041, Entropy: 1.0940, Epsilon: 0.010
2026-04-19 01:41:52 | INFO | Episode 3338 - Reward: -200.000, Length: 200, Loss: 10.4998, Entropy: 1.0817, Epsilon: 0.010
2026-04-19 01:41:52 | INFO | Episode 3339 - Reward: -200.000, Length: 200, Loss: 10.8393, Entropy: 1.0925, Epsilon: 0.010
2026-04-19 01:41:53 | INFO | Episode 3340 - Reward: -200.000, Length: 200, Loss: 16.0707, Entropy: 1.0909, Epsilon: 0.010
2026-04-19 01:41:53 | INFO | Episode 3341 - Reward: -200.000, Length: 200, Loss: 10.6847, Entropy: 1.0940, Epsilon: 0.010
2026-04-19 01:41:53 | INFO | Episode 3342 - Reward: -200.000, Length: 200, Loss: 10.7971, Entropy: 1.0923, Epsilon: 0.010
2026-04-19 01:41:54 | INFO | Episode 3343 - Reward: -200.000, Length: 200, Loss: 15.8589, Entropy: 1.0897, Epsilon: 0.010
2026-04-19 01:41:54 | INFO | Episode 3344 - Reward: -200.000, Length: 200, Loss: 21.0797, Entropy: 1.0743, Epsilon: 0.010
2026-04-19 01:41:54 | INFO | Episode 3345 - Reward: -200.000, Length: 200, Loss: 10.8030, Entropy: 1.0848, Epsilon: 0.010
2026-04-19 01:41:55 | INFO | Episode 3346 - Reward: -200.000, Length: 200, Loss: 5.2483, Entropy: 1.0951, Epsilon: 0.010
2026-04-19 01:41:55 | INFO | Episode 3347 - Reward: -200.000, Length: 200, Loss: 21.2681, Entropy: 1.0926, Epsilon: 0.010
2026-04-19 01:41:55 | INFO | Episode 3348 - Reward: -200.000, Length: 200, Loss: 10.8762, Entropy: 1.0906, Epsilon: 0.010
2026-04-19 01:41:56 | INFO | Episode 3349 - Reward: -200.000, Length: 200, Loss: 21.8727, Entropy: 1.0642, Epsilon: 0.010
2026-04-19 01:41:56 | INFO | Episode 3350 - Reward: -200.000, Length: 200, Loss: 13.3479, Entropy: 1.0904, Epsilon: 0.010
2026-04-19 01:41:56 | INFO | Episode 3351 - Reward: -200.000, Length: 200, Loss: 10.4218, Entropy: 1.0951, Epsilon: 0.010
2026-04-19 01:41:57 | INFO | Episode 3352 - Reward: -200.000, Length: 200, Loss: 10.7844, Entropy: 1.0869, Epsilon: 0.010
2026-04-19 01:41:57 | INFO | Episode 3353 - Reward: -200.000, Length: 200, Loss: 21.4163, Entropy: 1.0913, Epsilon: 0.010
2026-04-19 01:41:57 | INFO | Episode 3354 - Reward: -200.000, Length: 200, Loss: 21.2188, Entropy: 1.0812, Epsilon: 0.010
2026-04-19 01:41:58 | INFO | Episode 3355 - Reward: -200.000, Length: 200, Loss: 24.6936, Entropy: 1.0737, Epsilon: 0.010
2026-04-19 01:41:58 | INFO | Episode 3356 - Reward: -200.000, Length: 200, Loss: 19.3427, Entropy: 1.0618, Epsilon: 0.010
2026-04-19 01:41:58 | INFO | Episode 3357 - Reward: -200.000, Length: 200, Loss: 33.9416, Entropy: 1.0940, Epsilon: 0.010
2026-04-19 01:41:59 | INFO | Episode 3358 - Reward: -200.000, Length: 200, Loss: 21.6232, Entropy: 1.0918, Epsilon: 0.010
2026-04-19 01:41:59 | INFO | Episode 3359 - Reward: -200.000, Length: 200, Loss: 10.4310, Entropy: 1.0903, Epsilon: 0.010
2026-04-19 01:41:59 | INFO | Episode 3360 - Reward: -200.000, Length: 200, Loss: 25.4356, Entropy: 1.0675, Epsilon: 0.010
2026-04-19 01:42:00 | INFO | Episode 3361 - Reward: -200.000, Length: 200, Loss: 7.7432, Entropy: 1.0838, Epsilon: 0.010
2026-04-19 01:42:00 | INFO | Episode 3362 - Reward: -200.000, Length: 200, Loss: 7.5828, Entropy: 1.0894, Epsilon: 0.010
2026-04-19 01:42:00 | INFO | Episode 3363 - Reward: -200.000, Length: 200, Loss: 9.8243, Entropy: 1.0781, Epsilon: 0.010
2026-04-19 01:42:01 | INFO | Episode 3364 - Reward: -200.000, Length: 200, Loss: 23.6553, Entropy: 1.0841, Epsilon: 0.010
2026-04-19 01:42:01 | INFO | Episode 3365 - Reward: -200.000, Length: 200, Loss: 7.8553, Entropy: 1.0942, Epsilon: 0.010
2026-04-19 01:42:01 | INFO | Episode 3366 - Reward: -200.000, Length: 200, Loss: 10.7950, Entropy: 1.0822, Epsilon: 0.010
2026-04-19 01:42:02 | INFO | Episode 3367 - Reward: -200.000, Length: 200, Loss: 18.3972, Entropy: 1.0909, Epsilon: 0.010
2026-04-19 01:42:04 | INFO | Episode 3368 - Reward: -200.000, Length: 200, Loss: 11.0145, Entropy: 1.0905, Epsilon: 0.010
2026-04-19 01:42:04 | INFO | Episode 3369 - Reward: -200.000, Length: 200, Loss: 16.7440, Entropy: 1.0851, Epsilon: 0.010
2026-04-19 01:42:04 | INFO | Episode 3370 - Reward: -200.000, Length: 200, Loss: 21.7030, Entropy: 1.0822, Epsilon: 0.010
2026-04-19 01:42:05 | INFO | Episode 3371 - Reward: -200.000, Length: 200, Loss: 8.0339, Entropy: 1.0830, Epsilon: 0.010
2026-04-19 01:42:05 | INFO | Episode 3372 - Reward: -200.000, Length: 200, Loss: 16.3827, Entropy: 1.0911, Epsilon: 0.010
2026-04-19 01:42:05 | INFO | Episode 3373 - Reward: -200.000, Length: 200, Loss: 13.1823, Entropy: 1.0705, Epsilon: 0.010
2026-04-19 01:42:06 | INFO | Episode 3374 - Reward: -200.000, Length: 200, Loss: 13.6992, Entropy: 1.0936, Epsilon: 0.010
2026-04-19 01:42:06 | INFO | Episode 3375 - Reward: -200.000, Length: 200, Loss: 22.1171, Entropy: 1.0635, Epsilon: 0.010
2026-04-19 01:42:06 | INFO | Episode 3376 - Reward: -200.000, Length: 200, Loss: 10.3602, Entropy: 1.0907, Epsilon: 0.010
2026-04-19 01:42:07 | INFO | Episode 3377 - Reward: -200.000, Length: 200, Loss: 10.6388, Entropy: 1.0925, Epsilon: 0.010
2026-04-19 01:42:07 | INFO | Episode 3378 - Reward: -200.000, Length: 200, Loss: 5.4099, Entropy: 1.0942, Epsilon: 0.010
2026-04-19 01:42:07 | INFO | Episode 3379 - Reward: -200.000, Length: 200, Loss: 8.4755, Entropy: 1.0878, Epsilon: 0.010
2026-04-19 01:42:08 | INFO | Episode 3380 - Reward: -200.000, Length: 200, Loss: 10.9183, Entropy: 1.0788, Epsilon: 0.010
2026-04-19 01:42:08 | INFO | Episode 3381 - Reward: -200.000, Length: 200, Loss: 16.1088, Entropy: 1.0925, Epsilon: 0.010
2026-04-19 01:42:08 | INFO | Episode 3382 - Reward: -200.000, Length: 200, Loss: 13.4959, Entropy: 1.0861, Epsilon: 0.010
2026-04-19 01:42:09 | INFO | Episode 3383 - Reward: -200.000, Length: 200, Loss: 13.3383, Entropy: 1.0943, Epsilon: 0.010
2026-04-19 01:42:09 | INFO | Episode 3384 - Reward: -200.000, Length: 200, Loss: 13.2958, Entropy: 1.0652, Epsilon: 0.010
2026-04-19 01:42:09 | INFO | Episode 3385 - Reward: -200.000, Length: 200, Loss: 2.3870, Entropy: 1.0937, Epsilon: 0.010
2026-04-19 01:42:10 | INFO | Episode 3386 - Reward: -200.000, Length: 200, Loss: 11.5594, Entropy: 1.0916, Epsilon: 0.010
2026-04-19 01:42:10 | INFO | Episode 3387 - Reward: -200.000, Length: 200, Loss: 8.3079, Entropy: 1.0937, Epsilon: 0.010
2026-04-19 01:42:10 | INFO | Episode 3388 - Reward: -200.000, Length: 200, Loss: 27.7339, Entropy: 1.0832, Epsilon: 0.010
2026-04-19 01:42:11 | INFO | Episode 3389 - Reward: -200.000, Length: 200, Loss: 16.6097, Entropy: 1.0810, Epsilon: 0.010
2026-04-19 01:42:11 | INFO | Episode 3390 - Reward: -200.000, Length: 200, Loss: 22.1911, Entropy: 1.0874, Epsilon: 0.010
2026-04-19 01:42:11 | INFO | Episode 3391 - Reward: -200.000, Length: 200, Loss: 19.4963, Entropy: 1.0773, Epsilon: 0.010
2026-04-19 01:42:12 | INFO | Episode 3392 - Reward: -200.000, Length: 200, Loss: 10.5172, Entropy: 1.0934, Epsilon: 0.010
2026-04-19 01:42:12 | INFO | Episode 3393 - Reward: -200.000, Length: 200, Loss: 8.0012, Entropy: 1.0909, Epsilon: 0.010
2026-04-19 01:42:12 | INFO | Episode 3394 - Reward: -200.000, Length: 200, Loss: 8.1286, Entropy: 1.0828, Epsilon: 0.010
2026-04-19 01:42:13 | INFO | Episode 3395 - Reward: -200.000, Length: 200, Loss: 5.3015, Entropy: 1.0940, Epsilon: 0.010
2026-04-19 01:42:13 | INFO | Episode 3396 - Reward: -200.000, Length: 200, Loss: 13.5738, Entropy: 1.0780, Epsilon: 0.010
2026-04-19 01:42:13 | INFO | Episode 3397 - Reward: -200.000, Length: 200, Loss: 25.2432, Entropy: 1.0803, Epsilon: 0.010
2026-04-19 01:42:14 | INFO | Episode 3398 - Reward: -200.000, Length: 200, Loss: 19.7795, Entropy: 1.0574, Epsilon: 0.010
2026-04-19 01:42:14 | INFO | Episode 3399 - Reward: -200.000, Length: 200, Loss: 18.8878, Entropy: 1.0776, Epsilon: 0.010
2026-04-19 01:42:14 | INFO | Episode 3400 - Reward: -200.000, Length: 200, Loss: 10.8231, Entropy: 1.0849, Epsilon: 0.010
2026-04-19 01:42:19 | INFO | [Episode 3400] eps=0.010  avg_reward=-200.000  avg_length=200.00  avg_loss= 13.5295  avg_entropy=1.0849  eval_success=0.000
2026-04-19 01:42:19 | INFO | Episode 3401 - Reward: -200.000, Length: 200, Loss: 18.2961, Entropy: 1.0871, Epsilon: 0.010
2026-04-19 01:42:20 | INFO | Episode 3402 - Reward: -200.000, Length: 200, Loss: 21.4993, Entropy: 1.0915, Epsilon: 0.010
2026-04-19 01:42:20 | INFO | Episode 3403 - Reward: -200.000, Length: 200, Loss: 13.7233, Entropy: 1.0804, Epsilon: 0.010
2026-04-19 01:42:20 | INFO | Episode 3404 - Reward: -200.000, Length: 200, Loss: 7.9549, Entropy: 1.0946, Epsilon: 0.010
2026-04-19 01:42:21 | INFO | Episode 3405 - Reward: -200.000, Length: 200, Loss: 18.9051, Entropy: 1.0901, Epsilon: 0.010
2026-04-19 01:42:21 | INFO | Episode 3406 - Reward: -200.000, Length: 200, Loss: 13.4693, Entropy: 1.0913, Epsilon: 0.010
2026-04-19 01:42:21 | INFO | Episode 3407 - Reward: -200.000, Length: 200, Loss: 16.1266, Entropy: 1.0768, Epsilon: 0.010
2026-04-19 01:42:22 | INFO | Episode 3408 - Reward: -200.000, Length: 200, Loss: 7.7268, Entropy: 1.0882, Epsilon: 0.010
2026-04-19 01:42:22 | INFO | Episode 3409 - Reward: -200.000, Length: 200, Loss: 10.4475, Entropy: 1.0914, Epsilon: 0.010
2026-04-19 01:42:22 | INFO | Episode 3410 - Reward: -200.000, Length: 200, Loss: 22.1154, Entropy: 1.0876, Epsilon: 0.010
2026-04-19 01:42:23 | INFO | Episode 3411 - Reward: -200.000, Length: 200, Loss: 21.3863, Entropy: 1.0886, Epsilon: 0.010
2026-04-19 01:42:23 | INFO | Episode 3412 - Reward: -200.000, Length: 200, Loss: 16.0785, Entropy: 1.0785, Epsilon: 0.010
2026-04-19 01:42:23 | INFO | Episode 3413 - Reward: -200.000, Length: 200, Loss: 21.1578, Entropy: 1.0639, Epsilon: 0.010
2026-04-19 01:42:24 | INFO | Episode 3414 - Reward: -200.000, Length: 200, Loss: 18.7265, Entropy: 1.0691, Epsilon: 0.010
2026-04-19 01:42:24 | INFO | Episode 3415 - Reward: -200.000, Length: 200, Loss: 8.0218, Entropy: 1.0976, Epsilon: 0.010
2026-04-19 01:42:24 | INFO | Episode 3416 - Reward: -200.000, Length: 200, Loss: 13.7304, Entropy: 1.0879, Epsilon: 0.010
2026-04-19 01:42:25 | INFO | Episode 3417 - Reward: -200.000, Length: 200, Loss: 10.6545, Entropy: 1.0819, Epsilon: 0.010
2026-04-19 01:42:25 | INFO | Episode 3418 - Reward: -200.000, Length: 200, Loss: 19.1555, Entropy: 1.0881, Epsilon: 0.010
2026-04-19 01:42:26 | INFO | Episode 3419 - Reward: -200.000, Length: 200, Loss: 7.5567, Entropy: 1.0938, Epsilon: 0.010
2026-04-19 01:42:26 | INFO | Episode 3420 - Reward: -200.000, Length: 200, Loss: 25.4228, Entropy: 1.0811, Epsilon: 0.010
2026-04-19 01:42:26 | INFO | Episode 3421 - Reward: -200.000, Length: 200, Loss: 15.5798, Entropy: 1.0882, Epsilon: 0.010
2026-04-19 01:42:27 | INFO | Episode 3422 - Reward: -200.000, Length: 200, Loss: -0.0206, Entropy: 1.0966, Epsilon: 0.010
2026-04-19 01:42:27 | INFO | Episode 3423 - Reward: -200.000, Length: 200, Loss: 18.4312, Entropy: 1.0870, Epsilon: 0.010
2026-04-19 01:42:27 | INFO | Episode 3424 - Reward: -200.000, Length: 200, Loss: 10.2995, Entropy: 1.0961, Epsilon: 0.010
2026-04-19 01:42:28 | INFO | Episode 3425 - Reward: -200.000, Length: 200, Loss: 17.9152, Entropy: 1.0855, Epsilon: 0.010
2026-04-19 01:42:28 | INFO | Episode 3426 - Reward: -200.000, Length: 200, Loss: 9.8762, Entropy: 1.0935, Epsilon: 0.010
2026-04-19 01:42:28 | INFO | Episode 3427 - Reward: -200.000, Length: 200, Loss: 9.9776, Entropy: 1.0873, Epsilon: 0.010
2026-04-19 01:42:29 | INFO | Episode 3428 - Reward: -200.000, Length: 200, Loss: 15.6599, Entropy: 1.0790, Epsilon: 0.010
2026-04-19 01:42:29 | INFO | Episode 3429 - Reward: -200.000, Length: 200, Loss: 9.9606, Entropy: 1.0877, Epsilon: 0.010
2026-04-19 01:42:29 | INFO | Episode 3430 - Reward: -200.000, Length: 200, Loss: 9.8223, Entropy: 1.0940, Epsilon: 0.010
2026-04-19 01:42:30 | INFO | Episode 3431 - Reward: -200.000, Length: 200, Loss: 10.0037, Entropy: 1.0915, Epsilon: 0.010
2026-04-19 01:42:30 | INFO | Episode 3432 - Reward: -200.000, Length: 200, Loss: 17.7240, Entropy: 1.0806, Epsilon: 0.010
2026-04-19 01:42:30 | INFO | Episode 3433 - Reward: -200.000, Length: 200, Loss: 2.5911, Entropy: 1.0961, Epsilon: 0.010
2026-04-19 01:42:31 | INFO | Episode 3434 - Reward: -200.000, Length: 200, Loss: 2.3180, Entropy: 1.0948, Epsilon: 0.010
2026-04-19 01:42:31 | INFO | Episode 3435 - Reward: -200.000, Length: 200, Loss: 7.8363, Entropy: 1.0960, Epsilon: 0.010
2026-04-19 01:42:31 | INFO | Episode 3436 - Reward: -200.000, Length: 200, Loss: 13.4268, Entropy: 1.0884, Epsilon: 0.010
2026-04-19 01:42:32 | INFO | Episode 3437 - Reward: -200.000, Length: 200, Loss: 5.6148, Entropy: 1.0924, Epsilon: 0.010
2026-04-19 01:42:32 | INFO | Episode 3438 - Reward: -200.000, Length: 200, Loss: 10.6576, Entropy: 1.0950, Epsilon: 0.010
2026-04-19 01:42:32 | INFO | Episode 3439 - Reward: -200.000, Length: 200, Loss: 23.5977, Entropy: 1.0869, Epsilon: 0.010
2026-04-19 01:42:33 | INFO | Episode 3440 - Reward: -200.000, Length: 200, Loss: 10.3930, Entropy: 1.0933, Epsilon: 0.010
2026-04-19 01:42:33 | INFO | Episode 3441 - Reward: -200.000, Length: 200, Loss: 25.2515, Entropy: 1.0534, Epsilon: 0.010
2026-04-19 01:42:33 | INFO | Episode 3442 - Reward: -200.000, Length: 200, Loss: 10.6499, Entropy: 1.0932, Epsilon: 0.010
2026-04-19 01:42:34 | INFO | Episode 3443 - Reward: -200.000, Length: 200, Loss: 7.7661, Entropy: 1.0947, Epsilon: 0.010
2026-04-19 01:42:34 | INFO | Episode 3444 - Reward: -200.000, Length: 200, Loss: 13.3490, Entropy: 1.0774, Epsilon: 0.010
2026-04-19 01:42:34 | INFO | Episode 3445 - Reward: -200.000, Length: 200, Loss: 18.2112, Entropy: 1.0871, Epsilon: 0.010
2026-04-19 01:42:35 | INFO | Episode 3446 - Reward: -200.000, Length: 200, Loss: 10.3224, Entropy: 1.0728, Epsilon: 0.010
2026-04-19 01:42:35 | INFO | Episode 3447 - Reward: -200.000, Length: 200, Loss: 4.9479, Entropy: 1.0906, Epsilon: 0.010
2026-04-19 01:42:35 | INFO | Episode 3448 - Reward: -200.000, Length: 200, Loss: 13.3048, Entropy: 1.0888, Epsilon: 0.010
2026-04-19 01:42:36 | INFO | Episode 3449 - Reward: -200.000, Length: 200, Loss: 18.4043, Entropy: 1.0712, Epsilon: 0.010
2026-04-19 01:42:36 | INFO | Episode 3450 - Reward: -200.000, Length: 200, Loss: 15.6039, Entropy: 1.0665, Epsilon: 0.010
2026-04-19 01:42:36 | INFO | Episode 3451 - Reward: -200.000, Length: 200, Loss: 15.4391, Entropy: 1.0824, Epsilon: 0.010
2026-04-19 01:42:37 | INFO | Episode 3452 - Reward: -200.000, Length: 200, Loss: 23.6757, Entropy: 1.0815, Epsilon: 0.010
2026-04-19 01:42:37 | INFO | Episode 3453 - Reward: -200.000, Length: 200, Loss: 13.3126, Entropy: 1.0811, Epsilon: 0.010
2026-04-19 01:42:37 | INFO | Episode 3454 - Reward: -200.000, Length: 200, Loss: 17.4140, Entropy: 1.0827, Epsilon: 0.010
2026-04-19 01:42:38 | INFO | Episode 3455 - Reward: -200.000, Length: 200, Loss: 10.1988, Entropy: 1.0881, Epsilon: 0.010
2026-04-19 01:42:38 | INFO | Episode 3456 - Reward: -200.000, Length: 200, Loss: 10.3908, Entropy: 1.0918, Epsilon: 0.010
2026-04-19 01:42:39 | INFO | Episode 3457 - Reward: -200.000, Length: 200, Loss: 23.4968, Entropy: 1.0832, Epsilon: 0.010
2026-04-19 01:42:39 | INFO | Episode 3458 - Reward: -200.000, Length: 200, Loss: 10.2460, Entropy: 1.0953, Epsilon: 0.010
2026-04-19 01:42:39 | INFO | Episode 3459 - Reward: -200.000, Length: 200, Loss: 15.4934, Entropy: 1.0911, Epsilon: 0.010
2026-04-19 01:42:40 | INFO | Episode 3460 - Reward: -200.000, Length: 200, Loss: 17.8181, Entropy: 1.0601, Epsilon: 0.010
2026-04-19 01:42:40 | INFO | Episode 3461 - Reward: -200.000, Length: 200, Loss: 11.0182, Entropy: 1.0691, Epsilon: 0.010
2026-04-19 01:42:40 | INFO | Episode 3462 - Reward: -200.000, Length: 200, Loss: 7.8020, Entropy: 1.0889, Epsilon: 0.010
2026-04-19 01:42:41 | INFO | Episode 3463 - Reward: -200.000, Length: 200, Loss: 23.1274, Entropy: 1.0954, Epsilon: 0.010
2026-04-19 01:42:41 | INFO | Episode 3464 - Reward: -200.000, Length: 200, Loss: 23.4278, Entropy: 1.0882, Epsilon: 0.010
2026-04-19 01:42:41 | INFO | Episode 3465 - Reward: -200.000, Length: 200, Loss: 9.9056, Entropy: 1.0851, Epsilon: 0.010
2026-04-19 01:42:42 | INFO | Episode 3466 - Reward: -200.000, Length: 200, Loss: 15.5339, Entropy: 1.0866, Epsilon: 0.010
2026-04-19 01:42:42 | INFO | Episode 3467 - Reward: -200.000, Length: 200, Loss: 2.6401, Entropy: 1.0955, Epsilon: 0.010
2026-04-19 01:42:42 | INFO | Episode 3468 - Reward: -200.000, Length: 200, Loss: 10.7356, Entropy: 1.0940, Epsilon: 0.010
2026-04-19 01:42:43 | INFO | Episode 3469 - Reward: -200.000, Length: 200, Loss: 23.1253, Entropy: 1.0743, Epsilon: 0.010
2026-04-19 01:42:43 | INFO | Episode 3470 - Reward: -200.000, Length: 200, Loss: 7.5522, Entropy: 1.0739, Epsilon: 0.010
2026-04-19 01:42:43 | INFO | Episode 3471 - Reward: -200.000, Length: 200, Loss: 15.7574, Entropy: 1.0780, Epsilon: 0.010
2026-04-19 01:42:44 | INFO | Episode 3472 - Reward: -200.000, Length: 200, Loss: 7.9569, Entropy: 1.0847, Epsilon: 0.010
2026-04-19 01:42:44 | INFO | Episode 3473 - Reward: -200.000, Length: 200, Loss: 18.8650, Entropy: 1.0823, Epsilon: 0.010
2026-04-19 01:42:44 | INFO | Episode 3474 - Reward: -200.000, Length: 200, Loss: 10.6765, Entropy: 1.0838, Epsilon: 0.010
2026-04-19 01:42:45 | INFO | Episode 3475 - Reward: -200.000, Length: 200, Loss: 10.3761, Entropy: 1.0931, Epsilon: 0.010
2026-04-19 01:42:45 | INFO | Episode 3476 - Reward: -200.000, Length: 200, Loss: 18.3673, Entropy: 1.0866, Epsilon: 0.010
2026-04-19 01:42:45 | INFO | Episode 3477 - Reward: -200.000, Length: 200, Loss: 7.7529, Entropy: 1.0934, Epsilon: 0.010
2026-04-19 01:42:46 | INFO | Episode 3478 - Reward: -200.000, Length: 200, Loss: 7.6535, Entropy: 1.0902, Epsilon: 0.010
2026-04-19 01:42:46 | INFO | Episode 3479 - Reward: -200.000, Length: 200, Loss: 16.5726, Entropy: 1.0891, Epsilon: 0.010
2026-04-19 01:42:46 | INFO | Episode 3480 - Reward: -200.000, Length: 200, Loss: 5.3395, Entropy: 1.0844, Epsilon: 0.010
2026-04-19 01:42:47 | INFO | Episode 3481 - Reward: -200.000, Length: 200, Loss: 8.2875, Entropy: 1.0949, Epsilon: 0.010
2026-04-19 01:42:47 | INFO | Episode 3482 - Reward: -200.000, Length: 200, Loss: 5.5762, Entropy: 1.0954, Epsilon: 0.010
2026-04-19 01:42:47 | INFO | Episode 3483 - Reward: -200.000, Length: 200, Loss: 10.9688, Entropy: 1.0822, Epsilon: 0.010
2026-04-19 01:42:48 | INFO | Episode 3484 - Reward: -200.000, Length: 200, Loss: 8.0823, Entropy: 1.0928, Epsilon: 0.010
2026-04-19 01:42:48 | INFO | Episode 3485 - Reward: -200.000, Length: 200, Loss: 8.5997, Entropy: 1.0800, Epsilon: 0.010
2026-04-19 01:42:48 | INFO | Episode 3486 - Reward: -200.000, Length: 200, Loss: 11.2565, Entropy: 1.0712, Epsilon: 0.010
2026-04-19 01:42:49 | INFO | Episode 3487 - Reward: -200.000, Length: 200, Loss: 8.3831, Entropy: 1.0830, Epsilon: 0.010
2026-04-19 01:42:49 | INFO | Episode 3488 - Reward: -200.000, Length: 200, Loss: 16.2142, Entropy: 1.0860, Epsilon: 0.010
2026-04-19 01:42:49 | INFO | Episode 3489 - Reward: -200.000, Length: 200, Loss: 8.0000, Entropy: 1.0877, Epsilon: 0.010
2026-04-19 01:42:50 | INFO | Episode 3490 - Reward: -200.000, Length: 200, Loss: 24.3281, Entropy: 1.0703, Epsilon: 0.010
2026-04-19 01:42:50 | INFO | Episode 3491 - Reward: -200.000, Length: 200, Loss: 27.7523, Entropy: 1.0847, Epsilon: 0.010
2026-04-19 01:42:50 | INFO | Episode 3492 - Reward: -200.000, Length: 200, Loss: 19.3624, Entropy: 1.0837, Epsilon: 0.010
2026-04-19 01:42:51 | INFO | Episode 3493 - Reward: -200.000, Length: 200, Loss: 21.9322, Entropy: 1.0601, Epsilon: 0.010
2026-04-19 01:42:51 | INFO | Episode 3494 - Reward: -200.000, Length: 200, Loss: 23.8506, Entropy: 1.0850, Epsilon: 0.010
2026-04-19 01:42:51 | INFO | Episode 3495 - Reward: -200.000, Length: 200, Loss: 13.0511, Entropy: 1.0793, Epsilon: 0.010
2026-04-19 01:42:52 | INFO | Episode 3496 - Reward: -200.000, Length: 200, Loss: 8.1581, Entropy: 1.0925, Epsilon: 0.010
2026-04-19 01:42:52 | INFO | Episode 3497 - Reward: -200.000, Length: 200, Loss: 5.5346, Entropy: 1.0948, Epsilon: 0.010
2026-04-19 01:42:52 | INFO | Episode 3498 - Reward: -200.000, Length: 200, Loss: 13.6703, Entropy: 1.0856, Epsilon: 0.010
2026-04-19 01:42:53 | INFO | Episode 3499 - Reward: -200.000, Length: 200, Loss: 18.7370, Entropy: 1.0818, Epsilon: 0.010
2026-04-19 01:42:53 | INFO | Episode 3500 - Reward: -200.000, Length: 200, Loss: 13.1606, Entropy: 1.0849, Epsilon: 0.010
2026-04-19 01:42:58 | INFO | [Episode 3500] eps=0.010  avg_reward=-200.000  avg_length=200.00  avg_loss= 13.5821  avg_entropy=1.0849  eval_success=0.000
2026-04-19 01:42:58 | INFO | Episode 3501 - Reward: -200.000, Length: 200, Loss: 10.8010, Entropy: 1.0940, Epsilon: 0.010
2026-04-19 01:42:59 | INFO | Episode 3502 - Reward: -200.000, Length: 200, Loss: 19.5918, Entropy: 1.0396, Epsilon: 0.010
2026-04-19 01:42:59 | INFO | Episode 3503 - Reward: -200.000, Length: 200, Loss: 7.9996, Entropy: 1.0922, Epsilon: 0.010
2026-04-19 01:42:59 | INFO | Episode 3504 - Reward: -200.000, Length: 200, Loss: 2.7502, Entropy: 1.0924, Epsilon: 0.010
2026-04-19 01:43:00 | INFO | Episode 3505 - Reward: -200.000, Length: 200, Loss: 2.6175, Entropy: 1.0966, Epsilon: 0.010
2026-04-19 01:43:00 | INFO | Episode 3506 - Reward: -200.000, Length: 200, Loss: 16.3995, Entropy: 1.0870, Epsilon: 0.010
2026-04-19 01:43:01 | INFO | Episode 3507 - Reward: -200.000, Length: 200, Loss: 13.9688, Entropy: 1.0801, Epsilon: 0.010
2026-04-19 01:43:01 | INFO | Episode 3508 - Reward: -200.000, Length: 200, Loss: 11.0424, Entropy: 1.0861, Epsilon: 0.010
2026-04-19 01:43:01 | INFO | Episode 3509 - Reward: -200.000, Length: 200, Loss: 11.3486, Entropy: 1.0767, Epsilon: 0.010
2026-04-19 01:43:02 | INFO | Episode 3510 - Reward: -200.000, Length: 200, Loss: 11.0362, Entropy: 1.0709, Epsilon: 0.010
2026-04-19 01:43:02 | INFO | Episode 3511 - Reward: -200.000, Length: 200, Loss: 10.7489, Entropy: 1.0890, Epsilon: 0.010
2026-04-19 01:43:02 | INFO | Episode 3512 - Reward: -200.000, Length: 200, Loss: 22.3255, Entropy: 1.0919, Epsilon: 0.010
2026-04-19 01:43:03 | INFO | Episode 3513 - Reward: -200.000, Length: 200, Loss: 11.2474, Entropy: 1.0953, Epsilon: 0.010
2026-04-19 01:43:03 | INFO | Episode 3514 - Reward: -200.000, Length: 200, Loss: 11.2107, Entropy: 1.0943, Epsilon: 0.010
2026-04-19 01:43:03 | INFO | Episode 3515 - Reward: -200.000, Length: 200, Loss: 5.6474, Entropy: 1.0952, Epsilon: 0.010
2026-04-19 01:43:04 | INFO | Episode 3516 - Reward: -200.000, Length: 200, Loss: 28.6881, Entropy: 1.0795, Epsilon: 0.010
2026-04-19 01:43:04 | INFO | Episode 3517 - Reward: -200.000, Length: 200, Loss: 2.8543, Entropy: 1.0945, Epsilon: 0.010
2026-04-19 01:43:04 | INFO | Episode 3518 - Reward: -200.000, Length: 200, Loss: 5.8657, Entropy: 1.0903, Epsilon: 0.010
2026-04-19 01:43:05 | INFO | Episode 3519 - Reward: -200.000, Length: 200, Loss: 14.0969, Entropy: 1.0920, Epsilon: 0.010
2026-04-19 01:43:05 | INFO | Episode 3520 - Reward: -200.000, Length: 200, Loss: 20.6954, Entropy: 1.0680, Epsilon: 0.010
2026-04-19 01:43:05 | INFO | Episode 3521 - Reward: -200.000, Length: 200, Loss: 5.6558, Entropy: 1.0845, Epsilon: 0.010
2026-04-19 01:43:06 | INFO | Episode 3522 - Reward: -200.000, Length: 200, Loss: 11.3475, Entropy: 1.0807, Epsilon: 0.010
2026-04-19 01:43:06 | INFO | Episode 3523 - Reward: -200.000, Length: 200, Loss: 8.5233, Entropy: 1.0916, Epsilon: 0.010
2026-04-19 01:43:06 | INFO | Episode 3524 - Reward: -200.000, Length: 200, Loss: 11.1714, Entropy: 1.0804, Epsilon: 0.010
2026-04-19 01:43:07 | INFO | Episode 3525 - Reward: -200.000, Length: 200, Loss: 11.2772, Entropy: 1.0880, Epsilon: 0.010
2026-04-19 01:43:07 | INFO | Episode 3526 - Reward: -200.000, Length: 200, Loss: 16.8748, Entropy: 1.0839, Epsilon: 0.010
2026-04-19 01:43:07 | INFO | Episode 3527 - Reward: -200.000, Length: 200, Loss: 13.9573, Entropy: 1.0858, Epsilon: 0.010
2026-04-19 01:43:08 | INFO | Episode 3528 - Reward: -200.000, Length: 200, Loss: 8.0928, Entropy: 1.0927, Epsilon: 0.010
2026-04-19 01:43:08 | INFO | Episode 3529 - Reward: -200.000, Length: 200, Loss: 11.2162, Entropy: 1.0944, Epsilon: 0.010
2026-04-19 01:43:08 | INFO | Episode 3530 - Reward: -200.000, Length: 200, Loss: 17.2411, Entropy: 1.0879, Epsilon: 0.010
2026-04-19 01:43:09 | INFO | Episode 3531 - Reward: -200.000, Length: 200, Loss: 22.6590, Entropy: 1.0768, Epsilon: 0.010
2026-04-19 01:43:09 | INFO | Episode 3532 - Reward: -200.000, Length: 200, Loss: 2.7382, Entropy: 1.0957, Epsilon: 0.010
2026-04-19 01:43:09 | INFO | Episode 3533 - Reward: -200.000, Length: 200, Loss: 2.8038, Entropy: 1.0967, Epsilon: 0.010
2026-04-19 01:43:10 | INFO | Episode 3534 - Reward: -200.000, Length: 200, Loss: 25.8599, Entropy: 1.0371, Epsilon: 0.010
2026-04-19 01:43:10 | INFO | Episode 3535 - Reward: -200.000, Length: 200, Loss: 19.0800, Entropy: 1.0863, Epsilon: 0.010
2026-04-19 01:43:10 | INFO | Episode 3536 - Reward: -200.000, Length: 200, Loss: 8.1873, Entropy: 1.0867, Epsilon: 0.010
2026-04-19 01:43:11 | INFO | Episode 3537 - Reward: -200.000, Length: 200, Loss: 14.1437, Entropy: 1.0869, Epsilon: 0.010
2026-04-19 01:43:11 | INFO | Episode 3538 - Reward: -200.000, Length: 200, Loss: 20.1254, Entropy: 1.0727, Epsilon: 0.010
2026-04-19 01:43:12 | INFO | Episode 3539 - Reward: -200.000, Length: 200, Loss: 17.1941, Entropy: 1.0812, Epsilon: 0.010
2026-04-19 01:43:12 | INFO | Episode 3540 - Reward: -200.000, Length: 200, Loss: 20.1141, Entropy: 1.0847, Epsilon: 0.010
2026-04-19 01:43:12 | INFO | Episode 3541 - Reward: -200.000, Length: 200, Loss: 30.9577, Entropy: 1.0672, Epsilon: 0.010
2026-04-19 01:43:13 | INFO | Episode 3542 - Reward: -200.000, Length: 200, Loss: 16.9344, Entropy: 1.0843, Epsilon: 0.010
2026-04-19 01:43:13 | INFO | Episode 3543 - Reward: -200.000, Length: 200, Loss: 14.3009, Entropy: 1.0875, Epsilon: 0.010
2026-04-19 01:43:13 | INFO | Episode 3544 - Reward: -200.000, Length: 200, Loss: 11.1187, Entropy: 1.0892, Epsilon: 0.010
2026-04-19 01:43:14 | INFO | Episode 3545 - Reward: -200.000, Length: 200, Loss: 5.7122, Entropy: 1.0959, Epsilon: 0.010
2026-04-19 01:43:14 | INFO | Episode 3546 - Reward: -200.000, Length: 200, Loss: 11.7545, Entropy: 1.0874, Epsilon: 0.010
2026-04-19 01:43:14 | INFO | Episode 3547 - Reward: -200.000, Length: 200, Loss: 25.9693, Entropy: 1.0809, Epsilon: 0.010
2026-04-19 01:43:15 | INFO | Episode 3548 - Reward: -200.000, Length: 200, Loss: 8.8254, Entropy: 1.0863, Epsilon: 0.010
2026-04-19 01:43:15 | INFO | Episode 3549 - Reward: -200.000, Length: 200, Loss: 5.5408, Entropy: 1.0960, Epsilon: 0.010
2026-04-19 01:43:15 | INFO | Episode 3550 - Reward: -200.000, Length: 200, Loss: 31.7310, Entropy: 1.0874, Epsilon: 0.010
2026-04-19 01:43:16 | INFO | Episode 3551 - Reward: -200.000, Length: 200, Loss: 14.5217, Entropy: 1.0832, Epsilon: 0.010
2026-04-19 01:43:16 | INFO | Episode 3552 - Reward: -200.000, Length: 200, Loss: 8.3181, Entropy: 1.0940, Epsilon: 0.010
2026-04-19 01:43:16 | INFO | Episode 3553 - Reward: -200.000, Length: 200, Loss: 25.7135, Entropy: 1.0864, Epsilon: 0.010
2026-04-19 01:43:17 | INFO | Episode 3554 - Reward: -200.000, Length: 200, Loss: 8.7634, Entropy: 1.0929, Epsilon: 0.010
2026-04-19 01:43:17 | INFO | Episode 3555 - Reward: -200.000, Length: 200, Loss: 22.9608, Entropy: 1.0928, Epsilon: 0.010
2026-04-19 01:43:17 | INFO | Episode 3556 - Reward: -200.000, Length: 200, Loss: 8.9201, Entropy: 1.0941, Epsilon: 0.010
2026-04-19 01:43:18 | INFO | Episode 3557 - Reward: -200.000, Length: 200, Loss: 8.5126, Entropy: 1.0935, Epsilon: 0.010
2026-04-19 01:43:18 | INFO | Episode 3558 - Reward: -200.000, Length: 200, Loss: 14.3441, Entropy: 1.0845, Epsilon: 0.010
2026-04-19 01:43:18 | INFO | Episode 3559 - Reward: -200.000, Length: 200, Loss: 14.5808, Entropy: 1.0860, Epsilon: 0.010
2026-04-19 01:43:19 | INFO | Episode 3560 - Reward: -200.000, Length: 200, Loss: 14.2793, Entropy: 1.0693, Epsilon: 0.010
2026-04-19 01:43:19 | INFO | Episode 3561 - Reward: -200.000, Length: 200, Loss: 11.5944, Entropy: 1.0676, Epsilon: 0.010
2026-04-19 01:43:19 | INFO | Episode 3562 - Reward: -200.000, Length: 200, Loss: 13.5013, Entropy: 1.0895, Epsilon: 0.010
2026-04-19 01:43:20 | INFO | Episode 3563 - Reward: -200.000, Length: 200, Loss: -0.0706, Entropy: 1.0927, Epsilon: 0.010
2026-04-19 01:43:20 | INFO | Episode 3564 - Reward: -200.000, Length: 200, Loss: 11.0799, Entropy: 1.0862, Epsilon: 0.010
2026-04-19 01:43:20 | INFO | Episode 3565 - Reward: -200.000, Length: 200, Loss: 11.0879, Entropy: 1.0899, Epsilon: 0.010
2026-04-19 01:43:21 | INFO | Episode 3566 - Reward: -200.000, Length: 200, Loss: 14.4320, Entropy: 1.0934, Epsilon: 0.010
2026-04-19 01:43:21 | INFO | Episode 3567 - Reward: -200.000, Length: 200, Loss: 8.7715, Entropy: 1.0937, Epsilon: 0.010
2026-04-19 01:43:21 | INFO | Episode 3568 - Reward: -200.000, Length: 200, Loss: 11.4383, Entropy: 1.0958, Epsilon: 0.010
2026-04-19 01:43:22 | INFO | Episode 3569 - Reward: -200.000, Length: 200, Loss: 11.8172, Entropy: 1.0889, Epsilon: 0.010
2026-04-19 01:43:22 | INFO | Episode 3570 - Reward: -200.000, Length: 200, Loss: 17.4320, Entropy: 1.0911, Epsilon: 0.010
2026-04-19 01:43:22 | INFO | Episode 3571 - Reward: -200.000, Length: 200, Loss: 5.8345, Entropy: 1.0930, Epsilon: 0.010
2026-04-19 01:43:23 | INFO | Episode 3572 - Reward: -200.000, Length: 200, Loss: 8.4970, Entropy: 1.0926, Epsilon: 0.010
2026-04-19 01:43:23 | INFO | Episode 3573 - Reward: -200.000, Length: 200, Loss: 17.3408, Entropy: 1.0823, Epsilon: 0.010
2026-04-19 01:43:23 | INFO | Episode 3574 - Reward: -200.000, Length: 200, Loss: 20.3219, Entropy: 1.0724, Epsilon: 0.010
2026-04-19 01:43:24 | INFO | Episode 3575 - Reward: -200.000, Length: 200, Loss: 2.6815, Entropy: 1.0934, Epsilon: 0.010
2026-04-19 01:43:24 | INFO | Episode 3576 - Reward: -200.000, Length: 200, Loss: 17.2176, Entropy: 1.0702, Epsilon: 0.010
2026-04-19 01:43:24 | INFO | Episode 3577 - Reward: -200.000, Length: 200, Loss: 18.0245, Entropy: 1.0741, Epsilon: 0.010
2026-04-19 01:43:25 | INFO | Episode 3578 - Reward: -200.000, Length: 200, Loss: 23.5406, Entropy: 1.0905, Epsilon: 0.010
2026-04-19 01:43:25 | INFO | Episode 3579 - Reward: -200.000, Length: 200, Loss: 29.4903, Entropy: 1.0738, Epsilon: 0.010
2026-04-19 01:43:26 | INFO | Episode 3580 - Reward: -200.000, Length: 200, Loss: 20.8096, Entropy: 1.0742, Epsilon: 0.010
2026-04-19 01:43:26 | INFO | Episode 3581 - Reward: -200.000, Length: 200, Loss: 26.6573, Entropy: 1.0737, Epsilon: 0.010
2026-04-19 01:43:26 | INFO | Episode 3582 - Reward: -200.000, Length: 200, Loss: 14.3239, Entropy: 1.0918, Epsilon: 0.010
2026-04-19 01:43:27 | INFO | Episode 3583 - Reward: -200.000, Length: 200, Loss: 31.9812, Entropy: 1.0677, Epsilon: 0.010
2026-04-19 01:43:27 | INFO | Episode 3584 - Reward: -200.000, Length: 200, Loss: 8.8585, Entropy: 1.0833, Epsilon: 0.010
2026-04-19 01:43:27 | INFO | Episode 3585 - Reward: -200.000, Length: 200, Loss: 26.3402, Entropy: 1.0849, Epsilon: 0.010
2026-04-19 01:43:28 | INFO | Episode 3586 - Reward: -200.000, Length: 200, Loss: 20.6952, Entropy: 1.0774, Epsilon: 0.010
2026-04-19 01:43:28 | INFO | Episode 3587 - Reward: -200.000, Length: 200, Loss: 17.7178, Entropy: 1.0795, Epsilon: 0.010
2026-04-19 01:43:28 | INFO | Episode 3588 - Reward: -200.000, Length: 200, Loss: 11.8798, Entropy: 1.0854, Epsilon: 0.010
2026-04-19 01:43:29 | INFO | Episode 3589 - Reward: -200.000, Length: 200, Loss: 33.0078, Entropy: 1.0540, Epsilon: 0.010
2026-04-19 01:43:29 | INFO | Episode 3590 - Reward: -200.000, Length: 200, Loss: 8.7328, Entropy: 1.0899, Epsilon: 0.010
2026-04-19 01:43:29 | INFO | Episode 3591 - Reward: -200.000, Length: 200, Loss: 19.8960, Entropy: 1.0816, Epsilon: 0.010
2026-04-19 01:43:30 | INFO | Episode 3592 - Reward: -200.000, Length: 200, Loss: 5.5520, Entropy: 1.0814, Epsilon: 0.010
2026-04-19 01:43:30 | INFO | Episode 3593 - Reward: -200.000, Length: 200, Loss: 5.8314, Entropy: 1.0939, Epsilon: 0.010
2026-04-19 01:43:30 | INFO | Episode 3594 - Reward: -200.000, Length: 200, Loss: 23.5166, Entropy: 1.0795, Epsilon: 0.010
2026-04-19 01:43:31 | INFO | Episode 3595 - Reward: -200.000, Length: 200, Loss: 11.9351, Entropy: 1.0904, Epsilon: 0.010
2026-04-19 01:43:31 | INFO | Episode 3596 - Reward: -200.000, Length: 200, Loss: 5.6764, Entropy: 1.0923, Epsilon: 0.010
2026-04-19 01:43:31 | INFO | Episode 3597 - Reward: -200.000, Length: 200, Loss: 2.8283, Entropy: 1.0953, Epsilon: 0.010
2026-04-19 01:43:32 | INFO | Episode 3598 - Reward: -200.000, Length: 200, Loss: 19.9766, Entropy: 1.0679, Epsilon: 0.010
2026-04-19 01:43:32 | INFO | Episode 3599 - Reward: -200.000, Length: 200, Loss: 17.6295, Entropy: 1.0763, Epsilon: 0.010
2026-04-19 01:43:32 | INFO | Episode 3600 - Reward: -200.000, Length: 200, Loss: 8.3079, Entropy: 1.0850, Epsilon: 0.010
2026-04-19 01:43:37 | INFO | [Episode 3600] eps=0.010  avg_reward=-200.000  avg_length=200.00  avg_loss= 14.0914  avg_entropy=1.0850  eval_success=0.000
2026-04-19 01:43:37 | INFO | Episode 3601 - Reward: -200.000, Length: 200, Loss: 14.5524, Entropy: 1.0687, Epsilon: 0.010
2026-04-19 01:43:38 | INFO | Episode 3602 - Reward: -200.000, Length: 200, Loss: 24.2180, Entropy: 1.0705, Epsilon: 0.010
2026-04-19 01:43:38 | INFO | Episode 3603 - Reward: -200.000, Length: 200, Loss: 17.7586, Entropy: 1.0462, Epsilon: 0.010
2026-04-19 01:43:38 | INFO | Episode 3604 - Reward: -200.000, Length: 200, Loss: 9.2271, Entropy: 1.0931, Epsilon: 0.010
2026-04-19 01:43:39 | INFO | Episode 3605 - Reward: -200.000, Length: 200, Loss: 26.7169, Entropy: 1.0844, Epsilon: 0.010
2026-04-19 01:43:39 | INFO | Episode 3606 - Reward: -200.000, Length: 200, Loss: 11.8104, Entropy: 1.0836, Epsilon: 0.010
2026-04-19 01:43:40 | INFO | Episode 3607 - Reward: -200.000, Length: 200, Loss: 9.1696, Entropy: 1.0895, Epsilon: 0.010
2026-04-19 01:43:40 | INFO | Episode 3608 - Reward: -200.000, Length: 200, Loss: 17.7810, Entropy: 1.0941, Epsilon: 0.010
2026-04-19 01:43:40 | INFO | Episode 3609 - Reward: -200.000, Length: 200, Loss: 12.0216, Entropy: 1.0867, Epsilon: 0.010
2026-04-19 01:43:41 | INFO | Episode 3610 - Reward: -200.000, Length: 200, Loss: 20.3427, Entropy: 1.0831, Epsilon: 0.010
2026-04-19 01:43:41 | INFO | Episode 3611 - Reward: -200.000, Length: 200, Loss: 11.7567, Entropy: 1.0911, Epsilon: 0.010
2026-04-19 01:43:41 | INFO | Episode 3612 - Reward: -200.000, Length: 200, Loss: 11.7917, Entropy: 1.0721, Epsilon: 0.010
2026-04-19 01:43:42 | INFO | Episode 3613 - Reward: -200.000, Length: 200, Loss: 11.4211, Entropy: 1.0925, Epsilon: 0.010
2026-04-19 01:43:42 | INFO | Episode 3614 - Reward: -200.000, Length: 200, Loss: 8.7494, Entropy: 1.0936, Epsilon: 0.010
2026-04-19 01:43:42 | INFO | Episode 3615 - Reward: -200.000, Length: 200, Loss: 15.1720, Entropy: 1.0714, Epsilon: 0.010
2026-04-19 01:43:43 | INFO | Episode 3616 - Reward: -200.000, Length: 200, Loss: 15.1243, Entropy: 1.0730, Epsilon: 0.010
2026-04-19 01:43:43 | INFO | Episode 3617 - Reward: -200.000, Length: 200, Loss: 8.9616, Entropy: 1.0890, Epsilon: 0.010
2026-04-19 01:43:43 | INFO | Episode 3618 - Reward: -200.000, Length: 200, Loss: 26.4167, Entropy: 1.0887, Epsilon: 0.010
2026-04-19 01:43:44 | INFO | Episode 3619 - Reward: -200.000, Length: 200, Loss: 17.8645, Entropy: 1.0939, Epsilon: 0.010
2026-04-19 01:43:44 | INFO | Episode 3620 - Reward: -200.000, Length: 200, Loss: 6.0638, Entropy: 1.0949, Epsilon: 0.010
2026-04-19 01:43:44 | INFO | Episode 3621 - Reward: -200.000, Length: 200, Loss: 20.7823, Entropy: 1.0545, Epsilon: 0.010
2026-04-19 01:43:45 | INFO | Episode 3622 - Reward: -200.000, Length: 200, Loss: 15.1673, Entropy: 1.0908, Epsilon: 0.010
2026-04-19 01:43:45 | INFO | Episode 3623 - Reward: -200.000, Length: 200, Loss: 21.0298, Entropy: 1.0842, Epsilon: 0.010
2026-04-19 01:43:45 | INFO | Episode 3624 - Reward: -200.000, Length: 200, Loss: 12.1622, Entropy: 1.0785, Epsilon: 0.010
2026-04-19 01:43:46 | INFO | Episode 3625 - Reward: -200.000, Length: 200, Loss: 20.7698, Entropy: 1.0804, Epsilon: 0.010
2026-04-19 01:43:46 | INFO | Episode 3626 - Reward: -200.000, Length: 200, Loss: 21.4244, Entropy: 1.0803, Epsilon: 0.010
2026-04-19 01:43:46 | INFO | Episode 3627 - Reward: -200.000, Length: 200, Loss: 25.1540, Entropy: 1.0740, Epsilon: 0.010
2026-04-19 01:43:47 | INFO | Episode 3628 - Reward: -200.000, Length: 200, Loss: 18.6545, Entropy: 1.0540, Epsilon: 0.010
2026-04-19 01:43:47 | INFO | Episode 3629 - Reward: -200.000, Length: 200, Loss: 20.7855, Entropy: 1.0740, Epsilon: 0.010
2026-04-19 01:43:47 | INFO | Episode 3630 - Reward: -200.000, Length: 200, Loss: 23.7294, Entropy: 1.0899, Epsilon: 0.010
2026-04-19 01:43:48 | INFO | Episode 3631 - Reward: -200.000, Length: 200, Loss: 14.8087, Entropy: 1.0935, Epsilon: 0.010
2026-04-19 01:43:48 | INFO | Episode 3632 - Reward: -200.000, Length: 200, Loss: 17.6308, Entropy: 1.0879, Epsilon: 0.010
2026-04-19 01:43:48 | INFO | Episode 3633 - Reward: -200.000, Length: 200, Loss: 14.4140, Entropy: 1.0873, Epsilon: 0.010
2026-04-19 01:43:49 | INFO | Episode 3634 - Reward: -200.000, Length: 200, Loss: 14.7103, Entropy: 1.0872, Epsilon: 0.010
2026-04-19 01:43:49 | INFO | Episode 3635 - Reward: -200.000, Length: 200, Loss: 17.4379, Entropy: 1.0820, Epsilon: 0.010
2026-04-19 01:43:49 | INFO | Episode 3636 - Reward: -200.000, Length: 200, Loss: 20.5390, Entropy: 1.0876, Epsilon: 0.010
2026-04-19 01:43:50 | INFO | Episode 3637 - Reward: -200.000, Length: 200, Loss: 14.9723, Entropy: 1.0823, Epsilon: 0.010
2026-04-19 01:43:50 | INFO | Episode 3638 - Reward: -200.000, Length: 200, Loss: 11.8529, Entropy: 1.0896, Epsilon: 0.010
2026-04-19 01:43:50 | INFO | Episode 3639 - Reward: -200.000, Length: 200, Loss: 17.8776, Entropy: 1.0926, Epsilon: 0.010
2026-04-19 01:43:51 | INFO | Episode 3640 - Reward: -200.000, Length: 200, Loss: 3.0329, Entropy: 1.0944, Epsilon: 0.010
2026-04-19 01:43:51 | INFO | Episode 3641 - Reward: -200.000, Length: 200, Loss: 14.7300, Entropy: 1.0812, Epsilon: 0.010
2026-04-19 01:43:51 | INFO | Episode 3642 - Reward: -200.000, Length: 200, Loss: 15.0215, Entropy: 1.0883, Epsilon: 0.010
2026-04-19 01:43:52 | INFO | Episode 3643 - Reward: -200.000, Length: 200, Loss: 23.0055, Entropy: 1.0270, Epsilon: 0.010
2026-04-19 01:43:52 | INFO | Episode 3644 - Reward: -200.000, Length: 200, Loss: 8.8414, Entropy: 1.0725, Epsilon: 0.010
2026-04-19 01:43:52 | INFO | Episode 3645 - Reward: -200.000, Length: 200, Loss: 12.0686, Entropy: 1.0933, Epsilon: 0.010
2026-04-19 01:43:53 | INFO | Episode 3646 - Reward: -200.000, Length: 200, Loss: 14.8774, Entropy: 1.0658, Epsilon: 0.010
2026-04-19 01:43:53 | INFO | Episode 3647 - Reward: -200.000, Length: 200, Loss: 21.0025, Entropy: 1.0894, Epsilon: 0.010
2026-04-19 01:43:53 | INFO | Episode 3648 - Reward: -200.000, Length: 200, Loss: 8.5191, Entropy: 1.0883, Epsilon: 0.010
2026-04-19 01:43:54 | INFO | Episode 3649 - Reward: -200.000, Length: 200, Loss: 14.2429, Entropy: 1.0874, Epsilon: 0.010
2026-04-19 01:43:54 | INFO | Episode 3650 - Reward: -200.000, Length: 200, Loss: 12.2884, Entropy: 1.0836, Epsilon: 0.010
2026-04-19 01:43:54 | INFO | Episode 3651 - Reward: -200.000, Length: 200, Loss: 9.0853, Entropy: 1.0910, Epsilon: 0.010
2026-04-19 01:43:55 | INFO | Episode 3652 - Reward: -200.000, Length: 200, Loss: 20.9069, Entropy: 1.0677, Epsilon: 0.010
2026-04-19 01:43:55 | INFO | Episode 3653 - Reward: -200.000, Length: 200, Loss: 12.4973, Entropy: 1.0835, Epsilon: 0.010
2026-04-19 01:43:56 | INFO | Episode 3654 - Reward: -200.000, Length: 200, Loss: 6.0620, Entropy: 1.0918, Epsilon: 0.010
2026-04-19 01:43:56 | INFO | Episode 3655 - Reward: -200.000, Length: 200, Loss: 28.0554, Entropy: 1.0477, Epsilon: 0.010
2026-04-19 01:43:56 | INFO | Episode 3656 - Reward: -200.000, Length: 200, Loss: 17.9331, Entropy: 1.0240, Epsilon: 0.010
2026-04-19 01:43:57 | INFO | Episode 3657 - Reward: -200.000, Length: 200, Loss: 17.5818, Entropy: 1.0609, Epsilon: 0.010
2026-04-19 01:43:57 | INFO | Episode 3658 - Reward: -200.000, Length: 200, Loss: 8.8593, Entropy: 1.0893, Epsilon: 0.010
2026-04-19 01:43:57 | INFO | Episode 3659 - Reward: -200.000, Length: 200, Loss: 14.7370, Entropy: 1.0906, Epsilon: 0.010
2026-04-19 01:43:58 | INFO | Episode 3660 - Reward: -200.000, Length: 200, Loss: 20.6641, Entropy: 1.0796, Epsilon: 0.010
2026-04-19 01:43:58 | INFO | Episode 3661 - Reward: -200.000, Length: 200, Loss: 2.9158, Entropy: 1.0939, Epsilon: 0.010
2026-04-19 01:43:58 | INFO | Episode 3662 - Reward: -200.000, Length: 200, Loss: 29.9887, Entropy: 1.0829, Epsilon: 0.010
2026-04-19 01:43:59 | INFO | Episode 3663 - Reward: -200.000, Length: 200, Loss: 17.8541, Entropy: 1.0877, Epsilon: 0.010
2026-04-19 01:43:59 | INFO | Episode 3664 - Reward: -200.000, Length: 200, Loss: 17.9747, Entropy: 1.0897, Epsilon: 0.010
2026-04-19 01:43:59 | INFO | Episode 3665 - Reward: -200.000, Length: 200, Loss: 12.1102, Entropy: 1.0874, Epsilon: 0.010
2026-04-19 01:44:00 | INFO | Episode 3666 - Reward: -200.000, Length: 200, Loss: 11.9820, Entropy: 1.0812, Epsilon: 0.010
2026-04-19 01:44:00 | INFO | Episode 3667 - Reward: -200.000, Length: 200, Loss: 8.9339, Entropy: 1.0862, Epsilon: 0.010
2026-04-19 01:44:00 | INFO | Episode 3668 - Reward: -200.000, Length: 200, Loss: 23.1814, Entropy: 1.0905, Epsilon: 0.010
2026-04-19 01:44:01 | INFO | Episode 3669 - Reward: -200.000, Length: 200, Loss: 9.2323, Entropy: 1.0798, Epsilon: 0.010
2026-04-19 01:44:01 | INFO | Episode 3670 - Reward: -200.000, Length: 200, Loss: 20.7788, Entropy: 1.0697, Epsilon: 0.010
2026-04-19 01:44:01 | INFO | Episode 3671 - Reward: -200.000, Length: 200, Loss: 8.8889, Entropy: 1.0894, Epsilon: 0.010
2026-04-19 01:44:02 | INFO | Episode 3672 - Reward: -200.000, Length: 200, Loss: 26.5484, Entropy: 1.0725, Epsilon: 0.010
2026-04-19 01:44:02 | INFO | Episode 3673 - Reward: -200.000, Length: 200, Loss: 8.7861, Entropy: 1.0941, Epsilon: 0.010
2026-04-19 01:44:02 | INFO | Episode 3674 - Reward: -200.000, Length: 200, Loss: 11.6714, Entropy: 1.0923, Epsilon: 0.010
2026-04-19 01:44:03 | INFO | Episode 3675 - Reward: -200.000, Length: 200, Loss: 18.1708, Entropy: 1.0681, Epsilon: 0.010
2026-04-19 01:44:03 | INFO | Episode 3676 - Reward: -200.000, Length: 200, Loss: 29.6552, Entropy: 1.0857, Epsilon: 0.010
2026-04-19 01:44:03 | INFO | Episode 3677 - Reward: -200.000, Length: 200, Loss: 11.9499, Entropy: 1.0809, Epsilon: 0.010
2026-04-19 01:44:04 | INFO | Episode 3678 - Reward: -200.000, Length: 200, Loss: 9.0057, Entropy: 1.0866, Epsilon: 0.010
2026-04-19 01:44:04 | INFO | Episode 3679 - Reward: -200.000, Length: 200, Loss: 21.1916, Entropy: 1.0873, Epsilon: 0.010
2026-04-19 01:44:04 | INFO | Episode 3680 - Reward: -200.000, Length: 200, Loss: 14.8013, Entropy: 1.0870, Epsilon: 0.010
2026-04-19 01:44:05 | INFO | Episode 3681 - Reward: -200.000, Length: 200, Loss: 12.2232, Entropy: 1.0749, Epsilon: 0.010
2026-04-19 01:44:05 | INFO | Episode 3682 - Reward: -200.000, Length: 200, Loss: 15.3791, Entropy: 1.0658, Epsilon: 0.010
2026-04-19 01:44:05 | INFO | Episode 3683 - Reward: -200.000, Length: 200, Loss: 15.2491, Entropy: 1.0705, Epsilon: 0.010
2026-04-19 01:44:06 | INFO | Episode 3684 - Reward: -200.000, Length: 200, Loss: -0.0940, Entropy: 1.0960, Epsilon: 0.010
2026-04-19 01:44:06 | INFO | Episode 3685 - Reward: -200.000, Length: 200, Loss: 6.2411, Entropy: 1.0958, Epsilon: 0.010
2026-04-19 01:44:06 | INFO | Episode 3686 - Reward: -200.000, Length: 200, Loss: 18.7367, Entropy: 1.0779, Epsilon: 0.010
2026-04-19 01:44:07 | INFO | Episode 3687 - Reward: -200.000, Length: 200, Loss: 14.9129, Entropy: 1.0893, Epsilon: 0.010
2026-04-19 01:44:07 | INFO | Episode 3688 - Reward: -200.000, Length: 200, Loss: 19.0639, Entropy: 1.0817, Epsilon: 0.010
2026-04-19 01:44:07 | INFO | Episode 3689 - Reward: -200.000, Length: 200, Loss: 22.2284, Entropy: 1.0723, Epsilon: 0.010
2026-04-19 01:44:08 | INFO | Episode 3690 - Reward: -200.000, Length: 200, Loss: 6.2699, Entropy: 1.0919, Epsilon: 0.010
2026-04-19 01:44:08 | INFO | Episode 3691 - Reward: -200.000, Length: 200, Loss: 6.0538, Entropy: 1.0919, Epsilon: 0.010
2026-04-19 01:44:09 | INFO | Episode 3692 - Reward: -200.000, Length: 200, Loss: 18.8668, Entropy: 1.0794, Epsilon: 0.010
2026-04-19 01:44:09 | INFO | Episode 3693 - Reward: -200.000, Length: 200, Loss: 25.6534, Entropy: 1.0661, Epsilon: 0.010
2026-04-19 01:44:09 | INFO | Episode 3694 - Reward: -200.000, Length: 200, Loss: 24.4822, Entropy: 1.0799, Epsilon: 0.010
2026-04-19 01:44:10 | INFO | Episode 3695 - Reward: -200.000, Length: 200, Loss: 30.5468, Entropy: 1.0695, Epsilon: 0.010
2026-04-19 01:44:10 | INFO | Episode 3696 - Reward: -200.000, Length: 200, Loss: 12.4376, Entropy: 1.0903, Epsilon: 0.010
2026-04-19 01:44:10 | INFO | Episode 3697 - Reward: -200.000, Length: 200, Loss: 6.3684, Entropy: 1.0941, Epsilon: 0.010
2026-04-19 01:44:11 | INFO | Episode 3698 - Reward: -200.000, Length: 200, Loss: 15.5208, Entropy: 1.0839, Epsilon: 0.010
2026-04-19 01:44:11 | INFO | Episode 3699 - Reward: -200.000, Length: 200, Loss: 12.4509, Entropy: 1.0935, Epsilon: 0.010
2026-04-19 01:44:11 | INFO | Episode 3700 - Reward: -200.000, Length: 200, Loss: 5.9606, Entropy: 1.0938, Epsilon: 0.010
2026-04-19 01:44:16 | INFO | [Episode 3700] eps=0.010  avg_reward=-200.000  avg_length=200.00  avg_loss= 15.4901  avg_entropy=1.0938  eval_success=0.000
2026-04-19 01:44:16 | INFO | Episode 3701 - Reward: -200.000, Length: 200, Loss: 15.1855, Entropy: 1.0760, Epsilon: 0.010
2026-04-19 01:44:17 | INFO | Episode 3702 - Reward: -200.000, Length: 200, Loss: 15.4025, Entropy: 1.0923, Epsilon: 0.010
2026-04-19 01:44:17 | INFO | Episode 3703 - Reward: -200.000, Length: 200, Loss: 11.8416, Entropy: 1.0808, Epsilon: 0.010
2026-04-19 01:44:19 | INFO | Episode 3704 - Reward: -200.000, Length: 200, Loss: 12.0286, Entropy: 1.0934, Epsilon: 0.010
2026-04-19 01:44:19 | INFO | Episode 3705 - Reward: -200.000, Length: 200, Loss: 17.7203, Entropy: 1.0656, Epsilon: 0.010
2026-04-19 01:44:20 | INFO | Episode 3706 - Reward: -200.000, Length: 200, Loss: 11.3241, Entropy: 1.0592, Epsilon: 0.010
2026-04-19 01:44:20 | INFO | Episode 3707 - Reward: -200.000, Length: 200, Loss: 17.8689, Entropy: 1.0737, Epsilon: 0.010
2026-04-19 01:44:20 | INFO | Episode 3708 - Reward: -200.000, Length: 200, Loss: 6.0407, Entropy: 1.0943, Epsilon: 0.010
2026-04-19 01:44:21 | INFO | Episode 3709 - Reward: -200.000, Length: 200, Loss: 12.1855, Entropy: 1.0882, Epsilon: 0.010
2026-04-19 01:44:21 | INFO | Episode 3710 - Reward: -200.000, Length: 200, Loss: 36.0769, Entropy: 1.0850, Epsilon: 0.010
2026-04-19 01:44:21 | INFO | Episode 3711 - Reward: -200.000, Length: 200, Loss: 12.3032, Entropy: 1.0814, Epsilon: 0.010
2026-04-19 01:44:22 | INFO | Episode 3712 - Reward: -200.000, Length: 200, Loss: 26.7339, Entropy: 1.0812, Epsilon: 0.010
2026-04-19 01:44:22 | INFO | Episode 3713 - Reward: -200.000, Length: 200, Loss: 15.2278, Entropy: 1.0797, Epsilon: 0.010
2026-04-19 01:44:22 | INFO | Episode 3714 - Reward: -200.000, Length: 200, Loss: 8.5689, Entropy: 1.0907, Epsilon: 0.010
2026-04-19 01:44:23 | INFO | Episode 3715 - Reward: -200.000, Length: 200, Loss: 20.7940, Entropy: 1.0710, Epsilon: 0.010
2026-04-19 01:44:23 | INFO | Episode 3716 - Reward: -200.000, Length: 200, Loss: 20.4037, Entropy: 1.0748, Epsilon: 0.010
2026-04-19 01:44:23 | INFO | Episode 3717 - Reward: -200.000, Length: 200, Loss: 11.7011, Entropy: 1.0901, Epsilon: 0.010
2026-04-19 01:44:24 | INFO | Episode 3718 - Reward: -200.000, Length: 200, Loss: 11.4581, Entropy: 1.0781, Epsilon: 0.010
2026-04-19 01:44:24 | INFO | Episode 3719 - Reward: -200.000, Length: 200, Loss: 14.6007, Entropy: 1.0826, Epsilon: 0.010
2026-04-19 01:44:24 | INFO | Episode 3720 - Reward: -200.000, Length: 200, Loss: 9.1738, Entropy: 1.0872, Epsilon: 0.010
2026-04-19 01:44:25 | INFO | Episode 3721 - Reward: -200.000, Length: 200, Loss: 6.1530, Entropy: 1.0895, Epsilon: 0.010
2026-04-19 01:44:25 | INFO | Episode 3722 - Reward: -200.000, Length: 200, Loss: 14.7192, Entropy: 1.0777, Epsilon: 0.010
2026-04-19 01:44:25 | INFO | Episode 3723 - Reward: -200.000, Length: 200, Loss: 11.7128, Entropy: 1.0894, Epsilon: 0.010
2026-04-19 01:44:26 | INFO | Episode 3724 - Reward: -200.000, Length: 200, Loss: 11.9618, Entropy: 1.0927, Epsilon: 0.010
2026-04-19 01:44:26 | INFO | Episode 3725 - Reward: -200.000, Length: 200, Loss: 23.4530, Entropy: 1.0890, Epsilon: 0.010
2026-04-19 01:44:26 | INFO | Episode 3726 - Reward: -200.000, Length: 200, Loss: 14.7714, Entropy: 1.0922, Epsilon: 0.010
2026-04-19 01:44:27 | INFO | Episode 3727 - Reward: -200.000, Length: 200, Loss: 14.9532, Entropy: 1.0757, Epsilon: 0.010
2026-04-19 01:44:27 | INFO | Episode 3728 - Reward: -200.000, Length: 200, Loss: 11.5511, Entropy: 1.0916, Epsilon: 0.010
2026-04-19 01:44:27 | INFO | Episode 3729 - Reward: -200.000, Length: 200, Loss: 26.2364, Entropy: 1.0824, Epsilon: 0.010
2026-04-19 01:44:28 | INFO | Episode 3730 - Reward: -200.000, Length: 200, Loss: 8.8630, Entropy: 1.0877, Epsilon: 0.010
2026-04-19 01:44:28 | INFO | Episode 3731 - Reward: -200.000, Length: 200, Loss: 17.8096, Entropy: 1.0845, Epsilon: 0.010
2026-04-19 01:44:28 | INFO | Episode 3732 - Reward: -200.000, Length: 200, Loss: 28.5276, Entropy: 1.0442, Epsilon: 0.010
2026-04-19 01:44:29 | INFO | Episode 3733 - Reward: -200.000, Length: 200, Loss: 20.3405, Entropy: 1.0735, Epsilon: 0.010
2026-04-19 01:44:29 | INFO | Episode 3734 - Reward: -200.000, Length: 200, Loss: 17.6490, Entropy: 1.0924, Epsilon: 0.010
2026-04-19 01:44:29 | INFO | Episode 3735 - Reward: -200.000, Length: 200, Loss: 8.3273, Entropy: 1.0932, Epsilon: 0.010
2026-04-19 01:44:30 | INFO | Episode 3736 - Reward: -200.000, Length: 200, Loss: 11.9930, Entropy: 1.0921, Epsilon: 0.010
2026-04-19 01:44:30 | INFO | Episode 3737 - Reward: -200.000, Length: 200, Loss: 23.3680, Entropy: 1.0804, Epsilon: 0.010
2026-04-19 01:44:30 | INFO | Episode 3738 - Reward: -200.000, Length: 200, Loss: 15.1414, Entropy: 1.0855, Epsilon: 0.010
2026-04-19 01:44:31 | INFO | Episode 3739 - Reward: -200.000, Length: 200, Loss: 20.4970, Entropy: 1.0839, Epsilon: 0.010
2026-04-19 01:44:31 | INFO | Episode 3740 - Reward: -200.000, Length: 200, Loss: 2.8736, Entropy: 1.0942, Epsilon: 0.010
2026-04-19 01:44:32 | INFO | Episode 3741 - Reward: -200.000, Length: 200, Loss: 11.6143, Entropy: 1.0946, Epsilon: 0.010
2026-04-19 01:44:32 | INFO | Episode 3742 - Reward: -200.000, Length: 200, Loss: 11.5313, Entropy: 1.0875, Epsilon: 0.010
2026-04-19 01:44:32 | INFO | Episode 3743 - Reward: -200.000, Length: 200, Loss: 9.1127, Entropy: 1.0878, Epsilon: 0.010
2026-04-19 01:44:33 | INFO | Episode 3744 - Reward: -200.000, Length: 200, Loss: 2.7352, Entropy: 1.0949, Epsilon: 0.010
2026-04-19 01:44:33 | INFO | Episode 3745 - Reward: -200.000, Length: 200, Loss: 17.6438, Entropy: 1.0943, Epsilon: 0.010
2026-04-19 01:44:33 | INFO | Episode 3746 - Reward: -200.000, Length: 200, Loss: 20.3712, Entropy: 1.0878, Epsilon: 0.010
2026-04-19 01:44:34 | INFO | Episode 3747 - Reward: -200.000, Length: 200, Loss: 17.1452, Entropy: 1.0875, Epsilon: 0.010
2026-04-19 01:44:34 | INFO | Episode 3748 - Reward: -200.000, Length: 200, Loss: 11.2055, Entropy: 1.0741, Epsilon: 0.010
2026-04-19 01:44:34 | INFO | Episode 3749 - Reward: -200.000, Length: 200, Loss: 11.4416, Entropy: 1.0804, Epsilon: 0.010
2026-04-19 01:44:35 | INFO | Episode 3750 - Reward: -200.000, Length: 200, Loss: 5.4762, Entropy: 1.0786, Epsilon: 0.010
2026-04-19 01:44:35 | INFO | Episode 3751 - Reward: -200.000, Length: 200, Loss: 2.9789, Entropy: 1.0935, Epsilon: 0.010
2026-04-19 01:44:35 | INFO | Episode 3752 - Reward: -200.000, Length: 200, Loss: 5.8150, Entropy: 1.0934, Epsilon: 0.010
2026-04-19 01:44:36 | INFO | Episode 3753 - Reward: -200.000, Length: 200, Loss: 17.8160, Entropy: 1.0910, Epsilon: 0.010
2026-04-19 01:44:36 | INFO | Episode 3754 - Reward: -200.000, Length: 200, Loss: 14.0234, Entropy: 1.0926, Epsilon: 0.010
2026-04-19 01:44:36 | INFO | Episode 3755 - Reward: -200.000, Length: 200, Loss: 17.6888, Entropy: 1.0906, Epsilon: 0.010
2026-04-19 01:44:37 | INFO | Episode 3756 - Reward: -200.000, Length: 200, Loss: 15.0002, Entropy: 1.0877, Epsilon: 0.010
2026-04-19 01:44:37 | INFO | Episode 3757 - Reward: -200.000, Length: 200, Loss: 20.5362, Entropy: 1.0923, Epsilon: 0.010
2026-04-19 01:44:37 | INFO | Episode 3758 - Reward: -200.000, Length: 200, Loss: 17.6457, Entropy: 1.0863, Epsilon: 0.010
2026-04-19 01:44:38 | INFO | Episode 3759 - Reward: -200.000, Length: 200, Loss: 15.0049, Entropy: 1.0837, Epsilon: 0.010
2026-04-19 01:44:38 | INFO | Episode 3760 - Reward: -200.000, Length: 200, Loss: 9.2017, Entropy: 1.0928, Epsilon: 0.010
2026-04-19 01:44:38 | INFO | Episode 3761 - Reward: -200.000, Length: 200, Loss: 20.7657, Entropy: 1.0885, Epsilon: 0.010
2026-04-19 01:44:39 | INFO | Episode 3762 - Reward: -200.000, Length: 200, Loss: 21.1230, Entropy: 1.0857, Epsilon: 0.010
2026-04-19 01:44:39 | INFO | Episode 3763 - Reward: -200.000, Length: 200, Loss: 5.8395, Entropy: 1.0867, Epsilon: 0.010
2026-04-19 01:44:39 | INFO | Episode 3764 - Reward: -200.000, Length: 200, Loss: 12.0309, Entropy: 1.0871, Epsilon: 0.010
2026-04-19 01:44:40 | INFO | Episode 3765 - Reward: -200.000, Length: 200, Loss: 12.3897, Entropy: 1.0897, Epsilon: 0.010
2026-04-19 01:44:40 | INFO | Episode 3766 - Reward: -200.000, Length: 200, Loss: 18.8260, Entropy: 1.0859, Epsilon: 0.010
2026-04-19 01:44:40 | INFO | Episode 3767 - Reward: -200.000, Length: 200, Loss: 21.1519, Entropy: 1.0734, Epsilon: 0.010
2026-04-19 01:44:41 | INFO | Episode 3768 - Reward: -200.000, Length: 200, Loss: 18.2675, Entropy: 1.0715, Epsilon: 0.010
2026-04-19 01:44:41 | INFO | Episode 3769 - Reward: -200.000, Length: 200, Loss: 33.9860, Entropy: 1.0329, Epsilon: 0.010
2026-04-19 01:44:41 | INFO | Episode 3770 - Reward: -200.000, Length: 200, Loss: 12.5501, Entropy: 1.0889, Epsilon: 0.010
2026-04-19 01:44:42 | INFO | Episode 3771 - Reward: -200.000, Length: 200, Loss: 28.7555, Entropy: 1.0110, Epsilon: 0.010
2026-04-19 01:44:42 | INFO | Episode 3772 - Reward: -200.000, Length: 200, Loss: 16.0917, Entropy: 1.0779, Epsilon: 0.010
2026-04-19 01:44:43 | INFO | Episode 3773 - Reward: -200.000, Length: 200, Loss: 3.2719, Entropy: 1.0942, Epsilon: 0.010
2026-04-19 01:44:43 | INFO | Episode 3774 - Reward: -200.000, Length: 200, Loss: 18.7486, Entropy: 1.0859, Epsilon: 0.010
2026-04-19 01:44:43 | INFO | Episode 3775 - Reward: -200.000, Length: 200, Loss: 28.5457, Entropy: 1.0785, Epsilon: 0.010
2026-04-19 01:44:44 | INFO | Episode 3776 - Reward: -200.000, Length: 200, Loss: 14.5000, Entropy: 1.0673, Epsilon: 0.010
2026-04-19 01:44:44 | INFO | Episode 3777 - Reward: -200.000, Length: 200, Loss: 32.4362, Entropy: 1.0648, Epsilon: 0.010
2026-04-19 01:44:44 | INFO | Episode 3778 - Reward: -200.000, Length: 200, Loss: 18.2685, Entropy: 1.0746, Epsilon: 0.010
2026-04-19 01:44:45 | INFO | Episode 3779 - Reward: -200.000, Length: 200, Loss: 20.0733, Entropy: 1.0341, Epsilon: 0.010
2026-04-19 01:44:45 | INFO | Episode 3780 - Reward: -200.000, Length: 200, Loss: 14.3229, Entropy: 1.0859, Epsilon: 0.010
2026-04-19 01:44:45 | INFO | Episode 3781 - Reward: -200.000, Length: 200, Loss: 20.6932, Entropy: 1.0851, Epsilon: 0.010
2026-04-19 01:44:46 | INFO | Episode 3782 - Reward: -200.000, Length: 200, Loss: 17.5638, Entropy: 1.0890, Epsilon: 0.010
2026-04-19 01:44:46 | INFO | Episode 3783 - Reward: -200.000, Length: 200, Loss: 29.6388, Entropy: 1.0716, Epsilon: 0.010
2026-04-19 01:44:46 | INFO | Episode 3784 - Reward: -200.000, Length: 200, Loss: 19.6067, Entropy: 1.0844, Epsilon: 0.010
2026-04-19 01:44:47 | INFO | Episode 3785 - Reward: -200.000, Length: 200, Loss: 8.8999, Entropy: 1.0767, Epsilon: 0.010
2026-04-19 01:44:47 | INFO | Episode 3786 - Reward: -200.000, Length: 200, Loss: 11.3728, Entropy: 1.0940, Epsilon: 0.010
2026-04-19 01:44:47 | INFO | Episode 3787 - Reward: -200.000, Length: 200, Loss: 15.0045, Entropy: 1.0677, Epsilon: 0.010
2026-04-19 01:44:48 | INFO | Episode 3788 - Reward: -200.000, Length: 200, Loss: 23.0457, Entropy: 1.0803, Epsilon: 0.010
2026-04-19 01:44:48 | INFO | Episode 3789 - Reward: -200.000, Length: 200, Loss: 11.9207, Entropy: 1.0900, Epsilon: 0.010
2026-04-19 01:44:48 | INFO | Episode 3790 - Reward: -200.000, Length: 200, Loss: 16.9686, Entropy: 1.0840, Epsilon: 0.010
2026-04-19 01:44:49 | INFO | Episode 3791 - Reward: -200.000, Length: 200, Loss: 11.0464, Entropy: 1.0857, Epsilon: 0.010
2026-04-19 01:44:49 | INFO | Episode 3792 - Reward: -200.000, Length: 200, Loss: 19.8439, Entropy: 1.0868, Epsilon: 0.010
2026-04-19 01:44:49 | INFO | Episode 3793 - Reward: -200.000, Length: 200, Loss: 14.2440, Entropy: 1.0857, Epsilon: 0.010
2026-04-19 01:44:50 | INFO | Episode 3794 - Reward: -200.000, Length: 200, Loss: 5.6186, Entropy: 1.0904, Epsilon: 0.010
2026-04-19 01:44:50 | INFO | Episode 3795 - Reward: -200.000, Length: 200, Loss: 10.9910, Entropy: 1.0841, Epsilon: 0.010
2026-04-19 01:44:50 | INFO | Episode 3796 - Reward: -200.000, Length: 200, Loss: 20.6138, Entropy: 1.0857, Epsilon: 0.010
2026-04-19 01:44:51 | INFO | Episode 3797 - Reward: -200.000, Length: 200, Loss: 17.6273, Entropy: 1.0790, Epsilon: 0.010
2026-04-19 01:44:51 | INFO | Episode 3798 - Reward: -200.000, Length: 200, Loss: 17.3487, Entropy: 1.0895, Epsilon: 0.010
2026-04-19 01:44:51 | INFO | Episode 3799 - Reward: -200.000, Length: 200, Loss: 9.0306, Entropy: 1.0916, Epsilon: 0.010
2026-04-19 01:44:52 | INFO | Episode 3800 - Reward: -200.000, Length: 200, Loss: 17.4537, Entropy: 1.0830, Epsilon: 0.010
2026-04-19 01:44:57 | INFO | [Episode 3800] eps=0.010  avg_reward=-200.000  avg_length=200.00  avg_loss= 15.6201  avg_entropy=1.0830  eval_success=0.000
2026-04-19 01:44:57 | INFO | Episode 3801 - Reward: -200.000, Length: 200, Loss: 16.2979, Entropy: 1.0901, Epsilon: 0.010
2026-04-19 01:44:57 | INFO | Episode 3802 - Reward: -200.000, Length: 200, Loss: 24.9055, Entropy: 1.0825, Epsilon: 0.010
2026-04-19 01:44:58 | INFO | Episode 3803 - Reward: -200.000, Length: 200, Loss: 7.9681, Entropy: 1.0909, Epsilon: 0.010
2026-04-19 01:44:58 | INFO | Episode 3804 - Reward: -200.000, Length: 200, Loss: 8.5710, Entropy: 1.0950, Epsilon: 0.010
2026-04-19 01:44:58 | INFO | Episode 3805 - Reward: -200.000, Length: 200, Loss: 14.2365, Entropy: 1.0892, Epsilon: 0.010
2026-04-19 01:44:59 | INFO | Episode 3806 - Reward: -200.000, Length: 200, Loss: 11.5321, Entropy: 1.0840, Epsilon: 0.010
2026-04-19 01:44:59 | INFO | Episode 3807 - Reward: -200.000, Length: 200, Loss: 8.1769, Entropy: 1.0888, Epsilon: 0.010
2026-04-19 01:44:59 | INFO | Episode 3808 - Reward: -200.000, Length: 200, Loss: 14.3523, Entropy: 1.0812, Epsilon: 0.010
2026-04-19 01:45:00 | INFO | Episode 3809 - Reward: -200.000, Length: 200, Loss: 2.5596, Entropy: 1.0930, Epsilon: 0.010
2026-04-19 01:45:00 | INFO | Episode 3810 - Reward: -200.000, Length: 200, Loss: 16.6972, Entropy: 1.0912, Epsilon: 0.010
2026-04-19 01:45:00 | INFO | Episode 3811 - Reward: -200.000, Length: 200, Loss: 10.7870, Entropy: 1.0928, Epsilon: 0.010
2026-04-19 01:45:01 | INFO | Episode 3812 - Reward: -200.000, Length: 200, Loss: 5.4439, Entropy: 1.0929, Epsilon: 0.010
2026-04-19 01:45:01 | INFO | Episode 3813 - Reward: -200.000, Length: 200, Loss: 5.0958, Entropy: 1.0952, Epsilon: 0.010
2026-04-19 01:45:01 | INFO | Episode 3814 - Reward: -200.000, Length: 200, Loss: 19.8325, Entropy: 1.0885, Epsilon: 0.010
2026-04-19 01:45:02 | INFO | Episode 3815 - Reward: -200.000, Length: 200, Loss: 19.5379, Entropy: 1.0787, Epsilon: 0.010
2026-04-19 01:45:02 | INFO | Episode 3816 - Reward: -200.000, Length: 200, Loss: 11.2622, Entropy: 1.0817, Epsilon: 0.010
2026-04-19 01:45:02 | INFO | Episode 3817 - Reward: -200.000, Length: 200, Loss: 2.7659, Entropy: 1.0908, Epsilon: 0.010
2026-04-19 01:45:03 | INFO | Episode 3818 - Reward: -200.000, Length: 200, Loss: 11.3801, Entropy: 1.0796, Epsilon: 0.010
2026-04-19 01:45:03 | INFO | Episode 3819 - Reward: -200.000, Length: 200, Loss: 13.8393, Entropy: 1.0919, Epsilon: 0.010
2026-04-19 01:45:03 | INFO | Episode 3820 - Reward: -200.000, Length: 200, Loss: 31.7728, Entropy: 1.0654, Epsilon: 0.010
2026-04-19 01:45:04 | INFO | Episode 3821 - Reward: -200.000, Length: 200, Loss: 13.0644, Entropy: 1.0824, Epsilon: 0.010
2026-04-19 01:45:04 | INFO | Episode 3822 - Reward: -200.000, Length: 200, Loss: 10.5191, Entropy: 1.0931, Epsilon: 0.010
2026-04-19 01:45:04 | INFO | Episode 3823 - Reward: -200.000, Length: 200, Loss: 10.6824, Entropy: 1.0839, Epsilon: 0.010
2026-04-19 01:45:05 | INFO | Episode 3824 - Reward: -200.000, Length: 200, Loss: 13.4113, Entropy: 1.0942, Epsilon: 0.010
2026-04-19 01:45:05 | INFO | Episode 3825 - Reward: -200.000, Length: 200, Loss: 18.4375, Entropy: 1.0855, Epsilon: 0.010
2026-04-19 01:45:05 | INFO | Episode 3826 - Reward: -200.000, Length: 200, Loss: 18.5746, Entropy: 1.0900, Epsilon: 0.010
2026-04-19 01:45:06 | INFO | Episode 3827 - Reward: -200.000, Length: 200, Loss: 15.1684, Entropy: 1.0829, Epsilon: 0.010
2026-04-19 01:45:06 | INFO | Episode 3828 - Reward: -200.000, Length: 200, Loss: 12.5407, Entropy: 1.0937, Epsilon: 0.010
2026-04-19 01:45:06 | INFO | Episode 3829 - Reward: -200.000, Length: 200, Loss: 15.6515, Entropy: 1.0897, Epsilon: 0.010
2026-04-19 01:45:07 | INFO | Episode 3830 - Reward: -200.000, Length: 200, Loss: 21.6945, Entropy: 1.0452, Epsilon: 0.010
2026-04-19 01:45:07 | INFO | Episode 3831 - Reward: -200.000, Length: 200, Loss: 7.7338, Entropy: 1.0933, Epsilon: 0.010
2026-04-19 01:45:07 | INFO | Episode 3832 - Reward: -200.000, Length: 200, Loss: 7.2510, Entropy: 1.0930, Epsilon: 0.010
2026-04-19 01:45:08 | INFO | Episode 3833 - Reward: -200.000, Length: 200, Loss: 8.0116, Entropy: 1.0938, Epsilon: 0.010
2026-04-19 01:45:08 | INFO | Episode 3834 - Reward: -200.000, Length: 200, Loss: 13.1177, Entropy: 1.0920, Epsilon: 0.010
2026-04-19 01:45:08 | INFO | Episode 3835 - Reward: -200.000, Length: 200, Loss: 15.6752, Entropy: 1.0870, Epsilon: 0.010
2026-04-19 01:45:09 | INFO | Episode 3836 - Reward: -200.000, Length: 200, Loss: 12.4801, Entropy: 1.0907, Epsilon: 0.010
2026-04-19 01:45:09 | INFO | Episode 3837 - Reward: -200.000, Length: 200, Loss: 4.8627, Entropy: 1.0901, Epsilon: 0.010
2026-04-19 01:45:09 | INFO | Episode 3838 - Reward: -200.000, Length: 200, Loss: 2.5180, Entropy: 1.0964, Epsilon: 0.010
2026-04-19 01:45:10 | INFO | Episode 3839 - Reward: -200.000, Length: 200, Loss: 7.2995, Entropy: 1.0902, Epsilon: 0.010
2026-04-19 01:45:10 | INFO | Episode 3840 - Reward: -200.000, Length: 200, Loss: 17.4527, Entropy: 1.0711, Epsilon: 0.010
2026-04-19 01:45:11 | INFO | Episode 3841 - Reward: -200.000, Length: 200, Loss: 10.6712, Entropy: 1.0925, Epsilon: 0.010
2026-04-19 01:45:11 | INFO | Episode 3842 - Reward: -200.000, Length: 200, Loss: 18.0986, Entropy: 1.0852, Epsilon: 0.010
2026-04-19 01:45:11 | INFO | Episode 3843 - Reward: -200.000, Length: 200, Loss: 10.4960, Entropy: 1.0906, Epsilon: 0.010
2026-04-19 01:45:12 | INFO | Episode 3844 - Reward: -200.000, Length: 200, Loss: 7.7481, Entropy: 1.0948, Epsilon: 0.010
2026-04-19 01:45:12 | INFO | Episode 3845 - Reward: -200.000, Length: 200, Loss: 5.3606, Entropy: 1.0953, Epsilon: 0.010
2026-04-19 01:45:12 | INFO | Episode 3846 - Reward: -200.000, Length: 200, Loss: 21.0692, Entropy: 1.0907, Epsilon: 0.010
2026-04-19 01:45:13 | INFO | Episode 3847 - Reward: -200.000, Length: 200, Loss: 15.2131, Entropy: 1.0899, Epsilon: 0.010
2026-04-19 01:45:13 | INFO | Episode 3848 - Reward: -200.000, Length: 200, Loss: 7.7881, Entropy: 1.0920, Epsilon: 0.010
2026-04-19 01:45:13 | INFO | Episode 3849 - Reward: -200.000, Length: 200, Loss: 12.4908, Entropy: 1.0832, Epsilon: 0.010
2026-04-19 01:45:14 | INFO | Episode 3850 - Reward: -200.000, Length: 200, Loss: 7.6634, Entropy: 1.0863, Epsilon: 0.010
2026-04-19 01:45:14 | INFO | Episode 3851 - Reward: -200.000, Length: 200, Loss: 21.3495, Entropy: 1.0837, Epsilon: 0.010
2026-04-19 01:45:14 | INFO | Episode 3852 - Reward: -200.000, Length: 200, Loss: 5.0060, Entropy: 1.0958, Epsilon: 0.010
2026-04-19 01:45:15 | INFO | Episode 3853 - Reward: -200.000, Length: 200, Loss: 21.2295, Entropy: 1.0670, Epsilon: 0.010
2026-04-19 01:45:15 | INFO | Episode 3854 - Reward: -200.000, Length: 200, Loss: 20.4653, Entropy: 1.0408, Epsilon: 0.010
2026-04-19 01:45:15 | INFO | Episode 3855 - Reward: -200.000, Length: 200, Loss: 4.8784, Entropy: 1.0845, Epsilon: 0.010
2026-04-19 01:45:16 | INFO | Episode 3856 - Reward: -200.000, Length: 200, Loss: 18.6150, Entropy: 1.0818, Epsilon: 0.010
2026-04-19 01:45:16 | INFO | Episode 3857 - Reward: -200.000, Length: 200, Loss: 23.3511, Entropy: 1.0904, Epsilon: 0.010
2026-04-19 01:45:16 | INFO | Episode 3858 - Reward: -200.000, Length: 200, Loss: 10.7991, Entropy: 1.0870, Epsilon: 0.010
2026-04-19 01:45:17 | INFO | Episode 3859 - Reward: -200.000, Length: 200, Loss: 5.5232, Entropy: 1.0930, Epsilon: 0.010
2026-04-19 01:45:17 | INFO | Episode 3860 - Reward: -200.000, Length: 200, Loss: 8.2322, Entropy: 1.0759, Epsilon: 0.010
2026-04-19 01:45:17 | INFO | Episode 3861 - Reward: -200.000, Length: 200, Loss: 11.1220, Entropy: 1.0899, Epsilon: 0.010
2026-04-19 01:45:18 | INFO | Episode 3862 - Reward: -200.000, Length: 200, Loss: 26.8024, Entropy: 1.0182, Epsilon: 0.010
2026-04-19 01:45:18 | INFO | Episode 3863 - Reward: -200.000, Length: 200, Loss: 27.8767, Entropy: 1.0671, Epsilon: 0.010
2026-04-19 01:45:18 | INFO | Episode 3864 - Reward: -200.000, Length: 200, Loss: 5.6734, Entropy: 1.0834, Epsilon: 0.010
2026-04-19 01:45:19 | INFO | Episode 3865 - Reward: -200.000, Length: 200, Loss: 7.4996, Entropy: 1.0929, Epsilon: 0.010
2026-04-19 01:45:19 | INFO | Episode 3866 - Reward: -200.000, Length: 200, Loss: 16.3897, Entropy: 1.0938, Epsilon: 0.010
2026-04-19 01:45:19 | INFO | Episode 3867 - Reward: -200.000, Length: 200, Loss: 16.5950, Entropy: 1.0864, Epsilon: 0.010
2026-04-19 01:45:20 | INFO | Episode 3868 - Reward: -200.000, Length: 200, Loss: 13.5791, Entropy: 1.0904, Epsilon: 0.010
2026-04-19 01:45:20 | INFO | Episode 3869 - Reward: -200.000, Length: 200, Loss: 21.6522, Entropy: 1.0321, Epsilon: 0.010
2026-04-19 01:45:20 | INFO | Episode 3870 - Reward: -200.000, Length: 200, Loss: 5.6841, Entropy: 1.0881, Epsilon: 0.010
2026-04-19 01:45:21 | INFO | Episode 3871 - Reward: -200.000, Length: 200, Loss: 19.0151, Entropy: 1.0715, Epsilon: 0.010
2026-04-19 01:45:21 | INFO | Episode 3872 - Reward: -200.000, Length: 200, Loss: 16.0979, Entropy: 1.0814, Epsilon: 0.010
2026-04-19 01:45:21 | INFO | Episode 3873 - Reward: -200.000, Length: 200, Loss: 5.6957, Entropy: 1.0939, Epsilon: 0.010
2026-04-19 01:45:22 | INFO | Episode 3874 - Reward: -200.000, Length: 200, Loss: 18.6280, Entropy: 1.0650, Epsilon: 0.010
2026-04-19 01:45:22 | INFO | Episode 3875 - Reward: -200.000, Length: 200, Loss: 16.4140, Entropy: 1.0851, Epsilon: 0.010
2026-04-19 01:45:23 | INFO | Episode 3876 - Reward: -200.000, Length: 200, Loss: 5.4824, Entropy: 1.0955, Epsilon: 0.010
2026-04-19 01:45:23 | INFO | Episode 3877 - Reward: -200.000, Length: 200, Loss: 11.0064, Entropy: 1.0880, Epsilon: 0.010
2026-04-19 01:45:23 | INFO | Episode 3878 - Reward: -200.000, Length: 200, Loss: 16.5563, Entropy: 1.0816, Epsilon: 0.010
2026-04-19 01:45:24 | INFO | Episode 3879 - Reward: -200.000, Length: 200, Loss: 8.3876, Entropy: 1.0886, Epsilon: 0.010
2026-04-19 01:45:24 | INFO | Episode 3880 - Reward: -200.000, Length: 200, Loss: 19.9110, Entropy: 1.0876, Epsilon: 0.010
2026-04-19 01:45:24 | INFO | Episode 3881 - Reward: -200.000, Length: 200, Loss: 19.6325, Entropy: 1.0775, Epsilon: 0.010
2026-04-19 01:45:25 | INFO | Episode 3882 - Reward: -200.000, Length: 200, Loss: 11.2204, Entropy: 1.0807, Epsilon: 0.010
2026-04-19 01:45:25 | INFO | Episode 3883 - Reward: -200.000, Length: 200, Loss: 5.6163, Entropy: 1.0882, Epsilon: 0.010
2026-04-19 01:45:25 | INFO | Episode 3884 - Reward: -200.000, Length: 200, Loss: 13.5096, Entropy: 1.0900, Epsilon: 0.010
2026-04-19 01:45:26 | INFO | Episode 3885 - Reward: -200.000, Length: 200, Loss: 22.0673, Entropy: 1.0635, Epsilon: 0.010
2026-04-19 01:45:26 | INFO | Episode 3886 - Reward: -200.000, Length: 200, Loss: 2.9047, Entropy: 1.0955, Epsilon: 0.010
2026-04-19 01:45:26 | INFO | Episode 3887 - Reward: -200.000, Length: 200, Loss: 13.9101, Entropy: 1.0877, Epsilon: 0.010
2026-04-19 01:45:27 | INFO | Episode 3888 - Reward: -200.000, Length: 200, Loss: 8.2982, Entropy: 1.0885, Epsilon: 0.010
2026-04-19 01:45:27 | INFO | Episode 3889 - Reward: -200.000, Length: 200, Loss: 8.8175, Entropy: 1.0813, Epsilon: 0.010
2026-04-19 01:45:27 | INFO | Episode 3890 - Reward: -200.000, Length: 200, Loss: 16.9890, Entropy: 1.0871, Epsilon: 0.010
2026-04-19 01:45:28 | INFO | Episode 3891 - Reward: -200.000, Length: 200, Loss: 10.8985, Entropy: 1.0873, Epsilon: 0.010
2026-04-19 01:45:28 | INFO | Episode 3892 - Reward: -200.000, Length: 200, Loss: 8.2726, Entropy: 1.0929, Epsilon: 0.010
2026-04-19 01:45:29 | INFO | Episode 3893 - Reward: -200.000, Length: 200, Loss: 7.9420, Entropy: 1.0934, Epsilon: 0.010
2026-04-19 01:45:29 | INFO | Episode 3894 - Reward: -200.000, Length: 200, Loss: 14.3581, Entropy: 1.0933, Epsilon: 0.010
2026-04-19 01:45:29 | INFO | Episode 3895 - Reward: -200.000, Length: 200, Loss: 5.6735, Entropy: 1.0923, Epsilon: 0.010
2026-04-19 01:45:30 | INFO | Episode 3896 - Reward: -200.000, Length: 200, Loss: 11.0081, Entropy: 1.0839, Epsilon: 0.010
2026-04-19 01:45:30 | INFO | Episode 3897 - Reward: -200.000, Length: 200, Loss: 11.0262, Entropy: 1.0952, Epsilon: 0.010
2026-04-19 01:45:30 | INFO | Episode 3898 - Reward: -200.000, Length: 200, Loss: 16.2785, Entropy: 1.0844, Epsilon: 0.010
2026-04-19 01:45:31 | INFO | Episode 3899 - Reward: -200.000, Length: 200, Loss: 13.9763, Entropy: 1.0590, Epsilon: 0.010
2026-04-19 01:45:31 | INFO | Episode 3900 - Reward: -200.000, Length: 200, Loss: 10.9239, Entropy: 1.0894, Epsilon: 0.010
2026-04-19 01:45:36 | INFO | [Episode 3900] eps=0.010  avg_reward=-200.000  avg_length=200.00  avg_loss= 12.8260  avg_entropy=1.0894  eval_success=0.000
2026-04-19 01:45:36 | INFO | Episode 3901 - Reward: -200.000, Length: 200, Loss: 11.0240, Entropy: 1.0884, Epsilon: 0.010
2026-04-19 01:45:36 | INFO | Episode 3902 - Reward: -200.000, Length: 200, Loss: 14.0611, Entropy: 1.0908, Epsilon: 0.010
2026-04-19 01:45:37 | INFO | Episode 3903 - Reward: -200.000, Length: 200, Loss: 22.3410, Entropy: 1.0879, Epsilon: 0.010
2026-04-19 01:45:37 | INFO | Episode 3904 - Reward: -200.000, Length: 200, Loss: 16.8681, Entropy: 1.0901, Epsilon: 0.010
2026-04-19 01:45:37 | INFO | Episode 3905 - Reward: -200.000, Length: 200, Loss: 21.9904, Entropy: 1.0849, Epsilon: 0.010
2026-04-19 01:45:38 | INFO | Episode 3906 - Reward: -200.000, Length: 200, Loss: 11.4285, Entropy: 1.0840, Epsilon: 0.010
2026-04-19 01:45:38 | INFO | Episode 3907 - Reward: -200.000, Length: 200, Loss: 22.1853, Entropy: 1.0789, Epsilon: 0.010
2026-04-19 01:45:38 | INFO | Episode 3908 - Reward: -200.000, Length: 200, Loss: 10.5908, Entropy: 1.0827, Epsilon: 0.010
2026-04-19 01:45:39 | INFO | Episode 3909 - Reward: -200.000, Length: 200, Loss: 19.1937, Entropy: 1.0885, Epsilon: 0.010
2026-04-19 01:45:39 | INFO | Episode 3910 - Reward: -200.000, Length: 200, Loss: 13.6845, Entropy: 1.0853, Epsilon: 0.010
2026-04-19 01:45:39 | INFO | Episode 3911 - Reward: -200.000, Length: 200, Loss: 5.3702, Entropy: 1.0876, Epsilon: 0.010
2026-04-19 01:45:40 | INFO | Episode 3912 - Reward: -200.000, Length: 200, Loss: 10.8966, Entropy: 1.0875, Epsilon: 0.010
2026-04-19 01:45:40 | INFO | Episode 3913 - Reward: -200.000, Length: 200, Loss: 11.1932, Entropy: 1.0895, Epsilon: 0.010
2026-04-19 01:45:40 | INFO | Episode 3914 - Reward: -200.000, Length: 200, Loss: 13.9903, Entropy: 1.0903, Epsilon: 0.010
2026-04-19 01:45:41 | INFO | Episode 3915 - Reward: -200.000, Length: 200, Loss: 14.2008, Entropy: 1.0945, Epsilon: 0.010
2026-04-19 01:45:41 | INFO | Episode 3916 - Reward: -200.000, Length: 200, Loss: 11.5448, Entropy: 1.0937, Epsilon: 0.010
2026-04-19 01:45:41 | INFO | Episode 3917 - Reward: -200.000, Length: 200, Loss: 17.3798, Entropy: 1.0892, Epsilon: 0.010
2026-04-19 01:45:42 | INFO | Episode 3918 - Reward: -200.000, Length: 200, Loss: 14.2654, Entropy: 1.0856, Epsilon: 0.010
2026-04-19 01:45:42 | INFO | Episode 3919 - Reward: -200.000, Length: 200, Loss: 16.8294, Entropy: 1.0851, Epsilon: 0.010
2026-04-19 01:45:43 | INFO | Episode 3920 - Reward: -200.000, Length: 200, Loss: 8.7387, Entropy: 1.0886, Epsilon: 0.010
2026-04-19 01:45:43 | INFO | Episode 3921 - Reward: -200.000, Length: 200, Loss: 16.9405, Entropy: 1.0779, Epsilon: 0.010
2026-04-19 01:45:43 | INFO | Episode 3922 - Reward: -200.000, Length: 200, Loss: 16.9508, Entropy: 1.0457, Epsilon: 0.010
2026-04-19 01:45:44 | INFO | Episode 3923 - Reward: -200.000, Length: 200, Loss: 10.8729, Entropy: 1.0858, Epsilon: 0.010
2026-04-19 01:45:44 | INFO | Episode 3924 - Reward: -200.000, Length: 200, Loss: 22.0603, Entropy: 1.0739, Epsilon: 0.010
2026-04-19 01:45:44 | INFO | Episode 3925 - Reward: -200.000, Length: 200, Loss: 19.7381, Entropy: 1.0772, Epsilon: 0.010
2026-04-19 01:45:45 | INFO | Episode 3926 - Reward: -200.000, Length: 200, Loss: 22.2669, Entropy: 1.0689, Epsilon: 0.010
2026-04-19 01:45:45 | INFO | Episode 3927 - Reward: -200.000, Length: 200, Loss: 14.3806, Entropy: 1.0797, Epsilon: 0.010
2026-04-19 01:45:45 | INFO | Episode 3928 - Reward: -200.000, Length: 200, Loss: 5.3800, Entropy: 1.0945, Epsilon: 0.010
2026-04-19 01:45:46 | INFO | Episode 3929 - Reward: -200.000, Length: 200, Loss: 2.9912, Entropy: 1.0957, Epsilon: 0.010
2026-04-19 01:45:46 | INFO | Episode 3930 - Reward: -200.000, Length: 200, Loss: 17.6531, Entropy: 1.0801, Epsilon: 0.010
2026-04-19 01:45:46 | INFO | Episode 3931 - Reward: -200.000, Length: 200, Loss: 2.5676, Entropy: 1.0917, Epsilon: 0.010
2026-04-19 01:45:47 | INFO | Episode 3932 - Reward: -200.000, Length: 200, Loss: 23.7960, Entropy: 1.0710, Epsilon: 0.010
2026-04-19 01:45:47 | INFO | Episode 3933 - Reward: -200.000, Length: 200, Loss: 8.9138, Entropy: 1.0673, Epsilon: 0.010
2026-04-19 01:45:47 | INFO | Episode 3934 - Reward: -200.000, Length: 200, Loss: 31.6136, Entropy: 1.0896, Epsilon: 0.010
2026-04-19 01:45:48 | INFO | Episode 3935 - Reward: -200.000, Length: 200, Loss: 17.4835, Entropy: 1.0938, Epsilon: 0.010
2026-04-19 01:45:48 | INFO | Episode 3936 - Reward: -200.000, Length: 200, Loss: 17.3451, Entropy: 1.0904, Epsilon: 0.010
2026-04-19 01:45:48 | INFO | Episode 3937 - Reward: -200.000, Length: 200, Loss: 8.3362, Entropy: 1.0916, Epsilon: 0.010
2026-04-19 01:45:49 | INFO | Episode 3938 - Reward: -200.000, Length: 200, Loss: 14.8385, Entropy: 1.0849, Epsilon: 0.010
2026-04-19 01:45:49 | INFO | Episode 3939 - Reward: -200.000, Length: 200, Loss: 12.0506, Entropy: 1.0828, Epsilon: 0.010
2026-04-19 01:45:49 | INFO | Episode 3940 - Reward: -200.000, Length: 200, Loss: 17.5601, Entropy: 1.0811, Epsilon: 0.010
2026-04-19 01:45:50 | INFO | Episode 3941 - Reward: -200.000, Length: 200, Loss: 15.5533, Entropy: 1.0803, Epsilon: 0.010
2026-04-19 01:45:50 | INFO | Episode 3942 - Reward: -200.000, Length: 200, Loss: 14.7030, Entropy: 1.0941, Epsilon: 0.010
2026-04-19 01:45:50 | INFO | Episode 3943 - Reward: -200.000, Length: 200, Loss: 17.7032, Entropy: 1.0842, Epsilon: 0.010
2026-04-19 01:45:51 | INFO | Episode 3944 - Reward: -200.000, Length: 200, Loss: 11.5254, Entropy: 1.0826, Epsilon: 0.010
2026-04-19 01:45:51 | INFO | Episode 3945 - Reward: -200.000, Length: 200, Loss: 12.3598, Entropy: 1.0853, Epsilon: 0.010
2026-04-19 01:45:51 | INFO | Episode 3946 - Reward: -200.000, Length: 200, Loss: 12.4576, Entropy: 1.0791, Epsilon: 0.010
2026-04-19 01:45:52 | INFO | Episode 3947 - Reward: -200.000, Length: 200, Loss: 5.8888, Entropy: 1.0957, Epsilon: 0.010
2026-04-19 01:45:52 | INFO | Episode 3948 - Reward: -200.000, Length: 200, Loss: 6.1183, Entropy: 1.0924, Epsilon: 0.010
2026-04-19 01:45:52 | INFO | Episode 3949 - Reward: -200.000, Length: 200, Loss: 23.3694, Entropy: 1.0619, Epsilon: 0.010
2026-04-19 01:45:53 | INFO | Episode 3950 - Reward: -200.000, Length: 200, Loss: 14.9859, Entropy: 1.0847, Epsilon: 0.010
2026-04-19 01:45:53 | INFO | Episode 3951 - Reward: -200.000, Length: 200, Loss: 5.7283, Entropy: 1.0920, Epsilon: 0.010
2026-04-19 01:45:53 | INFO | Episode 3952 - Reward: -200.000, Length: 200, Loss: 21.1084, Entropy: 1.0811, Epsilon: 0.010
2026-04-19 01:45:54 | INFO | Episode 3953 - Reward: -200.000, Length: 200, Loss: 17.9075, Entropy: 1.0827, Epsilon: 0.010
2026-04-19 01:45:54 | INFO | Episode 3954 - Reward: -200.000, Length: 200, Loss: 17.3397, Entropy: 1.0708, Epsilon: 0.010
2026-04-19 01:45:54 | INFO | Episode 3955 - Reward: -200.000, Length: 200, Loss: 3.1195, Entropy: 1.0979, Epsilon: 0.010
2026-04-19 01:45:55 | INFO | Episode 3956 - Reward: -200.000, Length: 200, Loss: 8.9091, Entropy: 1.0904, Epsilon: 0.010
2026-04-19 01:45:55 | INFO | Episode 3957 - Reward: -200.000, Length: 200, Loss: 6.2925, Entropy: 1.0955, Epsilon: 0.010
2026-04-19 01:45:55 | INFO | Episode 3958 - Reward: -200.000, Length: 200, Loss: 9.0768, Entropy: 1.0960, Epsilon: 0.010
2026-04-19 01:45:56 | INFO | Episode 3959 - Reward: -200.000, Length: 200, Loss: 14.2467, Entropy: 1.0747, Epsilon: 0.010
2026-04-19 01:45:56 | INFO | Episode 3960 - Reward: -200.000, Length: 200, Loss: 20.9777, Entropy: 1.0858, Epsilon: 0.010
2026-04-19 01:45:57 | INFO | Episode 3961 - Reward: -200.000, Length: 200, Loss: 8.7074, Entropy: 1.0906, Epsilon: 0.010
2026-04-19 01:45:57 | INFO | Episode 3962 - Reward: -200.000, Length: 200, Loss: 18.6495, Entropy: 1.0849, Epsilon: 0.010
2026-04-19 01:45:57 | INFO | Episode 3963 - Reward: -200.000, Length: 200, Loss: 14.9174, Entropy: 1.0891, Epsilon: 0.010
2026-04-19 01:45:58 | INFO | Episode 3964 - Reward: -200.000, Length: 200, Loss: 12.3407, Entropy: 1.0878, Epsilon: 0.010
2026-04-19 01:45:58 | INFO | Episode 3965 - Reward: -200.000, Length: 200, Loss: 12.0655, Entropy: 1.0848, Epsilon: 0.010
2026-04-19 01:45:58 | INFO | Episode 3966 - Reward: -200.000, Length: 200, Loss: 8.7307, Entropy: 1.0915, Epsilon: 0.010
2026-04-19 01:45:59 | INFO | Episode 3967 - Reward: -200.000, Length: 200, Loss: 15.4885, Entropy: 1.0791, Epsilon: 0.010
2026-04-19 01:45:59 | INFO | Episode 3968 - Reward: -200.000, Length: 200, Loss: 24.3918, Entropy: 1.0732, Epsilon: 0.010
2026-04-19 01:45:59 | INFO | Episode 3969 - Reward: -200.000, Length: 200, Loss: 5.8499, Entropy: 1.0945, Epsilon: 0.010
2026-04-19 01:46:00 | INFO | Episode 3970 - Reward: -200.000, Length: 200, Loss: 10.9397, Entropy: 1.0901, Epsilon: 0.010
2026-04-19 01:46:00 | INFO | Episode 3971 - Reward: -200.000, Length: 200, Loss: 17.0037, Entropy: 1.0814, Epsilon: 0.010
2026-04-19 01:46:00 | INFO | Episode 3972 - Reward: -200.000, Length: 200, Loss: 26.0701, Entropy: 1.0845, Epsilon: 0.010
2026-04-19 01:46:01 | INFO | Episode 3973 - Reward: -200.000, Length: 200, Loss: 5.6575, Entropy: 1.0926, Epsilon: 0.010
2026-04-19 01:46:01 | INFO | Episode 3974 - Reward: -200.000, Length: 200, Loss: 21.6269, Entropy: 1.0659, Epsilon: 0.010
2026-04-19 01:46:01 | INFO | Episode 3975 - Reward: -200.000, Length: 200, Loss: 22.7716, Entropy: 1.0759, Epsilon: 0.010
2026-04-19 01:46:02 | INFO | Episode 3976 - Reward: -200.000, Length: 200, Loss: 11.9086, Entropy: 1.0940, Epsilon: 0.010
2026-04-19 01:46:02 | INFO | Episode 3977 - Reward: -200.000, Length: 200, Loss: 8.8462, Entropy: 1.0925, Epsilon: 0.010
2026-04-19 01:46:02 | INFO | Episode 3978 - Reward: -200.000, Length: 200, Loss: 23.7800, Entropy: 1.0891, Epsilon: 0.010
2026-04-19 01:46:03 | INFO | Episode 3979 - Reward: -200.000, Length: 200, Loss: 5.9565, Entropy: 1.0900, Epsilon: 0.010
2026-04-19 01:46:03 | INFO | Episode 3980 - Reward: -200.000, Length: 200, Loss: 21.2136, Entropy: 1.0675, Epsilon: 0.010
2026-04-19 01:46:03 | INFO | Episode 3981 - Reward: -200.000, Length: 200, Loss: 17.5729, Entropy: 1.0645, Epsilon: 0.010
2026-04-19 01:46:04 | INFO | Episode 3982 - Reward: -200.000, Length: 200, Loss: 5.9887, Entropy: 1.0835, Epsilon: 0.010
2026-04-19 01:46:04 | INFO | Episode 3983 - Reward: -200.000, Length: 200, Loss: 23.5586, Entropy: 1.0819, Epsilon: 0.010
2026-04-19 01:46:04 | INFO | Episode 3984 - Reward: -200.000, Length: 200, Loss: 18.2592, Entropy: 1.0919, Epsilon: 0.010
2026-04-19 01:46:05 | INFO | Episode 3985 - Reward: -200.000, Length: 200, Loss: 20.5322, Entropy: 1.0557, Epsilon: 0.010
2026-04-19 01:46:05 | INFO | Episode 3986 - Reward: -200.000, Length: 200, Loss: 14.9551, Entropy: 1.0927, Epsilon: 0.010
2026-04-19 01:46:05 | INFO | Episode 3987 - Reward: -200.000, Length: 200, Loss: 21.5619, Entropy: 1.0847, Epsilon: 0.010
2026-04-19 01:46:06 | INFO | Episode 3988 - Reward: -200.000, Length: 200, Loss: 9.5481, Entropy: 1.0780, Epsilon: 0.010
2026-04-19 01:46:06 | INFO | Episode 3989 - Reward: -200.000, Length: 200, Loss: 6.2733, Entropy: 1.0867, Epsilon: 0.010
2026-04-19 01:46:06 | INFO | Episode 3990 - Reward: -200.000, Length: 200, Loss: 17.8683, Entropy: 1.0890, Epsilon: 0.010
2026-04-19 01:46:07 | INFO | Episode 3991 - Reward: -200.000, Length: 200, Loss: 15.0707, Entropy: 1.0874, Epsilon: 0.010
2026-04-19 01:46:07 | INFO | Episode 3992 - Reward: -200.000, Length: 200, Loss: 12.7304, Entropy: 1.0738, Epsilon: 0.010
2026-04-19 01:46:07 | INFO | Episode 3993 - Reward: -200.000, Length: 200, Loss: 9.0925, Entropy: 1.0852, Epsilon: 0.010
2026-04-19 01:46:08 | INFO | Episode 3994 - Reward: -200.000, Length: 200, Loss: 18.7761, Entropy: 1.0796, Epsilon: 0.010
2026-04-19 01:46:08 | INFO | Episode 3995 - Reward: -200.000, Length: 200, Loss: 23.9050, Entropy: 1.0774, Epsilon: 0.010
2026-04-19 01:46:08 | INFO | Episode 3996 - Reward: -200.000, Length: 200, Loss: 24.1879, Entropy: 1.0821, Epsilon: 0.010
2026-04-19 01:46:09 | INFO | Episode 3997 - Reward: -200.000, Length: 200, Loss: 21.6623, Entropy: 1.0917, Epsilon: 0.010
2026-04-19 01:46:09 | INFO | Episode 3998 - Reward: -200.000, Length: 200, Loss: 21.6712, Entropy: 1.0707, Epsilon: 0.010
2026-04-19 01:46:09 | INFO | Episode 3999 - Reward: -200.000, Length: 200, Loss: 12.3521, Entropy: 1.0893, Epsilon: 0.010
2026-04-19 01:46:10 | INFO | Episode 4000 - Reward: -200.000, Length: 200, Loss: 8.8734, Entropy: 1.0935, Epsilon: 0.010
2026-04-19 01:46:15 | INFO | [Episode 4000] eps=0.010  avg_reward=-200.000  avg_length=200.00  avg_loss= 14.7224  avg_entropy=1.0935  eval_success=0.000
2026-04-19 01:46:15 | INFO | Episode 4001 - Reward: -200.000, Length: 200, Loss: 11.3144, Entropy: 1.0693, Epsilon: 0.010
2026-04-19 01:46:15 | INFO | Episode 4002 - Reward: -200.000, Length: 200, Loss: 19.5385, Entropy: 1.0850, Epsilon: 0.010
2026-04-19 01:46:16 | INFO | Episode 4003 - Reward: -200.000, Length: 200, Loss: 6.3177, Entropy: 1.0844, Epsilon: 0.010
2026-04-19 01:46:16 | INFO | Episode 4004 - Reward: -200.000, Length: 200, Loss: 21.2314, Entropy: 1.0704, Epsilon: 0.010
2026-04-19 01:46:16 | INFO | Episode 4005 - Reward: -200.000, Length: 200, Loss: 16.0294, Entropy: 1.0842, Epsilon: 0.010
2026-04-19 01:46:17 | INFO | Episode 4006 - Reward: -200.000, Length: 200, Loss: 27.5569, Entropy: 1.0772, Epsilon: 0.010
2026-04-19 01:46:17 | INFO | Episode 4007 - Reward: -200.000, Length: 200, Loss: 27.9748, Entropy: 1.0856, Epsilon: 0.010
2026-04-19 01:46:17 | INFO | Episode 4008 - Reward: -200.000, Length: 200, Loss: 21.4524, Entropy: 1.0776, Epsilon: 0.010
2026-04-19 01:46:18 | INFO | Episode 4009 - Reward: -200.000, Length: 200, Loss: 18.9964, Entropy: 1.0700, Epsilon: 0.010
2026-04-19 01:46:18 | INFO | Episode 4010 - Reward: -200.000, Length: 200, Loss: 15.1727, Entropy: 1.0824, Epsilon: 0.010
2026-04-19 01:46:19 | INFO | Episode 4011 - Reward: -200.000, Length: 200, Loss: 26.9327, Entropy: 1.0779, Epsilon: 0.010
2026-04-19 01:46:19 | INFO | Episode 4012 - Reward: -200.000, Length: 200, Loss: 30.8226, Entropy: 1.0708, Epsilon: 0.010
2026-04-19 01:46:19 | INFO | Episode 4013 - Reward: -200.000, Length: 200, Loss: 11.9749, Entropy: 1.0843, Epsilon: 0.010
2026-04-19 01:46:20 | INFO | Episode 4014 - Reward: -200.000, Length: 200, Loss: 23.2374, Entropy: 1.0575, Epsilon: 0.010
2026-04-19 01:46:20 | INFO | Episode 4015 - Reward: -200.000, Length: 200, Loss: 17.6406, Entropy: 1.0792, Epsilon: 0.010
2026-04-19 01:46:20 | INFO | Episode 4016 - Reward: -200.000, Length: 200, Loss: 12.1589, Entropy: 1.0897, Epsilon: 0.010
2026-04-19 01:46:21 | INFO | Episode 4017 - Reward: -200.000, Length: 200, Loss: 11.7743, Entropy: 1.0875, Epsilon: 0.010
2026-04-19 01:46:21 | INFO | Episode 4018 - Reward: -200.000, Length: 200, Loss: 17.2923, Entropy: 1.0709, Epsilon: 0.010
2026-04-19 01:46:21 | INFO | Episode 4019 - Reward: -200.000, Length: 200, Loss: 11.7099, Entropy: 1.0846, Epsilon: 0.010
2026-04-19 01:46:22 | INFO | Episode 4020 - Reward: -200.000, Length: 200, Loss: 12.0366, Entropy: 1.0887, Epsilon: 0.010
2026-04-19 01:46:22 | INFO | Episode 4021 - Reward: -200.000, Length: 200, Loss: 11.4158, Entropy: 1.0793, Epsilon: 0.010
2026-04-19 01:46:22 | INFO | Episode 4022 - Reward: -200.000, Length: 200, Loss: 11.2700, Entropy: 1.0901, Epsilon: 0.010
2026-04-19 01:46:23 | INFO | Episode 4023 - Reward: -200.000, Length: 200, Loss: 20.1709, Entropy: 1.0904, Epsilon: 0.010
2026-04-19 01:46:23 | INFO | Episode 4024 - Reward: -200.000, Length: 200, Loss: 22.5341, Entropy: 1.0594, Epsilon: 0.010
2026-04-19 01:46:23 | INFO | Episode 4025 - Reward: -200.000, Length: 200, Loss: 16.9267, Entropy: 1.0695, Epsilon: 0.010
2026-04-19 01:46:24 | INFO | Episode 4026 - Reward: -200.000, Length: 200, Loss: 16.9288, Entropy: 1.0879, Epsilon: 0.010
2026-04-19 01:46:24 | INFO | Episode 4027 - Reward: -200.000, Length: 200, Loss: 2.7854, Entropy: 1.0937, Epsilon: 0.010
2026-04-19 01:46:24 | INFO | Episode 4028 - Reward: -200.000, Length: 200, Loss: 14.2679, Entropy: 1.0854, Epsilon: 0.010
2026-04-19 01:46:25 | INFO | Episode 4029 - Reward: -200.000, Length: 200, Loss: 8.5062, Entropy: 1.0928, Epsilon: 0.010
2026-04-19 01:46:25 | INFO | Episode 4030 - Reward: -200.000, Length: 200, Loss: 14.1831, Entropy: 1.0913, Epsilon: 0.010
2026-04-19 01:46:25 | INFO | Episode 4031 - Reward: -200.000, Length: 200, Loss: 17.6340, Entropy: 1.0609, Epsilon: 0.010
2026-04-19 01:46:26 | INFO | Episode 4032 - Reward: -200.000, Length: 200, Loss: 13.7285, Entropy: 1.0843, Epsilon: 0.010
2026-04-19 01:46:26 | INFO | Episode 4033 - Reward: -200.000, Length: 200, Loss: 13.5884, Entropy: 1.0875, Epsilon: 0.010
2026-04-19 01:46:26 | INFO | Episode 4034 - Reward: -200.000, Length: 200, Loss: 28.3136, Entropy: 1.0826, Epsilon: 0.010
2026-04-19 01:46:27 | INFO | Episode 4035 - Reward: -200.000, Length: 200, Loss: 22.3097, Entropy: 1.0542, Epsilon: 0.010
2026-04-19 01:46:27 | INFO | Episode 4036 - Reward: -200.000, Length: 200, Loss: 5.0483, Entropy: 1.0884, Epsilon: 0.010
2026-04-19 01:46:27 | INFO | Episode 4037 - Reward: -200.000, Length: 200, Loss: 19.9701, Entropy: 1.0925, Epsilon: 0.010
2026-04-19 01:46:28 | INFO | Episode 4038 - Reward: -200.000, Length: 200, Loss: 29.3136, Entropy: 1.0499, Epsilon: 0.010
2026-04-19 01:46:28 | INFO | Episode 4039 - Reward: -200.000, Length: 200, Loss: 14.0076, Entropy: 1.0906, Epsilon: 0.010
2026-04-19 01:46:28 | INFO | Episode 4040 - Reward: -200.000, Length: 200, Loss: 17.3574, Entropy: 1.0919, Epsilon: 0.010
2026-04-19 01:46:30 | INFO | Episode 4041 - Reward: -200.000, Length: 200, Loss: 14.5459, Entropy: 1.0819, Epsilon: 0.010
2026-04-19 01:46:31 | INFO | Episode 4042 - Reward: -200.000, Length: 200, Loss: 26.0349, Entropy: 1.0473, Epsilon: 0.010
2026-04-19 01:46:31 | INFO | Episode 4043 - Reward: -200.000, Length: 200, Loss: 25.3565, Entropy: 1.0757, Epsilon: 0.010
2026-04-19 01:46:31 | INFO | Episode 4044 - Reward: -200.000, Length: 200, Loss: 18.8431, Entropy: 1.0622, Epsilon: 0.010
2026-04-19 01:46:32 | INFO | Episode 4045 - Reward: -200.000, Length: 200, Loss: 18.2781, Entropy: 1.0610, Epsilon: 0.010
2026-04-19 01:46:32 | INFO | Episode 4046 - Reward: -200.000, Length: 200, Loss: 19.4856, Entropy: 1.0885, Epsilon: 0.010
2026-04-19 01:46:32 | INFO | Episode 4047 - Reward: -200.000, Length: 200, Loss: 14.1541, Entropy: 1.0865, Epsilon: 0.010
2026-04-19 01:46:33 | INFO | Episode 4048 - Reward: -200.000, Length: 200, Loss: 8.8715, Entropy: 1.0879, Epsilon: 0.010
2026-04-19 01:46:33 | INFO | Episode 4049 - Reward: -200.000, Length: 200, Loss: 22.2328, Entropy: 1.0843, Epsilon: 0.010
2026-04-19 01:46:33 | INFO | Episode 4050 - Reward: -200.000, Length: 200, Loss: 13.9787, Entropy: 1.0782, Epsilon: 0.010
2026-04-19 01:46:34 | INFO | Episode 4051 - Reward: -200.000, Length: 200, Loss: 13.7573, Entropy: 1.0724, Epsilon: 0.010
2026-04-19 01:46:34 | INFO | Episode 4052 - Reward: -200.000, Length: 200, Loss: 17.3067, Entropy: 1.0874, Epsilon: 0.010
2026-04-19 01:46:34 | INFO | Episode 4053 - Reward: -200.000, Length: 200, Loss: 5.2351, Entropy: 1.0949, Epsilon: 0.010
2026-04-19 01:46:35 | INFO | Episode 4054 - Reward: -200.000, Length: 200, Loss: 14.3280, Entropy: 1.0938, Epsilon: 0.010
2026-04-19 01:46:35 | INFO | Episode 4055 - Reward: -200.000, Length: 200, Loss: 15.4496, Entropy: 1.0790, Epsilon: 0.010
2026-04-19 01:46:35 | INFO | Episode 4056 - Reward: -200.000, Length: 200, Loss: 2.4507, Entropy: 1.0929, Epsilon: 0.010
2026-04-19 01:46:36 | INFO | Episode 4057 - Reward: -200.000, Length: 200, Loss: 11.2982, Entropy: 1.0818, Epsilon: 0.010
2026-04-19 01:46:36 | INFO | Episode 4058 - Reward: -200.000, Length: 200, Loss: 11.9874, Entropy: 1.0819, Epsilon: 0.010
2026-04-19 01:46:36 | INFO | Episode 4059 - Reward: -200.000, Length: 200, Loss: 2.8068, Entropy: 1.0937, Epsilon: 0.010
2026-04-19 01:46:37 | INFO | Episode 4060 - Reward: -200.000, Length: 200, Loss: 17.0950, Entropy: 1.0869, Epsilon: 0.010
2026-04-19 01:46:37 | INFO | Episode 4061 - Reward: -200.000, Length: 200, Loss: 17.3621, Entropy: 1.0660, Epsilon: 0.010
2026-04-19 01:46:37 | INFO | Episode 4062 - Reward: -200.000, Length: 200, Loss: 14.5175, Entropy: 1.0805, Epsilon: 0.010
2026-04-19 01:46:38 | INFO | Episode 4063 - Reward: -200.000, Length: 200, Loss: 14.6110, Entropy: 1.0771, Epsilon: 0.010
2026-04-19 01:46:38 | INFO | Episode 4064 - Reward: -200.000, Length: 200, Loss: 16.6513, Entropy: 1.0924, Epsilon: 0.010
2026-04-19 01:46:39 | INFO | Episode 4065 - Reward: -200.000, Length: 200, Loss: 8.4928, Entropy: 1.0948, Epsilon: 0.010
2026-04-19 01:46:39 | INFO | Episode 4066 - Reward: -200.000, Length: 200, Loss: 17.3171, Entropy: 1.0864, Epsilon: 0.010
2026-04-19 01:46:39 | INFO | Episode 4067 - Reward: -200.000, Length: 200, Loss: 11.3080, Entropy: 1.0899, Epsilon: 0.010
2026-04-19 01:46:40 | INFO | Episode 4068 - Reward: -200.000, Length: 200, Loss: -0.0795, Entropy: 1.0970, Epsilon: 0.010
2026-04-19 01:46:40 | INFO | Episode 4069 - Reward: -200.000, Length: 200, Loss: 13.8297, Entropy: 1.0951, Epsilon: 0.010
2026-04-19 01:46:40 | INFO | Episode 4070 - Reward: -200.000, Length: 200, Loss: 16.8536, Entropy: 1.0774, Epsilon: 0.010
2026-04-19 01:46:41 | INFO | Episode 4071 - Reward: -200.000, Length: 200, Loss: 8.9400, Entropy: 1.0894, Epsilon: 0.010
2026-04-19 01:46:41 | INFO | Episode 4072 - Reward: -200.000, Length: 200, Loss: 8.3532, Entropy: 1.0932, Epsilon: 0.010
2026-04-19 01:46:41 | INFO | Episode 4073 - Reward: -200.000, Length: 200, Loss: 23.6398, Entropy: 1.0908, Epsilon: 0.010
2026-04-19 01:46:42 | INFO | Episode 4074 - Reward: -200.000, Length: 200, Loss: 11.1672, Entropy: 1.0834, Epsilon: 0.010
2026-04-19 01:46:42 | INFO | Episode 4075 - Reward: -200.000, Length: 200, Loss: 17.4563, Entropy: 1.0861, Epsilon: 0.010
2026-04-19 01:46:42 | INFO | Episode 4076 - Reward: -200.000, Length: 200, Loss: 14.7515, Entropy: 1.0885, Epsilon: 0.010
2026-04-19 01:46:43 | INFO | Episode 4077 - Reward: -200.000, Length: 200, Loss: 8.5516, Entropy: 1.0940, Epsilon: 0.010
2026-04-19 01:46:43 | INFO | Episode 4078 - Reward: -200.000, Length: 200, Loss: 32.7288, Entropy: 1.0776, Epsilon: 0.010
2026-04-19 01:46:43 | INFO | Episode 4079 - Reward: -200.000, Length: 200, Loss: 23.0720, Entropy: 1.0755, Epsilon: 0.010
2026-04-19 01:46:44 | INFO | Episode 4080 - Reward: -200.000, Length: 200, Loss: 5.7503, Entropy: 1.0950, Epsilon: 0.010
2026-04-19 01:46:44 | INFO | Episode 4081 - Reward: -200.000, Length: 200, Loss: 20.3576, Entropy: 1.0870, Epsilon: 0.010
2026-04-19 01:46:44 | INFO | Episode 4082 - Reward: -200.000, Length: 200, Loss: 5.6158, Entropy: 1.0961, Epsilon: 0.010
2026-04-19 01:46:45 | INFO | Episode 4083 - Reward: -200.000, Length: 200, Loss: 18.0790, Entropy: 1.0910, Epsilon: 0.010
2026-04-19 01:46:45 | INFO | Episode 4084 - Reward: -200.000, Length: 200, Loss: 14.5605, Entropy: 1.0877, Epsilon: 0.010
2026-04-19 01:46:45 | INFO | Episode 4085 - Reward: -200.000, Length: 200, Loss: 13.9028, Entropy: 1.0903, Epsilon: 0.010
2026-04-19 01:46:46 | INFO | Episode 4086 - Reward: -200.000, Length: 200, Loss: 21.1259, Entropy: 1.0879, Epsilon: 0.010
2026-04-19 01:46:46 | INFO | Episode 4087 - Reward: -200.000, Length: 200, Loss: 29.6332, Entropy: 1.0376, Epsilon: 0.010
2026-04-19 01:46:46 | INFO | Episode 4088 - Reward: -200.000, Length: 200, Loss: 2.5568, Entropy: 1.0950, Epsilon: 0.010
2026-04-19 01:46:47 | INFO | Episode 4089 - Reward: -200.000, Length: 200, Loss: 17.8554, Entropy: 1.0854, Epsilon: 0.010
2026-04-19 01:46:47 | INFO | Episode 4090 - Reward: -200.000, Length: 200, Loss: 19.9059, Entropy: 1.0798, Epsilon: 0.010
2026-04-19 01:46:48 | INFO | Episode 4091 - Reward: -200.000, Length: 200, Loss: 15.0490, Entropy: 1.0869, Epsilon: 0.010
2026-04-19 01:46:48 | INFO | Episode 4092 - Reward: -200.000, Length: 200, Loss: 14.9210, Entropy: 1.0705, Epsilon: 0.010
2026-04-19 01:46:48 | INFO | Episode 4093 - Reward: -200.000, Length: 200, Loss: 15.7917, Entropy: 1.0902, Epsilon: 0.010
2026-04-19 01:46:49 | INFO | Episode 4094 - Reward: -200.000, Length: 200, Loss: 14.9246, Entropy: 1.0848, Epsilon: 0.010
2026-04-19 01:46:49 | INFO | Episode 4095 - Reward: -200.000, Length: 200, Loss: 23.8553, Entropy: 1.0811, Epsilon: 0.010
2026-04-19 01:46:49 | INFO | Episode 4096 - Reward: -200.000, Length: 200, Loss: 31.3721, Entropy: 1.0620, Epsilon: 0.010
2026-04-19 01:46:50 | INFO | Episode 4097 - Reward: -200.000, Length: 200, Loss: 17.5685, Entropy: 1.0856, Epsilon: 0.010
2026-04-19 01:46:50 | INFO | Episode 4098 - Reward: -200.000, Length: 200, Loss: 16.5268, Entropy: 1.0612, Epsilon: 0.010
2026-04-19 01:46:50 | INFO | Episode 4099 - Reward: -200.000, Length: 200, Loss: 20.2236, Entropy: 1.0927, Epsilon: 0.010
2026-04-19 01:46:51 | INFO | Episode 4100 - Reward: -200.000, Length: 200, Loss: 20.7916, Entropy: 1.0786, Epsilon: 0.010
2026-04-19 01:46:56 | INFO | [Episode 4100] eps=0.010  avg_reward=-200.000  avg_length=200.00  avg_loss= 16.1481  avg_entropy=1.0786  eval_success=0.000
2026-04-19 01:46:56 | INFO | Episode 4101 - Reward: -200.000, Length: 200, Loss: 2.5931, Entropy: 1.0906, Epsilon: 0.010
2026-04-19 01:46:56 | INFO | Episode 4102 - Reward: -200.000, Length: 200, Loss: 19.4125, Entropy: 1.0903, Epsilon: 0.010
2026-04-19 01:46:57 | INFO | Episode 4103 - Reward: -200.000, Length: 200, Loss: 14.0594, Entropy: 1.0883, Epsilon: 0.010
2026-04-19 01:46:57 | INFO | Episode 4104 - Reward: -200.000, Length: 200, Loss: 19.6602, Entropy: 1.0762, Epsilon: 0.010
2026-04-19 01:46:58 | INFO | Episode 4105 - Reward: -200.000, Length: 200, Loss: 11.2002, Entropy: 1.0847, Epsilon: 0.010
2026-04-19 01:46:58 | INFO | Episode 4106 - Reward: -200.000, Length: 200, Loss: 11.7995, Entropy: 1.0844, Epsilon: 0.010
2026-04-19 01:46:58 | INFO | Episode 4107 - Reward: -200.000, Length: 200, Loss: 17.2103, Entropy: 1.0863, Epsilon: 0.010
2026-04-19 01:46:59 | INFO | Episode 4108 - Reward: -200.000, Length: 200, Loss: 8.7051, Entropy: 1.0931, Epsilon: 0.010
2026-04-19 01:46:59 | INFO | Episode 4109 - Reward: -200.000, Length: 200, Loss: 9.0138, Entropy: 1.0853, Epsilon: 0.010
2026-04-19 01:46:59 | INFO | Episode 4110 - Reward: -200.000, Length: 200, Loss: 24.9825, Entropy: 1.0866, Epsilon: 0.010
2026-04-19 01:47:00 | INFO | Episode 4111 - Reward: -200.000, Length: 200, Loss: 32.8245, Entropy: 1.0603, Epsilon: 0.010
2026-04-19 01:47:00 | INFO | Episode 4112 - Reward: -200.000, Length: 200, Loss: 26.0408, Entropy: 1.0747, Epsilon: 0.010
2026-04-19 01:47:00 | INFO | Episode 4113 - Reward: -200.000, Length: 200, Loss: 2.7935, Entropy: 1.0914, Epsilon: 0.010
2026-04-19 01:47:01 | INFO | Episode 4114 - Reward: -200.000, Length: 200, Loss: 9.0064, Entropy: 1.0926, Epsilon: 0.010
2026-04-19 01:47:01 | INFO | Episode 4115 - Reward: -200.000, Length: 200, Loss: 11.5370, Entropy: 1.0926, Epsilon: 0.010
2026-04-19 01:47:01 | INFO | Episode 4116 - Reward: -200.000, Length: 200, Loss: 5.9790, Entropy: 1.0888, Epsilon: 0.010
2026-04-19 01:47:02 | INFO | Episode 4117 - Reward: -200.000, Length: 200, Loss: 10.9894, Entropy: 1.0733, Epsilon: 0.010
2026-04-19 01:47:02 | INFO | Episode 4118 - Reward: -200.000, Length: 200, Loss: 11.4036, Entropy: 1.0834, Epsilon: 0.010
2026-04-19 01:47:02 | INFO | Episode 4119 - Reward: -200.000, Length: 200, Loss: 18.0004, Entropy: 1.0877, Epsilon: 0.010
2026-04-19 01:47:03 | INFO | Episode 4120 - Reward: -200.000, Length: 200, Loss: 5.1098, Entropy: 1.0886, Epsilon: 0.010
2026-04-19 01:47:03 | INFO | Episode 4121 - Reward: -200.000, Length: 200, Loss: 18.1350, Entropy: 1.0878, Epsilon: 0.010
2026-04-19 01:47:03 | INFO | Episode 4122 - Reward: -200.000, Length: 200, Loss: 8.1279, Entropy: 1.0891, Epsilon: 0.010
2026-04-19 01:47:04 | INFO | Episode 4123 - Reward: -200.000, Length: 200, Loss: 32.3006, Entropy: 1.0351, Epsilon: 0.010
2026-04-19 01:47:04 | INFO | Episode 4124 - Reward: -200.000, Length: 200, Loss: 8.7658, Entropy: 1.0954, Epsilon: 0.010
2026-04-19 01:47:05 | INFO | Episode 4125 - Reward: -200.000, Length: 200, Loss: 20.9509, Entropy: 1.0773, Epsilon: 0.010
2026-04-19 01:47:05 | INFO | Episode 4126 - Reward: -200.000, Length: 200, Loss: 8.9662, Entropy: 1.0787, Epsilon: 0.010
2026-04-19 01:47:05 | INFO | Episode 4127 - Reward: -200.000, Length: 200, Loss: 17.1421, Entropy: 1.0885, Epsilon: 0.010
2026-04-19 01:47:06 | INFO | Episode 4128 - Reward: -200.000, Length: 200, Loss: 19.3489, Entropy: 1.0857, Epsilon: 0.010
2026-04-19 01:47:06 | INFO | Episode 4129 - Reward: -200.000, Length: 200, Loss: 5.4305, Entropy: 1.0939, Epsilon: 0.010
2026-04-19 01:47:06 | INFO | Episode 4130 - Reward: -200.000, Length: 200, Loss: 19.4700, Entropy: 1.0790, Epsilon: 0.010
2026-04-19 01:47:07 | INFO | Episode 4131 - Reward: -200.000, Length: 200, Loss: 10.8017, Entropy: 1.0940, Epsilon: 0.010
2026-04-19 01:47:07 | INFO | Episode 4132 - Reward: -200.000, Length: 200, Loss: 8.1324, Entropy: 1.0937, Epsilon: 0.010
2026-04-19 01:47:07 | INFO | Episode 4133 - Reward: -200.000, Length: 200, Loss: 21.5710, Entropy: 1.0888, Epsilon: 0.010
2026-04-19 01:47:08 | INFO | Episode 4134 - Reward: -200.000, Length: 200, Loss: 8.0778, Entropy: 1.0869, Epsilon: 0.010
2026-04-19 01:47:08 | INFO | Episode 4135 - Reward: -200.000, Length: 200, Loss: -0.1015, Entropy: 1.0966, Epsilon: 0.010
2026-04-19 01:47:08 | INFO | Episode 4136 - Reward: -200.000, Length: 200, Loss: 13.0341, Entropy: 1.0915, Epsilon: 0.010
2026-04-19 01:47:09 | INFO | Episode 4137 - Reward: -200.000, Length: 200, Loss: 7.4382, Entropy: 1.0823, Epsilon: 0.010
2026-04-19 01:47:09 | INFO | Episode 4138 - Reward: -200.000, Length: 200, Loss: 10.5933, Entropy: 1.0897, Epsilon: 0.010
2026-04-19 01:47:09 | INFO | Episode 4139 - Reward: -200.000, Length: 200, Loss: 19.3831, Entropy: 1.0924, Epsilon: 0.010
2026-04-19 01:47:10 | INFO | Episode 4140 - Reward: -200.000, Length: 200, Loss: 15.5317, Entropy: 1.0864, Epsilon: 0.010
2026-04-19 01:47:10 | INFO | Episode 4141 - Reward: -200.000, Length: 200, Loss: 24.0536, Entropy: 1.0770, Epsilon: 0.010
2026-04-19 01:47:11 | INFO | Episode 4142 - Reward: -200.000, Length: 200, Loss: -0.0776, Entropy: 1.0970, Epsilon: 0.010
2026-04-19 01:47:11 | INFO | Episode 4143 - Reward: -200.000, Length: 200, Loss: 10.7730, Entropy: 1.0882, Epsilon: 0.010
2026-04-19 01:47:11 | INFO | Episode 4144 - Reward: -200.000, Length: 200, Loss: 5.7535, Entropy: 1.0867, Epsilon: 0.010
2026-04-19 01:47:12 | INFO | Episode 4145 - Reward: -200.000, Length: 200, Loss: 10.5389, Entropy: 1.0916, Epsilon: 0.010
2026-04-19 01:47:12 | INFO | Episode 4146 - Reward: -200.000, Length: 200, Loss: 18.3074, Entropy: 1.0915, Epsilon: 0.010
2026-04-19 01:47:12 | INFO | Episode 4147 - Reward: -200.000, Length: 200, Loss: 16.1235, Entropy: 1.0800, Epsilon: 0.010
2026-04-19 01:47:13 | INFO | Episode 4148 - Reward: -200.000, Length: 200, Loss: 16.1145, Entropy: 1.0890, Epsilon: 0.010
2026-04-19 01:47:13 | INFO | Episode 4149 - Reward: -200.000, Length: 200, Loss: 10.8268, Entropy: 1.0926, Epsilon: 0.010
2026-04-19 01:47:13 | INFO | Episode 4150 - Reward: -200.000, Length: 200, Loss: 15.9226, Entropy: 1.0895, Epsilon: 0.010
2026-04-19 01:47:14 | INFO | Episode 4151 - Reward: -200.000, Length: 200, Loss: 10.9021, Entropy: 1.0899, Epsilon: 0.010
2026-04-19 01:47:14 | INFO | Episode 4152 - Reward: -200.000, Length: 200, Loss: 16.1784, Entropy: 1.0897, Epsilon: 0.010
2026-04-19 01:47:14 | INFO | Episode 4153 - Reward: -200.000, Length: 200, Loss: -0.0155, Entropy: 1.0933, Epsilon: 0.010
2026-04-19 01:47:15 | INFO | Episode 4154 - Reward: -200.000, Length: 200, Loss: 13.2413, Entropy: 1.0876, Epsilon: 0.010
2026-04-19 01:47:15 | INFO | Episode 4155 - Reward: -200.000, Length: 200, Loss: 11.1978, Entropy: 1.0763, Epsilon: 0.010
2026-04-19 01:47:15 | INFO | Episode 4156 - Reward: -200.000, Length: 200, Loss: 10.7994, Entropy: 1.0909, Epsilon: 0.010
2026-04-19 01:47:16 | INFO | Episode 4157 - Reward: -200.000, Length: 200, Loss: 5.0648, Entropy: 1.0939, Epsilon: 0.010
2026-04-19 01:47:16 | INFO | Episode 4158 - Reward: -200.000, Length: 200, Loss: 13.1699, Entropy: 1.0933, Epsilon: 0.010
2026-04-19 01:47:17 | INFO | Episode 4159 - Reward: -200.000, Length: 200, Loss: 19.3431, Entropy: 1.0886, Epsilon: 0.010
2026-04-19 01:47:17 | INFO | Episode 4160 - Reward: -200.000, Length: 200, Loss: 8.5366, Entropy: 1.0876, Epsilon: 0.010
2026-04-19 01:47:17 | INFO | Episode 4161 - Reward: -200.000, Length: 200, Loss: 13.7666, Entropy: 1.0888, Epsilon: 0.010
2026-04-19 01:47:18 | INFO | Episode 4162 - Reward: -200.000, Length: 200, Loss: 22.2159, Entropy: 1.0872, Epsilon: 0.010
2026-04-19 01:47:18 | INFO | Episode 4163 - Reward: -200.000, Length: 200, Loss: 5.6143, Entropy: 1.0912, Epsilon: 0.010
2026-04-19 01:47:18 | INFO | Episode 4164 - Reward: -200.000, Length: 200, Loss: 8.2356, Entropy: 1.0953, Epsilon: 0.010
2026-04-19 01:47:19 | INFO | Episode 4165 - Reward: -200.000, Length: 200, Loss: 25.0814, Entropy: 1.0821, Epsilon: 0.010
2026-04-19 01:47:19 | INFO | Episode 4166 - Reward: -200.000, Length: 200, Loss: 18.8954, Entropy: 1.0766, Epsilon: 0.010
2026-04-19 01:47:19 | INFO | Episode 4167 - Reward: -200.000, Length: 200, Loss: 13.9859, Entropy: 1.0932, Epsilon: 0.010
2026-04-19 01:47:20 | INFO | Episode 4168 - Reward: -200.000, Length: 200, Loss: 10.7862, Entropy: 1.0949, Epsilon: 0.010
2026-04-19 01:47:20 | INFO | Episode 4169 - Reward: -200.000, Length: 200, Loss: 15.1244, Entropy: 1.0811, Epsilon: 0.010
2026-04-19 01:47:20 | INFO | Episode 4170 - Reward: -200.000, Length: 200, Loss: 20.2211, Entropy: 1.0797, Epsilon: 0.010
2026-04-19 01:47:21 | INFO | Episode 4171 - Reward: -200.000, Length: 200, Loss: 5.5628, Entropy: 1.0947, Epsilon: 0.010
2026-04-19 01:47:21 | INFO | Episode 4172 - Reward: -200.000, Length: 200, Loss: 8.8389, Entropy: 1.0929, Epsilon: 0.010
2026-04-19 01:47:22 | INFO | Episode 4173 - Reward: -200.000, Length: 200, Loss: 11.5050, Entropy: 1.0931, Epsilon: 0.010
2026-04-19 01:47:22 | INFO | Episode 4174 - Reward: -200.000, Length: 200, Loss: 12.1068, Entropy: 1.0903, Epsilon: 0.010
2026-04-19 01:47:22 | INFO | Episode 4175 - Reward: -200.000, Length: 200, Loss: 20.0544, Entropy: 1.0796, Epsilon: 0.010
2026-04-19 01:47:23 | INFO | Episode 4176 - Reward: -200.000, Length: 200, Loss: 2.8359, Entropy: 1.0952, Epsilon: 0.010
2026-04-19 01:47:23 | INFO | Episode 4177 - Reward: -200.000, Length: 200, Loss: 14.3358, Entropy: 1.0858, Epsilon: 0.010
2026-04-19 01:47:23 | INFO | Episode 4178 - Reward: -200.000, Length: 200, Loss: 20.2596, Entropy: 1.0795, Epsilon: 0.010
2026-04-19 01:47:24 | INFO | Episode 4179 - Reward: -200.000, Length: 200, Loss: 13.7321, Entropy: 1.0825, Epsilon: 0.010
2026-04-19 01:47:24 | INFO | Episode 4180 - Reward: -200.000, Length: 200, Loss: 11.1226, Entropy: 1.0780, Epsilon: 0.010
2026-04-19 01:47:24 | INFO | Episode 4181 - Reward: -200.000, Length: 200, Loss: 6.1595, Entropy: 1.0896, Epsilon: 0.010
2026-04-19 01:47:25 | INFO | Episode 4182 - Reward: -200.000, Length: 200, Loss: 5.8838, Entropy: 1.0950, Epsilon: 0.010
2026-04-19 01:47:25 | INFO | Episode 4183 - Reward: -200.000, Length: 200, Loss: 6.0251, Entropy: 1.0918, Epsilon: 0.010
2026-04-19 01:47:25 | INFO | Episode 4184 - Reward: -200.000, Length: 200, Loss: 20.7560, Entropy: 1.0738, Epsilon: 0.010
2026-04-19 01:47:26 | INFO | Episode 4185 - Reward: -200.000, Length: 200, Loss: 5.9760, Entropy: 1.0742, Epsilon: 0.010
2026-04-19 01:47:26 | INFO | Episode 4186 - Reward: -200.000, Length: 200, Loss: 13.9534, Entropy: 1.0895, Epsilon: 0.010
2026-04-19 01:47:27 | INFO | Episode 4187 - Reward: -200.000, Length: 200, Loss: 17.5278, Entropy: 1.0868, Epsilon: 0.010
2026-04-19 01:47:27 | INFO | Episode 4188 - Reward: -200.000, Length: 200, Loss: 3.0983, Entropy: 1.0950, Epsilon: 0.010
2026-04-19 01:47:27 | INFO | Episode 4189 - Reward: -200.000, Length: 200, Loss: 15.1187, Entropy: 1.0953, Epsilon: 0.010
2026-04-19 01:47:28 | INFO | Episode 4190 - Reward: -200.000, Length: 200, Loss: 3.2415, Entropy: 1.0957, Epsilon: 0.010
2026-04-19 01:47:28 | INFO | Episode 4191 - Reward: -200.000, Length: 200, Loss: 20.8198, Entropy: 1.0671, Epsilon: 0.010
2026-04-19 01:47:28 | INFO | Episode 4192 - Reward: -200.000, Length: 200, Loss: 8.7183, Entropy: 1.0813, Epsilon: 0.010
2026-04-19 01:47:29 | INFO | Episode 4193 - Reward: -200.000, Length: 200, Loss: 14.9569, Entropy: 1.0898, Epsilon: 0.010
2026-04-19 01:47:29 | INFO | Episode 4194 - Reward: -200.000, Length: 200, Loss: 23.8333, Entropy: 1.0921, Epsilon: 0.010
2026-04-19 01:47:29 | INFO | Episode 4195 - Reward: -200.000, Length: 200, Loss: 17.9731, Entropy: 1.0861, Epsilon: 0.010
2026-04-19 01:47:30 | INFO | Episode 4196 - Reward: -200.000, Length: 200, Loss: 30.1628, Entropy: 1.0816, Epsilon: 0.010
2026-04-19 01:47:30 | INFO | Episode 4197 - Reward: -200.000, Length: 200, Loss: 11.8397, Entropy: 1.0785, Epsilon: 0.010
2026-04-19 01:47:30 | INFO | Episode 4198 - Reward: -200.000, Length: 200, Loss: 9.3042, Entropy: 1.0881, Epsilon: 0.010
2026-04-19 01:47:31 | INFO | Episode 4199 - Reward: -200.000, Length: 200, Loss: 14.5317, Entropy: 1.0839, Epsilon: 0.010
2026-04-19 01:47:31 | INFO | Episode 4200 - Reward: -200.000, Length: 200, Loss: 12.3551, Entropy: 1.0871, Epsilon: 0.010
2026-04-19 01:47:36 | INFO | [Episode 4200] eps=0.010  avg_reward=-200.000  avg_length=200.00  avg_loss= 13.1869  avg_entropy=1.0871  eval_success=0.000
2026-04-19 01:47:36 | INFO | Episode 4201 - Reward: -200.000, Length: 200, Loss: 21.9367, Entropy: 1.0769, Epsilon: 0.010
2026-04-19 01:47:37 | INFO | Episode 4202 - Reward: -200.000, Length: 200, Loss: 15.3118, Entropy: 1.0883, Epsilon: 0.010
2026-04-19 01:47:37 | INFO | Episode 4203 - Reward: -200.000, Length: 200, Loss: 31.4683, Entropy: 1.0735, Epsilon: 0.010
2026-04-19 01:47:37 | INFO | Episode 4204 - Reward: -200.000, Length: 200, Loss: 22.5208, Entropy: 1.0860, Epsilon: 0.010
2026-04-19 01:47:38 | INFO | Episode 4205 - Reward: -200.000, Length: 200, Loss: 15.8088, Entropy: 1.0874, Epsilon: 0.010
2026-04-19 01:47:38 | INFO | Episode 4206 - Reward: -200.000, Length: 200, Loss: 22.3685, Entropy: 1.0934, Epsilon: 0.010
2026-04-19 01:47:38 | INFO | Episode 4207 - Reward: -200.000, Length: 200, Loss: 19.1695, Entropy: 1.0925, Epsilon: 0.010
2026-04-19 01:47:39 | INFO | Episode 4208 - Reward: -200.000, Length: 200, Loss: 15.5900, Entropy: 1.0902, Epsilon: 0.010
2026-04-19 01:47:39 | INFO | Episode 4209 - Reward: -200.000, Length: 200, Loss: 20.8153, Entropy: 1.0642, Epsilon: 0.010
2026-04-19 01:47:40 | INFO | Episode 4210 - Reward: -200.000, Length: 200, Loss: 21.3818, Entropy: 1.0844, Epsilon: 0.010
2026-04-19 01:47:40 | INFO | Episode 4211 - Reward: -200.000, Length: 200, Loss: 17.5037, Entropy: 1.0680, Epsilon: 0.010
2026-04-19 01:47:40 | INFO | Episode 4212 - Reward: -200.000, Length: 200, Loss: 18.1238, Entropy: 1.0744, Epsilon: 0.010
2026-04-19 01:47:41 | INFO | Episode 4213 - Reward: -200.000, Length: 200, Loss: 9.5134, Entropy: 1.0912, Epsilon: 0.010
2026-04-19 01:47:41 | INFO | Episode 4214 - Reward: -200.000, Length: 200, Loss: 18.4572, Entropy: 1.0557, Epsilon: 0.010
2026-04-19 01:47:41 | INFO | Episode 4215 - Reward: -200.000, Length: 200, Loss: 24.0611, Entropy: 1.0649, Epsilon: 0.010
2026-04-19 01:47:42 | INFO | Episode 4216 - Reward: -200.000, Length: 200, Loss: 18.1981, Entropy: 1.0871, Epsilon: 0.010
2026-04-19 01:47:42 | INFO | Episode 4217 - Reward: -200.000, Length: 200, Loss: 27.3586, Entropy: 1.0796, Epsilon: 0.010
2026-04-19 01:47:42 | INFO | Episode 4218 - Reward: -200.000, Length: 200, Loss: 8.9874, Entropy: 1.0936, Epsilon: 0.010
2026-04-19 01:47:43 | INFO | Episode 4219 - Reward: -200.000, Length: 200, Loss: 15.2072, Entropy: 1.0889, Epsilon: 0.010
2026-04-19 01:47:43 | INFO | Episode 4220 - Reward: -200.000, Length: 200, Loss: 15.2635, Entropy: 1.0942, Epsilon: 0.010
2026-04-19 01:47:43 | INFO | Episode 4221 - Reward: -200.000, Length: 200, Loss: 11.6521, Entropy: 1.0876, Epsilon: 0.010
2026-04-19 01:47:44 | INFO | Episode 4222 - Reward: -200.000, Length: 200, Loss: 18.1124, Entropy: 1.0853, Epsilon: 0.010
2026-04-19 01:47:44 | INFO | Episode 4223 - Reward: -200.000, Length: 200, Loss: 14.8163, Entropy: 1.0809, Epsilon: 0.010
2026-04-19 01:47:44 | INFO | Episode 4224 - Reward: -200.000, Length: 200, Loss: 21.4155, Entropy: 1.0935, Epsilon: 0.010
2026-04-19 01:47:45 | INFO | Episode 4225 - Reward: -200.000, Length: 200, Loss: 11.9441, Entropy: 1.0871, Epsilon: 0.010
2026-04-19 01:47:45 | INFO | Episode 4226 - Reward: -200.000, Length: 200, Loss: 12.7773, Entropy: 1.0903, Epsilon: 0.010
2026-04-19 01:47:46 | INFO | Episode 4227 - Reward: -200.000, Length: 200, Loss: 17.7947, Entropy: 1.0762, Epsilon: 0.010
2026-04-19 01:47:46 | INFO | Episode 4228 - Reward: -200.000, Length: 200, Loss: 18.5421, Entropy: 1.0886, Epsilon: 0.010
2026-04-19 01:47:46 | INFO | Episode 4229 - Reward: -200.000, Length: 200, Loss: 12.6060, Entropy: 1.0887, Epsilon: 0.010
2026-04-19 01:47:47 | INFO | Episode 4230 - Reward: -200.000, Length: 200, Loss: 3.2578, Entropy: 1.0949, Epsilon: 0.010
2026-04-19 01:47:47 | INFO | Episode 4231 - Reward: -200.000, Length: 200, Loss: 22.4971, Entropy: 1.0521, Epsilon: 0.010
2026-04-19 01:47:47 | INFO | Episode 4232 - Reward: -200.000, Length: 200, Loss: 22.0835, Entropy: 1.0785, Epsilon: 0.010
2026-04-19 01:47:48 | INFO | Episode 4233 - Reward: -200.000, Length: 200, Loss: 15.2966, Entropy: 1.0895, Epsilon: 0.010
2026-04-19 01:47:48 | INFO | Episode 4234 - Reward: -200.000, Length: 200, Loss: 12.7717, Entropy: 1.0895, Epsilon: 0.010
2026-04-19 01:47:48 | INFO | Episode 4235 - Reward: -200.000, Length: 200, Loss: 19.5183, Entropy: 1.0830, Epsilon: 0.010
2026-04-19 01:47:49 | INFO | Episode 4236 - Reward: -200.000, Length: 200, Loss: 13.2320, Entropy: 1.0856, Epsilon: 0.010
2026-04-19 01:47:49 | INFO | Episode 4237 - Reward: -200.000, Length: 200, Loss: 22.0146, Entropy: 1.0895, Epsilon: 0.010
2026-04-19 01:47:49 | INFO | Episode 4238 - Reward: -200.000, Length: 200, Loss: 12.5603, Entropy: 1.0942, Epsilon: 0.010
2026-04-19 01:47:50 | INFO | Episode 4239 - Reward: -200.000, Length: 200, Loss: 22.1409, Entropy: 1.0783, Epsilon: 0.010
2026-04-19 01:47:50 | INFO | Episode 4240 - Reward: -200.000, Length: 200, Loss: 28.6154, Entropy: 1.0635, Epsilon: 0.010
2026-04-19 01:47:51 | INFO | Episode 4241 - Reward: -200.000, Length: 200, Loss: 20.5991, Entropy: 1.0768, Epsilon: 0.010
2026-04-19 01:47:51 | INFO | Episode 4242 - Reward: -200.000, Length: 200, Loss: 20.8727, Entropy: 1.0855, Epsilon: 0.010
2026-04-19 01:47:51 | INFO | Episode 4243 - Reward: -200.000, Length: 200, Loss: 21.2854, Entropy: 1.0861, Epsilon: 0.010
2026-04-19 01:47:52 | INFO | Episode 4244 - Reward: -200.000, Length: 200, Loss: 21.3899, Entropy: 1.0772, Epsilon: 0.010
2026-04-19 01:47:52 | INFO | Episode 4245 - Reward: -200.000, Length: 200, Loss: 11.6679, Entropy: 1.0930, Epsilon: 0.010
2026-04-19 01:47:52 | INFO | Episode 4246 - Reward: -200.000, Length: 200, Loss: 17.8033, Entropy: 1.0793, Epsilon: 0.010
2026-04-19 01:47:53 | INFO | Episode 4247 - Reward: -200.000, Length: 200, Loss: 13.8912, Entropy: 1.0730, Epsilon: 0.010
2026-04-19 01:47:53 | INFO | Episode 4248 - Reward: -200.000, Length: 200, Loss: 6.3180, Entropy: 1.0900, Epsilon: 0.010
2026-04-19 01:47:53 | INFO | Episode 4249 - Reward: -200.000, Length: 200, Loss: 14.9632, Entropy: 1.0919, Epsilon: 0.010
2026-04-19 01:47:54 | INFO | Episode 4250 - Reward: -200.000, Length: 200, Loss: 20.9019, Entropy: 1.0888, Epsilon: 0.010
2026-04-19 01:47:54 | INFO | Episode 4251 - Reward: -200.000, Length: 200, Loss: 11.8350, Entropy: 1.0874, Epsilon: 0.010
2026-04-19 01:47:54 | INFO | Episode 4252 - Reward: -200.000, Length: 200, Loss: 3.0607, Entropy: 1.0934, Epsilon: 0.010
2026-04-19 01:47:55 | INFO | Episode 4253 - Reward: -200.000, Length: 200, Loss: 17.8234, Entropy: 1.0791, Epsilon: 0.010
2026-04-19 01:47:55 | INFO | Episode 4254 - Reward: -200.000, Length: 200, Loss: 5.7627, Entropy: 1.0933, Epsilon: 0.010
2026-04-19 01:47:56 | INFO | Episode 4255 - Reward: -200.000, Length: 200, Loss: 5.4850, Entropy: 1.0916, Epsilon: 0.010
2026-04-19 01:47:56 | INFO | Episode 4256 - Reward: -200.000, Length: 200, Loss: 29.7306, Entropy: 1.0814, Epsilon: 0.010
2026-04-19 01:47:56 | INFO | Episode 4257 - Reward: -200.000, Length: 200, Loss: 17.1533, Entropy: 1.0912, Epsilon: 0.010
2026-04-19 01:47:57 | INFO | Episode 4258 - Reward: -200.000, Length: 200, Loss: 18.0655, Entropy: 1.0732, Epsilon: 0.010
2026-04-19 01:47:57 | INFO | Episode 4259 - Reward: -200.000, Length: 200, Loss: 9.3063, Entropy: 1.0713, Epsilon: 0.010
2026-04-19 01:47:57 | INFO | Episode 4260 - Reward: -200.000, Length: 200, Loss: 16.0588, Entropy: 1.0708, Epsilon: 0.010
2026-04-19 01:47:58 | INFO | Episode 4261 - Reward: -200.000, Length: 200, Loss: 19.3952, Entropy: 1.0719, Epsilon: 0.010
2026-04-19 01:47:58 | INFO | Episode 4262 - Reward: -200.000, Length: 200, Loss: 11.3595, Entropy: 1.0781, Epsilon: 0.010
2026-04-19 01:47:58 | INFO | Episode 4263 - Reward: -200.000, Length: 200, Loss: 8.5890, Entropy: 1.0943, Epsilon: 0.010
2026-04-19 01:47:59 | INFO | Episode 4264 - Reward: -200.000, Length: 200, Loss: 8.7449, Entropy: 1.0914, Epsilon: 0.010
2026-04-19 01:47:59 | INFO | Episode 4265 - Reward: -200.000, Length: 200, Loss: 11.2571, Entropy: 1.0968, Epsilon: 0.010
2026-04-19 01:47:59 | INFO | Episode 4266 - Reward: -200.000, Length: 200, Loss: 27.8582, Entropy: 1.0358, Epsilon: 0.010
2026-04-19 01:48:00 | INFO | Episode 4267 - Reward: -200.000, Length: 200, Loss: 24.5962, Entropy: 1.0747, Epsilon: 0.010
2026-04-19 01:48:00 | INFO | Episode 4268 - Reward: -200.000, Length: 200, Loss: 20.3478, Entropy: 1.0651, Epsilon: 0.010
2026-04-19 01:48:00 | INFO | Episode 4269 - Reward: -200.000, Length: 200, Loss: 22.7929, Entropy: 1.0633, Epsilon: 0.010
2026-04-19 01:48:01 | INFO | Episode 4270 - Reward: -200.000, Length: 200, Loss: 9.2989, Entropy: 1.0747, Epsilon: 0.010
2026-04-19 01:48:01 | INFO | Episode 4271 - Reward: -200.000, Length: 200, Loss: 22.7726, Entropy: 1.0814, Epsilon: 0.010
2026-04-19 01:48:01 | INFO | Episode 4272 - Reward: -200.000, Length: 200, Loss: 12.0561, Entropy: 1.0921, Epsilon: 0.010
2026-04-19 01:48:02 | INFO | Episode 4273 - Reward: -200.000, Length: 200, Loss: 18.0483, Entropy: 1.0865, Epsilon: 0.010
2026-04-19 01:48:02 | INFO | Episode 4274 - Reward: -200.000, Length: 200, Loss: 12.1439, Entropy: 1.0757, Epsilon: 0.010
2026-04-19 01:48:03 | INFO | Episode 4275 - Reward: -200.000, Length: 200, Loss: 14.5129, Entropy: 1.0886, Epsilon: 0.010
2026-04-19 01:48:03 | INFO | Episode 4276 - Reward: -200.000, Length: 200, Loss: 5.7842, Entropy: 1.0926, Epsilon: 0.010
2026-04-19 01:48:03 | INFO | Episode 4277 - Reward: -200.000, Length: 200, Loss: 17.6992, Entropy: 1.0728, Epsilon: 0.010
2026-04-19 01:48:04 | INFO | Episode 4278 - Reward: -200.000, Length: 200, Loss: 6.0527, Entropy: 1.0941, Epsilon: 0.010
2026-04-19 01:48:04 | INFO | Episode 4279 - Reward: -200.000, Length: 200, Loss: 26.6027, Entropy: 1.0777, Epsilon: 0.010
2026-04-19 01:48:04 | INFO | Episode 4280 - Reward: -200.000, Length: 200, Loss: 8.9782, Entropy: 1.0842, Epsilon: 0.010
2026-04-19 01:48:05 | INFO | Episode 4281 - Reward: -200.000, Length: 200, Loss: 17.6601, Entropy: 1.0780, Epsilon: 0.010
2026-04-19 01:48:05 | INFO | Episode 4282 - Reward: -200.000, Length: 200, Loss: 18.8705, Entropy: 1.0685, Epsilon: 0.010
2026-04-19 01:48:05 | INFO | Episode 4283 - Reward: -200.000, Length: 200, Loss: 24.9695, Entropy: 1.0470, Epsilon: 0.010
2026-04-19 01:48:06 | INFO | Episode 4284 - Reward: -200.000, Length: 200, Loss: 21.2443, Entropy: 1.0004, Epsilon: 0.010
2026-04-19 01:48:06 | INFO | Episode 4285 - Reward: -200.000, Length: 200, Loss: 38.3970, Entropy: 1.0047, Epsilon: 0.010
2026-04-19 01:48:06 | INFO | Episode 4286 - Reward: -200.000, Length: 200, Loss: 23.5054, Entropy: 1.0440, Epsilon: 0.010
2026-04-19 01:48:07 | INFO | Episode 4287 - Reward: -200.000, Length: 200, Loss: 7.4557, Entropy: 1.0968, Epsilon: 0.010
2026-04-19 01:48:07 | INFO | Episode 4288 - Reward: -200.000, Length: 200, Loss: 15.6733, Entropy: 1.0900, Epsilon: 0.010
2026-04-19 01:48:07 | INFO | Episode 4289 - Reward: -200.000, Length: 200, Loss: 18.7866, Entropy: 1.0810, Epsilon: 0.010
2026-04-19 01:48:08 | INFO | Episode 4290 - Reward: -200.000, Length: 200, Loss: 18.5265, Entropy: 1.0815, Epsilon: 0.010
2026-04-19 01:48:08 | INFO | Episode 4291 - Reward: -200.000, Length: 200, Loss: 16.0791, Entropy: 1.0798, Epsilon: 0.010
2026-04-19 01:48:08 | INFO | Episode 4292 - Reward: -200.000, Length: 200, Loss: 15.8193, Entropy: 1.0906, Epsilon: 0.010
2026-04-19 01:48:09 | INFO | Episode 4293 - Reward: -200.000, Length: 200, Loss: 5.0568, Entropy: 1.0964, Epsilon: 0.010
2026-04-19 01:48:09 | INFO | Episode 4294 - Reward: -200.000, Length: 200, Loss: 12.8524, Entropy: 1.0839, Epsilon: 0.010
2026-04-19 01:48:10 | INFO | Episode 4295 - Reward: -200.000, Length: 200, Loss: 10.2488, Entropy: 1.0929, Epsilon: 0.010
2026-04-19 01:48:10 | INFO | Episode 4296 - Reward: -200.000, Length: 200, Loss: 20.7296, Entropy: 1.0838, Epsilon: 0.010
2026-04-19 01:48:10 | INFO | Episode 4297 - Reward: -200.000, Length: 200, Loss: 12.4264, Entropy: 1.0907, Epsilon: 0.010
2026-04-19 01:48:11 | INFO | Episode 4298 - Reward: -200.000, Length: 200, Loss: 12.5728, Entropy: 1.0843, Epsilon: 0.010
2026-04-19 01:48:11 | INFO | Episode 4299 - Reward: -200.000, Length: 200, Loss: 8.0484, Entropy: 1.0935, Epsilon: 0.010
2026-04-19 01:48:11 | INFO | Episode 4300 - Reward: -200.000, Length: 200, Loss: 21.0965, Entropy: 1.0893, Epsilon: 0.010
2026-04-19 01:48:16 | INFO | [Episode 4300] eps=0.010  avg_reward=-200.000  avg_length=200.00  avg_loss= 16.6558  avg_entropy=1.0893  eval_success=0.000
2026-04-19 01:48:16 | INFO | Episode 4301 - Reward: -200.000, Length: 200, Loss: 8.0894, Entropy: 1.0937, Epsilon: 0.010
2026-04-19 01:48:17 | INFO | Episode 4302 - Reward: -200.000, Length: 200, Loss: 10.3208, Entropy: 1.0943, Epsilon: 0.010
2026-04-19 01:48:17 | INFO | Episode 4303 - Reward: -200.000, Length: 200, Loss: 10.9824, Entropy: 1.0873, Epsilon: 0.010
2026-04-19 01:48:17 | INFO | Episode 4304 - Reward: -200.000, Length: 200, Loss: 31.8937, Entropy: 1.0627, Epsilon: 0.010
2026-04-19 01:48:18 | INFO | Episode 4305 - Reward: -200.000, Length: 200, Loss: 20.9772, Entropy: 1.0809, Epsilon: 0.010
2026-04-19 01:48:18 | INFO | Episode 4306 - Reward: -200.000, Length: 200, Loss: 18.0100, Entropy: 1.0863, Epsilon: 0.010
2026-04-19 01:48:19 | INFO | Episode 4307 - Reward: -200.000, Length: 200, Loss: 15.7741, Entropy: 1.0894, Epsilon: 0.010
2026-04-19 01:48:19 | INFO | Episode 4308 - Reward: -200.000, Length: 200, Loss: 5.5433, Entropy: 1.0904, Epsilon: 0.010
2026-04-19 01:48:19 | INFO | Episode 4309 - Reward: -200.000, Length: 200, Loss: 13.5730, Entropy: 1.0757, Epsilon: 0.010
2026-04-19 01:48:20 | INFO | Episode 4310 - Reward: -200.000, Length: 200, Loss: 7.4385, Entropy: 1.0880, Epsilon: 0.010
2026-04-19 01:48:20 | INFO | Episode 4311 - Reward: -200.000, Length: 200, Loss: 13.3936, Entropy: 1.0927, Epsilon: 0.010
2026-04-19 01:48:20 | INFO | Episode 4312 - Reward: -200.000, Length: 200, Loss: 4.9841, Entropy: 1.0946, Epsilon: 0.010
2026-04-19 01:48:21 | INFO | Episode 4313 - Reward: -200.000, Length: 200, Loss: 12.5344, Entropy: 1.0875, Epsilon: 0.010
2026-04-19 01:48:21 | INFO | Episode 4314 - Reward: -200.000, Length: 200, Loss: 23.8552, Entropy: 1.0866, Epsilon: 0.010
2026-04-19 01:48:21 | INFO | Episode 4315 - Reward: -200.000, Length: 200, Loss: 5.4835, Entropy: 1.0950, Epsilon: 0.010
2026-04-19 01:48:22 | INFO | Episode 4316 - Reward: -200.000, Length: 200, Loss: 7.9845, Entropy: 1.0930, Epsilon: 0.010
2026-04-19 01:48:22 | INFO | Episode 4317 - Reward: -200.000, Length: 200, Loss: 21.5604, Entropy: 1.0825, Epsilon: 0.010
2026-04-19 01:48:22 | INFO | Episode 4318 - Reward: -200.000, Length: 200, Loss: 10.8574, Entropy: 1.0798, Epsilon: 0.010
2026-04-19 01:48:23 | INFO | Episode 4319 - Reward: -200.000, Length: 200, Loss: 16.0904, Entropy: 1.0884, Epsilon: 0.010
2026-04-19 01:48:23 | INFO | Episode 4320 - Reward: -200.000, Length: 200, Loss: 21.6365, Entropy: 1.0868, Epsilon: 0.010
2026-04-19 01:48:24 | INFO | Episode 4321 - Reward: -200.000, Length: 200, Loss: 16.1111, Entropy: 1.0724, Epsilon: 0.010
2026-04-19 01:48:24 | INFO | Episode 4322 - Reward: -200.000, Length: 200, Loss: 16.0839, Entropy: 1.0862, Epsilon: 0.010
2026-04-19 01:48:24 | INFO | Episode 4323 - Reward: -200.000, Length: 200, Loss: 12.9408, Entropy: 1.0917, Epsilon: 0.010
2026-04-19 01:48:25 | INFO | Episode 4324 - Reward: -200.000, Length: 200, Loss: 12.9802, Entropy: 1.0818, Epsilon: 0.010
2026-04-19 01:48:25 | INFO | Episode 4325 - Reward: -200.000, Length: 200, Loss: 5.0856, Entropy: 1.0826, Epsilon: 0.010
2026-04-19 01:48:25 | INFO | Episode 4326 - Reward: -200.000, Length: 200, Loss: 26.7766, Entropy: 1.0873, Epsilon: 0.010
2026-04-19 01:48:26 | INFO | Episode 4327 - Reward: -200.000, Length: 200, Loss: 13.2942, Entropy: 1.0858, Epsilon: 0.010
2026-04-19 01:48:26 | INFO | Episode 4328 - Reward: -200.000, Length: 200, Loss: 7.9406, Entropy: 1.0773, Epsilon: 0.010
2026-04-19 01:48:26 | INFO | Episode 4329 - Reward: -200.000, Length: 200, Loss: 10.5680, Entropy: 1.0907, Epsilon: 0.010
2026-04-19 01:48:27 | INFO | Episode 4330 - Reward: -200.000, Length: 200, Loss: 13.9618, Entropy: 1.0899, Epsilon: 0.010
2026-04-19 01:48:27 | INFO | Episode 4331 - Reward: -200.000, Length: 200, Loss: 11.0115, Entropy: 1.0784, Epsilon: 0.010
2026-04-19 01:48:27 | INFO | Episode 4332 - Reward: -200.000, Length: 200, Loss: 8.3887, Entropy: 1.0824, Epsilon: 0.010
2026-04-19 01:48:28 | INFO | Episode 4333 - Reward: -200.000, Length: 200, Loss: 10.8515, Entropy: 1.0697, Epsilon: 0.010
2026-04-19 01:48:28 | INFO | Episode 4334 - Reward: -200.000, Length: 200, Loss: 18.2231, Entropy: 1.0619, Epsilon: 0.010
2026-04-19 01:48:29 | INFO | Episode 4335 - Reward: -200.000, Length: 200, Loss: 22.2618, Entropy: 1.0696, Epsilon: 0.010
2026-04-19 01:48:29 | INFO | Episode 4336 - Reward: -200.000, Length: 200, Loss: 7.9035, Entropy: 1.0717, Epsilon: 0.010
2026-04-19 01:48:29 | INFO | Episode 4337 - Reward: -200.000, Length: 200, Loss: 14.8339, Entropy: 1.0917, Epsilon: 0.010
2026-04-19 01:48:30 | INFO | Episode 4338 - Reward: -200.000, Length: 200, Loss: 18.0787, Entropy: 1.0927, Epsilon: 0.010
2026-04-19 01:48:30 | INFO | Episode 4339 - Reward: -200.000, Length: 200, Loss: 13.3290, Entropy: 1.0905, Epsilon: 0.010
2026-04-19 01:48:30 | INFO | Episode 4340 - Reward: -200.000, Length: 200, Loss: 12.9530, Entropy: 1.0876, Epsilon: 0.010
2026-04-19 01:48:31 | INFO | Episode 4341 - Reward: -200.000, Length: 200, Loss: 20.2040, Entropy: 1.0932, Epsilon: 0.010
2026-04-19 01:48:31 | INFO | Episode 4342 - Reward: -200.000, Length: 200, Loss: 7.7153, Entropy: 1.0927, Epsilon: 0.010
2026-04-19 01:48:31 | INFO | Episode 4343 - Reward: -200.000, Length: 200, Loss: 15.5644, Entropy: 1.0894, Epsilon: 0.010
2026-04-19 01:48:32 | INFO | Episode 4344 - Reward: -200.000, Length: 200, Loss: 5.5095, Entropy: 1.0939, Epsilon: 0.010
2026-04-19 01:48:32 | INFO | Episode 4345 - Reward: -200.000, Length: 200, Loss: 5.3174, Entropy: 1.0946, Epsilon: 0.010
2026-04-19 01:48:32 | INFO | Episode 4346 - Reward: -200.000, Length: 200, Loss: 13.5872, Entropy: 1.0950, Epsilon: 0.010
2026-04-19 01:48:33 | INFO | Episode 4347 - Reward: -200.000, Length: 200, Loss: 15.4145, Entropy: 1.0913, Epsilon: 0.010
2026-04-19 01:48:33 | INFO | Episode 4348 - Reward: -200.000, Length: 200, Loss: 7.9278, Entropy: 1.0927, Epsilon: 0.010
2026-04-19 01:48:33 | INFO | Episode 4349 - Reward: -200.000, Length: 200, Loss: 5.0103, Entropy: 1.0951, Epsilon: 0.010
2026-04-19 01:48:34 | INFO | Episode 4350 - Reward: -200.000, Length: 200, Loss: 8.5029, Entropy: 1.0845, Epsilon: 0.010
2026-04-19 01:48:34 | INFO | Episode 4351 - Reward: -200.000, Length: 200, Loss: 18.8487, Entropy: 1.0919, Epsilon: 0.010
2026-04-19 01:48:35 | INFO | Episode 4352 - Reward: -200.000, Length: 200, Loss: 13.4684, Entropy: 1.0939, Epsilon: 0.010
2026-04-19 01:48:35 | INFO | Episode 4353 - Reward: -200.000, Length: 200, Loss: 24.0817, Entropy: 1.0537, Epsilon: 0.010
2026-04-19 01:48:35 | INFO | Episode 4354 - Reward: -200.000, Length: 200, Loss: 10.3392, Entropy: 1.0687, Epsilon: 0.010
2026-04-19 01:48:36 | INFO | Episode 4355 - Reward: -200.000, Length: 200, Loss: 7.8798, Entropy: 1.0945, Epsilon: 0.010
2026-04-19 01:48:36 | INFO | Episode 4356 - Reward: -200.000, Length: 200, Loss: 2.6835, Entropy: 1.0949, Epsilon: 0.010
2026-04-19 01:48:36 | INFO | Episode 4357 - Reward: -200.000, Length: 200, Loss: 5.0622, Entropy: 1.0950, Epsilon: 0.010
2026-04-19 01:48:37 | INFO | Episode 4358 - Reward: -200.000, Length: 200, Loss: 23.7946, Entropy: 1.0809, Epsilon: 0.010
2026-04-19 01:48:37 | INFO | Episode 4359 - Reward: -200.000, Length: 200, Loss: 10.3031, Entropy: 1.0884, Epsilon: 0.010
2026-04-19 01:48:37 | INFO | Episode 4360 - Reward: -200.000, Length: 200, Loss: 18.1602, Entropy: 1.0913, Epsilon: 0.010
2026-04-19 01:48:38 | INFO | Episode 4361 - Reward: -200.000, Length: 200, Loss: 7.9135, Entropy: 1.0880, Epsilon: 0.010
2026-04-19 01:48:38 | INFO | Episode 4362 - Reward: -200.000, Length: 200, Loss: 18.5897, Entropy: 1.0894, Epsilon: 0.010
2026-04-19 01:48:38 | INFO | Episode 4363 - Reward: -200.000, Length: 200, Loss: 10.6519, Entropy: 1.0902, Epsilon: 0.010
2026-04-19 01:48:39 | INFO | Episode 4364 - Reward: -200.000, Length: 200, Loss: 7.7222, Entropy: 1.0941, Epsilon: 0.010
2026-04-19 01:48:39 | INFO | Episode 4365 - Reward: -200.000, Length: 200, Loss: 7.7554, Entropy: 1.0924, Epsilon: 0.010
2026-04-19 01:48:39 | INFO | Episode 4366 - Reward: -200.000, Length: 200, Loss: 2.7730, Entropy: 1.0964, Epsilon: 0.010
2026-04-19 01:48:40 | INFO | Episode 4367 - Reward: -200.000, Length: 200, Loss: 2.5836, Entropy: 1.0961, Epsilon: 0.010
2026-04-19 01:48:40 | INFO | Episode 4368 - Reward: -200.000, Length: 200, Loss: 13.1367, Entropy: 1.0924, Epsilon: 0.010
2026-04-19 01:48:40 | INFO | Episode 4369 - Reward: -200.000, Length: 200, Loss: 7.6442, Entropy: 1.0900, Epsilon: 0.010
2026-04-19 01:48:41 | INFO | Episode 4370 - Reward: -200.000, Length: 200, Loss: 10.5069, Entropy: 1.0949, Epsilon: 0.010
2026-04-19 01:48:41 | INFO | Episode 4371 - Reward: -200.000, Length: 200, Loss: 4.9075, Entropy: 1.0907, Epsilon: 0.010
2026-04-19 01:48:42 | INFO | Episode 4372 - Reward: -200.000, Length: 200, Loss: 16.5301, Entropy: 1.0742, Epsilon: 0.010
2026-04-19 01:48:42 | INFO | Episode 4373 - Reward: -200.000, Length: 200, Loss: 16.5458, Entropy: 1.0769, Epsilon: 0.010
2026-04-19 01:48:42 | INFO | Episode 4374 - Reward: -200.000, Length: 200, Loss: 8.2534, Entropy: 1.0829, Epsilon: 0.010
2026-04-19 01:48:43 | INFO | Episode 4375 - Reward: -200.000, Length: 200, Loss: 11.3511, Entropy: 1.0919, Epsilon: 0.010
2026-04-19 01:48:43 | INFO | Episode 4376 - Reward: -200.000, Length: 200, Loss: 11.0716, Entropy: 1.0905, Epsilon: 0.010
2026-04-19 01:48:43 | INFO | Episode 4377 - Reward: -200.000, Length: 200, Loss: 14.2643, Entropy: 1.0841, Epsilon: 0.010
2026-04-19 01:48:44 | INFO | Episode 4378 - Reward: -200.000, Length: 200, Loss: 19.5693, Entropy: 1.0816, Epsilon: 0.010
2026-04-19 01:48:44 | INFO | Episode 4379 - Reward: -200.000, Length: 200, Loss: 16.8678, Entropy: 1.0563, Epsilon: 0.010
2026-04-19 01:48:44 | INFO | Episode 4380 - Reward: -200.000, Length: 200, Loss: 11.4218, Entropy: 1.0801, Epsilon: 0.010
2026-04-19 01:48:46 | INFO | Episode 4381 - Reward: -200.000, Length: 200, Loss: 28.7951, Entropy: 1.0204, Epsilon: 0.010
2026-04-19 01:48:47 | INFO | Episode 4382 - Reward: -200.000, Length: 200, Loss: 8.2054, Entropy: 1.0769, Epsilon: 0.010
2026-04-19 01:48:47 | INFO | Episode 4383 - Reward: -200.000, Length: 200, Loss: 11.0015, Entropy: 1.0909, Epsilon: 0.010
2026-04-19 01:48:47 | INFO | Episode 4384 - Reward: -200.000, Length: 200, Loss: 13.9442, Entropy: 1.0881, Epsilon: 0.010
2026-04-19 01:48:48 | INFO | Episode 4385 - Reward: -200.000, Length: 200, Loss: 32.5984, Entropy: 1.0507, Epsilon: 0.010
2026-04-19 01:48:48 | INFO | Episode 4386 - Reward: -200.000, Length: 200, Loss: 19.8229, Entropy: 1.0616, Epsilon: 0.010
2026-04-19 01:48:48 | INFO | Episode 4387 - Reward: -200.000, Length: 200, Loss: 13.5059, Entropy: 1.0783, Epsilon: 0.010
2026-04-19 01:48:49 | INFO | Episode 4388 - Reward: -200.000, Length: 200, Loss: 7.7666, Entropy: 1.0893, Epsilon: 0.010
2026-04-19 01:48:49 | INFO | Episode 4389 - Reward: -200.000, Length: 200, Loss: 23.9349, Entropy: 1.0919, Epsilon: 0.010
2026-04-19 01:48:49 | INFO | Episode 4390 - Reward: -200.000, Length: 200, Loss: 5.4248, Entropy: 1.0960, Epsilon: 0.010
2026-04-19 01:48:50 | INFO | Episode 4391 - Reward: -200.000, Length: 200, Loss: 5.3658, Entropy: 1.0905, Epsilon: 0.010
2026-04-19 01:48:50 | INFO | Episode 4392 - Reward: -200.000, Length: 200, Loss: 23.9181, Entropy: 1.0676, Epsilon: 0.010
2026-04-19 01:48:51 | INFO | Episode 4393 - Reward: -200.000, Length: 200, Loss: 10.9099, Entropy: 1.0735, Epsilon: 0.010
2026-04-19 01:48:51 | INFO | Episode 4394 - Reward: -200.000, Length: 200, Loss: 13.9079, Entropy: 1.0776, Epsilon: 0.010
2026-04-19 01:48:51 | INFO | Episode 4395 - Reward: -200.000, Length: 200, Loss: 22.3219, Entropy: 1.0750, Epsilon: 0.010
2026-04-19 01:48:52 | INFO | Episode 4396 - Reward: -200.000, Length: 200, Loss: 26.8691, Entropy: 1.0802, Epsilon: 0.010
2026-04-19 01:48:52 | INFO | Episode 4397 - Reward: -200.000, Length: 200, Loss: 11.2844, Entropy: 1.0900, Epsilon: 0.010
2026-04-19 01:48:52 | INFO | Episode 4398 - Reward: -200.000, Length: 200, Loss: 21.9377, Entropy: 1.0877, Epsilon: 0.010
2026-04-19 01:48:53 | INFO | Episode 4399 - Reward: -200.000, Length: 200, Loss: 19.1773, Entropy: 1.0864, Epsilon: 0.010
2026-04-19 01:48:53 | INFO | Episode 4400 - Reward: -200.000, Length: 200, Loss: 16.5579, Entropy: 1.0861, Epsilon: 0.010
2026-04-19 01:48:58 | INFO | [Episode 4400] eps=0.010  avg_reward=-200.000  avg_length=200.00  avg_loss= 13.5124  avg_entropy=1.0861  eval_success=0.000
2026-04-19 01:48:58 | INFO | Episode 4401 - Reward: -200.000, Length: 200, Loss: 19.5540, Entropy: 1.0589, Epsilon: 0.010
2026-04-19 01:48:59 | INFO | Episode 4402 - Reward: -200.000, Length: 200, Loss: 22.4189, Entropy: 1.0740, Epsilon: 0.010
2026-04-19 01:48:59 | INFO | Episode 4403 - Reward: -200.000, Length: 200, Loss: 16.1902, Entropy: 1.0846, Epsilon: 0.010
2026-04-19 01:48:59 | INFO | Episode 4404 - Reward: -200.000, Length: 200, Loss: 13.8316, Entropy: 1.0877, Epsilon: 0.010
2026-04-19 01:49:00 | INFO | Episode 4405 - Reward: -200.000, Length: 200, Loss: 16.6083, Entropy: 1.0884, Epsilon: 0.010
2026-04-19 01:49:00 | INFO | Episode 4406 - Reward: -200.000, Length: 200, Loss: 19.3469, Entropy: 1.0753, Epsilon: 0.010
2026-04-19 01:49:00 | INFO | Episode 4407 - Reward: -200.000, Length: 200, Loss: 30.1213, Entropy: 1.0845, Epsilon: 0.010
2026-04-19 01:49:01 | INFO | Episode 4408 - Reward: -200.000, Length: 200, Loss: 27.2896, Entropy: 1.0797, Epsilon: 0.010
2026-04-19 01:49:01 | INFO | Episode 4409 - Reward: -200.000, Length: 200, Loss: 30.3769, Entropy: 1.0831, Epsilon: 0.010
2026-04-19 01:49:01 | INFO | Episode 4410 - Reward: -200.000, Length: 200, Loss: 2.5165, Entropy: 1.0945, Epsilon: 0.010
2026-04-19 01:49:02 | INFO | Episode 4411 - Reward: -200.000, Length: 200, Loss: 7.9322, Entropy: 1.0892, Epsilon: 0.010
2026-04-19 01:49:02 | INFO | Episode 4412 - Reward: -200.000, Length: 200, Loss: 13.9518, Entropy: 1.0912, Epsilon: 0.010
2026-04-19 01:49:02 | INFO | Episode 4413 - Reward: -200.000, Length: 200, Loss: 13.7298, Entropy: 1.0918, Epsilon: 0.010
2026-04-19 01:49:03 | INFO | Episode 4414 - Reward: -200.000, Length: 200, Loss: 5.3987, Entropy: 1.0945, Epsilon: 0.010
2026-04-19 01:49:03 | INFO | Episode 4415 - Reward: -200.000, Length: 200, Loss: 5.5180, Entropy: 1.0922, Epsilon: 0.010
2026-04-19 01:49:03 | INFO | Episode 4416 - Reward: -200.000, Length: 200, Loss: 8.7702, Entropy: 1.0937, Epsilon: 0.010
2026-04-19 01:49:04 | INFO | Episode 4417 - Reward: -200.000, Length: 200, Loss: 19.6997, Entropy: 1.0735, Epsilon: 0.010
2026-04-19 01:49:04 | INFO | Episode 4418 - Reward: -200.000, Length: 200, Loss: 36.3234, Entropy: 1.0441, Epsilon: 0.010
2026-04-19 01:49:05 | INFO | Episode 4419 - Reward: -200.000, Length: 200, Loss: 13.9077, Entropy: 1.0611, Epsilon: 0.010
2026-04-19 01:49:05 | INFO | Episode 4420 - Reward: -200.000, Length: 200, Loss: 15.2560, Entropy: 1.0722, Epsilon: 0.010
2026-04-19 01:49:05 | INFO | Episode 4421 - Reward: -200.000, Length: 200, Loss: 18.8386, Entropy: 1.0933, Epsilon: 0.010
2026-04-19 01:49:06 | INFO | Episode 4422 - Reward: -200.000, Length: 200, Loss: 16.2729, Entropy: 1.0911, Epsilon: 0.010
2026-04-19 01:49:06 | INFO | Episode 4423 - Reward: -200.000, Length: 200, Loss: 7.9843, Entropy: 1.0820, Epsilon: 0.010
2026-04-19 01:49:06 | INFO | Episode 4424 - Reward: -200.000, Length: 200, Loss: 16.0049, Entropy: 1.0887, Epsilon: 0.010
2026-04-19 01:49:07 | INFO | Episode 4425 - Reward: -200.000, Length: 200, Loss: 18.3075, Entropy: 1.0905, Epsilon: 0.010
2026-04-19 01:49:07 | INFO | Episode 4426 - Reward: -200.000, Length: 200, Loss: 12.7956, Entropy: 1.0911, Epsilon: 0.010
2026-04-19 01:49:07 | INFO | Episode 4427 - Reward: -200.000, Length: 200, Loss: 16.1857, Entropy: 1.0893, Epsilon: 0.010
2026-04-19 01:49:08 | INFO | Episode 4428 - Reward: -200.000, Length: 200, Loss: 7.6980, Entropy: 1.0921, Epsilon: 0.010
2026-04-19 01:49:08 | INFO | Episode 4429 - Reward: -200.000, Length: 200, Loss: 5.0754, Entropy: 1.0933, Epsilon: 0.010
2026-04-19 01:49:08 | INFO | Episode 4430 - Reward: -200.000, Length: 200, Loss: 11.0915, Entropy: 1.0928, Epsilon: 0.010
2026-04-19 01:49:09 | INFO | Episode 4431 - Reward: -200.000, Length: 200, Loss: 5.2356, Entropy: 1.0894, Epsilon: 0.010
2026-04-19 01:49:09 | INFO | Episode 4432 - Reward: -200.000, Length: 200, Loss: 4.8984, Entropy: 1.0934, Epsilon: 0.010
2026-04-19 01:49:09 | INFO | Episode 4433 - Reward: -200.000, Length: 200, Loss: 13.3148, Entropy: 1.0939, Epsilon: 0.010
2026-04-19 01:49:10 | INFO | Episode 4434 - Reward: -200.000, Length: 200, Loss: 12.6413, Entropy: 1.0809, Epsilon: 0.010
2026-04-19 01:49:10 | INFO | Episode 4435 - Reward: -200.000, Length: 200, Loss: 19.0413, Entropy: 1.0835, Epsilon: 0.010
2026-04-19 01:49:11 | INFO | Episode 4436 - Reward: -200.000, Length: 200, Loss: 13.4674, Entropy: 1.0860, Epsilon: 0.010
2026-04-19 01:49:11 | INFO | Episode 4437 - Reward: -200.000, Length: 200, Loss: 13.6363, Entropy: 1.0744, Epsilon: 0.010
2026-04-19 01:49:11 | INFO | Episode 4438 - Reward: -200.000, Length: 200, Loss: 10.4080, Entropy: 1.0284, Epsilon: 0.010
2026-04-19 01:49:12 | INFO | Episode 4439 - Reward: -200.000, Length: 200, Loss: 10.7425, Entropy: 1.0892, Epsilon: 0.010
2026-04-19 01:49:12 | INFO | Episode 4440 - Reward: -200.000, Length: 200, Loss: 7.8246, Entropy: 1.0843, Epsilon: 0.010
2026-04-19 01:49:12 | INFO | Episode 4441 - Reward: -200.000, Length: 200, Loss: 11.0180, Entropy: 1.0835, Epsilon: 0.010
2026-04-19 01:49:13 | INFO | Episode 4442 - Reward: -200.000, Length: 200, Loss: 13.6526, Entropy: 1.0874, Epsilon: 0.010
2026-04-19 01:49:13 | INFO | Episode 4443 - Reward: -200.000, Length: 200, Loss: 10.6468, Entropy: 1.0935, Epsilon: 0.010
2026-04-19 01:49:13 | INFO | Episode 4444 - Reward: -200.000, Length: 200, Loss: 5.0394, Entropy: 1.0884, Epsilon: 0.010
2026-04-19 01:49:14 | INFO | Episode 4445 - Reward: -200.000, Length: 200, Loss: 24.4457, Entropy: 1.0923, Epsilon: 0.010
2026-04-19 01:49:14 | INFO | Episode 4446 - Reward: -200.000, Length: 200, Loss: 8.2320, Entropy: 1.0951, Epsilon: 0.010
2026-04-19 01:49:14 | INFO | Episode 4447 - Reward: -200.000, Length: 200, Loss: 21.9410, Entropy: 1.0877, Epsilon: 0.010
2026-04-19 01:49:15 | INFO | Episode 4448 - Reward: -200.000, Length: 200, Loss: 19.2167, Entropy: 1.0807, Epsilon: 0.010
2026-04-19 01:49:15 | INFO | Episode 4449 - Reward: -200.000, Length: 200, Loss: 8.0954, Entropy: 1.0886, Epsilon: 0.010
2026-04-19 01:49:15 | INFO | Episode 4450 - Reward: -200.000, Length: 200, Loss: 13.4062, Entropy: 1.0933, Epsilon: 0.010
2026-04-19 01:49:16 | INFO | Episode 4451 - Reward: -200.000, Length: 200, Loss: 13.6668, Entropy: 1.0888, Epsilon: 0.010
2026-04-19 01:49:16 | INFO | Episode 4452 - Reward: -200.000, Length: 200, Loss: 24.6741, Entropy: 1.0849, Epsilon: 0.010
2026-04-19 01:49:16 | INFO | Episode 4453 - Reward: -200.000, Length: 200, Loss: 15.9443, Entropy: 1.0785, Epsilon: 0.010
2026-04-19 01:49:17 | INFO | Episode 4454 - Reward: -200.000, Length: 200, Loss: 14.0699, Entropy: 1.0898, Epsilon: 0.010
2026-04-19 01:49:17 | INFO | Episode 4455 - Reward: -200.000, Length: 200, Loss: 5.5437, Entropy: 1.0934, Epsilon: 0.010
2026-04-19 01:49:18 | INFO | Episode 4456 - Reward: -200.000, Length: 200, Loss: 14.0414, Entropy: 1.0833, Epsilon: 0.010
2026-04-19 01:49:18 | INFO | Episode 4457 - Reward: -200.000, Length: 200, Loss: 2.5541, Entropy: 1.0948, Epsilon: 0.010
2026-04-19 01:49:18 | INFO | Episode 4458 - Reward: -200.000, Length: 200, Loss: 19.7543, Entropy: 1.0882, Epsilon: 0.010
2026-04-19 01:49:19 | INFO | Episode 4459 - Reward: -200.000, Length: 200, Loss: 8.4454, Entropy: 1.0834, Epsilon: 0.010
2026-04-19 01:49:19 | INFO | Episode 4460 - Reward: -200.000, Length: 200, Loss: 19.7562, Entropy: 1.0827, Epsilon: 0.010
2026-04-19 01:49:19 | INFO | Episode 4461 - Reward: -200.000, Length: 200, Loss: 5.4969, Entropy: 1.0952, Epsilon: 0.010
2026-04-19 01:49:20 | INFO | Episode 4462 - Reward: -200.000, Length: 200, Loss: 5.5360, Entropy: 1.0934, Epsilon: 0.010
2026-04-19 01:49:20 | INFO | Episode 4463 - Reward: -200.000, Length: 200, Loss: 11.2538, Entropy: 1.0911, Epsilon: 0.010
2026-04-19 01:49:20 | INFO | Episode 4464 - Reward: -200.000, Length: 200, Loss: 13.8043, Entropy: 1.0875, Epsilon: 0.010
2026-04-19 01:49:21 | INFO | Episode 4465 - Reward: -200.000, Length: 200, Loss: 11.4464, Entropy: 1.0913, Epsilon: 0.010
2026-04-19 01:49:21 | INFO | Episode 4466 - Reward: -200.000, Length: 200, Loss: 8.5590, Entropy: 1.0844, Epsilon: 0.010
2026-04-19 01:49:21 | INFO | Episode 4467 - Reward: -200.000, Length: 200, Loss: -0.1066, Entropy: 1.0974, Epsilon: 0.010
2026-04-19 01:49:22 | INFO | Episode 4468 - Reward: -200.000, Length: 200, Loss: 5.6848, Entropy: 1.0936, Epsilon: 0.010
2026-04-19 01:49:22 | INFO | Episode 4469 - Reward: -200.000, Length: 200, Loss: 5.4997, Entropy: 1.0938, Epsilon: 0.010
2026-04-19 01:49:22 | INFO | Episode 4470 - Reward: -200.000, Length: 200, Loss: 16.4960, Entropy: 1.0878, Epsilon: 0.010
2026-04-19 01:49:23 | INFO | Episode 4471 - Reward: -200.000, Length: 200, Loss: 25.3348, Entropy: 1.0866, Epsilon: 0.010
2026-04-19 01:49:23 | INFO | Episode 4472 - Reward: -200.000, Length: 200, Loss: 19.1856, Entropy: 1.0933, Epsilon: 0.010
2026-04-19 01:49:23 | INFO | Episode 4473 - Reward: -200.000, Length: 200, Loss: 19.6766, Entropy: 1.0766, Epsilon: 0.010
2026-04-19 01:49:24 | INFO | Episode 4474 - Reward: -200.000, Length: 200, Loss: 16.0490, Entropy: 1.0903, Epsilon: 0.010
2026-04-19 01:49:24 | INFO | Episode 4475 - Reward: -200.000, Length: 200, Loss: 16.3728, Entropy: 1.0916, Epsilon: 0.010
2026-04-19 01:49:25 | INFO | Episode 4476 - Reward: -200.000, Length: 200, Loss: 11.2812, Entropy: 1.0810, Epsilon: 0.010
2026-04-19 01:49:25 | INFO | Episode 4477 - Reward: -200.000, Length: 200, Loss: 10.7144, Entropy: 1.0900, Epsilon: 0.010
2026-04-19 01:49:25 | INFO | Episode 4478 - Reward: -200.000, Length: 200, Loss: 24.4533, Entropy: 1.0909, Epsilon: 0.010
2026-04-19 01:49:26 | INFO | Episode 4479 - Reward: -200.000, Length: 200, Loss: 5.2797, Entropy: 1.0959, Epsilon: 0.010
2026-04-19 01:49:26 | INFO | Episode 4480 - Reward: -200.000, Length: 200, Loss: 13.3833, Entropy: 1.0923, Epsilon: 0.010
2026-04-19 01:49:26 | INFO | Episode 4481 - Reward: -200.000, Length: 200, Loss: 11.2734, Entropy: 1.0896, Epsilon: 0.010
2026-04-19 01:49:27 | INFO | Episode 4482 - Reward: -200.000, Length: 200, Loss: 10.8715, Entropy: 1.0918, Epsilon: 0.010
2026-04-19 01:49:27 | INFO | Episode 4483 - Reward: -200.000, Length: 200, Loss: 11.3859, Entropy: 1.0872, Epsilon: 0.010
2026-04-19 01:49:27 | INFO | Episode 4484 - Reward: -200.000, Length: 200, Loss: 10.8111, Entropy: 1.0946, Epsilon: 0.010
2026-04-19 01:49:28 | INFO | Episode 4485 - Reward: -200.000, Length: 200, Loss: 16.0879, Entropy: 1.0894, Epsilon: 0.010
2026-04-19 01:49:28 | INFO | Episode 4486 - Reward: -200.000, Length: 200, Loss: 22.1215, Entropy: 1.0874, Epsilon: 0.010
2026-04-19 01:49:29 | INFO | Episode 4487 - Reward: -200.000, Length: 200, Loss: 13.4846, Entropy: 1.0877, Epsilon: 0.010
2026-04-19 01:49:29 | INFO | Episode 4488 - Reward: -200.000, Length: 200, Loss: 23.9835, Entropy: 1.0431, Epsilon: 0.010
2026-04-19 01:49:29 | INFO | Episode 4489 - Reward: -200.000, Length: 200, Loss: 17.1673, Entropy: 1.0781, Epsilon: 0.010
2026-04-19 01:49:30 | INFO | Episode 4490 - Reward: -200.000, Length: 200, Loss: 8.2229, Entropy: 1.0945, Epsilon: 0.010
2026-04-19 01:49:30 | INFO | Episode 4491 - Reward: -200.000, Length: 200, Loss: 16.4002, Entropy: 1.0856, Epsilon: 0.010
2026-04-19 01:49:30 | INFO | Episode 4492 - Reward: -200.000, Length: 200, Loss: 33.2501, Entropy: 1.0525, Epsilon: 0.010
2026-04-19 01:49:31 | INFO | Episode 4493 - Reward: -200.000, Length: 200, Loss: 19.3328, Entropy: 1.0845, Epsilon: 0.010
2026-04-19 01:49:31 | INFO | Episode 4494 - Reward: -200.000, Length: 200, Loss: 10.6194, Entropy: 1.0926, Epsilon: 0.010
2026-04-19 01:49:31 | INFO | Episode 4495 - Reward: -200.000, Length: 200, Loss: 24.1377, Entropy: 1.0755, Epsilon: 0.010
2026-04-19 01:49:32 | INFO | Episode 4496 - Reward: -200.000, Length: 200, Loss: 29.7989, Entropy: 1.0744, Epsilon: 0.010
2026-04-19 01:49:32 | INFO | Episode 4497 - Reward: -200.000, Length: 200, Loss: 13.9074, Entropy: 1.0859, Epsilon: 0.010
2026-04-19 01:49:32 | INFO | Episode 4498 - Reward: -200.000, Length: 200, Loss: 8.0144, Entropy: 1.0952, Epsilon: 0.010
2026-04-19 01:49:33 | INFO | Episode 4499 - Reward: -200.000, Length: 200, Loss: 7.8797, Entropy: 1.0899, Epsilon: 0.010
2026-04-19 01:49:33 | INFO | Episode 4500 - Reward: -200.000, Length: 200, Loss: 13.5146, Entropy: 1.0927, Epsilon: 0.010
2026-04-19 01:49:38 | INFO | [Episode 4500] eps=0.010  avg_reward=-200.000  avg_length=200.00  avg_loss= 14.2202  avg_entropy=1.0927  eval_success=0.000
2026-04-19 01:49:39 | INFO | Episode 4501 - Reward: -200.000, Length: 200, Loss: 8.2703, Entropy: 1.0907, Epsilon: 0.010
2026-04-19 01:49:39 | INFO | Episode 4502 - Reward: -200.000, Length: 200, Loss: 27.1938, Entropy: 1.0861, Epsilon: 0.010
2026-04-19 01:49:39 | INFO | Episode 4503 - Reward: -200.000, Length: 200, Loss: 13.6344, Entropy: 1.0930, Epsilon: 0.010
2026-04-19 01:49:40 | INFO | Episode 4504 - Reward: -200.000, Length: 200, Loss: 10.6397, Entropy: 1.0843, Epsilon: 0.010
2026-04-19 01:49:40 | INFO | Episode 4505 - Reward: -200.000, Length: 200, Loss: 22.0359, Entropy: 1.0909, Epsilon: 0.010
2026-04-19 01:49:40 | INFO | Episode 4506 - Reward: -200.000, Length: 200, Loss: 10.9715, Entropy: 1.0902, Epsilon: 0.010
2026-04-19 01:49:41 | INFO | Episode 4507 - Reward: -200.000, Length: 200, Loss: 10.7778, Entropy: 1.0845, Epsilon: 0.010
2026-04-19 01:49:41 | INFO | Episode 4508 - Reward: -200.000, Length: 200, Loss: 16.0227, Entropy: 1.0668, Epsilon: 0.010
2026-04-19 01:49:41 | INFO | Episode 4509 - Reward: -200.000, Length: 200, Loss: 14.1622, Entropy: 1.0912, Epsilon: 0.010
2026-04-19 01:49:42 | INFO | Episode 4510 - Reward: -200.000, Length: 200, Loss: 11.0640, Entropy: 1.0918, Epsilon: 0.010
2026-04-19 01:49:42 | INFO | Episode 4511 - Reward: -200.000, Length: 200, Loss: 13.2030, Entropy: 1.0887, Epsilon: 0.010
2026-04-19 01:49:42 | INFO | Episode 4512 - Reward: -200.000, Length: 200, Loss: 8.2482, Entropy: 1.0931, Epsilon: 0.010
2026-04-19 01:49:43 | INFO | Episode 4513 - Reward: -200.000, Length: 200, Loss: 16.0892, Entropy: 1.0937, Epsilon: 0.010
2026-04-19 01:49:43 | INFO | Episode 4514 - Reward: -200.000, Length: 200, Loss: 13.1162, Entropy: 1.0934, Epsilon: 0.010
2026-04-19 01:49:43 | INFO | Episode 4515 - Reward: -200.000, Length: 200, Loss: 10.0900, Entropy: 1.0867, Epsilon: 0.010
2026-04-19 01:49:44 | INFO | Episode 4516 - Reward: -200.000, Length: 200, Loss: 5.4509, Entropy: 1.0937, Epsilon: 0.010
2026-04-19 01:49:44 | INFO | Episode 4517 - Reward: -200.000, Length: 200, Loss: 5.5913, Entropy: 1.0956, Epsilon: 0.010
2026-04-19 01:49:44 | INFO | Episode 4518 - Reward: -200.000, Length: 200, Loss: 10.2964, Entropy: 1.0923, Epsilon: 0.010
2026-04-19 01:49:45 | INFO | Episode 4519 - Reward: -200.000, Length: 200, Loss: 16.1582, Entropy: 1.0861, Epsilon: 0.010
2026-04-19 01:49:45 | INFO | Episode 4520 - Reward: -200.000, Length: 200, Loss: 16.6064, Entropy: 1.0868, Epsilon: 0.010
2026-04-19 01:49:46 | INFO | Episode 4521 - Reward: -200.000, Length: 200, Loss: 12.7421, Entropy: 1.0924, Epsilon: 0.010
2026-04-19 01:49:46 | INFO | Episode 4522 - Reward: -200.000, Length: 200, Loss: 13.7467, Entropy: 1.0891, Epsilon: 0.010
2026-04-19 01:49:46 | INFO | Episode 4523 - Reward: -200.000, Length: 200, Loss: 18.4179, Entropy: 1.0911, Epsilon: 0.010
2026-04-19 01:49:47 | INFO | Episode 4524 - Reward: -200.000, Length: 200, Loss: 23.7567, Entropy: 1.0821, Epsilon: 0.010
2026-04-19 01:49:47 | INFO | Episode 4525 - Reward: -200.000, Length: 200, Loss: 10.2755, Entropy: 1.0930, Epsilon: 0.010
2026-04-19 01:49:47 | INFO | Episode 4526 - Reward: -200.000, Length: 200, Loss: 13.2506, Entropy: 1.0915, Epsilon: 0.010
2026-04-19 01:49:48 | INFO | Episode 4527 - Reward: -200.000, Length: 200, Loss: 7.9973, Entropy: 1.0934, Epsilon: 0.010
2026-04-19 01:49:48 | INFO | Episode 4528 - Reward: -200.000, Length: 200, Loss: 13.4109, Entropy: 1.0911, Epsilon: 0.010
2026-04-19 01:49:48 | INFO | Episode 4529 - Reward: -200.000, Length: 200, Loss: 7.6323, Entropy: 1.0921, Epsilon: 0.010
2026-04-19 01:49:49 | INFO | Episode 4530 - Reward: -200.000, Length: 200, Loss: 10.9009, Entropy: 1.0926, Epsilon: 0.010
2026-04-19 01:49:49 | INFO | Episode 4531 - Reward: -200.000, Length: 200, Loss: 8.1971, Entropy: 1.0912, Epsilon: 0.010
2026-04-19 01:49:49 | INFO | Episode 4532 - Reward: -200.000, Length: 200, Loss: 11.1807, Entropy: 1.0775, Epsilon: 0.010
2026-04-19 01:49:50 | INFO | Episode 4533 - Reward: -200.000, Length: 200, Loss: 10.7982, Entropy: 1.0881, Epsilon: 0.010
2026-04-19 01:49:50 | INFO | Episode 4534 - Reward: -200.000, Length: 200, Loss: 13.5602, Entropy: 1.0883, Epsilon: 0.010
2026-04-19 01:49:50 | INFO | Episode 4535 - Reward: -200.000, Length: 200, Loss: 13.5074, Entropy: 1.0947, Epsilon: 0.010
2026-04-19 01:49:51 | INFO | Episode 4536 - Reward: -200.000, Length: 200, Loss: 5.8239, Entropy: 1.0962, Epsilon: 0.010
2026-04-19 01:49:51 | INFO | Episode 4537 - Reward: -200.000, Length: 200, Loss: 14.2100, Entropy: 1.0861, Epsilon: 0.010
2026-04-19 01:49:51 | INFO | Episode 4538 - Reward: -200.000, Length: 200, Loss: 22.5995, Entropy: 1.0845, Epsilon: 0.010
2026-04-19 01:49:52 | INFO | Episode 4539 - Reward: -200.000, Length: 200, Loss: 8.0840, Entropy: 1.0877, Epsilon: 0.010
2026-04-19 01:49:52 | INFO | Episode 4540 - Reward: -200.000, Length: 200, Loss: 25.1367, Entropy: 1.0813, Epsilon: 0.010
2026-04-19 01:49:53 | INFO | Episode 4541 - Reward: -200.000, Length: 200, Loss: 14.0694, Entropy: 1.0917, Epsilon: 0.010
2026-04-19 01:49:53 | INFO | Episode 4542 - Reward: -200.000, Length: 200, Loss: 13.8951, Entropy: 1.0939, Epsilon: 0.010
2026-04-19 01:49:53 | INFO | Episode 4543 - Reward: -200.000, Length: 200, Loss: 14.1350, Entropy: 1.0945, Epsilon: 0.010
2026-04-19 01:49:54 | INFO | Episode 4544 - Reward: -200.000, Length: 200, Loss: 22.0770, Entropy: 1.0713, Epsilon: 0.010
2026-04-19 01:49:54 | INFO | Episode 4545 - Reward: -200.000, Length: 200, Loss: 25.4535, Entropy: 1.0775, Epsilon: 0.010
2026-04-19 01:49:54 | INFO | Episode 4546 - Reward: -200.000, Length: 200, Loss: 11.2844, Entropy: 1.0890, Epsilon: 0.010
2026-04-19 01:49:55 | INFO | Episode 4547 - Reward: -200.000, Length: 200, Loss: 8.3609, Entropy: 1.0832, Epsilon: 0.010
2026-04-19 01:49:55 | INFO | Episode 4548 - Reward: -200.000, Length: 200, Loss: 19.5844, Entropy: 1.0885, Epsilon: 0.010
2026-04-19 01:49:55 | INFO | Episode 4549 - Reward: -200.000, Length: 200, Loss: 13.7456, Entropy: 1.0644, Epsilon: 0.010
2026-04-19 01:49:56 | INFO | Episode 4550 - Reward: -200.000, Length: 200, Loss: 13.6583, Entropy: 1.0867, Epsilon: 0.010
2026-04-19 01:49:56 | INFO | Episode 4551 - Reward: -200.000, Length: 200, Loss: 16.3668, Entropy: 1.0856, Epsilon: 0.010
2026-04-19 01:49:56 | INFO | Episode 4552 - Reward: -200.000, Length: 200, Loss: 13.1002, Entropy: 1.0775, Epsilon: 0.010
2026-04-19 01:49:57 | INFO | Episode 4553 - Reward: -200.000, Length: 200, Loss: 2.6671, Entropy: 1.0938, Epsilon: 0.010
2026-04-19 01:49:57 | INFO | Episode 4554 - Reward: -200.000, Length: 200, Loss: 13.7142, Entropy: 1.0948, Epsilon: 0.010
2026-04-19 01:49:58 | INFO | Episode 4555 - Reward: -200.000, Length: 200, Loss: 13.9394, Entropy: 1.0913, Epsilon: 0.010
2026-04-19 01:49:58 | INFO | Episode 4556 - Reward: -200.000, Length: 200, Loss: 5.4836, Entropy: 1.0932, Epsilon: 0.010
2026-04-19 01:49:58 | INFO | Episode 4557 - Reward: -200.000, Length: 200, Loss: 11.1543, Entropy: 1.0839, Epsilon: 0.010
2026-04-19 01:49:59 | INFO | Episode 4558 - Reward: -200.000, Length: 200, Loss: 19.8632, Entropy: 1.0711, Epsilon: 0.010
2026-04-19 01:49:59 | INFO | Episode 4559 - Reward: -200.000, Length: 200, Loss: 13.6633, Entropy: 1.0787, Epsilon: 0.010
2026-04-19 01:49:59 | INFO | Episode 4560 - Reward: -200.000, Length: 200, Loss: 8.0642, Entropy: 1.0907, Epsilon: 0.010
2026-04-19 01:50:00 | INFO | Episode 4561 - Reward: -200.000, Length: 200, Loss: 22.0111, Entropy: 1.0647, Epsilon: 0.010
2026-04-19 01:50:00 | INFO | Episode 4562 - Reward: -200.000, Length: 200, Loss: 8.1986, Entropy: 1.0881, Epsilon: 0.010
2026-04-19 01:50:00 | INFO | Episode 4563 - Reward: -200.000, Length: 200, Loss: 19.5682, Entropy: 1.0853, Epsilon: 0.010
2026-04-19 01:50:01 | INFO | Episode 4564 - Reward: -200.000, Length: 200, Loss: 8.3690, Entropy: 1.0855, Epsilon: 0.010
2026-04-19 01:50:01 | INFO | Episode 4565 - Reward: -200.000, Length: 200, Loss: 10.9263, Entropy: 1.0897, Epsilon: 0.010
2026-04-19 01:50:01 | INFO | Episode 4566 - Reward: -200.000, Length: 200, Loss: 8.3453, Entropy: 1.0900, Epsilon: 0.010
2026-04-19 01:50:02 | INFO | Episode 4567 - Reward: -200.000, Length: 200, Loss: 15.8720, Entropy: 1.0909, Epsilon: 0.010
2026-04-19 01:50:02 | INFO | Episode 4568 - Reward: -200.000, Length: 200, Loss: 11.1633, Entropy: 1.0912, Epsilon: 0.010
2026-04-19 01:50:02 | INFO | Episode 4569 - Reward: -200.000, Length: 200, Loss: 5.6545, Entropy: 1.0955, Epsilon: 0.010
2026-04-19 01:50:03 | INFO | Episode 4570 - Reward: -200.000, Length: 200, Loss: 22.3636, Entropy: 1.0699, Epsilon: 0.010
2026-04-19 01:50:03 | INFO | Episode 4571 - Reward: -200.000, Length: 200, Loss: 8.3177, Entropy: 1.0780, Epsilon: 0.010
2026-04-19 01:50:04 | INFO | Episode 4572 - Reward: -200.000, Length: 200, Loss: 10.5754, Entropy: 1.0799, Epsilon: 0.010
2026-04-19 01:50:04 | INFO | Episode 4573 - Reward: -200.000, Length: 200, Loss: 10.8914, Entropy: 1.0835, Epsilon: 0.010
2026-04-19 01:50:04 | INFO | Episode 4574 - Reward: -200.000, Length: 200, Loss: 8.2608, Entropy: 1.0873, Epsilon: 0.010
2026-04-19 01:50:05 | INFO | Episode 4575 - Reward: -200.000, Length: 200, Loss: 18.5460, Entropy: 1.0870, Epsilon: 0.010
2026-04-19 01:50:05 | INFO | Episode 4576 - Reward: -200.000, Length: 200, Loss: 13.9695, Entropy: 1.0894, Epsilon: 0.010
2026-04-19 01:50:05 | INFO | Episode 4577 - Reward: -200.000, Length: 200, Loss: 13.9496, Entropy: 1.0945, Epsilon: 0.010
2026-04-19 01:50:06 | INFO | Episode 4578 - Reward: -200.000, Length: 200, Loss: 14.0110, Entropy: 1.0893, Epsilon: 0.010
2026-04-19 01:50:06 | INFO | Episode 4579 - Reward: -200.000, Length: 200, Loss: 13.6826, Entropy: 1.0920, Epsilon: 0.010
2026-04-19 01:50:06 | INFO | Episode 4580 - Reward: -200.000, Length: 200, Loss: 27.8161, Entropy: 1.0929, Epsilon: 0.010
2026-04-19 01:50:07 | INFO | Episode 4581 - Reward: -200.000, Length: 200, Loss: 5.6994, Entropy: 1.0849, Epsilon: 0.010
2026-04-19 01:50:07 | INFO | Episode 4582 - Reward: -200.000, Length: 200, Loss: 11.1562, Entropy: 1.0874, Epsilon: 0.010
2026-04-19 01:50:07 | INFO | Episode 4583 - Reward: -200.000, Length: 200, Loss: 5.2838, Entropy: 1.0931, Epsilon: 0.010
2026-04-19 01:50:08 | INFO | Episode 4584 - Reward: -200.000, Length: 200, Loss: 11.4310, Entropy: 1.0866, Epsilon: 0.010
2026-04-19 01:50:08 | INFO | Episode 4585 - Reward: -200.000, Length: 200, Loss: 11.4055, Entropy: 1.0864, Epsilon: 0.010
2026-04-19 01:50:08 | INFO | Episode 4586 - Reward: -200.000, Length: 200, Loss: 19.9312, Entropy: 1.0813, Epsilon: 0.010
2026-04-19 01:50:09 | INFO | Episode 4587 - Reward: -200.000, Length: 200, Loss: 22.6196, Entropy: 1.0707, Epsilon: 0.010
2026-04-19 01:50:09 | INFO | Episode 4588 - Reward: -200.000, Length: 200, Loss: 17.1584, Entropy: 1.0860, Epsilon: 0.010
2026-04-19 01:50:10 | INFO | Episode 4589 - Reward: -200.000, Length: 200, Loss: 17.1039, Entropy: 1.0768, Epsilon: 0.010
2026-04-19 01:50:10 | INFO | Episode 4590 - Reward: -200.000, Length: 200, Loss: 28.9025, Entropy: 1.0638, Epsilon: 0.010
2026-04-19 01:50:10 | INFO | Episode 4591 - Reward: -200.000, Length: 200, Loss: 8.6756, Entropy: 1.0889, Epsilon: 0.010
2026-04-19 01:50:11 | INFO | Episode 4592 - Reward: -200.000, Length: 200, Loss: 8.8162, Entropy: 1.0836, Epsilon: 0.010
2026-04-19 01:50:11 | INFO | Episode 4593 - Reward: -200.000, Length: 200, Loss: 8.5651, Entropy: 1.0830, Epsilon: 0.010
2026-04-19 01:50:11 | INFO | Episode 4594 - Reward: -200.000, Length: 200, Loss: 5.9422, Entropy: 1.0878, Epsilon: 0.010
2026-04-19 01:50:12 | INFO | Episode 4595 - Reward: -200.000, Length: 200, Loss: 14.7954, Entropy: 1.0798, Epsilon: 0.010
2026-04-19 01:50:12 | INFO | Episode 4596 - Reward: -200.000, Length: 200, Loss: 5.7416, Entropy: 1.0815, Epsilon: 0.010
2026-04-19 01:50:12 | INFO | Episode 4597 - Reward: -200.000, Length: 200, Loss: 8.4632, Entropy: 1.0940, Epsilon: 0.010
2026-04-19 01:50:13 | INFO | Episode 4598 - Reward: -200.000, Length: 200, Loss: 13.8059, Entropy: 1.0854, Epsilon: 0.010
2026-04-19 01:50:13 | INFO | Episode 4599 - Reward: -200.000, Length: 200, Loss: 22.4570, Entropy: 1.0757, Epsilon: 0.010
2026-04-19 01:50:13 | INFO | Episode 4600 - Reward: -200.000, Length: 200, Loss: 2.8665, Entropy: 1.0958, Epsilon: 0.010
2026-04-19 01:50:18 | INFO | [Episode 4600] eps=0.010  avg_reward=-200.000  avg_length=200.00  avg_loss= 13.2244  avg_entropy=1.0958  eval_success=0.000
2026-04-19 01:50:19 | INFO | Episode 4601 - Reward: -200.000, Length: 200, Loss: 17.0830, Entropy: 1.0921, Epsilon: 0.010
2026-04-19 01:50:19 | INFO | Episode 4602 - Reward: -200.000, Length: 200, Loss: 11.5578, Entropy: 1.0784, Epsilon: 0.010
2026-04-19 01:50:19 | INFO | Episode 4603 - Reward: -200.000, Length: 200, Loss: 14.1524, Entropy: 1.0816, Epsilon: 0.010
2026-04-19 01:50:20 | INFO | Episode 4604 - Reward: -200.000, Length: 200, Loss: 29.2594, Entropy: 1.0655, Epsilon: 0.010
2026-04-19 01:50:20 | INFO | Episode 4605 - Reward: -200.000, Length: 200, Loss: 5.9563, Entropy: 1.0835, Epsilon: 0.010
2026-04-19 01:50:20 | INFO | Episode 4606 - Reward: -200.000, Length: 200, Loss: 20.5822, Entropy: 1.0843, Epsilon: 0.010
2026-04-19 01:50:21 | INFO | Episode 4607 - Reward: -200.000, Length: 200, Loss: 22.5115, Entropy: 1.0760, Epsilon: 0.010
2026-04-19 01:50:21 | INFO | Episode 4608 - Reward: -200.000, Length: 200, Loss: 20.9546, Entropy: 1.0744, Epsilon: 0.010
2026-04-19 01:50:21 | INFO | Episode 4609 - Reward: -200.000, Length: 200, Loss: 11.7405, Entropy: 1.0838, Epsilon: 0.010
2026-04-19 01:50:22 | INFO | Episode 4610 - Reward: -200.000, Length: 200, Loss: 26.1911, Entropy: 1.0857, Epsilon: 0.010
2026-04-19 01:50:22 | INFO | Episode 4611 - Reward: -200.000, Length: 200, Loss: 11.2938, Entropy: 1.0549, Epsilon: 0.010
2026-04-19 01:50:22 | INFO | Episode 4612 - Reward: -200.000, Length: 200, Loss: 24.8615, Entropy: 1.0848, Epsilon: 0.010
2026-04-19 01:50:23 | INFO | Episode 4613 - Reward: -200.000, Length: 200, Loss: 20.0499, Entropy: 1.0865, Epsilon: 0.010
2026-04-19 01:50:23 | INFO | Episode 4614 - Reward: -200.000, Length: 200, Loss: 19.5786, Entropy: 1.0872, Epsilon: 0.010
2026-04-19 01:50:24 | INFO | Episode 4615 - Reward: -200.000, Length: 200, Loss: 21.2197, Entropy: 1.0799, Epsilon: 0.010
2026-04-19 01:50:24 | INFO | Episode 4616 - Reward: -200.000, Length: 200, Loss: 10.5841, Entropy: 1.0757, Epsilon: 0.010
2026-04-19 01:50:24 | INFO | Episode 4617 - Reward: -200.000, Length: 200, Loss: 13.1224, Entropy: 1.0834, Epsilon: 0.010
2026-04-19 01:50:25 | INFO | Episode 4618 - Reward: -200.000, Length: 200, Loss: 10.4565, Entropy: 1.0812, Epsilon: 0.010
2026-04-19 01:50:25 | INFO | Episode 4619 - Reward: -200.000, Length: 200, Loss: 5.5453, Entropy: 1.0918, Epsilon: 0.010
2026-04-19 01:50:25 | INFO | Episode 4620 - Reward: -200.000, Length: 200, Loss: 21.9109, Entropy: 1.0828, Epsilon: 0.010
2026-04-19 01:50:26 | INFO | Episode 4621 - Reward: -200.000, Length: 200, Loss: 22.2341, Entropy: 1.0869, Epsilon: 0.010
2026-04-19 01:50:26 | INFO | Episode 4622 - Reward: -200.000, Length: 200, Loss: 16.4480, Entropy: 1.0878, Epsilon: 0.010
2026-04-19 01:50:26 | INFO | Episode 4623 - Reward: -200.000, Length: 200, Loss: 13.3326, Entropy: 1.0821, Epsilon: 0.010
2026-04-19 01:50:27 | INFO | Episode 4624 - Reward: -200.000, Length: 200, Loss: 10.9206, Entropy: 1.0936, Epsilon: 0.010
2026-04-19 01:50:27 | INFO | Episode 4625 - Reward: -200.000, Length: 200, Loss: 10.9059, Entropy: 1.0916, Epsilon: 0.010
2026-04-19 01:50:27 | INFO | Episode 4626 - Reward: -200.000, Length: 200, Loss: 10.8041, Entropy: 1.0933, Epsilon: 0.010
2026-04-19 01:50:28 | INFO | Episode 4627 - Reward: -200.000, Length: 200, Loss: 14.3165, Entropy: 1.0883, Epsilon: 0.010
2026-04-19 01:50:28 | INFO | Episode 4628 - Reward: -200.000, Length: 200, Loss: 19.2198, Entropy: 1.0723, Epsilon: 0.010
2026-04-19 01:50:28 | INFO | Episode 4629 - Reward: -200.000, Length: 200, Loss: 24.8009, Entropy: 1.0890, Epsilon: 0.010
2026-04-19 01:50:29 | INFO | Episode 4630 - Reward: -200.000, Length: 200, Loss: 21.8797, Entropy: 1.0762, Epsilon: 0.010
2026-04-19 01:50:29 | INFO | Episode 4631 - Reward: -200.000, Length: 200, Loss: 11.2883, Entropy: 1.0858, Epsilon: 0.010
2026-04-19 01:50:30 | INFO | Episode 4632 - Reward: -200.000, Length: 200, Loss: 27.5614, Entropy: 1.0634, Epsilon: 0.010
2026-04-19 01:50:30 | INFO | Episode 4633 - Reward: -200.000, Length: 200, Loss: 10.6213, Entropy: 1.0927, Epsilon: 0.010
2026-04-19 01:50:30 | INFO | Episode 4634 - Reward: -200.000, Length: 200, Loss: 10.8555, Entropy: 1.0938, Epsilon: 0.010
2026-04-19 01:50:31 | INFO | Episode 4635 - Reward: -200.000, Length: 200, Loss: 10.9022, Entropy: 1.0941, Epsilon: 0.010
2026-04-19 01:50:31 | INFO | Episode 4636 - Reward: -200.000, Length: 200, Loss: 13.6220, Entropy: 1.0953, Epsilon: 0.010
2026-04-19 01:50:31 | INFO | Episode 4637 - Reward: -200.000, Length: 200, Loss: 2.6883, Entropy: 1.0961, Epsilon: 0.010
2026-04-19 01:50:32 | INFO | Episode 4638 - Reward: -200.000, Length: 200, Loss: 10.8027, Entropy: 1.0939, Epsilon: 0.010
2026-04-19 01:50:32 | INFO | Episode 4639 - Reward: -200.000, Length: 200, Loss: 11.3894, Entropy: 1.0911, Epsilon: 0.010
2026-04-19 01:50:32 | INFO | Episode 4640 - Reward: -200.000, Length: 200, Loss: 16.8004, Entropy: 1.0807, Epsilon: 0.010
2026-04-19 01:50:33 | INFO | Episode 4641 - Reward: -200.000, Length: 200, Loss: 22.3135, Entropy: 1.0927, Epsilon: 0.010
2026-04-19 01:50:33 | INFO | Episode 4642 - Reward: -200.000, Length: 200, Loss: 22.0489, Entropy: 1.0779, Epsilon: 0.010
2026-04-19 01:50:33 | INFO | Episode 4643 - Reward: -200.000, Length: 200, Loss: 19.7993, Entropy: 1.0660, Epsilon: 0.010
2026-04-19 01:50:34 | INFO | Episode 4644 - Reward: -200.000, Length: 200, Loss: 11.1931, Entropy: 1.0916, Epsilon: 0.010
2026-04-19 01:50:34 | INFO | Episode 4645 - Reward: -200.000, Length: 200, Loss: 35.4136, Entropy: 1.0694, Epsilon: 0.010
2026-04-19 01:50:35 | INFO | Episode 4646 - Reward: -200.000, Length: 200, Loss: 15.4931, Entropy: 1.0879, Epsilon: 0.010
2026-04-19 01:50:35 | INFO | Episode 4647 - Reward: -200.000, Length: 200, Loss: 18.4833, Entropy: 1.0829, Epsilon: 0.010
2026-04-19 01:50:35 | INFO | Episode 4648 - Reward: -200.000, Length: 200, Loss: 26.6536, Entropy: 1.0841, Epsilon: 0.010
2026-04-19 01:50:36 | INFO | Episode 4649 - Reward: -200.000, Length: 200, Loss: 13.3175, Entropy: 1.0938, Epsilon: 0.010
2026-04-19 01:50:36 | INFO | Episode 4650 - Reward: -200.000, Length: 200, Loss: 13.5428, Entropy: 1.0848, Epsilon: 0.010
2026-04-19 01:50:36 | INFO | Episode 4651 - Reward: -200.000, Length: 200, Loss: 5.1320, Entropy: 1.0944, Epsilon: 0.010
2026-04-19 01:50:37 | INFO | Episode 4652 - Reward: -200.000, Length: 200, Loss: 13.4484, Entropy: 1.0890, Epsilon: 0.010
2026-04-19 01:50:37 | INFO | Episode 4653 - Reward: -200.000, Length: 200, Loss: 21.8609, Entropy: 1.0807, Epsilon: 0.010
2026-04-19 01:50:37 | INFO | Episode 4654 - Reward: -200.000, Length: 200, Loss: 16.0539, Entropy: 1.0814, Epsilon: 0.010
2026-04-19 01:50:38 | INFO | Episode 4655 - Reward: -200.000, Length: 200, Loss: 16.6391, Entropy: 1.0927, Epsilon: 0.010
2026-04-19 01:50:38 | INFO | Episode 4656 - Reward: -200.000, Length: 200, Loss: 5.7257, Entropy: 1.0906, Epsilon: 0.010
2026-04-19 01:50:38 | INFO | Episode 4657 - Reward: -200.000, Length: 200, Loss: 11.0281, Entropy: 1.0904, Epsilon: 0.010
2026-04-19 01:50:39 | INFO | Episode 4658 - Reward: -200.000, Length: 200, Loss: 8.2556, Entropy: 1.0919, Epsilon: 0.010
2026-04-19 01:50:39 | INFO | Episode 4659 - Reward: -200.000, Length: 200, Loss: 24.7058, Entropy: 1.0516, Epsilon: 0.010
2026-04-19 01:50:39 | INFO | Episode 4660 - Reward: -200.000, Length: 200, Loss: 22.3505, Entropy: 1.0835, Epsilon: 0.010
2026-04-19 01:50:40 | INFO | Episode 4661 - Reward: -200.000, Length: 200, Loss: 22.7183, Entropy: 1.0744, Epsilon: 0.010
2026-04-19 01:50:40 | INFO | Episode 4662 - Reward: -200.000, Length: 200, Loss: 14.2324, Entropy: 1.0904, Epsilon: 0.010
2026-04-19 01:50:41 | INFO | Episode 4663 - Reward: -200.000, Length: 200, Loss: 8.2086, Entropy: 1.0947, Epsilon: 0.010
2026-04-19 01:50:41 | INFO | Episode 4664 - Reward: -200.000, Length: 200, Loss: 14.1864, Entropy: 1.0713, Epsilon: 0.010
2026-04-19 01:50:41 | INFO | Episode 4665 - Reward: -200.000, Length: 200, Loss: 19.7124, Entropy: 1.0907, Epsilon: 0.010
2026-04-19 01:50:42 | INFO | Episode 4666 - Reward: -200.000, Length: 200, Loss: 16.5878, Entropy: 1.0896, Epsilon: 0.010
2026-04-19 01:50:42 | INFO | Episode 4667 - Reward: -200.000, Length: 200, Loss: 8.4427, Entropy: 1.0929, Epsilon: 0.010
2026-04-19 01:50:42 | INFO | Episode 4668 - Reward: -200.000, Length: 200, Loss: 11.2310, Entropy: 1.0898, Epsilon: 0.010
2026-04-19 01:50:43 | INFO | Episode 4669 - Reward: -200.000, Length: 200, Loss: 11.4039, Entropy: 1.0718, Epsilon: 0.010
2026-04-19 01:50:43 | INFO | Episode 4670 - Reward: -200.000, Length: 200, Loss: 10.8666, Entropy: 1.0919, Epsilon: 0.010
2026-04-19 01:50:43 | INFO | Episode 4671 - Reward: -200.000, Length: 200, Loss: 11.0301, Entropy: 1.0946, Epsilon: 0.010
2026-04-19 01:50:44 | INFO | Episode 4672 - Reward: -200.000, Length: 200, Loss: 19.6211, Entropy: 1.0828, Epsilon: 0.010
2026-04-19 01:50:44 | INFO | Episode 4673 - Reward: -200.000, Length: 200, Loss: 8.4791, Entropy: 1.0900, Epsilon: 0.010
2026-04-19 01:50:44 | INFO | Episode 4674 - Reward: -200.000, Length: 200, Loss: 10.8692, Entropy: 1.0850, Epsilon: 0.010
2026-04-19 01:50:45 | INFO | Episode 4675 - Reward: -200.000, Length: 200, Loss: 25.0091, Entropy: 1.0596, Epsilon: 0.010
2026-04-19 01:50:45 | INFO | Episode 4676 - Reward: -200.000, Length: 200, Loss: 25.0806, Entropy: 1.0898, Epsilon: 0.010
2026-04-19 01:50:45 | INFO | Episode 4677 - Reward: -200.000, Length: 200, Loss: 19.5664, Entropy: 1.0787, Epsilon: 0.010
2026-04-19 01:50:46 | INFO | Episode 4678 - Reward: -200.000, Length: 200, Loss: 8.3572, Entropy: 1.0900, Epsilon: 0.010
2026-04-19 01:50:46 | INFO | Episode 4679 - Reward: -200.000, Length: 200, Loss: 11.2302, Entropy: 1.0873, Epsilon: 0.010
2026-04-19 01:50:47 | INFO | Episode 4680 - Reward: -200.000, Length: 200, Loss: 10.8562, Entropy: 1.0838, Epsilon: 0.010
2026-04-19 01:50:47 | INFO | Episode 4681 - Reward: -200.000, Length: 200, Loss: -0.0889, Entropy: 1.0968, Epsilon: 0.010
2026-04-19 01:50:47 | INFO | Episode 4682 - Reward: -200.000, Length: 200, Loss: 5.2598, Entropy: 1.0839, Epsilon: 0.010
2026-04-19 01:50:48 | INFO | Episode 4683 - Reward: -200.000, Length: 200, Loss: 8.7076, Entropy: 1.0857, Epsilon: 0.010
2026-04-19 01:50:48 | INFO | Episode 4684 - Reward: -200.000, Length: 200, Loss: 5.3847, Entropy: 1.0821, Epsilon: 0.010
2026-04-19 01:50:48 | INFO | Episode 4685 - Reward: -200.000, Length: 200, Loss: 22.1021, Entropy: 1.0916, Epsilon: 0.010
2026-04-19 01:50:49 | INFO | Episode 4686 - Reward: -200.000, Length: 200, Loss: 25.2405, Entropy: 1.0900, Epsilon: 0.010
2026-04-19 01:50:49 | INFO | Episode 4687 - Reward: -200.000, Length: 200, Loss: 11.0539, Entropy: 1.0896, Epsilon: 0.010
2026-04-19 01:50:49 | INFO | Episode 4688 - Reward: -200.000, Length: 200, Loss: 8.5495, Entropy: 1.0941, Epsilon: 0.010
2026-04-19 01:50:50 | INFO | Episode 4689 - Reward: -200.000, Length: 200, Loss: 25.2253, Entropy: 1.0833, Epsilon: 0.010
2026-04-19 01:50:50 | INFO | Episode 4690 - Reward: -200.000, Length: 200, Loss: 10.9891, Entropy: 1.0766, Epsilon: 0.010
2026-04-19 01:50:50 | INFO | Episode 4691 - Reward: -200.000, Length: 200, Loss: 11.2305, Entropy: 1.0957, Epsilon: 0.010
2026-04-19 01:50:51 | INFO | Episode 4692 - Reward: -200.000, Length: 200, Loss: 8.7403, Entropy: 1.0926, Epsilon: 0.010
2026-04-19 01:50:51 | INFO | Episode 4693 - Reward: -200.000, Length: 200, Loss: 25.6970, Entropy: 1.0714, Epsilon: 0.010
2026-04-19 01:50:51 | INFO | Episode 4694 - Reward: -200.000, Length: 200, Loss: 16.7537, Entropy: 1.0847, Epsilon: 0.010
2026-04-19 01:50:52 | INFO | Episode 4695 - Reward: -200.000, Length: 200, Loss: 5.6404, Entropy: 1.0930, Epsilon: 0.010
2026-04-19 01:50:52 | INFO | Episode 4696 - Reward: -200.000, Length: 200, Loss: 10.5876, Entropy: 1.0730, Epsilon: 0.010
2026-04-19 01:50:53 | INFO | Episode 4697 - Reward: -200.000, Length: 200, Loss: 11.0380, Entropy: 1.0777, Epsilon: 0.010
2026-04-19 01:50:53 | INFO | Episode 4698 - Reward: -200.000, Length: 200, Loss: 16.6497, Entropy: 1.0845, Epsilon: 0.010
2026-04-19 01:50:53 | INFO | Episode 4699 - Reward: -200.000, Length: 200, Loss: 14.2246, Entropy: 1.0948, Epsilon: 0.010
2026-04-19 01:50:54 | INFO | Episode 4700 - Reward: -200.000, Length: 200, Loss: 22.6396, Entropy: 1.0761, Epsilon: 0.010
2026-04-19 01:50:58 | INFO | [Episode 4700] eps=0.010  avg_reward=-200.000  avg_length=200.00  avg_loss= 15.2678  avg_entropy=1.0761  eval_success=0.000
2026-04-19 01:50:58 | INFO | Episode 4701 - Reward: -200.000, Length: 200, Loss: 10.9292, Entropy: 1.0933, Epsilon: 0.010
2026-04-19 01:50:59 | INFO | Episode 4702 - Reward: -200.000, Length: 200, Loss: 17.2653, Entropy: 1.0677, Epsilon: 0.010
2026-04-19 01:50:59 | INFO | Episode 4703 - Reward: -200.000, Length: 200, Loss: 8.2912, Entropy: 1.0924, Epsilon: 0.010
2026-04-19 01:51:00 | INFO | Episode 4704 - Reward: -200.000, Length: 200, Loss: 18.4684, Entropy: 1.0895, Epsilon: 0.010
2026-04-19 01:51:00 | INFO | Episode 4705 - Reward: -200.000, Length: 200, Loss: 8.3243, Entropy: 1.0901, Epsilon: 0.010
2026-04-19 01:51:00 | INFO | Episode 4706 - Reward: -200.000, Length: 200, Loss: 19.0578, Entropy: 1.0886, Epsilon: 0.010
2026-04-19 01:51:01 | INFO | Episode 4707 - Reward: -200.000, Length: 200, Loss: 28.2017, Entropy: 1.0576, Epsilon: 0.010
2026-04-19 01:51:01 | INFO | Episode 4708 - Reward: -200.000, Length: 200, Loss: 19.4115, Entropy: 1.0810, Epsilon: 0.010
2026-04-19 01:51:01 | INFO | Episode 4709 - Reward: -200.000, Length: 200, Loss: 8.1374, Entropy: 1.0937, Epsilon: 0.010
2026-04-19 01:51:02 | INFO | Episode 4710 - Reward: -200.000, Length: 200, Loss: 18.4692, Entropy: 1.0817, Epsilon: 0.010
2026-04-19 01:51:02 | INFO | Episode 4711 - Reward: -200.000, Length: 200, Loss: 10.9727, Entropy: 1.0932, Epsilon: 0.010
2026-04-19 01:51:02 | INFO | Episode 4712 - Reward: -200.000, Length: 200, Loss: 18.6831, Entropy: 1.0859, Epsilon: 0.010
2026-04-19 01:51:03 | INFO | Episode 4713 - Reward: -200.000, Length: 200, Loss: 11.3118, Entropy: 1.0907, Epsilon: 0.010
2026-04-19 01:51:03 | INFO | Episode 4714 - Reward: -200.000, Length: 200, Loss: 10.5443, Entropy: 1.0940, Epsilon: 0.010
2026-04-19 01:51:03 | INFO | Episode 4715 - Reward: -200.000, Length: 200, Loss: 13.8159, Entropy: 1.0881, Epsilon: 0.010
2026-04-19 01:51:04 | INFO | Episode 4716 - Reward: -200.000, Length: 200, Loss: 2.7137, Entropy: 1.0963, Epsilon: 0.010
2026-04-19 01:51:04 | INFO | Episode 4717 - Reward: -200.000, Length: 200, Loss: 19.3494, Entropy: 1.0942, Epsilon: 0.010
2026-04-19 01:51:05 | INFO | Episode 4718 - Reward: -200.000, Length: 200, Loss: 16.5185, Entropy: 1.0808, Epsilon: 0.010
2026-04-19 01:51:07 | INFO | Episode 4719 - Reward: -200.000, Length: 200, Loss: 16.6695, Entropy: 1.0895, Epsilon: 0.010
2026-04-19 01:51:07 | INFO | Episode 4720 - Reward: -200.000, Length: 200, Loss: 11.1933, Entropy: 1.0894, Epsilon: 0.010
2026-04-19 01:51:07 | INFO | Episode 4721 - Reward: -200.000, Length: 200, Loss: 22.4367, Entropy: 1.0890, Epsilon: 0.010
2026-04-19 01:51:08 | INFO | Episode 4722 - Reward: -200.000, Length: 200, Loss: 23.0431, Entropy: 1.0669, Epsilon: 0.010
2026-04-19 01:51:08 | INFO | Episode 4723 - Reward: -200.000, Length: 200, Loss: 14.0952, Entropy: 1.0763, Epsilon: 0.010
2026-04-19 01:51:08 | INFO | Episode 4724 - Reward: -200.000, Length: 200, Loss: 16.9751, Entropy: 1.0904, Epsilon: 0.010
2026-04-19 01:51:09 | INFO | Episode 4725 - Reward: -200.000, Length: 200, Loss: 14.1505, Entropy: 1.0866, Epsilon: 0.010
2026-04-19 01:51:09 | INFO | Episode 4726 - Reward: -200.000, Length: 200, Loss: 24.9968, Entropy: 1.0850, Epsilon: 0.010
2026-04-19 01:51:09 | INFO | Episode 4727 - Reward: -200.000, Length: 200, Loss: 17.2147, Entropy: 1.0904, Epsilon: 0.010
2026-04-19 01:51:10 | INFO | Episode 4728 - Reward: -200.000, Length: 200, Loss: 17.2468, Entropy: 1.0774, Epsilon: 0.010
2026-04-19 01:51:10 | INFO | Episode 4729 - Reward: -200.000, Length: 200, Loss: 14.0633, Entropy: 1.0897, Epsilon: 0.010
2026-04-19 01:51:11 | INFO | Episode 4730 - Reward: -200.000, Length: 200, Loss: 25.8466, Entropy: 1.0904, Epsilon: 0.010
2026-04-19 01:51:11 | INFO | Episode 4731 - Reward: -200.000, Length: 200, Loss: 25.7481, Entropy: 1.0781, Epsilon: 0.010
2026-04-19 01:51:11 | INFO | Episode 4732 - Reward: -200.000, Length: 200, Loss: 8.5341, Entropy: 1.0853, Epsilon: 0.010
2026-04-19 01:51:12 | INFO | Episode 4733 - Reward: -200.000, Length: 200, Loss: 19.9163, Entropy: 1.0869, Epsilon: 0.010
2026-04-19 01:51:12 | INFO | Episode 4734 - Reward: -200.000, Length: 200, Loss: 17.0846, Entropy: 1.0871, Epsilon: 0.010
2026-04-19 01:51:12 | INFO | Episode 4735 - Reward: -200.000, Length: 200, Loss: 11.6303, Entropy: 1.0934, Epsilon: 0.010
2026-04-19 01:51:13 | INFO | Episode 4736 - Reward: -200.000, Length: 200, Loss: 5.5603, Entropy: 1.0920, Epsilon: 0.010
2026-04-19 01:51:13 | INFO | Episode 4737 - Reward: -200.000, Length: 200, Loss: 11.6895, Entropy: 1.0946, Epsilon: 0.010
2026-04-19 01:51:13 | INFO | Episode 4738 - Reward: -200.000, Length: 200, Loss: 2.9006, Entropy: 1.0948, Epsilon: 0.010
2026-04-19 01:51:14 | INFO | Episode 4739 - Reward: -200.000, Length: 200, Loss: 29.1118, Entropy: 1.0858, Epsilon: 0.010
2026-04-19 01:51:14 | INFO | Episode 4740 - Reward: -200.000, Length: 200, Loss: 20.5871, Entropy: 1.0819, Epsilon: 0.010
2026-04-19 01:51:14 | INFO | Episode 4741 - Reward: -200.000, Length: 200, Loss: 6.0159, Entropy: 1.0873, Epsilon: 0.010
2026-04-19 01:51:15 | INFO | Episode 4742 - Reward: -200.000, Length: 200, Loss: 14.9778, Entropy: 1.0764, Epsilon: 0.010
2026-04-19 01:51:15 | INFO | Episode 4743 - Reward: -200.000, Length: 200, Loss: 14.9690, Entropy: 1.0799, Epsilon: 0.010
2026-04-19 01:51:15 | INFO | Episode 4744 - Reward: -200.000, Length: 200, Loss: 20.4552, Entropy: 1.0805, Epsilon: 0.010
2026-04-19 01:51:16 | INFO | Episode 4745 - Reward: -200.000, Length: 200, Loss: 18.0864, Entropy: 1.0421, Epsilon: 0.010
2026-04-19 01:51:16 | INFO | Episode 4746 - Reward: -200.000, Length: 200, Loss: 11.8986, Entropy: 1.0836, Epsilon: 0.010
2026-04-19 01:51:17 | INFO | Episode 4747 - Reward: -200.000, Length: 200, Loss: 20.7813, Entropy: 1.0891, Epsilon: 0.010
2026-04-19 01:51:17 | INFO | Episode 4748 - Reward: -200.000, Length: 200, Loss: 17.1365, Entropy: 1.0911, Epsilon: 0.010
2026-04-19 01:51:17 | INFO | Episode 4749 - Reward: -200.000, Length: 200, Loss: 14.2655, Entropy: 1.0843, Epsilon: 0.010
2026-04-19 01:51:18 | INFO | Episode 4750 - Reward: -200.000, Length: 200, Loss: 26.1558, Entropy: 1.0887, Epsilon: 0.010
2026-04-19 01:51:18 | INFO | Episode 4751 - Reward: -200.000, Length: 200, Loss: 5.6538, Entropy: 1.0944, Epsilon: 0.010
2026-04-19 01:51:18 | INFO | Episode 4752 - Reward: -200.000, Length: 200, Loss: 11.2511, Entropy: 1.0943, Epsilon: 0.010
2026-04-19 01:51:19 | INFO | Episode 4753 - Reward: -200.000, Length: 200, Loss: 29.0421, Entropy: 1.0522, Epsilon: 0.010
2026-04-19 01:51:19 | INFO | Episode 4754 - Reward: -200.000, Length: 200, Loss: 5.8256, Entropy: 1.0821, Epsilon: 0.010
2026-04-19 01:51:19 | INFO | Episode 4755 - Reward: -200.000, Length: 200, Loss: 14.1677, Entropy: 1.0915, Epsilon: 0.010
2026-04-19 01:51:20 | INFO | Episode 4756 - Reward: -200.000, Length: 200, Loss: 17.2508, Entropy: 1.0750, Epsilon: 0.010
2026-04-19 01:51:20 | INFO | Episode 4757 - Reward: -200.000, Length: 200, Loss: 8.6169, Entropy: 1.0866, Epsilon: 0.010
2026-04-19 01:51:20 | INFO | Episode 4758 - Reward: -200.000, Length: 200, Loss: 13.7660, Entropy: 1.0874, Epsilon: 0.010
2026-04-19 01:51:21 | INFO | Episode 4759 - Reward: -200.000, Length: 200, Loss: 14.2752, Entropy: 1.0928, Epsilon: 0.010
2026-04-19 01:51:21 | INFO | Episode 4760 - Reward: -200.000, Length: 200, Loss: 16.7897, Entropy: 1.0896, Epsilon: 0.010
2026-04-19 01:51:21 | INFO | Episode 4761 - Reward: -200.000, Length: 200, Loss: 10.9961, Entropy: 1.0854, Epsilon: 0.010
2026-04-19 01:51:22 | INFO | Episode 4762 - Reward: -200.000, Length: 200, Loss: 28.3590, Entropy: 1.0768, Epsilon: 0.010
2026-04-19 01:51:22 | INFO | Episode 4763 - Reward: -200.000, Length: 200, Loss: 5.1791, Entropy: 1.0884, Epsilon: 0.010
2026-04-19 01:51:22 | INFO | Episode 4764 - Reward: -200.000, Length: 200, Loss: 11.0385, Entropy: 1.0798, Epsilon: 0.010
2026-04-19 01:51:23 | INFO | Episode 4765 - Reward: -200.000, Length: 200, Loss: 13.6687, Entropy: 1.0873, Epsilon: 0.010
2026-04-19 01:51:23 | INFO | Episode 4766 - Reward: -200.000, Length: 200, Loss: 13.8429, Entropy: 1.0931, Epsilon: 0.010
2026-04-19 01:51:24 | INFO | Episode 4767 - Reward: -200.000, Length: 200, Loss: 8.1777, Entropy: 1.0933, Epsilon: 0.010
2026-04-19 01:51:24 | INFO | Episode 4768 - Reward: -200.000, Length: 200, Loss: 5.3688, Entropy: 1.0920, Epsilon: 0.010
2026-04-19 01:51:24 | INFO | Episode 4769 - Reward: -200.000, Length: 200, Loss: 14.2155, Entropy: 1.0931, Epsilon: 0.010
2026-04-19 01:51:25 | INFO | Episode 4770 - Reward: -200.000, Length: 200, Loss: 22.0520, Entropy: 1.0778, Epsilon: 0.010
2026-04-19 01:51:25 | INFO | Episode 4771 - Reward: -200.000, Length: 200, Loss: 17.0841, Entropy: 1.0916, Epsilon: 0.010
2026-04-19 01:51:25 | INFO | Episode 4772 - Reward: -200.000, Length: 200, Loss: 13.8182, Entropy: 1.0914, Epsilon: 0.010
2026-04-19 01:51:26 | INFO | Episode 4773 - Reward: -200.000, Length: 200, Loss: 14.2051, Entropy: 1.0759, Epsilon: 0.010
2026-04-19 01:51:26 | INFO | Episode 4774 - Reward: -200.000, Length: 200, Loss: 11.1711, Entropy: 1.0776, Epsilon: 0.010
2026-04-19 01:51:26 | INFO | Episode 4775 - Reward: -200.000, Length: 200, Loss: 19.7168, Entropy: 1.0783, Epsilon: 0.010
2026-04-19 01:51:27 | INFO | Episode 4776 - Reward: -200.000, Length: 200, Loss: 14.3806, Entropy: 1.0888, Epsilon: 0.010
2026-04-19 01:51:27 | INFO | Episode 4777 - Reward: -200.000, Length: 200, Loss: 5.6790, Entropy: 1.0931, Epsilon: 0.010
2026-04-19 01:51:27 | INFO | Episode 4778 - Reward: -200.000, Length: 200, Loss: 11.7280, Entropy: 1.0895, Epsilon: 0.010
2026-04-19 01:51:28 | INFO | Episode 4779 - Reward: -200.000, Length: 200, Loss: 20.3637, Entropy: 1.0801, Epsilon: 0.010
2026-04-19 01:51:28 | INFO | Episode 4780 - Reward: -200.000, Length: 200, Loss: 11.9113, Entropy: 1.0749, Epsilon: 0.010
2026-04-19 01:51:28 | INFO | Episode 4781 - Reward: -200.000, Length: 200, Loss: 5.9224, Entropy: 1.0880, Epsilon: 0.010
2026-04-19 01:51:29 | INFO | Episode 4782 - Reward: -200.000, Length: 200, Loss: 17.7546, Entropy: 1.0745, Epsilon: 0.010
2026-04-19 01:51:29 | INFO | Episode 4783 - Reward: -200.000, Length: 200, Loss: 5.8260, Entropy: 1.0835, Epsilon: 0.010
2026-04-19 01:51:30 | INFO | Episode 4784 - Reward: -200.000, Length: 200, Loss: 8.8066, Entropy: 1.0927, Epsilon: 0.010
2026-04-19 01:51:30 | INFO | Episode 4785 - Reward: -200.000, Length: 200, Loss: 8.9746, Entropy: 1.0859, Epsilon: 0.010
2026-04-19 01:51:30 | INFO | Episode 4786 - Reward: -200.000, Length: 200, Loss: 17.9781, Entropy: 1.0777, Epsilon: 0.010
2026-04-19 01:51:31 | INFO | Episode 4787 - Reward: -200.000, Length: 200, Loss: 5.9764, Entropy: 1.0844, Epsilon: 0.010
2026-04-19 01:51:31 | INFO | Episode 4788 - Reward: -200.000, Length: 200, Loss: 23.8805, Entropy: 1.0678, Epsilon: 0.010
2026-04-19 01:51:31 | INFO | Episode 4789 - Reward: -200.000, Length: 200, Loss: 11.8012, Entropy: 1.0903, Epsilon: 0.010
2026-04-19 01:51:32 | INFO | Episode 4790 - Reward: -200.000, Length: 200, Loss: 26.7116, Entropy: 1.0551, Epsilon: 0.010
2026-04-19 01:51:32 | INFO | Episode 4791 - Reward: -200.000, Length: 200, Loss: 8.9780, Entropy: 1.0851, Epsilon: 0.010
2026-04-19 01:51:32 | INFO | Episode 4792 - Reward: -200.000, Length: 200, Loss: 19.9234, Entropy: 1.0622, Epsilon: 0.010
2026-04-19 01:51:33 | INFO | Episode 4793 - Reward: -200.000, Length: 200, Loss: 5.9353, Entropy: 1.0842, Epsilon: 0.010
2026-04-19 01:51:33 | INFO | Episode 4794 - Reward: -200.000, Length: 200, Loss: 9.0237, Entropy: 1.0934, Epsilon: 0.010
2026-04-19 01:51:33 | INFO | Episode 4795 - Reward: -200.000, Length: 200, Loss: 18.5133, Entropy: 1.0720, Epsilon: 0.010
2026-04-19 01:51:34 | INFO | Episode 4796 - Reward: -200.000, Length: 200, Loss: 18.3491, Entropy: 1.0768, Epsilon: 0.010
2026-04-19 01:51:34 | INFO | Episode 4797 - Reward: -200.000, Length: 200, Loss: 30.1853, Entropy: 1.0879, Epsilon: 0.010
2026-04-19 01:51:34 | INFO | Episode 4798 - Reward: -200.000, Length: 200, Loss: 24.3718, Entropy: 1.0898, Epsilon: 0.010
2026-04-19 01:51:35 | INFO | Episode 4799 - Reward: -200.000, Length: 200, Loss: 15.1662, Entropy: 1.0932, Epsilon: 0.010
2026-04-19 01:51:35 | INFO | Episode 4800 - Reward: -200.000, Length: 200, Loss: 14.6351, Entropy: 1.0819, Epsilon: 0.010
2026-04-19 01:51:40 | INFO | [Episode 4800] eps=0.010  avg_reward=-200.000  avg_length=200.00  avg_loss= 15.0421  avg_entropy=1.0819  eval_success=0.000
2026-04-19 01:51:41 | INFO | Episode 4801 - Reward: -200.000, Length: 200, Loss: 15.3358, Entropy: 1.0882, Epsilon: 0.010
2026-04-19 01:51:41 | INFO | Episode 4802 - Reward: -200.000, Length: 200, Loss: 9.2570, Entropy: 1.0906, Epsilon: 0.010
2026-04-19 01:51:41 | INFO | Episode 4803 - Reward: -200.000, Length: 200, Loss: 27.4090, Entropy: 1.0794, Epsilon: 0.010
2026-04-19 01:51:42 | INFO | Episode 4804 - Reward: -200.000, Length: 200, Loss: 24.0067, Entropy: 1.0900, Epsilon: 0.010
2026-04-19 01:51:42 | INFO | Episode 4805 - Reward: -200.000, Length: 200, Loss: 15.1169, Entropy: 1.0825, Epsilon: 0.010
2026-04-19 01:51:42 | INFO | Episode 4806 - Reward: -200.000, Length: 200, Loss: 15.3981, Entropy: 1.0822, Epsilon: 0.010
2026-04-19 01:51:43 | INFO | Episode 4807 - Reward: -200.000, Length: 200, Loss: 12.2685, Entropy: 1.0914, Epsilon: 0.010
2026-04-19 01:51:43 | INFO | Episode 4808 - Reward: -200.000, Length: 200, Loss: 15.1124, Entropy: 1.0920, Epsilon: 0.010
2026-04-19 01:51:43 | INFO | Episode 4809 - Reward: -200.000, Length: 200, Loss: 5.9887, Entropy: 1.0894, Epsilon: 0.010
2026-04-19 01:51:44 | INFO | Episode 4810 - Reward: -200.000, Length: 200, Loss: 18.3062, Entropy: 1.0856, Epsilon: 0.010
2026-04-19 01:51:44 | INFO | Episode 4811 - Reward: -200.000, Length: 200, Loss: 9.2263, Entropy: 1.0933, Epsilon: 0.010
2026-04-19 01:51:44 | INFO | Episode 4812 - Reward: -200.000, Length: 200, Loss: 9.2552, Entropy: 1.0919, Epsilon: 0.010
2026-04-19 01:51:45 | INFO | Episode 4813 - Reward: -200.000, Length: 200, Loss: 17.9614, Entropy: 1.0784, Epsilon: 0.010
2026-04-19 01:51:45 | INFO | Episode 4814 - Reward: -200.000, Length: 200, Loss: 18.2657, Entropy: 1.0808, Epsilon: 0.010
2026-04-19 01:51:45 | INFO | Episode 4815 - Reward: -200.000, Length: 200, Loss: 15.2938, Entropy: 1.0795, Epsilon: 0.010
2026-04-19 01:51:46 | INFO | Episode 4816 - Reward: -200.000, Length: 200, Loss: 21.6970, Entropy: 1.0618, Epsilon: 0.010
2026-04-19 01:51:46 | INFO | Episode 4817 - Reward: -200.000, Length: 200, Loss: 3.0073, Entropy: 1.0962, Epsilon: 0.010
2026-04-19 01:51:47 | INFO | Episode 4818 - Reward: -200.000, Length: 200, Loss: 9.3013, Entropy: 1.0906, Epsilon: 0.010
2026-04-19 01:51:47 | INFO | Episode 4819 - Reward: -200.000, Length: 200, Loss: 24.8794, Entropy: 1.0905, Epsilon: 0.010
2026-04-19 01:51:47 | INFO | Episode 4820 - Reward: -200.000, Length: 200, Loss: 21.6000, Entropy: 1.0743, Epsilon: 0.010
2026-04-19 01:51:48 | INFO | Episode 4821 - Reward: -200.000, Length: 200, Loss: 25.7426, Entropy: 1.0855, Epsilon: 0.010
2026-04-19 01:51:48 | INFO | Episode 4822 - Reward: -200.000, Length: 200, Loss: 22.2556, Entropy: 1.0753, Epsilon: 0.010
2026-04-19 01:51:48 | INFO | Episode 4823 - Reward: -200.000, Length: 200, Loss: 9.6508, Entropy: 1.0916, Epsilon: 0.010
2026-04-19 01:51:49 | INFO | Episode 4824 - Reward: -200.000, Length: 200, Loss: 25.1943, Entropy: 1.0675, Epsilon: 0.010
2026-04-19 01:51:49 | INFO | Episode 4825 - Reward: -200.000, Length: 200, Loss: 28.4827, Entropy: 1.0620, Epsilon: 0.010
2026-04-19 01:51:49 | INFO | Episode 4826 - Reward: -200.000, Length: 200, Loss: 18.8370, Entropy: 1.0838, Epsilon: 0.010
2026-04-19 01:51:50 | INFO | Episode 4827 - Reward: -200.000, Length: 200, Loss: 21.6999, Entropy: 1.0801, Epsilon: 0.010
2026-04-19 01:51:50 | INFO | Episode 4828 - Reward: -200.000, Length: 200, Loss: 9.0638, Entropy: 1.0880, Epsilon: 0.010
2026-04-19 01:51:50 | INFO | Episode 4829 - Reward: -200.000, Length: 200, Loss: 15.1197, Entropy: 1.0469, Epsilon: 0.010
2026-04-19 01:51:51 | INFO | Episode 4830 - Reward: -200.000, Length: 200, Loss: 21.7609, Entropy: 1.0536, Epsilon: 0.010
2026-04-19 01:51:51 | INFO | Episode 4831 - Reward: -200.000, Length: 200, Loss: 15.7082, Entropy: 1.0939, Epsilon: 0.010
2026-04-19 01:51:51 | INFO | Episode 4832 - Reward: -200.000, Length: 200, Loss: 25.2114, Entropy: 1.0837, Epsilon: 0.010
2026-04-19 01:51:52 | INFO | Episode 4833 - Reward: -200.000, Length: 200, Loss: 18.7962, Entropy: 1.0600, Epsilon: 0.010
2026-04-19 01:51:52 | INFO | Episode 4834 - Reward: -200.000, Length: 200, Loss: 12.1972, Entropy: 1.0875, Epsilon: 0.010
2026-04-19 01:51:53 | INFO | Episode 4835 - Reward: -200.000, Length: 200, Loss: 18.7015, Entropy: 1.0648, Epsilon: 0.010
2026-04-19 01:51:53 | INFO | Episode 4836 - Reward: -200.000, Length: 200, Loss: 24.3789, Entropy: 1.0468, Epsilon: 0.010
2026-04-19 01:51:53 | INFO | Episode 4837 - Reward: -200.000, Length: 200, Loss: 18.3825, Entropy: 1.0807, Epsilon: 0.010
2026-04-19 01:51:54 | INFO | Episode 4838 - Reward: -200.000, Length: 200, Loss: 12.0629, Entropy: 1.0848, Epsilon: 0.010
2026-04-19 01:51:54 | INFO | Episode 4839 - Reward: -200.000, Length: 200, Loss: 6.1899, Entropy: 1.0836, Epsilon: 0.010
2026-04-19 01:51:54 | INFO | Episode 4840 - Reward: -200.000, Length: 200, Loss: 21.6488, Entropy: 1.0455, Epsilon: 0.010
2026-04-19 01:51:55 | INFO | Episode 4841 - Reward: -200.000, Length: 200, Loss: 18.7734, Entropy: 1.0874, Epsilon: 0.010
2026-04-19 01:51:55 | INFO | Episode 4842 - Reward: -200.000, Length: 200, Loss: 18.5832, Entropy: 1.0778, Epsilon: 0.010
2026-04-19 01:51:55 | INFO | Episode 4843 - Reward: -200.000, Length: 200, Loss: 25.1961, Entropy: 1.0818, Epsilon: 0.010
2026-04-19 01:51:56 | INFO | Episode 4844 - Reward: -200.000, Length: 200, Loss: 24.4214, Entropy: 1.0902, Epsilon: 0.010
2026-04-19 01:51:56 | INFO | Episode 4845 - Reward: -200.000, Length: 200, Loss: 12.2367, Entropy: 1.0830, Epsilon: 0.010
2026-04-19 01:51:56 | INFO | Episode 4846 - Reward: -200.000, Length: 200, Loss: 18.2300, Entropy: 1.0809, Epsilon: 0.010
2026-04-19 01:51:57 | INFO | Episode 4847 - Reward: -200.000, Length: 200, Loss: 15.6177, Entropy: 1.0908, Epsilon: 0.010
2026-04-19 01:51:57 | INFO | Episode 4848 - Reward: -200.000, Length: 200, Loss: 15.0584, Entropy: 1.0891, Epsilon: 0.010
2026-04-19 01:51:57 | INFO | Episode 4849 - Reward: -200.000, Length: 200, Loss: 5.9368, Entropy: 1.0856, Epsilon: 0.010
2026-04-19 01:51:58 | INFO | Episode 4850 - Reward: -200.000, Length: 200, Loss: 5.8049, Entropy: 1.0805, Epsilon: 0.010
2026-04-19 01:51:58 | INFO | Episode 4851 - Reward: -200.000, Length: 200, Loss: 30.3722, Entropy: 1.0713, Epsilon: 0.010
2026-04-19 01:51:58 | INFO | Episode 4852 - Reward: -200.000, Length: 200, Loss: 21.4818, Entropy: 1.0701, Epsilon: 0.010
2026-04-19 01:51:59 | INFO | Episode 4853 - Reward: -200.000, Length: 200, Loss: 15.3515, Entropy: 1.0958, Epsilon: 0.010
2026-04-19 01:51:59 | INFO | Episode 4854 - Reward: -200.000, Length: 200, Loss: 15.5040, Entropy: 1.0891, Epsilon: 0.010
2026-04-19 01:52:00 | INFO | Episode 4855 - Reward: -200.000, Length: 200, Loss: 9.1711, Entropy: 1.0922, Epsilon: 0.010
2026-04-19 01:52:00 | INFO | Episode 4856 - Reward: -200.000, Length: 200, Loss: 18.3267, Entropy: 1.0511, Epsilon: 0.010
2026-04-19 01:52:00 | INFO | Episode 4857 - Reward: -200.000, Length: 200, Loss: 15.8213, Entropy: 1.0826, Epsilon: 0.010
2026-04-19 01:52:01 | INFO | Episode 4858 - Reward: -200.000, Length: 200, Loss: 6.2509, Entropy: 1.0888, Epsilon: 0.010
2026-04-19 01:52:01 | INFO | Episode 4859 - Reward: -200.000, Length: 200, Loss: 21.9988, Entropy: 1.0849, Epsilon: 0.010
2026-04-19 01:52:01 | INFO | Episode 4860 - Reward: -200.000, Length: 200, Loss: 9.5001, Entropy: 1.0897, Epsilon: 0.010
2026-04-19 01:52:02 | INFO | Episode 4861 - Reward: -200.000, Length: 200, Loss: 19.5321, Entropy: 1.0643, Epsilon: 0.010
2026-04-19 01:52:02 | INFO | Episode 4862 - Reward: -200.000, Length: 200, Loss: 12.9069, Entropy: 1.0818, Epsilon: 0.010
2026-04-19 01:52:02 | INFO | Episode 4863 - Reward: -200.000, Length: 200, Loss: 32.0072, Entropy: 1.0640, Epsilon: 0.010
2026-04-19 01:52:03 | INFO | Episode 4864 - Reward: -200.000, Length: 200, Loss: 6.3876, Entropy: 1.0836, Epsilon: 0.010
2026-04-19 01:52:03 | INFO | Episode 4865 - Reward: -200.000, Length: 200, Loss: 16.0574, Entropy: 1.0672, Epsilon: 0.010
2026-04-19 01:52:03 | INFO | Episode 4866 - Reward: -200.000, Length: 200, Loss: 9.5879, Entropy: 1.0876, Epsilon: 0.010
2026-04-19 01:52:04 | INFO | Episode 4867 - Reward: -200.000, Length: 200, Loss: 18.9724, Entropy: 1.0894, Epsilon: 0.010
2026-04-19 01:52:04 | INFO | Episode 4868 - Reward: -200.000, Length: 200, Loss: 12.8321, Entropy: 1.0942, Epsilon: 0.010
2026-04-19 01:52:04 | INFO | Episode 4869 - Reward: -200.000, Length: 200, Loss: 12.7931, Entropy: 1.0841, Epsilon: 0.010
2026-04-19 01:52:05 | INFO | Episode 4870 - Reward: -200.000, Length: 200, Loss: 12.7208, Entropy: 1.0936, Epsilon: 0.010
2026-04-19 01:52:05 | INFO | Episode 4871 - Reward: -200.000, Length: 200, Loss: 12.4998, Entropy: 1.0829, Epsilon: 0.010
2026-04-19 01:52:06 | INFO | Episode 4872 - Reward: -200.000, Length: 200, Loss: 16.4811, Entropy: 1.0898, Epsilon: 0.010
2026-04-19 01:52:06 | INFO | Episode 4873 - Reward: -200.000, Length: 200, Loss: 22.4589, Entropy: 1.0906, Epsilon: 0.010
2026-04-19 01:52:06 | INFO | Episode 4874 - Reward: -200.000, Length: 200, Loss: 22.1807, Entropy: 1.0726, Epsilon: 0.010
2026-04-19 01:52:07 | INFO | Episode 4875 - Reward: -200.000, Length: 200, Loss: 6.2622, Entropy: 1.0857, Epsilon: 0.010
2026-04-19 01:52:07 | INFO | Episode 4876 - Reward: -200.000, Length: 200, Loss: 6.4839, Entropy: 1.0899, Epsilon: 0.010
2026-04-19 01:52:07 | INFO | Episode 4877 - Reward: -200.000, Length: 200, Loss: 9.4815, Entropy: 1.0922, Epsilon: 0.010
2026-04-19 01:52:08 | INFO | Episode 4878 - Reward: -200.000, Length: 200, Loss: 9.4753, Entropy: 1.0900, Epsilon: 0.010
2026-04-19 01:52:08 | INFO | Episode 4879 - Reward: -200.000, Length: 200, Loss: 21.9125, Entropy: 1.0678, Epsilon: 0.010
2026-04-19 01:52:08 | INFO | Episode 4880 - Reward: -200.000, Length: 200, Loss: 9.3769, Entropy: 1.0800, Epsilon: 0.010
2026-04-19 01:52:09 | INFO | Episode 4881 - Reward: -200.000, Length: 200, Loss: 6.3381, Entropy: 1.0881, Epsilon: 0.010
2026-04-19 01:52:09 | INFO | Episode 4882 - Reward: -200.000, Length: 200, Loss: 19.5931, Entropy: 1.0661, Epsilon: 0.010
2026-04-19 01:52:09 | INFO | Episode 4883 - Reward: -200.000, Length: 200, Loss: 9.6546, Entropy: 1.0927, Epsilon: 0.010
2026-04-19 01:52:10 | INFO | Episode 4884 - Reward: -200.000, Length: 200, Loss: 22.4266, Entropy: 1.0646, Epsilon: 0.010
2026-04-19 01:52:10 | INFO | Episode 4885 - Reward: -200.000, Length: 200, Loss: 25.9101, Entropy: 1.0767, Epsilon: 0.010
2026-04-19 01:52:11 | INFO | Episode 4886 - Reward: -200.000, Length: 200, Loss: 15.9053, Entropy: 1.0874, Epsilon: 0.010
2026-04-19 01:52:11 | INFO | Episode 4887 - Reward: -200.000, Length: 200, Loss: 19.3820, Entropy: 1.0797, Epsilon: 0.010
2026-04-19 01:52:11 | INFO | Episode 4888 - Reward: -200.000, Length: 200, Loss: 18.6861, Entropy: 1.0748, Epsilon: 0.010
2026-04-19 01:52:12 | INFO | Episode 4889 - Reward: -200.000, Length: 200, Loss: 12.7261, Entropy: 1.0876, Epsilon: 0.010
2026-04-19 01:52:12 | INFO | Episode 4890 - Reward: -200.000, Length: 200, Loss: 9.3777, Entropy: 1.0879, Epsilon: 0.010
2026-04-19 01:52:12 | INFO | Episode 4891 - Reward: -200.000, Length: 200, Loss: 13.0568, Entropy: 1.0780, Epsilon: 0.010
2026-04-19 01:52:13 | INFO | Episode 4892 - Reward: -200.000, Length: 200, Loss: 32.0393, Entropy: 1.0853, Epsilon: 0.010
2026-04-19 01:52:13 | INFO | Episode 4893 - Reward: -200.000, Length: 200, Loss: 19.4587, Entropy: 1.0942, Epsilon: 0.010
2026-04-19 01:52:13 | INFO | Episode 4894 - Reward: -200.000, Length: 200, Loss: 9.4638, Entropy: 1.0918, Epsilon: 0.010
2026-04-19 01:52:14 | INFO | Episode 4895 - Reward: -200.000, Length: 200, Loss: 6.5747, Entropy: 1.0924, Epsilon: 0.010
2026-04-19 01:52:14 | INFO | Episode 4896 - Reward: -200.000, Length: 200, Loss: 6.2331, Entropy: 1.0901, Epsilon: 0.010
2026-04-19 01:52:14 | INFO | Episode 4897 - Reward: -200.000, Length: 200, Loss: 22.7174, Entropy: 1.0739, Epsilon: 0.010
2026-04-19 01:52:15 | INFO | Episode 4898 - Reward: -200.000, Length: 200, Loss: 19.4655, Entropy: 1.0924, Epsilon: 0.010
2026-04-19 01:52:15 | INFO | Episode 4899 - Reward: -200.000, Length: 200, Loss: 26.8161, Entropy: 1.0587, Epsilon: 0.010
2026-04-19 01:52:15 | INFO | Episode 4900 - Reward: -200.000, Length: 200, Loss: 19.4080, Entropy: 1.0737, Epsilon: 0.010
2026-04-19 01:52:21 | INFO | [Episode 4900] eps=0.010  avg_reward=-200.000  avg_length=200.00  avg_loss= 16.2905  avg_entropy=1.0737  eval_success=0.000
2026-04-19 01:52:21 | INFO | Episode 4901 - Reward: -200.000, Length: 200, Loss: 9.4984, Entropy: 1.0822, Epsilon: 0.010
2026-04-19 01:52:21 | INFO | Episode 4902 - Reward: -200.000, Length: 200, Loss: 9.4751, Entropy: 1.0860, Epsilon: 0.010
2026-04-19 01:52:22 | INFO | Episode 4903 - Reward: -200.000, Length: 200, Loss: 6.2403, Entropy: 1.0948, Epsilon: 0.010
2026-04-19 01:52:22 | INFO | Episode 4904 - Reward: -200.000, Length: 200, Loss: 31.4824, Entropy: 1.0909, Epsilon: 0.010
2026-04-19 01:52:22 | INFO | Episode 4905 - Reward: -200.000, Length: 200, Loss: 19.1088, Entropy: 1.0650, Epsilon: 0.010
2026-04-19 01:52:23 | INFO | Episode 4906 - Reward: -200.000, Length: 200, Loss: 21.7204, Entropy: 1.0518, Epsilon: 0.010
2026-04-19 01:52:23 | INFO | Episode 4907 - Reward: -200.000, Length: 200, Loss: 15.5054, Entropy: 1.0443, Epsilon: 0.010
2026-04-19 01:52:23 | INFO | Episode 4908 - Reward: -200.000, Length: 200, Loss: 9.2397, Entropy: 1.0771, Epsilon: 0.010
2026-04-19 01:52:24 | INFO | Episode 4909 - Reward: -200.000, Length: 200, Loss: 6.1488, Entropy: 1.0897, Epsilon: 0.010
2026-04-19 01:52:24 | INFO | Episode 4910 - Reward: -200.000, Length: 200, Loss: 9.4590, Entropy: 1.0853, Epsilon: 0.010
2026-04-19 01:52:25 | INFO | Episode 4911 - Reward: -200.000, Length: 200, Loss: 19.6642, Entropy: 1.0843, Epsilon: 0.010
2026-04-19 01:52:25 | INFO | Episode 4912 - Reward: -200.000, Length: 200, Loss: 28.7106, Entropy: 1.0841, Epsilon: 0.010
2026-04-19 01:52:25 | INFO | Episode 4913 - Reward: -200.000, Length: 200, Loss: 16.1598, Entropy: 1.0846, Epsilon: 0.010
2026-04-19 01:52:26 | INFO | Episode 4914 - Reward: -200.000, Length: 200, Loss: 21.5314, Entropy: 1.0798, Epsilon: 0.010
2026-04-19 01:52:26 | INFO | Episode 4915 - Reward: -200.000, Length: 200, Loss: 12.3180, Entropy: 1.0766, Epsilon: 0.010
2026-04-19 01:52:26 | INFO | Episode 4916 - Reward: -200.000, Length: 200, Loss: 18.5842, Entropy: 1.0855, Epsilon: 0.010
2026-04-19 01:52:27 | INFO | Episode 4917 - Reward: -200.000, Length: 200, Loss: 12.3385, Entropy: 1.0840, Epsilon: 0.010
2026-04-19 01:52:27 | INFO | Episode 4918 - Reward: -200.000, Length: 200, Loss: 12.4069, Entropy: 1.0915, Epsilon: 0.010
2026-04-19 01:52:27 | INFO | Episode 4919 - Reward: -200.000, Length: 200, Loss: 27.5757, Entropy: 1.0874, Epsilon: 0.010
2026-04-19 01:52:28 | INFO | Episode 4920 - Reward: -200.000, Length: 200, Loss: 18.3610, Entropy: 1.0791, Epsilon: 0.010
2026-04-19 01:52:28 | INFO | Episode 4921 - Reward: -200.000, Length: 200, Loss: 18.4687, Entropy: 1.0817, Epsilon: 0.010
2026-04-19 01:52:28 | INFO | Episode 4922 - Reward: -200.000, Length: 200, Loss: 18.6265, Entropy: 1.0800, Epsilon: 0.010
2026-04-19 01:52:29 | INFO | Episode 4923 - Reward: -200.000, Length: 200, Loss: 24.7137, Entropy: 1.0533, Epsilon: 0.010
2026-04-19 01:52:29 | INFO | Episode 4924 - Reward: -200.000, Length: 200, Loss: 18.5670, Entropy: 1.0823, Epsilon: 0.010
2026-04-19 01:52:29 | INFO | Episode 4925 - Reward: -200.000, Length: 200, Loss: 28.0740, Entropy: 1.0231, Epsilon: 0.010
2026-04-19 01:52:30 | INFO | Episode 4926 - Reward: -200.000, Length: 200, Loss: 15.3279, Entropy: 1.0865, Epsilon: 0.010
2026-04-19 01:52:30 | INFO | Episode 4927 - Reward: -200.000, Length: 200, Loss: 15.4676, Entropy: 1.0743, Epsilon: 0.010
2026-04-19 01:52:30 | INFO | Episode 4928 - Reward: -200.000, Length: 200, Loss: 2.9878, Entropy: 1.0916, Epsilon: 0.010
2026-04-19 01:52:31 | INFO | Episode 4929 - Reward: -200.000, Length: 200, Loss: 15.5627, Entropy: 1.0615, Epsilon: 0.010
2026-04-19 01:52:31 | INFO | Episode 4930 - Reward: -200.000, Length: 200, Loss: 21.3977, Entropy: 1.0891, Epsilon: 0.010
2026-04-19 01:52:32 | INFO | Episode 4931 - Reward: -200.000, Length: 200, Loss: 12.3921, Entropy: 1.0902, Epsilon: 0.010
2026-04-19 01:52:32 | INFO | Episode 4932 - Reward: -200.000, Length: 200, Loss: 18.6969, Entropy: 1.0827, Epsilon: 0.010
2026-04-19 01:52:32 | INFO | Episode 4933 - Reward: -200.000, Length: 200, Loss: 3.0227, Entropy: 1.0925, Epsilon: 0.010
2026-04-19 01:52:33 | INFO | Episode 4934 - Reward: -200.000, Length: 200, Loss: 15.4263, Entropy: 1.0839, Epsilon: 0.010
2026-04-19 01:52:33 | INFO | Episode 4935 - Reward: -200.000, Length: 200, Loss: 3.2646, Entropy: 1.0938, Epsilon: 0.010
2026-04-19 01:52:33 | INFO | Episode 4936 - Reward: -200.000, Length: 200, Loss: 15.7054, Entropy: 1.0875, Epsilon: 0.010
2026-04-19 01:52:34 | INFO | Episode 4937 - Reward: -200.000, Length: 200, Loss: 9.3273, Entropy: 1.0835, Epsilon: 0.010
2026-04-19 01:52:34 | INFO | Episode 4938 - Reward: -200.000, Length: 200, Loss: 16.2390, Entropy: 1.0879, Epsilon: 0.010
2026-04-19 01:52:34 | INFO | Episode 4939 - Reward: -200.000, Length: 200, Loss: 6.5405, Entropy: 1.0905, Epsilon: 0.010
2026-04-19 01:52:35 | INFO | Episode 4940 - Reward: -200.000, Length: 200, Loss: 25.6227, Entropy: 1.0855, Epsilon: 0.010
2026-04-19 01:52:35 | INFO | Episode 4941 - Reward: -200.000, Length: 200, Loss: 22.0221, Entropy: 1.0750, Epsilon: 0.010
2026-04-19 01:52:35 | INFO | Episode 4942 - Reward: -200.000, Length: 200, Loss: 28.5113, Entropy: 1.0770, Epsilon: 0.010
2026-04-19 01:52:36 | INFO | Episode 4943 - Reward: -200.000, Length: 200, Loss: 9.9715, Entropy: 1.0855, Epsilon: 0.010
2026-04-19 01:52:36 | INFO | Episode 4944 - Reward: -200.000, Length: 200, Loss: 6.4821, Entropy: 1.0876, Epsilon: 0.010
2026-04-19 01:52:36 | INFO | Episode 4945 - Reward: -200.000, Length: 200, Loss: 18.7809, Entropy: 1.0832, Epsilon: 0.010
2026-04-19 01:52:37 | INFO | Episode 4946 - Reward: -200.000, Length: 200, Loss: 12.6715, Entropy: 1.0841, Epsilon: 0.010
2026-04-19 01:52:37 | INFO | Episode 4947 - Reward: -200.000, Length: 200, Loss: 9.7230, Entropy: 1.0934, Epsilon: 0.010
2026-04-19 01:52:38 | INFO | Episode 4948 - Reward: -200.000, Length: 200, Loss: 12.7584, Entropy: 1.0927, Epsilon: 0.010
2026-04-19 01:52:38 | INFO | Episode 4949 - Reward: -200.000, Length: 200, Loss: 12.9314, Entropy: 1.0811, Epsilon: 0.010
2026-04-19 01:52:38 | INFO | Episode 4950 - Reward: -200.000, Length: 200, Loss: 12.7239, Entropy: 1.0862, Epsilon: 0.010
2026-04-19 01:52:39 | INFO | Episode 4951 - Reward: -200.000, Length: 200, Loss: 38.9377, Entropy: 1.0693, Epsilon: 0.010
2026-04-19 01:52:39 | INFO | Episode 4952 - Reward: -200.000, Length: 200, Loss: 9.7528, Entropy: 1.0896, Epsilon: 0.010
2026-04-19 01:52:39 | INFO | Episode 4953 - Reward: -200.000, Length: 200, Loss: 28.3985, Entropy: 1.0518, Epsilon: 0.010
2026-04-19 01:52:40 | INFO | Episode 4954 - Reward: -200.000, Length: 200, Loss: 3.2435, Entropy: 1.0845, Epsilon: 0.010
2026-04-19 01:52:40 | INFO | Episode 4955 - Reward: -200.000, Length: 200, Loss: 19.2181, Entropy: 1.0924, Epsilon: 0.010
2026-04-19 01:52:40 | INFO | Episode 4956 - Reward: -200.000, Length: 200, Loss: 15.8278, Entropy: 1.0806, Epsilon: 0.010
2026-04-19 01:52:41 | INFO | Episode 4957 - Reward: -200.000, Length: 200, Loss: 15.8461, Entropy: 1.0793, Epsilon: 0.010
2026-04-19 01:52:41 | INFO | Episode 4958 - Reward: -200.000, Length: 200, Loss: 16.1704, Entropy: 1.0845, Epsilon: 0.010
2026-04-19 01:52:41 | INFO | Episode 4959 - Reward: -200.000, Length: 200, Loss: 12.7726, Entropy: 1.0862, Epsilon: 0.010
2026-04-19 01:52:42 | INFO | Episode 4960 - Reward: -200.000, Length: 200, Loss: 28.2430, Entropy: 1.0841, Epsilon: 0.010
2026-04-19 01:52:42 | INFO | Episode 4961 - Reward: -200.000, Length: 200, Loss: 18.6625, Entropy: 1.0784, Epsilon: 0.010
2026-04-19 01:52:43 | INFO | Episode 4962 - Reward: -200.000, Length: 200, Loss: 21.6649, Entropy: 1.0867, Epsilon: 0.010
2026-04-19 01:52:43 | INFO | Episode 4963 - Reward: -200.000, Length: 200, Loss: 21.8389, Entropy: 1.0439, Epsilon: 0.010
2026-04-19 01:52:43 | INFO | Episode 4964 - Reward: -200.000, Length: 200, Loss: 15.7352, Entropy: 1.0583, Epsilon: 0.010
2026-04-19 01:52:44 | INFO | Episode 4965 - Reward: -200.000, Length: 200, Loss: 9.3755, Entropy: 1.0931, Epsilon: 0.010
2026-04-19 01:52:44 | INFO | Episode 4966 - Reward: -200.000, Length: 200, Loss: 19.0958, Entropy: 1.0896, Epsilon: 0.010
2026-04-19 01:52:44 | INFO | Episode 4967 - Reward: -200.000, Length: 200, Loss: 15.7739, Entropy: 1.0677, Epsilon: 0.010
2026-04-19 01:52:45 | INFO | Episode 4968 - Reward: -200.000, Length: 200, Loss: 15.9981, Entropy: 1.0756, Epsilon: 0.010
2026-04-19 01:52:45 | INFO | Episode 4969 - Reward: -200.000, Length: 200, Loss: 6.2197, Entropy: 1.0941, Epsilon: 0.010
2026-04-19 01:52:45 | INFO | Episode 4970 - Reward: -200.000, Length: 200, Loss: 25.1888, Entropy: 1.0635, Epsilon: 0.010
2026-04-19 01:52:46 | INFO | Episode 4971 - Reward: -200.000, Length: 200, Loss: 12.4744, Entropy: 1.0805, Epsilon: 0.010
2026-04-19 01:52:46 | INFO | Episode 4972 - Reward: -200.000, Length: 200, Loss: 22.4154, Entropy: 1.0501, Epsilon: 0.010
2026-04-19 01:52:46 | INFO | Episode 4973 - Reward: -200.000, Length: 200, Loss: 21.8629, Entropy: 1.0773, Epsilon: 0.010
2026-04-19 01:52:47 | INFO | Episode 4974 - Reward: -200.000, Length: 200, Loss: 9.6184, Entropy: 1.0774, Epsilon: 0.010
2026-04-19 01:52:47 | INFO | Episode 4975 - Reward: -200.000, Length: 200, Loss: 12.5744, Entropy: 1.0816, Epsilon: 0.010
2026-04-19 01:52:47 | INFO | Episode 4976 - Reward: -200.000, Length: 200, Loss: 19.5941, Entropy: 1.0846, Epsilon: 0.010
2026-04-19 01:52:48 | INFO | Episode 4977 - Reward: -200.000, Length: 200, Loss: 26.1358, Entropy: 1.0775, Epsilon: 0.010
2026-04-19 01:52:48 | INFO | Episode 4978 - Reward: -200.000, Length: 200, Loss: 13.1446, Entropy: 1.0835, Epsilon: 0.010
2026-04-19 01:52:49 | INFO | Episode 4979 - Reward: -200.000, Length: 200, Loss: 6.5530, Entropy: 1.0920, Epsilon: 0.010
2026-04-19 01:52:49 | INFO | Episode 4980 - Reward: -200.000, Length: 200, Loss: 16.6275, Entropy: 1.0930, Epsilon: 0.010
2026-04-19 01:52:49 | INFO | Episode 4981 - Reward: -200.000, Length: 200, Loss: 18.6697, Entropy: 1.0605, Epsilon: 0.010
2026-04-19 01:52:50 | INFO | Episode 4982 - Reward: -200.000, Length: 200, Loss: 6.3453, Entropy: 1.0819, Epsilon: 0.010
2026-04-19 01:52:50 | INFO | Episode 4983 - Reward: -200.000, Length: 200, Loss: 3.2398, Entropy: 1.0954, Epsilon: 0.010
2026-04-19 01:52:50 | INFO | Episode 4984 - Reward: -200.000, Length: 200, Loss: 9.8237, Entropy: 1.0828, Epsilon: 0.010
2026-04-19 01:52:51 | INFO | Episode 4985 - Reward: -200.000, Length: 200, Loss: 19.9042, Entropy: 1.0813, Epsilon: 0.010
2026-04-19 01:52:51 | INFO | Episode 4986 - Reward: -200.000, Length: 200, Loss: 9.8736, Entropy: 1.0871, Epsilon: 0.010
2026-04-19 01:52:51 | INFO | Episode 4987 - Reward: -200.000, Length: 200, Loss: 12.9341, Entropy: 1.0838, Epsilon: 0.010
2026-04-19 01:52:52 | INFO | Episode 4988 - Reward: -200.000, Length: 200, Loss: 3.1322, Entropy: 1.0937, Epsilon: 0.010
2026-04-19 01:52:52 | INFO | Episode 4989 - Reward: -200.000, Length: 200, Loss: 16.8859, Entropy: 1.0804, Epsilon: 0.010
2026-04-19 01:52:52 | INFO | Episode 4990 - Reward: -200.000, Length: 200, Loss: 16.6686, Entropy: 1.0694, Epsilon: 0.010
2026-04-19 01:52:53 | INFO | Episode 4991 - Reward: -200.000, Length: 200, Loss: 9.8977, Entropy: 1.0702, Epsilon: 0.010
2026-04-19 01:52:53 | INFO | Episode 4992 - Reward: -200.000, Length: 200, Loss: 6.4211, Entropy: 1.0885, Epsilon: 0.010
2026-04-19 01:52:53 | INFO | Episode 4993 - Reward: -200.000, Length: 200, Loss: 16.5251, Entropy: 1.0852, Epsilon: 0.010
2026-04-19 01:52:54 | INFO | Episode 4994 - Reward: -200.000, Length: 200, Loss: 24.6183, Entropy: 1.0744, Epsilon: 0.010
2026-04-19 01:52:54 | INFO | Episode 4995 - Reward: -200.000, Length: 200, Loss: 18.7832, Entropy: 1.0814, Epsilon: 0.010
2026-04-19 01:52:55 | INFO | Episode 4996 - Reward: -200.000, Length: 200, Loss: 9.3756, Entropy: 1.0879, Epsilon: 0.010
2026-04-19 01:52:55 | INFO | Episode 4997 - Reward: -200.000, Length: 200, Loss: 6.1767, Entropy: 1.0861, Epsilon: 0.010
2026-04-19 01:52:55 | INFO | Episode 4998 - Reward: -200.000, Length: 200, Loss: 35.1707, Entropy: 1.0747, Epsilon: 0.010
2026-04-19 01:52:56 | INFO | Episode 4999 - Reward: -200.000, Length: 200, Loss: 15.6086, Entropy: 1.0885, Epsilon: 0.010
2026-04-19 01:52:56 | INFO | Episode 5000 - Reward: -200.000, Length: 200, Loss: 6.1500, Entropy: 1.0930, Epsilon: 0.010
2026-04-19 01:53:01 | INFO | [Episode 5000] eps=0.010  avg_reward=-200.000  avg_length=200.00  avg_loss= 15.6270  avg_entropy=1.0930  eval_success=0.000
2026-04-19 01:53:01 | INFO | Episode 5001 - Reward: -200.000, Length: 200, Loss: 9.3806, Entropy: 1.0926, Epsilon: 0.010
2026-04-19 01:53:01 | INFO | Episode 5002 - Reward: -200.000, Length: 200, Loss: 6.1157, Entropy: 1.0893, Epsilon: 0.010
2026-04-19 01:53:02 | INFO | Episode 5003 - Reward: -200.000, Length: 200, Loss: 31.1605, Entropy: 1.0668, Epsilon: 0.010
2026-04-19 01:53:02 | INFO | Episode 5004 - Reward: -200.000, Length: 200, Loss: 18.2441, Entropy: 1.0861, Epsilon: 0.010
2026-04-19 01:53:02 | INFO | Episode 5005 - Reward: -200.000, Length: 200, Loss: 8.7942, Entropy: 1.0889, Epsilon: 0.010
2026-04-19 01:53:03 | INFO | Episode 5006 - Reward: -200.000, Length: 200, Loss: 9.1369, Entropy: 1.0828, Epsilon: 0.010
2026-04-19 01:53:03 | INFO | Episode 5007 - Reward: -200.000, Length: 200, Loss: 27.4502, Entropy: 1.0855, Epsilon: 0.010
2026-04-19 01:53:04 | INFO | Episode 5008 - Reward: -200.000, Length: 200, Loss: 6.3578, Entropy: 1.0929, Epsilon: 0.010
2026-04-19 01:53:04 | INFO | Episode 5009 - Reward: -200.000, Length: 200, Loss: 9.2492, Entropy: 1.0935, Epsilon: 0.010
2026-04-19 01:53:04 | INFO | Episode 5010 - Reward: -200.000, Length: 200, Loss: 9.0599, Entropy: 1.0926, Epsilon: 0.010
2026-04-19 01:53:05 | INFO | Episode 5011 - Reward: -200.000, Length: 200, Loss: 12.0778, Entropy: 1.0828, Epsilon: 0.010
2026-04-19 01:53:05 | INFO | Episode 5012 - Reward: -200.000, Length: 200, Loss: 18.6112, Entropy: 1.0653, Epsilon: 0.010
2026-04-19 01:53:05 | INFO | Episode 5013 - Reward: -200.000, Length: 200, Loss: 27.9821, Entropy: 1.0643, Epsilon: 0.010
2026-04-19 01:53:06 | INFO | Episode 5014 - Reward: -200.000, Length: 200, Loss: 15.6580, Entropy: 1.0815, Epsilon: 0.010
2026-04-19 01:53:06 | INFO | Episode 5015 - Reward: -200.000, Length: 200, Loss: 12.7095, Entropy: 1.0780, Epsilon: 0.010
2026-04-19 01:53:06 | INFO | Episode 5016 - Reward: -200.000, Length: 200, Loss: 12.5301, Entropy: 1.0784, Epsilon: 0.010
2026-04-19 01:53:07 | INFO | Episode 5017 - Reward: -200.000, Length: 200, Loss: 19.1011, Entropy: 1.0648, Epsilon: 0.010
2026-04-19 01:53:07 | INFO | Episode 5018 - Reward: -200.000, Length: 200, Loss: 15.4552, Entropy: 1.0739, Epsilon: 0.010
2026-04-19 01:53:07 | INFO | Episode 5019 - Reward: -200.000, Length: 200, Loss: 24.7978, Entropy: 1.0646, Epsilon: 0.010
2026-04-19 01:53:08 | INFO | Episode 5020 - Reward: -200.000, Length: 200, Loss: 24.8859, Entropy: 1.0785, Epsilon: 0.010
2026-04-19 01:53:08 | INFO | Episode 5021 - Reward: -200.000, Length: 200, Loss: 24.6742, Entropy: 1.0758, Epsilon: 0.010
2026-04-19 01:53:08 | INFO | Episode 5022 - Reward: -200.000, Length: 200, Loss: 22.3846, Entropy: 1.0821, Epsilon: 0.010
2026-04-19 01:53:09 | INFO | Episode 5023 - Reward: -200.000, Length: 200, Loss: 15.5046, Entropy: 1.0771, Epsilon: 0.010
2026-04-19 01:53:09 | INFO | Episode 5024 - Reward: -200.000, Length: 200, Loss: 12.5846, Entropy: 1.0914, Epsilon: 0.010
2026-04-19 01:53:09 | INFO | Episode 5025 - Reward: -200.000, Length: 200, Loss: 12.8060, Entropy: 1.0938, Epsilon: 0.010
2026-04-19 01:53:10 | INFO | Episode 5026 - Reward: -200.000, Length: 200, Loss: 15.5875, Entropy: 1.0947, Epsilon: 0.010
2026-04-19 01:53:10 | INFO | Episode 5027 - Reward: -200.000, Length: 200, Loss: 9.4870, Entropy: 1.0898, Epsilon: 0.010
2026-04-19 01:53:11 | INFO | Episode 5028 - Reward: -200.000, Length: 200, Loss: 5.9136, Entropy: 1.0890, Epsilon: 0.010
2026-04-19 01:53:11 | INFO | Episode 5029 - Reward: -200.000, Length: 200, Loss: 13.0402, Entropy: 1.0691, Epsilon: 0.010
2026-04-19 01:53:11 | INFO | Episode 5030 - Reward: -200.000, Length: 200, Loss: 19.2448, Entropy: 1.0805, Epsilon: 0.010
2026-04-19 01:53:12 | INFO | Episode 5031 - Reward: -200.000, Length: 200, Loss: 6.2720, Entropy: 1.0929, Epsilon: 0.010
2026-04-19 01:53:12 | INFO | Episode 5032 - Reward: -200.000, Length: 200, Loss: 6.4170, Entropy: 1.0902, Epsilon: 0.010
2026-04-19 01:53:12 | INFO | Episode 5033 - Reward: -200.000, Length: 200, Loss: 3.1916, Entropy: 1.0913, Epsilon: 0.010
2026-04-19 01:53:13 | INFO | Episode 5034 - Reward: -200.000, Length: 200, Loss: 19.5671, Entropy: 1.0802, Epsilon: 0.010
2026-04-19 01:53:13 | INFO | Episode 5035 - Reward: -200.000, Length: 200, Loss: 19.2101, Entropy: 1.0814, Epsilon: 0.010
2026-04-19 01:53:13 | INFO | Episode 5036 - Reward: -200.000, Length: 200, Loss: 16.2364, Entropy: 1.0895, Epsilon: 0.010
2026-04-19 01:53:14 | INFO | Episode 5037 - Reward: -200.000, Length: 200, Loss: 13.0205, Entropy: 1.0750, Epsilon: 0.010
2026-04-19 01:53:14 | INFO | Episode 5038 - Reward: -200.000, Length: 200, Loss: 9.5001, Entropy: 1.0641, Epsilon: 0.010
2026-04-19 01:53:14 | INFO | Episode 5039 - Reward: -200.000, Length: 200, Loss: 16.1389, Entropy: 1.0828, Epsilon: 0.010
2026-04-19 01:53:15 | INFO | Episode 5040 - Reward: -200.000, Length: 200, Loss: 22.6569, Entropy: 1.0752, Epsilon: 0.010
2026-04-19 01:53:15 | INFO | Episode 5041 - Reward: -200.000, Length: 200, Loss: 15.9063, Entropy: 1.0847, Epsilon: 0.010
2026-04-19 01:53:16 | INFO | Episode 5042 - Reward: -200.000, Length: 200, Loss: 19.3955, Entropy: 1.0510, Epsilon: 0.010
2026-04-19 01:53:16 | INFO | Episode 5043 - Reward: -200.000, Length: 200, Loss: 16.1599, Entropy: 1.0627, Epsilon: 0.010
2026-04-19 01:53:16 | INFO | Episode 5044 - Reward: -200.000, Length: 200, Loss: 19.0417, Entropy: 1.0578, Epsilon: 0.010
2026-04-19 01:53:17 | INFO | Episode 5045 - Reward: -200.000, Length: 200, Loss: 9.4117, Entropy: 1.0620, Epsilon: 0.010
2026-04-19 01:53:17 | INFO | Episode 5046 - Reward: -200.000, Length: 200, Loss: 15.6728, Entropy: 1.0522, Epsilon: 0.010
2026-04-19 01:53:17 | INFO | Episode 5047 - Reward: -200.000, Length: 200, Loss: 15.5733, Entropy: 1.0797, Epsilon: 0.010
2026-04-19 01:53:18 | INFO | Episode 5048 - Reward: -200.000, Length: 200, Loss: 3.2112, Entropy: 1.0953, Epsilon: 0.010
2026-04-19 01:53:18 | INFO | Episode 5049 - Reward: -200.000, Length: 200, Loss: 25.7539, Entropy: 1.0767, Epsilon: 0.010
2026-04-19 01:53:18 | INFO | Episode 5050 - Reward: -200.000, Length: 200, Loss: 19.4003, Entropy: 1.0767, Epsilon: 0.010
2026-04-19 01:53:19 | INFO | Episode 5051 - Reward: -200.000, Length: 200, Loss: 31.2808, Entropy: 1.0451, Epsilon: 0.010
2026-04-19 01:53:19 | INFO | Episode 5052 - Reward: -200.000, Length: 200, Loss: 13.0232, Entropy: 1.0804, Epsilon: 0.010
2026-04-19 01:53:19 | INFO | Episode 5053 - Reward: -200.000, Length: 200, Loss: 6.4621, Entropy: 1.0847, Epsilon: 0.010
2026-04-19 01:53:20 | INFO | Episode 5054 - Reward: -200.000, Length: 200, Loss: 9.4393, Entropy: 1.0775, Epsilon: 0.010
2026-04-19 01:53:20 | INFO | Episode 5055 - Reward: -200.000, Length: 200, Loss: 25.2275, Entropy: 1.0547, Epsilon: 0.010
2026-04-19 01:53:20 | INFO | Episode 5056 - Reward: -200.000, Length: 200, Loss: 18.4219, Entropy: 1.0703, Epsilon: 0.010
2026-04-19 01:53:21 | INFO | Episode 5057 - Reward: -200.000, Length: 200, Loss: 14.8040, Entropy: 1.0734, Epsilon: 0.010
2026-04-19 01:53:21 | INFO | Episode 5058 - Reward: -200.000, Length: 200, Loss: 15.9479, Entropy: 1.0693, Epsilon: 0.010
2026-04-19 01:53:23 | INFO | Episode 5059 - Reward: -200.000, Length: 200, Loss: 21.1771, Entropy: 1.0847, Epsilon: 0.010
2026-04-19 01:53:24 | INFO | Episode 5060 - Reward: -200.000, Length: 200, Loss: 6.0797, Entropy: 1.0797, Epsilon: 0.010
2026-04-19 01:53:24 | INFO | Episode 5061 - Reward: -200.000, Length: 200, Loss: 9.3475, Entropy: 1.0855, Epsilon: 0.010
2026-04-19 01:53:24 | INFO | Episode 5062 - Reward: -200.000, Length: 200, Loss: 18.8130, Entropy: 1.0543, Epsilon: 0.010
2026-04-19 01:53:25 | INFO | Episode 5063 - Reward: -200.000, Length: 200, Loss: 24.7393, Entropy: 1.0741, Epsilon: 0.010
2026-04-19 01:53:25 | INFO | Episode 5064 - Reward: -200.000, Length: 200, Loss: 6.0108, Entropy: 1.0822, Epsilon: 0.010
2026-04-19 01:53:25 | INFO | Episode 5065 - Reward: -200.000, Length: 200, Loss: 2.9671, Entropy: 1.0941, Epsilon: 0.010
2026-04-19 01:53:26 | INFO | Episode 5066 - Reward: -200.000, Length: 200, Loss: 6.2653, Entropy: 1.0915, Epsilon: 0.010
2026-04-19 01:53:26 | INFO | Episode 5067 - Reward: -200.000, Length: 200, Loss: 9.1598, Entropy: 1.0863, Epsilon: 0.010
2026-04-19 01:53:26 | INFO | Episode 5068 - Reward: -200.000, Length: 200, Loss: 18.2317, Entropy: 1.0831, Epsilon: 0.010
2026-04-19 01:53:27 | INFO | Episode 5069 - Reward: -200.000, Length: 200, Loss: 21.7286, Entropy: 1.0880, Epsilon: 0.010
2026-04-19 01:53:27 | INFO | Episode 5070 - Reward: -200.000, Length: 200, Loss: 9.4435, Entropy: 1.0903, Epsilon: 0.010
2026-04-19 01:53:27 | INFO | Episode 5071 - Reward: -200.000, Length: 200, Loss: 9.3790, Entropy: 1.0713, Epsilon: 0.010
2026-04-19 01:53:28 | INFO | Episode 5072 - Reward: -200.000, Length: 200, Loss: 21.8152, Entropy: 1.0803, Epsilon: 0.010
2026-04-19 01:53:28 | INFO | Episode 5073 - Reward: -200.000, Length: 200, Loss: 18.7787, Entropy: 1.0902, Epsilon: 0.010
2026-04-19 01:53:28 | INFO | Episode 5074 - Reward: -200.000, Length: 200, Loss: 22.1603, Entropy: 1.0789, Epsilon: 0.010
2026-04-19 01:53:29 | INFO | Episode 5075 - Reward: -200.000, Length: 200, Loss: 16.0379, Entropy: 1.0809, Epsilon: 0.010
2026-04-19 01:53:29 | INFO | Episode 5076 - Reward: -200.000, Length: 200, Loss: 15.8552, Entropy: 1.0869, Epsilon: 0.010
2026-04-19 01:53:30 | INFO | Episode 5077 - Reward: -200.000, Length: 200, Loss: 12.6640, Entropy: 1.0928, Epsilon: 0.010
2026-04-19 01:53:30 | INFO | Episode 5078 - Reward: -200.000, Length: 200, Loss: 16.2489, Entropy: 1.0834, Epsilon: 0.010
2026-04-19 01:53:30 | INFO | Episode 5079 - Reward: -200.000, Length: 200, Loss: 28.5335, Entropy: 1.0433, Epsilon: 0.010
2026-04-19 01:53:31 | INFO | Episode 5080 - Reward: -200.000, Length: 200, Loss: 6.6706, Entropy: 1.0695, Epsilon: 0.010
2026-04-19 01:53:31 | INFO | Episode 5081 - Reward: -200.000, Length: 200, Loss: 6.3973, Entropy: 1.0886, Epsilon: 0.010
2026-04-19 01:53:31 | INFO | Episode 5082 - Reward: -200.000, Length: 200, Loss: 16.3058, Entropy: 1.0843, Epsilon: 0.010
2026-04-19 01:53:32 | INFO | Episode 5083 - Reward: -200.000, Length: 200, Loss: 26.2306, Entropy: 1.0653, Epsilon: 0.010
2026-04-19 01:53:32 | INFO | Episode 5084 - Reward: -200.000, Length: 200, Loss: 16.0687, Entropy: 1.0809, Epsilon: 0.010
2026-04-19 01:53:32 | INFO | Episode 5085 - Reward: -200.000, Length: 200, Loss: 9.6380, Entropy: 1.0932, Epsilon: 0.010
2026-04-19 01:53:33 | INFO | Episode 5086 - Reward: -200.000, Length: 200, Loss: 22.5147, Entropy: 1.0408, Epsilon: 0.010
2026-04-19 01:53:33 | INFO | Episode 5087 - Reward: -200.000, Length: 200, Loss: 19.0434, Entropy: 1.0815, Epsilon: 0.010
2026-04-19 01:53:33 | INFO | Episode 5088 - Reward: -200.000, Length: 200, Loss: 25.7324, Entropy: 1.0723, Epsilon: 0.010
2026-04-19 01:53:34 | INFO | Episode 5089 - Reward: -200.000, Length: 200, Loss: 29.0647, Entropy: 1.0840, Epsilon: 0.010
2026-04-19 01:53:34 | INFO | Episode 5090 - Reward: -200.000, Length: 200, Loss: 12.8388, Entropy: 1.0727, Epsilon: 0.010
2026-04-19 01:53:34 | INFO | Episode 5091 - Reward: -200.000, Length: 200, Loss: 18.9739, Entropy: 1.0619, Epsilon: 0.010
2026-04-19 01:53:35 | INFO | Episode 5092 - Reward: -200.000, Length: 200, Loss: 12.6968, Entropy: 1.0662, Epsilon: 0.010
2026-04-19 01:53:35 | INFO | Episode 5093 - Reward: -200.000, Length: 200, Loss: 9.6531, Entropy: 1.0915, Epsilon: 0.010
2026-04-19 01:53:36 | INFO | Episode 5094 - Reward: -200.000, Length: 200, Loss: 9.7420, Entropy: 1.0920, Epsilon: 0.010
2026-04-19 01:53:36 | INFO | Episode 5095 - Reward: -200.000, Length: 200, Loss: 16.2229, Entropy: 1.0747, Epsilon: 0.010
2026-04-19 01:53:36 | INFO | Episode 5096 - Reward: -200.000, Length: 200, Loss: 15.6987, Entropy: 1.0863, Epsilon: 0.010
2026-04-19 01:53:37 | INFO | Episode 5097 - Reward: -200.000, Length: 200, Loss: 18.9489, Entropy: 1.0849, Epsilon: 0.010
2026-04-19 01:53:37 | INFO | Episode 5098 - Reward: -200.000, Length: 200, Loss: 6.4948, Entropy: 1.0800, Epsilon: 0.010
2026-04-19 01:53:37 | INFO | Episode 5099 - Reward: -200.000, Length: 200, Loss: 19.0301, Entropy: 1.0906, Epsilon: 0.010
2026-04-19 01:53:38 | INFO | Episode 5100 - Reward: -200.000, Length: 200, Loss: 12.7846, Entropy: 1.0723, Epsilon: 0.010
2026-04-19 01:53:43 | INFO | [Episode 5100] eps=0.010  avg_reward=-200.000  avg_length=200.00  avg_loss= 15.4252  avg_entropy=1.0723  eval_success=0.000
2026-04-19 01:53:43 | INFO | Episode 5101 - Reward: -200.000, Length: 200, Loss: 3.1919, Entropy: 1.0942, Epsilon: 0.010
2026-04-19 01:53:43 | INFO | Episode 5102 - Reward: -200.000, Length: 200, Loss: 25.9543, Entropy: 1.0489, Epsilon: 0.010
2026-04-19 01:53:44 | INFO | Episode 5103 - Reward: -200.000, Length: 200, Loss: 16.0643, Entropy: 1.0835, Epsilon: 0.010
2026-04-19 01:53:44 | INFO | Episode 5104 - Reward: -200.000, Length: 200, Loss: 15.9977, Entropy: 1.0903, Epsilon: 0.010
2026-04-19 01:53:44 | INFO | Episode 5105 - Reward: -200.000, Length: 200, Loss: 13.0176, Entropy: 1.0824, Epsilon: 0.010
2026-04-19 01:53:45 | INFO | Episode 5106 - Reward: -200.000, Length: 200, Loss: 19.3899, Entropy: 1.0571, Epsilon: 0.010
2026-04-19 01:53:45 | INFO | Episode 5107 - Reward: -200.000, Length: 200, Loss: 22.5042, Entropy: 1.0588, Epsilon: 0.010
2026-04-19 01:53:45 | INFO | Episode 5108 - Reward: -200.000, Length: 200, Loss: 15.9525, Entropy: 1.0772, Epsilon: 0.010
2026-04-19 01:53:46 | INFO | Episode 5109 - Reward: -200.000, Length: 200, Loss: 19.1145, Entropy: 1.0738, Epsilon: 0.010
2026-04-19 01:53:46 | INFO | Episode 5110 - Reward: -200.000, Length: 200, Loss: 15.9203, Entropy: 1.0733, Epsilon: 0.010
2026-04-19 01:53:47 | INFO | Episode 5111 - Reward: -200.000, Length: 200, Loss: 3.2373, Entropy: 1.0912, Epsilon: 0.010
2026-04-19 01:53:47 | INFO | Episode 5112 - Reward: -200.000, Length: 200, Loss: 15.6824, Entropy: 1.0879, Epsilon: 0.010
2026-04-19 01:53:47 | INFO | Episode 5113 - Reward: -200.000, Length: 200, Loss: 28.9705, Entropy: 1.0693, Epsilon: 0.010
2026-04-19 01:53:48 | INFO | Episode 5114 - Reward: -200.000, Length: 200, Loss: 19.2844, Entropy: 1.0727, Epsilon: 0.010
2026-04-19 01:53:48 | INFO | Episode 5115 - Reward: -200.000, Length: 200, Loss: 13.0060, Entropy: 1.0710, Epsilon: 0.010
2026-04-19 01:53:48 | INFO | Episode 5116 - Reward: -200.000, Length: 200, Loss: 9.6165, Entropy: 1.0963, Epsilon: 0.010
2026-04-19 01:53:49 | INFO | Episode 5117 - Reward: -200.000, Length: 200, Loss: 16.2128, Entropy: 1.0859, Epsilon: 0.010
2026-04-19 01:53:49 | INFO | Episode 5118 - Reward: -200.000, Length: 200, Loss: 9.9628, Entropy: 1.0817, Epsilon: 0.010
2026-04-19 01:53:49 | INFO | Episode 5119 - Reward: -200.000, Length: 200, Loss: 16.3467, Entropy: 1.0797, Epsilon: 0.010
2026-04-19 01:53:50 | INFO | Episode 5120 - Reward: -200.000, Length: 200, Loss: 19.1889, Entropy: 1.0685, Epsilon: 0.010
2026-04-19 01:53:50 | INFO | Episode 5121 - Reward: -200.000, Length: 200, Loss: 25.3812, Entropy: 1.0654, Epsilon: 0.010
2026-04-19 01:53:50 | INFO | Episode 5122 - Reward: -200.000, Length: 200, Loss: 6.4554, Entropy: 1.0910, Epsilon: 0.010
2026-04-19 01:53:51 | INFO | Episode 5123 - Reward: -200.000, Length: 200, Loss: 16.0794, Entropy: 1.0823, Epsilon: 0.010
2026-04-19 01:53:51 | INFO | Episode 5124 - Reward: -200.000, Length: 200, Loss: 13.1832, Entropy: 1.0756, Epsilon: 0.010
2026-04-19 01:53:52 | INFO | Episode 5125 - Reward: -200.000, Length: 200, Loss: 35.8347, Entropy: 1.0744, Epsilon: 0.010
2026-04-19 01:53:52 | INFO | Episode 5126 - Reward: -200.000, Length: 200, Loss: 10.0747, Entropy: 1.0849, Epsilon: 0.010
2026-04-19 01:53:52 | INFO | Episode 5127 - Reward: -200.000, Length: 200, Loss: 23.0662, Entropy: 1.0835, Epsilon: 0.010
2026-04-19 01:53:53 | INFO | Episode 5128 - Reward: -200.000, Length: 200, Loss: 29.3999, Entropy: 1.0705, Epsilon: 0.010
2026-04-19 01:53:53 | INFO | Episode 5129 - Reward: -200.000, Length: 200, Loss: 12.8151, Entropy: 1.0782, Epsilon: 0.010
2026-04-19 01:53:53 | INFO | Episode 5130 - Reward: -200.000, Length: 200, Loss: 13.0867, Entropy: 1.0887, Epsilon: 0.010
2026-04-19 01:53:54 | INFO | Episode 5131 - Reward: -200.000, Length: 200, Loss: 12.7337, Entropy: 1.0817, Epsilon: 0.010
2026-04-19 01:53:54 | INFO | Episode 5132 - Reward: -200.000, Length: 200, Loss: 22.1398, Entropy: 1.0566, Epsilon: 0.010
2026-04-19 01:53:54 | INFO | Episode 5133 - Reward: -200.000, Length: 200, Loss: 9.5737, Entropy: 1.0600, Epsilon: 0.010
2026-04-19 01:53:55 | INFO | Episode 5134 - Reward: -200.000, Length: 200, Loss: 13.1773, Entropy: 1.0905, Epsilon: 0.010
2026-04-19 01:53:55 | INFO | Episode 5135 - Reward: -200.000, Length: 200, Loss: 12.8754, Entropy: 1.0920, Epsilon: 0.010
2026-04-19 01:53:55 | INFO | Episode 5136 - Reward: -200.000, Length: 200, Loss: 6.0920, Entropy: 1.0885, Epsilon: 0.010
2026-04-19 01:53:56 | INFO | Episode 5137 - Reward: -200.000, Length: 200, Loss: 9.7029, Entropy: 1.0782, Epsilon: 0.010
2026-04-19 01:53:56 | INFO | Episode 5138 - Reward: -200.000, Length: 200, Loss: 29.4129, Entropy: 1.0277, Epsilon: 0.010
2026-04-19 01:53:56 | INFO | Episode 5139 - Reward: -200.000, Length: 200, Loss: 16.1307, Entropy: 1.0549, Epsilon: 0.010
2026-04-19 01:53:57 | INFO | Episode 5140 - Reward: -200.000, Length: 200, Loss: 9.6759, Entropy: 1.0800, Epsilon: 0.010
2026-04-19 01:53:57 | INFO | Episode 5141 - Reward: -200.000, Length: 200, Loss: 6.4940, Entropy: 1.0884, Epsilon: 0.010
2026-04-19 01:53:57 | INFO | Episode 5142 - Reward: -200.000, Length: 200, Loss: 16.2004, Entropy: 1.0760, Epsilon: 0.010
2026-04-19 01:53:58 | INFO | Episode 5143 - Reward: -200.000, Length: 200, Loss: 22.6684, Entropy: 1.0550, Epsilon: 0.010
2026-04-19 01:53:58 | INFO | Episode 5144 - Reward: -200.000, Length: 200, Loss: 15.6261, Entropy: 1.0846, Epsilon: 0.010
2026-04-19 01:53:59 | INFO | Episode 5145 - Reward: -200.000, Length: 200, Loss: 18.8972, Entropy: 1.0730, Epsilon: 0.010
2026-04-19 01:53:59 | INFO | Episode 5146 - Reward: -200.000, Length: 200, Loss: 9.3503, Entropy: 1.0897, Epsilon: 0.010
2026-04-19 01:53:59 | INFO | Episode 5147 - Reward: -200.000, Length: 200, Loss: 6.5499, Entropy: 1.0910, Epsilon: 0.010
2026-04-19 01:54:00 | INFO | Episode 5148 - Reward: -200.000, Length: 200, Loss: 15.5934, Entropy: 1.0643, Epsilon: 0.010
2026-04-19 01:54:00 | INFO | Episode 5149 - Reward: -200.000, Length: 200, Loss: 11.9936, Entropy: 1.0784, Epsilon: 0.010
2026-04-19 01:54:00 | INFO | Episode 5150 - Reward: -200.000, Length: 200, Loss: 28.4086, Entropy: 1.0854, Epsilon: 0.010
2026-04-19 01:54:01 | INFO | Episode 5151 - Reward: -200.000, Length: 200, Loss: 15.5526, Entropy: 1.0779, Epsilon: 0.010
2026-04-19 01:54:01 | INFO | Episode 5152 - Reward: -200.000, Length: 200, Loss: 27.8538, Entropy: 1.0801, Epsilon: 0.010
2026-04-19 01:54:01 | INFO | Episode 5153 - Reward: -200.000, Length: 200, Loss: 18.8832, Entropy: 1.0758, Epsilon: 0.010
2026-04-19 01:54:02 | INFO | Episode 5154 - Reward: -200.000, Length: 200, Loss: 12.3078, Entropy: 1.0883, Epsilon: 0.010
2026-04-19 01:54:02 | INFO | Episode 5155 - Reward: -200.000, Length: 200, Loss: 27.6166, Entropy: 1.0612, Epsilon: 0.010
2026-04-19 01:54:02 | INFO | Episode 5156 - Reward: -200.000, Length: 200, Loss: 33.3356, Entropy: 1.0526, Epsilon: 0.010
2026-04-19 01:54:03 | INFO | Episode 5157 - Reward: -200.000, Length: 200, Loss: 9.0345, Entropy: 1.0883, Epsilon: 0.010
2026-04-19 01:54:03 | INFO | Episode 5158 - Reward: -200.000, Length: 200, Loss: 12.4384, Entropy: 1.0794, Epsilon: 0.010
2026-04-19 01:54:04 | INFO | Episode 5159 - Reward: -200.000, Length: 200, Loss: 9.2181, Entropy: 1.0865, Epsilon: 0.010
2026-04-19 01:54:04 | INFO | Episode 5160 - Reward: -200.000, Length: 200, Loss: 6.2546, Entropy: 1.0920, Epsilon: 0.010
2026-04-19 01:54:04 | INFO | Episode 5161 - Reward: -200.000, Length: 200, Loss: 15.5207, Entropy: 1.0840, Epsilon: 0.010
2026-04-19 01:54:05 | INFO | Episode 5162 - Reward: -200.000, Length: 200, Loss: 24.8757, Entropy: 1.0637, Epsilon: 0.010
2026-04-19 01:54:05 | INFO | Episode 5163 - Reward: -200.000, Length: 200, Loss: 25.7025, Entropy: 1.0772, Epsilon: 0.010
2026-04-19 01:54:05 | INFO | Episode 5164 - Reward: -200.000, Length: 200, Loss: 9.4419, Entropy: 1.0677, Epsilon: 0.010
2026-04-19 01:54:06 | INFO | Episode 5165 - Reward: -200.000, Length: 200, Loss: 15.2102, Entropy: 1.0777, Epsilon: 0.010
2026-04-19 01:54:06 | INFO | Episode 5166 - Reward: -200.000, Length: 200, Loss: 15.3343, Entropy: 1.0903, Epsilon: 0.010
2026-04-19 01:54:06 | INFO | Episode 5167 - Reward: -200.000, Length: 200, Loss: 15.1807, Entropy: 1.0904, Epsilon: 0.010
2026-04-19 01:54:07 | INFO | Episode 5168 - Reward: -200.000, Length: 200, Loss: 6.1043, Entropy: 1.0909, Epsilon: 0.010
2026-04-19 01:54:07 | INFO | Episode 5169 - Reward: -200.000, Length: 200, Loss: 18.1725, Entropy: 1.0902, Epsilon: 0.010
2026-04-19 01:54:07 | INFO | Episode 5170 - Reward: -200.000, Length: 200, Loss: 15.5339, Entropy: 1.0881, Epsilon: 0.010
2026-04-19 01:54:08 | INFO | Episode 5171 - Reward: -200.000, Length: 200, Loss: 11.9902, Entropy: 1.0717, Epsilon: 0.010
2026-04-19 01:54:08 | INFO | Episode 5172 - Reward: -200.000, Length: 200, Loss: 12.1719, Entropy: 1.0890, Epsilon: 0.010
2026-04-19 01:54:08 | INFO | Episode 5173 - Reward: -200.000, Length: 200, Loss: 15.3680, Entropy: 1.0854, Epsilon: 0.010
2026-04-19 01:54:09 | INFO | Episode 5174 - Reward: -200.000, Length: 200, Loss: 12.1543, Entropy: 1.0713, Epsilon: 0.010
2026-04-19 01:54:09 | INFO | Episode 5175 - Reward: -200.000, Length: 200, Loss: 12.2216, Entropy: 1.0870, Epsilon: 0.010
2026-04-19 01:54:09 | INFO | Episode 5176 - Reward: -200.000, Length: 200, Loss: 15.4517, Entropy: 1.0866, Epsilon: 0.010
2026-04-19 01:54:10 | INFO | Episode 5177 - Reward: -200.000, Length: 200, Loss: 34.2659, Entropy: 1.0432, Epsilon: 0.010
2026-04-19 01:54:10 | INFO | Episode 5178 - Reward: -200.000, Length: 200, Loss: 12.5533, Entropy: 1.0733, Epsilon: 0.010
2026-04-19 01:54:11 | INFO | Episode 5179 - Reward: -200.000, Length: 200, Loss: 22.0008, Entropy: 1.0857, Epsilon: 0.010
2026-04-19 01:54:11 | INFO | Episode 5180 - Reward: -200.000, Length: 200, Loss: 21.7573, Entropy: 1.0796, Epsilon: 0.010
2026-04-19 01:54:11 | INFO | Episode 5181 - Reward: -200.000, Length: 200, Loss: 12.2015, Entropy: 1.0904, Epsilon: 0.010
2026-04-19 01:54:12 | INFO | Episode 5182 - Reward: -200.000, Length: 200, Loss: 12.3742, Entropy: 1.0831, Epsilon: 0.010
2026-04-19 01:54:12 | INFO | Episode 5183 - Reward: -200.000, Length: 200, Loss: 28.3866, Entropy: 1.0586, Epsilon: 0.010
2026-04-19 01:54:12 | INFO | Episode 5184 - Reward: -200.000, Length: 200, Loss: 15.4012, Entropy: 1.0734, Epsilon: 0.010
2026-04-19 01:54:13 | INFO | Episode 5185 - Reward: -200.000, Length: 200, Loss: 15.1720, Entropy: 1.0871, Epsilon: 0.010
2026-04-19 01:54:13 | INFO | Episode 5186 - Reward: -200.000, Length: 200, Loss: 12.2631, Entropy: 1.0877, Epsilon: 0.010
2026-04-19 01:54:13 | INFO | Episode 5187 - Reward: -200.000, Length: 200, Loss: 12.3226, Entropy: 1.0895, Epsilon: 0.010
2026-04-19 01:54:14 | INFO | Episode 5188 - Reward: -200.000, Length: 200, Loss: 6.0100, Entropy: 1.0947, Epsilon: 0.010
2026-04-19 01:54:14 | INFO | Episode 5189 - Reward: -200.000, Length: 200, Loss: 12.5420, Entropy: 1.0934, Epsilon: 0.010
2026-04-19 01:54:14 | INFO | Episode 5190 - Reward: -200.000, Length: 200, Loss: 6.2204, Entropy: 1.0951, Epsilon: 0.010
2026-04-19 01:54:15 | INFO | Episode 5191 - Reward: -200.000, Length: 200, Loss: 9.1190, Entropy: 1.0868, Epsilon: 0.010
2026-04-19 01:54:15 | INFO | Episode 5192 - Reward: -200.000, Length: 200, Loss: 9.5745, Entropy: 1.0854, Epsilon: 0.010
2026-04-19 01:54:15 | INFO | Episode 5193 - Reward: -200.000, Length: 200, Loss: 37.6654, Entropy: 1.0640, Epsilon: 0.010
2026-04-19 01:54:16 | INFO | Episode 5194 - Reward: -200.000, Length: 200, Loss: 23.8871, Entropy: 1.0851, Epsilon: 0.010
2026-04-19 01:54:16 | INFO | Episode 5195 - Reward: -200.000, Length: 200, Loss: 17.5082, Entropy: 1.0646, Epsilon: 0.010
2026-04-19 01:54:17 | INFO | Episode 5196 - Reward: -200.000, Length: 200, Loss: 15.2080, Entropy: 1.0890, Epsilon: 0.010
2026-04-19 01:54:17 | INFO | Episode 5197 - Reward: -200.000, Length: 200, Loss: 9.1728, Entropy: 1.0853, Epsilon: 0.010
2026-04-19 01:54:17 | INFO | Episode 5198 - Reward: -200.000, Length: 200, Loss: 15.2855, Entropy: 1.0873, Epsilon: 0.010
2026-04-19 01:54:18 | INFO | Episode 5199 - Reward: -200.000, Length: 200, Loss: 6.2014, Entropy: 1.0891, Epsilon: 0.010
2026-04-19 01:54:18 | INFO | Episode 5200 - Reward: -200.000, Length: 200, Loss: 12.3252, Entropy: 1.0640, Epsilon: 0.010
2026-04-19 01:54:23 | INFO | [Episode 5200] eps=0.010  avg_reward=-200.000  avg_length=200.00  avg_loss= 15.8964  avg_entropy=1.0640  eval_success=0.000
2026-04-19 01:54:23 | INFO | Episode 5201 - Reward: -200.000, Length: 200, Loss: 12.5138, Entropy: 1.0758, Epsilon: 0.010
2026-04-19 01:54:23 | INFO | Episode 5202 - Reward: -200.000, Length: 200, Loss: 12.8111, Entropy: 1.0636, Epsilon: 0.010
2026-04-19 01:54:24 | INFO | Episode 5203 - Reward: -200.000, Length: 200, Loss: 12.3830, Entropy: 1.0864, Epsilon: 0.010
2026-04-19 01:54:24 | INFO | Episode 5204 - Reward: -200.000, Length: 200, Loss: 9.6288, Entropy: 1.0877, Epsilon: 0.010
2026-04-19 01:54:24 | INFO | Episode 5205 - Reward: -200.000, Length: 200, Loss: 15.7391, Entropy: 1.0878, Epsilon: 0.010
2026-04-19 01:54:25 | INFO | Episode 5206 - Reward: -200.000, Length: 200, Loss: 24.8652, Entropy: 1.0784, Epsilon: 0.010
2026-04-19 01:54:25 | INFO | Episode 5207 - Reward: -200.000, Length: 200, Loss: 18.5217, Entropy: 1.0862, Epsilon: 0.010
2026-04-19 01:54:26 | INFO | Episode 5208 - Reward: -200.000, Length: 200, Loss: 12.2167, Entropy: 1.0876, Epsilon: 0.010
2026-04-19 01:54:26 | INFO | Episode 5209 - Reward: -200.000, Length: 200, Loss: 12.0573, Entropy: 1.0842, Epsilon: 0.010
2026-04-19 01:54:26 | INFO | Episode 5210 - Reward: -200.000, Length: 200, Loss: 33.6252, Entropy: 1.0791, Epsilon: 0.010
2026-04-19 01:54:27 | INFO | Episode 5211 - Reward: -200.000, Length: 200, Loss: 12.0944, Entropy: 1.0865, Epsilon: 0.010
2026-04-19 01:54:27 | INFO | Episode 5212 - Reward: -200.000, Length: 200, Loss: 2.8040, Entropy: 1.0918, Epsilon: 0.010
2026-04-19 01:54:27 | INFO | Episode 5213 - Reward: -200.000, Length: 200, Loss: 5.9005, Entropy: 1.0933, Epsilon: 0.010
2026-04-19 01:54:28 | INFO | Episode 5214 - Reward: -200.000, Length: 200, Loss: 11.9391, Entropy: 1.0898, Epsilon: 0.010
2026-04-19 01:54:28 | INFO | Episode 5215 - Reward: -200.000, Length: 200, Loss: 17.9778, Entropy: 1.0792, Epsilon: 0.010
2026-04-19 01:54:28 | INFO | Episode 5216 - Reward: -200.000, Length: 200, Loss: 18.0665, Entropy: 1.0788, Epsilon: 0.010
2026-04-19 01:54:29 | INFO | Episode 5217 - Reward: -200.000, Length: 200, Loss: 9.0990, Entropy: 1.0750, Epsilon: 0.010
2026-04-19 01:54:29 | INFO | Episode 5218 - Reward: -200.000, Length: 200, Loss: 21.4766, Entropy: 1.0787, Epsilon: 0.010
2026-04-19 01:54:29 | INFO | Episode 5219 - Reward: -200.000, Length: 200, Loss: 12.1442, Entropy: 1.0889, Epsilon: 0.010
2026-04-19 01:54:30 | INFO | Episode 5220 - Reward: -200.000, Length: 200, Loss: 14.8896, Entropy: 1.0634, Epsilon: 0.010
2026-04-19 01:54:30 | INFO | Episode 5221 - Reward: -200.000, Length: 200, Loss: 2.9499, Entropy: 1.0883, Epsilon: 0.010
2026-04-19 01:54:30 | INFO | Episode 5222 - Reward: -200.000, Length: 200, Loss: 11.9729, Entropy: 1.0901, Epsilon: 0.010
2026-04-19 01:54:31 | INFO | Episode 5223 - Reward: -200.000, Length: 200, Loss: 11.9740, Entropy: 1.0892, Epsilon: 0.010
2026-04-19 01:54:31 | INFO | Episode 5224 - Reward: -200.000, Length: 200, Loss: 5.9690, Entropy: 1.0897, Epsilon: 0.010
2026-04-19 01:54:32 | INFO | Episode 5225 - Reward: -200.000, Length: 200, Loss: 11.7927, Entropy: 1.0871, Epsilon: 0.010
2026-04-19 01:54:32 | INFO | Episode 5226 - Reward: -200.000, Length: 200, Loss: 20.9442, Entropy: 1.0809, Epsilon: 0.010
2026-04-19 01:54:32 | INFO | Episode 5227 - Reward: -200.000, Length: 200, Loss: 18.1890, Entropy: 1.0590, Epsilon: 0.010
2026-04-19 01:54:33 | INFO | Episode 5228 - Reward: -200.000, Length: 200, Loss: 12.0994, Entropy: 1.0876, Epsilon: 0.010
2026-04-19 01:54:33 | INFO | Episode 5229 - Reward: -200.000, Length: 200, Loss: 6.1632, Entropy: 1.0872, Epsilon: 0.010
2026-04-19 01:54:33 | INFO | Episode 5230 - Reward: -200.000, Length: 200, Loss: 9.2413, Entropy: 1.0801, Epsilon: 0.010
2026-04-19 01:54:34 | INFO | Episode 5231 - Reward: -200.000, Length: 200, Loss: 24.3827, Entropy: 1.0760, Epsilon: 0.010
2026-04-19 01:54:34 | INFO | Episode 5232 - Reward: -200.000, Length: 200, Loss: 12.3603, Entropy: 1.0863, Epsilon: 0.010
2026-04-19 01:54:34 | INFO | Episode 5233 - Reward: -200.000, Length: 200, Loss: 18.6299, Entropy: 1.0842, Epsilon: 0.010
2026-04-19 01:54:35 | INFO | Episode 5234 - Reward: -200.000, Length: 200, Loss: 15.4895, Entropy: 1.0918, Epsilon: 0.010
2026-04-19 01:54:35 | INFO | Episode 5235 - Reward: -200.000, Length: 200, Loss: 9.1442, Entropy: 1.0900, Epsilon: 0.010
2026-04-19 01:54:35 | INFO | Episode 5236 - Reward: -200.000, Length: 200, Loss: 12.3948, Entropy: 1.0850, Epsilon: 0.010
2026-04-19 01:54:36 | INFO | Episode 5237 - Reward: -200.000, Length: 200, Loss: 18.7119, Entropy: 1.0804, Epsilon: 0.010
2026-04-19 01:54:36 | INFO | Episode 5238 - Reward: -200.000, Length: 200, Loss: 21.8448, Entropy: 1.0762, Epsilon: 0.010
2026-04-19 01:54:36 | INFO | Episode 5239 - Reward: -200.000, Length: 200, Loss: 15.9982, Entropy: 1.0862, Epsilon: 0.010
2026-04-19 01:54:37 | INFO | Episode 5240 - Reward: -200.000, Length: 200, Loss: 3.0522, Entropy: 1.0938, Epsilon: 0.010
2026-04-19 01:54:37 | INFO | Episode 5241 - Reward: -200.000, Length: 200, Loss: 12.9807, Entropy: 1.0660, Epsilon: 0.010
2026-04-19 01:54:38 | INFO | Episode 5242 - Reward: -200.000, Length: 200, Loss: 12.6676, Entropy: 1.0689, Epsilon: 0.010
2026-04-19 01:54:38 | INFO | Episode 5243 - Reward: -200.000, Length: 200, Loss: 15.8100, Entropy: 1.0777, Epsilon: 0.010
2026-04-19 01:54:38 | INFO | Episode 5244 - Reward: -200.000, Length: 200, Loss: 19.0753, Entropy: 1.0826, Epsilon: 0.010
2026-04-19 01:54:39 | INFO | Episode 5245 - Reward: -200.000, Length: 200, Loss: 22.6654, Entropy: 1.0666, Epsilon: 0.010
2026-04-19 01:54:39 | INFO | Episode 5246 - Reward: -200.000, Length: 200, Loss: 15.9975, Entropy: 1.0828, Epsilon: 0.010
2026-04-19 01:54:39 | INFO | Episode 5247 - Reward: -200.000, Length: 200, Loss: 6.3422, Entropy: 1.0943, Epsilon: 0.010
2026-04-19 01:54:40 | INFO | Episode 5248 - Reward: -200.000, Length: 200, Loss: 15.7120, Entropy: 1.0848, Epsilon: 0.010
2026-04-19 01:54:40 | INFO | Episode 5249 - Reward: -200.000, Length: 200, Loss: 21.7136, Entropy: 1.0659, Epsilon: 0.010
2026-04-19 01:54:40 | INFO | Episode 5250 - Reward: -200.000, Length: 200, Loss: 16.1221, Entropy: 1.0687, Epsilon: 0.010
2026-04-19 01:54:41 | INFO | Episode 5251 - Reward: -200.000, Length: 200, Loss: 15.9293, Entropy: 1.0421, Epsilon: 0.010
2026-04-19 01:54:41 | INFO | Episode 5252 - Reward: -200.000, Length: 200, Loss: 9.4624, Entropy: 1.0858, Epsilon: 0.010
2026-04-19 01:54:41 | INFO | Episode 5253 - Reward: -200.000, Length: 200, Loss: 22.5290, Entropy: 1.0797, Epsilon: 0.010
2026-04-19 01:54:42 | INFO | Episode 5254 - Reward: -200.000, Length: 200, Loss: 6.4548, Entropy: 1.0851, Epsilon: 0.010
2026-04-19 01:54:42 | INFO | Episode 5255 - Reward: -200.000, Length: 200, Loss: 12.9718, Entropy: 1.0834, Epsilon: 0.010
2026-04-19 01:54:42 | INFO | Episode 5256 - Reward: -200.000, Length: 200, Loss: 9.6679, Entropy: 1.0917, Epsilon: 0.010
2026-04-19 01:54:43 | INFO | Episode 5257 - Reward: -200.000, Length: 200, Loss: 19.3383, Entropy: 1.0783, Epsilon: 0.010
2026-04-19 01:54:43 | INFO | Episode 5258 - Reward: -200.000, Length: 200, Loss: 23.0816, Entropy: 1.0751, Epsilon: 0.010
2026-04-19 01:54:43 | INFO | Episode 5259 - Reward: -200.000, Length: 200, Loss: 6.4600, Entropy: 1.0868, Epsilon: 0.010
2026-04-19 01:54:44 | INFO | Episode 5260 - Reward: -200.000, Length: 200, Loss: 9.6073, Entropy: 1.0826, Epsilon: 0.010
2026-04-19 01:54:44 | INFO | Episode 5261 - Reward: -200.000, Length: 200, Loss: 27.6696, Entropy: 1.0460, Epsilon: 0.010
2026-04-19 01:54:45 | INFO | Episode 5262 - Reward: -200.000, Length: 200, Loss: 22.0128, Entropy: 1.0765, Epsilon: 0.010
2026-04-19 01:54:45 | INFO | Episode 5263 - Reward: -200.000, Length: 200, Loss: 9.5718, Entropy: 1.0887, Epsilon: 0.010
2026-04-19 01:54:45 | INFO | Episode 5264 - Reward: -200.000, Length: 200, Loss: 34.9418, Entropy: 1.0663, Epsilon: 0.010
2026-04-19 01:54:46 | INFO | Episode 5265 - Reward: -200.000, Length: 200, Loss: 9.5947, Entropy: 1.0888, Epsilon: 0.010
2026-04-19 01:54:46 | INFO | Episode 5266 - Reward: -200.000, Length: 200, Loss: 22.6495, Entropy: 1.0759, Epsilon: 0.010
2026-04-19 01:54:46 | INFO | Episode 5267 - Reward: -200.000, Length: 200, Loss: 9.7715, Entropy: 1.0907, Epsilon: 0.010
2026-04-19 01:54:47 | INFO | Episode 5268 - Reward: -200.000, Length: 200, Loss: 9.3402, Entropy: 1.0856, Epsilon: 0.010
2026-04-19 01:54:47 | INFO | Episode 5269 - Reward: -200.000, Length: 200, Loss: 6.3395, Entropy: 1.0873, Epsilon: 0.010
2026-04-19 01:54:47 | INFO | Episode 5270 - Reward: -200.000, Length: 200, Loss: 3.1825, Entropy: 1.0959, Epsilon: 0.010
2026-04-19 01:54:48 | INFO | Episode 5271 - Reward: -200.000, Length: 200, Loss: 16.0809, Entropy: 1.0847, Epsilon: 0.010
2026-04-19 01:54:48 | INFO | Episode 5272 - Reward: -200.000, Length: 200, Loss: 9.5980, Entropy: 1.0852, Epsilon: 0.010
2026-04-19 01:54:48 | INFO | Episode 5273 - Reward: -200.000, Length: 200, Loss: 29.1712, Entropy: 1.0596, Epsilon: 0.010
2026-04-19 01:54:49 | INFO | Episode 5274 - Reward: -200.000, Length: 200, Loss: 12.7411, Entropy: 1.0786, Epsilon: 0.010
2026-04-19 01:54:49 | INFO | Episode 5275 - Reward: -200.000, Length: 200, Loss: 9.5045, Entropy: 1.0830, Epsilon: 0.010
2026-04-19 01:54:50 | INFO | Episode 5276 - Reward: -200.000, Length: 200, Loss: 21.5723, Entropy: 1.0727, Epsilon: 0.010
2026-04-19 01:54:50 | INFO | Episode 5277 - Reward: -200.000, Length: 200, Loss: 19.0329, Entropy: 1.0826, Epsilon: 0.010
2026-04-19 01:54:50 | INFO | Episode 5278 - Reward: -200.000, Length: 200, Loss: 9.3734, Entropy: 1.0903, Epsilon: 0.010
2026-04-19 01:54:51 | INFO | Episode 5279 - Reward: -200.000, Length: 200, Loss: 15.4476, Entropy: 1.0808, Epsilon: 0.010
2026-04-19 01:54:51 | INFO | Episode 5280 - Reward: -200.000, Length: 200, Loss: 15.9379, Entropy: 1.0706, Epsilon: 0.010
2026-04-19 01:54:51 | INFO | Episode 5281 - Reward: -200.000, Length: 200, Loss: 18.4837, Entropy: 1.0383, Epsilon: 0.010
2026-04-19 01:54:52 | INFO | Episode 5282 - Reward: -200.000, Length: 200, Loss: 18.1052, Entropy: 1.0836, Epsilon: 0.010
2026-04-19 01:54:52 | INFO | Episode 5283 - Reward: -200.000, Length: 200, Loss: 12.3155, Entropy: 1.0879, Epsilon: 0.010
2026-04-19 01:54:52 | INFO | Episode 5284 - Reward: -200.000, Length: 200, Loss: 12.4258, Entropy: 1.0898, Epsilon: 0.010
2026-04-19 01:54:53 | INFO | Episode 5285 - Reward: -200.000, Length: 200, Loss: 6.2314, Entropy: 1.0913, Epsilon: 0.010
2026-04-19 01:54:53 | INFO | Episode 5286 - Reward: -200.000, Length: 200, Loss: 22.0307, Entropy: 1.0888, Epsilon: 0.010
2026-04-19 01:54:53 | INFO | Episode 5287 - Reward: -200.000, Length: 200, Loss: 22.3389, Entropy: 1.0632, Epsilon: 0.010
2026-04-19 01:54:54 | INFO | Episode 5288 - Reward: -200.000, Length: 200, Loss: 22.0569, Entropy: 1.0837, Epsilon: 0.010
2026-04-19 01:54:54 | INFO | Episode 5289 - Reward: -200.000, Length: 200, Loss: 9.1870, Entropy: 1.0933, Epsilon: 0.010
2026-04-19 01:54:54 | INFO | Episode 5290 - Reward: -200.000, Length: 200, Loss: 24.9245, Entropy: 1.0581, Epsilon: 0.010
2026-04-19 01:54:55 | INFO | Episode 5291 - Reward: -200.000, Length: 200, Loss: 15.1803, Entropy: 1.0728, Epsilon: 0.010
2026-04-19 01:54:55 | INFO | Episode 5292 - Reward: -200.000, Length: 200, Loss: 20.8695, Entropy: 1.0834, Epsilon: 0.010
2026-04-19 01:54:56 | INFO | Episode 5293 - Reward: -200.000, Length: 200, Loss: 6.0334, Entropy: 1.0774, Epsilon: 0.010
2026-04-19 01:54:56 | INFO | Episode 5294 - Reward: -200.000, Length: 200, Loss: 18.1691, Entropy: 1.0788, Epsilon: 0.010
2026-04-19 01:54:56 | INFO | Episode 5295 - Reward: -200.000, Length: 200, Loss: 3.0132, Entropy: 1.0839, Epsilon: 0.010
2026-04-19 01:54:57 | INFO | Episode 5296 - Reward: -200.000, Length: 200, Loss: 12.1593, Entropy: 1.0864, Epsilon: 0.010
2026-04-19 01:54:57 | INFO | Episode 5297 - Reward: -200.000, Length: 200, Loss: 12.3399, Entropy: 1.0871, Epsilon: 0.010
2026-04-19 01:54:57 | INFO | Episode 5298 - Reward: -200.000, Length: 200, Loss: 21.5900, Entropy: 1.0851, Epsilon: 0.010
2026-04-19 01:54:58 | INFO | Episode 5299 - Reward: -200.000, Length: 200, Loss: 21.7191, Entropy: 1.0909, Epsilon: 0.010
2026-04-19 01:54:58 | INFO | Episode 5300 - Reward: -200.000, Length: 200, Loss: -0.0793, Entropy: 1.0969, Epsilon: 0.010
2026-04-19 01:55:03 | INFO | [Episode 5300] eps=0.010  avg_reward=-200.000  avg_length=200.00  avg_loss= 14.6127  avg_entropy=1.0969  eval_success=0.000
2026-04-19 01:55:03 | INFO | Episode 5301 - Reward: -200.000, Length: 200, Loss: 18.7369, Entropy: 1.0700, Epsilon: 0.010
2026-04-19 01:55:04 | INFO | Episode 5302 - Reward: -200.000, Length: 200, Loss: 9.3709, Entropy: 1.0883, Epsilon: 0.010
2026-04-19 01:55:04 | INFO | Episode 5303 - Reward: -200.000, Length: 200, Loss: 15.3539, Entropy: 1.0801, Epsilon: 0.010
2026-04-19 01:55:04 | INFO | Episode 5304 - Reward: -200.000, Length: 200, Loss: 18.7979, Entropy: 1.0592, Epsilon: 0.010
2026-04-19 01:55:05 | INFO | Episode 5305 - Reward: -200.000, Length: 200, Loss: 16.0402, Entropy: 1.0813, Epsilon: 0.010
2026-04-19 01:55:05 | INFO | Episode 5306 - Reward: -200.000, Length: 200, Loss: 12.9097, Entropy: 1.0916, Epsilon: 0.010
2026-04-19 01:55:05 | INFO | Episode 5307 - Reward: -200.000, Length: 200, Loss: 18.8629, Entropy: 1.0882, Epsilon: 0.010
2026-04-19 01:55:06 | INFO | Episode 5308 - Reward: -200.000, Length: 200, Loss: 16.0505, Entropy: 1.0784, Epsilon: 0.010
2026-04-19 01:55:06 | INFO | Episode 5309 - Reward: -200.000, Length: 200, Loss: 6.0041, Entropy: 1.0847, Epsilon: 0.010
2026-04-19 01:55:06 | INFO | Episode 5310 - Reward: -200.000, Length: 200, Loss: 18.5127, Entropy: 1.0683, Epsilon: 0.010
2026-04-19 01:55:07 | INFO | Episode 5311 - Reward: -200.000, Length: 200, Loss: 12.5504, Entropy: 1.0829, Epsilon: 0.010
2026-04-19 01:55:07 | INFO | Episode 5312 - Reward: -200.000, Length: 200, Loss: 15.6509, Entropy: 1.0780, Epsilon: 0.010
2026-04-19 01:55:07 | INFO | Episode 5313 - Reward: -200.000, Length: 200, Loss: 21.3431, Entropy: 1.0462, Epsilon: 0.010
2026-04-19 01:55:08 | INFO | Episode 5314 - Reward: -200.000, Length: 200, Loss: 27.5754, Entropy: 1.0492, Epsilon: 0.010
2026-04-19 01:55:08 | INFO | Episode 5315 - Reward: -200.000, Length: 200, Loss: 9.3289, Entropy: 1.0862, Epsilon: 0.010
2026-04-19 01:55:08 | INFO | Episode 5316 - Reward: -200.000, Length: 200, Loss: 12.3453, Entropy: 1.0717, Epsilon: 0.010
2026-04-19 01:55:09 | INFO | Episode 5317 - Reward: -200.000, Length: 200, Loss: 21.6425, Entropy: 1.0439, Epsilon: 0.010
2026-04-19 01:55:09 | INFO | Episode 5318 - Reward: -200.000, Length: 200, Loss: 21.6036, Entropy: 1.0699, Epsilon: 0.010
2026-04-19 01:55:10 | INFO | Episode 5319 - Reward: -200.000, Length: 200, Loss: 21.5714, Entropy: 1.0840, Epsilon: 0.010
2026-04-19 01:55:10 | INFO | Episode 5320 - Reward: -200.000, Length: 200, Loss: 27.9416, Entropy: 1.0446, Epsilon: 0.010
2026-04-19 01:55:10 | INFO | Episode 5321 - Reward: -200.000, Length: 200, Loss: 12.2271, Entropy: 1.0719, Epsilon: 0.010
2026-04-19 01:55:11 | INFO | Episode 5322 - Reward: -200.000, Length: 200, Loss: 27.5362, Entropy: 1.0839, Epsilon: 0.010
2026-04-19 01:55:11 | INFO | Episode 5323 - Reward: -200.000, Length: 200, Loss: 15.0897, Entropy: 1.0530, Epsilon: 0.010
2026-04-19 01:55:11 | INFO | Episode 5324 - Reward: -200.000, Length: 200, Loss: 24.4203, Entropy: 1.0802, Epsilon: 0.010
2026-04-19 01:55:12 | INFO | Episode 5325 - Reward: -200.000, Length: 200, Loss: 27.3323, Entropy: 1.0739, Epsilon: 0.010
2026-04-19 01:55:12 | INFO | Episode 5326 - Reward: -200.000, Length: 200, Loss: 9.2377, Entropy: 1.0897, Epsilon: 0.010
2026-04-19 01:55:12 | INFO | Episode 5327 - Reward: -200.000, Length: 200, Loss: 15.3170, Entropy: 1.0907, Epsilon: 0.010
2026-04-19 01:55:13 | INFO | Episode 5328 - Reward: -200.000, Length: 200, Loss: 3.0240, Entropy: 1.0956, Epsilon: 0.010
2026-04-19 01:55:13 | INFO | Episode 5329 - Reward: -200.000, Length: 200, Loss: 27.2519, Entropy: 1.0571, Epsilon: 0.010
2026-04-19 01:55:13 | INFO | Episode 5330 - Reward: -200.000, Length: 200, Loss: 9.3736, Entropy: 1.0895, Epsilon: 0.010
2026-04-19 01:55:14 | INFO | Episode 5331 - Reward: -200.000, Length: 200, Loss: 15.1632, Entropy: 1.0850, Epsilon: 0.010
2026-04-19 01:55:14 | INFO | Episode 5332 - Reward: -200.000, Length: 200, Loss: 15.4991, Entropy: 1.0794, Epsilon: 0.010
2026-04-19 01:55:14 | INFO | Episode 5333 - Reward: -200.000, Length: 200, Loss: 15.1693, Entropy: 1.0809, Epsilon: 0.010
2026-04-19 01:55:15 | INFO | Episode 5334 - Reward: -200.000, Length: 200, Loss: 9.0669, Entropy: 1.0918, Epsilon: 0.010
2026-04-19 01:55:15 | INFO | Episode 5335 - Reward: -200.000, Length: 200, Loss: 12.4330, Entropy: 1.0869, Epsilon: 0.010
2026-04-19 01:55:16 | INFO | Episode 5336 - Reward: -200.000, Length: 200, Loss: 12.3472, Entropy: 1.0890, Epsilon: 0.010
2026-04-19 01:55:16 | INFO | Episode 5337 - Reward: -200.000, Length: 200, Loss: 12.4351, Entropy: 1.0824, Epsilon: 0.010
2026-04-19 01:55:16 | INFO | Episode 5338 - Reward: -200.000, Length: 200, Loss: 12.3174, Entropy: 1.0821, Epsilon: 0.010
2026-04-19 01:55:17 | INFO | Episode 5339 - Reward: -200.000, Length: 200, Loss: 12.4557, Entropy: 1.0915, Epsilon: 0.010
2026-04-19 01:55:17 | INFO | Episode 5340 - Reward: -200.000, Length: 200, Loss: 12.4512, Entropy: 1.0846, Epsilon: 0.010
2026-04-19 01:55:17 | INFO | Episode 5341 - Reward: -200.000, Length: 200, Loss: 15.7855, Entropy: 1.0757, Epsilon: 0.010
2026-04-19 01:55:18 | INFO | Episode 5342 - Reward: -200.000, Length: 200, Loss: 25.3183, Entropy: 1.0765, Epsilon: 0.010
2026-04-19 01:55:18 | INFO | Episode 5343 - Reward: -200.000, Length: 200, Loss: 25.0510, Entropy: 1.0827, Epsilon: 0.010
2026-04-19 01:55:18 | INFO | Episode 5344 - Reward: -200.000, Length: 200, Loss: 9.4784, Entropy: 1.0883, Epsilon: 0.010
2026-04-19 01:55:19 | INFO | Episode 5345 - Reward: -200.000, Length: 200, Loss: 18.9034, Entropy: 1.0922, Epsilon: 0.010
2026-04-19 01:55:19 | INFO | Episode 5346 - Reward: -200.000, Length: 200, Loss: 22.0393, Entropy: 1.0854, Epsilon: 0.010
2026-04-19 01:55:19 | INFO | Episode 5347 - Reward: -200.000, Length: 200, Loss: 31.5047, Entropy: 1.0525, Epsilon: 0.010
2026-04-19 01:55:20 | INFO | Episode 5348 - Reward: -200.000, Length: 200, Loss: 12.7529, Entropy: 1.0908, Epsilon: 0.010
2026-04-19 01:55:20 | INFO | Episode 5349 - Reward: -200.000, Length: 200, Loss: 12.7332, Entropy: 1.0876, Epsilon: 0.010
2026-04-19 01:55:21 | INFO | Episode 5350 - Reward: -200.000, Length: 200, Loss: 22.4565, Entropy: 1.0757, Epsilon: 0.010
2026-04-19 01:55:21 | INFO | Episode 5351 - Reward: -200.000, Length: 200, Loss: 31.5972, Entropy: 1.0536, Epsilon: 0.010
2026-04-19 01:55:21 | INFO | Episode 5352 - Reward: -200.000, Length: 200, Loss: 18.9199, Entropy: 1.0675, Epsilon: 0.010
2026-04-19 01:55:22 | INFO | Episode 5353 - Reward: -200.000, Length: 200, Loss: 6.3018, Entropy: 1.0876, Epsilon: 0.010
2026-04-19 01:55:22 | INFO | Episode 5354 - Reward: -200.000, Length: 200, Loss: 21.9360, Entropy: 1.0747, Epsilon: 0.010
2026-04-19 01:55:22 | INFO | Episode 5355 - Reward: -200.000, Length: 200, Loss: 31.2980, Entropy: 1.0611, Epsilon: 0.010
2026-04-19 01:55:23 | INFO | Episode 5356 - Reward: -200.000, Length: 200, Loss: 21.8723, Entropy: 1.0791, Epsilon: 0.010
2026-04-19 01:55:23 | INFO | Episode 5357 - Reward: -200.000, Length: 200, Loss: 18.9531, Entropy: 1.0875, Epsilon: 0.010
2026-04-19 01:55:23 | INFO | Episode 5358 - Reward: -200.000, Length: 200, Loss: 18.9149, Entropy: 1.0825, Epsilon: 0.010
2026-04-19 01:55:24 | INFO | Episode 5359 - Reward: -200.000, Length: 200, Loss: 15.4150, Entropy: 1.0786, Epsilon: 0.010
2026-04-19 01:55:24 | INFO | Episode 5360 - Reward: -200.000, Length: 200, Loss: 15.5128, Entropy: 1.0560, Epsilon: 0.010
2026-04-19 01:55:25 | INFO | Episode 5361 - Reward: -200.000, Length: 200, Loss: 9.3921, Entropy: 1.0884, Epsilon: 0.010
2026-04-19 01:55:25 | INFO | Episode 5362 - Reward: -200.000, Length: 200, Loss: 6.3091, Entropy: 1.0929, Epsilon: 0.010
2026-04-19 01:55:25 | INFO | Episode 5363 - Reward: -200.000, Length: 200, Loss: 9.1677, Entropy: 1.0886, Epsilon: 0.010
2026-04-19 01:55:26 | INFO | Episode 5364 - Reward: -200.000, Length: 200, Loss: 12.5394, Entropy: 1.0869, Epsilon: 0.010
2026-04-19 01:55:26 | INFO | Episode 5365 - Reward: -200.000, Length: 200, Loss: 15.7886, Entropy: 1.0849, Epsilon: 0.010
2026-04-19 01:55:26 | INFO | Episode 5366 - Reward: -200.000, Length: 200, Loss: 12.4995, Entropy: 1.0746, Epsilon: 0.010
2026-04-19 01:55:27 | INFO | Episode 5367 - Reward: -200.000, Length: 200, Loss: 12.5436, Entropy: 1.0691, Epsilon: 0.010
2026-04-19 01:55:27 | INFO | Episode 5368 - Reward: -200.000, Length: 200, Loss: 25.5705, Entropy: 1.0720, Epsilon: 0.010
2026-04-19 01:55:28 | INFO | Episode 5369 - Reward: -200.000, Length: 200, Loss: 6.2140, Entropy: 1.0928, Epsilon: 0.010
2026-04-19 01:55:28 | INFO | Episode 5370 - Reward: -200.000, Length: 200, Loss: 6.2520, Entropy: 1.0935, Epsilon: 0.010
2026-04-19 01:55:28 | INFO | Episode 5371 - Reward: -200.000, Length: 200, Loss: 21.9768, Entropy: 1.0592, Epsilon: 0.010
2026-04-19 01:55:29 | INFO | Episode 5372 - Reward: -200.000, Length: 200, Loss: 12.6802, Entropy: 1.0862, Epsilon: 0.010
2026-04-19 01:55:29 | INFO | Episode 5373 - Reward: -200.000, Length: 200, Loss: 24.7896, Entropy: 1.0810, Epsilon: 0.010
2026-04-19 01:55:29 | INFO | Episode 5374 - Reward: -200.000, Length: 200, Loss: 15.9268, Entropy: 1.0840, Epsilon: 0.010
2026-04-19 01:55:30 | INFO | Episode 5375 - Reward: -200.000, Length: 200, Loss: 22.1551, Entropy: 1.0720, Epsilon: 0.010
2026-04-19 01:55:30 | INFO | Episode 5376 - Reward: -200.000, Length: 200, Loss: 15.9391, Entropy: 1.0891, Epsilon: 0.010
2026-04-19 01:55:30 | INFO | Episode 5377 - Reward: -200.000, Length: 200, Loss: 22.2547, Entropy: 1.0869, Epsilon: 0.010
2026-04-19 01:55:31 | INFO | Episode 5378 - Reward: -200.000, Length: 200, Loss: 15.8932, Entropy: 1.0828, Epsilon: 0.010
2026-04-19 01:55:31 | INFO | Episode 5379 - Reward: -200.000, Length: 200, Loss: 28.4060, Entropy: 1.0809, Epsilon: 0.010
2026-04-19 01:55:31 | INFO | Episode 5380 - Reward: -200.000, Length: 200, Loss: 6.3702, Entropy: 1.0842, Epsilon: 0.010
2026-04-19 01:55:32 | INFO | Episode 5381 - Reward: -200.000, Length: 200, Loss: 9.7878, Entropy: 1.0882, Epsilon: 0.010
2026-04-19 01:55:32 | INFO | Episode 5382 - Reward: -200.000, Length: 200, Loss: 19.4753, Entropy: 1.0725, Epsilon: 0.010
2026-04-19 01:55:32 | INFO | Episode 5383 - Reward: -200.000, Length: 200, Loss: 25.8395, Entropy: 1.0390, Epsilon: 0.010
2026-04-19 01:55:33 | INFO | Episode 5384 - Reward: -200.000, Length: 200, Loss: 19.0547, Entropy: 1.0799, Epsilon: 0.010
2026-04-19 01:55:33 | INFO | Episode 5385 - Reward: -200.000, Length: 200, Loss: 15.7194, Entropy: 1.0847, Epsilon: 0.010
2026-04-19 01:55:34 | INFO | Episode 5386 - Reward: -200.000, Length: 200, Loss: 19.3356, Entropy: 1.0879, Epsilon: 0.010
2026-04-19 01:55:34 | INFO | Episode 5387 - Reward: -200.000, Length: 200, Loss: 22.3083, Entropy: 1.0772, Epsilon: 0.010
2026-04-19 01:55:34 | INFO | Episode 5388 - Reward: -200.000, Length: 200, Loss: 16.1380, Entropy: 1.0752, Epsilon: 0.010
2026-04-19 01:55:35 | INFO | Episode 5389 - Reward: -200.000, Length: 200, Loss: 12.2786, Entropy: 1.0756, Epsilon: 0.010
2026-04-19 01:55:35 | INFO | Episode 5390 - Reward: -200.000, Length: 200, Loss: 12.5350, Entropy: 1.0765, Epsilon: 0.010
2026-04-19 01:55:35 | INFO | Episode 5391 - Reward: -200.000, Length: 200, Loss: 15.6464, Entropy: 1.0874, Epsilon: 0.010
2026-04-19 01:55:36 | INFO | Episode 5392 - Reward: -200.000, Length: 200, Loss: 6.1648, Entropy: 1.0929, Epsilon: 0.010
2026-04-19 01:55:36 | INFO | Episode 5393 - Reward: -200.000, Length: 200, Loss: 15.6673, Entropy: 1.0739, Epsilon: 0.010
2026-04-19 01:55:36 | INFO | Episode 5394 - Reward: -200.000, Length: 200, Loss: 18.5289, Entropy: 1.0829, Epsilon: 0.010
2026-04-19 01:55:37 | INFO | Episode 5395 - Reward: -200.000, Length: 200, Loss: 12.7453, Entropy: 1.0781, Epsilon: 0.010
2026-04-19 01:55:37 | INFO | Episode 5396 - Reward: -200.000, Length: 200, Loss: 25.0340, Entropy: 1.0884, Epsilon: 0.010
2026-04-19 01:55:37 | INFO | Episode 5397 - Reward: -200.000, Length: 200, Loss: 6.2878, Entropy: 1.0898, Epsilon: 0.010
2026-04-19 01:55:38 | INFO | Episode 5398 - Reward: -200.000, Length: 200, Loss: 9.4542, Entropy: 1.0760, Epsilon: 0.010
2026-04-19 01:55:40 | INFO | Episode 5399 - Reward: -200.000, Length: 200, Loss: 9.5530, Entropy: 1.0822, Epsilon: 0.010
2026-04-19 01:55:40 | INFO | Episode 5400 - Reward: -200.000, Length: 200, Loss: 22.4676, Entropy: 1.0401, Epsilon: 0.010
2026-04-19 01:55:45 | INFO | [Episode 5400] eps=0.010  avg_reward=-200.000  avg_length=200.00  avg_loss= 16.5577  avg_entropy=1.0401  eval_success=0.000
2026-04-19 01:55:45 | INFO | Episode 5401 - Reward: -200.000, Length: 200, Loss: 9.4416, Entropy: 1.0843, Epsilon: 0.010
2026-04-19 01:55:46 | INFO | Episode 5402 - Reward: -200.000, Length: 200, Loss: 22.1217, Entropy: 1.0923, Epsilon: 0.010
2026-04-19 01:55:46 | INFO | Episode 5403 - Reward: -200.000, Length: 200, Loss: 12.9855, Entropy: 1.0835, Epsilon: 0.010
2026-04-19 01:55:46 | INFO | Episode 5404 - Reward: -200.000, Length: 200, Loss: 16.0596, Entropy: 1.0868, Epsilon: 0.010
2026-04-19 01:55:47 | INFO | Episode 5405 - Reward: -200.000, Length: 200, Loss: 12.8214, Entropy: 1.0791, Epsilon: 0.010
2026-04-19 01:55:47 | INFO | Episode 5406 - Reward: -200.000, Length: 200, Loss: 15.6593, Entropy: 1.0677, Epsilon: 0.010
2026-04-19 01:55:48 | INFO | Episode 5407 - Reward: -200.000, Length: 200, Loss: 9.4487, Entropy: 1.0563, Epsilon: 0.010
2026-04-19 01:55:48 | INFO | Episode 5408 - Reward: -200.000, Length: 200, Loss: 9.4838, Entropy: 1.0928, Epsilon: 0.010
2026-04-19 01:55:48 | INFO | Episode 5409 - Reward: -200.000, Length: 200, Loss: 15.7392, Entropy: 1.0849, Epsilon: 0.010
2026-04-19 01:55:49 | INFO | Episode 5410 - Reward: -200.000, Length: 200, Loss: 21.8041, Entropy: 1.0762, Epsilon: 0.010
2026-04-19 01:55:49 | INFO | Episode 5411 - Reward: -200.000, Length: 200, Loss: 12.5709, Entropy: 1.0684, Epsilon: 0.010
2026-04-19 01:55:49 | INFO | Episode 5412 - Reward: -200.000, Length: 200, Loss: 15.6143, Entropy: 1.0901, Epsilon: 0.010
2026-04-19 01:55:50 | INFO | Episode 5413 - Reward: -200.000, Length: 200, Loss: 21.6529, Entropy: 1.0744, Epsilon: 0.010
2026-04-19 01:55:50 | INFO | Episode 5414 - Reward: -200.000, Length: 200, Loss: 15.6971, Entropy: 1.0790, Epsilon: 0.010
2026-04-19 01:55:50 | INFO | Episode 5415 - Reward: -200.000, Length: 200, Loss: 12.7779, Entropy: 1.0920, Epsilon: 0.010
2026-04-19 01:55:51 | INFO | Episode 5416 - Reward: -200.000, Length: 200, Loss: 12.5727, Entropy: 1.0894, Epsilon: 0.010
2026-04-19 01:55:51 | INFO | Episode 5417 - Reward: -200.000, Length: 200, Loss: 25.4972, Entropy: 1.0719, Epsilon: 0.010
2026-04-19 01:55:51 | INFO | Episode 5418 - Reward: -200.000, Length: 200, Loss: 18.9235, Entropy: 1.0803, Epsilon: 0.010
2026-04-19 01:55:52 | INFO | Episode 5419 - Reward: -200.000, Length: 200, Loss: 15.9331, Entropy: 1.0842, Epsilon: 0.010
2026-04-19 01:55:52 | INFO | Episode 5420 - Reward: -200.000, Length: 200, Loss: 22.0585, Entropy: 1.0632, Epsilon: 0.010
2026-04-19 01:55:53 | INFO | Episode 5421 - Reward: -200.000, Length: 200, Loss: 12.4366, Entropy: 1.0696, Epsilon: 0.010
2026-04-19 01:55:53 | INFO | Episode 5422 - Reward: -200.000, Length: 200, Loss: 19.0323, Entropy: 1.0858, Epsilon: 0.010
2026-04-19 01:55:53 | INFO | Episode 5423 - Reward: -200.000, Length: 200, Loss: 9.2003, Entropy: 1.0917, Epsilon: 0.010
2026-04-19 01:55:54 | INFO | Episode 5424 - Reward: -200.000, Length: 200, Loss: 18.6199, Entropy: 1.0893, Epsilon: 0.010
2026-04-19 01:55:54 | INFO | Episode 5425 - Reward: -200.000, Length: 200, Loss: 21.9143, Entropy: 1.0847, Epsilon: 0.010
2026-04-19 01:55:54 | INFO | Episode 5426 - Reward: -200.000, Length: 200, Loss: 15.7074, Entropy: 1.0917, Epsilon: 0.010
2026-04-19 01:55:55 | INFO | Episode 5427 - Reward: -200.000, Length: 200, Loss: 18.7929, Entropy: 1.0877, Epsilon: 0.010
2026-04-19 01:55:55 | INFO | Episode 5428 - Reward: -200.000, Length: 200, Loss: 6.2929, Entropy: 1.0862, Epsilon: 0.010
2026-04-19 01:55:55 | INFO | Episode 5429 - Reward: -200.000, Length: 200, Loss: 15.9232, Entropy: 1.0808, Epsilon: 0.010
2026-04-19 01:55:56 | INFO | Episode 5430 - Reward: -200.000, Length: 200, Loss: 12.8013, Entropy: 1.0887, Epsilon: 0.010
2026-04-19 01:55:56 | INFO | Episode 5431 - Reward: -200.000, Length: 200, Loss: 22.4472, Entropy: 1.0700, Epsilon: 0.010
2026-04-19 01:55:57 | INFO | Episode 5432 - Reward: -200.000, Length: 200, Loss: 25.7655, Entropy: 1.0753, Epsilon: 0.010
2026-04-19 01:55:57 | INFO | Episode 5433 - Reward: -200.000, Length: 200, Loss: 41.6459, Entropy: 1.0625, Epsilon: 0.010
2026-04-19 01:55:57 | INFO | Episode 5434 - Reward: -200.000, Length: 200, Loss: 19.2404, Entropy: 1.0616, Epsilon: 0.010
2026-04-19 01:55:58 | INFO | Episode 5435 - Reward: -200.000, Length: 200, Loss: 22.3626, Entropy: 1.0903, Epsilon: 0.010
2026-04-19 01:55:58 | INFO | Episode 5436 - Reward: -200.000, Length: 200, Loss: 9.5127, Entropy: 1.0924, Epsilon: 0.010
2026-04-19 01:55:58 | INFO | Episode 5437 - Reward: -200.000, Length: 200, Loss: 3.1288, Entropy: 1.0961, Epsilon: 0.010
2026-04-19 01:55:59 | INFO | Episode 5438 - Reward: -200.000, Length: 200, Loss: 15.6507, Entropy: 1.0928, Epsilon: 0.010
2026-04-19 01:55:59 | INFO | Episode 5439 - Reward: -200.000, Length: 200, Loss: 9.3890, Entropy: 1.0726, Epsilon: 0.010
2026-04-19 01:55:59 | INFO | Episode 5440 - Reward: -200.000, Length: 200, Loss: 15.6067, Entropy: 1.0810, Epsilon: 0.010
2026-04-19 01:56:00 | INFO | Episode 5441 - Reward: -200.000, Length: 200, Loss: 28.3425, Entropy: 1.0595, Epsilon: 0.010
2026-04-19 01:56:00 | INFO | Episode 5442 - Reward: -200.000, Length: 200, Loss: 9.4817, Entropy: 1.0872, Epsilon: 0.010
2026-04-19 01:56:00 | INFO | Episode 5443 - Reward: -200.000, Length: 200, Loss: 22.3215, Entropy: 1.0792, Epsilon: 0.010
2026-04-19 01:56:01 | INFO | Episode 5444 - Reward: -200.000, Length: 200, Loss: 18.5148, Entropy: 1.0887, Epsilon: 0.010
2026-04-19 01:56:01 | INFO | Episode 5445 - Reward: -200.000, Length: 200, Loss: 15.5052, Entropy: 1.0808, Epsilon: 0.010
2026-04-19 01:56:01 | INFO | Episode 5446 - Reward: -200.000, Length: 200, Loss: 12.2944, Entropy: 1.0914, Epsilon: 0.010
2026-04-19 01:56:02 | INFO | Episode 5447 - Reward: -200.000, Length: 200, Loss: 18.2273, Entropy: 1.0786, Epsilon: 0.010
2026-04-19 01:56:02 | INFO | Episode 5448 - Reward: -200.000, Length: 200, Loss: 18.4530, Entropy: 1.0848, Epsilon: 0.010
2026-04-19 01:56:03 | INFO | Episode 5449 - Reward: -200.000, Length: 200, Loss: 24.0074, Entropy: 1.0542, Epsilon: 0.010
2026-04-19 01:56:03 | INFO | Episode 5450 - Reward: -200.000, Length: 200, Loss: 14.9761, Entropy: 1.0722, Epsilon: 0.010
2026-04-19 01:56:03 | INFO | Episode 5451 - Reward: -200.000, Length: 200, Loss: 11.5742, Entropy: 1.0674, Epsilon: 0.010
2026-04-19 01:56:04 | INFO | Episode 5452 - Reward: -200.000, Length: 200, Loss: 11.5409, Entropy: 1.0884, Epsilon: 0.010
2026-04-19 01:56:04 | INFO | Episode 5453 - Reward: -200.000, Length: 200, Loss: 8.6494, Entropy: 1.0847, Epsilon: 0.010
2026-04-19 01:56:04 | INFO | Episode 5454 - Reward: -200.000, Length: 200, Loss: 20.1409, Entropy: 1.0882, Epsilon: 0.010
2026-04-19 01:56:05 | INFO | Episode 5455 - Reward: -200.000, Length: 200, Loss: 19.9794, Entropy: 1.0851, Epsilon: 0.010
2026-04-19 01:56:05 | INFO | Episode 5456 - Reward: -200.000, Length: 200, Loss: 13.9289, Entropy: 1.0855, Epsilon: 0.010
2026-04-19 01:56:05 | INFO | Episode 5457 - Reward: -200.000, Length: 200, Loss: 31.0386, Entropy: 1.0813, Epsilon: 0.010
2026-04-19 01:56:06 | INFO | Episode 5458 - Reward: -200.000, Length: 200, Loss: 8.4419, Entropy: 1.0853, Epsilon: 0.010
2026-04-19 01:56:06 | INFO | Episode 5459 - Reward: -200.000, Length: 200, Loss: 11.4023, Entropy: 1.0828, Epsilon: 0.010
2026-04-19 01:56:06 | INFO | Episode 5460 - Reward: -200.000, Length: 200, Loss: 25.4177, Entropy: 1.0834, Epsilon: 0.010
2026-04-19 01:56:07 | INFO | Episode 5461 - Reward: -200.000, Length: 200, Loss: 16.9385, Entropy: 1.0869, Epsilon: 0.010
2026-04-19 01:56:07 | INFO | Episode 5462 - Reward: -200.000, Length: 200, Loss: 8.6415, Entropy: 1.0941, Epsilon: 0.010
2026-04-19 01:56:07 | INFO | Episode 5463 - Reward: -200.000, Length: 200, Loss: 22.7690, Entropy: 1.0868, Epsilon: 0.010
2026-04-19 01:56:08 | INFO | Episode 5464 - Reward: -200.000, Length: 200, Loss: 11.3305, Entropy: 1.0857, Epsilon: 0.010
2026-04-19 01:56:08 | INFO | Episode 5465 - Reward: -200.000, Length: 200, Loss: 17.0441, Entropy: 1.0769, Epsilon: 0.010
2026-04-19 01:56:09 | INFO | Episode 5466 - Reward: -200.000, Length: 200, Loss: 5.4899, Entropy: 1.0891, Epsilon: 0.010
2026-04-19 01:56:09 | INFO | Episode 5467 - Reward: -200.000, Length: 200, Loss: 19.4850, Entropy: 1.0830, Epsilon: 0.010
2026-04-19 01:56:09 | INFO | Episode 5468 - Reward: -200.000, Length: 200, Loss: 11.1573, Entropy: 1.0751, Epsilon: 0.010
2026-04-19 01:56:10 | INFO | Episode 5469 - Reward: -200.000, Length: 200, Loss: 16.7587, Entropy: 1.0789, Epsilon: 0.010
2026-04-19 01:56:10 | INFO | Episode 5470 - Reward: -200.000, Length: 200, Loss: 2.7418, Entropy: 1.0907, Epsilon: 0.010
2026-04-19 01:56:10 | INFO | Episode 5471 - Reward: -200.000, Length: 200, Loss: 5.5917, Entropy: 1.0951, Epsilon: 0.010
2026-04-19 01:56:11 | INFO | Episode 5472 - Reward: -200.000, Length: 200, Loss: 16.6548, Entropy: 1.0721, Epsilon: 0.010
2026-04-19 01:56:11 | INFO | Episode 5473 - Reward: -200.000, Length: 200, Loss: 8.6264, Entropy: 1.0830, Epsilon: 0.010
2026-04-19 01:56:11 | INFO | Episode 5474 - Reward: -200.000, Length: 200, Loss: 8.3826, Entropy: 1.0877, Epsilon: 0.010
2026-04-19 01:56:12 | INFO | Episode 5475 - Reward: -200.000, Length: 200, Loss: 8.7313, Entropy: 1.0822, Epsilon: 0.010
2026-04-19 01:56:12 | INFO | Episode 5476 - Reward: -200.000, Length: 200, Loss: 11.6952, Entropy: 1.0793, Epsilon: 0.010
2026-04-19 01:56:12 | INFO | Episode 5477 - Reward: -200.000, Length: 200, Loss: 22.9881, Entropy: 1.0668, Epsilon: 0.010
2026-04-19 01:56:13 | INFO | Episode 5478 - Reward: -200.000, Length: 200, Loss: 17.2224, Entropy: 1.0828, Epsilon: 0.010
2026-04-19 01:56:13 | INFO | Episode 5479 - Reward: -200.000, Length: 200, Loss: 11.2800, Entropy: 1.0793, Epsilon: 0.010
2026-04-19 01:56:13 | INFO | Episode 5480 - Reward: -200.000, Length: 200, Loss: 16.9749, Entropy: 1.0320, Epsilon: 0.010
2026-04-19 01:56:14 | INFO | Episode 5481 - Reward: -200.000, Length: 200, Loss: 22.5422, Entropy: 1.0698, Epsilon: 0.010
2026-04-19 01:56:14 | INFO | Episode 5482 - Reward: -200.000, Length: 200, Loss: 14.2307, Entropy: 1.0653, Epsilon: 0.010
2026-04-19 01:56:15 | INFO | Episode 5483 - Reward: -200.000, Length: 200, Loss: 8.4852, Entropy: 1.0833, Epsilon: 0.010
2026-04-19 01:56:15 | INFO | Episode 5484 - Reward: -200.000, Length: 200, Loss: 11.0865, Entropy: 1.0930, Epsilon: 0.010
2026-04-19 01:56:15 | INFO | Episode 5485 - Reward: -200.000, Length: 200, Loss: 11.2078, Entropy: 1.0821, Epsilon: 0.010
2026-04-19 01:56:16 | INFO | Episode 5486 - Reward: -200.000, Length: 200, Loss: 19.9046, Entropy: 1.0725, Epsilon: 0.010
2026-04-19 01:56:16 | INFO | Episode 5487 - Reward: -200.000, Length: 200, Loss: 11.3547, Entropy: 1.0733, Epsilon: 0.010
2026-04-19 01:56:16 | INFO | Episode 5488 - Reward: -200.000, Length: 200, Loss: 22.6235, Entropy: 1.0789, Epsilon: 0.010
2026-04-19 01:56:17 | INFO | Episode 5489 - Reward: -200.000, Length: 200, Loss: 11.2626, Entropy: 1.0861, Epsilon: 0.010
2026-04-19 01:56:17 | INFO | Episode 5490 - Reward: -200.000, Length: 200, Loss: 16.8343, Entropy: 1.0916, Epsilon: 0.010
2026-04-19 01:56:17 | INFO | Episode 5491 - Reward: -200.000, Length: 200, Loss: 25.9030, Entropy: 1.0660, Epsilon: 0.010
2026-04-19 01:56:18 | INFO | Episode 5492 - Reward: -200.000, Length: 200, Loss: 17.0128, Entropy: 1.0791, Epsilon: 0.010
2026-04-19 01:56:18 | INFO | Episode 5493 - Reward: -200.000, Length: 200, Loss: 25.6782, Entropy: 1.0830, Epsilon: 0.010
2026-04-19 01:56:18 | INFO | Episode 5494 - Reward: -200.000, Length: 200, Loss: 11.2894, Entropy: 1.0939, Epsilon: 0.010
2026-04-19 01:56:19 | INFO | Episode 5495 - Reward: -200.000, Length: 200, Loss: 5.6197, Entropy: 1.0946, Epsilon: 0.010
2026-04-19 01:56:19 | INFO | Episode 5496 - Reward: -200.000, Length: 200, Loss: 5.7185, Entropy: 1.0920, Epsilon: 0.010
2026-04-19 01:56:19 | INFO | Episode 5497 - Reward: -200.000, Length: 200, Loss: 20.1275, Entropy: 1.0752, Epsilon: 0.010
2026-04-19 01:56:20 | INFO | Episode 5498 - Reward: -200.000, Length: 200, Loss: 5.7233, Entropy: 1.0931, Epsilon: 0.010
2026-04-19 01:56:20 | INFO | Episode 5499 - Reward: -200.000, Length: 200, Loss: 17.5001, Entropy: 1.0749, Epsilon: 0.010
2026-04-19 01:56:21 | INFO | Episode 5500 - Reward: -200.000, Length: 200, Loss: 11.6316, Entropy: 1.0905, Epsilon: 0.010
2026-04-19 01:56:26 | INFO | [Episode 5500] eps=0.010  avg_reward=-200.000  avg_length=200.00  avg_loss= 15.5481  avg_entropy=1.0905  eval_success=0.000
2026-04-19 01:56:26 | INFO | Episode 5501 - Reward: -200.000, Length: 200, Loss: 5.7880, Entropy: 1.0895, Epsilon: 0.010
2026-04-19 01:56:26 | INFO | Episode 5502 - Reward: -200.000, Length: 200, Loss: 14.5128, Entropy: 1.0860, Epsilon: 0.010
2026-04-19 01:56:27 | INFO | Episode 5503 - Reward: -200.000, Length: 200, Loss: 11.4773, Entropy: 1.0929, Epsilon: 0.010
2026-04-19 01:56:27 | INFO | Episode 5504 - Reward: -200.000, Length: 200, Loss: 14.5822, Entropy: 1.0878, Epsilon: 0.010
2026-04-19 01:56:27 | INFO | Episode 5505 - Reward: -200.000, Length: 200, Loss: 20.2535, Entropy: 1.0422, Epsilon: 0.010
2026-04-19 01:56:28 | INFO | Episode 5506 - Reward: -200.000, Length: 200, Loss: 17.7122, Entropy: 1.0904, Epsilon: 0.010
2026-04-19 01:56:28 | INFO | Episode 5507 - Reward: -200.000, Length: 200, Loss: -0.1067, Entropy: 1.0968, Epsilon: 0.010
2026-04-19 01:56:28 | INFO | Episode 5508 - Reward: -200.000, Length: 200, Loss: 17.7592, Entropy: 1.0940, Epsilon: 0.010
2026-04-19 01:56:29 | INFO | Episode 5509 - Reward: -200.000, Length: 200, Loss: 17.5298, Entropy: 1.0847, Epsilon: 0.010
2026-04-19 01:56:29 | INFO | Episode 5510 - Reward: -200.000, Length: 200, Loss: 14.4829, Entropy: 1.0786, Epsilon: 0.010
2026-04-19 01:56:29 | INFO | Episode 5511 - Reward: -200.000, Length: 200, Loss: -0.0895, Entropy: 1.0950, Epsilon: 0.010
2026-04-19 01:56:30 | INFO | Episode 5512 - Reward: -200.000, Length: 200, Loss: 8.8117, Entropy: 1.0895, Epsilon: 0.010
2026-04-19 01:56:30 | INFO | Episode 5513 - Reward: -200.000, Length: 200, Loss: 23.8085, Entropy: 1.0630, Epsilon: 0.010
2026-04-19 01:56:31 | INFO | Episode 5514 - Reward: -200.000, Length: 200, Loss: 23.9598, Entropy: 1.0410, Epsilon: 0.010
2026-04-19 01:56:31 | INFO | Episode 5515 - Reward: -200.000, Length: 200, Loss: 17.8762, Entropy: 1.0886, Epsilon: 0.010
2026-04-19 01:56:31 | INFO | Episode 5516 - Reward: -200.000, Length: 200, Loss: 20.4682, Entropy: 1.0868, Epsilon: 0.010
2026-04-19 01:56:32 | INFO | Episode 5517 - Reward: -200.000, Length: 200, Loss: 11.6145, Entropy: 1.0817, Epsilon: 0.010
2026-04-19 01:56:32 | INFO | Episode 5518 - Reward: -200.000, Length: 200, Loss: 14.5099, Entropy: 1.0900, Epsilon: 0.010
2026-04-19 01:56:32 | INFO | Episode 5519 - Reward: -200.000, Length: 200, Loss: 8.7971, Entropy: 1.0923, Epsilon: 0.010
2026-04-19 01:56:33 | INFO | Episode 5520 - Reward: -200.000, Length: 200, Loss: 17.8657, Entropy: 1.0824, Epsilon: 0.010
2026-04-19 01:56:33 | INFO | Episode 5521 - Reward: -200.000, Length: 200, Loss: 11.8114, Entropy: 1.0806, Epsilon: 0.010
2026-04-19 01:56:33 | INFO | Episode 5522 - Reward: -200.000, Length: 200, Loss: 20.8131, Entropy: 1.0715, Epsilon: 0.010
2026-04-19 01:56:34 | INFO | Episode 5523 - Reward: -200.000, Length: 200, Loss: 29.9540, Entropy: 1.0916, Epsilon: 0.010
2026-04-19 01:56:34 | INFO | Episode 5524 - Reward: -200.000, Length: 200, Loss: 26.7573, Entropy: 1.0653, Epsilon: 0.010
2026-04-19 01:56:34 | INFO | Episode 5525 - Reward: -200.000, Length: 200, Loss: 11.9491, Entropy: 1.0649, Epsilon: 0.010
2026-04-19 01:56:35 | INFO | Episode 5526 - Reward: -200.000, Length: 200, Loss: 11.7728, Entropy: 1.0848, Epsilon: 0.010
2026-04-19 01:56:35 | INFO | Episode 5527 - Reward: -200.000, Length: 200, Loss: 20.6381, Entropy: 1.0821, Epsilon: 0.010
2026-04-19 01:56:35 | INFO | Episode 5528 - Reward: -200.000, Length: 200, Loss: 23.5496, Entropy: 1.0801, Epsilon: 0.010
2026-04-19 01:56:36 | INFO | Episode 5529 - Reward: -200.000, Length: 200, Loss: 17.7058, Entropy: 1.0843, Epsilon: 0.010
2026-04-19 01:56:36 | INFO | Episode 5530 - Reward: -200.000, Length: 200, Loss: 11.6384, Entropy: 1.0835, Epsilon: 0.010
2026-04-19 01:56:37 | INFO | Episode 5531 - Reward: -200.000, Length: 200, Loss: 17.7113, Entropy: 1.0812, Epsilon: 0.010
2026-04-19 01:56:37 | INFO | Episode 5532 - Reward: -200.000, Length: 200, Loss: 17.6977, Entropy: 1.0831, Epsilon: 0.010
2026-04-19 01:56:37 | INFO | Episode 5533 - Reward: -200.000, Length: 200, Loss: 20.7990, Entropy: 1.0696, Epsilon: 0.010
2026-04-19 01:56:38 | INFO | Episode 5534 - Reward: -200.000, Length: 200, Loss: 23.4690, Entropy: 1.0667, Epsilon: 0.010
2026-04-19 01:56:38 | INFO | Episode 5535 - Reward: -200.000, Length: 200, Loss: 32.4682, Entropy: 1.0763, Epsilon: 0.010
2026-04-19 01:56:38 | INFO | Episode 5536 - Reward: -200.000, Length: 200, Loss: 8.8055, Entropy: 1.0876, Epsilon: 0.010
2026-04-19 01:56:39 | INFO | Episode 5537 - Reward: -200.000, Length: 200, Loss: 8.8222, Entropy: 1.0959, Epsilon: 0.010
2026-04-19 01:56:39 | INFO | Episode 5538 - Reward: -200.000, Length: 200, Loss: 17.7602, Entropy: 1.0757, Epsilon: 0.010
2026-04-19 01:56:39 | INFO | Episode 5539 - Reward: -200.000, Length: 200, Loss: 29.2555, Entropy: 1.0778, Epsilon: 0.010
2026-04-19 01:56:40 | INFO | Episode 5540 - Reward: -200.000, Length: 200, Loss: 28.9670, Entropy: 1.0734, Epsilon: 0.010
2026-04-19 01:56:40 | INFO | Episode 5541 - Reward: -200.000, Length: 200, Loss: 17.1284, Entropy: 1.0635, Epsilon: 0.010
2026-04-19 01:56:40 | INFO | Episode 5542 - Reward: -200.000, Length: 200, Loss: 19.7409, Entropy: 1.0814, Epsilon: 0.010
2026-04-19 01:56:41 | INFO | Episode 5543 - Reward: -200.000, Length: 200, Loss: 16.9746, Entropy: 1.0766, Epsilon: 0.010
2026-04-19 01:56:41 | INFO | Episode 5544 - Reward: -200.000, Length: 200, Loss: 25.6950, Entropy: 1.0695, Epsilon: 0.010
2026-04-19 01:56:41 | INFO | Episode 5545 - Reward: -200.000, Length: 200, Loss: 11.4610, Entropy: 1.0821, Epsilon: 0.010
2026-04-19 01:56:42 | INFO | Episode 5546 - Reward: -200.000, Length: 200, Loss: 23.0036, Entropy: 1.0880, Epsilon: 0.010
2026-04-19 01:56:42 | INFO | Episode 5547 - Reward: -200.000, Length: 200, Loss: 22.8128, Entropy: 1.0928, Epsilon: 0.010
2026-04-19 01:56:42 | INFO | Episode 5548 - Reward: -200.000, Length: 200, Loss: 5.7708, Entropy: 1.0942, Epsilon: 0.010
2026-04-19 01:56:43 | INFO | Episode 5549 - Reward: -200.000, Length: 200, Loss: 31.0582, Entropy: 1.0789, Epsilon: 0.010
2026-04-19 01:56:43 | INFO | Episode 5550 - Reward: -200.000, Length: 200, Loss: 14.3177, Entropy: 1.0801, Epsilon: 0.010
2026-04-19 01:56:44 | INFO | Episode 5551 - Reward: -200.000, Length: 200, Loss: 20.1890, Entropy: 1.0869, Epsilon: 0.010
2026-04-19 01:56:44 | INFO | Episode 5552 - Reward: -200.000, Length: 200, Loss: 25.9741, Entropy: 1.0408, Epsilon: 0.010
2026-04-19 01:56:44 | INFO | Episode 5553 - Reward: -200.000, Length: 200, Loss: 20.0966, Entropy: 1.0868, Epsilon: 0.010
2026-04-19 01:56:45 | INFO | Episode 5554 - Reward: -200.000, Length: 200, Loss: 5.7120, Entropy: 1.0938, Epsilon: 0.010
2026-04-19 01:56:45 | INFO | Episode 5555 - Reward: -200.000, Length: 200, Loss: 11.7532, Entropy: 1.0834, Epsilon: 0.010
2026-04-19 01:56:45 | INFO | Episode 5556 - Reward: -200.000, Length: 200, Loss: 14.6870, Entropy: 1.0871, Epsilon: 0.010
2026-04-19 01:56:46 | INFO | Episode 5557 - Reward: -200.000, Length: 200, Loss: 8.8104, Entropy: 1.0876, Epsilon: 0.010
2026-04-19 01:56:46 | INFO | Episode 5558 - Reward: -200.000, Length: 200, Loss: 5.8659, Entropy: 1.0924, Epsilon: 0.010
2026-04-19 01:56:46 | INFO | Episode 5559 - Reward: -200.000, Length: 200, Loss: 38.0403, Entropy: 1.0239, Epsilon: 0.010
2026-04-19 01:56:47 | INFO | Episode 5560 - Reward: -200.000, Length: 200, Loss: 3.0632, Entropy: 1.0613, Epsilon: 0.010
2026-04-19 01:56:47 | INFO | Episode 5561 - Reward: -200.000, Length: 200, Loss: 5.8630, Entropy: 1.0885, Epsilon: 0.010
2026-04-19 01:56:47 | INFO | Episode 5562 - Reward: -200.000, Length: 200, Loss: 5.8478, Entropy: 1.0887, Epsilon: 0.010
2026-04-19 01:56:48 | INFO | Episode 5563 - Reward: -200.000, Length: 200, Loss: 14.6107, Entropy: 1.0878, Epsilon: 0.010
2026-04-19 01:56:48 | INFO | Episode 5564 - Reward: -200.000, Length: 200, Loss: 26.8782, Entropy: 1.0772, Epsilon: 0.010
2026-04-19 01:56:48 | INFO | Episode 5565 - Reward: -200.000, Length: 200, Loss: 11.9650, Entropy: 1.0934, Epsilon: 0.010
2026-04-19 01:56:49 | INFO | Episode 5566 - Reward: -200.000, Length: 200, Loss: 9.0467, Entropy: 1.0908, Epsilon: 0.010
2026-04-19 01:56:49 | INFO | Episode 5567 - Reward: -200.000, Length: 200, Loss: 12.0861, Entropy: 1.0917, Epsilon: 0.010
2026-04-19 01:56:50 | INFO | Episode 5568 - Reward: -200.000, Length: 200, Loss: 27.3079, Entropy: 1.0749, Epsilon: 0.010
2026-04-19 01:56:50 | INFO | Episode 5569 - Reward: -200.000, Length: 200, Loss: 17.8120, Entropy: 1.0838, Epsilon: 0.010
2026-04-19 01:56:50 | INFO | Episode 5570 - Reward: -200.000, Length: 200, Loss: 17.8754, Entropy: 1.0891, Epsilon: 0.010
2026-04-19 01:56:51 | INFO | Episode 5571 - Reward: -200.000, Length: 200, Loss: 9.0594, Entropy: 1.0928, Epsilon: 0.010
2026-04-19 01:56:51 | INFO | Episode 5572 - Reward: -200.000, Length: 200, Loss: 8.9652, Entropy: 1.0929, Epsilon: 0.010
2026-04-19 01:56:51 | INFO | Episode 5573 - Reward: -200.000, Length: 200, Loss: 15.1189, Entropy: 1.0904, Epsilon: 0.010
2026-04-19 01:56:52 | INFO | Episode 5574 - Reward: -200.000, Length: 200, Loss: 12.2492, Entropy: 1.0849, Epsilon: 0.010
2026-04-19 01:56:52 | INFO | Episode 5575 - Reward: -200.000, Length: 200, Loss: 21.6862, Entropy: 1.0755, Epsilon: 0.010
2026-04-19 01:56:52 | INFO | Episode 5576 - Reward: -200.000, Length: 200, Loss: 3.0298, Entropy: 1.0899, Epsilon: 0.010
2026-04-19 01:56:53 | INFO | Episode 5577 - Reward: -200.000, Length: 200, Loss: 12.2899, Entropy: 1.0692, Epsilon: 0.010
2026-04-19 01:56:53 | INFO | Episode 5578 - Reward: -200.000, Length: 200, Loss: 2.9891, Entropy: 1.0971, Epsilon: 0.010
2026-04-19 01:56:53 | INFO | Episode 5579 - Reward: -200.000, Length: 200, Loss: 12.4340, Entropy: 1.0925, Epsilon: 0.010
2026-04-19 01:56:54 | INFO | Episode 5580 - Reward: -200.000, Length: 200, Loss: 31.6660, Entropy: 1.0608, Epsilon: 0.010
2026-04-19 01:56:54 | INFO | Episode 5581 - Reward: -200.000, Length: 200, Loss: 15.5222, Entropy: 1.0755, Epsilon: 0.010
2026-04-19 01:56:54 | INFO | Episode 5582 - Reward: -200.000, Length: 200, Loss: 34.2483, Entropy: 1.0701, Epsilon: 0.010
2026-04-19 01:56:55 | INFO | Episode 5583 - Reward: -200.000, Length: 200, Loss: 15.8290, Entropy: 1.0885, Epsilon: 0.010
2026-04-19 01:56:55 | INFO | Episode 5584 - Reward: -200.000, Length: 200, Loss: 25.4199, Entropy: 1.0818, Epsilon: 0.010
2026-04-19 01:56:56 | INFO | Episode 5585 - Reward: -200.000, Length: 200, Loss: 18.8173, Entropy: 1.0439, Epsilon: 0.010
2026-04-19 01:56:56 | INFO | Episode 5586 - Reward: -200.000, Length: 200, Loss: 16.0216, Entropy: 1.0879, Epsilon: 0.010
2026-04-19 01:56:56 | INFO | Episode 5587 - Reward: -200.000, Length: 200, Loss: 9.5491, Entropy: 1.0877, Epsilon: 0.010
2026-04-19 01:56:57 | INFO | Episode 5588 - Reward: -200.000, Length: 200, Loss: 9.6039, Entropy: 1.0931, Epsilon: 0.010
2026-04-19 01:56:57 | INFO | Episode 5589 - Reward: -200.000, Length: 200, Loss: 16.5175, Entropy: 1.0726, Epsilon: 0.010
2026-04-19 01:56:57 | INFO | Episode 5590 - Reward: -200.000, Length: 200, Loss: 19.3678, Entropy: 1.0565, Epsilon: 0.010
2026-04-19 01:56:58 | INFO | Episode 5591 - Reward: -200.000, Length: 200, Loss: 3.1978, Entropy: 1.0828, Epsilon: 0.010
2026-04-19 01:56:58 | INFO | Episode 5592 - Reward: -200.000, Length: 200, Loss: 22.8009, Entropy: 1.0785, Epsilon: 0.010
2026-04-19 01:56:58 | INFO | Episode 5593 - Reward: -200.000, Length: 200, Loss: 13.1557, Entropy: 1.0832, Epsilon: 0.010
2026-04-19 01:56:59 | INFO | Episode 5594 - Reward: -200.000, Length: 200, Loss: 16.2711, Entropy: 1.0683, Epsilon: 0.010
2026-04-19 01:56:59 | INFO | Episode 5595 - Reward: -200.000, Length: 200, Loss: -0.0264, Entropy: 1.0864, Epsilon: 0.010
2026-04-19 01:57:00 | INFO | Episode 5596 - Reward: -200.000, Length: 200, Loss: 16.4268, Entropy: 1.0787, Epsilon: 0.010
2026-04-19 01:57:00 | INFO | Episode 5597 - Reward: -200.000, Length: 200, Loss: 26.5204, Entropy: 1.0845, Epsilon: 0.010
2026-04-19 01:57:00 | INFO | Episode 5598 - Reward: -200.000, Length: 200, Loss: 26.6439, Entropy: 1.0772, Epsilon: 0.010
2026-04-19 01:57:01 | INFO | Episode 5599 - Reward: -200.000, Length: 200, Loss: 6.6244, Entropy: 1.0885, Epsilon: 0.010
2026-04-19 01:57:01 | INFO | Episode 5600 - Reward: -200.000, Length: 200, Loss: 16.7306, Entropy: 1.0934, Epsilon: 0.010
2026-04-19 01:57:06 | INFO | [Episode 5600] eps=0.010  avg_reward=-200.000  avg_length=200.00  avg_loss= 16.2414  avg_entropy=1.0934  eval_success=0.000
2026-04-19 01:57:06 | INFO | Episode 5601 - Reward: -200.000, Length: 200, Loss: 9.9925, Entropy: 1.0799, Epsilon: 0.010
2026-04-19 01:57:07 | INFO | Episode 5602 - Reward: -200.000, Length: 200, Loss: 23.8629, Entropy: 1.0585, Epsilon: 0.010
2026-04-19 01:57:07 | INFO | Episode 5603 - Reward: -200.000, Length: 200, Loss: 33.7189, Entropy: 1.0673, Epsilon: 0.010
2026-04-19 01:57:07 | INFO | Episode 5604 - Reward: -200.000, Length: 200, Loss: 13.0234, Entropy: 1.0926, Epsilon: 0.010
2026-04-19 01:57:08 | INFO | Episode 5605 - Reward: -200.000, Length: 200, Loss: 16.3727, Entropy: 1.0818, Epsilon: 0.010
2026-04-19 01:57:08 | INFO | Episode 5606 - Reward: -200.000, Length: 200, Loss: 6.5035, Entropy: 1.0898, Epsilon: 0.010
2026-04-19 01:57:08 | INFO | Episode 5607 - Reward: -200.000, Length: 200, Loss: 16.3868, Entropy: 1.0815, Epsilon: 0.010
2026-04-19 01:57:09 | INFO | Episode 5608 - Reward: -200.000, Length: 200, Loss: 12.9823, Entropy: 1.0814, Epsilon: 0.010
2026-04-19 01:57:09 | INFO | Episode 5609 - Reward: -200.000, Length: 200, Loss: 22.1992, Entropy: 1.0500, Epsilon: 0.010
2026-04-19 01:57:10 | INFO | Episode 5610 - Reward: -200.000, Length: 200, Loss: 12.6506, Entropy: 1.0829, Epsilon: 0.010
2026-04-19 01:57:10 | INFO | Episode 5611 - Reward: -200.000, Length: 200, Loss: 19.3985, Entropy: 1.0856, Epsilon: 0.010
2026-04-19 01:57:10 | INFO | Episode 5612 - Reward: -200.000, Length: 200, Loss: 12.8079, Entropy: 1.0895, Epsilon: 0.010
2026-04-19 01:57:11 | INFO | Episode 5613 - Reward: -200.000, Length: 200, Loss: 22.6420, Entropy: 1.0887, Epsilon: 0.010
2026-04-19 01:57:11 | INFO | Episode 5614 - Reward: -200.000, Length: 200, Loss: 12.5724, Entropy: 1.0957, Epsilon: 0.010
2026-04-19 01:57:11 | INFO | Episode 5615 - Reward: -200.000, Length: 200, Loss: 12.4487, Entropy: 1.0876, Epsilon: 0.010
2026-04-19 01:57:12 | INFO | Episode 5616 - Reward: -200.000, Length: 200, Loss: 6.2162, Entropy: 1.0890, Epsilon: 0.010
2026-04-19 01:57:12 | INFO | Episode 5617 - Reward: -200.000, Length: 200, Loss: 15.7252, Entropy: 1.0930, Epsilon: 0.010
2026-04-19 01:57:12 | INFO | Episode 5618 - Reward: -200.000, Length: 200, Loss: 28.2402, Entropy: 1.0597, Epsilon: 0.010
2026-04-19 01:57:13 | INFO | Episode 5619 - Reward: -200.000, Length: 200, Loss: 15.7232, Entropy: 1.0781, Epsilon: 0.010
2026-04-19 01:57:13 | INFO | Episode 5620 - Reward: -200.000, Length: 200, Loss: 6.3455, Entropy: 1.0804, Epsilon: 0.010
2026-04-19 01:57:13 | INFO | Episode 5621 - Reward: -200.000, Length: 200, Loss: 15.6044, Entropy: 1.0749, Epsilon: 0.010
2026-04-19 01:57:14 | INFO | Episode 5622 - Reward: -200.000, Length: 200, Loss: 22.1806, Entropy: 1.0936, Epsilon: 0.010
2026-04-19 01:57:14 | INFO | Episode 5623 - Reward: -200.000, Length: 200, Loss: 6.2838, Entropy: 1.0925, Epsilon: 0.010
2026-04-19 01:57:14 | INFO | Episode 5624 - Reward: -200.000, Length: 200, Loss: 25.3594, Entropy: 1.0890, Epsilon: 0.010
2026-04-19 01:57:15 | INFO | Episode 5625 - Reward: -200.000, Length: 200, Loss: 22.2639, Entropy: 1.0764, Epsilon: 0.010
2026-04-19 01:57:15 | INFO | Episode 5626 - Reward: -200.000, Length: 200, Loss: 9.4818, Entropy: 1.0819, Epsilon: 0.010
2026-04-19 01:57:16 | INFO | Episode 5627 - Reward: -200.000, Length: 200, Loss: 12.6152, Entropy: 1.0834, Epsilon: 0.010
2026-04-19 01:57:16 | INFO | Episode 5628 - Reward: -200.000, Length: 200, Loss: 16.0315, Entropy: 1.0817, Epsilon: 0.010
2026-04-19 01:57:16 | INFO | Episode 5629 - Reward: -200.000, Length: 200, Loss: 19.0109, Entropy: 1.0660, Epsilon: 0.010
2026-04-19 01:57:17 | INFO | Episode 5630 - Reward: -200.000, Length: 200, Loss: 12.5524, Entropy: 1.0883, Epsilon: 0.010
2026-04-19 01:57:17 | INFO | Episode 5631 - Reward: -200.000, Length: 200, Loss: 21.9397, Entropy: 1.0646, Epsilon: 0.010
2026-04-19 01:57:17 | INFO | Episode 5632 - Reward: -200.000, Length: 200, Loss: 12.5193, Entropy: 1.0507, Epsilon: 0.010
2026-04-19 01:57:18 | INFO | Episode 5633 - Reward: -200.000, Length: 200, Loss: 9.4096, Entropy: 1.0927, Epsilon: 0.010
2026-04-19 01:57:18 | INFO | Episode 5634 - Reward: -200.000, Length: 200, Loss: 15.8704, Entropy: 1.0866, Epsilon: 0.010
2026-04-19 01:57:18 | INFO | Episode 5635 - Reward: -200.000, Length: 200, Loss: 18.9360, Entropy: 1.0778, Epsilon: 0.010
2026-04-19 01:57:19 | INFO | Episode 5636 - Reward: -200.000, Length: 200, Loss: 24.8941, Entropy: 1.0458, Epsilon: 0.010
2026-04-19 01:57:19 | INFO | Episode 5637 - Reward: -200.000, Length: 200, Loss: 24.8411, Entropy: 1.0770, Epsilon: 0.010
2026-04-19 01:57:19 | INFO | Episode 5638 - Reward: -200.000, Length: 200, Loss: 9.3054, Entropy: 1.0758, Epsilon: 0.010
2026-04-19 01:57:20 | INFO | Episode 5639 - Reward: -200.000, Length: 200, Loss: 9.4235, Entropy: 1.0829, Epsilon: 0.010
2026-04-19 01:57:20 | INFO | Episode 5640 - Reward: -200.000, Length: 200, Loss: 15.8415, Entropy: 1.0808, Epsilon: 0.010
2026-04-19 01:57:21 | INFO | Episode 5641 - Reward: -200.000, Length: 200, Loss: 9.4392, Entropy: 1.0828, Epsilon: 0.010
2026-04-19 01:57:21 | INFO | Episode 5642 - Reward: -200.000, Length: 200, Loss: 6.2525, Entropy: 1.0897, Epsilon: 0.010
2026-04-19 01:57:21 | INFO | Episode 5643 - Reward: -200.000, Length: 200, Loss: 15.5783, Entropy: 1.0842, Epsilon: 0.010
2026-04-19 01:57:22 | INFO | Episode 5644 - Reward: -200.000, Length: 200, Loss: 9.2915, Entropy: 1.0920, Epsilon: 0.010
2026-04-19 01:57:22 | INFO | Episode 5645 - Reward: -200.000, Length: 200, Loss: 12.3132, Entropy: 1.0769, Epsilon: 0.010
2026-04-19 01:57:22 | INFO | Episode 5646 - Reward: -200.000, Length: 200, Loss: 6.2138, Entropy: 1.0902, Epsilon: 0.010
2026-04-19 01:57:23 | INFO | Episode 5647 - Reward: -200.000, Length: 200, Loss: 12.3922, Entropy: 1.0850, Epsilon: 0.010
2026-04-19 01:57:23 | INFO | Episode 5648 - Reward: -200.000, Length: 200, Loss: 18.4909, Entropy: 1.0926, Epsilon: 0.010
2026-04-19 01:57:23 | INFO | Episode 5649 - Reward: -200.000, Length: 200, Loss: 24.2100, Entropy: 1.0723, Epsilon: 0.010
2026-04-19 01:57:24 | INFO | Episode 5650 - Reward: -200.000, Length: 200, Loss: 12.2953, Entropy: 1.0865, Epsilon: 0.010
2026-04-19 01:57:24 | INFO | Episode 5651 - Reward: -200.000, Length: 200, Loss: 12.1755, Entropy: 1.0820, Epsilon: 0.010
2026-04-19 01:57:24 | INFO | Episode 5652 - Reward: -200.000, Length: 200, Loss: 6.1137, Entropy: 1.0906, Epsilon: 0.010
2026-04-19 01:57:25 | INFO | Episode 5653 - Reward: -200.000, Length: 200, Loss: 12.0778, Entropy: 1.0901, Epsilon: 0.010
2026-04-19 01:57:25 | INFO | Episode 5654 - Reward: -200.000, Length: 200, Loss: 17.9165, Entropy: 1.0379, Epsilon: 0.010
2026-04-19 01:57:25 | INFO | Episode 5655 - Reward: -200.000, Length: 200, Loss: 18.0590, Entropy: 1.0202, Epsilon: 0.010
2026-04-19 01:57:26 | INFO | Episode 5656 - Reward: -200.000, Length: 200, Loss: 36.3537, Entropy: 1.0441, Epsilon: 0.010
2026-04-19 01:57:26 | INFO | Episode 5657 - Reward: -200.000, Length: 200, Loss: 30.1151, Entropy: 1.0715, Epsilon: 0.010
2026-04-19 01:57:27 | INFO | Episode 5658 - Reward: -200.000, Length: 200, Loss: 5.8619, Entropy: 1.0817, Epsilon: 0.010
2026-04-19 01:57:27 | INFO | Episode 5659 - Reward: -200.000, Length: 200, Loss: 12.1835, Entropy: 1.0889, Epsilon: 0.010
2026-04-19 01:57:27 | INFO | Episode 5660 - Reward: -200.000, Length: 200, Loss: 9.1886, Entropy: 1.0916, Epsilon: 0.010
2026-04-19 01:57:28 | INFO | Episode 5661 - Reward: -200.000, Length: 200, Loss: 15.6969, Entropy: 1.0885, Epsilon: 0.010
2026-04-19 01:57:28 | INFO | Episode 5662 - Reward: -200.000, Length: 200, Loss: 9.3633, Entropy: 1.0920, Epsilon: 0.010
2026-04-19 01:57:28 | INFO | Episode 5663 - Reward: -200.000, Length: 200, Loss: 18.6627, Entropy: 1.0820, Epsilon: 0.010
2026-04-19 01:57:29 | INFO | Episode 5664 - Reward: -200.000, Length: 200, Loss: 18.7866, Entropy: 1.0757, Epsilon: 0.010
2026-04-19 01:57:29 | INFO | Episode 5665 - Reward: -200.000, Length: 200, Loss: 12.6100, Entropy: 1.0734, Epsilon: 0.010
2026-04-19 01:57:29 | INFO | Episode 5666 - Reward: -200.000, Length: 200, Loss: 9.5098, Entropy: 1.0903, Epsilon: 0.010
2026-04-19 01:57:30 | INFO | Episode 5667 - Reward: -200.000, Length: 200, Loss: 19.0092, Entropy: 1.0858, Epsilon: 0.010
2026-04-19 01:57:30 | INFO | Episode 5668 - Reward: -200.000, Length: 200, Loss: 12.8196, Entropy: 1.0531, Epsilon: 0.010
2026-04-19 01:57:31 | INFO | Episode 5669 - Reward: -200.000, Length: 200, Loss: 16.0575, Entropy: 1.0874, Epsilon: 0.010
2026-04-19 01:57:31 | INFO | Episode 5670 - Reward: -200.000, Length: 200, Loss: 16.1032, Entropy: 1.0752, Epsilon: 0.010
2026-04-19 01:57:31 | INFO | Episode 5671 - Reward: -200.000, Length: 200, Loss: 25.9277, Entropy: 1.0793, Epsilon: 0.010
2026-04-19 01:57:32 | INFO | Episode 5672 - Reward: -200.000, Length: 200, Loss: 9.6489, Entropy: 1.0863, Epsilon: 0.010
2026-04-19 01:57:32 | INFO | Episode 5673 - Reward: -200.000, Length: 200, Loss: 22.3453, Entropy: 1.0809, Epsilon: 0.010
2026-04-19 01:57:32 | INFO | Episode 5674 - Reward: -200.000, Length: 200, Loss: 25.1154, Entropy: 1.0632, Epsilon: 0.010
2026-04-19 01:57:33 | INFO | Episode 5675 - Reward: -200.000, Length: 200, Loss: 27.9555, Entropy: 1.0805, Epsilon: 0.010
2026-04-19 01:57:33 | INFO | Episode 5676 - Reward: -200.000, Length: 200, Loss: 20.9842, Entropy: 1.0828, Epsilon: 0.010
2026-04-19 01:57:33 | INFO | Episode 5677 - Reward: -200.000, Length: 200, Loss: 8.8860, Entropy: 1.0884, Epsilon: 0.010
2026-04-19 01:57:34 | INFO | Episode 5678 - Reward: -200.000, Length: 200, Loss: 11.9687, Entropy: 1.0877, Epsilon: 0.010
2026-04-19 01:57:34 | INFO | Episode 5679 - Reward: -200.000, Length: 200, Loss: 11.6202, Entropy: 1.0873, Epsilon: 0.010
2026-04-19 01:57:34 | INFO | Episode 5680 - Reward: -200.000, Length: 200, Loss: 2.8709, Entropy: 1.0933, Epsilon: 0.010
2026-04-19 01:57:35 | INFO | Episode 5681 - Reward: -200.000, Length: 200, Loss: 20.9607, Entropy: 1.0683, Epsilon: 0.010
2026-04-19 01:57:35 | INFO | Episode 5682 - Reward: -200.000, Length: 200, Loss: 11.8976, Entropy: 1.0804, Epsilon: 0.010
2026-04-19 01:57:36 | INFO | Episode 5683 - Reward: -200.000, Length: 200, Loss: 12.1231, Entropy: 1.0861, Epsilon: 0.010
2026-04-19 01:57:36 | INFO | Episode 5684 - Reward: -200.000, Length: 200, Loss: 18.3043, Entropy: 1.0813, Epsilon: 0.010
2026-04-19 01:57:36 | INFO | Episode 5685 - Reward: -200.000, Length: 200, Loss: 15.2285, Entropy: 1.0761, Epsilon: 0.010
2026-04-19 01:57:37 | INFO | Episode 5686 - Reward: -200.000, Length: 200, Loss: 11.9957, Entropy: 1.0811, Epsilon: 0.010
2026-04-19 01:57:37 | INFO | Episode 5687 - Reward: -200.000, Length: 200, Loss: 15.1518, Entropy: 1.0737, Epsilon: 0.010
2026-04-19 01:57:37 | INFO | Episode 5688 - Reward: -200.000, Length: 200, Loss: 5.9180, Entropy: 1.0849, Epsilon: 0.010
2026-04-19 01:57:38 | INFO | Episode 5689 - Reward: -200.000, Length: 200, Loss: 12.2008, Entropy: 1.0826, Epsilon: 0.010
2026-04-19 01:57:38 | INFO | Episode 5690 - Reward: -200.000, Length: 200, Loss: 24.4206, Entropy: 1.0882, Epsilon: 0.010
2026-04-19 01:57:38 | INFO | Episode 5691 - Reward: -200.000, Length: 200, Loss: 6.1157, Entropy: 1.0846, Epsilon: 0.010
2026-04-19 01:57:39 | INFO | Episode 5692 - Reward: -200.000, Length: 200, Loss: 15.2140, Entropy: 1.0845, Epsilon: 0.010
2026-04-19 01:57:39 | INFO | Episode 5693 - Reward: -200.000, Length: 200, Loss: 12.2595, Entropy: 1.0811, Epsilon: 0.010
2026-04-19 01:57:39 | INFO | Episode 5694 - Reward: -200.000, Length: 200, Loss: 18.3062, Entropy: 1.0801, Epsilon: 0.010
2026-04-19 01:57:40 | INFO | Episode 5695 - Reward: -200.000, Length: 200, Loss: 21.3498, Entropy: 1.0768, Epsilon: 0.010
2026-04-19 01:57:40 | INFO | Episode 5696 - Reward: -200.000, Length: 200, Loss: 11.7706, Entropy: 1.0831, Epsilon: 0.010
2026-04-19 01:57:41 | INFO | Episode 5697 - Reward: -200.000, Length: 200, Loss: 17.6714, Entropy: 1.0905, Epsilon: 0.010
2026-04-19 01:57:41 | INFO | Episode 5698 - Reward: -200.000, Length: 200, Loss: 17.9003, Entropy: 1.0699, Epsilon: 0.010
2026-04-19 01:57:41 | INFO | Episode 5699 - Reward: -200.000, Length: 200, Loss: 2.8770, Entropy: 1.0882, Epsilon: 0.010
2026-04-19 01:57:42 | INFO | Episode 5700 - Reward: -200.000, Length: 200, Loss: 11.7064, Entropy: 1.0822, Epsilon: 0.010
2026-04-19 01:57:47 | INFO | [Episode 5700] eps=0.010  avg_reward=-200.000  avg_length=200.00  avg_loss= 15.3001  avg_entropy=1.0822  eval_success=0.000
2026-04-19 01:57:47 | INFO | Episode 5701 - Reward: -200.000, Length: 200, Loss: 11.5824, Entropy: 1.0859, Epsilon: 0.010
2026-04-19 01:57:47 | INFO | Episode 5702 - Reward: -200.000, Length: 200, Loss: 14.4461, Entropy: 1.0872, Epsilon: 0.010
2026-04-19 01:57:48 | INFO | Episode 5703 - Reward: -200.000, Length: 200, Loss: 17.4209, Entropy: 1.0838, Epsilon: 0.010
2026-04-19 01:57:48 | INFO | Episode 5704 - Reward: -200.000, Length: 200, Loss: 11.6549, Entropy: 1.0923, Epsilon: 0.010
2026-04-19 01:57:48 | INFO | Episode 5705 - Reward: -200.000, Length: 200, Loss: 17.3322, Entropy: 1.0914, Epsilon: 0.010
2026-04-19 01:57:49 | INFO | Episode 5706 - Reward: -200.000, Length: 200, Loss: 17.7790, Entropy: 1.0871, Epsilon: 0.010
2026-04-19 01:57:49 | INFO | Episode 5707 - Reward: -200.000, Length: 200, Loss: 11.7339, Entropy: 1.0850, Epsilon: 0.010
2026-04-19 01:57:49 | INFO | Episode 5708 - Reward: -200.000, Length: 200, Loss: 26.6596, Entropy: 1.0849, Epsilon: 0.010
2026-04-19 01:57:50 | INFO | Episode 5709 - Reward: -200.000, Length: 200, Loss: 8.8338, Entropy: 1.0785, Epsilon: 0.010
2026-04-19 01:57:50 | INFO | Episode 5710 - Reward: -200.000, Length: 200, Loss: 17.6006, Entropy: 1.0905, Epsilon: 0.010
2026-04-19 01:57:50 | INFO | Episode 5711 - Reward: -200.000, Length: 200, Loss: 17.9339, Entropy: 1.0900, Epsilon: 0.010
2026-04-19 01:57:51 | INFO | Episode 5712 - Reward: -200.000, Length: 200, Loss: 11.9861, Entropy: 1.0914, Epsilon: 0.010
2026-04-19 01:57:51 | INFO | Episode 5713 - Reward: -200.000, Length: 200, Loss: 5.9419, Entropy: 1.0836, Epsilon: 0.010
2026-04-19 01:57:52 | INFO | Episode 5714 - Reward: -200.000, Length: 200, Loss: 14.9313, Entropy: 1.0870, Epsilon: 0.010
2026-04-19 01:57:52 | INFO | Episode 5715 - Reward: -200.000, Length: 200, Loss: 9.0329, Entropy: 1.0842, Epsilon: 0.010
2026-04-19 01:57:52 | INFO | Episode 5716 - Reward: -200.000, Length: 200, Loss: 24.5227, Entropy: 1.0781, Epsilon: 0.010
2026-04-19 01:57:53 | INFO | Episode 5717 - Reward: -200.000, Length: 200, Loss: 21.7662, Entropy: 1.0872, Epsilon: 0.010
2026-04-19 01:57:53 | INFO | Episode 5718 - Reward: -200.000, Length: 200, Loss: 18.2548, Entropy: 1.0798, Epsilon: 0.010
2026-04-19 01:57:53 | INFO | Episode 5719 - Reward: -200.000, Length: 200, Loss: 5.9801, Entropy: 1.0915, Epsilon: 0.010
2026-04-19 01:57:54 | INFO | Episode 5720 - Reward: -200.000, Length: 200, Loss: 12.2407, Entropy: 1.0839, Epsilon: 0.010
2026-04-19 01:57:54 | INFO | Episode 5721 - Reward: -200.000, Length: 200, Loss: 23.9988, Entropy: 1.0823, Epsilon: 0.010
2026-04-19 01:57:54 | INFO | Episode 5722 - Reward: -200.000, Length: 200, Loss: 20.9586, Entropy: 1.0829, Epsilon: 0.010
2026-04-19 01:57:55 | INFO | Episode 5723 - Reward: -200.000, Length: 200, Loss: 12.0453, Entropy: 1.0770, Epsilon: 0.010
2026-04-19 01:57:55 | INFO | Episode 5724 - Reward: -200.000, Length: 200, Loss: 9.0756, Entropy: 1.0855, Epsilon: 0.010
2026-04-19 01:57:55 | INFO | Episode 5725 - Reward: -200.000, Length: 200, Loss: 21.1110, Entropy: 1.0840, Epsilon: 0.010
2026-04-19 01:57:56 | INFO | Episode 5726 - Reward: -200.000, Length: 200, Loss: 27.6953, Entropy: 1.0826, Epsilon: 0.010
2026-04-19 01:57:56 | INFO | Episode 5727 - Reward: -200.000, Length: 200, Loss: 15.1301, Entropy: 1.0757, Epsilon: 0.010
2026-04-19 01:57:56 | INFO | Episode 5728 - Reward: -200.000, Length: 200, Loss: 18.3946, Entropy: 1.0857, Epsilon: 0.010
2026-04-19 01:57:57 | INFO | Episode 5729 - Reward: -200.000, Length: 200, Loss: 6.1901, Entropy: 1.0933, Epsilon: 0.010
2026-04-19 01:57:57 | INFO | Episode 5730 - Reward: -200.000, Length: 200, Loss: 18.4513, Entropy: 1.0921, Epsilon: 0.010
2026-04-19 01:57:58 | INFO | Episode 5731 - Reward: -200.000, Length: 200, Loss: 12.2294, Entropy: 1.0864, Epsilon: 0.010
2026-04-19 01:57:58 | INFO | Episode 5732 - Reward: -200.000, Length: 200, Loss: 6.0584, Entropy: 1.0922, Epsilon: 0.010
2026-04-19 01:57:58 | INFO | Episode 5733 - Reward: -200.000, Length: 200, Loss: 12.1659, Entropy: 1.0656, Epsilon: 0.010
2026-04-19 01:57:59 | INFO | Episode 5734 - Reward: -200.000, Length: 200, Loss: 24.4821, Entropy: 1.0825, Epsilon: 0.010
2026-04-19 01:57:59 | INFO | Episode 5735 - Reward: -200.000, Length: 200, Loss: 21.4915, Entropy: 1.0853, Epsilon: 0.010
2026-04-19 01:57:59 | INFO | Episode 5736 - Reward: -200.000, Length: 200, Loss: 14.8088, Entropy: 1.0443, Epsilon: 0.010
2026-04-19 01:58:00 | INFO | Episode 5737 - Reward: -200.000, Length: 200, Loss: 14.9273, Entropy: 1.0906, Epsilon: 0.010
2026-04-19 01:58:00 | INFO | Episode 5738 - Reward: -200.000, Length: 200, Loss: 20.7734, Entropy: 1.0865, Epsilon: 0.010
2026-04-19 01:58:02 | INFO | Episode 5739 - Reward: -200.000, Length: 200, Loss: 8.7756, Entropy: 1.0779, Epsilon: 0.010
2026-04-19 01:58:03 | INFO | Episode 5740 - Reward: -200.000, Length: 200, Loss: 14.5389, Entropy: 1.0704, Epsilon: 0.010
2026-04-19 01:58:03 | INFO | Episode 5741 - Reward: -200.000, Length: 200, Loss: 8.7580, Entropy: 1.0748, Epsilon: 0.010
2026-04-19 01:58:03 | INFO | Episode 5742 - Reward: -200.000, Length: 200, Loss: 8.6202, Entropy: 1.0870, Epsilon: 0.010
2026-04-19 01:58:04 | INFO | Episode 5743 - Reward: -200.000, Length: 200, Loss: 20.3066, Entropy: 1.0665, Epsilon: 0.010
2026-04-19 01:58:04 | INFO | Episode 5744 - Reward: -200.000, Length: 200, Loss: 8.4649, Entropy: 1.0877, Epsilon: 0.010
2026-04-19 01:58:04 | INFO | Episode 5745 - Reward: -200.000, Length: 200, Loss: 16.9910, Entropy: 1.0842, Epsilon: 0.010
2026-04-19 01:58:05 | INFO | Episode 5746 - Reward: -200.000, Length: 200, Loss: 5.3827, Entropy: 1.0936, Epsilon: 0.010
2026-04-19 01:58:05 | INFO | Episode 5747 - Reward: -200.000, Length: 200, Loss: 8.2989, Entropy: 1.0875, Epsilon: 0.010
2026-04-19 01:58:05 | INFO | Episode 5748 - Reward: -200.000, Length: 200, Loss: 10.9421, Entropy: 1.0902, Epsilon: 0.010
2026-04-19 01:58:06 | INFO | Episode 5749 - Reward: -200.000, Length: 200, Loss: 16.6293, Entropy: 1.0858, Epsilon: 0.010
2026-04-19 01:58:06 | INFO | Episode 5750 - Reward: -200.000, Length: 200, Loss: 22.2427, Entropy: 1.0740, Epsilon: 0.010
2026-04-19 01:58:07 | INFO | Episode 5751 - Reward: -200.000, Length: 200, Loss: 10.8320, Entropy: 1.0763, Epsilon: 0.010
2026-04-19 01:58:07 | INFO | Episode 5752 - Reward: -200.000, Length: 200, Loss: 13.5326, Entropy: 1.0885, Epsilon: 0.010
2026-04-19 01:58:07 | INFO | Episode 5753 - Reward: -200.000, Length: 200, Loss: 16.2578, Entropy: 1.0710, Epsilon: 0.010
2026-04-19 01:58:08 | INFO | Episode 5754 - Reward: -200.000, Length: 200, Loss: 16.1438, Entropy: 1.0880, Epsilon: 0.010
2026-04-19 01:58:08 | INFO | Episode 5755 - Reward: -200.000, Length: 200, Loss: 8.1862, Entropy: 1.0933, Epsilon: 0.010
2026-04-19 01:58:08 | INFO | Episode 5756 - Reward: -200.000, Length: 200, Loss: 13.7088, Entropy: 1.0874, Epsilon: 0.010
2026-04-19 01:58:09 | INFO | Episode 5757 - Reward: -200.000, Length: 200, Loss: 16.6044, Entropy: 1.0834, Epsilon: 0.010
2026-04-19 01:58:09 | INFO | Episode 5758 - Reward: -200.000, Length: 200, Loss: 21.9511, Entropy: 1.0833, Epsilon: 0.010
2026-04-19 01:58:09 | INFO | Episode 5759 - Reward: -200.000, Length: 200, Loss: 13.1125, Entropy: 1.0899, Epsilon: 0.010
2026-04-19 01:58:10 | INFO | Episode 5760 - Reward: -200.000, Length: 200, Loss: 7.8858, Entropy: 1.0967, Epsilon: 0.010
2026-04-19 01:58:10 | INFO | Episode 5761 - Reward: -200.000, Length: 200, Loss: 7.9827, Entropy: 1.0939, Epsilon: 0.010
2026-04-19 01:58:10 | INFO | Episode 5762 - Reward: -200.000, Length: 200, Loss: 18.7682, Entropy: 1.0848, Epsilon: 0.010
2026-04-19 01:58:11 | INFO | Episode 5763 - Reward: -200.000, Length: 200, Loss: 10.6620, Entropy: 1.0928, Epsilon: 0.010
2026-04-19 01:58:11 | INFO | Episode 5764 - Reward: -200.000, Length: 200, Loss: 21.5672, Entropy: 1.0728, Epsilon: 0.010
2026-04-19 01:58:12 | INFO | Episode 5765 - Reward: -200.000, Length: 200, Loss: 16.2491, Entropy: 1.0870, Epsilon: 0.010
2026-04-19 01:58:12 | INFO | Episode 5766 - Reward: -200.000, Length: 200, Loss: 13.5073, Entropy: 1.0820, Epsilon: 0.010
2026-04-19 01:58:12 | INFO | Episode 5767 - Reward: -200.000, Length: 200, Loss: 13.5908, Entropy: 1.0805, Epsilon: 0.010
2026-04-19 01:58:13 | INFO | Episode 5768 - Reward: -200.000, Length: 200, Loss: 10.7235, Entropy: 1.0912, Epsilon: 0.010
2026-04-19 01:58:13 | INFO | Episode 5769 - Reward: -200.000, Length: 200, Loss: 8.0775, Entropy: 1.0845, Epsilon: 0.010
2026-04-19 01:58:13 | INFO | Episode 5770 - Reward: -200.000, Length: 200, Loss: 21.5172, Entropy: 1.0863, Epsilon: 0.010
2026-04-19 01:58:14 | INFO | Episode 5771 - Reward: -200.000, Length: 200, Loss: 18.7764, Entropy: 1.0886, Epsilon: 0.010
2026-04-19 01:58:14 | INFO | Episode 5772 - Reward: -200.000, Length: 200, Loss: 18.9486, Entropy: 1.0850, Epsilon: 0.010
2026-04-19 01:58:14 | INFO | Episode 5773 - Reward: -200.000, Length: 200, Loss: 16.3148, Entropy: 1.0872, Epsilon: 0.010
2026-04-19 01:58:15 | INFO | Episode 5774 - Reward: -200.000, Length: 200, Loss: 13.6260, Entropy: 1.0902, Epsilon: 0.010
2026-04-19 01:58:15 | INFO | Episode 5775 - Reward: -200.000, Length: 200, Loss: 10.8479, Entropy: 1.0909, Epsilon: 0.010
2026-04-19 01:58:15 | INFO | Episode 5776 - Reward: -200.000, Length: 200, Loss: 5.4220, Entropy: 1.0875, Epsilon: 0.010
2026-04-19 01:58:16 | INFO | Episode 5777 - Reward: -200.000, Length: 200, Loss: 16.3108, Entropy: 1.0894, Epsilon: 0.010
2026-04-19 01:58:16 | INFO | Episode 5778 - Reward: -200.000, Length: 200, Loss: 18.9544, Entropy: 1.0847, Epsilon: 0.010
2026-04-19 01:58:16 | INFO | Episode 5779 - Reward: -200.000, Length: 200, Loss: 23.9055, Entropy: 1.0896, Epsilon: 0.010
2026-04-19 01:58:17 | INFO | Episode 5780 - Reward: -200.000, Length: 200, Loss: 5.3554, Entropy: 1.0931, Epsilon: 0.010
2026-04-19 01:58:17 | INFO | Episode 5781 - Reward: -200.000, Length: 200, Loss: 18.9591, Entropy: 1.0724, Epsilon: 0.010
2026-04-19 01:58:17 | INFO | Episode 5782 - Reward: -200.000, Length: 200, Loss: 13.5366, Entropy: 1.0741, Epsilon: 0.010
2026-04-19 01:58:18 | INFO | Episode 5783 - Reward: -200.000, Length: 200, Loss: 13.5632, Entropy: 1.0883, Epsilon: 0.010
2026-04-19 01:58:18 | INFO | Episode 5784 - Reward: -200.000, Length: 200, Loss: 18.8794, Entropy: 1.0845, Epsilon: 0.010
2026-04-19 01:58:19 | INFO | Episode 5785 - Reward: -200.000, Length: 200, Loss: 16.1353, Entropy: 1.0778, Epsilon: 0.010
2026-04-19 01:58:19 | INFO | Episode 5786 - Reward: -200.000, Length: 200, Loss: 8.1557, Entropy: 1.0927, Epsilon: 0.010
2026-04-19 01:58:19 | INFO | Episode 5787 - Reward: -200.000, Length: 200, Loss: 13.9152, Entropy: 1.0832, Epsilon: 0.010
2026-04-19 01:58:20 | INFO | Episode 5788 - Reward: -200.000, Length: 200, Loss: 16.3958, Entropy: 1.0888, Epsilon: 0.010
2026-04-19 01:58:20 | INFO | Episode 5789 - Reward: -200.000, Length: 200, Loss: 19.3563, Entropy: 1.0843, Epsilon: 0.010
2026-04-19 01:58:20 | INFO | Episode 5790 - Reward: -200.000, Length: 200, Loss: 5.4244, Entropy: 1.0948, Epsilon: 0.010
2026-04-19 01:58:21 | INFO | Episode 5791 - Reward: -200.000, Length: 200, Loss: 19.0526, Entropy: 1.0817, Epsilon: 0.010
2026-04-19 01:58:21 | INFO | Episode 5792 - Reward: -200.000, Length: 200, Loss: 10.9751, Entropy: 1.0908, Epsilon: 0.010
2026-04-19 01:58:21 | INFO | Episode 5793 - Reward: -200.000, Length: 200, Loss: 16.3287, Entropy: 1.0826, Epsilon: 0.010
2026-04-19 01:58:22 | INFO | Episode 5794 - Reward: -200.000, Length: 200, Loss: 5.4403, Entropy: 1.0906, Epsilon: 0.010
2026-04-19 01:58:22 | INFO | Episode 5795 - Reward: -200.000, Length: 200, Loss: 5.3824, Entropy: 1.0886, Epsilon: 0.010
2026-04-19 01:58:22 | INFO | Episode 5796 - Reward: -200.000, Length: 200, Loss: 13.7569, Entropy: 1.0831, Epsilon: 0.010
2026-04-19 01:58:23 | INFO | Episode 5797 - Reward: -200.000, Length: 200, Loss: 16.6477, Entropy: 1.0695, Epsilon: 0.010
2026-04-19 01:58:23 | INFO | Episode 5798 - Reward: -200.000, Length: 200, Loss: 8.2924, Entropy: 1.0953, Epsilon: 0.010
2026-04-19 01:58:24 | INFO | Episode 5799 - Reward: -200.000, Length: 200, Loss: 8.4330, Entropy: 1.0900, Epsilon: 0.010
2026-04-19 01:58:24 | INFO | Episode 5800 - Reward: -200.000, Length: 200, Loss: 14.0399, Entropy: 1.0831, Epsilon: 0.010
2026-04-19 01:58:29 | INFO | [Episode 5800] eps=0.010  avg_reward=-200.000  avg_length=200.00  avg_loss= 14.3956  avg_entropy=1.0831  eval_success=0.000
2026-04-19 01:58:29 | INFO | Episode 5801 - Reward: -200.000, Length: 200, Loss: 11.3002, Entropy: 1.0886, Epsilon: 0.010
2026-04-19 01:58:30 | INFO | Episode 5802 - Reward: -200.000, Length: 200, Loss: 22.4331, Entropy: 1.0698, Epsilon: 0.010
2026-04-19 01:58:30 | INFO | Episode 5803 - Reward: -200.000, Length: 200, Loss: 14.0956, Entropy: 1.0792, Epsilon: 0.010
2026-04-19 01:58:30 | INFO | Episode 5804 - Reward: -200.000, Length: 200, Loss: 5.5505, Entropy: 1.0874, Epsilon: 0.010
2026-04-19 01:58:31 | INFO | Episode 5805 - Reward: -200.000, Length: 200, Loss: 25.2921, Entropy: 1.0536, Epsilon: 0.010
2026-04-19 01:58:31 | INFO | Episode 5806 - Reward: -200.000, Length: 200, Loss: 16.9205, Entropy: 1.0841, Epsilon: 0.010
2026-04-19 01:58:31 | INFO | Episode 5807 - Reward: -200.000, Length: 200, Loss: 11.1745, Entropy: 1.0893, Epsilon: 0.010
2026-04-19 01:58:32 | INFO | Episode 5808 - Reward: -200.000, Length: 200, Loss: 8.3488, Entropy: 1.0934, Epsilon: 0.010
2026-04-19 01:58:32 | INFO | Episode 5809 - Reward: -200.000, Length: 200, Loss: 19.7034, Entropy: 1.0839, Epsilon: 0.010
2026-04-19 01:58:32 | INFO | Episode 5810 - Reward: -200.000, Length: 200, Loss: 5.6394, Entropy: 1.0927, Epsilon: 0.010
2026-04-19 01:58:33 | INFO | Episode 5811 - Reward: -200.000, Length: 200, Loss: 8.6877, Entropy: 1.0722, Epsilon: 0.010
2026-04-19 01:58:33 | INFO | Episode 5812 - Reward: -200.000, Length: 200, Loss: 5.7073, Entropy: 1.0791, Epsilon: 0.010
2026-04-19 01:58:34 | INFO | Episode 5813 - Reward: -200.000, Length: 200, Loss: 31.5705, Entropy: 1.0777, Epsilon: 0.010
2026-04-19 01:58:34 | INFO | Episode 5814 - Reward: -200.000, Length: 200, Loss: 17.2443, Entropy: 1.0842, Epsilon: 0.010
2026-04-19 01:58:34 | INFO | Episode 5815 - Reward: -200.000, Length: 200, Loss: 8.6341, Entropy: 1.0922, Epsilon: 0.010
2026-04-19 01:58:35 | INFO | Episode 5816 - Reward: -200.000, Length: 200, Loss: 8.5554, Entropy: 1.0913, Epsilon: 0.010
2026-04-19 01:58:35 | INFO | Episode 5817 - Reward: -200.000, Length: 200, Loss: 26.0256, Entropy: 1.0778, Epsilon: 0.010
2026-04-19 01:58:35 | INFO | Episode 5818 - Reward: -200.000, Length: 200, Loss: 11.4270, Entropy: 1.0873, Epsilon: 0.010
2026-04-19 01:58:36 | INFO | Episode 5819 - Reward: -200.000, Length: 200, Loss: 8.6020, Entropy: 1.0785, Epsilon: 0.010
2026-04-19 01:58:36 | INFO | Episode 5820 - Reward: -200.000, Length: 200, Loss: 14.3954, Entropy: 1.0806, Epsilon: 0.010
2026-04-19 01:58:36 | INFO | Episode 5821 - Reward: -200.000, Length: 200, Loss: 14.4403, Entropy: 1.0749, Epsilon: 0.010
2026-04-19 01:58:37 | INFO | Episode 5822 - Reward: -200.000, Length: 200, Loss: 34.4755, Entropy: 1.0515, Epsilon: 0.010
2026-04-19 01:58:37 | INFO | Episode 5823 - Reward: -200.000, Length: 200, Loss: 17.3066, Entropy: 1.0667, Epsilon: 0.010
2026-04-19 01:58:37 | INFO | Episode 5824 - Reward: -200.000, Length: 200, Loss: 11.6138, Entropy: 1.0877, Epsilon: 0.010
2026-04-19 01:58:38 | INFO | Episode 5825 - Reward: -200.000, Length: 200, Loss: 5.7646, Entropy: 1.0860, Epsilon: 0.010
2026-04-19 01:58:38 | INFO | Episode 5826 - Reward: -200.000, Length: 200, Loss: 8.8611, Entropy: 1.0934, Epsilon: 0.010
2026-04-19 01:58:39 | INFO | Episode 5827 - Reward: -200.000, Length: 200, Loss: 17.6669, Entropy: 1.0866, Epsilon: 0.010
2026-04-19 01:58:39 | INFO | Episode 5828 - Reward: -200.000, Length: 200, Loss: 20.7100, Entropy: 1.0653, Epsilon: 0.010
2026-04-19 01:58:39 | INFO | Episode 5829 - Reward: -200.000, Length: 200, Loss: 14.7645, Entropy: 1.0725, Epsilon: 0.010
2026-04-19 01:58:40 | INFO | Episode 5830 - Reward: -200.000, Length: 200, Loss: 14.7155, Entropy: 1.0677, Epsilon: 0.010
2026-04-19 01:58:40 | INFO | Episode 5831 - Reward: -200.000, Length: 200, Loss: 14.6814, Entropy: 1.0786, Epsilon: 0.010
2026-04-19 01:58:40 | INFO | Episode 5832 - Reward: -200.000, Length: 200, Loss: 8.7671, Entropy: 1.0894, Epsilon: 0.010
2026-04-19 01:58:41 | INFO | Episode 5833 - Reward: -200.000, Length: 200, Loss: 11.7000, Entropy: 1.0883, Epsilon: 0.010
2026-04-19 01:58:41 | INFO | Episode 5834 - Reward: -200.000, Length: 200, Loss: 8.7263, Entropy: 1.0832, Epsilon: 0.010
2026-04-19 01:58:41 | INFO | Episode 5835 - Reward: -200.000, Length: 200, Loss: 8.7415, Entropy: 1.0893, Epsilon: 0.010
2026-04-19 01:58:42 | INFO | Episode 5836 - Reward: -200.000, Length: 200, Loss: 8.9097, Entropy: 1.0788, Epsilon: 0.010
2026-04-19 01:58:42 | INFO | Episode 5837 - Reward: -200.000, Length: 200, Loss: 5.9379, Entropy: 1.0942, Epsilon: 0.010
2026-04-19 01:58:42 | INFO | Episode 5838 - Reward: -200.000, Length: 200, Loss: 17.8946, Entropy: 1.0755, Epsilon: 0.010
2026-04-19 01:58:43 | INFO | Episode 5839 - Reward: -200.000, Length: 200, Loss: 14.8215, Entropy: 1.0605, Epsilon: 0.010
2026-04-19 01:58:43 | INFO | Episode 5840 - Reward: -200.000, Length: 200, Loss: 17.7403, Entropy: 1.0623, Epsilon: 0.010
2026-04-19 01:58:43 | INFO | Episode 5841 - Reward: -200.000, Length: 200, Loss: 14.7603, Entropy: 1.0853, Epsilon: 0.010
2026-04-19 01:58:44 | INFO | Episode 5842 - Reward: -200.000, Length: 200, Loss: 14.9558, Entropy: 1.0896, Epsilon: 0.010
2026-04-19 01:58:44 | INFO | Episode 5843 - Reward: -200.000, Length: 200, Loss: 23.6228, Entropy: 1.0867, Epsilon: 0.010
2026-04-19 01:58:45 | INFO | Episode 5844 - Reward: -200.000, Length: 200, Loss: 2.9185, Entropy: 1.0939, Epsilon: 0.010
2026-04-19 01:58:45 | INFO | Episode 5845 - Reward: -200.000, Length: 200, Loss: 18.1290, Entropy: 1.0766, Epsilon: 0.010
2026-04-19 01:58:45 | INFO | Episode 5846 - Reward: -200.000, Length: 200, Loss: 17.9870, Entropy: 1.0827, Epsilon: 0.010
2026-04-19 01:58:46 | INFO | Episode 5847 - Reward: -200.000, Length: 200, Loss: 12.0041, Entropy: 1.0894, Epsilon: 0.010
2026-04-19 01:58:46 | INFO | Episode 5848 - Reward: -200.000, Length: 200, Loss: 11.9576, Entropy: 1.0705, Epsilon: 0.010
2026-04-19 01:58:46 | INFO | Episode 5849 - Reward: -200.000, Length: 200, Loss: 18.2130, Entropy: 1.0940, Epsilon: 0.010
2026-04-19 01:58:47 | INFO | Episode 5850 - Reward: -200.000, Length: 200, Loss: 15.1490, Entropy: 1.0748, Epsilon: 0.010
2026-04-19 01:58:47 | INFO | Episode 5851 - Reward: -200.000, Length: 200, Loss: 18.3790, Entropy: 1.0829, Epsilon: 0.010
2026-04-19 01:58:47 | INFO | Episode 5852 - Reward: -200.000, Length: 200, Loss: 6.1557, Entropy: 1.0789, Epsilon: 0.010
2026-04-19 01:58:48 | INFO | Episode 5853 - Reward: -200.000, Length: 200, Loss: 24.6717, Entropy: 1.0858, Epsilon: 0.010
2026-04-19 01:58:48 | INFO | Episode 5854 - Reward: -200.000, Length: 200, Loss: 15.1944, Entropy: 1.0906, Epsilon: 0.010
2026-04-19 01:58:48 | INFO | Episode 5855 - Reward: -200.000, Length: 200, Loss: 11.9915, Entropy: 1.0787, Epsilon: 0.010
2026-04-19 01:58:49 | INFO | Episode 5856 - Reward: -200.000, Length: 200, Loss: 5.9270, Entropy: 1.0775, Epsilon: 0.010
2026-04-19 01:58:49 | INFO | Episode 5857 - Reward: -200.000, Length: 200, Loss: 20.8783, Entropy: 1.0843, Epsilon: 0.010
2026-04-19 01:58:49 | INFO | Episode 5858 - Reward: -200.000, Length: 200, Loss: 14.8989, Entropy: 1.0731, Epsilon: 0.010
2026-04-19 01:58:50 | INFO | Episode 5859 - Reward: -200.000, Length: 200, Loss: 8.8623, Entropy: 1.0876, Epsilon: 0.010
2026-04-19 01:58:50 | INFO | Episode 5860 - Reward: -200.000, Length: 200, Loss: 8.8471, Entropy: 1.0910, Epsilon: 0.010
2026-04-19 01:58:51 | INFO | Episode 5861 - Reward: -200.000, Length: 200, Loss: 11.8786, Entropy: 1.0923, Epsilon: 0.010
2026-04-19 01:58:51 | INFO | Episode 5862 - Reward: -200.000, Length: 200, Loss: 17.9259, Entropy: 1.0790, Epsilon: 0.010
2026-04-19 01:58:51 | INFO | Episode 5863 - Reward: -200.000, Length: 200, Loss: 5.8943, Entropy: 1.0898, Epsilon: 0.010
2026-04-19 01:58:52 | INFO | Episode 5864 - Reward: -200.000, Length: 200, Loss: 11.6782, Entropy: 1.0844, Epsilon: 0.010
2026-04-19 01:58:52 | INFO | Episode 5865 - Reward: -200.000, Length: 200, Loss: 23.4204, Entropy: 1.0885, Epsilon: 0.010
2026-04-19 01:58:52 | INFO | Episode 5866 - Reward: -200.000, Length: 200, Loss: 8.7162, Entropy: 1.0898, Epsilon: 0.010
2026-04-19 01:58:53 | INFO | Episode 5867 - Reward: -200.000, Length: 200, Loss: 29.2787, Entropy: 1.0860, Epsilon: 0.010
2026-04-19 01:58:53 | INFO | Episode 5868 - Reward: -200.000, Length: 200, Loss: 35.2539, Entropy: 1.0810, Epsilon: 0.010
2026-04-19 01:58:53 | INFO | Episode 5869 - Reward: -200.000, Length: 200, Loss: 17.2995, Entropy: 1.0560, Epsilon: 0.010
2026-04-19 01:58:54 | INFO | Episode 5870 - Reward: -200.000, Length: 200, Loss: 11.4520, Entropy: 1.0956, Epsilon: 0.010
2026-04-19 01:58:54 | INFO | Episode 5871 - Reward: -200.000, Length: 200, Loss: 11.5826, Entropy: 1.0860, Epsilon: 0.010
2026-04-19 01:58:54 | INFO | Episode 5872 - Reward: -200.000, Length: 200, Loss: 20.4450, Entropy: 1.0776, Epsilon: 0.010
2026-04-19 01:58:55 | INFO | Episode 5873 - Reward: -200.000, Length: 200, Loss: 17.5711, Entropy: 1.0905, Epsilon: 0.010
2026-04-19 01:58:55 | INFO | Episode 5874 - Reward: -200.000, Length: 200, Loss: 23.5450, Entropy: 1.0769, Epsilon: 0.010
2026-04-19 01:58:55 | INFO | Episode 5875 - Reward: -200.000, Length: 200, Loss: 11.8951, Entropy: 1.0674, Epsilon: 0.010
2026-04-19 01:58:56 | INFO | Episode 5876 - Reward: -200.000, Length: 200, Loss: 14.3089, Entropy: 1.0631, Epsilon: 0.010
2026-04-19 01:58:56 | INFO | Episode 5877 - Reward: -200.000, Length: 200, Loss: 14.3513, Entropy: 1.0889, Epsilon: 0.010
2026-04-19 01:58:57 | INFO | Episode 5878 - Reward: -200.000, Length: 200, Loss: 5.6675, Entropy: 1.0906, Epsilon: 0.010
2026-04-19 01:58:57 | INFO | Episode 5879 - Reward: -200.000, Length: 200, Loss: 23.1957, Entropy: 1.0349, Epsilon: 0.010
2026-04-19 01:58:57 | INFO | Episode 5880 - Reward: -200.000, Length: 200, Loss: 17.4920, Entropy: 1.0522, Epsilon: 0.010
2026-04-19 01:58:58 | INFO | Episode 5881 - Reward: -200.000, Length: 200, Loss: 8.5166, Entropy: 1.0905, Epsilon: 0.010
2026-04-19 01:58:58 | INFO | Episode 5882 - Reward: -200.000, Length: 200, Loss: 8.4221, Entropy: 1.0907, Epsilon: 0.010
2026-04-19 01:58:58 | INFO | Episode 5883 - Reward: -200.000, Length: 200, Loss: 19.8270, Entropy: 1.0707, Epsilon: 0.010
2026-04-19 01:58:59 | INFO | Episode 5884 - Reward: -200.000, Length: 200, Loss: 16.6796, Entropy: 1.0675, Epsilon: 0.010
2026-04-19 01:58:59 | INFO | Episode 5885 - Reward: -200.000, Length: 200, Loss: 5.7564, Entropy: 1.0903, Epsilon: 0.010
2026-04-19 01:58:59 | INFO | Episode 5886 - Reward: -200.000, Length: 200, Loss: 5.7288, Entropy: 1.0911, Epsilon: 0.010
2026-04-19 01:59:00 | INFO | Episode 5887 - Reward: -200.000, Length: 200, Loss: 19.9384, Entropy: 1.0655, Epsilon: 0.010
2026-04-19 01:59:00 | INFO | Episode 5888 - Reward: -200.000, Length: 200, Loss: 20.0101, Entropy: 1.0524, Epsilon: 0.010
2026-04-19 01:59:00 | INFO | Episode 5889 - Reward: -200.000, Length: 200, Loss: 24.6431, Entropy: 1.0841, Epsilon: 0.010
2026-04-19 01:59:01 | INFO | Episode 5890 - Reward: -200.000, Length: 200, Loss: 2.6748, Entropy: 1.0940, Epsilon: 0.010
2026-04-19 01:59:01 | INFO | Episode 5891 - Reward: -200.000, Length: 200, Loss: 13.9118, Entropy: 1.0950, Epsilon: 0.010
2026-04-19 01:59:01 | INFO | Episode 5892 - Reward: -200.000, Length: 200, Loss: 22.1236, Entropy: 1.0826, Epsilon: 0.010
2026-04-19 01:59:02 | INFO | Episode 5893 - Reward: -200.000, Length: 200, Loss: 8.4036, Entropy: 1.0878, Epsilon: 0.010
2026-04-19 01:59:02 | INFO | Episode 5894 - Reward: -200.000, Length: 200, Loss: 16.9225, Entropy: 1.0838, Epsilon: 0.010
2026-04-19 01:59:03 | INFO | Episode 5895 - Reward: -200.000, Length: 200, Loss: 11.3541, Entropy: 1.0903, Epsilon: 0.010
2026-04-19 01:59:03 | INFO | Episode 5896 - Reward: -200.000, Length: 200, Loss: 13.9668, Entropy: 1.0676, Epsilon: 0.010
2026-04-19 01:59:03 | INFO | Episode 5897 - Reward: -200.000, Length: 200, Loss: 22.5878, Entropy: 1.0531, Epsilon: 0.010
2026-04-19 01:59:04 | INFO | Episode 5898 - Reward: -200.000, Length: 200, Loss: 24.8436, Entropy: 1.0757, Epsilon: 0.010
2026-04-19 01:59:04 | INFO | Episode 5899 - Reward: -200.000, Length: 200, Loss: 21.6138, Entropy: 1.0906, Epsilon: 0.010
2026-04-19 01:59:04 | INFO | Episode 5900 - Reward: -200.000, Length: 200, Loss: 13.5242, Entropy: 1.0918, Epsilon: 0.010
2026-04-19 01:59:09 | INFO | [Episode 5900] eps=0.010  avg_reward=-200.000  avg_length=200.00  avg_loss= 14.7935  avg_entropy=1.0918  eval_success=0.000
2026-04-19 01:59:10 | INFO | Episode 5901 - Reward: -200.000, Length: 200, Loss: 13.8030, Entropy: 1.0919, Epsilon: 0.010
2026-04-19 01:59:10 | INFO | Episode 5902 - Reward: -200.000, Length: 200, Loss: 2.6633, Entropy: 1.0958, Epsilon: 0.010
2026-04-19 01:59:10 | INFO | Episode 5903 - Reward: -200.000, Length: 200, Loss: 13.5647, Entropy: 1.0883, Epsilon: 0.010
2026-04-19 01:59:11 | INFO | Episode 5904 - Reward: -200.000, Length: 200, Loss: 8.0477, Entropy: 1.0879, Epsilon: 0.010
2026-04-19 01:59:11 | INFO | Episode 5905 - Reward: -200.000, Length: 200, Loss: 18.8975, Entropy: 1.0689, Epsilon: 0.010
2026-04-19 01:59:11 | INFO | Episode 5906 - Reward: -200.000, Length: 200, Loss: 8.1056, Entropy: 1.0825, Epsilon: 0.010
2026-04-19 01:59:12 | INFO | Episode 5907 - Reward: -200.000, Length: 200, Loss: 8.0736, Entropy: 1.0958, Epsilon: 0.010
2026-04-19 01:59:12 | INFO | Episode 5908 - Reward: -200.000, Length: 200, Loss: 8.1509, Entropy: 1.0907, Epsilon: 0.010
2026-04-19 01:59:12 | INFO | Episode 5909 - Reward: -200.000, Length: 200, Loss: 16.6244, Entropy: 1.0880, Epsilon: 0.010
2026-04-19 01:59:13 | INFO | Episode 5910 - Reward: -200.000, Length: 200, Loss: 16.5036, Entropy: 1.0889, Epsilon: 0.010
2026-04-19 01:59:13 | INFO | Episode 5911 - Reward: -200.000, Length: 200, Loss: 5.3812, Entropy: 1.0826, Epsilon: 0.010
2026-04-19 01:59:14 | INFO | Episode 5912 - Reward: -200.000, Length: 200, Loss: 13.5654, Entropy: 1.0866, Epsilon: 0.010
2026-04-19 01:59:14 | INFO | Episode 5913 - Reward: -200.000, Length: 200, Loss: 21.7910, Entropy: 1.0863, Epsilon: 0.010
2026-04-19 01:59:14 | INFO | Episode 5914 - Reward: -200.000, Length: 200, Loss: 13.1888, Entropy: 1.0936, Epsilon: 0.010
2026-04-19 01:59:15 | INFO | Episode 5915 - Reward: -200.000, Length: 200, Loss: 5.1810, Entropy: 1.0912, Epsilon: 0.010
2026-04-19 01:59:15 | INFO | Episode 5916 - Reward: -200.000, Length: 200, Loss: 10.7199, Entropy: 1.0945, Epsilon: 0.010
2026-04-19 01:59:15 | INFO | Episode 5917 - Reward: -200.000, Length: 200, Loss: 10.6245, Entropy: 1.0783, Epsilon: 0.010
2026-04-19 01:59:16 | INFO | Episode 5918 - Reward: -200.000, Length: 200, Loss: 15.9888, Entropy: 1.0733, Epsilon: 0.010
2026-04-19 01:59:16 | INFO | Episode 5919 - Reward: -200.000, Length: 200, Loss: 23.7422, Entropy: 1.0815, Epsilon: 0.010
2026-04-19 01:59:16 | INFO | Episode 5920 - Reward: -200.000, Length: 200, Loss: 13.3467, Entropy: 1.0817, Epsilon: 0.010
2026-04-19 01:59:17 | INFO | Episode 5921 - Reward: -200.000, Length: 200, Loss: 5.2607, Entropy: 1.0928, Epsilon: 0.010
2026-04-19 01:59:17 | INFO | Episode 5922 - Reward: -200.000, Length: 200, Loss: 13.4113, Entropy: 1.0854, Epsilon: 0.010
2026-04-19 01:59:17 | INFO | Episode 5923 - Reward: -200.000, Length: 200, Loss: 2.6411, Entropy: 1.0941, Epsilon: 0.010
2026-04-19 01:59:18 | INFO | Episode 5924 - Reward: -200.000, Length: 200, Loss: 13.6348, Entropy: 1.0897, Epsilon: 0.010
2026-04-19 01:59:18 | INFO | Episode 5925 - Reward: -200.000, Length: 200, Loss: 21.6503, Entropy: 1.0742, Epsilon: 0.010
2026-04-19 01:59:19 | INFO | Episode 5926 - Reward: -200.000, Length: 200, Loss: 10.8570, Entropy: 1.0874, Epsilon: 0.010
2026-04-19 01:59:19 | INFO | Episode 5927 - Reward: -200.000, Length: 200, Loss: 26.7748, Entropy: 1.0912, Epsilon: 0.010
2026-04-19 01:59:19 | INFO | Episode 5928 - Reward: -200.000, Length: 200, Loss: 18.9853, Entropy: 1.0862, Epsilon: 0.010
2026-04-19 01:59:20 | INFO | Episode 5929 - Reward: -200.000, Length: 200, Loss: 21.1692, Entropy: 1.0664, Epsilon: 0.010
2026-04-19 01:59:20 | INFO | Episode 5930 - Reward: -200.000, Length: 200, Loss: 2.6745, Entropy: 1.0938, Epsilon: 0.010
2026-04-19 01:59:20 | INFO | Episode 5931 - Reward: -200.000, Length: 200, Loss: 10.7837, Entropy: 1.0863, Epsilon: 0.010
2026-04-19 01:59:21 | INFO | Episode 5932 - Reward: -200.000, Length: 200, Loss: 21.2066, Entropy: 1.0748, Epsilon: 0.010
2026-04-19 01:59:21 | INFO | Episode 5933 - Reward: -200.000, Length: 200, Loss: 5.3392, Entropy: 1.0698, Epsilon: 0.010
2026-04-19 01:59:21 | INFO | Episode 5934 - Reward: -200.000, Length: 200, Loss: 2.6702, Entropy: 1.0926, Epsilon: 0.010
2026-04-19 01:59:22 | INFO | Episode 5935 - Reward: -200.000, Length: 200, Loss: 8.1790, Entropy: 1.0912, Epsilon: 0.010
2026-04-19 01:59:22 | INFO | Episode 5936 - Reward: -200.000, Length: 200, Loss: 2.6654, Entropy: 1.0923, Epsilon: 0.010
2026-04-19 01:59:22 | INFO | Episode 5937 - Reward: -200.000, Length: 200, Loss: 13.8864, Entropy: 1.0623, Epsilon: 0.010
2026-04-19 01:59:23 | INFO | Episode 5938 - Reward: -200.000, Length: 200, Loss: 11.1241, Entropy: 1.0871, Epsilon: 0.010
2026-04-19 01:59:23 | INFO | Episode 5939 - Reward: -200.000, Length: 200, Loss: 5.4278, Entropy: 1.0825, Epsilon: 0.010
2026-04-19 01:59:23 | INFO | Episode 5940 - Reward: -200.000, Length: 200, Loss: 13.6100, Entropy: 1.0738, Epsilon: 0.010
2026-04-19 01:59:24 | INFO | Episode 5941 - Reward: -200.000, Length: 200, Loss: 19.1949, Entropy: 1.0716, Epsilon: 0.010
2026-04-19 01:59:24 | INFO | Episode 5942 - Reward: -200.000, Length: 200, Loss: 2.6956, Entropy: 1.0906, Epsilon: 0.010
2026-04-19 01:59:25 | INFO | Episode 5943 - Reward: -200.000, Length: 200, Loss: 11.0140, Entropy: 1.0836, Epsilon: 0.010
2026-04-19 01:59:25 | INFO | Episode 5944 - Reward: -200.000, Length: 200, Loss: 13.6267, Entropy: 1.0862, Epsilon: 0.010
2026-04-19 01:59:25 | INFO | Episode 5945 - Reward: -200.000, Length: 200, Loss: 21.8644, Entropy: 1.0550, Epsilon: 0.010
2026-04-19 01:59:26 | INFO | Episode 5946 - Reward: -200.000, Length: 200, Loss: 19.2950, Entropy: 1.0815, Epsilon: 0.010
2026-04-19 01:59:26 | INFO | Episode 5947 - Reward: -200.000, Length: 200, Loss: 13.6244, Entropy: 1.0607, Epsilon: 0.010
2026-04-19 01:59:26 | INFO | Episode 5948 - Reward: -200.000, Length: 200, Loss: 21.9787, Entropy: 1.0735, Epsilon: 0.010
2026-04-19 01:59:27 | INFO | Episode 5949 - Reward: -200.000, Length: 200, Loss: 19.1141, Entropy: 1.0891, Epsilon: 0.010
2026-04-19 01:59:27 | INFO | Episode 5950 - Reward: -200.000, Length: 200, Loss: 19.0522, Entropy: 1.0730, Epsilon: 0.010
2026-04-19 01:59:27 | INFO | Episode 5951 - Reward: -200.000, Length: 200, Loss: 16.1346, Entropy: 1.0862, Epsilon: 0.010
2026-04-19 01:59:28 | INFO | Episode 5952 - Reward: -200.000, Length: 200, Loss: 18.8460, Entropy: 1.0885, Epsilon: 0.010
2026-04-19 01:59:28 | INFO | Episode 5953 - Reward: -200.000, Length: 200, Loss: 21.4714, Entropy: 1.0834, Epsilon: 0.010
2026-04-19 01:59:28 | INFO | Episode 5954 - Reward: -200.000, Length: 200, Loss: 18.9641, Entropy: 1.0803, Epsilon: 0.010
2026-04-19 01:59:29 | INFO | Episode 5955 - Reward: -200.000, Length: 200, Loss: 2.6267, Entropy: 1.0918, Epsilon: 0.010
2026-04-19 01:59:29 | INFO | Episode 5956 - Reward: -200.000, Length: 200, Loss: 19.1637, Entropy: 1.0886, Epsilon: 0.010
2026-04-19 01:59:29 | INFO | Episode 5957 - Reward: -200.000, Length: 200, Loss: 21.7947, Entropy: 1.0874, Epsilon: 0.010
2026-04-19 01:59:30 | INFO | Episode 5958 - Reward: -200.000, Length: 200, Loss: 5.4113, Entropy: 1.0922, Epsilon: 0.010
2026-04-19 01:59:30 | INFO | Episode 5959 - Reward: -200.000, Length: 200, Loss: 10.8328, Entropy: 1.0849, Epsilon: 0.010
2026-04-19 01:59:31 | INFO | Episode 5960 - Reward: -200.000, Length: 200, Loss: 10.9292, Entropy: 1.0937, Epsilon: 0.010
2026-04-19 01:59:31 | INFO | Episode 5961 - Reward: -200.000, Length: 200, Loss: 16.6892, Entropy: 1.0885, Epsilon: 0.010
2026-04-19 01:59:31 | INFO | Episode 5962 - Reward: -200.000, Length: 200, Loss: 8.4251, Entropy: 1.0869, Epsilon: 0.010
2026-04-19 01:59:32 | INFO | Episode 5963 - Reward: -200.000, Length: 200, Loss: 8.2547, Entropy: 1.0736, Epsilon: 0.010
2026-04-19 01:59:32 | INFO | Episode 5964 - Reward: -200.000, Length: 200, Loss: 22.1715, Entropy: 1.0878, Epsilon: 0.010
2026-04-19 01:59:32 | INFO | Episode 5965 - Reward: -200.000, Length: 200, Loss: 16.7048, Entropy: 1.0673, Epsilon: 0.010
2026-04-19 01:59:33 | INFO | Episode 5966 - Reward: -200.000, Length: 200, Loss: 19.0547, Entropy: 1.0902, Epsilon: 0.010
2026-04-19 01:59:33 | INFO | Episode 5967 - Reward: -200.000, Length: 200, Loss: 8.2891, Entropy: 1.0924, Epsilon: 0.010
2026-04-19 01:59:33 | INFO | Episode 5968 - Reward: -200.000, Length: 200, Loss: 13.6928, Entropy: 1.0897, Epsilon: 0.010
2026-04-19 01:59:34 | INFO | Episode 5969 - Reward: -200.000, Length: 200, Loss: -0.0855, Entropy: 1.0961, Epsilon: 0.010
2026-04-19 01:59:34 | INFO | Episode 5970 - Reward: -200.000, Length: 200, Loss: 10.8113, Entropy: 1.0873, Epsilon: 0.010
2026-04-19 01:59:34 | INFO | Episode 5971 - Reward: -200.000, Length: 200, Loss: 24.5711, Entropy: 1.0780, Epsilon: 0.010
2026-04-19 01:59:35 | INFO | Episode 5972 - Reward: -200.000, Length: 200, Loss: 2.8040, Entropy: 1.0841, Epsilon: 0.010
2026-04-19 01:59:35 | INFO | Episode 5973 - Reward: -200.000, Length: 200, Loss: 21.9229, Entropy: 1.0871, Epsilon: 0.010
2026-04-19 01:59:35 | INFO | Episode 5974 - Reward: -200.000, Length: 200, Loss: 16.3946, Entropy: 1.0826, Epsilon: 0.010
2026-04-19 01:59:36 | INFO | Episode 5975 - Reward: -200.000, Length: 200, Loss: 16.6967, Entropy: 1.0924, Epsilon: 0.010
2026-04-19 01:59:36 | INFO | Episode 5976 - Reward: -200.000, Length: 200, Loss: 13.8782, Entropy: 1.0747, Epsilon: 0.010
2026-04-19 01:59:36 | INFO | Episode 5977 - Reward: -200.000, Length: 200, Loss: 16.5840, Entropy: 1.0799, Epsilon: 0.010
2026-04-19 01:59:37 | INFO | Episode 5978 - Reward: -200.000, Length: 200, Loss: 13.8429, Entropy: 1.0810, Epsilon: 0.010
2026-04-19 01:59:37 | INFO | Episode 5979 - Reward: -200.000, Length: 200, Loss: 8.3786, Entropy: 1.0907, Epsilon: 0.010
2026-04-19 01:59:38 | INFO | Episode 5980 - Reward: -200.000, Length: 200, Loss: 19.7367, Entropy: 1.0535, Epsilon: 0.010
2026-04-19 01:59:38 | INFO | Episode 5981 - Reward: -200.000, Length: 200, Loss: 17.2362, Entropy: 1.0848, Epsilon: 0.010
2026-04-19 01:59:38 | INFO | Episode 5982 - Reward: -200.000, Length: 200, Loss: 8.5269, Entropy: 1.0720, Epsilon: 0.010
2026-04-19 01:59:39 | INFO | Episode 5983 - Reward: -200.000, Length: 200, Loss: 22.9612, Entropy: 1.0806, Epsilon: 0.010
2026-04-19 01:59:39 | INFO | Episode 5984 - Reward: -200.000, Length: 200, Loss: 22.1606, Entropy: 1.0721, Epsilon: 0.010
2026-04-19 01:59:39 | INFO | Episode 5985 - Reward: -200.000, Length: 200, Loss: 11.1233, Entropy: 1.0923, Epsilon: 0.010
2026-04-19 01:59:40 | INFO | Episode 5986 - Reward: -200.000, Length: 200, Loss: 8.2887, Entropy: 1.0806, Epsilon: 0.010
2026-04-19 01:59:40 | INFO | Episode 5987 - Reward: -200.000, Length: 200, Loss: 19.3430, Entropy: 1.0851, Epsilon: 0.010
2026-04-19 01:59:40 | INFO | Episode 5988 - Reward: -200.000, Length: 200, Loss: 19.3119, Entropy: 1.0864, Epsilon: 0.010
2026-04-19 01:59:41 | INFO | Episode 5989 - Reward: -200.000, Length: 200, Loss: 10.9279, Entropy: 1.0899, Epsilon: 0.010
2026-04-19 01:59:41 | INFO | Episode 5990 - Reward: -200.000, Length: 200, Loss: 5.4612, Entropy: 1.0922, Epsilon: 0.010
2026-04-19 01:59:42 | INFO | Episode 5991 - Reward: -200.000, Length: 200, Loss: 13.9873, Entropy: 1.0918, Epsilon: 0.010
2026-04-19 01:59:42 | INFO | Episode 5992 - Reward: -200.000, Length: 200, Loss: 19.3239, Entropy: 1.0936, Epsilon: 0.010
2026-04-19 01:59:42 | INFO | Episode 5993 - Reward: -200.000, Length: 200, Loss: 11.0956, Entropy: 1.0942, Epsilon: 0.010
2026-04-19 01:59:43 | INFO | Episode 5994 - Reward: -200.000, Length: 200, Loss: 22.2710, Entropy: 1.0436, Epsilon: 0.010
2026-04-19 01:59:43 | INFO | Episode 5995 - Reward: -200.000, Length: 200, Loss: 22.1887, Entropy: 1.0913, Epsilon: 0.010
2026-04-19 01:59:43 | INFO | Episode 5996 - Reward: -200.000, Length: 200, Loss: 19.0465, Entropy: 1.0911, Epsilon: 0.010
2026-04-19 01:59:44 | INFO | Episode 5997 - Reward: -200.000, Length: 200, Loss: 21.8212, Entropy: 1.0765, Epsilon: 0.010
2026-04-19 01:59:44 | INFO | Episode 5998 - Reward: -200.000, Length: 200, Loss: 2.6641, Entropy: 1.0926, Epsilon: 0.010
2026-04-19 01:59:44 | INFO | Episode 5999 - Reward: -200.000, Length: 200, Loss: 2.7331, Entropy: 1.0924, Epsilon: 0.010
2026-04-19 01:59:45 | INFO | Episode 6000 - Reward: -200.000, Length: 200, Loss: 11.1701, Entropy: 1.0792, Epsilon: 0.010
2026-04-19 01:59:50 | INFO | [Episode 6000] eps=0.010  avg_reward=-200.000  avg_length=200.00  avg_loss= 13.5801  avg_entropy=1.0792  eval_success=0.000
2026-04-19 01:59:50 | INFO | Episode 6001 - Reward: -200.000, Length: 200, Loss: 30.7470, Entropy: 1.0769, Epsilon: 0.010
2026-04-19 01:59:50 | INFO | Episode 6002 - Reward: -200.000, Length: 200, Loss: 8.3671, Entropy: 1.0781, Epsilon: 0.010
2026-04-19 01:59:51 | INFO | Episode 6003 - Reward: -200.000, Length: 200, Loss: 16.7403, Entropy: 1.0865, Epsilon: 0.010
2026-04-19 01:59:51 | INFO | Episode 6004 - Reward: -200.000, Length: 200, Loss: 8.3970, Entropy: 1.0889, Epsilon: 0.010
2026-04-19 01:59:51 | INFO | Episode 6005 - Reward: -200.000, Length: 200, Loss: 25.4401, Entropy: 1.0759, Epsilon: 0.010
2026-04-19 01:59:52 | INFO | Episode 6006 - Reward: -200.000, Length: 200, Loss: 27.7474, Entropy: 1.0786, Epsilon: 0.010
2026-04-19 01:59:52 | INFO | Episode 6007 - Reward: -200.000, Length: 200, Loss: 11.0880, Entropy: 1.0876, Epsilon: 0.010
2026-04-19 01:59:52 | INFO | Episode 6008 - Reward: -200.000, Length: 200, Loss: 16.6507, Entropy: 1.0748, Epsilon: 0.010
2026-04-19 01:59:53 | INFO | Episode 6009 - Reward: -200.000, Length: 200, Loss: 19.2993, Entropy: 1.0799, Epsilon: 0.010
2026-04-19 01:59:53 | INFO | Episode 6010 - Reward: -200.000, Length: 200, Loss: 19.2878, Entropy: 1.0775, Epsilon: 0.010
2026-04-19 01:59:53 | INFO | Episode 6011 - Reward: -200.000, Length: 200, Loss: 10.8869, Entropy: 1.0822, Epsilon: 0.010
2026-04-19 01:59:54 | INFO | Episode 6012 - Reward: -200.000, Length: 200, Loss: 5.3897, Entropy: 1.0890, Epsilon: 0.010
2026-04-19 01:59:54 | INFO | Episode 6013 - Reward: -200.000, Length: 200, Loss: 5.4749, Entropy: 1.0880, Epsilon: 0.010
2026-04-19 01:59:54 | INFO | Episode 6014 - Reward: -200.000, Length: 200, Loss: 19.4392, Entropy: 1.0565, Epsilon: 0.010
2026-04-19 01:59:55 | INFO | Episode 6015 - Reward: -200.000, Length: 200, Loss: 13.8359, Entropy: 1.0615, Epsilon: 0.010
2026-04-19 01:59:55 | INFO | Episode 6016 - Reward: -200.000, Length: 200, Loss: 8.3098, Entropy: 1.0864, Epsilon: 0.010
2026-04-19 01:59:56 | INFO | Episode 6017 - Reward: -200.000, Length: 200, Loss: 13.8122, Entropy: 1.0813, Epsilon: 0.010
2026-04-19 01:59:56 | INFO | Episode 6018 - Reward: -200.000, Length: 200, Loss: 8.3350, Entropy: 1.0878, Epsilon: 0.010
2026-04-19 01:59:56 | INFO | Episode 6019 - Reward: -200.000, Length: 200, Loss: 16.9372, Entropy: 1.0819, Epsilon: 0.010
2026-04-19 01:59:57 | INFO | Episode 6020 - Reward: -200.000, Length: 200, Loss: 14.1168, Entropy: 1.0834, Epsilon: 0.010
2026-04-19 01:59:57 | INFO | Episode 6021 - Reward: -200.000, Length: 200, Loss: 17.0206, Entropy: 1.0900, Epsilon: 0.010
2026-04-19 01:59:57 | INFO | Episode 6022 - Reward: -200.000, Length: 200, Loss: 11.2908, Entropy: 1.0876, Epsilon: 0.010
2026-04-19 01:59:58 | INFO | Episode 6023 - Reward: -200.000, Length: 200, Loss: 8.4929, Entropy: 1.0876, Epsilon: 0.010
2026-04-19 01:59:58 | INFO | Episode 6024 - Reward: -200.000, Length: 200, Loss: 8.6195, Entropy: 1.0927, Epsilon: 0.010
2026-04-19 01:59:58 | INFO | Episode 6025 - Reward: -200.000, Length: 200, Loss: 14.3560, Entropy: 1.0541, Epsilon: 0.010
2026-04-19 01:59:59 | INFO | Episode 6026 - Reward: -200.000, Length: 200, Loss: 11.6361, Entropy: 1.0917, Epsilon: 0.010
2026-04-19 01:59:59 | INFO | Episode 6027 - Reward: -200.000, Length: 200, Loss: 17.4365, Entropy: 1.0889, Epsilon: 0.010
2026-04-19 01:59:59 | INFO | Episode 6028 - Reward: -200.000, Length: 200, Loss: 11.7749, Entropy: 1.0889, Epsilon: 0.010
2026-04-19 02:00:00 | INFO | Episode 6029 - Reward: -200.000, Length: 200, Loss: 2.9101, Entropy: 1.0950, Epsilon: 0.010
2026-04-19 02:00:00 | INFO | Episode 6030 - Reward: -200.000, Length: 200, Loss: 5.8996, Entropy: 1.0889, Epsilon: 0.010
2026-04-19 02:00:00 | INFO | Episode 6031 - Reward: -200.000, Length: 200, Loss: 17.9178, Entropy: 1.0786, Epsilon: 0.010
2026-04-19 02:00:01 | INFO | Episode 6032 - Reward: -200.000, Length: 200, Loss: 12.0299, Entropy: 1.0865, Epsilon: 0.010
2026-04-19 02:00:01 | INFO | Episode 6033 - Reward: -200.000, Length: 200, Loss: 21.0671, Entropy: 1.0614, Epsilon: 0.010
2026-04-19 02:00:02 | INFO | Episode 6034 - Reward: -200.000, Length: 200, Loss: 21.0792, Entropy: 1.0828, Epsilon: 0.010
2026-04-19 02:00:02 | INFO | Episode 6035 - Reward: -200.000, Length: 200, Loss: 15.0647, Entropy: 1.0887, Epsilon: 0.010
2026-04-19 02:00:02 | INFO | Episode 6036 - Reward: -200.000, Length: 200, Loss: 12.0804, Entropy: 1.0882, Epsilon: 0.010
2026-04-19 02:00:03 | INFO | Episode 6037 - Reward: -200.000, Length: 200, Loss: 5.9872, Entropy: 1.0934, Epsilon: 0.010
2026-04-19 02:00:03 | INFO | Episode 6038 - Reward: -200.000, Length: 200, Loss: 17.9887, Entropy: 1.0905, Epsilon: 0.010
2026-04-19 02:00:03 | INFO | Episode 6039 - Reward: -200.000, Length: 200, Loss: 20.8323, Entropy: 1.0817, Epsilon: 0.010
2026-04-19 02:00:04 | INFO | Episode 6040 - Reward: -200.000, Length: 200, Loss: 14.8595, Entropy: 1.0783, Epsilon: 0.010
2026-04-19 02:00:04 | INFO | Episode 6041 - Reward: -200.000, Length: 200, Loss: 15.0340, Entropy: 1.0740, Epsilon: 0.010
2026-04-19 02:00:04 | INFO | Episode 6042 - Reward: -200.000, Length: 200, Loss: 11.9701, Entropy: 1.0714, Epsilon: 0.010
2026-04-19 02:00:05 | INFO | Episode 6043 - Reward: -200.000, Length: 200, Loss: 9.0199, Entropy: 1.0890, Epsilon: 0.010
2026-04-19 02:00:05 | INFO | Episode 6044 - Reward: -200.000, Length: 200, Loss: 15.0956, Entropy: 1.0771, Epsilon: 0.010
2026-04-19 02:00:05 | INFO | Episode 6045 - Reward: -200.000, Length: 200, Loss: 9.1890, Entropy: 1.0733, Epsilon: 0.010
2026-04-19 02:00:06 | INFO | Episode 6046 - Reward: -200.000, Length: 200, Loss: 21.5264, Entropy: 1.0716, Epsilon: 0.010
2026-04-19 02:00:06 | INFO | Episode 6047 - Reward: -200.000, Length: 200, Loss: 24.5429, Entropy: 1.0589, Epsilon: 0.010
2026-04-19 02:00:06 | INFO | Episode 6048 - Reward: -200.000, Length: 200, Loss: 9.2749, Entropy: 1.0805, Epsilon: 0.010
2026-04-19 02:00:07 | INFO | Episode 6049 - Reward: -200.000, Length: 200, Loss: 9.2793, Entropy: 1.0897, Epsilon: 0.010
2026-04-19 02:00:07 | INFO | Episode 6050 - Reward: -200.000, Length: 200, Loss: 19.1794, Entropy: 1.0757, Epsilon: 0.010
2026-04-19 02:00:07 | INFO | Episode 6051 - Reward: -200.000, Length: 200, Loss: 9.3995, Entropy: 1.0795, Epsilon: 0.010
2026-04-19 02:00:08 | INFO | Episode 6052 - Reward: -200.000, Length: 200, Loss: 19.0177, Entropy: 1.0855, Epsilon: 0.010
2026-04-19 02:00:08 | INFO | Episode 6053 - Reward: -200.000, Length: 200, Loss: 6.4166, Entropy: 1.0890, Epsilon: 0.010
2026-04-19 02:00:09 | INFO | Episode 6054 - Reward: -200.000, Length: 200, Loss: 19.3035, Entropy: 1.0847, Epsilon: 0.010
2026-04-19 02:00:09 | INFO | Episode 6055 - Reward: -200.000, Length: 200, Loss: 12.7877, Entropy: 1.0885, Epsilon: 0.010
2026-04-19 02:00:09 | INFO | Episode 6056 - Reward: -200.000, Length: 200, Loss: 9.4908, Entropy: 1.0833, Epsilon: 0.010
2026-04-19 02:00:10 | INFO | Episode 6057 - Reward: -200.000, Length: 200, Loss: 19.2032, Entropy: 1.0635, Epsilon: 0.010
2026-04-19 02:00:10 | INFO | Episode 6058 - Reward: -200.000, Length: 200, Loss: 15.8567, Entropy: 1.0773, Epsilon: 0.010
2026-04-19 02:00:10 | INFO | Episode 6059 - Reward: -200.000, Length: 200, Loss: 25.8320, Entropy: 1.0777, Epsilon: 0.010
2026-04-19 02:00:11 | INFO | Episode 6060 - Reward: -200.000, Length: 200, Loss: 16.1969, Entropy: 1.0762, Epsilon: 0.010
2026-04-19 02:00:11 | INFO | Episode 6061 - Reward: -200.000, Length: 200, Loss: 12.9574, Entropy: 1.0873, Epsilon: 0.010
2026-04-19 02:00:11 | INFO | Episode 6062 - Reward: -200.000, Length: 200, Loss: 12.9713, Entropy: 1.0912, Epsilon: 0.010
2026-04-19 02:00:12 | INFO | Episode 6063 - Reward: -200.000, Length: 200, Loss: 13.1519, Entropy: 1.0920, Epsilon: 0.010
2026-04-19 02:00:12 | INFO | Episode 6064 - Reward: -200.000, Length: 200, Loss: 19.6785, Entropy: 1.0646, Epsilon: 0.010
2026-04-19 02:00:12 | INFO | Episode 6065 - Reward: -200.000, Length: 200, Loss: 26.2512, Entropy: 1.0794, Epsilon: 0.010
2026-04-19 02:00:13 | INFO | Episode 6066 - Reward: -200.000, Length: 200, Loss: 10.0344, Entropy: 1.0764, Epsilon: 0.010
2026-04-19 02:00:13 | INFO | Episode 6067 - Reward: -200.000, Length: 200, Loss: 6.6097, Entropy: 1.0795, Epsilon: 0.010
2026-04-19 02:00:14 | INFO | Episode 6068 - Reward: -200.000, Length: 200, Loss: 16.4548, Entropy: 1.0801, Epsilon: 0.010
2026-04-19 02:00:14 | INFO | Episode 6069 - Reward: -200.000, Length: 200, Loss: 9.9877, Entropy: 1.0860, Epsilon: 0.010
2026-04-19 02:00:14 | INFO | Episode 6070 - Reward: -200.000, Length: 200, Loss: 16.8045, Entropy: 1.0770, Epsilon: 0.010
2026-04-19 02:00:15 | INFO | Episode 6071 - Reward: -200.000, Length: 200, Loss: 19.6918, Entropy: 1.0609, Epsilon: 0.010
2026-04-19 02:00:15 | INFO | Episode 6072 - Reward: -200.000, Length: 200, Loss: 6.7263, Entropy: 1.0843, Epsilon: 0.010
2026-04-19 02:00:15 | INFO | Episode 6073 - Reward: -200.000, Length: 200, Loss: 19.5906, Entropy: 1.0858, Epsilon: 0.010
2026-04-19 02:00:16 | INFO | Episode 6074 - Reward: -200.000, Length: 200, Loss: 22.3398, Entropy: 1.0626, Epsilon: 0.010
2026-04-19 02:00:16 | INFO | Episode 6075 - Reward: -200.000, Length: 200, Loss: 12.8110, Entropy: 1.0861, Epsilon: 0.010
2026-04-19 02:00:16 | INFO | Episode 6076 - Reward: -200.000, Length: 200, Loss: 9.4950, Entropy: 1.0871, Epsilon: 0.010
2026-04-19 02:00:17 | INFO | Episode 6077 - Reward: -200.000, Length: 200, Loss: 19.4338, Entropy: 1.0680, Epsilon: 0.010
2026-04-19 02:00:17 | INFO | Episode 6078 - Reward: -200.000, Length: 200, Loss: 19.2288, Entropy: 1.0837, Epsilon: 0.010
2026-04-19 02:00:19 | INFO | Episode 6079 - Reward: -200.000, Length: 200, Loss: 12.6668, Entropy: 1.0711, Epsilon: 0.010
2026-04-19 02:00:20 | INFO | Episode 6080 - Reward: -200.000, Length: 200, Loss: -0.1053, Entropy: 1.0970, Epsilon: 0.010
2026-04-19 02:00:20 | INFO | Episode 6081 - Reward: -200.000, Length: 200, Loss: 16.0377, Entropy: 1.0871, Epsilon: 0.010
2026-04-19 02:00:20 | INFO | Episode 6082 - Reward: -200.000, Length: 200, Loss: 12.7411, Entropy: 1.0881, Epsilon: 0.010
2026-04-19 02:00:21 | INFO | Episode 6083 - Reward: -200.000, Length: 200, Loss: 16.1930, Entropy: 1.0751, Epsilon: 0.010
2026-04-19 02:00:21 | INFO | Episode 6084 - Reward: -200.000, Length: 200, Loss: 12.9107, Entropy: 1.0846, Epsilon: 0.010
2026-04-19 02:00:21 | INFO | Episode 6085 - Reward: -200.000, Length: 200, Loss: 22.6183, Entropy: 1.0471, Epsilon: 0.010
2026-04-19 02:00:22 | INFO | Episode 6086 - Reward: -200.000, Length: 200, Loss: 19.4318, Entropy: 1.0512, Epsilon: 0.010
2026-04-19 02:00:22 | INFO | Episode 6087 - Reward: -200.000, Length: 200, Loss: 16.2150, Entropy: 1.0880, Epsilon: 0.010
2026-04-19 02:00:23 | INFO | Episode 6088 - Reward: -200.000, Length: 200, Loss: 12.8166, Entropy: 1.0801, Epsilon: 0.010
2026-04-19 02:00:23 | INFO | Episode 6089 - Reward: -200.000, Length: 200, Loss: 16.0042, Entropy: 1.0748, Epsilon: 0.010
2026-04-19 02:00:23 | INFO | Episode 6090 - Reward: -200.000, Length: 200, Loss: 22.6467, Entropy: 1.0734, Epsilon: 0.010
2026-04-19 02:00:24 | INFO | Episode 6091 - Reward: -200.000, Length: 200, Loss: 12.8446, Entropy: 1.0847, Epsilon: 0.010
2026-04-19 02:00:24 | INFO | Episode 6092 - Reward: -200.000, Length: 200, Loss: 22.7119, Entropy: 1.0910, Epsilon: 0.010
2026-04-19 02:00:24 | INFO | Episode 6093 - Reward: -200.000, Length: 200, Loss: 22.6057, Entropy: 1.0869, Epsilon: 0.010
2026-04-19 02:00:25 | INFO | Episode 6094 - Reward: -200.000, Length: 200, Loss: 12.8412, Entropy: 1.0741, Epsilon: 0.010
2026-04-19 02:00:25 | INFO | Episode 6095 - Reward: -200.000, Length: 200, Loss: 28.7724, Entropy: 1.0663, Epsilon: 0.010
2026-04-19 02:00:25 | INFO | Episode 6096 - Reward: -200.000, Length: 200, Loss: 15.5951, Entropy: 1.0797, Epsilon: 0.010
2026-04-19 02:00:26 | INFO | Episode 6097 - Reward: -200.000, Length: 200, Loss: 12.6952, Entropy: 1.0830, Epsilon: 0.010
2026-04-19 02:00:26 | INFO | Episode 6098 - Reward: -200.000, Length: 200, Loss: 22.0511, Entropy: 1.0758, Epsilon: 0.010
2026-04-19 02:00:26 | INFO | Episode 6099 - Reward: -200.000, Length: 200, Loss: 15.6194, Entropy: 1.0764, Epsilon: 0.010
2026-04-19 02:00:27 | INFO | Episode 6100 - Reward: -200.000, Length: 200, Loss: 12.5087, Entropy: 1.0900, Epsilon: 0.010
2026-04-19 02:00:32 | INFO | [Episode 6100] eps=0.010  avg_reward=-200.000  avg_length=200.00  avg_loss= 14.9890  avg_entropy=1.0900  eval_success=0.000
2026-04-19 02:00:32 | INFO | Episode 6101 - Reward: -200.000, Length: 200, Loss: 12.7291, Entropy: 1.0821, Epsilon: 0.010
2026-04-19 02:00:32 | INFO | Episode 6102 - Reward: -200.000, Length: 200, Loss: 9.5230, Entropy: 1.0822, Epsilon: 0.010
2026-04-19 02:00:33 | INFO | Episode 6103 - Reward: -200.000, Length: 200, Loss: 22.7579, Entropy: 1.0775, Epsilon: 0.010
2026-04-19 02:00:33 | INFO | Episode 6104 - Reward: -200.000, Length: 200, Loss: 6.3043, Entropy: 1.0903, Epsilon: 0.010
2026-04-19 02:00:33 | INFO | Episode 6105 - Reward: -200.000, Length: 200, Loss: 21.8134, Entropy: 1.0722, Epsilon: 0.010
2026-04-19 02:00:34 | INFO | Episode 6106 - Reward: -200.000, Length: 200, Loss: 18.7149, Entropy: 1.0747, Epsilon: 0.010
2026-04-19 02:00:34 | INFO | Episode 6107 - Reward: -200.000, Length: 200, Loss: 15.5425, Entropy: 1.0750, Epsilon: 0.010
2026-04-19 02:00:34 | INFO | Episode 6108 - Reward: -200.000, Length: 200, Loss: 15.4478, Entropy: 1.0776, Epsilon: 0.010
2026-04-19 02:00:35 | INFO | Episode 6109 - Reward: -200.000, Length: 200, Loss: 22.0142, Entropy: 1.0811, Epsilon: 0.010
2026-04-19 02:00:35 | INFO | Episode 6110 - Reward: -200.000, Length: 200, Loss: 6.2546, Entropy: 1.0892, Epsilon: 0.010
2026-04-19 02:00:36 | INFO | Episode 6111 - Reward: -200.000, Length: 200, Loss: 12.3994, Entropy: 1.0849, Epsilon: 0.010
2026-04-19 02:00:36 | INFO | Episode 6112 - Reward: -200.000, Length: 200, Loss: 9.3303, Entropy: 1.0864, Epsilon: 0.010
2026-04-19 02:00:36 | INFO | Episode 6113 - Reward: -200.000, Length: 200, Loss: 21.6213, Entropy: 1.0542, Epsilon: 0.010
2026-04-19 02:00:37 | INFO | Episode 6114 - Reward: -200.000, Length: 200, Loss: 18.6016, Entropy: 1.0875, Epsilon: 0.010
2026-04-19 02:00:37 | INFO | Episode 6115 - Reward: -200.000, Length: 200, Loss: 12.3759, Entropy: 1.0799, Epsilon: 0.010
2026-04-19 02:00:37 | INFO | Episode 6116 - Reward: -200.000, Length: 200, Loss: 21.4518, Entropy: 1.0604, Epsilon: 0.010
2026-04-19 02:00:38 | INFO | Episode 6117 - Reward: -200.000, Length: 200, Loss: 18.3276, Entropy: 1.0826, Epsilon: 0.010
2026-04-19 02:00:38 | INFO | Episode 6118 - Reward: -200.000, Length: 200, Loss: 9.1825, Entropy: 1.0910, Epsilon: 0.010
2026-04-19 02:00:38 | INFO | Episode 6119 - Reward: -200.000, Length: 200, Loss: 12.5558, Entropy: 1.0846, Epsilon: 0.010
2026-04-19 02:00:39 | INFO | Episode 6120 - Reward: -200.000, Length: 200, Loss: 15.5356, Entropy: 1.0864, Epsilon: 0.010
2026-04-19 02:00:39 | INFO | Episode 6121 - Reward: -200.000, Length: 200, Loss: 21.8488, Entropy: 1.0666, Epsilon: 0.010
2026-04-19 02:00:39 | INFO | Episode 6122 - Reward: -200.000, Length: 200, Loss: 18.6532, Entropy: 1.0763, Epsilon: 0.010
2026-04-19 02:00:40 | INFO | Episode 6123 - Reward: -200.000, Length: 200, Loss: 12.2314, Entropy: 1.0942, Epsilon: 0.010
2026-04-19 02:00:40 | INFO | Episode 6124 - Reward: -200.000, Length: 200, Loss: 18.1223, Entropy: 1.0879, Epsilon: 0.010
2026-04-19 02:00:40 | INFO | Episode 6125 - Reward: -200.000, Length: 200, Loss: 24.3640, Entropy: 1.0783, Epsilon: 0.010
2026-04-19 02:00:41 | INFO | Episode 6126 - Reward: -200.000, Length: 200, Loss: 18.1580, Entropy: 1.0800, Epsilon: 0.010
2026-04-19 02:00:41 | INFO | Episode 6127 - Reward: -200.000, Length: 200, Loss: 21.3468, Entropy: 1.0886, Epsilon: 0.010
2026-04-19 02:00:42 | INFO | Episode 6128 - Reward: -200.000, Length: 200, Loss: 12.3104, Entropy: 1.0800, Epsilon: 0.010
2026-04-19 02:00:42 | INFO | Episode 6129 - Reward: -200.000, Length: 200, Loss: 18.4518, Entropy: 1.0924, Epsilon: 0.010
2026-04-19 02:00:42 | INFO | Episode 6130 - Reward: -200.000, Length: 200, Loss: 21.5047, Entropy: 1.0889, Epsilon: 0.010
2026-04-19 02:00:43 | INFO | Episode 6131 - Reward: -200.000, Length: 200, Loss: 12.2577, Entropy: 1.0784, Epsilon: 0.010
2026-04-19 02:00:43 | INFO | Episode 6132 - Reward: -200.000, Length: 200, Loss: 12.3534, Entropy: 1.0676, Epsilon: 0.010
2026-04-19 02:00:43 | INFO | Episode 6133 - Reward: -200.000, Length: 200, Loss: 12.3908, Entropy: 1.0828, Epsilon: 0.010
2026-04-19 02:00:44 | INFO | Episode 6134 - Reward: -200.000, Length: 200, Loss: 15.3172, Entropy: 1.0648, Epsilon: 0.010
2026-04-19 02:00:44 | INFO | Episode 6135 - Reward: -200.000, Length: 200, Loss: 15.5824, Entropy: 1.0917, Epsilon: 0.010
2026-04-19 02:00:45 | INFO | Episode 6136 - Reward: -200.000, Length: 200, Loss: 12.2402, Entropy: 1.0880, Epsilon: 0.010
2026-04-19 02:00:45 | INFO | Episode 6137 - Reward: -200.000, Length: 200, Loss: 9.1182, Entropy: 1.0872, Epsilon: 0.010
2026-04-19 02:00:45 | INFO | Episode 6138 - Reward: -200.000, Length: 200, Loss: 12.1882, Entropy: 1.0877, Epsilon: 0.010
2026-04-19 02:00:46 | INFO | Episode 6139 - Reward: -200.000, Length: 200, Loss: 9.2248, Entropy: 1.0906, Epsilon: 0.010
2026-04-19 02:00:46 | INFO | Episode 6140 - Reward: -200.000, Length: 200, Loss: 15.3866, Entropy: 1.0856, Epsilon: 0.010
2026-04-19 02:00:46 | INFO | Episode 6141 - Reward: -200.000, Length: 200, Loss: 9.1785, Entropy: 1.0917, Epsilon: 0.010
2026-04-19 02:00:47 | INFO | Episode 6142 - Reward: -200.000, Length: 200, Loss: 18.2506, Entropy: 1.0627, Epsilon: 0.010
2026-04-19 02:00:47 | INFO | Episode 6143 - Reward: -200.000, Length: 200, Loss: 15.2919, Entropy: 1.0743, Epsilon: 0.010
2026-04-19 02:00:48 | INFO | Episode 6144 - Reward: -200.000, Length: 200, Loss: 15.6116, Entropy: 1.0691, Epsilon: 0.010
2026-04-19 02:00:48 | INFO | Episode 6145 - Reward: -200.000, Length: 200, Loss: 15.5954, Entropy: 1.0705, Epsilon: 0.010
2026-04-19 02:00:48 | INFO | Episode 6146 - Reward: -200.000, Length: 200, Loss: 12.2527, Entropy: 1.0850, Epsilon: 0.010
2026-04-19 02:00:49 | INFO | Episode 6147 - Reward: -200.000, Length: 200, Loss: 6.0479, Entropy: 1.0870, Epsilon: 0.010
2026-04-19 02:00:49 | INFO | Episode 6148 - Reward: -200.000, Length: 200, Loss: 15.2421, Entropy: 1.0834, Epsilon: 0.010
2026-04-19 02:00:49 | INFO | Episode 6149 - Reward: -200.000, Length: 200, Loss: 12.2620, Entropy: 1.0889, Epsilon: 0.010
2026-04-19 02:00:50 | INFO | Episode 6150 - Reward: -200.000, Length: 200, Loss: 15.1274, Entropy: 1.0631, Epsilon: 0.010
2026-04-19 02:00:50 | INFO | Episode 6151 - Reward: -200.000, Length: 200, Loss: 20.7666, Entropy: 1.0285, Epsilon: 0.010
2026-04-19 02:00:50 | INFO | Episode 6152 - Reward: -200.000, Length: 200, Loss: 11.8999, Entropy: 1.0838, Epsilon: 0.010
2026-04-19 02:00:51 | INFO | Episode 6153 - Reward: -200.000, Length: 200, Loss: 15.0121, Entropy: 1.0926, Epsilon: 0.010
2026-04-19 02:00:51 | INFO | Episode 6154 - Reward: -200.000, Length: 200, Loss: 18.2001, Entropy: 1.0807, Epsilon: 0.010
2026-04-19 02:00:52 | INFO | Episode 6155 - Reward: -200.000, Length: 200, Loss: 21.2865, Entropy: 1.0882, Epsilon: 0.010
2026-04-19 02:00:52 | INFO | Episode 6156 - Reward: -200.000, Length: 200, Loss: 24.4966, Entropy: 1.0693, Epsilon: 0.010
2026-04-19 02:00:52 | INFO | Episode 6157 - Reward: -200.000, Length: 200, Loss: 15.3552, Entropy: 1.0879, Epsilon: 0.010
2026-04-19 02:00:53 | INFO | Episode 6158 - Reward: -200.000, Length: 200, Loss: 18.3608, Entropy: 1.0793, Epsilon: 0.010
2026-04-19 02:00:53 | INFO | Episode 6159 - Reward: -200.000, Length: 200, Loss: 12.1847, Entropy: 1.0709, Epsilon: 0.010
2026-04-19 02:00:53 | INFO | Episode 6160 - Reward: -200.000, Length: 200, Loss: 18.1390, Entropy: 1.0830, Epsilon: 0.010
2026-04-19 02:00:54 | INFO | Episode 6161 - Reward: -200.000, Length: 200, Loss: 18.5434, Entropy: 1.0857, Epsilon: 0.010
2026-04-19 02:00:54 | INFO | Episode 6162 - Reward: -200.000, Length: 200, Loss: 9.2097, Entropy: 1.0817, Epsilon: 0.010
2026-04-19 02:00:54 | INFO | Episode 6163 - Reward: -200.000, Length: 200, Loss: 15.2564, Entropy: 1.0815, Epsilon: 0.010
2026-04-19 02:00:55 | INFO | Episode 6164 - Reward: -200.000, Length: 200, Loss: 12.1696, Entropy: 1.0913, Epsilon: 0.010
2026-04-19 02:00:55 | INFO | Episode 6165 - Reward: -200.000, Length: 200, Loss: 21.2812, Entropy: 1.0864, Epsilon: 0.010
2026-04-19 02:00:56 | INFO | Episode 6166 - Reward: -200.000, Length: 200, Loss: 18.1756, Entropy: 1.0849, Epsilon: 0.010
2026-04-19 02:00:56 | INFO | Episode 6167 - Reward: -200.000, Length: 200, Loss: 15.1415, Entropy: 1.0858, Epsilon: 0.010
2026-04-19 02:00:56 | INFO | Episode 6168 - Reward: -200.000, Length: 200, Loss: 9.0558, Entropy: 1.0758, Epsilon: 0.010
2026-04-19 02:00:57 | INFO | Episode 6169 - Reward: -200.000, Length: 200, Loss: 3.0248, Entropy: 1.0941, Epsilon: 0.010
2026-04-19 02:00:57 | INFO | Episode 6170 - Reward: -200.000, Length: 200, Loss: 15.3674, Entropy: 1.0897, Epsilon: 0.010
2026-04-19 02:00:57 | INFO | Episode 6171 - Reward: -200.000, Length: 200, Loss: 21.2537, Entropy: 1.0523, Epsilon: 0.010
2026-04-19 02:00:58 | INFO | Episode 6172 - Reward: -200.000, Length: 200, Loss: 21.4275, Entropy: 1.0641, Epsilon: 0.010
2026-04-19 02:00:58 | INFO | Episode 6173 - Reward: -200.000, Length: 200, Loss: 21.1522, Entropy: 1.0615, Epsilon: 0.010
2026-04-19 02:00:59 | INFO | Episode 6174 - Reward: -200.000, Length: 200, Loss: 15.1778, Entropy: 1.0783, Epsilon: 0.010
2026-04-19 02:00:59 | INFO | Episode 6175 - Reward: -200.000, Length: 200, Loss: 21.1012, Entropy: 1.0850, Epsilon: 0.010
2026-04-19 02:00:59 | INFO | Episode 6176 - Reward: -200.000, Length: 200, Loss: 14.8635, Entropy: 1.0615, Epsilon: 0.010
2026-04-19 02:01:00 | INFO | Episode 6177 - Reward: -200.000, Length: 200, Loss: 11.8358, Entropy: 1.0758, Epsilon: 0.010
2026-04-19 02:01:00 | INFO | Episode 6178 - Reward: -200.000, Length: 200, Loss: 18.0456, Entropy: 1.0810, Epsilon: 0.010
2026-04-19 02:01:00 | INFO | Episode 6179 - Reward: -200.000, Length: 200, Loss: 17.8476, Entropy: 1.0883, Epsilon: 0.010
2026-04-19 02:01:01 | INFO | Episode 6180 - Reward: -200.000, Length: 200, Loss: 17.9371, Entropy: 1.0859, Epsilon: 0.010
2026-04-19 02:01:01 | INFO | Episode 6181 - Reward: -200.000, Length: 200, Loss: 12.0583, Entropy: 1.0814, Epsilon: 0.010
2026-04-19 02:01:01 | INFO | Episode 6182 - Reward: -200.000, Length: 200, Loss: 12.0581, Entropy: 1.0782, Epsilon: 0.010
2026-04-19 02:01:02 | INFO | Episode 6183 - Reward: -200.000, Length: 200, Loss: 21.0998, Entropy: 1.0881, Epsilon: 0.010
2026-04-19 02:01:02 | INFO | Episode 6184 - Reward: -200.000, Length: 200, Loss: 8.8134, Entropy: 1.0893, Epsilon: 0.010
2026-04-19 02:01:03 | INFO | Episode 6185 - Reward: -200.000, Length: 200, Loss: 26.5275, Entropy: 1.0729, Epsilon: 0.010
2026-04-19 02:01:03 | INFO | Episode 6186 - Reward: -200.000, Length: 200, Loss: 26.4597, Entropy: 1.0824, Epsilon: 0.010
2026-04-19 02:01:03 | INFO | Episode 6187 - Reward: -200.000, Length: 200, Loss: 20.5635, Entropy: 1.0854, Epsilon: 0.010
2026-04-19 02:01:04 | INFO | Episode 6188 - Reward: -200.000, Length: 200, Loss: 8.8075, Entropy: 1.0808, Epsilon: 0.010
2026-04-19 02:01:04 | INFO | Episode 6189 - Reward: -200.000, Length: 200, Loss: 17.7494, Entropy: 1.0813, Epsilon: 0.010
2026-04-19 02:01:04 | INFO | Episode 6190 - Reward: -200.000, Length: 200, Loss: 14.8293, Entropy: 1.0697, Epsilon: 0.010
2026-04-19 02:01:05 | INFO | Episode 6191 - Reward: -200.000, Length: 200, Loss: 8.8281, Entropy: 1.0820, Epsilon: 0.010
2026-04-19 02:01:05 | INFO | Episode 6192 - Reward: -200.000, Length: 200, Loss: 20.4705, Entropy: 1.0773, Epsilon: 0.010
2026-04-19 02:01:05 | INFO | Episode 6193 - Reward: -200.000, Length: 200, Loss: 8.8907, Entropy: 1.0712, Epsilon: 0.010
2026-04-19 02:01:06 | INFO | Episode 6194 - Reward: -200.000, Length: 200, Loss: 17.6626, Entropy: 1.0880, Epsilon: 0.010
2026-04-19 02:01:06 | INFO | Episode 6195 - Reward: -200.000, Length: 200, Loss: 18.0247, Entropy: 1.0866, Epsilon: 0.010
2026-04-19 02:01:07 | INFO | Episode 6196 - Reward: -200.000, Length: 200, Loss: 17.7171, Entropy: 1.0809, Epsilon: 0.010
2026-04-19 02:01:07 | INFO | Episode 6197 - Reward: -200.000, Length: 200, Loss: 8.8885, Entropy: 1.0769, Epsilon: 0.010
2026-04-19 02:01:07 | INFO | Episode 6198 - Reward: -200.000, Length: 200, Loss: 20.7921, Entropy: 1.0856, Epsilon: 0.010
2026-04-19 02:01:08 | INFO | Episode 6199 - Reward: -200.000, Length: 200, Loss: 11.9404, Entropy: 1.0925, Epsilon: 0.010
2026-04-19 02:01:08 | INFO | Episode 6200 - Reward: -200.000, Length: 200, Loss: 15.0827, Entropy: 1.0866, Epsilon: 0.010
2026-04-19 02:01:13 | INFO | [Episode 6200] eps=0.010  avg_reward=-200.000  avg_length=200.00  avg_loss= 15.6123  avg_entropy=1.0866  eval_success=0.000
2026-04-19 02:01:13 | INFO | Episode 6201 - Reward: -200.000, Length: 200, Loss: 12.0127, Entropy: 1.0912, Epsilon: 0.010
2026-04-19 02:01:14 | INFO | Episode 6202 - Reward: -200.000, Length: 200, Loss: 24.2521, Entropy: 1.0893, Epsilon: 0.010
2026-04-19 02:01:14 | INFO | Episode 6203 - Reward: -200.000, Length: 200, Loss: 27.0774, Entropy: 1.0754, Epsilon: 0.010
2026-04-19 02:01:14 | INFO | Episode 6204 - Reward: -200.000, Length: 200, Loss: 9.1350, Entropy: 1.0937, Epsilon: 0.010
2026-04-19 02:01:15 | INFO | Episode 6205 - Reward: -200.000, Length: 200, Loss: 21.4192, Entropy: 1.0807, Epsilon: 0.010
2026-04-19 02:01:15 | INFO | Episode 6206 - Reward: -200.000, Length: 200, Loss: 12.3404, Entropy: 1.0854, Epsilon: 0.010
2026-04-19 02:01:16 | INFO | Episode 6207 - Reward: -200.000, Length: 200, Loss: 18.5841, Entropy: 1.0777, Epsilon: 0.010
2026-04-19 02:01:16 | INFO | Episode 6208 - Reward: -200.000, Length: 200, Loss: 31.1308, Entropy: 1.0766, Epsilon: 0.010
2026-04-19 02:01:16 | INFO | Episode 6209 - Reward: -200.000, Length: 200, Loss: 12.3671, Entropy: 1.0906, Epsilon: 0.010
2026-04-19 02:01:17 | INFO | Episode 6210 - Reward: -200.000, Length: 200, Loss: 25.1536, Entropy: 1.0764, Epsilon: 0.010
2026-04-19 02:01:17 | INFO | Episode 6211 - Reward: -200.000, Length: 200, Loss: 12.4081, Entropy: 1.0810, Epsilon: 0.010
2026-04-19 02:01:17 | INFO | Episode 6212 - Reward: -200.000, Length: 200, Loss: 15.4236, Entropy: 1.0741, Epsilon: 0.010
2026-04-19 02:01:18 | INFO | Episode 6213 - Reward: -200.000, Length: 200, Loss: 9.5359, Entropy: 1.0895, Epsilon: 0.010
2026-04-19 02:01:18 | INFO | Episode 6214 - Reward: -200.000, Length: 200, Loss: 6.2416, Entropy: 1.0842, Epsilon: 0.010
2026-04-19 02:01:19 | INFO | Episode 6215 - Reward: -200.000, Length: 200, Loss: 9.4614, Entropy: 1.0726, Epsilon: 0.010
2026-04-19 02:01:19 | INFO | Episode 6216 - Reward: -200.000, Length: 200, Loss: 25.1027, Entropy: 1.0781, Epsilon: 0.010
2026-04-19 02:01:19 | INFO | Episode 6217 - Reward: -200.000, Length: 200, Loss: 22.0850, Entropy: 1.0816, Epsilon: 0.010
2026-04-19 02:01:20 | INFO | Episode 6218 - Reward: -200.000, Length: 200, Loss: 12.5963, Entropy: 1.0771, Epsilon: 0.010
2026-04-19 02:01:20 | INFO | Episode 6219 - Reward: -200.000, Length: 200, Loss: 18.6037, Entropy: 1.0585, Epsilon: 0.010
2026-04-19 02:01:20 | INFO | Episode 6220 - Reward: -200.000, Length: 200, Loss: 18.7246, Entropy: 1.0750, Epsilon: 0.010
2026-04-19 02:01:21 | INFO | Episode 6221 - Reward: -200.000, Length: 200, Loss: 15.2858, Entropy: 1.0686, Epsilon: 0.010
2026-04-19 02:01:21 | INFO | Episode 6222 - Reward: -200.000, Length: 200, Loss: 9.3353, Entropy: 1.0928, Epsilon: 0.010
2026-04-19 02:01:22 | INFO | Episode 6223 - Reward: -200.000, Length: 200, Loss: 15.1016, Entropy: 1.0891, Epsilon: 0.010
2026-04-19 02:01:22 | INFO | Episode 6224 - Reward: -200.000, Length: 200, Loss: 15.4565, Entropy: 1.0867, Epsilon: 0.010
2026-04-19 02:01:22 | INFO | Episode 6225 - Reward: -200.000, Length: 200, Loss: 11.9796, Entropy: 1.0818, Epsilon: 0.010
2026-04-19 02:01:23 | INFO | Episode 6226 - Reward: -200.000, Length: 200, Loss: 6.1076, Entropy: 1.0923, Epsilon: 0.010
2026-04-19 02:01:23 | INFO | Episode 6227 - Reward: -200.000, Length: 200, Loss: 12.2144, Entropy: 1.0823, Epsilon: 0.010
2026-04-19 02:01:23 | INFO | Episode 6228 - Reward: -200.000, Length: 200, Loss: 9.2387, Entropy: 1.0924, Epsilon: 0.010
2026-04-19 02:01:24 | INFO | Episode 6229 - Reward: -200.000, Length: 200, Loss: 15.4805, Entropy: 1.0829, Epsilon: 0.010
2026-04-19 02:01:24 | INFO | Episode 6230 - Reward: -200.000, Length: 200, Loss: 24.9797, Entropy: 1.0810, Epsilon: 0.010
2026-04-19 02:01:24 | INFO | Episode 6231 - Reward: -200.000, Length: 200, Loss: 19.0265, Entropy: 1.0896, Epsilon: 0.010
2026-04-19 02:01:25 | INFO | Episode 6232 - Reward: -200.000, Length: 200, Loss: 9.3457, Entropy: 1.0945, Epsilon: 0.010
2026-04-19 02:01:25 | INFO | Episode 6233 - Reward: -200.000, Length: 200, Loss: 22.0320, Entropy: 1.0817, Epsilon: 0.010
2026-04-19 02:01:26 | INFO | Episode 6234 - Reward: -200.000, Length: 200, Loss: 15.6933, Entropy: 1.0833, Epsilon: 0.010
2026-04-19 02:01:26 | INFO | Episode 6235 - Reward: -200.000, Length: 200, Loss: -0.0787, Entropy: 1.0890, Epsilon: 0.010
2026-04-19 02:01:26 | INFO | Episode 6236 - Reward: -200.000, Length: 200, Loss: 9.4567, Entropy: 1.0903, Epsilon: 0.010
2026-04-19 02:01:27 | INFO | Episode 6237 - Reward: -200.000, Length: 200, Loss: 22.0838, Entropy: 1.0887, Epsilon: 0.010
2026-04-19 02:01:27 | INFO | Episode 6238 - Reward: -200.000, Length: 200, Loss: 18.6363, Entropy: 1.0830, Epsilon: 0.010
2026-04-19 02:01:27 | INFO | Episode 6239 - Reward: -200.000, Length: 200, Loss: 6.3022, Entropy: 1.0823, Epsilon: 0.010
2026-04-19 02:01:28 | INFO | Episode 6240 - Reward: -200.000, Length: 200, Loss: 21.4785, Entropy: 1.0695, Epsilon: 0.010
2026-04-19 02:01:28 | INFO | Episode 6241 - Reward: -200.000, Length: 200, Loss: 9.3008, Entropy: 1.0860, Epsilon: 0.010
2026-04-19 02:01:28 | INFO | Episode 6242 - Reward: -200.000, Length: 200, Loss: 18.5328, Entropy: 1.0849, Epsilon: 0.010
2026-04-19 02:01:29 | INFO | Episode 6243 - Reward: -200.000, Length: 200, Loss: 21.6420, Entropy: 1.0725, Epsilon: 0.010
2026-04-19 02:01:29 | INFO | Episode 6244 - Reward: -200.000, Length: 200, Loss: 12.4175, Entropy: 1.0873, Epsilon: 0.010
2026-04-19 02:01:30 | INFO | Episode 6245 - Reward: -200.000, Length: 200, Loss: 21.4129, Entropy: 1.0626, Epsilon: 0.010
2026-04-19 02:01:30 | INFO | Episode 6246 - Reward: -200.000, Length: 200, Loss: 15.5180, Entropy: 1.0691, Epsilon: 0.010
2026-04-19 02:01:30 | INFO | Episode 6247 - Reward: -200.000, Length: 200, Loss: 15.6994, Entropy: 1.0864, Epsilon: 0.010
2026-04-19 02:01:31 | INFO | Episode 6248 - Reward: -200.000, Length: 200, Loss: 24.9946, Entropy: 1.0786, Epsilon: 0.010
2026-04-19 02:01:31 | INFO | Episode 6249 - Reward: -200.000, Length: 200, Loss: 18.4809, Entropy: 1.0471, Epsilon: 0.010
2026-04-19 02:01:31 | INFO | Episode 6250 - Reward: -200.000, Length: 200, Loss: 6.0773, Entropy: 1.0864, Epsilon: 0.010
2026-04-19 02:01:32 | INFO | Episode 6251 - Reward: -200.000, Length: 200, Loss: 31.0625, Entropy: 1.0618, Epsilon: 0.010
2026-04-19 02:01:32 | INFO | Episode 6252 - Reward: -200.000, Length: 200, Loss: 25.1947, Entropy: 1.0830, Epsilon: 0.010
2026-04-19 02:01:32 | INFO | Episode 6253 - Reward: -200.000, Length: 200, Loss: 18.5970, Entropy: 1.0706, Epsilon: 0.010
2026-04-19 02:01:33 | INFO | Episode 6254 - Reward: -200.000, Length: 200, Loss: 12.4569, Entropy: 1.0792, Epsilon: 0.010
2026-04-19 02:01:33 | INFO | Episode 6255 - Reward: -200.000, Length: 200, Loss: 15.4383, Entropy: 1.0899, Epsilon: 0.010
2026-04-19 02:01:34 | INFO | Episode 6256 - Reward: -200.000, Length: 200, Loss: 15.3811, Entropy: 1.0497, Epsilon: 0.010
2026-04-19 02:01:34 | INFO | Episode 6257 - Reward: -200.000, Length: 200, Loss: 24.6916, Entropy: 1.0471, Epsilon: 0.010
2026-04-19 02:01:34 | INFO | Episode 6258 - Reward: -200.000, Length: 200, Loss: 3.1627, Entropy: 1.0760, Epsilon: 0.010
2026-04-19 02:01:35 | INFO | Episode 6259 - Reward: -200.000, Length: 200, Loss: 15.7604, Entropy: 1.0899, Epsilon: 0.010
2026-04-19 02:01:35 | INFO | Episode 6260 - Reward: -200.000, Length: 200, Loss: 12.6616, Entropy: 1.0919, Epsilon: 0.010
2026-04-19 02:01:35 | INFO | Episode 6261 - Reward: -200.000, Length: 200, Loss: 12.8444, Entropy: 1.0857, Epsilon: 0.010
2026-04-19 02:01:36 | INFO | Episode 6262 - Reward: -200.000, Length: 200, Loss: 6.2760, Entropy: 1.0940, Epsilon: 0.010
2026-04-19 02:01:36 | INFO | Episode 6263 - Reward: -200.000, Length: 200, Loss: 12.9306, Entropy: 1.0852, Epsilon: 0.010
2026-04-19 02:01:36 | INFO | Episode 6264 - Reward: -200.000, Length: 200, Loss: 6.4117, Entropy: 1.0872, Epsilon: 0.010
2026-04-19 02:01:37 | INFO | Episode 6265 - Reward: -200.000, Length: 200, Loss: 12.9817, Entropy: 1.0777, Epsilon: 0.010
2026-04-19 02:01:37 | INFO | Episode 6266 - Reward: -200.000, Length: 200, Loss: 16.2628, Entropy: 1.0909, Epsilon: 0.010
2026-04-19 02:01:38 | INFO | Episode 6267 - Reward: -200.000, Length: 200, Loss: 9.8665, Entropy: 1.0771, Epsilon: 0.010
2026-04-19 02:01:38 | INFO | Episode 6268 - Reward: -200.000, Length: 200, Loss: 16.2725, Entropy: 1.0641, Epsilon: 0.010
2026-04-19 02:01:38 | INFO | Episode 6269 - Reward: -200.000, Length: 200, Loss: 22.3347, Entropy: 1.0813, Epsilon: 0.010
2026-04-19 02:01:39 | INFO | Episode 6270 - Reward: -200.000, Length: 200, Loss: 28.4026, Entropy: 1.0746, Epsilon: 0.010
2026-04-19 02:01:39 | INFO | Episode 6271 - Reward: -200.000, Length: 200, Loss: 24.4562, Entropy: 1.0664, Epsilon: 0.010
2026-04-19 02:01:39 | INFO | Episode 6272 - Reward: -200.000, Length: 200, Loss: 9.2318, Entropy: 1.0889, Epsilon: 0.010
2026-04-19 02:01:40 | INFO | Episode 6273 - Reward: -200.000, Length: 200, Loss: 18.3431, Entropy: 1.0830, Epsilon: 0.010
2026-04-19 02:01:40 | INFO | Episode 6274 - Reward: -200.000, Length: 200, Loss: 15.7824, Entropy: 1.0913, Epsilon: 0.010
2026-04-19 02:01:41 | INFO | Episode 6275 - Reward: -200.000, Length: 200, Loss: 24.6649, Entropy: 1.0490, Epsilon: 0.010
2026-04-19 02:01:41 | INFO | Episode 6276 - Reward: -200.000, Length: 200, Loss: 12.4707, Entropy: 1.0737, Epsilon: 0.010
2026-04-19 02:01:41 | INFO | Episode 6277 - Reward: -200.000, Length: 200, Loss: 18.7592, Entropy: 1.0791, Epsilon: 0.010
2026-04-19 02:01:42 | INFO | Episode 6278 - Reward: -200.000, Length: 200, Loss: 18.6941, Entropy: 1.0885, Epsilon: 0.010
2026-04-19 02:01:42 | INFO | Episode 6279 - Reward: -200.000, Length: 200, Loss: 2.9598, Entropy: 1.0917, Epsilon: 0.010
2026-04-19 02:01:42 | INFO | Episode 6280 - Reward: -200.000, Length: 200, Loss: 15.5290, Entropy: 1.0791, Epsilon: 0.010
2026-04-19 02:01:43 | INFO | Episode 6281 - Reward: -200.000, Length: 200, Loss: 12.3255, Entropy: 1.0745, Epsilon: 0.010
2026-04-19 02:01:43 | INFO | Episode 6282 - Reward: -200.000, Length: 200, Loss: 9.1182, Entropy: 1.0788, Epsilon: 0.010
2026-04-19 02:01:43 | INFO | Episode 6283 - Reward: -200.000, Length: 200, Loss: 15.7668, Entropy: 1.0758, Epsilon: 0.010
2026-04-19 02:01:44 | INFO | Episode 6284 - Reward: -200.000, Length: 200, Loss: 15.5729, Entropy: 1.0570, Epsilon: 0.010
2026-04-19 02:01:44 | INFO | Episode 6285 - Reward: -200.000, Length: 200, Loss: 18.5146, Entropy: 1.0867, Epsilon: 0.010
2026-04-19 02:01:45 | INFO | Episode 6286 - Reward: -200.000, Length: 200, Loss: 9.3036, Entropy: 1.0883, Epsilon: 0.010
2026-04-19 02:01:45 | INFO | Episode 6287 - Reward: -200.000, Length: 200, Loss: 22.0243, Entropy: 1.0891, Epsilon: 0.010
2026-04-19 02:01:45 | INFO | Episode 6288 - Reward: -200.000, Length: 200, Loss: 24.9205, Entropy: 1.0904, Epsilon: 0.010
2026-04-19 02:01:46 | INFO | Episode 6289 - Reward: -200.000, Length: 200, Loss: 12.5148, Entropy: 1.0675, Epsilon: 0.010
2026-04-19 02:01:46 | INFO | Episode 6290 - Reward: -200.000, Length: 200, Loss: 12.3210, Entropy: 1.0890, Epsilon: 0.010
2026-04-19 02:01:46 | INFO | Episode 6291 - Reward: -200.000, Length: 200, Loss: 6.2187, Entropy: 1.0923, Epsilon: 0.010
2026-04-19 02:01:47 | INFO | Episode 6292 - Reward: -200.000, Length: 200, Loss: 12.2351, Entropy: 1.0851, Epsilon: 0.010
2026-04-19 02:01:47 | INFO | Episode 6293 - Reward: -200.000, Length: 200, Loss: 24.9030, Entropy: 1.0887, Epsilon: 0.010
2026-04-19 02:01:48 | INFO | Episode 6294 - Reward: -200.000, Length: 200, Loss: 12.5031, Entropy: 1.0901, Epsilon: 0.010
2026-04-19 02:01:48 | INFO | Episode 6295 - Reward: -200.000, Length: 200, Loss: 15.8028, Entropy: 1.0912, Epsilon: 0.010
2026-04-19 02:01:48 | INFO | Episode 6296 - Reward: -200.000, Length: 200, Loss: 25.3598, Entropy: 1.0731, Epsilon: 0.010
2026-04-19 02:01:49 | INFO | Episode 6297 - Reward: -200.000, Length: 200, Loss: 24.9255, Entropy: 1.0641, Epsilon: 0.010
2026-04-19 02:01:49 | INFO | Episode 6298 - Reward: -200.000, Length: 200, Loss: 18.9416, Entropy: 1.0910, Epsilon: 0.010
2026-04-19 02:01:49 | INFO | Episode 6299 - Reward: -200.000, Length: 200, Loss: 28.4231, Entropy: 1.0769, Epsilon: 0.010
2026-04-19 02:01:50 | INFO | Episode 6300 - Reward: -200.000, Length: 200, Loss: 25.9461, Entropy: 1.0765, Epsilon: 0.010
2026-04-19 02:01:55 | INFO | [Episode 6300] eps=0.010  avg_reward=-200.000  avg_length=200.00  avg_loss= 16.1441  avg_entropy=1.0765  eval_success=0.000
2026-04-19 02:01:55 | INFO | Episode 6301 - Reward: -200.000, Length: 200, Loss: 29.0390, Entropy: 1.0805, Epsilon: 0.010
2026-04-19 02:01:55 | INFO | Episode 6302 - Reward: -200.000, Length: 200, Loss: 16.0341, Entropy: 1.0757, Epsilon: 0.010
2026-04-19 02:01:56 | INFO | Episode 6303 - Reward: -200.000, Length: 200, Loss: 22.7047, Entropy: 1.0865, Epsilon: 0.010
2026-04-19 02:01:56 | INFO | Episode 6304 - Reward: -200.000, Length: 200, Loss: 9.6972, Entropy: 1.0616, Epsilon: 0.010
2026-04-19 02:01:57 | INFO | Episode 6305 - Reward: -200.000, Length: 200, Loss: 16.5759, Entropy: 1.0649, Epsilon: 0.010
2026-04-19 02:01:57 | INFO | Episode 6306 - Reward: -200.000, Length: 200, Loss: 13.0558, Entropy: 1.0839, Epsilon: 0.010
2026-04-19 02:01:57 | INFO | Episode 6307 - Reward: -200.000, Length: 200, Loss: 22.9677, Entropy: 1.0786, Epsilon: 0.010
2026-04-19 02:01:58 | INFO | Episode 6308 - Reward: -200.000, Length: 200, Loss: 9.9142, Entropy: 1.0776, Epsilon: 0.010
2026-04-19 02:01:58 | INFO | Episode 6309 - Reward: -200.000, Length: 200, Loss: 13.1825, Entropy: 1.0869, Epsilon: 0.010
2026-04-19 02:01:58 | INFO | Episode 6310 - Reward: -200.000, Length: 200, Loss: 6.5736, Entropy: 1.0899, Epsilon: 0.010
2026-04-19 02:01:59 | INFO | Episode 6311 - Reward: -200.000, Length: 200, Loss: 13.0877, Entropy: 1.0936, Epsilon: 0.010
2026-04-19 02:01:59 | INFO | Episode 6312 - Reward: -200.000, Length: 200, Loss: 16.6262, Entropy: 1.0871, Epsilon: 0.010
2026-04-19 02:01:59 | INFO | Episode 6313 - Reward: -200.000, Length: 200, Loss: 13.3746, Entropy: 1.0860, Epsilon: 0.010
2026-04-19 02:02:00 | INFO | Episode 6314 - Reward: -200.000, Length: 200, Loss: 25.5227, Entropy: 1.0746, Epsilon: 0.010
2026-04-19 02:02:00 | INFO | Episode 6315 - Reward: -200.000, Length: 200, Loss: 34.7309, Entropy: 1.0727, Epsilon: 0.010
2026-04-19 02:02:01 | INFO | Episode 6316 - Reward: -200.000, Length: 200, Loss: 15.7443, Entropy: 1.0754, Epsilon: 0.010
2026-04-19 02:02:01 | INFO | Episode 6317 - Reward: -200.000, Length: 200, Loss: 9.4094, Entropy: 1.0831, Epsilon: 0.010
2026-04-19 02:02:01 | INFO | Episode 6318 - Reward: -200.000, Length: 200, Loss: 31.5997, Entropy: 1.0790, Epsilon: 0.010
2026-04-19 02:02:02 | INFO | Episode 6319 - Reward: -200.000, Length: 200, Loss: 3.0568, Entropy: 1.0875, Epsilon: 0.010
2026-04-19 02:02:02 | INFO | Episode 6320 - Reward: -200.000, Length: 200, Loss: 12.5533, Entropy: 1.0905, Epsilon: 0.010
2026-04-19 02:02:02 | INFO | Episode 6321 - Reward: -200.000, Length: 200, Loss: 3.1372, Entropy: 1.0933, Epsilon: 0.010
2026-04-19 02:02:03 | INFO | Episode 6322 - Reward: -200.000, Length: 200, Loss: 12.6427, Entropy: 1.0865, Epsilon: 0.010
2026-04-19 02:02:03 | INFO | Episode 6323 - Reward: -200.000, Length: 200, Loss: 22.2469, Entropy: 1.0844, Epsilon: 0.010
2026-04-19 02:02:03 | INFO | Episode 6324 - Reward: -200.000, Length: 200, Loss: 12.5710, Entropy: 1.0890, Epsilon: 0.010
2026-04-19 02:02:04 | INFO | Episode 6325 - Reward: -200.000, Length: 200, Loss: 16.0426, Entropy: 1.0771, Epsilon: 0.010
2026-04-19 02:02:04 | INFO | Episode 6326 - Reward: -200.000, Length: 200, Loss: 6.3465, Entropy: 1.0800, Epsilon: 0.010
2026-04-19 02:02:05 | INFO | Episode 6327 - Reward: -200.000, Length: 200, Loss: 22.3499, Entropy: 1.0873, Epsilon: 0.010
2026-04-19 02:02:05 | INFO | Episode 6328 - Reward: -200.000, Length: 200, Loss: 15.9429, Entropy: 1.0932, Epsilon: 0.010
2026-04-19 02:02:05 | INFO | Episode 6329 - Reward: -200.000, Length: 200, Loss: 19.0620, Entropy: 1.0749, Epsilon: 0.010
2026-04-19 02:02:06 | INFO | Episode 6330 - Reward: -200.000, Length: 200, Loss: 6.6286, Entropy: 1.0881, Epsilon: 0.010
2026-04-19 02:02:06 | INFO | Episode 6331 - Reward: -200.000, Length: 200, Loss: 15.8967, Entropy: 1.0856, Epsilon: 0.010
2026-04-19 02:02:06 | INFO | Episode 6332 - Reward: -200.000, Length: 200, Loss: 12.5969, Entropy: 1.0866, Epsilon: 0.010
2026-04-19 02:02:07 | INFO | Episode 6333 - Reward: -200.000, Length: 200, Loss: 16.0503, Entropy: 1.0690, Epsilon: 0.010
2026-04-19 02:02:07 | INFO | Episode 6334 - Reward: -200.000, Length: 200, Loss: 15.5331, Entropy: 1.0777, Epsilon: 0.010
2026-04-19 02:02:07 | INFO | Episode 6335 - Reward: -200.000, Length: 200, Loss: 18.7795, Entropy: 1.0555, Epsilon: 0.010
2026-04-19 02:02:08 | INFO | Episode 6336 - Reward: -200.000, Length: 200, Loss: 24.5790, Entropy: 1.0515, Epsilon: 0.010
2026-04-19 02:02:08 | INFO | Episode 6337 - Reward: -200.000, Length: 200, Loss: 15.0557, Entropy: 1.0887, Epsilon: 0.010
2026-04-19 02:02:09 | INFO | Episode 6338 - Reward: -200.000, Length: 200, Loss: 3.0370, Entropy: 1.0883, Epsilon: 0.010
2026-04-19 02:02:09 | INFO | Episode 6339 - Reward: -200.000, Length: 200, Loss: 27.6284, Entropy: 1.0884, Epsilon: 0.010
2026-04-19 02:02:09 | INFO | Episode 6340 - Reward: -200.000, Length: 200, Loss: 9.1528, Entropy: 1.0849, Epsilon: 0.010
2026-04-19 02:02:10 | INFO | Episode 6341 - Reward: -200.000, Length: 200, Loss: 9.0554, Entropy: 1.0801, Epsilon: 0.010
2026-04-19 02:02:10 | INFO | Episode 6342 - Reward: -200.000, Length: 200, Loss: 20.7565, Entropy: 1.0870, Epsilon: 0.010
2026-04-19 02:02:10 | INFO | Episode 6343 - Reward: -200.000, Length: 200, Loss: 27.3559, Entropy: 1.0781, Epsilon: 0.010
2026-04-19 02:02:11 | INFO | Episode 6344 - Reward: -200.000, Length: 200, Loss: 11.6205, Entropy: 1.0913, Epsilon: 0.010
2026-04-19 02:02:11 | INFO | Episode 6345 - Reward: -200.000, Length: 200, Loss: 28.9393, Entropy: 1.0772, Epsilon: 0.010
2026-04-19 02:02:11 | INFO | Episode 6346 - Reward: -200.000, Length: 200, Loss: 17.3330, Entropy: 1.0894, Epsilon: 0.010
2026-04-19 02:02:12 | INFO | Episode 6347 - Reward: -200.000, Length: 200, Loss: 5.7388, Entropy: 1.0906, Epsilon: 0.010
2026-04-19 02:02:12 | INFO | Episode 6348 - Reward: -200.000, Length: 200, Loss: 5.5871, Entropy: 1.0903, Epsilon: 0.010
2026-04-19 02:02:13 | INFO | Episode 6349 - Reward: -200.000, Length: 200, Loss: 11.6195, Entropy: 1.0758, Epsilon: 0.010
2026-04-19 02:02:13 | INFO | Episode 6350 - Reward: -200.000, Length: 200, Loss: 11.5276, Entropy: 1.0879, Epsilon: 0.010
2026-04-19 02:02:13 | INFO | Episode 6351 - Reward: -200.000, Length: 200, Loss: 26.0044, Entropy: 1.0688, Epsilon: 0.010
2026-04-19 02:02:14 | INFO | Episode 6352 - Reward: -200.000, Length: 200, Loss: 11.8851, Entropy: 1.0822, Epsilon: 0.010
2026-04-19 02:02:14 | INFO | Episode 6353 - Reward: -200.000, Length: 200, Loss: 14.3378, Entropy: 1.0868, Epsilon: 0.010
2026-04-19 02:02:14 | INFO | Episode 6354 - Reward: -200.000, Length: 200, Loss: 17.2885, Entropy: 1.0660, Epsilon: 0.010
2026-04-19 02:02:15 | INFO | Episode 6355 - Reward: -200.000, Length: 200, Loss: 23.1680, Entropy: 1.0766, Epsilon: 0.010
2026-04-19 02:02:15 | INFO | Episode 6356 - Reward: -200.000, Length: 200, Loss: 14.6997, Entropy: 1.0902, Epsilon: 0.010
2026-04-19 02:02:15 | INFO | Episode 6357 - Reward: -200.000, Length: 200, Loss: 11.7457, Entropy: 1.0885, Epsilon: 0.010
2026-04-19 02:02:16 | INFO | Episode 6358 - Reward: -200.000, Length: 200, Loss: 20.1813, Entropy: 1.0851, Epsilon: 0.010
2026-04-19 02:02:16 | INFO | Episode 6359 - Reward: -200.000, Length: 200, Loss: 8.5957, Entropy: 1.0897, Epsilon: 0.010
2026-04-19 02:02:17 | INFO | Episode 6360 - Reward: -200.000, Length: 200, Loss: 14.2477, Entropy: 1.0757, Epsilon: 0.010
2026-04-19 02:02:17 | INFO | Episode 6361 - Reward: -200.000, Length: 200, Loss: 20.1642, Entropy: 1.0790, Epsilon: 0.010
2026-04-19 02:02:17 | INFO | Episode 6362 - Reward: -200.000, Length: 200, Loss: 20.2266, Entropy: 1.0811, Epsilon: 0.010
2026-04-19 02:02:18 | INFO | Episode 6363 - Reward: -200.000, Length: 200, Loss: 8.8359, Entropy: 1.0882, Epsilon: 0.010
2026-04-19 02:02:18 | INFO | Episode 6364 - Reward: -200.000, Length: 200, Loss: 19.8614, Entropy: 1.0819, Epsilon: 0.010
2026-04-19 02:02:18 | INFO | Episode 6365 - Reward: -200.000, Length: 200, Loss: 14.3755, Entropy: 1.0820, Epsilon: 0.010
2026-04-19 02:02:19 | INFO | Episode 6366 - Reward: -200.000, Length: 200, Loss: 20.0708, Entropy: 1.0720, Epsilon: 0.010
2026-04-19 02:02:19 | INFO | Episode 6367 - Reward: -200.000, Length: 200, Loss: 14.5175, Entropy: 1.0744, Epsilon: 0.010
2026-04-19 02:02:19 | INFO | Episode 6368 - Reward: -200.000, Length: 200, Loss: 17.6472, Entropy: 1.0831, Epsilon: 0.010
2026-04-19 02:02:20 | INFO | Episode 6369 - Reward: -200.000, Length: 200, Loss: 8.6625, Entropy: 1.0894, Epsilon: 0.010
2026-04-19 02:02:20 | INFO | Episode 6370 - Reward: -200.000, Length: 200, Loss: -0.0751, Entropy: 1.0938, Epsilon: 0.010
2026-04-19 02:02:21 | INFO | Episode 6371 - Reward: -200.000, Length: 200, Loss: 14.7938, Entropy: 1.0790, Epsilon: 0.010
2026-04-19 02:02:21 | INFO | Episode 6372 - Reward: -200.000, Length: 200, Loss: 20.5451, Entropy: 1.0803, Epsilon: 0.010
2026-04-19 02:02:21 | INFO | Episode 6373 - Reward: -200.000, Length: 200, Loss: 17.6542, Entropy: 1.0857, Epsilon: 0.010
2026-04-19 02:02:22 | INFO | Episode 6374 - Reward: -200.000, Length: 200, Loss: 17.3565, Entropy: 1.0831, Epsilon: 0.010
2026-04-19 02:02:22 | INFO | Episode 6375 - Reward: -200.000, Length: 200, Loss: 26.3947, Entropy: 1.0566, Epsilon: 0.010
2026-04-19 02:02:22 | INFO | Episode 6376 - Reward: -200.000, Length: 200, Loss: 14.6652, Entropy: 1.0858, Epsilon: 0.010
2026-04-19 02:02:23 | INFO | Episode 6377 - Reward: -200.000, Length: 200, Loss: 14.6453, Entropy: 1.0683, Epsilon: 0.010
2026-04-19 02:02:23 | INFO | Episode 6378 - Reward: -200.000, Length: 200, Loss: 17.4738, Entropy: 1.0903, Epsilon: 0.010
2026-04-19 02:02:24 | INFO | Episode 6379 - Reward: -200.000, Length: 200, Loss: 20.8585, Entropy: 1.0861, Epsilon: 0.010
2026-04-19 02:02:24 | INFO | Episode 6380 - Reward: -200.000, Length: 200, Loss: 23.5872, Entropy: 1.0915, Epsilon: 0.010
2026-04-19 02:02:24 | INFO | Episode 6381 - Reward: -200.000, Length: 200, Loss: 8.8769, Entropy: 1.0923, Epsilon: 0.010
2026-04-19 02:02:25 | INFO | Episode 6382 - Reward: -200.000, Length: 200, Loss: 14.3999, Entropy: 1.0852, Epsilon: 0.010
2026-04-19 02:02:25 | INFO | Episode 6383 - Reward: -200.000, Length: 200, Loss: 8.7120, Entropy: 1.0933, Epsilon: 0.010
2026-04-19 02:02:25 | INFO | Episode 6384 - Reward: -200.000, Length: 200, Loss: 29.8246, Entropy: 1.0775, Epsilon: 0.010
2026-04-19 02:02:26 | INFO | Episode 6385 - Reward: -200.000, Length: 200, Loss: 11.9384, Entropy: 1.0807, Epsilon: 0.010
2026-04-19 02:02:26 | INFO | Episode 6386 - Reward: -200.000, Length: 200, Loss: 18.0178, Entropy: 1.0901, Epsilon: 0.010
2026-04-19 02:02:26 | INFO | Episode 6387 - Reward: -200.000, Length: 200, Loss: 9.1368, Entropy: 1.0906, Epsilon: 0.010
2026-04-19 02:02:27 | INFO | Episode 6388 - Reward: -200.000, Length: 200, Loss: 15.1346, Entropy: 1.0846, Epsilon: 0.010
2026-04-19 02:02:27 | INFO | Episode 6389 - Reward: -200.000, Length: 200, Loss: 17.5496, Entropy: 1.0905, Epsilon: 0.010
2026-04-19 02:02:28 | INFO | Episode 6390 - Reward: -200.000, Length: 200, Loss: 5.5864, Entropy: 1.0936, Epsilon: 0.010
2026-04-19 02:02:28 | INFO | Episode 6391 - Reward: -200.000, Length: 200, Loss: 14.5267, Entropy: 1.0687, Epsilon: 0.010
2026-04-19 02:02:28 | INFO | Episode 6392 - Reward: -200.000, Length: 200, Loss: 8.8251, Entropy: 1.0856, Epsilon: 0.010
2026-04-19 02:02:29 | INFO | Episode 6393 - Reward: -200.000, Length: 200, Loss: 5.9217, Entropy: 1.0892, Epsilon: 0.010
2026-04-19 02:02:29 | INFO | Episode 6394 - Reward: -200.000, Length: 200, Loss: 11.9884, Entropy: 1.0888, Epsilon: 0.010
2026-04-19 02:02:29 | INFO | Episode 6395 - Reward: -200.000, Length: 200, Loss: 9.1920, Entropy: 1.0838, Epsilon: 0.010
2026-04-19 02:02:30 | INFO | Episode 6396 - Reward: -200.000, Length: 200, Loss: 15.3772, Entropy: 1.0631, Epsilon: 0.010
2026-04-19 02:02:30 | INFO | Episode 6397 - Reward: -200.000, Length: 200, Loss: 18.0225, Entropy: 1.0853, Epsilon: 0.010
2026-04-19 02:02:30 | INFO | Episode 6398 - Reward: -200.000, Length: 200, Loss: 6.2867, Entropy: 1.0882, Epsilon: 0.010
2026-04-19 02:02:31 | INFO | Episode 6399 - Reward: -200.000, Length: 200, Loss: 15.3324, Entropy: 1.0907, Epsilon: 0.010
2026-04-19 02:02:31 | INFO | Episode 6400 - Reward: -200.000, Length: 200, Loss: 12.1873, Entropy: 1.0794, Epsilon: 0.010
2026-04-19 02:02:36 | INFO | [Episode 6400] eps=0.010  avg_reward=-200.000  avg_length=200.00  avg_loss= 15.3152  avg_entropy=1.0794  eval_success=0.000
2026-04-19 02:02:37 | INFO | Episode 6401 - Reward: -200.000, Length: 200, Loss: 9.3162, Entropy: 1.0854, Epsilon: 0.010
2026-04-19 02:02:37 | INFO | Episode 6402 - Reward: -200.000, Length: 200, Loss: 21.8156, Entropy: 1.0782, Epsilon: 0.010
2026-04-19 02:02:37 | INFO | Episode 6403 - Reward: -200.000, Length: 200, Loss: 12.4565, Entropy: 1.0776, Epsilon: 0.010
2026-04-19 02:02:38 | INFO | Episode 6404 - Reward: -200.000, Length: 200, Loss: 18.8761, Entropy: 1.0882, Epsilon: 0.010
2026-04-19 02:02:38 | INFO | Episode 6405 - Reward: -200.000, Length: 200, Loss: 9.6118, Entropy: 1.0901, Epsilon: 0.010
2026-04-19 02:02:38 | INFO | Episode 6406 - Reward: -200.000, Length: 200, Loss: 19.2668, Entropy: 1.0770, Epsilon: 0.010
2026-04-19 02:02:39 | INFO | Episode 6407 - Reward: -200.000, Length: 200, Loss: 22.6728, Entropy: 1.0489, Epsilon: 0.010
2026-04-19 02:02:39 | INFO | Episode 6408 - Reward: -200.000, Length: 200, Loss: 25.6133, Entropy: 1.0698, Epsilon: 0.010
2026-04-19 02:02:39 | INFO | Episode 6409 - Reward: -200.000, Length: 200, Loss: 16.3497, Entropy: 1.0868, Epsilon: 0.010
2026-04-19 02:02:40 | INFO | Episode 6410 - Reward: -200.000, Length: 200, Loss: 9.6403, Entropy: 1.0834, Epsilon: 0.010
2026-04-19 02:02:40 | INFO | Episode 6411 - Reward: -200.000, Length: 200, Loss: 22.9644, Entropy: 1.0815, Epsilon: 0.010
2026-04-19 02:02:41 | INFO | Episode 6412 - Reward: -200.000, Length: 200, Loss: 13.1200, Entropy: 1.0885, Epsilon: 0.010
2026-04-19 02:02:41 | INFO | Episode 6413 - Reward: -200.000, Length: 200, Loss: 9.6446, Entropy: 1.0832, Epsilon: 0.010
2026-04-19 02:02:41 | INFO | Episode 6414 - Reward: -200.000, Length: 200, Loss: 9.9042, Entropy: 1.0771, Epsilon: 0.010
2026-04-19 02:02:42 | INFO | Episode 6415 - Reward: -200.000, Length: 200, Loss: 33.1833, Entropy: 1.0614, Epsilon: 0.010
2026-04-19 02:02:42 | INFO | Episode 6416 - Reward: -200.000, Length: 200, Loss: 20.1285, Entropy: 1.0825, Epsilon: 0.010
2026-04-19 02:02:42 | INFO | Episode 6417 - Reward: -200.000, Length: 200, Loss: 16.6220, Entropy: 1.0740, Epsilon: 0.010
2026-04-19 02:02:43 | INFO | Episode 6418 - Reward: -200.000, Length: 200, Loss: 13.1704, Entropy: 1.0771, Epsilon: 0.010
2026-04-19 02:02:45 | INFO | Episode 6419 - Reward: -200.000, Length: 200, Loss: 13.2417, Entropy: 1.0807, Epsilon: 0.010
2026-04-19 02:02:45 | INFO | Episode 6420 - Reward: -200.000, Length: 200, Loss: 16.6702, Entropy: 1.0743, Epsilon: 0.010
2026-04-19 02:02:46 | INFO | Episode 6421 - Reward: -200.000, Length: 200, Loss: 13.0114, Entropy: 1.0734, Epsilon: 0.010
2026-04-19 02:02:46 | INFO | Episode 6422 - Reward: -200.000, Length: 200, Loss: 9.9032, Entropy: 1.0837, Epsilon: 0.010
2026-04-19 02:02:46 | INFO | Episode 6423 - Reward: -200.000, Length: 200, Loss: 13.2283, Entropy: 1.0795, Epsilon: 0.010
2026-04-19 02:02:47 | INFO | Episode 6424 - Reward: -200.000, Length: 200, Loss: 29.2362, Entropy: 1.0551, Epsilon: 0.010
2026-04-19 02:02:47 | INFO | Episode 6425 - Reward: -200.000, Length: 200, Loss: 19.6517, Entropy: 1.0707, Epsilon: 0.010
2026-04-19 02:02:47 | INFO | Episode 6426 - Reward: -200.000, Length: 200, Loss: 12.9618, Entropy: 1.0796, Epsilon: 0.010
2026-04-19 02:02:48 | INFO | Episode 6427 - Reward: -200.000, Length: 200, Loss: 41.4552, Entropy: 1.0631, Epsilon: 0.010
2026-04-19 02:02:48 | INFO | Episode 6428 - Reward: -200.000, Length: 200, Loss: 15.9829, Entropy: 1.0909, Epsilon: 0.010
2026-04-19 02:02:49 | INFO | Episode 6429 - Reward: -200.000, Length: 200, Loss: 16.0558, Entropy: 1.0849, Epsilon: 0.010
2026-04-19 02:02:49 | INFO | Episode 6430 - Reward: -200.000, Length: 200, Loss: 22.6758, Entropy: 1.0859, Epsilon: 0.010
2026-04-19 02:02:49 | INFO | Episode 6431 - Reward: -200.000, Length: 200, Loss: 31.3320, Entropy: 1.0755, Epsilon: 0.010
2026-04-19 02:02:50 | INFO | Episode 6432 - Reward: -200.000, Length: 200, Loss: 6.2966, Entropy: 1.0853, Epsilon: 0.010
2026-04-19 02:02:50 | INFO | Episode 6433 - Reward: -200.000, Length: 200, Loss: 9.4897, Entropy: 1.0780, Epsilon: 0.010
2026-04-19 02:02:50 | INFO | Episode 6434 - Reward: -200.000, Length: 200, Loss: 9.2416, Entropy: 1.0766, Epsilon: 0.010
2026-04-19 02:02:51 | INFO | Episode 6435 - Reward: -200.000, Length: 200, Loss: 12.4263, Entropy: 1.0898, Epsilon: 0.010
2026-04-19 02:02:51 | INFO | Episode 6436 - Reward: -200.000, Length: 200, Loss: -0.0912, Entropy: 1.0942, Epsilon: 0.010
2026-04-19 02:02:52 | INFO | Episode 6437 - Reward: -200.000, Length: 200, Loss: 16.0262, Entropy: 1.0822, Epsilon: 0.010
2026-04-19 02:02:52 | INFO | Episode 6438 - Reward: -200.000, Length: 200, Loss: 9.4460, Entropy: 1.0902, Epsilon: 0.010
2026-04-19 02:02:52 | INFO | Episode 6439 - Reward: -200.000, Length: 200, Loss: 12.6744, Entropy: 1.0836, Epsilon: 0.010
2026-04-19 02:02:53 | INFO | Episode 6440 - Reward: -200.000, Length: 200, Loss: 12.7609, Entropy: 1.0909, Epsilon: 0.010
2026-04-19 02:02:53 | INFO | Episode 6441 - Reward: -200.000, Length: 200, Loss: 29.4728, Entropy: 1.0656, Epsilon: 0.010
2026-04-19 02:02:53 | INFO | Episode 6442 - Reward: -200.000, Length: 200, Loss: 22.7064, Entropy: 1.0767, Epsilon: 0.010
2026-04-19 02:02:54 | INFO | Episode 6443 - Reward: -200.000, Length: 200, Loss: 16.1209, Entropy: 1.0824, Epsilon: 0.010
2026-04-19 02:02:54 | INFO | Episode 6444 - Reward: -200.000, Length: 200, Loss: 22.8529, Entropy: 1.0624, Epsilon: 0.010
2026-04-19 02:02:54 | INFO | Episode 6445 - Reward: -200.000, Length: 200, Loss: 10.0277, Entropy: 1.0845, Epsilon: 0.010
2026-04-19 02:02:55 | INFO | Episode 6446 - Reward: -200.000, Length: 200, Loss: 19.8185, Entropy: 1.0739, Epsilon: 0.010
2026-04-19 02:02:55 | INFO | Episode 6447 - Reward: -200.000, Length: 200, Loss: 10.1182, Entropy: 1.0804, Epsilon: 0.010
2026-04-19 02:02:56 | INFO | Episode 6448 - Reward: -200.000, Length: 200, Loss: 23.1864, Entropy: 1.0493, Epsilon: 0.010
2026-04-19 02:02:56 | INFO | Episode 6449 - Reward: -200.000, Length: 200, Loss: 22.7196, Entropy: 1.0480, Epsilon: 0.010
2026-04-19 02:02:56 | INFO | Episode 6450 - Reward: -200.000, Length: 200, Loss: 19.1661, Entropy: 1.0694, Epsilon: 0.010
2026-04-19 02:02:57 | INFO | Episode 6451 - Reward: -200.000, Length: 200, Loss: 28.6377, Entropy: 1.0852, Epsilon: 0.010
2026-04-19 02:02:57 | INFO | Episode 6452 - Reward: -200.000, Length: 200, Loss: 9.5467, Entropy: 1.0831, Epsilon: 0.010
2026-04-19 02:02:57 | INFO | Episode 6453 - Reward: -200.000, Length: 200, Loss: 12.6936, Entropy: 1.0922, Epsilon: 0.010
2026-04-19 02:02:58 | INFO | Episode 6454 - Reward: -200.000, Length: 200, Loss: 15.7617, Entropy: 1.0693, Epsilon: 0.010
2026-04-19 02:02:58 | INFO | Episode 6455 - Reward: -200.000, Length: 200, Loss: 9.3835, Entropy: 1.0864, Epsilon: 0.010
2026-04-19 02:02:59 | INFO | Episode 6456 - Reward: -200.000, Length: 200, Loss: 12.4054, Entropy: 1.0847, Epsilon: 0.010
2026-04-19 02:02:59 | INFO | Episode 6457 - Reward: -200.000, Length: 200, Loss: 6.0641, Entropy: 1.0893, Epsilon: 0.010
2026-04-19 02:02:59 | INFO | Episode 6458 - Reward: -200.000, Length: 200, Loss: 9.4025, Entropy: 1.0834, Epsilon: 0.010
2026-04-19 02:03:00 | INFO | Episode 6459 - Reward: -200.000, Length: 200, Loss: 9.0905, Entropy: 1.0851, Epsilon: 0.010
2026-04-19 02:03:00 | INFO | Episode 6460 - Reward: -200.000, Length: 200, Loss: 19.0805, Entropy: 1.0805, Epsilon: 0.010
2026-04-19 02:03:00 | INFO | Episode 6461 - Reward: -200.000, Length: 200, Loss: 3.1832, Entropy: 1.0922, Epsilon: 0.010
2026-04-19 02:03:01 | INFO | Episode 6462 - Reward: -200.000, Length: 200, Loss: 12.6734, Entropy: 1.0870, Epsilon: 0.010
2026-04-19 02:03:01 | INFO | Episode 6463 - Reward: -200.000, Length: 200, Loss: 9.4354, Entropy: 1.0854, Epsilon: 0.010
2026-04-19 02:03:01 | INFO | Episode 6464 - Reward: -200.000, Length: 200, Loss: 19.2821, Entropy: 1.0885, Epsilon: 0.010
2026-04-19 02:03:02 | INFO | Episode 6465 - Reward: -200.000, Length: 200, Loss: 12.7709, Entropy: 1.0749, Epsilon: 0.010
2026-04-19 02:03:02 | INFO | Episode 6466 - Reward: -200.000, Length: 200, Loss: 9.5826, Entropy: 1.0842, Epsilon: 0.010
2026-04-19 02:03:03 | INFO | Episode 6467 - Reward: -200.000, Length: 200, Loss: 12.6782, Entropy: 1.0686, Epsilon: 0.010
2026-04-19 02:03:03 | INFO | Episode 6468 - Reward: -200.000, Length: 200, Loss: 16.3525, Entropy: 1.0822, Epsilon: 0.010
2026-04-19 02:03:03 | INFO | Episode 6469 - Reward: -200.000, Length: 200, Loss: 16.1544, Entropy: 1.0640, Epsilon: 0.010
2026-04-19 02:03:04 | INFO | Episode 6470 - Reward: -200.000, Length: 200, Loss: 12.7940, Entropy: 1.0892, Epsilon: 0.010
2026-04-19 02:03:04 | INFO | Episode 6471 - Reward: -200.000, Length: 200, Loss: 18.6232, Entropy: 1.0868, Epsilon: 0.010
2026-04-19 02:03:04 | INFO | Episode 6472 - Reward: -200.000, Length: 200, Loss: 22.0278, Entropy: 1.0822, Epsilon: 0.010
2026-04-19 02:03:05 | INFO | Episode 6473 - Reward: -200.000, Length: 200, Loss: 18.8527, Entropy: 1.0762, Epsilon: 0.010
2026-04-19 02:03:05 | INFO | Episode 6474 - Reward: -200.000, Length: 200, Loss: 3.0723, Entropy: 1.0815, Epsilon: 0.010
2026-04-19 02:03:05 | INFO | Episode 6475 - Reward: -200.000, Length: 200, Loss: 6.2346, Entropy: 1.0851, Epsilon: 0.010
2026-04-19 02:03:06 | INFO | Episode 6476 - Reward: -200.000, Length: 200, Loss: 28.1092, Entropy: 1.0487, Epsilon: 0.010
2026-04-19 02:03:06 | INFO | Episode 6477 - Reward: -200.000, Length: 200, Loss: 19.1060, Entropy: 1.0887, Epsilon: 0.010
2026-04-19 02:03:07 | INFO | Episode 6478 - Reward: -200.000, Length: 200, Loss: 21.5595, Entropy: 1.0487, Epsilon: 0.010
2026-04-19 02:03:07 | INFO | Episode 6479 - Reward: -200.000, Length: 200, Loss: 15.5007, Entropy: 1.0850, Epsilon: 0.010
2026-04-19 02:03:07 | INFO | Episode 6480 - Reward: -200.000, Length: 200, Loss: 12.3609, Entropy: 1.0885, Epsilon: 0.010
2026-04-19 02:03:08 | INFO | Episode 6481 - Reward: -200.000, Length: 200, Loss: 12.2543, Entropy: 1.0851, Epsilon: 0.010
2026-04-19 02:03:08 | INFO | Episode 6482 - Reward: -200.000, Length: 200, Loss: 27.8436, Entropy: 1.0731, Epsilon: 0.010
2026-04-19 02:03:08 | INFO | Episode 6483 - Reward: -200.000, Length: 200, Loss: 15.6689, Entropy: 1.0839, Epsilon: 0.010
2026-04-19 02:03:09 | INFO | Episode 6484 - Reward: -200.000, Length: 200, Loss: 6.1091, Entropy: 1.0909, Epsilon: 0.010
2026-04-19 02:03:09 | INFO | Episode 6485 - Reward: -200.000, Length: 200, Loss: 21.8979, Entropy: 1.0768, Epsilon: 0.010
2026-04-19 02:03:09 | INFO | Episode 6486 - Reward: -200.000, Length: 200, Loss: 21.9510, Entropy: 1.0698, Epsilon: 0.010
2026-04-19 02:03:10 | INFO | Episode 6487 - Reward: -200.000, Length: 200, Loss: 9.4948, Entropy: 1.0872, Epsilon: 0.010
2026-04-19 02:03:10 | INFO | Episode 6488 - Reward: -200.000, Length: 200, Loss: 6.1669, Entropy: 1.0810, Epsilon: 0.010
2026-04-19 02:03:11 | INFO | Episode 6489 - Reward: -200.000, Length: 200, Loss: 28.5343, Entropy: 1.0204, Epsilon: 0.010
2026-04-19 02:03:11 | INFO | Episode 6490 - Reward: -200.000, Length: 200, Loss: 22.4013, Entropy: 1.0636, Epsilon: 0.010
2026-04-19 02:03:11 | INFO | Episode 6491 - Reward: -200.000, Length: 200, Loss: 18.8429, Entropy: 1.0861, Epsilon: 0.010
2026-04-19 02:03:12 | INFO | Episode 6492 - Reward: -200.000, Length: 200, Loss: 12.5692, Entropy: 1.0888, Epsilon: 0.010
2026-04-19 02:03:12 | INFO | Episode 6493 - Reward: -200.000, Length: 200, Loss: 18.9630, Entropy: 1.0560, Epsilon: 0.010
2026-04-19 02:03:12 | INFO | Episode 6494 - Reward: -200.000, Length: 200, Loss: 11.9985, Entropy: 1.0866, Epsilon: 0.010
2026-04-19 02:03:13 | INFO | Episode 6495 - Reward: -200.000, Length: 200, Loss: 12.2885, Entropy: 1.0791, Epsilon: 0.010
2026-04-19 02:03:13 | INFO | Episode 6496 - Reward: -200.000, Length: 200, Loss: 22.2197, Entropy: 1.0899, Epsilon: 0.010
2026-04-19 02:03:13 | INFO | Episode 6497 - Reward: -200.000, Length: 200, Loss: 31.2448, Entropy: 1.0770, Epsilon: 0.010
2026-04-19 02:03:14 | INFO | Episode 6498 - Reward: -200.000, Length: 200, Loss: 15.8750, Entropy: 1.0814, Epsilon: 0.010
2026-04-19 02:03:14 | INFO | Episode 6499 - Reward: -200.000, Length: 200, Loss: 33.9490, Entropy: 1.0548, Epsilon: 0.010
2026-04-19 02:03:14 | INFO | Episode 6500 - Reward: -200.000, Length: 200, Loss: 3.1315, Entropy: 1.0858, Epsilon: 0.010
2026-04-19 02:03:19 | INFO | [Episode 6500] eps=0.010  avg_reward=-200.000  avg_length=200.00  avg_loss= 16.2005  avg_entropy=1.0858  eval_success=0.000
2026-04-19 02:03:20 | INFO | Episode 6501 - Reward: -200.000, Length: 200, Loss: 19.2713, Entropy: 1.0836, Epsilon: 0.010
2026-04-19 02:03:20 | INFO | Episode 6502 - Reward: -200.000, Length: 200, Loss: 6.4485, Entropy: 1.0824, Epsilon: 0.010
2026-04-19 02:03:20 | INFO | Episode 6503 - Reward: -200.000, Length: 200, Loss: 15.8675, Entropy: 1.0790, Epsilon: 0.010
2026-04-19 02:03:21 | INFO | Episode 6504 - Reward: -200.000, Length: 200, Loss: 12.7386, Entropy: 1.0734, Epsilon: 0.010
2026-04-19 02:03:21 | INFO | Episode 6505 - Reward: -200.000, Length: 200, Loss: 15.9457, Entropy: 1.0807, Epsilon: 0.010
2026-04-19 02:03:21 | INFO | Episode 6506 - Reward: -200.000, Length: 200, Loss: 21.5125, Entropy: 1.0821, Epsilon: 0.010
2026-04-19 02:03:22 | INFO | Episode 6507 - Reward: -200.000, Length: 200, Loss: 25.0120, Entropy: 1.0659, Epsilon: 0.010
2026-04-19 02:03:22 | INFO | Episode 6508 - Reward: -200.000, Length: 200, Loss: 18.6854, Entropy: 1.0893, Epsilon: 0.010
2026-04-19 02:03:23 | INFO | Episode 6509 - Reward: -200.000, Length: 200, Loss: 3.1087, Entropy: 1.0905, Epsilon: 0.010
2026-04-19 02:03:23 | INFO | Episode 6510 - Reward: -200.000, Length: 200, Loss: 22.1225, Entropy: 1.0846, Epsilon: 0.010
2026-04-19 02:03:23 | INFO | Episode 6511 - Reward: -200.000, Length: 200, Loss: 19.1864, Entropy: 1.0851, Epsilon: 0.010
2026-04-19 02:03:24 | INFO | Episode 6512 - Reward: -200.000, Length: 200, Loss: 28.5285, Entropy: 1.0423, Epsilon: 0.010
2026-04-19 02:03:24 | INFO | Episode 6513 - Reward: -200.000, Length: 200, Loss: 19.2704, Entropy: 1.0656, Epsilon: 0.010
2026-04-19 02:03:24 | INFO | Episode 6514 - Reward: -200.000, Length: 200, Loss: 16.1203, Entropy: 1.0477, Epsilon: 0.010
2026-04-19 02:03:25 | INFO | Episode 6515 - Reward: -200.000, Length: 200, Loss: 15.7273, Entropy: 1.0880, Epsilon: 0.010
2026-04-19 02:03:25 | INFO | Episode 6516 - Reward: -200.000, Length: 200, Loss: 19.3896, Entropy: 1.0865, Epsilon: 0.010
2026-04-19 02:03:26 | INFO | Episode 6517 - Reward: -200.000, Length: 200, Loss: 9.8309, Entropy: 1.0856, Epsilon: 0.010
2026-04-19 02:03:26 | INFO | Episode 6518 - Reward: -200.000, Length: 200, Loss: 6.5277, Entropy: 1.0907, Epsilon: 0.010
2026-04-19 02:03:26 | INFO | Episode 6519 - Reward: -200.000, Length: 200, Loss: 6.3644, Entropy: 1.0892, Epsilon: 0.010
2026-04-19 02:03:27 | INFO | Episode 6520 - Reward: -200.000, Length: 200, Loss: 19.8227, Entropy: 1.0805, Epsilon: 0.010
2026-04-19 02:03:27 | INFO | Episode 6521 - Reward: -200.000, Length: 200, Loss: 9.9916, Entropy: 1.0896, Epsilon: 0.010
2026-04-19 02:03:27 | INFO | Episode 6522 - Reward: -200.000, Length: 200, Loss: 25.9943, Entropy: 1.0675, Epsilon: 0.010
2026-04-19 02:03:28 | INFO | Episode 6523 - Reward: -200.000, Length: 200, Loss: 9.8943, Entropy: 1.0816, Epsilon: 0.010
2026-04-19 02:03:28 | INFO | Episode 6524 - Reward: -200.000, Length: 200, Loss: 19.5310, Entropy: 1.0930, Epsilon: 0.010
2026-04-19 02:03:29 | INFO | Episode 6525 - Reward: -200.000, Length: 200, Loss: 22.9212, Entropy: 1.0674, Epsilon: 0.010
2026-04-19 02:03:29 | INFO | Episode 6526 - Reward: -200.000, Length: 200, Loss: 6.3999, Entropy: 1.0910, Epsilon: 0.010
2026-04-19 02:03:29 | INFO | Episode 6527 - Reward: -200.000, Length: 200, Loss: 9.9117, Entropy: 1.0860, Epsilon: 0.010
2026-04-19 02:03:30 | INFO | Episode 6528 - Reward: -200.000, Length: 200, Loss: 16.1619, Entropy: 1.0840, Epsilon: 0.010
2026-04-19 02:03:30 | INFO | Episode 6529 - Reward: -200.000, Length: 200, Loss: 13.0794, Entropy: 1.0874, Epsilon: 0.010
2026-04-19 02:03:30 | INFO | Episode 6530 - Reward: -200.000, Length: 200, Loss: 16.3920, Entropy: 1.0732, Epsilon: 0.010
2026-04-19 02:03:31 | INFO | Episode 6531 - Reward: -200.000, Length: 200, Loss: 16.0171, Entropy: 1.0792, Epsilon: 0.010
2026-04-19 02:03:31 | INFO | Episode 6532 - Reward: -200.000, Length: 200, Loss: 15.5429, Entropy: 1.0833, Epsilon: 0.010
2026-04-19 02:03:31 | INFO | Episode 6533 - Reward: -200.000, Length: 200, Loss: 25.7158, Entropy: 1.0850, Epsilon: 0.010
2026-04-19 02:03:32 | INFO | Episode 6534 - Reward: -200.000, Length: 200, Loss: 9.4060, Entropy: 1.0875, Epsilon: 0.010
2026-04-19 02:03:32 | INFO | Episode 6535 - Reward: -200.000, Length: 200, Loss: 9.6382, Entropy: 1.0855, Epsilon: 0.010
2026-04-19 02:03:33 | INFO | Episode 6536 - Reward: -200.000, Length: 200, Loss: 19.4747, Entropy: 1.0661, Epsilon: 0.010
2026-04-19 02:03:33 | INFO | Episode 6537 - Reward: -200.000, Length: 200, Loss: 12.7199, Entropy: 1.0869, Epsilon: 0.010
2026-04-19 02:03:33 | INFO | Episode 6538 - Reward: -200.000, Length: 200, Loss: 9.3510, Entropy: 1.0811, Epsilon: 0.010
2026-04-19 02:03:34 | INFO | Episode 6539 - Reward: -200.000, Length: 200, Loss: 12.7616, Entropy: 1.0809, Epsilon: 0.010
2026-04-19 02:03:34 | INFO | Episode 6540 - Reward: -200.000, Length: 200, Loss: 48.1264, Entropy: 1.0597, Epsilon: 0.010
2026-04-19 02:03:34 | INFO | Episode 6541 - Reward: -200.000, Length: 200, Loss: 29.6779, Entropy: 1.0655, Epsilon: 0.010
2026-04-19 02:03:35 | INFO | Episode 6542 - Reward: -200.000, Length: 200, Loss: 26.1308, Entropy: 1.0806, Epsilon: 0.010
2026-04-19 02:03:35 | INFO | Episode 6543 - Reward: -200.000, Length: 200, Loss: 22.9926, Entropy: 1.0827, Epsilon: 0.010
2026-04-19 02:03:35 | INFO | Episode 6544 - Reward: -200.000, Length: 200, Loss: 10.0354, Entropy: 1.0813, Epsilon: 0.010
2026-04-19 02:03:36 | INFO | Episode 6545 - Reward: -200.000, Length: 200, Loss: 19.6506, Entropy: 1.0773, Epsilon: 0.010
2026-04-19 02:03:36 | INFO | Episode 6546 - Reward: -200.000, Length: 200, Loss: 26.6691, Entropy: 1.0687, Epsilon: 0.010
2026-04-19 02:03:37 | INFO | Episode 6547 - Reward: -200.000, Length: 200, Loss: 29.9765, Entropy: 1.0422, Epsilon: 0.010
2026-04-19 02:03:37 | INFO | Episode 6548 - Reward: -200.000, Length: 200, Loss: 26.5956, Entropy: 1.0291, Epsilon: 0.010
2026-04-19 02:03:37 | INFO | Episode 6549 - Reward: -200.000, Length: 200, Loss: 23.1335, Entropy: 1.0543, Epsilon: 0.010
2026-04-19 02:03:38 | INFO | Episode 6550 - Reward: -200.000, Length: 200, Loss: 16.3608, Entropy: 1.0872, Epsilon: 0.010
2026-04-19 02:03:38 | INFO | Episode 6551 - Reward: -200.000, Length: 200, Loss: 23.1128, Entropy: 1.0854, Epsilon: 0.010
2026-04-19 02:03:38 | INFO | Episode 6552 - Reward: -200.000, Length: 200, Loss: 19.6973, Entropy: 1.0826, Epsilon: 0.010
2026-04-19 02:03:39 | INFO | Episode 6553 - Reward: -200.000, Length: 200, Loss: 3.2866, Entropy: 1.0944, Epsilon: 0.010
2026-04-19 02:03:39 | INFO | Episode 6554 - Reward: -200.000, Length: 200, Loss: 6.4743, Entropy: 1.0882, Epsilon: 0.010
2026-04-19 02:03:39 | INFO | Episode 6555 - Reward: -200.000, Length: 200, Loss: 13.3604, Entropy: 1.0900, Epsilon: 0.010
2026-04-19 02:03:40 | INFO | Episode 6556 - Reward: -200.000, Length: 200, Loss: 9.9600, Entropy: 1.0828, Epsilon: 0.010
2026-04-19 02:03:40 | INFO | Episode 6557 - Reward: -200.000, Length: 200, Loss: 19.8947, Entropy: 1.0736, Epsilon: 0.010
2026-04-19 02:03:41 | INFO | Episode 6558 - Reward: -200.000, Length: 200, Loss: 19.5500, Entropy: 1.0819, Epsilon: 0.010
2026-04-19 02:03:41 | INFO | Episode 6559 - Reward: -200.000, Length: 200, Loss: 12.8827, Entropy: 1.0686, Epsilon: 0.010
2026-04-19 02:03:41 | INFO | Episode 6560 - Reward: -200.000, Length: 200, Loss: 25.9038, Entropy: 1.0553, Epsilon: 0.010
2026-04-19 02:03:42 | INFO | Episode 6561 - Reward: -200.000, Length: 200, Loss: 15.4362, Entropy: 1.0836, Epsilon: 0.010
2026-04-19 02:03:42 | INFO | Episode 6562 - Reward: -200.000, Length: 200, Loss: 9.4046, Entropy: 1.0866, Epsilon: 0.010
2026-04-19 02:03:42 | INFO | Episode 6563 - Reward: -200.000, Length: 200, Loss: 15.7229, Entropy: 1.0876, Epsilon: 0.010
2026-04-19 02:03:43 | INFO | Episode 6564 - Reward: -200.000, Length: 200, Loss: 12.8375, Entropy: 1.0748, Epsilon: 0.010
2026-04-19 02:03:43 | INFO | Episode 6565 - Reward: -200.000, Length: 200, Loss: 12.4698, Entropy: 1.0938, Epsilon: 0.010
2026-04-19 02:03:43 | INFO | Episode 6566 - Reward: -200.000, Length: 200, Loss: 22.3549, Entropy: 1.0806, Epsilon: 0.010
2026-04-19 02:03:44 | INFO | Episode 6567 - Reward: -200.000, Length: 200, Loss: 19.7398, Entropy: 1.0761, Epsilon: 0.010
2026-04-19 02:03:44 | INFO | Episode 6568 - Reward: -200.000, Length: 200, Loss: 10.0173, Entropy: 1.0583, Epsilon: 0.010
2026-04-19 02:03:45 | INFO | Episode 6569 - Reward: -200.000, Length: 200, Loss: 6.1776, Entropy: 1.0939, Epsilon: 0.010
2026-04-19 02:03:45 | INFO | Episode 6570 - Reward: -200.000, Length: 200, Loss: 16.2712, Entropy: 1.0888, Epsilon: 0.010
2026-04-19 02:03:45 | INFO | Episode 6571 - Reward: -200.000, Length: 200, Loss: 16.7097, Entropy: 1.0838, Epsilon: 0.010
2026-04-19 02:03:46 | INFO | Episode 6572 - Reward: -200.000, Length: 200, Loss: 16.4780, Entropy: 1.0544, Epsilon: 0.010
2026-04-19 02:03:46 | INFO | Episode 6573 - Reward: -200.000, Length: 200, Loss: 27.0484, Entropy: 1.0776, Epsilon: 0.010
2026-04-19 02:03:46 | INFO | Episode 6574 - Reward: -200.000, Length: 200, Loss: 16.6406, Entropy: 1.0707, Epsilon: 0.010
2026-04-19 02:03:47 | INFO | Episode 6575 - Reward: -200.000, Length: 200, Loss: 16.5604, Entropy: 1.0738, Epsilon: 0.010
2026-04-19 02:03:47 | INFO | Episode 6576 - Reward: -200.000, Length: 200, Loss: 6.3188, Entropy: 1.0903, Epsilon: 0.010
2026-04-19 02:03:47 | INFO | Episode 6577 - Reward: -200.000, Length: 200, Loss: 6.3136, Entropy: 1.0929, Epsilon: 0.010
2026-04-19 02:03:48 | INFO | Episode 6578 - Reward: -200.000, Length: 200, Loss: 15.9097, Entropy: 1.0858, Epsilon: 0.010
2026-04-19 02:03:48 | INFO | Episode 6579 - Reward: -200.000, Length: 200, Loss: 3.0184, Entropy: 1.0939, Epsilon: 0.010
2026-04-19 02:03:49 | INFO | Episode 6580 - Reward: -200.000, Length: 200, Loss: 16.4166, Entropy: 1.0522, Epsilon: 0.010
2026-04-19 02:03:49 | INFO | Episode 6581 - Reward: -200.000, Length: 200, Loss: 25.7952, Entropy: 1.0537, Epsilon: 0.010
2026-04-19 02:03:49 | INFO | Episode 6582 - Reward: -200.000, Length: 200, Loss: 12.6058, Entropy: 1.0843, Epsilon: 0.010
2026-04-19 02:03:50 | INFO | Episode 6583 - Reward: -200.000, Length: 200, Loss: 16.1384, Entropy: 1.0699, Epsilon: 0.010
2026-04-19 02:03:50 | INFO | Episode 6584 - Reward: -200.000, Length: 200, Loss: 28.6115, Entropy: 1.0741, Epsilon: 0.010
2026-04-19 02:03:50 | INFO | Episode 6585 - Reward: -200.000, Length: 200, Loss: 19.2753, Entropy: 1.0870, Epsilon: 0.010
2026-04-19 02:03:51 | INFO | Episode 6586 - Reward: -200.000, Length: 200, Loss: 16.2883, Entropy: 1.0846, Epsilon: 0.010
2026-04-19 02:03:51 | INFO | Episode 6587 - Reward: -200.000, Length: 200, Loss: 9.7405, Entropy: 1.0755, Epsilon: 0.010
2026-04-19 02:03:51 | INFO | Episode 6588 - Reward: -200.000, Length: 200, Loss: 16.0425, Entropy: 1.0615, Epsilon: 0.010
2026-04-19 02:03:52 | INFO | Episode 6589 - Reward: -200.000, Length: 200, Loss: 9.3655, Entropy: 1.0858, Epsilon: 0.010
2026-04-19 02:03:52 | INFO | Episode 6590 - Reward: -200.000, Length: 200, Loss: 9.9356, Entropy: 1.0853, Epsilon: 0.010
2026-04-19 02:03:53 | INFO | Episode 6591 - Reward: -200.000, Length: 200, Loss: 26.1486, Entropy: 1.0524, Epsilon: 0.010
2026-04-19 02:03:53 | INFO | Episode 6592 - Reward: -200.000, Length: 200, Loss: 12.7589, Entropy: 1.0464, Epsilon: 0.010
2026-04-19 02:03:53 | INFO | Episode 6593 - Reward: -200.000, Length: 200, Loss: 19.3004, Entropy: 1.0415, Epsilon: 0.010
2026-04-19 02:03:54 | INFO | Episode 6594 - Reward: -200.000, Length: 200, Loss: 31.7404, Entropy: 1.0846, Epsilon: 0.010
2026-04-19 02:03:54 | INFO | Episode 6595 - Reward: -200.000, Length: 200, Loss: 22.1657, Entropy: 1.0827, Epsilon: 0.010
2026-04-19 02:03:54 | INFO | Episode 6596 - Reward: -200.000, Length: 200, Loss: 3.1082, Entropy: 1.0834, Epsilon: 0.010
2026-04-19 02:03:55 | INFO | Episode 6597 - Reward: -200.000, Length: 200, Loss: 15.5119, Entropy: 1.0832, Epsilon: 0.010
2026-04-19 02:03:55 | INFO | Episode 6598 - Reward: -200.000, Length: 200, Loss: 15.3898, Entropy: 1.0806, Epsilon: 0.010
2026-04-19 02:03:55 | INFO | Episode 6599 - Reward: -200.000, Length: 200, Loss: 12.6556, Entropy: 1.0792, Epsilon: 0.010
2026-04-19 02:03:56 | INFO | Episode 6600 - Reward: -200.000, Length: 200, Loss: 9.3637, Entropy: 1.0883, Epsilon: 0.010
2026-04-19 02:04:01 | INFO | [Episode 6600] eps=0.010  avg_reward=-200.000  avg_length=200.00  avg_loss= 16.4965  avg_entropy=1.0883  eval_success=0.000
2026-04-19 02:04:01 | INFO | Episode 6601 - Reward: -200.000, Length: 200, Loss: 3.1712, Entropy: 1.0945, Epsilon: 0.010
2026-04-19 02:04:01 | INFO | Episode 6602 - Reward: -200.000, Length: 200, Loss: 9.4898, Entropy: 1.0901, Epsilon: 0.010
2026-04-19 02:04:02 | INFO | Episode 6603 - Reward: -200.000, Length: 200, Loss: 9.2478, Entropy: 1.0755, Epsilon: 0.010
2026-04-19 02:04:02 | INFO | Episode 6604 - Reward: -200.000, Length: 200, Loss: 32.4082, Entropy: 1.0721, Epsilon: 0.010
2026-04-19 02:04:02 | INFO | Episode 6605 - Reward: -200.000, Length: 200, Loss: 9.7376, Entropy: 1.0811, Epsilon: 0.010
2026-04-19 02:04:03 | INFO | Episode 6606 - Reward: -200.000, Length: 200, Loss: 9.8423, Entropy: 1.0824, Epsilon: 0.010
2026-04-19 02:04:03 | INFO | Episode 6607 - Reward: -200.000, Length: 200, Loss: 26.2740, Entropy: 1.0870, Epsilon: 0.010
2026-04-19 02:04:04 | INFO | Episode 6608 - Reward: -200.000, Length: 200, Loss: 3.2259, Entropy: 1.0896, Epsilon: 0.010
2026-04-19 02:04:04 | INFO | Episode 6609 - Reward: -200.000, Length: 200, Loss: 13.2494, Entropy: 1.0806, Epsilon: 0.010
2026-04-19 02:04:04 | INFO | Episode 6610 - Reward: -200.000, Length: 200, Loss: 23.2241, Entropy: 1.0406, Epsilon: 0.010
2026-04-19 02:04:05 | INFO | Episode 6611 - Reward: -200.000, Length: 200, Loss: 6.6045, Entropy: 1.0838, Epsilon: 0.010
2026-04-19 02:04:05 | INFO | Episode 6612 - Reward: -200.000, Length: 200, Loss: 26.5687, Entropy: 1.0591, Epsilon: 0.010
2026-04-19 02:04:05 | INFO | Episode 6613 - Reward: -200.000, Length: 200, Loss: 12.9246, Entropy: 1.0816, Epsilon: 0.010
2026-04-19 02:04:06 | INFO | Episode 6614 - Reward: -200.000, Length: 200, Loss: 12.6997, Entropy: 1.0640, Epsilon: 0.010
2026-04-19 02:04:06 | INFO | Episode 6615 - Reward: -200.000, Length: 200, Loss: 12.7962, Entropy: 1.0762, Epsilon: 0.010
2026-04-19 02:04:06 | INFO | Episode 6616 - Reward: -200.000, Length: 200, Loss: 16.0766, Entropy: 1.0796, Epsilon: 0.010
2026-04-19 02:04:07 | INFO | Episode 6617 - Reward: -200.000, Length: 200, Loss: 3.2357, Entropy: 1.0858, Epsilon: 0.010
2026-04-19 02:04:07 | INFO | Episode 6618 - Reward: -200.000, Length: 200, Loss: 19.7413, Entropy: 1.0887, Epsilon: 0.010
2026-04-19 02:04:08 | INFO | Episode 6619 - Reward: -200.000, Length: 200, Loss: 9.7087, Entropy: 1.0825, Epsilon: 0.010
2026-04-19 02:04:08 | INFO | Episode 6620 - Reward: -200.000, Length: 200, Loss: 19.3907, Entropy: 1.0829, Epsilon: 0.010
2026-04-19 02:04:08 | INFO | Episode 6621 - Reward: -200.000, Length: 200, Loss: 20.1991, Entropy: 1.0714, Epsilon: 0.010
2026-04-19 02:04:09 | INFO | Episode 6622 - Reward: -200.000, Length: 200, Loss: 16.8704, Entropy: 1.0687, Epsilon: 0.010
2026-04-19 02:04:09 | INFO | Episode 6623 - Reward: -200.000, Length: 200, Loss: 16.3924, Entropy: 1.0867, Epsilon: 0.010
2026-04-19 02:04:09 | INFO | Episode 6624 - Reward: -200.000, Length: 200, Loss: 16.0536, Entropy: 1.0876, Epsilon: 0.010
2026-04-19 02:04:10 | INFO | Episode 6625 - Reward: -200.000, Length: 200, Loss: 22.7789, Entropy: 1.0753, Epsilon: 0.010
2026-04-19 02:04:10 | INFO | Episode 6626 - Reward: -200.000, Length: 200, Loss: 3.1981, Entropy: 1.0889, Epsilon: 0.010
2026-04-19 02:04:10 | INFO | Episode 6627 - Reward: -200.000, Length: 200, Loss: 26.1734, Entropy: 1.0780, Epsilon: 0.010
2026-04-19 02:04:11 | INFO | Episode 6628 - Reward: -200.000, Length: 200, Loss: 29.3646, Entropy: 1.0215, Epsilon: 0.010
2026-04-19 02:04:11 | INFO | Episode 6629 - Reward: -200.000, Length: 200, Loss: 19.6977, Entropy: 1.0784, Epsilon: 0.010
2026-04-19 02:04:12 | INFO | Episode 6630 - Reward: -200.000, Length: 200, Loss: 16.5277, Entropy: 1.0833, Epsilon: 0.010
2026-04-19 02:04:12 | INFO | Episode 6631 - Reward: -200.000, Length: 200, Loss: 3.3021, Entropy: 1.0911, Epsilon: 0.010
2026-04-19 02:04:12 | INFO | Episode 6632 - Reward: -200.000, Length: 200, Loss: 33.5987, Entropy: 1.0628, Epsilon: 0.010
2026-04-19 02:04:13 | INFO | Episode 6633 - Reward: -200.000, Length: 200, Loss: 13.0010, Entropy: 1.0870, Epsilon: 0.010
2026-04-19 02:04:13 | INFO | Episode 6634 - Reward: -200.000, Length: 200, Loss: 16.6353, Entropy: 1.0856, Epsilon: 0.010
2026-04-19 02:04:13 | INFO | Episode 6635 - Reward: -200.000, Length: 200, Loss: 29.7278, Entropy: 1.0606, Epsilon: 0.010
2026-04-19 02:04:14 | INFO | Episode 6636 - Reward: -200.000, Length: 200, Loss: 20.0220, Entropy: 1.0737, Epsilon: 0.010
2026-04-19 02:04:14 | INFO | Episode 6637 - Reward: -200.000, Length: 200, Loss: 10.0382, Entropy: 1.0847, Epsilon: 0.010
2026-04-19 02:04:14 | INFO | Episode 6638 - Reward: -200.000, Length: 200, Loss: 19.7728, Entropy: 1.0707, Epsilon: 0.010
2026-04-19 02:04:15 | INFO | Episode 6639 - Reward: -200.000, Length: 200, Loss: 9.9182, Entropy: 1.0864, Epsilon: 0.010
2026-04-19 02:04:15 | INFO | Episode 6640 - Reward: -200.000, Length: 200, Loss: 10.1204, Entropy: 1.0812, Epsilon: 0.010
2026-04-19 02:04:16 | INFO | Episode 6641 - Reward: -200.000, Length: 200, Loss: 16.2606, Entropy: 1.0748, Epsilon: 0.010
2026-04-19 02:04:16 | INFO | Episode 6642 - Reward: -200.000, Length: 200, Loss: 22.4717, Entropy: 1.0838, Epsilon: 0.010
2026-04-19 02:04:16 | INFO | Episode 6643 - Reward: -200.000, Length: 200, Loss: 26.1158, Entropy: 1.0737, Epsilon: 0.010
2026-04-19 02:04:17 | INFO | Episode 6644 - Reward: -200.000, Length: 200, Loss: 12.8366, Entropy: 1.0622, Epsilon: 0.010
2026-04-19 02:04:17 | INFO | Episode 6645 - Reward: -200.000, Length: 200, Loss: 22.2899, Entropy: 1.0818, Epsilon: 0.010
2026-04-19 02:04:17 | INFO | Episode 6646 - Reward: -200.000, Length: 200, Loss: 19.2980, Entropy: 1.0614, Epsilon: 0.010
2026-04-19 02:04:18 | INFO | Episode 6647 - Reward: -200.000, Length: 200, Loss: 15.7226, Entropy: 1.0796, Epsilon: 0.010
2026-04-19 02:04:18 | INFO | Episode 6648 - Reward: -200.000, Length: 200, Loss: 19.1586, Entropy: 1.0725, Epsilon: 0.010
2026-04-19 02:04:19 | INFO | Episode 6649 - Reward: -200.000, Length: 200, Loss: 9.3507, Entropy: 1.0897, Epsilon: 0.010
2026-04-19 02:04:19 | INFO | Episode 6650 - Reward: -200.000, Length: 200, Loss: 9.5184, Entropy: 1.0907, Epsilon: 0.010
2026-04-19 02:04:19 | INFO | Episode 6651 - Reward: -200.000, Length: 200, Loss: 25.5862, Entropy: 1.0849, Epsilon: 0.010
2026-04-19 02:04:20 | INFO | Episode 6652 - Reward: -200.000, Length: 200, Loss: 24.9542, Entropy: 1.0674, Epsilon: 0.010
2026-04-19 02:04:20 | INFO | Episode 6653 - Reward: -200.000, Length: 200, Loss: 9.9674, Entropy: 1.0671, Epsilon: 0.010
2026-04-19 02:04:20 | INFO | Episode 6654 - Reward: -200.000, Length: 200, Loss: 25.6220, Entropy: 1.0861, Epsilon: 0.010
2026-04-19 02:04:21 | INFO | Episode 6655 - Reward: -200.000, Length: 200, Loss: 25.8400, Entropy: 1.0721, Epsilon: 0.010
2026-04-19 02:04:21 | INFO | Episode 6656 - Reward: -200.000, Length: 200, Loss: 15.7068, Entropy: 1.0872, Epsilon: 0.010
2026-04-19 02:04:21 | INFO | Episode 6657 - Reward: -200.000, Length: 200, Loss: 24.7811, Entropy: 1.0599, Epsilon: 0.010
2026-04-19 02:04:22 | INFO | Episode 6658 - Reward: -200.000, Length: 200, Loss: 25.3960, Entropy: 1.0863, Epsilon: 0.010
2026-04-19 02:04:22 | INFO | Episode 6659 - Reward: -200.000, Length: 200, Loss: 31.2021, Entropy: 1.0675, Epsilon: 0.010
2026-04-19 02:04:23 | INFO | Episode 6660 - Reward: -200.000, Length: 200, Loss: 9.1253, Entropy: 1.0888, Epsilon: 0.010
2026-04-19 02:04:23 | INFO | Episode 6661 - Reward: -200.000, Length: 200, Loss: 6.3030, Entropy: 1.0890, Epsilon: 0.010
2026-04-19 02:04:23 | INFO | Episode 6662 - Reward: -200.000, Length: 200, Loss: 12.8129, Entropy: 1.0799, Epsilon: 0.010
2026-04-19 02:04:24 | INFO | Episode 6663 - Reward: -200.000, Length: 200, Loss: 9.2866, Entropy: 1.0856, Epsilon: 0.010
2026-04-19 02:04:24 | INFO | Episode 6664 - Reward: -200.000, Length: 200, Loss: 9.6628, Entropy: 1.0851, Epsilon: 0.010
2026-04-19 02:04:24 | INFO | Episode 6665 - Reward: -200.000, Length: 200, Loss: 28.7915, Entropy: 1.0534, Epsilon: 0.010
2026-04-19 02:04:25 | INFO | Episode 6666 - Reward: -200.000, Length: 200, Loss: 32.4915, Entropy: 1.0324, Epsilon: 0.010
2026-04-19 02:04:25 | INFO | Episode 6667 - Reward: -200.000, Length: 200, Loss: 19.3613, Entropy: 1.0594, Epsilon: 0.010
2026-04-19 02:04:25 | INFO | Episode 6668 - Reward: -200.000, Length: 200, Loss: 9.5173, Entropy: 1.0892, Epsilon: 0.010
2026-04-19 02:04:26 | INFO | Episode 6669 - Reward: -200.000, Length: 200, Loss: 12.6576, Entropy: 1.0898, Epsilon: 0.010
2026-04-19 02:04:26 | INFO | Episode 6670 - Reward: -200.000, Length: 200, Loss: 16.2615, Entropy: 1.0886, Epsilon: 0.010
2026-04-19 02:04:27 | INFO | Episode 6671 - Reward: -200.000, Length: 200, Loss: 16.2876, Entropy: 1.0851, Epsilon: 0.010
2026-04-19 02:04:27 | INFO | Episode 6672 - Reward: -200.000, Length: 200, Loss: 13.3291, Entropy: 1.0901, Epsilon: 0.010
2026-04-19 02:04:27 | INFO | Episode 6673 - Reward: -200.000, Length: 200, Loss: 22.6879, Entropy: 1.0790, Epsilon: 0.010
2026-04-19 02:04:28 | INFO | Episode 6674 - Reward: -200.000, Length: 200, Loss: 19.4350, Entropy: 1.0765, Epsilon: 0.010
2026-04-19 02:04:28 | INFO | Episode 6675 - Reward: -200.000, Length: 200, Loss: 23.5069, Entropy: 1.0614, Epsilon: 0.010
2026-04-19 02:04:28 | INFO | Episode 6676 - Reward: -200.000, Length: 200, Loss: 25.5484, Entropy: 1.0766, Epsilon: 0.010
2026-04-19 02:04:29 | INFO | Episode 6677 - Reward: -200.000, Length: 200, Loss: 16.1787, Entropy: 1.0729, Epsilon: 0.010
2026-04-19 02:04:29 | INFO | Episode 6678 - Reward: -200.000, Length: 200, Loss: 6.4327, Entropy: 1.0877, Epsilon: 0.010
2026-04-19 02:04:30 | INFO | Episode 6679 - Reward: -200.000, Length: 200, Loss: 13.2622, Entropy: 1.0734, Epsilon: 0.010
2026-04-19 02:04:30 | INFO | Episode 6680 - Reward: -200.000, Length: 200, Loss: 26.3527, Entropy: 1.0466, Epsilon: 0.010
2026-04-19 02:04:30 | INFO | Episode 6681 - Reward: -200.000, Length: 200, Loss: 19.3108, Entropy: 1.0739, Epsilon: 0.010
2026-04-19 02:04:31 | INFO | Episode 6682 - Reward: -200.000, Length: 200, Loss: 16.0973, Entropy: 1.0573, Epsilon: 0.010
2026-04-19 02:04:31 | INFO | Episode 6683 - Reward: -200.000, Length: 200, Loss: 12.9763, Entropy: 1.0752, Epsilon: 0.010
2026-04-19 02:04:31 | INFO | Episode 6684 - Reward: -200.000, Length: 200, Loss: 12.7119, Entropy: 1.0748, Epsilon: 0.010
2026-04-19 02:04:32 | INFO | Episode 6685 - Reward: -200.000, Length: 200, Loss: 16.3043, Entropy: 1.0829, Epsilon: 0.010
2026-04-19 02:04:32 | INFO | Episode 6686 - Reward: -200.000, Length: 200, Loss: 9.8225, Entropy: 1.0924, Epsilon: 0.010
2026-04-19 02:04:32 | INFO | Episode 6687 - Reward: -200.000, Length: 200, Loss: 3.2710, Entropy: 1.0924, Epsilon: 0.010
2026-04-19 02:04:33 | INFO | Episode 6688 - Reward: -200.000, Length: 200, Loss: 6.6119, Entropy: 1.0897, Epsilon: 0.010
2026-04-19 02:04:33 | INFO | Episode 6689 - Reward: -200.000, Length: 200, Loss: 29.0322, Entropy: 1.0751, Epsilon: 0.010
2026-04-19 02:04:34 | INFO | Episode 6690 - Reward: -200.000, Length: 200, Loss: 19.4990, Entropy: 1.0891, Epsilon: 0.010
2026-04-19 02:04:34 | INFO | Episode 6691 - Reward: -200.000, Length: 200, Loss: 19.8625, Entropy: 1.0756, Epsilon: 0.010
2026-04-19 02:04:34 | INFO | Episode 6692 - Reward: -200.000, Length: 200, Loss: 19.9636, Entropy: 1.0642, Epsilon: 0.010
2026-04-19 02:04:35 | INFO | Episode 6693 - Reward: -200.000, Length: 200, Loss: 10.1264, Entropy: 1.0701, Epsilon: 0.010
2026-04-19 02:04:35 | INFO | Episode 6694 - Reward: -200.000, Length: 200, Loss: 16.5293, Entropy: 1.0836, Epsilon: 0.010
2026-04-19 02:04:35 | INFO | Episode 6695 - Reward: -200.000, Length: 200, Loss: 23.1515, Entropy: 1.0567, Epsilon: 0.010
2026-04-19 02:04:36 | INFO | Episode 6696 - Reward: -200.000, Length: 200, Loss: 23.3763, Entropy: 1.0560, Epsilon: 0.010
2026-04-19 02:04:36 | INFO | Episode 6697 - Reward: -200.000, Length: 200, Loss: 13.2668, Entropy: 1.0858, Epsilon: 0.010
2026-04-19 02:04:37 | INFO | Episode 6698 - Reward: -200.000, Length: 200, Loss: 13.3287, Entropy: 1.0855, Epsilon: 0.010
2026-04-19 02:04:37 | INFO | Episode 6699 - Reward: -200.000, Length: 200, Loss: 6.7054, Entropy: 1.0908, Epsilon: 0.010
2026-04-19 02:04:37 | INFO | Episode 6700 - Reward: -200.000, Length: 200, Loss: 20.0383, Entropy: 1.0850, Epsilon: 0.010
2026-04-19 02:04:42 | INFO | [Episode 6700] eps=0.010  avg_reward=-200.000  avg_length=200.00  avg_loss= 16.7637  avg_entropy=1.0850  eval_success=0.000
2026-04-19 02:04:43 | INFO | Episode 6701 - Reward: -200.000, Length: 200, Loss: 6.6496, Entropy: 1.0865, Epsilon: 0.010
2026-04-19 02:04:43 | INFO | Episode 6702 - Reward: -200.000, Length: 200, Loss: 3.2514, Entropy: 1.0888, Epsilon: 0.010
2026-04-19 02:04:43 | INFO | Episode 6703 - Reward: -200.000, Length: 200, Loss: 13.0676, Entropy: 1.0918, Epsilon: 0.010
2026-04-19 02:04:44 | INFO | Episode 6704 - Reward: -200.000, Length: 200, Loss: 13.4664, Entropy: 1.0819, Epsilon: 0.010
2026-04-19 02:04:44 | INFO | Episode 6705 - Reward: -200.000, Length: 200, Loss: 13.4036, Entropy: 1.0729, Epsilon: 0.010
2026-04-19 02:04:44 | INFO | Episode 6706 - Reward: -200.000, Length: 200, Loss: 17.0777, Entropy: 1.0865, Epsilon: 0.010
2026-04-19 02:04:45 | INFO | Episode 6707 - Reward: -200.000, Length: 200, Loss: 16.9103, Entropy: 1.0730, Epsilon: 0.010
2026-04-19 02:04:45 | INFO | Episode 6708 - Reward: -200.000, Length: 200, Loss: 6.8160, Entropy: 1.0916, Epsilon: 0.010
2026-04-19 02:04:45 | INFO | Episode 6709 - Reward: -200.000, Length: 200, Loss: 6.8244, Entropy: 1.0922, Epsilon: 0.010
2026-04-19 02:04:46 | INFO | Episode 6710 - Reward: -200.000, Length: 200, Loss: 30.3756, Entropy: 1.0824, Epsilon: 0.010
2026-04-19 02:04:46 | INFO | Episode 6711 - Reward: -200.000, Length: 200, Loss: 19.9884, Entropy: 1.0751, Epsilon: 0.010
2026-04-19 02:04:47 | INFO | Episode 6712 - Reward: -200.000, Length: 200, Loss: 13.0835, Entropy: 1.0839, Epsilon: 0.010
2026-04-19 02:04:47 | INFO | Episode 6713 - Reward: -200.000, Length: 200, Loss: 16.7560, Entropy: 1.0821, Epsilon: 0.010
2026-04-19 02:04:47 | INFO | Episode 6714 - Reward: -200.000, Length: 200, Loss: 9.7772, Entropy: 1.0826, Epsilon: 0.010
2026-04-19 02:04:48 | INFO | Episode 6715 - Reward: -200.000, Length: 200, Loss: 19.9055, Entropy: 1.0873, Epsilon: 0.010
2026-04-19 02:04:48 | INFO | Episode 6716 - Reward: -200.000, Length: 200, Loss: 3.2455, Entropy: 1.0856, Epsilon: 0.010
2026-04-19 02:04:48 | INFO | Episode 6717 - Reward: -200.000, Length: 200, Loss: 16.4327, Entropy: 1.0780, Epsilon: 0.010
2026-04-19 02:04:49 | INFO | Episode 6718 - Reward: -200.000, Length: 200, Loss: 16.4847, Entropy: 1.0699, Epsilon: 0.010
2026-04-19 02:04:49 | INFO | Episode 6719 - Reward: -200.000, Length: 200, Loss: 6.3464, Entropy: 1.0866, Epsilon: 0.010
2026-04-19 02:04:49 | INFO | Episode 6720 - Reward: -200.000, Length: 200, Loss: 19.5920, Entropy: 1.0815, Epsilon: 0.010
2026-04-19 02:04:50 | INFO | Episode 6721 - Reward: -200.000, Length: 200, Loss: 23.0909, Entropy: 1.0875, Epsilon: 0.010
2026-04-19 02:04:50 | INFO | Episode 6722 - Reward: -200.000, Length: 200, Loss: 36.3688, Entropy: 1.0239, Epsilon: 0.010
2026-04-19 02:04:51 | INFO | Episode 6723 - Reward: -200.000, Length: 200, Loss: 6.9468, Entropy: 1.0623, Epsilon: 0.010
2026-04-19 02:04:51 | INFO | Episode 6724 - Reward: -200.000, Length: 200, Loss: 6.4847, Entropy: 1.0927, Epsilon: 0.010
2026-04-19 02:04:51 | INFO | Episode 6725 - Reward: -200.000, Length: 200, Loss: 16.7839, Entropy: 1.0746, Epsilon: 0.010
2026-04-19 02:04:52 | INFO | Episode 6726 - Reward: -200.000, Length: 200, Loss: 12.6726, Entropy: 1.0883, Epsilon: 0.010
2026-04-19 02:04:52 | INFO | Episode 6727 - Reward: -200.000, Length: 200, Loss: 22.7392, Entropy: 1.0781, Epsilon: 0.010
2026-04-19 02:04:52 | INFO | Episode 6728 - Reward: -200.000, Length: 200, Loss: 10.0703, Entropy: 1.0844, Epsilon: 0.010
2026-04-19 02:04:53 | INFO | Episode 6729 - Reward: -200.000, Length: 200, Loss: 23.0708, Entropy: 1.0808, Epsilon: 0.010
2026-04-19 02:04:53 | INFO | Episode 6730 - Reward: -200.000, Length: 200, Loss: 19.6006, Entropy: 1.0723, Epsilon: 0.010
2026-04-19 02:04:53 | INFO | Episode 6731 - Reward: -200.000, Length: 200, Loss: 9.8390, Entropy: 1.0861, Epsilon: 0.010
2026-04-19 02:04:54 | INFO | Episode 6732 - Reward: -200.000, Length: 200, Loss: 22.6995, Entropy: 1.0773, Epsilon: 0.010
2026-04-19 02:04:54 | INFO | Episode 6733 - Reward: -200.000, Length: 200, Loss: 29.6814, Entropy: 1.0661, Epsilon: 0.010
2026-04-19 02:04:55 | INFO | Episode 6734 - Reward: -200.000, Length: 200, Loss: 19.6352, Entropy: 1.0698, Epsilon: 0.010
2026-04-19 02:04:55 | INFO | Episode 6735 - Reward: -200.000, Length: 200, Loss: 22.6911, Entropy: 1.0759, Epsilon: 0.010
2026-04-19 02:04:55 | INFO | Episode 6736 - Reward: -200.000, Length: 200, Loss: 32.4647, Entropy: 1.0410, Epsilon: 0.010
2026-04-19 02:04:56 | INFO | Episode 6737 - Reward: -200.000, Length: 200, Loss: 6.4862, Entropy: 1.0739, Epsilon: 0.010
2026-04-19 02:04:56 | INFO | Episode 6738 - Reward: -200.000, Length: 200, Loss: 12.5283, Entropy: 1.0751, Epsilon: 0.010
2026-04-19 02:04:56 | INFO | Episode 6739 - Reward: -200.000, Length: 200, Loss: 9.4281, Entropy: 1.0856, Epsilon: 0.010
2026-04-19 02:04:57 | INFO | Episode 6740 - Reward: -200.000, Length: 200, Loss: 18.6207, Entropy: 1.0723, Epsilon: 0.010
2026-04-19 02:04:57 | INFO | Episode 6741 - Reward: -200.000, Length: 200, Loss: 31.1670, Entropy: 1.0847, Epsilon: 0.010
2026-04-19 02:04:57 | INFO | Episode 6742 - Reward: -200.000, Length: 200, Loss: 25.0439, Entropy: 1.0833, Epsilon: 0.010
2026-04-19 02:04:58 | INFO | Episode 6743 - Reward: -200.000, Length: 200, Loss: 15.3260, Entropy: 1.0838, Epsilon: 0.010
2026-04-19 02:04:58 | INFO | Episode 6744 - Reward: -200.000, Length: 200, Loss: 15.4118, Entropy: 1.0722, Epsilon: 0.010
2026-04-19 02:04:59 | INFO | Episode 6745 - Reward: -200.000, Length: 200, Loss: 12.4910, Entropy: 1.0606, Epsilon: 0.010
2026-04-19 02:04:59 | INFO | Episode 6746 - Reward: -200.000, Length: 200, Loss: 18.7316, Entropy: 1.0463, Epsilon: 0.010
2026-04-19 02:04:59 | INFO | Episode 6747 - Reward: -200.000, Length: 200, Loss: 18.3809, Entropy: 1.0676, Epsilon: 0.010
2026-04-19 02:05:00 | INFO | Episode 6748 - Reward: -200.000, Length: 200, Loss: 9.2130, Entropy: 1.0885, Epsilon: 0.010
2026-04-19 02:05:00 | INFO | Episode 6749 - Reward: -200.000, Length: 200, Loss: 21.4999, Entropy: 1.0833, Epsilon: 0.010
2026-04-19 02:05:00 | INFO | Episode 6750 - Reward: -200.000, Length: 200, Loss: 12.0321, Entropy: 1.0880, Epsilon: 0.010
2026-04-19 02:05:01 | INFO | Episode 6751 - Reward: -200.000, Length: 200, Loss: 24.7040, Entropy: 1.0850, Epsilon: 0.010
2026-04-19 02:05:01 | INFO | Episode 6752 - Reward: -200.000, Length: 200, Loss: 9.2318, Entropy: 1.0918, Epsilon: 0.010
2026-04-19 02:05:02 | INFO | Episode 6753 - Reward: -200.000, Length: 200, Loss: 6.2519, Entropy: 1.0917, Epsilon: 0.010
2026-04-19 02:05:02 | INFO | Episode 6754 - Reward: -200.000, Length: 200, Loss: 22.0660, Entropy: 1.0671, Epsilon: 0.010
2026-04-19 02:05:02 | INFO | Episode 6755 - Reward: -200.000, Length: 200, Loss: 31.3419, Entropy: 1.0615, Epsilon: 0.010
2026-04-19 02:05:03 | INFO | Episode 6756 - Reward: -200.000, Length: 200, Loss: 12.4204, Entropy: 1.0649, Epsilon: 0.010
2026-04-19 02:05:03 | INFO | Episode 6757 - Reward: -200.000, Length: 200, Loss: 6.2632, Entropy: 1.0695, Epsilon: 0.010
2026-04-19 02:05:03 | INFO | Episode 6758 - Reward: -200.000, Length: 200, Loss: 21.4353, Entropy: 1.0768, Epsilon: 0.010
2026-04-19 02:05:06 | INFO | Episode 6759 - Reward: -200.000, Length: 200, Loss: 8.8530, Entropy: 1.0718, Epsilon: 0.010
2026-04-19 02:05:06 | INFO | Episode 6760 - Reward: -200.000, Length: 200, Loss: 12.0175, Entropy: 1.0743, Epsilon: 0.010
2026-04-19 02:05:06 | INFO | Episode 6761 - Reward: -200.000, Length: 200, Loss: 21.3539, Entropy: 1.0736, Epsilon: 0.010
2026-04-19 02:05:07 | INFO | Episode 6762 - Reward: -200.000, Length: 200, Loss: 30.7265, Entropy: 1.0513, Epsilon: 0.010
2026-04-19 02:05:07 | INFO | Episode 6763 - Reward: -200.000, Length: 200, Loss: 2.9984, Entropy: 1.0858, Epsilon: 0.010
2026-04-19 02:05:07 | INFO | Episode 6764 - Reward: -200.000, Length: 200, Loss: 9.2594, Entropy: 1.0871, Epsilon: 0.010
2026-04-19 02:05:08 | INFO | Episode 6765 - Reward: -200.000, Length: 200, Loss: 9.2926, Entropy: 1.0824, Epsilon: 0.010
2026-04-19 02:05:08 | INFO | Episode 6766 - Reward: -200.000, Length: 200, Loss: 15.5206, Entropy: 1.0850, Epsilon: 0.010
2026-04-19 02:05:09 | INFO | Episode 6767 - Reward: -200.000, Length: 200, Loss: 15.4189, Entropy: 1.0825, Epsilon: 0.010
2026-04-19 02:05:09 | INFO | Episode 6768 - Reward: -200.000, Length: 200, Loss: 15.5168, Entropy: 1.0907, Epsilon: 0.010
2026-04-19 02:05:09 | INFO | Episode 6769 - Reward: -200.000, Length: 200, Loss: 9.4496, Entropy: 1.0856, Epsilon: 0.010
2026-04-19 02:05:10 | INFO | Episode 6770 - Reward: -200.000, Length: 200, Loss: 19.1021, Entropy: 1.0804, Epsilon: 0.010
2026-04-19 02:05:10 | INFO | Episode 6771 - Reward: -200.000, Length: 200, Loss: 9.3517, Entropy: 1.0546, Epsilon: 0.010
2026-04-19 02:05:10 | INFO | Episode 6772 - Reward: -200.000, Length: 200, Loss: 18.8522, Entropy: 1.0768, Epsilon: 0.010
2026-04-19 02:05:11 | INFO | Episode 6773 - Reward: -200.000, Length: 200, Loss: 9.2667, Entropy: 1.0896, Epsilon: 0.010
2026-04-19 02:05:11 | INFO | Episode 6774 - Reward: -200.000, Length: 200, Loss: 12.5915, Entropy: 1.0867, Epsilon: 0.010
2026-04-19 02:05:12 | INFO | Episode 6775 - Reward: -200.000, Length: 200, Loss: 18.9697, Entropy: 1.0756, Epsilon: 0.010
2026-04-19 02:05:12 | INFO | Episode 6776 - Reward: -200.000, Length: 200, Loss: 22.0554, Entropy: 1.0651, Epsilon: 0.010
2026-04-19 02:05:12 | INFO | Episode 6777 - Reward: -200.000, Length: 200, Loss: 6.2885, Entropy: 1.0809, Epsilon: 0.010
2026-04-19 02:05:13 | INFO | Episode 6778 - Reward: -200.000, Length: 200, Loss: 21.5972, Entropy: 1.0858, Epsilon: 0.010
2026-04-19 02:05:13 | INFO | Episode 6779 - Reward: -200.000, Length: 200, Loss: 15.3499, Entropy: 1.0721, Epsilon: 0.010
2026-04-19 02:05:13 | INFO | Episode 6780 - Reward: -200.000, Length: 200, Loss: 21.6732, Entropy: 1.0494, Epsilon: 0.010
2026-04-19 02:05:14 | INFO | Episode 6781 - Reward: -200.000, Length: 200, Loss: 18.5695, Entropy: 1.0875, Epsilon: 0.010
2026-04-19 02:05:14 | INFO | Episode 6782 - Reward: -200.000, Length: 200, Loss: 21.2476, Entropy: 1.0575, Epsilon: 0.010
2026-04-19 02:05:14 | INFO | Episode 6783 - Reward: -200.000, Length: 200, Loss: 9.2101, Entropy: 1.0841, Epsilon: 0.010
2026-04-19 02:05:15 | INFO | Episode 6784 - Reward: -200.000, Length: 200, Loss: 12.2243, Entropy: 1.0872, Epsilon: 0.010
2026-04-19 02:05:15 | INFO | Episode 6785 - Reward: -200.000, Length: 200, Loss: 15.5584, Entropy: 1.0831, Epsilon: 0.010
2026-04-19 02:05:16 | INFO | Episode 6786 - Reward: -200.000, Length: 200, Loss: 27.1696, Entropy: 1.0799, Epsilon: 0.010
2026-04-19 02:05:16 | INFO | Episode 6787 - Reward: -200.000, Length: 200, Loss: 21.2437, Entropy: 1.0818, Epsilon: 0.010
2026-04-19 02:05:16 | INFO | Episode 6788 - Reward: -200.000, Length: 200, Loss: 14.9779, Entropy: 1.0769, Epsilon: 0.010
2026-04-19 02:05:17 | INFO | Episode 6789 - Reward: -200.000, Length: 200, Loss: 15.2843, Entropy: 1.0854, Epsilon: 0.010
2026-04-19 02:05:17 | INFO | Episode 6790 - Reward: -200.000, Length: 200, Loss: 2.9748, Entropy: 1.0899, Epsilon: 0.010
2026-04-19 02:05:17 | INFO | Episode 6791 - Reward: -200.000, Length: 200, Loss: 12.2765, Entropy: 1.0887, Epsilon: 0.010
2026-04-19 02:05:18 | INFO | Episode 6792 - Reward: -200.000, Length: 200, Loss: 8.8170, Entropy: 1.0860, Epsilon: 0.010
2026-04-19 02:05:18 | INFO | Episode 6793 - Reward: -200.000, Length: 200, Loss: 5.9722, Entropy: 1.0841, Epsilon: 0.010
2026-04-19 02:05:18 | INFO | Episode 6794 - Reward: -200.000, Length: 200, Loss: 15.7359, Entropy: 1.0850, Epsilon: 0.010
2026-04-19 02:05:19 | INFO | Episode 6795 - Reward: -200.000, Length: 200, Loss: 25.1589, Entropy: 1.0639, Epsilon: 0.010
2026-04-19 02:05:19 | INFO | Episode 6796 - Reward: -200.000, Length: 200, Loss: 6.2155, Entropy: 1.0811, Epsilon: 0.010
2026-04-19 02:05:20 | INFO | Episode 6797 - Reward: -200.000, Length: 200, Loss: 18.3264, Entropy: 1.0872, Epsilon: 0.010
2026-04-19 02:05:20 | INFO | Episode 6798 - Reward: -200.000, Length: 200, Loss: 18.6204, Entropy: 1.0879, Epsilon: 0.010
2026-04-19 02:05:20 | INFO | Episode 6799 - Reward: -200.000, Length: 200, Loss: 36.8709, Entropy: 1.0413, Epsilon: 0.010
2026-04-19 02:05:21 | INFO | Episode 6800 - Reward: -200.000, Length: 200, Loss: 14.9801, Entropy: 1.0760, Epsilon: 0.010
2026-04-19 02:05:25 | INFO | [Episode 6800] eps=0.010  avg_reward=-200.000  avg_length=200.00  avg_loss= 15.9131  avg_entropy=1.0760  eval_success=0.000
2026-04-19 02:05:26 | INFO | Episode 6801 - Reward: -200.000, Length: 200, Loss: 24.8515, Entropy: 1.0784, Epsilon: 0.010
2026-04-19 02:05:26 | INFO | Episode 6802 - Reward: -200.000, Length: 200, Loss: 18.6403, Entropy: 1.0826, Epsilon: 0.010
2026-04-19 02:05:27 | INFO | Episode 6803 - Reward: -200.000, Length: 200, Loss: 15.5038, Entropy: 1.0846, Epsilon: 0.010
2026-04-19 02:05:27 | INFO | Episode 6804 - Reward: -200.000, Length: 200, Loss: 15.5155, Entropy: 1.0834, Epsilon: 0.010
2026-04-19 02:05:27 | INFO | Episode 6805 - Reward: -200.000, Length: 200, Loss: 12.3358, Entropy: 1.0875, Epsilon: 0.010
2026-04-19 02:05:28 | INFO | Episode 6806 - Reward: -200.000, Length: 200, Loss: 31.0259, Entropy: 1.0828, Epsilon: 0.010
2026-04-19 02:05:28 | INFO | Episode 6807 - Reward: -200.000, Length: 200, Loss: 12.3363, Entropy: 1.0837, Epsilon: 0.010
2026-04-19 02:05:28 | INFO | Episode 6808 - Reward: -200.000, Length: 200, Loss: 12.6520, Entropy: 1.0810, Epsilon: 0.010
2026-04-19 02:05:29 | INFO | Episode 6809 - Reward: -200.000, Length: 200, Loss: 25.0453, Entropy: 1.0854, Epsilon: 0.010
2026-04-19 02:05:29 | INFO | Episode 6810 - Reward: -200.000, Length: 200, Loss: 12.6017, Entropy: 1.0848, Epsilon: 0.010
2026-04-19 02:05:30 | INFO | Episode 6811 - Reward: -200.000, Length: 200, Loss: 27.8947, Entropy: 1.0538, Epsilon: 0.010
2026-04-19 02:05:30 | INFO | Episode 6812 - Reward: -200.000, Length: 200, Loss: 30.4635, Entropy: 1.0809, Epsilon: 0.010
2026-04-19 02:05:30 | INFO | Episode 6813 - Reward: -200.000, Length: 200, Loss: 27.4938, Entropy: 1.0684, Epsilon: 0.010
2026-04-19 02:05:31 | INFO | Episode 6814 - Reward: -200.000, Length: 200, Loss: 8.6381, Entropy: 1.0767, Epsilon: 0.010
2026-04-19 02:05:31 | INFO | Episode 6815 - Reward: -200.000, Length: 200, Loss: 17.5937, Entropy: 1.0662, Epsilon: 0.010
2026-04-19 02:05:31 | INFO | Episode 6816 - Reward: -200.000, Length: 200, Loss: 14.9430, Entropy: 1.0687, Epsilon: 0.010
2026-04-19 02:05:32 | INFO | Episode 6817 - Reward: -200.000, Length: 200, Loss: 8.7792, Entropy: 1.0873, Epsilon: 0.010
2026-04-19 02:05:32 | INFO | Episode 6818 - Reward: -200.000, Length: 200, Loss: 14.8376, Entropy: 1.0860, Epsilon: 0.010
2026-04-19 02:05:33 | INFO | Episode 6819 - Reward: -200.000, Length: 200, Loss: 18.1166, Entropy: 1.0886, Epsilon: 0.010
2026-04-19 02:05:33 | INFO | Episode 6820 - Reward: -200.000, Length: 200, Loss: 12.0340, Entropy: 1.0909, Epsilon: 0.010
2026-04-19 02:05:33 | INFO | Episode 6821 - Reward: -200.000, Length: 200, Loss: 9.1412, Entropy: 1.0852, Epsilon: 0.010
2026-04-19 02:05:34 | INFO | Episode 6822 - Reward: -200.000, Length: 200, Loss: 18.2628, Entropy: 1.0845, Epsilon: 0.010
2026-04-19 02:05:34 | INFO | Episode 6823 - Reward: -200.000, Length: 200, Loss: 9.1509, Entropy: 1.0907, Epsilon: 0.010
2026-04-19 02:05:34 | INFO | Episode 6824 - Reward: -200.000, Length: 200, Loss: 9.1253, Entropy: 1.0883, Epsilon: 0.010
2026-04-19 02:05:35 | INFO | Episode 6825 - Reward: -200.000, Length: 200, Loss: 27.0599, Entropy: 1.0437, Epsilon: 0.010
2026-04-19 02:05:35 | INFO | Episode 6826 - Reward: -200.000, Length: 200, Loss: 17.3340, Entropy: 1.0665, Epsilon: 0.010
2026-04-19 02:05:36 | INFO | Episode 6827 - Reward: -200.000, Length: 200, Loss: 20.0583, Entropy: 1.0686, Epsilon: 0.010
2026-04-19 02:05:36 | INFO | Episode 6828 - Reward: -200.000, Length: 200, Loss: 17.4724, Entropy: 1.0854, Epsilon: 0.010
2026-04-19 02:05:36 | INFO | Episode 6829 - Reward: -200.000, Length: 200, Loss: 17.5390, Entropy: 1.0651, Epsilon: 0.010
2026-04-19 02:05:37 | INFO | Episode 6830 - Reward: -200.000, Length: 200, Loss: 17.4867, Entropy: 1.0638, Epsilon: 0.010
2026-04-19 02:05:37 | INFO | Episode 6831 - Reward: -200.000, Length: 200, Loss: 20.1431, Entropy: 1.0709, Epsilon: 0.010
2026-04-19 02:05:37 | INFO | Episode 6832 - Reward: -200.000, Length: 200, Loss: 20.2272, Entropy: 1.0828, Epsilon: 0.010
2026-04-19 02:05:38 | INFO | Episode 6833 - Reward: -200.000, Length: 200, Loss: 20.2850, Entropy: 1.0834, Epsilon: 0.010
2026-04-19 02:05:38 | INFO | Episode 6834 - Reward: -200.000, Length: 200, Loss: 20.6372, Entropy: 1.0571, Epsilon: 0.010
2026-04-19 02:05:38 | INFO | Episode 6835 - Reward: -200.000, Length: 200, Loss: 17.6902, Entropy: 1.0538, Epsilon: 0.010
2026-04-19 02:05:39 | INFO | Episode 6836 - Reward: -200.000, Length: 200, Loss: 5.7745, Entropy: 1.0817, Epsilon: 0.010
2026-04-19 02:05:39 | INFO | Episode 6837 - Reward: -200.000, Length: 200, Loss: 14.4943, Entropy: 1.0804, Epsilon: 0.010
2026-04-19 02:05:40 | INFO | Episode 6838 - Reward: -200.000, Length: 200, Loss: 17.2076, Entropy: 1.0831, Epsilon: 0.010
2026-04-19 02:05:40 | INFO | Episode 6839 - Reward: -200.000, Length: 200, Loss: 2.8579, Entropy: 1.0901, Epsilon: 0.010
2026-04-19 02:05:40 | INFO | Episode 6840 - Reward: -200.000, Length: 200, Loss: 14.4153, Entropy: 1.0869, Epsilon: 0.010
2026-04-19 02:05:41 | INFO | Episode 6841 - Reward: -200.000, Length: 200, Loss: 29.2627, Entropy: 1.0806, Epsilon: 0.010
2026-04-19 02:05:41 | INFO | Episode 6842 - Reward: -200.000, Length: 200, Loss: 11.5472, Entropy: 1.0832, Epsilon: 0.010
2026-04-19 02:05:41 | INFO | Episode 6843 - Reward: -200.000, Length: 200, Loss: 14.7078, Entropy: 1.0741, Epsilon: 0.010
2026-04-19 02:05:42 | INFO | Episode 6844 - Reward: -200.000, Length: 200, Loss: 14.7692, Entropy: 1.0902, Epsilon: 0.010
2026-04-19 02:05:42 | INFO | Episode 6845 - Reward: -200.000, Length: 200, Loss: 8.9059, Entropy: 1.0821, Epsilon: 0.010
2026-04-19 02:05:42 | INFO | Episode 6846 - Reward: -200.000, Length: 200, Loss: 17.6133, Entropy: 1.0862, Epsilon: 0.010
2026-04-19 02:05:43 | INFO | Episode 6847 - Reward: -200.000, Length: 200, Loss: 11.7059, Entropy: 1.0669, Epsilon: 0.010
2026-04-19 02:05:43 | INFO | Episode 6848 - Reward: -200.000, Length: 200, Loss: 14.7730, Entropy: 1.0838, Epsilon: 0.010
2026-04-19 02:05:44 | INFO | Episode 6849 - Reward: -200.000, Length: 200, Loss: 11.9769, Entropy: 1.0832, Epsilon: 0.010
2026-04-19 02:05:44 | INFO | Episode 6850 - Reward: -200.000, Length: 200, Loss: 11.8766, Entropy: 1.0867, Epsilon: 0.010
2026-04-19 02:05:44 | INFO | Episode 6851 - Reward: -200.000, Length: 200, Loss: 17.8020, Entropy: 1.0801, Epsilon: 0.010
2026-04-19 02:05:45 | INFO | Episode 6852 - Reward: -200.000, Length: 200, Loss: 8.7905, Entropy: 1.0885, Epsilon: 0.010
2026-04-19 02:05:45 | INFO | Episode 6853 - Reward: -200.000, Length: 200, Loss: 12.0215, Entropy: 1.0909, Epsilon: 0.010
2026-04-19 02:05:46 | INFO | Episode 6854 - Reward: -200.000, Length: 200, Loss: 15.0942, Entropy: 1.0903, Epsilon: 0.010
2026-04-19 02:05:46 | INFO | Episode 6855 - Reward: -200.000, Length: 200, Loss: 14.7137, Entropy: 1.0835, Epsilon: 0.010
2026-04-19 02:05:46 | INFO | Episode 6856 - Reward: -200.000, Length: 200, Loss: 20.4974, Entropy: 1.0539, Epsilon: 0.010
2026-04-19 02:05:47 | INFO | Episode 6857 - Reward: -200.000, Length: 200, Loss: 20.5380, Entropy: 1.0647, Epsilon: 0.010
2026-04-19 02:05:47 | INFO | Episode 6858 - Reward: -200.000, Length: 200, Loss: 20.5505, Entropy: 1.0827, Epsilon: 0.010
2026-04-19 02:05:47 | INFO | Episode 6859 - Reward: -200.000, Length: 200, Loss: 8.5054, Entropy: 1.0824, Epsilon: 0.010
2026-04-19 02:05:48 | INFO | Episode 6860 - Reward: -200.000, Length: 200, Loss: 8.6764, Entropy: 1.0755, Epsilon: 0.010
2026-04-19 02:05:48 | INFO | Episode 6861 - Reward: -200.000, Length: 200, Loss: 8.6940, Entropy: 1.0905, Epsilon: 0.010
2026-04-19 02:05:48 | INFO | Episode 6862 - Reward: -200.000, Length: 200, Loss: 11.5782, Entropy: 1.0914, Epsilon: 0.010
2026-04-19 02:05:49 | INFO | Episode 6863 - Reward: -200.000, Length: 200, Loss: 8.7388, Entropy: 1.0911, Epsilon: 0.010
2026-04-19 02:05:49 | INFO | Episode 6864 - Reward: -200.000, Length: 200, Loss: 14.5494, Entropy: 1.0816, Epsilon: 0.010
2026-04-19 02:05:50 | INFO | Episode 6865 - Reward: -200.000, Length: 200, Loss: 11.4064, Entropy: 1.0859, Epsilon: 0.010
2026-04-19 02:05:50 | INFO | Episode 6866 - Reward: -200.000, Length: 200, Loss: 11.5134, Entropy: 1.0775, Epsilon: 0.010
2026-04-19 02:05:50 | INFO | Episode 6867 - Reward: -200.000, Length: 200, Loss: 31.8765, Entropy: 1.0737, Epsilon: 0.010
2026-04-19 02:05:51 | INFO | Episode 6868 - Reward: -200.000, Length: 200, Loss: 17.4657, Entropy: 1.0628, Epsilon: 0.010
2026-04-19 02:05:51 | INFO | Episode 6869 - Reward: -200.000, Length: 200, Loss: 23.5948, Entropy: 1.0715, Epsilon: 0.010
2026-04-19 02:05:51 | INFO | Episode 6870 - Reward: -200.000, Length: 200, Loss: 11.6782, Entropy: 1.0742, Epsilon: 0.010
2026-04-19 02:05:52 | INFO | Episode 6871 - Reward: -200.000, Length: 200, Loss: 17.5905, Entropy: 1.0813, Epsilon: 0.010
2026-04-19 02:05:52 | INFO | Episode 6872 - Reward: -200.000, Length: 200, Loss: 14.7468, Entropy: 1.0850, Epsilon: 0.010
2026-04-19 02:05:53 | INFO | Episode 6873 - Reward: -200.000, Length: 200, Loss: 8.9394, Entropy: 1.0887, Epsilon: 0.010
2026-04-19 02:05:53 | INFO | Episode 6874 - Reward: -200.000, Length: 200, Loss: 26.5028, Entropy: 1.0568, Epsilon: 0.010
2026-04-19 02:05:53 | INFO | Episode 6875 - Reward: -200.000, Length: 200, Loss: 14.7876, Entropy: 1.0905, Epsilon: 0.010
2026-04-19 02:05:54 | INFO | Episode 6876 - Reward: -200.000, Length: 200, Loss: 8.7887, Entropy: 1.0833, Epsilon: 0.010
2026-04-19 02:05:54 | INFO | Episode 6877 - Reward: -200.000, Length: 200, Loss: 14.6258, Entropy: 1.0858, Epsilon: 0.010
2026-04-19 02:05:54 | INFO | Episode 6878 - Reward: -200.000, Length: 200, Loss: 8.6989, Entropy: 1.0893, Epsilon: 0.010
2026-04-19 02:05:55 | INFO | Episode 6879 - Reward: -200.000, Length: 200, Loss: 17.8310, Entropy: 1.0861, Epsilon: 0.010
2026-04-19 02:05:55 | INFO | Episode 6880 - Reward: -200.000, Length: 200, Loss: 17.6377, Entropy: 1.0798, Epsilon: 0.010
2026-04-19 02:05:56 | INFO | Episode 6881 - Reward: -200.000, Length: 200, Loss: 14.0563, Entropy: 1.0621, Epsilon: 0.010
2026-04-19 02:05:56 | INFO | Episode 6882 - Reward: -200.000, Length: 200, Loss: 2.8826, Entropy: 1.0921, Epsilon: 0.010
2026-04-19 02:05:56 | INFO | Episode 6883 - Reward: -200.000, Length: 200, Loss: 17.2225, Entropy: 1.0884, Epsilon: 0.010
2026-04-19 02:05:57 | INFO | Episode 6884 - Reward: -200.000, Length: 200, Loss: 11.2979, Entropy: 1.0862, Epsilon: 0.010
2026-04-19 02:05:57 | INFO | Episode 6885 - Reward: -200.000, Length: 200, Loss: 16.7828, Entropy: 1.0713, Epsilon: 0.010
2026-04-19 02:05:57 | INFO | Episode 6886 - Reward: -200.000, Length: 200, Loss: 5.8096, Entropy: 1.0939, Epsilon: 0.010
2026-04-19 02:05:58 | INFO | Episode 6887 - Reward: -200.000, Length: 200, Loss: 17.4896, Entropy: 1.0794, Epsilon: 0.010
2026-04-19 02:05:58 | INFO | Episode 6888 - Reward: -200.000, Length: 200, Loss: 17.3120, Entropy: 1.0864, Epsilon: 0.010
2026-04-19 02:05:58 | INFO | Episode 6889 - Reward: -200.000, Length: 200, Loss: 25.5370, Entropy: 1.0674, Epsilon: 0.010
2026-04-19 02:05:59 | INFO | Episode 6890 - Reward: -200.000, Length: 200, Loss: 25.6565, Entropy: 1.0739, Epsilon: 0.010
2026-04-19 02:05:59 | INFO | Episode 6891 - Reward: -200.000, Length: 200, Loss: 22.6060, Entropy: 1.0692, Epsilon: 0.010
2026-04-19 02:05:59 | INFO | Episode 6892 - Reward: -200.000, Length: 200, Loss: 8.4900, Entropy: 1.0773, Epsilon: 0.010
2026-04-19 02:06:00 | INFO | Episode 6893 - Reward: -200.000, Length: 200, Loss: 16.4155, Entropy: 1.0767, Epsilon: 0.010
2026-04-19 02:06:00 | INFO | Episode 6894 - Reward: -200.000, Length: 200, Loss: 13.8930, Entropy: 1.0766, Epsilon: 0.010
2026-04-19 02:06:01 | INFO | Episode 6895 - Reward: -200.000, Length: 200, Loss: 2.7754, Entropy: 1.0848, Epsilon: 0.010
2026-04-19 02:06:01 | INFO | Episode 6896 - Reward: -200.000, Length: 200, Loss: 11.5403, Entropy: 1.0894, Epsilon: 0.010
2026-04-19 02:06:01 | INFO | Episode 6897 - Reward: -200.000, Length: 200, Loss: 25.5059, Entropy: 1.0760, Epsilon: 0.010
2026-04-19 02:06:02 | INFO | Episode 6898 - Reward: -200.000, Length: 200, Loss: 14.5711, Entropy: 1.0758, Epsilon: 0.010
2026-04-19 02:06:02 | INFO | Episode 6899 - Reward: -200.000, Length: 200, Loss: 23.0821, Entropy: 1.0911, Epsilon: 0.010
2026-04-19 02:06:02 | INFO | Episode 6900 - Reward: -200.000, Length: 200, Loss: 5.8284, Entropy: 1.0903, Epsilon: 0.010
2026-04-19 02:06:07 | INFO | [Episode 6900] eps=0.010  avg_reward=-200.000  avg_length=200.00  avg_loss= 15.7199  avg_entropy=1.0903  eval_success=0.000
2026-04-19 02:06:08 | INFO | Episode 6901 - Reward: -200.000, Length: 200, Loss: 14.9387, Entropy: 1.0735, Epsilon: 0.010
2026-04-19 02:06:08 | INFO | Episode 6902 - Reward: -200.000, Length: 200, Loss: 8.6001, Entropy: 1.0874, Epsilon: 0.010
2026-04-19 02:06:09 | INFO | Episode 6903 - Reward: -200.000, Length: 200, Loss: 8.7983, Entropy: 1.0868, Epsilon: 0.010
2026-04-19 02:06:09 | INFO | Episode 6904 - Reward: -200.000, Length: 200, Loss: 11.8536, Entropy: 1.0896, Epsilon: 0.010
2026-04-19 02:06:09 | INFO | Episode 6905 - Reward: -200.000, Length: 200, Loss: 44.1137, Entropy: 1.0533, Epsilon: 0.010
2026-04-19 02:06:10 | INFO | Episode 6906 - Reward: -200.000, Length: 200, Loss: 8.6825, Entropy: 1.0724, Epsilon: 0.010
2026-04-19 02:06:10 | INFO | Episode 6907 - Reward: -200.000, Length: 200, Loss: 11.7293, Entropy: 1.0867, Epsilon: 0.010
2026-04-19 02:06:10 | INFO | Episode 6908 - Reward: -200.000, Length: 200, Loss: 23.3046, Entropy: 1.0740, Epsilon: 0.010
2026-04-19 02:06:11 | INFO | Episode 6909 - Reward: -200.000, Length: 200, Loss: 14.6793, Entropy: 1.0704, Epsilon: 0.010
2026-04-19 02:06:11 | INFO | Episode 6910 - Reward: -200.000, Length: 200, Loss: 26.1041, Entropy: 1.0876, Epsilon: 0.010
2026-04-19 02:06:12 | INFO | Episode 6911 - Reward: -200.000, Length: 200, Loss: 14.5165, Entropy: 1.0854, Epsilon: 0.010
2026-04-19 02:06:12 | INFO | Episode 6912 - Reward: -200.000, Length: 200, Loss: 14.5231, Entropy: 1.0707, Epsilon: 0.010
2026-04-19 02:06:12 | INFO | Episode 6913 - Reward: -200.000, Length: 200, Loss: 11.6867, Entropy: 1.0782, Epsilon: 0.010
2026-04-19 02:06:13 | INFO | Episode 6914 - Reward: -200.000, Length: 200, Loss: 11.7775, Entropy: 1.0895, Epsilon: 0.010
2026-04-19 02:06:13 | INFO | Episode 6915 - Reward: -200.000, Length: 200, Loss: 20.5966, Entropy: 1.0729, Epsilon: 0.010
2026-04-19 02:06:13 | INFO | Episode 6916 - Reward: -200.000, Length: 200, Loss: 2.8933, Entropy: 1.0729, Epsilon: 0.010
2026-04-19 02:06:14 | INFO | Episode 6917 - Reward: -200.000, Length: 200, Loss: 11.7742, Entropy: 1.0792, Epsilon: 0.010
2026-04-19 02:06:14 | INFO | Episode 6918 - Reward: -200.000, Length: 200, Loss: 17.7120, Entropy: 1.0879, Epsilon: 0.010
2026-04-19 02:06:14 | INFO | Episode 6919 - Reward: -200.000, Length: 200, Loss: 8.9654, Entropy: 1.0895, Epsilon: 0.010
2026-04-19 02:06:15 | INFO | Episode 6920 - Reward: -200.000, Length: 200, Loss: 8.8232, Entropy: 1.0904, Epsilon: 0.010
2026-04-19 02:06:15 | INFO | Episode 6921 - Reward: -200.000, Length: 200, Loss: 11.8071, Entropy: 1.0927, Epsilon: 0.010
2026-04-19 02:06:16 | INFO | Episode 6922 - Reward: -200.000, Length: 200, Loss: 31.8436, Entropy: 1.0819, Epsilon: 0.010
2026-04-19 02:06:16 | INFO | Episode 6923 - Reward: -200.000, Length: 200, Loss: 11.8463, Entropy: 1.0824, Epsilon: 0.010
2026-04-19 02:06:16 | INFO | Episode 6924 - Reward: -200.000, Length: 200, Loss: 20.8976, Entropy: 1.0890, Epsilon: 0.010
2026-04-19 02:06:17 | INFO | Episode 6925 - Reward: -200.000, Length: 200, Loss: 11.3939, Entropy: 1.0608, Epsilon: 0.010
2026-04-19 02:06:17 | INFO | Episode 6926 - Reward: -200.000, Length: 200, Loss: 11.9849, Entropy: 1.0842, Epsilon: 0.010
2026-04-19 02:06:17 | INFO | Episode 6927 - Reward: -200.000, Length: 200, Loss: 26.4818, Entropy: 1.0886, Epsilon: 0.010
2026-04-19 02:06:18 | INFO | Episode 6928 - Reward: -200.000, Length: 200, Loss: 12.0593, Entropy: 1.0850, Epsilon: 0.010
2026-04-19 02:06:18 | INFO | Episode 6929 - Reward: -200.000, Length: 200, Loss: 26.6699, Entropy: 1.0717, Epsilon: 0.010
2026-04-19 02:06:19 | INFO | Episode 6930 - Reward: -200.000, Length: 200, Loss: 20.9138, Entropy: 1.0781, Epsilon: 0.010
2026-04-19 02:06:19 | INFO | Episode 6931 - Reward: -200.000, Length: 200, Loss: 17.3088, Entropy: 1.0795, Epsilon: 0.010
2026-04-19 02:06:19 | INFO | Episode 6932 - Reward: -200.000, Length: 200, Loss: 14.8066, Entropy: 1.0852, Epsilon: 0.010
2026-04-19 02:06:20 | INFO | Episode 6933 - Reward: -200.000, Length: 200, Loss: 17.5695, Entropy: 1.0535, Epsilon: 0.010
2026-04-19 02:06:20 | INFO | Episode 6934 - Reward: -200.000, Length: 200, Loss: 14.0839, Entropy: 1.0753, Epsilon: 0.010
2026-04-19 02:06:20 | INFO | Episode 6935 - Reward: -200.000, Length: 200, Loss: 5.8302, Entropy: 1.0868, Epsilon: 0.010
2026-04-19 02:06:21 | INFO | Episode 6936 - Reward: -200.000, Length: 200, Loss: 14.2003, Entropy: 1.0814, Epsilon: 0.010
2026-04-19 02:06:21 | INFO | Episode 6937 - Reward: -200.000, Length: 200, Loss: 23.2604, Entropy: 1.0810, Epsilon: 0.010
2026-04-19 02:06:21 | INFO | Episode 6938 - Reward: -200.000, Length: 200, Loss: 11.9821, Entropy: 1.0901, Epsilon: 0.010
2026-04-19 02:06:22 | INFO | Episode 6939 - Reward: -200.000, Length: 200, Loss: 26.8138, Entropy: 1.0794, Epsilon: 0.010
2026-04-19 02:06:22 | INFO | Episode 6940 - Reward: -200.000, Length: 200, Loss: 11.6583, Entropy: 1.0839, Epsilon: 0.010
2026-04-19 02:06:22 | INFO | Episode 6941 - Reward: -200.000, Length: 200, Loss: 29.8160, Entropy: 1.0757, Epsilon: 0.010
2026-04-19 02:06:23 | INFO | Episode 6942 - Reward: -200.000, Length: 200, Loss: 15.2600, Entropy: 1.0915, Epsilon: 0.010
2026-04-19 02:06:23 | INFO | Episode 6943 - Reward: -200.000, Length: 200, Loss: 17.7287, Entropy: 1.0822, Epsilon: 0.010
2026-04-19 02:06:24 | INFO | Episode 6944 - Reward: -200.000, Length: 200, Loss: 14.8696, Entropy: 1.0719, Epsilon: 0.010
2026-04-19 02:06:24 | INFO | Episode 6945 - Reward: -200.000, Length: 200, Loss: 14.8676, Entropy: 1.0808, Epsilon: 0.010
2026-04-19 02:06:24 | INFO | Episode 6946 - Reward: -200.000, Length: 200, Loss: 20.8369, Entropy: 1.0241, Epsilon: 0.010
2026-04-19 02:06:25 | INFO | Episode 6947 - Reward: -200.000, Length: 200, Loss: 8.7169, Entropy: 1.0790, Epsilon: 0.010
2026-04-19 02:06:25 | INFO | Episode 6948 - Reward: -200.000, Length: 200, Loss: 29.3109, Entropy: 1.0699, Epsilon: 0.010
2026-04-19 02:06:25 | INFO | Episode 6949 - Reward: -200.000, Length: 200, Loss: 17.0271, Entropy: 1.0522, Epsilon: 0.010
2026-04-19 02:06:26 | INFO | Episode 6950 - Reward: -200.000, Length: 200, Loss: 22.3889, Entropy: 1.0715, Epsilon: 0.010
2026-04-19 02:06:26 | INFO | Episode 6951 - Reward: -200.000, Length: 200, Loss: 27.1963, Entropy: 1.0057, Epsilon: 0.010
2026-04-19 02:06:27 | INFO | Episode 6952 - Reward: -200.000, Length: 200, Loss: 10.6191, Entropy: 1.0725, Epsilon: 0.010
2026-04-19 02:06:27 | INFO | Episode 6953 - Reward: -200.000, Length: 200, Loss: 10.8865, Entropy: 1.0800, Epsilon: 0.010
2026-04-19 02:06:27 | INFO | Episode 6954 - Reward: -200.000, Length: 200, Loss: 16.0917, Entropy: 1.0823, Epsilon: 0.010
2026-04-19 02:06:28 | INFO | Episode 6955 - Reward: -200.000, Length: 200, Loss: 16.1373, Entropy: 1.0854, Epsilon: 0.010
2026-04-19 02:06:28 | INFO | Episode 6956 - Reward: -200.000, Length: 200, Loss: 18.9596, Entropy: 1.0785, Epsilon: 0.010
2026-04-19 02:06:28 | INFO | Episode 6957 - Reward: -200.000, Length: 200, Loss: 5.3049, Entropy: 1.0924, Epsilon: 0.010
2026-04-19 02:06:29 | INFO | Episode 6958 - Reward: -200.000, Length: 200, Loss: 13.1556, Entropy: 1.0878, Epsilon: 0.010
2026-04-19 02:06:29 | INFO | Episode 6959 - Reward: -200.000, Length: 200, Loss: 29.9821, Entropy: 1.0762, Epsilon: 0.010
2026-04-19 02:06:29 | INFO | Episode 6960 - Reward: -200.000, Length: 200, Loss: 11.0193, Entropy: 1.0866, Epsilon: 0.010
2026-04-19 02:06:30 | INFO | Episode 6961 - Reward: -200.000, Length: 200, Loss: 37.5932, Entropy: 0.9901, Epsilon: 0.010
2026-04-19 02:06:30 | INFO | Episode 6962 - Reward: -200.000, Length: 200, Loss: 21.7192, Entropy: 1.0729, Epsilon: 0.010
2026-04-19 02:06:31 | INFO | Episode 6963 - Reward: -200.000, Length: 200, Loss: 19.2847, Entropy: 1.0782, Epsilon: 0.010
2026-04-19 02:06:31 | INFO | Episode 6964 - Reward: -200.000, Length: 200, Loss: 21.0464, Entropy: 1.0676, Epsilon: 0.010
2026-04-19 02:06:31 | INFO | Episode 6965 - Reward: -200.000, Length: 200, Loss: 23.2527, Entropy: 1.0792, Epsilon: 0.010
2026-04-19 02:06:32 | INFO | Episode 6966 - Reward: -200.000, Length: 200, Loss: 5.1022, Entropy: 1.0930, Epsilon: 0.010
2026-04-19 02:06:32 | INFO | Episode 6967 - Reward: -200.000, Length: 200, Loss: 12.7472, Entropy: 1.0890, Epsilon: 0.010
2026-04-19 02:06:32 | INFO | Episode 6968 - Reward: -200.000, Length: 200, Loss: 17.6394, Entropy: 1.0826, Epsilon: 0.010
2026-04-19 02:06:33 | INFO | Episode 6969 - Reward: -200.000, Length: 200, Loss: 2.5481, Entropy: 1.0884, Epsilon: 0.010
2026-04-19 02:06:33 | INFO | Episode 6970 - Reward: -200.000, Length: 200, Loss: 7.8834, Entropy: 1.0892, Epsilon: 0.010
2026-04-19 02:06:33 | INFO | Episode 6971 - Reward: -200.000, Length: 200, Loss: 7.5720, Entropy: 1.0861, Epsilon: 0.010
2026-04-19 02:06:34 | INFO | Episode 6972 - Reward: -200.000, Length: 200, Loss: 7.7278, Entropy: 1.0862, Epsilon: 0.010
2026-04-19 02:06:34 | INFO | Episode 6973 - Reward: -200.000, Length: 200, Loss: 2.6235, Entropy: 1.0938, Epsilon: 0.010
2026-04-19 02:06:35 | INFO | Episode 6974 - Reward: -200.000, Length: 200, Loss: 10.5303, Entropy: 1.0890, Epsilon: 0.010
2026-04-19 02:06:35 | INFO | Episode 6975 - Reward: -200.000, Length: 200, Loss: 16.3548, Entropy: 1.0817, Epsilon: 0.010
2026-04-19 02:06:35 | INFO | Episode 6976 - Reward: -200.000, Length: 200, Loss: 7.5973, Entropy: 1.0910, Epsilon: 0.010
2026-04-19 02:06:36 | INFO | Episode 6977 - Reward: -200.000, Length: 200, Loss: 10.5286, Entropy: 1.0782, Epsilon: 0.010
2026-04-19 02:06:36 | INFO | Episode 6978 - Reward: -200.000, Length: 200, Loss: 12.9393, Entropy: 1.0771, Epsilon: 0.010
2026-04-19 02:06:36 | INFO | Episode 6979 - Reward: -200.000, Length: 200, Loss: 15.8646, Entropy: 1.0916, Epsilon: 0.010
2026-04-19 02:06:37 | INFO | Episode 6980 - Reward: -200.000, Length: 200, Loss: 8.0111, Entropy: 1.0858, Epsilon: 0.010
2026-04-19 02:06:37 | INFO | Episode 6981 - Reward: -200.000, Length: 200, Loss: 10.3565, Entropy: 1.0919, Epsilon: 0.010
2026-04-19 02:06:37 | INFO | Episode 6982 - Reward: -200.000, Length: 200, Loss: 10.6078, Entropy: 1.0763, Epsilon: 0.010
2026-04-19 02:06:38 | INFO | Episode 6983 - Reward: -200.000, Length: 200, Loss: 10.6450, Entropy: 1.0727, Epsilon: 0.010
2026-04-19 02:06:38 | INFO | Episode 6984 - Reward: -200.000, Length: 200, Loss: 12.7990, Entropy: 1.0837, Epsilon: 0.010
2026-04-19 02:06:39 | INFO | Episode 6985 - Reward: -200.000, Length: 200, Loss: 7.6574, Entropy: 1.0827, Epsilon: 0.010
2026-04-19 02:06:39 | INFO | Episode 6986 - Reward: -200.000, Length: 200, Loss: 10.6979, Entropy: 1.0766, Epsilon: 0.010
2026-04-19 02:06:39 | INFO | Episode 6987 - Reward: -200.000, Length: 200, Loss: 13.5075, Entropy: 1.0838, Epsilon: 0.010
2026-04-19 02:06:40 | INFO | Episode 6988 - Reward: -200.000, Length: 200, Loss: 26.8620, Entropy: 1.0328, Epsilon: 0.010
2026-04-19 02:06:40 | INFO | Episode 6989 - Reward: -200.000, Length: 200, Loss: 13.6872, Entropy: 1.0827, Epsilon: 0.010
2026-04-19 02:06:40 | INFO | Episode 6990 - Reward: -200.000, Length: 200, Loss: 18.5531, Entropy: 1.0846, Epsilon: 0.010
2026-04-19 02:06:41 | INFO | Episode 6991 - Reward: -200.000, Length: 200, Loss: 13.3033, Entropy: 1.0875, Epsilon: 0.010
2026-04-19 02:06:41 | INFO | Episode 6992 - Reward: -200.000, Length: 200, Loss: 18.4332, Entropy: 1.0799, Epsilon: 0.010
2026-04-19 02:06:42 | INFO | Episode 6993 - Reward: -200.000, Length: 200, Loss: 18.6984, Entropy: 1.0915, Epsilon: 0.010
2026-04-19 02:06:42 | INFO | Episode 6994 - Reward: -200.000, Length: 200, Loss: 7.8806, Entropy: 1.0908, Epsilon: 0.010
2026-04-19 02:06:42 | INFO | Episode 6995 - Reward: -200.000, Length: 200, Loss: 2.6124, Entropy: 1.0905, Epsilon: 0.010
2026-04-19 02:06:43 | INFO | Episode 6996 - Reward: -200.000, Length: 200, Loss: 5.2491, Entropy: 1.0931, Epsilon: 0.010
2026-04-19 02:06:43 | INFO | Episode 6997 - Reward: -200.000, Length: 200, Loss: 21.2356, Entropy: 1.0754, Epsilon: 0.010
2026-04-19 02:06:43 | INFO | Episode 6998 - Reward: -200.000, Length: 200, Loss: 8.0607, Entropy: 1.0851, Epsilon: 0.010
2026-04-19 02:06:44 | INFO | Episode 6999 - Reward: -200.000, Length: 200, Loss: 5.4925, Entropy: 1.0920, Epsilon: 0.010
2026-04-19 02:06:44 | INFO | Episode 7000 - Reward: -200.000, Length: 200, Loss: 13.4610, Entropy: 1.0830, Epsilon: 0.010
2026-04-19 02:06:49 | INFO | [Episode 7000] eps=0.010  avg_reward=-200.000  avg_length=200.00  avg_loss= 15.0803  avg_entropy=1.0830  eval_success=0.000
2026-04-19 02:06:49 | INFO | Episode 7001 - Reward: -200.000, Length: 200, Loss: 13.4952, Entropy: 1.0810, Epsilon: 0.010
2026-04-19 02:06:50 | INFO | Episode 7002 - Reward: -200.000, Length: 200, Loss: 22.1256, Entropy: 1.0616, Epsilon: 0.010
2026-04-19 02:06:50 | INFO | Episode 7003 - Reward: -200.000, Length: 200, Loss: 19.3522, Entropy: 1.0855, Epsilon: 0.010
2026-04-19 02:06:50 | INFO | Episode 7004 - Reward: -200.000, Length: 200, Loss: 8.3555, Entropy: 1.0889, Epsilon: 0.010
2026-04-19 02:06:51 | INFO | Episode 7005 - Reward: -200.000, Length: 200, Loss: 8.3100, Entropy: 1.0865, Epsilon: 0.010
2026-04-19 02:06:51 | INFO | Episode 7006 - Reward: -200.000, Length: 200, Loss: 11.4100, Entropy: 1.0802, Epsilon: 0.010
2026-04-19 02:06:52 | INFO | Episode 7007 - Reward: -200.000, Length: 200, Loss: 8.3016, Entropy: 1.0861, Epsilon: 0.010
2026-04-19 02:06:52 | INFO | Episode 7008 - Reward: -200.000, Length: 200, Loss: 5.6641, Entropy: 1.0928, Epsilon: 0.010
2026-04-19 02:06:52 | INFO | Episode 7009 - Reward: -200.000, Length: 200, Loss: 5.5978, Entropy: 1.0892, Epsilon: 0.010
2026-04-19 02:06:53 | INFO | Episode 7010 - Reward: -200.000, Length: 200, Loss: 20.3279, Entropy: 1.0609, Epsilon: 0.010
2026-04-19 02:06:53 | INFO | Episode 7011 - Reward: -200.000, Length: 200, Loss: 14.1898, Entropy: 1.0892, Epsilon: 0.010
2026-04-19 02:06:53 | INFO | Episode 7012 - Reward: -200.000, Length: 200, Loss: 26.0903, Entropy: 1.0708, Epsilon: 0.010
2026-04-19 02:06:54 | INFO | Episode 7013 - Reward: -200.000, Length: 200, Loss: 17.3784, Entropy: 1.0886, Epsilon: 0.010
2026-04-19 02:06:54 | INFO | Episode 7014 - Reward: -200.000, Length: 200, Loss: 11.5523, Entropy: 1.0846, Epsilon: 0.010
2026-04-19 02:06:55 | INFO | Episode 7015 - Reward: -200.000, Length: 200, Loss: 8.8098, Entropy: 1.0898, Epsilon: 0.010
2026-04-19 02:06:55 | INFO | Episode 7016 - Reward: -200.000, Length: 200, Loss: 17.6831, Entropy: 1.0870, Epsilon: 0.010
2026-04-19 02:06:55 | INFO | Episode 7017 - Reward: -200.000, Length: 200, Loss: 14.8811, Entropy: 1.0610, Epsilon: 0.010
2026-04-19 02:06:56 | INFO | Episode 7018 - Reward: -200.000, Length: 200, Loss: 20.5965, Entropy: 1.0671, Epsilon: 0.010
2026-04-19 02:06:56 | INFO | Episode 7019 - Reward: -200.000, Length: 200, Loss: 17.1902, Entropy: 1.0828, Epsilon: 0.010
2026-04-19 02:06:56 | INFO | Episode 7020 - Reward: -200.000, Length: 200, Loss: -0.0630, Entropy: 1.0923, Epsilon: 0.010
2026-04-19 02:06:57 | INFO | Episode 7021 - Reward: -200.000, Length: 200, Loss: 31.3403, Entropy: 1.0618, Epsilon: 0.010
2026-04-19 02:06:57 | INFO | Episode 7022 - Reward: -200.000, Length: 200, Loss: 6.2291, Entropy: 1.0907, Epsilon: 0.010
2026-04-19 02:06:57 | INFO | Episode 7023 - Reward: -200.000, Length: 200, Loss: 11.7478, Entropy: 1.0913, Epsilon: 0.010
2026-04-19 02:06:58 | INFO | Episode 7024 - Reward: -200.000, Length: 200, Loss: 17.9083, Entropy: 1.0786, Epsilon: 0.010
2026-04-19 02:06:58 | INFO | Episode 7025 - Reward: -200.000, Length: 200, Loss: 8.8137, Entropy: 1.0873, Epsilon: 0.010
2026-04-19 02:06:58 | INFO | Episode 7026 - Reward: -200.000, Length: 200, Loss: 2.9704, Entropy: 1.0910, Epsilon: 0.010
2026-04-19 02:06:59 | INFO | Episode 7027 - Reward: -200.000, Length: 200, Loss: 8.7304, Entropy: 1.0864, Epsilon: 0.010
2026-04-19 02:06:59 | INFO | Episode 7028 - Reward: -200.000, Length: 200, Loss: 11.9175, Entropy: 1.0568, Epsilon: 0.010
2026-04-19 02:07:00 | INFO | Episode 7029 - Reward: -200.000, Length: 200, Loss: 27.1046, Entropy: 1.0787, Epsilon: 0.010
2026-04-19 02:07:00 | INFO | Episode 7030 - Reward: -200.000, Length: 200, Loss: 6.1233, Entropy: 1.0896, Epsilon: 0.010
2026-04-19 02:07:00 | INFO | Episode 7031 - Reward: -200.000, Length: 200, Loss: 5.9289, Entropy: 1.0886, Epsilon: 0.010
2026-04-19 02:07:01 | INFO | Episode 7032 - Reward: -200.000, Length: 200, Loss: 12.0293, Entropy: 1.0886, Epsilon: 0.010
2026-04-19 02:07:01 | INFO | Episode 7033 - Reward: -200.000, Length: 200, Loss: 27.7174, Entropy: 1.0755, Epsilon: 0.010
2026-04-19 02:07:01 | INFO | Episode 7034 - Reward: -200.000, Length: 200, Loss: 24.3618, Entropy: 1.0181, Epsilon: 0.010
2026-04-19 02:07:02 | INFO | Episode 7035 - Reward: -200.000, Length: 200, Loss: 17.9088, Entropy: 1.0560, Epsilon: 0.010
2026-04-19 02:07:02 | INFO | Episode 7036 - Reward: -200.000, Length: 200, Loss: 18.3673, Entropy: 1.0672, Epsilon: 0.010
2026-04-19 02:07:02 | INFO | Episode 7037 - Reward: -200.000, Length: 200, Loss: 14.9754, Entropy: 1.0809, Epsilon: 0.010
2026-04-19 02:07:03 | INFO | Episode 7038 - Reward: -200.000, Length: 200, Loss: 9.0834, Entropy: 1.0843, Epsilon: 0.010
2026-04-19 02:07:03 | INFO | Episode 7039 - Reward: -200.000, Length: 200, Loss: 17.4666, Entropy: 1.0601, Epsilon: 0.010
2026-04-19 02:07:04 | INFO | Episode 7040 - Reward: -200.000, Length: 200, Loss: 20.4375, Entropy: 1.0822, Epsilon: 0.010
2026-04-19 02:07:04 | INFO | Episode 7041 - Reward: -200.000, Length: 200, Loss: 20.6726, Entropy: 1.0723, Epsilon: 0.010
2026-04-19 02:07:04 | INFO | Episode 7042 - Reward: -200.000, Length: 200, Loss: 2.9395, Entropy: 1.0938, Epsilon: 0.010
2026-04-19 02:07:05 | INFO | Episode 7043 - Reward: -200.000, Length: 200, Loss: -0.0807, Entropy: 1.0932, Epsilon: 0.010
2026-04-19 02:07:05 | INFO | Episode 7044 - Reward: -200.000, Length: 200, Loss: 15.1614, Entropy: 1.0768, Epsilon: 0.010
2026-04-19 02:07:05 | INFO | Episode 7045 - Reward: -200.000, Length: 200, Loss: 6.0288, Entropy: 1.0797, Epsilon: 0.010
2026-04-19 02:07:06 | INFO | Episode 7046 - Reward: -200.000, Length: 200, Loss: 20.6670, Entropy: 1.0366, Epsilon: 0.010
2026-04-19 02:07:06 | INFO | Episode 7047 - Reward: -200.000, Length: 200, Loss: 11.9015, Entropy: 1.0836, Epsilon: 0.010
2026-04-19 02:07:06 | INFO | Episode 7048 - Reward: -200.000, Length: 200, Loss: 14.6822, Entropy: 1.0765, Epsilon: 0.010
2026-04-19 02:07:07 | INFO | Episode 7049 - Reward: -200.000, Length: 200, Loss: 20.4137, Entropy: 1.0656, Epsilon: 0.010
2026-04-19 02:07:07 | INFO | Episode 7050 - Reward: -200.000, Length: 200, Loss: 17.7227, Entropy: 1.0804, Epsilon: 0.010
2026-04-19 02:07:08 | INFO | Episode 7051 - Reward: -200.000, Length: 200, Loss: 14.3647, Entropy: 1.0899, Epsilon: 0.010
2026-04-19 02:07:08 | INFO | Episode 7052 - Reward: -200.000, Length: 200, Loss: 14.1986, Entropy: 1.0798, Epsilon: 0.010
2026-04-19 02:07:08 | INFO | Episode 7053 - Reward: -200.000, Length: 200, Loss: 11.3848, Entropy: 1.0844, Epsilon: 0.010
2026-04-19 02:07:09 | INFO | Episode 7054 - Reward: -200.000, Length: 200, Loss: 20.4322, Entropy: 1.0858, Epsilon: 0.010
2026-04-19 02:07:09 | INFO | Episode 7055 - Reward: -200.000, Length: 200, Loss: 20.5478, Entropy: 1.0877, Epsilon: 0.010
2026-04-19 02:07:09 | INFO | Episode 7056 - Reward: -200.000, Length: 200, Loss: 17.8702, Entropy: 1.0551, Epsilon: 0.010
2026-04-19 02:07:10 | INFO | Episode 7057 - Reward: -200.000, Length: 200, Loss: 8.7063, Entropy: 1.0778, Epsilon: 0.010
2026-04-19 02:07:10 | INFO | Episode 7058 - Reward: -200.000, Length: 200, Loss: 8.6842, Entropy: 1.0904, Epsilon: 0.010
2026-04-19 02:07:11 | INFO | Episode 7059 - Reward: -200.000, Length: 200, Loss: 5.7844, Entropy: 1.0893, Epsilon: 0.010
2026-04-19 02:07:11 | INFO | Episode 7060 - Reward: -200.000, Length: 200, Loss: 17.8707, Entropy: 1.0843, Epsilon: 0.010
2026-04-19 02:07:11 | INFO | Episode 7061 - Reward: -200.000, Length: 200, Loss: 5.8930, Entropy: 1.0743, Epsilon: 0.010
2026-04-19 02:07:12 | INFO | Episode 7062 - Reward: -200.000, Length: 200, Loss: 11.7720, Entropy: 1.0825, Epsilon: 0.010
2026-04-19 02:07:12 | INFO | Episode 7063 - Reward: -200.000, Length: 200, Loss: 17.6457, Entropy: 1.0793, Epsilon: 0.010
2026-04-19 02:07:12 | INFO | Episode 7064 - Reward: -200.000, Length: 200, Loss: 8.8757, Entropy: 1.0882, Epsilon: 0.010
2026-04-19 02:07:13 | INFO | Episode 7065 - Reward: -200.000, Length: 200, Loss: 8.9459, Entropy: 1.0878, Epsilon: 0.010
2026-04-19 02:07:13 | INFO | Episode 7066 - Reward: -200.000, Length: 200, Loss: 8.9443, Entropy: 1.0863, Epsilon: 0.010
2026-04-19 02:07:14 | INFO | Episode 7067 - Reward: -200.000, Length: 200, Loss: 12.1095, Entropy: 1.0837, Epsilon: 0.010
2026-04-19 02:07:14 | INFO | Episode 7068 - Reward: -200.000, Length: 200, Loss: 11.8965, Entropy: 1.0894, Epsilon: 0.010
2026-04-19 02:07:14 | INFO | Episode 7069 - Reward: -200.000, Length: 200, Loss: 12.2827, Entropy: 1.0579, Epsilon: 0.010
2026-04-19 02:07:15 | INFO | Episode 7070 - Reward: -200.000, Length: 200, Loss: 6.0017, Entropy: 1.0869, Epsilon: 0.010
2026-04-19 02:07:15 | INFO | Episode 7071 - Reward: -200.000, Length: 200, Loss: 27.1424, Entropy: 1.0635, Epsilon: 0.010
2026-04-19 02:07:15 | INFO | Episode 7072 - Reward: -200.000, Length: 200, Loss: 15.1943, Entropy: 1.0743, Epsilon: 0.010
2026-04-19 02:07:16 | INFO | Episode 7073 - Reward: -200.000, Length: 200, Loss: 11.8438, Entropy: 1.0901, Epsilon: 0.010
2026-04-19 02:07:16 | INFO | Episode 7074 - Reward: -200.000, Length: 200, Loss: 21.4311, Entropy: 1.0684, Epsilon: 0.010
2026-04-19 02:07:16 | INFO | Episode 7075 - Reward: -200.000, Length: 200, Loss: 15.2030, Entropy: 1.0672, Epsilon: 0.010
2026-04-19 02:07:17 | INFO | Episode 7076 - Reward: -200.000, Length: 200, Loss: 18.4267, Entropy: 1.0610, Epsilon: 0.010
2026-04-19 02:07:17 | INFO | Episode 7077 - Reward: -200.000, Length: 200, Loss: 18.2418, Entropy: 1.0554, Epsilon: 0.010
2026-04-19 02:07:18 | INFO | Episode 7078 - Reward: -200.000, Length: 200, Loss: 24.7753, Entropy: 1.0631, Epsilon: 0.010
2026-04-19 02:07:18 | INFO | Episode 7079 - Reward: -200.000, Length: 200, Loss: 14.8581, Entropy: 1.0884, Epsilon: 0.010
2026-04-19 02:07:18 | INFO | Episode 7080 - Reward: -200.000, Length: 200, Loss: 8.9494, Entropy: 1.0862, Epsilon: 0.010
2026-04-19 02:07:19 | INFO | Episode 7081 - Reward: -200.000, Length: 200, Loss: 11.8140, Entropy: 1.0620, Epsilon: 0.010
2026-04-19 02:07:19 | INFO | Episode 7082 - Reward: -200.000, Length: 200, Loss: 11.7295, Entropy: 1.0866, Epsilon: 0.010
2026-04-19 02:07:19 | INFO | Episode 7083 - Reward: -200.000, Length: 200, Loss: 23.0754, Entropy: 1.0607, Epsilon: 0.010
2026-04-19 02:07:20 | INFO | Episode 7084 - Reward: -200.000, Length: 200, Loss: 9.0383, Entropy: 1.0844, Epsilon: 0.010
2026-04-19 02:07:20 | INFO | Episode 7085 - Reward: -200.000, Length: 200, Loss: 8.9988, Entropy: 1.0732, Epsilon: 0.010
2026-04-19 02:07:20 | INFO | Episode 7086 - Reward: -200.000, Length: 200, Loss: 9.1247, Entropy: 1.0802, Epsilon: 0.010
2026-04-19 02:07:21 | INFO | Episode 7087 - Reward: -200.000, Length: 200, Loss: 8.5588, Entropy: 1.0786, Epsilon: 0.010
2026-04-19 02:07:21 | INFO | Episode 7088 - Reward: -200.000, Length: 200, Loss: 17.9117, Entropy: 1.0795, Epsilon: 0.010
2026-04-19 02:07:22 | INFO | Episode 7089 - Reward: -200.000, Length: 200, Loss: 9.0394, Entropy: 1.0902, Epsilon: 0.010
2026-04-19 02:07:22 | INFO | Episode 7090 - Reward: -200.000, Length: 200, Loss: 8.9867, Entropy: 1.0919, Epsilon: 0.010
2026-04-19 02:07:22 | INFO | Episode 7091 - Reward: -200.000, Length: 200, Loss: 30.2565, Entropy: 1.0811, Epsilon: 0.010
2026-04-19 02:07:23 | INFO | Episode 7092 - Reward: -200.000, Length: 200, Loss: 6.0542, Entropy: 1.0861, Epsilon: 0.010
2026-04-19 02:07:23 | INFO | Episode 7093 - Reward: -200.000, Length: 200, Loss: 12.2975, Entropy: 1.0758, Epsilon: 0.010
2026-04-19 02:07:23 | INFO | Episode 7094 - Reward: -200.000, Length: 200, Loss: 12.2261, Entropy: 1.0801, Epsilon: 0.010
2026-04-19 02:07:24 | INFO | Episode 7095 - Reward: -200.000, Length: 200, Loss: 6.1528, Entropy: 1.0896, Epsilon: 0.010
2026-04-19 02:07:24 | INFO | Episode 7096 - Reward: -200.000, Length: 200, Loss: 9.2627, Entropy: 1.0899, Epsilon: 0.010
2026-04-19 02:07:24 | INFO | Episode 7097 - Reward: -200.000, Length: 200, Loss: 15.5492, Entropy: 1.0881, Epsilon: 0.010
2026-04-19 02:07:25 | INFO | Episode 7098 - Reward: -200.000, Length: 200, Loss: 18.6949, Entropy: 1.0732, Epsilon: 0.010
2026-04-19 02:07:27 | INFO | Episode 7099 - Reward: -200.000, Length: 200, Loss: 25.2005, Entropy: 1.0320, Epsilon: 0.010
2026-04-19 02:07:27 | INFO | Episode 7100 - Reward: -200.000, Length: 200, Loss: 9.4425, Entropy: 1.0426, Epsilon: 0.010
2026-04-19 02:07:32 | INFO | [Episode 7100] eps=0.010  avg_reward=-200.000  avg_length=200.00  avg_loss= 13.8621  avg_entropy=1.0426  eval_success=0.000
2026-04-19 02:07:33 | INFO | Episode 7101 - Reward: -200.000, Length: 200, Loss: 15.4606, Entropy: 1.0673, Epsilon: 0.010
2026-04-19 02:07:33 | INFO | Episode 7102 - Reward: -200.000, Length: 200, Loss: 15.4996, Entropy: 1.0828, Epsilon: 0.010
2026-04-19 02:07:33 | INFO | Episode 7103 - Reward: -200.000, Length: 200, Loss: 6.2027, Entropy: 1.0758, Epsilon: 0.010
2026-04-19 02:07:34 | INFO | Episode 7104 - Reward: -200.000, Length: 200, Loss: 21.9172, Entropy: 1.0629, Epsilon: 0.010
2026-04-19 02:07:34 | INFO | Episode 7105 - Reward: -200.000, Length: 200, Loss: 12.4815, Entropy: 1.0786, Epsilon: 0.010
2026-04-19 02:07:34 | INFO | Episode 7106 - Reward: -200.000, Length: 200, Loss: 18.3180, Entropy: 1.0758, Epsilon: 0.010
2026-04-19 02:07:35 | INFO | Episode 7107 - Reward: -200.000, Length: 200, Loss: 21.6862, Entropy: 1.0775, Epsilon: 0.010
2026-04-19 02:07:35 | INFO | Episode 7108 - Reward: -200.000, Length: 200, Loss: 18.4090, Entropy: 1.0717, Epsilon: 0.010
2026-04-19 02:07:36 | INFO | Episode 7109 - Reward: -200.000, Length: 200, Loss: 21.3885, Entropy: 1.0391, Epsilon: 0.010
2026-04-19 02:07:36 | INFO | Episode 7110 - Reward: -200.000, Length: 200, Loss: 18.3374, Entropy: 1.0513, Epsilon: 0.010
2026-04-19 02:07:36 | INFO | Episode 7111 - Reward: -200.000, Length: 200, Loss: 12.2210, Entropy: 1.0932, Epsilon: 0.010
2026-04-19 02:07:37 | INFO | Episode 7112 - Reward: -200.000, Length: 200, Loss: 9.3168, Entropy: 1.0898, Epsilon: 0.010
2026-04-19 02:07:37 | INFO | Episode 7113 - Reward: -200.000, Length: 200, Loss: 33.7314, Entropy: 1.0602, Epsilon: 0.010
2026-04-19 02:07:37 | INFO | Episode 7114 - Reward: -200.000, Length: 200, Loss: 20.9088, Entropy: 1.0566, Epsilon: 0.010
2026-04-19 02:07:38 | INFO | Episode 7115 - Reward: -200.000, Length: 200, Loss: 3.1349, Entropy: 1.0671, Epsilon: 0.010
2026-04-19 02:07:38 | INFO | Episode 7116 - Reward: -200.000, Length: 200, Loss: 11.9862, Entropy: 1.0827, Epsilon: 0.010
2026-04-19 02:07:38 | INFO | Episode 7117 - Reward: -200.000, Length: 200, Loss: 18.5081, Entropy: 1.0692, Epsilon: 0.010
2026-04-19 02:07:39 | INFO | Episode 7118 - Reward: -200.000, Length: 200, Loss: 15.2470, Entropy: 1.0613, Epsilon: 0.010
2026-04-19 02:07:39 | INFO | Episode 7119 - Reward: -200.000, Length: 200, Loss: 18.4392, Entropy: 1.0618, Epsilon: 0.010
2026-04-19 02:07:40 | INFO | Episode 7120 - Reward: -200.000, Length: 200, Loss: 6.1097, Entropy: 1.0741, Epsilon: 0.010
2026-04-19 02:07:40 | INFO | Episode 7121 - Reward: -200.000, Length: 200, Loss: 18.6751, Entropy: 1.0520, Epsilon: 0.010
2026-04-19 02:07:40 | INFO | Episode 7122 - Reward: -200.000, Length: 200, Loss: 15.4249, Entropy: 1.0864, Epsilon: 0.010
2026-04-19 02:07:41 | INFO | Episode 7123 - Reward: -200.000, Length: 200, Loss: 15.4080, Entropy: 1.0695, Epsilon: 0.010
2026-04-19 02:07:41 | INFO | Episode 7124 - Reward: -200.000, Length: 200, Loss: 3.0783, Entropy: 1.0881, Epsilon: 0.010
2026-04-19 02:07:41 | INFO | Episode 7125 - Reward: -200.000, Length: 200, Loss: 15.5100, Entropy: 1.0888, Epsilon: 0.010
2026-04-19 02:07:42 | INFO | Episode 7126 - Reward: -200.000, Length: 200, Loss: 22.2549, Entropy: 1.0633, Epsilon: 0.010
2026-04-19 02:07:42 | INFO | Episode 7127 - Reward: -200.000, Length: 200, Loss: 18.8092, Entropy: 1.0592, Epsilon: 0.010
2026-04-19 02:07:43 | INFO | Episode 7128 - Reward: -200.000, Length: 200, Loss: 9.3585, Entropy: 1.0858, Epsilon: 0.010
2026-04-19 02:07:43 | INFO | Episode 7129 - Reward: -200.000, Length: 200, Loss: 29.1341, Entropy: 1.0832, Epsilon: 0.010
2026-04-19 02:07:43 | INFO | Episode 7130 - Reward: -200.000, Length: 200, Loss: 3.1769, Entropy: 1.0875, Epsilon: 0.010
2026-04-19 02:07:44 | INFO | Episode 7131 - Reward: -200.000, Length: 200, Loss: 19.4166, Entropy: 1.0750, Epsilon: 0.010
2026-04-19 02:07:44 | INFO | Episode 7132 - Reward: -200.000, Length: 200, Loss: 25.7842, Entropy: 1.0777, Epsilon: 0.010
2026-04-19 02:07:44 | INFO | Episode 7133 - Reward: -200.000, Length: 200, Loss: 6.4353, Entropy: 1.0807, Epsilon: 0.010
2026-04-19 02:07:45 | INFO | Episode 7134 - Reward: -200.000, Length: 200, Loss: 9.8229, Entropy: 1.0897, Epsilon: 0.010
2026-04-19 02:07:45 | INFO | Episode 7135 - Reward: -200.000, Length: 200, Loss: 25.9862, Entropy: 1.0817, Epsilon: 0.010
2026-04-19 02:07:45 | INFO | Episode 7136 - Reward: -200.000, Length: 200, Loss: 9.7614, Entropy: 1.0826, Epsilon: 0.010
2026-04-19 02:07:46 | INFO | Episode 7137 - Reward: -200.000, Length: 200, Loss: 35.3758, Entropy: 1.0683, Epsilon: 0.010
2026-04-19 02:07:46 | INFO | Episode 7138 - Reward: -200.000, Length: 200, Loss: 13.1578, Entropy: 1.0796, Epsilon: 0.010
2026-04-19 02:07:47 | INFO | Episode 7139 - Reward: -200.000, Length: 200, Loss: 22.5388, Entropy: 1.0809, Epsilon: 0.010
2026-04-19 02:07:47 | INFO | Episode 7140 - Reward: -200.000, Length: 200, Loss: 9.6638, Entropy: 1.0807, Epsilon: 0.010
2026-04-19 02:07:47 | INFO | Episode 7141 - Reward: -200.000, Length: 200, Loss: 35.6125, Entropy: 1.0384, Epsilon: 0.010
2026-04-19 02:07:48 | INFO | Episode 7142 - Reward: -200.000, Length: 200, Loss: 9.5989, Entropy: 1.0753, Epsilon: 0.010
2026-04-19 02:07:48 | INFO | Episode 7143 - Reward: -200.000, Length: 200, Loss: 9.9347, Entropy: 1.0872, Epsilon: 0.010
2026-04-19 02:07:48 | INFO | Episode 7144 - Reward: -200.000, Length: 200, Loss: 16.7844, Entropy: 1.0764, Epsilon: 0.010
2026-04-19 02:07:49 | INFO | Episode 7145 - Reward: -200.000, Length: 200, Loss: 12.9876, Entropy: 1.0870, Epsilon: 0.010
2026-04-19 02:07:49 | INFO | Episode 7146 - Reward: -200.000, Length: 200, Loss: 32.7305, Entropy: 1.0368, Epsilon: 0.010
2026-04-19 02:07:50 | INFO | Episode 7147 - Reward: -200.000, Length: 200, Loss: 12.9125, Entropy: 1.0850, Epsilon: 0.010
2026-04-19 02:07:50 | INFO | Episode 7148 - Reward: -200.000, Length: 200, Loss: 16.3868, Entropy: 1.0733, Epsilon: 0.010
2026-04-19 02:07:50 | INFO | Episode 7149 - Reward: -200.000, Length: 200, Loss: 18.8603, Entropy: 1.0799, Epsilon: 0.010
2026-04-19 02:07:51 | INFO | Episode 7150 - Reward: -200.000, Length: 200, Loss: 19.1093, Entropy: 1.0788, Epsilon: 0.010
2026-04-19 02:07:51 | INFO | Episode 7151 - Reward: -200.000, Length: 200, Loss: 28.7365, Entropy: 1.0872, Epsilon: 0.010
2026-04-19 02:07:51 | INFO | Episode 7152 - Reward: -200.000, Length: 200, Loss: 9.6618, Entropy: 1.0833, Epsilon: 0.010
2026-04-19 02:07:52 | INFO | Episode 7153 - Reward: -200.000, Length: 200, Loss: 12.9436, Entropy: 1.0641, Epsilon: 0.010
2026-04-19 02:07:52 | INFO | Episode 7154 - Reward: -200.000, Length: 200, Loss: 16.2062, Entropy: 1.0661, Epsilon: 0.010
2026-04-19 02:07:52 | INFO | Episode 7155 - Reward: -200.000, Length: 200, Loss: 29.7257, Entropy: 1.0579, Epsilon: 0.010
2026-04-19 02:07:53 | INFO | Episode 7156 - Reward: -200.000, Length: 200, Loss: 26.1109, Entropy: 1.0742, Epsilon: 0.010
2026-04-19 02:07:53 | INFO | Episode 7157 - Reward: -200.000, Length: 200, Loss: 9.7901, Entropy: 1.0560, Epsilon: 0.010
2026-04-19 02:07:54 | INFO | Episode 7158 - Reward: -200.000, Length: 200, Loss: 6.6626, Entropy: 1.0742, Epsilon: 0.010
2026-04-19 02:07:54 | INFO | Episode 7159 - Reward: -200.000, Length: 200, Loss: 23.0750, Entropy: 1.0770, Epsilon: 0.010
2026-04-19 02:07:54 | INFO | Episode 7160 - Reward: -200.000, Length: 200, Loss: 16.5981, Entropy: 1.0188, Epsilon: 0.010
2026-04-19 02:07:55 | INFO | Episode 7161 - Reward: -200.000, Length: 200, Loss: 20.1034, Entropy: 1.0803, Epsilon: 0.010
2026-04-19 02:07:55 | INFO | Episode 7162 - Reward: -200.000, Length: 200, Loss: 13.3553, Entropy: 1.0824, Epsilon: 0.010
2026-04-19 02:07:55 | INFO | Episode 7163 - Reward: -200.000, Length: 200, Loss: 36.8313, Entropy: 1.0523, Epsilon: 0.010
2026-04-19 02:07:56 | INFO | Episode 7164 - Reward: -200.000, Length: 200, Loss: 26.5359, Entropy: 1.0381, Epsilon: 0.010
2026-04-19 02:07:56 | INFO | Episode 7165 - Reward: -200.000, Length: 200, Loss: 13.0353, Entropy: 1.0729, Epsilon: 0.010
2026-04-19 02:07:56 | INFO | Episode 7166 - Reward: -200.000, Length: 200, Loss: 12.7802, Entropy: 1.0930, Epsilon: 0.010
2026-04-19 02:07:57 | INFO | Episode 7167 - Reward: -200.000, Length: 200, Loss: 12.6176, Entropy: 1.0766, Epsilon: 0.010
2026-04-19 02:07:57 | INFO | Episode 7168 - Reward: -200.000, Length: 200, Loss: 19.2487, Entropy: 1.0835, Epsilon: 0.010
2026-04-19 02:07:58 | INFO | Episode 7169 - Reward: -200.000, Length: 200, Loss: 25.4707, Entropy: 1.0775, Epsilon: 0.010
2026-04-19 02:07:58 | INFO | Episode 7170 - Reward: -200.000, Length: 200, Loss: 19.2786, Entropy: 1.0603, Epsilon: 0.010
2026-04-19 02:07:58 | INFO | Episode 7171 - Reward: -200.000, Length: 200, Loss: 19.0153, Entropy: 1.0820, Epsilon: 0.010
2026-04-19 02:07:59 | INFO | Episode 7172 - Reward: -200.000, Length: 200, Loss: 9.5255, Entropy: 1.0922, Epsilon: 0.010
2026-04-19 02:07:59 | INFO | Episode 7173 - Reward: -200.000, Length: 200, Loss: 18.9122, Entropy: 1.0861, Epsilon: 0.010
2026-04-19 02:07:59 | INFO | Episode 7174 - Reward: -200.000, Length: 200, Loss: 9.4645, Entropy: 1.0746, Epsilon: 0.010
2026-04-19 02:08:00 | INFO | Episode 7175 - Reward: -200.000, Length: 200, Loss: 25.3773, Entropy: 1.0514, Epsilon: 0.010
2026-04-19 02:08:00 | INFO | Episode 7176 - Reward: -200.000, Length: 200, Loss: 15.9068, Entropy: 1.0843, Epsilon: 0.010
2026-04-19 02:08:00 | INFO | Episode 7177 - Reward: -200.000, Length: 200, Loss: 16.1108, Entropy: 1.0768, Epsilon: 0.010
2026-04-19 02:08:01 | INFO | Episode 7178 - Reward: -200.000, Length: 200, Loss: 9.5820, Entropy: 1.0699, Epsilon: 0.010
2026-04-19 02:08:01 | INFO | Episode 7179 - Reward: -200.000, Length: 200, Loss: 22.1772, Entropy: 1.0645, Epsilon: 0.010
2026-04-19 02:08:02 | INFO | Episode 7180 - Reward: -200.000, Length: 200, Loss: 16.2448, Entropy: 1.0856, Epsilon: 0.010
2026-04-19 02:08:02 | INFO | Episode 7181 - Reward: -200.000, Length: 200, Loss: 19.1682, Entropy: 1.0740, Epsilon: 0.010
2026-04-19 02:08:02 | INFO | Episode 7182 - Reward: -200.000, Length: 200, Loss: 22.1697, Entropy: 1.0639, Epsilon: 0.010
2026-04-19 02:08:03 | INFO | Episode 7183 - Reward: -200.000, Length: 200, Loss: 6.4289, Entropy: 1.0870, Epsilon: 0.010
2026-04-19 02:08:03 | INFO | Episode 7184 - Reward: -200.000, Length: 200, Loss: 9.7638, Entropy: 1.0819, Epsilon: 0.010
2026-04-19 02:08:03 | INFO | Episode 7185 - Reward: -200.000, Length: 200, Loss: 9.7180, Entropy: 1.0861, Epsilon: 0.010
2026-04-19 02:08:04 | INFO | Episode 7186 - Reward: -200.000, Length: 200, Loss: 12.9447, Entropy: 1.0875, Epsilon: 0.010
2026-04-19 02:08:04 | INFO | Episode 7187 - Reward: -200.000, Length: 200, Loss: 9.7040, Entropy: 1.0857, Epsilon: 0.010
2026-04-19 02:08:04 | INFO | Episode 7188 - Reward: -200.000, Length: 200, Loss: 16.3776, Entropy: 1.0855, Epsilon: 0.010
2026-04-19 02:08:05 | INFO | Episode 7189 - Reward: -200.000, Length: 200, Loss: 13.0756, Entropy: 1.0813, Epsilon: 0.010
2026-04-19 02:08:05 | INFO | Episode 7190 - Reward: -200.000, Length: 200, Loss: 13.2508, Entropy: 1.0876, Epsilon: 0.010
2026-04-19 02:08:06 | INFO | Episode 7191 - Reward: -200.000, Length: 200, Loss: 19.7187, Entropy: 1.0863, Epsilon: 0.010
2026-04-19 02:08:06 | INFO | Episode 7192 - Reward: -200.000, Length: 200, Loss: 9.6675, Entropy: 1.0893, Epsilon: 0.010
2026-04-19 02:08:06 | INFO | Episode 7193 - Reward: -200.000, Length: 200, Loss: 25.2854, Entropy: 1.0552, Epsilon: 0.010
2026-04-19 02:08:07 | INFO | Episode 7194 - Reward: -200.000, Length: 200, Loss: 6.4244, Entropy: 1.0586, Epsilon: 0.010
2026-04-19 02:08:07 | INFO | Episode 7195 - Reward: -200.000, Length: 200, Loss: 25.3786, Entropy: 1.0712, Epsilon: 0.010
2026-04-19 02:08:07 | INFO | Episode 7196 - Reward: -200.000, Length: 200, Loss: 6.1237, Entropy: 1.0936, Epsilon: 0.010
2026-04-19 02:08:08 | INFO | Episode 7197 - Reward: -200.000, Length: 200, Loss: 15.8540, Entropy: 1.0776, Epsilon: 0.010
2026-04-19 02:08:08 | INFO | Episode 7198 - Reward: -200.000, Length: 200, Loss: 9.2481, Entropy: 1.0817, Epsilon: 0.010
2026-04-19 02:08:08 | INFO | Episode 7199 - Reward: -200.000, Length: 200, Loss: 18.7067, Entropy: 1.0669, Epsilon: 0.010
2026-04-19 02:08:09 | INFO | Episode 7200 - Reward: -200.000, Length: 200, Loss: 12.6918, Entropy: 1.0879, Epsilon: 0.010
2026-04-19 02:08:14 | INFO | [Episode 7200] eps=0.010  avg_reward=-200.000  avg_length=200.00  avg_loss= 16.5578  avg_entropy=1.0879  eval_success=0.000
2026-04-19 02:08:14 | INFO | Episode 7201 - Reward: -200.000, Length: 200, Loss: 25.4502, Entropy: 1.0794, Epsilon: 0.010
2026-04-19 02:08:14 | INFO | Episode 7202 - Reward: -200.000, Length: 200, Loss: 6.5505, Entropy: 1.0877, Epsilon: 0.010
2026-04-19 02:08:15 | INFO | Episode 7203 - Reward: -200.000, Length: 200, Loss: 19.3517, Entropy: 1.0672, Epsilon: 0.010
2026-04-19 02:08:15 | INFO | Episode 7204 - Reward: -200.000, Length: 200, Loss: 29.7251, Entropy: 1.0473, Epsilon: 0.010
2026-04-19 02:08:16 | INFO | Episode 7205 - Reward: -200.000, Length: 200, Loss: 13.0075, Entropy: 1.0776, Epsilon: 0.010
2026-04-19 02:08:16 | INFO | Episode 7206 - Reward: -200.000, Length: 200, Loss: 9.7688, Entropy: 1.0888, Epsilon: 0.010
2026-04-19 02:08:16 | INFO | Episode 7207 - Reward: -200.000, Length: 200, Loss: 6.5491, Entropy: 1.0867, Epsilon: 0.010
2026-04-19 02:08:17 | INFO | Episode 7208 - Reward: -200.000, Length: 200, Loss: 19.5799, Entropy: 1.0807, Epsilon: 0.010
2026-04-19 02:08:17 | INFO | Episode 7209 - Reward: -200.000, Length: 200, Loss: 25.4067, Entropy: 1.0074, Epsilon: 0.010
2026-04-19 02:08:17 | INFO | Episode 7210 - Reward: -200.000, Length: 200, Loss: 25.0824, Entropy: 1.0358, Epsilon: 0.010
2026-04-19 02:08:18 | INFO | Episode 7211 - Reward: -200.000, Length: 200, Loss: 12.5838, Entropy: 1.0595, Epsilon: 0.010
2026-04-19 02:08:18 | INFO | Episode 7212 - Reward: -200.000, Length: 200, Loss: 12.5198, Entropy: 1.0619, Epsilon: 0.010
2026-04-19 02:08:19 | INFO | Episode 7213 - Reward: -200.000, Length: 200, Loss: 21.8416, Entropy: 1.0531, Epsilon: 0.010
2026-04-19 02:08:19 | INFO | Episode 7214 - Reward: -200.000, Length: 200, Loss: 6.2339, Entropy: 1.0877, Epsilon: 0.010
2026-04-19 02:08:19 | INFO | Episode 7215 - Reward: -200.000, Length: 200, Loss: 15.7417, Entropy: 1.0732, Epsilon: 0.010
2026-04-19 02:08:20 | INFO | Episode 7216 - Reward: -200.000, Length: 200, Loss: 20.8299, Entropy: 1.0718, Epsilon: 0.010
2026-04-19 02:08:20 | INFO | Episode 7217 - Reward: -200.000, Length: 200, Loss: 18.3616, Entropy: 1.0603, Epsilon: 0.010
2026-04-19 02:08:20 | INFO | Episode 7218 - Reward: -200.000, Length: 200, Loss: 9.1767, Entropy: 1.0624, Epsilon: 0.010
2026-04-19 02:08:21 | INFO | Episode 7219 - Reward: -200.000, Length: 200, Loss: 15.4006, Entropy: 1.0687, Epsilon: 0.010
2026-04-19 02:08:21 | INFO | Episode 7220 - Reward: -200.000, Length: 200, Loss: 12.3133, Entropy: 1.0835, Epsilon: 0.010
2026-04-19 02:08:21 | INFO | Episode 7221 - Reward: -200.000, Length: 200, Loss: 5.8786, Entropy: 1.0886, Epsilon: 0.010
2026-04-19 02:08:22 | INFO | Episode 7222 - Reward: -200.000, Length: 200, Loss: 12.4222, Entropy: 1.0842, Epsilon: 0.010
2026-04-19 02:08:22 | INFO | Episode 7223 - Reward: -200.000, Length: 200, Loss: 9.2605, Entropy: 1.0841, Epsilon: 0.010
2026-04-19 02:08:23 | INFO | Episode 7224 - Reward: -200.000, Length: 200, Loss: 31.2398, Entropy: 1.0719, Epsilon: 0.010
2026-04-19 02:08:23 | INFO | Episode 7225 - Reward: -200.000, Length: 200, Loss: 28.3950, Entropy: 1.0729, Epsilon: 0.010
2026-04-19 02:08:23 | INFO | Episode 7226 - Reward: -200.000, Length: 200, Loss: 9.0771, Entropy: 1.0598, Epsilon: 0.010
2026-04-19 02:08:24 | INFO | Episode 7227 - Reward: -200.000, Length: 200, Loss: 8.9993, Entropy: 1.0912, Epsilon: 0.010
2026-04-19 02:08:24 | INFO | Episode 7228 - Reward: -200.000, Length: 200, Loss: 9.0525, Entropy: 1.0838, Epsilon: 0.010
2026-04-19 02:08:24 | INFO | Episode 7229 - Reward: -200.000, Length: 200, Loss: 12.0412, Entropy: 1.0724, Epsilon: 0.010
2026-04-19 02:08:25 | INFO | Episode 7230 - Reward: -200.000, Length: 200, Loss: 17.8015, Entropy: 1.0900, Epsilon: 0.010
2026-04-19 02:08:25 | INFO | Episode 7231 - Reward: -200.000, Length: 200, Loss: 6.0426, Entropy: 1.0935, Epsilon: 0.010
2026-04-19 02:08:26 | INFO | Episode 7232 - Reward: -200.000, Length: 200, Loss: 18.3080, Entropy: 1.0825, Epsilon: 0.010
2026-04-19 02:08:26 | INFO | Episode 7233 - Reward: -200.000, Length: 200, Loss: 5.8801, Entropy: 1.0916, Epsilon: 0.010
2026-04-19 02:08:26 | INFO | Episode 7234 - Reward: -200.000, Length: 200, Loss: 5.9878, Entropy: 1.0924, Epsilon: 0.010
2026-04-19 02:08:27 | INFO | Episode 7235 - Reward: -200.000, Length: 200, Loss: 15.1257, Entropy: 1.0848, Epsilon: 0.010
2026-04-19 02:08:27 | INFO | Episode 7236 - Reward: -200.000, Length: 200, Loss: 2.9163, Entropy: 1.0849, Epsilon: 0.010
2026-04-19 02:08:27 | INFO | Episode 7237 - Reward: -200.000, Length: 200, Loss: 11.7747, Entropy: 1.0810, Epsilon: 0.010
2026-04-19 02:08:28 | INFO | Episode 7238 - Reward: -200.000, Length: 200, Loss: 11.6647, Entropy: 1.0871, Epsilon: 0.010
2026-04-19 02:08:28 | INFO | Episode 7239 - Reward: -200.000, Length: 200, Loss: 23.8662, Entropy: 1.0558, Epsilon: 0.010
2026-04-19 02:08:28 | INFO | Episode 7240 - Reward: -200.000, Length: 200, Loss: 11.9344, Entropy: 1.0912, Epsilon: 0.010
2026-04-19 02:08:29 | INFO | Episode 7241 - Reward: -200.000, Length: 200, Loss: 24.1378, Entropy: 1.0812, Epsilon: 0.010
2026-04-19 02:08:29 | INFO | Episode 7242 - Reward: -200.000, Length: 200, Loss: 18.0075, Entropy: 1.0875, Epsilon: 0.010
2026-04-19 02:08:30 | INFO | Episode 7243 - Reward: -200.000, Length: 200, Loss: 26.7165, Entropy: 1.0753, Epsilon: 0.010
2026-04-19 02:08:30 | INFO | Episode 7244 - Reward: -200.000, Length: 200, Loss: 8.8217, Entropy: 1.0770, Epsilon: 0.010
2026-04-19 02:08:30 | INFO | Episode 7245 - Reward: -200.000, Length: 200, Loss: 23.9527, Entropy: 1.0782, Epsilon: 0.010
2026-04-19 02:08:31 | INFO | Episode 7246 - Reward: -200.000, Length: 200, Loss: 14.3894, Entropy: 1.0731, Epsilon: 0.010
2026-04-19 02:08:31 | INFO | Episode 7247 - Reward: -200.000, Length: 200, Loss: 19.8706, Entropy: 1.0654, Epsilon: 0.010
2026-04-19 02:08:31 | INFO | Episode 7248 - Reward: -200.000, Length: 200, Loss: 16.9464, Entropy: 1.0753, Epsilon: 0.010
2026-04-19 02:08:32 | INFO | Episode 7249 - Reward: -200.000, Length: 200, Loss: 25.4981, Entropy: 1.0798, Epsilon: 0.010
2026-04-19 02:08:32 | INFO | Episode 7250 - Reward: -200.000, Length: 200, Loss: 11.4735, Entropy: 1.0852, Epsilon: 0.010
2026-04-19 02:08:32 | INFO | Episode 7251 - Reward: -200.000, Length: 200, Loss: 17.2535, Entropy: 1.0862, Epsilon: 0.010
2026-04-19 02:08:33 | INFO | Episode 7252 - Reward: -200.000, Length: 200, Loss: 5.7593, Entropy: 1.0864, Epsilon: 0.010
2026-04-19 02:08:33 | INFO | Episode 7253 - Reward: -200.000, Length: 200, Loss: 14.2663, Entropy: 1.0743, Epsilon: 0.010
2026-04-19 02:08:34 | INFO | Episode 7254 - Reward: -200.000, Length: 200, Loss: 5.7821, Entropy: 1.0804, Epsilon: 0.010
2026-04-19 02:08:34 | INFO | Episode 7255 - Reward: -200.000, Length: 200, Loss: 14.4313, Entropy: 1.0707, Epsilon: 0.010
2026-04-19 02:08:34 | INFO | Episode 7256 - Reward: -200.000, Length: 200, Loss: 14.6746, Entropy: 1.0728, Epsilon: 0.010
2026-04-19 02:08:35 | INFO | Episode 7257 - Reward: -200.000, Length: 200, Loss: 17.5967, Entropy: 1.0677, Epsilon: 0.010
2026-04-19 02:08:35 | INFO | Episode 7258 - Reward: -200.000, Length: 200, Loss: 11.7511, Entropy: 1.0782, Epsilon: 0.010
2026-04-19 02:08:35 | INFO | Episode 7259 - Reward: -200.000, Length: 200, Loss: 17.4698, Entropy: 1.0741, Epsilon: 0.010
2026-04-19 02:08:36 | INFO | Episode 7260 - Reward: -200.000, Length: 200, Loss: 17.3690, Entropy: 1.0869, Epsilon: 0.010
2026-04-19 02:08:36 | INFO | Episode 7261 - Reward: -200.000, Length: 200, Loss: 20.7461, Entropy: 1.0767, Epsilon: 0.010
2026-04-19 02:08:36 | INFO | Episode 7262 - Reward: -200.000, Length: 200, Loss: 8.7426, Entropy: 1.0880, Epsilon: 0.010
2026-04-19 02:08:37 | INFO | Episode 7263 - Reward: -200.000, Length: 200, Loss: 23.6026, Entropy: 1.0910, Epsilon: 0.010
2026-04-19 02:08:37 | INFO | Episode 7264 - Reward: -200.000, Length: 200, Loss: 23.4691, Entropy: 1.0831, Epsilon: 0.010
2026-04-19 02:08:38 | INFO | Episode 7265 - Reward: -200.000, Length: 200, Loss: 11.7056, Entropy: 1.0899, Epsilon: 0.010
2026-04-19 02:08:38 | INFO | Episode 7266 - Reward: -200.000, Length: 200, Loss: 14.5139, Entropy: 1.0740, Epsilon: 0.010
2026-04-19 02:08:38 | INFO | Episode 7267 - Reward: -200.000, Length: 200, Loss: 26.3743, Entropy: 1.0789, Epsilon: 0.010
2026-04-19 02:08:39 | INFO | Episode 7268 - Reward: -200.000, Length: 200, Loss: 12.0652, Entropy: 1.0707, Epsilon: 0.010
2026-04-19 02:08:39 | INFO | Episode 7269 - Reward: -200.000, Length: 200, Loss: 30.0163, Entropy: 1.0651, Epsilon: 0.010
2026-04-19 02:08:39 | INFO | Episode 7270 - Reward: -200.000, Length: 200, Loss: 17.9834, Entropy: 1.0849, Epsilon: 0.010
2026-04-19 02:08:40 | INFO | Episode 7271 - Reward: -200.000, Length: 200, Loss: 2.9201, Entropy: 1.0909, Epsilon: 0.010
2026-04-19 02:08:40 | INFO | Episode 7272 - Reward: -200.000, Length: 200, Loss: 29.7518, Entropy: 1.0734, Epsilon: 0.010
2026-04-19 02:08:40 | INFO | Episode 7273 - Reward: -200.000, Length: 200, Loss: 20.8388, Entropy: 1.0507, Epsilon: 0.010
2026-04-19 02:08:41 | INFO | Episode 7274 - Reward: -200.000, Length: 200, Loss: 6.0434, Entropy: 1.0878, Epsilon: 0.010
2026-04-19 02:08:41 | INFO | Episode 7275 - Reward: -200.000, Length: 200, Loss: 18.3125, Entropy: 1.0855, Epsilon: 0.010
2026-04-19 02:08:42 | INFO | Episode 7276 - Reward: -200.000, Length: 200, Loss: 15.1564, Entropy: 1.0888, Epsilon: 0.010
2026-04-19 02:08:42 | INFO | Episode 7277 - Reward: -200.000, Length: 200, Loss: 18.3125, Entropy: 1.0780, Epsilon: 0.010
2026-04-19 02:08:42 | INFO | Episode 7278 - Reward: -200.000, Length: 200, Loss: 9.2638, Entropy: 1.0887, Epsilon: 0.010
2026-04-19 02:08:43 | INFO | Episode 7279 - Reward: -200.000, Length: 200, Loss: 30.9859, Entropy: 1.0804, Epsilon: 0.010
2026-04-19 02:08:43 | INFO | Episode 7280 - Reward: -200.000, Length: 200, Loss: 8.9386, Entropy: 1.0663, Epsilon: 0.010
2026-04-19 02:08:43 | INFO | Episode 7281 - Reward: -200.000, Length: 200, Loss: 9.2277, Entropy: 1.0818, Epsilon: 0.010
2026-04-19 02:08:44 | INFO | Episode 7282 - Reward: -200.000, Length: 200, Loss: 9.2184, Entropy: 1.0864, Epsilon: 0.010
2026-04-19 02:08:44 | INFO | Episode 7283 - Reward: -200.000, Length: 200, Loss: 9.2267, Entropy: 1.0840, Epsilon: 0.010
2026-04-19 02:08:44 | INFO | Episode 7284 - Reward: -200.000, Length: 200, Loss: 9.2849, Entropy: 1.0902, Epsilon: 0.010
2026-04-19 02:08:45 | INFO | Episode 7285 - Reward: -200.000, Length: 200, Loss: 34.2116, Entropy: 1.0658, Epsilon: 0.010
2026-04-19 02:08:45 | INFO | Episode 7286 - Reward: -200.000, Length: 200, Loss: 9.2177, Entropy: 1.0860, Epsilon: 0.010
2026-04-19 02:08:46 | INFO | Episode 7287 - Reward: -200.000, Length: 200, Loss: 18.4811, Entropy: 1.0842, Epsilon: 0.010
2026-04-19 02:08:46 | INFO | Episode 7288 - Reward: -200.000, Length: 200, Loss: 21.2187, Entropy: 1.0815, Epsilon: 0.010
2026-04-19 02:08:46 | INFO | Episode 7289 - Reward: -200.000, Length: 200, Loss: 18.1563, Entropy: 1.0859, Epsilon: 0.010
2026-04-19 02:08:47 | INFO | Episode 7290 - Reward: -200.000, Length: 200, Loss: 12.0822, Entropy: 1.0802, Epsilon: 0.010
2026-04-19 02:08:47 | INFO | Episode 7291 - Reward: -200.000, Length: 200, Loss: 6.0277, Entropy: 1.0912, Epsilon: 0.010
2026-04-19 02:08:47 | INFO | Episode 7292 - Reward: -200.000, Length: 200, Loss: 15.1105, Entropy: 1.0776, Epsilon: 0.010
2026-04-19 02:08:48 | INFO | Episode 7293 - Reward: -200.000, Length: 200, Loss: 15.3421, Entropy: 1.0864, Epsilon: 0.010
2026-04-19 02:08:48 | INFO | Episode 7294 - Reward: -200.000, Length: 200, Loss: 12.1292, Entropy: 1.0814, Epsilon: 0.010
2026-04-19 02:08:49 | INFO | Episode 7295 - Reward: -200.000, Length: 200, Loss: 18.6090, Entropy: 1.0588, Epsilon: 0.010
2026-04-19 02:08:49 | INFO | Episode 7296 - Reward: -200.000, Length: 200, Loss: 12.1708, Entropy: 1.0690, Epsilon: 0.010
2026-04-19 02:08:49 | INFO | Episode 7297 - Reward: -200.000, Length: 200, Loss: 18.3973, Entropy: 1.0637, Epsilon: 0.010
2026-04-19 02:08:50 | INFO | Episode 7298 - Reward: -200.000, Length: 200, Loss: 21.4910, Entropy: 1.0616, Epsilon: 0.010
2026-04-19 02:08:50 | INFO | Episode 7299 - Reward: -200.000, Length: 200, Loss: 12.1668, Entropy: 1.0836, Epsilon: 0.010
2026-04-19 02:08:50 | INFO | Episode 7300 - Reward: -200.000, Length: 200, Loss: 3.0577, Entropy: 1.0895, Epsilon: 0.010
2026-04-19 02:08:55 | INFO | [Episode 7300] eps=0.010  avg_reward=-200.000  avg_length=200.00  avg_loss= 15.4388  avg_entropy=1.0895  eval_success=0.000
2026-04-19 02:08:56 | INFO | Episode 7301 - Reward: -200.000, Length: 200, Loss: 15.1294, Entropy: 1.0753, Epsilon: 0.010
2026-04-19 02:08:56 | INFO | Episode 7302 - Reward: -200.000, Length: 200, Loss: 6.0468, Entropy: 1.0797, Epsilon: 0.010
2026-04-19 02:08:56 | INFO | Episode 7303 - Reward: -200.000, Length: 200, Loss: 21.5466, Entropy: 1.0814, Epsilon: 0.010
2026-04-19 02:08:57 | INFO | Episode 7304 - Reward: -200.000, Length: 200, Loss: 12.4241, Entropy: 1.0667, Epsilon: 0.010
2026-04-19 02:08:57 | INFO | Episode 7305 - Reward: -200.000, Length: 200, Loss: 30.8368, Entropy: 1.0673, Epsilon: 0.010
2026-04-19 02:08:58 | INFO | Episode 7306 - Reward: -200.000, Length: 200, Loss: 23.3732, Entropy: 1.0536, Epsilon: 0.010
2026-04-19 02:08:58 | INFO | Episode 7307 - Reward: -200.000, Length: 200, Loss: 17.7121, Entropy: 1.0701, Epsilon: 0.010
2026-04-19 02:08:58 | INFO | Episode 7308 - Reward: -200.000, Length: 200, Loss: 5.7915, Entropy: 1.0695, Epsilon: 0.010
2026-04-19 02:08:59 | INFO | Episode 7309 - Reward: -200.000, Length: 200, Loss: 2.9638, Entropy: 1.0860, Epsilon: 0.010
2026-04-19 02:08:59 | INFO | Episode 7310 - Reward: -200.000, Length: 200, Loss: 23.8948, Entropy: 1.0751, Epsilon: 0.010
2026-04-19 02:08:59 | INFO | Episode 7311 - Reward: -200.000, Length: 200, Loss: 27.0424, Entropy: 1.0586, Epsilon: 0.010
2026-04-19 02:09:00 | INFO | Episode 7312 - Reward: -200.000, Length: 200, Loss: 11.9947, Entropy: 1.0806, Epsilon: 0.010
2026-04-19 02:09:00 | INFO | Episode 7313 - Reward: -200.000, Length: 200, Loss: 9.0817, Entropy: 1.0903, Epsilon: 0.010
2026-04-19 02:09:01 | INFO | Episode 7314 - Reward: -200.000, Length: 200, Loss: 18.1280, Entropy: 1.0825, Epsilon: 0.010
2026-04-19 02:09:01 | INFO | Episode 7315 - Reward: -200.000, Length: 200, Loss: 11.8293, Entropy: 1.0820, Epsilon: 0.010
2026-04-19 02:09:01 | INFO | Episode 7316 - Reward: -200.000, Length: 200, Loss: 14.8405, Entropy: 1.0687, Epsilon: 0.010
2026-04-19 02:09:02 | INFO | Episode 7317 - Reward: -200.000, Length: 200, Loss: 11.9597, Entropy: 1.0806, Epsilon: 0.010
2026-04-19 02:09:02 | INFO | Episode 7318 - Reward: -200.000, Length: 200, Loss: 20.7901, Entropy: 1.0838, Epsilon: 0.010
2026-04-19 02:09:02 | INFO | Episode 7319 - Reward: -200.000, Length: 200, Loss: 8.6708, Entropy: 1.0543, Epsilon: 0.010
2026-04-19 02:09:03 | INFO | Episode 7320 - Reward: -200.000, Length: 200, Loss: 23.3129, Entropy: 1.0676, Epsilon: 0.010
2026-04-19 02:09:03 | INFO | Episode 7321 - Reward: -200.000, Length: 200, Loss: 22.3564, Entropy: 1.0554, Epsilon: 0.010
2026-04-19 02:09:03 | INFO | Episode 7322 - Reward: -200.000, Length: 200, Loss: 14.2752, Entropy: 1.0754, Epsilon: 0.010
2026-04-19 02:09:04 | INFO | Episode 7323 - Reward: -200.000, Length: 200, Loss: 16.9865, Entropy: 1.0868, Epsilon: 0.010
2026-04-19 02:09:04 | INFO | Episode 7324 - Reward: -200.000, Length: 200, Loss: 5.6039, Entropy: 1.0855, Epsilon: 0.010
2026-04-19 02:09:05 | INFO | Episode 7325 - Reward: -200.000, Length: 200, Loss: 8.3503, Entropy: 1.0789, Epsilon: 0.010
2026-04-19 02:09:05 | INFO | Episode 7326 - Reward: -200.000, Length: 200, Loss: 8.4755, Entropy: 1.0817, Epsilon: 0.010
2026-04-19 02:09:05 | INFO | Episode 7327 - Reward: -200.000, Length: 200, Loss: 14.1826, Entropy: 1.0608, Epsilon: 0.010
2026-04-19 02:09:06 | INFO | Episode 7328 - Reward: -200.000, Length: 200, Loss: 11.1102, Entropy: 1.0853, Epsilon: 0.010
2026-04-19 02:09:06 | INFO | Episode 7329 - Reward: -200.000, Length: 200, Loss: 14.0238, Entropy: 1.0864, Epsilon: 0.010
2026-04-19 02:09:06 | INFO | Episode 7330 - Reward: -200.000, Length: 200, Loss: 5.6042, Entropy: 1.0857, Epsilon: 0.010
2026-04-19 02:09:07 | INFO | Episode 7331 - Reward: -200.000, Length: 200, Loss: 19.9307, Entropy: 1.0516, Epsilon: 0.010
2026-04-19 02:09:07 | INFO | Episode 7332 - Reward: -200.000, Length: 200, Loss: 14.4500, Entropy: 1.0637, Epsilon: 0.010
2026-04-19 02:09:07 | INFO | Episode 7333 - Reward: -200.000, Length: 200, Loss: 17.0551, Entropy: 1.0719, Epsilon: 0.010
2026-04-19 02:09:08 | INFO | Episode 7334 - Reward: -200.000, Length: 200, Loss: 11.2103, Entropy: 1.0605, Epsilon: 0.010
2026-04-19 02:09:08 | INFO | Episode 7335 - Reward: -200.000, Length: 200, Loss: 19.6860, Entropy: 1.0756, Epsilon: 0.010
2026-04-19 02:09:08 | INFO | Episode 7336 - Reward: -200.000, Length: 200, Loss: 25.8591, Entropy: 1.0558, Epsilon: 0.010
2026-04-19 02:09:09 | INFO | Episode 7337 - Reward: -200.000, Length: 200, Loss: 17.3700, Entropy: 1.0825, Epsilon: 0.010
2026-04-19 02:09:09 | INFO | Episode 7338 - Reward: -200.000, Length: 200, Loss: 22.8337, Entropy: 1.0917, Epsilon: 0.010
2026-04-19 02:09:10 | INFO | Episode 7339 - Reward: -200.000, Length: 200, Loss: 11.2929, Entropy: 1.0880, Epsilon: 0.010
2026-04-19 02:09:10 | INFO | Episode 7340 - Reward: -200.000, Length: 200, Loss: 19.8913, Entropy: 1.0784, Epsilon: 0.010
2026-04-19 02:09:10 | INFO | Episode 7341 - Reward: -200.000, Length: 200, Loss: 22.6600, Entropy: 1.0595, Epsilon: 0.010
2026-04-19 02:09:11 | INFO | Episode 7342 - Reward: -200.000, Length: 200, Loss: 11.4804, Entropy: 1.0730, Epsilon: 0.010
2026-04-19 02:09:11 | INFO | Episode 7343 - Reward: -200.000, Length: 200, Loss: 20.0563, Entropy: 1.0828, Epsilon: 0.010
2026-04-19 02:09:11 | INFO | Episode 7344 - Reward: -200.000, Length: 200, Loss: 11.5953, Entropy: 1.0893, Epsilon: 0.010
2026-04-19 02:09:12 | INFO | Episode 7345 - Reward: -200.000, Length: 200, Loss: 29.1320, Entropy: 1.0776, Epsilon: 0.010
2026-04-19 02:09:12 | INFO | Episode 7346 - Reward: -200.000, Length: 200, Loss: 14.3412, Entropy: 1.0665, Epsilon: 0.010
2026-04-19 02:09:12 | INFO | Episode 7347 - Reward: -200.000, Length: 200, Loss: 11.4538, Entropy: 1.0829, Epsilon: 0.010
2026-04-19 02:09:13 | INFO | Episode 7348 - Reward: -200.000, Length: 200, Loss: 8.5722, Entropy: 1.0776, Epsilon: 0.010
2026-04-19 02:09:13 | INFO | Episode 7349 - Reward: -200.000, Length: 200, Loss: 20.2403, Entropy: 1.0675, Epsilon: 0.010
2026-04-19 02:09:14 | INFO | Episode 7350 - Reward: -200.000, Length: 200, Loss: 11.6080, Entropy: 1.0699, Epsilon: 0.010
2026-04-19 02:09:14 | INFO | Episode 7351 - Reward: -200.000, Length: 200, Loss: 5.8764, Entropy: 1.0855, Epsilon: 0.010
2026-04-19 02:09:14 | INFO | Episode 7352 - Reward: -200.000, Length: 200, Loss: 11.5952, Entropy: 1.0854, Epsilon: 0.010
2026-04-19 02:09:15 | INFO | Episode 7353 - Reward: -200.000, Length: 200, Loss: 23.4613, Entropy: 1.0761, Epsilon: 0.010
2026-04-19 02:09:15 | INFO | Episode 7354 - Reward: -200.000, Length: 200, Loss: 8.8476, Entropy: 1.0834, Epsilon: 0.010
2026-04-19 02:09:15 | INFO | Episode 7355 - Reward: -200.000, Length: 200, Loss: 11.6004, Entropy: 1.0860, Epsilon: 0.010
2026-04-19 02:09:16 | INFO | Episode 7356 - Reward: -200.000, Length: 200, Loss: 5.8656, Entropy: 1.0883, Epsilon: 0.010
2026-04-19 02:09:16 | INFO | Episode 7357 - Reward: -200.000, Length: 200, Loss: 8.6260, Entropy: 1.0913, Epsilon: 0.010
2026-04-19 02:09:16 | INFO | Episode 7358 - Reward: -200.000, Length: 200, Loss: 14.6210, Entropy: 1.0798, Epsilon: 0.010
2026-04-19 02:09:17 | INFO | Episode 7359 - Reward: -200.000, Length: 200, Loss: 11.7533, Entropy: 1.0818, Epsilon: 0.010
2026-04-19 02:09:17 | INFO | Episode 7360 - Reward: -200.000, Length: 200, Loss: 18.0623, Entropy: 1.0820, Epsilon: 0.010
2026-04-19 02:09:18 | INFO | Episode 7361 - Reward: -200.000, Length: 200, Loss: 14.9714, Entropy: 1.0807, Epsilon: 0.010
2026-04-19 02:09:18 | INFO | Episode 7362 - Reward: -200.000, Length: 200, Loss: 11.9044, Entropy: 1.0860, Epsilon: 0.010
2026-04-19 02:09:18 | INFO | Episode 7363 - Reward: -200.000, Length: 200, Loss: 30.0085, Entropy: 1.0898, Epsilon: 0.010
2026-04-19 02:09:19 | INFO | Episode 7364 - Reward: -200.000, Length: 200, Loss: 21.4174, Entropy: 1.0816, Epsilon: 0.010
2026-04-19 02:09:19 | INFO | Episode 7365 - Reward: -200.000, Length: 200, Loss: 18.5060, Entropy: 1.0489, Epsilon: 0.010
2026-04-19 02:09:19 | INFO | Episode 7366 - Reward: -200.000, Length: 200, Loss: 9.0747, Entropy: 1.0662, Epsilon: 0.010
2026-04-19 02:09:20 | INFO | Episode 7367 - Reward: -200.000, Length: 200, Loss: 9.2041, Entropy: 1.0569, Epsilon: 0.010
2026-04-19 02:09:20 | INFO | Episode 7368 - Reward: -200.000, Length: 200, Loss: 12.1669, Entropy: 1.0707, Epsilon: 0.010
2026-04-19 02:09:21 | INFO | Episode 7369 - Reward: -200.000, Length: 200, Loss: 9.2602, Entropy: 1.0823, Epsilon: 0.010
2026-04-19 02:09:21 | INFO | Episode 7370 - Reward: -200.000, Length: 200, Loss: 9.3770, Entropy: 1.0808, Epsilon: 0.010
2026-04-19 02:09:21 | INFO | Episode 7371 - Reward: -200.000, Length: 200, Loss: 12.4487, Entropy: 1.0767, Epsilon: 0.010
2026-04-19 02:09:22 | INFO | Episode 7372 - Reward: -200.000, Length: 200, Loss: 21.6351, Entropy: 1.0760, Epsilon: 0.010
2026-04-19 02:09:22 | INFO | Episode 7373 - Reward: -200.000, Length: 200, Loss: 18.1101, Entropy: 1.0851, Epsilon: 0.010
2026-04-19 02:09:22 | INFO | Episode 7374 - Reward: -200.000, Length: 200, Loss: 21.3995, Entropy: 1.0692, Epsilon: 0.010
2026-04-19 02:09:23 | INFO | Episode 7375 - Reward: -200.000, Length: 200, Loss: 21.1153, Entropy: 1.0837, Epsilon: 0.010
2026-04-19 02:09:23 | INFO | Episode 7376 - Reward: -200.000, Length: 200, Loss: 9.1871, Entropy: 1.0868, Epsilon: 0.010
2026-04-19 02:09:24 | INFO | Episode 7377 - Reward: -200.000, Length: 200, Loss: 49.3812, Entropy: 1.0449, Epsilon: 0.010
2026-04-19 02:09:24 | INFO | Episode 7378 - Reward: -200.000, Length: 200, Loss: 9.4280, Entropy: 1.0852, Epsilon: 0.010
2026-04-19 02:09:24 | INFO | Episode 7379 - Reward: -200.000, Length: 200, Loss: 5.9842, Entropy: 1.0913, Epsilon: 0.010
2026-04-19 02:09:25 | INFO | Episode 7380 - Reward: -200.000, Length: 200, Loss: 15.2290, Entropy: 1.0791, Epsilon: 0.010
2026-04-19 02:09:25 | INFO | Episode 7381 - Reward: -200.000, Length: 200, Loss: 9.2643, Entropy: 1.0882, Epsilon: 0.010
2026-04-19 02:09:25 | INFO | Episode 7382 - Reward: -200.000, Length: 200, Loss: 15.4531, Entropy: 1.0855, Epsilon: 0.010
2026-04-19 02:09:26 | INFO | Episode 7383 - Reward: -200.000, Length: 200, Loss: 15.4326, Entropy: 1.0885, Epsilon: 0.010
2026-04-19 02:09:26 | INFO | Episode 7384 - Reward: -200.000, Length: 200, Loss: 9.2090, Entropy: 1.0867, Epsilon: 0.010
2026-04-19 02:09:26 | INFO | Episode 7385 - Reward: -200.000, Length: 200, Loss: 24.7822, Entropy: 1.0576, Epsilon: 0.010
2026-04-19 02:09:27 | INFO | Episode 7386 - Reward: -200.000, Length: 200, Loss: 15.7126, Entropy: 1.0902, Epsilon: 0.010
2026-04-19 02:09:27 | INFO | Episode 7387 - Reward: -200.000, Length: 200, Loss: 19.1529, Entropy: 1.0762, Epsilon: 0.010
2026-04-19 02:09:28 | INFO | Episode 7388 - Reward: -200.000, Length: 200, Loss: 9.3739, Entropy: 1.0767, Epsilon: 0.010
2026-04-19 02:09:28 | INFO | Episode 7389 - Reward: -200.000, Length: 200, Loss: 18.8988, Entropy: 1.0870, Epsilon: 0.010
2026-04-19 02:09:28 | INFO | Episode 7390 - Reward: -200.000, Length: 200, Loss: 12.5058, Entropy: 1.0877, Epsilon: 0.010
2026-04-19 02:09:29 | INFO | Episode 7391 - Reward: -200.000, Length: 200, Loss: 9.2966, Entropy: 1.0737, Epsilon: 0.010
2026-04-19 02:09:29 | INFO | Episode 7392 - Reward: -200.000, Length: 200, Loss: 21.7843, Entropy: 1.0673, Epsilon: 0.010
2026-04-19 02:09:29 | INFO | Episode 7393 - Reward: -200.000, Length: 200, Loss: 15.5005, Entropy: 1.0649, Epsilon: 0.010
2026-04-19 02:09:30 | INFO | Episode 7394 - Reward: -200.000, Length: 200, Loss: 15.7349, Entropy: 1.0815, Epsilon: 0.010
2026-04-19 02:09:30 | INFO | Episode 7395 - Reward: -200.000, Length: 200, Loss: 6.2939, Entropy: 1.0733, Epsilon: 0.010
2026-04-19 02:09:30 | INFO | Episode 7396 - Reward: -200.000, Length: 200, Loss: 22.1731, Entropy: 1.0622, Epsilon: 0.010
2026-04-19 02:09:31 | INFO | Episode 7397 - Reward: -200.000, Length: 200, Loss: 37.8594, Entropy: 1.0783, Epsilon: 0.010
2026-04-19 02:09:31 | INFO | Episode 7398 - Reward: -200.000, Length: 200, Loss: 9.4446, Entropy: 1.0728, Epsilon: 0.010
2026-04-19 02:09:32 | INFO | Episode 7399 - Reward: -200.000, Length: 200, Loss: 22.6661, Entropy: 1.0780, Epsilon: 0.010
2026-04-19 02:09:32 | INFO | Episode 7400 - Reward: -200.000, Length: 200, Loss: 12.7947, Entropy: 1.0771, Epsilon: 0.010
2026-04-19 02:09:37 | INFO | [Episode 7400] eps=0.010  avg_reward=-200.000  avg_length=200.00  avg_loss= 15.5251  avg_entropy=1.0771  eval_success=0.000
2026-04-19 02:09:37 | INFO | Episode 7401 - Reward: -200.000, Length: 200, Loss: 19.4981, Entropy: 1.0777, Epsilon: 0.010
2026-04-19 02:09:38 | INFO | Episode 7402 - Reward: -200.000, Length: 200, Loss: 6.4131, Entropy: 1.0914, Epsilon: 0.010
2026-04-19 02:09:38 | INFO | Episode 7403 - Reward: -200.000, Length: 200, Loss: 9.7143, Entropy: 1.0893, Epsilon: 0.010
2026-04-19 02:09:38 | INFO | Episode 7404 - Reward: -200.000, Length: 200, Loss: 16.0359, Entropy: 1.0700, Epsilon: 0.010
2026-04-19 02:09:39 | INFO | Episode 7405 - Reward: -200.000, Length: 200, Loss: 6.3543, Entropy: 1.0889, Epsilon: 0.010
2026-04-19 02:09:39 | INFO | Episode 7406 - Reward: -200.000, Length: 200, Loss: 13.1275, Entropy: 1.0746, Epsilon: 0.010
2026-04-19 02:09:39 | INFO | Episode 7407 - Reward: -200.000, Length: 200, Loss: 29.0877, Entropy: 1.0579, Epsilon: 0.010
2026-04-19 02:09:40 | INFO | Episode 7408 - Reward: -200.000, Length: 200, Loss: 19.7014, Entropy: 1.0787, Epsilon: 0.010
2026-04-19 02:09:40 | INFO | Episode 7409 - Reward: -200.000, Length: 200, Loss: 22.9565, Entropy: 1.0725, Epsilon: 0.010
2026-04-19 02:09:40 | INFO | Episode 7410 - Reward: -200.000, Length: 200, Loss: 20.0617, Entropy: 1.0663, Epsilon: 0.010
2026-04-19 02:09:41 | INFO | Episode 7411 - Reward: -200.000, Length: 200, Loss: 23.4741, Entropy: 1.0448, Epsilon: 0.010
2026-04-19 02:09:41 | INFO | Episode 7412 - Reward: -200.000, Length: 200, Loss: 13.2544, Entropy: 1.0865, Epsilon: 0.010
2026-04-19 02:09:42 | INFO | Episode 7413 - Reward: -200.000, Length: 200, Loss: 6.6499, Entropy: 1.0882, Epsilon: 0.010
2026-04-19 02:09:42 | INFO | Episode 7414 - Reward: -200.000, Length: 200, Loss: 10.2200, Entropy: 1.0873, Epsilon: 0.010
2026-04-19 02:09:42 | INFO | Episode 7415 - Reward: -200.000, Length: 200, Loss: 26.7507, Entropy: 1.0345, Epsilon: 0.010
2026-04-19 02:09:43 | INFO | Episode 7416 - Reward: -200.000, Length: 200, Loss: 10.0758, Entropy: 1.0836, Epsilon: 0.010
2026-04-19 02:09:43 | INFO | Episode 7417 - Reward: -200.000, Length: 200, Loss: 20.0917, Entropy: 1.0633, Epsilon: 0.010
2026-04-19 02:09:43 | INFO | Episode 7418 - Reward: -200.000, Length: 200, Loss: 30.2559, Entropy: 1.0717, Epsilon: 0.010
2026-04-19 02:09:44 | INFO | Episode 7419 - Reward: -200.000, Length: 200, Loss: 13.3931, Entropy: 1.0747, Epsilon: 0.010
2026-04-19 02:09:44 | INFO | Episode 7420 - Reward: -200.000, Length: 200, Loss: 19.8958, Entropy: 1.0736, Epsilon: 0.010
2026-04-19 02:09:44 | INFO | Episode 7421 - Reward: -200.000, Length: 200, Loss: 3.3303, Entropy: 1.0850, Epsilon: 0.010
2026-04-19 02:09:45 | INFO | Episode 7422 - Reward: -200.000, Length: 200, Loss: 6.6869, Entropy: 1.0868, Epsilon: 0.010
2026-04-19 02:09:45 | INFO | Episode 7423 - Reward: -200.000, Length: 200, Loss: 6.6478, Entropy: 1.0881, Epsilon: 0.010
2026-04-19 02:09:46 | INFO | Episode 7424 - Reward: -200.000, Length: 200, Loss: 23.8174, Entropy: 1.0779, Epsilon: 0.010
2026-04-19 02:09:46 | INFO | Episode 7425 - Reward: -200.000, Length: 200, Loss: 20.2732, Entropy: 1.0849, Epsilon: 0.010
2026-04-19 02:09:46 | INFO | Episode 7426 - Reward: -200.000, Length: 200, Loss: 30.3888, Entropy: 1.0857, Epsilon: 0.010
2026-04-19 02:09:47 | INFO | Episode 7427 - Reward: -200.000, Length: 200, Loss: 13.4251, Entropy: 1.0872, Epsilon: 0.010
2026-04-19 02:09:47 | INFO | Episode 7428 - Reward: -200.000, Length: 200, Loss: 6.7527, Entropy: 1.0896, Epsilon: 0.010
2026-04-19 02:09:47 | INFO | Episode 7429 - Reward: -200.000, Length: 200, Loss: 17.0548, Entropy: 1.0721, Epsilon: 0.010
2026-04-19 02:09:48 | INFO | Episode 7430 - Reward: -200.000, Length: 200, Loss: 20.4231, Entropy: 1.0801, Epsilon: 0.010
2026-04-19 02:09:48 | INFO | Episode 7431 - Reward: -200.000, Length: 200, Loss: 17.0051, Entropy: 1.0701, Epsilon: 0.010
2026-04-19 02:09:48 | INFO | Episode 7432 - Reward: -200.000, Length: 200, Loss: 26.9773, Entropy: 1.0534, Epsilon: 0.010
2026-04-19 02:09:49 | INFO | Episode 7433 - Reward: -200.000, Length: 200, Loss: 10.1267, Entropy: 1.0585, Epsilon: 0.010
2026-04-19 02:09:49 | INFO | Episode 7434 - Reward: -200.000, Length: 200, Loss: 13.5968, Entropy: 1.0654, Epsilon: 0.010
2026-04-19 02:09:50 | INFO | Episode 7435 - Reward: -200.000, Length: 200, Loss: 13.6696, Entropy: 1.0696, Epsilon: 0.010
2026-04-19 02:09:50 | INFO | Episode 7436 - Reward: -200.000, Length: 200, Loss: 3.3569, Entropy: 1.0937, Epsilon: 0.010
2026-04-19 02:09:50 | INFO | Episode 7437 - Reward: -200.000, Length: 200, Loss: 13.8186, Entropy: 1.0657, Epsilon: 0.010
2026-04-19 02:09:51 | INFO | Episode 7438 - Reward: -200.000, Length: 200, Loss: 17.1423, Entropy: 1.0820, Epsilon: 0.010
2026-04-19 02:09:53 | INFO | Episode 7439 - Reward: -200.000, Length: 200, Loss: 20.9080, Entropy: 1.0878, Epsilon: 0.010
2026-04-19 02:09:53 | INFO | Episode 7440 - Reward: -200.000, Length: 200, Loss: 7.0789, Entropy: 1.0901, Epsilon: 0.010
2026-04-19 02:09:54 | INFO | Episode 7441 - Reward: -200.000, Length: 200, Loss: 27.9388, Entropy: 1.0366, Epsilon: 0.010
2026-04-19 02:09:54 | INFO | Episode 7442 - Reward: -200.000, Length: 200, Loss: 17.6830, Entropy: 1.0811, Epsilon: 0.010
2026-04-19 02:09:54 | INFO | Episode 7443 - Reward: -200.000, Length: 200, Loss: 24.7527, Entropy: 1.0872, Epsilon: 0.010
2026-04-19 02:09:55 | INFO | Episode 7444 - Reward: -200.000, Length: 200, Loss: 24.0454, Entropy: 1.0452, Epsilon: 0.010
2026-04-19 02:09:55 | INFO | Episode 7445 - Reward: -200.000, Length: 200, Loss: 6.6774, Entropy: 1.0883, Epsilon: 0.010
2026-04-19 02:09:56 | INFO | Episode 7446 - Reward: -200.000, Length: 200, Loss: 13.4659, Entropy: 1.0876, Epsilon: 0.010
2026-04-19 02:09:56 | INFO | Episode 7447 - Reward: -200.000, Length: 200, Loss: 20.5386, Entropy: 1.0826, Epsilon: 0.010
2026-04-19 02:09:56 | INFO | Episode 7448 - Reward: -200.000, Length: 200, Loss: 23.8568, Entropy: 1.0784, Epsilon: 0.010
2026-04-19 02:09:57 | INFO | Episode 7449 - Reward: -200.000, Length: 200, Loss: 9.9750, Entropy: 1.0532, Epsilon: 0.010
2026-04-19 02:09:57 | INFO | Episode 7450 - Reward: -200.000, Length: 200, Loss: 23.8094, Entropy: 1.0651, Epsilon: 0.010
2026-04-19 02:09:57 | INFO | Episode 7451 - Reward: -200.000, Length: 200, Loss: 13.4197, Entropy: 1.0785, Epsilon: 0.010
2026-04-19 02:09:58 | INFO | Episode 7452 - Reward: -200.000, Length: 200, Loss: 19.7666, Entropy: 1.0817, Epsilon: 0.010
2026-04-19 02:09:58 | INFO | Episode 7453 - Reward: -200.000, Length: 200, Loss: 26.3076, Entropy: 1.0337, Epsilon: 0.010
2026-04-19 02:09:59 | INFO | Episode 7454 - Reward: -200.000, Length: 200, Loss: 32.5017, Entropy: 1.0343, Epsilon: 0.010
2026-04-19 02:09:59 | INFO | Episode 7455 - Reward: -200.000, Length: 200, Loss: 25.7898, Entropy: 1.0815, Epsilon: 0.010
2026-04-19 02:09:59 | INFO | Episode 7456 - Reward: -200.000, Length: 200, Loss: 2.9544, Entropy: 1.0644, Epsilon: 0.010
2026-04-19 02:10:00 | INFO | Episode 7457 - Reward: -200.000, Length: 200, Loss: 9.1976, Entropy: 1.0773, Epsilon: 0.010
2026-04-19 02:10:00 | INFO | Episode 7458 - Reward: -200.000, Length: 200, Loss: 9.1442, Entropy: 1.0676, Epsilon: 0.010
2026-04-19 02:10:00 | INFO | Episode 7459 - Reward: -200.000, Length: 200, Loss: 24.5899, Entropy: 1.0648, Epsilon: 0.010
2026-04-19 02:10:01 | INFO | Episode 7460 - Reward: -200.000, Length: 200, Loss: 9.2002, Entropy: 1.0900, Epsilon: 0.010
2026-04-19 02:10:01 | INFO | Episode 7461 - Reward: -200.000, Length: 200, Loss: 28.2118, Entropy: 1.0795, Epsilon: 0.010
2026-04-19 02:10:01 | INFO | Episode 7462 - Reward: -200.000, Length: 200, Loss: 12.6083, Entropy: 1.0904, Epsilon: 0.010
2026-04-19 02:10:02 | INFO | Episode 7463 - Reward: -200.000, Length: 200, Loss: 9.4441, Entropy: 1.0887, Epsilon: 0.010
2026-04-19 02:10:02 | INFO | Episode 7464 - Reward: -200.000, Length: 200, Loss: 12.6513, Entropy: 1.0904, Epsilon: 0.010
2026-04-19 02:10:03 | INFO | Episode 7465 - Reward: -200.000, Length: 200, Loss: 9.3928, Entropy: 1.0906, Epsilon: 0.010
2026-04-19 02:10:03 | INFO | Episode 7466 - Reward: -200.000, Length: 200, Loss: 18.9631, Entropy: 1.0888, Epsilon: 0.010
2026-04-19 02:10:03 | INFO | Episode 7467 - Reward: -200.000, Length: 200, Loss: 28.6624, Entropy: 1.0404, Epsilon: 0.010
2026-04-19 02:10:04 | INFO | Episode 7468 - Reward: -200.000, Length: 200, Loss: 16.0663, Entropy: 1.0588, Epsilon: 0.010
2026-04-19 02:10:04 | INFO | Episode 7469 - Reward: -200.000, Length: 200, Loss: 21.9013, Entropy: 1.0849, Epsilon: 0.010
2026-04-19 02:10:04 | INFO | Episode 7470 - Reward: -200.000, Length: 200, Loss: 12.5161, Entropy: 1.0805, Epsilon: 0.010
2026-04-19 02:10:05 | INFO | Episode 7471 - Reward: -200.000, Length: 200, Loss: 18.4818, Entropy: 1.0848, Epsilon: 0.010
2026-04-19 02:10:05 | INFO | Episode 7472 - Reward: -200.000, Length: 200, Loss: 18.9116, Entropy: 1.0832, Epsilon: 0.010
2026-04-19 02:10:05 | INFO | Episode 7473 - Reward: -200.000, Length: 200, Loss: 30.9472, Entropy: 1.0199, Epsilon: 0.010
2026-04-19 02:10:06 | INFO | Episode 7474 - Reward: -200.000, Length: 200, Loss: 18.6222, Entropy: 1.0291, Epsilon: 0.010
2026-04-19 02:10:06 | INFO | Episode 7475 - Reward: -200.000, Length: 200, Loss: 9.2249, Entropy: 1.0475, Epsilon: 0.010
2026-04-19 02:10:07 | INFO | Episode 7476 - Reward: -200.000, Length: 200, Loss: 9.3945, Entropy: 1.0697, Epsilon: 0.010
2026-04-19 02:10:07 | INFO | Episode 7477 - Reward: -200.000, Length: 200, Loss: 12.5692, Entropy: 1.0774, Epsilon: 0.010
2026-04-19 02:10:07 | INFO | Episode 7478 - Reward: -200.000, Length: 200, Loss: 12.4353, Entropy: 1.0851, Epsilon: 0.010
2026-04-19 02:10:08 | INFO | Episode 7479 - Reward: -200.000, Length: 200, Loss: 12.4289, Entropy: 1.0883, Epsilon: 0.010
2026-04-19 02:10:08 | INFO | Episode 7480 - Reward: -200.000, Length: 200, Loss: 15.6900, Entropy: 1.0859, Epsilon: 0.010
2026-04-19 02:10:08 | INFO | Episode 7481 - Reward: -200.000, Length: 200, Loss: 9.5518, Entropy: 1.0857, Epsilon: 0.010
2026-04-19 02:10:09 | INFO | Episode 7482 - Reward: -200.000, Length: 200, Loss: 9.4369, Entropy: 1.0912, Epsilon: 0.010
2026-04-19 02:10:09 | INFO | Episode 7483 - Reward: -200.000, Length: 200, Loss: 19.0088, Entropy: 1.0904, Epsilon: 0.010
2026-04-19 02:10:09 | INFO | Episode 7484 - Reward: -200.000, Length: 200, Loss: 31.8997, Entropy: 1.0866, Epsilon: 0.010
2026-04-19 02:10:10 | INFO | Episode 7485 - Reward: -200.000, Length: 200, Loss: 9.5783, Entropy: 1.0811, Epsilon: 0.010
2026-04-19 02:10:10 | INFO | Episode 7486 - Reward: -200.000, Length: 200, Loss: 19.0974, Entropy: 1.0846, Epsilon: 0.010
2026-04-19 02:10:11 | INFO | Episode 7487 - Reward: -200.000, Length: 200, Loss: 15.6194, Entropy: 1.0781, Epsilon: 0.010
2026-04-19 02:10:11 | INFO | Episode 7488 - Reward: -200.000, Length: 200, Loss: 9.6379, Entropy: 1.0871, Epsilon: 0.010
2026-04-19 02:10:11 | INFO | Episode 7489 - Reward: -200.000, Length: 200, Loss: 25.5244, Entropy: 1.0767, Epsilon: 0.010
2026-04-19 02:10:12 | INFO | Episode 7490 - Reward: -200.000, Length: 200, Loss: 6.3121, Entropy: 1.0852, Epsilon: 0.010
2026-04-19 02:10:12 | INFO | Episode 7491 - Reward: -200.000, Length: 200, Loss: 22.4929, Entropy: 1.0815, Epsilon: 0.010
2026-04-19 02:10:12 | INFO | Episode 7492 - Reward: -200.000, Length: 200, Loss: 25.0852, Entropy: 1.0756, Epsilon: 0.010
2026-04-19 02:10:13 | INFO | Episode 7493 - Reward: -200.000, Length: 200, Loss: 16.0167, Entropy: 1.0870, Epsilon: 0.010
2026-04-19 02:10:13 | INFO | Episode 7494 - Reward: -200.000, Length: 200, Loss: 38.2561, Entropy: 1.0684, Epsilon: 0.010
2026-04-19 02:10:13 | INFO | Episode 7495 - Reward: -200.000, Length: 200, Loss: 6.3757, Entropy: 1.0794, Epsilon: 0.010
2026-04-19 02:10:14 | INFO | Episode 7496 - Reward: -200.000, Length: 200, Loss: 19.1159, Entropy: 1.0884, Epsilon: 0.010
2026-04-19 02:10:14 | INFO | Episode 7497 - Reward: -200.000, Length: 200, Loss: 12.8960, Entropy: 1.0834, Epsilon: 0.010
2026-04-19 02:10:14 | INFO | Episode 7498 - Reward: -200.000, Length: 200, Loss: 12.7029, Entropy: 1.0732, Epsilon: 0.010
2026-04-19 02:10:15 | INFO | Episode 7499 - Reward: -200.000, Length: 200, Loss: 18.8100, Entropy: 1.0652, Epsilon: 0.010
2026-04-19 02:10:15 | INFO | Episode 7500 - Reward: -200.000, Length: 200, Loss: 22.0018, Entropy: 1.0627, Epsilon: 0.010
2026-04-19 02:10:20 | INFO | [Episode 7500] eps=0.010  avg_reward=-200.000  avg_length=200.00  avg_loss= 16.7365  avg_entropy=1.0627  eval_success=0.000
2026-04-19 02:10:20 | INFO | Episode 7501 - Reward: -200.000, Length: 200, Loss: 12.5186, Entropy: 1.0711, Epsilon: 0.010
2026-04-19 02:10:21 | INFO | Episode 7502 - Reward: -200.000, Length: 200, Loss: 18.6721, Entropy: 1.0549, Epsilon: 0.010
2026-04-19 02:10:21 | INFO | Episode 7503 - Reward: -200.000, Length: 200, Loss: 2.9462, Entropy: 1.0691, Epsilon: 0.010
2026-04-19 02:10:21 | INFO | Episode 7504 - Reward: -200.000, Length: 200, Loss: 15.7523, Entropy: 1.0831, Epsilon: 0.010
2026-04-19 02:10:22 | INFO | Episode 7505 - Reward: -200.000, Length: 200, Loss: 19.0327, Entropy: 1.0826, Epsilon: 0.010
2026-04-19 02:10:22 | INFO | Episode 7506 - Reward: -200.000, Length: 200, Loss: 22.1240, Entropy: 1.0789, Epsilon: 0.010
2026-04-19 02:10:23 | INFO | Episode 7507 - Reward: -200.000, Length: 200, Loss: 19.1509, Entropy: 1.0829, Epsilon: 0.010
2026-04-19 02:10:23 | INFO | Episode 7508 - Reward: -200.000, Length: 200, Loss: 6.2130, Entropy: 1.0915, Epsilon: 0.010
2026-04-19 02:10:23 | INFO | Episode 7509 - Reward: -200.000, Length: 200, Loss: 6.3430, Entropy: 1.0866, Epsilon: 0.010
2026-04-19 02:10:24 | INFO | Episode 7510 - Reward: -200.000, Length: 200, Loss: 19.2890, Entropy: 1.0728, Epsilon: 0.010
2026-04-19 02:10:24 | INFO | Episode 7511 - Reward: -200.000, Length: 200, Loss: 3.1279, Entropy: 1.0903, Epsilon: 0.010
2026-04-19 02:10:24 | INFO | Episode 7512 - Reward: -200.000, Length: 200, Loss: 15.8346, Entropy: 1.0757, Epsilon: 0.010
2026-04-19 02:10:25 | INFO | Episode 7513 - Reward: -200.000, Length: 200, Loss: 12.8573, Entropy: 1.0902, Epsilon: 0.010
2026-04-19 02:10:25 | INFO | Episode 7514 - Reward: -200.000, Length: 200, Loss: 6.3687, Entropy: 1.0933, Epsilon: 0.010
2026-04-19 02:10:26 | INFO | Episode 7515 - Reward: -200.000, Length: 200, Loss: 19.0550, Entropy: 1.0893, Epsilon: 0.010
2026-04-19 02:10:26 | INFO | Episode 7516 - Reward: -200.000, Length: 200, Loss: 9.5745, Entropy: 1.0784, Epsilon: 0.010
2026-04-19 02:10:26 | INFO | Episode 7517 - Reward: -200.000, Length: 200, Loss: 6.3818, Entropy: 1.0794, Epsilon: 0.010
2026-04-19 02:10:27 | INFO | Episode 7518 - Reward: -200.000, Length: 200, Loss: 3.1758, Entropy: 1.0870, Epsilon: 0.010
2026-04-19 02:10:27 | INFO | Episode 7519 - Reward: -200.000, Length: 200, Loss: 9.6503, Entropy: 1.0857, Epsilon: 0.010
2026-04-19 02:10:27 | INFO | Episode 7520 - Reward: -200.000, Length: 200, Loss: 22.8415, Entropy: 1.0775, Epsilon: 0.010
2026-04-19 02:10:28 | INFO | Episode 7521 - Reward: -200.000, Length: 200, Loss: 21.7413, Entropy: 1.0586, Epsilon: 0.010
2026-04-19 02:10:28 | INFO | Episode 7522 - Reward: -200.000, Length: 200, Loss: 15.3979, Entropy: 1.0575, Epsilon: 0.010
2026-04-19 02:10:28 | INFO | Episode 7523 - Reward: -200.000, Length: 200, Loss: 15.4549, Entropy: 1.0627, Epsilon: 0.010
2026-04-19 02:10:29 | INFO | Episode 7524 - Reward: -200.000, Length: 200, Loss: 18.9289, Entropy: 1.0489, Epsilon: 0.010
2026-04-19 02:10:29 | INFO | Episode 7525 - Reward: -200.000, Length: 200, Loss: 9.5428, Entropy: 1.0763, Epsilon: 0.010
2026-04-19 02:10:30 | INFO | Episode 7526 - Reward: -200.000, Length: 200, Loss: 12.7231, Entropy: 1.0775, Epsilon: 0.010
2026-04-19 02:10:30 | INFO | Episode 7527 - Reward: -200.000, Length: 200, Loss: 19.1753, Entropy: 1.0782, Epsilon: 0.010
2026-04-19 02:10:30 | INFO | Episode 7528 - Reward: -200.000, Length: 200, Loss: 22.5145, Entropy: 1.0723, Epsilon: 0.010
2026-04-19 02:10:31 | INFO | Episode 7529 - Reward: -200.000, Length: 200, Loss: 6.2506, Entropy: 1.0767, Epsilon: 0.010
2026-04-19 02:10:31 | INFO | Episode 7530 - Reward: -200.000, Length: 200, Loss: 15.7219, Entropy: 1.0496, Epsilon: 0.010
2026-04-19 02:10:31 | INFO | Episode 7531 - Reward: -200.000, Length: 200, Loss: 22.4382, Entropy: 1.0573, Epsilon: 0.010
2026-04-19 02:10:32 | INFO | Episode 7532 - Reward: -200.000, Length: 200, Loss: 15.9179, Entropy: 1.0658, Epsilon: 0.010
2026-04-19 02:10:32 | INFO | Episode 7533 - Reward: -200.000, Length: 200, Loss: 9.4202, Entropy: 1.0726, Epsilon: 0.010
2026-04-19 02:10:33 | INFO | Episode 7534 - Reward: -200.000, Length: 200, Loss: 18.9419, Entropy: 1.0772, Epsilon: 0.010
2026-04-19 02:10:33 | INFO | Episode 7535 - Reward: -200.000, Length: 200, Loss: 21.9376, Entropy: 1.0817, Epsilon: 0.010
2026-04-19 02:10:33 | INFO | Episode 7536 - Reward: -200.000, Length: 200, Loss: 12.6900, Entropy: 1.0790, Epsilon: 0.010
2026-04-19 02:10:34 | INFO | Episode 7537 - Reward: -200.000, Length: 200, Loss: 22.0505, Entropy: 1.0867, Epsilon: 0.010
2026-04-19 02:10:34 | INFO | Episode 7538 - Reward: -200.000, Length: 200, Loss: 18.9495, Entropy: 1.0859, Epsilon: 0.010
2026-04-19 02:10:34 | INFO | Episode 7539 - Reward: -200.000, Length: 200, Loss: 12.6331, Entropy: 1.0677, Epsilon: 0.010
2026-04-19 02:10:35 | INFO | Episode 7540 - Reward: -200.000, Length: 200, Loss: 3.1135, Entropy: 1.0893, Epsilon: 0.010
2026-04-19 02:10:35 | INFO | Episode 7541 - Reward: -200.000, Length: 200, Loss: 12.7905, Entropy: 1.0882, Epsilon: 0.010
2026-04-19 02:10:35 | INFO | Episode 7542 - Reward: -200.000, Length: 200, Loss: 22.2142, Entropy: 1.0804, Epsilon: 0.010
2026-04-19 02:10:36 | INFO | Episode 7543 - Reward: -200.000, Length: 200, Loss: 15.8581, Entropy: 1.0730, Epsilon: 0.010
2026-04-19 02:10:36 | INFO | Episode 7544 - Reward: -200.000, Length: 200, Loss: 22.0456, Entropy: 1.0610, Epsilon: 0.010
2026-04-19 02:10:37 | INFO | Episode 7545 - Reward: -200.000, Length: 200, Loss: 9.5052, Entropy: 1.0890, Epsilon: 0.010
2026-04-19 02:10:37 | INFO | Episode 7546 - Reward: -200.000, Length: 200, Loss: 19.0960, Entropy: 1.0747, Epsilon: 0.010
2026-04-19 02:10:37 | INFO | Episode 7547 - Reward: -200.000, Length: 200, Loss: 25.4732, Entropy: 1.0649, Epsilon: 0.010
2026-04-19 02:10:38 | INFO | Episode 7548 - Reward: -200.000, Length: 200, Loss: 25.6394, Entropy: 1.0398, Epsilon: 0.010
2026-04-19 02:10:38 | INFO | Episode 7549 - Reward: -200.000, Length: 200, Loss: 37.0882, Entropy: 1.0273, Epsilon: 0.010
2026-04-19 02:10:38 | INFO | Episode 7550 - Reward: -200.000, Length: 200, Loss: 18.5605, Entropy: 1.0817, Epsilon: 0.010
2026-04-19 02:10:39 | INFO | Episode 7551 - Reward: -200.000, Length: 200, Loss: 17.7634, Entropy: 1.0409, Epsilon: 0.010
2026-04-19 02:10:39 | INFO | Episode 7552 - Reward: -200.000, Length: 200, Loss: 11.8704, Entropy: 1.0508, Epsilon: 0.010
2026-04-19 02:10:39 | INFO | Episode 7553 - Reward: -200.000, Length: 200, Loss: 14.6867, Entropy: 1.0559, Epsilon: 0.010
2026-04-19 02:10:40 | INFO | Episode 7554 - Reward: -200.000, Length: 200, Loss: 23.2469, Entropy: 1.0699, Epsilon: 0.010
2026-04-19 02:10:40 | INFO | Episode 7555 - Reward: -200.000, Length: 200, Loss: 14.3406, Entropy: 1.0532, Epsilon: 0.010
2026-04-19 02:10:41 | INFO | Episode 7556 - Reward: -200.000, Length: 200, Loss: 8.7990, Entropy: 1.0828, Epsilon: 0.010
2026-04-19 02:10:41 | INFO | Episode 7557 - Reward: -200.000, Length: 200, Loss: 14.6764, Entropy: 1.0756, Epsilon: 0.010
2026-04-19 02:10:41 | INFO | Episode 7558 - Reward: -200.000, Length: 200, Loss: 8.7914, Entropy: 1.0806, Epsilon: 0.010
2026-04-19 02:10:42 | INFO | Episode 7559 - Reward: -200.000, Length: 200, Loss: 18.1423, Entropy: 1.0731, Epsilon: 0.010
2026-04-19 02:10:42 | INFO | Episode 7560 - Reward: -200.000, Length: 200, Loss: 17.9201, Entropy: 1.0775, Epsilon: 0.010
2026-04-19 02:10:42 | INFO | Episode 7561 - Reward: -200.000, Length: 200, Loss: 20.7664, Entropy: 1.0693, Epsilon: 0.010
2026-04-19 02:10:43 | INFO | Episode 7562 - Reward: -200.000, Length: 200, Loss: 23.7035, Entropy: 1.0888, Epsilon: 0.010
2026-04-19 02:10:43 | INFO | Episode 7563 - Reward: -200.000, Length: 200, Loss: 20.7198, Entropy: 1.0800, Epsilon: 0.010
2026-04-19 02:10:43 | INFO | Episode 7564 - Reward: -200.000, Length: 200, Loss: 5.8324, Entropy: 1.0846, Epsilon: 0.010
2026-04-19 02:10:44 | INFO | Episode 7565 - Reward: -200.000, Length: 200, Loss: 14.7538, Entropy: 1.0676, Epsilon: 0.010
2026-04-19 02:10:44 | INFO | Episode 7566 - Reward: -200.000, Length: 200, Loss: 17.5113, Entropy: 1.0883, Epsilon: 0.010
2026-04-19 02:10:45 | INFO | Episode 7567 - Reward: -200.000, Length: 200, Loss: 8.7817, Entropy: 1.0819, Epsilon: 0.010
2026-04-19 02:10:45 | INFO | Episode 7568 - Reward: -200.000, Length: 200, Loss: 20.2781, Entropy: 1.0780, Epsilon: 0.010
2026-04-19 02:10:45 | INFO | Episode 7569 - Reward: -200.000, Length: 200, Loss: 22.8179, Entropy: 1.0612, Epsilon: 0.010
2026-04-19 02:10:46 | INFO | Episode 7570 - Reward: -200.000, Length: 200, Loss: 8.6639, Entropy: 1.0719, Epsilon: 0.010
2026-04-19 02:10:46 | INFO | Episode 7571 - Reward: -200.000, Length: 200, Loss: 11.3526, Entropy: 1.0773, Epsilon: 0.010
2026-04-19 02:10:46 | INFO | Episode 7572 - Reward: -200.000, Length: 200, Loss: 17.2503, Entropy: 1.0734, Epsilon: 0.010
2026-04-19 02:10:47 | INFO | Episode 7573 - Reward: -200.000, Length: 200, Loss: 19.7598, Entropy: 1.0841, Epsilon: 0.010
2026-04-19 02:10:47 | INFO | Episode 7574 - Reward: -200.000, Length: 200, Loss: 8.2045, Entropy: 1.0770, Epsilon: 0.010
2026-04-19 02:10:47 | INFO | Episode 7575 - Reward: -200.000, Length: 200, Loss: 8.1104, Entropy: 1.0703, Epsilon: 0.010
2026-04-19 02:10:48 | INFO | Episode 7576 - Reward: -200.000, Length: 200, Loss: 19.2265, Entropy: 1.0821, Epsilon: 0.010
2026-04-19 02:10:48 | INFO | Episode 7577 - Reward: -200.000, Length: 200, Loss: 5.4307, Entropy: 1.0800, Epsilon: 0.010
2026-04-19 02:10:49 | INFO | Episode 7578 - Reward: -200.000, Length: 200, Loss: 16.1744, Entropy: 1.0574, Epsilon: 0.010
2026-04-19 02:10:49 | INFO | Episode 7579 - Reward: -200.000, Length: 200, Loss: 18.9445, Entropy: 1.0418, Epsilon: 0.010
2026-04-19 02:10:49 | INFO | Episode 7580 - Reward: -200.000, Length: 200, Loss: 18.7951, Entropy: 1.0803, Epsilon: 0.010
2026-04-19 02:10:50 | INFO | Episode 7581 - Reward: -200.000, Length: 200, Loss: 8.0381, Entropy: 1.0658, Epsilon: 0.010
2026-04-19 02:10:50 | INFO | Episode 7582 - Reward: -200.000, Length: 200, Loss: 10.8308, Entropy: 1.0841, Epsilon: 0.010
2026-04-19 02:10:50 | INFO | Episode 7583 - Reward: -200.000, Length: 200, Loss: 13.5186, Entropy: 1.0754, Epsilon: 0.010
2026-04-19 02:10:51 | INFO | Episode 7584 - Reward: -200.000, Length: 200, Loss: 5.4205, Entropy: 1.0818, Epsilon: 0.010
2026-04-19 02:10:51 | INFO | Episode 7585 - Reward: -200.000, Length: 200, Loss: 24.0581, Entropy: 1.0696, Epsilon: 0.010
2026-04-19 02:10:51 | INFO | Episode 7586 - Reward: -200.000, Length: 200, Loss: 8.0134, Entropy: 1.0763, Epsilon: 0.010
2026-04-19 02:10:52 | INFO | Episode 7587 - Reward: -200.000, Length: 200, Loss: 13.4885, Entropy: 1.0902, Epsilon: 0.010
2026-04-19 02:10:52 | INFO | Episode 7588 - Reward: -200.000, Length: 200, Loss: 10.6009, Entropy: 1.0803, Epsilon: 0.010
2026-04-19 02:10:53 | INFO | Episode 7589 - Reward: -200.000, Length: 200, Loss: 7.6841, Entropy: 1.0810, Epsilon: 0.010
2026-04-19 02:10:53 | INFO | Episode 7590 - Reward: -200.000, Length: 200, Loss: 5.1724, Entropy: 1.0746, Epsilon: 0.010
2026-04-19 02:10:53 | INFO | Episode 7591 - Reward: -200.000, Length: 200, Loss: 10.7665, Entropy: 1.0806, Epsilon: 0.010
2026-04-19 02:10:54 | INFO | Episode 7592 - Reward: -200.000, Length: 200, Loss: 21.2393, Entropy: 1.0645, Epsilon: 0.010
2026-04-19 02:10:54 | INFO | Episode 7593 - Reward: -200.000, Length: 200, Loss: 15.9616, Entropy: 1.0848, Epsilon: 0.010
2026-04-19 02:10:54 | INFO | Episode 7594 - Reward: -200.000, Length: 200, Loss: 10.6896, Entropy: 1.0876, Epsilon: 0.010
2026-04-19 02:10:55 | INFO | Episode 7595 - Reward: -200.000, Length: 200, Loss: 8.0043, Entropy: 1.0836, Epsilon: 0.010
2026-04-19 02:10:55 | INFO | Episode 7596 - Reward: -200.000, Length: 200, Loss: 16.5214, Entropy: 1.0687, Epsilon: 0.010
2026-04-19 02:10:56 | INFO | Episode 7597 - Reward: -200.000, Length: 200, Loss: 13.6674, Entropy: 1.0873, Epsilon: 0.010
2026-04-19 02:10:56 | INFO | Episode 7598 - Reward: -200.000, Length: 200, Loss: 5.4565, Entropy: 1.0871, Epsilon: 0.010
2026-04-19 02:10:56 | INFO | Episode 7599 - Reward: -200.000, Length: 200, Loss: 27.6124, Entropy: 1.0726, Epsilon: 0.010
2026-04-19 02:10:57 | INFO | Episode 7600 - Reward: -200.000, Length: 200, Loss: 13.8322, Entropy: 1.0815, Epsilon: 0.010
2026-04-19 02:11:02 | INFO | [Episode 7600] eps=0.010  avg_reward=-200.000  avg_length=200.00  avg_loss= 14.8261  avg_entropy=1.0815  eval_success=0.000
2026-04-19 02:11:02 | INFO | Episode 7601 - Reward: -200.000, Length: 200, Loss: 5.6469, Entropy: 1.0904, Epsilon: 0.010
2026-04-19 02:11:02 | INFO | Episode 7602 - Reward: -200.000, Length: 200, Loss: 14.0495, Entropy: 1.0741, Epsilon: 0.010
2026-04-19 02:11:03 | INFO | Episode 7603 - Reward: -200.000, Length: 200, Loss: 13.9078, Entropy: 1.0857, Epsilon: 0.010
2026-04-19 02:11:03 | INFO | Episode 7604 - Reward: -200.000, Length: 200, Loss: 13.5758, Entropy: 1.0667, Epsilon: 0.010
2026-04-19 02:11:03 | INFO | Episode 7605 - Reward: -200.000, Length: 200, Loss: 16.3224, Entropy: 1.0735, Epsilon: 0.010
2026-04-19 02:11:04 | INFO | Episode 7606 - Reward: -200.000, Length: 200, Loss: 18.8130, Entropy: 1.0819, Epsilon: 0.010
2026-04-19 02:11:04 | INFO | Episode 7607 - Reward: -200.000, Length: 200, Loss: 16.4285, Entropy: 1.0843, Epsilon: 0.010
2026-04-19 02:11:05 | INFO | Episode 7608 - Reward: -200.000, Length: 200, Loss: 10.9756, Entropy: 1.0847, Epsilon: 0.010
2026-04-19 02:11:05 | INFO | Episode 7609 - Reward: -200.000, Length: 200, Loss: 13.7160, Entropy: 1.0865, Epsilon: 0.010
2026-04-19 02:11:05 | INFO | Episode 7610 - Reward: -200.000, Length: 200, Loss: 13.6173, Entropy: 1.0875, Epsilon: 0.010
2026-04-19 02:11:06 | INFO | Episode 7611 - Reward: -200.000, Length: 200, Loss: 8.0675, Entropy: 1.0858, Epsilon: 0.010
2026-04-19 02:11:06 | INFO | Episode 7612 - Reward: -200.000, Length: 200, Loss: 13.6401, Entropy: 1.0853, Epsilon: 0.010
2026-04-19 02:11:06 | INFO | Episode 7613 - Reward: -200.000, Length: 200, Loss: 8.1044, Entropy: 1.0857, Epsilon: 0.010
2026-04-19 02:11:07 | INFO | Episode 7614 - Reward: -200.000, Length: 200, Loss: 13.7720, Entropy: 1.0735, Epsilon: 0.010
2026-04-19 02:11:07 | INFO | Episode 7615 - Reward: -200.000, Length: 200, Loss: 16.4984, Entropy: 1.0798, Epsilon: 0.010
2026-04-19 02:11:07 | INFO | Episode 7616 - Reward: -200.000, Length: 200, Loss: 24.9844, Entropy: 1.0508, Epsilon: 0.010
2026-04-19 02:11:08 | INFO | Episode 7617 - Reward: -200.000, Length: 200, Loss: 19.3298, Entropy: 1.0835, Epsilon: 0.010
2026-04-19 02:11:08 | INFO | Episode 7618 - Reward: -200.000, Length: 200, Loss: 8.3235, Entropy: 1.0868, Epsilon: 0.010
2026-04-19 02:11:09 | INFO | Episode 7619 - Reward: -200.000, Length: 200, Loss: 21.8941, Entropy: 1.0821, Epsilon: 0.010
2026-04-19 02:11:09 | INFO | Episode 7620 - Reward: -200.000, Length: 200, Loss: 27.4746, Entropy: 1.0772, Epsilon: 0.010
2026-04-19 02:11:09 | INFO | Episode 7621 - Reward: -200.000, Length: 200, Loss: 13.4662, Entropy: 1.0708, Epsilon: 0.010
2026-04-19 02:11:10 | INFO | Episode 7622 - Reward: -200.000, Length: 200, Loss: 13.7330, Entropy: 1.0467, Epsilon: 0.010
2026-04-19 02:11:10 | INFO | Episode 7623 - Reward: -200.000, Length: 200, Loss: 13.9826, Entropy: 1.0640, Epsilon: 0.010
2026-04-19 02:11:10 | INFO | Episode 7624 - Reward: -200.000, Length: 200, Loss: 8.2218, Entropy: 1.0772, Epsilon: 0.010
2026-04-19 02:11:11 | INFO | Episode 7625 - Reward: -200.000, Length: 200, Loss: 19.2109, Entropy: 1.0475, Epsilon: 0.010
2026-04-19 02:11:11 | INFO | Episode 7626 - Reward: -200.000, Length: 200, Loss: 19.5352, Entropy: 1.0734, Epsilon: 0.010
2026-04-19 02:11:12 | INFO | Episode 7627 - Reward: -200.000, Length: 200, Loss: 17.0021, Entropy: 1.0897, Epsilon: 0.010
2026-04-19 02:11:12 | INFO | Episode 7628 - Reward: -200.000, Length: 200, Loss: 16.9770, Entropy: 1.0603, Epsilon: 0.010
2026-04-19 02:11:12 | INFO | Episode 7629 - Reward: -200.000, Length: 200, Loss: 11.2934, Entropy: 1.0906, Epsilon: 0.010
2026-04-19 02:11:13 | INFO | Episode 7630 - Reward: -200.000, Length: 200, Loss: 17.2136, Entropy: 1.0712, Epsilon: 0.010
2026-04-19 02:11:13 | INFO | Episode 7631 - Reward: -200.000, Length: 200, Loss: 8.6870, Entropy: 1.0710, Epsilon: 0.010
2026-04-19 02:11:13 | INFO | Episode 7632 - Reward: -200.000, Length: 200, Loss: 20.2003, Entropy: 1.0775, Epsilon: 0.010
2026-04-19 02:11:14 | INFO | Episode 7633 - Reward: -200.000, Length: 200, Loss: 17.1304, Entropy: 1.0761, Epsilon: 0.010
2026-04-19 02:11:14 | INFO | Episode 7634 - Reward: -200.000, Length: 200, Loss: 8.4230, Entropy: 1.0657, Epsilon: 0.010
2026-04-19 02:11:14 | INFO | Episode 7635 - Reward: -200.000, Length: 200, Loss: 8.5947, Entropy: 1.0797, Epsilon: 0.010
2026-04-19 02:11:15 | INFO | Episode 7636 - Reward: -200.000, Length: 200, Loss: 8.4913, Entropy: 1.0884, Epsilon: 0.010
2026-04-19 02:11:15 | INFO | Episode 7637 - Reward: -200.000, Length: 200, Loss: 14.2532, Entropy: 1.0842, Epsilon: 0.010
2026-04-19 02:11:16 | INFO | Episode 7638 - Reward: -200.000, Length: 200, Loss: 25.8352, Entropy: 1.0758, Epsilon: 0.010
2026-04-19 02:11:16 | INFO | Episode 7639 - Reward: -200.000, Length: 200, Loss: 17.1691, Entropy: 1.0600, Epsilon: 0.010
2026-04-19 02:11:16 | INFO | Episode 7640 - Reward: -200.000, Length: 200, Loss: 17.1319, Entropy: 1.0728, Epsilon: 0.010
2026-04-19 02:11:17 | INFO | Episode 7641 - Reward: -200.000, Length: 200, Loss: 5.6257, Entropy: 1.0819, Epsilon: 0.010
2026-04-19 02:11:17 | INFO | Episode 7642 - Reward: -200.000, Length: 200, Loss: 20.1893, Entropy: 1.0851, Epsilon: 0.010
2026-04-19 02:11:17 | INFO | Episode 7643 - Reward: -200.000, Length: 200, Loss: 17.0425, Entropy: 1.0850, Epsilon: 0.010
2026-04-19 02:11:18 | INFO | Episode 7644 - Reward: -200.000, Length: 200, Loss: 8.3206, Entropy: 1.0846, Epsilon: 0.010
2026-04-19 02:11:18 | INFO | Episode 7645 - Reward: -200.000, Length: 200, Loss: 8.2544, Entropy: 1.0870, Epsilon: 0.010
2026-04-19 02:11:18 | INFO | Episode 7646 - Reward: -200.000, Length: 200, Loss: 11.1137, Entropy: 1.0869, Epsilon: 0.010
2026-04-19 02:11:19 | INFO | Episode 7647 - Reward: -200.000, Length: 200, Loss: 24.9828, Entropy: 1.0799, Epsilon: 0.010
2026-04-19 02:11:19 | INFO | Episode 7648 - Reward: -200.000, Length: 200, Loss: 22.1173, Entropy: 1.0824, Epsilon: 0.010
2026-04-19 02:11:20 | INFO | Episode 7649 - Reward: -200.000, Length: 200, Loss: 16.4493, Entropy: 1.0814, Epsilon: 0.010
2026-04-19 02:11:20 | INFO | Episode 7650 - Reward: -200.000, Length: 200, Loss: 10.9278, Entropy: 1.0871, Epsilon: 0.010
2026-04-19 02:11:20 | INFO | Episode 7651 - Reward: -200.000, Length: 200, Loss: 13.9704, Entropy: 1.0879, Epsilon: 0.010
2026-04-19 02:11:21 | INFO | Episode 7652 - Reward: -200.000, Length: 200, Loss: 8.2459, Entropy: 1.0896, Epsilon: 0.010
2026-04-19 02:11:21 | INFO | Episode 7653 - Reward: -200.000, Length: 200, Loss: 14.0288, Entropy: 1.0705, Epsilon: 0.010
2026-04-19 02:11:21 | INFO | Episode 7654 - Reward: -200.000, Length: 200, Loss: 16.8493, Entropy: 1.0794, Epsilon: 0.010
2026-04-19 02:11:22 | INFO | Episode 7655 - Reward: -200.000, Length: 200, Loss: 11.2974, Entropy: 1.0803, Epsilon: 0.010
2026-04-19 02:11:22 | INFO | Episode 7656 - Reward: -200.000, Length: 200, Loss: 25.5628, Entropy: 1.0658, Epsilon: 0.010
2026-04-19 02:11:23 | INFO | Episode 7657 - Reward: -200.000, Length: 200, Loss: 19.6999, Entropy: 1.0838, Epsilon: 0.010
2026-04-19 02:11:23 | INFO | Episode 7658 - Reward: -200.000, Length: 200, Loss: 19.6440, Entropy: 1.0844, Epsilon: 0.010
2026-04-19 02:11:23 | INFO | Episode 7659 - Reward: -200.000, Length: 200, Loss: 19.7505, Entropy: 1.0791, Epsilon: 0.010
2026-04-19 02:11:24 | INFO | Episode 7660 - Reward: -200.000, Length: 200, Loss: 17.0081, Entropy: 1.0710, Epsilon: 0.010
2026-04-19 02:11:24 | INFO | Episode 7661 - Reward: -200.000, Length: 200, Loss: 19.7704, Entropy: 1.0717, Epsilon: 0.010
2026-04-19 02:11:24 | INFO | Episode 7662 - Reward: -200.000, Length: 200, Loss: 22.4126, Entropy: 1.0740, Epsilon: 0.010
2026-04-19 02:11:25 | INFO | Episode 7663 - Reward: -200.000, Length: 200, Loss: 16.7362, Entropy: 1.0643, Epsilon: 0.010
2026-04-19 02:11:25 | INFO | Episode 7664 - Reward: -200.000, Length: 200, Loss: 25.5214, Entropy: 1.0577, Epsilon: 0.010
2026-04-19 02:11:25 | INFO | Episode 7665 - Reward: -200.000, Length: 200, Loss: 11.2660, Entropy: 1.0688, Epsilon: 0.010
2026-04-19 02:11:26 | INFO | Episode 7666 - Reward: -200.000, Length: 200, Loss: 14.2822, Entropy: 1.0895, Epsilon: 0.010
2026-04-19 02:11:26 | INFO | Episode 7667 - Reward: -200.000, Length: 200, Loss: 20.0894, Entropy: 1.0755, Epsilon: 0.010
2026-04-19 02:11:27 | INFO | Episode 7668 - Reward: -200.000, Length: 200, Loss: 2.8986, Entropy: 1.0746, Epsilon: 0.010
2026-04-19 02:11:27 | INFO | Episode 7669 - Reward: -200.000, Length: 200, Loss: 17.2085, Entropy: 1.0795, Epsilon: 0.010
2026-04-19 02:11:27 | INFO | Episode 7670 - Reward: -200.000, Length: 200, Loss: 11.5530, Entropy: 1.0874, Epsilon: 0.010
2026-04-19 02:11:28 | INFO | Episode 7671 - Reward: -200.000, Length: 200, Loss: 17.5609, Entropy: 1.0858, Epsilon: 0.010
2026-04-19 02:11:28 | INFO | Episode 7672 - Reward: -200.000, Length: 200, Loss: 8.7603, Entropy: 1.0859, Epsilon: 0.010
2026-04-19 02:11:28 | INFO | Episode 7673 - Reward: -200.000, Length: 200, Loss: 14.7045, Entropy: 1.0808, Epsilon: 0.010
2026-04-19 02:11:29 | INFO | Episode 7674 - Reward: -200.000, Length: 200, Loss: 5.8554, Entropy: 1.0898, Epsilon: 0.010
2026-04-19 02:11:29 | INFO | Episode 7675 - Reward: -200.000, Length: 200, Loss: 20.9952, Entropy: 1.0685, Epsilon: 0.010
2026-04-19 02:11:30 | INFO | Episode 7676 - Reward: -200.000, Length: 200, Loss: 20.7939, Entropy: 1.0505, Epsilon: 0.010
2026-04-19 02:11:30 | INFO | Episode 7677 - Reward: -200.000, Length: 200, Loss: 17.5778, Entropy: 1.0789, Epsilon: 0.010
2026-04-19 02:11:30 | INFO | Episode 7678 - Reward: -200.000, Length: 200, Loss: 2.9730, Entropy: 1.0869, Epsilon: 0.010
2026-04-19 02:11:31 | INFO | Episode 7679 - Reward: -200.000, Length: 200, Loss: 32.6193, Entropy: 1.0862, Epsilon: 0.010
2026-04-19 02:11:31 | INFO | Episode 7680 - Reward: -200.000, Length: 200, Loss: 15.1373, Entropy: 1.0797, Epsilon: 0.010
2026-04-19 02:11:31 | INFO | Episode 7681 - Reward: -200.000, Length: 200, Loss: 11.9073, Entropy: 1.0763, Epsilon: 0.010
2026-04-19 02:11:32 | INFO | Episode 7682 - Reward: -200.000, Length: 200, Loss: 26.6072, Entropy: 1.0777, Epsilon: 0.010
2026-04-19 02:11:32 | INFO | Episode 7683 - Reward: -200.000, Length: 200, Loss: 27.0747, Entropy: 1.0733, Epsilon: 0.010
2026-04-19 02:11:33 | INFO | Episode 7684 - Reward: -200.000, Length: 200, Loss: 8.5371, Entropy: 1.0788, Epsilon: 0.010
2026-04-19 02:11:33 | INFO | Episode 7685 - Reward: -200.000, Length: 200, Loss: 17.2319, Entropy: 1.0876, Epsilon: 0.010
2026-04-19 02:11:33 | INFO | Episode 7686 - Reward: -200.000, Length: 200, Loss: 8.3464, Entropy: 1.0863, Epsilon: 0.010
2026-04-19 02:11:34 | INFO | Episode 7687 - Reward: -200.000, Length: 200, Loss: 8.5180, Entropy: 1.0870, Epsilon: 0.010
2026-04-19 02:11:34 | INFO | Episode 7688 - Reward: -200.000, Length: 200, Loss: 17.1319, Entropy: 1.0694, Epsilon: 0.010
2026-04-19 02:11:34 | INFO | Episode 7689 - Reward: -200.000, Length: 200, Loss: 2.7529, Entropy: 1.0907, Epsilon: 0.010
2026-04-19 02:11:35 | INFO | Episode 7690 - Reward: -200.000, Length: 200, Loss: 28.3500, Entropy: 1.0670, Epsilon: 0.010
2026-04-19 02:11:35 | INFO | Episode 7691 - Reward: -200.000, Length: 200, Loss: 8.6242, Entropy: 1.0845, Epsilon: 0.010
2026-04-19 02:11:36 | INFO | Episode 7692 - Reward: -200.000, Length: 200, Loss: 14.4760, Entropy: 1.0741, Epsilon: 0.010
2026-04-19 02:11:36 | INFO | Episode 7693 - Reward: -200.000, Length: 200, Loss: 20.2143, Entropy: 1.0736, Epsilon: 0.010
2026-04-19 02:11:36 | INFO | Episode 7694 - Reward: -200.000, Length: 200, Loss: 11.4336, Entropy: 1.0837, Epsilon: 0.010
2026-04-19 02:11:37 | INFO | Episode 7695 - Reward: -200.000, Length: 200, Loss: 28.7304, Entropy: 1.0475, Epsilon: 0.010
2026-04-19 02:11:37 | INFO | Episode 7696 - Reward: -200.000, Length: 200, Loss: 11.5804, Entropy: 1.0642, Epsilon: 0.010
2026-04-19 02:11:37 | INFO | Episode 7697 - Reward: -200.000, Length: 200, Loss: 11.5533, Entropy: 1.0461, Epsilon: 0.010
2026-04-19 02:11:38 | INFO | Episode 7698 - Reward: -200.000, Length: 200, Loss: 8.5044, Entropy: 1.0815, Epsilon: 0.010
2026-04-19 02:11:38 | INFO | Episode 7699 - Reward: -200.000, Length: 200, Loss: 17.2334, Entropy: 1.0784, Epsilon: 0.010
2026-04-19 02:11:38 | INFO | Episode 7700 - Reward: -200.000, Length: 200, Loss: 8.6498, Entropy: 1.0850, Epsilon: 0.010
2026-04-19 02:11:43 | INFO | [Episode 7700] eps=0.010  avg_reward=-200.000  avg_length=200.00  avg_loss= 15.2295  avg_entropy=1.0850  eval_success=0.000
2026-04-19 02:11:44 | INFO | Episode 7701 - Reward: -200.000, Length: 200, Loss: 5.7154, Entropy: 1.0893, Epsilon: 0.010
2026-04-19 02:11:44 | INFO | Episode 7702 - Reward: -200.000, Length: 200, Loss: 20.1698, Entropy: 1.0758, Epsilon: 0.010
2026-04-19 02:11:44 | INFO | Episode 7703 - Reward: -200.000, Length: 200, Loss: 26.1495, Entropy: 1.0502, Epsilon: 0.010
2026-04-19 02:11:45 | INFO | Episode 7704 - Reward: -200.000, Length: 200, Loss: 11.6432, Entropy: 1.0725, Epsilon: 0.010
2026-04-19 02:11:45 | INFO | Episode 7705 - Reward: -200.000, Length: 200, Loss: 14.3343, Entropy: 1.0876, Epsilon: 0.010
2026-04-19 02:11:46 | INFO | Episode 7706 - Reward: -200.000, Length: 200, Loss: 11.3884, Entropy: 1.0720, Epsilon: 0.010
2026-04-19 02:11:46 | INFO | Episode 7707 - Reward: -200.000, Length: 200, Loss: 20.0026, Entropy: 1.0354, Epsilon: 0.010
2026-04-19 02:11:46 | INFO | Episode 7708 - Reward: -200.000, Length: 200, Loss: 11.6194, Entropy: 1.0746, Epsilon: 0.010
2026-04-19 02:11:47 | INFO | Episode 7709 - Reward: -200.000, Length: 200, Loss: 14.4996, Entropy: 1.0879, Epsilon: 0.010
2026-04-19 02:11:47 | INFO | Episode 7710 - Reward: -200.000, Length: 200, Loss: 23.2397, Entropy: 1.0742, Epsilon: 0.010
2026-04-19 02:11:47 | INFO | Episode 7711 - Reward: -200.000, Length: 200, Loss: 26.2682, Entropy: 1.0698, Epsilon: 0.010
2026-04-19 02:11:48 | INFO | Episode 7712 - Reward: -200.000, Length: 200, Loss: 14.8681, Entropy: 1.0708, Epsilon: 0.010
2026-04-19 02:11:48 | INFO | Episode 7713 - Reward: -200.000, Length: 200, Loss: 23.2442, Entropy: 1.0708, Epsilon: 0.010
2026-04-19 02:11:48 | INFO | Episode 7714 - Reward: -200.000, Length: 200, Loss: 8.7888, Entropy: 1.0850, Epsilon: 0.010
2026-04-19 02:11:49 | INFO | Episode 7715 - Reward: -200.000, Length: 200, Loss: 14.7719, Entropy: 1.0850, Epsilon: 0.010
2026-04-19 02:11:49 | INFO | Episode 7716 - Reward: -200.000, Length: 200, Loss: 14.7896, Entropy: 1.0856, Epsilon: 0.010
2026-04-19 02:11:50 | INFO | Episode 7717 - Reward: -200.000, Length: 200, Loss: 8.7970, Entropy: 1.0848, Epsilon: 0.010
2026-04-19 02:11:50 | INFO | Episode 7718 - Reward: -200.000, Length: 200, Loss: 5.7881, Entropy: 1.0871, Epsilon: 0.010
2026-04-19 02:11:50 | INFO | Episode 7719 - Reward: -200.000, Length: 200, Loss: 8.5998, Entropy: 1.0773, Epsilon: 0.010
2026-04-19 02:11:51 | INFO | Episode 7720 - Reward: -200.000, Length: 200, Loss: 23.4177, Entropy: 1.0803, Epsilon: 0.010
2026-04-19 02:11:51 | INFO | Episode 7721 - Reward: -200.000, Length: 200, Loss: 5.8389, Entropy: 1.0830, Epsilon: 0.010
2026-04-19 02:11:51 | INFO | Episode 7722 - Reward: -200.000, Length: 200, Loss: 11.6043, Entropy: 1.0725, Epsilon: 0.010
2026-04-19 02:11:52 | INFO | Episode 7723 - Reward: -200.000, Length: 200, Loss: 8.6746, Entropy: 1.0709, Epsilon: 0.010
2026-04-19 02:11:52 | INFO | Episode 7724 - Reward: -200.000, Length: 200, Loss: 2.8185, Entropy: 1.0820, Epsilon: 0.010
2026-04-19 02:11:52 | INFO | Episode 7725 - Reward: -200.000, Length: 200, Loss: 5.6674, Entropy: 1.0865, Epsilon: 0.010
2026-04-19 02:11:53 | INFO | Episode 7726 - Reward: -200.000, Length: 200, Loss: 17.4203, Entropy: 1.0641, Epsilon: 0.010
2026-04-19 02:11:53 | INFO | Episode 7727 - Reward: -200.000, Length: 200, Loss: 14.8549, Entropy: 1.0685, Epsilon: 0.010
2026-04-19 02:11:54 | INFO | Episode 7728 - Reward: -200.000, Length: 200, Loss: 26.5647, Entropy: 1.0733, Epsilon: 0.010
2026-04-19 02:11:54 | INFO | Episode 7729 - Reward: -200.000, Length: 200, Loss: 26.5786, Entropy: 1.0528, Epsilon: 0.010
2026-04-19 02:11:54 | INFO | Episode 7730 - Reward: -200.000, Length: 200, Loss: 14.8682, Entropy: 1.0564, Epsilon: 0.010
2026-04-19 02:11:55 | INFO | Episode 7731 - Reward: -200.000, Length: 200, Loss: 14.9300, Entropy: 1.0674, Epsilon: 0.010
2026-04-19 02:11:55 | INFO | Episode 7732 - Reward: -200.000, Length: 200, Loss: 12.0078, Entropy: 1.0862, Epsilon: 0.010
2026-04-19 02:11:55 | INFO | Episode 7733 - Reward: -200.000, Length: 200, Loss: 9.0198, Entropy: 1.0869, Epsilon: 0.010
2026-04-19 02:11:56 | INFO | Episode 7734 - Reward: -200.000, Length: 200, Loss: 12.0940, Entropy: 1.0862, Epsilon: 0.010
2026-04-19 02:11:56 | INFO | Episode 7735 - Reward: -200.000, Length: 200, Loss: 26.8725, Entropy: 1.0739, Epsilon: 0.010
2026-04-19 02:11:56 | INFO | Episode 7736 - Reward: -200.000, Length: 200, Loss: 17.3847, Entropy: 1.0413, Epsilon: 0.010
2026-04-19 02:11:57 | INFO | Episode 7737 - Reward: -200.000, Length: 200, Loss: 23.1324, Entropy: 1.0812, Epsilon: 0.010
2026-04-19 02:11:57 | INFO | Episode 7738 - Reward: -200.000, Length: 200, Loss: 14.6416, Entropy: 1.0903, Epsilon: 0.010
2026-04-19 02:11:58 | INFO | Episode 7739 - Reward: -200.000, Length: 200, Loss: 17.2988, Entropy: 1.0758, Epsilon: 0.010
2026-04-19 02:11:58 | INFO | Episode 7740 - Reward: -200.000, Length: 200, Loss: 25.5960, Entropy: 1.0450, Epsilon: 0.010
2026-04-19 02:11:58 | INFO | Episode 7741 - Reward: -200.000, Length: 200, Loss: 11.7729, Entropy: 1.0691, Epsilon: 0.010
2026-04-19 02:11:59 | INFO | Episode 7742 - Reward: -200.000, Length: 200, Loss: 11.9605, Entropy: 1.0689, Epsilon: 0.010
2026-04-19 02:11:59 | INFO | Episode 7743 - Reward: -200.000, Length: 200, Loss: 5.9488, Entropy: 1.0895, Epsilon: 0.010
2026-04-19 02:11:59 | INFO | Episode 7744 - Reward: -200.000, Length: 200, Loss: 5.9270, Entropy: 1.0848, Epsilon: 0.010
2026-04-19 02:12:00 | INFO | Episode 7745 - Reward: -200.000, Length: 200, Loss: 8.9840, Entropy: 1.0744, Epsilon: 0.010
2026-04-19 02:12:00 | INFO | Episode 7746 - Reward: -200.000, Length: 200, Loss: 14.9966, Entropy: 1.0773, Epsilon: 0.010
2026-04-19 02:12:01 | INFO | Episode 7747 - Reward: -200.000, Length: 200, Loss: 12.1681, Entropy: 1.0817, Epsilon: 0.010
2026-04-19 02:12:01 | INFO | Episode 7748 - Reward: -200.000, Length: 200, Loss: 12.0426, Entropy: 1.0861, Epsilon: 0.010
2026-04-19 02:12:01 | INFO | Episode 7749 - Reward: -200.000, Length: 200, Loss: 18.3629, Entropy: 1.0744, Epsilon: 0.010
2026-04-19 02:12:02 | INFO | Episode 7750 - Reward: -200.000, Length: 200, Loss: 18.2075, Entropy: 1.0794, Epsilon: 0.010
2026-04-19 02:12:02 | INFO | Episode 7751 - Reward: -200.000, Length: 200, Loss: 11.8781, Entropy: 1.0869, Epsilon: 0.010
2026-04-19 02:12:02 | INFO | Episode 7752 - Reward: -200.000, Length: 200, Loss: 24.2609, Entropy: 1.0653, Epsilon: 0.010
2026-04-19 02:12:03 | INFO | Episode 7753 - Reward: -200.000, Length: 200, Loss: 8.9805, Entropy: 1.0816, Epsilon: 0.010
2026-04-19 02:12:03 | INFO | Episode 7754 - Reward: -200.000, Length: 200, Loss: 23.8575, Entropy: 1.0715, Epsilon: 0.010
2026-04-19 02:12:04 | INFO | Episode 7755 - Reward: -200.000, Length: 200, Loss: 2.9356, Entropy: 1.0879, Epsilon: 0.010
2026-04-19 02:12:04 | INFO | Episode 7756 - Reward: -200.000, Length: 200, Loss: 21.2642, Entropy: 1.0800, Epsilon: 0.010
2026-04-19 02:12:04 | INFO | Episode 7757 - Reward: -200.000, Length: 200, Loss: 9.1814, Entropy: 1.0786, Epsilon: 0.010
2026-04-19 02:12:05 | INFO | Episode 7758 - Reward: -200.000, Length: 200, Loss: 21.2614, Entropy: 1.0816, Epsilon: 0.010
2026-04-19 02:12:05 | INFO | Episode 7759 - Reward: -200.000, Length: 200, Loss: 21.3172, Entropy: 1.0789, Epsilon: 0.010
2026-04-19 02:12:05 | INFO | Episode 7760 - Reward: -200.000, Length: 200, Loss: 12.1547, Entropy: 1.0908, Epsilon: 0.010
2026-04-19 02:12:06 | INFO | Episode 7761 - Reward: -200.000, Length: 200, Loss: 8.8598, Entropy: 1.0876, Epsilon: 0.010
2026-04-19 02:12:06 | INFO | Episode 7762 - Reward: -200.000, Length: 200, Loss: 5.9632, Entropy: 1.0886, Epsilon: 0.010
2026-04-19 02:12:07 | INFO | Episode 7763 - Reward: -200.000, Length: 200, Loss: 18.1678, Entropy: 1.0832, Epsilon: 0.010
2026-04-19 02:12:07 | INFO | Episode 7764 - Reward: -200.000, Length: 200, Loss: 3.0104, Entropy: 1.0895, Epsilon: 0.010
2026-04-19 02:12:07 | INFO | Episode 7765 - Reward: -200.000, Length: 200, Loss: 6.0806, Entropy: 1.0848, Epsilon: 0.010
2026-04-19 02:12:08 | INFO | Episode 7766 - Reward: -200.000, Length: 200, Loss: 15.1314, Entropy: 1.0864, Epsilon: 0.010
2026-04-19 02:12:08 | INFO | Episode 7767 - Reward: -200.000, Length: 200, Loss: 21.3058, Entropy: 1.0817, Epsilon: 0.010
2026-04-19 02:12:08 | INFO | Episode 7768 - Reward: -200.000, Length: 200, Loss: 24.6395, Entropy: 1.0678, Epsilon: 0.010
2026-04-19 02:12:09 | INFO | Episode 7769 - Reward: -200.000, Length: 200, Loss: 18.7039, Entropy: 1.0727, Epsilon: 0.010
2026-04-19 02:12:09 | INFO | Episode 7770 - Reward: -200.000, Length: 200, Loss: 15.3511, Entropy: 1.0844, Epsilon: 0.010
2026-04-19 02:12:09 | INFO | Episode 7771 - Reward: -200.000, Length: 200, Loss: 24.9972, Entropy: 1.0807, Epsilon: 0.010
2026-04-19 02:12:10 | INFO | Episode 7772 - Reward: -200.000, Length: 200, Loss: 9.2848, Entropy: 1.0751, Epsilon: 0.010
2026-04-19 02:12:10 | INFO | Episode 7773 - Reward: -200.000, Length: 200, Loss: 9.5069, Entropy: 1.0744, Epsilon: 0.010
2026-04-19 02:12:11 | INFO | Episode 7774 - Reward: -200.000, Length: 200, Loss: 9.3984, Entropy: 1.0799, Epsilon: 0.010
2026-04-19 02:12:11 | INFO | Episode 7775 - Reward: -200.000, Length: 200, Loss: 18.9651, Entropy: 1.0723, Epsilon: 0.010
2026-04-19 02:12:11 | INFO | Episode 7776 - Reward: -200.000, Length: 200, Loss: 15.7321, Entropy: 1.0760, Epsilon: 0.010
2026-04-19 02:12:12 | INFO | Episode 7777 - Reward: -200.000, Length: 200, Loss: 9.3174, Entropy: 1.0850, Epsilon: 0.010
2026-04-19 02:12:12 | INFO | Episode 7778 - Reward: -200.000, Length: 200, Loss: 25.1140, Entropy: 1.0819, Epsilon: 0.010
2026-04-19 02:12:14 | INFO | Episode 7779 - Reward: -200.000, Length: 200, Loss: 21.4131, Entropy: 1.0677, Epsilon: 0.010
2026-04-19 02:12:15 | INFO | Episode 7780 - Reward: -200.000, Length: 200, Loss: 30.8944, Entropy: 1.0652, Epsilon: 0.010
2026-04-19 02:12:15 | INFO | Episode 7781 - Reward: -200.000, Length: 200, Loss: 12.3773, Entropy: 1.0775, Epsilon: 0.010
2026-04-19 02:12:15 | INFO | Episode 7782 - Reward: -200.000, Length: 200, Loss: 18.5677, Entropy: 1.0838, Epsilon: 0.010
2026-04-19 02:12:16 | INFO | Episode 7783 - Reward: -200.000, Length: 200, Loss: 18.5848, Entropy: 1.0806, Epsilon: 0.010
2026-04-19 02:12:16 | INFO | Episode 7784 - Reward: -200.000, Length: 200, Loss: 11.8948, Entropy: 1.0812, Epsilon: 0.010
2026-04-19 02:12:16 | INFO | Episode 7785 - Reward: -200.000, Length: 200, Loss: 12.0185, Entropy: 1.0819, Epsilon: 0.010
2026-04-19 02:12:17 | INFO | Episode 7786 - Reward: -200.000, Length: 200, Loss: 30.0597, Entropy: 1.0728, Epsilon: 0.010
2026-04-19 02:12:17 | INFO | Episode 7787 - Reward: -200.000, Length: 200, Loss: 11.9862, Entropy: 1.0793, Epsilon: 0.010
2026-04-19 02:12:18 | INFO | Episode 7788 - Reward: -200.000, Length: 200, Loss: 2.9691, Entropy: 1.0866, Epsilon: 0.010
2026-04-19 02:12:18 | INFO | Episode 7789 - Reward: -200.000, Length: 200, Loss: 21.4699, Entropy: 1.0631, Epsilon: 0.010
2026-04-19 02:12:18 | INFO | Episode 7790 - Reward: -200.000, Length: 200, Loss: 18.2034, Entropy: 1.0829, Epsilon: 0.010
2026-04-19 02:12:19 | INFO | Episode 7791 - Reward: -200.000, Length: 200, Loss: 18.6784, Entropy: 1.0688, Epsilon: 0.010
2026-04-19 02:12:19 | INFO | Episode 7792 - Reward: -200.000, Length: 200, Loss: 12.4060, Entropy: 1.0796, Epsilon: 0.010
2026-04-19 02:12:19 | INFO | Episode 7793 - Reward: -200.000, Length: 200, Loss: 12.3223, Entropy: 1.0796, Epsilon: 0.010
2026-04-19 02:12:20 | INFO | Episode 7794 - Reward: -200.000, Length: 200, Loss: 12.6153, Entropy: 1.0833, Epsilon: 0.010
2026-04-19 02:12:20 | INFO | Episode 7795 - Reward: -200.000, Length: 200, Loss: 9.4423, Entropy: 1.0855, Epsilon: 0.010
2026-04-19 02:12:20 | INFO | Episode 7796 - Reward: -200.000, Length: 200, Loss: 12.7396, Entropy: 1.0788, Epsilon: 0.010
2026-04-19 02:12:21 | INFO | Episode 7797 - Reward: -200.000, Length: 200, Loss: 15.9659, Entropy: 1.0749, Epsilon: 0.010
2026-04-19 02:12:21 | INFO | Episode 7798 - Reward: -200.000, Length: 200, Loss: 12.7487, Entropy: 1.0821, Epsilon: 0.010
2026-04-19 02:12:22 | INFO | Episode 7799 - Reward: -200.000, Length: 200, Loss: 9.5855, Entropy: 1.0877, Epsilon: 0.010
2026-04-19 02:12:22 | INFO | Episode 7800 - Reward: -200.000, Length: 200, Loss: 15.6535, Entropy: 1.0874, Epsilon: 0.010
2026-04-19 02:12:27 | INFO | [Episode 7800] eps=0.010  avg_reward=-200.000  avg_length=200.00  avg_loss= 14.9555  avg_entropy=1.0874  eval_success=0.000
2026-04-19 02:12:27 | INFO | Episode 7801 - Reward: -200.000, Length: 200, Loss: 3.2031, Entropy: 1.0918, Epsilon: 0.010
2026-04-19 02:12:27 | INFO | Episode 7802 - Reward: -200.000, Length: 200, Loss: 12.8593, Entropy: 1.0921, Epsilon: 0.010
2026-04-19 02:12:28 | INFO | Episode 7803 - Reward: -200.000, Length: 200, Loss: 12.5026, Entropy: 1.0840, Epsilon: 0.010
2026-04-19 02:12:28 | INFO | Episode 7804 - Reward: -200.000, Length: 200, Loss: 12.3852, Entropy: 1.0581, Epsilon: 0.010
2026-04-19 02:12:28 | INFO | Episode 7805 - Reward: -200.000, Length: 200, Loss: 21.9154, Entropy: 1.0803, Epsilon: 0.010
2026-04-19 02:12:29 | INFO | Episode 7806 - Reward: -200.000, Length: 200, Loss: 3.1412, Entropy: 1.0792, Epsilon: 0.010
2026-04-19 02:12:29 | INFO | Episode 7807 - Reward: -200.000, Length: 200, Loss: 25.4226, Entropy: 1.0815, Epsilon: 0.010
2026-04-19 02:12:30 | INFO | Episode 7808 - Reward: -200.000, Length: 200, Loss: 12.8072, Entropy: 1.0574, Epsilon: 0.010
2026-04-19 02:12:30 | INFO | Episode 7809 - Reward: -200.000, Length: 200, Loss: 9.5463, Entropy: 1.0909, Epsilon: 0.010
2026-04-19 02:12:30 | INFO | Episode 7810 - Reward: -200.000, Length: 200, Loss: 38.2776, Entropy: 1.0527, Epsilon: 0.010
2026-04-19 02:12:31 | INFO | Episode 7811 - Reward: -200.000, Length: 200, Loss: 9.5740, Entropy: 1.0902, Epsilon: 0.010
2026-04-19 02:12:31 | INFO | Episode 7812 - Reward: -200.000, Length: 200, Loss: 22.0790, Entropy: 1.0742, Epsilon: 0.010
2026-04-19 02:12:31 | INFO | Episode 7813 - Reward: -200.000, Length: 200, Loss: 19.0093, Entropy: 1.0852, Epsilon: 0.010
2026-04-19 02:12:32 | INFO | Episode 7814 - Reward: -200.000, Length: 200, Loss: 9.1424, Entropy: 1.0861, Epsilon: 0.010
2026-04-19 02:12:32 | INFO | Episode 7815 - Reward: -200.000, Length: 200, Loss: 9.1604, Entropy: 1.0775, Epsilon: 0.010
2026-04-19 02:12:32 | INFO | Episode 7816 - Reward: -200.000, Length: 200, Loss: 18.3404, Entropy: 1.0735, Epsilon: 0.010
2026-04-19 02:12:33 | INFO | Episode 7817 - Reward: -200.000, Length: 200, Loss: 9.0314, Entropy: 1.0649, Epsilon: 0.010
2026-04-19 02:12:33 | INFO | Episode 7818 - Reward: -200.000, Length: 200, Loss: 8.9817, Entropy: 1.0539, Epsilon: 0.010
2026-04-19 02:12:34 | INFO | Episode 7819 - Reward: -200.000, Length: 200, Loss: 33.7393, Entropy: 1.0469, Epsilon: 0.010
2026-04-19 02:12:34 | INFO | Episode 7820 - Reward: -200.000, Length: 200, Loss: 15.4475, Entropy: 1.0654, Epsilon: 0.010
2026-04-19 02:12:34 | INFO | Episode 7821 - Reward: -200.000, Length: 200, Loss: 15.7183, Entropy: 1.0860, Epsilon: 0.010
2026-04-19 02:12:35 | INFO | Episode 7822 - Reward: -200.000, Length: 200, Loss: 9.1036, Entropy: 1.0841, Epsilon: 0.010
2026-04-19 02:12:35 | INFO | Episode 7823 - Reward: -200.000, Length: 200, Loss: 12.2667, Entropy: 1.0784, Epsilon: 0.010
2026-04-19 02:12:35 | INFO | Episode 7824 - Reward: -200.000, Length: 200, Loss: 22.2021, Entropy: 1.0811, Epsilon: 0.010
2026-04-19 02:12:36 | INFO | Episode 7825 - Reward: -200.000, Length: 200, Loss: 15.7991, Entropy: 1.0846, Epsilon: 0.010
2026-04-19 02:12:36 | INFO | Episode 7826 - Reward: -200.000, Length: 200, Loss: 28.2777, Entropy: 1.0572, Epsilon: 0.010
2026-04-19 02:12:37 | INFO | Episode 7827 - Reward: -200.000, Length: 200, Loss: 9.5241, Entropy: 1.0744, Epsilon: 0.010
2026-04-19 02:12:37 | INFO | Episode 7828 - Reward: -200.000, Length: 200, Loss: 6.2785, Entropy: 1.0867, Epsilon: 0.010
2026-04-19 02:12:37 | INFO | Episode 7829 - Reward: -200.000, Length: 200, Loss: 25.1895, Entropy: 1.0701, Epsilon: 0.010
2026-04-19 02:12:38 | INFO | Episode 7830 - Reward: -200.000, Length: 200, Loss: 18.8818, Entropy: 1.0761, Epsilon: 0.010
2026-04-19 02:12:38 | INFO | Episode 7831 - Reward: -200.000, Length: 200, Loss: 9.3564, Entropy: 1.0874, Epsilon: 0.010
2026-04-19 02:12:38 | INFO | Episode 7832 - Reward: -200.000, Length: 200, Loss: 18.7343, Entropy: 1.0800, Epsilon: 0.010
2026-04-19 02:12:39 | INFO | Episode 7833 - Reward: -200.000, Length: 200, Loss: 15.6958, Entropy: 1.0880, Epsilon: 0.010
2026-04-19 02:12:39 | INFO | Episode 7834 - Reward: -200.000, Length: 200, Loss: 15.6471, Entropy: 1.0829, Epsilon: 0.010
2026-04-19 02:12:40 | INFO | Episode 7835 - Reward: -200.000, Length: 200, Loss: 18.8767, Entropy: 1.0810, Epsilon: 0.010
2026-04-19 02:12:40 | INFO | Episode 7836 - Reward: -200.000, Length: 200, Loss: 21.8703, Entropy: 1.0677, Epsilon: 0.010
2026-04-19 02:12:40 | INFO | Episode 7837 - Reward: -200.000, Length: 200, Loss: 18.5329, Entropy: 1.0796, Epsilon: 0.010
2026-04-19 02:12:41 | INFO | Episode 7838 - Reward: -200.000, Length: 200, Loss: 15.2973, Entropy: 1.0736, Epsilon: 0.010
2026-04-19 02:12:41 | INFO | Episode 7839 - Reward: -200.000, Length: 200, Loss: 18.5258, Entropy: 1.0682, Epsilon: 0.010
2026-04-19 02:12:41 | INFO | Episode 7840 - Reward: -200.000, Length: 200, Loss: 12.4715, Entropy: 1.0817, Epsilon: 0.010
2026-04-19 02:12:42 | INFO | Episode 7841 - Reward: -200.000, Length: 200, Loss: 15.1304, Entropy: 1.0716, Epsilon: 0.010
2026-04-19 02:12:42 | INFO | Episode 7842 - Reward: -200.000, Length: 200, Loss: 15.0138, Entropy: 1.0824, Epsilon: 0.010
2026-04-19 02:12:42 | INFO | Episode 7843 - Reward: -200.000, Length: 200, Loss: 15.0429, Entropy: 1.0834, Epsilon: 0.010
2026-04-19 02:12:43 | INFO | Episode 7844 - Reward: -200.000, Length: 200, Loss: 15.0991, Entropy: 1.0760, Epsilon: 0.010
2026-04-19 02:12:43 | INFO | Episode 7845 - Reward: -200.000, Length: 200, Loss: 21.0277, Entropy: 1.0779, Epsilon: 0.010
2026-04-19 02:12:44 | INFO | Episode 7846 - Reward: -200.000, Length: 200, Loss: 5.9859, Entropy: 1.0764, Epsilon: 0.010
2026-04-19 02:12:44 | INFO | Episode 7847 - Reward: -200.000, Length: 200, Loss: 15.0444, Entropy: 1.0665, Epsilon: 0.010
2026-04-19 02:12:44 | INFO | Episode 7848 - Reward: -200.000, Length: 200, Loss: 5.9343, Entropy: 1.0730, Epsilon: 0.010
2026-04-19 02:12:45 | INFO | Episode 7849 - Reward: -200.000, Length: 200, Loss: 18.3724, Entropy: 1.0859, Epsilon: 0.010
2026-04-19 02:12:45 | INFO | Episode 7850 - Reward: -200.000, Length: 200, Loss: 24.4070, Entropy: 1.0668, Epsilon: 0.010
2026-04-19 02:12:45 | INFO | Episode 7851 - Reward: -200.000, Length: 200, Loss: 11.9526, Entropy: 1.0678, Epsilon: 0.010
2026-04-19 02:12:46 | INFO | Episode 7852 - Reward: -200.000, Length: 200, Loss: 18.0665, Entropy: 1.0801, Epsilon: 0.010
2026-04-19 02:12:46 | INFO | Episode 7853 - Reward: -200.000, Length: 200, Loss: 9.0365, Entropy: 1.0913, Epsilon: 0.010
2026-04-19 02:12:47 | INFO | Episode 7854 - Reward: -200.000, Length: 200, Loss: 11.9767, Entropy: 1.0830, Epsilon: 0.010
2026-04-19 02:12:47 | INFO | Episode 7855 - Reward: -200.000, Length: 200, Loss: 18.2870, Entropy: 1.0622, Epsilon: 0.010
2026-04-19 02:12:47 | INFO | Episode 7856 - Reward: -200.000, Length: 200, Loss: 18.2677, Entropy: 1.0775, Epsilon: 0.010
2026-04-19 02:12:48 | INFO | Episode 7857 - Reward: -200.000, Length: 200, Loss: 12.3401, Entropy: 1.0795, Epsilon: 0.010
2026-04-19 02:12:48 | INFO | Episode 7858 - Reward: -200.000, Length: 200, Loss: 24.3603, Entropy: 1.0630, Epsilon: 0.010
2026-04-19 02:12:48 | INFO | Episode 7859 - Reward: -200.000, Length: 200, Loss: 11.6928, Entropy: 1.0648, Epsilon: 0.010
2026-04-19 02:12:49 | INFO | Episode 7860 - Reward: -200.000, Length: 200, Loss: 6.0685, Entropy: 1.0772, Epsilon: 0.010
2026-04-19 02:12:49 | INFO | Episode 7861 - Reward: -200.000, Length: 200, Loss: 9.1214, Entropy: 1.0783, Epsilon: 0.010
2026-04-19 02:12:49 | INFO | Episode 7862 - Reward: -200.000, Length: 200, Loss: 30.4871, Entropy: 1.0546, Epsilon: 0.010
2026-04-19 02:12:50 | INFO | Episode 7863 - Reward: -200.000, Length: 200, Loss: 27.8219, Entropy: 1.0717, Epsilon: 0.010
2026-04-19 02:12:50 | INFO | Episode 7864 - Reward: -200.000, Length: 200, Loss: 15.1602, Entropy: 1.0754, Epsilon: 0.010
2026-04-19 02:12:50 | INFO | Episode 7865 - Reward: -200.000, Length: 200, Loss: 27.0714, Entropy: 1.0738, Epsilon: 0.010
2026-04-19 02:12:51 | INFO | Episode 7866 - Reward: -200.000, Length: 200, Loss: 12.1951, Entropy: 1.0809, Epsilon: 0.010
2026-04-19 02:12:51 | INFO | Episode 7867 - Reward: -200.000, Length: 200, Loss: 18.1606, Entropy: 1.0676, Epsilon: 0.010
2026-04-19 02:12:52 | INFO | Episode 7868 - Reward: -200.000, Length: 200, Loss: 12.2596, Entropy: 1.0831, Epsilon: 0.010
2026-04-19 02:12:52 | INFO | Episode 7869 - Reward: -200.000, Length: 200, Loss: 21.6639, Entropy: 1.0893, Epsilon: 0.010
2026-04-19 02:12:52 | INFO | Episode 7870 - Reward: -200.000, Length: 200, Loss: 21.5047, Entropy: 1.0765, Epsilon: 0.010
2026-04-19 02:12:53 | INFO | Episode 7871 - Reward: -200.000, Length: 200, Loss: 15.3933, Entropy: 1.0886, Epsilon: 0.010
2026-04-19 02:12:53 | INFO | Episode 7872 - Reward: -200.000, Length: 200, Loss: 6.2105, Entropy: 1.0909, Epsilon: 0.010
2026-04-19 02:12:53 | INFO | Episode 7873 - Reward: -200.000, Length: 200, Loss: 3.0543, Entropy: 1.0889, Epsilon: 0.010
2026-04-19 02:12:54 | INFO | Episode 7874 - Reward: -200.000, Length: 200, Loss: 24.9455, Entropy: 1.0836, Epsilon: 0.010
2026-04-19 02:12:54 | INFO | Episode 7875 - Reward: -200.000, Length: 200, Loss: 19.0038, Entropy: 1.0763, Epsilon: 0.010
2026-04-19 02:12:54 | INFO | Episode 7876 - Reward: -200.000, Length: 200, Loss: 9.3580, Entropy: 1.0831, Epsilon: 0.010
2026-04-19 02:12:55 | INFO | Episode 7877 - Reward: -200.000, Length: 200, Loss: 25.1196, Entropy: 1.0845, Epsilon: 0.010
2026-04-19 02:12:55 | INFO | Episode 7878 - Reward: -200.000, Length: 200, Loss: 9.5493, Entropy: 1.0885, Epsilon: 0.010
2026-04-19 02:12:56 | INFO | Episode 7879 - Reward: -200.000, Length: 200, Loss: 9.6281, Entropy: 1.0791, Epsilon: 0.010
2026-04-19 02:12:56 | INFO | Episode 7880 - Reward: -200.000, Length: 200, Loss: 25.6162, Entropy: 1.0842, Epsilon: 0.010
2026-04-19 02:12:56 | INFO | Episode 7881 - Reward: -200.000, Length: 200, Loss: 6.1143, Entropy: 1.0647, Epsilon: 0.010
2026-04-19 02:12:57 | INFO | Episode 7882 - Reward: -200.000, Length: 200, Loss: 9.1789, Entropy: 1.0843, Epsilon: 0.010
2026-04-19 02:12:57 | INFO | Episode 7883 - Reward: -200.000, Length: 200, Loss: 15.2144, Entropy: 1.0878, Epsilon: 0.010
2026-04-19 02:12:57 | INFO | Episode 7884 - Reward: -200.000, Length: 200, Loss: 37.1148, Entropy: 1.0669, Epsilon: 0.010
2026-04-19 02:12:58 | INFO | Episode 7885 - Reward: -200.000, Length: 200, Loss: 9.3447, Entropy: 1.0803, Epsilon: 0.010
2026-04-19 02:12:58 | INFO | Episode 7886 - Reward: -200.000, Length: 200, Loss: 25.4883, Entropy: 1.0704, Epsilon: 0.010
2026-04-19 02:12:58 | INFO | Episode 7887 - Reward: -200.000, Length: 200, Loss: 18.7349, Entropy: 1.0690, Epsilon: 0.010
2026-04-19 02:12:59 | INFO | Episode 7888 - Reward: -200.000, Length: 200, Loss: 16.2648, Entropy: 1.0815, Epsilon: 0.010
2026-04-19 02:12:59 | INFO | Episode 7889 - Reward: -200.000, Length: 200, Loss: 19.0138, Entropy: 1.0659, Epsilon: 0.010
2026-04-19 02:13:00 | INFO | Episode 7890 - Reward: -200.000, Length: 200, Loss: 12.4882, Entropy: 1.0401, Epsilon: 0.010
2026-04-19 02:13:00 | INFO | Episode 7891 - Reward: -200.000, Length: 200, Loss: 3.1425, Entropy: 1.0898, Epsilon: 0.010
2026-04-19 02:13:00 | INFO | Episode 7892 - Reward: -200.000, Length: 200, Loss: 15.9271, Entropy: 1.0596, Epsilon: 0.010
2026-04-19 02:13:01 | INFO | Episode 7893 - Reward: -200.000, Length: 200, Loss: 35.3685, Entropy: 1.0846, Epsilon: 0.010
2026-04-19 02:13:01 | INFO | Episode 7894 - Reward: -200.000, Length: 200, Loss: 9.4783, Entropy: 1.0851, Epsilon: 0.010
2026-04-19 02:13:01 | INFO | Episode 7895 - Reward: -200.000, Length: 200, Loss: 15.4725, Entropy: 1.0753, Epsilon: 0.010
2026-04-19 02:13:02 | INFO | Episode 7896 - Reward: -200.000, Length: 200, Loss: 9.3696, Entropy: 1.0573, Epsilon: 0.010
2026-04-19 02:13:02 | INFO | Episode 7897 - Reward: -200.000, Length: 200, Loss: -0.0999, Entropy: 1.0893, Epsilon: 0.010
2026-04-19 02:13:02 | INFO | Episode 7898 - Reward: -200.000, Length: 200, Loss: 12.5440, Entropy: 1.0884, Epsilon: 0.010
2026-04-19 02:13:03 | INFO | Episode 7899 - Reward: -200.000, Length: 200, Loss: 3.0090, Entropy: 1.0895, Epsilon: 0.010
2026-04-19 02:13:03 | INFO | Episode 7900 - Reward: -200.000, Length: 200, Loss: 12.6827, Entropy: 1.0774, Epsilon: 0.010
2026-04-19 02:13:08 | INFO | [Episode 7900] eps=0.010  avg_reward=-200.000  avg_length=200.00  avg_loss= 15.5710  avg_entropy=1.0774  eval_success=0.000
2026-04-19 02:13:08 | INFO | Episode 7901 - Reward: -200.000, Length: 200, Loss: 6.2506, Entropy: 1.0873, Epsilon: 0.010
2026-04-19 02:13:09 | INFO | Episode 7902 - Reward: -200.000, Length: 200, Loss: 15.9008, Entropy: 1.0784, Epsilon: 0.010
2026-04-19 02:13:09 | INFO | Episode 7903 - Reward: -200.000, Length: 200, Loss: 3.0760, Entropy: 1.0901, Epsilon: 0.010
2026-04-19 02:13:09 | INFO | Episode 7904 - Reward: -200.000, Length: 200, Loss: 12.5618, Entropy: 1.0909, Epsilon: 0.010
2026-04-19 02:13:10 | INFO | Episode 7905 - Reward: -200.000, Length: 200, Loss: 22.3439, Entropy: 1.0777, Epsilon: 0.010
2026-04-19 02:13:10 | INFO | Episode 7906 - Reward: -200.000, Length: 200, Loss: 12.8289, Entropy: 1.0906, Epsilon: 0.010
2026-04-19 02:13:11 | INFO | Episode 7907 - Reward: -200.000, Length: 200, Loss: 12.6069, Entropy: 1.0871, Epsilon: 0.010
2026-04-19 02:13:11 | INFO | Episode 7908 - Reward: -200.000, Length: 200, Loss: 13.1725, Entropy: 1.0865, Epsilon: 0.010
2026-04-19 02:13:11 | INFO | Episode 7909 - Reward: -200.000, Length: 200, Loss: 6.5314, Entropy: 1.0722, Epsilon: 0.010
2026-04-19 02:13:12 | INFO | Episode 7910 - Reward: -200.000, Length: 200, Loss: 9.7770, Entropy: 1.0872, Epsilon: 0.010
2026-04-19 02:13:12 | INFO | Episode 7911 - Reward: -200.000, Length: 200, Loss: 22.8859, Entropy: 1.0756, Epsilon: 0.010
2026-04-19 02:13:12 | INFO | Episode 7912 - Reward: -200.000, Length: 200, Loss: 26.6608, Entropy: 1.0615, Epsilon: 0.010
2026-04-19 02:13:13 | INFO | Episode 7913 - Reward: -200.000, Length: 200, Loss: 16.4905, Entropy: 1.0559, Epsilon: 0.010
2026-04-19 02:13:13 | INFO | Episode 7914 - Reward: -200.000, Length: 200, Loss: 16.4781, Entropy: 1.0488, Epsilon: 0.010
2026-04-19 02:13:13 | INFO | Episode 7915 - Reward: -200.000, Length: 200, Loss: 9.8905, Entropy: 1.0643, Epsilon: 0.010
2026-04-19 02:13:14 | INFO | Episode 7916 - Reward: -200.000, Length: 200, Loss: 19.7775, Entropy: 1.0749, Epsilon: 0.010
2026-04-19 02:13:14 | INFO | Episode 7917 - Reward: -200.000, Length: 200, Loss: 22.7423, Entropy: 1.0608, Epsilon: 0.010
2026-04-19 02:13:15 | INFO | Episode 7918 - Reward: -200.000, Length: 200, Loss: 9.7910, Entropy: 1.0798, Epsilon: 0.010
2026-04-19 02:13:15 | INFO | Episode 7919 - Reward: -200.000, Length: 200, Loss: 23.0680, Entropy: 1.0583, Epsilon: 0.010
2026-04-19 02:13:15 | INFO | Episode 7920 - Reward: -200.000, Length: 200, Loss: 23.1788, Entropy: 1.0748, Epsilon: 0.010
2026-04-19 02:13:16 | INFO | Episode 7921 - Reward: -200.000, Length: 200, Loss: 12.7453, Entropy: 1.0821, Epsilon: 0.010
2026-04-19 02:13:16 | INFO | Episode 7922 - Reward: -200.000, Length: 200, Loss: 16.1497, Entropy: 1.0765, Epsilon: 0.010
2026-04-19 02:13:16 | INFO | Episode 7923 - Reward: -200.000, Length: 200, Loss: 19.5911, Entropy: 1.0855, Epsilon: 0.010
2026-04-19 02:13:17 | INFO | Episode 7924 - Reward: -200.000, Length: 200, Loss: 19.7099, Entropy: 1.0800, Epsilon: 0.010
2026-04-19 02:13:17 | INFO | Episode 7925 - Reward: -200.000, Length: 200, Loss: 9.9048, Entropy: 1.0867, Epsilon: 0.010
2026-04-19 02:13:18 | INFO | Episode 7926 - Reward: -200.000, Length: 200, Loss: 16.5366, Entropy: 1.0659, Epsilon: 0.010
2026-04-19 02:13:18 | INFO | Episode 7927 - Reward: -200.000, Length: 200, Loss: 6.7086, Entropy: 1.0840, Epsilon: 0.010
2026-04-19 02:13:18 | INFO | Episode 7928 - Reward: -200.000, Length: 200, Loss: 13.1632, Entropy: 1.0765, Epsilon: 0.010
2026-04-19 02:13:19 | INFO | Episode 7929 - Reward: -200.000, Length: 200, Loss: 16.2292, Entropy: 1.0758, Epsilon: 0.010
2026-04-19 02:13:19 | INFO | Episode 7930 - Reward: -200.000, Length: 200, Loss: 29.7084, Entropy: 1.0328, Epsilon: 0.010
2026-04-19 02:13:19 | INFO | Episode 7931 - Reward: -200.000, Length: 200, Loss: 13.0265, Entropy: 1.0600, Epsilon: 0.010
2026-04-19 02:13:20 | INFO | Episode 7932 - Reward: -200.000, Length: 200, Loss: 19.4329, Entropy: 1.0815, Epsilon: 0.010
2026-04-19 02:13:20 | INFO | Episode 7933 - Reward: -200.000, Length: 200, Loss: 13.0025, Entropy: 1.0871, Epsilon: 0.010
2026-04-19 02:13:20 | INFO | Episode 7934 - Reward: -200.000, Length: 200, Loss: 3.2631, Entropy: 1.0908, Epsilon: 0.010
2026-04-19 02:13:21 | INFO | Episode 7935 - Reward: -200.000, Length: 200, Loss: 13.3708, Entropy: 1.0784, Epsilon: 0.010
2026-04-19 02:13:21 | INFO | Episode 7936 - Reward: -200.000, Length: 200, Loss: 23.4526, Entropy: 1.0890, Epsilon: 0.010
2026-04-19 02:13:22 | INFO | Episode 7937 - Reward: -200.000, Length: 200, Loss: 23.5783, Entropy: 1.0602, Epsilon: 0.010
2026-04-19 02:13:22 | INFO | Episode 7938 - Reward: -200.000, Length: 200, Loss: 13.3993, Entropy: 1.0886, Epsilon: 0.010
2026-04-19 02:13:22 | INFO | Episode 7939 - Reward: -200.000, Length: 200, Loss: 16.8412, Entropy: 1.0851, Epsilon: 0.010
2026-04-19 02:13:23 | INFO | Episode 7940 - Reward: -200.000, Length: 200, Loss: 26.4355, Entropy: 1.0819, Epsilon: 0.010
2026-04-19 02:13:23 | INFO | Episode 7941 - Reward: -200.000, Length: 200, Loss: 13.4163, Entropy: 1.0801, Epsilon: 0.010
2026-04-19 02:13:23 | INFO | Episode 7942 - Reward: -200.000, Length: 200, Loss: 6.4143, Entropy: 1.0870, Epsilon: 0.010
2026-04-19 02:13:24 | INFO | Episode 7943 - Reward: -200.000, Length: 200, Loss: 6.6450, Entropy: 1.0876, Epsilon: 0.010
2026-04-19 02:13:24 | INFO | Episode 7944 - Reward: -200.000, Length: 200, Loss: 19.7075, Entropy: 1.0893, Epsilon: 0.010
2026-04-19 02:13:24 | INFO | Episode 7945 - Reward: -200.000, Length: 200, Loss: 9.8200, Entropy: 1.0798, Epsilon: 0.010
2026-04-19 02:13:25 | INFO | Episode 7946 - Reward: -200.000, Length: 200, Loss: 13.1868, Entropy: 1.0849, Epsilon: 0.010
2026-04-19 02:13:25 | INFO | Episode 7947 - Reward: -200.000, Length: 200, Loss: 9.6049, Entropy: 1.0836, Epsilon: 0.010
2026-04-19 02:13:26 | INFO | Episode 7948 - Reward: -200.000, Length: 200, Loss: 19.7707, Entropy: 1.0787, Epsilon: 0.010
2026-04-19 02:13:26 | INFO | Episode 7949 - Reward: -200.000, Length: 200, Loss: 16.5063, Entropy: 1.0741, Epsilon: 0.010
2026-04-19 02:13:26 | INFO | Episode 7950 - Reward: -200.000, Length: 200, Loss: 3.2589, Entropy: 1.0863, Epsilon: 0.010
2026-04-19 02:13:27 | INFO | Episode 7951 - Reward: -200.000, Length: 200, Loss: 19.6841, Entropy: 1.0832, Epsilon: 0.010
2026-04-19 02:13:27 | INFO | Episode 7952 - Reward: -200.000, Length: 200, Loss: 13.4650, Entropy: 1.0674, Epsilon: 0.010
2026-04-19 02:13:27 | INFO | Episode 7953 - Reward: -200.000, Length: 200, Loss: 16.4087, Entropy: 1.0681, Epsilon: 0.010
2026-04-19 02:13:28 | INFO | Episode 7954 - Reward: -200.000, Length: 200, Loss: 16.6912, Entropy: 1.0852, Epsilon: 0.010
2026-04-19 02:13:28 | INFO | Episode 7955 - Reward: -200.000, Length: 200, Loss: 33.0386, Entropy: 1.0754, Epsilon: 0.010
2026-04-19 02:13:29 | INFO | Episode 7956 - Reward: -200.000, Length: 200, Loss: 3.1874, Entropy: 1.0843, Epsilon: 0.010
2026-04-19 02:13:29 | INFO | Episode 7957 - Reward: -200.000, Length: 200, Loss: 12.8703, Entropy: 1.0795, Epsilon: 0.010
2026-04-19 02:13:29 | INFO | Episode 7958 - Reward: -200.000, Length: 200, Loss: 12.4835, Entropy: 1.0783, Epsilon: 0.010
2026-04-19 02:13:30 | INFO | Episode 7959 - Reward: -200.000, Length: 200, Loss: 19.4216, Entropy: 1.0745, Epsilon: 0.010
2026-04-19 02:13:30 | INFO | Episode 7960 - Reward: -200.000, Length: 200, Loss: 22.6633, Entropy: 1.0497, Epsilon: 0.010
2026-04-19 02:13:30 | INFO | Episode 7961 - Reward: -200.000, Length: 200, Loss: 28.9367, Entropy: 1.0648, Epsilon: 0.010
2026-04-19 02:13:31 | INFO | Episode 7962 - Reward: -200.000, Length: 200, Loss: 16.2455, Entropy: 1.0812, Epsilon: 0.010
2026-04-19 02:13:31 | INFO | Episode 7963 - Reward: -200.000, Length: 200, Loss: 6.3685, Entropy: 1.0807, Epsilon: 0.010
2026-04-19 02:13:31 | INFO | Episode 7964 - Reward: -200.000, Length: 200, Loss: 16.4331, Entropy: 1.0460, Epsilon: 0.010
2026-04-19 02:13:32 | INFO | Episode 7965 - Reward: -200.000, Length: 200, Loss: 12.7350, Entropy: 1.0563, Epsilon: 0.010
2026-04-19 02:13:32 | INFO | Episode 7966 - Reward: -200.000, Length: 200, Loss: 16.3968, Entropy: 1.0659, Epsilon: 0.010
2026-04-19 02:13:32 | INFO | Episode 7967 - Reward: -200.000, Length: 200, Loss: 19.8364, Entropy: 1.0802, Epsilon: 0.010
2026-04-19 02:13:33 | INFO | Episode 7968 - Reward: -200.000, Length: 200, Loss: 19.7522, Entropy: 1.0789, Epsilon: 0.010
2026-04-19 02:13:33 | INFO | Episode 7969 - Reward: -200.000, Length: 200, Loss: 13.1312, Entropy: 1.0782, Epsilon: 0.010
2026-04-19 02:13:34 | INFO | Episode 7970 - Reward: -200.000, Length: 200, Loss: 13.0295, Entropy: 1.0797, Epsilon: 0.010
2026-04-19 02:13:34 | INFO | Episode 7971 - Reward: -200.000, Length: 200, Loss: -0.0860, Entropy: 1.0854, Epsilon: 0.010
2026-04-19 02:13:34 | INFO | Episode 7972 - Reward: -200.000, Length: 200, Loss: 35.7432, Entropy: 1.0631, Epsilon: 0.010
2026-04-19 02:13:35 | INFO | Episode 7973 - Reward: -200.000, Length: 200, Loss: 20.3029, Entropy: 1.0832, Epsilon: 0.010
2026-04-19 02:13:35 | INFO | Episode 7974 - Reward: -200.000, Length: 200, Loss: 13.1989, Entropy: 1.0694, Epsilon: 0.010
2026-04-19 02:13:35 | INFO | Episode 7975 - Reward: -200.000, Length: 200, Loss: 19.0717, Entropy: 1.0865, Epsilon: 0.010
2026-04-19 02:13:36 | INFO | Episode 7976 - Reward: -200.000, Length: 200, Loss: 18.6870, Entropy: 1.0872, Epsilon: 0.010
2026-04-19 02:13:36 | INFO | Episode 7977 - Reward: -200.000, Length: 200, Loss: 9.5338, Entropy: 1.0900, Epsilon: 0.010
2026-04-19 02:13:37 | INFO | Episode 7978 - Reward: -200.000, Length: 200, Loss: 9.5621, Entropy: 1.0836, Epsilon: 0.010
2026-04-19 02:13:37 | INFO | Episode 7979 - Reward: -200.000, Length: 200, Loss: 25.3025, Entropy: 1.0629, Epsilon: 0.010
2026-04-19 02:13:37 | INFO | Episode 7980 - Reward: -200.000, Length: 200, Loss: 25.2947, Entropy: 1.0729, Epsilon: 0.010
2026-04-19 02:13:38 | INFO | Episode 7981 - Reward: -200.000, Length: 200, Loss: 15.5902, Entropy: 1.0518, Epsilon: 0.010
2026-04-19 02:13:38 | INFO | Episode 7982 - Reward: -200.000, Length: 200, Loss: 15.5117, Entropy: 1.0602, Epsilon: 0.010
2026-04-19 02:13:38 | INFO | Episode 7983 - Reward: -200.000, Length: 200, Loss: 12.5416, Entropy: 1.0932, Epsilon: 0.010
2026-04-19 02:13:39 | INFO | Episode 7984 - Reward: -200.000, Length: 200, Loss: 19.2408, Entropy: 1.0815, Epsilon: 0.010
2026-04-19 02:13:39 | INFO | Episode 7985 - Reward: -200.000, Length: 200, Loss: 6.1510, Entropy: 1.0904, Epsilon: 0.010
2026-04-19 02:13:40 | INFO | Episode 7986 - Reward: -200.000, Length: 200, Loss: 18.7985, Entropy: 1.0574, Epsilon: 0.010
2026-04-19 02:13:40 | INFO | Episode 7987 - Reward: -200.000, Length: 200, Loss: 24.9750, Entropy: 1.0757, Epsilon: 0.010
2026-04-19 02:13:40 | INFO | Episode 7988 - Reward: -200.000, Length: 200, Loss: 27.9113, Entropy: 1.0419, Epsilon: 0.010
2026-04-19 02:13:41 | INFO | Episode 7989 - Reward: -200.000, Length: 200, Loss: 12.8025, Entropy: 1.0873, Epsilon: 0.010
2026-04-19 02:13:41 | INFO | Episode 7990 - Reward: -200.000, Length: 200, Loss: 15.7619, Entropy: 1.0621, Epsilon: 0.010
2026-04-19 02:13:41 | INFO | Episode 7991 - Reward: -200.000, Length: 200, Loss: 9.0513, Entropy: 1.0679, Epsilon: 0.010
2026-04-19 02:13:42 | INFO | Episode 7992 - Reward: -200.000, Length: 200, Loss: 3.0787, Entropy: 1.0819, Epsilon: 0.010
2026-04-19 02:13:42 | INFO | Episode 7993 - Reward: -200.000, Length: 200, Loss: 3.0436, Entropy: 1.0856, Epsilon: 0.010
2026-04-19 02:13:42 | INFO | Episode 7994 - Reward: -200.000, Length: 200, Loss: 12.4101, Entropy: 1.0796, Epsilon: 0.010
2026-04-19 02:13:43 | INFO | Episode 7995 - Reward: -200.000, Length: 200, Loss: 9.5035, Entropy: 1.0885, Epsilon: 0.010
2026-04-19 02:13:43 | INFO | Episode 7996 - Reward: -200.000, Length: 200, Loss: 15.6187, Entropy: 1.0680, Epsilon: 0.010
2026-04-19 02:13:44 | INFO | Episode 7997 - Reward: -200.000, Length: 200, Loss: 18.7118, Entropy: 1.0550, Epsilon: 0.010
2026-04-19 02:13:44 | INFO | Episode 7998 - Reward: -200.000, Length: 200, Loss: 18.8200, Entropy: 1.0852, Epsilon: 0.010
2026-04-19 02:13:44 | INFO | Episode 7999 - Reward: -200.000, Length: 200, Loss: 9.2314, Entropy: 1.0795, Epsilon: 0.010
2026-04-19 02:13:45 | INFO | Episode 8000 - Reward: -200.000, Length: 200, Loss: 15.5049, Entropy: 1.0824, Epsilon: 0.010
2026-04-19 02:13:50 | INFO | [Episode 8000] eps=0.010  avg_reward=-200.000  avg_length=200.00  avg_loss= 15.4424  avg_entropy=1.0824  eval_success=0.000
2026-04-19 02:13:50 | INFO | DQN+Entropy training: 52m 15.28s
2026-04-19 02:14:09 | INFO | [Final Eval] success=0.000, mean_reward=-200.000
