2026-04-19 11:58:22 | INFO | ============================================================
2026-04-19 11:58:22 | INFO | DEVICE / COMPUTE INFORMATION
2026-04-19 11:58:22 | INFO |   JAX backend       : CPU
2026-04-19 11:58:22 | INFO |   Platform          : cpu
2026-04-19 11:58:22 | INFO |   Num devices       : 1
2026-04-19 11:58:22 | INFO |   Device            : TFRT_CPU_0
2026-04-19 11:58:22 | INFO | ============================================================
2026-04-19 11:58:22 | INFO | DQN+Entropy | seed=7, lr=0.001, gamma=0.99, alpha=0.2
2026-04-19 11:58:22 | INFO | Env: mountaincar/dense, obs_dim=2, num_actions=3
2026-04-19 11:58:23 | INFO | Episode    1 - Reward: -200.000, Length: 200, Loss: 0.7350, Entropy: 1.0985, Epsilon: 0.999
2026-04-19 11:58:23 | INFO | Episode    2 - Reward: -200.000, Length: 200, Loss: 0.7205, Entropy: 1.0985, Epsilon: 0.998
2026-04-19 11:58:23 | INFO | Episode    3 - Reward: -200.000, Length: 200, Loss: 0.7060, Entropy: 1.0985, Epsilon: 0.997
2026-04-19 11:58:24 | INFO | Episode    4 - Reward: -200.000, Length: 200, Loss: 0.7353, Entropy: 1.0985, Epsilon: 0.996
2026-04-19 11:58:24 | INFO | Episode    5 - Reward: -200.000, Length: 200, Loss: 0.7211, Entropy: 1.0985, Epsilon: 0.995
2026-04-19 11:58:24 | INFO | Episode    6 - Reward: -200.000, Length: 200, Loss: 0.7337, Entropy: 1.0985, Epsilon: 0.994
2026-04-19 11:58:24 | INFO | Episode    7 - Reward: -200.000, Length: 200, Loss: 0.7193, Entropy: 1.0985, Epsilon: 0.993
2026-04-19 11:58:25 | INFO | Episode    8 - Reward: -200.000, Length: 200, Loss: 0.7085, Entropy: 1.0985, Epsilon: 0.992
2026-04-19 11:58:25 | INFO | Episode    9 - Reward: -200.000, Length: 200, Loss: 0.7364, Entropy: 1.0985, Epsilon: 0.991
2026-04-19 11:58:25 | INFO | Episode   10 - Reward: -200.000, Length: 200, Loss: 0.7217, Entropy: 1.0985, Epsilon: 0.990
2026-04-19 11:58:25 | INFO | Episode   11 - Reward: -200.000, Length: 200, Loss: 0.7374, Entropy: 1.0985, Epsilon: 0.989
2026-04-19 11:58:26 | INFO | Episode   12 - Reward: -200.000, Length: 200, Loss: 0.7246, Entropy: 1.0985, Epsilon: 0.988
2026-04-19 11:58:26 | INFO | Episode   13 - Reward: -200.000, Length: 200, Loss: 0.7107, Entropy: 1.0985, Epsilon: 0.987
2026-04-19 11:58:26 | INFO | Episode   14 - Reward: -200.000, Length: 200, Loss: 0.7383, Entropy: 1.0985, Epsilon: 0.986
2026-04-19 11:58:26 | INFO | Episode   15 - Reward: -200.000, Length: 200, Loss: 0.7252, Entropy: 1.0985, Epsilon: 0.985
2026-04-19 11:58:27 | INFO | Episode   16 - Reward: -200.000, Length: 200, Loss: 0.7385, Entropy: 1.0985, Epsilon: 0.984
2026-04-19 11:58:27 | INFO | Episode   17 - Reward: -200.000, Length: 200, Loss: 0.7262, Entropy: 1.0985, Epsilon: 0.983
2026-04-19 11:58:27 | INFO | Episode   18 - Reward: -200.000, Length: 200, Loss: 0.7135, Entropy: 1.0985, Epsilon: 0.982
2026-04-19 11:58:27 | INFO | Episode   19 - Reward: -200.000, Length: 200, Loss: 0.7387, Entropy: 1.0985, Epsilon: 0.981
2026-04-19 11:58:28 | INFO | Episode   20 - Reward: -200.000, Length: 200, Loss: 0.7265, Entropy: 1.0985, Epsilon: 0.980
2026-04-19 11:58:28 | INFO | Episode   21 - Reward: -200.000, Length: 200, Loss: 0.7407, Entropy: 1.0985, Epsilon: 0.979
2026-04-19 11:58:28 | INFO | Episode   22 - Reward: -200.000, Length: 200, Loss: 0.7267, Entropy: 1.0985, Epsilon: 0.978
2026-04-19 11:58:28 | INFO | Episode   23 - Reward: -200.000, Length: 200, Loss: 0.7166, Entropy: 1.0986, Epsilon: 0.977
2026-04-19 11:58:29 | INFO | Episode   24 - Reward: -200.000, Length: 200, Loss: 0.7426, Entropy: 1.0986, Epsilon: 0.976
2026-04-19 11:58:29 | INFO | Episode   25 - Reward: -200.000, Length: 200, Loss: 0.7299, Entropy: 1.0986, Epsilon: 0.975
2026-04-19 11:58:29 | INFO | Episode   26 - Reward: -200.000, Length: 200, Loss: 0.7423, Entropy: 1.0986, Epsilon: 0.974
2026-04-19 11:58:29 | INFO | Episode   27 - Reward: -200.000, Length: 200, Loss: 0.7299, Entropy: 1.0985, Epsilon: 0.973
2026-04-19 11:58:30 | INFO | Episode   28 - Reward: -200.000, Length: 200, Loss: 0.7181, Entropy: 1.0985, Epsilon: 0.972
2026-04-19 11:58:30 | INFO | Episode   29 - Reward: -200.000, Length: 200, Loss: 0.7440, Entropy: 1.0985, Epsilon: 0.971
2026-04-19 11:58:30 | INFO | Episode   30 - Reward: -200.000, Length: 200, Loss: 0.7301, Entropy: 1.0985, Epsilon: 0.970
2026-04-19 11:58:30 | INFO | Episode   31 - Reward: -200.000, Length: 200, Loss: 0.7423, Entropy: 1.0985, Epsilon: 0.969
2026-04-19 11:58:31 | INFO | Episode   32 - Reward: -200.000, Length: 200, Loss: 0.7298, Entropy: 1.0985, Epsilon: 0.968
2026-04-19 11:58:31 | INFO | Episode   33 - Reward: -200.000, Length: 200, Loss: 0.7201, Entropy: 1.0985, Epsilon: 0.967
2026-04-19 11:58:31 | INFO | Episode   34 - Reward: -200.000, Length: 200, Loss: 0.7430, Entropy: 1.0985, Epsilon: 0.966
2026-04-19 11:58:31 | INFO | Episode   35 - Reward: -200.000, Length: 200, Loss: 0.7288, Entropy: 1.0985, Epsilon: 0.965
2026-04-19 11:58:32 | INFO | Episode   36 - Reward: -200.000, Length: 200, Loss: 0.7425, Entropy: 1.0985, Epsilon: 0.964
2026-04-19 11:58:32 | INFO | Episode   37 - Reward: -200.000, Length: 200, Loss: 0.7285, Entropy: 1.0985, Epsilon: 0.963
2026-04-19 11:58:32 | INFO | Episode   38 - Reward: -200.000, Length: 200, Loss: 0.7174, Entropy: 1.0985, Epsilon: 0.962
2026-04-19 11:58:32 | INFO | Episode   39 - Reward: -200.000, Length: 200, Loss: 0.7417, Entropy: 1.0985, Epsilon: 0.961
2026-04-19 11:58:33 | INFO | Episode   40 - Reward: -200.000, Length: 200, Loss: 0.7304, Entropy: 1.0985, Epsilon: 0.960
2026-04-19 11:58:33 | INFO | Episode   41 - Reward: -200.000, Length: 200, Loss: 0.7419, Entropy: 1.0985, Epsilon: 0.959
2026-04-19 11:58:33 | INFO | Episode   42 - Reward: -200.000, Length: 200, Loss: 0.7300, Entropy: 1.0985, Epsilon: 0.958
2026-04-19 11:58:33 | INFO | Episode   43 - Reward: -200.000, Length: 200, Loss: 0.7188, Entropy: 1.0985, Epsilon: 0.957
2026-04-19 11:58:34 | INFO | Episode   44 - Reward: -200.000, Length: 200, Loss: 0.7405, Entropy: 1.0985, Epsilon: 0.956
2026-04-19 11:58:34 | INFO | Episode   45 - Reward: -200.000, Length: 200, Loss: 0.7284, Entropy: 1.0985, Epsilon: 0.955
2026-04-19 11:58:34 | INFO | Episode   46 - Reward: -200.000, Length: 200, Loss: 0.7447, Entropy: 1.0985, Epsilon: 0.954
2026-04-19 11:58:34 | INFO | Episode   47 - Reward: -200.000, Length: 200, Loss: 0.7306, Entropy: 1.0985, Epsilon: 0.953
2026-04-19 11:58:35 | INFO | Episode   48 - Reward: -200.000, Length: 200, Loss: 0.7197, Entropy: 1.0985, Epsilon: 0.952
2026-04-19 11:58:35 | INFO | Episode   49 - Reward: -200.000, Length: 200, Loss: 0.7433, Entropy: 1.0985, Epsilon: 0.951
2026-04-19 11:58:35 | INFO | Episode   50 - Reward: -200.000, Length: 200, Loss: 0.7285, Entropy: 1.0985, Epsilon: 0.951
2026-04-19 11:58:35 | INFO | Episode   51 - Reward: -200.000, Length: 200, Loss: 0.7420, Entropy: 1.0985, Epsilon: 0.950
2026-04-19 11:58:36 | INFO | Episode   52 - Reward: -200.000, Length: 200, Loss: 0.7285, Entropy: 1.0985, Epsilon: 0.949
2026-04-19 11:58:36 | INFO | Episode   53 - Reward: -200.000, Length: 200, Loss: 0.7178, Entropy: 1.0985, Epsilon: 0.948
2026-04-19 11:58:36 | INFO | Episode   54 - Reward: -200.000, Length: 200, Loss: 0.7416, Entropy: 1.0985, Epsilon: 0.947
2026-04-19 11:58:36 | INFO | Episode   55 - Reward: -200.000, Length: 200, Loss: 0.7275, Entropy: 1.0985, Epsilon: 0.946
2026-04-19 11:58:37 | INFO | Episode   56 - Reward: -200.000, Length: 200, Loss: 0.7408, Entropy: 1.0985, Epsilon: 0.945
2026-04-19 11:58:37 | INFO | Episode   57 - Reward: -200.000, Length: 200, Loss: 0.7260, Entropy: 1.0985, Epsilon: 0.944
2026-04-19 11:58:37 | INFO | Episode   58 - Reward: -200.000, Length: 200, Loss: 0.7115, Entropy: 1.0985, Epsilon: 0.943
2026-04-19 11:58:37 | INFO | Episode   59 - Reward: -200.000, Length: 200, Loss: 0.7364, Entropy: 1.0985, Epsilon: 0.942
2026-04-19 11:58:38 | INFO | Episode   60 - Reward: -200.000, Length: 200, Loss: 0.7259, Entropy: 1.0985, Epsilon: 0.941
2026-04-19 11:58:38 | INFO | Episode   61 - Reward: -200.000, Length: 200, Loss: 0.7406, Entropy: 1.0985, Epsilon: 0.940
2026-04-19 11:58:38 | INFO | Episode   62 - Reward: -200.000, Length: 200, Loss: 0.7218, Entropy: 1.0985, Epsilon: 0.939
2026-04-19 11:58:38 | INFO | Episode   63 - Reward: -200.000, Length: 200, Loss: 0.7131, Entropy: 1.0985, Epsilon: 0.938
2026-04-19 11:58:39 | INFO | Episode   64 - Reward: -200.000, Length: 200, Loss: 0.7332, Entropy: 1.0985, Epsilon: 0.937
2026-04-19 11:58:39 | INFO | Episode   65 - Reward: -200.000, Length: 200, Loss: 0.7210, Entropy: 1.0985, Epsilon: 0.936
2026-04-19 11:58:39 | INFO | Episode   66 - Reward: -200.000, Length: 200, Loss: 0.7328, Entropy: 1.0985, Epsilon: 0.935
2026-04-19 11:58:39 | INFO | Episode   67 - Reward: -200.000, Length: 200, Loss: 0.7202, Entropy: 1.0985, Epsilon: 0.934
2026-04-19 11:58:40 | INFO | Episode   68 - Reward: -200.000, Length: 200, Loss: 0.7055, Entropy: 1.0985, Epsilon: 0.933
2026-04-19 11:58:40 | INFO | Episode   69 - Reward: -200.000, Length: 200, Loss: 0.7315, Entropy: 1.0985, Epsilon: 0.932
2026-04-19 11:58:40 | INFO | Episode   70 - Reward: -200.000, Length: 200, Loss: 0.7175, Entropy: 1.0985, Epsilon: 0.931
2026-04-19 11:58:40 | INFO | Episode   71 - Reward: -200.000, Length: 200, Loss: 0.7291, Entropy: 1.0985, Epsilon: 0.930
2026-04-19 11:58:41 | INFO | Episode   72 - Reward: -200.000, Length: 200, Loss: 0.7179, Entropy: 1.0985, Epsilon: 0.929
2026-04-19 11:58:41 | INFO | Episode   73 - Reward: -200.000, Length: 200, Loss: 0.7043, Entropy: 1.0984, Epsilon: 0.928
2026-04-19 11:58:41 | INFO | Episode   74 - Reward: -200.000, Length: 200, Loss: 0.7283, Entropy: 1.0984, Epsilon: 0.927
2026-04-19 11:58:42 | INFO | Episode   75 - Reward: -200.000, Length: 200, Loss: 0.7166, Entropy: 1.0984, Epsilon: 0.926
2026-04-19 11:58:42 | INFO | Episode   76 - Reward: -200.000, Length: 200, Loss: 0.7296, Entropy: 1.0984, Epsilon: 0.925
2026-04-19 11:58:42 | INFO | Episode   77 - Reward: -200.000, Length: 200, Loss: 0.7181, Entropy: 1.0984, Epsilon: 0.924
2026-04-19 11:58:42 | INFO | Episode   78 - Reward: -200.000, Length: 200, Loss: 0.7012, Entropy: 1.0984, Epsilon: 0.923
2026-04-19 11:58:42 | INFO | Episode   79 - Reward: -200.000, Length: 200, Loss: 0.7285, Entropy: 1.0984, Epsilon: 0.922
2026-04-19 11:58:43 | INFO | Episode   80 - Reward: -200.000, Length: 200, Loss: 0.7142, Entropy: 1.0984, Epsilon: 0.921
2026-04-19 11:58:43 | INFO | Episode   81 - Reward: -200.000, Length: 200, Loss: 0.7278, Entropy: 1.0984, Epsilon: 0.920
2026-04-19 11:58:43 | INFO | Episode   82 - Reward: -200.000, Length: 200, Loss: 0.7126, Entropy: 1.0984, Epsilon: 0.919
2026-04-19 11:58:44 | INFO | Episode   83 - Reward: -200.000, Length: 200, Loss: 0.6997, Entropy: 1.0984, Epsilon: 0.918
2026-04-19 11:58:44 | INFO | Episode   84 - Reward: -200.000, Length: 200, Loss: 0.7294, Entropy: 1.0984, Epsilon: 0.917
2026-04-19 11:58:44 | INFO | Episode   85 - Reward: -200.000, Length: 200, Loss: 0.7164, Entropy: 1.0984, Epsilon: 0.916
2026-04-19 11:58:44 | INFO | Episode   86 - Reward: -200.000, Length: 200, Loss: 0.7298, Entropy: 1.0984, Epsilon: 0.915
2026-04-19 11:58:45 | INFO | Episode   87 - Reward: -200.000, Length: 200, Loss: 0.7138, Entropy: 1.0984, Epsilon: 0.914
2026-04-19 11:58:45 | INFO | Episode   88 - Reward: -200.000, Length: 200, Loss: 0.6988, Entropy: 1.0984, Epsilon: 0.913
2026-04-19 11:58:45 | INFO | Episode   89 - Reward: -200.000, Length: 200, Loss: 0.7258, Entropy: 1.0984, Epsilon: 0.912
2026-04-19 11:58:45 | INFO | Episode   90 - Reward: -200.000, Length: 200, Loss: 0.7095, Entropy: 1.0984, Epsilon: 0.911
2026-04-19 11:58:46 | INFO | Episode   91 - Reward: -200.000, Length: 200, Loss: 0.7258, Entropy: 1.0984, Epsilon: 0.910
2026-04-19 11:58:46 | INFO | Episode   92 - Reward: -200.000, Length: 200, Loss: 0.7102, Entropy: 1.0984, Epsilon: 0.909
2026-04-19 11:58:46 | INFO | Episode   93 - Reward: -200.000, Length: 200, Loss: 0.6966, Entropy: 1.0984, Epsilon: 0.908
2026-04-19 11:58:46 | INFO | Episode   94 - Reward: -200.000, Length: 200, Loss: 0.7245, Entropy: 1.0984, Epsilon: 0.907
2026-04-19 11:58:47 | INFO | Episode   95 - Reward: -200.000, Length: 200, Loss: 0.7081, Entropy: 1.0984, Epsilon: 0.906
2026-04-19 11:58:47 | INFO | Episode   96 - Reward: -200.000, Length: 200, Loss: 0.7256, Entropy: 1.0984, Epsilon: 0.905
2026-04-19 11:58:47 | INFO | Episode   97 - Reward: -200.000, Length: 200, Loss: 0.7045, Entropy: 1.0984, Epsilon: 0.904
2026-04-19 11:58:47 | INFO | Episode   98 - Reward: -200.000, Length: 200, Loss: 0.6946, Entropy: 1.0984, Epsilon: 0.903
2026-04-19 11:58:48 | INFO | Episode   99 - Reward: -200.000, Length: 200, Loss: 0.7275, Entropy: 1.0984, Epsilon: 0.902
2026-04-19 11:58:48 | INFO | Episode  100 - Reward: -200.000, Length: 200, Loss: 0.7058, Entropy: 1.0984, Epsilon: 0.901
2026-04-19 11:58:53 | INFO | [Episode  100] eps=0.901  avg_reward=-200.000  avg_length=200.00  avg_loss=  0.7250  avg_entropy=1.0984  eval_success=0.000
2026-04-19 11:58:53 | INFO | Episode  101 - Reward: -200.000, Length: 200, Loss: 0.7252, Entropy: 1.0984, Epsilon: 0.900
2026-04-19 11:58:53 | INFO | Episode  102 - Reward: -200.000, Length: 200, Loss: 0.7084, Entropy: 1.0984, Epsilon: 0.899
2026-04-19 11:58:53 | INFO | Episode  103 - Reward: -200.000, Length: 200, Loss: 0.6933, Entropy: 1.0984, Epsilon: 0.898
2026-04-19 11:58:54 | INFO | Episode  104 - Reward: -200.000, Length: 200, Loss: 0.7220, Entropy: 1.0984, Epsilon: 0.897
2026-04-19 11:58:55 | INFO | Episode  105 - Reward: -200.000, Length: 200, Loss: 0.7027, Entropy: 1.0984, Epsilon: 0.896
2026-04-19 11:58:55 | INFO | Episode  106 - Reward: -200.000, Length: 200, Loss: 0.7199, Entropy: 1.0984, Epsilon: 0.895
2026-04-19 11:58:55 | INFO | Episode  107 - Reward: -200.000, Length: 200, Loss: 0.6995, Entropy: 1.0984, Epsilon: 0.894
2026-04-19 11:58:55 | INFO | Episode  108 - Reward: -200.000, Length: 200, Loss: 0.6824, Entropy: 1.0984, Epsilon: 0.893
2026-04-19 11:58:56 | INFO | Episode  109 - Reward: -200.000, Length: 200, Loss: 0.7175, Entropy: 1.0984, Epsilon: 0.892
2026-04-19 11:58:56 | INFO | Episode  110 - Reward: -200.000, Length: 200, Loss: 0.6998, Entropy: 1.0984, Epsilon: 0.891
2026-04-19 11:58:56 | INFO | Episode  111 - Reward: -200.000, Length: 200, Loss: 0.7156, Entropy: 1.0984, Epsilon: 0.890
2026-04-19 11:58:56 | INFO | Episode  112 - Reward: -200.000, Length: 200, Loss: 0.6997, Entropy: 1.0983, Epsilon: 0.889
2026-04-19 11:58:57 | INFO | Episode  113 - Reward: -200.000, Length: 200, Loss: 0.6791, Entropy: 1.0984, Epsilon: 0.888
2026-04-19 11:58:57 | INFO | Episode  114 - Reward: -200.000, Length: 200, Loss: 0.7141, Entropy: 1.0984, Epsilon: 0.887
2026-04-19 11:58:57 | INFO | Episode  115 - Reward: -200.000, Length: 200, Loss: 0.6917, Entropy: 1.0984, Epsilon: 0.886
2026-04-19 11:58:57 | INFO | Episode  116 - Reward: -200.000, Length: 200, Loss: 0.7143, Entropy: 1.0984, Epsilon: 0.885
2026-04-19 11:58:58 | INFO | Episode  117 - Reward: -200.000, Length: 200, Loss: 0.6960, Entropy: 1.0984, Epsilon: 0.884
2026-04-19 11:58:58 | INFO | Episode  118 - Reward: -200.000, Length: 200, Loss: 0.6738, Entropy: 1.0984, Epsilon: 0.883
2026-04-19 11:58:58 | INFO | Episode  119 - Reward: -200.000, Length: 200, Loss: 0.7116, Entropy: 1.0984, Epsilon: 0.882
2026-04-19 11:58:58 | INFO | Episode  120 - Reward: -200.000, Length: 200, Loss: 0.6880, Entropy: 1.0984, Epsilon: 0.881
2026-04-19 11:58:59 | INFO | Episode  121 - Reward: -200.000, Length: 200, Loss: 0.7060, Entropy: 1.0983, Epsilon: 0.880
2026-04-19 11:58:59 | INFO | Episode  122 - Reward: -200.000, Length: 200, Loss: 0.6878, Entropy: 1.0983, Epsilon: 0.879
2026-04-19 11:58:59 | INFO | Episode  123 - Reward: -200.000, Length: 200, Loss: 0.6669, Entropy: 1.0983, Epsilon: 0.878
2026-04-19 11:58:59 | INFO | Episode  124 - Reward: -200.000, Length: 200, Loss: 0.7090, Entropy: 1.0983, Epsilon: 0.877
2026-04-19 11:59:00 | INFO | Episode  125 - Reward: -200.000, Length: 200, Loss: 0.6884, Entropy: 1.0984, Epsilon: 0.876
2026-04-19 11:59:00 | INFO | Episode  126 - Reward: -200.000, Length: 200, Loss: 0.7101, Entropy: 1.0984, Epsilon: 0.875
2026-04-19 11:59:00 | INFO | Episode  127 - Reward: -200.000, Length: 200, Loss: 0.6862, Entropy: 1.0984, Epsilon: 0.874
2026-04-19 11:59:00 | INFO | Episode  128 - Reward: -200.000, Length: 200, Loss: 0.6626, Entropy: 1.0984, Epsilon: 0.873
2026-04-19 11:59:01 | INFO | Episode  129 - Reward: -200.000, Length: 200, Loss: 0.7114, Entropy: 1.0984, Epsilon: 0.872
2026-04-19 11:59:01 | INFO | Episode  130 - Reward: -200.000, Length: 200, Loss: 0.6860, Entropy: 1.0984, Epsilon: 0.871
2026-04-19 11:59:01 | INFO | Episode  131 - Reward: -200.000, Length: 200, Loss: 0.7091, Entropy: 1.0984, Epsilon: 0.870
2026-04-19 11:59:01 | INFO | Episode  132 - Reward: -200.000, Length: 200, Loss: 0.6864, Entropy: 1.0984, Epsilon: 0.869
2026-04-19 11:59:02 | INFO | Episode  133 - Reward: -200.000, Length: 200, Loss: 0.6613, Entropy: 1.0984, Epsilon: 0.868
2026-04-19 11:59:02 | INFO | Episode  134 - Reward: -200.000, Length: 200, Loss: 0.7110, Entropy: 1.0984, Epsilon: 0.867
2026-04-19 11:59:02 | INFO | Episode  135 - Reward: -200.000, Length: 200, Loss: 0.6830, Entropy: 1.0984, Epsilon: 0.866
2026-04-19 11:59:02 | INFO | Episode  136 - Reward: -200.000, Length: 200, Loss: 0.7105, Entropy: 1.0984, Epsilon: 0.865
2026-04-19 11:59:03 | INFO | Episode  137 - Reward: -200.000, Length: 200, Loss: 0.6833, Entropy: 1.0984, Epsilon: 0.864
2026-04-19 11:59:03 | INFO | Episode  138 - Reward: -200.000, Length: 200, Loss: 0.6527, Entropy: 1.0984, Epsilon: 0.863
2026-04-19 11:59:03 | INFO | Episode  139 - Reward: -200.000, Length: 200, Loss: 0.7084, Entropy: 1.0984, Epsilon: 0.862
2026-04-19 11:59:03 | INFO | Episode  140 - Reward: -200.000, Length: 200, Loss: 0.6777, Entropy: 1.0984, Epsilon: 0.861
2026-04-19 11:59:04 | INFO | Episode  141 - Reward: -200.000, Length: 200, Loss: 0.7054, Entropy: 1.0984, Epsilon: 0.860
2026-04-19 11:59:04 | INFO | Episode  142 - Reward: -200.000, Length: 200, Loss: 0.6793, Entropy: 1.0984, Epsilon: 0.859
2026-04-19 11:59:04 | INFO | Episode  143 - Reward: -200.000, Length: 200, Loss: 0.6513, Entropy: 1.0984, Epsilon: 0.858
2026-04-19 11:59:04 | INFO | Episode  144 - Reward: -200.000, Length: 200, Loss: 0.7018, Entropy: 1.0984, Epsilon: 0.857
2026-04-19 11:59:05 | INFO | Episode  145 - Reward: -200.000, Length: 200, Loss: 0.6768, Entropy: 1.0984, Epsilon: 0.856
2026-04-19 11:59:05 | INFO | Episode  146 - Reward: -200.000, Length: 200, Loss: 0.7057, Entropy: 1.0984, Epsilon: 0.855
2026-04-19 11:59:05 | INFO | Episode  147 - Reward: -200.000, Length: 200, Loss: 0.6759, Entropy: 1.0984, Epsilon: 0.854
2026-04-19 11:59:06 | INFO | Episode  148 - Reward: -200.000, Length: 200, Loss: 0.6431, Entropy: 1.0984, Epsilon: 0.853
2026-04-19 11:59:06 | INFO | Episode  149 - Reward: -200.000, Length: 200, Loss: 0.7046, Entropy: 1.0984, Epsilon: 0.852
2026-04-19 11:59:06 | INFO | Episode  150 - Reward: -200.000, Length: 200, Loss: 0.6700, Entropy: 1.0984, Epsilon: 0.852
2026-04-19 11:59:06 | INFO | Episode  151 - Reward: -200.000, Length: 200, Loss: 0.7066, Entropy: 1.0984, Epsilon: 0.851
2026-04-19 11:59:07 | INFO | Episode  152 - Reward: -200.000, Length: 200, Loss: 0.6711, Entropy: 1.0984, Epsilon: 0.850
2026-04-19 11:59:07 | INFO | Episode  153 - Reward: -200.000, Length: 200, Loss: 0.6364, Entropy: 1.0984, Epsilon: 0.849
2026-04-19 11:59:07 | INFO | Episode  154 - Reward: -200.000, Length: 200, Loss: 0.7053, Entropy: 1.0984, Epsilon: 0.848
2026-04-19 11:59:07 | INFO | Episode  155 - Reward: -200.000, Length: 200, Loss: 0.6648, Entropy: 1.0984, Epsilon: 0.847
2026-04-19 11:59:08 | INFO | Episode  156 - Reward: -200.000, Length: 200, Loss: 0.7018, Entropy: 1.0984, Epsilon: 0.846
2026-04-19 11:59:08 | INFO | Episode  157 - Reward: -200.000, Length: 200, Loss: 0.6647, Entropy: 1.0984, Epsilon: 0.845
2026-04-19 11:59:08 | INFO | Episode  158 - Reward: -200.000, Length: 200, Loss: 0.6262, Entropy: 1.0984, Epsilon: 0.844
2026-04-19 11:59:08 | INFO | Episode  159 - Reward: -200.000, Length: 200, Loss: 0.6993, Entropy: 1.0984, Epsilon: 0.843
2026-04-19 11:59:09 | INFO | Episode  160 - Reward: -200.000, Length: 200, Loss: 0.6587, Entropy: 1.0984, Epsilon: 0.842
2026-04-19 11:59:09 | INFO | Episode  161 - Reward: -200.000, Length: 200, Loss: 0.7028, Entropy: 1.0984, Epsilon: 0.841
2026-04-19 11:59:09 | INFO | Episode  162 - Reward: -200.000, Length: 200, Loss: 0.6570, Entropy: 1.0984, Epsilon: 0.840
2026-04-19 11:59:09 | INFO | Episode  163 - Reward: -200.000, Length: 200, Loss: 0.6174, Entropy: 1.0985, Epsilon: 0.839
2026-04-19 11:59:10 | INFO | Episode  164 - Reward: -200.000, Length: 200, Loss: 0.6980, Entropy: 1.0985, Epsilon: 0.838
2026-04-19 11:59:10 | INFO | Episode  165 - Reward: -200.000, Length: 200, Loss: 0.6550, Entropy: 1.0985, Epsilon: 0.837
2026-04-19 11:59:10 | INFO | Episode  166 - Reward: -200.000, Length: 200, Loss: 0.6983, Entropy: 1.0985, Epsilon: 0.836
2026-04-19 11:59:10 | INFO | Episode  167 - Reward: -200.000, Length: 200, Loss: 0.6479, Entropy: 1.0985, Epsilon: 0.835
2026-04-19 11:59:11 | INFO | Episode  168 - Reward: -200.000, Length: 200, Loss: 0.6020, Entropy: 1.0985, Epsilon: 0.834
2026-04-19 11:59:11 | INFO | Episode  169 - Reward: -200.000, Length: 200, Loss: 0.6955, Entropy: 1.0985, Epsilon: 0.833
2026-04-19 11:59:11 | INFO | Episode  170 - Reward: -200.000, Length: 200, Loss: 0.6411, Entropy: 1.0985, Epsilon: 0.832
2026-04-19 11:59:11 | INFO | Episode  171 - Reward: -200.000, Length: 200, Loss: 0.6972, Entropy: 1.0985, Epsilon: 0.831
2026-04-19 11:59:12 | INFO | Episode  172 - Reward: -200.000, Length: 200, Loss: 0.6388, Entropy: 1.0985, Epsilon: 0.830
2026-04-19 11:59:12 | INFO | Episode  173 - Reward: -200.000, Length: 200, Loss: 0.5875, Entropy: 1.0985, Epsilon: 0.829
2026-04-19 11:59:12 | INFO | Episode  174 - Reward: -200.000, Length: 200, Loss: 0.6937, Entropy: 1.0985, Epsilon: 0.828
2026-04-19 11:59:13 | INFO | Episode  175 - Reward: -200.000, Length: 200, Loss: 0.6353, Entropy: 1.0985, Epsilon: 0.827
2026-04-19 11:59:13 | INFO | Episode  176 - Reward: -200.000, Length: 200, Loss: 0.6929, Entropy: 1.0985, Epsilon: 0.826
2026-04-19 11:59:13 | INFO | Episode  177 - Reward: -200.000, Length: 200, Loss: 0.6299, Entropy: 1.0985, Epsilon: 0.825
2026-04-19 11:59:13 | INFO | Episode  178 - Reward: -200.000, Length: 200, Loss: 0.5708, Entropy: 1.0985, Epsilon: 0.824
2026-04-19 11:59:14 | INFO | Episode  179 - Reward: -200.000, Length: 200, Loss: 0.6919, Entropy: 1.0986, Epsilon: 0.823
2026-04-19 11:59:14 | INFO | Episode  180 - Reward: -200.000, Length: 200, Loss: 0.6220, Entropy: 1.0986, Epsilon: 0.822
2026-04-19 11:59:14 | INFO | Episode  181 - Reward: -200.000, Length: 200, Loss: 0.6914, Entropy: 1.0986, Epsilon: 0.821
2026-04-19 11:59:14 | INFO | Episode  182 - Reward: -200.000, Length: 200, Loss: 0.6179, Entropy: 1.0986, Epsilon: 0.820
2026-04-19 11:59:15 | INFO | Episode  183 - Reward: -200.000, Length: 200, Loss: 0.5515, Entropy: 1.0986, Epsilon: 0.819
2026-04-19 11:59:15 | INFO | Episode  184 - Reward: -200.000, Length: 200, Loss: 0.6907, Entropy: 1.0986, Epsilon: 0.818
2026-04-19 11:59:15 | INFO | Episode  185 - Reward: -200.000, Length: 200, Loss: 0.6164, Entropy: 1.0986, Epsilon: 0.817
2026-04-19 11:59:15 | INFO | Episode  186 - Reward: -200.000, Length: 200, Loss: 0.6874, Entropy: 1.0986, Epsilon: 0.816
2026-04-19 11:59:16 | INFO | Episode  187 - Reward: -200.000, Length: 200, Loss: 0.6032, Entropy: 1.0986, Epsilon: 0.815
2026-04-19 11:59:16 | INFO | Episode  188 - Reward: -200.000, Length: 200, Loss: 0.5277, Entropy: 1.0986, Epsilon: 0.814
2026-04-19 11:59:16 | INFO | Episode  189 - Reward: -200.000, Length: 200, Loss: 0.6872, Entropy: 1.0986, Epsilon: 0.813
2026-04-19 11:59:16 | INFO | Episode  190 - Reward: -200.000, Length: 200, Loss: 0.5983, Entropy: 1.0986, Epsilon: 0.812
2026-04-19 11:59:17 | INFO | Episode  191 - Reward: -200.000, Length: 200, Loss: 0.6838, Entropy: 1.0986, Epsilon: 0.811
2026-04-19 11:59:17 | INFO | Episode  192 - Reward: -200.000, Length: 200, Loss: 0.5914, Entropy: 1.0986, Epsilon: 0.810
2026-04-19 11:59:17 | INFO | Episode  193 - Reward: -200.000, Length: 200, Loss: 0.4896, Entropy: 1.0986, Epsilon: 0.809
2026-04-19 11:59:17 | INFO | Episode  194 - Reward: -200.000, Length: 200, Loss: 0.6807, Entropy: 1.0986, Epsilon: 0.808
2026-04-19 11:59:18 | INFO | Episode  195 - Reward: -200.000, Length: 200, Loss: 0.5782, Entropy: 1.0986, Epsilon: 0.807
2026-04-19 11:59:18 | INFO | Episode  196 - Reward: -200.000, Length: 200, Loss: 0.6722, Entropy: 1.0986, Epsilon: 0.806
2026-04-19 11:59:18 | INFO | Episode  197 - Reward: -200.000, Length: 200, Loss: 0.5542, Entropy: 1.0986, Epsilon: 0.805
2026-04-19 11:59:18 | INFO | Episode  198 - Reward: -200.000, Length: 200, Loss: 0.4550, Entropy: 1.0986, Epsilon: 0.804
2026-04-19 11:59:19 | INFO | Episode  199 - Reward: -200.000, Length: 200, Loss: 0.6568, Entropy: 1.0986, Epsilon: 0.803
2026-04-19 11:59:19 | INFO | Episode  200 - Reward: -200.000, Length: 200, Loss: 0.5309, Entropy: 1.0986, Epsilon: 0.802
2026-04-19 11:59:24 | INFO | [Episode  200] eps=0.802  avg_reward=-200.000  avg_length=200.00  avg_loss=  0.6664  avg_entropy=1.0986  eval_success=0.000
2026-04-19 11:59:24 | INFO | Episode  201 - Reward: -200.000, Length: 200, Loss: 0.6504, Entropy: 1.0986, Epsilon: 0.801
2026-04-19 11:59:24 | INFO | Episode  202 - Reward: -200.000, Length: 200, Loss: 0.5193, Entropy: 1.0986, Epsilon: 0.800
2026-04-19 11:59:25 | INFO | Episode  203 - Reward: -200.000, Length: 200, Loss: 0.4230, Entropy: 1.0986, Epsilon: 0.799
2026-04-19 11:59:25 | INFO | Episode  204 - Reward: -200.000, Length: 200, Loss: 0.6239, Entropy: 1.0986, Epsilon: 0.798
2026-04-19 11:59:25 | INFO | Episode  205 - Reward: -200.000, Length: 200, Loss: 0.5014, Entropy: 1.0986, Epsilon: 0.797
2026-04-19 11:59:25 | INFO | Episode  206 - Reward: -200.000, Length: 200, Loss: 0.6457, Entropy: 1.0986, Epsilon: 0.796
2026-04-19 11:59:26 | INFO | Episode  207 - Reward: -200.000, Length: 200, Loss: 0.5012, Entropy: 1.0986, Epsilon: 0.795
2026-04-19 11:59:26 | INFO | Episode  208 - Reward: -200.000, Length: 200, Loss: 0.3904, Entropy: 1.0986, Epsilon: 0.794
2026-04-19 11:59:26 | INFO | Episode  209 - Reward: -200.000, Length: 200, Loss: 0.6430, Entropy: 1.0986, Epsilon: 0.793
2026-04-19 11:59:26 | INFO | Episode  210 - Reward: -200.000, Length: 200, Loss: 0.4864, Entropy: 1.0986, Epsilon: 0.792
2026-04-19 11:59:27 | INFO | Episode  211 - Reward: -200.000, Length: 200, Loss: 0.6344, Entropy: 1.0986, Epsilon: 0.791
2026-04-19 11:59:27 | INFO | Episode  212 - Reward: -200.000, Length: 200, Loss: 0.4482, Entropy: 1.0986, Epsilon: 0.790
2026-04-19 11:59:28 | INFO | Episode  213 - Reward: -200.000, Length: 200, Loss: 0.2980, Entropy: 1.0986, Epsilon: 0.789
2026-04-19 11:59:28 | INFO | Episode  214 - Reward: -200.000, Length: 200, Loss: 0.6138, Entropy: 1.0986, Epsilon: 0.788
2026-04-19 11:59:28 | INFO | Episode  215 - Reward: -200.000, Length: 200, Loss: 0.4503, Entropy: 1.0986, Epsilon: 0.787
2026-04-19 11:59:28 | INFO | Episode  216 - Reward: -200.000, Length: 200, Loss: 0.5612, Entropy: 1.0986, Epsilon: 0.786
2026-04-19 11:59:29 | INFO | Episode  217 - Reward: -200.000, Length: 200, Loss: 0.4111, Entropy: 1.0985, Epsilon: 0.785
2026-04-19 11:59:29 | INFO | Episode  218 - Reward: -200.000, Length: 200, Loss: 0.2594, Entropy: 1.0985, Epsilon: 0.784
2026-04-19 11:59:29 | INFO | Episode  219 - Reward: -200.000, Length: 200, Loss: 0.6065, Entropy: 1.0985, Epsilon: 0.783
2026-04-19 11:59:29 | INFO | Episode  220 - Reward: -200.000, Length: 200, Loss: 0.3635, Entropy: 1.0985, Epsilon: 0.782
2026-04-19 11:59:30 | INFO | Episode  221 - Reward: -200.000, Length: 200, Loss: 0.6211, Entropy: 1.0985, Epsilon: 0.781
2026-04-19 11:59:30 | INFO | Episode  222 - Reward: -200.000, Length: 200, Loss: 0.3491, Entropy: 1.0985, Epsilon: 0.780
2026-04-19 11:59:30 | INFO | Episode  223 - Reward: -200.000, Length: 200, Loss: 0.1627, Entropy: 1.0985, Epsilon: 0.779
2026-04-19 11:59:30 | INFO | Episode  224 - Reward: -200.000, Length: 200, Loss: 0.5485, Entropy: 1.0985, Epsilon: 0.778
2026-04-19 11:59:31 | INFO | Episode  225 - Reward: -200.000, Length: 200, Loss: 0.2673, Entropy: 1.0985, Epsilon: 0.777
2026-04-19 11:59:31 | INFO | Episode  226 - Reward: -200.000, Length: 200, Loss: 0.5984, Entropy: 1.0985, Epsilon: 0.776
2026-04-19 11:59:31 | INFO | Episode  227 - Reward: -200.000, Length: 200, Loss: 0.3901, Entropy: 1.0985, Epsilon: 0.775
2026-04-19 11:59:31 | INFO | Episode  228 - Reward: -200.000, Length: 200, Loss: 0.0232, Entropy: 1.0985, Epsilon: 0.774
2026-04-19 11:59:32 | INFO | Episode  229 - Reward: -200.000, Length: 200, Loss: 0.5851, Entropy: 1.0985, Epsilon: 0.773
2026-04-19 11:59:32 | INFO | Episode  230 - Reward: -200.000, Length: 200, Loss: 0.2194, Entropy: 1.0985, Epsilon: 0.772
2026-04-19 11:59:32 | INFO | Episode  231 - Reward: -200.000, Length: 200, Loss: 0.6921, Entropy: 1.0985, Epsilon: 0.771
2026-04-19 11:59:33 | INFO | Episode  232 - Reward: -200.000, Length: 200, Loss: 0.2665, Entropy: 1.0985, Epsilon: 0.770
2026-04-19 11:59:33 | INFO | Episode  233 - Reward: -200.000, Length: 200, Loss: 0.0400, Entropy: 1.0985, Epsilon: 0.769
2026-04-19 11:59:33 | INFO | Episode  234 - Reward: -200.000, Length: 200, Loss: 0.7164, Entropy: 1.0986, Epsilon: 0.768
2026-04-19 11:59:33 | INFO | Episode  235 - Reward: -200.000, Length: 200, Loss: 0.3642, Entropy: 1.0986, Epsilon: 0.767
2026-04-19 11:59:34 | INFO | Episode  236 - Reward: -200.000, Length: 200, Loss: 0.5700, Entropy: 1.0985, Epsilon: 0.766
2026-04-19 11:59:34 | INFO | Episode  237 - Reward: -200.000, Length: 200, Loss: 0.5330, Entropy: 1.0986, Epsilon: 0.765
2026-04-19 11:59:34 | INFO | Episode  238 - Reward: -200.000, Length: 200, Loss: 0.0562, Entropy: 1.0986, Epsilon: 0.764
2026-04-19 11:59:34 | INFO | Episode  239 - Reward: -200.000, Length: 200, Loss: 0.4642, Entropy: 1.0986, Epsilon: 0.763
2026-04-19 11:59:35 | INFO | Episode  240 - Reward: -200.000, Length: 200, Loss: 0.3031, Entropy: 1.0986, Epsilon: 0.762
2026-04-19 11:59:35 | INFO | Episode  241 - Reward: -200.000, Length: 200, Loss: 0.5174, Entropy: 1.0986, Epsilon: 0.761
2026-04-19 11:59:35 | INFO | Episode  242 - Reward: -200.000, Length: 200, Loss: 0.5022, Entropy: 1.0986, Epsilon: 0.760
2026-04-19 11:59:35 | INFO | Episode  243 - Reward: -200.000, Length: 200, Loss: 0.7115, Entropy: 1.0986, Epsilon: 0.759
2026-04-19 11:59:36 | INFO | Episode  244 - Reward: -200.000, Length: 200, Loss: 0.7949, Entropy: 1.0985, Epsilon: 0.758
2026-04-19 11:59:36 | INFO | Episode  245 - Reward: -200.000, Length: 200, Loss: 0.0402, Entropy: 1.0985, Epsilon: 0.757
2026-04-19 11:59:36 | INFO | Episode  246 - Reward: -200.000, Length: 200, Loss: 0.8246, Entropy: 1.0986, Epsilon: 0.756
2026-04-19 11:59:36 | INFO | Episode  247 - Reward: -200.000, Length: 200, Loss: 0.0166, Entropy: 1.0986, Epsilon: 0.755
2026-04-19 11:59:37 | INFO | Episode  248 - Reward: -200.000, Length: 200, Loss: 0.5191, Entropy: 1.0986, Epsilon: 0.754
2026-04-19 11:59:37 | INFO | Episode  249 - Reward: -200.000, Length: 200, Loss: 0.8005, Entropy: 1.0985, Epsilon: 0.753
2026-04-19 11:59:37 | INFO | Episode  250 - Reward: -200.000, Length: 200, Loss: 0.5985, Entropy: 1.0985, Epsilon: 0.752
2026-04-19 11:59:38 | INFO | Episode  251 - Reward: -200.000, Length: 200, Loss: 1.2927, Entropy: 1.0985, Epsilon: 0.752
2026-04-19 11:59:38 | INFO | Episode  252 - Reward: -200.000, Length: 200, Loss: 0.0179, Entropy: 1.0985, Epsilon: 0.751
2026-04-19 11:59:38 | INFO | Episode  253 - Reward: -200.000, Length: 200, Loss: 0.1985, Entropy: 1.0985, Epsilon: 0.750
2026-04-19 11:59:38 | INFO | Episode  254 - Reward: -200.000, Length: 200, Loss: 0.7373, Entropy: 1.0985, Epsilon: 0.749
2026-04-19 11:59:39 | INFO | Episode  255 - Reward: -200.000, Length: 200, Loss: 0.8767, Entropy: 1.0986, Epsilon: 0.748
2026-04-19 11:59:39 | INFO | Episode  256 - Reward: -200.000, Length: 200, Loss: 1.4397, Entropy: 1.0986, Epsilon: 0.747
2026-04-19 11:59:39 | INFO | Episode  257 - Reward: -200.000, Length: 200, Loss: 0.5376, Entropy: 1.0985, Epsilon: 0.746
2026-04-19 11:59:39 | INFO | Episode  258 - Reward: -200.000, Length: 200, Loss: 1.4333, Entropy: 1.0986, Epsilon: 0.745
2026-04-19 11:59:40 | INFO | Episode  259 - Reward: -200.000, Length: 200, Loss: 0.5263, Entropy: 1.0986, Epsilon: 0.744
2026-04-19 11:59:40 | INFO | Episode  260 - Reward: -200.000, Length: 200, Loss: 1.3087, Entropy: 1.0985, Epsilon: 0.743
2026-04-19 11:59:40 | INFO | Episode  261 - Reward: -200.000, Length: 200, Loss: 1.1395, Entropy: 1.0984, Epsilon: 0.742
2026-04-19 11:59:41 | INFO | Episode  262 - Reward: -200.000, Length: 200, Loss: 1.2913, Entropy: 1.0985, Epsilon: 0.741
2026-04-19 11:59:41 | INFO | Episode  263 - Reward: -200.000, Length: 200, Loss: 1.2159, Entropy: 1.0985, Epsilon: 0.740
2026-04-19 11:59:41 | INFO | Episode  264 - Reward: -200.000, Length: 200, Loss: 1.2088, Entropy: 1.0985, Epsilon: 0.739
2026-04-19 11:59:41 | INFO | Episode  265 - Reward: -200.000, Length: 200, Loss: 0.7089, Entropy: 1.0986, Epsilon: 0.738
2026-04-19 11:59:42 | INFO | Episode  266 - Reward: -200.000, Length: 200, Loss: 1.4610, Entropy: 1.0985, Epsilon: 0.737
2026-04-19 11:59:42 | INFO | Episode  267 - Reward: -200.000, Length: 200, Loss: 1.0813, Entropy: 1.0986, Epsilon: 0.736
2026-04-19 11:59:42 | INFO | Episode  268 - Reward: -200.000, Length: 200, Loss: 1.2608, Entropy: 1.0983, Epsilon: 0.735
2026-04-19 11:59:42 | INFO | Episode  269 - Reward: -200.000, Length: 200, Loss: 1.1078, Entropy: 1.0984, Epsilon: 0.734
2026-04-19 11:59:43 | INFO | Episode  270 - Reward: -200.000, Length: 200, Loss: 1.4718, Entropy: 1.0984, Epsilon: 0.733
2026-04-19 11:59:43 | INFO | Episode  271 - Reward: -200.000, Length: 200, Loss: 1.1514, Entropy: 1.0982, Epsilon: 0.732
2026-04-19 11:59:43 | INFO | Episode  272 - Reward: -200.000, Length: 200, Loss: 2.2913, Entropy: 1.0983, Epsilon: 0.731
2026-04-19 11:59:44 | INFO | Episode  273 - Reward: -200.000, Length: 200, Loss: -0.2075, Entropy: 1.0986, Epsilon: 0.730
2026-04-19 11:59:44 | INFO | Episode  274 - Reward: -200.000, Length: 200, Loss: 1.9331, Entropy: 1.0984, Epsilon: 0.729
2026-04-19 11:59:44 | INFO | Episode  275 - Reward: -200.000, Length: 200, Loss: 0.7949, Entropy: 1.0985, Epsilon: 0.728
2026-04-19 11:59:44 | INFO | Episode  276 - Reward: -200.000, Length: 200, Loss: 2.1113, Entropy: 1.0982, Epsilon: 0.727
2026-04-19 11:59:45 | INFO | Episode  277 - Reward: -200.000, Length: 200, Loss: 0.5099, Entropy: 1.0983, Epsilon: 0.726
2026-04-19 11:59:45 | INFO | Episode  278 - Reward: -200.000, Length: 200, Loss: 1.1532, Entropy: 1.0981, Epsilon: 0.725
2026-04-19 11:59:45 | INFO | Episode  279 - Reward: -200.000, Length: 200, Loss: 2.1259, Entropy: 1.0982, Epsilon: 0.724
2026-04-19 11:59:45 | INFO | Episode  280 - Reward: -200.000, Length: 200, Loss: 4.2331, Entropy: 1.0985, Epsilon: 0.723
2026-04-19 11:59:46 | INFO | Episode  281 - Reward: -200.000, Length: 200, Loss: 1.1682, Entropy: 1.0982, Epsilon: 0.722
2026-04-19 11:59:46 | INFO | Episode  282 - Reward: -200.000, Length: 200, Loss: 2.9849, Entropy: 1.0979, Epsilon: 0.721
2026-04-19 11:59:46 | INFO | Episode  283 - Reward: -200.000, Length: 200, Loss: 0.5605, Entropy: 1.0981, Epsilon: 0.720
2026-04-19 11:59:46 | INFO | Episode  284 - Reward: -200.000, Length: 200, Loss: 0.6584, Entropy: 1.0984, Epsilon: 0.719
2026-04-19 11:59:47 | INFO | Episode  285 - Reward: -200.000, Length: 200, Loss: 3.8541, Entropy: 1.0982, Epsilon: 0.718
2026-04-19 11:59:47 | INFO | Episode  286 - Reward: -200.000, Length: 200, Loss: 1.1567, Entropy: 1.0982, Epsilon: 0.717
2026-04-19 11:59:47 | INFO | Episode  287 - Reward: -200.000, Length: 200, Loss: 1.0909, Entropy: 1.0985, Epsilon: 0.716
2026-04-19 11:59:47 | INFO | Episode  288 - Reward: -200.000, Length: 200, Loss: 0.7506, Entropy: 1.0983, Epsilon: 0.715
2026-04-19 11:59:48 | INFO | Episode  289 - Reward: -200.000, Length: 200, Loss: 2.2861, Entropy: 1.0975, Epsilon: 0.714
2026-04-19 11:59:48 | INFO | Episode  290 - Reward: -200.000, Length: 200, Loss: 1.7617, Entropy: 1.0974, Epsilon: 0.713
2026-04-19 11:59:48 | INFO | Episode  291 - Reward: -200.000, Length: 200, Loss: 3.4078, Entropy: 1.0980, Epsilon: 0.712
2026-04-19 11:59:49 | INFO | Episode  292 - Reward: -200.000, Length: 200, Loss: 1.3357, Entropy: 1.0969, Epsilon: 0.711
2026-04-19 11:59:49 | INFO | Episode  293 - Reward: -200.000, Length: 200, Loss: 2.2938, Entropy: 1.0980, Epsilon: 0.710
2026-04-19 11:59:49 | INFO | Episode  294 - Reward: -200.000, Length: 200, Loss: 2.5219, Entropy: 1.0972, Epsilon: 0.709
2026-04-19 11:59:49 | INFO | Episode  295 - Reward: -200.000, Length: 200, Loss: 2.3951, Entropy: 1.0979, Epsilon: 0.708
2026-04-19 11:59:50 | INFO | Episode  296 - Reward: -200.000, Length: 200, Loss: 2.1902, Entropy: 1.0980, Epsilon: 0.707
2026-04-19 11:59:50 | INFO | Episode  297 - Reward: -200.000, Length: 200, Loss: 1.9531, Entropy: 1.0975, Epsilon: 0.706
2026-04-19 11:59:50 | INFO | Episode  298 - Reward: -200.000, Length: 200, Loss: 3.2447, Entropy: 1.0977, Epsilon: 0.705
2026-04-19 11:59:50 | INFO | Episode  299 - Reward: -200.000, Length: 200, Loss: 4.5630, Entropy: 1.0963, Epsilon: 0.704
2026-04-19 11:59:51 | INFO | Episode  300 - Reward: -200.000, Length: 200, Loss: 0.4243, Entropy: 1.0977, Epsilon: 0.703
2026-04-19 11:59:55 | INFO | [Episode  300] eps=0.703  avg_reward=-200.000  avg_length=200.00  avg_loss=  1.0014  avg_entropy=1.0977  eval_success=0.000
2026-04-19 11:59:56 | INFO | Episode  301 - Reward: -200.000, Length: 200, Loss: 2.9943, Entropy: 1.0980, Epsilon: 0.702
2026-04-19 11:59:56 | INFO | Episode  302 - Reward: -200.000, Length: 200, Loss: 1.0955, Entropy: 1.0972, Epsilon: 0.701
2026-04-19 11:59:56 | INFO | Episode  303 - Reward: -200.000, Length: 200, Loss: 2.7795, Entropy: 1.0975, Epsilon: 0.700
2026-04-19 11:59:56 | INFO | Episode  304 - Reward: -200.000, Length: 200, Loss: 1.8922, Entropy: 1.0971, Epsilon: 0.699
2026-04-19 11:59:57 | INFO | Episode  305 - Reward: -200.000, Length: 200, Loss: 0.4829, Entropy: 1.0981, Epsilon: 0.698
2026-04-19 11:59:57 | INFO | Episode  306 - Reward: -200.000, Length: 200, Loss: 3.2980, Entropy: 1.0978, Epsilon: 0.697
2026-04-19 11:59:57 | INFO | Episode  307 - Reward: -200.000, Length: 200, Loss: 5.2936, Entropy: 1.0968, Epsilon: 0.696
2026-04-19 11:59:58 | INFO | Episode  308 - Reward: -200.000, Length: 200, Loss: 2.3356, Entropy: 1.0972, Epsilon: 0.695
2026-04-19 11:59:58 | INFO | Episode  309 - Reward: -200.000, Length: 200, Loss: 2.1311, Entropy: 1.0979, Epsilon: 0.694
2026-04-19 11:59:58 | INFO | Episode  310 - Reward: -200.000, Length: 200, Loss: 1.7483, Entropy: 1.0981, Epsilon: 0.693
2026-04-19 11:59:58 | INFO | Episode  311 - Reward: -200.000, Length: 200, Loss: 4.9026, Entropy: 1.0974, Epsilon: 0.692
2026-04-19 11:59:59 | INFO | Episode  312 - Reward: -200.000, Length: 200, Loss: 1.9995, Entropy: 1.0976, Epsilon: 0.691
2026-04-19 11:59:59 | INFO | Episode  313 - Reward: -200.000, Length: 200, Loss: 7.1321, Entropy: 1.0971, Epsilon: 0.690
2026-04-19 11:59:59 | INFO | Episode  314 - Reward: -200.000, Length: 200, Loss: 2.9034, Entropy: 1.0983, Epsilon: 0.689
2026-04-19 12:00:00 | INFO | Episode  315 - Reward: -200.000, Length: 200, Loss: 7.4282, Entropy: 1.0965, Epsilon: 0.688
2026-04-19 12:00:00 | INFO | Episode  316 - Reward: -200.000, Length: 200, Loss: 5.1984, Entropy: 1.0949, Epsilon: 0.687
2026-04-19 12:00:00 | INFO | Episode  317 - Reward: -200.000, Length: 200, Loss: 5.8801, Entropy: 1.0941, Epsilon: 0.686
2026-04-19 12:00:01 | INFO | Episode  318 - Reward: -200.000, Length: 200, Loss: 3.7721, Entropy: 1.0970, Epsilon: 0.685
2026-04-19 12:00:01 | INFO | Episode  319 - Reward: -200.000, Length: 200, Loss: 0.6282, Entropy: 1.0982, Epsilon: 0.684
2026-04-19 12:00:01 | INFO | Episode  320 - Reward: -200.000, Length: 200, Loss: 1.4638, Entropy: 1.0976, Epsilon: 0.683
2026-04-19 12:00:02 | INFO | Episode  321 - Reward: -200.000, Length: 200, Loss: 1.6625, Entropy: 1.0982, Epsilon: 0.682
2026-04-19 12:00:02 | INFO | Episode  322 - Reward: -200.000, Length: 200, Loss: 3.2406, Entropy: 1.0978, Epsilon: 0.681
2026-04-19 12:00:02 | INFO | Episode  323 - Reward: -200.000, Length: 200, Loss: 6.8171, Entropy: 1.0965, Epsilon: 0.680
2026-04-19 12:00:02 | INFO | Episode  324 - Reward: -200.000, Length: 200, Loss: 6.7333, Entropy: 1.0959, Epsilon: 0.679
2026-04-19 12:00:03 | INFO | Episode  325 - Reward: -200.000, Length: 200, Loss: 3.1141, Entropy: 1.0961, Epsilon: 0.678
2026-04-19 12:00:03 | INFO | Episode  326 - Reward: -200.000, Length: 200, Loss: 2.8298, Entropy: 1.0974, Epsilon: 0.677
2026-04-19 12:00:03 | INFO | Episode  327 - Reward: -200.000, Length: 200, Loss: 4.9675, Entropy: 1.0964, Epsilon: 0.676
2026-04-19 12:00:04 | INFO | Episode  328 - Reward: -200.000, Length: 200, Loss: 2.5191, Entropy: 1.0979, Epsilon: 0.675
2026-04-19 12:00:04 | INFO | Episode  329 - Reward: -200.000, Length: 200, Loss: 7.3009, Entropy: 1.0960, Epsilon: 0.674
2026-04-19 12:00:04 | INFO | Episode  330 - Reward: -200.000, Length: 200, Loss: 3.5988, Entropy: 1.0978, Epsilon: 0.673
2026-04-19 12:00:04 | INFO | Episode  331 - Reward: -200.000, Length: 200, Loss: 3.7625, Entropy: 1.0973, Epsilon: 0.672
2026-04-19 12:00:05 | INFO | Episode  332 - Reward: -200.000, Length: 200, Loss: 5.1538, Entropy: 1.0978, Epsilon: 0.671
2026-04-19 12:00:05 | INFO | Episode  333 - Reward: -200.000, Length: 200, Loss: 4.2592, Entropy: 1.0980, Epsilon: 0.670
2026-04-19 12:00:05 | INFO | Episode  334 - Reward: -200.000, Length: 200, Loss: 8.0082, Entropy: 1.0934, Epsilon: 0.669
2026-04-19 12:00:06 | INFO | Episode  335 - Reward: -200.000, Length: 200, Loss: 9.6105, Entropy: 1.0817, Epsilon: 0.668
2026-04-19 12:00:06 | INFO | Episode  336 - Reward: -200.000, Length: 200, Loss: 3.9095, Entropy: 1.0905, Epsilon: 0.667
2026-04-19 12:00:06 | INFO | Episode  337 - Reward: -200.000, Length: 200, Loss: 2.6585, Entropy: 1.0957, Epsilon: 0.666
2026-04-19 12:00:06 | INFO | Episode  338 - Reward: -200.000, Length: 200, Loss: 6.4908, Entropy: 1.0967, Epsilon: 0.665
2026-04-19 12:00:07 | INFO | Episode  339 - Reward: -200.000, Length: 200, Loss: 4.7210, Entropy: 1.0974, Epsilon: 0.664
2026-04-19 12:00:07 | INFO | Episode  340 - Reward: -200.000, Length: 200, Loss: 6.3132, Entropy: 1.0973, Epsilon: 0.663
2026-04-19 12:00:07 | INFO | Episode  341 - Reward: -200.000, Length: 200, Loss: 12.4225, Entropy: 1.0851, Epsilon: 0.662
2026-04-19 12:00:07 | INFO | Episode  342 - Reward: -200.000, Length: 200, Loss: 3.4096, Entropy: 1.0899, Epsilon: 0.661
2026-04-19 12:00:08 | INFO | Episode  343 - Reward: -200.000, Length: 200, Loss: 4.8254, Entropy: 1.0968, Epsilon: 0.660
2026-04-19 12:00:08 | INFO | Episode  344 - Reward: -200.000, Length: 200, Loss: 2.1760, Entropy: 1.0978, Epsilon: 0.659
2026-04-19 12:00:08 | INFO | Episode  345 - Reward: -200.000, Length: 200, Loss: 4.2214, Entropy: 1.0944, Epsilon: 0.658
2026-04-19 12:00:08 | INFO | Episode  346 - Reward: -200.000, Length: 200, Loss: 5.1876, Entropy: 1.0971, Epsilon: 0.657
2026-04-19 12:00:09 | INFO | Episode  347 - Reward: -200.000, Length: 200, Loss: 4.7794, Entropy: 1.0964, Epsilon: 0.656
2026-04-19 12:00:09 | INFO | Episode  348 - Reward: -200.000, Length: 200, Loss: 3.1784, Entropy: 1.0979, Epsilon: 0.655
2026-04-19 12:00:09 | INFO | Episode  349 - Reward: -200.000, Length: 200, Loss: 7.3917, Entropy: 1.0976, Epsilon: 0.654
2026-04-19 12:00:10 | INFO | Episode  350 - Reward: -200.000, Length: 200, Loss: 8.1769, Entropy: 1.0949, Epsilon: 0.653
2026-04-19 12:00:10 | INFO | Episode  351 - Reward: -200.000, Length: 200, Loss: 4.0566, Entropy: 1.0958, Epsilon: 0.653
2026-04-19 12:00:10 | INFO | Episode  352 - Reward: -200.000, Length: 200, Loss: 5.6405, Entropy: 1.0952, Epsilon: 0.652
2026-04-19 12:00:10 | INFO | Episode  353 - Reward: -200.000, Length: 200, Loss: 3.4625, Entropy: 1.0950, Epsilon: 0.651
2026-04-19 12:00:11 | INFO | Episode  354 - Reward: -200.000, Length: 200, Loss: 6.6940, Entropy: 1.0959, Epsilon: 0.650
2026-04-19 12:00:11 | INFO | Episode  355 - Reward: -200.000, Length: 200, Loss: 7.7748, Entropy: 1.0965, Epsilon: 0.649
2026-04-19 12:00:11 | INFO | Episode  356 - Reward: -200.000, Length: 200, Loss: 4.5083, Entropy: 1.0963, Epsilon: 0.648
2026-04-19 12:00:11 | INFO | Episode  357 - Reward: -200.000, Length: 200, Loss: 3.5112, Entropy: 1.0968, Epsilon: 0.647
2026-04-19 12:00:12 | INFO | Episode  358 - Reward: -200.000, Length: 200, Loss: 10.7267, Entropy: 1.0863, Epsilon: 0.646
2026-04-19 12:00:12 | INFO | Episode  359 - Reward: -200.000, Length: 200, Loss: 1.2387, Entropy: 1.0931, Epsilon: 0.645
2026-04-19 12:00:12 | INFO | Episode  360 - Reward: -200.000, Length: 200, Loss: 11.7988, Entropy: 1.0928, Epsilon: 0.644
2026-04-19 12:00:12 | INFO | Episode  361 - Reward: -200.000, Length: 200, Loss: 5.8562, Entropy: 1.0874, Epsilon: 0.643
2026-04-19 12:00:13 | INFO | Episode  362 - Reward: -200.000, Length: 200, Loss: 4.4778, Entropy: 1.0901, Epsilon: 0.642
2026-04-19 12:00:13 | INFO | Episode  363 - Reward: -200.000, Length: 200, Loss: 8.7097, Entropy: 1.0966, Epsilon: 0.641
2026-04-19 12:00:13 | INFO | Episode  364 - Reward: -200.000, Length: 200, Loss: 8.1950, Entropy: 1.0911, Epsilon: 0.640
2026-04-19 12:00:14 | INFO | Episode  365 - Reward: -200.000, Length: 200, Loss: 9.2229, Entropy: 1.0963, Epsilon: 0.639
2026-04-19 12:00:14 | INFO | Episode  366 - Reward: -200.000, Length: 200, Loss: 3.4705, Entropy: 1.0975, Epsilon: 0.638
2026-04-19 12:00:14 | INFO | Episode  367 - Reward: -200.000, Length: 200, Loss: 5.9899, Entropy: 1.0972, Epsilon: 0.637
2026-04-19 12:00:14 | INFO | Episode  368 - Reward: -200.000, Length: 200, Loss: 5.8713, Entropy: 1.0960, Epsilon: 0.636
2026-04-19 12:00:15 | INFO | Episode  369 - Reward: -200.000, Length: 200, Loss: 8.2220, Entropy: 1.0971, Epsilon: 0.635
2026-04-19 12:00:15 | INFO | Episode  370 - Reward: -200.000, Length: 200, Loss: 3.6972, Entropy: 1.0976, Epsilon: 0.634
2026-04-19 12:00:15 | INFO | Episode  371 - Reward: -200.000, Length: 200, Loss: 1.1585, Entropy: 1.0981, Epsilon: 0.633
2026-04-19 12:00:15 | INFO | Episode  372 - Reward: -200.000, Length: 200, Loss: 1.1379, Entropy: 1.0974, Epsilon: 0.632
2026-04-19 12:00:16 | INFO | Episode  373 - Reward: -200.000, Length: 200, Loss: 5.9752, Entropy: 1.0958, Epsilon: 0.631
2026-04-19 12:00:16 | INFO | Episode  374 - Reward: -200.000, Length: 200, Loss: 4.9508, Entropy: 1.0973, Epsilon: 0.630
2026-04-19 12:00:16 | INFO | Episode  375 - Reward: -200.000, Length: 200, Loss: 6.1983, Entropy: 1.0948, Epsilon: 0.629
2026-04-19 12:00:17 | INFO | Episode  376 - Reward: -200.000, Length: 200, Loss: 11.7626, Entropy: 1.0908, Epsilon: 0.628
2026-04-19 12:00:17 | INFO | Episode  377 - Reward: -200.000, Length: 200, Loss: 11.0659, Entropy: 1.0889, Epsilon: 0.627
2026-04-19 12:00:17 | INFO | Episode  378 - Reward: -200.000, Length: 200, Loss: 7.5137, Entropy: 1.0810, Epsilon: 0.626
2026-04-19 12:00:17 | INFO | Episode  379 - Reward: -200.000, Length: 200, Loss: 5.2430, Entropy: 1.0947, Epsilon: 0.625
2026-04-19 12:00:18 | INFO | Episode  380 - Reward: -200.000, Length: 200, Loss: 4.8485, Entropy: 1.0976, Epsilon: 0.624
2026-04-19 12:00:18 | INFO | Episode  381 - Reward: -200.000, Length: 200, Loss: 3.9614, Entropy: 1.0970, Epsilon: 0.623
2026-04-19 12:00:18 | INFO | Episode  382 - Reward: -200.000, Length: 200, Loss: 3.8110, Entropy: 1.0933, Epsilon: 0.622
2026-04-19 12:00:18 | INFO | Episode  383 - Reward: -200.000, Length: 200, Loss: 3.7761, Entropy: 1.0965, Epsilon: 0.621
2026-04-19 12:00:19 | INFO | Episode  384 - Reward: -200.000, Length: 200, Loss: 4.5075, Entropy: 1.0972, Epsilon: 0.620
2026-04-19 12:00:19 | INFO | Episode  385 - Reward: -200.000, Length: 200, Loss: 5.4833, Entropy: 1.0970, Epsilon: 0.619
2026-04-19 12:00:19 | INFO | Episode  386 - Reward: -200.000, Length: 200, Loss: 5.6425, Entropy: 1.0969, Epsilon: 0.618
2026-04-19 12:00:20 | INFO | Episode  387 - Reward: -200.000, Length: 200, Loss: 5.1594, Entropy: 1.0957, Epsilon: 0.617
2026-04-19 12:00:20 | INFO | Episode  388 - Reward: -200.000, Length: 200, Loss: 11.6010, Entropy: 1.0966, Epsilon: 0.616
2026-04-19 12:00:20 | INFO | Episode  389 - Reward: -200.000, Length: 200, Loss: 5.6660, Entropy: 1.0958, Epsilon: 0.615
2026-04-19 12:00:20 | INFO | Episode  390 - Reward: -200.000, Length: 200, Loss: 5.5934, Entropy: 1.0971, Epsilon: 0.614
2026-04-19 12:00:21 | INFO | Episode  391 - Reward: -200.000, Length: 200, Loss: 9.3653, Entropy: 1.0950, Epsilon: 0.613
2026-04-19 12:00:21 | INFO | Episode  392 - Reward: -200.000, Length: 200, Loss: 8.5207, Entropy: 1.0942, Epsilon: 0.612
2026-04-19 12:00:21 | INFO | Episode  393 - Reward: -200.000, Length: 200, Loss: 12.0583, Entropy: 1.0904, Epsilon: 0.611
2026-04-19 12:00:21 | INFO | Episode  394 - Reward: -200.000, Length: 200, Loss: 9.9232, Entropy: 1.0812, Epsilon: 0.610
2026-04-19 12:00:22 | INFO | Episode  395 - Reward: -200.000, Length: 200, Loss: 13.3329, Entropy: 1.0943, Epsilon: 0.609
2026-04-19 12:00:22 | INFO | Episode  396 - Reward: -200.000, Length: 200, Loss: 7.1971, Entropy: 1.0950, Epsilon: 0.608
2026-04-19 12:00:22 | INFO | Episode  397 - Reward: -200.000, Length: 200, Loss: 10.0715, Entropy: 1.0881, Epsilon: 0.607
2026-04-19 12:00:23 | INFO | Episode  398 - Reward: -200.000, Length: 200, Loss: 12.9003, Entropy: 1.0934, Epsilon: 0.606
2026-04-19 12:00:23 | INFO | Episode  399 - Reward: -200.000, Length: 200, Loss: 3.9656, Entropy: 1.0949, Epsilon: 0.605
2026-04-19 12:00:23 | INFO | Episode  400 - Reward: -200.000, Length: 200, Loss: 11.2168, Entropy: 1.0956, Epsilon: 0.604
2026-04-19 12:00:28 | INFO | [Episode  400] eps=0.604  avg_reward=-200.000  avg_length=200.00  avg_loss=  5.5553  avg_entropy=1.0956  eval_success=0.000
2026-04-19 12:00:28 | INFO | Episode  401 - Reward: -200.000, Length: 200, Loss: 7.0728, Entropy: 1.0943, Epsilon: 0.603
2026-04-19 12:00:28 | INFO | Episode  402 - Reward: -200.000, Length: 200, Loss: 4.7546, Entropy: 1.0933, Epsilon: 0.602
2026-04-19 12:00:29 | INFO | Episode  403 - Reward: -200.000, Length: 200, Loss: 16.3804, Entropy: 1.0962, Epsilon: 0.601
2026-04-19 12:00:29 | INFO | Episode  404 - Reward: -200.000, Length: 200, Loss: 7.8653, Entropy: 1.0966, Epsilon: 0.600
2026-04-19 12:00:29 | INFO | Episode  405 - Reward: -200.000, Length: 200, Loss: 7.3010, Entropy: 1.0925, Epsilon: 0.599
2026-04-19 12:00:29 | INFO | Episode  406 - Reward: -200.000, Length: 200, Loss: 7.7048, Entropy: 1.0939, Epsilon: 0.598
2026-04-19 12:00:30 | INFO | Episode  407 - Reward: -200.000, Length: 200, Loss: 12.6341, Entropy: 1.0826, Epsilon: 0.597
2026-04-19 12:00:30 | INFO | Episode  408 - Reward: -200.000, Length: 200, Loss: 9.6354, Entropy: 1.0911, Epsilon: 0.596
2026-04-19 12:00:30 | INFO | Episode  409 - Reward: -200.000, Length: 200, Loss: 9.2076, Entropy: 1.0951, Epsilon: 0.595
2026-04-19 12:00:31 | INFO | Episode  410 - Reward: -200.000, Length: 200, Loss: 5.9563, Entropy: 1.0957, Epsilon: 0.594
2026-04-19 12:00:31 | INFO | Episode  411 - Reward: -200.000, Length: 200, Loss: 9.5757, Entropy: 1.0889, Epsilon: 0.593
2026-04-19 12:00:31 | INFO | Episode  412 - Reward: -200.000, Length: 200, Loss: 4.6479, Entropy: 1.0873, Epsilon: 0.592
2026-04-19 12:00:32 | INFO | Episode  413 - Reward: -200.000, Length: 200, Loss: 4.4594, Entropy: 1.0934, Epsilon: 0.591
2026-04-19 12:00:32 | INFO | Episode  414 - Reward: -200.000, Length: 200, Loss: 3.1092, Entropy: 1.0952, Epsilon: 0.590
2026-04-19 12:00:33 | INFO | Episode  415 - Reward: -200.000, Length: 200, Loss: 6.7253, Entropy: 1.0947, Epsilon: 0.589
2026-04-19 12:00:33 | INFO | Episode  416 - Reward: -200.000, Length: 200, Loss: 8.0860, Entropy: 1.0952, Epsilon: 0.588
2026-04-19 12:00:33 | INFO | Episode  417 - Reward: -200.000, Length: 200, Loss: 11.8241, Entropy: 1.0895, Epsilon: 0.587
2026-04-19 12:00:33 | INFO | Episode  418 - Reward: -200.000, Length: 200, Loss: 3.3272, Entropy: 1.0958, Epsilon: 0.586
2026-04-19 12:00:34 | INFO | Episode  419 - Reward: -200.000, Length: 200, Loss: 16.4021, Entropy: 1.0544, Epsilon: 0.585
2026-04-19 12:00:34 | INFO | Episode  420 - Reward: -200.000, Length: 200, Loss: 3.8062, Entropy: 1.0916, Epsilon: 0.584
2026-04-19 12:00:34 | INFO | Episode  421 - Reward: -200.000, Length: 200, Loss: 3.1198, Entropy: 1.0945, Epsilon: 0.583
2026-04-19 12:00:35 | INFO | Episode  422 - Reward: -200.000, Length: 200, Loss: 18.7530, Entropy: 1.0839, Epsilon: 0.582
2026-04-19 12:00:35 | INFO | Episode  423 - Reward: -200.000, Length: 200, Loss: 5.0905, Entropy: 1.0951, Epsilon: 0.581
2026-04-19 12:00:35 | INFO | Episode  424 - Reward: -200.000, Length: 200, Loss: 12.2469, Entropy: 1.0847, Epsilon: 0.580
2026-04-19 12:00:35 | INFO | Episode  425 - Reward: -200.000, Length: 200, Loss: 11.6926, Entropy: 1.0899, Epsilon: 0.579
2026-04-19 12:00:36 | INFO | Episode  426 - Reward: -200.000, Length: 200, Loss: 6.9141, Entropy: 1.0915, Epsilon: 0.578
2026-04-19 12:00:36 | INFO | Episode  427 - Reward: -200.000, Length: 200, Loss: 6.8711, Entropy: 1.0926, Epsilon: 0.577
2026-04-19 12:00:36 | INFO | Episode  428 - Reward: -200.000, Length: 200, Loss: 14.1756, Entropy: 1.0912, Epsilon: 0.576
2026-04-19 12:00:36 | INFO | Episode  429 - Reward: -200.000, Length: 200, Loss: 8.0867, Entropy: 1.0953, Epsilon: 0.575
2026-04-19 12:00:37 | INFO | Episode  430 - Reward: -200.000, Length: 200, Loss: 6.9176, Entropy: 1.0942, Epsilon: 0.574
2026-04-19 12:00:37 | INFO | Episode  431 - Reward: -200.000, Length: 200, Loss: 4.8789, Entropy: 1.0902, Epsilon: 0.573
2026-04-19 12:00:37 | INFO | Episode  432 - Reward: -200.000, Length: 200, Loss: 4.7714, Entropy: 1.0962, Epsilon: 0.572
2026-04-19 12:00:38 | INFO | Episode  433 - Reward: -200.000, Length: 200, Loss: 8.0700, Entropy: 1.0944, Epsilon: 0.571
2026-04-19 12:00:38 | INFO | Episode  434 - Reward: -200.000, Length: 200, Loss: 5.4497, Entropy: 1.0966, Epsilon: 0.570
2026-04-19 12:00:38 | INFO | Episode  435 - Reward: -200.000, Length: 200, Loss: 12.8641, Entropy: 1.0950, Epsilon: 0.569
2026-04-19 12:00:38 | INFO | Episode  436 - Reward: -200.000, Length: 200, Loss: 1.4072, Entropy: 1.0973, Epsilon: 0.568
2026-04-19 12:00:39 | INFO | Episode  437 - Reward: -200.000, Length: 200, Loss: 5.3063, Entropy: 1.0954, Epsilon: 0.567
2026-04-19 12:00:39 | INFO | Episode  438 - Reward: -200.000, Length: 200, Loss: 8.4494, Entropy: 1.0863, Epsilon: 0.566
2026-04-19 12:00:39 | INFO | Episode  439 - Reward: -200.000, Length: 200, Loss: 11.7558, Entropy: 1.0865, Epsilon: 0.565
2026-04-19 12:00:39 | INFO | Episode  440 - Reward: -200.000, Length: 200, Loss: 7.7432, Entropy: 1.0897, Epsilon: 0.564
2026-04-19 12:00:40 | INFO | Episode  441 - Reward: -200.000, Length: 200, Loss: 10.3900, Entropy: 1.0745, Epsilon: 0.563
2026-04-19 12:00:40 | INFO | Episode  442 - Reward: -200.000, Length: 200, Loss: 7.2410, Entropy: 1.0916, Epsilon: 0.562
2026-04-19 12:00:40 | INFO | Episode  443 - Reward: -200.000, Length: 200, Loss: 1.7179, Entropy: 1.0967, Epsilon: 0.561
2026-04-19 12:00:41 | INFO | Episode  444 - Reward: -200.000, Length: 200, Loss: 6.8239, Entropy: 1.0962, Epsilon: 0.560
2026-04-19 12:00:41 | INFO | Episode  445 - Reward: -200.000, Length: 200, Loss: 5.2906, Entropy: 1.0933, Epsilon: 0.559
2026-04-19 12:00:41 | INFO | Episode  446 - Reward: -200.000, Length: 200, Loss: 11.1996, Entropy: 1.0935, Epsilon: 0.558
2026-04-19 12:00:41 | INFO | Episode  447 - Reward: -200.000, Length: 200, Loss: 8.7506, Entropy: 1.0913, Epsilon: 0.557
2026-04-19 12:00:42 | INFO | Episode  448 - Reward: -200.000, Length: 200, Loss: 1.5932, Entropy: 1.0968, Epsilon: 0.556
2026-04-19 12:00:42 | INFO | Episode  449 - Reward: -200.000, Length: 200, Loss: 13.3070, Entropy: 1.0950, Epsilon: 0.555
2026-04-19 12:00:42 | INFO | Episode  450 - Reward: -200.000, Length: 200, Loss: 14.4356, Entropy: 1.0969, Epsilon: 0.554
2026-04-19 12:00:42 | INFO | Episode  451 - Reward: -200.000, Length: 200, Loss: 9.5294, Entropy: 1.0936, Epsilon: 0.554
2026-04-19 12:00:43 | INFO | Episode  452 - Reward: -200.000, Length: 200, Loss: 13.3820, Entropy: 1.0897, Epsilon: 0.553
2026-04-19 12:00:43 | INFO | Episode  453 - Reward: -200.000, Length: 200, Loss: 11.8995, Entropy: 1.0942, Epsilon: 0.552
2026-04-19 12:00:43 | INFO | Episode  454 - Reward: -200.000, Length: 200, Loss: 5.4748, Entropy: 1.0900, Epsilon: 0.551
2026-04-19 12:00:44 | INFO | Episode  455 - Reward: -200.000, Length: 200, Loss: 1.7338, Entropy: 1.0904, Epsilon: 0.550
2026-04-19 12:00:44 | INFO | Episode  456 - Reward: -200.000, Length: 200, Loss: 16.8445, Entropy: 1.0906, Epsilon: 0.549
2026-04-19 12:00:44 | INFO | Episode  457 - Reward: -200.000, Length: 200, Loss: 5.8491, Entropy: 1.0899, Epsilon: 0.548
2026-04-19 12:00:44 | INFO | Episode  458 - Reward: -200.000, Length: 200, Loss: 7.8408, Entropy: 1.0943, Epsilon: 0.547
2026-04-19 12:00:45 | INFO | Episode  459 - Reward: -200.000, Length: 200, Loss: 3.7602, Entropy: 1.0940, Epsilon: 0.546
2026-04-19 12:00:45 | INFO | Episode  460 - Reward: -200.000, Length: 200, Loss: 8.2915, Entropy: 1.0929, Epsilon: 0.545
2026-04-19 12:00:45 | INFO | Episode  461 - Reward: -200.000, Length: 200, Loss: 10.4042, Entropy: 1.0962, Epsilon: 0.544
2026-04-19 12:00:45 | INFO | Episode  462 - Reward: -200.000, Length: 200, Loss: 9.6238, Entropy: 1.0945, Epsilon: 0.543
2026-04-19 12:00:46 | INFO | Episode  463 - Reward: -200.000, Length: 200, Loss: 5.8406, Entropy: 1.0834, Epsilon: 0.542
2026-04-19 12:00:46 | INFO | Episode  464 - Reward: -200.000, Length: 200, Loss: 12.6022, Entropy: 1.0927, Epsilon: 0.541
2026-04-19 12:00:46 | INFO | Episode  465 - Reward: -200.000, Length: 200, Loss: 10.0401, Entropy: 1.0897, Epsilon: 0.540
2026-04-19 12:00:47 | INFO | Episode  466 - Reward: -200.000, Length: 200, Loss: 8.6319, Entropy: 1.0897, Epsilon: 0.539
2026-04-19 12:00:47 | INFO | Episode  467 - Reward: -200.000, Length: 200, Loss: 12.7699, Entropy: 1.0730, Epsilon: 0.538
2026-04-19 12:00:47 | INFO | Episode  468 - Reward: -200.000, Length: 200, Loss: 8.7387, Entropy: 1.0917, Epsilon: 0.537
2026-04-19 12:00:47 | INFO | Episode  469 - Reward: -200.000, Length: 200, Loss: 6.2914, Entropy: 1.0973, Epsilon: 0.536
2026-04-19 12:00:48 | INFO | Episode  470 - Reward: -200.000, Length: 200, Loss: 3.9976, Entropy: 1.0959, Epsilon: 0.535
2026-04-19 12:00:48 | INFO | Episode  471 - Reward: -200.000, Length: 200, Loss: 8.1554, Entropy: 1.0949, Epsilon: 0.534
2026-04-19 12:00:48 | INFO | Episode  472 - Reward: -200.000, Length: 200, Loss: 15.1950, Entropy: 1.0890, Epsilon: 0.533
2026-04-19 12:00:48 | INFO | Episode  473 - Reward: -200.000, Length: 200, Loss: 11.4371, Entropy: 1.0936, Epsilon: 0.532
2026-04-19 12:00:49 | INFO | Episode  474 - Reward: -200.000, Length: 200, Loss: 16.1019, Entropy: 1.0814, Epsilon: 0.531
2026-04-19 12:00:49 | INFO | Episode  475 - Reward: -200.000, Length: 200, Loss: 11.0245, Entropy: 1.0760, Epsilon: 0.530
2026-04-19 12:00:49 | INFO | Episode  476 - Reward: -200.000, Length: 200, Loss: 10.6116, Entropy: 1.0925, Epsilon: 0.529
2026-04-19 12:00:50 | INFO | Episode  477 - Reward: -200.000, Length: 200, Loss: 20.4642, Entropy: 1.0691, Epsilon: 0.528
2026-04-19 12:00:50 | INFO | Episode  478 - Reward: -200.000, Length: 200, Loss: 8.7760, Entropy: 1.0801, Epsilon: 0.527
2026-04-19 12:00:50 | INFO | Episode  479 - Reward: -200.000, Length: 200, Loss: 4.6847, Entropy: 1.0905, Epsilon: 0.526
2026-04-19 12:00:50 | INFO | Episode  480 - Reward: -200.000, Length: 200, Loss: 20.1840, Entropy: 1.0887, Epsilon: 0.525
2026-04-19 12:00:51 | INFO | Episode  481 - Reward: -200.000, Length: 200, Loss: 10.7860, Entropy: 1.0913, Epsilon: 0.524
2026-04-19 12:00:51 | INFO | Episode  482 - Reward: -200.000, Length: 200, Loss: 13.2624, Entropy: 1.0917, Epsilon: 0.523
2026-04-19 12:00:51 | INFO | Episode  483 - Reward: -200.000, Length: 200, Loss: 6.2341, Entropy: 1.0912, Epsilon: 0.522
2026-04-19 12:00:51 | INFO | Episode  484 - Reward: -200.000, Length: 200, Loss: 6.5568, Entropy: 1.0921, Epsilon: 0.521
2026-04-19 12:00:52 | INFO | Episode  485 - Reward: -200.000, Length: 200, Loss: 9.5463, Entropy: 1.0949, Epsilon: 0.520
2026-04-19 12:00:52 | INFO | Episode  486 - Reward: -200.000, Length: 200, Loss: 6.2596, Entropy: 1.0966, Epsilon: 0.519
2026-04-19 12:00:52 | INFO | Episode  487 - Reward: -200.000, Length: 200, Loss: 9.1885, Entropy: 1.0889, Epsilon: 0.518
2026-04-19 12:00:53 | INFO | Episode  488 - Reward: -200.000, Length: 200, Loss: 15.9315, Entropy: 1.0869, Epsilon: 0.517
2026-04-19 12:00:53 | INFO | Episode  489 - Reward: -200.000, Length: 200, Loss: 6.2100, Entropy: 1.0882, Epsilon: 0.516
2026-04-19 12:00:53 | INFO | Episode  490 - Reward: -200.000, Length: 200, Loss: 8.7903, Entropy: 1.0898, Epsilon: 0.515
2026-04-19 12:00:53 | INFO | Episode  491 - Reward: -200.000, Length: 200, Loss: 11.4838, Entropy: 1.0903, Epsilon: 0.514
2026-04-19 12:00:54 | INFO | Episode  492 - Reward: -200.000, Length: 200, Loss: 20.5449, Entropy: 1.0772, Epsilon: 0.513
2026-04-19 12:00:54 | INFO | Episode  493 - Reward: -200.000, Length: 200, Loss: 6.8587, Entropy: 1.0871, Epsilon: 0.512
2026-04-19 12:00:54 | INFO | Episode  494 - Reward: -200.000, Length: 200, Loss: 13.3631, Entropy: 1.0903, Epsilon: 0.511
2026-04-19 12:00:55 | INFO | Episode  495 - Reward: -200.000, Length: 200, Loss: 6.4198, Entropy: 1.0863, Epsilon: 0.510
2026-04-19 12:00:55 | INFO | Episode  496 - Reward: -200.000, Length: 200, Loss: 13.2037, Entropy: 1.0849, Epsilon: 0.509
2026-04-19 12:00:55 | INFO | Episode  497 - Reward: -200.000, Length: 200, Loss: 13.6128, Entropy: 1.0908, Epsilon: 0.508
2026-04-19 12:00:55 | INFO | Episode  498 - Reward: -200.000, Length: 200, Loss: 18.3258, Entropy: 1.0862, Epsilon: 0.507
2026-04-19 12:00:56 | INFO | Episode  499 - Reward: -200.000, Length: 200, Loss: 9.0405, Entropy: 1.0809, Epsilon: 0.506
2026-04-19 12:00:56 | INFO | Episode  500 - Reward: -200.000, Length: 200, Loss: 16.3713, Entropy: 1.0815, Epsilon: 0.505
2026-04-19 12:01:01 | INFO | [Episode  500] eps=0.505  avg_reward=-200.000  avg_length=200.00  avg_loss=  9.2796  avg_entropy=1.0815  eval_success=0.000
2026-04-19 12:01:01 | INFO | Episode  501 - Reward: -200.000, Length: 200, Loss: 7.2651, Entropy: 1.0838, Epsilon: 0.504
2026-04-19 12:01:02 | INFO | Episode  502 - Reward: -200.000, Length: 200, Loss: 8.9358, Entropy: 1.0814, Epsilon: 0.503
2026-04-19 12:01:02 | INFO | Episode  503 - Reward: -200.000, Length: 200, Loss: 12.1507, Entropy: 1.0836, Epsilon: 0.502
2026-04-19 12:01:02 | INFO | Episode  504 - Reward: -200.000, Length: 200, Loss: 19.2748, Entropy: 1.0864, Epsilon: 0.501
2026-04-19 12:01:02 | INFO | Episode  505 - Reward: -200.000, Length: 200, Loss: 11.0979, Entropy: 1.0933, Epsilon: 0.500
2026-04-19 12:01:03 | INFO | Episode  506 - Reward: -200.000, Length: 200, Loss: 8.9235, Entropy: 1.0885, Epsilon: 0.499
2026-04-19 12:01:03 | INFO | Episode  507 - Reward: -200.000, Length: 200, Loss: 7.0143, Entropy: 1.0738, Epsilon: 0.498
2026-04-19 12:01:03 | INFO | Episode  508 - Reward: -200.000, Length: 200, Loss: 7.1679, Entropy: 1.0874, Epsilon: 0.497
2026-04-19 12:01:04 | INFO | Episode  509 - Reward: -200.000, Length: 200, Loss: 11.2380, Entropy: 1.0948, Epsilon: 0.496
2026-04-19 12:01:04 | INFO | Episode  510 - Reward: -200.000, Length: 200, Loss: 11.2159, Entropy: 1.0868, Epsilon: 0.495
2026-04-19 12:01:04 | INFO | Episode  511 - Reward: -200.000, Length: 200, Loss: 10.0216, Entropy: 1.0873, Epsilon: 0.494
2026-04-19 12:01:04 | INFO | Episode  512 - Reward: -200.000, Length: 200, Loss: 9.6146, Entropy: 1.0920, Epsilon: 0.493
2026-04-19 12:01:05 | INFO | Episode  513 - Reward: -200.000, Length: 200, Loss: 15.9527, Entropy: 1.0903, Epsilon: 0.492
2026-04-19 12:01:05 | INFO | Episode  514 - Reward: -200.000, Length: 200, Loss: 16.1854, Entropy: 1.0791, Epsilon: 0.491
2026-04-19 12:01:06 | INFO | Episode  515 - Reward: -200.000, Length: 200, Loss: 9.4688, Entropy: 1.0787, Epsilon: 0.490
2026-04-19 12:01:06 | INFO | Episode  516 - Reward: -200.000, Length: 200, Loss: 14.3599, Entropy: 1.0763, Epsilon: 0.489
2026-04-19 12:01:06 | INFO | Episode  517 - Reward: -200.000, Length: 200, Loss: 2.4984, Entropy: 1.0870, Epsilon: 0.488
2026-04-19 12:01:07 | INFO | Episode  518 - Reward: -200.000, Length: 200, Loss: 7.1924, Entropy: 1.0787, Epsilon: 0.487
2026-04-19 12:01:07 | INFO | Episode  519 - Reward: -200.000, Length: 200, Loss: 13.6568, Entropy: 1.0815, Epsilon: 0.486
2026-04-19 12:01:07 | INFO | Episode  520 - Reward: -200.000, Length: 200, Loss: 4.6002, Entropy: 1.0966, Epsilon: 0.485
2026-04-19 12:01:07 | INFO | Episode  521 - Reward: -200.000, Length: 200, Loss: 12.6265, Entropy: 1.0941, Epsilon: 0.484
2026-04-19 12:01:08 | INFO | Episode  522 - Reward: -200.000, Length: 200, Loss: 9.3898, Entropy: 1.0844, Epsilon: 0.483
2026-04-19 12:01:08 | INFO | Episode  523 - Reward: -200.000, Length: 200, Loss: 10.7850, Entropy: 1.0883, Epsilon: 0.482
2026-04-19 12:01:08 | INFO | Episode  524 - Reward: -200.000, Length: 200, Loss: 7.9340, Entropy: 1.0803, Epsilon: 0.481
2026-04-19 12:01:09 | INFO | Episode  525 - Reward: -200.000, Length: 200, Loss: 7.7887, Entropy: 1.0910, Epsilon: 0.480
2026-04-19 12:01:09 | INFO | Episode  526 - Reward: -200.000, Length: 200, Loss: 15.4322, Entropy: 1.0929, Epsilon: 0.479
2026-04-19 12:01:09 | INFO | Episode  527 - Reward: -200.000, Length: 200, Loss: 23.9987, Entropy: 1.0791, Epsilon: 0.478
2026-04-19 12:01:09 | INFO | Episode  528 - Reward: -200.000, Length: 200, Loss: 7.5821, Entropy: 1.0842, Epsilon: 0.477
2026-04-19 12:01:10 | INFO | Episode  529 - Reward: -200.000, Length: 200, Loss: 10.0797, Entropy: 1.0829, Epsilon: 0.476
2026-04-19 12:01:10 | INFO | Episode  530 - Reward: -200.000, Length: 200, Loss: 8.2964, Entropy: 1.0915, Epsilon: 0.475
2026-04-19 12:01:10 | INFO | Episode  531 - Reward: -200.000, Length: 200, Loss: 13.4294, Entropy: 1.0848, Epsilon: 0.474
2026-04-19 12:01:10 | INFO | Episode  532 - Reward: -200.000, Length: 200, Loss: 20.6500, Entropy: 1.0801, Epsilon: 0.473
2026-04-19 12:01:11 | INFO | Episode  533 - Reward: -200.000, Length: 200, Loss: 7.8973, Entropy: 1.0926, Epsilon: 0.472
2026-04-19 12:01:11 | INFO | Episode  534 - Reward: -200.000, Length: 200, Loss: 15.4979, Entropy: 1.0915, Epsilon: 0.471
2026-04-19 12:01:11 | INFO | Episode  535 - Reward: -200.000, Length: 200, Loss: 11.3258, Entropy: 1.0929, Epsilon: 0.470
2026-04-19 12:01:12 | INFO | Episode  536 - Reward: -200.000, Length: 200, Loss: 20.7974, Entropy: 1.0893, Epsilon: 0.469
2026-04-19 12:01:12 | INFO | Episode  537 - Reward: -200.000, Length: 200, Loss: 10.8636, Entropy: 1.0935, Epsilon: 0.468
2026-04-19 12:01:12 | INFO | Episode  538 - Reward: -200.000, Length: 200, Loss: 10.9549, Entropy: 1.0895, Epsilon: 0.467
2026-04-19 12:01:12 | INFO | Episode  539 - Reward: -200.000, Length: 200, Loss: 8.7944, Entropy: 1.0803, Epsilon: 0.466
2026-04-19 12:01:13 | INFO | Episode  540 - Reward: -200.000, Length: 200, Loss: 4.8809, Entropy: 1.0934, Epsilon: 0.465
2026-04-19 12:01:13 | INFO | Episode  541 - Reward: -200.000, Length: 200, Loss: 14.2281, Entropy: 1.0681, Epsilon: 0.464
2026-04-19 12:01:13 | INFO | Episode  542 - Reward: -200.000, Length: 200, Loss: 16.2097, Entropy: 1.0873, Epsilon: 0.463
2026-04-19 12:01:14 | INFO | Episode  543 - Reward: -200.000, Length: 200, Loss: 15.9439, Entropy: 1.0779, Epsilon: 0.462
2026-04-19 12:01:14 | INFO | Episode  544 - Reward: -200.000, Length: 200, Loss: 18.9351, Entropy: 1.0901, Epsilon: 0.461
2026-04-19 12:01:14 | INFO | Episode  545 - Reward: -200.000, Length: 200, Loss: 8.0678, Entropy: 1.0939, Epsilon: 0.460
2026-04-19 12:01:14 | INFO | Episode  546 - Reward: -200.000, Length: 200, Loss: 11.1599, Entropy: 1.0798, Epsilon: 0.459
2026-04-19 12:01:15 | INFO | Episode  547 - Reward: -200.000, Length: 200, Loss: 7.8879, Entropy: 1.0899, Epsilon: 0.458
2026-04-19 12:01:15 | INFO | Episode  548 - Reward: -200.000, Length: 200, Loss: 13.4712, Entropy: 1.0848, Epsilon: 0.457
2026-04-19 12:01:15 | INFO | Episode  549 - Reward: -200.000, Length: 200, Loss: 14.0333, Entropy: 1.0766, Epsilon: 0.456
2026-04-19 12:01:16 | INFO | Episode  550 - Reward: -200.000, Length: 200, Loss: 16.2543, Entropy: 1.0873, Epsilon: 0.456
2026-04-19 12:01:16 | INFO | Episode  551 - Reward: -200.000, Length: 200, Loss: 10.5386, Entropy: 1.0759, Epsilon: 0.455
2026-04-19 12:01:16 | INFO | Episode  552 - Reward: -200.000, Length: 200, Loss: 17.8886, Entropy: 1.0937, Epsilon: 0.454
2026-04-19 12:01:16 | INFO | Episode  553 - Reward: -200.000, Length: 200, Loss: 15.7812, Entropy: 1.0898, Epsilon: 0.453
2026-04-19 12:01:17 | INFO | Episode  554 - Reward: -200.000, Length: 200, Loss: 5.6829, Entropy: 1.0935, Epsilon: 0.452
2026-04-19 12:01:17 | INFO | Episode  555 - Reward: -200.000, Length: 200, Loss: 11.0250, Entropy: 1.0866, Epsilon: 0.451
2026-04-19 12:01:17 | INFO | Episode  556 - Reward: -200.000, Length: 200, Loss: 7.9848, Entropy: 1.0826, Epsilon: 0.450
2026-04-19 12:01:17 | INFO | Episode  557 - Reward: -200.000, Length: 200, Loss: 18.5018, Entropy: 1.0812, Epsilon: 0.449
2026-04-19 12:01:18 | INFO | Episode  558 - Reward: -200.000, Length: 200, Loss: 10.2843, Entropy: 1.0665, Epsilon: 0.448
2026-04-19 12:01:18 | INFO | Episode  559 - Reward: -200.000, Length: 200, Loss: 16.3806, Entropy: 1.0768, Epsilon: 0.447
2026-04-19 12:01:18 | INFO | Episode  560 - Reward: -200.000, Length: 200, Loss: 10.1235, Entropy: 1.0800, Epsilon: 0.446
2026-04-19 12:01:19 | INFO | Episode  561 - Reward: -200.000, Length: 200, Loss: 10.5534, Entropy: 1.0885, Epsilon: 0.445
2026-04-19 12:01:19 | INFO | Episode  562 - Reward: -200.000, Length: 200, Loss: 16.7478, Entropy: 1.0645, Epsilon: 0.444
2026-04-19 12:01:19 | INFO | Episode  563 - Reward: -200.000, Length: 200, Loss: 13.0901, Entropy: 1.0904, Epsilon: 0.443
2026-04-19 12:01:19 | INFO | Episode  564 - Reward: -200.000, Length: 200, Loss: 8.2937, Entropy: 1.0888, Epsilon: 0.442
2026-04-19 12:01:20 | INFO | Episode  565 - Reward: -200.000, Length: 200, Loss: 28.1170, Entropy: 1.0504, Epsilon: 0.441
2026-04-19 12:01:20 | INFO | Episode  566 - Reward: -200.000, Length: 200, Loss: 10.8671, Entropy: 1.0911, Epsilon: 0.440
2026-04-19 12:01:20 | INFO | Episode  567 - Reward: -200.000, Length: 200, Loss: 2.5513, Entropy: 1.0958, Epsilon: 0.439
2026-04-19 12:01:21 | INFO | Episode  568 - Reward: -200.000, Length: 200, Loss: 13.5672, Entropy: 1.0769, Epsilon: 0.438
2026-04-19 12:01:21 | INFO | Episode  569 - Reward: -200.000, Length: 200, Loss: 12.9459, Entropy: 1.0881, Epsilon: 0.437
2026-04-19 12:01:21 | INFO | Episode  570 - Reward: -200.000, Length: 200, Loss: 12.7345, Entropy: 1.0876, Epsilon: 0.436
2026-04-19 12:01:21 | INFO | Episode  571 - Reward: -200.000, Length: 200, Loss: 21.8854, Entropy: 1.0709, Epsilon: 0.435
2026-04-19 12:01:22 | INFO | Episode  572 - Reward: -200.000, Length: 200, Loss: 18.9632, Entropy: 1.0884, Epsilon: 0.434
2026-04-19 12:01:22 | INFO | Episode  573 - Reward: -200.000, Length: 200, Loss: 7.8169, Entropy: 1.0905, Epsilon: 0.433
2026-04-19 12:01:22 | INFO | Episode  574 - Reward: -200.000, Length: 200, Loss: 20.9352, Entropy: 1.0821, Epsilon: 0.432
2026-04-19 12:01:23 | INFO | Episode  575 - Reward: -200.000, Length: 200, Loss: 15.6551, Entropy: 1.0920, Epsilon: 0.431
2026-04-19 12:01:23 | INFO | Episode  576 - Reward: -200.000, Length: 200, Loss: 11.3989, Entropy: 1.0904, Epsilon: 0.430
2026-04-19 12:01:23 | INFO | Episode  577 - Reward: -200.000, Length: 200, Loss: 2.7335, Entropy: 1.0928, Epsilon: 0.429
2026-04-19 12:01:23 | INFO | Episode  578 - Reward: -200.000, Length: 200, Loss: 18.0705, Entropy: 1.0633, Epsilon: 0.428
2026-04-19 12:01:24 | INFO | Episode  579 - Reward: -200.000, Length: 200, Loss: 16.2820, Entropy: 1.0673, Epsilon: 0.427
2026-04-19 12:01:24 | INFO | Episode  580 - Reward: -200.000, Length: 200, Loss: 10.4018, Entropy: 1.0934, Epsilon: 0.426
2026-04-19 12:01:24 | INFO | Episode  581 - Reward: -200.000, Length: 200, Loss: 22.2357, Entropy: 1.0903, Epsilon: 0.425
2026-04-19 12:01:25 | INFO | Episode  582 - Reward: -200.000, Length: 200, Loss: 13.6490, Entropy: 1.0917, Epsilon: 0.424
2026-04-19 12:01:25 | INFO | Episode  583 - Reward: -200.000, Length: 200, Loss: 15.6314, Entropy: 1.0847, Epsilon: 0.423
2026-04-19 12:01:25 | INFO | Episode  584 - Reward: -200.000, Length: 200, Loss: 13.6676, Entropy: 1.0864, Epsilon: 0.422
2026-04-19 12:01:25 | INFO | Episode  585 - Reward: -200.000, Length: 200, Loss: 8.4818, Entropy: 1.0839, Epsilon: 0.421
2026-04-19 12:01:26 | INFO | Episode  586 - Reward: -200.000, Length: 200, Loss: 2.3829, Entropy: 1.0947, Epsilon: 0.420
2026-04-19 12:01:26 | INFO | Episode  587 - Reward: -200.000, Length: 200, Loss: 13.0355, Entropy: 1.0884, Epsilon: 0.419
2026-04-19 12:01:26 | INFO | Episode  588 - Reward: -200.000, Length: 200, Loss: 5.5249, Entropy: 1.0814, Epsilon: 0.418
2026-04-19 12:01:26 | INFO | Episode  589 - Reward: -200.000, Length: 200, Loss: 11.1415, Entropy: 1.0903, Epsilon: 0.417
2026-04-19 12:01:27 | INFO | Episode  590 - Reward: -200.000, Length: 200, Loss: 13.1738, Entropy: 1.0852, Epsilon: 0.416
2026-04-19 12:01:27 | INFO | Episode  591 - Reward: -200.000, Length: 200, Loss: 5.6885, Entropy: 1.0889, Epsilon: 0.415
2026-04-19 12:01:27 | INFO | Episode  592 - Reward: -200.000, Length: 200, Loss: 13.9502, Entropy: 1.0873, Epsilon: 0.414
2026-04-19 12:01:28 | INFO | Episode  593 - Reward: -200.000, Length: 200, Loss: 11.6026, Entropy: 1.0847, Epsilon: 0.413
2026-04-19 12:01:28 | INFO | Episode  594 - Reward: -200.000, Length: 200, Loss: 16.8576, Entropy: 1.0804, Epsilon: 0.412
2026-04-19 12:01:28 | INFO | Episode  595 - Reward: -200.000, Length: 200, Loss: 11.6691, Entropy: 1.0784, Epsilon: 0.411
2026-04-19 12:01:28 | INFO | Episode  596 - Reward: -200.000, Length: 200, Loss: 16.0840, Entropy: 1.0760, Epsilon: 0.410
2026-04-19 12:01:29 | INFO | Episode  597 - Reward: -200.000, Length: 200, Loss: 14.1035, Entropy: 1.0848, Epsilon: 0.409
2026-04-19 12:01:29 | INFO | Episode  598 - Reward: -200.000, Length: 200, Loss: 13.2118, Entropy: 1.0885, Epsilon: 0.408
2026-04-19 12:01:29 | INFO | Episode  599 - Reward: -200.000, Length: 200, Loss: 11.4976, Entropy: 1.0890, Epsilon: 0.407
2026-04-19 12:01:30 | INFO | Episode  600 - Reward: -200.000, Length: 200, Loss: 16.5837, Entropy: 1.0817, Epsilon: 0.406
2026-04-19 12:01:34 | INFO | [Episode  600] eps=0.406  avg_reward=-200.000  avg_length=200.00  avg_loss= 12.3101  avg_entropy=1.0817  eval_success=0.000
2026-04-19 12:01:35 | INFO | Episode  601 - Reward: -200.000, Length: 200, Loss: 13.3737, Entropy: 1.0727, Epsilon: 0.405
2026-04-19 12:01:35 | INFO | Episode  602 - Reward: -200.000, Length: 200, Loss: 14.0414, Entropy: 1.0847, Epsilon: 0.404
2026-04-19 12:01:35 | INFO | Episode  603 - Reward: -200.000, Length: 200, Loss: 14.2273, Entropy: 1.0781, Epsilon: 0.403
2026-04-19 12:01:36 | INFO | Episode  604 - Reward: -200.000, Length: 200, Loss: 19.0980, Entropy: 1.0661, Epsilon: 0.402
2026-04-19 12:01:36 | INFO | Episode  605 - Reward: -200.000, Length: 200, Loss: 11.2317, Entropy: 1.0867, Epsilon: 0.401
2026-04-19 12:01:36 | INFO | Episode  606 - Reward: -200.000, Length: 200, Loss: 8.0320, Entropy: 1.0942, Epsilon: 0.400
2026-04-19 12:01:36 | INFO | Episode  607 - Reward: -200.000, Length: 200, Loss: 14.7210, Entropy: 1.0806, Epsilon: 0.399
2026-04-19 12:01:37 | INFO | Episode  608 - Reward: -200.000, Length: 200, Loss: 8.5932, Entropy: 1.0890, Epsilon: 0.398
2026-04-19 12:01:37 | INFO | Episode  609 - Reward: -200.000, Length: 200, Loss: 20.0742, Entropy: 1.0788, Epsilon: 0.397
2026-04-19 12:01:38 | INFO | Episode  610 - Reward: -200.000, Length: 200, Loss: 11.4384, Entropy: 1.0425, Epsilon: 0.396
2026-04-19 12:01:38 | INFO | Episode  611 - Reward: -200.000, Length: 200, Loss: 24.4399, Entropy: 1.0635, Epsilon: 0.395
2026-04-19 12:01:39 | INFO | Episode  612 - Reward: -200.000, Length: 200, Loss: 8.8083, Entropy: 1.0885, Epsilon: 0.394
2026-04-19 12:01:39 | INFO | Episode  613 - Reward: -200.000, Length: 200, Loss: 11.0332, Entropy: 1.0934, Epsilon: 0.393
2026-04-19 12:01:39 | INFO | Episode  614 - Reward: -200.000, Length: 200, Loss: 14.2313, Entropy: 1.0783, Epsilon: 0.392
2026-04-19 12:01:40 | INFO | Episode  615 - Reward: -200.000, Length: 200, Loss: 8.0033, Entropy: 1.0892, Epsilon: 0.391
2026-04-19 12:01:40 | INFO | Episode  616 - Reward: -200.000, Length: 200, Loss: 14.5143, Entropy: 1.0900, Epsilon: 0.390
2026-04-19 12:01:40 | INFO | Episode  617 - Reward: -200.000, Length: 200, Loss: 13.4054, Entropy: 1.0870, Epsilon: 0.389
2026-04-19 12:01:40 | INFO | Episode  618 - Reward: -200.000, Length: 200, Loss: 20.8117, Entropy: 1.0800, Epsilon: 0.388
2026-04-19 12:01:41 | INFO | Episode  619 - Reward: -200.000, Length: 200, Loss: 20.3835, Entropy: 1.0843, Epsilon: 0.387
2026-04-19 12:01:41 | INFO | Episode  620 - Reward: -200.000, Length: 200, Loss: 14.5549, Entropy: 1.0805, Epsilon: 0.386
2026-04-19 12:01:41 | INFO | Episode  621 - Reward: -200.000, Length: 200, Loss: 16.7488, Entropy: 1.0487, Epsilon: 0.385
2026-04-19 12:01:42 | INFO | Episode  622 - Reward: -200.000, Length: 200, Loss: 2.7876, Entropy: 1.0938, Epsilon: 0.384
2026-04-19 12:01:42 | INFO | Episode  623 - Reward: -200.000, Length: 200, Loss: 19.2463, Entropy: 1.0644, Epsilon: 0.383
2026-04-19 12:01:42 | INFO | Episode  624 - Reward: -200.000, Length: 200, Loss: 14.5444, Entropy: 1.0786, Epsilon: 0.382
2026-04-19 12:01:42 | INFO | Episode  625 - Reward: -200.000, Length: 200, Loss: 7.8952, Entropy: 1.0879, Epsilon: 0.381
2026-04-19 12:01:43 | INFO | Episode  626 - Reward: -200.000, Length: 200, Loss: 14.0806, Entropy: 1.0942, Epsilon: 0.380
2026-04-19 12:01:43 | INFO | Episode  627 - Reward: -200.000, Length: 200, Loss: 23.2560, Entropy: 1.0245, Epsilon: 0.379
2026-04-19 12:01:43 | INFO | Episode  628 - Reward: -200.000, Length: 200, Loss: 8.1164, Entropy: 1.0854, Epsilon: 0.378
2026-04-19 12:01:44 | INFO | Episode  629 - Reward: -200.000, Length: 200, Loss: 14.9182, Entropy: 1.0940, Epsilon: 0.377
2026-04-19 12:01:44 | INFO | Episode  630 - Reward: -200.000, Length: 200, Loss: 18.3254, Entropy: 1.0731, Epsilon: 0.376
2026-04-19 12:01:44 | INFO | Episode  631 - Reward: -200.000, Length: 200, Loss: 11.1791, Entropy: 1.0843, Epsilon: 0.375
2026-04-19 12:01:44 | INFO | Episode  632 - Reward: -200.000, Length: 200, Loss: 16.4422, Entropy: 1.0850, Epsilon: 0.374
2026-04-19 12:01:45 | INFO | Episode  633 - Reward: -200.000, Length: 200, Loss: 14.1121, Entropy: 1.0863, Epsilon: 0.373
2026-04-19 12:01:45 | INFO | Episode  634 - Reward: -200.000, Length: 200, Loss: 5.7090, Entropy: 1.0908, Epsilon: 0.372
2026-04-19 12:01:45 | INFO | Episode  635 - Reward: -200.000, Length: 200, Loss: 16.8184, Entropy: 1.0614, Epsilon: 0.371
2026-04-19 12:01:46 | INFO | Episode  636 - Reward: -200.000, Length: 200, Loss: 8.7238, Entropy: 1.0732, Epsilon: 0.370
2026-04-19 12:01:46 | INFO | Episode  637 - Reward: -200.000, Length: 200, Loss: 16.1177, Entropy: 1.0824, Epsilon: 0.369
2026-04-19 12:01:46 | INFO | Episode  638 - Reward: -200.000, Length: 200, Loss: 27.8985, Entropy: 1.0884, Epsilon: 0.368
2026-04-19 12:01:46 | INFO | Episode  639 - Reward: -200.000, Length: 200, Loss: 8.0096, Entropy: 1.0877, Epsilon: 0.367
2026-04-19 12:01:47 | INFO | Episode  640 - Reward: -200.000, Length: 200, Loss: 10.6645, Entropy: 1.0771, Epsilon: 0.366
2026-04-19 12:01:47 | INFO | Episode  641 - Reward: -200.000, Length: 200, Loss: 2.3573, Entropy: 1.0933, Epsilon: 0.365
2026-04-19 12:01:47 | INFO | Episode  642 - Reward: -200.000, Length: 200, Loss: 5.6177, Entropy: 1.0926, Epsilon: 0.364
2026-04-19 12:01:48 | INFO | Episode  643 - Reward: -200.000, Length: 200, Loss: 14.9832, Entropy: 1.0788, Epsilon: 0.363
2026-04-19 12:01:48 | INFO | Episode  644 - Reward: -200.000, Length: 200, Loss: 14.1908, Entropy: 1.0814, Epsilon: 0.362
2026-04-19 12:01:48 | INFO | Episode  645 - Reward: -200.000, Length: 200, Loss: 22.0029, Entropy: 1.0648, Epsilon: 0.361
2026-04-19 12:01:48 | INFO | Episode  646 - Reward: -200.000, Length: 200, Loss: 17.2269, Entropy: 1.0636, Epsilon: 0.360
2026-04-19 12:01:49 | INFO | Episode  647 - Reward: -200.000, Length: 200, Loss: 10.7055, Entropy: 1.0926, Epsilon: 0.359
2026-04-19 12:01:49 | INFO | Episode  648 - Reward: -200.000, Length: 200, Loss: 24.8380, Entropy: 1.0787, Epsilon: 0.358
2026-04-19 12:01:49 | INFO | Episode  649 - Reward: -200.000, Length: 200, Loss: 18.7881, Entropy: 1.0671, Epsilon: 0.357
2026-04-19 12:01:49 | INFO | Episode  650 - Reward: -200.000, Length: 200, Loss: 23.5042, Entropy: 1.0738, Epsilon: 0.357
2026-04-19 12:01:50 | INFO | Episode  651 - Reward: -200.000, Length: 200, Loss: 7.0641, Entropy: 1.0892, Epsilon: 0.356
2026-04-19 12:01:50 | INFO | Episode  652 - Reward: -200.000, Length: 200, Loss: 4.7245, Entropy: 1.0864, Epsilon: 0.355
2026-04-19 12:01:50 | INFO | Episode  653 - Reward: -200.000, Length: 200, Loss: 9.4732, Entropy: 1.0935, Epsilon: 0.354
2026-04-19 12:01:51 | INFO | Episode  654 - Reward: -200.000, Length: 200, Loss: 21.0737, Entropy: 1.0888, Epsilon: 0.353
2026-04-19 12:01:51 | INFO | Episode  655 - Reward: -200.000, Length: 200, Loss: 8.4850, Entropy: 1.0912, Epsilon: 0.352
2026-04-19 12:01:51 | INFO | Episode  656 - Reward: -200.000, Length: 200, Loss: 7.5894, Entropy: 1.0896, Epsilon: 0.351
2026-04-19 12:01:51 | INFO | Episode  657 - Reward: -200.000, Length: 200, Loss: 24.3571, Entropy: 1.0380, Epsilon: 0.350
2026-04-19 12:01:52 | INFO | Episode  658 - Reward: -200.000, Length: 200, Loss: 14.6962, Entropy: 1.0912, Epsilon: 0.349
2026-04-19 12:01:52 | INFO | Episode  659 - Reward: -200.000, Length: 200, Loss: 17.7766, Entropy: 1.0855, Epsilon: 0.348
2026-04-19 12:01:52 | INFO | Episode  660 - Reward: -200.000, Length: 200, Loss: 10.3316, Entropy: 1.0820, Epsilon: 0.347
2026-04-19 12:01:53 | INFO | Episode  661 - Reward: -200.000, Length: 200, Loss: 10.5247, Entropy: 1.0915, Epsilon: 0.346
2026-04-19 12:01:53 | INFO | Episode  662 - Reward: -200.000, Length: 200, Loss: 15.5730, Entropy: 1.0845, Epsilon: 0.345
2026-04-19 12:01:53 | INFO | Episode  663 - Reward: -200.000, Length: 200, Loss: 14.9516, Entropy: 1.0870, Epsilon: 0.344
2026-04-19 12:01:53 | INFO | Episode  664 - Reward: -200.000, Length: 200, Loss: 7.2787, Entropy: 1.0827, Epsilon: 0.343
2026-04-19 12:01:54 | INFO | Episode  665 - Reward: -200.000, Length: 200, Loss: 12.9246, Entropy: 1.0929, Epsilon: 0.342
2026-04-19 12:01:54 | INFO | Episode  666 - Reward: -200.000, Length: 200, Loss: 9.7395, Entropy: 1.0871, Epsilon: 0.341
2026-04-19 12:01:54 | INFO | Episode  667 - Reward: -200.000, Length: 200, Loss: 2.2916, Entropy: 1.0940, Epsilon: 0.340
2026-04-19 12:01:55 | INFO | Episode  668 - Reward: -200.000, Length: 200, Loss: 27.4614, Entropy: 1.0753, Epsilon: 0.339
2026-04-19 12:01:55 | INFO | Episode  669 - Reward: -200.000, Length: 200, Loss: 7.8246, Entropy: 1.0909, Epsilon: 0.338
2026-04-19 12:01:55 | INFO | Episode  670 - Reward: -200.000, Length: 200, Loss: 15.2060, Entropy: 1.0854, Epsilon: 0.337
2026-04-19 12:01:56 | INFO | Episode  671 - Reward: -200.000, Length: 200, Loss: 12.6018, Entropy: 1.0780, Epsilon: 0.336
2026-04-19 12:01:56 | INFO | Episode  672 - Reward: -200.000, Length: 200, Loss: 12.1401, Entropy: 1.0857, Epsilon: 0.335
2026-04-19 12:01:56 | INFO | Episode  673 - Reward: -200.000, Length: 200, Loss: 25.1808, Entropy: 1.0809, Epsilon: 0.334
2026-04-19 12:01:56 | INFO | Episode  674 - Reward: -200.000, Length: 200, Loss: 16.5704, Entropy: 1.0759, Epsilon: 0.333
2026-04-19 12:01:57 | INFO | Episode  675 - Reward: -200.000, Length: 200, Loss: 2.4956, Entropy: 1.0897, Epsilon: 0.332
2026-04-19 12:01:57 | INFO | Episode  676 - Reward: -200.000, Length: 200, Loss: 7.1213, Entropy: 1.0891, Epsilon: 0.331
2026-04-19 12:01:57 | INFO | Episode  677 - Reward: -200.000, Length: 200, Loss: 9.8059, Entropy: 1.0760, Epsilon: 0.330
2026-04-19 12:01:58 | INFO | Episode  678 - Reward: -200.000, Length: 200, Loss: 26.1884, Entropy: 1.0341, Epsilon: 0.329
2026-04-19 12:01:58 | INFO | Episode  679 - Reward: -200.000, Length: 200, Loss: 2.2039, Entropy: 1.0893, Epsilon: 0.328
2026-04-19 12:01:58 | INFO | Episode  680 - Reward: -200.000, Length: 200, Loss: 19.5467, Entropy: 1.0924, Epsilon: 0.327
2026-04-19 12:01:58 | INFO | Episode  681 - Reward: -200.000, Length: 200, Loss: 2.6646, Entropy: 1.0949, Epsilon: 0.326
2026-04-19 12:01:59 | INFO | Episode  682 - Reward: -200.000, Length: 200, Loss: 21.6181, Entropy: 1.0833, Epsilon: 0.325
2026-04-19 12:01:59 | INFO | Episode  683 - Reward: -200.000, Length: 200, Loss: 14.0903, Entropy: 1.0864, Epsilon: 0.324
2026-04-19 12:01:59 | INFO | Episode  684 - Reward: -200.000, Length: 200, Loss: 19.3573, Entropy: 1.0842, Epsilon: 0.323
2026-04-19 12:02:00 | INFO | Episode  685 - Reward: -200.000, Length: 200, Loss: 16.9206, Entropy: 1.0800, Epsilon: 0.322
2026-04-19 12:02:00 | INFO | Episode  686 - Reward: -200.000, Length: 200, Loss: 15.4452, Entropy: 1.0922, Epsilon: 0.321
2026-04-19 12:02:00 | INFO | Episode  687 - Reward: -200.000, Length: 200, Loss: 10.1346, Entropy: 1.0868, Epsilon: 0.320
2026-04-19 12:02:00 | INFO | Episode  688 - Reward: -200.000, Length: 200, Loss: 9.2649, Entropy: 1.0766, Epsilon: 0.319
2026-04-19 12:02:01 | INFO | Episode  689 - Reward: -200.000, Length: 200, Loss: 2.6586, Entropy: 1.0964, Epsilon: 0.318
2026-04-19 12:02:01 | INFO | Episode  690 - Reward: -200.000, Length: 200, Loss: 4.7023, Entropy: 1.0967, Epsilon: 0.317
2026-04-19 12:02:01 | INFO | Episode  691 - Reward: -200.000, Length: 200, Loss: 18.5522, Entropy: 1.0586, Epsilon: 0.316
2026-04-19 12:02:02 | INFO | Episode  692 - Reward: -200.000, Length: 200, Loss: 10.0862, Entropy: 1.0910, Epsilon: 0.315
2026-04-19 12:02:02 | INFO | Episode  693 - Reward: -200.000, Length: 200, Loss: 8.1177, Entropy: 1.0932, Epsilon: 0.314
2026-04-19 12:02:02 | INFO | Episode  694 - Reward: -200.000, Length: 200, Loss: 9.9495, Entropy: 1.0923, Epsilon: 0.313
2026-04-19 12:02:02 | INFO | Episode  695 - Reward: -200.000, Length: 200, Loss: 18.2569, Entropy: 1.0829, Epsilon: 0.312
2026-04-19 12:02:03 | INFO | Episode  696 - Reward: -200.000, Length: 200, Loss: 10.4037, Entropy: 1.0884, Epsilon: 0.311
2026-04-19 12:02:03 | INFO | Episode  697 - Reward: -200.000, Length: 200, Loss: 23.2513, Entropy: 1.0623, Epsilon: 0.310
2026-04-19 12:02:03 | INFO | Episode  698 - Reward: -200.000, Length: 200, Loss: 22.5998, Entropy: 1.0760, Epsilon: 0.309
2026-04-19 12:02:04 | INFO | Episode  699 - Reward: -200.000, Length: 200, Loss: 12.9775, Entropy: 1.0827, Epsilon: 0.308
2026-04-19 12:02:04 | INFO | Episode  700 - Reward: -200.000, Length: 200, Loss: 2.6218, Entropy: 1.0945, Epsilon: 0.307
2026-04-19 12:02:09 | INFO | [Episode  700] eps=0.307  avg_reward=-200.000  avg_length=200.00  avg_loss= 13.5170  avg_entropy=1.0945  eval_success=0.000
2026-04-19 12:02:09 | INFO | Episode  701 - Reward: -200.000, Length: 200, Loss: 10.5150, Entropy: 1.0832, Epsilon: 0.306
2026-04-19 12:02:09 | INFO | Episode  702 - Reward: -200.000, Length: 200, Loss: 7.7907, Entropy: 1.0850, Epsilon: 0.305
2026-04-19 12:02:10 | INFO | Episode  703 - Reward: -200.000, Length: 200, Loss: 15.9653, Entropy: 1.0554, Epsilon: 0.304
2026-04-19 12:02:10 | INFO | Episode  704 - Reward: -200.000, Length: 200, Loss: 16.1434, Entropy: 1.0839, Epsilon: 0.303
2026-04-19 12:02:11 | INFO | Episode  705 - Reward: -200.000, Length: 200, Loss: 10.7292, Entropy: 1.0858, Epsilon: 0.302
2026-04-19 12:02:11 | INFO | Episode  706 - Reward: -200.000, Length: 200, Loss: 16.1870, Entropy: 1.0885, Epsilon: 0.301
2026-04-19 12:02:11 | INFO | Episode  707 - Reward: -200.000, Length: 200, Loss: 7.7112, Entropy: 1.0920, Epsilon: 0.300
2026-04-19 12:02:12 | INFO | Episode  708 - Reward: -200.000, Length: 200, Loss: 21.1111, Entropy: 1.0869, Epsilon: 0.299
2026-04-19 12:02:12 | INFO | Episode  709 - Reward: -200.000, Length: 200, Loss: 10.6826, Entropy: 1.0880, Epsilon: 0.298
2026-04-19 12:02:12 | INFO | Episode  710 - Reward: -200.000, Length: 200, Loss: 18.5066, Entropy: 1.0799, Epsilon: 0.297
2026-04-19 12:02:12 | INFO | Episode  711 - Reward: -200.000, Length: 200, Loss: 7.6804, Entropy: 1.0931, Epsilon: 0.296
2026-04-19 12:02:13 | INFO | Episode  712 - Reward: -200.000, Length: 200, Loss: 14.7047, Entropy: 1.0688, Epsilon: 0.295
2026-04-19 12:02:13 | INFO | Episode  713 - Reward: -200.000, Length: 200, Loss: 16.2366, Entropy: 1.0771, Epsilon: 0.294
2026-04-19 12:02:13 | INFO | Episode  714 - Reward: -200.000, Length: 200, Loss: 10.2817, Entropy: 1.0927, Epsilon: 0.293
2026-04-19 12:02:14 | INFO | Episode  715 - Reward: -200.000, Length: 200, Loss: 18.0788, Entropy: 1.0852, Epsilon: 0.292
2026-04-19 12:02:14 | INFO | Episode  716 - Reward: -200.000, Length: 200, Loss: 10.9445, Entropy: 1.0846, Epsilon: 0.291
2026-04-19 12:02:14 | INFO | Episode  717 - Reward: -200.000, Length: 200, Loss: 14.7622, Entropy: 1.0437, Epsilon: 0.290
2026-04-19 12:02:15 | INFO | Episode  718 - Reward: -200.000, Length: 200, Loss: 14.9952, Entropy: 1.0849, Epsilon: 0.289
2026-04-19 12:02:15 | INFO | Episode  719 - Reward: -200.000, Length: 200, Loss: 12.8859, Entropy: 1.0857, Epsilon: 0.288
2026-04-19 12:02:15 | INFO | Episode  720 - Reward: -200.000, Length: 200, Loss: 12.3655, Entropy: 1.0918, Epsilon: 0.287
2026-04-19 12:02:15 | INFO | Episode  721 - Reward: -200.000, Length: 200, Loss: 16.5653, Entropy: 1.0815, Epsilon: 0.286
2026-04-19 12:02:16 | INFO | Episode  722 - Reward: -200.000, Length: 200, Loss: 17.7417, Entropy: 1.0841, Epsilon: 0.285
2026-04-19 12:02:16 | INFO | Episode  723 - Reward: -200.000, Length: 200, Loss: 15.1039, Entropy: 1.0814, Epsilon: 0.284
2026-04-19 12:02:16 | INFO | Episode  724 - Reward: -200.000, Length: 200, Loss: 11.0282, Entropy: 1.0797, Epsilon: 0.283
2026-04-19 12:02:17 | INFO | Episode  725 - Reward: -200.000, Length: 200, Loss: 10.0372, Entropy: 1.0926, Epsilon: 0.282
2026-04-19 12:02:17 | INFO | Episode  726 - Reward: -200.000, Length: 200, Loss: 12.4368, Entropy: 1.0917, Epsilon: 0.281
2026-04-19 12:02:17 | INFO | Episode  727 - Reward: -200.000, Length: 200, Loss: 15.4208, Entropy: 1.0783, Epsilon: 0.280
2026-04-19 12:02:17 | INFO | Episode  728 - Reward: -200.000, Length: 200, Loss: 24.1731, Entropy: 1.0757, Epsilon: 0.279
2026-04-19 12:02:18 | INFO | Episode  729 - Reward: -200.000, Length: 200, Loss: 18.7997, Entropy: 1.0720, Epsilon: 0.278
2026-04-19 12:02:18 | INFO | Episode  730 - Reward: -200.000, Length: 200, Loss: 18.4137, Entropy: 1.0864, Epsilon: 0.277
2026-04-19 12:02:18 | INFO | Episode  731 - Reward: -200.000, Length: 200, Loss: 18.8746, Entropy: 1.0764, Epsilon: 0.276
2026-04-19 12:02:19 | INFO | Episode  732 - Reward: -200.000, Length: 200, Loss: 9.4298, Entropy: 1.0937, Epsilon: 0.275
2026-04-19 12:02:19 | INFO | Episode  733 - Reward: -200.000, Length: 200, Loss: 4.3222, Entropy: 1.0956, Epsilon: 0.274
2026-04-19 12:02:19 | INFO | Episode  734 - Reward: -200.000, Length: 200, Loss: 14.4916, Entropy: 1.0929, Epsilon: 0.273
2026-04-19 12:02:20 | INFO | Episode  735 - Reward: -200.000, Length: 200, Loss: 4.6186, Entropy: 1.0958, Epsilon: 0.272
2026-04-19 12:02:20 | INFO | Episode  736 - Reward: -200.000, Length: 200, Loss: 12.5311, Entropy: 1.0910, Epsilon: 0.271
2026-04-19 12:02:21 | INFO | Episode  737 - Reward: -200.000, Length: 200, Loss: 7.6318, Entropy: 1.0938, Epsilon: 0.270
2026-04-19 12:02:21 | INFO | Episode  738 - Reward: -200.000, Length: 200, Loss: 13.5008, Entropy: 1.0625, Epsilon: 0.269
2026-04-19 12:02:21 | INFO | Episode  739 - Reward: -200.000, Length: 200, Loss: 13.6525, Entropy: 1.0757, Epsilon: 0.268
2026-04-19 12:02:21 | INFO | Episode  740 - Reward: -200.000, Length: 200, Loss: 16.8823, Entropy: 1.0923, Epsilon: 0.267
2026-04-19 12:02:22 | INFO | Episode  741 - Reward: -200.000, Length: 200, Loss: 6.9222, Entropy: 1.0941, Epsilon: 0.266
2026-04-19 12:02:22 | INFO | Episode  742 - Reward: -200.000, Length: 200, Loss: 7.4121, Entropy: 1.0897, Epsilon: 0.265
2026-04-19 12:02:22 | INFO | Episode  743 - Reward: -200.000, Length: 200, Loss: 13.6253, Entropy: 1.0908, Epsilon: 0.264
2026-04-19 12:02:23 | INFO | Episode  744 - Reward: -200.000, Length: 200, Loss: 4.0538, Entropy: 1.0957, Epsilon: 0.263
2026-04-19 12:02:23 | INFO | Episode  745 - Reward: -200.000, Length: 200, Loss: 10.5213, Entropy: 1.0848, Epsilon: 0.262
2026-04-19 12:02:23 | INFO | Episode  746 - Reward: -200.000, Length: 200, Loss: 19.1689, Entropy: 1.0828, Epsilon: 0.261
2026-04-19 12:02:24 | INFO | Episode  747 - Reward: -200.000, Length: 200, Loss: 15.7915, Entropy: 1.0747, Epsilon: 0.260
2026-04-19 12:02:24 | INFO | Episode  748 - Reward: -200.000, Length: 200, Loss: 9.5986, Entropy: 1.0879, Epsilon: 0.259
2026-04-19 12:02:24 | INFO | Episode  749 - Reward: -200.000, Length: 200, Loss: 12.9406, Entropy: 1.0844, Epsilon: 0.258
2026-04-19 12:02:24 | INFO | Episode  750 - Reward: -200.000, Length: 200, Loss: 13.3746, Entropy: 1.0815, Epsilon: 0.258
2026-04-19 12:02:25 | INFO | Episode  751 - Reward: -200.000, Length: 200, Loss: 22.8783, Entropy: 1.0831, Epsilon: 0.257
2026-04-19 12:02:25 | INFO | Episode  752 - Reward: -200.000, Length: 200, Loss: 11.2817, Entropy: 1.0921, Epsilon: 0.256
2026-04-19 12:02:25 | INFO | Episode  753 - Reward: -200.000, Length: 200, Loss: 10.5912, Entropy: 1.0828, Epsilon: 0.255
2026-04-19 12:02:26 | INFO | Episode  754 - Reward: -200.000, Length: 200, Loss: 13.8667, Entropy: 1.0920, Epsilon: 0.254
2026-04-19 12:02:26 | INFO | Episode  755 - Reward: -200.000, Length: 200, Loss: 13.5657, Entropy: 1.0854, Epsilon: 0.253
2026-04-19 12:02:26 | INFO | Episode  756 - Reward: -200.000, Length: 200, Loss: 20.4838, Entropy: 1.0839, Epsilon: 0.252
2026-04-19 12:02:26 | INFO | Episode  757 - Reward: -200.000, Length: 200, Loss: 11.1896, Entropy: 1.0882, Epsilon: 0.251
2026-04-19 12:02:27 | INFO | Episode  758 - Reward: -200.000, Length: 200, Loss: 2.6472, Entropy: 1.0941, Epsilon: 0.250
2026-04-19 12:02:27 | INFO | Episode  759 - Reward: -200.000, Length: 200, Loss: 23.2361, Entropy: 1.0882, Epsilon: 0.249
2026-04-19 12:02:27 | INFO | Episode  760 - Reward: -200.000, Length: 200, Loss: 15.6277, Entropy: 1.0844, Epsilon: 0.248
2026-04-19 12:02:28 | INFO | Episode  761 - Reward: -200.000, Length: 200, Loss: 9.0265, Entropy: 1.0909, Epsilon: 0.247
2026-04-19 12:02:28 | INFO | Episode  762 - Reward: -200.000, Length: 200, Loss: 18.1974, Entropy: 1.0763, Epsilon: 0.246
2026-04-19 12:02:28 | INFO | Episode  763 - Reward: -200.000, Length: 200, Loss: 13.1902, Entropy: 1.0925, Epsilon: 0.245
2026-04-19 12:02:28 | INFO | Episode  764 - Reward: -200.000, Length: 200, Loss: 6.7289, Entropy: 1.0885, Epsilon: 0.244
2026-04-19 12:02:29 | INFO | Episode  765 - Reward: -200.000, Length: 200, Loss: 10.9967, Entropy: 1.0911, Epsilon: 0.243
2026-04-19 12:02:29 | INFO | Episode  766 - Reward: -200.000, Length: 200, Loss: 4.4194, Entropy: 1.0955, Epsilon: 0.242
2026-04-19 12:02:29 | INFO | Episode  767 - Reward: -200.000, Length: 200, Loss: 24.6395, Entropy: 1.0895, Epsilon: 0.241
2026-04-19 12:02:30 | INFO | Episode  768 - Reward: -200.000, Length: 200, Loss: 9.5163, Entropy: 1.0914, Epsilon: 0.240
2026-04-19 12:02:30 | INFO | Episode  769 - Reward: -200.000, Length: 200, Loss: 13.5341, Entropy: 1.0862, Epsilon: 0.239
2026-04-19 12:02:30 | INFO | Episode  770 - Reward: -200.000, Length: 200, Loss: 13.9552, Entropy: 1.0936, Epsilon: 0.238
2026-04-19 12:02:30 | INFO | Episode  771 - Reward: -200.000, Length: 200, Loss: 18.3754, Entropy: 1.0793, Epsilon: 0.237
2026-04-19 12:02:31 | INFO | Episode  772 - Reward: -200.000, Length: 200, Loss: 9.9106, Entropy: 1.0806, Epsilon: 0.236
2026-04-19 12:02:31 | INFO | Episode  773 - Reward: -200.000, Length: 200, Loss: 13.4880, Entropy: 1.0864, Epsilon: 0.235
2026-04-19 12:02:31 | INFO | Episode  774 - Reward: -200.000, Length: 200, Loss: 6.5745, Entropy: 1.0924, Epsilon: 0.234
2026-04-19 12:02:32 | INFO | Episode  775 - Reward: -200.000, Length: 200, Loss: 9.3389, Entropy: 1.0920, Epsilon: 0.233
2026-04-19 12:02:32 | INFO | Episode  776 - Reward: -200.000, Length: 200, Loss: 22.0313, Entropy: 1.0271, Epsilon: 0.232
2026-04-19 12:02:32 | INFO | Episode  777 - Reward: -200.000, Length: 200, Loss: 15.6595, Entropy: 1.0799, Epsilon: 0.231
2026-04-19 12:02:33 | INFO | Episode  778 - Reward: -200.000, Length: 200, Loss: 5.7974, Entropy: 1.0720, Epsilon: 0.230
2026-04-19 12:02:33 | INFO | Episode  779 - Reward: -200.000, Length: 200, Loss: 2.2317, Entropy: 1.0962, Epsilon: 0.229
2026-04-19 12:02:33 | INFO | Episode  780 - Reward: -200.000, Length: 200, Loss: 8.7975, Entropy: 1.0947, Epsilon: 0.228
2026-04-19 12:02:33 | INFO | Episode  781 - Reward: -200.000, Length: 200, Loss: 14.8026, Entropy: 1.0902, Epsilon: 0.227
2026-04-19 12:02:34 | INFO | Episode  782 - Reward: -200.000, Length: 200, Loss: 4.5816, Entropy: 1.0867, Epsilon: 0.226
2026-04-19 12:02:34 | INFO | Episode  783 - Reward: -200.000, Length: 200, Loss: 8.7688, Entropy: 1.0941, Epsilon: 0.225
2026-04-19 12:02:34 | INFO | Episode  784 - Reward: -200.000, Length: 200, Loss: 12.0016, Entropy: 1.0927, Epsilon: 0.224
2026-04-19 12:02:35 | INFO | Episode  785 - Reward: -200.000, Length: 200, Loss: 8.3837, Entropy: 1.0883, Epsilon: 0.223
2026-04-19 12:02:35 | INFO | Episode  786 - Reward: -200.000, Length: 200, Loss: 17.8282, Entropy: 1.0868, Epsilon: 0.222
2026-04-19 12:02:35 | INFO | Episode  787 - Reward: -200.000, Length: 200, Loss: 2.0164, Entropy: 1.0942, Epsilon: 0.221
2026-04-19 12:02:35 | INFO | Episode  788 - Reward: -200.000, Length: 200, Loss: 11.9806, Entropy: 1.0825, Epsilon: 0.220
2026-04-19 12:02:36 | INFO | Episode  789 - Reward: -200.000, Length: 200, Loss: 23.2049, Entropy: 1.0862, Epsilon: 0.219
2026-04-19 12:02:36 | INFO | Episode  790 - Reward: -200.000, Length: 200, Loss: 6.7477, Entropy: 1.0941, Epsilon: 0.218
2026-04-19 12:02:36 | INFO | Episode  791 - Reward: -200.000, Length: 200, Loss: 15.4906, Entropy: 1.0614, Epsilon: 0.217
2026-04-19 12:02:37 | INFO | Episode  792 - Reward: -200.000, Length: 200, Loss: 16.1791, Entropy: 1.0786, Epsilon: 0.216
2026-04-19 12:02:37 | INFO | Episode  793 - Reward: -200.000, Length: 200, Loss: 15.8630, Entropy: 1.0860, Epsilon: 0.215
2026-04-19 12:02:37 | INFO | Episode  794 - Reward: -200.000, Length: 200, Loss: 17.0207, Entropy: 1.0901, Epsilon: 0.214
2026-04-19 12:02:38 | INFO | Episode  795 - Reward: -200.000, Length: 200, Loss: 20.1289, Entropy: 1.0846, Epsilon: 0.213
2026-04-19 12:02:38 | INFO | Episode  796 - Reward: -200.000, Length: 200, Loss: 17.4068, Entropy: 1.0907, Epsilon: 0.212
2026-04-19 12:02:38 | INFO | Episode  797 - Reward: -200.000, Length: 200, Loss: 2.2075, Entropy: 1.0945, Epsilon: 0.211
2026-04-19 12:02:38 | INFO | Episode  798 - Reward: -200.000, Length: 200, Loss: 15.1976, Entropy: 1.0886, Epsilon: 0.210
2026-04-19 12:02:39 | INFO | Episode  799 - Reward: -200.000, Length: 200, Loss: 21.5250, Entropy: 1.0665, Epsilon: 0.209
2026-04-19 12:02:39 | INFO | Episode  800 - Reward: -200.000, Length: 200, Loss: 9.0217, Entropy: 1.0909, Epsilon: 0.208
2026-04-19 12:02:45 | INFO | [Episode  800] eps=0.208  avg_reward=-200.000  avg_length=200.00  avg_loss= 12.9948  avg_entropy=1.0909  eval_success=0.000
2026-04-19 12:02:45 | INFO | Episode  801 - Reward: -200.000, Length: 200, Loss: 8.5413, Entropy: 1.0938, Epsilon: 0.207
2026-04-19 12:02:45 | INFO | Episode  802 - Reward: -200.000, Length: 200, Loss: 4.2788, Entropy: 1.0953, Epsilon: 0.206
2026-04-19 12:02:45 | INFO | Episode  803 - Reward: -200.000, Length: 200, Loss: 11.4605, Entropy: 1.0847, Epsilon: 0.205
2026-04-19 12:02:46 | INFO | Episode  804 - Reward: -200.000, Length: 200, Loss: 10.8770, Entropy: 1.0915, Epsilon: 0.204
2026-04-19 12:02:46 | INFO | Episode  805 - Reward: -200.000, Length: 200, Loss: 13.7598, Entropy: 1.0818, Epsilon: 0.203
2026-04-19 12:02:46 | INFO | Episode  806 - Reward: -200.000, Length: 200, Loss: 12.4244, Entropy: 1.0871, Epsilon: 0.202
2026-04-19 12:02:47 | INFO | Episode  807 - Reward: -200.000, Length: 200, Loss: 11.6826, Entropy: 1.0895, Epsilon: 0.201
2026-04-19 12:02:47 | INFO | Episode  808 - Reward: -200.000, Length: 200, Loss: 9.4960, Entropy: 1.0857, Epsilon: 0.200
2026-04-19 12:02:47 | INFO | Episode  809 - Reward: -200.000, Length: 200, Loss: 21.1964, Entropy: 1.0912, Epsilon: 0.199
2026-04-19 12:02:48 | INFO | Episode  810 - Reward: -200.000, Length: 200, Loss: 19.8793, Entropy: 1.0716, Epsilon: 0.198
2026-04-19 12:02:48 | INFO | Episode  811 - Reward: -200.000, Length: 200, Loss: 20.4172, Entropy: 1.0848, Epsilon: 0.197
2026-04-19 12:02:48 | INFO | Episode  812 - Reward: -200.000, Length: 200, Loss: 9.3812, Entropy: 1.0913, Epsilon: 0.196
2026-04-19 12:02:48 | INFO | Episode  813 - Reward: -200.000, Length: 200, Loss: 16.2383, Entropy: 1.0897, Epsilon: 0.195
2026-04-19 12:02:49 | INFO | Episode  814 - Reward: -200.000, Length: 200, Loss: 14.3791, Entropy: 1.0834, Epsilon: 0.194
2026-04-19 12:02:49 | INFO | Episode  815 - Reward: -200.000, Length: 200, Loss: 9.0102, Entropy: 1.0944, Epsilon: 0.193
2026-04-19 12:02:49 | INFO | Episode  816 - Reward: -200.000, Length: 200, Loss: 18.5103, Entropy: 1.0535, Epsilon: 0.192
2026-04-19 12:02:50 | INFO | Episode  817 - Reward: -200.000, Length: 200, Loss: 11.6335, Entropy: 1.0862, Epsilon: 0.191
2026-04-19 12:02:50 | INFO | Episode  818 - Reward: -200.000, Length: 200, Loss: 13.7777, Entropy: 1.0730, Epsilon: 0.190
2026-04-19 12:02:50 | INFO | Episode  819 - Reward: -200.000, Length: 200, Loss: 9.8585, Entropy: 1.0932, Epsilon: 0.189
2026-04-19 12:02:50 | INFO | Episode  820 - Reward: -200.000, Length: 200, Loss: 16.8599, Entropy: 1.0774, Epsilon: 0.188
2026-04-19 12:02:51 | INFO | Episode  821 - Reward: -200.000, Length: 200, Loss: 9.9162, Entropy: 1.0849, Epsilon: 0.187
2026-04-19 12:02:51 | INFO | Episode  822 - Reward: -200.000, Length: 200, Loss: 4.3426, Entropy: 1.0843, Epsilon: 0.186
2026-04-19 12:02:51 | INFO | Episode  823 - Reward: -200.000, Length: 200, Loss: 14.5241, Entropy: 1.0832, Epsilon: 0.185
2026-04-19 12:02:52 | INFO | Episode  824 - Reward: -200.000, Length: 200, Loss: 11.8480, Entropy: 1.0922, Epsilon: 0.184
2026-04-19 12:02:52 | INFO | Episode  825 - Reward: -200.000, Length: 200, Loss: 10.0332, Entropy: 1.0834, Epsilon: 0.183
2026-04-19 12:02:52 | INFO | Episode  826 - Reward: -200.000, Length: 200, Loss: 16.2274, Entropy: 1.0866, Epsilon: 0.182
2026-04-19 12:02:53 | INFO | Episode  827 - Reward: -200.000, Length: 200, Loss: 9.5642, Entropy: 1.0933, Epsilon: 0.181
2026-04-19 12:02:53 | INFO | Episode  828 - Reward: -200.000, Length: 200, Loss: 14.7839, Entropy: 1.0903, Epsilon: 0.180
2026-04-19 12:02:53 | INFO | Episode  829 - Reward: -200.000, Length: 200, Loss: 7.2822, Entropy: 1.0920, Epsilon: 0.179
2026-04-19 12:02:53 | INFO | Episode  830 - Reward: -200.000, Length: 200, Loss: 7.6402, Entropy: 1.0940, Epsilon: 0.178
2026-04-19 12:02:54 | INFO | Episode  831 - Reward: -200.000, Length: 200, Loss: 4.4147, Entropy: 1.0920, Epsilon: 0.177
2026-04-19 12:02:54 | INFO | Episode  832 - Reward: -200.000, Length: 200, Loss: 14.5220, Entropy: 1.0786, Epsilon: 0.176
2026-04-19 12:02:54 | INFO | Episode  833 - Reward: -200.000, Length: 200, Loss: 13.2929, Entropy: 1.0500, Epsilon: 0.175
2026-04-19 12:02:55 | INFO | Episode  834 - Reward: -200.000, Length: 200, Loss: 12.2361, Entropy: 1.0848, Epsilon: 0.174
2026-04-19 12:02:55 | INFO | Episode  835 - Reward: -200.000, Length: 200, Loss: 4.5027, Entropy: 1.0953, Epsilon: 0.173
2026-04-19 12:02:55 | INFO | Episode  836 - Reward: -200.000, Length: 200, Loss: 8.7501, Entropy: 1.0872, Epsilon: 0.172
2026-04-19 12:02:56 | INFO | Episode  837 - Reward: -200.000, Length: 200, Loss: 11.9767, Entropy: 1.0846, Epsilon: 0.171
2026-04-19 12:02:56 | INFO | Episode  838 - Reward: -200.000, Length: 200, Loss: 10.5749, Entropy: 1.0855, Epsilon: 0.170
2026-04-19 12:02:56 | INFO | Episode  839 - Reward: -200.000, Length: 200, Loss: 12.9897, Entropy: 1.0898, Epsilon: 0.169
2026-04-19 12:02:56 | INFO | Episode  840 - Reward: -200.000, Length: 200, Loss: 4.5524, Entropy: 1.0963, Epsilon: 0.168
2026-04-19 12:02:57 | INFO | Episode  841 - Reward: -200.000, Length: 200, Loss: 14.1310, Entropy: 1.0806, Epsilon: 0.167
2026-04-19 12:02:57 | INFO | Episode  842 - Reward: -200.000, Length: 200, Loss: 12.0849, Entropy: 1.0896, Epsilon: 0.166
2026-04-19 12:02:57 | INFO | Episode  843 - Reward: -200.000, Length: 200, Loss: 20.7494, Entropy: 1.0833, Epsilon: 0.165
2026-04-19 12:02:58 | INFO | Episode  844 - Reward: -200.000, Length: 200, Loss: 9.1130, Entropy: 1.0951, Epsilon: 0.164
2026-04-19 12:02:58 | INFO | Episode  845 - Reward: -200.000, Length: 200, Loss: 9.9433, Entropy: 1.0899, Epsilon: 0.163
2026-04-19 12:02:58 | INFO | Episode  846 - Reward: -200.000, Length: 200, Loss: 9.7518, Entropy: 1.0911, Epsilon: 0.162
2026-04-19 12:02:58 | INFO | Episode  847 - Reward: -200.000, Length: 200, Loss: 10.6970, Entropy: 1.0863, Epsilon: 0.161
2026-04-19 12:02:59 | INFO | Episode  848 - Reward: -200.000, Length: 200, Loss: 4.4527, Entropy: 1.0916, Epsilon: 0.160
2026-04-19 12:02:59 | INFO | Episode  849 - Reward: -200.000, Length: 200, Loss: 19.1391, Entropy: 1.0749, Epsilon: 0.159
2026-04-19 12:02:59 | INFO | Episode  850 - Reward: -200.000, Length: 200, Loss: 21.1953, Entropy: 1.0675, Epsilon: 0.158
2026-04-19 12:03:00 | INFO | Episode  851 - Reward: -200.000, Length: 200, Loss: 8.3225, Entropy: 1.0510, Epsilon: 0.158
2026-04-19 12:03:00 | INFO | Episode  852 - Reward: -200.000, Length: 200, Loss: 10.8965, Entropy: 1.0644, Epsilon: 0.157
2026-04-19 12:03:00 | INFO | Episode  853 - Reward: -200.000, Length: 200, Loss: 4.9053, Entropy: 1.0885, Epsilon: 0.156
2026-04-19 12:03:01 | INFO | Episode  854 - Reward: -200.000, Length: 200, Loss: 13.4776, Entropy: 1.0832, Epsilon: 0.155
2026-04-19 12:03:01 | INFO | Episode  855 - Reward: -200.000, Length: 200, Loss: 12.9265, Entropy: 1.0825, Epsilon: 0.154
2026-04-19 12:03:01 | INFO | Episode  856 - Reward: -200.000, Length: 200, Loss: 7.9029, Entropy: 1.0879, Epsilon: 0.153
2026-04-19 12:03:01 | INFO | Episode  857 - Reward: -200.000, Length: 200, Loss: 21.2180, Entropy: 1.0855, Epsilon: 0.152
2026-04-19 12:03:02 | INFO | Episode  858 - Reward: -200.000, Length: 200, Loss: 2.0058, Entropy: 1.0949, Epsilon: 0.151
2026-04-19 12:03:02 | INFO | Episode  859 - Reward: -200.000, Length: 200, Loss: 10.5066, Entropy: 1.0896, Epsilon: 0.150
2026-04-19 12:03:02 | INFO | Episode  860 - Reward: -200.000, Length: 200, Loss: 15.5111, Entropy: 1.0842, Epsilon: 0.149
2026-04-19 12:03:03 | INFO | Episode  861 - Reward: -200.000, Length: 200, Loss: 8.6481, Entropy: 1.0739, Epsilon: 0.148
2026-04-19 12:03:03 | INFO | Episode  862 - Reward: -200.000, Length: 200, Loss: 7.0419, Entropy: 1.0907, Epsilon: 0.147
2026-04-19 12:03:03 | INFO | Episode  863 - Reward: -200.000, Length: 200, Loss: 10.6536, Entropy: 1.0932, Epsilon: 0.146
2026-04-19 12:03:04 | INFO | Episode  864 - Reward: -200.000, Length: 200, Loss: 17.2643, Entropy: 1.0857, Epsilon: 0.145
2026-04-19 12:03:04 | INFO | Episode  865 - Reward: -200.000, Length: 200, Loss: 12.5911, Entropy: 1.0887, Epsilon: 0.144
2026-04-19 12:03:04 | INFO | Episode  866 - Reward: -200.000, Length: 200, Loss: 15.0334, Entropy: 1.0740, Epsilon: 0.143
2026-04-19 12:03:04 | INFO | Episode  867 - Reward: -200.000, Length: 200, Loss: 21.3299, Entropy: 1.0695, Epsilon: 0.142
2026-04-19 12:03:05 | INFO | Episode  868 - Reward: -200.000, Length: 200, Loss: 13.9602, Entropy: 1.0888, Epsilon: 0.141
2026-04-19 12:03:05 | INFO | Episode  869 - Reward: -200.000, Length: 200, Loss: 23.6355, Entropy: 1.0902, Epsilon: 0.140
2026-04-19 12:03:05 | INFO | Episode  870 - Reward: -200.000, Length: 200, Loss: 4.9820, Entropy: 1.0948, Epsilon: 0.139
2026-04-19 12:03:06 | INFO | Episode  871 - Reward: -200.000, Length: 200, Loss: 16.4804, Entropy: 1.0681, Epsilon: 0.138
2026-04-19 12:03:06 | INFO | Episode  872 - Reward: -200.000, Length: 200, Loss: 7.4258, Entropy: 1.0830, Epsilon: 0.137
2026-04-19 12:03:06 | INFO | Episode  873 - Reward: -200.000, Length: 200, Loss: 20.4452, Entropy: 1.0624, Epsilon: 0.136
2026-04-19 12:03:07 | INFO | Episode  874 - Reward: -200.000, Length: 200, Loss: 12.6363, Entropy: 1.0776, Epsilon: 0.135
2026-04-19 12:03:07 | INFO | Episode  875 - Reward: -200.000, Length: 200, Loss: 23.4737, Entropy: 1.0797, Epsilon: 0.134
2026-04-19 12:03:07 | INFO | Episode  876 - Reward: -200.000, Length: 200, Loss: 4.5965, Entropy: 1.0947, Epsilon: 0.133
2026-04-19 12:03:07 | INFO | Episode  877 - Reward: -200.000, Length: 200, Loss: 19.6671, Entropy: 1.0610, Epsilon: 0.132
2026-04-19 12:03:08 | INFO | Episode  878 - Reward: -200.000, Length: 200, Loss: 4.4464, Entropy: 1.0856, Epsilon: 0.131
2026-04-19 12:03:08 | INFO | Episode  879 - Reward: -200.000, Length: 200, Loss: 12.8477, Entropy: 1.0756, Epsilon: 0.130
2026-04-19 12:03:08 | INFO | Episode  880 - Reward: -200.000, Length: 200, Loss: 22.7994, Entropy: 1.0899, Epsilon: 0.129
2026-04-19 12:03:09 | INFO | Episode  881 - Reward: -200.000, Length: 200, Loss: 15.7862, Entropy: 1.0753, Epsilon: 0.128
2026-04-19 12:03:10 | INFO | Episode  882 - Reward: -200.000, Length: 200, Loss: 10.0421, Entropy: 1.0878, Epsilon: 0.127
2026-04-19 12:03:10 | INFO | Episode  883 - Reward: -200.000, Length: 200, Loss: 15.6629, Entropy: 1.0758, Epsilon: 0.126
2026-04-19 12:03:10 | INFO | Episode  884 - Reward: -200.000, Length: 200, Loss: 20.1745, Entropy: 1.0731, Epsilon: 0.125
2026-04-19 12:03:10 | INFO | Episode  885 - Reward: -200.000, Length: 200, Loss: 22.8583, Entropy: 1.0729, Epsilon: 0.124
2026-04-19 12:03:11 | INFO | Episode  886 - Reward: -200.000, Length: 200, Loss: 24.7690, Entropy: 1.0843, Epsilon: 0.123
2026-04-19 12:03:11 | INFO | Episode  887 - Reward: -200.000, Length: 200, Loss: 17.4808, Entropy: 1.0908, Epsilon: 0.122
2026-04-19 12:03:11 | INFO | Episode  888 - Reward: -200.000, Length: 200, Loss: 13.0500, Entropy: 1.0939, Epsilon: 0.121
2026-04-19 12:03:12 | INFO | Episode  889 - Reward: -200.000, Length: 200, Loss: 7.2290, Entropy: 1.0918, Epsilon: 0.120
2026-04-19 12:03:12 | INFO | Episode  890 - Reward: -200.000, Length: 200, Loss: 16.7901, Entropy: 1.0887, Epsilon: 0.119
2026-04-19 12:03:12 | INFO | Episode  891 - Reward: -200.000, Length: 200, Loss: 10.3327, Entropy: 1.0912, Epsilon: 0.118
2026-04-19 12:03:13 | INFO | Episode  892 - Reward: -200.000, Length: 200, Loss: 16.0127, Entropy: 1.0808, Epsilon: 0.117
2026-04-19 12:03:13 | INFO | Episode  893 - Reward: -200.000, Length: 200, Loss: 17.5401, Entropy: 1.0799, Epsilon: 0.116
2026-04-19 12:03:13 | INFO | Episode  894 - Reward: -200.000, Length: 200, Loss: 10.7172, Entropy: 1.0911, Epsilon: 0.115
2026-04-19 12:03:13 | INFO | Episode  895 - Reward: -200.000, Length: 200, Loss: 13.4251, Entropy: 1.0833, Epsilon: 0.114
2026-04-19 12:03:14 | INFO | Episode  896 - Reward: -200.000, Length: 200, Loss: 16.0279, Entropy: 1.0769, Epsilon: 0.113
2026-04-19 12:03:14 | INFO | Episode  897 - Reward: -200.000, Length: 200, Loss: 18.0496, Entropy: 1.0914, Epsilon: 0.112
2026-04-19 12:03:14 | INFO | Episode  898 - Reward: -200.000, Length: 200, Loss: 16.3613, Entropy: 1.0753, Epsilon: 0.111
2026-04-19 12:03:15 | INFO | Episode  899 - Reward: -200.000, Length: 200, Loss: 17.8389, Entropy: 1.0857, Epsilon: 0.110
2026-04-19 12:03:15 | INFO | Episode  900 - Reward: -200.000, Length: 200, Loss: 19.3286, Entropy: 1.0895, Epsilon: 0.109
2026-04-19 12:03:20 | INFO | [Episode  900] eps=0.109  avg_reward=-200.000  avg_length=200.00  avg_loss= 13.0600  avg_entropy=1.0895  eval_success=0.000
2026-04-19 12:03:21 | INFO | Episode  901 - Reward: -200.000, Length: 200, Loss: 4.5355, Entropy: 1.0952, Epsilon: 0.108
2026-04-19 12:03:21 | INFO | Episode  902 - Reward: -200.000, Length: 200, Loss: 7.0421, Entropy: 1.0930, Epsilon: 0.107
2026-04-19 12:03:21 | INFO | Episode  903 - Reward: -200.000, Length: 200, Loss: 11.5088, Entropy: 1.0905, Epsilon: 0.106
2026-04-19 12:03:22 | INFO | Episode  904 - Reward: -200.000, Length: 200, Loss: 19.3695, Entropy: 1.0738, Epsilon: 0.105
2026-04-19 12:03:22 | INFO | Episode  905 - Reward: -200.000, Length: 200, Loss: 10.5410, Entropy: 1.0884, Epsilon: 0.104
2026-04-19 12:03:22 | INFO | Episode  906 - Reward: -200.000, Length: 200, Loss: 10.4277, Entropy: 1.0913, Epsilon: 0.103
2026-04-19 12:03:23 | INFO | Episode  907 - Reward: -200.000, Length: 200, Loss: 12.2398, Entropy: 1.0662, Epsilon: 0.102
2026-04-19 12:03:23 | INFO | Episode  908 - Reward: -200.000, Length: 200, Loss: 19.7667, Entropy: 1.0824, Epsilon: 0.101
2026-04-19 12:03:23 | INFO | Episode  909 - Reward: -200.000, Length: 200, Loss: 7.7081, Entropy: 1.0847, Epsilon: 0.100
2026-04-19 12:03:23 | INFO | Episode  910 - Reward: -200.000, Length: 200, Loss: 22.0657, Entropy: 1.0878, Epsilon: 0.099
2026-04-19 12:03:24 | INFO | Episode  911 - Reward: -200.000, Length: 200, Loss: 13.8148, Entropy: 1.0819, Epsilon: 0.098
2026-04-19 12:03:24 | INFO | Episode  912 - Reward: -200.000, Length: 200, Loss: 9.7084, Entropy: 1.0908, Epsilon: 0.097
2026-04-19 12:03:24 | INFO | Episode  913 - Reward: -200.000, Length: 200, Loss: 13.8258, Entropy: 1.0925, Epsilon: 0.096
2026-04-19 12:03:25 | INFO | Episode  914 - Reward: -200.000, Length: 200, Loss: 12.6835, Entropy: 1.0896, Epsilon: 0.095
2026-04-19 12:03:25 | INFO | Episode  915 - Reward: -200.000, Length: 200, Loss: 19.9353, Entropy: 1.0886, Epsilon: 0.094
2026-04-19 12:03:25 | INFO | Episode  916 - Reward: -200.000, Length: 200, Loss: 15.1945, Entropy: 1.0918, Epsilon: 0.093
2026-04-19 12:03:26 | INFO | Episode  917 - Reward: -200.000, Length: 200, Loss: 17.4582, Entropy: 1.0842, Epsilon: 0.092
2026-04-19 12:03:26 | INFO | Episode  918 - Reward: -200.000, Length: 200, Loss: 7.9132, Entropy: 1.0933, Epsilon: 0.091
2026-04-19 12:03:26 | INFO | Episode  919 - Reward: -200.000, Length: 200, Loss: 7.5253, Entropy: 1.0912, Epsilon: 0.090
2026-04-19 12:03:26 | INFO | Episode  920 - Reward: -200.000, Length: 200, Loss: 10.4993, Entropy: 1.0761, Epsilon: 0.089
2026-04-19 12:03:27 | INFO | Episode  921 - Reward: -200.000, Length: 200, Loss: 17.3712, Entropy: 1.0920, Epsilon: 0.088
2026-04-19 12:03:27 | INFO | Episode  922 - Reward: -200.000, Length: 200, Loss: 12.7982, Entropy: 1.0849, Epsilon: 0.087
2026-04-19 12:03:27 | INFO | Episode  923 - Reward: -200.000, Length: 200, Loss: 19.6890, Entropy: 1.0487, Epsilon: 0.086
2026-04-19 12:03:28 | INFO | Episode  924 - Reward: -200.000, Length: 200, Loss: 12.6101, Entropy: 1.0943, Epsilon: 0.085
2026-04-19 12:03:28 | INFO | Episode  925 - Reward: -200.000, Length: 200, Loss: 13.3905, Entropy: 1.0849, Epsilon: 0.084
2026-04-19 12:03:28 | INFO | Episode  926 - Reward: -200.000, Length: 200, Loss: 14.6276, Entropy: 1.0811, Epsilon: 0.083
2026-04-19 12:03:29 | INFO | Episode  927 - Reward: -200.000, Length: 200, Loss: 10.1007, Entropy: 1.0823, Epsilon: 0.082
2026-04-19 12:03:29 | INFO | Episode  928 - Reward: -200.000, Length: 200, Loss: 12.1896, Entropy: 1.0666, Epsilon: 0.081
2026-04-19 12:03:29 | INFO | Episode  929 - Reward: -200.000, Length: 200, Loss: 18.8318, Entropy: 1.0231, Epsilon: 0.080
2026-04-19 12:03:30 | INFO | Episode  930 - Reward: -200.000, Length: 200, Loss: 16.4440, Entropy: 1.0782, Epsilon: 0.079
2026-04-19 12:03:30 | INFO | Episode  931 - Reward: -200.000, Length: 200, Loss: 15.2597, Entropy: 1.0902, Epsilon: 0.078
2026-04-19 12:03:30 | INFO | Episode  932 - Reward: -200.000, Length: 200, Loss: 9.8347, Entropy: 1.0929, Epsilon: 0.077
2026-04-19 12:03:30 | INFO | Episode  933 - Reward: -200.000, Length: 200, Loss: 10.1245, Entropy: 1.0892, Epsilon: 0.076
2026-04-19 12:03:31 | INFO | Episode  934 - Reward: -200.000, Length: 200, Loss: 14.1747, Entropy: 1.0924, Epsilon: 0.075
2026-04-19 12:03:31 | INFO | Episode  935 - Reward: -200.000, Length: 200, Loss: 4.5224, Entropy: 1.0946, Epsilon: 0.074
2026-04-19 12:03:31 | INFO | Episode  936 - Reward: -200.000, Length: 200, Loss: 12.7474, Entropy: 1.0940, Epsilon: 0.073
2026-04-19 12:03:32 | INFO | Episode  937 - Reward: -200.000, Length: 200, Loss: 12.3251, Entropy: 1.0828, Epsilon: 0.072
2026-04-19 12:03:32 | INFO | Episode  938 - Reward: -200.000, Length: 200, Loss: 19.7356, Entropy: 1.0672, Epsilon: 0.071
2026-04-19 12:03:32 | INFO | Episode  939 - Reward: -200.000, Length: 200, Loss: 22.3255, Entropy: 1.0595, Epsilon: 0.070
2026-04-19 12:03:33 | INFO | Episode  940 - Reward: -200.000, Length: 200, Loss: 10.0144, Entropy: 1.0792, Epsilon: 0.069
2026-04-19 12:03:33 | INFO | Episode  941 - Reward: -200.000, Length: 200, Loss: 16.0820, Entropy: 1.0777, Epsilon: 0.068
2026-04-19 12:03:33 | INFO | Episode  942 - Reward: -200.000, Length: 200, Loss: 9.3230, Entropy: 1.0809, Epsilon: 0.067
2026-04-19 12:03:33 | INFO | Episode  943 - Reward: -200.000, Length: 200, Loss: 4.7775, Entropy: 1.0880, Epsilon: 0.066
2026-04-19 12:03:34 | INFO | Episode  944 - Reward: -200.000, Length: 200, Loss: 12.2369, Entropy: 1.0937, Epsilon: 0.065
2026-04-19 12:03:34 | INFO | Episode  945 - Reward: -200.000, Length: 200, Loss: 6.8858, Entropy: 1.0929, Epsilon: 0.064
2026-04-19 12:03:34 | INFO | Episode  946 - Reward: -200.000, Length: 200, Loss: 10.9888, Entropy: 1.0631, Epsilon: 0.063
2026-04-19 12:03:35 | INFO | Episode  947 - Reward: -200.000, Length: 200, Loss: 11.4446, Entropy: 1.0760, Epsilon: 0.062
2026-04-19 12:03:35 | INFO | Episode  948 - Reward: -200.000, Length: 200, Loss: 2.2246, Entropy: 1.0905, Epsilon: 0.061
2026-04-19 12:03:35 | INFO | Episode  949 - Reward: -200.000, Length: 200, Loss: 9.7930, Entropy: 1.0876, Epsilon: 0.060
2026-04-19 12:03:36 | INFO | Episode  950 - Reward: -200.000, Length: 200, Loss: 16.4442, Entropy: 1.0756, Epsilon: 0.059
2026-04-19 12:03:36 | INFO | Episode  951 - Reward: -200.000, Length: 200, Loss: 4.4246, Entropy: 1.0934, Epsilon: 0.059
2026-04-19 12:03:36 | INFO | Episode  952 - Reward: -200.000, Length: 200, Loss: 14.7988, Entropy: 1.0911, Epsilon: 0.058
2026-04-19 12:03:36 | INFO | Episode  953 - Reward: -200.000, Length: 200, Loss: 11.4446, Entropy: 1.0783, Epsilon: 0.057
2026-04-19 12:03:37 | INFO | Episode  954 - Reward: -200.000, Length: 200, Loss: 19.0002, Entropy: 1.0765, Epsilon: 0.056
2026-04-19 12:03:37 | INFO | Episode  955 - Reward: -200.000, Length: 200, Loss: 20.0360, Entropy: 1.0733, Epsilon: 0.055
2026-04-19 12:03:37 | INFO | Episode  956 - Reward: -200.000, Length: 200, Loss: 12.1916, Entropy: 1.0828, Epsilon: 0.054
2026-04-19 12:03:38 | INFO | Episode  957 - Reward: -200.000, Length: 200, Loss: 8.3547, Entropy: 1.0880, Epsilon: 0.053
2026-04-19 12:03:38 | INFO | Episode  958 - Reward: -200.000, Length: 200, Loss: 14.2967, Entropy: 1.0940, Epsilon: 0.052
2026-04-19 12:03:38 | INFO | Episode  959 - Reward: -200.000, Length: 200, Loss: 24.6174, Entropy: 1.0423, Epsilon: 0.051
2026-04-19 12:03:39 | INFO | Episode  960 - Reward: -200.000, Length: 200, Loss: 11.7692, Entropy: 1.0746, Epsilon: 0.050
2026-04-19 12:03:39 | INFO | Episode  961 - Reward: -200.000, Length: 200, Loss: 4.6527, Entropy: 1.0922, Epsilon: 0.049
2026-04-19 12:03:39 | INFO | Episode  962 - Reward: -200.000, Length: 200, Loss: 12.4328, Entropy: 1.0782, Epsilon: 0.048
2026-04-19 12:03:39 | INFO | Episode  963 - Reward: -200.000, Length: 200, Loss: 7.2936, Entropy: 1.0947, Epsilon: 0.047
2026-04-19 12:03:40 | INFO | Episode  964 - Reward: -200.000, Length: 200, Loss: 10.1547, Entropy: 1.0917, Epsilon: 0.046
2026-04-19 12:03:40 | INFO | Episode  965 - Reward: -200.000, Length: 200, Loss: 9.2490, Entropy: 1.0866, Epsilon: 0.045
2026-04-19 12:03:40 | INFO | Episode  966 - Reward: -200.000, Length: 200, Loss: 5.0473, Entropy: 1.0911, Epsilon: 0.044
2026-04-19 12:03:41 | INFO | Episode  967 - Reward: -200.000, Length: 200, Loss: 19.2979, Entropy: 1.0828, Epsilon: 0.043
2026-04-19 12:03:41 | INFO | Episode  968 - Reward: -200.000, Length: 200, Loss: 20.6733, Entropy: 1.0518, Epsilon: 0.042
2026-04-19 12:03:41 | INFO | Episode  969 - Reward: -200.000, Length: 200, Loss: 15.6080, Entropy: 1.0687, Epsilon: 0.041
2026-04-19 12:03:42 | INFO | Episode  970 - Reward: -200.000, Length: 200, Loss: 16.0273, Entropy: 1.0853, Epsilon: 0.040
2026-04-19 12:03:42 | INFO | Episode  971 - Reward: -200.000, Length: 200, Loss: 11.7558, Entropy: 1.0940, Epsilon: 0.039
2026-04-19 12:03:42 | INFO | Episode  972 - Reward: -200.000, Length: 200, Loss: 14.7310, Entropy: 1.0927, Epsilon: 0.038
2026-04-19 12:03:43 | INFO | Episode  973 - Reward: -200.000, Length: 200, Loss: 12.4017, Entropy: 1.0925, Epsilon: 0.037
2026-04-19 12:03:43 | INFO | Episode  974 - Reward: -200.000, Length: 200, Loss: 12.7614, Entropy: 1.0903, Epsilon: 0.036
2026-04-19 12:03:43 | INFO | Episode  975 - Reward: -200.000, Length: 200, Loss: 21.4398, Entropy: 1.0580, Epsilon: 0.035
2026-04-19 12:03:43 | INFO | Episode  976 - Reward: -200.000, Length: 200, Loss: 11.5095, Entropy: 1.0876, Epsilon: 0.034
2026-04-19 12:03:44 | INFO | Episode  977 - Reward: -200.000, Length: 200, Loss: 12.4059, Entropy: 1.0951, Epsilon: 0.033
2026-04-19 12:03:44 | INFO | Episode  978 - Reward: -200.000, Length: 200, Loss: 11.9708, Entropy: 1.0856, Epsilon: 0.032
2026-04-19 12:03:44 | INFO | Episode  979 - Reward: -200.000, Length: 200, Loss: 15.0306, Entropy: 1.0715, Epsilon: 0.031
2026-04-19 12:03:45 | INFO | Episode  980 - Reward: -200.000, Length: 200, Loss: 22.8587, Entropy: 1.0585, Epsilon: 0.030
2026-04-19 12:03:45 | INFO | Episode  981 - Reward: -200.000, Length: 200, Loss: 9.5982, Entropy: 1.0906, Epsilon: 0.029
2026-04-19 12:03:45 | INFO | Episode  982 - Reward: -200.000, Length: 200, Loss: 9.4123, Entropy: 1.0898, Epsilon: 0.028
2026-04-19 12:03:46 | INFO | Episode  983 - Reward: -200.000, Length: 200, Loss: 17.2559, Entropy: 1.0828, Epsilon: 0.027
2026-04-19 12:03:46 | INFO | Episode  984 - Reward: -200.000, Length: 200, Loss: 17.2134, Entropy: 1.0793, Epsilon: 0.026
2026-04-19 12:03:46 | INFO | Episode  985 - Reward: -200.000, Length: 200, Loss: 7.9488, Entropy: 1.0728, Epsilon: 0.025
2026-04-19 12:03:47 | INFO | Episode  986 - Reward: -200.000, Length: 200, Loss: 9.5819, Entropy: 1.0895, Epsilon: 0.024
2026-04-19 12:03:47 | INFO | Episode  987 - Reward: -200.000, Length: 200, Loss: 26.3244, Entropy: 1.0788, Epsilon: 0.023
2026-04-19 12:03:47 | INFO | Episode  988 - Reward: -200.000, Length: 200, Loss: 14.3397, Entropy: 1.0868, Epsilon: 0.022
2026-04-19 12:03:47 | INFO | Episode  989 - Reward: -200.000, Length: 200, Loss: 6.5828, Entropy: 1.0946, Epsilon: 0.021
2026-04-19 12:03:48 | INFO | Episode  990 - Reward: -200.000, Length: 200, Loss: 15.1142, Entropy: 1.0769, Epsilon: 0.020
2026-04-19 12:03:48 | INFO | Episode  991 - Reward: -200.000, Length: 200, Loss: 23.6620, Entropy: 1.0891, Epsilon: 0.019
2026-04-19 12:03:48 | INFO | Episode  992 - Reward: -200.000, Length: 200, Loss: 14.6506, Entropy: 1.0853, Epsilon: 0.018
2026-04-19 12:03:49 | INFO | Episode  993 - Reward: -200.000, Length: 200, Loss: 14.1244, Entropy: 1.0886, Epsilon: 0.017
2026-04-19 12:03:49 | INFO | Episode  994 - Reward: -200.000, Length: 200, Loss: 14.4335, Entropy: 1.0841, Epsilon: 0.016
2026-04-19 12:03:50 | INFO | Episode  995 - Reward: -200.000, Length: 200, Loss: 14.9166, Entropy: 1.0854, Epsilon: 0.015
2026-04-19 12:03:50 | INFO | Episode  996 - Reward: -200.000, Length: 200, Loss: 9.8841, Entropy: 1.0781, Epsilon: 0.014
2026-04-19 12:03:50 | INFO | Episode  997 - Reward: -200.000, Length: 200, Loss: 12.1621, Entropy: 1.0772, Epsilon: 0.013
2026-04-19 12:03:51 | INFO | Episode  998 - Reward: -200.000, Length: 200, Loss: 17.2200, Entropy: 1.0651, Epsilon: 0.012
2026-04-19 12:03:51 | INFO | Episode  999 - Reward: -200.000, Length: 200, Loss: 17.7998, Entropy: 1.0722, Epsilon: 0.011
2026-04-19 12:03:51 | INFO | Episode 1000 - Reward: -200.000, Length: 200, Loss: 18.2420, Entropy: 1.0712, Epsilon: 0.010
2026-04-19 12:03:56 | INFO | [Episode 1000] eps=0.010  avg_reward=-200.000  avg_length=200.00  avg_loss= 13.3178  avg_entropy=1.0712  eval_success=0.000
2026-04-19 12:03:57 | INFO | Episode 1001 - Reward: -200.000, Length: 200, Loss: 8.8860, Entropy: 1.0914, Epsilon: 0.010
2026-04-19 12:03:57 | INFO | Episode 1002 - Reward: -200.000, Length: 200, Loss: 14.5837, Entropy: 1.0878, Epsilon: 0.010
2026-04-19 12:03:57 | INFO | Episode 1003 - Reward: -200.000, Length: 200, Loss: 21.7602, Entropy: 1.0764, Epsilon: 0.010
2026-04-19 12:03:58 | INFO | Episode 1004 - Reward: -200.000, Length: 200, Loss: 10.3043, Entropy: 1.0906, Epsilon: 0.010
2026-04-19 12:03:58 | INFO | Episode 1005 - Reward: -200.000, Length: 200, Loss: 12.4183, Entropy: 1.0918, Epsilon: 0.010
2026-04-19 12:03:58 | INFO | Episode 1006 - Reward: -200.000, Length: 200, Loss: 23.1037, Entropy: 1.0643, Epsilon: 0.010
2026-04-19 12:03:58 | INFO | Episode 1007 - Reward: -200.000, Length: 200, Loss: 5.7165, Entropy: 1.0858, Epsilon: 0.010
2026-04-19 12:03:59 | INFO | Episode 1008 - Reward: -200.000, Length: 200, Loss: 4.7632, Entropy: 1.0900, Epsilon: 0.010
2026-04-19 12:03:59 | INFO | Episode 1009 - Reward: -200.000, Length: 200, Loss: 16.6146, Entropy: 1.0766, Epsilon: 0.010
2026-04-19 12:03:59 | INFO | Episode 1010 - Reward: -200.000, Length: 200, Loss: 13.2637, Entropy: 1.0803, Epsilon: 0.010
2026-04-19 12:04:00 | INFO | Episode 1011 - Reward: -200.000, Length: 200, Loss: 9.4090, Entropy: 1.0853, Epsilon: 0.010
2026-04-19 12:04:00 | INFO | Episode 1012 - Reward: -200.000, Length: 200, Loss: 7.5827, Entropy: 1.0927, Epsilon: 0.010
2026-04-19 12:04:00 | INFO | Episode 1013 - Reward: -200.000, Length: 200, Loss: 7.6834, Entropy: 1.0900, Epsilon: 0.010
2026-04-19 12:04:01 | INFO | Episode 1014 - Reward: -200.000, Length: 200, Loss: 17.2732, Entropy: 1.0765, Epsilon: 0.010
2026-04-19 12:04:01 | INFO | Episode 1015 - Reward: -200.000, Length: 200, Loss: 5.1129, Entropy: 1.0914, Epsilon: 0.010
2026-04-19 12:04:01 | INFO | Episode 1016 - Reward: -200.000, Length: 200, Loss: 12.7475, Entropy: 1.0926, Epsilon: 0.010
2026-04-19 12:04:01 | INFO | Episode 1017 - Reward: -200.000, Length: 200, Loss: 20.4747, Entropy: 1.0769, Epsilon: 0.010
2026-04-19 12:04:02 | INFO | Episode 1018 - Reward: -200.000, Length: 200, Loss: 18.0110, Entropy: 1.0853, Epsilon: 0.010
2026-04-19 12:04:02 | INFO | Episode 1019 - Reward: -200.000, Length: 200, Loss: 6.9003, Entropy: 1.0917, Epsilon: 0.010
2026-04-19 12:04:02 | INFO | Episode 1020 - Reward: -200.000, Length: 200, Loss: 7.3320, Entropy: 1.0958, Epsilon: 0.010
2026-04-19 12:04:03 | INFO | Episode 1021 - Reward: -200.000, Length: 200, Loss: 7.3995, Entropy: 1.0919, Epsilon: 0.010
2026-04-19 12:04:03 | INFO | Episode 1022 - Reward: -200.000, Length: 200, Loss: 13.3016, Entropy: 1.0797, Epsilon: 0.010
2026-04-19 12:04:03 | INFO | Episode 1023 - Reward: -200.000, Length: 200, Loss: 10.1847, Entropy: 1.0875, Epsilon: 0.010
2026-04-19 12:04:04 | INFO | Episode 1024 - Reward: -200.000, Length: 200, Loss: 14.1119, Entropy: 1.0919, Epsilon: 0.010
2026-04-19 12:04:04 | INFO | Episode 1025 - Reward: -200.000, Length: 200, Loss: 9.9570, Entropy: 1.0944, Epsilon: 0.010
2026-04-19 12:04:04 | INFO | Episode 1026 - Reward: -200.000, Length: 200, Loss: 8.8731, Entropy: 1.0902, Epsilon: 0.010
2026-04-19 12:04:05 | INFO | Episode 1027 - Reward: -200.000, Length: 200, Loss: 12.5594, Entropy: 1.0868, Epsilon: 0.010
2026-04-19 12:04:05 | INFO | Episode 1028 - Reward: -200.000, Length: 200, Loss: 18.3893, Entropy: 1.0874, Epsilon: 0.010
2026-04-19 12:04:05 | INFO | Episode 1029 - Reward: -200.000, Length: 200, Loss: 14.6130, Entropy: 1.0910, Epsilon: 0.010
2026-04-19 12:04:05 | INFO | Episode 1030 - Reward: -200.000, Length: 200, Loss: 12.8941, Entropy: 1.0834, Epsilon: 0.010
2026-04-19 12:04:06 | INFO | Episode 1031 - Reward: -200.000, Length: 200, Loss: 19.0904, Entropy: 1.0818, Epsilon: 0.010
2026-04-19 12:04:06 | INFO | Episode 1032 - Reward: -200.000, Length: 200, Loss: 12.3296, Entropy: 1.0914, Epsilon: 0.010
2026-04-19 12:04:06 | INFO | Episode 1033 - Reward: -200.000, Length: 200, Loss: 15.3068, Entropy: 1.0636, Epsilon: 0.010
2026-04-19 12:04:07 | INFO | Episode 1034 - Reward: -200.000, Length: 200, Loss: 14.3765, Entropy: 1.0424, Epsilon: 0.010
2026-04-19 12:04:07 | INFO | Episode 1035 - Reward: -200.000, Length: 200, Loss: 12.9666, Entropy: 1.0824, Epsilon: 0.010
2026-04-19 12:04:07 | INFO | Episode 1036 - Reward: -200.000, Length: 200, Loss: 16.1556, Entropy: 1.0757, Epsilon: 0.010
2026-04-19 12:04:08 | INFO | Episode 1037 - Reward: -200.000, Length: 200, Loss: 10.1591, Entropy: 1.0852, Epsilon: 0.010
2026-04-19 12:04:08 | INFO | Episode 1038 - Reward: -200.000, Length: 200, Loss: 8.5962, Entropy: 1.0907, Epsilon: 0.010
2026-04-19 12:04:08 | INFO | Episode 1039 - Reward: -200.000, Length: 200, Loss: 9.4714, Entropy: 1.0890, Epsilon: 0.010
2026-04-19 12:04:08 | INFO | Episode 1040 - Reward: -200.000, Length: 200, Loss: 9.3769, Entropy: 1.0894, Epsilon: 0.010
2026-04-19 12:04:09 | INFO | Episode 1041 - Reward: -200.000, Length: 200, Loss: 13.0575, Entropy: 1.0942, Epsilon: 0.010
2026-04-19 12:04:09 | INFO | Episode 1042 - Reward: -200.000, Length: 200, Loss: 17.7008, Entropy: 1.0895, Epsilon: 0.010
2026-04-19 12:04:09 | INFO | Episode 1043 - Reward: -200.000, Length: 200, Loss: 12.5195, Entropy: 1.0950, Epsilon: 0.010
2026-04-19 12:04:10 | INFO | Episode 1044 - Reward: -200.000, Length: 200, Loss: 8.2317, Entropy: 1.0886, Epsilon: 0.010
2026-04-19 12:04:10 | INFO | Episode 1045 - Reward: -200.000, Length: 200, Loss: 14.3065, Entropy: 1.0671, Epsilon: 0.010
2026-04-19 12:04:10 | INFO | Episode 1046 - Reward: -200.000, Length: 200, Loss: 19.7673, Entropy: 1.0544, Epsilon: 0.010
2026-04-19 12:04:11 | INFO | Episode 1047 - Reward: -200.000, Length: 200, Loss: 7.5587, Entropy: 1.0924, Epsilon: 0.010
2026-04-19 12:04:11 | INFO | Episode 1048 - Reward: -200.000, Length: 200, Loss: 5.0207, Entropy: 1.0956, Epsilon: 0.010
2026-04-19 12:04:11 | INFO | Episode 1049 - Reward: -200.000, Length: 200, Loss: 7.1042, Entropy: 1.0938, Epsilon: 0.010
2026-04-19 12:04:11 | INFO | Episode 1050 - Reward: -200.000, Length: 200, Loss: 29.3573, Entropy: 1.0906, Epsilon: 0.010
2026-04-19 12:04:12 | INFO | Episode 1051 - Reward: -200.000, Length: 200, Loss: 18.5917, Entropy: 1.0790, Epsilon: 0.010
2026-04-19 12:04:12 | INFO | Episode 1052 - Reward: -200.000, Length: 200, Loss: 21.0259, Entropy: 1.0837, Epsilon: 0.010
2026-04-19 12:04:12 | INFO | Episode 1053 - Reward: -200.000, Length: 200, Loss: 17.7572, Entropy: 1.0805, Epsilon: 0.010
2026-04-19 12:04:13 | INFO | Episode 1054 - Reward: -200.000, Length: 200, Loss: 14.6959, Entropy: 1.0788, Epsilon: 0.010
2026-04-19 12:04:13 | INFO | Episode 1055 - Reward: -200.000, Length: 200, Loss: 13.7818, Entropy: 1.0754, Epsilon: 0.010
2026-04-19 12:04:13 | INFO | Episode 1056 - Reward: -200.000, Length: 200, Loss: 9.6312, Entropy: 1.0866, Epsilon: 0.010
2026-04-19 12:04:14 | INFO | Episode 1057 - Reward: -200.000, Length: 200, Loss: 16.7396, Entropy: 1.0878, Epsilon: 0.010
2026-04-19 12:04:14 | INFO | Episode 1058 - Reward: -200.000, Length: 200, Loss: 17.2343, Entropy: 1.0754, Epsilon: 0.010
2026-04-19 12:04:14 | INFO | Episode 1059 - Reward: -200.000, Length: 200, Loss: 10.7789, Entropy: 1.0865, Epsilon: 0.010
2026-04-19 12:04:15 | INFO | Episode 1060 - Reward: -200.000, Length: 200, Loss: 7.1979, Entropy: 1.0872, Epsilon: 0.010
2026-04-19 12:04:15 | INFO | Episode 1061 - Reward: -200.000, Length: 200, Loss: 24.1659, Entropy: 1.0925, Epsilon: 0.010
2026-04-19 12:04:16 | INFO | Episode 1062 - Reward: -200.000, Length: 200, Loss: 7.2310, Entropy: 1.0957, Epsilon: 0.010
2026-04-19 12:04:16 | INFO | Episode 1063 - Reward: -200.000, Length: 200, Loss: 9.2735, Entropy: 1.0935, Epsilon: 0.010
2026-04-19 12:04:16 | INFO | Episode 1064 - Reward: -200.000, Length: 200, Loss: 13.7849, Entropy: 1.0811, Epsilon: 0.010
2026-04-19 12:04:17 | INFO | Episode 1065 - Reward: -200.000, Length: 200, Loss: 2.2627, Entropy: 1.0955, Epsilon: 0.010
2026-04-19 12:04:17 | INFO | Episode 1066 - Reward: -200.000, Length: 200, Loss: 32.1685, Entropy: 1.0788, Epsilon: 0.010
2026-04-19 12:04:17 | INFO | Episode 1067 - Reward: -200.000, Length: 200, Loss: 10.3824, Entropy: 1.0908, Epsilon: 0.010
2026-04-19 12:04:18 | INFO | Episode 1068 - Reward: -200.000, Length: 200, Loss: 23.8404, Entropy: 1.0753, Epsilon: 0.010
2026-04-19 12:04:18 | INFO | Episode 1069 - Reward: -200.000, Length: 200, Loss: 15.4189, Entropy: 1.0850, Epsilon: 0.010
2026-04-19 12:04:18 | INFO | Episode 1070 - Reward: -200.000, Length: 200, Loss: 8.2743, Entropy: 1.0846, Epsilon: 0.010
2026-04-19 12:04:19 | INFO | Episode 1071 - Reward: -200.000, Length: 200, Loss: 12.9407, Entropy: 1.0887, Epsilon: 0.010
2026-04-19 12:04:19 | INFO | Episode 1072 - Reward: -200.000, Length: 200, Loss: 9.7632, Entropy: 1.0833, Epsilon: 0.010
2026-04-19 12:04:19 | INFO | Episode 1073 - Reward: -200.000, Length: 200, Loss: 12.9514, Entropy: 1.0950, Epsilon: 0.010
2026-04-19 12:04:20 | INFO | Episode 1074 - Reward: -200.000, Length: 200, Loss: 2.8214, Entropy: 1.0947, Epsilon: 0.010
2026-04-19 12:04:20 | INFO | Episode 1075 - Reward: -200.000, Length: 200, Loss: 9.7105, Entropy: 1.0912, Epsilon: 0.010
2026-04-19 12:04:20 | INFO | Episode 1076 - Reward: -200.000, Length: 200, Loss: 20.3160, Entropy: 1.0545, Epsilon: 0.010
2026-04-19 12:04:21 | INFO | Episode 1077 - Reward: -200.000, Length: 200, Loss: 7.1313, Entropy: 1.0727, Epsilon: 0.010
2026-04-19 12:04:21 | INFO | Episode 1078 - Reward: -200.000, Length: 200, Loss: 21.0322, Entropy: 1.0593, Epsilon: 0.010
2026-04-19 12:04:21 | INFO | Episode 1079 - Reward: -200.000, Length: 200, Loss: 12.2437, Entropy: 1.0854, Epsilon: 0.010
2026-04-19 12:04:22 | INFO | Episode 1080 - Reward: -200.000, Length: 200, Loss: 11.7747, Entropy: 1.0915, Epsilon: 0.010
2026-04-19 12:04:22 | INFO | Episode 1081 - Reward: -200.000, Length: 200, Loss: 10.6819, Entropy: 1.0822, Epsilon: 0.010
2026-04-19 12:04:23 | INFO | Episode 1082 - Reward: -200.000, Length: 200, Loss: 11.3158, Entropy: 1.0929, Epsilon: 0.010
2026-04-19 12:04:23 | INFO | Episode 1083 - Reward: -200.000, Length: 200, Loss: 25.5730, Entropy: 1.0342, Epsilon: 0.010
2026-04-19 12:04:23 | INFO | Episode 1084 - Reward: -200.000, Length: 200, Loss: 11.9430, Entropy: 1.0877, Epsilon: 0.010
2026-04-19 12:04:24 | INFO | Episode 1085 - Reward: -200.000, Length: 200, Loss: 21.1300, Entropy: 1.0792, Epsilon: 0.010
2026-04-19 12:04:24 | INFO | Episode 1086 - Reward: -200.000, Length: 200, Loss: 12.3532, Entropy: 1.0907, Epsilon: 0.010
2026-04-19 12:04:24 | INFO | Episode 1087 - Reward: -200.000, Length: 200, Loss: 16.5900, Entropy: 1.0908, Epsilon: 0.010
2026-04-19 12:04:25 | INFO | Episode 1088 - Reward: -200.000, Length: 200, Loss: 14.1137, Entropy: 1.0934, Epsilon: 0.010
2026-04-19 12:04:25 | INFO | Episode 1089 - Reward: -200.000, Length: 200, Loss: 11.6637, Entropy: 1.0957, Epsilon: 0.010
2026-04-19 12:04:25 | INFO | Episode 1090 - Reward: -200.000, Length: 200, Loss: 9.3453, Entropy: 1.0883, Epsilon: 0.010
2026-04-19 12:04:25 | INFO | Episode 1091 - Reward: -200.000, Length: 200, Loss: 8.1268, Entropy: 1.0787, Epsilon: 0.010
2026-04-19 12:04:26 | INFO | Episode 1092 - Reward: -200.000, Length: 200, Loss: 9.8457, Entropy: 1.0684, Epsilon: 0.010
2026-04-19 12:04:26 | INFO | Episode 1093 - Reward: -200.000, Length: 200, Loss: 13.6721, Entropy: 1.0809, Epsilon: 0.010
2026-04-19 12:04:26 | INFO | Episode 1094 - Reward: -200.000, Length: 200, Loss: 14.8137, Entropy: 1.0922, Epsilon: 0.010
2026-04-19 12:04:27 | INFO | Episode 1095 - Reward: -200.000, Length: 200, Loss: 15.3859, Entropy: 1.0802, Epsilon: 0.010
2026-04-19 12:04:27 | INFO | Episode 1096 - Reward: -200.000, Length: 200, Loss: 20.5051, Entropy: 1.0797, Epsilon: 0.010
2026-04-19 12:04:27 | INFO | Episode 1097 - Reward: -200.000, Length: 200, Loss: 11.0601, Entropy: 1.0840, Epsilon: 0.010
2026-04-19 12:04:28 | INFO | Episode 1098 - Reward: -200.000, Length: 200, Loss: 19.9112, Entropy: 1.0695, Epsilon: 0.010
2026-04-19 12:04:28 | INFO | Episode 1099 - Reward: -200.000, Length: 200, Loss: 13.3079, Entropy: 1.0743, Epsilon: 0.010
2026-04-19 12:04:28 | INFO | Episode 1100 - Reward: -200.000, Length: 200, Loss: 9.9627, Entropy: 1.0943, Epsilon: 0.010
2026-04-19 12:04:33 | INFO | [Episode 1100] eps=0.010  avg_reward=-200.000  avg_length=200.00  avg_loss= 13.2490  avg_entropy=1.0943  eval_success=0.000
2026-04-19 12:04:33 | INFO | Episode 1101 - Reward: -200.000, Length: 200, Loss: 22.3292, Entropy: 1.0923, Epsilon: 0.010
2026-04-19 12:04:34 | INFO | Episode 1102 - Reward: -200.000, Length: 200, Loss: 31.0016, Entropy: 1.0640, Epsilon: 0.010
2026-04-19 12:04:34 | INFO | Episode 1103 - Reward: -200.000, Length: 200, Loss: 14.4217, Entropy: 1.0925, Epsilon: 0.010
2026-04-19 12:04:34 | INFO | Episode 1104 - Reward: -200.000, Length: 200, Loss: 4.5801, Entropy: 1.0933, Epsilon: 0.010
2026-04-19 12:04:35 | INFO | Episode 1105 - Reward: -200.000, Length: 200, Loss: 7.1776, Entropy: 1.0954, Epsilon: 0.010
2026-04-19 12:04:35 | INFO | Episode 1106 - Reward: -200.000, Length: 200, Loss: 12.2148, Entropy: 1.0784, Epsilon: 0.010
2026-04-19 12:04:35 | INFO | Episode 1107 - Reward: -200.000, Length: 200, Loss: 2.8074, Entropy: 1.0972, Epsilon: 0.010
2026-04-19 12:04:36 | INFO | Episode 1108 - Reward: -200.000, Length: 200, Loss: 7.4981, Entropy: 1.0946, Epsilon: 0.010
2026-04-19 12:04:36 | INFO | Episode 1109 - Reward: -200.000, Length: 200, Loss: 5.0850, Entropy: 1.0948, Epsilon: 0.010
2026-04-19 12:04:36 | INFO | Episode 1110 - Reward: -200.000, Length: 200, Loss: 14.2270, Entropy: 1.0819, Epsilon: 0.010
2026-04-19 12:04:36 | INFO | Episode 1111 - Reward: -200.000, Length: 200, Loss: 15.4829, Entropy: 1.0814, Epsilon: 0.010
2026-04-19 12:04:37 | INFO | Episode 1112 - Reward: -200.000, Length: 200, Loss: 10.4532, Entropy: 1.0889, Epsilon: 0.010
2026-04-19 12:04:37 | INFO | Episode 1113 - Reward: -200.000, Length: 200, Loss: 4.8369, Entropy: 1.0950, Epsilon: 0.010
2026-04-19 12:04:37 | INFO | Episode 1114 - Reward: -200.000, Length: 200, Loss: 23.9128, Entropy: 1.0775, Epsilon: 0.010
2026-04-19 12:04:38 | INFO | Episode 1115 - Reward: -200.000, Length: 200, Loss: 5.4304, Entropy: 1.0959, Epsilon: 0.010
2026-04-19 12:04:38 | INFO | Episode 1116 - Reward: -200.000, Length: 200, Loss: 16.4956, Entropy: 1.0923, Epsilon: 0.010
2026-04-19 12:04:38 | INFO | Episode 1117 - Reward: -200.000, Length: 200, Loss: 21.5593, Entropy: 1.0792, Epsilon: 0.010
2026-04-19 12:04:39 | INFO | Episode 1118 - Reward: -200.000, Length: 200, Loss: 13.3195, Entropy: 1.0584, Epsilon: 0.010
2026-04-19 12:04:39 | INFO | Episode 1119 - Reward: -200.000, Length: 200, Loss: 8.4463, Entropy: 1.0895, Epsilon: 0.010
2026-04-19 12:04:39 | INFO | Episode 1120 - Reward: -200.000, Length: 200, Loss: 10.1430, Entropy: 1.0956, Epsilon: 0.010
2026-04-19 12:04:39 | INFO | Episode 1121 - Reward: -200.000, Length: 200, Loss: 13.3141, Entropy: 1.0914, Epsilon: 0.010
2026-04-19 12:04:40 | INFO | Episode 1122 - Reward: -200.000, Length: 200, Loss: 12.8284, Entropy: 1.0894, Epsilon: 0.010
2026-04-19 12:04:40 | INFO | Episode 1123 - Reward: -200.000, Length: 200, Loss: 20.9123, Entropy: 1.0814, Epsilon: 0.010
2026-04-19 12:04:40 | INFO | Episode 1124 - Reward: -200.000, Length: 200, Loss: 14.5768, Entropy: 1.0846, Epsilon: 0.010
2026-04-19 12:04:41 | INFO | Episode 1125 - Reward: -200.000, Length: 200, Loss: 16.7246, Entropy: 1.0918, Epsilon: 0.010
2026-04-19 12:04:41 | INFO | Episode 1126 - Reward: -200.000, Length: 200, Loss: 9.7187, Entropy: 1.0915, Epsilon: 0.010
2026-04-19 12:04:41 | INFO | Episode 1127 - Reward: -200.000, Length: 200, Loss: 14.4062, Entropy: 1.0851, Epsilon: 0.010
2026-04-19 12:04:42 | INFO | Episode 1128 - Reward: -200.000, Length: 200, Loss: 21.2847, Entropy: 1.0586, Epsilon: 0.010
2026-04-19 12:04:42 | INFO | Episode 1129 - Reward: -200.000, Length: 200, Loss: 5.2714, Entropy: 1.0894, Epsilon: 0.010
2026-04-19 12:04:42 | INFO | Episode 1130 - Reward: -200.000, Length: 200, Loss: 22.0031, Entropy: 1.0695, Epsilon: 0.010
2026-04-19 12:04:42 | INFO | Episode 1131 - Reward: -200.000, Length: 200, Loss: 5.4733, Entropy: 1.0932, Epsilon: 0.010
2026-04-19 12:04:43 | INFO | Episode 1132 - Reward: -200.000, Length: 200, Loss: 16.3788, Entropy: 1.0824, Epsilon: 0.010
2026-04-19 12:04:43 | INFO | Episode 1133 - Reward: -200.000, Length: 200, Loss: 7.8998, Entropy: 1.0923, Epsilon: 0.010
2026-04-19 12:04:43 | INFO | Episode 1134 - Reward: -200.000, Length: 200, Loss: 13.8341, Entropy: 1.0874, Epsilon: 0.010
2026-04-19 12:04:44 | INFO | Episode 1135 - Reward: -200.000, Length: 200, Loss: 19.4037, Entropy: 1.0516, Epsilon: 0.010
2026-04-19 12:04:44 | INFO | Episode 1136 - Reward: -200.000, Length: 200, Loss: 24.3707, Entropy: 1.0733, Epsilon: 0.010
2026-04-19 12:04:44 | INFO | Episode 1137 - Reward: -200.000, Length: 200, Loss: 10.3122, Entropy: 1.0931, Epsilon: 0.010
2026-04-19 12:04:45 | INFO | Episode 1138 - Reward: -200.000, Length: 200, Loss: 18.3753, Entropy: 1.0927, Epsilon: 0.010
2026-04-19 12:04:45 | INFO | Episode 1139 - Reward: -200.000, Length: 200, Loss: 7.5140, Entropy: 1.0937, Epsilon: 0.010
2026-04-19 12:04:45 | INFO | Episode 1140 - Reward: -200.000, Length: 200, Loss: 2.7009, Entropy: 1.0955, Epsilon: 0.010
2026-04-19 12:04:46 | INFO | Episode 1141 - Reward: -200.000, Length: 200, Loss: 15.1079, Entropy: 1.0880, Epsilon: 0.010
2026-04-19 12:04:46 | INFO | Episode 1142 - Reward: -200.000, Length: 200, Loss: 22.0106, Entropy: 1.0908, Epsilon: 0.010
2026-04-19 12:04:46 | INFO | Episode 1143 - Reward: -200.000, Length: 200, Loss: 22.0283, Entropy: 1.0844, Epsilon: 0.010
2026-04-19 12:04:46 | INFO | Episode 1144 - Reward: -200.000, Length: 200, Loss: 9.1590, Entropy: 1.0945, Epsilon: 0.010
2026-04-19 12:04:47 | INFO | Episode 1145 - Reward: -200.000, Length: 200, Loss: 20.8925, Entropy: 1.0613, Epsilon: 0.010
2026-04-19 12:04:47 | INFO | Episode 1146 - Reward: -200.000, Length: 200, Loss: 11.1072, Entropy: 1.0850, Epsilon: 0.010
2026-04-19 12:04:47 | INFO | Episode 1147 - Reward: -200.000, Length: 200, Loss: 19.2149, Entropy: 1.0769, Epsilon: 0.010
2026-04-19 12:04:48 | INFO | Episode 1148 - Reward: -200.000, Length: 200, Loss: 16.3415, Entropy: 1.0771, Epsilon: 0.010
2026-04-19 12:04:48 | INFO | Episode 1149 - Reward: -200.000, Length: 200, Loss: 12.5125, Entropy: 1.0882, Epsilon: 0.010
2026-04-19 12:04:48 | INFO | Episode 1150 - Reward: -200.000, Length: 200, Loss: 2.4158, Entropy: 1.0961, Epsilon: 0.010
2026-04-19 12:04:49 | INFO | Episode 1151 - Reward: -200.000, Length: 200, Loss: 8.5075, Entropy: 1.0907, Epsilon: 0.010
2026-04-19 12:04:49 | INFO | Episode 1152 - Reward: -200.000, Length: 200, Loss: 9.2589, Entropy: 1.0768, Epsilon: 0.010
2026-04-19 12:04:49 | INFO | Episode 1153 - Reward: -200.000, Length: 200, Loss: 8.0364, Entropy: 1.0910, Epsilon: 0.010
2026-04-19 12:04:50 | INFO | Episode 1154 - Reward: -200.000, Length: 200, Loss: 10.1655, Entropy: 1.0908, Epsilon: 0.010
2026-04-19 12:04:50 | INFO | Episode 1155 - Reward: -200.000, Length: 200, Loss: 27.4098, Entropy: 1.0813, Epsilon: 0.010
2026-04-19 12:04:50 | INFO | Episode 1156 - Reward: -200.000, Length: 200, Loss: 24.8144, Entropy: 1.0774, Epsilon: 0.010
2026-04-19 12:04:50 | INFO | Episode 1157 - Reward: -200.000, Length: 200, Loss: 18.6888, Entropy: 1.0865, Epsilon: 0.010
2026-04-19 12:04:51 | INFO | Episode 1158 - Reward: -200.000, Length: 200, Loss: 18.4544, Entropy: 1.0566, Epsilon: 0.010
2026-04-19 12:04:51 | INFO | Episode 1159 - Reward: -200.000, Length: 200, Loss: 8.1938, Entropy: 1.0928, Epsilon: 0.010
2026-04-19 12:04:51 | INFO | Episode 1160 - Reward: -200.000, Length: 200, Loss: 4.9909, Entropy: 1.0937, Epsilon: 0.010
2026-04-19 12:04:52 | INFO | Episode 1161 - Reward: -200.000, Length: 200, Loss: 19.7337, Entropy: 1.0835, Epsilon: 0.010
2026-04-19 12:04:52 | INFO | Episode 1162 - Reward: -200.000, Length: 200, Loss: 10.9360, Entropy: 1.0866, Epsilon: 0.010
2026-04-19 12:04:52 | INFO | Episode 1163 - Reward: -200.000, Length: 200, Loss: 5.4870, Entropy: 1.0946, Epsilon: 0.010
2026-04-19 12:04:53 | INFO | Episode 1164 - Reward: -200.000, Length: 200, Loss: 5.8441, Entropy: 1.0938, Epsilon: 0.010
2026-04-19 12:04:53 | INFO | Episode 1165 - Reward: -200.000, Length: 200, Loss: 2.1776, Entropy: 1.0975, Epsilon: 0.010
2026-04-19 12:04:53 | INFO | Episode 1166 - Reward: -200.000, Length: 200, Loss: 14.2354, Entropy: 1.0845, Epsilon: 0.010
2026-04-19 12:04:54 | INFO | Episode 1167 - Reward: -200.000, Length: 200, Loss: 7.8294, Entropy: 1.0948, Epsilon: 0.010
2026-04-19 12:04:54 | INFO | Episode 1168 - Reward: -200.000, Length: 200, Loss: 21.6530, Entropy: 1.0739, Epsilon: 0.010
2026-04-19 12:04:55 | INFO | Episode 1169 - Reward: -200.000, Length: 200, Loss: 7.3869, Entropy: 1.0835, Epsilon: 0.010
2026-04-19 12:04:55 | INFO | Episode 1170 - Reward: -200.000, Length: 200, Loss: 5.9514, Entropy: 1.0900, Epsilon: 0.010
2026-04-19 12:04:55 | INFO | Episode 1171 - Reward: -200.000, Length: 200, Loss: 10.5858, Entropy: 1.0902, Epsilon: 0.010
2026-04-19 12:04:56 | INFO | Episode 1172 - Reward: -200.000, Length: 200, Loss: 16.0423, Entropy: 1.0970, Epsilon: 0.010
2026-04-19 12:04:56 | INFO | Episode 1173 - Reward: -200.000, Length: 200, Loss: 5.3298, Entropy: 1.0930, Epsilon: 0.010
2026-04-19 12:04:56 | INFO | Episode 1174 - Reward: -200.000, Length: 200, Loss: 13.0045, Entropy: 1.0816, Epsilon: 0.010
2026-04-19 12:04:57 | INFO | Episode 1175 - Reward: -200.000, Length: 200, Loss: 5.7375, Entropy: 1.0920, Epsilon: 0.010
2026-04-19 12:04:57 | INFO | Episode 1176 - Reward: -200.000, Length: 200, Loss: 10.8223, Entropy: 1.0896, Epsilon: 0.010
2026-04-19 12:04:57 | INFO | Episode 1177 - Reward: -200.000, Length: 200, Loss: 19.0998, Entropy: 1.0881, Epsilon: 0.010
2026-04-19 12:04:57 | INFO | Episode 1178 - Reward: -200.000, Length: 200, Loss: 7.6135, Entropy: 1.0895, Epsilon: 0.010
2026-04-19 12:04:58 | INFO | Episode 1179 - Reward: -200.000, Length: 200, Loss: 2.5766, Entropy: 1.0938, Epsilon: 0.010
2026-04-19 12:04:58 | INFO | Episode 1180 - Reward: -200.000, Length: 200, Loss: 15.8598, Entropy: 1.0883, Epsilon: 0.010
2026-04-19 12:04:58 | INFO | Episode 1181 - Reward: -200.000, Length: 200, Loss: 10.9325, Entropy: 1.0908, Epsilon: 0.010
2026-04-19 12:04:59 | INFO | Episode 1182 - Reward: -200.000, Length: 200, Loss: 12.3684, Entropy: 1.0877, Epsilon: 0.010
2026-04-19 12:04:59 | INFO | Episode 1183 - Reward: -200.000, Length: 200, Loss: 14.1212, Entropy: 1.0836, Epsilon: 0.010
2026-04-19 12:04:59 | INFO | Episode 1184 - Reward: -200.000, Length: 200, Loss: 21.9181, Entropy: 1.0759, Epsilon: 0.010
2026-04-19 12:05:00 | INFO | Episode 1185 - Reward: -200.000, Length: 200, Loss: 7.8930, Entropy: 1.0918, Epsilon: 0.010
2026-04-19 12:05:00 | INFO | Episode 1186 - Reward: -200.000, Length: 200, Loss: 15.7114, Entropy: 1.0873, Epsilon: 0.010
2026-04-19 12:05:00 | INFO | Episode 1187 - Reward: -200.000, Length: 200, Loss: 2.5814, Entropy: 1.0926, Epsilon: 0.010
2026-04-19 12:05:01 | INFO | Episode 1188 - Reward: -200.000, Length: 200, Loss: 24.0389, Entropy: 1.0859, Epsilon: 0.010
2026-04-19 12:05:01 | INFO | Episode 1189 - Reward: -200.000, Length: 200, Loss: 15.4395, Entropy: 1.0763, Epsilon: 0.010
2026-04-19 12:05:01 | INFO | Episode 1190 - Reward: -200.000, Length: 200, Loss: 20.5090, Entropy: 1.0500, Epsilon: 0.010
2026-04-19 12:05:02 | INFO | Episode 1191 - Reward: -200.000, Length: 200, Loss: 15.6715, Entropy: 1.0898, Epsilon: 0.010
2026-04-19 12:05:02 | INFO | Episode 1192 - Reward: -200.000, Length: 200, Loss: 8.5054, Entropy: 1.0940, Epsilon: 0.010
2026-04-19 12:05:02 | INFO | Episode 1193 - Reward: -200.000, Length: 200, Loss: 12.8879, Entropy: 1.0859, Epsilon: 0.010
2026-04-19 12:05:02 | INFO | Episode 1194 - Reward: -200.000, Length: 200, Loss: 32.9711, Entropy: 1.0619, Epsilon: 0.010
2026-04-19 12:05:03 | INFO | Episode 1195 - Reward: -200.000, Length: 200, Loss: 32.9514, Entropy: 1.0309, Epsilon: 0.010
2026-04-19 12:05:03 | INFO | Episode 1196 - Reward: -200.000, Length: 200, Loss: 5.1928, Entropy: 1.0834, Epsilon: 0.010
2026-04-19 12:05:03 | INFO | Episode 1197 - Reward: -200.000, Length: 200, Loss: 10.2920, Entropy: 1.0942, Epsilon: 0.010
2026-04-19 12:05:04 | INFO | Episode 1198 - Reward: -200.000, Length: 200, Loss: 12.6407, Entropy: 1.0792, Epsilon: 0.010
2026-04-19 12:05:04 | INFO | Episode 1199 - Reward: -200.000, Length: 200, Loss: 22.5699, Entropy: 1.0822, Epsilon: 0.010
2026-04-19 12:05:04 | INFO | Episode 1200 - Reward: -200.000, Length: 200, Loss: 16.5309, Entropy: 1.0900, Epsilon: 0.010
2026-04-19 12:05:09 | INFO | [Episode 1200] eps=0.010  avg_reward=-200.000  avg_length=200.00  avg_loss= 13.4167  avg_entropy=1.0900  eval_success=0.000
2026-04-19 12:05:09 | INFO | Episode 1201 - Reward: -200.000, Length: 200, Loss: 8.1496, Entropy: 1.0874, Epsilon: 0.010
2026-04-19 12:05:10 | INFO | Episode 1202 - Reward: -200.000, Length: 200, Loss: 2.5338, Entropy: 1.0959, Epsilon: 0.010
2026-04-19 12:05:10 | INFO | Episode 1203 - Reward: -200.000, Length: 200, Loss: 16.8562, Entropy: 1.0906, Epsilon: 0.010
2026-04-19 12:05:10 | INFO | Episode 1204 - Reward: -200.000, Length: 200, Loss: 7.3993, Entropy: 1.0885, Epsilon: 0.010
2026-04-19 12:05:11 | INFO | Episode 1205 - Reward: -200.000, Length: 200, Loss: 10.0812, Entropy: 1.0794, Epsilon: 0.010
2026-04-19 12:05:11 | INFO | Episode 1206 - Reward: -200.000, Length: 200, Loss: 13.5697, Entropy: 1.0811, Epsilon: 0.010
2026-04-19 12:05:11 | INFO | Episode 1207 - Reward: -200.000, Length: 200, Loss: 13.6311, Entropy: 1.0825, Epsilon: 0.010
2026-04-19 12:05:12 | INFO | Episode 1208 - Reward: -200.000, Length: 200, Loss: 18.0737, Entropy: 1.0871, Epsilon: 0.010
2026-04-19 12:05:12 | INFO | Episode 1209 - Reward: -200.000, Length: 200, Loss: 7.4611, Entropy: 1.0931, Epsilon: 0.010
2026-04-19 12:05:12 | INFO | Episode 1210 - Reward: -200.000, Length: 200, Loss: 12.7744, Entropy: 1.0907, Epsilon: 0.010
2026-04-19 12:05:12 | INFO | Episode 1211 - Reward: -200.000, Length: 200, Loss: 5.1437, Entropy: 1.0927, Epsilon: 0.010
2026-04-19 12:05:13 | INFO | Episode 1212 - Reward: -200.000, Length: 200, Loss: 16.4562, Entropy: 1.0796, Epsilon: 0.010
2026-04-19 12:05:13 | INFO | Episode 1213 - Reward: -200.000, Length: 200, Loss: 8.0255, Entropy: 1.0918, Epsilon: 0.010
2026-04-19 12:05:13 | INFO | Episode 1214 - Reward: -200.000, Length: 200, Loss: 25.5391, Entropy: 1.0777, Epsilon: 0.010
2026-04-19 12:05:14 | INFO | Episode 1215 - Reward: -200.000, Length: 200, Loss: 13.9140, Entropy: 1.0800, Epsilon: 0.010
2026-04-19 12:05:14 | INFO | Episode 1216 - Reward: -200.000, Length: 200, Loss: 4.8585, Entropy: 1.0898, Epsilon: 0.010
2026-04-19 12:05:14 | INFO | Episode 1217 - Reward: -200.000, Length: 200, Loss: 10.2499, Entropy: 1.0887, Epsilon: 0.010
2026-04-19 12:05:15 | INFO | Episode 1218 - Reward: -200.000, Length: 200, Loss: 9.7832, Entropy: 1.0948, Epsilon: 0.010
2026-04-19 12:05:15 | INFO | Episode 1219 - Reward: -200.000, Length: 200, Loss: 16.3520, Entropy: 1.0833, Epsilon: 0.010
2026-04-19 12:05:15 | INFO | Episode 1220 - Reward: -200.000, Length: 200, Loss: 14.0956, Entropy: 1.0780, Epsilon: 0.010
2026-04-19 12:05:15 | INFO | Episode 1221 - Reward: -200.000, Length: 200, Loss: 29.3822, Entropy: 1.0697, Epsilon: 0.010
2026-04-19 12:05:16 | INFO | Episode 1222 - Reward: -200.000, Length: 200, Loss: 16.6694, Entropy: 1.0794, Epsilon: 0.010
2026-04-19 12:05:16 | INFO | Episode 1223 - Reward: -200.000, Length: 200, Loss: 9.9876, Entropy: 1.0887, Epsilon: 0.010
2026-04-19 12:05:16 | INFO | Episode 1224 - Reward: -200.000, Length: 200, Loss: 13.6860, Entropy: 1.0860, Epsilon: 0.010
2026-04-19 12:05:17 | INFO | Episode 1225 - Reward: -200.000, Length: 200, Loss: 13.1982, Entropy: 1.0883, Epsilon: 0.010
2026-04-19 12:05:17 | INFO | Episode 1226 - Reward: -200.000, Length: 200, Loss: 22.6822, Entropy: 1.0672, Epsilon: 0.010
2026-04-19 12:05:17 | INFO | Episode 1227 - Reward: -200.000, Length: 200, Loss: 7.6778, Entropy: 1.0946, Epsilon: 0.010
2026-04-19 12:05:18 | INFO | Episode 1228 - Reward: -200.000, Length: 200, Loss: 2.0402, Entropy: 1.0961, Epsilon: 0.010
2026-04-19 12:05:18 | INFO | Episode 1229 - Reward: -200.000, Length: 200, Loss: 7.8175, Entropy: 1.0927, Epsilon: 0.010
2026-04-19 12:05:18 | INFO | Episode 1230 - Reward: -200.000, Length: 200, Loss: 10.3643, Entropy: 1.0941, Epsilon: 0.010
2026-04-19 12:05:19 | INFO | Episode 1231 - Reward: -200.000, Length: 200, Loss: 10.4345, Entropy: 1.0877, Epsilon: 0.010
2026-04-19 12:05:19 | INFO | Episode 1232 - Reward: -200.000, Length: 200, Loss: 17.1694, Entropy: 1.0754, Epsilon: 0.010
2026-04-19 12:05:19 | INFO | Episode 1233 - Reward: -200.000, Length: 200, Loss: 13.0467, Entropy: 1.0852, Epsilon: 0.010
2026-04-19 12:05:19 | INFO | Episode 1234 - Reward: -200.000, Length: 200, Loss: 13.9396, Entropy: 1.0897, Epsilon: 0.010
2026-04-19 12:05:20 | INFO | Episode 1235 - Reward: -200.000, Length: 200, Loss: 15.4220, Entropy: 1.0891, Epsilon: 0.010
2026-04-19 12:05:20 | INFO | Episode 1236 - Reward: -200.000, Length: 200, Loss: 14.4687, Entropy: 1.0791, Epsilon: 0.010
2026-04-19 12:05:20 | INFO | Episode 1237 - Reward: -200.000, Length: 200, Loss: 7.4632, Entropy: 1.0862, Epsilon: 0.010
2026-04-19 12:05:21 | INFO | Episode 1238 - Reward: -200.000, Length: 200, Loss: 16.0715, Entropy: 1.0890, Epsilon: 0.010
2026-04-19 12:05:21 | INFO | Episode 1239 - Reward: -200.000, Length: 200, Loss: 8.8985, Entropy: 1.0871, Epsilon: 0.010
2026-04-19 12:05:21 | INFO | Episode 1240 - Reward: -200.000, Length: 200, Loss: 14.4049, Entropy: 1.0858, Epsilon: 0.010
2026-04-19 12:05:22 | INFO | Episode 1241 - Reward: -200.000, Length: 200, Loss: 14.6742, Entropy: 1.0774, Epsilon: 0.010
2026-04-19 12:05:22 | INFO | Episode 1242 - Reward: -200.000, Length: 200, Loss: 18.9829, Entropy: 1.0847, Epsilon: 0.010
2026-04-19 12:05:22 | INFO | Episode 1243 - Reward: -200.000, Length: 200, Loss: 12.1616, Entropy: 1.0821, Epsilon: 0.010
2026-04-19 12:05:22 | INFO | Episode 1244 - Reward: -200.000, Length: 200, Loss: 5.6680, Entropy: 1.0901, Epsilon: 0.010
2026-04-19 12:05:23 | INFO | Episode 1245 - Reward: -200.000, Length: 200, Loss: 15.9665, Entropy: 1.0907, Epsilon: 0.010
2026-04-19 12:05:23 | INFO | Episode 1246 - Reward: -200.000, Length: 200, Loss: 13.6321, Entropy: 1.0924, Epsilon: 0.010
2026-04-19 12:05:23 | INFO | Episode 1247 - Reward: -200.000, Length: 200, Loss: 12.1636, Entropy: 1.0694, Epsilon: 0.010
2026-04-19 12:05:24 | INFO | Episode 1248 - Reward: -200.000, Length: 200, Loss: 11.0551, Entropy: 1.0884, Epsilon: 0.010
2026-04-19 12:05:24 | INFO | Episode 1249 - Reward: -200.000, Length: 200, Loss: 16.1773, Entropy: 1.0696, Epsilon: 0.010
2026-04-19 12:05:24 | INFO | Episode 1250 - Reward: -200.000, Length: 200, Loss: 19.6105, Entropy: 1.0822, Epsilon: 0.010
2026-04-19 12:05:25 | INFO | Episode 1251 - Reward: -200.000, Length: 200, Loss: 20.8608, Entropy: 1.0783, Epsilon: 0.010
2026-04-19 12:05:25 | INFO | Episode 1252 - Reward: -200.000, Length: 200, Loss: 26.2017, Entropy: 1.0700, Epsilon: 0.010
2026-04-19 12:05:25 | INFO | Episode 1253 - Reward: -200.000, Length: 200, Loss: 15.8978, Entropy: 1.0768, Epsilon: 0.010
2026-04-19 12:05:26 | INFO | Episode 1254 - Reward: -200.000, Length: 200, Loss: 17.8064, Entropy: 1.0742, Epsilon: 0.010
2026-04-19 12:05:26 | INFO | Episode 1255 - Reward: -200.000, Length: 200, Loss: 10.9926, Entropy: 1.0915, Epsilon: 0.010
2026-04-19 12:05:26 | INFO | Episode 1256 - Reward: -200.000, Length: 200, Loss: 8.2934, Entropy: 1.0965, Epsilon: 0.010
2026-04-19 12:05:27 | INFO | Episode 1257 - Reward: -200.000, Length: 200, Loss: 28.6090, Entropy: 1.0874, Epsilon: 0.010
2026-04-19 12:05:28 | INFO | Episode 1258 - Reward: -200.000, Length: 200, Loss: 22.3418, Entropy: 1.0795, Epsilon: 0.010
2026-04-19 12:05:28 | INFO | Episode 1259 - Reward: -200.000, Length: 200, Loss: 5.2012, Entropy: 1.0863, Epsilon: 0.010
2026-04-19 12:05:28 | INFO | Episode 1260 - Reward: -200.000, Length: 200, Loss: 8.2620, Entropy: 1.0882, Epsilon: 0.010
2026-04-19 12:05:29 | INFO | Episode 1261 - Reward: -200.000, Length: 200, Loss: 5.9822, Entropy: 1.0893, Epsilon: 0.010
2026-04-19 12:05:29 | INFO | Episode 1262 - Reward: -200.000, Length: 200, Loss: 14.3641, Entropy: 1.0782, Epsilon: 0.010
2026-04-19 12:05:29 | INFO | Episode 1263 - Reward: -200.000, Length: 200, Loss: 11.4040, Entropy: 1.0848, Epsilon: 0.010
2026-04-19 12:05:29 | INFO | Episode 1264 - Reward: -200.000, Length: 200, Loss: 23.0614, Entropy: 1.0887, Epsilon: 0.010
2026-04-19 12:05:31 | INFO | Episode 1265 - Reward: -200.000, Length: 200, Loss: 16.5672, Entropy: 1.0720, Epsilon: 0.010
2026-04-19 12:05:31 | INFO | Episode 1266 - Reward: -200.000, Length: 200, Loss: 16.2459, Entropy: 1.0832, Epsilon: 0.010
2026-04-19 12:05:31 | INFO | Episode 1267 - Reward: -200.000, Length: 200, Loss: 24.7022, Entropy: 1.0608, Epsilon: 0.010
2026-04-19 12:05:32 | INFO | Episode 1268 - Reward: -200.000, Length: 200, Loss: 14.5382, Entropy: 1.0835, Epsilon: 0.010
2026-04-19 12:05:32 | INFO | Episode 1269 - Reward: -200.000, Length: 200, Loss: 14.3571, Entropy: 1.0846, Epsilon: 0.010
2026-04-19 12:05:32 | INFO | Episode 1270 - Reward: -200.000, Length: 200, Loss: 17.6473, Entropy: 1.0777, Epsilon: 0.010
2026-04-19 12:05:32 | INFO | Episode 1271 - Reward: -200.000, Length: 200, Loss: 4.9654, Entropy: 1.0923, Epsilon: 0.010
2026-04-19 12:05:33 | INFO | Episode 1272 - Reward: -200.000, Length: 200, Loss: 16.7751, Entropy: 1.0723, Epsilon: 0.010
2026-04-19 12:05:33 | INFO | Episode 1273 - Reward: -200.000, Length: 200, Loss: 14.3853, Entropy: 1.0799, Epsilon: 0.010
2026-04-19 12:05:33 | INFO | Episode 1274 - Reward: -200.000, Length: 200, Loss: 16.0081, Entropy: 1.0895, Epsilon: 0.010
2026-04-19 12:05:34 | INFO | Episode 1275 - Reward: -200.000, Length: 200, Loss: 15.0307, Entropy: 1.0651, Epsilon: 0.010
2026-04-19 12:05:34 | INFO | Episode 1276 - Reward: -200.000, Length: 200, Loss: 18.3956, Entropy: 1.0706, Epsilon: 0.010
2026-04-19 12:05:34 | INFO | Episode 1277 - Reward: -200.000, Length: 200, Loss: 18.1106, Entropy: 1.0833, Epsilon: 0.010
2026-04-19 12:05:35 | INFO | Episode 1278 - Reward: -200.000, Length: 200, Loss: 16.5722, Entropy: 1.0789, Epsilon: 0.010
2026-04-19 12:05:35 | INFO | Episode 1279 - Reward: -200.000, Length: 200, Loss: 12.8710, Entropy: 1.0745, Epsilon: 0.010
2026-04-19 12:05:35 | INFO | Episode 1280 - Reward: -200.000, Length: 200, Loss: 13.6294, Entropy: 1.0913, Epsilon: 0.010
2026-04-19 12:05:36 | INFO | Episode 1281 - Reward: -200.000, Length: 200, Loss: 10.5106, Entropy: 1.0827, Epsilon: 0.010
2026-04-19 12:05:36 | INFO | Episode 1282 - Reward: -200.000, Length: 200, Loss: 5.3105, Entropy: 1.0917, Epsilon: 0.010
2026-04-19 12:05:36 | INFO | Episode 1283 - Reward: -200.000, Length: 200, Loss: 2.0676, Entropy: 1.0961, Epsilon: 0.010
2026-04-19 12:05:37 | INFO | Episode 1284 - Reward: -200.000, Length: 200, Loss: -0.1835, Entropy: 1.0984, Epsilon: 0.010
2026-04-19 12:05:37 | INFO | Episode 1285 - Reward: -200.000, Length: 200, Loss: 19.4692, Entropy: 1.0842, Epsilon: 0.010
2026-04-19 12:05:37 | INFO | Episode 1286 - Reward: -200.000, Length: 200, Loss: 11.2938, Entropy: 1.0889, Epsilon: 0.010
2026-04-19 12:05:37 | INFO | Episode 1287 - Reward: -200.000, Length: 200, Loss: 7.7529, Entropy: 1.0906, Epsilon: 0.010
2026-04-19 12:05:38 | INFO | Episode 1288 - Reward: -200.000, Length: 200, Loss: 2.2001, Entropy: 1.0965, Epsilon: 0.010
2026-04-19 12:05:38 | INFO | Episode 1289 - Reward: -200.000, Length: 200, Loss: 13.6638, Entropy: 1.0904, Epsilon: 0.010
2026-04-19 12:05:38 | INFO | Episode 1290 - Reward: -200.000, Length: 200, Loss: 22.5864, Entropy: 1.0899, Epsilon: 0.010
2026-04-19 12:05:39 | INFO | Episode 1291 - Reward: -200.000, Length: 200, Loss: 13.8955, Entropy: 1.0833, Epsilon: 0.010
2026-04-19 12:05:39 | INFO | Episode 1292 - Reward: -200.000, Length: 200, Loss: 5.5912, Entropy: 1.0913, Epsilon: 0.010
2026-04-19 12:05:39 | INFO | Episode 1293 - Reward: -200.000, Length: 200, Loss: 10.6302, Entropy: 1.0927, Epsilon: 0.010
2026-04-19 12:05:40 | INFO | Episode 1294 - Reward: -200.000, Length: 200, Loss: 11.5901, Entropy: 1.0935, Epsilon: 0.010
2026-04-19 12:05:40 | INFO | Episode 1295 - Reward: -200.000, Length: 200, Loss: 7.5169, Entropy: 1.0906, Epsilon: 0.010
2026-04-19 12:05:40 | INFO | Episode 1296 - Reward: -200.000, Length: 200, Loss: 20.7830, Entropy: 1.0717, Epsilon: 0.010
2026-04-19 12:05:41 | INFO | Episode 1297 - Reward: -200.000, Length: 200, Loss: 16.3496, Entropy: 1.0860, Epsilon: 0.010
2026-04-19 12:05:41 | INFO | Episode 1298 - Reward: -200.000, Length: 200, Loss: 18.7473, Entropy: 1.0811, Epsilon: 0.010
2026-04-19 12:05:41 | INFO | Episode 1299 - Reward: -200.000, Length: 200, Loss: 8.3910, Entropy: 1.0880, Epsilon: 0.010
2026-04-19 12:05:41 | INFO | Episode 1300 - Reward: -200.000, Length: 200, Loss: 17.3717, Entropy: 1.0902, Epsilon: 0.010
2026-04-19 12:05:46 | INFO | [Episode 1300] eps=0.010  avg_reward=-200.000  avg_length=200.00  avg_loss= 13.3548  avg_entropy=1.0902  eval_success=0.000
2026-04-19 12:05:47 | INFO | Episode 1301 - Reward: -200.000, Length: 200, Loss: 16.9101, Entropy: 1.0674, Epsilon: 0.010
2026-04-19 12:05:47 | INFO | Episode 1302 - Reward: -200.000, Length: 200, Loss: 9.7437, Entropy: 1.0745, Epsilon: 0.010
2026-04-19 12:05:47 | INFO | Episode 1303 - Reward: -200.000, Length: 200, Loss: 12.2111, Entropy: 1.0727, Epsilon: 0.010
2026-04-19 12:05:48 | INFO | Episode 1304 - Reward: -200.000, Length: 200, Loss: 7.6648, Entropy: 1.0934, Epsilon: 0.010
2026-04-19 12:05:48 | INFO | Episode 1305 - Reward: -200.000, Length: 200, Loss: 16.0184, Entropy: 1.0701, Epsilon: 0.010
2026-04-19 12:05:48 | INFO | Episode 1306 - Reward: -200.000, Length: 200, Loss: -0.1755, Entropy: 1.0896, Epsilon: 0.010
2026-04-19 12:05:48 | INFO | Episode 1307 - Reward: -200.000, Length: 200, Loss: 15.2347, Entropy: 1.0851, Epsilon: 0.010
2026-04-19 12:05:49 | INFO | Episode 1308 - Reward: -200.000, Length: 200, Loss: 15.8019, Entropy: 1.0877, Epsilon: 0.010
2026-04-19 12:05:49 | INFO | Episode 1309 - Reward: -200.000, Length: 200, Loss: 10.7050, Entropy: 1.0944, Epsilon: 0.010
2026-04-19 12:05:49 | INFO | Episode 1310 - Reward: -200.000, Length: 200, Loss: 8.5091, Entropy: 1.0907, Epsilon: 0.010
2026-04-19 12:05:50 | INFO | Episode 1311 - Reward: -200.000, Length: 200, Loss: 4.8069, Entropy: 1.0937, Epsilon: 0.010
2026-04-19 12:05:50 | INFO | Episode 1312 - Reward: -200.000, Length: 200, Loss: 15.9735, Entropy: 1.0928, Epsilon: 0.010
2026-04-19 12:05:50 | INFO | Episode 1313 - Reward: -200.000, Length: 200, Loss: 9.9686, Entropy: 1.0878, Epsilon: 0.010
2026-04-19 12:05:51 | INFO | Episode 1314 - Reward: -200.000, Length: 200, Loss: 8.3790, Entropy: 1.0920, Epsilon: 0.010
2026-04-19 12:05:51 | INFO | Episode 1315 - Reward: -200.000, Length: 200, Loss: 10.7955, Entropy: 1.0848, Epsilon: 0.010
2026-04-19 12:05:51 | INFO | Episode 1316 - Reward: -200.000, Length: 200, Loss: 16.9066, Entropy: 1.0912, Epsilon: 0.010
2026-04-19 12:05:52 | INFO | Episode 1317 - Reward: -200.000, Length: 200, Loss: 15.9131, Entropy: 1.0848, Epsilon: 0.010
2026-04-19 12:05:52 | INFO | Episode 1318 - Reward: -200.000, Length: 200, Loss: 22.8896, Entropy: 1.0668, Epsilon: 0.010
2026-04-19 12:05:52 | INFO | Episode 1319 - Reward: -200.000, Length: 200, Loss: 8.1315, Entropy: 1.0894, Epsilon: 0.010
2026-04-19 12:05:53 | INFO | Episode 1320 - Reward: -200.000, Length: 200, Loss: 11.0077, Entropy: 1.0791, Epsilon: 0.010
2026-04-19 12:05:53 | INFO | Episode 1321 - Reward: -200.000, Length: 200, Loss: 15.7553, Entropy: 1.0866, Epsilon: 0.010
2026-04-19 12:05:53 | INFO | Episode 1322 - Reward: -200.000, Length: 200, Loss: 8.2329, Entropy: 1.0896, Epsilon: 0.010
2026-04-19 12:05:53 | INFO | Episode 1323 - Reward: -200.000, Length: 200, Loss: 15.2275, Entropy: 1.0787, Epsilon: 0.010
2026-04-19 12:05:54 | INFO | Episode 1324 - Reward: -200.000, Length: 200, Loss: 20.6512, Entropy: 1.0010, Epsilon: 0.010
2026-04-19 12:05:54 | INFO | Episode 1325 - Reward: -200.000, Length: 200, Loss: 10.5841, Entropy: 1.0794, Epsilon: 0.010
2026-04-19 12:05:54 | INFO | Episode 1326 - Reward: -200.000, Length: 200, Loss: 4.8993, Entropy: 1.0943, Epsilon: 0.010
2026-04-19 12:05:55 | INFO | Episode 1327 - Reward: -200.000, Length: 200, Loss: 20.9426, Entropy: 1.0877, Epsilon: 0.010
2026-04-19 12:05:55 | INFO | Episode 1328 - Reward: -200.000, Length: 200, Loss: 7.5133, Entropy: 1.0855, Epsilon: 0.010
2026-04-19 12:05:55 | INFO | Episode 1329 - Reward: -200.000, Length: 200, Loss: 7.4657, Entropy: 1.0910, Epsilon: 0.010
2026-04-19 12:05:56 | INFO | Episode 1330 - Reward: -200.000, Length: 200, Loss: 24.5819, Entropy: 1.0817, Epsilon: 0.010
2026-04-19 12:05:56 | INFO | Episode 1331 - Reward: -200.000, Length: 200, Loss: 12.8777, Entropy: 1.0910, Epsilon: 0.010
2026-04-19 12:05:56 | INFO | Episode 1332 - Reward: -200.000, Length: 200, Loss: 5.5775, Entropy: 1.0911, Epsilon: 0.010
2026-04-19 12:05:56 | INFO | Episode 1333 - Reward: -200.000, Length: 200, Loss: 13.6651, Entropy: 1.0908, Epsilon: 0.010
2026-04-19 12:05:57 | INFO | Episode 1334 - Reward: -200.000, Length: 200, Loss: 13.8690, Entropy: 1.0912, Epsilon: 0.010
2026-04-19 12:05:57 | INFO | Episode 1335 - Reward: -200.000, Length: 200, Loss: 19.3937, Entropy: 1.0756, Epsilon: 0.010
2026-04-19 12:05:57 | INFO | Episode 1336 - Reward: -200.000, Length: 200, Loss: 21.5444, Entropy: 1.0895, Epsilon: 0.010
2026-04-19 12:05:58 | INFO | Episode 1337 - Reward: -200.000, Length: 200, Loss: 19.7116, Entropy: 1.0752, Epsilon: 0.010
2026-04-19 12:05:58 | INFO | Episode 1338 - Reward: -200.000, Length: 200, Loss: 14.2320, Entropy: 1.0579, Epsilon: 0.010
2026-04-19 12:05:58 | INFO | Episode 1339 - Reward: -200.000, Length: 200, Loss: 16.9804, Entropy: 1.0379, Epsilon: 0.010
2026-04-19 12:05:59 | INFO | Episode 1340 - Reward: -200.000, Length: 200, Loss: 23.4942, Entropy: 1.0701, Epsilon: 0.010
2026-04-19 12:05:59 | INFO | Episode 1341 - Reward: -200.000, Length: 200, Loss: 10.5852, Entropy: 1.0855, Epsilon: 0.010
2026-04-19 12:05:59 | INFO | Episode 1342 - Reward: -200.000, Length: 200, Loss: 13.7724, Entropy: 1.0894, Epsilon: 0.010
2026-04-19 12:06:00 | INFO | Episode 1343 - Reward: -200.000, Length: 200, Loss: 10.8106, Entropy: 1.0824, Epsilon: 0.010
2026-04-19 12:06:00 | INFO | Episode 1344 - Reward: -200.000, Length: 200, Loss: 18.5271, Entropy: 1.0873, Epsilon: 0.010
2026-04-19 12:06:01 | INFO | Episode 1345 - Reward: -200.000, Length: 200, Loss: 16.2453, Entropy: 1.0861, Epsilon: 0.010
2026-04-19 12:06:01 | INFO | Episode 1346 - Reward: -200.000, Length: 200, Loss: 17.9986, Entropy: 1.0793, Epsilon: 0.010
2026-04-19 12:06:01 | INFO | Episode 1347 - Reward: -200.000, Length: 200, Loss: 15.1429, Entropy: 1.0919, Epsilon: 0.010
2026-04-19 12:06:02 | INFO | Episode 1348 - Reward: -200.000, Length: 200, Loss: 29.0194, Entropy: 1.0720, Epsilon: 0.010
2026-04-19 12:06:02 | INFO | Episode 1349 - Reward: -200.000, Length: 200, Loss: 26.5649, Entropy: 1.0745, Epsilon: 0.010
2026-04-19 12:06:02 | INFO | Episode 1350 - Reward: -200.000, Length: 200, Loss: 2.4197, Entropy: 1.0953, Epsilon: 0.010
2026-04-19 12:06:03 | INFO | Episode 1351 - Reward: -200.000, Length: 200, Loss: 13.5367, Entropy: 1.0938, Epsilon: 0.010
2026-04-19 12:06:03 | INFO | Episode 1352 - Reward: -200.000, Length: 200, Loss: 11.0100, Entropy: 1.0922, Epsilon: 0.010
2026-04-19 12:06:03 | INFO | Episode 1353 - Reward: -200.000, Length: 200, Loss: 7.9463, Entropy: 1.0831, Epsilon: 0.010
2026-04-19 12:06:04 | INFO | Episode 1354 - Reward: -200.000, Length: 200, Loss: 5.4493, Entropy: 1.0959, Epsilon: 0.010
2026-04-19 12:06:04 | INFO | Episode 1355 - Reward: -200.000, Length: 200, Loss: 16.8849, Entropy: 1.0801, Epsilon: 0.010
2026-04-19 12:06:04 | INFO | Episode 1356 - Reward: -200.000, Length: 200, Loss: 7.9505, Entropy: 1.0897, Epsilon: 0.010
2026-04-19 12:06:05 | INFO | Episode 1357 - Reward: -200.000, Length: 200, Loss: 12.8823, Entropy: 1.0879, Epsilon: 0.010
2026-04-19 12:06:05 | INFO | Episode 1358 - Reward: -200.000, Length: 200, Loss: 13.8655, Entropy: 1.0823, Epsilon: 0.010
2026-04-19 12:06:05 | INFO | Episode 1359 - Reward: -200.000, Length: 200, Loss: 19.9058, Entropy: 1.0628, Epsilon: 0.010
2026-04-19 12:06:06 | INFO | Episode 1360 - Reward: -200.000, Length: 200, Loss: 10.8921, Entropy: 1.0862, Epsilon: 0.010
2026-04-19 12:06:06 | INFO | Episode 1361 - Reward: -200.000, Length: 200, Loss: 18.1320, Entropy: 1.0851, Epsilon: 0.010
2026-04-19 12:06:06 | INFO | Episode 1362 - Reward: -200.000, Length: 200, Loss: 5.0969, Entropy: 1.0949, Epsilon: 0.010
2026-04-19 12:06:07 | INFO | Episode 1363 - Reward: -200.000, Length: 200, Loss: 10.6342, Entropy: 1.0938, Epsilon: 0.010
2026-04-19 12:06:07 | INFO | Episode 1364 - Reward: -200.000, Length: 200, Loss: 14.2196, Entropy: 1.0859, Epsilon: 0.010
2026-04-19 12:06:07 | INFO | Episode 1365 - Reward: -200.000, Length: 200, Loss: 11.1926, Entropy: 1.0760, Epsilon: 0.010
2026-04-19 12:06:07 | INFO | Episode 1366 - Reward: -200.000, Length: 200, Loss: 13.3017, Entropy: 1.0749, Epsilon: 0.010
2026-04-19 12:06:08 | INFO | Episode 1367 - Reward: -200.000, Length: 200, Loss: 15.9049, Entropy: 1.0626, Epsilon: 0.010
2026-04-19 12:06:08 | INFO | Episode 1368 - Reward: -200.000, Length: 200, Loss: 16.0692, Entropy: 1.0928, Epsilon: 0.010
2026-04-19 12:06:08 | INFO | Episode 1369 - Reward: -200.000, Length: 200, Loss: 18.4022, Entropy: 1.0889, Epsilon: 0.010
2026-04-19 12:06:09 | INFO | Episode 1370 - Reward: -200.000, Length: 200, Loss: 22.3945, Entropy: 1.0738, Epsilon: 0.010
2026-04-19 12:06:09 | INFO | Episode 1371 - Reward: -200.000, Length: 200, Loss: 22.5408, Entropy: 1.0715, Epsilon: 0.010
2026-04-19 12:06:09 | INFO | Episode 1372 - Reward: -200.000, Length: 200, Loss: 4.3228, Entropy: 1.0890, Epsilon: 0.010
2026-04-19 12:06:10 | INFO | Episode 1373 - Reward: -200.000, Length: 200, Loss: 14.4134, Entropy: 1.0865, Epsilon: 0.010
2026-04-19 12:06:10 | INFO | Episode 1374 - Reward: -200.000, Length: 200, Loss: 4.6346, Entropy: 1.0893, Epsilon: 0.010
2026-04-19 12:06:10 | INFO | Episode 1375 - Reward: -200.000, Length: 200, Loss: 9.4502, Entropy: 1.0912, Epsilon: 0.010
2026-04-19 12:06:11 | INFO | Episode 1376 - Reward: -200.000, Length: 200, Loss: 11.8813, Entropy: 1.0819, Epsilon: 0.010
2026-04-19 12:06:11 | INFO | Episode 1377 - Reward: -200.000, Length: 200, Loss: 12.3137, Entropy: 1.0924, Epsilon: 0.010
2026-04-19 12:06:11 | INFO | Episode 1378 - Reward: -200.000, Length: 200, Loss: 14.7208, Entropy: 1.0813, Epsilon: 0.010
2026-04-19 12:06:11 | INFO | Episode 1379 - Reward: -200.000, Length: 200, Loss: 11.6257, Entropy: 1.0887, Epsilon: 0.010
2026-04-19 12:06:12 | INFO | Episode 1380 - Reward: -200.000, Length: 200, Loss: 7.7169, Entropy: 1.0918, Epsilon: 0.010
2026-04-19 12:06:12 | INFO | Episode 1381 - Reward: -200.000, Length: 200, Loss: 14.1176, Entropy: 1.0871, Epsilon: 0.010
2026-04-19 12:06:12 | INFO | Episode 1382 - Reward: -200.000, Length: 200, Loss: 22.1441, Entropy: 1.0858, Epsilon: 0.010
2026-04-19 12:06:13 | INFO | Episode 1383 - Reward: -200.000, Length: 200, Loss: 16.9783, Entropy: 1.0867, Epsilon: 0.010
2026-04-19 12:06:13 | INFO | Episode 1384 - Reward: -200.000, Length: 200, Loss: 9.5531, Entropy: 1.0922, Epsilon: 0.010
2026-04-19 12:06:13 | INFO | Episode 1385 - Reward: -200.000, Length: 200, Loss: 9.1580, Entropy: 1.0946, Epsilon: 0.010
2026-04-19 12:06:14 | INFO | Episode 1386 - Reward: -200.000, Length: 200, Loss: 11.2544, Entropy: 1.0821, Epsilon: 0.010
2026-04-19 12:06:14 | INFO | Episode 1387 - Reward: -200.000, Length: 200, Loss: 24.2470, Entropy: 1.0881, Epsilon: 0.010
2026-04-19 12:06:14 | INFO | Episode 1388 - Reward: -200.000, Length: 200, Loss: 12.0759, Entropy: 1.0923, Epsilon: 0.010
2026-04-19 12:06:15 | INFO | Episode 1389 - Reward: -200.000, Length: 200, Loss: 9.8233, Entropy: 1.0952, Epsilon: 0.010
2026-04-19 12:06:15 | INFO | Episode 1390 - Reward: -200.000, Length: 200, Loss: 23.9875, Entropy: 1.0898, Epsilon: 0.010
2026-04-19 12:06:15 | INFO | Episode 1391 - Reward: -200.000, Length: 200, Loss: 12.1791, Entropy: 1.0938, Epsilon: 0.010
2026-04-19 12:06:15 | INFO | Episode 1392 - Reward: -200.000, Length: 200, Loss: 18.5630, Entropy: 1.0777, Epsilon: 0.010
2026-04-19 12:06:16 | INFO | Episode 1393 - Reward: -200.000, Length: 200, Loss: 9.8953, Entropy: 1.0897, Epsilon: 0.010
2026-04-19 12:06:16 | INFO | Episode 1394 - Reward: -200.000, Length: 200, Loss: 14.0848, Entropy: 1.0884, Epsilon: 0.010
2026-04-19 12:06:16 | INFO | Episode 1395 - Reward: -200.000, Length: 200, Loss: 16.8210, Entropy: 1.0797, Epsilon: 0.010
2026-04-19 12:06:17 | INFO | Episode 1396 - Reward: -200.000, Length: 200, Loss: 26.3050, Entropy: 1.0794, Epsilon: 0.010
2026-04-19 12:06:17 | INFO | Episode 1397 - Reward: -200.000, Length: 200, Loss: 17.6269, Entropy: 1.0895, Epsilon: 0.010
2026-04-19 12:06:17 | INFO | Episode 1398 - Reward: -200.000, Length: 200, Loss: 4.9841, Entropy: 1.0940, Epsilon: 0.010
2026-04-19 12:06:18 | INFO | Episode 1399 - Reward: -200.000, Length: 200, Loss: 21.5394, Entropy: 1.0817, Epsilon: 0.010
2026-04-19 12:06:18 | INFO | Episode 1400 - Reward: -200.000, Length: 200, Loss: 4.1335, Entropy: 1.0904, Epsilon: 0.010
2026-04-19 12:06:23 | INFO | [Episode 1400] eps=0.010  avg_reward=-200.000  avg_length=200.00  avg_loss= 13.7444  avg_entropy=1.0904  eval_success=0.000
2026-04-19 12:06:23 | INFO | Episode 1401 - Reward: -200.000, Length: 200, Loss: 12.7996, Entropy: 1.0927, Epsilon: 0.010
2026-04-19 12:06:23 | INFO | Episode 1402 - Reward: -200.000, Length: 200, Loss: 13.2277, Entropy: 1.0792, Epsilon: 0.010
2026-04-19 12:06:24 | INFO | Episode 1403 - Reward: -200.000, Length: 200, Loss: 7.0802, Entropy: 1.0940, Epsilon: 0.010
2026-04-19 12:06:24 | INFO | Episode 1404 - Reward: -200.000, Length: 200, Loss: 15.6307, Entropy: 1.0912, Epsilon: 0.010
2026-04-19 12:06:24 | INFO | Episode 1405 - Reward: -200.000, Length: 200, Loss: 17.1402, Entropy: 1.0838, Epsilon: 0.010
2026-04-19 12:06:24 | INFO | Episode 1406 - Reward: -200.000, Length: 200, Loss: 13.5663, Entropy: 1.0883, Epsilon: 0.010
2026-04-19 12:06:25 | INFO | Episode 1407 - Reward: -200.000, Length: 200, Loss: 11.7272, Entropy: 1.0811, Epsilon: 0.010
2026-04-19 12:06:25 | INFO | Episode 1408 - Reward: -200.000, Length: 200, Loss: 17.1043, Entropy: 1.0867, Epsilon: 0.010
2026-04-19 12:06:25 | INFO | Episode 1409 - Reward: -200.000, Length: 200, Loss: 20.2942, Entropy: 1.0833, Epsilon: 0.010
2026-04-19 12:06:26 | INFO | Episode 1410 - Reward: -200.000, Length: 200, Loss: 16.4503, Entropy: 1.0701, Epsilon: 0.010
2026-04-19 12:06:26 | INFO | Episode 1411 - Reward: -200.000, Length: 200, Loss: 13.5165, Entropy: 1.0850, Epsilon: 0.010
2026-04-19 12:06:26 | INFO | Episode 1412 - Reward: -200.000, Length: 200, Loss: 7.8151, Entropy: 1.0802, Epsilon: 0.010
2026-04-19 12:06:27 | INFO | Episode 1413 - Reward: -200.000, Length: 200, Loss: 13.7260, Entropy: 1.0844, Epsilon: 0.010
2026-04-19 12:06:27 | INFO | Episode 1414 - Reward: -200.000, Length: 200, Loss: 14.5905, Entropy: 1.0875, Epsilon: 0.010
2026-04-19 12:06:27 | INFO | Episode 1415 - Reward: -200.000, Length: 200, Loss: 26.0224, Entropy: 1.0748, Epsilon: 0.010
2026-04-19 12:06:28 | INFO | Episode 1416 - Reward: -200.000, Length: 200, Loss: 18.7831, Entropy: 1.0729, Epsilon: 0.010
2026-04-19 12:06:28 | INFO | Episode 1417 - Reward: -200.000, Length: 200, Loss: 21.7279, Entropy: 1.0791, Epsilon: 0.010
2026-04-19 12:06:28 | INFO | Episode 1418 - Reward: -200.000, Length: 200, Loss: 10.8261, Entropy: 1.0548, Epsilon: 0.010
2026-04-19 12:06:29 | INFO | Episode 1419 - Reward: -200.000, Length: 200, Loss: 10.7452, Entropy: 1.0789, Epsilon: 0.010
2026-04-19 12:06:29 | INFO | Episode 1420 - Reward: -200.000, Length: 200, Loss: 17.6595, Entropy: 1.0860, Epsilon: 0.010
2026-04-19 12:06:29 | INFO | Episode 1421 - Reward: -200.000, Length: 200, Loss: 16.3979, Entropy: 1.0858, Epsilon: 0.010
2026-04-19 12:06:29 | INFO | Episode 1422 - Reward: -200.000, Length: 200, Loss: 17.2943, Entropy: 1.0628, Epsilon: 0.010
2026-04-19 12:06:30 | INFO | Episode 1423 - Reward: -200.000, Length: 200, Loss: 11.0469, Entropy: 1.0898, Epsilon: 0.010
2026-04-19 12:06:30 | INFO | Episode 1424 - Reward: -200.000, Length: 200, Loss: 12.9883, Entropy: 1.0894, Epsilon: 0.010
2026-04-19 12:06:30 | INFO | Episode 1425 - Reward: -200.000, Length: 200, Loss: 12.8857, Entropy: 1.0862, Epsilon: 0.010
2026-04-19 12:06:31 | INFO | Episode 1426 - Reward: -200.000, Length: 200, Loss: 16.0949, Entropy: 1.0873, Epsilon: 0.010
2026-04-19 12:06:31 | INFO | Episode 1427 - Reward: -200.000, Length: 200, Loss: 8.1156, Entropy: 1.0913, Epsilon: 0.010
2026-04-19 12:06:31 | INFO | Episode 1428 - Reward: -200.000, Length: 200, Loss: 8.0548, Entropy: 1.0963, Epsilon: 0.010
2026-04-19 12:06:32 | INFO | Episode 1429 - Reward: -200.000, Length: 200, Loss: 8.5295, Entropy: 1.0889, Epsilon: 0.010
2026-04-19 12:06:32 | INFO | Episode 1430 - Reward: -200.000, Length: 200, Loss: 26.9594, Entropy: 1.0708, Epsilon: 0.010
2026-04-19 12:06:32 | INFO | Episode 1431 - Reward: -200.000, Length: 200, Loss: 11.5469, Entropy: 1.0755, Epsilon: 0.010
2026-04-19 12:06:33 | INFO | Episode 1432 - Reward: -200.000, Length: 200, Loss: 7.7398, Entropy: 1.0925, Epsilon: 0.010
2026-04-19 12:06:33 | INFO | Episode 1433 - Reward: -200.000, Length: 200, Loss: 12.9706, Entropy: 1.0831, Epsilon: 0.010
2026-04-19 12:06:34 | INFO | Episode 1434 - Reward: -200.000, Length: 200, Loss: 12.1711, Entropy: 1.0764, Epsilon: 0.010
2026-04-19 12:06:34 | INFO | Episode 1435 - Reward: -200.000, Length: 200, Loss: 13.4305, Entropy: 1.0889, Epsilon: 0.010
2026-04-19 12:06:34 | INFO | Episode 1436 - Reward: -200.000, Length: 200, Loss: 20.8736, Entropy: 1.0642, Epsilon: 0.010
2026-04-19 12:06:35 | INFO | Episode 1437 - Reward: -200.000, Length: 200, Loss: 24.5321, Entropy: 1.0653, Epsilon: 0.010
2026-04-19 12:06:35 | INFO | Episode 1438 - Reward: -200.000, Length: 200, Loss: 23.9437, Entropy: 1.0763, Epsilon: 0.010
2026-04-19 12:06:35 | INFO | Episode 1439 - Reward: -200.000, Length: 200, Loss: 10.1613, Entropy: 1.0912, Epsilon: 0.010
2026-04-19 12:06:36 | INFO | Episode 1440 - Reward: -200.000, Length: 200, Loss: 7.9039, Entropy: 1.0932, Epsilon: 0.010
2026-04-19 12:06:36 | INFO | Episode 1441 - Reward: -200.000, Length: 200, Loss: 11.4545, Entropy: 1.0776, Epsilon: 0.010
2026-04-19 12:06:36 | INFO | Episode 1442 - Reward: -200.000, Length: 200, Loss: 6.9237, Entropy: 1.0893, Epsilon: 0.010
2026-04-19 12:06:37 | INFO | Episode 1443 - Reward: -200.000, Length: 200, Loss: 7.6143, Entropy: 1.0935, Epsilon: 0.010
2026-04-19 12:06:37 | INFO | Episode 1444 - Reward: -200.000, Length: 200, Loss: 7.4139, Entropy: 1.0944, Epsilon: 0.010
2026-04-19 12:06:37 | INFO | Episode 1445 - Reward: -200.000, Length: 200, Loss: 6.8906, Entropy: 1.0956, Epsilon: 0.010
2026-04-19 12:06:37 | INFO | Episode 1446 - Reward: -200.000, Length: 200, Loss: 13.1527, Entropy: 1.0790, Epsilon: 0.010
2026-04-19 12:06:38 | INFO | Episode 1447 - Reward: -200.000, Length: 200, Loss: 4.9177, Entropy: 1.0967, Epsilon: 0.010
2026-04-19 12:06:38 | INFO | Episode 1448 - Reward: -200.000, Length: 200, Loss: 15.5794, Entropy: 1.0860, Epsilon: 0.010
2026-04-19 12:06:38 | INFO | Episode 1449 - Reward: -200.000, Length: 200, Loss: 6.6773, Entropy: 1.0933, Epsilon: 0.010
2026-04-19 12:06:39 | INFO | Episode 1450 - Reward: -200.000, Length: 200, Loss: 10.4514, Entropy: 1.0904, Epsilon: 0.010
2026-04-19 12:06:39 | INFO | Episode 1451 - Reward: -200.000, Length: 200, Loss: 9.7566, Entropy: 1.0872, Epsilon: 0.010
2026-04-19 12:06:39 | INFO | Episode 1452 - Reward: -200.000, Length: 200, Loss: 15.3879, Entropy: 1.0844, Epsilon: 0.010
2026-04-19 12:06:40 | INFO | Episode 1453 - Reward: -200.000, Length: 200, Loss: 4.6975, Entropy: 1.0966, Epsilon: 0.010
2026-04-19 12:06:40 | INFO | Episode 1454 - Reward: -200.000, Length: 200, Loss: 20.3873, Entropy: 1.0936, Epsilon: 0.010
2026-04-19 12:06:40 | INFO | Episode 1455 - Reward: -200.000, Length: 200, Loss: 7.7275, Entropy: 1.0929, Epsilon: 0.010
2026-04-19 12:06:41 | INFO | Episode 1456 - Reward: -200.000, Length: 200, Loss: 7.0884, Entropy: 1.0905, Epsilon: 0.010
2026-04-19 12:06:41 | INFO | Episode 1457 - Reward: -200.000, Length: 200, Loss: 18.2767, Entropy: 1.0875, Epsilon: 0.010
2026-04-19 12:06:41 | INFO | Episode 1458 - Reward: -200.000, Length: 200, Loss: 10.5316, Entropy: 1.0705, Epsilon: 0.010
2026-04-19 12:06:41 | INFO | Episode 1459 - Reward: -200.000, Length: 200, Loss: 15.9708, Entropy: 1.0871, Epsilon: 0.010
2026-04-19 12:06:42 | INFO | Episode 1460 - Reward: -200.000, Length: 200, Loss: 5.7970, Entropy: 1.0841, Epsilon: 0.010
2026-04-19 12:06:42 | INFO | Episode 1461 - Reward: -200.000, Length: 200, Loss: 15.7918, Entropy: 1.0771, Epsilon: 0.010
2026-04-19 12:06:42 | INFO | Episode 1462 - Reward: -200.000, Length: 200, Loss: 7.4987, Entropy: 1.0911, Epsilon: 0.010
2026-04-19 12:06:43 | INFO | Episode 1463 - Reward: -200.000, Length: 200, Loss: 9.8594, Entropy: 1.0887, Epsilon: 0.010
2026-04-19 12:06:43 | INFO | Episode 1464 - Reward: -200.000, Length: 200, Loss: 4.7991, Entropy: 1.0909, Epsilon: 0.010
2026-04-19 12:06:43 | INFO | Episode 1465 - Reward: -200.000, Length: 200, Loss: 13.3269, Entropy: 1.0921, Epsilon: 0.010
2026-04-19 12:06:44 | INFO | Episode 1466 - Reward: -200.000, Length: 200, Loss: 14.2124, Entropy: 1.0644, Epsilon: 0.010
2026-04-19 12:06:44 | INFO | Episode 1467 - Reward: -200.000, Length: 200, Loss: 5.8153, Entropy: 1.0883, Epsilon: 0.010
2026-04-19 12:06:44 | INFO | Episode 1468 - Reward: -200.000, Length: 200, Loss: 13.5019, Entropy: 1.0881, Epsilon: 0.010
2026-04-19 12:06:45 | INFO | Episode 1469 - Reward: -200.000, Length: 200, Loss: 13.4256, Entropy: 1.0854, Epsilon: 0.010
2026-04-19 12:06:45 | INFO | Episode 1470 - Reward: -200.000, Length: 200, Loss: 13.0098, Entropy: 1.0680, Epsilon: 0.010
2026-04-19 12:06:45 | INFO | Episode 1471 - Reward: -200.000, Length: 200, Loss: 18.9537, Entropy: 1.0809, Epsilon: 0.010
2026-04-19 12:06:46 | INFO | Episode 1472 - Reward: -200.000, Length: 200, Loss: 8.5846, Entropy: 1.0729, Epsilon: 0.010
2026-04-19 12:06:46 | INFO | Episode 1473 - Reward: -200.000, Length: 200, Loss: 12.7978, Entropy: 1.0736, Epsilon: 0.010
2026-04-19 12:06:46 | INFO | Episode 1474 - Reward: -200.000, Length: 200, Loss: 19.0780, Entropy: 1.0852, Epsilon: 0.010
2026-04-19 12:06:46 | INFO | Episode 1475 - Reward: -200.000, Length: 200, Loss: 13.0472, Entropy: 1.0861, Epsilon: 0.010
2026-04-19 12:06:47 | INFO | Episode 1476 - Reward: -200.000, Length: 200, Loss: 28.0679, Entropy: 1.0704, Epsilon: 0.010
2026-04-19 12:06:47 | INFO | Episode 1477 - Reward: -200.000, Length: 200, Loss: 20.6953, Entropy: 1.0738, Epsilon: 0.010
2026-04-19 12:06:47 | INFO | Episode 1478 - Reward: -200.000, Length: 200, Loss: 10.8630, Entropy: 1.0944, Epsilon: 0.010
2026-04-19 12:06:48 | INFO | Episode 1479 - Reward: -200.000, Length: 200, Loss: 10.8068, Entropy: 1.0917, Epsilon: 0.010
2026-04-19 12:06:48 | INFO | Episode 1480 - Reward: -200.000, Length: 200, Loss: 15.6757, Entropy: 1.0892, Epsilon: 0.010
2026-04-19 12:06:48 | INFO | Episode 1481 - Reward: -200.000, Length: 200, Loss: 18.7441, Entropy: 1.0796, Epsilon: 0.010
2026-04-19 12:06:49 | INFO | Episode 1482 - Reward: -200.000, Length: 200, Loss: 13.1892, Entropy: 1.0750, Epsilon: 0.010
2026-04-19 12:06:49 | INFO | Episode 1483 - Reward: -200.000, Length: 200, Loss: 19.1423, Entropy: 1.0692, Epsilon: 0.010
2026-04-19 12:06:49 | INFO | Episode 1484 - Reward: -200.000, Length: 200, Loss: 5.2836, Entropy: 1.0947, Epsilon: 0.010
2026-04-19 12:06:50 | INFO | Episode 1485 - Reward: -200.000, Length: 200, Loss: 11.2987, Entropy: 1.0818, Epsilon: 0.010
2026-04-19 12:06:50 | INFO | Episode 1486 - Reward: -200.000, Length: 200, Loss: 8.4724, Entropy: 1.0778, Epsilon: 0.010
2026-04-19 12:06:50 | INFO | Episode 1487 - Reward: -200.000, Length: 200, Loss: 19.3826, Entropy: 1.0656, Epsilon: 0.010
2026-04-19 12:06:50 | INFO | Episode 1488 - Reward: -200.000, Length: 200, Loss: 24.5118, Entropy: 1.0883, Epsilon: 0.010
2026-04-19 12:06:51 | INFO | Episode 1489 - Reward: -200.000, Length: 200, Loss: 13.6471, Entropy: 1.0791, Epsilon: 0.010
2026-04-19 12:06:51 | INFO | Episode 1490 - Reward: -200.000, Length: 200, Loss: 21.6929, Entropy: 1.0856, Epsilon: 0.010
2026-04-19 12:06:51 | INFO | Episode 1491 - Reward: -200.000, Length: 200, Loss: 7.7292, Entropy: 1.0901, Epsilon: 0.010
2026-04-19 12:06:52 | INFO | Episode 1492 - Reward: -200.000, Length: 200, Loss: 23.5193, Entropy: 1.0764, Epsilon: 0.010
2026-04-19 12:06:52 | INFO | Episode 1493 - Reward: -200.000, Length: 200, Loss: 13.1027, Entropy: 1.0839, Epsilon: 0.010
2026-04-19 12:06:52 | INFO | Episode 1494 - Reward: -200.000, Length: 200, Loss: 16.3882, Entropy: 1.0788, Epsilon: 0.010
2026-04-19 12:06:54 | INFO | Episode 1495 - Reward: -200.000, Length: 200, Loss: 17.8266, Entropy: 1.0764, Epsilon: 0.010
2026-04-19 12:06:54 | INFO | Episode 1496 - Reward: -200.000, Length: 200, Loss: 20.4410, Entropy: 1.0660, Epsilon: 0.010
2026-04-19 12:06:54 | INFO | Episode 1497 - Reward: -200.000, Length: 200, Loss: 24.2987, Entropy: 1.0730, Epsilon: 0.010
2026-04-19 12:06:55 | INFO | Episode 1498 - Reward: -200.000, Length: 200, Loss: 12.6617, Entropy: 1.0927, Epsilon: 0.010
2026-04-19 12:06:55 | INFO | Episode 1499 - Reward: -200.000, Length: 200, Loss: 18.3771, Entropy: 1.0878, Epsilon: 0.010
2026-04-19 12:06:55 | INFO | Episode 1500 - Reward: -200.000, Length: 200, Loss: 13.5758, Entropy: 1.0891, Epsilon: 0.010
2026-04-19 12:07:00 | INFO | [Episode 1500] eps=0.010  avg_reward=-200.000  avg_length=200.00  avg_loss= 13.8387  avg_entropy=1.0891  eval_success=0.000
2026-04-19 12:07:00 | INFO | Episode 1501 - Reward: -200.000, Length: 200, Loss: 12.9798, Entropy: 1.0884, Epsilon: 0.010
2026-04-19 12:07:01 | INFO | Episode 1502 - Reward: -200.000, Length: 200, Loss: 4.7230, Entropy: 1.0964, Epsilon: 0.010
2026-04-19 12:07:01 | INFO | Episode 1503 - Reward: -200.000, Length: 200, Loss: 10.2270, Entropy: 1.0925, Epsilon: 0.010
2026-04-19 12:07:01 | INFO | Episode 1504 - Reward: -200.000, Length: 200, Loss: 21.3632, Entropy: 1.0839, Epsilon: 0.010
2026-04-19 12:07:01 | INFO | Episode 1505 - Reward: -200.000, Length: 200, Loss: 17.6741, Entropy: 1.0753, Epsilon: 0.010
2026-04-19 12:07:02 | INFO | Episode 1506 - Reward: -200.000, Length: 200, Loss: 9.8303, Entropy: 1.0803, Epsilon: 0.010
2026-04-19 12:07:02 | INFO | Episode 1507 - Reward: -200.000, Length: 200, Loss: 9.9029, Entropy: 1.0949, Epsilon: 0.010
2026-04-19 12:07:02 | INFO | Episode 1508 - Reward: -200.000, Length: 200, Loss: 5.2161, Entropy: 1.0948, Epsilon: 0.010
2026-04-19 12:07:03 | INFO | Episode 1509 - Reward: -200.000, Length: 200, Loss: 2.3770, Entropy: 1.0956, Epsilon: 0.010
2026-04-19 12:07:03 | INFO | Episode 1510 - Reward: -200.000, Length: 200, Loss: 12.3203, Entropy: 1.0908, Epsilon: 0.010
2026-04-19 12:07:03 | INFO | Episode 1511 - Reward: -200.000, Length: 200, Loss: 10.6345, Entropy: 1.0799, Epsilon: 0.010
2026-04-19 12:07:04 | INFO | Episode 1512 - Reward: -200.000, Length: 200, Loss: 17.6155, Entropy: 1.0909, Epsilon: 0.010
2026-04-19 12:07:04 | INFO | Episode 1513 - Reward: -200.000, Length: 200, Loss: 14.8202, Entropy: 1.0902, Epsilon: 0.010
2026-04-19 12:07:04 | INFO | Episode 1514 - Reward: -200.000, Length: 200, Loss: 17.7220, Entropy: 1.0823, Epsilon: 0.010
2026-04-19 12:07:05 | INFO | Episode 1515 - Reward: -200.000, Length: 200, Loss: 14.2764, Entropy: 1.0886, Epsilon: 0.010
2026-04-19 12:07:05 | INFO | Episode 1516 - Reward: -200.000, Length: 200, Loss: 10.5410, Entropy: 1.0941, Epsilon: 0.010
2026-04-19 12:07:06 | INFO | Episode 1517 - Reward: -200.000, Length: 200, Loss: 7.0774, Entropy: 1.0926, Epsilon: 0.010
2026-04-19 12:07:06 | INFO | Episode 1518 - Reward: -200.000, Length: 200, Loss: 10.4088, Entropy: 1.0964, Epsilon: 0.010
2026-04-19 12:07:06 | INFO | Episode 1519 - Reward: -200.000, Length: 200, Loss: 15.3640, Entropy: 1.0930, Epsilon: 0.010
2026-04-19 12:07:07 | INFO | Episode 1520 - Reward: -200.000, Length: 200, Loss: 10.7435, Entropy: 1.0879, Epsilon: 0.010
2026-04-19 12:07:07 | INFO | Episode 1521 - Reward: -200.000, Length: 200, Loss: 17.5679, Entropy: 1.0789, Epsilon: 0.010
2026-04-19 12:07:07 | INFO | Episode 1522 - Reward: -200.000, Length: 200, Loss: 14.6824, Entropy: 1.0912, Epsilon: 0.010
2026-04-19 12:07:08 | INFO | Episode 1523 - Reward: -200.000, Length: 200, Loss: 17.7317, Entropy: 1.0857, Epsilon: 0.010
2026-04-19 12:07:08 | INFO | Episode 1524 - Reward: -200.000, Length: 200, Loss: 9.7859, Entropy: 1.0912, Epsilon: 0.010
2026-04-19 12:07:08 | INFO | Episode 1525 - Reward: -200.000, Length: 200, Loss: 19.8325, Entropy: 1.0689, Epsilon: 0.010
2026-04-19 12:07:09 | INFO | Episode 1526 - Reward: -200.000, Length: 200, Loss: 9.3464, Entropy: 1.0830, Epsilon: 0.010
2026-04-19 12:07:09 | INFO | Episode 1527 - Reward: -200.000, Length: 200, Loss: 7.1878, Entropy: 1.0876, Epsilon: 0.010
2026-04-19 12:07:09 | INFO | Episode 1528 - Reward: -200.000, Length: 200, Loss: 7.1953, Entropy: 1.0893, Epsilon: 0.010
2026-04-19 12:07:10 | INFO | Episode 1529 - Reward: -200.000, Length: 200, Loss: 12.3425, Entropy: 1.0951, Epsilon: 0.010
2026-04-19 12:07:10 | INFO | Episode 1530 - Reward: -200.000, Length: 200, Loss: 15.9852, Entropy: 1.0866, Epsilon: 0.010
2026-04-19 12:07:10 | INFO | Episode 1531 - Reward: -200.000, Length: 200, Loss: 10.3513, Entropy: 1.0907, Epsilon: 0.010
2026-04-19 12:07:10 | INFO | Episode 1532 - Reward: -200.000, Length: 200, Loss: 30.7359, Entropy: 1.0624, Epsilon: 0.010
2026-04-19 12:07:11 | INFO | Episode 1533 - Reward: -200.000, Length: 200, Loss: 11.8368, Entropy: 1.0757, Epsilon: 0.010
2026-04-19 12:07:11 | INFO | Episode 1534 - Reward: -200.000, Length: 200, Loss: 7.3113, Entropy: 1.0846, Epsilon: 0.010
2026-04-19 12:07:11 | INFO | Episode 1535 - Reward: -200.000, Length: 200, Loss: 9.8952, Entropy: 1.0915, Epsilon: 0.010
2026-04-19 12:07:12 | INFO | Episode 1536 - Reward: -200.000, Length: 200, Loss: 10.3656, Entropy: 1.0868, Epsilon: 0.010
2026-04-19 12:07:12 | INFO | Episode 1537 - Reward: -200.000, Length: 200, Loss: 23.0968, Entropy: 1.0848, Epsilon: 0.010
2026-04-19 12:07:12 | INFO | Episode 1538 - Reward: -200.000, Length: 200, Loss: 15.3556, Entropy: 1.0812, Epsilon: 0.010
2026-04-19 12:07:13 | INFO | Episode 1539 - Reward: -200.000, Length: 200, Loss: 7.2625, Entropy: 1.0925, Epsilon: 0.010
2026-04-19 12:07:13 | INFO | Episode 1540 - Reward: -200.000, Length: 200, Loss: 17.7787, Entropy: 1.0900, Epsilon: 0.010
2026-04-19 12:07:13 | INFO | Episode 1541 - Reward: -200.000, Length: 200, Loss: 14.6383, Entropy: 1.0881, Epsilon: 0.010
2026-04-19 12:07:14 | INFO | Episode 1542 - Reward: -200.000, Length: 200, Loss: 12.7966, Entropy: 1.0854, Epsilon: 0.010
2026-04-19 12:07:14 | INFO | Episode 1543 - Reward: -200.000, Length: 200, Loss: 7.8444, Entropy: 1.0956, Epsilon: 0.010
2026-04-19 12:07:14 | INFO | Episode 1544 - Reward: -200.000, Length: 200, Loss: 2.2090, Entropy: 1.0967, Epsilon: 0.010
2026-04-19 12:07:14 | INFO | Episode 1545 - Reward: -200.000, Length: 200, Loss: 9.8979, Entropy: 1.0890, Epsilon: 0.010
2026-04-19 12:07:15 | INFO | Episode 1546 - Reward: -200.000, Length: 200, Loss: 23.6025, Entropy: 1.0735, Epsilon: 0.010
2026-04-19 12:07:15 | INFO | Episode 1547 - Reward: -200.000, Length: 200, Loss: 15.7279, Entropy: 1.0837, Epsilon: 0.010
2026-04-19 12:07:15 | INFO | Episode 1548 - Reward: -200.000, Length: 200, Loss: 13.4536, Entropy: 1.0903, Epsilon: 0.010
2026-04-19 12:07:16 | INFO | Episode 1549 - Reward: -200.000, Length: 200, Loss: 11.0950, Entropy: 1.0862, Epsilon: 0.010
2026-04-19 12:07:16 | INFO | Episode 1550 - Reward: -200.000, Length: 200, Loss: 25.8565, Entropy: 1.0656, Epsilon: 0.010
2026-04-19 12:07:16 | INFO | Episode 1551 - Reward: -200.000, Length: 200, Loss: 13.0530, Entropy: 1.0893, Epsilon: 0.010
2026-04-19 12:07:17 | INFO | Episode 1552 - Reward: -200.000, Length: 200, Loss: 20.6192, Entropy: 1.0811, Epsilon: 0.010
2026-04-19 12:07:17 | INFO | Episode 1553 - Reward: -200.000, Length: 200, Loss: 12.5159, Entropy: 1.0905, Epsilon: 0.010
2026-04-19 12:07:17 | INFO | Episode 1554 - Reward: -200.000, Length: 200, Loss: 2.1117, Entropy: 1.0971, Epsilon: 0.010
2026-04-19 12:07:18 | INFO | Episode 1555 - Reward: -200.000, Length: 200, Loss: 23.5635, Entropy: 1.0713, Epsilon: 0.010
2026-04-19 12:07:18 | INFO | Episode 1556 - Reward: -200.000, Length: 200, Loss: 15.3595, Entropy: 1.0663, Epsilon: 0.010
2026-04-19 12:07:18 | INFO | Episode 1557 - Reward: -200.000, Length: 200, Loss: 14.8206, Entropy: 1.0596, Epsilon: 0.010
2026-04-19 12:07:19 | INFO | Episode 1558 - Reward: -200.000, Length: 200, Loss: 13.5385, Entropy: 1.0771, Epsilon: 0.010
2026-04-19 12:07:19 | INFO | Episode 1559 - Reward: -200.000, Length: 200, Loss: 16.1024, Entropy: 1.0697, Epsilon: 0.010
2026-04-19 12:07:19 | INFO | Episode 1560 - Reward: -200.000, Length: 200, Loss: 20.2981, Entropy: 1.0822, Epsilon: 0.010
2026-04-19 12:07:20 | INFO | Episode 1561 - Reward: -200.000, Length: 200, Loss: 4.3937, Entropy: 1.0917, Epsilon: 0.010
2026-04-19 12:07:20 | INFO | Episode 1562 - Reward: -200.000, Length: 200, Loss: 20.1748, Entropy: 1.0911, Epsilon: 0.010
2026-04-19 12:07:20 | INFO | Episode 1563 - Reward: -200.000, Length: 200, Loss: 7.3170, Entropy: 1.0906, Epsilon: 0.010
2026-04-19 12:07:20 | INFO | Episode 1564 - Reward: -200.000, Length: 200, Loss: 10.8746, Entropy: 1.0834, Epsilon: 0.010
2026-04-19 12:07:21 | INFO | Episode 1565 - Reward: -200.000, Length: 200, Loss: 10.4082, Entropy: 1.0858, Epsilon: 0.010
2026-04-19 12:07:21 | INFO | Episode 1566 - Reward: -200.000, Length: 200, Loss: 10.1578, Entropy: 1.0789, Epsilon: 0.010
2026-04-19 12:07:21 | INFO | Episode 1567 - Reward: -200.000, Length: 200, Loss: 12.9769, Entropy: 1.0858, Epsilon: 0.010
2026-04-19 12:07:22 | INFO | Episode 1568 - Reward: -200.000, Length: 200, Loss: 9.5295, Entropy: 1.0870, Epsilon: 0.010
2026-04-19 12:07:22 | INFO | Episode 1569 - Reward: -200.000, Length: 200, Loss: 14.2803, Entropy: 1.0529, Epsilon: 0.010
2026-04-19 12:07:22 | INFO | Episode 1570 - Reward: -200.000, Length: 200, Loss: 22.0663, Entropy: 1.0352, Epsilon: 0.010
2026-04-19 12:07:23 | INFO | Episode 1571 - Reward: -200.000, Length: 200, Loss: 28.9777, Entropy: 1.0802, Epsilon: 0.010
2026-04-19 12:07:23 | INFO | Episode 1572 - Reward: -200.000, Length: 200, Loss: 16.2968, Entropy: 1.0709, Epsilon: 0.010
2026-04-19 12:07:23 | INFO | Episode 1573 - Reward: -200.000, Length: 200, Loss: 10.3525, Entropy: 1.0868, Epsilon: 0.010
2026-04-19 12:07:24 | INFO | Episode 1574 - Reward: -200.000, Length: 200, Loss: 10.1514, Entropy: 1.0859, Epsilon: 0.010
2026-04-19 12:07:24 | INFO | Episode 1575 - Reward: -200.000, Length: 200, Loss: 10.0436, Entropy: 1.0903, Epsilon: 0.010
2026-04-19 12:07:24 | INFO | Episode 1576 - Reward: -200.000, Length: 200, Loss: 7.6738, Entropy: 1.0926, Epsilon: 0.010
2026-04-19 12:07:24 | INFO | Episode 1577 - Reward: -200.000, Length: 200, Loss: 10.5772, Entropy: 1.0860, Epsilon: 0.010
2026-04-19 12:07:25 | INFO | Episode 1578 - Reward: -200.000, Length: 200, Loss: 21.6076, Entropy: 1.0686, Epsilon: 0.010
2026-04-19 12:07:25 | INFO | Episode 1579 - Reward: -200.000, Length: 200, Loss: 5.1556, Entropy: 1.0899, Epsilon: 0.010
2026-04-19 12:07:25 | INFO | Episode 1580 - Reward: -200.000, Length: 200, Loss: 15.0081, Entropy: 1.0778, Epsilon: 0.010
2026-04-19 12:07:26 | INFO | Episode 1581 - Reward: -200.000, Length: 200, Loss: 7.6353, Entropy: 1.0831, Epsilon: 0.010
2026-04-19 12:07:26 | INFO | Episode 1582 - Reward: -200.000, Length: 200, Loss: 18.0326, Entropy: 1.0852, Epsilon: 0.010
2026-04-19 12:07:26 | INFO | Episode 1583 - Reward: -200.000, Length: 200, Loss: 14.4656, Entropy: 1.0668, Epsilon: 0.010
2026-04-19 12:07:27 | INFO | Episode 1584 - Reward: -200.000, Length: 200, Loss: 16.3736, Entropy: 1.0705, Epsilon: 0.010
2026-04-19 12:07:27 | INFO | Episode 1585 - Reward: -200.000, Length: 200, Loss: 9.9137, Entropy: 1.0844, Epsilon: 0.010
2026-04-19 12:07:27 | INFO | Episode 1586 - Reward: -200.000, Length: 200, Loss: 7.9953, Entropy: 1.0917, Epsilon: 0.010
2026-04-19 12:07:27 | INFO | Episode 1587 - Reward: -200.000, Length: 200, Loss: 18.6594, Entropy: 1.0810, Epsilon: 0.010
2026-04-19 12:07:28 | INFO | Episode 1588 - Reward: -200.000, Length: 200, Loss: 12.6744, Entropy: 1.0862, Epsilon: 0.010
2026-04-19 12:07:28 | INFO | Episode 1589 - Reward: -200.000, Length: 200, Loss: 13.0533, Entropy: 1.0894, Epsilon: 0.010
2026-04-19 12:07:28 | INFO | Episode 1590 - Reward: -200.000, Length: 200, Loss: 7.6266, Entropy: 1.0940, Epsilon: 0.010
2026-04-19 12:07:29 | INFO | Episode 1591 - Reward: -200.000, Length: 200, Loss: 12.6909, Entropy: 1.0832, Epsilon: 0.010
2026-04-19 12:07:29 | INFO | Episode 1592 - Reward: -200.000, Length: 200, Loss: 15.4254, Entropy: 1.0920, Epsilon: 0.010
2026-04-19 12:07:29 | INFO | Episode 1593 - Reward: -200.000, Length: 200, Loss: 13.6764, Entropy: 1.0877, Epsilon: 0.010
2026-04-19 12:07:30 | INFO | Episode 1594 - Reward: -200.000, Length: 200, Loss: 7.5838, Entropy: 1.0924, Epsilon: 0.010
2026-04-19 12:07:30 | INFO | Episode 1595 - Reward: -200.000, Length: 200, Loss: 5.4847, Entropy: 1.0877, Epsilon: 0.010
2026-04-19 12:07:30 | INFO | Episode 1596 - Reward: -200.000, Length: 200, Loss: 5.1941, Entropy: 1.0929, Epsilon: 0.010
2026-04-19 12:07:31 | INFO | Episode 1597 - Reward: -200.000, Length: 200, Loss: 20.4697, Entropy: 1.0932, Epsilon: 0.010
2026-04-19 12:07:31 | INFO | Episode 1598 - Reward: -200.000, Length: 200, Loss: 20.6687, Entropy: 1.0897, Epsilon: 0.010
2026-04-19 12:07:31 | INFO | Episode 1599 - Reward: -200.000, Length: 200, Loss: 8.1391, Entropy: 1.0953, Epsilon: 0.010
2026-04-19 12:07:32 | INFO | Episode 1600 - Reward: -200.000, Length: 200, Loss: 13.4673, Entropy: 1.0889, Epsilon: 0.010
2026-04-19 12:07:36 | INFO | [Episode 1600] eps=0.010  avg_reward=-200.000  avg_length=200.00  avg_loss= 13.0782  avg_entropy=1.0889  eval_success=0.000
2026-04-19 12:07:36 | INFO | Episode 1601 - Reward: -200.000, Length: 200, Loss: 15.6805, Entropy: 1.0625, Epsilon: 0.010
2026-04-19 12:07:37 | INFO | Episode 1602 - Reward: -200.000, Length: 200, Loss: 7.8787, Entropy: 1.0912, Epsilon: 0.010
2026-04-19 12:07:37 | INFO | Episode 1603 - Reward: -200.000, Length: 200, Loss: 5.4366, Entropy: 1.0936, Epsilon: 0.010
2026-04-19 12:07:37 | INFO | Episode 1604 - Reward: -200.000, Length: 200, Loss: 8.2065, Entropy: 1.0957, Epsilon: 0.010
2026-04-19 12:07:38 | INFO | Episode 1605 - Reward: -200.000, Length: 200, Loss: 19.8420, Entropy: 1.0713, Epsilon: 0.010
2026-04-19 12:07:39 | INFO | Episode 1606 - Reward: -200.000, Length: 200, Loss: 16.4072, Entropy: 1.0881, Epsilon: 0.010
2026-04-19 12:07:39 | INFO | Episode 1607 - Reward: -200.000, Length: 200, Loss: 18.7753, Entropy: 1.0890, Epsilon: 0.010
2026-04-19 12:07:39 | INFO | Episode 1608 - Reward: -200.000, Length: 200, Loss: 16.6072, Entropy: 1.0944, Epsilon: 0.010
2026-04-19 12:07:40 | INFO | Episode 1609 - Reward: -200.000, Length: 200, Loss: 18.3941, Entropy: 1.0756, Epsilon: 0.010
2026-04-19 12:07:40 | INFO | Episode 1610 - Reward: -200.000, Length: 200, Loss: 22.0505, Entropy: 1.0581, Epsilon: 0.010
2026-04-19 12:07:40 | INFO | Episode 1611 - Reward: -200.000, Length: 200, Loss: 5.0392, Entropy: 1.0914, Epsilon: 0.010
2026-04-19 12:07:41 | INFO | Episode 1612 - Reward: -200.000, Length: 200, Loss: 10.8238, Entropy: 1.0923, Epsilon: 0.010
2026-04-19 12:07:41 | INFO | Episode 1613 - Reward: -200.000, Length: 200, Loss: 13.2880, Entropy: 1.0763, Epsilon: 0.010
2026-04-19 12:07:41 | INFO | Episode 1614 - Reward: -200.000, Length: 200, Loss: 8.2636, Entropy: 1.0942, Epsilon: 0.010
2026-04-19 12:07:41 | INFO | Episode 1615 - Reward: -200.000, Length: 200, Loss: 10.8756, Entropy: 1.0811, Epsilon: 0.010
2026-04-19 12:07:42 | INFO | Episode 1616 - Reward: -200.000, Length: 200, Loss: 21.8059, Entropy: 1.0903, Epsilon: 0.010
2026-04-19 12:07:42 | INFO | Episode 1617 - Reward: -200.000, Length: 200, Loss: 19.3446, Entropy: 1.0731, Epsilon: 0.010
2026-04-19 12:07:42 | INFO | Episode 1618 - Reward: -200.000, Length: 200, Loss: 14.2941, Entropy: 1.0742, Epsilon: 0.010
2026-04-19 12:07:43 | INFO | Episode 1619 - Reward: -200.000, Length: 200, Loss: 13.6349, Entropy: 1.0812, Epsilon: 0.010
2026-04-19 12:07:43 | INFO | Episode 1620 - Reward: -200.000, Length: 200, Loss: 18.6204, Entropy: 1.0796, Epsilon: 0.010
2026-04-19 12:07:43 | INFO | Episode 1621 - Reward: -200.000, Length: 200, Loss: 15.7780, Entropy: 1.0708, Epsilon: 0.010
2026-04-19 12:07:44 | INFO | Episode 1622 - Reward: -200.000, Length: 200, Loss: 5.5565, Entropy: 1.0896, Epsilon: 0.010
2026-04-19 12:07:44 | INFO | Episode 1623 - Reward: -200.000, Length: 200, Loss: 13.2840, Entropy: 1.0754, Epsilon: 0.010
2026-04-19 12:07:44 | INFO | Episode 1624 - Reward: -200.000, Length: 200, Loss: 32.2050, Entropy: 1.0731, Epsilon: 0.010
2026-04-19 12:07:45 | INFO | Episode 1625 - Reward: -200.000, Length: 200, Loss: 27.1556, Entropy: 1.0436, Epsilon: 0.010
2026-04-19 12:07:45 | INFO | Episode 1626 - Reward: -200.000, Length: 200, Loss: 21.5875, Entropy: 1.0788, Epsilon: 0.010
2026-04-19 12:07:45 | INFO | Episode 1627 - Reward: -200.000, Length: 200, Loss: 10.6178, Entropy: 1.0892, Epsilon: 0.010
2026-04-19 12:07:46 | INFO | Episode 1628 - Reward: -200.000, Length: 200, Loss: 13.1472, Entropy: 1.0946, Epsilon: 0.010
2026-04-19 12:07:46 | INFO | Episode 1629 - Reward: -200.000, Length: 200, Loss: 16.0064, Entropy: 1.0851, Epsilon: 0.010
2026-04-19 12:07:46 | INFO | Episode 1630 - Reward: -200.000, Length: 200, Loss: 13.4005, Entropy: 1.0834, Epsilon: 0.010
2026-04-19 12:07:46 | INFO | Episode 1631 - Reward: -200.000, Length: 200, Loss: 18.6097, Entropy: 1.0870, Epsilon: 0.010
2026-04-19 12:07:47 | INFO | Episode 1632 - Reward: -200.000, Length: 200, Loss: 18.4661, Entropy: 1.0733, Epsilon: 0.010
2026-04-19 12:07:47 | INFO | Episode 1633 - Reward: -200.000, Length: 200, Loss: 5.3306, Entropy: 1.0952, Epsilon: 0.010
2026-04-19 12:07:47 | INFO | Episode 1634 - Reward: -200.000, Length: 200, Loss: 16.4397, Entropy: 1.0911, Epsilon: 0.010
2026-04-19 12:07:48 | INFO | Episode 1635 - Reward: -200.000, Length: 200, Loss: 24.0370, Entropy: 1.0804, Epsilon: 0.010
2026-04-19 12:07:48 | INFO | Episode 1636 - Reward: -200.000, Length: 200, Loss: 22.1390, Entropy: 1.0900, Epsilon: 0.010
2026-04-19 12:07:48 | INFO | Episode 1637 - Reward: -200.000, Length: 200, Loss: 4.9363, Entropy: 1.0957, Epsilon: 0.010
2026-04-19 12:07:49 | INFO | Episode 1638 - Reward: -200.000, Length: 200, Loss: 10.8793, Entropy: 1.0906, Epsilon: 0.010
2026-04-19 12:07:49 | INFO | Episode 1639 - Reward: -200.000, Length: 200, Loss: 10.3421, Entropy: 1.0864, Epsilon: 0.010
2026-04-19 12:07:49 | INFO | Episode 1640 - Reward: -200.000, Length: 200, Loss: 18.7391, Entropy: 1.0874, Epsilon: 0.010
2026-04-19 12:07:50 | INFO | Episode 1641 - Reward: -200.000, Length: 200, Loss: 19.6417, Entropy: 1.0838, Epsilon: 0.010
2026-04-19 12:07:50 | INFO | Episode 1642 - Reward: -200.000, Length: 200, Loss: 10.4196, Entropy: 1.0903, Epsilon: 0.010
2026-04-19 12:07:50 | INFO | Episode 1643 - Reward: -200.000, Length: 200, Loss: 11.2446, Entropy: 1.0908, Epsilon: 0.010
2026-04-19 12:07:50 | INFO | Episode 1644 - Reward: -200.000, Length: 200, Loss: 13.2180, Entropy: 1.0856, Epsilon: 0.010
2026-04-19 12:07:51 | INFO | Episode 1645 - Reward: -200.000, Length: 200, Loss: 25.3376, Entropy: 1.0555, Epsilon: 0.010
2026-04-19 12:07:51 | INFO | Episode 1646 - Reward: -200.000, Length: 200, Loss: 17.1523, Entropy: 1.0772, Epsilon: 0.010
2026-04-19 12:07:51 | INFO | Episode 1647 - Reward: -200.000, Length: 200, Loss: 13.2723, Entropy: 1.0804, Epsilon: 0.010
2026-04-19 12:07:52 | INFO | Episode 1648 - Reward: -200.000, Length: 200, Loss: 10.5795, Entropy: 1.0866, Epsilon: 0.010
2026-04-19 12:07:52 | INFO | Episode 1649 - Reward: -200.000, Length: 200, Loss: 13.1576, Entropy: 1.0819, Epsilon: 0.010
2026-04-19 12:07:52 | INFO | Episode 1650 - Reward: -200.000, Length: 200, Loss: 13.5002, Entropy: 1.0850, Epsilon: 0.010
2026-04-19 12:07:53 | INFO | Episode 1651 - Reward: -200.000, Length: 200, Loss: 13.5561, Entropy: 1.0937, Epsilon: 0.010
2026-04-19 12:07:53 | INFO | Episode 1652 - Reward: -200.000, Length: 200, Loss: 13.4254, Entropy: 1.0817, Epsilon: 0.010
2026-04-19 12:07:53 | INFO | Episode 1653 - Reward: -200.000, Length: 200, Loss: 13.3987, Entropy: 1.0876, Epsilon: 0.010
2026-04-19 12:07:54 | INFO | Episode 1654 - Reward: -200.000, Length: 200, Loss: 5.2058, Entropy: 1.0881, Epsilon: 0.010
2026-04-19 12:07:54 | INFO | Episode 1655 - Reward: -200.000, Length: 200, Loss: 22.6041, Entropy: 1.0857, Epsilon: 0.010
2026-04-19 12:07:54 | INFO | Episode 1656 - Reward: -200.000, Length: 200, Loss: 11.2267, Entropy: 1.0933, Epsilon: 0.010
2026-04-19 12:07:54 | INFO | Episode 1657 - Reward: -200.000, Length: 200, Loss: 10.9492, Entropy: 1.0869, Epsilon: 0.010
2026-04-19 12:07:55 | INFO | Episode 1658 - Reward: -200.000, Length: 200, Loss: 24.6153, Entropy: 1.0784, Epsilon: 0.010
2026-04-19 12:07:55 | INFO | Episode 1659 - Reward: -200.000, Length: 200, Loss: 10.8197, Entropy: 1.0915, Epsilon: 0.010
2026-04-19 12:07:55 | INFO | Episode 1660 - Reward: -200.000, Length: 200, Loss: 11.0545, Entropy: 1.0877, Epsilon: 0.010
2026-04-19 12:07:56 | INFO | Episode 1661 - Reward: -200.000, Length: 200, Loss: 10.7393, Entropy: 1.0927, Epsilon: 0.010
2026-04-19 12:07:56 | INFO | Episode 1662 - Reward: -200.000, Length: 200, Loss: 22.0150, Entropy: 1.0818, Epsilon: 0.010
2026-04-19 12:07:56 | INFO | Episode 1663 - Reward: -200.000, Length: 200, Loss: 24.7325, Entropy: 1.0794, Epsilon: 0.010
2026-04-19 12:07:57 | INFO | Episode 1664 - Reward: -200.000, Length: 200, Loss: 18.7059, Entropy: 1.0747, Epsilon: 0.010
2026-04-19 12:07:57 | INFO | Episode 1665 - Reward: -200.000, Length: 200, Loss: 16.1189, Entropy: 1.0669, Epsilon: 0.010
2026-04-19 12:07:57 | INFO | Episode 1666 - Reward: -200.000, Length: 200, Loss: 12.9157, Entropy: 1.0306, Epsilon: 0.010
2026-04-19 12:07:57 | INFO | Episode 1667 - Reward: -200.000, Length: 200, Loss: 5.0208, Entropy: 1.0913, Epsilon: 0.010
2026-04-19 12:07:58 | INFO | Episode 1668 - Reward: -200.000, Length: 200, Loss: 15.5882, Entropy: 1.0859, Epsilon: 0.010
2026-04-19 12:07:58 | INFO | Episode 1669 - Reward: -200.000, Length: 200, Loss: 12.5345, Entropy: 1.0833, Epsilon: 0.010
2026-04-19 12:07:58 | INFO | Episode 1670 - Reward: -200.000, Length: 200, Loss: 13.7113, Entropy: 1.0812, Epsilon: 0.010
2026-04-19 12:07:59 | INFO | Episode 1671 - Reward: -200.000, Length: 200, Loss: 6.9679, Entropy: 1.0848, Epsilon: 0.010
2026-04-19 12:07:59 | INFO | Episode 1672 - Reward: -200.000, Length: 200, Loss: 7.3065, Entropy: 1.0937, Epsilon: 0.010
2026-04-19 12:07:59 | INFO | Episode 1673 - Reward: -200.000, Length: 200, Loss: 2.2808, Entropy: 1.0970, Epsilon: 0.010
2026-04-19 12:08:00 | INFO | Episode 1674 - Reward: -200.000, Length: 200, Loss: 9.8497, Entropy: 1.0921, Epsilon: 0.010
2026-04-19 12:08:00 | INFO | Episode 1675 - Reward: -200.000, Length: 200, Loss: 20.5230, Entropy: 1.0885, Epsilon: 0.010
2026-04-19 12:08:00 | INFO | Episode 1676 - Reward: -200.000, Length: 200, Loss: 21.1321, Entropy: 1.0893, Epsilon: 0.010
2026-04-19 12:08:01 | INFO | Episode 1677 - Reward: -200.000, Length: 200, Loss: 18.0591, Entropy: 1.0855, Epsilon: 0.010
2026-04-19 12:08:01 | INFO | Episode 1678 - Reward: -200.000, Length: 200, Loss: 20.9094, Entropy: 1.0874, Epsilon: 0.010
2026-04-19 12:08:01 | INFO | Episode 1679 - Reward: -200.000, Length: 200, Loss: 15.6512, Entropy: 1.0860, Epsilon: 0.010
2026-04-19 12:08:01 | INFO | Episode 1680 - Reward: -200.000, Length: 200, Loss: 9.7770, Entropy: 1.0871, Epsilon: 0.010
2026-04-19 12:08:02 | INFO | Episode 1681 - Reward: -200.000, Length: 200, Loss: 15.7991, Entropy: 1.0851, Epsilon: 0.010
2026-04-19 12:08:02 | INFO | Episode 1682 - Reward: -200.000, Length: 200, Loss: 2.6437, Entropy: 1.0963, Epsilon: 0.010
2026-04-19 12:08:02 | INFO | Episode 1683 - Reward: -200.000, Length: 200, Loss: 20.9815, Entropy: 1.0876, Epsilon: 0.010
2026-04-19 12:08:03 | INFO | Episode 1684 - Reward: -200.000, Length: 200, Loss: 12.9819, Entropy: 1.0858, Epsilon: 0.010
2026-04-19 12:08:03 | INFO | Episode 1685 - Reward: -200.000, Length: 200, Loss: 13.2820, Entropy: 1.0855, Epsilon: 0.010
2026-04-19 12:08:03 | INFO | Episode 1686 - Reward: -200.000, Length: 200, Loss: 13.6869, Entropy: 1.0713, Epsilon: 0.010
2026-04-19 12:08:04 | INFO | Episode 1687 - Reward: -200.000, Length: 200, Loss: 20.8116, Entropy: 1.0300, Epsilon: 0.010
2026-04-19 12:08:04 | INFO | Episode 1688 - Reward: -200.000, Length: 200, Loss: 19.6595, Entropy: 1.0810, Epsilon: 0.010
2026-04-19 12:08:04 | INFO | Episode 1689 - Reward: -200.000, Length: 200, Loss: -0.1965, Entropy: 1.0977, Epsilon: 0.010
2026-04-19 12:08:05 | INFO | Episode 1690 - Reward: -200.000, Length: 200, Loss: 5.2825, Entropy: 1.0947, Epsilon: 0.010
2026-04-19 12:08:05 | INFO | Episode 1691 - Reward: -200.000, Length: 200, Loss: 13.5052, Entropy: 1.0879, Epsilon: 0.010
2026-04-19 12:08:05 | INFO | Episode 1692 - Reward: -200.000, Length: 200, Loss: 10.7720, Entropy: 1.0717, Epsilon: 0.010
2026-04-19 12:08:06 | INFO | Episode 1693 - Reward: -200.000, Length: 200, Loss: 19.5047, Entropy: 1.0868, Epsilon: 0.010
2026-04-19 12:08:06 | INFO | Episode 1694 - Reward: -200.000, Length: 200, Loss: 9.7795, Entropy: 1.0742, Epsilon: 0.010
2026-04-19 12:08:06 | INFO | Episode 1695 - Reward: -200.000, Length: 200, Loss: 22.9476, Entropy: 1.0222, Epsilon: 0.010
2026-04-19 12:08:06 | INFO | Episode 1696 - Reward: -200.000, Length: 200, Loss: 10.2496, Entropy: 1.0841, Epsilon: 0.010
2026-04-19 12:08:07 | INFO | Episode 1697 - Reward: -200.000, Length: 200, Loss: 16.1251, Entropy: 1.0867, Epsilon: 0.010
2026-04-19 12:08:07 | INFO | Episode 1698 - Reward: -200.000, Length: 200, Loss: 12.9895, Entropy: 1.0937, Epsilon: 0.010
2026-04-19 12:08:07 | INFO | Episode 1699 - Reward: -200.000, Length: 200, Loss: 18.4988, Entropy: 1.0787, Epsilon: 0.010
2026-04-19 12:08:08 | INFO | Episode 1700 - Reward: -200.000, Length: 200, Loss: 18.7323, Entropy: 1.0939, Epsilon: 0.010
2026-04-19 12:08:13 | INFO | [Episode 1700] eps=0.010  avg_reward=-200.000  avg_length=200.00  avg_loss= 14.5088  avg_entropy=1.0939  eval_success=0.000
2026-04-19 12:08:13 | INFO | Episode 1701 - Reward: -200.000, Length: 200, Loss: 10.8453, Entropy: 1.0886, Epsilon: 0.010
2026-04-19 12:08:14 | INFO | Episode 1702 - Reward: -200.000, Length: 200, Loss: 7.6845, Entropy: 1.0893, Epsilon: 0.010
2026-04-19 12:08:14 | INFO | Episode 1703 - Reward: -200.000, Length: 200, Loss: 13.3532, Entropy: 1.0850, Epsilon: 0.010
2026-04-19 12:08:14 | INFO | Episode 1704 - Reward: -200.000, Length: 200, Loss: 16.2147, Entropy: 1.0934, Epsilon: 0.010
2026-04-19 12:08:15 | INFO | Episode 1705 - Reward: -200.000, Length: 200, Loss: 13.5886, Entropy: 1.0853, Epsilon: 0.010
2026-04-19 12:08:15 | INFO | Episode 1706 - Reward: -200.000, Length: 200, Loss: 21.9779, Entropy: 1.0627, Epsilon: 0.010
2026-04-19 12:08:15 | INFO | Episode 1707 - Reward: -200.000, Length: 200, Loss: 10.5691, Entropy: 1.0876, Epsilon: 0.010
2026-04-19 12:08:16 | INFO | Episode 1708 - Reward: -200.000, Length: 200, Loss: 15.7417, Entropy: 1.0794, Epsilon: 0.010
2026-04-19 12:08:16 | INFO | Episode 1709 - Reward: -200.000, Length: 200, Loss: 7.5472, Entropy: 1.0883, Epsilon: 0.010
2026-04-19 12:08:16 | INFO | Episode 1710 - Reward: -200.000, Length: 200, Loss: 5.4362, Entropy: 1.0873, Epsilon: 0.010
2026-04-19 12:08:16 | INFO | Episode 1711 - Reward: -200.000, Length: 200, Loss: 21.0246, Entropy: 1.0901, Epsilon: 0.010
2026-04-19 12:08:17 | INFO | Episode 1712 - Reward: -200.000, Length: 200, Loss: 18.7497, Entropy: 1.0713, Epsilon: 0.010
2026-04-19 12:08:17 | INFO | Episode 1713 - Reward: -200.000, Length: 200, Loss: 18.4323, Entropy: 1.0736, Epsilon: 0.010
2026-04-19 12:08:17 | INFO | Episode 1714 - Reward: -200.000, Length: 200, Loss: 7.5808, Entropy: 1.0892, Epsilon: 0.010
2026-04-19 12:08:18 | INFO | Episode 1715 - Reward: -200.000, Length: 200, Loss: 4.8375, Entropy: 1.0965, Epsilon: 0.010
2026-04-19 12:08:18 | INFO | Episode 1716 - Reward: -200.000, Length: 200, Loss: 10.8076, Entropy: 1.0930, Epsilon: 0.010
2026-04-19 12:08:18 | INFO | Episode 1717 - Reward: -200.000, Length: 200, Loss: 9.7181, Entropy: 1.0711, Epsilon: 0.010
2026-04-19 12:08:19 | INFO | Episode 1718 - Reward: -200.000, Length: 200, Loss: 13.1691, Entropy: 1.0903, Epsilon: 0.010
2026-04-19 12:08:19 | INFO | Episode 1719 - Reward: -200.000, Length: 200, Loss: 16.9914, Entropy: 1.0704, Epsilon: 0.010
2026-04-19 12:08:19 | INFO | Episode 1720 - Reward: -200.000, Length: 200, Loss: 7.9563, Entropy: 1.0960, Epsilon: 0.010
2026-04-19 12:08:20 | INFO | Episode 1721 - Reward: -200.000, Length: 200, Loss: 7.7887, Entropy: 1.0929, Epsilon: 0.010
2026-04-19 12:08:20 | INFO | Episode 1722 - Reward: -200.000, Length: 200, Loss: 18.8894, Entropy: 1.0915, Epsilon: 0.010
2026-04-19 12:08:20 | INFO | Episode 1723 - Reward: -200.000, Length: 200, Loss: 7.9175, Entropy: 1.0951, Epsilon: 0.010
2026-04-19 12:08:21 | INFO | Episode 1724 - Reward: -200.000, Length: 200, Loss: 2.3751, Entropy: 1.0965, Epsilon: 0.010
2026-04-19 12:08:21 | INFO | Episode 1725 - Reward: -200.000, Length: 200, Loss: 7.7921, Entropy: 1.0931, Epsilon: 0.010
2026-04-19 12:08:21 | INFO | Episode 1726 - Reward: -200.000, Length: 200, Loss: 14.1552, Entropy: 1.0633, Epsilon: 0.010
2026-04-19 12:08:21 | INFO | Episode 1727 - Reward: -200.000, Length: 200, Loss: 13.4120, Entropy: 1.0857, Epsilon: 0.010
2026-04-19 12:08:22 | INFO | Episode 1728 - Reward: -200.000, Length: 200, Loss: 18.5257, Entropy: 1.0768, Epsilon: 0.010
2026-04-19 12:08:22 | INFO | Episode 1729 - Reward: -200.000, Length: 200, Loss: 16.1642, Entropy: 1.0794, Epsilon: 0.010
2026-04-19 12:08:22 | INFO | Episode 1730 - Reward: -200.000, Length: 200, Loss: 18.3262, Entropy: 1.0850, Epsilon: 0.010
2026-04-19 12:08:23 | INFO | Episode 1731 - Reward: -200.000, Length: 200, Loss: 7.6002, Entropy: 1.0869, Epsilon: 0.010
2026-04-19 12:08:23 | INFO | Episode 1732 - Reward: -200.000, Length: 200, Loss: 4.8654, Entropy: 1.0909, Epsilon: 0.010
2026-04-19 12:08:23 | INFO | Episode 1733 - Reward: -200.000, Length: 200, Loss: 18.5033, Entropy: 1.0775, Epsilon: 0.010
2026-04-19 12:08:24 | INFO | Episode 1734 - Reward: -200.000, Length: 200, Loss: 10.2743, Entropy: 1.0813, Epsilon: 0.010
2026-04-19 12:08:24 | INFO | Episode 1735 - Reward: -200.000, Length: 200, Loss: -0.2131, Entropy: 1.0985, Epsilon: 0.010
2026-04-19 12:08:24 | INFO | Episode 1736 - Reward: -200.000, Length: 200, Loss: 18.2686, Entropy: 1.0710, Epsilon: 0.010
2026-04-19 12:08:25 | INFO | Episode 1737 - Reward: -200.000, Length: 200, Loss: 15.9570, Entropy: 1.0496, Epsilon: 0.010
2026-04-19 12:08:25 | INFO | Episode 1738 - Reward: -200.000, Length: 200, Loss: 26.2065, Entropy: 1.0863, Epsilon: 0.010
2026-04-19 12:08:25 | INFO | Episode 1739 - Reward: -200.000, Length: 200, Loss: 7.9846, Entropy: 1.0919, Epsilon: 0.010
2026-04-19 12:08:25 | INFO | Episode 1740 - Reward: -200.000, Length: 200, Loss: 21.1838, Entropy: 1.0908, Epsilon: 0.010
2026-04-19 12:08:26 | INFO | Episode 1741 - Reward: -200.000, Length: 200, Loss: 7.8116, Entropy: 1.0840, Epsilon: 0.010
2026-04-19 12:08:26 | INFO | Episode 1742 - Reward: -200.000, Length: 200, Loss: 10.1512, Entropy: 1.0721, Epsilon: 0.010
2026-04-19 12:08:26 | INFO | Episode 1743 - Reward: -200.000, Length: 200, Loss: 2.1926, Entropy: 1.0961, Epsilon: 0.010
2026-04-19 12:08:27 | INFO | Episode 1744 - Reward: -200.000, Length: 200, Loss: 17.6690, Entropy: 1.0788, Epsilon: 0.010
2026-04-19 12:08:27 | INFO | Episode 1745 - Reward: -200.000, Length: 200, Loss: 13.3378, Entropy: 1.0932, Epsilon: 0.010
2026-04-19 12:08:27 | INFO | Episode 1746 - Reward: -200.000, Length: 200, Loss: 4.8620, Entropy: 1.0953, Epsilon: 0.010
2026-04-19 12:08:28 | INFO | Episode 1747 - Reward: -200.000, Length: 200, Loss: 18.1604, Entropy: 1.0134, Epsilon: 0.010
2026-04-19 12:08:28 | INFO | Episode 1748 - Reward: -200.000, Length: 200, Loss: 9.9454, Entropy: 1.0742, Epsilon: 0.010
2026-04-19 12:08:28 | INFO | Episode 1749 - Reward: -200.000, Length: 200, Loss: 11.0090, Entropy: 1.0889, Epsilon: 0.010
2026-04-19 12:08:29 | INFO | Episode 1750 - Reward: -200.000, Length: 200, Loss: 10.8065, Entropy: 1.0932, Epsilon: 0.010
2026-04-19 12:08:29 | INFO | Episode 1751 - Reward: -200.000, Length: 200, Loss: 10.6234, Entropy: 1.0732, Epsilon: 0.010
2026-04-19 12:08:29 | INFO | Episode 1752 - Reward: -200.000, Length: 200, Loss: 12.8683, Entropy: 1.0778, Epsilon: 0.010
2026-04-19 12:08:31 | INFO | Episode 1753 - Reward: -200.000, Length: 200, Loss: 7.4251, Entropy: 1.0871, Epsilon: 0.010
2026-04-19 12:08:31 | INFO | Episode 1754 - Reward: -200.000, Length: 200, Loss: 15.1069, Entropy: 1.0903, Epsilon: 0.010
2026-04-19 12:08:31 | INFO | Episode 1755 - Reward: -200.000, Length: 200, Loss: 2.2217, Entropy: 1.0970, Epsilon: 0.010
2026-04-19 12:08:31 | INFO | Episode 1756 - Reward: -200.000, Length: 200, Loss: 8.4329, Entropy: 1.0840, Epsilon: 0.010
2026-04-19 12:08:32 | INFO | Episode 1757 - Reward: -200.000, Length: 200, Loss: 13.3464, Entropy: 1.0842, Epsilon: 0.010
2026-04-19 12:08:32 | INFO | Episode 1758 - Reward: -200.000, Length: 200, Loss: 15.8679, Entropy: 1.0718, Epsilon: 0.010
2026-04-19 12:08:32 | INFO | Episode 1759 - Reward: -200.000, Length: 200, Loss: 7.8694, Entropy: 1.0831, Epsilon: 0.010
2026-04-19 12:08:33 | INFO | Episode 1760 - Reward: -200.000, Length: 200, Loss: 7.8394, Entropy: 1.0943, Epsilon: 0.010
2026-04-19 12:08:33 | INFO | Episode 1761 - Reward: -200.000, Length: 200, Loss: 7.7169, Entropy: 1.0949, Epsilon: 0.010
2026-04-19 12:08:33 | INFO | Episode 1762 - Reward: -200.000, Length: 200, Loss: 5.4896, Entropy: 1.0902, Epsilon: 0.010
2026-04-19 12:08:34 | INFO | Episode 1763 - Reward: -200.000, Length: 200, Loss: 7.8257, Entropy: 1.0902, Epsilon: 0.010
2026-04-19 12:08:34 | INFO | Episode 1764 - Reward: -200.000, Length: 200, Loss: 18.9081, Entropy: 1.0857, Epsilon: 0.010
2026-04-19 12:08:34 | INFO | Episode 1765 - Reward: -200.000, Length: 200, Loss: 16.7004, Entropy: 1.0809, Epsilon: 0.010
2026-04-19 12:08:35 | INFO | Episode 1766 - Reward: -200.000, Length: 200, Loss: 7.8285, Entropy: 1.0895, Epsilon: 0.010
2026-04-19 12:08:35 | INFO | Episode 1767 - Reward: -200.000, Length: 200, Loss: 7.7983, Entropy: 1.0901, Epsilon: 0.010
2026-04-19 12:08:35 | INFO | Episode 1768 - Reward: -200.000, Length: 200, Loss: 10.9847, Entropy: 1.0927, Epsilon: 0.010
2026-04-19 12:08:35 | INFO | Episode 1769 - Reward: -200.000, Length: 200, Loss: 13.6179, Entropy: 1.0766, Epsilon: 0.010
2026-04-19 12:08:36 | INFO | Episode 1770 - Reward: -200.000, Length: 200, Loss: 10.4274, Entropy: 1.0928, Epsilon: 0.010
2026-04-19 12:08:36 | INFO | Episode 1771 - Reward: -200.000, Length: 200, Loss: 18.6563, Entropy: 1.0756, Epsilon: 0.010
2026-04-19 12:08:36 | INFO | Episode 1772 - Reward: -200.000, Length: 200, Loss: 13.4144, Entropy: 1.0803, Epsilon: 0.010
2026-04-19 12:08:37 | INFO | Episode 1773 - Reward: -200.000, Length: 200, Loss: 20.4887, Entropy: 1.0803, Epsilon: 0.010
2026-04-19 12:08:37 | INFO | Episode 1774 - Reward: -200.000, Length: 200, Loss: 31.1705, Entropy: 1.0154, Epsilon: 0.010
2026-04-19 12:08:37 | INFO | Episode 1775 - Reward: -200.000, Length: 200, Loss: 22.4934, Entropy: 1.0805, Epsilon: 0.010
2026-04-19 12:08:38 | INFO | Episode 1776 - Reward: -200.000, Length: 200, Loss: 5.0920, Entropy: 1.0939, Epsilon: 0.010
2026-04-19 12:08:38 | INFO | Episode 1777 - Reward: -200.000, Length: 200, Loss: 4.7784, Entropy: 1.0950, Epsilon: 0.010
2026-04-19 12:08:38 | INFO | Episode 1778 - Reward: -200.000, Length: 200, Loss: 7.6061, Entropy: 1.0937, Epsilon: 0.010
2026-04-19 12:08:39 | INFO | Episode 1779 - Reward: -200.000, Length: 200, Loss: 10.3047, Entropy: 1.0904, Epsilon: 0.010
2026-04-19 12:08:39 | INFO | Episode 1780 - Reward: -200.000, Length: 200, Loss: 15.5495, Entropy: 1.0749, Epsilon: 0.010
2026-04-19 12:08:39 | INFO | Episode 1781 - Reward: -200.000, Length: 200, Loss: 18.3984, Entropy: 1.0628, Epsilon: 0.010
2026-04-19 12:08:40 | INFO | Episode 1782 - Reward: -200.000, Length: 200, Loss: 7.2501, Entropy: 1.0937, Epsilon: 0.010
2026-04-19 12:08:40 | INFO | Episode 1783 - Reward: -200.000, Length: 200, Loss: 17.6679, Entropy: 1.0813, Epsilon: 0.010
2026-04-19 12:08:40 | INFO | Episode 1784 - Reward: -200.000, Length: 200, Loss: 19.6600, Entropy: 1.0863, Epsilon: 0.010
2026-04-19 12:08:41 | INFO | Episode 1785 - Reward: -200.000, Length: 200, Loss: 12.5008, Entropy: 1.0934, Epsilon: 0.010
2026-04-19 12:08:41 | INFO | Episode 1786 - Reward: -200.000, Length: 200, Loss: 11.9952, Entropy: 1.0945, Epsilon: 0.010
2026-04-19 12:08:41 | INFO | Episode 1787 - Reward: -200.000, Length: 200, Loss: 7.2850, Entropy: 1.0731, Epsilon: 0.010
2026-04-19 12:08:42 | INFO | Episode 1788 - Reward: -200.000, Length: 200, Loss: 12.1353, Entropy: 1.0958, Epsilon: 0.010
2026-04-19 12:08:42 | INFO | Episode 1789 - Reward: -200.000, Length: 200, Loss: 9.5731, Entropy: 1.0919, Epsilon: 0.010
2026-04-19 12:08:42 | INFO | Episode 1790 - Reward: -200.000, Length: 200, Loss: 9.4020, Entropy: 1.0922, Epsilon: 0.010
2026-04-19 12:08:42 | INFO | Episode 1791 - Reward: -200.000, Length: 200, Loss: 15.1810, Entropy: 1.0859, Epsilon: 0.010
2026-04-19 12:08:43 | INFO | Episode 1792 - Reward: -200.000, Length: 200, Loss: 29.5333, Entropy: 1.0752, Epsilon: 0.010
2026-04-19 12:08:43 | INFO | Episode 1793 - Reward: -200.000, Length: 200, Loss: 20.2645, Entropy: 1.0712, Epsilon: 0.010
2026-04-19 12:08:43 | INFO | Episode 1794 - Reward: -200.000, Length: 200, Loss: 7.3497, Entropy: 1.0916, Epsilon: 0.010
2026-04-19 12:08:44 | INFO | Episode 1795 - Reward: -200.000, Length: 200, Loss: 14.5295, Entropy: 1.0839, Epsilon: 0.010
2026-04-19 12:08:45 | INFO | Episode 1796 - Reward: -200.000, Length: 200, Loss: 17.4711, Entropy: 1.0814, Epsilon: 0.010
2026-04-19 12:08:45 | INFO | Episode 1797 - Reward: -200.000, Length: 200, Loss: 20.3425, Entropy: 1.0680, Epsilon: 0.010
2026-04-19 12:08:45 | INFO | Episode 1798 - Reward: -200.000, Length: 200, Loss: 7.5020, Entropy: 1.0866, Epsilon: 0.010
2026-04-19 12:08:46 | INFO | Episode 1799 - Reward: -200.000, Length: 200, Loss: 13.9614, Entropy: 1.0893, Epsilon: 0.010
2026-04-19 12:08:46 | INFO | Episode 1800 - Reward: -200.000, Length: 200, Loss: 4.7546, Entropy: 1.0896, Epsilon: 0.010
2026-04-19 12:08:51 | INFO | [Episode 1800] eps=0.010  avg_reward=-200.000  avg_length=200.00  avg_loss= 12.4936  avg_entropy=1.0896  eval_success=0.000
2026-04-19 12:08:51 | INFO | Episode 1801 - Reward: -200.000, Length: 200, Loss: 14.6953, Entropy: 1.0830, Epsilon: 0.010
2026-04-19 12:08:51 | INFO | Episode 1802 - Reward: -200.000, Length: 200, Loss: 27.1159, Entropy: 1.0717, Epsilon: 0.010
2026-04-19 12:08:52 | INFO | Episode 1803 - Reward: -200.000, Length: 200, Loss: 12.2112, Entropy: 1.0728, Epsilon: 0.010
2026-04-19 12:08:52 | INFO | Episode 1804 - Reward: -200.000, Length: 200, Loss: 9.8056, Entropy: 1.0866, Epsilon: 0.010
2026-04-19 12:08:52 | INFO | Episode 1805 - Reward: -200.000, Length: 200, Loss: 12.5128, Entropy: 1.0941, Epsilon: 0.010
2026-04-19 12:08:53 | INFO | Episode 1806 - Reward: -200.000, Length: 200, Loss: 4.8598, Entropy: 1.0966, Epsilon: 0.010
2026-04-19 12:08:53 | INFO | Episode 1807 - Reward: -200.000, Length: 200, Loss: 12.1648, Entropy: 1.0925, Epsilon: 0.010
2026-04-19 12:08:53 | INFO | Episode 1808 - Reward: -200.000, Length: 200, Loss: 7.2928, Entropy: 1.0933, Epsilon: 0.010
2026-04-19 12:08:53 | INFO | Episode 1809 - Reward: -200.000, Length: 200, Loss: 9.8440, Entropy: 1.0891, Epsilon: 0.010
2026-04-19 12:08:54 | INFO | Episode 1810 - Reward: -200.000, Length: 200, Loss: 14.9741, Entropy: 1.0875, Epsilon: 0.010
2026-04-19 12:08:54 | INFO | Episode 1811 - Reward: -200.000, Length: 200, Loss: 17.3407, Entropy: 1.0841, Epsilon: 0.010
2026-04-19 12:08:54 | INFO | Episode 1812 - Reward: -200.000, Length: 200, Loss: 20.6060, Entropy: 1.0669, Epsilon: 0.010
2026-04-19 12:08:55 | INFO | Episode 1813 - Reward: -200.000, Length: 200, Loss: 9.8464, Entropy: 1.0855, Epsilon: 0.010
2026-04-19 12:08:55 | INFO | Episode 1814 - Reward: -200.000, Length: 200, Loss: 7.3588, Entropy: 1.0949, Epsilon: 0.010
2026-04-19 12:08:55 | INFO | Episode 1815 - Reward: -200.000, Length: 200, Loss: 6.9997, Entropy: 1.0914, Epsilon: 0.010
2026-04-19 12:08:56 | INFO | Episode 1816 - Reward: -200.000, Length: 200, Loss: 17.2186, Entropy: 1.0738, Epsilon: 0.010
2026-04-19 12:08:56 | INFO | Episode 1817 - Reward: -200.000, Length: 200, Loss: 10.6092, Entropy: 1.0763, Epsilon: 0.010
2026-04-19 12:08:56 | INFO | Episode 1818 - Reward: -200.000, Length: 200, Loss: 19.7126, Entropy: 1.0754, Epsilon: 0.010
2026-04-19 12:08:57 | INFO | Episode 1819 - Reward: -200.000, Length: 200, Loss: 7.2596, Entropy: 1.0861, Epsilon: 0.010
2026-04-19 12:08:57 | INFO | Episode 1820 - Reward: -200.000, Length: 200, Loss: 7.1873, Entropy: 1.0919, Epsilon: 0.010
2026-04-19 12:08:57 | INFO | Episode 1821 - Reward: -200.000, Length: 200, Loss: 20.2777, Entropy: 1.0926, Epsilon: 0.010
2026-04-19 12:08:57 | INFO | Episode 1822 - Reward: -200.000, Length: 200, Loss: 4.9447, Entropy: 1.0951, Epsilon: 0.010
2026-04-19 12:08:58 | INFO | Episode 1823 - Reward: -200.000, Length: 200, Loss: 28.2990, Entropy: 1.0920, Epsilon: 0.010
2026-04-19 12:08:58 | INFO | Episode 1824 - Reward: -200.000, Length: 200, Loss: 14.8447, Entropy: 1.0911, Epsilon: 0.010
2026-04-19 12:08:58 | INFO | Episode 1825 - Reward: -200.000, Length: 200, Loss: 22.4151, Entropy: 1.0874, Epsilon: 0.010
2026-04-19 12:08:59 | INFO | Episode 1826 - Reward: -200.000, Length: 200, Loss: 14.6267, Entropy: 1.0852, Epsilon: 0.010
2026-04-19 12:08:59 | INFO | Episode 1827 - Reward: -200.000, Length: 200, Loss: 9.8754, Entropy: 1.0901, Epsilon: 0.010
2026-04-19 12:08:59 | INFO | Episode 1828 - Reward: -200.000, Length: 200, Loss: 9.6320, Entropy: 1.0883, Epsilon: 0.010
2026-04-19 12:09:00 | INFO | Episode 1829 - Reward: -200.000, Length: 200, Loss: 20.1617, Entropy: 1.0800, Epsilon: 0.010
2026-04-19 12:09:00 | INFO | Episode 1830 - Reward: -200.000, Length: 200, Loss: 15.3823, Entropy: 1.0771, Epsilon: 0.010
2026-04-19 12:09:00 | INFO | Episode 1831 - Reward: -200.000, Length: 200, Loss: 19.7271, Entropy: 1.0918, Epsilon: 0.010
2026-04-19 12:09:01 | INFO | Episode 1832 - Reward: -200.000, Length: 200, Loss: 22.1716, Entropy: 1.0938, Epsilon: 0.010
2026-04-19 12:09:01 | INFO | Episode 1833 - Reward: -200.000, Length: 200, Loss: 17.9908, Entropy: 1.0747, Epsilon: 0.010
2026-04-19 12:09:01 | INFO | Episode 1834 - Reward: -200.000, Length: 200, Loss: 7.0106, Entropy: 1.0914, Epsilon: 0.010
2026-04-19 12:09:01 | INFO | Episode 1835 - Reward: -200.000, Length: 200, Loss: 7.1612, Entropy: 1.0969, Epsilon: 0.010
2026-04-19 12:09:02 | INFO | Episode 1836 - Reward: -200.000, Length: 200, Loss: 22.1544, Entropy: 1.0900, Epsilon: 0.010
2026-04-19 12:09:02 | INFO | Episode 1837 - Reward: -200.000, Length: 200, Loss: -0.1826, Entropy: 1.0970, Epsilon: 0.010
2026-04-19 12:09:02 | INFO | Episode 1838 - Reward: -200.000, Length: 200, Loss: 7.3581, Entropy: 1.0954, Epsilon: 0.010
2026-04-19 12:09:03 | INFO | Episode 1839 - Reward: -200.000, Length: 200, Loss: 16.9547, Entropy: 1.0736, Epsilon: 0.010
2026-04-19 12:09:03 | INFO | Episode 1840 - Reward: -200.000, Length: 200, Loss: 14.7394, Entropy: 1.0826, Epsilon: 0.010
2026-04-19 12:09:03 | INFO | Episode 1841 - Reward: -200.000, Length: 200, Loss: 24.7900, Entropy: 1.0809, Epsilon: 0.010
2026-04-19 12:09:04 | INFO | Episode 1842 - Reward: -200.000, Length: 200, Loss: 4.7069, Entropy: 1.0904, Epsilon: 0.010
2026-04-19 12:09:04 | INFO | Episode 1843 - Reward: -200.000, Length: 200, Loss: 2.2862, Entropy: 1.0973, Epsilon: 0.010
2026-04-19 12:09:04 | INFO | Episode 1844 - Reward: -200.000, Length: 200, Loss: 15.0479, Entropy: 1.0869, Epsilon: 0.010
2026-04-19 12:09:05 | INFO | Episode 1845 - Reward: -200.000, Length: 200, Loss: 12.4568, Entropy: 1.0912, Epsilon: 0.010
2026-04-19 12:09:05 | INFO | Episode 1846 - Reward: -200.000, Length: 200, Loss: 14.2248, Entropy: 1.0872, Epsilon: 0.010
2026-04-19 12:09:05 | INFO | Episode 1847 - Reward: -200.000, Length: 200, Loss: 14.6064, Entropy: 1.0720, Epsilon: 0.010
2026-04-19 12:09:05 | INFO | Episode 1848 - Reward: -200.000, Length: 200, Loss: 2.4541, Entropy: 1.0969, Epsilon: 0.010
2026-04-19 12:09:06 | INFO | Episode 1849 - Reward: -200.000, Length: 200, Loss: 15.1150, Entropy: 1.0829, Epsilon: 0.010
2026-04-19 12:09:06 | INFO | Episode 1850 - Reward: -200.000, Length: 200, Loss: 25.6931, Entropy: 1.0616, Epsilon: 0.010
2026-04-19 12:09:06 | INFO | Episode 1851 - Reward: -200.000, Length: 200, Loss: 7.3857, Entropy: 1.0936, Epsilon: 0.010
2026-04-19 12:09:07 | INFO | Episode 1852 - Reward: -200.000, Length: 200, Loss: 10.4235, Entropy: 1.0886, Epsilon: 0.010
2026-04-19 12:09:07 | INFO | Episode 1853 - Reward: -200.000, Length: 200, Loss: 12.8506, Entropy: 1.0830, Epsilon: 0.010
2026-04-19 12:09:07 | INFO | Episode 1854 - Reward: -200.000, Length: 200, Loss: 9.9408, Entropy: 1.0795, Epsilon: 0.010
2026-04-19 12:09:08 | INFO | Episode 1855 - Reward: -200.000, Length: 200, Loss: 7.4715, Entropy: 1.0938, Epsilon: 0.010
2026-04-19 12:09:08 | INFO | Episode 1856 - Reward: -200.000, Length: 200, Loss: 7.3538, Entropy: 1.0943, Epsilon: 0.010
2026-04-19 12:09:08 | INFO | Episode 1857 - Reward: -200.000, Length: 200, Loss: 14.2713, Entropy: 1.0803, Epsilon: 0.010
2026-04-19 12:09:09 | INFO | Episode 1858 - Reward: -200.000, Length: 200, Loss: 14.3929, Entropy: 1.0866, Epsilon: 0.010
2026-04-19 12:09:09 | INFO | Episode 1859 - Reward: -200.000, Length: 200, Loss: 17.0682, Entropy: 1.0851, Epsilon: 0.010
2026-04-19 12:09:09 | INFO | Episode 1860 - Reward: -200.000, Length: 200, Loss: 21.8193, Entropy: 1.0845, Epsilon: 0.010
2026-04-19 12:09:09 | INFO | Episode 1861 - Reward: -200.000, Length: 200, Loss: 9.7582, Entropy: 1.0950, Epsilon: 0.010
2026-04-19 12:09:10 | INFO | Episode 1862 - Reward: -200.000, Length: 200, Loss: 17.3067, Entropy: 1.0910, Epsilon: 0.010
2026-04-19 12:09:10 | INFO | Episode 1863 - Reward: -200.000, Length: 200, Loss: 4.8540, Entropy: 1.0885, Epsilon: 0.010
2026-04-19 12:09:10 | INFO | Episode 1864 - Reward: -200.000, Length: 200, Loss: 12.7144, Entropy: 1.0836, Epsilon: 0.010
2026-04-19 12:09:11 | INFO | Episode 1865 - Reward: -200.000, Length: 200, Loss: 4.5634, Entropy: 1.0938, Epsilon: 0.010
2026-04-19 12:09:11 | INFO | Episode 1866 - Reward: -200.000, Length: 200, Loss: 11.8491, Entropy: 1.0932, Epsilon: 0.010
2026-04-19 12:09:11 | INFO | Episode 1867 - Reward: -200.000, Length: 200, Loss: 15.0856, Entropy: 1.0903, Epsilon: 0.010
2026-04-19 12:09:12 | INFO | Episode 1868 - Reward: -200.000, Length: 200, Loss: 7.6714, Entropy: 1.0801, Epsilon: 0.010
2026-04-19 12:09:12 | INFO | Episode 1869 - Reward: -200.000, Length: 200, Loss: 18.9353, Entropy: 1.0692, Epsilon: 0.010
2026-04-19 12:09:12 | INFO | Episode 1870 - Reward: -200.000, Length: 200, Loss: 9.9572, Entropy: 1.0892, Epsilon: 0.010
2026-04-19 12:09:13 | INFO | Episode 1871 - Reward: -200.000, Length: 200, Loss: 4.5872, Entropy: 1.0922, Epsilon: 0.010
2026-04-19 12:09:13 | INFO | Episode 1872 - Reward: -200.000, Length: 200, Loss: 4.6252, Entropy: 1.0962, Epsilon: 0.010
2026-04-19 12:09:13 | INFO | Episode 1873 - Reward: -200.000, Length: 200, Loss: 14.6756, Entropy: 1.0833, Epsilon: 0.010
2026-04-19 12:09:14 | INFO | Episode 1874 - Reward: -200.000, Length: 200, Loss: 19.8303, Entropy: 1.0920, Epsilon: 0.010
2026-04-19 12:09:14 | INFO | Episode 1875 - Reward: -200.000, Length: 200, Loss: 23.1660, Entropy: 1.0735, Epsilon: 0.010
2026-04-19 12:09:14 | INFO | Episode 1876 - Reward: -200.000, Length: 200, Loss: 15.2507, Entropy: 1.0636, Epsilon: 0.010
2026-04-19 12:09:14 | INFO | Episode 1877 - Reward: -200.000, Length: 200, Loss: 12.2764, Entropy: 1.0800, Epsilon: 0.010
2026-04-19 12:09:15 | INFO | Episode 1878 - Reward: -200.000, Length: 200, Loss: 12.4980, Entropy: 1.0890, Epsilon: 0.010
2026-04-19 12:09:15 | INFO | Episode 1879 - Reward: -200.000, Length: 200, Loss: 12.6581, Entropy: 1.0881, Epsilon: 0.010
2026-04-19 12:09:15 | INFO | Episode 1880 - Reward: -200.000, Length: 200, Loss: 9.2571, Entropy: 1.0864, Epsilon: 0.010
2026-04-19 12:09:16 | INFO | Episode 1881 - Reward: -200.000, Length: 200, Loss: 9.9272, Entropy: 1.0827, Epsilon: 0.010
2026-04-19 12:09:16 | INFO | Episode 1882 - Reward: -200.000, Length: 200, Loss: 12.2215, Entropy: 1.0907, Epsilon: 0.010
2026-04-19 12:09:17 | INFO | Episode 1883 - Reward: -200.000, Length: 200, Loss: 12.5797, Entropy: 1.0893, Epsilon: 0.010
2026-04-19 12:09:17 | INFO | Episode 1884 - Reward: -200.000, Length: 200, Loss: 12.6045, Entropy: 1.0773, Epsilon: 0.010
2026-04-19 12:09:18 | INFO | Episode 1885 - Reward: -200.000, Length: 200, Loss: 4.8001, Entropy: 1.0953, Epsilon: 0.010
2026-04-19 12:09:18 | INFO | Episode 1886 - Reward: -200.000, Length: 200, Loss: 17.8454, Entropy: 1.0846, Epsilon: 0.010
2026-04-19 12:09:18 | INFO | Episode 1887 - Reward: -200.000, Length: 200, Loss: 13.1189, Entropy: 1.0861, Epsilon: 0.010
2026-04-19 12:09:18 | INFO | Episode 1888 - Reward: -200.000, Length: 200, Loss: 15.2532, Entropy: 1.0916, Epsilon: 0.010
2026-04-19 12:09:19 | INFO | Episode 1889 - Reward: -200.000, Length: 200, Loss: 13.1229, Entropy: 1.0934, Epsilon: 0.010
2026-04-19 12:09:19 | INFO | Episode 1890 - Reward: -200.000, Length: 200, Loss: 4.7611, Entropy: 1.0882, Epsilon: 0.010
2026-04-19 12:09:19 | INFO | Episode 1891 - Reward: -200.000, Length: 200, Loss: 13.3433, Entropy: 1.0893, Epsilon: 0.010
2026-04-19 12:09:20 | INFO | Episode 1892 - Reward: -200.000, Length: 200, Loss: 17.9453, Entropy: 1.0747, Epsilon: 0.010
2026-04-19 12:09:20 | INFO | Episode 1893 - Reward: -200.000, Length: 200, Loss: 10.5973, Entropy: 1.0910, Epsilon: 0.010
2026-04-19 12:09:20 | INFO | Episode 1894 - Reward: -200.000, Length: 200, Loss: 12.9092, Entropy: 1.0931, Epsilon: 0.010
2026-04-19 12:09:21 | INFO | Episode 1895 - Reward: -200.000, Length: 200, Loss: -0.1357, Entropy: 1.0973, Epsilon: 0.010
2026-04-19 12:09:21 | INFO | Episode 1896 - Reward: -200.000, Length: 200, Loss: 10.9063, Entropy: 1.0949, Epsilon: 0.010
2026-04-19 12:09:21 | INFO | Episode 1897 - Reward: -200.000, Length: 200, Loss: 5.4460, Entropy: 1.0936, Epsilon: 0.010
2026-04-19 12:09:22 | INFO | Episode 1898 - Reward: -200.000, Length: 200, Loss: 30.1401, Entropy: 1.0860, Epsilon: 0.010
2026-04-19 12:09:22 | INFO | Episode 1899 - Reward: -200.000, Length: 200, Loss: 16.9464, Entropy: 1.0841, Epsilon: 0.010
2026-04-19 12:09:22 | INFO | Episode 1900 - Reward: -200.000, Length: 200, Loss: 16.6426, Entropy: 1.0766, Epsilon: 0.010
2026-04-19 12:09:27 | INFO | [Episode 1900] eps=0.010  avg_reward=-200.000  avg_length=200.00  avg_loss= 12.9201  avg_entropy=1.0766  eval_success=0.000
2026-04-19 12:09:27 | INFO | Episode 1901 - Reward: -200.000, Length: 200, Loss: 20.7104, Entropy: 1.0698, Epsilon: 0.010
2026-04-19 12:09:28 | INFO | Episode 1902 - Reward: -200.000, Length: 200, Loss: 12.3325, Entropy: 1.0812, Epsilon: 0.010
2026-04-19 12:09:28 | INFO | Episode 1903 - Reward: -200.000, Length: 200, Loss: 10.2822, Entropy: 1.0864, Epsilon: 0.010
2026-04-19 12:09:28 | INFO | Episode 1904 - Reward: -200.000, Length: 200, Loss: 13.3184, Entropy: 1.0953, Epsilon: 0.010
2026-04-19 12:09:29 | INFO | Episode 1905 - Reward: -200.000, Length: 200, Loss: 5.3698, Entropy: 1.0944, Epsilon: 0.010
2026-04-19 12:09:29 | INFO | Episode 1906 - Reward: -200.000, Length: 200, Loss: 15.7762, Entropy: 1.0858, Epsilon: 0.010
2026-04-19 12:09:29 | INFO | Episode 1907 - Reward: -200.000, Length: 200, Loss: 2.5573, Entropy: 1.0935, Epsilon: 0.010
2026-04-19 12:09:30 | INFO | Episode 1908 - Reward: -200.000, Length: 200, Loss: 8.1827, Entropy: 1.0913, Epsilon: 0.010
2026-04-19 12:09:30 | INFO | Episode 1909 - Reward: -200.000, Length: 200, Loss: 22.1520, Entropy: 1.0699, Epsilon: 0.010
2026-04-19 12:09:30 | INFO | Episode 1910 - Reward: -200.000, Length: 200, Loss: 11.3967, Entropy: 1.0864, Epsilon: 0.010
2026-04-19 12:09:30 | INFO | Episode 1911 - Reward: -200.000, Length: 200, Loss: 27.6566, Entropy: 1.0517, Epsilon: 0.010
2026-04-19 12:09:31 | INFO | Episode 1912 - Reward: -200.000, Length: 200, Loss: 13.5997, Entropy: 1.0708, Epsilon: 0.010
2026-04-19 12:09:31 | INFO | Episode 1913 - Reward: -200.000, Length: 200, Loss: 10.6068, Entropy: 1.0811, Epsilon: 0.010
2026-04-19 12:09:31 | INFO | Episode 1914 - Reward: -200.000, Length: 200, Loss: 15.9100, Entropy: 1.0832, Epsilon: 0.010
2026-04-19 12:09:32 | INFO | Episode 1915 - Reward: -200.000, Length: 200, Loss: 7.3474, Entropy: 1.0890, Epsilon: 0.010
2026-04-19 12:09:32 | INFO | Episode 1916 - Reward: -200.000, Length: 200, Loss: 7.9911, Entropy: 1.0852, Epsilon: 0.010
2026-04-19 12:09:32 | INFO | Episode 1917 - Reward: -200.000, Length: 200, Loss: 18.7982, Entropy: 1.0849, Epsilon: 0.010
2026-04-19 12:09:33 | INFO | Episode 1918 - Reward: -200.000, Length: 200, Loss: 10.9999, Entropy: 1.0844, Epsilon: 0.010
2026-04-19 12:09:33 | INFO | Episode 1919 - Reward: -200.000, Length: 200, Loss: 18.8612, Entropy: 1.0719, Epsilon: 0.010
2026-04-19 12:09:33 | INFO | Episode 1920 - Reward: -200.000, Length: 200, Loss: 5.1987, Entropy: 1.0891, Epsilon: 0.010
2026-04-19 12:09:34 | INFO | Episode 1921 - Reward: -200.000, Length: 200, Loss: 10.8910, Entropy: 1.0755, Epsilon: 0.010
2026-04-19 12:09:34 | INFO | Episode 1922 - Reward: -200.000, Length: 200, Loss: 16.7947, Entropy: 1.0784, Epsilon: 0.010
2026-04-19 12:09:34 | INFO | Episode 1923 - Reward: -200.000, Length: 200, Loss: 14.1499, Entropy: 1.0847, Epsilon: 0.010
2026-04-19 12:09:34 | INFO | Episode 1924 - Reward: -200.000, Length: 200, Loss: 20.1641, Entropy: 1.0477, Epsilon: 0.010
2026-04-19 12:09:35 | INFO | Episode 1925 - Reward: -200.000, Length: 200, Loss: 13.6325, Entropy: 1.0598, Epsilon: 0.010
2026-04-19 12:09:35 | INFO | Episode 1926 - Reward: -200.000, Length: 200, Loss: 8.4115, Entropy: 1.0938, Epsilon: 0.010
2026-04-19 12:09:35 | INFO | Episode 1927 - Reward: -200.000, Length: 200, Loss: 14.9422, Entropy: 1.0825, Epsilon: 0.010
2026-04-19 12:09:36 | INFO | Episode 1928 - Reward: -200.000, Length: 200, Loss: 5.6105, Entropy: 1.0886, Epsilon: 0.010
2026-04-19 12:09:36 | INFO | Episode 1929 - Reward: -200.000, Length: 200, Loss: 5.6067, Entropy: 1.0892, Epsilon: 0.010
2026-04-19 12:09:36 | INFO | Episode 1930 - Reward: -200.000, Length: 200, Loss: 17.2803, Entropy: 1.0772, Epsilon: 0.010
2026-04-19 12:09:37 | INFO | Episode 1931 - Reward: -200.000, Length: 200, Loss: 8.2348, Entropy: 1.0907, Epsilon: 0.010
2026-04-19 12:09:37 | INFO | Episode 1932 - Reward: -200.000, Length: 200, Loss: 11.3539, Entropy: 1.0849, Epsilon: 0.010
2026-04-19 12:09:37 | INFO | Episode 1933 - Reward: -200.000, Length: 200, Loss: 13.4246, Entropy: 1.0829, Epsilon: 0.010
2026-04-19 12:09:38 | INFO | Episode 1934 - Reward: -200.000, Length: 200, Loss: 13.3784, Entropy: 1.0710, Epsilon: 0.010
2026-04-19 12:09:38 | INFO | Episode 1935 - Reward: -200.000, Length: 200, Loss: 18.6882, Entropy: 1.0667, Epsilon: 0.010
2026-04-19 12:09:38 | INFO | Episode 1936 - Reward: -200.000, Length: 200, Loss: 16.5132, Entropy: 1.0806, Epsilon: 0.010
2026-04-19 12:09:39 | INFO | Episode 1937 - Reward: -200.000, Length: 200, Loss: 10.7596, Entropy: 1.0919, Epsilon: 0.010
2026-04-19 12:09:39 | INFO | Episode 1938 - Reward: -200.000, Length: 200, Loss: 5.4257, Entropy: 1.0937, Epsilon: 0.010
2026-04-19 12:09:39 | INFO | Episode 1939 - Reward: -200.000, Length: 200, Loss: 16.1352, Entropy: 1.0874, Epsilon: 0.010
2026-04-19 12:09:39 | INFO | Episode 1940 - Reward: -200.000, Length: 200, Loss: 7.7114, Entropy: 1.0909, Epsilon: 0.010
2026-04-19 12:09:40 | INFO | Episode 1941 - Reward: -200.000, Length: 200, Loss: 13.7701, Entropy: 1.0807, Epsilon: 0.010
2026-04-19 12:09:40 | INFO | Episode 1942 - Reward: -200.000, Length: 200, Loss: 19.4622, Entropy: 1.0904, Epsilon: 0.010
2026-04-19 12:09:40 | INFO | Episode 1943 - Reward: -200.000, Length: 200, Loss: 5.2058, Entropy: 1.0946, Epsilon: 0.010
2026-04-19 12:09:41 | INFO | Episode 1944 - Reward: -200.000, Length: 200, Loss: 7.8253, Entropy: 1.0913, Epsilon: 0.010
2026-04-19 12:09:41 | INFO | Episode 1945 - Reward: -200.000, Length: 200, Loss: 17.0208, Entropy: 1.0890, Epsilon: 0.010
2026-04-19 12:09:41 | INFO | Episode 1946 - Reward: -200.000, Length: 200, Loss: 14.0667, Entropy: 1.0888, Epsilon: 0.010
2026-04-19 12:09:42 | INFO | Episode 1947 - Reward: -200.000, Length: 200, Loss: 19.9118, Entropy: 1.0833, Epsilon: 0.010
2026-04-19 12:09:42 | INFO | Episode 1948 - Reward: -200.000, Length: 200, Loss: 13.5423, Entropy: 1.0789, Epsilon: 0.010
2026-04-19 12:09:42 | INFO | Episode 1949 - Reward: -200.000, Length: 200, Loss: 5.2900, Entropy: 1.0849, Epsilon: 0.010
2026-04-19 12:09:43 | INFO | Episode 1950 - Reward: -200.000, Length: 200, Loss: 19.7042, Entropy: 1.0924, Epsilon: 0.010
2026-04-19 12:09:43 | INFO | Episode 1951 - Reward: -200.000, Length: 200, Loss: 8.1396, Entropy: 1.0878, Epsilon: 0.010
2026-04-19 12:09:43 | INFO | Episode 1952 - Reward: -200.000, Length: 200, Loss: 4.9658, Entropy: 1.0927, Epsilon: 0.010
2026-04-19 12:09:44 | INFO | Episode 1953 - Reward: -200.000, Length: 200, Loss: 7.8841, Entropy: 1.0900, Epsilon: 0.010
2026-04-19 12:09:44 | INFO | Episode 1954 - Reward: -200.000, Length: 200, Loss: 16.4574, Entropy: 1.0845, Epsilon: 0.010
2026-04-19 12:09:44 | INFO | Episode 1955 - Reward: -200.000, Length: 200, Loss: 14.3243, Entropy: 1.0845, Epsilon: 0.010
2026-04-19 12:09:44 | INFO | Episode 1956 - Reward: -200.000, Length: 200, Loss: 2.6282, Entropy: 1.0837, Epsilon: 0.010
2026-04-19 12:09:45 | INFO | Episode 1957 - Reward: -200.000, Length: 200, Loss: 5.2025, Entropy: 1.0945, Epsilon: 0.010
2026-04-19 12:09:45 | INFO | Episode 1958 - Reward: -200.000, Length: 200, Loss: 5.3533, Entropy: 1.0952, Epsilon: 0.010
2026-04-19 12:09:45 | INFO | Episode 1959 - Reward: -200.000, Length: 200, Loss: 13.5851, Entropy: 1.0923, Epsilon: 0.010
2026-04-19 12:09:46 | INFO | Episode 1960 - Reward: -200.000, Length: 200, Loss: 16.5694, Entropy: 1.0718, Epsilon: 0.010
2026-04-19 12:09:46 | INFO | Episode 1961 - Reward: -200.000, Length: 200, Loss: 13.8392, Entropy: 1.0501, Epsilon: 0.010
2026-04-19 12:09:46 | INFO | Episode 1962 - Reward: -200.000, Length: 200, Loss: 5.3077, Entropy: 1.0809, Epsilon: 0.010
2026-04-19 12:09:47 | INFO | Episode 1963 - Reward: -200.000, Length: 200, Loss: 11.4557, Entropy: 1.0889, Epsilon: 0.010
2026-04-19 12:09:47 | INFO | Episode 1964 - Reward: -200.000, Length: 200, Loss: 16.6823, Entropy: 1.0887, Epsilon: 0.010
2026-04-19 12:09:47 | INFO | Episode 1965 - Reward: -200.000, Length: 200, Loss: 31.6222, Entropy: 1.0710, Epsilon: 0.010
2026-04-19 12:09:48 | INFO | Episode 1966 - Reward: -200.000, Length: 200, Loss: 10.6634, Entropy: 1.0861, Epsilon: 0.010
2026-04-19 12:09:48 | INFO | Episode 1967 - Reward: -200.000, Length: 200, Loss: 5.2011, Entropy: 1.0948, Epsilon: 0.010
2026-04-19 12:09:48 | INFO | Episode 1968 - Reward: -200.000, Length: 200, Loss: 7.5707, Entropy: 1.0930, Epsilon: 0.010
2026-04-19 12:09:49 | INFO | Episode 1969 - Reward: -200.000, Length: 200, Loss: 10.5617, Entropy: 1.0906, Epsilon: 0.010
2026-04-19 12:09:49 | INFO | Episode 1970 - Reward: -200.000, Length: 200, Loss: 18.5338, Entropy: 1.0854, Epsilon: 0.010
2026-04-19 12:09:50 | INFO | Episode 1971 - Reward: -200.000, Length: 200, Loss: 7.4641, Entropy: 1.0884, Epsilon: 0.010
2026-04-19 12:09:50 | INFO | Episode 1972 - Reward: -200.000, Length: 200, Loss: 12.6693, Entropy: 1.0937, Epsilon: 0.010
2026-04-19 12:09:50 | INFO | Episode 1973 - Reward: -200.000, Length: 200, Loss: 12.4380, Entropy: 1.0910, Epsilon: 0.010
2026-04-19 12:09:51 | INFO | Episode 1974 - Reward: -200.000, Length: 200, Loss: 17.5871, Entropy: 1.0851, Epsilon: 0.010
2026-04-19 12:09:51 | INFO | Episode 1975 - Reward: -200.000, Length: 200, Loss: 17.2279, Entropy: 1.0860, Epsilon: 0.010
2026-04-19 12:09:51 | INFO | Episode 1976 - Reward: -200.000, Length: 200, Loss: 2.5156, Entropy: 1.0964, Epsilon: 0.010
2026-04-19 12:09:52 | INFO | Episode 1977 - Reward: -200.000, Length: 200, Loss: 7.7609, Entropy: 1.0934, Epsilon: 0.010
2026-04-19 12:09:52 | INFO | Episode 1978 - Reward: -200.000, Length: 200, Loss: 17.2631, Entropy: 1.0800, Epsilon: 0.010
2026-04-19 12:09:52 | INFO | Episode 1979 - Reward: -200.000, Length: 200, Loss: 22.0959, Entropy: 1.0841, Epsilon: 0.010
2026-04-19 12:09:53 | INFO | Episode 1980 - Reward: -200.000, Length: 200, Loss: 4.9891, Entropy: 1.0958, Epsilon: 0.010
2026-04-19 12:09:53 | INFO | Episode 1981 - Reward: -200.000, Length: 200, Loss: 4.9396, Entropy: 1.0960, Epsilon: 0.010
2026-04-19 12:09:53 | INFO | Episode 1982 - Reward: -200.000, Length: 200, Loss: 20.2766, Entropy: 1.0909, Epsilon: 0.010
2026-04-19 12:09:53 | INFO | Episode 1983 - Reward: -200.000, Length: 200, Loss: 10.1110, Entropy: 1.0862, Epsilon: 0.010
2026-04-19 12:09:54 | INFO | Episode 1984 - Reward: -200.000, Length: 200, Loss: 2.4107, Entropy: 1.0955, Epsilon: 0.010
2026-04-19 12:09:54 | INFO | Episode 1985 - Reward: -200.000, Length: 200, Loss: 9.9532, Entropy: 1.0931, Epsilon: 0.010
2026-04-19 12:09:54 | INFO | Episode 1986 - Reward: -200.000, Length: 200, Loss: 15.1098, Entropy: 1.0857, Epsilon: 0.010
2026-04-19 12:09:55 | INFO | Episode 1987 - Reward: -200.000, Length: 200, Loss: 7.7931, Entropy: 1.0915, Epsilon: 0.010
2026-04-19 12:09:55 | INFO | Episode 1988 - Reward: -200.000, Length: 200, Loss: 7.5347, Entropy: 1.0907, Epsilon: 0.010
2026-04-19 12:09:55 | INFO | Episode 1989 - Reward: -200.000, Length: 200, Loss: 12.6196, Entropy: 1.0812, Epsilon: 0.010
2026-04-19 12:09:56 | INFO | Episode 1990 - Reward: -200.000, Length: 200, Loss: 23.4649, Entropy: 1.0800, Epsilon: 0.010
2026-04-19 12:09:56 | INFO | Episode 1991 - Reward: -200.000, Length: 200, Loss: 20.6549, Entropy: 1.0718, Epsilon: 0.010
2026-04-19 12:09:56 | INFO | Episode 1992 - Reward: -200.000, Length: 200, Loss: 15.0562, Entropy: 1.0898, Epsilon: 0.010
2026-04-19 12:09:57 | INFO | Episode 1993 - Reward: -200.000, Length: 200, Loss: 10.4151, Entropy: 1.0867, Epsilon: 0.010
2026-04-19 12:09:57 | INFO | Episode 1994 - Reward: -200.000, Length: 200, Loss: 15.5496, Entropy: 1.0852, Epsilon: 0.010
2026-04-19 12:09:57 | INFO | Episode 1995 - Reward: -200.000, Length: 200, Loss: 7.6153, Entropy: 1.0893, Epsilon: 0.010
2026-04-19 12:09:58 | INFO | Episode 1996 - Reward: -200.000, Length: 200, Loss: 10.6969, Entropy: 1.0910, Epsilon: 0.010
2026-04-19 12:09:58 | INFO | Episode 1997 - Reward: -200.000, Length: 200, Loss: 15.8034, Entropy: 1.0798, Epsilon: 0.010
2026-04-19 12:09:58 | INFO | Episode 1998 - Reward: -200.000, Length: 200, Loss: 23.8333, Entropy: 1.0774, Epsilon: 0.010
2026-04-19 12:09:58 | INFO | Episode 1999 - Reward: -200.000, Length: 200, Loss: 5.4790, Entropy: 1.0880, Epsilon: 0.010
2026-04-19 12:09:59 | INFO | Episode 2000 - Reward: -200.000, Length: 200, Loss: 21.5875, Entropy: 1.0804, Epsilon: 0.010
2026-04-19 12:10:04 | INFO | [Episode 2000] eps=0.010  avg_reward=-200.000  avg_length=200.00  avg_loss= 12.5342  avg_entropy=1.0804  eval_success=0.000
2026-04-19 12:10:04 | INFO | Episode 2001 - Reward: -200.000, Length: 200, Loss: 20.8097, Entropy: 1.0767, Epsilon: 0.010
2026-04-19 12:10:04 | INFO | Episode 2002 - Reward: -200.000, Length: 200, Loss: 5.4280, Entropy: 1.0936, Epsilon: 0.010
2026-04-19 12:10:05 | INFO | Episode 2003 - Reward: -200.000, Length: 200, Loss: 7.7213, Entropy: 1.0787, Epsilon: 0.010
2026-04-19 12:10:05 | INFO | Episode 2004 - Reward: -200.000, Length: 200, Loss: 7.7043, Entropy: 1.0948, Epsilon: 0.010
2026-04-19 12:10:05 | INFO | Episode 2005 - Reward: -200.000, Length: 200, Loss: 23.7781, Entropy: 1.0825, Epsilon: 0.010
2026-04-19 12:10:06 | INFO | Episode 2006 - Reward: -200.000, Length: 200, Loss: 21.2052, Entropy: 1.0843, Epsilon: 0.010
2026-04-19 12:10:06 | INFO | Episode 2007 - Reward: -200.000, Length: 200, Loss: 10.7317, Entropy: 1.0877, Epsilon: 0.010
2026-04-19 12:10:06 | INFO | Episode 2008 - Reward: -200.000, Length: 200, Loss: 10.5471, Entropy: 1.0933, Epsilon: 0.010
2026-04-19 12:10:06 | INFO | Episode 2009 - Reward: -200.000, Length: 200, Loss: 19.0484, Entropy: 1.0851, Epsilon: 0.010
2026-04-19 12:10:07 | INFO | Episode 2010 - Reward: -200.000, Length: 200, Loss: 8.2423, Entropy: 1.0830, Epsilon: 0.010
2026-04-19 12:10:07 | INFO | Episode 2011 - Reward: -200.000, Length: 200, Loss: 13.5020, Entropy: 1.0888, Epsilon: 0.010
2026-04-19 12:10:07 | INFO | Episode 2012 - Reward: -200.000, Length: 200, Loss: 13.3774, Entropy: 1.0858, Epsilon: 0.010
2026-04-19 12:10:08 | INFO | Episode 2013 - Reward: -200.000, Length: 200, Loss: 8.0141, Entropy: 1.0894, Epsilon: 0.010
2026-04-19 12:10:08 | INFO | Episode 2014 - Reward: -200.000, Length: 200, Loss: 16.3030, Entropy: 1.0843, Epsilon: 0.010
2026-04-19 12:10:08 | INFO | Episode 2015 - Reward: -200.000, Length: 200, Loss: 18.3881, Entropy: 1.0714, Epsilon: 0.010
2026-04-19 12:10:09 | INFO | Episode 2016 - Reward: -200.000, Length: 200, Loss: 5.4734, Entropy: 1.0832, Epsilon: 0.010
2026-04-19 12:10:09 | INFO | Episode 2017 - Reward: -200.000, Length: 200, Loss: 18.7220, Entropy: 1.0834, Epsilon: 0.010
2026-04-19 12:10:09 | INFO | Episode 2018 - Reward: -200.000, Length: 200, Loss: 2.6172, Entropy: 1.0973, Epsilon: 0.010
2026-04-19 12:10:10 | INFO | Episode 2019 - Reward: -200.000, Length: 200, Loss: 10.6920, Entropy: 1.0870, Epsilon: 0.010
2026-04-19 12:10:10 | INFO | Episode 2020 - Reward: -200.000, Length: 200, Loss: 17.9827, Entropy: 1.0691, Epsilon: 0.010
2026-04-19 12:10:10 | INFO | Episode 2021 - Reward: -200.000, Length: 200, Loss: 10.4560, Entropy: 1.0904, Epsilon: 0.010
2026-04-19 12:10:11 | INFO | Episode 2022 - Reward: -200.000, Length: 200, Loss: 10.2879, Entropy: 1.0931, Epsilon: 0.010
2026-04-19 12:10:11 | INFO | Episode 2023 - Reward: -200.000, Length: 200, Loss: 5.1118, Entropy: 1.0958, Epsilon: 0.010
2026-04-19 12:10:11 | INFO | Episode 2024 - Reward: -200.000, Length: 200, Loss: 12.9529, Entropy: 1.0857, Epsilon: 0.010
2026-04-19 12:10:11 | INFO | Episode 2025 - Reward: -200.000, Length: 200, Loss: 2.3428, Entropy: 1.0954, Epsilon: 0.010
2026-04-19 12:10:12 | INFO | Episode 2026 - Reward: -200.000, Length: 200, Loss: 2.5896, Entropy: 1.0965, Epsilon: 0.010
2026-04-19 12:10:12 | INFO | Episode 2027 - Reward: -200.000, Length: 200, Loss: 21.0927, Entropy: 1.0752, Epsilon: 0.010
2026-04-19 12:10:12 | INFO | Episode 2028 - Reward: -200.000, Length: 200, Loss: 13.2625, Entropy: 1.0891, Epsilon: 0.010
2026-04-19 12:10:13 | INFO | Episode 2029 - Reward: -200.000, Length: 200, Loss: 10.6358, Entropy: 1.0935, Epsilon: 0.010
2026-04-19 12:10:13 | INFO | Episode 2030 - Reward: -200.000, Length: 200, Loss: 13.5343, Entropy: 1.0849, Epsilon: 0.010
2026-04-19 12:10:13 | INFO | Episode 2031 - Reward: -200.000, Length: 200, Loss: 18.6934, Entropy: 1.0845, Epsilon: 0.010
2026-04-19 12:10:14 | INFO | Episode 2032 - Reward: -200.000, Length: 200, Loss: 21.0145, Entropy: 1.0860, Epsilon: 0.010
2026-04-19 12:10:14 | INFO | Episode 2033 - Reward: -200.000, Length: 200, Loss: 13.0940, Entropy: 1.0896, Epsilon: 0.010
2026-04-19 12:10:14 | INFO | Episode 2034 - Reward: -200.000, Length: 200, Loss: 15.7062, Entropy: 1.0902, Epsilon: 0.010
2026-04-19 12:10:15 | INFO | Episode 2035 - Reward: -200.000, Length: 200, Loss: 28.6905, Entropy: 1.0855, Epsilon: 0.010
2026-04-19 12:10:15 | INFO | Episode 2036 - Reward: -200.000, Length: 200, Loss: 12.9627, Entropy: 1.0927, Epsilon: 0.010
2026-04-19 12:10:15 | INFO | Episode 2037 - Reward: -200.000, Length: 200, Loss: 12.6749, Entropy: 1.0785, Epsilon: 0.010
2026-04-19 12:10:16 | INFO | Episode 2038 - Reward: -200.000, Length: 200, Loss: 10.5297, Entropy: 1.0921, Epsilon: 0.010
2026-04-19 12:10:16 | INFO | Episode 2039 - Reward: -200.000, Length: 200, Loss: 10.4826, Entropy: 1.0831, Epsilon: 0.010
2026-04-19 12:10:16 | INFO | Episode 2040 - Reward: -200.000, Length: 200, Loss: 2.5344, Entropy: 1.0927, Epsilon: 0.010
2026-04-19 12:10:16 | INFO | Episode 2041 - Reward: -200.000, Length: 200, Loss: 13.2843, Entropy: 1.0881, Epsilon: 0.010
2026-04-19 12:10:17 | INFO | Episode 2042 - Reward: -200.000, Length: 200, Loss: 12.9827, Entropy: 1.0917, Epsilon: 0.010
2026-04-19 12:10:17 | INFO | Episode 2043 - Reward: -200.000, Length: 200, Loss: 21.2869, Entropy: 1.0491, Epsilon: 0.010
2026-04-19 12:10:17 | INFO | Episode 2044 - Reward: -200.000, Length: 200, Loss: 10.0706, Entropy: 1.0893, Epsilon: 0.010
2026-04-19 12:10:18 | INFO | Episode 2045 - Reward: -200.000, Length: 200, Loss: 10.1962, Entropy: 1.0922, Epsilon: 0.010
2026-04-19 12:10:19 | INFO | Episode 2046 - Reward: -200.000, Length: 200, Loss: 10.8345, Entropy: 1.0805, Epsilon: 0.010
2026-04-19 12:10:20 | INFO | Episode 2047 - Reward: -200.000, Length: 200, Loss: 7.5650, Entropy: 1.0884, Epsilon: 0.010
2026-04-19 12:10:20 | INFO | Episode 2048 - Reward: -200.000, Length: 200, Loss: 21.1190, Entropy: 1.0606, Epsilon: 0.010
2026-04-19 12:10:20 | INFO | Episode 2049 - Reward: -200.000, Length: 200, Loss: 15.7101, Entropy: 1.0868, Epsilon: 0.010
2026-04-19 12:10:21 | INFO | Episode 2050 - Reward: -200.000, Length: 200, Loss: 4.9516, Entropy: 1.0871, Epsilon: 0.010
2026-04-19 12:10:21 | INFO | Episode 2051 - Reward: -200.000, Length: 200, Loss: 12.8656, Entropy: 1.0892, Epsilon: 0.010
2026-04-19 12:10:21 | INFO | Episode 2052 - Reward: -200.000, Length: 200, Loss: 15.6606, Entropy: 1.0879, Epsilon: 0.010
2026-04-19 12:10:22 | INFO | Episode 2053 - Reward: -200.000, Length: 200, Loss: 10.5079, Entropy: 1.0897, Epsilon: 0.010
2026-04-19 12:10:22 | INFO | Episode 2054 - Reward: -200.000, Length: 200, Loss: 18.5676, Entropy: 1.0851, Epsilon: 0.010
2026-04-19 12:10:23 | INFO | Episode 2055 - Reward: -200.000, Length: 200, Loss: 20.8811, Entropy: 1.0908, Epsilon: 0.010
2026-04-19 12:10:23 | INFO | Episode 2056 - Reward: -200.000, Length: 200, Loss: 15.7939, Entropy: 1.0856, Epsilon: 0.010
2026-04-19 12:10:23 | INFO | Episode 2057 - Reward: -200.000, Length: 200, Loss: 10.7183, Entropy: 1.0804, Epsilon: 0.010
2026-04-19 12:10:24 | INFO | Episode 2058 - Reward: -200.000, Length: 200, Loss: 15.9427, Entropy: 1.0693, Epsilon: 0.010
2026-04-19 12:10:24 | INFO | Episode 2059 - Reward: -200.000, Length: 200, Loss: 10.4762, Entropy: 1.0928, Epsilon: 0.010
2026-04-19 12:10:24 | INFO | Episode 2060 - Reward: -200.000, Length: 200, Loss: 8.1344, Entropy: 1.0851, Epsilon: 0.010
2026-04-19 12:10:25 | INFO | Episode 2061 - Reward: -200.000, Length: 200, Loss: 24.5678, Entropy: 1.0721, Epsilon: 0.010
2026-04-19 12:10:25 | INFO | Episode 2062 - Reward: -200.000, Length: 200, Loss: 19.0383, Entropy: 1.0830, Epsilon: 0.010
2026-04-19 12:10:25 | INFO | Episode 2063 - Reward: -200.000, Length: 200, Loss: 8.0902, Entropy: 1.0925, Epsilon: 0.010
2026-04-19 12:10:26 | INFO | Episode 2064 - Reward: -200.000, Length: 200, Loss: 13.5521, Entropy: 1.0942, Epsilon: 0.010
2026-04-19 12:10:26 | INFO | Episode 2065 - Reward: -200.000, Length: 200, Loss: 13.2239, Entropy: 1.0846, Epsilon: 0.010
2026-04-19 12:10:26 | INFO | Episode 2066 - Reward: -200.000, Length: 200, Loss: 13.1147, Entropy: 1.0870, Epsilon: 0.010
2026-04-19 12:10:27 | INFO | Episode 2067 - Reward: -200.000, Length: 200, Loss: 18.5222, Entropy: 1.0817, Epsilon: 0.010
2026-04-19 12:10:27 | INFO | Episode 2068 - Reward: -200.000, Length: 200, Loss: 2.4925, Entropy: 1.0934, Epsilon: 0.010
2026-04-19 12:10:27 | INFO | Episode 2069 - Reward: -200.000, Length: 200, Loss: 10.8500, Entropy: 1.0835, Epsilon: 0.010
2026-04-19 12:10:28 | INFO | Episode 2070 - Reward: -200.000, Length: 200, Loss: 15.9731, Entropy: 1.0903, Epsilon: 0.010
2026-04-19 12:10:28 | INFO | Episode 2071 - Reward: -200.000, Length: 200, Loss: 22.0562, Entropy: 1.0675, Epsilon: 0.010
2026-04-19 12:10:28 | INFO | Episode 2072 - Reward: -200.000, Length: 200, Loss: 8.1119, Entropy: 1.0947, Epsilon: 0.010
2026-04-19 12:10:29 | INFO | Episode 2073 - Reward: -200.000, Length: 200, Loss: 7.8640, Entropy: 1.0884, Epsilon: 0.010
2026-04-19 12:10:29 | INFO | Episode 2074 - Reward: -200.000, Length: 200, Loss: 5.4727, Entropy: 1.0949, Epsilon: 0.010
2026-04-19 12:10:29 | INFO | Episode 2075 - Reward: -200.000, Length: 200, Loss: 19.5971, Entropy: 1.0813, Epsilon: 0.010
2026-04-19 12:10:30 | INFO | Episode 2076 - Reward: -200.000, Length: 200, Loss: 21.3145, Entropy: 1.0667, Epsilon: 0.010
2026-04-19 12:10:30 | INFO | Episode 2077 - Reward: -200.000, Length: 200, Loss: 16.0487, Entropy: 1.0662, Epsilon: 0.010
2026-04-19 12:10:30 | INFO | Episode 2078 - Reward: -200.000, Length: 200, Loss: 5.2227, Entropy: 1.0930, Epsilon: 0.010
2026-04-19 12:10:31 | INFO | Episode 2079 - Reward: -200.000, Length: 200, Loss: 13.4240, Entropy: 1.0847, Epsilon: 0.010
2026-04-19 12:10:31 | INFO | Episode 2080 - Reward: -200.000, Length: 200, Loss: 8.1502, Entropy: 1.0939, Epsilon: 0.010
2026-04-19 12:10:31 | INFO | Episode 2081 - Reward: -200.000, Length: 200, Loss: 13.7500, Entropy: 1.0828, Epsilon: 0.010
2026-04-19 12:10:32 | INFO | Episode 2082 - Reward: -200.000, Length: 200, Loss: 13.8472, Entropy: 1.0848, Epsilon: 0.010
2026-04-19 12:10:32 | INFO | Episode 2083 - Reward: -200.000, Length: 200, Loss: 10.7516, Entropy: 1.0805, Epsilon: 0.010
2026-04-19 12:10:32 | INFO | Episode 2084 - Reward: -200.000, Length: 200, Loss: 11.1090, Entropy: 1.0937, Epsilon: 0.010
2026-04-19 12:10:33 | INFO | Episode 2085 - Reward: -200.000, Length: 200, Loss: 5.5511, Entropy: 1.0913, Epsilon: 0.010
2026-04-19 12:10:33 | INFO | Episode 2086 - Reward: -200.000, Length: 200, Loss: 14.1216, Entropy: 1.0909, Epsilon: 0.010
2026-04-19 12:10:33 | INFO | Episode 2087 - Reward: -200.000, Length: 200, Loss: 16.9210, Entropy: 1.0863, Epsilon: 0.010
2026-04-19 12:10:34 | INFO | Episode 2088 - Reward: -200.000, Length: 200, Loss: 8.2378, Entropy: 1.0919, Epsilon: 0.010
2026-04-19 12:10:34 | INFO | Episode 2089 - Reward: -200.000, Length: 200, Loss: 11.1323, Entropy: 1.0886, Epsilon: 0.010
2026-04-19 12:10:34 | INFO | Episode 2090 - Reward: -200.000, Length: 200, Loss: 11.1046, Entropy: 1.0856, Epsilon: 0.010
2026-04-19 12:10:35 | INFO | Episode 2091 - Reward: -200.000, Length: 200, Loss: 25.1470, Entropy: 1.0716, Epsilon: 0.010
2026-04-19 12:10:35 | INFO | Episode 2092 - Reward: -200.000, Length: 200, Loss: 19.8045, Entropy: 1.0719, Epsilon: 0.010
2026-04-19 12:10:35 | INFO | Episode 2093 - Reward: -200.000, Length: 200, Loss: 16.8230, Entropy: 1.0674, Epsilon: 0.010
2026-04-19 12:10:36 | INFO | Episode 2094 - Reward: -200.000, Length: 200, Loss: 8.3790, Entropy: 1.0953, Epsilon: 0.010
2026-04-19 12:10:36 | INFO | Episode 2095 - Reward: -200.000, Length: 200, Loss: 5.3793, Entropy: 1.0951, Epsilon: 0.010
2026-04-19 12:10:36 | INFO | Episode 2096 - Reward: -200.000, Length: 200, Loss: 8.1539, Entropy: 1.0876, Epsilon: 0.010
2026-04-19 12:10:37 | INFO | Episode 2097 - Reward: -200.000, Length: 200, Loss: 8.2835, Entropy: 1.0839, Epsilon: 0.010
2026-04-19 12:10:37 | INFO | Episode 2098 - Reward: -200.000, Length: 200, Loss: 13.9622, Entropy: 1.0883, Epsilon: 0.010
2026-04-19 12:10:37 | INFO | Episode 2099 - Reward: -200.000, Length: 200, Loss: 16.6929, Entropy: 1.0835, Epsilon: 0.010
2026-04-19 12:10:38 | INFO | Episode 2100 - Reward: -200.000, Length: 200, Loss: 13.6516, Entropy: 1.0877, Epsilon: 0.010
2026-04-19 12:10:42 | INFO | [Episode 2100] eps=0.010  avg_reward=-200.000  avg_length=200.00  avg_loss= 12.9598  avg_entropy=1.0877  eval_success=0.000
2026-04-19 12:10:43 | INFO | Episode 2101 - Reward: -200.000, Length: 200, Loss: 8.3690, Entropy: 1.0931, Epsilon: 0.010
2026-04-19 12:10:43 | INFO | Episode 2102 - Reward: -200.000, Length: 200, Loss: 16.7538, Entropy: 1.0675, Epsilon: 0.010
2026-04-19 12:10:43 | INFO | Episode 2103 - Reward: -200.000, Length: 200, Loss: 8.3037, Entropy: 1.0919, Epsilon: 0.010
2026-04-19 12:10:44 | INFO | Episode 2104 - Reward: -200.000, Length: 200, Loss: 25.3189, Entropy: 1.0594, Epsilon: 0.010
2026-04-19 12:10:44 | INFO | Episode 2105 - Reward: -200.000, Length: 200, Loss: 8.4480, Entropy: 1.0864, Epsilon: 0.010
2026-04-19 12:10:44 | INFO | Episode 2106 - Reward: -200.000, Length: 200, Loss: 17.1128, Entropy: 1.0907, Epsilon: 0.010
2026-04-19 12:10:45 | INFO | Episode 2107 - Reward: -200.000, Length: 200, Loss: 19.5747, Entropy: 1.0882, Epsilon: 0.010
2026-04-19 12:10:45 | INFO | Episode 2108 - Reward: -200.000, Length: 200, Loss: 14.4723, Entropy: 1.0907, Epsilon: 0.010
2026-04-19 12:10:45 | INFO | Episode 2109 - Reward: -200.000, Length: 200, Loss: 16.8553, Entropy: 1.0683, Epsilon: 0.010
2026-04-19 12:10:46 | INFO | Episode 2110 - Reward: -200.000, Length: 200, Loss: 11.0175, Entropy: 1.0951, Epsilon: 0.010
2026-04-19 12:10:46 | INFO | Episode 2111 - Reward: -200.000, Length: 200, Loss: 10.8490, Entropy: 1.0877, Epsilon: 0.010
2026-04-19 12:10:46 | INFO | Episode 2112 - Reward: -200.000, Length: 200, Loss: 8.0382, Entropy: 1.0953, Epsilon: 0.010
2026-04-19 12:10:47 | INFO | Episode 2113 - Reward: -200.000, Length: 200, Loss: 13.6857, Entropy: 1.0859, Epsilon: 0.010
2026-04-19 12:10:47 | INFO | Episode 2114 - Reward: -200.000, Length: 200, Loss: 8.0805, Entropy: 1.0889, Epsilon: 0.010
2026-04-19 12:10:47 | INFO | Episode 2115 - Reward: -200.000, Length: 200, Loss: 10.8592, Entropy: 1.0898, Epsilon: 0.010
2026-04-19 12:10:48 | INFO | Episode 2116 - Reward: -200.000, Length: 200, Loss: 8.3438, Entropy: 1.0851, Epsilon: 0.010
2026-04-19 12:10:48 | INFO | Episode 2117 - Reward: -200.000, Length: 200, Loss: 22.1048, Entropy: 1.0791, Epsilon: 0.010
2026-04-19 12:10:48 | INFO | Episode 2118 - Reward: -200.000, Length: 200, Loss: 10.9357, Entropy: 1.0929, Epsilon: 0.010
2026-04-19 12:10:49 | INFO | Episode 2119 - Reward: -200.000, Length: 200, Loss: 2.6327, Entropy: 1.0961, Epsilon: 0.010
2026-04-19 12:10:49 | INFO | Episode 2120 - Reward: -200.000, Length: 200, Loss: 11.2166, Entropy: 1.0896, Epsilon: 0.010
2026-04-19 12:10:49 | INFO | Episode 2121 - Reward: -200.000, Length: 200, Loss: 5.4656, Entropy: 1.0949, Epsilon: 0.010
2026-04-19 12:10:50 | INFO | Episode 2122 - Reward: -200.000, Length: 200, Loss: 14.2705, Entropy: 1.0934, Epsilon: 0.010
2026-04-19 12:10:50 | INFO | Episode 2123 - Reward: -200.000, Length: 200, Loss: 14.0296, Entropy: 1.0495, Epsilon: 0.010
2026-04-19 12:10:50 | INFO | Episode 2124 - Reward: -200.000, Length: 200, Loss: 5.5689, Entropy: 1.0961, Epsilon: 0.010
2026-04-19 12:10:51 | INFO | Episode 2125 - Reward: -200.000, Length: 200, Loss: 8.4300, Entropy: 1.0944, Epsilon: 0.010
2026-04-19 12:10:51 | INFO | Episode 2126 - Reward: -200.000, Length: 200, Loss: 29.1391, Entropy: 1.0914, Epsilon: 0.010
2026-04-19 12:10:51 | INFO | Episode 2127 - Reward: -200.000, Length: 200, Loss: 14.4713, Entropy: 1.0926, Epsilon: 0.010
2026-04-19 12:10:52 | INFO | Episode 2128 - Reward: -200.000, Length: 200, Loss: 5.7956, Entropy: 1.0968, Epsilon: 0.010
2026-04-19 12:10:52 | INFO | Episode 2129 - Reward: -200.000, Length: 200, Loss: 32.4275, Entropy: 1.0810, Epsilon: 0.010
2026-04-19 12:10:52 | INFO | Episode 2130 - Reward: -200.000, Length: 200, Loss: 20.5914, Entropy: 1.0869, Epsilon: 0.010
2026-04-19 12:10:52 | INFO | Episode 2131 - Reward: -200.000, Length: 200, Loss: 8.6030, Entropy: 1.0922, Epsilon: 0.010
2026-04-19 12:10:53 | INFO | Episode 2132 - Reward: -200.000, Length: 200, Loss: 8.5910, Entropy: 1.0957, Epsilon: 0.010
2026-04-19 12:10:53 | INFO | Episode 2133 - Reward: -200.000, Length: 200, Loss: 5.6851, Entropy: 1.0933, Epsilon: 0.010
2026-04-19 12:10:53 | INFO | Episode 2134 - Reward: -200.000, Length: 200, Loss: 20.5195, Entropy: 1.0867, Epsilon: 0.010
2026-04-19 12:10:54 | INFO | Episode 2135 - Reward: -200.000, Length: 200, Loss: 8.7718, Entropy: 1.0960, Epsilon: 0.010
2026-04-19 12:10:54 | INFO | Episode 2136 - Reward: -200.000, Length: 200, Loss: 11.6731, Entropy: 1.0873, Epsilon: 0.010
2026-04-19 12:10:54 | INFO | Episode 2137 - Reward: -200.000, Length: 200, Loss: 5.8699, Entropy: 1.0920, Epsilon: 0.010
2026-04-19 12:10:55 | INFO | Episode 2138 - Reward: -200.000, Length: 200, Loss: 20.9010, Entropy: 1.0786, Epsilon: 0.010
2026-04-19 12:10:56 | INFO | Episode 2139 - Reward: -200.000, Length: 200, Loss: 2.8511, Entropy: 1.0878, Epsilon: 0.010
2026-04-19 12:10:56 | INFO | Episode 2140 - Reward: -200.000, Length: 200, Loss: 14.4945, Entropy: 1.0890, Epsilon: 0.010
2026-04-19 12:10:56 | INFO | Episode 2141 - Reward: -200.000, Length: 200, Loss: 5.6416, Entropy: 1.0868, Epsilon: 0.010
2026-04-19 12:10:57 | INFO | Episode 2142 - Reward: -200.000, Length: 200, Loss: 8.5635, Entropy: 1.0952, Epsilon: 0.010
2026-04-19 12:10:57 | INFO | Episode 2143 - Reward: -200.000, Length: 200, Loss: 26.0844, Entropy: 1.0809, Epsilon: 0.010
2026-04-19 12:10:57 | INFO | Episode 2144 - Reward: -200.000, Length: 200, Loss: 17.4864, Entropy: 1.0920, Epsilon: 0.010
2026-04-19 12:10:58 | INFO | Episode 2145 - Reward: -200.000, Length: 200, Loss: 20.5745, Entropy: 1.0670, Epsilon: 0.010
2026-04-19 12:10:58 | INFO | Episode 2146 - Reward: -200.000, Length: 200, Loss: 20.2979, Entropy: 1.0794, Epsilon: 0.010
2026-04-19 12:10:58 | INFO | Episode 2147 - Reward: -200.000, Length: 200, Loss: 31.6816, Entropy: 1.0518, Epsilon: 0.010
2026-04-19 12:10:59 | INFO | Episode 2148 - Reward: -200.000, Length: 200, Loss: 11.5085, Entropy: 1.0815, Epsilon: 0.010
2026-04-19 12:10:59 | INFO | Episode 2149 - Reward: -200.000, Length: 200, Loss: 5.6610, Entropy: 1.0928, Epsilon: 0.010
2026-04-19 12:10:59 | INFO | Episode 2150 - Reward: -200.000, Length: 200, Loss: 11.4155, Entropy: 1.0904, Epsilon: 0.010
2026-04-19 12:11:00 | INFO | Episode 2151 - Reward: -200.000, Length: 200, Loss: 22.9791, Entropy: 1.0691, Epsilon: 0.010
2026-04-19 12:11:00 | INFO | Episode 2152 - Reward: -200.000, Length: 200, Loss: 22.9102, Entropy: 1.0551, Epsilon: 0.010
2026-04-19 12:11:00 | INFO | Episode 2153 - Reward: -200.000, Length: 200, Loss: 17.2648, Entropy: 1.0842, Epsilon: 0.010
2026-04-19 12:11:01 | INFO | Episode 2154 - Reward: -200.000, Length: 200, Loss: 23.0386, Entropy: 1.0698, Epsilon: 0.010
2026-04-19 12:11:01 | INFO | Episode 2155 - Reward: -200.000, Length: 200, Loss: 5.5679, Entropy: 1.0868, Epsilon: 0.010
2026-04-19 12:11:01 | INFO | Episode 2156 - Reward: -200.000, Length: 200, Loss: 17.7078, Entropy: 1.0798, Epsilon: 0.010
2026-04-19 12:11:02 | INFO | Episode 2157 - Reward: -200.000, Length: 200, Loss: 2.7641, Entropy: 1.0954, Epsilon: 0.010
2026-04-19 12:11:02 | INFO | Episode 2158 - Reward: -200.000, Length: 200, Loss: 8.5771, Entropy: 1.0891, Epsilon: 0.010
2026-04-19 12:11:02 | INFO | Episode 2159 - Reward: -200.000, Length: 200, Loss: 2.8110, Entropy: 1.0957, Epsilon: 0.010
2026-04-19 12:11:03 | INFO | Episode 2160 - Reward: -200.000, Length: 200, Loss: 8.7009, Entropy: 1.0934, Epsilon: 0.010
2026-04-19 12:11:03 | INFO | Episode 2161 - Reward: -200.000, Length: 200, Loss: 15.0579, Entropy: 1.0740, Epsilon: 0.010
2026-04-19 12:11:03 | INFO | Episode 2162 - Reward: -200.000, Length: 200, Loss: 11.5589, Entropy: 1.0831, Epsilon: 0.010
2026-04-19 12:11:04 | INFO | Episode 2163 - Reward: -200.000, Length: 200, Loss: 14.9128, Entropy: 1.0751, Epsilon: 0.010
2026-04-19 12:11:04 | INFO | Episode 2164 - Reward: -200.000, Length: 200, Loss: 14.3032, Entropy: 1.0582, Epsilon: 0.010
2026-04-19 12:11:04 | INFO | Episode 2165 - Reward: -200.000, Length: 200, Loss: 16.9364, Entropy: 1.0867, Epsilon: 0.010
2026-04-19 12:11:05 | INFO | Episode 2166 - Reward: -200.000, Length: 200, Loss: 19.0917, Entropy: 1.0760, Epsilon: 0.010
2026-04-19 12:11:05 | INFO | Episode 2167 - Reward: -200.000, Length: 200, Loss: 16.3716, Entropy: 1.0894, Epsilon: 0.010
2026-04-19 12:11:05 | INFO | Episode 2168 - Reward: -200.000, Length: 200, Loss: 8.1594, Entropy: 1.0923, Epsilon: 0.010
2026-04-19 12:11:06 | INFO | Episode 2169 - Reward: -200.000, Length: 200, Loss: 22.1307, Entropy: 1.0873, Epsilon: 0.010
2026-04-19 12:11:06 | INFO | Episode 2170 - Reward: -200.000, Length: 200, Loss: 8.1766, Entropy: 1.0921, Epsilon: 0.010
2026-04-19 12:11:06 | INFO | Episode 2171 - Reward: -200.000, Length: 200, Loss: 13.9296, Entropy: 1.0905, Epsilon: 0.010
2026-04-19 12:11:07 | INFO | Episode 2172 - Reward: -200.000, Length: 200, Loss: 16.6515, Entropy: 1.0835, Epsilon: 0.010
2026-04-19 12:11:07 | INFO | Episode 2173 - Reward: -200.000, Length: 200, Loss: 11.0720, Entropy: 1.0884, Epsilon: 0.010
2026-04-19 12:11:07 | INFO | Episode 2174 - Reward: -200.000, Length: 200, Loss: 16.3824, Entropy: 1.0795, Epsilon: 0.010
2026-04-19 12:11:08 | INFO | Episode 2175 - Reward: -200.000, Length: 200, Loss: 19.3334, Entropy: 1.0874, Epsilon: 0.010
2026-04-19 12:11:08 | INFO | Episode 2176 - Reward: -200.000, Length: 200, Loss: 8.1545, Entropy: 1.0885, Epsilon: 0.010
2026-04-19 12:11:08 | INFO | Episode 2177 - Reward: -200.000, Length: 200, Loss: 5.3657, Entropy: 1.0844, Epsilon: 0.010
2026-04-19 12:11:09 | INFO | Episode 2178 - Reward: -200.000, Length: 200, Loss: 24.4013, Entropy: 1.0761, Epsilon: 0.010
2026-04-19 12:11:09 | INFO | Episode 2179 - Reward: -200.000, Length: 200, Loss: 7.9514, Entropy: 1.0907, Epsilon: 0.010
2026-04-19 12:11:09 | INFO | Episode 2180 - Reward: -200.000, Length: 200, Loss: 15.9329, Entropy: 1.0921, Epsilon: 0.010
2026-04-19 12:11:10 | INFO | Episode 2181 - Reward: -200.000, Length: 200, Loss: 10.5360, Entropy: 1.0884, Epsilon: 0.010
2026-04-19 12:11:10 | INFO | Episode 2182 - Reward: -200.000, Length: 200, Loss: 10.5869, Entropy: 1.0857, Epsilon: 0.010
2026-04-19 12:11:10 | INFO | Episode 2183 - Reward: -200.000, Length: 200, Loss: 7.7225, Entropy: 1.0798, Epsilon: 0.010
2026-04-19 12:11:11 | INFO | Episode 2184 - Reward: -200.000, Length: 200, Loss: 13.2666, Entropy: 1.0847, Epsilon: 0.010
2026-04-19 12:11:11 | INFO | Episode 2185 - Reward: -200.000, Length: 200, Loss: 16.0343, Entropy: 1.0939, Epsilon: 0.010
2026-04-19 12:11:11 | INFO | Episode 2186 - Reward: -200.000, Length: 200, Loss: 19.2961, Entropy: 1.0923, Epsilon: 0.010
2026-04-19 12:11:12 | INFO | Episode 2187 - Reward: -200.000, Length: 200, Loss: 19.3996, Entropy: 1.0803, Epsilon: 0.010
2026-04-19 12:11:12 | INFO | Episode 2188 - Reward: -200.000, Length: 200, Loss: 19.1008, Entropy: 1.0748, Epsilon: 0.010
2026-04-19 12:11:12 | INFO | Episode 2189 - Reward: -200.000, Length: 200, Loss: 24.6668, Entropy: 1.0764, Epsilon: 0.010
2026-04-19 12:11:12 | INFO | Episode 2190 - Reward: -200.000, Length: 200, Loss: 10.9194, Entropy: 1.0906, Epsilon: 0.010
2026-04-19 12:11:13 | INFO | Episode 2191 - Reward: -200.000, Length: 200, Loss: 8.2271, Entropy: 1.0856, Epsilon: 0.010
2026-04-19 12:11:13 | INFO | Episode 2192 - Reward: -200.000, Length: 200, Loss: 13.7352, Entropy: 1.0808, Epsilon: 0.010
2026-04-19 12:11:13 | INFO | Episode 2193 - Reward: -200.000, Length: 200, Loss: 13.8375, Entropy: 1.0832, Epsilon: 0.010
2026-04-19 12:11:14 | INFO | Episode 2194 - Reward: -200.000, Length: 200, Loss: 16.3056, Entropy: 1.0910, Epsilon: 0.010
2026-04-19 12:11:14 | INFO | Episode 2195 - Reward: -200.000, Length: 200, Loss: 21.8368, Entropy: 1.0860, Epsilon: 0.010
2026-04-19 12:11:14 | INFO | Episode 2196 - Reward: -200.000, Length: 200, Loss: 24.6770, Entropy: 1.0770, Epsilon: 0.010
2026-04-19 12:11:15 | INFO | Episode 2197 - Reward: -200.000, Length: 200, Loss: 13.7368, Entropy: 1.0887, Epsilon: 0.010
2026-04-19 12:11:15 | INFO | Episode 2198 - Reward: -200.000, Length: 200, Loss: 19.1018, Entropy: 1.0649, Epsilon: 0.010
2026-04-19 12:11:15 | INFO | Episode 2199 - Reward: -200.000, Length: 200, Loss: 15.9183, Entropy: 1.0830, Epsilon: 0.010
2026-04-19 12:11:16 | INFO | Episode 2200 - Reward: -200.000, Length: 200, Loss: 23.9161, Entropy: 1.0822, Epsilon: 0.010
2026-04-19 12:11:21 | INFO | [Episode 2200] eps=0.010  avg_reward=-200.000  avg_length=200.00  avg_loss= 14.1105  avg_entropy=1.0822  eval_success=0.000
2026-04-19 12:11:21 | INFO | Episode 2201 - Reward: -200.000, Length: 200, Loss: 5.0910, Entropy: 1.0946, Epsilon: 0.010
2026-04-19 12:11:21 | INFO | Episode 2202 - Reward: -200.000, Length: 200, Loss: 5.0551, Entropy: 1.0952, Epsilon: 0.010
2026-04-19 12:11:22 | INFO | Episode 2203 - Reward: -200.000, Length: 200, Loss: 15.6355, Entropy: 1.0920, Epsilon: 0.010
2026-04-19 12:11:22 | INFO | Episode 2204 - Reward: -200.000, Length: 200, Loss: 18.0606, Entropy: 1.0868, Epsilon: 0.010
2026-04-19 12:11:22 | INFO | Episode 2205 - Reward: -200.000, Length: 200, Loss: 10.3353, Entropy: 1.0919, Epsilon: 0.010
2026-04-19 12:11:23 | INFO | Episode 2206 - Reward: -200.000, Length: 200, Loss: 10.2248, Entropy: 1.0864, Epsilon: 0.010
2026-04-19 12:11:23 | INFO | Episode 2207 - Reward: -200.000, Length: 200, Loss: 15.5364, Entropy: 1.0751, Epsilon: 0.010
2026-04-19 12:11:23 | INFO | Episode 2208 - Reward: -200.000, Length: 200, Loss: 18.1601, Entropy: 1.0804, Epsilon: 0.010
2026-04-19 12:11:24 | INFO | Episode 2209 - Reward: -200.000, Length: 200, Loss: 18.1647, Entropy: 1.0768, Epsilon: 0.010
2026-04-19 12:11:24 | INFO | Episode 2210 - Reward: -200.000, Length: 200, Loss: 18.2715, Entropy: 1.0758, Epsilon: 0.010
2026-04-19 12:11:24 | INFO | Episode 2211 - Reward: -200.000, Length: 200, Loss: 15.5805, Entropy: 1.0823, Epsilon: 0.010
2026-04-19 12:11:25 | INFO | Episode 2212 - Reward: -200.000, Length: 200, Loss: 15.6483, Entropy: 1.0931, Epsilon: 0.010
2026-04-19 12:11:25 | INFO | Episode 2213 - Reward: -200.000, Length: 200, Loss: 12.9823, Entropy: 1.0911, Epsilon: 0.010
2026-04-19 12:11:25 | INFO | Episode 2214 - Reward: -200.000, Length: 200, Loss: 7.8393, Entropy: 1.0912, Epsilon: 0.010
2026-04-19 12:11:26 | INFO | Episode 2215 - Reward: -200.000, Length: 200, Loss: 13.1513, Entropy: 1.0887, Epsilon: 0.010
2026-04-19 12:11:26 | INFO | Episode 2216 - Reward: -200.000, Length: 200, Loss: 23.6928, Entropy: 1.0916, Epsilon: 0.010
2026-04-19 12:11:26 | INFO | Episode 2217 - Reward: -200.000, Length: 200, Loss: 10.4347, Entropy: 1.0826, Epsilon: 0.010
2026-04-19 12:11:27 | INFO | Episode 2218 - Reward: -200.000, Length: 200, Loss: 15.7956, Entropy: 1.0925, Epsilon: 0.010
2026-04-19 12:11:27 | INFO | Episode 2219 - Reward: -200.000, Length: 200, Loss: 15.8736, Entropy: 1.0940, Epsilon: 0.010
2026-04-19 12:11:27 | INFO | Episode 2220 - Reward: -200.000, Length: 200, Loss: 18.5249, Entropy: 1.0827, Epsilon: 0.010
2026-04-19 12:11:28 | INFO | Episode 2221 - Reward: -200.000, Length: 200, Loss: 19.1048, Entropy: 1.0801, Epsilon: 0.010
2026-04-19 12:11:28 | INFO | Episode 2222 - Reward: -200.000, Length: 200, Loss: 5.2139, Entropy: 1.0900, Epsilon: 0.010
2026-04-19 12:11:29 | INFO | Episode 2223 - Reward: -200.000, Length: 200, Loss: 18.7766, Entropy: 1.0869, Epsilon: 0.010
2026-04-19 12:11:29 | INFO | Episode 2224 - Reward: -200.000, Length: 200, Loss: 7.8900, Entropy: 1.0792, Epsilon: 0.010
2026-04-19 12:11:29 | INFO | Episode 2225 - Reward: -200.000, Length: 200, Loss: 13.2976, Entropy: 1.0926, Epsilon: 0.010
2026-04-19 12:11:30 | INFO | Episode 2226 - Reward: -200.000, Length: 200, Loss: 8.0226, Entropy: 1.0906, Epsilon: 0.010
2026-04-19 12:11:30 | INFO | Episode 2227 - Reward: -200.000, Length: 200, Loss: 16.3460, Entropy: 1.0837, Epsilon: 0.010
2026-04-19 12:11:30 | INFO | Episode 2228 - Reward: -200.000, Length: 200, Loss: 24.2106, Entropy: 1.0833, Epsilon: 0.010
2026-04-19 12:11:31 | INFO | Episode 2229 - Reward: -200.000, Length: 200, Loss: 10.6353, Entropy: 1.0916, Epsilon: 0.010
2026-04-19 12:11:31 | INFO | Episode 2230 - Reward: -200.000, Length: 200, Loss: 2.5167, Entropy: 1.0941, Epsilon: 0.010
2026-04-19 12:11:31 | INFO | Episode 2231 - Reward: -200.000, Length: 200, Loss: 10.8110, Entropy: 1.0921, Epsilon: 0.010
2026-04-19 12:11:32 | INFO | Episode 2232 - Reward: -200.000, Length: 200, Loss: 10.7533, Entropy: 1.0939, Epsilon: 0.010
2026-04-19 12:11:32 | INFO | Episode 2233 - Reward: -200.000, Length: 200, Loss: 10.8917, Entropy: 1.0884, Epsilon: 0.010
2026-04-19 12:11:32 | INFO | Episode 2234 - Reward: -200.000, Length: 200, Loss: 16.4569, Entropy: 1.0908, Epsilon: 0.010
2026-04-19 12:11:33 | INFO | Episode 2235 - Reward: -200.000, Length: 200, Loss: 27.2642, Entropy: 1.0780, Epsilon: 0.010
2026-04-19 12:11:33 | INFO | Episode 2236 - Reward: -200.000, Length: 200, Loss: 21.9582, Entropy: 1.0878, Epsilon: 0.010
2026-04-19 12:11:33 | INFO | Episode 2237 - Reward: -200.000, Length: 200, Loss: 30.0741, Entropy: 1.0771, Epsilon: 0.010
2026-04-19 12:11:34 | INFO | Episode 2238 - Reward: -200.000, Length: 200, Loss: 16.4551, Entropy: 1.0922, Epsilon: 0.010
2026-04-19 12:11:34 | INFO | Episode 2239 - Reward: -200.000, Length: 200, Loss: 18.5334, Entropy: 1.0827, Epsilon: 0.010
2026-04-19 12:11:34 | INFO | Episode 2240 - Reward: -200.000, Length: 200, Loss: 5.1938, Entropy: 1.0945, Epsilon: 0.010
2026-04-19 12:11:35 | INFO | Episode 2241 - Reward: -200.000, Length: 200, Loss: 10.7409, Entropy: 1.0949, Epsilon: 0.010
2026-04-19 12:11:35 | INFO | Episode 2242 - Reward: -200.000, Length: 200, Loss: 10.5750, Entropy: 1.0811, Epsilon: 0.010
2026-04-19 12:11:35 | INFO | Episode 2243 - Reward: -200.000, Length: 200, Loss: 13.1982, Entropy: 1.0841, Epsilon: 0.010
2026-04-19 12:11:36 | INFO | Episode 2244 - Reward: -200.000, Length: 200, Loss: 13.2077, Entropy: 1.0774, Epsilon: 0.010
2026-04-19 12:11:36 | INFO | Episode 2245 - Reward: -200.000, Length: 200, Loss: 15.7716, Entropy: 1.0902, Epsilon: 0.010
2026-04-19 12:11:36 | INFO | Episode 2246 - Reward: -200.000, Length: 200, Loss: 15.5692, Entropy: 1.0798, Epsilon: 0.010
2026-04-19 12:11:37 | INFO | Episode 2247 - Reward: -200.000, Length: 200, Loss: 23.3198, Entropy: 1.0933, Epsilon: 0.010
2026-04-19 12:11:37 | INFO | Episode 2248 - Reward: -200.000, Length: 200, Loss: 12.9791, Entropy: 1.0873, Epsilon: 0.010
2026-04-19 12:11:37 | INFO | Episode 2249 - Reward: -200.000, Length: 200, Loss: 12.9334, Entropy: 1.0747, Epsilon: 0.010
2026-04-19 12:11:38 | INFO | Episode 2250 - Reward: -200.000, Length: 200, Loss: 18.1191, Entropy: 1.0676, Epsilon: 0.010
2026-04-19 12:11:38 | INFO | Episode 2251 - Reward: -200.000, Length: 200, Loss: 7.6017, Entropy: 1.0898, Epsilon: 0.010
2026-04-19 12:11:38 | INFO | Episode 2252 - Reward: -200.000, Length: 200, Loss: 10.1717, Entropy: 1.0847, Epsilon: 0.010
2026-04-19 12:11:39 | INFO | Episode 2253 - Reward: -200.000, Length: 200, Loss: 25.7093, Entropy: 1.0679, Epsilon: 0.010
2026-04-19 12:11:39 | INFO | Episode 2254 - Reward: -200.000, Length: 200, Loss: 20.5561, Entropy: 1.0924, Epsilon: 0.010
2026-04-19 12:11:39 | INFO | Episode 2255 - Reward: -200.000, Length: 200, Loss: 23.4419, Entropy: 1.0761, Epsilon: 0.010
2026-04-19 12:11:40 | INFO | Episode 2256 - Reward: -200.000, Length: 200, Loss: 15.4486, Entropy: 1.0918, Epsilon: 0.010
2026-04-19 12:11:40 | INFO | Episode 2257 - Reward: -200.000, Length: 200, Loss: 10.2070, Entropy: 1.0906, Epsilon: 0.010
2026-04-19 12:11:40 | INFO | Episode 2258 - Reward: -200.000, Length: 200, Loss: 20.6903, Entropy: 1.0768, Epsilon: 0.010
2026-04-19 12:11:41 | INFO | Episode 2259 - Reward: -200.000, Length: 200, Loss: 7.5232, Entropy: 1.0909, Epsilon: 0.010
2026-04-19 12:11:41 | INFO | Episode 2260 - Reward: -200.000, Length: 200, Loss: 7.5091, Entropy: 1.0930, Epsilon: 0.010
2026-04-19 12:11:41 | INFO | Episode 2261 - Reward: -200.000, Length: 200, Loss: 20.6200, Entropy: 1.0736, Epsilon: 0.010
2026-04-19 12:11:42 | INFO | Episode 2262 - Reward: -200.000, Length: 200, Loss: 10.2919, Entropy: 1.0865, Epsilon: 0.010
2026-04-19 12:11:42 | INFO | Episode 2263 - Reward: -200.000, Length: 200, Loss: 13.0125, Entropy: 1.0925, Epsilon: 0.010
2026-04-19 12:11:42 | INFO | Episode 2264 - Reward: -200.000, Length: 200, Loss: 13.0275, Entropy: 1.0811, Epsilon: 0.010
2026-04-19 12:11:43 | INFO | Episode 2265 - Reward: -200.000, Length: 200, Loss: 23.4220, Entropy: 1.0773, Epsilon: 0.010
2026-04-19 12:11:43 | INFO | Episode 2266 - Reward: -200.000, Length: 200, Loss: 12.8383, Entropy: 1.0853, Epsilon: 0.010
2026-04-19 12:11:43 | INFO | Episode 2267 - Reward: -200.000, Length: 200, Loss: 10.3504, Entropy: 1.0815, Epsilon: 0.010
2026-04-19 12:11:44 | INFO | Episode 2268 - Reward: -200.000, Length: 200, Loss: 2.3862, Entropy: 1.0968, Epsilon: 0.010
2026-04-19 12:11:44 | INFO | Episode 2269 - Reward: -200.000, Length: 200, Loss: 20.4920, Entropy: 1.0854, Epsilon: 0.010
2026-04-19 12:11:44 | INFO | Episode 2270 - Reward: -200.000, Length: 200, Loss: 18.1117, Entropy: 1.0871, Epsilon: 0.010
2026-04-19 12:11:45 | INFO | Episode 2271 - Reward: -200.000, Length: 200, Loss: 25.2970, Entropy: 1.0656, Epsilon: 0.010
2026-04-19 12:11:45 | INFO | Episode 2272 - Reward: -200.000, Length: 200, Loss: 17.8841, Entropy: 1.0465, Epsilon: 0.010
2026-04-19 12:11:45 | INFO | Episode 2273 - Reward: -200.000, Length: 200, Loss: 9.9639, Entropy: 1.0917, Epsilon: 0.010
2026-04-19 12:11:46 | INFO | Episode 2274 - Reward: -200.000, Length: 200, Loss: 10.0082, Entropy: 1.0924, Epsilon: 0.010
2026-04-19 12:11:46 | INFO | Episode 2275 - Reward: -200.000, Length: 200, Loss: 4.9921, Entropy: 1.0934, Epsilon: 0.010
2026-04-19 12:11:46 | INFO | Episode 2276 - Reward: -200.000, Length: 200, Loss: 10.0727, Entropy: 1.0911, Epsilon: 0.010
2026-04-19 12:11:47 | INFO | Episode 2277 - Reward: -200.000, Length: 200, Loss: 25.3449, Entropy: 1.0483, Epsilon: 0.010
2026-04-19 12:11:47 | INFO | Episode 2278 - Reward: -200.000, Length: 200, Loss: 10.1333, Entropy: 1.0492, Epsilon: 0.010
2026-04-19 12:11:47 | INFO | Episode 2279 - Reward: -200.000, Length: 200, Loss: 7.4919, Entropy: 1.0950, Epsilon: 0.010
2026-04-19 12:11:48 | INFO | Episode 2280 - Reward: -200.000, Length: 200, Loss: 5.0367, Entropy: 1.0949, Epsilon: 0.010
2026-04-19 12:11:48 | INFO | Episode 2281 - Reward: -200.000, Length: 200, Loss: 10.3014, Entropy: 1.0914, Epsilon: 0.010
2026-04-19 12:11:48 | INFO | Episode 2282 - Reward: -200.000, Length: 200, Loss: 10.3138, Entropy: 1.0811, Epsilon: 0.010
2026-04-19 12:11:48 | INFO | Episode 2283 - Reward: -200.000, Length: 200, Loss: 10.2849, Entropy: 1.0903, Epsilon: 0.010
2026-04-19 12:11:49 | INFO | Episode 2284 - Reward: -200.000, Length: 200, Loss: 5.0545, Entropy: 1.0925, Epsilon: 0.010
2026-04-19 12:11:49 | INFO | Episode 2285 - Reward: -200.000, Length: 200, Loss: 23.1765, Entropy: 1.0903, Epsilon: 0.010
2026-04-19 12:11:49 | INFO | Episode 2286 - Reward: -200.000, Length: 200, Loss: 17.6019, Entropy: 1.0842, Epsilon: 0.010
2026-04-19 12:11:50 | INFO | Episode 2287 - Reward: -200.000, Length: 200, Loss: 7.4085, Entropy: 1.0914, Epsilon: 0.010
2026-04-19 12:11:50 | INFO | Episode 2288 - Reward: -200.000, Length: 200, Loss: 12.5265, Entropy: 1.0900, Epsilon: 0.010
2026-04-19 12:11:50 | INFO | Episode 2289 - Reward: -200.000, Length: 200, Loss: 7.5148, Entropy: 1.0913, Epsilon: 0.010
2026-04-19 12:11:51 | INFO | Episode 2290 - Reward: -200.000, Length: 200, Loss: 20.5078, Entropy: 1.0899, Epsilon: 0.010
2026-04-19 12:11:51 | INFO | Episode 2291 - Reward: -200.000, Length: 200, Loss: 17.5521, Entropy: 1.0935, Epsilon: 0.010
2026-04-19 12:11:51 | INFO | Episode 2292 - Reward: -200.000, Length: 200, Loss: 24.9749, Entropy: 1.0844, Epsilon: 0.010
2026-04-19 12:11:52 | INFO | Episode 2293 - Reward: -200.000, Length: 200, Loss: 20.0263, Entropy: 1.0806, Epsilon: 0.010
2026-04-19 12:11:52 | INFO | Episode 2294 - Reward: -200.000, Length: 200, Loss: 14.6183, Entropy: 1.0684, Epsilon: 0.010
2026-04-19 12:11:52 | INFO | Episode 2295 - Reward: -200.000, Length: 200, Loss: 4.9172, Entropy: 1.0862, Epsilon: 0.010
2026-04-19 12:11:53 | INFO | Episode 2296 - Reward: -200.000, Length: 200, Loss: 12.3942, Entropy: 1.0866, Epsilon: 0.010
2026-04-19 12:11:53 | INFO | Episode 2297 - Reward: -200.000, Length: 200, Loss: 15.0515, Entropy: 1.0812, Epsilon: 0.010
2026-04-19 12:11:53 | INFO | Episode 2298 - Reward: -200.000, Length: 200, Loss: 10.0955, Entropy: 1.0704, Epsilon: 0.010
2026-04-19 12:11:54 | INFO | Episode 2299 - Reward: -200.000, Length: 200, Loss: 15.1266, Entropy: 1.0875, Epsilon: 0.010
2026-04-19 12:11:54 | INFO | Episode 2300 - Reward: -200.000, Length: 200, Loss: 17.6350, Entropy: 1.0863, Epsilon: 0.010
2026-04-19 12:11:59 | INFO | [Episode 2300] eps=0.010  avg_reward=-200.000  avg_length=200.00  avg_loss= 14.2160  avg_entropy=1.0863  eval_success=0.000
2026-04-19 12:11:59 | INFO | Episode 2301 - Reward: -200.000, Length: 200, Loss: 27.7642, Entropy: 1.0611, Epsilon: 0.010
2026-04-19 12:12:00 | INFO | Episode 2302 - Reward: -200.000, Length: 200, Loss: 15.0598, Entropy: 1.0556, Epsilon: 0.010
2026-04-19 12:12:00 | INFO | Episode 2303 - Reward: -200.000, Length: 200, Loss: 2.3853, Entropy: 1.0917, Epsilon: 0.010
2026-04-19 12:12:01 | INFO | Episode 2304 - Reward: -200.000, Length: 200, Loss: 15.2457, Entropy: 1.0908, Epsilon: 0.010
2026-04-19 12:12:01 | INFO | Episode 2305 - Reward: -200.000, Length: 200, Loss: 15.2028, Entropy: 1.0927, Epsilon: 0.010
2026-04-19 12:12:01 | INFO | Episode 2306 - Reward: -200.000, Length: 200, Loss: 12.8322, Entropy: 1.0799, Epsilon: 0.010
2026-04-19 12:12:02 | INFO | Episode 2307 - Reward: -200.000, Length: 200, Loss: 12.7720, Entropy: 1.0769, Epsilon: 0.010
2026-04-19 12:12:02 | INFO | Episode 2308 - Reward: -200.000, Length: 200, Loss: 5.1196, Entropy: 1.0914, Epsilon: 0.010
2026-04-19 12:12:02 | INFO | Episode 2309 - Reward: -200.000, Length: 200, Loss: 13.0684, Entropy: 1.0918, Epsilon: 0.010
2026-04-19 12:12:03 | INFO | Episode 2310 - Reward: -200.000, Length: 200, Loss: 15.8238, Entropy: 1.0720, Epsilon: 0.010
2026-04-19 12:12:03 | INFO | Episode 2311 - Reward: -200.000, Length: 200, Loss: 28.5430, Entropy: 1.0810, Epsilon: 0.010
2026-04-19 12:12:03 | INFO | Episode 2312 - Reward: -200.000, Length: 200, Loss: 10.3626, Entropy: 1.0832, Epsilon: 0.010
2026-04-19 12:12:04 | INFO | Episode 2313 - Reward: -200.000, Length: 200, Loss: 10.2973, Entropy: 1.0917, Epsilon: 0.010
2026-04-19 12:12:04 | INFO | Episode 2314 - Reward: -200.000, Length: 200, Loss: 20.9294, Entropy: 1.0889, Epsilon: 0.010
2026-04-19 12:12:04 | INFO | Episode 2315 - Reward: -200.000, Length: 200, Loss: 10.4213, Entropy: 1.0962, Epsilon: 0.010
2026-04-19 12:12:05 | INFO | Episode 2316 - Reward: -200.000, Length: 200, Loss: 5.0932, Entropy: 1.0950, Epsilon: 0.010
2026-04-19 12:12:05 | INFO | Episode 2317 - Reward: -200.000, Length: 200, Loss: 12.9918, Entropy: 1.0919, Epsilon: 0.010
2026-04-19 12:12:05 | INFO | Episode 2318 - Reward: -200.000, Length: 200, Loss: 5.1105, Entropy: 1.0937, Epsilon: 0.010
2026-04-19 12:12:06 | INFO | Episode 2319 - Reward: -200.000, Length: 200, Loss: 15.8224, Entropy: 1.0896, Epsilon: 0.010
2026-04-19 12:12:06 | INFO | Episode 2320 - Reward: -200.000, Length: 200, Loss: 13.1891, Entropy: 1.0938, Epsilon: 0.010
2026-04-19 12:12:06 | INFO | Episode 2321 - Reward: -200.000, Length: 200, Loss: 10.3773, Entropy: 1.0854, Epsilon: 0.010
2026-04-19 12:12:07 | INFO | Episode 2322 - Reward: -200.000, Length: 200, Loss: 18.3817, Entropy: 1.0872, Epsilon: 0.010
2026-04-19 12:12:07 | INFO | Episode 2323 - Reward: -200.000, Length: 200, Loss: 13.0858, Entropy: 1.0936, Epsilon: 0.010
2026-04-19 12:12:07 | INFO | Episode 2324 - Reward: -200.000, Length: 200, Loss: 15.7519, Entropy: 1.0909, Epsilon: 0.010
2026-04-19 12:12:08 | INFO | Episode 2325 - Reward: -200.000, Length: 200, Loss: 2.4877, Entropy: 1.0934, Epsilon: 0.010
2026-04-19 12:12:08 | INFO | Episode 2326 - Reward: -200.000, Length: 200, Loss: 10.6207, Entropy: 1.0843, Epsilon: 0.010
2026-04-19 12:12:08 | INFO | Episode 2327 - Reward: -200.000, Length: 200, Loss: 18.5253, Entropy: 1.0802, Epsilon: 0.010
2026-04-19 12:12:09 | INFO | Episode 2328 - Reward: -200.000, Length: 200, Loss: 10.6378, Entropy: 1.0777, Epsilon: 0.010
2026-04-19 12:12:09 | INFO | Episode 2329 - Reward: -200.000, Length: 200, Loss: 13.3989, Entropy: 1.0782, Epsilon: 0.010
2026-04-19 12:12:09 | INFO | Episode 2330 - Reward: -200.000, Length: 200, Loss: 2.5150, Entropy: 1.0942, Epsilon: 0.010
2026-04-19 12:12:10 | INFO | Episode 2331 - Reward: -200.000, Length: 200, Loss: 13.5446, Entropy: 1.0934, Epsilon: 0.010
2026-04-19 12:12:10 | INFO | Episode 2332 - Reward: -200.000, Length: 200, Loss: 27.0110, Entropy: 1.0790, Epsilon: 0.010
2026-04-19 12:12:10 | INFO | Episode 2333 - Reward: -200.000, Length: 200, Loss: 16.0973, Entropy: 1.0791, Epsilon: 0.010
2026-04-19 12:12:11 | INFO | Episode 2334 - Reward: -200.000, Length: 200, Loss: 7.7732, Entropy: 1.0796, Epsilon: 0.010
2026-04-19 12:12:11 | INFO | Episode 2335 - Reward: -200.000, Length: 200, Loss: 13.0453, Entropy: 1.0884, Epsilon: 0.010
2026-04-19 12:12:11 | INFO | Episode 2336 - Reward: -200.000, Length: 200, Loss: 15.6265, Entropy: 1.0887, Epsilon: 0.010
2026-04-19 12:12:12 | INFO | Episode 2337 - Reward: -200.000, Length: 200, Loss: 13.1109, Entropy: 1.0840, Epsilon: 0.010
2026-04-19 12:12:12 | INFO | Episode 2338 - Reward: -200.000, Length: 200, Loss: 23.6116, Entropy: 1.0784, Epsilon: 0.010
2026-04-19 12:12:12 | INFO | Episode 2339 - Reward: -200.000, Length: 200, Loss: 18.6984, Entropy: 1.0870, Epsilon: 0.010
2026-04-19 12:12:13 | INFO | Episode 2340 - Reward: -200.000, Length: 200, Loss: 18.3848, Entropy: 1.0849, Epsilon: 0.010
2026-04-19 12:12:13 | INFO | Episode 2341 - Reward: -200.000, Length: 200, Loss: 10.4787, Entropy: 1.0952, Epsilon: 0.010
2026-04-19 12:12:13 | INFO | Episode 2342 - Reward: -200.000, Length: 200, Loss: 5.1369, Entropy: 1.0949, Epsilon: 0.010
2026-04-19 12:12:14 | INFO | Episode 2343 - Reward: -200.000, Length: 200, Loss: 18.2157, Entropy: 1.0901, Epsilon: 0.010
2026-04-19 12:12:14 | INFO | Episode 2344 - Reward: -200.000, Length: 200, Loss: 21.1218, Entropy: 1.0731, Epsilon: 0.010
2026-04-19 12:12:14 | INFO | Episode 2345 - Reward: -200.000, Length: 200, Loss: 13.2213, Entropy: 1.0682, Epsilon: 0.010
2026-04-19 12:12:15 | INFO | Episode 2346 - Reward: -200.000, Length: 200, Loss: 29.4257, Entropy: 1.0706, Epsilon: 0.010
2026-04-19 12:12:15 | INFO | Episode 2347 - Reward: -200.000, Length: 200, Loss: 5.2466, Entropy: 1.0912, Epsilon: 0.010
2026-04-19 12:12:15 | INFO | Episode 2348 - Reward: -200.000, Length: 200, Loss: 18.6649, Entropy: 1.0834, Epsilon: 0.010
2026-04-19 12:12:16 | INFO | Episode 2349 - Reward: -200.000, Length: 200, Loss: 18.7826, Entropy: 1.0774, Epsilon: 0.010
2026-04-19 12:12:16 | INFO | Episode 2350 - Reward: -200.000, Length: 200, Loss: 13.4469, Entropy: 1.0835, Epsilon: 0.010
2026-04-19 12:12:16 | INFO | Episode 2351 - Reward: -200.000, Length: 200, Loss: 16.0420, Entropy: 1.0840, Epsilon: 0.010
2026-04-19 12:12:17 | INFO | Episode 2352 - Reward: -200.000, Length: 200, Loss: 15.7905, Entropy: 1.0860, Epsilon: 0.010
2026-04-19 12:12:17 | INFO | Episode 2353 - Reward: -200.000, Length: 200, Loss: 5.1469, Entropy: 1.0884, Epsilon: 0.010
2026-04-19 12:12:17 | INFO | Episode 2354 - Reward: -200.000, Length: 200, Loss: 13.2496, Entropy: 1.0922, Epsilon: 0.010
2026-04-19 12:12:18 | INFO | Episode 2355 - Reward: -200.000, Length: 200, Loss: 10.4962, Entropy: 1.0882, Epsilon: 0.010
2026-04-19 12:12:18 | INFO | Episode 2356 - Reward: -200.000, Length: 200, Loss: 15.7121, Entropy: 1.0813, Epsilon: 0.010
2026-04-19 12:12:18 | INFO | Episode 2357 - Reward: -200.000, Length: 200, Loss: 10.4352, Entropy: 1.0838, Epsilon: 0.010
2026-04-19 12:12:19 | INFO | Episode 2358 - Reward: -200.000, Length: 200, Loss: 2.4300, Entropy: 1.0952, Epsilon: 0.010
2026-04-19 12:12:19 | INFO | Episode 2359 - Reward: -200.000, Length: 200, Loss: 29.7832, Entropy: 1.0812, Epsilon: 0.010
2026-04-19 12:12:19 | INFO | Episode 2360 - Reward: -200.000, Length: 200, Loss: 16.0345, Entropy: 1.0829, Epsilon: 0.010
2026-04-19 12:12:20 | INFO | Episode 2361 - Reward: -200.000, Length: 200, Loss: 7.9139, Entropy: 1.0887, Epsilon: 0.010
2026-04-19 12:12:20 | INFO | Episode 2362 - Reward: -200.000, Length: 200, Loss: 15.9965, Entropy: 1.0910, Epsilon: 0.010
2026-04-19 12:12:20 | INFO | Episode 2363 - Reward: -200.000, Length: 200, Loss: 13.4680, Entropy: 1.0930, Epsilon: 0.010
2026-04-19 12:12:21 | INFO | Episode 2364 - Reward: -200.000, Length: 200, Loss: 10.9054, Entropy: 1.0842, Epsilon: 0.010
2026-04-19 12:12:21 | INFO | Episode 2365 - Reward: -200.000, Length: 200, Loss: 8.0835, Entropy: 1.0895, Epsilon: 0.010
2026-04-19 12:12:21 | INFO | Episode 2366 - Reward: -200.000, Length: 200, Loss: 2.5833, Entropy: 1.0978, Epsilon: 0.010
2026-04-19 12:12:22 | INFO | Episode 2367 - Reward: -200.000, Length: 200, Loss: 16.4679, Entropy: 1.0864, Epsilon: 0.010
2026-04-19 12:12:22 | INFO | Episode 2368 - Reward: -200.000, Length: 200, Loss: 10.9155, Entropy: 1.0885, Epsilon: 0.010
2026-04-19 12:12:22 | INFO | Episode 2369 - Reward: -200.000, Length: 200, Loss: 19.4259, Entropy: 1.0808, Epsilon: 0.010
2026-04-19 12:12:23 | INFO | Episode 2370 - Reward: -200.000, Length: 200, Loss: 11.0567, Entropy: 1.0952, Epsilon: 0.010
2026-04-19 12:12:23 | INFO | Episode 2371 - Reward: -200.000, Length: 200, Loss: 19.6919, Entropy: 1.0920, Epsilon: 0.010
2026-04-19 12:12:23 | INFO | Episode 2372 - Reward: -200.000, Length: 200, Loss: 13.9470, Entropy: 1.0791, Epsilon: 0.010
2026-04-19 12:12:24 | INFO | Episode 2373 - Reward: -200.000, Length: 200, Loss: 8.3601, Entropy: 1.0914, Epsilon: 0.010
2026-04-19 12:12:25 | INFO | Episode 2374 - Reward: -200.000, Length: 200, Loss: 25.1676, Entropy: 1.0863, Epsilon: 0.010
2026-04-19 12:12:26 | INFO | Episode 2375 - Reward: -200.000, Length: 200, Loss: 11.1327, Entropy: 1.0803, Epsilon: 0.010
2026-04-19 12:12:26 | INFO | Episode 2376 - Reward: -200.000, Length: 200, Loss: 28.1915, Entropy: 1.0870, Epsilon: 0.010
2026-04-19 12:12:26 | INFO | Episode 2377 - Reward: -200.000, Length: 200, Loss: 17.1522, Entropy: 1.0828, Epsilon: 0.010
2026-04-19 12:12:27 | INFO | Episode 2378 - Reward: -200.000, Length: 200, Loss: 11.3470, Entropy: 1.0809, Epsilon: 0.010
2026-04-19 12:12:27 | INFO | Episode 2379 - Reward: -200.000, Length: 200, Loss: 5.5642, Entropy: 1.0917, Epsilon: 0.010
2026-04-19 12:12:27 | INFO | Episode 2380 - Reward: -200.000, Length: 200, Loss: 19.9654, Entropy: 1.0810, Epsilon: 0.010
2026-04-19 12:12:28 | INFO | Episode 2381 - Reward: -200.000, Length: 200, Loss: 19.5989, Entropy: 1.0914, Epsilon: 0.010
2026-04-19 12:12:28 | INFO | Episode 2382 - Reward: -200.000, Length: 200, Loss: 22.1776, Entropy: 1.0812, Epsilon: 0.010
2026-04-19 12:12:28 | INFO | Episode 2383 - Reward: -200.000, Length: 200, Loss: 13.8468, Entropy: 1.0840, Epsilon: 0.010
2026-04-19 12:12:29 | INFO | Episode 2384 - Reward: -200.000, Length: 200, Loss: 27.6988, Entropy: 1.0786, Epsilon: 0.010
2026-04-19 12:12:29 | INFO | Episode 2385 - Reward: -200.000, Length: 200, Loss: 16.7669, Entropy: 1.0918, Epsilon: 0.010
2026-04-19 12:12:29 | INFO | Episode 2386 - Reward: -200.000, Length: 200, Loss: 19.4148, Entropy: 1.0690, Epsilon: 0.010
2026-04-19 12:12:30 | INFO | Episode 2387 - Reward: -200.000, Length: 200, Loss: 8.2758, Entropy: 1.0925, Epsilon: 0.010
2026-04-19 12:12:30 | INFO | Episode 2388 - Reward: -200.000, Length: 200, Loss: 8.2194, Entropy: 1.0849, Epsilon: 0.010
2026-04-19 12:12:30 | INFO | Episode 2389 - Reward: -200.000, Length: 200, Loss: 8.3469, Entropy: 1.0948, Epsilon: 0.010
2026-04-19 12:12:31 | INFO | Episode 2390 - Reward: -200.000, Length: 200, Loss: 5.5451, Entropy: 1.0957, Epsilon: 0.010
2026-04-19 12:12:31 | INFO | Episode 2391 - Reward: -200.000, Length: 200, Loss: -0.1968, Entropy: 1.0985, Epsilon: 0.010
2026-04-19 12:12:31 | INFO | Episode 2392 - Reward: -200.000, Length: 200, Loss: 5.5821, Entropy: 1.0957, Epsilon: 0.010
2026-04-19 12:12:32 | INFO | Episode 2393 - Reward: -200.000, Length: 200, Loss: 22.6080, Entropy: 1.0879, Epsilon: 0.010
2026-04-19 12:12:32 | INFO | Episode 2394 - Reward: -200.000, Length: 200, Loss: 11.2533, Entropy: 1.0911, Epsilon: 0.010
2026-04-19 12:12:32 | INFO | Episode 2395 - Reward: -200.000, Length: 200, Loss: 16.9414, Entropy: 1.0783, Epsilon: 0.010
2026-04-19 12:12:33 | INFO | Episode 2396 - Reward: -200.000, Length: 200, Loss: 11.2648, Entropy: 1.0910, Epsilon: 0.010
2026-04-19 12:12:33 | INFO | Episode 2397 - Reward: -200.000, Length: 200, Loss: 14.0308, Entropy: 1.0914, Epsilon: 0.010
2026-04-19 12:12:34 | INFO | Episode 2398 - Reward: -200.000, Length: 200, Loss: 8.4858, Entropy: 1.0929, Epsilon: 0.010
2026-04-19 12:12:34 | INFO | Episode 2399 - Reward: -200.000, Length: 200, Loss: 25.4548, Entropy: 1.0681, Epsilon: 0.010
2026-04-19 12:12:34 | INFO | Episode 2400 - Reward: -200.000, Length: 200, Loss: 8.4758, Entropy: 1.0929, Epsilon: 0.010
2026-04-19 12:12:39 | INFO | [Episode 2400] eps=0.010  avg_reward=-200.000  avg_length=200.00  avg_loss= 13.9071  avg_entropy=1.0929  eval_success=0.000
2026-04-19 12:12:40 | INFO | Episode 2401 - Reward: -200.000, Length: 200, Loss: 16.9941, Entropy: 1.0788, Epsilon: 0.010
2026-04-19 12:12:40 | INFO | Episode 2402 - Reward: -200.000, Length: 200, Loss: 5.5408, Entropy: 1.0930, Epsilon: 0.010
2026-04-19 12:12:40 | INFO | Episode 2403 - Reward: -200.000, Length: 200, Loss: 19.8094, Entropy: 1.0908, Epsilon: 0.010
2026-04-19 12:12:40 | INFO | Episode 2404 - Reward: -200.000, Length: 200, Loss: 25.6762, Entropy: 1.0574, Epsilon: 0.010
2026-04-19 12:12:41 | INFO | Episode 2405 - Reward: -200.000, Length: 200, Loss: 8.5709, Entropy: 1.0934, Epsilon: 0.010
2026-04-19 12:12:41 | INFO | Episode 2406 - Reward: -200.000, Length: 200, Loss: 23.3533, Entropy: 1.0829, Epsilon: 0.010
2026-04-19 12:12:41 | INFO | Episode 2407 - Reward: -200.000, Length: 200, Loss: 8.7164, Entropy: 1.0966, Epsilon: 0.010
2026-04-19 12:12:42 | INFO | Episode 2408 - Reward: -200.000, Length: 200, Loss: 14.4603, Entropy: 1.0858, Epsilon: 0.010
2026-04-19 12:12:42 | INFO | Episode 2409 - Reward: -200.000, Length: 200, Loss: 11.8148, Entropy: 1.0682, Epsilon: 0.010
2026-04-19 12:12:42 | INFO | Episode 2410 - Reward: -200.000, Length: 200, Loss: 20.5344, Entropy: 1.0761, Epsilon: 0.010
2026-04-19 12:12:43 | INFO | Episode 2411 - Reward: -200.000, Length: 200, Loss: 2.7102, Entropy: 1.0848, Epsilon: 0.010
2026-04-19 12:12:43 | INFO | Episode 2412 - Reward: -200.000, Length: 200, Loss: 8.4997, Entropy: 1.0945, Epsilon: 0.010
2026-04-19 12:12:43 | INFO | Episode 2413 - Reward: -200.000, Length: 200, Loss: 2.6640, Entropy: 1.0965, Epsilon: 0.010
2026-04-19 12:12:44 | INFO | Episode 2414 - Reward: -200.000, Length: 200, Loss: 22.7764, Entropy: 1.0661, Epsilon: 0.010
2026-04-19 12:12:44 | INFO | Episode 2415 - Reward: -200.000, Length: 200, Loss: 8.4924, Entropy: 1.0930, Epsilon: 0.010
2026-04-19 12:12:44 | INFO | Episode 2416 - Reward: -200.000, Length: 200, Loss: 14.3287, Entropy: 1.0937, Epsilon: 0.010
2026-04-19 12:12:45 | INFO | Episode 2417 - Reward: -200.000, Length: 200, Loss: 17.3156, Entropy: 1.0799, Epsilon: 0.010
2026-04-19 12:12:45 | INFO | Episode 2418 - Reward: -200.000, Length: 200, Loss: 11.3708, Entropy: 1.0891, Epsilon: 0.010
2026-04-19 12:12:45 | INFO | Episode 2419 - Reward: -200.000, Length: 200, Loss: 17.0625, Entropy: 1.0811, Epsilon: 0.010
2026-04-19 12:12:46 | INFO | Episode 2420 - Reward: -200.000, Length: 200, Loss: 17.3524, Entropy: 1.0790, Epsilon: 0.010
2026-04-19 12:12:46 | INFO | Episode 2421 - Reward: -200.000, Length: 200, Loss: 13.8832, Entropy: 1.0875, Epsilon: 0.010
2026-04-19 12:12:46 | INFO | Episode 2422 - Reward: -200.000, Length: 200, Loss: 30.7102, Entropy: 1.0757, Epsilon: 0.010
2026-04-19 12:12:47 | INFO | Episode 2423 - Reward: -200.000, Length: 200, Loss: 14.0414, Entropy: 1.0828, Epsilon: 0.010
2026-04-19 12:12:47 | INFO | Episode 2424 - Reward: -200.000, Length: 200, Loss: 16.6085, Entropy: 1.0885, Epsilon: 0.010
2026-04-19 12:12:47 | INFO | Episode 2425 - Reward: -200.000, Length: 200, Loss: 8.2862, Entropy: 1.0906, Epsilon: 0.010
2026-04-19 12:12:48 | INFO | Episode 2426 - Reward: -200.000, Length: 200, Loss: 22.4940, Entropy: 1.0884, Epsilon: 0.010
2026-04-19 12:12:48 | INFO | Episode 2427 - Reward: -200.000, Length: 200, Loss: 16.6709, Entropy: 1.0689, Epsilon: 0.010
2026-04-19 12:12:48 | INFO | Episode 2428 - Reward: -200.000, Length: 200, Loss: 16.8741, Entropy: 1.0848, Epsilon: 0.010
2026-04-19 12:12:49 | INFO | Episode 2429 - Reward: -200.000, Length: 200, Loss: 5.2625, Entropy: 1.0838, Epsilon: 0.010
2026-04-19 12:12:49 | INFO | Episode 2430 - Reward: -200.000, Length: 200, Loss: 10.9400, Entropy: 1.0868, Epsilon: 0.010
2026-04-19 12:12:49 | INFO | Episode 2431 - Reward: -200.000, Length: 200, Loss: 2.6506, Entropy: 1.0959, Epsilon: 0.010
2026-04-19 12:12:50 | INFO | Episode 2432 - Reward: -200.000, Length: 200, Loss: 5.4736, Entropy: 1.0936, Epsilon: 0.010
2026-04-19 12:12:50 | INFO | Episode 2433 - Reward: -200.000, Length: 200, Loss: 16.8081, Entropy: 1.0902, Epsilon: 0.010
2026-04-19 12:12:50 | INFO | Episode 2434 - Reward: -200.000, Length: 200, Loss: 8.3328, Entropy: 1.0892, Epsilon: 0.010
2026-04-19 12:12:51 | INFO | Episode 2435 - Reward: -200.000, Length: 200, Loss: 11.2574, Entropy: 1.0890, Epsilon: 0.010
2026-04-19 12:12:51 | INFO | Episode 2436 - Reward: -200.000, Length: 200, Loss: 8.2133, Entropy: 1.0926, Epsilon: 0.010
2026-04-19 12:12:51 | INFO | Episode 2437 - Reward: -200.000, Length: 200, Loss: 5.4526, Entropy: 1.0946, Epsilon: 0.010
2026-04-19 12:12:52 | INFO | Episode 2438 - Reward: -200.000, Length: 200, Loss: 19.5342, Entropy: 1.0890, Epsilon: 0.010
2026-04-19 12:12:52 | INFO | Episode 2439 - Reward: -200.000, Length: 200, Loss: 11.1068, Entropy: 1.0917, Epsilon: 0.010
2026-04-19 12:12:52 | INFO | Episode 2440 - Reward: -200.000, Length: 200, Loss: 11.1663, Entropy: 1.0732, Epsilon: 0.010
2026-04-19 12:12:53 | INFO | Episode 2441 - Reward: -200.000, Length: 200, Loss: 19.4173, Entropy: 1.0843, Epsilon: 0.010
2026-04-19 12:12:53 | INFO | Episode 2442 - Reward: -200.000, Length: 200, Loss: 16.8309, Entropy: 1.0730, Epsilon: 0.010
2026-04-19 12:12:53 | INFO | Episode 2443 - Reward: -200.000, Length: 200, Loss: 13.8460, Entropy: 1.0728, Epsilon: 0.010
2026-04-19 12:12:54 | INFO | Episode 2444 - Reward: -200.000, Length: 200, Loss: 13.6969, Entropy: 1.0921, Epsilon: 0.010
2026-04-19 12:12:54 | INFO | Episode 2445 - Reward: -200.000, Length: 200, Loss: 10.8666, Entropy: 1.0911, Epsilon: 0.010
2026-04-19 12:12:54 | INFO | Episode 2446 - Reward: -200.000, Length: 200, Loss: 11.0071, Entropy: 1.0884, Epsilon: 0.010
2026-04-19 12:12:55 | INFO | Episode 2447 - Reward: -200.000, Length: 200, Loss: 11.0445, Entropy: 1.0915, Epsilon: 0.010
2026-04-19 12:12:55 | INFO | Episode 2448 - Reward: -200.000, Length: 200, Loss: 19.0903, Entropy: 1.0856, Epsilon: 0.010
2026-04-19 12:12:55 | INFO | Episode 2449 - Reward: -200.000, Length: 200, Loss: 5.3767, Entropy: 1.0923, Epsilon: 0.010
2026-04-19 12:12:56 | INFO | Episode 2450 - Reward: -200.000, Length: 200, Loss: 16.4951, Entropy: 1.0919, Epsilon: 0.010
2026-04-19 12:12:56 | INFO | Episode 2451 - Reward: -200.000, Length: 200, Loss: 13.3542, Entropy: 1.0868, Epsilon: 0.010
2026-04-19 12:12:56 | INFO | Episode 2452 - Reward: -200.000, Length: 200, Loss: 13.3293, Entropy: 1.0866, Epsilon: 0.010
2026-04-19 12:12:57 | INFO | Episode 2453 - Reward: -200.000, Length: 200, Loss: 13.2675, Entropy: 1.0721, Epsilon: 0.010
2026-04-19 12:12:57 | INFO | Episode 2454 - Reward: -200.000, Length: 200, Loss: 10.7938, Entropy: 1.0917, Epsilon: 0.010
2026-04-19 12:12:57 | INFO | Episode 2455 - Reward: -200.000, Length: 200, Loss: 13.5381, Entropy: 1.0823, Epsilon: 0.010
2026-04-19 12:12:58 | INFO | Episode 2456 - Reward: -200.000, Length: 200, Loss: 10.2420, Entropy: 1.0831, Epsilon: 0.010
2026-04-19 12:12:58 | INFO | Episode 2457 - Reward: -200.000, Length: 200, Loss: 15.6897, Entropy: 1.0795, Epsilon: 0.010
2026-04-19 12:12:58 | INFO | Episode 2458 - Reward: -200.000, Length: 200, Loss: 10.4899, Entropy: 1.0878, Epsilon: 0.010
2026-04-19 12:12:59 | INFO | Episode 2459 - Reward: -200.000, Length: 200, Loss: 16.1822, Entropy: 1.0707, Epsilon: 0.010
2026-04-19 12:12:59 | INFO | Episode 2460 - Reward: -200.000, Length: 200, Loss: 7.9613, Entropy: 1.0945, Epsilon: 0.010
2026-04-19 12:12:59 | INFO | Episode 2461 - Reward: -200.000, Length: 200, Loss: 24.4725, Entropy: 1.0871, Epsilon: 0.010
2026-04-19 12:13:00 | INFO | Episode 2462 - Reward: -200.000, Length: 200, Loss: 21.9259, Entropy: 1.0802, Epsilon: 0.010
2026-04-19 12:13:00 | INFO | Episode 2463 - Reward: -200.000, Length: 200, Loss: 16.3196, Entropy: 1.0760, Epsilon: 0.010
2026-04-19 12:13:00 | INFO | Episode 2464 - Reward: -200.000, Length: 200, Loss: 5.3439, Entropy: 1.0825, Epsilon: 0.010
2026-04-19 12:13:01 | INFO | Episode 2465 - Reward: -200.000, Length: 200, Loss: 16.0112, Entropy: 1.0878, Epsilon: 0.010
2026-04-19 12:13:01 | INFO | Episode 2466 - Reward: -200.000, Length: 200, Loss: 16.0762, Entropy: 1.0906, Epsilon: 0.010
2026-04-19 12:13:01 | INFO | Episode 2467 - Reward: -200.000, Length: 200, Loss: 21.6655, Entropy: 1.0766, Epsilon: 0.010
2026-04-19 12:13:02 | INFO | Episode 2468 - Reward: -200.000, Length: 200, Loss: 21.6264, Entropy: 1.0809, Epsilon: 0.010
2026-04-19 12:13:02 | INFO | Episode 2469 - Reward: -200.000, Length: 200, Loss: 13.4340, Entropy: 1.0844, Epsilon: 0.010
2026-04-19 12:13:02 | INFO | Episode 2470 - Reward: -200.000, Length: 200, Loss: 16.0535, Entropy: 1.0880, Epsilon: 0.010
2026-04-19 12:13:03 | INFO | Episode 2471 - Reward: -200.000, Length: 200, Loss: 5.1436, Entropy: 1.0951, Epsilon: 0.010
2026-04-19 12:13:03 | INFO | Episode 2472 - Reward: -200.000, Length: 200, Loss: 7.9055, Entropy: 1.0949, Epsilon: 0.010
2026-04-19 12:13:03 | INFO | Episode 2473 - Reward: -200.000, Length: 200, Loss: 15.6821, Entropy: 1.0891, Epsilon: 0.010
2026-04-19 12:13:04 | INFO | Episode 2474 - Reward: -200.000, Length: 200, Loss: 15.8337, Entropy: 1.0541, Epsilon: 0.010
2026-04-19 12:13:04 | INFO | Episode 2475 - Reward: -200.000, Length: 200, Loss: 15.7732, Entropy: 1.0897, Epsilon: 0.010
2026-04-19 12:13:04 | INFO | Episode 2476 - Reward: -200.000, Length: 200, Loss: 13.2572, Entropy: 1.0945, Epsilon: 0.010
2026-04-19 12:13:05 | INFO | Episode 2477 - Reward: -200.000, Length: 200, Loss: 5.1837, Entropy: 1.0932, Epsilon: 0.010
2026-04-19 12:13:05 | INFO | Episode 2478 - Reward: -200.000, Length: 200, Loss: 16.0952, Entropy: 1.0840, Epsilon: 0.010
2026-04-19 12:13:05 | INFO | Episode 2479 - Reward: -200.000, Length: 200, Loss: 13.3850, Entropy: 1.0905, Epsilon: 0.010
2026-04-19 12:13:06 | INFO | Episode 2480 - Reward: -200.000, Length: 200, Loss: 15.8545, Entropy: 1.0943, Epsilon: 0.010
2026-04-19 12:13:06 | INFO | Episode 2481 - Reward: -200.000, Length: 200, Loss: 17.7722, Entropy: 1.0891, Epsilon: 0.010
2026-04-19 12:13:07 | INFO | Episode 2482 - Reward: -200.000, Length: 200, Loss: 10.1666, Entropy: 1.0888, Epsilon: 0.010
2026-04-19 12:13:07 | INFO | Episode 2483 - Reward: -200.000, Length: 200, Loss: 7.5711, Entropy: 1.0874, Epsilon: 0.010
2026-04-19 12:13:07 | INFO | Episode 2484 - Reward: -200.000, Length: 200, Loss: 7.6069, Entropy: 1.0919, Epsilon: 0.010
2026-04-19 12:13:08 | INFO | Episode 2485 - Reward: -200.000, Length: 200, Loss: 2.4548, Entropy: 1.0964, Epsilon: 0.010
2026-04-19 12:13:08 | INFO | Episode 2486 - Reward: -200.000, Length: 200, Loss: 10.2795, Entropy: 1.0915, Epsilon: 0.010
2026-04-19 12:13:08 | INFO | Episode 2487 - Reward: -200.000, Length: 200, Loss: 4.9315, Entropy: 1.0964, Epsilon: 0.010
2026-04-19 12:13:09 | INFO | Episode 2488 - Reward: -200.000, Length: 200, Loss: 18.1909, Entropy: 1.0713, Epsilon: 0.010
2026-04-19 12:13:09 | INFO | Episode 2489 - Reward: -200.000, Length: 200, Loss: 12.7317, Entropy: 1.0809, Epsilon: 0.010
2026-04-19 12:13:09 | INFO | Episode 2490 - Reward: -200.000, Length: 200, Loss: 10.3163, Entropy: 1.0609, Epsilon: 0.010
2026-04-19 12:13:10 | INFO | Episode 2491 - Reward: -200.000, Length: 200, Loss: 10.0573, Entropy: 1.0870, Epsilon: 0.010
2026-04-19 12:13:10 | INFO | Episode 2492 - Reward: -200.000, Length: 200, Loss: 10.0976, Entropy: 1.0916, Epsilon: 0.010
2026-04-19 12:13:10 | INFO | Episode 2493 - Reward: -200.000, Length: 200, Loss: 4.9702, Entropy: 1.0942, Epsilon: 0.010
2026-04-19 12:13:11 | INFO | Episode 2494 - Reward: -200.000, Length: 200, Loss: 10.2685, Entropy: 1.0870, Epsilon: 0.010
2026-04-19 12:13:11 | INFO | Episode 2495 - Reward: -200.000, Length: 200, Loss: 10.1970, Entropy: 1.0915, Epsilon: 0.010
2026-04-19 12:13:11 | INFO | Episode 2496 - Reward: -200.000, Length: 200, Loss: 7.8944, Entropy: 1.0939, Epsilon: 0.010
2026-04-19 12:13:12 | INFO | Episode 2497 - Reward: -200.000, Length: 200, Loss: 13.0102, Entropy: 1.0917, Epsilon: 0.010
2026-04-19 12:13:12 | INFO | Episode 2498 - Reward: -200.000, Length: 200, Loss: 7.8298, Entropy: 1.0915, Epsilon: 0.010
2026-04-19 12:13:12 | INFO | Episode 2499 - Reward: -200.000, Length: 200, Loss: 21.7458, Entropy: 1.0721, Epsilon: 0.010
2026-04-19 12:13:13 | INFO | Episode 2500 - Reward: -200.000, Length: 200, Loss: 21.4074, Entropy: 1.0817, Epsilon: 0.010
2026-04-19 12:13:18 | INFO | [Episode 2500] eps=0.010  avg_reward=-200.000  avg_length=200.00  avg_loss= 13.1287  avg_entropy=1.0817  eval_success=0.000
2026-04-19 12:13:18 | INFO | Episode 2501 - Reward: -200.000, Length: 200, Loss: 10.5371, Entropy: 1.0919, Epsilon: 0.010
2026-04-19 12:13:18 | INFO | Episode 2502 - Reward: -200.000, Length: 200, Loss: 13.3380, Entropy: 1.0712, Epsilon: 0.010
2026-04-19 12:13:19 | INFO | Episode 2503 - Reward: -200.000, Length: 200, Loss: 8.0744, Entropy: 1.0942, Epsilon: 0.010
2026-04-19 12:13:19 | INFO | Episode 2504 - Reward: -200.000, Length: 200, Loss: 16.5688, Entropy: 1.0709, Epsilon: 0.010
2026-04-19 12:13:19 | INFO | Episode 2505 - Reward: -200.000, Length: 200, Loss: 19.2226, Entropy: 1.0889, Epsilon: 0.010
2026-04-19 12:13:20 | INFO | Episode 2506 - Reward: -200.000, Length: 200, Loss: 19.1130, Entropy: 1.0904, Epsilon: 0.010
2026-04-19 12:13:20 | INFO | Episode 2507 - Reward: -200.000, Length: 200, Loss: -0.1397, Entropy: 1.0977, Epsilon: 0.010
2026-04-19 12:13:20 | INFO | Episode 2508 - Reward: -200.000, Length: 200, Loss: 8.2441, Entropy: 1.0904, Epsilon: 0.010
2026-04-19 12:13:21 | INFO | Episode 2509 - Reward: -200.000, Length: 200, Loss: 16.5669, Entropy: 1.0869, Epsilon: 0.010
2026-04-19 12:13:21 | INFO | Episode 2510 - Reward: -200.000, Length: 200, Loss: 16.4859, Entropy: 1.0891, Epsilon: 0.010
2026-04-19 12:13:21 | INFO | Episode 2511 - Reward: -200.000, Length: 200, Loss: 8.0777, Entropy: 1.0838, Epsilon: 0.010
2026-04-19 12:13:22 | INFO | Episode 2512 - Reward: -200.000, Length: 200, Loss: 10.6987, Entropy: 1.0867, Epsilon: 0.010
2026-04-19 12:13:22 | INFO | Episode 2513 - Reward: -200.000, Length: 200, Loss: 24.6955, Entropy: 1.0634, Epsilon: 0.010
2026-04-19 12:13:22 | INFO | Episode 2514 - Reward: -200.000, Length: 200, Loss: 16.3605, Entropy: 1.0762, Epsilon: 0.010
2026-04-19 12:13:23 | INFO | Episode 2515 - Reward: -200.000, Length: 200, Loss: 8.1105, Entropy: 1.0903, Epsilon: 0.010
2026-04-19 12:13:23 | INFO | Episode 2516 - Reward: -200.000, Length: 200, Loss: 27.5376, Entropy: 1.0895, Epsilon: 0.010
2026-04-19 12:13:23 | INFO | Episode 2517 - Reward: -200.000, Length: 200, Loss: 8.1336, Entropy: 1.0912, Epsilon: 0.010
2026-04-19 12:13:23 | INFO | Episode 2518 - Reward: -200.000, Length: 200, Loss: 10.8867, Entropy: 1.0853, Epsilon: 0.010
2026-04-19 12:13:24 | INFO | Episode 2519 - Reward: -200.000, Length: 200, Loss: 16.3475, Entropy: 1.0933, Epsilon: 0.010
2026-04-19 12:13:24 | INFO | Episode 2520 - Reward: -200.000, Length: 200, Loss: 19.0780, Entropy: 1.0698, Epsilon: 0.010
2026-04-19 12:13:24 | INFO | Episode 2521 - Reward: -200.000, Length: 200, Loss: 11.0174, Entropy: 1.0932, Epsilon: 0.010
2026-04-19 12:13:25 | INFO | Episode 2522 - Reward: -200.000, Length: 200, Loss: 19.5297, Entropy: 1.0841, Epsilon: 0.010
2026-04-19 12:13:25 | INFO | Episode 2523 - Reward: -200.000, Length: 200, Loss: 10.9531, Entropy: 1.0888, Epsilon: 0.010
2026-04-19 12:13:25 | INFO | Episode 2524 - Reward: -200.000, Length: 200, Loss: 21.9830, Entropy: 1.0821, Epsilon: 0.010
2026-04-19 12:13:26 | INFO | Episode 2525 - Reward: -200.000, Length: 200, Loss: 8.1070, Entropy: 1.0946, Epsilon: 0.010
2026-04-19 12:13:26 | INFO | Episode 2526 - Reward: -200.000, Length: 200, Loss: 22.0186, Entropy: 1.0836, Epsilon: 0.010
2026-04-19 12:13:26 | INFO | Episode 2527 - Reward: -200.000, Length: 200, Loss: 13.6449, Entropy: 1.0896, Epsilon: 0.010
2026-04-19 12:13:27 | INFO | Episode 2528 - Reward: -200.000, Length: 200, Loss: 16.4976, Entropy: 1.0903, Epsilon: 0.010
2026-04-19 12:13:27 | INFO | Episode 2529 - Reward: -200.000, Length: 200, Loss: 5.2769, Entropy: 1.0948, Epsilon: 0.010
2026-04-19 12:13:27 | INFO | Episode 2530 - Reward: -200.000, Length: 200, Loss: 21.8281, Entropy: 1.0863, Epsilon: 0.010
2026-04-19 12:13:28 | INFO | Episode 2531 - Reward: -200.000, Length: 200, Loss: 10.6583, Entropy: 1.0840, Epsilon: 0.010
2026-04-19 12:13:28 | INFO | Episode 2532 - Reward: -200.000, Length: 200, Loss: 21.6518, Entropy: 1.0905, Epsilon: 0.010
2026-04-19 12:13:28 | INFO | Episode 2533 - Reward: -200.000, Length: 200, Loss: 2.6136, Entropy: 1.0948, Epsilon: 0.010
2026-04-19 12:13:29 | INFO | Episode 2534 - Reward: -200.000, Length: 200, Loss: 19.1846, Entropy: 1.0868, Epsilon: 0.010
2026-04-19 12:13:29 | INFO | Episode 2535 - Reward: -200.000, Length: 200, Loss: 13.7314, Entropy: 1.0865, Epsilon: 0.010
2026-04-19 12:13:29 | INFO | Episode 2536 - Reward: -200.000, Length: 200, Loss: 8.2214, Entropy: 1.0850, Epsilon: 0.010
2026-04-19 12:13:30 | INFO | Episode 2537 - Reward: -200.000, Length: 200, Loss: 22.1311, Entropy: 1.0768, Epsilon: 0.010
2026-04-19 12:13:30 | INFO | Episode 2538 - Reward: -200.000, Length: 200, Loss: 19.2874, Entropy: 1.0876, Epsilon: 0.010
2026-04-19 12:13:30 | INFO | Episode 2539 - Reward: -200.000, Length: 200, Loss: 18.8696, Entropy: 1.0692, Epsilon: 0.010
2026-04-19 12:13:31 | INFO | Episode 2540 - Reward: -200.000, Length: 200, Loss: 21.6297, Entropy: 1.0917, Epsilon: 0.010
2026-04-19 12:13:31 | INFO | Episode 2541 - Reward: -200.000, Length: 200, Loss: 8.1759, Entropy: 1.0890, Epsilon: 0.010
2026-04-19 12:13:31 | INFO | Episode 2542 - Reward: -200.000, Length: 200, Loss: 16.0933, Entropy: 1.0748, Epsilon: 0.010
2026-04-19 12:13:32 | INFO | Episode 2543 - Reward: -200.000, Length: 200, Loss: 16.3221, Entropy: 1.0939, Epsilon: 0.010
2026-04-19 12:13:32 | INFO | Episode 2544 - Reward: -200.000, Length: 200, Loss: 19.2426, Entropy: 1.0893, Epsilon: 0.010
2026-04-19 12:13:32 | INFO | Episode 2545 - Reward: -200.000, Length: 200, Loss: 27.4234, Entropy: 1.0774, Epsilon: 0.010
2026-04-19 12:13:33 | INFO | Episode 2546 - Reward: -200.000, Length: 200, Loss: 10.8229, Entropy: 1.0821, Epsilon: 0.010
2026-04-19 12:13:33 | INFO | Episode 2547 - Reward: -200.000, Length: 200, Loss: 8.1383, Entropy: 1.0901, Epsilon: 0.010
2026-04-19 12:13:33 | INFO | Episode 2548 - Reward: -200.000, Length: 200, Loss: 13.7261, Entropy: 1.0875, Epsilon: 0.010
2026-04-19 12:13:34 | INFO | Episode 2549 - Reward: -200.000, Length: 200, Loss: 19.1866, Entropy: 1.0864, Epsilon: 0.010
2026-04-19 12:13:34 | INFO | Episode 2550 - Reward: -200.000, Length: 200, Loss: 10.8585, Entropy: 1.0835, Epsilon: 0.010
2026-04-19 12:13:34 | INFO | Episode 2551 - Reward: -200.000, Length: 200, Loss: 16.4435, Entropy: 1.0869, Epsilon: 0.010
2026-04-19 12:13:35 | INFO | Episode 2552 - Reward: -200.000, Length: 200, Loss: 22.4848, Entropy: 1.0835, Epsilon: 0.010
2026-04-19 12:13:35 | INFO | Episode 2553 - Reward: -200.000, Length: 200, Loss: 2.5697, Entropy: 1.0936, Epsilon: 0.010
2026-04-19 12:13:35 | INFO | Episode 2554 - Reward: -200.000, Length: 200, Loss: 28.0704, Entropy: 1.0817, Epsilon: 0.010
2026-04-19 12:13:36 | INFO | Episode 2555 - Reward: -200.000, Length: 200, Loss: 8.4996, Entropy: 1.0828, Epsilon: 0.010
2026-04-19 12:13:36 | INFO | Episode 2556 - Reward: -200.000, Length: 200, Loss: 11.0662, Entropy: 1.0660, Epsilon: 0.010
2026-04-19 12:13:36 | INFO | Episode 2557 - Reward: -200.000, Length: 200, Loss: 11.1242, Entropy: 1.0840, Epsilon: 0.010
2026-04-19 12:13:37 | INFO | Episode 2558 - Reward: -200.000, Length: 200, Loss: 5.4047, Entropy: 1.0937, Epsilon: 0.010
2026-04-19 12:13:37 | INFO | Episode 2559 - Reward: -200.000, Length: 200, Loss: 11.2629, Entropy: 1.0859, Epsilon: 0.010
2026-04-19 12:13:37 | INFO | Episode 2560 - Reward: -200.000, Length: 200, Loss: 14.0511, Entropy: 1.0895, Epsilon: 0.010
2026-04-19 12:13:38 | INFO | Episode 2561 - Reward: -200.000, Length: 200, Loss: 11.1514, Entropy: 1.0865, Epsilon: 0.010
2026-04-19 12:13:38 | INFO | Episode 2562 - Reward: -200.000, Length: 200, Loss: 11.1089, Entropy: 1.0839, Epsilon: 0.010
2026-04-19 12:13:39 | INFO | Episode 2563 - Reward: -200.000, Length: 200, Loss: 11.3255, Entropy: 1.0850, Epsilon: 0.010
2026-04-19 12:13:39 | INFO | Episode 2564 - Reward: -200.000, Length: 200, Loss: 19.6950, Entropy: 1.0908, Epsilon: 0.010
2026-04-19 12:13:40 | INFO | Episode 2565 - Reward: -200.000, Length: 200, Loss: 13.7692, Entropy: 1.0909, Epsilon: 0.010
2026-04-19 12:13:40 | INFO | Episode 2566 - Reward: -200.000, Length: 200, Loss: 25.0413, Entropy: 1.0802, Epsilon: 0.010
2026-04-19 12:13:40 | INFO | Episode 2567 - Reward: -200.000, Length: 200, Loss: 13.9306, Entropy: 1.0904, Epsilon: 0.010
2026-04-19 12:13:41 | INFO | Episode 2568 - Reward: -200.000, Length: 200, Loss: 5.4928, Entropy: 1.0953, Epsilon: 0.010
2026-04-19 12:13:41 | INFO | Episode 2569 - Reward: -200.000, Length: 200, Loss: 25.2204, Entropy: 1.0946, Epsilon: 0.010
2026-04-19 12:13:41 | INFO | Episode 2570 - Reward: -200.000, Length: 200, Loss: 2.6408, Entropy: 1.0960, Epsilon: 0.010
2026-04-19 12:13:42 | INFO | Episode 2571 - Reward: -200.000, Length: 200, Loss: 13.9735, Entropy: 1.0794, Epsilon: 0.010
2026-04-19 12:13:42 | INFO | Episode 2572 - Reward: -200.000, Length: 200, Loss: 13.9137, Entropy: 1.0784, Epsilon: 0.010
2026-04-19 12:13:42 | INFO | Episode 2573 - Reward: -200.000, Length: 200, Loss: 16.5325, Entropy: 1.0835, Epsilon: 0.010
2026-04-19 12:13:43 | INFO | Episode 2574 - Reward: -200.000, Length: 200, Loss: 8.2456, Entropy: 1.0936, Epsilon: 0.010
2026-04-19 12:13:43 | INFO | Episode 2575 - Reward: -200.000, Length: 200, Loss: 13.5174, Entropy: 1.0698, Epsilon: 0.010
2026-04-19 12:13:43 | INFO | Episode 2576 - Reward: -200.000, Length: 200, Loss: 8.1909, Entropy: 1.0872, Epsilon: 0.010
2026-04-19 12:13:44 | INFO | Episode 2577 - Reward: -200.000, Length: 200, Loss: 13.7107, Entropy: 1.0910, Epsilon: 0.010
2026-04-19 12:13:44 | INFO | Episode 2578 - Reward: -200.000, Length: 200, Loss: 11.1117, Entropy: 1.0942, Epsilon: 0.010
2026-04-19 12:13:44 | INFO | Episode 2579 - Reward: -200.000, Length: 200, Loss: 16.6045, Entropy: 1.0720, Epsilon: 0.010
2026-04-19 12:13:45 | INFO | Episode 2580 - Reward: -200.000, Length: 200, Loss: 5.4635, Entropy: 1.0921, Epsilon: 0.010
2026-04-19 12:13:45 | INFO | Episode 2581 - Reward: -200.000, Length: 200, Loss: 8.4453, Entropy: 1.0942, Epsilon: 0.010
2026-04-19 12:13:45 | INFO | Episode 2582 - Reward: -200.000, Length: 200, Loss: 8.4635, Entropy: 1.0874, Epsilon: 0.010
2026-04-19 12:13:46 | INFO | Episode 2583 - Reward: -200.000, Length: 200, Loss: 19.8770, Entropy: 1.0915, Epsilon: 0.010
2026-04-19 12:13:46 | INFO | Episode 2584 - Reward: -200.000, Length: 200, Loss: 8.3634, Entropy: 1.0841, Epsilon: 0.010
2026-04-19 12:13:46 | INFO | Episode 2585 - Reward: -200.000, Length: 200, Loss: 16.5772, Entropy: 1.0872, Epsilon: 0.010
2026-04-19 12:13:47 | INFO | Episode 2586 - Reward: -200.000, Length: 200, Loss: 22.4141, Entropy: 1.0789, Epsilon: 0.010
2026-04-19 12:13:47 | INFO | Episode 2587 - Reward: -200.000, Length: 200, Loss: 25.3228, Entropy: 1.0738, Epsilon: 0.010
2026-04-19 12:13:47 | INFO | Episode 2588 - Reward: -200.000, Length: 200, Loss: 8.3146, Entropy: 1.0902, Epsilon: 0.010
2026-04-19 12:13:48 | INFO | Episode 2589 - Reward: -200.000, Length: 200, Loss: 8.3979, Entropy: 1.0906, Epsilon: 0.010
2026-04-19 12:13:48 | INFO | Episode 2590 - Reward: -200.000, Length: 200, Loss: 5.4405, Entropy: 1.0953, Epsilon: 0.010
2026-04-19 12:13:48 | INFO | Episode 2591 - Reward: -200.000, Length: 200, Loss: 11.1461, Entropy: 1.0592, Epsilon: 0.010
2026-04-19 12:13:49 | INFO | Episode 2592 - Reward: -200.000, Length: 200, Loss: 22.1929, Entropy: 1.0864, Epsilon: 0.010
2026-04-19 12:13:49 | INFO | Episode 2593 - Reward: -200.000, Length: 200, Loss: 27.8104, Entropy: 1.0870, Epsilon: 0.010
2026-04-19 12:13:49 | INFO | Episode 2594 - Reward: -200.000, Length: 200, Loss: 14.1893, Entropy: 1.0749, Epsilon: 0.010
2026-04-19 12:13:50 | INFO | Episode 2595 - Reward: -200.000, Length: 200, Loss: 19.6805, Entropy: 1.0569, Epsilon: 0.010
2026-04-19 12:13:50 | INFO | Episode 2596 - Reward: -200.000, Length: 200, Loss: 24.5061, Entropy: 1.0735, Epsilon: 0.010
2026-04-19 12:13:50 | INFO | Episode 2597 - Reward: -200.000, Length: 200, Loss: 16.4496, Entropy: 1.0763, Epsilon: 0.010
2026-04-19 12:13:51 | INFO | Episode 2598 - Reward: -200.000, Length: 200, Loss: 8.1474, Entropy: 1.0697, Epsilon: 0.010
2026-04-19 12:13:51 | INFO | Episode 2599 - Reward: -200.000, Length: 200, Loss: 25.1635, Entropy: 1.0914, Epsilon: 0.010
2026-04-19 12:13:51 | INFO | Episode 2600 - Reward: -200.000, Length: 200, Loss: 11.0420, Entropy: 1.0922, Epsilon: 0.010
2026-04-19 12:13:56 | INFO | [Episode 2600] eps=0.010  avg_reward=-200.000  avg_length=200.00  avg_loss= 14.4032  avg_entropy=1.0922  eval_success=0.000
2026-04-19 12:13:56 | INFO | Episode 2601 - Reward: -200.000, Length: 200, Loss: 13.8996, Entropy: 1.0886, Epsilon: 0.010
2026-04-19 12:13:57 | INFO | Episode 2602 - Reward: -200.000, Length: 200, Loss: 11.0286, Entropy: 1.0926, Epsilon: 0.010
2026-04-19 12:13:57 | INFO | Episode 2603 - Reward: -200.000, Length: 200, Loss: 11.3154, Entropy: 1.0862, Epsilon: 0.010
2026-04-19 12:13:57 | INFO | Episode 2604 - Reward: -200.000, Length: 200, Loss: 14.0964, Entropy: 1.0871, Epsilon: 0.010
2026-04-19 12:13:58 | INFO | Episode 2605 - Reward: -200.000, Length: 200, Loss: 19.7490, Entropy: 1.0923, Epsilon: 0.010
2026-04-19 12:13:58 | INFO | Episode 2606 - Reward: -200.000, Length: 200, Loss: 8.3726, Entropy: 1.0939, Epsilon: 0.010
2026-04-19 12:13:58 | INFO | Episode 2607 - Reward: -200.000, Length: 200, Loss: 16.7650, Entropy: 1.0819, Epsilon: 0.010
2026-04-19 12:13:59 | INFO | Episode 2608 - Reward: -200.000, Length: 200, Loss: 14.0253, Entropy: 1.0809, Epsilon: 0.010
2026-04-19 12:13:59 | INFO | Episode 2609 - Reward: -200.000, Length: 200, Loss: 5.5039, Entropy: 1.0934, Epsilon: 0.010
2026-04-19 12:13:59 | INFO | Episode 2610 - Reward: -200.000, Length: 200, Loss: 16.6828, Entropy: 1.0850, Epsilon: 0.010
2026-04-19 12:14:00 | INFO | Episode 2611 - Reward: -200.000, Length: 200, Loss: 13.8446, Entropy: 1.0635, Epsilon: 0.010
2026-04-19 12:14:00 | INFO | Episode 2612 - Reward: -200.000, Length: 200, Loss: 13.9782, Entropy: 1.0809, Epsilon: 0.010
2026-04-19 12:14:00 | INFO | Episode 2613 - Reward: -200.000, Length: 200, Loss: 25.0026, Entropy: 1.0728, Epsilon: 0.010
2026-04-19 12:14:01 | INFO | Episode 2614 - Reward: -200.000, Length: 200, Loss: 18.7472, Entropy: 1.0687, Epsilon: 0.010
2026-04-19 12:14:01 | INFO | Episode 2615 - Reward: -200.000, Length: 200, Loss: 11.0919, Entropy: 1.0570, Epsilon: 0.010
2026-04-19 12:14:01 | INFO | Episode 2616 - Reward: -200.000, Length: 200, Loss: 10.9728, Entropy: 1.0903, Epsilon: 0.010
2026-04-19 12:14:02 | INFO | Episode 2617 - Reward: -200.000, Length: 200, Loss: 27.8092, Entropy: 1.0861, Epsilon: 0.010
2026-04-19 12:14:02 | INFO | Episode 2618 - Reward: -200.000, Length: 200, Loss: 13.8017, Entropy: 1.0932, Epsilon: 0.010
2026-04-19 12:14:02 | INFO | Episode 2619 - Reward: -200.000, Length: 200, Loss: 8.3283, Entropy: 1.0939, Epsilon: 0.010
2026-04-19 12:14:03 | INFO | Episode 2620 - Reward: -200.000, Length: 200, Loss: 25.0777, Entropy: 1.0765, Epsilon: 0.010
2026-04-19 12:14:03 | INFO | Episode 2621 - Reward: -200.000, Length: 200, Loss: 27.1572, Entropy: 1.0672, Epsilon: 0.010
2026-04-19 12:14:03 | INFO | Episode 2622 - Reward: -200.000, Length: 200, Loss: 13.6870, Entropy: 1.0787, Epsilon: 0.010
2026-04-19 12:14:04 | INFO | Episode 2623 - Reward: -200.000, Length: 200, Loss: 13.6823, Entropy: 1.0846, Epsilon: 0.010
2026-04-19 12:14:04 | INFO | Episode 2624 - Reward: -200.000, Length: 200, Loss: 7.9938, Entropy: 1.0900, Epsilon: 0.010
2026-04-19 12:14:04 | INFO | Episode 2625 - Reward: -200.000, Length: 200, Loss: 5.1633, Entropy: 1.0971, Epsilon: 0.010
2026-04-19 12:14:05 | INFO | Episode 2626 - Reward: -200.000, Length: 200, Loss: 7.9814, Entropy: 1.0900, Epsilon: 0.010
2026-04-19 12:14:05 | INFO | Episode 2627 - Reward: -200.000, Length: 200, Loss: 13.3717, Entropy: 1.0915, Epsilon: 0.010
2026-04-19 12:14:05 | INFO | Episode 2628 - Reward: -200.000, Length: 200, Loss: 5.1860, Entropy: 1.0927, Epsilon: 0.010
2026-04-19 12:14:06 | INFO | Episode 2629 - Reward: -200.000, Length: 200, Loss: 10.6265, Entropy: 1.0895, Epsilon: 0.010
2026-04-19 12:14:06 | INFO | Episode 2630 - Reward: -200.000, Length: 200, Loss: 10.8996, Entropy: 1.0938, Epsilon: 0.010
2026-04-19 12:14:06 | INFO | Episode 2631 - Reward: -200.000, Length: 200, Loss: 5.4302, Entropy: 1.0948, Epsilon: 0.010
2026-04-19 12:14:07 | INFO | Episode 2632 - Reward: -200.000, Length: 200, Loss: 5.3323, Entropy: 1.0918, Epsilon: 0.010
2026-04-19 12:14:07 | INFO | Episode 2633 - Reward: -200.000, Length: 200, Loss: 13.6996, Entropy: 1.0872, Epsilon: 0.010
2026-04-19 12:14:07 | INFO | Episode 2634 - Reward: -200.000, Length: 200, Loss: 27.3607, Entropy: 1.0568, Epsilon: 0.010
2026-04-19 12:14:08 | INFO | Episode 2635 - Reward: -200.000, Length: 200, Loss: 16.4833, Entropy: 1.0391, Epsilon: 0.010
2026-04-19 12:14:08 | INFO | Episode 2636 - Reward: -200.000, Length: 200, Loss: 8.2584, Entropy: 1.0803, Epsilon: 0.010
2026-04-19 12:14:08 | INFO | Episode 2637 - Reward: -200.000, Length: 200, Loss: 30.7257, Entropy: 1.0904, Epsilon: 0.010
2026-04-19 12:14:09 | INFO | Episode 2638 - Reward: -200.000, Length: 200, Loss: 11.1449, Entropy: 1.0864, Epsilon: 0.010
2026-04-19 12:14:09 | INFO | Episode 2639 - Reward: -200.000, Length: 200, Loss: 19.8361, Entropy: 1.0889, Epsilon: 0.010
2026-04-19 12:14:09 | INFO | Episode 2640 - Reward: -200.000, Length: 200, Loss: 22.4370, Entropy: 1.0882, Epsilon: 0.010
2026-04-19 12:14:10 | INFO | Episode 2641 - Reward: -200.000, Length: 200, Loss: 19.4431, Entropy: 1.0776, Epsilon: 0.010
2026-04-19 12:14:10 | INFO | Episode 2642 - Reward: -200.000, Length: 200, Loss: -0.1768, Entropy: 1.0901, Epsilon: 0.010
2026-04-19 12:14:10 | INFO | Episode 2643 - Reward: -200.000, Length: 200, Loss: 10.9927, Entropy: 1.0892, Epsilon: 0.010
2026-04-19 12:14:11 | INFO | Episode 2644 - Reward: -200.000, Length: 200, Loss: 14.1075, Entropy: 1.0740, Epsilon: 0.010
2026-04-19 12:14:11 | INFO | Episode 2645 - Reward: -200.000, Length: 200, Loss: 17.0917, Entropy: 1.0867, Epsilon: 0.010
2026-04-19 12:14:12 | INFO | Episode 2646 - Reward: -200.000, Length: 200, Loss: 16.9169, Entropy: 1.0837, Epsilon: 0.010
2026-04-19 12:14:12 | INFO | Episode 2647 - Reward: -200.000, Length: 200, Loss: 11.3246, Entropy: 1.0819, Epsilon: 0.010
2026-04-19 12:14:12 | INFO | Episode 2648 - Reward: -200.000, Length: 200, Loss: 11.1643, Entropy: 1.0951, Epsilon: 0.010
2026-04-19 12:14:13 | INFO | Episode 2649 - Reward: -200.000, Length: 200, Loss: 8.3203, Entropy: 1.0896, Epsilon: 0.010
2026-04-19 12:14:13 | INFO | Episode 2650 - Reward: -200.000, Length: 200, Loss: 22.3934, Entropy: 1.0911, Epsilon: 0.010
2026-04-19 12:14:13 | INFO | Episode 2651 - Reward: -200.000, Length: 200, Loss: 16.8709, Entropy: 1.0748, Epsilon: 0.010
2026-04-19 12:14:14 | INFO | Episode 2652 - Reward: -200.000, Length: 200, Loss: 8.3384, Entropy: 1.0934, Epsilon: 0.010
2026-04-19 12:14:14 | INFO | Episode 2653 - Reward: -200.000, Length: 200, Loss: 22.7085, Entropy: 1.0735, Epsilon: 0.010
2026-04-19 12:14:14 | INFO | Episode 2654 - Reward: -200.000, Length: 200, Loss: 10.6933, Entropy: 1.0934, Epsilon: 0.010
2026-04-19 12:14:15 | INFO | Episode 2655 - Reward: -200.000, Length: 200, Loss: 10.7390, Entropy: 1.0857, Epsilon: 0.010
2026-04-19 12:14:15 | INFO | Episode 2656 - Reward: -200.000, Length: 200, Loss: 13.4681, Entropy: 1.0908, Epsilon: 0.010
2026-04-19 12:14:15 | INFO | Episode 2657 - Reward: -200.000, Length: 200, Loss: 22.1116, Entropy: 1.0775, Epsilon: 0.010
2026-04-19 12:14:16 | INFO | Episode 2658 - Reward: -200.000, Length: 200, Loss: 2.6589, Entropy: 1.0908, Epsilon: 0.010
2026-04-19 12:14:16 | INFO | Episode 2659 - Reward: -200.000, Length: 200, Loss: 24.8940, Entropy: 1.0854, Epsilon: 0.010
2026-04-19 12:14:16 | INFO | Episode 2660 - Reward: -200.000, Length: 200, Loss: 22.4577, Entropy: 1.0818, Epsilon: 0.010
2026-04-19 12:14:17 | INFO | Episode 2661 - Reward: -200.000, Length: 200, Loss: 30.2848, Entropy: 1.0361, Epsilon: 0.010
2026-04-19 12:14:17 | INFO | Episode 2662 - Reward: -200.000, Length: 200, Loss: 11.0875, Entropy: 1.0908, Epsilon: 0.010
2026-04-19 12:14:17 | INFO | Episode 2663 - Reward: -200.000, Length: 200, Loss: 8.2382, Entropy: 1.0893, Epsilon: 0.010
2026-04-19 12:14:18 | INFO | Episode 2664 - Reward: -200.000, Length: 200, Loss: 2.5091, Entropy: 1.0957, Epsilon: 0.010
2026-04-19 12:14:18 | INFO | Episode 2665 - Reward: -200.000, Length: 200, Loss: 8.2570, Entropy: 1.0940, Epsilon: 0.010
2026-04-19 12:14:18 | INFO | Episode 2666 - Reward: -200.000, Length: 200, Loss: 14.0270, Entropy: 1.0719, Epsilon: 0.010
2026-04-19 12:14:19 | INFO | Episode 2667 - Reward: -200.000, Length: 200, Loss: 11.0049, Entropy: 1.0893, Epsilon: 0.010
2026-04-19 12:14:19 | INFO | Episode 2668 - Reward: -200.000, Length: 200, Loss: 16.5562, Entropy: 1.0865, Epsilon: 0.010
2026-04-19 12:14:19 | INFO | Episode 2669 - Reward: -200.000, Length: 200, Loss: 8.0334, Entropy: 1.0696, Epsilon: 0.010
2026-04-19 12:14:20 | INFO | Episode 2670 - Reward: -200.000, Length: 200, Loss: 22.1635, Entropy: 1.0702, Epsilon: 0.010
2026-04-19 12:14:20 | INFO | Episode 2671 - Reward: -200.000, Length: 200, Loss: 11.1674, Entropy: 1.0891, Epsilon: 0.010
2026-04-19 12:14:20 | INFO | Episode 2672 - Reward: -200.000, Length: 200, Loss: 2.6533, Entropy: 1.0964, Epsilon: 0.010
2026-04-19 12:14:21 | INFO | Episode 2673 - Reward: -200.000, Length: 200, Loss: 10.9625, Entropy: 1.0895, Epsilon: 0.010
2026-04-19 12:14:21 | INFO | Episode 2674 - Reward: -200.000, Length: 200, Loss: 13.9150, Entropy: 1.0904, Epsilon: 0.010
2026-04-19 12:14:21 | INFO | Episode 2675 - Reward: -200.000, Length: 200, Loss: 16.5384, Entropy: 1.0855, Epsilon: 0.010
2026-04-19 12:14:22 | INFO | Episode 2676 - Reward: -200.000, Length: 200, Loss: 16.2765, Entropy: 1.0733, Epsilon: 0.010
2026-04-19 12:14:22 | INFO | Episode 2677 - Reward: -200.000, Length: 200, Loss: 10.7935, Entropy: 1.0815, Epsilon: 0.010
2026-04-19 12:14:22 | INFO | Episode 2678 - Reward: -200.000, Length: 200, Loss: 18.7458, Entropy: 1.0831, Epsilon: 0.010
2026-04-19 12:14:23 | INFO | Episode 2679 - Reward: -200.000, Length: 200, Loss: 13.2142, Entropy: 1.0972, Epsilon: 0.010
2026-04-19 12:14:23 | INFO | Episode 2680 - Reward: -200.000, Length: 200, Loss: 13.3425, Entropy: 1.0704, Epsilon: 0.010
2026-04-19 12:14:23 | INFO | Episode 2681 - Reward: -200.000, Length: 200, Loss: 10.6730, Entropy: 1.0738, Epsilon: 0.010
2026-04-19 12:14:24 | INFO | Episode 2682 - Reward: -200.000, Length: 200, Loss: 5.1651, Entropy: 1.0939, Epsilon: 0.010
2026-04-19 12:14:24 | INFO | Episode 2683 - Reward: -200.000, Length: 200, Loss: 29.1891, Entropy: 1.0771, Epsilon: 0.010
2026-04-19 12:14:24 | INFO | Episode 2684 - Reward: -200.000, Length: 200, Loss: 10.4137, Entropy: 1.0957, Epsilon: 0.010
2026-04-19 12:14:25 | INFO | Episode 2685 - Reward: -200.000, Length: 200, Loss: 15.7448, Entropy: 1.0932, Epsilon: 0.010
2026-04-19 12:14:25 | INFO | Episode 2686 - Reward: -200.000, Length: 200, Loss: 12.9675, Entropy: 1.0741, Epsilon: 0.010
2026-04-19 12:14:25 | INFO | Episode 2687 - Reward: -200.000, Length: 200, Loss: 21.3599, Entropy: 1.0909, Epsilon: 0.010
2026-04-19 12:14:26 | INFO | Episode 2688 - Reward: -200.000, Length: 200, Loss: 16.0269, Entropy: 1.0864, Epsilon: 0.010
2026-04-19 12:14:26 | INFO | Episode 2689 - Reward: -200.000, Length: 200, Loss: 18.6495, Entropy: 1.0902, Epsilon: 0.010
2026-04-19 12:14:26 | INFO | Episode 2690 - Reward: -200.000, Length: 200, Loss: 13.3730, Entropy: 1.0773, Epsilon: 0.010
2026-04-19 12:14:27 | INFO | Episode 2691 - Reward: -200.000, Length: 200, Loss: 15.4337, Entropy: 1.0878, Epsilon: 0.010
2026-04-19 12:14:27 | INFO | Episode 2692 - Reward: -200.000, Length: 200, Loss: 5.2219, Entropy: 1.0884, Epsilon: 0.010
2026-04-19 12:14:27 | INFO | Episode 2693 - Reward: -200.000, Length: 200, Loss: 10.5386, Entropy: 1.0924, Epsilon: 0.010
2026-04-19 12:14:28 | INFO | Episode 2694 - Reward: -200.000, Length: 200, Loss: 18.7611, Entropy: 1.0888, Epsilon: 0.010
2026-04-19 12:14:28 | INFO | Episode 2695 - Reward: -200.000, Length: 200, Loss: 13.4526, Entropy: 1.0933, Epsilon: 0.010
2026-04-19 12:14:28 | INFO | Episode 2696 - Reward: -200.000, Length: 200, Loss: 13.2522, Entropy: 1.0848, Epsilon: 0.010
2026-04-19 12:14:29 | INFO | Episode 2697 - Reward: -200.000, Length: 200, Loss: 21.9699, Entropy: 1.0793, Epsilon: 0.010
2026-04-19 12:14:29 | INFO | Episode 2698 - Reward: -200.000, Length: 200, Loss: 18.9805, Entropy: 1.0825, Epsilon: 0.010
2026-04-19 12:14:29 | INFO | Episode 2699 - Reward: -200.000, Length: 200, Loss: 10.6642, Entropy: 1.0715, Epsilon: 0.010
2026-04-19 12:14:30 | INFO | Episode 2700 - Reward: -200.000, Length: 200, Loss: 26.7631, Entropy: 1.0818, Epsilon: 0.010
2026-04-19 12:14:34 | INFO | [Episode 2700] eps=0.010  avg_reward=-200.000  avg_length=200.00  avg_loss= 14.3144  avg_entropy=1.0818  eval_success=0.000
2026-04-19 12:14:35 | INFO | Episode 2701 - Reward: -200.000, Length: 200, Loss: 10.5071, Entropy: 1.0878, Epsilon: 0.010
2026-04-19 12:14:35 | INFO | Episode 2702 - Reward: -200.000, Length: 200, Loss: 13.1660, Entropy: 1.0945, Epsilon: 0.010
2026-04-19 12:14:35 | INFO | Episode 2703 - Reward: -200.000, Length: 200, Loss: 13.3202, Entropy: 1.0871, Epsilon: 0.010
2026-04-19 12:14:37 | INFO | Episode 2704 - Reward: -200.000, Length: 200, Loss: 15.9094, Entropy: 1.0855, Epsilon: 0.010
2026-04-19 12:14:38 | INFO | Episode 2705 - Reward: -200.000, Length: 200, Loss: 26.5465, Entropy: 1.0889, Epsilon: 0.010
2026-04-19 12:14:38 | INFO | Episode 2706 - Reward: -200.000, Length: 200, Loss: 18.5310, Entropy: 1.0787, Epsilon: 0.010
2026-04-19 12:14:38 | INFO | Episode 2707 - Reward: -200.000, Length: 200, Loss: 10.5633, Entropy: 1.0845, Epsilon: 0.010
2026-04-19 12:14:39 | INFO | Episode 2708 - Reward: -200.000, Length: 200, Loss: 15.8505, Entropy: 1.0913, Epsilon: 0.010
2026-04-19 12:14:39 | INFO | Episode 2709 - Reward: -200.000, Length: 200, Loss: 5.3111, Entropy: 1.0879, Epsilon: 0.010
2026-04-19 12:14:39 | INFO | Episode 2710 - Reward: -200.000, Length: 200, Loss: 13.0072, Entropy: 1.0843, Epsilon: 0.010
2026-04-19 12:14:40 | INFO | Episode 2711 - Reward: -200.000, Length: 200, Loss: 13.4184, Entropy: 1.0938, Epsilon: 0.010
2026-04-19 12:14:40 | INFO | Episode 2712 - Reward: -200.000, Length: 200, Loss: 15.8037, Entropy: 1.0915, Epsilon: 0.010
2026-04-19 12:14:40 | INFO | Episode 2713 - Reward: -200.000, Length: 200, Loss: 13.2900, Entropy: 1.0937, Epsilon: 0.010
2026-04-19 12:14:40 | INFO | Episode 2714 - Reward: -200.000, Length: 200, Loss: 8.1157, Entropy: 1.0926, Epsilon: 0.010
2026-04-19 12:14:41 | INFO | Episode 2715 - Reward: -200.000, Length: 200, Loss: 13.4463, Entropy: 1.0938, Epsilon: 0.010
2026-04-19 12:14:41 | INFO | Episode 2716 - Reward: -200.000, Length: 200, Loss: 8.0303, Entropy: 1.0913, Epsilon: 0.010
2026-04-19 12:14:42 | INFO | Episode 2717 - Reward: -200.000, Length: 200, Loss: 10.7286, Entropy: 1.0925, Epsilon: 0.010
2026-04-19 12:14:42 | INFO | Episode 2718 - Reward: -200.000, Length: 200, Loss: 13.7467, Entropy: 1.0857, Epsilon: 0.010
2026-04-19 12:14:42 | INFO | Episode 2719 - Reward: -200.000, Length: 200, Loss: 10.7581, Entropy: 1.0927, Epsilon: 0.010
2026-04-19 12:14:42 | INFO | Episode 2720 - Reward: -200.000, Length: 200, Loss: 8.3333, Entropy: 1.0911, Epsilon: 0.010
2026-04-19 12:14:43 | INFO | Episode 2721 - Reward: -200.000, Length: 200, Loss: 35.6456, Entropy: 1.0868, Epsilon: 0.010
2026-04-19 12:14:43 | INFO | Episode 2722 - Reward: -200.000, Length: 200, Loss: 8.1491, Entropy: 1.0945, Epsilon: 0.010
2026-04-19 12:14:43 | INFO | Episode 2723 - Reward: -200.000, Length: 200, Loss: 8.0614, Entropy: 1.0845, Epsilon: 0.010
2026-04-19 12:14:44 | INFO | Episode 2724 - Reward: -200.000, Length: 200, Loss: 8.2127, Entropy: 1.0911, Epsilon: 0.010
2026-04-19 12:14:45 | INFO | Episode 2725 - Reward: -200.000, Length: 200, Loss: 16.5200, Entropy: 1.0866, Epsilon: 0.010
2026-04-19 12:14:45 | INFO | Episode 2726 - Reward: -200.000, Length: 200, Loss: 14.0107, Entropy: 1.0887, Epsilon: 0.010
2026-04-19 12:14:45 | INFO | Episode 2727 - Reward: -200.000, Length: 200, Loss: 16.3637, Entropy: 1.0883, Epsilon: 0.010
2026-04-19 12:14:46 | INFO | Episode 2728 - Reward: -200.000, Length: 200, Loss: 16.5883, Entropy: 1.0821, Epsilon: 0.010
2026-04-19 12:14:46 | INFO | Episode 2729 - Reward: -200.000, Length: 200, Loss: -0.2006, Entropy: 1.0960, Epsilon: 0.010
2026-04-19 12:14:46 | INFO | Episode 2730 - Reward: -200.000, Length: 200, Loss: 10.7461, Entropy: 1.0893, Epsilon: 0.010
2026-04-19 12:14:47 | INFO | Episode 2731 - Reward: -200.000, Length: 200, Loss: 13.7374, Entropy: 1.0913, Epsilon: 0.010
2026-04-19 12:14:47 | INFO | Episode 2732 - Reward: -200.000, Length: 200, Loss: 16.8240, Entropy: 1.0904, Epsilon: 0.010
2026-04-19 12:14:47 | INFO | Episode 2733 - Reward: -200.000, Length: 200, Loss: 16.4298, Entropy: 1.0766, Epsilon: 0.010
2026-04-19 12:14:48 | INFO | Episode 2734 - Reward: -200.000, Length: 200, Loss: 13.4542, Entropy: 1.0639, Epsilon: 0.010
2026-04-19 12:14:48 | INFO | Episode 2735 - Reward: -200.000, Length: 200, Loss: 21.9791, Entropy: 1.0885, Epsilon: 0.010
2026-04-19 12:14:48 | INFO | Episode 2736 - Reward: -200.000, Length: 200, Loss: 12.8057, Entropy: 1.0647, Epsilon: 0.010
2026-04-19 12:14:49 | INFO | Episode 2737 - Reward: -200.000, Length: 200, Loss: 11.1267, Entropy: 1.0881, Epsilon: 0.010
2026-04-19 12:14:49 | INFO | Episode 2738 - Reward: -200.000, Length: 200, Loss: 13.3562, Entropy: 1.0891, Epsilon: 0.010
2026-04-19 12:14:49 | INFO | Episode 2739 - Reward: -200.000, Length: 200, Loss: 7.9229, Entropy: 1.0878, Epsilon: 0.010
2026-04-19 12:14:50 | INFO | Episode 2740 - Reward: -200.000, Length: 200, Loss: 5.2582, Entropy: 1.0868, Epsilon: 0.010
2026-04-19 12:14:50 | INFO | Episode 2741 - Reward: -200.000, Length: 200, Loss: 21.7493, Entropy: 1.0891, Epsilon: 0.010
2026-04-19 12:14:50 | INFO | Episode 2742 - Reward: -200.000, Length: 200, Loss: 5.3308, Entropy: 1.0937, Epsilon: 0.010
2026-04-19 12:14:51 | INFO | Episode 2743 - Reward: -200.000, Length: 200, Loss: 10.9421, Entropy: 1.0883, Epsilon: 0.010
2026-04-19 12:14:51 | INFO | Episode 2744 - Reward: -200.000, Length: 200, Loss: 27.0820, Entropy: 1.0818, Epsilon: 0.010
2026-04-19 12:14:51 | INFO | Episode 2745 - Reward: -200.000, Length: 200, Loss: 19.0565, Entropy: 1.0821, Epsilon: 0.010
2026-04-19 12:14:52 | INFO | Episode 2746 - Reward: -200.000, Length: 200, Loss: 10.5820, Entropy: 1.0929, Epsilon: 0.010
2026-04-19 12:14:52 | INFO | Episode 2747 - Reward: -200.000, Length: 200, Loss: 24.6458, Entropy: 1.0876, Epsilon: 0.010
2026-04-19 12:14:52 | INFO | Episode 2748 - Reward: -200.000, Length: 200, Loss: 13.5552, Entropy: 1.0900, Epsilon: 0.010
2026-04-19 12:14:53 | INFO | Episode 2749 - Reward: -200.000, Length: 200, Loss: 19.5089, Entropy: 1.0840, Epsilon: 0.010
2026-04-19 12:14:53 | INFO | Episode 2750 - Reward: -200.000, Length: 200, Loss: 8.1093, Entropy: 1.0908, Epsilon: 0.010
2026-04-19 12:14:53 | INFO | Episode 2751 - Reward: -200.000, Length: 200, Loss: 19.3570, Entropy: 1.0845, Epsilon: 0.010
2026-04-19 12:14:54 | INFO | Episode 2752 - Reward: -200.000, Length: 200, Loss: 11.0422, Entropy: 1.0908, Epsilon: 0.010
2026-04-19 12:14:54 | INFO | Episode 2753 - Reward: -200.000, Length: 200, Loss: 16.1084, Entropy: 1.0773, Epsilon: 0.010
2026-04-19 12:14:54 | INFO | Episode 2754 - Reward: -200.000, Length: 200, Loss: 11.0143, Entropy: 1.0860, Epsilon: 0.010
2026-04-19 12:14:55 | INFO | Episode 2755 - Reward: -200.000, Length: 200, Loss: 19.2220, Entropy: 1.0767, Epsilon: 0.010
2026-04-19 12:14:55 | INFO | Episode 2756 - Reward: -200.000, Length: 200, Loss: 19.4236, Entropy: 1.0717, Epsilon: 0.010
2026-04-19 12:14:55 | INFO | Episode 2757 - Reward: -200.000, Length: 200, Loss: 11.1415, Entropy: 1.0866, Epsilon: 0.010
2026-04-19 12:14:56 | INFO | Episode 2758 - Reward: -200.000, Length: 200, Loss: 8.1649, Entropy: 1.0867, Epsilon: 0.010
2026-04-19 12:14:56 | INFO | Episode 2759 - Reward: -200.000, Length: 200, Loss: 16.7775, Entropy: 1.0858, Epsilon: 0.010
2026-04-19 12:14:56 | INFO | Episode 2760 - Reward: -200.000, Length: 200, Loss: 5.4777, Entropy: 1.0921, Epsilon: 0.010
2026-04-19 12:14:57 | INFO | Episode 2761 - Reward: -200.000, Length: 200, Loss: 17.4270, Entropy: 1.0707, Epsilon: 0.010
2026-04-19 12:14:57 | INFO | Episode 2762 - Reward: -200.000, Length: 200, Loss: 5.5261, Entropy: 1.0852, Epsilon: 0.010
2026-04-19 12:14:57 | INFO | Episode 2763 - Reward: -200.000, Length: 200, Loss: 8.6455, Entropy: 1.0855, Epsilon: 0.010
2026-04-19 12:14:58 | INFO | Episode 2764 - Reward: -200.000, Length: 200, Loss: 14.0904, Entropy: 1.0837, Epsilon: 0.010
2026-04-19 12:14:58 | INFO | Episode 2765 - Reward: -200.000, Length: 200, Loss: 10.9860, Entropy: 1.0861, Epsilon: 0.010
2026-04-19 12:14:58 | INFO | Episode 2766 - Reward: -200.000, Length: 200, Loss: 16.9471, Entropy: 1.0803, Epsilon: 0.010
2026-04-19 12:14:59 | INFO | Episode 2767 - Reward: -200.000, Length: 200, Loss: 8.4285, Entropy: 1.0879, Epsilon: 0.010
2026-04-19 12:14:59 | INFO | Episode 2768 - Reward: -200.000, Length: 200, Loss: 14.1329, Entropy: 1.0850, Epsilon: 0.010
2026-04-19 12:14:59 | INFO | Episode 2769 - Reward: -200.000, Length: 200, Loss: 14.2386, Entropy: 1.0483, Epsilon: 0.010
2026-04-19 12:15:00 | INFO | Episode 2770 - Reward: -200.000, Length: 200, Loss: 8.2744, Entropy: 1.0878, Epsilon: 0.010
2026-04-19 12:15:00 | INFO | Episode 2771 - Reward: -200.000, Length: 200, Loss: 20.1455, Entropy: 1.0877, Epsilon: 0.010
2026-04-19 12:15:00 | INFO | Episode 2772 - Reward: -200.000, Length: 200, Loss: 23.1071, Entropy: 1.0913, Epsilon: 0.010
2026-04-19 12:15:01 | INFO | Episode 2773 - Reward: -200.000, Length: 200, Loss: 19.9454, Entropy: 1.0873, Epsilon: 0.010
2026-04-19 12:15:01 | INFO | Episode 2774 - Reward: -200.000, Length: 200, Loss: 14.3162, Entropy: 1.0932, Epsilon: 0.010
2026-04-19 12:15:01 | INFO | Episode 2775 - Reward: -200.000, Length: 200, Loss: 11.0186, Entropy: 1.0817, Epsilon: 0.010
2026-04-19 12:15:02 | INFO | Episode 2776 - Reward: -200.000, Length: 200, Loss: 20.0084, Entropy: 1.0673, Epsilon: 0.010
2026-04-19 12:15:02 | INFO | Episode 2777 - Reward: -200.000, Length: 200, Loss: 8.2029, Entropy: 1.0833, Epsilon: 0.010
2026-04-19 12:15:02 | INFO | Episode 2778 - Reward: -200.000, Length: 200, Loss: 20.3463, Entropy: 1.0779, Epsilon: 0.010
2026-04-19 12:15:03 | INFO | Episode 2779 - Reward: -200.000, Length: 200, Loss: 17.1283, Entropy: 1.0757, Epsilon: 0.010
2026-04-19 12:15:03 | INFO | Episode 2780 - Reward: -200.000, Length: 200, Loss: 14.2833, Entropy: 1.0824, Epsilon: 0.010
2026-04-19 12:15:03 | INFO | Episode 2781 - Reward: -200.000, Length: 200, Loss: 16.7457, Entropy: 1.0911, Epsilon: 0.010
2026-04-19 12:15:04 | INFO | Episode 2782 - Reward: -200.000, Length: 200, Loss: 11.2918, Entropy: 1.0960, Epsilon: 0.010
2026-04-19 12:15:04 | INFO | Episode 2783 - Reward: -200.000, Length: 200, Loss: 8.3063, Entropy: 1.0882, Epsilon: 0.010
2026-04-19 12:15:04 | INFO | Episode 2784 - Reward: -200.000, Length: 200, Loss: 8.3580, Entropy: 1.0897, Epsilon: 0.010
2026-04-19 12:15:05 | INFO | Episode 2785 - Reward: -200.000, Length: 200, Loss: 11.5303, Entropy: 1.0914, Epsilon: 0.010
2026-04-19 12:15:05 | INFO | Episode 2786 - Reward: -200.000, Length: 200, Loss: 8.5299, Entropy: 1.0947, Epsilon: 0.010
2026-04-19 12:15:05 | INFO | Episode 2787 - Reward: -200.000, Length: 200, Loss: 8.4922, Entropy: 1.0952, Epsilon: 0.010
2026-04-19 12:15:06 | INFO | Episode 2788 - Reward: -200.000, Length: 200, Loss: 2.7702, Entropy: 1.0953, Epsilon: 0.010
2026-04-19 12:15:06 | INFO | Episode 2789 - Reward: -200.000, Length: 200, Loss: 11.5130, Entropy: 1.0939, Epsilon: 0.010
2026-04-19 12:15:06 | INFO | Episode 2790 - Reward: -200.000, Length: 200, Loss: 20.5396, Entropy: 1.0850, Epsilon: 0.010
2026-04-19 12:15:07 | INFO | Episode 2791 - Reward: -200.000, Length: 200, Loss: 14.6225, Entropy: 1.0924, Epsilon: 0.010
2026-04-19 12:15:07 | INFO | Episode 2792 - Reward: -200.000, Length: 200, Loss: 26.2499, Entropy: 1.0898, Epsilon: 0.010
2026-04-19 12:15:07 | INFO | Episode 2793 - Reward: -200.000, Length: 200, Loss: 5.5430, Entropy: 1.0947, Epsilon: 0.010
2026-04-19 12:15:08 | INFO | Episode 2794 - Reward: -200.000, Length: 200, Loss: 17.8364, Entropy: 1.0796, Epsilon: 0.010
2026-04-19 12:15:08 | INFO | Episode 2795 - Reward: -200.000, Length: 200, Loss: 14.9054, Entropy: 1.0801, Epsilon: 0.010
2026-04-19 12:15:08 | INFO | Episode 2796 - Reward: -200.000, Length: 200, Loss: 14.9548, Entropy: 1.0725, Epsilon: 0.010
2026-04-19 12:15:09 | INFO | Episode 2797 - Reward: -200.000, Length: 200, Loss: 8.9513, Entropy: 1.0794, Epsilon: 0.010
2026-04-19 12:15:09 | INFO | Episode 2798 - Reward: -200.000, Length: 200, Loss: -0.2167, Entropy: 1.0979, Epsilon: 0.010
2026-04-19 12:15:09 | INFO | Episode 2799 - Reward: -200.000, Length: 200, Loss: 8.9711, Entropy: 1.0968, Epsilon: 0.010
2026-04-19 12:15:10 | INFO | Episode 2800 - Reward: -200.000, Length: 200, Loss: 21.0451, Entropy: 1.0737, Epsilon: 0.010
2026-04-19 12:15:14 | INFO | [Episode 2800] eps=0.010  avg_reward=-200.000  avg_length=200.00  avg_loss= 13.5180  avg_entropy=1.0737  eval_success=0.000
2026-04-19 12:15:15 | INFO | Episode 2801 - Reward: -200.000, Length: 200, Loss: -0.1821, Entropy: 1.0895, Epsilon: 0.010
2026-04-19 12:15:15 | INFO | Episode 2802 - Reward: -200.000, Length: 200, Loss: 20.6140, Entropy: 1.0807, Epsilon: 0.010
2026-04-19 12:15:15 | INFO | Episode 2803 - Reward: -200.000, Length: 200, Loss: 11.5746, Entropy: 1.0870, Epsilon: 0.010
2026-04-19 12:15:16 | INFO | Episode 2804 - Reward: -200.000, Length: 200, Loss: 18.1166, Entropy: 1.0942, Epsilon: 0.010
2026-04-19 12:15:16 | INFO | Episode 2805 - Reward: -200.000, Length: 200, Loss: 11.3739, Entropy: 1.0820, Epsilon: 0.010
2026-04-19 12:15:16 | INFO | Episode 2806 - Reward: -200.000, Length: 200, Loss: 15.2748, Entropy: 1.0861, Epsilon: 0.010
2026-04-19 12:15:17 | INFO | Episode 2807 - Reward: -200.000, Length: 200, Loss: 14.5838, Entropy: 1.0849, Epsilon: 0.010
2026-04-19 12:15:18 | INFO | Episode 2808 - Reward: -200.000, Length: 200, Loss: 9.0004, Entropy: 1.0926, Epsilon: 0.010
2026-04-19 12:15:18 | INFO | Episode 2809 - Reward: -200.000, Length: 200, Loss: 14.4286, Entropy: 1.0893, Epsilon: 0.010
2026-04-19 12:15:18 | INFO | Episode 2810 - Reward: -200.000, Length: 200, Loss: 20.8892, Entropy: 1.0837, Epsilon: 0.010
2026-04-19 12:15:19 | INFO | Episode 2811 - Reward: -200.000, Length: 200, Loss: 18.0440, Entropy: 1.0764, Epsilon: 0.010
2026-04-19 12:15:19 | INFO | Episode 2812 - Reward: -200.000, Length: 200, Loss: 23.6391, Entropy: 1.0897, Epsilon: 0.010
2026-04-19 12:15:19 | INFO | Episode 2813 - Reward: -200.000, Length: 200, Loss: 23.2047, Entropy: 1.0749, Epsilon: 0.010
2026-04-19 12:15:20 | INFO | Episode 2814 - Reward: -200.000, Length: 200, Loss: 20.0233, Entropy: 1.0572, Epsilon: 0.010
2026-04-19 12:15:20 | INFO | Episode 2815 - Reward: -200.000, Length: 200, Loss: 12.0177, Entropy: 1.0840, Epsilon: 0.010
2026-04-19 12:15:20 | INFO | Episode 2816 - Reward: -200.000, Length: 200, Loss: 8.9183, Entropy: 1.0875, Epsilon: 0.010
2026-04-19 12:15:21 | INFO | Episode 2817 - Reward: -200.000, Length: 200, Loss: 23.6157, Entropy: 1.0859, Epsilon: 0.010
2026-04-19 12:15:21 | INFO | Episode 2818 - Reward: -200.000, Length: 200, Loss: 17.7743, Entropy: 1.0825, Epsilon: 0.010
2026-04-19 12:15:21 | INFO | Episode 2819 - Reward: -200.000, Length: 200, Loss: 17.1844, Entropy: 1.0775, Epsilon: 0.010
2026-04-19 12:15:22 | INFO | Episode 2820 - Reward: -200.000, Length: 200, Loss: 20.5899, Entropy: 1.0851, Epsilon: 0.010
2026-04-19 12:15:22 | INFO | Episode 2821 - Reward: -200.000, Length: 200, Loss: 29.3868, Entropy: 1.0861, Epsilon: 0.010
2026-04-19 12:15:22 | INFO | Episode 2822 - Reward: -200.000, Length: 200, Loss: 14.1892, Entropy: 1.0848, Epsilon: 0.010
2026-04-19 12:15:23 | INFO | Episode 2823 - Reward: -200.000, Length: 200, Loss: 11.4771, Entropy: 1.0803, Epsilon: 0.010
2026-04-19 12:15:23 | INFO | Episode 2824 - Reward: -200.000, Length: 200, Loss: 20.5214, Entropy: 1.0843, Epsilon: 0.010
2026-04-19 12:15:23 | INFO | Episode 2825 - Reward: -200.000, Length: 200, Loss: 17.2570, Entropy: 1.0708, Epsilon: 0.010
2026-04-19 12:15:24 | INFO | Episode 2826 - Reward: -200.000, Length: 200, Loss: 20.6631, Entropy: 1.0929, Epsilon: 0.010
2026-04-19 12:15:24 | INFO | Episode 2827 - Reward: -200.000, Length: 200, Loss: 17.4119, Entropy: 1.0877, Epsilon: 0.010
2026-04-19 12:15:24 | INFO | Episode 2828 - Reward: -200.000, Length: 200, Loss: 11.6432, Entropy: 1.0851, Epsilon: 0.010
2026-04-19 12:15:25 | INFO | Episode 2829 - Reward: -200.000, Length: 200, Loss: 8.5124, Entropy: 1.0876, Epsilon: 0.010
2026-04-19 12:15:25 | INFO | Episode 2830 - Reward: -200.000, Length: 200, Loss: 23.2976, Entropy: 1.0776, Epsilon: 0.010
2026-04-19 12:15:25 | INFO | Episode 2831 - Reward: -200.000, Length: 200, Loss: 11.4845, Entropy: 1.0882, Epsilon: 0.010
2026-04-19 12:15:26 | INFO | Episode 2832 - Reward: -200.000, Length: 200, Loss: 11.5210, Entropy: 1.0789, Epsilon: 0.010
2026-04-19 12:15:26 | INFO | Episode 2833 - Reward: -200.000, Length: 200, Loss: 26.3473, Entropy: 1.0877, Epsilon: 0.010
2026-04-19 12:15:26 | INFO | Episode 2834 - Reward: -200.000, Length: 200, Loss: 26.4777, Entropy: 1.0899, Epsilon: 0.010
2026-04-19 12:15:27 | INFO | Episode 2835 - Reward: -200.000, Length: 200, Loss: 8.8425, Entropy: 1.0948, Epsilon: 0.010
2026-04-19 12:15:27 | INFO | Episode 2836 - Reward: -200.000, Length: 200, Loss: 14.6337, Entropy: 1.0858, Epsilon: 0.010
2026-04-19 12:15:27 | INFO | Episode 2837 - Reward: -200.000, Length: 200, Loss: 26.8968, Entropy: 1.0711, Epsilon: 0.010
2026-04-19 12:15:28 | INFO | Episode 2838 - Reward: -200.000, Length: 200, Loss: 8.7576, Entropy: 1.0873, Epsilon: 0.010
2026-04-19 12:15:28 | INFO | Episode 2839 - Reward: -200.000, Length: 200, Loss: 9.3120, Entropy: 1.0890, Epsilon: 0.010
2026-04-19 12:15:28 | INFO | Episode 2840 - Reward: -200.000, Length: 200, Loss: 15.0365, Entropy: 1.0918, Epsilon: 0.010
2026-04-19 12:15:29 | INFO | Episode 2841 - Reward: -200.000, Length: 200, Loss: 11.7481, Entropy: 1.0890, Epsilon: 0.010
2026-04-19 12:15:29 | INFO | Episode 2842 - Reward: -200.000, Length: 200, Loss: 11.7771, Entropy: 1.0902, Epsilon: 0.010
2026-04-19 12:15:29 | INFO | Episode 2843 - Reward: -200.000, Length: 200, Loss: 15.2847, Entropy: 1.0846, Epsilon: 0.010
2026-04-19 12:15:30 | INFO | Episode 2844 - Reward: -200.000, Length: 200, Loss: 15.0230, Entropy: 1.0897, Epsilon: 0.010
2026-04-19 12:15:30 | INFO | Episode 2845 - Reward: -200.000, Length: 200, Loss: 15.4263, Entropy: 1.0825, Epsilon: 0.010
2026-04-19 12:15:30 | INFO | Episode 2846 - Reward: -200.000, Length: 200, Loss: 12.4794, Entropy: 1.0890, Epsilon: 0.010
2026-04-19 12:15:31 | INFO | Episode 2847 - Reward: -200.000, Length: 200, Loss: 15.5268, Entropy: 1.0885, Epsilon: 0.010
2026-04-19 12:15:31 | INFO | Episode 2848 - Reward: -200.000, Length: 200, Loss: 18.6475, Entropy: 1.0804, Epsilon: 0.010
2026-04-19 12:15:31 | INFO | Episode 2849 - Reward: -200.000, Length: 200, Loss: 6.1676, Entropy: 1.0907, Epsilon: 0.010
2026-04-19 12:15:32 | INFO | Episode 2850 - Reward: -200.000, Length: 200, Loss: 21.5033, Entropy: 1.0767, Epsilon: 0.010
2026-04-19 12:15:32 | INFO | Episode 2851 - Reward: -200.000, Length: 200, Loss: 15.6621, Entropy: 1.0781, Epsilon: 0.010
2026-04-19 12:15:32 | INFO | Episode 2852 - Reward: -200.000, Length: 200, Loss: 15.3239, Entropy: 1.0936, Epsilon: 0.010
2026-04-19 12:15:33 | INFO | Episode 2853 - Reward: -200.000, Length: 200, Loss: 3.0217, Entropy: 1.0935, Epsilon: 0.010
2026-04-19 12:15:33 | INFO | Episode 2854 - Reward: -200.000, Length: 200, Loss: 15.2862, Entropy: 1.0741, Epsilon: 0.010
2026-04-19 12:15:33 | INFO | Episode 2855 - Reward: -200.000, Length: 200, Loss: 18.6119, Entropy: 1.0826, Epsilon: 0.010
2026-04-19 12:15:34 | INFO | Episode 2856 - Reward: -200.000, Length: 200, Loss: 14.9459, Entropy: 1.0833, Epsilon: 0.010
2026-04-19 12:15:34 | INFO | Episode 2857 - Reward: -200.000, Length: 200, Loss: 27.8447, Entropy: 1.0582, Epsilon: 0.010
2026-04-19 12:15:34 | INFO | Episode 2858 - Reward: -200.000, Length: 200, Loss: 11.5749, Entropy: 1.0803, Epsilon: 0.010
2026-04-19 12:15:35 | INFO | Episode 2859 - Reward: -200.000, Length: 200, Loss: 23.6788, Entropy: 1.0680, Epsilon: 0.010
2026-04-19 12:15:35 | INFO | Episode 2860 - Reward: -200.000, Length: 200, Loss: 11.9431, Entropy: 1.0898, Epsilon: 0.010
2026-04-19 12:15:35 | INFO | Episode 2861 - Reward: -200.000, Length: 200, Loss: 17.4923, Entropy: 1.0829, Epsilon: 0.010
2026-04-19 12:15:36 | INFO | Episode 2862 - Reward: -200.000, Length: 200, Loss: 14.9480, Entropy: 1.0851, Epsilon: 0.010
2026-04-19 12:15:36 | INFO | Episode 2863 - Reward: -200.000, Length: 200, Loss: 5.7840, Entropy: 1.0884, Epsilon: 0.010
2026-04-19 12:15:36 | INFO | Episode 2864 - Reward: -200.000, Length: 200, Loss: 12.3551, Entropy: 1.0878, Epsilon: 0.010
2026-04-19 12:15:37 | INFO | Episode 2865 - Reward: -200.000, Length: 200, Loss: 11.9153, Entropy: 1.0864, Epsilon: 0.010
2026-04-19 12:15:37 | INFO | Episode 2866 - Reward: -200.000, Length: 200, Loss: 24.3730, Entropy: 1.0954, Epsilon: 0.010
2026-04-19 12:15:37 | INFO | Episode 2867 - Reward: -200.000, Length: 200, Loss: 18.5099, Entropy: 1.0794, Epsilon: 0.010
2026-04-19 12:15:38 | INFO | Episode 2868 - Reward: -200.000, Length: 200, Loss: 9.1318, Entropy: 1.0933, Epsilon: 0.010
2026-04-19 12:15:38 | INFO | Episode 2869 - Reward: -200.000, Length: 200, Loss: 12.6432, Entropy: 1.0908, Epsilon: 0.010
2026-04-19 12:15:38 | INFO | Episode 2870 - Reward: -200.000, Length: 200, Loss: 15.9859, Entropy: 1.0461, Epsilon: 0.010
2026-04-19 12:15:39 | INFO | Episode 2871 - Reward: -200.000, Length: 200, Loss: 18.5226, Entropy: 1.0808, Epsilon: 0.010
2026-04-19 12:15:39 | INFO | Episode 2872 - Reward: -200.000, Length: 200, Loss: 18.8095, Entropy: 1.0674, Epsilon: 0.010
2026-04-19 12:15:39 | INFO | Episode 2873 - Reward: -200.000, Length: 200, Loss: 9.0442, Entropy: 1.0931, Epsilon: 0.010
2026-04-19 12:15:40 | INFO | Episode 2874 - Reward: -200.000, Length: 200, Loss: 27.7302, Entropy: 1.0820, Epsilon: 0.010
2026-04-19 12:15:40 | INFO | Episode 2875 - Reward: -200.000, Length: 200, Loss: 12.3069, Entropy: 1.0894, Epsilon: 0.010
2026-04-19 12:15:40 | INFO | Episode 2876 - Reward: -200.000, Length: 200, Loss: 2.9758, Entropy: 1.0947, Epsilon: 0.010
2026-04-19 12:15:41 | INFO | Episode 2877 - Reward: -200.000, Length: 200, Loss: 12.0304, Entropy: 1.0860, Epsilon: 0.010
2026-04-19 12:15:41 | INFO | Episode 2878 - Reward: -200.000, Length: 200, Loss: 12.2465, Entropy: 1.0862, Epsilon: 0.010
2026-04-19 12:15:41 | INFO | Episode 2879 - Reward: -200.000, Length: 200, Loss: 20.9046, Entropy: 1.0816, Epsilon: 0.010
2026-04-19 12:15:42 | INFO | Episode 2880 - Reward: -200.000, Length: 200, Loss: 12.0463, Entropy: 1.0844, Epsilon: 0.010
2026-04-19 12:15:42 | INFO | Episode 2881 - Reward: -200.000, Length: 200, Loss: 14.7967, Entropy: 1.0870, Epsilon: 0.010
2026-04-19 12:15:42 | INFO | Episode 2882 - Reward: -200.000, Length: 200, Loss: 11.5849, Entropy: 1.0589, Epsilon: 0.010
2026-04-19 12:15:43 | INFO | Episode 2883 - Reward: -200.000, Length: 200, Loss: 8.7819, Entropy: 1.0868, Epsilon: 0.010
2026-04-19 12:15:43 | INFO | Episode 2884 - Reward: -200.000, Length: 200, Loss: 11.9877, Entropy: 1.0881, Epsilon: 0.010
2026-04-19 12:15:43 | INFO | Episode 2885 - Reward: -200.000, Length: 200, Loss: 18.2303, Entropy: 1.0739, Epsilon: 0.010
2026-04-19 12:15:44 | INFO | Episode 2886 - Reward: -200.000, Length: 200, Loss: 21.2705, Entropy: 1.0823, Epsilon: 0.010
2026-04-19 12:15:44 | INFO | Episode 2887 - Reward: -200.000, Length: 200, Loss: 24.0061, Entropy: 1.0625, Epsilon: 0.010
2026-04-19 12:15:44 | INFO | Episode 2888 - Reward: -200.000, Length: 200, Loss: 9.3475, Entropy: 1.0871, Epsilon: 0.010
2026-04-19 12:15:45 | INFO | Episode 2889 - Reward: -200.000, Length: 200, Loss: 18.4060, Entropy: 1.0867, Epsilon: 0.010
2026-04-19 12:15:45 | INFO | Episode 2890 - Reward: -200.000, Length: 200, Loss: 36.4462, Entropy: 1.0756, Epsilon: 0.010
2026-04-19 12:15:45 | INFO | Episode 2891 - Reward: -200.000, Length: 200, Loss: 23.1204, Entropy: 1.0770, Epsilon: 0.010
2026-04-19 12:15:46 | INFO | Episode 2892 - Reward: -200.000, Length: 200, Loss: 14.8219, Entropy: 1.0878, Epsilon: 0.010
2026-04-19 12:15:46 | INFO | Episode 2893 - Reward: -200.000, Length: 200, Loss: 27.2884, Entropy: 1.0665, Epsilon: 0.010
2026-04-19 12:15:46 | INFO | Episode 2894 - Reward: -200.000, Length: 200, Loss: 21.0361, Entropy: 1.0724, Epsilon: 0.010
2026-04-19 12:15:47 | INFO | Episode 2895 - Reward: -200.000, Length: 200, Loss: 5.3931, Entropy: 1.0900, Epsilon: 0.010
2026-04-19 12:15:47 | INFO | Episode 2896 - Reward: -200.000, Length: 200, Loss: 8.6065, Entropy: 1.0911, Epsilon: 0.010
2026-04-19 12:15:47 | INFO | Episode 2897 - Reward: -200.000, Length: 200, Loss: 24.1929, Entropy: 1.0812, Epsilon: 0.010
2026-04-19 12:15:48 | INFO | Episode 2898 - Reward: -200.000, Length: 200, Loss: 5.8950, Entropy: 1.0920, Epsilon: 0.010
2026-04-19 12:15:48 | INFO | Episode 2899 - Reward: -200.000, Length: 200, Loss: 24.1311, Entropy: 1.0874, Epsilon: 0.010
2026-04-19 12:15:48 | INFO | Episode 2900 - Reward: -200.000, Length: 200, Loss: 5.9000, Entropy: 1.0912, Epsilon: 0.010
2026-04-19 12:15:54 | INFO | [Episode 2900] eps=0.010  avg_reward=-200.000  avg_length=200.00  avg_loss= 15.8083  avg_entropy=1.0912  eval_success=0.000
2026-04-19 12:15:54 | INFO | Episode 2901 - Reward: -200.000, Length: 200, Loss: 11.8462, Entropy: 1.0920, Epsilon: 0.010
2026-04-19 12:15:54 | INFO | Episode 2902 - Reward: -200.000, Length: 200, Loss: 12.0520, Entropy: 1.0905, Epsilon: 0.010
2026-04-19 12:15:55 | INFO | Episode 2903 - Reward: -200.000, Length: 200, Loss: 6.0753, Entropy: 1.0938, Epsilon: 0.010
2026-04-19 12:15:55 | INFO | Episode 2904 - Reward: -200.000, Length: 200, Loss: 15.0772, Entropy: 1.0854, Epsilon: 0.010
2026-04-19 12:15:55 | INFO | Episode 2905 - Reward: -200.000, Length: 200, Loss: 8.8794, Entropy: 1.0886, Epsilon: 0.010
2026-04-19 12:15:56 | INFO | Episode 2906 - Reward: -200.000, Length: 200, Loss: 11.7273, Entropy: 1.0937, Epsilon: 0.010
2026-04-19 12:15:56 | INFO | Episode 2907 - Reward: -200.000, Length: 200, Loss: 8.8642, Entropy: 1.0718, Epsilon: 0.010
2026-04-19 12:15:56 | INFO | Episode 2908 - Reward: -200.000, Length: 200, Loss: 20.9285, Entropy: 1.0921, Epsilon: 0.010
2026-04-19 12:15:57 | INFO | Episode 2909 - Reward: -200.000, Length: 200, Loss: 5.7651, Entropy: 1.0932, Epsilon: 0.010
2026-04-19 12:15:57 | INFO | Episode 2910 - Reward: -200.000, Length: 200, Loss: 15.1858, Entropy: 1.0886, Epsilon: 0.010
2026-04-19 12:15:57 | INFO | Episode 2911 - Reward: -200.000, Length: 200, Loss: 27.6026, Entropy: 1.0261, Epsilon: 0.010
2026-04-19 12:15:58 | INFO | Episode 2912 - Reward: -200.000, Length: 200, Loss: 8.7184, Entropy: 1.0925, Epsilon: 0.010
2026-04-19 12:15:58 | INFO | Episode 2913 - Reward: -200.000, Length: 200, Loss: 2.9299, Entropy: 1.0969, Epsilon: 0.010
2026-04-19 12:15:58 | INFO | Episode 2914 - Reward: -200.000, Length: 200, Loss: -0.2045, Entropy: 1.0963, Epsilon: 0.010
2026-04-19 12:15:59 | INFO | Episode 2915 - Reward: -200.000, Length: 200, Loss: 23.7409, Entropy: 1.0818, Epsilon: 0.010
2026-04-19 12:15:59 | INFO | Episode 2916 - Reward: -200.000, Length: 200, Loss: 11.8948, Entropy: 1.0756, Epsilon: 0.010
2026-04-19 12:15:59 | INFO | Episode 2917 - Reward: -200.000, Length: 200, Loss: 15.0798, Entropy: 1.0747, Epsilon: 0.010
2026-04-19 12:16:00 | INFO | Episode 2918 - Reward: -200.000, Length: 200, Loss: -0.2064, Entropy: 1.0957, Epsilon: 0.010
2026-04-19 12:16:00 | INFO | Episode 2919 - Reward: -200.000, Length: 200, Loss: 6.1350, Entropy: 1.0940, Epsilon: 0.010
2026-04-19 12:16:00 | INFO | Episode 2920 - Reward: -200.000, Length: 200, Loss: 21.2533, Entropy: 1.0875, Epsilon: 0.010
2026-04-19 12:16:01 | INFO | Episode 2921 - Reward: -200.000, Length: 200, Loss: 11.6595, Entropy: 1.0690, Epsilon: 0.010
2026-04-19 12:16:01 | INFO | Episode 2922 - Reward: -200.000, Length: 200, Loss: 8.9908, Entropy: 1.0732, Epsilon: 0.010
2026-04-19 12:16:01 | INFO | Episode 2923 - Reward: -200.000, Length: 200, Loss: 12.3821, Entropy: 1.0935, Epsilon: 0.010
2026-04-19 12:16:02 | INFO | Episode 2924 - Reward: -200.000, Length: 200, Loss: 21.3316, Entropy: 1.0825, Epsilon: 0.010
2026-04-19 12:16:02 | INFO | Episode 2925 - Reward: -200.000, Length: 200, Loss: 12.0019, Entropy: 1.0844, Epsilon: 0.010
2026-04-19 12:16:02 | INFO | Episode 2926 - Reward: -200.000, Length: 200, Loss: 3.0305, Entropy: 1.0944, Epsilon: 0.010
2026-04-19 12:16:03 | INFO | Episode 2927 - Reward: -200.000, Length: 200, Loss: 12.1685, Entropy: 1.0943, Epsilon: 0.010
2026-04-19 12:16:03 | INFO | Episode 2928 - Reward: -200.000, Length: 200, Loss: 12.3333, Entropy: 1.0892, Epsilon: 0.010
2026-04-19 12:16:03 | INFO | Episode 2929 - Reward: -200.000, Length: 200, Loss: 15.2244, Entropy: 1.0829, Epsilon: 0.010
2026-04-19 12:16:04 | INFO | Episode 2930 - Reward: -200.000, Length: 200, Loss: 9.2219, Entropy: 1.0829, Epsilon: 0.010
2026-04-19 12:16:04 | INFO | Episode 2931 - Reward: -200.000, Length: 200, Loss: 15.4971, Entropy: 1.0832, Epsilon: 0.010
2026-04-19 12:16:04 | INFO | Episode 2932 - Reward: -200.000, Length: 200, Loss: 15.6106, Entropy: 1.0804, Epsilon: 0.010
2026-04-19 12:16:05 | INFO | Episode 2933 - Reward: -200.000, Length: 200, Loss: 17.9785, Entropy: 1.0937, Epsilon: 0.010
2026-04-19 12:16:05 | INFO | Episode 2934 - Reward: -200.000, Length: 200, Loss: 5.8895, Entropy: 1.0891, Epsilon: 0.010
2026-04-19 12:16:05 | INFO | Episode 2935 - Reward: -200.000, Length: 200, Loss: 15.4847, Entropy: 1.0633, Epsilon: 0.010
2026-04-19 12:16:06 | INFO | Episode 2936 - Reward: -200.000, Length: 200, Loss: 12.4310, Entropy: 1.0836, Epsilon: 0.010
2026-04-19 12:16:06 | INFO | Episode 2937 - Reward: -200.000, Length: 200, Loss: 15.2972, Entropy: 1.0917, Epsilon: 0.010
2026-04-19 12:16:06 | INFO | Episode 2938 - Reward: -200.000, Length: 200, Loss: 12.2320, Entropy: 1.0779, Epsilon: 0.010
2026-04-19 12:16:07 | INFO | Episode 2939 - Reward: -200.000, Length: 200, Loss: 15.3168, Entropy: 1.0851, Epsilon: 0.010
2026-04-19 12:16:07 | INFO | Episode 2940 - Reward: -200.000, Length: 200, Loss: 36.7285, Entropy: 1.0710, Epsilon: 0.010
2026-04-19 12:16:07 | INFO | Episode 2941 - Reward: -200.000, Length: 200, Loss: 14.9410, Entropy: 1.0831, Epsilon: 0.010
2026-04-19 12:16:08 | INFO | Episode 2942 - Reward: -200.000, Length: 200, Loss: 5.9466, Entropy: 1.0894, Epsilon: 0.010
2026-04-19 12:16:08 | INFO | Episode 2943 - Reward: -200.000, Length: 200, Loss: 8.8243, Entropy: 1.0886, Epsilon: 0.010
2026-04-19 12:16:08 | INFO | Episode 2944 - Reward: -200.000, Length: 200, Loss: 8.6739, Entropy: 1.0831, Epsilon: 0.010
2026-04-19 12:16:09 | INFO | Episode 2945 - Reward: -200.000, Length: 200, Loss: 11.5614, Entropy: 1.0774, Epsilon: 0.010
2026-04-19 12:16:09 | INFO | Episode 2946 - Reward: -200.000, Length: 200, Loss: 18.4707, Entropy: 1.0874, Epsilon: 0.010
2026-04-19 12:16:09 | INFO | Episode 2947 - Reward: -200.000, Length: 200, Loss: 9.4150, Entropy: 1.0898, Epsilon: 0.010
2026-04-19 12:16:10 | INFO | Episode 2948 - Reward: -200.000, Length: 200, Loss: 2.9364, Entropy: 1.0953, Epsilon: 0.010
2026-04-19 12:16:10 | INFO | Episode 2949 - Reward: -200.000, Length: 200, Loss: 9.2795, Entropy: 1.0917, Epsilon: 0.010
2026-04-19 12:16:10 | INFO | Episode 2950 - Reward: -200.000, Length: 200, Loss: 30.6782, Entropy: 1.0317, Epsilon: 0.010
2026-04-19 12:16:11 | INFO | Episode 2951 - Reward: -200.000, Length: 200, Loss: 9.0119, Entropy: 1.0804, Epsilon: 0.010
2026-04-19 12:16:11 | INFO | Episode 2952 - Reward: -200.000, Length: 200, Loss: 26.5522, Entropy: 1.0537, Epsilon: 0.010
2026-04-19 12:16:11 | INFO | Episode 2953 - Reward: -200.000, Length: 200, Loss: 5.5195, Entropy: 1.0838, Epsilon: 0.010
2026-04-19 12:16:12 | INFO | Episode 2954 - Reward: -200.000, Length: 200, Loss: 18.0193, Entropy: 1.0775, Epsilon: 0.010
2026-04-19 12:16:12 | INFO | Episode 2955 - Reward: -200.000, Length: 200, Loss: 12.0673, Entropy: 1.0940, Epsilon: 0.010
2026-04-19 12:16:12 | INFO | Episode 2956 - Reward: -200.000, Length: 200, Loss: 21.4691, Entropy: 1.0788, Epsilon: 0.010
2026-04-19 12:16:13 | INFO | Episode 2957 - Reward: -200.000, Length: 200, Loss: 18.8592, Entropy: 1.0943, Epsilon: 0.010
2026-04-19 12:16:13 | INFO | Episode 2958 - Reward: -200.000, Length: 200, Loss: 9.2417, Entropy: 1.0862, Epsilon: 0.010
2026-04-19 12:16:13 | INFO | Episode 2959 - Reward: -200.000, Length: 200, Loss: 15.2104, Entropy: 1.0843, Epsilon: 0.010
2026-04-19 12:16:14 | INFO | Episode 2960 - Reward: -200.000, Length: 200, Loss: 8.6502, Entropy: 1.0861, Epsilon: 0.010
2026-04-19 12:16:14 | INFO | Episode 2961 - Reward: -200.000, Length: 200, Loss: 11.8344, Entropy: 1.0787, Epsilon: 0.010
2026-04-19 12:16:14 | INFO | Episode 2962 - Reward: -200.000, Length: 200, Loss: 18.9049, Entropy: 1.0935, Epsilon: 0.010
2026-04-19 12:16:15 | INFO | Episode 2963 - Reward: -200.000, Length: 200, Loss: 18.9560, Entropy: 1.0678, Epsilon: 0.010
2026-04-19 12:16:15 | INFO | Episode 2964 - Reward: -200.000, Length: 200, Loss: 9.1398, Entropy: 1.0883, Epsilon: 0.010
2026-04-19 12:16:15 | INFO | Episode 2965 - Reward: -200.000, Length: 200, Loss: 19.2442, Entropy: 1.0504, Epsilon: 0.010
2026-04-19 12:16:16 | INFO | Episode 2966 - Reward: -200.000, Length: 200, Loss: 31.2390, Entropy: 1.0816, Epsilon: 0.010
2026-04-19 12:16:16 | INFO | Episode 2967 - Reward: -200.000, Length: 200, Loss: 9.3893, Entropy: 1.0898, Epsilon: 0.010
2026-04-19 12:16:16 | INFO | Episode 2968 - Reward: -200.000, Length: 200, Loss: 9.7519, Entropy: 1.0898, Epsilon: 0.010
2026-04-19 12:16:17 | INFO | Episode 2969 - Reward: -200.000, Length: 200, Loss: 12.3852, Entropy: 1.0817, Epsilon: 0.010
2026-04-19 12:16:17 | INFO | Episode 2970 - Reward: -200.000, Length: 200, Loss: 9.4814, Entropy: 1.0858, Epsilon: 0.010
2026-04-19 12:16:17 | INFO | Episode 2971 - Reward: -200.000, Length: 200, Loss: 25.4220, Entropy: 1.0885, Epsilon: 0.010
2026-04-19 12:16:18 | INFO | Episode 2972 - Reward: -200.000, Length: 200, Loss: 12.8627, Entropy: 1.0783, Epsilon: 0.010
2026-04-19 12:16:18 | INFO | Episode 2973 - Reward: -200.000, Length: 200, Loss: 25.9414, Entropy: 1.0853, Epsilon: 0.010
2026-04-19 12:16:18 | INFO | Episode 2974 - Reward: -200.000, Length: 200, Loss: 27.5742, Entropy: 1.0723, Epsilon: 0.010
2026-04-19 12:16:19 | INFO | Episode 2975 - Reward: -200.000, Length: 200, Loss: 28.7123, Entropy: 1.0643, Epsilon: 0.010
2026-04-19 12:16:19 | INFO | Episode 2976 - Reward: -200.000, Length: 200, Loss: 24.7001, Entropy: 1.0814, Epsilon: 0.010
2026-04-19 12:16:19 | INFO | Episode 2977 - Reward: -200.000, Length: 200, Loss: 3.0113, Entropy: 1.0900, Epsilon: 0.010
2026-04-19 12:16:20 | INFO | Episode 2978 - Reward: -200.000, Length: 200, Loss: 6.0753, Entropy: 1.0929, Epsilon: 0.010
2026-04-19 12:16:20 | INFO | Episode 2979 - Reward: -200.000, Length: 200, Loss: 5.8984, Entropy: 1.0864, Epsilon: 0.010
2026-04-19 12:16:20 | INFO | Episode 2980 - Reward: -200.000, Length: 200, Loss: 25.8139, Entropy: 1.0745, Epsilon: 0.010
2026-04-19 12:16:21 | INFO | Episode 2981 - Reward: -200.000, Length: 200, Loss: 18.4090, Entropy: 1.0592, Epsilon: 0.010
2026-04-19 12:16:21 | INFO | Episode 2982 - Reward: -200.000, Length: 200, Loss: 12.7073, Entropy: 1.0796, Epsilon: 0.010
2026-04-19 12:16:21 | INFO | Episode 2983 - Reward: -200.000, Length: 200, Loss: 20.5719, Entropy: 1.0686, Epsilon: 0.010
2026-04-19 12:16:22 | INFO | Episode 2984 - Reward: -200.000, Length: 200, Loss: 8.7007, Entropy: 1.0818, Epsilon: 0.010
2026-04-19 12:16:22 | INFO | Episode 2985 - Reward: -200.000, Length: 200, Loss: 12.2817, Entropy: 1.0802, Epsilon: 0.010
2026-04-19 12:16:23 | INFO | Episode 2986 - Reward: -200.000, Length: 200, Loss: 9.5121, Entropy: 1.0906, Epsilon: 0.010
2026-04-19 12:16:23 | INFO | Episode 2987 - Reward: -200.000, Length: 200, Loss: 9.0058, Entropy: 1.0926, Epsilon: 0.010
2026-04-19 12:16:24 | INFO | Episode 2988 - Reward: -200.000, Length: 200, Loss: 9.4595, Entropy: 1.0892, Epsilon: 0.010
2026-04-19 12:16:24 | INFO | Episode 2989 - Reward: -200.000, Length: 200, Loss: 3.0001, Entropy: 1.0937, Epsilon: 0.010
2026-04-19 12:16:24 | INFO | Episode 2990 - Reward: -200.000, Length: 200, Loss: 6.3063, Entropy: 1.0919, Epsilon: 0.010
2026-04-19 12:16:25 | INFO | Episode 2991 - Reward: -200.000, Length: 200, Loss: 12.4535, Entropy: 1.0882, Epsilon: 0.010
2026-04-19 12:16:25 | INFO | Episode 2992 - Reward: -200.000, Length: 200, Loss: 9.8206, Entropy: 1.0878, Epsilon: 0.010
2026-04-19 12:16:25 | INFO | Episode 2993 - Reward: -200.000, Length: 200, Loss: 9.7249, Entropy: 1.0817, Epsilon: 0.010
2026-04-19 12:16:26 | INFO | Episode 2994 - Reward: -200.000, Length: 200, Loss: 16.1952, Entropy: 1.0432, Epsilon: 0.010
2026-04-19 12:16:26 | INFO | Episode 2995 - Reward: -200.000, Length: 200, Loss: 31.4316, Entropy: 1.0780, Epsilon: 0.010
2026-04-19 12:16:26 | INFO | Episode 2996 - Reward: -200.000, Length: 200, Loss: 18.1932, Entropy: 1.0749, Epsilon: 0.010
2026-04-19 12:16:27 | INFO | Episode 2997 - Reward: -200.000, Length: 200, Loss: 6.0663, Entropy: 1.0936, Epsilon: 0.010
2026-04-19 12:16:27 | INFO | Episode 2998 - Reward: -200.000, Length: 200, Loss: 6.1839, Entropy: 1.0925, Epsilon: 0.010
2026-04-19 12:16:27 | INFO | Episode 2999 - Reward: -200.000, Length: 200, Loss: 15.7781, Entropy: 1.0881, Epsilon: 0.010
2026-04-19 12:16:28 | INFO | Episode 3000 - Reward: -200.000, Length: 200, Loss: 15.6438, Entropy: 1.0901, Epsilon: 0.010
2026-04-19 12:16:32 | INFO | [Episode 3000] eps=0.010  avg_reward=-200.000  avg_length=200.00  avg_loss= 13.6727  avg_entropy=1.0901  eval_success=0.000
2026-04-19 12:16:33 | INFO | Episode 3001 - Reward: -200.000, Length: 200, Loss: 15.6167, Entropy: 1.0893, Epsilon: 0.010
2026-04-19 12:16:33 | INFO | Episode 3002 - Reward: -200.000, Length: 200, Loss: 12.7714, Entropy: 1.0775, Epsilon: 0.010
2026-04-19 12:16:33 | INFO | Episode 3003 - Reward: -200.000, Length: 200, Loss: 24.8721, Entropy: 1.0828, Epsilon: 0.010
2026-04-19 12:16:34 | INFO | Episode 3004 - Reward: -200.000, Length: 200, Loss: 15.2356, Entropy: 1.0880, Epsilon: 0.010
2026-04-19 12:16:34 | INFO | Episode 3005 - Reward: -200.000, Length: 200, Loss: 25.0553, Entropy: 1.0582, Epsilon: 0.010
2026-04-19 12:16:34 | INFO | Episode 3006 - Reward: -200.000, Length: 200, Loss: 8.7414, Entropy: 1.0801, Epsilon: 0.010
2026-04-19 12:16:35 | INFO | Episode 3007 - Reward: -200.000, Length: 200, Loss: 17.9696, Entropy: 1.0914, Epsilon: 0.010
2026-04-19 12:16:35 | INFO | Episode 3008 - Reward: -200.000, Length: 200, Loss: 8.9977, Entropy: 1.0929, Epsilon: 0.010
2026-04-19 12:16:35 | INFO | Episode 3009 - Reward: -200.000, Length: 200, Loss: 15.5163, Entropy: 1.0843, Epsilon: 0.010
2026-04-19 12:16:36 | INFO | Episode 3010 - Reward: -200.000, Length: 200, Loss: 24.6204, Entropy: 1.0502, Epsilon: 0.010
2026-04-19 12:16:36 | INFO | Episode 3011 - Reward: -200.000, Length: 200, Loss: 26.0494, Entropy: 1.0658, Epsilon: 0.010
2026-04-19 12:16:36 | INFO | Episode 3012 - Reward: -200.000, Length: 200, Loss: 26.7899, Entropy: 1.0821, Epsilon: 0.010
2026-04-19 12:16:37 | INFO | Episode 3013 - Reward: -200.000, Length: 200, Loss: 23.9916, Entropy: 1.0618, Epsilon: 0.010
2026-04-19 12:16:37 | INFO | Episode 3014 - Reward: -200.000, Length: 200, Loss: 8.8044, Entropy: 1.0899, Epsilon: 0.010
2026-04-19 12:16:37 | INFO | Episode 3015 - Reward: -200.000, Length: 200, Loss: 8.5515, Entropy: 1.0944, Epsilon: 0.010
2026-04-19 12:16:38 | INFO | Episode 3016 - Reward: -200.000, Length: 200, Loss: 20.2915, Entropy: 1.0885, Epsilon: 0.010
2026-04-19 12:16:38 | INFO | Episode 3017 - Reward: -200.000, Length: 200, Loss: 17.7180, Entropy: 1.0773, Epsilon: 0.010
2026-04-19 12:16:38 | INFO | Episode 3018 - Reward: -200.000, Length: 200, Loss: 8.1781, Entropy: 1.0854, Epsilon: 0.010
2026-04-19 12:16:39 | INFO | Episode 3019 - Reward: -200.000, Length: 200, Loss: 40.9476, Entropy: 1.0796, Epsilon: 0.010
2026-04-19 12:16:39 | INFO | Episode 3020 - Reward: -200.000, Length: 200, Loss: 8.3764, Entropy: 1.0914, Epsilon: 0.010
2026-04-19 12:16:39 | INFO | Episode 3021 - Reward: -200.000, Length: 200, Loss: 11.6563, Entropy: 1.0915, Epsilon: 0.010
2026-04-19 12:16:40 | INFO | Episode 3022 - Reward: -200.000, Length: 200, Loss: 17.2402, Entropy: 1.0814, Epsilon: 0.010
2026-04-19 12:16:40 | INFO | Episode 3023 - Reward: -200.000, Length: 200, Loss: 17.0713, Entropy: 1.0573, Epsilon: 0.010
2026-04-19 12:16:40 | INFO | Episode 3024 - Reward: -200.000, Length: 200, Loss: 19.4792, Entropy: 1.0509, Epsilon: 0.010
2026-04-19 12:16:41 | INFO | Episode 3025 - Reward: -200.000, Length: 200, Loss: 5.3016, Entropy: 1.0880, Epsilon: 0.010
2026-04-19 12:16:41 | INFO | Episode 3026 - Reward: -200.000, Length: 200, Loss: 18.0382, Entropy: 1.0875, Epsilon: 0.010
2026-04-19 12:16:41 | INFO | Episode 3027 - Reward: -200.000, Length: 200, Loss: 26.7162, Entropy: 1.0777, Epsilon: 0.010
2026-04-19 12:16:42 | INFO | Episode 3028 - Reward: -200.000, Length: 200, Loss: 8.4727, Entropy: 1.0901, Epsilon: 0.010
2026-04-19 12:16:42 | INFO | Episode 3029 - Reward: -200.000, Length: 200, Loss: 2.8367, Entropy: 1.0954, Epsilon: 0.010
2026-04-19 12:16:42 | INFO | Episode 3030 - Reward: -200.000, Length: 200, Loss: 30.3703, Entropy: 1.0640, Epsilon: 0.010
2026-04-19 12:16:43 | INFO | Episode 3031 - Reward: -200.000, Length: 200, Loss: 23.9450, Entropy: 1.0799, Epsilon: 0.010
2026-04-19 12:16:43 | INFO | Episode 3032 - Reward: -200.000, Length: 200, Loss: 20.6623, Entropy: 1.0799, Epsilon: 0.010
2026-04-19 12:16:43 | INFO | Episode 3033 - Reward: -200.000, Length: 200, Loss: 11.6693, Entropy: 1.0934, Epsilon: 0.010
2026-04-19 12:16:44 | INFO | Episode 3034 - Reward: -200.000, Length: 200, Loss: 23.7030, Entropy: 1.0878, Epsilon: 0.010
2026-04-19 12:16:45 | INFO | Episode 3035 - Reward: -200.000, Length: 200, Loss: 8.5566, Entropy: 1.0891, Epsilon: 0.010
2026-04-19 12:16:46 | INFO | Episode 3036 - Reward: -200.000, Length: 200, Loss: 9.1750, Entropy: 1.0918, Epsilon: 0.010
2026-04-19 12:16:46 | INFO | Episode 3037 - Reward: -200.000, Length: 200, Loss: 9.3725, Entropy: 1.0920, Epsilon: 0.010
2026-04-19 12:16:46 | INFO | Episode 3038 - Reward: -200.000, Length: 200, Loss: 27.7117, Entropy: 1.0726, Epsilon: 0.010
2026-04-19 12:16:47 | INFO | Episode 3039 - Reward: -200.000, Length: 200, Loss: 23.7863, Entropy: 1.0830, Epsilon: 0.010
2026-04-19 12:16:47 | INFO | Episode 3040 - Reward: -200.000, Length: 200, Loss: 14.4920, Entropy: 1.0724, Epsilon: 0.010
2026-04-19 12:16:47 | INFO | Episode 3041 - Reward: -200.000, Length: 200, Loss: 5.5338, Entropy: 1.0926, Epsilon: 0.010
2026-04-19 12:16:48 | INFO | Episode 3042 - Reward: -200.000, Length: 200, Loss: 12.1254, Entropy: 1.0860, Epsilon: 0.010
2026-04-19 12:16:48 | INFO | Episode 3043 - Reward: -200.000, Length: 200, Loss: 18.1038, Entropy: 1.0844, Epsilon: 0.010
2026-04-19 12:16:48 | INFO | Episode 3044 - Reward: -200.000, Length: 200, Loss: 11.7747, Entropy: 1.0905, Epsilon: 0.010
2026-04-19 12:16:49 | INFO | Episode 3045 - Reward: -200.000, Length: 200, Loss: 11.5461, Entropy: 1.0893, Epsilon: 0.010
2026-04-19 12:16:49 | INFO | Episode 3046 - Reward: -200.000, Length: 200, Loss: 8.5726, Entropy: 1.0855, Epsilon: 0.010
2026-04-19 12:16:49 | INFO | Episode 3047 - Reward: -200.000, Length: 200, Loss: 14.7785, Entropy: 1.0905, Epsilon: 0.010
2026-04-19 12:16:50 | INFO | Episode 3048 - Reward: -200.000, Length: 200, Loss: 20.1374, Entropy: 1.0776, Epsilon: 0.010
2026-04-19 12:16:50 | INFO | Episode 3049 - Reward: -200.000, Length: 200, Loss: 17.6071, Entropy: 1.0911, Epsilon: 0.010
2026-04-19 12:16:50 | INFO | Episode 3050 - Reward: -200.000, Length: 200, Loss: 17.3086, Entropy: 1.0865, Epsilon: 0.010
2026-04-19 12:16:51 | INFO | Episode 3051 - Reward: -200.000, Length: 200, Loss: 11.8539, Entropy: 1.0859, Epsilon: 0.010
2026-04-19 12:16:51 | INFO | Episode 3052 - Reward: -200.000, Length: 200, Loss: 14.3749, Entropy: 1.0927, Epsilon: 0.010
2026-04-19 12:16:51 | INFO | Episode 3053 - Reward: -200.000, Length: 200, Loss: 5.8373, Entropy: 1.0934, Epsilon: 0.010
2026-04-19 12:16:52 | INFO | Episode 3054 - Reward: -200.000, Length: 200, Loss: 14.3999, Entropy: 1.0906, Epsilon: 0.010
2026-04-19 12:16:52 | INFO | Episode 3055 - Reward: -200.000, Length: 200, Loss: 11.5675, Entropy: 1.0839, Epsilon: 0.010
2026-04-19 12:16:52 | INFO | Episode 3056 - Reward: -200.000, Length: 200, Loss: 14.8958, Entropy: 1.0718, Epsilon: 0.010
2026-04-19 12:16:53 | INFO | Episode 3057 - Reward: -200.000, Length: 200, Loss: 8.9136, Entropy: 1.0934, Epsilon: 0.010
2026-04-19 12:16:53 | INFO | Episode 3058 - Reward: -200.000, Length: 200, Loss: 8.9184, Entropy: 1.0956, Epsilon: 0.010
2026-04-19 12:16:53 | INFO | Episode 3059 - Reward: -200.000, Length: 200, Loss: 14.8929, Entropy: 1.0881, Epsilon: 0.010
2026-04-19 12:16:54 | INFO | Episode 3060 - Reward: -200.000, Length: 200, Loss: 8.7596, Entropy: 1.0917, Epsilon: 0.010
2026-04-19 12:16:54 | INFO | Episode 3061 - Reward: -200.000, Length: 200, Loss: 15.2661, Entropy: 1.0885, Epsilon: 0.010
2026-04-19 12:16:54 | INFO | Episode 3062 - Reward: -200.000, Length: 200, Loss: 20.7147, Entropy: 1.0786, Epsilon: 0.010
2026-04-19 12:16:55 | INFO | Episode 3063 - Reward: -200.000, Length: 200, Loss: 29.9421, Entropy: 1.0857, Epsilon: 0.010
2026-04-19 12:16:56 | INFO | Episode 3064 - Reward: -200.000, Length: 200, Loss: 18.0897, Entropy: 1.0813, Epsilon: 0.010
2026-04-19 12:16:56 | INFO | Episode 3065 - Reward: -200.000, Length: 200, Loss: 5.2759, Entropy: 1.0936, Epsilon: 0.010
2026-04-19 12:16:56 | INFO | Episode 3066 - Reward: -200.000, Length: 200, Loss: 14.4638, Entropy: 1.0832, Epsilon: 0.010
2026-04-19 12:16:57 | INFO | Episode 3067 - Reward: -200.000, Length: 200, Loss: 11.1528, Entropy: 1.0933, Epsilon: 0.010
2026-04-19 12:16:57 | INFO | Episode 3068 - Reward: -200.000, Length: 200, Loss: 20.8241, Entropy: 1.0955, Epsilon: 0.010
2026-04-19 12:16:57 | INFO | Episode 3069 - Reward: -200.000, Length: 200, Loss: 20.8039, Entropy: 1.0913, Epsilon: 0.010
2026-04-19 12:16:58 | INFO | Episode 3070 - Reward: -200.000, Length: 200, Loss: 20.9332, Entropy: 1.0817, Epsilon: 0.010
2026-04-19 12:16:58 | INFO | Episode 3071 - Reward: -200.000, Length: 200, Loss: 15.2530, Entropy: 1.0764, Epsilon: 0.010
2026-04-19 12:16:58 | INFO | Episode 3072 - Reward: -200.000, Length: 200, Loss: 14.3127, Entropy: 1.0770, Epsilon: 0.010
2026-04-19 12:16:59 | INFO | Episode 3073 - Reward: -200.000, Length: 200, Loss: 8.0079, Entropy: 1.0811, Epsilon: 0.010
2026-04-19 12:16:59 | INFO | Episode 3074 - Reward: -200.000, Length: 200, Loss: 20.6789, Entropy: 1.0839, Epsilon: 0.010
2026-04-19 12:16:59 | INFO | Episode 3075 - Reward: -200.000, Length: 200, Loss: 20.6391, Entropy: 1.0785, Epsilon: 0.010
2026-04-19 12:17:00 | INFO | Episode 3076 - Reward: -200.000, Length: 200, Loss: 15.0853, Entropy: 1.0910, Epsilon: 0.010
2026-04-19 12:17:00 | INFO | Episode 3077 - Reward: -200.000, Length: 200, Loss: 11.7205, Entropy: 1.0861, Epsilon: 0.010
2026-04-19 12:17:00 | INFO | Episode 3078 - Reward: -200.000, Length: 200, Loss: 24.4821, Entropy: 1.0883, Epsilon: 0.010
2026-04-19 12:17:01 | INFO | Episode 3079 - Reward: -200.000, Length: 200, Loss: 9.1700, Entropy: 1.0902, Epsilon: 0.010
2026-04-19 12:17:01 | INFO | Episode 3080 - Reward: -200.000, Length: 200, Loss: 8.4825, Entropy: 1.0901, Epsilon: 0.010
2026-04-19 12:17:01 | INFO | Episode 3081 - Reward: -200.000, Length: 200, Loss: 18.5814, Entropy: 1.0890, Epsilon: 0.010
2026-04-19 12:17:02 | INFO | Episode 3082 - Reward: -200.000, Length: 200, Loss: 5.8742, Entropy: 1.0926, Epsilon: 0.010
2026-04-19 12:17:02 | INFO | Episode 3083 - Reward: -200.000, Length: 200, Loss: 15.4214, Entropy: 1.0902, Epsilon: 0.010
2026-04-19 12:17:02 | INFO | Episode 3084 - Reward: -200.000, Length: 200, Loss: 31.6251, Entropy: 1.0784, Epsilon: 0.010
2026-04-19 12:17:03 | INFO | Episode 3085 - Reward: -200.000, Length: 200, Loss: 29.8323, Entropy: 1.0735, Epsilon: 0.010
2026-04-19 12:17:03 | INFO | Episode 3086 - Reward: -200.000, Length: 200, Loss: 8.8564, Entropy: 1.0917, Epsilon: 0.010
2026-04-19 12:17:03 | INFO | Episode 3087 - Reward: -200.000, Length: 200, Loss: 11.7109, Entropy: 1.0878, Epsilon: 0.010
2026-04-19 12:17:04 | INFO | Episode 3088 - Reward: -200.000, Length: 200, Loss: 18.4402, Entropy: 1.0815, Epsilon: 0.010
2026-04-19 12:17:04 | INFO | Episode 3089 - Reward: -200.000, Length: 200, Loss: 15.3119, Entropy: 1.0721, Epsilon: 0.010
2026-04-19 12:17:04 | INFO | Episode 3090 - Reward: -200.000, Length: 200, Loss: 14.6306, Entropy: 1.0858, Epsilon: 0.010
2026-04-19 12:17:05 | INFO | Episode 3091 - Reward: -200.000, Length: 200, Loss: 11.6556, Entropy: 1.0897, Epsilon: 0.010
2026-04-19 12:17:05 | INFO | Episode 3092 - Reward: -200.000, Length: 200, Loss: 14.7895, Entropy: 1.0853, Epsilon: 0.010
2026-04-19 12:17:05 | INFO | Episode 3093 - Reward: -200.000, Length: 200, Loss: 11.9245, Entropy: 1.0936, Epsilon: 0.010
2026-04-19 12:17:06 | INFO | Episode 3094 - Reward: -200.000, Length: 200, Loss: 20.4938, Entropy: 1.0797, Epsilon: 0.010
2026-04-19 12:17:06 | INFO | Episode 3095 - Reward: -200.000, Length: 200, Loss: 29.9661, Entropy: 1.0802, Epsilon: 0.010
2026-04-19 12:17:06 | INFO | Episode 3096 - Reward: -200.000, Length: 200, Loss: 11.6637, Entropy: 1.0889, Epsilon: 0.010
2026-04-19 12:17:07 | INFO | Episode 3097 - Reward: -200.000, Length: 200, Loss: 14.2841, Entropy: 1.0854, Epsilon: 0.010
2026-04-19 12:17:07 | INFO | Episode 3098 - Reward: -200.000, Length: 200, Loss: 11.7274, Entropy: 1.0936, Epsilon: 0.010
2026-04-19 12:17:07 | INFO | Episode 3099 - Reward: -200.000, Length: 200, Loss: 23.1685, Entropy: 1.0801, Epsilon: 0.010
2026-04-19 12:17:08 | INFO | Episode 3100 - Reward: -200.000, Length: 200, Loss: 14.8199, Entropy: 1.0857, Epsilon: 0.010
2026-04-19 12:17:13 | INFO | [Episode 3100] eps=0.010  avg_reward=-200.000  avg_length=200.00  avg_loss= 16.0133  avg_entropy=1.0857  eval_success=0.000
2026-04-19 12:17:13 | INFO | Episode 3101 - Reward: -200.000, Length: 200, Loss: 26.6723, Entropy: 1.0584, Epsilon: 0.010
2026-04-19 12:17:13 | INFO | Episode 3102 - Reward: -200.000, Length: 200, Loss: 17.5397, Entropy: 1.0733, Epsilon: 0.010
2026-04-19 12:17:14 | INFO | Episode 3103 - Reward: -200.000, Length: 200, Loss: 2.9472, Entropy: 1.0937, Epsilon: 0.010
2026-04-19 12:17:14 | INFO | Episode 3104 - Reward: -200.000, Length: 200, Loss: 32.3978, Entropy: 1.0804, Epsilon: 0.010
2026-04-19 12:17:14 | INFO | Episode 3105 - Reward: -200.000, Length: 200, Loss: 2.6088, Entropy: 1.0915, Epsilon: 0.010
2026-04-19 12:17:15 | INFO | Episode 3106 - Reward: -200.000, Length: 200, Loss: 20.6808, Entropy: 1.0875, Epsilon: 0.010
2026-04-19 12:17:15 | INFO | Episode 3107 - Reward: -200.000, Length: 200, Loss: 14.8622, Entropy: 1.0634, Epsilon: 0.010
2026-04-19 12:17:15 | INFO | Episode 3108 - Reward: -200.000, Length: 200, Loss: 17.7828, Entropy: 1.0829, Epsilon: 0.010
2026-04-19 12:17:16 | INFO | Episode 3109 - Reward: -200.000, Length: 200, Loss: 24.1529, Entropy: 1.0647, Epsilon: 0.010
2026-04-19 12:17:16 | INFO | Episode 3110 - Reward: -200.000, Length: 200, Loss: 20.3584, Entropy: 1.0826, Epsilon: 0.010
2026-04-19 12:17:16 | INFO | Episode 3111 - Reward: -200.000, Length: 200, Loss: 29.5356, Entropy: 1.0779, Epsilon: 0.010
2026-04-19 12:17:17 | INFO | Episode 3112 - Reward: -200.000, Length: 200, Loss: 15.1263, Entropy: 1.0821, Epsilon: 0.010
2026-04-19 12:17:17 | INFO | Episode 3113 - Reward: -200.000, Length: 200, Loss: 8.9565, Entropy: 1.0894, Epsilon: 0.010
2026-04-19 12:17:17 | INFO | Episode 3114 - Reward: -200.000, Length: 200, Loss: 14.5230, Entropy: 1.0879, Epsilon: 0.010
2026-04-19 12:17:18 | INFO | Episode 3115 - Reward: -200.000, Length: 200, Loss: 25.6491, Entropy: 1.0835, Epsilon: 0.010
2026-04-19 12:17:18 | INFO | Episode 3116 - Reward: -200.000, Length: 200, Loss: 13.9691, Entropy: 1.0823, Epsilon: 0.010
2026-04-19 12:17:18 | INFO | Episode 3117 - Reward: -200.000, Length: 200, Loss: 11.7594, Entropy: 1.0754, Epsilon: 0.010
2026-04-19 12:17:19 | INFO | Episode 3118 - Reward: -200.000, Length: 200, Loss: 16.8074, Entropy: 1.0799, Epsilon: 0.010
2026-04-19 12:17:19 | INFO | Episode 3119 - Reward: -200.000, Length: 200, Loss: 10.5752, Entropy: 1.0916, Epsilon: 0.010
2026-04-19 12:17:19 | INFO | Episode 3120 - Reward: -200.000, Length: 200, Loss: 10.4523, Entropy: 1.0898, Epsilon: 0.010
2026-04-19 12:17:20 | INFO | Episode 3121 - Reward: -200.000, Length: 200, Loss: 8.0032, Entropy: 1.0819, Epsilon: 0.010
2026-04-19 12:17:20 | INFO | Episode 3122 - Reward: -200.000, Length: 200, Loss: 20.1836, Entropy: 1.0879, Epsilon: 0.010
2026-04-19 12:17:20 | INFO | Episode 3123 - Reward: -200.000, Length: 200, Loss: 24.4346, Entropy: 1.0839, Epsilon: 0.010
2026-04-19 12:17:21 | INFO | Episode 3124 - Reward: -200.000, Length: 200, Loss: 7.9201, Entropy: 1.0920, Epsilon: 0.010
2026-04-19 12:17:21 | INFO | Episode 3125 - Reward: -200.000, Length: 200, Loss: 32.0445, Entropy: 1.0871, Epsilon: 0.010
2026-04-19 12:17:21 | INFO | Episode 3126 - Reward: -200.000, Length: 200, Loss: 4.9749, Entropy: 1.0915, Epsilon: 0.010
2026-04-19 12:17:22 | INFO | Episode 3127 - Reward: -200.000, Length: 200, Loss: 10.3802, Entropy: 1.0911, Epsilon: 0.010
2026-04-19 12:17:22 | INFO | Episode 3128 - Reward: -200.000, Length: 200, Loss: 10.6711, Entropy: 1.0922, Epsilon: 0.010
2026-04-19 12:17:22 | INFO | Episode 3129 - Reward: -200.000, Length: 200, Loss: 13.5247, Entropy: 1.0852, Epsilon: 0.010
2026-04-19 12:17:23 | INFO | Episode 3130 - Reward: -200.000, Length: 200, Loss: 21.9525, Entropy: 1.0834, Epsilon: 0.010
2026-04-19 12:17:23 | INFO | Episode 3131 - Reward: -200.000, Length: 200, Loss: 16.1191, Entropy: 1.0848, Epsilon: 0.010
2026-04-19 12:17:23 | INFO | Episode 3132 - Reward: -200.000, Length: 200, Loss: 7.4585, Entropy: 1.0907, Epsilon: 0.010
2026-04-19 12:17:24 | INFO | Episode 3133 - Reward: -200.000, Length: 200, Loss: 21.0970, Entropy: 1.0810, Epsilon: 0.010
2026-04-19 12:17:24 | INFO | Episode 3134 - Reward: -200.000, Length: 200, Loss: 10.6729, Entropy: 1.0883, Epsilon: 0.010
2026-04-19 12:17:24 | INFO | Episode 3135 - Reward: -200.000, Length: 200, Loss: 7.4364, Entropy: 1.0942, Epsilon: 0.010
2026-04-19 12:17:25 | INFO | Episode 3136 - Reward: -200.000, Length: 200, Loss: 13.5785, Entropy: 1.0941, Epsilon: 0.010
2026-04-19 12:17:25 | INFO | Episode 3137 - Reward: -200.000, Length: 200, Loss: 2.6626, Entropy: 1.0973, Epsilon: 0.010
2026-04-19 12:17:25 | INFO | Episode 3138 - Reward: -200.000, Length: 200, Loss: 18.8292, Entropy: 1.0857, Epsilon: 0.010
2026-04-19 12:17:26 | INFO | Episode 3139 - Reward: -200.000, Length: 200, Loss: 21.4833, Entropy: 1.0708, Epsilon: 0.010
2026-04-19 12:17:26 | INFO | Episode 3140 - Reward: -200.000, Length: 200, Loss: 13.5938, Entropy: 1.0856, Epsilon: 0.010
2026-04-19 12:17:26 | INFO | Episode 3141 - Reward: -200.000, Length: 200, Loss: 13.2119, Entropy: 1.0872, Epsilon: 0.010
2026-04-19 12:17:27 | INFO | Episode 3142 - Reward: -200.000, Length: 200, Loss: 7.7256, Entropy: 1.0946, Epsilon: 0.010
2026-04-19 12:17:27 | INFO | Episode 3143 - Reward: -200.000, Length: 200, Loss: 11.0154, Entropy: 1.0872, Epsilon: 0.010
2026-04-19 12:17:27 | INFO | Episode 3144 - Reward: -200.000, Length: 200, Loss: 13.6428, Entropy: 1.0836, Epsilon: 0.010
2026-04-19 12:17:28 | INFO | Episode 3145 - Reward: -200.000, Length: 200, Loss: 5.2021, Entropy: 1.0950, Epsilon: 0.010
2026-04-19 12:17:28 | INFO | Episode 3146 - Reward: -200.000, Length: 200, Loss: 9.6073, Entropy: 1.0896, Epsilon: 0.010
2026-04-19 12:17:29 | INFO | Episode 3147 - Reward: -200.000, Length: 200, Loss: 8.3286, Entropy: 1.0902, Epsilon: 0.010
2026-04-19 12:17:29 | INFO | Episode 3148 - Reward: -200.000, Length: 200, Loss: 18.5598, Entropy: 1.0727, Epsilon: 0.010
2026-04-19 12:17:29 | INFO | Episode 3149 - Reward: -200.000, Length: 200, Loss: 21.5627, Entropy: 1.0808, Epsilon: 0.010
2026-04-19 12:17:30 | INFO | Episode 3150 - Reward: -200.000, Length: 200, Loss: 2.6285, Entropy: 1.0910, Epsilon: 0.010
2026-04-19 12:17:30 | INFO | Episode 3151 - Reward: -200.000, Length: 200, Loss: 13.9772, Entropy: 1.0763, Epsilon: 0.010
2026-04-19 12:17:30 | INFO | Episode 3152 - Reward: -200.000, Length: 200, Loss: 10.8716, Entropy: 1.0822, Epsilon: 0.010
2026-04-19 12:17:31 | INFO | Episode 3153 - Reward: -200.000, Length: 200, Loss: 16.5566, Entropy: 1.0771, Epsilon: 0.010
2026-04-19 12:17:31 | INFO | Episode 3154 - Reward: -200.000, Length: 200, Loss: 13.1120, Entropy: 1.0896, Epsilon: 0.010
2026-04-19 12:17:31 | INFO | Episode 3155 - Reward: -200.000, Length: 200, Loss: 5.3836, Entropy: 1.0954, Epsilon: 0.010
2026-04-19 12:17:32 | INFO | Episode 3156 - Reward: -200.000, Length: 200, Loss: 10.6194, Entropy: 1.0931, Epsilon: 0.010
2026-04-19 12:17:32 | INFO | Episode 3157 - Reward: -200.000, Length: 200, Loss: 10.6644, Entropy: 1.0950, Epsilon: 0.010
2026-04-19 12:17:32 | INFO | Episode 3158 - Reward: -200.000, Length: 200, Loss: 13.9216, Entropy: 1.0891, Epsilon: 0.010
2026-04-19 12:17:33 | INFO | Episode 3159 - Reward: -200.000, Length: 200, Loss: 13.5167, Entropy: 1.0912, Epsilon: 0.010
2026-04-19 12:17:33 | INFO | Episode 3160 - Reward: -200.000, Length: 200, Loss: 12.5874, Entropy: 1.0798, Epsilon: 0.010
2026-04-19 12:17:33 | INFO | Episode 3161 - Reward: -200.000, Length: 200, Loss: 5.2104, Entropy: 1.0885, Epsilon: 0.010
2026-04-19 12:17:34 | INFO | Episode 3162 - Reward: -200.000, Length: 200, Loss: 22.4253, Entropy: 1.0892, Epsilon: 0.010
2026-04-19 12:17:34 | INFO | Episode 3163 - Reward: -200.000, Length: 200, Loss: 16.5846, Entropy: 1.0875, Epsilon: 0.010
2026-04-19 12:17:34 | INFO | Episode 3164 - Reward: -200.000, Length: 200, Loss: 8.1432, Entropy: 1.0868, Epsilon: 0.010
2026-04-19 12:17:35 | INFO | Episode 3165 - Reward: -200.000, Length: 200, Loss: 7.6240, Entropy: 1.0930, Epsilon: 0.010
2026-04-19 12:17:35 | INFO | Episode 3166 - Reward: -200.000, Length: 200, Loss: 17.1437, Entropy: 1.0810, Epsilon: 0.010
2026-04-19 12:17:35 | INFO | Episode 3167 - Reward: -200.000, Length: 200, Loss: 13.5184, Entropy: 1.0870, Epsilon: 0.010
2026-04-19 12:17:36 | INFO | Episode 3168 - Reward: -200.000, Length: 200, Loss: 10.9897, Entropy: 1.0937, Epsilon: 0.010
2026-04-19 12:17:36 | INFO | Episode 3169 - Reward: -200.000, Length: 200, Loss: 19.6032, Entropy: 1.0793, Epsilon: 0.010
2026-04-19 12:17:37 | INFO | Episode 3170 - Reward: -200.000, Length: 200, Loss: 13.1773, Entropy: 1.0909, Epsilon: 0.010
2026-04-19 12:17:37 | INFO | Episode 3171 - Reward: -200.000, Length: 200, Loss: 11.2539, Entropy: 1.0874, Epsilon: 0.010
2026-04-19 12:17:37 | INFO | Episode 3172 - Reward: -200.000, Length: 200, Loss: 10.9201, Entropy: 1.0933, Epsilon: 0.010
2026-04-19 12:17:37 | INFO | Episode 3173 - Reward: -200.000, Length: 200, Loss: 8.7138, Entropy: 1.0842, Epsilon: 0.010
2026-04-19 12:17:38 | INFO | Episode 3174 - Reward: -200.000, Length: 200, Loss: 21.5577, Entropy: 1.0781, Epsilon: 0.010
2026-04-19 12:17:38 | INFO | Episode 3175 - Reward: -200.000, Length: 200, Loss: 19.2289, Entropy: 1.0819, Epsilon: 0.010
2026-04-19 12:17:39 | INFO | Episode 3176 - Reward: -200.000, Length: 200, Loss: 8.1727, Entropy: 1.0841, Epsilon: 0.010
2026-04-19 12:17:39 | INFO | Episode 3177 - Reward: -200.000, Length: 200, Loss: 5.5588, Entropy: 1.0962, Epsilon: 0.010
2026-04-19 12:17:39 | INFO | Episode 3178 - Reward: -200.000, Length: 200, Loss: 7.9857, Entropy: 1.0947, Epsilon: 0.010
2026-04-19 12:17:40 | INFO | Episode 3179 - Reward: -200.000, Length: 200, Loss: 8.4649, Entropy: 1.0917, Epsilon: 0.010
2026-04-19 12:17:40 | INFO | Episode 3180 - Reward: -200.000, Length: 200, Loss: 17.2380, Entropy: 1.0667, Epsilon: 0.010
2026-04-19 12:17:40 | INFO | Episode 3181 - Reward: -200.000, Length: 200, Loss: 8.2210, Entropy: 1.0833, Epsilon: 0.010
2026-04-19 12:17:41 | INFO | Episode 3182 - Reward: -200.000, Length: 200, Loss: 13.8543, Entropy: 1.0921, Epsilon: 0.010
2026-04-19 12:17:41 | INFO | Episode 3183 - Reward: -200.000, Length: 200, Loss: 16.0067, Entropy: 1.0894, Epsilon: 0.010
2026-04-19 12:17:41 | INFO | Episode 3184 - Reward: -200.000, Length: 200, Loss: 10.8995, Entropy: 1.0911, Epsilon: 0.010
2026-04-19 12:17:42 | INFO | Episode 3185 - Reward: -200.000, Length: 200, Loss: 13.5810, Entropy: 1.0886, Epsilon: 0.010
2026-04-19 12:17:42 | INFO | Episode 3186 - Reward: -200.000, Length: 200, Loss: 23.0638, Entropy: 1.0708, Epsilon: 0.010
2026-04-19 12:17:42 | INFO | Episode 3187 - Reward: -200.000, Length: 200, Loss: 8.1816, Entropy: 1.0875, Epsilon: 0.010
2026-04-19 12:17:43 | INFO | Episode 3188 - Reward: -200.000, Length: 200, Loss: 19.5953, Entropy: 1.0718, Epsilon: 0.010
2026-04-19 12:17:43 | INFO | Episode 3189 - Reward: -200.000, Length: 200, Loss: 27.9922, Entropy: 1.0661, Epsilon: 0.010
2026-04-19 12:17:43 | INFO | Episode 3190 - Reward: -200.000, Length: 200, Loss: 12.7908, Entropy: 1.0879, Epsilon: 0.010
2026-04-19 12:17:44 | INFO | Episode 3191 - Reward: -200.000, Length: 200, Loss: 13.4634, Entropy: 1.0908, Epsilon: 0.010
2026-04-19 12:17:44 | INFO | Episode 3192 - Reward: -200.000, Length: 200, Loss: 21.9940, Entropy: 1.0810, Epsilon: 0.010
2026-04-19 12:17:44 | INFO | Episode 3193 - Reward: -200.000, Length: 200, Loss: 16.6229, Entropy: 1.0875, Epsilon: 0.010
2026-04-19 12:17:45 | INFO | Episode 3194 - Reward: -200.000, Length: 200, Loss: 7.9849, Entropy: 1.0927, Epsilon: 0.010
2026-04-19 12:17:45 | INFO | Episode 3195 - Reward: -200.000, Length: 200, Loss: 18.4150, Entropy: 1.0800, Epsilon: 0.010
2026-04-19 12:17:45 | INFO | Episode 3196 - Reward: -200.000, Length: 200, Loss: 2.3198, Entropy: 1.0859, Epsilon: 0.010
2026-04-19 12:17:46 | INFO | Episode 3197 - Reward: -200.000, Length: 200, Loss: 10.6264, Entropy: 1.0910, Epsilon: 0.010
2026-04-19 12:17:46 | INFO | Episode 3198 - Reward: -200.000, Length: 200, Loss: 19.8244, Entropy: 1.0926, Epsilon: 0.010
2026-04-19 12:17:46 | INFO | Episode 3199 - Reward: -200.000, Length: 200, Loss: 20.7464, Entropy: 1.0878, Epsilon: 0.010
2026-04-19 12:17:47 | INFO | Episode 3200 - Reward: -200.000, Length: 200, Loss: 13.5652, Entropy: 1.0819, Epsilon: 0.010
2026-04-19 12:17:52 | INFO | [Episode 3200] eps=0.010  avg_reward=-200.000  avg_length=200.00  avg_loss= 14.1034  avg_entropy=1.0819  eval_success=0.000
2026-04-19 12:17:52 | INFO | Episode 3201 - Reward: -200.000, Length: 200, Loss: 13.6622, Entropy: 1.0847, Epsilon: 0.010
2026-04-19 12:17:52 | INFO | Episode 3202 - Reward: -200.000, Length: 200, Loss: 24.0815, Entropy: 1.0726, Epsilon: 0.010
2026-04-19 12:17:53 | INFO | Episode 3203 - Reward: -200.000, Length: 200, Loss: 8.3015, Entropy: 1.0900, Epsilon: 0.010
2026-04-19 12:17:53 | INFO | Episode 3204 - Reward: -200.000, Length: 200, Loss: 13.3920, Entropy: 1.0793, Epsilon: 0.010
2026-04-19 12:17:53 | INFO | Episode 3205 - Reward: -200.000, Length: 200, Loss: 5.3113, Entropy: 1.0967, Epsilon: 0.010
2026-04-19 12:17:54 | INFO | Episode 3206 - Reward: -200.000, Length: 200, Loss: 8.1915, Entropy: 1.0864, Epsilon: 0.010
2026-04-19 12:17:54 | INFO | Episode 3207 - Reward: -200.000, Length: 200, Loss: 33.0718, Entropy: 1.0836, Epsilon: 0.010
2026-04-19 12:17:54 | INFO | Episode 3208 - Reward: -200.000, Length: 200, Loss: 22.0743, Entropy: 1.0834, Epsilon: 0.010
2026-04-19 12:17:55 | INFO | Episode 3209 - Reward: -200.000, Length: 200, Loss: 21.4554, Entropy: 1.0731, Epsilon: 0.010
2026-04-19 12:17:55 | INFO | Episode 3210 - Reward: -200.000, Length: 200, Loss: 17.2204, Entropy: 1.0889, Epsilon: 0.010
2026-04-19 12:17:55 | INFO | Episode 3211 - Reward: -200.000, Length: 200, Loss: 10.7630, Entropy: 1.0834, Epsilon: 0.010
2026-04-19 12:17:56 | INFO | Episode 3212 - Reward: -200.000, Length: 200, Loss: 11.3123, Entropy: 1.0881, Epsilon: 0.010
2026-04-19 12:17:56 | INFO | Episode 3213 - Reward: -200.000, Length: 200, Loss: 14.1727, Entropy: 1.0679, Epsilon: 0.010
2026-04-19 12:17:56 | INFO | Episode 3214 - Reward: -200.000, Length: 200, Loss: 8.2519, Entropy: 1.0927, Epsilon: 0.010
2026-04-19 12:17:57 | INFO | Episode 3215 - Reward: -200.000, Length: 200, Loss: 19.8607, Entropy: 1.0865, Epsilon: 0.010
2026-04-19 12:17:57 | INFO | Episode 3216 - Reward: -200.000, Length: 200, Loss: 17.7600, Entropy: 1.0832, Epsilon: 0.010
2026-04-19 12:17:57 | INFO | Episode 3217 - Reward: -200.000, Length: 200, Loss: 20.0703, Entropy: 1.0517, Epsilon: 0.010
2026-04-19 12:17:58 | INFO | Episode 3218 - Reward: -200.000, Length: 200, Loss: 14.6323, Entropy: 1.0815, Epsilon: 0.010
2026-04-19 12:17:58 | INFO | Episode 3219 - Reward: -200.000, Length: 200, Loss: 10.5447, Entropy: 1.0790, Epsilon: 0.010
2026-04-19 12:17:58 | INFO | Episode 3220 - Reward: -200.000, Length: 200, Loss: 5.3003, Entropy: 1.0744, Epsilon: 0.010
2026-04-19 12:17:59 | INFO | Episode 3221 - Reward: -200.000, Length: 200, Loss: 8.9947, Entropy: 1.0940, Epsilon: 0.010
2026-04-19 12:17:59 | INFO | Episode 3222 - Reward: -200.000, Length: 200, Loss: 25.8244, Entropy: 1.0774, Epsilon: 0.010
2026-04-19 12:17:59 | INFO | Episode 3223 - Reward: -200.000, Length: 200, Loss: 15.5024, Entropy: 1.0805, Epsilon: 0.010
2026-04-19 12:18:00 | INFO | Episode 3224 - Reward: -200.000, Length: 200, Loss: 20.3459, Entropy: 1.0575, Epsilon: 0.010
2026-04-19 12:18:00 | INFO | Episode 3225 - Reward: -200.000, Length: 200, Loss: 20.7197, Entropy: 1.0706, Epsilon: 0.010
2026-04-19 12:18:01 | INFO | Episode 3226 - Reward: -200.000, Length: 200, Loss: 23.1108, Entropy: 1.0922, Epsilon: 0.010
2026-04-19 12:18:01 | INFO | Episode 3227 - Reward: -200.000, Length: 200, Loss: 11.9652, Entropy: 1.0850, Epsilon: 0.010
2026-04-19 12:18:02 | INFO | Episode 3228 - Reward: -200.000, Length: 200, Loss: 26.2073, Entropy: 1.0728, Epsilon: 0.010
2026-04-19 12:18:02 | INFO | Episode 3229 - Reward: -200.000, Length: 200, Loss: 27.9287, Entropy: 1.0871, Epsilon: 0.010
2026-04-19 12:18:02 | INFO | Episode 3230 - Reward: -200.000, Length: 200, Loss: 20.4469, Entropy: 1.0842, Epsilon: 0.010
2026-04-19 12:18:03 | INFO | Episode 3231 - Reward: -200.000, Length: 200, Loss: 17.6906, Entropy: 1.0892, Epsilon: 0.010
2026-04-19 12:18:03 | INFO | Episode 3232 - Reward: -200.000, Length: 200, Loss: 19.7219, Entropy: 1.0866, Epsilon: 0.010
2026-04-19 12:18:03 | INFO | Episode 3233 - Reward: -200.000, Length: 200, Loss: 20.4943, Entropy: 1.0810, Epsilon: 0.010
2026-04-19 12:18:04 | INFO | Episode 3234 - Reward: -200.000, Length: 200, Loss: 20.3093, Entropy: 1.0638, Epsilon: 0.010
2026-04-19 12:18:04 | INFO | Episode 3235 - Reward: -200.000, Length: 200, Loss: 8.7149, Entropy: 1.0884, Epsilon: 0.010
2026-04-19 12:18:04 | INFO | Episode 3236 - Reward: -200.000, Length: 200, Loss: 11.6352, Entropy: 1.0940, Epsilon: 0.010
2026-04-19 12:18:05 | INFO | Episode 3237 - Reward: -200.000, Length: 200, Loss: 34.8534, Entropy: 1.0523, Epsilon: 0.010
2026-04-19 12:18:05 | INFO | Episode 3238 - Reward: -200.000, Length: 200, Loss: 2.8536, Entropy: 1.0874, Epsilon: 0.010
2026-04-19 12:18:05 | INFO | Episode 3239 - Reward: -200.000, Length: 200, Loss: 8.5974, Entropy: 1.0953, Epsilon: 0.010
2026-04-19 12:18:06 | INFO | Episode 3240 - Reward: -200.000, Length: 200, Loss: 19.5667, Entropy: 1.0860, Epsilon: 0.010
2026-04-19 12:18:06 | INFO | Episode 3241 - Reward: -200.000, Length: 200, Loss: 32.3655, Entropy: 1.0865, Epsilon: 0.010
2026-04-19 12:18:06 | INFO | Episode 3242 - Reward: -200.000, Length: 200, Loss: 14.7344, Entropy: 1.0845, Epsilon: 0.010
2026-04-19 12:18:07 | INFO | Episode 3243 - Reward: -200.000, Length: 200, Loss: 14.5975, Entropy: 1.0952, Epsilon: 0.010
2026-04-19 12:18:07 | INFO | Episode 3244 - Reward: -200.000, Length: 200, Loss: 20.6723, Entropy: 1.0830, Epsilon: 0.010
2026-04-19 12:18:07 | INFO | Episode 3245 - Reward: -200.000, Length: 200, Loss: 12.3074, Entropy: 1.0798, Epsilon: 0.010
2026-04-19 12:18:08 | INFO | Episode 3246 - Reward: -200.000, Length: 200, Loss: 8.5978, Entropy: 1.0966, Epsilon: 0.010
2026-04-19 12:18:08 | INFO | Episode 3247 - Reward: -200.000, Length: 200, Loss: 15.1313, Entropy: 1.0823, Epsilon: 0.010
2026-04-19 12:18:08 | INFO | Episode 3248 - Reward: -200.000, Length: 200, Loss: 21.0176, Entropy: 1.0561, Epsilon: 0.010
2026-04-19 12:18:09 | INFO | Episode 3249 - Reward: -200.000, Length: 200, Loss: 6.0470, Entropy: 1.0940, Epsilon: 0.010
2026-04-19 12:18:09 | INFO | Episode 3250 - Reward: -200.000, Length: 200, Loss: 11.4925, Entropy: 1.0931, Epsilon: 0.010
2026-04-19 12:18:09 | INFO | Episode 3251 - Reward: -200.000, Length: 200, Loss: 9.1680, Entropy: 1.0839, Epsilon: 0.010
2026-04-19 12:18:10 | INFO | Episode 3252 - Reward: -200.000, Length: 200, Loss: 8.5988, Entropy: 1.0899, Epsilon: 0.010
2026-04-19 12:18:10 | INFO | Episode 3253 - Reward: -200.000, Length: 200, Loss: 8.6075, Entropy: 1.0933, Epsilon: 0.010
2026-04-19 12:18:10 | INFO | Episode 3254 - Reward: -200.000, Length: 200, Loss: 26.9662, Entropy: 1.0859, Epsilon: 0.010
2026-04-19 12:18:11 | INFO | Episode 3255 - Reward: -200.000, Length: 200, Loss: 20.3604, Entropy: 1.0918, Epsilon: 0.010
2026-04-19 12:18:11 | INFO | Episode 3256 - Reward: -200.000, Length: 200, Loss: 24.2920, Entropy: 1.0667, Epsilon: 0.010
2026-04-19 12:18:11 | INFO | Episode 3257 - Reward: -200.000, Length: 200, Loss: 13.9490, Entropy: 1.0955, Epsilon: 0.010
2026-04-19 12:18:12 | INFO | Episode 3258 - Reward: -200.000, Length: 200, Loss: 26.4385, Entropy: 1.0850, Epsilon: 0.010
2026-04-19 12:18:12 | INFO | Episode 3259 - Reward: -200.000, Length: 200, Loss: 15.0551, Entropy: 1.0830, Epsilon: 0.010
2026-04-19 12:18:12 | INFO | Episode 3260 - Reward: -200.000, Length: 200, Loss: 6.1456, Entropy: 1.0859, Epsilon: 0.010
2026-04-19 12:18:13 | INFO | Episode 3261 - Reward: -200.000, Length: 200, Loss: 13.7252, Entropy: 1.0888, Epsilon: 0.010
2026-04-19 12:18:13 | INFO | Episode 3262 - Reward: -200.000, Length: 200, Loss: 16.3908, Entropy: 1.0664, Epsilon: 0.010
2026-04-19 12:18:13 | INFO | Episode 3263 - Reward: -200.000, Length: 200, Loss: 15.2024, Entropy: 1.0830, Epsilon: 0.010
2026-04-19 12:18:14 | INFO | Episode 3264 - Reward: -200.000, Length: 200, Loss: 15.7377, Entropy: 1.0841, Epsilon: 0.010
2026-04-19 12:18:14 | INFO | Episode 3265 - Reward: -200.000, Length: 200, Loss: 5.8792, Entropy: 1.0865, Epsilon: 0.010
2026-04-19 12:18:14 | INFO | Episode 3266 - Reward: -200.000, Length: 200, Loss: 11.5769, Entropy: 1.0890, Epsilon: 0.010
2026-04-19 12:18:15 | INFO | Episode 3267 - Reward: -200.000, Length: 200, Loss: 15.5943, Entropy: 1.0639, Epsilon: 0.010
2026-04-19 12:18:15 | INFO | Episode 3268 - Reward: -200.000, Length: 200, Loss: 32.9762, Entropy: 1.0762, Epsilon: 0.010
2026-04-19 12:18:15 | INFO | Episode 3269 - Reward: -200.000, Length: 200, Loss: 8.3027, Entropy: 1.0835, Epsilon: 0.010
2026-04-19 12:18:16 | INFO | Episode 3270 - Reward: -200.000, Length: 200, Loss: 5.9172, Entropy: 1.0926, Epsilon: 0.010
2026-04-19 12:18:16 | INFO | Episode 3271 - Reward: -200.000, Length: 200, Loss: 12.5452, Entropy: 1.0941, Epsilon: 0.010
2026-04-19 12:18:16 | INFO | Episode 3272 - Reward: -200.000, Length: 200, Loss: 12.6774, Entropy: 1.0880, Epsilon: 0.010
2026-04-19 12:18:17 | INFO | Episode 3273 - Reward: -200.000, Length: 200, Loss: 11.7380, Entropy: 1.0914, Epsilon: 0.010
2026-04-19 12:18:17 | INFO | Episode 3274 - Reward: -200.000, Length: 200, Loss: 29.6969, Entropy: 1.0571, Epsilon: 0.010
2026-04-19 12:18:17 | INFO | Episode 3275 - Reward: -200.000, Length: 200, Loss: 2.9597, Entropy: 1.0921, Epsilon: 0.010
2026-04-19 12:18:18 | INFO | Episode 3276 - Reward: -200.000, Length: 200, Loss: 12.9534, Entropy: 1.0877, Epsilon: 0.010
2026-04-19 12:18:18 | INFO | Episode 3277 - Reward: -200.000, Length: 200, Loss: 12.7775, Entropy: 1.0800, Epsilon: 0.010
2026-04-19 12:18:18 | INFO | Episode 3278 - Reward: -200.000, Length: 200, Loss: 31.5254, Entropy: 1.0870, Epsilon: 0.010
2026-04-19 12:18:19 | INFO | Episode 3279 - Reward: -200.000, Length: 200, Loss: 6.6192, Entropy: 1.0805, Epsilon: 0.010
2026-04-19 12:18:19 | INFO | Episode 3280 - Reward: -200.000, Length: 200, Loss: 27.1219, Entropy: 1.0890, Epsilon: 0.010
2026-04-19 12:18:19 | INFO | Episode 3281 - Reward: -200.000, Length: 200, Loss: 8.1869, Entropy: 1.0911, Epsilon: 0.010
2026-04-19 12:18:20 | INFO | Episode 3282 - Reward: -200.000, Length: 200, Loss: 11.5915, Entropy: 1.0793, Epsilon: 0.010
2026-04-19 12:18:20 | INFO | Episode 3283 - Reward: -200.000, Length: 200, Loss: 8.8512, Entropy: 1.0955, Epsilon: 0.010
2026-04-19 12:18:20 | INFO | Episode 3284 - Reward: -200.000, Length: 200, Loss: 2.8603, Entropy: 1.0951, Epsilon: 0.010
2026-04-19 12:18:21 | INFO | Episode 3285 - Reward: -200.000, Length: 200, Loss: 30.8113, Entropy: 1.0753, Epsilon: 0.010
2026-04-19 12:18:21 | INFO | Episode 3286 - Reward: -200.000, Length: 200, Loss: 16.6227, Entropy: 1.0797, Epsilon: 0.010
2026-04-19 12:18:21 | INFO | Episode 3287 - Reward: -200.000, Length: 200, Loss: 22.9728, Entropy: 1.0767, Epsilon: 0.010
2026-04-19 12:18:22 | INFO | Episode 3288 - Reward: -200.000, Length: 200, Loss: 8.6433, Entropy: 1.0860, Epsilon: 0.010
2026-04-19 12:18:22 | INFO | Episode 3289 - Reward: -200.000, Length: 200, Loss: 14.6272, Entropy: 1.0858, Epsilon: 0.010
2026-04-19 12:18:22 | INFO | Episode 3290 - Reward: -200.000, Length: 200, Loss: 22.8322, Entropy: 1.0805, Epsilon: 0.010
2026-04-19 12:18:23 | INFO | Episode 3291 - Reward: -200.000, Length: 200, Loss: 19.1272, Entropy: 1.0701, Epsilon: 0.010
2026-04-19 12:18:23 | INFO | Episode 3292 - Reward: -200.000, Length: 200, Loss: 14.1093, Entropy: 1.0847, Epsilon: 0.010
2026-04-19 12:18:23 | INFO | Episode 3293 - Reward: -200.000, Length: 200, Loss: 11.2974, Entropy: 1.0931, Epsilon: 0.010
2026-04-19 12:18:24 | INFO | Episode 3294 - Reward: -200.000, Length: 200, Loss: 20.7124, Entropy: 1.0742, Epsilon: 0.010
2026-04-19 12:18:24 | INFO | Episode 3295 - Reward: -200.000, Length: 200, Loss: 17.7697, Entropy: 1.0917, Epsilon: 0.010
2026-04-19 12:18:24 | INFO | Episode 3296 - Reward: -200.000, Length: 200, Loss: 14.8732, Entropy: 1.0802, Epsilon: 0.010
2026-04-19 12:18:25 | INFO | Episode 3297 - Reward: -200.000, Length: 200, Loss: 29.3453, Entropy: 1.0657, Epsilon: 0.010
2026-04-19 12:18:25 | INFO | Episode 3298 - Reward: -200.000, Length: 200, Loss: 5.7865, Entropy: 1.0674, Epsilon: 0.010
2026-04-19 12:18:25 | INFO | Episode 3299 - Reward: -200.000, Length: 200, Loss: 17.8755, Entropy: 1.0913, Epsilon: 0.010
2026-04-19 12:18:26 | INFO | Episode 3300 - Reward: -200.000, Length: 200, Loss: 8.8709, Entropy: 1.0932, Epsilon: 0.010
2026-04-19 12:18:30 | INFO | [Episode 3300] eps=0.010  avg_reward=-200.000  avg_length=200.00  avg_loss= 15.9114  avg_entropy=1.0932  eval_success=0.000
2026-04-19 12:18:31 | INFO | Episode 3301 - Reward: -200.000, Length: 200, Loss: 15.0127, Entropy: 1.0785, Epsilon: 0.010
2026-04-19 12:18:31 | INFO | Episode 3302 - Reward: -200.000, Length: 200, Loss: 12.6297, Entropy: 1.0899, Epsilon: 0.010
2026-04-19 12:18:31 | INFO | Episode 3303 - Reward: -200.000, Length: 200, Loss: 14.5359, Entropy: 1.0693, Epsilon: 0.010
2026-04-19 12:18:32 | INFO | Episode 3304 - Reward: -200.000, Length: 200, Loss: 20.1319, Entropy: 1.0814, Epsilon: 0.010
2026-04-19 12:18:32 | INFO | Episode 3305 - Reward: -200.000, Length: 200, Loss: 8.5305, Entropy: 1.0716, Epsilon: 0.010
2026-04-19 12:18:32 | INFO | Episode 3306 - Reward: -200.000, Length: 200, Loss: 15.7263, Entropy: 1.0885, Epsilon: 0.010
2026-04-19 12:18:33 | INFO | Episode 3307 - Reward: -200.000, Length: 200, Loss: 11.2196, Entropy: 1.0863, Epsilon: 0.010
2026-04-19 12:18:33 | INFO | Episode 3308 - Reward: -200.000, Length: 200, Loss: 18.1776, Entropy: 1.0831, Epsilon: 0.010
2026-04-19 12:18:34 | INFO | Episode 3309 - Reward: -200.000, Length: 200, Loss: 24.4945, Entropy: 1.0876, Epsilon: 0.010
2026-04-19 12:18:34 | INFO | Episode 3310 - Reward: -200.000, Length: 200, Loss: 24.4657, Entropy: 1.0661, Epsilon: 0.010
2026-04-19 12:18:35 | INFO | Episode 3311 - Reward: -200.000, Length: 200, Loss: 5.3778, Entropy: 1.0903, Epsilon: 0.010
2026-04-19 12:18:35 | INFO | Episode 3312 - Reward: -200.000, Length: 200, Loss: 11.6262, Entropy: 1.0802, Epsilon: 0.010
2026-04-19 12:18:35 | INFO | Episode 3313 - Reward: -200.000, Length: 200, Loss: 23.4573, Entropy: 1.0730, Epsilon: 0.010
2026-04-19 12:18:36 | INFO | Episode 3314 - Reward: -200.000, Length: 200, Loss: 28.6850, Entropy: 1.0889, Epsilon: 0.010
2026-04-19 12:18:36 | INFO | Episode 3315 - Reward: -200.000, Length: 200, Loss: 11.6345, Entropy: 1.0945, Epsilon: 0.010
2026-04-19 12:18:36 | INFO | Episode 3316 - Reward: -200.000, Length: 200, Loss: 20.5182, Entropy: 1.0820, Epsilon: 0.010
2026-04-19 12:18:37 | INFO | Episode 3317 - Reward: -200.000, Length: 200, Loss: 8.2573, Entropy: 1.0828, Epsilon: 0.010
2026-04-19 12:18:37 | INFO | Episode 3318 - Reward: -200.000, Length: 200, Loss: 13.7945, Entropy: 1.0675, Epsilon: 0.010
2026-04-19 12:18:37 | INFO | Episode 3319 - Reward: -200.000, Length: 200, Loss: 12.1177, Entropy: 1.0895, Epsilon: 0.010
2026-04-19 12:18:38 | INFO | Episode 3320 - Reward: -200.000, Length: 200, Loss: 5.7980, Entropy: 1.0913, Epsilon: 0.010
2026-04-19 12:18:38 | INFO | Episode 3321 - Reward: -200.000, Length: 200, Loss: 8.8529, Entropy: 1.0946, Epsilon: 0.010
2026-04-19 12:18:38 | INFO | Episode 3322 - Reward: -200.000, Length: 200, Loss: 18.2834, Entropy: 1.0823, Epsilon: 0.010
2026-04-19 12:18:39 | INFO | Episode 3323 - Reward: -200.000, Length: 200, Loss: 18.2447, Entropy: 1.0858, Epsilon: 0.010
2026-04-19 12:18:39 | INFO | Episode 3324 - Reward: -200.000, Length: 200, Loss: 19.9795, Entropy: 1.0722, Epsilon: 0.010
2026-04-19 12:18:39 | INFO | Episode 3325 - Reward: -200.000, Length: 200, Loss: 30.7506, Entropy: 1.0768, Epsilon: 0.010
2026-04-19 12:18:40 | INFO | Episode 3326 - Reward: -200.000, Length: 200, Loss: 14.1432, Entropy: 1.0799, Epsilon: 0.010
2026-04-19 12:18:40 | INFO | Episode 3327 - Reward: -200.000, Length: 200, Loss: 8.5961, Entropy: 1.0934, Epsilon: 0.010
2026-04-19 12:18:40 | INFO | Episode 3328 - Reward: -200.000, Length: 200, Loss: 15.2082, Entropy: 1.0849, Epsilon: 0.010
2026-04-19 12:18:41 | INFO | Episode 3329 - Reward: -200.000, Length: 200, Loss: 18.0110, Entropy: 1.0818, Epsilon: 0.010
2026-04-19 12:18:41 | INFO | Episode 3330 - Reward: -200.000, Length: 200, Loss: 11.1857, Entropy: 1.0892, Epsilon: 0.010
2026-04-19 12:18:41 | INFO | Episode 3331 - Reward: -200.000, Length: 200, Loss: 15.4682, Entropy: 1.0818, Epsilon: 0.010
2026-04-19 12:18:42 | INFO | Episode 3332 - Reward: -200.000, Length: 200, Loss: 15.1479, Entropy: 1.0635, Epsilon: 0.010
2026-04-19 12:18:42 | INFO | Episode 3333 - Reward: -200.000, Length: 200, Loss: 15.9706, Entropy: 1.0612, Epsilon: 0.010
2026-04-19 12:18:42 | INFO | Episode 3334 - Reward: -200.000, Length: 200, Loss: 8.4900, Entropy: 1.0913, Epsilon: 0.010
2026-04-19 12:18:43 | INFO | Episode 3335 - Reward: -200.000, Length: 200, Loss: 11.2822, Entropy: 1.0921, Epsilon: 0.010
2026-04-19 12:18:43 | INFO | Episode 3336 - Reward: -200.000, Length: 200, Loss: 11.3539, Entropy: 1.0888, Epsilon: 0.010
2026-04-19 12:18:43 | INFO | Episode 3337 - Reward: -200.000, Length: 200, Loss: 14.8322, Entropy: 1.0881, Epsilon: 0.010
2026-04-19 12:18:44 | INFO | Episode 3338 - Reward: -200.000, Length: 200, Loss: 16.8974, Entropy: 1.0652, Epsilon: 0.010
2026-04-19 12:18:44 | INFO | Episode 3339 - Reward: -200.000, Length: 200, Loss: 11.8019, Entropy: 1.0645, Epsilon: 0.010
2026-04-19 12:18:44 | INFO | Episode 3340 - Reward: -200.000, Length: 200, Loss: 2.7819, Entropy: 1.0886, Epsilon: 0.010
2026-04-19 12:18:45 | INFO | Episode 3341 - Reward: -200.000, Length: 200, Loss: 5.5842, Entropy: 1.0932, Epsilon: 0.010
2026-04-19 12:18:45 | INFO | Episode 3342 - Reward: -200.000, Length: 200, Loss: 17.3516, Entropy: 1.0874, Epsilon: 0.010
2026-04-19 12:18:45 | INFO | Episode 3343 - Reward: -200.000, Length: 200, Loss: 17.7227, Entropy: 1.0884, Epsilon: 0.010
2026-04-19 12:18:46 | INFO | Episode 3344 - Reward: -200.000, Length: 200, Loss: 20.3440, Entropy: 1.0873, Epsilon: 0.010
2026-04-19 12:18:46 | INFO | Episode 3345 - Reward: -200.000, Length: 200, Loss: 8.2769, Entropy: 1.0894, Epsilon: 0.010
2026-04-19 12:18:46 | INFO | Episode 3346 - Reward: -200.000, Length: 200, Loss: 9.0541, Entropy: 1.0918, Epsilon: 0.010
2026-04-19 12:18:47 | INFO | Episode 3347 - Reward: -200.000, Length: 200, Loss: 17.8197, Entropy: 1.0820, Epsilon: 0.010
2026-04-19 12:18:47 | INFO | Episode 3348 - Reward: -200.000, Length: 200, Loss: 17.7199, Entropy: 1.0868, Epsilon: 0.010
2026-04-19 12:18:47 | INFO | Episode 3349 - Reward: -200.000, Length: 200, Loss: 8.3536, Entropy: 1.0911, Epsilon: 0.010
2026-04-19 12:18:48 | INFO | Episode 3350 - Reward: -200.000, Length: 200, Loss: 10.9265, Entropy: 1.0759, Epsilon: 0.010
2026-04-19 12:18:48 | INFO | Episode 3351 - Reward: -200.000, Length: 200, Loss: 11.7488, Entropy: 1.0925, Epsilon: 0.010
2026-04-19 12:18:48 | INFO | Episode 3352 - Reward: -200.000, Length: 200, Loss: 20.1992, Entropy: 1.0925, Epsilon: 0.010
2026-04-19 12:18:49 | INFO | Episode 3353 - Reward: -200.000, Length: 200, Loss: 11.8413, Entropy: 1.0936, Epsilon: 0.010
2026-04-19 12:18:49 | INFO | Episode 3354 - Reward: -200.000, Length: 200, Loss: 17.2622, Entropy: 1.0687, Epsilon: 0.010
2026-04-19 12:18:49 | INFO | Episode 3355 - Reward: -200.000, Length: 200, Loss: 26.2784, Entropy: 1.0849, Epsilon: 0.010
2026-04-19 12:18:50 | INFO | Episode 3356 - Reward: -200.000, Length: 200, Loss: 10.5926, Entropy: 1.0875, Epsilon: 0.010
2026-04-19 12:18:50 | INFO | Episode 3357 - Reward: -200.000, Length: 200, Loss: 22.5514, Entropy: 1.0624, Epsilon: 0.010
2026-04-19 12:18:50 | INFO | Episode 3358 - Reward: -200.000, Length: 200, Loss: 8.8588, Entropy: 1.0888, Epsilon: 0.010
2026-04-19 12:18:51 | INFO | Episode 3359 - Reward: -200.000, Length: 200, Loss: 2.5035, Entropy: 1.0953, Epsilon: 0.010
2026-04-19 12:18:51 | INFO | Episode 3360 - Reward: -200.000, Length: 200, Loss: 3.0040, Entropy: 1.0957, Epsilon: 0.010
2026-04-19 12:18:51 | INFO | Episode 3361 - Reward: -200.000, Length: 200, Loss: 21.4015, Entropy: 1.0793, Epsilon: 0.010
2026-04-19 12:18:52 | INFO | Episode 3362 - Reward: -200.000, Length: 200, Loss: 23.1427, Entropy: 1.0898, Epsilon: 0.010
2026-04-19 12:18:52 | INFO | Episode 3363 - Reward: -200.000, Length: 200, Loss: 11.7667, Entropy: 1.0900, Epsilon: 0.010
2026-04-19 12:18:52 | INFO | Episode 3364 - Reward: -200.000, Length: 200, Loss: 27.1018, Entropy: 1.0609, Epsilon: 0.010
2026-04-19 12:18:53 | INFO | Episode 3365 - Reward: -200.000, Length: 200, Loss: 14.7416, Entropy: 1.0870, Epsilon: 0.010
2026-04-19 12:18:53 | INFO | Episode 3366 - Reward: -200.000, Length: 200, Loss: 14.8136, Entropy: 1.0832, Epsilon: 0.010
2026-04-19 12:18:53 | INFO | Episode 3367 - Reward: -200.000, Length: 200, Loss: 8.6668, Entropy: 1.0928, Epsilon: 0.010
2026-04-19 12:18:55 | INFO | Episode 3368 - Reward: -200.000, Length: 200, Loss: 17.4280, Entropy: 1.0864, Epsilon: 0.010
2026-04-19 12:18:55 | INFO | Episode 3369 - Reward: -200.000, Length: 200, Loss: 11.6477, Entropy: 1.0883, Epsilon: 0.010
2026-04-19 12:18:56 | INFO | Episode 3370 - Reward: -200.000, Length: 200, Loss: 14.5682, Entropy: 1.0683, Epsilon: 0.010
2026-04-19 12:18:56 | INFO | Episode 3371 - Reward: -200.000, Length: 200, Loss: 23.3147, Entropy: 1.0864, Epsilon: 0.010
2026-04-19 12:18:56 | INFO | Episode 3372 - Reward: -200.000, Length: 200, Loss: 16.8157, Entropy: 1.0804, Epsilon: 0.010
2026-04-19 12:18:57 | INFO | Episode 3373 - Reward: -200.000, Length: 200, Loss: 5.6293, Entropy: 1.0671, Epsilon: 0.010
2026-04-19 12:18:57 | INFO | Episode 3374 - Reward: -200.000, Length: 200, Loss: 14.4966, Entropy: 1.0866, Epsilon: 0.010
2026-04-19 12:18:57 | INFO | Episode 3375 - Reward: -200.000, Length: 200, Loss: 2.8124, Entropy: 1.0931, Epsilon: 0.010
2026-04-19 12:18:58 | INFO | Episode 3376 - Reward: -200.000, Length: 200, Loss: 20.8066, Entropy: 1.0828, Epsilon: 0.010
2026-04-19 12:18:58 | INFO | Episode 3377 - Reward: -200.000, Length: 200, Loss: 21.0164, Entropy: 1.0905, Epsilon: 0.010
2026-04-19 12:18:58 | INFO | Episode 3378 - Reward: -200.000, Length: 200, Loss: 24.2088, Entropy: 1.0876, Epsilon: 0.010
2026-04-19 12:18:59 | INFO | Episode 3379 - Reward: -200.000, Length: 200, Loss: 14.9266, Entropy: 1.0850, Epsilon: 0.010
2026-04-19 12:18:59 | INFO | Episode 3380 - Reward: -200.000, Length: 200, Loss: 24.2776, Entropy: 1.0768, Epsilon: 0.010
2026-04-19 12:18:59 | INFO | Episode 3381 - Reward: -200.000, Length: 200, Loss: 20.9463, Entropy: 1.0264, Epsilon: 0.010
2026-04-19 12:19:00 | INFO | Episode 3382 - Reward: -200.000, Length: 200, Loss: 8.8465, Entropy: 1.0862, Epsilon: 0.010
2026-04-19 12:19:00 | INFO | Episode 3383 - Reward: -200.000, Length: 200, Loss: 6.0104, Entropy: 1.0809, Epsilon: 0.010
2026-04-19 12:19:00 | INFO | Episode 3384 - Reward: -200.000, Length: 200, Loss: 16.5130, Entropy: 1.0786, Epsilon: 0.010
2026-04-19 12:19:01 | INFO | Episode 3385 - Reward: -200.000, Length: 200, Loss: 12.1791, Entropy: 1.0796, Epsilon: 0.010
2026-04-19 12:19:01 | INFO | Episode 3386 - Reward: -200.000, Length: 200, Loss: 17.3846, Entropy: 1.0882, Epsilon: 0.010
2026-04-19 12:19:01 | INFO | Episode 3387 - Reward: -200.000, Length: 200, Loss: 5.1990, Entropy: 1.0927, Epsilon: 0.010
2026-04-19 12:19:02 | INFO | Episode 3388 - Reward: -200.000, Length: 200, Loss: 13.7556, Entropy: 1.0844, Epsilon: 0.010
2026-04-19 12:19:02 | INFO | Episode 3389 - Reward: -200.000, Length: 200, Loss: 9.0003, Entropy: 1.0894, Epsilon: 0.010
2026-04-19 12:19:02 | INFO | Episode 3390 - Reward: -200.000, Length: 200, Loss: 15.0532, Entropy: 1.0783, Epsilon: 0.010
2026-04-19 12:19:03 | INFO | Episode 3391 - Reward: -200.000, Length: 200, Loss: 22.7988, Entropy: 1.0635, Epsilon: 0.010
2026-04-19 12:19:03 | INFO | Episode 3392 - Reward: -200.000, Length: 200, Loss: 16.3441, Entropy: 1.0751, Epsilon: 0.010
2026-04-19 12:19:03 | INFO | Episode 3393 - Reward: -200.000, Length: 200, Loss: 2.4916, Entropy: 1.0931, Epsilon: 0.010
2026-04-19 12:19:04 | INFO | Episode 3394 - Reward: -200.000, Length: 200, Loss: 10.6090, Entropy: 1.0883, Epsilon: 0.010
2026-04-19 12:19:04 | INFO | Episode 3395 - Reward: -200.000, Length: 200, Loss: 17.5598, Entropy: 1.0858, Epsilon: 0.010
2026-04-19 12:19:04 | INFO | Episode 3396 - Reward: -200.000, Length: 200, Loss: 11.1852, Entropy: 1.0721, Epsilon: 0.010
2026-04-19 12:19:05 | INFO | Episode 3397 - Reward: -200.000, Length: 200, Loss: 8.2229, Entropy: 1.0864, Epsilon: 0.010
2026-04-19 12:19:05 | INFO | Episode 3398 - Reward: -200.000, Length: 200, Loss: 13.6283, Entropy: 1.0888, Epsilon: 0.010
2026-04-19 12:19:05 | INFO | Episode 3399 - Reward: -200.000, Length: 200, Loss: 17.1451, Entropy: 1.0865, Epsilon: 0.010
2026-04-19 12:19:06 | INFO | Episode 3400 - Reward: -200.000, Length: 200, Loss: -0.1834, Entropy: 1.0964, Epsilon: 0.010
2026-04-19 12:19:11 | INFO | [Episode 3400] eps=0.010  avg_reward=-200.000  avg_length=200.00  avg_loss= 14.3974  avg_entropy=1.0964  eval_success=0.000
2026-04-19 12:19:11 | INFO | Episode 3401 - Reward: -200.000, Length: 200, Loss: 12.4166, Entropy: 1.0866, Epsilon: 0.010
2026-04-19 12:19:12 | INFO | Episode 3402 - Reward: -200.000, Length: 200, Loss: 10.6696, Entropy: 1.0882, Epsilon: 0.010
2026-04-19 12:19:12 | INFO | Episode 3403 - Reward: -200.000, Length: 200, Loss: 22.8366, Entropy: 1.0857, Epsilon: 0.010
2026-04-19 12:19:12 | INFO | Episode 3404 - Reward: -200.000, Length: 200, Loss: 10.6923, Entropy: 1.0881, Epsilon: 0.010
2026-04-19 12:19:13 | INFO | Episode 3405 - Reward: -200.000, Length: 200, Loss: 9.0920, Entropy: 1.0946, Epsilon: 0.010
2026-04-19 12:19:13 | INFO | Episode 3406 - Reward: -200.000, Length: 200, Loss: 29.8665, Entropy: 1.0468, Epsilon: 0.010
2026-04-19 12:19:14 | INFO | Episode 3407 - Reward: -200.000, Length: 200, Loss: 11.7345, Entropy: 1.0878, Epsilon: 0.010
2026-04-19 12:19:14 | INFO | Episode 3408 - Reward: -200.000, Length: 200, Loss: 29.7753, Entropy: 1.0891, Epsilon: 0.010
2026-04-19 12:19:14 | INFO | Episode 3409 - Reward: -200.000, Length: 200, Loss: 9.4188, Entropy: 1.0798, Epsilon: 0.010
2026-04-19 12:19:15 | INFO | Episode 3410 - Reward: -200.000, Length: 200, Loss: 22.4176, Entropy: 1.0822, Epsilon: 0.010
2026-04-19 12:19:15 | INFO | Episode 3411 - Reward: -200.000, Length: 200, Loss: 5.4410, Entropy: 1.0862, Epsilon: 0.010
2026-04-19 12:19:15 | INFO | Episode 3412 - Reward: -200.000, Length: 200, Loss: 16.7295, Entropy: 1.0869, Epsilon: 0.010
2026-04-19 12:19:16 | INFO | Episode 3413 - Reward: -200.000, Length: 200, Loss: 16.7425, Entropy: 1.0903, Epsilon: 0.010
2026-04-19 12:19:16 | INFO | Episode 3414 - Reward: -200.000, Length: 200, Loss: 25.1877, Entropy: 1.0706, Epsilon: 0.010
2026-04-19 12:19:16 | INFO | Episode 3415 - Reward: -200.000, Length: 200, Loss: 26.3873, Entropy: 1.0767, Epsilon: 0.010
2026-04-19 12:19:17 | INFO | Episode 3416 - Reward: -200.000, Length: 200, Loss: 16.5656, Entropy: 1.0915, Epsilon: 0.010
2026-04-19 12:19:17 | INFO | Episode 3417 - Reward: -200.000, Length: 200, Loss: 17.4221, Entropy: 1.0913, Epsilon: 0.010
2026-04-19 12:19:17 | INFO | Episode 3418 - Reward: -200.000, Length: 200, Loss: 17.2728, Entropy: 1.0813, Epsilon: 0.010
2026-04-19 12:19:18 | INFO | Episode 3419 - Reward: -200.000, Length: 200, Loss: 17.8479, Entropy: 1.0926, Epsilon: 0.010
2026-04-19 12:19:18 | INFO | Episode 3420 - Reward: -200.000, Length: 200, Loss: 11.6492, Entropy: 1.0926, Epsilon: 0.010
2026-04-19 12:19:18 | INFO | Episode 3421 - Reward: -200.000, Length: 200, Loss: 14.8509, Entropy: 1.0884, Epsilon: 0.010
2026-04-19 12:19:19 | INFO | Episode 3422 - Reward: -200.000, Length: 200, Loss: 17.2374, Entropy: 1.0901, Epsilon: 0.010
2026-04-19 12:19:19 | INFO | Episode 3423 - Reward: -200.000, Length: 200, Loss: 9.0372, Entropy: 1.0931, Epsilon: 0.010
2026-04-19 12:19:19 | INFO | Episode 3424 - Reward: -200.000, Length: 200, Loss: 2.8194, Entropy: 1.0935, Epsilon: 0.010
2026-04-19 12:19:20 | INFO | Episode 3425 - Reward: -200.000, Length: 200, Loss: 8.7497, Entropy: 1.0934, Epsilon: 0.010
2026-04-19 12:19:20 | INFO | Episode 3426 - Reward: -200.000, Length: 200, Loss: 11.8426, Entropy: 1.0947, Epsilon: 0.010
2026-04-19 12:19:20 | INFO | Episode 3427 - Reward: -200.000, Length: 200, Loss: 17.5500, Entropy: 1.0902, Epsilon: 0.010
2026-04-19 12:19:21 | INFO | Episode 3428 - Reward: -200.000, Length: 200, Loss: 26.8940, Entropy: 1.0672, Epsilon: 0.010
2026-04-19 12:19:21 | INFO | Episode 3429 - Reward: -200.000, Length: 200, Loss: 11.2554, Entropy: 1.0893, Epsilon: 0.010
2026-04-19 12:19:21 | INFO | Episode 3430 - Reward: -200.000, Length: 200, Loss: 16.5827, Entropy: 1.0780, Epsilon: 0.010
2026-04-19 12:19:22 | INFO | Episode 3431 - Reward: -200.000, Length: 200, Loss: 14.1761, Entropy: 1.0840, Epsilon: 0.010
2026-04-19 12:19:22 | INFO | Episode 3432 - Reward: -200.000, Length: 200, Loss: 8.0480, Entropy: 1.0928, Epsilon: 0.010
2026-04-19 12:19:22 | INFO | Episode 3433 - Reward: -200.000, Length: 200, Loss: 20.0592, Entropy: 1.0822, Epsilon: 0.010
2026-04-19 12:19:23 | INFO | Episode 3434 - Reward: -200.000, Length: 200, Loss: 8.2294, Entropy: 1.0836, Epsilon: 0.010
2026-04-19 12:19:23 | INFO | Episode 3435 - Reward: -200.000, Length: 200, Loss: 16.3687, Entropy: 1.0803, Epsilon: 0.010
2026-04-19 12:19:23 | INFO | Episode 3436 - Reward: -200.000, Length: 200, Loss: 14.5140, Entropy: 1.0921, Epsilon: 0.010
2026-04-19 12:19:24 | INFO | Episode 3437 - Reward: -200.000, Length: 200, Loss: 11.4511, Entropy: 1.0887, Epsilon: 0.010
2026-04-19 12:19:24 | INFO | Episode 3438 - Reward: -200.000, Length: 200, Loss: 11.5605, Entropy: 1.0913, Epsilon: 0.010
2026-04-19 12:19:24 | INFO | Episode 3439 - Reward: -200.000, Length: 200, Loss: 16.4409, Entropy: 1.0918, Epsilon: 0.010
2026-04-19 12:19:25 | INFO | Episode 3440 - Reward: -200.000, Length: 200, Loss: 22.4637, Entropy: 1.0830, Epsilon: 0.010
2026-04-19 12:19:25 | INFO | Episode 3441 - Reward: -200.000, Length: 200, Loss: 11.4241, Entropy: 1.0756, Epsilon: 0.010
2026-04-19 12:19:25 | INFO | Episode 3442 - Reward: -200.000, Length: 200, Loss: -0.1996, Entropy: 1.0945, Epsilon: 0.010
2026-04-19 12:19:26 | INFO | Episode 3443 - Reward: -200.000, Length: 200, Loss: 5.8176, Entropy: 1.0949, Epsilon: 0.010
2026-04-19 12:19:26 | INFO | Episode 3444 - Reward: -200.000, Length: 200, Loss: 8.3917, Entropy: 1.0900, Epsilon: 0.010
2026-04-19 12:19:26 | INFO | Episode 3445 - Reward: -200.000, Length: 200, Loss: 10.4487, Entropy: 1.0880, Epsilon: 0.010
2026-04-19 12:19:27 | INFO | Episode 3446 - Reward: -200.000, Length: 200, Loss: 31.4717, Entropy: 1.0822, Epsilon: 0.010
2026-04-19 12:19:27 | INFO | Episode 3447 - Reward: -200.000, Length: 200, Loss: 25.1538, Entropy: 1.0737, Epsilon: 0.010
2026-04-19 12:19:27 | INFO | Episode 3448 - Reward: -200.000, Length: 200, Loss: 21.5050, Entropy: 1.0580, Epsilon: 0.010
2026-04-19 12:19:28 | INFO | Episode 3449 - Reward: -200.000, Length: 200, Loss: 11.4121, Entropy: 1.0854, Epsilon: 0.010
2026-04-19 12:19:28 | INFO | Episode 3450 - Reward: -200.000, Length: 200, Loss: 11.3384, Entropy: 1.0924, Epsilon: 0.010
2026-04-19 12:19:28 | INFO | Episode 3451 - Reward: -200.000, Length: 200, Loss: 22.3178, Entropy: 1.0943, Epsilon: 0.010
2026-04-19 12:19:29 | INFO | Episode 3452 - Reward: -200.000, Length: 200, Loss: 23.2370, Entropy: 1.0637, Epsilon: 0.010
2026-04-19 12:19:29 | INFO | Episode 3453 - Reward: -200.000, Length: 200, Loss: 19.6839, Entropy: 1.0836, Epsilon: 0.010
2026-04-19 12:19:29 | INFO | Episode 3454 - Reward: -200.000, Length: 200, Loss: 11.2618, Entropy: 1.0913, Epsilon: 0.010
2026-04-19 12:19:30 | INFO | Episode 3455 - Reward: -200.000, Length: 200, Loss: 22.0343, Entropy: 1.0947, Epsilon: 0.010
2026-04-19 12:19:30 | INFO | Episode 3456 - Reward: -200.000, Length: 200, Loss: 13.6666, Entropy: 1.0887, Epsilon: 0.010
2026-04-19 12:19:30 | INFO | Episode 3457 - Reward: -200.000, Length: 200, Loss: 19.6519, Entropy: 1.0790, Epsilon: 0.010
2026-04-19 12:19:31 | INFO | Episode 3458 - Reward: -200.000, Length: 200, Loss: 19.4998, Entropy: 1.0907, Epsilon: 0.010
2026-04-19 12:19:31 | INFO | Episode 3459 - Reward: -200.000, Length: 200, Loss: 15.4881, Entropy: 1.0836, Epsilon: 0.010
2026-04-19 12:19:31 | INFO | Episode 3460 - Reward: -200.000, Length: 200, Loss: 10.6905, Entropy: 1.0910, Epsilon: 0.010
2026-04-19 12:19:32 | INFO | Episode 3461 - Reward: -200.000, Length: 200, Loss: 10.6702, Entropy: 1.0944, Epsilon: 0.010
2026-04-19 12:19:32 | INFO | Episode 3462 - Reward: -200.000, Length: 200, Loss: 16.8512, Entropy: 1.0815, Epsilon: 0.010
2026-04-19 12:19:32 | INFO | Episode 3463 - Reward: -200.000, Length: 200, Loss: 4.6242, Entropy: 1.0956, Epsilon: 0.010
2026-04-19 12:19:33 | INFO | Episode 3464 - Reward: -200.000, Length: 200, Loss: 11.0817, Entropy: 1.0858, Epsilon: 0.010
2026-04-19 12:19:33 | INFO | Episode 3465 - Reward: -200.000, Length: 200, Loss: 30.0208, Entropy: 1.0906, Epsilon: 0.010
2026-04-19 12:19:33 | INFO | Episode 3466 - Reward: -200.000, Length: 200, Loss: 11.0103, Entropy: 1.0904, Epsilon: 0.010
2026-04-19 12:19:34 | INFO | Episode 3467 - Reward: -200.000, Length: 200, Loss: 7.6817, Entropy: 1.0883, Epsilon: 0.010
2026-04-19 12:19:34 | INFO | Episode 3468 - Reward: -200.000, Length: 200, Loss: 8.5369, Entropy: 1.0924, Epsilon: 0.010
2026-04-19 12:19:34 | INFO | Episode 3469 - Reward: -200.000, Length: 200, Loss: 17.5420, Entropy: 1.0720, Epsilon: 0.010
2026-04-19 12:19:35 | INFO | Episode 3470 - Reward: -200.000, Length: 200, Loss: 21.3743, Entropy: 1.0863, Epsilon: 0.010
2026-04-19 12:19:35 | INFO | Episode 3471 - Reward: -200.000, Length: 200, Loss: 8.2142, Entropy: 1.0904, Epsilon: 0.010
2026-04-19 12:19:35 | INFO | Episode 3472 - Reward: -200.000, Length: 200, Loss: 10.0312, Entropy: 1.0898, Epsilon: 0.010
2026-04-19 12:19:36 | INFO | Episode 3473 - Reward: -200.000, Length: 200, Loss: 10.0014, Entropy: 1.0835, Epsilon: 0.010
2026-04-19 12:19:36 | INFO | Episode 3474 - Reward: -200.000, Length: 200, Loss: 16.5216, Entropy: 1.0918, Epsilon: 0.010
2026-04-19 12:19:36 | INFO | Episode 3475 - Reward: -200.000, Length: 200, Loss: 5.3959, Entropy: 1.0959, Epsilon: 0.010
2026-04-19 12:19:37 | INFO | Episode 3476 - Reward: -200.000, Length: 200, Loss: 14.7227, Entropy: 1.0660, Epsilon: 0.010
2026-04-19 12:19:37 | INFO | Episode 3477 - Reward: -200.000, Length: 200, Loss: 13.7549, Entropy: 1.0905, Epsilon: 0.010
2026-04-19 12:19:37 | INFO | Episode 3478 - Reward: -200.000, Length: 200, Loss: 10.4828, Entropy: 1.0956, Epsilon: 0.010
2026-04-19 12:19:38 | INFO | Episode 3479 - Reward: -200.000, Length: 200, Loss: 20.0518, Entropy: 1.0574, Epsilon: 0.010
2026-04-19 12:19:38 | INFO | Episode 3480 - Reward: -200.000, Length: 200, Loss: 8.6434, Entropy: 1.0939, Epsilon: 0.010
2026-04-19 12:19:38 | INFO | Episode 3481 - Reward: -200.000, Length: 200, Loss: 11.0284, Entropy: 1.0930, Epsilon: 0.010
2026-04-19 12:19:39 | INFO | Episode 3482 - Reward: -200.000, Length: 200, Loss: 22.3195, Entropy: 1.0848, Epsilon: 0.010
2026-04-19 12:19:39 | INFO | Episode 3483 - Reward: -200.000, Length: 200, Loss: 10.9172, Entropy: 1.0915, Epsilon: 0.010
2026-04-19 12:19:40 | INFO | Episode 3484 - Reward: -200.000, Length: 200, Loss: 8.8322, Entropy: 1.0729, Epsilon: 0.010
2026-04-19 12:19:40 | INFO | Episode 3485 - Reward: -200.000, Length: 200, Loss: 5.5885, Entropy: 1.0871, Epsilon: 0.010
2026-04-19 12:19:40 | INFO | Episode 3486 - Reward: -200.000, Length: 200, Loss: 17.1333, Entropy: 1.0852, Epsilon: 0.010
2026-04-19 12:19:41 | INFO | Episode 3487 - Reward: -200.000, Length: 200, Loss: 13.9171, Entropy: 1.0638, Epsilon: 0.010
2026-04-19 12:19:41 | INFO | Episode 3488 - Reward: -200.000, Length: 200, Loss: 8.9681, Entropy: 1.0879, Epsilon: 0.010
2026-04-19 12:19:41 | INFO | Episode 3489 - Reward: -200.000, Length: 200, Loss: 10.8006, Entropy: 1.0940, Epsilon: 0.010
2026-04-19 12:19:42 | INFO | Episode 3490 - Reward: -200.000, Length: 200, Loss: 11.0167, Entropy: 1.0829, Epsilon: 0.010
2026-04-19 12:19:42 | INFO | Episode 3491 - Reward: -200.000, Length: 200, Loss: 5.6338, Entropy: 1.0932, Epsilon: 0.010
2026-04-19 12:19:42 | INFO | Episode 3492 - Reward: -200.000, Length: 200, Loss: 5.6866, Entropy: 1.0927, Epsilon: 0.010
2026-04-19 12:19:43 | INFO | Episode 3493 - Reward: -200.000, Length: 200, Loss: 5.5998, Entropy: 1.0941, Epsilon: 0.010
2026-04-19 12:19:43 | INFO | Episode 3494 - Reward: -200.000, Length: 200, Loss: 12.2058, Entropy: 1.0832, Epsilon: 0.010
2026-04-19 12:19:44 | INFO | Episode 3495 - Reward: -200.000, Length: 200, Loss: 20.7929, Entropy: 1.0696, Epsilon: 0.010
2026-04-19 12:19:44 | INFO | Episode 3496 - Reward: -200.000, Length: 200, Loss: 20.1225, Entropy: 1.0846, Epsilon: 0.010
2026-04-19 12:19:44 | INFO | Episode 3497 - Reward: -200.000, Length: 200, Loss: 19.0890, Entropy: 1.0925, Epsilon: 0.010
2026-04-19 12:19:45 | INFO | Episode 3498 - Reward: -200.000, Length: 200, Loss: 2.6355, Entropy: 1.0927, Epsilon: 0.010
2026-04-19 12:19:45 | INFO | Episode 3499 - Reward: -200.000, Length: 200, Loss: 8.4962, Entropy: 1.0920, Epsilon: 0.010
2026-04-19 12:19:45 | INFO | Episode 3500 - Reward: -200.000, Length: 200, Loss: 29.9525, Entropy: 1.0829, Epsilon: 0.010
2026-04-19 12:19:50 | INFO | [Episode 3500] eps=0.010  avg_reward=-200.000  avg_length=200.00  avg_loss= 14.4254  avg_entropy=1.0829  eval_success=0.000
2026-04-19 12:19:50 | INFO | Episode 3501 - Reward: -200.000, Length: 200, Loss: 5.5192, Entropy: 1.0927, Epsilon: 0.010
2026-04-19 12:19:51 | INFO | Episode 3502 - Reward: -200.000, Length: 200, Loss: 8.5830, Entropy: 1.0934, Epsilon: 0.010
2026-04-19 12:19:51 | INFO | Episode 3503 - Reward: -200.000, Length: 200, Loss: 22.5152, Entropy: 1.0898, Epsilon: 0.010
2026-04-19 12:19:51 | INFO | Episode 3504 - Reward: -200.000, Length: 200, Loss: 14.5795, Entropy: 1.0903, Epsilon: 0.010
2026-04-19 12:19:52 | INFO | Episode 3505 - Reward: -200.000, Length: 200, Loss: 9.3438, Entropy: 1.0825, Epsilon: 0.010
2026-04-19 12:19:52 | INFO | Episode 3506 - Reward: -200.000, Length: 200, Loss: 11.5179, Entropy: 1.0947, Epsilon: 0.010
2026-04-19 12:19:52 | INFO | Episode 3507 - Reward: -200.000, Length: 200, Loss: 5.5674, Entropy: 1.0947, Epsilon: 0.010
2026-04-19 12:19:53 | INFO | Episode 3508 - Reward: -200.000, Length: 200, Loss: 14.1418, Entropy: 1.0886, Epsilon: 0.010
2026-04-19 12:19:53 | INFO | Episode 3509 - Reward: -200.000, Length: 200, Loss: 8.6900, Entropy: 1.0927, Epsilon: 0.010
2026-04-19 12:19:53 | INFO | Episode 3510 - Reward: -200.000, Length: 200, Loss: 14.9059, Entropy: 1.0846, Epsilon: 0.010
2026-04-19 12:19:54 | INFO | Episode 3511 - Reward: -200.000, Length: 200, Loss: 15.2566, Entropy: 1.0935, Epsilon: 0.010
2026-04-19 12:19:54 | INFO | Episode 3512 - Reward: -200.000, Length: 200, Loss: 17.7390, Entropy: 1.0850, Epsilon: 0.010
2026-04-19 12:19:54 | INFO | Episode 3513 - Reward: -200.000, Length: 200, Loss: 17.4200, Entropy: 1.0874, Epsilon: 0.010
2026-04-19 12:19:55 | INFO | Episode 3514 - Reward: -200.000, Length: 200, Loss: 14.0058, Entropy: 1.0903, Epsilon: 0.010
2026-04-19 12:19:55 | INFO | Episode 3515 - Reward: -200.000, Length: 200, Loss: 17.9761, Entropy: 1.0907, Epsilon: 0.010
2026-04-19 12:19:55 | INFO | Episode 3516 - Reward: -200.000, Length: 200, Loss: 21.1125, Entropy: 1.0831, Epsilon: 0.010
2026-04-19 12:19:56 | INFO | Episode 3517 - Reward: -200.000, Length: 200, Loss: 23.5505, Entropy: 1.0809, Epsilon: 0.010
2026-04-19 12:19:56 | INFO | Episode 3518 - Reward: -200.000, Length: 200, Loss: 17.3093, Entropy: 1.0811, Epsilon: 0.010
2026-04-19 12:19:56 | INFO | Episode 3519 - Reward: -200.000, Length: 200, Loss: 3.0812, Entropy: 1.0942, Epsilon: 0.010
2026-04-19 12:19:57 | INFO | Episode 3520 - Reward: -200.000, Length: 200, Loss: 18.4607, Entropy: 1.0924, Epsilon: 0.010
2026-04-19 12:19:57 | INFO | Episode 3521 - Reward: -200.000, Length: 200, Loss: 21.3576, Entropy: 1.0740, Epsilon: 0.010
2026-04-19 12:19:58 | INFO | Episode 3522 - Reward: -200.000, Length: 200, Loss: 11.0304, Entropy: 1.0913, Epsilon: 0.010
2026-04-19 12:19:58 | INFO | Episode 3523 - Reward: -200.000, Length: 200, Loss: 16.1960, Entropy: 1.0656, Epsilon: 0.010
2026-04-19 12:19:58 | INFO | Episode 3524 - Reward: -200.000, Length: 200, Loss: 8.3396, Entropy: 1.0881, Epsilon: 0.010
2026-04-19 12:19:59 | INFO | Episode 3525 - Reward: -200.000, Length: 200, Loss: 21.0867, Entropy: 1.0913, Epsilon: 0.010
2026-04-19 12:19:59 | INFO | Episode 3526 - Reward: -200.000, Length: 200, Loss: 15.3498, Entropy: 1.0848, Epsilon: 0.010
2026-04-19 12:19:59 | INFO | Episode 3527 - Reward: -200.000, Length: 200, Loss: 6.2194, Entropy: 1.0942, Epsilon: 0.010
2026-04-19 12:20:00 | INFO | Episode 3528 - Reward: -200.000, Length: 200, Loss: 15.4673, Entropy: 1.0895, Epsilon: 0.010
2026-04-19 12:20:00 | INFO | Episode 3529 - Reward: -200.000, Length: 200, Loss: 3.0327, Entropy: 1.0922, Epsilon: 0.010
2026-04-19 12:20:00 | INFO | Episode 3530 - Reward: -200.000, Length: 200, Loss: 12.7842, Entropy: 1.0711, Epsilon: 0.010
2026-04-19 12:20:01 | INFO | Episode 3531 - Reward: -200.000, Length: 200, Loss: 8.9602, Entropy: 1.0798, Epsilon: 0.010
2026-04-19 12:20:01 | INFO | Episode 3532 - Reward: -200.000, Length: 200, Loss: 11.7932, Entropy: 1.0782, Epsilon: 0.010
2026-04-19 12:20:01 | INFO | Episode 3533 - Reward: -200.000, Length: 200, Loss: 19.8914, Entropy: 1.0826, Epsilon: 0.010
2026-04-19 12:20:02 | INFO | Episode 3534 - Reward: -200.000, Length: 200, Loss: 21.7721, Entropy: 1.0778, Epsilon: 0.010
2026-04-19 12:20:02 | INFO | Episode 3535 - Reward: -200.000, Length: 200, Loss: 11.9414, Entropy: 1.0885, Epsilon: 0.010
2026-04-19 12:20:02 | INFO | Episode 3536 - Reward: -200.000, Length: 200, Loss: 25.6958, Entropy: 1.0797, Epsilon: 0.010
2026-04-19 12:20:03 | INFO | Episode 3537 - Reward: -200.000, Length: 200, Loss: 17.1110, Entropy: 1.0871, Epsilon: 0.010
2026-04-19 12:20:03 | INFO | Episode 3538 - Reward: -200.000, Length: 200, Loss: 24.0699, Entropy: 1.0766, Epsilon: 0.010
2026-04-19 12:20:03 | INFO | Episode 3539 - Reward: -200.000, Length: 200, Loss: 20.3847, Entropy: 1.0839, Epsilon: 0.010
2026-04-19 12:20:04 | INFO | Episode 3540 - Reward: -200.000, Length: 200, Loss: 25.1894, Entropy: 1.0779, Epsilon: 0.010
2026-04-19 12:20:04 | INFO | Episode 3541 - Reward: -200.000, Length: 200, Loss: 19.4371, Entropy: 1.0708, Epsilon: 0.010
2026-04-19 12:20:04 | INFO | Episode 3542 - Reward: -200.000, Length: 200, Loss: 14.7692, Entropy: 1.0815, Epsilon: 0.010
2026-04-19 12:20:05 | INFO | Episode 3543 - Reward: -200.000, Length: 200, Loss: 10.6235, Entropy: 1.0939, Epsilon: 0.010
2026-04-19 12:20:05 | INFO | Episode 3544 - Reward: -200.000, Length: 200, Loss: 11.2798, Entropy: 1.0918, Epsilon: 0.010
2026-04-19 12:20:05 | INFO | Episode 3545 - Reward: -200.000, Length: 200, Loss: 17.4596, Entropy: 1.0853, Epsilon: 0.010
2026-04-19 12:20:06 | INFO | Episode 3546 - Reward: -200.000, Length: 200, Loss: 2.9897, Entropy: 1.0962, Epsilon: 0.010
2026-04-19 12:20:06 | INFO | Episode 3547 - Reward: -200.000, Length: 200, Loss: 12.1005, Entropy: 1.0839, Epsilon: 0.010
2026-04-19 12:20:06 | INFO | Episode 3548 - Reward: -200.000, Length: 200, Loss: 20.1744, Entropy: 1.0930, Epsilon: 0.010
2026-04-19 12:20:07 | INFO | Episode 3549 - Reward: -200.000, Length: 200, Loss: 23.6430, Entropy: 1.0713, Epsilon: 0.010
2026-04-19 12:20:07 | INFO | Episode 3550 - Reward: -200.000, Length: 200, Loss: 14.3743, Entropy: 1.0835, Epsilon: 0.010
2026-04-19 12:20:07 | INFO | Episode 3551 - Reward: -200.000, Length: 200, Loss: 17.7816, Entropy: 1.0906, Epsilon: 0.010
2026-04-19 12:20:08 | INFO | Episode 3552 - Reward: -200.000, Length: 200, Loss: 14.6222, Entropy: 1.0830, Epsilon: 0.010
2026-04-19 12:20:08 | INFO | Episode 3553 - Reward: -200.000, Length: 200, Loss: 20.4611, Entropy: 1.0851, Epsilon: 0.010
2026-04-19 12:20:08 | INFO | Episode 3554 - Reward: -200.000, Length: 200, Loss: 17.8599, Entropy: 1.0920, Epsilon: 0.010
2026-04-19 12:20:09 | INFO | Episode 3555 - Reward: -200.000, Length: 200, Loss: 14.1967, Entropy: 1.0925, Epsilon: 0.010
2026-04-19 12:20:09 | INFO | Episode 3556 - Reward: -200.000, Length: 200, Loss: 17.3685, Entropy: 1.0833, Epsilon: 0.010
2026-04-19 12:20:09 | INFO | Episode 3557 - Reward: -200.000, Length: 200, Loss: 31.5963, Entropy: 1.0635, Epsilon: 0.010
2026-04-19 12:20:10 | INFO | Episode 3558 - Reward: -200.000, Length: 200, Loss: 24.9696, Entropy: 1.0393, Epsilon: 0.010
2026-04-19 12:20:10 | INFO | Episode 3559 - Reward: -200.000, Length: 200, Loss: 21.2084, Entropy: 1.0743, Epsilon: 0.010
2026-04-19 12:20:10 | INFO | Episode 3560 - Reward: -200.000, Length: 200, Loss: 27.0165, Entropy: 1.0743, Epsilon: 0.010
2026-04-19 12:20:11 | INFO | Episode 3561 - Reward: -200.000, Length: 200, Loss: 17.8392, Entropy: 1.0905, Epsilon: 0.010
2026-04-19 12:20:11 | INFO | Episode 3562 - Reward: -200.000, Length: 200, Loss: 14.6088, Entropy: 1.0874, Epsilon: 0.010
2026-04-19 12:20:11 | INFO | Episode 3563 - Reward: -200.000, Length: 200, Loss: 11.3921, Entropy: 1.0901, Epsilon: 0.010
2026-04-19 12:20:12 | INFO | Episode 3564 - Reward: -200.000, Length: 200, Loss: 20.5808, Entropy: 1.0815, Epsilon: 0.010
2026-04-19 12:20:13 | INFO | Episode 3565 - Reward: -200.000, Length: 200, Loss: 18.3824, Entropy: 1.0535, Epsilon: 0.010
2026-04-19 12:20:13 | INFO | Episode 3566 - Reward: -200.000, Length: 200, Loss: 18.4259, Entropy: 1.0352, Epsilon: 0.010
2026-04-19 12:20:13 | INFO | Episode 3567 - Reward: -200.000, Length: 200, Loss: 11.8425, Entropy: 1.0838, Epsilon: 0.010
2026-04-19 12:20:14 | INFO | Episode 3568 - Reward: -200.000, Length: 200, Loss: 12.1029, Entropy: 1.0764, Epsilon: 0.010
2026-04-19 12:20:14 | INFO | Episode 3569 - Reward: -200.000, Length: 200, Loss: 9.4606, Entropy: 1.0862, Epsilon: 0.010
2026-04-19 12:20:14 | INFO | Episode 3570 - Reward: -200.000, Length: 200, Loss: 11.5704, Entropy: 1.0933, Epsilon: 0.010
2026-04-19 12:20:15 | INFO | Episode 3571 - Reward: -200.000, Length: 200, Loss: 20.7146, Entropy: 1.0902, Epsilon: 0.010
2026-04-19 12:20:15 | INFO | Episode 3572 - Reward: -200.000, Length: 200, Loss: 23.6304, Entropy: 1.0924, Epsilon: 0.010
2026-04-19 12:20:15 | INFO | Episode 3573 - Reward: -200.000, Length: 200, Loss: 20.4817, Entropy: 1.0943, Epsilon: 0.010
2026-04-19 12:20:16 | INFO | Episode 3574 - Reward: -200.000, Length: 200, Loss: 6.0540, Entropy: 1.0944, Epsilon: 0.010
2026-04-19 12:20:16 | INFO | Episode 3575 - Reward: -200.000, Length: 200, Loss: 6.0885, Entropy: 1.0923, Epsilon: 0.010
2026-04-19 12:20:16 | INFO | Episode 3576 - Reward: -200.000, Length: 200, Loss: 12.1534, Entropy: 1.0917, Epsilon: 0.010
2026-04-19 12:20:17 | INFO | Episode 3577 - Reward: -200.000, Length: 200, Loss: 11.0671, Entropy: 1.0909, Epsilon: 0.010
2026-04-19 12:20:17 | INFO | Episode 3578 - Reward: -200.000, Length: 200, Loss: 15.6835, Entropy: 1.0715, Epsilon: 0.010
2026-04-19 12:20:17 | INFO | Episode 3579 - Reward: -200.000, Length: 200, Loss: 6.2358, Entropy: 1.0933, Epsilon: 0.010
2026-04-19 12:20:18 | INFO | Episode 3580 - Reward: -200.000, Length: 200, Loss: 24.4888, Entropy: 1.0785, Epsilon: 0.010
2026-04-19 12:20:18 | INFO | Episode 3581 - Reward: -200.000, Length: 200, Loss: 22.9073, Entropy: 1.0830, Epsilon: 0.010
2026-04-19 12:20:18 | INFO | Episode 3582 - Reward: -200.000, Length: 200, Loss: 31.3497, Entropy: 1.0758, Epsilon: 0.010
2026-04-19 12:20:19 | INFO | Episode 3583 - Reward: -200.000, Length: 200, Loss: 14.6639, Entropy: 1.0760, Epsilon: 0.010
2026-04-19 12:20:19 | INFO | Episode 3584 - Reward: -200.000, Length: 200, Loss: 9.1234, Entropy: 1.0851, Epsilon: 0.010
2026-04-19 12:20:19 | INFO | Episode 3585 - Reward: -200.000, Length: 200, Loss: 5.6737, Entropy: 1.0971, Epsilon: 0.010
2026-04-19 12:20:20 | INFO | Episode 3586 - Reward: -200.000, Length: 200, Loss: 5.8153, Entropy: 1.0937, Epsilon: 0.010
2026-04-19 12:20:20 | INFO | Episode 3587 - Reward: -200.000, Length: 200, Loss: 18.9087, Entropy: 1.0811, Epsilon: 0.010
2026-04-19 12:20:20 | INFO | Episode 3588 - Reward: -200.000, Length: 200, Loss: 5.7163, Entropy: 1.0956, Epsilon: 0.010
2026-04-19 12:20:21 | INFO | Episode 3589 - Reward: -200.000, Length: 200, Loss: 9.4107, Entropy: 1.0886, Epsilon: 0.010
2026-04-19 12:20:21 | INFO | Episode 3590 - Reward: -200.000, Length: 200, Loss: 22.6855, Entropy: 1.0759, Epsilon: 0.010
2026-04-19 12:20:21 | INFO | Episode 3591 - Reward: -200.000, Length: 200, Loss: 20.9414, Entropy: 1.0801, Epsilon: 0.010
2026-04-19 12:20:22 | INFO | Episode 3592 - Reward: -200.000, Length: 200, Loss: 15.0558, Entropy: 1.0923, Epsilon: 0.010
2026-04-19 12:20:22 | INFO | Episode 3593 - Reward: -200.000, Length: 200, Loss: 13.1723, Entropy: 1.0874, Epsilon: 0.010
2026-04-19 12:20:22 | INFO | Episode 3594 - Reward: -200.000, Length: 200, Loss: 18.8590, Entropy: 1.0682, Epsilon: 0.010
2026-04-19 12:20:23 | INFO | Episode 3595 - Reward: -200.000, Length: 200, Loss: 19.2405, Entropy: 1.0770, Epsilon: 0.010
2026-04-19 12:20:23 | INFO | Episode 3596 - Reward: -200.000, Length: 200, Loss: 21.6742, Entropy: 1.0858, Epsilon: 0.010
2026-04-19 12:20:23 | INFO | Episode 3597 - Reward: -200.000, Length: 200, Loss: 19.4665, Entropy: 1.0855, Epsilon: 0.010
2026-04-19 12:20:24 | INFO | Episode 3598 - Reward: -200.000, Length: 200, Loss: 19.1169, Entropy: 1.0608, Epsilon: 0.010
2026-04-19 12:20:24 | INFO | Episode 3599 - Reward: -200.000, Length: 200, Loss: 21.6423, Entropy: 1.0719, Epsilon: 0.010
2026-04-19 12:20:24 | INFO | Episode 3600 - Reward: -200.000, Length: 200, Loss: 21.7275, Entropy: 1.0870, Epsilon: 0.010
2026-04-19 12:20:29 | INFO | [Episode 3600] eps=0.010  avg_reward=-200.000  avg_length=200.00  avg_loss= 15.8283  avg_entropy=1.0870  eval_success=0.000
2026-04-19 12:20:30 | INFO | Episode 3601 - Reward: -200.000, Length: 200, Loss: 2.8336, Entropy: 1.0894, Epsilon: 0.010
2026-04-19 12:20:30 | INFO | Episode 3602 - Reward: -200.000, Length: 200, Loss: 20.0632, Entropy: 1.0817, Epsilon: 0.010
2026-04-19 12:20:30 | INFO | Episode 3603 - Reward: -200.000, Length: 200, Loss: 12.6717, Entropy: 1.0888, Epsilon: 0.010
2026-04-19 12:20:31 | INFO | Episode 3604 - Reward: -200.000, Length: 200, Loss: 9.3102, Entropy: 1.0892, Epsilon: 0.010
2026-04-19 12:20:31 | INFO | Episode 3605 - Reward: -200.000, Length: 200, Loss: 12.5530, Entropy: 1.0779, Epsilon: 0.010
2026-04-19 12:20:31 | INFO | Episode 3606 - Reward: -200.000, Length: 200, Loss: 15.2424, Entropy: 1.0785, Epsilon: 0.010
2026-04-19 12:20:32 | INFO | Episode 3607 - Reward: -200.000, Length: 200, Loss: 9.3629, Entropy: 1.0892, Epsilon: 0.010
2026-04-19 12:20:32 | INFO | Episode 3608 - Reward: -200.000, Length: 200, Loss: 11.2099, Entropy: 1.0866, Epsilon: 0.010
2026-04-19 12:20:32 | INFO | Episode 3609 - Reward: -200.000, Length: 200, Loss: 17.9331, Entropy: 1.0843, Epsilon: 0.010
2026-04-19 12:20:33 | INFO | Episode 3610 - Reward: -200.000, Length: 200, Loss: 27.5835, Entropy: 1.0896, Epsilon: 0.010
2026-04-19 12:20:33 | INFO | Episode 3611 - Reward: -200.000, Length: 200, Loss: 17.5453, Entropy: 1.0927, Epsilon: 0.010
2026-04-19 12:20:33 | INFO | Episode 3612 - Reward: -200.000, Length: 200, Loss: 12.4419, Entropy: 1.0756, Epsilon: 0.010
2026-04-19 12:20:34 | INFO | Episode 3613 - Reward: -200.000, Length: 200, Loss: 20.2078, Entropy: 1.0784, Epsilon: 0.010
2026-04-19 12:20:34 | INFO | Episode 3614 - Reward: -200.000, Length: 200, Loss: 20.7244, Entropy: 1.0838, Epsilon: 0.010
2026-04-19 12:20:34 | INFO | Episode 3615 - Reward: -200.000, Length: 200, Loss: 14.9606, Entropy: 1.0875, Epsilon: 0.010
2026-04-19 12:20:35 | INFO | Episode 3616 - Reward: -200.000, Length: 200, Loss: 33.7330, Entropy: 1.0488, Epsilon: 0.010
2026-04-19 12:20:35 | INFO | Episode 3617 - Reward: -200.000, Length: 200, Loss: 26.8358, Entropy: 1.0809, Epsilon: 0.010
2026-04-19 12:20:35 | INFO | Episode 3618 - Reward: -200.000, Length: 200, Loss: 14.4640, Entropy: 1.0917, Epsilon: 0.010
2026-04-19 12:20:36 | INFO | Episode 3619 - Reward: -200.000, Length: 200, Loss: 5.5929, Entropy: 1.0958, Epsilon: 0.010
2026-04-19 12:20:36 | INFO | Episode 3620 - Reward: -200.000, Length: 200, Loss: 12.3125, Entropy: 1.0909, Epsilon: 0.010
2026-04-19 12:20:36 | INFO | Episode 3621 - Reward: -200.000, Length: 200, Loss: 18.9529, Entropy: 1.0716, Epsilon: 0.010
2026-04-19 12:20:37 | INFO | Episode 3622 - Reward: -200.000, Length: 200, Loss: 21.8893, Entropy: 1.0339, Epsilon: 0.010
2026-04-19 12:20:37 | INFO | Episode 3623 - Reward: -200.000, Length: 200, Loss: 17.9700, Entropy: 1.0707, Epsilon: 0.010
2026-04-19 12:20:37 | INFO | Episode 3624 - Reward: -200.000, Length: 200, Loss: 20.7810, Entropy: 1.0917, Epsilon: 0.010
2026-04-19 12:20:38 | INFO | Episode 3625 - Reward: -200.000, Length: 200, Loss: 21.1974, Entropy: 1.0841, Epsilon: 0.010
2026-04-19 12:20:38 | INFO | Episode 3626 - Reward: -200.000, Length: 200, Loss: 17.7923, Entropy: 1.0792, Epsilon: 0.010
2026-04-19 12:20:38 | INFO | Episode 3627 - Reward: -200.000, Length: 200, Loss: 18.8568, Entropy: 1.0796, Epsilon: 0.010
2026-04-19 12:20:39 | INFO | Episode 3628 - Reward: -200.000, Length: 200, Loss: 14.1836, Entropy: 1.0930, Epsilon: 0.010
2026-04-19 12:20:39 | INFO | Episode 3629 - Reward: -200.000, Length: 200, Loss: 21.1622, Entropy: 1.0669, Epsilon: 0.010
2026-04-19 12:20:39 | INFO | Episode 3630 - Reward: -200.000, Length: 200, Loss: 11.9271, Entropy: 1.0813, Epsilon: 0.010
2026-04-19 12:20:40 | INFO | Episode 3631 - Reward: -200.000, Length: 200, Loss: 11.8621, Entropy: 1.0843, Epsilon: 0.010
2026-04-19 12:20:40 | INFO | Episode 3632 - Reward: -200.000, Length: 200, Loss: 27.7303, Entropy: 1.0797, Epsilon: 0.010
2026-04-19 12:20:40 | INFO | Episode 3633 - Reward: -200.000, Length: 200, Loss: 11.4918, Entropy: 1.0795, Epsilon: 0.010
2026-04-19 12:20:41 | INFO | Episode 3634 - Reward: -200.000, Length: 200, Loss: 17.6116, Entropy: 1.0859, Epsilon: 0.010
2026-04-19 12:20:41 | INFO | Episode 3635 - Reward: -200.000, Length: 200, Loss: 26.7543, Entropy: 1.0483, Epsilon: 0.010
2026-04-19 12:20:41 | INFO | Episode 3636 - Reward: -200.000, Length: 200, Loss: 21.0747, Entropy: 1.0826, Epsilon: 0.010
2026-04-19 12:20:42 | INFO | Episode 3637 - Reward: -200.000, Length: 200, Loss: 20.5754, Entropy: 1.0890, Epsilon: 0.010
2026-04-19 12:20:42 | INFO | Episode 3638 - Reward: -200.000, Length: 200, Loss: 6.1800, Entropy: 1.0889, Epsilon: 0.010
2026-04-19 12:20:43 | INFO | Episode 3639 - Reward: -200.000, Length: 200, Loss: 8.5744, Entropy: 1.0925, Epsilon: 0.010
2026-04-19 12:20:43 | INFO | Episode 3640 - Reward: -200.000, Length: 200, Loss: 12.7591, Entropy: 1.0901, Epsilon: 0.010
2026-04-19 12:20:43 | INFO | Episode 3641 - Reward: -200.000, Length: 200, Loss: 8.7510, Entropy: 1.0861, Epsilon: 0.010
2026-04-19 12:20:44 | INFO | Episode 3642 - Reward: -200.000, Length: 200, Loss: 12.2706, Entropy: 1.0915, Epsilon: 0.010
2026-04-19 12:20:44 | INFO | Episode 3643 - Reward: -200.000, Length: 200, Loss: 14.9083, Entropy: 1.0923, Epsilon: 0.010
2026-04-19 12:20:44 | INFO | Episode 3644 - Reward: -200.000, Length: 200, Loss: 18.2008, Entropy: 1.0603, Epsilon: 0.010
2026-04-19 12:20:45 | INFO | Episode 3645 - Reward: -200.000, Length: 200, Loss: 21.1945, Entropy: 1.0817, Epsilon: 0.010
2026-04-19 12:20:45 | INFO | Episode 3646 - Reward: -200.000, Length: 200, Loss: 12.2223, Entropy: 1.0876, Epsilon: 0.010
2026-04-19 12:20:46 | INFO | Episode 3647 - Reward: -200.000, Length: 200, Loss: 18.6266, Entropy: 1.0801, Epsilon: 0.010
2026-04-19 12:20:46 | INFO | Episode 3648 - Reward: -200.000, Length: 200, Loss: 15.6529, Entropy: 1.0827, Epsilon: 0.010
2026-04-19 12:20:46 | INFO | Episode 3649 - Reward: -200.000, Length: 200, Loss: 12.3240, Entropy: 1.0912, Epsilon: 0.010
2026-04-19 12:20:47 | INFO | Episode 3650 - Reward: -200.000, Length: 200, Loss: 8.4162, Entropy: 1.0905, Epsilon: 0.010
2026-04-19 12:20:47 | INFO | Episode 3651 - Reward: -200.000, Length: 200, Loss: 21.7434, Entropy: 1.0883, Epsilon: 0.010
2026-04-19 12:20:47 | INFO | Episode 3652 - Reward: -200.000, Length: 200, Loss: 9.4805, Entropy: 1.0903, Epsilon: 0.010
2026-04-19 12:20:48 | INFO | Episode 3653 - Reward: -200.000, Length: 200, Loss: 31.3876, Entropy: 1.0634, Epsilon: 0.010
2026-04-19 12:20:48 | INFO | Episode 3654 - Reward: -200.000, Length: 200, Loss: 9.5232, Entropy: 1.0786, Epsilon: 0.010
2026-04-19 12:20:48 | INFO | Episode 3655 - Reward: -200.000, Length: 200, Loss: 6.0857, Entropy: 1.0944, Epsilon: 0.010
2026-04-19 12:20:49 | INFO | Episode 3656 - Reward: -200.000, Length: 200, Loss: 12.0990, Entropy: 1.0942, Epsilon: 0.010
2026-04-19 12:20:49 | INFO | Episode 3657 - Reward: -200.000, Length: 200, Loss: 15.3287, Entropy: 1.0798, Epsilon: 0.010
2026-04-19 12:20:49 | INFO | Episode 3658 - Reward: -200.000, Length: 200, Loss: 16.0238, Entropy: 1.0845, Epsilon: 0.010
2026-04-19 12:20:50 | INFO | Episode 3659 - Reward: -200.000, Length: 200, Loss: 6.3957, Entropy: 1.0951, Epsilon: 0.010
2026-04-19 12:20:50 | INFO | Episode 3660 - Reward: -200.000, Length: 200, Loss: 17.6136, Entropy: 1.0793, Epsilon: 0.010
2026-04-19 12:20:50 | INFO | Episode 3661 - Reward: -200.000, Length: 200, Loss: 12.5166, Entropy: 1.0913, Epsilon: 0.010
2026-04-19 12:20:51 | INFO | Episode 3662 - Reward: -200.000, Length: 200, Loss: 14.6895, Entropy: 1.0791, Epsilon: 0.010
2026-04-19 12:20:51 | INFO | Episode 3663 - Reward: -200.000, Length: 200, Loss: 12.9502, Entropy: 1.0882, Epsilon: 0.010
2026-04-19 12:20:51 | INFO | Episode 3664 - Reward: -200.000, Length: 200, Loss: 18.8030, Entropy: 1.0810, Epsilon: 0.010
2026-04-19 12:20:52 | INFO | Episode 3665 - Reward: -200.000, Length: 200, Loss: 2.9612, Entropy: 1.0925, Epsilon: 0.010
2026-04-19 12:20:52 | INFO | Episode 3666 - Reward: -200.000, Length: 200, Loss: 11.5588, Entropy: 1.0870, Epsilon: 0.010
2026-04-19 12:20:52 | INFO | Episode 3667 - Reward: -200.000, Length: 200, Loss: 6.0151, Entropy: 1.0923, Epsilon: 0.010
2026-04-19 12:20:53 | INFO | Episode 3668 - Reward: -200.000, Length: 200, Loss: 29.7428, Entropy: 1.0280, Epsilon: 0.010
2026-04-19 12:20:53 | INFO | Episode 3669 - Reward: -200.000, Length: 200, Loss: 9.1616, Entropy: 1.0916, Epsilon: 0.010
2026-04-19 12:20:53 | INFO | Episode 3670 - Reward: -200.000, Length: 200, Loss: 24.1164, Entropy: 1.0485, Epsilon: 0.010
2026-04-19 12:20:54 | INFO | Episode 3671 - Reward: -200.000, Length: 200, Loss: 14.6908, Entropy: 1.0554, Epsilon: 0.010
2026-04-19 12:20:54 | INFO | Episode 3672 - Reward: -200.000, Length: 200, Loss: 15.4187, Entropy: 1.0889, Epsilon: 0.010
2026-04-19 12:20:55 | INFO | Episode 3673 - Reward: -200.000, Length: 200, Loss: 24.2084, Entropy: 1.0790, Epsilon: 0.010
2026-04-19 12:20:55 | INFO | Episode 3674 - Reward: -200.000, Length: 200, Loss: 6.3589, Entropy: 1.0945, Epsilon: 0.010
2026-04-19 12:20:55 | INFO | Episode 3675 - Reward: -200.000, Length: 200, Loss: 15.5483, Entropy: 1.0865, Epsilon: 0.010
2026-04-19 12:20:56 | INFO | Episode 3676 - Reward: -200.000, Length: 200, Loss: 15.1126, Entropy: 1.0815, Epsilon: 0.010
2026-04-19 12:20:56 | INFO | Episode 3677 - Reward: -200.000, Length: 200, Loss: 5.7404, Entropy: 1.0914, Epsilon: 0.010
2026-04-19 12:20:56 | INFO | Episode 3678 - Reward: -200.000, Length: 200, Loss: 15.3812, Entropy: 1.0819, Epsilon: 0.010
2026-04-19 12:20:57 | INFO | Episode 3679 - Reward: -200.000, Length: 200, Loss: 6.2102, Entropy: 1.0803, Epsilon: 0.010
2026-04-19 12:20:57 | INFO | Episode 3680 - Reward: -200.000, Length: 200, Loss: 29.2058, Entropy: 1.0779, Epsilon: 0.010
2026-04-19 12:20:57 | INFO | Episode 3681 - Reward: -200.000, Length: 200, Loss: 21.2872, Entropy: 1.0838, Epsilon: 0.010
2026-04-19 12:20:58 | INFO | Episode 3682 - Reward: -200.000, Length: 200, Loss: 8.6570, Entropy: 1.0916, Epsilon: 0.010
2026-04-19 12:20:58 | INFO | Episode 3683 - Reward: -200.000, Length: 200, Loss: 9.2840, Entropy: 1.0933, Epsilon: 0.010
2026-04-19 12:20:58 | INFO | Episode 3684 - Reward: -200.000, Length: 200, Loss: 9.6834, Entropy: 1.0874, Epsilon: 0.010
2026-04-19 12:20:59 | INFO | Episode 3685 - Reward: -200.000, Length: 200, Loss: 6.2333, Entropy: 1.0891, Epsilon: 0.010
2026-04-19 12:20:59 | INFO | Episode 3686 - Reward: -200.000, Length: 200, Loss: 9.3133, Entropy: 1.0817, Epsilon: 0.010
2026-04-19 12:20:59 | INFO | Episode 3687 - Reward: -200.000, Length: 200, Loss: 18.2483, Entropy: 1.0781, Epsilon: 0.010
2026-04-19 12:21:00 | INFO | Episode 3688 - Reward: -200.000, Length: 200, Loss: 24.8005, Entropy: 1.0616, Epsilon: 0.010
2026-04-19 12:21:00 | INFO | Episode 3689 - Reward: -200.000, Length: 200, Loss: 11.6756, Entropy: 1.0931, Epsilon: 0.010
2026-04-19 12:21:00 | INFO | Episode 3690 - Reward: -200.000, Length: 200, Loss: 24.5577, Entropy: 1.0858, Epsilon: 0.010
2026-04-19 12:21:01 | INFO | Episode 3691 - Reward: -200.000, Length: 200, Loss: 14.3853, Entropy: 1.0920, Epsilon: 0.010
2026-04-19 12:21:01 | INFO | Episode 3692 - Reward: -200.000, Length: 200, Loss: 17.5507, Entropy: 1.0916, Epsilon: 0.010
2026-04-19 12:21:01 | INFO | Episode 3693 - Reward: -200.000, Length: 200, Loss: 21.2243, Entropy: 1.0680, Epsilon: 0.010
2026-04-19 12:21:02 | INFO | Episode 3694 - Reward: -200.000, Length: 200, Loss: 15.3396, Entropy: 1.0805, Epsilon: 0.010
2026-04-19 12:21:02 | INFO | Episode 3695 - Reward: -200.000, Length: 200, Loss: 12.0526, Entropy: 1.0828, Epsilon: 0.010
2026-04-19 12:21:02 | INFO | Episode 3696 - Reward: -200.000, Length: 200, Loss: 12.0243, Entropy: 1.0871, Epsilon: 0.010
2026-04-19 12:21:03 | INFO | Episode 3697 - Reward: -200.000, Length: 200, Loss: 9.1707, Entropy: 1.0941, Epsilon: 0.010
2026-04-19 12:21:03 | INFO | Episode 3698 - Reward: -200.000, Length: 200, Loss: 17.7047, Entropy: 1.0925, Epsilon: 0.010
2026-04-19 12:21:03 | INFO | Episode 3699 - Reward: -200.000, Length: 200, Loss: 11.0175, Entropy: 1.0717, Epsilon: 0.010
2026-04-19 12:21:04 | INFO | Episode 3700 - Reward: -200.000, Length: 200, Loss: 23.7188, Entropy: 1.0850, Epsilon: 0.010
2026-04-19 12:21:09 | INFO | [Episode 3700] eps=0.010  avg_reward=-200.000  avg_length=200.00  avg_loss= 15.4348  avg_entropy=1.0850  eval_success=0.000
2026-04-19 12:21:09 | INFO | Episode 3701 - Reward: -200.000, Length: 200, Loss: 3.0281, Entropy: 1.0948, Epsilon: 0.010
2026-04-19 12:21:09 | INFO | Episode 3702 - Reward: -200.000, Length: 200, Loss: 18.7315, Entropy: 1.0625, Epsilon: 0.010
2026-04-19 12:21:10 | INFO | Episode 3703 - Reward: -200.000, Length: 200, Loss: 8.7984, Entropy: 1.0940, Epsilon: 0.010
2026-04-19 12:21:11 | INFO | Episode 3704 - Reward: -200.000, Length: 200, Loss: 33.0683, Entropy: 1.0522, Epsilon: 0.010
2026-04-19 12:21:12 | INFO | Episode 3705 - Reward: -200.000, Length: 200, Loss: 26.8504, Entropy: 1.0790, Epsilon: 0.010
2026-04-19 12:21:12 | INFO | Episode 3706 - Reward: -200.000, Length: 200, Loss: 30.1096, Entropy: 1.0812, Epsilon: 0.010
2026-04-19 12:21:13 | INFO | Episode 3707 - Reward: -200.000, Length: 200, Loss: 23.1714, Entropy: 1.0691, Epsilon: 0.010
2026-04-19 12:21:13 | INFO | Episode 3708 - Reward: -200.000, Length: 200, Loss: 5.5996, Entropy: 1.0943, Epsilon: 0.010
2026-04-19 12:21:13 | INFO | Episode 3709 - Reward: -200.000, Length: 200, Loss: 5.7797, Entropy: 1.0946, Epsilon: 0.010
2026-04-19 12:21:14 | INFO | Episode 3710 - Reward: -200.000, Length: 200, Loss: 6.1740, Entropy: 1.0925, Epsilon: 0.010
2026-04-19 12:21:14 | INFO | Episode 3711 - Reward: -200.000, Length: 200, Loss: 14.9454, Entropy: 1.0819, Epsilon: 0.010
2026-04-19 12:21:14 | INFO | Episode 3712 - Reward: -200.000, Length: 200, Loss: 9.0262, Entropy: 1.0877, Epsilon: 0.010
2026-04-19 12:21:15 | INFO | Episode 3713 - Reward: -200.000, Length: 200, Loss: 11.8443, Entropy: 1.0914, Epsilon: 0.010
2026-04-19 12:21:15 | INFO | Episode 3714 - Reward: -200.000, Length: 200, Loss: 12.0042, Entropy: 1.0889, Epsilon: 0.010
2026-04-19 12:21:15 | INFO | Episode 3715 - Reward: -200.000, Length: 200, Loss: 2.8621, Entropy: 1.0927, Epsilon: 0.010
2026-04-19 12:21:16 | INFO | Episode 3716 - Reward: -200.000, Length: 200, Loss: 18.3610, Entropy: 1.0807, Epsilon: 0.010
2026-04-19 12:21:16 | INFO | Episode 3717 - Reward: -200.000, Length: 200, Loss: 24.8093, Entropy: 1.0826, Epsilon: 0.010
2026-04-19 12:21:16 | INFO | Episode 3718 - Reward: -200.000, Length: 200, Loss: 21.3784, Entropy: 1.0871, Epsilon: 0.010
2026-04-19 12:21:17 | INFO | Episode 3719 - Reward: -200.000, Length: 200, Loss: 8.1004, Entropy: 1.0897, Epsilon: 0.010
2026-04-19 12:21:17 | INFO | Episode 3720 - Reward: -200.000, Length: 200, Loss: 20.9587, Entropy: 1.0865, Epsilon: 0.010
2026-04-19 12:21:18 | INFO | Episode 3721 - Reward: -200.000, Length: 200, Loss: 8.8653, Entropy: 1.0873, Epsilon: 0.010
2026-04-19 12:21:18 | INFO | Episode 3722 - Reward: -200.000, Length: 200, Loss: 17.8229, Entropy: 1.0880, Epsilon: 0.010
2026-04-19 12:21:18 | INFO | Episode 3723 - Reward: -200.000, Length: 200, Loss: 14.6275, Entropy: 1.0924, Epsilon: 0.010
2026-04-19 12:21:19 | INFO | Episode 3724 - Reward: -200.000, Length: 200, Loss: 18.3548, Entropy: 1.0879, Epsilon: 0.010
2026-04-19 12:21:19 | INFO | Episode 3725 - Reward: -200.000, Length: 200, Loss: 11.8079, Entropy: 1.0930, Epsilon: 0.010
2026-04-19 12:21:19 | INFO | Episode 3726 - Reward: -200.000, Length: 200, Loss: 12.3068, Entropy: 1.0906, Epsilon: 0.010
2026-04-19 12:21:20 | INFO | Episode 3727 - Reward: -200.000, Length: 200, Loss: 23.4234, Entropy: 1.0880, Epsilon: 0.010
2026-04-19 12:21:20 | INFO | Episode 3728 - Reward: -200.000, Length: 200, Loss: 18.7184, Entropy: 1.0678, Epsilon: 0.010
2026-04-19 12:21:20 | INFO | Episode 3729 - Reward: -200.000, Length: 200, Loss: 14.8944, Entropy: 1.0925, Epsilon: 0.010
2026-04-19 12:21:21 | INFO | Episode 3730 - Reward: -200.000, Length: 200, Loss: 18.2321, Entropy: 1.0771, Epsilon: 0.010
2026-04-19 12:21:21 | INFO | Episode 3731 - Reward: -200.000, Length: 200, Loss: 9.3694, Entropy: 1.0819, Epsilon: 0.010
2026-04-19 12:21:22 | INFO | Episode 3732 - Reward: -200.000, Length: 200, Loss: -0.2137, Entropy: 1.0973, Epsilon: 0.010
2026-04-19 12:21:22 | INFO | Episode 3733 - Reward: -200.000, Length: 200, Loss: 12.5215, Entropy: 1.0870, Epsilon: 0.010
2026-04-19 12:21:22 | INFO | Episode 3734 - Reward: -200.000, Length: 200, Loss: 15.8879, Entropy: 1.0863, Epsilon: 0.010
2026-04-19 12:21:23 | INFO | Episode 3735 - Reward: -200.000, Length: 200, Loss: 18.2066, Entropy: 1.0878, Epsilon: 0.010
2026-04-19 12:21:23 | INFO | Episode 3736 - Reward: -200.000, Length: 200, Loss: 11.4671, Entropy: 1.0787, Epsilon: 0.010
2026-04-19 12:21:23 | INFO | Episode 3737 - Reward: -200.000, Length: 200, Loss: 20.7772, Entropy: 1.0776, Epsilon: 0.010
2026-04-19 12:21:24 | INFO | Episode 3738 - Reward: -200.000, Length: 200, Loss: 3.1080, Entropy: 1.0882, Epsilon: 0.010
2026-04-19 12:21:24 | INFO | Episode 3739 - Reward: -200.000, Length: 200, Loss: 15.6205, Entropy: 1.0884, Epsilon: 0.010
2026-04-19 12:21:24 | INFO | Episode 3740 - Reward: -200.000, Length: 200, Loss: 22.1806, Entropy: 1.0768, Epsilon: 0.010
2026-04-19 12:21:25 | INFO | Episode 3741 - Reward: -200.000, Length: 200, Loss: 22.1187, Entropy: 1.0745, Epsilon: 0.010
2026-04-19 12:21:25 | INFO | Episode 3742 - Reward: -200.000, Length: 200, Loss: 18.9751, Entropy: 1.0835, Epsilon: 0.010
2026-04-19 12:21:25 | INFO | Episode 3743 - Reward: -200.000, Length: 200, Loss: 23.3516, Entropy: 1.0769, Epsilon: 0.010
2026-04-19 12:21:26 | INFO | Episode 3744 - Reward: -200.000, Length: 200, Loss: 9.1526, Entropy: 1.0841, Epsilon: 0.010
2026-04-19 12:21:26 | INFO | Episode 3745 - Reward: -200.000, Length: 200, Loss: 11.9686, Entropy: 1.0958, Epsilon: 0.010
2026-04-19 12:21:26 | INFO | Episode 3746 - Reward: -200.000, Length: 200, Loss: 2.8979, Entropy: 1.0945, Epsilon: 0.010
2026-04-19 12:21:27 | INFO | Episode 3747 - Reward: -200.000, Length: 200, Loss: 6.4352, Entropy: 1.0936, Epsilon: 0.010
2026-04-19 12:21:27 | INFO | Episode 3748 - Reward: -200.000, Length: 200, Loss: 33.8376, Entropy: 1.0798, Epsilon: 0.010
2026-04-19 12:21:27 | INFO | Episode 3749 - Reward: -200.000, Length: 200, Loss: 18.8231, Entropy: 1.0915, Epsilon: 0.010
2026-04-19 12:21:28 | INFO | Episode 3750 - Reward: -200.000, Length: 200, Loss: 15.3603, Entropy: 1.0899, Epsilon: 0.010
2026-04-19 12:21:28 | INFO | Episode 3751 - Reward: -200.000, Length: 200, Loss: 8.9078, Entropy: 1.0944, Epsilon: 0.010
2026-04-19 12:21:28 | INFO | Episode 3752 - Reward: -200.000, Length: 200, Loss: 5.6473, Entropy: 1.0889, Epsilon: 0.010
2026-04-19 12:21:29 | INFO | Episode 3753 - Reward: -200.000, Length: 200, Loss: 17.6617, Entropy: 1.0772, Epsilon: 0.010
2026-04-19 12:21:29 | INFO | Episode 3754 - Reward: -200.000, Length: 200, Loss: 11.2654, Entropy: 1.0812, Epsilon: 0.010
2026-04-19 12:21:29 | INFO | Episode 3755 - Reward: -200.000, Length: 200, Loss: 23.7469, Entropy: 1.0868, Epsilon: 0.010
2026-04-19 12:21:30 | INFO | Episode 3756 - Reward: -200.000, Length: 200, Loss: 2.5063, Entropy: 1.0872, Epsilon: 0.010
2026-04-19 12:21:30 | INFO | Episode 3757 - Reward: -200.000, Length: 200, Loss: -0.2108, Entropy: 1.0963, Epsilon: 0.010
2026-04-19 12:21:30 | INFO | Episode 3758 - Reward: -200.000, Length: 200, Loss: 11.5593, Entropy: 1.0927, Epsilon: 0.010
2026-04-19 12:21:31 | INFO | Episode 3759 - Reward: -200.000, Length: 200, Loss: 12.1725, Entropy: 1.0894, Epsilon: 0.010
2026-04-19 12:21:31 | INFO | Episode 3760 - Reward: -200.000, Length: 200, Loss: 18.1055, Entropy: 1.0860, Epsilon: 0.010
2026-04-19 12:21:31 | INFO | Episode 3761 - Reward: -200.000, Length: 200, Loss: 21.0133, Entropy: 1.0887, Epsilon: 0.010
2026-04-19 12:21:32 | INFO | Episode 3762 - Reward: -200.000, Length: 200, Loss: 10.9750, Entropy: 1.0776, Epsilon: 0.010
2026-04-19 12:21:32 | INFO | Episode 3763 - Reward: -200.000, Length: 200, Loss: 5.5996, Entropy: 1.0901, Epsilon: 0.010
2026-04-19 12:21:32 | INFO | Episode 3764 - Reward: -200.000, Length: 200, Loss: 8.8274, Entropy: 1.0866, Epsilon: 0.010
2026-04-19 12:21:33 | INFO | Episode 3765 - Reward: -200.000, Length: 200, Loss: 24.2560, Entropy: 1.0830, Epsilon: 0.010
2026-04-19 12:21:33 | INFO | Episode 3766 - Reward: -200.000, Length: 200, Loss: 11.7869, Entropy: 1.0889, Epsilon: 0.010
2026-04-19 12:21:33 | INFO | Episode 3767 - Reward: -200.000, Length: 200, Loss: 8.8488, Entropy: 1.0834, Epsilon: 0.010
2026-04-19 12:21:34 | INFO | Episode 3768 - Reward: -200.000, Length: 200, Loss: 12.6248, Entropy: 1.0901, Epsilon: 0.010
2026-04-19 12:21:34 | INFO | Episode 3769 - Reward: -200.000, Length: 200, Loss: 19.0559, Entropy: 1.0639, Epsilon: 0.010
2026-04-19 12:21:34 | INFO | Episode 3770 - Reward: -200.000, Length: 200, Loss: 8.9859, Entropy: 1.0947, Epsilon: 0.010
2026-04-19 12:21:35 | INFO | Episode 3771 - Reward: -200.000, Length: 200, Loss: 19.1180, Entropy: 1.0884, Epsilon: 0.010
2026-04-19 12:21:35 | INFO | Episode 3772 - Reward: -200.000, Length: 200, Loss: 18.0560, Entropy: 1.0843, Epsilon: 0.010
2026-04-19 12:21:35 | INFO | Episode 3773 - Reward: -200.000, Length: 200, Loss: 16.1682, Entropy: 1.0801, Epsilon: 0.010
2026-04-19 12:21:36 | INFO | Episode 3774 - Reward: -200.000, Length: 200, Loss: 15.4284, Entropy: 1.0870, Epsilon: 0.010
2026-04-19 12:21:36 | INFO | Episode 3775 - Reward: -200.000, Length: 200, Loss: 12.4179, Entropy: 1.0808, Epsilon: 0.010
2026-04-19 12:21:36 | INFO | Episode 3776 - Reward: -200.000, Length: 200, Loss: 17.6746, Entropy: 1.0815, Epsilon: 0.010
2026-04-19 12:21:37 | INFO | Episode 3777 - Reward: -200.000, Length: 200, Loss: 33.1741, Entropy: 1.0544, Epsilon: 0.010
2026-04-19 12:21:37 | INFO | Episode 3778 - Reward: -200.000, Length: 200, Loss: 2.8093, Entropy: 1.0901, Epsilon: 0.010
2026-04-19 12:21:37 | INFO | Episode 3779 - Reward: -200.000, Length: 200, Loss: 27.9806, Entropy: 1.0871, Epsilon: 0.010
2026-04-19 12:21:38 | INFO | Episode 3780 - Reward: -200.000, Length: 200, Loss: 22.5161, Entropy: 1.0764, Epsilon: 0.010
2026-04-19 12:21:38 | INFO | Episode 3781 - Reward: -200.000, Length: 200, Loss: 18.9052, Entropy: 1.0768, Epsilon: 0.010
2026-04-19 12:21:38 | INFO | Episode 3782 - Reward: -200.000, Length: 200, Loss: 8.9804, Entropy: 1.0887, Epsilon: 0.010
2026-04-19 12:21:39 | INFO | Episode 3783 - Reward: -200.000, Length: 200, Loss: 8.7997, Entropy: 1.0936, Epsilon: 0.010
2026-04-19 12:21:39 | INFO | Episode 3784 - Reward: -200.000, Length: 200, Loss: 8.8899, Entropy: 1.0854, Epsilon: 0.010
2026-04-19 12:21:39 | INFO | Episode 3785 - Reward: -200.000, Length: 200, Loss: 23.2727, Entropy: 1.0724, Epsilon: 0.010
2026-04-19 12:21:40 | INFO | Episode 3786 - Reward: -200.000, Length: 200, Loss: 15.4549, Entropy: 1.0898, Epsilon: 0.010
2026-04-19 12:21:40 | INFO | Episode 3787 - Reward: -200.000, Length: 200, Loss: 11.7093, Entropy: 1.0770, Epsilon: 0.010
2026-04-19 12:21:40 | INFO | Episode 3788 - Reward: -200.000, Length: 200, Loss: 18.5377, Entropy: 1.0795, Epsilon: 0.010
2026-04-19 12:21:41 | INFO | Episode 3789 - Reward: -200.000, Length: 200, Loss: 6.5173, Entropy: 1.0935, Epsilon: 0.010
2026-04-19 12:21:41 | INFO | Episode 3790 - Reward: -200.000, Length: 200, Loss: 12.1784, Entropy: 1.0902, Epsilon: 0.010
2026-04-19 12:21:41 | INFO | Episode 3791 - Reward: -200.000, Length: 200, Loss: 15.4086, Entropy: 1.0928, Epsilon: 0.010
2026-04-19 12:21:42 | INFO | Episode 3792 - Reward: -200.000, Length: 200, Loss: 24.3391, Entropy: 1.0794, Epsilon: 0.010
2026-04-19 12:21:42 | INFO | Episode 3793 - Reward: -200.000, Length: 200, Loss: 24.6187, Entropy: 1.0918, Epsilon: 0.010
2026-04-19 12:21:42 | INFO | Episode 3794 - Reward: -200.000, Length: 200, Loss: 12.0087, Entropy: 1.0832, Epsilon: 0.010
2026-04-19 12:21:43 | INFO | Episode 3795 - Reward: -200.000, Length: 200, Loss: 15.3939, Entropy: 1.0937, Epsilon: 0.010
2026-04-19 12:21:43 | INFO | Episode 3796 - Reward: -200.000, Length: 200, Loss: 15.2866, Entropy: 1.0718, Epsilon: 0.010
2026-04-19 12:21:43 | INFO | Episode 3797 - Reward: -200.000, Length: 200, Loss: 21.4780, Entropy: 1.0811, Epsilon: 0.010
2026-04-19 12:21:44 | INFO | Episode 3798 - Reward: -200.000, Length: 200, Loss: 18.8904, Entropy: 1.0216, Epsilon: 0.010
2026-04-19 12:21:44 | INFO | Episode 3799 - Reward: -200.000, Length: 200, Loss: 30.6127, Entropy: 1.0693, Epsilon: 0.010
2026-04-19 12:21:44 | INFO | Episode 3800 - Reward: -200.000, Length: 200, Loss: 21.4728, Entropy: 1.0849, Epsilon: 0.010
2026-04-19 12:21:49 | INFO | [Episode 3800] eps=0.010  avg_reward=-200.000  avg_length=200.00  avg_loss= 15.1793  avg_entropy=1.0849  eval_success=0.000
2026-04-19 12:21:49 | INFO | Episode 3801 - Reward: -200.000, Length: 200, Loss: 2.7413, Entropy: 1.0956, Epsilon: 0.010
2026-04-19 12:21:50 | INFO | Episode 3802 - Reward: -200.000, Length: 200, Loss: 15.6340, Entropy: 1.0898, Epsilon: 0.010
2026-04-19 12:21:51 | INFO | Episode 3803 - Reward: -200.000, Length: 200, Loss: 15.6488, Entropy: 1.0920, Epsilon: 0.010
2026-04-19 12:21:51 | INFO | Episode 3804 - Reward: -200.000, Length: 200, Loss: 12.4137, Entropy: 1.0920, Epsilon: 0.010
2026-04-19 12:21:51 | INFO | Episode 3805 - Reward: -200.000, Length: 200, Loss: 14.8451, Entropy: 1.0852, Epsilon: 0.010
2026-04-19 12:21:52 | INFO | Episode 3806 - Reward: -200.000, Length: 200, Loss: 22.8724, Entropy: 1.0767, Epsilon: 0.010
2026-04-19 12:21:52 | INFO | Episode 3807 - Reward: -200.000, Length: 200, Loss: 32.0350, Entropy: 1.0520, Epsilon: 0.010
2026-04-19 12:21:52 | INFO | Episode 3808 - Reward: -200.000, Length: 200, Loss: 21.9248, Entropy: 1.0798, Epsilon: 0.010
2026-04-19 12:21:53 | INFO | Episode 3809 - Reward: -200.000, Length: 200, Loss: 9.6770, Entropy: 1.0771, Epsilon: 0.010
2026-04-19 12:21:53 | INFO | Episode 3810 - Reward: -200.000, Length: 200, Loss: 15.8941, Entropy: 1.0776, Epsilon: 0.010
2026-04-19 12:21:53 | INFO | Episode 3811 - Reward: -200.000, Length: 200, Loss: 12.7669, Entropy: 1.0859, Epsilon: 0.010
2026-04-19 12:21:54 | INFO | Episode 3812 - Reward: -200.000, Length: 200, Loss: 18.6259, Entropy: 1.0836, Epsilon: 0.010
2026-04-19 12:21:54 | INFO | Episode 3813 - Reward: -200.000, Length: 200, Loss: 12.8077, Entropy: 1.0674, Epsilon: 0.010
2026-04-19 12:21:54 | INFO | Episode 3814 - Reward: -200.000, Length: 200, Loss: 5.9278, Entropy: 1.0922, Epsilon: 0.010
2026-04-19 12:21:55 | INFO | Episode 3815 - Reward: -200.000, Length: 200, Loss: 36.9273, Entropy: 1.0454, Epsilon: 0.010
2026-04-19 12:21:55 | INFO | Episode 3816 - Reward: -200.000, Length: 200, Loss: 9.0182, Entropy: 1.0708, Epsilon: 0.010
2026-04-19 12:21:55 | INFO | Episode 3817 - Reward: -200.000, Length: 200, Loss: 26.4409, Entropy: 1.0828, Epsilon: 0.010
2026-04-19 12:21:56 | INFO | Episode 3818 - Reward: -200.000, Length: 200, Loss: 32.6629, Entropy: 1.0417, Epsilon: 0.010
2026-04-19 12:21:56 | INFO | Episode 3819 - Reward: -200.000, Length: 200, Loss: 29.1270, Entropy: 1.0389, Epsilon: 0.010
2026-04-19 12:21:56 | INFO | Episode 3820 - Reward: -200.000, Length: 200, Loss: 11.0237, Entropy: 1.0928, Epsilon: 0.010
2026-04-19 12:21:57 | INFO | Episode 3821 - Reward: -200.000, Length: 200, Loss: 11.3114, Entropy: 1.0864, Epsilon: 0.010
2026-04-19 12:21:57 | INFO | Episode 3822 - Reward: -200.000, Length: 200, Loss: 11.7426, Entropy: 1.0938, Epsilon: 0.010
2026-04-19 12:21:57 | INFO | Episode 3823 - Reward: -200.000, Length: 200, Loss: 5.9482, Entropy: 1.0930, Epsilon: 0.010
2026-04-19 12:21:58 | INFO | Episode 3824 - Reward: -200.000, Length: 200, Loss: 15.2074, Entropy: 1.0806, Epsilon: 0.010
2026-04-19 12:21:58 | INFO | Episode 3825 - Reward: -200.000, Length: 200, Loss: 5.8067, Entropy: 1.0899, Epsilon: 0.010
2026-04-19 12:21:58 | INFO | Episode 3826 - Reward: -200.000, Length: 200, Loss: 21.7731, Entropy: 1.0727, Epsilon: 0.010
2026-04-19 12:21:59 | INFO | Episode 3827 - Reward: -200.000, Length: 200, Loss: 18.0156, Entropy: 1.0740, Epsilon: 0.010
2026-04-19 12:21:59 | INFO | Episode 3828 - Reward: -200.000, Length: 200, Loss: 29.6231, Entropy: 1.0823, Epsilon: 0.010
2026-04-19 12:21:59 | INFO | Episode 3829 - Reward: -200.000, Length: 200, Loss: 12.3874, Entropy: 1.0730, Epsilon: 0.010
2026-04-19 12:22:00 | INFO | Episode 3830 - Reward: -200.000, Length: 200, Loss: 11.7799, Entropy: 1.0829, Epsilon: 0.010
2026-04-19 12:22:00 | INFO | Episode 3831 - Reward: -200.000, Length: 200, Loss: 18.2217, Entropy: 1.0863, Epsilon: 0.010
2026-04-19 12:22:00 | INFO | Episode 3832 - Reward: -200.000, Length: 200, Loss: 14.2168, Entropy: 1.0844, Epsilon: 0.010
2026-04-19 12:22:01 | INFO | Episode 3833 - Reward: -200.000, Length: 200, Loss: 11.3919, Entropy: 1.0848, Epsilon: 0.010
2026-04-19 12:22:01 | INFO | Episode 3834 - Reward: -200.000, Length: 200, Loss: 18.1074, Entropy: 1.0841, Epsilon: 0.010
2026-04-19 12:22:01 | INFO | Episode 3835 - Reward: -200.000, Length: 200, Loss: 5.7300, Entropy: 1.0945, Epsilon: 0.010
2026-04-19 12:22:02 | INFO | Episode 3836 - Reward: -200.000, Length: 200, Loss: 6.1542, Entropy: 1.0944, Epsilon: 0.010
2026-04-19 12:22:02 | INFO | Episode 3837 - Reward: -200.000, Length: 200, Loss: 8.2352, Entropy: 1.0880, Epsilon: 0.010
2026-04-19 12:22:02 | INFO | Episode 3838 - Reward: -200.000, Length: 200, Loss: 24.0722, Entropy: 1.0925, Epsilon: 0.010
2026-04-19 12:22:03 | INFO | Episode 3839 - Reward: -200.000, Length: 200, Loss: 9.4065, Entropy: 1.0918, Epsilon: 0.010
2026-04-19 12:22:03 | INFO | Episode 3840 - Reward: -200.000, Length: 200, Loss: 11.3034, Entropy: 1.0877, Epsilon: 0.010
2026-04-19 12:22:03 | INFO | Episode 3841 - Reward: -200.000, Length: 200, Loss: 5.8384, Entropy: 1.0947, Epsilon: 0.010
2026-04-19 12:22:04 | INFO | Episode 3842 - Reward: -200.000, Length: 200, Loss: 12.4305, Entropy: 1.0896, Epsilon: 0.010
2026-04-19 12:22:04 | INFO | Episode 3843 - Reward: -200.000, Length: 200, Loss: 15.2584, Entropy: 1.0752, Epsilon: 0.010
2026-04-19 12:22:04 | INFO | Episode 3844 - Reward: -200.000, Length: 200, Loss: 12.3594, Entropy: 1.0924, Epsilon: 0.010
2026-04-19 12:22:05 | INFO | Episode 3845 - Reward: -200.000, Length: 200, Loss: 17.0575, Entropy: 1.0735, Epsilon: 0.010
2026-04-19 12:22:05 | INFO | Episode 3846 - Reward: -200.000, Length: 200, Loss: 17.7032, Entropy: 1.0815, Epsilon: 0.010
2026-04-19 12:22:05 | INFO | Episode 3847 - Reward: -200.000, Length: 200, Loss: 2.9077, Entropy: 1.0942, Epsilon: 0.010
2026-04-19 12:22:06 | INFO | Episode 3848 - Reward: -200.000, Length: 200, Loss: 11.8890, Entropy: 1.0887, Epsilon: 0.010
2026-04-19 12:22:06 | INFO | Episode 3849 - Reward: -200.000, Length: 200, Loss: 17.2981, Entropy: 1.0739, Epsilon: 0.010
2026-04-19 12:22:06 | INFO | Episode 3850 - Reward: -200.000, Length: 200, Loss: 20.1298, Entropy: 1.0866, Epsilon: 0.010
2026-04-19 12:22:07 | INFO | Episode 3851 - Reward: -200.000, Length: 200, Loss: 27.6266, Entropy: 1.0536, Epsilon: 0.010
2026-04-19 12:22:07 | INFO | Episode 3852 - Reward: -200.000, Length: 200, Loss: 26.9586, Entropy: 1.0869, Epsilon: 0.010
2026-04-19 12:22:07 | INFO | Episode 3853 - Reward: -200.000, Length: 200, Loss: 21.2609, Entropy: 1.0818, Epsilon: 0.010
2026-04-19 12:22:08 | INFO | Episode 3854 - Reward: -200.000, Length: 200, Loss: 23.5745, Entropy: 1.0839, Epsilon: 0.010
2026-04-19 12:22:08 | INFO | Episode 3855 - Reward: -200.000, Length: 200, Loss: 12.2671, Entropy: 1.0623, Epsilon: 0.010
2026-04-19 12:22:08 | INFO | Episode 3856 - Reward: -200.000, Length: 200, Loss: 24.2771, Entropy: 1.0838, Epsilon: 0.010
2026-04-19 12:22:09 | INFO | Episode 3857 - Reward: -200.000, Length: 200, Loss: 30.3014, Entropy: 1.0583, Epsilon: 0.010
2026-04-19 12:22:09 | INFO | Episode 3858 - Reward: -200.000, Length: 200, Loss: 17.1996, Entropy: 1.0882, Epsilon: 0.010
2026-04-19 12:22:10 | INFO | Episode 3859 - Reward: -200.000, Length: 200, Loss: 11.8557, Entropy: 1.0942, Epsilon: 0.010
2026-04-19 12:22:10 | INFO | Episode 3860 - Reward: -200.000, Length: 200, Loss: 19.1746, Entropy: 1.0768, Epsilon: 0.010
2026-04-19 12:22:10 | INFO | Episode 3861 - Reward: -200.000, Length: 200, Loss: 8.5868, Entropy: 1.0837, Epsilon: 0.010
2026-04-19 12:22:11 | INFO | Episode 3862 - Reward: -200.000, Length: 200, Loss: 20.5276, Entropy: 1.0754, Epsilon: 0.010
2026-04-19 12:22:11 | INFO | Episode 3863 - Reward: -200.000, Length: 200, Loss: 25.6919, Entropy: 1.0699, Epsilon: 0.010
2026-04-19 12:22:11 | INFO | Episode 3864 - Reward: -200.000, Length: 200, Loss: 8.0862, Entropy: 1.0679, Epsilon: 0.010
2026-04-19 12:22:12 | INFO | Episode 3865 - Reward: -200.000, Length: 200, Loss: 21.7245, Entropy: 1.0855, Epsilon: 0.010
2026-04-19 12:22:12 | INFO | Episode 3866 - Reward: -200.000, Length: 200, Loss: 10.3532, Entropy: 1.0840, Epsilon: 0.010
2026-04-19 12:22:12 | INFO | Episode 3867 - Reward: -200.000, Length: 200, Loss: 21.6089, Entropy: 1.0827, Epsilon: 0.010
2026-04-19 12:22:13 | INFO | Episode 3868 - Reward: -200.000, Length: 200, Loss: 5.7518, Entropy: 1.0915, Epsilon: 0.010
2026-04-19 12:22:13 | INFO | Episode 3869 - Reward: -200.000, Length: 200, Loss: 11.7081, Entropy: 1.0878, Epsilon: 0.010
2026-04-19 12:22:13 | INFO | Episode 3870 - Reward: -200.000, Length: 200, Loss: 7.9994, Entropy: 1.0939, Epsilon: 0.010
2026-04-19 12:22:14 | INFO | Episode 3871 - Reward: -200.000, Length: 200, Loss: 5.4927, Entropy: 1.0935, Epsilon: 0.010
2026-04-19 12:22:14 | INFO | Episode 3872 - Reward: -200.000, Length: 200, Loss: 18.0537, Entropy: 1.0884, Epsilon: 0.010
2026-04-19 12:22:14 | INFO | Episode 3873 - Reward: -200.000, Length: 200, Loss: 11.2818, Entropy: 1.0913, Epsilon: 0.010
2026-04-19 12:22:15 | INFO | Episode 3874 - Reward: -200.000, Length: 200, Loss: 14.1914, Entropy: 1.0896, Epsilon: 0.010
2026-04-19 12:22:15 | INFO | Episode 3875 - Reward: -200.000, Length: 200, Loss: 19.8250, Entropy: 1.0803, Epsilon: 0.010
2026-04-19 12:22:15 | INFO | Episode 3876 - Reward: -200.000, Length: 200, Loss: 29.7348, Entropy: 1.0837, Epsilon: 0.010
2026-04-19 12:22:16 | INFO | Episode 3877 - Reward: -200.000, Length: 200, Loss: 20.6634, Entropy: 1.0777, Epsilon: 0.010
2026-04-19 12:22:16 | INFO | Episode 3878 - Reward: -200.000, Length: 200, Loss: 28.1838, Entropy: 1.0673, Epsilon: 0.010
2026-04-19 12:22:16 | INFO | Episode 3879 - Reward: -200.000, Length: 200, Loss: 5.6688, Entropy: 1.0975, Epsilon: 0.010
2026-04-19 12:22:17 | INFO | Episode 3880 - Reward: -200.000, Length: 200, Loss: 19.8863, Entropy: 1.0913, Epsilon: 0.010
2026-04-19 12:22:17 | INFO | Episode 3881 - Reward: -200.000, Length: 200, Loss: 16.5130, Entropy: 1.0909, Epsilon: 0.010
2026-04-19 12:22:17 | INFO | Episode 3882 - Reward: -200.000, Length: 200, Loss: 8.4893, Entropy: 1.0930, Epsilon: 0.010
2026-04-19 12:22:18 | INFO | Episode 3883 - Reward: -200.000, Length: 200, Loss: 13.8886, Entropy: 1.0931, Epsilon: 0.010
2026-04-19 12:22:18 | INFO | Episode 3884 - Reward: -200.000, Length: 200, Loss: 19.4175, Entropy: 1.0787, Epsilon: 0.010
2026-04-19 12:22:18 | INFO | Episode 3885 - Reward: -200.000, Length: 200, Loss: 19.6051, Entropy: 1.0787, Epsilon: 0.010
2026-04-19 12:22:19 | INFO | Episode 3886 - Reward: -200.000, Length: 200, Loss: 16.5916, Entropy: 1.0739, Epsilon: 0.010
2026-04-19 12:22:19 | INFO | Episode 3887 - Reward: -200.000, Length: 200, Loss: 8.4914, Entropy: 1.0925, Epsilon: 0.010
2026-04-19 12:22:19 | INFO | Episode 3888 - Reward: -200.000, Length: 200, Loss: 5.6614, Entropy: 1.0889, Epsilon: 0.010
2026-04-19 12:22:20 | INFO | Episode 3889 - Reward: -200.000, Length: 200, Loss: 10.7115, Entropy: 1.0956, Epsilon: 0.010
2026-04-19 12:22:20 | INFO | Episode 3890 - Reward: -200.000, Length: 200, Loss: 11.5009, Entropy: 1.0920, Epsilon: 0.010
2026-04-19 12:22:20 | INFO | Episode 3891 - Reward: -200.000, Length: 200, Loss: 35.0631, Entropy: 1.0458, Epsilon: 0.010
2026-04-19 12:22:21 | INFO | Episode 3892 - Reward: -200.000, Length: 200, Loss: 9.1481, Entropy: 1.0773, Epsilon: 0.010
2026-04-19 12:22:21 | INFO | Episode 3893 - Reward: -200.000, Length: 200, Loss: 20.8130, Entropy: 1.0661, Epsilon: 0.010
2026-04-19 12:22:21 | INFO | Episode 3894 - Reward: -200.000, Length: 200, Loss: 19.8901, Entropy: 1.0818, Epsilon: 0.010
2026-04-19 12:22:22 | INFO | Episode 3895 - Reward: -200.000, Length: 200, Loss: 16.7267, Entropy: 1.0728, Epsilon: 0.010
2026-04-19 12:22:22 | INFO | Episode 3896 - Reward: -200.000, Length: 200, Loss: 20.3350, Entropy: 1.0773, Epsilon: 0.010
2026-04-19 12:22:22 | INFO | Episode 3897 - Reward: -200.000, Length: 200, Loss: 25.5295, Entropy: 1.0731, Epsilon: 0.010
2026-04-19 12:22:23 | INFO | Episode 3898 - Reward: -200.000, Length: 200, Loss: 14.7874, Entropy: 1.0884, Epsilon: 0.010
2026-04-19 12:22:24 | INFO | Episode 3899 - Reward: -200.000, Length: 200, Loss: 12.6939, Entropy: 1.0671, Epsilon: 0.010
2026-04-19 12:22:24 | INFO | Episode 3900 - Reward: -200.000, Length: 200, Loss: 8.1734, Entropy: 1.0945, Epsilon: 0.010
2026-04-19 12:22:29 | INFO | [Episode 3900] eps=0.010  avg_reward=-200.000  avg_length=200.00  avg_loss= 16.0587  avg_entropy=1.0945  eval_success=0.000
2026-04-19 12:22:29 | INFO | Episode 3901 - Reward: -200.000, Length: 200, Loss: 8.6543, Entropy: 1.0938, Epsilon: 0.010
2026-04-19 12:22:29 | INFO | Episode 3902 - Reward: -200.000, Length: 200, Loss: 22.6325, Entropy: 1.0631, Epsilon: 0.010
2026-04-19 12:22:30 | INFO | Episode 3903 - Reward: -200.000, Length: 200, Loss: 17.8266, Entropy: 1.0770, Epsilon: 0.010
2026-04-19 12:22:30 | INFO | Episode 3904 - Reward: -200.000, Length: 200, Loss: 23.6055, Entropy: 1.0718, Epsilon: 0.010
2026-04-19 12:22:30 | INFO | Episode 3905 - Reward: -200.000, Length: 200, Loss: 8.4430, Entropy: 1.0796, Epsilon: 0.010
2026-04-19 12:22:31 | INFO | Episode 3906 - Reward: -200.000, Length: 200, Loss: 17.7906, Entropy: 1.0913, Epsilon: 0.010
2026-04-19 12:22:31 | INFO | Episode 3907 - Reward: -200.000, Length: 200, Loss: 8.6952, Entropy: 1.0945, Epsilon: 0.010
2026-04-19 12:22:31 | INFO | Episode 3908 - Reward: -200.000, Length: 200, Loss: 23.9861, Entropy: 1.0772, Epsilon: 0.010
2026-04-19 12:22:32 | INFO | Episode 3909 - Reward: -200.000, Length: 200, Loss: 5.2181, Entropy: 1.0942, Epsilon: 0.010
2026-04-19 12:22:32 | INFO | Episode 3910 - Reward: -200.000, Length: 200, Loss: 17.6703, Entropy: 1.0869, Epsilon: 0.010
2026-04-19 12:22:32 | INFO | Episode 3911 - Reward: -200.000, Length: 200, Loss: 16.9474, Entropy: 1.0725, Epsilon: 0.010
2026-04-19 12:22:33 | INFO | Episode 3912 - Reward: -200.000, Length: 200, Loss: 17.4526, Entropy: 1.0804, Epsilon: 0.010
2026-04-19 12:22:33 | INFO | Episode 3913 - Reward: -200.000, Length: 200, Loss: 24.2395, Entropy: 1.0531, Epsilon: 0.010
2026-04-19 12:22:33 | INFO | Episode 3914 - Reward: -200.000, Length: 200, Loss: 5.4085, Entropy: 1.0806, Epsilon: 0.010
2026-04-19 12:22:34 | INFO | Episode 3915 - Reward: -200.000, Length: 200, Loss: 8.6261, Entropy: 1.0924, Epsilon: 0.010
2026-04-19 12:22:34 | INFO | Episode 3916 - Reward: -200.000, Length: 200, Loss: 11.7099, Entropy: 1.0733, Epsilon: 0.010
2026-04-19 12:22:34 | INFO | Episode 3917 - Reward: -200.000, Length: 200, Loss: 19.5564, Entropy: 1.0870, Epsilon: 0.010
2026-04-19 12:22:35 | INFO | Episode 3918 - Reward: -200.000, Length: 200, Loss: 13.9133, Entropy: 1.0837, Epsilon: 0.010
2026-04-19 12:22:35 | INFO | Episode 3919 - Reward: -200.000, Length: 200, Loss: 2.8260, Entropy: 1.0869, Epsilon: 0.010
2026-04-19 12:22:35 | INFO | Episode 3920 - Reward: -200.000, Length: 200, Loss: 8.7437, Entropy: 1.0809, Epsilon: 0.010
2026-04-19 12:22:36 | INFO | Episode 3921 - Reward: -200.000, Length: 200, Loss: 14.0941, Entropy: 1.0901, Epsilon: 0.010
2026-04-19 12:22:36 | INFO | Episode 3922 - Reward: -200.000, Length: 200, Loss: 13.8316, Entropy: 1.0831, Epsilon: 0.010
2026-04-19 12:22:37 | INFO | Episode 3923 - Reward: -200.000, Length: 200, Loss: 11.3008, Entropy: 1.0883, Epsilon: 0.010
2026-04-19 12:22:37 | INFO | Episode 3924 - Reward: -200.000, Length: 200, Loss: 14.0339, Entropy: 1.0948, Epsilon: 0.010
2026-04-19 12:22:37 | INFO | Episode 3925 - Reward: -200.000, Length: 200, Loss: 19.2145, Entropy: 1.0890, Epsilon: 0.010
2026-04-19 12:22:38 | INFO | Episode 3926 - Reward: -200.000, Length: 200, Loss: 11.3402, Entropy: 1.0906, Epsilon: 0.010
2026-04-19 12:22:38 | INFO | Episode 3927 - Reward: -200.000, Length: 200, Loss: 8.6646, Entropy: 1.0949, Epsilon: 0.010
2026-04-19 12:22:38 | INFO | Episode 3928 - Reward: -200.000, Length: 200, Loss: 16.5594, Entropy: 1.0869, Epsilon: 0.010
2026-04-19 12:22:39 | INFO | Episode 3929 - Reward: -200.000, Length: 200, Loss: 5.7463, Entropy: 1.0926, Epsilon: 0.010
2026-04-19 12:22:39 | INFO | Episode 3930 - Reward: -200.000, Length: 200, Loss: 20.2811, Entropy: 1.0798, Epsilon: 0.010
2026-04-19 12:22:39 | INFO | Episode 3931 - Reward: -200.000, Length: 200, Loss: 8.2287, Entropy: 1.0939, Epsilon: 0.010
2026-04-19 12:22:40 | INFO | Episode 3932 - Reward: -200.000, Length: 200, Loss: 24.7182, Entropy: 1.0889, Epsilon: 0.010
2026-04-19 12:22:40 | INFO | Episode 3933 - Reward: -200.000, Length: 200, Loss: 11.4896, Entropy: 1.0907, Epsilon: 0.010
2026-04-19 12:22:40 | INFO | Episode 3934 - Reward: -200.000, Length: 200, Loss: 16.9390, Entropy: 1.0952, Epsilon: 0.010
2026-04-19 12:22:41 | INFO | Episode 3935 - Reward: -200.000, Length: 200, Loss: 8.9066, Entropy: 1.0867, Epsilon: 0.010
2026-04-19 12:22:41 | INFO | Episode 3936 - Reward: -200.000, Length: 200, Loss: 13.6727, Entropy: 1.0798, Epsilon: 0.010
2026-04-19 12:22:41 | INFO | Episode 3937 - Reward: -200.000, Length: 200, Loss: 11.0333, Entropy: 1.0906, Epsilon: 0.010
2026-04-19 12:22:42 | INFO | Episode 3938 - Reward: -200.000, Length: 200, Loss: 11.7373, Entropy: 1.0938, Epsilon: 0.010
2026-04-19 12:22:42 | INFO | Episode 3939 - Reward: -200.000, Length: 200, Loss: 23.3157, Entropy: 1.0791, Epsilon: 0.010
2026-04-19 12:22:42 | INFO | Episode 3940 - Reward: -200.000, Length: 200, Loss: 11.4402, Entropy: 1.0879, Epsilon: 0.010
2026-04-19 12:22:43 | INFO | Episode 3941 - Reward: -200.000, Length: 200, Loss: 19.8260, Entropy: 1.0560, Epsilon: 0.010
2026-04-19 12:22:43 | INFO | Episode 3942 - Reward: -200.000, Length: 200, Loss: 8.6938, Entropy: 1.0878, Epsilon: 0.010
2026-04-19 12:22:43 | INFO | Episode 3943 - Reward: -200.000, Length: 200, Loss: 5.6281, Entropy: 1.0950, Epsilon: 0.010
2026-04-19 12:22:44 | INFO | Episode 3944 - Reward: -200.000, Length: 200, Loss: 8.0118, Entropy: 1.0919, Epsilon: 0.010
2026-04-19 12:22:44 | INFO | Episode 3945 - Reward: -200.000, Length: 200, Loss: 14.5754, Entropy: 1.0871, Epsilon: 0.010
2026-04-19 12:22:44 | INFO | Episode 3946 - Reward: -200.000, Length: 200, Loss: 8.3044, Entropy: 1.0934, Epsilon: 0.010
2026-04-19 12:22:45 | INFO | Episode 3947 - Reward: -200.000, Length: 200, Loss: 37.2047, Entropy: 1.0739, Epsilon: 0.010
2026-04-19 12:22:45 | INFO | Episode 3948 - Reward: -200.000, Length: 200, Loss: 17.2771, Entropy: 1.0792, Epsilon: 0.010
2026-04-19 12:22:45 | INFO | Episode 3949 - Reward: -200.000, Length: 200, Loss: 10.5247, Entropy: 1.0814, Epsilon: 0.010
2026-04-19 12:22:46 | INFO | Episode 3950 - Reward: -200.000, Length: 200, Loss: 28.3610, Entropy: 1.0725, Epsilon: 0.010
2026-04-19 12:22:46 | INFO | Episode 3951 - Reward: -200.000, Length: 200, Loss: 8.4532, Entropy: 1.0852, Epsilon: 0.010
2026-04-19 12:22:46 | INFO | Episode 3952 - Reward: -200.000, Length: 200, Loss: 16.9441, Entropy: 1.0595, Epsilon: 0.010
2026-04-19 12:22:47 | INFO | Episode 3953 - Reward: -200.000, Length: 200, Loss: 16.8681, Entropy: 1.0874, Epsilon: 0.010
2026-04-19 12:22:47 | INFO | Episode 3954 - Reward: -200.000, Length: 200, Loss: 17.7279, Entropy: 1.0778, Epsilon: 0.010
2026-04-19 12:22:47 | INFO | Episode 3955 - Reward: -200.000, Length: 200, Loss: 5.8021, Entropy: 1.0873, Epsilon: 0.010
2026-04-19 12:22:48 | INFO | Episode 3956 - Reward: -200.000, Length: 200, Loss: 11.7816, Entropy: 1.0853, Epsilon: 0.010
2026-04-19 12:22:48 | INFO | Episode 3957 - Reward: -200.000, Length: 200, Loss: 17.7086, Entropy: 1.0718, Epsilon: 0.010
2026-04-19 12:22:48 | INFO | Episode 3958 - Reward: -200.000, Length: 200, Loss: 24.2191, Entropy: 1.0603, Epsilon: 0.010
2026-04-19 12:22:49 | INFO | Episode 3959 - Reward: -200.000, Length: 200, Loss: 10.7745, Entropy: 1.0660, Epsilon: 0.010
2026-04-19 12:22:49 | INFO | Episode 3960 - Reward: -200.000, Length: 200, Loss: 24.9112, Entropy: 1.0845, Epsilon: 0.010
2026-04-19 12:22:49 | INFO | Episode 3961 - Reward: -200.000, Length: 200, Loss: 8.1381, Entropy: 1.0795, Epsilon: 0.010
2026-04-19 12:22:50 | INFO | Episode 3962 - Reward: -200.000, Length: 200, Loss: 2.6060, Entropy: 1.0940, Epsilon: 0.010
2026-04-19 12:22:50 | INFO | Episode 3963 - Reward: -200.000, Length: 200, Loss: 7.6284, Entropy: 1.0918, Epsilon: 0.010
2026-04-19 12:22:50 | INFO | Episode 3964 - Reward: -200.000, Length: 200, Loss: 11.0769, Entropy: 1.0705, Epsilon: 0.010
2026-04-19 12:22:51 | INFO | Episode 3965 - Reward: -200.000, Length: 200, Loss: 16.2094, Entropy: 1.0902, Epsilon: 0.010
2026-04-19 12:22:51 | INFO | Episode 3966 - Reward: -200.000, Length: 200, Loss: 2.3753, Entropy: 1.0968, Epsilon: 0.010
2026-04-19 12:22:51 | INFO | Episode 3967 - Reward: -200.000, Length: 200, Loss: 13.9238, Entropy: 1.0840, Epsilon: 0.010
2026-04-19 12:22:52 | INFO | Episode 3968 - Reward: -200.000, Length: 200, Loss: 10.7828, Entropy: 1.0919, Epsilon: 0.010
2026-04-19 12:22:52 | INFO | Episode 3969 - Reward: -200.000, Length: 200, Loss: 19.3318, Entropy: 1.0761, Epsilon: 0.010
2026-04-19 12:22:52 | INFO | Episode 3970 - Reward: -200.000, Length: 200, Loss: 11.0483, Entropy: 1.0896, Epsilon: 0.010
2026-04-19 12:22:53 | INFO | Episode 3971 - Reward: -200.000, Length: 200, Loss: 14.2426, Entropy: 1.0765, Epsilon: 0.010
2026-04-19 12:22:53 | INFO | Episode 3972 - Reward: -200.000, Length: 200, Loss: 19.6484, Entropy: 1.0727, Epsilon: 0.010
2026-04-19 12:22:53 | INFO | Episode 3973 - Reward: -200.000, Length: 200, Loss: 10.9760, Entropy: 1.0793, Epsilon: 0.010
2026-04-19 12:22:54 | INFO | Episode 3974 - Reward: -200.000, Length: 200, Loss: 19.7218, Entropy: 1.0879, Epsilon: 0.010
2026-04-19 12:22:54 | INFO | Episode 3975 - Reward: -200.000, Length: 200, Loss: 5.9366, Entropy: 1.0913, Epsilon: 0.010
2026-04-19 12:22:54 | INFO | Episode 3976 - Reward: -200.000, Length: 200, Loss: 11.5901, Entropy: 1.0725, Epsilon: 0.010
2026-04-19 12:22:55 | INFO | Episode 3977 - Reward: -200.000, Length: 200, Loss: 16.5374, Entropy: 1.0827, Epsilon: 0.010
2026-04-19 12:22:55 | INFO | Episode 3978 - Reward: -200.000, Length: 200, Loss: 8.5046, Entropy: 1.0929, Epsilon: 0.010
2026-04-19 12:22:55 | INFO | Episode 3979 - Reward: -200.000, Length: 200, Loss: 17.1808, Entropy: 1.0850, Epsilon: 0.010
2026-04-19 12:22:56 | INFO | Episode 3980 - Reward: -200.000, Length: 200, Loss: 11.3421, Entropy: 1.0943, Epsilon: 0.010
2026-04-19 12:22:57 | INFO | Episode 3981 - Reward: -200.000, Length: 200, Loss: 5.4643, Entropy: 1.0937, Epsilon: 0.010
2026-04-19 12:22:57 | INFO | Episode 3982 - Reward: -200.000, Length: 200, Loss: 20.5257, Entropy: 1.0876, Epsilon: 0.010
2026-04-19 12:22:57 | INFO | Episode 3983 - Reward: -200.000, Length: 200, Loss: 16.4125, Entropy: 1.0839, Epsilon: 0.010
2026-04-19 12:22:58 | INFO | Episode 3984 - Reward: -200.000, Length: 200, Loss: 22.7709, Entropy: 1.0748, Epsilon: 0.010
2026-04-19 12:22:58 | INFO | Episode 3985 - Reward: -200.000, Length: 200, Loss: 20.4475, Entropy: 1.0866, Epsilon: 0.010
2026-04-19 12:22:58 | INFO | Episode 3986 - Reward: -200.000, Length: 200, Loss: 23.1077, Entropy: 1.0682, Epsilon: 0.010
2026-04-19 12:22:59 | INFO | Episode 3987 - Reward: -200.000, Length: 200, Loss: 14.7626, Entropy: 1.0900, Epsilon: 0.010
2026-04-19 12:22:59 | INFO | Episode 3988 - Reward: -200.000, Length: 200, Loss: 26.5387, Entropy: 1.0885, Epsilon: 0.010
2026-04-19 12:22:59 | INFO | Episode 3989 - Reward: -200.000, Length: 200, Loss: 20.2205, Entropy: 1.0756, Epsilon: 0.010
2026-04-19 12:23:00 | INFO | Episode 3990 - Reward: -200.000, Length: 200, Loss: 31.1436, Entropy: 1.0856, Epsilon: 0.010
2026-04-19 12:23:00 | INFO | Episode 3991 - Reward: -200.000, Length: 200, Loss: 12.0263, Entropy: 1.0749, Epsilon: 0.010
2026-04-19 12:23:00 | INFO | Episode 3992 - Reward: -200.000, Length: 200, Loss: 14.3267, Entropy: 1.0883, Epsilon: 0.010
2026-04-19 12:23:01 | INFO | Episode 3993 - Reward: -200.000, Length: 200, Loss: 8.8019, Entropy: 1.0903, Epsilon: 0.010
2026-04-19 12:23:01 | INFO | Episode 3994 - Reward: -200.000, Length: 200, Loss: 26.3258, Entropy: 1.0861, Epsilon: 0.010
2026-04-19 12:23:01 | INFO | Episode 3995 - Reward: -200.000, Length: 200, Loss: 22.6216, Entropy: 1.0833, Epsilon: 0.010
2026-04-19 12:23:02 | INFO | Episode 3996 - Reward: -200.000, Length: 200, Loss: 5.8516, Entropy: 1.0923, Epsilon: 0.010
2026-04-19 12:23:02 | INFO | Episode 3997 - Reward: -200.000, Length: 200, Loss: 2.7044, Entropy: 1.0958, Epsilon: 0.010
2026-04-19 12:23:02 | INFO | Episode 3998 - Reward: -200.000, Length: 200, Loss: 13.8461, Entropy: 1.0818, Epsilon: 0.010
2026-04-19 12:23:03 | INFO | Episode 3999 - Reward: -200.000, Length: 200, Loss: 13.7210, Entropy: 1.0824, Epsilon: 0.010
2026-04-19 12:23:03 | INFO | Episode 4000 - Reward: -200.000, Length: 200, Loss: 13.8795, Entropy: 1.0920, Epsilon: 0.010
2026-04-19 12:23:08 | INFO | [Episode 4000] eps=0.010  avg_reward=-200.000  avg_length=200.00  avg_loss= 14.4839  avg_entropy=1.0920  eval_success=0.000
2026-04-19 12:23:08 | INFO | Episode 4001 - Reward: -200.000, Length: 200, Loss: 7.6561, Entropy: 1.0845, Epsilon: 0.010
2026-04-19 12:23:08 | INFO | Episode 4002 - Reward: -200.000, Length: 200, Loss: 19.9849, Entropy: 1.0856, Epsilon: 0.010
2026-04-19 12:23:09 | INFO | Episode 4003 - Reward: -200.000, Length: 200, Loss: 19.5921, Entropy: 1.0878, Epsilon: 0.010
2026-04-19 12:23:09 | INFO | Episode 4004 - Reward: -200.000, Length: 200, Loss: 13.9537, Entropy: 1.0910, Epsilon: 0.010
2026-04-19 12:23:09 | INFO | Episode 4005 - Reward: -200.000, Length: 200, Loss: 8.2572, Entropy: 1.0862, Epsilon: 0.010
2026-04-19 12:23:10 | INFO | Episode 4006 - Reward: -200.000, Length: 200, Loss: 14.0543, Entropy: 1.0937, Epsilon: 0.010
2026-04-19 12:23:10 | INFO | Episode 4007 - Reward: -200.000, Length: 200, Loss: 14.0049, Entropy: 1.0827, Epsilon: 0.010
2026-04-19 12:23:10 | INFO | Episode 4008 - Reward: -200.000, Length: 200, Loss: 16.7278, Entropy: 1.0918, Epsilon: 0.010
2026-04-19 12:23:11 | INFO | Episode 4009 - Reward: -200.000, Length: 200, Loss: 10.1311, Entropy: 1.0799, Epsilon: 0.010
2026-04-19 12:23:11 | INFO | Episode 4010 - Reward: -200.000, Length: 200, Loss: 17.2698, Entropy: 1.0776, Epsilon: 0.010
2026-04-19 12:23:11 | INFO | Episode 4011 - Reward: -200.000, Length: 200, Loss: 22.2551, Entropy: 1.0823, Epsilon: 0.010
2026-04-19 12:23:12 | INFO | Episode 4012 - Reward: -200.000, Length: 200, Loss: 16.9590, Entropy: 1.0806, Epsilon: 0.010
2026-04-19 12:23:12 | INFO | Episode 4013 - Reward: -200.000, Length: 200, Loss: 8.9253, Entropy: 1.0898, Epsilon: 0.010
2026-04-19 12:23:12 | INFO | Episode 4014 - Reward: -200.000, Length: 200, Loss: 8.3964, Entropy: 1.0913, Epsilon: 0.010
2026-04-19 12:23:13 | INFO | Episode 4015 - Reward: -200.000, Length: 200, Loss: 8.6445, Entropy: 1.0874, Epsilon: 0.010
2026-04-19 12:23:13 | INFO | Episode 4016 - Reward: -200.000, Length: 200, Loss: 17.5875, Entropy: 1.0603, Epsilon: 0.010
2026-04-19 12:23:13 | INFO | Episode 4017 - Reward: -200.000, Length: 200, Loss: 8.7668, Entropy: 1.0902, Epsilon: 0.010
2026-04-19 12:23:14 | INFO | Episode 4018 - Reward: -200.000, Length: 200, Loss: 34.5316, Entropy: 1.0754, Epsilon: 0.010
2026-04-19 12:23:14 | INFO | Episode 4019 - Reward: -200.000, Length: 200, Loss: 13.9421, Entropy: 1.0912, Epsilon: 0.010
2026-04-19 12:23:14 | INFO | Episode 4020 - Reward: -200.000, Length: 200, Loss: 8.0809, Entropy: 1.0942, Epsilon: 0.010
2026-04-19 12:23:15 | INFO | Episode 4021 - Reward: -200.000, Length: 200, Loss: 22.2319, Entropy: 1.0893, Epsilon: 0.010
2026-04-19 12:23:15 | INFO | Episode 4022 - Reward: -200.000, Length: 200, Loss: 5.0802, Entropy: 1.0940, Epsilon: 0.010
2026-04-19 12:23:15 | INFO | Episode 4023 - Reward: -200.000, Length: 200, Loss: 11.0848, Entropy: 1.0868, Epsilon: 0.010
2026-04-19 12:23:16 | INFO | Episode 4024 - Reward: -200.000, Length: 200, Loss: 14.4679, Entropy: 1.0859, Epsilon: 0.010
2026-04-19 12:23:16 | INFO | Episode 4025 - Reward: -200.000, Length: 200, Loss: 5.5782, Entropy: 1.0904, Epsilon: 0.010
2026-04-19 12:23:16 | INFO | Episode 4026 - Reward: -200.000, Length: 200, Loss: 14.1535, Entropy: 1.0893, Epsilon: 0.010
2026-04-19 12:23:17 | INFO | Episode 4027 - Reward: -200.000, Length: 200, Loss: 19.6891, Entropy: 1.0849, Epsilon: 0.010
2026-04-19 12:23:17 | INFO | Episode 4028 - Reward: -200.000, Length: 200, Loss: 17.0985, Entropy: 1.0749, Epsilon: 0.010
2026-04-19 12:23:17 | INFO | Episode 4029 - Reward: -200.000, Length: 200, Loss: 21.9957, Entropy: 1.0734, Epsilon: 0.010
2026-04-19 12:23:18 | INFO | Episode 4030 - Reward: -200.000, Length: 200, Loss: 14.2457, Entropy: 1.0843, Epsilon: 0.010
2026-04-19 12:23:18 | INFO | Episode 4031 - Reward: -200.000, Length: 200, Loss: 8.3994, Entropy: 1.0874, Epsilon: 0.010
2026-04-19 12:23:18 | INFO | Episode 4032 - Reward: -200.000, Length: 200, Loss: 16.3789, Entropy: 1.0887, Epsilon: 0.010
2026-04-19 12:23:19 | INFO | Episode 4033 - Reward: -200.000, Length: 200, Loss: 10.7777, Entropy: 1.0826, Epsilon: 0.010
2026-04-19 12:23:19 | INFO | Episode 4034 - Reward: -200.000, Length: 200, Loss: 16.8926, Entropy: 1.0905, Epsilon: 0.010
2026-04-19 12:23:19 | INFO | Episode 4035 - Reward: -200.000, Length: 200, Loss: 7.8978, Entropy: 1.0926, Epsilon: 0.010
2026-04-19 12:23:20 | INFO | Episode 4036 - Reward: -200.000, Length: 200, Loss: 5.3449, Entropy: 1.0910, Epsilon: 0.010
2026-04-19 12:23:20 | INFO | Episode 4037 - Reward: -200.000, Length: 200, Loss: 5.3121, Entropy: 1.0866, Epsilon: 0.010
2026-04-19 12:23:20 | INFO | Episode 4038 - Reward: -200.000, Length: 200, Loss: 10.9857, Entropy: 1.0895, Epsilon: 0.010
2026-04-19 12:23:21 | INFO | Episode 4039 - Reward: -200.000, Length: 200, Loss: 27.5833, Entropy: 1.0872, Epsilon: 0.010
2026-04-19 12:23:21 | INFO | Episode 4040 - Reward: -200.000, Length: 200, Loss: 2.2538, Entropy: 1.0925, Epsilon: 0.010
2026-04-19 12:23:23 | INFO | Episode 4041 - Reward: -200.000, Length: 200, Loss: 14.4071, Entropy: 1.0897, Epsilon: 0.010
2026-04-19 12:23:23 | INFO | Episode 4042 - Reward: -200.000, Length: 200, Loss: 8.5993, Entropy: 1.0856, Epsilon: 0.010
2026-04-19 12:23:24 | INFO | Episode 4043 - Reward: -200.000, Length: 200, Loss: 14.0538, Entropy: 1.0926, Epsilon: 0.010
2026-04-19 12:23:24 | INFO | Episode 4044 - Reward: -200.000, Length: 200, Loss: 19.8605, Entropy: 1.0861, Epsilon: 0.010
2026-04-19 12:23:24 | INFO | Episode 4045 - Reward: -200.000, Length: 200, Loss: 14.0179, Entropy: 1.0942, Epsilon: 0.010
2026-04-19 12:23:25 | INFO | Episode 4046 - Reward: -200.000, Length: 200, Loss: 13.9270, Entropy: 1.0799, Epsilon: 0.010
2026-04-19 12:23:25 | INFO | Episode 4047 - Reward: -200.000, Length: 200, Loss: 18.9670, Entropy: 1.0878, Epsilon: 0.010
2026-04-19 12:23:25 | INFO | Episode 4048 - Reward: -200.000, Length: 200, Loss: 17.0774, Entropy: 1.0904, Epsilon: 0.010
2026-04-19 12:23:26 | INFO | Episode 4049 - Reward: -200.000, Length: 200, Loss: 8.7835, Entropy: 1.0649, Epsilon: 0.010
2026-04-19 12:23:26 | INFO | Episode 4050 - Reward: -200.000, Length: 200, Loss: 5.4513, Entropy: 1.0921, Epsilon: 0.010
2026-04-19 12:23:26 | INFO | Episode 4051 - Reward: -200.000, Length: 200, Loss: 8.5185, Entropy: 1.0907, Epsilon: 0.010
2026-04-19 12:23:27 | INFO | Episode 4052 - Reward: -200.000, Length: 200, Loss: 2.5126, Entropy: 1.0945, Epsilon: 0.010
2026-04-19 12:23:27 | INFO | Episode 4053 - Reward: -200.000, Length: 200, Loss: 2.7569, Entropy: 1.0961, Epsilon: 0.010
2026-04-19 12:23:27 | INFO | Episode 4054 - Reward: -200.000, Length: 200, Loss: 8.4674, Entropy: 1.0840, Epsilon: 0.010
2026-04-19 12:23:28 | INFO | Episode 4055 - Reward: -200.000, Length: 200, Loss: 19.8149, Entropy: 1.0838, Epsilon: 0.010
2026-04-19 12:23:29 | INFO | Episode 4056 - Reward: -200.000, Length: 200, Loss: 8.2226, Entropy: 1.0926, Epsilon: 0.010
2026-04-19 12:23:29 | INFO | Episode 4057 - Reward: -200.000, Length: 200, Loss: 11.0969, Entropy: 1.0895, Epsilon: 0.010
2026-04-19 12:23:29 | INFO | Episode 4058 - Reward: -200.000, Length: 200, Loss: 16.5786, Entropy: 1.0893, Epsilon: 0.010
2026-04-19 12:23:30 | INFO | Episode 4059 - Reward: -200.000, Length: 200, Loss: 31.7300, Entropy: 1.0783, Epsilon: 0.010
2026-04-19 12:23:30 | INFO | Episode 4060 - Reward: -200.000, Length: 200, Loss: 21.9334, Entropy: 1.0884, Epsilon: 0.010
2026-04-19 12:23:30 | INFO | Episode 4061 - Reward: -200.000, Length: 200, Loss: 8.4384, Entropy: 1.0917, Epsilon: 0.010
2026-04-19 12:23:31 | INFO | Episode 4062 - Reward: -200.000, Length: 200, Loss: 11.1285, Entropy: 1.0894, Epsilon: 0.010
2026-04-19 12:23:31 | INFO | Episode 4063 - Reward: -200.000, Length: 200, Loss: 16.8511, Entropy: 1.0929, Epsilon: 0.010
2026-04-19 12:23:31 | INFO | Episode 4064 - Reward: -200.000, Length: 200, Loss: 16.6420, Entropy: 1.0895, Epsilon: 0.010
2026-04-19 12:23:32 | INFO | Episode 4065 - Reward: -200.000, Length: 200, Loss: 13.4238, Entropy: 1.0887, Epsilon: 0.010
2026-04-19 12:23:32 | INFO | Episode 4066 - Reward: -200.000, Length: 200, Loss: 21.8912, Entropy: 1.0890, Epsilon: 0.010
2026-04-19 12:23:32 | INFO | Episode 4067 - Reward: -200.000, Length: 200, Loss: 10.6914, Entropy: 1.0858, Epsilon: 0.010
2026-04-19 12:23:33 | INFO | Episode 4068 - Reward: -200.000, Length: 200, Loss: 8.2460, Entropy: 1.0933, Epsilon: 0.010
2026-04-19 12:23:33 | INFO | Episode 4069 - Reward: -200.000, Length: 200, Loss: 8.6732, Entropy: 1.0899, Epsilon: 0.010
2026-04-19 12:23:33 | INFO | Episode 4070 - Reward: -200.000, Length: 200, Loss: 20.1856, Entropy: 1.0776, Epsilon: 0.010
2026-04-19 12:23:34 | INFO | Episode 4071 - Reward: -200.000, Length: 200, Loss: 5.9568, Entropy: 1.0847, Epsilon: 0.010
2026-04-19 12:23:34 | INFO | Episode 4072 - Reward: -200.000, Length: 200, Loss: 8.3428, Entropy: 1.0862, Epsilon: 0.010
2026-04-19 12:23:34 | INFO | Episode 4073 - Reward: -200.000, Length: 200, Loss: 20.1148, Entropy: 1.0833, Epsilon: 0.010
2026-04-19 12:23:35 | INFO | Episode 4074 - Reward: -200.000, Length: 200, Loss: 11.1840, Entropy: 1.0927, Epsilon: 0.010
2026-04-19 12:23:35 | INFO | Episode 4075 - Reward: -200.000, Length: 200, Loss: 5.7157, Entropy: 1.0907, Epsilon: 0.010
2026-04-19 12:23:35 | INFO | Episode 4076 - Reward: -200.000, Length: 200, Loss: 28.9096, Entropy: 1.0693, Epsilon: 0.010
2026-04-19 12:23:36 | INFO | Episode 4077 - Reward: -200.000, Length: 200, Loss: 20.9569, Entropy: 1.0430, Epsilon: 0.010
2026-04-19 12:23:36 | INFO | Episode 4078 - Reward: -200.000, Length: 200, Loss: 14.2154, Entropy: 1.0816, Epsilon: 0.010
2026-04-19 12:23:36 | INFO | Episode 4079 - Reward: -200.000, Length: 200, Loss: 11.8243, Entropy: 1.0836, Epsilon: 0.010
2026-04-19 12:23:37 | INFO | Episode 4080 - Reward: -200.000, Length: 200, Loss: 14.7849, Entropy: 1.0804, Epsilon: 0.010
2026-04-19 12:23:37 | INFO | Episode 4081 - Reward: -200.000, Length: 200, Loss: 19.9623, Entropy: 1.0683, Epsilon: 0.010
2026-04-19 12:23:37 | INFO | Episode 4082 - Reward: -200.000, Length: 200, Loss: 27.7676, Entropy: 1.0584, Epsilon: 0.010
2026-04-19 12:23:38 | INFO | Episode 4083 - Reward: -200.000, Length: 200, Loss: 8.7079, Entropy: 1.0742, Epsilon: 0.010
2026-04-19 12:23:38 | INFO | Episode 4084 - Reward: -200.000, Length: 200, Loss: 5.5784, Entropy: 1.0943, Epsilon: 0.010
2026-04-19 12:23:39 | INFO | Episode 4085 - Reward: -200.000, Length: 200, Loss: 16.5850, Entropy: 1.0769, Epsilon: 0.010
2026-04-19 12:23:39 | INFO | Episode 4086 - Reward: -200.000, Length: 200, Loss: 17.0648, Entropy: 1.0856, Epsilon: 0.010
2026-04-19 12:23:39 | INFO | Episode 4087 - Reward: -200.000, Length: 200, Loss: 17.5443, Entropy: 1.0837, Epsilon: 0.010
2026-04-19 12:23:40 | INFO | Episode 4088 - Reward: -200.000, Length: 200, Loss: 20.5452, Entropy: 1.0745, Epsilon: 0.010
2026-04-19 12:23:40 | INFO | Episode 4089 - Reward: -200.000, Length: 200, Loss: 11.3491, Entropy: 1.0825, Epsilon: 0.010
2026-04-19 12:23:40 | INFO | Episode 4090 - Reward: -200.000, Length: 200, Loss: 11.2088, Entropy: 1.0860, Epsilon: 0.010
2026-04-19 12:23:41 | INFO | Episode 4091 - Reward: -200.000, Length: 200, Loss: 17.0310, Entropy: 1.0740, Epsilon: 0.010
2026-04-19 12:23:41 | INFO | Episode 4092 - Reward: -200.000, Length: 200, Loss: 25.5191, Entropy: 1.0845, Epsilon: 0.010
2026-04-19 12:23:41 | INFO | Episode 4093 - Reward: -200.000, Length: 200, Loss: 14.2710, Entropy: 1.0903, Epsilon: 0.010
2026-04-19 12:23:42 | INFO | Episode 4094 - Reward: -200.000, Length: 200, Loss: 11.1581, Entropy: 1.0757, Epsilon: 0.010
2026-04-19 12:23:42 | INFO | Episode 4095 - Reward: -200.000, Length: 200, Loss: 11.5367, Entropy: 1.0889, Epsilon: 0.010
2026-04-19 12:23:42 | INFO | Episode 4096 - Reward: -200.000, Length: 200, Loss: 16.6996, Entropy: 1.0753, Epsilon: 0.010
2026-04-19 12:23:43 | INFO | Episode 4097 - Reward: -200.000, Length: 200, Loss: 5.0518, Entropy: 1.0887, Epsilon: 0.010
2026-04-19 12:23:43 | INFO | Episode 4098 - Reward: -200.000, Length: 200, Loss: 5.5846, Entropy: 1.0952, Epsilon: 0.010
2026-04-19 12:23:43 | INFO | Episode 4099 - Reward: -200.000, Length: 200, Loss: 2.6487, Entropy: 1.0965, Epsilon: 0.010
2026-04-19 12:23:44 | INFO | Episode 4100 - Reward: -200.000, Length: 200, Loss: 16.9376, Entropy: 1.0898, Epsilon: 0.010
2026-04-19 12:23:49 | INFO | [Episode 4100] eps=0.010  avg_reward=-200.000  avg_length=200.00  avg_loss= 13.7488  avg_entropy=1.0898  eval_success=0.000
2026-04-19 12:23:49 | INFO | Episode 4101 - Reward: -200.000, Length: 200, Loss: 19.3252, Entropy: 1.0837, Epsilon: 0.010
2026-04-19 12:23:49 | INFO | Episode 4102 - Reward: -200.000, Length: 200, Loss: 11.2388, Entropy: 1.0842, Epsilon: 0.010
2026-04-19 12:23:50 | INFO | Episode 4103 - Reward: -200.000, Length: 200, Loss: 11.0014, Entropy: 1.0903, Epsilon: 0.010
2026-04-19 12:23:50 | INFO | Episode 4104 - Reward: -200.000, Length: 200, Loss: 14.4480, Entropy: 1.0868, Epsilon: 0.010
2026-04-19 12:23:50 | INFO | Episode 4105 - Reward: -200.000, Length: 200, Loss: 13.8102, Entropy: 1.0948, Epsilon: 0.010
2026-04-19 12:23:51 | INFO | Episode 4106 - Reward: -200.000, Length: 200, Loss: 14.3294, Entropy: 1.0913, Epsilon: 0.010
2026-04-19 12:23:51 | INFO | Episode 4107 - Reward: -200.000, Length: 200, Loss: 20.2482, Entropy: 1.0824, Epsilon: 0.010
2026-04-19 12:23:51 | INFO | Episode 4108 - Reward: -200.000, Length: 200, Loss: 22.6767, Entropy: 1.0835, Epsilon: 0.010
2026-04-19 12:23:52 | INFO | Episode 4109 - Reward: -200.000, Length: 200, Loss: 14.4139, Entropy: 1.0866, Epsilon: 0.010
2026-04-19 12:23:52 | INFO | Episode 4110 - Reward: -200.000, Length: 200, Loss: 14.2480, Entropy: 1.0832, Epsilon: 0.010
2026-04-19 12:23:52 | INFO | Episode 4111 - Reward: -200.000, Length: 200, Loss: 13.6800, Entropy: 1.0786, Epsilon: 0.010
2026-04-19 12:23:53 | INFO | Episode 4112 - Reward: -200.000, Length: 200, Loss: 19.7655, Entropy: 1.0898, Epsilon: 0.010
2026-04-19 12:23:53 | INFO | Episode 4113 - Reward: -200.000, Length: 200, Loss: 13.8276, Entropy: 1.0777, Epsilon: 0.010
2026-04-19 12:23:53 | INFO | Episode 4114 - Reward: -200.000, Length: 200, Loss: 16.5629, Entropy: 1.0784, Epsilon: 0.010
2026-04-19 12:23:54 | INFO | Episode 4115 - Reward: -200.000, Length: 200, Loss: 2.8782, Entropy: 1.0928, Epsilon: 0.010
2026-04-19 12:23:54 | INFO | Episode 4116 - Reward: -200.000, Length: 200, Loss: 23.6433, Entropy: 1.0841, Epsilon: 0.010
2026-04-19 12:23:55 | INFO | Episode 4117 - Reward: -200.000, Length: 200, Loss: 17.1905, Entropy: 1.0802, Epsilon: 0.010
2026-04-19 12:23:55 | INFO | Episode 4118 - Reward: -200.000, Length: 200, Loss: 5.0984, Entropy: 1.0649, Epsilon: 0.010
2026-04-19 12:23:55 | INFO | Episode 4119 - Reward: -200.000, Length: 200, Loss: 14.9945, Entropy: 1.0886, Epsilon: 0.010
2026-04-19 12:23:56 | INFO | Episode 4120 - Reward: -200.000, Length: 200, Loss: 8.6082, Entropy: 1.0939, Epsilon: 0.010
2026-04-19 12:23:56 | INFO | Episode 4121 - Reward: -200.000, Length: 200, Loss: 20.2158, Entropy: 1.0887, Epsilon: 0.010
2026-04-19 12:23:56 | INFO | Episode 4122 - Reward: -200.000, Length: 200, Loss: 5.6209, Entropy: 1.0946, Epsilon: 0.010
2026-04-19 12:23:57 | INFO | Episode 4123 - Reward: -200.000, Length: 200, Loss: 17.3852, Entropy: 1.0891, Epsilon: 0.010
2026-04-19 12:23:57 | INFO | Episode 4124 - Reward: -200.000, Length: 200, Loss: 17.6425, Entropy: 1.0925, Epsilon: 0.010
2026-04-19 12:23:57 | INFO | Episode 4125 - Reward: -200.000, Length: 200, Loss: 17.2356, Entropy: 1.0888, Epsilon: 0.010
2026-04-19 12:23:58 | INFO | Episode 4126 - Reward: -200.000, Length: 200, Loss: 27.1644, Entropy: 1.0750, Epsilon: 0.010
2026-04-19 12:23:58 | INFO | Episode 4127 - Reward: -200.000, Length: 200, Loss: 17.9168, Entropy: 1.0793, Epsilon: 0.010
2026-04-19 12:23:58 | INFO | Episode 4128 - Reward: -200.000, Length: 200, Loss: 14.6248, Entropy: 1.0826, Epsilon: 0.010
2026-04-19 12:23:59 | INFO | Episode 4129 - Reward: -200.000, Length: 200, Loss: 2.4884, Entropy: 1.0960, Epsilon: 0.010
2026-04-19 12:23:59 | INFO | Episode 4130 - Reward: -200.000, Length: 200, Loss: 15.1765, Entropy: 1.0912, Epsilon: 0.010
2026-04-19 12:23:59 | INFO | Episode 4131 - Reward: -200.000, Length: 200, Loss: 2.6986, Entropy: 1.0961, Epsilon: 0.010
2026-04-19 12:24:00 | INFO | Episode 4132 - Reward: -200.000, Length: 200, Loss: 11.8761, Entropy: 1.0931, Epsilon: 0.010
2026-04-19 12:24:00 | INFO | Episode 4133 - Reward: -200.000, Length: 200, Loss: 6.0853, Entropy: 1.0919, Epsilon: 0.010
2026-04-19 12:24:01 | INFO | Episode 4134 - Reward: -200.000, Length: 200, Loss: 15.0289, Entropy: 1.0594, Epsilon: 0.010
2026-04-19 12:24:01 | INFO | Episode 4135 - Reward: -200.000, Length: 200, Loss: 18.5409, Entropy: 1.0221, Epsilon: 0.010
2026-04-19 12:24:02 | INFO | Episode 4136 - Reward: -200.000, Length: 200, Loss: 14.2230, Entropy: 1.0799, Epsilon: 0.010
2026-04-19 12:24:02 | INFO | Episode 4137 - Reward: -200.000, Length: 200, Loss: 29.9612, Entropy: 1.0648, Epsilon: 0.010
2026-04-19 12:24:02 | INFO | Episode 4138 - Reward: -200.000, Length: 200, Loss: 20.1321, Entropy: 1.0483, Epsilon: 0.010
2026-04-19 12:24:03 | INFO | Episode 4139 - Reward: -200.000, Length: 200, Loss: 14.1031, Entropy: 1.0576, Epsilon: 0.010
2026-04-19 12:24:03 | INFO | Episode 4140 - Reward: -200.000, Length: 200, Loss: 28.2213, Entropy: 1.0706, Epsilon: 0.010
2026-04-19 12:24:04 | INFO | Episode 4141 - Reward: -200.000, Length: 200, Loss: 31.0125, Entropy: 1.0822, Epsilon: 0.010
2026-04-19 12:24:04 | INFO | Episode 4142 - Reward: -200.000, Length: 200, Loss: 5.5746, Entropy: 1.0898, Epsilon: 0.010
2026-04-19 12:24:04 | INFO | Episode 4143 - Reward: -200.000, Length: 200, Loss: 8.6915, Entropy: 1.0915, Epsilon: 0.010
2026-04-19 12:24:05 | INFO | Episode 4144 - Reward: -200.000, Length: 200, Loss: 5.3978, Entropy: 1.0925, Epsilon: 0.010
2026-04-19 12:24:05 | INFO | Episode 4145 - Reward: -200.000, Length: 200, Loss: 17.1932, Entropy: 1.0845, Epsilon: 0.010
2026-04-19 12:24:05 | INFO | Episode 4146 - Reward: -200.000, Length: 200, Loss: 14.0943, Entropy: 1.0891, Epsilon: 0.010
2026-04-19 12:24:06 | INFO | Episode 4147 - Reward: -200.000, Length: 200, Loss: 10.8348, Entropy: 1.0818, Epsilon: 0.010
2026-04-19 12:24:06 | INFO | Episode 4148 - Reward: -200.000, Length: 200, Loss: 23.2651, Entropy: 1.0770, Epsilon: 0.010
2026-04-19 12:24:06 | INFO | Episode 4149 - Reward: -200.000, Length: 200, Loss: 25.5528, Entropy: 1.0454, Epsilon: 0.010
2026-04-19 12:24:07 | INFO | Episode 4150 - Reward: -200.000, Length: 200, Loss: 14.7968, Entropy: 1.0809, Epsilon: 0.010
2026-04-19 12:24:07 | INFO | Episode 4151 - Reward: -200.000, Length: 200, Loss: 9.0778, Entropy: 1.0876, Epsilon: 0.010
2026-04-19 12:24:07 | INFO | Episode 4152 - Reward: -200.000, Length: 200, Loss: 11.4952, Entropy: 1.0874, Epsilon: 0.010
2026-04-19 12:24:08 | INFO | Episode 4153 - Reward: -200.000, Length: 200, Loss: 20.4215, Entropy: 1.0773, Epsilon: 0.010
2026-04-19 12:24:08 | INFO | Episode 4154 - Reward: -200.000, Length: 200, Loss: 25.8158, Entropy: 1.0848, Epsilon: 0.010
2026-04-19 12:24:08 | INFO | Episode 4155 - Reward: -200.000, Length: 200, Loss: 14.4213, Entropy: 1.0769, Epsilon: 0.010
2026-04-19 12:24:09 | INFO | Episode 4156 - Reward: -200.000, Length: 200, Loss: 24.8344, Entropy: 1.0331, Epsilon: 0.010
2026-04-19 12:24:09 | INFO | Episode 4157 - Reward: -200.000, Length: 200, Loss: 5.4074, Entropy: 1.0812, Epsilon: 0.010
2026-04-19 12:24:09 | INFO | Episode 4158 - Reward: -200.000, Length: 200, Loss: 10.5659, Entropy: 1.0938, Epsilon: 0.010
2026-04-19 12:24:10 | INFO | Episode 4159 - Reward: -200.000, Length: 200, Loss: 21.5022, Entropy: 1.0921, Epsilon: 0.010
2026-04-19 12:24:10 | INFO | Episode 4160 - Reward: -200.000, Length: 200, Loss: 13.9382, Entropy: 1.0828, Epsilon: 0.010
2026-04-19 12:24:11 | INFO | Episode 4161 - Reward: -200.000, Length: 200, Loss: 13.9366, Entropy: 1.0762, Epsilon: 0.010
2026-04-19 12:24:11 | INFO | Episode 4162 - Reward: -200.000, Length: 200, Loss: 18.9882, Entropy: 1.0944, Epsilon: 0.010
2026-04-19 12:24:11 | INFO | Episode 4163 - Reward: -200.000, Length: 200, Loss: 28.4578, Entropy: 1.0433, Epsilon: 0.010
2026-04-19 12:24:12 | INFO | Episode 4164 - Reward: -200.000, Length: 200, Loss: 8.3939, Entropy: 1.0619, Epsilon: 0.010
2026-04-19 12:24:12 | INFO | Episode 4165 - Reward: -200.000, Length: 200, Loss: 24.6219, Entropy: 1.0933, Epsilon: 0.010
2026-04-19 12:24:12 | INFO | Episode 4166 - Reward: -200.000, Length: 200, Loss: 8.3152, Entropy: 1.0891, Epsilon: 0.010
2026-04-19 12:24:13 | INFO | Episode 4167 - Reward: -200.000, Length: 200, Loss: -0.2156, Entropy: 1.0969, Epsilon: 0.010
2026-04-19 12:24:13 | INFO | Episode 4168 - Reward: -200.000, Length: 200, Loss: 30.4669, Entropy: 1.0816, Epsilon: 0.010
2026-04-19 12:24:13 | INFO | Episode 4169 - Reward: -200.000, Length: 200, Loss: 11.1914, Entropy: 1.0812, Epsilon: 0.010
2026-04-19 12:24:14 | INFO | Episode 4170 - Reward: -200.000, Length: 200, Loss: 7.9855, Entropy: 1.0940, Epsilon: 0.010
2026-04-19 12:24:14 | INFO | Episode 4171 - Reward: -200.000, Length: 200, Loss: 8.3771, Entropy: 1.0830, Epsilon: 0.010
2026-04-19 12:24:14 | INFO | Episode 4172 - Reward: -200.000, Length: 200, Loss: 17.2507, Entropy: 1.0898, Epsilon: 0.010
2026-04-19 12:24:15 | INFO | Episode 4173 - Reward: -200.000, Length: 200, Loss: 8.3915, Entropy: 1.0935, Epsilon: 0.010
2026-04-19 12:24:15 | INFO | Episode 4174 - Reward: -200.000, Length: 200, Loss: 16.6932, Entropy: 1.0815, Epsilon: 0.010
2026-04-19 12:24:15 | INFO | Episode 4175 - Reward: -200.000, Length: 200, Loss: 5.6839, Entropy: 1.0947, Epsilon: 0.010
2026-04-19 12:24:16 | INFO | Episode 4176 - Reward: -200.000, Length: 200, Loss: 11.2143, Entropy: 1.0925, Epsilon: 0.010
2026-04-19 12:24:16 | INFO | Episode 4177 - Reward: -200.000, Length: 200, Loss: 8.4248, Entropy: 1.0917, Epsilon: 0.010
2026-04-19 12:24:16 | INFO | Episode 4178 - Reward: -200.000, Length: 200, Loss: 14.0044, Entropy: 1.0906, Epsilon: 0.010
2026-04-19 12:24:17 | INFO | Episode 4179 - Reward: -200.000, Length: 200, Loss: 19.8958, Entropy: 1.0526, Epsilon: 0.010
2026-04-19 12:24:17 | INFO | Episode 4180 - Reward: -200.000, Length: 200, Loss: 17.0579, Entropy: 1.0698, Epsilon: 0.010
2026-04-19 12:24:18 | INFO | Episode 4181 - Reward: -200.000, Length: 200, Loss: 16.3462, Entropy: 1.0882, Epsilon: 0.010
2026-04-19 12:24:18 | INFO | Episode 4182 - Reward: -200.000, Length: 200, Loss: 16.4905, Entropy: 1.0869, Epsilon: 0.010
2026-04-19 12:24:18 | INFO | Episode 4183 - Reward: -200.000, Length: 200, Loss: 17.0547, Entropy: 1.0728, Epsilon: 0.010
2026-04-19 12:24:19 | INFO | Episode 4184 - Reward: -200.000, Length: 200, Loss: 11.0667, Entropy: 1.0917, Epsilon: 0.010
2026-04-19 12:24:19 | INFO | Episode 4185 - Reward: -200.000, Length: 200, Loss: 10.7969, Entropy: 1.0879, Epsilon: 0.010
2026-04-19 12:24:19 | INFO | Episode 4186 - Reward: -200.000, Length: 200, Loss: 38.5520, Entropy: 1.0765, Epsilon: 0.010
2026-04-19 12:24:20 | INFO | Episode 4187 - Reward: -200.000, Length: 200, Loss: 21.7891, Entropy: 1.0897, Epsilon: 0.010
2026-04-19 12:24:20 | INFO | Episode 4188 - Reward: -200.000, Length: 200, Loss: 2.5573, Entropy: 1.0953, Epsilon: 0.010
2026-04-19 12:24:20 | INFO | Episode 4189 - Reward: -200.000, Length: 200, Loss: 19.2716, Entropy: 1.0849, Epsilon: 0.010
2026-04-19 12:24:21 | INFO | Episode 4190 - Reward: -200.000, Length: 200, Loss: 19.2674, Entropy: 1.0849, Epsilon: 0.010
2026-04-19 12:24:21 | INFO | Episode 4191 - Reward: -200.000, Length: 200, Loss: 10.8764, Entropy: 1.0876, Epsilon: 0.010
2026-04-19 12:24:21 | INFO | Episode 4192 - Reward: -200.000, Length: 200, Loss: 11.0869, Entropy: 1.0934, Epsilon: 0.010
2026-04-19 12:24:22 | INFO | Episode 4193 - Reward: -200.000, Length: 200, Loss: 8.3401, Entropy: 1.0909, Epsilon: 0.010
2026-04-19 12:24:22 | INFO | Episode 4194 - Reward: -200.000, Length: 200, Loss: 2.4015, Entropy: 1.0969, Epsilon: 0.010
2026-04-19 12:24:22 | INFO | Episode 4195 - Reward: -200.000, Length: 200, Loss: 28.3508, Entropy: 1.0599, Epsilon: 0.010
2026-04-19 12:24:23 | INFO | Episode 4196 - Reward: -200.000, Length: 200, Loss: 5.4280, Entropy: 1.0760, Epsilon: 0.010
2026-04-19 12:24:23 | INFO | Episode 4197 - Reward: -200.000, Length: 200, Loss: 15.7003, Entropy: 1.0897, Epsilon: 0.010
2026-04-19 12:24:23 | INFO | Episode 4198 - Reward: -200.000, Length: 200, Loss: 8.2581, Entropy: 1.0919, Epsilon: 0.010
2026-04-19 12:24:24 | INFO | Episode 4199 - Reward: -200.000, Length: 200, Loss: 19.6528, Entropy: 1.0773, Epsilon: 0.010
2026-04-19 12:24:24 | INFO | Episode 4200 - Reward: -200.000, Length: 200, Loss: 10.9726, Entropy: 1.0655, Epsilon: 0.010
2026-04-19 12:24:29 | INFO | [Episode 4200] eps=0.010  avg_reward=-200.000  avg_length=200.00  avg_loss= 14.9562  avg_entropy=1.0655  eval_success=0.000
2026-04-19 12:24:29 | INFO | Episode 4201 - Reward: -200.000, Length: 200, Loss: 8.3569, Entropy: 1.0895, Epsilon: 0.010
2026-04-19 12:24:30 | INFO | Episode 4202 - Reward: -200.000, Length: 200, Loss: 10.9132, Entropy: 1.0913, Epsilon: 0.010
2026-04-19 12:24:30 | INFO | Episode 4203 - Reward: -200.000, Length: 200, Loss: 14.0526, Entropy: 1.0881, Epsilon: 0.010
2026-04-19 12:24:30 | INFO | Episode 4204 - Reward: -200.000, Length: 200, Loss: 13.6284, Entropy: 1.0830, Epsilon: 0.010
2026-04-19 12:24:31 | INFO | Episode 4205 - Reward: -200.000, Length: 200, Loss: 13.7337, Entropy: 1.0869, Epsilon: 0.010
2026-04-19 12:24:31 | INFO | Episode 4206 - Reward: -200.000, Length: 200, Loss: 10.8330, Entropy: 1.0916, Epsilon: 0.010
2026-04-19 12:24:31 | INFO | Episode 4207 - Reward: -200.000, Length: 200, Loss: 16.3318, Entropy: 1.0872, Epsilon: 0.010
2026-04-19 12:24:32 | INFO | Episode 4208 - Reward: -200.000, Length: 200, Loss: 19.3832, Entropy: 1.0681, Epsilon: 0.010
2026-04-19 12:24:32 | INFO | Episode 4209 - Reward: -200.000, Length: 200, Loss: 10.5472, Entropy: 1.0906, Epsilon: 0.010
2026-04-19 12:24:32 | INFO | Episode 4210 - Reward: -200.000, Length: 200, Loss: 5.3972, Entropy: 1.0888, Epsilon: 0.010
2026-04-19 12:24:33 | INFO | Episode 4211 - Reward: -200.000, Length: 200, Loss: 5.5886, Entropy: 1.0937, Epsilon: 0.010
2026-04-19 12:24:33 | INFO | Episode 4212 - Reward: -200.000, Length: 200, Loss: 2.6104, Entropy: 1.0894, Epsilon: 0.010
2026-04-19 12:24:33 | INFO | Episode 4213 - Reward: -200.000, Length: 200, Loss: 22.6334, Entropy: 1.0736, Epsilon: 0.010
2026-04-19 12:24:34 | INFO | Episode 4214 - Reward: -200.000, Length: 200, Loss: 11.1849, Entropy: 1.0696, Epsilon: 0.010
2026-04-19 12:24:35 | INFO | Episode 4215 - Reward: -200.000, Length: 200, Loss: 10.7089, Entropy: 1.0825, Epsilon: 0.010
2026-04-19 12:24:35 | INFO | Episode 4216 - Reward: -200.000, Length: 200, Loss: 10.5825, Entropy: 1.0932, Epsilon: 0.010
2026-04-19 12:24:35 | INFO | Episode 4217 - Reward: -200.000, Length: 200, Loss: 18.8519, Entropy: 1.0771, Epsilon: 0.010
2026-04-19 12:24:36 | INFO | Episode 4218 - Reward: -200.000, Length: 200, Loss: 5.5012, Entropy: 1.0832, Epsilon: 0.010
2026-04-19 12:24:36 | INFO | Episode 4219 - Reward: -200.000, Length: 200, Loss: 22.2648, Entropy: 1.0878, Epsilon: 0.010
2026-04-19 12:24:36 | INFO | Episode 4220 - Reward: -200.000, Length: 200, Loss: 5.3343, Entropy: 1.0886, Epsilon: 0.010
2026-04-19 12:24:37 | INFO | Episode 4221 - Reward: -200.000, Length: 200, Loss: 19.5976, Entropy: 1.0923, Epsilon: 0.010
2026-04-19 12:24:37 | INFO | Episode 4222 - Reward: -200.000, Length: 200, Loss: 13.8336, Entropy: 1.0896, Epsilon: 0.010
2026-04-19 12:24:37 | INFO | Episode 4223 - Reward: -200.000, Length: 200, Loss: 8.2286, Entropy: 1.0807, Epsilon: 0.010
2026-04-19 12:24:38 | INFO | Episode 4224 - Reward: -200.000, Length: 200, Loss: 18.5484, Entropy: 1.0515, Epsilon: 0.010
2026-04-19 12:24:38 | INFO | Episode 4225 - Reward: -200.000, Length: 200, Loss: 14.2422, Entropy: 1.0921, Epsilon: 0.010
2026-04-19 12:24:38 | INFO | Episode 4226 - Reward: -200.000, Length: 200, Loss: 17.0124, Entropy: 1.0906, Epsilon: 0.010
2026-04-19 12:24:39 | INFO | Episode 4227 - Reward: -200.000, Length: 200, Loss: 8.5332, Entropy: 1.0935, Epsilon: 0.010
2026-04-19 12:24:39 | INFO | Episode 4228 - Reward: -200.000, Length: 200, Loss: 5.6061, Entropy: 1.0955, Epsilon: 0.010
2026-04-19 12:24:40 | INFO | Episode 4229 - Reward: -200.000, Length: 200, Loss: 8.5249, Entropy: 1.0956, Epsilon: 0.010
2026-04-19 12:24:40 | INFO | Episode 4230 - Reward: -200.000, Length: 200, Loss: 17.1765, Entropy: 1.0929, Epsilon: 0.010
2026-04-19 12:24:40 | INFO | Episode 4231 - Reward: -200.000, Length: 200, Loss: 14.2890, Entropy: 1.0761, Epsilon: 0.010
2026-04-19 12:24:41 | INFO | Episode 4232 - Reward: -200.000, Length: 200, Loss: 20.0298, Entropy: 1.0852, Epsilon: 0.010
2026-04-19 12:24:41 | INFO | Episode 4233 - Reward: -200.000, Length: 200, Loss: 20.1654, Entropy: 1.0822, Epsilon: 0.010
2026-04-19 12:24:41 | INFO | Episode 4234 - Reward: -200.000, Length: 200, Loss: 8.2601, Entropy: 1.0939, Epsilon: 0.010
2026-04-19 12:24:42 | INFO | Episode 4235 - Reward: -200.000, Length: 200, Loss: 8.7898, Entropy: 1.0947, Epsilon: 0.010
2026-04-19 12:24:42 | INFO | Episode 4236 - Reward: -200.000, Length: 200, Loss: 17.6212, Entropy: 1.0782, Epsilon: 0.010
2026-04-19 12:24:42 | INFO | Episode 4237 - Reward: -200.000, Length: 200, Loss: 11.7899, Entropy: 1.0864, Epsilon: 0.010
2026-04-19 12:24:43 | INFO | Episode 4238 - Reward: -200.000, Length: 200, Loss: 20.3830, Entropy: 1.0845, Epsilon: 0.010
2026-04-19 12:24:43 | INFO | Episode 4239 - Reward: -200.000, Length: 200, Loss: 8.9003, Entropy: 1.0846, Epsilon: 0.010
2026-04-19 12:24:43 | INFO | Episode 4240 - Reward: -200.000, Length: 200, Loss: 20.1256, Entropy: 1.0656, Epsilon: 0.010
2026-04-19 12:24:44 | INFO | Episode 4241 - Reward: -200.000, Length: 200, Loss: 11.5547, Entropy: 1.0599, Epsilon: 0.010
2026-04-19 12:24:44 | INFO | Episode 4242 - Reward: -200.000, Length: 200, Loss: 10.6222, Entropy: 1.0904, Epsilon: 0.010
2026-04-19 12:24:44 | INFO | Episode 4243 - Reward: -200.000, Length: 200, Loss: 2.8783, Entropy: 1.0902, Epsilon: 0.010
2026-04-19 12:24:45 | INFO | Episode 4244 - Reward: -200.000, Length: 200, Loss: 5.6357, Entropy: 1.0892, Epsilon: 0.010
2026-04-19 12:24:45 | INFO | Episode 4245 - Reward: -200.000, Length: 200, Loss: 8.6716, Entropy: 1.0845, Epsilon: 0.010
2026-04-19 12:24:45 | INFO | Episode 4246 - Reward: -200.000, Length: 200, Loss: 11.5417, Entropy: 1.0850, Epsilon: 0.010
2026-04-19 12:24:46 | INFO | Episode 4247 - Reward: -200.000, Length: 200, Loss: 11.3901, Entropy: 1.0857, Epsilon: 0.010
2026-04-19 12:24:46 | INFO | Episode 4248 - Reward: -200.000, Length: 200, Loss: 14.0495, Entropy: 1.0915, Epsilon: 0.010
2026-04-19 12:24:46 | INFO | Episode 4249 - Reward: -200.000, Length: 200, Loss: 21.1797, Entropy: 1.0838, Epsilon: 0.010
2026-04-19 12:24:47 | INFO | Episode 4250 - Reward: -200.000, Length: 200, Loss: 21.7321, Entropy: 1.0751, Epsilon: 0.010
2026-04-19 12:24:47 | INFO | Episode 4251 - Reward: -200.000, Length: 200, Loss: 10.8225, Entropy: 1.0573, Epsilon: 0.010
2026-04-19 12:24:48 | INFO | Episode 4252 - Reward: -200.000, Length: 200, Loss: 10.8623, Entropy: 1.0860, Epsilon: 0.010
2026-04-19 12:24:48 | INFO | Episode 4253 - Reward: -200.000, Length: 200, Loss: 16.4162, Entropy: 1.0828, Epsilon: 0.010
2026-04-19 12:24:48 | INFO | Episode 4254 - Reward: -200.000, Length: 200, Loss: 10.7340, Entropy: 1.0933, Epsilon: 0.010
2026-04-19 12:24:49 | INFO | Episode 4255 - Reward: -200.000, Length: 200, Loss: 15.3404, Entropy: 1.0762, Epsilon: 0.010
2026-04-19 12:24:49 | INFO | Episode 4256 - Reward: -200.000, Length: 200, Loss: 19.6324, Entropy: 1.0903, Epsilon: 0.010
2026-04-19 12:24:49 | INFO | Episode 4257 - Reward: -200.000, Length: 200, Loss: 13.6610, Entropy: 1.0927, Epsilon: 0.010
2026-04-19 12:24:50 | INFO | Episode 4258 - Reward: -200.000, Length: 200, Loss: 13.9980, Entropy: 1.0929, Epsilon: 0.010
2026-04-19 12:24:50 | INFO | Episode 4259 - Reward: -200.000, Length: 200, Loss: 11.2518, Entropy: 1.0907, Epsilon: 0.010
2026-04-19 12:24:50 | INFO | Episode 4260 - Reward: -200.000, Length: 200, Loss: 24.6247, Entropy: 1.0786, Epsilon: 0.010
2026-04-19 12:24:51 | INFO | Episode 4261 - Reward: -200.000, Length: 200, Loss: 11.4028, Entropy: 1.0706, Epsilon: 0.010
2026-04-19 12:24:51 | INFO | Episode 4262 - Reward: -200.000, Length: 200, Loss: 17.4353, Entropy: 1.0737, Epsilon: 0.010
2026-04-19 12:24:51 | INFO | Episode 4263 - Reward: -200.000, Length: 200, Loss: 11.3976, Entropy: 1.0818, Epsilon: 0.010
2026-04-19 12:24:52 | INFO | Episode 4264 - Reward: -200.000, Length: 200, Loss: 7.7991, Entropy: 1.0928, Epsilon: 0.010
2026-04-19 12:24:52 | INFO | Episode 4265 - Reward: -200.000, Length: 200, Loss: 5.4269, Entropy: 1.0949, Epsilon: 0.010
2026-04-19 12:24:52 | INFO | Episode 4266 - Reward: -200.000, Length: 200, Loss: 16.8752, Entropy: 1.0921, Epsilon: 0.010
2026-04-19 12:24:53 | INFO | Episode 4267 - Reward: -200.000, Length: 200, Loss: 14.1392, Entropy: 1.0892, Epsilon: 0.010
2026-04-19 12:24:53 | INFO | Episode 4268 - Reward: -200.000, Length: 200, Loss: 14.2393, Entropy: 1.0817, Epsilon: 0.010
2026-04-19 12:24:53 | INFO | Episode 4269 - Reward: -200.000, Length: 200, Loss: 5.5467, Entropy: 1.0957, Epsilon: 0.010
2026-04-19 12:24:54 | INFO | Episode 4270 - Reward: -200.000, Length: 200, Loss: 8.7153, Entropy: 1.0910, Epsilon: 0.010
2026-04-19 12:24:54 | INFO | Episode 4271 - Reward: -200.000, Length: 200, Loss: 5.6889, Entropy: 1.0903, Epsilon: 0.010
2026-04-19 12:24:54 | INFO | Episode 4272 - Reward: -200.000, Length: 200, Loss: 8.1579, Entropy: 1.0947, Epsilon: 0.010
2026-04-19 12:24:55 | INFO | Episode 4273 - Reward: -200.000, Length: 200, Loss: 17.1503, Entropy: 1.0873, Epsilon: 0.010
2026-04-19 12:24:55 | INFO | Episode 4274 - Reward: -200.000, Length: 200, Loss: 8.4537, Entropy: 1.0926, Epsilon: 0.010
2026-04-19 12:24:56 | INFO | Episode 4275 - Reward: -200.000, Length: 200, Loss: 20.0809, Entropy: 1.0869, Epsilon: 0.010
2026-04-19 12:24:56 | INFO | Episode 4276 - Reward: -200.000, Length: 200, Loss: 28.5503, Entropy: 1.0421, Epsilon: 0.010
2026-04-19 12:24:56 | INFO | Episode 4277 - Reward: -200.000, Length: 200, Loss: 5.3412, Entropy: 1.0868, Epsilon: 0.010
2026-04-19 12:24:57 | INFO | Episode 4278 - Reward: -200.000, Length: 200, Loss: 20.3384, Entropy: 1.0945, Epsilon: 0.010
2026-04-19 12:24:57 | INFO | Episode 4279 - Reward: -200.000, Length: 200, Loss: 8.5525, Entropy: 1.0944, Epsilon: 0.010
2026-04-19 12:24:57 | INFO | Episode 4280 - Reward: -200.000, Length: 200, Loss: 26.1046, Entropy: 1.0677, Epsilon: 0.010
2026-04-19 12:24:58 | INFO | Episode 4281 - Reward: -200.000, Length: 200, Loss: 14.5372, Entropy: 1.0925, Epsilon: 0.010
2026-04-19 12:24:58 | INFO | Episode 4282 - Reward: -200.000, Length: 200, Loss: 11.4621, Entropy: 1.0871, Epsilon: 0.010
2026-04-19 12:24:58 | INFO | Episode 4283 - Reward: -200.000, Length: 200, Loss: 17.7932, Entropy: 1.0725, Epsilon: 0.010
2026-04-19 12:24:59 | INFO | Episode 4284 - Reward: -200.000, Length: 200, Loss: 14.8752, Entropy: 1.0674, Epsilon: 0.010
2026-04-19 12:24:59 | INFO | Episode 4285 - Reward: -200.000, Length: 200, Loss: 8.7334, Entropy: 1.0810, Epsilon: 0.010
2026-04-19 12:24:59 | INFO | Episode 4286 - Reward: -200.000, Length: 200, Loss: 8.4837, Entropy: 1.0821, Epsilon: 0.010
2026-04-19 12:25:00 | INFO | Episode 4287 - Reward: -200.000, Length: 200, Loss: 14.0658, Entropy: 1.0834, Epsilon: 0.010
2026-04-19 12:25:00 | INFO | Episode 4288 - Reward: -200.000, Length: 200, Loss: 20.5775, Entropy: 1.0508, Epsilon: 0.010
2026-04-19 12:25:00 | INFO | Episode 4289 - Reward: -200.000, Length: 200, Loss: 8.8198, Entropy: 1.0848, Epsilon: 0.010
2026-04-19 12:25:01 | INFO | Episode 4290 - Reward: -200.000, Length: 200, Loss: 20.7069, Entropy: 1.0915, Epsilon: 0.010
2026-04-19 12:25:01 | INFO | Episode 4291 - Reward: -200.000, Length: 200, Loss: 14.9350, Entropy: 1.0658, Epsilon: 0.010
2026-04-19 12:25:01 | INFO | Episode 4292 - Reward: -200.000, Length: 200, Loss: 14.3362, Entropy: 1.0923, Epsilon: 0.010
2026-04-19 12:25:02 | INFO | Episode 4293 - Reward: -200.000, Length: 200, Loss: 26.3277, Entropy: 1.0788, Epsilon: 0.010
2026-04-19 12:25:02 | INFO | Episode 4294 - Reward: -200.000, Length: 200, Loss: 7.9328, Entropy: 1.0899, Epsilon: 0.010
2026-04-19 12:25:03 | INFO | Episode 4295 - Reward: -200.000, Length: 200, Loss: 14.6150, Entropy: 1.0845, Epsilon: 0.010
2026-04-19 12:25:03 | INFO | Episode 4296 - Reward: -200.000, Length: 200, Loss: 17.0610, Entropy: 1.0895, Epsilon: 0.010
2026-04-19 12:25:03 | INFO | Episode 4297 - Reward: -200.000, Length: 200, Loss: 11.7969, Entropy: 1.0725, Epsilon: 0.010
2026-04-19 12:25:04 | INFO | Episode 4298 - Reward: -200.000, Length: 200, Loss: 17.6745, Entropy: 1.0837, Epsilon: 0.010
2026-04-19 12:25:04 | INFO | Episode 4299 - Reward: -200.000, Length: 200, Loss: 29.3064, Entropy: 1.0753, Epsilon: 0.010
2026-04-19 12:25:04 | INFO | Episode 4300 - Reward: -200.000, Length: 200, Loss: 8.6633, Entropy: 1.0941, Epsilon: 0.010
2026-04-19 12:25:10 | INFO | [Episode 4300] eps=0.010  avg_reward=-200.000  avg_length=200.00  avg_loss= 13.5079  avg_entropy=1.0941  eval_success=0.000
2026-04-19 12:25:10 | INFO | Episode 4301 - Reward: -200.000, Length: 200, Loss: 2.9164, Entropy: 1.0945, Epsilon: 0.010
2026-04-19 12:25:10 | INFO | Episode 4302 - Reward: -200.000, Length: 200, Loss: 9.0180, Entropy: 1.0901, Epsilon: 0.010
2026-04-19 12:25:11 | INFO | Episode 4303 - Reward: -200.000, Length: 200, Loss: 6.0272, Entropy: 1.0858, Epsilon: 0.010
2026-04-19 12:25:11 | INFO | Episode 4304 - Reward: -200.000, Length: 200, Loss: 20.9958, Entropy: 1.0898, Epsilon: 0.010
2026-04-19 12:25:11 | INFO | Episode 4305 - Reward: -200.000, Length: 200, Loss: 18.0265, Entropy: 1.0818, Epsilon: 0.010
2026-04-19 12:25:12 | INFO | Episode 4306 - Reward: -200.000, Length: 200, Loss: 20.8668, Entropy: 1.0651, Epsilon: 0.010
2026-04-19 12:25:12 | INFO | Episode 4307 - Reward: -200.000, Length: 200, Loss: 15.2215, Entropy: 1.0635, Epsilon: 0.010
2026-04-19 12:25:12 | INFO | Episode 4308 - Reward: -200.000, Length: 200, Loss: 23.3786, Entropy: 1.0835, Epsilon: 0.010
2026-04-19 12:25:13 | INFO | Episode 4309 - Reward: -200.000, Length: 200, Loss: 18.1879, Entropy: 1.0914, Epsilon: 0.010
2026-04-19 12:25:13 | INFO | Episode 4310 - Reward: -200.000, Length: 200, Loss: 20.8776, Entropy: 1.0885, Epsilon: 0.010
2026-04-19 12:25:13 | INFO | Episode 4311 - Reward: -200.000, Length: 200, Loss: 17.5010, Entropy: 1.0812, Epsilon: 0.010
2026-04-19 12:25:14 | INFO | Episode 4312 - Reward: -200.000, Length: 200, Loss: 2.8450, Entropy: 1.0900, Epsilon: 0.010
2026-04-19 12:25:14 | INFO | Episode 4313 - Reward: -200.000, Length: 200, Loss: 8.8349, Entropy: 1.0941, Epsilon: 0.010
2026-04-19 12:25:14 | INFO | Episode 4314 - Reward: -200.000, Length: 200, Loss: 17.6285, Entropy: 1.0909, Epsilon: 0.010
2026-04-19 12:25:15 | INFO | Episode 4315 - Reward: -200.000, Length: 200, Loss: 14.9850, Entropy: 1.0780, Epsilon: 0.010
2026-04-19 12:25:15 | INFO | Episode 4316 - Reward: -200.000, Length: 200, Loss: 8.4686, Entropy: 1.0832, Epsilon: 0.010
2026-04-19 12:25:16 | INFO | Episode 4317 - Reward: -200.000, Length: 200, Loss: 8.9298, Entropy: 1.0906, Epsilon: 0.010
2026-04-19 12:25:16 | INFO | Episode 4318 - Reward: -200.000, Length: 200, Loss: 8.7382, Entropy: 1.0868, Epsilon: 0.010
2026-04-19 12:25:16 | INFO | Episode 4319 - Reward: -200.000, Length: 200, Loss: 11.7817, Entropy: 1.0824, Epsilon: 0.010
2026-04-19 12:25:17 | INFO | Episode 4320 - Reward: -200.000, Length: 200, Loss: 17.7540, Entropy: 1.0713, Epsilon: 0.010
2026-04-19 12:25:17 | INFO | Episode 4321 - Reward: -200.000, Length: 200, Loss: 17.3992, Entropy: 1.0918, Epsilon: 0.010
2026-04-19 12:25:17 | INFO | Episode 4322 - Reward: -200.000, Length: 200, Loss: 12.0724, Entropy: 1.0875, Epsilon: 0.010
2026-04-19 12:25:18 | INFO | Episode 4323 - Reward: -200.000, Length: 200, Loss: 20.1872, Entropy: 1.0923, Epsilon: 0.010
2026-04-19 12:25:18 | INFO | Episode 4324 - Reward: -200.000, Length: 200, Loss: 23.3234, Entropy: 1.0769, Epsilon: 0.010
2026-04-19 12:25:18 | INFO | Episode 4325 - Reward: -200.000, Length: 200, Loss: 8.9744, Entropy: 1.0909, Epsilon: 0.010
2026-04-19 12:25:19 | INFO | Episode 4326 - Reward: -200.000, Length: 200, Loss: 14.6412, Entropy: 1.0828, Epsilon: 0.010
2026-04-19 12:25:19 | INFO | Episode 4327 - Reward: -200.000, Length: 200, Loss: 26.1347, Entropy: 1.0691, Epsilon: 0.010
2026-04-19 12:25:19 | INFO | Episode 4328 - Reward: -200.000, Length: 200, Loss: 8.5595, Entropy: 1.0919, Epsilon: 0.010
2026-04-19 12:25:20 | INFO | Episode 4329 - Reward: -200.000, Length: 200, Loss: 17.0063, Entropy: 1.0776, Epsilon: 0.010
2026-04-19 12:25:20 | INFO | Episode 4330 - Reward: -200.000, Length: 200, Loss: 26.3749, Entropy: 1.0835, Epsilon: 0.010
2026-04-19 12:25:20 | INFO | Episode 4331 - Reward: -200.000, Length: 200, Loss: 33.2090, Entropy: 1.0647, Epsilon: 0.010
2026-04-19 12:25:21 | INFO | Episode 4332 - Reward: -200.000, Length: 200, Loss: 14.9371, Entropy: 1.0809, Epsilon: 0.010
2026-04-19 12:25:21 | INFO | Episode 4333 - Reward: -200.000, Length: 200, Loss: 8.5869, Entropy: 1.0848, Epsilon: 0.010
2026-04-19 12:25:21 | INFO | Episode 4334 - Reward: -200.000, Length: 200, Loss: 11.8539, Entropy: 1.0900, Epsilon: 0.010
2026-04-19 12:25:22 | INFO | Episode 4335 - Reward: -200.000, Length: 200, Loss: 23.7288, Entropy: 1.0844, Epsilon: 0.010
2026-04-19 12:25:22 | INFO | Episode 4336 - Reward: -200.000, Length: 200, Loss: 17.1208, Entropy: 1.0915, Epsilon: 0.010
2026-04-19 12:25:22 | INFO | Episode 4337 - Reward: -200.000, Length: 200, Loss: 5.6611, Entropy: 1.0895, Epsilon: 0.010
2026-04-19 12:25:23 | INFO | Episode 4338 - Reward: -200.000, Length: 200, Loss: 19.9682, Entropy: 1.0888, Epsilon: 0.010
2026-04-19 12:25:23 | INFO | Episode 4339 - Reward: -200.000, Length: 200, Loss: 8.6174, Entropy: 1.0938, Epsilon: 0.010
2026-04-19 12:25:24 | INFO | Episode 4340 - Reward: -200.000, Length: 200, Loss: 8.4174, Entropy: 1.0909, Epsilon: 0.010
2026-04-19 12:25:24 | INFO | Episode 4341 - Reward: -200.000, Length: 200, Loss: 8.9557, Entropy: 1.0919, Epsilon: 0.010
2026-04-19 12:25:24 | INFO | Episode 4342 - Reward: -200.000, Length: 200, Loss: 5.9152, Entropy: 1.0928, Epsilon: 0.010
2026-04-19 12:25:25 | INFO | Episode 4343 - Reward: -200.000, Length: 200, Loss: 15.1978, Entropy: 1.0779, Epsilon: 0.010
2026-04-19 12:25:25 | INFO | Episode 4344 - Reward: -200.000, Length: 200, Loss: 17.6787, Entropy: 1.0654, Epsilon: 0.010
2026-04-19 12:25:25 | INFO | Episode 4345 - Reward: -200.000, Length: 200, Loss: 8.6173, Entropy: 1.0928, Epsilon: 0.010
2026-04-19 12:25:26 | INFO | Episode 4346 - Reward: -200.000, Length: 200, Loss: 11.7603, Entropy: 1.0839, Epsilon: 0.010
2026-04-19 12:25:26 | INFO | Episode 4347 - Reward: -200.000, Length: 200, Loss: 17.3205, Entropy: 1.0782, Epsilon: 0.010
2026-04-19 12:25:26 | INFO | Episode 4348 - Reward: -200.000, Length: 200, Loss: 14.3878, Entropy: 1.0878, Epsilon: 0.010
2026-04-19 12:25:27 | INFO | Episode 4349 - Reward: -200.000, Length: 200, Loss: 8.6999, Entropy: 1.0889, Epsilon: 0.010
2026-04-19 12:25:27 | INFO | Episode 4350 - Reward: -200.000, Length: 200, Loss: 23.3907, Entropy: 1.0849, Epsilon: 0.010
2026-04-19 12:25:28 | INFO | Episode 4351 - Reward: -200.000, Length: 200, Loss: 5.8602, Entropy: 1.0915, Epsilon: 0.010
2026-04-19 12:25:28 | INFO | Episode 4352 - Reward: -200.000, Length: 200, Loss: 14.5233, Entropy: 1.0950, Epsilon: 0.010
2026-04-19 12:25:28 | INFO | Episode 4353 - Reward: -200.000, Length: 200, Loss: 20.1073, Entropy: 1.0878, Epsilon: 0.010
2026-04-19 12:25:29 | INFO | Episode 4354 - Reward: -200.000, Length: 200, Loss: 5.3901, Entropy: 1.0942, Epsilon: 0.010
2026-04-19 12:25:29 | INFO | Episode 4355 - Reward: -200.000, Length: 200, Loss: 8.7885, Entropy: 1.0879, Epsilon: 0.010
2026-04-19 12:25:29 | INFO | Episode 4356 - Reward: -200.000, Length: 200, Loss: 23.1676, Entropy: 1.0820, Epsilon: 0.010
2026-04-19 12:25:30 | INFO | Episode 4357 - Reward: -200.000, Length: 200, Loss: 17.4899, Entropy: 1.0672, Epsilon: 0.010
2026-04-19 12:25:30 | INFO | Episode 4358 - Reward: -200.000, Length: 200, Loss: 8.6018, Entropy: 1.0865, Epsilon: 0.010
2026-04-19 12:25:30 | INFO | Episode 4359 - Reward: -200.000, Length: 200, Loss: 12.0258, Entropy: 1.0891, Epsilon: 0.010
2026-04-19 12:25:31 | INFO | Episode 4360 - Reward: -200.000, Length: 200, Loss: 5.8879, Entropy: 1.0927, Epsilon: 0.010
2026-04-19 12:25:31 | INFO | Episode 4361 - Reward: -200.000, Length: 200, Loss: 2.8602, Entropy: 1.0957, Epsilon: 0.010
2026-04-19 12:25:31 | INFO | Episode 4362 - Reward: -200.000, Length: 200, Loss: 15.3378, Entropy: 1.0930, Epsilon: 0.010
2026-04-19 12:25:32 | INFO | Episode 4363 - Reward: -200.000, Length: 200, Loss: 14.9240, Entropy: 1.0802, Epsilon: 0.010
2026-04-19 12:25:32 | INFO | Episode 4364 - Reward: -200.000, Length: 200, Loss: 26.9571, Entropy: 1.0782, Epsilon: 0.010
2026-04-19 12:25:32 | INFO | Episode 4365 - Reward: -200.000, Length: 200, Loss: 6.0738, Entropy: 1.0928, Epsilon: 0.010
2026-04-19 12:25:33 | INFO | Episode 4366 - Reward: -200.000, Length: 200, Loss: 9.0279, Entropy: 1.0855, Epsilon: 0.010
2026-04-19 12:25:33 | INFO | Episode 4367 - Reward: -200.000, Length: 200, Loss: 5.8840, Entropy: 1.0844, Epsilon: 0.010
2026-04-19 12:25:34 | INFO | Episode 4368 - Reward: -200.000, Length: 200, Loss: 18.2309, Entropy: 1.0877, Epsilon: 0.010
2026-04-19 12:25:34 | INFO | Episode 4369 - Reward: -200.000, Length: 200, Loss: 20.5805, Entropy: 1.0815, Epsilon: 0.010
2026-04-19 12:25:34 | INFO | Episode 4370 - Reward: -200.000, Length: 200, Loss: 18.2102, Entropy: 1.0771, Epsilon: 0.010
2026-04-19 12:25:35 | INFO | Episode 4371 - Reward: -200.000, Length: 200, Loss: 2.8055, Entropy: 1.0890, Epsilon: 0.010
2026-04-19 12:25:35 | INFO | Episode 4372 - Reward: -200.000, Length: 200, Loss: 5.7764, Entropy: 1.0851, Epsilon: 0.010
2026-04-19 12:25:35 | INFO | Episode 4373 - Reward: -200.000, Length: 200, Loss: 23.7848, Entropy: 1.0784, Epsilon: 0.010
2026-04-19 12:25:36 | INFO | Episode 4374 - Reward: -200.000, Length: 200, Loss: 2.6072, Entropy: 1.0898, Epsilon: 0.010
2026-04-19 12:25:36 | INFO | Episode 4375 - Reward: -200.000, Length: 200, Loss: 20.1188, Entropy: 1.0793, Epsilon: 0.010
2026-04-19 12:25:36 | INFO | Episode 4376 - Reward: -200.000, Length: 200, Loss: 20.8883, Entropy: 1.0887, Epsilon: 0.010
2026-04-19 12:25:37 | INFO | Episode 4377 - Reward: -200.000, Length: 200, Loss: 8.6638, Entropy: 1.0901, Epsilon: 0.010
2026-04-19 12:25:37 | INFO | Episode 4378 - Reward: -200.000, Length: 200, Loss: 11.8743, Entropy: 1.0908, Epsilon: 0.010
2026-04-19 12:25:37 | INFO | Episode 4379 - Reward: -200.000, Length: 200, Loss: 11.7513, Entropy: 1.0877, Epsilon: 0.010
2026-04-19 12:25:38 | INFO | Episode 4380 - Reward: -200.000, Length: 200, Loss: 23.6894, Entropy: 1.0597, Epsilon: 0.010
2026-04-19 12:25:40 | INFO | Episode 4381 - Reward: -200.000, Length: 200, Loss: 20.5792, Entropy: 1.0715, Epsilon: 0.010
2026-04-19 12:25:41 | INFO | Episode 4382 - Reward: -200.000, Length: 200, Loss: 17.6642, Entropy: 1.0846, Epsilon: 0.010
2026-04-19 12:25:41 | INFO | Episode 4383 - Reward: -200.000, Length: 200, Loss: 23.9895, Entropy: 1.0755, Epsilon: 0.010
2026-04-19 12:25:41 | INFO | Episode 4384 - Reward: -200.000, Length: 200, Loss: 8.4589, Entropy: 1.0869, Epsilon: 0.010
2026-04-19 12:25:42 | INFO | Episode 4385 - Reward: -200.000, Length: 200, Loss: 20.4007, Entropy: 1.0795, Epsilon: 0.010
2026-04-19 12:25:42 | INFO | Episode 4386 - Reward: -200.000, Length: 200, Loss: 11.4347, Entropy: 1.0863, Epsilon: 0.010
2026-04-19 12:25:42 | INFO | Episode 4387 - Reward: -200.000, Length: 200, Loss: 14.1601, Entropy: 1.0924, Epsilon: 0.010
2026-04-19 12:25:43 | INFO | Episode 4388 - Reward: -200.000, Length: 200, Loss: 5.5710, Entropy: 1.0870, Epsilon: 0.010
2026-04-19 12:25:43 | INFO | Episode 4389 - Reward: -200.000, Length: 200, Loss: 23.4267, Entropy: 1.0811, Epsilon: 0.010
2026-04-19 12:25:43 | INFO | Episode 4390 - Reward: -200.000, Length: 200, Loss: 14.9325, Entropy: 1.0860, Epsilon: 0.010
2026-04-19 12:25:44 | INFO | Episode 4391 - Reward: -200.000, Length: 200, Loss: 11.6201, Entropy: 1.0904, Epsilon: 0.010
2026-04-19 12:25:44 | INFO | Episode 4392 - Reward: -200.000, Length: 200, Loss: 11.4699, Entropy: 1.0893, Epsilon: 0.010
2026-04-19 12:25:44 | INFO | Episode 4393 - Reward: -200.000, Length: 200, Loss: 31.7032, Entropy: 1.0681, Epsilon: 0.010
2026-04-19 12:25:45 | INFO | Episode 4394 - Reward: -200.000, Length: 200, Loss: 8.7570, Entropy: 1.0941, Epsilon: 0.010
2026-04-19 12:25:45 | INFO | Episode 4395 - Reward: -200.000, Length: 200, Loss: 8.8546, Entropy: 1.0858, Epsilon: 0.010
2026-04-19 12:25:45 | INFO | Episode 4396 - Reward: -200.000, Length: 200, Loss: 11.6704, Entropy: 1.0870, Epsilon: 0.010
2026-04-19 12:25:46 | INFO | Episode 4397 - Reward: -200.000, Length: 200, Loss: 27.1118, Entropy: 1.0688, Epsilon: 0.010
2026-04-19 12:25:46 | INFO | Episode 4398 - Reward: -200.000, Length: 200, Loss: 11.8346, Entropy: 1.0917, Epsilon: 0.010
2026-04-19 12:25:47 | INFO | Episode 4399 - Reward: -200.000, Length: 200, Loss: 21.3405, Entropy: 1.0737, Epsilon: 0.010
2026-04-19 12:25:47 | INFO | Episode 4400 - Reward: -200.000, Length: 200, Loss: 8.6977, Entropy: 1.0887, Epsilon: 0.010
2026-04-19 12:25:52 | INFO | [Episode 4400] eps=0.010  avg_reward=-200.000  avg_length=200.00  avg_loss= 14.3725  avg_entropy=1.0887  eval_success=0.000
2026-04-19 12:25:52 | INFO | Episode 4401 - Reward: -200.000, Length: 200, Loss: 5.7518, Entropy: 1.0945, Epsilon: 0.010
2026-04-19 12:25:53 | INFO | Episode 4402 - Reward: -200.000, Length: 200, Loss: -0.1909, Entropy: 1.0957, Epsilon: 0.010
2026-04-19 12:25:53 | INFO | Episode 4403 - Reward: -200.000, Length: 200, Loss: 5.8330, Entropy: 1.0937, Epsilon: 0.010
2026-04-19 12:25:53 | INFO | Episode 4404 - Reward: -200.000, Length: 200, Loss: 11.7229, Entropy: 1.0792, Epsilon: 0.010
2026-04-19 12:25:54 | INFO | Episode 4405 - Reward: -200.000, Length: 200, Loss: 22.8495, Entropy: 1.0896, Epsilon: 0.010
2026-04-19 12:25:54 | INFO | Episode 4406 - Reward: -200.000, Length: 200, Loss: 8.7729, Entropy: 1.0961, Epsilon: 0.010
2026-04-19 12:25:54 | INFO | Episode 4407 - Reward: -200.000, Length: 200, Loss: 11.5872, Entropy: 1.0883, Epsilon: 0.010
2026-04-19 12:25:55 | INFO | Episode 4408 - Reward: -200.000, Length: 200, Loss: 11.8934, Entropy: 1.0782, Epsilon: 0.010
2026-04-19 12:25:55 | INFO | Episode 4409 - Reward: -200.000, Length: 200, Loss: 23.3604, Entropy: 1.0936, Epsilon: 0.010
2026-04-19 12:25:55 | INFO | Episode 4410 - Reward: -200.000, Length: 200, Loss: 8.7880, Entropy: 1.0880, Epsilon: 0.010
2026-04-19 12:25:56 | INFO | Episode 4411 - Reward: -200.000, Length: 200, Loss: 14.9092, Entropy: 1.0871, Epsilon: 0.010
2026-04-19 12:25:56 | INFO | Episode 4412 - Reward: -200.000, Length: 200, Loss: 11.7467, Entropy: 1.0840, Epsilon: 0.010
2026-04-19 12:25:56 | INFO | Episode 4413 - Reward: -200.000, Length: 200, Loss: 11.5679, Entropy: 1.0888, Epsilon: 0.010
2026-04-19 12:25:57 | INFO | Episode 4414 - Reward: -200.000, Length: 200, Loss: 2.7242, Entropy: 1.0842, Epsilon: 0.010
2026-04-19 12:25:57 | INFO | Episode 4415 - Reward: -200.000, Length: 200, Loss: 19.7558, Entropy: 1.0795, Epsilon: 0.010
2026-04-19 12:25:57 | INFO | Episode 4416 - Reward: -200.000, Length: 200, Loss: 17.0774, Entropy: 1.0682, Epsilon: 0.010
2026-04-19 12:25:58 | INFO | Episode 4417 - Reward: -200.000, Length: 200, Loss: 8.3141, Entropy: 1.0837, Epsilon: 0.010
2026-04-19 12:25:58 | INFO | Episode 4418 - Reward: -200.000, Length: 200, Loss: 8.6547, Entropy: 1.0951, Epsilon: 0.010
2026-04-19 12:25:58 | INFO | Episode 4419 - Reward: -200.000, Length: 200, Loss: 8.6263, Entropy: 1.0885, Epsilon: 0.010
2026-04-19 12:25:59 | INFO | Episode 4420 - Reward: -200.000, Length: 200, Loss: 19.8874, Entropy: 1.0862, Epsilon: 0.010
2026-04-19 12:25:59 | INFO | Episode 4421 - Reward: -200.000, Length: 200, Loss: 8.4961, Entropy: 1.0913, Epsilon: 0.010
2026-04-19 12:25:59 | INFO | Episode 4422 - Reward: -200.000, Length: 200, Loss: 8.5149, Entropy: 1.0842, Epsilon: 0.010
2026-04-19 12:26:00 | INFO | Episode 4423 - Reward: -200.000, Length: 200, Loss: 2.6799, Entropy: 1.0926, Epsilon: 0.010
2026-04-19 12:26:00 | INFO | Episode 4424 - Reward: -200.000, Length: 200, Loss: 14.4227, Entropy: 1.0887, Epsilon: 0.010
2026-04-19 12:26:01 | INFO | Episode 4425 - Reward: -200.000, Length: 200, Loss: 20.0461, Entropy: 1.0724, Epsilon: 0.010
2026-04-19 12:26:01 | INFO | Episode 4426 - Reward: -200.000, Length: 200, Loss: 11.0932, Entropy: 1.0773, Epsilon: 0.010
2026-04-19 12:26:01 | INFO | Episode 4427 - Reward: -200.000, Length: 200, Loss: 19.7732, Entropy: 1.0706, Epsilon: 0.010
2026-04-19 12:26:02 | INFO | Episode 4428 - Reward: -200.000, Length: 200, Loss: 11.0862, Entropy: 1.0814, Epsilon: 0.010
2026-04-19 12:26:02 | INFO | Episode 4429 - Reward: -200.000, Length: 200, Loss: 10.9399, Entropy: 1.0769, Epsilon: 0.010
2026-04-19 12:26:02 | INFO | Episode 4430 - Reward: -200.000, Length: 200, Loss: 5.5670, Entropy: 1.0918, Epsilon: 0.010
2026-04-19 12:26:03 | INFO | Episode 4431 - Reward: -200.000, Length: 200, Loss: 10.9347, Entropy: 1.0924, Epsilon: 0.010
2026-04-19 12:26:03 | INFO | Episode 4432 - Reward: -200.000, Length: 200, Loss: 13.9814, Entropy: 1.0918, Epsilon: 0.010
2026-04-19 12:26:03 | INFO | Episode 4433 - Reward: -200.000, Length: 200, Loss: 10.9912, Entropy: 1.0886, Epsilon: 0.010
2026-04-19 12:26:04 | INFO | Episode 4434 - Reward: -200.000, Length: 200, Loss: 5.5818, Entropy: 1.0926, Epsilon: 0.010
2026-04-19 12:26:04 | INFO | Episode 4435 - Reward: -200.000, Length: 200, Loss: 22.7196, Entropy: 1.0638, Epsilon: 0.010
2026-04-19 12:26:04 | INFO | Episode 4436 - Reward: -200.000, Length: 200, Loss: -0.1986, Entropy: 1.0931, Epsilon: 0.010
2026-04-19 12:26:05 | INFO | Episode 4437 - Reward: -200.000, Length: 200, Loss: 14.1028, Entropy: 1.0738, Epsilon: 0.010
2026-04-19 12:26:05 | INFO | Episode 4438 - Reward: -200.000, Length: 200, Loss: 13.7721, Entropy: 1.0767, Epsilon: 0.010
2026-04-19 12:26:05 | INFO | Episode 4439 - Reward: -200.000, Length: 200, Loss: 8.4539, Entropy: 1.0898, Epsilon: 0.010
2026-04-19 12:26:06 | INFO | Episode 4440 - Reward: -200.000, Length: 200, Loss: 21.8976, Entropy: 1.0807, Epsilon: 0.010
2026-04-19 12:26:06 | INFO | Episode 4441 - Reward: -200.000, Length: 200, Loss: 11.4083, Entropy: 1.0941, Epsilon: 0.010
2026-04-19 12:26:06 | INFO | Episode 4442 - Reward: -200.000, Length: 200, Loss: 2.7468, Entropy: 1.0963, Epsilon: 0.010
2026-04-19 12:26:07 | INFO | Episode 4443 - Reward: -200.000, Length: 200, Loss: 11.4204, Entropy: 1.0942, Epsilon: 0.010
2026-04-19 12:26:07 | INFO | Episode 4444 - Reward: -200.000, Length: 200, Loss: 5.4109, Entropy: 1.0915, Epsilon: 0.010
2026-04-19 12:26:08 | INFO | Episode 4445 - Reward: -200.000, Length: 200, Loss: 16.8462, Entropy: 1.0911, Epsilon: 0.010
2026-04-19 12:26:08 | INFO | Episode 4446 - Reward: -200.000, Length: 200, Loss: 17.1585, Entropy: 1.0866, Epsilon: 0.010
2026-04-19 12:26:08 | INFO | Episode 4447 - Reward: -200.000, Length: 200, Loss: 16.5146, Entropy: 1.0769, Epsilon: 0.010
2026-04-19 12:26:09 | INFO | Episode 4448 - Reward: -200.000, Length: 200, Loss: 22.3521, Entropy: 1.0726, Epsilon: 0.010
2026-04-19 12:26:09 | INFO | Episode 4449 - Reward: -200.000, Length: 200, Loss: 11.2536, Entropy: 1.0822, Epsilon: 0.010
2026-04-19 12:26:09 | INFO | Episode 4450 - Reward: -200.000, Length: 200, Loss: 5.6208, Entropy: 1.0916, Epsilon: 0.010
2026-04-19 12:26:10 | INFO | Episode 4451 - Reward: -200.000, Length: 200, Loss: 19.8235, Entropy: 1.0675, Epsilon: 0.010
2026-04-19 12:26:10 | INFO | Episode 4452 - Reward: -200.000, Length: 200, Loss: 5.5666, Entropy: 1.0862, Epsilon: 0.010
2026-04-19 12:26:10 | INFO | Episode 4453 - Reward: -200.000, Length: 200, Loss: 11.0252, Entropy: 1.0925, Epsilon: 0.010
2026-04-19 12:26:11 | INFO | Episode 4454 - Reward: -200.000, Length: 200, Loss: 16.5999, Entropy: 1.0810, Epsilon: 0.010
2026-04-19 12:26:11 | INFO | Episode 4455 - Reward: -200.000, Length: 200, Loss: 14.1643, Entropy: 1.0954, Epsilon: 0.010
2026-04-19 12:26:11 | INFO | Episode 4456 - Reward: -200.000, Length: 200, Loss: 19.6353, Entropy: 1.0867, Epsilon: 0.010
2026-04-19 12:26:12 | INFO | Episode 4457 - Reward: -200.000, Length: 200, Loss: 2.7418, Entropy: 1.0926, Epsilon: 0.010
2026-04-19 12:26:13 | INFO | Episode 4458 - Reward: -200.000, Length: 200, Loss: 5.6943, Entropy: 1.0951, Epsilon: 0.010
2026-04-19 12:26:13 | INFO | Episode 4459 - Reward: -200.000, Length: 200, Loss: 19.9920, Entropy: 1.0903, Epsilon: 0.010
2026-04-19 12:26:13 | INFO | Episode 4460 - Reward: -200.000, Length: 200, Loss: 25.5063, Entropy: 1.0880, Epsilon: 0.010
2026-04-19 12:26:14 | INFO | Episode 4461 - Reward: -200.000, Length: 200, Loss: 8.5315, Entropy: 1.0911, Epsilon: 0.010
2026-04-19 12:26:14 | INFO | Episode 4462 - Reward: -200.000, Length: 200, Loss: 17.6829, Entropy: 1.0780, Epsilon: 0.010
2026-04-19 12:26:14 | INFO | Episode 4463 - Reward: -200.000, Length: 200, Loss: 19.5600, Entropy: 1.0596, Epsilon: 0.010
2026-04-19 12:26:15 | INFO | Episode 4464 - Reward: -200.000, Length: 200, Loss: 11.6670, Entropy: 1.0847, Epsilon: 0.010
2026-04-19 12:26:15 | INFO | Episode 4465 - Reward: -200.000, Length: 200, Loss: 23.5620, Entropy: 1.0759, Epsilon: 0.010
2026-04-19 12:26:16 | INFO | Episode 4466 - Reward: -200.000, Length: 200, Loss: 8.2760, Entropy: 1.0831, Epsilon: 0.010
2026-04-19 12:26:16 | INFO | Episode 4467 - Reward: -200.000, Length: 200, Loss: 17.1715, Entropy: 1.0931, Epsilon: 0.010
2026-04-19 12:26:16 | INFO | Episode 4468 - Reward: -200.000, Length: 200, Loss: 11.5072, Entropy: 1.0902, Epsilon: 0.010
2026-04-19 12:26:17 | INFO | Episode 4469 - Reward: -200.000, Length: 200, Loss: 22.5771, Entropy: 1.0522, Epsilon: 0.010
2026-04-19 12:26:17 | INFO | Episode 4470 - Reward: -200.000, Length: 200, Loss: 5.6185, Entropy: 1.0801, Epsilon: 0.010
2026-04-19 12:26:17 | INFO | Episode 4471 - Reward: -200.000, Length: 200, Loss: 8.5796, Entropy: 1.0931, Epsilon: 0.010
2026-04-19 12:26:18 | INFO | Episode 4472 - Reward: -200.000, Length: 200, Loss: 16.7600, Entropy: 1.0822, Epsilon: 0.010
2026-04-19 12:26:18 | INFO | Episode 4473 - Reward: -200.000, Length: 200, Loss: 19.7447, Entropy: 1.0724, Epsilon: 0.010
2026-04-19 12:26:18 | INFO | Episode 4474 - Reward: -200.000, Length: 200, Loss: 5.5056, Entropy: 1.0906, Epsilon: 0.010
2026-04-19 12:26:19 | INFO | Episode 4475 - Reward: -200.000, Length: 200, Loss: 19.8711, Entropy: 1.0824, Epsilon: 0.010
2026-04-19 12:26:19 | INFO | Episode 4476 - Reward: -200.000, Length: 200, Loss: 14.0831, Entropy: 1.0907, Epsilon: 0.010
2026-04-19 12:26:19 | INFO | Episode 4477 - Reward: -200.000, Length: 200, Loss: 13.6543, Entropy: 1.0825, Epsilon: 0.010
2026-04-19 12:26:20 | INFO | Episode 4478 - Reward: -200.000, Length: 200, Loss: 14.0729, Entropy: 1.0938, Epsilon: 0.010
2026-04-19 12:26:20 | INFO | Episode 4479 - Reward: -200.000, Length: 200, Loss: 28.2998, Entropy: 1.0767, Epsilon: 0.010
2026-04-19 12:26:20 | INFO | Episode 4480 - Reward: -200.000, Length: 200, Loss: 8.6076, Entropy: 1.0940, Epsilon: 0.010
2026-04-19 12:26:21 | INFO | Episode 4481 - Reward: -200.000, Length: 200, Loss: 11.5442, Entropy: 1.0802, Epsilon: 0.010
2026-04-19 12:26:21 | INFO | Episode 4482 - Reward: -200.000, Length: 200, Loss: 22.9302, Entropy: 1.0466, Epsilon: 0.010
2026-04-19 12:26:21 | INFO | Episode 4483 - Reward: -200.000, Length: 200, Loss: 5.5743, Entropy: 1.0903, Epsilon: 0.010
2026-04-19 12:26:22 | INFO | Episode 4484 - Reward: -200.000, Length: 200, Loss: 17.2038, Entropy: 1.0873, Epsilon: 0.010
2026-04-19 12:26:22 | INFO | Episode 4485 - Reward: -200.000, Length: 200, Loss: 8.5250, Entropy: 1.0901, Epsilon: 0.010
2026-04-19 12:26:22 | INFO | Episode 4486 - Reward: -200.000, Length: 200, Loss: 11.2738, Entropy: 1.0744, Epsilon: 0.010
2026-04-19 12:26:23 | INFO | Episode 4487 - Reward: -200.000, Length: 200, Loss: 19.9475, Entropy: 1.0831, Epsilon: 0.010
2026-04-19 12:26:23 | INFO | Episode 4488 - Reward: -200.000, Length: 200, Loss: 22.8250, Entropy: 1.0908, Epsilon: 0.010
2026-04-19 12:26:24 | INFO | Episode 4489 - Reward: -200.000, Length: 200, Loss: 16.7231, Entropy: 1.0896, Epsilon: 0.010
2026-04-19 12:26:24 | INFO | Episode 4490 - Reward: -200.000, Length: 200, Loss: 11.5011, Entropy: 1.0801, Epsilon: 0.010
2026-04-19 12:26:24 | INFO | Episode 4491 - Reward: -200.000, Length: 200, Loss: 8.1321, Entropy: 1.0852, Epsilon: 0.010
2026-04-19 12:26:25 | INFO | Episode 4492 - Reward: -200.000, Length: 200, Loss: 13.8658, Entropy: 1.0809, Epsilon: 0.010
2026-04-19 12:26:25 | INFO | Episode 4493 - Reward: -200.000, Length: 200, Loss: 16.7041, Entropy: 1.0851, Epsilon: 0.010
2026-04-19 12:26:25 | INFO | Episode 4494 - Reward: -200.000, Length: 200, Loss: 11.4748, Entropy: 1.0930, Epsilon: 0.010
2026-04-19 12:26:26 | INFO | Episode 4495 - Reward: -200.000, Length: 200, Loss: 14.1089, Entropy: 1.0897, Epsilon: 0.010
2026-04-19 12:26:26 | INFO | Episode 4496 - Reward: -200.000, Length: 200, Loss: 13.8420, Entropy: 1.0875, Epsilon: 0.010
2026-04-19 12:26:26 | INFO | Episode 4497 - Reward: -200.000, Length: 200, Loss: 22.4320, Entropy: 1.0769, Epsilon: 0.010
2026-04-19 12:26:27 | INFO | Episode 4498 - Reward: -200.000, Length: 200, Loss: 19.9118, Entropy: 1.0826, Epsilon: 0.010
2026-04-19 12:26:27 | INFO | Episode 4499 - Reward: -200.000, Length: 200, Loss: 8.1837, Entropy: 1.0567, Epsilon: 0.010
2026-04-19 12:26:27 | INFO | Episode 4500 - Reward: -200.000, Length: 200, Loss: 5.4981, Entropy: 1.0887, Epsilon: 0.010
2026-04-19 12:26:32 | INFO | [Episode 4500] eps=0.010  avg_reward=-200.000  avg_length=200.00  avg_loss= 13.0750  avg_entropy=1.0887  eval_success=0.000
2026-04-19 12:26:33 | INFO | Episode 4501 - Reward: -200.000, Length: 200, Loss: 5.5879, Entropy: 1.0927, Epsilon: 0.010
2026-04-19 12:26:33 | INFO | Episode 4502 - Reward: -200.000, Length: 200, Loss: 8.5211, Entropy: 1.0878, Epsilon: 0.010
2026-04-19 12:26:33 | INFO | Episode 4503 - Reward: -200.000, Length: 200, Loss: 2.5288, Entropy: 1.0955, Epsilon: 0.010
2026-04-19 12:26:34 | INFO | Episode 4504 - Reward: -200.000, Length: 200, Loss: 2.7630, Entropy: 1.0957, Epsilon: 0.010
2026-04-19 12:26:34 | INFO | Episode 4505 - Reward: -200.000, Length: 200, Loss: 20.2222, Entropy: 1.0897, Epsilon: 0.010
2026-04-19 12:26:34 | INFO | Episode 4506 - Reward: -200.000, Length: 200, Loss: 16.7883, Entropy: 1.0756, Epsilon: 0.010
2026-04-19 12:26:35 | INFO | Episode 4507 - Reward: -200.000, Length: 200, Loss: 10.8562, Entropy: 1.0875, Epsilon: 0.010
2026-04-19 12:26:35 | INFO | Episode 4508 - Reward: -200.000, Length: 200, Loss: 8.3006, Entropy: 1.0942, Epsilon: 0.010
2026-04-19 12:26:36 | INFO | Episode 4509 - Reward: -200.000, Length: 200, Loss: 11.1227, Entropy: 1.0875, Epsilon: 0.010
2026-04-19 12:26:36 | INFO | Episode 4510 - Reward: -200.000, Length: 200, Loss: 8.2429, Entropy: 1.0756, Epsilon: 0.010
2026-04-19 12:26:36 | INFO | Episode 4511 - Reward: -200.000, Length: 200, Loss: 13.9011, Entropy: 1.0909, Epsilon: 0.010
2026-04-19 12:26:37 | INFO | Episode 4512 - Reward: -200.000, Length: 200, Loss: 11.2340, Entropy: 1.0905, Epsilon: 0.010
2026-04-19 12:26:37 | INFO | Episode 4513 - Reward: -200.000, Length: 200, Loss: 8.2342, Entropy: 1.0960, Epsilon: 0.010
2026-04-19 12:26:37 | INFO | Episode 4514 - Reward: -200.000, Length: 200, Loss: 19.6926, Entropy: 1.0771, Epsilon: 0.010
2026-04-19 12:26:38 | INFO | Episode 4515 - Reward: -200.000, Length: 200, Loss: 20.0559, Entropy: 1.0868, Epsilon: 0.010
2026-04-19 12:26:38 | INFO | Episode 4516 - Reward: -200.000, Length: 200, Loss: 17.2612, Entropy: 1.0873, Epsilon: 0.010
2026-04-19 12:26:38 | INFO | Episode 4517 - Reward: -200.000, Length: 200, Loss: 14.1587, Entropy: 1.0933, Epsilon: 0.010
2026-04-19 12:26:39 | INFO | Episode 4518 - Reward: -200.000, Length: 200, Loss: 8.6396, Entropy: 1.0933, Epsilon: 0.010
2026-04-19 12:26:39 | INFO | Episode 4519 - Reward: -200.000, Length: 200, Loss: 16.9181, Entropy: 1.0691, Epsilon: 0.010
2026-04-19 12:26:39 | INFO | Episode 4520 - Reward: -200.000, Length: 200, Loss: 14.3528, Entropy: 1.0890, Epsilon: 0.010
2026-04-19 12:26:40 | INFO | Episode 4521 - Reward: -200.000, Length: 200, Loss: 14.2077, Entropy: 1.0803, Epsilon: 0.010
2026-04-19 12:26:40 | INFO | Episode 4522 - Reward: -200.000, Length: 200, Loss: 19.9571, Entropy: 1.0615, Epsilon: 0.010
2026-04-19 12:26:40 | INFO | Episode 4523 - Reward: -200.000, Length: 200, Loss: 8.5318, Entropy: 1.0833, Epsilon: 0.010
2026-04-19 12:26:41 | INFO | Episode 4524 - Reward: -200.000, Length: 200, Loss: 14.4049, Entropy: 1.0799, Epsilon: 0.010
2026-04-19 12:26:41 | INFO | Episode 4525 - Reward: -200.000, Length: 200, Loss: 8.3376, Entropy: 1.0866, Epsilon: 0.010
2026-04-19 12:26:41 | INFO | Episode 4526 - Reward: -200.000, Length: 200, Loss: 8.4832, Entropy: 1.0899, Epsilon: 0.010
2026-04-19 12:26:42 | INFO | Episode 4527 - Reward: -200.000, Length: 200, Loss: 11.7545, Entropy: 1.0881, Epsilon: 0.010
2026-04-19 12:26:42 | INFO | Episode 4528 - Reward: -200.000, Length: 200, Loss: 11.5752, Entropy: 1.0904, Epsilon: 0.010
2026-04-19 12:26:43 | INFO | Episode 4529 - Reward: -200.000, Length: 200, Loss: 17.3641, Entropy: 1.0877, Epsilon: 0.010
2026-04-19 12:26:43 | INFO | Episode 4530 - Reward: -200.000, Length: 200, Loss: 17.1697, Entropy: 1.0767, Epsilon: 0.010
2026-04-19 12:26:43 | INFO | Episode 4531 - Reward: -200.000, Length: 200, Loss: 16.8554, Entropy: 1.0742, Epsilon: 0.010
2026-04-19 12:26:44 | INFO | Episode 4532 - Reward: -200.000, Length: 200, Loss: 22.7247, Entropy: 1.0636, Epsilon: 0.010
2026-04-19 12:26:44 | INFO | Episode 4533 - Reward: -200.000, Length: 200, Loss: 14.0709, Entropy: 1.0913, Epsilon: 0.010
2026-04-19 12:26:44 | INFO | Episode 4534 - Reward: -200.000, Length: 200, Loss: 16.6638, Entropy: 1.0744, Epsilon: 0.010
2026-04-19 12:26:45 | INFO | Episode 4535 - Reward: -200.000, Length: 200, Loss: 16.8602, Entropy: 1.0906, Epsilon: 0.010
2026-04-19 12:26:46 | INFO | Episode 4536 - Reward: -200.000, Length: 200, Loss: 11.0857, Entropy: 1.0761, Epsilon: 0.010
2026-04-19 12:26:46 | INFO | Episode 4537 - Reward: -200.000, Length: 200, Loss: 13.5289, Entropy: 1.0930, Epsilon: 0.010
2026-04-19 12:26:46 | INFO | Episode 4538 - Reward: -200.000, Length: 200, Loss: 5.3182, Entropy: 1.0948, Epsilon: 0.010
2026-04-19 12:26:47 | INFO | Episode 4539 - Reward: -200.000, Length: 200, Loss: 22.8787, Entropy: 1.0746, Epsilon: 0.010
2026-04-19 12:26:47 | INFO | Episode 4540 - Reward: -200.000, Length: 200, Loss: 16.6182, Entropy: 1.0779, Epsilon: 0.010
2026-04-19 12:26:47 | INFO | Episode 4541 - Reward: -200.000, Length: 200, Loss: 10.8206, Entropy: 1.0829, Epsilon: 0.010
2026-04-19 12:26:48 | INFO | Episode 4542 - Reward: -200.000, Length: 200, Loss: 16.7343, Entropy: 1.0706, Epsilon: 0.010
2026-04-19 12:26:48 | INFO | Episode 4543 - Reward: -200.000, Length: 200, Loss: 16.6991, Entropy: 1.0666, Epsilon: 0.010
2026-04-19 12:26:48 | INFO | Episode 4544 - Reward: -200.000, Length: 200, Loss: 11.2521, Entropy: 1.0922, Epsilon: 0.010
2026-04-19 12:26:49 | INFO | Episode 4545 - Reward: -200.000, Length: 200, Loss: 8.3534, Entropy: 1.0900, Epsilon: 0.010
2026-04-19 12:26:49 | INFO | Episode 4546 - Reward: -200.000, Length: 200, Loss: 19.9270, Entropy: 1.0851, Epsilon: 0.010
2026-04-19 12:26:49 | INFO | Episode 4547 - Reward: -200.000, Length: 200, Loss: 22.6382, Entropy: 1.0852, Epsilon: 0.010
2026-04-19 12:26:50 | INFO | Episode 4548 - Reward: -200.000, Length: 200, Loss: 10.8216, Entropy: 1.0855, Epsilon: 0.010
2026-04-19 12:26:50 | INFO | Episode 4549 - Reward: -200.000, Length: 200, Loss: 14.0534, Entropy: 1.0866, Epsilon: 0.010
2026-04-19 12:26:50 | INFO | Episode 4550 - Reward: -200.000, Length: 200, Loss: 8.5147, Entropy: 1.0836, Epsilon: 0.010
2026-04-19 12:26:51 | INFO | Episode 4551 - Reward: -200.000, Length: 200, Loss: 28.1830, Entropy: 1.0843, Epsilon: 0.010
2026-04-19 12:26:51 | INFO | Episode 4552 - Reward: -200.000, Length: 200, Loss: 14.5738, Entropy: 1.0876, Epsilon: 0.010
2026-04-19 12:26:52 | INFO | Episode 4553 - Reward: -200.000, Length: 200, Loss: 11.2364, Entropy: 1.0899, Epsilon: 0.010
2026-04-19 12:26:52 | INFO | Episode 4554 - Reward: -200.000, Length: 200, Loss: 14.1034, Entropy: 1.0878, Epsilon: 0.010
2026-04-19 12:26:52 | INFO | Episode 4555 - Reward: -200.000, Length: 200, Loss: 20.1468, Entropy: 1.0851, Epsilon: 0.010
2026-04-19 12:26:53 | INFO | Episode 4556 - Reward: -200.000, Length: 200, Loss: 11.0851, Entropy: 1.0679, Epsilon: 0.010
2026-04-19 12:26:53 | INFO | Episode 4557 - Reward: -200.000, Length: 200, Loss: 2.6514, Entropy: 1.0921, Epsilon: 0.010
2026-04-19 12:26:53 | INFO | Episode 4558 - Reward: -200.000, Length: 200, Loss: 21.7687, Entropy: 1.0891, Epsilon: 0.010
2026-04-19 12:26:54 | INFO | Episode 4559 - Reward: -200.000, Length: 200, Loss: 11.1656, Entropy: 1.0917, Epsilon: 0.010
2026-04-19 12:26:54 | INFO | Episode 4560 - Reward: -200.000, Length: 200, Loss: 14.1252, Entropy: 1.0911, Epsilon: 0.010
2026-04-19 12:26:54 | INFO | Episode 4561 - Reward: -200.000, Length: 200, Loss: 17.2431, Entropy: 1.0805, Epsilon: 0.010
2026-04-19 12:26:55 | INFO | Episode 4562 - Reward: -200.000, Length: 200, Loss: 8.2280, Entropy: 1.0849, Epsilon: 0.010
2026-04-19 12:26:55 | INFO | Episode 4563 - Reward: -200.000, Length: 200, Loss: 19.9355, Entropy: 1.0941, Epsilon: 0.010
2026-04-19 12:26:55 | INFO | Episode 4564 - Reward: -200.000, Length: 200, Loss: 5.6431, Entropy: 1.0954, Epsilon: 0.010
2026-04-19 12:26:56 | INFO | Episode 4565 - Reward: -200.000, Length: 200, Loss: 8.2967, Entropy: 1.0947, Epsilon: 0.010
2026-04-19 12:26:56 | INFO | Episode 4566 - Reward: -200.000, Length: 200, Loss: 11.4185, Entropy: 1.0861, Epsilon: 0.010
2026-04-19 12:26:56 | INFO | Episode 4567 - Reward: -200.000, Length: 200, Loss: 11.4326, Entropy: 1.0838, Epsilon: 0.010
2026-04-19 12:26:57 | INFO | Episode 4568 - Reward: -200.000, Length: 200, Loss: 11.9631, Entropy: 1.0918, Epsilon: 0.010
2026-04-19 12:26:57 | INFO | Episode 4569 - Reward: -200.000, Length: 200, Loss: 8.4261, Entropy: 1.0917, Epsilon: 0.010
2026-04-19 12:26:57 | INFO | Episode 4570 - Reward: -200.000, Length: 200, Loss: 11.5396, Entropy: 1.0717, Epsilon: 0.010
2026-04-19 12:26:58 | INFO | Episode 4571 - Reward: -200.000, Length: 200, Loss: 17.5624, Entropy: 1.0754, Epsilon: 0.010
2026-04-19 12:26:58 | INFO | Episode 4572 - Reward: -200.000, Length: 200, Loss: 20.8014, Entropy: 1.0811, Epsilon: 0.010
2026-04-19 12:26:58 | INFO | Episode 4573 - Reward: -200.000, Length: 200, Loss: 11.7011, Entropy: 1.0916, Epsilon: 0.010
2026-04-19 12:26:59 | INFO | Episode 4574 - Reward: -200.000, Length: 200, Loss: 18.0332, Entropy: 1.0821, Epsilon: 0.010
2026-04-19 12:26:59 | INFO | Episode 4575 - Reward: -200.000, Length: 200, Loss: 9.0378, Entropy: 1.0894, Epsilon: 0.010
2026-04-19 12:27:00 | INFO | Episode 4576 - Reward: -200.000, Length: 200, Loss: 12.0751, Entropy: 1.0683, Epsilon: 0.010
2026-04-19 12:27:00 | INFO | Episode 4577 - Reward: -200.000, Length: 200, Loss: 24.2882, Entropy: 1.0677, Epsilon: 0.010
2026-04-19 12:27:00 | INFO | Episode 4578 - Reward: -200.000, Length: 200, Loss: 15.0435, Entropy: 1.0906, Epsilon: 0.010
2026-04-19 12:27:01 | INFO | Episode 4579 - Reward: -200.000, Length: 200, Loss: 8.8101, Entropy: 1.0937, Epsilon: 0.010
2026-04-19 12:27:01 | INFO | Episode 4580 - Reward: -200.000, Length: 200, Loss: 9.0290, Entropy: 1.0880, Epsilon: 0.010
2026-04-19 12:27:01 | INFO | Episode 4581 - Reward: -200.000, Length: 200, Loss: 11.9113, Entropy: 1.0814, Epsilon: 0.010
2026-04-19 12:27:02 | INFO | Episode 4582 - Reward: -200.000, Length: 200, Loss: 9.0180, Entropy: 1.0862, Epsilon: 0.010
2026-04-19 12:27:02 | INFO | Episode 4583 - Reward: -200.000, Length: 200, Loss: 8.8831, Entropy: 1.0837, Epsilon: 0.010
2026-04-19 12:27:02 | INFO | Episode 4584 - Reward: -200.000, Length: 200, Loss: 12.1570, Entropy: 1.0842, Epsilon: 0.010
2026-04-19 12:27:03 | INFO | Episode 4585 - Reward: -200.000, Length: 200, Loss: 8.8026, Entropy: 1.0859, Epsilon: 0.010
2026-04-19 12:27:03 | INFO | Episode 4586 - Reward: -200.000, Length: 200, Loss: 12.1938, Entropy: 1.0875, Epsilon: 0.010
2026-04-19 12:27:03 | INFO | Episode 4587 - Reward: -200.000, Length: 200, Loss: 12.1429, Entropy: 1.0863, Epsilon: 0.010
2026-04-19 12:27:04 | INFO | Episode 4588 - Reward: -200.000, Length: 200, Loss: 8.9624, Entropy: 1.0927, Epsilon: 0.010
2026-04-19 12:27:04 | INFO | Episode 4589 - Reward: -200.000, Length: 200, Loss: 15.1014, Entropy: 1.0868, Epsilon: 0.010
2026-04-19 12:27:04 | INFO | Episode 4590 - Reward: -200.000, Length: 200, Loss: 33.3956, Entropy: 1.0839, Epsilon: 0.010
2026-04-19 12:27:05 | INFO | Episode 4591 - Reward: -200.000, Length: 200, Loss: 14.9784, Entropy: 1.0904, Epsilon: 0.010
2026-04-19 12:27:05 | INFO | Episode 4592 - Reward: -200.000, Length: 200, Loss: 8.7314, Entropy: 1.0905, Epsilon: 0.010
2026-04-19 12:27:05 | INFO | Episode 4593 - Reward: -200.000, Length: 200, Loss: 15.0536, Entropy: 1.0652, Epsilon: 0.010
2026-04-19 12:27:06 | INFO | Episode 4594 - Reward: -200.000, Length: 200, Loss: 14.6098, Entropy: 1.0710, Epsilon: 0.010
2026-04-19 12:27:06 | INFO | Episode 4595 - Reward: -200.000, Length: 200, Loss: 8.8419, Entropy: 1.0874, Epsilon: 0.010
2026-04-19 12:27:06 | INFO | Episode 4596 - Reward: -200.000, Length: 200, Loss: 8.7816, Entropy: 1.0826, Epsilon: 0.010
2026-04-19 12:27:07 | INFO | Episode 4597 - Reward: -200.000, Length: 200, Loss: 2.7789, Entropy: 1.0928, Epsilon: 0.010
2026-04-19 12:27:07 | INFO | Episode 4598 - Reward: -200.000, Length: 200, Loss: 11.9673, Entropy: 1.0795, Epsilon: 0.010
2026-04-19 12:27:07 | INFO | Episode 4599 - Reward: -200.000, Length: 200, Loss: 11.8574, Entropy: 1.0897, Epsilon: 0.010
2026-04-19 12:27:08 | INFO | Episode 4600 - Reward: -200.000, Length: 200, Loss: 17.9836, Entropy: 1.0860, Epsilon: 0.010
2026-04-19 12:27:13 | INFO | [Episode 4600] eps=0.010  avg_reward=-200.000  avg_length=200.00  avg_loss= 13.2529  avg_entropy=1.0860  eval_success=0.000
2026-04-19 12:27:13 | INFO | Episode 4601 - Reward: -200.000, Length: 200, Loss: 20.8022, Entropy: 1.0807, Epsilon: 0.010
2026-04-19 12:27:13 | INFO | Episode 4602 - Reward: -200.000, Length: 200, Loss: 5.9959, Entropy: 1.0871, Epsilon: 0.010
2026-04-19 12:27:14 | INFO | Episode 4603 - Reward: -200.000, Length: 200, Loss: 18.0137, Entropy: 1.0802, Epsilon: 0.010
2026-04-19 12:27:14 | INFO | Episode 4604 - Reward: -200.000, Length: 200, Loss: 9.0168, Entropy: 1.0884, Epsilon: 0.010
2026-04-19 12:27:14 | INFO | Episode 4605 - Reward: -200.000, Length: 200, Loss: 18.0383, Entropy: 1.0699, Epsilon: 0.010
2026-04-19 12:27:15 | INFO | Episode 4606 - Reward: -200.000, Length: 200, Loss: 8.9483, Entropy: 1.0918, Epsilon: 0.010
2026-04-19 12:27:15 | INFO | Episode 4607 - Reward: -200.000, Length: 200, Loss: 18.2551, Entropy: 1.0819, Epsilon: 0.010
2026-04-19 12:27:15 | INFO | Episode 4608 - Reward: -200.000, Length: 200, Loss: 18.5072, Entropy: 1.0688, Epsilon: 0.010
2026-04-19 12:27:16 | INFO | Episode 4609 - Reward: -200.000, Length: 200, Loss: 18.4443, Entropy: 1.0894, Epsilon: 0.010
2026-04-19 12:27:16 | INFO | Episode 4610 - Reward: -200.000, Length: 200, Loss: 21.6455, Entropy: 1.0841, Epsilon: 0.010
2026-04-19 12:27:16 | INFO | Episode 4611 - Reward: -200.000, Length: 200, Loss: 30.8298, Entropy: 1.0882, Epsilon: 0.010
2026-04-19 12:27:17 | INFO | Episode 4612 - Reward: -200.000, Length: 200, Loss: 21.9340, Entropy: 1.0582, Epsilon: 0.010
2026-04-19 12:27:17 | INFO | Episode 4613 - Reward: -200.000, Length: 200, Loss: 9.2269, Entropy: 1.0774, Epsilon: 0.010
2026-04-19 12:27:18 | INFO | Episode 4614 - Reward: -200.000, Length: 200, Loss: 21.5941, Entropy: 1.0855, Epsilon: 0.010
2026-04-19 12:27:18 | INFO | Episode 4615 - Reward: -200.000, Length: 200, Loss: 12.4455, Entropy: 1.0882, Epsilon: 0.010
2026-04-19 12:27:19 | INFO | Episode 4616 - Reward: -200.000, Length: 200, Loss: 18.5291, Entropy: 1.0569, Epsilon: 0.010
2026-04-19 12:27:19 | INFO | Episode 4617 - Reward: -200.000, Length: 200, Loss: 15.6823, Entropy: 1.0917, Epsilon: 0.010
2026-04-19 12:27:20 | INFO | Episode 4618 - Reward: -200.000, Length: 200, Loss: 18.6458, Entropy: 1.0499, Epsilon: 0.010
2026-04-19 12:27:20 | INFO | Episode 4619 - Reward: -200.000, Length: 200, Loss: 9.4502, Entropy: 1.0868, Epsilon: 0.010
2026-04-19 12:27:20 | INFO | Episode 4620 - Reward: -200.000, Length: 200, Loss: 12.6402, Entropy: 1.0846, Epsilon: 0.010
2026-04-19 12:27:21 | INFO | Episode 4621 - Reward: -200.000, Length: 200, Loss: 9.3359, Entropy: 1.0868, Epsilon: 0.010
2026-04-19 12:27:21 | INFO | Episode 4622 - Reward: -200.000, Length: 200, Loss: 24.6499, Entropy: 1.0627, Epsilon: 0.010
2026-04-19 12:27:21 | INFO | Episode 4623 - Reward: -200.000, Length: 200, Loss: 21.9667, Entropy: 1.0792, Epsilon: 0.010
2026-04-19 12:27:22 | INFO | Episode 4624 - Reward: -200.000, Length: 200, Loss: 15.5063, Entropy: 1.0839, Epsilon: 0.010
2026-04-19 12:27:22 | INFO | Episode 4625 - Reward: -200.000, Length: 200, Loss: 9.3852, Entropy: 1.0887, Epsilon: 0.010
2026-04-19 12:27:22 | INFO | Episode 4626 - Reward: -200.000, Length: 200, Loss: 21.8049, Entropy: 1.0764, Epsilon: 0.010
2026-04-19 12:27:23 | INFO | Episode 4627 - Reward: -200.000, Length: 200, Loss: 15.6857, Entropy: 1.0600, Epsilon: 0.010
2026-04-19 12:27:23 | INFO | Episode 4628 - Reward: -200.000, Length: 200, Loss: 22.2130, Entropy: 1.0721, Epsilon: 0.010
2026-04-19 12:27:23 | INFO | Episode 4629 - Reward: -200.000, Length: 200, Loss: 18.8118, Entropy: 1.0843, Epsilon: 0.010
2026-04-19 12:27:24 | INFO | Episode 4630 - Reward: -200.000, Length: 200, Loss: 25.2378, Entropy: 1.0814, Epsilon: 0.010
2026-04-19 12:27:24 | INFO | Episode 4631 - Reward: -200.000, Length: 200, Loss: 15.7908, Entropy: 1.0873, Epsilon: 0.010
2026-04-19 12:27:24 | INFO | Episode 4632 - Reward: -200.000, Length: 200, Loss: 12.5565, Entropy: 1.0912, Epsilon: 0.010
2026-04-19 12:27:25 | INFO | Episode 4633 - Reward: -200.000, Length: 200, Loss: 12.5597, Entropy: 1.0888, Epsilon: 0.010
2026-04-19 12:27:25 | INFO | Episode 4634 - Reward: -200.000, Length: 200, Loss: 18.4578, Entropy: 1.0878, Epsilon: 0.010
2026-04-19 12:27:25 | INFO | Episode 4635 - Reward: -200.000, Length: 200, Loss: 15.6910, Entropy: 1.0819, Epsilon: 0.010
2026-04-19 12:27:26 | INFO | Episode 4636 - Reward: -200.000, Length: 200, Loss: 18.5085, Entropy: 1.0596, Epsilon: 0.010
2026-04-19 12:27:26 | INFO | Episode 4637 - Reward: -200.000, Length: 200, Loss: 15.5189, Entropy: 1.0854, Epsilon: 0.010
2026-04-19 12:27:26 | INFO | Episode 4638 - Reward: -200.000, Length: 200, Loss: 18.7577, Entropy: 1.0881, Epsilon: 0.010
2026-04-19 12:27:27 | INFO | Episode 4639 - Reward: -200.000, Length: 200, Loss: 8.8923, Entropy: 1.0832, Epsilon: 0.010
2026-04-19 12:27:27 | INFO | Episode 4640 - Reward: -200.000, Length: 200, Loss: 17.7984, Entropy: 1.0818, Epsilon: 0.010
2026-04-19 12:27:28 | INFO | Episode 4641 - Reward: -200.000, Length: 200, Loss: 17.6459, Entropy: 1.0831, Epsilon: 0.010
2026-04-19 12:27:28 | INFO | Episode 4642 - Reward: -200.000, Length: 200, Loss: 19.9155, Entropy: 1.0944, Epsilon: 0.010
2026-04-19 12:27:28 | INFO | Episode 4643 - Reward: -200.000, Length: 200, Loss: 20.1708, Entropy: 1.0833, Epsilon: 0.010
2026-04-19 12:27:29 | INFO | Episode 4644 - Reward: -200.000, Length: 200, Loss: 14.0043, Entropy: 1.0811, Epsilon: 0.010
2026-04-19 12:27:29 | INFO | Episode 4645 - Reward: -200.000, Length: 200, Loss: 11.4759, Entropy: 1.0846, Epsilon: 0.010
2026-04-19 12:27:29 | INFO | Episode 4646 - Reward: -200.000, Length: 200, Loss: 20.0007, Entropy: 1.0858, Epsilon: 0.010
2026-04-19 12:27:30 | INFO | Episode 4647 - Reward: -200.000, Length: 200, Loss: 13.9396, Entropy: 1.0834, Epsilon: 0.010
2026-04-19 12:27:30 | INFO | Episode 4648 - Reward: -200.000, Length: 200, Loss: 22.9689, Entropy: 1.0561, Epsilon: 0.010
2026-04-19 12:27:30 | INFO | Episode 4649 - Reward: -200.000, Length: 200, Loss: 11.3053, Entropy: 1.0767, Epsilon: 0.010
2026-04-19 12:27:31 | INFO | Episode 4650 - Reward: -200.000, Length: 200, Loss: 19.5560, Entropy: 1.0837, Epsilon: 0.010
2026-04-19 12:27:31 | INFO | Episode 4651 - Reward: -200.000, Length: 200, Loss: 13.6786, Entropy: 1.0801, Epsilon: 0.010
2026-04-19 12:27:31 | INFO | Episode 4652 - Reward: -200.000, Length: 200, Loss: 19.7861, Entropy: 1.0857, Epsilon: 0.010
2026-04-19 12:27:32 | INFO | Episode 4653 - Reward: -200.000, Length: 200, Loss: 11.1912, Entropy: 1.0854, Epsilon: 0.010
2026-04-19 12:27:32 | INFO | Episode 4654 - Reward: -200.000, Length: 200, Loss: 13.9192, Entropy: 1.0911, Epsilon: 0.010
2026-04-19 12:27:32 | INFO | Episode 4655 - Reward: -200.000, Length: 200, Loss: 14.1217, Entropy: 1.0721, Epsilon: 0.010
2026-04-19 12:27:33 | INFO | Episode 4656 - Reward: -200.000, Length: 200, Loss: 8.5265, Entropy: 1.0767, Epsilon: 0.010
2026-04-19 12:27:33 | INFO | Episode 4657 - Reward: -200.000, Length: 200, Loss: 22.3460, Entropy: 1.0785, Epsilon: 0.010
2026-04-19 12:27:33 | INFO | Episode 4658 - Reward: -200.000, Length: 200, Loss: 8.3716, Entropy: 1.0921, Epsilon: 0.010
2026-04-19 12:27:34 | INFO | Episode 4659 - Reward: -200.000, Length: 200, Loss: 8.3328, Entropy: 1.0892, Epsilon: 0.010
2026-04-19 12:27:34 | INFO | Episode 4660 - Reward: -200.000, Length: 200, Loss: 17.0451, Entropy: 1.0886, Epsilon: 0.010
2026-04-19 12:27:34 | INFO | Episode 4661 - Reward: -200.000, Length: 200, Loss: 16.8967, Entropy: 1.0932, Epsilon: 0.010
2026-04-19 12:27:35 | INFO | Episode 4662 - Reward: -200.000, Length: 200, Loss: 16.8707, Entropy: 1.0862, Epsilon: 0.010
2026-04-19 12:27:35 | INFO | Episode 4663 - Reward: -200.000, Length: 200, Loss: 25.3132, Entropy: 1.0888, Epsilon: 0.010
2026-04-19 12:27:35 | INFO | Episode 4664 - Reward: -200.000, Length: 200, Loss: 11.1171, Entropy: 1.0930, Epsilon: 0.010
2026-04-19 12:27:36 | INFO | Episode 4665 - Reward: -200.000, Length: 200, Loss: 13.8317, Entropy: 1.0923, Epsilon: 0.010
2026-04-19 12:27:36 | INFO | Episode 4666 - Reward: -200.000, Length: 200, Loss: 19.9143, Entropy: 1.0742, Epsilon: 0.010
2026-04-19 12:27:36 | INFO | Episode 4667 - Reward: -200.000, Length: 200, Loss: 8.0514, Entropy: 1.0818, Epsilon: 0.010
2026-04-19 12:27:37 | INFO | Episode 4668 - Reward: -200.000, Length: 200, Loss: 13.9494, Entropy: 1.0870, Epsilon: 0.010
2026-04-19 12:27:37 | INFO | Episode 4669 - Reward: -200.000, Length: 200, Loss: 11.2297, Entropy: 1.0764, Epsilon: 0.010
2026-04-19 12:27:38 | INFO | Episode 4670 - Reward: -200.000, Length: 200, Loss: 16.9020, Entropy: 1.0668, Epsilon: 0.010
2026-04-19 12:27:38 | INFO | Episode 4671 - Reward: -200.000, Length: 200, Loss: 10.9592, Entropy: 1.0869, Epsilon: 0.010
2026-04-19 12:27:38 | INFO | Episode 4672 - Reward: -200.000, Length: 200, Loss: 28.1341, Entropy: 1.0573, Epsilon: 0.010
2026-04-19 12:27:39 | INFO | Episode 4673 - Reward: -200.000, Length: 200, Loss: 13.8982, Entropy: 1.0885, Epsilon: 0.010
2026-04-19 12:27:39 | INFO | Episode 4674 - Reward: -200.000, Length: 200, Loss: 17.0161, Entropy: 1.0857, Epsilon: 0.010
2026-04-19 12:27:39 | INFO | Episode 4675 - Reward: -200.000, Length: 200, Loss: 19.5760, Entropy: 1.0904, Epsilon: 0.010
2026-04-19 12:27:40 | INFO | Episode 4676 - Reward: -200.000, Length: 200, Loss: 22.8025, Entropy: 1.0789, Epsilon: 0.010
2026-04-19 12:27:40 | INFO | Episode 4677 - Reward: -200.000, Length: 200, Loss: 14.2242, Entropy: 1.0930, Epsilon: 0.010
2026-04-19 12:27:40 | INFO | Episode 4678 - Reward: -200.000, Length: 200, Loss: 8.3340, Entropy: 1.0881, Epsilon: 0.010
2026-04-19 12:27:41 | INFO | Episode 4679 - Reward: -200.000, Length: 200, Loss: 5.5972, Entropy: 1.0900, Epsilon: 0.010
2026-04-19 12:27:41 | INFO | Episode 4680 - Reward: -200.000, Length: 200, Loss: 13.8938, Entropy: 1.0844, Epsilon: 0.010
2026-04-19 12:27:41 | INFO | Episode 4681 - Reward: -200.000, Length: 200, Loss: 14.0509, Entropy: 1.0890, Epsilon: 0.010
2026-04-19 12:27:42 | INFO | Episode 4682 - Reward: -200.000, Length: 200, Loss: 16.2022, Entropy: 1.0832, Epsilon: 0.010
2026-04-19 12:27:42 | INFO | Episode 4683 - Reward: -200.000, Length: 200, Loss: 13.6506, Entropy: 1.0831, Epsilon: 0.010
2026-04-19 12:27:42 | INFO | Episode 4684 - Reward: -200.000, Length: 200, Loss: 25.3104, Entropy: 1.0815, Epsilon: 0.010
2026-04-19 12:27:43 | INFO | Episode 4685 - Reward: -200.000, Length: 200, Loss: 2.6709, Entropy: 1.0909, Epsilon: 0.010
2026-04-19 12:27:43 | INFO | Episode 4686 - Reward: -200.000, Length: 200, Loss: 2.7360, Entropy: 1.0955, Epsilon: 0.010
2026-04-19 12:27:43 | INFO | Episode 4687 - Reward: -200.000, Length: 200, Loss: 8.5178, Entropy: 1.0920, Epsilon: 0.010
2026-04-19 12:27:44 | INFO | Episode 4688 - Reward: -200.000, Length: 200, Loss: 11.3307, Entropy: 1.0937, Epsilon: 0.010
2026-04-19 12:27:44 | INFO | Episode 4689 - Reward: -200.000, Length: 200, Loss: 22.7329, Entropy: 1.0570, Epsilon: 0.010
2026-04-19 12:27:44 | INFO | Episode 4690 - Reward: -200.000, Length: 200, Loss: 22.9639, Entropy: 1.0613, Epsilon: 0.010
2026-04-19 12:27:45 | INFO | Episode 4691 - Reward: -200.000, Length: 200, Loss: 17.6728, Entropy: 1.0718, Epsilon: 0.010
2026-04-19 12:27:45 | INFO | Episode 4692 - Reward: -200.000, Length: 200, Loss: 11.1762, Entropy: 1.0892, Epsilon: 0.010
2026-04-19 12:27:46 | INFO | Episode 4693 - Reward: -200.000, Length: 200, Loss: 8.7621, Entropy: 1.0752, Epsilon: 0.010
2026-04-19 12:27:46 | INFO | Episode 4694 - Reward: -200.000, Length: 200, Loss: 11.8764, Entropy: 1.0831, Epsilon: 0.010
2026-04-19 12:27:46 | INFO | Episode 4695 - Reward: -200.000, Length: 200, Loss: 8.7449, Entropy: 1.0894, Epsilon: 0.010
2026-04-19 12:27:47 | INFO | Episode 4696 - Reward: -200.000, Length: 200, Loss: 11.9744, Entropy: 1.0923, Epsilon: 0.010
2026-04-19 12:27:47 | INFO | Episode 4697 - Reward: -200.000, Length: 200, Loss: 5.8357, Entropy: 1.0932, Epsilon: 0.010
2026-04-19 12:27:47 | INFO | Episode 4698 - Reward: -200.000, Length: 200, Loss: 12.0282, Entropy: 1.0904, Epsilon: 0.010
2026-04-19 12:27:48 | INFO | Episode 4699 - Reward: -200.000, Length: 200, Loss: 17.6652, Entropy: 1.0834, Epsilon: 0.010
2026-04-19 12:27:48 | INFO | Episode 4700 - Reward: -200.000, Length: 200, Loss: 15.0719, Entropy: 1.0721, Epsilon: 0.010
2026-04-19 12:27:53 | INFO | [Episode 4700] eps=0.010  avg_reward=-200.000  avg_length=200.00  avg_loss= 15.4556  avg_entropy=1.0721  eval_success=0.000
2026-04-19 12:27:54 | INFO | Episode 4701 - Reward: -200.000, Length: 200, Loss: 8.7424, Entropy: 1.0771, Epsilon: 0.010
2026-04-19 12:27:54 | INFO | Episode 4702 - Reward: -200.000, Length: 200, Loss: 17.5617, Entropy: 1.0921, Epsilon: 0.010
2026-04-19 12:27:54 | INFO | Episode 4703 - Reward: -200.000, Length: 200, Loss: 17.6592, Entropy: 1.0832, Epsilon: 0.010
2026-04-19 12:27:55 | INFO | Episode 4704 - Reward: -200.000, Length: 200, Loss: 11.7212, Entropy: 1.0894, Epsilon: 0.010
2026-04-19 12:27:55 | INFO | Episode 4705 - Reward: -200.000, Length: 200, Loss: 20.3007, Entropy: 1.0826, Epsilon: 0.010
2026-04-19 12:27:55 | INFO | Episode 4706 - Reward: -200.000, Length: 200, Loss: 9.0299, Entropy: 1.0899, Epsilon: 0.010
2026-04-19 12:27:56 | INFO | Episode 4707 - Reward: -200.000, Length: 200, Loss: 17.8168, Entropy: 1.0870, Epsilon: 0.010
2026-04-19 12:27:56 | INFO | Episode 4708 - Reward: -200.000, Length: 200, Loss: 14.6770, Entropy: 1.0877, Epsilon: 0.010
2026-04-19 12:27:57 | INFO | Episode 4709 - Reward: -200.000, Length: 200, Loss: 12.1699, Entropy: 1.0767, Epsilon: 0.010
2026-04-19 12:27:57 | INFO | Episode 4710 - Reward: -200.000, Length: 200, Loss: 8.8924, Entropy: 1.0788, Epsilon: 0.010
2026-04-19 12:27:57 | INFO | Episode 4711 - Reward: -200.000, Length: 200, Loss: 20.8559, Entropy: 1.0807, Epsilon: 0.010
2026-04-19 12:27:58 | INFO | Episode 4712 - Reward: -200.000, Length: 200, Loss: 5.7121, Entropy: 1.0905, Epsilon: 0.010
2026-04-19 12:27:58 | INFO | Episode 4713 - Reward: -200.000, Length: 200, Loss: 11.7418, Entropy: 1.0852, Epsilon: 0.010
2026-04-19 12:27:58 | INFO | Episode 4714 - Reward: -200.000, Length: 200, Loss: 18.1607, Entropy: 1.0795, Epsilon: 0.010
2026-04-19 12:27:59 | INFO | Episode 4715 - Reward: -200.000, Length: 200, Loss: 15.0316, Entropy: 1.0866, Epsilon: 0.010
2026-04-19 12:27:59 | INFO | Episode 4716 - Reward: -200.000, Length: 200, Loss: 18.2875, Entropy: 1.0886, Epsilon: 0.010
2026-04-19 12:27:59 | INFO | Episode 4717 - Reward: -200.000, Length: 200, Loss: 8.9660, Entropy: 1.0932, Epsilon: 0.010
2026-04-19 12:28:00 | INFO | Episode 4718 - Reward: -200.000, Length: 200, Loss: 6.0924, Entropy: 1.0891, Epsilon: 0.010
2026-04-19 12:28:02 | INFO | Episode 4719 - Reward: -200.000, Length: 200, Loss: 15.4215, Entropy: 1.0923, Epsilon: 0.010
2026-04-19 12:28:02 | INFO | Episode 4720 - Reward: -200.000, Length: 200, Loss: 12.3175, Entropy: 1.0817, Epsilon: 0.010
2026-04-19 12:28:02 | INFO | Episode 4721 - Reward: -200.000, Length: 200, Loss: 17.9738, Entropy: 1.0805, Epsilon: 0.010
2026-04-19 12:28:03 | INFO | Episode 4722 - Reward: -200.000, Length: 200, Loss: 18.2234, Entropy: 1.0860, Epsilon: 0.010
2026-04-19 12:28:03 | INFO | Episode 4723 - Reward: -200.000, Length: 200, Loss: 11.9629, Entropy: 1.0892, Epsilon: 0.010
2026-04-19 12:28:03 | INFO | Episode 4724 - Reward: -200.000, Length: 200, Loss: 12.3174, Entropy: 1.0898, Epsilon: 0.010
2026-04-19 12:28:04 | INFO | Episode 4725 - Reward: -200.000, Length: 200, Loss: 2.8342, Entropy: 1.0926, Epsilon: 0.010
2026-04-19 12:28:04 | INFO | Episode 4726 - Reward: -200.000, Length: 200, Loss: 15.6736, Entropy: 1.0878, Epsilon: 0.010
2026-04-19 12:28:04 | INFO | Episode 4727 - Reward: -200.000, Length: 200, Loss: 12.2536, Entropy: 1.0865, Epsilon: 0.010
2026-04-19 12:28:05 | INFO | Episode 4728 - Reward: -200.000, Length: 200, Loss: 15.4630, Entropy: 1.0883, Epsilon: 0.010
2026-04-19 12:28:05 | INFO | Episode 4729 - Reward: -200.000, Length: 200, Loss: 9.4827, Entropy: 1.0779, Epsilon: 0.010
2026-04-19 12:28:05 | INFO | Episode 4730 - Reward: -200.000, Length: 200, Loss: 18.5194, Entropy: 1.0700, Epsilon: 0.010
2026-04-19 12:28:06 | INFO | Episode 4731 - Reward: -200.000, Length: 200, Loss: 15.7064, Entropy: 1.0823, Epsilon: 0.010
2026-04-19 12:28:06 | INFO | Episode 4732 - Reward: -200.000, Length: 200, Loss: 15.7102, Entropy: 1.0779, Epsilon: 0.010
2026-04-19 12:28:07 | INFO | Episode 4733 - Reward: -200.000, Length: 200, Loss: 27.9701, Entropy: 1.0415, Epsilon: 0.010
2026-04-19 12:28:07 | INFO | Episode 4734 - Reward: -200.000, Length: 200, Loss: 8.6555, Entropy: 1.0920, Epsilon: 0.010
2026-04-19 12:28:07 | INFO | Episode 4735 - Reward: -200.000, Length: 200, Loss: 15.0628, Entropy: 1.0917, Epsilon: 0.010
2026-04-19 12:28:08 | INFO | Episode 4736 - Reward: -200.000, Length: 200, Loss: 27.9455, Entropy: 1.0906, Epsilon: 0.010
2026-04-19 12:28:08 | INFO | Episode 4737 - Reward: -200.000, Length: 200, Loss: 15.5060, Entropy: 1.0848, Epsilon: 0.010
2026-04-19 12:28:08 | INFO | Episode 4738 - Reward: -200.000, Length: 200, Loss: 15.3249, Entropy: 1.0884, Epsilon: 0.010
2026-04-19 12:28:09 | INFO | Episode 4739 - Reward: -200.000, Length: 200, Loss: 9.1652, Entropy: 1.0873, Epsilon: 0.010
2026-04-19 12:28:09 | INFO | Episode 4740 - Reward: -200.000, Length: 200, Loss: 9.2668, Entropy: 1.0942, Epsilon: 0.010
2026-04-19 12:28:09 | INFO | Episode 4741 - Reward: -200.000, Length: 200, Loss: 21.0634, Entropy: 1.0699, Epsilon: 0.010
2026-04-19 12:28:10 | INFO | Episode 4742 - Reward: -200.000, Length: 200, Loss: 6.1718, Entropy: 1.0794, Epsilon: 0.010
2026-04-19 12:28:10 | INFO | Episode 4743 - Reward: -200.000, Length: 200, Loss: 18.2386, Entropy: 1.0708, Epsilon: 0.010
2026-04-19 12:28:10 | INFO | Episode 4744 - Reward: -200.000, Length: 200, Loss: 9.3674, Entropy: 1.0901, Epsilon: 0.010
2026-04-19 12:28:11 | INFO | Episode 4745 - Reward: -200.000, Length: 200, Loss: 18.7870, Entropy: 1.0934, Epsilon: 0.010
2026-04-19 12:28:11 | INFO | Episode 4746 - Reward: -200.000, Length: 200, Loss: 18.5754, Entropy: 1.0628, Epsilon: 0.010
2026-04-19 12:28:11 | INFO | Episode 4747 - Reward: -200.000, Length: 200, Loss: 17.9813, Entropy: 1.0743, Epsilon: 0.010
2026-04-19 12:28:12 | INFO | Episode 4748 - Reward: -200.000, Length: 200, Loss: 31.0217, Entropy: 1.0281, Epsilon: 0.010
2026-04-19 12:28:12 | INFO | Episode 4749 - Reward: -200.000, Length: 200, Loss: 18.0490, Entropy: 1.0841, Epsilon: 0.010
2026-04-19 12:28:12 | INFO | Episode 4750 - Reward: -200.000, Length: 200, Loss: 9.1822, Entropy: 1.0809, Epsilon: 0.010
2026-04-19 12:28:13 | INFO | Episode 4751 - Reward: -200.000, Length: 200, Loss: 18.2791, Entropy: 1.0676, Epsilon: 0.010
2026-04-19 12:28:13 | INFO | Episode 4752 - Reward: -200.000, Length: 200, Loss: 21.3169, Entropy: 1.0837, Epsilon: 0.010
2026-04-19 12:28:13 | INFO | Episode 4753 - Reward: -200.000, Length: 200, Loss: 15.2682, Entropy: 1.0589, Epsilon: 0.010
2026-04-19 12:28:14 | INFO | Episode 4754 - Reward: -200.000, Length: 200, Loss: 12.3030, Entropy: 1.0809, Epsilon: 0.010
2026-04-19 12:28:14 | INFO | Episode 4755 - Reward: -200.000, Length: 200, Loss: 9.2355, Entropy: 1.0709, Epsilon: 0.010
2026-04-19 12:28:15 | INFO | Episode 4756 - Reward: -200.000, Length: 200, Loss: 8.8517, Entropy: 1.0883, Epsilon: 0.010
2026-04-19 12:28:15 | INFO | Episode 4757 - Reward: -200.000, Length: 200, Loss: 21.3620, Entropy: 1.0861, Epsilon: 0.010
2026-04-19 12:28:15 | INFO | Episode 4758 - Reward: -200.000, Length: 200, Loss: 30.6436, Entropy: 1.0826, Epsilon: 0.010
2026-04-19 12:28:16 | INFO | Episode 4759 - Reward: -200.000, Length: 200, Loss: 18.2491, Entropy: 1.0778, Epsilon: 0.010
2026-04-19 12:28:16 | INFO | Episode 4760 - Reward: -200.000, Length: 200, Loss: 5.9861, Entropy: 1.0888, Epsilon: 0.010
2026-04-19 12:28:16 | INFO | Episode 4761 - Reward: -200.000, Length: 200, Loss: 24.5018, Entropy: 1.0856, Epsilon: 0.010
2026-04-19 12:28:17 | INFO | Episode 4762 - Reward: -200.000, Length: 200, Loss: 21.6791, Entropy: 1.0453, Epsilon: 0.010
2026-04-19 12:28:17 | INFO | Episode 4763 - Reward: -200.000, Length: 200, Loss: 9.2122, Entropy: 1.0902, Epsilon: 0.010
2026-04-19 12:28:17 | INFO | Episode 4764 - Reward: -200.000, Length: 200, Loss: 15.3343, Entropy: 1.0822, Epsilon: 0.010
2026-04-19 12:28:18 | INFO | Episode 4765 - Reward: -200.000, Length: 200, Loss: 15.5767, Entropy: 1.0837, Epsilon: 0.010
2026-04-19 12:28:18 | INFO | Episode 4766 - Reward: -200.000, Length: 200, Loss: 18.3218, Entropy: 1.0777, Epsilon: 0.010
2026-04-19 12:28:18 | INFO | Episode 4767 - Reward: -200.000, Length: 200, Loss: 15.3710, Entropy: 1.0902, Epsilon: 0.010
2026-04-19 12:28:19 | INFO | Episode 4768 - Reward: -200.000, Length: 200, Loss: 30.5347, Entropy: 1.0515, Epsilon: 0.010
2026-04-19 12:28:19 | INFO | Episode 4769 - Reward: -200.000, Length: 200, Loss: 12.3761, Entropy: 1.0854, Epsilon: 0.010
2026-04-19 12:28:19 | INFO | Episode 4770 - Reward: -200.000, Length: 200, Loss: 18.5272, Entropy: 1.0860, Epsilon: 0.010
2026-04-19 12:28:20 | INFO | Episode 4771 - Reward: -200.000, Length: 200, Loss: 21.6192, Entropy: 1.0714, Epsilon: 0.010
2026-04-19 12:28:20 | INFO | Episode 4772 - Reward: -200.000, Length: 200, Loss: 5.9906, Entropy: 1.0921, Epsilon: 0.010
2026-04-19 12:28:20 | INFO | Episode 4773 - Reward: -200.000, Length: 200, Loss: 12.5386, Entropy: 1.0787, Epsilon: 0.010
2026-04-19 12:28:21 | INFO | Episode 4774 - Reward: -200.000, Length: 200, Loss: 15.6570, Entropy: 1.0831, Epsilon: 0.010
2026-04-19 12:28:21 | INFO | Episode 4775 - Reward: -200.000, Length: 200, Loss: 6.2344, Entropy: 1.0822, Epsilon: 0.010
2026-04-19 12:28:21 | INFO | Episode 4776 - Reward: -200.000, Length: 200, Loss: 18.9764, Entropy: 1.0863, Epsilon: 0.010
2026-04-19 12:28:22 | INFO | Episode 4777 - Reward: -200.000, Length: 200, Loss: 31.1763, Entropy: 1.0815, Epsilon: 0.010
2026-04-19 12:28:22 | INFO | Episode 4778 - Reward: -200.000, Length: 200, Loss: 9.2911, Entropy: 1.0876, Epsilon: 0.010
2026-04-19 12:28:22 | INFO | Episode 4779 - Reward: -200.000, Length: 200, Loss: 22.1430, Entropy: 1.0709, Epsilon: 0.010
2026-04-19 12:28:23 | INFO | Episode 4780 - Reward: -200.000, Length: 200, Loss: 9.4587, Entropy: 1.0884, Epsilon: 0.010
2026-04-19 12:28:24 | INFO | Episode 4781 - Reward: -200.000, Length: 200, Loss: 19.0802, Entropy: 1.0687, Epsilon: 0.010
2026-04-19 12:28:24 | INFO | Episode 4782 - Reward: -200.000, Length: 200, Loss: 22.3029, Entropy: 1.0650, Epsilon: 0.010
2026-04-19 12:28:24 | INFO | Episode 4783 - Reward: -200.000, Length: 200, Loss: 6.2985, Entropy: 1.0790, Epsilon: 0.010
2026-04-19 12:28:25 | INFO | Episode 4784 - Reward: -200.000, Length: 200, Loss: 6.3217, Entropy: 1.0854, Epsilon: 0.010
2026-04-19 12:28:25 | INFO | Episode 4785 - Reward: -200.000, Length: 200, Loss: 25.6761, Entropy: 1.0744, Epsilon: 0.010
2026-04-19 12:28:26 | INFO | Episode 4786 - Reward: -200.000, Length: 200, Loss: 18.9403, Entropy: 1.0706, Epsilon: 0.010
2026-04-19 12:28:26 | INFO | Episode 4787 - Reward: -200.000, Length: 200, Loss: 12.6652, Entropy: 1.0854, Epsilon: 0.010
2026-04-19 12:28:26 | INFO | Episode 4788 - Reward: -200.000, Length: 200, Loss: 18.9267, Entropy: 1.0803, Epsilon: 0.010
2026-04-19 12:28:27 | INFO | Episode 4789 - Reward: -200.000, Length: 200, Loss: 9.2258, Entropy: 1.0797, Epsilon: 0.010
2026-04-19 12:28:27 | INFO | Episode 4790 - Reward: -200.000, Length: 200, Loss: 27.8780, Entropy: 1.0801, Epsilon: 0.010
2026-04-19 12:28:27 | INFO | Episode 4791 - Reward: -200.000, Length: 200, Loss: 9.1510, Entropy: 1.0821, Epsilon: 0.010
2026-04-19 12:28:28 | INFO | Episode 4792 - Reward: -200.000, Length: 200, Loss: 9.1543, Entropy: 1.0783, Epsilon: 0.010
2026-04-19 12:28:28 | INFO | Episode 4793 - Reward: -200.000, Length: 200, Loss: 24.3328, Entropy: 1.0838, Epsilon: 0.010
2026-04-19 12:28:28 | INFO | Episode 4794 - Reward: -200.000, Length: 200, Loss: 27.0975, Entropy: 1.0399, Epsilon: 0.010
2026-04-19 12:28:29 | INFO | Episode 4795 - Reward: -200.000, Length: 200, Loss: 12.2570, Entropy: 1.0732, Epsilon: 0.010
2026-04-19 12:28:29 | INFO | Episode 4796 - Reward: -200.000, Length: 200, Loss: 11.8194, Entropy: 1.0809, Epsilon: 0.010
2026-04-19 12:28:29 | INFO | Episode 4797 - Reward: -200.000, Length: 200, Loss: 17.8153, Entropy: 1.0827, Epsilon: 0.010
2026-04-19 12:28:30 | INFO | Episode 4798 - Reward: -200.000, Length: 200, Loss: 11.7616, Entropy: 1.0924, Epsilon: 0.010
2026-04-19 12:28:30 | INFO | Episode 4799 - Reward: -200.000, Length: 200, Loss: 14.7509, Entropy: 1.0893, Epsilon: 0.010
2026-04-19 12:28:30 | INFO | Episode 4800 - Reward: -200.000, Length: 200, Loss: 14.6868, Entropy: 1.0813, Epsilon: 0.010
2026-04-19 12:28:35 | INFO | [Episode 4800] eps=0.010  avg_reward=-200.000  avg_length=200.00  avg_loss= 15.5077  avg_entropy=1.0813  eval_success=0.000
2026-04-19 12:28:36 | INFO | Episode 4801 - Reward: -200.000, Length: 200, Loss: 8.7819, Entropy: 1.0910, Epsilon: 0.010
2026-04-19 12:28:36 | INFO | Episode 4802 - Reward: -200.000, Length: 200, Loss: 5.8974, Entropy: 1.0907, Epsilon: 0.010
2026-04-19 12:28:36 | INFO | Episode 4803 - Reward: -200.000, Length: 200, Loss: 2.6887, Entropy: 1.0958, Epsilon: 0.010
2026-04-19 12:28:37 | INFO | Episode 4804 - Reward: -200.000, Length: 200, Loss: 27.3124, Entropy: 1.0671, Epsilon: 0.010
2026-04-19 12:28:37 | INFO | Episode 4805 - Reward: -200.000, Length: 200, Loss: 24.4431, Entropy: 1.0635, Epsilon: 0.010
2026-04-19 12:28:37 | INFO | Episode 4806 - Reward: -200.000, Length: 200, Loss: 21.3117, Entropy: 1.0660, Epsilon: 0.010
2026-04-19 12:28:38 | INFO | Episode 4807 - Reward: -200.000, Length: 200, Loss: 15.2658, Entropy: 1.0796, Epsilon: 0.010
2026-04-19 12:28:38 | INFO | Episode 4808 - Reward: -200.000, Length: 200, Loss: 11.6706, Entropy: 1.0782, Epsilon: 0.010
2026-04-19 12:28:38 | INFO | Episode 4809 - Reward: -200.000, Length: 200, Loss: 21.8870, Entropy: 1.0714, Epsilon: 0.010
2026-04-19 12:28:39 | INFO | Episode 4810 - Reward: -200.000, Length: 200, Loss: 12.3560, Entropy: 1.0848, Epsilon: 0.010
2026-04-19 12:28:39 | INFO | Episode 4811 - Reward: -200.000, Length: 200, Loss: 18.3206, Entropy: 1.0644, Epsilon: 0.010
2026-04-19 12:28:39 | INFO | Episode 4812 - Reward: -200.000, Length: 200, Loss: 12.2398, Entropy: 1.0693, Epsilon: 0.010
2026-04-19 12:28:40 | INFO | Episode 4813 - Reward: -200.000, Length: 200, Loss: 18.2341, Entropy: 1.0753, Epsilon: 0.010
2026-04-19 12:28:40 | INFO | Episode 4814 - Reward: -200.000, Length: 200, Loss: 5.7610, Entropy: 1.0911, Epsilon: 0.010
2026-04-19 12:28:41 | INFO | Episode 4815 - Reward: -200.000, Length: 200, Loss: 8.9835, Entropy: 1.0893, Epsilon: 0.010
2026-04-19 12:28:41 | INFO | Episode 4816 - Reward: -200.000, Length: 200, Loss: 14.9228, Entropy: 1.0887, Epsilon: 0.010
2026-04-19 12:28:41 | INFO | Episode 4817 - Reward: -200.000, Length: 200, Loss: 5.8863, Entropy: 1.0899, Epsilon: 0.010
2026-04-19 12:28:42 | INFO | Episode 4818 - Reward: -200.000, Length: 200, Loss: 11.7936, Entropy: 1.0828, Epsilon: 0.010
2026-04-19 12:28:42 | INFO | Episode 4819 - Reward: -200.000, Length: 200, Loss: 12.1488, Entropy: 1.0877, Epsilon: 0.010
2026-04-19 12:28:42 | INFO | Episode 4820 - Reward: -200.000, Length: 200, Loss: 15.0835, Entropy: 1.0823, Epsilon: 0.010
2026-04-19 12:28:43 | INFO | Episode 4821 - Reward: -200.000, Length: 200, Loss: 12.1718, Entropy: 1.0874, Epsilon: 0.010
2026-04-19 12:28:43 | INFO | Episode 4822 - Reward: -200.000, Length: 200, Loss: 2.9078, Entropy: 1.0958, Epsilon: 0.010
2026-04-19 12:28:43 | INFO | Episode 4823 - Reward: -200.000, Length: 200, Loss: 8.8659, Entropy: 1.0869, Epsilon: 0.010
2026-04-19 12:28:44 | INFO | Episode 4824 - Reward: -200.000, Length: 200, Loss: 15.2991, Entropy: 1.0859, Epsilon: 0.010
2026-04-19 12:28:44 | INFO | Episode 4825 - Reward: -200.000, Length: 200, Loss: 6.1551, Entropy: 1.0914, Epsilon: 0.010
2026-04-19 12:28:44 | INFO | Episode 4826 - Reward: -200.000, Length: 200, Loss: 18.4957, Entropy: 1.0637, Epsilon: 0.010
2026-04-19 12:28:45 | INFO | Episode 4827 - Reward: -200.000, Length: 200, Loss: 30.9283, Entropy: 1.0820, Epsilon: 0.010
2026-04-19 12:28:45 | INFO | Episode 4828 - Reward: -200.000, Length: 200, Loss: 9.3518, Entropy: 1.0835, Epsilon: 0.010
2026-04-19 12:28:45 | INFO | Episode 4829 - Reward: -200.000, Length: 200, Loss: 9.1966, Entropy: 1.0898, Epsilon: 0.010
2026-04-19 12:28:46 | INFO | Episode 4830 - Reward: -200.000, Length: 200, Loss: 12.0510, Entropy: 1.0880, Epsilon: 0.010
2026-04-19 12:28:46 | INFO | Episode 4831 - Reward: -200.000, Length: 200, Loss: 15.5992, Entropy: 1.0815, Epsilon: 0.010
2026-04-19 12:28:46 | INFO | Episode 4832 - Reward: -200.000, Length: 200, Loss: 12.1631, Entropy: 1.0861, Epsilon: 0.010
2026-04-19 12:28:47 | INFO | Episode 4833 - Reward: -200.000, Length: 200, Loss: 12.4155, Entropy: 1.0922, Epsilon: 0.010
2026-04-19 12:28:47 | INFO | Episode 4834 - Reward: -200.000, Length: 200, Loss: 12.5119, Entropy: 1.0887, Epsilon: 0.010
2026-04-19 12:28:47 | INFO | Episode 4835 - Reward: -200.000, Length: 200, Loss: 22.1390, Entropy: 1.0665, Epsilon: 0.010
2026-04-19 12:28:48 | INFO | Episode 4836 - Reward: -200.000, Length: 200, Loss: 12.4492, Entropy: 1.0870, Epsilon: 0.010
2026-04-19 12:28:48 | INFO | Episode 4837 - Reward: -200.000, Length: 200, Loss: 12.6256, Entropy: 1.0875, Epsilon: 0.010
2026-04-19 12:28:49 | INFO | Episode 4838 - Reward: -200.000, Length: 200, Loss: 15.9207, Entropy: 1.0752, Epsilon: 0.010
2026-04-19 12:28:49 | INFO | Episode 4839 - Reward: -200.000, Length: 200, Loss: 15.9646, Entropy: 1.0807, Epsilon: 0.010
2026-04-19 12:28:49 | INFO | Episode 4840 - Reward: -200.000, Length: 200, Loss: 12.6619, Entropy: 1.0903, Epsilon: 0.010
2026-04-19 12:28:50 | INFO | Episode 4841 - Reward: -200.000, Length: 200, Loss: 29.0240, Entropy: 1.0842, Epsilon: 0.010
2026-04-19 12:28:50 | INFO | Episode 4842 - Reward: -200.000, Length: 200, Loss: 12.4743, Entropy: 1.0874, Epsilon: 0.010
2026-04-19 12:28:50 | INFO | Episode 4843 - Reward: -200.000, Length: 200, Loss: 19.2252, Entropy: 1.0811, Epsilon: 0.010
2026-04-19 12:28:51 | INFO | Episode 4844 - Reward: -200.000, Length: 200, Loss: 3.1137, Entropy: 1.0957, Epsilon: 0.010
2026-04-19 12:28:51 | INFO | Episode 4845 - Reward: -200.000, Length: 200, Loss: 6.3188, Entropy: 1.0910, Epsilon: 0.010
2026-04-19 12:28:51 | INFO | Episode 4846 - Reward: -200.000, Length: 200, Loss: 15.7228, Entropy: 1.0593, Epsilon: 0.010
2026-04-19 12:28:52 | INFO | Episode 4847 - Reward: -200.000, Length: 200, Loss: 9.3780, Entropy: 1.0776, Epsilon: 0.010
2026-04-19 12:28:52 | INFO | Episode 4848 - Reward: -200.000, Length: 200, Loss: 9.2362, Entropy: 1.0878, Epsilon: 0.010
2026-04-19 12:28:52 | INFO | Episode 4849 - Reward: -200.000, Length: 200, Loss: 28.1319, Entropy: 1.0600, Epsilon: 0.010
2026-04-19 12:28:53 | INFO | Episode 4850 - Reward: -200.000, Length: 200, Loss: 9.2856, Entropy: 1.0859, Epsilon: 0.010
2026-04-19 12:28:53 | INFO | Episode 4851 - Reward: -200.000, Length: 200, Loss: 25.1266, Entropy: 1.0813, Epsilon: 0.010
2026-04-19 12:28:53 | INFO | Episode 4852 - Reward: -200.000, Length: 200, Loss: 15.3914, Entropy: 1.0940, Epsilon: 0.010
2026-04-19 12:28:54 | INFO | Episode 4853 - Reward: -200.000, Length: 200, Loss: 18.8700, Entropy: 1.0920, Epsilon: 0.010
2026-04-19 12:28:54 | INFO | Episode 4854 - Reward: -200.000, Length: 200, Loss: 12.4417, Entropy: 1.0791, Epsilon: 0.010
2026-04-19 12:28:54 | INFO | Episode 4855 - Reward: -200.000, Length: 200, Loss: 9.1835, Entropy: 1.0922, Epsilon: 0.010
2026-04-19 12:28:55 | INFO | Episode 4856 - Reward: -200.000, Length: 200, Loss: 3.0544, Entropy: 1.0936, Epsilon: 0.010
2026-04-19 12:28:55 | INFO | Episode 4857 - Reward: -200.000, Length: 200, Loss: 21.8672, Entropy: 1.0899, Epsilon: 0.010
2026-04-19 12:28:55 | INFO | Episode 4858 - Reward: -200.000, Length: 200, Loss: 15.6412, Entropy: 1.0935, Epsilon: 0.010
2026-04-19 12:28:56 | INFO | Episode 4859 - Reward: -200.000, Length: 200, Loss: 2.8415, Entropy: 1.0938, Epsilon: 0.010
2026-04-19 12:28:57 | INFO | Episode 4860 - Reward: -200.000, Length: 200, Loss: 25.2164, Entropy: 1.0617, Epsilon: 0.010
2026-04-19 12:28:57 | INFO | Episode 4861 - Reward: -200.000, Length: 200, Loss: 8.9403, Entropy: 1.0767, Epsilon: 0.010
2026-04-19 12:28:57 | INFO | Episode 4862 - Reward: -200.000, Length: 200, Loss: 11.9694, Entropy: 1.0867, Epsilon: 0.010
2026-04-19 12:28:58 | INFO | Episode 4863 - Reward: -200.000, Length: 200, Loss: 18.1488, Entropy: 1.0764, Epsilon: 0.010
2026-04-19 12:28:58 | INFO | Episode 4864 - Reward: -200.000, Length: 200, Loss: 8.6337, Entropy: 1.0544, Epsilon: 0.010
2026-04-19 12:28:58 | INFO | Episode 4865 - Reward: -200.000, Length: 200, Loss: 25.9665, Entropy: 1.0663, Epsilon: 0.010
2026-04-19 12:28:59 | INFO | Episode 4866 - Reward: -200.000, Length: 200, Loss: 2.8430, Entropy: 1.0944, Epsilon: 0.010
2026-04-19 12:28:59 | INFO | Episode 4867 - Reward: -200.000, Length: 200, Loss: 17.7774, Entropy: 1.0829, Epsilon: 0.010
2026-04-19 12:29:00 | INFO | Episode 4868 - Reward: -200.000, Length: 200, Loss: 14.7086, Entropy: 1.0798, Epsilon: 0.010
2026-04-19 12:29:00 | INFO | Episode 4869 - Reward: -200.000, Length: 200, Loss: 11.9410, Entropy: 1.0925, Epsilon: 0.010
2026-04-19 12:29:00 | INFO | Episode 4870 - Reward: -200.000, Length: 200, Loss: 20.9166, Entropy: 1.0884, Epsilon: 0.010
2026-04-19 12:29:01 | INFO | Episode 4871 - Reward: -200.000, Length: 200, Loss: 27.3622, Entropy: 1.0631, Epsilon: 0.010
2026-04-19 12:29:01 | INFO | Episode 4872 - Reward: -200.000, Length: 200, Loss: 20.2145, Entropy: 1.0582, Epsilon: 0.010
2026-04-19 12:29:01 | INFO | Episode 4873 - Reward: -200.000, Length: 200, Loss: 17.5752, Entropy: 1.0738, Epsilon: 0.010
2026-04-19 12:29:02 | INFO | Episode 4874 - Reward: -200.000, Length: 200, Loss: 17.8025, Entropy: 1.0748, Epsilon: 0.010
2026-04-19 12:29:02 | INFO | Episode 4875 - Reward: -200.000, Length: 200, Loss: 11.6936, Entropy: 1.0877, Epsilon: 0.010
2026-04-19 12:29:02 | INFO | Episode 4876 - Reward: -200.000, Length: 200, Loss: 14.1823, Entropy: 1.0769, Epsilon: 0.010
2026-04-19 12:29:03 | INFO | Episode 4877 - Reward: -200.000, Length: 200, Loss: -0.2004, Entropy: 1.0916, Epsilon: 0.010
2026-04-19 12:29:03 | INFO | Episode 4878 - Reward: -200.000, Length: 200, Loss: 17.0374, Entropy: 1.0778, Epsilon: 0.010
2026-04-19 12:29:03 | INFO | Episode 4879 - Reward: -200.000, Length: 200, Loss: 11.1674, Entropy: 1.0807, Epsilon: 0.010
2026-04-19 12:29:04 | INFO | Episode 4880 - Reward: -200.000, Length: 200, Loss: 17.3508, Entropy: 1.0876, Epsilon: 0.010
2026-04-19 12:29:04 | INFO | Episode 4881 - Reward: -200.000, Length: 200, Loss: 8.7779, Entropy: 1.0824, Epsilon: 0.010
2026-04-19 12:29:04 | INFO | Episode 4882 - Reward: -200.000, Length: 200, Loss: 5.7636, Entropy: 1.0919, Epsilon: 0.010
2026-04-19 12:29:05 | INFO | Episode 4883 - Reward: -200.000, Length: 200, Loss: 8.4821, Entropy: 1.0844, Epsilon: 0.010
2026-04-19 12:29:05 | INFO | Episode 4884 - Reward: -200.000, Length: 200, Loss: 11.8834, Entropy: 1.0932, Epsilon: 0.010
2026-04-19 12:29:05 | INFO | Episode 4885 - Reward: -200.000, Length: 200, Loss: 17.4544, Entropy: 1.0844, Epsilon: 0.010
2026-04-19 12:29:06 | INFO | Episode 4886 - Reward: -200.000, Length: 200, Loss: 5.8617, Entropy: 1.0951, Epsilon: 0.010
2026-04-19 12:29:06 | INFO | Episode 4887 - Reward: -200.000, Length: 200, Loss: 14.2009, Entropy: 1.0857, Epsilon: 0.010
2026-04-19 12:29:06 | INFO | Episode 4888 - Reward: -200.000, Length: 200, Loss: 23.4777, Entropy: 1.0907, Epsilon: 0.010
2026-04-19 12:29:07 | INFO | Episode 4889 - Reward: -200.000, Length: 200, Loss: 14.5015, Entropy: 1.0829, Epsilon: 0.010
2026-04-19 12:29:07 | INFO | Episode 4890 - Reward: -200.000, Length: 200, Loss: 2.9472, Entropy: 1.0955, Epsilon: 0.010
2026-04-19 12:29:08 | INFO | Episode 4891 - Reward: -200.000, Length: 200, Loss: 15.1410, Entropy: 1.0868, Epsilon: 0.010
2026-04-19 12:29:08 | INFO | Episode 4892 - Reward: -200.000, Length: 200, Loss: -0.1989, Entropy: 1.0964, Epsilon: 0.010
2026-04-19 12:29:08 | INFO | Episode 4893 - Reward: -200.000, Length: 200, Loss: 8.8574, Entropy: 1.0934, Epsilon: 0.010
2026-04-19 12:29:09 | INFO | Episode 4894 - Reward: -200.000, Length: 200, Loss: 5.7003, Entropy: 1.0941, Epsilon: 0.010
2026-04-19 12:29:09 | INFO | Episode 4895 - Reward: -200.000, Length: 200, Loss: 12.0793, Entropy: 1.0717, Epsilon: 0.010
2026-04-19 12:29:09 | INFO | Episode 4896 - Reward: -200.000, Length: 200, Loss: 8.8193, Entropy: 1.0910, Epsilon: 0.010
2026-04-19 12:29:10 | INFO | Episode 4897 - Reward: -200.000, Length: 200, Loss: 15.0538, Entropy: 1.0892, Epsilon: 0.010
2026-04-19 12:29:10 | INFO | Episode 4898 - Reward: -200.000, Length: 200, Loss: 12.1702, Entropy: 1.0706, Epsilon: 0.010
2026-04-19 12:29:10 | INFO | Episode 4899 - Reward: -200.000, Length: 200, Loss: 23.4969, Entropy: 1.0644, Epsilon: 0.010
2026-04-19 12:29:11 | INFO | Episode 4900 - Reward: -200.000, Length: 200, Loss: 5.8634, Entropy: 1.0858, Epsilon: 0.010
2026-04-19 12:29:15 | INFO | [Episode 4900] eps=0.010  avg_reward=-200.000  avg_length=200.00  avg_loss= 13.5277  avg_entropy=1.0858  eval_success=0.000
2026-04-19 12:29:16 | INFO | Episode 4901 - Reward: -200.000, Length: 200, Loss: 14.7893, Entropy: 1.0936, Epsilon: 0.010
2026-04-19 12:29:16 | INFO | Episode 4902 - Reward: -200.000, Length: 200, Loss: 11.7810, Entropy: 1.0910, Epsilon: 0.010
2026-04-19 12:29:16 | INFO | Episode 4903 - Reward: -200.000, Length: 200, Loss: 11.7485, Entropy: 1.0930, Epsilon: 0.010
2026-04-19 12:29:17 | INFO | Episode 4904 - Reward: -200.000, Length: 200, Loss: 11.6753, Entropy: 1.0908, Epsilon: 0.010
2026-04-19 12:29:17 | INFO | Episode 4905 - Reward: -200.000, Length: 200, Loss: 14.7667, Entropy: 1.0930, Epsilon: 0.010
2026-04-19 12:29:18 | INFO | Episode 4906 - Reward: -200.000, Length: 200, Loss: 14.5585, Entropy: 1.0884, Epsilon: 0.010
2026-04-19 12:29:18 | INFO | Episode 4907 - Reward: -200.000, Length: 200, Loss: 14.6051, Entropy: 1.0800, Epsilon: 0.010
2026-04-19 12:29:18 | INFO | Episode 4908 - Reward: -200.000, Length: 200, Loss: 17.7486, Entropy: 1.0829, Epsilon: 0.010
2026-04-19 12:29:19 | INFO | Episode 4909 - Reward: -200.000, Length: 200, Loss: 14.6830, Entropy: 1.0889, Epsilon: 0.010
2026-04-19 12:29:19 | INFO | Episode 4910 - Reward: -200.000, Length: 200, Loss: 2.8917, Entropy: 1.0944, Epsilon: 0.010
2026-04-19 12:29:19 | INFO | Episode 4911 - Reward: -200.000, Length: 200, Loss: 6.0038, Entropy: 1.0920, Epsilon: 0.010
2026-04-19 12:29:20 | INFO | Episode 4912 - Reward: -200.000, Length: 200, Loss: 6.0285, Entropy: 1.0872, Epsilon: 0.010
2026-04-19 12:29:20 | INFO | Episode 4913 - Reward: -200.000, Length: 200, Loss: 20.6624, Entropy: 1.0788, Epsilon: 0.010
2026-04-19 12:29:20 | INFO | Episode 4914 - Reward: -200.000, Length: 200, Loss: 14.9324, Entropy: 1.0870, Epsilon: 0.010
2026-04-19 12:29:21 | INFO | Episode 4915 - Reward: -200.000, Length: 200, Loss: 21.0603, Entropy: 1.0467, Epsilon: 0.010
2026-04-19 12:29:21 | INFO | Episode 4916 - Reward: -200.000, Length: 200, Loss: 8.9477, Entropy: 1.0610, Epsilon: 0.010
2026-04-19 12:29:21 | INFO | Episode 4917 - Reward: -200.000, Length: 200, Loss: 14.8676, Entropy: 1.0715, Epsilon: 0.010
2026-04-19 12:29:22 | INFO | Episode 4918 - Reward: -200.000, Length: 200, Loss: 12.0628, Entropy: 1.0827, Epsilon: 0.010
2026-04-19 12:29:22 | INFO | Episode 4919 - Reward: -200.000, Length: 200, Loss: 18.1646, Entropy: 1.0649, Epsilon: 0.010
2026-04-19 12:29:22 | INFO | Episode 4920 - Reward: -200.000, Length: 200, Loss: 23.8682, Entropy: 1.0854, Epsilon: 0.010
2026-04-19 12:29:23 | INFO | Episode 4921 - Reward: -200.000, Length: 200, Loss: 23.5684, Entropy: 1.0852, Epsilon: 0.010
2026-04-19 12:29:23 | INFO | Episode 4922 - Reward: -200.000, Length: 200, Loss: 5.6372, Entropy: 1.0856, Epsilon: 0.010
2026-04-19 12:29:23 | INFO | Episode 4923 - Reward: -200.000, Length: 200, Loss: 14.5607, Entropy: 1.0865, Epsilon: 0.010
2026-04-19 12:29:24 | INFO | Episode 4924 - Reward: -200.000, Length: 200, Loss: 8.5958, Entropy: 1.0903, Epsilon: 0.010
2026-04-19 12:29:24 | INFO | Episode 4925 - Reward: -200.000, Length: 200, Loss: 17.5082, Entropy: 1.0876, Epsilon: 0.010
2026-04-19 12:29:25 | INFO | Episode 4926 - Reward: -200.000, Length: 200, Loss: 11.7156, Entropy: 1.0910, Epsilon: 0.010
2026-04-19 12:29:25 | INFO | Episode 4927 - Reward: -200.000, Length: 200, Loss: 14.3139, Entropy: 1.0900, Epsilon: 0.010
2026-04-19 12:29:25 | INFO | Episode 4928 - Reward: -200.000, Length: 200, Loss: 14.5584, Entropy: 1.0835, Epsilon: 0.010
2026-04-19 12:29:26 | INFO | Episode 4929 - Reward: -200.000, Length: 200, Loss: 23.1706, Entropy: 1.0882, Epsilon: 0.010
2026-04-19 12:29:26 | INFO | Episode 4930 - Reward: -200.000, Length: 200, Loss: 20.2745, Entropy: 1.0872, Epsilon: 0.010
2026-04-19 12:29:26 | INFO | Episode 4931 - Reward: -200.000, Length: 200, Loss: 5.4715, Entropy: 1.0919, Epsilon: 0.010
2026-04-19 12:29:27 | INFO | Episode 4932 - Reward: -200.000, Length: 200, Loss: 5.4798, Entropy: 1.0950, Epsilon: 0.010
2026-04-19 12:29:27 | INFO | Episode 4933 - Reward: -200.000, Length: 200, Loss: 5.3907, Entropy: 1.0943, Epsilon: 0.010
2026-04-19 12:29:27 | INFO | Episode 4934 - Reward: -200.000, Length: 200, Loss: 25.9624, Entropy: 1.0906, Epsilon: 0.010
2026-04-19 12:29:28 | INFO | Episode 4935 - Reward: -200.000, Length: 200, Loss: 2.8023, Entropy: 1.0940, Epsilon: 0.010
2026-04-19 12:29:28 | INFO | Episode 4936 - Reward: -200.000, Length: 200, Loss: 23.3490, Entropy: 1.0887, Epsilon: 0.010
2026-04-19 12:29:28 | INFO | Episode 4937 - Reward: -200.000, Length: 200, Loss: 11.7180, Entropy: 1.0937, Epsilon: 0.010
2026-04-19 12:29:29 | INFO | Episode 4938 - Reward: -200.000, Length: 200, Loss: 11.8866, Entropy: 1.0755, Epsilon: 0.010
2026-04-19 12:29:30 | INFO | Episode 4939 - Reward: -200.000, Length: 200, Loss: 11.8629, Entropy: 1.0874, Epsilon: 0.010
2026-04-19 12:29:30 | INFO | Episode 4940 - Reward: -200.000, Length: 200, Loss: 14.9991, Entropy: 1.0862, Epsilon: 0.010
2026-04-19 12:29:30 | INFO | Episode 4941 - Reward: -200.000, Length: 200, Loss: 21.4109, Entropy: 1.0766, Epsilon: 0.010
2026-04-19 12:29:31 | INFO | Episode 4942 - Reward: -200.000, Length: 200, Loss: 12.1510, Entropy: 1.0830, Epsilon: 0.010
2026-04-19 12:29:31 | INFO | Episode 4943 - Reward: -200.000, Length: 200, Loss: 17.9077, Entropy: 1.0874, Epsilon: 0.010
2026-04-19 12:29:31 | INFO | Episode 4944 - Reward: -200.000, Length: 200, Loss: 12.3049, Entropy: 1.0900, Epsilon: 0.010
2026-04-19 12:29:32 | INFO | Episode 4945 - Reward: -200.000, Length: 200, Loss: 8.9970, Entropy: 1.0929, Epsilon: 0.010
2026-04-19 12:29:32 | INFO | Episode 4946 - Reward: -200.000, Length: 200, Loss: 25.4265, Entropy: 1.0848, Epsilon: 0.010
2026-04-19 12:29:32 | INFO | Episode 4947 - Reward: -200.000, Length: 200, Loss: 9.0380, Entropy: 1.0859, Epsilon: 0.010
2026-04-19 12:29:33 | INFO | Episode 4948 - Reward: -200.000, Length: 200, Loss: 6.2173, Entropy: 1.0850, Epsilon: 0.010
2026-04-19 12:29:33 | INFO | Episode 4949 - Reward: -200.000, Length: 200, Loss: 28.8677, Entropy: 1.0550, Epsilon: 0.010
2026-04-19 12:29:34 | INFO | Episode 4950 - Reward: -200.000, Length: 200, Loss: 12.5779, Entropy: 1.0921, Epsilon: 0.010
2026-04-19 12:29:34 | INFO | Episode 4951 - Reward: -200.000, Length: 200, Loss: 21.8580, Entropy: 1.0860, Epsilon: 0.010
2026-04-19 12:29:34 | INFO | Episode 4952 - Reward: -200.000, Length: 200, Loss: 6.1972, Entropy: 1.0900, Epsilon: 0.010
2026-04-19 12:29:35 | INFO | Episode 4953 - Reward: -200.000, Length: 200, Loss: 12.6591, Entropy: 1.0874, Epsilon: 0.010
2026-04-19 12:29:35 | INFO | Episode 4954 - Reward: -200.000, Length: 200, Loss: 9.3204, Entropy: 1.0899, Epsilon: 0.010
2026-04-19 12:29:35 | INFO | Episode 4955 - Reward: -200.000, Length: 200, Loss: 9.2738, Entropy: 1.0932, Epsilon: 0.010
2026-04-19 12:29:36 | INFO | Episode 4956 - Reward: -200.000, Length: 200, Loss: 25.6033, Entropy: 1.0559, Epsilon: 0.010
2026-04-19 12:29:36 | INFO | Episode 4957 - Reward: -200.000, Length: 200, Loss: 22.4458, Entropy: 1.0733, Epsilon: 0.010
2026-04-19 12:29:36 | INFO | Episode 4958 - Reward: -200.000, Length: 200, Loss: 16.1832, Entropy: 1.0844, Epsilon: 0.010
2026-04-19 12:29:37 | INFO | Episode 4959 - Reward: -200.000, Length: 200, Loss: 6.3167, Entropy: 1.0809, Epsilon: 0.010
2026-04-19 12:29:37 | INFO | Episode 4960 - Reward: -200.000, Length: 200, Loss: 31.6584, Entropy: 1.0900, Epsilon: 0.010
2026-04-19 12:29:37 | INFO | Episode 4961 - Reward: -200.000, Length: 200, Loss: 19.1793, Entropy: 1.0745, Epsilon: 0.010
2026-04-19 12:29:38 | INFO | Episode 4962 - Reward: -200.000, Length: 200, Loss: 22.1166, Entropy: 1.0802, Epsilon: 0.010
2026-04-19 12:29:38 | INFO | Episode 4963 - Reward: -200.000, Length: 200, Loss: 25.1000, Entropy: 1.0844, Epsilon: 0.010
2026-04-19 12:29:38 | INFO | Episode 4964 - Reward: -200.000, Length: 200, Loss: 15.1568, Entropy: 1.0858, Epsilon: 0.010
2026-04-19 12:29:39 | INFO | Episode 4965 - Reward: -200.000, Length: 200, Loss: 27.4935, Entropy: 1.0851, Epsilon: 0.010
2026-04-19 12:29:39 | INFO | Episode 4966 - Reward: -200.000, Length: 200, Loss: 24.1066, Entropy: 1.0796, Epsilon: 0.010
2026-04-19 12:29:39 | INFO | Episode 4967 - Reward: -200.000, Length: 200, Loss: 18.3453, Entropy: 1.0872, Epsilon: 0.010
2026-04-19 12:29:40 | INFO | Episode 4968 - Reward: -200.000, Length: 200, Loss: 15.3533, Entropy: 1.0889, Epsilon: 0.010
2026-04-19 12:29:40 | INFO | Episode 4969 - Reward: -200.000, Length: 200, Loss: 15.3519, Entropy: 1.0818, Epsilon: 0.010
2026-04-19 12:29:40 | INFO | Episode 4970 - Reward: -200.000, Length: 200, Loss: 37.4240, Entropy: 1.0742, Epsilon: 0.010
2026-04-19 12:29:41 | INFO | Episode 4971 - Reward: -200.000, Length: 200, Loss: 20.9075, Entropy: 1.0838, Epsilon: 0.010
2026-04-19 12:29:41 | INFO | Episode 4972 - Reward: -200.000, Length: 200, Loss: 21.1195, Entropy: 1.0844, Epsilon: 0.010
2026-04-19 12:29:41 | INFO | Episode 4973 - Reward: -200.000, Length: 200, Loss: 15.1290, Entropy: 1.0559, Epsilon: 0.010
2026-04-19 12:29:42 | INFO | Episode 4974 - Reward: -200.000, Length: 200, Loss: 18.3719, Entropy: 1.0859, Epsilon: 0.010
2026-04-19 12:29:42 | INFO | Episode 4975 - Reward: -200.000, Length: 200, Loss: 11.9952, Entropy: 1.0906, Epsilon: 0.010
2026-04-19 12:29:42 | INFO | Episode 4976 - Reward: -200.000, Length: 200, Loss: 18.4225, Entropy: 1.0936, Epsilon: 0.010
2026-04-19 12:29:43 | INFO | Episode 4977 - Reward: -200.000, Length: 200, Loss: 27.3186, Entropy: 1.0861, Epsilon: 0.010
2026-04-19 12:29:43 | INFO | Episode 4978 - Reward: -200.000, Length: 200, Loss: 12.0901, Entropy: 1.0652, Epsilon: 0.010
2026-04-19 12:29:43 | INFO | Episode 4979 - Reward: -200.000, Length: 200, Loss: 21.1516, Entropy: 1.0849, Epsilon: 0.010
2026-04-19 12:29:44 | INFO | Episode 4980 - Reward: -200.000, Length: 200, Loss: 9.2016, Entropy: 1.0846, Epsilon: 0.010
2026-04-19 12:29:44 | INFO | Episode 4981 - Reward: -200.000, Length: 200, Loss: 18.3802, Entropy: 1.0709, Epsilon: 0.010
2026-04-19 12:29:45 | INFO | Episode 4982 - Reward: -200.000, Length: 200, Loss: 12.2968, Entropy: 1.0769, Epsilon: 0.010
2026-04-19 12:29:45 | INFO | Episode 4983 - Reward: -200.000, Length: 200, Loss: 21.2890, Entropy: 1.0878, Epsilon: 0.010
2026-04-19 12:29:45 | INFO | Episode 4984 - Reward: -200.000, Length: 200, Loss: 9.1630, Entropy: 1.0762, Epsilon: 0.010
2026-04-19 12:29:46 | INFO | Episode 4985 - Reward: -200.000, Length: 200, Loss: 14.9382, Entropy: 1.0674, Epsilon: 0.010
2026-04-19 12:29:46 | INFO | Episode 4986 - Reward: -200.000, Length: 200, Loss: 18.1802, Entropy: 1.0552, Epsilon: 0.010
2026-04-19 12:29:46 | INFO | Episode 4987 - Reward: -200.000, Length: 200, Loss: 8.7792, Entropy: 1.0850, Epsilon: 0.010
2026-04-19 12:29:47 | INFO | Episode 4988 - Reward: -200.000, Length: 200, Loss: 15.2208, Entropy: 1.0876, Epsilon: 0.010
2026-04-19 12:29:47 | INFO | Episode 4989 - Reward: -200.000, Length: 200, Loss: 8.9861, Entropy: 1.0787, Epsilon: 0.010
2026-04-19 12:29:47 | INFO | Episode 4990 - Reward: -200.000, Length: 200, Loss: 5.7093, Entropy: 1.0856, Epsilon: 0.010
2026-04-19 12:29:48 | INFO | Episode 4991 - Reward: -200.000, Length: 200, Loss: 15.1991, Entropy: 1.0871, Epsilon: 0.010
2026-04-19 12:29:48 | INFO | Episode 4992 - Reward: -200.000, Length: 200, Loss: 35.6370, Entropy: 1.0834, Epsilon: 0.010
2026-04-19 12:29:48 | INFO | Episode 4993 - Reward: -200.000, Length: 200, Loss: 11.9543, Entropy: 1.0840, Epsilon: 0.010
2026-04-19 12:29:49 | INFO | Episode 4994 - Reward: -200.000, Length: 200, Loss: 17.9308, Entropy: 1.0798, Epsilon: 0.010
2026-04-19 12:29:49 | INFO | Episode 4995 - Reward: -200.000, Length: 200, Loss: -0.1979, Entropy: 1.0870, Epsilon: 0.010
2026-04-19 12:29:49 | INFO | Episode 4996 - Reward: -200.000, Length: 200, Loss: 24.4598, Entropy: 1.0854, Epsilon: 0.010
2026-04-19 12:29:50 | INFO | Episode 4997 - Reward: -200.000, Length: 200, Loss: 8.6733, Entropy: 1.0835, Epsilon: 0.010
2026-04-19 12:29:50 | INFO | Episode 4998 - Reward: -200.000, Length: 200, Loss: 12.2546, Entropy: 1.0902, Epsilon: 0.010
2026-04-19 12:29:50 | INFO | Episode 4999 - Reward: -200.000, Length: 200, Loss: 18.1854, Entropy: 1.0747, Epsilon: 0.010
2026-04-19 12:29:51 | INFO | Episode 5000 - Reward: -200.000, Length: 200, Loss: 5.9860, Entropy: 1.0933, Epsilon: 0.010
2026-04-19 12:29:56 | INFO | [Episode 5000] eps=0.010  avg_reward=-200.000  avg_length=200.00  avg_loss= 15.4345  avg_entropy=1.0933  eval_success=0.000
2026-04-19 12:29:56 | INFO | Episode 5001 - Reward: -200.000, Length: 200, Loss: 5.9617, Entropy: 1.0958, Epsilon: 0.010
2026-04-19 12:29:57 | INFO | Episode 5002 - Reward: -200.000, Length: 200, Loss: 9.1895, Entropy: 1.0915, Epsilon: 0.010
2026-04-19 12:29:57 | INFO | Episode 5003 - Reward: -200.000, Length: 200, Loss: 15.5438, Entropy: 1.0757, Epsilon: 0.010
2026-04-19 12:29:57 | INFO | Episode 5004 - Reward: -200.000, Length: 200, Loss: 15.2650, Entropy: 1.0867, Epsilon: 0.010
2026-04-19 12:29:58 | INFO | Episode 5005 - Reward: -200.000, Length: 200, Loss: 21.0625, Entropy: 1.0835, Epsilon: 0.010
2026-04-19 12:29:58 | INFO | Episode 5006 - Reward: -200.000, Length: 200, Loss: 20.7509, Entropy: 1.0880, Epsilon: 0.010
2026-04-19 12:29:58 | INFO | Episode 5007 - Reward: -200.000, Length: 200, Loss: 8.9035, Entropy: 1.0904, Epsilon: 0.010
2026-04-19 12:29:59 | INFO | Episode 5008 - Reward: -200.000, Length: 200, Loss: 23.3804, Entropy: 1.0649, Epsilon: 0.010
2026-04-19 12:29:59 | INFO | Episode 5009 - Reward: -200.000, Length: 200, Loss: 2.8497, Entropy: 1.0848, Epsilon: 0.010
2026-04-19 12:29:59 | INFO | Episode 5010 - Reward: -200.000, Length: 200, Loss: 11.6545, Entropy: 1.0921, Epsilon: 0.010
2026-04-19 12:30:00 | INFO | Episode 5011 - Reward: -200.000, Length: 200, Loss: 19.9737, Entropy: 1.0843, Epsilon: 0.010
2026-04-19 12:30:00 | INFO | Episode 5012 - Reward: -200.000, Length: 200, Loss: 26.0390, Entropy: 1.0913, Epsilon: 0.010
2026-04-19 12:30:00 | INFO | Episode 5013 - Reward: -200.000, Length: 200, Loss: 8.6094, Entropy: 1.0905, Epsilon: 0.010
2026-04-19 12:30:01 | INFO | Episode 5014 - Reward: -200.000, Length: 200, Loss: 23.4237, Entropy: 1.0928, Epsilon: 0.010
2026-04-19 12:30:01 | INFO | Episode 5015 - Reward: -200.000, Length: 200, Loss: 11.7454, Entropy: 1.0882, Epsilon: 0.010
2026-04-19 12:30:01 | INFO | Episode 5016 - Reward: -200.000, Length: 200, Loss: 2.8271, Entropy: 1.0959, Epsilon: 0.010
2026-04-19 12:30:02 | INFO | Episode 5017 - Reward: -200.000, Length: 200, Loss: 11.9802, Entropy: 1.0864, Epsilon: 0.010
2026-04-19 12:30:03 | INFO | Episode 5018 - Reward: -200.000, Length: 200, Loss: 8.9954, Entropy: 1.0873, Epsilon: 0.010
2026-04-19 12:30:03 | INFO | Episode 5019 - Reward: -200.000, Length: 200, Loss: 17.6773, Entropy: 1.0815, Epsilon: 0.010
2026-04-19 12:30:03 | INFO | Episode 5020 - Reward: -200.000, Length: 200, Loss: 11.7086, Entropy: 1.0839, Epsilon: 0.010
2026-04-19 12:30:04 | INFO | Episode 5021 - Reward: -200.000, Length: 200, Loss: 26.4154, Entropy: 1.0825, Epsilon: 0.010
2026-04-19 12:30:04 | INFO | Episode 5022 - Reward: -200.000, Length: 200, Loss: 5.5929, Entropy: 1.0946, Epsilon: 0.010
2026-04-19 12:30:04 | INFO | Episode 5023 - Reward: -200.000, Length: 200, Loss: 2.7850, Entropy: 1.0940, Epsilon: 0.010
2026-04-19 12:30:05 | INFO | Episode 5024 - Reward: -200.000, Length: 200, Loss: 11.6996, Entropy: 1.0944, Epsilon: 0.010
2026-04-19 12:30:05 | INFO | Episode 5025 - Reward: -200.000, Length: 200, Loss: 11.8657, Entropy: 1.0940, Epsilon: 0.010
2026-04-19 12:30:05 | INFO | Episode 5026 - Reward: -200.000, Length: 200, Loss: 20.8288, Entropy: 1.0740, Epsilon: 0.010
2026-04-19 12:30:06 | INFO | Episode 5027 - Reward: -200.000, Length: 200, Loss: 14.9440, Entropy: 1.0706, Epsilon: 0.010
2026-04-19 12:30:06 | INFO | Episode 5028 - Reward: -200.000, Length: 200, Loss: 18.1584, Entropy: 1.0617, Epsilon: 0.010
2026-04-19 12:30:07 | INFO | Episode 5029 - Reward: -200.000, Length: 200, Loss: 15.0560, Entropy: 1.0828, Epsilon: 0.010
2026-04-19 12:30:07 | INFO | Episode 5030 - Reward: -200.000, Length: 200, Loss: 8.8958, Entropy: 1.0929, Epsilon: 0.010
2026-04-19 12:30:07 | INFO | Episode 5031 - Reward: -200.000, Length: 200, Loss: 6.0533, Entropy: 1.0929, Epsilon: 0.010
2026-04-19 12:30:08 | INFO | Episode 5032 - Reward: -200.000, Length: 200, Loss: 6.0561, Entropy: 1.0933, Epsilon: 0.010
2026-04-19 12:30:08 | INFO | Episode 5033 - Reward: -200.000, Length: 200, Loss: 18.4139, Entropy: 1.0841, Epsilon: 0.010
2026-04-19 12:30:08 | INFO | Episode 5034 - Reward: -200.000, Length: 200, Loss: 12.0578, Entropy: 1.0886, Epsilon: 0.010
2026-04-19 12:30:09 | INFO | Episode 5035 - Reward: -200.000, Length: 200, Loss: 12.1624, Entropy: 1.0929, Epsilon: 0.010
2026-04-19 12:30:09 | INFO | Episode 5036 - Reward: -200.000, Length: 200, Loss: 15.5008, Entropy: 1.0862, Epsilon: 0.010
2026-04-19 12:30:09 | INFO | Episode 5037 - Reward: -200.000, Length: 200, Loss: 21.5432, Entropy: 1.0789, Epsilon: 0.010
2026-04-19 12:30:10 | INFO | Episode 5038 - Reward: -200.000, Length: 200, Loss: 21.8105, Entropy: 1.0871, Epsilon: 0.010
2026-04-19 12:30:10 | INFO | Episode 5039 - Reward: -200.000, Length: 200, Loss: 12.2978, Entropy: 1.0816, Epsilon: 0.010
2026-04-19 12:30:10 | INFO | Episode 5040 - Reward: -200.000, Length: 200, Loss: 21.1261, Entropy: 1.0825, Epsilon: 0.010
2026-04-19 12:30:11 | INFO | Episode 5041 - Reward: -200.000, Length: 200, Loss: 5.9778, Entropy: 1.0905, Epsilon: 0.010
2026-04-19 12:30:11 | INFO | Episode 5042 - Reward: -200.000, Length: 200, Loss: 18.7715, Entropy: 1.0829, Epsilon: 0.010
2026-04-19 12:30:11 | INFO | Episode 5043 - Reward: -200.000, Length: 200, Loss: 9.2118, Entropy: 1.0852, Epsilon: 0.010
2026-04-19 12:30:12 | INFO | Episode 5044 - Reward: -200.000, Length: 200, Loss: 15.4651, Entropy: 1.0905, Epsilon: 0.010
2026-04-19 12:30:12 | INFO | Episode 5045 - Reward: -200.000, Length: 200, Loss: 21.4351, Entropy: 1.0906, Epsilon: 0.010
2026-04-19 12:30:12 | INFO | Episode 5046 - Reward: -200.000, Length: 200, Loss: 18.2532, Entropy: 1.0807, Epsilon: 0.010
2026-04-19 12:30:13 | INFO | Episode 5047 - Reward: -200.000, Length: 200, Loss: 9.0717, Entropy: 1.0943, Epsilon: 0.010
2026-04-19 12:30:13 | INFO | Episode 5048 - Reward: -200.000, Length: 200, Loss: 30.5259, Entropy: 1.0813, Epsilon: 0.010
2026-04-19 12:30:13 | INFO | Episode 5049 - Reward: -200.000, Length: 200, Loss: 2.8581, Entropy: 1.0785, Epsilon: 0.010
2026-04-19 12:30:14 | INFO | Episode 5050 - Reward: -200.000, Length: 200, Loss: 17.6244, Entropy: 1.0802, Epsilon: 0.010
2026-04-19 12:30:14 | INFO | Episode 5051 - Reward: -200.000, Length: 200, Loss: 23.3614, Entropy: 1.0487, Epsilon: 0.010
2026-04-19 12:30:15 | INFO | Episode 5052 - Reward: -200.000, Length: 200, Loss: 14.5930, Entropy: 1.0737, Epsilon: 0.010
2026-04-19 12:30:15 | INFO | Episode 5053 - Reward: -200.000, Length: 200, Loss: 11.5111, Entropy: 1.0840, Epsilon: 0.010
2026-04-19 12:30:15 | INFO | Episode 5054 - Reward: -200.000, Length: 200, Loss: 23.4436, Entropy: 1.0640, Epsilon: 0.010
2026-04-19 12:30:16 | INFO | Episode 5055 - Reward: -200.000, Length: 200, Loss: 20.1958, Entropy: 1.0789, Epsilon: 0.010
2026-04-19 12:30:16 | INFO | Episode 5056 - Reward: -200.000, Length: 200, Loss: 11.4212, Entropy: 1.0750, Epsilon: 0.010
2026-04-19 12:30:16 | INFO | Episode 5057 - Reward: -200.000, Length: 200, Loss: 14.4696, Entropy: 1.0668, Epsilon: 0.010
2026-04-19 12:30:17 | INFO | Episode 5058 - Reward: -200.000, Length: 200, Loss: 17.2964, Entropy: 1.0836, Epsilon: 0.010
2026-04-19 12:30:19 | INFO | Episode 5059 - Reward: -200.000, Length: 200, Loss: 8.6949, Entropy: 1.0842, Epsilon: 0.010
2026-04-19 12:30:19 | INFO | Episode 5060 - Reward: -200.000, Length: 200, Loss: 17.5367, Entropy: 1.0759, Epsilon: 0.010
2026-04-19 12:30:19 | INFO | Episode 5061 - Reward: -200.000, Length: 200, Loss: 17.2298, Entropy: 1.0821, Epsilon: 0.010
2026-04-19 12:30:20 | INFO | Episode 5062 - Reward: -200.000, Length: 200, Loss: 8.2384, Entropy: 1.0904, Epsilon: 0.010
2026-04-19 12:30:20 | INFO | Episode 5063 - Reward: -200.000, Length: 200, Loss: 8.2334, Entropy: 1.0814, Epsilon: 0.010
2026-04-19 12:30:20 | INFO | Episode 5064 - Reward: -200.000, Length: 200, Loss: 17.1615, Entropy: 1.0748, Epsilon: 0.010
2026-04-19 12:30:21 | INFO | Episode 5065 - Reward: -200.000, Length: 200, Loss: 11.6266, Entropy: 1.0888, Epsilon: 0.010
2026-04-19 12:30:21 | INFO | Episode 5066 - Reward: -200.000, Length: 200, Loss: 14.8259, Entropy: 1.0737, Epsilon: 0.010
2026-04-19 12:30:21 | INFO | Episode 5067 - Reward: -200.000, Length: 200, Loss: 20.6583, Entropy: 1.0792, Epsilon: 0.010
2026-04-19 12:30:22 | INFO | Episode 5068 - Reward: -200.000, Length: 200, Loss: 14.9396, Entropy: 1.0885, Epsilon: 0.010
2026-04-19 12:30:22 | INFO | Episode 5069 - Reward: -200.000, Length: 200, Loss: 17.7318, Entropy: 1.0856, Epsilon: 0.010
2026-04-19 12:30:22 | INFO | Episode 5070 - Reward: -200.000, Length: 200, Loss: 11.9648, Entropy: 1.0808, Epsilon: 0.010
2026-04-19 12:30:23 | INFO | Episode 5071 - Reward: -200.000, Length: 200, Loss: 20.9028, Entropy: 1.0842, Epsilon: 0.010
2026-04-19 12:30:23 | INFO | Episode 5072 - Reward: -200.000, Length: 200, Loss: 17.4523, Entropy: 1.0924, Epsilon: 0.010
2026-04-19 12:30:23 | INFO | Episode 5073 - Reward: -200.000, Length: 200, Loss: 8.6838, Entropy: 1.0887, Epsilon: 0.010
2026-04-19 12:30:24 | INFO | Episode 5074 - Reward: -200.000, Length: 200, Loss: 23.3371, Entropy: 1.0856, Epsilon: 0.010
2026-04-19 12:30:24 | INFO | Episode 5075 - Reward: -200.000, Length: 200, Loss: 12.0133, Entropy: 1.0789, Epsilon: 0.010
2026-04-19 12:30:25 | INFO | Episode 5076 - Reward: -200.000, Length: 200, Loss: 17.0637, Entropy: 1.0832, Epsilon: 0.010
2026-04-19 12:30:25 | INFO | Episode 5077 - Reward: -200.000, Length: 200, Loss: 5.7611, Entropy: 1.0853, Epsilon: 0.010
2026-04-19 12:30:25 | INFO | Episode 5078 - Reward: -200.000, Length: 200, Loss: 2.7401, Entropy: 1.0919, Epsilon: 0.010
2026-04-19 12:30:26 | INFO | Episode 5079 - Reward: -200.000, Length: 200, Loss: 5.6843, Entropy: 1.0941, Epsilon: 0.010
2026-04-19 12:30:26 | INFO | Episode 5080 - Reward: -200.000, Length: 200, Loss: 8.5846, Entropy: 1.0946, Epsilon: 0.010
2026-04-19 12:30:26 | INFO | Episode 5081 - Reward: -200.000, Length: 200, Loss: 8.8106, Entropy: 1.0951, Epsilon: 0.010
2026-04-19 12:30:27 | INFO | Episode 5082 - Reward: -200.000, Length: 200, Loss: 17.5032, Entropy: 1.0848, Epsilon: 0.010
2026-04-19 12:30:27 | INFO | Episode 5083 - Reward: -200.000, Length: 200, Loss: 17.4357, Entropy: 1.0791, Epsilon: 0.010
2026-04-19 12:30:27 | INFO | Episode 5084 - Reward: -200.000, Length: 200, Loss: 11.9157, Entropy: 1.0913, Epsilon: 0.010
2026-04-19 12:30:28 | INFO | Episode 5085 - Reward: -200.000, Length: 200, Loss: 17.8405, Entropy: 1.0914, Epsilon: 0.010
2026-04-19 12:30:28 | INFO | Episode 5086 - Reward: -200.000, Length: 200, Loss: 24.3175, Entropy: 1.0767, Epsilon: 0.010
2026-04-19 12:30:28 | INFO | Episode 5087 - Reward: -200.000, Length: 200, Loss: 2.8615, Entropy: 1.0924, Epsilon: 0.010
2026-04-19 12:30:29 | INFO | Episode 5088 - Reward: -200.000, Length: 200, Loss: 5.8918, Entropy: 1.0951, Epsilon: 0.010
2026-04-19 12:30:29 | INFO | Episode 5089 - Reward: -200.000, Length: 200, Loss: 18.3047, Entropy: 1.0868, Epsilon: 0.010
2026-04-19 12:30:29 | INFO | Episode 5090 - Reward: -200.000, Length: 200, Loss: 5.8111, Entropy: 1.0951, Epsilon: 0.010
2026-04-19 12:30:30 | INFO | Episode 5091 - Reward: -200.000, Length: 200, Loss: 15.0377, Entropy: 1.0738, Epsilon: 0.010
2026-04-19 12:30:30 | INFO | Episode 5092 - Reward: -200.000, Length: 200, Loss: 6.1892, Entropy: 1.0835, Epsilon: 0.010
2026-04-19 12:30:30 | INFO | Episode 5093 - Reward: -200.000, Length: 200, Loss: 24.3982, Entropy: 1.0783, Epsilon: 0.010
2026-04-19 12:30:31 | INFO | Episode 5094 - Reward: -200.000, Length: 200, Loss: 15.1734, Entropy: 1.0860, Epsilon: 0.010
2026-04-19 12:30:31 | INFO | Episode 5095 - Reward: -200.000, Length: 200, Loss: 27.4343, Entropy: 1.0751, Epsilon: 0.010
2026-04-19 12:30:31 | INFO | Episode 5096 - Reward: -200.000, Length: 200, Loss: 6.0828, Entropy: 1.0949, Epsilon: 0.010
2026-04-19 12:30:32 | INFO | Episode 5097 - Reward: -200.000, Length: 200, Loss: 15.1890, Entropy: 1.0776, Epsilon: 0.010
2026-04-19 12:30:32 | INFO | Episode 5098 - Reward: -200.000, Length: 200, Loss: 14.8865, Entropy: 1.0765, Epsilon: 0.010
2026-04-19 12:30:33 | INFO | Episode 5099 - Reward: -200.000, Length: 200, Loss: 9.0198, Entropy: 1.0833, Epsilon: 0.010
2026-04-19 12:30:33 | INFO | Episode 5100 - Reward: -200.000, Length: 200, Loss: 18.4060, Entropy: 1.0814, Epsilon: 0.010
2026-04-19 12:30:38 | INFO | [Episode 5100] eps=0.010  avg_reward=-200.000  avg_length=200.00  avg_loss= 14.1987  avg_entropy=1.0814  eval_success=0.000
2026-04-19 12:30:39 | INFO | Episode 5101 - Reward: -200.000, Length: 200, Loss: 8.8079, Entropy: 1.0908, Epsilon: 0.010
2026-04-19 12:30:39 | INFO | Episode 5102 - Reward: -200.000, Length: 200, Loss: 9.2506, Entropy: 1.0880, Epsilon: 0.010
2026-04-19 12:30:39 | INFO | Episode 5103 - Reward: -200.000, Length: 200, Loss: 15.2738, Entropy: 1.0849, Epsilon: 0.010
2026-04-19 12:30:40 | INFO | Episode 5104 - Reward: -200.000, Length: 200, Loss: -0.1977, Entropy: 1.0971, Epsilon: 0.010
2026-04-19 12:30:40 | INFO | Episode 5105 - Reward: -200.000, Length: 200, Loss: 12.2771, Entropy: 1.0900, Epsilon: 0.010
2026-04-19 12:30:40 | INFO | Episode 5106 - Reward: -200.000, Length: 200, Loss: 27.9701, Entropy: 1.0858, Epsilon: 0.010
2026-04-19 12:30:41 | INFO | Episode 5107 - Reward: -200.000, Length: 200, Loss: 22.0246, Entropy: 1.0792, Epsilon: 0.010
2026-04-19 12:30:41 | INFO | Episode 5108 - Reward: -200.000, Length: 200, Loss: 6.3115, Entropy: 1.0884, Epsilon: 0.010
2026-04-19 12:30:42 | INFO | Episode 5109 - Reward: -200.000, Length: 200, Loss: 15.8298, Entropy: 1.0837, Epsilon: 0.010
2026-04-19 12:30:42 | INFO | Episode 5110 - Reward: -200.000, Length: 200, Loss: 22.1150, Entropy: 1.0855, Epsilon: 0.010
2026-04-19 12:30:42 | INFO | Episode 5111 - Reward: -200.000, Length: 200, Loss: 15.8719, Entropy: 1.0771, Epsilon: 0.010
2026-04-19 12:30:43 | INFO | Episode 5112 - Reward: -200.000, Length: 200, Loss: 12.8823, Entropy: 1.0847, Epsilon: 0.010
2026-04-19 12:30:43 | INFO | Episode 5113 - Reward: -200.000, Length: 200, Loss: 12.6182, Entropy: 1.0853, Epsilon: 0.010
2026-04-19 12:30:43 | INFO | Episode 5114 - Reward: -200.000, Length: 200, Loss: 19.1650, Entropy: 1.0856, Epsilon: 0.010
2026-04-19 12:30:44 | INFO | Episode 5115 - Reward: -200.000, Length: 200, Loss: 19.1907, Entropy: 1.0772, Epsilon: 0.010
2026-04-19 12:30:44 | INFO | Episode 5116 - Reward: -200.000, Length: 200, Loss: 28.2400, Entropy: 1.0699, Epsilon: 0.010
2026-04-19 12:30:44 | INFO | Episode 5117 - Reward: -200.000, Length: 200, Loss: 22.2331, Entropy: 1.0698, Epsilon: 0.010
2026-04-19 12:30:45 | INFO | Episode 5118 - Reward: -200.000, Length: 200, Loss: 9.4772, Entropy: 1.0785, Epsilon: 0.010
2026-04-19 12:30:45 | INFO | Episode 5119 - Reward: -200.000, Length: 200, Loss: 25.3886, Entropy: 1.0750, Epsilon: 0.010
2026-04-19 12:30:45 | INFO | Episode 5120 - Reward: -200.000, Length: 200, Loss: 19.2197, Entropy: 1.0737, Epsilon: 0.010
2026-04-19 12:30:46 | INFO | Episode 5121 - Reward: -200.000, Length: 200, Loss: 12.8520, Entropy: 1.0765, Epsilon: 0.010
2026-04-19 12:30:46 | INFO | Episode 5122 - Reward: -200.000, Length: 200, Loss: 22.3131, Entropy: 1.0780, Epsilon: 0.010
2026-04-19 12:30:46 | INFO | Episode 5123 - Reward: -200.000, Length: 200, Loss: 6.1258, Entropy: 1.0939, Epsilon: 0.010
2026-04-19 12:30:47 | INFO | Episode 5124 - Reward: -200.000, Length: 200, Loss: 3.0943, Entropy: 1.0944, Epsilon: 0.010
2026-04-19 12:30:47 | INFO | Episode 5125 - Reward: -200.000, Length: 200, Loss: 19.2025, Entropy: 1.0895, Epsilon: 0.010
2026-04-19 12:30:47 | INFO | Episode 5126 - Reward: -200.000, Length: 200, Loss: 12.7522, Entropy: 1.0933, Epsilon: 0.010
2026-04-19 12:30:48 | INFO | Episode 5127 - Reward: -200.000, Length: 200, Loss: 9.3807, Entropy: 1.0937, Epsilon: 0.010
2026-04-19 12:30:48 | INFO | Episode 5128 - Reward: -200.000, Length: 200, Loss: 18.5080, Entropy: 1.0897, Epsilon: 0.010
2026-04-19 12:30:48 | INFO | Episode 5129 - Reward: -200.000, Length: 200, Loss: 24.7771, Entropy: 1.0680, Epsilon: 0.010
2026-04-19 12:30:49 | INFO | Episode 5130 - Reward: -200.000, Length: 200, Loss: 15.2782, Entropy: 1.0728, Epsilon: 0.010
2026-04-19 12:30:49 | INFO | Episode 5131 - Reward: -200.000, Length: 200, Loss: 15.0618, Entropy: 1.0938, Epsilon: 0.010
2026-04-19 12:30:50 | INFO | Episode 5132 - Reward: -200.000, Length: 200, Loss: 11.9683, Entropy: 1.0781, Epsilon: 0.010
2026-04-19 12:30:50 | INFO | Episode 5133 - Reward: -200.000, Length: 200, Loss: 18.2682, Entropy: 1.0873, Epsilon: 0.010
2026-04-19 12:30:50 | INFO | Episode 5134 - Reward: -200.000, Length: 200, Loss: 15.1156, Entropy: 1.0918, Epsilon: 0.010
2026-04-19 12:30:51 | INFO | Episode 5135 - Reward: -200.000, Length: 200, Loss: 9.1454, Entropy: 1.0904, Epsilon: 0.010
2026-04-19 12:30:51 | INFO | Episode 5136 - Reward: -200.000, Length: 200, Loss: 11.8895, Entropy: 1.0833, Epsilon: 0.010
2026-04-19 12:30:51 | INFO | Episode 5137 - Reward: -200.000, Length: 200, Loss: 15.2364, Entropy: 1.0853, Epsilon: 0.010
2026-04-19 12:30:52 | INFO | Episode 5138 - Reward: -200.000, Length: 200, Loss: 18.2088, Entropy: 1.0872, Epsilon: 0.010
2026-04-19 12:30:52 | INFO | Episode 5139 - Reward: -200.000, Length: 200, Loss: 24.7188, Entropy: 1.0859, Epsilon: 0.010
2026-04-19 12:30:52 | INFO | Episode 5140 - Reward: -200.000, Length: 200, Loss: 11.9420, Entropy: 1.0901, Epsilon: 0.010
2026-04-19 12:30:53 | INFO | Episode 5141 - Reward: -200.000, Length: 200, Loss: 5.8765, Entropy: 1.0894, Epsilon: 0.010
2026-04-19 12:30:53 | INFO | Episode 5142 - Reward: -200.000, Length: 200, Loss: 27.8126, Entropy: 1.0666, Epsilon: 0.010
2026-04-19 12:30:53 | INFO | Episode 5143 - Reward: -200.000, Length: 200, Loss: 12.3747, Entropy: 1.0787, Epsilon: 0.010
2026-04-19 12:30:54 | INFO | Episode 5144 - Reward: -200.000, Length: 200, Loss: 15.2765, Entropy: 1.0918, Epsilon: 0.010
2026-04-19 12:30:54 | INFO | Episode 5145 - Reward: -200.000, Length: 200, Loss: 9.2925, Entropy: 1.0889, Epsilon: 0.010
2026-04-19 12:30:54 | INFO | Episode 5146 - Reward: -200.000, Length: 200, Loss: 9.1559, Entropy: 1.0928, Epsilon: 0.010
2026-04-19 12:30:55 | INFO | Episode 5147 - Reward: -200.000, Length: 200, Loss: 9.1913, Entropy: 1.0789, Epsilon: 0.010
2026-04-19 12:30:55 | INFO | Episode 5148 - Reward: -200.000, Length: 200, Loss: 9.1613, Entropy: 1.0927, Epsilon: 0.010
2026-04-19 12:30:55 | INFO | Episode 5149 - Reward: -200.000, Length: 200, Loss: 15.5366, Entropy: 1.0791, Epsilon: 0.010
2026-04-19 12:30:56 | INFO | Episode 5150 - Reward: -200.000, Length: 200, Loss: 19.0169, Entropy: 1.0796, Epsilon: 0.010
2026-04-19 12:30:56 | INFO | Episode 5151 - Reward: -200.000, Length: 200, Loss: 19.0371, Entropy: 1.0854, Epsilon: 0.010
2026-04-19 12:30:56 | INFO | Episode 5152 - Reward: -200.000, Length: 200, Loss: 9.4966, Entropy: 1.0840, Epsilon: 0.010
2026-04-19 12:30:57 | INFO | Episode 5153 - Reward: -200.000, Length: 200, Loss: 9.4915, Entropy: 1.0939, Epsilon: 0.010
2026-04-19 12:30:57 | INFO | Episode 5154 - Reward: -200.000, Length: 200, Loss: 6.3633, Entropy: 1.0819, Epsilon: 0.010
2026-04-19 12:30:57 | INFO | Episode 5155 - Reward: -200.000, Length: 200, Loss: 15.7069, Entropy: 1.0795, Epsilon: 0.010
2026-04-19 12:30:58 | INFO | Episode 5156 - Reward: -200.000, Length: 200, Loss: 16.0727, Entropy: 1.0746, Epsilon: 0.010
2026-04-19 12:30:58 | INFO | Episode 5157 - Reward: -200.000, Length: 200, Loss: 32.4947, Entropy: 1.0660, Epsilon: 0.010
2026-04-19 12:30:59 | INFO | Episode 5158 - Reward: -200.000, Length: 200, Loss: 9.4918, Entropy: 1.0858, Epsilon: 0.010
2026-04-19 12:30:59 | INFO | Episode 5159 - Reward: -200.000, Length: 200, Loss: 16.3143, Entropy: 1.0852, Epsilon: 0.010
2026-04-19 12:30:59 | INFO | Episode 5160 - Reward: -200.000, Length: 200, Loss: 9.8139, Entropy: 1.0865, Epsilon: 0.010
2026-04-19 12:31:00 | INFO | Episode 5161 - Reward: -200.000, Length: 200, Loss: 13.3045, Entropy: 1.0806, Epsilon: 0.010
2026-04-19 12:31:00 | INFO | Episode 5162 - Reward: -200.000, Length: 200, Loss: 6.5185, Entropy: 1.0886, Epsilon: 0.010
2026-04-19 12:31:00 | INFO | Episode 5163 - Reward: -200.000, Length: 200, Loss: 26.5241, Entropy: 1.0691, Epsilon: 0.010
2026-04-19 12:31:01 | INFO | Episode 5164 - Reward: -200.000, Length: 200, Loss: 12.9959, Entropy: 1.0819, Epsilon: 0.010
2026-04-19 12:31:01 | INFO | Episode 5165 - Reward: -200.000, Length: 200, Loss: 19.2327, Entropy: 1.0862, Epsilon: 0.010
2026-04-19 12:31:01 | INFO | Episode 5166 - Reward: -200.000, Length: 200, Loss: 9.7966, Entropy: 1.0881, Epsilon: 0.010
2026-04-19 12:31:02 | INFO | Episode 5167 - Reward: -200.000, Length: 200, Loss: 13.0951, Entropy: 1.0905, Epsilon: 0.010
2026-04-19 12:31:02 | INFO | Episode 5168 - Reward: -200.000, Length: 200, Loss: 23.1318, Entropy: 1.0798, Epsilon: 0.010
2026-04-19 12:31:02 | INFO | Episode 5169 - Reward: -200.000, Length: 200, Loss: 16.7689, Entropy: 1.0762, Epsilon: 0.010
2026-04-19 12:31:03 | INFO | Episode 5170 - Reward: -200.000, Length: 200, Loss: 26.3795, Entropy: 1.0731, Epsilon: 0.010
2026-04-19 12:31:03 | INFO | Episode 5171 - Reward: -200.000, Length: 200, Loss: 6.4756, Entropy: 1.0877, Epsilon: 0.010
2026-04-19 12:31:03 | INFO | Episode 5172 - Reward: -200.000, Length: 200, Loss: 19.7878, Entropy: 1.0813, Epsilon: 0.010
2026-04-19 12:31:04 | INFO | Episode 5173 - Reward: -200.000, Length: 200, Loss: 13.0807, Entropy: 1.0839, Epsilon: 0.010
2026-04-19 12:31:04 | INFO | Episode 5174 - Reward: -200.000, Length: 200, Loss: 27.1718, Entropy: 1.0637, Epsilon: 0.010
2026-04-19 12:31:04 | INFO | Episode 5175 - Reward: -200.000, Length: 200, Loss: 9.9794, Entropy: 1.0850, Epsilon: 0.010
2026-04-19 12:31:05 | INFO | Episode 5176 - Reward: -200.000, Length: 200, Loss: 19.8645, Entropy: 1.0886, Epsilon: 0.010
2026-04-19 12:31:05 | INFO | Episode 5177 - Reward: -200.000, Length: 200, Loss: 34.6319, Entropy: 1.0830, Epsilon: 0.010
2026-04-19 12:31:06 | INFO | Episode 5178 - Reward: -200.000, Length: 200, Loss: 13.5714, Entropy: 1.0864, Epsilon: 0.010
2026-04-19 12:31:06 | INFO | Episode 5179 - Reward: -200.000, Length: 200, Loss: 16.7736, Entropy: 1.0846, Epsilon: 0.010
2026-04-19 12:31:06 | INFO | Episode 5180 - Reward: -200.000, Length: 200, Loss: 10.2754, Entropy: 1.0825, Epsilon: 0.010
2026-04-19 12:31:07 | INFO | Episode 5181 - Reward: -200.000, Length: 200, Loss: 41.1965, Entropy: 1.0733, Epsilon: 0.010
2026-04-19 12:31:07 | INFO | Episode 5182 - Reward: -200.000, Length: 200, Loss: 13.2339, Entropy: 1.0698, Epsilon: 0.010
2026-04-19 12:31:07 | INFO | Episode 5183 - Reward: -200.000, Length: 200, Loss: 20.7971, Entropy: 1.0830, Epsilon: 0.010
2026-04-19 12:31:08 | INFO | Episode 5184 - Reward: -200.000, Length: 200, Loss: 20.4521, Entropy: 1.0888, Epsilon: 0.010
2026-04-19 12:31:09 | INFO | Episode 5185 - Reward: -200.000, Length: 200, Loss: 10.2323, Entropy: 1.0797, Epsilon: 0.010
2026-04-19 12:31:09 | INFO | Episode 5186 - Reward: -200.000, Length: 200, Loss: 13.5881, Entropy: 1.0806, Epsilon: 0.010
2026-04-19 12:31:09 | INFO | Episode 5187 - Reward: -200.000, Length: 200, Loss: 30.8825, Entropy: 1.0543, Epsilon: 0.010
2026-04-19 12:31:10 | INFO | Episode 5188 - Reward: -200.000, Length: 200, Loss: 17.2850, Entropy: 1.0463, Epsilon: 0.010
2026-04-19 12:31:10 | INFO | Episode 5189 - Reward: -200.000, Length: 200, Loss: 17.1654, Entropy: 1.0826, Epsilon: 0.010
2026-04-19 12:31:10 | INFO | Episode 5190 - Reward: -200.000, Length: 200, Loss: 6.7879, Entropy: 1.0818, Epsilon: 0.010
2026-04-19 12:31:11 | INFO | Episode 5191 - Reward: -200.000, Length: 200, Loss: 23.6220, Entropy: 1.0712, Epsilon: 0.010
2026-04-19 12:31:11 | INFO | Episode 5192 - Reward: -200.000, Length: 200, Loss: 9.8286, Entropy: 1.0842, Epsilon: 0.010
2026-04-19 12:31:11 | INFO | Episode 5193 - Reward: -200.000, Length: 200, Loss: 16.3848, Entropy: 1.0830, Epsilon: 0.010
2026-04-19 12:31:12 | INFO | Episode 5194 - Reward: -200.000, Length: 200, Loss: 28.5247, Entropy: 1.0715, Epsilon: 0.010
2026-04-19 12:31:12 | INFO | Episode 5195 - Reward: -200.000, Length: 200, Loss: 9.4289, Entropy: 1.0901, Epsilon: 0.010
2026-04-19 12:31:12 | INFO | Episode 5196 - Reward: -200.000, Length: 200, Loss: 12.5115, Entropy: 1.0927, Epsilon: 0.010
2026-04-19 12:31:13 | INFO | Episode 5197 - Reward: -200.000, Length: 200, Loss: 19.4261, Entropy: 1.0831, Epsilon: 0.010
2026-04-19 12:31:13 | INFO | Episode 5198 - Reward: -200.000, Length: 200, Loss: 19.0729, Entropy: 1.0787, Epsilon: 0.010
2026-04-19 12:31:13 | INFO | Episode 5199 - Reward: -200.000, Length: 200, Loss: 19.1631, Entropy: 1.0866, Epsilon: 0.010
2026-04-19 12:31:14 | INFO | Episode 5200 - Reward: -200.000, Length: 200, Loss: 15.8455, Entropy: 1.0807, Epsilon: 0.010
2026-04-19 12:31:19 | INFO | [Episode 5200] eps=0.010  avg_reward=-200.000  avg_length=200.00  avg_loss= 16.0155  avg_entropy=1.0807  eval_success=0.000
2026-04-19 12:31:19 | INFO | Episode 5201 - Reward: -200.000, Length: 200, Loss: 22.7869, Entropy: 1.0873, Epsilon: 0.010
2026-04-19 12:31:19 | INFO | Episode 5202 - Reward: -200.000, Length: 200, Loss: 16.3233, Entropy: 1.0717, Epsilon: 0.010
2026-04-19 12:31:20 | INFO | Episode 5203 - Reward: -200.000, Length: 200, Loss: 19.4514, Entropy: 1.0833, Epsilon: 0.010
2026-04-19 12:31:20 | INFO | Episode 5204 - Reward: -200.000, Length: 200, Loss: 6.3304, Entropy: 1.0756, Epsilon: 0.010
2026-04-19 12:31:20 | INFO | Episode 5205 - Reward: -200.000, Length: 200, Loss: 26.0135, Entropy: 1.0846, Epsilon: 0.010
2026-04-19 12:31:21 | INFO | Episode 5206 - Reward: -200.000, Length: 200, Loss: 22.1800, Entropy: 1.0825, Epsilon: 0.010
2026-04-19 12:31:21 | INFO | Episode 5207 - Reward: -200.000, Length: 200, Loss: 22.4191, Entropy: 1.0748, Epsilon: 0.010
2026-04-19 12:31:21 | INFO | Episode 5208 - Reward: -200.000, Length: 200, Loss: 15.5984, Entropy: 1.0794, Epsilon: 0.010
2026-04-19 12:31:22 | INFO | Episode 5209 - Reward: -200.000, Length: 200, Loss: 6.2442, Entropy: 1.0892, Epsilon: 0.010
2026-04-19 12:31:22 | INFO | Episode 5210 - Reward: -200.000, Length: 200, Loss: 19.2164, Entropy: 1.0770, Epsilon: 0.010
2026-04-19 12:31:22 | INFO | Episode 5211 - Reward: -200.000, Length: 200, Loss: 19.1070, Entropy: 1.0401, Epsilon: 0.010
2026-04-19 12:31:23 | INFO | Episode 5212 - Reward: -200.000, Length: 200, Loss: 12.9373, Entropy: 1.0823, Epsilon: 0.010
2026-04-19 12:31:23 | INFO | Episode 5213 - Reward: -200.000, Length: 200, Loss: 16.2687, Entropy: 1.0810, Epsilon: 0.010
2026-04-19 12:31:23 | INFO | Episode 5214 - Reward: -200.000, Length: 200, Loss: 16.1509, Entropy: 1.0888, Epsilon: 0.010
2026-04-19 12:31:24 | INFO | Episode 5215 - Reward: -200.000, Length: 200, Loss: 12.9284, Entropy: 1.0762, Epsilon: 0.010
2026-04-19 12:31:24 | INFO | Episode 5216 - Reward: -200.000, Length: 200, Loss: 12.4108, Entropy: 1.0814, Epsilon: 0.010
2026-04-19 12:31:24 | INFO | Episode 5217 - Reward: -200.000, Length: 200, Loss: 19.6035, Entropy: 1.0811, Epsilon: 0.010
2026-04-19 12:31:25 | INFO | Episode 5218 - Reward: -200.000, Length: 200, Loss: 45.2216, Entropy: 1.0768, Epsilon: 0.010
2026-04-19 12:31:25 | INFO | Episode 5219 - Reward: -200.000, Length: 200, Loss: 26.2065, Entropy: 1.0639, Epsilon: 0.010
2026-04-19 12:31:26 | INFO | Episode 5220 - Reward: -200.000, Length: 200, Loss: 2.9380, Entropy: 1.0937, Epsilon: 0.010
2026-04-19 12:31:26 | INFO | Episode 5221 - Reward: -200.000, Length: 200, Loss: 29.9195, Entropy: 1.0633, Epsilon: 0.010
2026-04-19 12:31:26 | INFO | Episode 5222 - Reward: -200.000, Length: 200, Loss: 13.3346, Entropy: 1.0888, Epsilon: 0.010
2026-04-19 12:31:27 | INFO | Episode 5223 - Reward: -200.000, Length: 200, Loss: 13.2887, Entropy: 1.0911, Epsilon: 0.010
2026-04-19 12:31:27 | INFO | Episode 5224 - Reward: -200.000, Length: 200, Loss: 20.0296, Entropy: 1.0911, Epsilon: 0.010
2026-04-19 12:31:27 | INFO | Episode 5225 - Reward: -200.000, Length: 200, Loss: 13.3271, Entropy: 1.0870, Epsilon: 0.010
2026-04-19 12:31:28 | INFO | Episode 5226 - Reward: -200.000, Length: 200, Loss: 20.4069, Entropy: 1.0853, Epsilon: 0.010
2026-04-19 12:31:28 | INFO | Episode 5227 - Reward: -200.000, Length: 200, Loss: 6.6548, Entropy: 1.0910, Epsilon: 0.010
2026-04-19 12:31:28 | INFO | Episode 5228 - Reward: -200.000, Length: 200, Loss: 26.5206, Entropy: 1.0676, Epsilon: 0.010
2026-04-19 12:31:29 | INFO | Episode 5229 - Reward: -200.000, Length: 200, Loss: 9.8447, Entropy: 1.0908, Epsilon: 0.010
2026-04-19 12:31:29 | INFO | Episode 5230 - Reward: -200.000, Length: 200, Loss: 19.5735, Entropy: 1.0774, Epsilon: 0.010
2026-04-19 12:31:29 | INFO | Episode 5231 - Reward: -200.000, Length: 200, Loss: 16.2604, Entropy: 1.0771, Epsilon: 0.010
2026-04-19 12:31:30 | INFO | Episode 5232 - Reward: -200.000, Length: 200, Loss: 22.9328, Entropy: 1.0879, Epsilon: 0.010
2026-04-19 12:31:30 | INFO | Episode 5233 - Reward: -200.000, Length: 200, Loss: 9.6716, Entropy: 1.0923, Epsilon: 0.010
2026-04-19 12:31:30 | INFO | Episode 5234 - Reward: -200.000, Length: 200, Loss: 20.1438, Entropy: 1.0783, Epsilon: 0.010
2026-04-19 12:31:31 | INFO | Episode 5235 - Reward: -200.000, Length: 200, Loss: 22.8662, Entropy: 1.0480, Epsilon: 0.010
2026-04-19 12:31:31 | INFO | Episode 5236 - Reward: -200.000, Length: 200, Loss: 9.8700, Entropy: 1.0915, Epsilon: 0.010
2026-04-19 12:31:31 | INFO | Episode 5237 - Reward: -200.000, Length: 200, Loss: 13.0912, Entropy: 1.0885, Epsilon: 0.010
2026-04-19 12:31:32 | INFO | Episode 5238 - Reward: -200.000, Length: 200, Loss: 13.0890, Entropy: 1.0893, Epsilon: 0.010
2026-04-19 12:31:32 | INFO | Episode 5239 - Reward: -200.000, Length: 200, Loss: 3.0025, Entropy: 1.0881, Epsilon: 0.010
2026-04-19 12:31:32 | INFO | Episode 5240 - Reward: -200.000, Length: 200, Loss: 9.5622, Entropy: 1.0866, Epsilon: 0.010
2026-04-19 12:31:33 | INFO | Episode 5241 - Reward: -200.000, Length: 200, Loss: 32.7706, Entropy: 1.0664, Epsilon: 0.010
2026-04-19 12:31:33 | INFO | Episode 5242 - Reward: -200.000, Length: 200, Loss: -0.2117, Entropy: 1.0935, Epsilon: 0.010
2026-04-19 12:31:34 | INFO | Episode 5243 - Reward: -200.000, Length: 200, Loss: 12.9176, Entropy: 1.0842, Epsilon: 0.010
2026-04-19 12:31:34 | INFO | Episode 5244 - Reward: -200.000, Length: 200, Loss: 13.1636, Entropy: 1.0889, Epsilon: 0.010
2026-04-19 12:31:34 | INFO | Episode 5245 - Reward: -200.000, Length: 200, Loss: 13.2948, Entropy: 1.0856, Epsilon: 0.010
2026-04-19 12:31:35 | INFO | Episode 5246 - Reward: -200.000, Length: 200, Loss: 23.2818, Entropy: 1.0724, Epsilon: 0.010
2026-04-19 12:31:35 | INFO | Episode 5247 - Reward: -200.000, Length: 200, Loss: 13.2387, Entropy: 1.0834, Epsilon: 0.010
2026-04-19 12:31:35 | INFO | Episode 5248 - Reward: -200.000, Length: 200, Loss: 16.4433, Entropy: 1.0810, Epsilon: 0.010
2026-04-19 12:31:36 | INFO | Episode 5249 - Reward: -200.000, Length: 200, Loss: 26.0803, Entropy: 1.0672, Epsilon: 0.010
2026-04-19 12:31:36 | INFO | Episode 5250 - Reward: -200.000, Length: 200, Loss: 26.8985, Entropy: 1.0559, Epsilon: 0.010
2026-04-19 12:31:36 | INFO | Episode 5251 - Reward: -200.000, Length: 200, Loss: 9.6798, Entropy: 1.0610, Epsilon: 0.010
2026-04-19 12:31:37 | INFO | Episode 5252 - Reward: -200.000, Length: 200, Loss: 28.7182, Entropy: 1.0662, Epsilon: 0.010
2026-04-19 12:31:37 | INFO | Episode 5253 - Reward: -200.000, Length: 200, Loss: 19.5520, Entropy: 1.0636, Epsilon: 0.010
2026-04-19 12:31:37 | INFO | Episode 5254 - Reward: -200.000, Length: 200, Loss: 6.3786, Entropy: 1.0800, Epsilon: 0.010
2026-04-19 12:31:38 | INFO | Episode 5255 - Reward: -200.000, Length: 200, Loss: 19.3370, Entropy: 1.0841, Epsilon: 0.010
2026-04-19 12:31:38 | INFO | Episode 5256 - Reward: -200.000, Length: 200, Loss: 15.7313, Entropy: 1.0495, Epsilon: 0.010
2026-04-19 12:31:38 | INFO | Episode 5257 - Reward: -200.000, Length: 200, Loss: 15.7124, Entropy: 1.0812, Epsilon: 0.010
2026-04-19 12:31:39 | INFO | Episode 5258 - Reward: -200.000, Length: 200, Loss: 21.5396, Entropy: 1.0727, Epsilon: 0.010
2026-04-19 12:31:39 | INFO | Episode 5259 - Reward: -200.000, Length: 200, Loss: 8.8957, Entropy: 1.0718, Epsilon: 0.010
2026-04-19 12:31:39 | INFO | Episode 5260 - Reward: -200.000, Length: 200, Loss: 21.6130, Entropy: 1.0748, Epsilon: 0.010
2026-04-19 12:31:40 | INFO | Episode 5261 - Reward: -200.000, Length: 200, Loss: 12.6973, Entropy: 1.0902, Epsilon: 0.010
2026-04-19 12:31:41 | INFO | Episode 5262 - Reward: -200.000, Length: 200, Loss: 18.8365, Entropy: 1.0788, Epsilon: 0.010
2026-04-19 12:31:41 | INFO | Episode 5263 - Reward: -200.000, Length: 200, Loss: 12.6359, Entropy: 1.0842, Epsilon: 0.010
2026-04-19 12:31:41 | INFO | Episode 5264 - Reward: -200.000, Length: 200, Loss: 22.3051, Entropy: 1.0664, Epsilon: 0.010
2026-04-19 12:31:42 | INFO | Episode 5265 - Reward: -200.000, Length: 200, Loss: 28.7456, Entropy: 1.0757, Epsilon: 0.010
2026-04-19 12:31:42 | INFO | Episode 5266 - Reward: -200.000, Length: 200, Loss: 31.1155, Entropy: 1.0605, Epsilon: 0.010
2026-04-19 12:31:42 | INFO | Episode 5267 - Reward: -200.000, Length: 200, Loss: 6.0124, Entropy: 1.0939, Epsilon: 0.010
2026-04-19 12:31:43 | INFO | Episode 5268 - Reward: -200.000, Length: 200, Loss: 21.7059, Entropy: 1.0723, Epsilon: 0.010
2026-04-19 12:31:43 | INFO | Episode 5269 - Reward: -200.000, Length: 200, Loss: 8.9919, Entropy: 1.0939, Epsilon: 0.010
2026-04-19 12:31:43 | INFO | Episode 5270 - Reward: -200.000, Length: 200, Loss: 18.8447, Entropy: 1.0774, Epsilon: 0.010
2026-04-19 12:31:44 | INFO | Episode 5271 - Reward: -200.000, Length: 200, Loss: 9.1031, Entropy: 1.0850, Epsilon: 0.010
2026-04-19 12:31:44 | INFO | Episode 5272 - Reward: -200.000, Length: 200, Loss: 15.0590, Entropy: 1.0651, Epsilon: 0.010
2026-04-19 12:31:44 | INFO | Episode 5273 - Reward: -200.000, Length: 200, Loss: 27.4117, Entropy: 1.0587, Epsilon: 0.010
2026-04-19 12:31:45 | INFO | Episode 5274 - Reward: -200.000, Length: 200, Loss: 15.0582, Entropy: 1.0803, Epsilon: 0.010
2026-04-19 12:31:45 | INFO | Episode 5275 - Reward: -200.000, Length: 200, Loss: 20.8083, Entropy: 1.0851, Epsilon: 0.010
2026-04-19 12:31:46 | INFO | Episode 5276 - Reward: -200.000, Length: 200, Loss: 14.7105, Entropy: 1.0835, Epsilon: 0.010
2026-04-19 12:31:46 | INFO | Episode 5277 - Reward: -200.000, Length: 200, Loss: 14.7925, Entropy: 1.0899, Epsilon: 0.010
2026-04-19 12:31:46 | INFO | Episode 5278 - Reward: -200.000, Length: 200, Loss: 11.8691, Entropy: 1.0851, Epsilon: 0.010
2026-04-19 12:31:47 | INFO | Episode 5279 - Reward: -200.000, Length: 200, Loss: 30.0761, Entropy: 1.0839, Epsilon: 0.010
2026-04-19 12:31:47 | INFO | Episode 5280 - Reward: -200.000, Length: 200, Loss: 11.7844, Entropy: 1.0929, Epsilon: 0.010
2026-04-19 12:31:47 | INFO | Episode 5281 - Reward: -200.000, Length: 200, Loss: 11.6790, Entropy: 1.0908, Epsilon: 0.010
2026-04-19 12:31:48 | INFO | Episode 5282 - Reward: -200.000, Length: 200, Loss: 11.8732, Entropy: 1.0934, Epsilon: 0.010
2026-04-19 12:31:48 | INFO | Episode 5283 - Reward: -200.000, Length: 200, Loss: 5.8443, Entropy: 1.0905, Epsilon: 0.010
2026-04-19 12:31:48 | INFO | Episode 5284 - Reward: -200.000, Length: 200, Loss: 18.0537, Entropy: 1.0860, Epsilon: 0.010
2026-04-19 12:31:49 | INFO | Episode 5285 - Reward: -200.000, Length: 200, Loss: 20.9458, Entropy: 1.0853, Epsilon: 0.010
2026-04-19 12:31:49 | INFO | Episode 5286 - Reward: -200.000, Length: 200, Loss: 20.2928, Entropy: 1.0707, Epsilon: 0.010
2026-04-19 12:31:49 | INFO | Episode 5287 - Reward: -200.000, Length: 200, Loss: 15.1917, Entropy: 1.0653, Epsilon: 0.010
2026-04-19 12:31:50 | INFO | Episode 5288 - Reward: -200.000, Length: 200, Loss: 20.5800, Entropy: 1.0901, Epsilon: 0.010
2026-04-19 12:31:50 | INFO | Episode 5289 - Reward: -200.000, Length: 200, Loss: 11.4636, Entropy: 1.0888, Epsilon: 0.010
2026-04-19 12:31:50 | INFO | Episode 5290 - Reward: -200.000, Length: 200, Loss: 5.7999, Entropy: 1.0918, Epsilon: 0.010
2026-04-19 12:31:51 | INFO | Episode 5291 - Reward: -200.000, Length: 200, Loss: 5.8149, Entropy: 1.0887, Epsilon: 0.010
2026-04-19 12:31:51 | INFO | Episode 5292 - Reward: -200.000, Length: 200, Loss: 20.6396, Entropy: 1.0854, Epsilon: 0.010
2026-04-19 12:31:51 | INFO | Episode 5293 - Reward: -200.000, Length: 200, Loss: 17.3491, Entropy: 1.0827, Epsilon: 0.010
2026-04-19 12:31:52 | INFO | Episode 5294 - Reward: -200.000, Length: 200, Loss: 8.7888, Entropy: 1.0920, Epsilon: 0.010
2026-04-19 12:31:52 | INFO | Episode 5295 - Reward: -200.000, Length: 200, Loss: 17.5089, Entropy: 1.0923, Epsilon: 0.010
2026-04-19 12:31:52 | INFO | Episode 5296 - Reward: -200.000, Length: 200, Loss: 17.0487, Entropy: 1.0817, Epsilon: 0.010
2026-04-19 12:31:53 | INFO | Episode 5297 - Reward: -200.000, Length: 200, Loss: 2.4897, Entropy: 1.0942, Epsilon: 0.010
2026-04-19 12:31:53 | INFO | Episode 5298 - Reward: -200.000, Length: 200, Loss: 8.5948, Entropy: 1.0906, Epsilon: 0.010
2026-04-19 12:31:54 | INFO | Episode 5299 - Reward: -200.000, Length: 200, Loss: 20.1120, Entropy: 1.0874, Epsilon: 0.010
2026-04-19 12:31:54 | INFO | Episode 5300 - Reward: -200.000, Length: 200, Loss: 8.7691, Entropy: 1.0905, Epsilon: 0.010
2026-04-19 12:31:59 | INFO | [Episode 5300] eps=0.010  avg_reward=-200.000  avg_length=200.00  avg_loss= 16.4016  avg_entropy=1.0905  eval_success=0.000
2026-04-19 12:31:59 | INFO | Episode 5301 - Reward: -200.000, Length: 200, Loss: 17.2812, Entropy: 1.0812, Epsilon: 0.010
2026-04-19 12:32:00 | INFO | Episode 5302 - Reward: -200.000, Length: 200, Loss: 5.7236, Entropy: 1.0832, Epsilon: 0.010
2026-04-19 12:32:00 | INFO | Episode 5303 - Reward: -200.000, Length: 200, Loss: 14.1292, Entropy: 1.0750, Epsilon: 0.010
2026-04-19 12:32:01 | INFO | Episode 5304 - Reward: -200.000, Length: 200, Loss: 25.0228, Entropy: 1.0603, Epsilon: 0.010
2026-04-19 12:32:01 | INFO | Episode 5305 - Reward: -200.000, Length: 200, Loss: 11.5832, Entropy: 1.0899, Epsilon: 0.010
2026-04-19 12:32:01 | INFO | Episode 5306 - Reward: -200.000, Length: 200, Loss: 22.7488, Entropy: 1.0870, Epsilon: 0.010
2026-04-19 12:32:02 | INFO | Episode 5307 - Reward: -200.000, Length: 200, Loss: 19.8240, Entropy: 1.0615, Epsilon: 0.010
2026-04-19 12:32:02 | INFO | Episode 5308 - Reward: -200.000, Length: 200, Loss: 19.6910, Entropy: 1.0788, Epsilon: 0.010
2026-04-19 12:32:03 | INFO | Episode 5309 - Reward: -200.000, Length: 200, Loss: 8.3610, Entropy: 1.0837, Epsilon: 0.010
2026-04-19 12:32:03 | INFO | Episode 5310 - Reward: -200.000, Length: 200, Loss: 14.3029, Entropy: 1.0739, Epsilon: 0.010
2026-04-19 12:32:04 | INFO | Episode 5311 - Reward: -200.000, Length: 200, Loss: 11.3486, Entropy: 1.0867, Epsilon: 0.010
2026-04-19 12:32:04 | INFO | Episode 5312 - Reward: -200.000, Length: 200, Loss: 25.7052, Entropy: 1.0451, Epsilon: 0.010
2026-04-19 12:32:04 | INFO | Episode 5313 - Reward: -200.000, Length: 200, Loss: 14.1282, Entropy: 1.0895, Epsilon: 0.010
2026-04-19 12:32:05 | INFO | Episode 5314 - Reward: -200.000, Length: 200, Loss: 19.7088, Entropy: 1.0900, Epsilon: 0.010
2026-04-19 12:32:05 | INFO | Episode 5315 - Reward: -200.000, Length: 200, Loss: 25.7459, Entropy: 1.0544, Epsilon: 0.010
2026-04-19 12:32:06 | INFO | Episode 5316 - Reward: -200.000, Length: 200, Loss: 20.1055, Entropy: 1.0605, Epsilon: 0.010
2026-04-19 12:32:06 | INFO | Episode 5317 - Reward: -200.000, Length: 200, Loss: 22.8472, Entropy: 1.0631, Epsilon: 0.010
2026-04-19 12:32:07 | INFO | Episode 5318 - Reward: -200.000, Length: 200, Loss: 16.8744, Entropy: 1.0887, Epsilon: 0.010
2026-04-19 12:32:07 | INFO | Episode 5319 - Reward: -200.000, Length: 200, Loss: 8.6452, Entropy: 1.0842, Epsilon: 0.010
2026-04-19 12:32:08 | INFO | Episode 5320 - Reward: -200.000, Length: 200, Loss: 11.2512, Entropy: 1.0913, Epsilon: 0.010
2026-04-19 12:32:08 | INFO | Episode 5321 - Reward: -200.000, Length: 200, Loss: 11.5006, Entropy: 1.0909, Epsilon: 0.010
2026-04-19 12:32:09 | INFO | Episode 5322 - Reward: -200.000, Length: 200, Loss: 11.2026, Entropy: 1.0754, Epsilon: 0.010
2026-04-19 12:32:09 | INFO | Episode 5323 - Reward: -200.000, Length: 200, Loss: 11.6863, Entropy: 1.0851, Epsilon: 0.010
2026-04-19 12:32:09 | INFO | Episode 5324 - Reward: -200.000, Length: 200, Loss: 22.8989, Entropy: 1.0751, Epsilon: 0.010
2026-04-19 12:32:10 | INFO | Episode 5325 - Reward: -200.000, Length: 200, Loss: 14.7384, Entropy: 1.0862, Epsilon: 0.010
2026-04-19 12:32:10 | INFO | Episode 5326 - Reward: -200.000, Length: 200, Loss: 11.9263, Entropy: 1.0902, Epsilon: 0.010
2026-04-19 12:32:11 | INFO | Episode 5327 - Reward: -200.000, Length: 200, Loss: 11.7352, Entropy: 1.0799, Epsilon: 0.010
2026-04-19 12:32:11 | INFO | Episode 5328 - Reward: -200.000, Length: 200, Loss: -0.1792, Entropy: 1.0920, Epsilon: 0.010
2026-04-19 12:32:11 | INFO | Episode 5329 - Reward: -200.000, Length: 200, Loss: 27.6796, Entropy: 1.0698, Epsilon: 0.010
2026-04-19 12:32:12 | INFO | Episode 5330 - Reward: -200.000, Length: 200, Loss: 11.9388, Entropy: 1.0921, Epsilon: 0.010
2026-04-19 12:32:12 | INFO | Episode 5331 - Reward: -200.000, Length: 200, Loss: 14.8374, Entropy: 1.0800, Epsilon: 0.010
2026-04-19 12:32:13 | INFO | Episode 5332 - Reward: -200.000, Length: 200, Loss: 15.2336, Entropy: 1.0787, Epsilon: 0.010
2026-04-19 12:32:13 | INFO | Episode 5333 - Reward: -200.000, Length: 200, Loss: 24.0589, Entropy: 1.0077, Epsilon: 0.010
2026-04-19 12:32:14 | INFO | Episode 5334 - Reward: -200.000, Length: 200, Loss: 15.2061, Entropy: 1.0799, Epsilon: 0.010
2026-04-19 12:32:14 | INFO | Episode 5335 - Reward: -200.000, Length: 200, Loss: 18.4526, Entropy: 1.0902, Epsilon: 0.010
2026-04-19 12:32:15 | INFO | Episode 5336 - Reward: -200.000, Length: 200, Loss: 18.2065, Entropy: 1.0883, Epsilon: 0.010
2026-04-19 12:32:15 | INFO | Episode 5337 - Reward: -200.000, Length: 200, Loss: 15.3258, Entropy: 1.0914, Epsilon: 0.010
2026-04-19 12:32:15 | INFO | Episode 5338 - Reward: -200.000, Length: 200, Loss: 21.6589, Entropy: 1.0885, Epsilon: 0.010
2026-04-19 12:32:16 | INFO | Episode 5339 - Reward: -200.000, Length: 200, Loss: 9.2478, Entropy: 1.0911, Epsilon: 0.010
2026-04-19 12:32:16 | INFO | Episode 5340 - Reward: -200.000, Length: 200, Loss: 18.9641, Entropy: 1.0794, Epsilon: 0.010
2026-04-19 12:32:16 | INFO | Episode 5341 - Reward: -200.000, Length: 200, Loss: 30.5259, Entropy: 1.0634, Epsilon: 0.010
2026-04-19 12:32:17 | INFO | Episode 5342 - Reward: -200.000, Length: 200, Loss: 33.8803, Entropy: 1.0805, Epsilon: 0.010
2026-04-19 12:32:17 | INFO | Episode 5343 - Reward: -200.000, Length: 200, Loss: 27.7601, Entropy: 1.0869, Epsilon: 0.010
2026-04-19 12:32:17 | INFO | Episode 5344 - Reward: -200.000, Length: 200, Loss: 15.6542, Entropy: 1.0866, Epsilon: 0.010
2026-04-19 12:32:18 | INFO | Episode 5345 - Reward: -200.000, Length: 200, Loss: 9.2773, Entropy: 1.0899, Epsilon: 0.010
2026-04-19 12:32:18 | INFO | Episode 5346 - Reward: -200.000, Length: 200, Loss: 15.8635, Entropy: 1.0885, Epsilon: 0.010
2026-04-19 12:32:19 | INFO | Episode 5347 - Reward: -200.000, Length: 200, Loss: 21.9729, Entropy: 1.0810, Epsilon: 0.010
2026-04-19 12:32:19 | INFO | Episode 5348 - Reward: -200.000, Length: 200, Loss: 16.0864, Entropy: 1.0746, Epsilon: 0.010
2026-04-19 12:32:19 | INFO | Episode 5349 - Reward: -200.000, Length: 200, Loss: 9.5886, Entropy: 1.0778, Epsilon: 0.010
2026-04-19 12:32:20 | INFO | Episode 5350 - Reward: -200.000, Length: 200, Loss: 15.8852, Entropy: 1.0860, Epsilon: 0.010
2026-04-19 12:32:20 | INFO | Episode 5351 - Reward: -200.000, Length: 200, Loss: 28.0305, Entropy: 1.0458, Epsilon: 0.010
2026-04-19 12:32:20 | INFO | Episode 5352 - Reward: -200.000, Length: 200, Loss: 12.2876, Entropy: 1.0868, Epsilon: 0.010
2026-04-19 12:32:21 | INFO | Episode 5353 - Reward: -200.000, Length: 200, Loss: 5.9768, Entropy: 1.0926, Epsilon: 0.010
2026-04-19 12:32:21 | INFO | Episode 5354 - Reward: -200.000, Length: 200, Loss: 15.8791, Entropy: 1.0843, Epsilon: 0.010
2026-04-19 12:32:21 | INFO | Episode 5355 - Reward: -200.000, Length: 200, Loss: 19.0052, Entropy: 1.0772, Epsilon: 0.010
2026-04-19 12:32:22 | INFO | Episode 5356 - Reward: -200.000, Length: 200, Loss: 12.6405, Entropy: 1.0839, Epsilon: 0.010
2026-04-19 12:32:22 | INFO | Episode 5357 - Reward: -200.000, Length: 200, Loss: 18.9576, Entropy: 1.0915, Epsilon: 0.010
2026-04-19 12:32:22 | INFO | Episode 5358 - Reward: -200.000, Length: 200, Loss: 31.3371, Entropy: 1.0766, Epsilon: 0.010
2026-04-19 12:32:23 | INFO | Episode 5359 - Reward: -200.000, Length: 200, Loss: 19.1411, Entropy: 1.0787, Epsilon: 0.010
2026-04-19 12:32:23 | INFO | Episode 5360 - Reward: -200.000, Length: 200, Loss: 16.0315, Entropy: 1.0833, Epsilon: 0.010
2026-04-19 12:32:23 | INFO | Episode 5361 - Reward: -200.000, Length: 200, Loss: 19.6534, Entropy: 1.0887, Epsilon: 0.010
2026-04-19 12:32:24 | INFO | Episode 5362 - Reward: -200.000, Length: 200, Loss: 16.0389, Entropy: 1.0830, Epsilon: 0.010
2026-04-19 12:32:24 | INFO | Episode 5363 - Reward: -200.000, Length: 200, Loss: 19.3866, Entropy: 1.0870, Epsilon: 0.010
2026-04-19 12:32:25 | INFO | Episode 5364 - Reward: -200.000, Length: 200, Loss: 23.4554, Entropy: 1.0797, Epsilon: 0.010
2026-04-19 12:32:25 | INFO | Episode 5365 - Reward: -200.000, Length: 200, Loss: 6.5361, Entropy: 1.0907, Epsilon: 0.010
2026-04-19 12:32:25 | INFO | Episode 5366 - Reward: -200.000, Length: 200, Loss: 26.2248, Entropy: 1.0834, Epsilon: 0.010
2026-04-19 12:32:26 | INFO | Episode 5367 - Reward: -200.000, Length: 200, Loss: 23.2531, Entropy: 1.0724, Epsilon: 0.010
2026-04-19 12:32:26 | INFO | Episode 5368 - Reward: -200.000, Length: 200, Loss: 19.9425, Entropy: 1.0765, Epsilon: 0.010
2026-04-19 12:32:27 | INFO | Episode 5369 - Reward: -200.000, Length: 200, Loss: 16.8322, Entropy: 1.0515, Epsilon: 0.010
2026-04-19 12:32:27 | INFO | Episode 5370 - Reward: -200.000, Length: 200, Loss: 20.0757, Entropy: 1.0573, Epsilon: 0.010
2026-04-19 12:32:27 | INFO | Episode 5371 - Reward: -200.000, Length: 200, Loss: 36.3755, Entropy: 1.0549, Epsilon: 0.010
2026-04-19 12:32:28 | INFO | Episode 5372 - Reward: -200.000, Length: 200, Loss: 29.9932, Entropy: 1.0879, Epsilon: 0.010
2026-04-19 12:32:28 | INFO | Episode 5373 - Reward: -200.000, Length: 200, Loss: 16.3123, Entropy: 1.0870, Epsilon: 0.010
2026-04-19 12:32:29 | INFO | Episode 5374 - Reward: -200.000, Length: 200, Loss: 19.8757, Entropy: 1.0846, Epsilon: 0.010
2026-04-19 12:32:29 | INFO | Episode 5375 - Reward: -200.000, Length: 200, Loss: 13.5082, Entropy: 1.0913, Epsilon: 0.010
2026-04-19 12:32:29 | INFO | Episode 5376 - Reward: -200.000, Length: 200, Loss: 10.1606, Entropy: 1.0813, Epsilon: 0.010
2026-04-19 12:32:30 | INFO | Episode 5377 - Reward: -200.000, Length: 200, Loss: 13.9225, Entropy: 1.0787, Epsilon: 0.010
2026-04-19 12:32:30 | INFO | Episode 5378 - Reward: -200.000, Length: 200, Loss: 33.8020, Entropy: 1.0792, Epsilon: 0.010
2026-04-19 12:32:31 | INFO | Episode 5379 - Reward: -200.000, Length: 200, Loss: 20.5190, Entropy: 1.0870, Epsilon: 0.010
2026-04-19 12:32:31 | INFO | Episode 5380 - Reward: -200.000, Length: 200, Loss: 16.9155, Entropy: 1.0906, Epsilon: 0.010
2026-04-19 12:32:31 | INFO | Episode 5381 - Reward: -200.000, Length: 200, Loss: 13.6099, Entropy: 1.0753, Epsilon: 0.010
2026-04-19 12:32:32 | INFO | Episode 5382 - Reward: -200.000, Length: 200, Loss: 17.2921, Entropy: 1.0840, Epsilon: 0.010
2026-04-19 12:32:32 | INFO | Episode 5383 - Reward: -200.000, Length: 200, Loss: 20.6715, Entropy: 1.0794, Epsilon: 0.010
2026-04-19 12:32:32 | INFO | Episode 5384 - Reward: -200.000, Length: 200, Loss: 17.8724, Entropy: 1.0864, Epsilon: 0.010
2026-04-19 12:32:33 | INFO | Episode 5385 - Reward: -200.000, Length: 200, Loss: 20.5721, Entropy: 1.0857, Epsilon: 0.010
2026-04-19 12:32:33 | INFO | Episode 5386 - Reward: -200.000, Length: 200, Loss: 13.7377, Entropy: 1.0818, Epsilon: 0.010
2026-04-19 12:32:34 | INFO | Episode 5387 - Reward: -200.000, Length: 200, Loss: 37.4740, Entropy: 1.0897, Epsilon: 0.010
2026-04-19 12:32:34 | INFO | Episode 5388 - Reward: -200.000, Length: 200, Loss: 13.5749, Entropy: 1.0605, Epsilon: 0.010
2026-04-19 12:32:34 | INFO | Episode 5389 - Reward: -200.000, Length: 200, Loss: 34.3013, Entropy: 1.0479, Epsilon: 0.010
2026-04-19 12:32:35 | INFO | Episode 5390 - Reward: -200.000, Length: 200, Loss: 20.3014, Entropy: 1.0591, Epsilon: 0.010
2026-04-19 12:32:35 | INFO | Episode 5391 - Reward: -200.000, Length: 200, Loss: 27.0083, Entropy: 1.0711, Epsilon: 0.010
2026-04-19 12:32:35 | INFO | Episode 5392 - Reward: -200.000, Length: 200, Loss: 13.6447, Entropy: 1.0563, Epsilon: 0.010
2026-04-19 12:32:36 | INFO | Episode 5393 - Reward: -200.000, Length: 200, Loss: 3.3011, Entropy: 1.0866, Epsilon: 0.010
2026-04-19 12:32:36 | INFO | Episode 5394 - Reward: -200.000, Length: 200, Loss: 16.8625, Entropy: 1.0775, Epsilon: 0.010
2026-04-19 12:32:37 | INFO | Episode 5395 - Reward: -200.000, Length: 200, Loss: 37.7869, Entropy: 1.0426, Epsilon: 0.010
2026-04-19 12:32:37 | INFO | Episode 5396 - Reward: -200.000, Length: 200, Loss: 13.5113, Entropy: 1.0862, Epsilon: 0.010
2026-04-19 12:32:37 | INFO | Episode 5397 - Reward: -200.000, Length: 200, Loss: 20.8140, Entropy: 1.0658, Epsilon: 0.010
2026-04-19 12:32:38 | INFO | Episode 5398 - Reward: -200.000, Length: 200, Loss: 6.7625, Entropy: 1.0781, Epsilon: 0.010
2026-04-19 12:32:40 | INFO | Episode 5399 - Reward: -200.000, Length: 200, Loss: 31.8057, Entropy: 1.0672, Epsilon: 0.010
2026-04-19 12:32:41 | INFO | Episode 5400 - Reward: -200.000, Length: 200, Loss: 23.8501, Entropy: 1.0802, Epsilon: 0.010
2026-04-19 12:32:46 | INFO | [Episode 5400] eps=0.010  avg_reward=-200.000  avg_length=200.00  avg_loss= 18.2467  avg_entropy=1.0802  eval_success=0.000
2026-04-19 12:32:47 | INFO | Episode 5401 - Reward: -200.000, Length: 200, Loss: 20.5832, Entropy: 1.0843, Epsilon: 0.010
2026-04-19 12:32:47 | INFO | Episode 5402 - Reward: -200.000, Length: 200, Loss: 23.7866, Entropy: 1.0580, Epsilon: 0.010
2026-04-19 12:32:48 | INFO | Episode 5403 - Reward: -200.000, Length: 200, Loss: 34.3036, Entropy: 1.0673, Epsilon: 0.010
2026-04-19 12:32:48 | INFO | Episode 5404 - Reward: -200.000, Length: 200, Loss: 6.1050, Entropy: 1.0837, Epsilon: 0.010
2026-04-19 12:32:49 | INFO | Episode 5405 - Reward: -200.000, Length: 200, Loss: 25.9621, Entropy: 1.0554, Epsilon: 0.010
2026-04-19 12:32:49 | INFO | Episode 5406 - Reward: -200.000, Length: 200, Loss: 12.6901, Entropy: 1.0935, Epsilon: 0.010
2026-04-19 12:32:49 | INFO | Episode 5407 - Reward: -200.000, Length: 200, Loss: 37.7423, Entropy: 1.0833, Epsilon: 0.010
2026-04-19 12:32:50 | INFO | Episode 5408 - Reward: -200.000, Length: 200, Loss: 12.8425, Entropy: 1.0890, Epsilon: 0.010
2026-04-19 12:32:50 | INFO | Episode 5409 - Reward: -200.000, Length: 200, Loss: 18.4094, Entropy: 1.0675, Epsilon: 0.010
2026-04-19 12:32:51 | INFO | Episode 5410 - Reward: -200.000, Length: 200, Loss: 6.1174, Entropy: 1.0934, Epsilon: 0.010
2026-04-19 12:32:51 | INFO | Episode 5411 - Reward: -200.000, Length: 200, Loss: 8.9610, Entropy: 1.0797, Epsilon: 0.010
2026-04-19 12:32:51 | INFO | Episode 5412 - Reward: -200.000, Length: 200, Loss: 9.5574, Entropy: 1.0913, Epsilon: 0.010
2026-04-19 12:32:52 | INFO | Episode 5413 - Reward: -200.000, Length: 200, Loss: 19.0382, Entropy: 1.0844, Epsilon: 0.010
2026-04-19 12:32:52 | INFO | Episode 5414 - Reward: -200.000, Length: 200, Loss: 12.3134, Entropy: 1.0794, Epsilon: 0.010
2026-04-19 12:32:53 | INFO | Episode 5415 - Reward: -200.000, Length: 200, Loss: 21.9410, Entropy: 1.0790, Epsilon: 0.010
2026-04-19 12:32:53 | INFO | Episode 5416 - Reward: -200.000, Length: 200, Loss: 12.4663, Entropy: 1.0782, Epsilon: 0.010
2026-04-19 12:32:53 | INFO | Episode 5417 - Reward: -200.000, Length: 200, Loss: 18.4246, Entropy: 1.0782, Epsilon: 0.010
2026-04-19 12:32:54 | INFO | Episode 5418 - Reward: -200.000, Length: 200, Loss: 18.3335, Entropy: 1.0830, Epsilon: 0.010
2026-04-19 12:32:54 | INFO | Episode 5419 - Reward: -200.000, Length: 200, Loss: 21.5142, Entropy: 1.0924, Epsilon: 0.010
2026-04-19 12:32:55 | INFO | Episode 5420 - Reward: -200.000, Length: 200, Loss: 17.8675, Entropy: 1.0844, Epsilon: 0.010
2026-04-19 12:32:55 | INFO | Episode 5421 - Reward: -200.000, Length: 200, Loss: 23.9089, Entropy: 1.0821, Epsilon: 0.010
2026-04-19 12:32:56 | INFO | Episode 5422 - Reward: -200.000, Length: 200, Loss: 18.2454, Entropy: 1.0808, Epsilon: 0.010
2026-04-19 12:32:56 | INFO | Episode 5423 - Reward: -200.000, Length: 200, Loss: 14.6584, Entropy: 1.0779, Epsilon: 0.010
2026-04-19 12:32:56 | INFO | Episode 5424 - Reward: -200.000, Length: 200, Loss: 9.1465, Entropy: 1.0885, Epsilon: 0.010
2026-04-19 12:32:57 | INFO | Episode 5425 - Reward: -200.000, Length: 200, Loss: 20.9782, Entropy: 1.0897, Epsilon: 0.010
2026-04-19 12:32:57 | INFO | Episode 5426 - Reward: -200.000, Length: 200, Loss: 17.4502, Entropy: 1.0832, Epsilon: 0.010
2026-04-19 12:32:58 | INFO | Episode 5427 - Reward: -200.000, Length: 200, Loss: 20.7206, Entropy: 1.0901, Epsilon: 0.010
2026-04-19 12:32:58 | INFO | Episode 5428 - Reward: -200.000, Length: 200, Loss: 21.2742, Entropy: 1.0600, Epsilon: 0.010
2026-04-19 12:32:58 | INFO | Episode 5429 - Reward: -200.000, Length: 200, Loss: 11.4206, Entropy: 1.0803, Epsilon: 0.010
2026-04-19 12:32:59 | INFO | Episode 5430 - Reward: -200.000, Length: 200, Loss: 17.1500, Entropy: 1.0901, Epsilon: 0.010
2026-04-19 12:32:59 | INFO | Episode 5431 - Reward: -200.000, Length: 200, Loss: 8.7240, Entropy: 1.0872, Epsilon: 0.010
2026-04-19 12:33:00 | INFO | Episode 5432 - Reward: -200.000, Length: 200, Loss: 11.8829, Entropy: 1.0855, Epsilon: 0.010
2026-04-19 12:33:00 | INFO | Episode 5433 - Reward: -200.000, Length: 200, Loss: 14.9053, Entropy: 1.0746, Epsilon: 0.010
2026-04-19 12:33:01 | INFO | Episode 5434 - Reward: -200.000, Length: 200, Loss: 14.4329, Entropy: 1.0266, Epsilon: 0.010
2026-04-19 12:33:01 | INFO | Episode 5435 - Reward: -200.000, Length: 200, Loss: 20.0432, Entropy: 1.0899, Epsilon: 0.010
2026-04-19 12:33:02 | INFO | Episode 5436 - Reward: -200.000, Length: 200, Loss: 5.8443, Entropy: 1.0902, Epsilon: 0.010
2026-04-19 12:33:02 | INFO | Episode 5437 - Reward: -200.000, Length: 200, Loss: 17.4344, Entropy: 1.0840, Epsilon: 0.010
2026-04-19 12:33:03 | INFO | Episode 5438 - Reward: -200.000, Length: 200, Loss: 8.6079, Entropy: 1.0865, Epsilon: 0.010
2026-04-19 12:33:03 | INFO | Episode 5439 - Reward: -200.000, Length: 200, Loss: 5.7166, Entropy: 1.0927, Epsilon: 0.010
2026-04-19 12:33:04 | INFO | Episode 5440 - Reward: -200.000, Length: 200, Loss: 23.7144, Entropy: 1.0868, Epsilon: 0.010
2026-04-19 12:33:04 | INFO | Episode 5441 - Reward: -200.000, Length: 200, Loss: 11.7374, Entropy: 1.0787, Epsilon: 0.010
2026-04-19 12:33:05 | INFO | Episode 5442 - Reward: -200.000, Length: 200, Loss: 8.9675, Entropy: 1.0904, Epsilon: 0.010
2026-04-19 12:33:05 | INFO | Episode 5443 - Reward: -200.000, Length: 200, Loss: 17.4746, Entropy: 1.0917, Epsilon: 0.010
2026-04-19 12:33:06 | INFO | Episode 5444 - Reward: -200.000, Length: 200, Loss: 11.8823, Entropy: 1.0930, Epsilon: 0.010
2026-04-19 12:33:06 | INFO | Episode 5445 - Reward: -200.000, Length: 200, Loss: 14.9943, Entropy: 1.0728, Epsilon: 0.010
2026-04-19 12:33:06 | INFO | Episode 5446 - Reward: -200.000, Length: 200, Loss: 12.0237, Entropy: 1.0813, Epsilon: 0.010
2026-04-19 12:33:07 | INFO | Episode 5447 - Reward: -200.000, Length: 200, Loss: 11.9362, Entropy: 1.0788, Epsilon: 0.010
2026-04-19 12:33:07 | INFO | Episode 5448 - Reward: -200.000, Length: 200, Loss: 15.0568, Entropy: 1.0575, Epsilon: 0.010
2026-04-19 12:33:08 | INFO | Episode 5449 - Reward: -200.000, Length: 200, Loss: 14.8293, Entropy: 1.0357, Epsilon: 0.010
2026-04-19 12:33:08 | INFO | Episode 5450 - Reward: -200.000, Length: 200, Loss: 20.7941, Entropy: 1.0839, Epsilon: 0.010
2026-04-19 12:33:09 | INFO | Episode 5451 - Reward: -200.000, Length: 200, Loss: 8.8507, Entropy: 1.0884, Epsilon: 0.010
2026-04-19 12:33:09 | INFO | Episode 5452 - Reward: -200.000, Length: 200, Loss: 8.8736, Entropy: 1.0825, Epsilon: 0.010
2026-04-19 12:33:10 | INFO | Episode 5453 - Reward: -200.000, Length: 200, Loss: 5.7618, Entropy: 1.0856, Epsilon: 0.010
2026-04-19 12:33:10 | INFO | Episode 5454 - Reward: -200.000, Length: 200, Loss: 14.4059, Entropy: 1.0835, Epsilon: 0.010
2026-04-19 12:33:11 | INFO | Episode 5455 - Reward: -200.000, Length: 200, Loss: 27.0303, Entropy: 1.0898, Epsilon: 0.010
2026-04-19 12:33:11 | INFO | Episode 5456 - Reward: -200.000, Length: 200, Loss: 20.4598, Entropy: 1.0885, Epsilon: 0.010
2026-04-19 12:33:12 | INFO | Episode 5457 - Reward: -200.000, Length: 200, Loss: 11.5628, Entropy: 1.0780, Epsilon: 0.010
2026-04-19 12:33:12 | INFO | Episode 5458 - Reward: -200.000, Length: 200, Loss: 12.0034, Entropy: 1.0907, Epsilon: 0.010
2026-04-19 12:33:13 | INFO | Episode 5459 - Reward: -200.000, Length: 200, Loss: 5.9157, Entropy: 1.0816, Epsilon: 0.010
2026-04-19 12:33:13 | INFO | Episode 5460 - Reward: -200.000, Length: 200, Loss: 14.9100, Entropy: 1.0874, Epsilon: 0.010
2026-04-19 12:33:13 | INFO | Episode 5461 - Reward: -200.000, Length: 200, Loss: 11.9305, Entropy: 1.0749, Epsilon: 0.010
2026-04-19 12:33:14 | INFO | Episode 5462 - Reward: -200.000, Length: 200, Loss: 5.7760, Entropy: 1.0934, Epsilon: 0.010
2026-04-19 12:33:15 | INFO | Episode 5463 - Reward: -200.000, Length: 200, Loss: 11.6563, Entropy: 1.0866, Epsilon: 0.010
2026-04-19 12:33:15 | INFO | Episode 5464 - Reward: -200.000, Length: 200, Loss: 21.0921, Entropy: 1.0812, Epsilon: 0.010
2026-04-19 12:33:16 | INFO | Episode 5465 - Reward: -200.000, Length: 200, Loss: 18.2055, Entropy: 1.0390, Epsilon: 0.010
2026-04-19 12:33:16 | INFO | Episode 5466 - Reward: -200.000, Length: 200, Loss: 11.9234, Entropy: 1.0914, Epsilon: 0.010
2026-04-19 12:33:17 | INFO | Episode 5467 - Reward: -200.000, Length: 200, Loss: 12.0083, Entropy: 1.0847, Epsilon: 0.010
2026-04-19 12:33:17 | INFO | Episode 5468 - Reward: -200.000, Length: 200, Loss: 12.2424, Entropy: 1.0876, Epsilon: 0.010
2026-04-19 12:33:17 | INFO | Episode 5469 - Reward: -200.000, Length: 200, Loss: 12.0033, Entropy: 1.0871, Epsilon: 0.010
2026-04-19 12:33:18 | INFO | Episode 5470 - Reward: -200.000, Length: 200, Loss: 15.3741, Entropy: 1.0839, Epsilon: 0.010
2026-04-19 12:33:18 | INFO | Episode 5471 - Reward: -200.000, Length: 200, Loss: 18.0336, Entropy: 1.0777, Epsilon: 0.010
2026-04-19 12:33:19 | INFO | Episode 5472 - Reward: -200.000, Length: 200, Loss: 9.0782, Entropy: 1.0869, Epsilon: 0.010
2026-04-19 12:33:20 | INFO | Episode 5473 - Reward: -200.000, Length: 200, Loss: 15.0311, Entropy: 1.0905, Epsilon: 0.010
2026-04-19 12:33:20 | INFO | Episode 5474 - Reward: -200.000, Length: 200, Loss: 18.2614, Entropy: 1.0775, Epsilon: 0.010
2026-04-19 12:33:21 | INFO | Episode 5475 - Reward: -200.000, Length: 200, Loss: 21.3028, Entropy: 1.0783, Epsilon: 0.010
2026-04-19 12:33:21 | INFO | Episode 5476 - Reward: -200.000, Length: 200, Loss: 17.1827, Entropy: 1.0779, Epsilon: 0.010
2026-04-19 12:33:21 | INFO | Episode 5477 - Reward: -200.000, Length: 200, Loss: 14.6743, Entropy: 1.0757, Epsilon: 0.010
2026-04-19 12:33:22 | INFO | Episode 5478 - Reward: -200.000, Length: 200, Loss: 28.7815, Entropy: 1.0726, Epsilon: 0.010
2026-04-19 12:33:22 | INFO | Episode 5479 - Reward: -200.000, Length: 200, Loss: 8.4429, Entropy: 1.0932, Epsilon: 0.010
2026-04-19 12:33:23 | INFO | Episode 5480 - Reward: -200.000, Length: 200, Loss: 19.5639, Entropy: 1.0719, Epsilon: 0.010
2026-04-19 12:33:23 | INFO | Episode 5481 - Reward: -200.000, Length: 200, Loss: 28.1585, Entropy: 1.0740, Epsilon: 0.010
2026-04-19 12:33:24 | INFO | Episode 5482 - Reward: -200.000, Length: 200, Loss: 11.0138, Entropy: 1.0865, Epsilon: 0.010
2026-04-19 12:33:24 | INFO | Episode 5483 - Reward: -200.000, Length: 200, Loss: 13.9945, Entropy: 1.0917, Epsilon: 0.010
2026-04-19 12:33:24 | INFO | Episode 5484 - Reward: -200.000, Length: 200, Loss: 11.2368, Entropy: 1.0831, Epsilon: 0.010
2026-04-19 12:33:25 | INFO | Episode 5485 - Reward: -200.000, Length: 200, Loss: 13.9283, Entropy: 1.0819, Epsilon: 0.010
2026-04-19 12:33:25 | INFO | Episode 5486 - Reward: -200.000, Length: 200, Loss: 13.8956, Entropy: 1.0902, Epsilon: 0.010
2026-04-19 12:33:26 | INFO | Episode 5487 - Reward: -200.000, Length: 200, Loss: 24.8898, Entropy: 1.0780, Epsilon: 0.010
2026-04-19 12:33:26 | INFO | Episode 5488 - Reward: -200.000, Length: 200, Loss: 22.5826, Entropy: 1.0910, Epsilon: 0.010
2026-04-19 12:33:27 | INFO | Episode 5489 - Reward: -200.000, Length: 200, Loss: 18.5345, Entropy: 1.0827, Epsilon: 0.010
2026-04-19 12:33:27 | INFO | Episode 5490 - Reward: -200.000, Length: 200, Loss: 16.5275, Entropy: 1.0841, Epsilon: 0.010
2026-04-19 12:33:28 | INFO | Episode 5491 - Reward: -200.000, Length: 200, Loss: 2.4783, Entropy: 1.0944, Epsilon: 0.010
2026-04-19 12:33:28 | INFO | Episode 5492 - Reward: -200.000, Length: 200, Loss: 8.2857, Entropy: 1.0885, Epsilon: 0.010
2026-04-19 12:33:29 | INFO | Episode 5493 - Reward: -200.000, Length: 200, Loss: 11.0393, Entropy: 1.0675, Epsilon: 0.010
2026-04-19 12:33:29 | INFO | Episode 5494 - Reward: -200.000, Length: 200, Loss: 22.3747, Entropy: 1.0655, Epsilon: 0.010
2026-04-19 12:33:29 | INFO | Episode 5495 - Reward: -200.000, Length: 200, Loss: 19.4163, Entropy: 1.0781, Epsilon: 0.010
2026-04-19 12:33:30 | INFO | Episode 5496 - Reward: -200.000, Length: 200, Loss: 27.6445, Entropy: 1.0886, Epsilon: 0.010
2026-04-19 12:33:30 | INFO | Episode 5497 - Reward: -200.000, Length: 200, Loss: 19.6749, Entropy: 1.0751, Epsilon: 0.010
2026-04-19 12:33:31 | INFO | Episode 5498 - Reward: -200.000, Length: 200, Loss: 11.1676, Entropy: 1.0692, Epsilon: 0.010
2026-04-19 12:33:31 | INFO | Episode 5499 - Reward: -200.000, Length: 200, Loss: 11.0528, Entropy: 1.0740, Epsilon: 0.010
2026-04-19 12:33:32 | INFO | Episode 5500 - Reward: -200.000, Length: 200, Loss: 8.0239, Entropy: 1.0938, Epsilon: 0.010
2026-04-19 12:33:37 | INFO | [Episode 5500] eps=0.010  avg_reward=-200.000  avg_length=200.00  avg_loss= 15.5317  avg_entropy=1.0938  eval_success=0.000
2026-04-19 12:33:38 | INFO | Episode 5501 - Reward: -200.000, Length: 200, Loss: 11.4137, Entropy: 1.0897, Epsilon: 0.010
2026-04-19 12:33:38 | INFO | Episode 5502 - Reward: -200.000, Length: 200, Loss: 8.4832, Entropy: 1.0876, Epsilon: 0.010
2026-04-19 12:33:38 | INFO | Episode 5503 - Reward: -200.000, Length: 200, Loss: 17.0335, Entropy: 1.0886, Epsilon: 0.010
2026-04-19 12:33:39 | INFO | Episode 5504 - Reward: -200.000, Length: 200, Loss: 11.1517, Entropy: 1.0857, Epsilon: 0.010
2026-04-19 12:33:39 | INFO | Episode 5505 - Reward: -200.000, Length: 200, Loss: 17.1305, Entropy: 1.0760, Epsilon: 0.010
2026-04-19 12:33:40 | INFO | Episode 5506 - Reward: -200.000, Length: 200, Loss: 19.8829, Entropy: 1.0613, Epsilon: 0.010
2026-04-19 12:33:40 | INFO | Episode 5507 - Reward: -200.000, Length: 200, Loss: 19.7797, Entropy: 1.0627, Epsilon: 0.010
2026-04-19 12:33:40 | INFO | Episode 5508 - Reward: -200.000, Length: 200, Loss: 5.5545, Entropy: 1.0718, Epsilon: 0.010
2026-04-19 12:33:41 | INFO | Episode 5509 - Reward: -200.000, Length: 200, Loss: 20.1463, Entropy: 1.0699, Epsilon: 0.010
2026-04-19 12:33:41 | INFO | Episode 5510 - Reward: -200.000, Length: 200, Loss: 8.6866, Entropy: 1.0753, Epsilon: 0.010
2026-04-19 12:33:42 | INFO | Episode 5511 - Reward: -200.000, Length: 200, Loss: 28.8940, Entropy: 1.0455, Epsilon: 0.010
2026-04-19 12:33:42 | INFO | Episode 5512 - Reward: -200.000, Length: 200, Loss: 5.6261, Entropy: 1.0763, Epsilon: 0.010
2026-04-19 12:33:42 | INFO | Episode 5513 - Reward: -200.000, Length: 200, Loss: 8.5624, Entropy: 1.0853, Epsilon: 0.010
2026-04-19 12:33:43 | INFO | Episode 5514 - Reward: -200.000, Length: 200, Loss: 8.4829, Entropy: 1.0892, Epsilon: 0.010
2026-04-19 12:33:43 | INFO | Episode 5515 - Reward: -200.000, Length: 200, Loss: 14.2649, Entropy: 1.0823, Epsilon: 0.010
2026-04-19 12:33:44 | INFO | Episode 5516 - Reward: -200.000, Length: 200, Loss: 16.8767, Entropy: 1.0789, Epsilon: 0.010
2026-04-19 12:33:44 | INFO | Episode 5517 - Reward: -200.000, Length: 200, Loss: 8.4182, Entropy: 1.0824, Epsilon: 0.010
2026-04-19 12:33:44 | INFO | Episode 5518 - Reward: -200.000, Length: 200, Loss: 11.3056, Entropy: 1.0712, Epsilon: 0.010
2026-04-19 12:33:45 | INFO | Episode 5519 - Reward: -200.000, Length: 200, Loss: 19.8573, Entropy: 1.0856, Epsilon: 0.010
2026-04-19 12:33:45 | INFO | Episode 5520 - Reward: -200.000, Length: 200, Loss: 20.0492, Entropy: 1.0662, Epsilon: 0.010
2026-04-19 12:33:46 | INFO | Episode 5521 - Reward: -200.000, Length: 200, Loss: 22.9440, Entropy: 1.0133, Epsilon: 0.010
2026-04-19 12:33:46 | INFO | Episode 5522 - Reward: -200.000, Length: 200, Loss: 8.6532, Entropy: 1.0770, Epsilon: 0.010
2026-04-19 12:33:46 | INFO | Episode 5523 - Reward: -200.000, Length: 200, Loss: 14.2701, Entropy: 1.0871, Epsilon: 0.010
2026-04-19 12:33:47 | INFO | Episode 5524 - Reward: -200.000, Length: 200, Loss: 11.5132, Entropy: 1.0948, Epsilon: 0.010
2026-04-19 12:33:47 | INFO | Episode 5525 - Reward: -200.000, Length: 200, Loss: 20.6278, Entropy: 1.0844, Epsilon: 0.010
2026-04-19 12:33:48 | INFO | Episode 5526 - Reward: -200.000, Length: 200, Loss: 17.5941, Entropy: 1.0887, Epsilon: 0.010
2026-04-19 12:33:48 | INFO | Episode 5527 - Reward: -200.000, Length: 200, Loss: 2.8412, Entropy: 1.0935, Epsilon: 0.010
2026-04-19 12:33:48 | INFO | Episode 5528 - Reward: -200.000, Length: 200, Loss: 14.4154, Entropy: 1.0894, Epsilon: 0.010
2026-04-19 12:33:49 | INFO | Episode 5529 - Reward: -200.000, Length: 200, Loss: 5.7917, Entropy: 1.0936, Epsilon: 0.010
2026-04-19 12:33:49 | INFO | Episode 5530 - Reward: -200.000, Length: 200, Loss: 8.7215, Entropy: 1.0916, Epsilon: 0.010
2026-04-19 12:33:49 | INFO | Episode 5531 - Reward: -200.000, Length: 200, Loss: 5.8211, Entropy: 1.0892, Epsilon: 0.010
2026-04-19 12:33:50 | INFO | Episode 5532 - Reward: -200.000, Length: 200, Loss: 11.6361, Entropy: 1.0877, Epsilon: 0.010
2026-04-19 12:33:50 | INFO | Episode 5533 - Reward: -200.000, Length: 200, Loss: 14.3783, Entropy: 1.0848, Epsilon: 0.010
2026-04-19 12:33:50 | INFO | Episode 5534 - Reward: -200.000, Length: 200, Loss: 17.5857, Entropy: 1.0869, Epsilon: 0.010
2026-04-19 12:33:51 | INFO | Episode 5535 - Reward: -200.000, Length: 200, Loss: 17.6046, Entropy: 1.0833, Epsilon: 0.010
2026-04-19 12:33:51 | INFO | Episode 5536 - Reward: -200.000, Length: 200, Loss: 11.4128, Entropy: 1.0726, Epsilon: 0.010
2026-04-19 12:33:52 | INFO | Episode 5537 - Reward: -200.000, Length: 200, Loss: 20.0280, Entropy: 1.0926, Epsilon: 0.010
2026-04-19 12:33:52 | INFO | Episode 5538 - Reward: -200.000, Length: 200, Loss: 28.5825, Entropy: 1.0683, Epsilon: 0.010
2026-04-19 12:33:53 | INFO | Episode 5539 - Reward: -200.000, Length: 200, Loss: 11.0502, Entropy: 1.0738, Epsilon: 0.010
2026-04-19 12:33:53 | INFO | Episode 5540 - Reward: -200.000, Length: 200, Loss: 19.4584, Entropy: 1.0709, Epsilon: 0.010
2026-04-19 12:33:54 | INFO | Episode 5541 - Reward: -200.000, Length: 200, Loss: 13.7658, Entropy: 1.0749, Epsilon: 0.010
2026-04-19 12:33:54 | INFO | Episode 5542 - Reward: -200.000, Length: 200, Loss: 19.2918, Entropy: 1.0683, Epsilon: 0.010
2026-04-19 12:33:54 | INFO | Episode 5543 - Reward: -200.000, Length: 200, Loss: 16.5023, Entropy: 1.0856, Epsilon: 0.010
2026-04-19 12:33:55 | INFO | Episode 5544 - Reward: -200.000, Length: 200, Loss: 11.2220, Entropy: 1.0926, Epsilon: 0.010
2026-04-19 12:33:55 | INFO | Episode 5545 - Reward: -200.000, Length: 200, Loss: 16.6621, Entropy: 1.0850, Epsilon: 0.010
2026-04-19 12:33:55 | INFO | Episode 5546 - Reward: -200.000, Length: 200, Loss: 8.5676, Entropy: 1.0866, Epsilon: 0.010
2026-04-19 12:33:56 | INFO | Episode 5547 - Reward: -200.000, Length: 200, Loss: 14.1111, Entropy: 1.0890, Epsilon: 0.010
2026-04-19 12:33:56 | INFO | Episode 5548 - Reward: -200.000, Length: 200, Loss: 28.4361, Entropy: 1.0630, Epsilon: 0.010
2026-04-19 12:33:56 | INFO | Episode 5549 - Reward: -200.000, Length: 200, Loss: 8.5159, Entropy: 1.0838, Epsilon: 0.010
2026-04-19 12:33:57 | INFO | Episode 5550 - Reward: -200.000, Length: 200, Loss: 17.2851, Entropy: 1.0718, Epsilon: 0.010
2026-04-19 12:33:57 | INFO | Episode 5551 - Reward: -200.000, Length: 200, Loss: 14.5283, Entropy: 1.0827, Epsilon: 0.010
2026-04-19 12:33:57 | INFO | Episode 5552 - Reward: -200.000, Length: 200, Loss: 14.4810, Entropy: 1.0790, Epsilon: 0.010
2026-04-19 12:33:58 | INFO | Episode 5553 - Reward: -200.000, Length: 200, Loss: 17.2656, Entropy: 1.0818, Epsilon: 0.010
2026-04-19 12:33:58 | INFO | Episode 5554 - Reward: -200.000, Length: 200, Loss: 8.4794, Entropy: 1.0915, Epsilon: 0.010
2026-04-19 12:33:59 | INFO | Episode 5555 - Reward: -200.000, Length: 200, Loss: 23.0520, Entropy: 1.0875, Epsilon: 0.010
2026-04-19 12:33:59 | INFO | Episode 5556 - Reward: -200.000, Length: 200, Loss: 11.5933, Entropy: 1.0953, Epsilon: 0.010
2026-04-19 12:33:59 | INFO | Episode 5557 - Reward: -200.000, Length: 200, Loss: 11.3581, Entropy: 1.0885, Epsilon: 0.010
2026-04-19 12:34:00 | INFO | Episode 5558 - Reward: -200.000, Length: 200, Loss: 11.3844, Entropy: 1.0890, Epsilon: 0.010
2026-04-19 12:34:00 | INFO | Episode 5559 - Reward: -200.000, Length: 200, Loss: 25.8963, Entropy: 1.0794, Epsilon: 0.010
2026-04-19 12:34:00 | INFO | Episode 5560 - Reward: -200.000, Length: 200, Loss: 11.6191, Entropy: 1.0795, Epsilon: 0.010
2026-04-19 12:34:01 | INFO | Episode 5561 - Reward: -200.000, Length: 200, Loss: 5.6975, Entropy: 1.0904, Epsilon: 0.010
2026-04-19 12:34:01 | INFO | Episode 5562 - Reward: -200.000, Length: 200, Loss: 11.6586, Entropy: 1.0803, Epsilon: 0.010
2026-04-19 12:34:02 | INFO | Episode 5563 - Reward: -200.000, Length: 200, Loss: 8.7473, Entropy: 1.0718, Epsilon: 0.010
2026-04-19 12:34:02 | INFO | Episode 5564 - Reward: -200.000, Length: 200, Loss: 26.6451, Entropy: 1.0773, Epsilon: 0.010
2026-04-19 12:34:02 | INFO | Episode 5565 - Reward: -200.000, Length: 200, Loss: 11.6370, Entropy: 1.0888, Epsilon: 0.010
2026-04-19 12:34:03 | INFO | Episode 5566 - Reward: -200.000, Length: 200, Loss: 20.5960, Entropy: 1.0804, Epsilon: 0.010
2026-04-19 12:34:03 | INFO | Episode 5567 - Reward: -200.000, Length: 200, Loss: 5.7919, Entropy: 1.0943, Epsilon: 0.010
2026-04-19 12:34:03 | INFO | Episode 5568 - Reward: -200.000, Length: 200, Loss: 20.4664, Entropy: 1.0825, Epsilon: 0.010
2026-04-19 12:34:04 | INFO | Episode 5569 - Reward: -200.000, Length: 200, Loss: 8.6794, Entropy: 1.0859, Epsilon: 0.010
2026-04-19 12:34:04 | INFO | Episode 5570 - Reward: -200.000, Length: 200, Loss: 17.8239, Entropy: 1.0875, Epsilon: 0.010
2026-04-19 12:34:04 | INFO | Episode 5571 - Reward: -200.000, Length: 200, Loss: 5.8272, Entropy: 1.0932, Epsilon: 0.010
2026-04-19 12:34:05 | INFO | Episode 5572 - Reward: -200.000, Length: 200, Loss: 15.2224, Entropy: 1.0883, Epsilon: 0.010
2026-04-19 12:34:05 | INFO | Episode 5573 - Reward: -200.000, Length: 200, Loss: 17.9573, Entropy: 1.0652, Epsilon: 0.010
2026-04-19 12:34:06 | INFO | Episode 5574 - Reward: -200.000, Length: 200, Loss: 9.0111, Entropy: 1.0782, Epsilon: 0.010
2026-04-19 12:34:06 | INFO | Episode 5575 - Reward: -200.000, Length: 200, Loss: 24.2204, Entropy: 1.0430, Epsilon: 0.010
2026-04-19 12:34:06 | INFO | Episode 5576 - Reward: -200.000, Length: 200, Loss: 11.9101, Entropy: 1.0651, Epsilon: 0.010
2026-04-19 12:34:07 | INFO | Episode 5577 - Reward: -200.000, Length: 200, Loss: 17.7029, Entropy: 1.0820, Epsilon: 0.010
2026-04-19 12:34:07 | INFO | Episode 5578 - Reward: -200.000, Length: 200, Loss: 2.8486, Entropy: 1.0895, Epsilon: 0.010
2026-04-19 12:34:07 | INFO | Episode 5579 - Reward: -200.000, Length: 200, Loss: 18.1527, Entropy: 1.0773, Epsilon: 0.010
2026-04-19 12:34:08 | INFO | Episode 5580 - Reward: -200.000, Length: 200, Loss: 14.9096, Entropy: 1.0779, Epsilon: 0.010
2026-04-19 12:34:08 | INFO | Episode 5581 - Reward: -200.000, Length: 200, Loss: 27.5638, Entropy: 1.0708, Epsilon: 0.010
2026-04-19 12:34:08 | INFO | Episode 5582 - Reward: -200.000, Length: 200, Loss: 15.4425, Entropy: 1.0877, Epsilon: 0.010
2026-04-19 12:34:09 | INFO | Episode 5583 - Reward: -200.000, Length: 200, Loss: 12.1628, Entropy: 1.0889, Epsilon: 0.010
2026-04-19 12:34:09 | INFO | Episode 5584 - Reward: -200.000, Length: 200, Loss: 18.6181, Entropy: 1.0895, Epsilon: 0.010
2026-04-19 12:34:10 | INFO | Episode 5585 - Reward: -200.000, Length: 200, Loss: 18.8880, Entropy: 1.0801, Epsilon: 0.010
2026-04-19 12:34:10 | INFO | Episode 5586 - Reward: -200.000, Length: 200, Loss: 15.4719, Entropy: 1.0899, Epsilon: 0.010
2026-04-19 12:34:10 | INFO | Episode 5587 - Reward: -200.000, Length: 200, Loss: 6.1579, Entropy: 1.0914, Epsilon: 0.010
2026-04-19 12:34:11 | INFO | Episode 5588 - Reward: -200.000, Length: 200, Loss: 15.4875, Entropy: 1.0783, Epsilon: 0.010
2026-04-19 12:34:11 | INFO | Episode 5589 - Reward: -200.000, Length: 200, Loss: 9.2521, Entropy: 1.0795, Epsilon: 0.010
2026-04-19 12:34:11 | INFO | Episode 5590 - Reward: -200.000, Length: 200, Loss: 15.5687, Entropy: 1.0810, Epsilon: 0.010
2026-04-19 12:34:12 | INFO | Episode 5591 - Reward: -200.000, Length: 200, Loss: 15.5066, Entropy: 1.0742, Epsilon: 0.010
2026-04-19 12:34:12 | INFO | Episode 5592 - Reward: -200.000, Length: 200, Loss: 15.1957, Entropy: 1.0874, Epsilon: 0.010
2026-04-19 12:34:12 | INFO | Episode 5593 - Reward: -200.000, Length: 200, Loss: 12.3295, Entropy: 1.0835, Epsilon: 0.010
2026-04-19 12:34:13 | INFO | Episode 5594 - Reward: -200.000, Length: 200, Loss: 12.6385, Entropy: 1.0874, Epsilon: 0.010
2026-04-19 12:34:13 | INFO | Episode 5595 - Reward: -200.000, Length: 200, Loss: 3.0116, Entropy: 1.0943, Epsilon: 0.010
2026-04-19 12:34:14 | INFO | Episode 5596 - Reward: -200.000, Length: 200, Loss: 15.7805, Entropy: 1.0741, Epsilon: 0.010
2026-04-19 12:34:14 | INFO | Episode 5597 - Reward: -200.000, Length: 200, Loss: 19.0939, Entropy: 1.0874, Epsilon: 0.010
2026-04-19 12:34:14 | INFO | Episode 5598 - Reward: -200.000, Length: 200, Loss: 22.1734, Entropy: 1.0881, Epsilon: 0.010
2026-04-19 12:34:15 | INFO | Episode 5599 - Reward: -200.000, Length: 200, Loss: 6.1641, Entropy: 1.0673, Epsilon: 0.010
2026-04-19 12:34:15 | INFO | Episode 5600 - Reward: -200.000, Length: 200, Loss: 9.3231, Entropy: 1.0816, Epsilon: 0.010
2026-04-19 12:34:20 | INFO | [Episode 5600] eps=0.010  avg_reward=-200.000  avg_length=200.00  avg_loss= 14.3188  avg_entropy=1.0816  eval_success=0.000
2026-04-19 12:34:20 | INFO | Episode 5601 - Reward: -200.000, Length: 200, Loss: 12.5558, Entropy: 1.0807, Epsilon: 0.010
2026-04-19 12:34:20 | INFO | Episode 5602 - Reward: -200.000, Length: 200, Loss: 3.0372, Entropy: 1.0937, Epsilon: 0.010
2026-04-19 12:34:21 | INFO | Episode 5603 - Reward: -200.000, Length: 200, Loss: 22.3244, Entropy: 1.0732, Epsilon: 0.010
2026-04-19 12:34:21 | INFO | Episode 5604 - Reward: -200.000, Length: 200, Loss: 9.3567, Entropy: 1.0853, Epsilon: 0.010
2026-04-19 12:34:22 | INFO | Episode 5605 - Reward: -200.000, Length: 200, Loss: 9.4100, Entropy: 1.0827, Epsilon: 0.010
2026-04-19 12:34:22 | INFO | Episode 5606 - Reward: -200.000, Length: 200, Loss: 6.2086, Entropy: 1.0926, Epsilon: 0.010
2026-04-19 12:34:22 | INFO | Episode 5607 - Reward: -200.000, Length: 200, Loss: 12.9483, Entropy: 1.0746, Epsilon: 0.010
2026-04-19 12:34:23 | INFO | Episode 5608 - Reward: -200.000, Length: 200, Loss: 9.4171, Entropy: 1.0843, Epsilon: 0.010
2026-04-19 12:34:23 | INFO | Episode 5609 - Reward: -200.000, Length: 200, Loss: 16.0183, Entropy: 1.0791, Epsilon: 0.010
2026-04-19 12:34:23 | INFO | Episode 5610 - Reward: -200.000, Length: 200, Loss: 6.3813, Entropy: 1.0928, Epsilon: 0.010
2026-04-19 12:34:24 | INFO | Episode 5611 - Reward: -200.000, Length: 200, Loss: 26.1578, Entropy: 1.0762, Epsilon: 0.010
2026-04-19 12:34:24 | INFO | Episode 5612 - Reward: -200.000, Length: 200, Loss: 16.3227, Entropy: 1.0755, Epsilon: 0.010
2026-04-19 12:34:24 | INFO | Episode 5613 - Reward: -200.000, Length: 200, Loss: 19.4275, Entropy: 1.0462, Epsilon: 0.010
2026-04-19 12:34:25 | INFO | Episode 5614 - Reward: -200.000, Length: 200, Loss: 6.4854, Entropy: 1.0790, Epsilon: 0.010
2026-04-19 12:34:25 | INFO | Episode 5615 - Reward: -200.000, Length: 200, Loss: 9.7690, Entropy: 1.0824, Epsilon: 0.010
2026-04-19 12:34:26 | INFO | Episode 5616 - Reward: -200.000, Length: 200, Loss: 19.6274, Entropy: 1.0696, Epsilon: 0.010
2026-04-19 12:34:26 | INFO | Episode 5617 - Reward: -200.000, Length: 200, Loss: 3.1160, Entropy: 1.0892, Epsilon: 0.010
2026-04-19 12:34:26 | INFO | Episode 5618 - Reward: -200.000, Length: 200, Loss: 9.9414, Entropy: 1.0836, Epsilon: 0.010
2026-04-19 12:34:27 | INFO | Episode 5619 - Reward: -200.000, Length: 200, Loss: 9.9043, Entropy: 1.0788, Epsilon: 0.010
2026-04-19 12:34:27 | INFO | Episode 5620 - Reward: -200.000, Length: 200, Loss: 12.8032, Entropy: 1.0773, Epsilon: 0.010
2026-04-19 12:34:27 | INFO | Episode 5621 - Reward: -200.000, Length: 200, Loss: 9.8026, Entropy: 1.0917, Epsilon: 0.010
2026-04-19 12:34:28 | INFO | Episode 5622 - Reward: -200.000, Length: 200, Loss: 13.0873, Entropy: 1.0844, Epsilon: 0.010
2026-04-19 12:34:28 | INFO | Episode 5623 - Reward: -200.000, Length: 200, Loss: 9.8530, Entropy: 1.0826, Epsilon: 0.010
2026-04-19 12:34:28 | INFO | Episode 5624 - Reward: -200.000, Length: 200, Loss: 19.9065, Entropy: 1.0815, Epsilon: 0.010
2026-04-19 12:34:29 | INFO | Episode 5625 - Reward: -200.000, Length: 200, Loss: 13.3421, Entropy: 1.0861, Epsilon: 0.010
2026-04-19 12:34:29 | INFO | Episode 5626 - Reward: -200.000, Length: 200, Loss: 16.9635, Entropy: 1.0905, Epsilon: 0.010
2026-04-19 12:34:30 | INFO | Episode 5627 - Reward: -200.000, Length: 200, Loss: 16.5091, Entropy: 1.0835, Epsilon: 0.010
2026-04-19 12:34:30 | INFO | Episode 5628 - Reward: -200.000, Length: 200, Loss: 40.2215, Entropy: 1.0796, Epsilon: 0.010
2026-04-19 12:34:30 | INFO | Episode 5629 - Reward: -200.000, Length: 200, Loss: 6.6023, Entropy: 1.0834, Epsilon: 0.010
2026-04-19 12:34:31 | INFO | Episode 5630 - Reward: -200.000, Length: 200, Loss: 16.6824, Entropy: 1.0868, Epsilon: 0.010
2026-04-19 12:34:31 | INFO | Episode 5631 - Reward: -200.000, Length: 200, Loss: 9.9949, Entropy: 1.0901, Epsilon: 0.010
2026-04-19 12:34:31 | INFO | Episode 5632 - Reward: -200.000, Length: 200, Loss: 16.7907, Entropy: 1.0768, Epsilon: 0.010
2026-04-19 12:34:32 | INFO | Episode 5633 - Reward: -200.000, Length: 200, Loss: 17.0481, Entropy: 1.0770, Epsilon: 0.010
2026-04-19 12:34:32 | INFO | Episode 5634 - Reward: -200.000, Length: 200, Loss: 20.3800, Entropy: 1.0888, Epsilon: 0.010
2026-04-19 12:34:32 | INFO | Episode 5635 - Reward: -200.000, Length: 200, Loss: 13.4039, Entropy: 1.0793, Epsilon: 0.010
2026-04-19 12:34:33 | INFO | Episode 5636 - Reward: -200.000, Length: 200, Loss: 13.3963, Entropy: 1.0809, Epsilon: 0.010
2026-04-19 12:34:33 | INFO | Episode 5637 - Reward: -200.000, Length: 200, Loss: 16.6765, Entropy: 1.0782, Epsilon: 0.010
2026-04-19 12:34:33 | INFO | Episode 5638 - Reward: -200.000, Length: 200, Loss: 13.2321, Entropy: 1.0862, Epsilon: 0.010
2026-04-19 12:34:34 | INFO | Episode 5639 - Reward: -200.000, Length: 200, Loss: 20.2350, Entropy: 1.0739, Epsilon: 0.010
2026-04-19 12:34:34 | INFO | Episode 5640 - Reward: -200.000, Length: 200, Loss: 13.3642, Entropy: 1.0905, Epsilon: 0.010
2026-04-19 12:34:35 | INFO | Episode 5641 - Reward: -200.000, Length: 200, Loss: 20.4270, Entropy: 1.0920, Epsilon: 0.010
2026-04-19 12:34:35 | INFO | Episode 5642 - Reward: -200.000, Length: 200, Loss: 13.3365, Entropy: 1.0617, Epsilon: 0.010
2026-04-19 12:34:35 | INFO | Episode 5643 - Reward: -200.000, Length: 200, Loss: 6.6904, Entropy: 1.0890, Epsilon: 0.010
2026-04-19 12:34:36 | INFO | Episode 5644 - Reward: -200.000, Length: 200, Loss: 24.4673, Entropy: 1.0678, Epsilon: 0.010
2026-04-19 12:34:36 | INFO | Episode 5645 - Reward: -200.000, Length: 200, Loss: 13.8852, Entropy: 1.0706, Epsilon: 0.010
2026-04-19 12:34:36 | INFO | Episode 5646 - Reward: -200.000, Length: 200, Loss: 13.5802, Entropy: 1.0827, Epsilon: 0.010
2026-04-19 12:34:37 | INFO | Episode 5647 - Reward: -200.000, Length: 200, Loss: 20.5506, Entropy: 1.0720, Epsilon: 0.010
2026-04-19 12:34:37 | INFO | Episode 5648 - Reward: -200.000, Length: 200, Loss: 16.9543, Entropy: 1.0887, Epsilon: 0.010
2026-04-19 12:34:37 | INFO | Episode 5649 - Reward: -200.000, Length: 200, Loss: 16.8503, Entropy: 1.0805, Epsilon: 0.010
2026-04-19 12:34:38 | INFO | Episode 5650 - Reward: -200.000, Length: 200, Loss: 3.3207, Entropy: 1.0883, Epsilon: 0.010
2026-04-19 12:34:38 | INFO | Episode 5651 - Reward: -200.000, Length: 200, Loss: 10.2676, Entropy: 1.0848, Epsilon: 0.010
2026-04-19 12:34:39 | INFO | Episode 5652 - Reward: -200.000, Length: 200, Loss: 20.6499, Entropy: 1.0882, Epsilon: 0.010
2026-04-19 12:34:39 | INFO | Episode 5653 - Reward: -200.000, Length: 200, Loss: 27.5830, Entropy: 1.0794, Epsilon: 0.010
2026-04-19 12:34:39 | INFO | Episode 5654 - Reward: -200.000, Length: 200, Loss: 20.4781, Entropy: 1.0812, Epsilon: 0.010
2026-04-19 12:34:40 | INFO | Episode 5655 - Reward: -200.000, Length: 200, Loss: 7.0413, Entropy: 1.0821, Epsilon: 0.010
2026-04-19 12:34:41 | INFO | Episode 5656 - Reward: -200.000, Length: 200, Loss: 28.3170, Entropy: 1.0674, Epsilon: 0.010
2026-04-19 12:34:41 | INFO | Episode 5657 - Reward: -200.000, Length: 200, Loss: 10.5287, Entropy: 1.0734, Epsilon: 0.010
2026-04-19 12:34:41 | INFO | Episode 5658 - Reward: -200.000, Length: 200, Loss: 10.8253, Entropy: 1.0643, Epsilon: 0.010
2026-04-19 12:34:42 | INFO | Episode 5659 - Reward: -200.000, Length: 200, Loss: 10.5512, Entropy: 1.0843, Epsilon: 0.010
2026-04-19 12:34:42 | INFO | Episode 5660 - Reward: -200.000, Length: 200, Loss: 17.4290, Entropy: 1.0417, Epsilon: 0.010
2026-04-19 12:34:43 | INFO | Episode 5661 - Reward: -200.000, Length: 200, Loss: 28.2460, Entropy: 1.0663, Epsilon: 0.010
2026-04-19 12:34:43 | INFO | Episode 5662 - Reward: -200.000, Length: 200, Loss: 42.5640, Entropy: 1.0634, Epsilon: 0.010
2026-04-19 12:34:43 | INFO | Episode 5663 - Reward: -200.000, Length: 200, Loss: 24.9102, Entropy: 1.0826, Epsilon: 0.010
2026-04-19 12:34:44 | INFO | Episode 5664 - Reward: -200.000, Length: 200, Loss: 24.5513, Entropy: 1.0712, Epsilon: 0.010
2026-04-19 12:34:44 | INFO | Episode 5665 - Reward: -200.000, Length: 200, Loss: 21.2240, Entropy: 1.0651, Epsilon: 0.010
2026-04-19 12:34:44 | INFO | Episode 5666 - Reward: -200.000, Length: 200, Loss: 27.8652, Entropy: 1.0604, Epsilon: 0.010
2026-04-19 12:34:45 | INFO | Episode 5667 - Reward: -200.000, Length: 200, Loss: 14.0225, Entropy: 1.0908, Epsilon: 0.010
2026-04-19 12:34:45 | INFO | Episode 5668 - Reward: -200.000, Length: 200, Loss: 28.1855, Entropy: 1.0761, Epsilon: 0.010
2026-04-19 12:34:45 | INFO | Episode 5669 - Reward: -200.000, Length: 200, Loss: 6.7666, Entropy: 1.0889, Epsilon: 0.010
2026-04-19 12:34:46 | INFO | Episode 5670 - Reward: -200.000, Length: 200, Loss: 20.4606, Entropy: 1.0750, Epsilon: 0.010
2026-04-19 12:34:46 | INFO | Episode 5671 - Reward: -200.000, Length: 200, Loss: 16.9907, Entropy: 1.0817, Epsilon: 0.010
2026-04-19 12:34:46 | INFO | Episode 5672 - Reward: -200.000, Length: 200, Loss: 10.2608, Entropy: 1.0711, Epsilon: 0.010
2026-04-19 12:34:47 | INFO | Episode 5673 - Reward: -200.000, Length: 200, Loss: 23.7758, Entropy: 1.0776, Epsilon: 0.010
2026-04-19 12:34:47 | INFO | Episode 5674 - Reward: -200.000, Length: 200, Loss: 3.1987, Entropy: 1.0949, Epsilon: 0.010
2026-04-19 12:34:48 | INFO | Episode 5675 - Reward: -200.000, Length: 200, Loss: 23.5540, Entropy: 1.0860, Epsilon: 0.010
2026-04-19 12:34:48 | INFO | Episode 5676 - Reward: -200.000, Length: 200, Loss: 30.7695, Entropy: 1.0796, Epsilon: 0.010
2026-04-19 12:34:48 | INFO | Episode 5677 - Reward: -200.000, Length: 200, Loss: 23.6255, Entropy: 1.0745, Epsilon: 0.010
2026-04-19 12:34:49 | INFO | Episode 5678 - Reward: -200.000, Length: 200, Loss: 6.7007, Entropy: 1.0913, Epsilon: 0.010
2026-04-19 12:34:49 | INFO | Episode 5679 - Reward: -200.000, Length: 200, Loss: 13.7413, Entropy: 1.0908, Epsilon: 0.010
2026-04-19 12:34:49 | INFO | Episode 5680 - Reward: -200.000, Length: 200, Loss: 13.6480, Entropy: 1.0847, Epsilon: 0.010
2026-04-19 12:34:50 | INFO | Episode 5681 - Reward: -200.000, Length: 200, Loss: 13.6906, Entropy: 1.0668, Epsilon: 0.010
2026-04-19 12:34:50 | INFO | Episode 5682 - Reward: -200.000, Length: 200, Loss: 10.0561, Entropy: 1.0846, Epsilon: 0.010
2026-04-19 12:34:51 | INFO | Episode 5683 - Reward: -200.000, Length: 200, Loss: 16.7213, Entropy: 1.0821, Epsilon: 0.010
2026-04-19 12:34:51 | INFO | Episode 5684 - Reward: -200.000, Length: 200, Loss: 23.8548, Entropy: 1.0760, Epsilon: 0.010
2026-04-19 12:34:51 | INFO | Episode 5685 - Reward: -200.000, Length: 200, Loss: 16.9361, Entropy: 1.0830, Epsilon: 0.010
2026-04-19 12:34:52 | INFO | Episode 5686 - Reward: -200.000, Length: 200, Loss: 3.3226, Entropy: 1.0918, Epsilon: 0.010
2026-04-19 12:34:52 | INFO | Episode 5687 - Reward: -200.000, Length: 200, Loss: 23.9693, Entropy: 1.0604, Epsilon: 0.010
2026-04-19 12:34:52 | INFO | Episode 5688 - Reward: -200.000, Length: 200, Loss: 13.7996, Entropy: 1.0518, Epsilon: 0.010
2026-04-19 12:34:53 | INFO | Episode 5689 - Reward: -200.000, Length: 200, Loss: 13.7162, Entropy: 1.0867, Epsilon: 0.010
2026-04-19 12:34:53 | INFO | Episode 5690 - Reward: -200.000, Length: 200, Loss: 13.6000, Entropy: 1.0907, Epsilon: 0.010
2026-04-19 12:34:53 | INFO | Episode 5691 - Reward: -200.000, Length: 200, Loss: 17.0204, Entropy: 1.0863, Epsilon: 0.010
2026-04-19 12:34:54 | INFO | Episode 5692 - Reward: -200.000, Length: 200, Loss: 16.8879, Entropy: 1.0707, Epsilon: 0.010
2026-04-19 12:34:54 | INFO | Episode 5693 - Reward: -200.000, Length: 200, Loss: 6.6563, Entropy: 1.0898, Epsilon: 0.010
2026-04-19 12:34:54 | INFO | Episode 5694 - Reward: -200.000, Length: 200, Loss: 16.7867, Entropy: 1.0660, Epsilon: 0.010
2026-04-19 12:34:55 | INFO | Episode 5695 - Reward: -200.000, Length: 200, Loss: 17.2795, Entropy: 1.0569, Epsilon: 0.010
2026-04-19 12:34:55 | INFO | Episode 5696 - Reward: -200.000, Length: 200, Loss: 30.3246, Entropy: 1.0728, Epsilon: 0.010
2026-04-19 12:34:56 | INFO | Episode 5697 - Reward: -200.000, Length: 200, Loss: 37.4212, Entropy: 1.0587, Epsilon: 0.010
2026-04-19 12:34:56 | INFO | Episode 5698 - Reward: -200.000, Length: 200, Loss: 27.6668, Entropy: 1.0742, Epsilon: 0.010
2026-04-19 12:34:56 | INFO | Episode 5699 - Reward: -200.000, Length: 200, Loss: 20.9658, Entropy: 1.0508, Epsilon: 0.010
2026-04-19 12:34:57 | INFO | Episode 5700 - Reward: -200.000, Length: 200, Loss: 17.2330, Entropy: 1.0803, Epsilon: 0.010
2026-04-19 12:35:01 | INFO | [Episode 5700] eps=0.010  avg_reward=-200.000  avg_length=200.00  avg_loss= 16.3541  avg_entropy=1.0803  eval_success=0.000
2026-04-19 12:35:02 | INFO | Episode 5701 - Reward: -200.000, Length: 200, Loss: 19.9711, Entropy: 1.0546, Epsilon: 0.010
2026-04-19 12:35:02 | INFO | Episode 5702 - Reward: -200.000, Length: 200, Loss: 19.5324, Entropy: 1.0756, Epsilon: 0.010
2026-04-19 12:35:02 | INFO | Episode 5703 - Reward: -200.000, Length: 200, Loss: 6.5240, Entropy: 1.0893, Epsilon: 0.010
2026-04-19 12:35:03 | INFO | Episode 5704 - Reward: -200.000, Length: 200, Loss: 16.5396, Entropy: 1.0904, Epsilon: 0.010
2026-04-19 12:35:03 | INFO | Episode 5705 - Reward: -200.000, Length: 200, Loss: 9.9249, Entropy: 1.0872, Epsilon: 0.010
2026-04-19 12:35:04 | INFO | Episode 5706 - Reward: -200.000, Length: 200, Loss: 23.7188, Entropy: 1.0752, Epsilon: 0.010
2026-04-19 12:35:04 | INFO | Episode 5707 - Reward: -200.000, Length: 200, Loss: 6.6500, Entropy: 1.0925, Epsilon: 0.010
2026-04-19 12:35:04 | INFO | Episode 5708 - Reward: -200.000, Length: 200, Loss: 3.1832, Entropy: 1.0910, Epsilon: 0.010
2026-04-19 12:35:05 | INFO | Episode 5709 - Reward: -200.000, Length: 200, Loss: 17.1024, Entropy: 1.0909, Epsilon: 0.010
2026-04-19 12:35:05 | INFO | Episode 5710 - Reward: -200.000, Length: 200, Loss: 16.9353, Entropy: 1.0904, Epsilon: 0.010
2026-04-19 12:35:05 | INFO | Episode 5711 - Reward: -200.000, Length: 200, Loss: 34.2404, Entropy: 1.0736, Epsilon: 0.010
2026-04-19 12:35:06 | INFO | Episode 5712 - Reward: -200.000, Length: 200, Loss: 13.7829, Entropy: 1.0887, Epsilon: 0.010
2026-04-19 12:35:06 | INFO | Episode 5713 - Reward: -200.000, Length: 200, Loss: 13.7062, Entropy: 1.0826, Epsilon: 0.010
2026-04-19 12:35:06 | INFO | Episode 5714 - Reward: -200.000, Length: 200, Loss: 24.0016, Entropy: 1.0561, Epsilon: 0.010
2026-04-19 12:35:07 | INFO | Episode 5715 - Reward: -200.000, Length: 200, Loss: 23.8314, Entropy: 1.0501, Epsilon: 0.010
2026-04-19 12:35:07 | INFO | Episode 5716 - Reward: -200.000, Length: 200, Loss: 20.7881, Entropy: 1.0842, Epsilon: 0.010
2026-04-19 12:35:08 | INFO | Episode 5717 - Reward: -200.000, Length: 200, Loss: 24.0737, Entropy: 1.0658, Epsilon: 0.010
2026-04-19 12:35:08 | INFO | Episode 5718 - Reward: -200.000, Length: 200, Loss: 14.0112, Entropy: 1.0823, Epsilon: 0.010
2026-04-19 12:35:08 | INFO | Episode 5719 - Reward: -200.000, Length: 200, Loss: 30.2797, Entropy: 1.0470, Epsilon: 0.010
2026-04-19 12:35:09 | INFO | Episode 5720 - Reward: -200.000, Length: 200, Loss: 10.4571, Entropy: 1.0661, Epsilon: 0.010
2026-04-19 12:35:09 | INFO | Episode 5721 - Reward: -200.000, Length: 200, Loss: 6.7317, Entropy: 1.0882, Epsilon: 0.010
2026-04-19 12:35:09 | INFO | Episode 5722 - Reward: -200.000, Length: 200, Loss: 20.4518, Entropy: 1.0782, Epsilon: 0.010
2026-04-19 12:35:10 | INFO | Episode 5723 - Reward: -200.000, Length: 200, Loss: 13.4700, Entropy: 1.0850, Epsilon: 0.010
2026-04-19 12:35:10 | INFO | Episode 5724 - Reward: -200.000, Length: 200, Loss: 23.9918, Entropy: 1.0787, Epsilon: 0.010
2026-04-19 12:35:10 | INFO | Episode 5725 - Reward: -200.000, Length: 200, Loss: 6.5707, Entropy: 1.0879, Epsilon: 0.010
2026-04-19 12:35:11 | INFO | Episode 5726 - Reward: -200.000, Length: 200, Loss: 23.9884, Entropy: 1.0613, Epsilon: 0.010
2026-04-19 12:35:11 | INFO | Episode 5727 - Reward: -200.000, Length: 200, Loss: 27.5400, Entropy: 1.0801, Epsilon: 0.010
2026-04-19 12:35:11 | INFO | Episode 5728 - Reward: -200.000, Length: 200, Loss: 24.4595, Entropy: 1.0667, Epsilon: 0.010
2026-04-19 12:35:12 | INFO | Episode 5729 - Reward: -200.000, Length: 200, Loss: 27.1322, Entropy: 1.0714, Epsilon: 0.010
2026-04-19 12:35:12 | INFO | Episode 5730 - Reward: -200.000, Length: 200, Loss: 16.7899, Entropy: 1.0823, Epsilon: 0.010
2026-04-19 12:35:13 | INFO | Episode 5731 - Reward: -200.000, Length: 200, Loss: 9.8683, Entropy: 1.0805, Epsilon: 0.010
2026-04-19 12:35:13 | INFO | Episode 5732 - Reward: -200.000, Length: 200, Loss: 26.5563, Entropy: 1.0603, Epsilon: 0.010
2026-04-19 12:35:14 | INFO | Episode 5733 - Reward: -200.000, Length: 200, Loss: 19.6536, Entropy: 1.0638, Epsilon: 0.010
2026-04-19 12:35:14 | INFO | Episode 5734 - Reward: -200.000, Length: 200, Loss: 12.9551, Entropy: 1.0932, Epsilon: 0.010
2026-04-19 12:35:15 | INFO | Episode 5735 - Reward: -200.000, Length: 200, Loss: 16.3404, Entropy: 1.0765, Epsilon: 0.010
2026-04-19 12:35:15 | INFO | Episode 5736 - Reward: -200.000, Length: 200, Loss: 2.9432, Entropy: 1.0852, Epsilon: 0.010
2026-04-19 12:35:15 | INFO | Episode 5737 - Reward: -200.000, Length: 200, Loss: 29.1409, Entropy: 1.0674, Epsilon: 0.010
2026-04-19 12:35:16 | INFO | Episode 5738 - Reward: -200.000, Length: 200, Loss: 22.6484, Entropy: 1.0453, Epsilon: 0.010
2026-04-19 12:35:18 | INFO | Episode 5739 - Reward: -200.000, Length: 200, Loss: 15.9665, Entropy: 1.0780, Epsilon: 0.010
2026-04-19 12:35:18 | INFO | Episode 5740 - Reward: -200.000, Length: 200, Loss: 22.8732, Entropy: 1.0508, Epsilon: 0.010
2026-04-19 12:35:19 | INFO | Episode 5741 - Reward: -200.000, Length: 200, Loss: 19.6375, Entropy: 1.0768, Epsilon: 0.010
2026-04-19 12:35:19 | INFO | Episode 5742 - Reward: -200.000, Length: 200, Loss: 9.5863, Entropy: 1.0785, Epsilon: 0.010
2026-04-19 12:35:19 | INFO | Episode 5743 - Reward: -200.000, Length: 200, Loss: 19.3296, Entropy: 1.0709, Epsilon: 0.010
2026-04-19 12:35:20 | INFO | Episode 5744 - Reward: -200.000, Length: 200, Loss: 22.8261, Entropy: 1.0604, Epsilon: 0.010
2026-04-19 12:35:20 | INFO | Episode 5745 - Reward: -200.000, Length: 200, Loss: 3.1094, Entropy: 1.0920, Epsilon: 0.010
2026-04-19 12:35:20 | INFO | Episode 5746 - Reward: -200.000, Length: 200, Loss: 25.8134, Entropy: 1.0844, Epsilon: 0.010
2026-04-19 12:35:21 | INFO | Episode 5747 - Reward: -200.000, Length: 200, Loss: 19.5700, Entropy: 1.0759, Epsilon: 0.010
2026-04-19 12:35:21 | INFO | Episode 5748 - Reward: -200.000, Length: 200, Loss: 19.8968, Entropy: 1.0832, Epsilon: 0.010
2026-04-19 12:35:22 | INFO | Episode 5749 - Reward: -200.000, Length: 200, Loss: -0.1818, Entropy: 1.0834, Epsilon: 0.010
2026-04-19 12:35:22 | INFO | Episode 5750 - Reward: -200.000, Length: 200, Loss: 22.1570, Entropy: 1.0860, Epsilon: 0.010
2026-04-19 12:35:22 | INFO | Episode 5751 - Reward: -200.000, Length: 200, Loss: 12.5426, Entropy: 1.0915, Epsilon: 0.010
2026-04-19 12:35:23 | INFO | Episode 5752 - Reward: -200.000, Length: 200, Loss: 24.9192, Entropy: 1.0698, Epsilon: 0.010
2026-04-19 12:35:23 | INFO | Episode 5753 - Reward: -200.000, Length: 200, Loss: 12.8647, Entropy: 1.0725, Epsilon: 0.010
2026-04-19 12:35:23 | INFO | Episode 5754 - Reward: -200.000, Length: 200, Loss: 5.8828, Entropy: 1.0914, Epsilon: 0.010
2026-04-19 12:35:24 | INFO | Episode 5755 - Reward: -200.000, Length: 200, Loss: 24.7681, Entropy: 1.0717, Epsilon: 0.010
2026-04-19 12:35:24 | INFO | Episode 5756 - Reward: -200.000, Length: 200, Loss: 15.1386, Entropy: 1.0801, Epsilon: 0.010
2026-04-19 12:35:24 | INFO | Episode 5757 - Reward: -200.000, Length: 200, Loss: 8.7176, Entropy: 1.0754, Epsilon: 0.010
2026-04-19 12:35:25 | INFO | Episode 5758 - Reward: -200.000, Length: 200, Loss: 32.9270, Entropy: 1.0546, Epsilon: 0.010
2026-04-19 12:35:25 | INFO | Episode 5759 - Reward: -200.000, Length: 200, Loss: 26.2276, Entropy: 1.0738, Epsilon: 0.010
2026-04-19 12:35:25 | INFO | Episode 5760 - Reward: -200.000, Length: 200, Loss: 26.2680, Entropy: 1.0653, Epsilon: 0.010
2026-04-19 12:35:26 | INFO | Episode 5761 - Reward: -200.000, Length: 200, Loss: 26.4882, Entropy: 1.0852, Epsilon: 0.010
2026-04-19 12:35:26 | INFO | Episode 5762 - Reward: -200.000, Length: 200, Loss: 8.7473, Entropy: 1.0933, Epsilon: 0.010
2026-04-19 12:35:27 | INFO | Episode 5763 - Reward: -200.000, Length: 200, Loss: 5.7994, Entropy: 1.0903, Epsilon: 0.010
2026-04-19 12:35:27 | INFO | Episode 5764 - Reward: -200.000, Length: 200, Loss: 20.5854, Entropy: 1.0796, Epsilon: 0.010
2026-04-19 12:35:27 | INFO | Episode 5765 - Reward: -200.000, Length: 200, Loss: 11.9057, Entropy: 1.0869, Epsilon: 0.010
2026-04-19 12:35:28 | INFO | Episode 5766 - Reward: -200.000, Length: 200, Loss: 14.7977, Entropy: 1.0835, Epsilon: 0.010
2026-04-19 12:35:28 | INFO | Episode 5767 - Reward: -200.000, Length: 200, Loss: 11.9115, Entropy: 1.0605, Epsilon: 0.010
2026-04-19 12:35:28 | INFO | Episode 5768 - Reward: -200.000, Length: 200, Loss: 9.0418, Entropy: 1.0933, Epsilon: 0.010
2026-04-19 12:35:29 | INFO | Episode 5769 - Reward: -200.000, Length: 200, Loss: 27.3202, Entropy: 1.0796, Epsilon: 0.010
2026-04-19 12:35:29 | INFO | Episode 5770 - Reward: -200.000, Length: 200, Loss: 12.2331, Entropy: 1.0852, Epsilon: 0.010
2026-04-19 12:35:30 | INFO | Episode 5771 - Reward: -200.000, Length: 200, Loss: 9.1125, Entropy: 1.0897, Epsilon: 0.010
2026-04-19 12:35:30 | INFO | Episode 5772 - Reward: -200.000, Length: 200, Loss: 21.3465, Entropy: 1.0880, Epsilon: 0.010
2026-04-19 12:35:30 | INFO | Episode 5773 - Reward: -200.000, Length: 200, Loss: 5.9034, Entropy: 1.0924, Epsilon: 0.010
2026-04-19 12:35:31 | INFO | Episode 5774 - Reward: -200.000, Length: 200, Loss: 9.1733, Entropy: 1.0884, Epsilon: 0.010
2026-04-19 12:35:31 | INFO | Episode 5775 - Reward: -200.000, Length: 200, Loss: 6.0745, Entropy: 1.0935, Epsilon: 0.010
2026-04-19 12:35:32 | INFO | Episode 5776 - Reward: -200.000, Length: 200, Loss: 15.4955, Entropy: 1.0900, Epsilon: 0.010
2026-04-19 12:35:32 | INFO | Episode 5777 - Reward: -200.000, Length: 200, Loss: 21.8473, Entropy: 1.0761, Epsilon: 0.010
2026-04-19 12:35:32 | INFO | Episode 5778 - Reward: -200.000, Length: 200, Loss: 12.7305, Entropy: 1.0722, Epsilon: 0.010
2026-04-19 12:35:33 | INFO | Episode 5779 - Reward: -200.000, Length: 200, Loss: 21.4414, Entropy: 1.0806, Epsilon: 0.010
2026-04-19 12:35:33 | INFO | Episode 5780 - Reward: -200.000, Length: 200, Loss: 18.5625, Entropy: 1.0659, Epsilon: 0.010
2026-04-19 12:35:33 | INFO | Episode 5781 - Reward: -200.000, Length: 200, Loss: 15.6777, Entropy: 1.0895, Epsilon: 0.010
2026-04-19 12:35:34 | INFO | Episode 5782 - Reward: -200.000, Length: 200, Loss: 15.8014, Entropy: 1.0848, Epsilon: 0.010
2026-04-19 12:35:34 | INFO | Episode 5783 - Reward: -200.000, Length: 200, Loss: 12.3293, Entropy: 1.0871, Epsilon: 0.010
2026-04-19 12:35:34 | INFO | Episode 5784 - Reward: -200.000, Length: 200, Loss: 12.6798, Entropy: 1.0831, Epsilon: 0.010
2026-04-19 12:35:35 | INFO | Episode 5785 - Reward: -200.000, Length: 200, Loss: 15.7685, Entropy: 1.0691, Epsilon: 0.010
2026-04-19 12:35:35 | INFO | Episode 5786 - Reward: -200.000, Length: 200, Loss: 19.2434, Entropy: 1.0732, Epsilon: 0.010
2026-04-19 12:35:36 | INFO | Episode 5787 - Reward: -200.000, Length: 200, Loss: 9.5965, Entropy: 1.0931, Epsilon: 0.010
2026-04-19 12:35:36 | INFO | Episode 5788 - Reward: -200.000, Length: 200, Loss: 18.7860, Entropy: 1.0601, Epsilon: 0.010
2026-04-19 12:35:36 | INFO | Episode 5789 - Reward: -200.000, Length: 200, Loss: 22.2540, Entropy: 1.0692, Epsilon: 0.010
2026-04-19 12:35:37 | INFO | Episode 5790 - Reward: -200.000, Length: 200, Loss: 9.6018, Entropy: 1.0739, Epsilon: 0.010
2026-04-19 12:35:37 | INFO | Episode 5791 - Reward: -200.000, Length: 200, Loss: 28.5057, Entropy: 1.0598, Epsilon: 0.010
2026-04-19 12:35:37 | INFO | Episode 5792 - Reward: -200.000, Length: 200, Loss: 12.5413, Entropy: 1.0905, Epsilon: 0.010
2026-04-19 12:35:38 | INFO | Episode 5793 - Reward: -200.000, Length: 200, Loss: 15.6702, Entropy: 1.0843, Epsilon: 0.010
2026-04-19 12:35:38 | INFO | Episode 5794 - Reward: -200.000, Length: 200, Loss: 2.9924, Entropy: 1.0942, Epsilon: 0.010
2026-04-19 12:35:39 | INFO | Episode 5795 - Reward: -200.000, Length: 200, Loss: 21.8999, Entropy: 1.0803, Epsilon: 0.010
2026-04-19 12:35:39 | INFO | Episode 5796 - Reward: -200.000, Length: 200, Loss: 9.5040, Entropy: 1.0899, Epsilon: 0.010
2026-04-19 12:35:39 | INFO | Episode 5797 - Reward: -200.000, Length: 200, Loss: 12.4820, Entropy: 1.0943, Epsilon: 0.010
2026-04-19 12:35:40 | INFO | Episode 5798 - Reward: -200.000, Length: 200, Loss: 6.2118, Entropy: 1.0912, Epsilon: 0.010
2026-04-19 12:35:40 | INFO | Episode 5799 - Reward: -200.000, Length: 200, Loss: 6.3460, Entropy: 1.0898, Epsilon: 0.010
2026-04-19 12:35:40 | INFO | Episode 5800 - Reward: -200.000, Length: 200, Loss: 18.9542, Entropy: 1.0826, Epsilon: 0.010
2026-04-19 12:35:45 | INFO | [Episode 5800] eps=0.010  avg_reward=-200.000  avg_length=200.00  avg_loss= 16.4869  avg_entropy=1.0826  eval_success=0.000
2026-04-19 12:35:46 | INFO | Episode 5801 - Reward: -200.000, Length: 200, Loss: 9.1714, Entropy: 1.0884, Epsilon: 0.010
2026-04-19 12:35:47 | INFO | Episode 5802 - Reward: -200.000, Length: 200, Loss: 25.6160, Entropy: 1.0840, Epsilon: 0.010
2026-04-19 12:35:47 | INFO | Episode 5803 - Reward: -200.000, Length: 200, Loss: 12.7718, Entropy: 1.0830, Epsilon: 0.010
2026-04-19 12:35:47 | INFO | Episode 5804 - Reward: -200.000, Length: 200, Loss: 19.3188, Entropy: 1.0863, Epsilon: 0.010
2026-04-19 12:35:48 | INFO | Episode 5805 - Reward: -200.000, Length: 200, Loss: 15.9655, Entropy: 1.0895, Epsilon: 0.010
2026-04-19 12:35:48 | INFO | Episode 5806 - Reward: -200.000, Length: 200, Loss: -0.2030, Entropy: 1.0957, Epsilon: 0.010
2026-04-19 12:35:48 | INFO | Episode 5807 - Reward: -200.000, Length: 200, Loss: 19.4172, Entropy: 1.0946, Epsilon: 0.010
2026-04-19 12:35:49 | INFO | Episode 5808 - Reward: -200.000, Length: 200, Loss: 3.0480, Entropy: 1.0938, Epsilon: 0.010
2026-04-19 12:35:49 | INFO | Episode 5809 - Reward: -200.000, Length: 200, Loss: 16.2789, Entropy: 1.0853, Epsilon: 0.010
2026-04-19 12:35:49 | INFO | Episode 5810 - Reward: -200.000, Length: 200, Loss: 9.8001, Entropy: 1.0848, Epsilon: 0.010
2026-04-19 12:35:50 | INFO | Episode 5811 - Reward: -200.000, Length: 200, Loss: 16.4415, Entropy: 1.0755, Epsilon: 0.010
2026-04-19 12:35:50 | INFO | Episode 5812 - Reward: -200.000, Length: 200, Loss: 19.7588, Entropy: 1.0663, Epsilon: 0.010
2026-04-19 12:35:51 | INFO | Episode 5813 - Reward: -200.000, Length: 200, Loss: 6.3685, Entropy: 1.0853, Epsilon: 0.010
2026-04-19 12:35:51 | INFO | Episode 5814 - Reward: -200.000, Length: 200, Loss: 13.2766, Entropy: 1.0897, Epsilon: 0.010
2026-04-19 12:35:51 | INFO | Episode 5815 - Reward: -200.000, Length: 200, Loss: 9.7896, Entropy: 1.0926, Epsilon: 0.010
2026-04-19 12:35:52 | INFO | Episode 5816 - Reward: -200.000, Length: 200, Loss: 13.3536, Entropy: 1.0866, Epsilon: 0.010
2026-04-19 12:35:52 | INFO | Episode 5817 - Reward: -200.000, Length: 200, Loss: 26.8457, Entropy: 1.0558, Epsilon: 0.010
2026-04-19 12:35:52 | INFO | Episode 5818 - Reward: -200.000, Length: 200, Loss: 16.8427, Entropy: 1.0748, Epsilon: 0.010
2026-04-19 12:35:53 | INFO | Episode 5819 - Reward: -200.000, Length: 200, Loss: 16.6260, Entropy: 1.0838, Epsilon: 0.010
2026-04-19 12:35:53 | INFO | Episode 5820 - Reward: -200.000, Length: 200, Loss: 23.0514, Entropy: 1.0744, Epsilon: 0.010
2026-04-19 12:35:53 | INFO | Episode 5821 - Reward: -200.000, Length: 200, Loss: 3.0517, Entropy: 1.0900, Epsilon: 0.010
2026-04-19 12:35:54 | INFO | Episode 5822 - Reward: -200.000, Length: 200, Loss: 19.0473, Entropy: 1.0891, Epsilon: 0.010
2026-04-19 12:35:54 | INFO | Episode 5823 - Reward: -200.000, Length: 200, Loss: 6.3621, Entropy: 1.0828, Epsilon: 0.010
2026-04-19 12:35:55 | INFO | Episode 5824 - Reward: -200.000, Length: 200, Loss: 6.2981, Entropy: 1.0751, Epsilon: 0.010
2026-04-19 12:35:55 | INFO | Episode 5825 - Reward: -200.000, Length: 200, Loss: 6.3083, Entropy: 1.0933, Epsilon: 0.010
2026-04-19 12:35:55 | INFO | Episode 5826 - Reward: -200.000, Length: 200, Loss: 22.5866, Entropy: 1.0736, Epsilon: 0.010
2026-04-19 12:35:56 | INFO | Episode 5827 - Reward: -200.000, Length: 200, Loss: 19.2531, Entropy: 1.0732, Epsilon: 0.010
2026-04-19 12:35:56 | INFO | Episode 5828 - Reward: -200.000, Length: 200, Loss: 9.4138, Entropy: 1.0714, Epsilon: 0.010
2026-04-19 12:35:56 | INFO | Episode 5829 - Reward: -200.000, Length: 200, Loss: 15.6314, Entropy: 1.0820, Epsilon: 0.010
2026-04-19 12:35:57 | INFO | Episode 5830 - Reward: -200.000, Length: 200, Loss: 6.1060, Entropy: 1.0872, Epsilon: 0.010
2026-04-19 12:35:57 | INFO | Episode 5831 - Reward: -200.000, Length: 200, Loss: 24.7489, Entropy: 1.0639, Epsilon: 0.010
2026-04-19 12:35:57 | INFO | Episode 5832 - Reward: -200.000, Length: 200, Loss: 18.7642, Entropy: 1.0896, Epsilon: 0.010
2026-04-19 12:35:58 | INFO | Episode 5833 - Reward: -200.000, Length: 200, Loss: 15.7303, Entropy: 1.0883, Epsilon: 0.010
2026-04-19 12:35:58 | INFO | Episode 5834 - Reward: -200.000, Length: 200, Loss: 12.4588, Entropy: 1.0899, Epsilon: 0.010
2026-04-19 12:35:58 | INFO | Episode 5835 - Reward: -200.000, Length: 200, Loss: 9.5459, Entropy: 1.0854, Epsilon: 0.010
2026-04-19 12:35:59 | INFO | Episode 5836 - Reward: -200.000, Length: 200, Loss: 9.4578, Entropy: 1.0862, Epsilon: 0.010
2026-04-19 12:35:59 | INFO | Episode 5837 - Reward: -200.000, Length: 200, Loss: 28.1140, Entropy: 1.0834, Epsilon: 0.010
2026-04-19 12:36:00 | INFO | Episode 5838 - Reward: -200.000, Length: 200, Loss: 6.2485, Entropy: 1.0745, Epsilon: 0.010
2026-04-19 12:36:00 | INFO | Episode 5839 - Reward: -200.000, Length: 200, Loss: 9.5120, Entropy: 1.0845, Epsilon: 0.010
2026-04-19 12:36:00 | INFO | Episode 5840 - Reward: -200.000, Length: 200, Loss: 22.0526, Entropy: 1.0821, Epsilon: 0.010
2026-04-19 12:36:01 | INFO | Episode 5841 - Reward: -200.000, Length: 200, Loss: 15.6305, Entropy: 1.0851, Epsilon: 0.010
2026-04-19 12:36:01 | INFO | Episode 5842 - Reward: -200.000, Length: 200, Loss: 12.3683, Entropy: 1.0858, Epsilon: 0.010
2026-04-19 12:36:01 | INFO | Episode 5843 - Reward: -200.000, Length: 200, Loss: 9.5323, Entropy: 1.0907, Epsilon: 0.010
2026-04-19 12:36:02 | INFO | Episode 5844 - Reward: -200.000, Length: 200, Loss: 25.3477, Entropy: 1.0858, Epsilon: 0.010
2026-04-19 12:36:02 | INFO | Episode 5845 - Reward: -200.000, Length: 200, Loss: 12.6771, Entropy: 1.0868, Epsilon: 0.010
2026-04-19 12:36:02 | INFO | Episode 5846 - Reward: -200.000, Length: 200, Loss: 18.9024, Entropy: 1.0339, Epsilon: 0.010
2026-04-19 12:36:03 | INFO | Episode 5847 - Reward: -200.000, Length: 200, Loss: 25.1755, Entropy: 1.0614, Epsilon: 0.010
2026-04-19 12:36:03 | INFO | Episode 5848 - Reward: -200.000, Length: 200, Loss: 22.0502, Entropy: 1.0765, Epsilon: 0.010
2026-04-19 12:36:03 | INFO | Episode 5849 - Reward: -200.000, Length: 200, Loss: 15.8905, Entropy: 1.0824, Epsilon: 0.010
2026-04-19 12:36:04 | INFO | Episode 5850 - Reward: -200.000, Length: 200, Loss: 15.8338, Entropy: 1.0673, Epsilon: 0.010
2026-04-19 12:36:04 | INFO | Episode 5851 - Reward: -200.000, Length: 200, Loss: 21.8189, Entropy: 1.0756, Epsilon: 0.010
2026-04-19 12:36:05 | INFO | Episode 5852 - Reward: -200.000, Length: 200, Loss: 6.1635, Entropy: 1.0906, Epsilon: 0.010
2026-04-19 12:36:05 | INFO | Episode 5853 - Reward: -200.000, Length: 200, Loss: 27.9313, Entropy: 1.0749, Epsilon: 0.010
2026-04-19 12:36:05 | INFO | Episode 5854 - Reward: -200.000, Length: 200, Loss: 15.9886, Entropy: 1.0687, Epsilon: 0.010
2026-04-19 12:36:06 | INFO | Episode 5855 - Reward: -200.000, Length: 200, Loss: 18.8326, Entropy: 1.0844, Epsilon: 0.010
2026-04-19 12:36:06 | INFO | Episode 5856 - Reward: -200.000, Length: 200, Loss: 9.5804, Entropy: 1.0802, Epsilon: 0.010
2026-04-19 12:36:06 | INFO | Episode 5857 - Reward: -200.000, Length: 200, Loss: 22.1676, Entropy: 1.0835, Epsilon: 0.010
2026-04-19 12:36:07 | INFO | Episode 5858 - Reward: -200.000, Length: 200, Loss: 12.7364, Entropy: 1.0896, Epsilon: 0.010
2026-04-19 12:36:07 | INFO | Episode 5859 - Reward: -200.000, Length: 200, Loss: 12.8236, Entropy: 1.0819, Epsilon: 0.010
2026-04-19 12:36:07 | INFO | Episode 5860 - Reward: -200.000, Length: 200, Loss: 25.4925, Entropy: 1.0865, Epsilon: 0.010
2026-04-19 12:36:08 | INFO | Episode 5861 - Reward: -200.000, Length: 200, Loss: 25.6369, Entropy: 1.0821, Epsilon: 0.010
2026-04-19 12:36:08 | INFO | Episode 5862 - Reward: -200.000, Length: 200, Loss: 12.8868, Entropy: 1.0934, Epsilon: 0.010
2026-04-19 12:36:09 | INFO | Episode 5863 - Reward: -200.000, Length: 200, Loss: 25.9092, Entropy: 1.0839, Epsilon: 0.010
2026-04-19 12:36:09 | INFO | Episode 5864 - Reward: -200.000, Length: 200, Loss: 9.3654, Entropy: 1.0822, Epsilon: 0.010
2026-04-19 12:36:09 | INFO | Episode 5865 - Reward: -200.000, Length: 200, Loss: 12.8341, Entropy: 1.0777, Epsilon: 0.010
2026-04-19 12:36:10 | INFO | Episode 5866 - Reward: -200.000, Length: 200, Loss: 22.6695, Entropy: 1.0782, Epsilon: 0.010
2026-04-19 12:36:10 | INFO | Episode 5867 - Reward: -200.000, Length: 200, Loss: 16.3842, Entropy: 1.0838, Epsilon: 0.010
2026-04-19 12:36:10 | INFO | Episode 5868 - Reward: -200.000, Length: 200, Loss: -0.2079, Entropy: 1.0932, Epsilon: 0.010
2026-04-19 12:36:11 | INFO | Episode 5869 - Reward: -200.000, Length: 200, Loss: 13.3083, Entropy: 1.0884, Epsilon: 0.010
2026-04-19 12:36:11 | INFO | Episode 5870 - Reward: -200.000, Length: 200, Loss: 23.2076, Entropy: 1.0814, Epsilon: 0.010
2026-04-19 12:36:11 | INFO | Episode 5871 - Reward: -200.000, Length: 200, Loss: 13.0263, Entropy: 1.0823, Epsilon: 0.010
2026-04-19 12:36:12 | INFO | Episode 5872 - Reward: -200.000, Length: 200, Loss: 13.1820, Entropy: 1.0762, Epsilon: 0.010
2026-04-19 12:36:12 | INFO | Episode 5873 - Reward: -200.000, Length: 200, Loss: 13.2575, Entropy: 1.0729, Epsilon: 0.010
2026-04-19 12:36:12 | INFO | Episode 5874 - Reward: -200.000, Length: 200, Loss: 16.7961, Entropy: 1.0724, Epsilon: 0.010
2026-04-19 12:36:13 | INFO | Episode 5875 - Reward: -200.000, Length: 200, Loss: 9.7490, Entropy: 1.0857, Epsilon: 0.010
2026-04-19 12:36:13 | INFO | Episode 5876 - Reward: -200.000, Length: 200, Loss: 29.3672, Entropy: 1.0634, Epsilon: 0.010
2026-04-19 12:36:14 | INFO | Episode 5877 - Reward: -200.000, Length: 200, Loss: 9.6815, Entropy: 1.0910, Epsilon: 0.010
2026-04-19 12:36:14 | INFO | Episode 5878 - Reward: -200.000, Length: 200, Loss: 16.5349, Entropy: 1.0666, Epsilon: 0.010
2026-04-19 12:36:14 | INFO | Episode 5879 - Reward: -200.000, Length: 200, Loss: 9.5651, Entropy: 1.0906, Epsilon: 0.010
2026-04-19 12:36:15 | INFO | Episode 5880 - Reward: -200.000, Length: 200, Loss: 16.5373, Entropy: 1.0804, Epsilon: 0.010
2026-04-19 12:36:15 | INFO | Episode 5881 - Reward: -200.000, Length: 200, Loss: 22.8697, Entropy: 1.0791, Epsilon: 0.010
2026-04-19 12:36:15 | INFO | Episode 5882 - Reward: -200.000, Length: 200, Loss: 16.2727, Entropy: 1.0818, Epsilon: 0.010
2026-04-19 12:36:16 | INFO | Episode 5883 - Reward: -200.000, Length: 200, Loss: 16.6182, Entropy: 1.0750, Epsilon: 0.010
2026-04-19 12:36:16 | INFO | Episode 5884 - Reward: -200.000, Length: 200, Loss: 19.6029, Entropy: 1.0759, Epsilon: 0.010
2026-04-19 12:36:16 | INFO | Episode 5885 - Reward: -200.000, Length: 200, Loss: 13.4085, Entropy: 1.0620, Epsilon: 0.010
2026-04-19 12:36:17 | INFO | Episode 5886 - Reward: -200.000, Length: 200, Loss: 13.1363, Entropy: 1.0638, Epsilon: 0.010
2026-04-19 12:36:17 | INFO | Episode 5887 - Reward: -200.000, Length: 200, Loss: 19.5439, Entropy: 1.0847, Epsilon: 0.010
2026-04-19 12:36:17 | INFO | Episode 5888 - Reward: -200.000, Length: 200, Loss: 12.9378, Entropy: 1.0803, Epsilon: 0.010
2026-04-19 12:36:18 | INFO | Episode 5889 - Reward: -200.000, Length: 200, Loss: 26.5412, Entropy: 1.0601, Epsilon: 0.010
2026-04-19 12:36:19 | INFO | Episode 5890 - Reward: -200.000, Length: 200, Loss: 13.1047, Entropy: 1.0908, Epsilon: 0.010
2026-04-19 12:36:19 | INFO | Episode 5891 - Reward: -200.000, Length: 200, Loss: 18.9661, Entropy: 1.0765, Epsilon: 0.010
2026-04-19 12:36:19 | INFO | Episode 5892 - Reward: -200.000, Length: 200, Loss: 35.4165, Entropy: 1.0775, Epsilon: 0.010
2026-04-19 12:36:20 | INFO | Episode 5893 - Reward: -200.000, Length: 200, Loss: 9.5599, Entropy: 1.0923, Epsilon: 0.010
2026-04-19 12:36:20 | INFO | Episode 5894 - Reward: -200.000, Length: 200, Loss: 9.7183, Entropy: 1.0880, Epsilon: 0.010
2026-04-19 12:36:21 | INFO | Episode 5895 - Reward: -200.000, Length: 200, Loss: 9.7475, Entropy: 1.0851, Epsilon: 0.010
2026-04-19 12:36:21 | INFO | Episode 5896 - Reward: -200.000, Length: 200, Loss: 36.1732, Entropy: 1.0796, Epsilon: 0.010
2026-04-19 12:36:21 | INFO | Episode 5897 - Reward: -200.000, Length: 200, Loss: 16.5143, Entropy: 1.0631, Epsilon: 0.010
2026-04-19 12:36:22 | INFO | Episode 5898 - Reward: -200.000, Length: 200, Loss: 19.6395, Entropy: 1.0877, Epsilon: 0.010
2026-04-19 12:36:22 | INFO | Episode 5899 - Reward: -200.000, Length: 200, Loss: 13.1368, Entropy: 1.0849, Epsilon: 0.010
2026-04-19 12:36:22 | INFO | Episode 5900 - Reward: -200.000, Length: 200, Loss: 9.5014, Entropy: 1.0819, Epsilon: 0.010
2026-04-19 12:36:27 | INFO | [Episode 5900] eps=0.010  avg_reward=-200.000  avg_length=200.00  avg_loss= 15.7327  avg_entropy=1.0819  eval_success=0.000
2026-04-19 12:36:28 | INFO | Episode 5901 - Reward: -200.000, Length: 200, Loss: 35.8124, Entropy: 1.0603, Epsilon: 0.010
2026-04-19 12:36:28 | INFO | Episode 5902 - Reward: -200.000, Length: 200, Loss: 23.3959, Entropy: 1.0674, Epsilon: 0.010
2026-04-19 12:36:28 | INFO | Episode 5903 - Reward: -200.000, Length: 200, Loss: 26.3637, Entropy: 1.0802, Epsilon: 0.010
2026-04-19 12:36:29 | INFO | Episode 5904 - Reward: -200.000, Length: 200, Loss: 19.8601, Entropy: 1.0778, Epsilon: 0.010
2026-04-19 12:36:29 | INFO | Episode 5905 - Reward: -200.000, Length: 200, Loss: 16.3345, Entropy: 1.0641, Epsilon: 0.010
2026-04-19 12:36:29 | INFO | Episode 5906 - Reward: -200.000, Length: 200, Loss: 36.1367, Entropy: 1.0486, Epsilon: 0.010
2026-04-19 12:36:30 | INFO | Episode 5907 - Reward: -200.000, Length: 200, Loss: 22.8806, Entropy: 1.0633, Epsilon: 0.010
2026-04-19 12:36:30 | INFO | Episode 5908 - Reward: -200.000, Length: 200, Loss: 19.6275, Entropy: 1.0716, Epsilon: 0.010
2026-04-19 12:36:30 | INFO | Episode 5909 - Reward: -200.000, Length: 200, Loss: 16.0738, Entropy: 1.0705, Epsilon: 0.010
2026-04-19 12:36:31 | INFO | Episode 5910 - Reward: -200.000, Length: 200, Loss: 22.8090, Entropy: 1.0898, Epsilon: 0.010
2026-04-19 12:36:31 | INFO | Episode 5911 - Reward: -200.000, Length: 200, Loss: 19.6610, Entropy: 1.0711, Epsilon: 0.010
2026-04-19 12:36:31 | INFO | Episode 5912 - Reward: -200.000, Length: 200, Loss: 12.8330, Entropy: 1.0670, Epsilon: 0.010
2026-04-19 12:36:32 | INFO | Episode 5913 - Reward: -200.000, Length: 200, Loss: 16.5234, Entropy: 1.0906, Epsilon: 0.010
2026-04-19 12:36:32 | INFO | Episode 5914 - Reward: -200.000, Length: 200, Loss: 13.2527, Entropy: 1.0778, Epsilon: 0.010
2026-04-19 12:36:33 | INFO | Episode 5915 - Reward: -200.000, Length: 200, Loss: 29.6632, Entropy: 1.0863, Epsilon: 0.010
2026-04-19 12:36:33 | INFO | Episode 5916 - Reward: -200.000, Length: 200, Loss: 19.3036, Entropy: 1.0870, Epsilon: 0.010
2026-04-19 12:36:33 | INFO | Episode 5917 - Reward: -200.000, Length: 200, Loss: 12.8439, Entropy: 1.0906, Epsilon: 0.010
2026-04-19 12:36:34 | INFO | Episode 5918 - Reward: -200.000, Length: 200, Loss: 15.8417, Entropy: 1.0460, Epsilon: 0.010
2026-04-19 12:36:34 | INFO | Episode 5919 - Reward: -200.000, Length: 200, Loss: 6.1361, Entropy: 1.0832, Epsilon: 0.010
2026-04-19 12:36:34 | INFO | Episode 5920 - Reward: -200.000, Length: 200, Loss: 28.5902, Entropy: 1.0615, Epsilon: 0.010
2026-04-19 12:36:35 | INFO | Episode 5921 - Reward: -200.000, Length: 200, Loss: 9.5515, Entropy: 1.0772, Epsilon: 0.010
2026-04-19 12:36:35 | INFO | Episode 5922 - Reward: -200.000, Length: 200, Loss: 25.5880, Entropy: 1.0713, Epsilon: 0.010
2026-04-19 12:36:35 | INFO | Episode 5923 - Reward: -200.000, Length: 200, Loss: 9.5794, Entropy: 1.0789, Epsilon: 0.010
2026-04-19 12:36:36 | INFO | Episode 5924 - Reward: -200.000, Length: 200, Loss: 16.2038, Entropy: 1.0873, Epsilon: 0.010
2026-04-19 12:36:36 | INFO | Episode 5925 - Reward: -200.000, Length: 200, Loss: 22.5314, Entropy: 1.0653, Epsilon: 0.010
2026-04-19 12:36:37 | INFO | Episode 5926 - Reward: -200.000, Length: 200, Loss: 9.5116, Entropy: 1.0780, Epsilon: 0.010
2026-04-19 12:36:37 | INFO | Episode 5927 - Reward: -200.000, Length: 200, Loss: 15.9611, Entropy: 1.0820, Epsilon: 0.010
2026-04-19 12:36:37 | INFO | Episode 5928 - Reward: -200.000, Length: 200, Loss: 22.6087, Entropy: 1.0559, Epsilon: 0.010
2026-04-19 12:36:38 | INFO | Episode 5929 - Reward: -200.000, Length: 200, Loss: 9.6796, Entropy: 1.0897, Epsilon: 0.010
2026-04-19 12:36:38 | INFO | Episode 5930 - Reward: -200.000, Length: 200, Loss: -0.2155, Entropy: 1.0942, Epsilon: 0.010
2026-04-19 12:36:38 | INFO | Episode 5931 - Reward: -200.000, Length: 200, Loss: 9.9080, Entropy: 1.0897, Epsilon: 0.010
2026-04-19 12:36:39 | INFO | Episode 5932 - Reward: -200.000, Length: 200, Loss: 26.0605, Entropy: 1.0689, Epsilon: 0.010
2026-04-19 12:36:39 | INFO | Episode 5933 - Reward: -200.000, Length: 200, Loss: 16.3180, Entropy: 1.0794, Epsilon: 0.010
2026-04-19 12:36:39 | INFO | Episode 5934 - Reward: -200.000, Length: 200, Loss: 19.6258, Entropy: 1.0775, Epsilon: 0.010
2026-04-19 12:36:40 | INFO | Episode 5935 - Reward: -200.000, Length: 200, Loss: 13.2381, Entropy: 1.0806, Epsilon: 0.010
2026-04-19 12:36:40 | INFO | Episode 5936 - Reward: -200.000, Length: 200, Loss: 19.4921, Entropy: 1.0750, Epsilon: 0.010
2026-04-19 12:36:40 | INFO | Episode 5937 - Reward: -200.000, Length: 200, Loss: 19.9540, Entropy: 1.0799, Epsilon: 0.010
2026-04-19 12:36:41 | INFO | Episode 5938 - Reward: -200.000, Length: 200, Loss: 3.1533, Entropy: 1.0897, Epsilon: 0.010
2026-04-19 12:36:41 | INFO | Episode 5939 - Reward: -200.000, Length: 200, Loss: 13.2779, Entropy: 1.0895, Epsilon: 0.010
2026-04-19 12:36:42 | INFO | Episode 5940 - Reward: -200.000, Length: 200, Loss: 23.2081, Entropy: 1.0699, Epsilon: 0.010
2026-04-19 12:36:42 | INFO | Episode 5941 - Reward: -200.000, Length: 200, Loss: 9.9039, Entropy: 1.0851, Epsilon: 0.010
2026-04-19 12:36:42 | INFO | Episode 5942 - Reward: -200.000, Length: 200, Loss: 27.0680, Entropy: 1.0818, Epsilon: 0.010
2026-04-19 12:36:43 | INFO | Episode 5943 - Reward: -200.000, Length: 200, Loss: 9.9610, Entropy: 1.0934, Epsilon: 0.010
2026-04-19 12:36:43 | INFO | Episode 5944 - Reward: -200.000, Length: 200, Loss: 3.2692, Entropy: 1.0891, Epsilon: 0.010
2026-04-19 12:36:43 | INFO | Episode 5945 - Reward: -200.000, Length: 200, Loss: 17.1299, Entropy: 1.0893, Epsilon: 0.010
2026-04-19 12:36:44 | INFO | Episode 5946 - Reward: -200.000, Length: 200, Loss: 17.1574, Entropy: 1.0713, Epsilon: 0.010
2026-04-19 12:36:44 | INFO | Episode 5947 - Reward: -200.000, Length: 200, Loss: 17.2626, Entropy: 1.0762, Epsilon: 0.010
2026-04-19 12:36:44 | INFO | Episode 5948 - Reward: -200.000, Length: 200, Loss: 13.8155, Entropy: 1.0785, Epsilon: 0.010
2026-04-19 12:36:45 | INFO | Episode 5949 - Reward: -200.000, Length: 200, Loss: 9.9640, Entropy: 1.0835, Epsilon: 0.010
2026-04-19 12:36:45 | INFO | Episode 5950 - Reward: -200.000, Length: 200, Loss: 26.9358, Entropy: 1.0773, Epsilon: 0.010
2026-04-19 12:36:45 | INFO | Episode 5951 - Reward: -200.000, Length: 200, Loss: 16.3532, Entropy: 1.0762, Epsilon: 0.010
2026-04-19 12:36:46 | INFO | Episode 5952 - Reward: -200.000, Length: 200, Loss: 12.9623, Entropy: 1.0837, Epsilon: 0.010
2026-04-19 12:36:46 | INFO | Episode 5953 - Reward: -200.000, Length: 200, Loss: 9.5766, Entropy: 1.0826, Epsilon: 0.010
2026-04-19 12:36:47 | INFO | Episode 5954 - Reward: -200.000, Length: 200, Loss: 12.8782, Entropy: 1.0801, Epsilon: 0.010
2026-04-19 12:36:47 | INFO | Episode 5955 - Reward: -200.000, Length: 200, Loss: 19.8235, Entropy: 1.0829, Epsilon: 0.010
2026-04-19 12:36:47 | INFO | Episode 5956 - Reward: -200.000, Length: 200, Loss: 13.0228, Entropy: 1.0777, Epsilon: 0.010
2026-04-19 12:36:48 | INFO | Episode 5957 - Reward: -200.000, Length: 200, Loss: 25.6706, Entropy: 1.0856, Epsilon: 0.010
2026-04-19 12:36:48 | INFO | Episode 5958 - Reward: -200.000, Length: 200, Loss: 12.9116, Entropy: 1.0672, Epsilon: 0.010
2026-04-19 12:36:48 | INFO | Episode 5959 - Reward: -200.000, Length: 200, Loss: 15.9717, Entropy: 1.0880, Epsilon: 0.010
2026-04-19 12:36:49 | INFO | Episode 5960 - Reward: -200.000, Length: 200, Loss: 25.8403, Entropy: 1.0814, Epsilon: 0.010
2026-04-19 12:36:49 | INFO | Episode 5961 - Reward: -200.000, Length: 200, Loss: 9.5278, Entropy: 1.0860, Epsilon: 0.010
2026-04-19 12:36:49 | INFO | Episode 5962 - Reward: -200.000, Length: 200, Loss: 22.9917, Entropy: 1.0746, Epsilon: 0.010
2026-04-19 12:36:50 | INFO | Episode 5963 - Reward: -200.000, Length: 200, Loss: 19.4945, Entropy: 1.0844, Epsilon: 0.010
2026-04-19 12:36:50 | INFO | Episode 5964 - Reward: -200.000, Length: 200, Loss: 12.5693, Entropy: 1.0834, Epsilon: 0.010
2026-04-19 12:36:50 | INFO | Episode 5965 - Reward: -200.000, Length: 200, Loss: 15.8483, Entropy: 1.0638, Epsilon: 0.010
2026-04-19 12:36:51 | INFO | Episode 5966 - Reward: -200.000, Length: 200, Loss: 15.5160, Entropy: 1.0745, Epsilon: 0.010
2026-04-19 12:36:52 | INFO | Episode 5967 - Reward: -200.000, Length: 200, Loss: 9.5827, Entropy: 1.0899, Epsilon: 0.010
2026-04-19 12:36:52 | INFO | Episode 5968 - Reward: -200.000, Length: 200, Loss: 6.2846, Entropy: 1.0908, Epsilon: 0.010
2026-04-19 12:36:52 | INFO | Episode 5969 - Reward: -200.000, Length: 200, Loss: 19.3147, Entropy: 1.0883, Epsilon: 0.010
2026-04-19 12:36:53 | INFO | Episode 5970 - Reward: -200.000, Length: 200, Loss: 6.2506, Entropy: 1.0918, Epsilon: 0.010
2026-04-19 12:36:53 | INFO | Episode 5971 - Reward: -200.000, Length: 200, Loss: 25.2730, Entropy: 1.0613, Epsilon: 0.010
2026-04-19 12:36:54 | INFO | Episode 5972 - Reward: -200.000, Length: 200, Loss: 22.3550, Entropy: 1.0768, Epsilon: 0.010
2026-04-19 12:36:54 | INFO | Episode 5973 - Reward: -200.000, Length: 200, Loss: 6.3137, Entropy: 1.0898, Epsilon: 0.010
2026-04-19 12:36:54 | INFO | Episode 5974 - Reward: -200.000, Length: 200, Loss: 13.0899, Entropy: 1.0777, Epsilon: 0.010
2026-04-19 12:36:55 | INFO | Episode 5975 - Reward: -200.000, Length: 200, Loss: 15.9396, Entropy: 1.0723, Epsilon: 0.010
2026-04-19 12:36:55 | INFO | Episode 5976 - Reward: -200.000, Length: 200, Loss: 12.5487, Entropy: 1.0894, Epsilon: 0.010
2026-04-19 12:36:55 | INFO | Episode 5977 - Reward: -200.000, Length: 200, Loss: 19.1110, Entropy: 1.0892, Epsilon: 0.010
2026-04-19 12:36:56 | INFO | Episode 5978 - Reward: -200.000, Length: 200, Loss: 6.2472, Entropy: 1.0897, Epsilon: 0.010
2026-04-19 12:36:56 | INFO | Episode 5979 - Reward: -200.000, Length: 200, Loss: 19.2764, Entropy: 1.0819, Epsilon: 0.010
2026-04-19 12:36:56 | INFO | Episode 5980 - Reward: -200.000, Length: 200, Loss: 9.4565, Entropy: 1.0811, Epsilon: 0.010
2026-04-19 12:36:57 | INFO | Episode 5981 - Reward: -200.000, Length: 200, Loss: 32.4449, Entropy: 1.0634, Epsilon: 0.010
2026-04-19 12:36:57 | INFO | Episode 5982 - Reward: -200.000, Length: 200, Loss: 6.3195, Entropy: 1.0838, Epsilon: 0.010
2026-04-19 12:36:58 | INFO | Episode 5983 - Reward: -200.000, Length: 200, Loss: 16.3285, Entropy: 1.0716, Epsilon: 0.010
2026-04-19 12:36:58 | INFO | Episode 5984 - Reward: -200.000, Length: 200, Loss: 28.3610, Entropy: 1.0630, Epsilon: 0.010
2026-04-19 12:36:58 | INFO | Episode 5985 - Reward: -200.000, Length: 200, Loss: 9.5536, Entropy: 1.0874, Epsilon: 0.010
2026-04-19 12:36:59 | INFO | Episode 5986 - Reward: -200.000, Length: 200, Loss: 25.2396, Entropy: 1.0670, Epsilon: 0.010
2026-04-19 12:36:59 | INFO | Episode 5987 - Reward: -200.000, Length: 200, Loss: 28.1983, Entropy: 1.0746, Epsilon: 0.010
2026-04-19 12:36:59 | INFO | Episode 5988 - Reward: -200.000, Length: 200, Loss: 12.3877, Entropy: 1.0885, Epsilon: 0.010
2026-04-19 12:37:00 | INFO | Episode 5989 - Reward: -200.000, Length: 200, Loss: 27.8024, Entropy: 1.0459, Epsilon: 0.010
2026-04-19 12:37:00 | INFO | Episode 5990 - Reward: -200.000, Length: 200, Loss: 9.2217, Entropy: 1.0636, Epsilon: 0.010
2026-04-19 12:37:00 | INFO | Episode 5991 - Reward: -200.000, Length: 200, Loss: 15.7638, Entropy: 1.0845, Epsilon: 0.010
2026-04-19 12:37:01 | INFO | Episode 5992 - Reward: -200.000, Length: 200, Loss: 19.2781, Entropy: 1.0853, Epsilon: 0.010
2026-04-19 12:37:01 | INFO | Episode 5993 - Reward: -200.000, Length: 200, Loss: 12.6576, Entropy: 1.0878, Epsilon: 0.010
2026-04-19 12:37:02 | INFO | Episode 5994 - Reward: -200.000, Length: 200, Loss: 22.3052, Entropy: 1.0768, Epsilon: 0.010
2026-04-19 12:37:02 | INFO | Episode 5995 - Reward: -200.000, Length: 200, Loss: 22.7285, Entropy: 1.0782, Epsilon: 0.010
2026-04-19 12:37:02 | INFO | Episode 5996 - Reward: -200.000, Length: 200, Loss: -0.1826, Entropy: 1.0812, Epsilon: 0.010
2026-04-19 12:37:03 | INFO | Episode 5997 - Reward: -200.000, Length: 200, Loss: 9.3645, Entropy: 1.0868, Epsilon: 0.010
2026-04-19 12:37:03 | INFO | Episode 5998 - Reward: -200.000, Length: 200, Loss: 27.9586, Entropy: 1.0567, Epsilon: 0.010
2026-04-19 12:37:03 | INFO | Episode 5999 - Reward: -200.000, Length: 200, Loss: 8.9753, Entropy: 1.0689, Epsilon: 0.010
2026-04-19 12:37:04 | INFO | Episode 6000 - Reward: -200.000, Length: 200, Loss: 2.9243, Entropy: 1.0846, Epsilon: 0.010
2026-04-19 12:37:08 | INFO | [Episode 6000] eps=0.010  avg_reward=-200.000  avg_length=200.00  avg_loss= 16.6128  avg_entropy=1.0846  eval_success=0.000
2026-04-19 12:37:09 | INFO | Episode 6001 - Reward: -200.000, Length: 200, Loss: 36.4677, Entropy: 1.0673, Epsilon: 0.010
2026-04-19 12:37:09 | INFO | Episode 6002 - Reward: -200.000, Length: 200, Loss: 24.0609, Entropy: 1.0551, Epsilon: 0.010
2026-04-19 12:37:10 | INFO | Episode 6003 - Reward: -200.000, Length: 200, Loss: 18.2279, Entropy: 1.0687, Epsilon: 0.010
2026-04-19 12:37:10 | INFO | Episode 6004 - Reward: -200.000, Length: 200, Loss: 17.8354, Entropy: 1.0534, Epsilon: 0.010
2026-04-19 12:37:10 | INFO | Episode 6005 - Reward: -200.000, Length: 200, Loss: 8.8322, Entropy: 1.0714, Epsilon: 0.010
2026-04-19 12:37:11 | INFO | Episode 6006 - Reward: -200.000, Length: 200, Loss: 11.9938, Entropy: 1.0823, Epsilon: 0.010
2026-04-19 12:37:11 | INFO | Episode 6007 - Reward: -200.000, Length: 200, Loss: 5.9083, Entropy: 1.0845, Epsilon: 0.010
2026-04-19 12:37:11 | INFO | Episode 6008 - Reward: -200.000, Length: 200, Loss: 15.1727, Entropy: 1.0855, Epsilon: 0.010
2026-04-19 12:37:12 | INFO | Episode 6009 - Reward: -200.000, Length: 200, Loss: 11.7522, Entropy: 1.0768, Epsilon: 0.010
2026-04-19 12:37:12 | INFO | Episode 6010 - Reward: -200.000, Length: 200, Loss: 20.8989, Entropy: 1.0870, Epsilon: 0.010
2026-04-19 12:37:12 | INFO | Episode 6011 - Reward: -200.000, Length: 200, Loss: 30.1189, Entropy: 1.0874, Epsilon: 0.010
2026-04-19 12:37:13 | INFO | Episode 6012 - Reward: -200.000, Length: 200, Loss: 12.2145, Entropy: 1.0896, Epsilon: 0.010
2026-04-19 12:37:13 | INFO | Episode 6013 - Reward: -200.000, Length: 200, Loss: 17.7825, Entropy: 1.0885, Epsilon: 0.010
2026-04-19 12:37:13 | INFO | Episode 6014 - Reward: -200.000, Length: 200, Loss: 5.7484, Entropy: 1.0869, Epsilon: 0.010
2026-04-19 12:37:14 | INFO | Episode 6015 - Reward: -200.000, Length: 200, Loss: 23.6974, Entropy: 1.0585, Epsilon: 0.010
2026-04-19 12:37:14 | INFO | Episode 6016 - Reward: -200.000, Length: 200, Loss: 17.8029, Entropy: 1.0893, Epsilon: 0.010
2026-04-19 12:37:15 | INFO | Episode 6017 - Reward: -200.000, Length: 200, Loss: 14.7753, Entropy: 1.0888, Epsilon: 0.010
2026-04-19 12:37:15 | INFO | Episode 6018 - Reward: -200.000, Length: 200, Loss: 26.5323, Entropy: 1.0795, Epsilon: 0.010
2026-04-19 12:37:15 | INFO | Episode 6019 - Reward: -200.000, Length: 200, Loss: 8.4254, Entropy: 1.0873, Epsilon: 0.010
2026-04-19 12:37:16 | INFO | Episode 6020 - Reward: -200.000, Length: 200, Loss: 8.2847, Entropy: 1.0895, Epsilon: 0.010
2026-04-19 12:37:16 | INFO | Episode 6021 - Reward: -200.000, Length: 200, Loss: 8.6009, Entropy: 1.0916, Epsilon: 0.010
2026-04-19 12:37:16 | INFO | Episode 6022 - Reward: -200.000, Length: 200, Loss: 17.2923, Entropy: 1.0880, Epsilon: 0.010
2026-04-19 12:37:17 | INFO | Episode 6023 - Reward: -200.000, Length: 200, Loss: 11.3534, Entropy: 1.0832, Epsilon: 0.010
2026-04-19 12:37:17 | INFO | Episode 6024 - Reward: -200.000, Length: 200, Loss: 20.1160, Entropy: 1.0819, Epsilon: 0.010
2026-04-19 12:37:17 | INFO | Episode 6025 - Reward: -200.000, Length: 200, Loss: 14.3512, Entropy: 1.0734, Epsilon: 0.010
2026-04-19 12:37:18 | INFO | Episode 6026 - Reward: -200.000, Length: 200, Loss: 14.1433, Entropy: 1.0740, Epsilon: 0.010
2026-04-19 12:37:18 | INFO | Episode 6027 - Reward: -200.000, Length: 200, Loss: 17.0729, Entropy: 1.0823, Epsilon: 0.010
2026-04-19 12:37:18 | INFO | Episode 6028 - Reward: -200.000, Length: 200, Loss: 25.7289, Entropy: 1.0799, Epsilon: 0.010
2026-04-19 12:37:19 | INFO | Episode 6029 - Reward: -200.000, Length: 200, Loss: 19.7187, Entropy: 1.0919, Epsilon: 0.010
2026-04-19 12:37:19 | INFO | Episode 6030 - Reward: -200.000, Length: 200, Loss: 17.1093, Entropy: 1.0890, Epsilon: 0.010
2026-04-19 12:37:20 | INFO | Episode 6031 - Reward: -200.000, Length: 200, Loss: 11.1375, Entropy: 1.0874, Epsilon: 0.010
2026-04-19 12:37:20 | INFO | Episode 6032 - Reward: -200.000, Length: 200, Loss: 14.2419, Entropy: 1.0865, Epsilon: 0.010
2026-04-19 12:37:20 | INFO | Episode 6033 - Reward: -200.000, Length: 200, Loss: 11.4039, Entropy: 1.0925, Epsilon: 0.010
2026-04-19 12:37:21 | INFO | Episode 6034 - Reward: -200.000, Length: 200, Loss: 19.8441, Entropy: 1.0794, Epsilon: 0.010
2026-04-19 12:37:21 | INFO | Episode 6035 - Reward: -200.000, Length: 200, Loss: 11.3906, Entropy: 1.0837, Epsilon: 0.010
2026-04-19 12:37:21 | INFO | Episode 6036 - Reward: -200.000, Length: 200, Loss: 5.4747, Entropy: 1.0948, Epsilon: 0.010
2026-04-19 12:37:22 | INFO | Episode 6037 - Reward: -200.000, Length: 200, Loss: 2.6000, Entropy: 1.0946, Epsilon: 0.010
2026-04-19 12:37:22 | INFO | Episode 6038 - Reward: -200.000, Length: 200, Loss: 19.9850, Entropy: 1.0838, Epsilon: 0.010
2026-04-19 12:37:22 | INFO | Episode 6039 - Reward: -200.000, Length: 200, Loss: 25.4941, Entropy: 1.0650, Epsilon: 0.010
2026-04-19 12:37:23 | INFO | Episode 6040 - Reward: -200.000, Length: 200, Loss: 14.0073, Entropy: 1.0777, Epsilon: 0.010
2026-04-19 12:37:23 | INFO | Episode 6041 - Reward: -200.000, Length: 200, Loss: 17.2972, Entropy: 1.0814, Epsilon: 0.010
2026-04-19 12:37:23 | INFO | Episode 6042 - Reward: -200.000, Length: 200, Loss: 20.0401, Entropy: 1.0870, Epsilon: 0.010
2026-04-19 12:37:24 | INFO | Episode 6043 - Reward: -200.000, Length: 200, Loss: 22.8403, Entropy: 1.0566, Epsilon: 0.010
2026-04-19 12:37:25 | INFO | Episode 6044 - Reward: -200.000, Length: 200, Loss: 22.9569, Entropy: 1.0878, Epsilon: 0.010
2026-04-19 12:37:25 | INFO | Episode 6045 - Reward: -200.000, Length: 200, Loss: 25.4827, Entropy: 1.0828, Epsilon: 0.010
2026-04-19 12:37:25 | INFO | Episode 6046 - Reward: -200.000, Length: 200, Loss: 2.6166, Entropy: 1.0899, Epsilon: 0.010
2026-04-19 12:37:26 | INFO | Episode 6047 - Reward: -200.000, Length: 200, Loss: 8.2909, Entropy: 1.0881, Epsilon: 0.010
2026-04-19 12:37:26 | INFO | Episode 6048 - Reward: -200.000, Length: 200, Loss: 19.6930, Entropy: 1.0798, Epsilon: 0.010
2026-04-19 12:37:27 | INFO | Episode 6049 - Reward: -200.000, Length: 200, Loss: 13.8893, Entropy: 1.0871, Epsilon: 0.010
2026-04-19 12:37:27 | INFO | Episode 6050 - Reward: -200.000, Length: 200, Loss: 16.7432, Entropy: 1.0883, Epsilon: 0.010
2026-04-19 12:37:27 | INFO | Episode 6051 - Reward: -200.000, Length: 200, Loss: 13.9906, Entropy: 1.0919, Epsilon: 0.010
2026-04-19 12:37:28 | INFO | Episode 6052 - Reward: -200.000, Length: 200, Loss: 8.2544, Entropy: 1.0923, Epsilon: 0.010
2026-04-19 12:37:28 | INFO | Episode 6053 - Reward: -200.000, Length: 200, Loss: 13.7351, Entropy: 1.0881, Epsilon: 0.010
2026-04-19 12:37:28 | INFO | Episode 6054 - Reward: -200.000, Length: 200, Loss: 11.1693, Entropy: 1.0917, Epsilon: 0.010
2026-04-19 12:37:29 | INFO | Episode 6055 - Reward: -200.000, Length: 200, Loss: 7.9944, Entropy: 1.0847, Epsilon: 0.010
2026-04-19 12:37:29 | INFO | Episode 6056 - Reward: -200.000, Length: 200, Loss: 5.5036, Entropy: 1.0789, Epsilon: 0.010
2026-04-19 12:37:29 | INFO | Episode 6057 - Reward: -200.000, Length: 200, Loss: 16.5171, Entropy: 1.0732, Epsilon: 0.010
2026-04-19 12:37:30 | INFO | Episode 6058 - Reward: -200.000, Length: 200, Loss: 11.1341, Entropy: 1.0789, Epsilon: 0.010
2026-04-19 12:37:30 | INFO | Episode 6059 - Reward: -200.000, Length: 200, Loss: 25.2944, Entropy: 1.0830, Epsilon: 0.010
2026-04-19 12:37:30 | INFO | Episode 6060 - Reward: -200.000, Length: 200, Loss: 16.8264, Entropy: 1.0904, Epsilon: 0.010
2026-04-19 12:37:31 | INFO | Episode 6061 - Reward: -200.000, Length: 200, Loss: 21.7726, Entropy: 1.0878, Epsilon: 0.010
2026-04-19 12:37:31 | INFO | Episode 6062 - Reward: -200.000, Length: 200, Loss: 16.6358, Entropy: 1.0864, Epsilon: 0.010
2026-04-19 12:37:32 | INFO | Episode 6063 - Reward: -200.000, Length: 200, Loss: 13.9064, Entropy: 1.0880, Epsilon: 0.010
2026-04-19 12:37:32 | INFO | Episode 6064 - Reward: -200.000, Length: 200, Loss: 24.9453, Entropy: 1.0728, Epsilon: 0.010
2026-04-19 12:37:32 | INFO | Episode 6065 - Reward: -200.000, Length: 200, Loss: 17.0069, Entropy: 1.0904, Epsilon: 0.010
2026-04-19 12:37:33 | INFO | Episode 6066 - Reward: -200.000, Length: 200, Loss: 10.9627, Entropy: 1.0868, Epsilon: 0.010
2026-04-19 12:37:33 | INFO | Episode 6067 - Reward: -200.000, Length: 200, Loss: 5.5246, Entropy: 1.0907, Epsilon: 0.010
2026-04-19 12:37:33 | INFO | Episode 6068 - Reward: -200.000, Length: 200, Loss: 14.1555, Entropy: 1.0808, Epsilon: 0.010
2026-04-19 12:37:34 | INFO | Episode 6069 - Reward: -200.000, Length: 200, Loss: 11.2008, Entropy: 1.0902, Epsilon: 0.010
2026-04-19 12:37:34 | INFO | Episode 6070 - Reward: -200.000, Length: 200, Loss: 8.4323, Entropy: 1.0860, Epsilon: 0.010
2026-04-19 12:37:35 | INFO | Episode 6071 - Reward: -200.000, Length: 200, Loss: 11.1429, Entropy: 1.0840, Epsilon: 0.010
2026-04-19 12:37:35 | INFO | Episode 6072 - Reward: -200.000, Length: 200, Loss: 11.0588, Entropy: 1.0902, Epsilon: 0.010
2026-04-19 12:37:35 | INFO | Episode 6073 - Reward: -200.000, Length: 200, Loss: 5.4772, Entropy: 1.0946, Epsilon: 0.010
2026-04-19 12:37:36 | INFO | Episode 6074 - Reward: -200.000, Length: 200, Loss: 20.0227, Entropy: 1.0704, Epsilon: 0.010
2026-04-19 12:37:36 | INFO | Episode 6075 - Reward: -200.000, Length: 200, Loss: 11.3405, Entropy: 1.0863, Epsilon: 0.010
2026-04-19 12:37:36 | INFO | Episode 6076 - Reward: -200.000, Length: 200, Loss: 17.0830, Entropy: 1.0837, Epsilon: 0.010
2026-04-19 12:37:37 | INFO | Episode 6077 - Reward: -200.000, Length: 200, Loss: 5.6361, Entropy: 1.0880, Epsilon: 0.010
2026-04-19 12:37:37 | INFO | Episode 6078 - Reward: -200.000, Length: 200, Loss: 16.8689, Entropy: 1.0895, Epsilon: 0.010
2026-04-19 12:37:39 | INFO | Episode 6079 - Reward: -200.000, Length: 200, Loss: 25.8339, Entropy: 1.0921, Epsilon: 0.010
2026-04-19 12:37:40 | INFO | Episode 6080 - Reward: -200.000, Length: 200, Loss: -0.0194, Entropy: 1.0949, Epsilon: 0.010
2026-04-19 12:37:40 | INFO | Episode 6081 - Reward: -200.000, Length: 200, Loss: 14.8093, Entropy: 1.0730, Epsilon: 0.010
2026-04-19 12:37:40 | INFO | Episode 6082 - Reward: -200.000, Length: 200, Loss: 11.5973, Entropy: 1.0841, Epsilon: 0.010
2026-04-19 12:37:41 | INFO | Episode 6083 - Reward: -200.000, Length: 200, Loss: 17.4847, Entropy: 1.0724, Epsilon: 0.010
2026-04-19 12:37:41 | INFO | Episode 6084 - Reward: -200.000, Length: 200, Loss: 20.7428, Entropy: 1.0697, Epsilon: 0.010
2026-04-19 12:37:41 | INFO | Episode 6085 - Reward: -200.000, Length: 200, Loss: 11.9218, Entropy: 1.0735, Epsilon: 0.010
2026-04-19 12:37:42 | INFO | Episode 6086 - Reward: -200.000, Length: 200, Loss: 5.7803, Entropy: 1.0650, Epsilon: 0.010
2026-04-19 12:37:42 | INFO | Episode 6087 - Reward: -200.000, Length: 200, Loss: 11.4260, Entropy: 1.0811, Epsilon: 0.010
2026-04-19 12:37:42 | INFO | Episode 6088 - Reward: -200.000, Length: 200, Loss: 25.9843, Entropy: 1.0625, Epsilon: 0.010
2026-04-19 12:37:43 | INFO | Episode 6089 - Reward: -200.000, Length: 200, Loss: 5.7474, Entropy: 1.0781, Epsilon: 0.010
2026-04-19 12:37:43 | INFO | Episode 6090 - Reward: -200.000, Length: 200, Loss: 11.3444, Entropy: 1.0819, Epsilon: 0.010
2026-04-19 12:37:43 | INFO | Episode 6091 - Reward: -200.000, Length: 200, Loss: 20.4770, Entropy: 1.0835, Epsilon: 0.010
2026-04-19 12:37:44 | INFO | Episode 6092 - Reward: -200.000, Length: 200, Loss: 11.8126, Entropy: 1.0808, Epsilon: 0.010
2026-04-19 12:37:44 | INFO | Episode 6093 - Reward: -200.000, Length: 200, Loss: 20.3647, Entropy: 1.0707, Epsilon: 0.010
2026-04-19 12:37:45 | INFO | Episode 6094 - Reward: -200.000, Length: 200, Loss: 14.3563, Entropy: 1.0897, Epsilon: 0.010
2026-04-19 12:37:45 | INFO | Episode 6095 - Reward: -200.000, Length: 200, Loss: 14.2384, Entropy: 1.0875, Epsilon: 0.010
2026-04-19 12:37:45 | INFO | Episode 6096 - Reward: -200.000, Length: 200, Loss: 5.7547, Entropy: 1.0821, Epsilon: 0.010
2026-04-19 12:37:46 | INFO | Episode 6097 - Reward: -200.000, Length: 200, Loss: 16.8463, Entropy: 1.0683, Epsilon: 0.010
2026-04-19 12:37:46 | INFO | Episode 6098 - Reward: -200.000, Length: 200, Loss: 14.5744, Entropy: 1.0768, Epsilon: 0.010
2026-04-19 12:37:46 | INFO | Episode 6099 - Reward: -200.000, Length: 200, Loss: 8.4441, Entropy: 1.0886, Epsilon: 0.010
2026-04-19 12:37:47 | INFO | Episode 6100 - Reward: -200.000, Length: 200, Loss: 11.4663, Entropy: 1.0807, Epsilon: 0.010
2026-04-19 12:37:52 | INFO | [Episode 6100] eps=0.010  avg_reward=-200.000  avg_length=200.00  avg_loss= 14.8203  avg_entropy=1.0807  eval_success=0.000
2026-04-19 12:37:52 | INFO | Episode 6101 - Reward: -200.000, Length: 200, Loss: 19.7925, Entropy: 1.0821, Epsilon: 0.010
2026-04-19 12:37:52 | INFO | Episode 6102 - Reward: -200.000, Length: 200, Loss: 17.0764, Entropy: 1.0816, Epsilon: 0.010
2026-04-19 12:37:53 | INFO | Episode 6103 - Reward: -200.000, Length: 200, Loss: 14.1124, Entropy: 1.0853, Epsilon: 0.010
2026-04-19 12:37:53 | INFO | Episode 6104 - Reward: -200.000, Length: 200, Loss: 14.1100, Entropy: 1.0656, Epsilon: 0.010
2026-04-19 12:37:53 | INFO | Episode 6105 - Reward: -200.000, Length: 200, Loss: 14.0306, Entropy: 1.0738, Epsilon: 0.010
2026-04-19 12:37:54 | INFO | Episode 6106 - Reward: -200.000, Length: 200, Loss: 14.1220, Entropy: 1.0863, Epsilon: 0.010
2026-04-19 12:37:54 | INFO | Episode 6107 - Reward: -200.000, Length: 200, Loss: 5.4833, Entropy: 1.0921, Epsilon: 0.010
2026-04-19 12:37:55 | INFO | Episode 6108 - Reward: -200.000, Length: 200, Loss: 11.1934, Entropy: 1.0909, Epsilon: 0.010
2026-04-19 12:37:55 | INFO | Episode 6109 - Reward: -200.000, Length: 200, Loss: 8.1375, Entropy: 1.0866, Epsilon: 0.010
2026-04-19 12:37:55 | INFO | Episode 6110 - Reward: -200.000, Length: 200, Loss: 8.4562, Entropy: 1.0903, Epsilon: 0.010
2026-04-19 12:37:56 | INFO | Episode 6111 - Reward: -200.000, Length: 200, Loss: 19.6197, Entropy: 1.0803, Epsilon: 0.010
2026-04-19 12:37:56 | INFO | Episode 6112 - Reward: -200.000, Length: 200, Loss: 8.7002, Entropy: 1.0854, Epsilon: 0.010
2026-04-19 12:37:56 | INFO | Episode 6113 - Reward: -200.000, Length: 200, Loss: 25.7330, Entropy: 1.0865, Epsilon: 0.010
2026-04-19 12:37:57 | INFO | Episode 6114 - Reward: -200.000, Length: 200, Loss: 20.4824, Entropy: 1.0870, Epsilon: 0.010
2026-04-19 12:37:57 | INFO | Episode 6115 - Reward: -200.000, Length: 200, Loss: 8.7373, Entropy: 1.0820, Epsilon: 0.010
2026-04-19 12:37:57 | INFO | Episode 6116 - Reward: -200.000, Length: 200, Loss: 8.8649, Entropy: 1.0729, Epsilon: 0.010
2026-04-19 12:37:58 | INFO | Episode 6117 - Reward: -200.000, Length: 200, Loss: 17.5029, Entropy: 1.0827, Epsilon: 0.010
2026-04-19 12:37:58 | INFO | Episode 6118 - Reward: -200.000, Length: 200, Loss: 8.5828, Entropy: 1.0898, Epsilon: 0.010
2026-04-19 12:37:59 | INFO | Episode 6119 - Reward: -200.000, Length: 200, Loss: 20.4808, Entropy: 1.0762, Epsilon: 0.010
2026-04-19 12:37:59 | INFO | Episode 6120 - Reward: -200.000, Length: 200, Loss: 23.2662, Entropy: 1.0682, Epsilon: 0.010
2026-04-19 12:37:59 | INFO | Episode 6121 - Reward: -200.000, Length: 200, Loss: 20.3261, Entropy: 1.0724, Epsilon: 0.010
2026-04-19 12:38:00 | INFO | Episode 6122 - Reward: -200.000, Length: 200, Loss: 11.7307, Entropy: 1.0878, Epsilon: 0.010
2026-04-19 12:38:00 | INFO | Episode 6123 - Reward: -200.000, Length: 200, Loss: 14.5735, Entropy: 1.0666, Epsilon: 0.010
2026-04-19 12:38:00 | INFO | Episode 6124 - Reward: -200.000, Length: 200, Loss: 17.6900, Entropy: 1.0830, Epsilon: 0.010
2026-04-19 12:38:01 | INFO | Episode 6125 - Reward: -200.000, Length: 200, Loss: 8.7727, Entropy: 1.0853, Epsilon: 0.010
2026-04-19 12:38:01 | INFO | Episode 6126 - Reward: -200.000, Length: 200, Loss: 8.8580, Entropy: 1.0864, Epsilon: 0.010
2026-04-19 12:38:02 | INFO | Episode 6127 - Reward: -200.000, Length: 200, Loss: 8.7994, Entropy: 1.0906, Epsilon: 0.010
2026-04-19 12:38:02 | INFO | Episode 6128 - Reward: -200.000, Length: 200, Loss: 23.7961, Entropy: 1.0775, Epsilon: 0.010
2026-04-19 12:38:02 | INFO | Episode 6129 - Reward: -200.000, Length: 200, Loss: 11.9125, Entropy: 1.0757, Epsilon: 0.010
2026-04-19 12:38:03 | INFO | Episode 6130 - Reward: -200.000, Length: 200, Loss: 27.2713, Entropy: 1.0636, Epsilon: 0.010
2026-04-19 12:38:03 | INFO | Episode 6131 - Reward: -200.000, Length: 200, Loss: 20.9424, Entropy: 1.0810, Epsilon: 0.010
2026-04-19 12:38:03 | INFO | Episode 6132 - Reward: -200.000, Length: 200, Loss: 24.0819, Entropy: 1.0803, Epsilon: 0.010
2026-04-19 12:38:04 | INFO | Episode 6133 - Reward: -200.000, Length: 200, Loss: 8.9432, Entropy: 1.0904, Epsilon: 0.010
2026-04-19 12:38:04 | INFO | Episode 6134 - Reward: -200.000, Length: 200, Loss: 24.0946, Entropy: 1.0847, Epsilon: 0.010
2026-04-19 12:38:05 | INFO | Episode 6135 - Reward: -200.000, Length: 200, Loss: 24.0114, Entropy: 1.0657, Epsilon: 0.010
2026-04-19 12:38:05 | INFO | Episode 6136 - Reward: -200.000, Length: 200, Loss: 17.8507, Entropy: 1.0851, Epsilon: 0.010
2026-04-19 12:38:05 | INFO | Episode 6137 - Reward: -200.000, Length: 200, Loss: 14.3200, Entropy: 1.0803, Epsilon: 0.010
2026-04-19 12:38:06 | INFO | Episode 6138 - Reward: -200.000, Length: 200, Loss: 12.1548, Entropy: 1.0772, Epsilon: 0.010
2026-04-19 12:38:06 | INFO | Episode 6139 - Reward: -200.000, Length: 200, Loss: 6.0700, Entropy: 1.0854, Epsilon: 0.010
2026-04-19 12:38:06 | INFO | Episode 6140 - Reward: -200.000, Length: 200, Loss: 21.2080, Entropy: 1.0879, Epsilon: 0.010
2026-04-19 12:38:07 | INFO | Episode 6141 - Reward: -200.000, Length: 200, Loss: 24.4817, Entropy: 1.0739, Epsilon: 0.010
2026-04-19 12:38:07 | INFO | Episode 6142 - Reward: -200.000, Length: 200, Loss: 9.1080, Entropy: 1.0836, Epsilon: 0.010
2026-04-19 12:38:08 | INFO | Episode 6143 - Reward: -200.000, Length: 200, Loss: 9.0931, Entropy: 1.0911, Epsilon: 0.010
2026-04-19 12:38:08 | INFO | Episode 6144 - Reward: -200.000, Length: 200, Loss: 11.9541, Entropy: 1.0926, Epsilon: 0.010
2026-04-19 12:38:08 | INFO | Episode 6145 - Reward: -200.000, Length: 200, Loss: 15.0443, Entropy: 1.0870, Epsilon: 0.010
2026-04-19 12:38:09 | INFO | Episode 6146 - Reward: -200.000, Length: 200, Loss: 23.8798, Entropy: 1.0725, Epsilon: 0.010
2026-04-19 12:38:09 | INFO | Episode 6147 - Reward: -200.000, Length: 200, Loss: 18.4026, Entropy: 1.0720, Epsilon: 0.010
2026-04-19 12:38:10 | INFO | Episode 6148 - Reward: -200.000, Length: 200, Loss: 15.2348, Entropy: 1.0778, Epsilon: 0.010
2026-04-19 12:38:10 | INFO | Episode 6149 - Reward: -200.000, Length: 200, Loss: 18.1298, Entropy: 1.0891, Epsilon: 0.010
2026-04-19 12:38:10 | INFO | Episode 6150 - Reward: -200.000, Length: 200, Loss: 31.0767, Entropy: 1.0799, Epsilon: 0.010
2026-04-19 12:38:11 | INFO | Episode 6151 - Reward: -200.000, Length: 200, Loss: 17.7570, Entropy: 1.0857, Epsilon: 0.010
2026-04-19 12:38:11 | INFO | Episode 6152 - Reward: -200.000, Length: 200, Loss: 20.6567, Entropy: 1.0769, Epsilon: 0.010
2026-04-19 12:38:11 | INFO | Episode 6153 - Reward: -200.000, Length: 200, Loss: 17.9212, Entropy: 1.0870, Epsilon: 0.010
2026-04-19 12:38:13 | INFO | Episode 6154 - Reward: -200.000, Length: 200, Loss: 8.9157, Entropy: 1.0876, Epsilon: 0.010
2026-04-19 12:38:13 | INFO | Episode 6155 - Reward: -200.000, Length: 200, Loss: 14.4708, Entropy: 1.0823, Epsilon: 0.010
2026-04-19 12:38:13 | INFO | Episode 6156 - Reward: -200.000, Length: 200, Loss: 20.5824, Entropy: 1.0822, Epsilon: 0.010
2026-04-19 12:38:14 | INFO | Episode 6157 - Reward: -200.000, Length: 200, Loss: 5.7613, Entropy: 1.0902, Epsilon: 0.010
2026-04-19 12:38:14 | INFO | Episode 6158 - Reward: -200.000, Length: 200, Loss: 5.9150, Entropy: 1.0834, Epsilon: 0.010
2026-04-19 12:38:15 | INFO | Episode 6159 - Reward: -200.000, Length: 200, Loss: 17.8234, Entropy: 1.0708, Epsilon: 0.010
2026-04-19 12:38:15 | INFO | Episode 6160 - Reward: -200.000, Length: 200, Loss: 5.9894, Entropy: 1.0798, Epsilon: 0.010
2026-04-19 12:38:16 | INFO | Episode 6161 - Reward: -200.000, Length: 200, Loss: 24.2782, Entropy: 1.0478, Epsilon: 0.010
2026-04-19 12:38:16 | INFO | Episode 6162 - Reward: -200.000, Length: 200, Loss: 24.5296, Entropy: 1.0772, Epsilon: 0.010
2026-04-19 12:38:17 | INFO | Episode 6163 - Reward: -200.000, Length: 200, Loss: 15.1994, Entropy: 1.0851, Epsilon: 0.010
2026-04-19 12:38:17 | INFO | Episode 6164 - Reward: -200.000, Length: 200, Loss: 20.8150, Entropy: 1.0738, Epsilon: 0.010
2026-04-19 12:38:17 | INFO | Episode 6165 - Reward: -200.000, Length: 200, Loss: 5.9356, Entropy: 1.0921, Epsilon: 0.010
2026-04-19 12:38:18 | INFO | Episode 6166 - Reward: -200.000, Length: 200, Loss: 21.7522, Entropy: 1.0823, Epsilon: 0.010
2026-04-19 12:38:18 | INFO | Episode 6167 - Reward: -200.000, Length: 200, Loss: 18.4853, Entropy: 1.0420, Epsilon: 0.010
2026-04-19 12:38:19 | INFO | Episode 6168 - Reward: -200.000, Length: 200, Loss: 6.0380, Entropy: 1.0851, Epsilon: 0.010
2026-04-19 12:38:19 | INFO | Episode 6169 - Reward: -200.000, Length: 200, Loss: 18.5904, Entropy: 1.0731, Epsilon: 0.010
2026-04-19 12:38:19 | INFO | Episode 6170 - Reward: -200.000, Length: 200, Loss: 25.0219, Entropy: 1.0769, Epsilon: 0.010
2026-04-19 12:38:20 | INFO | Episode 6171 - Reward: -200.000, Length: 200, Loss: 18.4243, Entropy: 1.0658, Epsilon: 0.010
2026-04-19 12:38:20 | INFO | Episode 6172 - Reward: -200.000, Length: 200, Loss: 18.4402, Entropy: 1.0860, Epsilon: 0.010
2026-04-19 12:38:21 | INFO | Episode 6173 - Reward: -200.000, Length: 200, Loss: 12.3077, Entropy: 1.0829, Epsilon: 0.010
2026-04-19 12:38:21 | INFO | Episode 6174 - Reward: -200.000, Length: 200, Loss: 21.9418, Entropy: 1.0882, Epsilon: 0.010
2026-04-19 12:38:21 | INFO | Episode 6175 - Reward: -200.000, Length: 200, Loss: 28.2767, Entropy: 1.0807, Epsilon: 0.010
2026-04-19 12:38:22 | INFO | Episode 6176 - Reward: -200.000, Length: 200, Loss: 12.4086, Entropy: 1.0719, Epsilon: 0.010
2026-04-19 12:38:22 | INFO | Episode 6177 - Reward: -200.000, Length: 200, Loss: 12.8397, Entropy: 1.0748, Epsilon: 0.010
2026-04-19 12:38:23 | INFO | Episode 6178 - Reward: -200.000, Length: 200, Loss: 12.5173, Entropy: 1.0885, Epsilon: 0.010
2026-04-19 12:38:23 | INFO | Episode 6179 - Reward: -200.000, Length: 200, Loss: 25.5673, Entropy: 1.0887, Epsilon: 0.010
2026-04-19 12:38:23 | INFO | Episode 6180 - Reward: -200.000, Length: 200, Loss: 2.9660, Entropy: 1.0913, Epsilon: 0.010
2026-04-19 12:38:24 | INFO | Episode 6181 - Reward: -200.000, Length: 200, Loss: 16.3794, Entropy: 1.0803, Epsilon: 0.010
2026-04-19 12:38:24 | INFO | Episode 6182 - Reward: -200.000, Length: 200, Loss: 6.2969, Entropy: 1.0864, Epsilon: 0.010
2026-04-19 12:38:24 | INFO | Episode 6183 - Reward: -200.000, Length: 200, Loss: 9.4962, Entropy: 1.0812, Epsilon: 0.010
2026-04-19 12:38:25 | INFO | Episode 6184 - Reward: -200.000, Length: 200, Loss: 12.6709, Entropy: 1.0861, Epsilon: 0.010
2026-04-19 12:38:25 | INFO | Episode 6185 - Reward: -200.000, Length: 200, Loss: 16.0615, Entropy: 1.0535, Epsilon: 0.010
2026-04-19 12:38:26 | INFO | Episode 6186 - Reward: -200.000, Length: 200, Loss: 25.6911, Entropy: 1.0771, Epsilon: 0.010
2026-04-19 12:38:26 | INFO | Episode 6187 - Reward: -200.000, Length: 200, Loss: 6.2487, Entropy: 1.0909, Epsilon: 0.010
2026-04-19 12:38:26 | INFO | Episode 6188 - Reward: -200.000, Length: 200, Loss: 29.1382, Entropy: 1.0804, Epsilon: 0.010
2026-04-19 12:38:27 | INFO | Episode 6189 - Reward: -200.000, Length: 200, Loss: 12.3863, Entropy: 1.0836, Epsilon: 0.010
2026-04-19 12:38:27 | INFO | Episode 6190 - Reward: -200.000, Length: 200, Loss: 15.8309, Entropy: 1.0840, Epsilon: 0.010
2026-04-19 12:38:28 | INFO | Episode 6191 - Reward: -200.000, Length: 200, Loss: 25.2046, Entropy: 1.0737, Epsilon: 0.010
2026-04-19 12:38:28 | INFO | Episode 6192 - Reward: -200.000, Length: 200, Loss: 6.1567, Entropy: 1.0901, Epsilon: 0.010
2026-04-19 12:38:28 | INFO | Episode 6193 - Reward: -200.000, Length: 200, Loss: 12.0288, Entropy: 1.0567, Epsilon: 0.010
2026-04-19 12:38:29 | INFO | Episode 6194 - Reward: -200.000, Length: 200, Loss: 15.8709, Entropy: 1.0758, Epsilon: 0.010
2026-04-19 12:38:29 | INFO | Episode 6195 - Reward: -200.000, Length: 200, Loss: 6.2958, Entropy: 1.0844, Epsilon: 0.010
2026-04-19 12:38:30 | INFO | Episode 6196 - Reward: -200.000, Length: 200, Loss: 16.0549, Entropy: 1.0873, Epsilon: 0.010
2026-04-19 12:38:30 | INFO | Episode 6197 - Reward: -200.000, Length: 200, Loss: 16.0942, Entropy: 1.0816, Epsilon: 0.010
2026-04-19 12:38:30 | INFO | Episode 6198 - Reward: -200.000, Length: 200, Loss: 29.2996, Entropy: 1.0828, Epsilon: 0.010
2026-04-19 12:38:31 | INFO | Episode 6199 - Reward: -200.000, Length: 200, Loss: 6.3520, Entropy: 1.0871, Epsilon: 0.010
2026-04-19 12:38:31 | INFO | Episode 6200 - Reward: -200.000, Length: 200, Loss: 16.0690, Entropy: 1.0849, Epsilon: 0.010
2026-04-19 12:38:36 | INFO | [Episode 6200] eps=0.010  avg_reward=-200.000  avg_length=200.00  avg_loss= 15.7405  avg_entropy=1.0849  eval_success=0.000
2026-04-19 12:38:36 | INFO | Episode 6201 - Reward: -200.000, Length: 200, Loss: 9.4832, Entropy: 1.0908, Epsilon: 0.010
2026-04-19 12:38:37 | INFO | Episode 6202 - Reward: -200.000, Length: 200, Loss: 16.1159, Entropy: 1.0810, Epsilon: 0.010
2026-04-19 12:38:37 | INFO | Episode 6203 - Reward: -200.000, Length: 200, Loss: 22.7240, Entropy: 1.0769, Epsilon: 0.010
2026-04-19 12:38:37 | INFO | Episode 6204 - Reward: -200.000, Length: 200, Loss: 25.8851, Entropy: 1.0596, Epsilon: 0.010
2026-04-19 12:38:38 | INFO | Episode 6205 - Reward: -200.000, Length: 200, Loss: 35.1784, Entropy: 1.0864, Epsilon: 0.010
2026-04-19 12:38:38 | INFO | Episode 6206 - Reward: -200.000, Length: 200, Loss: 15.6683, Entropy: 1.0887, Epsilon: 0.010
2026-04-19 12:38:38 | INFO | Episode 6207 - Reward: -200.000, Length: 200, Loss: 15.7011, Entropy: 1.0892, Epsilon: 0.010
2026-04-19 12:38:39 | INFO | Episode 6208 - Reward: -200.000, Length: 200, Loss: 19.0195, Entropy: 1.0744, Epsilon: 0.010
2026-04-19 12:38:39 | INFO | Episode 6209 - Reward: -200.000, Length: 200, Loss: 15.5757, Entropy: 1.0846, Epsilon: 0.010
2026-04-19 12:38:40 | INFO | Episode 6210 - Reward: -200.000, Length: 200, Loss: 25.6033, Entropy: 1.0688, Epsilon: 0.010
2026-04-19 12:38:40 | INFO | Episode 6211 - Reward: -200.000, Length: 200, Loss: 9.2881, Entropy: 1.0787, Epsilon: 0.010
2026-04-19 12:38:40 | INFO | Episode 6212 - Reward: -200.000, Length: 200, Loss: 25.2155, Entropy: 1.0633, Epsilon: 0.010
2026-04-19 12:38:41 | INFO | Episode 6213 - Reward: -200.000, Length: 200, Loss: 18.9618, Entropy: 1.0870, Epsilon: 0.010
2026-04-19 12:38:41 | INFO | Episode 6214 - Reward: -200.000, Length: 200, Loss: 21.8811, Entropy: 1.0732, Epsilon: 0.010
2026-04-19 12:38:42 | INFO | Episode 6215 - Reward: -200.000, Length: 200, Loss: 15.4404, Entropy: 1.0777, Epsilon: 0.010
2026-04-19 12:38:42 | INFO | Episode 6216 - Reward: -200.000, Length: 200, Loss: 21.9914, Entropy: 1.0849, Epsilon: 0.010
2026-04-19 12:38:43 | INFO | Episode 6217 - Reward: -200.000, Length: 200, Loss: 15.6412, Entropy: 1.0716, Epsilon: 0.010
2026-04-19 12:38:43 | INFO | Episode 6218 - Reward: -200.000, Length: 200, Loss: 15.3356, Entropy: 1.0897, Epsilon: 0.010
2026-04-19 12:38:44 | INFO | Episode 6219 - Reward: -200.000, Length: 200, Loss: 21.4387, Entropy: 1.0845, Epsilon: 0.010
2026-04-19 12:38:44 | INFO | Episode 6220 - Reward: -200.000, Length: 200, Loss: 21.0847, Entropy: 1.0857, Epsilon: 0.010
2026-04-19 12:38:44 | INFO | Episode 6221 - Reward: -200.000, Length: 200, Loss: 12.0387, Entropy: 1.0793, Epsilon: 0.010
2026-04-19 12:38:46 | INFO | Episode 6222 - Reward: -200.000, Length: 200, Loss: 15.0320, Entropy: 1.0699, Epsilon: 0.010
2026-04-19 12:38:46 | INFO | Episode 6223 - Reward: -200.000, Length: 200, Loss: 18.3450, Entropy: 1.0840, Epsilon: 0.010
2026-04-19 12:38:47 | INFO | Episode 6224 - Reward: -200.000, Length: 200, Loss: 12.1609, Entropy: 1.0876, Epsilon: 0.010
2026-04-19 12:38:47 | INFO | Episode 6225 - Reward: -200.000, Length: 200, Loss: 20.9959, Entropy: 1.0807, Epsilon: 0.010
2026-04-19 12:38:48 | INFO | Episode 6226 - Reward: -200.000, Length: 200, Loss: 17.8325, Entropy: 1.0815, Epsilon: 0.010
2026-04-19 12:38:48 | INFO | Episode 6227 - Reward: -200.000, Length: 200, Loss: 2.8766, Entropy: 1.0895, Epsilon: 0.010
2026-04-19 12:38:49 | INFO | Episode 6228 - Reward: -200.000, Length: 200, Loss: 23.8060, Entropy: 1.0767, Epsilon: 0.010
2026-04-19 12:38:49 | INFO | Episode 6229 - Reward: -200.000, Length: 200, Loss: 8.7656, Entropy: 1.0882, Epsilon: 0.010
2026-04-19 12:38:50 | INFO | Episode 6230 - Reward: -200.000, Length: 200, Loss: 8.7583, Entropy: 1.0909, Epsilon: 0.010
2026-04-19 12:38:50 | INFO | Episode 6231 - Reward: -200.000, Length: 200, Loss: 14.7341, Entropy: 1.0886, Epsilon: 0.010
2026-04-19 12:38:51 | INFO | Episode 6232 - Reward: -200.000, Length: 200, Loss: 8.6593, Entropy: 1.0845, Epsilon: 0.010
2026-04-19 12:38:51 | INFO | Episode 6233 - Reward: -200.000, Length: 200, Loss: 11.7597, Entropy: 1.0863, Epsilon: 0.010
2026-04-19 12:38:52 | INFO | Episode 6234 - Reward: -200.000, Length: 200, Loss: 11.5359, Entropy: 1.0859, Epsilon: 0.010
2026-04-19 12:38:52 | INFO | Episode 6235 - Reward: -200.000, Length: 200, Loss: 11.7973, Entropy: 1.0874, Epsilon: 0.010
2026-04-19 12:38:53 | INFO | Episode 6236 - Reward: -200.000, Length: 200, Loss: 21.2671, Entropy: 1.0764, Epsilon: 0.010
2026-04-19 12:38:53 | INFO | Episode 6237 - Reward: -200.000, Length: 200, Loss: 18.6823, Entropy: 1.0777, Epsilon: 0.010
2026-04-19 12:38:54 | INFO | Episode 6238 - Reward: -200.000, Length: 200, Loss: 14.9323, Entropy: 1.0897, Epsilon: 0.010
2026-04-19 12:38:54 | INFO | Episode 6239 - Reward: -200.000, Length: 200, Loss: 15.2052, Entropy: 1.0812, Epsilon: 0.010
2026-04-19 12:38:55 | INFO | Episode 6240 - Reward: -200.000, Length: 200, Loss: 21.4802, Entropy: 1.0757, Epsilon: 0.010
2026-04-19 12:38:55 | INFO | Episode 6241 - Reward: -200.000, Length: 200, Loss: 18.1343, Entropy: 1.0897, Epsilon: 0.010
2026-04-19 12:38:56 | INFO | Episode 6242 - Reward: -200.000, Length: 200, Loss: 11.9885, Entropy: 1.0804, Epsilon: 0.010
2026-04-19 12:38:56 | INFO | Episode 6243 - Reward: -200.000, Length: 200, Loss: 15.3747, Entropy: 1.0882, Epsilon: 0.010
2026-04-19 12:38:57 | INFO | Episode 6244 - Reward: -200.000, Length: 200, Loss: 3.0366, Entropy: 1.0932, Epsilon: 0.010
2026-04-19 12:38:57 | INFO | Episode 6245 - Reward: -200.000, Length: 200, Loss: 15.7634, Entropy: 1.0768, Epsilon: 0.010
2026-04-19 12:38:58 | INFO | Episode 6246 - Reward: -200.000, Length: 200, Loss: 12.8859, Entropy: 1.0831, Epsilon: 0.010
2026-04-19 12:38:58 | INFO | Episode 6247 - Reward: -200.000, Length: 200, Loss: 12.5656, Entropy: 1.0838, Epsilon: 0.010
2026-04-19 12:38:59 | INFO | Episode 6248 - Reward: -200.000, Length: 200, Loss: 15.9659, Entropy: 1.0693, Epsilon: 0.010
2026-04-19 12:38:59 | INFO | Episode 6249 - Reward: -200.000, Length: 200, Loss: 22.3935, Entropy: 1.0832, Epsilon: 0.010
2026-04-19 12:39:00 | INFO | Episode 6250 - Reward: -200.000, Length: 200, Loss: 12.4467, Entropy: 1.0834, Epsilon: 0.010
2026-04-19 12:39:00 | INFO | Episode 6251 - Reward: -200.000, Length: 200, Loss: 12.6566, Entropy: 1.0772, Epsilon: 0.010
2026-04-19 12:39:01 | INFO | Episode 6252 - Reward: -200.000, Length: 200, Loss: 22.4501, Entropy: 1.0782, Epsilon: 0.010
2026-04-19 12:39:01 | INFO | Episode 6253 - Reward: -200.000, Length: 200, Loss: 12.7391, Entropy: 1.0863, Epsilon: 0.010
2026-04-19 12:39:02 | INFO | Episode 6254 - Reward: -200.000, Length: 200, Loss: 6.3766, Entropy: 1.0921, Epsilon: 0.010
2026-04-19 12:39:03 | INFO | Episode 6255 - Reward: -200.000, Length: 200, Loss: 12.9959, Entropy: 1.0774, Epsilon: 0.010
2026-04-19 12:39:03 | INFO | Episode 6256 - Reward: -200.000, Length: 200, Loss: 19.5173, Entropy: 1.0822, Epsilon: 0.010
2026-04-19 12:39:03 | INFO | Episode 6257 - Reward: -200.000, Length: 200, Loss: 21.9666, Entropy: 1.0659, Epsilon: 0.010
2026-04-19 12:39:04 | INFO | Episode 6258 - Reward: -200.000, Length: 200, Loss: 16.3878, Entropy: 1.0790, Epsilon: 0.010
2026-04-19 12:39:04 | INFO | Episode 6259 - Reward: -200.000, Length: 200, Loss: 26.7181, Entropy: 1.0546, Epsilon: 0.010
2026-04-19 12:39:05 | INFO | Episode 6260 - Reward: -200.000, Length: 200, Loss: 19.9164, Entropy: 1.0620, Epsilon: 0.010
2026-04-19 12:39:05 | INFO | Episode 6261 - Reward: -200.000, Length: 200, Loss: 16.4481, Entropy: 1.0725, Epsilon: 0.010
2026-04-19 12:39:06 | INFO | Episode 6262 - Reward: -200.000, Length: 200, Loss: 10.0406, Entropy: 1.0880, Epsilon: 0.010
2026-04-19 12:39:06 | INFO | Episode 6263 - Reward: -200.000, Length: 200, Loss: 13.0472, Entropy: 1.0843, Epsilon: 0.010
2026-04-19 12:39:07 | INFO | Episode 6264 - Reward: -200.000, Length: 200, Loss: 6.5807, Entropy: 1.0922, Epsilon: 0.010
2026-04-19 12:39:07 | INFO | Episode 6265 - Reward: -200.000, Length: 200, Loss: 27.0854, Entropy: 1.0768, Epsilon: 0.010
2026-04-19 12:39:07 | INFO | Episode 6266 - Reward: -200.000, Length: 200, Loss: 23.0128, Entropy: 1.0797, Epsilon: 0.010
2026-04-19 12:39:08 | INFO | Episode 6267 - Reward: -200.000, Length: 200, Loss: 9.8155, Entropy: 1.0842, Epsilon: 0.010
2026-04-19 12:39:08 | INFO | Episode 6268 - Reward: -200.000, Length: 200, Loss: 10.2347, Entropy: 1.0895, Epsilon: 0.010
2026-04-19 12:39:09 | INFO | Episode 6269 - Reward: -200.000, Length: 200, Loss: 13.3307, Entropy: 1.0876, Epsilon: 0.010
2026-04-19 12:39:09 | INFO | Episode 6270 - Reward: -200.000, Length: 200, Loss: 13.6829, Entropy: 1.0842, Epsilon: 0.010
2026-04-19 12:39:10 | INFO | Episode 6271 - Reward: -200.000, Length: 200, Loss: 16.4738, Entropy: 1.0843, Epsilon: 0.010
2026-04-19 12:39:10 | INFO | Episode 6272 - Reward: -200.000, Length: 200, Loss: 20.2368, Entropy: 1.0827, Epsilon: 0.010
2026-04-19 12:39:11 | INFO | Episode 6273 - Reward: -200.000, Length: 200, Loss: 16.7959, Entropy: 1.0886, Epsilon: 0.010
2026-04-19 12:39:11 | INFO | Episode 6274 - Reward: -200.000, Length: 200, Loss: 19.9681, Entropy: 0.9961, Epsilon: 0.010
2026-04-19 12:39:11 | INFO | Episode 6275 - Reward: -200.000, Length: 200, Loss: 16.9081, Entropy: 1.0776, Epsilon: 0.010
2026-04-19 12:39:12 | INFO | Episode 6276 - Reward: -200.000, Length: 200, Loss: 13.4292, Entropy: 1.0854, Epsilon: 0.010
2026-04-19 12:39:12 | INFO | Episode 6277 - Reward: -200.000, Length: 200, Loss: 13.4037, Entropy: 1.0893, Epsilon: 0.010
2026-04-19 12:39:13 | INFO | Episode 6278 - Reward: -200.000, Length: 200, Loss: 13.4064, Entropy: 1.0511, Epsilon: 0.010
2026-04-19 12:39:13 | INFO | Episode 6279 - Reward: -200.000, Length: 200, Loss: 26.5980, Entropy: 1.0580, Epsilon: 0.010
2026-04-19 12:39:14 | INFO | Episode 6280 - Reward: -200.000, Length: 200, Loss: 9.6955, Entropy: 1.0878, Epsilon: 0.010
2026-04-19 12:39:14 | INFO | Episode 6281 - Reward: -200.000, Length: 200, Loss: 13.2156, Entropy: 1.0904, Epsilon: 0.010
2026-04-19 12:39:14 | INFO | Episode 6282 - Reward: -200.000, Length: 200, Loss: 9.8144, Entropy: 1.0921, Epsilon: 0.010
2026-04-19 12:39:15 | INFO | Episode 6283 - Reward: -200.000, Length: 200, Loss: 22.6705, Entropy: 1.0686, Epsilon: 0.010
2026-04-19 12:39:15 | INFO | Episode 6284 - Reward: -200.000, Length: 200, Loss: 15.9290, Entropy: 1.0672, Epsilon: 0.010
2026-04-19 12:39:16 | INFO | Episode 6285 - Reward: -200.000, Length: 200, Loss: 18.9541, Entropy: 1.0520, Epsilon: 0.010
2026-04-19 12:39:16 | INFO | Episode 6286 - Reward: -200.000, Length: 200, Loss: 29.1730, Entropy: 1.0278, Epsilon: 0.010
2026-04-19 12:39:17 | INFO | Episode 6287 - Reward: -200.000, Length: 200, Loss: 9.7201, Entropy: 1.0839, Epsilon: 0.010
2026-04-19 12:39:17 | INFO | Episode 6288 - Reward: -200.000, Length: 200, Loss: 20.0409, Entropy: 1.0770, Epsilon: 0.010
2026-04-19 12:39:17 | INFO | Episode 6289 - Reward: -200.000, Length: 200, Loss: 19.8103, Entropy: 1.0706, Epsilon: 0.010
2026-04-19 12:39:18 | INFO | Episode 6290 - Reward: -200.000, Length: 200, Loss: 6.3788, Entropy: 1.0837, Epsilon: 0.010
2026-04-19 12:39:19 | INFO | Episode 6291 - Reward: -200.000, Length: 200, Loss: 30.2001, Entropy: 1.0784, Epsilon: 0.010
2026-04-19 12:39:19 | INFO | Episode 6292 - Reward: -200.000, Length: 200, Loss: 19.2820, Entropy: 1.0666, Epsilon: 0.010
2026-04-19 12:39:20 | INFO | Episode 6293 - Reward: -200.000, Length: 200, Loss: 20.0292, Entropy: 1.0821, Epsilon: 0.010
2026-04-19 12:39:20 | INFO | Episode 6294 - Reward: -200.000, Length: 200, Loss: 9.4463, Entropy: 1.0709, Epsilon: 0.010
2026-04-19 12:39:21 | INFO | Episode 6295 - Reward: -200.000, Length: 200, Loss: 22.5948, Entropy: 1.0756, Epsilon: 0.010
2026-04-19 12:39:21 | INFO | Episode 6296 - Reward: -200.000, Length: 200, Loss: 21.8275, Entropy: 1.0836, Epsilon: 0.010
2026-04-19 12:39:21 | INFO | Episode 6297 - Reward: -200.000, Length: 200, Loss: 15.4430, Entropy: 1.0721, Epsilon: 0.010
2026-04-19 12:39:22 | INFO | Episode 6298 - Reward: -200.000, Length: 200, Loss: 21.6283, Entropy: 1.0564, Epsilon: 0.010
2026-04-19 12:39:22 | INFO | Episode 6299 - Reward: -200.000, Length: 200, Loss: 18.2862, Entropy: 1.0723, Epsilon: 0.010
2026-04-19 12:39:23 | INFO | Episode 6300 - Reward: -200.000, Length: 200, Loss: 9.2596, Entropy: 1.0933, Epsilon: 0.010
2026-04-19 12:39:28 | INFO | [Episode 6300] eps=0.010  avg_reward=-200.000  avg_length=200.00  avg_loss= 16.5408  avg_entropy=1.0933  eval_success=0.000
2026-04-19 12:39:28 | INFO | Episode 6301 - Reward: -200.000, Length: 200, Loss: 18.4389, Entropy: 1.0886, Epsilon: 0.010
2026-04-19 12:39:29 | INFO | Episode 6302 - Reward: -200.000, Length: 200, Loss: 12.4599, Entropy: 1.0865, Epsilon: 0.010
2026-04-19 12:39:29 | INFO | Episode 6303 - Reward: -200.000, Length: 200, Loss: 12.2167, Entropy: 1.0845, Epsilon: 0.010
2026-04-19 12:39:30 | INFO | Episode 6304 - Reward: -200.000, Length: 200, Loss: 27.8433, Entropy: 1.0720, Epsilon: 0.010
2026-04-19 12:39:30 | INFO | Episode 6305 - Reward: -200.000, Length: 200, Loss: 15.8707, Entropy: 1.0451, Epsilon: 0.010
2026-04-19 12:39:30 | INFO | Episode 6306 - Reward: -200.000, Length: 200, Loss: 12.0022, Entropy: 1.0772, Epsilon: 0.010
2026-04-19 12:39:31 | INFO | Episode 6307 - Reward: -200.000, Length: 200, Loss: 11.7474, Entropy: 1.0790, Epsilon: 0.010
2026-04-19 12:39:31 | INFO | Episode 6308 - Reward: -200.000, Length: 200, Loss: 11.9919, Entropy: 1.0733, Epsilon: 0.010
2026-04-19 12:39:32 | INFO | Episode 6309 - Reward: -200.000, Length: 200, Loss: 32.6392, Entropy: 1.0240, Epsilon: 0.010
2026-04-19 12:39:32 | INFO | Episode 6310 - Reward: -200.000, Length: 200, Loss: 23.9119, Entropy: 1.0483, Epsilon: 0.010
2026-04-19 12:39:33 | INFO | Episode 6311 - Reward: -200.000, Length: 200, Loss: 8.7729, Entropy: 1.0897, Epsilon: 0.010
2026-04-19 12:39:33 | INFO | Episode 6312 - Reward: -200.000, Length: 200, Loss: 15.0510, Entropy: 1.0845, Epsilon: 0.010
2026-04-19 12:39:33 | INFO | Episode 6313 - Reward: -200.000, Length: 200, Loss: 8.8245, Entropy: 1.0870, Epsilon: 0.010
2026-04-19 12:39:34 | INFO | Episode 6314 - Reward: -200.000, Length: 200, Loss: 9.0947, Entropy: 1.0931, Epsilon: 0.010
2026-04-19 12:39:34 | INFO | Episode 6315 - Reward: -200.000, Length: 200, Loss: 5.9529, Entropy: 1.0905, Epsilon: 0.010
2026-04-19 12:39:35 | INFO | Episode 6316 - Reward: -200.000, Length: 200, Loss: 11.8062, Entropy: 1.0393, Epsilon: 0.010
2026-04-19 12:39:35 | INFO | Episode 6317 - Reward: -200.000, Length: 200, Loss: 8.8426, Entropy: 1.0860, Epsilon: 0.010
2026-04-19 12:39:36 | INFO | Episode 6318 - Reward: -200.000, Length: 200, Loss: 11.6697, Entropy: 1.0891, Epsilon: 0.010
2026-04-19 12:39:36 | INFO | Episode 6319 - Reward: -200.000, Length: 200, Loss: 11.9221, Entropy: 1.0874, Epsilon: 0.010
2026-04-19 12:39:37 | INFO | Episode 6320 - Reward: -200.000, Length: 200, Loss: 29.7277, Entropy: 1.0792, Epsilon: 0.010
2026-04-19 12:39:37 | INFO | Episode 6321 - Reward: -200.000, Length: 200, Loss: 14.5719, Entropy: 1.0851, Epsilon: 0.010
2026-04-19 12:39:37 | INFO | Episode 6322 - Reward: -200.000, Length: 200, Loss: 5.8871, Entropy: 1.0896, Epsilon: 0.010
2026-04-19 12:39:38 | INFO | Episode 6323 - Reward: -200.000, Length: 200, Loss: 14.7167, Entropy: 1.0793, Epsilon: 0.010
2026-04-19 12:39:38 | INFO | Episode 6324 - Reward: -200.000, Length: 200, Loss: 14.1722, Entropy: 1.0605, Epsilon: 0.010
2026-04-19 12:39:39 | INFO | Episode 6325 - Reward: -200.000, Length: 200, Loss: 8.4825, Entropy: 1.0744, Epsilon: 0.010
2026-04-19 12:39:39 | INFO | Episode 6326 - Reward: -200.000, Length: 200, Loss: 14.0732, Entropy: 1.0888, Epsilon: 0.010
2026-04-19 12:39:40 | INFO | Episode 6327 - Reward: -200.000, Length: 200, Loss: 25.9900, Entropy: 1.0797, Epsilon: 0.010
2026-04-19 12:39:40 | INFO | Episode 6328 - Reward: -200.000, Length: 200, Loss: 11.1574, Entropy: 1.0892, Epsilon: 0.010
2026-04-19 12:39:40 | INFO | Episode 6329 - Reward: -200.000, Length: 200, Loss: 14.3985, Entropy: 1.0795, Epsilon: 0.010
2026-04-19 12:39:41 | INFO | Episode 6330 - Reward: -200.000, Length: 200, Loss: 8.6215, Entropy: 1.0888, Epsilon: 0.010
2026-04-19 12:39:41 | INFO | Episode 6331 - Reward: -200.000, Length: 200, Loss: 14.4386, Entropy: 1.0860, Epsilon: 0.010
2026-04-19 12:39:42 | INFO | Episode 6332 - Reward: -200.000, Length: 200, Loss: 11.7338, Entropy: 1.0832, Epsilon: 0.010
2026-04-19 12:39:42 | INFO | Episode 6333 - Reward: -200.000, Length: 200, Loss: 14.8483, Entropy: 1.0875, Epsilon: 0.010
2026-04-19 12:39:43 | INFO | Episode 6334 - Reward: -200.000, Length: 200, Loss: 20.4600, Entropy: 1.0897, Epsilon: 0.010
2026-04-19 12:39:43 | INFO | Episode 6335 - Reward: -200.000, Length: 200, Loss: 23.4434, Entropy: 1.0742, Epsilon: 0.010
2026-04-19 12:39:43 | INFO | Episode 6336 - Reward: -200.000, Length: 200, Loss: 17.2052, Entropy: 1.0721, Epsilon: 0.010
2026-04-19 12:39:44 | INFO | Episode 6337 - Reward: -200.000, Length: 200, Loss: 20.2043, Entropy: 1.0652, Epsilon: 0.010
2026-04-19 12:39:44 | INFO | Episode 6338 - Reward: -200.000, Length: 200, Loss: 34.9281, Entropy: 1.0778, Epsilon: 0.010
2026-04-19 12:39:45 | INFO | Episode 6339 - Reward: -200.000, Length: 200, Loss: 17.2981, Entropy: 1.0874, Epsilon: 0.010
2026-04-19 12:39:45 | INFO | Episode 6340 - Reward: -200.000, Length: 200, Loss: 14.5104, Entropy: 1.0759, Epsilon: 0.010
2026-04-19 12:39:46 | INFO | Episode 6341 - Reward: -200.000, Length: 200, Loss: 18.0111, Entropy: 1.0856, Epsilon: 0.010
2026-04-19 12:39:46 | INFO | Episode 6342 - Reward: -200.000, Length: 200, Loss: 14.6872, Entropy: 1.0801, Epsilon: 0.010
2026-04-19 12:39:46 | INFO | Episode 6343 - Reward: -200.000, Length: 200, Loss: 2.5930, Entropy: 1.0845, Epsilon: 0.010
2026-04-19 12:39:47 | INFO | Episode 6344 - Reward: -200.000, Length: 200, Loss: 20.9580, Entropy: 1.0828, Epsilon: 0.010
2026-04-19 12:39:47 | INFO | Episode 6345 - Reward: -200.000, Length: 200, Loss: 8.9208, Entropy: 1.0877, Epsilon: 0.010
2026-04-19 12:39:48 | INFO | Episode 6346 - Reward: -200.000, Length: 200, Loss: 39.3182, Entropy: 1.0751, Epsilon: 0.010
2026-04-19 12:39:48 | INFO | Episode 6347 - Reward: -200.000, Length: 200, Loss: 18.3668, Entropy: 1.0438, Epsilon: 0.010
2026-04-19 12:39:49 | INFO | Episode 6348 - Reward: -200.000, Length: 200, Loss: 8.6519, Entropy: 1.0782, Epsilon: 0.010
2026-04-19 12:39:49 | INFO | Episode 6349 - Reward: -200.000, Length: 200, Loss: 12.3421, Entropy: 1.0869, Epsilon: 0.010
2026-04-19 12:39:49 | INFO | Episode 6350 - Reward: -200.000, Length: 200, Loss: 9.3878, Entropy: 1.0838, Epsilon: 0.010
2026-04-19 12:39:50 | INFO | Episode 6351 - Reward: -200.000, Length: 200, Loss: 12.3569, Entropy: 1.0848, Epsilon: 0.010
2026-04-19 12:39:50 | INFO | Episode 6352 - Reward: -200.000, Length: 200, Loss: 15.5581, Entropy: 1.0897, Epsilon: 0.010
2026-04-19 12:39:51 | INFO | Episode 6353 - Reward: -200.000, Length: 200, Loss: 12.3775, Entropy: 1.0872, Epsilon: 0.010
2026-04-19 12:39:52 | INFO | Episode 6354 - Reward: -200.000, Length: 200, Loss: 15.5684, Entropy: 1.0782, Epsilon: 0.010
2026-04-19 12:39:52 | INFO | Episode 6355 - Reward: -200.000, Length: 200, Loss: 12.2457, Entropy: 1.0780, Epsilon: 0.010
2026-04-19 12:39:53 | INFO | Episode 6356 - Reward: -200.000, Length: 200, Loss: 9.2660, Entropy: 1.0864, Epsilon: 0.010
2026-04-19 12:39:53 | INFO | Episode 6357 - Reward: -200.000, Length: 200, Loss: 9.3219, Entropy: 1.0897, Epsilon: 0.010
2026-04-19 12:39:53 | INFO | Episode 6358 - Reward: -200.000, Length: 200, Loss: 12.5973, Entropy: 1.0750, Epsilon: 0.010
2026-04-19 12:39:54 | INFO | Episode 6359 - Reward: -200.000, Length: 200, Loss: 27.6693, Entropy: 1.0637, Epsilon: 0.010
2026-04-19 12:39:54 | INFO | Episode 6360 - Reward: -200.000, Length: 200, Loss: 9.0993, Entropy: 1.0804, Epsilon: 0.010
2026-04-19 12:39:55 | INFO | Episode 6361 - Reward: -200.000, Length: 200, Loss: 6.1779, Entropy: 1.0880, Epsilon: 0.010
2026-04-19 12:39:55 | INFO | Episode 6362 - Reward: -200.000, Length: 200, Loss: 28.2222, Entropy: 1.0799, Epsilon: 0.010
2026-04-19 12:39:55 | INFO | Episode 6363 - Reward: -200.000, Length: 200, Loss: 15.5081, Entropy: 1.0853, Epsilon: 0.010
2026-04-19 12:39:56 | INFO | Episode 6364 - Reward: -200.000, Length: 200, Loss: 18.6317, Entropy: 1.0552, Epsilon: 0.010
2026-04-19 12:39:56 | INFO | Episode 6365 - Reward: -200.000, Length: 200, Loss: 15.7186, Entropy: 1.0728, Epsilon: 0.010
2026-04-19 12:39:57 | INFO | Episode 6366 - Reward: -200.000, Length: 200, Loss: 11.9599, Entropy: 1.0548, Epsilon: 0.010
2026-04-19 12:39:57 | INFO | Episode 6367 - Reward: -200.000, Length: 200, Loss: 21.2221, Entropy: 1.0711, Epsilon: 0.010
2026-04-19 12:39:57 | INFO | Episode 6368 - Reward: -200.000, Length: 200, Loss: 12.0314, Entropy: 1.0924, Epsilon: 0.010
2026-04-19 12:39:58 | INFO | Episode 6369 - Reward: -200.000, Length: 200, Loss: 17.9677, Entropy: 1.0855, Epsilon: 0.010
2026-04-19 12:39:58 | INFO | Episode 6370 - Reward: -200.000, Length: 200, Loss: 21.3244, Entropy: 1.0760, Epsilon: 0.010
2026-04-19 12:39:58 | INFO | Episode 6371 - Reward: -200.000, Length: 200, Loss: 18.2397, Entropy: 1.0718, Epsilon: 0.010
2026-04-19 12:39:59 | INFO | Episode 6372 - Reward: -200.000, Length: 200, Loss: 9.1956, Entropy: 1.0785, Epsilon: 0.010
2026-04-19 12:39:59 | INFO | Episode 6373 - Reward: -200.000, Length: 200, Loss: 15.4989, Entropy: 1.0627, Epsilon: 0.010
2026-04-19 12:40:00 | INFO | Episode 6374 - Reward: -200.000, Length: 200, Loss: 18.5212, Entropy: 1.0806, Epsilon: 0.010
2026-04-19 12:40:00 | INFO | Episode 6375 - Reward: -200.000, Length: 200, Loss: 15.4610, Entropy: 1.0870, Epsilon: 0.010
2026-04-19 12:40:00 | INFO | Episode 6376 - Reward: -200.000, Length: 200, Loss: 9.1654, Entropy: 1.0910, Epsilon: 0.010
2026-04-19 12:40:01 | INFO | Episode 6377 - Reward: -200.000, Length: 200, Loss: 15.2831, Entropy: 1.0862, Epsilon: 0.010
2026-04-19 12:40:01 | INFO | Episode 6378 - Reward: -200.000, Length: 200, Loss: 27.4728, Entropy: 1.0866, Epsilon: 0.010
2026-04-19 12:40:01 | INFO | Episode 6379 - Reward: -200.000, Length: 200, Loss: 14.9205, Entropy: 1.0774, Epsilon: 0.010
2026-04-19 12:40:02 | INFO | Episode 6380 - Reward: -200.000, Length: 200, Loss: 21.3692, Entropy: 1.0591, Epsilon: 0.010
2026-04-19 12:40:02 | INFO | Episode 6381 - Reward: -200.000, Length: 200, Loss: 9.0160, Entropy: 1.0893, Epsilon: 0.010
2026-04-19 12:40:03 | INFO | Episode 6382 - Reward: -200.000, Length: 200, Loss: 12.1101, Entropy: 1.0910, Epsilon: 0.010
2026-04-19 12:40:03 | INFO | Episode 6383 - Reward: -200.000, Length: 200, Loss: 21.3721, Entropy: 1.0643, Epsilon: 0.010
2026-04-19 12:40:03 | INFO | Episode 6384 - Reward: -200.000, Length: 200, Loss: 12.3838, Entropy: 1.0899, Epsilon: 0.010
2026-04-19 12:40:04 | INFO | Episode 6385 - Reward: -200.000, Length: 200, Loss: 18.6400, Entropy: 1.0907, Epsilon: 0.010
2026-04-19 12:40:04 | INFO | Episode 6386 - Reward: -200.000, Length: 200, Loss: 12.0797, Entropy: 1.0875, Epsilon: 0.010
2026-04-19 12:40:04 | INFO | Episode 6387 - Reward: -200.000, Length: 200, Loss: 2.9878, Entropy: 1.0881, Epsilon: 0.010
2026-04-19 12:40:05 | INFO | Episode 6388 - Reward: -200.000, Length: 200, Loss: 9.1160, Entropy: 1.0793, Epsilon: 0.010
2026-04-19 12:40:05 | INFO | Episode 6389 - Reward: -200.000, Length: 200, Loss: 6.0843, Entropy: 1.0861, Epsilon: 0.010
2026-04-19 12:40:06 | INFO | Episode 6390 - Reward: -200.000, Length: 200, Loss: 12.3688, Entropy: 1.0804, Epsilon: 0.010
2026-04-19 12:40:06 | INFO | Episode 6391 - Reward: -200.000, Length: 200, Loss: 12.9265, Entropy: 1.0775, Epsilon: 0.010
2026-04-19 12:40:06 | INFO | Episode 6392 - Reward: -200.000, Length: 200, Loss: 18.6796, Entropy: 1.0833, Epsilon: 0.010
2026-04-19 12:40:07 | INFO | Episode 6393 - Reward: -200.000, Length: 200, Loss: 19.0838, Entropy: 1.0827, Epsilon: 0.010
2026-04-19 12:40:07 | INFO | Episode 6394 - Reward: -200.000, Length: 200, Loss: 12.6083, Entropy: 1.0831, Epsilon: 0.010
2026-04-19 12:40:07 | INFO | Episode 6395 - Reward: -200.000, Length: 200, Loss: 9.4520, Entropy: 1.0810, Epsilon: 0.010
2026-04-19 12:40:08 | INFO | Episode 6396 - Reward: -200.000, Length: 200, Loss: 19.0231, Entropy: 1.0845, Epsilon: 0.010
2026-04-19 12:40:08 | INFO | Episode 6397 - Reward: -200.000, Length: 200, Loss: 25.3415, Entropy: 1.0537, Epsilon: 0.010
2026-04-19 12:40:08 | INFO | Episode 6398 - Reward: -200.000, Length: 200, Loss: 19.3794, Entropy: 1.0809, Epsilon: 0.010
2026-04-19 12:40:09 | INFO | Episode 6399 - Reward: -200.000, Length: 200, Loss: -0.1952, Entropy: 1.0872, Epsilon: 0.010
2026-04-19 12:40:09 | INFO | Episode 6400 - Reward: -200.000, Length: 200, Loss: 25.5806, Entropy: 1.0427, Epsilon: 0.010
2026-04-19 12:40:14 | INFO | [Episode 6400] eps=0.010  avg_reward=-200.000  avg_length=200.00  avg_loss= 15.2315  avg_entropy=1.0427  eval_success=0.000
2026-04-19 12:40:14 | INFO | Episode 6401 - Reward: -200.000, Length: 200, Loss: 29.2786, Entropy: 1.0638, Epsilon: 0.010
2026-04-19 12:40:15 | INFO | Episode 6402 - Reward: -200.000, Length: 200, Loss: 18.8766, Entropy: 1.0788, Epsilon: 0.010
2026-04-19 12:40:15 | INFO | Episode 6403 - Reward: -200.000, Length: 200, Loss: 9.3821, Entropy: 1.0748, Epsilon: 0.010
2026-04-19 12:40:15 | INFO | Episode 6404 - Reward: -200.000, Length: 200, Loss: 15.7102, Entropy: 1.0774, Epsilon: 0.010
2026-04-19 12:40:16 | INFO | Episode 6405 - Reward: -200.000, Length: 200, Loss: 9.0321, Entropy: 1.0676, Epsilon: 0.010
2026-04-19 12:40:16 | INFO | Episode 6406 - Reward: -200.000, Length: 200, Loss: 19.4044, Entropy: 1.0750, Epsilon: 0.010
2026-04-19 12:40:17 | INFO | Episode 6407 - Reward: -200.000, Length: 200, Loss: 16.0221, Entropy: 1.0785, Epsilon: 0.010
2026-04-19 12:40:17 | INFO | Episode 6408 - Reward: -200.000, Length: 200, Loss: 9.6146, Entropy: 1.0861, Epsilon: 0.010
2026-04-19 12:40:17 | INFO | Episode 6409 - Reward: -200.000, Length: 200, Loss: 19.1542, Entropy: 1.0848, Epsilon: 0.010
2026-04-19 12:40:18 | INFO | Episode 6410 - Reward: -200.000, Length: 200, Loss: 12.9016, Entropy: 1.0763, Epsilon: 0.010
2026-04-19 12:40:18 | INFO | Episode 6411 - Reward: -200.000, Length: 200, Loss: 12.8567, Entropy: 1.0768, Epsilon: 0.010
2026-04-19 12:40:18 | INFO | Episode 6412 - Reward: -200.000, Length: 200, Loss: 22.8746, Entropy: 1.0799, Epsilon: 0.010
2026-04-19 12:40:19 | INFO | Episode 6413 - Reward: -200.000, Length: 200, Loss: 22.6622, Entropy: 1.0782, Epsilon: 0.010
2026-04-19 12:40:19 | INFO | Episode 6414 - Reward: -200.000, Length: 200, Loss: 9.6602, Entropy: 1.0841, Epsilon: 0.010
2026-04-19 12:40:19 | INFO | Episode 6415 - Reward: -200.000, Length: 200, Loss: 19.9783, Entropy: 1.0746, Epsilon: 0.010
2026-04-19 12:40:20 | INFO | Episode 6416 - Reward: -200.000, Length: 200, Loss: 6.6637, Entropy: 1.0842, Epsilon: 0.010
2026-04-19 12:40:20 | INFO | Episode 6417 - Reward: -200.000, Length: 200, Loss: 9.9943, Entropy: 1.0743, Epsilon: 0.010
2026-04-19 12:40:21 | INFO | Episode 6418 - Reward: -200.000, Length: 200, Loss: 13.3580, Entropy: 1.0878, Epsilon: 0.010
2026-04-19 12:40:23 | INFO | Episode 6419 - Reward: -200.000, Length: 200, Loss: 29.9880, Entropy: 1.0853, Epsilon: 0.010
2026-04-19 12:40:24 | INFO | Episode 6420 - Reward: -200.000, Length: 200, Loss: 13.5495, Entropy: 1.0907, Epsilon: 0.010
2026-04-19 12:40:24 | INFO | Episode 6421 - Reward: -200.000, Length: 200, Loss: 29.2463, Entropy: 1.0785, Epsilon: 0.010
2026-04-19 12:40:24 | INFO | Episode 6422 - Reward: -200.000, Length: 200, Loss: 16.9096, Entropy: 1.0695, Epsilon: 0.010
2026-04-19 12:40:25 | INFO | Episode 6423 - Reward: -200.000, Length: 200, Loss: 26.1880, Entropy: 1.0775, Epsilon: 0.010
2026-04-19 12:40:25 | INFO | Episode 6424 - Reward: -200.000, Length: 200, Loss: 13.1006, Entropy: 1.0868, Epsilon: 0.010
2026-04-19 12:40:26 | INFO | Episode 6425 - Reward: -200.000, Length: 200, Loss: 13.2993, Entropy: 1.0810, Epsilon: 0.010
2026-04-19 12:40:26 | INFO | Episode 6426 - Reward: -200.000, Length: 200, Loss: 9.7135, Entropy: 1.0855, Epsilon: 0.010
2026-04-19 12:40:26 | INFO | Episode 6427 - Reward: -200.000, Length: 200, Loss: 25.9823, Entropy: 1.0526, Epsilon: 0.010
2026-04-19 12:40:27 | INFO | Episode 6428 - Reward: -200.000, Length: 200, Loss: 16.1676, Entropy: 1.0845, Epsilon: 0.010
2026-04-19 12:40:27 | INFO | Episode 6429 - Reward: -200.000, Length: 200, Loss: 30.0313, Entropy: 1.0630, Epsilon: 0.010
2026-04-19 12:40:27 | INFO | Episode 6430 - Reward: -200.000, Length: 200, Loss: 26.4034, Entropy: 1.0774, Epsilon: 0.010
2026-04-19 12:40:28 | INFO | Episode 6431 - Reward: -200.000, Length: 200, Loss: 23.3658, Entropy: 1.0681, Epsilon: 0.010
2026-04-19 12:40:28 | INFO | Episode 6432 - Reward: -200.000, Length: 200, Loss: 9.8714, Entropy: 1.0808, Epsilon: 0.010
2026-04-19 12:40:29 | INFO | Episode 6433 - Reward: -200.000, Length: 200, Loss: 19.7268, Entropy: 1.0793, Epsilon: 0.010
2026-04-19 12:40:29 | INFO | Episode 6434 - Reward: -200.000, Length: 200, Loss: 22.9253, Entropy: 1.0828, Epsilon: 0.010
2026-04-19 12:40:29 | INFO | Episode 6435 - Reward: -200.000, Length: 200, Loss: 26.1657, Entropy: 1.0639, Epsilon: 0.010
2026-04-19 12:40:30 | INFO | Episode 6436 - Reward: -200.000, Length: 200, Loss: 20.3070, Entropy: 1.0829, Epsilon: 0.010
2026-04-19 12:40:30 | INFO | Episode 6437 - Reward: -200.000, Length: 200, Loss: 20.2119, Entropy: 1.0697, Epsilon: 0.010
2026-04-19 12:40:30 | INFO | Episode 6438 - Reward: -200.000, Length: 200, Loss: 16.5236, Entropy: 1.0878, Epsilon: 0.010
2026-04-19 12:40:31 | INFO | Episode 6439 - Reward: -200.000, Length: 200, Loss: 12.6802, Entropy: 1.0754, Epsilon: 0.010
2026-04-19 12:40:31 | INFO | Episode 6440 - Reward: -200.000, Length: 200, Loss: 23.0067, Entropy: 1.0789, Epsilon: 0.010
2026-04-19 12:40:32 | INFO | Episode 6441 - Reward: -200.000, Length: 200, Loss: 6.4180, Entropy: 1.0820, Epsilon: 0.010
2026-04-19 12:40:32 | INFO | Episode 6442 - Reward: -200.000, Length: 200, Loss: 9.7361, Entropy: 1.0565, Epsilon: 0.010
2026-04-19 12:40:32 | INFO | Episode 6443 - Reward: -200.000, Length: 200, Loss: 25.4565, Entropy: 1.0842, Epsilon: 0.010
2026-04-19 12:40:33 | INFO | Episode 6444 - Reward: -200.000, Length: 200, Loss: 21.9425, Entropy: 1.0613, Epsilon: 0.010
2026-04-19 12:40:33 | INFO | Episode 6445 - Reward: -200.000, Length: 200, Loss: 12.6064, Entropy: 1.0820, Epsilon: 0.010
2026-04-19 12:40:33 | INFO | Episode 6446 - Reward: -200.000, Length: 200, Loss: 22.2073, Entropy: 1.0811, Epsilon: 0.010
2026-04-19 12:40:34 | INFO | Episode 6447 - Reward: -200.000, Length: 200, Loss: 31.3516, Entropy: 1.0602, Epsilon: 0.010
2026-04-19 12:40:34 | INFO | Episode 6448 - Reward: -200.000, Length: 200, Loss: 9.2612, Entropy: 1.0885, Epsilon: 0.010
2026-04-19 12:40:34 | INFO | Episode 6449 - Reward: -200.000, Length: 200, Loss: 9.4906, Entropy: 1.0870, Epsilon: 0.010
2026-04-19 12:40:35 | INFO | Episode 6450 - Reward: -200.000, Length: 200, Loss: 16.4508, Entropy: 1.0498, Epsilon: 0.010
2026-04-19 12:40:35 | INFO | Episode 6451 - Reward: -200.000, Length: 200, Loss: 25.6770, Entropy: 1.0796, Epsilon: 0.010
2026-04-19 12:40:36 | INFO | Episode 6452 - Reward: -200.000, Length: 200, Loss: 3.1426, Entropy: 1.0868, Epsilon: 0.010
2026-04-19 12:40:36 | INFO | Episode 6453 - Reward: -200.000, Length: 200, Loss: 2.9682, Entropy: 1.0897, Epsilon: 0.010
2026-04-19 12:40:36 | INFO | Episode 6454 - Reward: -200.000, Length: 200, Loss: 22.6596, Entropy: 1.0731, Epsilon: 0.010
2026-04-19 12:40:37 | INFO | Episode 6455 - Reward: -200.000, Length: 200, Loss: 23.0764, Entropy: 1.0813, Epsilon: 0.010
2026-04-19 12:40:37 | INFO | Episode 6456 - Reward: -200.000, Length: 200, Loss: 6.4967, Entropy: 1.0764, Epsilon: 0.010
2026-04-19 12:40:37 | INFO | Episode 6457 - Reward: -200.000, Length: 200, Loss: 26.5713, Entropy: 1.0427, Epsilon: 0.010
2026-04-19 12:40:38 | INFO | Episode 6458 - Reward: -200.000, Length: 200, Loss: 16.6356, Entropy: 1.0682, Epsilon: 0.010
2026-04-19 12:40:38 | INFO | Episode 6459 - Reward: -200.000, Length: 200, Loss: 12.8716, Entropy: 1.0859, Epsilon: 0.010
2026-04-19 12:40:39 | INFO | Episode 6460 - Reward: -200.000, Length: 200, Loss: 15.9094, Entropy: 1.0806, Epsilon: 0.010
2026-04-19 12:40:39 | INFO | Episode 6461 - Reward: -200.000, Length: 200, Loss: 13.1556, Entropy: 1.0876, Epsilon: 0.010
2026-04-19 12:40:39 | INFO | Episode 6462 - Reward: -200.000, Length: 200, Loss: 13.0046, Entropy: 1.0857, Epsilon: 0.010
2026-04-19 12:40:40 | INFO | Episode 6463 - Reward: -200.000, Length: 200, Loss: 12.7168, Entropy: 1.0793, Epsilon: 0.010
2026-04-19 12:40:40 | INFO | Episode 6464 - Reward: -200.000, Length: 200, Loss: 22.4556, Entropy: 1.0866, Epsilon: 0.010
2026-04-19 12:40:40 | INFO | Episode 6465 - Reward: -200.000, Length: 200, Loss: 3.0349, Entropy: 1.0904, Epsilon: 0.010
2026-04-19 12:40:41 | INFO | Episode 6466 - Reward: -200.000, Length: 200, Loss: 19.3507, Entropy: 1.0872, Epsilon: 0.010
2026-04-19 12:40:41 | INFO | Episode 6467 - Reward: -200.000, Length: 200, Loss: 12.4667, Entropy: 1.0860, Epsilon: 0.010
2026-04-19 12:40:42 | INFO | Episode 6468 - Reward: -200.000, Length: 200, Loss: 16.0858, Entropy: 1.0802, Epsilon: 0.010
2026-04-19 12:40:42 | INFO | Episode 6469 - Reward: -200.000, Length: 200, Loss: 12.8196, Entropy: 1.0805, Epsilon: 0.010
2026-04-19 12:40:42 | INFO | Episode 6470 - Reward: -200.000, Length: 200, Loss: 15.9567, Entropy: 1.0816, Epsilon: 0.010
2026-04-19 12:40:43 | INFO | Episode 6471 - Reward: -200.000, Length: 200, Loss: 13.0152, Entropy: 1.0870, Epsilon: 0.010
2026-04-19 12:40:43 | INFO | Episode 6472 - Reward: -200.000, Length: 200, Loss: 9.6660, Entropy: 1.0889, Epsilon: 0.010
2026-04-19 12:40:43 | INFO | Episode 6473 - Reward: -200.000, Length: 200, Loss: 19.7248, Entropy: 1.0850, Epsilon: 0.010
2026-04-19 12:40:44 | INFO | Episode 6474 - Reward: -200.000, Length: 200, Loss: 13.3172, Entropy: 1.0830, Epsilon: 0.010
2026-04-19 12:40:44 | INFO | Episode 6475 - Reward: -200.000, Length: 200, Loss: 16.7779, Entropy: 1.0742, Epsilon: 0.010
2026-04-19 12:40:44 | INFO | Episode 6476 - Reward: -200.000, Length: 200, Loss: 19.8288, Entropy: 1.0806, Epsilon: 0.010
2026-04-19 12:40:45 | INFO | Episode 6477 - Reward: -200.000, Length: 200, Loss: 19.6652, Entropy: 1.0585, Epsilon: 0.010
2026-04-19 12:40:45 | INFO | Episode 6478 - Reward: -200.000, Length: 200, Loss: 6.5141, Entropy: 1.0886, Epsilon: 0.010
2026-04-19 12:40:46 | INFO | Episode 6479 - Reward: -200.000, Length: 200, Loss: 16.7220, Entropy: 1.0850, Epsilon: 0.010
2026-04-19 12:40:46 | INFO | Episode 6480 - Reward: -200.000, Length: 200, Loss: 13.3610, Entropy: 1.0856, Epsilon: 0.010
2026-04-19 12:40:46 | INFO | Episode 6481 - Reward: -200.000, Length: 200, Loss: 10.2447, Entropy: 1.0865, Epsilon: 0.010
2026-04-19 12:40:47 | INFO | Episode 6482 - Reward: -200.000, Length: 200, Loss: 26.9000, Entropy: 1.0707, Epsilon: 0.010
2026-04-19 12:40:47 | INFO | Episode 6483 - Reward: -200.000, Length: 200, Loss: 20.6051, Entropy: 1.0640, Epsilon: 0.010
2026-04-19 12:40:47 | INFO | Episode 6484 - Reward: -200.000, Length: 200, Loss: 9.9793, Entropy: 1.0730, Epsilon: 0.010
2026-04-19 12:40:48 | INFO | Episode 6485 - Reward: -200.000, Length: 200, Loss: 10.2521, Entropy: 1.0877, Epsilon: 0.010
2026-04-19 12:40:48 | INFO | Episode 6486 - Reward: -200.000, Length: 200, Loss: 10.3922, Entropy: 1.0731, Epsilon: 0.010
2026-04-19 12:40:49 | INFO | Episode 6487 - Reward: -200.000, Length: 200, Loss: 20.4065, Entropy: 1.0625, Epsilon: 0.010
2026-04-19 12:40:49 | INFO | Episode 6488 - Reward: -200.000, Length: 200, Loss: 16.6017, Entropy: 1.0795, Epsilon: 0.010
2026-04-19 12:40:49 | INFO | Episode 6489 - Reward: -200.000, Length: 200, Loss: 13.4173, Entropy: 1.0837, Epsilon: 0.010
2026-04-19 12:40:50 | INFO | Episode 6490 - Reward: -200.000, Length: 200, Loss: 13.1577, Entropy: 1.0852, Epsilon: 0.010
2026-04-19 12:40:50 | INFO | Episode 6491 - Reward: -200.000, Length: 200, Loss: 20.1924, Entropy: 1.0810, Epsilon: 0.010
2026-04-19 12:40:50 | INFO | Episode 6492 - Reward: -200.000, Length: 200, Loss: 26.9808, Entropy: 1.0818, Epsilon: 0.010
2026-04-19 12:40:51 | INFO | Episode 6493 - Reward: -200.000, Length: 200, Loss: 10.0928, Entropy: 1.0862, Epsilon: 0.010
2026-04-19 12:40:51 | INFO | Episode 6494 - Reward: -200.000, Length: 200, Loss: 17.1925, Entropy: 1.0892, Epsilon: 0.010
2026-04-19 12:40:51 | INFO | Episode 6495 - Reward: -200.000, Length: 200, Loss: 20.8695, Entropy: 1.0654, Epsilon: 0.010
2026-04-19 12:40:52 | INFO | Episode 6496 - Reward: -200.000, Length: 200, Loss: -0.1872, Entropy: 1.0877, Epsilon: 0.010
2026-04-19 12:40:52 | INFO | Episode 6497 - Reward: -200.000, Length: 200, Loss: 16.4338, Entropy: 1.0726, Epsilon: 0.010
2026-04-19 12:40:53 | INFO | Episode 6498 - Reward: -200.000, Length: 200, Loss: 20.2026, Entropy: 1.0417, Epsilon: 0.010
2026-04-19 12:40:53 | INFO | Episode 6499 - Reward: -200.000, Length: 200, Loss: 19.8651, Entropy: 1.0786, Epsilon: 0.010
2026-04-19 12:40:53 | INFO | Episode 6500 - Reward: -200.000, Length: 200, Loss: 23.4194, Entropy: 1.0820, Epsilon: 0.010
2026-04-19 12:40:59 | INFO | [Episode 6500] eps=0.010  avg_reward=-200.000  avg_length=200.00  avg_loss= 16.6037  avg_entropy=1.0820  eval_success=0.000
2026-04-19 12:40:59 | INFO | Episode 6501 - Reward: -200.000, Length: 200, Loss: 16.7553, Entropy: 1.0755, Epsilon: 0.010
2026-04-19 12:40:59 | INFO | Episode 6502 - Reward: -200.000, Length: 200, Loss: 10.0923, Entropy: 1.0702, Epsilon: 0.010
2026-04-19 12:41:00 | INFO | Episode 6503 - Reward: -200.000, Length: 200, Loss: 16.6528, Entropy: 1.0726, Epsilon: 0.010
2026-04-19 12:41:00 | INFO | Episode 6504 - Reward: -200.000, Length: 200, Loss: 20.8585, Entropy: 1.0675, Epsilon: 0.010
2026-04-19 12:41:01 | INFO | Episode 6505 - Reward: -200.000, Length: 200, Loss: 26.7252, Entropy: 1.0744, Epsilon: 0.010
2026-04-19 12:41:01 | INFO | Episode 6506 - Reward: -200.000, Length: 200, Loss: 20.2626, Entropy: 1.0840, Epsilon: 0.010
2026-04-19 12:41:01 | INFO | Episode 6507 - Reward: -200.000, Length: 200, Loss: 23.4943, Entropy: 1.0283, Epsilon: 0.010
2026-04-19 12:41:02 | INFO | Episode 6508 - Reward: -200.000, Length: 200, Loss: 30.3896, Entropy: 1.0760, Epsilon: 0.010
2026-04-19 12:41:02 | INFO | Episode 6509 - Reward: -200.000, Length: 200, Loss: 20.1279, Entropy: 1.0751, Epsilon: 0.010
2026-04-19 12:41:02 | INFO | Episode 6510 - Reward: -200.000, Length: 200, Loss: 17.1578, Entropy: 1.0747, Epsilon: 0.010
2026-04-19 12:41:03 | INFO | Episode 6511 - Reward: -200.000, Length: 200, Loss: 13.5860, Entropy: 1.0696, Epsilon: 0.010
2026-04-19 12:41:03 | INFO | Episode 6512 - Reward: -200.000, Length: 200, Loss: 10.5295, Entropy: 1.0845, Epsilon: 0.010
2026-04-19 12:41:03 | INFO | Episode 6513 - Reward: -200.000, Length: 200, Loss: 10.4376, Entropy: 1.0870, Epsilon: 0.010
2026-04-19 12:41:04 | INFO | Episode 6514 - Reward: -200.000, Length: 200, Loss: 27.6676, Entropy: 1.0836, Epsilon: 0.010
2026-04-19 12:41:04 | INFO | Episode 6515 - Reward: -200.000, Length: 200, Loss: 13.8897, Entropy: 1.0887, Epsilon: 0.010
2026-04-19 12:41:05 | INFO | Episode 6516 - Reward: -200.000, Length: 200, Loss: 6.6915, Entropy: 1.0893, Epsilon: 0.010
2026-04-19 12:41:05 | INFO | Episode 6517 - Reward: -200.000, Length: 200, Loss: 6.9330, Entropy: 1.0889, Epsilon: 0.010
2026-04-19 12:41:05 | INFO | Episode 6518 - Reward: -200.000, Length: 200, Loss: 6.9770, Entropy: 1.0780, Epsilon: 0.010
2026-04-19 12:41:06 | INFO | Episode 6519 - Reward: -200.000, Length: 200, Loss: 13.7351, Entropy: 1.0795, Epsilon: 0.010
2026-04-19 12:41:06 | INFO | Episode 6520 - Reward: -200.000, Length: 200, Loss: 34.7968, Entropy: 1.0293, Epsilon: 0.010
2026-04-19 12:41:06 | INFO | Episode 6521 - Reward: -200.000, Length: 200, Loss: 16.9650, Entropy: 1.0852, Epsilon: 0.010
2026-04-19 12:41:07 | INFO | Episode 6522 - Reward: -200.000, Length: 200, Loss: -0.1820, Entropy: 1.0887, Epsilon: 0.010
2026-04-19 12:41:07 | INFO | Episode 6523 - Reward: -200.000, Length: 200, Loss: 27.3485, Entropy: 1.0596, Epsilon: 0.010
2026-04-19 12:41:08 | INFO | Episode 6524 - Reward: -200.000, Length: 200, Loss: 13.6960, Entropy: 1.0500, Epsilon: 0.010
2026-04-19 12:41:08 | INFO | Episode 6525 - Reward: -200.000, Length: 200, Loss: 9.7223, Entropy: 1.0810, Epsilon: 0.010
2026-04-19 12:41:08 | INFO | Episode 6526 - Reward: -200.000, Length: 200, Loss: 3.2470, Entropy: 1.0903, Epsilon: 0.010
2026-04-19 12:41:09 | INFO | Episode 6527 - Reward: -200.000, Length: 200, Loss: 16.5116, Entropy: 1.0292, Epsilon: 0.010
2026-04-19 12:41:09 | INFO | Episode 6528 - Reward: -200.000, Length: 200, Loss: 19.5185, Entropy: 1.0785, Epsilon: 0.010
2026-04-19 12:41:09 | INFO | Episode 6529 - Reward: -200.000, Length: 200, Loss: 30.3939, Entropy: 1.0588, Epsilon: 0.010
2026-04-19 12:41:10 | INFO | Episode 6530 - Reward: -200.000, Length: 200, Loss: 30.0801, Entropy: 1.0758, Epsilon: 0.010
2026-04-19 12:41:10 | INFO | Episode 6531 - Reward: -200.000, Length: 200, Loss: 12.5795, Entropy: 1.0837, Epsilon: 0.010
2026-04-19 12:41:11 | INFO | Episode 6532 - Reward: -200.000, Length: 200, Loss: 25.6422, Entropy: 1.0584, Epsilon: 0.010
2026-04-19 12:41:11 | INFO | Episode 6533 - Reward: -200.000, Length: 200, Loss: 16.2820, Entropy: 1.0767, Epsilon: 0.010
2026-04-19 12:41:11 | INFO | Episode 6534 - Reward: -200.000, Length: 200, Loss: 9.8279, Entropy: 1.0884, Epsilon: 0.010
2026-04-19 12:41:12 | INFO | Episode 6535 - Reward: -200.000, Length: 200, Loss: 16.3499, Entropy: 1.0794, Epsilon: 0.010
2026-04-19 12:41:12 | INFO | Episode 6536 - Reward: -200.000, Length: 200, Loss: 12.6968, Entropy: 1.0795, Epsilon: 0.010
2026-04-19 12:41:12 | INFO | Episode 6537 - Reward: -200.000, Length: 200, Loss: 15.8877, Entropy: 1.0816, Epsilon: 0.010
2026-04-19 12:41:13 | INFO | Episode 6538 - Reward: -200.000, Length: 200, Loss: 21.9052, Entropy: 1.0651, Epsilon: 0.010
2026-04-19 12:41:13 | INFO | Episode 6539 - Reward: -200.000, Length: 200, Loss: 25.1791, Entropy: 1.0559, Epsilon: 0.010
2026-04-19 12:41:14 | INFO | Episode 6540 - Reward: -200.000, Length: 200, Loss: 15.8159, Entropy: 1.0825, Epsilon: 0.010
2026-04-19 12:41:14 | INFO | Episode 6541 - Reward: -200.000, Length: 200, Loss: 19.3443, Entropy: 1.0762, Epsilon: 0.010
2026-04-19 12:41:14 | INFO | Episode 6542 - Reward: -200.000, Length: 200, Loss: 16.0992, Entropy: 1.0751, Epsilon: 0.010
2026-04-19 12:41:15 | INFO | Episode 6543 - Reward: -200.000, Length: 200, Loss: 6.2789, Entropy: 1.0833, Epsilon: 0.010
2026-04-19 12:41:15 | INFO | Episode 6544 - Reward: -200.000, Length: 200, Loss: 16.1200, Entropy: 1.0796, Epsilon: 0.010
2026-04-19 12:41:15 | INFO | Episode 6545 - Reward: -200.000, Length: 200, Loss: 12.5609, Entropy: 1.0876, Epsilon: 0.010
2026-04-19 12:41:16 | INFO | Episode 6546 - Reward: -200.000, Length: 200, Loss: 9.4254, Entropy: 1.0843, Epsilon: 0.010
2026-04-19 12:41:16 | INFO | Episode 6547 - Reward: -200.000, Length: 200, Loss: 9.4664, Entropy: 1.0862, Epsilon: 0.010
2026-04-19 12:41:16 | INFO | Episode 6548 - Reward: -200.000, Length: 200, Loss: 22.1779, Entropy: 1.0845, Epsilon: 0.010
2026-04-19 12:41:17 | INFO | Episode 6549 - Reward: -200.000, Length: 200, Loss: 18.4850, Entropy: 1.0787, Epsilon: 0.010
2026-04-19 12:41:17 | INFO | Episode 6550 - Reward: -200.000, Length: 200, Loss: 12.1331, Entropy: 1.0839, Epsilon: 0.010
2026-04-19 12:41:18 | INFO | Episode 6551 - Reward: -200.000, Length: 200, Loss: 25.4105, Entropy: 1.0693, Epsilon: 0.010
2026-04-19 12:41:18 | INFO | Episode 6552 - Reward: -200.000, Length: 200, Loss: 3.0078, Entropy: 1.0912, Epsilon: 0.010
2026-04-19 12:41:18 | INFO | Episode 6553 - Reward: -200.000, Length: 200, Loss: 9.5260, Entropy: 1.0814, Epsilon: 0.010
2026-04-19 12:41:19 | INFO | Episode 6554 - Reward: -200.000, Length: 200, Loss: 16.0015, Entropy: 1.0799, Epsilon: 0.010
2026-04-19 12:41:19 | INFO | Episode 6555 - Reward: -200.000, Length: 200, Loss: 18.8003, Entropy: 1.0835, Epsilon: 0.010
2026-04-19 12:41:19 | INFO | Episode 6556 - Reward: -200.000, Length: 200, Loss: 6.0362, Entropy: 1.0901, Epsilon: 0.010
2026-04-19 12:41:20 | INFO | Episode 6557 - Reward: -200.000, Length: 200, Loss: 9.2753, Entropy: 1.0916, Epsilon: 0.010
2026-04-19 12:41:20 | INFO | Episode 6558 - Reward: -200.000, Length: 200, Loss: 15.5438, Entropy: 1.0733, Epsilon: 0.010
2026-04-19 12:41:21 | INFO | Episode 6559 - Reward: -200.000, Length: 200, Loss: 9.4468, Entropy: 1.0683, Epsilon: 0.010
2026-04-19 12:41:21 | INFO | Episode 6560 - Reward: -200.000, Length: 200, Loss: 18.6753, Entropy: 1.0743, Epsilon: 0.010
2026-04-19 12:41:21 | INFO | Episode 6561 - Reward: -200.000, Length: 200, Loss: 12.1814, Entropy: 1.0549, Epsilon: 0.010
2026-04-19 12:41:22 | INFO | Episode 6562 - Reward: -200.000, Length: 200, Loss: 15.6195, Entropy: 1.0759, Epsilon: 0.010
2026-04-19 12:41:22 | INFO | Episode 6563 - Reward: -200.000, Length: 200, Loss: 15.3489, Entropy: 1.0828, Epsilon: 0.010
2026-04-19 12:41:22 | INFO | Episode 6564 - Reward: -200.000, Length: 200, Loss: 15.2917, Entropy: 1.0628, Epsilon: 0.010
2026-04-19 12:41:23 | INFO | Episode 6565 - Reward: -200.000, Length: 200, Loss: 21.4952, Entropy: 1.0586, Epsilon: 0.010
2026-04-19 12:41:23 | INFO | Episode 6566 - Reward: -200.000, Length: 200, Loss: 17.8954, Entropy: 1.0809, Epsilon: 0.010
2026-04-19 12:41:24 | INFO | Episode 6567 - Reward: -200.000, Length: 200, Loss: 12.1099, Entropy: 1.0747, Epsilon: 0.010
2026-04-19 12:41:24 | INFO | Episode 6568 - Reward: -200.000, Length: 200, Loss: 9.1854, Entropy: 1.0540, Epsilon: 0.010
2026-04-19 12:41:24 | INFO | Episode 6569 - Reward: -200.000, Length: 200, Loss: 18.1159, Entropy: 1.0777, Epsilon: 0.010
2026-04-19 12:41:25 | INFO | Episode 6570 - Reward: -200.000, Length: 200, Loss: 9.1986, Entropy: 1.0835, Epsilon: 0.010
2026-04-19 12:41:25 | INFO | Episode 6571 - Reward: -200.000, Length: 200, Loss: 12.1911, Entropy: 1.0869, Epsilon: 0.010
2026-04-19 12:41:25 | INFO | Episode 6572 - Reward: -200.000, Length: 200, Loss: 9.3887, Entropy: 1.0839, Epsilon: 0.010
2026-04-19 12:41:26 | INFO | Episode 6573 - Reward: -200.000, Length: 200, Loss: 12.4715, Entropy: 1.0760, Epsilon: 0.010
2026-04-19 12:41:26 | INFO | Episode 6574 - Reward: -200.000, Length: 200, Loss: 18.5715, Entropy: 1.0829, Epsilon: 0.010
2026-04-19 12:41:26 | INFO | Episode 6575 - Reward: -200.000, Length: 200, Loss: 18.7433, Entropy: 1.0733, Epsilon: 0.010
2026-04-19 12:41:27 | INFO | Episode 6576 - Reward: -200.000, Length: 200, Loss: 18.6673, Entropy: 1.0733, Epsilon: 0.010
2026-04-19 12:41:27 | INFO | Episode 6577 - Reward: -200.000, Length: 200, Loss: 21.5576, Entropy: 1.0857, Epsilon: 0.010
2026-04-19 12:41:28 | INFO | Episode 6578 - Reward: -200.000, Length: 200, Loss: 15.4553, Entropy: 1.0889, Epsilon: 0.010
2026-04-19 12:41:28 | INFO | Episode 6579 - Reward: -200.000, Length: 200, Loss: 16.0257, Entropy: 1.0721, Epsilon: 0.010
2026-04-19 12:41:28 | INFO | Episode 6580 - Reward: -200.000, Length: 200, Loss: 22.2119, Entropy: 1.0576, Epsilon: 0.010
2026-04-19 12:41:29 | INFO | Episode 6581 - Reward: -200.000, Length: 200, Loss: 22.1822, Entropy: 1.0525, Epsilon: 0.010
2026-04-19 12:41:30 | INFO | Episode 6582 - Reward: -200.000, Length: 200, Loss: 28.6195, Entropy: 1.0609, Epsilon: 0.010
2026-04-19 12:41:30 | INFO | Episode 6583 - Reward: -200.000, Length: 200, Loss: 9.5641, Entropy: 1.0824, Epsilon: 0.010
2026-04-19 12:41:30 | INFO | Episode 6584 - Reward: -200.000, Length: 200, Loss: 16.3912, Entropy: 1.0845, Epsilon: 0.010
2026-04-19 12:41:31 | INFO | Episode 6585 - Reward: -200.000, Length: 200, Loss: 32.0127, Entropy: 1.0773, Epsilon: 0.010
2026-04-19 12:41:31 | INFO | Episode 6586 - Reward: -200.000, Length: 200, Loss: 12.9291, Entropy: 1.0808, Epsilon: 0.010
2026-04-19 12:41:31 | INFO | Episode 6587 - Reward: -200.000, Length: 200, Loss: 6.5935, Entropy: 1.0859, Epsilon: 0.010
2026-04-19 12:41:32 | INFO | Episode 6588 - Reward: -200.000, Length: 200, Loss: 22.9083, Entropy: 1.0734, Epsilon: 0.010
2026-04-19 12:41:32 | INFO | Episode 6589 - Reward: -200.000, Length: 200, Loss: 19.6507, Entropy: 1.0610, Epsilon: 0.010
2026-04-19 12:41:33 | INFO | Episode 6590 - Reward: -200.000, Length: 200, Loss: 12.8447, Entropy: 1.0708, Epsilon: 0.010
2026-04-19 12:41:33 | INFO | Episode 6591 - Reward: -200.000, Length: 200, Loss: 19.3806, Entropy: 1.0757, Epsilon: 0.010
2026-04-19 12:41:33 | INFO | Episode 6592 - Reward: -200.000, Length: 200, Loss: 13.0708, Entropy: 1.0898, Epsilon: 0.010
2026-04-19 12:41:34 | INFO | Episode 6593 - Reward: -200.000, Length: 200, Loss: 13.0766, Entropy: 1.0817, Epsilon: 0.010
2026-04-19 12:41:34 | INFO | Episode 6594 - Reward: -200.000, Length: 200, Loss: 23.2597, Entropy: 1.0884, Epsilon: 0.010
2026-04-19 12:41:34 | INFO | Episode 6595 - Reward: -200.000, Length: 200, Loss: 19.3907, Entropy: 1.0653, Epsilon: 0.010
2026-04-19 12:41:35 | INFO | Episode 6596 - Reward: -200.000, Length: 200, Loss: 22.7089, Entropy: 1.0811, Epsilon: 0.010
2026-04-19 12:41:35 | INFO | Episode 6597 - Reward: -200.000, Length: 200, Loss: 22.7882, Entropy: 1.0691, Epsilon: 0.010
2026-04-19 12:41:36 | INFO | Episode 6598 - Reward: -200.000, Length: 200, Loss: 39.3969, Entropy: 1.0600, Epsilon: 0.010
2026-04-19 12:41:36 | INFO | Episode 6599 - Reward: -200.000, Length: 200, Loss: 12.7229, Entropy: 1.0375, Epsilon: 0.010
2026-04-19 12:41:36 | INFO | Episode 6600 - Reward: -200.000, Length: 200, Loss: 31.0483, Entropy: 1.0745, Epsilon: 0.010
2026-04-19 12:41:41 | INFO | [Episode 6600] eps=0.010  avg_reward=-200.000  avg_length=200.00  avg_loss= 16.7331  avg_entropy=1.0745  eval_success=0.000
2026-04-19 12:41:42 | INFO | Episode 6601 - Reward: -200.000, Length: 200, Loss: 12.5408, Entropy: 1.0841, Epsilon: 0.010
2026-04-19 12:41:42 | INFO | Episode 6602 - Reward: -200.000, Length: 200, Loss: 18.6032, Entropy: 1.0885, Epsilon: 0.010
2026-04-19 12:41:42 | INFO | Episode 6603 - Reward: -200.000, Length: 200, Loss: 18.9143, Entropy: 1.0799, Epsilon: 0.010
2026-04-19 12:41:43 | INFO | Episode 6604 - Reward: -200.000, Length: 200, Loss: 27.7538, Entropy: 1.0772, Epsilon: 0.010
2026-04-19 12:41:43 | INFO | Episode 6605 - Reward: -200.000, Length: 200, Loss: 33.5440, Entropy: 1.0748, Epsilon: 0.010
2026-04-19 12:41:43 | INFO | Episode 6606 - Reward: -200.000, Length: 200, Loss: 17.7686, Entropy: 1.0705, Epsilon: 0.010
2026-04-19 12:41:44 | INFO | Episode 6607 - Reward: -200.000, Length: 200, Loss: 24.1369, Entropy: 1.0768, Epsilon: 0.010
2026-04-19 12:41:44 | INFO | Episode 6608 - Reward: -200.000, Length: 200, Loss: 20.6530, Entropy: 1.0622, Epsilon: 0.010
2026-04-19 12:41:45 | INFO | Episode 6609 - Reward: -200.000, Length: 200, Loss: 23.7500, Entropy: 1.0575, Epsilon: 0.010
2026-04-19 12:41:45 | INFO | Episode 6610 - Reward: -200.000, Length: 200, Loss: 8.7476, Entropy: 1.0868, Epsilon: 0.010
2026-04-19 12:41:45 | INFO | Episode 6611 - Reward: -200.000, Length: 200, Loss: 11.8635, Entropy: 1.0860, Epsilon: 0.010
2026-04-19 12:41:46 | INFO | Episode 6612 - Reward: -200.000, Length: 200, Loss: 17.7601, Entropy: 1.0618, Epsilon: 0.010
2026-04-19 12:41:46 | INFO | Episode 6613 - Reward: -200.000, Length: 200, Loss: 20.7686, Entropy: 1.0844, Epsilon: 0.010
2026-04-19 12:41:46 | INFO | Episode 6614 - Reward: -200.000, Length: 200, Loss: 15.0502, Entropy: 1.0783, Epsilon: 0.010
2026-04-19 12:41:47 | INFO | Episode 6615 - Reward: -200.000, Length: 200, Loss: 15.0634, Entropy: 1.0816, Epsilon: 0.010
2026-04-19 12:41:47 | INFO | Episode 6616 - Reward: -200.000, Length: 200, Loss: 11.7265, Entropy: 1.0821, Epsilon: 0.010
2026-04-19 12:41:47 | INFO | Episode 6617 - Reward: -200.000, Length: 200, Loss: 17.7347, Entropy: 1.0835, Epsilon: 0.010
2026-04-19 12:41:48 | INFO | Episode 6618 - Reward: -200.000, Length: 200, Loss: 11.9082, Entropy: 1.0875, Epsilon: 0.010
2026-04-19 12:41:48 | INFO | Episode 6619 - Reward: -200.000, Length: 200, Loss: 26.1166, Entropy: 1.0772, Epsilon: 0.010
2026-04-19 12:41:49 | INFO | Episode 6620 - Reward: -200.000, Length: 200, Loss: 17.5558, Entropy: 1.0778, Epsilon: 0.010
2026-04-19 12:41:49 | INFO | Episode 6621 - Reward: -200.000, Length: 200, Loss: 11.5002, Entropy: 1.0839, Epsilon: 0.010
2026-04-19 12:41:49 | INFO | Episode 6622 - Reward: -200.000, Length: 200, Loss: 8.5615, Entropy: 1.0858, Epsilon: 0.010
2026-04-19 12:41:50 | INFO | Episode 6623 - Reward: -200.000, Length: 200, Loss: 5.6840, Entropy: 1.0885, Epsilon: 0.010
2026-04-19 12:41:50 | INFO | Episode 6624 - Reward: -200.000, Length: 200, Loss: 11.6029, Entropy: 1.0849, Epsilon: 0.010
2026-04-19 12:41:50 | INFO | Episode 6625 - Reward: -200.000, Length: 200, Loss: 11.1979, Entropy: 1.0831, Epsilon: 0.010
2026-04-19 12:41:51 | INFO | Episode 6626 - Reward: -200.000, Length: 200, Loss: 11.9933, Entropy: 1.0822, Epsilon: 0.010
2026-04-19 12:41:51 | INFO | Episode 6627 - Reward: -200.000, Length: 200, Loss: 20.2137, Entropy: 1.0706, Epsilon: 0.010
2026-04-19 12:41:51 | INFO | Episode 6628 - Reward: -200.000, Length: 200, Loss: 17.5577, Entropy: 1.0647, Epsilon: 0.010
2026-04-19 12:41:52 | INFO | Episode 6629 - Reward: -200.000, Length: 200, Loss: 17.7183, Entropy: 1.0786, Epsilon: 0.010
2026-04-19 12:41:52 | INFO | Episode 6630 - Reward: -200.000, Length: 200, Loss: 17.7093, Entropy: 1.0854, Epsilon: 0.010
2026-04-19 12:41:53 | INFO | Episode 6631 - Reward: -200.000, Length: 200, Loss: 23.9509, Entropy: 1.0202, Epsilon: 0.010
2026-04-19 12:41:53 | INFO | Episode 6632 - Reward: -200.000, Length: 200, Loss: 11.9731, Entropy: 1.0734, Epsilon: 0.010
2026-04-19 12:41:53 | INFO | Episode 6633 - Reward: -200.000, Length: 200, Loss: 11.6679, Entropy: 1.0894, Epsilon: 0.010
2026-04-19 12:41:54 | INFO | Episode 6634 - Reward: -200.000, Length: 200, Loss: 5.9532, Entropy: 1.0905, Epsilon: 0.010
2026-04-19 12:41:54 | INFO | Episode 6635 - Reward: -200.000, Length: 200, Loss: 15.0321, Entropy: 1.0906, Epsilon: 0.010
2026-04-19 12:41:54 | INFO | Episode 6636 - Reward: -200.000, Length: 200, Loss: 18.4752, Entropy: 1.0741, Epsilon: 0.010
2026-04-19 12:41:55 | INFO | Episode 6637 - Reward: -200.000, Length: 200, Loss: 15.4671, Entropy: 1.0400, Epsilon: 0.010
2026-04-19 12:41:55 | INFO | Episode 6638 - Reward: -200.000, Length: 200, Loss: 2.8324, Entropy: 1.0859, Epsilon: 0.010
2026-04-19 12:41:56 | INFO | Episode 6639 - Reward: -200.000, Length: 200, Loss: 12.1098, Entropy: 1.0890, Epsilon: 0.010
2026-04-19 12:41:56 | INFO | Episode 6640 - Reward: -200.000, Length: 200, Loss: 6.0446, Entropy: 1.0907, Epsilon: 0.010
2026-04-19 12:41:56 | INFO | Episode 6641 - Reward: -200.000, Length: 200, Loss: 22.0440, Entropy: 1.0821, Epsilon: 0.010
2026-04-19 12:41:57 | INFO | Episode 6642 - Reward: -200.000, Length: 200, Loss: 21.9133, Entropy: 1.0747, Epsilon: 0.010
2026-04-19 12:41:57 | INFO | Episode 6643 - Reward: -200.000, Length: 200, Loss: 15.4220, Entropy: 1.0859, Epsilon: 0.010
2026-04-19 12:41:57 | INFO | Episode 6644 - Reward: -200.000, Length: 200, Loss: 28.6261, Entropy: 1.0860, Epsilon: 0.010
2026-04-19 12:41:58 | INFO | Episode 6645 - Reward: -200.000, Length: 200, Loss: 12.1746, Entropy: 1.0827, Epsilon: 0.010
2026-04-19 12:41:58 | INFO | Episode 6646 - Reward: -200.000, Length: 200, Loss: 12.4785, Entropy: 1.0811, Epsilon: 0.010
2026-04-19 12:41:59 | INFO | Episode 6647 - Reward: -200.000, Length: 200, Loss: 15.7555, Entropy: 1.0815, Epsilon: 0.010
2026-04-19 12:41:59 | INFO | Episode 6648 - Reward: -200.000, Length: 200, Loss: 18.5229, Entropy: 1.0885, Epsilon: 0.010
2026-04-19 12:41:59 | INFO | Episode 6649 - Reward: -200.000, Length: 200, Loss: 2.8255, Entropy: 1.0906, Epsilon: 0.010
2026-04-19 12:42:00 | INFO | Episode 6650 - Reward: -200.000, Length: 200, Loss: 19.1111, Entropy: 1.0656, Epsilon: 0.010
2026-04-19 12:42:00 | INFO | Episode 6651 - Reward: -200.000, Length: 200, Loss: 19.1139, Entropy: 1.0813, Epsilon: 0.010
2026-04-19 12:42:00 | INFO | Episode 6652 - Reward: -200.000, Length: 200, Loss: 9.2491, Entropy: 1.0828, Epsilon: 0.010
2026-04-19 12:42:01 | INFO | Episode 6653 - Reward: -200.000, Length: 200, Loss: 12.6109, Entropy: 1.0722, Epsilon: 0.010
2026-04-19 12:42:01 | INFO | Episode 6654 - Reward: -200.000, Length: 200, Loss: 9.3280, Entropy: 1.0853, Epsilon: 0.010
2026-04-19 12:42:01 | INFO | Episode 6655 - Reward: -200.000, Length: 200, Loss: 22.5238, Entropy: 1.0840, Epsilon: 0.010
2026-04-19 12:42:02 | INFO | Episode 6656 - Reward: -200.000, Length: 200, Loss: 15.8870, Entropy: 1.0584, Epsilon: 0.010
2026-04-19 12:42:03 | INFO | Episode 6657 - Reward: -200.000, Length: 200, Loss: 15.4497, Entropy: 1.0701, Epsilon: 0.010
2026-04-19 12:42:03 | INFO | Episode 6658 - Reward: -200.000, Length: 200, Loss: 6.1255, Entropy: 1.0876, Epsilon: 0.010
2026-04-19 12:42:04 | INFO | Episode 6659 - Reward: -200.000, Length: 200, Loss: 15.9331, Entropy: 1.0592, Epsilon: 0.010
2026-04-19 12:42:04 | INFO | Episode 6660 - Reward: -200.000, Length: 200, Loss: 18.7081, Entropy: 1.0867, Epsilon: 0.010
2026-04-19 12:42:04 | INFO | Episode 6661 - Reward: -200.000, Length: 200, Loss: 6.0681, Entropy: 1.0898, Epsilon: 0.010
2026-04-19 12:42:05 | INFO | Episode 6662 - Reward: -200.000, Length: 200, Loss: 21.0647, Entropy: 1.0814, Epsilon: 0.010
2026-04-19 12:42:05 | INFO | Episode 6663 - Reward: -200.000, Length: 200, Loss: 24.7021, Entropy: 1.0864, Epsilon: 0.010
2026-04-19 12:42:05 | INFO | Episode 6664 - Reward: -200.000, Length: 200, Loss: 11.8970, Entropy: 1.0820, Epsilon: 0.010
2026-04-19 12:42:06 | INFO | Episode 6665 - Reward: -200.000, Length: 200, Loss: 33.7993, Entropy: 1.0842, Epsilon: 0.010
2026-04-19 12:42:06 | INFO | Episode 6666 - Reward: -200.000, Length: 200, Loss: 11.6517, Entropy: 1.0771, Epsilon: 0.010
2026-04-19 12:42:06 | INFO | Episode 6667 - Reward: -200.000, Length: 200, Loss: 14.5395, Entropy: 1.0860, Epsilon: 0.010
2026-04-19 12:42:07 | INFO | Episode 6668 - Reward: -200.000, Length: 200, Loss: 11.7276, Entropy: 1.0862, Epsilon: 0.010
2026-04-19 12:42:07 | INFO | Episode 6669 - Reward: -200.000, Length: 200, Loss: 8.3285, Entropy: 1.0834, Epsilon: 0.010
2026-04-19 12:42:08 | INFO | Episode 6670 - Reward: -200.000, Length: 200, Loss: 8.4240, Entropy: 1.0831, Epsilon: 0.010
2026-04-19 12:42:08 | INFO | Episode 6671 - Reward: -200.000, Length: 200, Loss: 17.3615, Entropy: 1.0800, Epsilon: 0.010
2026-04-19 12:42:08 | INFO | Episode 6672 - Reward: -200.000, Length: 200, Loss: 8.6476, Entropy: 1.0891, Epsilon: 0.010
2026-04-19 12:42:09 | INFO | Episode 6673 - Reward: -200.000, Length: 200, Loss: 5.5751, Entropy: 1.0916, Epsilon: 0.010
2026-04-19 12:42:09 | INFO | Episode 6674 - Reward: -200.000, Length: 200, Loss: 20.1776, Entropy: 1.0856, Epsilon: 0.010
2026-04-19 12:42:10 | INFO | Episode 6675 - Reward: -200.000, Length: 200, Loss: 5.7409, Entropy: 1.0809, Epsilon: 0.010
2026-04-19 12:42:10 | INFO | Episode 6676 - Reward: -200.000, Length: 200, Loss: 11.7099, Entropy: 1.0901, Epsilon: 0.010
2026-04-19 12:42:10 | INFO | Episode 6677 - Reward: -200.000, Length: 200, Loss: 19.9349, Entropy: 1.0898, Epsilon: 0.010
2026-04-19 12:42:11 | INFO | Episode 6678 - Reward: -200.000, Length: 200, Loss: 20.1879, Entropy: 1.0492, Epsilon: 0.010
2026-04-19 12:42:11 | INFO | Episode 6679 - Reward: -200.000, Length: 200, Loss: 11.2653, Entropy: 1.0751, Epsilon: 0.010
2026-04-19 12:42:11 | INFO | Episode 6680 - Reward: -200.000, Length: 200, Loss: 17.1607, Entropy: 1.0892, Epsilon: 0.010
2026-04-19 12:42:12 | INFO | Episode 6681 - Reward: -200.000, Length: 200, Loss: 19.7649, Entropy: 1.0759, Epsilon: 0.010
2026-04-19 12:42:12 | INFO | Episode 6682 - Reward: -200.000, Length: 200, Loss: 17.1813, Entropy: 1.0845, Epsilon: 0.010
2026-04-19 12:42:12 | INFO | Episode 6683 - Reward: -200.000, Length: 200, Loss: 5.6907, Entropy: 1.0852, Epsilon: 0.010
2026-04-19 12:42:13 | INFO | Episode 6684 - Reward: -200.000, Length: 200, Loss: 5.5100, Entropy: 1.0908, Epsilon: 0.010
2026-04-19 12:42:13 | INFO | Episode 6685 - Reward: -200.000, Length: 200, Loss: 20.4162, Entropy: 1.0876, Epsilon: 0.010
2026-04-19 12:42:14 | INFO | Episode 6686 - Reward: -200.000, Length: 200, Loss: 22.8816, Entropy: 1.0816, Epsilon: 0.010
2026-04-19 12:42:14 | INFO | Episode 6687 - Reward: -200.000, Length: 200, Loss: 11.8210, Entropy: 1.0826, Epsilon: 0.010
2026-04-19 12:42:14 | INFO | Episode 6688 - Reward: -200.000, Length: 200, Loss: 8.4981, Entropy: 1.0857, Epsilon: 0.010
2026-04-19 12:42:15 | INFO | Episode 6689 - Reward: -200.000, Length: 200, Loss: 8.6284, Entropy: 1.0890, Epsilon: 0.010
2026-04-19 12:42:15 | INFO | Episode 6690 - Reward: -200.000, Length: 200, Loss: 8.6706, Entropy: 1.0902, Epsilon: 0.010
2026-04-19 12:42:15 | INFO | Episode 6691 - Reward: -200.000, Length: 200, Loss: 23.3495, Entropy: 1.0663, Epsilon: 0.010
2026-04-19 12:42:16 | INFO | Episode 6692 - Reward: -200.000, Length: 200, Loss: 14.7020, Entropy: 1.0734, Epsilon: 0.010
2026-04-19 12:42:16 | INFO | Episode 6693 - Reward: -200.000, Length: 200, Loss: 11.5951, Entropy: 1.0907, Epsilon: 0.010
2026-04-19 12:42:17 | INFO | Episode 6694 - Reward: -200.000, Length: 200, Loss: 14.4181, Entropy: 1.0897, Epsilon: 0.010
2026-04-19 12:42:17 | INFO | Episode 6695 - Reward: -200.000, Length: 200, Loss: 11.4562, Entropy: 1.0881, Epsilon: 0.010
2026-04-19 12:42:17 | INFO | Episode 6696 - Reward: -200.000, Length: 200, Loss: 29.4626, Entropy: 1.0610, Epsilon: 0.010
2026-04-19 12:42:18 | INFO | Episode 6697 - Reward: -200.000, Length: 200, Loss: 14.5722, Entropy: 1.0805, Epsilon: 0.010
2026-04-19 12:42:18 | INFO | Episode 6698 - Reward: -200.000, Length: 200, Loss: 14.4496, Entropy: 1.0778, Epsilon: 0.010
2026-04-19 12:42:18 | INFO | Episode 6699 - Reward: -200.000, Length: 200, Loss: 8.4790, Entropy: 1.0885, Epsilon: 0.010
2026-04-19 12:42:19 | INFO | Episode 6700 - Reward: -200.000, Length: 200, Loss: 14.5447, Entropy: 1.0842, Epsilon: 0.010
2026-04-19 12:42:24 | INFO | [Episode 6700] eps=0.010  avg_reward=-200.000  avg_length=200.00  avg_loss= 15.1906  avg_entropy=1.0842  eval_success=0.000
2026-04-19 12:42:24 | INFO | Episode 6701 - Reward: -200.000, Length: 200, Loss: 2.6792, Entropy: 1.0904, Epsilon: 0.010
2026-04-19 12:42:24 | INFO | Episode 6702 - Reward: -200.000, Length: 200, Loss: 17.2491, Entropy: 1.0862, Epsilon: 0.010
2026-04-19 12:42:25 | INFO | Episode 6703 - Reward: -200.000, Length: 200, Loss: 11.4950, Entropy: 1.0901, Epsilon: 0.010
2026-04-19 12:42:25 | INFO | Episode 6704 - Reward: -200.000, Length: 200, Loss: 5.6307, Entropy: 1.0890, Epsilon: 0.010
2026-04-19 12:42:25 | INFO | Episode 6705 - Reward: -200.000, Length: 200, Loss: 11.6684, Entropy: 1.0857, Epsilon: 0.010
2026-04-19 12:42:26 | INFO | Episode 6706 - Reward: -200.000, Length: 200, Loss: 17.7473, Entropy: 1.0833, Epsilon: 0.010
2026-04-19 12:42:26 | INFO | Episode 6707 - Reward: -200.000, Length: 200, Loss: 20.5844, Entropy: 1.0878, Epsilon: 0.010
2026-04-19 12:42:27 | INFO | Episode 6708 - Reward: -200.000, Length: 200, Loss: 14.5409, Entropy: 1.0908, Epsilon: 0.010
2026-04-19 12:42:27 | INFO | Episode 6709 - Reward: -200.000, Length: 200, Loss: 14.4554, Entropy: 1.0855, Epsilon: 0.010
2026-04-19 12:42:27 | INFO | Episode 6710 - Reward: -200.000, Length: 200, Loss: 19.9243, Entropy: 1.0642, Epsilon: 0.010
2026-04-19 12:42:28 | INFO | Episode 6711 - Reward: -200.000, Length: 200, Loss: 5.4797, Entropy: 1.0886, Epsilon: 0.010
2026-04-19 12:42:28 | INFO | Episode 6712 - Reward: -200.000, Length: 200, Loss: 23.2843, Entropy: 1.0836, Epsilon: 0.010
2026-04-19 12:42:28 | INFO | Episode 6713 - Reward: -200.000, Length: 200, Loss: 23.1289, Entropy: 1.0668, Epsilon: 0.010
2026-04-19 12:42:29 | INFO | Episode 6714 - Reward: -200.000, Length: 200, Loss: 14.4710, Entropy: 1.0746, Epsilon: 0.010
2026-04-19 12:42:29 | INFO | Episode 6715 - Reward: -200.000, Length: 200, Loss: 14.3350, Entropy: 1.0832, Epsilon: 0.010
2026-04-19 12:42:29 | INFO | Episode 6716 - Reward: -200.000, Length: 200, Loss: 17.1134, Entropy: 1.0742, Epsilon: 0.010
2026-04-19 12:42:30 | INFO | Episode 6717 - Reward: -200.000, Length: 200, Loss: 8.5551, Entropy: 1.0884, Epsilon: 0.010
2026-04-19 12:42:30 | INFO | Episode 6718 - Reward: -200.000, Length: 200, Loss: 14.4775, Entropy: 1.0801, Epsilon: 0.010
2026-04-19 12:42:31 | INFO | Episode 6719 - Reward: -200.000, Length: 200, Loss: 5.6874, Entropy: 1.0826, Epsilon: 0.010
2026-04-19 12:42:31 | INFO | Episode 6720 - Reward: -200.000, Length: 200, Loss: 14.2330, Entropy: 1.0808, Epsilon: 0.010
2026-04-19 12:42:31 | INFO | Episode 6721 - Reward: -200.000, Length: 200, Loss: 8.4861, Entropy: 1.0841, Epsilon: 0.010
2026-04-19 12:42:32 | INFO | Episode 6722 - Reward: -200.000, Length: 200, Loss: 14.3409, Entropy: 1.0851, Epsilon: 0.010
2026-04-19 12:42:32 | INFO | Episode 6723 - Reward: -200.000, Length: 200, Loss: 14.0750, Entropy: 1.0711, Epsilon: 0.010
2026-04-19 12:42:32 | INFO | Episode 6724 - Reward: -200.000, Length: 200, Loss: 11.1726, Entropy: 1.0749, Epsilon: 0.010
2026-04-19 12:42:33 | INFO | Episode 6725 - Reward: -200.000, Length: 200, Loss: 5.3539, Entropy: 1.0883, Epsilon: 0.010
2026-04-19 12:42:33 | INFO | Episode 6726 - Reward: -200.000, Length: 200, Loss: 16.8496, Entropy: 1.0812, Epsilon: 0.010
2026-04-19 12:42:34 | INFO | Episode 6727 - Reward: -200.000, Length: 200, Loss: 5.6238, Entropy: 1.0910, Epsilon: 0.010
2026-04-19 12:42:34 | INFO | Episode 6728 - Reward: -200.000, Length: 200, Loss: 8.2663, Entropy: 1.0900, Epsilon: 0.010
2026-04-19 12:42:34 | INFO | Episode 6729 - Reward: -200.000, Length: 200, Loss: 16.6533, Entropy: 1.0763, Epsilon: 0.010
2026-04-19 12:42:35 | INFO | Episode 6730 - Reward: -200.000, Length: 200, Loss: 11.1100, Entropy: 1.0788, Epsilon: 0.010
2026-04-19 12:42:36 | INFO | Episode 6731 - Reward: -200.000, Length: 200, Loss: 11.5108, Entropy: 1.0638, Epsilon: 0.010
2026-04-19 12:42:36 | INFO | Episode 6732 - Reward: -200.000, Length: 200, Loss: 8.4878, Entropy: 1.0682, Epsilon: 0.010
2026-04-19 12:42:36 | INFO | Episode 6733 - Reward: -200.000, Length: 200, Loss: 16.5610, Entropy: 1.0576, Epsilon: 0.010
2026-04-19 12:42:37 | INFO | Episode 6734 - Reward: -200.000, Length: 200, Loss: 24.7039, Entropy: 1.0554, Epsilon: 0.010
2026-04-19 12:42:37 | INFO | Episode 6735 - Reward: -200.000, Length: 200, Loss: 5.4102, Entropy: 1.0804, Epsilon: 0.010
2026-04-19 12:42:37 | INFO | Episode 6736 - Reward: -200.000, Length: 200, Loss: 11.1249, Entropy: 1.0799, Epsilon: 0.010
2026-04-19 12:42:38 | INFO | Episode 6737 - Reward: -200.000, Length: 200, Loss: 5.3967, Entropy: 1.0867, Epsilon: 0.010
2026-04-19 12:42:38 | INFO | Episode 6738 - Reward: -200.000, Length: 200, Loss: 5.3648, Entropy: 1.0845, Epsilon: 0.010
2026-04-19 12:42:39 | INFO | Episode 6739 - Reward: -200.000, Length: 200, Loss: 10.7379, Entropy: 1.0856, Epsilon: 0.010
2026-04-19 12:42:39 | INFO | Episode 6740 - Reward: -200.000, Length: 200, Loss: 14.2121, Entropy: 1.0815, Epsilon: 0.010
2026-04-19 12:42:39 | INFO | Episode 6741 - Reward: -200.000, Length: 200, Loss: 16.9710, Entropy: 1.0674, Epsilon: 0.010
2026-04-19 12:42:40 | INFO | Episode 6742 - Reward: -200.000, Length: 200, Loss: 11.6347, Entropy: 1.0855, Epsilon: 0.010
2026-04-19 12:42:40 | INFO | Episode 6743 - Reward: -200.000, Length: 200, Loss: 16.6599, Entropy: 1.0858, Epsilon: 0.010
2026-04-19 12:42:41 | INFO | Episode 6744 - Reward: -200.000, Length: 200, Loss: 19.3626, Entropy: 1.0568, Epsilon: 0.010
2026-04-19 12:42:41 | INFO | Episode 6745 - Reward: -200.000, Length: 200, Loss: 2.6736, Entropy: 1.0856, Epsilon: 0.010
2026-04-19 12:42:41 | INFO | Episode 6746 - Reward: -200.000, Length: 200, Loss: 20.0033, Entropy: 1.0828, Epsilon: 0.010
2026-04-19 12:42:42 | INFO | Episode 6747 - Reward: -200.000, Length: 200, Loss: 8.5464, Entropy: 1.0858, Epsilon: 0.010
2026-04-19 12:42:42 | INFO | Episode 6748 - Reward: -200.000, Length: 200, Loss: 22.7721, Entropy: 1.0533, Epsilon: 0.010
2026-04-19 12:42:42 | INFO | Episode 6749 - Reward: -200.000, Length: 200, Loss: 20.4537, Entropy: 1.0703, Epsilon: 0.010
2026-04-19 12:42:43 | INFO | Episode 6750 - Reward: -200.000, Length: 200, Loss: 8.9926, Entropy: 1.0810, Epsilon: 0.010
2026-04-19 12:42:43 | INFO | Episode 6751 - Reward: -200.000, Length: 200, Loss: 11.7910, Entropy: 1.0750, Epsilon: 0.010
2026-04-19 12:42:44 | INFO | Episode 6752 - Reward: -200.000, Length: 200, Loss: 29.1016, Entropy: 1.0788, Epsilon: 0.010
2026-04-19 12:42:44 | INFO | Episode 6753 - Reward: -200.000, Length: 200, Loss: 14.5602, Entropy: 1.0900, Epsilon: 0.010
2026-04-19 12:42:44 | INFO | Episode 6754 - Reward: -200.000, Length: 200, Loss: 2.7908, Entropy: 1.0910, Epsilon: 0.010
2026-04-19 12:42:45 | INFO | Episode 6755 - Reward: -200.000, Length: 200, Loss: 14.3306, Entropy: 1.0869, Epsilon: 0.010
2026-04-19 12:42:45 | INFO | Episode 6756 - Reward: -200.000, Length: 200, Loss: 14.2428, Entropy: 1.0891, Epsilon: 0.010
2026-04-19 12:42:45 | INFO | Episode 6757 - Reward: -200.000, Length: 200, Loss: 11.2815, Entropy: 1.0838, Epsilon: 0.010
2026-04-19 12:42:46 | INFO | Episode 6758 - Reward: -200.000, Length: 200, Loss: 11.3290, Entropy: 1.0870, Epsilon: 0.010
2026-04-19 12:42:48 | INFO | Episode 6759 - Reward: -200.000, Length: 200, Loss: 34.6594, Entropy: 1.0545, Epsilon: 0.010
2026-04-19 12:42:48 | INFO | Episode 6760 - Reward: -200.000, Length: 200, Loss: 19.8074, Entropy: 1.0824, Epsilon: 0.010
2026-04-19 12:42:49 | INFO | Episode 6761 - Reward: -200.000, Length: 200, Loss: 11.2940, Entropy: 1.0807, Epsilon: 0.010
2026-04-19 12:42:49 | INFO | Episode 6762 - Reward: -200.000, Length: 200, Loss: 16.8658, Entropy: 1.0822, Epsilon: 0.010
2026-04-19 12:42:49 | INFO | Episode 6763 - Reward: -200.000, Length: 200, Loss: 17.1521, Entropy: 1.0672, Epsilon: 0.010
2026-04-19 12:42:50 | INFO | Episode 6764 - Reward: -200.000, Length: 200, Loss: 17.1208, Entropy: 1.0877, Epsilon: 0.010
2026-04-19 12:42:50 | INFO | Episode 6765 - Reward: -200.000, Length: 200, Loss: 17.2341, Entropy: 1.0874, Epsilon: 0.010
2026-04-19 12:42:51 | INFO | Episode 6766 - Reward: -200.000, Length: 200, Loss: 17.5246, Entropy: 1.0856, Epsilon: 0.010
2026-04-19 12:42:51 | INFO | Episode 6767 - Reward: -200.000, Length: 200, Loss: 11.5543, Entropy: 1.0876, Epsilon: 0.010
2026-04-19 12:42:51 | INFO | Episode 6768 - Reward: -200.000, Length: 200, Loss: 14.8002, Entropy: 1.0680, Epsilon: 0.010
2026-04-19 12:42:52 | INFO | Episode 6769 - Reward: -200.000, Length: 200, Loss: 23.7071, Entropy: 1.0771, Epsilon: 0.010
2026-04-19 12:42:52 | INFO | Episode 6770 - Reward: -200.000, Length: 200, Loss: 8.8298, Entropy: 1.0919, Epsilon: 0.010
2026-04-19 12:42:52 | INFO | Episode 6771 - Reward: -200.000, Length: 200, Loss: 5.8146, Entropy: 1.0880, Epsilon: 0.010
2026-04-19 12:42:53 | INFO | Episode 6772 - Reward: -200.000, Length: 200, Loss: 15.1324, Entropy: 1.0809, Epsilon: 0.010
2026-04-19 12:42:53 | INFO | Episode 6773 - Reward: -200.000, Length: 200, Loss: 12.0937, Entropy: 1.0818, Epsilon: 0.010
2026-04-19 12:42:54 | INFO | Episode 6774 - Reward: -200.000, Length: 200, Loss: 8.7875, Entropy: 1.0909, Epsilon: 0.010
2026-04-19 12:42:54 | INFO | Episode 6775 - Reward: -200.000, Length: 200, Loss: 8.8272, Entropy: 1.0861, Epsilon: 0.010
2026-04-19 12:42:54 | INFO | Episode 6776 - Reward: -200.000, Length: 200, Loss: 18.1049, Entropy: 1.0905, Epsilon: 0.010
2026-04-19 12:42:55 | INFO | Episode 6777 - Reward: -200.000, Length: 200, Loss: 18.2228, Entropy: 1.0729, Epsilon: 0.010
2026-04-19 12:42:55 | INFO | Episode 6778 - Reward: -200.000, Length: 200, Loss: 9.0911, Entropy: 1.0868, Epsilon: 0.010
2026-04-19 12:42:55 | INFO | Episode 6779 - Reward: -200.000, Length: 200, Loss: 21.3991, Entropy: 1.0751, Epsilon: 0.010
2026-04-19 12:42:56 | INFO | Episode 6780 - Reward: -200.000, Length: 200, Loss: 18.3685, Entropy: 1.0624, Epsilon: 0.010
2026-04-19 12:42:56 | INFO | Episode 6781 - Reward: -200.000, Length: 200, Loss: 18.4268, Entropy: 1.0751, Epsilon: 0.010
2026-04-19 12:42:56 | INFO | Episode 6782 - Reward: -200.000, Length: 200, Loss: 9.0866, Entropy: 1.0864, Epsilon: 0.010
2026-04-19 12:42:57 | INFO | Episode 6783 - Reward: -200.000, Length: 200, Loss: 11.7997, Entropy: 1.0906, Epsilon: 0.010
2026-04-19 12:42:57 | INFO | Episode 6784 - Reward: -200.000, Length: 200, Loss: 12.2388, Entropy: 1.0795, Epsilon: 0.010
2026-04-19 12:42:58 | INFO | Episode 6785 - Reward: -200.000, Length: 200, Loss: 12.0402, Entropy: 1.0845, Epsilon: 0.010
2026-04-19 12:42:58 | INFO | Episode 6786 - Reward: -200.000, Length: 200, Loss: 15.7690, Entropy: 1.0682, Epsilon: 0.010
2026-04-19 12:42:58 | INFO | Episode 6787 - Reward: -200.000, Length: 200, Loss: 3.0158, Entropy: 1.0876, Epsilon: 0.010
2026-04-19 12:42:59 | INFO | Episode 6788 - Reward: -200.000, Length: 200, Loss: 2.9343, Entropy: 1.0852, Epsilon: 0.010
2026-04-19 12:42:59 | INFO | Episode 6789 - Reward: -200.000, Length: 200, Loss: 21.8345, Entropy: 1.0479, Epsilon: 0.010
2026-04-19 12:42:59 | INFO | Episode 6790 - Reward: -200.000, Length: 200, Loss: 12.6733, Entropy: 1.0865, Epsilon: 0.010
2026-04-19 12:43:00 | INFO | Episode 6791 - Reward: -200.000, Length: 200, Loss: 12.8715, Entropy: 1.0898, Epsilon: 0.010
2026-04-19 12:43:00 | INFO | Episode 6792 - Reward: -200.000, Length: 200, Loss: 12.8044, Entropy: 1.0855, Epsilon: 0.010
2026-04-19 12:43:01 | INFO | Episode 6793 - Reward: -200.000, Length: 200, Loss: 12.7103, Entropy: 1.0867, Epsilon: 0.010
2026-04-19 12:43:01 | INFO | Episode 6794 - Reward: -200.000, Length: 200, Loss: 22.3510, Entropy: 1.0530, Epsilon: 0.010
2026-04-19 12:43:01 | INFO | Episode 6795 - Reward: -200.000, Length: 200, Loss: 25.3933, Entropy: 1.0697, Epsilon: 0.010
2026-04-19 12:43:02 | INFO | Episode 6796 - Reward: -200.000, Length: 200, Loss: 18.7918, Entropy: 1.0396, Epsilon: 0.010
2026-04-19 12:43:02 | INFO | Episode 6797 - Reward: -200.000, Length: 200, Loss: 6.2559, Entropy: 1.0901, Epsilon: 0.010
2026-04-19 12:43:02 | INFO | Episode 6798 - Reward: -200.000, Length: 200, Loss: 15.6618, Entropy: 1.0593, Epsilon: 0.010
2026-04-19 12:43:03 | INFO | Episode 6799 - Reward: -200.000, Length: 200, Loss: 19.7018, Entropy: 1.0789, Epsilon: 0.010
2026-04-19 12:43:03 | INFO | Episode 6800 - Reward: -200.000, Length: 200, Loss: 13.0059, Entropy: 1.0840, Epsilon: 0.010
2026-04-19 12:43:09 | INFO | [Episode 6800] eps=0.010  avg_reward=-200.000  avg_length=200.00  avg_loss= 13.8544  avg_entropy=1.0840  eval_success=0.000
2026-04-19 12:43:09 | INFO | Episode 6801 - Reward: -200.000, Length: 200, Loss: 9.7786, Entropy: 1.0837, Epsilon: 0.010
2026-04-19 12:43:10 | INFO | Episode 6802 - Reward: -200.000, Length: 200, Loss: 16.3047, Entropy: 1.0841, Epsilon: 0.010
2026-04-19 12:43:10 | INFO | Episode 6803 - Reward: -200.000, Length: 200, Loss: 13.0355, Entropy: 1.0831, Epsilon: 0.010
2026-04-19 12:43:11 | INFO | Episode 6804 - Reward: -200.000, Length: 200, Loss: 19.3623, Entropy: 1.0722, Epsilon: 0.010
2026-04-19 12:43:11 | INFO | Episode 6805 - Reward: -200.000, Length: 200, Loss: 19.6419, Entropy: 1.0461, Epsilon: 0.010
2026-04-19 12:43:11 | INFO | Episode 6806 - Reward: -200.000, Length: 200, Loss: 13.0307, Entropy: 1.0828, Epsilon: 0.010
2026-04-19 12:43:12 | INFO | Episode 6807 - Reward: -200.000, Length: 200, Loss: 19.0889, Entropy: 1.0756, Epsilon: 0.010
2026-04-19 12:43:12 | INFO | Episode 6808 - Reward: -200.000, Length: 200, Loss: 26.8277, Entropy: 1.0632, Epsilon: 0.010
2026-04-19 12:43:12 | INFO | Episode 6809 - Reward: -200.000, Length: 200, Loss: 25.4746, Entropy: 1.0832, Epsilon: 0.010
2026-04-19 12:43:13 | INFO | Episode 6810 - Reward: -200.000, Length: 200, Loss: 13.1757, Entropy: 1.0742, Epsilon: 0.010
2026-04-19 12:43:13 | INFO | Episode 6811 - Reward: -200.000, Length: 200, Loss: 13.0222, Entropy: 1.0827, Epsilon: 0.010
2026-04-19 12:43:13 | INFO | Episode 6812 - Reward: -200.000, Length: 200, Loss: 19.5081, Entropy: 1.0753, Epsilon: 0.010
2026-04-19 12:43:14 | INFO | Episode 6813 - Reward: -200.000, Length: 200, Loss: 9.8563, Entropy: 1.0879, Epsilon: 0.010
2026-04-19 12:43:14 | INFO | Episode 6814 - Reward: -200.000, Length: 200, Loss: 16.5522, Entropy: 1.0824, Epsilon: 0.010
2026-04-19 12:43:15 | INFO | Episode 6815 - Reward: -200.000, Length: 200, Loss: 13.1235, Entropy: 1.0791, Epsilon: 0.010
2026-04-19 12:43:15 | INFO | Episode 6816 - Reward: -200.000, Length: 200, Loss: 6.4352, Entropy: 1.0609, Epsilon: 0.010
2026-04-19 12:43:15 | INFO | Episode 6817 - Reward: -200.000, Length: 200, Loss: 9.7470, Entropy: 1.0840, Epsilon: 0.010
2026-04-19 12:43:16 | INFO | Episode 6818 - Reward: -200.000, Length: 200, Loss: 26.3002, Entropy: 1.0744, Epsilon: 0.010
2026-04-19 12:43:16 | INFO | Episode 6819 - Reward: -200.000, Length: 200, Loss: 12.6630, Entropy: 1.0855, Epsilon: 0.010
2026-04-19 12:43:17 | INFO | Episode 6820 - Reward: -200.000, Length: 200, Loss: 19.0990, Entropy: 1.0753, Epsilon: 0.010
2026-04-19 12:43:17 | INFO | Episode 6821 - Reward: -200.000, Length: 200, Loss: 28.7374, Entropy: 1.0628, Epsilon: 0.010
2026-04-19 12:43:17 | INFO | Episode 6822 - Reward: -200.000, Length: 200, Loss: 19.2514, Entropy: 1.0825, Epsilon: 0.010
2026-04-19 12:43:18 | INFO | Episode 6823 - Reward: -200.000, Length: 200, Loss: 6.0667, Entropy: 1.0846, Epsilon: 0.010
2026-04-19 12:43:18 | INFO | Episode 6824 - Reward: -200.000, Length: 200, Loss: 15.6764, Entropy: 1.0749, Epsilon: 0.010
2026-04-19 12:43:18 | INFO | Episode 6825 - Reward: -200.000, Length: 200, Loss: 25.5150, Entropy: 1.0589, Epsilon: 0.010
2026-04-19 12:43:19 | INFO | Episode 6826 - Reward: -200.000, Length: 200, Loss: 16.0541, Entropy: 1.0681, Epsilon: 0.010
2026-04-19 12:43:19 | INFO | Episode 6827 - Reward: -200.000, Length: 200, Loss: 24.8186, Entropy: 1.0824, Epsilon: 0.010
2026-04-19 12:43:20 | INFO | Episode 6828 - Reward: -200.000, Length: 200, Loss: 12.4876, Entropy: 1.0836, Epsilon: 0.010
2026-04-19 12:43:20 | INFO | Episode 6829 - Reward: -200.000, Length: 200, Loss: 3.0435, Entropy: 1.0905, Epsilon: 0.010
2026-04-19 12:43:20 | INFO | Episode 6830 - Reward: -200.000, Length: 200, Loss: 12.9387, Entropy: 1.0864, Epsilon: 0.010
2026-04-19 12:43:21 | INFO | Episode 6831 - Reward: -200.000, Length: 200, Loss: 9.8233, Entropy: 1.0881, Epsilon: 0.010
2026-04-19 12:43:21 | INFO | Episode 6832 - Reward: -200.000, Length: 200, Loss: 23.0102, Entropy: 1.0818, Epsilon: 0.010
2026-04-19 12:43:22 | INFO | Episode 6833 - Reward: -200.000, Length: 200, Loss: 25.4714, Entropy: 1.0810, Epsilon: 0.010
2026-04-19 12:43:22 | INFO | Episode 6834 - Reward: -200.000, Length: 200, Loss: 9.5705, Entropy: 1.0759, Epsilon: 0.010
2026-04-19 12:43:22 | INFO | Episode 6835 - Reward: -200.000, Length: 200, Loss: 19.6199, Entropy: 1.0840, Epsilon: 0.010
2026-04-19 12:43:23 | INFO | Episode 6836 - Reward: -200.000, Length: 200, Loss: 12.4930, Entropy: 1.0847, Epsilon: 0.010
2026-04-19 12:43:23 | INFO | Episode 6837 - Reward: -200.000, Length: 200, Loss: 22.4544, Entropy: 1.0717, Epsilon: 0.010
2026-04-19 12:43:24 | INFO | Episode 6838 - Reward: -200.000, Length: 200, Loss: 9.6885, Entropy: 1.0704, Epsilon: 0.010
2026-04-19 12:43:24 | INFO | Episode 6839 - Reward: -200.000, Length: 200, Loss: 15.9259, Entropy: 1.0794, Epsilon: 0.010
2026-04-19 12:43:24 | INFO | Episode 6840 - Reward: -200.000, Length: 200, Loss: 12.9164, Entropy: 1.0816, Epsilon: 0.010
2026-04-19 12:43:25 | INFO | Episode 6841 - Reward: -200.000, Length: 200, Loss: 29.1339, Entropy: 1.0705, Epsilon: 0.010
2026-04-19 12:43:25 | INFO | Episode 6842 - Reward: -200.000, Length: 200, Loss: 15.9259, Entropy: 1.0819, Epsilon: 0.010
2026-04-19 12:43:25 | INFO | Episode 6843 - Reward: -200.000, Length: 200, Loss: 6.3075, Entropy: 1.0896, Epsilon: 0.010
2026-04-19 12:43:26 | INFO | Episode 6844 - Reward: -200.000, Length: 200, Loss: 23.0447, Entropy: 1.0465, Epsilon: 0.010
2026-04-19 12:43:26 | INFO | Episode 6845 - Reward: -200.000, Length: 200, Loss: 6.4227, Entropy: 1.0816, Epsilon: 0.010
2026-04-19 12:43:27 | INFO | Episode 6846 - Reward: -200.000, Length: 200, Loss: 9.8575, Entropy: 1.0844, Epsilon: 0.010
2026-04-19 12:43:27 | INFO | Episode 6847 - Reward: -200.000, Length: 200, Loss: 20.3131, Entropy: 1.0802, Epsilon: 0.010
2026-04-19 12:43:27 | INFO | Episode 6848 - Reward: -200.000, Length: 200, Loss: 19.9646, Entropy: 1.0838, Epsilon: 0.010
2026-04-19 12:43:28 | INFO | Episode 6849 - Reward: -200.000, Length: 200, Loss: 19.7863, Entropy: 1.0797, Epsilon: 0.010
2026-04-19 12:43:28 | INFO | Episode 6850 - Reward: -200.000, Length: 200, Loss: 10.1720, Entropy: 1.0618, Epsilon: 0.010
2026-04-19 12:43:29 | INFO | Episode 6851 - Reward: -200.000, Length: 200, Loss: 13.7470, Entropy: 1.0741, Epsilon: 0.010
2026-04-19 12:43:29 | INFO | Episode 6852 - Reward: -200.000, Length: 200, Loss: 9.7897, Entropy: 1.0736, Epsilon: 0.010
2026-04-19 12:43:29 | INFO | Episode 6853 - Reward: -200.000, Length: 200, Loss: 13.5794, Entropy: 1.0807, Epsilon: 0.010
2026-04-19 12:43:30 | INFO | Episode 6854 - Reward: -200.000, Length: 200, Loss: 13.4917, Entropy: 1.0775, Epsilon: 0.010
2026-04-19 12:43:30 | INFO | Episode 6855 - Reward: -200.000, Length: 200, Loss: 20.3622, Entropy: 1.0600, Epsilon: 0.010
2026-04-19 12:43:31 | INFO | Episode 6856 - Reward: -200.000, Length: 200, Loss: 17.3037, Entropy: 1.0820, Epsilon: 0.010
2026-04-19 12:43:31 | INFO | Episode 6857 - Reward: -200.000, Length: 200, Loss: 27.8455, Entropy: 1.0623, Epsilon: 0.010
2026-04-19 12:43:31 | INFO | Episode 6858 - Reward: -200.000, Length: 200, Loss: 24.4281, Entropy: 1.0783, Epsilon: 0.010
2026-04-19 12:43:32 | INFO | Episode 6859 - Reward: -200.000, Length: 200, Loss: 20.6899, Entropy: 1.0842, Epsilon: 0.010
2026-04-19 12:43:32 | INFO | Episode 6860 - Reward: -200.000, Length: 200, Loss: 20.4039, Entropy: 1.0719, Epsilon: 0.010
2026-04-19 12:43:33 | INFO | Episode 6861 - Reward: -200.000, Length: 200, Loss: 14.2408, Entropy: 1.0640, Epsilon: 0.010
2026-04-19 12:43:33 | INFO | Episode 6862 - Reward: -200.000, Length: 200, Loss: 10.5069, Entropy: 1.0819, Epsilon: 0.010
2026-04-19 12:43:33 | INFO | Episode 6863 - Reward: -200.000, Length: 200, Loss: 17.6023, Entropy: 1.0540, Epsilon: 0.010
2026-04-19 12:43:34 | INFO | Episode 6864 - Reward: -200.000, Length: 200, Loss: 20.8018, Entropy: 1.0783, Epsilon: 0.010
2026-04-19 12:43:34 | INFO | Episode 6865 - Reward: -200.000, Length: 200, Loss: 38.5838, Entropy: 0.9986, Epsilon: 0.010
2026-04-19 12:43:35 | INFO | Episode 6866 - Reward: -200.000, Length: 200, Loss: 10.0605, Entropy: 1.0803, Epsilon: 0.010
2026-04-19 12:43:35 | INFO | Episode 6867 - Reward: -200.000, Length: 200, Loss: 6.5247, Entropy: 1.0845, Epsilon: 0.010
2026-04-19 12:43:35 | INFO | Episode 6868 - Reward: -200.000, Length: 200, Loss: 10.1706, Entropy: 1.0794, Epsilon: 0.010
2026-04-19 12:43:36 | INFO | Episode 6869 - Reward: -200.000, Length: 200, Loss: 10.2046, Entropy: 1.0720, Epsilon: 0.010
2026-04-19 12:43:36 | INFO | Episode 6870 - Reward: -200.000, Length: 200, Loss: 13.1537, Entropy: 1.0839, Epsilon: 0.010
2026-04-19 12:43:37 | INFO | Episode 6871 - Reward: -200.000, Length: 200, Loss: 6.3407, Entropy: 1.0843, Epsilon: 0.010
2026-04-19 12:43:37 | INFO | Episode 6872 - Reward: -200.000, Length: 200, Loss: 29.8326, Entropy: 1.0788, Epsilon: 0.010
2026-04-19 12:43:37 | INFO | Episode 6873 - Reward: -200.000, Length: 200, Loss: 12.8875, Entropy: 1.0865, Epsilon: 0.010
2026-04-19 12:43:38 | INFO | Episode 6874 - Reward: -200.000, Length: 200, Loss: 15.9041, Entropy: 1.0746, Epsilon: 0.010
2026-04-19 12:43:38 | INFO | Episode 6875 - Reward: -200.000, Length: 200, Loss: 28.8120, Entropy: 1.0832, Epsilon: 0.010
2026-04-19 12:43:39 | INFO | Episode 6876 - Reward: -200.000, Length: 200, Loss: 19.6818, Entropy: 1.0598, Epsilon: 0.010
2026-04-19 12:43:39 | INFO | Episode 6877 - Reward: -200.000, Length: 200, Loss: 22.4670, Entropy: 1.0760, Epsilon: 0.010
2026-04-19 12:43:39 | INFO | Episode 6878 - Reward: -200.000, Length: 200, Loss: 12.8195, Entropy: 1.0741, Epsilon: 0.010
2026-04-19 12:43:40 | INFO | Episode 6879 - Reward: -200.000, Length: 200, Loss: 16.3036, Entropy: 1.0849, Epsilon: 0.010
2026-04-19 12:43:41 | INFO | Episode 6880 - Reward: -200.000, Length: 200, Loss: 16.1929, Entropy: 1.0811, Epsilon: 0.010
2026-04-19 12:43:41 | INFO | Episode 6881 - Reward: -200.000, Length: 200, Loss: 15.9253, Entropy: 1.0829, Epsilon: 0.010
2026-04-19 12:43:42 | INFO | Episode 6882 - Reward: -200.000, Length: 200, Loss: 22.6666, Entropy: 1.0731, Epsilon: 0.010
2026-04-19 12:43:42 | INFO | Episode 6883 - Reward: -200.000, Length: 200, Loss: 22.6145, Entropy: 1.0838, Epsilon: 0.010
2026-04-19 12:43:42 | INFO | Episode 6884 - Reward: -200.000, Length: 200, Loss: 9.4189, Entropy: 1.0836, Epsilon: 0.010
2026-04-19 12:43:43 | INFO | Episode 6885 - Reward: -200.000, Length: 200, Loss: 22.7896, Entropy: 1.0790, Epsilon: 0.010
2026-04-19 12:43:43 | INFO | Episode 6886 - Reward: -200.000, Length: 200, Loss: 12.9995, Entropy: 1.0723, Epsilon: 0.010
2026-04-19 12:43:43 | INFO | Episode 6887 - Reward: -200.000, Length: 200, Loss: 29.5013, Entropy: 1.0121, Epsilon: 0.010
2026-04-19 12:43:44 | INFO | Episode 6888 - Reward: -200.000, Length: 200, Loss: 22.7853, Entropy: 1.0679, Epsilon: 0.010
2026-04-19 12:43:44 | INFO | Episode 6889 - Reward: -200.000, Length: 200, Loss: 15.5121, Entropy: 1.0853, Epsilon: 0.010
2026-04-19 12:43:45 | INFO | Episode 6890 - Reward: -200.000, Length: 200, Loss: 9.3299, Entropy: 1.0824, Epsilon: 0.010
2026-04-19 12:43:45 | INFO | Episode 6891 - Reward: -200.000, Length: 200, Loss: 15.3483, Entropy: 1.0711, Epsilon: 0.010
2026-04-19 12:43:45 | INFO | Episode 6892 - Reward: -200.000, Length: 200, Loss: 12.7187, Entropy: 1.0818, Epsilon: 0.010
2026-04-19 12:43:46 | INFO | Episode 6893 - Reward: -200.000, Length: 200, Loss: 18.6389, Entropy: 1.0722, Epsilon: 0.010
2026-04-19 12:43:46 | INFO | Episode 6894 - Reward: -200.000, Length: 200, Loss: 19.4401, Entropy: 1.0779, Epsilon: 0.010
2026-04-19 12:43:47 | INFO | Episode 6895 - Reward: -200.000, Length: 200, Loss: 25.8594, Entropy: 1.0702, Epsilon: 0.010
2026-04-19 12:43:47 | INFO | Episode 6896 - Reward: -200.000, Length: 200, Loss: 19.3517, Entropy: 1.0817, Epsilon: 0.010
2026-04-19 12:43:47 | INFO | Episode 6897 - Reward: -200.000, Length: 200, Loss: 9.5049, Entropy: 1.0830, Epsilon: 0.010
2026-04-19 12:43:48 | INFO | Episode 6898 - Reward: -200.000, Length: 200, Loss: 16.1984, Entropy: 1.0655, Epsilon: 0.010
2026-04-19 12:43:48 | INFO | Episode 6899 - Reward: -200.000, Length: 200, Loss: 9.5761, Entropy: 1.0704, Epsilon: 0.010
2026-04-19 12:43:49 | INFO | Episode 6900 - Reward: -200.000, Length: 200, Loss: 21.7449, Entropy: 1.0121, Epsilon: 0.010
2026-04-19 12:43:53 | INFO | [Episode 6900] eps=0.010  avg_reward=-200.000  avg_length=200.00  avg_loss= 16.7518  avg_entropy=1.0121  eval_success=0.000
2026-04-19 12:43:54 | INFO | Episode 6901 - Reward: -200.000, Length: 200, Loss: 21.7628, Entropy: 1.0702, Epsilon: 0.010
2026-04-19 12:43:55 | INFO | Episode 6902 - Reward: -200.000, Length: 200, Loss: 18.5671, Entropy: 1.0795, Epsilon: 0.010
2026-04-19 12:43:56 | INFO | Episode 6903 - Reward: -200.000, Length: 200, Loss: 22.0248, Entropy: 1.0771, Epsilon: 0.010
2026-04-19 12:43:57 | INFO | Episode 6904 - Reward: -200.000, Length: 200, Loss: 12.3194, Entropy: 1.0791, Epsilon: 0.010
2026-04-19 12:43:57 | INFO | Episode 6905 - Reward: -200.000, Length: 200, Loss: 9.4521, Entropy: 1.0851, Epsilon: 0.010
2026-04-19 12:43:58 | INFO | Episode 6906 - Reward: -200.000, Length: 200, Loss: 18.7158, Entropy: 1.0656, Epsilon: 0.010
2026-04-19 12:43:58 | INFO | Episode 6907 - Reward: -200.000, Length: 200, Loss: 9.4099, Entropy: 1.0791, Epsilon: 0.010
2026-04-19 12:43:59 | INFO | Episode 6908 - Reward: -200.000, Length: 200, Loss: 25.8801, Entropy: 1.0448, Epsilon: 0.010
2026-04-19 12:44:00 | INFO | Episode 6909 - Reward: -200.000, Length: 200, Loss: 6.3568, Entropy: 1.0726, Epsilon: 0.010
2026-04-19 12:44:00 | INFO | Episode 6910 - Reward: -200.000, Length: 200, Loss: 9.4389, Entropy: 1.0718, Epsilon: 0.010
2026-04-19 12:44:01 | INFO | Episode 6911 - Reward: -200.000, Length: 200, Loss: 6.3034, Entropy: 1.0909, Epsilon: 0.010
2026-04-19 12:44:01 | INFO | Episode 6912 - Reward: -200.000, Length: 200, Loss: 12.4812, Entropy: 1.0833, Epsilon: 0.010
2026-04-19 12:44:02 | INFO | Episode 6913 - Reward: -200.000, Length: 200, Loss: 25.9095, Entropy: 1.0791, Epsilon: 0.010
2026-04-19 12:44:03 | INFO | Episode 6914 - Reward: -200.000, Length: 200, Loss: 16.3980, Entropy: 1.0868, Epsilon: 0.010
2026-04-19 12:44:03 | INFO | Episode 6915 - Reward: -200.000, Length: 200, Loss: 19.8871, Entropy: 1.0482, Epsilon: 0.010
2026-04-19 12:44:04 | INFO | Episode 6916 - Reward: -200.000, Length: 200, Loss: 9.8074, Entropy: 1.0749, Epsilon: 0.010
2026-04-19 12:44:04 | INFO | Episode 6917 - Reward: -200.000, Length: 200, Loss: 9.7809, Entropy: 1.0811, Epsilon: 0.010
2026-04-19 12:44:05 | INFO | Episode 6918 - Reward: -200.000, Length: 200, Loss: 32.8845, Entropy: 1.0666, Epsilon: 0.010
2026-04-19 12:44:05 | INFO | Episode 6919 - Reward: -200.000, Length: 200, Loss: 12.6074, Entropy: 1.0786, Epsilon: 0.010
2026-04-19 12:44:06 | INFO | Episode 6920 - Reward: -200.000, Length: 200, Loss: 22.2554, Entropy: 1.0690, Epsilon: 0.010
2026-04-19 12:44:06 | INFO | Episode 6921 - Reward: -200.000, Length: 200, Loss: 6.3651, Entropy: 1.0750, Epsilon: 0.010
2026-04-19 12:44:07 | INFO | Episode 6922 - Reward: -200.000, Length: 200, Loss: 34.6915, Entropy: 1.0431, Epsilon: 0.010
2026-04-19 12:44:07 | INFO | Episode 6923 - Reward: -200.000, Length: 200, Loss: 15.6006, Entropy: 1.0864, Epsilon: 0.010
2026-04-19 12:44:08 | INFO | Episode 6924 - Reward: -200.000, Length: 200, Loss: 12.2785, Entropy: 1.0665, Epsilon: 0.010
2026-04-19 12:44:08 | INFO | Episode 6925 - Reward: -200.000, Length: 200, Loss: 9.3685, Entropy: 1.0847, Epsilon: 0.010
2026-04-19 12:44:08 | INFO | Episode 6926 - Reward: -200.000, Length: 200, Loss: 15.7027, Entropy: 1.0878, Epsilon: 0.010
2026-04-19 12:44:09 | INFO | Episode 6927 - Reward: -200.000, Length: 200, Loss: 12.3222, Entropy: 1.0800, Epsilon: 0.010
2026-04-19 12:44:09 | INFO | Episode 6928 - Reward: -200.000, Length: 200, Loss: 12.5578, Entropy: 1.0813, Epsilon: 0.010
2026-04-19 12:44:10 | INFO | Episode 6929 - Reward: -200.000, Length: 200, Loss: 15.5977, Entropy: 1.0877, Epsilon: 0.010
2026-04-19 12:44:10 | INFO | Episode 6930 - Reward: -200.000, Length: 200, Loss: 22.3934, Entropy: 1.0759, Epsilon: 0.010
2026-04-19 12:44:10 | INFO | Episode 6931 - Reward: -200.000, Length: 200, Loss: 24.5209, Entropy: 1.0701, Epsilon: 0.010
2026-04-19 12:44:11 | INFO | Episode 6932 - Reward: -200.000, Length: 200, Loss: 15.4057, Entropy: 1.0720, Epsilon: 0.010
2026-04-19 12:44:11 | INFO | Episode 6933 - Reward: -200.000, Length: 200, Loss: 12.1520, Entropy: 1.0859, Epsilon: 0.010
2026-04-19 12:44:12 | INFO | Episode 6934 - Reward: -200.000, Length: 200, Loss: 5.9026, Entropy: 1.0837, Epsilon: 0.010
2026-04-19 12:44:12 | INFO | Episode 6935 - Reward: -200.000, Length: 200, Loss: 15.2804, Entropy: 1.0569, Epsilon: 0.010
2026-04-19 12:44:13 | INFO | Episode 6936 - Reward: -200.000, Length: 200, Loss: 12.1223, Entropy: 1.0632, Epsilon: 0.010
2026-04-19 12:44:14 | INFO | Episode 6937 - Reward: -200.000, Length: 200, Loss: 20.6531, Entropy: 1.0731, Epsilon: 0.010
2026-04-19 12:44:14 | INFO | Episode 6938 - Reward: -200.000, Length: 200, Loss: 24.7908, Entropy: 1.0773, Epsilon: 0.010
2026-04-19 12:44:14 | INFO | Episode 6939 - Reward: -200.000, Length: 200, Loss: 15.4289, Entropy: 1.0764, Epsilon: 0.010
2026-04-19 12:44:15 | INFO | Episode 6940 - Reward: -200.000, Length: 200, Loss: 21.4660, Entropy: 1.0679, Epsilon: 0.010
2026-04-19 12:44:15 | INFO | Episode 6941 - Reward: -200.000, Length: 200, Loss: 21.7088, Entropy: 1.0750, Epsilon: 0.010
2026-04-19 12:44:16 | INFO | Episode 6942 - Reward: -200.000, Length: 200, Loss: 12.3758, Entropy: 1.0854, Epsilon: 0.010
2026-04-19 12:44:16 | INFO | Episode 6943 - Reward: -200.000, Length: 200, Loss: 15.1788, Entropy: 1.0705, Epsilon: 0.010
2026-04-19 12:44:17 | INFO | Episode 6944 - Reward: -200.000, Length: 200, Loss: 21.9145, Entropy: 1.0741, Epsilon: 0.010
2026-04-19 12:44:17 | INFO | Episode 6945 - Reward: -200.000, Length: 200, Loss: 18.5389, Entropy: 1.0655, Epsilon: 0.010
2026-04-19 12:44:17 | INFO | Episode 6946 - Reward: -200.000, Length: 200, Loss: 15.4948, Entropy: 1.0734, Epsilon: 0.010
2026-04-19 12:44:18 | INFO | Episode 6947 - Reward: -200.000, Length: 200, Loss: 6.1307, Entropy: 1.0842, Epsilon: 0.010
2026-04-19 12:44:18 | INFO | Episode 6948 - Reward: -200.000, Length: 200, Loss: 5.9684, Entropy: 1.0765, Epsilon: 0.010
2026-04-19 12:44:19 | INFO | Episode 6949 - Reward: -200.000, Length: 200, Loss: 21.9656, Entropy: 1.0816, Epsilon: 0.010
2026-04-19 12:44:19 | INFO | Episode 6950 - Reward: -200.000, Length: 200, Loss: 12.3076, Entropy: 1.0769, Epsilon: 0.010
2026-04-19 12:44:20 | INFO | Episode 6951 - Reward: -200.000, Length: 200, Loss: 5.9949, Entropy: 1.0881, Epsilon: 0.010
2026-04-19 12:44:20 | INFO | Episode 6952 - Reward: -200.000, Length: 200, Loss: 15.8875, Entropy: 1.0808, Epsilon: 0.010
2026-04-19 12:44:21 | INFO | Episode 6953 - Reward: -200.000, Length: 200, Loss: 22.1662, Entropy: 1.0890, Epsilon: 0.010
2026-04-19 12:44:21 | INFO | Episode 6954 - Reward: -200.000, Length: 200, Loss: 22.5264, Entropy: 1.0643, Epsilon: 0.010
2026-04-19 12:44:21 | INFO | Episode 6955 - Reward: -200.000, Length: 200, Loss: 31.2424, Entropy: 1.0833, Epsilon: 0.010
2026-04-19 12:44:22 | INFO | Episode 6956 - Reward: -200.000, Length: 200, Loss: 11.9278, Entropy: 1.0846, Epsilon: 0.010
2026-04-19 12:44:22 | INFO | Episode 6957 - Reward: -200.000, Length: 200, Loss: 32.7692, Entropy: 1.0723, Epsilon: 0.010
2026-04-19 12:44:23 | INFO | Episode 6958 - Reward: -200.000, Length: 200, Loss: 20.8130, Entropy: 1.0741, Epsilon: 0.010
2026-04-19 12:44:23 | INFO | Episode 6959 - Reward: -200.000, Length: 200, Loss: 9.0214, Entropy: 1.0680, Epsilon: 0.010
2026-04-19 12:44:24 | INFO | Episode 6960 - Reward: -200.000, Length: 200, Loss: 11.9527, Entropy: 1.0848, Epsilon: 0.010
2026-04-19 12:44:24 | INFO | Episode 6961 - Reward: -200.000, Length: 200, Loss: 12.1555, Entropy: 1.0896, Epsilon: 0.010
2026-04-19 12:44:24 | INFO | Episode 6962 - Reward: -200.000, Length: 200, Loss: 17.6350, Entropy: 1.0817, Epsilon: 0.010
2026-04-19 12:44:25 | INFO | Episode 6963 - Reward: -200.000, Length: 200, Loss: 12.2402, Entropy: 1.0799, Epsilon: 0.010
2026-04-19 12:44:25 | INFO | Episode 6964 - Reward: -200.000, Length: 200, Loss: 14.7221, Entropy: 1.0821, Epsilon: 0.010
2026-04-19 12:44:26 | INFO | Episode 6965 - Reward: -200.000, Length: 200, Loss: 2.9618, Entropy: 1.0907, Epsilon: 0.010
2026-04-19 12:44:26 | INFO | Episode 6966 - Reward: -200.000, Length: 200, Loss: 15.6523, Entropy: 1.0770, Epsilon: 0.010
2026-04-19 12:44:27 | INFO | Episode 6967 - Reward: -200.000, Length: 200, Loss: 8.9439, Entropy: 1.0852, Epsilon: 0.010
2026-04-19 12:44:27 | INFO | Episode 6968 - Reward: -200.000, Length: 200, Loss: 8.7485, Entropy: 1.0769, Epsilon: 0.010
2026-04-19 12:44:27 | INFO | Episode 6969 - Reward: -200.000, Length: 200, Loss: 21.5625, Entropy: 1.0601, Epsilon: 0.010
2026-04-19 12:44:28 | INFO | Episode 6970 - Reward: -200.000, Length: 200, Loss: 27.4000, Entropy: 1.0606, Epsilon: 0.010
2026-04-19 12:44:28 | INFO | Episode 6971 - Reward: -200.000, Length: 200, Loss: 17.7543, Entropy: 1.0529, Epsilon: 0.010
2026-04-19 12:44:29 | INFO | Episode 6972 - Reward: -200.000, Length: 200, Loss: 26.6936, Entropy: 1.0678, Epsilon: 0.010
2026-04-19 12:44:29 | INFO | Episode 6973 - Reward: -200.000, Length: 200, Loss: 18.4296, Entropy: 1.0778, Epsilon: 0.010
2026-04-19 12:44:30 | INFO | Episode 6974 - Reward: -200.000, Length: 200, Loss: 21.5913, Entropy: 1.0734, Epsilon: 0.010
2026-04-19 12:44:30 | INFO | Episode 6975 - Reward: -200.000, Length: 200, Loss: 12.4509, Entropy: 1.0497, Epsilon: 0.010
2026-04-19 12:44:30 | INFO | Episode 6976 - Reward: -200.000, Length: 200, Loss: 9.1690, Entropy: 1.0918, Epsilon: 0.010
2026-04-19 12:44:31 | INFO | Episode 6977 - Reward: -200.000, Length: 200, Loss: 15.1502, Entropy: 1.0837, Epsilon: 0.010
2026-04-19 12:44:31 | INFO | Episode 6978 - Reward: -200.000, Length: 200, Loss: 21.5588, Entropy: 1.0813, Epsilon: 0.010
2026-04-19 12:44:32 | INFO | Episode 6979 - Reward: -200.000, Length: 200, Loss: 15.6304, Entropy: 1.0874, Epsilon: 0.010
2026-04-19 12:44:32 | INFO | Episode 6980 - Reward: -200.000, Length: 200, Loss: 11.7741, Entropy: 1.0785, Epsilon: 0.010
2026-04-19 12:44:33 | INFO | Episode 6981 - Reward: -200.000, Length: 200, Loss: 15.4762, Entropy: 1.0720, Epsilon: 0.010
2026-04-19 12:44:33 | INFO | Episode 6982 - Reward: -200.000, Length: 200, Loss: 27.1316, Entropy: 1.0787, Epsilon: 0.010
2026-04-19 12:44:33 | INFO | Episode 6983 - Reward: -200.000, Length: 200, Loss: 24.4227, Entropy: 1.0904, Epsilon: 0.010
2026-04-19 12:44:34 | INFO | Episode 6984 - Reward: -200.000, Length: 200, Loss: 8.5245, Entropy: 1.0847, Epsilon: 0.010
2026-04-19 12:44:34 | INFO | Episode 6985 - Reward: -200.000, Length: 200, Loss: 11.5962, Entropy: 1.0747, Epsilon: 0.010
2026-04-19 12:44:35 | INFO | Episode 6986 - Reward: -200.000, Length: 200, Loss: 18.0075, Entropy: 1.0821, Epsilon: 0.010
2026-04-19 12:44:35 | INFO | Episode 6987 - Reward: -200.000, Length: 200, Loss: 8.8659, Entropy: 1.0845, Epsilon: 0.010
2026-04-19 12:44:36 | INFO | Episode 6988 - Reward: -200.000, Length: 200, Loss: 12.2508, Entropy: 1.0766, Epsilon: 0.010
2026-04-19 12:44:36 | INFO | Episode 6989 - Reward: -200.000, Length: 200, Loss: 14.4966, Entropy: 1.0838, Epsilon: 0.010
2026-04-19 12:44:36 | INFO | Episode 6990 - Reward: -200.000, Length: 200, Loss: 14.5009, Entropy: 1.0854, Epsilon: 0.010
2026-04-19 12:44:37 | INFO | Episode 6991 - Reward: -200.000, Length: 200, Loss: 14.9483, Entropy: 1.0846, Epsilon: 0.010
2026-04-19 12:44:37 | INFO | Episode 6992 - Reward: -200.000, Length: 200, Loss: 8.9759, Entropy: 1.0865, Epsilon: 0.010
2026-04-19 12:44:38 | INFO | Episode 6993 - Reward: -200.000, Length: 200, Loss: 17.8101, Entropy: 1.0781, Epsilon: 0.010
2026-04-19 12:44:38 | INFO | Episode 6994 - Reward: -200.000, Length: 200, Loss: 14.5514, Entropy: 1.0743, Epsilon: 0.010
2026-04-19 12:44:39 | INFO | Episode 6995 - Reward: -200.000, Length: 200, Loss: 8.7735, Entropy: 1.0894, Epsilon: 0.010
2026-04-19 12:44:39 | INFO | Episode 6996 - Reward: -200.000, Length: 200, Loss: 21.0552, Entropy: 1.0799, Epsilon: 0.010
2026-04-19 12:44:39 | INFO | Episode 6997 - Reward: -200.000, Length: 200, Loss: 14.8815, Entropy: 1.0775, Epsilon: 0.010
2026-04-19 12:44:40 | INFO | Episode 6998 - Reward: -200.000, Length: 200, Loss: 5.9139, Entropy: 1.0903, Epsilon: 0.010
2026-04-19 12:44:40 | INFO | Episode 6999 - Reward: -200.000, Length: 200, Loss: 8.8909, Entropy: 1.0891, Epsilon: 0.010
2026-04-19 12:44:41 | INFO | Episode 7000 - Reward: -200.000, Length: 200, Loss: 14.7678, Entropy: 1.0812, Epsilon: 0.010
2026-04-19 12:44:46 | INFO | [Episode 7000] eps=0.010  avg_reward=-200.000  avg_length=200.00  avg_loss= 15.8079  avg_entropy=1.0812  eval_success=0.000
2026-04-19 12:44:47 | INFO | Episode 7001 - Reward: -200.000, Length: 200, Loss: 18.3412, Entropy: 1.0795, Epsilon: 0.010
2026-04-19 12:44:47 | INFO | Episode 7002 - Reward: -200.000, Length: 200, Loss: 5.5523, Entropy: 1.0812, Epsilon: 0.010
2026-04-19 12:44:48 | INFO | Episode 7003 - Reward: -200.000, Length: 200, Loss: 17.6272, Entropy: 1.0690, Epsilon: 0.010
2026-04-19 12:44:48 | INFO | Episode 7004 - Reward: -200.000, Length: 200, Loss: 11.8747, Entropy: 1.0754, Epsilon: 0.010
2026-04-19 12:44:48 | INFO | Episode 7005 - Reward: -200.000, Length: 200, Loss: 14.6759, Entropy: 1.0762, Epsilon: 0.010
2026-04-19 12:44:49 | INFO | Episode 7006 - Reward: -200.000, Length: 200, Loss: 24.3320, Entropy: 1.0650, Epsilon: 0.010
2026-04-19 12:44:49 | INFO | Episode 7007 - Reward: -200.000, Length: 200, Loss: 5.8296, Entropy: 1.0880, Epsilon: 0.010
2026-04-19 12:44:50 | INFO | Episode 7008 - Reward: -200.000, Length: 200, Loss: 11.6708, Entropy: 1.0849, Epsilon: 0.010
2026-04-19 12:44:50 | INFO | Episode 7009 - Reward: -200.000, Length: 200, Loss: 15.2198, Entropy: 1.0856, Epsilon: 0.010
2026-04-19 12:44:51 | INFO | Episode 7010 - Reward: -200.000, Length: 200, Loss: 8.6316, Entropy: 1.0894, Epsilon: 0.010
2026-04-19 12:44:51 | INFO | Episode 7011 - Reward: -200.000, Length: 200, Loss: 17.4540, Entropy: 1.0650, Epsilon: 0.010
2026-04-19 12:44:51 | INFO | Episode 7012 - Reward: -200.000, Length: 200, Loss: 8.4934, Entropy: 1.0628, Epsilon: 0.010
2026-04-19 12:44:52 | INFO | Episode 7013 - Reward: -200.000, Length: 200, Loss: 20.3141, Entropy: 1.0658, Epsilon: 0.010
2026-04-19 12:44:52 | INFO | Episode 7014 - Reward: -200.000, Length: 200, Loss: 8.7193, Entropy: 1.0748, Epsilon: 0.010
2026-04-19 12:44:53 | INFO | Episode 7015 - Reward: -200.000, Length: 200, Loss: 9.0502, Entropy: 1.0874, Epsilon: 0.010
2026-04-19 12:44:53 | INFO | Episode 7016 - Reward: -200.000, Length: 200, Loss: 11.8943, Entropy: 1.0895, Epsilon: 0.010
2026-04-19 12:44:54 | INFO | Episode 7017 - Reward: -200.000, Length: 200, Loss: 14.9144, Entropy: 1.0742, Epsilon: 0.010
2026-04-19 12:44:54 | INFO | Episode 7018 - Reward: -200.000, Length: 200, Loss: 24.0228, Entropy: 1.0765, Epsilon: 0.010
2026-04-19 12:44:54 | INFO | Episode 7019 - Reward: -200.000, Length: 200, Loss: 23.1669, Entropy: 0.9917, Epsilon: 0.010
2026-04-19 12:44:55 | INFO | Episode 7020 - Reward: -200.000, Length: 200, Loss: 26.0789, Entropy: 1.0549, Epsilon: 0.010
2026-04-19 12:44:55 | INFO | Episode 7021 - Reward: -200.000, Length: 200, Loss: 20.4269, Entropy: 1.0857, Epsilon: 0.010
2026-04-19 12:44:56 | INFO | Episode 7022 - Reward: -200.000, Length: 200, Loss: 14.4425, Entropy: 1.0776, Epsilon: 0.010
2026-04-19 12:44:56 | INFO | Episode 7023 - Reward: -200.000, Length: 200, Loss: 8.5643, Entropy: 1.0823, Epsilon: 0.010
2026-04-19 12:44:57 | INFO | Episode 7024 - Reward: -200.000, Length: 200, Loss: 20.8444, Entropy: 1.0801, Epsilon: 0.010
2026-04-19 12:44:57 | INFO | Episode 7025 - Reward: -200.000, Length: 200, Loss: 5.5716, Entropy: 1.0878, Epsilon: 0.010
2026-04-19 12:44:57 | INFO | Episode 7026 - Reward: -200.000, Length: 200, Loss: 12.0553, Entropy: 1.0857, Epsilon: 0.010
2026-04-19 12:44:58 | INFO | Episode 7027 - Reward: -200.000, Length: 200, Loss: 5.8831, Entropy: 1.0893, Epsilon: 0.010
2026-04-19 12:44:58 | INFO | Episode 7028 - Reward: -200.000, Length: 200, Loss: 23.8664, Entropy: 1.0758, Epsilon: 0.010
2026-04-19 12:44:59 | INFO | Episode 7029 - Reward: -200.000, Length: 200, Loss: 8.8588, Entropy: 1.0816, Epsilon: 0.010
2026-04-19 12:44:59 | INFO | Episode 7030 - Reward: -200.000, Length: 200, Loss: 23.4828, Entropy: 1.0871, Epsilon: 0.010
2026-04-19 12:44:59 | INFO | Episode 7031 - Reward: -200.000, Length: 200, Loss: 8.8431, Entropy: 1.0822, Epsilon: 0.010
2026-04-19 12:45:00 | INFO | Episode 7032 - Reward: -200.000, Length: 200, Loss: 17.8731, Entropy: 1.0762, Epsilon: 0.010
2026-04-19 12:45:00 | INFO | Episode 7033 - Reward: -200.000, Length: 200, Loss: 11.6480, Entropy: 1.0851, Epsilon: 0.010
2026-04-19 12:45:01 | INFO | Episode 7034 - Reward: -200.000, Length: 200, Loss: 8.6793, Entropy: 1.0703, Epsilon: 0.010
2026-04-19 12:45:01 | INFO | Episode 7035 - Reward: -200.000, Length: 200, Loss: 11.3847, Entropy: 1.0599, Epsilon: 0.010
2026-04-19 12:45:02 | INFO | Episode 7036 - Reward: -200.000, Length: 200, Loss: 23.5398, Entropy: 1.0620, Epsilon: 0.010
2026-04-19 12:45:02 | INFO | Episode 7037 - Reward: -200.000, Length: 200, Loss: 8.6030, Entropy: 1.0660, Epsilon: 0.010
2026-04-19 12:45:02 | INFO | Episode 7038 - Reward: -200.000, Length: 200, Loss: 15.1422, Entropy: 1.0791, Epsilon: 0.010
2026-04-19 12:45:03 | INFO | Episode 7039 - Reward: -200.000, Length: 200, Loss: 15.2063, Entropy: 1.0713, Epsilon: 0.010
2026-04-19 12:45:03 | INFO | Episode 7040 - Reward: -200.000, Length: 200, Loss: 18.2447, Entropy: 1.0522, Epsilon: 0.010
2026-04-19 12:45:04 | INFO | Episode 7041 - Reward: -200.000, Length: 200, Loss: 5.7732, Entropy: 1.0904, Epsilon: 0.010
2026-04-19 12:45:04 | INFO | Episode 7042 - Reward: -200.000, Length: 200, Loss: 11.8985, Entropy: 1.0907, Epsilon: 0.010
2026-04-19 12:45:05 | INFO | Episode 7043 - Reward: -200.000, Length: 200, Loss: 18.0143, Entropy: 1.0846, Epsilon: 0.010
2026-04-19 12:45:05 | INFO | Episode 7044 - Reward: -200.000, Length: 200, Loss: 8.6898, Entropy: 1.0832, Epsilon: 0.010
2026-04-19 12:45:05 | INFO | Episode 7045 - Reward: -200.000, Length: 200, Loss: 8.3609, Entropy: 1.0831, Epsilon: 0.010
2026-04-19 12:45:06 | INFO | Episode 7046 - Reward: -200.000, Length: 200, Loss: 11.6056, Entropy: 1.0844, Epsilon: 0.010
2026-04-19 12:45:06 | INFO | Episode 7047 - Reward: -200.000, Length: 200, Loss: 9.1203, Entropy: 1.0864, Epsilon: 0.010
2026-04-19 12:45:07 | INFO | Episode 7048 - Reward: -200.000, Length: 200, Loss: 17.5982, Entropy: 1.0754, Epsilon: 0.010
2026-04-19 12:45:07 | INFO | Episode 7049 - Reward: -200.000, Length: 200, Loss: 20.3989, Entropy: 1.0773, Epsilon: 0.010
2026-04-19 12:45:08 | INFO | Episode 7050 - Reward: -200.000, Length: 200, Loss: 17.6801, Entropy: 1.0714, Epsilon: 0.010
2026-04-19 12:45:08 | INFO | Episode 7051 - Reward: -200.000, Length: 200, Loss: 11.8259, Entropy: 1.0826, Epsilon: 0.010
2026-04-19 12:45:08 | INFO | Episode 7052 - Reward: -200.000, Length: 200, Loss: 8.9928, Entropy: 1.0814, Epsilon: 0.010
2026-04-19 12:45:09 | INFO | Episode 7053 - Reward: -200.000, Length: 200, Loss: 14.7215, Entropy: 1.0792, Epsilon: 0.010
2026-04-19 12:45:09 | INFO | Episode 7054 - Reward: -200.000, Length: 200, Loss: 5.9828, Entropy: 1.0748, Epsilon: 0.010
2026-04-19 12:45:10 | INFO | Episode 7055 - Reward: -200.000, Length: 200, Loss: 11.8477, Entropy: 1.0876, Epsilon: 0.010
2026-04-19 12:45:10 | INFO | Episode 7056 - Reward: -200.000, Length: 200, Loss: 15.0366, Entropy: 1.0878, Epsilon: 0.010
2026-04-19 12:45:10 | INFO | Episode 7057 - Reward: -200.000, Length: 200, Loss: 15.3954, Entropy: 1.0631, Epsilon: 0.010
2026-04-19 12:45:11 | INFO | Episode 7058 - Reward: -200.000, Length: 200, Loss: 15.0870, Entropy: 1.0832, Epsilon: 0.010
2026-04-19 12:45:11 | INFO | Episode 7059 - Reward: -200.000, Length: 200, Loss: 24.4438, Entropy: 1.0766, Epsilon: 0.010
2026-04-19 12:45:12 | INFO | Episode 7060 - Reward: -200.000, Length: 200, Loss: 12.0695, Entropy: 1.0747, Epsilon: 0.010
2026-04-19 12:45:12 | INFO | Episode 7061 - Reward: -200.000, Length: 200, Loss: 8.9249, Entropy: 1.0859, Epsilon: 0.010
2026-04-19 12:45:12 | INFO | Episode 7062 - Reward: -200.000, Length: 200, Loss: 21.6205, Entropy: 1.0617, Epsilon: 0.010
2026-04-19 12:45:13 | INFO | Episode 7063 - Reward: -200.000, Length: 200, Loss: 15.4978, Entropy: 1.0785, Epsilon: 0.010
2026-04-19 12:45:13 | INFO | Episode 7064 - Reward: -200.000, Length: 200, Loss: 18.2633, Entropy: 1.0872, Epsilon: 0.010
2026-04-19 12:45:13 | INFO | Episode 7065 - Reward: -200.000, Length: 200, Loss: 21.3620, Entropy: 1.0850, Epsilon: 0.010
2026-04-19 12:45:14 | INFO | Episode 7066 - Reward: -200.000, Length: 200, Loss: 9.3179, Entropy: 1.0754, Epsilon: 0.010
2026-04-19 12:45:14 | INFO | Episode 7067 - Reward: -200.000, Length: 200, Loss: 21.7889, Entropy: 1.0748, Epsilon: 0.010
2026-04-19 12:45:15 | INFO | Episode 7068 - Reward: -200.000, Length: 200, Loss: 15.8201, Entropy: 1.0576, Epsilon: 0.010
2026-04-19 12:45:15 | INFO | Episode 7069 - Reward: -200.000, Length: 200, Loss: 22.2481, Entropy: 1.0744, Epsilon: 0.010
2026-04-19 12:45:15 | INFO | Episode 7070 - Reward: -200.000, Length: 200, Loss: 19.3050, Entropy: 1.0791, Epsilon: 0.010
2026-04-19 12:45:16 | INFO | Episode 7071 - Reward: -200.000, Length: 200, Loss: 22.6363, Entropy: 1.0872, Epsilon: 0.010
2026-04-19 12:45:16 | INFO | Episode 7072 - Reward: -200.000, Length: 200, Loss: 28.2262, Entropy: 1.0711, Epsilon: 0.010
2026-04-19 12:45:16 | INFO | Episode 7073 - Reward: -200.000, Length: 200, Loss: 9.7628, Entropy: 1.0682, Epsilon: 0.010
2026-04-19 12:45:17 | INFO | Episode 7074 - Reward: -200.000, Length: 200, Loss: 12.9571, Entropy: 1.0656, Epsilon: 0.010
2026-04-19 12:45:17 | INFO | Episode 7075 - Reward: -200.000, Length: 200, Loss: 6.5272, Entropy: 1.0757, Epsilon: 0.010
2026-04-19 12:45:18 | INFO | Episode 7076 - Reward: -200.000, Length: 200, Loss: 28.9444, Entropy: 1.0785, Epsilon: 0.010
2026-04-19 12:45:18 | INFO | Episode 7077 - Reward: -200.000, Length: 200, Loss: 16.0722, Entropy: 1.0792, Epsilon: 0.010
2026-04-19 12:45:18 | INFO | Episode 7078 - Reward: -200.000, Length: 200, Loss: 6.5306, Entropy: 1.0850, Epsilon: 0.010
2026-04-19 12:45:19 | INFO | Episode 7079 - Reward: -200.000, Length: 200, Loss: 19.9343, Entropy: 1.0736, Epsilon: 0.010
2026-04-19 12:45:20 | INFO | Episode 7080 - Reward: -200.000, Length: 200, Loss: 16.2657, Entropy: 1.0691, Epsilon: 0.010
2026-04-19 12:45:20 | INFO | Episode 7081 - Reward: -200.000, Length: 200, Loss: 19.8498, Entropy: 1.0886, Epsilon: 0.010
2026-04-19 12:45:20 | INFO | Episode 7082 - Reward: -200.000, Length: 200, Loss: 19.1151, Entropy: 1.0701, Epsilon: 0.010
2026-04-19 12:45:21 | INFO | Episode 7083 - Reward: -200.000, Length: 200, Loss: 12.9098, Entropy: 1.0763, Epsilon: 0.010
2026-04-19 12:45:21 | INFO | Episode 7084 - Reward: -200.000, Length: 200, Loss: 23.2017, Entropy: 1.0837, Epsilon: 0.010
2026-04-19 12:45:21 | INFO | Episode 7085 - Reward: -200.000, Length: 200, Loss: 6.7161, Entropy: 1.0894, Epsilon: 0.010
2026-04-19 12:45:22 | INFO | Episode 7086 - Reward: -200.000, Length: 200, Loss: 3.3390, Entropy: 1.0887, Epsilon: 0.010
2026-04-19 12:45:22 | INFO | Episode 7087 - Reward: -200.000, Length: 200, Loss: 10.1055, Entropy: 1.0825, Epsilon: 0.010
2026-04-19 12:45:23 | INFO | Episode 7088 - Reward: -200.000, Length: 200, Loss: 20.1815, Entropy: 1.0812, Epsilon: 0.010
2026-04-19 12:45:23 | INFO | Episode 7089 - Reward: -200.000, Length: 200, Loss: 35.7892, Entropy: 1.0480, Epsilon: 0.010
2026-04-19 12:45:23 | INFO | Episode 7090 - Reward: -200.000, Length: 200, Loss: 34.1801, Entropy: 0.9996, Epsilon: 0.010
2026-04-19 12:45:24 | INFO | Episode 7091 - Reward: -200.000, Length: 200, Loss: 12.7810, Entropy: 1.0623, Epsilon: 0.010
2026-04-19 12:45:24 | INFO | Episode 7092 - Reward: -200.000, Length: 200, Loss: 16.2124, Entropy: 1.0812, Epsilon: 0.010
2026-04-19 12:45:24 | INFO | Episode 7093 - Reward: -200.000, Length: 200, Loss: 19.4101, Entropy: 1.0740, Epsilon: 0.010
2026-04-19 12:45:25 | INFO | Episode 7094 - Reward: -200.000, Length: 200, Loss: 13.0369, Entropy: 1.0623, Epsilon: 0.010
2026-04-19 12:45:25 | INFO | Episode 7095 - Reward: -200.000, Length: 200, Loss: 9.8946, Entropy: 1.0781, Epsilon: 0.010
2026-04-19 12:45:26 | INFO | Episode 7096 - Reward: -200.000, Length: 200, Loss: 3.1831, Entropy: 1.0848, Epsilon: 0.010
2026-04-19 12:45:26 | INFO | Episode 7097 - Reward: -200.000, Length: 200, Loss: 2.9633, Entropy: 1.0885, Epsilon: 0.010
2026-04-19 12:45:26 | INFO | Episode 7098 - Reward: -200.000, Length: 200, Loss: 29.0331, Entropy: 1.0664, Epsilon: 0.010
2026-04-19 12:45:29 | INFO | Episode 7099 - Reward: -200.000, Length: 200, Loss: 18.9229, Entropy: 1.0772, Epsilon: 0.010
2026-04-19 12:45:29 | INFO | Episode 7100 - Reward: -200.000, Length: 200, Loss: 19.0900, Entropy: 1.0455, Epsilon: 0.010
2026-04-19 12:45:34 | INFO | [Episode 7100] eps=0.010  avg_reward=-200.000  avg_length=200.00  avg_loss= 15.1749  avg_entropy=1.0455  eval_success=0.000
2026-04-19 12:45:34 | INFO | Episode 7101 - Reward: -200.000, Length: 200, Loss: 12.0503, Entropy: 1.0739, Epsilon: 0.010
2026-04-19 12:45:35 | INFO | Episode 7102 - Reward: -200.000, Length: 200, Loss: 3.0444, Entropy: 1.0905, Epsilon: 0.010
2026-04-19 12:45:35 | INFO | Episode 7103 - Reward: -200.000, Length: 200, Loss: 25.1145, Entropy: 1.0388, Epsilon: 0.010
2026-04-19 12:45:35 | INFO | Episode 7104 - Reward: -200.000, Length: 200, Loss: 18.6598, Entropy: 1.0756, Epsilon: 0.010
2026-04-19 12:45:36 | INFO | Episode 7105 - Reward: -200.000, Length: 200, Loss: 12.2984, Entropy: 1.0740, Epsilon: 0.010
2026-04-19 12:45:36 | INFO | Episode 7106 - Reward: -200.000, Length: 200, Loss: 19.7836, Entropy: 1.0087, Epsilon: 0.010
2026-04-19 12:45:37 | INFO | Episode 7107 - Reward: -200.000, Length: 200, Loss: 22.0272, Entropy: 1.0561, Epsilon: 0.010
2026-04-19 12:45:37 | INFO | Episode 7108 - Reward: -200.000, Length: 200, Loss: 15.5920, Entropy: 1.0692, Epsilon: 0.010
2026-04-19 12:45:37 | INFO | Episode 7109 - Reward: -200.000, Length: 200, Loss: 18.8157, Entropy: 1.0777, Epsilon: 0.010
2026-04-19 12:45:38 | INFO | Episode 7110 - Reward: -200.000, Length: 200, Loss: 6.0363, Entropy: 1.0851, Epsilon: 0.010
2026-04-19 12:45:38 | INFO | Episode 7111 - Reward: -200.000, Length: 200, Loss: 15.5368, Entropy: 1.0891, Epsilon: 0.010
2026-04-19 12:45:38 | INFO | Episode 7112 - Reward: -200.000, Length: 200, Loss: 25.4639, Entropy: 1.0602, Epsilon: 0.010
2026-04-19 12:45:39 | INFO | Episode 7113 - Reward: -200.000, Length: 200, Loss: 31.8229, Entropy: 1.0685, Epsilon: 0.010
2026-04-19 12:45:39 | INFO | Episode 7114 - Reward: -200.000, Length: 200, Loss: 16.0387, Entropy: 1.0809, Epsilon: 0.010
2026-04-19 12:45:40 | INFO | Episode 7115 - Reward: -200.000, Length: 200, Loss: 2.9695, Entropy: 1.0879, Epsilon: 0.010
2026-04-19 12:45:40 | INFO | Episode 7116 - Reward: -200.000, Length: 200, Loss: 6.4176, Entropy: 1.0832, Epsilon: 0.010
2026-04-19 12:45:40 | INFO | Episode 7117 - Reward: -200.000, Length: 200, Loss: 6.5392, Entropy: 1.0813, Epsilon: 0.010
2026-04-19 12:45:41 | INFO | Episode 7118 - Reward: -200.000, Length: 200, Loss: 12.8759, Entropy: 1.0815, Epsilon: 0.010
2026-04-19 12:45:41 | INFO | Episode 7119 - Reward: -200.000, Length: 200, Loss: 9.4068, Entropy: 1.0855, Epsilon: 0.010
2026-04-19 12:45:41 | INFO | Episode 7120 - Reward: -200.000, Length: 200, Loss: 9.3784, Entropy: 1.0822, Epsilon: 0.010
2026-04-19 12:45:42 | INFO | Episode 7121 - Reward: -200.000, Length: 200, Loss: 16.2867, Entropy: 1.0696, Epsilon: 0.010
2026-04-19 12:45:42 | INFO | Episode 7122 - Reward: -200.000, Length: 200, Loss: 12.9833, Entropy: 1.0874, Epsilon: 0.010
2026-04-19 12:45:43 | INFO | Episode 7123 - Reward: -200.000, Length: 200, Loss: 6.6172, Entropy: 1.0859, Epsilon: 0.010
2026-04-19 12:45:43 | INFO | Episode 7124 - Reward: -200.000, Length: 200, Loss: 13.6047, Entropy: 1.0754, Epsilon: 0.010
2026-04-19 12:45:43 | INFO | Episode 7125 - Reward: -200.000, Length: 200, Loss: 13.2655, Entropy: 1.0806, Epsilon: 0.010
2026-04-19 12:45:44 | INFO | Episode 7126 - Reward: -200.000, Length: 200, Loss: 2.8826, Entropy: 1.0907, Epsilon: 0.010
2026-04-19 12:45:44 | INFO | Episode 7127 - Reward: -200.000, Length: 200, Loss: 13.1573, Entropy: 1.0801, Epsilon: 0.010
2026-04-19 12:45:44 | INFO | Episode 7128 - Reward: -200.000, Length: 200, Loss: 10.0955, Entropy: 1.0834, Epsilon: 0.010
2026-04-19 12:45:45 | INFO | Episode 7129 - Reward: -200.000, Length: 200, Loss: 9.7056, Entropy: 1.0841, Epsilon: 0.010
2026-04-19 12:45:45 | INFO | Episode 7130 - Reward: -200.000, Length: 200, Loss: 6.3538, Entropy: 1.0885, Epsilon: 0.010
2026-04-19 12:45:46 | INFO | Episode 7131 - Reward: -200.000, Length: 200, Loss: 20.0586, Entropy: 1.0801, Epsilon: 0.010
2026-04-19 12:45:46 | INFO | Episode 7132 - Reward: -200.000, Length: 200, Loss: 10.0918, Entropy: 1.0858, Epsilon: 0.010
2026-04-19 12:45:46 | INFO | Episode 7133 - Reward: -200.000, Length: 200, Loss: 13.6151, Entropy: 1.0851, Epsilon: 0.010
2026-04-19 12:45:47 | INFO | Episode 7134 - Reward: -200.000, Length: 200, Loss: 16.8882, Entropy: 1.0775, Epsilon: 0.010
2026-04-19 12:45:47 | INFO | Episode 7135 - Reward: -200.000, Length: 200, Loss: 16.8008, Entropy: 1.0678, Epsilon: 0.010
2026-04-19 12:45:48 | INFO | Episode 7136 - Reward: -200.000, Length: 200, Loss: 24.0104, Entropy: 1.0842, Epsilon: 0.010
2026-04-19 12:45:48 | INFO | Episode 7137 - Reward: -200.000, Length: 200, Loss: 20.4740, Entropy: 1.0479, Epsilon: 0.010
2026-04-19 12:45:48 | INFO | Episode 7138 - Reward: -200.000, Length: 200, Loss: 31.1289, Entropy: 1.0531, Epsilon: 0.010
2026-04-19 12:45:49 | INFO | Episode 7139 - Reward: -200.000, Length: 200, Loss: 23.9787, Entropy: 1.0694, Epsilon: 0.010
2026-04-19 12:45:49 | INFO | Episode 7140 - Reward: -200.000, Length: 200, Loss: 17.0566, Entropy: 1.0762, Epsilon: 0.010
2026-04-19 12:45:49 | INFO | Episode 7141 - Reward: -200.000, Length: 200, Loss: 34.4345, Entropy: 1.0549, Epsilon: 0.010
2026-04-19 12:45:50 | INFO | Episode 7142 - Reward: -200.000, Length: 200, Loss: 20.3063, Entropy: 1.0781, Epsilon: 0.010
2026-04-19 12:45:50 | INFO | Episode 7143 - Reward: -200.000, Length: 200, Loss: 17.2719, Entropy: 1.0706, Epsilon: 0.010
2026-04-19 12:45:51 | INFO | Episode 7144 - Reward: -200.000, Length: 200, Loss: 16.3884, Entropy: 1.0677, Epsilon: 0.010
2026-04-19 12:45:51 | INFO | Episode 7145 - Reward: -200.000, Length: 200, Loss: 13.4282, Entropy: 1.0770, Epsilon: 0.010
2026-04-19 12:45:52 | INFO | Episode 7146 - Reward: -200.000, Length: 200, Loss: 13.1577, Entropy: 1.0842, Epsilon: 0.010
2026-04-19 12:45:52 | INFO | Episode 7147 - Reward: -200.000, Length: 200, Loss: 13.6314, Entropy: 1.0593, Epsilon: 0.010
2026-04-19 12:45:53 | INFO | Episode 7148 - Reward: -200.000, Length: 200, Loss: 9.2647, Entropy: 1.0868, Epsilon: 0.010
2026-04-19 12:45:53 | INFO | Episode 7149 - Reward: -200.000, Length: 200, Loss: 6.1689, Entropy: 1.0678, Epsilon: 0.010
2026-04-19 12:45:53 | INFO | Episode 7150 - Reward: -200.000, Length: 200, Loss: 16.4580, Entropy: 1.0876, Epsilon: 0.010
2026-04-19 12:45:54 | INFO | Episode 7151 - Reward: -200.000, Length: 200, Loss: 6.5947, Entropy: 1.0875, Epsilon: 0.010
2026-04-19 12:45:54 | INFO | Episode 7152 - Reward: -200.000, Length: 200, Loss: 10.0984, Entropy: 1.0835, Epsilon: 0.010
2026-04-19 12:45:54 | INFO | Episode 7153 - Reward: -200.000, Length: 200, Loss: -0.2083, Entropy: 1.0894, Epsilon: 0.010
2026-04-19 12:45:55 | INFO | Episode 7154 - Reward: -200.000, Length: 200, Loss: 16.3075, Entropy: 1.0834, Epsilon: 0.010
2026-04-19 12:45:55 | INFO | Episode 7155 - Reward: -200.000, Length: 200, Loss: 16.5199, Entropy: 1.0650, Epsilon: 0.010
2026-04-19 12:45:56 | INFO | Episode 7156 - Reward: -200.000, Length: 200, Loss: 3.3414, Entropy: 1.0819, Epsilon: 0.010
2026-04-19 12:45:56 | INFO | Episode 7157 - Reward: -200.000, Length: 200, Loss: 23.8678, Entropy: 1.0831, Epsilon: 0.010
2026-04-19 12:45:56 | INFO | Episode 7158 - Reward: -200.000, Length: 200, Loss: 13.4680, Entropy: 1.0722, Epsilon: 0.010
2026-04-19 12:45:57 | INFO | Episode 7159 - Reward: -200.000, Length: 200, Loss: 20.8777, Entropy: 1.0766, Epsilon: 0.010
2026-04-19 12:45:57 | INFO | Episode 7160 - Reward: -200.000, Length: 200, Loss: 13.5208, Entropy: 1.0814, Epsilon: 0.010
2026-04-19 12:45:57 | INFO | Episode 7161 - Reward: -200.000, Length: 200, Loss: 27.1376, Entropy: 1.0632, Epsilon: 0.010
2026-04-19 12:45:58 | INFO | Episode 7162 - Reward: -200.000, Length: 200, Loss: 23.6867, Entropy: 1.0446, Epsilon: 0.010
2026-04-19 12:45:58 | INFO | Episode 7163 - Reward: -200.000, Length: 200, Loss: 20.8626, Entropy: 1.0505, Epsilon: 0.010
2026-04-19 12:45:59 | INFO | Episode 7164 - Reward: -200.000, Length: 200, Loss: 22.6780, Entropy: 1.0579, Epsilon: 0.010
2026-04-19 12:45:59 | INFO | Episode 7165 - Reward: -200.000, Length: 200, Loss: 22.8483, Entropy: 1.0743, Epsilon: 0.010
2026-04-19 12:45:59 | INFO | Episode 7166 - Reward: -200.000, Length: 200, Loss: 33.5443, Entropy: 1.0654, Epsilon: 0.010
2026-04-19 12:46:00 | INFO | Episode 7167 - Reward: -200.000, Length: 200, Loss: 9.6131, Entropy: 1.0831, Epsilon: 0.010
2026-04-19 12:46:00 | INFO | Episode 7168 - Reward: -200.000, Length: 200, Loss: 25.2293, Entropy: 1.0196, Epsilon: 0.010
2026-04-19 12:46:00 | INFO | Episode 7169 - Reward: -200.000, Length: 200, Loss: 12.4806, Entropy: 1.0049, Epsilon: 0.010
2026-04-19 12:46:01 | INFO | Episode 7170 - Reward: -200.000, Length: 200, Loss: 9.5855, Entropy: 1.0814, Epsilon: 0.010
2026-04-19 12:46:01 | INFO | Episode 7171 - Reward: -200.000, Length: 200, Loss: 28.6587, Entropy: 1.0830, Epsilon: 0.010
2026-04-19 12:46:02 | INFO | Episode 7172 - Reward: -200.000, Length: 200, Loss: 22.6979, Entropy: 1.0723, Epsilon: 0.010
2026-04-19 12:46:02 | INFO | Episode 7173 - Reward: -200.000, Length: 200, Loss: 6.5405, Entropy: 1.0883, Epsilon: 0.010
2026-04-19 12:46:02 | INFO | Episode 7174 - Reward: -200.000, Length: 200, Loss: 10.0292, Entropy: 1.0570, Epsilon: 0.010
2026-04-19 12:46:03 | INFO | Episode 7175 - Reward: -200.000, Length: 200, Loss: 9.3793, Entropy: 1.0755, Epsilon: 0.010
2026-04-19 12:46:03 | INFO | Episode 7176 - Reward: -200.000, Length: 200, Loss: 12.4961, Entropy: 1.0483, Epsilon: 0.010
2026-04-19 12:46:03 | INFO | Episode 7177 - Reward: -200.000, Length: 200, Loss: 28.4819, Entropy: 1.0782, Epsilon: 0.010
2026-04-19 12:46:04 | INFO | Episode 7178 - Reward: -200.000, Length: 200, Loss: 22.2467, Entropy: 1.0640, Epsilon: 0.010
2026-04-19 12:46:04 | INFO | Episode 7179 - Reward: -200.000, Length: 200, Loss: 21.1778, Entropy: 1.0521, Epsilon: 0.010
2026-04-19 12:46:05 | INFO | Episode 7180 - Reward: -200.000, Length: 200, Loss: 15.5603, Entropy: 1.0495, Epsilon: 0.010
2026-04-19 12:46:05 | INFO | Episode 7181 - Reward: -200.000, Length: 200, Loss: 3.0920, Entropy: 1.0885, Epsilon: 0.010
2026-04-19 12:46:05 | INFO | Episode 7182 - Reward: -200.000, Length: 200, Loss: 15.4509, Entropy: 1.0783, Epsilon: 0.010
2026-04-19 12:46:06 | INFO | Episode 7183 - Reward: -200.000, Length: 200, Loss: 12.2158, Entropy: 1.0695, Epsilon: 0.010
2026-04-19 12:46:06 | INFO | Episode 7184 - Reward: -200.000, Length: 200, Loss: 18.9095, Entropy: 1.0501, Epsilon: 0.010
2026-04-19 12:46:06 | INFO | Episode 7185 - Reward: -200.000, Length: 200, Loss: 2.7466, Entropy: 1.0797, Epsilon: 0.010
2026-04-19 12:46:07 | INFO | Episode 7186 - Reward: -200.000, Length: 200, Loss: 9.6472, Entropy: 1.0892, Epsilon: 0.010
2026-04-19 12:46:07 | INFO | Episode 7187 - Reward: -200.000, Length: 200, Loss: 16.1240, Entropy: 1.0634, Epsilon: 0.010
2026-04-19 12:46:08 | INFO | Episode 7188 - Reward: -200.000, Length: 200, Loss: 28.1737, Entropy: 1.0539, Epsilon: 0.010
2026-04-19 12:46:08 | INFO | Episode 7189 - Reward: -200.000, Length: 200, Loss: 28.1592, Entropy: 1.0634, Epsilon: 0.010
2026-04-19 12:46:08 | INFO | Episode 7190 - Reward: -200.000, Length: 200, Loss: 9.1178, Entropy: 1.0729, Epsilon: 0.010
2026-04-19 12:46:09 | INFO | Episode 7191 - Reward: -200.000, Length: 200, Loss: 18.7862, Entropy: 1.0560, Epsilon: 0.010
2026-04-19 12:46:09 | INFO | Episode 7192 - Reward: -200.000, Length: 200, Loss: 9.3768, Entropy: 1.0731, Epsilon: 0.010
2026-04-19 12:46:09 | INFO | Episode 7193 - Reward: -200.000, Length: 200, Loss: 9.3360, Entropy: 1.0760, Epsilon: 0.010
2026-04-19 12:46:10 | INFO | Episode 7194 - Reward: -200.000, Length: 200, Loss: 12.7787, Entropy: 1.0790, Epsilon: 0.010
2026-04-19 12:46:10 | INFO | Episode 7195 - Reward: -200.000, Length: 200, Loss: 12.9238, Entropy: 1.0845, Epsilon: 0.010
2026-04-19 12:46:10 | INFO | Episode 7196 - Reward: -200.000, Length: 200, Loss: 15.5455, Entropy: 1.0807, Epsilon: 0.010
2026-04-19 12:46:11 | INFO | Episode 7197 - Reward: -200.000, Length: 200, Loss: 20.9600, Entropy: 1.0716, Epsilon: 0.010
2026-04-19 12:46:11 | INFO | Episode 7198 - Reward: -200.000, Length: 200, Loss: 15.8508, Entropy: 1.0816, Epsilon: 0.010
2026-04-19 12:46:12 | INFO | Episode 7199 - Reward: -200.000, Length: 200, Loss: 12.1903, Entropy: 1.0745, Epsilon: 0.010
2026-04-19 12:46:12 | INFO | Episode 7200 - Reward: -200.000, Length: 200, Loss: 24.1516, Entropy: 1.0861, Epsilon: 0.010
2026-04-19 12:46:17 | INFO | [Episode 7200] eps=0.010  avg_reward=-200.000  avg_length=200.00  avg_loss= 15.5430  avg_entropy=1.0861  eval_success=0.000
2026-04-19 12:46:17 | INFO | Episode 7201 - Reward: -200.000, Length: 200, Loss: 15.1216, Entropy: 1.0811, Epsilon: 0.010
2026-04-19 12:46:18 | INFO | Episode 7202 - Reward: -200.000, Length: 200, Loss: 8.8290, Entropy: 1.0868, Epsilon: 0.010
2026-04-19 12:46:18 | INFO | Episode 7203 - Reward: -200.000, Length: 200, Loss: 12.4468, Entropy: 1.0809, Epsilon: 0.010
2026-04-19 12:46:18 | INFO | Episode 7204 - Reward: -200.000, Length: 200, Loss: 15.5713, Entropy: 1.0874, Epsilon: 0.010
2026-04-19 12:46:19 | INFO | Episode 7205 - Reward: -200.000, Length: 200, Loss: 12.0086, Entropy: 1.0847, Epsilon: 0.010
2026-04-19 12:46:19 | INFO | Episode 7206 - Reward: -200.000, Length: 200, Loss: 18.0692, Entropy: 1.0689, Epsilon: 0.010
2026-04-19 12:46:20 | INFO | Episode 7207 - Reward: -200.000, Length: 200, Loss: 21.1749, Entropy: 1.0715, Epsilon: 0.010
2026-04-19 12:46:20 | INFO | Episode 7208 - Reward: -200.000, Length: 200, Loss: 18.7211, Entropy: 1.0809, Epsilon: 0.010
2026-04-19 12:46:20 | INFO | Episode 7209 - Reward: -200.000, Length: 200, Loss: 15.4516, Entropy: 1.0578, Epsilon: 0.010
2026-04-19 12:46:21 | INFO | Episode 7210 - Reward: -200.000, Length: 200, Loss: 12.5089, Entropy: 1.0849, Epsilon: 0.010
2026-04-19 12:46:21 | INFO | Episode 7211 - Reward: -200.000, Length: 200, Loss: 12.5096, Entropy: 1.0867, Epsilon: 0.010
2026-04-19 12:46:21 | INFO | Episode 7212 - Reward: -200.000, Length: 200, Loss: 15.5219, Entropy: 1.0820, Epsilon: 0.010
2026-04-19 12:46:22 | INFO | Episode 7213 - Reward: -200.000, Length: 200, Loss: 9.0689, Entropy: 1.0853, Epsilon: 0.010
2026-04-19 12:46:22 | INFO | Episode 7214 - Reward: -200.000, Length: 200, Loss: 9.4490, Entropy: 1.0748, Epsilon: 0.010
2026-04-19 12:46:22 | INFO | Episode 7215 - Reward: -200.000, Length: 200, Loss: 15.8383, Entropy: 1.0833, Epsilon: 0.010
2026-04-19 12:46:23 | INFO | Episode 7216 - Reward: -200.000, Length: 200, Loss: 6.5005, Entropy: 1.0811, Epsilon: 0.010
2026-04-19 12:46:23 | INFO | Episode 7217 - Reward: -200.000, Length: 200, Loss: 21.4399, Entropy: 1.0660, Epsilon: 0.010
2026-04-19 12:46:24 | INFO | Episode 7218 - Reward: -200.000, Length: 200, Loss: 19.2306, Entropy: 1.0765, Epsilon: 0.010
2026-04-19 12:46:25 | INFO | Episode 7219 - Reward: -200.000, Length: 200, Loss: 16.1319, Entropy: 1.0665, Epsilon: 0.010
2026-04-19 12:46:25 | INFO | Episode 7220 - Reward: -200.000, Length: 200, Loss: 6.1851, Entropy: 1.0810, Epsilon: 0.010
2026-04-19 12:46:25 | INFO | Episode 7221 - Reward: -200.000, Length: 200, Loss: 10.0462, Entropy: 1.0699, Epsilon: 0.010
2026-04-19 12:46:26 | INFO | Episode 7222 - Reward: -200.000, Length: 200, Loss: 32.8734, Entropy: 1.0609, Epsilon: 0.010
2026-04-19 12:46:26 | INFO | Episode 7223 - Reward: -200.000, Length: 200, Loss: 16.6333, Entropy: 1.0581, Epsilon: 0.010
2026-04-19 12:46:26 | INFO | Episode 7224 - Reward: -200.000, Length: 200, Loss: 29.5605, Entropy: 1.0840, Epsilon: 0.010
2026-04-19 12:46:27 | INFO | Episode 7225 - Reward: -200.000, Length: 200, Loss: 13.1562, Entropy: 1.0817, Epsilon: 0.010
2026-04-19 12:46:27 | INFO | Episode 7226 - Reward: -200.000, Length: 200, Loss: 6.5149, Entropy: 1.0860, Epsilon: 0.010
2026-04-19 12:46:28 | INFO | Episode 7227 - Reward: -200.000, Length: 200, Loss: 12.9677, Entropy: 1.0855, Epsilon: 0.010
2026-04-19 12:46:28 | INFO | Episode 7228 - Reward: -200.000, Length: 200, Loss: 16.8682, Entropy: 1.0793, Epsilon: 0.010
2026-04-19 12:46:28 | INFO | Episode 7229 - Reward: -200.000, Length: 200, Loss: 10.3211, Entropy: 1.0625, Epsilon: 0.010
2026-04-19 12:46:29 | INFO | Episode 7230 - Reward: -200.000, Length: 200, Loss: 13.5112, Entropy: 1.0672, Epsilon: 0.010
2026-04-19 12:46:29 | INFO | Episode 7231 - Reward: -200.000, Length: 200, Loss: 10.3922, Entropy: 1.0810, Epsilon: 0.010
2026-04-19 12:46:29 | INFO | Episode 7232 - Reward: -200.000, Length: 200, Loss: 13.5799, Entropy: 1.0726, Epsilon: 0.010
2026-04-19 12:46:30 | INFO | Episode 7233 - Reward: -200.000, Length: 200, Loss: 16.4223, Entropy: 1.0731, Epsilon: 0.010
2026-04-19 12:46:30 | INFO | Episode 7234 - Reward: -200.000, Length: 200, Loss: 13.5177, Entropy: 1.0653, Epsilon: 0.010
2026-04-19 12:46:31 | INFO | Episode 7235 - Reward: -200.000, Length: 200, Loss: 23.3208, Entropy: 1.0875, Epsilon: 0.010
2026-04-19 12:46:31 | INFO | Episode 7236 - Reward: -200.000, Length: 200, Loss: 14.0974, Entropy: 1.0601, Epsilon: 0.010
2026-04-19 12:46:31 | INFO | Episode 7237 - Reward: -200.000, Length: 200, Loss: 13.6018, Entropy: 1.0598, Epsilon: 0.010
2026-04-19 12:46:32 | INFO | Episode 7238 - Reward: -200.000, Length: 200, Loss: 33.8235, Entropy: 1.0729, Epsilon: 0.010
2026-04-19 12:46:32 | INFO | Episode 7239 - Reward: -200.000, Length: 200, Loss: 13.4518, Entropy: 1.0700, Epsilon: 0.010
2026-04-19 12:46:32 | INFO | Episode 7240 - Reward: -200.000, Length: 200, Loss: 13.7507, Entropy: 1.0837, Epsilon: 0.010
2026-04-19 12:46:33 | INFO | Episode 7241 - Reward: -200.000, Length: 200, Loss: 17.3191, Entropy: 1.0518, Epsilon: 0.010
2026-04-19 12:46:33 | INFO | Episode 7242 - Reward: -200.000, Length: 200, Loss: 14.1342, Entropy: 1.0715, Epsilon: 0.010
2026-04-19 12:46:34 | INFO | Episode 7243 - Reward: -200.000, Length: 200, Loss: 10.0388, Entropy: 1.0869, Epsilon: 0.010
2026-04-19 12:46:34 | INFO | Episode 7244 - Reward: -200.000, Length: 200, Loss: 27.0486, Entropy: 0.9872, Epsilon: 0.010
2026-04-19 12:46:34 | INFO | Episode 7245 - Reward: -200.000, Length: 200, Loss: 16.6336, Entropy: 1.0774, Epsilon: 0.010
2026-04-19 12:46:35 | INFO | Episode 7246 - Reward: -200.000, Length: 200, Loss: 9.4426, Entropy: 1.0671, Epsilon: 0.010
2026-04-19 12:46:35 | INFO | Episode 7247 - Reward: -200.000, Length: 200, Loss: 19.8068, Entropy: 1.0735, Epsilon: 0.010
2026-04-19 12:46:35 | INFO | Episode 7248 - Reward: -200.000, Length: 200, Loss: 9.6468, Entropy: 1.0707, Epsilon: 0.010
2026-04-19 12:46:36 | INFO | Episode 7249 - Reward: -200.000, Length: 200, Loss: 13.0949, Entropy: 1.0887, Epsilon: 0.010
2026-04-19 12:46:36 | INFO | Episode 7250 - Reward: -200.000, Length: 200, Loss: 16.8640, Entropy: 1.0825, Epsilon: 0.010
2026-04-19 12:46:36 | INFO | Episode 7251 - Reward: -200.000, Length: 200, Loss: 19.6966, Entropy: 1.0812, Epsilon: 0.010
2026-04-19 12:46:37 | INFO | Episode 7252 - Reward: -200.000, Length: 200, Loss: 22.4193, Entropy: 1.0797, Epsilon: 0.010
2026-04-19 12:46:37 | INFO | Episode 7253 - Reward: -200.000, Length: 200, Loss: 13.1725, Entropy: 1.0783, Epsilon: 0.010
2026-04-19 12:46:38 | INFO | Episode 7254 - Reward: -200.000, Length: 200, Loss: 23.3751, Entropy: 1.0765, Epsilon: 0.010
2026-04-19 12:46:38 | INFO | Episode 7255 - Reward: -200.000, Length: 200, Loss: 3.2188, Entropy: 1.0896, Epsilon: 0.010
2026-04-19 12:46:38 | INFO | Episode 7256 - Reward: -200.000, Length: 200, Loss: 16.5526, Entropy: 1.0573, Epsilon: 0.010
2026-04-19 12:46:39 | INFO | Episode 7257 - Reward: -200.000, Length: 200, Loss: 19.7416, Entropy: 1.0857, Epsilon: 0.010
2026-04-19 12:46:39 | INFO | Episode 7258 - Reward: -200.000, Length: 200, Loss: 26.5037, Entropy: 1.0834, Epsilon: 0.010
2026-04-19 12:46:39 | INFO | Episode 7259 - Reward: -200.000, Length: 200, Loss: 9.8944, Entropy: 1.0853, Epsilon: 0.010
2026-04-19 12:46:40 | INFO | Episode 7260 - Reward: -200.000, Length: 200, Loss: 19.5539, Entropy: 1.0847, Epsilon: 0.010
2026-04-19 12:46:40 | INFO | Episode 7261 - Reward: -200.000, Length: 200, Loss: 13.3548, Entropy: 1.0787, Epsilon: 0.010
2026-04-19 12:46:41 | INFO | Episode 7262 - Reward: -200.000, Length: 200, Loss: 35.2694, Entropy: 1.0594, Epsilon: 0.010
2026-04-19 12:46:41 | INFO | Episode 7263 - Reward: -200.000, Length: 200, Loss: 19.5505, Entropy: 1.0893, Epsilon: 0.010
2026-04-19 12:46:41 | INFO | Episode 7264 - Reward: -200.000, Length: 200, Loss: 16.2406, Entropy: 1.0817, Epsilon: 0.010
2026-04-19 12:46:42 | INFO | Episode 7265 - Reward: -200.000, Length: 200, Loss: 12.8586, Entropy: 1.0789, Epsilon: 0.010
2026-04-19 12:46:42 | INFO | Episode 7266 - Reward: -200.000, Length: 200, Loss: 13.4222, Entropy: 1.0797, Epsilon: 0.010
2026-04-19 12:46:42 | INFO | Episode 7267 - Reward: -200.000, Length: 200, Loss: 20.1868, Entropy: 1.0561, Epsilon: 0.010
2026-04-19 12:46:43 | INFO | Episode 7268 - Reward: -200.000, Length: 200, Loss: 19.7488, Entropy: 1.0856, Epsilon: 0.010
2026-04-19 12:46:43 | INFO | Episode 7269 - Reward: -200.000, Length: 200, Loss: 19.1120, Entropy: 1.0763, Epsilon: 0.010
2026-04-19 12:46:44 | INFO | Episode 7270 - Reward: -200.000, Length: 200, Loss: 26.5096, Entropy: 1.0803, Epsilon: 0.010
2026-04-19 12:46:44 | INFO | Episode 7271 - Reward: -200.000, Length: 200, Loss: 12.4906, Entropy: 1.0717, Epsilon: 0.010
2026-04-19 12:46:44 | INFO | Episode 7272 - Reward: -200.000, Length: 200, Loss: 17.4798, Entropy: 1.0741, Epsilon: 0.010
2026-04-19 12:46:45 | INFO | Episode 7273 - Reward: -200.000, Length: 200, Loss: 18.7862, Entropy: 1.0794, Epsilon: 0.010
2026-04-19 12:46:45 | INFO | Episode 7274 - Reward: -200.000, Length: 200, Loss: 12.2083, Entropy: 1.0805, Epsilon: 0.010
2026-04-19 12:46:45 | INFO | Episode 7275 - Reward: -200.000, Length: 200, Loss: 12.6218, Entropy: 1.0703, Epsilon: 0.010
2026-04-19 12:46:46 | INFO | Episode 7276 - Reward: -200.000, Length: 200, Loss: 8.9165, Entropy: 1.0715, Epsilon: 0.010
2026-04-19 12:46:46 | INFO | Episode 7277 - Reward: -200.000, Length: 200, Loss: 12.6144, Entropy: 1.0800, Epsilon: 0.010
2026-04-19 12:46:47 | INFO | Episode 7278 - Reward: -200.000, Length: 200, Loss: 9.5015, Entropy: 1.0535, Epsilon: 0.010
2026-04-19 12:46:47 | INFO | Episode 7279 - Reward: -200.000, Length: 200, Loss: 6.4504, Entropy: 1.0786, Epsilon: 0.010
2026-04-19 12:46:47 | INFO | Episode 7280 - Reward: -200.000, Length: 200, Loss: 16.1904, Entropy: 1.0775, Epsilon: 0.010
2026-04-19 12:46:48 | INFO | Episode 7281 - Reward: -200.000, Length: 200, Loss: 35.5714, Entropy: 1.0753, Epsilon: 0.010
2026-04-19 12:46:48 | INFO | Episode 7282 - Reward: -200.000, Length: 200, Loss: 13.1034, Entropy: 1.0895, Epsilon: 0.010
2026-04-19 12:46:48 | INFO | Episode 7283 - Reward: -200.000, Length: 200, Loss: 6.5987, Entropy: 1.0874, Epsilon: 0.010
2026-04-19 12:46:49 | INFO | Episode 7284 - Reward: -200.000, Length: 200, Loss: 22.4829, Entropy: 1.0830, Epsilon: 0.010
2026-04-19 12:46:49 | INFO | Episode 7285 - Reward: -200.000, Length: 200, Loss: 12.7323, Entropy: 1.0893, Epsilon: 0.010
2026-04-19 12:46:50 | INFO | Episode 7286 - Reward: -200.000, Length: 200, Loss: 16.9661, Entropy: 1.0690, Epsilon: 0.010
2026-04-19 12:46:50 | INFO | Episode 7287 - Reward: -200.000, Length: 200, Loss: 19.7354, Entropy: 1.0647, Epsilon: 0.010
2026-04-19 12:46:50 | INFO | Episode 7288 - Reward: -200.000, Length: 200, Loss: 9.7590, Entropy: 1.0771, Epsilon: 0.010
2026-04-19 12:46:51 | INFO | Episode 7289 - Reward: -200.000, Length: 200, Loss: 10.1763, Entropy: 1.0835, Epsilon: 0.010
2026-04-19 12:46:51 | INFO | Episode 7290 - Reward: -200.000, Length: 200, Loss: 6.5391, Entropy: 1.0852, Epsilon: 0.010
2026-04-19 12:46:51 | INFO | Episode 7291 - Reward: -200.000, Length: 200, Loss: 20.2972, Entropy: 1.0755, Epsilon: 0.010
2026-04-19 12:46:52 | INFO | Episode 7292 - Reward: -200.000, Length: 200, Loss: 16.5092, Entropy: 1.0830, Epsilon: 0.010
2026-04-19 12:46:52 | INFO | Episode 7293 - Reward: -200.000, Length: 200, Loss: 24.0922, Entropy: 1.0819, Epsilon: 0.010
2026-04-19 12:46:53 | INFO | Episode 7294 - Reward: -200.000, Length: 200, Loss: 10.1233, Entropy: 1.0844, Epsilon: 0.010
2026-04-19 12:46:53 | INFO | Episode 7295 - Reward: -200.000, Length: 200, Loss: 2.9798, Entropy: 1.0854, Epsilon: 0.010
2026-04-19 12:46:53 | INFO | Episode 7296 - Reward: -200.000, Length: 200, Loss: 23.9056, Entropy: 1.0437, Epsilon: 0.010
2026-04-19 12:46:54 | INFO | Episode 7297 - Reward: -200.000, Length: 200, Loss: 16.3437, Entropy: 1.0445, Epsilon: 0.010
2026-04-19 12:46:54 | INFO | Episode 7298 - Reward: -200.000, Length: 200, Loss: 9.3261, Entropy: 1.0547, Epsilon: 0.010
2026-04-19 12:46:54 | INFO | Episode 7299 - Reward: -200.000, Length: 200, Loss: 17.2029, Entropy: 1.0714, Epsilon: 0.010
2026-04-19 12:46:55 | INFO | Episode 7300 - Reward: -200.000, Length: 200, Loss: 17.3883, Entropy: 1.0805, Epsilon: 0.010
2026-04-19 12:47:00 | INFO | [Episode 7300] eps=0.010  avg_reward=-200.000  avg_length=200.00  avg_loss= 15.7369  avg_entropy=1.0805  eval_success=0.000
2026-04-19 12:47:00 | INFO | Episode 7301 - Reward: -200.000, Length: 200, Loss: 20.6063, Entropy: 1.0452, Epsilon: 0.010
2026-04-19 12:47:01 | INFO | Episode 7302 - Reward: -200.000, Length: 200, Loss: 9.7096, Entropy: 1.0858, Epsilon: 0.010
2026-04-19 12:47:01 | INFO | Episode 7303 - Reward: -200.000, Length: 200, Loss: 17.2571, Entropy: 1.0775, Epsilon: 0.010
2026-04-19 12:47:02 | INFO | Episode 7304 - Reward: -200.000, Length: 200, Loss: 26.2621, Entropy: 1.0760, Epsilon: 0.010
2026-04-19 12:47:02 | INFO | Episode 7305 - Reward: -200.000, Length: 200, Loss: 26.5617, Entropy: 1.0816, Epsilon: 0.010
2026-04-19 12:47:02 | INFO | Episode 7306 - Reward: -200.000, Length: 200, Loss: 23.5963, Entropy: 1.0730, Epsilon: 0.010
2026-04-19 12:47:03 | INFO | Episode 7307 - Reward: -200.000, Length: 200, Loss: 13.6684, Entropy: 1.0703, Epsilon: 0.010
2026-04-19 12:47:03 | INFO | Episode 7308 - Reward: -200.000, Length: 200, Loss: 23.8246, Entropy: 1.0684, Epsilon: 0.010
2026-04-19 12:47:03 | INFO | Episode 7309 - Reward: -200.000, Length: 200, Loss: 21.9855, Entropy: 1.0734, Epsilon: 0.010
2026-04-19 12:47:04 | INFO | Episode 7310 - Reward: -200.000, Length: 200, Loss: 12.8378, Entropy: 1.0739, Epsilon: 0.010
2026-04-19 12:47:04 | INFO | Episode 7311 - Reward: -200.000, Length: 200, Loss: 26.0858, Entropy: 1.0651, Epsilon: 0.010
2026-04-19 12:47:05 | INFO | Episode 7312 - Reward: -200.000, Length: 200, Loss: 9.5826, Entropy: 1.0863, Epsilon: 0.010
2026-04-19 12:47:05 | INFO | Episode 7313 - Reward: -200.000, Length: 200, Loss: 19.3447, Entropy: 1.0805, Epsilon: 0.010
2026-04-19 12:47:05 | INFO | Episode 7314 - Reward: -200.000, Length: 200, Loss: 19.0369, Entropy: 1.0790, Epsilon: 0.010
2026-04-19 12:47:06 | INFO | Episode 7315 - Reward: -200.000, Length: 200, Loss: 5.9896, Entropy: 1.0826, Epsilon: 0.010
2026-04-19 12:47:06 | INFO | Episode 7316 - Reward: -200.000, Length: 200, Loss: 6.4229, Entropy: 1.0883, Epsilon: 0.010
2026-04-19 12:47:06 | INFO | Episode 7317 - Reward: -200.000, Length: 200, Loss: 3.1221, Entropy: 1.0869, Epsilon: 0.010
2026-04-19 12:47:07 | INFO | Episode 7318 - Reward: -200.000, Length: 200, Loss: 5.7175, Entropy: 1.0835, Epsilon: 0.010
2026-04-19 12:47:07 | INFO | Episode 7319 - Reward: -200.000, Length: 200, Loss: 20.7381, Entropy: 1.0315, Epsilon: 0.010
2026-04-19 12:47:08 | INFO | Episode 7320 - Reward: -200.000, Length: 200, Loss: 22.7106, Entropy: 1.0371, Epsilon: 0.010
2026-04-19 12:47:08 | INFO | Episode 7321 - Reward: -200.000, Length: 200, Loss: 8.7597, Entropy: 1.0560, Epsilon: 0.010
2026-04-19 12:47:08 | INFO | Episode 7322 - Reward: -200.000, Length: 200, Loss: 14.6351, Entropy: 1.0657, Epsilon: 0.010
2026-04-19 12:47:09 | INFO | Episode 7323 - Reward: -200.000, Length: 200, Loss: 24.3801, Entropy: 1.0627, Epsilon: 0.010
2026-04-19 12:47:09 | INFO | Episode 7324 - Reward: -200.000, Length: 200, Loss: 6.0338, Entropy: 1.0582, Epsilon: 0.010
2026-04-19 12:47:09 | INFO | Episode 7325 - Reward: -200.000, Length: 200, Loss: 5.8557, Entropy: 1.0864, Epsilon: 0.010
2026-04-19 12:47:10 | INFO | Episode 7326 - Reward: -200.000, Length: 200, Loss: 21.3448, Entropy: 1.0817, Epsilon: 0.010
2026-04-19 12:47:10 | INFO | Episode 7327 - Reward: -200.000, Length: 200, Loss: 21.7005, Entropy: 1.0736, Epsilon: 0.010
2026-04-19 12:47:10 | INFO | Episode 7328 - Reward: -200.000, Length: 200, Loss: 12.0007, Entropy: 1.0726, Epsilon: 0.010
2026-04-19 12:47:11 | INFO | Episode 7329 - Reward: -200.000, Length: 200, Loss: 12.5716, Entropy: 1.0811, Epsilon: 0.010
2026-04-19 12:47:11 | INFO | Episode 7330 - Reward: -200.000, Length: 200, Loss: 24.6866, Entropy: 1.0672, Epsilon: 0.010
2026-04-19 12:47:12 | INFO | Episode 7331 - Reward: -200.000, Length: 200, Loss: 8.7925, Entropy: 1.0666, Epsilon: 0.010
2026-04-19 12:47:12 | INFO | Episode 7332 - Reward: -200.000, Length: 200, Loss: 21.2597, Entropy: 1.0711, Epsilon: 0.010
2026-04-19 12:47:12 | INFO | Episode 7333 - Reward: -200.000, Length: 200, Loss: 18.6175, Entropy: 1.0571, Epsilon: 0.010
2026-04-19 12:47:13 | INFO | Episode 7334 - Reward: -200.000, Length: 200, Loss: 8.5714, Entropy: 1.0643, Epsilon: 0.010
2026-04-19 12:47:13 | INFO | Episode 7335 - Reward: -200.000, Length: 200, Loss: 5.6821, Entropy: 1.0745, Epsilon: 0.010
2026-04-19 12:47:13 | INFO | Episode 7336 - Reward: -200.000, Length: 200, Loss: 9.0472, Entropy: 1.0762, Epsilon: 0.010
2026-04-19 12:47:14 | INFO | Episode 7337 - Reward: -200.000, Length: 200, Loss: 14.5294, Entropy: 1.0751, Epsilon: 0.010
2026-04-19 12:47:14 | INFO | Episode 7338 - Reward: -200.000, Length: 200, Loss: 14.8454, Entropy: 1.0674, Epsilon: 0.010
2026-04-19 12:47:15 | INFO | Episode 7339 - Reward: -200.000, Length: 200, Loss: 29.0541, Entropy: 1.0394, Epsilon: 0.010
2026-04-19 12:47:15 | INFO | Episode 7340 - Reward: -200.000, Length: 200, Loss: 21.4930, Entropy: 1.0486, Epsilon: 0.010
2026-04-19 12:47:15 | INFO | Episode 7341 - Reward: -200.000, Length: 200, Loss: 5.8909, Entropy: 1.0891, Epsilon: 0.010
2026-04-19 12:47:16 | INFO | Episode 7342 - Reward: -200.000, Length: 200, Loss: 21.0453, Entropy: 1.0848, Epsilon: 0.010
2026-04-19 12:47:16 | INFO | Episode 7343 - Reward: -200.000, Length: 200, Loss: 21.4909, Entropy: 1.0792, Epsilon: 0.010
2026-04-19 12:47:16 | INFO | Episode 7344 - Reward: -200.000, Length: 200, Loss: 23.2665, Entropy: 1.0795, Epsilon: 0.010
2026-04-19 12:47:17 | INFO | Episode 7345 - Reward: -200.000, Length: 200, Loss: 15.0346, Entropy: 1.0523, Epsilon: 0.010
2026-04-19 12:47:17 | INFO | Episode 7346 - Reward: -200.000, Length: 200, Loss: 13.9897, Entropy: 1.0812, Epsilon: 0.010
2026-04-19 12:47:17 | INFO | Episode 7347 - Reward: -200.000, Length: 200, Loss: 8.9695, Entropy: 1.0835, Epsilon: 0.010
2026-04-19 12:47:18 | INFO | Episode 7348 - Reward: -200.000, Length: 200, Loss: 11.7701, Entropy: 1.0855, Epsilon: 0.010
2026-04-19 12:47:18 | INFO | Episode 7349 - Reward: -200.000, Length: 200, Loss: 28.3501, Entropy: 1.0538, Epsilon: 0.010
2026-04-19 12:47:19 | INFO | Episode 7350 - Reward: -200.000, Length: 200, Loss: 22.9829, Entropy: 1.0773, Epsilon: 0.010
2026-04-19 12:47:19 | INFO | Episode 7351 - Reward: -200.000, Length: 200, Loss: 11.8508, Entropy: 1.0870, Epsilon: 0.010
2026-04-19 12:47:19 | INFO | Episode 7352 - Reward: -200.000, Length: 200, Loss: 5.8121, Entropy: 1.0867, Epsilon: 0.010
2026-04-19 12:47:20 | INFO | Episode 7353 - Reward: -200.000, Length: 200, Loss: 11.9001, Entropy: 1.0867, Epsilon: 0.010
2026-04-19 12:47:20 | INFO | Episode 7354 - Reward: -200.000, Length: 200, Loss: 28.9557, Entropy: 1.0552, Epsilon: 0.010
2026-04-19 12:47:20 | INFO | Episode 7355 - Reward: -200.000, Length: 200, Loss: 23.2835, Entropy: 1.0867, Epsilon: 0.010
2026-04-19 12:47:21 | INFO | Episode 7356 - Reward: -200.000, Length: 200, Loss: 11.3105, Entropy: 1.0769, Epsilon: 0.010
2026-04-19 12:47:21 | INFO | Episode 7357 - Reward: -200.000, Length: 200, Loss: 16.6100, Entropy: 1.0849, Epsilon: 0.010
2026-04-19 12:47:22 | INFO | Episode 7358 - Reward: -200.000, Length: 200, Loss: 30.4187, Entropy: 1.0593, Epsilon: 0.010
2026-04-19 12:47:22 | INFO | Episode 7359 - Reward: -200.000, Length: 200, Loss: 28.3623, Entropy: 1.0646, Epsilon: 0.010
2026-04-19 12:47:22 | INFO | Episode 7360 - Reward: -200.000, Length: 200, Loss: 5.5357, Entropy: 1.0886, Epsilon: 0.010
2026-04-19 12:47:23 | INFO | Episode 7361 - Reward: -200.000, Length: 200, Loss: 14.0639, Entropy: 1.0833, Epsilon: 0.010
2026-04-19 12:47:23 | INFO | Episode 7362 - Reward: -200.000, Length: 200, Loss: 22.9440, Entropy: 1.0736, Epsilon: 0.010
2026-04-19 12:47:23 | INFO | Episode 7363 - Reward: -200.000, Length: 200, Loss: 13.7975, Entropy: 1.0744, Epsilon: 0.010
2026-04-19 12:47:24 | INFO | Episode 7364 - Reward: -200.000, Length: 200, Loss: 7.9219, Entropy: 1.0633, Epsilon: 0.010
2026-04-19 12:47:24 | INFO | Episode 7365 - Reward: -200.000, Length: 200, Loss: 16.6581, Entropy: 1.0786, Epsilon: 0.010
2026-04-19 12:47:24 | INFO | Episode 7366 - Reward: -200.000, Length: 200, Loss: 14.6562, Entropy: 1.0767, Epsilon: 0.010
2026-04-19 12:47:25 | INFO | Episode 7367 - Reward: -200.000, Length: 200, Loss: 15.1615, Entropy: 1.0676, Epsilon: 0.010
2026-04-19 12:47:25 | INFO | Episode 7368 - Reward: -200.000, Length: 200, Loss: 23.2248, Entropy: 1.0821, Epsilon: 0.010
2026-04-19 12:47:25 | INFO | Episode 7369 - Reward: -200.000, Length: 200, Loss: 25.8623, Entropy: 1.0809, Epsilon: 0.010
2026-04-19 12:47:26 | INFO | Episode 7370 - Reward: -200.000, Length: 200, Loss: 8.9770, Entropy: 1.0812, Epsilon: 0.010
2026-04-19 12:47:26 | INFO | Episode 7371 - Reward: -200.000, Length: 200, Loss: 15.0661, Entropy: 1.0725, Epsilon: 0.010
2026-04-19 12:47:27 | INFO | Episode 7372 - Reward: -200.000, Length: 200, Loss: 8.6440, Entropy: 1.0891, Epsilon: 0.010
2026-04-19 12:47:27 | INFO | Episode 7373 - Reward: -200.000, Length: 200, Loss: 11.8887, Entropy: 1.0854, Epsilon: 0.010
2026-04-19 12:47:27 | INFO | Episode 7374 - Reward: -200.000, Length: 200, Loss: 8.5960, Entropy: 1.0900, Epsilon: 0.010
2026-04-19 12:47:28 | INFO | Episode 7375 - Reward: -200.000, Length: 200, Loss: 17.6207, Entropy: 1.0821, Epsilon: 0.010
2026-04-19 12:47:28 | INFO | Episode 7376 - Reward: -200.000, Length: 200, Loss: 23.2169, Entropy: 1.0593, Epsilon: 0.010
2026-04-19 12:47:28 | INFO | Episode 7377 - Reward: -200.000, Length: 200, Loss: 24.0186, Entropy: 1.0602, Epsilon: 0.010
2026-04-19 12:47:29 | INFO | Episode 7378 - Reward: -200.000, Length: 200, Loss: 26.4353, Entropy: 1.0755, Epsilon: 0.010
2026-04-19 12:47:29 | INFO | Episode 7379 - Reward: -200.000, Length: 200, Loss: 11.8210, Entropy: 1.0841, Epsilon: 0.010
2026-04-19 12:47:29 | INFO | Episode 7380 - Reward: -200.000, Length: 200, Loss: 5.4271, Entropy: 1.0837, Epsilon: 0.010
2026-04-19 12:47:30 | INFO | Episode 7381 - Reward: -200.000, Length: 200, Loss: 17.7975, Entropy: 1.0758, Epsilon: 0.010
2026-04-19 12:47:31 | INFO | Episode 7382 - Reward: -200.000, Length: 200, Loss: 26.9779, Entropy: 1.0571, Epsilon: 0.010
2026-04-19 12:47:31 | INFO | Episode 7383 - Reward: -200.000, Length: 200, Loss: 15.5517, Entropy: 1.0800, Epsilon: 0.010
2026-04-19 12:47:31 | INFO | Episode 7384 - Reward: -200.000, Length: 200, Loss: 2.9840, Entropy: 1.0882, Epsilon: 0.010
2026-04-19 12:47:32 | INFO | Episode 7385 - Reward: -200.000, Length: 200, Loss: 15.6997, Entropy: 1.0751, Epsilon: 0.010
2026-04-19 12:47:32 | INFO | Episode 7386 - Reward: -200.000, Length: 200, Loss: 5.9823, Entropy: 1.0878, Epsilon: 0.010
2026-04-19 12:47:33 | INFO | Episode 7387 - Reward: -200.000, Length: 200, Loss: 28.0768, Entropy: 1.0762, Epsilon: 0.010
2026-04-19 12:47:33 | INFO | Episode 7388 - Reward: -200.000, Length: 200, Loss: 18.0668, Entropy: 1.0531, Epsilon: 0.010
2026-04-19 12:47:33 | INFO | Episode 7389 - Reward: -200.000, Length: 200, Loss: 12.2352, Entropy: 1.0698, Epsilon: 0.010
2026-04-19 12:47:34 | INFO | Episode 7390 - Reward: -200.000, Length: 200, Loss: 24.7164, Entropy: 1.0722, Epsilon: 0.010
2026-04-19 12:47:34 | INFO | Episode 7391 - Reward: -200.000, Length: 200, Loss: 15.0456, Entropy: 1.0849, Epsilon: 0.010
2026-04-19 12:47:34 | INFO | Episode 7392 - Reward: -200.000, Length: 200, Loss: 6.1087, Entropy: 1.0864, Epsilon: 0.010
2026-04-19 12:47:35 | INFO | Episode 7393 - Reward: -200.000, Length: 200, Loss: 11.7275, Entropy: 1.0810, Epsilon: 0.010
2026-04-19 12:47:35 | INFO | Episode 7394 - Reward: -200.000, Length: 200, Loss: 15.5253, Entropy: 1.0728, Epsilon: 0.010
2026-04-19 12:47:35 | INFO | Episode 7395 - Reward: -200.000, Length: 200, Loss: 31.3274, Entropy: 1.0224, Epsilon: 0.010
2026-04-19 12:47:36 | INFO | Episode 7396 - Reward: -200.000, Length: 200, Loss: 12.0038, Entropy: 1.0392, Epsilon: 0.010
2026-04-19 12:47:36 | INFO | Episode 7397 - Reward: -200.000, Length: 200, Loss: 14.8820, Entropy: 1.0512, Epsilon: 0.010
2026-04-19 12:47:36 | INFO | Episode 7398 - Reward: -200.000, Length: 200, Loss: 23.6035, Entropy: 1.0567, Epsilon: 0.010
2026-04-19 12:47:37 | INFO | Episode 7399 - Reward: -200.000, Length: 200, Loss: 23.4175, Entropy: 1.0578, Epsilon: 0.010
2026-04-19 12:47:37 | INFO | Episode 7400 - Reward: -200.000, Length: 200, Loss: 11.4370, Entropy: 1.0635, Epsilon: 0.010
2026-04-19 12:47:42 | INFO | [Episode 7400] eps=0.010  avg_reward=-200.000  avg_length=200.00  avg_loss= 16.3492  avg_entropy=1.0635  eval_success=0.000
2026-04-19 12:47:42 | INFO | Episode 7401 - Reward: -200.000, Length: 200, Loss: 8.4897, Entropy: 1.0736, Epsilon: 0.010
2026-04-19 12:47:43 | INFO | Episode 7402 - Reward: -200.000, Length: 200, Loss: 12.0069, Entropy: 1.0717, Epsilon: 0.010
2026-04-19 12:47:43 | INFO | Episode 7403 - Reward: -200.000, Length: 200, Loss: 8.6676, Entropy: 1.0865, Epsilon: 0.010
2026-04-19 12:47:43 | INFO | Episode 7404 - Reward: -200.000, Length: 200, Loss: 17.9912, Entropy: 1.0793, Epsilon: 0.010
2026-04-19 12:47:44 | INFO | Episode 7405 - Reward: -200.000, Length: 200, Loss: 12.1099, Entropy: 1.0879, Epsilon: 0.010
2026-04-19 12:47:44 | INFO | Episode 7406 - Reward: -200.000, Length: 200, Loss: 8.9514, Entropy: 1.0873, Epsilon: 0.010
2026-04-19 12:47:45 | INFO | Episode 7407 - Reward: -200.000, Length: 200, Loss: 12.4044, Entropy: 1.0787, Epsilon: 0.010
2026-04-19 12:47:45 | INFO | Episode 7408 - Reward: -200.000, Length: 200, Loss: 20.8585, Entropy: 1.0865, Epsilon: 0.010
2026-04-19 12:47:45 | INFO | Episode 7409 - Reward: -200.000, Length: 200, Loss: 15.1479, Entropy: 1.0649, Epsilon: 0.010
2026-04-19 12:47:46 | INFO | Episode 7410 - Reward: -200.000, Length: 200, Loss: 15.3309, Entropy: 1.0680, Epsilon: 0.010
2026-04-19 12:47:46 | INFO | Episode 7411 - Reward: -200.000, Length: 200, Loss: 14.8034, Entropy: 1.0774, Epsilon: 0.010
2026-04-19 12:47:46 | INFO | Episode 7412 - Reward: -200.000, Length: 200, Loss: 21.0892, Entropy: 1.0865, Epsilon: 0.010
2026-04-19 12:47:47 | INFO | Episode 7413 - Reward: -200.000, Length: 200, Loss: 18.4236, Entropy: 1.0622, Epsilon: 0.010
2026-04-19 12:47:47 | INFO | Episode 7414 - Reward: -200.000, Length: 200, Loss: 21.5226, Entropy: 1.0479, Epsilon: 0.010
2026-04-19 12:47:47 | INFO | Episode 7415 - Reward: -200.000, Length: 200, Loss: 21.1739, Entropy: 1.0673, Epsilon: 0.010
2026-04-19 12:47:48 | INFO | Episode 7416 - Reward: -200.000, Length: 200, Loss: 15.6592, Entropy: 1.0658, Epsilon: 0.010
2026-04-19 12:47:48 | INFO | Episode 7417 - Reward: -200.000, Length: 200, Loss: 15.6847, Entropy: 1.0578, Epsilon: 0.010
2026-04-19 12:47:49 | INFO | Episode 7418 - Reward: -200.000, Length: 200, Loss: 12.3957, Entropy: 1.0747, Epsilon: 0.010
2026-04-19 12:47:49 | INFO | Episode 7419 - Reward: -200.000, Length: 200, Loss: 21.1475, Entropy: 1.0806, Epsilon: 0.010
2026-04-19 12:47:49 | INFO | Episode 7420 - Reward: -200.000, Length: 200, Loss: 18.0310, Entropy: 1.0704, Epsilon: 0.010
2026-04-19 12:47:50 | INFO | Episode 7421 - Reward: -200.000, Length: 200, Loss: 27.3964, Entropy: 1.0514, Epsilon: 0.010
2026-04-19 12:47:50 | INFO | Episode 7422 - Reward: -200.000, Length: 200, Loss: 18.4763, Entropy: 1.0827, Epsilon: 0.010
2026-04-19 12:47:50 | INFO | Episode 7423 - Reward: -200.000, Length: 200, Loss: 9.3759, Entropy: 1.0883, Epsilon: 0.010
2026-04-19 12:47:51 | INFO | Episode 7424 - Reward: -200.000, Length: 200, Loss: 15.1889, Entropy: 1.0831, Epsilon: 0.010
2026-04-19 12:47:51 | INFO | Episode 7425 - Reward: -200.000, Length: 200, Loss: 15.7851, Entropy: 1.0803, Epsilon: 0.010
2026-04-19 12:47:51 | INFO | Episode 7426 - Reward: -200.000, Length: 200, Loss: 12.0580, Entropy: 1.0771, Epsilon: 0.010
2026-04-19 12:47:52 | INFO | Episode 7427 - Reward: -200.000, Length: 200, Loss: 15.6934, Entropy: 1.0834, Epsilon: 0.010
2026-04-19 12:47:52 | INFO | Episode 7428 - Reward: -200.000, Length: 200, Loss: 9.5000, Entropy: 1.0888, Epsilon: 0.010
2026-04-19 12:47:53 | INFO | Episode 7429 - Reward: -200.000, Length: 200, Loss: 15.8478, Entropy: 1.0784, Epsilon: 0.010
2026-04-19 12:47:53 | INFO | Episode 7430 - Reward: -200.000, Length: 200, Loss: 15.2022, Entropy: 1.0757, Epsilon: 0.010
2026-04-19 12:47:53 | INFO | Episode 7431 - Reward: -200.000, Length: 200, Loss: 16.2350, Entropy: 1.0734, Epsilon: 0.010
2026-04-19 12:47:54 | INFO | Episode 7432 - Reward: -200.000, Length: 200, Loss: 6.1066, Entropy: 1.0760, Epsilon: 0.010
2026-04-19 12:47:54 | INFO | Episode 7433 - Reward: -200.000, Length: 200, Loss: 15.9433, Entropy: 1.0752, Epsilon: 0.010
2026-04-19 12:47:54 | INFO | Episode 7434 - Reward: -200.000, Length: 200, Loss: 2.6773, Entropy: 1.0847, Epsilon: 0.010
2026-04-19 12:47:55 | INFO | Episode 7435 - Reward: -200.000, Length: 200, Loss: 22.5348, Entropy: 1.0807, Epsilon: 0.010
2026-04-19 12:47:55 | INFO | Episode 7436 - Reward: -200.000, Length: 200, Loss: 6.3074, Entropy: 1.0869, Epsilon: 0.010
2026-04-19 12:47:56 | INFO | Episode 7437 - Reward: -200.000, Length: 200, Loss: 15.9801, Entropy: 1.0818, Epsilon: 0.010
2026-04-19 12:47:56 | INFO | Episode 7438 - Reward: -200.000, Length: 200, Loss: 25.6727, Entropy: 1.0778, Epsilon: 0.010
2026-04-19 12:47:58 | INFO | Episode 7439 - Reward: -200.000, Length: 200, Loss: 25.2693, Entropy: 1.0818, Epsilon: 0.010
2026-04-19 12:47:59 | INFO | Episode 7440 - Reward: -200.000, Length: 200, Loss: 15.0761, Entropy: 1.0809, Epsilon: 0.010
2026-04-19 12:47:59 | INFO | Episode 7441 - Reward: -200.000, Length: 200, Loss: 37.6414, Entropy: 1.0708, Epsilon: 0.010
2026-04-19 12:48:00 | INFO | Episode 7442 - Reward: -200.000, Length: 200, Loss: 19.4380, Entropy: 1.0759, Epsilon: 0.010
2026-04-19 12:48:00 | INFO | Episode 7443 - Reward: -200.000, Length: 200, Loss: 15.3277, Entropy: 1.0847, Epsilon: 0.010
2026-04-19 12:48:00 | INFO | Episode 7444 - Reward: -200.000, Length: 200, Loss: 15.6216, Entropy: 1.0850, Epsilon: 0.010
2026-04-19 12:48:01 | INFO | Episode 7445 - Reward: -200.000, Length: 200, Loss: 25.1093, Entropy: 1.0629, Epsilon: 0.010
2026-04-19 12:48:01 | INFO | Episode 7446 - Reward: -200.000, Length: 200, Loss: 9.0707, Entropy: 1.0849, Epsilon: 0.010
2026-04-19 12:48:01 | INFO | Episode 7447 - Reward: -200.000, Length: 200, Loss: 12.9454, Entropy: 1.0863, Epsilon: 0.010
2026-04-19 12:48:02 | INFO | Episode 7448 - Reward: -200.000, Length: 200, Loss: 12.9325, Entropy: 1.0782, Epsilon: 0.010
2026-04-19 12:48:02 | INFO | Episode 7449 - Reward: -200.000, Length: 200, Loss: 6.4766, Entropy: 1.0771, Epsilon: 0.010
2026-04-19 12:48:03 | INFO | Episode 7450 - Reward: -200.000, Length: 200, Loss: 32.1335, Entropy: 1.0559, Epsilon: 0.010
2026-04-19 12:48:03 | INFO | Episode 7451 - Reward: -200.000, Length: 200, Loss: 12.2465, Entropy: 1.0348, Epsilon: 0.010
2026-04-19 12:48:04 | INFO | Episode 7452 - Reward: -200.000, Length: 200, Loss: 24.1022, Entropy: 1.0510, Epsilon: 0.010
2026-04-19 12:48:04 | INFO | Episode 7453 - Reward: -200.000, Length: 200, Loss: -0.1401, Entropy: 1.0720, Epsilon: 0.010
2026-04-19 12:48:04 | INFO | Episode 7454 - Reward: -200.000, Length: 200, Loss: 21.9847, Entropy: 1.0776, Epsilon: 0.010
2026-04-19 12:48:05 | INFO | Episode 7455 - Reward: -200.000, Length: 200, Loss: 9.3252, Entropy: 1.0839, Epsilon: 0.010
2026-04-19 12:48:05 | INFO | Episode 7456 - Reward: -200.000, Length: 200, Loss: 12.6853, Entropy: 1.0845, Epsilon: 0.010
2026-04-19 12:48:06 | INFO | Episode 7457 - Reward: -200.000, Length: 200, Loss: 22.6923, Entropy: 1.0752, Epsilon: 0.010
2026-04-19 12:48:06 | INFO | Episode 7458 - Reward: -200.000, Length: 200, Loss: 3.1500, Entropy: 1.0892, Epsilon: 0.010
2026-04-19 12:48:06 | INFO | Episode 7459 - Reward: -200.000, Length: 200, Loss: 16.0454, Entropy: 1.0877, Epsilon: 0.010
2026-04-19 12:48:07 | INFO | Episode 7460 - Reward: -200.000, Length: 200, Loss: 19.7695, Entropy: 1.0703, Epsilon: 0.010
2026-04-19 12:48:07 | INFO | Episode 7461 - Reward: -200.000, Length: 200, Loss: 19.5273, Entropy: 1.0595, Epsilon: 0.010
2026-04-19 12:48:07 | INFO | Episode 7462 - Reward: -200.000, Length: 200, Loss: 15.8542, Entropy: 1.0658, Epsilon: 0.010
2026-04-19 12:48:08 | INFO | Episode 7463 - Reward: -200.000, Length: 200, Loss: 13.0136, Entropy: 1.0786, Epsilon: 0.010
2026-04-19 12:48:08 | INFO | Episode 7464 - Reward: -200.000, Length: 200, Loss: 6.1682, Entropy: 1.0882, Epsilon: 0.010
2026-04-19 12:48:08 | INFO | Episode 7465 - Reward: -200.000, Length: 200, Loss: 16.5536, Entropy: 1.0534, Epsilon: 0.010
2026-04-19 12:48:09 | INFO | Episode 7466 - Reward: -200.000, Length: 200, Loss: 12.4026, Entropy: 1.0791, Epsilon: 0.010
2026-04-19 12:48:09 | INFO | Episode 7467 - Reward: -200.000, Length: 200, Loss: 16.1584, Entropy: 1.0661, Epsilon: 0.010
2026-04-19 12:48:10 | INFO | Episode 7468 - Reward: -200.000, Length: 200, Loss: 16.2652, Entropy: 1.0777, Epsilon: 0.010
2026-04-19 12:48:10 | INFO | Episode 7469 - Reward: -200.000, Length: 200, Loss: 15.9329, Entropy: 1.0747, Epsilon: 0.010
2026-04-19 12:48:10 | INFO | Episode 7470 - Reward: -200.000, Length: 200, Loss: 9.7402, Entropy: 1.0778, Epsilon: 0.010
2026-04-19 12:48:11 | INFO | Episode 7471 - Reward: -200.000, Length: 200, Loss: 21.7485, Entropy: 1.0424, Epsilon: 0.010
2026-04-19 12:48:11 | INFO | Episode 7472 - Reward: -200.000, Length: 200, Loss: 13.2138, Entropy: 1.0788, Epsilon: 0.010
2026-04-19 12:48:11 | INFO | Episode 7473 - Reward: -200.000, Length: 200, Loss: 13.4518, Entropy: 1.0432, Epsilon: 0.010
2026-04-19 12:48:12 | INFO | Episode 7474 - Reward: -200.000, Length: 200, Loss: 19.8623, Entropy: 1.0654, Epsilon: 0.010
2026-04-19 12:48:12 | INFO | Episode 7475 - Reward: -200.000, Length: 200, Loss: 12.9804, Entropy: 1.0683, Epsilon: 0.010
2026-04-19 12:48:12 | INFO | Episode 7476 - Reward: -200.000, Length: 200, Loss: 9.8544, Entropy: 1.0708, Epsilon: 0.010
2026-04-19 12:48:13 | INFO | Episode 7477 - Reward: -200.000, Length: 200, Loss: 22.7609, Entropy: 1.0709, Epsilon: 0.010
2026-04-19 12:48:13 | INFO | Episode 7478 - Reward: -200.000, Length: 200, Loss: 12.8298, Entropy: 1.0774, Epsilon: 0.010
2026-04-19 12:48:13 | INFO | Episode 7479 - Reward: -200.000, Length: 200, Loss: 31.6746, Entropy: 1.0405, Epsilon: 0.010
2026-04-19 12:48:14 | INFO | Episode 7480 - Reward: -200.000, Length: 200, Loss: 6.5554, Entropy: 1.0852, Epsilon: 0.010
2026-04-19 12:48:14 | INFO | Episode 7481 - Reward: -200.000, Length: 200, Loss: 23.0235, Entropy: 1.0815, Epsilon: 0.010
2026-04-19 12:48:15 | INFO | Episode 7482 - Reward: -200.000, Length: 200, Loss: 29.0148, Entropy: 1.0745, Epsilon: 0.010
2026-04-19 12:48:15 | INFO | Episode 7483 - Reward: -200.000, Length: 200, Loss: 13.0124, Entropy: 1.0764, Epsilon: 0.010
2026-04-19 12:48:15 | INFO | Episode 7484 - Reward: -200.000, Length: 200, Loss: 19.3116, Entropy: 1.0825, Epsilon: 0.010
2026-04-19 12:48:16 | INFO | Episode 7485 - Reward: -200.000, Length: 200, Loss: 13.2495, Entropy: 1.0830, Epsilon: 0.010
2026-04-19 12:48:16 | INFO | Episode 7486 - Reward: -200.000, Length: 200, Loss: 6.4899, Entropy: 1.0876, Epsilon: 0.010
2026-04-19 12:48:16 | INFO | Episode 7487 - Reward: -200.000, Length: 200, Loss: 16.5267, Entropy: 1.0783, Epsilon: 0.010
2026-04-19 12:48:17 | INFO | Episode 7488 - Reward: -200.000, Length: 200, Loss: 19.8387, Entropy: 1.0758, Epsilon: 0.010
2026-04-19 12:48:17 | INFO | Episode 7489 - Reward: -200.000, Length: 200, Loss: 19.9625, Entropy: 1.0404, Epsilon: 0.010
2026-04-19 12:48:17 | INFO | Episode 7490 - Reward: -200.000, Length: 200, Loss: 16.7592, Entropy: 1.0652, Epsilon: 0.010
2026-04-19 12:48:18 | INFO | Episode 7491 - Reward: -200.000, Length: 200, Loss: 16.8190, Entropy: 1.0779, Epsilon: 0.010
2026-04-19 12:48:18 | INFO | Episode 7492 - Reward: -200.000, Length: 200, Loss: 13.7301, Entropy: 1.0561, Epsilon: 0.010
2026-04-19 12:48:18 | INFO | Episode 7493 - Reward: -200.000, Length: 200, Loss: 23.1059, Entropy: 1.0441, Epsilon: 0.010
2026-04-19 12:48:19 | INFO | Episode 7494 - Reward: -200.000, Length: 200, Loss: 17.2574, Entropy: 1.0445, Epsilon: 0.010
2026-04-19 12:48:19 | INFO | Episode 7495 - Reward: -200.000, Length: 200, Loss: 16.7835, Entropy: 1.0470, Epsilon: 0.010
2026-04-19 12:48:20 | INFO | Episode 7496 - Reward: -200.000, Length: 200, Loss: 20.0250, Entropy: 1.0102, Epsilon: 0.010
2026-04-19 12:48:20 | INFO | Episode 7497 - Reward: -200.000, Length: 200, Loss: 9.7477, Entropy: 1.0791, Epsilon: 0.010
2026-04-19 12:48:20 | INFO | Episode 7498 - Reward: -200.000, Length: 200, Loss: 16.3237, Entropy: 1.0675, Epsilon: 0.010
2026-04-19 12:48:21 | INFO | Episode 7499 - Reward: -200.000, Length: 200, Loss: 15.4861, Entropy: 1.0594, Epsilon: 0.010
2026-04-19 12:48:21 | INFO | Episode 7500 - Reward: -200.000, Length: 200, Loss: 13.3994, Entropy: 1.0808, Epsilon: 0.010
2026-04-19 12:48:26 | INFO | [Episode 7500] eps=0.010  avg_reward=-200.000  avg_length=200.00  avg_loss= 15.9319  avg_entropy=1.0808  eval_success=0.000
2026-04-19 12:48:26 | INFO | Episode 7501 - Reward: -200.000, Length: 200, Loss: 19.3379, Entropy: 1.0786, Epsilon: 0.010
2026-04-19 12:48:27 | INFO | Episode 7502 - Reward: -200.000, Length: 200, Loss: 26.0036, Entropy: 1.0607, Epsilon: 0.010
2026-04-19 12:48:27 | INFO | Episode 7503 - Reward: -200.000, Length: 200, Loss: 32.5738, Entropy: 1.0531, Epsilon: 0.010
2026-04-19 12:48:27 | INFO | Episode 7504 - Reward: -200.000, Length: 200, Loss: 6.7010, Entropy: 1.0856, Epsilon: 0.010
2026-04-19 12:48:28 | INFO | Episode 7505 - Reward: -200.000, Length: 200, Loss: 15.4652, Entropy: 1.0657, Epsilon: 0.010
2026-04-19 12:48:28 | INFO | Episode 7506 - Reward: -200.000, Length: 200, Loss: 13.3373, Entropy: 1.0762, Epsilon: 0.010
2026-04-19 12:48:29 | INFO | Episode 7507 - Reward: -200.000, Length: 200, Loss: 26.2308, Entropy: 1.0500, Epsilon: 0.010
2026-04-19 12:48:29 | INFO | Episode 7508 - Reward: -200.000, Length: 200, Loss: 29.0527, Entropy: 1.0441, Epsilon: 0.010
2026-04-19 12:48:29 | INFO | Episode 7509 - Reward: -200.000, Length: 200, Loss: 22.6375, Entropy: 1.0582, Epsilon: 0.010
2026-04-19 12:48:30 | INFO | Episode 7510 - Reward: -200.000, Length: 200, Loss: 32.0200, Entropy: 1.0420, Epsilon: 0.010
2026-04-19 12:48:30 | INFO | Episode 7511 - Reward: -200.000, Length: 200, Loss: 16.2552, Entropy: 1.0594, Epsilon: 0.010
2026-04-19 12:48:30 | INFO | Episode 7512 - Reward: -200.000, Length: 200, Loss: 9.4675, Entropy: 1.0655, Epsilon: 0.010
2026-04-19 12:48:31 | INFO | Episode 7513 - Reward: -200.000, Length: 200, Loss: 16.4686, Entropy: 1.0759, Epsilon: 0.010
2026-04-19 12:48:31 | INFO | Episode 7514 - Reward: -200.000, Length: 200, Loss: 13.2327, Entropy: 1.0827, Epsilon: 0.010
2026-04-19 12:48:31 | INFO | Episode 7515 - Reward: -200.000, Length: 200, Loss: 3.2113, Entropy: 1.0837, Epsilon: 0.010
2026-04-19 12:48:32 | INFO | Episode 7516 - Reward: -200.000, Length: 200, Loss: 3.2283, Entropy: 1.0864, Epsilon: 0.010
2026-04-19 12:48:32 | INFO | Episode 7517 - Reward: -200.000, Length: 200, Loss: 19.7594, Entropy: 1.0809, Epsilon: 0.010
2026-04-19 12:48:33 | INFO | Episode 7518 - Reward: -200.000, Length: 200, Loss: 10.0969, Entropy: 1.0891, Epsilon: 0.010
2026-04-19 12:48:33 | INFO | Episode 7519 - Reward: -200.000, Length: 200, Loss: 23.1549, Entropy: 1.0793, Epsilon: 0.010
2026-04-19 12:48:33 | INFO | Episode 7520 - Reward: -200.000, Length: 200, Loss: 13.2718, Entropy: 1.0796, Epsilon: 0.010
2026-04-19 12:48:34 | INFO | Episode 7521 - Reward: -200.000, Length: 200, Loss: 12.5709, Entropy: 1.0814, Epsilon: 0.010
2026-04-19 12:48:34 | INFO | Episode 7522 - Reward: -200.000, Length: 200, Loss: 26.6069, Entropy: 1.0807, Epsilon: 0.010
2026-04-19 12:48:34 | INFO | Episode 7523 - Reward: -200.000, Length: 200, Loss: 10.4456, Entropy: 1.0654, Epsilon: 0.010
2026-04-19 12:48:35 | INFO | Episode 7524 - Reward: -200.000, Length: 200, Loss: 19.1966, Entropy: 1.0634, Epsilon: 0.010
2026-04-19 12:48:35 | INFO | Episode 7525 - Reward: -200.000, Length: 200, Loss: 20.3031, Entropy: 1.0397, Epsilon: 0.010
2026-04-19 12:48:36 | INFO | Episode 7526 - Reward: -200.000, Length: 200, Loss: 16.0132, Entropy: 1.0835, Epsilon: 0.010
2026-04-19 12:48:36 | INFO | Episode 7527 - Reward: -200.000, Length: 200, Loss: 16.6258, Entropy: 1.0860, Epsilon: 0.010
2026-04-19 12:48:37 | INFO | Episode 7528 - Reward: -200.000, Length: 200, Loss: 19.4776, Entropy: 1.0745, Epsilon: 0.010
2026-04-19 12:48:37 | INFO | Episode 7529 - Reward: -200.000, Length: 200, Loss: 6.5278, Entropy: 1.0866, Epsilon: 0.010
2026-04-19 12:48:37 | INFO | Episode 7530 - Reward: -200.000, Length: 200, Loss: 9.9613, Entropy: 1.0846, Epsilon: 0.010
2026-04-19 12:48:38 | INFO | Episode 7531 - Reward: -200.000, Length: 200, Loss: 6.5163, Entropy: 1.0869, Epsilon: 0.010
2026-04-19 12:48:38 | INFO | Episode 7532 - Reward: -200.000, Length: 200, Loss: 12.7520, Entropy: 1.0724, Epsilon: 0.010
2026-04-19 12:48:39 | INFO | Episode 7533 - Reward: -200.000, Length: 200, Loss: 14.0813, Entropy: 1.0824, Epsilon: 0.010
2026-04-19 12:48:39 | INFO | Episode 7534 - Reward: -200.000, Length: 200, Loss: 16.5896, Entropy: 1.0716, Epsilon: 0.010
2026-04-19 12:48:39 | INFO | Episode 7535 - Reward: -200.000, Length: 200, Loss: 24.9209, Entropy: 1.0710, Epsilon: 0.010
2026-04-19 12:48:40 | INFO | Episode 7536 - Reward: -200.000, Length: 200, Loss: 9.7765, Entropy: 1.0781, Epsilon: 0.010
2026-04-19 12:48:40 | INFO | Episode 7537 - Reward: -200.000, Length: 200, Loss: 23.8159, Entropy: 1.0640, Epsilon: 0.010
2026-04-19 12:48:40 | INFO | Episode 7538 - Reward: -200.000, Length: 200, Loss: 20.9370, Entropy: 1.0833, Epsilon: 0.010
2026-04-19 12:48:41 | INFO | Episode 7539 - Reward: -200.000, Length: 200, Loss: 27.4923, Entropy: 1.0694, Epsilon: 0.010
2026-04-19 12:48:41 | INFO | Episode 7540 - Reward: -200.000, Length: 200, Loss: 3.4278, Entropy: 1.0895, Epsilon: 0.010
2026-04-19 12:48:41 | INFO | Episode 7541 - Reward: -200.000, Length: 200, Loss: 9.8591, Entropy: 1.0746, Epsilon: 0.010
2026-04-19 12:48:42 | INFO | Episode 7542 - Reward: -200.000, Length: 200, Loss: 10.5718, Entropy: 1.0785, Epsilon: 0.010
2026-04-19 12:48:42 | INFO | Episode 7543 - Reward: -200.000, Length: 200, Loss: 20.6804, Entropy: 1.0495, Epsilon: 0.010
2026-04-19 12:48:43 | INFO | Episode 7544 - Reward: -200.000, Length: 200, Loss: 34.2656, Entropy: 1.0710, Epsilon: 0.010
2026-04-19 12:48:43 | INFO | Episode 7545 - Reward: -200.000, Length: 200, Loss: 10.4423, Entropy: 1.0829, Epsilon: 0.010
2026-04-19 12:48:43 | INFO | Episode 7546 - Reward: -200.000, Length: 200, Loss: 39.5613, Entropy: 1.0345, Epsilon: 0.010
2026-04-19 12:48:44 | INFO | Episode 7547 - Reward: -200.000, Length: 200, Loss: 18.0543, Entropy: 1.0574, Epsilon: 0.010
2026-04-19 12:48:44 | INFO | Episode 7548 - Reward: -200.000, Length: 200, Loss: 7.1518, Entropy: 1.0800, Epsilon: 0.010
2026-04-19 12:48:44 | INFO | Episode 7549 - Reward: -200.000, Length: 200, Loss: 11.1133, Entropy: 1.0765, Epsilon: 0.010
2026-04-19 12:48:45 | INFO | Episode 7550 - Reward: -200.000, Length: 200, Loss: 10.1760, Entropy: 1.0869, Epsilon: 0.010
2026-04-19 12:48:45 | INFO | Episode 7551 - Reward: -200.000, Length: 200, Loss: 14.3849, Entropy: 1.0734, Epsilon: 0.010
2026-04-19 12:48:45 | INFO | Episode 7552 - Reward: -200.000, Length: 200, Loss: 6.7751, Entropy: 1.0798, Epsilon: 0.010
2026-04-19 12:48:46 | INFO | Episode 7553 - Reward: -200.000, Length: 200, Loss: 21.3944, Entropy: 1.0777, Epsilon: 0.010
2026-04-19 12:48:46 | INFO | Episode 7554 - Reward: -200.000, Length: 200, Loss: 27.5985, Entropy: 1.0746, Epsilon: 0.010
2026-04-19 12:48:47 | INFO | Episode 7555 - Reward: -200.000, Length: 200, Loss: 14.1647, Entropy: 1.0715, Epsilon: 0.010
2026-04-19 12:48:47 | INFO | Episode 7556 - Reward: -200.000, Length: 200, Loss: 17.9481, Entropy: 1.0262, Epsilon: 0.010
2026-04-19 12:48:47 | INFO | Episode 7557 - Reward: -200.000, Length: 200, Loss: 17.7562, Entropy: 1.0768, Epsilon: 0.010
2026-04-19 12:48:48 | INFO | Episode 7558 - Reward: -200.000, Length: 200, Loss: 13.6272, Entropy: 1.0752, Epsilon: 0.010
2026-04-19 12:48:48 | INFO | Episode 7559 - Reward: -200.000, Length: 200, Loss: 14.0969, Entropy: 1.0756, Epsilon: 0.010
2026-04-19 12:48:48 | INFO | Episode 7560 - Reward: -200.000, Length: 200, Loss: 17.4146, Entropy: 1.0847, Epsilon: 0.010
2026-04-19 12:48:49 | INFO | Episode 7561 - Reward: -200.000, Length: 200, Loss: 7.2236, Entropy: 1.0823, Epsilon: 0.010
2026-04-19 12:48:49 | INFO | Episode 7562 - Reward: -200.000, Length: 200, Loss: 7.0463, Entropy: 1.0799, Epsilon: 0.010
2026-04-19 12:48:50 | INFO | Episode 7563 - Reward: -200.000, Length: 200, Loss: 21.6539, Entropy: 1.0755, Epsilon: 0.010
2026-04-19 12:48:50 | INFO | Episode 7564 - Reward: -200.000, Length: 200, Loss: 7.0513, Entropy: 1.0844, Epsilon: 0.010
2026-04-19 12:48:50 | INFO | Episode 7565 - Reward: -200.000, Length: 200, Loss: 22.1241, Entropy: 1.0766, Epsilon: 0.010
2026-04-19 12:48:51 | INFO | Episode 7566 - Reward: -200.000, Length: 200, Loss: 14.1159, Entropy: 1.0794, Epsilon: 0.010
2026-04-19 12:48:51 | INFO | Episode 7567 - Reward: -200.000, Length: 200, Loss: 17.6127, Entropy: 1.0789, Epsilon: 0.010
2026-04-19 12:48:51 | INFO | Episode 7568 - Reward: -200.000, Length: 200, Loss: 13.7494, Entropy: 1.0702, Epsilon: 0.010
2026-04-19 12:48:52 | INFO | Episode 7569 - Reward: -200.000, Length: 200, Loss: 20.0095, Entropy: 1.0275, Epsilon: 0.010
2026-04-19 12:48:52 | INFO | Episode 7570 - Reward: -200.000, Length: 200, Loss: 10.2467, Entropy: 1.0381, Epsilon: 0.010
2026-04-19 12:48:52 | INFO | Episode 7571 - Reward: -200.000, Length: 200, Loss: 14.7631, Entropy: 1.0806, Epsilon: 0.010
2026-04-19 12:48:53 | INFO | Episode 7572 - Reward: -200.000, Length: 200, Loss: 18.1302, Entropy: 1.0766, Epsilon: 0.010
2026-04-19 12:48:53 | INFO | Episode 7573 - Reward: -200.000, Length: 200, Loss: 14.6766, Entropy: 1.0751, Epsilon: 0.010
2026-04-19 12:48:53 | INFO | Episode 7574 - Reward: -200.000, Length: 200, Loss: 22.0296, Entropy: 1.0581, Epsilon: 0.010
2026-04-19 12:48:54 | INFO | Episode 7575 - Reward: -200.000, Length: 200, Loss: -0.0058, Entropy: 1.0835, Epsilon: 0.010
2026-04-19 12:48:54 | INFO | Episode 7576 - Reward: -200.000, Length: 200, Loss: 18.3452, Entropy: 1.0723, Epsilon: 0.010
2026-04-19 12:48:55 | INFO | Episode 7577 - Reward: -200.000, Length: 200, Loss: 22.0842, Entropy: 1.0750, Epsilon: 0.010
2026-04-19 12:48:55 | INFO | Episode 7578 - Reward: -200.000, Length: 200, Loss: 25.8719, Entropy: 1.0591, Epsilon: 0.010
2026-04-19 12:48:55 | INFO | Episode 7579 - Reward: -200.000, Length: 200, Loss: 7.1166, Entropy: 1.0814, Epsilon: 0.010
2026-04-19 12:48:56 | INFO | Episode 7580 - Reward: -200.000, Length: 200, Loss: 37.8853, Entropy: 1.0567, Epsilon: 0.010
2026-04-19 12:48:56 | INFO | Episode 7581 - Reward: -200.000, Length: 200, Loss: 11.5966, Entropy: 1.0727, Epsilon: 0.010
2026-04-19 12:48:56 | INFO | Episode 7582 - Reward: -200.000, Length: 200, Loss: 18.2931, Entropy: 1.0795, Epsilon: 0.010
2026-04-19 12:48:57 | INFO | Episode 7583 - Reward: -200.000, Length: 200, Loss: 15.1625, Entropy: 1.0738, Epsilon: 0.010
2026-04-19 12:48:57 | INFO | Episode 7584 - Reward: -200.000, Length: 200, Loss: 38.0576, Entropy: 1.0502, Epsilon: 0.010
2026-04-19 12:48:58 | INFO | Episode 7585 - Reward: -200.000, Length: 200, Loss: 15.4575, Entropy: 1.0628, Epsilon: 0.010
2026-04-19 12:48:58 | INFO | Episode 7586 - Reward: -200.000, Length: 200, Loss: 11.1578, Entropy: 1.0853, Epsilon: 0.010
2026-04-19 12:48:58 | INFO | Episode 7587 - Reward: -200.000, Length: 200, Loss: 7.1165, Entropy: 1.0831, Epsilon: 0.010
2026-04-19 12:48:59 | INFO | Episode 7588 - Reward: -200.000, Length: 200, Loss: 14.9044, Entropy: 1.0831, Epsilon: 0.010
2026-04-19 12:48:59 | INFO | Episode 7589 - Reward: -200.000, Length: 200, Loss: 33.2301, Entropy: 1.0674, Epsilon: 0.010
2026-04-19 12:48:59 | INFO | Episode 7590 - Reward: -200.000, Length: 200, Loss: 10.9742, Entropy: 1.0694, Epsilon: 0.010
2026-04-19 12:49:00 | INFO | Episode 7591 - Reward: -200.000, Length: 200, Loss: 17.8884, Entropy: 1.0743, Epsilon: 0.010
2026-04-19 12:49:00 | INFO | Episode 7592 - Reward: -200.000, Length: 200, Loss: 25.4579, Entropy: 1.0712, Epsilon: 0.010
2026-04-19 12:49:01 | INFO | Episode 7593 - Reward: -200.000, Length: 200, Loss: 30.0231, Entropy: 1.0757, Epsilon: 0.010
2026-04-19 12:49:01 | INFO | Episode 7594 - Reward: -200.000, Length: 200, Loss: 7.4702, Entropy: 1.0774, Epsilon: 0.010
2026-04-19 12:49:01 | INFO | Episode 7595 - Reward: -200.000, Length: 200, Loss: 15.1903, Entropy: 1.0720, Epsilon: 0.010
2026-04-19 12:49:02 | INFO | Episode 7596 - Reward: -200.000, Length: 200, Loss: 7.1601, Entropy: 1.0801, Epsilon: 0.010
2026-04-19 12:49:02 | INFO | Episode 7597 - Reward: -200.000, Length: 200, Loss: 26.6185, Entropy: 1.0528, Epsilon: 0.010
2026-04-19 12:49:03 | INFO | Episode 7598 - Reward: -200.000, Length: 200, Loss: 27.1548, Entropy: 1.0661, Epsilon: 0.010
2026-04-19 12:49:03 | INFO | Episode 7599 - Reward: -200.000, Length: 200, Loss: 33.5002, Entropy: 1.0501, Epsilon: 0.010
2026-04-19 12:49:03 | INFO | Episode 7600 - Reward: -200.000, Length: 200, Loss: 34.8416, Entropy: 1.0682, Epsilon: 0.010
2026-04-19 12:49:09 | INFO | [Episode 7600] eps=0.010  avg_reward=-200.000  avg_length=200.00  avg_loss= 17.2957  avg_entropy=1.0682  eval_success=0.000
2026-04-19 12:49:09 | INFO | Episode 7601 - Reward: -200.000, Length: 200, Loss: 7.5203, Entropy: 1.0832, Epsilon: 0.010
2026-04-19 12:49:09 | INFO | Episode 7602 - Reward: -200.000, Length: 200, Loss: 14.8543, Entropy: 1.0792, Epsilon: 0.010
2026-04-19 12:49:10 | INFO | Episode 7603 - Reward: -200.000, Length: 200, Loss: 26.9775, Entropy: 1.0527, Epsilon: 0.010
2026-04-19 12:49:10 | INFO | Episode 7604 - Reward: -200.000, Length: 200, Loss: 22.5744, Entropy: 1.0646, Epsilon: 0.010
2026-04-19 12:49:11 | INFO | Episode 7605 - Reward: -200.000, Length: 200, Loss: 11.2353, Entropy: 1.0558, Epsilon: 0.010
2026-04-19 12:49:11 | INFO | Episode 7606 - Reward: -200.000, Length: 200, Loss: 21.7851, Entropy: 1.0653, Epsilon: 0.010
2026-04-19 12:49:11 | INFO | Episode 7607 - Reward: -200.000, Length: 200, Loss: 22.5025, Entropy: 1.0643, Epsilon: 0.010
2026-04-19 12:49:12 | INFO | Episode 7608 - Reward: -200.000, Length: 200, Loss: 28.1670, Entropy: 1.0481, Epsilon: 0.010
2026-04-19 12:49:12 | INFO | Episode 7609 - Reward: -200.000, Length: 200, Loss: 22.2353, Entropy: 1.0606, Epsilon: 0.010
2026-04-19 12:49:13 | INFO | Episode 7610 - Reward: -200.000, Length: 200, Loss: 10.5355, Entropy: 1.0644, Epsilon: 0.010
2026-04-19 12:49:13 | INFO | Episode 7611 - Reward: -200.000, Length: 200, Loss: 24.1489, Entropy: 1.0411, Epsilon: 0.010
2026-04-19 12:49:13 | INFO | Episode 7612 - Reward: -200.000, Length: 200, Loss: 18.2037, Entropy: 1.0729, Epsilon: 0.010
2026-04-19 12:49:14 | INFO | Episode 7613 - Reward: -200.000, Length: 200, Loss: 24.8623, Entropy: 1.0657, Epsilon: 0.010
2026-04-19 12:49:14 | INFO | Episode 7614 - Reward: -200.000, Length: 200, Loss: 10.7549, Entropy: 1.0589, Epsilon: 0.010
2026-04-19 12:49:15 | INFO | Episode 7615 - Reward: -200.000, Length: 200, Loss: 7.1782, Entropy: 1.0732, Epsilon: 0.010
2026-04-19 12:49:15 | INFO | Episode 7616 - Reward: -200.000, Length: 200, Loss: 21.5161, Entropy: 1.0799, Epsilon: 0.010
2026-04-19 12:49:15 | INFO | Episode 7617 - Reward: -200.000, Length: 200, Loss: 10.5032, Entropy: 1.0799, Epsilon: 0.010
2026-04-19 12:49:16 | INFO | Episode 7618 - Reward: -200.000, Length: 200, Loss: 17.1972, Entropy: 1.0821, Epsilon: 0.010
2026-04-19 12:49:16 | INFO | Episode 7619 - Reward: -200.000, Length: 200, Loss: 10.1461, Entropy: 1.0840, Epsilon: 0.010
2026-04-19 12:49:17 | INFO | Episode 7620 - Reward: -200.000, Length: 200, Loss: 17.8473, Entropy: 1.0805, Epsilon: 0.010
2026-04-19 12:49:17 | INFO | Episode 7621 - Reward: -200.000, Length: 200, Loss: 23.4551, Entropy: 1.0707, Epsilon: 0.010
2026-04-19 12:49:17 | INFO | Episode 7622 - Reward: -200.000, Length: 200, Loss: 27.1700, Entropy: 1.0695, Epsilon: 0.010
2026-04-19 12:49:18 | INFO | Episode 7623 - Reward: -200.000, Length: 200, Loss: 17.2561, Entropy: 1.0809, Epsilon: 0.010
2026-04-19 12:49:18 | INFO | Episode 7624 - Reward: -200.000, Length: 200, Loss: 17.1089, Entropy: 1.0820, Epsilon: 0.010
2026-04-19 12:49:19 | INFO | Episode 7625 - Reward: -200.000, Length: 200, Loss: 10.3663, Entropy: 1.0755, Epsilon: 0.010
2026-04-19 12:49:19 | INFO | Episode 7626 - Reward: -200.000, Length: 200, Loss: 13.1752, Entropy: 1.0825, Epsilon: 0.010
2026-04-19 12:49:19 | INFO | Episode 7627 - Reward: -200.000, Length: 200, Loss: 9.9915, Entropy: 1.0838, Epsilon: 0.010
2026-04-19 12:49:20 | INFO | Episode 7628 - Reward: -200.000, Length: 200, Loss: 23.4030, Entropy: 1.0581, Epsilon: 0.010
2026-04-19 12:49:20 | INFO | Episode 7629 - Reward: -200.000, Length: 200, Loss: 3.1329, Entropy: 1.0747, Epsilon: 0.010
2026-04-19 12:49:20 | INFO | Episode 7630 - Reward: -200.000, Length: 200, Loss: 16.2089, Entropy: 1.0657, Epsilon: 0.010
2026-04-19 12:49:21 | INFO | Episode 7631 - Reward: -200.000, Length: 200, Loss: 21.7549, Entropy: 1.0315, Epsilon: 0.010
2026-04-19 12:49:21 | INFO | Episode 7632 - Reward: -200.000, Length: 200, Loss: 24.6836, Entropy: 1.0417, Epsilon: 0.010
2026-04-19 12:49:22 | INFO | Episode 7633 - Reward: -200.000, Length: 200, Loss: 18.8477, Entropy: 1.0629, Epsilon: 0.010
2026-04-19 12:49:22 | INFO | Episode 7634 - Reward: -200.000, Length: 200, Loss: 22.4263, Entropy: 1.0740, Epsilon: 0.010
2026-04-19 12:49:23 | INFO | Episode 7635 - Reward: -200.000, Length: 200, Loss: 15.9495, Entropy: 1.0847, Epsilon: 0.010
2026-04-19 12:49:23 | INFO | Episode 7636 - Reward: -200.000, Length: 200, Loss: 19.2687, Entropy: 1.0765, Epsilon: 0.010
2026-04-19 12:49:24 | INFO | Episode 7637 - Reward: -200.000, Length: 200, Loss: 15.7001, Entropy: 1.0731, Epsilon: 0.010
2026-04-19 12:49:24 | INFO | Episode 7638 - Reward: -200.000, Length: 200, Loss: 22.6633, Entropy: 1.0516, Epsilon: 0.010
2026-04-19 12:49:24 | INFO | Episode 7639 - Reward: -200.000, Length: 200, Loss: 18.6280, Entropy: 1.0672, Epsilon: 0.010
2026-04-19 12:49:25 | INFO | Episode 7640 - Reward: -200.000, Length: 200, Loss: 12.5773, Entropy: 1.0703, Epsilon: 0.010
2026-04-19 12:49:25 | INFO | Episode 7641 - Reward: -200.000, Length: 200, Loss: 8.8542, Entropy: 1.0643, Epsilon: 0.010
2026-04-19 12:49:26 | INFO | Episode 7642 - Reward: -200.000, Length: 200, Loss: 12.5452, Entropy: 1.0820, Epsilon: 0.010
2026-04-19 12:49:26 | INFO | Episode 7643 - Reward: -200.000, Length: 200, Loss: 21.6240, Entropy: 1.0512, Epsilon: 0.010
2026-04-19 12:49:27 | INFO | Episode 7644 - Reward: -200.000, Length: 200, Loss: 17.4895, Entropy: 1.0135, Epsilon: 0.010
2026-04-19 12:49:27 | INFO | Episode 7645 - Reward: -200.000, Length: 200, Loss: 9.5730, Entropy: 1.0662, Epsilon: 0.010
2026-04-19 12:49:27 | INFO | Episode 7646 - Reward: -200.000, Length: 200, Loss: 19.6756, Entropy: 1.0728, Epsilon: 0.010
2026-04-19 12:49:28 | INFO | Episode 7647 - Reward: -200.000, Length: 200, Loss: 22.1445, Entropy: 1.0744, Epsilon: 0.010
2026-04-19 12:49:28 | INFO | Episode 7648 - Reward: -200.000, Length: 200, Loss: 15.9339, Entropy: 1.0614, Epsilon: 0.010
2026-04-19 12:49:28 | INFO | Episode 7649 - Reward: -200.000, Length: 200, Loss: 16.4598, Entropy: 1.0820, Epsilon: 0.010
2026-04-19 12:49:29 | INFO | Episode 7650 - Reward: -200.000, Length: 200, Loss: 16.2453, Entropy: 1.0787, Epsilon: 0.010
2026-04-19 12:49:29 | INFO | Episode 7651 - Reward: -200.000, Length: 200, Loss: 16.6192, Entropy: 1.0809, Epsilon: 0.010
2026-04-19 12:49:30 | INFO | Episode 7652 - Reward: -200.000, Length: 200, Loss: 26.0705, Entropy: 1.0631, Epsilon: 0.010
2026-04-19 12:49:31 | INFO | Episode 7653 - Reward: -200.000, Length: 200, Loss: 9.3427, Entropy: 1.0705, Epsilon: 0.010
2026-04-19 12:49:31 | INFO | Episode 7654 - Reward: -200.000, Length: 200, Loss: 26.4189, Entropy: 1.0786, Epsilon: 0.010
2026-04-19 12:49:32 | INFO | Episode 7655 - Reward: -200.000, Length: 200, Loss: 15.7077, Entropy: 1.0800, Epsilon: 0.010
2026-04-19 12:49:33 | INFO | Episode 7656 - Reward: -200.000, Length: 200, Loss: 22.6160, Entropy: 1.0668, Epsilon: 0.010
2026-04-19 12:49:33 | INFO | Episode 7657 - Reward: -200.000, Length: 200, Loss: 19.0091, Entropy: 1.0732, Epsilon: 0.010
2026-04-19 12:49:33 | INFO | Episode 7658 - Reward: -200.000, Length: 200, Loss: 25.6648, Entropy: 1.0802, Epsilon: 0.010
2026-04-19 12:49:34 | INFO | Episode 7659 - Reward: -200.000, Length: 200, Loss: 20.6169, Entropy: 1.0745, Epsilon: 0.010
2026-04-19 12:49:34 | INFO | Episode 7660 - Reward: -200.000, Length: 200, Loss: 12.4415, Entropy: 1.0799, Epsilon: 0.010
2026-04-19 12:49:35 | INFO | Episode 7661 - Reward: -200.000, Length: 200, Loss: 12.9694, Entropy: 1.0766, Epsilon: 0.010
2026-04-19 12:49:35 | INFO | Episode 7662 - Reward: -200.000, Length: 200, Loss: 19.0795, Entropy: 1.0551, Epsilon: 0.010
2026-04-19 12:49:36 | INFO | Episode 7663 - Reward: -200.000, Length: 200, Loss: 18.7279, Entropy: 1.0593, Epsilon: 0.010
2026-04-19 12:49:36 | INFO | Episode 7664 - Reward: -200.000, Length: 200, Loss: 3.1371, Entropy: 1.0780, Epsilon: 0.010
2026-04-19 12:49:37 | INFO | Episode 7665 - Reward: -200.000, Length: 200, Loss: 16.4284, Entropy: 1.0591, Epsilon: 0.010
2026-04-19 12:49:37 | INFO | Episode 7666 - Reward: -200.000, Length: 200, Loss: 9.6297, Entropy: 1.0748, Epsilon: 0.010
2026-04-19 12:49:37 | INFO | Episode 7667 - Reward: -200.000, Length: 200, Loss: 19.5371, Entropy: 1.0672, Epsilon: 0.010
2026-04-19 12:49:38 | INFO | Episode 7668 - Reward: -200.000, Length: 200, Loss: 12.4803, Entropy: 1.0809, Epsilon: 0.010
2026-04-19 12:49:38 | INFO | Episode 7669 - Reward: -200.000, Length: 200, Loss: 28.7696, Entropy: 1.0471, Epsilon: 0.010
2026-04-19 12:49:39 | INFO | Episode 7670 - Reward: -200.000, Length: 200, Loss: 22.1396, Entropy: 1.0642, Epsilon: 0.010
2026-04-19 12:49:39 | INFO | Episode 7671 - Reward: -200.000, Length: 200, Loss: 6.4076, Entropy: 1.0837, Epsilon: 0.010
2026-04-19 12:49:40 | INFO | Episode 7672 - Reward: -200.000, Length: 200, Loss: 16.0155, Entropy: 1.0747, Epsilon: 0.010
2026-04-19 12:49:40 | INFO | Episode 7673 - Reward: -200.000, Length: 200, Loss: 6.2269, Entropy: 1.0852, Epsilon: 0.010
2026-04-19 12:49:41 | INFO | Episode 7674 - Reward: -200.000, Length: 200, Loss: 3.1538, Entropy: 1.0865, Epsilon: 0.010
2026-04-19 12:49:42 | INFO | Episode 7675 - Reward: -200.000, Length: 200, Loss: 16.0644, Entropy: 1.0846, Epsilon: 0.010
2026-04-19 12:49:42 | INFO | Episode 7676 - Reward: -200.000, Length: 200, Loss: 16.0809, Entropy: 1.0695, Epsilon: 0.010
2026-04-19 12:49:42 | INFO | Episode 7677 - Reward: -200.000, Length: 200, Loss: 13.3040, Entropy: 1.0710, Epsilon: 0.010
2026-04-19 12:49:43 | INFO | Episode 7678 - Reward: -200.000, Length: 200, Loss: 29.1649, Entropy: 1.0679, Epsilon: 0.010
2026-04-19 12:49:43 | INFO | Episode 7679 - Reward: -200.000, Length: 200, Loss: 12.3985, Entropy: 1.0759, Epsilon: 0.010
2026-04-19 12:49:44 | INFO | Episode 7680 - Reward: -200.000, Length: 200, Loss: 27.6587, Entropy: 1.0785, Epsilon: 0.010
2026-04-19 12:49:44 | INFO | Episode 7681 - Reward: -200.000, Length: 200, Loss: 12.3489, Entropy: 1.0795, Epsilon: 0.010
2026-04-19 12:49:45 | INFO | Episode 7682 - Reward: -200.000, Length: 200, Loss: 18.3826, Entropy: 1.0722, Epsilon: 0.010
2026-04-19 12:49:45 | INFO | Episode 7683 - Reward: -200.000, Length: 200, Loss: 18.3350, Entropy: 1.0737, Epsilon: 0.010
2026-04-19 12:49:45 | INFO | Episode 7684 - Reward: -200.000, Length: 200, Loss: 18.1498, Entropy: 1.0699, Epsilon: 0.010
2026-04-19 12:49:46 | INFO | Episode 7685 - Reward: -200.000, Length: 200, Loss: 9.1255, Entropy: 1.0833, Epsilon: 0.010
2026-04-19 12:49:46 | INFO | Episode 7686 - Reward: -200.000, Length: 200, Loss: 36.8904, Entropy: 1.0672, Epsilon: 0.010
2026-04-19 12:49:47 | INFO | Episode 7687 - Reward: -200.000, Length: 200, Loss: 12.4677, Entropy: 1.0740, Epsilon: 0.010
2026-04-19 12:49:47 | INFO | Episode 7688 - Reward: -200.000, Length: 200, Loss: 15.2883, Entropy: 1.0597, Epsilon: 0.010
2026-04-19 12:49:48 | INFO | Episode 7689 - Reward: -200.000, Length: 200, Loss: 8.6045, Entropy: 1.0761, Epsilon: 0.010
2026-04-19 12:49:48 | INFO | Episode 7690 - Reward: -200.000, Length: 200, Loss: 30.6629, Entropy: 1.0696, Epsilon: 0.010
2026-04-19 12:49:48 | INFO | Episode 7691 - Reward: -200.000, Length: 200, Loss: 9.1052, Entropy: 1.0768, Epsilon: 0.010
2026-04-19 12:49:49 | INFO | Episode 7692 - Reward: -200.000, Length: 200, Loss: 9.0744, Entropy: 1.0715, Epsilon: 0.010
2026-04-19 12:49:49 | INFO | Episode 7693 - Reward: -200.000, Length: 200, Loss: 17.8149, Entropy: 1.0830, Epsilon: 0.010
2026-04-19 12:49:50 | INFO | Episode 7694 - Reward: -200.000, Length: 200, Loss: 8.6353, Entropy: 1.0753, Epsilon: 0.010
2026-04-19 12:49:50 | INFO | Episode 7695 - Reward: -200.000, Length: 200, Loss: 12.3605, Entropy: 1.0864, Epsilon: 0.010
2026-04-19 12:49:51 | INFO | Episode 7696 - Reward: -200.000, Length: 200, Loss: 6.0541, Entropy: 1.0854, Epsilon: 0.010
2026-04-19 12:49:51 | INFO | Episode 7697 - Reward: -200.000, Length: 200, Loss: 9.4904, Entropy: 1.0821, Epsilon: 0.010
2026-04-19 12:49:51 | INFO | Episode 7698 - Reward: -200.000, Length: 200, Loss: 5.9821, Entropy: 1.0859, Epsilon: 0.010
2026-04-19 12:49:52 | INFO | Episode 7699 - Reward: -200.000, Length: 200, Loss: 18.7509, Entropy: 1.0353, Epsilon: 0.010
2026-04-19 12:49:52 | INFO | Episode 7700 - Reward: -200.000, Length: 200, Loss: 15.6079, Entropy: 1.0773, Epsilon: 0.010
2026-04-19 12:49:58 | INFO | [Episode 7700] eps=0.010  avg_reward=-200.000  avg_length=200.00  avg_loss= 16.6207  avg_entropy=1.0773  eval_success=0.000
2026-04-19 12:49:59 | INFO | Episode 7701 - Reward: -200.000, Length: 200, Loss: 22.0288, Entropy: 1.0728, Epsilon: 0.010
2026-04-19 12:49:59 | INFO | Episode 7702 - Reward: -200.000, Length: 200, Loss: 22.0090, Entropy: 1.0456, Epsilon: 0.010
2026-04-19 12:50:00 | INFO | Episode 7703 - Reward: -200.000, Length: 200, Loss: 18.7680, Entropy: 1.0682, Epsilon: 0.010
2026-04-19 12:50:00 | INFO | Episode 7704 - Reward: -200.000, Length: 200, Loss: 21.5479, Entropy: 1.0797, Epsilon: 0.010
2026-04-19 12:50:01 | INFO | Episode 7705 - Reward: -200.000, Length: 200, Loss: 9.0474, Entropy: 1.0800, Epsilon: 0.010
2026-04-19 12:50:01 | INFO | Episode 7706 - Reward: -200.000, Length: 200, Loss: 12.3419, Entropy: 1.0843, Epsilon: 0.010
2026-04-19 12:50:02 | INFO | Episode 7707 - Reward: -200.000, Length: 200, Loss: 15.3160, Entropy: 1.0796, Epsilon: 0.010
2026-04-19 12:50:02 | INFO | Episode 7708 - Reward: -200.000, Length: 200, Loss: 12.4436, Entropy: 1.0655, Epsilon: 0.010
2026-04-19 12:50:03 | INFO | Episode 7709 - Reward: -200.000, Length: 200, Loss: 9.4392, Entropy: 1.0661, Epsilon: 0.010
2026-04-19 12:50:04 | INFO | Episode 7710 - Reward: -200.000, Length: 200, Loss: 12.5645, Entropy: 1.0725, Epsilon: 0.010
2026-04-19 12:50:04 | INFO | Episode 7711 - Reward: -200.000, Length: 200, Loss: 15.1997, Entropy: 1.0730, Epsilon: 0.010
2026-04-19 12:50:05 | INFO | Episode 7712 - Reward: -200.000, Length: 200, Loss: 24.0851, Entropy: 1.0589, Epsilon: 0.010
2026-04-19 12:50:05 | INFO | Episode 7713 - Reward: -200.000, Length: 200, Loss: 11.9720, Entropy: 1.0806, Epsilon: 0.010
2026-04-19 12:50:06 | INFO | Episode 7714 - Reward: -200.000, Length: 200, Loss: 12.2836, Entropy: 1.0683, Epsilon: 0.010
2026-04-19 12:50:06 | INFO | Episode 7715 - Reward: -200.000, Length: 200, Loss: 17.9614, Entropy: 1.0778, Epsilon: 0.010
2026-04-19 12:50:06 | INFO | Episode 7716 - Reward: -200.000, Length: 200, Loss: 11.7701, Entropy: 1.0817, Epsilon: 0.010
2026-04-19 12:50:07 | INFO | Episode 7717 - Reward: -200.000, Length: 200, Loss: 15.0801, Entropy: 1.0715, Epsilon: 0.010
2026-04-19 12:50:07 | INFO | Episode 7718 - Reward: -200.000, Length: 200, Loss: 11.8162, Entropy: 1.0785, Epsilon: 0.010
2026-04-19 12:50:08 | INFO | Episode 7719 - Reward: -200.000, Length: 200, Loss: 15.1535, Entropy: 1.0683, Epsilon: 0.010
2026-04-19 12:50:08 | INFO | Episode 7720 - Reward: -200.000, Length: 200, Loss: 21.4412, Entropy: 1.0750, Epsilon: 0.010
2026-04-19 12:50:09 | INFO | Episode 7721 - Reward: -200.000, Length: 200, Loss: 14.6766, Entropy: 1.0716, Epsilon: 0.010
2026-04-19 12:50:09 | INFO | Episode 7722 - Reward: -200.000, Length: 200, Loss: 11.9582, Entropy: 1.0817, Epsilon: 0.010
2026-04-19 12:50:10 | INFO | Episode 7723 - Reward: -200.000, Length: 200, Loss: 15.0686, Entropy: 1.0742, Epsilon: 0.010
2026-04-19 12:50:10 | INFO | Episode 7724 - Reward: -200.000, Length: 200, Loss: 14.9914, Entropy: 1.0798, Epsilon: 0.010
2026-04-19 12:50:11 | INFO | Episode 7725 - Reward: -200.000, Length: 200, Loss: 20.4949, Entropy: 1.0756, Epsilon: 0.010
2026-04-19 12:50:11 | INFO | Episode 7726 - Reward: -200.000, Length: 200, Loss: 11.6051, Entropy: 1.0736, Epsilon: 0.010
2026-04-19 12:50:12 | INFO | Episode 7727 - Reward: -200.000, Length: 200, Loss: 17.9794, Entropy: 1.0849, Epsilon: 0.010
2026-04-19 12:50:12 | INFO | Episode 7728 - Reward: -200.000, Length: 200, Loss: 26.1860, Entropy: 1.0768, Epsilon: 0.010
2026-04-19 12:50:13 | INFO | Episode 7729 - Reward: -200.000, Length: 200, Loss: 5.5297, Entropy: 1.0862, Epsilon: 0.010
2026-04-19 12:50:13 | INFO | Episode 7730 - Reward: -200.000, Length: 200, Loss: 11.3124, Entropy: 1.0798, Epsilon: 0.010
2026-04-19 12:50:14 | INFO | Episode 7731 - Reward: -200.000, Length: 200, Loss: 17.5676, Entropy: 1.0750, Epsilon: 0.010
2026-04-19 12:50:15 | INFO | Episode 7732 - Reward: -200.000, Length: 200, Loss: 14.0386, Entropy: 1.0784, Epsilon: 0.010
2026-04-19 12:50:15 | INFO | Episode 7733 - Reward: -200.000, Length: 200, Loss: 14.5105, Entropy: 1.0691, Epsilon: 0.010
2026-04-19 12:50:16 | INFO | Episode 7734 - Reward: -200.000, Length: 200, Loss: 25.6549, Entropy: 1.0674, Epsilon: 0.010
2026-04-19 12:50:16 | INFO | Episode 7735 - Reward: -200.000, Length: 200, Loss: 11.2160, Entropy: 1.0767, Epsilon: 0.010
2026-04-19 12:50:17 | INFO | Episode 7736 - Reward: -200.000, Length: 200, Loss: 5.3874, Entropy: 1.0864, Epsilon: 0.010
2026-04-19 12:50:17 | INFO | Episode 7737 - Reward: -200.000, Length: 200, Loss: 20.3295, Entropy: 1.0839, Epsilon: 0.010
2026-04-19 12:50:18 | INFO | Episode 7738 - Reward: -200.000, Length: 200, Loss: 17.4613, Entropy: 1.0695, Epsilon: 0.010
2026-04-19 12:50:18 | INFO | Episode 7739 - Reward: -200.000, Length: 200, Loss: 14.4249, Entropy: 1.0710, Epsilon: 0.010
2026-04-19 12:50:19 | INFO | Episode 7740 - Reward: -200.000, Length: 200, Loss: 19.9228, Entropy: 1.0701, Epsilon: 0.010
2026-04-19 12:50:19 | INFO | Episode 7741 - Reward: -200.000, Length: 200, Loss: 8.7894, Entropy: 1.0836, Epsilon: 0.010
2026-04-19 12:50:20 | INFO | Episode 7742 - Reward: -200.000, Length: 200, Loss: 17.0681, Entropy: 1.0715, Epsilon: 0.010
2026-04-19 12:50:20 | INFO | Episode 7743 - Reward: -200.000, Length: 200, Loss: 11.5501, Entropy: 1.0780, Epsilon: 0.010
2026-04-19 12:50:21 | INFO | Episode 7744 - Reward: -200.000, Length: 200, Loss: 5.8748, Entropy: 1.0861, Epsilon: 0.010
2026-04-19 12:50:21 | INFO | Episode 7745 - Reward: -200.000, Length: 200, Loss: 11.7842, Entropy: 1.0834, Epsilon: 0.010
2026-04-19 12:50:21 | INFO | Episode 7746 - Reward: -200.000, Length: 200, Loss: 8.5544, Entropy: 1.0876, Epsilon: 0.010
2026-04-19 12:50:22 | INFO | Episode 7747 - Reward: -200.000, Length: 200, Loss: 15.0302, Entropy: 1.0823, Epsilon: 0.010
2026-04-19 12:50:22 | INFO | Episode 7748 - Reward: -200.000, Length: 200, Loss: 18.2743, Entropy: 1.0822, Epsilon: 0.010
2026-04-19 12:50:23 | INFO | Episode 7749 - Reward: -200.000, Length: 200, Loss: 23.7701, Entropy: 1.0465, Epsilon: 0.010
2026-04-19 12:50:23 | INFO | Episode 7750 - Reward: -200.000, Length: 200, Loss: 24.0748, Entropy: 1.0727, Epsilon: 0.010
2026-04-19 12:50:24 | INFO | Episode 7751 - Reward: -200.000, Length: 200, Loss: 8.5601, Entropy: 1.0773, Epsilon: 0.010
2026-04-19 12:50:24 | INFO | Episode 7752 - Reward: -200.000, Length: 200, Loss: 5.8794, Entropy: 1.0774, Epsilon: 0.010
2026-04-19 12:50:25 | INFO | Episode 7753 - Reward: -200.000, Length: 200, Loss: 17.9574, Entropy: 1.0760, Epsilon: 0.010
2026-04-19 12:50:25 | INFO | Episode 7754 - Reward: -200.000, Length: 200, Loss: 17.8187, Entropy: 1.0652, Epsilon: 0.010
2026-04-19 12:50:26 | INFO | Episode 7755 - Reward: -200.000, Length: 200, Loss: 15.1046, Entropy: 1.0772, Epsilon: 0.010
2026-04-19 12:50:26 | INFO | Episode 7756 - Reward: -200.000, Length: 200, Loss: 5.6980, Entropy: 1.0869, Epsilon: 0.010
2026-04-19 12:50:27 | INFO | Episode 7757 - Reward: -200.000, Length: 200, Loss: 17.5448, Entropy: 1.0678, Epsilon: 0.010
2026-04-19 12:50:27 | INFO | Episode 7758 - Reward: -200.000, Length: 200, Loss: 15.0412, Entropy: 1.0815, Epsilon: 0.010
2026-04-19 12:50:28 | INFO | Episode 7759 - Reward: -200.000, Length: 200, Loss: 17.5641, Entropy: 1.0769, Epsilon: 0.010
2026-04-19 12:50:28 | INFO | Episode 7760 - Reward: -200.000, Length: 200, Loss: 6.0649, Entropy: 1.0761, Epsilon: 0.010
2026-04-19 12:50:28 | INFO | Episode 7761 - Reward: -200.000, Length: 200, Loss: 8.9183, Entropy: 1.0778, Epsilon: 0.010
2026-04-19 12:50:29 | INFO | Episode 7762 - Reward: -200.000, Length: 200, Loss: 11.8644, Entropy: 1.0838, Epsilon: 0.010
2026-04-19 12:50:29 | INFO | Episode 7763 - Reward: -200.000, Length: 200, Loss: 17.5720, Entropy: 1.0606, Epsilon: 0.010
2026-04-19 12:50:30 | INFO | Episode 7764 - Reward: -200.000, Length: 200, Loss: 15.0952, Entropy: 1.0668, Epsilon: 0.010
2026-04-19 12:50:30 | INFO | Episode 7765 - Reward: -200.000, Length: 200, Loss: 20.2695, Entropy: 1.0743, Epsilon: 0.010
2026-04-19 12:50:31 | INFO | Episode 7766 - Reward: -200.000, Length: 200, Loss: 27.4745, Entropy: 1.0750, Epsilon: 0.010
2026-04-19 12:50:31 | INFO | Episode 7767 - Reward: -200.000, Length: 200, Loss: 11.8163, Entropy: 1.0720, Epsilon: 0.010
2026-04-19 12:50:32 | INFO | Episode 7768 - Reward: -200.000, Length: 200, Loss: 27.3451, Entropy: 1.0739, Epsilon: 0.010
2026-04-19 12:50:32 | INFO | Episode 7769 - Reward: -200.000, Length: 200, Loss: 9.2868, Entropy: 1.0661, Epsilon: 0.010
2026-04-19 12:50:32 | INFO | Episode 7770 - Reward: -200.000, Length: 200, Loss: 14.7109, Entropy: 1.0711, Epsilon: 0.010
2026-04-19 12:50:33 | INFO | Episode 7771 - Reward: -200.000, Length: 200, Loss: 11.8546, Entropy: 1.0633, Epsilon: 0.010
2026-04-19 12:50:34 | INFO | Episode 7772 - Reward: -200.000, Length: 200, Loss: 21.7554, Entropy: 1.0475, Epsilon: 0.010
2026-04-19 12:50:34 | INFO | Episode 7773 - Reward: -200.000, Length: 200, Loss: 24.2800, Entropy: 1.0650, Epsilon: 0.010
2026-04-19 12:50:35 | INFO | Episode 7774 - Reward: -200.000, Length: 200, Loss: 9.1116, Entropy: 1.0860, Epsilon: 0.010
2026-04-19 12:50:35 | INFO | Episode 7775 - Reward: -200.000, Length: 200, Loss: 5.9563, Entropy: 1.0836, Epsilon: 0.010
2026-04-19 12:50:36 | INFO | Episode 7776 - Reward: -200.000, Length: 200, Loss: 24.2322, Entropy: 1.0829, Epsilon: 0.010
2026-04-19 12:50:36 | INFO | Episode 7777 - Reward: -200.000, Length: 200, Loss: 18.2949, Entropy: 1.0757, Epsilon: 0.010
2026-04-19 12:50:37 | INFO | Episode 7778 - Reward: -200.000, Length: 200, Loss: 8.6817, Entropy: 1.0804, Epsilon: 0.010
2026-04-19 12:50:39 | INFO | Episode 7779 - Reward: -200.000, Length: 200, Loss: 30.8412, Entropy: 1.0731, Epsilon: 0.010
2026-04-19 12:50:40 | INFO | Episode 7780 - Reward: -200.000, Length: 200, Loss: 15.5863, Entropy: 1.0682, Epsilon: 0.010
2026-04-19 12:50:40 | INFO | Episode 7781 - Reward: -200.000, Length: 200, Loss: 12.3946, Entropy: 1.0791, Epsilon: 0.010
2026-04-19 12:50:41 | INFO | Episode 7782 - Reward: -200.000, Length: 200, Loss: 37.2168, Entropy: 1.0738, Epsilon: 0.010
2026-04-19 12:50:41 | INFO | Episode 7783 - Reward: -200.000, Length: 200, Loss: 18.6326, Entropy: 1.0747, Epsilon: 0.010
2026-04-19 12:50:42 | INFO | Episode 7784 - Reward: -200.000, Length: 200, Loss: 21.8804, Entropy: 1.0539, Epsilon: 0.010
2026-04-19 12:50:42 | INFO | Episode 7785 - Reward: -200.000, Length: 200, Loss: 21.6705, Entropy: 1.0768, Epsilon: 0.010
2026-04-19 12:50:43 | INFO | Episode 7786 - Reward: -200.000, Length: 200, Loss: 9.4546, Entropy: 1.0820, Epsilon: 0.010
2026-04-19 12:50:43 | INFO | Episode 7787 - Reward: -200.000, Length: 200, Loss: 18.1793, Entropy: 1.0818, Epsilon: 0.010
2026-04-19 12:50:44 | INFO | Episode 7788 - Reward: -200.000, Length: 200, Loss: 21.3735, Entropy: 1.0820, Epsilon: 0.010
2026-04-19 12:50:44 | INFO | Episode 7789 - Reward: -200.000, Length: 200, Loss: 18.8992, Entropy: 1.0629, Epsilon: 0.010
2026-04-19 12:50:45 | INFO | Episode 7790 - Reward: -200.000, Length: 200, Loss: 5.7940, Entropy: 1.0685, Epsilon: 0.010
2026-04-19 12:50:45 | INFO | Episode 7791 - Reward: -200.000, Length: 200, Loss: 9.1726, Entropy: 1.0693, Epsilon: 0.010
2026-04-19 12:50:45 | INFO | Episode 7792 - Reward: -200.000, Length: 200, Loss: 3.0611, Entropy: 1.0818, Epsilon: 0.010
2026-04-19 12:50:46 | INFO | Episode 7793 - Reward: -200.000, Length: 200, Loss: 6.2456, Entropy: 1.0832, Epsilon: 0.010
2026-04-19 12:50:47 | INFO | Episode 7794 - Reward: -200.000, Length: 200, Loss: 9.4508, Entropy: 1.0776, Epsilon: 0.010
2026-04-19 12:50:47 | INFO | Episode 7795 - Reward: -200.000, Length: 200, Loss: 31.3498, Entropy: 1.0720, Epsilon: 0.010
2026-04-19 12:50:48 | INFO | Episode 7796 - Reward: -200.000, Length: 200, Loss: 18.1837, Entropy: 1.0364, Epsilon: 0.010
2026-04-19 12:50:48 | INFO | Episode 7797 - Reward: -200.000, Length: 200, Loss: 20.9273, Entropy: 1.0644, Epsilon: 0.010
2026-04-19 12:50:49 | INFO | Episode 7798 - Reward: -200.000, Length: 200, Loss: 18.9056, Entropy: 1.0769, Epsilon: 0.010
2026-04-19 12:50:49 | INFO | Episode 7799 - Reward: -200.000, Length: 200, Loss: 9.2587, Entropy: 1.0675, Epsilon: 0.010
2026-04-19 12:50:50 | INFO | Episode 7800 - Reward: -200.000, Length: 200, Loss: 12.5892, Entropy: 1.0635, Epsilon: 0.010
2026-04-19 12:50:56 | INFO | [Episode 7800] eps=0.010  avg_reward=-200.000  avg_length=200.00  avg_loss= 15.5418  avg_entropy=1.0635  eval_success=0.000
2026-04-19 12:50:57 | INFO | Episode 7801 - Reward: -200.000, Length: 200, Loss: 15.6510, Entropy: 1.0800, Epsilon: 0.010
2026-04-19 12:50:57 | INFO | Episode 7802 - Reward: -200.000, Length: 200, Loss: 21.9455, Entropy: 1.0679, Epsilon: 0.010
2026-04-19 12:50:57 | INFO | Episode 7803 - Reward: -200.000, Length: 200, Loss: 8.5706, Entropy: 1.0691, Epsilon: 0.010
2026-04-19 12:50:58 | INFO | Episode 7804 - Reward: -200.000, Length: 200, Loss: 18.9133, Entropy: 1.0804, Epsilon: 0.010
2026-04-19 12:50:58 | INFO | Episode 7805 - Reward: -200.000, Length: 200, Loss: 15.7249, Entropy: 1.0841, Epsilon: 0.010
2026-04-19 12:50:59 | INFO | Episode 7806 - Reward: -200.000, Length: 200, Loss: 19.0138, Entropy: 1.0798, Epsilon: 0.010
2026-04-19 12:50:59 | INFO | Episode 7807 - Reward: -200.000, Length: 200, Loss: 12.6507, Entropy: 1.0811, Epsilon: 0.010
2026-04-19 12:51:00 | INFO | Episode 7808 - Reward: -200.000, Length: 200, Loss: 12.7051, Entropy: 1.0822, Epsilon: 0.010
2026-04-19 12:51:00 | INFO | Episode 7809 - Reward: -200.000, Length: 200, Loss: 26.1361, Entropy: 1.0263, Epsilon: 0.010
2026-04-19 12:51:01 | INFO | Episode 7810 - Reward: -200.000, Length: 200, Loss: 6.2960, Entropy: 1.0873, Epsilon: 0.010
2026-04-19 12:51:01 | INFO | Episode 7811 - Reward: -200.000, Length: 200, Loss: 3.0015, Entropy: 1.0864, Epsilon: 0.010
2026-04-19 12:51:02 | INFO | Episode 7812 - Reward: -200.000, Length: 200, Loss: 13.2524, Entropy: 1.0802, Epsilon: 0.010
2026-04-19 12:51:02 | INFO | Episode 7813 - Reward: -200.000, Length: 200, Loss: 26.3286, Entropy: 1.0820, Epsilon: 0.010
2026-04-19 12:51:02 | INFO | Episode 7814 - Reward: -200.000, Length: 200, Loss: 13.0100, Entropy: 1.0651, Epsilon: 0.010
2026-04-19 12:51:03 | INFO | Episode 7815 - Reward: -200.000, Length: 200, Loss: 9.7799, Entropy: 1.0789, Epsilon: 0.010
2026-04-19 12:51:03 | INFO | Episode 7816 - Reward: -200.000, Length: 200, Loss: 16.1076, Entropy: 1.0781, Epsilon: 0.010
2026-04-19 12:51:04 | INFO | Episode 7817 - Reward: -200.000, Length: 200, Loss: 12.9015, Entropy: 1.0879, Epsilon: 0.010
2026-04-19 12:51:04 | INFO | Episode 7818 - Reward: -200.000, Length: 200, Loss: 16.8504, Entropy: 1.0680, Epsilon: 0.010
2026-04-19 12:51:05 | INFO | Episode 7819 - Reward: -200.000, Length: 200, Loss: 15.8734, Entropy: 1.0652, Epsilon: 0.010
2026-04-19 12:51:05 | INFO | Episode 7820 - Reward: -200.000, Length: 200, Loss: 15.9976, Entropy: 1.0807, Epsilon: 0.010
2026-04-19 12:51:06 | INFO | Episode 7821 - Reward: -200.000, Length: 200, Loss: 15.7487, Entropy: 1.0611, Epsilon: 0.010
2026-04-19 12:51:06 | INFO | Episode 7822 - Reward: -200.000, Length: 200, Loss: 16.2020, Entropy: 1.0659, Epsilon: 0.010
2026-04-19 12:51:06 | INFO | Episode 7823 - Reward: -200.000, Length: 200, Loss: 9.4999, Entropy: 1.0809, Epsilon: 0.010
2026-04-19 12:51:07 | INFO | Episode 7824 - Reward: -200.000, Length: 200, Loss: 13.2265, Entropy: 1.0836, Epsilon: 0.010
2026-04-19 12:51:07 | INFO | Episode 7825 - Reward: -200.000, Length: 200, Loss: 18.6306, Entropy: 1.0818, Epsilon: 0.010
2026-04-19 12:51:08 | INFO | Episode 7826 - Reward: -200.000, Length: 200, Loss: 9.3457, Entropy: 1.0664, Epsilon: 0.010
2026-04-19 12:51:08 | INFO | Episode 7827 - Reward: -200.000, Length: 200, Loss: 16.5491, Entropy: 1.0684, Epsilon: 0.010
2026-04-19 12:51:09 | INFO | Episode 7828 - Reward: -200.000, Length: 200, Loss: 14.9421, Entropy: 1.0509, Epsilon: 0.010
2026-04-19 12:51:09 | INFO | Episode 7829 - Reward: -200.000, Length: 200, Loss: 9.6911, Entropy: 1.0612, Epsilon: 0.010
2026-04-19 12:51:09 | INFO | Episode 7830 - Reward: -200.000, Length: 200, Loss: 8.9687, Entropy: 1.0781, Epsilon: 0.010
2026-04-19 12:51:10 | INFO | Episode 7831 - Reward: -200.000, Length: 200, Loss: 24.7102, Entropy: 1.0598, Epsilon: 0.010
2026-04-19 12:51:10 | INFO | Episode 7832 - Reward: -200.000, Length: 200, Loss: 16.0017, Entropy: 1.0469, Epsilon: 0.010
2026-04-19 12:51:11 | INFO | Episode 7833 - Reward: -200.000, Length: 200, Loss: 18.8822, Entropy: 1.0431, Epsilon: 0.010
2026-04-19 12:51:11 | INFO | Episode 7834 - Reward: -200.000, Length: 200, Loss: 15.5096, Entropy: 1.0651, Epsilon: 0.010
2026-04-19 12:51:12 | INFO | Episode 7835 - Reward: -200.000, Length: 200, Loss: 22.1384, Entropy: 1.0678, Epsilon: 0.010
2026-04-19 12:51:12 | INFO | Episode 7836 - Reward: -200.000, Length: 200, Loss: 15.1086, Entropy: 1.0596, Epsilon: 0.010
2026-04-19 12:51:12 | INFO | Episode 7837 - Reward: -200.000, Length: 200, Loss: 6.2463, Entropy: 1.0797, Epsilon: 0.010
2026-04-19 12:51:13 | INFO | Episode 7838 - Reward: -200.000, Length: 200, Loss: 27.3169, Entropy: 1.0597, Epsilon: 0.010
2026-04-19 12:51:13 | INFO | Episode 7839 - Reward: -200.000, Length: 200, Loss: 17.9974, Entropy: 1.0613, Epsilon: 0.010
2026-04-19 12:51:13 | INFO | Episode 7840 - Reward: -200.000, Length: 200, Loss: 6.2805, Entropy: 1.0850, Epsilon: 0.010
2026-04-19 12:51:14 | INFO | Episode 7841 - Reward: -200.000, Length: 200, Loss: 9.3772, Entropy: 1.0840, Epsilon: 0.010
2026-04-19 12:51:14 | INFO | Episode 7842 - Reward: -200.000, Length: 200, Loss: 12.3000, Entropy: 1.0847, Epsilon: 0.010
2026-04-19 12:51:15 | INFO | Episode 7843 - Reward: -200.000, Length: 200, Loss: 8.9262, Entropy: 1.0853, Epsilon: 0.010
2026-04-19 12:51:15 | INFO | Episode 7844 - Reward: -200.000, Length: 200, Loss: 2.7000, Entropy: 1.0835, Epsilon: 0.010
2026-04-19 12:51:15 | INFO | Episode 7845 - Reward: -200.000, Length: 200, Loss: 9.0844, Entropy: 1.0880, Epsilon: 0.010
2026-04-19 12:51:16 | INFO | Episode 7846 - Reward: -200.000, Length: 200, Loss: 8.8625, Entropy: 1.0759, Epsilon: 0.010
2026-04-19 12:51:16 | INFO | Episode 7847 - Reward: -200.000, Length: 200, Loss: 18.8938, Entropy: 1.0786, Epsilon: 0.010
2026-04-19 12:51:16 | INFO | Episode 7848 - Reward: -200.000, Length: 200, Loss: 11.9353, Entropy: 1.0768, Epsilon: 0.010
2026-04-19 12:51:17 | INFO | Episode 7849 - Reward: -200.000, Length: 200, Loss: 12.6852, Entropy: 1.0822, Epsilon: 0.010
2026-04-19 12:51:17 | INFO | Episode 7850 - Reward: -200.000, Length: 200, Loss: 6.2738, Entropy: 1.0794, Epsilon: 0.010
2026-04-19 12:51:17 | INFO | Episode 7851 - Reward: -200.000, Length: 200, Loss: 21.4342, Entropy: 1.0759, Epsilon: 0.010
2026-04-19 12:51:18 | INFO | Episode 7852 - Reward: -200.000, Length: 200, Loss: 18.5337, Entropy: 1.0717, Epsilon: 0.010
2026-04-19 12:51:18 | INFO | Episode 7853 - Reward: -200.000, Length: 200, Loss: 21.6129, Entropy: 1.0671, Epsilon: 0.010
2026-04-19 12:51:19 | INFO | Episode 7854 - Reward: -200.000, Length: 200, Loss: 12.2697, Entropy: 1.0851, Epsilon: 0.010
2026-04-19 12:51:19 | INFO | Episode 7855 - Reward: -200.000, Length: 200, Loss: 12.4589, Entropy: 1.0744, Epsilon: 0.010
2026-04-19 12:51:20 | INFO | Episode 7856 - Reward: -200.000, Length: 200, Loss: 18.4484, Entropy: 1.0842, Epsilon: 0.010
2026-04-19 12:51:20 | INFO | Episode 7857 - Reward: -200.000, Length: 200, Loss: 24.7219, Entropy: 1.0700, Epsilon: 0.010
2026-04-19 12:51:21 | INFO | Episode 7858 - Reward: -200.000, Length: 200, Loss: 12.8547, Entropy: 1.0740, Epsilon: 0.010
2026-04-19 12:51:21 | INFO | Episode 7859 - Reward: -200.000, Length: 200, Loss: 21.9782, Entropy: 1.0811, Epsilon: 0.010
2026-04-19 12:51:21 | INFO | Episode 7860 - Reward: -200.000, Length: 200, Loss: 8.7760, Entropy: 1.0877, Epsilon: 0.010
2026-04-19 12:51:22 | INFO | Episode 7861 - Reward: -200.000, Length: 200, Loss: 19.1456, Entropy: 1.0658, Epsilon: 0.010
2026-04-19 12:51:22 | INFO | Episode 7862 - Reward: -200.000, Length: 200, Loss: 25.3226, Entropy: 1.0729, Epsilon: 0.010
2026-04-19 12:51:22 | INFO | Episode 7863 - Reward: -200.000, Length: 200, Loss: 22.1265, Entropy: 1.0702, Epsilon: 0.010
2026-04-19 12:51:23 | INFO | Episode 7864 - Reward: -200.000, Length: 200, Loss: 6.2003, Entropy: 1.0845, Epsilon: 0.010
2026-04-19 12:51:23 | INFO | Episode 7865 - Reward: -200.000, Length: 200, Loss: 16.0977, Entropy: 1.0826, Epsilon: 0.010
2026-04-19 12:51:24 | INFO | Episode 7866 - Reward: -200.000, Length: 200, Loss: 12.5845, Entropy: 1.0834, Epsilon: 0.010
2026-04-19 12:51:24 | INFO | Episode 7867 - Reward: -200.000, Length: 200, Loss: 31.0915, Entropy: 1.0318, Epsilon: 0.010
2026-04-19 12:51:24 | INFO | Episode 7868 - Reward: -200.000, Length: 200, Loss: 21.9720, Entropy: 1.0726, Epsilon: 0.010
2026-04-19 12:51:25 | INFO | Episode 7869 - Reward: -200.000, Length: 200, Loss: 17.8889, Entropy: 1.0731, Epsilon: 0.010
2026-04-19 12:51:25 | INFO | Episode 7870 - Reward: -200.000, Length: 200, Loss: 18.7928, Entropy: 1.0776, Epsilon: 0.010
2026-04-19 12:51:25 | INFO | Episode 7871 - Reward: -200.000, Length: 200, Loss: 12.4516, Entropy: 1.0811, Epsilon: 0.010
2026-04-19 12:51:26 | INFO | Episode 7872 - Reward: -200.000, Length: 200, Loss: 15.7900, Entropy: 1.0646, Epsilon: 0.010
2026-04-19 12:51:26 | INFO | Episode 7873 - Reward: -200.000, Length: 200, Loss: 12.6048, Entropy: 1.0783, Epsilon: 0.010
2026-04-19 12:51:27 | INFO | Episode 7874 - Reward: -200.000, Length: 200, Loss: 12.3918, Entropy: 1.0851, Epsilon: 0.010
2026-04-19 12:51:27 | INFO | Episode 7875 - Reward: -200.000, Length: 200, Loss: 9.7128, Entropy: 1.0857, Epsilon: 0.010
2026-04-19 12:51:27 | INFO | Episode 7876 - Reward: -200.000, Length: 200, Loss: 6.3711, Entropy: 1.0820, Epsilon: 0.010
2026-04-19 12:51:28 | INFO | Episode 7877 - Reward: -200.000, Length: 200, Loss: 6.0334, Entropy: 1.0879, Epsilon: 0.010
2026-04-19 12:51:28 | INFO | Episode 7878 - Reward: -200.000, Length: 200, Loss: 24.9962, Entropy: 1.0653, Epsilon: 0.010
2026-04-19 12:51:28 | INFO | Episode 7879 - Reward: -200.000, Length: 200, Loss: 6.2607, Entropy: 1.0698, Epsilon: 0.010
2026-04-19 12:51:29 | INFO | Episode 7880 - Reward: -200.000, Length: 200, Loss: 9.3390, Entropy: 1.0759, Epsilon: 0.010
2026-04-19 12:51:29 | INFO | Episode 7881 - Reward: -200.000, Length: 200, Loss: 2.8785, Entropy: 1.0789, Epsilon: 0.010
2026-04-19 12:51:30 | INFO | Episode 7882 - Reward: -200.000, Length: 200, Loss: 9.8248, Entropy: 1.0800, Epsilon: 0.010
2026-04-19 12:51:30 | INFO | Episode 7883 - Reward: -200.000, Length: 200, Loss: 12.8931, Entropy: 1.0793, Epsilon: 0.010
2026-04-19 12:51:30 | INFO | Episode 7884 - Reward: -200.000, Length: 200, Loss: 6.0263, Entropy: 1.0802, Epsilon: 0.010
2026-04-19 12:51:31 | INFO | Episode 7885 - Reward: -200.000, Length: 200, Loss: 16.2594, Entropy: 1.0829, Epsilon: 0.010
2026-04-19 12:51:31 | INFO | Episode 7886 - Reward: -200.000, Length: 200, Loss: 15.6742, Entropy: 1.0833, Epsilon: 0.010
2026-04-19 12:51:31 | INFO | Episode 7887 - Reward: -200.000, Length: 200, Loss: 22.4178, Entropy: 1.0739, Epsilon: 0.010
2026-04-19 12:51:32 | INFO | Episode 7888 - Reward: -200.000, Length: 200, Loss: 13.1693, Entropy: 1.0803, Epsilon: 0.010
2026-04-19 12:51:32 | INFO | Episode 7889 - Reward: -200.000, Length: 200, Loss: 13.2756, Entropy: 1.0681, Epsilon: 0.010
2026-04-19 12:51:32 | INFO | Episode 7890 - Reward: -200.000, Length: 200, Loss: 13.0630, Entropy: 1.0644, Epsilon: 0.010
2026-04-19 12:51:33 | INFO | Episode 7891 - Reward: -200.000, Length: 200, Loss: 31.5041, Entropy: 1.0620, Epsilon: 0.010
2026-04-19 12:51:33 | INFO | Episode 7892 - Reward: -200.000, Length: 200, Loss: 21.6718, Entropy: 1.0526, Epsilon: 0.010
2026-04-19 12:51:34 | INFO | Episode 7893 - Reward: -200.000, Length: 200, Loss: 12.7726, Entropy: 1.0800, Epsilon: 0.010
2026-04-19 12:51:34 | INFO | Episode 7894 - Reward: -200.000, Length: 200, Loss: 28.0563, Entropy: 1.0586, Epsilon: 0.010
2026-04-19 12:51:34 | INFO | Episode 7895 - Reward: -200.000, Length: 200, Loss: 22.7489, Entropy: 1.0793, Epsilon: 0.010
2026-04-19 12:51:35 | INFO | Episode 7896 - Reward: -200.000, Length: 200, Loss: 21.8177, Entropy: 1.0787, Epsilon: 0.010
2026-04-19 12:51:35 | INFO | Episode 7897 - Reward: -200.000, Length: 200, Loss: 15.6039, Entropy: 1.0783, Epsilon: 0.010
2026-04-19 12:51:35 | INFO | Episode 7898 - Reward: -200.000, Length: 200, Loss: 22.8909, Entropy: 1.0447, Epsilon: 0.010
2026-04-19 12:51:36 | INFO | Episode 7899 - Reward: -200.000, Length: 200, Loss: 26.3064, Entropy: 1.0406, Epsilon: 0.010
2026-04-19 12:51:36 | INFO | Episode 7900 - Reward: -200.000, Length: 200, Loss: 19.6948, Entropy: 1.0768, Epsilon: 0.010
2026-04-19 12:51:41 | INFO | [Episode 7900] eps=0.010  avg_reward=-200.000  avg_length=200.00  avg_loss= 15.3356  avg_entropy=1.0768  eval_success=0.000
2026-04-19 12:51:41 | INFO | Episode 7901 - Reward: -200.000, Length: 200, Loss: 12.6886, Entropy: 1.0852, Epsilon: 0.010
2026-04-19 12:51:41 | INFO | Episode 7902 - Reward: -200.000, Length: 200, Loss: 6.3654, Entropy: 1.0831, Epsilon: 0.010
2026-04-19 12:51:42 | INFO | Episode 7903 - Reward: -200.000, Length: 200, Loss: 18.8030, Entropy: 1.0832, Epsilon: 0.010
2026-04-19 12:51:42 | INFO | Episode 7904 - Reward: -200.000, Length: 200, Loss: 22.7931, Entropy: 1.0733, Epsilon: 0.010
2026-04-19 12:51:43 | INFO | Episode 7905 - Reward: -200.000, Length: 200, Loss: 19.5802, Entropy: 1.0777, Epsilon: 0.010
2026-04-19 12:51:43 | INFO | Episode 7906 - Reward: -200.000, Length: 200, Loss: 16.2585, Entropy: 1.0846, Epsilon: 0.010
2026-04-19 12:51:43 | INFO | Episode 7907 - Reward: -200.000, Length: 200, Loss: 29.0985, Entropy: 1.0624, Epsilon: 0.010
2026-04-19 12:51:44 | INFO | Episode 7908 - Reward: -200.000, Length: 200, Loss: 13.5075, Entropy: 1.0590, Epsilon: 0.010
2026-04-19 12:51:44 | INFO | Episode 7909 - Reward: -200.000, Length: 200, Loss: 20.1465, Entropy: 1.0575, Epsilon: 0.010
2026-04-19 12:51:44 | INFO | Episode 7910 - Reward: -200.000, Length: 200, Loss: 3.0511, Entropy: 1.0882, Epsilon: 0.010
2026-04-19 12:51:45 | INFO | Episode 7911 - Reward: -200.000, Length: 200, Loss: 20.1786, Entropy: 1.0840, Epsilon: 0.010
2026-04-19 12:51:45 | INFO | Episode 7912 - Reward: -200.000, Length: 200, Loss: 13.2910, Entropy: 1.0790, Epsilon: 0.010
2026-04-19 12:51:46 | INFO | Episode 7913 - Reward: -200.000, Length: 200, Loss: 12.8535, Entropy: 1.0765, Epsilon: 0.010
2026-04-19 12:51:46 | INFO | Episode 7914 - Reward: -200.000, Length: 200, Loss: 13.4426, Entropy: 1.0840, Epsilon: 0.010
2026-04-19 12:51:46 | INFO | Episode 7915 - Reward: -200.000, Length: 200, Loss: 16.6301, Entropy: 1.0809, Epsilon: 0.010
2026-04-19 12:51:47 | INFO | Episode 7916 - Reward: -200.000, Length: 200, Loss: 16.8804, Entropy: 1.0657, Epsilon: 0.010
2026-04-19 12:51:47 | INFO | Episode 7917 - Reward: -200.000, Length: 200, Loss: 10.4114, Entropy: 1.0748, Epsilon: 0.010
2026-04-19 12:51:47 | INFO | Episode 7918 - Reward: -200.000, Length: 200, Loss: 6.8525, Entropy: 1.0860, Epsilon: 0.010
2026-04-19 12:51:48 | INFO | Episode 7919 - Reward: -200.000, Length: 200, Loss: 31.0005, Entropy: 1.0599, Epsilon: 0.010
2026-04-19 12:51:48 | INFO | Episode 7920 - Reward: -200.000, Length: 200, Loss: 17.7559, Entropy: 1.0799, Epsilon: 0.010
2026-04-19 12:51:48 | INFO | Episode 7921 - Reward: -200.000, Length: 200, Loss: 14.2981, Entropy: 1.0632, Epsilon: 0.010
2026-04-19 12:51:49 | INFO | Episode 7922 - Reward: -200.000, Length: 200, Loss: 17.5406, Entropy: 1.0487, Epsilon: 0.010
2026-04-19 12:51:49 | INFO | Episode 7923 - Reward: -200.000, Length: 200, Loss: 6.8115, Entropy: 1.0839, Epsilon: 0.010
2026-04-19 12:51:50 | INFO | Episode 7924 - Reward: -200.000, Length: 200, Loss: 14.4442, Entropy: 1.0809, Epsilon: 0.010
2026-04-19 12:51:50 | INFO | Episode 7925 - Reward: -200.000, Length: 200, Loss: 17.8430, Entropy: 1.0819, Epsilon: 0.010
2026-04-19 12:51:50 | INFO | Episode 7926 - Reward: -200.000, Length: 200, Loss: 24.4668, Entropy: 1.0839, Epsilon: 0.010
2026-04-19 12:51:51 | INFO | Episode 7927 - Reward: -200.000, Length: 200, Loss: 17.9841, Entropy: 1.0769, Epsilon: 0.010
2026-04-19 12:51:51 | INFO | Episode 7928 - Reward: -200.000, Length: 200, Loss: 13.8685, Entropy: 1.0684, Epsilon: 0.010
2026-04-19 12:51:51 | INFO | Episode 7929 - Reward: -200.000, Length: 200, Loss: 32.4035, Entropy: 1.0726, Epsilon: 0.010
2026-04-19 12:51:52 | INFO | Episode 7930 - Reward: -200.000, Length: 200, Loss: 17.8848, Entropy: 1.0779, Epsilon: 0.010
2026-04-19 12:51:53 | INFO | Episode 7931 - Reward: -200.000, Length: 200, Loss: 17.8126, Entropy: 1.0506, Epsilon: 0.010
2026-04-19 12:51:53 | INFO | Episode 7932 - Reward: -200.000, Length: 200, Loss: 32.1831, Entropy: 1.0531, Epsilon: 0.010
2026-04-19 12:51:53 | INFO | Episode 7933 - Reward: -200.000, Length: 200, Loss: 24.8989, Entropy: 1.0677, Epsilon: 0.010
2026-04-19 12:51:54 | INFO | Episode 7934 - Reward: -200.000, Length: 200, Loss: 32.6422, Entropy: 1.0521, Epsilon: 0.010
2026-04-19 12:51:54 | INFO | Episode 7935 - Reward: -200.000, Length: 200, Loss: 28.3940, Entropy: 1.0662, Epsilon: 0.010
2026-04-19 12:51:55 | INFO | Episode 7936 - Reward: -200.000, Length: 200, Loss: 24.7145, Entropy: 1.0643, Epsilon: 0.010
2026-04-19 12:51:55 | INFO | Episode 7937 - Reward: -200.000, Length: 200, Loss: 32.7349, Entropy: 1.0681, Epsilon: 0.010
2026-04-19 12:51:55 | INFO | Episode 7938 - Reward: -200.000, Length: 200, Loss: 10.6844, Entropy: 1.0808, Epsilon: 0.010
2026-04-19 12:51:56 | INFO | Episode 7939 - Reward: -200.000, Length: 200, Loss: 21.1207, Entropy: 1.0722, Epsilon: 0.010
2026-04-19 12:51:56 | INFO | Episode 7940 - Reward: -200.000, Length: 200, Loss: 3.5332, Entropy: 1.0853, Epsilon: 0.010
2026-04-19 12:51:57 | INFO | Episode 7941 - Reward: -200.000, Length: 200, Loss: 18.0167, Entropy: 1.0818, Epsilon: 0.010
2026-04-19 12:51:57 | INFO | Episode 7942 - Reward: -200.000, Length: 200, Loss: 18.3730, Entropy: 1.0606, Epsilon: 0.010
2026-04-19 12:51:57 | INFO | Episode 7943 - Reward: -200.000, Length: 200, Loss: 21.4961, Entropy: 1.0772, Epsilon: 0.010
2026-04-19 12:51:58 | INFO | Episode 7944 - Reward: -200.000, Length: 200, Loss: 14.8115, Entropy: 1.0826, Epsilon: 0.010
2026-04-19 12:51:58 | INFO | Episode 7945 - Reward: -200.000, Length: 200, Loss: 7.3417, Entropy: 1.0863, Epsilon: 0.010
2026-04-19 12:51:58 | INFO | Episode 7946 - Reward: -200.000, Length: 200, Loss: 13.5792, Entropy: 1.0826, Epsilon: 0.010
2026-04-19 12:51:59 | INFO | Episode 7947 - Reward: -200.000, Length: 200, Loss: 14.2084, Entropy: 1.0843, Epsilon: 0.010
2026-04-19 12:51:59 | INFO | Episode 7948 - Reward: -200.000, Length: 200, Loss: 14.9206, Entropy: 1.0702, Epsilon: 0.010
2026-04-19 12:51:59 | INFO | Episode 7949 - Reward: -200.000, Length: 200, Loss: 28.9497, Entropy: 1.0710, Epsilon: 0.010
2026-04-19 12:52:00 | INFO | Episode 7950 - Reward: -200.000, Length: 200, Loss: 7.4058, Entropy: 1.0738, Epsilon: 0.010
2026-04-19 12:52:00 | INFO | Episode 7951 - Reward: -200.000, Length: 200, Loss: 25.6044, Entropy: 1.0722, Epsilon: 0.010
2026-04-19 12:52:01 | INFO | Episode 7952 - Reward: -200.000, Length: 200, Loss: 22.3164, Entropy: 1.0765, Epsilon: 0.010
2026-04-19 12:52:01 | INFO | Episode 7953 - Reward: -200.000, Length: 200, Loss: 18.2943, Entropy: 1.0751, Epsilon: 0.010
2026-04-19 12:52:01 | INFO | Episode 7954 - Reward: -200.000, Length: 200, Loss: 15.0086, Entropy: 1.0664, Epsilon: 0.010
2026-04-19 12:52:02 | INFO | Episode 7955 - Reward: -200.000, Length: 200, Loss: 18.2559, Entropy: 1.0809, Epsilon: 0.010
2026-04-19 12:52:02 | INFO | Episode 7956 - Reward: -200.000, Length: 200, Loss: 11.2227, Entropy: 1.0821, Epsilon: 0.010
2026-04-19 12:52:02 | INFO | Episode 7957 - Reward: -200.000, Length: 200, Loss: 30.3169, Entropy: 1.0509, Epsilon: 0.010
2026-04-19 12:52:03 | INFO | Episode 7958 - Reward: -200.000, Length: 200, Loss: 11.2501, Entropy: 1.0778, Epsilon: 0.010
2026-04-19 12:52:03 | INFO | Episode 7959 - Reward: -200.000, Length: 200, Loss: 19.0142, Entropy: 1.0624, Epsilon: 0.010
2026-04-19 12:52:04 | INFO | Episode 7960 - Reward: -200.000, Length: 200, Loss: 14.8590, Entropy: 1.0717, Epsilon: 0.010
2026-04-19 12:52:04 | INFO | Episode 7961 - Reward: -200.000, Length: 200, Loss: 34.2094, Entropy: 1.0209, Epsilon: 0.010
2026-04-19 12:52:04 | INFO | Episode 7962 - Reward: -200.000, Length: 200, Loss: 19.1341, Entropy: 1.0658, Epsilon: 0.010
2026-04-19 12:52:05 | INFO | Episode 7963 - Reward: -200.000, Length: 200, Loss: 19.0553, Entropy: 1.0768, Epsilon: 0.010
2026-04-19 12:52:05 | INFO | Episode 7964 - Reward: -200.000, Length: 200, Loss: 23.5997, Entropy: 1.0427, Epsilon: 0.010
2026-04-19 12:52:05 | INFO | Episode 7965 - Reward: -200.000, Length: 200, Loss: 27.4833, Entropy: 1.0131, Epsilon: 0.010
2026-04-19 12:52:06 | INFO | Episode 7966 - Reward: -200.000, Length: 200, Loss: 45.7000, Entropy: 0.9553, Epsilon: 0.010
2026-04-19 12:52:06 | INFO | Episode 7967 - Reward: -200.000, Length: 200, Loss: 7.7608, Entropy: 1.0667, Epsilon: 0.010
2026-04-19 12:52:07 | INFO | Episode 7968 - Reward: -200.000, Length: 200, Loss: 22.1421, Entropy: 1.0695, Epsilon: 0.010
2026-04-19 12:52:07 | INFO | Episode 7969 - Reward: -200.000, Length: 200, Loss: 39.5467, Entropy: 1.0601, Epsilon: 0.010
2026-04-19 12:52:07 | INFO | Episode 7970 - Reward: -200.000, Length: 200, Loss: 11.5454, Entropy: 1.0675, Epsilon: 0.010
2026-04-19 12:52:08 | INFO | Episode 7971 - Reward: -200.000, Length: 200, Loss: 10.9737, Entropy: 1.0538, Epsilon: 0.010
2026-04-19 12:52:08 | INFO | Episode 7972 - Reward: -200.000, Length: 200, Loss: 19.0090, Entropy: 1.0561, Epsilon: 0.010
2026-04-19 12:52:09 | INFO | Episode 7973 - Reward: -200.000, Length: 200, Loss: 15.7393, Entropy: 1.0570, Epsilon: 0.010
2026-04-19 12:52:09 | INFO | Episode 7974 - Reward: -200.000, Length: 200, Loss: 10.7891, Entropy: 1.0796, Epsilon: 0.010
2026-04-19 12:52:09 | INFO | Episode 7975 - Reward: -200.000, Length: 200, Loss: 25.0637, Entropy: 1.0562, Epsilon: 0.010
2026-04-19 12:52:10 | INFO | Episode 7976 - Reward: -200.000, Length: 200, Loss: 14.0265, Entropy: 1.0349, Epsilon: 0.010
2026-04-19 12:52:10 | INFO | Episode 7977 - Reward: -200.000, Length: 200, Loss: 25.0717, Entropy: 1.0258, Epsilon: 0.010
2026-04-19 12:52:10 | INFO | Episode 7978 - Reward: -200.000, Length: 200, Loss: 11.3194, Entropy: 1.0525, Epsilon: 0.010
2026-04-19 12:52:11 | INFO | Episode 7979 - Reward: -200.000, Length: 200, Loss: 10.7960, Entropy: 1.0687, Epsilon: 0.010
2026-04-19 12:52:11 | INFO | Episode 7980 - Reward: -200.000, Length: 200, Loss: 18.0715, Entropy: 1.0669, Epsilon: 0.010
2026-04-19 12:52:12 | INFO | Episode 7981 - Reward: -200.000, Length: 200, Loss: 10.7299, Entropy: 1.0705, Epsilon: 0.010
2026-04-19 12:52:12 | INFO | Episode 7982 - Reward: -200.000, Length: 200, Loss: 27.2310, Entropy: 1.0014, Epsilon: 0.010
2026-04-19 12:52:12 | INFO | Episode 7983 - Reward: -200.000, Length: 200, Loss: 14.1459, Entropy: 1.0273, Epsilon: 0.010
2026-04-19 12:52:13 | INFO | Episode 7984 - Reward: -200.000, Length: 200, Loss: 21.7400, Entropy: 1.0793, Epsilon: 0.010
2026-04-19 12:52:13 | INFO | Episode 7985 - Reward: -200.000, Length: 200, Loss: 28.0311, Entropy: 1.0407, Epsilon: 0.010
2026-04-19 12:52:13 | INFO | Episode 7986 - Reward: -200.000, Length: 200, Loss: 10.3116, Entropy: 1.0372, Epsilon: 0.010
2026-04-19 12:52:14 | INFO | Episode 7987 - Reward: -200.000, Length: 200, Loss: 24.8050, Entropy: 1.0492, Epsilon: 0.010
2026-04-19 12:52:14 | INFO | Episode 7988 - Reward: -200.000, Length: 200, Loss: 14.1479, Entropy: 1.0698, Epsilon: 0.010
2026-04-19 12:52:15 | INFO | Episode 7989 - Reward: -200.000, Length: 200, Loss: 19.9740, Entropy: 1.0439, Epsilon: 0.010
2026-04-19 12:52:15 | INFO | Episode 7990 - Reward: -200.000, Length: 200, Loss: 6.7125, Entropy: 1.0766, Epsilon: 0.010
2026-04-19 12:52:15 | INFO | Episode 7991 - Reward: -200.000, Length: 200, Loss: 33.3095, Entropy: 1.0759, Epsilon: 0.010
2026-04-19 12:52:16 | INFO | Episode 7992 - Reward: -200.000, Length: 200, Loss: 16.7000, Entropy: 1.0851, Epsilon: 0.010
2026-04-19 12:52:16 | INFO | Episode 7993 - Reward: -200.000, Length: 200, Loss: 6.1784, Entropy: 1.0863, Epsilon: 0.010
2026-04-19 12:52:16 | INFO | Episode 7994 - Reward: -200.000, Length: 200, Loss: 29.7150, Entropy: 1.0701, Epsilon: 0.010
2026-04-19 12:52:17 | INFO | Episode 7995 - Reward: -200.000, Length: 200, Loss: 10.2629, Entropy: 1.0620, Epsilon: 0.010
2026-04-19 12:52:17 | INFO | Episode 7996 - Reward: -200.000, Length: 200, Loss: 12.9000, Entropy: 1.0649, Epsilon: 0.010
2026-04-19 12:52:18 | INFO | Episode 7997 - Reward: -200.000, Length: 200, Loss: 17.1088, Entropy: 1.0535, Epsilon: 0.010
2026-04-19 12:52:18 | INFO | Episode 7998 - Reward: -200.000, Length: 200, Loss: 33.2822, Entropy: 1.0645, Epsilon: 0.010
2026-04-19 12:52:18 | INFO | Episode 7999 - Reward: -200.000, Length: 200, Loss: 6.7976, Entropy: 1.0828, Epsilon: 0.010
2026-04-19 12:52:19 | INFO | Episode 8000 - Reward: -200.000, Length: 200, Loss: 19.7768, Entropy: 1.0789, Epsilon: 0.010
2026-04-19 12:52:23 | INFO | [Episode 8000] eps=0.010  avg_reward=-200.000  avg_length=200.00  avg_loss= 18.4799  avg_entropy=1.0789  eval_success=0.000
2026-04-19 12:52:24 | INFO | DQN+Entropy training: 53m 9.76s
2026-04-19 12:52:44 | INFO | [Final Eval] success=0.000, mean_reward=-200.000
