2026-04-19 09:19:09 | INFO | ============================================================
2026-04-19 09:19:09 | INFO | DEVICE / COMPUTE INFORMATION
2026-04-19 09:19:09 | INFO |   JAX backend       : CPU
2026-04-19 09:19:09 | INFO |   Platform          : cpu
2026-04-19 09:19:09 | INFO |   Num devices       : 1
2026-04-19 09:19:09 | INFO |   Device            : TFRT_CPU_0
2026-04-19 09:19:09 | INFO | ============================================================
2026-04-19 09:19:09 | INFO | DQN+Entropy | seed=4, lr=0.001, gamma=0.99, alpha=0.2
2026-04-19 09:19:09 | INFO | Env: mountaincar/dense, obs_dim=2, num_actions=3
2026-04-19 09:19:10 | INFO | Episode    1 - Reward: -200.000, Length: 200, Loss: 0.7377, Entropy: 1.0985, Epsilon: 0.999
2026-04-19 09:19:11 | INFO | Episode    2 - Reward: -200.000, Length: 200, Loss: 0.7205, Entropy: 1.0985, Epsilon: 0.998
2026-04-19 09:19:11 | INFO | Episode    3 - Reward: -200.000, Length: 200, Loss: 0.7052, Entropy: 1.0985, Epsilon: 0.997
2026-04-19 09:19:11 | INFO | Episode    4 - Reward: -200.000, Length: 200, Loss: 0.7378, Entropy: 1.0985, Epsilon: 0.996
2026-04-19 09:19:11 | INFO | Episode    5 - Reward: -200.000, Length: 200, Loss: 0.7202, Entropy: 1.0985, Epsilon: 0.995
2026-04-19 09:19:12 | INFO | Episode    6 - Reward: -200.000, Length: 200, Loss: 0.7370, Entropy: 1.0985, Epsilon: 0.994
2026-04-19 09:19:12 | INFO | Episode    7 - Reward: -200.000, Length: 200, Loss: 0.7210, Entropy: 1.0985, Epsilon: 0.993
2026-04-19 09:19:12 | INFO | Episode    8 - Reward: -200.000, Length: 200, Loss: 0.7064, Entropy: 1.0985, Epsilon: 0.992
2026-04-19 09:19:12 | INFO | Episode    9 - Reward: -200.000, Length: 200, Loss: 0.7374, Entropy: 1.0985, Epsilon: 0.991
2026-04-19 09:19:13 | INFO | Episode   10 - Reward: -200.000, Length: 200, Loss: 0.7223, Entropy: 1.0985, Epsilon: 0.990
2026-04-19 09:19:13 | INFO | Episode   11 - Reward: -200.000, Length: 200, Loss: 0.7389, Entropy: 1.0985, Epsilon: 0.989
2026-04-19 09:19:13 | INFO | Episode   12 - Reward: -200.000, Length: 200, Loss: 0.7245, Entropy: 1.0985, Epsilon: 0.988
2026-04-19 09:19:13 | INFO | Episode   13 - Reward: -200.000, Length: 200, Loss: 0.7100, Entropy: 1.0985, Epsilon: 0.987
2026-04-19 09:19:14 | INFO | Episode   14 - Reward: -200.000, Length: 200, Loss: 0.7391, Entropy: 1.0985, Epsilon: 0.986
2026-04-19 09:19:14 | INFO | Episode   15 - Reward: -200.000, Length: 200, Loss: 0.7255, Entropy: 1.0985, Epsilon: 0.985
2026-04-19 09:19:14 | INFO | Episode   16 - Reward: -200.000, Length: 200, Loss: 0.7400, Entropy: 1.0985, Epsilon: 0.984
2026-04-19 09:19:14 | INFO | Episode   17 - Reward: -200.000, Length: 200, Loss: 0.7256, Entropy: 1.0985, Epsilon: 0.983
2026-04-19 09:19:15 | INFO | Episode   18 - Reward: -200.000, Length: 200, Loss: 0.7119, Entropy: 1.0985, Epsilon: 0.982
2026-04-19 09:19:15 | INFO | Episode   19 - Reward: -200.000, Length: 200, Loss: 0.7386, Entropy: 1.0985, Epsilon: 0.981
2026-04-19 09:19:15 | INFO | Episode   20 - Reward: -200.000, Length: 200, Loss: 0.7265, Entropy: 1.0985, Epsilon: 0.980
2026-04-19 09:19:16 | INFO | Episode   21 - Reward: -200.000, Length: 200, Loss: 0.7410, Entropy: 1.0985, Epsilon: 0.979
2026-04-19 09:19:16 | INFO | Episode   22 - Reward: -200.000, Length: 200, Loss: 0.7259, Entropy: 1.0985, Epsilon: 0.978
2026-04-19 09:19:16 | INFO | Episode   23 - Reward: -200.000, Length: 200, Loss: 0.7088, Entropy: 1.0985, Epsilon: 0.977
2026-04-19 09:19:16 | INFO | Episode   24 - Reward: -200.000, Length: 200, Loss: 0.7371, Entropy: 1.0985, Epsilon: 0.976
2026-04-19 09:19:17 | INFO | Episode   25 - Reward: -200.000, Length: 200, Loss: 0.7249, Entropy: 1.0985, Epsilon: 0.975
2026-04-19 09:19:17 | INFO | Episode   26 - Reward: -200.000, Length: 200, Loss: 0.7371, Entropy: 1.0984, Epsilon: 0.974
2026-04-19 09:19:17 | INFO | Episode   27 - Reward: -200.000, Length: 200, Loss: 0.7228, Entropy: 1.0984, Epsilon: 0.973
2026-04-19 09:19:17 | INFO | Episode   28 - Reward: -200.000, Length: 200, Loss: 0.7090, Entropy: 1.0985, Epsilon: 0.972
2026-04-19 09:19:18 | INFO | Episode   29 - Reward: -200.000, Length: 200, Loss: 0.7364, Entropy: 1.0985, Epsilon: 0.971
2026-04-19 09:19:18 | INFO | Episode   30 - Reward: -200.000, Length: 200, Loss: 0.7222, Entropy: 1.0984, Epsilon: 0.970
2026-04-19 09:19:18 | INFO | Episode   31 - Reward: -200.000, Length: 200, Loss: 0.7336, Entropy: 1.0984, Epsilon: 0.969
2026-04-19 09:19:18 | INFO | Episode   32 - Reward: -200.000, Length: 200, Loss: 0.7203, Entropy: 1.0984, Epsilon: 0.968
2026-04-19 09:19:19 | INFO | Episode   33 - Reward: -200.000, Length: 200, Loss: 0.7074, Entropy: 1.0984, Epsilon: 0.967
2026-04-19 09:19:19 | INFO | Episode   34 - Reward: -200.000, Length: 200, Loss: 0.7322, Entropy: 1.0984, Epsilon: 0.966
2026-04-19 09:19:19 | INFO | Episode   35 - Reward: -200.000, Length: 200, Loss: 0.7207, Entropy: 1.0984, Epsilon: 0.965
2026-04-19 09:19:19 | INFO | Episode   36 - Reward: -200.000, Length: 200, Loss: 0.7308, Entropy: 1.0984, Epsilon: 0.964
2026-04-19 09:19:20 | INFO | Episode   37 - Reward: -200.000, Length: 200, Loss: 0.7199, Entropy: 1.0984, Epsilon: 0.963
2026-04-19 09:19:20 | INFO | Episode   38 - Reward: -200.000, Length: 200, Loss: 0.7042, Entropy: 1.0984, Epsilon: 0.962
2026-04-19 09:19:20 | INFO | Episode   39 - Reward: -200.000, Length: 200, Loss: 0.7330, Entropy: 1.0984, Epsilon: 0.961
2026-04-19 09:19:20 | INFO | Episode   40 - Reward: -200.000, Length: 200, Loss: 0.7177, Entropy: 1.0984, Epsilon: 0.960
2026-04-19 09:19:21 | INFO | Episode   41 - Reward: -200.000, Length: 200, Loss: 0.7325, Entropy: 1.0984, Epsilon: 0.959
2026-04-19 09:19:21 | INFO | Episode   42 - Reward: -200.000, Length: 200, Loss: 0.7175, Entropy: 1.0984, Epsilon: 0.958
2026-04-19 09:19:21 | INFO | Episode   43 - Reward: -200.000, Length: 200, Loss: 0.7028, Entropy: 1.0984, Epsilon: 0.957
2026-04-19 09:19:22 | INFO | Episode   44 - Reward: -200.000, Length: 200, Loss: 0.7293, Entropy: 1.0984, Epsilon: 0.956
2026-04-19 09:19:22 | INFO | Episode   45 - Reward: -200.000, Length: 200, Loss: 0.7171, Entropy: 1.0984, Epsilon: 0.955
2026-04-19 09:19:22 | INFO | Episode   46 - Reward: -200.000, Length: 200, Loss: 0.7325, Entropy: 1.0984, Epsilon: 0.954
2026-04-19 09:19:22 | INFO | Episode   47 - Reward: -200.000, Length: 200, Loss: 0.7154, Entropy: 1.0984, Epsilon: 0.953
2026-04-19 09:19:23 | INFO | Episode   48 - Reward: -200.000, Length: 200, Loss: 0.6984, Entropy: 1.0984, Epsilon: 0.952
2026-04-19 09:19:23 | INFO | Episode   49 - Reward: -200.000, Length: 200, Loss: 0.7326, Entropy: 1.0984, Epsilon: 0.951
2026-04-19 09:19:23 | INFO | Episode   50 - Reward: -200.000, Length: 200, Loss: 0.7162, Entropy: 1.0984, Epsilon: 0.951
2026-04-19 09:19:23 | INFO | Episode   51 - Reward: -200.000, Length: 200, Loss: 0.7295, Entropy: 1.0984, Epsilon: 0.950
2026-04-19 09:19:24 | INFO | Episode   52 - Reward: -200.000, Length: 200, Loss: 0.7139, Entropy: 1.0984, Epsilon: 0.949
2026-04-19 09:19:24 | INFO | Episode   53 - Reward: -200.000, Length: 200, Loss: 0.6970, Entropy: 1.0984, Epsilon: 0.948
2026-04-19 09:19:24 | INFO | Episode   54 - Reward: -200.000, Length: 200, Loss: 0.7296, Entropy: 1.0984, Epsilon: 0.947
2026-04-19 09:19:24 | INFO | Episode   55 - Reward: -200.000, Length: 200, Loss: 0.7101, Entropy: 1.0984, Epsilon: 0.946
2026-04-19 09:19:25 | INFO | Episode   56 - Reward: -200.000, Length: 200, Loss: 0.7298, Entropy: 1.0984, Epsilon: 0.945
2026-04-19 09:19:25 | INFO | Episode   57 - Reward: -200.000, Length: 200, Loss: 0.7130, Entropy: 1.0984, Epsilon: 0.944
2026-04-19 09:19:25 | INFO | Episode   58 - Reward: -200.000, Length: 200, Loss: 0.6926, Entropy: 1.0984, Epsilon: 0.943
2026-04-19 09:19:25 | INFO | Episode   59 - Reward: -200.000, Length: 200, Loss: 0.7239, Entropy: 1.0984, Epsilon: 0.942
2026-04-19 09:19:26 | INFO | Episode   60 - Reward: -200.000, Length: 200, Loss: 0.7077, Entropy: 1.0984, Epsilon: 0.941
2026-04-19 09:19:26 | INFO | Episode   61 - Reward: -200.000, Length: 200, Loss: 0.7250, Entropy: 1.0984, Epsilon: 0.940
2026-04-19 09:19:26 | INFO | Episode   62 - Reward: -200.000, Length: 200, Loss: 0.7089, Entropy: 1.0984, Epsilon: 0.939
2026-04-19 09:19:26 | INFO | Episode   63 - Reward: -200.000, Length: 200, Loss: 0.6909, Entropy: 1.0984, Epsilon: 0.938
2026-04-19 09:19:27 | INFO | Episode   64 - Reward: -200.000, Length: 200, Loss: 0.7252, Entropy: 1.0984, Epsilon: 0.937
2026-04-19 09:19:27 | INFO | Episode   65 - Reward: -200.000, Length: 200, Loss: 0.7069, Entropy: 1.0984, Epsilon: 0.936
2026-04-19 09:19:27 | INFO | Episode   66 - Reward: -200.000, Length: 200, Loss: 0.7281, Entropy: 1.0984, Epsilon: 0.935
2026-04-19 09:19:27 | INFO | Episode   67 - Reward: -200.000, Length: 200, Loss: 0.7074, Entropy: 1.0983, Epsilon: 0.934
2026-04-19 09:19:28 | INFO | Episode   68 - Reward: -200.000, Length: 200, Loss: 0.6848, Entropy: 1.0983, Epsilon: 0.933
2026-04-19 09:19:28 | INFO | Episode   69 - Reward: -200.000, Length: 200, Loss: 0.7227, Entropy: 1.0983, Epsilon: 0.932
2026-04-19 09:19:28 | INFO | Episode   70 - Reward: -200.000, Length: 200, Loss: 0.7042, Entropy: 1.0983, Epsilon: 0.931
2026-04-19 09:19:28 | INFO | Episode   71 - Reward: -200.000, Length: 200, Loss: 0.7233, Entropy: 1.0983, Epsilon: 0.930
2026-04-19 09:19:29 | INFO | Episode   72 - Reward: -200.000, Length: 200, Loss: 0.7059, Entropy: 1.0983, Epsilon: 0.929
2026-04-19 09:19:29 | INFO | Episode   73 - Reward: -200.000, Length: 200, Loss: 0.6831, Entropy: 1.0983, Epsilon: 0.928
2026-04-19 09:19:29 | INFO | Episode   74 - Reward: -200.000, Length: 200, Loss: 0.7237, Entropy: 1.0983, Epsilon: 0.927
2026-04-19 09:19:29 | INFO | Episode   75 - Reward: -200.000, Length: 200, Loss: 0.7010, Entropy: 1.0983, Epsilon: 0.926
2026-04-19 09:19:30 | INFO | Episode   76 - Reward: -200.000, Length: 200, Loss: 0.7210, Entropy: 1.0983, Epsilon: 0.925
2026-04-19 09:19:30 | INFO | Episode   77 - Reward: -200.000, Length: 200, Loss: 0.7004, Entropy: 1.0983, Epsilon: 0.924
2026-04-19 09:19:30 | INFO | Episode   78 - Reward: -200.000, Length: 200, Loss: 0.6786, Entropy: 1.0983, Epsilon: 0.923
2026-04-19 09:19:31 | INFO | Episode   79 - Reward: -200.000, Length: 200, Loss: 0.7164, Entropy: 1.0983, Epsilon: 0.922
2026-04-19 09:19:31 | INFO | Episode   80 - Reward: -200.000, Length: 200, Loss: 0.6919, Entropy: 1.0983, Epsilon: 0.921
2026-04-19 09:19:31 | INFO | Episode   81 - Reward: -200.000, Length: 200, Loss: 0.7169, Entropy: 1.0983, Epsilon: 0.920
2026-04-19 09:19:31 | INFO | Episode   82 - Reward: -200.000, Length: 200, Loss: 0.6951, Entropy: 1.0983, Epsilon: 0.919
2026-04-19 09:19:32 | INFO | Episode   83 - Reward: -200.000, Length: 200, Loss: 0.6638, Entropy: 1.0983, Epsilon: 0.918
2026-04-19 09:19:32 | INFO | Episode   84 - Reward: -200.000, Length: 200, Loss: 0.7139, Entropy: 1.0983, Epsilon: 0.917
2026-04-19 09:19:32 | INFO | Episode   85 - Reward: -200.000, Length: 200, Loss: 0.6925, Entropy: 1.0983, Epsilon: 0.916
2026-04-19 09:19:32 | INFO | Episode   86 - Reward: -200.000, Length: 200, Loss: 0.7147, Entropy: 1.0983, Epsilon: 0.915
2026-04-19 09:19:33 | INFO | Episode   87 - Reward: -200.000, Length: 200, Loss: 0.6878, Entropy: 1.0983, Epsilon: 0.914
2026-04-19 09:19:33 | INFO | Episode   88 - Reward: -200.000, Length: 200, Loss: 0.6638, Entropy: 1.0983, Epsilon: 0.913
2026-04-19 09:19:33 | INFO | Episode   89 - Reward: -200.000, Length: 200, Loss: 0.7056, Entropy: 1.0983, Epsilon: 0.912
2026-04-19 09:19:33 | INFO | Episode   90 - Reward: -200.000, Length: 200, Loss: 0.6831, Entropy: 1.0983, Epsilon: 0.911
2026-04-19 09:19:34 | INFO | Episode   91 - Reward: -200.000, Length: 200, Loss: 0.7042, Entropy: 1.0983, Epsilon: 0.910
2026-04-19 09:19:34 | INFO | Episode   92 - Reward: -200.000, Length: 200, Loss: 0.6818, Entropy: 1.0983, Epsilon: 0.909
2026-04-19 09:19:34 | INFO | Episode   93 - Reward: -200.000, Length: 200, Loss: 0.6560, Entropy: 1.0983, Epsilon: 0.908
2026-04-19 09:19:34 | INFO | Episode   94 - Reward: -200.000, Length: 200, Loss: 0.7068, Entropy: 1.0983, Epsilon: 0.907
2026-04-19 09:19:35 | INFO | Episode   95 - Reward: -200.000, Length: 200, Loss: 0.6805, Entropy: 1.0983, Epsilon: 0.906
2026-04-19 09:19:35 | INFO | Episode   96 - Reward: -200.000, Length: 200, Loss: 0.7040, Entropy: 1.0983, Epsilon: 0.905
2026-04-19 09:19:35 | INFO | Episode   97 - Reward: -200.000, Length: 200, Loss: 0.6766, Entropy: 1.0983, Epsilon: 0.904
2026-04-19 09:19:35 | INFO | Episode   98 - Reward: -200.000, Length: 200, Loss: 0.6485, Entropy: 1.0983, Epsilon: 0.903
2026-04-19 09:19:36 | INFO | Episode   99 - Reward: -200.000, Length: 200, Loss: 0.7067, Entropy: 1.0983, Epsilon: 0.902
2026-04-19 09:19:36 | INFO | Episode  100 - Reward: -200.000, Length: 200, Loss: 0.6771, Entropy: 1.0983, Epsilon: 0.901
2026-04-19 09:19:41 | INFO | [Episode  100] eps=0.901  avg_reward=-200.000  avg_length=200.00  avg_loss=  0.7128  avg_entropy=1.0983  eval_success=0.000
2026-04-19 09:19:41 | INFO | Episode  101 - Reward: -200.000, Length: 200, Loss: 0.7044, Entropy: 1.0983, Epsilon: 0.900
2026-04-19 09:19:42 | INFO | Episode  102 - Reward: -200.000, Length: 200, Loss: 0.6738, Entropy: 1.0983, Epsilon: 0.899
2026-04-19 09:19:42 | INFO | Episode  103 - Reward: -200.000, Length: 200, Loss: 0.6449, Entropy: 1.0983, Epsilon: 0.898
2026-04-19 09:19:42 | INFO | Episode  104 - Reward: -200.000, Length: 200, Loss: 0.7019, Entropy: 1.0983, Epsilon: 0.897
2026-04-19 09:19:42 | INFO | Episode  105 - Reward: -200.000, Length: 200, Loss: 0.6725, Entropy: 1.0983, Epsilon: 0.896
2026-04-19 09:19:43 | INFO | Episode  106 - Reward: -200.000, Length: 200, Loss: 0.6996, Entropy: 1.0983, Epsilon: 0.895
2026-04-19 09:19:43 | INFO | Episode  107 - Reward: -200.000, Length: 200, Loss: 0.6694, Entropy: 1.0983, Epsilon: 0.894
2026-04-19 09:19:43 | INFO | Episode  108 - Reward: -200.000, Length: 200, Loss: 0.6310, Entropy: 1.0983, Epsilon: 0.893
2026-04-19 09:19:43 | INFO | Episode  109 - Reward: -200.000, Length: 200, Loss: 0.6964, Entropy: 1.0983, Epsilon: 0.892
2026-04-19 09:19:44 | INFO | Episode  110 - Reward: -200.000, Length: 200, Loss: 0.6622, Entropy: 1.0983, Epsilon: 0.891
2026-04-19 09:19:44 | INFO | Episode  111 - Reward: -200.000, Length: 200, Loss: 0.6954, Entropy: 1.0983, Epsilon: 0.890
2026-04-19 09:19:44 | INFO | Episode  112 - Reward: -200.000, Length: 200, Loss: 0.6497, Entropy: 1.0983, Epsilon: 0.889
2026-04-19 09:19:44 | INFO | Episode  113 - Reward: -200.000, Length: 200, Loss: 0.6142, Entropy: 1.0983, Epsilon: 0.888
2026-04-19 09:19:45 | INFO | Episode  114 - Reward: -200.000, Length: 200, Loss: 0.6920, Entropy: 1.0983, Epsilon: 0.887
2026-04-19 09:19:45 | INFO | Episode  115 - Reward: -200.000, Length: 200, Loss: 0.6506, Entropy: 1.0983, Epsilon: 0.886
2026-04-19 09:19:45 | INFO | Episode  116 - Reward: -200.000, Length: 200, Loss: 0.6950, Entropy: 1.0983, Epsilon: 0.885
2026-04-19 09:19:45 | INFO | Episode  117 - Reward: -200.000, Length: 200, Loss: 0.6467, Entropy: 1.0983, Epsilon: 0.884
2026-04-19 09:19:46 | INFO | Episode  118 - Reward: -200.000, Length: 200, Loss: 0.6057, Entropy: 1.0983, Epsilon: 0.883
2026-04-19 09:19:46 | INFO | Episode  119 - Reward: -200.000, Length: 200, Loss: 0.6919, Entropy: 1.0983, Epsilon: 0.882
2026-04-19 09:19:46 | INFO | Episode  120 - Reward: -200.000, Length: 200, Loss: 0.6423, Entropy: 1.0983, Epsilon: 0.881
2026-04-19 09:19:47 | INFO | Episode  121 - Reward: -200.000, Length: 200, Loss: 0.6910, Entropy: 1.0983, Epsilon: 0.880
2026-04-19 09:19:47 | INFO | Episode  122 - Reward: -200.000, Length: 200, Loss: 0.6404, Entropy: 1.0983, Epsilon: 0.879
2026-04-19 09:19:47 | INFO | Episode  123 - Reward: -200.000, Length: 200, Loss: 0.5933, Entropy: 1.0983, Epsilon: 0.878
2026-04-19 09:19:47 | INFO | Episode  124 - Reward: -200.000, Length: 200, Loss: 0.6846, Entropy: 1.0983, Epsilon: 0.877
2026-04-19 09:19:48 | INFO | Episode  125 - Reward: -200.000, Length: 200, Loss: 0.6292, Entropy: 1.0983, Epsilon: 0.876
2026-04-19 09:19:48 | INFO | Episode  126 - Reward: -200.000, Length: 200, Loss: 0.6885, Entropy: 1.0983, Epsilon: 0.875
2026-04-19 09:19:48 | INFO | Episode  127 - Reward: -200.000, Length: 200, Loss: 0.6237, Entropy: 1.0984, Epsilon: 0.874
2026-04-19 09:19:48 | INFO | Episode  128 - Reward: -200.000, Length: 200, Loss: 0.5715, Entropy: 1.0984, Epsilon: 0.873
2026-04-19 09:19:49 | INFO | Episode  129 - Reward: -200.000, Length: 200, Loss: 0.6889, Entropy: 1.0984, Epsilon: 0.872
2026-04-19 09:19:49 | INFO | Episode  130 - Reward: -200.000, Length: 200, Loss: 0.6229, Entropy: 1.0984, Epsilon: 0.871
2026-04-19 09:19:49 | INFO | Episode  131 - Reward: -200.000, Length: 200, Loss: 0.6843, Entropy: 1.0984, Epsilon: 0.870
2026-04-19 09:19:49 | INFO | Episode  132 - Reward: -200.000, Length: 200, Loss: 0.6154, Entropy: 1.0984, Epsilon: 0.869
2026-04-19 09:19:50 | INFO | Episode  133 - Reward: -200.000, Length: 200, Loss: 0.5546, Entropy: 1.0984, Epsilon: 0.868
2026-04-19 09:19:50 | INFO | Episode  134 - Reward: -200.000, Length: 200, Loss: 0.6821, Entropy: 1.0984, Epsilon: 0.867
2026-04-19 09:19:50 | INFO | Episode  135 - Reward: -200.000, Length: 200, Loss: 0.6091, Entropy: 1.0984, Epsilon: 0.866
2026-04-19 09:19:50 | INFO | Episode  136 - Reward: -200.000, Length: 200, Loss: 0.6816, Entropy: 1.0984, Epsilon: 0.865
2026-04-19 09:19:51 | INFO | Episode  137 - Reward: -200.000, Length: 200, Loss: 0.6013, Entropy: 1.0984, Epsilon: 0.864
2026-04-19 09:19:51 | INFO | Episode  138 - Reward: -200.000, Length: 200, Loss: 0.5270, Entropy: 1.0985, Epsilon: 0.863
2026-04-19 09:19:51 | INFO | Episode  139 - Reward: -200.000, Length: 200, Loss: 0.6780, Entropy: 1.0985, Epsilon: 0.862
2026-04-19 09:19:51 | INFO | Episode  140 - Reward: -200.000, Length: 200, Loss: 0.5904, Entropy: 1.0985, Epsilon: 0.861
2026-04-19 09:19:52 | INFO | Episode  141 - Reward: -200.000, Length: 200, Loss: 0.6726, Entropy: 1.0985, Epsilon: 0.860
2026-04-19 09:19:52 | INFO | Episode  142 - Reward: -200.000, Length: 200, Loss: 0.5832, Entropy: 1.0985, Epsilon: 0.859
2026-04-19 09:19:52 | INFO | Episode  143 - Reward: -200.000, Length: 200, Loss: 0.4963, Entropy: 1.0985, Epsilon: 0.858
2026-04-19 09:19:52 | INFO | Episode  144 - Reward: -200.000, Length: 200, Loss: 0.6687, Entropy: 1.0985, Epsilon: 0.857
2026-04-19 09:19:53 | INFO | Episode  145 - Reward: -200.000, Length: 200, Loss: 0.5704, Entropy: 1.0985, Epsilon: 0.856
2026-04-19 09:19:53 | INFO | Episode  146 - Reward: -200.000, Length: 200, Loss: 0.6647, Entropy: 1.0985, Epsilon: 0.855
2026-04-19 09:19:53 | INFO | Episode  147 - Reward: -200.000, Length: 200, Loss: 0.5575, Entropy: 1.0985, Epsilon: 0.854
2026-04-19 09:19:54 | INFO | Episode  148 - Reward: -200.000, Length: 200, Loss: 0.4563, Entropy: 1.0985, Epsilon: 0.853
2026-04-19 09:19:54 | INFO | Episode  149 - Reward: -200.000, Length: 200, Loss: 0.6656, Entropy: 1.0986, Epsilon: 0.852
2026-04-19 09:19:54 | INFO | Episode  150 - Reward: -200.000, Length: 200, Loss: 0.5438, Entropy: 1.0986, Epsilon: 0.852
2026-04-19 09:19:54 | INFO | Episode  151 - Reward: -200.000, Length: 200, Loss: 0.6553, Entropy: 1.0986, Epsilon: 0.851
2026-04-19 09:19:55 | INFO | Episode  152 - Reward: -200.000, Length: 200, Loss: 0.5278, Entropy: 1.0986, Epsilon: 0.850
2026-04-19 09:19:55 | INFO | Episode  153 - Reward: -200.000, Length: 200, Loss: 0.4197, Entropy: 1.0986, Epsilon: 0.849
2026-04-19 09:19:55 | INFO | Episode  154 - Reward: -200.000, Length: 200, Loss: 0.6562, Entropy: 1.0986, Epsilon: 0.848
2026-04-19 09:19:55 | INFO | Episode  155 - Reward: -200.000, Length: 200, Loss: 0.5109, Entropy: 1.0986, Epsilon: 0.847
2026-04-19 09:19:56 | INFO | Episode  156 - Reward: -200.000, Length: 200, Loss: 0.6464, Entropy: 1.0986, Epsilon: 0.846
2026-04-19 09:19:56 | INFO | Episode  157 - Reward: -200.000, Length: 200, Loss: 0.5352, Entropy: 1.0986, Epsilon: 0.845
2026-04-19 09:19:56 | INFO | Episode  158 - Reward: -200.000, Length: 200, Loss: 0.3857, Entropy: 1.0986, Epsilon: 0.844
2026-04-19 09:19:56 | INFO | Episode  159 - Reward: -200.000, Length: 200, Loss: 0.6465, Entropy: 1.0986, Epsilon: 0.843
2026-04-19 09:19:57 | INFO | Episode  160 - Reward: -200.000, Length: 200, Loss: 0.4525, Entropy: 1.0986, Epsilon: 0.842
2026-04-19 09:19:57 | INFO | Episode  161 - Reward: -200.000, Length: 200, Loss: 0.6371, Entropy: 1.0986, Epsilon: 0.841
2026-04-19 09:19:57 | INFO | Episode  162 - Reward: -200.000, Length: 200, Loss: 0.4565, Entropy: 1.0986, Epsilon: 0.840
2026-04-19 09:19:57 | INFO | Episode  163 - Reward: -200.000, Length: 200, Loss: 0.3130, Entropy: 1.0986, Epsilon: 0.839
2026-04-19 09:19:58 | INFO | Episode  164 - Reward: -200.000, Length: 200, Loss: 0.6237, Entropy: 1.0986, Epsilon: 0.838
2026-04-19 09:19:58 | INFO | Episode  165 - Reward: -200.000, Length: 200, Loss: 0.3889, Entropy: 1.0985, Epsilon: 0.837
2026-04-19 09:19:58 | INFO | Episode  166 - Reward: -200.000, Length: 200, Loss: 0.5840, Entropy: 1.0985, Epsilon: 0.836
2026-04-19 09:19:58 | INFO | Episode  167 - Reward: -200.000, Length: 200, Loss: 0.4156, Entropy: 1.0985, Epsilon: 0.835
2026-04-19 09:19:59 | INFO | Episode  168 - Reward: -200.000, Length: 200, Loss: 0.2980, Entropy: 1.0985, Epsilon: 0.834
2026-04-19 09:19:59 | INFO | Episode  169 - Reward: -200.000, Length: 200, Loss: 0.6421, Entropy: 1.0985, Epsilon: 0.833
2026-04-19 09:19:59 | INFO | Episode  170 - Reward: -200.000, Length: 200, Loss: 0.3485, Entropy: 1.0985, Epsilon: 0.832
2026-04-19 09:19:59 | INFO | Episode  171 - Reward: -200.000, Length: 200, Loss: 0.5781, Entropy: 1.0985, Epsilon: 0.831
2026-04-19 09:20:00 | INFO | Episode  172 - Reward: -200.000, Length: 200, Loss: 0.4455, Entropy: 1.0985, Epsilon: 0.830
2026-04-19 09:20:00 | INFO | Episode  173 - Reward: -200.000, Length: 200, Loss: 0.1625, Entropy: 1.0985, Epsilon: 0.829
2026-04-19 09:20:00 | INFO | Episode  174 - Reward: -200.000, Length: 200, Loss: 0.6196, Entropy: 1.0985, Epsilon: 0.828
2026-04-19 09:20:00 | INFO | Episode  175 - Reward: -200.000, Length: 200, Loss: 0.3509, Entropy: 1.0985, Epsilon: 0.827
2026-04-19 09:20:01 | INFO | Episode  176 - Reward: -200.000, Length: 200, Loss: 0.5410, Entropy: 1.0985, Epsilon: 0.826
2026-04-19 09:20:01 | INFO | Episode  177 - Reward: -200.000, Length: 200, Loss: 0.2876, Entropy: 1.0985, Epsilon: 0.825
2026-04-19 09:20:01 | INFO | Episode  178 - Reward: -200.000, Length: 200, Loss: 0.0503, Entropy: 1.0985, Epsilon: 0.824
2026-04-19 09:20:02 | INFO | Episode  179 - Reward: -200.000, Length: 200, Loss: 0.5819, Entropy: 1.0985, Epsilon: 0.823
2026-04-19 09:20:02 | INFO | Episode  180 - Reward: -200.000, Length: 200, Loss: 0.3532, Entropy: 1.0985, Epsilon: 0.822
2026-04-19 09:20:02 | INFO | Episode  181 - Reward: -200.000, Length: 200, Loss: 0.4559, Entropy: 1.0985, Epsilon: 0.821
2026-04-19 09:20:02 | INFO | Episode  182 - Reward: -200.000, Length: 200, Loss: 0.2510, Entropy: 1.0985, Epsilon: 0.820
2026-04-19 09:20:03 | INFO | Episode  183 - Reward: -200.000, Length: 200, Loss: 0.2989, Entropy: 1.0986, Epsilon: 0.819
2026-04-19 09:20:03 | INFO | Episode  184 - Reward: -200.000, Length: 200, Loss: 0.5546, Entropy: 1.0986, Epsilon: 0.818
2026-04-19 09:20:03 | INFO | Episode  185 - Reward: -200.000, Length: 200, Loss: 0.3200, Entropy: 1.0986, Epsilon: 0.817
2026-04-19 09:20:03 | INFO | Episode  186 - Reward: -200.000, Length: 200, Loss: 0.5526, Entropy: 1.0986, Epsilon: 0.816
2026-04-19 09:20:04 | INFO | Episode  187 - Reward: -200.000, Length: 200, Loss: 0.4242, Entropy: 1.0986, Epsilon: 0.815
2026-04-19 09:20:04 | INFO | Episode  188 - Reward: -200.000, Length: 200, Loss: 0.0993, Entropy: 1.0986, Epsilon: 0.814
2026-04-19 09:20:04 | INFO | Episode  189 - Reward: -200.000, Length: 200, Loss: 0.5038, Entropy: 1.0985, Epsilon: 0.813
2026-04-19 09:20:04 | INFO | Episode  190 - Reward: -200.000, Length: 200, Loss: 0.2256, Entropy: 1.0985, Epsilon: 0.812
2026-04-19 09:20:05 | INFO | Episode  191 - Reward: -200.000, Length: 200, Loss: 0.6000, Entropy: 1.0985, Epsilon: 0.811
2026-04-19 09:20:05 | INFO | Episode  192 - Reward: -200.000, Length: 200, Loss: 0.3651, Entropy: 1.0986, Epsilon: 0.810
2026-04-19 09:20:05 | INFO | Episode  193 - Reward: -200.000, Length: 200, Loss: 0.1868, Entropy: 1.0986, Epsilon: 0.809
2026-04-19 09:20:05 | INFO | Episode  194 - Reward: -200.000, Length: 200, Loss: 0.4379, Entropy: 1.0986, Epsilon: 0.808
2026-04-19 09:20:06 | INFO | Episode  195 - Reward: -200.000, Length: 200, Loss: 0.1742, Entropy: 1.0986, Epsilon: 0.807
2026-04-19 09:20:06 | INFO | Episode  196 - Reward: -200.000, Length: 200, Loss: 0.7703, Entropy: 1.0985, Epsilon: 0.806
2026-04-19 09:20:06 | INFO | Episode  197 - Reward: -200.000, Length: 200, Loss: 0.3652, Entropy: 1.0986, Epsilon: 0.805
2026-04-19 09:20:07 | INFO | Episode  198 - Reward: -200.000, Length: 200, Loss: 0.1814, Entropy: 1.0986, Epsilon: 0.804
2026-04-19 09:20:07 | INFO | Episode  199 - Reward: -200.000, Length: 200, Loss: 0.6286, Entropy: 1.0986, Epsilon: 0.803
2026-04-19 09:20:07 | INFO | Episode  200 - Reward: -200.000, Length: 200, Loss: 0.4326, Entropy: 1.0985, Epsilon: 0.802
2026-04-19 09:20:12 | INFO | [Episode  200] eps=0.802  avg_reward=-200.000  avg_length=200.00  avg_loss=  0.5382  avg_entropy=1.0985  eval_success=0.000
2026-04-19 09:20:12 | INFO | Episode  201 - Reward: -200.000, Length: 200, Loss: 0.6576, Entropy: 1.0985, Epsilon: 0.801
2026-04-19 09:20:12 | INFO | Episode  202 - Reward: -200.000, Length: 200, Loss: 0.7052, Entropy: 1.0984, Epsilon: 0.800
2026-04-19 09:20:13 | INFO | Episode  203 - Reward: -200.000, Length: 200, Loss: 0.9060, Entropy: 1.0985, Epsilon: 0.799
2026-04-19 09:20:13 | INFO | Episode  204 - Reward: -200.000, Length: 200, Loss: 1.0965, Entropy: 1.0985, Epsilon: 0.798
2026-04-19 09:20:13 | INFO | Episode  205 - Reward: -200.000, Length: 200, Loss: 0.4359, Entropy: 1.0986, Epsilon: 0.797
2026-04-19 09:20:14 | INFO | Episode  206 - Reward: -200.000, Length: 200, Loss: 0.4563, Entropy: 1.0983, Epsilon: 0.796
2026-04-19 09:20:14 | INFO | Episode  207 - Reward: -200.000, Length: 200, Loss: 0.4466, Entropy: 1.0983, Epsilon: 0.795
2026-04-19 09:20:14 | INFO | Episode  208 - Reward: -200.000, Length: 200, Loss: 0.2565, Entropy: 1.0983, Epsilon: 0.794
2026-04-19 09:20:14 | INFO | Episode  209 - Reward: -200.000, Length: 200, Loss: 1.2203, Entropy: 1.0984, Epsilon: 0.793
2026-04-19 09:20:15 | INFO | Episode  210 - Reward: -200.000, Length: 200, Loss: 0.1582, Entropy: 1.0982, Epsilon: 0.792
2026-04-19 09:20:15 | INFO | Episode  211 - Reward: -200.000, Length: 200, Loss: 2.0976, Entropy: 1.0982, Epsilon: 0.791
2026-04-19 09:20:15 | INFO | Episode  212 - Reward: -200.000, Length: 200, Loss: 0.7439, Entropy: 1.0981, Epsilon: 0.790
2026-04-19 09:20:15 | INFO | Episode  213 - Reward: -200.000, Length: 200, Loss: 0.4240, Entropy: 1.0985, Epsilon: 0.789
2026-04-19 09:20:16 | INFO | Episode  214 - Reward: -200.000, Length: 200, Loss: 1.5155, Entropy: 1.0986, Epsilon: 0.788
2026-04-19 09:20:16 | INFO | Episode  215 - Reward: -200.000, Length: 200, Loss: 0.0119, Entropy: 1.0986, Epsilon: 0.787
2026-04-19 09:20:16 | INFO | Episode  216 - Reward: -200.000, Length: 200, Loss: 1.6035, Entropy: 1.0984, Epsilon: 0.786
2026-04-19 09:20:16 | INFO | Episode  217 - Reward: -200.000, Length: 200, Loss: 1.1503, Entropy: 1.0985, Epsilon: 0.785
2026-04-19 09:20:17 | INFO | Episode  218 - Reward: -200.000, Length: 200, Loss: 0.5215, Entropy: 1.0985, Epsilon: 0.784
2026-04-19 09:20:17 | INFO | Episode  219 - Reward: -200.000, Length: 200, Loss: 1.5362, Entropy: 1.0985, Epsilon: 0.783
2026-04-19 09:20:17 | INFO | Episode  220 - Reward: -200.000, Length: 200, Loss: 0.8750, Entropy: 1.0984, Epsilon: 0.782
2026-04-19 09:20:17 | INFO | Episode  221 - Reward: -200.000, Length: 200, Loss: 1.0478, Entropy: 1.0984, Epsilon: 0.781
2026-04-19 09:20:18 | INFO | Episode  222 - Reward: -200.000, Length: 200, Loss: 0.2806, Entropy: 1.0984, Epsilon: 0.780
2026-04-19 09:20:18 | INFO | Episode  223 - Reward: -200.000, Length: 200, Loss: 0.8706, Entropy: 1.0984, Epsilon: 0.779
2026-04-19 09:20:18 | INFO | Episode  224 - Reward: -200.000, Length: 200, Loss: 1.1142, Entropy: 1.0980, Epsilon: 0.778
2026-04-19 09:20:19 | INFO | Episode  225 - Reward: -200.000, Length: 200, Loss: 0.7019, Entropy: 1.0982, Epsilon: 0.777
2026-04-19 09:20:19 | INFO | Episode  226 - Reward: -200.000, Length: 200, Loss: 1.2378, Entropy: 1.0985, Epsilon: 0.776
2026-04-19 09:20:19 | INFO | Episode  227 - Reward: -200.000, Length: 200, Loss: 1.2802, Entropy: 1.0985, Epsilon: 0.775
2026-04-19 09:20:19 | INFO | Episode  228 - Reward: -200.000, Length: 200, Loss: 2.0075, Entropy: 1.0986, Epsilon: 0.774
2026-04-19 09:20:20 | INFO | Episode  229 - Reward: -200.000, Length: 200, Loss: 2.3438, Entropy: 1.0982, Epsilon: 0.773
2026-04-19 09:20:20 | INFO | Episode  230 - Reward: -200.000, Length: 200, Loss: 2.4985, Entropy: 1.0981, Epsilon: 0.772
2026-04-19 09:20:20 | INFO | Episode  231 - Reward: -200.000, Length: 200, Loss: 2.5584, Entropy: 1.0977, Epsilon: 0.771
2026-04-19 09:20:20 | INFO | Episode  232 - Reward: -200.000, Length: 200, Loss: 1.9667, Entropy: 1.0977, Epsilon: 0.770
2026-04-19 09:20:21 | INFO | Episode  233 - Reward: -200.000, Length: 200, Loss: 3.2101, Entropy: 1.0984, Epsilon: 0.769
2026-04-19 09:20:21 | INFO | Episode  234 - Reward: -200.000, Length: 200, Loss: 2.0685, Entropy: 1.0983, Epsilon: 0.768
2026-04-19 09:20:21 | INFO | Episode  235 - Reward: -200.000, Length: 200, Loss: 2.6479, Entropy: 1.0979, Epsilon: 0.767
2026-04-19 09:20:21 | INFO | Episode  236 - Reward: -200.000, Length: 200, Loss: 2.5606, Entropy: 1.0980, Epsilon: 0.766
2026-04-19 09:20:22 | INFO | Episode  237 - Reward: -200.000, Length: 200, Loss: 2.4170, Entropy: 1.0980, Epsilon: 0.765
2026-04-19 09:20:22 | INFO | Episode  238 - Reward: -200.000, Length: 200, Loss: 0.9795, Entropy: 1.0981, Epsilon: 0.764
2026-04-19 09:20:22 | INFO | Episode  239 - Reward: -200.000, Length: 200, Loss: 3.3748, Entropy: 1.0981, Epsilon: 0.763
2026-04-19 09:20:22 | INFO | Episode  240 - Reward: -200.000, Length: 200, Loss: 0.6067, Entropy: 1.0982, Epsilon: 0.762
2026-04-19 09:20:23 | INFO | Episode  241 - Reward: -200.000, Length: 200, Loss: 0.8957, Entropy: 1.0984, Epsilon: 0.761
2026-04-19 09:20:23 | INFO | Episode  242 - Reward: -200.000, Length: 200, Loss: 2.7249, Entropy: 1.0983, Epsilon: 0.760
2026-04-19 09:20:23 | INFO | Episode  243 - Reward: -200.000, Length: 200, Loss: 0.7608, Entropy: 1.0978, Epsilon: 0.759
2026-04-19 09:20:24 | INFO | Episode  244 - Reward: -200.000, Length: 200, Loss: 2.7757, Entropy: 1.0982, Epsilon: 0.758
2026-04-19 09:20:24 | INFO | Episode  245 - Reward: -200.000, Length: 200, Loss: 1.8554, Entropy: 1.0980, Epsilon: 0.757
2026-04-19 09:20:24 | INFO | Episode  246 - Reward: -200.000, Length: 200, Loss: 3.0401, Entropy: 1.0967, Epsilon: 0.756
2026-04-19 09:20:24 | INFO | Episode  247 - Reward: -200.000, Length: 200, Loss: 1.3315, Entropy: 1.0974, Epsilon: 0.755
2026-04-19 09:20:25 | INFO | Episode  248 - Reward: -200.000, Length: 200, Loss: 0.8676, Entropy: 1.0970, Epsilon: 0.754
2026-04-19 09:20:25 | INFO | Episode  249 - Reward: -200.000, Length: 200, Loss: 3.3943, Entropy: 1.0967, Epsilon: 0.753
2026-04-19 09:20:25 | INFO | Episode  250 - Reward: -200.000, Length: 200, Loss: 4.1508, Entropy: 1.0964, Epsilon: 0.752
2026-04-19 09:20:25 | INFO | Episode  251 - Reward: -200.000, Length: 200, Loss: 2.3276, Entropy: 1.0982, Epsilon: 0.752
2026-04-19 09:20:26 | INFO | Episode  252 - Reward: -200.000, Length: 200, Loss: 3.3597, Entropy: 1.0980, Epsilon: 0.751
2026-04-19 09:20:26 | INFO | Episode  253 - Reward: -200.000, Length: 200, Loss: 3.1571, Entropy: 1.0963, Epsilon: 0.750
2026-04-19 09:20:26 | INFO | Episode  254 - Reward: -200.000, Length: 200, Loss: 2.2078, Entropy: 1.0969, Epsilon: 0.749
2026-04-19 09:20:26 | INFO | Episode  255 - Reward: -200.000, Length: 200, Loss: 2.1864, Entropy: 1.0970, Epsilon: 0.748
2026-04-19 09:20:27 | INFO | Episode  256 - Reward: -200.000, Length: 200, Loss: 4.6999, Entropy: 1.0953, Epsilon: 0.747
2026-04-19 09:20:27 | INFO | Episode  257 - Reward: -200.000, Length: 200, Loss: 0.4145, Entropy: 1.0978, Epsilon: 0.746
2026-04-19 09:20:27 | INFO | Episode  258 - Reward: -200.000, Length: 200, Loss: 2.8374, Entropy: 1.0982, Epsilon: 0.745
2026-04-19 09:20:27 | INFO | Episode  259 - Reward: -200.000, Length: 200, Loss: 2.3955, Entropy: 1.0972, Epsilon: 0.744
2026-04-19 09:20:28 | INFO | Episode  260 - Reward: -200.000, Length: 200, Loss: 2.4409, Entropy: 1.0983, Epsilon: 0.743
2026-04-19 09:20:28 | INFO | Episode  261 - Reward: -200.000, Length: 200, Loss: 3.9976, Entropy: 1.0963, Epsilon: 0.742
2026-04-19 09:20:28 | INFO | Episode  262 - Reward: -200.000, Length: 200, Loss: 3.8765, Entropy: 1.0973, Epsilon: 0.741
2026-04-19 09:20:29 | INFO | Episode  263 - Reward: -200.000, Length: 200, Loss: 4.0584, Entropy: 1.0968, Epsilon: 0.740
2026-04-19 09:20:29 | INFO | Episode  264 - Reward: -200.000, Length: 200, Loss: 3.8967, Entropy: 1.0981, Epsilon: 0.739
2026-04-19 09:20:29 | INFO | Episode  265 - Reward: -200.000, Length: 200, Loss: 3.2333, Entropy: 1.0962, Epsilon: 0.738
2026-04-19 09:20:30 | INFO | Episode  266 - Reward: -200.000, Length: 200, Loss: 6.7791, Entropy: 1.0973, Epsilon: 0.737
2026-04-19 09:20:30 | INFO | Episode  267 - Reward: -200.000, Length: 200, Loss: 3.3909, Entropy: 1.0973, Epsilon: 0.736
2026-04-19 09:20:30 | INFO | Episode  268 - Reward: -200.000, Length: 200, Loss: 1.2679, Entropy: 1.0980, Epsilon: 0.735
2026-04-19 09:20:30 | INFO | Episode  269 - Reward: -200.000, Length: 200, Loss: 0.5814, Entropy: 1.0979, Epsilon: 0.734
2026-04-19 09:20:31 | INFO | Episode  270 - Reward: -200.000, Length: 200, Loss: 0.6216, Entropy: 1.0974, Epsilon: 0.733
2026-04-19 09:20:31 | INFO | Episode  271 - Reward: -200.000, Length: 200, Loss: 3.1891, Entropy: 1.0976, Epsilon: 0.732
2026-04-19 09:20:31 | INFO | Episode  272 - Reward: -200.000, Length: 200, Loss: 3.9144, Entropy: 1.0942, Epsilon: 0.731
2026-04-19 09:20:31 | INFO | Episode  273 - Reward: -200.000, Length: 200, Loss: 3.3446, Entropy: 1.0949, Epsilon: 0.730
2026-04-19 09:20:32 | INFO | Episode  274 - Reward: -200.000, Length: 200, Loss: 5.6187, Entropy: 1.0911, Epsilon: 0.729
2026-04-19 09:20:32 | INFO | Episode  275 - Reward: -200.000, Length: 200, Loss: 2.4219, Entropy: 1.0981, Epsilon: 0.728
2026-04-19 09:20:32 | INFO | Episode  276 - Reward: -200.000, Length: 200, Loss: 4.1916, Entropy: 1.0974, Epsilon: 0.727
2026-04-19 09:20:32 | INFO | Episode  277 - Reward: -200.000, Length: 200, Loss: 5.1500, Entropy: 1.0973, Epsilon: 0.726
2026-04-19 09:20:33 | INFO | Episode  278 - Reward: -200.000, Length: 200, Loss: 1.6191, Entropy: 1.0960, Epsilon: 0.725
2026-04-19 09:20:33 | INFO | Episode  279 - Reward: -200.000, Length: 200, Loss: 6.8919, Entropy: 1.0919, Epsilon: 0.724
2026-04-19 09:20:33 | INFO | Episode  280 - Reward: -200.000, Length: 200, Loss: 4.6841, Entropy: 1.0890, Epsilon: 0.723
2026-04-19 09:20:33 | INFO | Episode  281 - Reward: -200.000, Length: 200, Loss: 5.0990, Entropy: 1.0969, Epsilon: 0.722
2026-04-19 09:20:34 | INFO | Episode  282 - Reward: -200.000, Length: 200, Loss: 8.3308, Entropy: 1.0927, Epsilon: 0.721
2026-04-19 09:20:34 | INFO | Episode  283 - Reward: -200.000, Length: 200, Loss: 6.1755, Entropy: 1.0911, Epsilon: 0.720
2026-04-19 09:20:34 | INFO | Episode  284 - Reward: -200.000, Length: 200, Loss: 9.1832, Entropy: 1.0855, Epsilon: 0.719
2026-04-19 09:20:35 | INFO | Episode  285 - Reward: -200.000, Length: 200, Loss: 4.3730, Entropy: 1.0788, Epsilon: 0.718
2026-04-19 09:20:35 | INFO | Episode  286 - Reward: -200.000, Length: 200, Loss: 2.7636, Entropy: 1.0939, Epsilon: 0.717
2026-04-19 09:20:35 | INFO | Episode  287 - Reward: -200.000, Length: 200, Loss: -0.2035, Entropy: 1.0966, Epsilon: 0.716
2026-04-19 09:20:35 | INFO | Episode  288 - Reward: -200.000, Length: 200, Loss: 2.7018, Entropy: 1.0963, Epsilon: 0.715
2026-04-19 09:20:36 | INFO | Episode  289 - Reward: -200.000, Length: 200, Loss: 6.7150, Entropy: 1.0947, Epsilon: 0.714
2026-04-19 09:20:36 | INFO | Episode  290 - Reward: -200.000, Length: 200, Loss: 3.8983, Entropy: 1.0950, Epsilon: 0.713
2026-04-19 09:20:36 | INFO | Episode  291 - Reward: -200.000, Length: 200, Loss: 2.9718, Entropy: 1.0979, Epsilon: 0.712
2026-04-19 09:20:37 | INFO | Episode  292 - Reward: -200.000, Length: 200, Loss: 6.2577, Entropy: 1.0966, Epsilon: 0.711
2026-04-19 09:20:37 | INFO | Episode  293 - Reward: -200.000, Length: 200, Loss: 2.7624, Entropy: 1.0944, Epsilon: 0.710
2026-04-19 09:20:37 | INFO | Episode  294 - Reward: -200.000, Length: 200, Loss: 2.7865, Entropy: 1.0952, Epsilon: 0.709
2026-04-19 09:20:37 | INFO | Episode  295 - Reward: -200.000, Length: 200, Loss: 2.8566, Entropy: 1.0983, Epsilon: 0.708
2026-04-19 09:20:38 | INFO | Episode  296 - Reward: -200.000, Length: 200, Loss: 2.0527, Entropy: 1.0966, Epsilon: 0.707
2026-04-19 09:20:38 | INFO | Episode  297 - Reward: -200.000, Length: 200, Loss: 5.6680, Entropy: 1.0879, Epsilon: 0.706
2026-04-19 09:20:38 | INFO | Episode  298 - Reward: -200.000, Length: 200, Loss: 6.1704, Entropy: 1.0883, Epsilon: 0.705
2026-04-19 09:20:38 | INFO | Episode  299 - Reward: -200.000, Length: 200, Loss: 3.4014, Entropy: 1.0974, Epsilon: 0.704
2026-04-19 09:20:39 | INFO | Episode  300 - Reward: -200.000, Length: 200, Loss: 3.4009, Entropy: 1.0957, Epsilon: 0.703
2026-04-19 09:20:44 | INFO | [Episode  300] eps=0.703  avg_reward=-200.000  avg_length=200.00  avg_loss=  2.6051  avg_entropy=1.0957  eval_success=0.000
2026-04-19 09:20:44 | INFO | Episode  301 - Reward: -200.000, Length: 200, Loss: 4.4562, Entropy: 1.0907, Epsilon: 0.702
2026-04-19 09:20:44 | INFO | Episode  302 - Reward: -200.000, Length: 200, Loss: 3.4042, Entropy: 1.0840, Epsilon: 0.701
2026-04-19 09:20:45 | INFO | Episode  303 - Reward: -200.000, Length: 200, Loss: 6.3872, Entropy: 1.0907, Epsilon: 0.700
2026-04-19 09:20:45 | INFO | Episode  304 - Reward: -200.000, Length: 200, Loss: 7.0585, Entropy: 1.0957, Epsilon: 0.699
2026-04-19 09:20:45 | INFO | Episode  305 - Reward: -200.000, Length: 200, Loss: 6.8592, Entropy: 1.0932, Epsilon: 0.698
2026-04-19 09:20:45 | INFO | Episode  306 - Reward: -200.000, Length: 200, Loss: 2.3321, Entropy: 1.0981, Epsilon: 0.697
2026-04-19 09:20:46 | INFO | Episode  307 - Reward: -200.000, Length: 200, Loss: 3.2970, Entropy: 1.0980, Epsilon: 0.696
2026-04-19 09:20:46 | INFO | Episode  308 - Reward: -200.000, Length: 200, Loss: 4.6054, Entropy: 1.0946, Epsilon: 0.695
2026-04-19 09:20:46 | INFO | Episode  309 - Reward: -200.000, Length: 200, Loss: 1.0576, Entropy: 1.0932, Epsilon: 0.694
2026-04-19 09:20:46 | INFO | Episode  310 - Reward: -200.000, Length: 200, Loss: 7.4906, Entropy: 1.0953, Epsilon: 0.693
2026-04-19 09:20:47 | INFO | Episode  311 - Reward: -200.000, Length: 200, Loss: 6.3459, Entropy: 1.0928, Epsilon: 0.692
2026-04-19 09:20:47 | INFO | Episode  312 - Reward: -200.000, Length: 200, Loss: 8.5177, Entropy: 1.0932, Epsilon: 0.691
2026-04-19 09:20:47 | INFO | Episode  313 - Reward: -200.000, Length: 200, Loss: 8.7019, Entropy: 1.0945, Epsilon: 0.690
2026-04-19 09:20:48 | INFO | Episode  314 - Reward: -200.000, Length: 200, Loss: 6.0052, Entropy: 1.0915, Epsilon: 0.689
2026-04-19 09:20:48 | INFO | Episode  315 - Reward: -200.000, Length: 200, Loss: 8.6913, Entropy: 1.0973, Epsilon: 0.688
2026-04-19 09:20:48 | INFO | Episode  316 - Reward: -200.000, Length: 200, Loss: 3.6059, Entropy: 1.0965, Epsilon: 0.687
2026-04-19 09:20:48 | INFO | Episode  317 - Reward: -200.000, Length: 200, Loss: 7.6499, Entropy: 1.0961, Epsilon: 0.686
2026-04-19 09:20:49 | INFO | Episode  318 - Reward: -200.000, Length: 200, Loss: 9.8081, Entropy: 1.0914, Epsilon: 0.685
2026-04-19 09:20:49 | INFO | Episode  319 - Reward: -200.000, Length: 200, Loss: 5.1958, Entropy: 1.0945, Epsilon: 0.684
2026-04-19 09:20:49 | INFO | Episode  320 - Reward: -200.000, Length: 200, Loss: 3.8256, Entropy: 1.0895, Epsilon: 0.683
2026-04-19 09:20:49 | INFO | Episode  321 - Reward: -200.000, Length: 200, Loss: 3.7428, Entropy: 1.0932, Epsilon: 0.682
2026-04-19 09:20:50 | INFO | Episode  322 - Reward: -200.000, Length: 200, Loss: 12.3913, Entropy: 1.0949, Epsilon: 0.681
2026-04-19 09:20:50 | INFO | Episode  323 - Reward: -200.000, Length: 200, Loss: 15.8317, Entropy: 1.0891, Epsilon: 0.680
2026-04-19 09:20:50 | INFO | Episode  324 - Reward: -200.000, Length: 200, Loss: 7.5843, Entropy: 1.0902, Epsilon: 0.679
2026-04-19 09:20:50 | INFO | Episode  325 - Reward: -200.000, Length: 200, Loss: 9.2139, Entropy: 1.0960, Epsilon: 0.678
2026-04-19 09:20:51 | INFO | Episode  326 - Reward: -200.000, Length: 200, Loss: 9.1577, Entropy: 1.0878, Epsilon: 0.677
2026-04-19 09:20:51 | INFO | Episode  327 - Reward: -200.000, Length: 200, Loss: 7.3773, Entropy: 1.0823, Epsilon: 0.676
2026-04-19 09:20:51 | INFO | Episode  328 - Reward: -200.000, Length: 200, Loss: 10.2762, Entropy: 1.0953, Epsilon: 0.675
2026-04-19 09:20:52 | INFO | Episode  329 - Reward: -200.000, Length: 200, Loss: 9.3425, Entropy: 1.0947, Epsilon: 0.674
2026-04-19 09:20:52 | INFO | Episode  330 - Reward: -200.000, Length: 200, Loss: 7.9800, Entropy: 1.0871, Epsilon: 0.673
2026-04-19 09:20:52 | INFO | Episode  331 - Reward: -200.000, Length: 200, Loss: 6.4138, Entropy: 1.0898, Epsilon: 0.672
2026-04-19 09:20:53 | INFO | Episode  332 - Reward: -200.000, Length: 200, Loss: 6.7003, Entropy: 1.0895, Epsilon: 0.671
2026-04-19 09:20:53 | INFO | Episode  333 - Reward: -200.000, Length: 200, Loss: 4.0568, Entropy: 1.0952, Epsilon: 0.670
2026-04-19 09:20:53 | INFO | Episode  334 - Reward: -200.000, Length: 200, Loss: 9.6283, Entropy: 1.0916, Epsilon: 0.669
2026-04-19 09:20:53 | INFO | Episode  335 - Reward: -200.000, Length: 200, Loss: 6.9408, Entropy: 1.0810, Epsilon: 0.668
2026-04-19 09:20:54 | INFO | Episode  336 - Reward: -200.000, Length: 200, Loss: 5.6516, Entropy: 1.0928, Epsilon: 0.667
2026-04-19 09:20:54 | INFO | Episode  337 - Reward: -200.000, Length: 200, Loss: 7.2665, Entropy: 1.0892, Epsilon: 0.666
2026-04-19 09:20:54 | INFO | Episode  338 - Reward: -200.000, Length: 200, Loss: 3.9457, Entropy: 1.0939, Epsilon: 0.665
2026-04-19 09:20:54 | INFO | Episode  339 - Reward: -200.000, Length: 200, Loss: 5.8732, Entropy: 1.0924, Epsilon: 0.664
2026-04-19 09:20:55 | INFO | Episode  340 - Reward: -200.000, Length: 200, Loss: 17.1707, Entropy: 1.0908, Epsilon: 0.663
2026-04-19 09:20:55 | INFO | Episode  341 - Reward: -200.000, Length: 200, Loss: 6.2743, Entropy: 1.0951, Epsilon: 0.662
2026-04-19 09:20:55 | INFO | Episode  342 - Reward: -200.000, Length: 200, Loss: 5.7287, Entropy: 1.0955, Epsilon: 0.661
2026-04-19 09:20:56 | INFO | Episode  343 - Reward: -200.000, Length: 200, Loss: 7.5993, Entropy: 1.0941, Epsilon: 0.660
2026-04-19 09:20:56 | INFO | Episode  344 - Reward: -200.000, Length: 200, Loss: 6.9461, Entropy: 1.0923, Epsilon: 0.659
2026-04-19 09:20:56 | INFO | Episode  345 - Reward: -200.000, Length: 200, Loss: 4.1499, Entropy: 1.0973, Epsilon: 0.658
2026-04-19 09:20:56 | INFO | Episode  346 - Reward: -200.000, Length: 200, Loss: 11.6304, Entropy: 1.0918, Epsilon: 0.657
2026-04-19 09:20:57 | INFO | Episode  347 - Reward: -200.000, Length: 200, Loss: 13.1734, Entropy: 1.0948, Epsilon: 0.656
2026-04-19 09:20:57 | INFO | Episode  348 - Reward: -200.000, Length: 200, Loss: 7.5068, Entropy: 1.0894, Epsilon: 0.655
2026-04-19 09:20:57 | INFO | Episode  349 - Reward: -200.000, Length: 200, Loss: 12.4548, Entropy: 1.0831, Epsilon: 0.654
2026-04-19 09:20:57 | INFO | Episode  350 - Reward: -200.000, Length: 200, Loss: 8.8906, Entropy: 1.0908, Epsilon: 0.653
2026-04-19 09:20:58 | INFO | Episode  351 - Reward: -200.000, Length: 200, Loss: 10.8753, Entropy: 1.0926, Epsilon: 0.653
2026-04-19 09:20:58 | INFO | Episode  352 - Reward: -200.000, Length: 200, Loss: 1.5852, Entropy: 1.0938, Epsilon: 0.652
2026-04-19 09:20:58 | INFO | Episode  353 - Reward: -200.000, Length: 200, Loss: 1.4062, Entropy: 1.0981, Epsilon: 0.651
2026-04-19 09:20:58 | INFO | Episode  354 - Reward: -200.000, Length: 200, Loss: 11.2750, Entropy: 1.0941, Epsilon: 0.650
2026-04-19 09:20:59 | INFO | Episode  355 - Reward: -200.000, Length: 200, Loss: 13.2290, Entropy: 1.0872, Epsilon: 0.649
2026-04-19 09:20:59 | INFO | Episode  356 - Reward: -200.000, Length: 200, Loss: 6.7207, Entropy: 1.0791, Epsilon: 0.648
2026-04-19 09:20:59 | INFO | Episode  357 - Reward: -200.000, Length: 200, Loss: 6.3520, Entropy: 1.0933, Epsilon: 0.647
2026-04-19 09:21:00 | INFO | Episode  358 - Reward: -200.000, Length: 200, Loss: 7.4886, Entropy: 1.0963, Epsilon: 0.646
2026-04-19 09:21:00 | INFO | Episode  359 - Reward: -200.000, Length: 200, Loss: 12.0248, Entropy: 1.0928, Epsilon: 0.645
2026-04-19 09:21:00 | INFO | Episode  360 - Reward: -200.000, Length: 200, Loss: 10.4494, Entropy: 1.0935, Epsilon: 0.644
2026-04-19 09:21:00 | INFO | Episode  361 - Reward: -200.000, Length: 200, Loss: 6.7176, Entropy: 1.0900, Epsilon: 0.643
2026-04-19 09:21:01 | INFO | Episode  362 - Reward: -200.000, Length: 200, Loss: 13.4156, Entropy: 1.0941, Epsilon: 0.642
2026-04-19 09:21:01 | INFO | Episode  363 - Reward: -200.000, Length: 200, Loss: 12.1518, Entropy: 1.0881, Epsilon: 0.641
2026-04-19 09:21:01 | INFO | Episode  364 - Reward: -200.000, Length: 200, Loss: 8.3283, Entropy: 1.0897, Epsilon: 0.640
2026-04-19 09:21:01 | INFO | Episode  365 - Reward: -200.000, Length: 200, Loss: 6.6687, Entropy: 1.0958, Epsilon: 0.639
2026-04-19 09:21:02 | INFO | Episode  366 - Reward: -200.000, Length: 200, Loss: 4.9537, Entropy: 1.0885, Epsilon: 0.638
2026-04-19 09:21:02 | INFO | Episode  367 - Reward: -200.000, Length: 200, Loss: 22.4515, Entropy: 1.0755, Epsilon: 0.637
2026-04-19 09:21:02 | INFO | Episode  368 - Reward: -200.000, Length: 200, Loss: 11.5918, Entropy: 1.0952, Epsilon: 0.636
2026-04-19 09:21:03 | INFO | Episode  369 - Reward: -200.000, Length: 200, Loss: 15.0056, Entropy: 1.0948, Epsilon: 0.635
2026-04-19 09:21:03 | INFO | Episode  370 - Reward: -200.000, Length: 200, Loss: 6.6656, Entropy: 1.0887, Epsilon: 0.634
2026-04-19 09:21:03 | INFO | Episode  371 - Reward: -200.000, Length: 200, Loss: 13.6804, Entropy: 1.0865, Epsilon: 0.633
2026-04-19 09:21:03 | INFO | Episode  372 - Reward: -200.000, Length: 200, Loss: 7.5765, Entropy: 1.0939, Epsilon: 0.632
2026-04-19 09:21:04 | INFO | Episode  373 - Reward: -200.000, Length: 200, Loss: 8.9679, Entropy: 1.0928, Epsilon: 0.631
2026-04-19 09:21:04 | INFO | Episode  374 - Reward: -200.000, Length: 200, Loss: 8.4329, Entropy: 1.0850, Epsilon: 0.630
2026-04-19 09:21:04 | INFO | Episode  375 - Reward: -200.000, Length: 200, Loss: 3.6502, Entropy: 1.0947, Epsilon: 0.629
2026-04-19 09:21:04 | INFO | Episode  376 - Reward: -200.000, Length: 200, Loss: 11.8966, Entropy: 1.0932, Epsilon: 0.628
2026-04-19 09:21:05 | INFO | Episode  377 - Reward: -200.000, Length: 200, Loss: 7.5888, Entropy: 1.0860, Epsilon: 0.627
2026-04-19 09:21:05 | INFO | Episode  378 - Reward: -200.000, Length: 200, Loss: 8.1854, Entropy: 1.0907, Epsilon: 0.626
2026-04-19 09:21:05 | INFO | Episode  379 - Reward: -200.000, Length: 200, Loss: 7.1882, Entropy: 1.0953, Epsilon: 0.625
2026-04-19 09:21:06 | INFO | Episode  380 - Reward: -200.000, Length: 200, Loss: 10.4421, Entropy: 1.0905, Epsilon: 0.624
2026-04-19 09:21:06 | INFO | Episode  381 - Reward: -200.000, Length: 200, Loss: 6.9326, Entropy: 1.0963, Epsilon: 0.623
2026-04-19 09:21:06 | INFO | Episode  382 - Reward: -200.000, Length: 200, Loss: 18.1535, Entropy: 1.0877, Epsilon: 0.622
2026-04-19 09:21:06 | INFO | Episode  383 - Reward: -200.000, Length: 200, Loss: 5.8781, Entropy: 1.0954, Epsilon: 0.621
2026-04-19 09:21:07 | INFO | Episode  384 - Reward: -200.000, Length: 200, Loss: 9.5855, Entropy: 1.0946, Epsilon: 0.620
2026-04-19 09:21:07 | INFO | Episode  385 - Reward: -200.000, Length: 200, Loss: 10.8247, Entropy: 1.0952, Epsilon: 0.619
2026-04-19 09:21:07 | INFO | Episode  386 - Reward: -200.000, Length: 200, Loss: 5.7068, Entropy: 1.0933, Epsilon: 0.618
2026-04-19 09:21:07 | INFO | Episode  387 - Reward: -200.000, Length: 200, Loss: 4.9816, Entropy: 1.0929, Epsilon: 0.617
2026-04-19 09:21:08 | INFO | Episode  388 - Reward: -200.000, Length: 200, Loss: 8.8337, Entropy: 1.0819, Epsilon: 0.616
2026-04-19 09:21:08 | INFO | Episode  389 - Reward: -200.000, Length: 200, Loss: 7.3591, Entropy: 1.0938, Epsilon: 0.615
2026-04-19 09:21:08 | INFO | Episode  390 - Reward: -200.000, Length: 200, Loss: 4.3242, Entropy: 1.0955, Epsilon: 0.614
2026-04-19 09:21:09 | INFO | Episode  391 - Reward: -200.000, Length: 200, Loss: 13.0272, Entropy: 1.0934, Epsilon: 0.613
2026-04-19 09:21:09 | INFO | Episode  392 - Reward: -200.000, Length: 200, Loss: 7.1578, Entropy: 1.0906, Epsilon: 0.612
2026-04-19 09:21:09 | INFO | Episode  393 - Reward: -200.000, Length: 200, Loss: 7.1746, Entropy: 1.0931, Epsilon: 0.611
2026-04-19 09:21:09 | INFO | Episode  394 - Reward: -200.000, Length: 200, Loss: 8.3461, Entropy: 1.0939, Epsilon: 0.610
2026-04-19 09:21:10 | INFO | Episode  395 - Reward: -200.000, Length: 200, Loss: 12.6163, Entropy: 1.0877, Epsilon: 0.609
2026-04-19 09:21:10 | INFO | Episode  396 - Reward: -200.000, Length: 200, Loss: 5.3065, Entropy: 1.0879, Epsilon: 0.608
2026-04-19 09:21:10 | INFO | Episode  397 - Reward: -200.000, Length: 200, Loss: 12.8906, Entropy: 1.0951, Epsilon: 0.607
2026-04-19 09:21:11 | INFO | Episode  398 - Reward: -200.000, Length: 200, Loss: 9.0301, Entropy: 1.0939, Epsilon: 0.606
2026-04-19 09:21:11 | INFO | Episode  399 - Reward: -200.000, Length: 200, Loss: 6.1018, Entropy: 1.0900, Epsilon: 0.605
2026-04-19 09:21:11 | INFO | Episode  400 - Reward: -200.000, Length: 200, Loss: 12.3847, Entropy: 1.0900, Epsilon: 0.604
2026-04-19 09:21:16 | INFO | [Episode  400] eps=0.604  avg_reward=-200.000  avg_length=200.00  avg_loss=  8.1978  avg_entropy=1.0900  eval_success=0.000
2026-04-19 09:21:16 | INFO | Episode  401 - Reward: -200.000, Length: 200, Loss: 10.2886, Entropy: 1.0858, Epsilon: 0.603
2026-04-19 09:21:16 | INFO | Episode  402 - Reward: -200.000, Length: 200, Loss: 9.5114, Entropy: 1.0814, Epsilon: 0.602
2026-04-19 09:21:17 | INFO | Episode  403 - Reward: -200.000, Length: 200, Loss: 12.0665, Entropy: 1.0852, Epsilon: 0.601
2026-04-19 09:21:17 | INFO | Episode  404 - Reward: -200.000, Length: 200, Loss: 13.0778, Entropy: 1.0885, Epsilon: 0.600
2026-04-19 09:21:17 | INFO | Episode  405 - Reward: -200.000, Length: 200, Loss: 7.7293, Entropy: 1.0858, Epsilon: 0.599
2026-04-19 09:21:18 | INFO | Episode  406 - Reward: -200.000, Length: 200, Loss: 5.3291, Entropy: 1.0949, Epsilon: 0.598
2026-04-19 09:21:18 | INFO | Episode  407 - Reward: -200.000, Length: 200, Loss: 1.8524, Entropy: 1.0967, Epsilon: 0.597
2026-04-19 09:21:18 | INFO | Episode  408 - Reward: -200.000, Length: 200, Loss: 3.6532, Entropy: 1.0962, Epsilon: 0.596
2026-04-19 09:21:18 | INFO | Episode  409 - Reward: -200.000, Length: 200, Loss: -0.1685, Entropy: 1.0986, Epsilon: 0.595
2026-04-19 09:21:19 | INFO | Episode  410 - Reward: -200.000, Length: 200, Loss: 8.4230, Entropy: 1.0947, Epsilon: 0.594
2026-04-19 09:21:19 | INFO | Episode  411 - Reward: -200.000, Length: 200, Loss: 12.9928, Entropy: 1.0846, Epsilon: 0.593
2026-04-19 09:21:19 | INFO | Episode  412 - Reward: -200.000, Length: 200, Loss: 6.1736, Entropy: 1.0856, Epsilon: 0.592
2026-04-19 09:21:20 | INFO | Episode  413 - Reward: -200.000, Length: 200, Loss: 8.6968, Entropy: 1.0941, Epsilon: 0.591
2026-04-19 09:21:20 | INFO | Episode  414 - Reward: -200.000, Length: 200, Loss: 13.2005, Entropy: 1.0866, Epsilon: 0.590
2026-04-19 09:21:20 | INFO | Episode  415 - Reward: -200.000, Length: 200, Loss: 10.5908, Entropy: 1.0840, Epsilon: 0.589
2026-04-19 09:21:21 | INFO | Episode  416 - Reward: -200.000, Length: 200, Loss: 10.4021, Entropy: 1.0771, Epsilon: 0.588
2026-04-19 09:21:21 | INFO | Episode  417 - Reward: -200.000, Length: 200, Loss: 8.4901, Entropy: 1.0915, Epsilon: 0.587
2026-04-19 09:21:21 | INFO | Episode  418 - Reward: -200.000, Length: 200, Loss: 13.1246, Entropy: 1.0879, Epsilon: 0.586
2026-04-19 09:21:21 | INFO | Episode  419 - Reward: -200.000, Length: 200, Loss: 12.5759, Entropy: 1.0827, Epsilon: 0.585
2026-04-19 09:21:22 | INFO | Episode  420 - Reward: -200.000, Length: 200, Loss: 24.7389, Entropy: 1.0719, Epsilon: 0.584
2026-04-19 09:21:22 | INFO | Episode  421 - Reward: -200.000, Length: 200, Loss: 9.7920, Entropy: 1.0864, Epsilon: 0.583
2026-04-19 09:21:22 | INFO | Episode  422 - Reward: -200.000, Length: 200, Loss: 14.5813, Entropy: 1.0749, Epsilon: 0.582
2026-04-19 09:21:23 | INFO | Episode  423 - Reward: -200.000, Length: 200, Loss: 14.0490, Entropy: 1.0774, Epsilon: 0.581
2026-04-19 09:21:23 | INFO | Episode  424 - Reward: -200.000, Length: 200, Loss: 1.5527, Entropy: 1.0942, Epsilon: 0.580
2026-04-19 09:21:23 | INFO | Episode  425 - Reward: -200.000, Length: 200, Loss: 18.7882, Entropy: 1.0619, Epsilon: 0.579
2026-04-19 09:21:23 | INFO | Episode  426 - Reward: -200.000, Length: 200, Loss: 10.6516, Entropy: 1.0678, Epsilon: 0.578
2026-04-19 09:21:24 | INFO | Episode  427 - Reward: -200.000, Length: 200, Loss: 10.8737, Entropy: 1.0945, Epsilon: 0.577
2026-04-19 09:21:24 | INFO | Episode  428 - Reward: -200.000, Length: 200, Loss: 7.9660, Entropy: 1.0889, Epsilon: 0.576
2026-04-19 09:21:24 | INFO | Episode  429 - Reward: -200.000, Length: 200, Loss: 14.7549, Entropy: 1.0880, Epsilon: 0.575
2026-04-19 09:21:24 | INFO | Episode  430 - Reward: -200.000, Length: 200, Loss: 4.0375, Entropy: 1.0953, Epsilon: 0.574
2026-04-19 09:21:25 | INFO | Episode  431 - Reward: -200.000, Length: 200, Loss: 10.5201, Entropy: 1.0828, Epsilon: 0.573
2026-04-19 09:21:25 | INFO | Episode  432 - Reward: -200.000, Length: 200, Loss: 8.8566, Entropy: 1.0909, Epsilon: 0.572
2026-04-19 09:21:25 | INFO | Episode  433 - Reward: -200.000, Length: 200, Loss: 13.5863, Entropy: 1.0795, Epsilon: 0.571
2026-04-19 09:21:26 | INFO | Episode  434 - Reward: -200.000, Length: 200, Loss: 14.8989, Entropy: 1.0865, Epsilon: 0.570
2026-04-19 09:21:26 | INFO | Episode  435 - Reward: -200.000, Length: 200, Loss: 19.0020, Entropy: 1.0734, Epsilon: 0.569
2026-04-19 09:21:26 | INFO | Episode  436 - Reward: -200.000, Length: 200, Loss: 10.6064, Entropy: 1.0930, Epsilon: 0.568
2026-04-19 09:21:26 | INFO | Episode  437 - Reward: -200.000, Length: 200, Loss: 17.6132, Entropy: 1.0865, Epsilon: 0.567
2026-04-19 09:21:27 | INFO | Episode  438 - Reward: -200.000, Length: 200, Loss: 8.9445, Entropy: 1.0927, Epsilon: 0.566
2026-04-19 09:21:27 | INFO | Episode  439 - Reward: -200.000, Length: 200, Loss: 4.4409, Entropy: 1.0922, Epsilon: 0.565
2026-04-19 09:21:27 | INFO | Episode  440 - Reward: -200.000, Length: 200, Loss: 11.4752, Entropy: 1.0888, Epsilon: 0.564
2026-04-19 09:21:27 | INFO | Episode  441 - Reward: -200.000, Length: 200, Loss: 12.8290, Entropy: 1.0769, Epsilon: 0.563
2026-04-19 09:21:28 | INFO | Episode  442 - Reward: -200.000, Length: 200, Loss: 8.5251, Entropy: 1.0932, Epsilon: 0.562
2026-04-19 09:21:28 | INFO | Episode  443 - Reward: -200.000, Length: 200, Loss: 6.7033, Entropy: 1.0907, Epsilon: 0.561
2026-04-19 09:21:28 | INFO | Episode  444 - Reward: -200.000, Length: 200, Loss: 13.3994, Entropy: 1.0932, Epsilon: 0.560
2026-04-19 09:21:29 | INFO | Episode  445 - Reward: -200.000, Length: 200, Loss: 17.5051, Entropy: 1.0665, Epsilon: 0.559
2026-04-19 09:21:29 | INFO | Episode  446 - Reward: -200.000, Length: 200, Loss: 12.8760, Entropy: 1.0885, Epsilon: 0.558
2026-04-19 09:21:29 | INFO | Episode  447 - Reward: -200.000, Length: 200, Loss: 6.3039, Entropy: 1.0940, Epsilon: 0.557
2026-04-19 09:21:29 | INFO | Episode  448 - Reward: -200.000, Length: 200, Loss: 7.4963, Entropy: 1.0926, Epsilon: 0.556
2026-04-19 09:21:30 | INFO | Episode  449 - Reward: -200.000, Length: 200, Loss: 17.4888, Entropy: 1.0815, Epsilon: 0.555
2026-04-19 09:21:30 | INFO | Episode  450 - Reward: -200.000, Length: 200, Loss: 23.6714, Entropy: 1.0797, Epsilon: 0.554
2026-04-19 09:21:30 | INFO | Episode  451 - Reward: -200.000, Length: 200, Loss: 9.2374, Entropy: 1.0672, Epsilon: 0.554
2026-04-19 09:21:30 | INFO | Episode  452 - Reward: -200.000, Length: 200, Loss: 7.2503, Entropy: 1.0910, Epsilon: 0.553
2026-04-19 09:21:31 | INFO | Episode  453 - Reward: -200.000, Length: 200, Loss: 9.4786, Entropy: 1.0891, Epsilon: 0.552
2026-04-19 09:21:31 | INFO | Episode  454 - Reward: -200.000, Length: 200, Loss: 13.8778, Entropy: 1.0696, Epsilon: 0.551
2026-04-19 09:21:31 | INFO | Episode  455 - Reward: -200.000, Length: 200, Loss: 18.8867, Entropy: 1.0781, Epsilon: 0.550
2026-04-19 09:21:32 | INFO | Episode  456 - Reward: -200.000, Length: 200, Loss: 21.7058, Entropy: 1.0805, Epsilon: 0.549
2026-04-19 09:21:32 | INFO | Episode  457 - Reward: -200.000, Length: 200, Loss: 19.1894, Entropy: 1.0880, Epsilon: 0.548
2026-04-19 09:21:32 | INFO | Episode  458 - Reward: -200.000, Length: 200, Loss: 11.3729, Entropy: 1.0901, Epsilon: 0.547
2026-04-19 09:21:32 | INFO | Episode  459 - Reward: -200.000, Length: 200, Loss: 8.6977, Entropy: 1.0911, Epsilon: 0.546
2026-04-19 09:21:33 | INFO | Episode  460 - Reward: -200.000, Length: 200, Loss: 17.8270, Entropy: 1.0781, Epsilon: 0.545
2026-04-19 09:21:33 | INFO | Episode  461 - Reward: -200.000, Length: 200, Loss: 6.9348, Entropy: 1.0897, Epsilon: 0.544
2026-04-19 09:21:33 | INFO | Episode  462 - Reward: -200.000, Length: 200, Loss: 20.6995, Entropy: 1.0873, Epsilon: 0.543
2026-04-19 09:21:33 | INFO | Episode  463 - Reward: -200.000, Length: 200, Loss: 4.5629, Entropy: 1.0912, Epsilon: 0.542
2026-04-19 09:21:34 | INFO | Episode  464 - Reward: -200.000, Length: 200, Loss: 20.3922, Entropy: 1.0569, Epsilon: 0.541
2026-04-19 09:21:34 | INFO | Episode  465 - Reward: -200.000, Length: 200, Loss: 4.5358, Entropy: 1.0904, Epsilon: 0.540
2026-04-19 09:21:34 | INFO | Episode  466 - Reward: -200.000, Length: 200, Loss: 11.5632, Entropy: 1.0851, Epsilon: 0.539
2026-04-19 09:21:35 | INFO | Episode  467 - Reward: -200.000, Length: 200, Loss: 6.9097, Entropy: 1.0835, Epsilon: 0.538
2026-04-19 09:21:35 | INFO | Episode  468 - Reward: -200.000, Length: 200, Loss: 14.8662, Entropy: 1.0906, Epsilon: 0.537
2026-04-19 09:21:35 | INFO | Episode  469 - Reward: -200.000, Length: 200, Loss: 12.7018, Entropy: 1.0852, Epsilon: 0.536
2026-04-19 09:21:35 | INFO | Episode  470 - Reward: -200.000, Length: 200, Loss: 6.6478, Entropy: 1.0864, Epsilon: 0.535
2026-04-19 09:21:36 | INFO | Episode  471 - Reward: -200.000, Length: 200, Loss: 15.0940, Entropy: 1.0833, Epsilon: 0.534
2026-04-19 09:21:36 | INFO | Episode  472 - Reward: -200.000, Length: 200, Loss: 9.1802, Entropy: 1.0938, Epsilon: 0.533
2026-04-19 09:21:36 | INFO | Episode  473 - Reward: -200.000, Length: 200, Loss: 13.5141, Entropy: 1.0632, Epsilon: 0.532
2026-04-19 09:21:36 | INFO | Episode  474 - Reward: -200.000, Length: 200, Loss: 11.7300, Entropy: 1.0845, Epsilon: 0.531
2026-04-19 09:21:37 | INFO | Episode  475 - Reward: -200.000, Length: 200, Loss: 12.1927, Entropy: 1.0844, Epsilon: 0.530
2026-04-19 09:21:37 | INFO | Episode  476 - Reward: -200.000, Length: 200, Loss: 23.7777, Entropy: 1.0847, Epsilon: 0.529
2026-04-19 09:21:37 | INFO | Episode  477 - Reward: -200.000, Length: 200, Loss: 9.6226, Entropy: 1.0782, Epsilon: 0.528
2026-04-19 09:21:38 | INFO | Episode  478 - Reward: -200.000, Length: 200, Loss: 17.2257, Entropy: 1.0913, Epsilon: 0.527
2026-04-19 09:21:38 | INFO | Episode  479 - Reward: -200.000, Length: 200, Loss: 6.3838, Entropy: 1.0912, Epsilon: 0.526
2026-04-19 09:21:38 | INFO | Episode  480 - Reward: -200.000, Length: 200, Loss: 16.9120, Entropy: 1.0787, Epsilon: 0.525
2026-04-19 09:21:38 | INFO | Episode  481 - Reward: -200.000, Length: 200, Loss: 22.8188, Entropy: 1.0518, Epsilon: 0.524
2026-04-19 09:21:39 | INFO | Episode  482 - Reward: -200.000, Length: 200, Loss: 6.7473, Entropy: 1.0920, Epsilon: 0.523
2026-04-19 09:21:39 | INFO | Episode  483 - Reward: -200.000, Length: 200, Loss: 9.2080, Entropy: 1.0934, Epsilon: 0.522
2026-04-19 09:21:39 | INFO | Episode  484 - Reward: -200.000, Length: 200, Loss: 20.3624, Entropy: 1.0852, Epsilon: 0.521
2026-04-19 09:21:40 | INFO | Episode  485 - Reward: -200.000, Length: 200, Loss: 34.1643, Entropy: 1.0642, Epsilon: 0.520
2026-04-19 09:21:40 | INFO | Episode  486 - Reward: -200.000, Length: 200, Loss: 14.3652, Entropy: 1.0733, Epsilon: 0.519
2026-04-19 09:21:40 | INFO | Episode  487 - Reward: -200.000, Length: 200, Loss: 13.9674, Entropy: 1.0618, Epsilon: 0.518
2026-04-19 09:21:40 | INFO | Episode  488 - Reward: -200.000, Length: 200, Loss: 9.7169, Entropy: 1.0908, Epsilon: 0.517
2026-04-19 09:21:41 | INFO | Episode  489 - Reward: -200.000, Length: 200, Loss: 19.4550, Entropy: 1.0839, Epsilon: 0.516
2026-04-19 09:21:41 | INFO | Episode  490 - Reward: -200.000, Length: 200, Loss: 5.0192, Entropy: 1.0936, Epsilon: 0.515
2026-04-19 09:21:41 | INFO | Episode  491 - Reward: -200.000, Length: 200, Loss: 6.7821, Entropy: 1.0903, Epsilon: 0.514
2026-04-19 09:21:42 | INFO | Episode  492 - Reward: -200.000, Length: 200, Loss: 6.5227, Entropy: 1.0883, Epsilon: 0.513
2026-04-19 09:21:42 | INFO | Episode  493 - Reward: -200.000, Length: 200, Loss: 4.8396, Entropy: 1.0985, Epsilon: 0.512
2026-04-19 09:21:42 | INFO | Episode  494 - Reward: -200.000, Length: 200, Loss: 2.7640, Entropy: 1.0959, Epsilon: 0.511
2026-04-19 09:21:42 | INFO | Episode  495 - Reward: -200.000, Length: 200, Loss: 10.2042, Entropy: 1.0935, Epsilon: 0.510
2026-04-19 09:21:43 | INFO | Episode  496 - Reward: -200.000, Length: 200, Loss: 11.9416, Entropy: 1.0869, Epsilon: 0.509
2026-04-19 09:21:43 | INFO | Episode  497 - Reward: -200.000, Length: 200, Loss: 5.1471, Entropy: 1.0943, Epsilon: 0.508
2026-04-19 09:21:43 | INFO | Episode  498 - Reward: -200.000, Length: 200, Loss: 9.7243, Entropy: 1.0879, Epsilon: 0.507
2026-04-19 09:21:44 | INFO | Episode  499 - Reward: -200.000, Length: 200, Loss: 12.1653, Entropy: 1.0902, Epsilon: 0.506
2026-04-19 09:21:44 | INFO | Episode  500 - Reward: -200.000, Length: 200, Loss: 9.6563, Entropy: 1.0806, Epsilon: 0.505
2026-04-19 09:21:49 | INFO | [Episode  500] eps=0.505  avg_reward=-200.000  avg_length=200.00  avg_loss= 11.6508  avg_entropy=1.0806  eval_success=0.000
2026-04-19 09:21:49 | INFO | Episode  501 - Reward: -200.000, Length: 200, Loss: 11.0708, Entropy: 1.0849, Epsilon: 0.504
2026-04-19 09:21:50 | INFO | Episode  502 - Reward: -200.000, Length: 200, Loss: 12.9393, Entropy: 1.0864, Epsilon: 0.503
2026-04-19 09:21:50 | INFO | Episode  503 - Reward: -200.000, Length: 200, Loss: 14.6995, Entropy: 1.0843, Epsilon: 0.502
2026-04-19 09:21:50 | INFO | Episode  504 - Reward: -200.000, Length: 200, Loss: 16.5649, Entropy: 1.0823, Epsilon: 0.501
2026-04-19 09:21:51 | INFO | Episode  505 - Reward: -200.000, Length: 200, Loss: 7.3618, Entropy: 1.0917, Epsilon: 0.500
2026-04-19 09:21:51 | INFO | Episode  506 - Reward: -200.000, Length: 200, Loss: 19.6214, Entropy: 1.0795, Epsilon: 0.499
2026-04-19 09:21:51 | INFO | Episode  507 - Reward: -200.000, Length: 200, Loss: 9.0718, Entropy: 1.0917, Epsilon: 0.498
2026-04-19 09:21:51 | INFO | Episode  508 - Reward: -200.000, Length: 200, Loss: 14.5031, Entropy: 1.0752, Epsilon: 0.497
2026-04-19 09:21:52 | INFO | Episode  509 - Reward: -200.000, Length: 200, Loss: 12.0516, Entropy: 1.0918, Epsilon: 0.496
2026-04-19 09:21:52 | INFO | Episode  510 - Reward: -200.000, Length: 200, Loss: 22.3845, Entropy: 1.0819, Epsilon: 0.495
2026-04-19 09:21:52 | INFO | Episode  511 - Reward: -200.000, Length: 200, Loss: 22.9288, Entropy: 1.0874, Epsilon: 0.494
2026-04-19 09:21:53 | INFO | Episode  512 - Reward: -200.000, Length: 200, Loss: 9.2884, Entropy: 1.0883, Epsilon: 0.493
2026-04-19 09:21:53 | INFO | Episode  513 - Reward: -200.000, Length: 200, Loss: 16.4353, Entropy: 1.0717, Epsilon: 0.492
2026-04-19 09:21:53 | INFO | Episode  514 - Reward: -200.000, Length: 200, Loss: 15.3856, Entropy: 1.0920, Epsilon: 0.491
2026-04-19 09:21:53 | INFO | Episode  515 - Reward: -200.000, Length: 200, Loss: 5.0118, Entropy: 1.0919, Epsilon: 0.490
2026-04-19 09:21:54 | INFO | Episode  516 - Reward: -200.000, Length: 200, Loss: 12.1225, Entropy: 1.0811, Epsilon: 0.489
2026-04-19 09:21:54 | INFO | Episode  517 - Reward: -200.000, Length: 200, Loss: 14.4907, Entropy: 1.0844, Epsilon: 0.488
2026-04-19 09:21:54 | INFO | Episode  518 - Reward: -200.000, Length: 200, Loss: 20.0168, Entropy: 1.0692, Epsilon: 0.487
2026-04-19 09:21:55 | INFO | Episode  519 - Reward: -200.000, Length: 200, Loss: 12.5288, Entropy: 1.0846, Epsilon: 0.486
2026-04-19 09:21:55 | INFO | Episode  520 - Reward: -200.000, Length: 200, Loss: 17.6085, Entropy: 1.0822, Epsilon: 0.485
2026-04-19 09:21:55 | INFO | Episode  521 - Reward: -200.000, Length: 200, Loss: 12.2238, Entropy: 1.0733, Epsilon: 0.484
2026-04-19 09:21:55 | INFO | Episode  522 - Reward: -200.000, Length: 200, Loss: 4.7959, Entropy: 1.0905, Epsilon: 0.483
2026-04-19 09:21:56 | INFO | Episode  523 - Reward: -200.000, Length: 200, Loss: 12.2051, Entropy: 1.0832, Epsilon: 0.482
2026-04-19 09:21:56 | INFO | Episode  524 - Reward: -200.000, Length: 200, Loss: 6.6526, Entropy: 1.0862, Epsilon: 0.481
2026-04-19 09:21:56 | INFO | Episode  525 - Reward: -200.000, Length: 200, Loss: 12.0604, Entropy: 1.0874, Epsilon: 0.480
2026-04-19 09:21:57 | INFO | Episode  526 - Reward: -200.000, Length: 200, Loss: 15.1651, Entropy: 1.0668, Epsilon: 0.479
2026-04-19 09:21:57 | INFO | Episode  527 - Reward: -200.000, Length: 200, Loss: 15.3468, Entropy: 1.0736, Epsilon: 0.478
2026-04-19 09:21:57 | INFO | Episode  528 - Reward: -200.000, Length: 200, Loss: 18.7145, Entropy: 1.0703, Epsilon: 0.477
2026-04-19 09:21:57 | INFO | Episode  529 - Reward: -200.000, Length: 200, Loss: 2.3015, Entropy: 1.0951, Epsilon: 0.476
2026-04-19 09:21:58 | INFO | Episode  530 - Reward: -200.000, Length: 200, Loss: 14.8010, Entropy: 1.0626, Epsilon: 0.475
2026-04-19 09:21:58 | INFO | Episode  531 - Reward: -200.000, Length: 200, Loss: 8.1325, Entropy: 1.0928, Epsilon: 0.474
2026-04-19 09:21:58 | INFO | Episode  532 - Reward: -200.000, Length: 200, Loss: 19.0674, Entropy: 1.0808, Epsilon: 0.473
2026-04-19 09:21:59 | INFO | Episode  533 - Reward: -200.000, Length: 200, Loss: 16.9919, Entropy: 1.0784, Epsilon: 0.472
2026-04-19 09:21:59 | INFO | Episode  534 - Reward: -200.000, Length: 200, Loss: 19.7549, Entropy: 1.0863, Epsilon: 0.471
2026-04-19 09:21:59 | INFO | Episode  535 - Reward: -200.000, Length: 200, Loss: 7.0839, Entropy: 1.0917, Epsilon: 0.470
2026-04-19 09:21:59 | INFO | Episode  536 - Reward: -200.000, Length: 200, Loss: 17.1275, Entropy: 1.0745, Epsilon: 0.469
2026-04-19 09:22:00 | INFO | Episode  537 - Reward: -200.000, Length: 200, Loss: 12.4008, Entropy: 1.0898, Epsilon: 0.468
2026-04-19 09:22:00 | INFO | Episode  538 - Reward: -200.000, Length: 200, Loss: -0.1894, Entropy: 1.0984, Epsilon: 0.467
2026-04-19 09:22:00 | INFO | Episode  539 - Reward: -200.000, Length: 200, Loss: 20.3651, Entropy: 1.0833, Epsilon: 0.466
2026-04-19 09:22:00 | INFO | Episode  540 - Reward: -200.000, Length: 200, Loss: 5.1059, Entropy: 1.0915, Epsilon: 0.465
2026-04-19 09:22:01 | INFO | Episode  541 - Reward: -200.000, Length: 200, Loss: 19.0675, Entropy: 1.0848, Epsilon: 0.464
2026-04-19 09:22:01 | INFO | Episode  542 - Reward: -200.000, Length: 200, Loss: 15.6671, Entropy: 1.0700, Epsilon: 0.463
2026-04-19 09:22:01 | INFO | Episode  543 - Reward: -200.000, Length: 200, Loss: 13.3288, Entropy: 1.0776, Epsilon: 0.462
2026-04-19 09:22:02 | INFO | Episode  544 - Reward: -200.000, Length: 200, Loss: 7.7273, Entropy: 1.0423, Epsilon: 0.461
2026-04-19 09:22:02 | INFO | Episode  545 - Reward: -200.000, Length: 200, Loss: 10.5698, Entropy: 1.0943, Epsilon: 0.460
2026-04-19 09:22:02 | INFO | Episode  546 - Reward: -200.000, Length: 200, Loss: 7.2067, Entropy: 1.0939, Epsilon: 0.459
2026-04-19 09:22:02 | INFO | Episode  547 - Reward: -200.000, Length: 200, Loss: 5.2045, Entropy: 1.0947, Epsilon: 0.458
2026-04-19 09:22:03 | INFO | Episode  548 - Reward: -200.000, Length: 200, Loss: 20.1205, Entropy: 1.0872, Epsilon: 0.457
2026-04-19 09:22:03 | INFO | Episode  549 - Reward: -200.000, Length: 200, Loss: 15.9445, Entropy: 1.0867, Epsilon: 0.456
2026-04-19 09:22:03 | INFO | Episode  550 - Reward: -200.000, Length: 200, Loss: 17.4746, Entropy: 1.0753, Epsilon: 0.456
2026-04-19 09:22:04 | INFO | Episode  551 - Reward: -200.000, Length: 200, Loss: 21.1072, Entropy: 1.0899, Epsilon: 0.455
2026-04-19 09:22:04 | INFO | Episode  552 - Reward: -200.000, Length: 200, Loss: 26.8048, Entropy: 1.0618, Epsilon: 0.454
2026-04-19 09:22:04 | INFO | Episode  553 - Reward: -200.000, Length: 200, Loss: 9.7421, Entropy: 1.0832, Epsilon: 0.453
2026-04-19 09:22:04 | INFO | Episode  554 - Reward: -200.000, Length: 200, Loss: 10.6027, Entropy: 1.0847, Epsilon: 0.452
2026-04-19 09:22:05 | INFO | Episode  555 - Reward: -200.000, Length: 200, Loss: 12.5362, Entropy: 1.0869, Epsilon: 0.451
2026-04-19 09:22:05 | INFO | Episode  556 - Reward: -200.000, Length: 200, Loss: 19.3910, Entropy: 1.0724, Epsilon: 0.450
2026-04-19 09:22:05 | INFO | Episode  557 - Reward: -200.000, Length: 200, Loss: 13.5386, Entropy: 1.0768, Epsilon: 0.449
2026-04-19 09:22:06 | INFO | Episode  558 - Reward: -200.000, Length: 200, Loss: 2.2269, Entropy: 1.0954, Epsilon: 0.448
2026-04-19 09:22:06 | INFO | Episode  559 - Reward: -200.000, Length: 200, Loss: 13.5206, Entropy: 1.0870, Epsilon: 0.447
2026-04-19 09:22:06 | INFO | Episode  560 - Reward: -200.000, Length: 200, Loss: 13.7344, Entropy: 1.0803, Epsilon: 0.446
2026-04-19 09:22:06 | INFO | Episode  561 - Reward: -200.000, Length: 200, Loss: 27.7809, Entropy: 1.0638, Epsilon: 0.445
2026-04-19 09:22:07 | INFO | Episode  562 - Reward: -200.000, Length: 200, Loss: 10.7072, Entropy: 1.0905, Epsilon: 0.444
2026-04-19 09:22:07 | INFO | Episode  563 - Reward: -200.000, Length: 200, Loss: 4.9648, Entropy: 1.0891, Epsilon: 0.443
2026-04-19 09:22:07 | INFO | Episode  564 - Reward: -200.000, Length: 200, Loss: 16.3872, Entropy: 1.0852, Epsilon: 0.442
2026-04-19 09:22:08 | INFO | Episode  565 - Reward: -200.000, Length: 200, Loss: 18.7288, Entropy: 1.0665, Epsilon: 0.441
2026-04-19 09:22:08 | INFO | Episode  566 - Reward: -200.000, Length: 200, Loss: 5.5135, Entropy: 1.0854, Epsilon: 0.440
2026-04-19 09:22:08 | INFO | Episode  567 - Reward: -200.000, Length: 200, Loss: 11.7983, Entropy: 1.0790, Epsilon: 0.439
2026-04-19 09:22:08 | INFO | Episode  568 - Reward: -200.000, Length: 200, Loss: 2.8185, Entropy: 1.0947, Epsilon: 0.438
2026-04-19 09:22:09 | INFO | Episode  569 - Reward: -200.000, Length: 200, Loss: 10.4284, Entropy: 1.0930, Epsilon: 0.437
2026-04-19 09:22:09 | INFO | Episode  570 - Reward: -200.000, Length: 200, Loss: 17.1274, Entropy: 1.0876, Epsilon: 0.436
2026-04-19 09:22:09 | INFO | Episode  571 - Reward: -200.000, Length: 200, Loss: 21.6927, Entropy: 1.0773, Epsilon: 0.435
2026-04-19 09:22:09 | INFO | Episode  572 - Reward: -200.000, Length: 200, Loss: 21.4341, Entropy: 1.0806, Epsilon: 0.434
2026-04-19 09:22:10 | INFO | Episode  573 - Reward: -200.000, Length: 200, Loss: 8.3383, Entropy: 1.0659, Epsilon: 0.433
2026-04-19 09:22:10 | INFO | Episode  574 - Reward: -200.000, Length: 200, Loss: 28.5843, Entropy: 1.0610, Epsilon: 0.432
2026-04-19 09:22:10 | INFO | Episode  575 - Reward: -200.000, Length: 200, Loss: 8.2849, Entropy: 1.0917, Epsilon: 0.431
2026-04-19 09:22:11 | INFO | Episode  576 - Reward: -200.000, Length: 200, Loss: 14.5031, Entropy: 1.0792, Epsilon: 0.430
2026-04-19 09:22:11 | INFO | Episode  577 - Reward: -200.000, Length: 200, Loss: 9.3666, Entropy: 1.0842, Epsilon: 0.429
2026-04-19 09:22:11 | INFO | Episode  578 - Reward: -200.000, Length: 200, Loss: 13.8973, Entropy: 1.0843, Epsilon: 0.428
2026-04-19 09:22:12 | INFO | Episode  579 - Reward: -200.000, Length: 200, Loss: 5.7372, Entropy: 1.0967, Epsilon: 0.427
2026-04-19 09:22:12 | INFO | Episode  580 - Reward: -200.000, Length: 200, Loss: 15.9116, Entropy: 1.0759, Epsilon: 0.426
2026-04-19 09:22:12 | INFO | Episode  581 - Reward: -200.000, Length: 200, Loss: 8.8987, Entropy: 1.0912, Epsilon: 0.425
2026-04-19 09:22:12 | INFO | Episode  582 - Reward: -200.000, Length: 200, Loss: 24.7592, Entropy: 1.0893, Epsilon: 0.424
2026-04-19 09:22:13 | INFO | Episode  583 - Reward: -200.000, Length: 200, Loss: 9.2203, Entropy: 1.0849, Epsilon: 0.423
2026-04-19 09:22:13 | INFO | Episode  584 - Reward: -200.000, Length: 200, Loss: 24.9199, Entropy: 1.0755, Epsilon: 0.422
2026-04-19 09:22:13 | INFO | Episode  585 - Reward: -200.000, Length: 200, Loss: 6.3947, Entropy: 1.0881, Epsilon: 0.421
2026-04-19 09:22:14 | INFO | Episode  586 - Reward: -200.000, Length: 200, Loss: 12.2098, Entropy: 1.0649, Epsilon: 0.420
2026-04-19 09:22:14 | INFO | Episode  587 - Reward: -200.000, Length: 200, Loss: 6.8107, Entropy: 1.0932, Epsilon: 0.419
2026-04-19 09:22:14 | INFO | Episode  588 - Reward: -200.000, Length: 200, Loss: 10.2949, Entropy: 1.0829, Epsilon: 0.418
2026-04-19 09:22:14 | INFO | Episode  589 - Reward: -200.000, Length: 200, Loss: 6.1516, Entropy: 1.0876, Epsilon: 0.417
2026-04-19 09:22:15 | INFO | Episode  590 - Reward: -200.000, Length: 200, Loss: 15.4756, Entropy: 1.0683, Epsilon: 0.416
2026-04-19 09:22:15 | INFO | Episode  591 - Reward: -200.000, Length: 200, Loss: 15.0482, Entropy: 1.0760, Epsilon: 0.415
2026-04-19 09:22:15 | INFO | Episode  592 - Reward: -200.000, Length: 200, Loss: 9.2510, Entropy: 1.0892, Epsilon: 0.414
2026-04-19 09:22:16 | INFO | Episode  593 - Reward: -200.000, Length: 200, Loss: 30.6499, Entropy: 1.0049, Epsilon: 0.413
2026-04-19 09:22:16 | INFO | Episode  594 - Reward: -200.000, Length: 200, Loss: 12.1836, Entropy: 1.0658, Epsilon: 0.412
2026-04-19 09:22:16 | INFO | Episode  595 - Reward: -200.000, Length: 200, Loss: 16.6478, Entropy: 1.0730, Epsilon: 0.411
2026-04-19 09:22:17 | INFO | Episode  596 - Reward: -200.000, Length: 200, Loss: 11.7697, Entropy: 1.0798, Epsilon: 0.410
2026-04-19 09:22:17 | INFO | Episode  597 - Reward: -200.000, Length: 200, Loss: 8.4907, Entropy: 1.0881, Epsilon: 0.409
2026-04-19 09:22:17 | INFO | Episode  598 - Reward: -200.000, Length: 200, Loss: 19.2632, Entropy: 1.0685, Epsilon: 0.408
2026-04-19 09:22:17 | INFO | Episode  599 - Reward: -200.000, Length: 200, Loss: 15.9726, Entropy: 1.0756, Epsilon: 0.407
2026-04-19 09:22:18 | INFO | Episode  600 - Reward: -200.000, Length: 200, Loss: 8.1391, Entropy: 1.0922, Epsilon: 0.406
2026-04-19 09:22:23 | INFO | [Episode  600] eps=0.406  avg_reward=-200.000  avg_length=200.00  avg_loss= 13.4826  avg_entropy=1.0922  eval_success=0.000
2026-04-19 09:22:23 | INFO | Episode  601 - Reward: -200.000, Length: 200, Loss: 19.2043, Entropy: 1.0796, Epsilon: 0.405
2026-04-19 09:22:23 | INFO | Episode  602 - Reward: -200.000, Length: 200, Loss: 6.6687, Entropy: 1.0895, Epsilon: 0.404
2026-04-19 09:22:24 | INFO | Episode  603 - Reward: -200.000, Length: 200, Loss: 3.1278, Entropy: 1.0907, Epsilon: 0.403
2026-04-19 09:22:24 | INFO | Episode  604 - Reward: -200.000, Length: 200, Loss: 5.3895, Entropy: 1.0925, Epsilon: 0.402
2026-04-19 09:22:24 | INFO | Episode  605 - Reward: -200.000, Length: 200, Loss: 5.7005, Entropy: 1.0906, Epsilon: 0.401
2026-04-19 09:22:24 | INFO | Episode  606 - Reward: -200.000, Length: 200, Loss: 21.4061, Entropy: 1.0425, Epsilon: 0.400
2026-04-19 09:22:25 | INFO | Episode  607 - Reward: -200.000, Length: 200, Loss: 14.7514, Entropy: 1.0860, Epsilon: 0.399
2026-04-19 09:22:25 | INFO | Episode  608 - Reward: -200.000, Length: 200, Loss: 22.9250, Entropy: 1.0198, Epsilon: 0.398
2026-04-19 09:22:25 | INFO | Episode  609 - Reward: -200.000, Length: 200, Loss: 11.8043, Entropy: 1.0462, Epsilon: 0.397
2026-04-19 09:22:26 | INFO | Episode  610 - Reward: -200.000, Length: 200, Loss: 29.7393, Entropy: 1.0477, Epsilon: 0.396
2026-04-19 09:22:26 | INFO | Episode  611 - Reward: -200.000, Length: 200, Loss: 11.4514, Entropy: 1.0774, Epsilon: 0.395
2026-04-19 09:22:27 | INFO | Episode  612 - Reward: -200.000, Length: 200, Loss: 15.5678, Entropy: 1.0877, Epsilon: 0.394
2026-04-19 09:22:27 | INFO | Episode  613 - Reward: -200.000, Length: 200, Loss: 15.3200, Entropy: 1.0853, Epsilon: 0.393
2026-04-19 09:22:27 | INFO | Episode  614 - Reward: -200.000, Length: 200, Loss: 20.2505, Entropy: 1.0763, Epsilon: 0.392
2026-04-19 09:22:27 | INFO | Episode  615 - Reward: -200.000, Length: 200, Loss: 32.5193, Entropy: 1.0567, Epsilon: 0.391
2026-04-19 09:22:28 | INFO | Episode  616 - Reward: -200.000, Length: 200, Loss: 23.3385, Entropy: 1.0889, Epsilon: 0.390
2026-04-19 09:22:28 | INFO | Episode  617 - Reward: -200.000, Length: 200, Loss: 19.6430, Entropy: 1.0565, Epsilon: 0.389
2026-04-19 09:22:28 | INFO | Episode  618 - Reward: -200.000, Length: 200, Loss: 9.4251, Entropy: 1.0900, Epsilon: 0.388
2026-04-19 09:22:29 | INFO | Episode  619 - Reward: -200.000, Length: 200, Loss: 8.3731, Entropy: 1.0874, Epsilon: 0.387
2026-04-19 09:22:29 | INFO | Episode  620 - Reward: -200.000, Length: 200, Loss: 21.0930, Entropy: 1.0694, Epsilon: 0.386
2026-04-19 09:22:29 | INFO | Episode  621 - Reward: -200.000, Length: 200, Loss: 5.3115, Entropy: 1.0961, Epsilon: 0.385
2026-04-19 09:22:29 | INFO | Episode  622 - Reward: -200.000, Length: 200, Loss: 16.0524, Entropy: 1.0850, Epsilon: 0.384
2026-04-19 09:22:30 | INFO | Episode  623 - Reward: -200.000, Length: 200, Loss: 4.9798, Entropy: 1.0796, Epsilon: 0.383
2026-04-19 09:22:30 | INFO | Episode  624 - Reward: -200.000, Length: 200, Loss: 5.1517, Entropy: 1.0922, Epsilon: 0.382
2026-04-19 09:22:30 | INFO | Episode  625 - Reward: -200.000, Length: 200, Loss: 16.8656, Entropy: 1.0667, Epsilon: 0.381
2026-04-19 09:22:31 | INFO | Episode  626 - Reward: -200.000, Length: 200, Loss: 11.5119, Entropy: 1.0739, Epsilon: 0.380
2026-04-19 09:22:31 | INFO | Episode  627 - Reward: -200.000, Length: 200, Loss: 12.3565, Entropy: 1.0596, Epsilon: 0.379
2026-04-19 09:22:31 | INFO | Episode  628 - Reward: -200.000, Length: 200, Loss: 33.6008, Entropy: 1.0721, Epsilon: 0.378
2026-04-19 09:22:31 | INFO | Episode  629 - Reward: -200.000, Length: 200, Loss: 11.8657, Entropy: 1.0913, Epsilon: 0.377
2026-04-19 09:22:32 | INFO | Episode  630 - Reward: -200.000, Length: 200, Loss: 10.6867, Entropy: 1.0862, Epsilon: 0.376
2026-04-19 09:22:32 | INFO | Episode  631 - Reward: -200.000, Length: 200, Loss: 4.9004, Entropy: 1.0948, Epsilon: 0.375
2026-04-19 09:22:32 | INFO | Episode  632 - Reward: -200.000, Length: 200, Loss: 2.6267, Entropy: 1.0953, Epsilon: 0.374
2026-04-19 09:22:33 | INFO | Episode  633 - Reward: -200.000, Length: 200, Loss: 16.3441, Entropy: 1.0869, Epsilon: 0.373
2026-04-19 09:22:33 | INFO | Episode  634 - Reward: -200.000, Length: 200, Loss: 21.1900, Entropy: 1.0873, Epsilon: 0.372
2026-04-19 09:22:33 | INFO | Episode  635 - Reward: -200.000, Length: 200, Loss: 27.5315, Entropy: 1.0826, Epsilon: 0.371
2026-04-19 09:22:33 | INFO | Episode  636 - Reward: -200.000, Length: 200, Loss: 20.0850, Entropy: 1.0866, Epsilon: 0.370
2026-04-19 09:22:34 | INFO | Episode  637 - Reward: -200.000, Length: 200, Loss: 7.9762, Entropy: 1.0918, Epsilon: 0.369
2026-04-19 09:22:34 | INFO | Episode  638 - Reward: -200.000, Length: 200, Loss: 16.1184, Entropy: 1.0847, Epsilon: 0.368
2026-04-19 09:22:34 | INFO | Episode  639 - Reward: -200.000, Length: 200, Loss: 13.0298, Entropy: 1.0926, Epsilon: 0.367
2026-04-19 09:22:35 | INFO | Episode  640 - Reward: -200.000, Length: 200, Loss: 10.5400, Entropy: 1.0911, Epsilon: 0.366
2026-04-19 09:22:35 | INFO | Episode  641 - Reward: -200.000, Length: 200, Loss: 11.9693, Entropy: 1.0899, Epsilon: 0.365
2026-04-19 09:22:35 | INFO | Episode  642 - Reward: -200.000, Length: 200, Loss: 22.8002, Entropy: 1.0761, Epsilon: 0.364
2026-04-19 09:22:35 | INFO | Episode  643 - Reward: -200.000, Length: 200, Loss: 17.3659, Entropy: 1.0774, Epsilon: 0.363
2026-04-19 09:22:36 | INFO | Episode  644 - Reward: -200.000, Length: 200, Loss: 14.1912, Entropy: 1.0819, Epsilon: 0.362
2026-04-19 09:22:36 | INFO | Episode  645 - Reward: -200.000, Length: 200, Loss: 13.9031, Entropy: 1.0869, Epsilon: 0.361
2026-04-19 09:22:36 | INFO | Episode  646 - Reward: -200.000, Length: 200, Loss: 10.8166, Entropy: 1.0901, Epsilon: 0.360
2026-04-19 09:22:37 | INFO | Episode  647 - Reward: -200.000, Length: 200, Loss: 8.4410, Entropy: 1.0733, Epsilon: 0.359
2026-04-19 09:22:37 | INFO | Episode  648 - Reward: -200.000, Length: 200, Loss: 9.0931, Entropy: 1.0877, Epsilon: 0.358
2026-04-19 09:22:37 | INFO | Episode  649 - Reward: -200.000, Length: 200, Loss: 16.9652, Entropy: 1.0908, Epsilon: 0.357
2026-04-19 09:22:37 | INFO | Episode  650 - Reward: -200.000, Length: 200, Loss: 13.5469, Entropy: 1.0871, Epsilon: 0.357
2026-04-19 09:22:38 | INFO | Episode  651 - Reward: -200.000, Length: 200, Loss: 13.4561, Entropy: 1.0897, Epsilon: 0.356
2026-04-19 09:22:38 | INFO | Episode  652 - Reward: -200.000, Length: 200, Loss: 9.1042, Entropy: 1.0893, Epsilon: 0.355
2026-04-19 09:22:38 | INFO | Episode  653 - Reward: -200.000, Length: 200, Loss: 17.6218, Entropy: 1.0622, Epsilon: 0.354
2026-04-19 09:22:39 | INFO | Episode  654 - Reward: -200.000, Length: 200, Loss: 28.0714, Entropy: 1.0814, Epsilon: 0.353
2026-04-19 09:22:39 | INFO | Episode  655 - Reward: -200.000, Length: 200, Loss: 16.5208, Entropy: 1.0869, Epsilon: 0.352
2026-04-19 09:22:39 | INFO | Episode  656 - Reward: -200.000, Length: 200, Loss: 19.9955, Entropy: 1.0666, Epsilon: 0.351
2026-04-19 09:22:39 | INFO | Episode  657 - Reward: -200.000, Length: 200, Loss: 14.2263, Entropy: 1.0838, Epsilon: 0.350
2026-04-19 09:22:40 | INFO | Episode  658 - Reward: -200.000, Length: 200, Loss: 16.0743, Entropy: 1.0827, Epsilon: 0.349
2026-04-19 09:22:40 | INFO | Episode  659 - Reward: -200.000, Length: 200, Loss: 7.4712, Entropy: 1.0831, Epsilon: 0.348
2026-04-19 09:22:40 | INFO | Episode  660 - Reward: -200.000, Length: 200, Loss: 13.2305, Entropy: 1.0868, Epsilon: 0.347
2026-04-19 09:22:41 | INFO | Episode  661 - Reward: -200.000, Length: 200, Loss: 26.0737, Entropy: 1.0809, Epsilon: 0.346
2026-04-19 09:22:41 | INFO | Episode  662 - Reward: -200.000, Length: 200, Loss: 8.4158, Entropy: 1.0896, Epsilon: 0.345
2026-04-19 09:22:41 | INFO | Episode  663 - Reward: -200.000, Length: 200, Loss: 8.2700, Entropy: 1.0923, Epsilon: 0.344
2026-04-19 09:22:42 | INFO | Episode  664 - Reward: -200.000, Length: 200, Loss: 13.6153, Entropy: 1.0841, Epsilon: 0.343
2026-04-19 09:22:42 | INFO | Episode  665 - Reward: -200.000, Length: 200, Loss: 10.6570, Entropy: 1.0876, Epsilon: 0.342
2026-04-19 09:22:42 | INFO | Episode  666 - Reward: -200.000, Length: 200, Loss: 8.1912, Entropy: 1.0755, Epsilon: 0.341
2026-04-19 09:22:42 | INFO | Episode  667 - Reward: -200.000, Length: 200, Loss: 14.1455, Entropy: 1.0860, Epsilon: 0.340
2026-04-19 09:22:43 | INFO | Episode  668 - Reward: -200.000, Length: 200, Loss: 5.9804, Entropy: 1.0903, Epsilon: 0.339
2026-04-19 09:22:43 | INFO | Episode  669 - Reward: -200.000, Length: 200, Loss: 9.1423, Entropy: 1.0869, Epsilon: 0.338
2026-04-19 09:22:43 | INFO | Episode  670 - Reward: -200.000, Length: 200, Loss: 16.2529, Entropy: 1.0830, Epsilon: 0.337
2026-04-19 09:22:44 | INFO | Episode  671 - Reward: -200.000, Length: 200, Loss: 14.6380, Entropy: 1.0854, Epsilon: 0.336
2026-04-19 09:22:44 | INFO | Episode  672 - Reward: -200.000, Length: 200, Loss: 8.5495, Entropy: 1.0745, Epsilon: 0.335
2026-04-19 09:22:44 | INFO | Episode  673 - Reward: -200.000, Length: 200, Loss: 11.1753, Entropy: 1.0846, Epsilon: 0.334
2026-04-19 09:22:45 | INFO | Episode  674 - Reward: -200.000, Length: 200, Loss: 17.1623, Entropy: 1.0629, Epsilon: 0.333
2026-04-19 09:22:45 | INFO | Episode  675 - Reward: -200.000, Length: 200, Loss: 12.7470, Entropy: 1.0626, Epsilon: 0.332
2026-04-19 09:22:45 | INFO | Episode  676 - Reward: -200.000, Length: 200, Loss: 6.2378, Entropy: 1.0929, Epsilon: 0.331
2026-04-19 09:22:45 | INFO | Episode  677 - Reward: -200.000, Length: 200, Loss: 17.9215, Entropy: 1.0874, Epsilon: 0.330
2026-04-19 09:22:46 | INFO | Episode  678 - Reward: -200.000, Length: 200, Loss: 15.9306, Entropy: 1.0537, Epsilon: 0.329
2026-04-19 09:22:46 | INFO | Episode  679 - Reward: -200.000, Length: 200, Loss: 18.3479, Entropy: 1.0893, Epsilon: 0.328
2026-04-19 09:22:46 | INFO | Episode  680 - Reward: -200.000, Length: 200, Loss: 19.2665, Entropy: 1.0841, Epsilon: 0.327
2026-04-19 09:22:47 | INFO | Episode  681 - Reward: -200.000, Length: 200, Loss: 14.2278, Entropy: 1.0731, Epsilon: 0.326
2026-04-19 09:22:47 | INFO | Episode  682 - Reward: -200.000, Length: 200, Loss: 14.1364, Entropy: 1.0799, Epsilon: 0.325
2026-04-19 09:22:47 | INFO | Episode  683 - Reward: -200.000, Length: 200, Loss: 14.7979, Entropy: 1.0815, Epsilon: 0.324
2026-04-19 09:22:48 | INFO | Episode  684 - Reward: -200.000, Length: 200, Loss: 8.3263, Entropy: 1.0776, Epsilon: 0.323
2026-04-19 09:22:48 | INFO | Episode  685 - Reward: -200.000, Length: 200, Loss: 8.6843, Entropy: 1.0920, Epsilon: 0.322
2026-04-19 09:22:48 | INFO | Episode  686 - Reward: -200.000, Length: 200, Loss: 19.0483, Entropy: 1.0815, Epsilon: 0.321
2026-04-19 09:22:48 | INFO | Episode  687 - Reward: -200.000, Length: 200, Loss: 17.0167, Entropy: 1.0737, Epsilon: 0.320
2026-04-19 09:22:49 | INFO | Episode  688 - Reward: -200.000, Length: 200, Loss: 18.7805, Entropy: 1.0730, Epsilon: 0.319
2026-04-19 09:22:49 | INFO | Episode  689 - Reward: -200.000, Length: 200, Loss: 14.2562, Entropy: 1.0881, Epsilon: 0.318
2026-04-19 09:22:49 | INFO | Episode  690 - Reward: -200.000, Length: 200, Loss: 17.6734, Entropy: 1.0841, Epsilon: 0.317
2026-04-19 09:22:50 | INFO | Episode  691 - Reward: -200.000, Length: 200, Loss: 13.6460, Entropy: 1.0634, Epsilon: 0.316
2026-04-19 09:22:50 | INFO | Episode  692 - Reward: -200.000, Length: 200, Loss: 2.3024, Entropy: 1.0967, Epsilon: 0.315
2026-04-19 09:22:50 | INFO | Episode  693 - Reward: -200.000, Length: 200, Loss: 14.5703, Entropy: 1.0846, Epsilon: 0.314
2026-04-19 09:22:51 | INFO | Episode  694 - Reward: -200.000, Length: 200, Loss: 15.5679, Entropy: 1.0794, Epsilon: 0.313
2026-04-19 09:22:51 | INFO | Episode  695 - Reward: -200.000, Length: 200, Loss: 12.3997, Entropy: 1.0733, Epsilon: 0.312
2026-04-19 09:22:51 | INFO | Episode  696 - Reward: -200.000, Length: 200, Loss: 12.9101, Entropy: 1.0879, Epsilon: 0.311
2026-04-19 09:22:51 | INFO | Episode  697 - Reward: -200.000, Length: 200, Loss: 13.4871, Entropy: 1.0855, Epsilon: 0.310
2026-04-19 09:22:52 | INFO | Episode  698 - Reward: -200.000, Length: 200, Loss: 8.7096, Entropy: 1.0923, Epsilon: 0.309
2026-04-19 09:22:52 | INFO | Episode  699 - Reward: -200.000, Length: 200, Loss: 17.0546, Entropy: 1.0784, Epsilon: 0.308
2026-04-19 09:22:52 | INFO | Episode  700 - Reward: -200.000, Length: 200, Loss: 10.2411, Entropy: 1.0818, Epsilon: 0.307
2026-04-19 09:22:57 | INFO | [Episode  700] eps=0.307  avg_reward=-200.000  avg_length=200.00  avg_loss= 14.1184  avg_entropy=1.0818  eval_success=0.000
2026-04-19 09:22:57 | INFO | Episode  701 - Reward: -200.000, Length: 200, Loss: 10.5518, Entropy: 1.0897, Epsilon: 0.306
2026-04-19 09:22:58 | INFO | Episode  702 - Reward: -200.000, Length: 200, Loss: 26.7364, Entropy: 1.0664, Epsilon: 0.305
2026-04-19 09:22:58 | INFO | Episode  703 - Reward: -200.000, Length: 200, Loss: 13.5155, Entropy: 1.0866, Epsilon: 0.304
2026-04-19 09:22:58 | INFO | Episode  704 - Reward: -200.000, Length: 200, Loss: 13.0793, Entropy: 1.0911, Epsilon: 0.303
2026-04-19 09:22:59 | INFO | Episode  705 - Reward: -200.000, Length: 200, Loss: 7.8100, Entropy: 1.0878, Epsilon: 0.302
2026-04-19 09:22:59 | INFO | Episode  706 - Reward: -200.000, Length: 200, Loss: 15.4362, Entropy: 1.0516, Epsilon: 0.301
2026-04-19 09:22:59 | INFO | Episode  707 - Reward: -200.000, Length: 200, Loss: 13.1791, Entropy: 1.0760, Epsilon: 0.300
2026-04-19 09:23:00 | INFO | Episode  708 - Reward: -200.000, Length: 200, Loss: 12.3685, Entropy: 1.0768, Epsilon: 0.299
2026-04-19 09:23:00 | INFO | Episode  709 - Reward: -200.000, Length: 200, Loss: 17.9483, Entropy: 1.0779, Epsilon: 0.298
2026-04-19 09:23:00 | INFO | Episode  710 - Reward: -200.000, Length: 200, Loss: 8.2596, Entropy: 1.0926, Epsilon: 0.297
2026-04-19 09:23:00 | INFO | Episode  711 - Reward: -200.000, Length: 200, Loss: 19.0393, Entropy: 1.0899, Epsilon: 0.296
2026-04-19 09:23:01 | INFO | Episode  712 - Reward: -200.000, Length: 200, Loss: 10.2641, Entropy: 1.0808, Epsilon: 0.295
2026-04-19 09:23:01 | INFO | Episode  713 - Reward: -200.000, Length: 200, Loss: 18.3099, Entropy: 1.0749, Epsilon: 0.294
2026-04-19 09:23:01 | INFO | Episode  714 - Reward: -200.000, Length: 200, Loss: 31.1175, Entropy: 1.0536, Epsilon: 0.293
2026-04-19 09:23:02 | INFO | Episode  715 - Reward: -200.000, Length: 200, Loss: 16.8758, Entropy: 1.0680, Epsilon: 0.292
2026-04-19 09:23:02 | INFO | Episode  716 - Reward: -200.000, Length: 200, Loss: 18.4806, Entropy: 1.0859, Epsilon: 0.291
2026-04-19 09:23:02 | INFO | Episode  717 - Reward: -200.000, Length: 200, Loss: 7.7707, Entropy: 1.0923, Epsilon: 0.290
2026-04-19 09:23:02 | INFO | Episode  718 - Reward: -200.000, Length: 200, Loss: 11.2679, Entropy: 1.0909, Epsilon: 0.289
2026-04-19 09:23:03 | INFO | Episode  719 - Reward: -200.000, Length: 200, Loss: 15.5307, Entropy: 1.0742, Epsilon: 0.288
2026-04-19 09:23:03 | INFO | Episode  720 - Reward: -200.000, Length: 200, Loss: 16.7525, Entropy: 1.0628, Epsilon: 0.287
2026-04-19 09:23:03 | INFO | Episode  721 - Reward: -200.000, Length: 200, Loss: 18.5625, Entropy: 1.0249, Epsilon: 0.286
2026-04-19 09:23:04 | INFO | Episode  722 - Reward: -200.000, Length: 200, Loss: 23.0867, Entropy: 1.0272, Epsilon: 0.285
2026-04-19 09:23:04 | INFO | Episode  723 - Reward: -200.000, Length: 200, Loss: 7.2099, Entropy: 1.0924, Epsilon: 0.284
2026-04-19 09:23:04 | INFO | Episode  724 - Reward: -200.000, Length: 200, Loss: 7.7134, Entropy: 1.0906, Epsilon: 0.283
2026-04-19 09:23:05 | INFO | Episode  725 - Reward: -200.000, Length: 200, Loss: 7.4726, Entropy: 1.0932, Epsilon: 0.282
2026-04-19 09:23:05 | INFO | Episode  726 - Reward: -200.000, Length: 200, Loss: 11.8736, Entropy: 1.0586, Epsilon: 0.281
2026-04-19 09:23:05 | INFO | Episode  727 - Reward: -200.000, Length: 200, Loss: 7.8836, Entropy: 1.0897, Epsilon: 0.280
2026-04-19 09:23:05 | INFO | Episode  728 - Reward: -200.000, Length: 200, Loss: 15.9991, Entropy: 1.0848, Epsilon: 0.279
2026-04-19 09:23:06 | INFO | Episode  729 - Reward: -200.000, Length: 200, Loss: 2.8894, Entropy: 1.0927, Epsilon: 0.278
2026-04-19 09:23:06 | INFO | Episode  730 - Reward: -200.000, Length: 200, Loss: 13.3921, Entropy: 1.0868, Epsilon: 0.277
2026-04-19 09:23:06 | INFO | Episode  731 - Reward: -200.000, Length: 200, Loss: 13.6566, Entropy: 1.0902, Epsilon: 0.276
2026-04-19 09:23:07 | INFO | Episode  732 - Reward: -200.000, Length: 200, Loss: 17.6925, Entropy: 1.0905, Epsilon: 0.275
2026-04-19 09:23:07 | INFO | Episode  733 - Reward: -200.000, Length: 200, Loss: 11.5565, Entropy: 1.0904, Epsilon: 0.274
2026-04-19 09:23:07 | INFO | Episode  734 - Reward: -200.000, Length: 200, Loss: 25.7535, Entropy: 1.0834, Epsilon: 0.273
2026-04-19 09:23:07 | INFO | Episode  735 - Reward: -200.000, Length: 200, Loss: 17.9172, Entropy: 1.0561, Epsilon: 0.272
2026-04-19 09:23:08 | INFO | Episode  736 - Reward: -200.000, Length: 200, Loss: 9.2392, Entropy: 1.0874, Epsilon: 0.271
2026-04-19 09:23:09 | INFO | Episode  737 - Reward: -200.000, Length: 200, Loss: 11.0015, Entropy: 1.0873, Epsilon: 0.270
2026-04-19 09:23:09 | INFO | Episode  738 - Reward: -200.000, Length: 200, Loss: 6.9195, Entropy: 1.0929, Epsilon: 0.269
2026-04-19 09:23:09 | INFO | Episode  739 - Reward: -200.000, Length: 200, Loss: 24.0233, Entropy: 1.0617, Epsilon: 0.268
2026-04-19 09:23:09 | INFO | Episode  740 - Reward: -200.000, Length: 200, Loss: 11.3759, Entropy: 1.0819, Epsilon: 0.267
2026-04-19 09:23:10 | INFO | Episode  741 - Reward: -200.000, Length: 200, Loss: 19.5262, Entropy: 1.0783, Epsilon: 0.266
2026-04-19 09:23:10 | INFO | Episode  742 - Reward: -200.000, Length: 200, Loss: 16.2207, Entropy: 1.0733, Epsilon: 0.265
2026-04-19 09:23:10 | INFO | Episode  743 - Reward: -200.000, Length: 200, Loss: 17.1709, Entropy: 1.0838, Epsilon: 0.264
2026-04-19 09:23:11 | INFO | Episode  744 - Reward: -200.000, Length: 200, Loss: 23.3315, Entropy: 1.0601, Epsilon: 0.263
2026-04-19 09:23:11 | INFO | Episode  745 - Reward: -200.000, Length: 200, Loss: 8.9743, Entropy: 1.0796, Epsilon: 0.262
2026-04-19 09:23:11 | INFO | Episode  746 - Reward: -200.000, Length: 200, Loss: 23.3518, Entropy: 1.0897, Epsilon: 0.261
2026-04-19 09:23:12 | INFO | Episode  747 - Reward: -200.000, Length: 200, Loss: 10.7799, Entropy: 1.0873, Epsilon: 0.260
2026-04-19 09:23:12 | INFO | Episode  748 - Reward: -200.000, Length: 200, Loss: 16.3895, Entropy: 1.0836, Epsilon: 0.259
2026-04-19 09:23:12 | INFO | Episode  749 - Reward: -200.000, Length: 200, Loss: 8.4819, Entropy: 1.0776, Epsilon: 0.258
2026-04-19 09:23:12 | INFO | Episode  750 - Reward: -200.000, Length: 200, Loss: 7.6678, Entropy: 1.0909, Epsilon: 0.258
2026-04-19 09:23:13 | INFO | Episode  751 - Reward: -200.000, Length: 200, Loss: 8.3265, Entropy: 1.0904, Epsilon: 0.257
2026-04-19 09:23:13 | INFO | Episode  752 - Reward: -200.000, Length: 200, Loss: 13.9488, Entropy: 1.0543, Epsilon: 0.256
2026-04-19 09:23:13 | INFO | Episode  753 - Reward: -200.000, Length: 200, Loss: 8.4946, Entropy: 1.0944, Epsilon: 0.255
2026-04-19 09:23:14 | INFO | Episode  754 - Reward: -200.000, Length: 200, Loss: 11.4527, Entropy: 1.0760, Epsilon: 0.254
2026-04-19 09:23:14 | INFO | Episode  755 - Reward: -200.000, Length: 200, Loss: 9.7716, Entropy: 1.0849, Epsilon: 0.253
2026-04-19 09:23:14 | INFO | Episode  756 - Reward: -200.000, Length: 200, Loss: 5.2348, Entropy: 1.0913, Epsilon: 0.252
2026-04-19 09:23:14 | INFO | Episode  757 - Reward: -200.000, Length: 200, Loss: 10.8005, Entropy: 1.0780, Epsilon: 0.251
2026-04-19 09:23:15 | INFO | Episode  758 - Reward: -200.000, Length: 200, Loss: 5.4357, Entropy: 1.0868, Epsilon: 0.250
2026-04-19 09:23:15 | INFO | Episode  759 - Reward: -200.000, Length: 200, Loss: 27.4597, Entropy: 1.0574, Epsilon: 0.249
2026-04-19 09:23:15 | INFO | Episode  760 - Reward: -200.000, Length: 200, Loss: 7.9160, Entropy: 1.0946, Epsilon: 0.248
2026-04-19 09:23:16 | INFO | Episode  761 - Reward: -200.000, Length: 200, Loss: 13.8986, Entropy: 1.0894, Epsilon: 0.247
2026-04-19 09:23:16 | INFO | Episode  762 - Reward: -200.000, Length: 200, Loss: 17.1001, Entropy: 1.0607, Epsilon: 0.246
2026-04-19 09:23:16 | INFO | Episode  763 - Reward: -200.000, Length: 200, Loss: 12.0377, Entropy: 1.0918, Epsilon: 0.245
2026-04-19 09:23:17 | INFO | Episode  764 - Reward: -200.000, Length: 200, Loss: 12.9645, Entropy: 1.0842, Epsilon: 0.244
2026-04-19 09:23:17 | INFO | Episode  765 - Reward: -200.000, Length: 200, Loss: 20.8390, Entropy: 1.0560, Epsilon: 0.243
2026-04-19 09:23:17 | INFO | Episode  766 - Reward: -200.000, Length: 200, Loss: 5.1271, Entropy: 1.0823, Epsilon: 0.242
2026-04-19 09:23:18 | INFO | Episode  767 - Reward: -200.000, Length: 200, Loss: 17.2459, Entropy: 1.0793, Epsilon: 0.241
2026-04-19 09:23:18 | INFO | Episode  768 - Reward: -200.000, Length: 200, Loss: 5.1342, Entropy: 1.0915, Epsilon: 0.240
2026-04-19 09:23:18 | INFO | Episode  769 - Reward: -200.000, Length: 200, Loss: 12.6661, Entropy: 1.0857, Epsilon: 0.239
2026-04-19 09:23:18 | INFO | Episode  770 - Reward: -200.000, Length: 200, Loss: 9.6750, Entropy: 1.0805, Epsilon: 0.238
2026-04-19 09:23:19 | INFO | Episode  771 - Reward: -200.000, Length: 200, Loss: 5.7239, Entropy: 1.0927, Epsilon: 0.237
2026-04-19 09:23:19 | INFO | Episode  772 - Reward: -200.000, Length: 200, Loss: 21.5342, Entropy: 1.0693, Epsilon: 0.236
2026-04-19 09:23:19 | INFO | Episode  773 - Reward: -200.000, Length: 200, Loss: 18.8836, Entropy: 1.0775, Epsilon: 0.235
2026-04-19 09:23:20 | INFO | Episode  774 - Reward: -200.000, Length: 200, Loss: 11.3740, Entropy: 1.0758, Epsilon: 0.234
2026-04-19 09:23:20 | INFO | Episode  775 - Reward: -200.000, Length: 200, Loss: 30.8867, Entropy: 1.0872, Epsilon: 0.233
2026-04-19 09:23:20 | INFO | Episode  776 - Reward: -200.000, Length: 200, Loss: 7.9582, Entropy: 1.0821, Epsilon: 0.232
2026-04-19 09:23:21 | INFO | Episode  777 - Reward: -200.000, Length: 200, Loss: 2.1292, Entropy: 1.0959, Epsilon: 0.231
2026-04-19 09:23:21 | INFO | Episode  778 - Reward: -200.000, Length: 200, Loss: 10.6718, Entropy: 1.0797, Epsilon: 0.230
2026-04-19 09:23:21 | INFO | Episode  779 - Reward: -200.000, Length: 200, Loss: 23.0880, Entropy: 1.0712, Epsilon: 0.229
2026-04-19 09:23:22 | INFO | Episode  780 - Reward: -200.000, Length: 200, Loss: 11.2048, Entropy: 1.0877, Epsilon: 0.228
2026-04-19 09:23:22 | INFO | Episode  781 - Reward: -200.000, Length: 200, Loss: 19.0660, Entropy: 1.0705, Epsilon: 0.227
2026-04-19 09:23:22 | INFO | Episode  782 - Reward: -200.000, Length: 200, Loss: 22.8490, Entropy: 1.0721, Epsilon: 0.226
2026-04-19 09:23:22 | INFO | Episode  783 - Reward: -200.000, Length: 200, Loss: 2.2057, Entropy: 1.0889, Epsilon: 0.225
2026-04-19 09:23:23 | INFO | Episode  784 - Reward: -200.000, Length: 200, Loss: 11.6986, Entropy: 1.0897, Epsilon: 0.224
2026-04-19 09:23:23 | INFO | Episode  785 - Reward: -200.000, Length: 200, Loss: 10.2745, Entropy: 1.0931, Epsilon: 0.223
2026-04-19 09:23:23 | INFO | Episode  786 - Reward: -200.000, Length: 200, Loss: 16.9358, Entropy: 1.0947, Epsilon: 0.222
2026-04-19 09:23:24 | INFO | Episode  787 - Reward: -200.000, Length: 200, Loss: 17.6512, Entropy: 1.0712, Epsilon: 0.221
2026-04-19 09:23:24 | INFO | Episode  788 - Reward: -200.000, Length: 200, Loss: 20.7271, Entropy: 1.0449, Epsilon: 0.220
2026-04-19 09:23:24 | INFO | Episode  789 - Reward: -200.000, Length: 200, Loss: 21.7199, Entropy: 1.0706, Epsilon: 0.219
2026-04-19 09:23:25 | INFO | Episode  790 - Reward: -200.000, Length: 200, Loss: 16.4717, Entropy: 1.0842, Epsilon: 0.218
2026-04-19 09:23:25 | INFO | Episode  791 - Reward: -200.000, Length: 200, Loss: 18.8724, Entropy: 1.0880, Epsilon: 0.217
2026-04-19 09:23:25 | INFO | Episode  792 - Reward: -200.000, Length: 200, Loss: 10.3682, Entropy: 1.0934, Epsilon: 0.216
2026-04-19 09:23:25 | INFO | Episode  793 - Reward: -200.000, Length: 200, Loss: 23.3604, Entropy: 1.0891, Epsilon: 0.215
2026-04-19 09:23:26 | INFO | Episode  794 - Reward: -200.000, Length: 200, Loss: 13.2767, Entropy: 1.0841, Epsilon: 0.214
2026-04-19 09:23:26 | INFO | Episode  795 - Reward: -200.000, Length: 200, Loss: 4.8140, Entropy: 1.0917, Epsilon: 0.213
2026-04-19 09:23:26 | INFO | Episode  796 - Reward: -200.000, Length: 200, Loss: 13.5237, Entropy: 1.0874, Epsilon: 0.212
2026-04-19 09:23:27 | INFO | Episode  797 - Reward: -200.000, Length: 200, Loss: 8.5290, Entropy: 1.0932, Epsilon: 0.211
2026-04-19 09:23:27 | INFO | Episode  798 - Reward: -200.000, Length: 200, Loss: 11.2929, Entropy: 1.0925, Epsilon: 0.210
2026-04-19 09:23:27 | INFO | Episode  799 - Reward: -200.000, Length: 200, Loss: 16.4378, Entropy: 1.0910, Epsilon: 0.209
2026-04-19 09:23:28 | INFO | Episode  800 - Reward: -200.000, Length: 200, Loss: 5.2830, Entropy: 1.0925, Epsilon: 0.208
2026-04-19 09:23:32 | INFO | [Episode  800] eps=0.208  avg_reward=-200.000  avg_length=200.00  avg_loss= 13.8575  avg_entropy=1.0925  eval_success=0.000
2026-04-19 09:23:33 | INFO | Episode  801 - Reward: -200.000, Length: 200, Loss: 5.8865, Entropy: 1.0922, Epsilon: 0.207
2026-04-19 09:23:33 | INFO | Episode  802 - Reward: -200.000, Length: 200, Loss: 13.5827, Entropy: 1.0922, Epsilon: 0.206
2026-04-19 09:23:33 | INFO | Episode  803 - Reward: -200.000, Length: 200, Loss: 5.2342, Entropy: 1.0942, Epsilon: 0.205
2026-04-19 09:23:34 | INFO | Episode  804 - Reward: -200.000, Length: 200, Loss: 13.0125, Entropy: 1.0913, Epsilon: 0.204
2026-04-19 09:23:34 | INFO | Episode  805 - Reward: -200.000, Length: 200, Loss: 22.4645, Entropy: 1.0769, Epsilon: 0.203
2026-04-19 09:23:34 | INFO | Episode  806 - Reward: -200.000, Length: 200, Loss: 18.6406, Entropy: 1.0774, Epsilon: 0.202
2026-04-19 09:23:34 | INFO | Episode  807 - Reward: -200.000, Length: 200, Loss: 14.2144, Entropy: 1.0793, Epsilon: 0.201
2026-04-19 09:23:35 | INFO | Episode  808 - Reward: -200.000, Length: 200, Loss: 16.5208, Entropy: 1.0778, Epsilon: 0.200
2026-04-19 09:23:35 | INFO | Episode  809 - Reward: -200.000, Length: 200, Loss: 13.5930, Entropy: 1.0660, Epsilon: 0.199
2026-04-19 09:23:35 | INFO | Episode  810 - Reward: -200.000, Length: 200, Loss: 19.0767, Entropy: 1.0789, Epsilon: 0.198
2026-04-19 09:23:36 | INFO | Episode  811 - Reward: -200.000, Length: 200, Loss: 10.8778, Entropy: 1.0778, Epsilon: 0.197
2026-04-19 09:23:36 | INFO | Episode  812 - Reward: -200.000, Length: 200, Loss: 11.1246, Entropy: 1.0608, Epsilon: 0.196
2026-04-19 09:23:36 | INFO | Episode  813 - Reward: -200.000, Length: 200, Loss: 21.9332, Entropy: 1.0429, Epsilon: 0.195
2026-04-19 09:23:37 | INFO | Episode  814 - Reward: -200.000, Length: 200, Loss: 16.8240, Entropy: 1.0664, Epsilon: 0.194
2026-04-19 09:23:37 | INFO | Episode  815 - Reward: -200.000, Length: 200, Loss: 19.2974, Entropy: 1.0775, Epsilon: 0.193
2026-04-19 09:23:37 | INFO | Episode  816 - Reward: -200.000, Length: 200, Loss: 21.6715, Entropy: 1.0800, Epsilon: 0.192
2026-04-19 09:23:37 | INFO | Episode  817 - Reward: -200.000, Length: 200, Loss: 17.5539, Entropy: 1.0875, Epsilon: 0.191
2026-04-19 09:23:38 | INFO | Episode  818 - Reward: -200.000, Length: 200, Loss: 11.2978, Entropy: 1.0906, Epsilon: 0.190
2026-04-19 09:23:38 | INFO | Episode  819 - Reward: -200.000, Length: 200, Loss: 6.0852, Entropy: 1.0920, Epsilon: 0.189
2026-04-19 09:23:38 | INFO | Episode  820 - Reward: -200.000, Length: 200, Loss: 10.5346, Entropy: 1.0882, Epsilon: 0.188
2026-04-19 09:23:39 | INFO | Episode  821 - Reward: -200.000, Length: 200, Loss: 13.6770, Entropy: 1.0687, Epsilon: 0.187
2026-04-19 09:23:39 | INFO | Episode  822 - Reward: -200.000, Length: 200, Loss: 16.2377, Entropy: 1.0737, Epsilon: 0.186
2026-04-19 09:23:39 | INFO | Episode  823 - Reward: -200.000, Length: 200, Loss: 19.4064, Entropy: 1.0738, Epsilon: 0.185
2026-04-19 09:23:40 | INFO | Episode  824 - Reward: -200.000, Length: 200, Loss: 15.5826, Entropy: 1.0820, Epsilon: 0.184
2026-04-19 09:23:40 | INFO | Episode  825 - Reward: -200.000, Length: 200, Loss: 19.1037, Entropy: 1.0615, Epsilon: 0.183
2026-04-19 09:23:40 | INFO | Episode  826 - Reward: -200.000, Length: 200, Loss: 11.8278, Entropy: 1.0859, Epsilon: 0.182
2026-04-19 09:23:40 | INFO | Episode  827 - Reward: -200.000, Length: 200, Loss: 13.2441, Entropy: 1.0902, Epsilon: 0.181
2026-04-19 09:23:41 | INFO | Episode  828 - Reward: -200.000, Length: 200, Loss: 27.6939, Entropy: 1.0685, Epsilon: 0.180
2026-04-19 09:23:41 | INFO | Episode  829 - Reward: -200.000, Length: 200, Loss: 15.6812, Entropy: 1.0874, Epsilon: 0.179
2026-04-19 09:23:41 | INFO | Episode  830 - Reward: -200.000, Length: 200, Loss: 7.1648, Entropy: 1.0873, Epsilon: 0.178
2026-04-19 09:23:42 | INFO | Episode  831 - Reward: -200.000, Length: 200, Loss: 9.6848, Entropy: 1.0905, Epsilon: 0.177
2026-04-19 09:23:42 | INFO | Episode  832 - Reward: -200.000, Length: 200, Loss: 14.6187, Entropy: 1.0912, Epsilon: 0.176
2026-04-19 09:23:42 | INFO | Episode  833 - Reward: -200.000, Length: 200, Loss: 10.4487, Entropy: 1.0835, Epsilon: 0.175
2026-04-19 09:23:43 | INFO | Episode  834 - Reward: -200.000, Length: 200, Loss: 13.0918, Entropy: 1.0945, Epsilon: 0.174
2026-04-19 09:23:43 | INFO | Episode  835 - Reward: -200.000, Length: 200, Loss: 14.6255, Entropy: 1.0872, Epsilon: 0.173
2026-04-19 09:23:43 | INFO | Episode  836 - Reward: -200.000, Length: 200, Loss: 15.5769, Entropy: 1.0784, Epsilon: 0.172
2026-04-19 09:23:44 | INFO | Episode  837 - Reward: -200.000, Length: 200, Loss: 17.2917, Entropy: 1.0821, Epsilon: 0.171
2026-04-19 09:23:44 | INFO | Episode  838 - Reward: -200.000, Length: 200, Loss: 10.6720, Entropy: 1.0631, Epsilon: 0.170
2026-04-19 09:23:44 | INFO | Episode  839 - Reward: -200.000, Length: 200, Loss: 21.1713, Entropy: 1.0717, Epsilon: 0.169
2026-04-19 09:23:44 | INFO | Episode  840 - Reward: -200.000, Length: 200, Loss: 16.5957, Entropy: 1.0893, Epsilon: 0.168
2026-04-19 09:23:45 | INFO | Episode  841 - Reward: -200.000, Length: 200, Loss: 5.5499, Entropy: 1.0839, Epsilon: 0.167
2026-04-19 09:23:45 | INFO | Episode  842 - Reward: -200.000, Length: 200, Loss: 17.4394, Entropy: 1.0922, Epsilon: 0.166
2026-04-19 09:23:45 | INFO | Episode  843 - Reward: -200.000, Length: 200, Loss: 7.6629, Entropy: 1.0919, Epsilon: 0.165
2026-04-19 09:23:46 | INFO | Episode  844 - Reward: -200.000, Length: 200, Loss: 20.8476, Entropy: 1.0881, Epsilon: 0.164
2026-04-19 09:23:46 | INFO | Episode  845 - Reward: -200.000, Length: 200, Loss: 8.5519, Entropy: 1.0929, Epsilon: 0.163
2026-04-19 09:23:46 | INFO | Episode  846 - Reward: -200.000, Length: 200, Loss: 14.3269, Entropy: 1.0835, Epsilon: 0.162
2026-04-19 09:23:47 | INFO | Episode  847 - Reward: -200.000, Length: 200, Loss: 13.9316, Entropy: 1.0884, Epsilon: 0.161
2026-04-19 09:23:47 | INFO | Episode  848 - Reward: -200.000, Length: 200, Loss: 20.9974, Entropy: 1.0753, Epsilon: 0.160
2026-04-19 09:23:47 | INFO | Episode  849 - Reward: -200.000, Length: 200, Loss: 5.4761, Entropy: 1.0913, Epsilon: 0.159
2026-04-19 09:23:47 | INFO | Episode  850 - Reward: -200.000, Length: 200, Loss: 13.4649, Entropy: 1.0741, Epsilon: 0.158
2026-04-19 09:23:48 | INFO | Episode  851 - Reward: -200.000, Length: 200, Loss: 26.4338, Entropy: 1.0158, Epsilon: 0.158
2026-04-19 09:23:48 | INFO | Episode  852 - Reward: -200.000, Length: 200, Loss: 8.4549, Entropy: 1.0754, Epsilon: 0.157
2026-04-19 09:23:48 | INFO | Episode  853 - Reward: -200.000, Length: 200, Loss: 8.4537, Entropy: 1.0906, Epsilon: 0.156
2026-04-19 09:23:49 | INFO | Episode  854 - Reward: -200.000, Length: 200, Loss: 7.8528, Entropy: 1.0916, Epsilon: 0.155
2026-04-19 09:23:49 | INFO | Episode  855 - Reward: -200.000, Length: 200, Loss: 22.4148, Entropy: 1.0892, Epsilon: 0.154
2026-04-19 09:23:49 | INFO | Episode  856 - Reward: -200.000, Length: 200, Loss: 17.3777, Entropy: 1.0793, Epsilon: 0.153
2026-04-19 09:23:50 | INFO | Episode  857 - Reward: -200.000, Length: 200, Loss: 11.2719, Entropy: 1.0883, Epsilon: 0.152
2026-04-19 09:23:50 | INFO | Episode  858 - Reward: -200.000, Length: 200, Loss: 10.3130, Entropy: 1.0954, Epsilon: 0.151
2026-04-19 09:23:50 | INFO | Episode  859 - Reward: -200.000, Length: 200, Loss: 6.6772, Entropy: 1.0778, Epsilon: 0.150
2026-04-19 09:23:51 | INFO | Episode  860 - Reward: -200.000, Length: 200, Loss: 14.6069, Entropy: 1.0817, Epsilon: 0.149
2026-04-19 09:23:51 | INFO | Episode  861 - Reward: -200.000, Length: 200, Loss: 14.3068, Entropy: 1.0525, Epsilon: 0.148
2026-04-19 09:23:51 | INFO | Episode  862 - Reward: -200.000, Length: 200, Loss: 29.3109, Entropy: 1.0555, Epsilon: 0.147
2026-04-19 09:23:52 | INFO | Episode  863 - Reward: -200.000, Length: 200, Loss: 13.5148, Entropy: 1.0849, Epsilon: 0.146
2026-04-19 09:23:52 | INFO | Episode  864 - Reward: -200.000, Length: 200, Loss: 14.8188, Entropy: 1.0866, Epsilon: 0.145
2026-04-19 09:23:52 | INFO | Episode  865 - Reward: -200.000, Length: 200, Loss: 9.2958, Entropy: 1.0884, Epsilon: 0.144
2026-04-19 09:23:52 | INFO | Episode  866 - Reward: -200.000, Length: 200, Loss: 26.2425, Entropy: 1.0784, Epsilon: 0.143
2026-04-19 09:23:53 | INFO | Episode  867 - Reward: -200.000, Length: 200, Loss: 12.0892, Entropy: 1.0904, Epsilon: 0.142
2026-04-19 09:23:53 | INFO | Episode  868 - Reward: -200.000, Length: 200, Loss: 5.0623, Entropy: 1.0946, Epsilon: 0.141
2026-04-19 09:23:53 | INFO | Episode  869 - Reward: -200.000, Length: 200, Loss: 5.9947, Entropy: 1.0905, Epsilon: 0.140
2026-04-19 09:23:54 | INFO | Episode  870 - Reward: -200.000, Length: 200, Loss: 8.1425, Entropy: 1.0891, Epsilon: 0.139
2026-04-19 09:23:54 | INFO | Episode  871 - Reward: -200.000, Length: 200, Loss: 10.7812, Entropy: 1.0914, Epsilon: 0.138
2026-04-19 09:23:54 | INFO | Episode  872 - Reward: -200.000, Length: 200, Loss: 4.9458, Entropy: 1.0925, Epsilon: 0.137
2026-04-19 09:23:55 | INFO | Episode  873 - Reward: -200.000, Length: 200, Loss: 12.1278, Entropy: 1.0781, Epsilon: 0.136
2026-04-19 09:23:55 | INFO | Episode  874 - Reward: -200.000, Length: 200, Loss: 3.1549, Entropy: 1.0932, Epsilon: 0.135
2026-04-19 09:23:55 | INFO | Episode  875 - Reward: -200.000, Length: 200, Loss: 5.1291, Entropy: 1.0932, Epsilon: 0.134
2026-04-19 09:23:56 | INFO | Episode  876 - Reward: -200.000, Length: 200, Loss: 14.3795, Entropy: 1.0890, Epsilon: 0.133
2026-04-19 09:23:56 | INFO | Episode  877 - Reward: -200.000, Length: 200, Loss: 12.9728, Entropy: 1.0829, Epsilon: 0.132
2026-04-19 09:23:56 | INFO | Episode  878 - Reward: -200.000, Length: 200, Loss: 14.0605, Entropy: 1.0921, Epsilon: 0.131
2026-04-19 09:23:56 | INFO | Episode  879 - Reward: -200.000, Length: 200, Loss: 9.5262, Entropy: 1.0809, Epsilon: 0.130
2026-04-19 09:23:57 | INFO | Episode  880 - Reward: -200.000, Length: 200, Loss: 21.3205, Entropy: 1.0875, Epsilon: 0.129
2026-04-19 09:23:57 | INFO | Episode  881 - Reward: -200.000, Length: 200, Loss: 16.0650, Entropy: 1.0612, Epsilon: 0.128
2026-04-19 09:23:58 | INFO | Episode  882 - Reward: -200.000, Length: 200, Loss: -0.1767, Entropy: 1.0969, Epsilon: 0.127
2026-04-19 09:23:58 | INFO | Episode  883 - Reward: -200.000, Length: 200, Loss: 14.7575, Entropy: 1.0890, Epsilon: 0.126
2026-04-19 09:23:59 | INFO | Episode  884 - Reward: -200.000, Length: 200, Loss: 24.1360, Entropy: 1.0840, Epsilon: 0.125
2026-04-19 09:23:59 | INFO | Episode  885 - Reward: -200.000, Length: 200, Loss: 20.8653, Entropy: 1.0815, Epsilon: 0.124
2026-04-19 09:23:59 | INFO | Episode  886 - Reward: -200.000, Length: 200, Loss: 18.2786, Entropy: 1.0907, Epsilon: 0.123
2026-04-19 09:24:00 | INFO | Episode  887 - Reward: -200.000, Length: 200, Loss: 11.8416, Entropy: 1.0778, Epsilon: 0.122
2026-04-19 09:24:00 | INFO | Episode  888 - Reward: -200.000, Length: 200, Loss: 14.7294, Entropy: 1.0818, Epsilon: 0.121
2026-04-19 09:24:00 | INFO | Episode  889 - Reward: -200.000, Length: 200, Loss: 11.7951, Entropy: 1.0826, Epsilon: 0.120
2026-04-19 09:24:00 | INFO | Episode  890 - Reward: -200.000, Length: 200, Loss: 30.9124, Entropy: 1.0486, Epsilon: 0.119
2026-04-19 09:24:01 | INFO | Episode  891 - Reward: -200.000, Length: 200, Loss: 12.0128, Entropy: 1.0717, Epsilon: 0.118
2026-04-19 09:24:01 | INFO | Episode  892 - Reward: -200.000, Length: 200, Loss: 25.2652, Entropy: 1.0807, Epsilon: 0.117
2026-04-19 09:24:01 | INFO | Episode  893 - Reward: -200.000, Length: 200, Loss: 15.8225, Entropy: 1.0863, Epsilon: 0.116
2026-04-19 09:24:02 | INFO | Episode  894 - Reward: -200.000, Length: 200, Loss: 13.2185, Entropy: 1.0894, Epsilon: 0.115
2026-04-19 09:24:02 | INFO | Episode  895 - Reward: -200.000, Length: 200, Loss: 5.4689, Entropy: 1.0888, Epsilon: 0.114
2026-04-19 09:24:02 | INFO | Episode  896 - Reward: -200.000, Length: 200, Loss: 12.5102, Entropy: 1.0782, Epsilon: 0.113
2026-04-19 09:24:03 | INFO | Episode  897 - Reward: -200.000, Length: 200, Loss: 3.2786, Entropy: 1.0849, Epsilon: 0.112
2026-04-19 09:24:03 | INFO | Episode  898 - Reward: -200.000, Length: 200, Loss: 10.8562, Entropy: 1.0875, Epsilon: 0.111
2026-04-19 09:24:03 | INFO | Episode  899 - Reward: -200.000, Length: 200, Loss: 25.6699, Entropy: 1.0697, Epsilon: 0.110
2026-04-19 09:24:04 | INFO | Episode  900 - Reward: -200.000, Length: 200, Loss: 5.7850, Entropy: 1.0871, Epsilon: 0.109
2026-04-19 09:24:08 | INFO | [Episode  900] eps=0.109  avg_reward=-200.000  avg_length=200.00  avg_loss= 13.9520  avg_entropy=1.0871  eval_success=0.000
2026-04-19 09:24:08 | INFO | Episode  901 - Reward: -200.000, Length: 200, Loss: 20.0705, Entropy: 1.0869, Epsilon: 0.108
2026-04-19 09:24:09 | INFO | Episode  902 - Reward: -200.000, Length: 200, Loss: 12.3045, Entropy: 1.0868, Epsilon: 0.107
2026-04-19 09:24:09 | INFO | Episode  903 - Reward: -200.000, Length: 200, Loss: 17.8441, Entropy: 1.0675, Epsilon: 0.106
2026-04-19 09:24:09 | INFO | Episode  904 - Reward: -200.000, Length: 200, Loss: 14.9124, Entropy: 1.0854, Epsilon: 0.105
2026-04-19 09:24:10 | INFO | Episode  905 - Reward: -200.000, Length: 200, Loss: 8.4746, Entropy: 1.0815, Epsilon: 0.104
2026-04-19 09:24:10 | INFO | Episode  906 - Reward: -200.000, Length: 200, Loss: 10.7695, Entropy: 1.0862, Epsilon: 0.103
2026-04-19 09:24:10 | INFO | Episode  907 - Reward: -200.000, Length: 200, Loss: 22.8165, Entropy: 1.0654, Epsilon: 0.102
2026-04-19 09:24:11 | INFO | Episode  908 - Reward: -200.000, Length: 200, Loss: 20.6738, Entropy: 1.0865, Epsilon: 0.101
2026-04-19 09:24:11 | INFO | Episode  909 - Reward: -200.000, Length: 200, Loss: 9.5904, Entropy: 1.0870, Epsilon: 0.100
2026-04-19 09:24:11 | INFO | Episode  910 - Reward: -200.000, Length: 200, Loss: 20.5826, Entropy: 1.0856, Epsilon: 0.099
2026-04-19 09:24:12 | INFO | Episode  911 - Reward: -200.000, Length: 200, Loss: 7.9465, Entropy: 1.0781, Epsilon: 0.098
2026-04-19 09:24:12 | INFO | Episode  912 - Reward: -200.000, Length: 200, Loss: 12.6229, Entropy: 1.0747, Epsilon: 0.097
2026-04-19 09:24:12 | INFO | Episode  913 - Reward: -200.000, Length: 200, Loss: 29.3145, Entropy: 1.0559, Epsilon: 0.096
2026-04-19 09:24:12 | INFO | Episode  914 - Reward: -200.000, Length: 200, Loss: 5.4578, Entropy: 1.0823, Epsilon: 0.095
2026-04-19 09:24:13 | INFO | Episode  915 - Reward: -200.000, Length: 200, Loss: 11.3991, Entropy: 1.0918, Epsilon: 0.094
2026-04-19 09:24:13 | INFO | Episode  916 - Reward: -200.000, Length: 200, Loss: 12.1361, Entropy: 1.0867, Epsilon: 0.093
2026-04-19 09:24:13 | INFO | Episode  917 - Reward: -200.000, Length: 200, Loss: 18.7558, Entropy: 1.0807, Epsilon: 0.092
2026-04-19 09:24:14 | INFO | Episode  918 - Reward: -200.000, Length: 200, Loss: 12.7971, Entropy: 1.0780, Epsilon: 0.091
2026-04-19 09:24:14 | INFO | Episode  919 - Reward: -200.000, Length: 200, Loss: 20.5896, Entropy: 1.0766, Epsilon: 0.090
2026-04-19 09:24:14 | INFO | Episode  920 - Reward: -200.000, Length: 200, Loss: 11.8336, Entropy: 1.0773, Epsilon: 0.089
2026-04-19 09:24:15 | INFO | Episode  921 - Reward: -200.000, Length: 200, Loss: 19.0054, Entropy: 1.0895, Epsilon: 0.088
2026-04-19 09:24:15 | INFO | Episode  922 - Reward: -200.000, Length: 200, Loss: 15.8312, Entropy: 1.0662, Epsilon: 0.087
2026-04-19 09:24:15 | INFO | Episode  923 - Reward: -200.000, Length: 200, Loss: 15.4839, Entropy: 1.0850, Epsilon: 0.086
2026-04-19 09:24:16 | INFO | Episode  924 - Reward: -200.000, Length: 200, Loss: 5.8425, Entropy: 1.0916, Epsilon: 0.085
2026-04-19 09:24:16 | INFO | Episode  925 - Reward: -200.000, Length: 200, Loss: 10.2704, Entropy: 1.0926, Epsilon: 0.084
2026-04-19 09:24:16 | INFO | Episode  926 - Reward: -200.000, Length: 200, Loss: 11.9898, Entropy: 1.0915, Epsilon: 0.083
2026-04-19 09:24:16 | INFO | Episode  927 - Reward: -200.000, Length: 200, Loss: 15.5228, Entropy: 1.0795, Epsilon: 0.082
2026-04-19 09:24:17 | INFO | Episode  928 - Reward: -200.000, Length: 200, Loss: 13.2874, Entropy: 1.0843, Epsilon: 0.081
2026-04-19 09:24:17 | INFO | Episode  929 - Reward: -200.000, Length: 200, Loss: 8.8553, Entropy: 1.0897, Epsilon: 0.080
2026-04-19 09:24:17 | INFO | Episode  930 - Reward: -200.000, Length: 200, Loss: 14.1154, Entropy: 1.0721, Epsilon: 0.079
2026-04-19 09:24:18 | INFO | Episode  931 - Reward: -200.000, Length: 200, Loss: 3.0877, Entropy: 1.0919, Epsilon: 0.078
2026-04-19 09:24:18 | INFO | Episode  932 - Reward: -200.000, Length: 200, Loss: 10.0185, Entropy: 1.0841, Epsilon: 0.077
2026-04-19 09:24:18 | INFO | Episode  933 - Reward: -200.000, Length: 200, Loss: 18.6557, Entropy: 1.0664, Epsilon: 0.076
2026-04-19 09:24:19 | INFO | Episode  934 - Reward: -200.000, Length: 200, Loss: 6.3281, Entropy: 1.0902, Epsilon: 0.075
2026-04-19 09:24:19 | INFO | Episode  935 - Reward: -200.000, Length: 200, Loss: 23.3496, Entropy: 1.0428, Epsilon: 0.074
2026-04-19 09:24:19 | INFO | Episode  936 - Reward: -200.000, Length: 200, Loss: 8.6832, Entropy: 1.0814, Epsilon: 0.073
2026-04-19 09:24:20 | INFO | Episode  937 - Reward: -200.000, Length: 200, Loss: 19.8632, Entropy: 1.0836, Epsilon: 0.072
2026-04-19 09:24:20 | INFO | Episode  938 - Reward: -200.000, Length: 200, Loss: 8.5426, Entropy: 1.0801, Epsilon: 0.071
2026-04-19 09:24:20 | INFO | Episode  939 - Reward: -200.000, Length: 200, Loss: 3.3848, Entropy: 1.0973, Epsilon: 0.070
2026-04-19 09:24:21 | INFO | Episode  940 - Reward: -200.000, Length: 200, Loss: 18.2346, Entropy: 1.0891, Epsilon: 0.069
2026-04-19 09:24:21 | INFO | Episode  941 - Reward: -200.000, Length: 200, Loss: 14.1782, Entropy: 1.0557, Epsilon: 0.068
2026-04-19 09:24:21 | INFO | Episode  942 - Reward: -200.000, Length: 200, Loss: 9.7102, Entropy: 1.0828, Epsilon: 0.067
2026-04-19 09:24:22 | INFO | Episode  943 - Reward: -200.000, Length: 200, Loss: 8.3261, Entropy: 1.0911, Epsilon: 0.066
2026-04-19 09:24:22 | INFO | Episode  944 - Reward: -200.000, Length: 200, Loss: 18.5876, Entropy: 1.0843, Epsilon: 0.065
2026-04-19 09:24:22 | INFO | Episode  945 - Reward: -200.000, Length: 200, Loss: 21.3837, Entropy: 1.0825, Epsilon: 0.064
2026-04-19 09:24:22 | INFO | Episode  946 - Reward: -200.000, Length: 200, Loss: 15.8463, Entropy: 1.0911, Epsilon: 0.063
2026-04-19 09:24:23 | INFO | Episode  947 - Reward: -200.000, Length: 200, Loss: 34.8052, Entropy: 1.0559, Epsilon: 0.062
2026-04-19 09:24:23 | INFO | Episode  948 - Reward: -200.000, Length: 200, Loss: 15.3879, Entropy: 1.0510, Epsilon: 0.061
2026-04-19 09:24:23 | INFO | Episode  949 - Reward: -200.000, Length: 200, Loss: 22.7831, Entropy: 1.0367, Epsilon: 0.060
2026-04-19 09:24:24 | INFO | Episode  950 - Reward: -200.000, Length: 200, Loss: 15.4614, Entropy: 1.0540, Epsilon: 0.059
2026-04-19 09:24:24 | INFO | Episode  951 - Reward: -200.000, Length: 200, Loss: 21.6620, Entropy: 1.0777, Epsilon: 0.059
2026-04-19 09:24:24 | INFO | Episode  952 - Reward: -200.000, Length: 200, Loss: 9.5818, Entropy: 1.0879, Epsilon: 0.058
2026-04-19 09:24:25 | INFO | Episode  953 - Reward: -200.000, Length: 200, Loss: 6.2867, Entropy: 1.0941, Epsilon: 0.057
2026-04-19 09:24:25 | INFO | Episode  954 - Reward: -200.000, Length: 200, Loss: 2.8615, Entropy: 1.0972, Epsilon: 0.056
2026-04-19 09:24:25 | INFO | Episode  955 - Reward: -200.000, Length: 200, Loss: 19.0376, Entropy: 1.0741, Epsilon: 0.055
2026-04-19 09:24:26 | INFO | Episode  956 - Reward: -200.000, Length: 200, Loss: 12.8853, Entropy: 1.0880, Epsilon: 0.054
2026-04-19 09:24:26 | INFO | Episode  957 - Reward: -200.000, Length: 200, Loss: 25.0393, Entropy: 1.0825, Epsilon: 0.053
2026-04-19 09:24:26 | INFO | Episode  958 - Reward: -200.000, Length: 200, Loss: 20.3442, Entropy: 1.0615, Epsilon: 0.052
2026-04-19 09:24:27 | INFO | Episode  959 - Reward: -200.000, Length: 200, Loss: 20.4590, Entropy: 1.0590, Epsilon: 0.051
2026-04-19 09:24:27 | INFO | Episode  960 - Reward: -200.000, Length: 200, Loss: 11.2256, Entropy: 1.0921, Epsilon: 0.050
2026-04-19 09:24:27 | INFO | Episode  961 - Reward: -200.000, Length: 200, Loss: 6.5440, Entropy: 1.0903, Epsilon: 0.049
2026-04-19 09:24:28 | INFO | Episode  962 - Reward: -200.000, Length: 200, Loss: 16.2459, Entropy: 1.0490, Epsilon: 0.048
2026-04-19 09:24:28 | INFO | Episode  963 - Reward: -200.000, Length: 200, Loss: 9.0281, Entropy: 1.0876, Epsilon: 0.047
2026-04-19 09:24:28 | INFO | Episode  964 - Reward: -200.000, Length: 200, Loss: 6.0054, Entropy: 1.0928, Epsilon: 0.046
2026-04-19 09:24:28 | INFO | Episode  965 - Reward: -200.000, Length: 200, Loss: 14.8024, Entropy: 1.0864, Epsilon: 0.045
2026-04-19 09:24:29 | INFO | Episode  966 - Reward: -200.000, Length: 200, Loss: 13.1573, Entropy: 1.0772, Epsilon: 0.044
2026-04-19 09:24:29 | INFO | Episode  967 - Reward: -200.000, Length: 200, Loss: 9.9522, Entropy: 1.0801, Epsilon: 0.043
2026-04-19 09:24:29 | INFO | Episode  968 - Reward: -200.000, Length: 200, Loss: 17.7009, Entropy: 1.0809, Epsilon: 0.042
2026-04-19 09:24:30 | INFO | Episode  969 - Reward: -200.000, Length: 200, Loss: 20.4844, Entropy: 1.0584, Epsilon: 0.041
2026-04-19 09:24:30 | INFO | Episode  970 - Reward: -200.000, Length: 200, Loss: 24.2678, Entropy: 1.0747, Epsilon: 0.040
2026-04-19 09:24:30 | INFO | Episode  971 - Reward: -200.000, Length: 200, Loss: 24.6103, Entropy: 1.0761, Epsilon: 0.039
2026-04-19 09:24:31 | INFO | Episode  972 - Reward: -200.000, Length: 200, Loss: 15.6916, Entropy: 1.0872, Epsilon: 0.038
2026-04-19 09:24:31 | INFO | Episode  973 - Reward: -200.000, Length: 200, Loss: 9.2352, Entropy: 1.0893, Epsilon: 0.037
2026-04-19 09:24:31 | INFO | Episode  974 - Reward: -200.000, Length: 200, Loss: 15.3234, Entropy: 1.0871, Epsilon: 0.036
2026-04-19 09:24:32 | INFO | Episode  975 - Reward: -200.000, Length: 200, Loss: 28.8813, Entropy: 1.0407, Epsilon: 0.035
2026-04-19 09:24:32 | INFO | Episode  976 - Reward: -200.000, Length: 200, Loss: 18.8846, Entropy: 1.0671, Epsilon: 0.034
2026-04-19 09:24:32 | INFO | Episode  977 - Reward: -200.000, Length: 200, Loss: 27.2210, Entropy: 1.0477, Epsilon: 0.033
2026-04-19 09:24:32 | INFO | Episode  978 - Reward: -200.000, Length: 200, Loss: 9.3743, Entropy: 1.0859, Epsilon: 0.032
2026-04-19 09:24:33 | INFO | Episode  979 - Reward: -200.000, Length: 200, Loss: 20.1985, Entropy: 1.0602, Epsilon: 0.031
2026-04-19 09:24:33 | INFO | Episode  980 - Reward: -200.000, Length: 200, Loss: 9.2793, Entropy: 1.0865, Epsilon: 0.030
2026-04-19 09:24:33 | INFO | Episode  981 - Reward: -200.000, Length: 200, Loss: 20.8089, Entropy: 1.0846, Epsilon: 0.029
2026-04-19 09:24:34 | INFO | Episode  982 - Reward: -200.000, Length: 200, Loss: 9.4074, Entropy: 1.0816, Epsilon: 0.028
2026-04-19 09:24:34 | INFO | Episode  983 - Reward: -200.000, Length: 200, Loss: 5.8653, Entropy: 1.0879, Epsilon: 0.027
2026-04-19 09:24:34 | INFO | Episode  984 - Reward: -200.000, Length: 200, Loss: 20.9266, Entropy: 1.0616, Epsilon: 0.026
2026-04-19 09:24:35 | INFO | Episode  985 - Reward: -200.000, Length: 200, Loss: 16.2943, Entropy: 1.0743, Epsilon: 0.025
2026-04-19 09:24:35 | INFO | Episode  986 - Reward: -200.000, Length: 200, Loss: 9.4708, Entropy: 1.0850, Epsilon: 0.024
2026-04-19 09:24:35 | INFO | Episode  987 - Reward: -200.000, Length: 200, Loss: 21.7409, Entropy: 1.0676, Epsilon: 0.023
2026-04-19 09:24:36 | INFO | Episode  988 - Reward: -200.000, Length: 200, Loss: 13.3643, Entropy: 1.0806, Epsilon: 0.022
2026-04-19 09:24:36 | INFO | Episode  989 - Reward: -200.000, Length: 200, Loss: 21.5767, Entropy: 1.0850, Epsilon: 0.021
2026-04-19 09:24:36 | INFO | Episode  990 - Reward: -200.000, Length: 200, Loss: 16.9023, Entropy: 1.0830, Epsilon: 0.020
2026-04-19 09:24:37 | INFO | Episode  991 - Reward: -200.000, Length: 200, Loss: 11.8702, Entropy: 1.0852, Epsilon: 0.019
2026-04-19 09:24:37 | INFO | Episode  992 - Reward: -200.000, Length: 200, Loss: 8.5807, Entropy: 1.0844, Epsilon: 0.018
2026-04-19 09:24:37 | INFO | Episode  993 - Reward: -200.000, Length: 200, Loss: 24.0444, Entropy: 1.0744, Epsilon: 0.017
2026-04-19 09:24:37 | INFO | Episode  994 - Reward: -200.000, Length: 200, Loss: 24.3975, Entropy: 1.0923, Epsilon: 0.016
2026-04-19 09:24:38 | INFO | Episode  995 - Reward: -200.000, Length: 200, Loss: 22.8358, Entropy: 1.0775, Epsilon: 0.015
2026-04-19 09:24:38 | INFO | Episode  996 - Reward: -200.000, Length: 200, Loss: 23.1979, Entropy: 1.0659, Epsilon: 0.014
2026-04-19 09:24:38 | INFO | Episode  997 - Reward: -200.000, Length: 200, Loss: 15.0494, Entropy: 1.0842, Epsilon: 0.013
2026-04-19 09:24:39 | INFO | Episode  998 - Reward: -200.000, Length: 200, Loss: 9.1666, Entropy: 1.0671, Epsilon: 0.012
2026-04-19 09:24:39 | INFO | Episode  999 - Reward: -200.000, Length: 200, Loss: 26.3079, Entropy: 1.0722, Epsilon: 0.011
2026-04-19 09:24:39 | INFO | Episode 1000 - Reward: -200.000, Length: 200, Loss: 10.0677, Entropy: 1.0821, Epsilon: 0.010
2026-04-19 09:24:44 | INFO | [Episode 1000] eps=0.010  avg_reward=-200.000  avg_length=200.00  avg_loss= 15.2586  avg_entropy=1.0821  eval_success=0.000
2026-04-19 09:24:45 | INFO | Episode 1001 - Reward: -200.000, Length: 200, Loss: 15.6896, Entropy: 1.0775, Epsilon: 0.010
2026-04-19 09:24:45 | INFO | Episode 1002 - Reward: -200.000, Length: 200, Loss: 13.1380, Entropy: 1.0662, Epsilon: 0.010
2026-04-19 09:24:45 | INFO | Episode 1003 - Reward: -200.000, Length: 200, Loss: 17.2508, Entropy: 1.0717, Epsilon: 0.010
2026-04-19 09:24:45 | INFO | Episode 1004 - Reward: -200.000, Length: 200, Loss: 16.9961, Entropy: 1.0879, Epsilon: 0.010
2026-04-19 09:24:46 | INFO | Episode 1005 - Reward: -200.000, Length: 200, Loss: 15.7506, Entropy: 1.0772, Epsilon: 0.010
2026-04-19 09:24:46 | INFO | Episode 1006 - Reward: -200.000, Length: 200, Loss: 12.1736, Entropy: 1.0908, Epsilon: 0.010
2026-04-19 09:24:46 | INFO | Episode 1007 - Reward: -200.000, Length: 200, Loss: 21.0069, Entropy: 1.0396, Epsilon: 0.010
2026-04-19 09:24:47 | INFO | Episode 1008 - Reward: -200.000, Length: 200, Loss: 19.0734, Entropy: 1.0761, Epsilon: 0.010
2026-04-19 09:24:47 | INFO | Episode 1009 - Reward: -200.000, Length: 200, Loss: 15.5720, Entropy: 1.0781, Epsilon: 0.010
2026-04-19 09:24:47 | INFO | Episode 1010 - Reward: -200.000, Length: 200, Loss: 22.0349, Entropy: 1.0701, Epsilon: 0.010
2026-04-19 09:24:48 | INFO | Episode 1011 - Reward: -200.000, Length: 200, Loss: 3.3443, Entropy: 1.0926, Epsilon: 0.010
2026-04-19 09:24:48 | INFO | Episode 1012 - Reward: -200.000, Length: 200, Loss: 6.5879, Entropy: 1.0911, Epsilon: 0.010
2026-04-19 09:24:48 | INFO | Episode 1013 - Reward: -200.000, Length: 200, Loss: 15.6995, Entropy: 1.0889, Epsilon: 0.010
2026-04-19 09:24:49 | INFO | Episode 1014 - Reward: -200.000, Length: 200, Loss: 13.3634, Entropy: 1.0798, Epsilon: 0.010
2026-04-19 09:24:49 | INFO | Episode 1015 - Reward: -200.000, Length: 200, Loss: 21.3641, Entropy: 1.0720, Epsilon: 0.010
2026-04-19 09:24:49 | INFO | Episode 1016 - Reward: -200.000, Length: 200, Loss: -0.1826, Entropy: 1.0943, Epsilon: 0.010
2026-04-19 09:24:49 | INFO | Episode 1017 - Reward: -200.000, Length: 200, Loss: 8.9894, Entropy: 1.0881, Epsilon: 0.010
2026-04-19 09:24:50 | INFO | Episode 1018 - Reward: -200.000, Length: 200, Loss: 15.9730, Entropy: 1.0909, Epsilon: 0.010
2026-04-19 09:24:50 | INFO | Episode 1019 - Reward: -200.000, Length: 200, Loss: 14.5242, Entropy: 1.0573, Epsilon: 0.010
2026-04-19 09:24:50 | INFO | Episode 1020 - Reward: -200.000, Length: 200, Loss: 14.0644, Entropy: 1.0841, Epsilon: 0.010
2026-04-19 09:24:51 | INFO | Episode 1021 - Reward: -200.000, Length: 200, Loss: 16.9235, Entropy: 1.0753, Epsilon: 0.010
2026-04-19 09:24:51 | INFO | Episode 1022 - Reward: -200.000, Length: 200, Loss: 6.2998, Entropy: 1.0911, Epsilon: 0.010
2026-04-19 09:24:51 | INFO | Episode 1023 - Reward: -200.000, Length: 200, Loss: 25.9086, Entropy: 1.0781, Epsilon: 0.010
2026-04-19 09:24:52 | INFO | Episode 1024 - Reward: -200.000, Length: 200, Loss: 5.5726, Entropy: 1.0895, Epsilon: 0.010
2026-04-19 09:24:52 | INFO | Episode 1025 - Reward: -200.000, Length: 200, Loss: 11.5807, Entropy: 1.0889, Epsilon: 0.010
2026-04-19 09:24:52 | INFO | Episode 1026 - Reward: -200.000, Length: 200, Loss: 16.9565, Entropy: 1.0684, Epsilon: 0.010
2026-04-19 09:24:53 | INFO | Episode 1027 - Reward: -200.000, Length: 200, Loss: 15.7324, Entropy: 1.0765, Epsilon: 0.010
2026-04-19 09:24:53 | INFO | Episode 1028 - Reward: -200.000, Length: 200, Loss: 12.6910, Entropy: 1.0793, Epsilon: 0.010
2026-04-19 09:24:53 | INFO | Episode 1029 - Reward: -200.000, Length: 200, Loss: 14.6436, Entropy: 1.0715, Epsilon: 0.010
2026-04-19 09:24:54 | INFO | Episode 1030 - Reward: -200.000, Length: 200, Loss: 9.8978, Entropy: 1.0792, Epsilon: 0.010
2026-04-19 09:24:54 | INFO | Episode 1031 - Reward: -200.000, Length: 200, Loss: 15.1218, Entropy: 1.0873, Epsilon: 0.010
2026-04-19 09:24:54 | INFO | Episode 1032 - Reward: -200.000, Length: 200, Loss: 15.6430, Entropy: 1.0764, Epsilon: 0.010
2026-04-19 09:24:55 | INFO | Episode 1033 - Reward: -200.000, Length: 200, Loss: 12.5725, Entropy: 1.0820, Epsilon: 0.010
2026-04-19 09:24:55 | INFO | Episode 1034 - Reward: -200.000, Length: 200, Loss: 11.6198, Entropy: 1.0924, Epsilon: 0.010
2026-04-19 09:24:55 | INFO | Episode 1035 - Reward: -200.000, Length: 200, Loss: 15.4162, Entropy: 1.0901, Epsilon: 0.010
2026-04-19 09:24:55 | INFO | Episode 1036 - Reward: -200.000, Length: 200, Loss: 9.2925, Entropy: 1.0938, Epsilon: 0.010
2026-04-19 09:24:56 | INFO | Episode 1037 - Reward: -200.000, Length: 200, Loss: 12.3805, Entropy: 1.0860, Epsilon: 0.010
2026-04-19 09:24:56 | INFO | Episode 1038 - Reward: -200.000, Length: 200, Loss: 9.7937, Entropy: 1.0737, Epsilon: 0.010
2026-04-19 09:24:56 | INFO | Episode 1039 - Reward: -200.000, Length: 200, Loss: 15.8517, Entropy: 1.0676, Epsilon: 0.010
2026-04-19 09:24:57 | INFO | Episode 1040 - Reward: -200.000, Length: 200, Loss: 22.5224, Entropy: 1.0895, Epsilon: 0.010
2026-04-19 09:24:57 | INFO | Episode 1041 - Reward: -200.000, Length: 200, Loss: 20.6117, Entropy: 1.0752, Epsilon: 0.010
2026-04-19 09:24:57 | INFO | Episode 1042 - Reward: -200.000, Length: 200, Loss: 11.9539, Entropy: 1.0825, Epsilon: 0.010
2026-04-19 09:24:58 | INFO | Episode 1043 - Reward: -200.000, Length: 200, Loss: 16.5330, Entropy: 1.0825, Epsilon: 0.010
2026-04-19 09:24:58 | INFO | Episode 1044 - Reward: -200.000, Length: 200, Loss: 8.7158, Entropy: 1.0878, Epsilon: 0.010
2026-04-19 09:24:58 | INFO | Episode 1045 - Reward: -200.000, Length: 200, Loss: 12.6224, Entropy: 1.0833, Epsilon: 0.010
2026-04-19 09:24:59 | INFO | Episode 1046 - Reward: -200.000, Length: 200, Loss: 17.7326, Entropy: 1.0693, Epsilon: 0.010
2026-04-19 09:24:59 | INFO | Episode 1047 - Reward: -200.000, Length: 200, Loss: 15.1660, Entropy: 1.0668, Epsilon: 0.010
2026-04-19 09:24:59 | INFO | Episode 1048 - Reward: -200.000, Length: 200, Loss: 13.1690, Entropy: 1.0749, Epsilon: 0.010
2026-04-19 09:25:00 | INFO | Episode 1049 - Reward: -200.000, Length: 200, Loss: 8.2271, Entropy: 1.0866, Epsilon: 0.010
2026-04-19 09:25:00 | INFO | Episode 1050 - Reward: -200.000, Length: 200, Loss: 5.7796, Entropy: 1.0963, Epsilon: 0.010
2026-04-19 09:25:00 | INFO | Episode 1051 - Reward: -200.000, Length: 200, Loss: 15.0456, Entropy: 1.0809, Epsilon: 0.010
2026-04-19 09:25:00 | INFO | Episode 1052 - Reward: -200.000, Length: 200, Loss: 12.7547, Entropy: 1.0864, Epsilon: 0.010
2026-04-19 09:25:01 | INFO | Episode 1053 - Reward: -200.000, Length: 200, Loss: 13.8199, Entropy: 1.0816, Epsilon: 0.010
2026-04-19 09:25:01 | INFO | Episode 1054 - Reward: -200.000, Length: 200, Loss: 9.5359, Entropy: 1.0920, Epsilon: 0.010
2026-04-19 09:25:01 | INFO | Episode 1055 - Reward: -200.000, Length: 200, Loss: 23.3926, Entropy: 1.0584, Epsilon: 0.010
2026-04-19 09:25:02 | INFO | Episode 1056 - Reward: -200.000, Length: 200, Loss: 18.7065, Entropy: 1.0675, Epsilon: 0.010
2026-04-19 09:25:02 | INFO | Episode 1057 - Reward: -200.000, Length: 200, Loss: 8.7926, Entropy: 1.0864, Epsilon: 0.010
2026-04-19 09:25:02 | INFO | Episode 1058 - Reward: -200.000, Length: 200, Loss: 12.9874, Entropy: 1.0802, Epsilon: 0.010
2026-04-19 09:25:03 | INFO | Episode 1059 - Reward: -200.000, Length: 200, Loss: 25.0477, Entropy: 1.0833, Epsilon: 0.010
2026-04-19 09:25:03 | INFO | Episode 1060 - Reward: -200.000, Length: 200, Loss: 28.5641, Entropy: 1.0855, Epsilon: 0.010
2026-04-19 09:25:03 | INFO | Episode 1061 - Reward: -200.000, Length: 200, Loss: 2.4777, Entropy: 1.0943, Epsilon: 0.010
2026-04-19 09:25:04 | INFO | Episode 1062 - Reward: -200.000, Length: 200, Loss: 20.4574, Entropy: 1.0554, Epsilon: 0.010
2026-04-19 09:25:05 | INFO | Episode 1063 - Reward: -200.000, Length: 200, Loss: 12.2976, Entropy: 1.0680, Epsilon: 0.010
2026-04-19 09:25:05 | INFO | Episode 1064 - Reward: -200.000, Length: 200, Loss: 25.4692, Entropy: 1.0662, Epsilon: 0.010
2026-04-19 09:25:05 | INFO | Episode 1065 - Reward: -200.000, Length: 200, Loss: 9.2950, Entropy: 1.0791, Epsilon: 0.010
2026-04-19 09:25:06 | INFO | Episode 1066 - Reward: -200.000, Length: 200, Loss: 10.8481, Entropy: 1.0820, Epsilon: 0.010
2026-04-19 09:25:06 | INFO | Episode 1067 - Reward: -200.000, Length: 200, Loss: 17.5811, Entropy: 1.0673, Epsilon: 0.010
2026-04-19 09:25:06 | INFO | Episode 1068 - Reward: -200.000, Length: 200, Loss: 11.2773, Entropy: 1.0873, Epsilon: 0.010
2026-04-19 09:25:07 | INFO | Episode 1069 - Reward: -200.000, Length: 200, Loss: 18.7746, Entropy: 1.0912, Epsilon: 0.010
2026-04-19 09:25:07 | INFO | Episode 1070 - Reward: -200.000, Length: 200, Loss: 43.9634, Entropy: 1.0661, Epsilon: 0.010
2026-04-19 09:25:07 | INFO | Episode 1071 - Reward: -200.000, Length: 200, Loss: 13.1991, Entropy: 1.0744, Epsilon: 0.010
2026-04-19 09:25:07 | INFO | Episode 1072 - Reward: -200.000, Length: 200, Loss: 2.7681, Entropy: 1.0888, Epsilon: 0.010
2026-04-19 09:25:08 | INFO | Episode 1073 - Reward: -200.000, Length: 200, Loss: 5.3301, Entropy: 1.0919, Epsilon: 0.010
2026-04-19 09:25:08 | INFO | Episode 1074 - Reward: -200.000, Length: 200, Loss: 11.5252, Entropy: 1.0848, Epsilon: 0.010
2026-04-19 09:25:08 | INFO | Episode 1075 - Reward: -200.000, Length: 200, Loss: 25.4075, Entropy: 1.0740, Epsilon: 0.010
2026-04-19 09:25:09 | INFO | Episode 1076 - Reward: -200.000, Length: 200, Loss: 20.3435, Entropy: 1.0724, Epsilon: 0.010
2026-04-19 09:25:09 | INFO | Episode 1077 - Reward: -200.000, Length: 200, Loss: 6.1351, Entropy: 1.0817, Epsilon: 0.010
2026-04-19 09:25:09 | INFO | Episode 1078 - Reward: -200.000, Length: 200, Loss: 14.5669, Entropy: 1.0929, Epsilon: 0.010
2026-04-19 09:25:10 | INFO | Episode 1079 - Reward: -200.000, Length: 200, Loss: 17.2570, Entropy: 1.0712, Epsilon: 0.010
2026-04-19 09:25:10 | INFO | Episode 1080 - Reward: -200.000, Length: 200, Loss: 6.8977, Entropy: 1.0822, Epsilon: 0.010
2026-04-19 09:25:10 | INFO | Episode 1081 - Reward: -200.000, Length: 200, Loss: 20.9609, Entropy: 1.0817, Epsilon: 0.010
2026-04-19 09:25:11 | INFO | Episode 1082 - Reward: -200.000, Length: 200, Loss: 11.9952, Entropy: 1.0856, Epsilon: 0.010
2026-04-19 09:25:11 | INFO | Episode 1083 - Reward: -200.000, Length: 200, Loss: 12.1305, Entropy: 1.0878, Epsilon: 0.010
2026-04-19 09:25:11 | INFO | Episode 1084 - Reward: -200.000, Length: 200, Loss: 26.5228, Entropy: 1.0794, Epsilon: 0.010
2026-04-19 09:25:12 | INFO | Episode 1085 - Reward: -200.000, Length: 200, Loss: 10.0395, Entropy: 1.0932, Epsilon: 0.010
2026-04-19 09:25:12 | INFO | Episode 1086 - Reward: -200.000, Length: 200, Loss: 25.0961, Entropy: 1.0772, Epsilon: 0.010
2026-04-19 09:25:12 | INFO | Episode 1087 - Reward: -200.000, Length: 200, Loss: 17.4881, Entropy: 1.0835, Epsilon: 0.010
2026-04-19 09:25:12 | INFO | Episode 1088 - Reward: -200.000, Length: 200, Loss: 16.0726, Entropy: 1.0803, Epsilon: 0.010
2026-04-19 09:25:13 | INFO | Episode 1089 - Reward: -200.000, Length: 200, Loss: 11.6801, Entropy: 1.0910, Epsilon: 0.010
2026-04-19 09:25:13 | INFO | Episode 1090 - Reward: -200.000, Length: 200, Loss: 7.9253, Entropy: 1.0788, Epsilon: 0.010
2026-04-19 09:25:13 | INFO | Episode 1091 - Reward: -200.000, Length: 200, Loss: 9.3784, Entropy: 1.0934, Epsilon: 0.010
2026-04-19 09:25:14 | INFO | Episode 1092 - Reward: -200.000, Length: 200, Loss: 25.9082, Entropy: 1.0509, Epsilon: 0.010
2026-04-19 09:25:14 | INFO | Episode 1093 - Reward: -200.000, Length: 200, Loss: 8.1038, Entropy: 1.0748, Epsilon: 0.010
2026-04-19 09:25:14 | INFO | Episode 1094 - Reward: -200.000, Length: 200, Loss: 12.1489, Entropy: 1.0900, Epsilon: 0.010
2026-04-19 09:25:15 | INFO | Episode 1095 - Reward: -200.000, Length: 200, Loss: 6.1607, Entropy: 1.0904, Epsilon: 0.010
2026-04-19 09:25:15 | INFO | Episode 1096 - Reward: -200.000, Length: 200, Loss: 20.1324, Entropy: 1.0618, Epsilon: 0.010
2026-04-19 09:25:15 | INFO | Episode 1097 - Reward: -200.000, Length: 200, Loss: 23.0271, Entropy: 1.0438, Epsilon: 0.010
2026-04-19 09:25:16 | INFO | Episode 1098 - Reward: -200.000, Length: 200, Loss: 6.2110, Entropy: 1.0926, Epsilon: 0.010
2026-04-19 09:25:16 | INFO | Episode 1099 - Reward: -200.000, Length: 200, Loss: 18.5527, Entropy: 1.0705, Epsilon: 0.010
2026-04-19 09:25:16 | INFO | Episode 1100 - Reward: -200.000, Length: 200, Loss: 9.5334, Entropy: 1.0887, Epsilon: 0.010
2026-04-19 09:25:21 | INFO | [Episode 1100] eps=0.010  avg_reward=-200.000  avg_length=200.00  avg_loss= 14.5293  avg_entropy=1.0887  eval_success=0.000
2026-04-19 09:25:21 | INFO | Episode 1101 - Reward: -200.000, Length: 200, Loss: 26.8980, Entropy: 1.0755, Epsilon: 0.010
2026-04-19 09:25:22 | INFO | Episode 1102 - Reward: -200.000, Length: 200, Loss: 22.7665, Entropy: 1.0676, Epsilon: 0.010
2026-04-19 09:25:22 | INFO | Episode 1103 - Reward: -200.000, Length: 200, Loss: 12.1149, Entropy: 1.0814, Epsilon: 0.010
2026-04-19 09:25:22 | INFO | Episode 1104 - Reward: -200.000, Length: 200, Loss: 18.7315, Entropy: 1.0664, Epsilon: 0.010
2026-04-19 09:25:23 | INFO | Episode 1105 - Reward: -200.000, Length: 200, Loss: 14.6035, Entropy: 1.0615, Epsilon: 0.010
2026-04-19 09:25:23 | INFO | Episode 1106 - Reward: -200.000, Length: 200, Loss: 28.1414, Entropy: 1.0357, Epsilon: 0.010
2026-04-19 09:25:23 | INFO | Episode 1107 - Reward: -200.000, Length: 200, Loss: 14.7345, Entropy: 1.0730, Epsilon: 0.010
2026-04-19 09:25:24 | INFO | Episode 1108 - Reward: -200.000, Length: 200, Loss: 2.6696, Entropy: 1.0957, Epsilon: 0.010
2026-04-19 09:25:24 | INFO | Episode 1109 - Reward: -200.000, Length: 200, Loss: 21.2528, Entropy: 1.0648, Epsilon: 0.010
2026-04-19 09:25:24 | INFO | Episode 1110 - Reward: -200.000, Length: 200, Loss: 2.9114, Entropy: 1.0900, Epsilon: 0.010
2026-04-19 09:25:25 | INFO | Episode 1111 - Reward: -200.000, Length: 200, Loss: 6.8287, Entropy: 1.0858, Epsilon: 0.010
2026-04-19 09:25:25 | INFO | Episode 1112 - Reward: -200.000, Length: 200, Loss: 24.2772, Entropy: 1.0782, Epsilon: 0.010
2026-04-19 09:25:25 | INFO | Episode 1113 - Reward: -200.000, Length: 200, Loss: 17.4883, Entropy: 1.0653, Epsilon: 0.010
2026-04-19 09:25:26 | INFO | Episode 1114 - Reward: -200.000, Length: 200, Loss: 17.6249, Entropy: 1.0813, Epsilon: 0.010
2026-04-19 09:25:26 | INFO | Episode 1115 - Reward: -200.000, Length: 200, Loss: 9.0672, Entropy: 1.0937, Epsilon: 0.010
2026-04-19 09:25:26 | INFO | Episode 1116 - Reward: -200.000, Length: 200, Loss: 9.2649, Entropy: 1.0940, Epsilon: 0.010
2026-04-19 09:25:27 | INFO | Episode 1117 - Reward: -200.000, Length: 200, Loss: 16.0139, Entropy: 1.0888, Epsilon: 0.010
2026-04-19 09:25:27 | INFO | Episode 1118 - Reward: -200.000, Length: 200, Loss: 27.0888, Entropy: 1.0805, Epsilon: 0.010
2026-04-19 09:25:27 | INFO | Episode 1119 - Reward: -200.000, Length: 200, Loss: 24.7885, Entropy: 1.0862, Epsilon: 0.010
2026-04-19 09:25:28 | INFO | Episode 1120 - Reward: -200.000, Length: 200, Loss: 15.6981, Entropy: 1.0481, Epsilon: 0.010
2026-04-19 09:25:28 | INFO | Episode 1121 - Reward: -200.000, Length: 200, Loss: 19.1856, Entropy: 1.0871, Epsilon: 0.010
2026-04-19 09:25:28 | INFO | Episode 1122 - Reward: -200.000, Length: 200, Loss: 13.1715, Entropy: 1.0602, Epsilon: 0.010
2026-04-19 09:25:29 | INFO | Episode 1123 - Reward: -200.000, Length: 200, Loss: 17.8898, Entropy: 1.0841, Epsilon: 0.010
2026-04-19 09:25:29 | INFO | Episode 1124 - Reward: -200.000, Length: 200, Loss: 18.9533, Entropy: 1.0816, Epsilon: 0.010
2026-04-19 09:25:29 | INFO | Episode 1125 - Reward: -200.000, Length: 200, Loss: 8.2015, Entropy: 1.0932, Epsilon: 0.010
2026-04-19 09:25:29 | INFO | Episode 1126 - Reward: -200.000, Length: 200, Loss: 15.1542, Entropy: 1.0910, Epsilon: 0.010
2026-04-19 09:25:30 | INFO | Episode 1127 - Reward: -200.000, Length: 200, Loss: 17.8929, Entropy: 1.0920, Epsilon: 0.010
2026-04-19 09:25:30 | INFO | Episode 1128 - Reward: -200.000, Length: 200, Loss: 17.7168, Entropy: 1.0888, Epsilon: 0.010
2026-04-19 09:25:30 | INFO | Episode 1129 - Reward: -200.000, Length: 200, Loss: 17.5648, Entropy: 1.0891, Epsilon: 0.010
2026-04-19 09:25:31 | INFO | Episode 1130 - Reward: -200.000, Length: 200, Loss: 11.6930, Entropy: 1.0884, Epsilon: 0.010
2026-04-19 09:25:31 | INFO | Episode 1131 - Reward: -200.000, Length: 200, Loss: 12.5215, Entropy: 1.0800, Epsilon: 0.010
2026-04-19 09:25:31 | INFO | Episode 1132 - Reward: -200.000, Length: 200, Loss: 27.3299, Entropy: 1.0784, Epsilon: 0.010
2026-04-19 09:25:32 | INFO | Episode 1133 - Reward: -200.000, Length: 200, Loss: 12.7273, Entropy: 1.0851, Epsilon: 0.010
2026-04-19 09:25:32 | INFO | Episode 1134 - Reward: -200.000, Length: 200, Loss: 21.4113, Entropy: 1.0875, Epsilon: 0.010
2026-04-19 09:25:32 | INFO | Episode 1135 - Reward: -200.000, Length: 200, Loss: 11.5746, Entropy: 1.0903, Epsilon: 0.010
2026-04-19 09:25:33 | INFO | Episode 1136 - Reward: -200.000, Length: 200, Loss: 15.1560, Entropy: 1.0666, Epsilon: 0.010
2026-04-19 09:25:33 | INFO | Episode 1137 - Reward: -200.000, Length: 200, Loss: 14.6328, Entropy: 1.0889, Epsilon: 0.010
2026-04-19 09:25:33 | INFO | Episode 1138 - Reward: -200.000, Length: 200, Loss: 12.5471, Entropy: 1.0842, Epsilon: 0.010
2026-04-19 09:25:34 | INFO | Episode 1139 - Reward: -200.000, Length: 200, Loss: 28.5922, Entropy: 1.0743, Epsilon: 0.010
2026-04-19 09:25:34 | INFO | Episode 1140 - Reward: -200.000, Length: 200, Loss: 12.3968, Entropy: 1.0826, Epsilon: 0.010
2026-04-19 09:25:34 | INFO | Episode 1141 - Reward: -200.000, Length: 200, Loss: 27.8196, Entropy: 1.0633, Epsilon: 0.010
2026-04-19 09:25:35 | INFO | Episode 1142 - Reward: -200.000, Length: 200, Loss: 14.6218, Entropy: 1.0792, Epsilon: 0.010
2026-04-19 09:25:35 | INFO | Episode 1143 - Reward: -200.000, Length: 200, Loss: 27.6554, Entropy: 1.0776, Epsilon: 0.010
2026-04-19 09:25:35 | INFO | Episode 1144 - Reward: -200.000, Length: 200, Loss: 9.0484, Entropy: 1.0904, Epsilon: 0.010
2026-04-19 09:25:35 | INFO | Episode 1145 - Reward: -200.000, Length: 200, Loss: 8.7900, Entropy: 1.0942, Epsilon: 0.010
2026-04-19 09:25:36 | INFO | Episode 1146 - Reward: -200.000, Length: 200, Loss: 17.5028, Entropy: 1.0754, Epsilon: 0.010
2026-04-19 09:25:36 | INFO | Episode 1147 - Reward: -200.000, Length: 200, Loss: 21.2514, Entropy: 1.0695, Epsilon: 0.010
2026-04-19 09:25:36 | INFO | Episode 1148 - Reward: -200.000, Length: 200, Loss: 21.6216, Entropy: 1.0607, Epsilon: 0.010
2026-04-19 09:25:37 | INFO | Episode 1149 - Reward: -200.000, Length: 200, Loss: 12.5585, Entropy: 1.0564, Epsilon: 0.010
2026-04-19 09:25:37 | INFO | Episode 1150 - Reward: -200.000, Length: 200, Loss: 14.8265, Entropy: 1.0859, Epsilon: 0.010
2026-04-19 09:25:37 | INFO | Episode 1151 - Reward: -200.000, Length: 200, Loss: 15.8381, Entropy: 1.0869, Epsilon: 0.010
2026-04-19 09:25:38 | INFO | Episode 1152 - Reward: -200.000, Length: 200, Loss: 12.4292, Entropy: 1.0820, Epsilon: 0.010
2026-04-19 09:25:38 | INFO | Episode 1153 - Reward: -200.000, Length: 200, Loss: 15.8401, Entropy: 1.0779, Epsilon: 0.010
2026-04-19 09:25:38 | INFO | Episode 1154 - Reward: -200.000, Length: 200, Loss: 6.1846, Entropy: 1.0900, Epsilon: 0.010
2026-04-19 09:25:39 | INFO | Episode 1155 - Reward: -200.000, Length: 200, Loss: 24.3850, Entropy: 1.0865, Epsilon: 0.010
2026-04-19 09:25:39 | INFO | Episode 1156 - Reward: -200.000, Length: 200, Loss: 3.5780, Entropy: 1.0931, Epsilon: 0.010
2026-04-19 09:25:39 | INFO | Episode 1157 - Reward: -200.000, Length: 200, Loss: 22.0707, Entropy: 1.0719, Epsilon: 0.010
2026-04-19 09:25:39 | INFO | Episode 1158 - Reward: -200.000, Length: 200, Loss: -0.2014, Entropy: 1.0974, Epsilon: 0.010
2026-04-19 09:25:40 | INFO | Episode 1159 - Reward: -200.000, Length: 200, Loss: 16.7174, Entropy: 1.0666, Epsilon: 0.010
2026-04-19 09:25:40 | INFO | Episode 1160 - Reward: -200.000, Length: 200, Loss: 13.2253, Entropy: 1.0856, Epsilon: 0.010
2026-04-19 09:25:40 | INFO | Episode 1161 - Reward: -200.000, Length: 200, Loss: 12.6503, Entropy: 1.0846, Epsilon: 0.010
2026-04-19 09:25:41 | INFO | Episode 1162 - Reward: -200.000, Length: 200, Loss: 18.0754, Entropy: 1.0826, Epsilon: 0.010
2026-04-19 09:25:41 | INFO | Episode 1163 - Reward: -200.000, Length: 200, Loss: 15.6694, Entropy: 1.0887, Epsilon: 0.010
2026-04-19 09:25:41 | INFO | Episode 1164 - Reward: -200.000, Length: 200, Loss: 12.6802, Entropy: 1.0846, Epsilon: 0.010
2026-04-19 09:25:42 | INFO | Episode 1165 - Reward: -200.000, Length: 200, Loss: 16.7904, Entropy: 1.0731, Epsilon: 0.010
2026-04-19 09:25:42 | INFO | Episode 1166 - Reward: -200.000, Length: 200, Loss: 22.5735, Entropy: 1.0750, Epsilon: 0.010
2026-04-19 09:25:42 | INFO | Episode 1167 - Reward: -200.000, Length: 200, Loss: 9.2088, Entropy: 1.0887, Epsilon: 0.010
2026-04-19 09:25:43 | INFO | Episode 1168 - Reward: -200.000, Length: 200, Loss: 25.6712, Entropy: 1.0687, Epsilon: 0.010
2026-04-19 09:25:43 | INFO | Episode 1169 - Reward: -200.000, Length: 200, Loss: 8.5520, Entropy: 1.0873, Epsilon: 0.010
2026-04-19 09:25:43 | INFO | Episode 1170 - Reward: -200.000, Length: 200, Loss: 9.3783, Entropy: 1.0872, Epsilon: 0.010
2026-04-19 09:25:44 | INFO | Episode 1171 - Reward: -200.000, Length: 200, Loss: 16.5060, Entropy: 1.0707, Epsilon: 0.010
2026-04-19 09:25:44 | INFO | Episode 1172 - Reward: -200.000, Length: 200, Loss: 14.4739, Entropy: 1.0803, Epsilon: 0.010
2026-04-19 09:25:44 | INFO | Episode 1173 - Reward: -200.000, Length: 200, Loss: 6.5202, Entropy: 1.0851, Epsilon: 0.010
2026-04-19 09:25:44 | INFO | Episode 1174 - Reward: -200.000, Length: 200, Loss: 24.6019, Entropy: 1.0796, Epsilon: 0.010
2026-04-19 09:25:45 | INFO | Episode 1175 - Reward: -200.000, Length: 200, Loss: 25.0745, Entropy: 1.0836, Epsilon: 0.010
2026-04-19 09:25:45 | INFO | Episode 1176 - Reward: -200.000, Length: 200, Loss: 12.4746, Entropy: 1.0838, Epsilon: 0.010
2026-04-19 09:25:45 | INFO | Episode 1177 - Reward: -200.000, Length: 200, Loss: 16.6635, Entropy: 1.0725, Epsilon: 0.010
2026-04-19 09:25:46 | INFO | Episode 1178 - Reward: -200.000, Length: 200, Loss: 28.5918, Entropy: 1.0445, Epsilon: 0.010
2026-04-19 09:25:46 | INFO | Episode 1179 - Reward: -200.000, Length: 200, Loss: 14.3662, Entropy: 1.0690, Epsilon: 0.010
2026-04-19 09:25:46 | INFO | Episode 1180 - Reward: -200.000, Length: 200, Loss: 2.3262, Entropy: 1.0921, Epsilon: 0.010
2026-04-19 09:25:47 | INFO | Episode 1181 - Reward: -200.000, Length: 200, Loss: 9.2736, Entropy: 1.0913, Epsilon: 0.010
2026-04-19 09:25:47 | INFO | Episode 1182 - Reward: -200.000, Length: 200, Loss: 18.5264, Entropy: 1.0766, Epsilon: 0.010
2026-04-19 09:25:47 | INFO | Episode 1183 - Reward: -200.000, Length: 200, Loss: 5.8812, Entropy: 1.0969, Epsilon: 0.010
2026-04-19 09:25:48 | INFO | Episode 1184 - Reward: -200.000, Length: 200, Loss: 36.8149, Entropy: 1.0649, Epsilon: 0.010
2026-04-19 09:25:48 | INFO | Episode 1185 - Reward: -200.000, Length: 200, Loss: 17.8483, Entropy: 1.0873, Epsilon: 0.010
2026-04-19 09:25:48 | INFO | Episode 1186 - Reward: -200.000, Length: 200, Loss: 20.1213, Entropy: 1.0376, Epsilon: 0.010
2026-04-19 09:25:49 | INFO | Episode 1187 - Reward: -200.000, Length: 200, Loss: 3.0873, Entropy: 1.0927, Epsilon: 0.010
2026-04-19 09:25:49 | INFO | Episode 1188 - Reward: -200.000, Length: 200, Loss: 2.5139, Entropy: 1.0960, Epsilon: 0.010
2026-04-19 09:25:49 | INFO | Episode 1189 - Reward: -200.000, Length: 200, Loss: 15.4703, Entropy: 1.0887, Epsilon: 0.010
2026-04-19 09:25:49 | INFO | Episode 1190 - Reward: -200.000, Length: 200, Loss: 5.1886, Entropy: 1.0936, Epsilon: 0.010
2026-04-19 09:25:50 | INFO | Episode 1191 - Reward: -200.000, Length: 200, Loss: 25.4050, Entropy: 1.0600, Epsilon: 0.010
2026-04-19 09:25:50 | INFO | Episode 1192 - Reward: -200.000, Length: 200, Loss: 30.0347, Entropy: 1.0885, Epsilon: 0.010
2026-04-19 09:25:50 | INFO | Episode 1193 - Reward: -200.000, Length: 200, Loss: 9.7368, Entropy: 1.0907, Epsilon: 0.010
2026-04-19 09:25:51 | INFO | Episode 1194 - Reward: -200.000, Length: 200, Loss: 22.6828, Entropy: 1.0603, Epsilon: 0.010
2026-04-19 09:25:51 | INFO | Episode 1195 - Reward: -200.000, Length: 200, Loss: 22.2352, Entropy: 1.0380, Epsilon: 0.010
2026-04-19 09:25:51 | INFO | Episode 1196 - Reward: -200.000, Length: 200, Loss: 21.2718, Entropy: 1.0808, Epsilon: 0.010
2026-04-19 09:25:52 | INFO | Episode 1197 - Reward: -200.000, Length: 200, Loss: 15.5785, Entropy: 1.0820, Epsilon: 0.010
2026-04-19 09:25:52 | INFO | Episode 1198 - Reward: -200.000, Length: 200, Loss: 15.3722, Entropy: 1.0875, Epsilon: 0.010
2026-04-19 09:25:52 | INFO | Episode 1199 - Reward: -200.000, Length: 200, Loss: 12.7735, Entropy: 1.0876, Epsilon: 0.010
2026-04-19 09:25:53 | INFO | Episode 1200 - Reward: -200.000, Length: 200, Loss: 12.2986, Entropy: 1.0903, Epsilon: 0.010
2026-04-19 09:25:57 | INFO | [Episode 1200] eps=0.010  avg_reward=-200.000  avg_length=200.00  avg_loss= 16.0000  avg_entropy=1.0903  eval_success=0.000
2026-04-19 09:25:58 | INFO | Episode 1201 - Reward: -200.000, Length: 200, Loss: 12.5545, Entropy: 1.0890, Epsilon: 0.010
2026-04-19 09:25:58 | INFO | Episode 1202 - Reward: -200.000, Length: 200, Loss: 19.4035, Entropy: 1.0607, Epsilon: 0.010
2026-04-19 09:25:58 | INFO | Episode 1203 - Reward: -200.000, Length: 200, Loss: 17.4408, Entropy: 1.0726, Epsilon: 0.010
2026-04-19 09:25:59 | INFO | Episode 1204 - Reward: -200.000, Length: 200, Loss: 18.1653, Entropy: 1.0849, Epsilon: 0.010
2026-04-19 09:25:59 | INFO | Episode 1205 - Reward: -200.000, Length: 200, Loss: 21.8623, Entropy: 1.0923, Epsilon: 0.010
2026-04-19 09:25:59 | INFO | Episode 1206 - Reward: -200.000, Length: 200, Loss: 16.1929, Entropy: 1.0786, Epsilon: 0.010
2026-04-19 09:26:00 | INFO | Episode 1207 - Reward: -200.000, Length: 200, Loss: 19.4857, Entropy: 1.0833, Epsilon: 0.010
2026-04-19 09:26:00 | INFO | Episode 1208 - Reward: -200.000, Length: 200, Loss: 31.6470, Entropy: 1.0787, Epsilon: 0.010
2026-04-19 09:26:00 | INFO | Episode 1209 - Reward: -200.000, Length: 200, Loss: 25.0027, Entropy: 1.0863, Epsilon: 0.010
2026-04-19 09:26:01 | INFO | Episode 1210 - Reward: -200.000, Length: 200, Loss: 13.9490, Entropy: 1.0537, Epsilon: 0.010
2026-04-19 09:26:01 | INFO | Episode 1211 - Reward: -200.000, Length: 200, Loss: 21.7873, Entropy: 1.0720, Epsilon: 0.010
2026-04-19 09:26:01 | INFO | Episode 1212 - Reward: -200.000, Length: 200, Loss: 6.7916, Entropy: 1.0779, Epsilon: 0.010
2026-04-19 09:26:02 | INFO | Episode 1213 - Reward: -200.000, Length: 200, Loss: 19.8998, Entropy: 1.0666, Epsilon: 0.010
2026-04-19 09:26:02 | INFO | Episode 1214 - Reward: -200.000, Length: 200, Loss: 18.9096, Entropy: 1.0761, Epsilon: 0.010
2026-04-19 09:26:02 | INFO | Episode 1215 - Reward: -200.000, Length: 200, Loss: 19.5728, Entropy: 1.0820, Epsilon: 0.010
2026-04-19 09:26:03 | INFO | Episode 1216 - Reward: -200.000, Length: 200, Loss: 12.7469, Entropy: 1.0815, Epsilon: 0.010
2026-04-19 09:26:03 | INFO | Episode 1217 - Reward: -200.000, Length: 200, Loss: 16.7437, Entropy: 1.0402, Epsilon: 0.010
2026-04-19 09:26:03 | INFO | Episode 1218 - Reward: -200.000, Length: 200, Loss: 17.8898, Entropy: 1.0853, Epsilon: 0.010
2026-04-19 09:26:04 | INFO | Episode 1219 - Reward: -200.000, Length: 200, Loss: 19.9120, Entropy: 1.0736, Epsilon: 0.010
2026-04-19 09:26:04 | INFO | Episode 1220 - Reward: -200.000, Length: 200, Loss: 11.9066, Entropy: 1.0901, Epsilon: 0.010
2026-04-19 09:26:04 | INFO | Episode 1221 - Reward: -200.000, Length: 200, Loss: 21.7996, Entropy: 1.0804, Epsilon: 0.010
2026-04-19 09:26:04 | INFO | Episode 1222 - Reward: -200.000, Length: 200, Loss: 24.5300, Entropy: 1.0743, Epsilon: 0.010
2026-04-19 09:26:05 | INFO | Episode 1223 - Reward: -200.000, Length: 200, Loss: 20.3563, Entropy: 1.0588, Epsilon: 0.010
2026-04-19 09:26:05 | INFO | Episode 1224 - Reward: -200.000, Length: 200, Loss: 20.7145, Entropy: 1.0678, Epsilon: 0.010
2026-04-19 09:26:05 | INFO | Episode 1225 - Reward: -200.000, Length: 200, Loss: 2.9235, Entropy: 1.0921, Epsilon: 0.010
2026-04-19 09:26:06 | INFO | Episode 1226 - Reward: -200.000, Length: 200, Loss: 9.6458, Entropy: 1.0873, Epsilon: 0.010
2026-04-19 09:26:06 | INFO | Episode 1227 - Reward: -200.000, Length: 200, Loss: 2.5693, Entropy: 1.0956, Epsilon: 0.010
2026-04-19 09:26:06 | INFO | Episode 1228 - Reward: -200.000, Length: 200, Loss: 6.4341, Entropy: 1.0888, Epsilon: 0.010
2026-04-19 09:26:07 | INFO | Episode 1229 - Reward: -200.000, Length: 200, Loss: 16.5562, Entropy: 1.0711, Epsilon: 0.010
2026-04-19 09:26:07 | INFO | Episode 1230 - Reward: -200.000, Length: 200, Loss: 15.3356, Entropy: 1.0777, Epsilon: 0.010
2026-04-19 09:26:07 | INFO | Episode 1231 - Reward: -200.000, Length: 200, Loss: 12.6772, Entropy: 1.0907, Epsilon: 0.010
2026-04-19 09:26:08 | INFO | Episode 1232 - Reward: -200.000, Length: 200, Loss: 14.5341, Entropy: 1.0851, Epsilon: 0.010
2026-04-19 09:26:08 | INFO | Episode 1233 - Reward: -200.000, Length: 200, Loss: 11.8881, Entropy: 1.0732, Epsilon: 0.010
2026-04-19 09:26:08 | INFO | Episode 1234 - Reward: -200.000, Length: 200, Loss: 12.3124, Entropy: 1.0831, Epsilon: 0.010
2026-04-19 09:26:09 | INFO | Episode 1235 - Reward: -200.000, Length: 200, Loss: -0.1910, Entropy: 1.0979, Epsilon: 0.010
2026-04-19 09:26:09 | INFO | Episode 1236 - Reward: -200.000, Length: 200, Loss: 8.8519, Entropy: 1.0840, Epsilon: 0.010
2026-04-19 09:26:09 | INFO | Episode 1237 - Reward: -200.000, Length: 200, Loss: 19.1876, Entropy: 1.0830, Epsilon: 0.010
2026-04-19 09:26:09 | INFO | Episode 1238 - Reward: -200.000, Length: 200, Loss: 16.2250, Entropy: 1.0880, Epsilon: 0.010
2026-04-19 09:26:10 | INFO | Episode 1239 - Reward: -200.000, Length: 200, Loss: 5.6564, Entropy: 1.0925, Epsilon: 0.010
2026-04-19 09:26:10 | INFO | Episode 1240 - Reward: -200.000, Length: 200, Loss: 15.7291, Entropy: 1.0850, Epsilon: 0.010
2026-04-19 09:26:10 | INFO | Episode 1241 - Reward: -200.000, Length: 200, Loss: 19.0969, Entropy: 1.0754, Epsilon: 0.010
2026-04-19 09:26:11 | INFO | Episode 1242 - Reward: -200.000, Length: 200, Loss: 10.1339, Entropy: 1.0835, Epsilon: 0.010
2026-04-19 09:26:11 | INFO | Episode 1243 - Reward: -200.000, Length: 200, Loss: 28.5338, Entropy: 1.0430, Epsilon: 0.010
2026-04-19 09:26:11 | INFO | Episode 1244 - Reward: -200.000, Length: 200, Loss: 2.7658, Entropy: 1.0919, Epsilon: 0.010
2026-04-19 09:26:12 | INFO | Episode 1245 - Reward: -200.000, Length: 200, Loss: 22.4521, Entropy: 1.0779, Epsilon: 0.010
2026-04-19 09:26:12 | INFO | Episode 1246 - Reward: -200.000, Length: 200, Loss: 11.8837, Entropy: 1.0698, Epsilon: 0.010
2026-04-19 09:26:12 | INFO | Episode 1247 - Reward: -200.000, Length: 200, Loss: 13.2366, Entropy: 1.0790, Epsilon: 0.010
2026-04-19 09:26:13 | INFO | Episode 1248 - Reward: -200.000, Length: 200, Loss: 16.3601, Entropy: 1.0754, Epsilon: 0.010
2026-04-19 09:26:13 | INFO | Episode 1249 - Reward: -200.000, Length: 200, Loss: 12.7961, Entropy: 1.0906, Epsilon: 0.010
2026-04-19 09:26:13 | INFO | Episode 1250 - Reward: -200.000, Length: 200, Loss: 12.6370, Entropy: 1.0890, Epsilon: 0.010
2026-04-19 09:26:14 | INFO | Episode 1251 - Reward: -200.000, Length: 200, Loss: 21.0275, Entropy: 1.0652, Epsilon: 0.010
2026-04-19 09:26:14 | INFO | Episode 1252 - Reward: -200.000, Length: 200, Loss: 16.4576, Entropy: 1.0835, Epsilon: 0.010
2026-04-19 09:26:14 | INFO | Episode 1253 - Reward: -200.000, Length: 200, Loss: 9.5808, Entropy: 1.0808, Epsilon: 0.010
2026-04-19 09:26:15 | INFO | Episode 1254 - Reward: -200.000, Length: 200, Loss: 12.2163, Entropy: 1.0816, Epsilon: 0.010
2026-04-19 09:26:15 | INFO | Episode 1255 - Reward: -200.000, Length: 200, Loss: 10.0768, Entropy: 1.0807, Epsilon: 0.010
2026-04-19 09:26:15 | INFO | Episode 1256 - Reward: -200.000, Length: 200, Loss: 18.7748, Entropy: 1.0846, Epsilon: 0.010
2026-04-19 09:26:16 | INFO | Episode 1257 - Reward: -200.000, Length: 200, Loss: 22.7408, Entropy: 1.0688, Epsilon: 0.010
2026-04-19 09:26:16 | INFO | Episode 1258 - Reward: -200.000, Length: 200, Loss: 32.2206, Entropy: 1.0541, Epsilon: 0.010
2026-04-19 09:26:16 | INFO | Episode 1259 - Reward: -200.000, Length: 200, Loss: 8.9140, Entropy: 1.0872, Epsilon: 0.010
2026-04-19 09:26:17 | INFO | Episode 1260 - Reward: -200.000, Length: 200, Loss: 13.2131, Entropy: 1.0757, Epsilon: 0.010
2026-04-19 09:26:17 | INFO | Episode 1261 - Reward: -200.000, Length: 200, Loss: 26.8625, Entropy: 1.0695, Epsilon: 0.010
2026-04-19 09:26:17 | INFO | Episode 1262 - Reward: -200.000, Length: 200, Loss: 22.6354, Entropy: 1.0825, Epsilon: 0.010
2026-04-19 09:26:17 | INFO | Episode 1263 - Reward: -200.000, Length: 200, Loss: 25.3213, Entropy: 1.0848, Epsilon: 0.010
2026-04-19 09:26:18 | INFO | Episode 1264 - Reward: -200.000, Length: 200, Loss: 22.5492, Entropy: 1.0624, Epsilon: 0.010
2026-04-19 09:26:19 | INFO | Episode 1265 - Reward: -200.000, Length: 200, Loss: 32.5336, Entropy: 1.0127, Epsilon: 0.010
2026-04-19 09:26:19 | INFO | Episode 1266 - Reward: -200.000, Length: 200, Loss: 21.6982, Entropy: 1.0739, Epsilon: 0.010
2026-04-19 09:26:20 | INFO | Episode 1267 - Reward: -200.000, Length: 200, Loss: 26.0492, Entropy: 1.0760, Epsilon: 0.010
2026-04-19 09:26:20 | INFO | Episode 1268 - Reward: -200.000, Length: 200, Loss: 12.2494, Entropy: 1.0850, Epsilon: 0.010
2026-04-19 09:26:20 | INFO | Episode 1269 - Reward: -200.000, Length: 200, Loss: 10.0084, Entropy: 1.0886, Epsilon: 0.010
2026-04-19 09:26:21 | INFO | Episode 1270 - Reward: -200.000, Length: 200, Loss: 30.4195, Entropy: 1.0744, Epsilon: 0.010
2026-04-19 09:26:21 | INFO | Episode 1271 - Reward: -200.000, Length: 200, Loss: 18.8441, Entropy: 1.0900, Epsilon: 0.010
2026-04-19 09:26:21 | INFO | Episode 1272 - Reward: -200.000, Length: 200, Loss: 9.0773, Entropy: 1.0937, Epsilon: 0.010
2026-04-19 09:26:21 | INFO | Episode 1273 - Reward: -200.000, Length: 200, Loss: 15.4126, Entropy: 1.0918, Epsilon: 0.010
2026-04-19 09:26:22 | INFO | Episode 1274 - Reward: -200.000, Length: 200, Loss: 21.6872, Entropy: 1.0813, Epsilon: 0.010
2026-04-19 09:26:22 | INFO | Episode 1275 - Reward: -200.000, Length: 200, Loss: 5.4446, Entropy: 1.0910, Epsilon: 0.010
2026-04-19 09:26:22 | INFO | Episode 1276 - Reward: -200.000, Length: 200, Loss: 18.3307, Entropy: 1.0799, Epsilon: 0.010
2026-04-19 09:26:23 | INFO | Episode 1277 - Reward: -200.000, Length: 200, Loss: 11.6350, Entropy: 1.0730, Epsilon: 0.010
2026-04-19 09:26:23 | INFO | Episode 1278 - Reward: -200.000, Length: 200, Loss: 8.4621, Entropy: 1.0891, Epsilon: 0.010
2026-04-19 09:26:23 | INFO | Episode 1279 - Reward: -200.000, Length: 200, Loss: 12.1572, Entropy: 1.0877, Epsilon: 0.010
2026-04-19 09:26:24 | INFO | Episode 1280 - Reward: -200.000, Length: 200, Loss: 5.4343, Entropy: 1.0757, Epsilon: 0.010
2026-04-19 09:26:24 | INFO | Episode 1281 - Reward: -200.000, Length: 200, Loss: 6.3413, Entropy: 1.0924, Epsilon: 0.010
2026-04-19 09:26:24 | INFO | Episode 1282 - Reward: -200.000, Length: 200, Loss: 12.5431, Entropy: 1.0914, Epsilon: 0.010
2026-04-19 09:26:25 | INFO | Episode 1283 - Reward: -200.000, Length: 200, Loss: 15.8492, Entropy: 1.0645, Epsilon: 0.010
2026-04-19 09:26:25 | INFO | Episode 1284 - Reward: -200.000, Length: 200, Loss: 12.2009, Entropy: 1.0899, Epsilon: 0.010
2026-04-19 09:26:25 | INFO | Episode 1285 - Reward: -200.000, Length: 200, Loss: 15.9547, Entropy: 1.0832, Epsilon: 0.010
2026-04-19 09:26:26 | INFO | Episode 1286 - Reward: -200.000, Length: 200, Loss: 9.0905, Entropy: 1.0868, Epsilon: 0.010
2026-04-19 09:26:26 | INFO | Episode 1287 - Reward: -200.000, Length: 200, Loss: 29.5725, Entropy: 1.0444, Epsilon: 0.010
2026-04-19 09:26:26 | INFO | Episode 1288 - Reward: -200.000, Length: 200, Loss: 25.7589, Entropy: 1.0565, Epsilon: 0.010
2026-04-19 09:26:26 | INFO | Episode 1289 - Reward: -200.000, Length: 200, Loss: 21.1878, Entropy: 1.0868, Epsilon: 0.010
2026-04-19 09:26:27 | INFO | Episode 1290 - Reward: -200.000, Length: 200, Loss: 20.9294, Entropy: 1.0834, Epsilon: 0.010
2026-04-19 09:26:27 | INFO | Episode 1291 - Reward: -200.000, Length: 200, Loss: 19.2496, Entropy: 1.0712, Epsilon: 0.010
2026-04-19 09:26:27 | INFO | Episode 1292 - Reward: -200.000, Length: 200, Loss: 12.0718, Entropy: 1.0779, Epsilon: 0.010
2026-04-19 09:26:28 | INFO | Episode 1293 - Reward: -200.000, Length: 200, Loss: 18.2110, Entropy: 1.0621, Epsilon: 0.010
2026-04-19 09:26:28 | INFO | Episode 1294 - Reward: -200.000, Length: 200, Loss: 17.0310, Entropy: 1.0654, Epsilon: 0.010
2026-04-19 09:26:28 | INFO | Episode 1295 - Reward: -200.000, Length: 200, Loss: 8.0267, Entropy: 1.0901, Epsilon: 0.010
2026-04-19 09:26:29 | INFO | Episode 1296 - Reward: -200.000, Length: 200, Loss: 18.7987, Entropy: 1.0781, Epsilon: 0.010
2026-04-19 09:26:29 | INFO | Episode 1297 - Reward: -200.000, Length: 200, Loss: 19.9549, Entropy: 1.0800, Epsilon: 0.010
2026-04-19 09:26:29 | INFO | Episode 1298 - Reward: -200.000, Length: 200, Loss: 14.5917, Entropy: 1.0836, Epsilon: 0.010
2026-04-19 09:26:30 | INFO | Episode 1299 - Reward: -200.000, Length: 200, Loss: 22.1298, Entropy: 1.0897, Epsilon: 0.010
2026-04-19 09:26:30 | INFO | Episode 1300 - Reward: -200.000, Length: 200, Loss: 25.8283, Entropy: 1.0807, Epsilon: 0.010
2026-04-19 09:26:35 | INFO | [Episode 1300] eps=0.010  avg_reward=-200.000  avg_length=200.00  avg_loss= 16.3685  avg_entropy=1.0807  eval_success=0.000
2026-04-19 09:26:35 | INFO | Episode 1301 - Reward: -200.000, Length: 200, Loss: 10.7652, Entropy: 1.0914, Epsilon: 0.010
2026-04-19 09:26:36 | INFO | Episode 1302 - Reward: -200.000, Length: 200, Loss: 13.7097, Entropy: 1.0912, Epsilon: 0.010
2026-04-19 09:26:36 | INFO | Episode 1303 - Reward: -200.000, Length: 200, Loss: 14.7276, Entropy: 1.0877, Epsilon: 0.010
2026-04-19 09:26:36 | INFO | Episode 1304 - Reward: -200.000, Length: 200, Loss: 10.5292, Entropy: 1.0715, Epsilon: 0.010
2026-04-19 09:26:37 | INFO | Episode 1305 - Reward: -200.000, Length: 200, Loss: 5.7418, Entropy: 1.0934, Epsilon: 0.010
2026-04-19 09:26:37 | INFO | Episode 1306 - Reward: -200.000, Length: 200, Loss: 7.6875, Entropy: 1.0951, Epsilon: 0.010
2026-04-19 09:26:37 | INFO | Episode 1307 - Reward: -200.000, Length: 200, Loss: 15.9857, Entropy: 1.0702, Epsilon: 0.010
2026-04-19 09:26:37 | INFO | Episode 1308 - Reward: -200.000, Length: 200, Loss: 22.7145, Entropy: 1.0791, Epsilon: 0.010
2026-04-19 09:26:38 | INFO | Episode 1309 - Reward: -200.000, Length: 200, Loss: 14.2158, Entropy: 1.0779, Epsilon: 0.010
2026-04-19 09:26:38 | INFO | Episode 1310 - Reward: -200.000, Length: 200, Loss: 11.1810, Entropy: 1.0877, Epsilon: 0.010
2026-04-19 09:26:38 | INFO | Episode 1311 - Reward: -200.000, Length: 200, Loss: 20.0027, Entropy: 1.0584, Epsilon: 0.010
2026-04-19 09:26:39 | INFO | Episode 1312 - Reward: -200.000, Length: 200, Loss: 13.7734, Entropy: 1.0885, Epsilon: 0.010
2026-04-19 09:26:39 | INFO | Episode 1313 - Reward: -200.000, Length: 200, Loss: 15.3544, Entropy: 1.0773, Epsilon: 0.010
2026-04-19 09:26:39 | INFO | Episode 1314 - Reward: -200.000, Length: 200, Loss: 14.3660, Entropy: 1.0883, Epsilon: 0.010
2026-04-19 09:26:40 | INFO | Episode 1315 - Reward: -200.000, Length: 200, Loss: 11.0941, Entropy: 1.0908, Epsilon: 0.010
2026-04-19 09:26:40 | INFO | Episode 1316 - Reward: -200.000, Length: 200, Loss: 14.2555, Entropy: 1.0838, Epsilon: 0.010
2026-04-19 09:26:40 | INFO | Episode 1317 - Reward: -200.000, Length: 200, Loss: 31.8333, Entropy: 1.0813, Epsilon: 0.010
2026-04-19 09:26:41 | INFO | Episode 1318 - Reward: -200.000, Length: 200, Loss: 31.8214, Entropy: 1.0865, Epsilon: 0.010
2026-04-19 09:26:41 | INFO | Episode 1319 - Reward: -200.000, Length: 200, Loss: 11.0753, Entropy: 1.0914, Epsilon: 0.010
2026-04-19 09:26:41 | INFO | Episode 1320 - Reward: -200.000, Length: 200, Loss: 18.5547, Entropy: 1.0719, Epsilon: 0.010
2026-04-19 09:26:42 | INFO | Episode 1321 - Reward: -200.000, Length: 200, Loss: 13.6067, Entropy: 1.0857, Epsilon: 0.010
2026-04-19 09:26:42 | INFO | Episode 1322 - Reward: -200.000, Length: 200, Loss: 22.4994, Entropy: 1.0861, Epsilon: 0.010
2026-04-19 09:26:42 | INFO | Episode 1323 - Reward: -200.000, Length: 200, Loss: 17.1680, Entropy: 1.0673, Epsilon: 0.010
2026-04-19 09:26:42 | INFO | Episode 1324 - Reward: -200.000, Length: 200, Loss: 13.8036, Entropy: 1.0820, Epsilon: 0.010
2026-04-19 09:26:43 | INFO | Episode 1325 - Reward: -200.000, Length: 200, Loss: 11.0658, Entropy: 1.0939, Epsilon: 0.010
2026-04-19 09:26:43 | INFO | Episode 1326 - Reward: -200.000, Length: 200, Loss: 16.5414, Entropy: 1.0812, Epsilon: 0.010
2026-04-19 09:26:43 | INFO | Episode 1327 - Reward: -200.000, Length: 200, Loss: 14.3610, Entropy: 1.0779, Epsilon: 0.010
2026-04-19 09:26:44 | INFO | Episode 1328 - Reward: -200.000, Length: 200, Loss: 10.2323, Entropy: 1.0943, Epsilon: 0.010
2026-04-19 09:26:44 | INFO | Episode 1329 - Reward: -200.000, Length: 200, Loss: 10.5049, Entropy: 1.0801, Epsilon: 0.010
2026-04-19 09:26:44 | INFO | Episode 1330 - Reward: -200.000, Length: 200, Loss: 24.6826, Entropy: 1.0739, Epsilon: 0.010
2026-04-19 09:26:45 | INFO | Episode 1331 - Reward: -200.000, Length: 200, Loss: 13.5473, Entropy: 1.0892, Epsilon: 0.010
2026-04-19 09:26:45 | INFO | Episode 1332 - Reward: -200.000, Length: 200, Loss: 15.7451, Entropy: 1.0862, Epsilon: 0.010
2026-04-19 09:26:45 | INFO | Episode 1333 - Reward: -200.000, Length: 200, Loss: 13.5268, Entropy: 1.0954, Epsilon: 0.010
2026-04-19 09:26:46 | INFO | Episode 1334 - Reward: -200.000, Length: 200, Loss: 12.6772, Entropy: 1.0689, Epsilon: 0.010
2026-04-19 09:26:46 | INFO | Episode 1335 - Reward: -200.000, Length: 200, Loss: 15.3804, Entropy: 1.0800, Epsilon: 0.010
2026-04-19 09:26:46 | INFO | Episode 1336 - Reward: -200.000, Length: 200, Loss: 7.0441, Entropy: 1.0861, Epsilon: 0.010
2026-04-19 09:26:47 | INFO | Episode 1337 - Reward: -200.000, Length: 200, Loss: 10.0711, Entropy: 1.0849, Epsilon: 0.010
2026-04-19 09:26:47 | INFO | Episode 1338 - Reward: -200.000, Length: 200, Loss: 7.9000, Entropy: 1.0868, Epsilon: 0.010
2026-04-19 09:26:47 | INFO | Episode 1339 - Reward: -200.000, Length: 200, Loss: 12.7384, Entropy: 1.0893, Epsilon: 0.010
2026-04-19 09:26:47 | INFO | Episode 1340 - Reward: -200.000, Length: 200, Loss: 16.0429, Entropy: 1.0823, Epsilon: 0.010
2026-04-19 09:26:48 | INFO | Episode 1341 - Reward: -200.000, Length: 200, Loss: 19.5004, Entropy: 1.0690, Epsilon: 0.010
2026-04-19 09:26:48 | INFO | Episode 1342 - Reward: -200.000, Length: 200, Loss: 16.0409, Entropy: 1.0927, Epsilon: 0.010
2026-04-19 09:26:48 | INFO | Episode 1343 - Reward: -200.000, Length: 200, Loss: 26.3556, Entropy: 1.0822, Epsilon: 0.010
2026-04-19 09:26:49 | INFO | Episode 1344 - Reward: -200.000, Length: 200, Loss: 23.9734, Entropy: 1.0902, Epsilon: 0.010
2026-04-19 09:26:49 | INFO | Episode 1345 - Reward: -200.000, Length: 200, Loss: 13.6915, Entropy: 1.0930, Epsilon: 0.010
2026-04-19 09:26:49 | INFO | Episode 1346 - Reward: -200.000, Length: 200, Loss: 9.7318, Entropy: 1.0817, Epsilon: 0.010
2026-04-19 09:26:50 | INFO | Episode 1347 - Reward: -200.000, Length: 200, Loss: 13.5178, Entropy: 1.0819, Epsilon: 0.010
2026-04-19 09:26:50 | INFO | Episode 1348 - Reward: -200.000, Length: 200, Loss: 8.3362, Entropy: 1.0919, Epsilon: 0.010
2026-04-19 09:26:50 | INFO | Episode 1349 - Reward: -200.000, Length: 200, Loss: 10.6491, Entropy: 1.0881, Epsilon: 0.010
2026-04-19 09:26:51 | INFO | Episode 1350 - Reward: -200.000, Length: 200, Loss: 19.5016, Entropy: 1.0874, Epsilon: 0.010
2026-04-19 09:26:51 | INFO | Episode 1351 - Reward: -200.000, Length: 200, Loss: 22.0595, Entropy: 1.0302, Epsilon: 0.010
2026-04-19 09:26:51 | INFO | Episode 1352 - Reward: -200.000, Length: 200, Loss: 13.2533, Entropy: 1.0867, Epsilon: 0.010
2026-04-19 09:26:51 | INFO | Episode 1353 - Reward: -200.000, Length: 200, Loss: 20.7616, Entropy: 1.0827, Epsilon: 0.010
2026-04-19 09:26:52 | INFO | Episode 1354 - Reward: -200.000, Length: 200, Loss: 12.5136, Entropy: 1.0826, Epsilon: 0.010
2026-04-19 09:26:52 | INFO | Episode 1355 - Reward: -200.000, Length: 200, Loss: 21.4769, Entropy: 1.0850, Epsilon: 0.010
2026-04-19 09:26:52 | INFO | Episode 1356 - Reward: -200.000, Length: 200, Loss: 13.0278, Entropy: 1.0741, Epsilon: 0.010
2026-04-19 09:26:53 | INFO | Episode 1357 - Reward: -200.000, Length: 200, Loss: 12.7882, Entropy: 1.0911, Epsilon: 0.010
2026-04-19 09:26:53 | INFO | Episode 1358 - Reward: -200.000, Length: 200, Loss: 12.6106, Entropy: 1.0863, Epsilon: 0.010
2026-04-19 09:26:53 | INFO | Episode 1359 - Reward: -200.000, Length: 200, Loss: 12.5406, Entropy: 1.0821, Epsilon: 0.010
2026-04-19 09:26:54 | INFO | Episode 1360 - Reward: -200.000, Length: 200, Loss: 2.1565, Entropy: 1.0957, Epsilon: 0.010
2026-04-19 09:26:54 | INFO | Episode 1361 - Reward: -200.000, Length: 200, Loss: 10.5143, Entropy: 1.0869, Epsilon: 0.010
2026-04-19 09:26:54 | INFO | Episode 1362 - Reward: -200.000, Length: 200, Loss: 9.7716, Entropy: 1.0830, Epsilon: 0.010
2026-04-19 09:26:55 | INFO | Episode 1363 - Reward: -200.000, Length: 200, Loss: 23.4113, Entropy: 1.0871, Epsilon: 0.010
2026-04-19 09:26:55 | INFO | Episode 1364 - Reward: -200.000, Length: 200, Loss: 14.6981, Entropy: 1.0819, Epsilon: 0.010
2026-04-19 09:26:55 | INFO | Episode 1365 - Reward: -200.000, Length: 200, Loss: 10.0911, Entropy: 1.0899, Epsilon: 0.010
2026-04-19 09:26:56 | INFO | Episode 1366 - Reward: -200.000, Length: 200, Loss: 13.1532, Entropy: 1.0858, Epsilon: 0.010
2026-04-19 09:26:56 | INFO | Episode 1367 - Reward: -200.000, Length: 200, Loss: 7.3525, Entropy: 1.0954, Epsilon: 0.010
2026-04-19 09:26:56 | INFO | Episode 1368 - Reward: -200.000, Length: 200, Loss: 19.5115, Entropy: 1.0693, Epsilon: 0.010
2026-04-19 09:26:56 | INFO | Episode 1369 - Reward: -200.000, Length: 200, Loss: 6.9852, Entropy: 1.0871, Epsilon: 0.010
2026-04-19 09:26:57 | INFO | Episode 1370 - Reward: -200.000, Length: 200, Loss: 16.1619, Entropy: 1.0874, Epsilon: 0.010
2026-04-19 09:26:57 | INFO | Episode 1371 - Reward: -200.000, Length: 200, Loss: 9.6029, Entropy: 1.0878, Epsilon: 0.010
2026-04-19 09:26:57 | INFO | Episode 1372 - Reward: -200.000, Length: 200, Loss: 10.4950, Entropy: 1.0908, Epsilon: 0.010
2026-04-19 09:26:58 | INFO | Episode 1373 - Reward: -200.000, Length: 200, Loss: 20.4985, Entropy: 1.0883, Epsilon: 0.010
2026-04-19 09:26:58 | INFO | Episode 1374 - Reward: -200.000, Length: 200, Loss: 10.6889, Entropy: 1.0895, Epsilon: 0.010
2026-04-19 09:26:58 | INFO | Episode 1375 - Reward: -200.000, Length: 200, Loss: 10.5586, Entropy: 1.0793, Epsilon: 0.010
2026-04-19 09:26:59 | INFO | Episode 1376 - Reward: -200.000, Length: 200, Loss: 10.0134, Entropy: 1.0938, Epsilon: 0.010
2026-04-19 09:26:59 | INFO | Episode 1377 - Reward: -200.000, Length: 200, Loss: 12.8448, Entropy: 1.0924, Epsilon: 0.010
2026-04-19 09:26:59 | INFO | Episode 1378 - Reward: -200.000, Length: 200, Loss: 10.2962, Entropy: 1.0856, Epsilon: 0.010
2026-04-19 09:27:00 | INFO | Episode 1379 - Reward: -200.000, Length: 200, Loss: 18.1378, Entropy: 1.0883, Epsilon: 0.010
2026-04-19 09:27:00 | INFO | Episode 1380 - Reward: -200.000, Length: 200, Loss: 12.1304, Entropy: 1.0698, Epsilon: 0.010
2026-04-19 09:27:00 | INFO | Episode 1381 - Reward: -200.000, Length: 200, Loss: 20.6220, Entropy: 1.0849, Epsilon: 0.010
2026-04-19 09:27:00 | INFO | Episode 1382 - Reward: -200.000, Length: 200, Loss: 13.5507, Entropy: 1.0892, Epsilon: 0.010
2026-04-19 09:27:01 | INFO | Episode 1383 - Reward: -200.000, Length: 200, Loss: 7.8706, Entropy: 1.0950, Epsilon: 0.010
2026-04-19 09:27:01 | INFO | Episode 1384 - Reward: -200.000, Length: 200, Loss: 8.0112, Entropy: 1.0915, Epsilon: 0.010
2026-04-19 09:27:01 | INFO | Episode 1385 - Reward: -200.000, Length: 200, Loss: 18.3526, Entropy: 1.0737, Epsilon: 0.010
2026-04-19 09:27:02 | INFO | Episode 1386 - Reward: -200.000, Length: 200, Loss: 10.5984, Entropy: 1.0894, Epsilon: 0.010
2026-04-19 09:27:02 | INFO | Episode 1387 - Reward: -200.000, Length: 200, Loss: 11.3755, Entropy: 1.0882, Epsilon: 0.010
2026-04-19 09:27:02 | INFO | Episode 1388 - Reward: -200.000, Length: 200, Loss: 2.4661, Entropy: 1.0928, Epsilon: 0.010
2026-04-19 09:27:03 | INFO | Episode 1389 - Reward: -200.000, Length: 200, Loss: 10.5571, Entropy: 1.0913, Epsilon: 0.010
2026-04-19 09:27:03 | INFO | Episode 1390 - Reward: -200.000, Length: 200, Loss: 8.2311, Entropy: 1.0926, Epsilon: 0.010
2026-04-19 09:27:03 | INFO | Episode 1391 - Reward: -200.000, Length: 200, Loss: 24.7983, Entropy: 1.0785, Epsilon: 0.010
2026-04-19 09:27:04 | INFO | Episode 1392 - Reward: -200.000, Length: 200, Loss: 10.3372, Entropy: 1.0930, Epsilon: 0.010
2026-04-19 09:27:04 | INFO | Episode 1393 - Reward: -200.000, Length: 200, Loss: 2.7709, Entropy: 1.0954, Epsilon: 0.010
2026-04-19 09:27:04 | INFO | Episode 1394 - Reward: -200.000, Length: 200, Loss: 2.8236, Entropy: 1.0952, Epsilon: 0.010
2026-04-19 09:27:05 | INFO | Episode 1395 - Reward: -200.000, Length: 200, Loss: 24.7196, Entropy: 1.0748, Epsilon: 0.010
2026-04-19 09:27:05 | INFO | Episode 1396 - Reward: -200.000, Length: 200, Loss: 17.2530, Entropy: 1.0790, Epsilon: 0.010
2026-04-19 09:27:05 | INFO | Episode 1397 - Reward: -200.000, Length: 200, Loss: 13.3542, Entropy: 1.0796, Epsilon: 0.010
2026-04-19 09:27:06 | INFO | Episode 1398 - Reward: -200.000, Length: 200, Loss: 2.9344, Entropy: 1.0952, Epsilon: 0.010
2026-04-19 09:27:06 | INFO | Episode 1399 - Reward: -200.000, Length: 200, Loss: 11.7628, Entropy: 1.0847, Epsilon: 0.010
2026-04-19 09:27:06 | INFO | Episode 1400 - Reward: -200.000, Length: 200, Loss: 14.0295, Entropy: 1.0868, Epsilon: 0.010
2026-04-19 09:27:11 | INFO | [Episode 1400] eps=0.010  avg_reward=-200.000  avg_length=200.00  avg_loss= 13.8635  avg_entropy=1.0868  eval_success=0.000
2026-04-19 09:27:11 | INFO | Episode 1401 - Reward: -200.000, Length: 200, Loss: 11.3860, Entropy: 1.0830, Epsilon: 0.010
2026-04-19 09:27:12 | INFO | Episode 1402 - Reward: -200.000, Length: 200, Loss: 14.5768, Entropy: 1.0884, Epsilon: 0.010
2026-04-19 09:27:12 | INFO | Episode 1403 - Reward: -200.000, Length: 200, Loss: 7.7042, Entropy: 1.0840, Epsilon: 0.010
2026-04-19 09:27:12 | INFO | Episode 1404 - Reward: -200.000, Length: 200, Loss: 14.0181, Entropy: 1.0825, Epsilon: 0.010
2026-04-19 09:27:13 | INFO | Episode 1405 - Reward: -200.000, Length: 200, Loss: 19.3733, Entropy: 1.0794, Epsilon: 0.010
2026-04-19 09:27:13 | INFO | Episode 1406 - Reward: -200.000, Length: 200, Loss: 11.7665, Entropy: 1.0870, Epsilon: 0.010
2026-04-19 09:27:13 | INFO | Episode 1407 - Reward: -200.000, Length: 200, Loss: 5.9591, Entropy: 1.0926, Epsilon: 0.010
2026-04-19 09:27:14 | INFO | Episode 1408 - Reward: -200.000, Length: 200, Loss: 16.9932, Entropy: 1.0922, Epsilon: 0.010
2026-04-19 09:27:14 | INFO | Episode 1409 - Reward: -200.000, Length: 200, Loss: 5.3264, Entropy: 1.0910, Epsilon: 0.010
2026-04-19 09:27:14 | INFO | Episode 1410 - Reward: -200.000, Length: 200, Loss: 8.3670, Entropy: 1.0944, Epsilon: 0.010
2026-04-19 09:27:15 | INFO | Episode 1411 - Reward: -200.000, Length: 200, Loss: 21.4196, Entropy: 1.0372, Epsilon: 0.010
2026-04-19 09:27:15 | INFO | Episode 1412 - Reward: -200.000, Length: 200, Loss: 5.8494, Entropy: 1.0913, Epsilon: 0.010
2026-04-19 09:27:15 | INFO | Episode 1413 - Reward: -200.000, Length: 200, Loss: 30.1695, Entropy: 1.0721, Epsilon: 0.010
2026-04-19 09:27:16 | INFO | Episode 1414 - Reward: -200.000, Length: 200, Loss: 8.2860, Entropy: 1.0940, Epsilon: 0.010
2026-04-19 09:27:16 | INFO | Episode 1415 - Reward: -200.000, Length: 200, Loss: 16.0247, Entropy: 1.0716, Epsilon: 0.010
2026-04-19 09:27:16 | INFO | Episode 1416 - Reward: -200.000, Length: 200, Loss: 8.3681, Entropy: 1.0884, Epsilon: 0.010
2026-04-19 09:27:16 | INFO | Episode 1417 - Reward: -200.000, Length: 200, Loss: 13.4815, Entropy: 1.0723, Epsilon: 0.010
2026-04-19 09:27:17 | INFO | Episode 1418 - Reward: -200.000, Length: 200, Loss: 16.2644, Entropy: 1.0940, Epsilon: 0.010
2026-04-19 09:27:17 | INFO | Episode 1419 - Reward: -200.000, Length: 200, Loss: 19.4431, Entropy: 1.0823, Epsilon: 0.010
2026-04-19 09:27:17 | INFO | Episode 1420 - Reward: -200.000, Length: 200, Loss: 15.9576, Entropy: 1.0856, Epsilon: 0.010
2026-04-19 09:27:18 | INFO | Episode 1421 - Reward: -200.000, Length: 200, Loss: 11.0478, Entropy: 1.0911, Epsilon: 0.010
2026-04-19 09:27:18 | INFO | Episode 1422 - Reward: -200.000, Length: 200, Loss: 10.8785, Entropy: 1.0908, Epsilon: 0.010
2026-04-19 09:27:18 | INFO | Episode 1423 - Reward: -200.000, Length: 200, Loss: 14.0595, Entropy: 1.0866, Epsilon: 0.010
2026-04-19 09:27:19 | INFO | Episode 1424 - Reward: -200.000, Length: 200, Loss: 22.0934, Entropy: 1.0931, Epsilon: 0.010
2026-04-19 09:27:19 | INFO | Episode 1425 - Reward: -200.000, Length: 200, Loss: 7.8264, Entropy: 1.0890, Epsilon: 0.010
2026-04-19 09:27:19 | INFO | Episode 1426 - Reward: -200.000, Length: 200, Loss: 8.4426, Entropy: 1.0877, Epsilon: 0.010
2026-04-19 09:27:20 | INFO | Episode 1427 - Reward: -200.000, Length: 200, Loss: 11.6093, Entropy: 1.0887, Epsilon: 0.010
2026-04-19 09:27:20 | INFO | Episode 1428 - Reward: -200.000, Length: 200, Loss: 14.7324, Entropy: 1.0905, Epsilon: 0.010
2026-04-19 09:27:20 | INFO | Episode 1429 - Reward: -200.000, Length: 200, Loss: 26.7200, Entropy: 1.0764, Epsilon: 0.010
2026-04-19 09:27:21 | INFO | Episode 1430 - Reward: -200.000, Length: 200, Loss: 15.1988, Entropy: 1.0859, Epsilon: 0.010
2026-04-19 09:27:21 | INFO | Episode 1431 - Reward: -200.000, Length: 200, Loss: 9.0575, Entropy: 1.0782, Epsilon: 0.010
2026-04-19 09:27:21 | INFO | Episode 1432 - Reward: -200.000, Length: 200, Loss: 22.6965, Entropy: 1.0755, Epsilon: 0.010
2026-04-19 09:27:22 | INFO | Episode 1433 - Reward: -200.000, Length: 200, Loss: 11.1911, Entropy: 1.0934, Epsilon: 0.010
2026-04-19 09:27:22 | INFO | Episode 1434 - Reward: -200.000, Length: 200, Loss: 5.4081, Entropy: 1.0897, Epsilon: 0.010
2026-04-19 09:27:22 | INFO | Episode 1435 - Reward: -200.000, Length: 200, Loss: 16.3146, Entropy: 1.0454, Epsilon: 0.010
2026-04-19 09:27:22 | INFO | Episode 1436 - Reward: -200.000, Length: 200, Loss: 13.9629, Entropy: 1.0857, Epsilon: 0.010
2026-04-19 09:27:23 | INFO | Episode 1437 - Reward: -200.000, Length: 200, Loss: 14.0848, Entropy: 1.0828, Epsilon: 0.010
2026-04-19 09:27:23 | INFO | Episode 1438 - Reward: -200.000, Length: 200, Loss: 5.6036, Entropy: 1.0962, Epsilon: 0.010
2026-04-19 09:27:23 | INFO | Episode 1439 - Reward: -200.000, Length: 200, Loss: 7.8320, Entropy: 1.0858, Epsilon: 0.010
2026-04-19 09:27:24 | INFO | Episode 1440 - Reward: -200.000, Length: 200, Loss: 11.7092, Entropy: 1.0863, Epsilon: 0.010
2026-04-19 09:27:24 | INFO | Episode 1441 - Reward: -200.000, Length: 200, Loss: 23.0504, Entropy: 1.0833, Epsilon: 0.010
2026-04-19 09:27:24 | INFO | Episode 1442 - Reward: -200.000, Length: 200, Loss: 10.7454, Entropy: 1.0807, Epsilon: 0.010
2026-04-19 09:27:25 | INFO | Episode 1443 - Reward: -200.000, Length: 200, Loss: 16.1352, Entropy: 1.0835, Epsilon: 0.010
2026-04-19 09:27:25 | INFO | Episode 1444 - Reward: -200.000, Length: 200, Loss: 11.0736, Entropy: 1.0854, Epsilon: 0.010
2026-04-19 09:27:25 | INFO | Episode 1445 - Reward: -200.000, Length: 200, Loss: 19.3244, Entropy: 1.0794, Epsilon: 0.010
2026-04-19 09:27:26 | INFO | Episode 1446 - Reward: -200.000, Length: 200, Loss: 22.2167, Entropy: 1.0786, Epsilon: 0.010
2026-04-19 09:27:26 | INFO | Episode 1447 - Reward: -200.000, Length: 200, Loss: 17.3544, Entropy: 1.0897, Epsilon: 0.010
2026-04-19 09:27:26 | INFO | Episode 1448 - Reward: -200.000, Length: 200, Loss: 21.7616, Entropy: 1.0745, Epsilon: 0.010
2026-04-19 09:27:26 | INFO | Episode 1449 - Reward: -200.000, Length: 200, Loss: 8.1370, Entropy: 1.0748, Epsilon: 0.010
2026-04-19 09:27:27 | INFO | Episode 1450 - Reward: -200.000, Length: 200, Loss: 23.4206, Entropy: 1.0762, Epsilon: 0.010
2026-04-19 09:27:27 | INFO | Episode 1451 - Reward: -200.000, Length: 200, Loss: 19.0367, Entropy: 1.0772, Epsilon: 0.010
2026-04-19 09:27:27 | INFO | Episode 1452 - Reward: -200.000, Length: 200, Loss: 11.2317, Entropy: 1.0885, Epsilon: 0.010
2026-04-19 09:27:28 | INFO | Episode 1453 - Reward: -200.000, Length: 200, Loss: 10.9449, Entropy: 1.0919, Epsilon: 0.010
2026-04-19 09:27:28 | INFO | Episode 1454 - Reward: -200.000, Length: 200, Loss: 14.1959, Entropy: 1.0921, Epsilon: 0.010
2026-04-19 09:27:28 | INFO | Episode 1455 - Reward: -200.000, Length: 200, Loss: 8.6532, Entropy: 1.0914, Epsilon: 0.010
2026-04-19 09:27:29 | INFO | Episode 1456 - Reward: -200.000, Length: 200, Loss: 25.8602, Entropy: 1.0753, Epsilon: 0.010
2026-04-19 09:27:29 | INFO | Episode 1457 - Reward: -200.000, Length: 200, Loss: 20.1454, Entropy: 1.0889, Epsilon: 0.010
2026-04-19 09:27:29 | INFO | Episode 1458 - Reward: -200.000, Length: 200, Loss: 28.7097, Entropy: 1.0791, Epsilon: 0.010
2026-04-19 09:27:30 | INFO | Episode 1459 - Reward: -200.000, Length: 200, Loss: 14.4798, Entropy: 1.0848, Epsilon: 0.010
2026-04-19 09:27:30 | INFO | Episode 1460 - Reward: -200.000, Length: 200, Loss: 11.5036, Entropy: 1.0841, Epsilon: 0.010
2026-04-19 09:27:30 | INFO | Episode 1461 - Reward: -200.000, Length: 200, Loss: 8.8168, Entropy: 1.0927, Epsilon: 0.010
2026-04-19 09:27:31 | INFO | Episode 1462 - Reward: -200.000, Length: 200, Loss: 5.3490, Entropy: 1.0921, Epsilon: 0.010
2026-04-19 09:27:31 | INFO | Episode 1463 - Reward: -200.000, Length: 200, Loss: 14.1827, Entropy: 1.0765, Epsilon: 0.010
2026-04-19 09:27:31 | INFO | Episode 1464 - Reward: -200.000, Length: 200, Loss: 19.8296, Entropy: 1.0718, Epsilon: 0.010
2026-04-19 09:27:32 | INFO | Episode 1465 - Reward: -200.000, Length: 200, Loss: 8.2377, Entropy: 1.0883, Epsilon: 0.010
2026-04-19 09:27:32 | INFO | Episode 1466 - Reward: -200.000, Length: 200, Loss: 14.4773, Entropy: 1.0797, Epsilon: 0.010
2026-04-19 09:27:32 | INFO | Episode 1467 - Reward: -200.000, Length: 200, Loss: 15.5045, Entropy: 1.0528, Epsilon: 0.010
2026-04-19 09:27:32 | INFO | Episode 1468 - Reward: -200.000, Length: 200, Loss: 14.8036, Entropy: 1.0843, Epsilon: 0.010
2026-04-19 09:27:33 | INFO | Episode 1469 - Reward: -200.000, Length: 200, Loss: 5.5531, Entropy: 1.0957, Epsilon: 0.010
2026-04-19 09:27:33 | INFO | Episode 1470 - Reward: -200.000, Length: 200, Loss: 12.2196, Entropy: 1.0773, Epsilon: 0.010
2026-04-19 09:27:33 | INFO | Episode 1471 - Reward: -200.000, Length: 200, Loss: 6.0051, Entropy: 1.0894, Epsilon: 0.010
2026-04-19 09:27:34 | INFO | Episode 1472 - Reward: -200.000, Length: 200, Loss: 20.6276, Entropy: 1.0808, Epsilon: 0.010
2026-04-19 09:27:34 | INFO | Episode 1473 - Reward: -200.000, Length: 200, Loss: 20.1475, Entropy: 1.0843, Epsilon: 0.010
2026-04-19 09:27:34 | INFO | Episode 1474 - Reward: -200.000, Length: 200, Loss: 11.8361, Entropy: 1.0801, Epsilon: 0.010
2026-04-19 09:27:35 | INFO | Episode 1475 - Reward: -200.000, Length: 200, Loss: 20.4462, Entropy: 1.0878, Epsilon: 0.010
2026-04-19 09:27:35 | INFO | Episode 1476 - Reward: -200.000, Length: 200, Loss: 11.0666, Entropy: 1.0727, Epsilon: 0.010
2026-04-19 09:27:35 | INFO | Episode 1477 - Reward: -200.000, Length: 200, Loss: 32.3038, Entropy: 1.0743, Epsilon: 0.010
2026-04-19 09:27:36 | INFO | Episode 1478 - Reward: -200.000, Length: 200, Loss: 15.0148, Entropy: 1.0857, Epsilon: 0.010
2026-04-19 09:27:36 | INFO | Episode 1479 - Reward: -200.000, Length: 200, Loss: 20.8536, Entropy: 1.0791, Epsilon: 0.010
2026-04-19 09:27:36 | INFO | Episode 1480 - Reward: -200.000, Length: 200, Loss: 8.9450, Entropy: 1.0968, Epsilon: 0.010
2026-04-19 09:27:37 | INFO | Episode 1481 - Reward: -200.000, Length: 200, Loss: 15.0828, Entropy: 1.0829, Epsilon: 0.010
2026-04-19 09:27:37 | INFO | Episode 1482 - Reward: -200.000, Length: 200, Loss: 9.2660, Entropy: 1.0847, Epsilon: 0.010
2026-04-19 09:27:37 | INFO | Episode 1483 - Reward: -200.000, Length: 200, Loss: 9.3868, Entropy: 1.0891, Epsilon: 0.010
2026-04-19 09:27:38 | INFO | Episode 1484 - Reward: -200.000, Length: 200, Loss: 6.5392, Entropy: 1.0858, Epsilon: 0.010
2026-04-19 09:27:38 | INFO | Episode 1485 - Reward: -200.000, Length: 200, Loss: 15.2750, Entropy: 1.0877, Epsilon: 0.010
2026-04-19 09:27:38 | INFO | Episode 1486 - Reward: -200.000, Length: 200, Loss: 17.3803, Entropy: 1.0817, Epsilon: 0.010
2026-04-19 09:27:39 | INFO | Episode 1487 - Reward: -200.000, Length: 200, Loss: 23.1887, Entropy: 1.0603, Epsilon: 0.010
2026-04-19 09:27:39 | INFO | Episode 1488 - Reward: -200.000, Length: 200, Loss: 2.8678, Entropy: 1.0843, Epsilon: 0.010
2026-04-19 09:27:39 | INFO | Episode 1489 - Reward: -200.000, Length: 200, Loss: 17.5801, Entropy: 1.0798, Epsilon: 0.010
2026-04-19 09:27:40 | INFO | Episode 1490 - Reward: -200.000, Length: 200, Loss: 6.4451, Entropy: 1.0918, Epsilon: 0.010
2026-04-19 09:27:40 | INFO | Episode 1491 - Reward: -200.000, Length: 200, Loss: 6.6939, Entropy: 1.0892, Epsilon: 0.010
2026-04-19 09:27:40 | INFO | Episode 1492 - Reward: -200.000, Length: 200, Loss: 15.3160, Entropy: 1.0761, Epsilon: 0.010
2026-04-19 09:27:41 | INFO | Episode 1493 - Reward: -200.000, Length: 200, Loss: 15.5994, Entropy: 1.0792, Epsilon: 0.010
2026-04-19 09:27:41 | INFO | Episode 1494 - Reward: -200.000, Length: 200, Loss: 22.7083, Entropy: 1.0694, Epsilon: 0.010
2026-04-19 09:27:42 | INFO | Episode 1495 - Reward: -200.000, Length: 200, Loss: 8.4928, Entropy: 1.0918, Epsilon: 0.010
2026-04-19 09:27:42 | INFO | Episode 1496 - Reward: -200.000, Length: 200, Loss: 9.1837, Entropy: 1.0861, Epsilon: 0.010
2026-04-19 09:27:43 | INFO | Episode 1497 - Reward: -200.000, Length: 200, Loss: 20.0130, Entropy: 1.0805, Epsilon: 0.010
2026-04-19 09:27:43 | INFO | Episode 1498 - Reward: -200.000, Length: 200, Loss: 6.2070, Entropy: 1.0897, Epsilon: 0.010
2026-04-19 09:27:43 | INFO | Episode 1499 - Reward: -200.000, Length: 200, Loss: 21.6807, Entropy: 1.0816, Epsilon: 0.010
2026-04-19 09:27:44 | INFO | Episode 1500 - Reward: -200.000, Length: 200, Loss: 6.0261, Entropy: 1.0879, Epsilon: 0.010
2026-04-19 09:27:49 | INFO | [Episode 1500] eps=0.010  avg_reward=-200.000  avg_length=200.00  avg_loss= 14.1034  avg_entropy=1.0879  eval_success=0.000
2026-04-19 09:27:49 | INFO | Episode 1501 - Reward: -200.000, Length: 200, Loss: 5.6824, Entropy: 1.0927, Epsilon: 0.010
2026-04-19 09:27:49 | INFO | Episode 1502 - Reward: -200.000, Length: 200, Loss: 12.2937, Entropy: 1.0927, Epsilon: 0.010
2026-04-19 09:27:50 | INFO | Episode 1503 - Reward: -200.000, Length: 200, Loss: 13.6078, Entropy: 1.0710, Epsilon: 0.010
2026-04-19 09:27:50 | INFO | Episode 1504 - Reward: -200.000, Length: 200, Loss: 28.3662, Entropy: 1.0586, Epsilon: 0.010
2026-04-19 09:27:50 | INFO | Episode 1505 - Reward: -200.000, Length: 200, Loss: 24.3902, Entropy: 1.0494, Epsilon: 0.010
2026-04-19 09:27:50 | INFO | Episode 1506 - Reward: -200.000, Length: 200, Loss: 20.6846, Entropy: 1.0708, Epsilon: 0.010
2026-04-19 09:27:51 | INFO | Episode 1507 - Reward: -200.000, Length: 200, Loss: 9.6342, Entropy: 1.0896, Epsilon: 0.010
2026-04-19 09:27:51 | INFO | Episode 1508 - Reward: -200.000, Length: 200, Loss: 8.5995, Entropy: 1.0916, Epsilon: 0.010
2026-04-19 09:27:51 | INFO | Episode 1509 - Reward: -200.000, Length: 200, Loss: 6.1290, Entropy: 1.0923, Epsilon: 0.010
2026-04-19 09:27:52 | INFO | Episode 1510 - Reward: -200.000, Length: 200, Loss: 12.8329, Entropy: 1.0697, Epsilon: 0.010
2026-04-19 09:27:52 | INFO | Episode 1511 - Reward: -200.000, Length: 200, Loss: 15.4290, Entropy: 1.0679, Epsilon: 0.010
2026-04-19 09:27:52 | INFO | Episode 1512 - Reward: -200.000, Length: 200, Loss: 26.4801, Entropy: 1.0654, Epsilon: 0.010
2026-04-19 09:27:53 | INFO | Episode 1513 - Reward: -200.000, Length: 200, Loss: 21.2731, Entropy: 1.0843, Epsilon: 0.010
2026-04-19 09:27:53 | INFO | Episode 1514 - Reward: -200.000, Length: 200, Loss: 9.0703, Entropy: 1.0915, Epsilon: 0.010
2026-04-19 09:27:53 | INFO | Episode 1515 - Reward: -200.000, Length: 200, Loss: 17.5034, Entropy: 1.0803, Epsilon: 0.010
2026-04-19 09:27:54 | INFO | Episode 1516 - Reward: -200.000, Length: 200, Loss: 8.8697, Entropy: 1.0895, Epsilon: 0.010
2026-04-19 09:27:54 | INFO | Episode 1517 - Reward: -200.000, Length: 200, Loss: 26.3574, Entropy: 1.0871, Epsilon: 0.010
2026-04-19 09:27:54 | INFO | Episode 1518 - Reward: -200.000, Length: 200, Loss: 24.2073, Entropy: 1.0854, Epsilon: 0.010
2026-04-19 09:27:55 | INFO | Episode 1519 - Reward: -200.000, Length: 200, Loss: 26.0849, Entropy: 1.0788, Epsilon: 0.010
2026-04-19 09:27:55 | INFO | Episode 1520 - Reward: -200.000, Length: 200, Loss: 11.6895, Entropy: 1.0920, Epsilon: 0.010
2026-04-19 09:27:55 | INFO | Episode 1521 - Reward: -200.000, Length: 200, Loss: 17.4265, Entropy: 1.0762, Epsilon: 0.010
2026-04-19 09:27:56 | INFO | Episode 1522 - Reward: -200.000, Length: 200, Loss: 17.4194, Entropy: 1.0874, Epsilon: 0.010
2026-04-19 09:27:56 | INFO | Episode 1523 - Reward: -200.000, Length: 200, Loss: 27.7533, Entropy: 1.0446, Epsilon: 0.010
2026-04-19 09:27:56 | INFO | Episode 1524 - Reward: -200.000, Length: 200, Loss: 8.4463, Entropy: 1.0832, Epsilon: 0.010
2026-04-19 09:27:56 | INFO | Episode 1525 - Reward: -200.000, Length: 200, Loss: 11.5559, Entropy: 1.0880, Epsilon: 0.010
2026-04-19 09:27:57 | INFO | Episode 1526 - Reward: -200.000, Length: 200, Loss: 19.4240, Entropy: 1.0626, Epsilon: 0.010
2026-04-19 09:27:57 | INFO | Episode 1527 - Reward: -200.000, Length: 200, Loss: 8.7440, Entropy: 1.0866, Epsilon: 0.010
2026-04-19 09:27:57 | INFO | Episode 1528 - Reward: -200.000, Length: 200, Loss: 15.1049, Entropy: 1.0759, Epsilon: 0.010
2026-04-19 09:27:58 | INFO | Episode 1529 - Reward: -200.000, Length: 200, Loss: 11.6982, Entropy: 1.0909, Epsilon: 0.010
2026-04-19 09:27:58 | INFO | Episode 1530 - Reward: -200.000, Length: 200, Loss: 17.8083, Entropy: 1.0750, Epsilon: 0.010
2026-04-19 09:27:58 | INFO | Episode 1531 - Reward: -200.000, Length: 200, Loss: 12.1405, Entropy: 1.0887, Epsilon: 0.010
2026-04-19 09:27:59 | INFO | Episode 1532 - Reward: -200.000, Length: 200, Loss: 12.3736, Entropy: 1.0805, Epsilon: 0.010
2026-04-19 09:27:59 | INFO | Episode 1533 - Reward: -200.000, Length: 200, Loss: 14.5252, Entropy: 1.0786, Epsilon: 0.010
2026-04-19 09:27:59 | INFO | Episode 1534 - Reward: -200.000, Length: 200, Loss: 8.8667, Entropy: 1.0913, Epsilon: 0.010
2026-04-19 09:28:00 | INFO | Episode 1535 - Reward: -200.000, Length: 200, Loss: 8.7151, Entropy: 1.0877, Epsilon: 0.010
2026-04-19 09:28:00 | INFO | Episode 1536 - Reward: -200.000, Length: 200, Loss: 14.0996, Entropy: 1.0802, Epsilon: 0.010
2026-04-19 09:28:00 | INFO | Episode 1537 - Reward: -200.000, Length: 200, Loss: 5.5175, Entropy: 1.0911, Epsilon: 0.010
2026-04-19 09:28:01 | INFO | Episode 1538 - Reward: -200.000, Length: 200, Loss: 14.2294, Entropy: 1.0589, Epsilon: 0.010
2026-04-19 09:28:01 | INFO | Episode 1539 - Reward: -200.000, Length: 200, Loss: 16.9672, Entropy: 1.0823, Epsilon: 0.010
2026-04-19 09:28:01 | INFO | Episode 1540 - Reward: -200.000, Length: 200, Loss: 8.8120, Entropy: 1.0795, Epsilon: 0.010
2026-04-19 09:28:01 | INFO | Episode 1541 - Reward: -200.000, Length: 200, Loss: 14.9581, Entropy: 1.0717, Epsilon: 0.010
2026-04-19 09:28:02 | INFO | Episode 1542 - Reward: -200.000, Length: 200, Loss: 14.8919, Entropy: 1.0685, Epsilon: 0.010
2026-04-19 09:28:02 | INFO | Episode 1543 - Reward: -200.000, Length: 200, Loss: 20.3400, Entropy: 1.0844, Epsilon: 0.010
2026-04-19 09:28:02 | INFO | Episode 1544 - Reward: -200.000, Length: 200, Loss: 13.9441, Entropy: 1.0771, Epsilon: 0.010
2026-04-19 09:28:03 | INFO | Episode 1545 - Reward: -200.000, Length: 200, Loss: 8.0923, Entropy: 1.0790, Epsilon: 0.010
2026-04-19 09:28:03 | INFO | Episode 1546 - Reward: -200.000, Length: 200, Loss: 15.6865, Entropy: 1.0666, Epsilon: 0.010
2026-04-19 09:28:03 | INFO | Episode 1547 - Reward: -200.000, Length: 200, Loss: 28.9758, Entropy: 1.0819, Epsilon: 0.010
2026-04-19 09:28:04 | INFO | Episode 1548 - Reward: -200.000, Length: 200, Loss: 14.4407, Entropy: 1.0860, Epsilon: 0.010
2026-04-19 09:28:04 | INFO | Episode 1549 - Reward: -200.000, Length: 200, Loss: 23.9352, Entropy: 1.0564, Epsilon: 0.010
2026-04-19 09:28:04 | INFO | Episode 1550 - Reward: -200.000, Length: 200, Loss: 6.1002, Entropy: 1.0868, Epsilon: 0.010
2026-04-19 09:28:05 | INFO | Episode 1551 - Reward: -200.000, Length: 200, Loss: 9.2109, Entropy: 1.0789, Epsilon: 0.010
2026-04-19 09:28:05 | INFO | Episode 1552 - Reward: -200.000, Length: 200, Loss: 2.7735, Entropy: 1.0944, Epsilon: 0.010
2026-04-19 09:28:05 | INFO | Episode 1553 - Reward: -200.000, Length: 200, Loss: 3.0536, Entropy: 1.0956, Epsilon: 0.010
2026-04-19 09:28:06 | INFO | Episode 1554 - Reward: -200.000, Length: 200, Loss: 8.9592, Entropy: 1.0896, Epsilon: 0.010
2026-04-19 09:28:06 | INFO | Episode 1555 - Reward: -200.000, Length: 200, Loss: 27.2519, Entropy: 1.0933, Epsilon: 0.010
2026-04-19 09:28:06 | INFO | Episode 1556 - Reward: -200.000, Length: 200, Loss: 9.3720, Entropy: 1.0873, Epsilon: 0.010
2026-04-19 09:28:07 | INFO | Episode 1557 - Reward: -200.000, Length: 200, Loss: 18.1599, Entropy: 1.0920, Epsilon: 0.010
2026-04-19 09:28:07 | INFO | Episode 1558 - Reward: -200.000, Length: 200, Loss: 18.2060, Entropy: 1.0789, Epsilon: 0.010
2026-04-19 09:28:07 | INFO | Episode 1559 - Reward: -200.000, Length: 200, Loss: 8.9169, Entropy: 1.0786, Epsilon: 0.010
2026-04-19 09:28:08 | INFO | Episode 1560 - Reward: -200.000, Length: 200, Loss: 6.1782, Entropy: 1.0949, Epsilon: 0.010
2026-04-19 09:28:08 | INFO | Episode 1561 - Reward: -200.000, Length: 200, Loss: 12.2270, Entropy: 1.0826, Epsilon: 0.010
2026-04-19 09:28:08 | INFO | Episode 1562 - Reward: -200.000, Length: 200, Loss: 17.7003, Entropy: 1.0827, Epsilon: 0.010
2026-04-19 09:28:09 | INFO | Episode 1563 - Reward: -200.000, Length: 200, Loss: 14.4418, Entropy: 1.0895, Epsilon: 0.010
2026-04-19 09:28:09 | INFO | Episode 1564 - Reward: -200.000, Length: 200, Loss: 17.3661, Entropy: 1.0843, Epsilon: 0.010
2026-04-19 09:28:09 | INFO | Episode 1565 - Reward: -200.000, Length: 200, Loss: 24.5084, Entropy: 1.0657, Epsilon: 0.010
2026-04-19 09:28:09 | INFO | Episode 1566 - Reward: -200.000, Length: 200, Loss: 6.4942, Entropy: 1.0882, Epsilon: 0.010
2026-04-19 09:28:10 | INFO | Episode 1567 - Reward: -200.000, Length: 200, Loss: 17.8227, Entropy: 1.0942, Epsilon: 0.010
2026-04-19 09:28:10 | INFO | Episode 1568 - Reward: -200.000, Length: 200, Loss: 2.6441, Entropy: 1.0918, Epsilon: 0.010
2026-04-19 09:28:10 | INFO | Episode 1569 - Reward: -200.000, Length: 200, Loss: 5.8827, Entropy: 1.0898, Epsilon: 0.010
2026-04-19 09:28:11 | INFO | Episode 1570 - Reward: -200.000, Length: 200, Loss: 11.9299, Entropy: 1.0896, Epsilon: 0.010
2026-04-19 09:28:11 | INFO | Episode 1571 - Reward: -200.000, Length: 200, Loss: 9.1456, Entropy: 1.0853, Epsilon: 0.010
2026-04-19 09:28:11 | INFO | Episode 1572 - Reward: -200.000, Length: 200, Loss: 9.0502, Entropy: 1.0836, Epsilon: 0.010
2026-04-19 09:28:12 | INFO | Episode 1573 - Reward: -200.000, Length: 200, Loss: 6.3008, Entropy: 1.0904, Epsilon: 0.010
2026-04-19 09:28:12 | INFO | Episode 1574 - Reward: -200.000, Length: 200, Loss: 12.2718, Entropy: 1.0786, Epsilon: 0.010
2026-04-19 09:28:12 | INFO | Episode 1575 - Reward: -200.000, Length: 200, Loss: 8.7849, Entropy: 1.0928, Epsilon: 0.010
2026-04-19 09:28:13 | INFO | Episode 1576 - Reward: -200.000, Length: 200, Loss: 27.1983, Entropy: 1.0756, Epsilon: 0.010
2026-04-19 09:28:13 | INFO | Episode 1577 - Reward: -200.000, Length: 200, Loss: 20.8272, Entropy: 1.0630, Epsilon: 0.010
2026-04-19 09:28:13 | INFO | Episode 1578 - Reward: -200.000, Length: 200, Loss: 11.9027, Entropy: 1.0858, Epsilon: 0.010
2026-04-19 09:28:14 | INFO | Episode 1579 - Reward: -200.000, Length: 200, Loss: 12.1680, Entropy: 1.0851, Epsilon: 0.010
2026-04-19 09:28:14 | INFO | Episode 1580 - Reward: -200.000, Length: 200, Loss: 21.1825, Entropy: 1.0865, Epsilon: 0.010
2026-04-19 09:28:14 | INFO | Episode 1581 - Reward: -200.000, Length: 200, Loss: 33.1309, Entropy: 1.0722, Epsilon: 0.010
2026-04-19 09:28:15 | INFO | Episode 1582 - Reward: -200.000, Length: 200, Loss: 14.9903, Entropy: 1.0849, Epsilon: 0.010
2026-04-19 09:28:15 | INFO | Episode 1583 - Reward: -200.000, Length: 200, Loss: 12.0107, Entropy: 1.0931, Epsilon: 0.010
2026-04-19 09:28:15 | INFO | Episode 1584 - Reward: -200.000, Length: 200, Loss: 20.9171, Entropy: 1.0797, Epsilon: 0.010
2026-04-19 09:28:15 | INFO | Episode 1585 - Reward: -200.000, Length: 200, Loss: 8.8983, Entropy: 1.0928, Epsilon: 0.010
2026-04-19 09:28:16 | INFO | Episode 1586 - Reward: -200.000, Length: 200, Loss: 22.0515, Entropy: 1.0443, Epsilon: 0.010
2026-04-19 09:28:16 | INFO | Episode 1587 - Reward: -200.000, Length: 200, Loss: 20.9965, Entropy: 1.0552, Epsilon: 0.010
2026-04-19 09:28:16 | INFO | Episode 1588 - Reward: -200.000, Length: 200, Loss: 15.1002, Entropy: 1.0823, Epsilon: 0.010
2026-04-19 09:28:17 | INFO | Episode 1589 - Reward: -200.000, Length: 200, Loss: 8.7717, Entropy: 1.0882, Epsilon: 0.010
2026-04-19 09:28:17 | INFO | Episode 1590 - Reward: -200.000, Length: 200, Loss: 12.2985, Entropy: 1.0821, Epsilon: 0.010
2026-04-19 09:28:17 | INFO | Episode 1591 - Reward: -200.000, Length: 200, Loss: 24.1899, Entropy: 1.0865, Epsilon: 0.010
2026-04-19 09:28:18 | INFO | Episode 1592 - Reward: -200.000, Length: 200, Loss: 11.8898, Entropy: 1.0751, Epsilon: 0.010
2026-04-19 09:28:18 | INFO | Episode 1593 - Reward: -200.000, Length: 200, Loss: 9.3488, Entropy: 1.0876, Epsilon: 0.010
2026-04-19 09:28:18 | INFO | Episode 1594 - Reward: -200.000, Length: 200, Loss: 16.2652, Entropy: 1.0594, Epsilon: 0.010
2026-04-19 09:28:19 | INFO | Episode 1595 - Reward: -200.000, Length: 200, Loss: 21.5785, Entropy: 1.0843, Epsilon: 0.010
2026-04-19 09:28:19 | INFO | Episode 1596 - Reward: -200.000, Length: 200, Loss: 14.8287, Entropy: 1.0738, Epsilon: 0.010
2026-04-19 09:28:19 | INFO | Episode 1597 - Reward: -200.000, Length: 200, Loss: 19.0570, Entropy: 1.0800, Epsilon: 0.010
2026-04-19 09:28:20 | INFO | Episode 1598 - Reward: -200.000, Length: 200, Loss: 16.0313, Entropy: 1.0829, Epsilon: 0.010
2026-04-19 09:28:20 | INFO | Episode 1599 - Reward: -200.000, Length: 200, Loss: 5.9227, Entropy: 1.0936, Epsilon: 0.010
2026-04-19 09:28:20 | INFO | Episode 1600 - Reward: -200.000, Length: 200, Loss: 9.1173, Entropy: 1.0888, Epsilon: 0.010
2026-04-19 09:28:25 | INFO | [Episode 1600] eps=0.010  avg_reward=-200.000  avg_length=200.00  avg_loss= 14.6150  avg_entropy=1.0888  eval_success=0.000
2026-04-19 09:28:25 | INFO | Episode 1601 - Reward: -200.000, Length: 200, Loss: 6.1352, Entropy: 1.0932, Epsilon: 0.010
2026-04-19 09:28:26 | INFO | Episode 1602 - Reward: -200.000, Length: 200, Loss: 13.1505, Entropy: 1.0898, Epsilon: 0.010
2026-04-19 09:28:26 | INFO | Episode 1603 - Reward: -200.000, Length: 200, Loss: 19.6637, Entropy: 1.0663, Epsilon: 0.010
2026-04-19 09:28:26 | INFO | Episode 1604 - Reward: -200.000, Length: 200, Loss: 9.3347, Entropy: 1.0871, Epsilon: 0.010
2026-04-19 09:28:27 | INFO | Episode 1605 - Reward: -200.000, Length: 200, Loss: 9.8468, Entropy: 1.0858, Epsilon: 0.010
2026-04-19 09:28:27 | INFO | Episode 1606 - Reward: -200.000, Length: 200, Loss: 9.3955, Entropy: 1.0848, Epsilon: 0.010
2026-04-19 09:28:27 | INFO | Episode 1607 - Reward: -200.000, Length: 200, Loss: 3.0163, Entropy: 1.0963, Epsilon: 0.010
2026-04-19 09:28:28 | INFO | Episode 1608 - Reward: -200.000, Length: 200, Loss: 13.4106, Entropy: 1.0874, Epsilon: 0.010
2026-04-19 09:28:28 | INFO | Episode 1609 - Reward: -200.000, Length: 200, Loss: 25.3842, Entropy: 1.0775, Epsilon: 0.010
2026-04-19 09:28:28 | INFO | Episode 1610 - Reward: -200.000, Length: 200, Loss: 21.6661, Entropy: 1.0792, Epsilon: 0.010
2026-04-19 09:28:29 | INFO | Episode 1611 - Reward: -200.000, Length: 200, Loss: 9.6599, Entropy: 1.0888, Epsilon: 0.010
2026-04-19 09:28:29 | INFO | Episode 1612 - Reward: -200.000, Length: 200, Loss: 15.9551, Entropy: 1.0591, Epsilon: 0.010
2026-04-19 09:28:29 | INFO | Episode 1613 - Reward: -200.000, Length: 200, Loss: 17.9447, Entropy: 1.0456, Epsilon: 0.010
2026-04-19 09:28:30 | INFO | Episode 1614 - Reward: -200.000, Length: 200, Loss: 9.4277, Entropy: 1.0897, Epsilon: 0.010
2026-04-19 09:28:30 | INFO | Episode 1615 - Reward: -200.000, Length: 200, Loss: 16.5194, Entropy: 1.0718, Epsilon: 0.010
2026-04-19 09:28:30 | INFO | Episode 1616 - Reward: -200.000, Length: 200, Loss: 35.0803, Entropy: 1.0370, Epsilon: 0.010
2026-04-19 09:28:30 | INFO | Episode 1617 - Reward: -200.000, Length: 200, Loss: 6.2568, Entropy: 1.0715, Epsilon: 0.010
2026-04-19 09:28:31 | INFO | Episode 1618 - Reward: -200.000, Length: 200, Loss: 25.6465, Entropy: 1.0756, Epsilon: 0.010
2026-04-19 09:28:31 | INFO | Episode 1619 - Reward: -200.000, Length: 200, Loss: 12.9426, Entropy: 1.0684, Epsilon: 0.010
2026-04-19 09:28:31 | INFO | Episode 1620 - Reward: -200.000, Length: 200, Loss: 12.0220, Entropy: 1.0813, Epsilon: 0.010
2026-04-19 09:28:32 | INFO | Episode 1621 - Reward: -200.000, Length: 200, Loss: 18.7464, Entropy: 1.0860, Epsilon: 0.010
2026-04-19 09:28:32 | INFO | Episode 1622 - Reward: -200.000, Length: 200, Loss: 12.6242, Entropy: 1.0905, Epsilon: 0.010
2026-04-19 09:28:32 | INFO | Episode 1623 - Reward: -200.000, Length: 200, Loss: 18.1471, Entropy: 1.0689, Epsilon: 0.010
2026-04-19 09:28:33 | INFO | Episode 1624 - Reward: -200.000, Length: 200, Loss: 18.6052, Entropy: 1.0859, Epsilon: 0.010
2026-04-19 09:28:33 | INFO | Episode 1625 - Reward: -200.000, Length: 200, Loss: 8.7136, Entropy: 1.0910, Epsilon: 0.010
2026-04-19 09:28:33 | INFO | Episode 1626 - Reward: -200.000, Length: 200, Loss: 15.4991, Entropy: 1.0871, Epsilon: 0.010
2026-04-19 09:28:34 | INFO | Episode 1627 - Reward: -200.000, Length: 200, Loss: 17.3918, Entropy: 1.0780, Epsilon: 0.010
2026-04-19 09:28:34 | INFO | Episode 1628 - Reward: -200.000, Length: 200, Loss: 27.5915, Entropy: 1.0796, Epsilon: 0.010
2026-04-19 09:28:34 | INFO | Episode 1629 - Reward: -200.000, Length: 200, Loss: 8.7497, Entropy: 1.0824, Epsilon: 0.010
2026-04-19 09:28:35 | INFO | Episode 1630 - Reward: -200.000, Length: 200, Loss: 8.9483, Entropy: 1.0766, Epsilon: 0.010
2026-04-19 09:28:35 | INFO | Episode 1631 - Reward: -200.000, Length: 200, Loss: 5.6814, Entropy: 1.0936, Epsilon: 0.010
2026-04-19 09:28:35 | INFO | Episode 1632 - Reward: -200.000, Length: 200, Loss: 21.0600, Entropy: 1.0682, Epsilon: 0.010
2026-04-19 09:28:35 | INFO | Episode 1633 - Reward: -200.000, Length: 200, Loss: 17.0858, Entropy: 1.0729, Epsilon: 0.010
2026-04-19 09:28:36 | INFO | Episode 1634 - Reward: -200.000, Length: 200, Loss: 5.5097, Entropy: 1.0949, Epsilon: 0.010
2026-04-19 09:28:36 | INFO | Episode 1635 - Reward: -200.000, Length: 200, Loss: 9.1677, Entropy: 1.0911, Epsilon: 0.010
2026-04-19 09:28:36 | INFO | Episode 1636 - Reward: -200.000, Length: 200, Loss: 14.8865, Entropy: 1.0901, Epsilon: 0.010
2026-04-19 09:28:37 | INFO | Episode 1637 - Reward: -200.000, Length: 200, Loss: 12.2341, Entropy: 1.0856, Epsilon: 0.010
2026-04-19 09:28:37 | INFO | Episode 1638 - Reward: -200.000, Length: 200, Loss: 14.4766, Entropy: 1.0870, Epsilon: 0.010
2026-04-19 09:28:37 | INFO | Episode 1639 - Reward: -200.000, Length: 200, Loss: 12.3865, Entropy: 1.0657, Epsilon: 0.010
2026-04-19 09:28:38 | INFO | Episode 1640 - Reward: -200.000, Length: 200, Loss: 18.0701, Entropy: 1.0836, Epsilon: 0.010
2026-04-19 09:28:38 | INFO | Episode 1641 - Reward: -200.000, Length: 200, Loss: 20.4974, Entropy: 1.0590, Epsilon: 0.010
2026-04-19 09:28:38 | INFO | Episode 1642 - Reward: -200.000, Length: 200, Loss: 21.0584, Entropy: 1.0707, Epsilon: 0.010
2026-04-19 09:28:39 | INFO | Episode 1643 - Reward: -200.000, Length: 200, Loss: 8.9811, Entropy: 1.0900, Epsilon: 0.010
2026-04-19 09:28:39 | INFO | Episode 1644 - Reward: -200.000, Length: 200, Loss: 14.9936, Entropy: 1.0848, Epsilon: 0.010
2026-04-19 09:28:39 | INFO | Episode 1645 - Reward: -200.000, Length: 200, Loss: 9.0141, Entropy: 1.0904, Epsilon: 0.010
2026-04-19 09:28:40 | INFO | Episode 1646 - Reward: -200.000, Length: 200, Loss: 12.2488, Entropy: 1.0881, Epsilon: 0.010
2026-04-19 09:28:40 | INFO | Episode 1647 - Reward: -200.000, Length: 200, Loss: 14.5992, Entropy: 1.0774, Epsilon: 0.010
2026-04-19 09:28:40 | INFO | Episode 1648 - Reward: -200.000, Length: 200, Loss: 5.7414, Entropy: 1.0853, Epsilon: 0.010
2026-04-19 09:28:41 | INFO | Episode 1649 - Reward: -200.000, Length: 200, Loss: 22.1528, Entropy: 1.0699, Epsilon: 0.010
2026-04-19 09:28:41 | INFO | Episode 1650 - Reward: -200.000, Length: 200, Loss: 23.9495, Entropy: 1.0668, Epsilon: 0.010
2026-04-19 09:28:41 | INFO | Episode 1651 - Reward: -200.000, Length: 200, Loss: 26.1999, Entropy: 1.0623, Epsilon: 0.010
2026-04-19 09:28:42 | INFO | Episode 1652 - Reward: -200.000, Length: 200, Loss: 23.9392, Entropy: 1.0817, Epsilon: 0.010
2026-04-19 09:28:42 | INFO | Episode 1653 - Reward: -200.000, Length: 200, Loss: 12.1015, Entropy: 1.0772, Epsilon: 0.010
2026-04-19 09:28:42 | INFO | Episode 1654 - Reward: -200.000, Length: 200, Loss: 23.4205, Entropy: 1.0814, Epsilon: 0.010
2026-04-19 09:28:43 | INFO | Episode 1655 - Reward: -200.000, Length: 200, Loss: 11.8959, Entropy: 1.0898, Epsilon: 0.010
2026-04-19 09:28:43 | INFO | Episode 1656 - Reward: -200.000, Length: 200, Loss: 23.9069, Entropy: 1.0895, Epsilon: 0.010
2026-04-19 09:28:43 | INFO | Episode 1657 - Reward: -200.000, Length: 200, Loss: 12.0569, Entropy: 1.0918, Epsilon: 0.010
2026-04-19 09:28:43 | INFO | Episode 1658 - Reward: -200.000, Length: 200, Loss: 20.9395, Entropy: 1.0865, Epsilon: 0.010
2026-04-19 09:28:44 | INFO | Episode 1659 - Reward: -200.000, Length: 200, Loss: 5.8355, Entropy: 1.0940, Epsilon: 0.010
2026-04-19 09:28:44 | INFO | Episode 1660 - Reward: -200.000, Length: 200, Loss: 21.8996, Entropy: 1.0718, Epsilon: 0.010
2026-04-19 09:28:44 | INFO | Episode 1661 - Reward: -200.000, Length: 200, Loss: 11.9265, Entropy: 1.0902, Epsilon: 0.010
2026-04-19 09:28:45 | INFO | Episode 1662 - Reward: -200.000, Length: 200, Loss: 18.4326, Entropy: 1.0865, Epsilon: 0.010
2026-04-19 09:28:45 | INFO | Episode 1663 - Reward: -200.000, Length: 200, Loss: 36.5402, Entropy: 1.0686, Epsilon: 0.010
2026-04-19 09:28:45 | INFO | Episode 1664 - Reward: -200.000, Length: 200, Loss: 5.8483, Entropy: 1.0897, Epsilon: 0.010
2026-04-19 09:28:46 | INFO | Episode 1665 - Reward: -200.000, Length: 200, Loss: 10.8641, Entropy: 1.0832, Epsilon: 0.010
2026-04-19 09:28:46 | INFO | Episode 1666 - Reward: -200.000, Length: 200, Loss: 26.0336, Entropy: 1.0723, Epsilon: 0.010
2026-04-19 09:28:46 | INFO | Episode 1667 - Reward: -200.000, Length: 200, Loss: 11.4636, Entropy: 1.0889, Epsilon: 0.010
2026-04-19 09:28:47 | INFO | Episode 1668 - Reward: -200.000, Length: 200, Loss: 11.3058, Entropy: 1.0889, Epsilon: 0.010
2026-04-19 09:28:47 | INFO | Episode 1669 - Reward: -200.000, Length: 200, Loss: 8.3291, Entropy: 1.0867, Epsilon: 0.010
2026-04-19 09:28:47 | INFO | Episode 1670 - Reward: -200.000, Length: 200, Loss: 19.7492, Entropy: 1.0600, Epsilon: 0.010
2026-04-19 09:28:48 | INFO | Episode 1671 - Reward: -200.000, Length: 200, Loss: 26.0495, Entropy: 1.0847, Epsilon: 0.010
2026-04-19 09:28:48 | INFO | Episode 1672 - Reward: -200.000, Length: 200, Loss: 14.3878, Entropy: 1.0905, Epsilon: 0.010
2026-04-19 09:28:48 | INFO | Episode 1673 - Reward: -200.000, Length: 200, Loss: 26.0081, Entropy: 1.0749, Epsilon: 0.010
2026-04-19 09:28:49 | INFO | Episode 1674 - Reward: -200.000, Length: 200, Loss: 21.9861, Entropy: 1.0801, Epsilon: 0.010
2026-04-19 09:28:49 | INFO | Episode 1675 - Reward: -200.000, Length: 200, Loss: 7.8719, Entropy: 1.0920, Epsilon: 0.010
2026-04-19 09:28:49 | INFO | Episode 1676 - Reward: -200.000, Length: 200, Loss: 13.7812, Entropy: 1.0924, Epsilon: 0.010
2026-04-19 09:28:49 | INFO | Episode 1677 - Reward: -200.000, Length: 200, Loss: 8.4280, Entropy: 1.0867, Epsilon: 0.010
2026-04-19 09:28:50 | INFO | Episode 1678 - Reward: -200.000, Length: 200, Loss: 19.0785, Entropy: 1.0932, Epsilon: 0.010
2026-04-19 09:28:50 | INFO | Episode 1679 - Reward: -200.000, Length: 200, Loss: 15.5632, Entropy: 1.0721, Epsilon: 0.010
2026-04-19 09:28:50 | INFO | Episode 1680 - Reward: -200.000, Length: 200, Loss: 18.5317, Entropy: 1.0910, Epsilon: 0.010
2026-04-19 09:28:51 | INFO | Episode 1681 - Reward: -200.000, Length: 200, Loss: 10.5992, Entropy: 1.0835, Epsilon: 0.010
2026-04-19 09:28:51 | INFO | Episode 1682 - Reward: -200.000, Length: 200, Loss: 21.2512, Entropy: 1.0849, Epsilon: 0.010
2026-04-19 09:28:51 | INFO | Episode 1683 - Reward: -200.000, Length: 200, Loss: 4.8278, Entropy: 1.0924, Epsilon: 0.010
2026-04-19 09:28:52 | INFO | Episode 1684 - Reward: -200.000, Length: 200, Loss: 8.0041, Entropy: 1.0896, Epsilon: 0.010
2026-04-19 09:28:52 | INFO | Episode 1685 - Reward: -200.000, Length: 200, Loss: 34.3212, Entropy: 1.0702, Epsilon: 0.010
2026-04-19 09:28:52 | INFO | Episode 1686 - Reward: -200.000, Length: 200, Loss: 15.9443, Entropy: 1.0763, Epsilon: 0.010
2026-04-19 09:28:53 | INFO | Episode 1687 - Reward: -200.000, Length: 200, Loss: 20.6938, Entropy: 1.0906, Epsilon: 0.010
2026-04-19 09:28:53 | INFO | Episode 1688 - Reward: -200.000, Length: 200, Loss: 10.9595, Entropy: 1.0898, Epsilon: 0.010
2026-04-19 09:28:53 | INFO | Episode 1689 - Reward: -200.000, Length: 200, Loss: 12.6882, Entropy: 1.0840, Epsilon: 0.010
2026-04-19 09:28:54 | INFO | Episode 1690 - Reward: -200.000, Length: 200, Loss: 10.2734, Entropy: 1.0936, Epsilon: 0.010
2026-04-19 09:28:54 | INFO | Episode 1691 - Reward: -200.000, Length: 200, Loss: 15.6416, Entropy: 1.0911, Epsilon: 0.010
2026-04-19 09:28:54 | INFO | Episode 1692 - Reward: -200.000, Length: 200, Loss: 15.8897, Entropy: 1.0871, Epsilon: 0.010
2026-04-19 09:28:55 | INFO | Episode 1693 - Reward: -200.000, Length: 200, Loss: 15.3213, Entropy: 1.0793, Epsilon: 0.010
2026-04-19 09:28:55 | INFO | Episode 1694 - Reward: -200.000, Length: 200, Loss: 9.9564, Entropy: 1.0843, Epsilon: 0.010
2026-04-19 09:28:55 | INFO | Episode 1695 - Reward: -200.000, Length: 200, Loss: 20.1093, Entropy: 1.0758, Epsilon: 0.010
2026-04-19 09:28:55 | INFO | Episode 1696 - Reward: -200.000, Length: 200, Loss: 12.7335, Entropy: 1.0946, Epsilon: 0.010
2026-04-19 09:28:56 | INFO | Episode 1697 - Reward: -200.000, Length: 200, Loss: 7.5159, Entropy: 1.0835, Epsilon: 0.010
2026-04-19 09:28:56 | INFO | Episode 1698 - Reward: -200.000, Length: 200, Loss: 5.0767, Entropy: 1.0950, Epsilon: 0.010
2026-04-19 09:28:56 | INFO | Episode 1699 - Reward: -200.000, Length: 200, Loss: 20.4689, Entropy: 1.0835, Epsilon: 0.010
2026-04-19 09:28:57 | INFO | Episode 1700 - Reward: -200.000, Length: 200, Loss: 15.6692, Entropy: 1.0822, Epsilon: 0.010
2026-04-19 09:29:02 | INFO | [Episode 1700] eps=0.010  avg_reward=-200.000  avg_length=200.00  avg_loss= 15.3359  avg_entropy=1.0822  eval_success=0.000
2026-04-19 09:29:02 | INFO | Episode 1701 - Reward: -200.000, Length: 200, Loss: 7.8896, Entropy: 1.0923, Epsilon: 0.010
2026-04-19 09:29:02 | INFO | Episode 1702 - Reward: -200.000, Length: 200, Loss: 12.6877, Entropy: 1.0830, Epsilon: 0.010
2026-04-19 09:29:03 | INFO | Episode 1703 - Reward: -200.000, Length: 200, Loss: 12.8854, Entropy: 1.0909, Epsilon: 0.010
2026-04-19 09:29:03 | INFO | Episode 1704 - Reward: -200.000, Length: 200, Loss: 13.2388, Entropy: 1.0901, Epsilon: 0.010
2026-04-19 09:29:03 | INFO | Episode 1705 - Reward: -200.000, Length: 200, Loss: 18.1131, Entropy: 1.0833, Epsilon: 0.010
2026-04-19 09:29:04 | INFO | Episode 1706 - Reward: -200.000, Length: 200, Loss: 23.5738, Entropy: 1.0830, Epsilon: 0.010
2026-04-19 09:29:04 | INFO | Episode 1707 - Reward: -200.000, Length: 200, Loss: 2.5445, Entropy: 1.0891, Epsilon: 0.010
2026-04-19 09:29:04 | INFO | Episode 1708 - Reward: -200.000, Length: 200, Loss: 13.1275, Entropy: 1.0842, Epsilon: 0.010
2026-04-19 09:29:05 | INFO | Episode 1709 - Reward: -200.000, Length: 200, Loss: 7.7164, Entropy: 1.0956, Epsilon: 0.010
2026-04-19 09:29:05 | INFO | Episode 1710 - Reward: -200.000, Length: 200, Loss: 18.9422, Entropy: 1.0785, Epsilon: 0.010
2026-04-19 09:29:05 | INFO | Episode 1711 - Reward: -200.000, Length: 200, Loss: 2.4321, Entropy: 1.0972, Epsilon: 0.010
2026-04-19 09:29:06 | INFO | Episode 1712 - Reward: -200.000, Length: 200, Loss: 23.4383, Entropy: 1.0909, Epsilon: 0.010
2026-04-19 09:29:06 | INFO | Episode 1713 - Reward: -200.000, Length: 200, Loss: 17.9760, Entropy: 1.0857, Epsilon: 0.010
2026-04-19 09:29:06 | INFO | Episode 1714 - Reward: -200.000, Length: 200, Loss: 10.0910, Entropy: 1.0817, Epsilon: 0.010
2026-04-19 09:29:06 | INFO | Episode 1715 - Reward: -200.000, Length: 200, Loss: 5.2233, Entropy: 1.0933, Epsilon: 0.010
2026-04-19 09:29:07 | INFO | Episode 1716 - Reward: -200.000, Length: 200, Loss: 18.8574, Entropy: 1.0765, Epsilon: 0.010
2026-04-19 09:29:07 | INFO | Episode 1717 - Reward: -200.000, Length: 200, Loss: 10.3325, Entropy: 1.0945, Epsilon: 0.010
2026-04-19 09:29:07 | INFO | Episode 1718 - Reward: -200.000, Length: 200, Loss: 23.7988, Entropy: 1.0896, Epsilon: 0.010
2026-04-19 09:29:08 | INFO | Episode 1719 - Reward: -200.000, Length: 200, Loss: 10.6097, Entropy: 1.0913, Epsilon: 0.010
2026-04-19 09:29:08 | INFO | Episode 1720 - Reward: -200.000, Length: 200, Loss: 17.7525, Entropy: 1.0879, Epsilon: 0.010
2026-04-19 09:29:08 | INFO | Episode 1721 - Reward: -200.000, Length: 200, Loss: 12.9669, Entropy: 1.0879, Epsilon: 0.010
2026-04-19 09:29:09 | INFO | Episode 1722 - Reward: -200.000, Length: 200, Loss: 10.5267, Entropy: 1.0885, Epsilon: 0.010
2026-04-19 09:29:09 | INFO | Episode 1723 - Reward: -200.000, Length: 200, Loss: 23.0713, Entropy: 1.0826, Epsilon: 0.010
2026-04-19 09:29:09 | INFO | Episode 1724 - Reward: -200.000, Length: 200, Loss: 15.0726, Entropy: 1.0841, Epsilon: 0.010
2026-04-19 09:29:10 | INFO | Episode 1725 - Reward: -200.000, Length: 200, Loss: 25.9837, Entropy: 1.0847, Epsilon: 0.010
2026-04-19 09:29:10 | INFO | Episode 1726 - Reward: -200.000, Length: 200, Loss: 15.1898, Entropy: 1.0893, Epsilon: 0.010
2026-04-19 09:29:10 | INFO | Episode 1727 - Reward: -200.000, Length: 200, Loss: 13.4909, Entropy: 1.0867, Epsilon: 0.010
2026-04-19 09:29:11 | INFO | Episode 1728 - Reward: -200.000, Length: 200, Loss: 4.8537, Entropy: 1.0953, Epsilon: 0.010
2026-04-19 09:29:11 | INFO | Episode 1729 - Reward: -200.000, Length: 200, Loss: 7.7542, Entropy: 1.0953, Epsilon: 0.010
2026-04-19 09:29:11 | INFO | Episode 1730 - Reward: -200.000, Length: 200, Loss: 15.8245, Entropy: 1.0811, Epsilon: 0.010
2026-04-19 09:29:12 | INFO | Episode 1731 - Reward: -200.000, Length: 200, Loss: 23.7028, Entropy: 1.0826, Epsilon: 0.010
2026-04-19 09:29:12 | INFO | Episode 1732 - Reward: -200.000, Length: 200, Loss: 20.7202, Entropy: 1.0552, Epsilon: 0.010
2026-04-19 09:29:12 | INFO | Episode 1733 - Reward: -200.000, Length: 200, Loss: 15.5090, Entropy: 1.0841, Epsilon: 0.010
2026-04-19 09:29:13 | INFO | Episode 1734 - Reward: -200.000, Length: 200, Loss: 18.0753, Entropy: 1.0931, Epsilon: 0.010
2026-04-19 09:29:13 | INFO | Episode 1735 - Reward: -200.000, Length: 200, Loss: 7.5028, Entropy: 1.0874, Epsilon: 0.010
2026-04-19 09:29:13 | INFO | Episode 1736 - Reward: -200.000, Length: 200, Loss: 10.4281, Entropy: 1.0929, Epsilon: 0.010
2026-04-19 09:29:14 | INFO | Episode 1737 - Reward: -200.000, Length: 200, Loss: 16.0596, Entropy: 1.0915, Epsilon: 0.010
2026-04-19 09:29:14 | INFO | Episode 1738 - Reward: -200.000, Length: 200, Loss: 5.1824, Entropy: 1.0903, Epsilon: 0.010
2026-04-19 09:29:14 | INFO | Episode 1739 - Reward: -200.000, Length: 200, Loss: 21.2632, Entropy: 1.0826, Epsilon: 0.010
2026-04-19 09:29:14 | INFO | Episode 1740 - Reward: -200.000, Length: 200, Loss: 15.7748, Entropy: 1.0926, Epsilon: 0.010
2026-04-19 09:29:15 | INFO | Episode 1741 - Reward: -200.000, Length: 200, Loss: 10.8959, Entropy: 1.0924, Epsilon: 0.010
2026-04-19 09:29:15 | INFO | Episode 1742 - Reward: -200.000, Length: 200, Loss: 10.7950, Entropy: 1.0890, Epsilon: 0.010
2026-04-19 09:29:15 | INFO | Episode 1743 - Reward: -200.000, Length: 200, Loss: 13.0631, Entropy: 1.0766, Epsilon: 0.010
2026-04-19 09:29:16 | INFO | Episode 1744 - Reward: -200.000, Length: 200, Loss: 10.7458, Entropy: 1.0904, Epsilon: 0.010
2026-04-19 09:29:16 | INFO | Episode 1745 - Reward: -200.000, Length: 200, Loss: 37.7656, Entropy: 1.0819, Epsilon: 0.010
2026-04-19 09:29:16 | INFO | Episode 1746 - Reward: -200.000, Length: 200, Loss: 20.8143, Entropy: 1.0669, Epsilon: 0.010
2026-04-19 09:29:17 | INFO | Episode 1747 - Reward: -200.000, Length: 200, Loss: 5.1978, Entropy: 1.0922, Epsilon: 0.010
2026-04-19 09:29:17 | INFO | Episode 1748 - Reward: -200.000, Length: 200, Loss: 15.6115, Entropy: 1.0866, Epsilon: 0.010
2026-04-19 09:29:17 | INFO | Episode 1749 - Reward: -200.000, Length: 200, Loss: 7.4145, Entropy: 1.0933, Epsilon: 0.010
2026-04-19 09:29:18 | INFO | Episode 1750 - Reward: -200.000, Length: 200, Loss: 15.2697, Entropy: 1.0816, Epsilon: 0.010
2026-04-19 09:29:18 | INFO | Episode 1751 - Reward: -200.000, Length: 200, Loss: 7.3691, Entropy: 1.0891, Epsilon: 0.010
2026-04-19 09:29:18 | INFO | Episode 1752 - Reward: -200.000, Length: 200, Loss: 10.4284, Entropy: 1.0919, Epsilon: 0.010
2026-04-19 09:29:20 | INFO | Episode 1753 - Reward: -200.000, Length: 200, Loss: 7.7163, Entropy: 1.0949, Epsilon: 0.010
2026-04-19 09:29:20 | INFO | Episode 1754 - Reward: -200.000, Length: 200, Loss: 8.1252, Entropy: 1.0731, Epsilon: 0.010
2026-04-19 09:29:20 | INFO | Episode 1755 - Reward: -200.000, Length: 200, Loss: 15.8267, Entropy: 1.0827, Epsilon: 0.010
2026-04-19 09:29:21 | INFO | Episode 1756 - Reward: -200.000, Length: 200, Loss: 28.0413, Entropy: 1.0806, Epsilon: 0.010
2026-04-19 09:29:21 | INFO | Episode 1757 - Reward: -200.000, Length: 200, Loss: 18.0154, Entropy: 1.0849, Epsilon: 0.010
2026-04-19 09:29:21 | INFO | Episode 1758 - Reward: -200.000, Length: 200, Loss: 12.4616, Entropy: 1.0876, Epsilon: 0.010
2026-04-19 09:29:22 | INFO | Episode 1759 - Reward: -200.000, Length: 200, Loss: 9.9523, Entropy: 1.0830, Epsilon: 0.010
2026-04-19 09:29:22 | INFO | Episode 1760 - Reward: -200.000, Length: 200, Loss: 29.9237, Entropy: 1.0833, Epsilon: 0.010
2026-04-19 09:29:22 | INFO | Episode 1761 - Reward: -200.000, Length: 200, Loss: 19.8097, Entropy: 1.0818, Epsilon: 0.010
2026-04-19 09:29:23 | INFO | Episode 1762 - Reward: -200.000, Length: 200, Loss: 9.4089, Entropy: 1.0896, Epsilon: 0.010
2026-04-19 09:29:23 | INFO | Episode 1763 - Reward: -200.000, Length: 200, Loss: 21.9535, Entropy: 1.0736, Epsilon: 0.010
2026-04-19 09:29:23 | INFO | Episode 1764 - Reward: -200.000, Length: 200, Loss: 9.4473, Entropy: 1.0703, Epsilon: 0.010
2026-04-19 09:29:24 | INFO | Episode 1765 - Reward: -200.000, Length: 200, Loss: 12.1884, Entropy: 1.0932, Epsilon: 0.010
2026-04-19 09:29:24 | INFO | Episode 1766 - Reward: -200.000, Length: 200, Loss: 22.0205, Entropy: 1.0896, Epsilon: 0.010
2026-04-19 09:29:24 | INFO | Episode 1767 - Reward: -200.000, Length: 200, Loss: 6.9478, Entropy: 1.0891, Epsilon: 0.010
2026-04-19 09:29:25 | INFO | Episode 1768 - Reward: -200.000, Length: 200, Loss: 4.5806, Entropy: 1.0962, Epsilon: 0.010
2026-04-19 09:29:25 | INFO | Episode 1769 - Reward: -200.000, Length: 200, Loss: 24.2098, Entropy: 1.0888, Epsilon: 0.010
2026-04-19 09:29:25 | INFO | Episode 1770 - Reward: -200.000, Length: 200, Loss: 9.6457, Entropy: 1.0933, Epsilon: 0.010
2026-04-19 09:29:26 | INFO | Episode 1771 - Reward: -200.000, Length: 200, Loss: 17.2022, Entropy: 1.0867, Epsilon: 0.010
2026-04-19 09:29:26 | INFO | Episode 1772 - Reward: -200.000, Length: 200, Loss: 14.5886, Entropy: 1.0787, Epsilon: 0.010
2026-04-19 09:29:26 | INFO | Episode 1773 - Reward: -200.000, Length: 200, Loss: 16.9731, Entropy: 1.0855, Epsilon: 0.010
2026-04-19 09:29:27 | INFO | Episode 1774 - Reward: -200.000, Length: 200, Loss: 19.7803, Entropy: 1.0898, Epsilon: 0.010
2026-04-19 09:29:27 | INFO | Episode 1775 - Reward: -200.000, Length: 200, Loss: 9.8372, Entropy: 1.0891, Epsilon: 0.010
2026-04-19 09:29:27 | INFO | Episode 1776 - Reward: -200.000, Length: 200, Loss: 7.3438, Entropy: 1.0949, Epsilon: 0.010
2026-04-19 09:29:27 | INFO | Episode 1777 - Reward: -200.000, Length: 200, Loss: 4.7632, Entropy: 1.0962, Epsilon: 0.010
2026-04-19 09:29:28 | INFO | Episode 1778 - Reward: -200.000, Length: 200, Loss: 12.4086, Entropy: 1.0942, Epsilon: 0.010
2026-04-19 09:29:28 | INFO | Episode 1779 - Reward: -200.000, Length: 200, Loss: 17.0662, Entropy: 1.0903, Epsilon: 0.010
2026-04-19 09:29:28 | INFO | Episode 1780 - Reward: -200.000, Length: 200, Loss: 7.3163, Entropy: 1.0946, Epsilon: 0.010
2026-04-19 09:29:29 | INFO | Episode 1781 - Reward: -200.000, Length: 200, Loss: 14.9656, Entropy: 1.0874, Epsilon: 0.010
2026-04-19 09:29:29 | INFO | Episode 1782 - Reward: -200.000, Length: 200, Loss: 12.5261, Entropy: 1.0911, Epsilon: 0.010
2026-04-19 09:29:29 | INFO | Episode 1783 - Reward: -200.000, Length: 200, Loss: 7.3262, Entropy: 1.0950, Epsilon: 0.010
2026-04-19 09:29:30 | INFO | Episode 1784 - Reward: -200.000, Length: 200, Loss: 20.4235, Entropy: 1.0884, Epsilon: 0.010
2026-04-19 09:29:30 | INFO | Episode 1785 - Reward: -200.000, Length: 200, Loss: 7.3904, Entropy: 1.0955, Epsilon: 0.010
2026-04-19 09:29:30 | INFO | Episode 1786 - Reward: -200.000, Length: 200, Loss: 12.5068, Entropy: 1.0947, Epsilon: 0.010
2026-04-19 09:29:31 | INFO | Episode 1787 - Reward: -200.000, Length: 200, Loss: 9.9196, Entropy: 1.0957, Epsilon: 0.010
2026-04-19 09:29:31 | INFO | Episode 1788 - Reward: -200.000, Length: 200, Loss: 9.8813, Entropy: 1.0887, Epsilon: 0.010
2026-04-19 09:29:31 | INFO | Episode 1789 - Reward: -200.000, Length: 200, Loss: 12.9182, Entropy: 1.0865, Epsilon: 0.010
2026-04-19 09:29:32 | INFO | Episode 1790 - Reward: -200.000, Length: 200, Loss: 12.4937, Entropy: 1.0948, Epsilon: 0.010
2026-04-19 09:29:32 | INFO | Episode 1791 - Reward: -200.000, Length: 200, Loss: 17.4149, Entropy: 1.0495, Epsilon: 0.010
2026-04-19 09:29:32 | INFO | Episode 1792 - Reward: -200.000, Length: 200, Loss: 12.4066, Entropy: 1.0916, Epsilon: 0.010
2026-04-19 09:29:33 | INFO | Episode 1793 - Reward: -200.000, Length: 200, Loss: 20.2026, Entropy: 1.0765, Epsilon: 0.010
2026-04-19 09:29:33 | INFO | Episode 1794 - Reward: -200.000, Length: 200, Loss: 2.4400, Entropy: 1.0923, Epsilon: 0.010
2026-04-19 09:29:33 | INFO | Episode 1795 - Reward: -200.000, Length: 200, Loss: 15.5310, Entropy: 1.0793, Epsilon: 0.010
2026-04-19 09:29:33 | INFO | Episode 1796 - Reward: -200.000, Length: 200, Loss: 22.4259, Entropy: 1.0886, Epsilon: 0.010
2026-04-19 09:29:34 | INFO | Episode 1797 - Reward: -200.000, Length: 200, Loss: 12.7460, Entropy: 1.0935, Epsilon: 0.010
2026-04-19 09:29:34 | INFO | Episode 1798 - Reward: -200.000, Length: 200, Loss: 12.3727, Entropy: 1.0938, Epsilon: 0.010
2026-04-19 09:29:34 | INFO | Episode 1799 - Reward: -200.000, Length: 200, Loss: 15.3773, Entropy: 1.0860, Epsilon: 0.010
2026-04-19 09:29:35 | INFO | Episode 1800 - Reward: -200.000, Length: 200, Loss: 9.8988, Entropy: 1.0882, Epsilon: 0.010
2026-04-19 09:29:40 | INFO | [Episode 1800] eps=0.010  avg_reward=-200.000  avg_length=200.00  avg_loss= 13.9428  avg_entropy=1.0882  eval_success=0.000
2026-04-19 09:29:40 | INFO | Episode 1801 - Reward: -200.000, Length: 200, Loss: 19.9010, Entropy: 1.0626, Epsilon: 0.010
2026-04-19 09:29:40 | INFO | Episode 1802 - Reward: -200.000, Length: 200, Loss: 10.1924, Entropy: 1.0884, Epsilon: 0.010
2026-04-19 09:29:41 | INFO | Episode 1803 - Reward: -200.000, Length: 200, Loss: 22.7221, Entropy: 1.0885, Epsilon: 0.010
2026-04-19 09:29:41 | INFO | Episode 1804 - Reward: -200.000, Length: 200, Loss: 2.5053, Entropy: 1.0896, Epsilon: 0.010
2026-04-19 09:29:41 | INFO | Episode 1805 - Reward: -200.000, Length: 200, Loss: 14.9120, Entropy: 1.0959, Epsilon: 0.010
2026-04-19 09:29:41 | INFO | Episode 1806 - Reward: -200.000, Length: 200, Loss: 9.7265, Entropy: 1.0910, Epsilon: 0.010
2026-04-19 09:29:42 | INFO | Episode 1807 - Reward: -200.000, Length: 200, Loss: 9.4886, Entropy: 1.0882, Epsilon: 0.010
2026-04-19 09:29:42 | INFO | Episode 1808 - Reward: -200.000, Length: 200, Loss: 12.0509, Entropy: 1.0863, Epsilon: 0.010
2026-04-19 09:29:42 | INFO | Episode 1809 - Reward: -200.000, Length: 200, Loss: 25.4607, Entropy: 1.0828, Epsilon: 0.010
2026-04-19 09:29:43 | INFO | Episode 1810 - Reward: -200.000, Length: 200, Loss: 12.7696, Entropy: 1.0723, Epsilon: 0.010
2026-04-19 09:29:43 | INFO | Episode 1811 - Reward: -200.000, Length: 200, Loss: 15.2831, Entropy: 1.0869, Epsilon: 0.010
2026-04-19 09:29:43 | INFO | Episode 1812 - Reward: -200.000, Length: 200, Loss: 7.4505, Entropy: 1.0934, Epsilon: 0.010
2026-04-19 09:29:44 | INFO | Episode 1813 - Reward: -200.000, Length: 200, Loss: 9.8905, Entropy: 1.0865, Epsilon: 0.010
2026-04-19 09:29:44 | INFO | Episode 1814 - Reward: -200.000, Length: 200, Loss: 12.4620, Entropy: 1.0879, Epsilon: 0.010
2026-04-19 09:29:44 | INFO | Episode 1815 - Reward: -200.000, Length: 200, Loss: 17.2611, Entropy: 1.0712, Epsilon: 0.010
2026-04-19 09:29:45 | INFO | Episode 1816 - Reward: -200.000, Length: 200, Loss: 12.1162, Entropy: 1.0767, Epsilon: 0.010
2026-04-19 09:29:45 | INFO | Episode 1817 - Reward: -200.000, Length: 200, Loss: 12.4687, Entropy: 1.0882, Epsilon: 0.010
2026-04-19 09:29:45 | INFO | Episode 1818 - Reward: -200.000, Length: 200, Loss: 7.1772, Entropy: 1.0916, Epsilon: 0.010
2026-04-19 09:29:46 | INFO | Episode 1819 - Reward: -200.000, Length: 200, Loss: 15.1582, Entropy: 1.0841, Epsilon: 0.010
2026-04-19 09:29:46 | INFO | Episode 1820 - Reward: -200.000, Length: 200, Loss: 5.0288, Entropy: 1.0950, Epsilon: 0.010
2026-04-19 09:29:46 | INFO | Episode 1821 - Reward: -200.000, Length: 200, Loss: 4.9232, Entropy: 1.0955, Epsilon: 0.010
2026-04-19 09:29:47 | INFO | Episode 1822 - Reward: -200.000, Length: 200, Loss: 7.5294, Entropy: 1.0931, Epsilon: 0.010
2026-04-19 09:29:47 | INFO | Episode 1823 - Reward: -200.000, Length: 200, Loss: 7.8585, Entropy: 1.0944, Epsilon: 0.010
2026-04-19 09:29:47 | INFO | Episode 1824 - Reward: -200.000, Length: 200, Loss: 12.7992, Entropy: 1.0828, Epsilon: 0.010
2026-04-19 09:29:48 | INFO | Episode 1825 - Reward: -200.000, Length: 200, Loss: 10.3868, Entropy: 1.0941, Epsilon: 0.010
2026-04-19 09:29:48 | INFO | Episode 1826 - Reward: -200.000, Length: 200, Loss: 15.7759, Entropy: 1.0943, Epsilon: 0.010
2026-04-19 09:29:48 | INFO | Episode 1827 - Reward: -200.000, Length: 200, Loss: 13.3017, Entropy: 1.0927, Epsilon: 0.010
2026-04-19 09:29:49 | INFO | Episode 1828 - Reward: -200.000, Length: 200, Loss: 24.0938, Entropy: 1.0916, Epsilon: 0.010
2026-04-19 09:29:49 | INFO | Episode 1829 - Reward: -200.000, Length: 200, Loss: 15.4683, Entropy: 1.0925, Epsilon: 0.010
2026-04-19 09:29:49 | INFO | Episode 1830 - Reward: -200.000, Length: 200, Loss: 10.1008, Entropy: 1.0848, Epsilon: 0.010
2026-04-19 09:29:49 | INFO | Episode 1831 - Reward: -200.000, Length: 200, Loss: 7.9325, Entropy: 1.0963, Epsilon: 0.010
2026-04-19 09:29:50 | INFO | Episode 1832 - Reward: -200.000, Length: 200, Loss: 12.7491, Entropy: 1.0873, Epsilon: 0.010
2026-04-19 09:29:50 | INFO | Episode 1833 - Reward: -200.000, Length: 200, Loss: 15.5253, Entropy: 1.0931, Epsilon: 0.010
2026-04-19 09:29:50 | INFO | Episode 1834 - Reward: -200.000, Length: 200, Loss: 12.6852, Entropy: 1.0889, Epsilon: 0.010
2026-04-19 09:29:51 | INFO | Episode 1835 - Reward: -200.000, Length: 200, Loss: 12.8179, Entropy: 1.0924, Epsilon: 0.010
2026-04-19 09:29:51 | INFO | Episode 1836 - Reward: -200.000, Length: 200, Loss: 17.6462, Entropy: 1.0925, Epsilon: 0.010
2026-04-19 09:29:51 | INFO | Episode 1837 - Reward: -200.000, Length: 200, Loss: 24.8902, Entropy: 1.0565, Epsilon: 0.010
2026-04-19 09:29:52 | INFO | Episode 1838 - Reward: -200.000, Length: 200, Loss: 12.7320, Entropy: 1.0768, Epsilon: 0.010
2026-04-19 09:29:52 | INFO | Episode 1839 - Reward: -200.000, Length: 200, Loss: 13.0125, Entropy: 1.0901, Epsilon: 0.010
2026-04-19 09:29:52 | INFO | Episode 1840 - Reward: -200.000, Length: 200, Loss: 5.0224, Entropy: 1.0887, Epsilon: 0.010
2026-04-19 09:29:53 | INFO | Episode 1841 - Reward: -200.000, Length: 200, Loss: 2.4528, Entropy: 1.0967, Epsilon: 0.010
2026-04-19 09:29:53 | INFO | Episode 1842 - Reward: -200.000, Length: 200, Loss: 10.6806, Entropy: 1.0902, Epsilon: 0.010
2026-04-19 09:29:53 | INFO | Episode 1843 - Reward: -200.000, Length: 200, Loss: 20.4624, Entropy: 1.0949, Epsilon: 0.010
2026-04-19 09:29:54 | INFO | Episode 1844 - Reward: -200.000, Length: 200, Loss: 18.2603, Entropy: 1.0874, Epsilon: 0.010
2026-04-19 09:29:54 | INFO | Episode 1845 - Reward: -200.000, Length: 200, Loss: 7.6755, Entropy: 1.0833, Epsilon: 0.010
2026-04-19 09:29:54 | INFO | Episode 1846 - Reward: -200.000, Length: 200, Loss: 26.0634, Entropy: 1.0772, Epsilon: 0.010
2026-04-19 09:29:55 | INFO | Episode 1847 - Reward: -200.000, Length: 200, Loss: 13.0024, Entropy: 1.0930, Epsilon: 0.010
2026-04-19 09:29:55 | INFO | Episode 1848 - Reward: -200.000, Length: 200, Loss: 10.2469, Entropy: 1.0913, Epsilon: 0.010
2026-04-19 09:29:55 | INFO | Episode 1849 - Reward: -200.000, Length: 200, Loss: 10.1808, Entropy: 1.0918, Epsilon: 0.010
2026-04-19 09:29:56 | INFO | Episode 1850 - Reward: -200.000, Length: 200, Loss: 7.7234, Entropy: 1.0925, Epsilon: 0.010
2026-04-19 09:29:56 | INFO | Episode 1851 - Reward: -200.000, Length: 200, Loss: 20.8399, Entropy: 1.0810, Epsilon: 0.010
2026-04-19 09:29:56 | INFO | Episode 1852 - Reward: -200.000, Length: 200, Loss: 25.8705, Entropy: 1.0845, Epsilon: 0.010
2026-04-19 09:29:57 | INFO | Episode 1853 - Reward: -200.000, Length: 200, Loss: 12.5496, Entropy: 1.0736, Epsilon: 0.010
2026-04-19 09:29:57 | INFO | Episode 1854 - Reward: -200.000, Length: 200, Loss: 18.0330, Entropy: 1.0914, Epsilon: 0.010
2026-04-19 09:29:57 | INFO | Episode 1855 - Reward: -200.000, Length: 200, Loss: 5.0561, Entropy: 1.0965, Epsilon: 0.010
2026-04-19 09:29:57 | INFO | Episode 1856 - Reward: -200.000, Length: 200, Loss: 15.9002, Entropy: 1.0766, Epsilon: 0.010
2026-04-19 09:29:58 | INFO | Episode 1857 - Reward: -200.000, Length: 200, Loss: 15.3005, Entropy: 1.0881, Epsilon: 0.010
2026-04-19 09:29:58 | INFO | Episode 1858 - Reward: -200.000, Length: 200, Loss: 21.1419, Entropy: 1.0830, Epsilon: 0.010
2026-04-19 09:29:58 | INFO | Episode 1859 - Reward: -200.000, Length: 200, Loss: 17.9943, Entropy: 1.0892, Epsilon: 0.010
2026-04-19 09:29:59 | INFO | Episode 1860 - Reward: -200.000, Length: 200, Loss: 20.8637, Entropy: 1.0964, Epsilon: 0.010
2026-04-19 09:29:59 | INFO | Episode 1861 - Reward: -200.000, Length: 200, Loss: 5.1137, Entropy: 1.0929, Epsilon: 0.010
2026-04-19 09:29:59 | INFO | Episode 1862 - Reward: -200.000, Length: 200, Loss: 12.8966, Entropy: 1.0873, Epsilon: 0.010
2026-04-19 09:30:00 | INFO | Episode 1863 - Reward: -200.000, Length: 200, Loss: 12.8454, Entropy: 1.0952, Epsilon: 0.010
2026-04-19 09:30:00 | INFO | Episode 1864 - Reward: -200.000, Length: 200, Loss: 18.3272, Entropy: 1.0885, Epsilon: 0.010
2026-04-19 09:30:00 | INFO | Episode 1865 - Reward: -200.000, Length: 200, Loss: 7.7174, Entropy: 1.0895, Epsilon: 0.010
2026-04-19 09:30:01 | INFO | Episode 1866 - Reward: -200.000, Length: 200, Loss: 7.8192, Entropy: 1.0913, Epsilon: 0.010
2026-04-19 09:30:01 | INFO | Episode 1867 - Reward: -200.000, Length: 200, Loss: 15.4580, Entropy: 1.0849, Epsilon: 0.010
2026-04-19 09:30:01 | INFO | Episode 1868 - Reward: -200.000, Length: 200, Loss: 18.2110, Entropy: 1.0858, Epsilon: 0.010
2026-04-19 09:30:02 | INFO | Episode 1869 - Reward: -200.000, Length: 200, Loss: 2.4605, Entropy: 1.0931, Epsilon: 0.010
2026-04-19 09:30:02 | INFO | Episode 1870 - Reward: -200.000, Length: 200, Loss: 12.9598, Entropy: 1.0916, Epsilon: 0.010
2026-04-19 09:30:02 | INFO | Episode 1871 - Reward: -200.000, Length: 200, Loss: 18.5687, Entropy: 1.0919, Epsilon: 0.010
2026-04-19 09:30:02 | INFO | Episode 1872 - Reward: -200.000, Length: 200, Loss: 15.8888, Entropy: 1.0895, Epsilon: 0.010
2026-04-19 09:30:03 | INFO | Episode 1873 - Reward: -200.000, Length: 200, Loss: 13.3736, Entropy: 1.0852, Epsilon: 0.010
2026-04-19 09:30:03 | INFO | Episode 1874 - Reward: -200.000, Length: 200, Loss: 11.0274, Entropy: 1.0889, Epsilon: 0.010
2026-04-19 09:30:03 | INFO | Episode 1875 - Reward: -200.000, Length: 200, Loss: 21.5216, Entropy: 1.0837, Epsilon: 0.010
2026-04-19 09:30:04 | INFO | Episode 1876 - Reward: -200.000, Length: 200, Loss: 8.2005, Entropy: 1.0917, Epsilon: 0.010
2026-04-19 09:30:04 | INFO | Episode 1877 - Reward: -200.000, Length: 200, Loss: 16.4561, Entropy: 1.0891, Epsilon: 0.010
2026-04-19 09:30:04 | INFO | Episode 1878 - Reward: -200.000, Length: 200, Loss: 25.0392, Entropy: 1.0815, Epsilon: 0.010
2026-04-19 09:30:05 | INFO | Episode 1879 - Reward: -200.000, Length: 200, Loss: 21.9285, Entropy: 1.0630, Epsilon: 0.010
2026-04-19 09:30:05 | INFO | Episode 1880 - Reward: -200.000, Length: 200, Loss: 8.0093, Entropy: 1.0841, Epsilon: 0.010
2026-04-19 09:30:05 | INFO | Episode 1881 - Reward: -200.000, Length: 200, Loss: 16.3962, Entropy: 1.0881, Epsilon: 0.010
2026-04-19 09:30:06 | INFO | Episode 1882 - Reward: -200.000, Length: 200, Loss: 8.2964, Entropy: 1.0967, Epsilon: 0.010
2026-04-19 09:30:06 | INFO | Episode 1883 - Reward: -200.000, Length: 200, Loss: 11.1157, Entropy: 1.0878, Epsilon: 0.010
2026-04-19 09:30:06 | INFO | Episode 1884 - Reward: -200.000, Length: 200, Loss: 2.8281, Entropy: 1.0936, Epsilon: 0.010
2026-04-19 09:30:07 | INFO | Episode 1885 - Reward: -200.000, Length: 200, Loss: 19.2655, Entropy: 1.0870, Epsilon: 0.010
2026-04-19 09:30:07 | INFO | Episode 1886 - Reward: -200.000, Length: 200, Loss: 16.4734, Entropy: 1.0683, Epsilon: 0.010
2026-04-19 09:30:07 | INFO | Episode 1887 - Reward: -200.000, Length: 200, Loss: 5.3932, Entropy: 1.0901, Epsilon: 0.010
2026-04-19 09:30:07 | INFO | Episode 1888 - Reward: -200.000, Length: 200, Loss: 7.9164, Entropy: 1.0884, Epsilon: 0.010
2026-04-19 09:30:08 | INFO | Episode 1889 - Reward: -200.000, Length: 200, Loss: 14.1159, Entropy: 1.0934, Epsilon: 0.010
2026-04-19 09:30:08 | INFO | Episode 1890 - Reward: -200.000, Length: 200, Loss: 14.0631, Entropy: 1.0912, Epsilon: 0.010
2026-04-19 09:30:08 | INFO | Episode 1891 - Reward: -200.000, Length: 200, Loss: 17.0527, Entropy: 1.0742, Epsilon: 0.010
2026-04-19 09:30:09 | INFO | Episode 1892 - Reward: -200.000, Length: 200, Loss: 14.3031, Entropy: 1.0771, Epsilon: 0.010
2026-04-19 09:30:09 | INFO | Episode 1893 - Reward: -200.000, Length: 200, Loss: 16.8595, Entropy: 1.0869, Epsilon: 0.010
2026-04-19 09:30:09 | INFO | Episode 1894 - Reward: -200.000, Length: 200, Loss: 11.2660, Entropy: 1.0902, Epsilon: 0.010
2026-04-19 09:30:10 | INFO | Episode 1895 - Reward: -200.000, Length: 200, Loss: 16.3095, Entropy: 1.0881, Epsilon: 0.010
2026-04-19 09:30:10 | INFO | Episode 1896 - Reward: -200.000, Length: 200, Loss: 25.1865, Entropy: 1.0785, Epsilon: 0.010
2026-04-19 09:30:10 | INFO | Episode 1897 - Reward: -200.000, Length: 200, Loss: 11.2029, Entropy: 1.0886, Epsilon: 0.010
2026-04-19 09:30:11 | INFO | Episode 1898 - Reward: -200.000, Length: 200, Loss: 16.3834, Entropy: 1.0820, Epsilon: 0.010
2026-04-19 09:30:11 | INFO | Episode 1899 - Reward: -200.000, Length: 200, Loss: 8.1750, Entropy: 1.0876, Epsilon: 0.010
2026-04-19 09:30:11 | INFO | Episode 1900 - Reward: -200.000, Length: 200, Loss: 19.0109, Entropy: 1.0799, Epsilon: 0.010
2026-04-19 09:30:16 | INFO | [Episode 1900] eps=0.010  avg_reward=-200.000  avg_length=200.00  avg_loss= 13.5701  avg_entropy=1.0799  eval_success=0.000
2026-04-19 09:30:16 | INFO | Episode 1901 - Reward: -200.000, Length: 200, Loss: 16.4210, Entropy: 1.0881, Epsilon: 0.010
2026-04-19 09:30:17 | INFO | Episode 1902 - Reward: -200.000, Length: 200, Loss: 16.3162, Entropy: 1.0816, Epsilon: 0.010
2026-04-19 09:30:17 | INFO | Episode 1903 - Reward: -200.000, Length: 200, Loss: 15.9671, Entropy: 1.0826, Epsilon: 0.010
2026-04-19 09:30:17 | INFO | Episode 1904 - Reward: -200.000, Length: 200, Loss: 21.9818, Entropy: 1.0679, Epsilon: 0.010
2026-04-19 09:30:18 | INFO | Episode 1905 - Reward: -200.000, Length: 200, Loss: 16.1563, Entropy: 1.0662, Epsilon: 0.010
2026-04-19 09:30:18 | INFO | Episode 1906 - Reward: -200.000, Length: 200, Loss: 7.8081, Entropy: 1.0921, Epsilon: 0.010
2026-04-19 09:30:18 | INFO | Episode 1907 - Reward: -200.000, Length: 200, Loss: 7.8138, Entropy: 1.0892, Epsilon: 0.010
2026-04-19 09:30:19 | INFO | Episode 1908 - Reward: -200.000, Length: 200, Loss: 13.2133, Entropy: 1.0879, Epsilon: 0.010
2026-04-19 09:30:19 | INFO | Episode 1909 - Reward: -200.000, Length: 200, Loss: 16.1354, Entropy: 1.0827, Epsilon: 0.010
2026-04-19 09:30:19 | INFO | Episode 1910 - Reward: -200.000, Length: 200, Loss: 10.8473, Entropy: 1.0789, Epsilon: 0.010
2026-04-19 09:30:20 | INFO | Episode 1911 - Reward: -200.000, Length: 200, Loss: 10.8370, Entropy: 1.0891, Epsilon: 0.010
2026-04-19 09:30:20 | INFO | Episode 1912 - Reward: -200.000, Length: 200, Loss: 27.1721, Entropy: 1.0762, Epsilon: 0.010
2026-04-19 09:30:20 | INFO | Episode 1913 - Reward: -200.000, Length: 200, Loss: -0.1889, Entropy: 1.0956, Epsilon: 0.010
2026-04-19 09:30:21 | INFO | Episode 1914 - Reward: -200.000, Length: 200, Loss: 10.8472, Entropy: 1.0907, Epsilon: 0.010
2026-04-19 09:30:21 | INFO | Episode 1915 - Reward: -200.000, Length: 200, Loss: 8.0995, Entropy: 1.0932, Epsilon: 0.010
2026-04-19 09:30:21 | INFO | Episode 1916 - Reward: -200.000, Length: 200, Loss: 16.9182, Entropy: 1.0880, Epsilon: 0.010
2026-04-19 09:30:22 | INFO | Episode 1917 - Reward: -200.000, Length: 200, Loss: 2.7256, Entropy: 1.0952, Epsilon: 0.010
2026-04-19 09:30:22 | INFO | Episode 1918 - Reward: -200.000, Length: 200, Loss: 14.3564, Entropy: 1.0746, Epsilon: 0.010
2026-04-19 09:30:22 | INFO | Episode 1919 - Reward: -200.000, Length: 200, Loss: 14.1818, Entropy: 1.0763, Epsilon: 0.010
2026-04-19 09:30:23 | INFO | Episode 1920 - Reward: -200.000, Length: 200, Loss: 11.1140, Entropy: 1.0939, Epsilon: 0.010
2026-04-19 09:30:23 | INFO | Episode 1921 - Reward: -200.000, Length: 200, Loss: 8.4365, Entropy: 1.0917, Epsilon: 0.010
2026-04-19 09:30:23 | INFO | Episode 1922 - Reward: -200.000, Length: 200, Loss: 17.2780, Entropy: 1.0788, Epsilon: 0.010
2026-04-19 09:30:24 | INFO | Episode 1923 - Reward: -200.000, Length: 200, Loss: 16.9916, Entropy: 1.0733, Epsilon: 0.010
2026-04-19 09:30:24 | INFO | Episode 1924 - Reward: -200.000, Length: 200, Loss: 14.1499, Entropy: 1.0855, Epsilon: 0.010
2026-04-19 09:30:24 | INFO | Episode 1925 - Reward: -200.000, Length: 200, Loss: 14.2209, Entropy: 1.0854, Epsilon: 0.010
2026-04-19 09:30:25 | INFO | Episode 1926 - Reward: -200.000, Length: 200, Loss: 22.5411, Entropy: 1.0797, Epsilon: 0.010
2026-04-19 09:30:25 | INFO | Episode 1927 - Reward: -200.000, Length: 200, Loss: 16.5327, Entropy: 1.0888, Epsilon: 0.010
2026-04-19 09:30:25 | INFO | Episode 1928 - Reward: -200.000, Length: 200, Loss: 11.2411, Entropy: 1.0882, Epsilon: 0.010
2026-04-19 09:30:25 | INFO | Episode 1929 - Reward: -200.000, Length: 200, Loss: 16.9379, Entropy: 1.0833, Epsilon: 0.010
2026-04-19 09:30:26 | INFO | Episode 1930 - Reward: -200.000, Length: 200, Loss: 5.5914, Entropy: 1.0921, Epsilon: 0.010
2026-04-19 09:30:26 | INFO | Episode 1931 - Reward: -200.000, Length: 200, Loss: 13.8393, Entropy: 1.0624, Epsilon: 0.010
2026-04-19 09:30:26 | INFO | Episode 1932 - Reward: -200.000, Length: 200, Loss: 14.7719, Entropy: 1.0896, Epsilon: 0.010
2026-04-19 09:30:27 | INFO | Episode 1933 - Reward: -200.000, Length: 200, Loss: 8.4479, Entropy: 1.0789, Epsilon: 0.010
2026-04-19 09:30:27 | INFO | Episode 1934 - Reward: -200.000, Length: 200, Loss: 8.9322, Entropy: 1.0835, Epsilon: 0.010
2026-04-19 09:30:27 | INFO | Episode 1935 - Reward: -200.000, Length: 200, Loss: 5.8007, Entropy: 1.0945, Epsilon: 0.010
2026-04-19 09:30:28 | INFO | Episode 1936 - Reward: -200.000, Length: 200, Loss: 12.1130, Entropy: 1.0820, Epsilon: 0.010
2026-04-19 09:30:28 | INFO | Episode 1937 - Reward: -200.000, Length: 200, Loss: 8.8823, Entropy: 1.0909, Epsilon: 0.010
2026-04-19 09:30:28 | INFO | Episode 1938 - Reward: -200.000, Length: 200, Loss: 17.7101, Entropy: 1.0760, Epsilon: 0.010
2026-04-19 09:30:29 | INFO | Episode 1939 - Reward: -200.000, Length: 200, Loss: 17.6201, Entropy: 1.0810, Epsilon: 0.010
2026-04-19 09:30:29 | INFO | Episode 1940 - Reward: -200.000, Length: 200, Loss: 9.0863, Entropy: 1.0825, Epsilon: 0.010
2026-04-19 09:30:29 | INFO | Episode 1941 - Reward: -200.000, Length: 200, Loss: 8.8648, Entropy: 1.0830, Epsilon: 0.010
2026-04-19 09:30:30 | INFO | Episode 1942 - Reward: -200.000, Length: 200, Loss: 35.7746, Entropy: 1.0710, Epsilon: 0.010
2026-04-19 09:30:30 | INFO | Episode 1943 - Reward: -200.000, Length: 200, Loss: 5.9706, Entropy: 1.0816, Epsilon: 0.010
2026-04-19 09:30:30 | INFO | Episode 1944 - Reward: -200.000, Length: 200, Loss: 6.1424, Entropy: 1.0936, Epsilon: 0.010
2026-04-19 09:30:31 | INFO | Episode 1945 - Reward: -200.000, Length: 200, Loss: 27.5509, Entropy: 1.0619, Epsilon: 0.010
2026-04-19 09:30:31 | INFO | Episode 1946 - Reward: -200.000, Length: 200, Loss: 8.9885, Entropy: 1.0845, Epsilon: 0.010
2026-04-19 09:30:31 | INFO | Episode 1947 - Reward: -200.000, Length: 200, Loss: 8.9138, Entropy: 1.0849, Epsilon: 0.010
2026-04-19 09:30:32 | INFO | Episode 1948 - Reward: -200.000, Length: 200, Loss: 11.8867, Entropy: 1.0674, Epsilon: 0.010
2026-04-19 09:30:32 | INFO | Episode 1949 - Reward: -200.000, Length: 200, Loss: 24.5632, Entropy: 1.0850, Epsilon: 0.010
2026-04-19 09:30:32 | INFO | Episode 1950 - Reward: -200.000, Length: 200, Loss: 18.0522, Entropy: 1.0582, Epsilon: 0.010
2026-04-19 09:30:32 | INFO | Episode 1951 - Reward: -200.000, Length: 200, Loss: 18.4138, Entropy: 1.0892, Epsilon: 0.010
2026-04-19 09:30:33 | INFO | Episode 1952 - Reward: -200.000, Length: 200, Loss: 11.8413, Entropy: 1.0810, Epsilon: 0.010
2026-04-19 09:30:33 | INFO | Episode 1953 - Reward: -200.000, Length: 200, Loss: 6.0189, Entropy: 1.0862, Epsilon: 0.010
2026-04-19 09:30:33 | INFO | Episode 1954 - Reward: -200.000, Length: 200, Loss: 15.2868, Entropy: 1.0819, Epsilon: 0.010
2026-04-19 09:30:34 | INFO | Episode 1955 - Reward: -200.000, Length: 200, Loss: 11.8895, Entropy: 1.0869, Epsilon: 0.010
2026-04-19 09:30:34 | INFO | Episode 1956 - Reward: -200.000, Length: 200, Loss: 15.0167, Entropy: 1.0908, Epsilon: 0.010
2026-04-19 09:30:34 | INFO | Episode 1957 - Reward: -200.000, Length: 200, Loss: 20.9037, Entropy: 1.0661, Epsilon: 0.010
2026-04-19 09:30:35 | INFO | Episode 1958 - Reward: -200.000, Length: 200, Loss: 17.8977, Entropy: 1.0747, Epsilon: 0.010
2026-04-19 09:30:35 | INFO | Episode 1959 - Reward: -200.000, Length: 200, Loss: 14.9716, Entropy: 1.0872, Epsilon: 0.010
2026-04-19 09:30:35 | INFO | Episode 1960 - Reward: -200.000, Length: 200, Loss: 18.3375, Entropy: 1.0804, Epsilon: 0.010
2026-04-19 09:30:36 | INFO | Episode 1961 - Reward: -200.000, Length: 200, Loss: 11.7069, Entropy: 1.0833, Epsilon: 0.010
2026-04-19 09:30:36 | INFO | Episode 1962 - Reward: -200.000, Length: 200, Loss: -0.2156, Entropy: 1.0978, Epsilon: 0.010
2026-04-19 09:30:36 | INFO | Episode 1963 - Reward: -200.000, Length: 200, Loss: 14.8594, Entropy: 1.0914, Epsilon: 0.010
2026-04-19 09:30:37 | INFO | Episode 1964 - Reward: -200.000, Length: 200, Loss: 8.8159, Entropy: 1.0933, Epsilon: 0.010
2026-04-19 09:30:37 | INFO | Episode 1965 - Reward: -200.000, Length: 200, Loss: 20.8829, Entropy: 1.0875, Epsilon: 0.010
2026-04-19 09:30:37 | INFO | Episode 1966 - Reward: -200.000, Length: 200, Loss: 29.3820, Entropy: 1.0691, Epsilon: 0.010
2026-04-19 09:30:38 | INFO | Episode 1967 - Reward: -200.000, Length: 200, Loss: 14.5655, Entropy: 1.0753, Epsilon: 0.010
2026-04-19 09:30:38 | INFO | Episode 1968 - Reward: -200.000, Length: 200, Loss: 23.4384, Entropy: 1.0920, Epsilon: 0.010
2026-04-19 09:30:38 | INFO | Episode 1969 - Reward: -200.000, Length: 200, Loss: 14.3629, Entropy: 1.0890, Epsilon: 0.010
2026-04-19 09:30:38 | INFO | Episode 1970 - Reward: -200.000, Length: 200, Loss: 11.3552, Entropy: 1.0858, Epsilon: 0.010
2026-04-19 09:30:39 | INFO | Episode 1971 - Reward: -200.000, Length: 200, Loss: 20.0669, Entropy: 1.0883, Epsilon: 0.010
2026-04-19 09:30:39 | INFO | Episode 1972 - Reward: -200.000, Length: 200, Loss: 33.8029, Entropy: 1.0561, Epsilon: 0.010
2026-04-19 09:30:39 | INFO | Episode 1973 - Reward: -200.000, Length: 200, Loss: 11.3768, Entropy: 1.0900, Epsilon: 0.010
2026-04-19 09:30:40 | INFO | Episode 1974 - Reward: -200.000, Length: 200, Loss: 19.8888, Entropy: 1.0864, Epsilon: 0.010
2026-04-19 09:30:40 | INFO | Episode 1975 - Reward: -200.000, Length: 200, Loss: 11.3638, Entropy: 1.0873, Epsilon: 0.010
2026-04-19 09:30:40 | INFO | Episode 1976 - Reward: -200.000, Length: 200, Loss: 8.5860, Entropy: 1.0899, Epsilon: 0.010
2026-04-19 09:30:41 | INFO | Episode 1977 - Reward: -200.000, Length: 200, Loss: 11.3502, Entropy: 1.0918, Epsilon: 0.010
2026-04-19 09:30:41 | INFO | Episode 1978 - Reward: -200.000, Length: 200, Loss: 19.7808, Entropy: 1.0723, Epsilon: 0.010
2026-04-19 09:30:41 | INFO | Episode 1979 - Reward: -200.000, Length: 200, Loss: 20.4358, Entropy: 1.0669, Epsilon: 0.010
2026-04-19 09:30:42 | INFO | Episode 1980 - Reward: -200.000, Length: 200, Loss: 11.5550, Entropy: 1.0869, Epsilon: 0.010
2026-04-19 09:30:42 | INFO | Episode 1981 - Reward: -200.000, Length: 200, Loss: 2.7419, Entropy: 1.0925, Epsilon: 0.010
2026-04-19 09:30:42 | INFO | Episode 1982 - Reward: -200.000, Length: 200, Loss: 10.9922, Entropy: 1.0947, Epsilon: 0.010
2026-04-19 09:30:43 | INFO | Episode 1983 - Reward: -200.000, Length: 200, Loss: 8.4000, Entropy: 1.0947, Epsilon: 0.010
2026-04-19 09:30:43 | INFO | Episode 1984 - Reward: -200.000, Length: 200, Loss: 19.9790, Entropy: 1.0700, Epsilon: 0.010
2026-04-19 09:30:43 | INFO | Episode 1985 - Reward: -200.000, Length: 200, Loss: 8.3687, Entropy: 1.0839, Epsilon: 0.010
2026-04-19 09:30:43 | INFO | Episode 1986 - Reward: -200.000, Length: 200, Loss: 19.9339, Entropy: 1.0569, Epsilon: 0.010
2026-04-19 09:30:44 | INFO | Episode 1987 - Reward: -200.000, Length: 200, Loss: 8.8160, Entropy: 1.0824, Epsilon: 0.010
2026-04-19 09:30:44 | INFO | Episode 1988 - Reward: -200.000, Length: 200, Loss: 20.3420, Entropy: 1.0795, Epsilon: 0.010
2026-04-19 09:30:44 | INFO | Episode 1989 - Reward: -200.000, Length: 200, Loss: 17.5075, Entropy: 1.0814, Epsilon: 0.010
2026-04-19 09:30:45 | INFO | Episode 1990 - Reward: -200.000, Length: 200, Loss: 11.2364, Entropy: 1.0859, Epsilon: 0.010
2026-04-19 09:30:45 | INFO | Episode 1991 - Reward: -200.000, Length: 200, Loss: 11.4477, Entropy: 1.0913, Epsilon: 0.010
2026-04-19 09:30:45 | INFO | Episode 1992 - Reward: -200.000, Length: 200, Loss: 8.5938, Entropy: 1.0846, Epsilon: 0.010
2026-04-19 09:30:46 | INFO | Episode 1993 - Reward: -200.000, Length: 200, Loss: 11.4828, Entropy: 1.0891, Epsilon: 0.010
2026-04-19 09:30:46 | INFO | Episode 1994 - Reward: -200.000, Length: 200, Loss: 20.0335, Entropy: 1.0866, Epsilon: 0.010
2026-04-19 09:30:46 | INFO | Episode 1995 - Reward: -200.000, Length: 200, Loss: 17.3005, Entropy: 1.0847, Epsilon: 0.010
2026-04-19 09:30:47 | INFO | Episode 1996 - Reward: -200.000, Length: 200, Loss: 11.3283, Entropy: 1.0636, Epsilon: 0.010
2026-04-19 09:30:47 | INFO | Episode 1997 - Reward: -200.000, Length: 200, Loss: 10.8962, Entropy: 1.0908, Epsilon: 0.010
2026-04-19 09:30:47 | INFO | Episode 1998 - Reward: -200.000, Length: 200, Loss: 8.2826, Entropy: 1.0915, Epsilon: 0.010
2026-04-19 09:30:48 | INFO | Episode 1999 - Reward: -200.000, Length: 200, Loss: 11.2024, Entropy: 1.0915, Epsilon: 0.010
2026-04-19 09:30:48 | INFO | Episode 2000 - Reward: -200.000, Length: 200, Loss: 8.2937, Entropy: 1.0907, Epsilon: 0.010
2026-04-19 09:30:53 | INFO | [Episode 2000] eps=0.010  avg_reward=-200.000  avg_length=200.00  avg_loss= 13.9167  avg_entropy=1.0907  eval_success=0.000
2026-04-19 09:30:53 | INFO | Episode 2001 - Reward: -200.000, Length: 200, Loss: 8.4692, Entropy: 1.0911, Epsilon: 0.010
2026-04-19 09:30:54 | INFO | Episode 2002 - Reward: -200.000, Length: 200, Loss: 14.2540, Entropy: 1.0916, Epsilon: 0.010
2026-04-19 09:30:54 | INFO | Episode 2003 - Reward: -200.000, Length: 200, Loss: 14.1071, Entropy: 1.0878, Epsilon: 0.010
2026-04-19 09:30:54 | INFO | Episode 2004 - Reward: -200.000, Length: 200, Loss: 14.1958, Entropy: 1.0813, Epsilon: 0.010
2026-04-19 09:30:55 | INFO | Episode 2005 - Reward: -200.000, Length: 200, Loss: 20.1072, Entropy: 1.0800, Epsilon: 0.010
2026-04-19 09:30:55 | INFO | Episode 2006 - Reward: -200.000, Length: 200, Loss: 22.8049, Entropy: 1.0863, Epsilon: 0.010
2026-04-19 09:30:55 | INFO | Episode 2007 - Reward: -200.000, Length: 200, Loss: 19.7748, Entropy: 1.0793, Epsilon: 0.010
2026-04-19 09:30:56 | INFO | Episode 2008 - Reward: -200.000, Length: 200, Loss: 17.1057, Entropy: 1.0799, Epsilon: 0.010
2026-04-19 09:30:56 | INFO | Episode 2009 - Reward: -200.000, Length: 200, Loss: 14.4918, Entropy: 1.0920, Epsilon: 0.010
2026-04-19 09:30:56 | INFO | Episode 2010 - Reward: -200.000, Length: 200, Loss: 23.0916, Entropy: 1.0754, Epsilon: 0.010
2026-04-19 09:30:57 | INFO | Episode 2011 - Reward: -200.000, Length: 200, Loss: 26.4053, Entropy: 1.0824, Epsilon: 0.010
2026-04-19 09:30:57 | INFO | Episode 2012 - Reward: -200.000, Length: 200, Loss: 8.7446, Entropy: 1.0890, Epsilon: 0.010
2026-04-19 09:30:57 | INFO | Episode 2013 - Reward: -200.000, Length: 200, Loss: 25.6507, Entropy: 1.0805, Epsilon: 0.010
2026-04-19 09:30:58 | INFO | Episode 2014 - Reward: -200.000, Length: 200, Loss: 26.5106, Entropy: 1.0754, Epsilon: 0.010
2026-04-19 09:30:58 | INFO | Episode 2015 - Reward: -200.000, Length: 200, Loss: 14.8694, Entropy: 1.0768, Epsilon: 0.010
2026-04-19 09:30:58 | INFO | Episode 2016 - Reward: -200.000, Length: 200, Loss: 17.7758, Entropy: 1.0804, Epsilon: 0.010
2026-04-19 09:30:58 | INFO | Episode 2017 - Reward: -200.000, Length: 200, Loss: 11.4627, Entropy: 1.0861, Epsilon: 0.010
2026-04-19 09:30:59 | INFO | Episode 2018 - Reward: -200.000, Length: 200, Loss: 20.7171, Entropy: 1.0857, Epsilon: 0.010
2026-04-19 09:30:59 | INFO | Episode 2019 - Reward: -200.000, Length: 200, Loss: 8.6485, Entropy: 1.0895, Epsilon: 0.010
2026-04-19 09:30:59 | INFO | Episode 2020 - Reward: -200.000, Length: 200, Loss: 14.3025, Entropy: 1.0888, Epsilon: 0.010
2026-04-19 09:31:00 | INFO | Episode 2021 - Reward: -200.000, Length: 200, Loss: 19.6573, Entropy: 1.0770, Epsilon: 0.010
2026-04-19 09:31:00 | INFO | Episode 2022 - Reward: -200.000, Length: 200, Loss: 10.9623, Entropy: 1.0670, Epsilon: 0.010
2026-04-19 09:31:00 | INFO | Episode 2023 - Reward: -200.000, Length: 200, Loss: 28.7829, Entropy: 1.0793, Epsilon: 0.010
2026-04-19 09:31:01 | INFO | Episode 2024 - Reward: -200.000, Length: 200, Loss: 14.1933, Entropy: 1.0677, Epsilon: 0.010
2026-04-19 09:31:01 | INFO | Episode 2025 - Reward: -200.000, Length: 200, Loss: 16.6418, Entropy: 1.0886, Epsilon: 0.010
2026-04-19 09:31:01 | INFO | Episode 2026 - Reward: -200.000, Length: 200, Loss: 11.1930, Entropy: 1.0907, Epsilon: 0.010
2026-04-19 09:31:02 | INFO | Episode 2027 - Reward: -200.000, Length: 200, Loss: 16.8499, Entropy: 1.0795, Epsilon: 0.010
2026-04-19 09:31:02 | INFO | Episode 2028 - Reward: -200.000, Length: 200, Loss: 22.4551, Entropy: 1.0863, Epsilon: 0.010
2026-04-19 09:31:02 | INFO | Episode 2029 - Reward: -200.000, Length: 200, Loss: 28.0667, Entropy: 1.0593, Epsilon: 0.010
2026-04-19 09:31:03 | INFO | Episode 2030 - Reward: -200.000, Length: 200, Loss: 14.0653, Entropy: 1.0786, Epsilon: 0.010
2026-04-19 09:31:03 | INFO | Episode 2031 - Reward: -200.000, Length: 200, Loss: 17.0047, Entropy: 1.0916, Epsilon: 0.010
2026-04-19 09:31:03 | INFO | Episode 2032 - Reward: -200.000, Length: 200, Loss: 16.9836, Entropy: 1.0807, Epsilon: 0.010
2026-04-19 09:31:04 | INFO | Episode 2033 - Reward: -200.000, Length: 200, Loss: 19.9870, Entropy: 1.0926, Epsilon: 0.010
2026-04-19 09:31:04 | INFO | Episode 2034 - Reward: -200.000, Length: 200, Loss: 14.0288, Entropy: 1.0870, Epsilon: 0.010
2026-04-19 09:31:04 | INFO | Episode 2035 - Reward: -200.000, Length: 200, Loss: 27.7959, Entropy: 1.0723, Epsilon: 0.010
2026-04-19 09:31:04 | INFO | Episode 2036 - Reward: -200.000, Length: 200, Loss: 2.6428, Entropy: 1.0902, Epsilon: 0.010
2026-04-19 09:31:05 | INFO | Episode 2037 - Reward: -200.000, Length: 200, Loss: 7.8165, Entropy: 1.0920, Epsilon: 0.010
2026-04-19 09:31:05 | INFO | Episode 2038 - Reward: -200.000, Length: 200, Loss: 13.3911, Entropy: 1.0903, Epsilon: 0.010
2026-04-19 09:31:05 | INFO | Episode 2039 - Reward: -200.000, Length: 200, Loss: 8.1802, Entropy: 1.0833, Epsilon: 0.010
2026-04-19 09:31:06 | INFO | Episode 2040 - Reward: -200.000, Length: 200, Loss: 13.5411, Entropy: 1.0843, Epsilon: 0.010
2026-04-19 09:31:06 | INFO | Episode 2041 - Reward: -200.000, Length: 200, Loss: 5.2968, Entropy: 1.0803, Epsilon: 0.010
2026-04-19 09:31:06 | INFO | Episode 2042 - Reward: -200.000, Length: 200, Loss: 10.9749, Entropy: 1.0950, Epsilon: 0.010
2026-04-19 09:31:07 | INFO | Episode 2043 - Reward: -200.000, Length: 200, Loss: 13.4987, Entropy: 1.0877, Epsilon: 0.010
2026-04-19 09:31:07 | INFO | Episode 2044 - Reward: -200.000, Length: 200, Loss: 13.3745, Entropy: 1.0674, Epsilon: 0.010
2026-04-19 09:31:07 | INFO | Episode 2045 - Reward: -200.000, Length: 200, Loss: 24.3216, Entropy: 1.0725, Epsilon: 0.010
2026-04-19 09:31:09 | INFO | Episode 2046 - Reward: -200.000, Length: 200, Loss: 7.9082, Entropy: 1.0828, Epsilon: 0.010
2026-04-19 09:31:09 | INFO | Episode 2047 - Reward: -200.000, Length: 200, Loss: 23.9671, Entropy: 1.0874, Epsilon: 0.010
2026-04-19 09:31:10 | INFO | Episode 2048 - Reward: -200.000, Length: 200, Loss: 18.8554, Entropy: 1.0824, Epsilon: 0.010
2026-04-19 09:31:10 | INFO | Episode 2049 - Reward: -200.000, Length: 200, Loss: 8.0152, Entropy: 1.0939, Epsilon: 0.010
2026-04-19 09:31:10 | INFO | Episode 2050 - Reward: -200.000, Length: 200, Loss: 10.4696, Entropy: 1.0875, Epsilon: 0.010
2026-04-19 09:31:11 | INFO | Episode 2051 - Reward: -200.000, Length: 200, Loss: 7.9220, Entropy: 1.0820, Epsilon: 0.010
2026-04-19 09:31:11 | INFO | Episode 2052 - Reward: -200.000, Length: 200, Loss: 18.4535, Entropy: 1.0575, Epsilon: 0.010
2026-04-19 09:31:11 | INFO | Episode 2053 - Reward: -200.000, Length: 200, Loss: 26.3462, Entropy: 1.0810, Epsilon: 0.010
2026-04-19 09:31:12 | INFO | Episode 2054 - Reward: -200.000, Length: 200, Loss: 7.6455, Entropy: 1.0953, Epsilon: 0.010
2026-04-19 09:31:12 | INFO | Episode 2055 - Reward: -200.000, Length: 200, Loss: 7.7002, Entropy: 1.0930, Epsilon: 0.010
2026-04-19 09:31:12 | INFO | Episode 2056 - Reward: -200.000, Length: 200, Loss: 10.0952, Entropy: 1.0922, Epsilon: 0.010
2026-04-19 09:31:13 | INFO | Episode 2057 - Reward: -200.000, Length: 200, Loss: 18.0485, Entropy: 1.0952, Epsilon: 0.010
2026-04-19 09:31:13 | INFO | Episode 2058 - Reward: -200.000, Length: 200, Loss: 15.7240, Entropy: 1.0843, Epsilon: 0.010
2026-04-19 09:31:13 | INFO | Episode 2059 - Reward: -200.000, Length: 200, Loss: 2.3386, Entropy: 1.0880, Epsilon: 0.010
2026-04-19 09:31:14 | INFO | Episode 2060 - Reward: -200.000, Length: 200, Loss: 7.3779, Entropy: 1.0914, Epsilon: 0.010
2026-04-19 09:31:14 | INFO | Episode 2061 - Reward: -200.000, Length: 200, Loss: 2.3490, Entropy: 1.0947, Epsilon: 0.010
2026-04-19 09:31:14 | INFO | Episode 2062 - Reward: -200.000, Length: 200, Loss: 12.5771, Entropy: 1.0797, Epsilon: 0.010
2026-04-19 09:31:15 | INFO | Episode 2063 - Reward: -200.000, Length: 200, Loss: 15.0988, Entropy: 1.0895, Epsilon: 0.010
2026-04-19 09:31:15 | INFO | Episode 2064 - Reward: -200.000, Length: 200, Loss: 7.5700, Entropy: 1.0942, Epsilon: 0.010
2026-04-19 09:31:15 | INFO | Episode 2065 - Reward: -200.000, Length: 200, Loss: 17.8598, Entropy: 1.0809, Epsilon: 0.010
2026-04-19 09:31:16 | INFO | Episode 2066 - Reward: -200.000, Length: 200, Loss: 12.4597, Entropy: 1.0873, Epsilon: 0.010
2026-04-19 09:31:16 | INFO | Episode 2067 - Reward: -200.000, Length: 200, Loss: 12.4879, Entropy: 1.0924, Epsilon: 0.010
2026-04-19 09:31:16 | INFO | Episode 2068 - Reward: -200.000, Length: 200, Loss: 10.0027, Entropy: 1.0901, Epsilon: 0.010
2026-04-19 09:31:17 | INFO | Episode 2069 - Reward: -200.000, Length: 200, Loss: 22.8684, Entropy: 1.0735, Epsilon: 0.010
2026-04-19 09:31:17 | INFO | Episode 2070 - Reward: -200.000, Length: 200, Loss: 12.3184, Entropy: 1.0912, Epsilon: 0.010
2026-04-19 09:31:17 | INFO | Episode 2071 - Reward: -200.000, Length: 200, Loss: 9.9137, Entropy: 1.0942, Epsilon: 0.010
2026-04-19 09:31:18 | INFO | Episode 2072 - Reward: -200.000, Length: 200, Loss: 12.4725, Entropy: 1.0753, Epsilon: 0.010
2026-04-19 09:31:18 | INFO | Episode 2073 - Reward: -200.000, Length: 200, Loss: 22.4994, Entropy: 1.0691, Epsilon: 0.010
2026-04-19 09:31:18 | INFO | Episode 2074 - Reward: -200.000, Length: 200, Loss: 22.2623, Entropy: 1.0707, Epsilon: 0.010
2026-04-19 09:31:19 | INFO | Episode 2075 - Reward: -200.000, Length: 200, Loss: 12.4138, Entropy: 1.0859, Epsilon: 0.010
2026-04-19 09:31:19 | INFO | Episode 2076 - Reward: -200.000, Length: 200, Loss: 19.9753, Entropy: 1.0723, Epsilon: 0.010
2026-04-19 09:31:19 | INFO | Episode 2077 - Reward: -200.000, Length: 200, Loss: 12.5033, Entropy: 1.0864, Epsilon: 0.010
2026-04-19 09:31:20 | INFO | Episode 2078 - Reward: -200.000, Length: 200, Loss: 19.9302, Entropy: 1.0874, Epsilon: 0.010
2026-04-19 09:31:20 | INFO | Episode 2079 - Reward: -200.000, Length: 200, Loss: 4.7416, Entropy: 1.0945, Epsilon: 0.010
2026-04-19 09:31:20 | INFO | Episode 2080 - Reward: -200.000, Length: 200, Loss: 12.1654, Entropy: 1.0924, Epsilon: 0.010
2026-04-19 09:31:21 | INFO | Episode 2081 - Reward: -200.000, Length: 200, Loss: 9.7848, Entropy: 1.0931, Epsilon: 0.010
2026-04-19 09:31:21 | INFO | Episode 2082 - Reward: -200.000, Length: 200, Loss: 9.8072, Entropy: 1.0896, Epsilon: 0.010
2026-04-19 09:31:21 | INFO | Episode 2083 - Reward: -200.000, Length: 200, Loss: 7.2851, Entropy: 1.0943, Epsilon: 0.010
2026-04-19 09:31:22 | INFO | Episode 2084 - Reward: -200.000, Length: 200, Loss: 12.4494, Entropy: 1.0920, Epsilon: 0.010
2026-04-19 09:31:22 | INFO | Episode 2085 - Reward: -200.000, Length: 200, Loss: 15.0385, Entropy: 1.0824, Epsilon: 0.010
2026-04-19 09:31:22 | INFO | Episode 2086 - Reward: -200.000, Length: 200, Loss: 20.1729, Entropy: 1.0889, Epsilon: 0.010
2026-04-19 09:31:23 | INFO | Episode 2087 - Reward: -200.000, Length: 200, Loss: 12.6056, Entropy: 1.0740, Epsilon: 0.010
2026-04-19 09:31:23 | INFO | Episode 2088 - Reward: -200.000, Length: 200, Loss: 12.7601, Entropy: 1.0892, Epsilon: 0.010
2026-04-19 09:31:23 | INFO | Episode 2089 - Reward: -200.000, Length: 200, Loss: 12.7640, Entropy: 1.0875, Epsilon: 0.010
2026-04-19 09:31:24 | INFO | Episode 2090 - Reward: -200.000, Length: 200, Loss: 17.8831, Entropy: 1.0836, Epsilon: 0.010
2026-04-19 09:31:24 | INFO | Episode 2091 - Reward: -200.000, Length: 200, Loss: 9.8725, Entropy: 1.0922, Epsilon: 0.010
2026-04-19 09:31:24 | INFO | Episode 2092 - Reward: -200.000, Length: 200, Loss: 14.7348, Entropy: 1.0894, Epsilon: 0.010
2026-04-19 09:31:25 | INFO | Episode 2093 - Reward: -200.000, Length: 200, Loss: 14.8555, Entropy: 1.0875, Epsilon: 0.010
2026-04-19 09:31:25 | INFO | Episode 2094 - Reward: -200.000, Length: 200, Loss: 7.2872, Entropy: 1.0922, Epsilon: 0.010
2026-04-19 09:31:25 | INFO | Episode 2095 - Reward: -200.000, Length: 200, Loss: 7.3173, Entropy: 1.0859, Epsilon: 0.010
2026-04-19 09:31:26 | INFO | Episode 2096 - Reward: -200.000, Length: 200, Loss: 12.3323, Entropy: 1.0920, Epsilon: 0.010
2026-04-19 09:31:26 | INFO | Episode 2097 - Reward: -200.000, Length: 200, Loss: 9.7775, Entropy: 1.0953, Epsilon: 0.010
2026-04-19 09:31:26 | INFO | Episode 2098 - Reward: -200.000, Length: 200, Loss: 12.3128, Entropy: 1.0916, Epsilon: 0.010
2026-04-19 09:31:27 | INFO | Episode 2099 - Reward: -200.000, Length: 200, Loss: 7.2900, Entropy: 1.0878, Epsilon: 0.010
2026-04-19 09:31:27 | INFO | Episode 2100 - Reward: -200.000, Length: 200, Loss: 22.0330, Entropy: 1.0915, Epsilon: 0.010
2026-04-19 09:31:32 | INFO | [Episode 2100] eps=0.010  avg_reward=-200.000  avg_length=200.00  avg_loss= 14.4889  avg_entropy=1.0915  eval_success=0.000
2026-04-19 09:31:32 | INFO | Episode 2101 - Reward: -200.000, Length: 200, Loss: 9.5918, Entropy: 1.0859, Epsilon: 0.010
2026-04-19 09:31:33 | INFO | Episode 2102 - Reward: -200.000, Length: 200, Loss: 17.0134, Entropy: 1.0813, Epsilon: 0.010
2026-04-19 09:31:33 | INFO | Episode 2103 - Reward: -200.000, Length: 200, Loss: 7.1521, Entropy: 1.0906, Epsilon: 0.010
2026-04-19 09:31:33 | INFO | Episode 2104 - Reward: -200.000, Length: 200, Loss: 4.7088, Entropy: 1.0930, Epsilon: 0.010
2026-04-19 09:31:34 | INFO | Episode 2105 - Reward: -200.000, Length: 200, Loss: -0.2191, Entropy: 1.0984, Epsilon: 0.010
2026-04-19 09:31:34 | INFO | Episode 2106 - Reward: -200.000, Length: 200, Loss: 12.2580, Entropy: 1.0939, Epsilon: 0.010
2026-04-19 09:31:34 | INFO | Episode 2107 - Reward: -200.000, Length: 200, Loss: 9.7469, Entropy: 1.0940, Epsilon: 0.010
2026-04-19 09:31:35 | INFO | Episode 2108 - Reward: -200.000, Length: 200, Loss: 14.8234, Entropy: 1.0942, Epsilon: 0.010
2026-04-19 09:31:35 | INFO | Episode 2109 - Reward: -200.000, Length: 200, Loss: 4.7641, Entropy: 1.0879, Epsilon: 0.010
2026-04-19 09:31:35 | INFO | Episode 2110 - Reward: -200.000, Length: 200, Loss: 9.7565, Entropy: 1.0886, Epsilon: 0.010
2026-04-19 09:31:36 | INFO | Episode 2111 - Reward: -200.000, Length: 200, Loss: 12.3650, Entropy: 1.0878, Epsilon: 0.010
2026-04-19 09:31:36 | INFO | Episode 2112 - Reward: -200.000, Length: 200, Loss: 4.8611, Entropy: 1.0925, Epsilon: 0.010
2026-04-19 09:31:36 | INFO | Episode 2113 - Reward: -200.000, Length: 200, Loss: 12.4593, Entropy: 1.0882, Epsilon: 0.010
2026-04-19 09:31:37 | INFO | Episode 2114 - Reward: -200.000, Length: 200, Loss: 7.4570, Entropy: 1.0943, Epsilon: 0.010
2026-04-19 09:31:37 | INFO | Episode 2115 - Reward: -200.000, Length: 200, Loss: 9.9745, Entropy: 1.0913, Epsilon: 0.010
2026-04-19 09:31:37 | INFO | Episode 2116 - Reward: -200.000, Length: 200, Loss: 10.1830, Entropy: 1.0882, Epsilon: 0.010
2026-04-19 09:31:38 | INFO | Episode 2117 - Reward: -200.000, Length: 200, Loss: 12.6940, Entropy: 1.0817, Epsilon: 0.010
2026-04-19 09:31:38 | INFO | Episode 2118 - Reward: -200.000, Length: 200, Loss: 12.7068, Entropy: 1.0844, Epsilon: 0.010
2026-04-19 09:31:38 | INFO | Episode 2119 - Reward: -200.000, Length: 200, Loss: 10.4330, Entropy: 1.0901, Epsilon: 0.010
2026-04-19 09:31:39 | INFO | Episode 2120 - Reward: -200.000, Length: 200, Loss: 23.4210, Entropy: 1.0855, Epsilon: 0.010
2026-04-19 09:31:39 | INFO | Episode 2121 - Reward: -200.000, Length: 200, Loss: 5.1045, Entropy: 1.0953, Epsilon: 0.010
2026-04-19 09:31:39 | INFO | Episode 2122 - Reward: -200.000, Length: 200, Loss: 4.9996, Entropy: 1.0885, Epsilon: 0.010
2026-04-19 09:31:40 | INFO | Episode 2123 - Reward: -200.000, Length: 200, Loss: 10.3377, Entropy: 1.0902, Epsilon: 0.010
2026-04-19 09:31:40 | INFO | Episode 2124 - Reward: -200.000, Length: 200, Loss: 15.4674, Entropy: 1.0763, Epsilon: 0.010
2026-04-19 09:31:40 | INFO | Episode 2125 - Reward: -200.000, Length: 200, Loss: 17.9516, Entropy: 1.0809, Epsilon: 0.010
2026-04-19 09:31:41 | INFO | Episode 2126 - Reward: -200.000, Length: 200, Loss: 20.3046, Entropy: 1.0864, Epsilon: 0.010
2026-04-19 09:31:41 | INFO | Episode 2127 - Reward: -200.000, Length: 200, Loss: 10.3731, Entropy: 1.0834, Epsilon: 0.010
2026-04-19 09:31:41 | INFO | Episode 2128 - Reward: -200.000, Length: 200, Loss: 17.8831, Entropy: 1.0647, Epsilon: 0.010
2026-04-19 09:31:41 | INFO | Episode 2129 - Reward: -200.000, Length: 200, Loss: 12.9651, Entropy: 1.0950, Epsilon: 0.010
2026-04-19 09:31:42 | INFO | Episode 2130 - Reward: -200.000, Length: 200, Loss: 23.3549, Entropy: 1.0824, Epsilon: 0.010
2026-04-19 09:31:42 | INFO | Episode 2131 - Reward: -200.000, Length: 200, Loss: 15.5902, Entropy: 1.0885, Epsilon: 0.010
2026-04-19 09:31:42 | INFO | Episode 2132 - Reward: -200.000, Length: 200, Loss: 12.9093, Entropy: 1.0915, Epsilon: 0.010
2026-04-19 09:31:43 | INFO | Episode 2133 - Reward: -200.000, Length: 200, Loss: 12.8932, Entropy: 1.0918, Epsilon: 0.010
2026-04-19 09:31:43 | INFO | Episode 2134 - Reward: -200.000, Length: 200, Loss: 18.4770, Entropy: 1.0931, Epsilon: 0.010
2026-04-19 09:31:43 | INFO | Episode 2135 - Reward: -200.000, Length: 200, Loss: 7.7985, Entropy: 1.0918, Epsilon: 0.010
2026-04-19 09:31:44 | INFO | Episode 2136 - Reward: -200.000, Length: 200, Loss: 15.8725, Entropy: 1.0746, Epsilon: 0.010
2026-04-19 09:31:44 | INFO | Episode 2137 - Reward: -200.000, Length: 200, Loss: 16.0457, Entropy: 1.0785, Epsilon: 0.010
2026-04-19 09:31:44 | INFO | Episode 2138 - Reward: -200.000, Length: 200, Loss: 21.4189, Entropy: 1.0599, Epsilon: 0.010
2026-04-19 09:31:45 | INFO | Episode 2139 - Reward: -200.000, Length: 200, Loss: 7.8839, Entropy: 1.0907, Epsilon: 0.010
2026-04-19 09:31:45 | INFO | Episode 2140 - Reward: -200.000, Length: 200, Loss: 13.2878, Entropy: 1.0806, Epsilon: 0.010
2026-04-19 09:31:45 | INFO | Episode 2141 - Reward: -200.000, Length: 200, Loss: 7.7941, Entropy: 1.0933, Epsilon: 0.010
2026-04-19 09:31:46 | INFO | Episode 2142 - Reward: -200.000, Length: 200, Loss: 7.9094, Entropy: 1.0940, Epsilon: 0.010
2026-04-19 09:31:46 | INFO | Episode 2143 - Reward: -200.000, Length: 200, Loss: 7.7539, Entropy: 1.0947, Epsilon: 0.010
2026-04-19 09:31:46 | INFO | Episode 2144 - Reward: -200.000, Length: 200, Loss: 20.7436, Entropy: 1.0880, Epsilon: 0.010
2026-04-19 09:31:47 | INFO | Episode 2145 - Reward: -200.000, Length: 200, Loss: 10.3660, Entropy: 1.0855, Epsilon: 0.010
2026-04-19 09:31:47 | INFO | Episode 2146 - Reward: -200.000, Length: 200, Loss: 12.9944, Entropy: 1.0918, Epsilon: 0.010
2026-04-19 09:31:47 | INFO | Episode 2147 - Reward: -200.000, Length: 200, Loss: 13.1414, Entropy: 1.0874, Epsilon: 0.010
2026-04-19 09:31:48 | INFO | Episode 2148 - Reward: -200.000, Length: 200, Loss: 15.7011, Entropy: 1.0805, Epsilon: 0.010
2026-04-19 09:31:48 | INFO | Episode 2149 - Reward: -200.000, Length: 200, Loss: 5.1066, Entropy: 1.0902, Epsilon: 0.010
2026-04-19 09:31:48 | INFO | Episode 2150 - Reward: -200.000, Length: 200, Loss: 10.4776, Entropy: 1.0905, Epsilon: 0.010
2026-04-19 09:31:49 | INFO | Episode 2151 - Reward: -200.000, Length: 200, Loss: 15.8061, Entropy: 1.0876, Epsilon: 0.010
2026-04-19 09:31:49 | INFO | Episode 2152 - Reward: -200.000, Length: 200, Loss: 16.0898, Entropy: 1.0911, Epsilon: 0.010
2026-04-19 09:31:49 | INFO | Episode 2153 - Reward: -200.000, Length: 200, Loss: 13.2693, Entropy: 1.0911, Epsilon: 0.010
2026-04-19 09:31:50 | INFO | Episode 2154 - Reward: -200.000, Length: 200, Loss: 15.9500, Entropy: 1.0772, Epsilon: 0.010
2026-04-19 09:31:50 | INFO | Episode 2155 - Reward: -200.000, Length: 200, Loss: 5.1933, Entropy: 1.0920, Epsilon: 0.010
2026-04-19 09:31:50 | INFO | Episode 2156 - Reward: -200.000, Length: 200, Loss: 13.4450, Entropy: 1.0909, Epsilon: 0.010
2026-04-19 09:31:51 | INFO | Episode 2157 - Reward: -200.000, Length: 200, Loss: 16.1692, Entropy: 1.0901, Epsilon: 0.010
2026-04-19 09:31:51 | INFO | Episode 2158 - Reward: -200.000, Length: 200, Loss: 13.4399, Entropy: 1.0895, Epsilon: 0.010
2026-04-19 09:31:51 | INFO | Episode 2159 - Reward: -200.000, Length: 200, Loss: 13.3725, Entropy: 1.0858, Epsilon: 0.010
2026-04-19 09:31:52 | INFO | Episode 2160 - Reward: -200.000, Length: 200, Loss: 5.2851, Entropy: 1.0889, Epsilon: 0.010
2026-04-19 09:31:52 | INFO | Episode 2161 - Reward: -200.000, Length: 200, Loss: 10.8546, Entropy: 1.0882, Epsilon: 0.010
2026-04-19 09:31:52 | INFO | Episode 2162 - Reward: -200.000, Length: 200, Loss: 10.8320, Entropy: 1.0865, Epsilon: 0.010
2026-04-19 09:31:53 | INFO | Episode 2163 - Reward: -200.000, Length: 200, Loss: 13.6832, Entropy: 1.0875, Epsilon: 0.010
2026-04-19 09:31:53 | INFO | Episode 2164 - Reward: -200.000, Length: 200, Loss: 5.3453, Entropy: 1.0947, Epsilon: 0.010
2026-04-19 09:31:53 | INFO | Episode 2165 - Reward: -200.000, Length: 200, Loss: 19.0549, Entropy: 1.0815, Epsilon: 0.010
2026-04-19 09:31:54 | INFO | Episode 2166 - Reward: -200.000, Length: 200, Loss: 19.2134, Entropy: 1.0853, Epsilon: 0.010
2026-04-19 09:31:54 | INFO | Episode 2167 - Reward: -200.000, Length: 200, Loss: 10.9258, Entropy: 1.0887, Epsilon: 0.010
2026-04-19 09:31:55 | INFO | Episode 2168 - Reward: -200.000, Length: 200, Loss: 19.0627, Entropy: 1.0810, Epsilon: 0.010
2026-04-19 09:31:55 | INFO | Episode 2169 - Reward: -200.000, Length: 200, Loss: 21.8373, Entropy: 1.0859, Epsilon: 0.010
2026-04-19 09:31:55 | INFO | Episode 2170 - Reward: -200.000, Length: 200, Loss: 22.0411, Entropy: 1.0817, Epsilon: 0.010
2026-04-19 09:31:56 | INFO | Episode 2171 - Reward: -200.000, Length: 200, Loss: 16.5466, Entropy: 1.0816, Epsilon: 0.010
2026-04-19 09:31:56 | INFO | Episode 2172 - Reward: -200.000, Length: 200, Loss: 11.0236, Entropy: 1.0743, Epsilon: 0.010
2026-04-19 09:31:56 | INFO | Episode 2173 - Reward: -200.000, Length: 200, Loss: 16.6245, Entropy: 1.0793, Epsilon: 0.010
2026-04-19 09:31:57 | INFO | Episode 2174 - Reward: -200.000, Length: 200, Loss: 24.5697, Entropy: 1.0641, Epsilon: 0.010
2026-04-19 09:31:57 | INFO | Episode 2175 - Reward: -200.000, Length: 200, Loss: 10.7746, Entropy: 1.0849, Epsilon: 0.010
2026-04-19 09:31:57 | INFO | Episode 2176 - Reward: -200.000, Length: 200, Loss: 24.2222, Entropy: 1.0881, Epsilon: 0.010
2026-04-19 09:31:58 | INFO | Episode 2177 - Reward: -200.000, Length: 200, Loss: 21.4604, Entropy: 1.0740, Epsilon: 0.010
2026-04-19 09:31:58 | INFO | Episode 2178 - Reward: -200.000, Length: 200, Loss: 26.9108, Entropy: 1.0775, Epsilon: 0.010
2026-04-19 09:31:58 | INFO | Episode 2179 - Reward: -200.000, Length: 200, Loss: 18.1555, Entropy: 1.0854, Epsilon: 0.010
2026-04-19 09:31:59 | INFO | Episode 2180 - Reward: -200.000, Length: 200, Loss: 15.6479, Entropy: 1.0871, Epsilon: 0.010
2026-04-19 09:31:59 | INFO | Episode 2181 - Reward: -200.000, Length: 200, Loss: 15.6834, Entropy: 1.0886, Epsilon: 0.010
2026-04-19 09:31:59 | INFO | Episode 2182 - Reward: -200.000, Length: 200, Loss: 15.6199, Entropy: 1.0903, Epsilon: 0.010
2026-04-19 09:32:00 | INFO | Episode 2183 - Reward: -200.000, Length: 200, Loss: 5.0791, Entropy: 1.0948, Epsilon: 0.010
2026-04-19 09:32:00 | INFO | Episode 2184 - Reward: -200.000, Length: 200, Loss: 15.7029, Entropy: 1.0676, Epsilon: 0.010
2026-04-19 09:32:00 | INFO | Episode 2185 - Reward: -200.000, Length: 200, Loss: 13.1832, Entropy: 1.0891, Epsilon: 0.010
2026-04-19 09:32:01 | INFO | Episode 2186 - Reward: -200.000, Length: 200, Loss: 21.0001, Entropy: 1.0549, Epsilon: 0.010
2026-04-19 09:32:01 | INFO | Episode 2187 - Reward: -200.000, Length: 200, Loss: 15.7975, Entropy: 1.0662, Epsilon: 0.010
2026-04-19 09:32:01 | INFO | Episode 2188 - Reward: -200.000, Length: 200, Loss: 21.0020, Entropy: 1.0790, Epsilon: 0.010
2026-04-19 09:32:02 | INFO | Episode 2189 - Reward: -200.000, Length: 200, Loss: 7.7372, Entropy: 1.0920, Epsilon: 0.010
2026-04-19 09:32:02 | INFO | Episode 2190 - Reward: -200.000, Length: 200, Loss: 10.5688, Entropy: 1.0869, Epsilon: 0.010
2026-04-19 09:32:02 | INFO | Episode 2191 - Reward: -200.000, Length: 200, Loss: 5.2084, Entropy: 1.0924, Epsilon: 0.010
2026-04-19 09:32:03 | INFO | Episode 2192 - Reward: -200.000, Length: 200, Loss: 5.1747, Entropy: 1.0934, Epsilon: 0.010
2026-04-19 09:32:03 | INFO | Episode 2193 - Reward: -200.000, Length: 200, Loss: 5.1843, Entropy: 1.0943, Epsilon: 0.010
2026-04-19 09:32:03 | INFO | Episode 2194 - Reward: -200.000, Length: 200, Loss: 21.5963, Entropy: 1.0863, Epsilon: 0.010
2026-04-19 09:32:04 | INFO | Episode 2195 - Reward: -200.000, Length: 200, Loss: 8.0468, Entropy: 1.0892, Epsilon: 0.010
2026-04-19 09:32:04 | INFO | Episode 2196 - Reward: -200.000, Length: 200, Loss: 10.6848, Entropy: 1.0887, Epsilon: 0.010
2026-04-19 09:32:04 | INFO | Episode 2197 - Reward: -200.000, Length: 200, Loss: 13.3778, Entropy: 1.0889, Epsilon: 0.010
2026-04-19 09:32:05 | INFO | Episode 2198 - Reward: -200.000, Length: 200, Loss: 10.7298, Entropy: 1.0927, Epsilon: 0.010
2026-04-19 09:32:05 | INFO | Episode 2199 - Reward: -200.000, Length: 200, Loss: 10.8135, Entropy: 1.0944, Epsilon: 0.010
2026-04-19 09:32:05 | INFO | Episode 2200 - Reward: -200.000, Length: 200, Loss: 24.5362, Entropy: 1.0784, Epsilon: 0.010
2026-04-19 09:32:10 | INFO | [Episode 2200] eps=0.010  avg_reward=-200.000  avg_length=200.00  avg_loss= 13.2259  avg_entropy=1.0784  eval_success=0.000
2026-04-19 09:32:10 | INFO | Episode 2201 - Reward: -200.000, Length: 200, Loss: -0.1932, Entropy: 1.0937, Epsilon: 0.010
2026-04-19 09:32:11 | INFO | Episode 2202 - Reward: -200.000, Length: 200, Loss: 16.3303, Entropy: 1.0921, Epsilon: 0.010
2026-04-19 09:32:11 | INFO | Episode 2203 - Reward: -200.000, Length: 200, Loss: 13.5633, Entropy: 1.0827, Epsilon: 0.010
2026-04-19 09:32:11 | INFO | Episode 2204 - Reward: -200.000, Length: 200, Loss: 16.3338, Entropy: 1.0718, Epsilon: 0.010
2026-04-19 09:32:12 | INFO | Episode 2205 - Reward: -200.000, Length: 200, Loss: 5.3446, Entropy: 1.0899, Epsilon: 0.010
2026-04-19 09:32:12 | INFO | Episode 2206 - Reward: -200.000, Length: 200, Loss: 19.1347, Entropy: 1.0830, Epsilon: 0.010
2026-04-19 09:32:12 | INFO | Episode 2207 - Reward: -200.000, Length: 200, Loss: 10.9075, Entropy: 1.0799, Epsilon: 0.010
2026-04-19 09:32:13 | INFO | Episode 2208 - Reward: -200.000, Length: 200, Loss: 19.0670, Entropy: 1.0630, Epsilon: 0.010
2026-04-19 09:32:13 | INFO | Episode 2209 - Reward: -200.000, Length: 200, Loss: 21.9501, Entropy: 1.0840, Epsilon: 0.010
2026-04-19 09:32:13 | INFO | Episode 2210 - Reward: -200.000, Length: 200, Loss: 21.5943, Entropy: 1.0785, Epsilon: 0.010
2026-04-19 09:32:14 | INFO | Episode 2211 - Reward: -200.000, Length: 200, Loss: 15.9678, Entropy: 1.0856, Epsilon: 0.010
2026-04-19 09:32:14 | INFO | Episode 2212 - Reward: -200.000, Length: 200, Loss: 21.1724, Entropy: 1.0774, Epsilon: 0.010
2026-04-19 09:32:14 | INFO | Episode 2213 - Reward: -200.000, Length: 200, Loss: 23.8122, Entropy: 1.0696, Epsilon: 0.010
2026-04-19 09:32:15 | INFO | Episode 2214 - Reward: -200.000, Length: 200, Loss: 5.1269, Entropy: 1.0895, Epsilon: 0.010
2026-04-19 09:32:15 | INFO | Episode 2215 - Reward: -200.000, Length: 200, Loss: 15.6189, Entropy: 1.0893, Epsilon: 0.010
2026-04-19 09:32:15 | INFO | Episode 2216 - Reward: -200.000, Length: 200, Loss: 20.7509, Entropy: 1.0818, Epsilon: 0.010
2026-04-19 09:32:16 | INFO | Episode 2217 - Reward: -200.000, Length: 200, Loss: 10.5279, Entropy: 1.0930, Epsilon: 0.010
2026-04-19 09:32:16 | INFO | Episode 2218 - Reward: -200.000, Length: 200, Loss: 15.6741, Entropy: 1.0844, Epsilon: 0.010
2026-04-19 09:32:16 | INFO | Episode 2219 - Reward: -200.000, Length: 200, Loss: 17.9991, Entropy: 1.0747, Epsilon: 0.010
2026-04-19 09:32:17 | INFO | Episode 2220 - Reward: -200.000, Length: 200, Loss: 2.4615, Entropy: 1.0905, Epsilon: 0.010
2026-04-19 09:32:17 | INFO | Episode 2221 - Reward: -200.000, Length: 200, Loss: 26.1483, Entropy: 1.0856, Epsilon: 0.010
2026-04-19 09:32:17 | INFO | Episode 2222 - Reward: -200.000, Length: 200, Loss: 10.3560, Entropy: 1.0870, Epsilon: 0.010
2026-04-19 09:32:18 | INFO | Episode 2223 - Reward: -200.000, Length: 200, Loss: 18.2457, Entropy: 1.0866, Epsilon: 0.010
2026-04-19 09:32:18 | INFO | Episode 2224 - Reward: -200.000, Length: 200, Loss: 18.2962, Entropy: 1.0846, Epsilon: 0.010
2026-04-19 09:32:18 | INFO | Episode 2225 - Reward: -200.000, Length: 200, Loss: 2.4885, Entropy: 1.0941, Epsilon: 0.010
2026-04-19 09:32:19 | INFO | Episode 2226 - Reward: -200.000, Length: 200, Loss: 13.2771, Entropy: 1.0868, Epsilon: 0.010
2026-04-19 09:32:19 | INFO | Episode 2227 - Reward: -200.000, Length: 200, Loss: 5.2305, Entropy: 1.0925, Epsilon: 0.010
2026-04-19 09:32:19 | INFO | Episode 2228 - Reward: -200.000, Length: 200, Loss: 18.6975, Entropy: 1.0764, Epsilon: 0.010
2026-04-19 09:32:20 | INFO | Episode 2229 - Reward: -200.000, Length: 200, Loss: 5.2008, Entropy: 1.0918, Epsilon: 0.010
2026-04-19 09:32:20 | INFO | Episode 2230 - Reward: -200.000, Length: 200, Loss: 7.7616, Entropy: 1.0977, Epsilon: 0.010
2026-04-19 09:32:20 | INFO | Episode 2231 - Reward: -200.000, Length: 200, Loss: 16.0705, Entropy: 1.0827, Epsilon: 0.010
2026-04-19 09:32:21 | INFO | Episode 2232 - Reward: -200.000, Length: 200, Loss: 18.8326, Entropy: 1.0777, Epsilon: 0.010
2026-04-19 09:32:21 | INFO | Episode 2233 - Reward: -200.000, Length: 200, Loss: 18.8861, Entropy: 1.0900, Epsilon: 0.010
2026-04-19 09:32:21 | INFO | Episode 2234 - Reward: -200.000, Length: 200, Loss: 16.1877, Entropy: 1.0892, Epsilon: 0.010
2026-04-19 09:32:22 | INFO | Episode 2235 - Reward: -200.000, Length: 200, Loss: 10.7633, Entropy: 1.0755, Epsilon: 0.010
2026-04-19 09:32:22 | INFO | Episode 2236 - Reward: -200.000, Length: 200, Loss: 13.4571, Entropy: 1.0800, Epsilon: 0.010
2026-04-19 09:32:22 | INFO | Episode 2237 - Reward: -200.000, Length: 200, Loss: 2.6086, Entropy: 1.0928, Epsilon: 0.010
2026-04-19 09:32:23 | INFO | Episode 2238 - Reward: -200.000, Length: 200, Loss: 13.7179, Entropy: 1.0932, Epsilon: 0.010
2026-04-19 09:32:23 | INFO | Episode 2239 - Reward: -200.000, Length: 200, Loss: 16.5096, Entropy: 1.0886, Epsilon: 0.010
2026-04-19 09:32:23 | INFO | Episode 2240 - Reward: -200.000, Length: 200, Loss: 8.1477, Entropy: 1.0907, Epsilon: 0.010
2026-04-19 09:32:24 | INFO | Episode 2241 - Reward: -200.000, Length: 200, Loss: 13.6453, Entropy: 1.0839, Epsilon: 0.010
2026-04-19 09:32:24 | INFO | Episode 2242 - Reward: -200.000, Length: 200, Loss: 5.3498, Entropy: 1.0960, Epsilon: 0.010
2026-04-19 09:32:24 | INFO | Episode 2243 - Reward: -200.000, Length: 200, Loss: 8.0171, Entropy: 1.0835, Epsilon: 0.010
2026-04-19 09:32:25 | INFO | Episode 2244 - Reward: -200.000, Length: 200, Loss: 8.1820, Entropy: 1.0915, Epsilon: 0.010
2026-04-19 09:32:25 | INFO | Episode 2245 - Reward: -200.000, Length: 200, Loss: 8.2799, Entropy: 1.0916, Epsilon: 0.010
2026-04-19 09:32:25 | INFO | Episode 2246 - Reward: -200.000, Length: 200, Loss: 14.0409, Entropy: 1.0853, Epsilon: 0.010
2026-04-19 09:32:26 | INFO | Episode 2247 - Reward: -200.000, Length: 200, Loss: 5.5659, Entropy: 1.0908, Epsilon: 0.010
2026-04-19 09:32:26 | INFO | Episode 2248 - Reward: -200.000, Length: 200, Loss: 19.7027, Entropy: 1.0868, Epsilon: 0.010
2026-04-19 09:32:26 | INFO | Episode 2249 - Reward: -200.000, Length: 200, Loss: 25.8111, Entropy: 1.0393, Epsilon: 0.010
2026-04-19 09:32:27 | INFO | Episode 2250 - Reward: -200.000, Length: 200, Loss: 8.4353, Entropy: 1.0530, Epsilon: 0.010
2026-04-19 09:32:27 | INFO | Episode 2251 - Reward: -200.000, Length: 200, Loss: 17.3195, Entropy: 1.0685, Epsilon: 0.010
2026-04-19 09:32:28 | INFO | Episode 2252 - Reward: -200.000, Length: 200, Loss: 8.4979, Entropy: 1.0865, Epsilon: 0.010
2026-04-19 09:32:28 | INFO | Episode 2253 - Reward: -200.000, Length: 200, Loss: 14.4886, Entropy: 1.0775, Epsilon: 0.010
2026-04-19 09:32:28 | INFO | Episode 2254 - Reward: -200.000, Length: 200, Loss: 14.6991, Entropy: 1.0845, Epsilon: 0.010
2026-04-19 09:32:29 | INFO | Episode 2255 - Reward: -200.000, Length: 200, Loss: 5.7163, Entropy: 1.0951, Epsilon: 0.010
2026-04-19 09:32:29 | INFO | Episode 2256 - Reward: -200.000, Length: 200, Loss: 8.7330, Entropy: 1.0952, Epsilon: 0.010
2026-04-19 09:32:29 | INFO | Episode 2257 - Reward: -200.000, Length: 200, Loss: 8.6344, Entropy: 1.0923, Epsilon: 0.010
2026-04-19 09:32:30 | INFO | Episode 2258 - Reward: -200.000, Length: 200, Loss: 11.6956, Entropy: 1.0847, Epsilon: 0.010
2026-04-19 09:32:30 | INFO | Episode 2259 - Reward: -200.000, Length: 200, Loss: 8.7133, Entropy: 1.0874, Epsilon: 0.010
2026-04-19 09:32:30 | INFO | Episode 2260 - Reward: -200.000, Length: 200, Loss: 20.3847, Entropy: 1.0853, Epsilon: 0.010
2026-04-19 09:32:31 | INFO | Episode 2261 - Reward: -200.000, Length: 200, Loss: 17.9081, Entropy: 1.0763, Epsilon: 0.010
2026-04-19 09:32:31 | INFO | Episode 2262 - Reward: -200.000, Length: 200, Loss: 17.8442, Entropy: 1.0888, Epsilon: 0.010
2026-04-19 09:32:31 | INFO | Episode 2263 - Reward: -200.000, Length: 200, Loss: 20.5628, Entropy: 1.0832, Epsilon: 0.010
2026-04-19 09:32:32 | INFO | Episode 2264 - Reward: -200.000, Length: 200, Loss: 20.5548, Entropy: 1.0688, Epsilon: 0.010
2026-04-19 09:32:32 | INFO | Episode 2265 - Reward: -200.000, Length: 200, Loss: 23.3794, Entropy: 1.0494, Epsilon: 0.010
2026-04-19 09:32:32 | INFO | Episode 2266 - Reward: -200.000, Length: 200, Loss: 14.1468, Entropy: 1.0770, Epsilon: 0.010
2026-04-19 09:32:33 | INFO | Episode 2267 - Reward: -200.000, Length: 200, Loss: 11.4866, Entropy: 1.0891, Epsilon: 0.010
2026-04-19 09:32:33 | INFO | Episode 2268 - Reward: -200.000, Length: 200, Loss: 14.2630, Entropy: 1.0850, Epsilon: 0.010
2026-04-19 09:32:33 | INFO | Episode 2269 - Reward: -200.000, Length: 200, Loss: 22.7174, Entropy: 1.0600, Epsilon: 0.010
2026-04-19 09:32:34 | INFO | Episode 2270 - Reward: -200.000, Length: 200, Loss: 19.8245, Entropy: 1.0769, Epsilon: 0.010
2026-04-19 09:32:34 | INFO | Episode 2271 - Reward: -200.000, Length: 200, Loss: 8.5182, Entropy: 1.0836, Epsilon: 0.010
2026-04-19 09:32:34 | INFO | Episode 2272 - Reward: -200.000, Length: 200, Loss: 22.7448, Entropy: 1.0709, Epsilon: 0.010
2026-04-19 09:32:35 | INFO | Episode 2273 - Reward: -200.000, Length: 200, Loss: 5.6231, Entropy: 1.0961, Epsilon: 0.010
2026-04-19 09:32:35 | INFO | Episode 2274 - Reward: -200.000, Length: 200, Loss: 8.5776, Entropy: 1.0900, Epsilon: 0.010
2026-04-19 09:32:35 | INFO | Episode 2275 - Reward: -200.000, Length: 200, Loss: 14.5296, Entropy: 1.0819, Epsilon: 0.010
2026-04-19 09:32:36 | INFO | Episode 2276 - Reward: -200.000, Length: 200, Loss: 16.9883, Entropy: 1.0749, Epsilon: 0.010
2026-04-19 09:32:36 | INFO | Episode 2277 - Reward: -200.000, Length: 200, Loss: 23.0539, Entropy: 1.0735, Epsilon: 0.010
2026-04-19 09:32:36 | INFO | Episode 2278 - Reward: -200.000, Length: 200, Loss: 20.2228, Entropy: 1.0726, Epsilon: 0.010
2026-04-19 09:32:37 | INFO | Episode 2279 - Reward: -200.000, Length: 200, Loss: 19.5428, Entropy: 1.0740, Epsilon: 0.010
2026-04-19 09:32:37 | INFO | Episode 2280 - Reward: -200.000, Length: 200, Loss: 10.8810, Entropy: 1.0856, Epsilon: 0.010
2026-04-19 09:32:37 | INFO | Episode 2281 - Reward: -200.000, Length: 200, Loss: 16.0853, Entropy: 1.0905, Epsilon: 0.010
2026-04-19 09:32:38 | INFO | Episode 2282 - Reward: -200.000, Length: 200, Loss: 13.5088, Entropy: 1.0919, Epsilon: 0.010
2026-04-19 09:32:38 | INFO | Episode 2283 - Reward: -200.000, Length: 200, Loss: 13.3655, Entropy: 1.0863, Epsilon: 0.010
2026-04-19 09:32:38 | INFO | Episode 2284 - Reward: -200.000, Length: 200, Loss: 13.6067, Entropy: 1.0905, Epsilon: 0.010
2026-04-19 09:32:39 | INFO | Episode 2285 - Reward: -200.000, Length: 200, Loss: 13.3184, Entropy: 1.0891, Epsilon: 0.010
2026-04-19 09:32:39 | INFO | Episode 2286 - Reward: -200.000, Length: 200, Loss: 13.2224, Entropy: 1.0884, Epsilon: 0.010
2026-04-19 09:32:39 | INFO | Episode 2287 - Reward: -200.000, Length: 200, Loss: 13.2110, Entropy: 1.0901, Epsilon: 0.010
2026-04-19 09:32:40 | INFO | Episode 2288 - Reward: -200.000, Length: 200, Loss: 10.5496, Entropy: 1.0905, Epsilon: 0.010
2026-04-19 09:32:40 | INFO | Episode 2289 - Reward: -200.000, Length: 200, Loss: 10.7120, Entropy: 1.0917, Epsilon: 0.010
2026-04-19 09:32:40 | INFO | Episode 2290 - Reward: -200.000, Length: 200, Loss: 10.5440, Entropy: 1.0903, Epsilon: 0.010
2026-04-19 09:32:41 | INFO | Episode 2291 - Reward: -200.000, Length: 200, Loss: 10.3923, Entropy: 1.0824, Epsilon: 0.010
2026-04-19 09:32:41 | INFO | Episode 2292 - Reward: -200.000, Length: 200, Loss: 10.5400, Entropy: 1.0894, Epsilon: 0.010
2026-04-19 09:32:41 | INFO | Episode 2293 - Reward: -200.000, Length: 200, Loss: 5.2339, Entropy: 1.0934, Epsilon: 0.010
2026-04-19 09:32:42 | INFO | Episode 2294 - Reward: -200.000, Length: 200, Loss: 8.1861, Entropy: 1.0835, Epsilon: 0.010
2026-04-19 09:32:42 | INFO | Episode 2295 - Reward: -200.000, Length: 200, Loss: 5.2588, Entropy: 1.0884, Epsilon: 0.010
2026-04-19 09:32:42 | INFO | Episode 2296 - Reward: -200.000, Length: 200, Loss: 24.2695, Entropy: 1.0791, Epsilon: 0.010
2026-04-19 09:32:43 | INFO | Episode 2297 - Reward: -200.000, Length: 200, Loss: 8.0723, Entropy: 1.0794, Epsilon: 0.010
2026-04-19 09:32:43 | INFO | Episode 2298 - Reward: -200.000, Length: 200, Loss: 13.4063, Entropy: 1.0732, Epsilon: 0.010
2026-04-19 09:32:43 | INFO | Episode 2299 - Reward: -200.000, Length: 200, Loss: 16.3287, Entropy: 1.0807, Epsilon: 0.010
2026-04-19 09:32:44 | INFO | Episode 2300 - Reward: -200.000, Length: 200, Loss: 13.5611, Entropy: 1.0861, Epsilon: 0.010
2026-04-19 09:32:49 | INFO | [Episode 2300] eps=0.010  avg_reward=-200.000  avg_length=200.00  avg_loss= 13.6668  avg_entropy=1.0861  eval_success=0.000
2026-04-19 09:32:49 | INFO | Episode 2301 - Reward: -200.000, Length: 200, Loss: 10.7372, Entropy: 1.0919, Epsilon: 0.010
2026-04-19 09:32:49 | INFO | Episode 2302 - Reward: -200.000, Length: 200, Loss: 16.1343, Entropy: 1.0826, Epsilon: 0.010
2026-04-19 09:32:50 | INFO | Episode 2303 - Reward: -200.000, Length: 200, Loss: 7.9230, Entropy: 1.0830, Epsilon: 0.010
2026-04-19 09:32:50 | INFO | Episode 2304 - Reward: -200.000, Length: 200, Loss: 13.5767, Entropy: 1.0926, Epsilon: 0.010
2026-04-19 09:32:50 | INFO | Episode 2305 - Reward: -200.000, Length: 200, Loss: 22.0574, Entropy: 1.0893, Epsilon: 0.010
2026-04-19 09:32:51 | INFO | Episode 2306 - Reward: -200.000, Length: 200, Loss: 5.3831, Entropy: 1.0920, Epsilon: 0.010
2026-04-19 09:32:51 | INFO | Episode 2307 - Reward: -200.000, Length: 200, Loss: 16.6186, Entropy: 1.0860, Epsilon: 0.010
2026-04-19 09:32:51 | INFO | Episode 2308 - Reward: -200.000, Length: 200, Loss: 8.0966, Entropy: 1.0944, Epsilon: 0.010
2026-04-19 09:32:52 | INFO | Episode 2309 - Reward: -200.000, Length: 200, Loss: 19.1778, Entropy: 1.0905, Epsilon: 0.010
2026-04-19 09:32:52 | INFO | Episode 2310 - Reward: -200.000, Length: 200, Loss: 16.2926, Entropy: 1.0906, Epsilon: 0.010
2026-04-19 09:32:52 | INFO | Episode 2311 - Reward: -200.000, Length: 200, Loss: 24.9536, Entropy: 1.0819, Epsilon: 0.010
2026-04-19 09:32:53 | INFO | Episode 2312 - Reward: -200.000, Length: 200, Loss: 16.4859, Entropy: 1.0864, Epsilon: 0.010
2026-04-19 09:32:53 | INFO | Episode 2313 - Reward: -200.000, Length: 200, Loss: 13.9501, Entropy: 1.0723, Epsilon: 0.010
2026-04-19 09:32:53 | INFO | Episode 2314 - Reward: -200.000, Length: 200, Loss: 19.3064, Entropy: 1.0825, Epsilon: 0.010
2026-04-19 09:32:54 | INFO | Episode 2315 - Reward: -200.000, Length: 200, Loss: 16.7709, Entropy: 1.0886, Epsilon: 0.010
2026-04-19 09:32:54 | INFO | Episode 2316 - Reward: -200.000, Length: 200, Loss: 17.3798, Entropy: 1.0700, Epsilon: 0.010
2026-04-19 09:32:54 | INFO | Episode 2317 - Reward: -200.000, Length: 200, Loss: 20.0158, Entropy: 1.0821, Epsilon: 0.010
2026-04-19 09:32:55 | INFO | Episode 2318 - Reward: -200.000, Length: 200, Loss: 11.2513, Entropy: 1.0885, Epsilon: 0.010
2026-04-19 09:32:55 | INFO | Episode 2319 - Reward: -200.000, Length: 200, Loss: 16.6716, Entropy: 1.0895, Epsilon: 0.010
2026-04-19 09:32:55 | INFO | Episode 2320 - Reward: -200.000, Length: 200, Loss: 16.9158, Entropy: 1.0873, Epsilon: 0.010
2026-04-19 09:32:56 | INFO | Episode 2321 - Reward: -200.000, Length: 200, Loss: 5.4804, Entropy: 1.0945, Epsilon: 0.010
2026-04-19 09:32:56 | INFO | Episode 2322 - Reward: -200.000, Length: 200, Loss: 5.3712, Entropy: 1.0923, Epsilon: 0.010
2026-04-19 09:32:56 | INFO | Episode 2323 - Reward: -200.000, Length: 200, Loss: 5.4451, Entropy: 1.0916, Epsilon: 0.010
2026-04-19 09:32:57 | INFO | Episode 2324 - Reward: -200.000, Length: 200, Loss: 2.6954, Entropy: 1.0957, Epsilon: 0.010
2026-04-19 09:32:57 | INFO | Episode 2325 - Reward: -200.000, Length: 200, Loss: 22.3481, Entropy: 1.0930, Epsilon: 0.010
2026-04-19 09:32:57 | INFO | Episode 2326 - Reward: -200.000, Length: 200, Loss: 11.0469, Entropy: 1.0778, Epsilon: 0.010
2026-04-19 09:32:58 | INFO | Episode 2327 - Reward: -200.000, Length: 200, Loss: 10.9442, Entropy: 1.0899, Epsilon: 0.010
2026-04-19 09:32:58 | INFO | Episode 2328 - Reward: -200.000, Length: 200, Loss: 19.5521, Entropy: 1.0769, Epsilon: 0.010
2026-04-19 09:32:58 | INFO | Episode 2329 - Reward: -200.000, Length: 200, Loss: 33.4721, Entropy: 1.0772, Epsilon: 0.010
2026-04-19 09:32:59 | INFO | Episode 2330 - Reward: -200.000, Length: 200, Loss: 13.9030, Entropy: 1.0779, Epsilon: 0.010
2026-04-19 09:32:59 | INFO | Episode 2331 - Reward: -200.000, Length: 200, Loss: 5.4260, Entropy: 1.0806, Epsilon: 0.010
2026-04-19 09:32:59 | INFO | Episode 2332 - Reward: -200.000, Length: 200, Loss: 8.1751, Entropy: 1.0920, Epsilon: 0.010
2026-04-19 09:33:00 | INFO | Episode 2333 - Reward: -200.000, Length: 200, Loss: 13.6190, Entropy: 1.0841, Epsilon: 0.010
2026-04-19 09:33:00 | INFO | Episode 2334 - Reward: -200.000, Length: 200, Loss: 21.8414, Entropy: 1.0739, Epsilon: 0.010
2026-04-19 09:33:00 | INFO | Episode 2335 - Reward: -200.000, Length: 200, Loss: 38.1854, Entropy: 1.0763, Epsilon: 0.010
2026-04-19 09:33:01 | INFO | Episode 2336 - Reward: -200.000, Length: 200, Loss: 2.5186, Entropy: 1.0969, Epsilon: 0.010
2026-04-19 09:33:01 | INFO | Episode 2337 - Reward: -200.000, Length: 200, Loss: 19.0377, Entropy: 1.0748, Epsilon: 0.010
2026-04-19 09:33:01 | INFO | Episode 2338 - Reward: -200.000, Length: 200, Loss: 13.3914, Entropy: 1.0910, Epsilon: 0.010
2026-04-19 09:33:02 | INFO | Episode 2339 - Reward: -200.000, Length: 200, Loss: 16.1778, Entropy: 1.0668, Epsilon: 0.010
2026-04-19 09:33:02 | INFO | Episode 2340 - Reward: -200.000, Length: 200, Loss: 11.0365, Entropy: 1.0905, Epsilon: 0.010
2026-04-19 09:33:02 | INFO | Episode 2341 - Reward: -200.000, Length: 200, Loss: 11.0866, Entropy: 1.0936, Epsilon: 0.010
2026-04-19 09:33:03 | INFO | Episode 2342 - Reward: -200.000, Length: 200, Loss: 19.5324, Entropy: 1.0677, Epsilon: 0.010
2026-04-19 09:33:03 | INFO | Episode 2343 - Reward: -200.000, Length: 200, Loss: 13.8934, Entropy: 1.0890, Epsilon: 0.010
2026-04-19 09:33:03 | INFO | Episode 2344 - Reward: -200.000, Length: 200, Loss: 16.7610, Entropy: 1.0842, Epsilon: 0.010
2026-04-19 09:33:04 | INFO | Episode 2345 - Reward: -200.000, Length: 200, Loss: 14.1425, Entropy: 1.0908, Epsilon: 0.010
2026-04-19 09:33:04 | INFO | Episode 2346 - Reward: -200.000, Length: 200, Loss: 14.0226, Entropy: 1.0939, Epsilon: 0.010
2026-04-19 09:33:04 | INFO | Episode 2347 - Reward: -200.000, Length: 200, Loss: 14.0482, Entropy: 1.0910, Epsilon: 0.010
2026-04-19 09:33:05 | INFO | Episode 2348 - Reward: -200.000, Length: 200, Loss: 14.1403, Entropy: 1.0904, Epsilon: 0.010
2026-04-19 09:33:05 | INFO | Episode 2349 - Reward: -200.000, Length: 200, Loss: 8.3186, Entropy: 1.0826, Epsilon: 0.010
2026-04-19 09:33:05 | INFO | Episode 2350 - Reward: -200.000, Length: 200, Loss: 11.2486, Entropy: 1.0885, Epsilon: 0.010
2026-04-19 09:33:06 | INFO | Episode 2351 - Reward: -200.000, Length: 200, Loss: 22.4167, Entropy: 1.0727, Epsilon: 0.010
2026-04-19 09:33:06 | INFO | Episode 2352 - Reward: -200.000, Length: 200, Loss: 2.5937, Entropy: 1.0963, Epsilon: 0.010
2026-04-19 09:33:06 | INFO | Episode 2353 - Reward: -200.000, Length: 200, Loss: 8.2632, Entropy: 1.0959, Epsilon: 0.010
2026-04-19 09:33:07 | INFO | Episode 2354 - Reward: -200.000, Length: 200, Loss: 19.8455, Entropy: 1.0860, Epsilon: 0.010
2026-04-19 09:33:07 | INFO | Episode 2355 - Reward: -200.000, Length: 200, Loss: 11.2864, Entropy: 1.0867, Epsilon: 0.010
2026-04-19 09:33:07 | INFO | Episode 2356 - Reward: -200.000, Length: 200, Loss: 11.3629, Entropy: 1.0875, Epsilon: 0.010
2026-04-19 09:33:08 | INFO | Episode 2357 - Reward: -200.000, Length: 200, Loss: 17.2400, Entropy: 1.0836, Epsilon: 0.010
2026-04-19 09:33:08 | INFO | Episode 2358 - Reward: -200.000, Length: 200, Loss: 14.5323, Entropy: 1.0944, Epsilon: 0.010
2026-04-19 09:33:08 | INFO | Episode 2359 - Reward: -200.000, Length: 200, Loss: 32.4464, Entropy: 1.0534, Epsilon: 0.010
2026-04-19 09:33:09 | INFO | Episode 2360 - Reward: -200.000, Length: 200, Loss: 8.9039, Entropy: 1.0831, Epsilon: 0.010
2026-04-19 09:33:09 | INFO | Episode 2361 - Reward: -200.000, Length: 200, Loss: 26.5551, Entropy: 1.0769, Epsilon: 0.010
2026-04-19 09:33:09 | INFO | Episode 2362 - Reward: -200.000, Length: 200, Loss: -0.2056, Entropy: 1.0956, Epsilon: 0.010
2026-04-19 09:33:10 | INFO | Episode 2363 - Reward: -200.000, Length: 200, Loss: 5.7024, Entropy: 1.0903, Epsilon: 0.010
2026-04-19 09:33:10 | INFO | Episode 2364 - Reward: -200.000, Length: 200, Loss: 24.1025, Entropy: 1.0826, Epsilon: 0.010
2026-04-19 09:33:10 | INFO | Episode 2365 - Reward: -200.000, Length: 200, Loss: 12.1831, Entropy: 1.0771, Epsilon: 0.010
2026-04-19 09:33:11 | INFO | Episode 2366 - Reward: -200.000, Length: 200, Loss: 15.0834, Entropy: 1.0742, Epsilon: 0.010
2026-04-19 09:33:11 | INFO | Episode 2367 - Reward: -200.000, Length: 200, Loss: 20.9641, Entropy: 1.0920, Epsilon: 0.010
2026-04-19 09:33:11 | INFO | Episode 2368 - Reward: -200.000, Length: 200, Loss: 17.6775, Entropy: 1.0591, Epsilon: 0.010
2026-04-19 09:33:12 | INFO | Episode 2369 - Reward: -200.000, Length: 200, Loss: 9.1395, Entropy: 1.0916, Epsilon: 0.010
2026-04-19 09:33:12 | INFO | Episode 2370 - Reward: -200.000, Length: 200, Loss: 12.0431, Entropy: 1.0725, Epsilon: 0.010
2026-04-19 09:33:12 | INFO | Episode 2371 - Reward: -200.000, Length: 200, Loss: 18.2969, Entropy: 1.0878, Epsilon: 0.010
2026-04-19 09:33:13 | INFO | Episode 2372 - Reward: -200.000, Length: 200, Loss: 24.7479, Entropy: 1.0797, Epsilon: 0.010
2026-04-19 09:33:13 | INFO | Episode 2373 - Reward: -200.000, Length: 200, Loss: 6.0146, Entropy: 1.0918, Epsilon: 0.010
2026-04-19 09:33:15 | INFO | Episode 2374 - Reward: -200.000, Length: 200, Loss: 18.7242, Entropy: 1.0904, Epsilon: 0.010
2026-04-19 09:33:15 | INFO | Episode 2375 - Reward: -200.000, Length: 200, Loss: 6.1291, Entropy: 1.0923, Epsilon: 0.010
2026-04-19 09:33:15 | INFO | Episode 2376 - Reward: -200.000, Length: 200, Loss: 22.3583, Entropy: 1.0731, Epsilon: 0.010
2026-04-19 09:33:16 | INFO | Episode 2377 - Reward: -200.000, Length: 200, Loss: 15.9023, Entropy: 1.0811, Epsilon: 0.010
2026-04-19 09:33:16 | INFO | Episode 2378 - Reward: -200.000, Length: 200, Loss: 9.3784, Entropy: 1.0906, Epsilon: 0.010
2026-04-19 09:33:16 | INFO | Episode 2379 - Reward: -200.000, Length: 200, Loss: 9.2858, Entropy: 1.0929, Epsilon: 0.010
2026-04-19 09:33:17 | INFO | Episode 2380 - Reward: -200.000, Length: 200, Loss: 12.6046, Entropy: 1.0885, Epsilon: 0.010
2026-04-19 09:33:17 | INFO | Episode 2381 - Reward: -200.000, Length: 200, Loss: 12.3763, Entropy: 1.0880, Epsilon: 0.010
2026-04-19 09:33:17 | INFO | Episode 2382 - Reward: -200.000, Length: 200, Loss: 18.6214, Entropy: 1.0801, Epsilon: 0.010
2026-04-19 09:33:18 | INFO | Episode 2383 - Reward: -200.000, Length: 200, Loss: 15.5815, Entropy: 1.0838, Epsilon: 0.010
2026-04-19 09:33:18 | INFO | Episode 2384 - Reward: -200.000, Length: 200, Loss: 18.9537, Entropy: 1.0866, Epsilon: 0.010
2026-04-19 09:33:18 | INFO | Episode 2385 - Reward: -200.000, Length: 200, Loss: 15.7527, Entropy: 1.0895, Epsilon: 0.010
2026-04-19 09:33:19 | INFO | Episode 2386 - Reward: -200.000, Length: 200, Loss: 3.0191, Entropy: 1.0941, Epsilon: 0.010
2026-04-19 09:33:19 | INFO | Episode 2387 - Reward: -200.000, Length: 200, Loss: 3.0853, Entropy: 1.0958, Epsilon: 0.010
2026-04-19 09:33:19 | INFO | Episode 2388 - Reward: -200.000, Length: 200, Loss: 16.1294, Entropy: 1.0834, Epsilon: 0.010
2026-04-19 09:33:20 | INFO | Episode 2389 - Reward: -200.000, Length: 200, Loss: 6.2984, Entropy: 1.0920, Epsilon: 0.010
2026-04-19 09:33:20 | INFO | Episode 2390 - Reward: -200.000, Length: 200, Loss: 19.3406, Entropy: 1.0766, Epsilon: 0.010
2026-04-19 09:33:20 | INFO | Episode 2391 - Reward: -200.000, Length: 200, Loss: 12.8556, Entropy: 1.0827, Epsilon: 0.010
2026-04-19 09:33:21 | INFO | Episode 2392 - Reward: -200.000, Length: 200, Loss: 25.9224, Entropy: 1.0788, Epsilon: 0.010
2026-04-19 09:33:21 | INFO | Episode 2393 - Reward: -200.000, Length: 200, Loss: 19.5656, Entropy: 1.0852, Epsilon: 0.010
2026-04-19 09:33:21 | INFO | Episode 2394 - Reward: -200.000, Length: 200, Loss: 19.4184, Entropy: 1.0861, Epsilon: 0.010
2026-04-19 09:33:22 | INFO | Episode 2395 - Reward: -200.000, Length: 200, Loss: 9.7561, Entropy: 1.0774, Epsilon: 0.010
2026-04-19 09:33:22 | INFO | Episode 2396 - Reward: -200.000, Length: 200, Loss: 9.7292, Entropy: 1.0857, Epsilon: 0.010
2026-04-19 09:33:22 | INFO | Episode 2397 - Reward: -200.000, Length: 200, Loss: 16.4080, Entropy: 1.0747, Epsilon: 0.010
2026-04-19 09:33:23 | INFO | Episode 2398 - Reward: -200.000, Length: 200, Loss: 19.7138, Entropy: 1.0778, Epsilon: 0.010
2026-04-19 09:33:23 | INFO | Episode 2399 - Reward: -200.000, Length: 200, Loss: 19.6577, Entropy: 1.0862, Epsilon: 0.010
2026-04-19 09:33:23 | INFO | Episode 2400 - Reward: -200.000, Length: 200, Loss: 16.2879, Entropy: 1.0788, Epsilon: 0.010
2026-04-19 09:33:28 | INFO | [Episode 2400] eps=0.010  avg_reward=-200.000  avg_length=200.00  avg_loss= 14.6061  avg_entropy=1.0788  eval_success=0.000
2026-04-19 09:33:29 | INFO | Episode 2401 - Reward: -200.000, Length: 200, Loss: 22.9769, Entropy: 1.0858, Epsilon: 0.010
2026-04-19 09:33:29 | INFO | Episode 2402 - Reward: -200.000, Length: 200, Loss: 6.4298, Entropy: 1.0913, Epsilon: 0.010
2026-04-19 09:33:29 | INFO | Episode 2403 - Reward: -200.000, Length: 200, Loss: 9.8588, Entropy: 1.0848, Epsilon: 0.010
2026-04-19 09:33:30 | INFO | Episode 2404 - Reward: -200.000, Length: 200, Loss: 20.0183, Entropy: 1.0731, Epsilon: 0.010
2026-04-19 09:33:30 | INFO | Episode 2405 - Reward: -200.000, Length: 200, Loss: 16.4306, Entropy: 1.0825, Epsilon: 0.010
2026-04-19 09:33:30 | INFO | Episode 2406 - Reward: -200.000, Length: 200, Loss: 26.8534, Entropy: 1.0873, Epsilon: 0.010
2026-04-19 09:33:31 | INFO | Episode 2407 - Reward: -200.000, Length: 200, Loss: 13.3112, Entropy: 1.0884, Epsilon: 0.010
2026-04-19 09:33:31 | INFO | Episode 2408 - Reward: -200.000, Length: 200, Loss: 30.1985, Entropy: 1.0886, Epsilon: 0.010
2026-04-19 09:33:31 | INFO | Episode 2409 - Reward: -200.000, Length: 200, Loss: 19.4856, Entropy: 1.0735, Epsilon: 0.010
2026-04-19 09:33:32 | INFO | Episode 2410 - Reward: -200.000, Length: 200, Loss: 16.0457, Entropy: 1.0794, Epsilon: 0.010
2026-04-19 09:33:32 | INFO | Episode 2411 - Reward: -200.000, Length: 200, Loss: 19.1690, Entropy: 1.0902, Epsilon: 0.010
2026-04-19 09:33:32 | INFO | Episode 2412 - Reward: -200.000, Length: 200, Loss: 6.3996, Entropy: 1.0868, Epsilon: 0.010
2026-04-19 09:33:33 | INFO | Episode 2413 - Reward: -200.000, Length: 200, Loss: 6.1837, Entropy: 1.0885, Epsilon: 0.010
2026-04-19 09:33:33 | INFO | Episode 2414 - Reward: -200.000, Length: 200, Loss: 35.2934, Entropy: 1.0799, Epsilon: 0.010
2026-04-19 09:33:33 | INFO | Episode 2415 - Reward: -200.000, Length: 200, Loss: 13.0989, Entropy: 1.0863, Epsilon: 0.010
2026-04-19 09:33:34 | INFO | Episode 2416 - Reward: -200.000, Length: 200, Loss: 19.1885, Entropy: 1.0862, Epsilon: 0.010
2026-04-19 09:33:34 | INFO | Episode 2417 - Reward: -200.000, Length: 200, Loss: 19.2094, Entropy: 1.0754, Epsilon: 0.010
2026-04-19 09:33:35 | INFO | Episode 2418 - Reward: -200.000, Length: 200, Loss: 28.6076, Entropy: 1.0524, Epsilon: 0.010
2026-04-19 09:33:35 | INFO | Episode 2419 - Reward: -200.000, Length: 200, Loss: 12.4600, Entropy: 1.0923, Epsilon: 0.010
2026-04-19 09:33:35 | INFO | Episode 2420 - Reward: -200.000, Length: 200, Loss: 21.9233, Entropy: 1.0724, Epsilon: 0.010
2026-04-19 09:33:36 | INFO | Episode 2421 - Reward: -200.000, Length: 200, Loss: 9.1575, Entropy: 1.0584, Epsilon: 0.010
2026-04-19 09:33:36 | INFO | Episode 2422 - Reward: -200.000, Length: 200, Loss: 9.1777, Entropy: 1.0865, Epsilon: 0.010
2026-04-19 09:33:36 | INFO | Episode 2423 - Reward: -200.000, Length: 200, Loss: 18.3128, Entropy: 1.0799, Epsilon: 0.010
2026-04-19 09:33:37 | INFO | Episode 2424 - Reward: -200.000, Length: 200, Loss: 15.3471, Entropy: 1.0951, Epsilon: 0.010
2026-04-19 09:33:37 | INFO | Episode 2425 - Reward: -200.000, Length: 200, Loss: 12.1993, Entropy: 1.0746, Epsilon: 0.010
2026-04-19 09:33:37 | INFO | Episode 2426 - Reward: -200.000, Length: 200, Loss: 18.4095, Entropy: 1.0896, Epsilon: 0.010
2026-04-19 09:33:38 | INFO | Episode 2427 - Reward: -200.000, Length: 200, Loss: 21.8864, Entropy: 1.0774, Epsilon: 0.010
2026-04-19 09:33:38 | INFO | Episode 2428 - Reward: -200.000, Length: 200, Loss: 24.9601, Entropy: 1.0075, Epsilon: 0.010
2026-04-19 09:33:38 | INFO | Episode 2429 - Reward: -200.000, Length: 200, Loss: 6.1837, Entropy: 1.0882, Epsilon: 0.010
2026-04-19 09:33:39 | INFO | Episode 2430 - Reward: -200.000, Length: 200, Loss: 15.4223, Entropy: 1.0720, Epsilon: 0.010
2026-04-19 09:33:39 | INFO | Episode 2431 - Reward: -200.000, Length: 200, Loss: 6.0535, Entropy: 1.0936, Epsilon: 0.010
2026-04-19 09:33:39 | INFO | Episode 2432 - Reward: -200.000, Length: 200, Loss: 6.0179, Entropy: 1.0951, Epsilon: 0.010
2026-04-19 09:33:40 | INFO | Episode 2433 - Reward: -200.000, Length: 200, Loss: 25.0492, Entropy: 1.0831, Epsilon: 0.010
2026-04-19 09:33:40 | INFO | Episode 2434 - Reward: -200.000, Length: 200, Loss: 15.8543, Entropy: 1.0883, Epsilon: 0.010
2026-04-19 09:33:40 | INFO | Episode 2435 - Reward: -200.000, Length: 200, Loss: 15.6430, Entropy: 1.0819, Epsilon: 0.010
2026-04-19 09:33:41 | INFO | Episode 2436 - Reward: -200.000, Length: 200, Loss: 9.3698, Entropy: 1.0915, Epsilon: 0.010
2026-04-19 09:33:41 | INFO | Episode 2437 - Reward: -200.000, Length: 200, Loss: 25.6195, Entropy: 1.0733, Epsilon: 0.010
2026-04-19 09:33:41 | INFO | Episode 2438 - Reward: -200.000, Length: 200, Loss: 12.3358, Entropy: 1.0689, Epsilon: 0.010
2026-04-19 09:33:42 | INFO | Episode 2439 - Reward: -200.000, Length: 200, Loss: 6.3821, Entropy: 1.0927, Epsilon: 0.010
2026-04-19 09:33:42 | INFO | Episode 2440 - Reward: -200.000, Length: 200, Loss: 25.5270, Entropy: 1.0862, Epsilon: 0.010
2026-04-19 09:33:42 | INFO | Episode 2441 - Reward: -200.000, Length: 200, Loss: 15.5682, Entropy: 1.0772, Epsilon: 0.010
2026-04-19 09:33:43 | INFO | Episode 2442 - Reward: -200.000, Length: 200, Loss: 15.9227, Entropy: 1.0803, Epsilon: 0.010
2026-04-19 09:33:43 | INFO | Episode 2443 - Reward: -200.000, Length: 200, Loss: 6.2874, Entropy: 1.0921, Epsilon: 0.010
2026-04-19 09:33:43 | INFO | Episode 2444 - Reward: -200.000, Length: 200, Loss: 19.0775, Entropy: 1.0764, Epsilon: 0.010
2026-04-19 09:33:44 | INFO | Episode 2445 - Reward: -200.000, Length: 200, Loss: 12.8610, Entropy: 1.0880, Epsilon: 0.010
2026-04-19 09:33:44 | INFO | Episode 2446 - Reward: -200.000, Length: 200, Loss: 6.2439, Entropy: 1.0947, Epsilon: 0.010
2026-04-19 09:33:44 | INFO | Episode 2447 - Reward: -200.000, Length: 200, Loss: 9.4975, Entropy: 1.0830, Epsilon: 0.010
2026-04-19 09:33:45 | INFO | Episode 2448 - Reward: -200.000, Length: 200, Loss: 15.7502, Entropy: 1.0831, Epsilon: 0.010
2026-04-19 09:33:45 | INFO | Episode 2449 - Reward: -200.000, Length: 200, Loss: 27.6673, Entropy: 1.0800, Epsilon: 0.010
2026-04-19 09:33:45 | INFO | Episode 2450 - Reward: -200.000, Length: 200, Loss: 12.2771, Entropy: 1.0884, Epsilon: 0.010
2026-04-19 09:33:46 | INFO | Episode 2451 - Reward: -200.000, Length: 200, Loss: 15.1214, Entropy: 1.0836, Epsilon: 0.010
2026-04-19 09:33:46 | INFO | Episode 2452 - Reward: -200.000, Length: 200, Loss: 21.3888, Entropy: 1.0700, Epsilon: 0.010
2026-04-19 09:33:46 | INFO | Episode 2453 - Reward: -200.000, Length: 200, Loss: 5.9975, Entropy: 1.0894, Epsilon: 0.010
2026-04-19 09:33:47 | INFO | Episode 2454 - Reward: -200.000, Length: 200, Loss: 15.2947, Entropy: 1.0817, Epsilon: 0.010
2026-04-19 09:33:47 | INFO | Episode 2455 - Reward: -200.000, Length: 200, Loss: 11.8975, Entropy: 1.0832, Epsilon: 0.010
2026-04-19 09:33:47 | INFO | Episode 2456 - Reward: -200.000, Length: 200, Loss: 24.6743, Entropy: 1.0891, Epsilon: 0.010
2026-04-19 09:33:48 | INFO | Episode 2457 - Reward: -200.000, Length: 200, Loss: 21.3526, Entropy: 1.0773, Epsilon: 0.010
2026-04-19 09:33:48 | INFO | Episode 2458 - Reward: -200.000, Length: 200, Loss: 12.3777, Entropy: 1.0866, Epsilon: 0.010
2026-04-19 09:33:48 | INFO | Episode 2459 - Reward: -200.000, Length: 200, Loss: 6.2425, Entropy: 1.0943, Epsilon: 0.010
2026-04-19 09:33:49 | INFO | Episode 2460 - Reward: -200.000, Length: 200, Loss: 28.1832, Entropy: 1.0814, Epsilon: 0.010
2026-04-19 09:33:49 | INFO | Episode 2461 - Reward: -200.000, Length: 200, Loss: 12.1654, Entropy: 1.0835, Epsilon: 0.010
2026-04-19 09:33:49 | INFO | Episode 2462 - Reward: -200.000, Length: 200, Loss: 18.3255, Entropy: 1.0879, Epsilon: 0.010
2026-04-19 09:33:50 | INFO | Episode 2463 - Reward: -200.000, Length: 200, Loss: 21.1403, Entropy: 1.0763, Epsilon: 0.010
2026-04-19 09:33:50 | INFO | Episode 2464 - Reward: -200.000, Length: 200, Loss: -0.1947, Entropy: 1.0946, Epsilon: 0.010
2026-04-19 09:33:50 | INFO | Episode 2465 - Reward: -200.000, Length: 200, Loss: 14.9778, Entropy: 1.0893, Epsilon: 0.010
2026-04-19 09:33:51 | INFO | Episode 2466 - Reward: -200.000, Length: 200, Loss: 11.9454, Entropy: 1.0860, Epsilon: 0.010
2026-04-19 09:33:51 | INFO | Episode 2467 - Reward: -200.000, Length: 200, Loss: 17.6476, Entropy: 1.0706, Epsilon: 0.010
2026-04-19 09:33:51 | INFO | Episode 2468 - Reward: -200.000, Length: 200, Loss: 8.8917, Entropy: 1.0842, Epsilon: 0.010
2026-04-19 09:33:52 | INFO | Episode 2469 - Reward: -200.000, Length: 200, Loss: 8.7726, Entropy: 1.0916, Epsilon: 0.010
2026-04-19 09:33:52 | INFO | Episode 2470 - Reward: -200.000, Length: 200, Loss: 18.3232, Entropy: 1.0799, Epsilon: 0.010
2026-04-19 09:33:52 | INFO | Episode 2471 - Reward: -200.000, Length: 200, Loss: 2.8923, Entropy: 1.0792, Epsilon: 0.010
2026-04-19 09:33:53 | INFO | Episode 2472 - Reward: -200.000, Length: 200, Loss: 5.9034, Entropy: 1.0777, Epsilon: 0.010
2026-04-19 09:33:53 | INFO | Episode 2473 - Reward: -200.000, Length: 200, Loss: 5.6209, Entropy: 1.0950, Epsilon: 0.010
2026-04-19 09:33:53 | INFO | Episode 2474 - Reward: -200.000, Length: 200, Loss: 14.7125, Entropy: 1.0952, Epsilon: 0.010
2026-04-19 09:33:54 | INFO | Episode 2475 - Reward: -200.000, Length: 200, Loss: 23.3775, Entropy: 1.0901, Epsilon: 0.010
2026-04-19 09:33:54 | INFO | Episode 2476 - Reward: -200.000, Length: 200, Loss: 8.8355, Entropy: 1.0938, Epsilon: 0.010
2026-04-19 09:33:54 | INFO | Episode 2477 - Reward: -200.000, Length: 200, Loss: 11.4157, Entropy: 1.0784, Epsilon: 0.010
2026-04-19 09:33:55 | INFO | Episode 2478 - Reward: -200.000, Length: 200, Loss: 11.2845, Entropy: 1.0530, Epsilon: 0.010
2026-04-19 09:33:55 | INFO | Episode 2479 - Reward: -200.000, Length: 200, Loss: 8.7198, Entropy: 1.0526, Epsilon: 0.010
2026-04-19 09:33:55 | INFO | Episode 2480 - Reward: -200.000, Length: 200, Loss: 20.9553, Entropy: 1.0663, Epsilon: 0.010
2026-04-19 09:33:56 | INFO | Episode 2481 - Reward: -200.000, Length: 200, Loss: 12.2112, Entropy: 1.0802, Epsilon: 0.010
2026-04-19 09:33:56 | INFO | Episode 2482 - Reward: -200.000, Length: 200, Loss: 20.7677, Entropy: 1.0723, Epsilon: 0.010
2026-04-19 09:33:56 | INFO | Episode 2483 - Reward: -200.000, Length: 200, Loss: 12.0523, Entropy: 1.0883, Epsilon: 0.010
2026-04-19 09:33:57 | INFO | Episode 2484 - Reward: -200.000, Length: 200, Loss: 15.2192, Entropy: 1.0882, Epsilon: 0.010
2026-04-19 09:33:57 | INFO | Episode 2485 - Reward: -200.000, Length: 200, Loss: 17.9805, Entropy: 1.0847, Epsilon: 0.010
2026-04-19 09:33:57 | INFO | Episode 2486 - Reward: -200.000, Length: 200, Loss: 9.2358, Entropy: 1.0905, Epsilon: 0.010
2026-04-19 09:33:58 | INFO | Episode 2487 - Reward: -200.000, Length: 200, Loss: 18.2929, Entropy: 1.0767, Epsilon: 0.010
2026-04-19 09:33:58 | INFO | Episode 2488 - Reward: -200.000, Length: 200, Loss: 12.2249, Entropy: 1.0869, Epsilon: 0.010
2026-04-19 09:33:58 | INFO | Episode 2489 - Reward: -200.000, Length: 200, Loss: 15.6387, Entropy: 1.0862, Epsilon: 0.010
2026-04-19 09:33:59 | INFO | Episode 2490 - Reward: -200.000, Length: 200, Loss: 15.5149, Entropy: 1.0864, Epsilon: 0.010
2026-04-19 09:33:59 | INFO | Episode 2491 - Reward: -200.000, Length: 200, Loss: 28.3770, Entropy: 1.0580, Epsilon: 0.010
2026-04-19 09:33:59 | INFO | Episode 2492 - Reward: -200.000, Length: 200, Loss: 3.1853, Entropy: 1.0650, Epsilon: 0.010
2026-04-19 09:34:00 | INFO | Episode 2493 - Reward: -200.000, Length: 200, Loss: 18.5662, Entropy: 1.0833, Epsilon: 0.010
2026-04-19 09:34:00 | INFO | Episode 2494 - Reward: -200.000, Length: 200, Loss: 12.5259, Entropy: 1.0843, Epsilon: 0.010
2026-04-19 09:34:00 | INFO | Episode 2495 - Reward: -200.000, Length: 200, Loss: 15.7871, Entropy: 1.0925, Epsilon: 0.010
2026-04-19 09:34:01 | INFO | Episode 2496 - Reward: -200.000, Length: 200, Loss: 9.5122, Entropy: 1.0903, Epsilon: 0.010
2026-04-19 09:34:01 | INFO | Episode 2497 - Reward: -200.000, Length: 200, Loss: 9.5919, Entropy: 1.0893, Epsilon: 0.010
2026-04-19 09:34:01 | INFO | Episode 2498 - Reward: -200.000, Length: 200, Loss: 12.7139, Entropy: 1.0891, Epsilon: 0.010
2026-04-19 09:34:02 | INFO | Episode 2499 - Reward: -200.000, Length: 200, Loss: 9.5938, Entropy: 1.0898, Epsilon: 0.010
2026-04-19 09:34:02 | INFO | Episode 2500 - Reward: -200.000, Length: 200, Loss: 15.9635, Entropy: 1.0487, Epsilon: 0.010
2026-04-19 09:34:07 | INFO | [Episode 2500] eps=0.010  avg_reward=-200.000  avg_length=200.00  avg_loss= 14.9640  avg_entropy=1.0487  eval_success=0.000
2026-04-19 09:34:07 | INFO | Episode 2501 - Reward: -200.000, Length: 200, Loss: 3.1554, Entropy: 1.0941, Epsilon: 0.010
2026-04-19 09:34:08 | INFO | Episode 2502 - Reward: -200.000, Length: 200, Loss: 6.3745, Entropy: 1.0925, Epsilon: 0.010
2026-04-19 09:34:08 | INFO | Episode 2503 - Reward: -200.000, Length: 200, Loss: 9.6151, Entropy: 1.0843, Epsilon: 0.010
2026-04-19 09:34:08 | INFO | Episode 2504 - Reward: -200.000, Length: 200, Loss: 19.7883, Entropy: 1.0936, Epsilon: 0.010
2026-04-19 09:34:09 | INFO | Episode 2505 - Reward: -200.000, Length: 200, Loss: 23.0900, Entropy: 1.0794, Epsilon: 0.010
2026-04-19 09:34:09 | INFO | Episode 2506 - Reward: -200.000, Length: 200, Loss: 15.8860, Entropy: 1.0547, Epsilon: 0.010
2026-04-19 09:34:09 | INFO | Episode 2507 - Reward: -200.000, Length: 200, Loss: 28.3817, Entropy: 1.0889, Epsilon: 0.010
2026-04-19 09:34:10 | INFO | Episode 2508 - Reward: -200.000, Length: 200, Loss: 9.2541, Entropy: 1.0964, Epsilon: 0.010
2026-04-19 09:34:10 | INFO | Episode 2509 - Reward: -200.000, Length: 200, Loss: 9.1804, Entropy: 1.0834, Epsilon: 0.010
2026-04-19 09:34:10 | INFO | Episode 2510 - Reward: -200.000, Length: 200, Loss: 15.5691, Entropy: 1.0911, Epsilon: 0.010
2026-04-19 09:34:11 | INFO | Episode 2511 - Reward: -200.000, Length: 200, Loss: 31.5293, Entropy: 1.0695, Epsilon: 0.010
2026-04-19 09:34:11 | INFO | Episode 2512 - Reward: -200.000, Length: 200, Loss: 22.0772, Entropy: 1.0750, Epsilon: 0.010
2026-04-19 09:34:11 | INFO | Episode 2513 - Reward: -200.000, Length: 200, Loss: 9.2169, Entropy: 1.0875, Epsilon: 0.010
2026-04-19 09:34:12 | INFO | Episode 2514 - Reward: -200.000, Length: 200, Loss: 5.9955, Entropy: 1.0919, Epsilon: 0.010
2026-04-19 09:34:12 | INFO | Episode 2515 - Reward: -200.000, Length: 200, Loss: 15.2041, Entropy: 1.0867, Epsilon: 0.010
2026-04-19 09:34:12 | INFO | Episode 2516 - Reward: -200.000, Length: 200, Loss: 29.9945, Entropy: 1.0595, Epsilon: 0.010
2026-04-19 09:34:13 | INFO | Episode 2517 - Reward: -200.000, Length: 200, Loss: 12.2060, Entropy: 1.0855, Epsilon: 0.010
2026-04-19 09:34:13 | INFO | Episode 2518 - Reward: -200.000, Length: 200, Loss: 8.9732, Entropy: 1.0950, Epsilon: 0.010
2026-04-19 09:34:13 | INFO | Episode 2519 - Reward: -200.000, Length: 200, Loss: 15.2395, Entropy: 1.0938, Epsilon: 0.010
2026-04-19 09:34:14 | INFO | Episode 2520 - Reward: -200.000, Length: 200, Loss: 5.9588, Entropy: 1.0925, Epsilon: 0.010
2026-04-19 09:34:14 | INFO | Episode 2521 - Reward: -200.000, Length: 200, Loss: 2.8045, Entropy: 1.0938, Epsilon: 0.010
2026-04-19 09:34:14 | INFO | Episode 2522 - Reward: -200.000, Length: 200, Loss: 18.4519, Entropy: 1.0920, Epsilon: 0.010
2026-04-19 09:34:15 | INFO | Episode 2523 - Reward: -200.000, Length: 200, Loss: 5.8676, Entropy: 1.0900, Epsilon: 0.010
2026-04-19 09:34:15 | INFO | Episode 2524 - Reward: -200.000, Length: 200, Loss: 18.9775, Entropy: 1.0900, Epsilon: 0.010
2026-04-19 09:34:15 | INFO | Episode 2525 - Reward: -200.000, Length: 200, Loss: 15.4030, Entropy: 1.0858, Epsilon: 0.010
2026-04-19 09:34:16 | INFO | Episode 2526 - Reward: -200.000, Length: 200, Loss: 3.0756, Entropy: 1.0956, Epsilon: 0.010
2026-04-19 09:34:16 | INFO | Episode 2527 - Reward: -200.000, Length: 200, Loss: 15.9727, Entropy: 1.0773, Epsilon: 0.010
2026-04-19 09:34:16 | INFO | Episode 2528 - Reward: -200.000, Length: 200, Loss: 2.8861, Entropy: 1.0933, Epsilon: 0.010
2026-04-19 09:34:17 | INFO | Episode 2529 - Reward: -200.000, Length: 200, Loss: 19.0075, Entropy: 1.0796, Epsilon: 0.010
2026-04-19 09:34:17 | INFO | Episode 2530 - Reward: -200.000, Length: 200, Loss: 19.4292, Entropy: 1.0529, Epsilon: 0.010
2026-04-19 09:34:17 | INFO | Episode 2531 - Reward: -200.000, Length: 200, Loss: 22.5185, Entropy: 1.0799, Epsilon: 0.010
2026-04-19 09:34:18 | INFO | Episode 2532 - Reward: -200.000, Length: 200, Loss: 9.5423, Entropy: 1.0871, Epsilon: 0.010
2026-04-19 09:34:18 | INFO | Episode 2533 - Reward: -200.000, Length: 200, Loss: 3.0882, Entropy: 1.0936, Epsilon: 0.010
2026-04-19 09:34:19 | INFO | Episode 2534 - Reward: -200.000, Length: 200, Loss: 9.6399, Entropy: 1.0892, Epsilon: 0.010
2026-04-19 09:34:19 | INFO | Episode 2535 - Reward: -200.000, Length: 200, Loss: 9.5098, Entropy: 1.0877, Epsilon: 0.010
2026-04-19 09:34:19 | INFO | Episode 2536 - Reward: -200.000, Length: 200, Loss: 6.2470, Entropy: 1.0882, Epsilon: 0.010
2026-04-19 09:34:20 | INFO | Episode 2537 - Reward: -200.000, Length: 200, Loss: 13.1524, Entropy: 1.0788, Epsilon: 0.010
2026-04-19 09:34:20 | INFO | Episode 2538 - Reward: -200.000, Length: 200, Loss: 9.7249, Entropy: 1.0834, Epsilon: 0.010
2026-04-19 09:34:20 | INFO | Episode 2539 - Reward: -200.000, Length: 200, Loss: 9.9588, Entropy: 1.0940, Epsilon: 0.010
2026-04-19 09:34:21 | INFO | Episode 2540 - Reward: -200.000, Length: 200, Loss: 26.4309, Entropy: 1.0776, Epsilon: 0.010
2026-04-19 09:34:21 | INFO | Episode 2541 - Reward: -200.000, Length: 200, Loss: 20.0743, Entropy: 1.0586, Epsilon: 0.010
2026-04-19 09:34:21 | INFO | Episode 2542 - Reward: -200.000, Length: 200, Loss: 19.5734, Entropy: 1.0574, Epsilon: 0.010
2026-04-19 09:34:22 | INFO | Episode 2543 - Reward: -200.000, Length: 200, Loss: 13.0058, Entropy: 1.0810, Epsilon: 0.010
2026-04-19 09:34:22 | INFO | Episode 2544 - Reward: -200.000, Length: 200, Loss: 6.4641, Entropy: 1.0906, Epsilon: 0.010
2026-04-19 09:34:22 | INFO | Episode 2545 - Reward: -200.000, Length: 200, Loss: 6.5186, Entropy: 1.0925, Epsilon: 0.010
2026-04-19 09:34:23 | INFO | Episode 2546 - Reward: -200.000, Length: 200, Loss: 32.9350, Entropy: 0.9723, Epsilon: 0.010
2026-04-19 09:34:23 | INFO | Episode 2547 - Reward: -200.000, Length: 200, Loss: 6.3948, Entropy: 1.0588, Epsilon: 0.010
2026-04-19 09:34:23 | INFO | Episode 2548 - Reward: -200.000, Length: 200, Loss: 22.9652, Entropy: 1.0761, Epsilon: 0.010
2026-04-19 09:34:24 | INFO | Episode 2549 - Reward: -200.000, Length: 200, Loss: 6.6383, Entropy: 1.0917, Epsilon: 0.010
2026-04-19 09:34:24 | INFO | Episode 2550 - Reward: -200.000, Length: 200, Loss: 13.1156, Entropy: 1.0785, Epsilon: 0.010
2026-04-19 09:34:24 | INFO | Episode 2551 - Reward: -200.000, Length: 200, Loss: 16.1437, Entropy: 1.0711, Epsilon: 0.010
2026-04-19 09:34:25 | INFO | Episode 2552 - Reward: -200.000, Length: 200, Loss: 23.2084, Entropy: 1.0681, Epsilon: 0.010
2026-04-19 09:34:25 | INFO | Episode 2553 - Reward: -200.000, Length: 200, Loss: 10.1396, Entropy: 1.0712, Epsilon: 0.010
2026-04-19 09:34:25 | INFO | Episode 2554 - Reward: -200.000, Length: 200, Loss: 6.6898, Entropy: 1.0808, Epsilon: 0.010
2026-04-19 09:34:26 | INFO | Episode 2555 - Reward: -200.000, Length: 200, Loss: 27.0802, Entropy: 1.0547, Epsilon: 0.010
2026-04-19 09:34:26 | INFO | Episode 2556 - Reward: -200.000, Length: 200, Loss: 13.2727, Entropy: 1.0557, Epsilon: 0.010
2026-04-19 09:34:26 | INFO | Episode 2557 - Reward: -200.000, Length: 200, Loss: 6.5559, Entropy: 1.0894, Epsilon: 0.010
2026-04-19 09:34:27 | INFO | Episode 2558 - Reward: -200.000, Length: 200, Loss: 23.3918, Entropy: 1.0743, Epsilon: 0.010
2026-04-19 09:34:27 | INFO | Episode 2559 - Reward: -200.000, Length: 200, Loss: 20.0521, Entropy: 1.0784, Epsilon: 0.010
2026-04-19 09:34:27 | INFO | Episode 2560 - Reward: -200.000, Length: 200, Loss: 13.2361, Entropy: 1.0831, Epsilon: 0.010
2026-04-19 09:34:28 | INFO | Episode 2561 - Reward: -200.000, Length: 200, Loss: 13.2497, Entropy: 1.0841, Epsilon: 0.010
2026-04-19 09:34:28 | INFO | Episode 2562 - Reward: -200.000, Length: 200, Loss: 16.7295, Entropy: 1.0842, Epsilon: 0.010
2026-04-19 09:34:28 | INFO | Episode 2563 - Reward: -200.000, Length: 200, Loss: 12.9663, Entropy: 1.0833, Epsilon: 0.010
2026-04-19 09:34:29 | INFO | Episode 2564 - Reward: -200.000, Length: 200, Loss: 29.4408, Entropy: 1.0610, Epsilon: 0.010
2026-04-19 09:34:29 | INFO | Episode 2565 - Reward: -200.000, Length: 200, Loss: 9.8562, Entropy: 1.0842, Epsilon: 0.010
2026-04-19 09:34:29 | INFO | Episode 2566 - Reward: -200.000, Length: 200, Loss: 16.3022, Entropy: 1.0803, Epsilon: 0.010
2026-04-19 09:34:30 | INFO | Episode 2567 - Reward: -200.000, Length: 200, Loss: 22.6976, Entropy: 1.0874, Epsilon: 0.010
2026-04-19 09:34:30 | INFO | Episode 2568 - Reward: -200.000, Length: 200, Loss: 29.2729, Entropy: 1.0628, Epsilon: 0.010
2026-04-19 09:34:30 | INFO | Episode 2569 - Reward: -200.000, Length: 200, Loss: 22.4641, Entropy: 1.0597, Epsilon: 0.010
2026-04-19 09:34:31 | INFO | Episode 2570 - Reward: -200.000, Length: 200, Loss: 19.0195, Entropy: 1.0824, Epsilon: 0.010
2026-04-19 09:34:31 | INFO | Episode 2571 - Reward: -200.000, Length: 200, Loss: 12.8202, Entropy: 1.0848, Epsilon: 0.010
2026-04-19 09:34:31 | INFO | Episode 2572 - Reward: -200.000, Length: 200, Loss: 15.6505, Entropy: 1.0873, Epsilon: 0.010
2026-04-19 09:34:32 | INFO | Episode 2573 - Reward: -200.000, Length: 200, Loss: 15.7299, Entropy: 1.0863, Epsilon: 0.010
2026-04-19 09:34:32 | INFO | Episode 2574 - Reward: -200.000, Length: 200, Loss: 12.7029, Entropy: 1.0892, Epsilon: 0.010
2026-04-19 09:34:32 | INFO | Episode 2575 - Reward: -200.000, Length: 200, Loss: 19.0031, Entropy: 1.0901, Epsilon: 0.010
2026-04-19 09:34:33 | INFO | Episode 2576 - Reward: -200.000, Length: 200, Loss: 12.4890, Entropy: 1.0772, Epsilon: 0.010
2026-04-19 09:34:33 | INFO | Episode 2577 - Reward: -200.000, Length: 200, Loss: 6.1553, Entropy: 1.0876, Epsilon: 0.010
2026-04-19 09:34:33 | INFO | Episode 2578 - Reward: -200.000, Length: 200, Loss: 16.1338, Entropy: 1.0910, Epsilon: 0.010
2026-04-19 09:34:34 | INFO | Episode 2579 - Reward: -200.000, Length: 200, Loss: 9.7810, Entropy: 1.0862, Epsilon: 0.010
2026-04-19 09:34:34 | INFO | Episode 2580 - Reward: -200.000, Length: 200, Loss: 19.1214, Entropy: 1.0830, Epsilon: 0.010
2026-04-19 09:34:34 | INFO | Episode 2581 - Reward: -200.000, Length: 200, Loss: 6.1788, Entropy: 1.0900, Epsilon: 0.010
2026-04-19 09:34:35 | INFO | Episode 2582 - Reward: -200.000, Length: 200, Loss: 28.4431, Entropy: 1.0811, Epsilon: 0.010
2026-04-19 09:34:35 | INFO | Episode 2583 - Reward: -200.000, Length: 200, Loss: 21.8656, Entropy: 1.0581, Epsilon: 0.010
2026-04-19 09:34:35 | INFO | Episode 2584 - Reward: -200.000, Length: 200, Loss: 18.7799, Entropy: 1.0861, Epsilon: 0.010
2026-04-19 09:34:36 | INFO | Episode 2585 - Reward: -200.000, Length: 200, Loss: 15.7918, Entropy: 1.0802, Epsilon: 0.010
2026-04-19 09:34:36 | INFO | Episode 2586 - Reward: -200.000, Length: 200, Loss: 19.0967, Entropy: 1.0820, Epsilon: 0.010
2026-04-19 09:34:36 | INFO | Episode 2587 - Reward: -200.000, Length: 200, Loss: 15.4887, Entropy: 1.0842, Epsilon: 0.010
2026-04-19 09:34:37 | INFO | Episode 2588 - Reward: -200.000, Length: 200, Loss: 12.6586, Entropy: 1.0788, Epsilon: 0.010
2026-04-19 09:34:37 | INFO | Episode 2589 - Reward: -200.000, Length: 200, Loss: 15.9743, Entropy: 1.0724, Epsilon: 0.010
2026-04-19 09:34:37 | INFO | Episode 2590 - Reward: -200.000, Length: 200, Loss: 15.7466, Entropy: 1.0829, Epsilon: 0.010
2026-04-19 09:34:38 | INFO | Episode 2591 - Reward: -200.000, Length: 200, Loss: 6.1907, Entropy: 1.0903, Epsilon: 0.010
2026-04-19 09:34:38 | INFO | Episode 2592 - Reward: -200.000, Length: 200, Loss: 16.1561, Entropy: 1.0769, Epsilon: 0.010
2026-04-19 09:34:38 | INFO | Episode 2593 - Reward: -200.000, Length: 200, Loss: 19.1262, Entropy: 1.0877, Epsilon: 0.010
2026-04-19 09:34:39 | INFO | Episode 2594 - Reward: -200.000, Length: 200, Loss: 19.1361, Entropy: 1.0775, Epsilon: 0.010
2026-04-19 09:34:39 | INFO | Episode 2595 - Reward: -200.000, Length: 200, Loss: 15.7550, Entropy: 1.0890, Epsilon: 0.010
2026-04-19 09:34:39 | INFO | Episode 2596 - Reward: -200.000, Length: 200, Loss: 25.1231, Entropy: 1.0911, Epsilon: 0.010
2026-04-19 09:34:40 | INFO | Episode 2597 - Reward: -200.000, Length: 200, Loss: 19.4130, Entropy: 1.0469, Epsilon: 0.010
2026-04-19 09:34:40 | INFO | Episode 2598 - Reward: -200.000, Length: 200, Loss: 12.4448, Entropy: 1.0912, Epsilon: 0.010
2026-04-19 09:34:40 | INFO | Episode 2599 - Reward: -200.000, Length: 200, Loss: 30.8277, Entropy: 1.0800, Epsilon: 0.010
2026-04-19 09:34:41 | INFO | Episode 2600 - Reward: -200.000, Length: 200, Loss: 18.0716, Entropy: 1.0794, Epsilon: 0.010
2026-04-19 09:34:46 | INFO | [Episode 2600] eps=0.010  avg_reward=-200.000  avg_length=200.00  avg_loss= 15.2969  avg_entropy=1.0794  eval_success=0.000
2026-04-19 09:34:46 | INFO | Episode 2601 - Reward: -200.000, Length: 200, Loss: 9.0580, Entropy: 1.0897, Epsilon: 0.010
2026-04-19 09:34:46 | INFO | Episode 2602 - Reward: -200.000, Length: 200, Loss: 14.8963, Entropy: 1.0773, Epsilon: 0.010
2026-04-19 09:34:47 | INFO | Episode 2603 - Reward: -200.000, Length: 200, Loss: 12.3359, Entropy: 1.0819, Epsilon: 0.010
2026-04-19 09:34:47 | INFO | Episode 2604 - Reward: -200.000, Length: 200, Loss: 11.8210, Entropy: 1.0870, Epsilon: 0.010
2026-04-19 09:34:47 | INFO | Episode 2605 - Reward: -200.000, Length: 200, Loss: 6.0118, Entropy: 1.0906, Epsilon: 0.010
2026-04-19 09:34:48 | INFO | Episode 2606 - Reward: -200.000, Length: 200, Loss: 15.5698, Entropy: 1.0919, Epsilon: 0.010
2026-04-19 09:34:48 | INFO | Episode 2607 - Reward: -200.000, Length: 200, Loss: 18.5055, Entropy: 1.0732, Epsilon: 0.010
2026-04-19 09:34:48 | INFO | Episode 2608 - Reward: -200.000, Length: 200, Loss: 9.2781, Entropy: 1.0953, Epsilon: 0.010
2026-04-19 09:34:49 | INFO | Episode 2609 - Reward: -200.000, Length: 200, Loss: 12.7779, Entropy: 1.0903, Epsilon: 0.010
2026-04-19 09:34:49 | INFO | Episode 2610 - Reward: -200.000, Length: 200, Loss: 12.7618, Entropy: 1.0913, Epsilon: 0.010
2026-04-19 09:34:49 | INFO | Episode 2611 - Reward: -200.000, Length: 200, Loss: 22.6304, Entropy: 1.0799, Epsilon: 0.010
2026-04-19 09:34:50 | INFO | Episode 2612 - Reward: -200.000, Length: 200, Loss: 9.6265, Entropy: 1.0902, Epsilon: 0.010
2026-04-19 09:34:50 | INFO | Episode 2613 - Reward: -200.000, Length: 200, Loss: 19.2242, Entropy: 1.0860, Epsilon: 0.010
2026-04-19 09:34:50 | INFO | Episode 2614 - Reward: -200.000, Length: 200, Loss: 22.8412, Entropy: 1.0607, Epsilon: 0.010
2026-04-19 09:34:51 | INFO | Episode 2615 - Reward: -200.000, Length: 200, Loss: 6.6156, Entropy: 1.0798, Epsilon: 0.010
2026-04-19 09:34:51 | INFO | Episode 2616 - Reward: -200.000, Length: 200, Loss: 16.1878, Entropy: 1.0746, Epsilon: 0.010
2026-04-19 09:34:51 | INFO | Episode 2617 - Reward: -200.000, Length: 200, Loss: 9.2921, Entropy: 1.0780, Epsilon: 0.010
2026-04-19 09:34:52 | INFO | Episode 2618 - Reward: -200.000, Length: 200, Loss: 12.9400, Entropy: 1.0816, Epsilon: 0.010
2026-04-19 09:34:52 | INFO | Episode 2619 - Reward: -200.000, Length: 200, Loss: 25.6915, Entropy: 1.0834, Epsilon: 0.010
2026-04-19 09:34:52 | INFO | Episode 2620 - Reward: -200.000, Length: 200, Loss: 9.4795, Entropy: 1.0879, Epsilon: 0.010
2026-04-19 09:34:53 | INFO | Episode 2621 - Reward: -200.000, Length: 200, Loss: 15.5059, Entropy: 1.0876, Epsilon: 0.010
2026-04-19 09:34:53 | INFO | Episode 2622 - Reward: -200.000, Length: 200, Loss: 9.6652, Entropy: 1.0893, Epsilon: 0.010
2026-04-19 09:34:53 | INFO | Episode 2623 - Reward: -200.000, Length: 200, Loss: 22.2302, Entropy: 1.0785, Epsilon: 0.010
2026-04-19 09:34:54 | INFO | Episode 2624 - Reward: -200.000, Length: 200, Loss: 12.6506, Entropy: 1.0847, Epsilon: 0.010
2026-04-19 09:34:54 | INFO | Episode 2625 - Reward: -200.000, Length: 200, Loss: 12.6188, Entropy: 1.0908, Epsilon: 0.010
2026-04-19 09:34:55 | INFO | Episode 2626 - Reward: -200.000, Length: 200, Loss: 12.9412, Entropy: 1.0666, Epsilon: 0.010
2026-04-19 09:34:55 | INFO | Episode 2627 - Reward: -200.000, Length: 200, Loss: 9.6312, Entropy: 1.0845, Epsilon: 0.010
2026-04-19 09:34:55 | INFO | Episode 2628 - Reward: -200.000, Length: 200, Loss: 18.7288, Entropy: 1.0706, Epsilon: 0.010
2026-04-19 09:34:56 | INFO | Episode 2629 - Reward: -200.000, Length: 200, Loss: 9.6218, Entropy: 1.0904, Epsilon: 0.010
2026-04-19 09:34:56 | INFO | Episode 2630 - Reward: -200.000, Length: 200, Loss: 18.3884, Entropy: 1.0819, Epsilon: 0.010
2026-04-19 09:34:56 | INFO | Episode 2631 - Reward: -200.000, Length: 200, Loss: 18.8140, Entropy: 1.0818, Epsilon: 0.010
2026-04-19 09:34:57 | INFO | Episode 2632 - Reward: -200.000, Length: 200, Loss: 11.7731, Entropy: 1.0884, Epsilon: 0.010
2026-04-19 09:34:57 | INFO | Episode 2633 - Reward: -200.000, Length: 200, Loss: 11.9614, Entropy: 1.0829, Epsilon: 0.010
2026-04-19 09:34:57 | INFO | Episode 2634 - Reward: -200.000, Length: 200, Loss: 9.1057, Entropy: 1.0909, Epsilon: 0.010
2026-04-19 09:34:58 | INFO | Episode 2635 - Reward: -200.000, Length: 200, Loss: 2.8101, Entropy: 1.0944, Epsilon: 0.010
2026-04-19 09:34:58 | INFO | Episode 2636 - Reward: -200.000, Length: 200, Loss: 18.6204, Entropy: 1.0859, Epsilon: 0.010
2026-04-19 09:34:58 | INFO | Episode 2637 - Reward: -200.000, Length: 200, Loss: 12.3703, Entropy: 1.0875, Epsilon: 0.010
2026-04-19 09:34:59 | INFO | Episode 2638 - Reward: -200.000, Length: 200, Loss: 12.5971, Entropy: 1.0902, Epsilon: 0.010
2026-04-19 09:34:59 | INFO | Episode 2639 - Reward: -200.000, Length: 200, Loss: 12.6273, Entropy: 1.0944, Epsilon: 0.010
2026-04-19 09:34:59 | INFO | Episode 2640 - Reward: -200.000, Length: 200, Loss: 32.1664, Entropy: 1.0774, Epsilon: 0.010
2026-04-19 09:35:00 | INFO | Episode 2641 - Reward: -200.000, Length: 200, Loss: 21.4575, Entropy: 1.0826, Epsilon: 0.010
2026-04-19 09:35:00 | INFO | Episode 2642 - Reward: -200.000, Length: 200, Loss: 21.3473, Entropy: 1.0695, Epsilon: 0.010
2026-04-19 09:35:00 | INFO | Episode 2643 - Reward: -200.000, Length: 200, Loss: 21.8419, Entropy: 1.0848, Epsilon: 0.010
2026-04-19 09:35:01 | INFO | Episode 2644 - Reward: -200.000, Length: 200, Loss: 18.2606, Entropy: 1.0803, Epsilon: 0.010
2026-04-19 09:35:01 | INFO | Episode 2645 - Reward: -200.000, Length: 200, Loss: 33.8961, Entropy: 1.0470, Epsilon: 0.010
2026-04-19 09:35:01 | INFO | Episode 2646 - Reward: -200.000, Length: 200, Loss: 26.8640, Entropy: 1.0336, Epsilon: 0.010
2026-04-19 09:35:02 | INFO | Episode 2647 - Reward: -200.000, Length: 200, Loss: 14.5511, Entropy: 1.0909, Epsilon: 0.010
2026-04-19 09:35:02 | INFO | Episode 2648 - Reward: -200.000, Length: 200, Loss: 14.6077, Entropy: 1.0871, Epsilon: 0.010
2026-04-19 09:35:02 | INFO | Episode 2649 - Reward: -200.000, Length: 200, Loss: 23.6365, Entropy: 1.0852, Epsilon: 0.010
2026-04-19 09:35:03 | INFO | Episode 2650 - Reward: -200.000, Length: 200, Loss: 17.4177, Entropy: 1.0877, Epsilon: 0.010
2026-04-19 09:35:03 | INFO | Episode 2651 - Reward: -200.000, Length: 200, Loss: 8.7918, Entropy: 1.0911, Epsilon: 0.010
2026-04-19 09:35:03 | INFO | Episode 2652 - Reward: -200.000, Length: 200, Loss: 5.5814, Entropy: 1.0924, Epsilon: 0.010
2026-04-19 09:35:04 | INFO | Episode 2653 - Reward: -200.000, Length: 200, Loss: 2.7770, Entropy: 1.0958, Epsilon: 0.010
2026-04-19 09:35:04 | INFO | Episode 2654 - Reward: -200.000, Length: 200, Loss: 8.6565, Entropy: 1.0950, Epsilon: 0.010
2026-04-19 09:35:04 | INFO | Episode 2655 - Reward: -200.000, Length: 200, Loss: 11.6388, Entropy: 1.0930, Epsilon: 0.010
2026-04-19 09:35:05 | INFO | Episode 2656 - Reward: -200.000, Length: 200, Loss: 11.4168, Entropy: 1.0896, Epsilon: 0.010
2026-04-19 09:35:05 | INFO | Episode 2657 - Reward: -200.000, Length: 200, Loss: 14.2356, Entropy: 1.0840, Epsilon: 0.010
2026-04-19 09:35:05 | INFO | Episode 2658 - Reward: -200.000, Length: 200, Loss: 29.0665, Entropy: 1.0774, Epsilon: 0.010
2026-04-19 09:35:06 | INFO | Episode 2659 - Reward: -200.000, Length: 200, Loss: 8.4753, Entropy: 1.0917, Epsilon: 0.010
2026-04-19 09:35:06 | INFO | Episode 2660 - Reward: -200.000, Length: 200, Loss: 11.1737, Entropy: 1.0911, Epsilon: 0.010
2026-04-19 09:35:06 | INFO | Episode 2661 - Reward: -200.000, Length: 200, Loss: 17.0147, Entropy: 1.0879, Epsilon: 0.010
2026-04-19 09:35:07 | INFO | Episode 2662 - Reward: -200.000, Length: 200, Loss: 11.4664, Entropy: 1.0870, Epsilon: 0.010
2026-04-19 09:35:07 | INFO | Episode 2663 - Reward: -200.000, Length: 200, Loss: 11.2052, Entropy: 1.0893, Epsilon: 0.010
2026-04-19 09:35:07 | INFO | Episode 2664 - Reward: -200.000, Length: 200, Loss: 25.9240, Entropy: 1.0912, Epsilon: 0.010
2026-04-19 09:35:08 | INFO | Episode 2665 - Reward: -200.000, Length: 200, Loss: 8.3140, Entropy: 1.0839, Epsilon: 0.010
2026-04-19 09:35:08 | INFO | Episode 2666 - Reward: -200.000, Length: 200, Loss: 14.5604, Entropy: 1.0902, Epsilon: 0.010
2026-04-19 09:35:08 | INFO | Episode 2667 - Reward: -200.000, Length: 200, Loss: 32.0996, Entropy: 1.0778, Epsilon: 0.010
2026-04-19 09:35:09 | INFO | Episode 2668 - Reward: -200.000, Length: 200, Loss: 11.4532, Entropy: 1.0886, Epsilon: 0.010
2026-04-19 09:35:09 | INFO | Episode 2669 - Reward: -200.000, Length: 200, Loss: 14.6996, Entropy: 1.0815, Epsilon: 0.010
2026-04-19 09:35:09 | INFO | Episode 2670 - Reward: -200.000, Length: 200, Loss: 32.0469, Entropy: 1.0842, Epsilon: 0.010
2026-04-19 09:35:10 | INFO | Episode 2671 - Reward: -200.000, Length: 200, Loss: 17.2455, Entropy: 1.0742, Epsilon: 0.010
2026-04-19 09:35:10 | INFO | Episode 2672 - Reward: -200.000, Length: 200, Loss: 19.8158, Entropy: 1.0684, Epsilon: 0.010
2026-04-19 09:35:11 | INFO | Episode 2673 - Reward: -200.000, Length: 200, Loss: 17.4246, Entropy: 1.0793, Epsilon: 0.010
2026-04-19 09:35:11 | INFO | Episode 2674 - Reward: -200.000, Length: 200, Loss: 18.9009, Entropy: 1.0797, Epsilon: 0.010
2026-04-19 09:35:11 | INFO | Episode 2675 - Reward: -200.000, Length: 200, Loss: 26.9921, Entropy: 1.0769, Epsilon: 0.010
2026-04-19 09:35:12 | INFO | Episode 2676 - Reward: -200.000, Length: 200, Loss: 16.4346, Entropy: 1.0892, Epsilon: 0.010
2026-04-19 09:35:12 | INFO | Episode 2677 - Reward: -200.000, Length: 200, Loss: 24.5332, Entropy: 1.0773, Epsilon: 0.010
2026-04-19 09:35:12 | INFO | Episode 2678 - Reward: -200.000, Length: 200, Loss: 13.8634, Entropy: 1.0937, Epsilon: 0.010
2026-04-19 09:35:13 | INFO | Episode 2679 - Reward: -200.000, Length: 200, Loss: 13.8336, Entropy: 1.0890, Epsilon: 0.010
2026-04-19 09:35:13 | INFO | Episode 2680 - Reward: -200.000, Length: 200, Loss: 19.2692, Entropy: 1.0854, Epsilon: 0.010
2026-04-19 09:35:13 | INFO | Episode 2681 - Reward: -200.000, Length: 200, Loss: 16.2013, Entropy: 1.0816, Epsilon: 0.010
2026-04-19 09:35:14 | INFO | Episode 2682 - Reward: -200.000, Length: 200, Loss: -0.1981, Entropy: 1.0973, Epsilon: 0.010
2026-04-19 09:35:14 | INFO | Episode 2683 - Reward: -200.000, Length: 200, Loss: 13.4321, Entropy: 1.0955, Epsilon: 0.010
2026-04-19 09:35:14 | INFO | Episode 2684 - Reward: -200.000, Length: 200, Loss: 18.7956, Entropy: 1.0848, Epsilon: 0.010
2026-04-19 09:35:15 | INFO | Episode 2685 - Reward: -200.000, Length: 200, Loss: 5.3857, Entropy: 1.0914, Epsilon: 0.010
2026-04-19 09:35:15 | INFO | Episode 2686 - Reward: -200.000, Length: 200, Loss: 16.2469, Entropy: 1.0910, Epsilon: 0.010
2026-04-19 09:35:15 | INFO | Episode 2687 - Reward: -200.000, Length: 200, Loss: 18.9246, Entropy: 1.0906, Epsilon: 0.010
2026-04-19 09:35:16 | INFO | Episode 2688 - Reward: -200.000, Length: 200, Loss: 11.4036, Entropy: 1.0706, Epsilon: 0.010
2026-04-19 09:35:16 | INFO | Episode 2689 - Reward: -200.000, Length: 200, Loss: 10.9935, Entropy: 1.0799, Epsilon: 0.010
2026-04-19 09:35:16 | INFO | Episode 2690 - Reward: -200.000, Length: 200, Loss: 15.9899, Entropy: 1.0866, Epsilon: 0.010
2026-04-19 09:35:17 | INFO | Episode 2691 - Reward: -200.000, Length: 200, Loss: 13.8420, Entropy: 1.0904, Epsilon: 0.010
2026-04-19 09:35:17 | INFO | Episode 2692 - Reward: -200.000, Length: 200, Loss: 18.5624, Entropy: 1.0838, Epsilon: 0.010
2026-04-19 09:35:17 | INFO | Episode 2693 - Reward: -200.000, Length: 200, Loss: 22.3827, Entropy: 1.0833, Epsilon: 0.010
2026-04-19 09:35:18 | INFO | Episode 2694 - Reward: -200.000, Length: 200, Loss: 21.6712, Entropy: 1.0849, Epsilon: 0.010
2026-04-19 09:35:18 | INFO | Episode 2695 - Reward: -200.000, Length: 200, Loss: 16.0154, Entropy: 1.0890, Epsilon: 0.010
2026-04-19 09:35:18 | INFO | Episode 2696 - Reward: -200.000, Length: 200, Loss: 7.9122, Entropy: 1.0862, Epsilon: 0.010
2026-04-19 09:35:19 | INFO | Episode 2697 - Reward: -200.000, Length: 200, Loss: 15.9163, Entropy: 1.0855, Epsilon: 0.010
2026-04-19 09:35:19 | INFO | Episode 2698 - Reward: -200.000, Length: 200, Loss: 12.9500, Entropy: 1.0774, Epsilon: 0.010
2026-04-19 09:35:19 | INFO | Episode 2699 - Reward: -200.000, Length: 200, Loss: 5.2006, Entropy: 1.0863, Epsilon: 0.010
2026-04-19 09:35:20 | INFO | Episode 2700 - Reward: -200.000, Length: 200, Loss: 20.8952, Entropy: 1.0751, Epsilon: 0.010
2026-04-19 09:35:24 | INFO | [Episode 2700] eps=0.010  avg_reward=-200.000  avg_length=200.00  avg_loss= 15.3769  avg_entropy=1.0751  eval_success=0.000
2026-04-19 09:35:25 | INFO | Episode 2701 - Reward: -200.000, Length: 200, Loss: 21.8095, Entropy: 1.0887, Epsilon: 0.010
2026-04-19 09:35:25 | INFO | Episode 2702 - Reward: -200.000, Length: 200, Loss: 8.2017, Entropy: 1.0927, Epsilon: 0.010
2026-04-19 09:35:25 | INFO | Episode 2703 - Reward: -200.000, Length: 200, Loss: 16.2717, Entropy: 1.0784, Epsilon: 0.010
2026-04-19 09:35:27 | INFO | Episode 2704 - Reward: -200.000, Length: 200, Loss: 17.9863, Entropy: 1.0748, Epsilon: 0.010
2026-04-19 09:35:28 | INFO | Episode 2705 - Reward: -200.000, Length: 200, Loss: 18.4602, Entropy: 1.0809, Epsilon: 0.010
2026-04-19 09:35:28 | INFO | Episode 2706 - Reward: -200.000, Length: 200, Loss: 7.6793, Entropy: 1.0912, Epsilon: 0.010
2026-04-19 09:35:28 | INFO | Episode 2707 - Reward: -200.000, Length: 200, Loss: 10.3924, Entropy: 1.0838, Epsilon: 0.010
2026-04-19 09:35:29 | INFO | Episode 2708 - Reward: -200.000, Length: 200, Loss: 10.6799, Entropy: 1.0847, Epsilon: 0.010
2026-04-19 09:35:29 | INFO | Episode 2709 - Reward: -200.000, Length: 200, Loss: 7.7345, Entropy: 1.0937, Epsilon: 0.010
2026-04-19 09:35:29 | INFO | Episode 2710 - Reward: -200.000, Length: 200, Loss: 16.2273, Entropy: 1.0938, Epsilon: 0.010
2026-04-19 09:35:30 | INFO | Episode 2711 - Reward: -200.000, Length: 200, Loss: 21.8631, Entropy: 1.0903, Epsilon: 0.010
2026-04-19 09:35:30 | INFO | Episode 2712 - Reward: -200.000, Length: 200, Loss: 19.0894, Entropy: 1.0921, Epsilon: 0.010
2026-04-19 09:35:30 | INFO | Episode 2713 - Reward: -200.000, Length: 200, Loss: 28.1561, Entropy: 1.0677, Epsilon: 0.010
2026-04-19 09:35:31 | INFO | Episode 2714 - Reward: -200.000, Length: 200, Loss: 13.1818, Entropy: 1.0858, Epsilon: 0.010
2026-04-19 09:35:31 | INFO | Episode 2715 - Reward: -200.000, Length: 200, Loss: 7.6426, Entropy: 1.0933, Epsilon: 0.010
2026-04-19 09:35:31 | INFO | Episode 2716 - Reward: -200.000, Length: 200, Loss: 11.0182, Entropy: 1.0885, Epsilon: 0.010
2026-04-19 09:35:32 | INFO | Episode 2717 - Reward: -200.000, Length: 200, Loss: 13.4847, Entropy: 1.0908, Epsilon: 0.010
2026-04-19 09:35:32 | INFO | Episode 2718 - Reward: -200.000, Length: 200, Loss: 10.5750, Entropy: 1.0902, Epsilon: 0.010
2026-04-19 09:35:32 | INFO | Episode 2719 - Reward: -200.000, Length: 200, Loss: 16.3662, Entropy: 1.0868, Epsilon: 0.010
2026-04-19 09:35:33 | INFO | Episode 2720 - Reward: -200.000, Length: 200, Loss: 13.4561, Entropy: 1.0813, Epsilon: 0.010
2026-04-19 09:35:33 | INFO | Episode 2721 - Reward: -200.000, Length: 200, Loss: 10.7578, Entropy: 1.0906, Epsilon: 0.010
2026-04-19 09:35:33 | INFO | Episode 2722 - Reward: -200.000, Length: 200, Loss: 2.5789, Entropy: 1.0962, Epsilon: 0.010
2026-04-19 09:35:34 | INFO | Episode 2723 - Reward: -200.000, Length: 200, Loss: 18.9223, Entropy: 1.0824, Epsilon: 0.010
2026-04-19 09:35:34 | INFO | Episode 2724 - Reward: -200.000, Length: 200, Loss: 14.0112, Entropy: 1.0911, Epsilon: 0.010
2026-04-19 09:35:34 | INFO | Episode 2725 - Reward: -200.000, Length: 200, Loss: 7.8408, Entropy: 1.0943, Epsilon: 0.010
2026-04-19 09:35:35 | INFO | Episode 2726 - Reward: -200.000, Length: 200, Loss: 13.8303, Entropy: 1.0845, Epsilon: 0.010
2026-04-19 09:35:35 | INFO | Episode 2727 - Reward: -200.000, Length: 200, Loss: 2.6515, Entropy: 1.0924, Epsilon: 0.010
2026-04-19 09:35:35 | INFO | Episode 2728 - Reward: -200.000, Length: 200, Loss: 11.0844, Entropy: 1.0750, Epsilon: 0.010
2026-04-19 09:35:36 | INFO | Episode 2729 - Reward: -200.000, Length: 200, Loss: 16.4332, Entropy: 1.0951, Epsilon: 0.010
2026-04-19 09:35:36 | INFO | Episode 2730 - Reward: -200.000, Length: 200, Loss: 8.4456, Entropy: 1.0953, Epsilon: 0.010
2026-04-19 09:35:36 | INFO | Episode 2731 - Reward: -200.000, Length: 200, Loss: 16.9492, Entropy: 1.0819, Epsilon: 0.010
2026-04-19 09:35:37 | INFO | Episode 2732 - Reward: -200.000, Length: 200, Loss: 2.6524, Entropy: 1.0889, Epsilon: 0.010
2026-04-19 09:35:37 | INFO | Episode 2733 - Reward: -200.000, Length: 200, Loss: 13.7779, Entropy: 1.0874, Epsilon: 0.010
2026-04-19 09:35:38 | INFO | Episode 2734 - Reward: -200.000, Length: 200, Loss: 17.3520, Entropy: 1.0742, Epsilon: 0.010
2026-04-19 09:35:38 | INFO | Episode 2735 - Reward: -200.000, Length: 200, Loss: 10.7070, Entropy: 1.0888, Epsilon: 0.010
2026-04-19 09:35:38 | INFO | Episode 2736 - Reward: -200.000, Length: 200, Loss: 14.0097, Entropy: 1.0886, Epsilon: 0.010
2026-04-19 09:35:39 | INFO | Episode 2737 - Reward: -200.000, Length: 200, Loss: 16.5511, Entropy: 1.0897, Epsilon: 0.010
2026-04-19 09:35:39 | INFO | Episode 2738 - Reward: -200.000, Length: 200, Loss: 16.8537, Entropy: 1.0794, Epsilon: 0.010
2026-04-19 09:35:39 | INFO | Episode 2739 - Reward: -200.000, Length: 200, Loss: 14.1970, Entropy: 1.0790, Epsilon: 0.010
2026-04-19 09:35:40 | INFO | Episode 2740 - Reward: -200.000, Length: 200, Loss: 8.5347, Entropy: 1.0745, Epsilon: 0.010
2026-04-19 09:35:40 | INFO | Episode 2741 - Reward: -200.000, Length: 200, Loss: 19.7972, Entropy: 1.0829, Epsilon: 0.010
2026-04-19 09:35:40 | INFO | Episode 2742 - Reward: -200.000, Length: 200, Loss: 13.9578, Entropy: 1.0914, Epsilon: 0.010
2026-04-19 09:35:41 | INFO | Episode 2743 - Reward: -200.000, Length: 200, Loss: 22.1442, Entropy: 1.0813, Epsilon: 0.010
2026-04-19 09:35:41 | INFO | Episode 2744 - Reward: -200.000, Length: 200, Loss: 16.8495, Entropy: 1.0856, Epsilon: 0.010
2026-04-19 09:35:41 | INFO | Episode 2745 - Reward: -200.000, Length: 200, Loss: 16.8584, Entropy: 1.0757, Epsilon: 0.010
2026-04-19 09:35:42 | INFO | Episode 2746 - Reward: -200.000, Length: 200, Loss: 21.3738, Entropy: 1.0889, Epsilon: 0.010
2026-04-19 09:35:42 | INFO | Episode 2747 - Reward: -200.000, Length: 200, Loss: 10.4963, Entropy: 1.0944, Epsilon: 0.010
2026-04-19 09:35:42 | INFO | Episode 2748 - Reward: -200.000, Length: 200, Loss: 13.2186, Entropy: 1.0851, Epsilon: 0.010
2026-04-19 09:35:43 | INFO | Episode 2749 - Reward: -200.000, Length: 200, Loss: 16.2492, Entropy: 1.0909, Epsilon: 0.010
2026-04-19 09:35:43 | INFO | Episode 2750 - Reward: -200.000, Length: 200, Loss: 8.1560, Entropy: 1.0913, Epsilon: 0.010
2026-04-19 09:35:43 | INFO | Episode 2751 - Reward: -200.000, Length: 200, Loss: 13.8366, Entropy: 1.0870, Epsilon: 0.010
2026-04-19 09:35:44 | INFO | Episode 2752 - Reward: -200.000, Length: 200, Loss: 10.8481, Entropy: 1.0907, Epsilon: 0.010
2026-04-19 09:35:44 | INFO | Episode 2753 - Reward: -200.000, Length: 200, Loss: 10.8196, Entropy: 1.0915, Epsilon: 0.010
2026-04-19 09:35:44 | INFO | Episode 2754 - Reward: -200.000, Length: 200, Loss: 19.1735, Entropy: 1.0852, Epsilon: 0.010
2026-04-19 09:35:45 | INFO | Episode 2755 - Reward: -200.000, Length: 200, Loss: 13.6180, Entropy: 1.0938, Epsilon: 0.010
2026-04-19 09:35:45 | INFO | Episode 2756 - Reward: -200.000, Length: 200, Loss: 18.8493, Entropy: 1.0848, Epsilon: 0.010
2026-04-19 09:35:45 | INFO | Episode 2757 - Reward: -200.000, Length: 200, Loss: 19.2229, Entropy: 1.0914, Epsilon: 0.010
2026-04-19 09:35:46 | INFO | Episode 2758 - Reward: -200.000, Length: 200, Loss: 19.7056, Entropy: 1.0575, Epsilon: 0.010
2026-04-19 09:35:46 | INFO | Episode 2759 - Reward: -200.000, Length: 200, Loss: 13.5501, Entropy: 1.0812, Epsilon: 0.010
2026-04-19 09:35:46 | INFO | Episode 2760 - Reward: -200.000, Length: 200, Loss: 21.9124, Entropy: 1.0644, Epsilon: 0.010
2026-04-19 09:35:47 | INFO | Episode 2761 - Reward: -200.000, Length: 200, Loss: 13.1898, Entropy: 1.0880, Epsilon: 0.010
2026-04-19 09:35:47 | INFO | Episode 2762 - Reward: -200.000, Length: 200, Loss: 11.0330, Entropy: 1.0906, Epsilon: 0.010
2026-04-19 09:35:47 | INFO | Episode 2763 - Reward: -200.000, Length: 200, Loss: 16.0807, Entropy: 1.0833, Epsilon: 0.010
2026-04-19 09:35:48 | INFO | Episode 2764 - Reward: -200.000, Length: 200, Loss: 13.0534, Entropy: 1.0788, Epsilon: 0.010
2026-04-19 09:35:48 | INFO | Episode 2765 - Reward: -200.000, Length: 200, Loss: 10.2922, Entropy: 1.0866, Epsilon: 0.010
2026-04-19 09:35:48 | INFO | Episode 2766 - Reward: -200.000, Length: 200, Loss: 12.3485, Entropy: 1.0637, Epsilon: 0.010
2026-04-19 09:35:49 | INFO | Episode 2767 - Reward: -200.000, Length: 200, Loss: 12.8814, Entropy: 1.0825, Epsilon: 0.010
2026-04-19 09:35:49 | INFO | Episode 2768 - Reward: -200.000, Length: 200, Loss: 10.2533, Entropy: 1.0898, Epsilon: 0.010
2026-04-19 09:35:49 | INFO | Episode 2769 - Reward: -200.000, Length: 200, Loss: 23.0164, Entropy: 1.0835, Epsilon: 0.010
2026-04-19 09:35:50 | INFO | Episode 2770 - Reward: -200.000, Length: 200, Loss: 10.3751, Entropy: 1.0922, Epsilon: 0.010
2026-04-19 09:35:50 | INFO | Episode 2771 - Reward: -200.000, Length: 200, Loss: 18.6976, Entropy: 1.0926, Epsilon: 0.010
2026-04-19 09:35:50 | INFO | Episode 2772 - Reward: -200.000, Length: 200, Loss: 7.3408, Entropy: 1.0807, Epsilon: 0.010
2026-04-19 09:35:51 | INFO | Episode 2773 - Reward: -200.000, Length: 200, Loss: 16.0072, Entropy: 1.0850, Epsilon: 0.010
2026-04-19 09:35:51 | INFO | Episode 2774 - Reward: -200.000, Length: 200, Loss: 10.9007, Entropy: 1.0777, Epsilon: 0.010
2026-04-19 09:35:51 | INFO | Episode 2775 - Reward: -200.000, Length: 200, Loss: 12.8253, Entropy: 1.0891, Epsilon: 0.010
2026-04-19 09:35:52 | INFO | Episode 2776 - Reward: -200.000, Length: 200, Loss: 15.3198, Entropy: 1.0820, Epsilon: 0.010
2026-04-19 09:35:52 | INFO | Episode 2777 - Reward: -200.000, Length: 200, Loss: 13.0354, Entropy: 1.0837, Epsilon: 0.010
2026-04-19 09:35:53 | INFO | Episode 2778 - Reward: -200.000, Length: 200, Loss: 2.6471, Entropy: 1.0953, Epsilon: 0.010
2026-04-19 09:35:53 | INFO | Episode 2779 - Reward: -200.000, Length: 200, Loss: 13.1145, Entropy: 1.0935, Epsilon: 0.010
2026-04-19 09:35:53 | INFO | Episode 2780 - Reward: -200.000, Length: 200, Loss: 5.1296, Entropy: 1.0937, Epsilon: 0.010
2026-04-19 09:35:54 | INFO | Episode 2781 - Reward: -200.000, Length: 200, Loss: 13.7412, Entropy: 1.0812, Epsilon: 0.010
2026-04-19 09:35:54 | INFO | Episode 2782 - Reward: -200.000, Length: 200, Loss: 13.6652, Entropy: 1.0827, Epsilon: 0.010
2026-04-19 09:35:54 | INFO | Episode 2783 - Reward: -200.000, Length: 200, Loss: 7.7192, Entropy: 1.0904, Epsilon: 0.010
2026-04-19 09:35:55 | INFO | Episode 2784 - Reward: -200.000, Length: 200, Loss: 18.4431, Entropy: 1.0821, Epsilon: 0.010
2026-04-19 09:35:55 | INFO | Episode 2785 - Reward: -200.000, Length: 200, Loss: 12.9445, Entropy: 1.0879, Epsilon: 0.010
2026-04-19 09:35:55 | INFO | Episode 2786 - Reward: -200.000, Length: 200, Loss: 13.4966, Entropy: 1.0764, Epsilon: 0.010
2026-04-19 09:35:56 | INFO | Episode 2787 - Reward: -200.000, Length: 200, Loss: 16.0515, Entropy: 1.0916, Epsilon: 0.010
2026-04-19 09:35:56 | INFO | Episode 2788 - Reward: -200.000, Length: 200, Loss: 5.4422, Entropy: 1.0958, Epsilon: 0.010
2026-04-19 09:35:56 | INFO | Episode 2789 - Reward: -200.000, Length: 200, Loss: 19.1179, Entropy: 1.0901, Epsilon: 0.010
2026-04-19 09:35:57 | INFO | Episode 2790 - Reward: -200.000, Length: 200, Loss: 10.8351, Entropy: 1.0895, Epsilon: 0.010
2026-04-19 09:35:57 | INFO | Episode 2791 - Reward: -200.000, Length: 200, Loss: 16.7848, Entropy: 1.0917, Epsilon: 0.010
2026-04-19 09:35:57 | INFO | Episode 2792 - Reward: -200.000, Length: 200, Loss: 14.2617, Entropy: 1.0847, Epsilon: 0.010
2026-04-19 09:35:58 | INFO | Episode 2793 - Reward: -200.000, Length: 200, Loss: 13.8685, Entropy: 1.0784, Epsilon: 0.010
2026-04-19 09:35:58 | INFO | Episode 2794 - Reward: -200.000, Length: 200, Loss: 8.1674, Entropy: 1.0908, Epsilon: 0.010
2026-04-19 09:35:58 | INFO | Episode 2795 - Reward: -200.000, Length: 200, Loss: 16.3947, Entropy: 1.0834, Epsilon: 0.010
2026-04-19 09:35:59 | INFO | Episode 2796 - Reward: -200.000, Length: 200, Loss: 5.5334, Entropy: 1.0911, Epsilon: 0.010
2026-04-19 09:35:59 | INFO | Episode 2797 - Reward: -200.000, Length: 200, Loss: 16.3462, Entropy: 1.0849, Epsilon: 0.010
2026-04-19 09:35:59 | INFO | Episode 2798 - Reward: -200.000, Length: 200, Loss: 8.1723, Entropy: 1.0891, Epsilon: 0.010
2026-04-19 09:36:00 | INFO | Episode 2799 - Reward: -200.000, Length: 200, Loss: 11.0004, Entropy: 1.0857, Epsilon: 0.010
2026-04-19 09:36:00 | INFO | Episode 2800 - Reward: -200.000, Length: 200, Loss: 11.3341, Entropy: 1.0922, Epsilon: 0.010
2026-04-19 09:36:05 | INFO | [Episode 2800] eps=0.010  avg_reward=-200.000  avg_length=200.00  avg_loss= 13.4992  avg_entropy=1.0922  eval_success=0.000
2026-04-19 09:36:05 | INFO | Episode 2801 - Reward: -200.000, Length: 200, Loss: 17.4167, Entropy: 1.0867, Epsilon: 0.010
2026-04-19 09:36:05 | INFO | Episode 2802 - Reward: -200.000, Length: 200, Loss: 14.0916, Entropy: 1.0849, Epsilon: 0.010
2026-04-19 09:36:06 | INFO | Episode 2803 - Reward: -200.000, Length: 200, Loss: 8.0898, Entropy: 1.0880, Epsilon: 0.010
2026-04-19 09:36:06 | INFO | Episode 2804 - Reward: -200.000, Length: 200, Loss: 8.6290, Entropy: 1.0938, Epsilon: 0.010
2026-04-19 09:36:06 | INFO | Episode 2805 - Reward: -200.000, Length: 200, Loss: 22.9633, Entropy: 1.0808, Epsilon: 0.010
2026-04-19 09:36:07 | INFO | Episode 2806 - Reward: -200.000, Length: 200, Loss: 11.7895, Entropy: 1.0835, Epsilon: 0.010
2026-04-19 09:36:07 | INFO | Episode 2807 - Reward: -200.000, Length: 200, Loss: 17.1674, Entropy: 1.0793, Epsilon: 0.010
2026-04-19 09:36:07 | INFO | Episode 2808 - Reward: -200.000, Length: 200, Loss: 23.4252, Entropy: 1.0875, Epsilon: 0.010
2026-04-19 09:36:08 | INFO | Episode 2809 - Reward: -200.000, Length: 200, Loss: 12.0109, Entropy: 1.0893, Epsilon: 0.010
2026-04-19 09:36:08 | INFO | Episode 2810 - Reward: -200.000, Length: 200, Loss: 17.8154, Entropy: 1.0779, Epsilon: 0.010
2026-04-19 09:36:08 | INFO | Episode 2811 - Reward: -200.000, Length: 200, Loss: 11.4130, Entropy: 1.0776, Epsilon: 0.010
2026-04-19 09:36:09 | INFO | Episode 2812 - Reward: -200.000, Length: 200, Loss: 16.9995, Entropy: 1.0929, Epsilon: 0.010
2026-04-19 09:36:09 | INFO | Episode 2813 - Reward: -200.000, Length: 200, Loss: 13.9744, Entropy: 1.0857, Epsilon: 0.010
2026-04-19 09:36:09 | INFO | Episode 2814 - Reward: -200.000, Length: 200, Loss: 11.2504, Entropy: 1.0839, Epsilon: 0.010
2026-04-19 09:36:10 | INFO | Episode 2815 - Reward: -200.000, Length: 200, Loss: 14.4627, Entropy: 1.0928, Epsilon: 0.010
2026-04-19 09:36:10 | INFO | Episode 2816 - Reward: -200.000, Length: 200, Loss: 11.3360, Entropy: 1.0705, Epsilon: 0.010
2026-04-19 09:36:10 | INFO | Episode 2817 - Reward: -200.000, Length: 200, Loss: 23.3500, Entropy: 1.0893, Epsilon: 0.010
2026-04-19 09:36:11 | INFO | Episode 2818 - Reward: -200.000, Length: 200, Loss: 11.6871, Entropy: 1.0945, Epsilon: 0.010
2026-04-19 09:36:11 | INFO | Episode 2819 - Reward: -200.000, Length: 200, Loss: 11.7238, Entropy: 1.0923, Epsilon: 0.010
2026-04-19 09:36:12 | INFO | Episode 2820 - Reward: -200.000, Length: 200, Loss: 14.5642, Entropy: 1.0946, Epsilon: 0.010
2026-04-19 09:36:12 | INFO | Episode 2821 - Reward: -200.000, Length: 200, Loss: 26.2220, Entropy: 1.0732, Epsilon: 0.010
2026-04-19 09:36:12 | INFO | Episode 2822 - Reward: -200.000, Length: 200, Loss: 11.9910, Entropy: 1.0819, Epsilon: 0.010
2026-04-19 09:36:13 | INFO | Episode 2823 - Reward: -200.000, Length: 200, Loss: 5.8851, Entropy: 1.0821, Epsilon: 0.010
2026-04-19 09:36:13 | INFO | Episode 2824 - Reward: -200.000, Length: 200, Loss: 11.6261, Entropy: 1.0904, Epsilon: 0.010
2026-04-19 09:36:13 | INFO | Episode 2825 - Reward: -200.000, Length: 200, Loss: 23.2307, Entropy: 1.0821, Epsilon: 0.010
2026-04-19 09:36:14 | INFO | Episode 2826 - Reward: -200.000, Length: 200, Loss: 11.8841, Entropy: 1.0770, Epsilon: 0.010
2026-04-19 09:36:14 | INFO | Episode 2827 - Reward: -200.000, Length: 200, Loss: 11.2136, Entropy: 1.0845, Epsilon: 0.010
2026-04-19 09:36:14 | INFO | Episode 2828 - Reward: -200.000, Length: 200, Loss: 23.9875, Entropy: 1.0762, Epsilon: 0.010
2026-04-19 09:36:15 | INFO | Episode 2829 - Reward: -200.000, Length: 200, Loss: 20.2223, Entropy: 1.0867, Epsilon: 0.010
2026-04-19 09:36:15 | INFO | Episode 2830 - Reward: -200.000, Length: 200, Loss: 22.9907, Entropy: 1.0825, Epsilon: 0.010
2026-04-19 09:36:15 | INFO | Episode 2831 - Reward: -200.000, Length: 200, Loss: 22.8510, Entropy: 1.0559, Epsilon: 0.010
2026-04-19 09:36:16 | INFO | Episode 2832 - Reward: -200.000, Length: 200, Loss: 20.9195, Entropy: 1.0866, Epsilon: 0.010
2026-04-19 09:36:16 | INFO | Episode 2833 - Reward: -200.000, Length: 200, Loss: 11.8913, Entropy: 1.0893, Epsilon: 0.010
2026-04-19 09:36:16 | INFO | Episode 2834 - Reward: -200.000, Length: 200, Loss: 20.2706, Entropy: 1.0906, Epsilon: 0.010
2026-04-19 09:36:17 | INFO | Episode 2835 - Reward: -200.000, Length: 200, Loss: 28.4316, Entropy: 1.0889, Epsilon: 0.010
2026-04-19 09:36:17 | INFO | Episode 2836 - Reward: -200.000, Length: 200, Loss: 8.1979, Entropy: 1.0917, Epsilon: 0.010
2026-04-19 09:36:17 | INFO | Episode 2837 - Reward: -200.000, Length: 200, Loss: 8.6396, Entropy: 1.0832, Epsilon: 0.010
2026-04-19 09:36:18 | INFO | Episode 2838 - Reward: -200.000, Length: 200, Loss: 20.5987, Entropy: 1.0653, Epsilon: 0.010
2026-04-19 09:36:18 | INFO | Episode 2839 - Reward: -200.000, Length: 200, Loss: 14.5253, Entropy: 1.0904, Epsilon: 0.010
2026-04-19 09:36:18 | INFO | Episode 2840 - Reward: -200.000, Length: 200, Loss: 14.4155, Entropy: 1.0820, Epsilon: 0.010
2026-04-19 09:36:19 | INFO | Episode 2841 - Reward: -200.000, Length: 200, Loss: 8.7902, Entropy: 1.0927, Epsilon: 0.010
2026-04-19 09:36:19 | INFO | Episode 2842 - Reward: -200.000, Length: 200, Loss: 14.8751, Entropy: 1.0880, Epsilon: 0.010
2026-04-19 09:36:19 | INFO | Episode 2843 - Reward: -200.000, Length: 200, Loss: 8.8603, Entropy: 1.0892, Epsilon: 0.010
2026-04-19 09:36:20 | INFO | Episode 2844 - Reward: -200.000, Length: 200, Loss: 17.5042, Entropy: 1.0894, Epsilon: 0.010
2026-04-19 09:36:20 | INFO | Episode 2845 - Reward: -200.000, Length: 200, Loss: 17.7982, Entropy: 1.0766, Epsilon: 0.010
2026-04-19 09:36:20 | INFO | Episode 2846 - Reward: -200.000, Length: 200, Loss: 17.8312, Entropy: 1.0806, Epsilon: 0.010
2026-04-19 09:36:21 | INFO | Episode 2847 - Reward: -200.000, Length: 200, Loss: 17.6473, Entropy: 1.0917, Epsilon: 0.010
2026-04-19 09:36:21 | INFO | Episode 2848 - Reward: -200.000, Length: 200, Loss: 20.4435, Entropy: 1.0865, Epsilon: 0.010
2026-04-19 09:36:21 | INFO | Episode 2849 - Reward: -200.000, Length: 200, Loss: 11.8372, Entropy: 1.0929, Epsilon: 0.010
2026-04-19 09:36:22 | INFO | Episode 2850 - Reward: -200.000, Length: 200, Loss: 17.6350, Entropy: 1.0795, Epsilon: 0.010
2026-04-19 09:36:22 | INFO | Episode 2851 - Reward: -200.000, Length: 200, Loss: 8.8372, Entropy: 1.0941, Epsilon: 0.010
2026-04-19 09:36:22 | INFO | Episode 2852 - Reward: -200.000, Length: 200, Loss: 20.5652, Entropy: 1.0888, Epsilon: 0.010
2026-04-19 09:36:23 | INFO | Episode 2853 - Reward: -200.000, Length: 200, Loss: 5.3492, Entropy: 1.0899, Epsilon: 0.010
2026-04-19 09:36:23 | INFO | Episode 2854 - Reward: -200.000, Length: 200, Loss: 8.8038, Entropy: 1.0931, Epsilon: 0.010
2026-04-19 09:36:23 | INFO | Episode 2855 - Reward: -200.000, Length: 200, Loss: 17.5204, Entropy: 1.0940, Epsilon: 0.010
2026-04-19 09:36:24 | INFO | Episode 2856 - Reward: -200.000, Length: 200, Loss: 22.6707, Entropy: 1.0919, Epsilon: 0.010
2026-04-19 09:36:24 | INFO | Episode 2857 - Reward: -200.000, Length: 200, Loss: 5.6188, Entropy: 1.0879, Epsilon: 0.010
2026-04-19 09:36:24 | INFO | Episode 2858 - Reward: -200.000, Length: 200, Loss: 11.5355, Entropy: 1.0937, Epsilon: 0.010
2026-04-19 09:36:25 | INFO | Episode 2859 - Reward: -200.000, Length: 200, Loss: 21.0854, Entropy: 1.0834, Epsilon: 0.010
2026-04-19 09:36:25 | INFO | Episode 2860 - Reward: -200.000, Length: 200, Loss: 14.8240, Entropy: 1.0790, Epsilon: 0.010
2026-04-19 09:36:25 | INFO | Episode 2861 - Reward: -200.000, Length: 200, Loss: 20.9461, Entropy: 1.0828, Epsilon: 0.010
2026-04-19 09:36:26 | INFO | Episode 2862 - Reward: -200.000, Length: 200, Loss: 29.6409, Entropy: 1.0784, Epsilon: 0.010
2026-04-19 09:36:26 | INFO | Episode 2863 - Reward: -200.000, Length: 200, Loss: 8.4905, Entropy: 1.0914, Epsilon: 0.010
2026-04-19 09:36:26 | INFO | Episode 2864 - Reward: -200.000, Length: 200, Loss: 11.6837, Entropy: 1.0863, Epsilon: 0.010
2026-04-19 09:36:27 | INFO | Episode 2865 - Reward: -200.000, Length: 200, Loss: 32.3281, Entropy: 1.0665, Epsilon: 0.010
2026-04-19 09:36:27 | INFO | Episode 2866 - Reward: -200.000, Length: 200, Loss: 9.1404, Entropy: 1.0794, Epsilon: 0.010
2026-04-19 09:36:27 | INFO | Episode 2867 - Reward: -200.000, Length: 200, Loss: 14.6244, Entropy: 1.0900, Epsilon: 0.010
2026-04-19 09:36:28 | INFO | Episode 2868 - Reward: -200.000, Length: 200, Loss: 14.5102, Entropy: 1.0864, Epsilon: 0.010
2026-04-19 09:36:28 | INFO | Episode 2869 - Reward: -200.000, Length: 200, Loss: 21.5432, Entropy: 1.0829, Epsilon: 0.010
2026-04-19 09:36:28 | INFO | Episode 2870 - Reward: -200.000, Length: 200, Loss: 17.2439, Entropy: 1.0788, Epsilon: 0.010
2026-04-19 09:36:29 | INFO | Episode 2871 - Reward: -200.000, Length: 200, Loss: 20.3775, Entropy: 1.0848, Epsilon: 0.010
2026-04-19 09:36:29 | INFO | Episode 2872 - Reward: -200.000, Length: 200, Loss: 11.7022, Entropy: 1.0828, Epsilon: 0.010
2026-04-19 09:36:29 | INFO | Episode 2873 - Reward: -200.000, Length: 200, Loss: 14.4765, Entropy: 1.0890, Epsilon: 0.010
2026-04-19 09:36:30 | INFO | Episode 2874 - Reward: -200.000, Length: 200, Loss: 20.7936, Entropy: 1.0835, Epsilon: 0.010
2026-04-19 09:36:30 | INFO | Episode 2875 - Reward: -200.000, Length: 200, Loss: 17.5882, Entropy: 1.0872, Epsilon: 0.010
2026-04-19 09:36:30 | INFO | Episode 2876 - Reward: -200.000, Length: 200, Loss: 14.8337, Entropy: 1.0854, Epsilon: 0.010
2026-04-19 09:36:31 | INFO | Episode 2877 - Reward: -200.000, Length: 200, Loss: 5.8183, Entropy: 1.0944, Epsilon: 0.010
2026-04-19 09:36:31 | INFO | Episode 2878 - Reward: -200.000, Length: 200, Loss: 29.7955, Entropy: 1.0843, Epsilon: 0.010
2026-04-19 09:36:31 | INFO | Episode 2879 - Reward: -200.000, Length: 200, Loss: 25.6974, Entropy: 1.0810, Epsilon: 0.010
2026-04-19 09:36:32 | INFO | Episode 2880 - Reward: -200.000, Length: 200, Loss: 17.9081, Entropy: 1.0594, Epsilon: 0.010
2026-04-19 09:36:32 | INFO | Episode 2881 - Reward: -200.000, Length: 200, Loss: 21.3875, Entropy: 1.0208, Epsilon: 0.010
2026-04-19 09:36:32 | INFO | Episode 2882 - Reward: -200.000, Length: 200, Loss: 29.3124, Entropy: 1.0572, Epsilon: 0.010
2026-04-19 09:36:33 | INFO | Episode 2883 - Reward: -200.000, Length: 200, Loss: 14.5127, Entropy: 1.0823, Epsilon: 0.010
2026-04-19 09:36:33 | INFO | Episode 2884 - Reward: -200.000, Length: 200, Loss: 24.0771, Entropy: 1.0780, Epsilon: 0.010
2026-04-19 09:36:34 | INFO | Episode 2885 - Reward: -200.000, Length: 200, Loss: 5.8051, Entropy: 1.0853, Epsilon: 0.010
2026-04-19 09:36:34 | INFO | Episode 2886 - Reward: -200.000, Length: 200, Loss: 18.5768, Entropy: 1.0719, Epsilon: 0.010
2026-04-19 09:36:34 | INFO | Episode 2887 - Reward: -200.000, Length: 200, Loss: 30.3497, Entropy: 1.0611, Epsilon: 0.010
2026-04-19 09:36:35 | INFO | Episode 2888 - Reward: -200.000, Length: 200, Loss: 12.0829, Entropy: 1.0735, Epsilon: 0.010
2026-04-19 09:36:35 | INFO | Episode 2889 - Reward: -200.000, Length: 200, Loss: 15.0191, Entropy: 1.0827, Epsilon: 0.010
2026-04-19 09:36:35 | INFO | Episode 2890 - Reward: -200.000, Length: 200, Loss: 17.3433, Entropy: 1.0921, Epsilon: 0.010
2026-04-19 09:36:36 | INFO | Episode 2891 - Reward: -200.000, Length: 200, Loss: 23.2370, Entropy: 1.0896, Epsilon: 0.010
2026-04-19 09:36:36 | INFO | Episode 2892 - Reward: -200.000, Length: 200, Loss: 11.4968, Entropy: 1.0925, Epsilon: 0.010
2026-04-19 09:36:36 | INFO | Episode 2893 - Reward: -200.000, Length: 200, Loss: 17.0015, Entropy: 1.0873, Epsilon: 0.010
2026-04-19 09:36:37 | INFO | Episode 2894 - Reward: -200.000, Length: 200, Loss: 17.2037, Entropy: 1.0839, Epsilon: 0.010
2026-04-19 09:36:37 | INFO | Episode 2895 - Reward: -200.000, Length: 200, Loss: 14.5186, Entropy: 1.0848, Epsilon: 0.010
2026-04-19 09:36:37 | INFO | Episode 2896 - Reward: -200.000, Length: 200, Loss: 19.5951, Entropy: 1.0799, Epsilon: 0.010
2026-04-19 09:36:38 | INFO | Episode 2897 - Reward: -200.000, Length: 200, Loss: 5.2833, Entropy: 1.0955, Epsilon: 0.010
2026-04-19 09:36:38 | INFO | Episode 2898 - Reward: -200.000, Length: 200, Loss: 5.5993, Entropy: 1.0948, Epsilon: 0.010
2026-04-19 09:36:38 | INFO | Episode 2899 - Reward: -200.000, Length: 200, Loss: 11.1818, Entropy: 1.0845, Epsilon: 0.010
2026-04-19 09:36:39 | INFO | Episode 2900 - Reward: -200.000, Length: 200, Loss: 11.1768, Entropy: 1.0928, Epsilon: 0.010
2026-04-19 09:36:44 | INFO | [Episode 2900] eps=0.010  avg_reward=-200.000  avg_length=200.00  avg_loss= 16.0809  avg_entropy=1.0928  eval_success=0.000
2026-04-19 09:36:44 | INFO | Episode 2901 - Reward: -200.000, Length: 200, Loss: 16.2386, Entropy: 1.0908, Epsilon: 0.010
2026-04-19 09:36:44 | INFO | Episode 2902 - Reward: -200.000, Length: 200, Loss: 5.4147, Entropy: 1.0958, Epsilon: 0.010
2026-04-19 09:36:45 | INFO | Episode 2903 - Reward: -200.000, Length: 200, Loss: 16.6791, Entropy: 1.0896, Epsilon: 0.010
2026-04-19 09:36:45 | INFO | Episode 2904 - Reward: -200.000, Length: 200, Loss: 21.1545, Entropy: 1.0746, Epsilon: 0.010
2026-04-19 09:36:45 | INFO | Episode 2905 - Reward: -200.000, Length: 200, Loss: 13.3656, Entropy: 1.0817, Epsilon: 0.010
2026-04-19 09:36:46 | INFO | Episode 2906 - Reward: -200.000, Length: 200, Loss: 21.4723, Entropy: 1.0853, Epsilon: 0.010
2026-04-19 09:36:46 | INFO | Episode 2907 - Reward: -200.000, Length: 200, Loss: 11.1184, Entropy: 1.0900, Epsilon: 0.010
2026-04-19 09:36:46 | INFO | Episode 2908 - Reward: -200.000, Length: 200, Loss: 13.1154, Entropy: 1.0952, Epsilon: 0.010
2026-04-19 09:36:47 | INFO | Episode 2909 - Reward: -200.000, Length: 200, Loss: 13.8346, Entropy: 1.0717, Epsilon: 0.010
2026-04-19 09:36:47 | INFO | Episode 2910 - Reward: -200.000, Length: 200, Loss: 8.4416, Entropy: 1.0816, Epsilon: 0.010
2026-04-19 09:36:47 | INFO | Episode 2911 - Reward: -200.000, Length: 200, Loss: 7.8731, Entropy: 1.0930, Epsilon: 0.010
2026-04-19 09:36:48 | INFO | Episode 2912 - Reward: -200.000, Length: 200, Loss: 11.3293, Entropy: 1.0873, Epsilon: 0.010
2026-04-19 09:36:48 | INFO | Episode 2913 - Reward: -200.000, Length: 200, Loss: 10.7070, Entropy: 1.0934, Epsilon: 0.010
2026-04-19 09:36:48 | INFO | Episode 2914 - Reward: -200.000, Length: 200, Loss: 7.8926, Entropy: 1.0940, Epsilon: 0.010
2026-04-19 09:36:49 | INFO | Episode 2915 - Reward: -200.000, Length: 200, Loss: 18.5636, Entropy: 1.0814, Epsilon: 0.010
2026-04-19 09:36:49 | INFO | Episode 2916 - Reward: -200.000, Length: 200, Loss: 11.0195, Entropy: 1.0846, Epsilon: 0.010
2026-04-19 09:36:49 | INFO | Episode 2917 - Reward: -200.000, Length: 200, Loss: 14.0455, Entropy: 1.0674, Epsilon: 0.010
2026-04-19 09:36:50 | INFO | Episode 2918 - Reward: -200.000, Length: 200, Loss: 5.6173, Entropy: 1.0905, Epsilon: 0.010
2026-04-19 09:36:50 | INFO | Episode 2919 - Reward: -200.000, Length: 200, Loss: 15.5527, Entropy: 1.0822, Epsilon: 0.010
2026-04-19 09:36:50 | INFO | Episode 2920 - Reward: -200.000, Length: 200, Loss: 12.5655, Entropy: 1.0928, Epsilon: 0.010
2026-04-19 09:36:51 | INFO | Episode 2921 - Reward: -200.000, Length: 200, Loss: 5.6824, Entropy: 1.0942, Epsilon: 0.010
2026-04-19 09:36:51 | INFO | Episode 2922 - Reward: -200.000, Length: 200, Loss: 5.2276, Entropy: 1.0943, Epsilon: 0.010
2026-04-19 09:36:51 | INFO | Episode 2923 - Reward: -200.000, Length: 200, Loss: 10.7421, Entropy: 1.0846, Epsilon: 0.010
2026-04-19 09:36:52 | INFO | Episode 2924 - Reward: -200.000, Length: 200, Loss: 24.1859, Entropy: 1.0916, Epsilon: 0.010
2026-04-19 09:36:52 | INFO | Episode 2925 - Reward: -200.000, Length: 200, Loss: 5.2714, Entropy: 1.0951, Epsilon: 0.010
2026-04-19 09:36:52 | INFO | Episode 2926 - Reward: -200.000, Length: 200, Loss: 16.1457, Entropy: 1.0887, Epsilon: 0.010
2026-04-19 09:36:53 | INFO | Episode 2927 - Reward: -200.000, Length: 200, Loss: 11.2448, Entropy: 1.0917, Epsilon: 0.010
2026-04-19 09:36:53 | INFO | Episode 2928 - Reward: -200.000, Length: 200, Loss: 7.4977, Entropy: 1.0911, Epsilon: 0.010
2026-04-19 09:36:53 | INFO | Episode 2929 - Reward: -200.000, Length: 200, Loss: 8.0039, Entropy: 1.0725, Epsilon: 0.010
2026-04-19 09:36:54 | INFO | Episode 2930 - Reward: -200.000, Length: 200, Loss: 21.3662, Entropy: 1.0786, Epsilon: 0.010
2026-04-19 09:36:54 | INFO | Episode 2931 - Reward: -200.000, Length: 200, Loss: 24.5988, Entropy: 1.0778, Epsilon: 0.010
2026-04-19 09:36:54 | INFO | Episode 2932 - Reward: -200.000, Length: 200, Loss: 2.5926, Entropy: 1.0956, Epsilon: 0.010
2026-04-19 09:36:55 | INFO | Episode 2933 - Reward: -200.000, Length: 200, Loss: 24.0786, Entropy: 1.0899, Epsilon: 0.010
2026-04-19 09:36:55 | INFO | Episode 2934 - Reward: -200.000, Length: 200, Loss: 11.2221, Entropy: 1.0903, Epsilon: 0.010
2026-04-19 09:36:55 | INFO | Episode 2935 - Reward: -200.000, Length: 200, Loss: 14.1670, Entropy: 1.0831, Epsilon: 0.010
2026-04-19 09:36:56 | INFO | Episode 2936 - Reward: -200.000, Length: 200, Loss: 8.0487, Entropy: 1.0932, Epsilon: 0.010
2026-04-19 09:36:56 | INFO | Episode 2937 - Reward: -200.000, Length: 200, Loss: 10.9129, Entropy: 1.0907, Epsilon: 0.010
2026-04-19 09:36:56 | INFO | Episode 2938 - Reward: -200.000, Length: 200, Loss: 10.8623, Entropy: 1.0921, Epsilon: 0.010
2026-04-19 09:36:57 | INFO | Episode 2939 - Reward: -200.000, Length: 200, Loss: 24.7785, Entropy: 1.0809, Epsilon: 0.010
2026-04-19 09:36:57 | INFO | Episode 2940 - Reward: -200.000, Length: 200, Loss: 8.2098, Entropy: 1.0937, Epsilon: 0.010
2026-04-19 09:36:57 | INFO | Episode 2941 - Reward: -200.000, Length: 200, Loss: 13.4710, Entropy: 1.0948, Epsilon: 0.010
2026-04-19 09:36:58 | INFO | Episode 2942 - Reward: -200.000, Length: 200, Loss: 14.4109, Entropy: 1.0842, Epsilon: 0.010
2026-04-19 09:36:58 | INFO | Episode 2943 - Reward: -200.000, Length: 200, Loss: 19.0308, Entropy: 1.0808, Epsilon: 0.010
2026-04-19 09:36:58 | INFO | Episode 2944 - Reward: -200.000, Length: 200, Loss: 22.5476, Entropy: 1.0835, Epsilon: 0.010
2026-04-19 09:36:59 | INFO | Episode 2945 - Reward: -200.000, Length: 200, Loss: 13.5141, Entropy: 1.0944, Epsilon: 0.010
2026-04-19 09:36:59 | INFO | Episode 2946 - Reward: -200.000, Length: 200, Loss: 8.6097, Entropy: 1.0945, Epsilon: 0.010
2026-04-19 09:36:59 | INFO | Episode 2947 - Reward: -200.000, Length: 200, Loss: 13.7501, Entropy: 1.0893, Epsilon: 0.010
2026-04-19 09:37:00 | INFO | Episode 2948 - Reward: -200.000, Length: 200, Loss: 2.6820, Entropy: 1.0964, Epsilon: 0.010
2026-04-19 09:37:00 | INFO | Episode 2949 - Reward: -200.000, Length: 200, Loss: 23.0572, Entropy: 1.0830, Epsilon: 0.010
2026-04-19 09:37:00 | INFO | Episode 2950 - Reward: -200.000, Length: 200, Loss: 11.2244, Entropy: 1.0898, Epsilon: 0.010
2026-04-19 09:37:01 | INFO | Episode 2951 - Reward: -200.000, Length: 200, Loss: 20.0778, Entropy: 1.0817, Epsilon: 0.010
2026-04-19 09:37:01 | INFO | Episode 2952 - Reward: -200.000, Length: 200, Loss: 24.8250, Entropy: 1.0905, Epsilon: 0.010
2026-04-19 09:37:02 | INFO | Episode 2953 - Reward: -200.000, Length: 200, Loss: 19.9230, Entropy: 1.0791, Epsilon: 0.010
2026-04-19 09:37:02 | INFO | Episode 2954 - Reward: -200.000, Length: 200, Loss: 8.5107, Entropy: 1.0747, Epsilon: 0.010
2026-04-19 09:37:02 | INFO | Episode 2955 - Reward: -200.000, Length: 200, Loss: 25.1443, Entropy: 1.0900, Epsilon: 0.010
2026-04-19 09:37:03 | INFO | Episode 2956 - Reward: -200.000, Length: 200, Loss: 13.3230, Entropy: 1.0876, Epsilon: 0.010
2026-04-19 09:37:03 | INFO | Episode 2957 - Reward: -200.000, Length: 200, Loss: 14.0380, Entropy: 1.0871, Epsilon: 0.010
2026-04-19 09:37:03 | INFO | Episode 2958 - Reward: -200.000, Length: 200, Loss: 16.0552, Entropy: 1.0875, Epsilon: 0.010
2026-04-19 09:37:04 | INFO | Episode 2959 - Reward: -200.000, Length: 200, Loss: 10.6362, Entropy: 1.0939, Epsilon: 0.010
2026-04-19 09:37:04 | INFO | Episode 2960 - Reward: -200.000, Length: 200, Loss: 28.0094, Entropy: 1.0747, Epsilon: 0.010
2026-04-19 09:37:04 | INFO | Episode 2961 - Reward: -200.000, Length: 200, Loss: 16.6585, Entropy: 1.0852, Epsilon: 0.010
2026-04-19 09:37:05 | INFO | Episode 2962 - Reward: -200.000, Length: 200, Loss: 10.7379, Entropy: 1.0900, Epsilon: 0.010
2026-04-19 09:37:05 | INFO | Episode 2963 - Reward: -200.000, Length: 200, Loss: 5.6451, Entropy: 1.0922, Epsilon: 0.010
2026-04-19 09:37:05 | INFO | Episode 2964 - Reward: -200.000, Length: 200, Loss: 25.3564, Entropy: 1.0848, Epsilon: 0.010
2026-04-19 09:37:06 | INFO | Episode 2965 - Reward: -200.000, Length: 200, Loss: -0.1732, Entropy: 1.0972, Epsilon: 0.010
2026-04-19 09:37:06 | INFO | Episode 2966 - Reward: -200.000, Length: 200, Loss: 14.2322, Entropy: 1.0918, Epsilon: 0.010
2026-04-19 09:37:06 | INFO | Episode 2967 - Reward: -200.000, Length: 200, Loss: 10.8834, Entropy: 1.0872, Epsilon: 0.010
2026-04-19 09:37:07 | INFO | Episode 2968 - Reward: -200.000, Length: 200, Loss: 17.1720, Entropy: 1.0906, Epsilon: 0.010
2026-04-19 09:37:07 | INFO | Episode 2969 - Reward: -200.000, Length: 200, Loss: 17.3811, Entropy: 1.0818, Epsilon: 0.010
2026-04-19 09:37:07 | INFO | Episode 2970 - Reward: -200.000, Length: 200, Loss: 17.6999, Entropy: 1.0823, Epsilon: 0.010
2026-04-19 09:37:08 | INFO | Episode 2971 - Reward: -200.000, Length: 200, Loss: 8.7511, Entropy: 1.0825, Epsilon: 0.010
2026-04-19 09:37:08 | INFO | Episode 2972 - Reward: -200.000, Length: 200, Loss: 16.5784, Entropy: 1.0803, Epsilon: 0.010
2026-04-19 09:37:08 | INFO | Episode 2973 - Reward: -200.000, Length: 200, Loss: 17.1447, Entropy: 1.0933, Epsilon: 0.010
2026-04-19 09:37:09 | INFO | Episode 2974 - Reward: -200.000, Length: 200, Loss: 13.9921, Entropy: 1.0888, Epsilon: 0.010
2026-04-19 09:37:09 | INFO | Episode 2975 - Reward: -200.000, Length: 200, Loss: 11.3132, Entropy: 1.0926, Epsilon: 0.010
2026-04-19 09:37:09 | INFO | Episode 2976 - Reward: -200.000, Length: 200, Loss: 26.6044, Entropy: 1.0379, Epsilon: 0.010
2026-04-19 09:37:10 | INFO | Episode 2977 - Reward: -200.000, Length: 200, Loss: 8.9978, Entropy: 1.0922, Epsilon: 0.010
2026-04-19 09:37:10 | INFO | Episode 2978 - Reward: -200.000, Length: 200, Loss: 14.4130, Entropy: 1.0871, Epsilon: 0.010
2026-04-19 09:37:10 | INFO | Episode 2979 - Reward: -200.000, Length: 200, Loss: 21.2340, Entropy: 1.0686, Epsilon: 0.010
2026-04-19 09:37:11 | INFO | Episode 2980 - Reward: -200.000, Length: 200, Loss: 17.6347, Entropy: 1.0824, Epsilon: 0.010
2026-04-19 09:37:11 | INFO | Episode 2981 - Reward: -200.000, Length: 200, Loss: 11.3473, Entropy: 1.0914, Epsilon: 0.010
2026-04-19 09:37:11 | INFO | Episode 2982 - Reward: -200.000, Length: 200, Loss: 14.5455, Entropy: 1.0879, Epsilon: 0.010
2026-04-19 09:37:12 | INFO | Episode 2983 - Reward: -200.000, Length: 200, Loss: 19.9101, Entropy: 1.0880, Epsilon: 0.010
2026-04-19 09:37:12 | INFO | Episode 2984 - Reward: -200.000, Length: 200, Loss: 19.1076, Entropy: 1.0627, Epsilon: 0.010
2026-04-19 09:37:12 | INFO | Episode 2985 - Reward: -200.000, Length: 200, Loss: 23.0503, Entropy: 1.0913, Epsilon: 0.010
2026-04-19 09:37:13 | INFO | Episode 2986 - Reward: -200.000, Length: 200, Loss: 11.0763, Entropy: 1.0776, Epsilon: 0.010
2026-04-19 09:37:13 | INFO | Episode 2987 - Reward: -200.000, Length: 200, Loss: 8.4631, Entropy: 1.0929, Epsilon: 0.010
2026-04-19 09:37:13 | INFO | Episode 2988 - Reward: -200.000, Length: 200, Loss: 25.3526, Entropy: 1.0678, Epsilon: 0.010
2026-04-19 09:37:14 | INFO | Episode 2989 - Reward: -200.000, Length: 200, Loss: 25.3739, Entropy: 1.0862, Epsilon: 0.010
2026-04-19 09:37:14 | INFO | Episode 2990 - Reward: -200.000, Length: 200, Loss: 14.5163, Entropy: 1.0780, Epsilon: 0.010
2026-04-19 09:37:14 | INFO | Episode 2991 - Reward: -200.000, Length: 200, Loss: 11.4743, Entropy: 1.0720, Epsilon: 0.010
2026-04-19 09:37:15 | INFO | Episode 2992 - Reward: -200.000, Length: 200, Loss: 13.9611, Entropy: 1.0914, Epsilon: 0.010
2026-04-19 09:37:15 | INFO | Episode 2993 - Reward: -200.000, Length: 200, Loss: 13.4880, Entropy: 1.0933, Epsilon: 0.010
2026-04-19 09:37:15 | INFO | Episode 2994 - Reward: -200.000, Length: 200, Loss: 11.4823, Entropy: 1.0888, Epsilon: 0.010
2026-04-19 09:37:16 | INFO | Episode 2995 - Reward: -200.000, Length: 200, Loss: 31.0898, Entropy: 1.0703, Epsilon: 0.010
2026-04-19 09:37:16 | INFO | Episode 2996 - Reward: -200.000, Length: 200, Loss: 16.2577, Entropy: 1.0847, Epsilon: 0.010
2026-04-19 09:37:17 | INFO | Episode 2997 - Reward: -200.000, Length: 200, Loss: 8.2746, Entropy: 1.0946, Epsilon: 0.010
2026-04-19 09:37:17 | INFO | Episode 2998 - Reward: -200.000, Length: 200, Loss: 8.3664, Entropy: 1.0939, Epsilon: 0.010
2026-04-19 09:37:17 | INFO | Episode 2999 - Reward: -200.000, Length: 200, Loss: 19.7958, Entropy: 1.0503, Epsilon: 0.010
2026-04-19 09:37:18 | INFO | Episode 3000 - Reward: -200.000, Length: 200, Loss: 8.0693, Entropy: 1.0947, Epsilon: 0.010
2026-04-19 09:37:22 | INFO | [Episode 3000] eps=0.010  avg_reward=-200.000  avg_length=200.00  avg_loss= 14.4094  avg_entropy=1.0947  eval_success=0.000
2026-04-19 09:37:23 | INFO | Episode 3001 - Reward: -200.000, Length: 200, Loss: 16.7296, Entropy: 1.0950, Epsilon: 0.010
2026-04-19 09:37:23 | INFO | Episode 3002 - Reward: -200.000, Length: 200, Loss: 2.4287, Entropy: 1.0945, Epsilon: 0.010
2026-04-19 09:37:23 | INFO | Episode 3003 - Reward: -200.000, Length: 200, Loss: 16.4047, Entropy: 1.0861, Epsilon: 0.010
2026-04-19 09:37:24 | INFO | Episode 3004 - Reward: -200.000, Length: 200, Loss: 16.9253, Entropy: 1.0911, Epsilon: 0.010
2026-04-19 09:37:24 | INFO | Episode 3005 - Reward: -200.000, Length: 200, Loss: 20.2117, Entropy: 1.0914, Epsilon: 0.010
2026-04-19 09:37:24 | INFO | Episode 3006 - Reward: -200.000, Length: 200, Loss: 10.8035, Entropy: 1.0914, Epsilon: 0.010
2026-04-19 09:37:25 | INFO | Episode 3007 - Reward: -200.000, Length: 200, Loss: 8.0215, Entropy: 1.0818, Epsilon: 0.010
2026-04-19 09:37:25 | INFO | Episode 3008 - Reward: -200.000, Length: 200, Loss: 11.7140, Entropy: 1.0831, Epsilon: 0.010
2026-04-19 09:37:25 | INFO | Episode 3009 - Reward: -200.000, Length: 200, Loss: 8.6728, Entropy: 1.0827, Epsilon: 0.010
2026-04-19 09:37:26 | INFO | Episode 3010 - Reward: -200.000, Length: 200, Loss: 16.6254, Entropy: 1.0889, Epsilon: 0.010
2026-04-19 09:37:26 | INFO | Episode 3011 - Reward: -200.000, Length: 200, Loss: 32.5706, Entropy: 1.0845, Epsilon: 0.010
2026-04-19 09:37:26 | INFO | Episode 3012 - Reward: -200.000, Length: 200, Loss: 19.1023, Entropy: 1.0887, Epsilon: 0.010
2026-04-19 09:37:27 | INFO | Episode 3013 - Reward: -200.000, Length: 200, Loss: 22.0367, Entropy: 1.0542, Epsilon: 0.010
2026-04-19 09:37:27 | INFO | Episode 3014 - Reward: -200.000, Length: 200, Loss: 8.6040, Entropy: 1.0815, Epsilon: 0.010
2026-04-19 09:37:27 | INFO | Episode 3015 - Reward: -200.000, Length: 200, Loss: 15.7844, Entropy: 1.0829, Epsilon: 0.010
2026-04-19 09:37:28 | INFO | Episode 3016 - Reward: -200.000, Length: 200, Loss: 10.8743, Entropy: 1.0870, Epsilon: 0.010
2026-04-19 09:37:28 | INFO | Episode 3017 - Reward: -200.000, Length: 200, Loss: 18.5591, Entropy: 1.0902, Epsilon: 0.010
2026-04-19 09:37:28 | INFO | Episode 3018 - Reward: -200.000, Length: 200, Loss: 2.6516, Entropy: 1.0966, Epsilon: 0.010
2026-04-19 09:37:29 | INFO | Episode 3019 - Reward: -200.000, Length: 200, Loss: 24.4996, Entropy: 1.0670, Epsilon: 0.010
2026-04-19 09:37:29 | INFO | Episode 3020 - Reward: -200.000, Length: 200, Loss: 10.6036, Entropy: 1.0924, Epsilon: 0.010
2026-04-19 09:37:29 | INFO | Episode 3021 - Reward: -200.000, Length: 200, Loss: 13.8673, Entropy: 1.0840, Epsilon: 0.010
2026-04-19 09:37:30 | INFO | Episode 3022 - Reward: -200.000, Length: 200, Loss: 14.0933, Entropy: 1.0801, Epsilon: 0.010
2026-04-19 09:37:30 | INFO | Episode 3023 - Reward: -200.000, Length: 200, Loss: 17.0247, Entropy: 1.0545, Epsilon: 0.010
2026-04-19 09:37:30 | INFO | Episode 3024 - Reward: -200.000, Length: 200, Loss: 24.4058, Entropy: 1.0834, Epsilon: 0.010
2026-04-19 09:37:31 | INFO | Episode 3025 - Reward: -200.000, Length: 200, Loss: 18.9988, Entropy: 1.0892, Epsilon: 0.010
2026-04-19 09:37:31 | INFO | Episode 3026 - Reward: -200.000, Length: 200, Loss: 5.3479, Entropy: 1.0921, Epsilon: 0.010
2026-04-19 09:37:31 | INFO | Episode 3027 - Reward: -200.000, Length: 200, Loss: 18.4462, Entropy: 1.0856, Epsilon: 0.010
2026-04-19 09:37:32 | INFO | Episode 3028 - Reward: -200.000, Length: 200, Loss: 19.1384, Entropy: 1.0866, Epsilon: 0.010
2026-04-19 09:37:32 | INFO | Episode 3029 - Reward: -200.000, Length: 200, Loss: 8.5380, Entropy: 1.0896, Epsilon: 0.010
2026-04-19 09:37:32 | INFO | Episode 3030 - Reward: -200.000, Length: 200, Loss: 10.5752, Entropy: 1.0930, Epsilon: 0.010
2026-04-19 09:37:33 | INFO | Episode 3031 - Reward: -200.000, Length: 200, Loss: 18.8499, Entropy: 1.0855, Epsilon: 0.010
2026-04-19 09:37:33 | INFO | Episode 3032 - Reward: -200.000, Length: 200, Loss: 10.2523, Entropy: 1.0900, Epsilon: 0.010
2026-04-19 09:37:33 | INFO | Episode 3033 - Reward: -200.000, Length: 200, Loss: 15.7440, Entropy: 1.0676, Epsilon: 0.010
2026-04-19 09:37:34 | INFO | Episode 3034 - Reward: -200.000, Length: 200, Loss: 13.4418, Entropy: 1.0841, Epsilon: 0.010
2026-04-19 09:37:36 | INFO | Episode 3035 - Reward: -200.000, Length: 200, Loss: 11.0927, Entropy: 1.0720, Epsilon: 0.010
2026-04-19 09:37:36 | INFO | Episode 3036 - Reward: -200.000, Length: 200, Loss: 20.0952, Entropy: 1.0734, Epsilon: 0.010
2026-04-19 09:37:36 | INFO | Episode 3037 - Reward: -200.000, Length: 200, Loss: 11.3595, Entropy: 1.0866, Epsilon: 0.010
2026-04-19 09:37:37 | INFO | Episode 3038 - Reward: -200.000, Length: 200, Loss: 10.9233, Entropy: 1.0877, Epsilon: 0.010
2026-04-19 09:37:37 | INFO | Episode 3039 - Reward: -200.000, Length: 200, Loss: 16.2264, Entropy: 1.0818, Epsilon: 0.010
2026-04-19 09:37:37 | INFO | Episode 3040 - Reward: -200.000, Length: 200, Loss: 14.3544, Entropy: 1.0859, Epsilon: 0.010
2026-04-19 09:37:38 | INFO | Episode 3041 - Reward: -200.000, Length: 200, Loss: 19.6314, Entropy: 1.0869, Epsilon: 0.010
2026-04-19 09:37:38 | INFO | Episode 3042 - Reward: -200.000, Length: 200, Loss: 8.7357, Entropy: 1.0920, Epsilon: 0.010
2026-04-19 09:37:38 | INFO | Episode 3043 - Reward: -200.000, Length: 200, Loss: 5.8438, Entropy: 1.0890, Epsilon: 0.010
2026-04-19 09:37:39 | INFO | Episode 3044 - Reward: -200.000, Length: 200, Loss: 16.2775, Entropy: 1.0586, Epsilon: 0.010
2026-04-19 09:37:39 | INFO | Episode 3045 - Reward: -200.000, Length: 200, Loss: 17.8851, Entropy: 1.0750, Epsilon: 0.010
2026-04-19 09:37:39 | INFO | Episode 3046 - Reward: -200.000, Length: 200, Loss: 11.2113, Entropy: 1.0900, Epsilon: 0.010
2026-04-19 09:37:40 | INFO | Episode 3047 - Reward: -200.000, Length: 200, Loss: 5.6892, Entropy: 1.0943, Epsilon: 0.010
2026-04-19 09:37:40 | INFO | Episode 3048 - Reward: -200.000, Length: 200, Loss: 5.6249, Entropy: 1.0946, Epsilon: 0.010
2026-04-19 09:37:40 | INFO | Episode 3049 - Reward: -200.000, Length: 200, Loss: 17.8156, Entropy: 1.0719, Epsilon: 0.010
2026-04-19 09:37:41 | INFO | Episode 3050 - Reward: -200.000, Length: 200, Loss: 22.7400, Entropy: 1.0875, Epsilon: 0.010
2026-04-19 09:37:41 | INFO | Episode 3051 - Reward: -200.000, Length: 200, Loss: 15.1445, Entropy: 1.0897, Epsilon: 0.010
2026-04-19 09:37:41 | INFO | Episode 3052 - Reward: -200.000, Length: 200, Loss: 18.5521, Entropy: 1.0759, Epsilon: 0.010
2026-04-19 09:37:42 | INFO | Episode 3053 - Reward: -200.000, Length: 200, Loss: 14.2812, Entropy: 1.0900, Epsilon: 0.010
2026-04-19 09:37:42 | INFO | Episode 3054 - Reward: -200.000, Length: 200, Loss: 14.6240, Entropy: 1.0857, Epsilon: 0.010
2026-04-19 09:37:42 | INFO | Episode 3055 - Reward: -200.000, Length: 200, Loss: 23.5164, Entropy: 1.0860, Epsilon: 0.010
2026-04-19 09:37:43 | INFO | Episode 3056 - Reward: -200.000, Length: 200, Loss: 17.5466, Entropy: 1.0812, Epsilon: 0.010
2026-04-19 09:37:43 | INFO | Episode 3057 - Reward: -200.000, Length: 200, Loss: 17.4706, Entropy: 1.0869, Epsilon: 0.010
2026-04-19 09:37:43 | INFO | Episode 3058 - Reward: -200.000, Length: 200, Loss: 8.5335, Entropy: 1.0938, Epsilon: 0.010
2026-04-19 09:37:44 | INFO | Episode 3059 - Reward: -200.000, Length: 200, Loss: 11.3455, Entropy: 1.0878, Epsilon: 0.010
2026-04-19 09:37:44 | INFO | Episode 3060 - Reward: -200.000, Length: 200, Loss: 20.5547, Entropy: 1.0866, Epsilon: 0.010
2026-04-19 09:37:44 | INFO | Episode 3061 - Reward: -200.000, Length: 200, Loss: 17.4526, Entropy: 1.0640, Epsilon: 0.010
2026-04-19 09:37:45 | INFO | Episode 3062 - Reward: -200.000, Length: 200, Loss: 17.1317, Entropy: 1.0898, Epsilon: 0.010
2026-04-19 09:37:45 | INFO | Episode 3063 - Reward: -200.000, Length: 200, Loss: 7.9433, Entropy: 1.0940, Epsilon: 0.010
2026-04-19 09:37:45 | INFO | Episode 3064 - Reward: -200.000, Length: 200, Loss: 5.5244, Entropy: 1.0925, Epsilon: 0.010
2026-04-19 09:37:46 | INFO | Episode 3065 - Reward: -200.000, Length: 200, Loss: 5.3322, Entropy: 1.0930, Epsilon: 0.010
2026-04-19 09:37:46 | INFO | Episode 3066 - Reward: -200.000, Length: 200, Loss: 22.1191, Entropy: 1.0795, Epsilon: 0.010
2026-04-19 09:37:46 | INFO | Episode 3067 - Reward: -200.000, Length: 200, Loss: 14.0967, Entropy: 1.0926, Epsilon: 0.010
2026-04-19 09:37:47 | INFO | Episode 3068 - Reward: -200.000, Length: 200, Loss: 19.9818, Entropy: 1.0845, Epsilon: 0.010
2026-04-19 09:37:47 | INFO | Episode 3069 - Reward: -200.000, Length: 200, Loss: 15.9026, Entropy: 1.0927, Epsilon: 0.010
2026-04-19 09:37:47 | INFO | Episode 3070 - Reward: -200.000, Length: 200, Loss: 27.0408, Entropy: 1.0624, Epsilon: 0.010
2026-04-19 09:37:48 | INFO | Episode 3071 - Reward: -200.000, Length: 200, Loss: 19.1478, Entropy: 1.0511, Epsilon: 0.010
2026-04-19 09:37:48 | INFO | Episode 3072 - Reward: -200.000, Length: 200, Loss: 10.6116, Entropy: 1.0810, Epsilon: 0.010
2026-04-19 09:37:48 | INFO | Episode 3073 - Reward: -200.000, Length: 200, Loss: 18.8395, Entropy: 1.0891, Epsilon: 0.010
2026-04-19 09:37:49 | INFO | Episode 3074 - Reward: -200.000, Length: 200, Loss: 7.6139, Entropy: 1.0847, Epsilon: 0.010
2026-04-19 09:37:49 | INFO | Episode 3075 - Reward: -200.000, Length: 200, Loss: 18.8936, Entropy: 1.0865, Epsilon: 0.010
2026-04-19 09:37:50 | INFO | Episode 3076 - Reward: -200.000, Length: 200, Loss: 7.9954, Entropy: 1.0920, Epsilon: 0.010
2026-04-19 09:37:50 | INFO | Episode 3077 - Reward: -200.000, Length: 200, Loss: 9.6612, Entropy: 1.0932, Epsilon: 0.010
2026-04-19 09:37:50 | INFO | Episode 3078 - Reward: -200.000, Length: 200, Loss: 20.2855, Entropy: 1.0794, Epsilon: 0.010
2026-04-19 09:37:51 | INFO | Episode 3079 - Reward: -200.000, Length: 200, Loss: 17.6294, Entropy: 1.0887, Epsilon: 0.010
2026-04-19 09:37:51 | INFO | Episode 3080 - Reward: -200.000, Length: 200, Loss: 17.5560, Entropy: 1.0838, Epsilon: 0.010
2026-04-19 09:37:51 | INFO | Episode 3081 - Reward: -200.000, Length: 200, Loss: 20.6024, Entropy: 1.0758, Epsilon: 0.010
2026-04-19 09:37:52 | INFO | Episode 3082 - Reward: -200.000, Length: 200, Loss: 20.4019, Entropy: 1.0796, Epsilon: 0.010
2026-04-19 09:37:52 | INFO | Episode 3083 - Reward: -200.000, Length: 200, Loss: 17.7585, Entropy: 1.0714, Epsilon: 0.010
2026-04-19 09:37:52 | INFO | Episode 3084 - Reward: -200.000, Length: 200, Loss: 16.8902, Entropy: 1.0868, Epsilon: 0.010
2026-04-19 09:37:53 | INFO | Episode 3085 - Reward: -200.000, Length: 200, Loss: 7.7511, Entropy: 1.0950, Epsilon: 0.010
2026-04-19 09:37:53 | INFO | Episode 3086 - Reward: -200.000, Length: 200, Loss: 4.7714, Entropy: 1.0943, Epsilon: 0.010
2026-04-19 09:37:53 | INFO | Episode 3087 - Reward: -200.000, Length: 200, Loss: 14.3438, Entropy: 1.0913, Epsilon: 0.010
2026-04-19 09:37:54 | INFO | Episode 3088 - Reward: -200.000, Length: 200, Loss: 10.1310, Entropy: 1.0844, Epsilon: 0.010
2026-04-19 09:37:54 | INFO | Episode 3089 - Reward: -200.000, Length: 200, Loss: 12.2991, Entropy: 1.0907, Epsilon: 0.010
2026-04-19 09:37:54 | INFO | Episode 3090 - Reward: -200.000, Length: 200, Loss: 22.8027, Entropy: 1.0927, Epsilon: 0.010
2026-04-19 09:37:55 | INFO | Episode 3091 - Reward: -200.000, Length: 200, Loss: 15.0813, Entropy: 1.0813, Epsilon: 0.010
2026-04-19 09:37:55 | INFO | Episode 3092 - Reward: -200.000, Length: 200, Loss: 15.5664, Entropy: 1.0892, Epsilon: 0.010
2026-04-19 09:37:55 | INFO | Episode 3093 - Reward: -200.000, Length: 200, Loss: 17.9022, Entropy: 1.0867, Epsilon: 0.010
2026-04-19 09:37:56 | INFO | Episode 3094 - Reward: -200.000, Length: 200, Loss: 21.3886, Entropy: 1.0959, Epsilon: 0.010
2026-04-19 09:37:56 | INFO | Episode 3095 - Reward: -200.000, Length: 200, Loss: 18.1535, Entropy: 1.0942, Epsilon: 0.010
2026-04-19 09:37:56 | INFO | Episode 3096 - Reward: -200.000, Length: 200, Loss: 10.6062, Entropy: 1.0968, Epsilon: 0.010
2026-04-19 09:37:57 | INFO | Episode 3097 - Reward: -200.000, Length: 200, Loss: 15.7310, Entropy: 1.0791, Epsilon: 0.010
2026-04-19 09:37:57 | INFO | Episode 3098 - Reward: -200.000, Length: 200, Loss: 5.1360, Entropy: 1.0930, Epsilon: 0.010
2026-04-19 09:37:57 | INFO | Episode 3099 - Reward: -200.000, Length: 200, Loss: 8.1711, Entropy: 1.0933, Epsilon: 0.010
2026-04-19 09:37:58 | INFO | Episode 3100 - Reward: -200.000, Length: 200, Loss: 13.1419, Entropy: 1.0942, Epsilon: 0.010
2026-04-19 09:38:03 | INFO | [Episode 3100] eps=0.010  avg_reward=-200.000  avg_length=200.00  avg_loss= 14.6901  avg_entropy=1.0942  eval_success=0.000
2026-04-19 09:38:03 | INFO | Episode 3101 - Reward: -200.000, Length: 200, Loss: 20.3517, Entropy: 1.0743, Epsilon: 0.010
2026-04-19 09:38:03 | INFO | Episode 3102 - Reward: -200.000, Length: 200, Loss: 17.9272, Entropy: 1.0906, Epsilon: 0.010
2026-04-19 09:38:04 | INFO | Episode 3103 - Reward: -200.000, Length: 200, Loss: 7.8142, Entropy: 1.0961, Epsilon: 0.010
2026-04-19 09:38:04 | INFO | Episode 3104 - Reward: -200.000, Length: 200, Loss: 10.7472, Entropy: 1.0936, Epsilon: 0.010
2026-04-19 09:38:04 | INFO | Episode 3105 - Reward: -200.000, Length: 200, Loss: 9.8882, Entropy: 1.0868, Epsilon: 0.010
2026-04-19 09:38:05 | INFO | Episode 3106 - Reward: -200.000, Length: 200, Loss: 10.5988, Entropy: 1.0930, Epsilon: 0.010
2026-04-19 09:38:05 | INFO | Episode 3107 - Reward: -200.000, Length: 200, Loss: 8.1678, Entropy: 1.0945, Epsilon: 0.010
2026-04-19 09:38:05 | INFO | Episode 3108 - Reward: -200.000, Length: 200, Loss: 16.5241, Entropy: 1.0909, Epsilon: 0.010
2026-04-19 09:38:06 | INFO | Episode 3109 - Reward: -200.000, Length: 200, Loss: 13.6431, Entropy: 1.0603, Epsilon: 0.010
2026-04-19 09:38:06 | INFO | Episode 3110 - Reward: -200.000, Length: 200, Loss: 10.6989, Entropy: 1.0933, Epsilon: 0.010
2026-04-19 09:38:06 | INFO | Episode 3111 - Reward: -200.000, Length: 200, Loss: 16.7730, Entropy: 1.0947, Epsilon: 0.010
2026-04-19 09:38:07 | INFO | Episode 3112 - Reward: -200.000, Length: 200, Loss: 8.7674, Entropy: 1.0874, Epsilon: 0.010
2026-04-19 09:38:07 | INFO | Episode 3113 - Reward: -200.000, Length: 200, Loss: 8.1427, Entropy: 1.0897, Epsilon: 0.010
2026-04-19 09:38:07 | INFO | Episode 3114 - Reward: -200.000, Length: 200, Loss: 16.1139, Entropy: 1.0823, Epsilon: 0.010
2026-04-19 09:38:08 | INFO | Episode 3115 - Reward: -200.000, Length: 200, Loss: 8.0851, Entropy: 1.0933, Epsilon: 0.010
2026-04-19 09:38:08 | INFO | Episode 3116 - Reward: -200.000, Length: 200, Loss: 17.3839, Entropy: 1.0886, Epsilon: 0.010
2026-04-19 09:38:08 | INFO | Episode 3117 - Reward: -200.000, Length: 200, Loss: 15.7934, Entropy: 1.0685, Epsilon: 0.010
2026-04-19 09:38:09 | INFO | Episode 3118 - Reward: -200.000, Length: 200, Loss: 17.7470, Entropy: 1.0785, Epsilon: 0.010
2026-04-19 09:38:09 | INFO | Episode 3119 - Reward: -200.000, Length: 200, Loss: 31.2140, Entropy: 1.0490, Epsilon: 0.010
2026-04-19 09:38:09 | INFO | Episode 3120 - Reward: -200.000, Length: 200, Loss: 17.0821, Entropy: 1.0813, Epsilon: 0.010
2026-04-19 09:38:10 | INFO | Episode 3121 - Reward: -200.000, Length: 200, Loss: 23.2294, Entropy: 1.0367, Epsilon: 0.010
2026-04-19 09:38:10 | INFO | Episode 3122 - Reward: -200.000, Length: 200, Loss: 16.8267, Entropy: 1.0805, Epsilon: 0.010
2026-04-19 09:38:10 | INFO | Episode 3123 - Reward: -200.000, Length: 200, Loss: 16.8915, Entropy: 1.0884, Epsilon: 0.010
2026-04-19 09:38:11 | INFO | Episode 3124 - Reward: -200.000, Length: 200, Loss: 13.6159, Entropy: 1.0938, Epsilon: 0.010
2026-04-19 09:38:11 | INFO | Episode 3125 - Reward: -200.000, Length: 200, Loss: 14.3446, Entropy: 1.0871, Epsilon: 0.010
2026-04-19 09:38:11 | INFO | Episode 3126 - Reward: -200.000, Length: 200, Loss: 16.8257, Entropy: 1.0467, Epsilon: 0.010
2026-04-19 09:38:12 | INFO | Episode 3127 - Reward: -200.000, Length: 200, Loss: 13.9367, Entropy: 1.0781, Epsilon: 0.010
2026-04-19 09:38:12 | INFO | Episode 3128 - Reward: -200.000, Length: 200, Loss: 11.1286, Entropy: 1.0932, Epsilon: 0.010
2026-04-19 09:38:12 | INFO | Episode 3129 - Reward: -200.000, Length: 200, Loss: 19.0559, Entropy: 1.0772, Epsilon: 0.010
2026-04-19 09:38:13 | INFO | Episode 3130 - Reward: -200.000, Length: 200, Loss: 16.8345, Entropy: 1.0777, Epsilon: 0.010
2026-04-19 09:38:13 | INFO | Episode 3131 - Reward: -200.000, Length: 200, Loss: 2.9367, Entropy: 1.0943, Epsilon: 0.010
2026-04-19 09:38:13 | INFO | Episode 3132 - Reward: -200.000, Length: 200, Loss: 5.6811, Entropy: 1.0943, Epsilon: 0.010
2026-04-19 09:38:14 | INFO | Episode 3133 - Reward: -200.000, Length: 200, Loss: 2.4520, Entropy: 1.0972, Epsilon: 0.010
2026-04-19 09:38:14 | INFO | Episode 3134 - Reward: -200.000, Length: 200, Loss: 17.0448, Entropy: 1.0923, Epsilon: 0.010
2026-04-19 09:38:14 | INFO | Episode 3135 - Reward: -200.000, Length: 200, Loss: 20.2114, Entropy: 1.0928, Epsilon: 0.010
2026-04-19 09:38:15 | INFO | Episode 3136 - Reward: -200.000, Length: 200, Loss: 16.7513, Entropy: 1.0810, Epsilon: 0.010
2026-04-19 09:38:15 | INFO | Episode 3137 - Reward: -200.000, Length: 200, Loss: 11.4397, Entropy: 1.0910, Epsilon: 0.010
2026-04-19 09:38:15 | INFO | Episode 3138 - Reward: -200.000, Length: 200, Loss: 19.9371, Entropy: 1.0881, Epsilon: 0.010
2026-04-19 09:38:16 | INFO | Episode 3139 - Reward: -200.000, Length: 200, Loss: 11.9219, Entropy: 1.0822, Epsilon: 0.010
2026-04-19 09:38:16 | INFO | Episode 3140 - Reward: -200.000, Length: 200, Loss: 6.0462, Entropy: 1.0816, Epsilon: 0.010
2026-04-19 09:38:16 | INFO | Episode 3141 - Reward: -200.000, Length: 200, Loss: 17.3008, Entropy: 1.0815, Epsilon: 0.010
2026-04-19 09:38:17 | INFO | Episode 3142 - Reward: -200.000, Length: 200, Loss: 5.7497, Entropy: 1.0892, Epsilon: 0.010
2026-04-19 09:38:17 | INFO | Episode 3143 - Reward: -200.000, Length: 200, Loss: 11.2346, Entropy: 1.0900, Epsilon: 0.010
2026-04-19 09:38:17 | INFO | Episode 3144 - Reward: -200.000, Length: 200, Loss: 8.4517, Entropy: 1.0856, Epsilon: 0.010
2026-04-19 09:38:18 | INFO | Episode 3145 - Reward: -200.000, Length: 200, Loss: 10.9454, Entropy: 1.0900, Epsilon: 0.010
2026-04-19 09:38:18 | INFO | Episode 3146 - Reward: -200.000, Length: 200, Loss: 27.6867, Entropy: 1.0653, Epsilon: 0.010
2026-04-19 09:38:18 | INFO | Episode 3147 - Reward: -200.000, Length: 200, Loss: 23.1001, Entropy: 1.0872, Epsilon: 0.010
2026-04-19 09:38:19 | INFO | Episode 3148 - Reward: -200.000, Length: 200, Loss: 14.1808, Entropy: 1.0864, Epsilon: 0.010
2026-04-19 09:38:19 | INFO | Episode 3149 - Reward: -200.000, Length: 200, Loss: 22.5029, Entropy: 1.0857, Epsilon: 0.010
2026-04-19 09:38:20 | INFO | Episode 3150 - Reward: -200.000, Length: 200, Loss: 25.9654, Entropy: 1.0774, Epsilon: 0.010
2026-04-19 09:38:20 | INFO | Episode 3151 - Reward: -200.000, Length: 200, Loss: 2.9578, Entropy: 1.0942, Epsilon: 0.010
2026-04-19 09:38:20 | INFO | Episode 3152 - Reward: -200.000, Length: 200, Loss: 8.4370, Entropy: 1.0907, Epsilon: 0.010
2026-04-19 09:38:21 | INFO | Episode 3153 - Reward: -200.000, Length: 200, Loss: 16.7514, Entropy: 1.0830, Epsilon: 0.010
2026-04-19 09:38:21 | INFO | Episode 3154 - Reward: -200.000, Length: 200, Loss: 11.7491, Entropy: 1.0937, Epsilon: 0.010
2026-04-19 09:38:21 | INFO | Episode 3155 - Reward: -200.000, Length: 200, Loss: 23.4810, Entropy: 1.0630, Epsilon: 0.010
2026-04-19 09:38:22 | INFO | Episode 3156 - Reward: -200.000, Length: 200, Loss: 20.5097, Entropy: 1.0870, Epsilon: 0.010
2026-04-19 09:38:22 | INFO | Episode 3157 - Reward: -200.000, Length: 200, Loss: 11.4669, Entropy: 1.0890, Epsilon: 0.010
2026-04-19 09:38:22 | INFO | Episode 3158 - Reward: -200.000, Length: 200, Loss: 17.4059, Entropy: 1.0880, Epsilon: 0.010
2026-04-19 09:38:23 | INFO | Episode 3159 - Reward: -200.000, Length: 200, Loss: 5.7053, Entropy: 1.0905, Epsilon: 0.010
2026-04-19 09:38:23 | INFO | Episode 3160 - Reward: -200.000, Length: 200, Loss: 8.5717, Entropy: 1.0910, Epsilon: 0.010
2026-04-19 09:38:23 | INFO | Episode 3161 - Reward: -200.000, Length: 200, Loss: 13.8012, Entropy: 1.0954, Epsilon: 0.010
2026-04-19 09:38:24 | INFO | Episode 3162 - Reward: -200.000, Length: 200, Loss: 5.4064, Entropy: 1.0972, Epsilon: 0.010
2026-04-19 09:38:24 | INFO | Episode 3163 - Reward: -200.000, Length: 200, Loss: 22.8757, Entropy: 1.0688, Epsilon: 0.010
2026-04-19 09:38:24 | INFO | Episode 3164 - Reward: -200.000, Length: 200, Loss: 13.5613, Entropy: 1.0896, Epsilon: 0.010
2026-04-19 09:38:25 | INFO | Episode 3165 - Reward: -200.000, Length: 200, Loss: 22.2537, Entropy: 1.0902, Epsilon: 0.010
2026-04-19 09:38:25 | INFO | Episode 3166 - Reward: -200.000, Length: 200, Loss: 8.6083, Entropy: 1.0902, Epsilon: 0.010
2026-04-19 09:38:25 | INFO | Episode 3167 - Reward: -200.000, Length: 200, Loss: 10.7583, Entropy: 1.0927, Epsilon: 0.010
2026-04-19 09:38:26 | INFO | Episode 3168 - Reward: -200.000, Length: 200, Loss: 8.5285, Entropy: 1.0915, Epsilon: 0.010
2026-04-19 09:38:26 | INFO | Episode 3169 - Reward: -200.000, Length: 200, Loss: 20.6334, Entropy: 1.0409, Epsilon: 0.010
2026-04-19 09:38:26 | INFO | Episode 3170 - Reward: -200.000, Length: 200, Loss: 22.6168, Entropy: 1.0839, Epsilon: 0.010
2026-04-19 09:38:27 | INFO | Episode 3171 - Reward: -200.000, Length: 200, Loss: 17.1210, Entropy: 1.0881, Epsilon: 0.010
2026-04-19 09:38:27 | INFO | Episode 3172 - Reward: -200.000, Length: 200, Loss: 11.1208, Entropy: 1.0928, Epsilon: 0.010
2026-04-19 09:38:27 | INFO | Episode 3173 - Reward: -200.000, Length: 200, Loss: 19.4076, Entropy: 1.0906, Epsilon: 0.010
2026-04-19 09:38:28 | INFO | Episode 3174 - Reward: -200.000, Length: 200, Loss: 14.4459, Entropy: 1.0830, Epsilon: 0.010
2026-04-19 09:38:28 | INFO | Episode 3175 - Reward: -200.000, Length: 200, Loss: 8.6746, Entropy: 1.0933, Epsilon: 0.010
2026-04-19 09:38:28 | INFO | Episode 3176 - Reward: -200.000, Length: 200, Loss: 23.1422, Entropy: 1.0841, Epsilon: 0.010
2026-04-19 09:38:29 | INFO | Episode 3177 - Reward: -200.000, Length: 200, Loss: 12.0506, Entropy: 1.0818, Epsilon: 0.010
2026-04-19 09:38:29 | INFO | Episode 3178 - Reward: -200.000, Length: 200, Loss: 16.7691, Entropy: 1.0833, Epsilon: 0.010
2026-04-19 09:38:29 | INFO | Episode 3179 - Reward: -200.000, Length: 200, Loss: 23.3497, Entropy: 1.0696, Epsilon: 0.010
2026-04-19 09:38:30 | INFO | Episode 3180 - Reward: -200.000, Length: 200, Loss: 13.6017, Entropy: 1.0859, Epsilon: 0.010
2026-04-19 09:38:30 | INFO | Episode 3181 - Reward: -200.000, Length: 200, Loss: 2.7676, Entropy: 1.0948, Epsilon: 0.010
2026-04-19 09:38:31 | INFO | Episode 3182 - Reward: -200.000, Length: 200, Loss: 14.5454, Entropy: 1.0946, Epsilon: 0.010
2026-04-19 09:38:31 | INFO | Episode 3183 - Reward: -200.000, Length: 200, Loss: 29.5038, Entropy: 1.0614, Epsilon: 0.010
2026-04-19 09:38:31 | INFO | Episode 3184 - Reward: -200.000, Length: 200, Loss: 26.5124, Entropy: 1.0677, Epsilon: 0.010
2026-04-19 09:38:32 | INFO | Episode 3185 - Reward: -200.000, Length: 200, Loss: 10.8541, Entropy: 1.0876, Epsilon: 0.010
2026-04-19 09:38:32 | INFO | Episode 3186 - Reward: -200.000, Length: 200, Loss: 5.0891, Entropy: 1.0848, Epsilon: 0.010
2026-04-19 09:38:32 | INFO | Episode 3187 - Reward: -200.000, Length: 200, Loss: 8.1069, Entropy: 1.0893, Epsilon: 0.010
2026-04-19 09:38:33 | INFO | Episode 3188 - Reward: -200.000, Length: 200, Loss: 11.4859, Entropy: 1.0885, Epsilon: 0.010
2026-04-19 09:38:33 | INFO | Episode 3189 - Reward: -200.000, Length: 200, Loss: 10.3743, Entropy: 1.0899, Epsilon: 0.010
2026-04-19 09:38:33 | INFO | Episode 3190 - Reward: -200.000, Length: 200, Loss: 8.5937, Entropy: 1.0842, Epsilon: 0.010
2026-04-19 09:38:34 | INFO | Episode 3191 - Reward: -200.000, Length: 200, Loss: 23.3450, Entropy: 1.0677, Epsilon: 0.010
2026-04-19 09:38:34 | INFO | Episode 3192 - Reward: -200.000, Length: 200, Loss: 20.1412, Entropy: 1.0888, Epsilon: 0.010
2026-04-19 09:38:34 | INFO | Episode 3193 - Reward: -200.000, Length: 200, Loss: 2.6512, Entropy: 1.0891, Epsilon: 0.010
2026-04-19 09:38:35 | INFO | Episode 3194 - Reward: -200.000, Length: 200, Loss: 16.9524, Entropy: 1.0950, Epsilon: 0.010
2026-04-19 09:38:35 | INFO | Episode 3195 - Reward: -200.000, Length: 200, Loss: 15.0418, Entropy: 1.0886, Epsilon: 0.010
2026-04-19 09:38:35 | INFO | Episode 3196 - Reward: -200.000, Length: 200, Loss: 22.9681, Entropy: 1.0823, Epsilon: 0.010
2026-04-19 09:38:36 | INFO | Episode 3197 - Reward: -200.000, Length: 200, Loss: 8.2035, Entropy: 1.0941, Epsilon: 0.010
2026-04-19 09:38:36 | INFO | Episode 3198 - Reward: -200.000, Length: 200, Loss: 22.6418, Entropy: 1.0934, Epsilon: 0.010
2026-04-19 09:38:36 | INFO | Episode 3199 - Reward: -200.000, Length: 200, Loss: 9.0838, Entropy: 1.0814, Epsilon: 0.010
2026-04-19 09:38:37 | INFO | Episode 3200 - Reward: -200.000, Length: 200, Loss: 8.5738, Entropy: 1.0889, Epsilon: 0.010
2026-04-19 09:38:41 | INFO | [Episode 3200] eps=0.010  avg_reward=-200.000  avg_length=200.00  avg_loss= 14.4089  avg_entropy=1.0889  eval_success=0.000
2026-04-19 09:38:42 | INFO | Episode 3201 - Reward: -200.000, Length: 200, Loss: 11.4548, Entropy: 1.0905, Epsilon: 0.010
2026-04-19 09:38:42 | INFO | Episode 3202 - Reward: -200.000, Length: 200, Loss: 11.3465, Entropy: 1.0929, Epsilon: 0.010
2026-04-19 09:38:42 | INFO | Episode 3203 - Reward: -200.000, Length: 200, Loss: 5.6752, Entropy: 1.0933, Epsilon: 0.010
2026-04-19 09:38:43 | INFO | Episode 3204 - Reward: -200.000, Length: 200, Loss: 14.0169, Entropy: 1.0893, Epsilon: 0.010
2026-04-19 09:38:43 | INFO | Episode 3205 - Reward: -200.000, Length: 200, Loss: 11.9237, Entropy: 1.0711, Epsilon: 0.010
2026-04-19 09:38:43 | INFO | Episode 3206 - Reward: -200.000, Length: 200, Loss: 2.5317, Entropy: 1.0963, Epsilon: 0.010
2026-04-19 09:38:44 | INFO | Episode 3207 - Reward: -200.000, Length: 200, Loss: 11.4334, Entropy: 1.0835, Epsilon: 0.010
2026-04-19 09:38:44 | INFO | Episode 3208 - Reward: -200.000, Length: 200, Loss: 5.5185, Entropy: 1.0879, Epsilon: 0.010
2026-04-19 09:38:44 | INFO | Episode 3209 - Reward: -200.000, Length: 200, Loss: 13.8656, Entropy: 1.0884, Epsilon: 0.010
2026-04-19 09:38:45 | INFO | Episode 3210 - Reward: -200.000, Length: 200, Loss: 22.7637, Entropy: 1.0882, Epsilon: 0.010
2026-04-19 09:38:45 | INFO | Episode 3211 - Reward: -200.000, Length: 200, Loss: 5.0205, Entropy: 1.0947, Epsilon: 0.010
2026-04-19 09:38:45 | INFO | Episode 3212 - Reward: -200.000, Length: 200, Loss: 30.2475, Entropy: 1.0936, Epsilon: 0.010
2026-04-19 09:38:46 | INFO | Episode 3213 - Reward: -200.000, Length: 200, Loss: 14.5493, Entropy: 1.0876, Epsilon: 0.010
2026-04-19 09:38:46 | INFO | Episode 3214 - Reward: -200.000, Length: 200, Loss: 14.2893, Entropy: 1.0757, Epsilon: 0.010
2026-04-19 09:38:46 | INFO | Episode 3215 - Reward: -200.000, Length: 200, Loss: 16.6281, Entropy: 1.0910, Epsilon: 0.010
2026-04-19 09:38:47 | INFO | Episode 3216 - Reward: -200.000, Length: 200, Loss: 2.6286, Entropy: 1.0951, Epsilon: 0.010
2026-04-19 09:38:47 | INFO | Episode 3217 - Reward: -200.000, Length: 200, Loss: 16.9759, Entropy: 1.0833, Epsilon: 0.010
2026-04-19 09:38:47 | INFO | Episode 3218 - Reward: -200.000, Length: 200, Loss: 22.1407, Entropy: 1.0790, Epsilon: 0.010
2026-04-19 09:38:48 | INFO | Episode 3219 - Reward: -200.000, Length: 200, Loss: 5.5143, Entropy: 1.0870, Epsilon: 0.010
2026-04-19 09:38:48 | INFO | Episode 3220 - Reward: -200.000, Length: 200, Loss: 5.0157, Entropy: 1.0950, Epsilon: 0.010
2026-04-19 09:38:48 | INFO | Episode 3221 - Reward: -200.000, Length: 200, Loss: 13.9484, Entropy: 1.0783, Epsilon: 0.010
2026-04-19 09:38:49 | INFO | Episode 3222 - Reward: -200.000, Length: 200, Loss: 14.1759, Entropy: 1.0860, Epsilon: 0.010
2026-04-19 09:38:49 | INFO | Episode 3223 - Reward: -200.000, Length: 200, Loss: 11.0434, Entropy: 1.0816, Epsilon: 0.010
2026-04-19 09:38:49 | INFO | Episode 3224 - Reward: -200.000, Length: 200, Loss: 5.2399, Entropy: 1.0861, Epsilon: 0.010
2026-04-19 09:38:50 | INFO | Episode 3225 - Reward: -200.000, Length: 200, Loss: 8.2367, Entropy: 1.0899, Epsilon: 0.010
2026-04-19 09:38:50 | INFO | Episode 3226 - Reward: -200.000, Length: 200, Loss: 10.8296, Entropy: 1.0926, Epsilon: 0.010
2026-04-19 09:38:51 | INFO | Episode 3227 - Reward: -200.000, Length: 200, Loss: 13.0896, Entropy: 1.0880, Epsilon: 0.010
2026-04-19 09:38:51 | INFO | Episode 3228 - Reward: -200.000, Length: 200, Loss: 15.8888, Entropy: 1.0925, Epsilon: 0.010
2026-04-19 09:38:51 | INFO | Episode 3229 - Reward: -200.000, Length: 200, Loss: 16.3135, Entropy: 1.0868, Epsilon: 0.010
2026-04-19 09:38:52 | INFO | Episode 3230 - Reward: -200.000, Length: 200, Loss: 10.3441, Entropy: 1.0772, Epsilon: 0.010
2026-04-19 09:38:52 | INFO | Episode 3231 - Reward: -200.000, Length: 200, Loss: 10.8430, Entropy: 1.0883, Epsilon: 0.010
2026-04-19 09:38:52 | INFO | Episode 3232 - Reward: -200.000, Length: 200, Loss: 5.4365, Entropy: 1.0942, Epsilon: 0.010
2026-04-19 09:38:53 | INFO | Episode 3233 - Reward: -200.000, Length: 200, Loss: 22.5569, Entropy: 1.0900, Epsilon: 0.010
2026-04-19 09:38:53 | INFO | Episode 3234 - Reward: -200.000, Length: 200, Loss: 13.7760, Entropy: 1.0910, Epsilon: 0.010
2026-04-19 09:38:53 | INFO | Episode 3235 - Reward: -200.000, Length: 200, Loss: 21.8099, Entropy: 1.0873, Epsilon: 0.010
2026-04-19 09:38:54 | INFO | Episode 3236 - Reward: -200.000, Length: 200, Loss: 7.3964, Entropy: 1.0941, Epsilon: 0.010
2026-04-19 09:38:54 | INFO | Episode 3237 - Reward: -200.000, Length: 200, Loss: 18.2639, Entropy: 1.0833, Epsilon: 0.010
2026-04-19 09:38:54 | INFO | Episode 3238 - Reward: -200.000, Length: 200, Loss: 26.3904, Entropy: 1.0696, Epsilon: 0.010
2026-04-19 09:38:55 | INFO | Episode 3239 - Reward: -200.000, Length: 200, Loss: 9.9747, Entropy: 1.0894, Epsilon: 0.010
2026-04-19 09:38:55 | INFO | Episode 3240 - Reward: -200.000, Length: 200, Loss: 13.6832, Entropy: 1.0704, Epsilon: 0.010
2026-04-19 09:38:55 | INFO | Episode 3241 - Reward: -200.000, Length: 200, Loss: 9.7708, Entropy: 1.0906, Epsilon: 0.010
2026-04-19 09:38:56 | INFO | Episode 3242 - Reward: -200.000, Length: 200, Loss: 4.7673, Entropy: 1.0953, Epsilon: 0.010
2026-04-19 09:38:56 | INFO | Episode 3243 - Reward: -200.000, Length: 200, Loss: 9.7274, Entropy: 1.0884, Epsilon: 0.010
2026-04-19 09:38:56 | INFO | Episode 3244 - Reward: -200.000, Length: 200, Loss: 10.4661, Entropy: 1.0924, Epsilon: 0.010
2026-04-19 09:38:57 | INFO | Episode 3245 - Reward: -200.000, Length: 200, Loss: 16.3249, Entropy: 1.0816, Epsilon: 0.010
2026-04-19 09:38:57 | INFO | Episode 3246 - Reward: -200.000, Length: 200, Loss: 12.8694, Entropy: 1.0863, Epsilon: 0.010
2026-04-19 09:38:57 | INFO | Episode 3247 - Reward: -200.000, Length: 200, Loss: 16.2902, Entropy: 1.0907, Epsilon: 0.010
2026-04-19 09:38:58 | INFO | Episode 3248 - Reward: -200.000, Length: 200, Loss: 17.5505, Entropy: 1.0771, Epsilon: 0.010
2026-04-19 09:38:58 | INFO | Episode 3249 - Reward: -200.000, Length: 200, Loss: 2.1765, Entropy: 1.0883, Epsilon: 0.010
2026-04-19 09:38:58 | INFO | Episode 3250 - Reward: -200.000, Length: 200, Loss: 12.0048, Entropy: 1.0782, Epsilon: 0.010
2026-04-19 09:38:59 | INFO | Episode 3251 - Reward: -200.000, Length: 200, Loss: 12.2591, Entropy: 1.0886, Epsilon: 0.010
2026-04-19 09:38:59 | INFO | Episode 3252 - Reward: -200.000, Length: 200, Loss: 10.2220, Entropy: 1.0929, Epsilon: 0.010
2026-04-19 09:38:59 | INFO | Episode 3253 - Reward: -200.000, Length: 200, Loss: 15.3997, Entropy: 1.0891, Epsilon: 0.010
2026-04-19 09:39:00 | INFO | Episode 3254 - Reward: -200.000, Length: 200, Loss: 9.4611, Entropy: 1.0917, Epsilon: 0.010
2026-04-19 09:39:00 | INFO | Episode 3255 - Reward: -200.000, Length: 200, Loss: 19.6240, Entropy: 1.0872, Epsilon: 0.010
2026-04-19 09:39:00 | INFO | Episode 3256 - Reward: -200.000, Length: 200, Loss: 8.7387, Entropy: 1.0810, Epsilon: 0.010
2026-04-19 09:39:01 | INFO | Episode 3257 - Reward: -200.000, Length: 200, Loss: 11.6477, Entropy: 1.0869, Epsilon: 0.010
2026-04-19 09:39:01 | INFO | Episode 3258 - Reward: -200.000, Length: 200, Loss: 35.1521, Entropy: 1.0801, Epsilon: 0.010
2026-04-19 09:39:02 | INFO | Episode 3259 - Reward: -200.000, Length: 200, Loss: 7.2543, Entropy: 1.0968, Epsilon: 0.010
2026-04-19 09:39:02 | INFO | Episode 3260 - Reward: -200.000, Length: 200, Loss: 16.8642, Entropy: 1.0893, Epsilon: 0.010
2026-04-19 09:39:02 | INFO | Episode 3261 - Reward: -200.000, Length: 200, Loss: 2.2095, Entropy: 1.0937, Epsilon: 0.010
2026-04-19 09:39:03 | INFO | Episode 3262 - Reward: -200.000, Length: 200, Loss: 4.7444, Entropy: 1.0962, Epsilon: 0.010
2026-04-19 09:39:03 | INFO | Episode 3263 - Reward: -200.000, Length: 200, Loss: 6.9246, Entropy: 1.0958, Epsilon: 0.010
2026-04-19 09:39:03 | INFO | Episode 3264 - Reward: -200.000, Length: 200, Loss: 4.7589, Entropy: 1.0960, Epsilon: 0.010
2026-04-19 09:39:04 | INFO | Episode 3265 - Reward: -200.000, Length: 200, Loss: 4.6012, Entropy: 1.0922, Epsilon: 0.010
2026-04-19 09:39:04 | INFO | Episode 3266 - Reward: -200.000, Length: 200, Loss: 14.5647, Entropy: 1.0873, Epsilon: 0.010
2026-04-19 09:39:04 | INFO | Episode 3267 - Reward: -200.000, Length: 200, Loss: 4.4488, Entropy: 1.0958, Epsilon: 0.010
2026-04-19 09:39:05 | INFO | Episode 3268 - Reward: -200.000, Length: 200, Loss: 16.9890, Entropy: 1.0901, Epsilon: 0.010
2026-04-19 09:39:05 | INFO | Episode 3269 - Reward: -200.000, Length: 200, Loss: 4.5340, Entropy: 1.0944, Epsilon: 0.010
2026-04-19 09:39:05 | INFO | Episode 3270 - Reward: -200.000, Length: 200, Loss: 13.3090, Entropy: 1.0942, Epsilon: 0.010
2026-04-19 09:39:06 | INFO | Episode 3271 - Reward: -200.000, Length: 200, Loss: 16.1278, Entropy: 1.0866, Epsilon: 0.010
2026-04-19 09:39:06 | INFO | Episode 3272 - Reward: -200.000, Length: 200, Loss: 6.9695, Entropy: 1.0966, Epsilon: 0.010
2026-04-19 09:39:06 | INFO | Episode 3273 - Reward: -200.000, Length: 200, Loss: 6.9888, Entropy: 1.0956, Epsilon: 0.010
2026-04-19 09:39:07 | INFO | Episode 3274 - Reward: -200.000, Length: 200, Loss: 16.7830, Entropy: 1.0946, Epsilon: 0.010
2026-04-19 09:39:07 | INFO | Episode 3275 - Reward: -200.000, Length: 200, Loss: 13.7326, Entropy: 1.0907, Epsilon: 0.010
2026-04-19 09:39:07 | INFO | Episode 3276 - Reward: -200.000, Length: 200, Loss: 11.5341, Entropy: 1.0894, Epsilon: 0.010
2026-04-19 09:39:08 | INFO | Episode 3277 - Reward: -200.000, Length: 200, Loss: 15.0146, Entropy: 1.0873, Epsilon: 0.010
2026-04-19 09:39:08 | INFO | Episode 3278 - Reward: -200.000, Length: 200, Loss: 4.1560, Entropy: 1.0900, Epsilon: 0.010
2026-04-19 09:39:08 | INFO | Episode 3279 - Reward: -200.000, Length: 200, Loss: 16.4630, Entropy: 1.0915, Epsilon: 0.010
2026-04-19 09:39:09 | INFO | Episode 3280 - Reward: -200.000, Length: 200, Loss: 9.2603, Entropy: 1.0942, Epsilon: 0.010
2026-04-19 09:39:09 | INFO | Episode 3281 - Reward: -200.000, Length: 200, Loss: 17.7114, Entropy: 1.0748, Epsilon: 0.010
2026-04-19 09:39:09 | INFO | Episode 3282 - Reward: -200.000, Length: 200, Loss: 9.8371, Entropy: 1.0899, Epsilon: 0.010
2026-04-19 09:39:10 | INFO | Episode 3283 - Reward: -200.000, Length: 200, Loss: 17.3191, Entropy: 1.0940, Epsilon: 0.010
2026-04-19 09:39:10 | INFO | Episode 3284 - Reward: -200.000, Length: 200, Loss: 21.5823, Entropy: 1.0890, Epsilon: 0.010
2026-04-19 09:39:10 | INFO | Episode 3285 - Reward: -200.000, Length: 200, Loss: 16.4753, Entropy: 1.0891, Epsilon: 0.010
2026-04-19 09:39:11 | INFO | Episode 3286 - Reward: -200.000, Length: 200, Loss: 14.6794, Entropy: 1.0926, Epsilon: 0.010
2026-04-19 09:39:11 | INFO | Episode 3287 - Reward: -200.000, Length: 200, Loss: 12.0817, Entropy: 1.0919, Epsilon: 0.010
2026-04-19 09:39:11 | INFO | Episode 3288 - Reward: -200.000, Length: 200, Loss: 17.9893, Entropy: 1.0905, Epsilon: 0.010
2026-04-19 09:39:12 | INFO | Episode 3289 - Reward: -200.000, Length: 200, Loss: 12.3276, Entropy: 1.0833, Epsilon: 0.010
2026-04-19 09:39:12 | INFO | Episode 3290 - Reward: -200.000, Length: 200, Loss: 15.5233, Entropy: 1.0834, Epsilon: 0.010
2026-04-19 09:39:12 | INFO | Episode 3291 - Reward: -200.000, Length: 200, Loss: 17.8212, Entropy: 1.0914, Epsilon: 0.010
2026-04-19 09:39:13 | INFO | Episode 3292 - Reward: -200.000, Length: 200, Loss: 12.3717, Entropy: 1.0919, Epsilon: 0.010
2026-04-19 09:39:13 | INFO | Episode 3293 - Reward: -200.000, Length: 200, Loss: 9.7751, Entropy: 1.0939, Epsilon: 0.010
2026-04-19 09:39:13 | INFO | Episode 3294 - Reward: -200.000, Length: 200, Loss: 14.6990, Entropy: 1.0863, Epsilon: 0.010
2026-04-19 09:39:14 | INFO | Episode 3295 - Reward: -200.000, Length: 200, Loss: 12.5600, Entropy: 1.0927, Epsilon: 0.010
2026-04-19 09:39:14 | INFO | Episode 3296 - Reward: -200.000, Length: 200, Loss: 17.3763, Entropy: 1.0903, Epsilon: 0.010
2026-04-19 09:39:14 | INFO | Episode 3297 - Reward: -200.000, Length: 200, Loss: 20.0132, Entropy: 1.0800, Epsilon: 0.010
2026-04-19 09:39:15 | INFO | Episode 3298 - Reward: -200.000, Length: 200, Loss: 12.2913, Entropy: 1.0896, Epsilon: 0.010
2026-04-19 09:39:15 | INFO | Episode 3299 - Reward: -200.000, Length: 200, Loss: 7.2430, Entropy: 1.0838, Epsilon: 0.010
2026-04-19 09:39:15 | INFO | Episode 3300 - Reward: -200.000, Length: 200, Loss: 4.3276, Entropy: 1.0947, Epsilon: 0.010
2026-04-19 09:39:20 | INFO | [Episode 3300] eps=0.010  avg_reward=-200.000  avg_length=200.00  avg_loss= 12.4947  avg_entropy=1.0947  eval_success=0.000
2026-04-19 09:39:21 | INFO | Episode 3301 - Reward: -200.000, Length: 200, Loss: 17.4509, Entropy: 1.0877, Epsilon: 0.010
2026-04-19 09:39:21 | INFO | Episode 3302 - Reward: -200.000, Length: 200, Loss: 7.0365, Entropy: 1.0716, Epsilon: 0.010
2026-04-19 09:39:21 | INFO | Episode 3303 - Reward: -200.000, Length: 200, Loss: 9.9868, Entropy: 1.0931, Epsilon: 0.010
2026-04-19 09:39:22 | INFO | Episode 3304 - Reward: -200.000, Length: 200, Loss: 14.8956, Entropy: 1.0774, Epsilon: 0.010
2026-04-19 09:39:22 | INFO | Episode 3305 - Reward: -200.000, Length: 200, Loss: 30.5519, Entropy: 1.0849, Epsilon: 0.010
2026-04-19 09:39:22 | INFO | Episode 3306 - Reward: -200.000, Length: 200, Loss: 2.4965, Entropy: 1.0879, Epsilon: 0.010
2026-04-19 09:39:23 | INFO | Episode 3307 - Reward: -200.000, Length: 200, Loss: 7.7511, Entropy: 1.0938, Epsilon: 0.010
2026-04-19 09:39:23 | INFO | Episode 3308 - Reward: -200.000, Length: 200, Loss: 7.1185, Entropy: 1.0944, Epsilon: 0.010
2026-04-19 09:39:23 | INFO | Episode 3309 - Reward: -200.000, Length: 200, Loss: 18.0116, Entropy: 1.0927, Epsilon: 0.010
2026-04-19 09:39:24 | INFO | Episode 3310 - Reward: -200.000, Length: 200, Loss: 19.4466, Entropy: 1.0825, Epsilon: 0.010
2026-04-19 09:39:24 | INFO | Episode 3311 - Reward: -200.000, Length: 200, Loss: 5.2416, Entropy: 1.0929, Epsilon: 0.010
2026-04-19 09:39:24 | INFO | Episode 3312 - Reward: -200.000, Length: 200, Loss: 18.7077, Entropy: 1.0693, Epsilon: 0.010
2026-04-19 09:39:25 | INFO | Episode 3313 - Reward: -200.000, Length: 200, Loss: 10.2416, Entropy: 1.0837, Epsilon: 0.010
2026-04-19 09:39:25 | INFO | Episode 3314 - Reward: -200.000, Length: 200, Loss: 13.2564, Entropy: 1.0821, Epsilon: 0.010
2026-04-19 09:39:25 | INFO | Episode 3315 - Reward: -200.000, Length: 200, Loss: 12.6579, Entropy: 1.0899, Epsilon: 0.010
2026-04-19 09:39:26 | INFO | Episode 3316 - Reward: -200.000, Length: 200, Loss: 15.6657, Entropy: 1.0754, Epsilon: 0.010
2026-04-19 09:39:26 | INFO | Episode 3317 - Reward: -200.000, Length: 200, Loss: 12.6658, Entropy: 1.0810, Epsilon: 0.010
2026-04-19 09:39:26 | INFO | Episode 3318 - Reward: -200.000, Length: 200, Loss: 10.2725, Entropy: 1.0914, Epsilon: 0.010
2026-04-19 09:39:27 | INFO | Episode 3319 - Reward: -200.000, Length: 200, Loss: 19.5447, Entropy: 1.0748, Epsilon: 0.010
2026-04-19 09:39:27 | INFO | Episode 3320 - Reward: -200.000, Length: 200, Loss: 20.5340, Entropy: 1.0680, Epsilon: 0.010
2026-04-19 09:39:28 | INFO | Episode 3321 - Reward: -200.000, Length: 200, Loss: 4.8790, Entropy: 1.0882, Epsilon: 0.010
2026-04-19 09:39:28 | INFO | Episode 3322 - Reward: -200.000, Length: 200, Loss: 9.0252, Entropy: 1.0918, Epsilon: 0.010
2026-04-19 09:39:28 | INFO | Episode 3323 - Reward: -200.000, Length: 200, Loss: 16.5199, Entropy: 1.0899, Epsilon: 0.010
2026-04-19 09:39:29 | INFO | Episode 3324 - Reward: -200.000, Length: 200, Loss: 11.6318, Entropy: 1.0885, Epsilon: 0.010
2026-04-19 09:39:29 | INFO | Episode 3325 - Reward: -200.000, Length: 200, Loss: 7.2916, Entropy: 1.0898, Epsilon: 0.010
2026-04-19 09:39:29 | INFO | Episode 3326 - Reward: -200.000, Length: 200, Loss: 9.3901, Entropy: 1.0922, Epsilon: 0.010
2026-04-19 09:39:30 | INFO | Episode 3327 - Reward: -200.000, Length: 200, Loss: 9.6977, Entropy: 1.0953, Epsilon: 0.010
2026-04-19 09:39:30 | INFO | Episode 3328 - Reward: -200.000, Length: 200, Loss: -0.1981, Entropy: 1.0969, Epsilon: 0.010
2026-04-19 09:39:30 | INFO | Episode 3329 - Reward: -200.000, Length: 200, Loss: 12.9646, Entropy: 1.0927, Epsilon: 0.010
2026-04-19 09:39:31 | INFO | Episode 3330 - Reward: -200.000, Length: 200, Loss: 12.7363, Entropy: 1.0831, Epsilon: 0.010
2026-04-19 09:39:31 | INFO | Episode 3331 - Reward: -200.000, Length: 200, Loss: 10.2136, Entropy: 1.0947, Epsilon: 0.010
2026-04-19 09:39:31 | INFO | Episode 3332 - Reward: -200.000, Length: 200, Loss: 11.9978, Entropy: 1.0819, Epsilon: 0.010
2026-04-19 09:39:32 | INFO | Episode 3333 - Reward: -200.000, Length: 200, Loss: 9.8097, Entropy: 1.0826, Epsilon: 0.010
2026-04-19 09:39:32 | INFO | Episode 3334 - Reward: -200.000, Length: 200, Loss: 10.4532, Entropy: 1.0920, Epsilon: 0.010
2026-04-19 09:39:32 | INFO | Episode 3335 - Reward: -200.000, Length: 200, Loss: 7.8590, Entropy: 1.0904, Epsilon: 0.010
2026-04-19 09:39:33 | INFO | Episode 3336 - Reward: -200.000, Length: 200, Loss: 15.3110, Entropy: 1.0855, Epsilon: 0.010
2026-04-19 09:39:33 | INFO | Episode 3337 - Reward: -200.000, Length: 200, Loss: 7.7680, Entropy: 1.0918, Epsilon: 0.010
2026-04-19 09:39:33 | INFO | Episode 3338 - Reward: -200.000, Length: 200, Loss: 10.0092, Entropy: 1.0952, Epsilon: 0.010
2026-04-19 09:39:34 | INFO | Episode 3339 - Reward: -200.000, Length: 200, Loss: 11.4682, Entropy: 1.0710, Epsilon: 0.010
2026-04-19 09:39:34 | INFO | Episode 3340 - Reward: -200.000, Length: 200, Loss: 15.2101, Entropy: 1.0868, Epsilon: 0.010
2026-04-19 09:39:34 | INFO | Episode 3341 - Reward: -200.000, Length: 200, Loss: 10.9804, Entropy: 1.0939, Epsilon: 0.010
2026-04-19 09:39:35 | INFO | Episode 3342 - Reward: -200.000, Length: 200, Loss: 10.2641, Entropy: 1.0931, Epsilon: 0.010
2026-04-19 09:39:35 | INFO | Episode 3343 - Reward: -200.000, Length: 200, Loss: 16.1565, Entropy: 1.0890, Epsilon: 0.010
2026-04-19 09:39:35 | INFO | Episode 3344 - Reward: -200.000, Length: 200, Loss: 20.3962, Entropy: 1.0796, Epsilon: 0.010
2026-04-19 09:39:36 | INFO | Episode 3345 - Reward: -200.000, Length: 200, Loss: 11.1754, Entropy: 1.0820, Epsilon: 0.010
2026-04-19 09:39:36 | INFO | Episode 3346 - Reward: -200.000, Length: 200, Loss: 5.0066, Entropy: 1.0961, Epsilon: 0.010
2026-04-19 09:39:36 | INFO | Episode 3347 - Reward: -200.000, Length: 200, Loss: 22.5262, Entropy: 1.0735, Epsilon: 0.010
2026-04-19 09:39:37 | INFO | Episode 3348 - Reward: -200.000, Length: 200, Loss: 11.1699, Entropy: 1.0832, Epsilon: 0.010
2026-04-19 09:39:37 | INFO | Episode 3349 - Reward: -200.000, Length: 200, Loss: 20.1933, Entropy: 1.0774, Epsilon: 0.010
2026-04-19 09:39:37 | INFO | Episode 3350 - Reward: -200.000, Length: 200, Loss: 13.2143, Entropy: 1.0887, Epsilon: 0.010
2026-04-19 09:39:38 | INFO | Episode 3351 - Reward: -200.000, Length: 200, Loss: 10.4256, Entropy: 1.0724, Epsilon: 0.010
2026-04-19 09:39:38 | INFO | Episode 3352 - Reward: -200.000, Length: 200, Loss: 10.2598, Entropy: 1.0800, Epsilon: 0.010
2026-04-19 09:39:38 | INFO | Episode 3353 - Reward: -200.000, Length: 200, Loss: 21.9723, Entropy: 1.0443, Epsilon: 0.010
2026-04-19 09:39:39 | INFO | Episode 3354 - Reward: -200.000, Length: 200, Loss: 20.2391, Entropy: 1.0861, Epsilon: 0.010
2026-04-19 09:39:39 | INFO | Episode 3355 - Reward: -200.000, Length: 200, Loss: 22.7230, Entropy: 1.0867, Epsilon: 0.010
2026-04-19 09:39:39 | INFO | Episode 3356 - Reward: -200.000, Length: 200, Loss: 18.4159, Entropy: 1.0890, Epsilon: 0.010
2026-04-19 09:39:40 | INFO | Episode 3357 - Reward: -200.000, Length: 200, Loss: 33.7043, Entropy: 1.0857, Epsilon: 0.010
2026-04-19 09:39:40 | INFO | Episode 3358 - Reward: -200.000, Length: 200, Loss: 19.9167, Entropy: 1.0870, Epsilon: 0.010
2026-04-19 09:39:40 | INFO | Episode 3359 - Reward: -200.000, Length: 200, Loss: 9.9917, Entropy: 1.0898, Epsilon: 0.010
2026-04-19 09:39:41 | INFO | Episode 3360 - Reward: -200.000, Length: 200, Loss: 25.4682, Entropy: 1.0907, Epsilon: 0.010
2026-04-19 09:39:41 | INFO | Episode 3361 - Reward: -200.000, Length: 200, Loss: 8.0229, Entropy: 1.0904, Epsilon: 0.010
2026-04-19 09:39:41 | INFO | Episode 3362 - Reward: -200.000, Length: 200, Loss: 7.0816, Entropy: 1.0945, Epsilon: 0.010
2026-04-19 09:39:42 | INFO | Episode 3363 - Reward: -200.000, Length: 200, Loss: 10.7726, Entropy: 1.0909, Epsilon: 0.010
2026-04-19 09:39:42 | INFO | Episode 3364 - Reward: -200.000, Length: 200, Loss: 23.8516, Entropy: 1.0740, Epsilon: 0.010
2026-04-19 09:39:42 | INFO | Episode 3365 - Reward: -200.000, Length: 200, Loss: 7.5889, Entropy: 1.0929, Epsilon: 0.010
2026-04-19 09:39:43 | INFO | Episode 3366 - Reward: -200.000, Length: 200, Loss: 10.8203, Entropy: 1.0957, Epsilon: 0.010
2026-04-19 09:39:43 | INFO | Episode 3367 - Reward: -200.000, Length: 200, Loss: 19.3306, Entropy: 1.0755, Epsilon: 0.010
2026-04-19 09:39:45 | INFO | Episode 3368 - Reward: -200.000, Length: 200, Loss: 10.1895, Entropy: 1.0943, Epsilon: 0.010
2026-04-19 09:39:45 | INFO | Episode 3369 - Reward: -200.000, Length: 200, Loss: 16.0524, Entropy: 1.0961, Epsilon: 0.010
2026-04-19 09:39:46 | INFO | Episode 3370 - Reward: -200.000, Length: 200, Loss: 22.9663, Entropy: 1.0657, Epsilon: 0.010
2026-04-19 09:39:46 | INFO | Episode 3371 - Reward: -200.000, Length: 200, Loss: 8.6933, Entropy: 1.0592, Epsilon: 0.010
2026-04-19 09:39:46 | INFO | Episode 3372 - Reward: -200.000, Length: 200, Loss: 15.9594, Entropy: 1.0517, Epsilon: 0.010
2026-04-19 09:39:47 | INFO | Episode 3373 - Reward: -200.000, Length: 200, Loss: 13.7624, Entropy: 1.0794, Epsilon: 0.010
2026-04-19 09:39:47 | INFO | Episode 3374 - Reward: -200.000, Length: 200, Loss: 13.1337, Entropy: 1.0937, Epsilon: 0.010
2026-04-19 09:39:47 | INFO | Episode 3375 - Reward: -200.000, Length: 200, Loss: 21.4088, Entropy: 1.0841, Epsilon: 0.010
2026-04-19 09:39:48 | INFO | Episode 3376 - Reward: -200.000, Length: 200, Loss: 10.7914, Entropy: 1.0891, Epsilon: 0.010
2026-04-19 09:39:48 | INFO | Episode 3377 - Reward: -200.000, Length: 200, Loss: 10.8904, Entropy: 1.0952, Epsilon: 0.010
2026-04-19 09:39:48 | INFO | Episode 3378 - Reward: -200.000, Length: 200, Loss: 5.3975, Entropy: 1.0955, Epsilon: 0.010
2026-04-19 09:39:49 | INFO | Episode 3379 - Reward: -200.000, Length: 200, Loss: 8.3398, Entropy: 1.0936, Epsilon: 0.010
2026-04-19 09:39:49 | INFO | Episode 3380 - Reward: -200.000, Length: 200, Loss: 10.5059, Entropy: 1.0837, Epsilon: 0.010
2026-04-19 09:39:49 | INFO | Episode 3381 - Reward: -200.000, Length: 200, Loss: 16.1854, Entropy: 1.0905, Epsilon: 0.010
2026-04-19 09:39:50 | INFO | Episode 3382 - Reward: -200.000, Length: 200, Loss: 13.6490, Entropy: 1.0918, Epsilon: 0.010
2026-04-19 09:39:50 | INFO | Episode 3383 - Reward: -200.000, Length: 200, Loss: 13.1213, Entropy: 1.0927, Epsilon: 0.010
2026-04-19 09:39:50 | INFO | Episode 3384 - Reward: -200.000, Length: 200, Loss: 12.7953, Entropy: 1.0834, Epsilon: 0.010
2026-04-19 09:39:51 | INFO | Episode 3385 - Reward: -200.000, Length: 200, Loss: 2.7325, Entropy: 1.0955, Epsilon: 0.010
2026-04-19 09:39:51 | INFO | Episode 3386 - Reward: -200.000, Length: 200, Loss: 11.1247, Entropy: 1.0880, Epsilon: 0.010
2026-04-19 09:39:51 | INFO | Episode 3387 - Reward: -200.000, Length: 200, Loss: 7.4824, Entropy: 1.0948, Epsilon: 0.010
2026-04-19 09:39:52 | INFO | Episode 3388 - Reward: -200.000, Length: 200, Loss: 27.4413, Entropy: 1.0814, Epsilon: 0.010
2026-04-19 09:39:52 | INFO | Episode 3389 - Reward: -200.000, Length: 200, Loss: 17.6027, Entropy: 1.0854, Epsilon: 0.010
2026-04-19 09:39:52 | INFO | Episode 3390 - Reward: -200.000, Length: 200, Loss: 22.1348, Entropy: 1.0841, Epsilon: 0.010
2026-04-19 09:39:53 | INFO | Episode 3391 - Reward: -200.000, Length: 200, Loss: 19.3537, Entropy: 1.0856, Epsilon: 0.010
2026-04-19 09:39:53 | INFO | Episode 3392 - Reward: -200.000, Length: 200, Loss: 11.1366, Entropy: 1.0870, Epsilon: 0.010
2026-04-19 09:39:53 | INFO | Episode 3393 - Reward: -200.000, Length: 200, Loss: 7.9782, Entropy: 1.0931, Epsilon: 0.010
2026-04-19 09:39:54 | INFO | Episode 3394 - Reward: -200.000, Length: 200, Loss: 8.9295, Entropy: 1.0933, Epsilon: 0.010
2026-04-19 09:39:54 | INFO | Episode 3395 - Reward: -200.000, Length: 200, Loss: 5.6545, Entropy: 1.0955, Epsilon: 0.010
2026-04-19 09:39:54 | INFO | Episode 3396 - Reward: -200.000, Length: 200, Loss: 13.8610, Entropy: 1.0894, Epsilon: 0.010
2026-04-19 09:39:55 | INFO | Episode 3397 - Reward: -200.000, Length: 200, Loss: 25.9275, Entropy: 1.0871, Epsilon: 0.010
2026-04-19 09:39:55 | INFO | Episode 3398 - Reward: -200.000, Length: 200, Loss: 19.8207, Entropy: 1.0732, Epsilon: 0.010
2026-04-19 09:39:56 | INFO | Episode 3399 - Reward: -200.000, Length: 200, Loss: 19.8153, Entropy: 1.0876, Epsilon: 0.010
2026-04-19 09:39:56 | INFO | Episode 3400 - Reward: -200.000, Length: 200, Loss: 10.8704, Entropy: 1.0859, Epsilon: 0.010
2026-04-19 09:40:01 | INFO | [Episode 3400] eps=0.010  avg_reward=-200.000  avg_length=200.00  avg_loss= 13.5495  avg_entropy=1.0859  eval_success=0.000
2026-04-19 09:40:01 | INFO | Episode 3401 - Reward: -200.000, Length: 200, Loss: 19.5978, Entropy: 1.0795, Epsilon: 0.010
2026-04-19 09:40:01 | INFO | Episode 3402 - Reward: -200.000, Length: 200, Loss: 21.1585, Entropy: 1.0897, Epsilon: 0.010
2026-04-19 09:40:02 | INFO | Episode 3403 - Reward: -200.000, Length: 200, Loss: 12.7696, Entropy: 1.0836, Epsilon: 0.010
2026-04-19 09:40:02 | INFO | Episode 3404 - Reward: -200.000, Length: 200, Loss: 8.2814, Entropy: 1.0928, Epsilon: 0.010
2026-04-19 09:40:02 | INFO | Episode 3405 - Reward: -200.000, Length: 200, Loss: 18.2066, Entropy: 1.0831, Epsilon: 0.010
2026-04-19 09:40:03 | INFO | Episode 3406 - Reward: -200.000, Length: 200, Loss: 13.5354, Entropy: 1.0847, Epsilon: 0.010
2026-04-19 09:40:03 | INFO | Episode 3407 - Reward: -200.000, Length: 200, Loss: 15.8617, Entropy: 1.0935, Epsilon: 0.010
2026-04-19 09:40:03 | INFO | Episode 3408 - Reward: -200.000, Length: 200, Loss: 7.4831, Entropy: 1.0922, Epsilon: 0.010
2026-04-19 09:40:04 | INFO | Episode 3409 - Reward: -200.000, Length: 200, Loss: 11.1643, Entropy: 1.0857, Epsilon: 0.010
2026-04-19 09:40:04 | INFO | Episode 3410 - Reward: -200.000, Length: 200, Loss: 21.1281, Entropy: 1.0785, Epsilon: 0.010
2026-04-19 09:40:04 | INFO | Episode 3411 - Reward: -200.000, Length: 200, Loss: 20.3095, Entropy: 1.0727, Epsilon: 0.010
2026-04-19 09:40:05 | INFO | Episode 3412 - Reward: -200.000, Length: 200, Loss: 15.7446, Entropy: 1.0897, Epsilon: 0.010
2026-04-19 09:40:05 | INFO | Episode 3413 - Reward: -200.000, Length: 200, Loss: 20.8554, Entropy: 1.0812, Epsilon: 0.010
2026-04-19 09:40:06 | INFO | Episode 3414 - Reward: -200.000, Length: 200, Loss: 19.3848, Entropy: 1.0870, Epsilon: 0.010
2026-04-19 09:40:06 | INFO | Episode 3415 - Reward: -200.000, Length: 200, Loss: 7.6895, Entropy: 1.0913, Epsilon: 0.010
2026-04-19 09:40:06 | INFO | Episode 3416 - Reward: -200.000, Length: 200, Loss: 11.9389, Entropy: 1.0699, Epsilon: 0.010
2026-04-19 09:40:07 | INFO | Episode 3417 - Reward: -200.000, Length: 200, Loss: 11.4039, Entropy: 1.0863, Epsilon: 0.010
2026-04-19 09:40:07 | INFO | Episode 3418 - Reward: -200.000, Length: 200, Loss: 18.3890, Entropy: 1.0916, Epsilon: 0.010
2026-04-19 09:40:07 | INFO | Episode 3419 - Reward: -200.000, Length: 200, Loss: 8.0321, Entropy: 1.0917, Epsilon: 0.010
2026-04-19 09:40:08 | INFO | Episode 3420 - Reward: -200.000, Length: 200, Loss: 26.4419, Entropy: 1.0777, Epsilon: 0.010
2026-04-19 09:40:08 | INFO | Episode 3421 - Reward: -200.000, Length: 200, Loss: 14.8128, Entropy: 1.0923, Epsilon: 0.010
2026-04-19 09:40:08 | INFO | Episode 3422 - Reward: -200.000, Length: 200, Loss: -0.1127, Entropy: 1.0952, Epsilon: 0.010
2026-04-19 09:40:09 | INFO | Episode 3423 - Reward: -200.000, Length: 200, Loss: 17.9822, Entropy: 1.0880, Epsilon: 0.010
2026-04-19 09:40:09 | INFO | Episode 3424 - Reward: -200.000, Length: 200, Loss: 10.4243, Entropy: 1.0927, Epsilon: 0.010
2026-04-19 09:40:09 | INFO | Episode 3425 - Reward: -200.000, Length: 200, Loss: 16.9898, Entropy: 1.0899, Epsilon: 0.010
2026-04-19 09:40:10 | INFO | Episode 3426 - Reward: -200.000, Length: 200, Loss: 10.1018, Entropy: 1.0911, Epsilon: 0.010
2026-04-19 09:40:10 | INFO | Episode 3427 - Reward: -200.000, Length: 200, Loss: 9.8999, Entropy: 1.0952, Epsilon: 0.010
2026-04-19 09:40:10 | INFO | Episode 3428 - Reward: -200.000, Length: 200, Loss: 14.1670, Entropy: 1.0902, Epsilon: 0.010
2026-04-19 09:40:11 | INFO | Episode 3429 - Reward: -200.000, Length: 200, Loss: 10.1649, Entropy: 1.0841, Epsilon: 0.010
2026-04-19 09:40:11 | INFO | Episode 3430 - Reward: -200.000, Length: 200, Loss: 10.2081, Entropy: 1.0928, Epsilon: 0.010
2026-04-19 09:40:11 | INFO | Episode 3431 - Reward: -200.000, Length: 200, Loss: 10.0145, Entropy: 1.0909, Epsilon: 0.010
2026-04-19 09:40:12 | INFO | Episode 3432 - Reward: -200.000, Length: 200, Loss: 18.5257, Entropy: 1.0728, Epsilon: 0.010
2026-04-19 09:40:12 | INFO | Episode 3433 - Reward: -200.000, Length: 200, Loss: 2.5795, Entropy: 1.0958, Epsilon: 0.010
2026-04-19 09:40:12 | INFO | Episode 3434 - Reward: -200.000, Length: 200, Loss: 2.1272, Entropy: 1.0969, Epsilon: 0.010
2026-04-19 09:40:13 | INFO | Episode 3435 - Reward: -200.000, Length: 200, Loss: 8.1584, Entropy: 1.0942, Epsilon: 0.010
2026-04-19 09:40:13 | INFO | Episode 3436 - Reward: -200.000, Length: 200, Loss: 13.1373, Entropy: 1.0932, Epsilon: 0.010
2026-04-19 09:40:13 | INFO | Episode 3437 - Reward: -200.000, Length: 200, Loss: 5.2780, Entropy: 1.0947, Epsilon: 0.010
2026-04-19 09:40:14 | INFO | Episode 3438 - Reward: -200.000, Length: 200, Loss: 10.9858, Entropy: 1.0768, Epsilon: 0.010
2026-04-19 09:40:14 | INFO | Episode 3439 - Reward: -200.000, Length: 200, Loss: 23.8903, Entropy: 1.0593, Epsilon: 0.010
2026-04-19 09:40:14 | INFO | Episode 3440 - Reward: -200.000, Length: 200, Loss: 11.0434, Entropy: 1.0901, Epsilon: 0.010
2026-04-19 09:40:15 | INFO | Episode 3441 - Reward: -200.000, Length: 200, Loss: 25.3455, Entropy: 1.0818, Epsilon: 0.010
2026-04-19 09:40:15 | INFO | Episode 3442 - Reward: -200.000, Length: 200, Loss: 10.0901, Entropy: 1.0787, Epsilon: 0.010
2026-04-19 09:40:15 | INFO | Episode 3443 - Reward: -200.000, Length: 200, Loss: 7.2406, Entropy: 1.0949, Epsilon: 0.010
2026-04-19 09:40:16 | INFO | Episode 3444 - Reward: -200.000, Length: 200, Loss: 12.9801, Entropy: 1.0896, Epsilon: 0.010
2026-04-19 09:40:16 | INFO | Episode 3445 - Reward: -200.000, Length: 200, Loss: 17.4806, Entropy: 1.0875, Epsilon: 0.010
2026-04-19 09:40:16 | INFO | Episode 3446 - Reward: -200.000, Length: 200, Loss: 10.6446, Entropy: 1.0909, Epsilon: 0.010
2026-04-19 09:40:17 | INFO | Episode 3447 - Reward: -200.000, Length: 200, Loss: 4.9235, Entropy: 1.0956, Epsilon: 0.010
2026-04-19 09:40:17 | INFO | Episode 3448 - Reward: -200.000, Length: 200, Loss: 12.6099, Entropy: 1.0949, Epsilon: 0.010
2026-04-19 09:40:17 | INFO | Episode 3449 - Reward: -200.000, Length: 200, Loss: 18.3134, Entropy: 1.0934, Epsilon: 0.010
2026-04-19 09:40:18 | INFO | Episode 3450 - Reward: -200.000, Length: 200, Loss: 14.8197, Entropy: 1.0929, Epsilon: 0.010
2026-04-19 09:40:18 | INFO | Episode 3451 - Reward: -200.000, Length: 200, Loss: 16.5927, Entropy: 1.0823, Epsilon: 0.010
2026-04-19 09:40:18 | INFO | Episode 3452 - Reward: -200.000, Length: 200, Loss: 24.4445, Entropy: 1.0789, Epsilon: 0.010
2026-04-19 09:40:19 | INFO | Episode 3453 - Reward: -200.000, Length: 200, Loss: 13.2369, Entropy: 1.0820, Epsilon: 0.010
2026-04-19 09:40:19 | INFO | Episode 3454 - Reward: -200.000, Length: 200, Loss: 17.6022, Entropy: 1.0862, Epsilon: 0.010
2026-04-19 09:40:19 | INFO | Episode 3455 - Reward: -200.000, Length: 200, Loss: 10.7212, Entropy: 1.0930, Epsilon: 0.010
2026-04-19 09:40:20 | INFO | Episode 3456 - Reward: -200.000, Length: 200, Loss: 10.4737, Entropy: 1.0927, Epsilon: 0.010
2026-04-19 09:40:20 | INFO | Episode 3457 - Reward: -200.000, Length: 200, Loss: 23.9055, Entropy: 1.0843, Epsilon: 0.010
2026-04-19 09:40:20 | INFO | Episode 3458 - Reward: -200.000, Length: 200, Loss: 10.4062, Entropy: 1.0930, Epsilon: 0.010
2026-04-19 09:40:21 | INFO | Episode 3459 - Reward: -200.000, Length: 200, Loss: 15.8443, Entropy: 1.0919, Epsilon: 0.010
2026-04-19 09:40:21 | INFO | Episode 3460 - Reward: -200.000, Length: 200, Loss: 18.9677, Entropy: 1.0826, Epsilon: 0.010
2026-04-19 09:40:21 | INFO | Episode 3461 - Reward: -200.000, Length: 200, Loss: 10.4614, Entropy: 1.0918, Epsilon: 0.010
2026-04-19 09:40:22 | INFO | Episode 3462 - Reward: -200.000, Length: 200, Loss: 7.4125, Entropy: 1.0897, Epsilon: 0.010
2026-04-19 09:40:22 | INFO | Episode 3463 - Reward: -200.000, Length: 200, Loss: 25.0005, Entropy: 1.0864, Epsilon: 0.010
2026-04-19 09:40:22 | INFO | Episode 3464 - Reward: -200.000, Length: 200, Loss: 23.9897, Entropy: 1.0799, Epsilon: 0.010
2026-04-19 09:40:23 | INFO | Episode 3465 - Reward: -200.000, Length: 200, Loss: 10.6961, Entropy: 1.0929, Epsilon: 0.010
2026-04-19 09:40:23 | INFO | Episode 3466 - Reward: -200.000, Length: 200, Loss: 16.7969, Entropy: 1.0824, Epsilon: 0.010
2026-04-19 09:40:23 | INFO | Episode 3467 - Reward: -200.000, Length: 200, Loss: 2.2866, Entropy: 1.0969, Epsilon: 0.010
2026-04-19 09:40:24 | INFO | Episode 3468 - Reward: -200.000, Length: 200, Loss: 11.3939, Entropy: 1.0905, Epsilon: 0.010
2026-04-19 09:40:24 | INFO | Episode 3469 - Reward: -200.000, Length: 200, Loss: 24.6581, Entropy: 1.0622, Epsilon: 0.010
2026-04-19 09:40:24 | INFO | Episode 3470 - Reward: -200.000, Length: 200, Loss: 8.2104, Entropy: 1.0858, Epsilon: 0.010
2026-04-19 09:40:25 | INFO | Episode 3471 - Reward: -200.000, Length: 200, Loss: 17.2333, Entropy: 1.0866, Epsilon: 0.010
2026-04-19 09:40:25 | INFO | Episode 3472 - Reward: -200.000, Length: 200, Loss: 8.1829, Entropy: 1.0850, Epsilon: 0.010
2026-04-19 09:40:25 | INFO | Episode 3473 - Reward: -200.000, Length: 200, Loss: 19.7001, Entropy: 1.0898, Epsilon: 0.010
2026-04-19 09:40:26 | INFO | Episode 3474 - Reward: -200.000, Length: 200, Loss: 10.2650, Entropy: 1.0934, Epsilon: 0.010
2026-04-19 09:40:26 | INFO | Episode 3475 - Reward: -200.000, Length: 200, Loss: 11.0206, Entropy: 1.0880, Epsilon: 0.010
2026-04-19 09:40:26 | INFO | Episode 3476 - Reward: -200.000, Length: 200, Loss: 19.4347, Entropy: 1.0890, Epsilon: 0.010
2026-04-19 09:40:27 | INFO | Episode 3477 - Reward: -200.000, Length: 200, Loss: 8.2720, Entropy: 1.0951, Epsilon: 0.010
2026-04-19 09:40:27 | INFO | Episode 3478 - Reward: -200.000, Length: 200, Loss: 8.0417, Entropy: 1.0924, Epsilon: 0.010
2026-04-19 09:40:28 | INFO | Episode 3479 - Reward: -200.000, Length: 200, Loss: 16.7957, Entropy: 1.0911, Epsilon: 0.010
2026-04-19 09:40:28 | INFO | Episode 3480 - Reward: -200.000, Length: 200, Loss: 5.5451, Entropy: 1.0821, Epsilon: 0.010
2026-04-19 09:40:28 | INFO | Episode 3481 - Reward: -200.000, Length: 200, Loss: 8.0509, Entropy: 1.0913, Epsilon: 0.010
2026-04-19 09:40:29 | INFO | Episode 3482 - Reward: -200.000, Length: 200, Loss: 5.4243, Entropy: 1.0949, Epsilon: 0.010
2026-04-19 09:40:29 | INFO | Episode 3483 - Reward: -200.000, Length: 200, Loss: 10.2227, Entropy: 1.0842, Epsilon: 0.010
2026-04-19 09:40:29 | INFO | Episode 3484 - Reward: -200.000, Length: 200, Loss: 8.1830, Entropy: 1.0951, Epsilon: 0.010
2026-04-19 09:40:30 | INFO | Episode 3485 - Reward: -200.000, Length: 200, Loss: 7.9140, Entropy: 1.0934, Epsilon: 0.010
2026-04-19 09:40:30 | INFO | Episode 3486 - Reward: -200.000, Length: 200, Loss: 11.4181, Entropy: 1.0889, Epsilon: 0.010
2026-04-19 09:40:30 | INFO | Episode 3487 - Reward: -200.000, Length: 200, Loss: 7.5215, Entropy: 1.0836, Epsilon: 0.010
2026-04-19 09:40:31 | INFO | Episode 3488 - Reward: -200.000, Length: 200, Loss: 16.8314, Entropy: 1.0926, Epsilon: 0.010
2026-04-19 09:40:31 | INFO | Episode 3489 - Reward: -200.000, Length: 200, Loss: 8.2221, Entropy: 1.0897, Epsilon: 0.010
2026-04-19 09:40:31 | INFO | Episode 3490 - Reward: -200.000, Length: 200, Loss: 26.3417, Entropy: 1.0559, Epsilon: 0.010
2026-04-19 09:40:32 | INFO | Episode 3491 - Reward: -200.000, Length: 200, Loss: 26.5968, Entropy: 1.0568, Epsilon: 0.010
2026-04-19 09:40:32 | INFO | Episode 3492 - Reward: -200.000, Length: 200, Loss: 18.0365, Entropy: 1.0474, Epsilon: 0.010
2026-04-19 09:40:32 | INFO | Episode 3493 - Reward: -200.000, Length: 200, Loss: 22.0451, Entropy: 1.0855, Epsilon: 0.010
2026-04-19 09:40:33 | INFO | Episode 3494 - Reward: -200.000, Length: 200, Loss: 24.5214, Entropy: 1.0886, Epsilon: 0.010
2026-04-19 09:40:33 | INFO | Episode 3495 - Reward: -200.000, Length: 200, Loss: 14.6402, Entropy: 1.0897, Epsilon: 0.010
2026-04-19 09:40:33 | INFO | Episode 3496 - Reward: -200.000, Length: 200, Loss: 8.6297, Entropy: 1.0924, Epsilon: 0.010
2026-04-19 09:40:34 | INFO | Episode 3497 - Reward: -200.000, Length: 200, Loss: 5.1438, Entropy: 1.0938, Epsilon: 0.010
2026-04-19 09:40:34 | INFO | Episode 3498 - Reward: -200.000, Length: 200, Loss: 14.6846, Entropy: 1.0866, Epsilon: 0.010
2026-04-19 09:40:35 | INFO | Episode 3499 - Reward: -200.000, Length: 200, Loss: 19.3187, Entropy: 1.0910, Epsilon: 0.010
2026-04-19 09:40:35 | INFO | Episode 3500 - Reward: -200.000, Length: 200, Loss: 13.6204, Entropy: 1.0879, Epsilon: 0.010
2026-04-19 09:40:40 | INFO | [Episode 3500] eps=0.010  avg_reward=-200.000  avg_length=200.00  avg_loss= 13.6916  avg_entropy=1.0879  eval_success=0.000
2026-04-19 09:40:40 | INFO | Episode 3501 - Reward: -200.000, Length: 200, Loss: 11.5898, Entropy: 1.0960, Epsilon: 0.010
2026-04-19 09:40:40 | INFO | Episode 3502 - Reward: -200.000, Length: 200, Loss: 19.4096, Entropy: 1.0932, Epsilon: 0.010
2026-04-19 09:40:41 | INFO | Episode 3503 - Reward: -200.000, Length: 200, Loss: 7.9265, Entropy: 1.0938, Epsilon: 0.010
2026-04-19 09:40:41 | INFO | Episode 3504 - Reward: -200.000, Length: 200, Loss: 2.9352, Entropy: 1.0941, Epsilon: 0.010
2026-04-19 09:40:42 | INFO | Episode 3505 - Reward: -200.000, Length: 200, Loss: 2.3115, Entropy: 1.0965, Epsilon: 0.010
2026-04-19 09:40:42 | INFO | Episode 3506 - Reward: -200.000, Length: 200, Loss: 17.1792, Entropy: 1.0828, Epsilon: 0.010
2026-04-19 09:40:42 | INFO | Episode 3507 - Reward: -200.000, Length: 200, Loss: 13.8112, Entropy: 1.0839, Epsilon: 0.010
2026-04-19 09:40:43 | INFO | Episode 3508 - Reward: -200.000, Length: 200, Loss: 12.0110, Entropy: 1.0903, Epsilon: 0.010
2026-04-19 09:40:43 | INFO | Episode 3509 - Reward: -200.000, Length: 200, Loss: 10.9263, Entropy: 1.0766, Epsilon: 0.010
2026-04-19 09:40:43 | INFO | Episode 3510 - Reward: -200.000, Length: 200, Loss: 10.5439, Entropy: 1.0929, Epsilon: 0.010
2026-04-19 09:40:44 | INFO | Episode 3511 - Reward: -200.000, Length: 200, Loss: 11.0145, Entropy: 1.0844, Epsilon: 0.010
2026-04-19 09:40:44 | INFO | Episode 3512 - Reward: -200.000, Length: 200, Loss: 21.7115, Entropy: 1.0761, Epsilon: 0.010
2026-04-19 09:40:44 | INFO | Episode 3513 - Reward: -200.000, Length: 200, Loss: 10.6957, Entropy: 1.0781, Epsilon: 0.010
2026-04-19 09:40:45 | INFO | Episode 3514 - Reward: -200.000, Length: 200, Loss: 11.0842, Entropy: 1.0960, Epsilon: 0.010
2026-04-19 09:40:45 | INFO | Episode 3515 - Reward: -200.000, Length: 200, Loss: 5.2362, Entropy: 1.0933, Epsilon: 0.010
2026-04-19 09:40:45 | INFO | Episode 3516 - Reward: -200.000, Length: 200, Loss: 29.1399, Entropy: 1.0789, Epsilon: 0.010
2026-04-19 09:40:46 | INFO | Episode 3517 - Reward: -200.000, Length: 200, Loss: 3.3091, Entropy: 1.0811, Epsilon: 0.010
2026-04-19 09:40:46 | INFO | Episode 3518 - Reward: -200.000, Length: 200, Loss: 5.7462, Entropy: 1.0888, Epsilon: 0.010
2026-04-19 09:40:46 | INFO | Episode 3519 - Reward: -200.000, Length: 200, Loss: 14.9529, Entropy: 1.0882, Epsilon: 0.010
2026-04-19 09:40:47 | INFO | Episode 3520 - Reward: -200.000, Length: 200, Loss: 20.4086, Entropy: 1.0827, Epsilon: 0.010
2026-04-19 09:40:47 | INFO | Episode 3521 - Reward: -200.000, Length: 200, Loss: 5.7184, Entropy: 1.0848, Epsilon: 0.010
2026-04-19 09:40:47 | INFO | Episode 3522 - Reward: -200.000, Length: 200, Loss: 11.3293, Entropy: 1.0917, Epsilon: 0.010
2026-04-19 09:40:48 | INFO | Episode 3523 - Reward: -200.000, Length: 200, Loss: 9.0021, Entropy: 1.0906, Epsilon: 0.010
2026-04-19 09:40:48 | INFO | Episode 3524 - Reward: -200.000, Length: 200, Loss: 11.2990, Entropy: 1.0856, Epsilon: 0.010
2026-04-19 09:40:48 | INFO | Episode 3525 - Reward: -200.000, Length: 200, Loss: 11.9782, Entropy: 1.0713, Epsilon: 0.010
2026-04-19 09:40:49 | INFO | Episode 3526 - Reward: -200.000, Length: 200, Loss: 17.1884, Entropy: 1.0933, Epsilon: 0.010
2026-04-19 09:40:49 | INFO | Episode 3527 - Reward: -200.000, Length: 200, Loss: 13.5634, Entropy: 1.0950, Epsilon: 0.010
2026-04-19 09:40:49 | INFO | Episode 3528 - Reward: -200.000, Length: 200, Loss: 8.7696, Entropy: 1.0895, Epsilon: 0.010
2026-04-19 09:40:50 | INFO | Episode 3529 - Reward: -200.000, Length: 200, Loss: 11.1377, Entropy: 1.0874, Epsilon: 0.010
2026-04-19 09:40:50 | INFO | Episode 3530 - Reward: -200.000, Length: 200, Loss: 17.2948, Entropy: 1.0953, Epsilon: 0.010
2026-04-19 09:40:50 | INFO | Episode 3531 - Reward: -200.000, Length: 200, Loss: 23.1773, Entropy: 1.0894, Epsilon: 0.010
2026-04-19 09:40:51 | INFO | Episode 3532 - Reward: -200.000, Length: 200, Loss: 3.0609, Entropy: 1.0937, Epsilon: 0.010
2026-04-19 09:40:51 | INFO | Episode 3533 - Reward: -200.000, Length: 200, Loss: 2.6927, Entropy: 1.0970, Epsilon: 0.010
2026-04-19 09:40:51 | INFO | Episode 3534 - Reward: -200.000, Length: 200, Loss: 26.2549, Entropy: 1.0818, Epsilon: 0.010
2026-04-19 09:40:52 | INFO | Episode 3535 - Reward: -200.000, Length: 200, Loss: 20.9409, Entropy: 1.0806, Epsilon: 0.010
2026-04-19 09:40:52 | INFO | Episode 3536 - Reward: -200.000, Length: 200, Loss: 8.2413, Entropy: 1.0935, Epsilon: 0.010
2026-04-19 09:40:53 | INFO | Episode 3537 - Reward: -200.000, Length: 200, Loss: 13.9124, Entropy: 1.0902, Epsilon: 0.010
2026-04-19 09:40:53 | INFO | Episode 3538 - Reward: -200.000, Length: 200, Loss: 18.8587, Entropy: 1.0680, Epsilon: 0.010
2026-04-19 09:40:53 | INFO | Episode 3539 - Reward: -200.000, Length: 200, Loss: 16.9170, Entropy: 1.0833, Epsilon: 0.010
2026-04-19 09:40:54 | INFO | Episode 3540 - Reward: -200.000, Length: 200, Loss: 20.9461, Entropy: 1.0893, Epsilon: 0.010
2026-04-19 09:40:54 | INFO | Episode 3541 - Reward: -200.000, Length: 200, Loss: 30.9473, Entropy: 1.0801, Epsilon: 0.010
2026-04-19 09:40:54 | INFO | Episode 3542 - Reward: -200.000, Length: 200, Loss: 17.7754, Entropy: 1.0649, Epsilon: 0.010
2026-04-19 09:40:55 | INFO | Episode 3543 - Reward: -200.000, Length: 200, Loss: 13.7967, Entropy: 1.0925, Epsilon: 0.010
2026-04-19 09:40:55 | INFO | Episode 3544 - Reward: -200.000, Length: 200, Loss: 11.2366, Entropy: 1.0934, Epsilon: 0.010
2026-04-19 09:40:55 | INFO | Episode 3545 - Reward: -200.000, Length: 200, Loss: 4.9083, Entropy: 1.0866, Epsilon: 0.010
2026-04-19 09:40:56 | INFO | Episode 3546 - Reward: -200.000, Length: 200, Loss: 12.0656, Entropy: 1.0922, Epsilon: 0.010
2026-04-19 09:40:56 | INFO | Episode 3547 - Reward: -200.000, Length: 200, Loss: 26.6253, Entropy: 1.0320, Epsilon: 0.010
2026-04-19 09:40:56 | INFO | Episode 3548 - Reward: -200.000, Length: 200, Loss: 8.4209, Entropy: 1.0922, Epsilon: 0.010
2026-04-19 09:40:57 | INFO | Episode 3549 - Reward: -200.000, Length: 200, Loss: 5.5437, Entropy: 1.0928, Epsilon: 0.010
2026-04-19 09:40:57 | INFO | Episode 3550 - Reward: -200.000, Length: 200, Loss: 30.9011, Entropy: 1.0867, Epsilon: 0.010
2026-04-19 09:40:57 | INFO | Episode 3551 - Reward: -200.000, Length: 200, Loss: 14.3748, Entropy: 1.0916, Epsilon: 0.010
2026-04-19 09:40:58 | INFO | Episode 3552 - Reward: -200.000, Length: 200, Loss: 9.1756, Entropy: 1.0891, Epsilon: 0.010
2026-04-19 09:40:58 | INFO | Episode 3553 - Reward: -200.000, Length: 200, Loss: 24.5981, Entropy: 1.0564, Epsilon: 0.010
2026-04-19 09:40:58 | INFO | Episode 3554 - Reward: -200.000, Length: 200, Loss: 9.1339, Entropy: 1.0919, Epsilon: 0.010
2026-04-19 09:40:59 | INFO | Episode 3555 - Reward: -200.000, Length: 200, Loss: 23.0367, Entropy: 1.0786, Epsilon: 0.010
2026-04-19 09:40:59 | INFO | Episode 3556 - Reward: -200.000, Length: 200, Loss: 8.7386, Entropy: 1.0871, Epsilon: 0.010
2026-04-19 09:40:59 | INFO | Episode 3557 - Reward: -200.000, Length: 200, Loss: 8.9232, Entropy: 1.0938, Epsilon: 0.010
2026-04-19 09:41:00 | INFO | Episode 3558 - Reward: -200.000, Length: 200, Loss: 13.8191, Entropy: 1.0899, Epsilon: 0.010
2026-04-19 09:41:00 | INFO | Episode 3559 - Reward: -200.000, Length: 200, Loss: 15.7243, Entropy: 1.0873, Epsilon: 0.010
2026-04-19 09:41:00 | INFO | Episode 3560 - Reward: -200.000, Length: 200, Loss: 15.5185, Entropy: 1.0719, Epsilon: 0.010
2026-04-19 09:41:01 | INFO | Episode 3561 - Reward: -200.000, Length: 200, Loss: 11.5918, Entropy: 1.0710, Epsilon: 0.010
2026-04-19 09:41:01 | INFO | Episode 3562 - Reward: -200.000, Length: 200, Loss: 13.8542, Entropy: 1.0896, Epsilon: 0.010
2026-04-19 09:41:01 | INFO | Episode 3563 - Reward: -200.000, Length: 200, Loss: -0.1877, Entropy: 1.0978, Epsilon: 0.010
2026-04-19 09:41:02 | INFO | Episode 3564 - Reward: -200.000, Length: 200, Loss: 10.6064, Entropy: 1.0897, Epsilon: 0.010
2026-04-19 09:41:02 | INFO | Episode 3565 - Reward: -200.000, Length: 200, Loss: 12.1034, Entropy: 1.0855, Epsilon: 0.010
2026-04-19 09:41:03 | INFO | Episode 3566 - Reward: -200.000, Length: 200, Loss: 13.4523, Entropy: 1.0858, Epsilon: 0.010
2026-04-19 09:41:03 | INFO | Episode 3567 - Reward: -200.000, Length: 200, Loss: 9.2989, Entropy: 1.0853, Epsilon: 0.010
2026-04-19 09:41:03 | INFO | Episode 3568 - Reward: -200.000, Length: 200, Loss: 11.1989, Entropy: 1.0957, Epsilon: 0.010
2026-04-19 09:41:04 | INFO | Episode 3569 - Reward: -200.000, Length: 200, Loss: 11.7411, Entropy: 1.0901, Epsilon: 0.010
2026-04-19 09:41:04 | INFO | Episode 3570 - Reward: -200.000, Length: 200, Loss: 17.2708, Entropy: 1.0860, Epsilon: 0.010
2026-04-19 09:41:04 | INFO | Episode 3571 - Reward: -200.000, Length: 200, Loss: 5.7115, Entropy: 1.0948, Epsilon: 0.010
2026-04-19 09:41:05 | INFO | Episode 3572 - Reward: -200.000, Length: 200, Loss: 7.9489, Entropy: 1.0939, Epsilon: 0.010
2026-04-19 09:41:05 | INFO | Episode 3573 - Reward: -200.000, Length: 200, Loss: 19.0214, Entropy: 1.0804, Epsilon: 0.010
2026-04-19 09:41:05 | INFO | Episode 3574 - Reward: -200.000, Length: 200, Loss: 20.4388, Entropy: 1.0760, Epsilon: 0.010
2026-04-19 09:41:06 | INFO | Episode 3575 - Reward: -200.000, Length: 200, Loss: 3.0919, Entropy: 1.0864, Epsilon: 0.010
2026-04-19 09:41:06 | INFO | Episode 3576 - Reward: -200.000, Length: 200, Loss: 17.5915, Entropy: 1.0845, Epsilon: 0.010
2026-04-19 09:41:06 | INFO | Episode 3577 - Reward: -200.000, Length: 200, Loss: 18.7412, Entropy: 1.0729, Epsilon: 0.010
2026-04-19 09:41:07 | INFO | Episode 3578 - Reward: -200.000, Length: 200, Loss: 22.8276, Entropy: 1.0892, Epsilon: 0.010
2026-04-19 09:41:07 | INFO | Episode 3579 - Reward: -200.000, Length: 200, Loss: 29.8685, Entropy: 1.0687, Epsilon: 0.010
2026-04-19 09:41:07 | INFO | Episode 3580 - Reward: -200.000, Length: 200, Loss: 22.1303, Entropy: 1.0772, Epsilon: 0.010
2026-04-19 09:41:08 | INFO | Episode 3581 - Reward: -200.000, Length: 200, Loss: 26.0439, Entropy: 1.0778, Epsilon: 0.010
2026-04-19 09:41:08 | INFO | Episode 3582 - Reward: -200.000, Length: 200, Loss: 14.6107, Entropy: 1.0719, Epsilon: 0.010
2026-04-19 09:41:08 | INFO | Episode 3583 - Reward: -200.000, Length: 200, Loss: 34.7242, Entropy: 1.0101, Epsilon: 0.010
2026-04-19 09:41:09 | INFO | Episode 3584 - Reward: -200.000, Length: 200, Loss: 8.9644, Entropy: 1.0651, Epsilon: 0.010
2026-04-19 09:41:09 | INFO | Episode 3585 - Reward: -200.000, Length: 200, Loss: 26.3957, Entropy: 1.0792, Epsilon: 0.010
2026-04-19 09:41:09 | INFO | Episode 3586 - Reward: -200.000, Length: 200, Loss: 20.8511, Entropy: 1.0695, Epsilon: 0.010
2026-04-19 09:41:10 | INFO | Episode 3587 - Reward: -200.000, Length: 200, Loss: 18.1007, Entropy: 1.0775, Epsilon: 0.010
2026-04-19 09:41:10 | INFO | Episode 3588 - Reward: -200.000, Length: 200, Loss: 10.3527, Entropy: 1.0831, Epsilon: 0.010
2026-04-19 09:41:10 | INFO | Episode 3589 - Reward: -200.000, Length: 200, Loss: 32.4497, Entropy: 1.0667, Epsilon: 0.010
2026-04-19 09:41:11 | INFO | Episode 3590 - Reward: -200.000, Length: 200, Loss: 8.7097, Entropy: 1.0834, Epsilon: 0.010
2026-04-19 09:41:11 | INFO | Episode 3591 - Reward: -200.000, Length: 200, Loss: 18.8328, Entropy: 1.0912, Epsilon: 0.010
2026-04-19 09:41:11 | INFO | Episode 3592 - Reward: -200.000, Length: 200, Loss: 5.5271, Entropy: 1.0740, Epsilon: 0.010
2026-04-19 09:41:12 | INFO | Episode 3593 - Reward: -200.000, Length: 200, Loss: 5.0667, Entropy: 1.0879, Epsilon: 0.010
2026-04-19 09:41:12 | INFO | Episode 3594 - Reward: -200.000, Length: 200, Loss: 21.8533, Entropy: 1.0737, Epsilon: 0.010
2026-04-19 09:41:12 | INFO | Episode 3595 - Reward: -200.000, Length: 200, Loss: 11.7010, Entropy: 1.0864, Epsilon: 0.010
2026-04-19 09:41:13 | INFO | Episode 3596 - Reward: -200.000, Length: 200, Loss: 5.8751, Entropy: 1.0927, Epsilon: 0.010
2026-04-19 09:41:13 | INFO | Episode 3597 - Reward: -200.000, Length: 200, Loss: 2.7054, Entropy: 1.0944, Epsilon: 0.010
2026-04-19 09:41:14 | INFO | Episode 3598 - Reward: -200.000, Length: 200, Loss: 20.3458, Entropy: 1.0295, Epsilon: 0.010
2026-04-19 09:41:14 | INFO | Episode 3599 - Reward: -200.000, Length: 200, Loss: 18.2374, Entropy: 1.0741, Epsilon: 0.010
2026-04-19 09:41:14 | INFO | Episode 3600 - Reward: -200.000, Length: 200, Loss: 8.7850, Entropy: 1.0887, Epsilon: 0.010
2026-04-19 09:41:19 | INFO | [Episode 3600] eps=0.010  avg_reward=-200.000  avg_length=200.00  avg_loss= 14.1792  avg_entropy=1.0887  eval_success=0.000
2026-04-19 09:41:19 | INFO | Episode 3601 - Reward: -200.000, Length: 200, Loss: 15.5646, Entropy: 1.0605, Epsilon: 0.010
2026-04-19 09:41:20 | INFO | Episode 3602 - Reward: -200.000, Length: 200, Loss: 23.6626, Entropy: 1.0717, Epsilon: 0.010
2026-04-19 09:41:20 | INFO | Episode 3603 - Reward: -200.000, Length: 200, Loss: 17.0224, Entropy: 1.0784, Epsilon: 0.010
2026-04-19 09:41:20 | INFO | Episode 3604 - Reward: -200.000, Length: 200, Loss: 8.4864, Entropy: 1.0882, Epsilon: 0.010
2026-04-19 09:41:21 | INFO | Episode 3605 - Reward: -200.000, Length: 200, Loss: 27.5529, Entropy: 1.0615, Epsilon: 0.010
2026-04-19 09:41:21 | INFO | Episode 3606 - Reward: -200.000, Length: 200, Loss: 12.2152, Entropy: 1.0805, Epsilon: 0.010
2026-04-19 09:41:21 | INFO | Episode 3607 - Reward: -200.000, Length: 200, Loss: 8.8690, Entropy: 1.0846, Epsilon: 0.010
2026-04-19 09:41:22 | INFO | Episode 3608 - Reward: -200.000, Length: 200, Loss: 17.3748, Entropy: 1.0891, Epsilon: 0.010
2026-04-19 09:41:22 | INFO | Episode 3609 - Reward: -200.000, Length: 200, Loss: 11.5954, Entropy: 1.0962, Epsilon: 0.010
2026-04-19 09:41:22 | INFO | Episode 3610 - Reward: -200.000, Length: 200, Loss: 19.4501, Entropy: 1.0873, Epsilon: 0.010
2026-04-19 09:41:23 | INFO | Episode 3611 - Reward: -200.000, Length: 200, Loss: 11.0767, Entropy: 1.0732, Epsilon: 0.010
2026-04-19 09:41:23 | INFO | Episode 3612 - Reward: -200.000, Length: 200, Loss: 11.5194, Entropy: 1.0816, Epsilon: 0.010
2026-04-19 09:41:24 | INFO | Episode 3613 - Reward: -200.000, Length: 200, Loss: 10.9476, Entropy: 1.0854, Epsilon: 0.010
2026-04-19 09:41:24 | INFO | Episode 3614 - Reward: -200.000, Length: 200, Loss: 8.4262, Entropy: 1.0831, Epsilon: 0.010
2026-04-19 09:41:24 | INFO | Episode 3615 - Reward: -200.000, Length: 200, Loss: 14.3803, Entropy: 1.0947, Epsilon: 0.010
2026-04-19 09:41:25 | INFO | Episode 3616 - Reward: -200.000, Length: 200, Loss: 14.6104, Entropy: 1.0938, Epsilon: 0.010
2026-04-19 09:41:25 | INFO | Episode 3617 - Reward: -200.000, Length: 200, Loss: 8.8476, Entropy: 1.0929, Epsilon: 0.010
2026-04-19 09:41:25 | INFO | Episode 3618 - Reward: -200.000, Length: 200, Loss: 26.6793, Entropy: 1.0660, Epsilon: 0.010
2026-04-19 09:41:26 | INFO | Episode 3619 - Reward: -200.000, Length: 200, Loss: 18.2660, Entropy: 1.0613, Epsilon: 0.010
2026-04-19 09:41:26 | INFO | Episode 3620 - Reward: -200.000, Length: 200, Loss: 5.6911, Entropy: 1.0869, Epsilon: 0.010
2026-04-19 09:41:26 | INFO | Episode 3621 - Reward: -200.000, Length: 200, Loss: 21.4363, Entropy: 1.0852, Epsilon: 0.010
2026-04-19 09:41:27 | INFO | Episode 3622 - Reward: -200.000, Length: 200, Loss: 14.9495, Entropy: 1.0879, Epsilon: 0.010
2026-04-19 09:41:27 | INFO | Episode 3623 - Reward: -200.000, Length: 200, Loss: 20.2314, Entropy: 1.0879, Epsilon: 0.010
2026-04-19 09:41:27 | INFO | Episode 3624 - Reward: -200.000, Length: 200, Loss: 11.3154, Entropy: 1.0855, Epsilon: 0.010
2026-04-19 09:41:28 | INFO | Episode 3625 - Reward: -200.000, Length: 200, Loss: 20.6290, Entropy: 1.0651, Epsilon: 0.010
2026-04-19 09:41:28 | INFO | Episode 3626 - Reward: -200.000, Length: 200, Loss: 20.3361, Entropy: 1.0908, Epsilon: 0.010
2026-04-19 09:41:28 | INFO | Episode 3627 - Reward: -200.000, Length: 200, Loss: 23.9839, Entropy: 1.0718, Epsilon: 0.010
2026-04-19 09:41:29 | INFO | Episode 3628 - Reward: -200.000, Length: 200, Loss: 17.0502, Entropy: 1.0903, Epsilon: 0.010
2026-04-19 09:41:29 | INFO | Episode 3629 - Reward: -200.000, Length: 200, Loss: 21.4262, Entropy: 1.0844, Epsilon: 0.010
2026-04-19 09:41:29 | INFO | Episode 3630 - Reward: -200.000, Length: 200, Loss: 23.0976, Entropy: 1.0719, Epsilon: 0.010
2026-04-19 09:41:30 | INFO | Episode 3631 - Reward: -200.000, Length: 200, Loss: 14.2604, Entropy: 1.0831, Epsilon: 0.010
2026-04-19 09:41:30 | INFO | Episode 3632 - Reward: -200.000, Length: 200, Loss: 18.1053, Entropy: 1.0634, Epsilon: 0.010
2026-04-19 09:41:30 | INFO | Episode 3633 - Reward: -200.000, Length: 200, Loss: 14.2831, Entropy: 1.0892, Epsilon: 0.010
2026-04-19 09:41:31 | INFO | Episode 3634 - Reward: -200.000, Length: 200, Loss: 13.7102, Entropy: 1.0924, Epsilon: 0.010
2026-04-19 09:41:31 | INFO | Episode 3635 - Reward: -200.000, Length: 200, Loss: 16.4026, Entropy: 1.0771, Epsilon: 0.010
2026-04-19 09:41:31 | INFO | Episode 3636 - Reward: -200.000, Length: 200, Loss: 19.8634, Entropy: 1.0865, Epsilon: 0.010
2026-04-19 09:41:32 | INFO | Episode 3637 - Reward: -200.000, Length: 200, Loss: 14.0824, Entropy: 1.0858, Epsilon: 0.010
2026-04-19 09:41:32 | INFO | Episode 3638 - Reward: -200.000, Length: 200, Loss: 11.2690, Entropy: 1.0928, Epsilon: 0.010
2026-04-19 09:41:32 | INFO | Episode 3639 - Reward: -200.000, Length: 200, Loss: 17.8250, Entropy: 1.0898, Epsilon: 0.010
2026-04-19 09:41:33 | INFO | Episode 3640 - Reward: -200.000, Length: 200, Loss: 2.3727, Entropy: 1.0962, Epsilon: 0.010
2026-04-19 09:41:33 | INFO | Episode 3641 - Reward: -200.000, Length: 200, Loss: 15.3576, Entropy: 1.0875, Epsilon: 0.010
2026-04-19 09:41:34 | INFO | Episode 3642 - Reward: -200.000, Length: 200, Loss: 14.2780, Entropy: 1.0915, Epsilon: 0.010
2026-04-19 09:41:34 | INFO | Episode 3643 - Reward: -200.000, Length: 200, Loss: 23.3737, Entropy: 1.0914, Epsilon: 0.010
2026-04-19 09:41:34 | INFO | Episode 3644 - Reward: -200.000, Length: 200, Loss: 8.2333, Entropy: 1.0891, Epsilon: 0.010
2026-04-19 09:41:35 | INFO | Episode 3645 - Reward: -200.000, Length: 200, Loss: 12.2160, Entropy: 1.0887, Epsilon: 0.010
2026-04-19 09:41:35 | INFO | Episode 3646 - Reward: -200.000, Length: 200, Loss: 14.9650, Entropy: 1.0844, Epsilon: 0.010
2026-04-19 09:41:35 | INFO | Episode 3647 - Reward: -200.000, Length: 200, Loss: 21.3063, Entropy: 1.0785, Epsilon: 0.010
2026-04-19 09:41:36 | INFO | Episode 3648 - Reward: -200.000, Length: 200, Loss: 7.9937, Entropy: 1.0946, Epsilon: 0.010
2026-04-19 09:41:36 | INFO | Episode 3649 - Reward: -200.000, Length: 200, Loss: 14.8404, Entropy: 1.0916, Epsilon: 0.010
2026-04-19 09:41:36 | INFO | Episode 3650 - Reward: -200.000, Length: 200, Loss: 12.3097, Entropy: 1.0800, Epsilon: 0.010
2026-04-19 09:41:37 | INFO | Episode 3651 - Reward: -200.000, Length: 200, Loss: 8.7297, Entropy: 1.0797, Epsilon: 0.010
2026-04-19 09:41:37 | INFO | Episode 3652 - Reward: -200.000, Length: 200, Loss: 20.8750, Entropy: 1.0722, Epsilon: 0.010
2026-04-19 09:41:37 | INFO | Episode 3653 - Reward: -200.000, Length: 200, Loss: 12.0779, Entropy: 1.0896, Epsilon: 0.010
2026-04-19 09:41:38 | INFO | Episode 3654 - Reward: -200.000, Length: 200, Loss: 5.4601, Entropy: 1.0933, Epsilon: 0.010
2026-04-19 09:41:38 | INFO | Episode 3655 - Reward: -200.000, Length: 200, Loss: 26.6620, Entropy: 1.0809, Epsilon: 0.010
2026-04-19 09:41:38 | INFO | Episode 3656 - Reward: -200.000, Length: 200, Loss: 17.8272, Entropy: 1.0779, Epsilon: 0.010
2026-04-19 09:41:39 | INFO | Episode 3657 - Reward: -200.000, Length: 200, Loss: 17.4203, Entropy: 1.0674, Epsilon: 0.010
2026-04-19 09:41:39 | INFO | Episode 3658 - Reward: -200.000, Length: 200, Loss: 8.2971, Entropy: 1.0927, Epsilon: 0.010
2026-04-19 09:41:39 | INFO | Episode 3659 - Reward: -200.000, Length: 200, Loss: 15.1602, Entropy: 1.0911, Epsilon: 0.010
2026-04-19 09:41:40 | INFO | Episode 3660 - Reward: -200.000, Length: 200, Loss: 19.9847, Entropy: 1.0544, Epsilon: 0.010
2026-04-19 09:41:40 | INFO | Episode 3661 - Reward: -200.000, Length: 200, Loss: 2.8141, Entropy: 1.0804, Epsilon: 0.010
2026-04-19 09:41:40 | INFO | Episode 3662 - Reward: -200.000, Length: 200, Loss: 29.6605, Entropy: 1.0827, Epsilon: 0.010
2026-04-19 09:41:41 | INFO | Episode 3663 - Reward: -200.000, Length: 200, Loss: 17.4597, Entropy: 1.0893, Epsilon: 0.010
2026-04-19 09:41:41 | INFO | Episode 3664 - Reward: -200.000, Length: 200, Loss: 18.2854, Entropy: 1.0892, Epsilon: 0.010
2026-04-19 09:41:41 | INFO | Episode 3665 - Reward: -200.000, Length: 200, Loss: 12.7075, Entropy: 1.0813, Epsilon: 0.010
2026-04-19 09:41:42 | INFO | Episode 3666 - Reward: -200.000, Length: 200, Loss: 11.2377, Entropy: 1.0880, Epsilon: 0.010
2026-04-19 09:41:42 | INFO | Episode 3667 - Reward: -200.000, Length: 200, Loss: 8.2202, Entropy: 1.0916, Epsilon: 0.010
2026-04-19 09:41:43 | INFO | Episode 3668 - Reward: -200.000, Length: 200, Loss: 23.5092, Entropy: 1.0572, Epsilon: 0.010
2026-04-19 09:41:43 | INFO | Episode 3669 - Reward: -200.000, Length: 200, Loss: 8.9160, Entropy: 1.0906, Epsilon: 0.010
2026-04-19 09:41:43 | INFO | Episode 3670 - Reward: -200.000, Length: 200, Loss: 19.9477, Entropy: 1.0899, Epsilon: 0.010
2026-04-19 09:41:44 | INFO | Episode 3671 - Reward: -200.000, Length: 200, Loss: 8.6353, Entropy: 1.0957, Epsilon: 0.010
2026-04-19 09:41:44 | INFO | Episode 3672 - Reward: -200.000, Length: 200, Loss: 27.1193, Entropy: 1.0718, Epsilon: 0.010
2026-04-19 09:41:44 | INFO | Episode 3673 - Reward: -200.000, Length: 200, Loss: 7.8531, Entropy: 1.0911, Epsilon: 0.010
2026-04-19 09:41:45 | INFO | Episode 3674 - Reward: -200.000, Length: 200, Loss: 11.2328, Entropy: 1.0930, Epsilon: 0.010
2026-04-19 09:41:45 | INFO | Episode 3675 - Reward: -200.000, Length: 200, Loss: 17.1357, Entropy: 1.0773, Epsilon: 0.010
2026-04-19 09:41:45 | INFO | Episode 3676 - Reward: -200.000, Length: 200, Loss: 30.9652, Entropy: 1.0778, Epsilon: 0.010
2026-04-19 09:41:46 | INFO | Episode 3677 - Reward: -200.000, Length: 200, Loss: 11.8946, Entropy: 1.0759, Epsilon: 0.010
2026-04-19 09:41:46 | INFO | Episode 3678 - Reward: -200.000, Length: 200, Loss: 9.0249, Entropy: 1.0904, Epsilon: 0.010
2026-04-19 09:41:46 | INFO | Episode 3679 - Reward: -200.000, Length: 200, Loss: 21.6253, Entropy: 1.0889, Epsilon: 0.010
2026-04-19 09:41:47 | INFO | Episode 3680 - Reward: -200.000, Length: 200, Loss: 15.5686, Entropy: 1.0830, Epsilon: 0.010
2026-04-19 09:41:47 | INFO | Episode 3681 - Reward: -200.000, Length: 200, Loss: 12.2939, Entropy: 1.0774, Epsilon: 0.010
2026-04-19 09:41:47 | INFO | Episode 3682 - Reward: -200.000, Length: 200, Loss: 13.9189, Entropy: 1.0838, Epsilon: 0.010
2026-04-19 09:41:48 | INFO | Episode 3683 - Reward: -200.000, Length: 200, Loss: 13.4992, Entropy: 1.0788, Epsilon: 0.010
2026-04-19 09:41:48 | INFO | Episode 3684 - Reward: -200.000, Length: 200, Loss: -0.1988, Entropy: 1.0965, Epsilon: 0.010
2026-04-19 09:41:48 | INFO | Episode 3685 - Reward: -200.000, Length: 200, Loss: 6.2751, Entropy: 1.0967, Epsilon: 0.010
2026-04-19 09:41:49 | INFO | Episode 3686 - Reward: -200.000, Length: 200, Loss: 18.8129, Entropy: 1.0846, Epsilon: 0.010
2026-04-19 09:41:49 | INFO | Episode 3687 - Reward: -200.000, Length: 200, Loss: 14.8132, Entropy: 1.0878, Epsilon: 0.010
2026-04-19 09:41:49 | INFO | Episode 3688 - Reward: -200.000, Length: 200, Loss: 18.9559, Entropy: 1.0827, Epsilon: 0.010
2026-04-19 09:41:50 | INFO | Episode 3689 - Reward: -200.000, Length: 200, Loss: 20.9594, Entropy: 1.0821, Epsilon: 0.010
2026-04-19 09:41:50 | INFO | Episode 3690 - Reward: -200.000, Length: 200, Loss: 6.2785, Entropy: 1.0945, Epsilon: 0.010
2026-04-19 09:41:50 | INFO | Episode 3691 - Reward: -200.000, Length: 200, Loss: 6.2254, Entropy: 1.0935, Epsilon: 0.010
2026-04-19 09:41:51 | INFO | Episode 3692 - Reward: -200.000, Length: 200, Loss: 16.9617, Entropy: 1.0619, Epsilon: 0.010
2026-04-19 09:41:51 | INFO | Episode 3693 - Reward: -200.000, Length: 200, Loss: 26.2706, Entropy: 1.0677, Epsilon: 0.010
2026-04-19 09:41:51 | INFO | Episode 3694 - Reward: -200.000, Length: 200, Loss: 24.9847, Entropy: 1.0773, Epsilon: 0.010
2026-04-19 09:41:52 | INFO | Episode 3695 - Reward: -200.000, Length: 200, Loss: 29.2987, Entropy: 1.0477, Epsilon: 0.010
2026-04-19 09:41:52 | INFO | Episode 3696 - Reward: -200.000, Length: 200, Loss: 12.6393, Entropy: 1.0743, Epsilon: 0.010
2026-04-19 09:41:52 | INFO | Episode 3697 - Reward: -200.000, Length: 200, Loss: 6.3929, Entropy: 1.0875, Epsilon: 0.010
2026-04-19 09:41:53 | INFO | Episode 3698 - Reward: -200.000, Length: 200, Loss: 15.8732, Entropy: 1.0926, Epsilon: 0.010
2026-04-19 09:41:53 | INFO | Episode 3699 - Reward: -200.000, Length: 200, Loss: 12.3530, Entropy: 1.0930, Epsilon: 0.010
2026-04-19 09:41:53 | INFO | Episode 3700 - Reward: -200.000, Length: 200, Loss: 5.8678, Entropy: 1.0933, Epsilon: 0.010
2026-04-19 09:41:58 | INFO | [Episode 3700] eps=0.010  avg_reward=-200.000  avg_length=200.00  avg_loss= 15.2252  avg_entropy=1.0933  eval_success=0.000
2026-04-19 09:41:59 | INFO | Episode 3701 - Reward: -200.000, Length: 200, Loss: 14.7307, Entropy: 1.0891, Epsilon: 0.010
2026-04-19 09:41:59 | INFO | Episode 3702 - Reward: -200.000, Length: 200, Loss: 15.0390, Entropy: 1.0918, Epsilon: 0.010
2026-04-19 09:41:59 | INFO | Episode 3703 - Reward: -200.000, Length: 200, Loss: 12.3579, Entropy: 1.0904, Epsilon: 0.010
2026-04-19 09:42:01 | INFO | Episode 3704 - Reward: -200.000, Length: 200, Loss: 12.5161, Entropy: 1.0883, Epsilon: 0.010
2026-04-19 09:42:02 | INFO | Episode 3705 - Reward: -200.000, Length: 200, Loss: 16.9645, Entropy: 1.0896, Epsilon: 0.010
2026-04-19 09:42:02 | INFO | Episode 3706 - Reward: -200.000, Length: 200, Loss: 12.1886, Entropy: 1.0942, Epsilon: 0.010
2026-04-19 09:42:02 | INFO | Episode 3707 - Reward: -200.000, Length: 200, Loss: 17.0684, Entropy: 1.0907, Epsilon: 0.010
2026-04-19 09:42:03 | INFO | Episode 3708 - Reward: -200.000, Length: 200, Loss: 5.8473, Entropy: 1.0907, Epsilon: 0.010
2026-04-19 09:42:03 | INFO | Episode 3709 - Reward: -200.000, Length: 200, Loss: 12.2220, Entropy: 1.0873, Epsilon: 0.010
2026-04-19 09:42:03 | INFO | Episode 3710 - Reward: -200.000, Length: 200, Loss: 37.7362, Entropy: 1.0501, Epsilon: 0.010
2026-04-19 09:42:04 | INFO | Episode 3711 - Reward: -200.000, Length: 200, Loss: 11.4145, Entropy: 1.0872, Epsilon: 0.010
2026-04-19 09:42:04 | INFO | Episode 3712 - Reward: -200.000, Length: 200, Loss: 27.1070, Entropy: 1.0595, Epsilon: 0.010
2026-04-19 09:42:04 | INFO | Episode 3713 - Reward: -200.000, Length: 200, Loss: 14.8642, Entropy: 1.0707, Epsilon: 0.010
2026-04-19 09:42:05 | INFO | Episode 3714 - Reward: -200.000, Length: 200, Loss: 8.5707, Entropy: 1.0900, Epsilon: 0.010
2026-04-19 09:42:05 | INFO | Episode 3715 - Reward: -200.000, Length: 200, Loss: 19.1842, Entropy: 1.0714, Epsilon: 0.010
2026-04-19 09:42:05 | INFO | Episode 3716 - Reward: -200.000, Length: 200, Loss: 19.9283, Entropy: 1.0796, Epsilon: 0.010
2026-04-19 09:42:06 | INFO | Episode 3717 - Reward: -200.000, Length: 200, Loss: 11.3992, Entropy: 1.0944, Epsilon: 0.010
2026-04-19 09:42:06 | INFO | Episode 3718 - Reward: -200.000, Length: 200, Loss: 11.5319, Entropy: 1.0960, Epsilon: 0.010
2026-04-19 09:42:06 | INFO | Episode 3719 - Reward: -200.000, Length: 200, Loss: 14.0288, Entropy: 1.0858, Epsilon: 0.010
2026-04-19 09:42:07 | INFO | Episode 3720 - Reward: -200.000, Length: 200, Loss: 9.0809, Entropy: 1.0902, Epsilon: 0.010
2026-04-19 09:42:07 | INFO | Episode 3721 - Reward: -200.000, Length: 200, Loss: 5.2470, Entropy: 1.0911, Epsilon: 0.010
2026-04-19 09:42:07 | INFO | Episode 3722 - Reward: -200.000, Length: 200, Loss: 14.8805, Entropy: 1.0915, Epsilon: 0.010
2026-04-19 09:42:08 | INFO | Episode 3723 - Reward: -200.000, Length: 200, Loss: 11.6369, Entropy: 1.0844, Epsilon: 0.010
2026-04-19 09:42:08 | INFO | Episode 3724 - Reward: -200.000, Length: 200, Loss: 10.5949, Entropy: 1.0891, Epsilon: 0.010
2026-04-19 09:42:09 | INFO | Episode 3725 - Reward: -200.000, Length: 200, Loss: 23.3869, Entropy: 1.0766, Epsilon: 0.010
2026-04-19 09:42:09 | INFO | Episode 3726 - Reward: -200.000, Length: 200, Loss: 13.5423, Entropy: 1.0757, Epsilon: 0.010
2026-04-19 09:42:09 | INFO | Episode 3727 - Reward: -200.000, Length: 200, Loss: 14.0920, Entropy: 1.0828, Epsilon: 0.010
2026-04-19 09:42:10 | INFO | Episode 3728 - Reward: -200.000, Length: 200, Loss: 11.3663, Entropy: 1.0728, Epsilon: 0.010
2026-04-19 09:42:10 | INFO | Episode 3729 - Reward: -200.000, Length: 200, Loss: 26.6965, Entropy: 1.0442, Epsilon: 0.010
2026-04-19 09:42:10 | INFO | Episode 3730 - Reward: -200.000, Length: 200, Loss: 8.5206, Entropy: 1.0591, Epsilon: 0.010
2026-04-19 09:42:11 | INFO | Episode 3731 - Reward: -200.000, Length: 200, Loss: 16.4929, Entropy: 1.0778, Epsilon: 0.010
2026-04-19 09:42:11 | INFO | Episode 3732 - Reward: -200.000, Length: 200, Loss: 28.7421, Entropy: 1.0798, Epsilon: 0.010
2026-04-19 09:42:11 | INFO | Episode 3733 - Reward: -200.000, Length: 200, Loss: 19.5479, Entropy: 1.0863, Epsilon: 0.010
2026-04-19 09:42:12 | INFO | Episode 3734 - Reward: -200.000, Length: 200, Loss: 17.3058, Entropy: 1.0953, Epsilon: 0.010
2026-04-19 09:42:12 | INFO | Episode 3735 - Reward: -200.000, Length: 200, Loss: 8.7737, Entropy: 1.0940, Epsilon: 0.010
2026-04-19 09:42:12 | INFO | Episode 3736 - Reward: -200.000, Length: 200, Loss: 10.5854, Entropy: 1.0893, Epsilon: 0.010
2026-04-19 09:42:13 | INFO | Episode 3737 - Reward: -200.000, Length: 200, Loss: 21.9677, Entropy: 1.0737, Epsilon: 0.010
2026-04-19 09:42:13 | INFO | Episode 3738 - Reward: -200.000, Length: 200, Loss: 14.2593, Entropy: 1.0866, Epsilon: 0.010
2026-04-19 09:42:13 | INFO | Episode 3739 - Reward: -200.000, Length: 200, Loss: 21.3834, Entropy: 1.0767, Epsilon: 0.010
2026-04-19 09:42:14 | INFO | Episode 3740 - Reward: -200.000, Length: 200, Loss: 2.3224, Entropy: 1.0949, Epsilon: 0.010
2026-04-19 09:42:14 | INFO | Episode 3741 - Reward: -200.000, Length: 200, Loss: 11.6203, Entropy: 1.0941, Epsilon: 0.010
2026-04-19 09:42:14 | INFO | Episode 3742 - Reward: -200.000, Length: 200, Loss: 11.3212, Entropy: 1.0934, Epsilon: 0.010
2026-04-19 09:42:15 | INFO | Episode 3743 - Reward: -200.000, Length: 200, Loss: 7.6528, Entropy: 1.0866, Epsilon: 0.010
2026-04-19 09:42:15 | INFO | Episode 3744 - Reward: -200.000, Length: 200, Loss: 2.4167, Entropy: 1.0944, Epsilon: 0.010
2026-04-19 09:42:15 | INFO | Episode 3745 - Reward: -200.000, Length: 200, Loss: 18.2998, Entropy: 1.0876, Epsilon: 0.010
2026-04-19 09:42:16 | INFO | Episode 3746 - Reward: -200.000, Length: 200, Loss: 19.6320, Entropy: 1.0722, Epsilon: 0.010
2026-04-19 09:42:16 | INFO | Episode 3747 - Reward: -200.000, Length: 200, Loss: 17.0705, Entropy: 1.0850, Epsilon: 0.010
2026-04-19 09:42:16 | INFO | Episode 3748 - Reward: -200.000, Length: 200, Loss: 10.7114, Entropy: 1.0774, Epsilon: 0.010
2026-04-19 09:42:17 | INFO | Episode 3749 - Reward: -200.000, Length: 200, Loss: 10.9166, Entropy: 1.0833, Epsilon: 0.010
2026-04-19 09:42:17 | INFO | Episode 3750 - Reward: -200.000, Length: 200, Loss: 5.5985, Entropy: 1.0924, Epsilon: 0.010
2026-04-19 09:42:18 | INFO | Episode 3751 - Reward: -200.000, Length: 200, Loss: 2.9164, Entropy: 1.0959, Epsilon: 0.010
2026-04-19 09:42:18 | INFO | Episode 3752 - Reward: -200.000, Length: 200, Loss: 5.5820, Entropy: 1.0941, Epsilon: 0.010
2026-04-19 09:42:18 | INFO | Episode 3753 - Reward: -200.000, Length: 200, Loss: 17.8851, Entropy: 1.0823, Epsilon: 0.010
2026-04-19 09:42:19 | INFO | Episode 3754 - Reward: -200.000, Length: 200, Loss: 14.2258, Entropy: 1.0876, Epsilon: 0.010
2026-04-19 09:42:19 | INFO | Episode 3755 - Reward: -200.000, Length: 200, Loss: 18.3045, Entropy: 1.0568, Epsilon: 0.010
2026-04-19 09:42:19 | INFO | Episode 3756 - Reward: -200.000, Length: 200, Loss: 15.0562, Entropy: 1.0691, Epsilon: 0.010
2026-04-19 09:42:20 | INFO | Episode 3757 - Reward: -200.000, Length: 200, Loss: 19.3559, Entropy: 1.0818, Epsilon: 0.010
2026-04-19 09:42:20 | INFO | Episode 3758 - Reward: -200.000, Length: 200, Loss: 17.1389, Entropy: 1.0913, Epsilon: 0.010
2026-04-19 09:42:20 | INFO | Episode 3759 - Reward: -200.000, Length: 200, Loss: 14.6962, Entropy: 1.0911, Epsilon: 0.010
2026-04-19 09:42:21 | INFO | Episode 3760 - Reward: -200.000, Length: 200, Loss: 8.3175, Entropy: 1.0900, Epsilon: 0.010
2026-04-19 09:42:21 | INFO | Episode 3761 - Reward: -200.000, Length: 200, Loss: 20.9227, Entropy: 1.0766, Epsilon: 0.010
2026-04-19 09:42:21 | INFO | Episode 3762 - Reward: -200.000, Length: 200, Loss: 19.6688, Entropy: 1.0736, Epsilon: 0.010
2026-04-19 09:42:22 | INFO | Episode 3763 - Reward: -200.000, Length: 200, Loss: 5.8760, Entropy: 1.0957, Epsilon: 0.010
2026-04-19 09:42:22 | INFO | Episode 3764 - Reward: -200.000, Length: 200, Loss: 12.2295, Entropy: 1.0871, Epsilon: 0.010
2026-04-19 09:42:22 | INFO | Episode 3765 - Reward: -200.000, Length: 200, Loss: 11.6642, Entropy: 1.0927, Epsilon: 0.010
2026-04-19 09:42:23 | INFO | Episode 3766 - Reward: -200.000, Length: 200, Loss: 18.3006, Entropy: 1.0874, Epsilon: 0.010
2026-04-19 09:42:23 | INFO | Episode 3767 - Reward: -200.000, Length: 200, Loss: 21.0629, Entropy: 1.0814, Epsilon: 0.010
2026-04-19 09:42:23 | INFO | Episode 3768 - Reward: -200.000, Length: 200, Loss: 19.1162, Entropy: 1.0659, Epsilon: 0.010
2026-04-19 09:42:24 | INFO | Episode 3769 - Reward: -200.000, Length: 200, Loss: 32.7036, Entropy: 1.0717, Epsilon: 0.010
2026-04-19 09:42:24 | INFO | Episode 3770 - Reward: -200.000, Length: 200, Loss: 11.7990, Entropy: 1.0841, Epsilon: 0.010
2026-04-19 09:42:24 | INFO | Episode 3771 - Reward: -200.000, Length: 200, Loss: 26.1456, Entropy: 1.0617, Epsilon: 0.010
2026-04-19 09:42:25 | INFO | Episode 3772 - Reward: -200.000, Length: 200, Loss: 15.7431, Entropy: 1.0762, Epsilon: 0.010
2026-04-19 09:42:25 | INFO | Episode 3773 - Reward: -200.000, Length: 200, Loss: 3.1907, Entropy: 1.0945, Epsilon: 0.010
2026-04-19 09:42:25 | INFO | Episode 3774 - Reward: -200.000, Length: 200, Loss: 19.0758, Entropy: 1.0815, Epsilon: 0.010
2026-04-19 09:42:26 | INFO | Episode 3775 - Reward: -200.000, Length: 200, Loss: 27.2123, Entropy: 1.0681, Epsilon: 0.010
2026-04-19 09:42:26 | INFO | Episode 3776 - Reward: -200.000, Length: 200, Loss: 14.5881, Entropy: 1.0440, Epsilon: 0.010
2026-04-19 09:42:26 | INFO | Episode 3777 - Reward: -200.000, Length: 200, Loss: 31.2882, Entropy: 1.0741, Epsilon: 0.010
2026-04-19 09:42:27 | INFO | Episode 3778 - Reward: -200.000, Length: 200, Loss: 16.9555, Entropy: 1.0939, Epsilon: 0.010
2026-04-19 09:42:27 | INFO | Episode 3779 - Reward: -200.000, Length: 200, Loss: 19.4146, Entropy: 1.0878, Epsilon: 0.010
2026-04-19 09:42:27 | INFO | Episode 3780 - Reward: -200.000, Length: 200, Loss: 13.9369, Entropy: 1.0851, Epsilon: 0.010
2026-04-19 09:42:28 | INFO | Episode 3781 - Reward: -200.000, Length: 200, Loss: 18.9716, Entropy: 1.0700, Epsilon: 0.010
2026-04-19 09:42:28 | INFO | Episode 3782 - Reward: -200.000, Length: 200, Loss: 17.0289, Entropy: 1.0886, Epsilon: 0.010
2026-04-19 09:42:28 | INFO | Episode 3783 - Reward: -200.000, Length: 200, Loss: 29.0512, Entropy: 1.0750, Epsilon: 0.010
2026-04-19 09:42:29 | INFO | Episode 3784 - Reward: -200.000, Length: 200, Loss: 18.0417, Entropy: 1.0719, Epsilon: 0.010
2026-04-19 09:42:29 | INFO | Episode 3785 - Reward: -200.000, Length: 200, Loss: 8.5699, Entropy: 1.0858, Epsilon: 0.010
2026-04-19 09:42:29 | INFO | Episode 3786 - Reward: -200.000, Length: 200, Loss: 11.5779, Entropy: 1.0874, Epsilon: 0.010
2026-04-19 09:42:30 | INFO | Episode 3787 - Reward: -200.000, Length: 200, Loss: 13.2570, Entropy: 1.0943, Epsilon: 0.010
2026-04-19 09:42:30 | INFO | Episode 3788 - Reward: -200.000, Length: 200, Loss: 22.3303, Entropy: 1.0941, Epsilon: 0.010
2026-04-19 09:42:30 | INFO | Episode 3789 - Reward: -200.000, Length: 200, Loss: 11.5068, Entropy: 1.0917, Epsilon: 0.010
2026-04-19 09:42:31 | INFO | Episode 3790 - Reward: -200.000, Length: 200, Loss: 17.6893, Entropy: 1.0892, Epsilon: 0.010
2026-04-19 09:42:31 | INFO | Episode 3791 - Reward: -200.000, Length: 200, Loss: 10.7815, Entropy: 1.0811, Epsilon: 0.010
2026-04-19 09:42:31 | INFO | Episode 3792 - Reward: -200.000, Length: 200, Loss: 19.5533, Entropy: 1.0787, Epsilon: 0.010
2026-04-19 09:42:32 | INFO | Episode 3793 - Reward: -200.000, Length: 200, Loss: 15.1259, Entropy: 1.0761, Epsilon: 0.010
2026-04-19 09:42:32 | INFO | Episode 3794 - Reward: -200.000, Length: 200, Loss: 5.7372, Entropy: 1.0822, Epsilon: 0.010
2026-04-19 09:42:32 | INFO | Episode 3795 - Reward: -200.000, Length: 200, Loss: 11.9461, Entropy: 1.0628, Epsilon: 0.010
2026-04-19 09:42:33 | INFO | Episode 3796 - Reward: -200.000, Length: 200, Loss: 19.3134, Entropy: 1.0934, Epsilon: 0.010
2026-04-19 09:42:33 | INFO | Episode 3797 - Reward: -200.000, Length: 200, Loss: 17.2903, Entropy: 1.0868, Epsilon: 0.010
2026-04-19 09:42:34 | INFO | Episode 3798 - Reward: -200.000, Length: 200, Loss: 16.8290, Entropy: 1.0921, Epsilon: 0.010
2026-04-19 09:42:34 | INFO | Episode 3799 - Reward: -200.000, Length: 200, Loss: 8.4449, Entropy: 1.0677, Epsilon: 0.010
2026-04-19 09:42:34 | INFO | Episode 3800 - Reward: -200.000, Length: 200, Loss: 16.6367, Entropy: 1.0928, Epsilon: 0.010
2026-04-19 09:42:39 | INFO | [Episode 3800] eps=0.010  avg_reward=-200.000  avg_length=200.00  avg_loss= 15.2442  avg_entropy=1.0928  eval_success=0.000
2026-04-19 09:42:40 | INFO | Episode 3801 - Reward: -200.000, Length: 200, Loss: 15.6869, Entropy: 1.0828, Epsilon: 0.010
2026-04-19 09:42:40 | INFO | Episode 3802 - Reward: -200.000, Length: 200, Loss: 24.0409, Entropy: 1.0794, Epsilon: 0.010
2026-04-19 09:42:41 | INFO | Episode 3803 - Reward: -200.000, Length: 200, Loss: 7.5811, Entropy: 1.0917, Epsilon: 0.010
2026-04-19 09:42:41 | INFO | Episode 3804 - Reward: -200.000, Length: 200, Loss: 8.0435, Entropy: 1.0956, Epsilon: 0.010
2026-04-19 09:42:41 | INFO | Episode 3805 - Reward: -200.000, Length: 200, Loss: 13.9042, Entropy: 1.0904, Epsilon: 0.010
2026-04-19 09:42:42 | INFO | Episode 3806 - Reward: -200.000, Length: 200, Loss: 10.7277, Entropy: 1.0943, Epsilon: 0.010
2026-04-19 09:42:42 | INFO | Episode 3807 - Reward: -200.000, Length: 200, Loss: 8.4376, Entropy: 1.0919, Epsilon: 0.010
2026-04-19 09:42:42 | INFO | Episode 3808 - Reward: -200.000, Length: 200, Loss: 13.3615, Entropy: 1.0951, Epsilon: 0.010
2026-04-19 09:42:43 | INFO | Episode 3809 - Reward: -200.000, Length: 200, Loss: 2.8076, Entropy: 1.0926, Epsilon: 0.010
2026-04-19 09:42:43 | INFO | Episode 3810 - Reward: -200.000, Length: 200, Loss: 15.6897, Entropy: 1.0939, Epsilon: 0.010
2026-04-19 09:42:43 | INFO | Episode 3811 - Reward: -200.000, Length: 200, Loss: 11.2434, Entropy: 1.0863, Epsilon: 0.010
2026-04-19 09:42:44 | INFO | Episode 3812 - Reward: -200.000, Length: 200, Loss: 5.6941, Entropy: 1.0875, Epsilon: 0.010
2026-04-19 09:42:44 | INFO | Episode 3813 - Reward: -200.000, Length: 200, Loss: 5.2044, Entropy: 1.0952, Epsilon: 0.010
2026-04-19 09:42:44 | INFO | Episode 3814 - Reward: -200.000, Length: 200, Loss: 18.4466, Entropy: 1.0890, Epsilon: 0.010
2026-04-19 09:42:45 | INFO | Episode 3815 - Reward: -200.000, Length: 200, Loss: 19.2570, Entropy: 1.0673, Epsilon: 0.010
2026-04-19 09:42:45 | INFO | Episode 3816 - Reward: -200.000, Length: 200, Loss: 11.1693, Entropy: 1.0697, Epsilon: 0.010
2026-04-19 09:42:45 | INFO | Episode 3817 - Reward: -200.000, Length: 200, Loss: 2.6773, Entropy: 1.0845, Epsilon: 0.010
2026-04-19 09:42:46 | INFO | Episode 3818 - Reward: -200.000, Length: 200, Loss: 10.9780, Entropy: 1.0863, Epsilon: 0.010
2026-04-19 09:42:46 | INFO | Episode 3819 - Reward: -200.000, Length: 200, Loss: 13.4352, Entropy: 1.0902, Epsilon: 0.010
2026-04-19 09:42:46 | INFO | Episode 3820 - Reward: -200.000, Length: 200, Loss: 31.5561, Entropy: 1.0869, Epsilon: 0.010
2026-04-19 09:42:47 | INFO | Episode 3821 - Reward: -200.000, Length: 200, Loss: 13.3937, Entropy: 1.0927, Epsilon: 0.010
2026-04-19 09:42:47 | INFO | Episode 3822 - Reward: -200.000, Length: 200, Loss: 10.8369, Entropy: 1.0909, Epsilon: 0.010
2026-04-19 09:42:47 | INFO | Episode 3823 - Reward: -200.000, Length: 200, Loss: 10.5126, Entropy: 1.0924, Epsilon: 0.010
2026-04-19 09:42:48 | INFO | Episode 3824 - Reward: -200.000, Length: 200, Loss: 12.5062, Entropy: 1.0854, Epsilon: 0.010
2026-04-19 09:42:48 | INFO | Episode 3825 - Reward: -200.000, Length: 200, Loss: 18.5230, Entropy: 1.0847, Epsilon: 0.010
2026-04-19 09:42:48 | INFO | Episode 3826 - Reward: -200.000, Length: 200, Loss: 17.3221, Entropy: 1.0878, Epsilon: 0.010
2026-04-19 09:42:49 | INFO | Episode 3827 - Reward: -200.000, Length: 200, Loss: 14.2547, Entropy: 1.0569, Epsilon: 0.010
2026-04-19 09:42:49 | INFO | Episode 3828 - Reward: -200.000, Length: 200, Loss: 13.2541, Entropy: 1.0914, Epsilon: 0.010
2026-04-19 09:42:49 | INFO | Episode 3829 - Reward: -200.000, Length: 200, Loss: 15.4773, Entropy: 1.0894, Epsilon: 0.010
2026-04-19 09:42:50 | INFO | Episode 3830 - Reward: -200.000, Length: 200, Loss: 20.7424, Entropy: 1.0860, Epsilon: 0.010
2026-04-19 09:42:50 | INFO | Episode 3831 - Reward: -200.000, Length: 200, Loss: 8.1617, Entropy: 1.0901, Epsilon: 0.010
2026-04-19 09:42:51 | INFO | Episode 3832 - Reward: -200.000, Length: 200, Loss: 8.2265, Entropy: 1.0854, Epsilon: 0.010
2026-04-19 09:42:51 | INFO | Episode 3833 - Reward: -200.000, Length: 200, Loss: 7.6046, Entropy: 1.0888, Epsilon: 0.010
2026-04-19 09:42:51 | INFO | Episode 3834 - Reward: -200.000, Length: 200, Loss: 13.3871, Entropy: 1.0929, Epsilon: 0.010
2026-04-19 09:42:52 | INFO | Episode 3835 - Reward: -200.000, Length: 200, Loss: 15.3482, Entropy: 1.0903, Epsilon: 0.010
2026-04-19 09:42:52 | INFO | Episode 3836 - Reward: -200.000, Length: 200, Loss: 12.6808, Entropy: 1.0851, Epsilon: 0.010
2026-04-19 09:42:52 | INFO | Episode 3837 - Reward: -200.000, Length: 200, Loss: 5.6039, Entropy: 1.0868, Epsilon: 0.010
2026-04-19 09:42:53 | INFO | Episode 3838 - Reward: -200.000, Length: 200, Loss: 2.4237, Entropy: 1.0954, Epsilon: 0.010
2026-04-19 09:42:53 | INFO | Episode 3839 - Reward: -200.000, Length: 200, Loss: 7.8491, Entropy: 1.0922, Epsilon: 0.010
2026-04-19 09:42:53 | INFO | Episode 3840 - Reward: -200.000, Length: 200, Loss: 18.6670, Entropy: 1.0924, Epsilon: 0.010
2026-04-19 09:42:54 | INFO | Episode 3841 - Reward: -200.000, Length: 200, Loss: 11.0345, Entropy: 1.0768, Epsilon: 0.010
2026-04-19 09:42:54 | INFO | Episode 3842 - Reward: -200.000, Length: 200, Loss: 18.7077, Entropy: 1.0844, Epsilon: 0.010
2026-04-19 09:42:54 | INFO | Episode 3843 - Reward: -200.000, Length: 200, Loss: 11.0883, Entropy: 1.0746, Epsilon: 0.010
2026-04-19 09:42:55 | INFO | Episode 3844 - Reward: -200.000, Length: 200, Loss: 7.6946, Entropy: 1.0955, Epsilon: 0.010
2026-04-19 09:42:55 | INFO | Episode 3845 - Reward: -200.000, Length: 200, Loss: 5.5564, Entropy: 1.0895, Epsilon: 0.010
2026-04-19 09:42:55 | INFO | Episode 3846 - Reward: -200.000, Length: 200, Loss: 21.4547, Entropy: 1.0905, Epsilon: 0.010
2026-04-19 09:42:56 | INFO | Episode 3847 - Reward: -200.000, Length: 200, Loss: 15.4675, Entropy: 1.0932, Epsilon: 0.010
2026-04-19 09:42:56 | INFO | Episode 3848 - Reward: -200.000, Length: 200, Loss: 8.0623, Entropy: 1.0889, Epsilon: 0.010
2026-04-19 09:42:56 | INFO | Episode 3849 - Reward: -200.000, Length: 200, Loss: 13.7992, Entropy: 1.0831, Epsilon: 0.010
2026-04-19 09:42:57 | INFO | Episode 3850 - Reward: -200.000, Length: 200, Loss: 7.3530, Entropy: 1.0925, Epsilon: 0.010
2026-04-19 09:42:57 | INFO | Episode 3851 - Reward: -200.000, Length: 200, Loss: 21.1501, Entropy: 1.0855, Epsilon: 0.010
2026-04-19 09:42:57 | INFO | Episode 3852 - Reward: -200.000, Length: 200, Loss: 5.3649, Entropy: 1.0961, Epsilon: 0.010
2026-04-19 09:42:58 | INFO | Episode 3853 - Reward: -200.000, Length: 200, Loss: 21.8316, Entropy: 1.0837, Epsilon: 0.010
2026-04-19 09:42:58 | INFO | Episode 3854 - Reward: -200.000, Length: 200, Loss: 22.1831, Entropy: 1.0657, Epsilon: 0.010
2026-04-19 09:42:58 | INFO | Episode 3855 - Reward: -200.000, Length: 200, Loss: 5.2259, Entropy: 1.0942, Epsilon: 0.010
2026-04-19 09:42:59 | INFO | Episode 3856 - Reward: -200.000, Length: 200, Loss: 17.7540, Entropy: 1.0735, Epsilon: 0.010
2026-04-19 09:42:59 | INFO | Episode 3857 - Reward: -200.000, Length: 200, Loss: 23.5327, Entropy: 1.0820, Epsilon: 0.010
2026-04-19 09:42:59 | INFO | Episode 3858 - Reward: -200.000, Length: 200, Loss: 10.7203, Entropy: 1.0955, Epsilon: 0.010
2026-04-19 09:43:00 | INFO | Episode 3859 - Reward: -200.000, Length: 200, Loss: 5.3229, Entropy: 1.0945, Epsilon: 0.010
2026-04-19 09:43:00 | INFO | Episode 3860 - Reward: -200.000, Length: 200, Loss: 7.8808, Entropy: 1.0915, Epsilon: 0.010
2026-04-19 09:43:00 | INFO | Episode 3861 - Reward: -200.000, Length: 200, Loss: 10.6964, Entropy: 1.0897, Epsilon: 0.010
2026-04-19 09:43:01 | INFO | Episode 3862 - Reward: -200.000, Length: 200, Loss: 28.3296, Entropy: 1.0451, Epsilon: 0.010
2026-04-19 09:43:01 | INFO | Episode 3863 - Reward: -200.000, Length: 200, Loss: 26.8085, Entropy: 1.0568, Epsilon: 0.010
2026-04-19 09:43:01 | INFO | Episode 3864 - Reward: -200.000, Length: 200, Loss: 5.6935, Entropy: 1.0956, Epsilon: 0.010
2026-04-19 09:43:02 | INFO | Episode 3865 - Reward: -200.000, Length: 200, Loss: 8.2708, Entropy: 1.0913, Epsilon: 0.010
2026-04-19 09:43:02 | INFO | Episode 3866 - Reward: -200.000, Length: 200, Loss: 17.2114, Entropy: 1.0849, Epsilon: 0.010
2026-04-19 09:43:02 | INFO | Episode 3867 - Reward: -200.000, Length: 200, Loss: 16.6686, Entropy: 1.0857, Epsilon: 0.010
2026-04-19 09:43:03 | INFO | Episode 3868 - Reward: -200.000, Length: 200, Loss: 14.3858, Entropy: 1.0846, Epsilon: 0.010
2026-04-19 09:43:03 | INFO | Episode 3869 - Reward: -200.000, Length: 200, Loss: 22.6931, Entropy: 1.0573, Epsilon: 0.010
2026-04-19 09:43:03 | INFO | Episode 3870 - Reward: -200.000, Length: 200, Loss: 5.1580, Entropy: 1.0894, Epsilon: 0.010
2026-04-19 09:43:04 | INFO | Episode 3871 - Reward: -200.000, Length: 200, Loss: 20.0545, Entropy: 1.0890, Epsilon: 0.010
2026-04-19 09:43:04 | INFO | Episode 3872 - Reward: -200.000, Length: 200, Loss: 17.4262, Entropy: 1.0825, Epsilon: 0.010
2026-04-19 09:43:04 | INFO | Episode 3873 - Reward: -200.000, Length: 200, Loss: 5.5198, Entropy: 1.0933, Epsilon: 0.010
2026-04-19 09:43:05 | INFO | Episode 3874 - Reward: -200.000, Length: 200, Loss: 20.3479, Entropy: 1.0876, Epsilon: 0.010
2026-04-19 09:43:05 | INFO | Episode 3875 - Reward: -200.000, Length: 200, Loss: 17.2564, Entropy: 1.0730, Epsilon: 0.010
2026-04-19 09:43:05 | INFO | Episode 3876 - Reward: -200.000, Length: 200, Loss: 5.3222, Entropy: 1.0954, Epsilon: 0.010
2026-04-19 09:43:06 | INFO | Episode 3877 - Reward: -200.000, Length: 200, Loss: 10.9208, Entropy: 1.0895, Epsilon: 0.010
2026-04-19 09:43:06 | INFO | Episode 3878 - Reward: -200.000, Length: 200, Loss: 16.8194, Entropy: 1.0843, Epsilon: 0.010
2026-04-19 09:43:07 | INFO | Episode 3879 - Reward: -200.000, Length: 200, Loss: 8.1421, Entropy: 1.0887, Epsilon: 0.010
2026-04-19 09:43:07 | INFO | Episode 3880 - Reward: -200.000, Length: 200, Loss: 19.6459, Entropy: 1.0835, Epsilon: 0.010
2026-04-19 09:43:07 | INFO | Episode 3881 - Reward: -200.000, Length: 200, Loss: 19.6008, Entropy: 1.0887, Epsilon: 0.010
2026-04-19 09:43:08 | INFO | Episode 3882 - Reward: -200.000, Length: 200, Loss: 11.6486, Entropy: 1.0818, Epsilon: 0.010
2026-04-19 09:43:08 | INFO | Episode 3883 - Reward: -200.000, Length: 200, Loss: 5.0496, Entropy: 1.0947, Epsilon: 0.010
2026-04-19 09:43:08 | INFO | Episode 3884 - Reward: -200.000, Length: 200, Loss: 14.5326, Entropy: 1.0890, Epsilon: 0.010
2026-04-19 09:43:09 | INFO | Episode 3885 - Reward: -200.000, Length: 200, Loss: 22.9389, Entropy: 1.0853, Epsilon: 0.010
2026-04-19 09:43:09 | INFO | Episode 3886 - Reward: -200.000, Length: 200, Loss: 2.4087, Entropy: 1.0963, Epsilon: 0.010
2026-04-19 09:43:09 | INFO | Episode 3887 - Reward: -200.000, Length: 200, Loss: 13.7480, Entropy: 1.0845, Epsilon: 0.010
2026-04-19 09:43:10 | INFO | Episode 3888 - Reward: -200.000, Length: 200, Loss: 8.3280, Entropy: 1.0870, Epsilon: 0.010
2026-04-19 09:43:10 | INFO | Episode 3889 - Reward: -200.000, Length: 200, Loss: 8.6668, Entropy: 1.0950, Epsilon: 0.010
2026-04-19 09:43:10 | INFO | Episode 3890 - Reward: -200.000, Length: 200, Loss: 16.9152, Entropy: 1.0901, Epsilon: 0.010
2026-04-19 09:43:11 | INFO | Episode 3891 - Reward: -200.000, Length: 200, Loss: 11.7617, Entropy: 1.0893, Epsilon: 0.010
2026-04-19 09:43:11 | INFO | Episode 3892 - Reward: -200.000, Length: 200, Loss: 8.2445, Entropy: 1.0953, Epsilon: 0.010
2026-04-19 09:43:11 | INFO | Episode 3893 - Reward: -200.000, Length: 200, Loss: 8.6056, Entropy: 1.0948, Epsilon: 0.010
2026-04-19 09:43:12 | INFO | Episode 3894 - Reward: -200.000, Length: 200, Loss: 14.2613, Entropy: 1.0952, Epsilon: 0.010
2026-04-19 09:43:12 | INFO | Episode 3895 - Reward: -200.000, Length: 200, Loss: 5.9966, Entropy: 1.0944, Epsilon: 0.010
2026-04-19 09:43:12 | INFO | Episode 3896 - Reward: -200.000, Length: 200, Loss: 11.3374, Entropy: 1.0929, Epsilon: 0.010
2026-04-19 09:43:13 | INFO | Episode 3897 - Reward: -200.000, Length: 200, Loss: 12.0034, Entropy: 1.0884, Epsilon: 0.010
2026-04-19 09:43:13 | INFO | Episode 3898 - Reward: -200.000, Length: 200, Loss: 17.6685, Entropy: 1.0627, Epsilon: 0.010
2026-04-19 09:43:13 | INFO | Episode 3899 - Reward: -200.000, Length: 200, Loss: 14.6738, Entropy: 1.0914, Epsilon: 0.010
2026-04-19 09:43:14 | INFO | Episode 3900 - Reward: -200.000, Length: 200, Loss: 11.0919, Entropy: 1.0826, Epsilon: 0.010
2026-04-19 09:43:19 | INFO | [Episode 3900] eps=0.010  avg_reward=-200.000  avg_length=200.00  avg_loss= 12.9476  avg_entropy=1.0826  eval_success=0.000
2026-04-19 09:43:19 | INFO | Episode 3901 - Reward: -200.000, Length: 200, Loss: 11.9055, Entropy: 1.0888, Epsilon: 0.010
2026-04-19 09:43:19 | INFO | Episode 3902 - Reward: -200.000, Length: 200, Loss: 13.5468, Entropy: 1.0816, Epsilon: 0.010
2026-04-19 09:43:20 | INFO | Episode 3903 - Reward: -200.000, Length: 200, Loss: 24.0883, Entropy: 1.0780, Epsilon: 0.010
2026-04-19 09:43:20 | INFO | Episode 3904 - Reward: -200.000, Length: 200, Loss: 17.3710, Entropy: 1.0876, Epsilon: 0.010
2026-04-19 09:43:20 | INFO | Episode 3905 - Reward: -200.000, Length: 200, Loss: 22.3333, Entropy: 1.0857, Epsilon: 0.010
2026-04-19 09:43:21 | INFO | Episode 3906 - Reward: -200.000, Length: 200, Loss: 11.9813, Entropy: 1.0876, Epsilon: 0.010
2026-04-19 09:43:21 | INFO | Episode 3907 - Reward: -200.000, Length: 200, Loss: 23.8853, Entropy: 1.0590, Epsilon: 0.010
2026-04-19 09:43:21 | INFO | Episode 3908 - Reward: -200.000, Length: 200, Loss: 11.2292, Entropy: 1.0852, Epsilon: 0.010
2026-04-19 09:43:22 | INFO | Episode 3909 - Reward: -200.000, Length: 200, Loss: 20.2028, Entropy: 1.0794, Epsilon: 0.010
2026-04-19 09:43:22 | INFO | Episode 3910 - Reward: -200.000, Length: 200, Loss: 14.9782, Entropy: 1.0784, Epsilon: 0.010
2026-04-19 09:43:22 | INFO | Episode 3911 - Reward: -200.000, Length: 200, Loss: 5.9381, Entropy: 1.0902, Epsilon: 0.010
2026-04-19 09:43:23 | INFO | Episode 3912 - Reward: -200.000, Length: 200, Loss: 11.8851, Entropy: 1.0724, Epsilon: 0.010
2026-04-19 09:43:23 | INFO | Episode 3913 - Reward: -200.000, Length: 200, Loss: 12.2296, Entropy: 1.0787, Epsilon: 0.010
2026-04-19 09:43:24 | INFO | Episode 3914 - Reward: -200.000, Length: 200, Loss: 15.6717, Entropy: 1.0682, Epsilon: 0.010
2026-04-19 09:43:24 | INFO | Episode 3915 - Reward: -200.000, Length: 200, Loss: 14.8389, Entropy: 1.0899, Epsilon: 0.010
2026-04-19 09:43:24 | INFO | Episode 3916 - Reward: -200.000, Length: 200, Loss: 12.5561, Entropy: 1.0828, Epsilon: 0.010
2026-04-19 09:43:25 | INFO | Episode 3917 - Reward: -200.000, Length: 200, Loss: 17.4162, Entropy: 1.0903, Epsilon: 0.010
2026-04-19 09:43:25 | INFO | Episode 3918 - Reward: -200.000, Length: 200, Loss: 15.5415, Entropy: 1.0925, Epsilon: 0.010
2026-04-19 09:43:25 | INFO | Episode 3919 - Reward: -200.000, Length: 200, Loss: 17.3766, Entropy: 1.0809, Epsilon: 0.010
2026-04-19 09:43:26 | INFO | Episode 3920 - Reward: -200.000, Length: 200, Loss: 9.1163, Entropy: 1.0819, Epsilon: 0.010
2026-04-19 09:43:26 | INFO | Episode 3921 - Reward: -200.000, Length: 200, Loss: 17.9113, Entropy: 1.0784, Epsilon: 0.010
2026-04-19 09:43:26 | INFO | Episode 3922 - Reward: -200.000, Length: 200, Loss: 18.4265, Entropy: 1.0874, Epsilon: 0.010
2026-04-19 09:43:27 | INFO | Episode 3923 - Reward: -200.000, Length: 200, Loss: 11.3926, Entropy: 1.0907, Epsilon: 0.010
2026-04-19 09:43:27 | INFO | Episode 3924 - Reward: -200.000, Length: 200, Loss: 23.6595, Entropy: 1.0726, Epsilon: 0.010
2026-04-19 09:43:27 | INFO | Episode 3925 - Reward: -200.000, Length: 200, Loss: 21.0944, Entropy: 1.0829, Epsilon: 0.010
2026-04-19 09:43:28 | INFO | Episode 3926 - Reward: -200.000, Length: 200, Loss: 23.9238, Entropy: 1.0888, Epsilon: 0.010
2026-04-19 09:43:28 | INFO | Episode 3927 - Reward: -200.000, Length: 200, Loss: 13.9228, Entropy: 1.0816, Epsilon: 0.010
2026-04-19 09:43:28 | INFO | Episode 3928 - Reward: -200.000, Length: 200, Loss: 5.8245, Entropy: 1.0879, Epsilon: 0.010
2026-04-19 09:43:29 | INFO | Episode 3929 - Reward: -200.000, Length: 200, Loss: 3.0502, Entropy: 1.0971, Epsilon: 0.010
2026-04-19 09:43:29 | INFO | Episode 3930 - Reward: -200.000, Length: 200, Loss: 17.5950, Entropy: 1.0852, Epsilon: 0.010
2026-04-19 09:43:29 | INFO | Episode 3931 - Reward: -200.000, Length: 200, Loss: 3.0189, Entropy: 1.0965, Epsilon: 0.010
2026-04-19 09:43:30 | INFO | Episode 3932 - Reward: -200.000, Length: 200, Loss: 23.7616, Entropy: 1.0913, Epsilon: 0.010
2026-04-19 09:43:30 | INFO | Episode 3933 - Reward: -200.000, Length: 200, Loss: 9.3110, Entropy: 1.0918, Epsilon: 0.010
2026-04-19 09:43:30 | INFO | Episode 3934 - Reward: -200.000, Length: 200, Loss: 31.6554, Entropy: 1.0346, Epsilon: 0.010
2026-04-19 09:43:31 | INFO | Episode 3935 - Reward: -200.000, Length: 200, Loss: 17.6546, Entropy: 1.0596, Epsilon: 0.010
2026-04-19 09:43:31 | INFO | Episode 3936 - Reward: -200.000, Length: 200, Loss: 18.7179, Entropy: 1.0667, Epsilon: 0.010
2026-04-19 09:43:31 | INFO | Episode 3937 - Reward: -200.000, Length: 200, Loss: 9.6200, Entropy: 1.0638, Epsilon: 0.010
2026-04-19 09:43:32 | INFO | Episode 3938 - Reward: -200.000, Length: 200, Loss: 15.4890, Entropy: 1.0908, Epsilon: 0.010
2026-04-19 09:43:32 | INFO | Episode 3939 - Reward: -200.000, Length: 200, Loss: 12.4161, Entropy: 1.0945, Epsilon: 0.010
2026-04-19 09:43:32 | INFO | Episode 3940 - Reward: -200.000, Length: 200, Loss: 17.2843, Entropy: 1.0665, Epsilon: 0.010
2026-04-19 09:43:33 | INFO | Episode 3941 - Reward: -200.000, Length: 200, Loss: 15.4291, Entropy: 1.0775, Epsilon: 0.010
2026-04-19 09:43:33 | INFO | Episode 3942 - Reward: -200.000, Length: 200, Loss: 14.6737, Entropy: 1.0881, Epsilon: 0.010
2026-04-19 09:43:33 | INFO | Episode 3943 - Reward: -200.000, Length: 200, Loss: 18.3903, Entropy: 1.0891, Epsilon: 0.010
2026-04-19 09:43:34 | INFO | Episode 3944 - Reward: -200.000, Length: 200, Loss: 12.0346, Entropy: 1.0882, Epsilon: 0.010
2026-04-19 09:43:34 | INFO | Episode 3945 - Reward: -200.000, Length: 200, Loss: 11.2628, Entropy: 1.0638, Epsilon: 0.010
2026-04-19 09:43:34 | INFO | Episode 3946 - Reward: -200.000, Length: 200, Loss: 12.6060, Entropy: 1.0906, Epsilon: 0.010
2026-04-19 09:43:35 | INFO | Episode 3947 - Reward: -200.000, Length: 200, Loss: 6.1448, Entropy: 1.0943, Epsilon: 0.010
2026-04-19 09:43:35 | INFO | Episode 3948 - Reward: -200.000, Length: 200, Loss: 6.5113, Entropy: 1.0923, Epsilon: 0.010
2026-04-19 09:43:35 | INFO | Episode 3949 - Reward: -200.000, Length: 200, Loss: 24.3169, Entropy: 1.0833, Epsilon: 0.010
2026-04-19 09:43:36 | INFO | Episode 3950 - Reward: -200.000, Length: 200, Loss: 15.8278, Entropy: 1.0707, Epsilon: 0.010
2026-04-19 09:43:36 | INFO | Episode 3951 - Reward: -200.000, Length: 200, Loss: 6.1243, Entropy: 1.0892, Epsilon: 0.010
2026-04-19 09:43:37 | INFO | Episode 3952 - Reward: -200.000, Length: 200, Loss: 20.9513, Entropy: 1.0892, Epsilon: 0.010
2026-04-19 09:43:37 | INFO | Episode 3953 - Reward: -200.000, Length: 200, Loss: 18.4407, Entropy: 1.0894, Epsilon: 0.010
2026-04-19 09:43:37 | INFO | Episode 3954 - Reward: -200.000, Length: 200, Loss: 19.6769, Entropy: 1.0059, Epsilon: 0.010
2026-04-19 09:43:38 | INFO | Episode 3955 - Reward: -200.000, Length: 200, Loss: 3.0976, Entropy: 1.0749, Epsilon: 0.010
2026-04-19 09:43:38 | INFO | Episode 3956 - Reward: -200.000, Length: 200, Loss: 8.9552, Entropy: 1.0932, Epsilon: 0.010
2026-04-19 09:43:38 | INFO | Episode 3957 - Reward: -200.000, Length: 200, Loss: 6.3539, Entropy: 1.0960, Epsilon: 0.010
2026-04-19 09:43:39 | INFO | Episode 3958 - Reward: -200.000, Length: 200, Loss: 9.6305, Entropy: 1.0866, Epsilon: 0.010
2026-04-19 09:43:39 | INFO | Episode 3959 - Reward: -200.000, Length: 200, Loss: 15.4323, Entropy: 1.0930, Epsilon: 0.010
2026-04-19 09:43:39 | INFO | Episode 3960 - Reward: -200.000, Length: 200, Loss: 21.7277, Entropy: 1.0905, Epsilon: 0.010
2026-04-19 09:43:40 | INFO | Episode 3961 - Reward: -200.000, Length: 200, Loss: 8.7742, Entropy: 1.0935, Epsilon: 0.010
2026-04-19 09:43:40 | INFO | Episode 3962 - Reward: -200.000, Length: 200, Loss: 18.5542, Entropy: 1.0819, Epsilon: 0.010
2026-04-19 09:43:40 | INFO | Episode 3963 - Reward: -200.000, Length: 200, Loss: 15.5889, Entropy: 1.0843, Epsilon: 0.010
2026-04-19 09:43:41 | INFO | Episode 3964 - Reward: -200.000, Length: 200, Loss: 11.7336, Entropy: 1.0901, Epsilon: 0.010
2026-04-19 09:43:41 | INFO | Episode 3965 - Reward: -200.000, Length: 200, Loss: 12.3500, Entropy: 1.0825, Epsilon: 0.010
2026-04-19 09:43:41 | INFO | Episode 3966 - Reward: -200.000, Length: 200, Loss: 8.3131, Entropy: 1.0910, Epsilon: 0.010
2026-04-19 09:43:42 | INFO | Episode 3967 - Reward: -200.000, Length: 200, Loss: 14.9630, Entropy: 1.0755, Epsilon: 0.010
2026-04-19 09:43:42 | INFO | Episode 3968 - Reward: -200.000, Length: 200, Loss: 24.8232, Entropy: 1.0826, Epsilon: 0.010
2026-04-19 09:43:42 | INFO | Episode 3969 - Reward: -200.000, Length: 200, Loss: 6.0976, Entropy: 1.0843, Epsilon: 0.010
2026-04-19 09:43:43 | INFO | Episode 3970 - Reward: -200.000, Length: 200, Loss: 10.7863, Entropy: 1.0862, Epsilon: 0.010
2026-04-19 09:43:43 | INFO | Episode 3971 - Reward: -200.000, Length: 200, Loss: 17.5442, Entropy: 1.0877, Epsilon: 0.010
2026-04-19 09:43:44 | INFO | Episode 3972 - Reward: -200.000, Length: 200, Loss: 26.5821, Entropy: 1.0851, Epsilon: 0.010
2026-04-19 09:43:44 | INFO | Episode 3973 - Reward: -200.000, Length: 200, Loss: 5.5135, Entropy: 1.0938, Epsilon: 0.010
2026-04-19 09:43:44 | INFO | Episode 3974 - Reward: -200.000, Length: 200, Loss: 20.5712, Entropy: 1.0809, Epsilon: 0.010
2026-04-19 09:43:45 | INFO | Episode 3975 - Reward: -200.000, Length: 200, Loss: 24.7018, Entropy: 1.0799, Epsilon: 0.010
2026-04-19 09:43:45 | INFO | Episode 3976 - Reward: -200.000, Length: 200, Loss: 11.5573, Entropy: 1.0870, Epsilon: 0.010
2026-04-19 09:43:45 | INFO | Episode 3977 - Reward: -200.000, Length: 200, Loss: 8.3774, Entropy: 1.0929, Epsilon: 0.010
2026-04-19 09:43:46 | INFO | Episode 3978 - Reward: -200.000, Length: 200, Loss: 23.9473, Entropy: 1.0842, Epsilon: 0.010
2026-04-19 09:43:46 | INFO | Episode 3979 - Reward: -200.000, Length: 200, Loss: 5.2036, Entropy: 1.0936, Epsilon: 0.010
2026-04-19 09:43:46 | INFO | Episode 3980 - Reward: -200.000, Length: 200, Loss: 20.3409, Entropy: 1.0830, Epsilon: 0.010
2026-04-19 09:43:47 | INFO | Episode 3981 - Reward: -200.000, Length: 200, Loss: 17.9864, Entropy: 1.0937, Epsilon: 0.010
2026-04-19 09:43:47 | INFO | Episode 3982 - Reward: -200.000, Length: 200, Loss: 6.1034, Entropy: 1.0933, Epsilon: 0.010
2026-04-19 09:43:47 | INFO | Episode 3983 - Reward: -200.000, Length: 200, Loss: 24.5881, Entropy: 1.0641, Epsilon: 0.010
2026-04-19 09:43:48 | INFO | Episode 3984 - Reward: -200.000, Length: 200, Loss: 17.7034, Entropy: 1.0871, Epsilon: 0.010
2026-04-19 09:43:48 | INFO | Episode 3985 - Reward: -200.000, Length: 200, Loss: 20.6480, Entropy: 1.0644, Epsilon: 0.010
2026-04-19 09:43:48 | INFO | Episode 3986 - Reward: -200.000, Length: 200, Loss: 15.1729, Entropy: 1.0822, Epsilon: 0.010
2026-04-19 09:43:49 | INFO | Episode 3987 - Reward: -200.000, Length: 200, Loss: 20.7782, Entropy: 1.0518, Epsilon: 0.010
2026-04-19 09:43:49 | INFO | Episode 3988 - Reward: -200.000, Length: 200, Loss: 8.9536, Entropy: 1.0937, Epsilon: 0.010
2026-04-19 09:43:49 | INFO | Episode 3989 - Reward: -200.000, Length: 200, Loss: 6.1885, Entropy: 1.0924, Epsilon: 0.010
2026-04-19 09:43:50 | INFO | Episode 3990 - Reward: -200.000, Length: 200, Loss: 17.8158, Entropy: 1.0649, Epsilon: 0.010
2026-04-19 09:43:50 | INFO | Episode 3991 - Reward: -200.000, Length: 200, Loss: 14.3628, Entropy: 1.0878, Epsilon: 0.010
2026-04-19 09:43:50 | INFO | Episode 3992 - Reward: -200.000, Length: 200, Loss: 11.5263, Entropy: 1.0868, Epsilon: 0.010
2026-04-19 09:43:51 | INFO | Episode 3993 - Reward: -200.000, Length: 200, Loss: 8.5324, Entropy: 1.0945, Epsilon: 0.010
2026-04-19 09:43:51 | INFO | Episode 3994 - Reward: -200.000, Length: 200, Loss: 18.5129, Entropy: 1.0904, Epsilon: 0.010
2026-04-19 09:43:51 | INFO | Episode 3995 - Reward: -200.000, Length: 200, Loss: 22.8888, Entropy: 1.0756, Epsilon: 0.010
2026-04-19 09:43:52 | INFO | Episode 3996 - Reward: -200.000, Length: 200, Loss: 23.7271, Entropy: 1.0741, Epsilon: 0.010
2026-04-19 09:43:52 | INFO | Episode 3997 - Reward: -200.000, Length: 200, Loss: 22.3371, Entropy: 1.0718, Epsilon: 0.010
2026-04-19 09:43:52 | INFO | Episode 3998 - Reward: -200.000, Length: 200, Loss: 21.8193, Entropy: 1.0692, Epsilon: 0.010
2026-04-19 09:43:53 | INFO | Episode 3999 - Reward: -200.000, Length: 200, Loss: 12.3457, Entropy: 1.0614, Epsilon: 0.010
2026-04-19 09:43:53 | INFO | Episode 4000 - Reward: -200.000, Length: 200, Loss: 9.3448, Entropy: 1.0859, Epsilon: 0.010
2026-04-19 09:43:58 | INFO | [Episode 4000] eps=0.010  avg_reward=-200.000  avg_length=200.00  avg_loss= 15.0507  avg_entropy=1.0859  eval_success=0.000
2026-04-19 09:43:58 | INFO | Episode 4001 - Reward: -200.000, Length: 200, Loss: 12.1129, Entropy: 1.0863, Epsilon: 0.010
2026-04-19 09:43:59 | INFO | Episode 4002 - Reward: -200.000, Length: 200, Loss: 17.8872, Entropy: 1.0841, Epsilon: 0.010
2026-04-19 09:43:59 | INFO | Episode 4003 - Reward: -200.000, Length: 200, Loss: 6.3360, Entropy: 1.0948, Epsilon: 0.010
2026-04-19 09:43:59 | INFO | Episode 4004 - Reward: -200.000, Length: 200, Loss: 22.5698, Entropy: 1.0805, Epsilon: 0.010
2026-04-19 09:44:00 | INFO | Episode 4005 - Reward: -200.000, Length: 200, Loss: 15.7614, Entropy: 1.0755, Epsilon: 0.010
2026-04-19 09:44:00 | INFO | Episode 4006 - Reward: -200.000, Length: 200, Loss: 27.5637, Entropy: 1.0799, Epsilon: 0.010
2026-04-19 09:44:00 | INFO | Episode 4007 - Reward: -200.000, Length: 200, Loss: 28.1183, Entropy: 1.0822, Epsilon: 0.010
2026-04-19 09:44:01 | INFO | Episode 4008 - Reward: -200.000, Length: 200, Loss: 21.8944, Entropy: 1.0699, Epsilon: 0.010
2026-04-19 09:44:01 | INFO | Episode 4009 - Reward: -200.000, Length: 200, Loss: 18.6803, Entropy: 1.0723, Epsilon: 0.010
2026-04-19 09:44:01 | INFO | Episode 4010 - Reward: -200.000, Length: 200, Loss: 14.9019, Entropy: 1.0872, Epsilon: 0.010
2026-04-19 09:44:02 | INFO | Episode 4011 - Reward: -200.000, Length: 200, Loss: 28.2427, Entropy: 1.0111, Epsilon: 0.010
2026-04-19 09:44:02 | INFO | Episode 4012 - Reward: -200.000, Length: 200, Loss: 30.1160, Entropy: 1.0727, Epsilon: 0.010
2026-04-19 09:44:02 | INFO | Episode 4013 - Reward: -200.000, Length: 200, Loss: 12.0425, Entropy: 1.0875, Epsilon: 0.010
2026-04-19 09:44:03 | INFO | Episode 4014 - Reward: -200.000, Length: 200, Loss: 24.9770, Entropy: 1.0757, Epsilon: 0.010
2026-04-19 09:44:03 | INFO | Episode 4015 - Reward: -200.000, Length: 200, Loss: 18.0766, Entropy: 1.0785, Epsilon: 0.010
2026-04-19 09:44:03 | INFO | Episode 4016 - Reward: -200.000, Length: 200, Loss: 11.7825, Entropy: 1.0917, Epsilon: 0.010
2026-04-19 09:44:04 | INFO | Episode 4017 - Reward: -200.000, Length: 200, Loss: 11.9696, Entropy: 1.0936, Epsilon: 0.010
2026-04-19 09:44:04 | INFO | Episode 4018 - Reward: -200.000, Length: 200, Loss: 18.4060, Entropy: 1.0872, Epsilon: 0.010
2026-04-19 09:44:04 | INFO | Episode 4019 - Reward: -200.000, Length: 200, Loss: 11.0413, Entropy: 1.0813, Epsilon: 0.010
2026-04-19 09:44:05 | INFO | Episode 4020 - Reward: -200.000, Length: 200, Loss: 11.0961, Entropy: 1.0934, Epsilon: 0.010
2026-04-19 09:44:05 | INFO | Episode 4021 - Reward: -200.000, Length: 200, Loss: 12.2886, Entropy: 1.0741, Epsilon: 0.010
2026-04-19 09:44:05 | INFO | Episode 4022 - Reward: -200.000, Length: 200, Loss: 12.0931, Entropy: 1.0839, Epsilon: 0.010
2026-04-19 09:44:06 | INFO | Episode 4023 - Reward: -200.000, Length: 200, Loss: 19.6740, Entropy: 1.0841, Epsilon: 0.010
2026-04-19 09:44:06 | INFO | Episode 4024 - Reward: -200.000, Length: 200, Loss: 22.5287, Entropy: 1.0684, Epsilon: 0.010
2026-04-19 09:44:06 | INFO | Episode 4025 - Reward: -200.000, Length: 200, Loss: 18.0066, Entropy: 1.0767, Epsilon: 0.010
2026-04-19 09:44:07 | INFO | Episode 4026 - Reward: -200.000, Length: 200, Loss: 17.0148, Entropy: 1.0889, Epsilon: 0.010
2026-04-19 09:44:07 | INFO | Episode 4027 - Reward: -200.000, Length: 200, Loss: 2.6963, Entropy: 1.0936, Epsilon: 0.010
2026-04-19 09:44:08 | INFO | Episode 4028 - Reward: -200.000, Length: 200, Loss: 13.7075, Entropy: 1.0758, Epsilon: 0.010
2026-04-19 09:44:08 | INFO | Episode 4029 - Reward: -200.000, Length: 200, Loss: 8.0699, Entropy: 1.0857, Epsilon: 0.010
2026-04-19 09:44:08 | INFO | Episode 4030 - Reward: -200.000, Length: 200, Loss: 14.0472, Entropy: 1.0930, Epsilon: 0.010
2026-04-19 09:44:09 | INFO | Episode 4031 - Reward: -200.000, Length: 200, Loss: 16.0586, Entropy: 1.0763, Epsilon: 0.010
2026-04-19 09:44:09 | INFO | Episode 4032 - Reward: -200.000, Length: 200, Loss: 12.8159, Entropy: 1.0534, Epsilon: 0.010
2026-04-19 09:44:09 | INFO | Episode 4033 - Reward: -200.000, Length: 200, Loss: 14.7795, Entropy: 1.0716, Epsilon: 0.010
2026-04-19 09:44:10 | INFO | Episode 4034 - Reward: -200.000, Length: 200, Loss: 28.3662, Entropy: 1.0829, Epsilon: 0.010
2026-04-19 09:44:10 | INFO | Episode 4035 - Reward: -200.000, Length: 200, Loss: 23.4596, Entropy: 1.0554, Epsilon: 0.010
2026-04-19 09:44:10 | INFO | Episode 4036 - Reward: -200.000, Length: 200, Loss: 6.0105, Entropy: 1.0875, Epsilon: 0.010
2026-04-19 09:44:11 | INFO | Episode 4037 - Reward: -200.000, Length: 200, Loss: 20.9332, Entropy: 1.0771, Epsilon: 0.010
2026-04-19 09:44:11 | INFO | Episode 4038 - Reward: -200.000, Length: 200, Loss: 29.1396, Entropy: 1.0834, Epsilon: 0.010
2026-04-19 09:44:11 | INFO | Episode 4039 - Reward: -200.000, Length: 200, Loss: 14.3394, Entropy: 1.0925, Epsilon: 0.010
2026-04-19 09:44:12 | INFO | Episode 4040 - Reward: -200.000, Length: 200, Loss: 16.7887, Entropy: 1.0916, Epsilon: 0.010
2026-04-19 09:44:14 | INFO | Episode 4041 - Reward: -200.000, Length: 200, Loss: 13.9951, Entropy: 1.0932, Epsilon: 0.010
2026-04-19 09:44:14 | INFO | Episode 4042 - Reward: -200.000, Length: 200, Loss: 25.8593, Entropy: 1.0923, Epsilon: 0.010
2026-04-19 09:44:14 | INFO | Episode 4043 - Reward: -200.000, Length: 200, Loss: 26.3000, Entropy: 1.0827, Epsilon: 0.010
2026-04-19 09:44:15 | INFO | Episode 4044 - Reward: -200.000, Length: 200, Loss: 19.9063, Entropy: 1.0791, Epsilon: 0.010
2026-04-19 09:44:15 | INFO | Episode 4045 - Reward: -200.000, Length: 200, Loss: 20.5951, Entropy: 1.0362, Epsilon: 0.010
2026-04-19 09:44:15 | INFO | Episode 4046 - Reward: -200.000, Length: 200, Loss: 18.7279, Entropy: 1.0852, Epsilon: 0.010
2026-04-19 09:44:16 | INFO | Episode 4047 - Reward: -200.000, Length: 200, Loss: 14.2149, Entropy: 1.0868, Epsilon: 0.010
2026-04-19 09:44:16 | INFO | Episode 4048 - Reward: -200.000, Length: 200, Loss: 8.5732, Entropy: 1.0776, Epsilon: 0.010
2026-04-19 09:44:16 | INFO | Episode 4049 - Reward: -200.000, Length: 200, Loss: 23.1560, Entropy: 1.0777, Epsilon: 0.010
2026-04-19 09:44:17 | INFO | Episode 4050 - Reward: -200.000, Length: 200, Loss: 13.9985, Entropy: 1.0617, Epsilon: 0.010
2026-04-19 09:44:17 | INFO | Episode 4051 - Reward: -200.000, Length: 200, Loss: 14.6951, Entropy: 1.0793, Epsilon: 0.010
2026-04-19 09:44:17 | INFO | Episode 4052 - Reward: -200.000, Length: 200, Loss: 17.6834, Entropy: 1.0698, Epsilon: 0.010
2026-04-19 09:44:18 | INFO | Episode 4053 - Reward: -200.000, Length: 200, Loss: 5.7334, Entropy: 1.0897, Epsilon: 0.010
2026-04-19 09:44:18 | INFO | Episode 4054 - Reward: -200.000, Length: 200, Loss: 14.6219, Entropy: 1.0818, Epsilon: 0.010
2026-04-19 09:44:19 | INFO | Episode 4055 - Reward: -200.000, Length: 200, Loss: 15.1710, Entropy: 1.0881, Epsilon: 0.010
2026-04-19 09:44:19 | INFO | Episode 4056 - Reward: -200.000, Length: 200, Loss: 2.8752, Entropy: 1.0913, Epsilon: 0.010
2026-04-19 09:44:19 | INFO | Episode 4057 - Reward: -200.000, Length: 200, Loss: 11.3885, Entropy: 1.0751, Epsilon: 0.010
2026-04-19 09:44:20 | INFO | Episode 4058 - Reward: -200.000, Length: 200, Loss: 11.2465, Entropy: 1.0960, Epsilon: 0.010
2026-04-19 09:44:20 | INFO | Episode 4059 - Reward: -200.000, Length: 200, Loss: 2.9567, Entropy: 1.0964, Epsilon: 0.010
2026-04-19 09:44:20 | INFO | Episode 4060 - Reward: -200.000, Length: 200, Loss: 18.5038, Entropy: 1.0789, Epsilon: 0.010
2026-04-19 09:44:21 | INFO | Episode 4061 - Reward: -200.000, Length: 200, Loss: 17.4944, Entropy: 1.0589, Epsilon: 0.010
2026-04-19 09:44:21 | INFO | Episode 4062 - Reward: -200.000, Length: 200, Loss: 14.2714, Entropy: 1.0719, Epsilon: 0.010
2026-04-19 09:44:21 | INFO | Episode 4063 - Reward: -200.000, Length: 200, Loss: 14.5172, Entropy: 1.0637, Epsilon: 0.010
2026-04-19 09:44:22 | INFO | Episode 4064 - Reward: -200.000, Length: 200, Loss: 16.7105, Entropy: 1.0889, Epsilon: 0.010
2026-04-19 09:44:22 | INFO | Episode 4065 - Reward: -200.000, Length: 200, Loss: 8.9572, Entropy: 1.0871, Epsilon: 0.010
2026-04-19 09:44:22 | INFO | Episode 4066 - Reward: -200.000, Length: 200, Loss: 16.9990, Entropy: 1.0914, Epsilon: 0.010
2026-04-19 09:44:23 | INFO | Episode 4067 - Reward: -200.000, Length: 200, Loss: 11.3062, Entropy: 1.0911, Epsilon: 0.010
2026-04-19 09:44:23 | INFO | Episode 4068 - Reward: -200.000, Length: 200, Loss: -0.1756, Entropy: 1.0959, Epsilon: 0.010
2026-04-19 09:44:23 | INFO | Episode 4069 - Reward: -200.000, Length: 200, Loss: 14.3385, Entropy: 1.0965, Epsilon: 0.010
2026-04-19 09:44:24 | INFO | Episode 4070 - Reward: -200.000, Length: 200, Loss: 17.2133, Entropy: 1.0834, Epsilon: 0.010
2026-04-19 09:44:24 | INFO | Episode 4071 - Reward: -200.000, Length: 200, Loss: 8.9195, Entropy: 1.0872, Epsilon: 0.010
2026-04-19 09:44:24 | INFO | Episode 4072 - Reward: -200.000, Length: 200, Loss: 8.3986, Entropy: 1.0897, Epsilon: 0.010
2026-04-19 09:44:25 | INFO | Episode 4073 - Reward: -200.000, Length: 200, Loss: 23.4772, Entropy: 1.0855, Epsilon: 0.010
2026-04-19 09:44:25 | INFO | Episode 4074 - Reward: -200.000, Length: 200, Loss: 11.9352, Entropy: 1.0906, Epsilon: 0.010
2026-04-19 09:44:25 | INFO | Episode 4075 - Reward: -200.000, Length: 200, Loss: 18.2465, Entropy: 1.0801, Epsilon: 0.010
2026-04-19 09:44:26 | INFO | Episode 4076 - Reward: -200.000, Length: 200, Loss: 15.3648, Entropy: 1.0811, Epsilon: 0.010
2026-04-19 09:44:26 | INFO | Episode 4077 - Reward: -200.000, Length: 200, Loss: 9.0786, Entropy: 1.0892, Epsilon: 0.010
2026-04-19 09:44:26 | INFO | Episode 4078 - Reward: -200.000, Length: 200, Loss: 31.8520, Entropy: 1.0838, Epsilon: 0.010
2026-04-19 09:44:27 | INFO | Episode 4079 - Reward: -200.000, Length: 200, Loss: 23.5965, Entropy: 1.0768, Epsilon: 0.010
2026-04-19 09:44:27 | INFO | Episode 4080 - Reward: -200.000, Length: 200, Loss: 6.0101, Entropy: 1.0928, Epsilon: 0.010
2026-04-19 09:44:27 | INFO | Episode 4081 - Reward: -200.000, Length: 200, Loss: 20.6693, Entropy: 1.0834, Epsilon: 0.010
2026-04-19 09:44:28 | INFO | Episode 4082 - Reward: -200.000, Length: 200, Loss: 5.6037, Entropy: 1.0932, Epsilon: 0.010
2026-04-19 09:44:28 | INFO | Episode 4083 - Reward: -200.000, Length: 200, Loss: 18.0762, Entropy: 1.0913, Epsilon: 0.010
2026-04-19 09:44:29 | INFO | Episode 4084 - Reward: -200.000, Length: 200, Loss: 14.7676, Entropy: 1.0861, Epsilon: 0.010
2026-04-19 09:44:29 | INFO | Episode 4085 - Reward: -200.000, Length: 200, Loss: 15.1643, Entropy: 1.0858, Epsilon: 0.010
2026-04-19 09:44:29 | INFO | Episode 4086 - Reward: -200.000, Length: 200, Loss: 21.8329, Entropy: 1.0800, Epsilon: 0.010
2026-04-19 09:44:30 | INFO | Episode 4087 - Reward: -200.000, Length: 200, Loss: 29.8616, Entropy: 1.0508, Epsilon: 0.010
2026-04-19 09:44:30 | INFO | Episode 4088 - Reward: -200.000, Length: 200, Loss: 2.9945, Entropy: 1.0954, Epsilon: 0.010
2026-04-19 09:44:30 | INFO | Episode 4089 - Reward: -200.000, Length: 200, Loss: 18.5054, Entropy: 1.0860, Epsilon: 0.010
2026-04-19 09:44:31 | INFO | Episode 4090 - Reward: -200.000, Length: 200, Loss: 21.7052, Entropy: 1.0835, Epsilon: 0.010
2026-04-19 09:44:31 | INFO | Episode 4091 - Reward: -200.000, Length: 200, Loss: 15.2191, Entropy: 1.0872, Epsilon: 0.010
2026-04-19 09:44:31 | INFO | Episode 4092 - Reward: -200.000, Length: 200, Loss: 15.5607, Entropy: 1.0944, Epsilon: 0.010
2026-04-19 09:44:32 | INFO | Episode 4093 - Reward: -200.000, Length: 200, Loss: 15.7046, Entropy: 1.0871, Epsilon: 0.010
2026-04-19 09:44:32 | INFO | Episode 4094 - Reward: -200.000, Length: 200, Loss: 14.6458, Entropy: 1.0834, Epsilon: 0.010
2026-04-19 09:44:32 | INFO | Episode 4095 - Reward: -200.000, Length: 200, Loss: 24.6940, Entropy: 1.0794, Epsilon: 0.010
2026-04-19 09:44:33 | INFO | Episode 4096 - Reward: -200.000, Length: 200, Loss: 31.7867, Entropy: 1.0726, Epsilon: 0.010
2026-04-19 09:44:33 | INFO | Episode 4097 - Reward: -200.000, Length: 200, Loss: 17.1593, Entropy: 1.0946, Epsilon: 0.010
2026-04-19 09:44:33 | INFO | Episode 4098 - Reward: -200.000, Length: 200, Loss: 17.3752, Entropy: 1.0602, Epsilon: 0.010
2026-04-19 09:44:34 | INFO | Episode 4099 - Reward: -200.000, Length: 200, Loss: 20.4839, Entropy: 1.0807, Epsilon: 0.010
2026-04-19 09:44:34 | INFO | Episode 4100 - Reward: -200.000, Length: 200, Loss: 19.6955, Entropy: 1.0873, Epsilon: 0.010
2026-04-19 09:44:39 | INFO | [Episode 4100] eps=0.010  avg_reward=-200.000  avg_length=200.00  avg_loss= 16.3661  avg_entropy=1.0873  eval_success=0.000
2026-04-19 09:44:40 | INFO | Episode 4101 - Reward: -200.000, Length: 200, Loss: 2.9326, Entropy: 1.0963, Epsilon: 0.010
2026-04-19 09:44:40 | INFO | Episode 4102 - Reward: -200.000, Length: 200, Loss: 20.0850, Entropy: 1.0764, Epsilon: 0.010
2026-04-19 09:44:40 | INFO | Episode 4103 - Reward: -200.000, Length: 200, Loss: 14.3376, Entropy: 1.0884, Epsilon: 0.010
2026-04-19 09:44:41 | INFO | Episode 4104 - Reward: -200.000, Length: 200, Loss: 20.0084, Entropy: 1.0924, Epsilon: 0.010
2026-04-19 09:44:41 | INFO | Episode 4105 - Reward: -200.000, Length: 200, Loss: 12.0646, Entropy: 1.0937, Epsilon: 0.010
2026-04-19 09:44:41 | INFO | Episode 4106 - Reward: -200.000, Length: 200, Loss: 11.2278, Entropy: 1.0875, Epsilon: 0.010
2026-04-19 09:44:42 | INFO | Episode 4107 - Reward: -200.000, Length: 200, Loss: 17.7150, Entropy: 1.0779, Epsilon: 0.010
2026-04-19 09:44:42 | INFO | Episode 4108 - Reward: -200.000, Length: 200, Loss: 8.6852, Entropy: 1.0867, Epsilon: 0.010
2026-04-19 09:44:42 | INFO | Episode 4109 - Reward: -200.000, Length: 200, Loss: 8.7782, Entropy: 1.0945, Epsilon: 0.010
2026-04-19 09:44:43 | INFO | Episode 4110 - Reward: -200.000, Length: 200, Loss: 26.5427, Entropy: 1.0692, Epsilon: 0.010
2026-04-19 09:44:43 | INFO | Episode 4111 - Reward: -200.000, Length: 200, Loss: 35.9339, Entropy: 1.0229, Epsilon: 0.010
2026-04-19 09:44:44 | INFO | Episode 4112 - Reward: -200.000, Length: 200, Loss: 25.5601, Entropy: 1.0616, Epsilon: 0.010
2026-04-19 09:44:44 | INFO | Episode 4113 - Reward: -200.000, Length: 200, Loss: 2.4269, Entropy: 1.0918, Epsilon: 0.010
2026-04-19 09:44:44 | INFO | Episode 4114 - Reward: -200.000, Length: 200, Loss: 8.3330, Entropy: 1.0884, Epsilon: 0.010
2026-04-19 09:44:45 | INFO | Episode 4115 - Reward: -200.000, Length: 200, Loss: 11.3488, Entropy: 1.0875, Epsilon: 0.010
2026-04-19 09:44:45 | INFO | Episode 4116 - Reward: -200.000, Length: 200, Loss: 5.4891, Entropy: 1.0938, Epsilon: 0.010
2026-04-19 09:44:45 | INFO | Episode 4117 - Reward: -200.000, Length: 200, Loss: 11.0205, Entropy: 1.0683, Epsilon: 0.010
2026-04-19 09:44:46 | INFO | Episode 4118 - Reward: -200.000, Length: 200, Loss: 11.5930, Entropy: 1.0896, Epsilon: 0.010
2026-04-19 09:44:46 | INFO | Episode 4119 - Reward: -200.000, Length: 200, Loss: 17.7180, Entropy: 1.0892, Epsilon: 0.010
2026-04-19 09:44:46 | INFO | Episode 4120 - Reward: -200.000, Length: 200, Loss: 5.6478, Entropy: 1.0872, Epsilon: 0.010
2026-04-19 09:44:47 | INFO | Episode 4121 - Reward: -200.000, Length: 200, Loss: 17.5891, Entropy: 1.0923, Epsilon: 0.010
2026-04-19 09:44:47 | INFO | Episode 4122 - Reward: -200.000, Length: 200, Loss: 9.0292, Entropy: 1.0916, Epsilon: 0.010
2026-04-19 09:44:48 | INFO | Episode 4123 - Reward: -200.000, Length: 200, Loss: 32.2782, Entropy: 1.0858, Epsilon: 0.010
2026-04-19 09:44:48 | INFO | Episode 4124 - Reward: -200.000, Length: 200, Loss: 8.8223, Entropy: 1.0935, Epsilon: 0.010
2026-04-19 09:44:48 | INFO | Episode 4125 - Reward: -200.000, Length: 200, Loss: 20.4016, Entropy: 1.0901, Epsilon: 0.010
2026-04-19 09:44:49 | INFO | Episode 4126 - Reward: -200.000, Length: 200, Loss: 8.6007, Entropy: 1.0866, Epsilon: 0.010
2026-04-19 09:44:49 | INFO | Episode 4127 - Reward: -200.000, Length: 200, Loss: 17.6281, Entropy: 1.0878, Epsilon: 0.010
2026-04-19 09:44:49 | INFO | Episode 4128 - Reward: -200.000, Length: 200, Loss: 20.6902, Entropy: 1.0736, Epsilon: 0.010
2026-04-19 09:44:50 | INFO | Episode 4129 - Reward: -200.000, Length: 200, Loss: 5.7445, Entropy: 1.0926, Epsilon: 0.010
2026-04-19 09:44:50 | INFO | Episode 4130 - Reward: -200.000, Length: 200, Loss: 20.3983, Entropy: 1.0876, Epsilon: 0.010
2026-04-19 09:44:50 | INFO | Episode 4131 - Reward: -200.000, Length: 200, Loss: 10.2283, Entropy: 1.0851, Epsilon: 0.010
2026-04-19 09:44:51 | INFO | Episode 4132 - Reward: -200.000, Length: 200, Loss: 8.8001, Entropy: 1.0845, Epsilon: 0.010
2026-04-19 09:44:51 | INFO | Episode 4133 - Reward: -200.000, Length: 200, Loss: 22.9514, Entropy: 1.0659, Epsilon: 0.010
2026-04-19 09:44:51 | INFO | Episode 4134 - Reward: -200.000, Length: 200, Loss: 8.0370, Entropy: 1.0765, Epsilon: 0.010
2026-04-19 09:44:52 | INFO | Episode 4135 - Reward: -200.000, Length: 200, Loss: -0.2100, Entropy: 1.0963, Epsilon: 0.010
2026-04-19 09:44:52 | INFO | Episode 4136 - Reward: -200.000, Length: 200, Loss: 14.2397, Entropy: 1.0829, Epsilon: 0.010
2026-04-19 09:44:53 | INFO | Episode 4137 - Reward: -200.000, Length: 200, Loss: 8.5159, Entropy: 1.0909, Epsilon: 0.010
2026-04-19 09:44:53 | INFO | Episode 4138 - Reward: -200.000, Length: 200, Loss: 10.6993, Entropy: 1.0946, Epsilon: 0.010
2026-04-19 09:44:53 | INFO | Episode 4139 - Reward: -200.000, Length: 200, Loss: 20.1399, Entropy: 1.0895, Epsilon: 0.010
2026-04-19 09:44:54 | INFO | Episode 4140 - Reward: -200.000, Length: 200, Loss: 17.4448, Entropy: 1.0781, Epsilon: 0.010
2026-04-19 09:44:54 | INFO | Episode 4141 - Reward: -200.000, Length: 200, Loss: 25.1896, Entropy: 1.0175, Epsilon: 0.010
2026-04-19 09:44:54 | INFO | Episode 4142 - Reward: -200.000, Length: 200, Loss: -0.1933, Entropy: 1.0952, Epsilon: 0.010
2026-04-19 09:44:55 | INFO | Episode 4143 - Reward: -200.000, Length: 200, Loss: 10.4119, Entropy: 1.0950, Epsilon: 0.010
2026-04-19 09:44:55 | INFO | Episode 4144 - Reward: -200.000, Length: 200, Loss: 5.2782, Entropy: 1.0937, Epsilon: 0.010
2026-04-19 09:44:55 | INFO | Episode 4145 - Reward: -200.000, Length: 200, Loss: 10.5622, Entropy: 1.0853, Epsilon: 0.010
2026-04-19 09:44:56 | INFO | Episode 4146 - Reward: -200.000, Length: 200, Loss: 19.0312, Entropy: 1.0881, Epsilon: 0.010
2026-04-19 09:44:56 | INFO | Episode 4147 - Reward: -200.000, Length: 200, Loss: 15.7192, Entropy: 1.0774, Epsilon: 0.010
2026-04-19 09:44:56 | INFO | Episode 4148 - Reward: -200.000, Length: 200, Loss: 15.8735, Entropy: 1.0739, Epsilon: 0.010
2026-04-19 09:44:57 | INFO | Episode 4149 - Reward: -200.000, Length: 200, Loss: 11.2492, Entropy: 1.0905, Epsilon: 0.010
2026-04-19 09:44:57 | INFO | Episode 4150 - Reward: -200.000, Length: 200, Loss: 16.7161, Entropy: 1.0857, Epsilon: 0.010
2026-04-19 09:44:58 | INFO | Episode 4151 - Reward: -200.000, Length: 200, Loss: 9.9957, Entropy: 1.0919, Epsilon: 0.010
2026-04-19 09:44:58 | INFO | Episode 4152 - Reward: -200.000, Length: 200, Loss: 15.7423, Entropy: 1.0877, Epsilon: 0.010
2026-04-19 09:44:58 | INFO | Episode 4153 - Reward: -200.000, Length: 200, Loss: -0.1372, Entropy: 1.0977, Epsilon: 0.010
2026-04-19 09:44:59 | INFO | Episode 4154 - Reward: -200.000, Length: 200, Loss: 13.9359, Entropy: 1.0934, Epsilon: 0.010
2026-04-19 09:44:59 | INFO | Episode 4155 - Reward: -200.000, Length: 200, Loss: 10.8757, Entropy: 1.0880, Epsilon: 0.010
2026-04-19 09:44:59 | INFO | Episode 4156 - Reward: -200.000, Length: 200, Loss: 10.6094, Entropy: 1.0849, Epsilon: 0.010
2026-04-19 09:45:00 | INFO | Episode 4157 - Reward: -200.000, Length: 200, Loss: 5.5339, Entropy: 1.0919, Epsilon: 0.010
2026-04-19 09:45:00 | INFO | Episode 4158 - Reward: -200.000, Length: 200, Loss: 13.0793, Entropy: 1.0874, Epsilon: 0.010
2026-04-19 09:45:00 | INFO | Episode 4159 - Reward: -200.000, Length: 200, Loss: 19.3326, Entropy: 1.0813, Epsilon: 0.010
2026-04-19 09:45:01 | INFO | Episode 4160 - Reward: -200.000, Length: 200, Loss: 8.1488, Entropy: 1.0930, Epsilon: 0.010
2026-04-19 09:45:01 | INFO | Episode 4161 - Reward: -200.000, Length: 200, Loss: 14.2981, Entropy: 1.0922, Epsilon: 0.010
2026-04-19 09:45:01 | INFO | Episode 4162 - Reward: -200.000, Length: 200, Loss: 23.0224, Entropy: 1.0807, Epsilon: 0.010
2026-04-19 09:45:02 | INFO | Episode 4163 - Reward: -200.000, Length: 200, Loss: 5.7900, Entropy: 1.0922, Epsilon: 0.010
2026-04-19 09:45:02 | INFO | Episode 4164 - Reward: -200.000, Length: 200, Loss: 8.4697, Entropy: 1.0964, Epsilon: 0.010
2026-04-19 09:45:03 | INFO | Episode 4165 - Reward: -200.000, Length: 200, Loss: 24.9404, Entropy: 1.0851, Epsilon: 0.010
2026-04-19 09:45:03 | INFO | Episode 4166 - Reward: -200.000, Length: 200, Loss: 19.7854, Entropy: 1.0884, Epsilon: 0.010
2026-04-19 09:45:03 | INFO | Episode 4167 - Reward: -200.000, Length: 200, Loss: 14.3820, Entropy: 1.0762, Epsilon: 0.010
2026-04-19 09:45:04 | INFO | Episode 4168 - Reward: -200.000, Length: 200, Loss: 11.7073, Entropy: 1.0916, Epsilon: 0.010
2026-04-19 09:45:04 | INFO | Episode 4169 - Reward: -200.000, Length: 200, Loss: 14.6282, Entropy: 1.0920, Epsilon: 0.010
2026-04-19 09:45:04 | INFO | Episode 4170 - Reward: -200.000, Length: 200, Loss: 19.6714, Entropy: 1.0877, Epsilon: 0.010
2026-04-19 09:45:05 | INFO | Episode 4171 - Reward: -200.000, Length: 200, Loss: 5.5351, Entropy: 1.0883, Epsilon: 0.010
2026-04-19 09:45:05 | INFO | Episode 4172 - Reward: -200.000, Length: 200, Loss: 8.5735, Entropy: 1.0855, Epsilon: 0.010
2026-04-19 09:45:05 | INFO | Episode 4173 - Reward: -200.000, Length: 200, Loss: 11.9330, Entropy: 1.0877, Epsilon: 0.010
2026-04-19 09:45:06 | INFO | Episode 4174 - Reward: -200.000, Length: 200, Loss: 11.9800, Entropy: 1.0889, Epsilon: 0.010
2026-04-19 09:45:06 | INFO | Episode 4175 - Reward: -200.000, Length: 200, Loss: 21.0788, Entropy: 1.0702, Epsilon: 0.010
2026-04-19 09:45:06 | INFO | Episode 4176 - Reward: -200.000, Length: 200, Loss: 3.0209, Entropy: 1.0866, Epsilon: 0.010
2026-04-19 09:45:07 | INFO | Episode 4177 - Reward: -200.000, Length: 200, Loss: 13.9673, Entropy: 1.0909, Epsilon: 0.010
2026-04-19 09:45:07 | INFO | Episode 4178 - Reward: -200.000, Length: 200, Loss: 20.3498, Entropy: 1.0889, Epsilon: 0.010
2026-04-19 09:45:07 | INFO | Episode 4179 - Reward: -200.000, Length: 200, Loss: 14.7972, Entropy: 1.0662, Epsilon: 0.010
2026-04-19 09:45:08 | INFO | Episode 4180 - Reward: -200.000, Length: 200, Loss: 11.5194, Entropy: 1.0903, Epsilon: 0.010
2026-04-19 09:45:08 | INFO | Episode 4181 - Reward: -200.000, Length: 200, Loss: 5.6666, Entropy: 1.0920, Epsilon: 0.010
2026-04-19 09:45:09 | INFO | Episode 4182 - Reward: -200.000, Length: 200, Loss: 5.9450, Entropy: 1.0912, Epsilon: 0.010
2026-04-19 09:45:09 | INFO | Episode 4183 - Reward: -200.000, Length: 200, Loss: 5.5437, Entropy: 1.0916, Epsilon: 0.010
2026-04-19 09:45:09 | INFO | Episode 4184 - Reward: -200.000, Length: 200, Loss: 19.7586, Entropy: 1.0805, Epsilon: 0.010
2026-04-19 09:45:10 | INFO | Episode 4185 - Reward: -200.000, Length: 200, Loss: 6.0642, Entropy: 1.0927, Epsilon: 0.010
2026-04-19 09:45:10 | INFO | Episode 4186 - Reward: -200.000, Length: 200, Loss: 15.1667, Entropy: 1.0907, Epsilon: 0.010
2026-04-19 09:45:10 | INFO | Episode 4187 - Reward: -200.000, Length: 200, Loss: 18.9590, Entropy: 1.0265, Epsilon: 0.010
2026-04-19 09:45:11 | INFO | Episode 4188 - Reward: -200.000, Length: 200, Loss: 2.8910, Entropy: 1.0952, Epsilon: 0.010
2026-04-19 09:45:11 | INFO | Episode 4189 - Reward: -200.000, Length: 200, Loss: 15.3316, Entropy: 1.0904, Epsilon: 0.010
2026-04-19 09:45:11 | INFO | Episode 4190 - Reward: -200.000, Length: 200, Loss: 3.1319, Entropy: 1.0941, Epsilon: 0.010
2026-04-19 09:45:12 | INFO | Episode 4191 - Reward: -200.000, Length: 200, Loss: 21.2368, Entropy: 1.0837, Epsilon: 0.010
2026-04-19 09:45:12 | INFO | Episode 4192 - Reward: -200.000, Length: 200, Loss: 8.8861, Entropy: 1.0888, Epsilon: 0.010
2026-04-19 09:45:12 | INFO | Episode 4193 - Reward: -200.000, Length: 200, Loss: 14.8240, Entropy: 1.0857, Epsilon: 0.010
2026-04-19 09:45:13 | INFO | Episode 4194 - Reward: -200.000, Length: 200, Loss: 24.3281, Entropy: 1.0887, Epsilon: 0.010
2026-04-19 09:45:13 | INFO | Episode 4195 - Reward: -200.000, Length: 200, Loss: 18.9918, Entropy: 1.0819, Epsilon: 0.010
2026-04-19 09:45:13 | INFO | Episode 4196 - Reward: -200.000, Length: 200, Loss: 31.4835, Entropy: 1.0787, Epsilon: 0.010
2026-04-19 09:45:14 | INFO | Episode 4197 - Reward: -200.000, Length: 200, Loss: 11.6419, Entropy: 1.0790, Epsilon: 0.010
2026-04-19 09:45:14 | INFO | Episode 4198 - Reward: -200.000, Length: 200, Loss: 9.3607, Entropy: 1.0860, Epsilon: 0.010
2026-04-19 09:45:15 | INFO | Episode 4199 - Reward: -200.000, Length: 200, Loss: 15.5790, Entropy: 1.0861, Epsilon: 0.010
2026-04-19 09:45:15 | INFO | Episode 4200 - Reward: -200.000, Length: 200, Loss: 12.5552, Entropy: 1.0826, Epsilon: 0.010
2026-04-19 09:45:20 | INFO | [Episode 4200] eps=0.010  avg_reward=-200.000  avg_length=200.00  avg_loss= 13.4323  avg_entropy=1.0826  eval_success=0.000
2026-04-19 09:45:20 | INFO | Episode 4201 - Reward: -200.000, Length: 200, Loss: 22.2894, Entropy: 1.0854, Epsilon: 0.010
2026-04-19 09:45:21 | INFO | Episode 4202 - Reward: -200.000, Length: 200, Loss: 16.1707, Entropy: 1.0792, Epsilon: 0.010
2026-04-19 09:45:21 | INFO | Episode 4203 - Reward: -200.000, Length: 200, Loss: 31.5999, Entropy: 1.0836, Epsilon: 0.010
2026-04-19 09:45:21 | INFO | Episode 4204 - Reward: -200.000, Length: 200, Loss: 22.7465, Entropy: 1.0838, Epsilon: 0.010
2026-04-19 09:45:22 | INFO | Episode 4205 - Reward: -200.000, Length: 200, Loss: 15.8975, Entropy: 1.0729, Epsilon: 0.010
2026-04-19 09:45:22 | INFO | Episode 4206 - Reward: -200.000, Length: 200, Loss: 22.3147, Entropy: 1.0790, Epsilon: 0.010
2026-04-19 09:45:22 | INFO | Episode 4207 - Reward: -200.000, Length: 200, Loss: 18.8498, Entropy: 1.0912, Epsilon: 0.010
2026-04-19 09:45:23 | INFO | Episode 4208 - Reward: -200.000, Length: 200, Loss: 16.2075, Entropy: 1.0892, Epsilon: 0.010
2026-04-19 09:45:23 | INFO | Episode 4209 - Reward: -200.000, Length: 200, Loss: 21.1403, Entropy: 1.0778, Epsilon: 0.010
2026-04-19 09:45:24 | INFO | Episode 4210 - Reward: -200.000, Length: 200, Loss: 21.5674, Entropy: 1.0625, Epsilon: 0.010
2026-04-19 09:45:24 | INFO | Episode 4211 - Reward: -200.000, Length: 200, Loss: 18.2311, Entropy: 1.0866, Epsilon: 0.010
2026-04-19 09:45:24 | INFO | Episode 4212 - Reward: -200.000, Length: 200, Loss: 18.0349, Entropy: 1.0833, Epsilon: 0.010
2026-04-19 09:45:25 | INFO | Episode 4213 - Reward: -200.000, Length: 200, Loss: 8.8273, Entropy: 1.0838, Epsilon: 0.010
2026-04-19 09:45:25 | INFO | Episode 4214 - Reward: -200.000, Length: 200, Loss: 18.5833, Entropy: 1.0494, Epsilon: 0.010
2026-04-19 09:45:25 | INFO | Episode 4215 - Reward: -200.000, Length: 200, Loss: 24.6280, Entropy: 1.0510, Epsilon: 0.010
2026-04-19 09:45:26 | INFO | Episode 4216 - Reward: -200.000, Length: 200, Loss: 17.5145, Entropy: 1.0896, Epsilon: 0.010
2026-04-19 09:45:26 | INFO | Episode 4217 - Reward: -200.000, Length: 200, Loss: 26.8428, Entropy: 1.0802, Epsilon: 0.010
2026-04-19 09:45:27 | INFO | Episode 4218 - Reward: -200.000, Length: 200, Loss: 9.0629, Entropy: 1.0837, Epsilon: 0.010
2026-04-19 09:45:27 | INFO | Episode 4219 - Reward: -200.000, Length: 200, Loss: 14.8074, Entropy: 1.0808, Epsilon: 0.010
2026-04-19 09:45:27 | INFO | Episode 4220 - Reward: -200.000, Length: 200, Loss: 14.9080, Entropy: 1.0780, Epsilon: 0.010
2026-04-19 09:45:28 | INFO | Episode 4221 - Reward: -200.000, Length: 200, Loss: 11.8866, Entropy: 1.0885, Epsilon: 0.010
2026-04-19 09:45:28 | INFO | Episode 4222 - Reward: -200.000, Length: 200, Loss: 17.6696, Entropy: 1.0879, Epsilon: 0.010
2026-04-19 09:45:28 | INFO | Episode 4223 - Reward: -200.000, Length: 200, Loss: 15.3690, Entropy: 1.0904, Epsilon: 0.010
2026-04-19 09:45:29 | INFO | Episode 4224 - Reward: -200.000, Length: 200, Loss: 21.9116, Entropy: 1.0584, Epsilon: 0.010
2026-04-19 09:45:29 | INFO | Episode 4225 - Reward: -200.000, Length: 200, Loss: 12.6566, Entropy: 1.0709, Epsilon: 0.010
2026-04-19 09:45:29 | INFO | Episode 4226 - Reward: -200.000, Length: 200, Loss: 12.3347, Entropy: 1.0850, Epsilon: 0.010
2026-04-19 09:45:30 | INFO | Episode 4227 - Reward: -200.000, Length: 200, Loss: 18.6673, Entropy: 1.0741, Epsilon: 0.010
2026-04-19 09:45:30 | INFO | Episode 4228 - Reward: -200.000, Length: 200, Loss: 18.1002, Entropy: 1.0837, Epsilon: 0.010
2026-04-19 09:45:30 | INFO | Episode 4229 - Reward: -200.000, Length: 200, Loss: 11.8429, Entropy: 1.0922, Epsilon: 0.010
2026-04-19 09:45:31 | INFO | Episode 4230 - Reward: -200.000, Length: 200, Loss: 3.0680, Entropy: 1.0951, Epsilon: 0.010
2026-04-19 09:45:31 | INFO | Episode 4231 - Reward: -200.000, Length: 200, Loss: 21.3816, Entropy: 1.0906, Epsilon: 0.010
2026-04-19 09:45:32 | INFO | Episode 4232 - Reward: -200.000, Length: 200, Loss: 21.3975, Entropy: 1.0830, Epsilon: 0.010
2026-04-19 09:45:32 | INFO | Episode 4233 - Reward: -200.000, Length: 200, Loss: 15.1612, Entropy: 1.0870, Epsilon: 0.010
2026-04-19 09:45:32 | INFO | Episode 4234 - Reward: -200.000, Length: 200, Loss: 12.7097, Entropy: 1.0931, Epsilon: 0.010
2026-04-19 09:45:33 | INFO | Episode 4235 - Reward: -200.000, Length: 200, Loss: 19.0397, Entropy: 1.0697, Epsilon: 0.010
2026-04-19 09:45:33 | INFO | Episode 4236 - Reward: -200.000, Length: 200, Loss: 12.3569, Entropy: 1.0896, Epsilon: 0.010
2026-04-19 09:45:33 | INFO | Episode 4237 - Reward: -200.000, Length: 200, Loss: 22.1868, Entropy: 1.0876, Epsilon: 0.010
2026-04-19 09:45:34 | INFO | Episode 4238 - Reward: -200.000, Length: 200, Loss: 12.7154, Entropy: 1.0931, Epsilon: 0.010
2026-04-19 09:45:34 | INFO | Episode 4239 - Reward: -200.000, Length: 200, Loss: 21.5766, Entropy: 1.0799, Epsilon: 0.010
2026-04-19 09:45:34 | INFO | Episode 4240 - Reward: -200.000, Length: 200, Loss: 28.2162, Entropy: 1.0683, Epsilon: 0.010
2026-04-19 09:45:35 | INFO | Episode 4241 - Reward: -200.000, Length: 200, Loss: 21.0684, Entropy: 1.0735, Epsilon: 0.010
2026-04-19 09:45:35 | INFO | Episode 4242 - Reward: -200.000, Length: 200, Loss: 21.4114, Entropy: 1.0758, Epsilon: 0.010
2026-04-19 09:45:35 | INFO | Episode 4243 - Reward: -200.000, Length: 200, Loss: 20.9234, Entropy: 1.0740, Epsilon: 0.010
2026-04-19 09:45:36 | INFO | Episode 4244 - Reward: -200.000, Length: 200, Loss: 20.8057, Entropy: 1.0736, Epsilon: 0.010
2026-04-19 09:45:36 | INFO | Episode 4245 - Reward: -200.000, Length: 200, Loss: 11.6322, Entropy: 1.0872, Epsilon: 0.010
2026-04-19 09:45:37 | INFO | Episode 4246 - Reward: -200.000, Length: 200, Loss: 17.8566, Entropy: 1.0843, Epsilon: 0.010
2026-04-19 09:45:37 | INFO | Episode 4247 - Reward: -200.000, Length: 200, Loss: 14.4434, Entropy: 1.0650, Epsilon: 0.010
2026-04-19 09:45:37 | INFO | Episode 4248 - Reward: -200.000, Length: 200, Loss: 5.7740, Entropy: 1.0935, Epsilon: 0.010
2026-04-19 09:45:38 | INFO | Episode 4249 - Reward: -200.000, Length: 200, Loss: 14.9308, Entropy: 1.0940, Epsilon: 0.010
2026-04-19 09:45:38 | INFO | Episode 4250 - Reward: -200.000, Length: 200, Loss: 21.5715, Entropy: 1.0823, Epsilon: 0.010
2026-04-19 09:45:38 | INFO | Episode 4251 - Reward: -200.000, Length: 200, Loss: 11.6041, Entropy: 1.0888, Epsilon: 0.010
2026-04-19 09:45:39 | INFO | Episode 4252 - Reward: -200.000, Length: 200, Loss: 2.8972, Entropy: 1.0950, Epsilon: 0.010
2026-04-19 09:45:39 | INFO | Episode 4253 - Reward: -200.000, Length: 200, Loss: 16.5265, Entropy: 1.0733, Epsilon: 0.010
2026-04-19 09:45:39 | INFO | Episode 4254 - Reward: -200.000, Length: 200, Loss: 5.7928, Entropy: 1.0947, Epsilon: 0.010
2026-04-19 09:45:40 | INFO | Episode 4255 - Reward: -200.000, Length: 200, Loss: 5.7737, Entropy: 1.0951, Epsilon: 0.010
2026-04-19 09:45:40 | INFO | Episode 4256 - Reward: -200.000, Length: 200, Loss: 29.1111, Entropy: 1.0832, Epsilon: 0.010
2026-04-19 09:45:40 | INFO | Episode 4257 - Reward: -200.000, Length: 200, Loss: 17.5662, Entropy: 1.0861, Epsilon: 0.010
2026-04-19 09:45:41 | INFO | Episode 4258 - Reward: -200.000, Length: 200, Loss: 17.4691, Entropy: 1.0672, Epsilon: 0.010
2026-04-19 09:45:41 | INFO | Episode 4259 - Reward: -200.000, Length: 200, Loss: 8.3444, Entropy: 1.0885, Epsilon: 0.010
2026-04-19 09:45:41 | INFO | Episode 4260 - Reward: -200.000, Length: 200, Loss: 17.1573, Entropy: 1.0806, Epsilon: 0.010
2026-04-19 09:45:42 | INFO | Episode 4261 - Reward: -200.000, Length: 200, Loss: 20.6577, Entropy: 1.0418, Epsilon: 0.010
2026-04-19 09:45:42 | INFO | Episode 4262 - Reward: -200.000, Length: 200, Loss: 11.5250, Entropy: 1.0719, Epsilon: 0.010
2026-04-19 09:45:42 | INFO | Episode 4263 - Reward: -200.000, Length: 200, Loss: 8.6628, Entropy: 1.0892, Epsilon: 0.010
2026-04-19 09:45:43 | INFO | Episode 4264 - Reward: -200.000, Length: 200, Loss: 8.2896, Entropy: 1.0908, Epsilon: 0.010
2026-04-19 09:45:43 | INFO | Episode 4265 - Reward: -200.000, Length: 200, Loss: 11.6892, Entropy: 1.0842, Epsilon: 0.010
2026-04-19 09:45:44 | INFO | Episode 4266 - Reward: -200.000, Length: 200, Loss: 28.6934, Entropy: 1.0837, Epsilon: 0.010
2026-04-19 09:45:44 | INFO | Episode 4267 - Reward: -200.000, Length: 200, Loss: 22.5199, Entropy: 1.0694, Epsilon: 0.010
2026-04-19 09:45:44 | INFO | Episode 4268 - Reward: -200.000, Length: 200, Loss: 20.5488, Entropy: 1.0832, Epsilon: 0.010
2026-04-19 09:45:45 | INFO | Episode 4269 - Reward: -200.000, Length: 200, Loss: 23.1251, Entropy: 1.0807, Epsilon: 0.010
2026-04-19 09:45:45 | INFO | Episode 4270 - Reward: -200.000, Length: 200, Loss: 8.4234, Entropy: 1.0892, Epsilon: 0.010
2026-04-19 09:45:45 | INFO | Episode 4271 - Reward: -200.000, Length: 200, Loss: 23.1528, Entropy: 1.0874, Epsilon: 0.010
2026-04-19 09:45:46 | INFO | Episode 4272 - Reward: -200.000, Length: 200, Loss: 11.3693, Entropy: 1.0874, Epsilon: 0.010
2026-04-19 09:45:46 | INFO | Episode 4273 - Reward: -200.000, Length: 200, Loss: 17.5046, Entropy: 1.0902, Epsilon: 0.010
2026-04-19 09:45:46 | INFO | Episode 4274 - Reward: -200.000, Length: 200, Loss: 11.2567, Entropy: 1.0882, Epsilon: 0.010
2026-04-19 09:45:47 | INFO | Episode 4275 - Reward: -200.000, Length: 200, Loss: 14.7183, Entropy: 1.0903, Epsilon: 0.010
2026-04-19 09:45:47 | INFO | Episode 4276 - Reward: -200.000, Length: 200, Loss: 5.8541, Entropy: 1.0935, Epsilon: 0.010
2026-04-19 09:45:47 | INFO | Episode 4277 - Reward: -200.000, Length: 200, Loss: 17.5020, Entropy: 1.0851, Epsilon: 0.010
2026-04-19 09:45:48 | INFO | Episode 4278 - Reward: -200.000, Length: 200, Loss: 5.2060, Entropy: 1.0874, Epsilon: 0.010
2026-04-19 09:45:48 | INFO | Episode 4279 - Reward: -200.000, Length: 200, Loss: 26.8328, Entropy: 1.0801, Epsilon: 0.010
2026-04-19 09:45:48 | INFO | Episode 4280 - Reward: -200.000, Length: 200, Loss: 8.7416, Entropy: 1.0852, Epsilon: 0.010
2026-04-19 09:45:49 | INFO | Episode 4281 - Reward: -200.000, Length: 200, Loss: 17.4790, Entropy: 1.0885, Epsilon: 0.010
2026-04-19 09:45:49 | INFO | Episode 4282 - Reward: -200.000, Length: 200, Loss: 17.3728, Entropy: 1.0870, Epsilon: 0.010
2026-04-19 09:45:50 | INFO | Episode 4283 - Reward: -200.000, Length: 200, Loss: 23.4242, Entropy: 1.0858, Epsilon: 0.010
2026-04-19 09:45:50 | INFO | Episode 4284 - Reward: -200.000, Length: 200, Loss: 19.7336, Entropy: 1.0839, Epsilon: 0.010
2026-04-19 09:45:50 | INFO | Episode 4285 - Reward: -200.000, Length: 200, Loss: 37.4902, Entropy: 1.0842, Epsilon: 0.010
2026-04-19 09:45:51 | INFO | Episode 4286 - Reward: -200.000, Length: 200, Loss: 24.3594, Entropy: 1.0687, Epsilon: 0.010
2026-04-19 09:45:51 | INFO | Episode 4287 - Reward: -200.000, Length: 200, Loss: 8.2804, Entropy: 1.0929, Epsilon: 0.010
2026-04-19 09:45:51 | INFO | Episode 4288 - Reward: -200.000, Length: 200, Loss: 16.3838, Entropy: 1.0767, Epsilon: 0.010
2026-04-19 09:45:52 | INFO | Episode 4289 - Reward: -200.000, Length: 200, Loss: 18.5144, Entropy: 1.0883, Epsilon: 0.010
2026-04-19 09:45:52 | INFO | Episode 4290 - Reward: -200.000, Length: 200, Loss: 18.8576, Entropy: 1.0589, Epsilon: 0.010
2026-04-19 09:45:52 | INFO | Episode 4291 - Reward: -200.000, Length: 200, Loss: 15.8700, Entropy: 1.0814, Epsilon: 0.010
2026-04-19 09:45:53 | INFO | Episode 4292 - Reward: -200.000, Length: 200, Loss: 15.6583, Entropy: 1.0934, Epsilon: 0.010
2026-04-19 09:45:53 | INFO | Episode 4293 - Reward: -200.000, Length: 200, Loss: 5.0320, Entropy: 1.0933, Epsilon: 0.010
2026-04-19 09:45:54 | INFO | Episode 4294 - Reward: -200.000, Length: 200, Loss: 13.1793, Entropy: 1.0834, Epsilon: 0.010
2026-04-19 09:45:54 | INFO | Episode 4295 - Reward: -200.000, Length: 200, Loss: 10.4012, Entropy: 1.0917, Epsilon: 0.010
2026-04-19 09:45:54 | INFO | Episode 4296 - Reward: -200.000, Length: 200, Loss: 20.2786, Entropy: 1.0635, Epsilon: 0.010
2026-04-19 09:45:55 | INFO | Episode 4297 - Reward: -200.000, Length: 200, Loss: 12.8244, Entropy: 1.0897, Epsilon: 0.010
2026-04-19 09:45:55 | INFO | Episode 4298 - Reward: -200.000, Length: 200, Loss: 13.0457, Entropy: 1.0915, Epsilon: 0.010
2026-04-19 09:45:55 | INFO | Episode 4299 - Reward: -200.000, Length: 200, Loss: 8.0156, Entropy: 1.0685, Epsilon: 0.010
2026-04-19 09:45:56 | INFO | Episode 4300 - Reward: -200.000, Length: 200, Loss: 19.6554, Entropy: 1.0685, Epsilon: 0.010
2026-04-19 09:46:00 | INFO | [Episode 4300] eps=0.010  avg_reward=-200.000  avg_length=200.00  avg_loss= 16.5526  avg_entropy=1.0685  eval_success=0.000
2026-04-19 09:46:01 | INFO | Episode 4301 - Reward: -200.000, Length: 200, Loss: 7.4360, Entropy: 1.0792, Epsilon: 0.010
2026-04-19 09:46:01 | INFO | Episode 4302 - Reward: -200.000, Length: 200, Loss: 10.2209, Entropy: 1.0961, Epsilon: 0.010
2026-04-19 09:46:02 | INFO | Episode 4303 - Reward: -200.000, Length: 200, Loss: 9.6956, Entropy: 1.0942, Epsilon: 0.010
2026-04-19 09:46:02 | INFO | Episode 4304 - Reward: -200.000, Length: 200, Loss: 31.2273, Entropy: 1.0837, Epsilon: 0.010
2026-04-19 09:46:02 | INFO | Episode 4305 - Reward: -200.000, Length: 200, Loss: 19.8189, Entropy: 1.0930, Epsilon: 0.010
2026-04-19 09:46:03 | INFO | Episode 4306 - Reward: -200.000, Length: 200, Loss: 18.2255, Entropy: 1.0805, Epsilon: 0.010
2026-04-19 09:46:03 | INFO | Episode 4307 - Reward: -200.000, Length: 200, Loss: 15.2844, Entropy: 1.0935, Epsilon: 0.010
2026-04-19 09:46:03 | INFO | Episode 4308 - Reward: -200.000, Length: 200, Loss: 4.8146, Entropy: 1.0944, Epsilon: 0.010
2026-04-19 09:46:04 | INFO | Episode 4309 - Reward: -200.000, Length: 200, Loss: 12.5838, Entropy: 1.0843, Epsilon: 0.010
2026-04-19 09:46:04 | INFO | Episode 4310 - Reward: -200.000, Length: 200, Loss: 7.5380, Entropy: 1.0934, Epsilon: 0.010
2026-04-19 09:46:04 | INFO | Episode 4311 - Reward: -200.000, Length: 200, Loss: 12.8221, Entropy: 1.0899, Epsilon: 0.010
2026-04-19 09:46:05 | INFO | Episode 4312 - Reward: -200.000, Length: 200, Loss: 4.9440, Entropy: 1.0958, Epsilon: 0.010
2026-04-19 09:46:05 | INFO | Episode 4313 - Reward: -200.000, Length: 200, Loss: 12.8313, Entropy: 1.0952, Epsilon: 0.010
2026-04-19 09:46:05 | INFO | Episode 4314 - Reward: -200.000, Length: 200, Loss: 23.0763, Entropy: 1.0795, Epsilon: 0.010
2026-04-19 09:46:06 | INFO | Episode 4315 - Reward: -200.000, Length: 200, Loss: 5.3008, Entropy: 1.0899, Epsilon: 0.010
2026-04-19 09:46:06 | INFO | Episode 4316 - Reward: -200.000, Length: 200, Loss: 7.8292, Entropy: 1.0912, Epsilon: 0.010
2026-04-19 09:46:06 | INFO | Episode 4317 - Reward: -200.000, Length: 200, Loss: 20.3493, Entropy: 1.0934, Epsilon: 0.010
2026-04-19 09:46:07 | INFO | Episode 4318 - Reward: -200.000, Length: 200, Loss: 10.8551, Entropy: 1.0918, Epsilon: 0.010
2026-04-19 09:46:07 | INFO | Episode 4319 - Reward: -200.000, Length: 200, Loss: 15.5891, Entropy: 1.0949, Epsilon: 0.010
2026-04-19 09:46:07 | INFO | Episode 4320 - Reward: -200.000, Length: 200, Loss: 21.2763, Entropy: 1.0868, Epsilon: 0.010
2026-04-19 09:46:08 | INFO | Episode 4321 - Reward: -200.000, Length: 200, Loss: 15.5655, Entropy: 1.0554, Epsilon: 0.010
2026-04-19 09:46:08 | INFO | Episode 4322 - Reward: -200.000, Length: 200, Loss: 16.3281, Entropy: 1.0625, Epsilon: 0.010
2026-04-19 09:46:09 | INFO | Episode 4323 - Reward: -200.000, Length: 200, Loss: 12.9797, Entropy: 1.0856, Epsilon: 0.010
2026-04-19 09:46:09 | INFO | Episode 4324 - Reward: -200.000, Length: 200, Loss: 13.1891, Entropy: 1.0787, Epsilon: 0.010
2026-04-19 09:46:09 | INFO | Episode 4325 - Reward: -200.000, Length: 200, Loss: 5.2560, Entropy: 1.0898, Epsilon: 0.010
2026-04-19 09:46:10 | INFO | Episode 4326 - Reward: -200.000, Length: 200, Loss: 26.1751, Entropy: 1.0727, Epsilon: 0.010
2026-04-19 09:46:10 | INFO | Episode 4327 - Reward: -200.000, Length: 200, Loss: 14.0551, Entropy: 1.0857, Epsilon: 0.010
2026-04-19 09:46:10 | INFO | Episode 4328 - Reward: -200.000, Length: 200, Loss: 7.9400, Entropy: 1.0897, Epsilon: 0.010
2026-04-19 09:46:11 | INFO | Episode 4329 - Reward: -200.000, Length: 200, Loss: 10.8369, Entropy: 1.0894, Epsilon: 0.010
2026-04-19 09:46:11 | INFO | Episode 4330 - Reward: -200.000, Length: 200, Loss: 13.3241, Entropy: 1.0854, Epsilon: 0.010
2026-04-19 09:46:11 | INFO | Episode 4331 - Reward: -200.000, Length: 200, Loss: 10.8634, Entropy: 1.0895, Epsilon: 0.010
2026-04-19 09:46:12 | INFO | Episode 4332 - Reward: -200.000, Length: 200, Loss: 8.0482, Entropy: 1.0943, Epsilon: 0.010
2026-04-19 09:46:12 | INFO | Episode 4333 - Reward: -200.000, Length: 200, Loss: 9.9365, Entropy: 1.0895, Epsilon: 0.010
2026-04-19 09:46:12 | INFO | Episode 4334 - Reward: -200.000, Length: 200, Loss: 19.3304, Entropy: 1.0843, Epsilon: 0.010
2026-04-19 09:46:13 | INFO | Episode 4335 - Reward: -200.000, Length: 200, Loss: 22.1021, Entropy: 1.0937, Epsilon: 0.010
2026-04-19 09:46:13 | INFO | Episode 4336 - Reward: -200.000, Length: 200, Loss: 7.8436, Entropy: 1.0742, Epsilon: 0.010
2026-04-19 09:46:13 | INFO | Episode 4337 - Reward: -200.000, Length: 200, Loss: 16.2998, Entropy: 1.0755, Epsilon: 0.010
2026-04-19 09:46:14 | INFO | Episode 4338 - Reward: -200.000, Length: 200, Loss: 18.5768, Entropy: 1.0831, Epsilon: 0.010
2026-04-19 09:46:14 | INFO | Episode 4339 - Reward: -200.000, Length: 200, Loss: 13.1913, Entropy: 1.0924, Epsilon: 0.010
2026-04-19 09:46:15 | INFO | Episode 4340 - Reward: -200.000, Length: 200, Loss: 13.4186, Entropy: 1.0821, Epsilon: 0.010
2026-04-19 09:46:15 | INFO | Episode 4341 - Reward: -200.000, Length: 200, Loss: 20.2289, Entropy: 1.0729, Epsilon: 0.010
2026-04-19 09:46:15 | INFO | Episode 4342 - Reward: -200.000, Length: 200, Loss: 7.8324, Entropy: 1.0750, Epsilon: 0.010
2026-04-19 09:46:16 | INFO | Episode 4343 - Reward: -200.000, Length: 200, Loss: 16.3016, Entropy: 1.0852, Epsilon: 0.010
2026-04-19 09:46:16 | INFO | Episode 4344 - Reward: -200.000, Length: 200, Loss: 5.4815, Entropy: 1.0929, Epsilon: 0.010
2026-04-19 09:46:16 | INFO | Episode 4345 - Reward: -200.000, Length: 200, Loss: 5.4040, Entropy: 1.0925, Epsilon: 0.010
2026-04-19 09:46:17 | INFO | Episode 4346 - Reward: -200.000, Length: 200, Loss: 13.0716, Entropy: 1.0952, Epsilon: 0.010
2026-04-19 09:46:17 | INFO | Episode 4347 - Reward: -200.000, Length: 200, Loss: 16.1545, Entropy: 1.0832, Epsilon: 0.010
2026-04-19 09:46:17 | INFO | Episode 4348 - Reward: -200.000, Length: 200, Loss: 8.2156, Entropy: 1.0869, Epsilon: 0.010
2026-04-19 09:46:18 | INFO | Episode 4349 - Reward: -200.000, Length: 200, Loss: 5.0127, Entropy: 1.0879, Epsilon: 0.010
2026-04-19 09:46:18 | INFO | Episode 4350 - Reward: -200.000, Length: 200, Loss: 8.1099, Entropy: 1.0940, Epsilon: 0.010
2026-04-19 09:46:18 | INFO | Episode 4351 - Reward: -200.000, Length: 200, Loss: 18.3918, Entropy: 1.0808, Epsilon: 0.010
2026-04-19 09:46:19 | INFO | Episode 4352 - Reward: -200.000, Length: 200, Loss: 13.8948, Entropy: 1.0866, Epsilon: 0.010
2026-04-19 09:46:19 | INFO | Episode 4353 - Reward: -200.000, Length: 200, Loss: 24.8056, Entropy: 1.0739, Epsilon: 0.010
2026-04-19 09:46:20 | INFO | Episode 4354 - Reward: -200.000, Length: 200, Loss: 10.4108, Entropy: 1.0884, Epsilon: 0.010
2026-04-19 09:46:20 | INFO | Episode 4355 - Reward: -200.000, Length: 200, Loss: 7.8199, Entropy: 1.0938, Epsilon: 0.010
2026-04-19 09:46:20 | INFO | Episode 4356 - Reward: -200.000, Length: 200, Loss: 2.5065, Entropy: 1.0948, Epsilon: 0.010
2026-04-19 09:46:21 | INFO | Episode 4357 - Reward: -200.000, Length: 200, Loss: 5.2118, Entropy: 1.0928, Epsilon: 0.010
2026-04-19 09:46:21 | INFO | Episode 4358 - Reward: -200.000, Length: 200, Loss: 24.2423, Entropy: 1.0820, Epsilon: 0.010
2026-04-19 09:46:21 | INFO | Episode 4359 - Reward: -200.000, Length: 200, Loss: 10.9456, Entropy: 1.0895, Epsilon: 0.010
2026-04-19 09:46:22 | INFO | Episode 4360 - Reward: -200.000, Length: 200, Loss: 19.1747, Entropy: 1.0819, Epsilon: 0.010
2026-04-19 09:46:22 | INFO | Episode 4361 - Reward: -200.000, Length: 200, Loss: 8.0555, Entropy: 1.0877, Epsilon: 0.010
2026-04-19 09:46:22 | INFO | Episode 4362 - Reward: -200.000, Length: 200, Loss: 18.9593, Entropy: 1.0810, Epsilon: 0.010
2026-04-19 09:46:23 | INFO | Episode 4363 - Reward: -200.000, Length: 200, Loss: 10.4028, Entropy: 1.0946, Epsilon: 0.010
2026-04-19 09:46:23 | INFO | Episode 4364 - Reward: -200.000, Length: 200, Loss: 7.8595, Entropy: 1.0920, Epsilon: 0.010
2026-04-19 09:46:23 | INFO | Episode 4365 - Reward: -200.000, Length: 200, Loss: 7.6101, Entropy: 1.0939, Epsilon: 0.010
2026-04-19 09:46:24 | INFO | Episode 4366 - Reward: -200.000, Length: 200, Loss: 2.7029, Entropy: 1.0956, Epsilon: 0.010
2026-04-19 09:46:24 | INFO | Episode 4367 - Reward: -200.000, Length: 200, Loss: 2.5475, Entropy: 1.0967, Epsilon: 0.010
2026-04-19 09:46:25 | INFO | Episode 4368 - Reward: -200.000, Length: 200, Loss: 13.8927, Entropy: 1.0859, Epsilon: 0.010
2026-04-19 09:46:25 | INFO | Episode 4369 - Reward: -200.000, Length: 200, Loss: 8.2292, Entropy: 1.0913, Epsilon: 0.010
2026-04-19 09:46:25 | INFO | Episode 4370 - Reward: -200.000, Length: 200, Loss: 10.7879, Entropy: 1.0881, Epsilon: 0.010
2026-04-19 09:46:26 | INFO | Episode 4371 - Reward: -200.000, Length: 200, Loss: 5.2027, Entropy: 1.0939, Epsilon: 0.010
2026-04-19 09:46:26 | INFO | Episode 4372 - Reward: -200.000, Length: 200, Loss: 17.1279, Entropy: 1.0852, Epsilon: 0.010
2026-04-19 09:46:26 | INFO | Episode 4373 - Reward: -200.000, Length: 200, Loss: 16.9991, Entropy: 1.0881, Epsilon: 0.010
2026-04-19 09:46:27 | INFO | Episode 4374 - Reward: -200.000, Length: 200, Loss: 8.2802, Entropy: 1.0920, Epsilon: 0.010
2026-04-19 09:46:27 | INFO | Episode 4375 - Reward: -200.000, Length: 200, Loss: 10.9353, Entropy: 1.0784, Epsilon: 0.010
2026-04-19 09:46:27 | INFO | Episode 4376 - Reward: -200.000, Length: 200, Loss: 11.8052, Entropy: 1.0723, Epsilon: 0.010
2026-04-19 09:46:28 | INFO | Episode 4377 - Reward: -200.000, Length: 200, Loss: 14.1103, Entropy: 1.0893, Epsilon: 0.010
2026-04-19 09:46:28 | INFO | Episode 4378 - Reward: -200.000, Length: 200, Loss: 19.1729, Entropy: 1.0843, Epsilon: 0.010
2026-04-19 09:46:28 | INFO | Episode 4379 - Reward: -200.000, Length: 200, Loss: 16.1444, Entropy: 1.0600, Epsilon: 0.010
2026-04-19 09:46:29 | INFO | Episode 4380 - Reward: -200.000, Length: 200, Loss: 11.7629, Entropy: 1.0942, Epsilon: 0.010
2026-04-19 09:46:31 | INFO | Episode 4381 - Reward: -200.000, Length: 200, Loss: 28.2163, Entropy: 1.0864, Epsilon: 0.010
2026-04-19 09:46:31 | INFO | Episode 4382 - Reward: -200.000, Length: 200, Loss: 8.3201, Entropy: 1.0895, Epsilon: 0.010
2026-04-19 09:46:32 | INFO | Episode 4383 - Reward: -200.000, Length: 200, Loss: 10.9268, Entropy: 1.0891, Epsilon: 0.010
2026-04-19 09:46:32 | INFO | Episode 4384 - Reward: -200.000, Length: 200, Loss: 13.4364, Entropy: 1.0765, Epsilon: 0.010
2026-04-19 09:46:32 | INFO | Episode 4385 - Reward: -200.000, Length: 200, Loss: 33.8951, Entropy: 1.0475, Epsilon: 0.010
2026-04-19 09:46:33 | INFO | Episode 4386 - Reward: -200.000, Length: 200, Loss: 19.6520, Entropy: 1.0739, Epsilon: 0.010
2026-04-19 09:46:33 | INFO | Episode 4387 - Reward: -200.000, Length: 200, Loss: 13.9749, Entropy: 1.0834, Epsilon: 0.010
2026-04-19 09:46:33 | INFO | Episode 4388 - Reward: -200.000, Length: 200, Loss: 8.1292, Entropy: 1.0830, Epsilon: 0.010
2026-04-19 09:46:34 | INFO | Episode 4389 - Reward: -200.000, Length: 200, Loss: 23.4953, Entropy: 1.0678, Epsilon: 0.010
2026-04-19 09:46:34 | INFO | Episode 4390 - Reward: -200.000, Length: 200, Loss: 5.1332, Entropy: 1.0839, Epsilon: 0.010
2026-04-19 09:46:34 | INFO | Episode 4391 - Reward: -200.000, Length: 200, Loss: 5.2674, Entropy: 1.0888, Epsilon: 0.010
2026-04-19 09:46:35 | INFO | Episode 4392 - Reward: -200.000, Length: 200, Loss: 25.0136, Entropy: 1.0862, Epsilon: 0.010
2026-04-19 09:46:35 | INFO | Episode 4393 - Reward: -200.000, Length: 200, Loss: 10.8025, Entropy: 1.0912, Epsilon: 0.010
2026-04-19 09:46:36 | INFO | Episode 4394 - Reward: -200.000, Length: 200, Loss: 14.3054, Entropy: 1.0850, Epsilon: 0.010
2026-04-19 09:46:36 | INFO | Episode 4395 - Reward: -200.000, Length: 200, Loss: 22.4447, Entropy: 1.0567, Epsilon: 0.010
2026-04-19 09:46:36 | INFO | Episode 4396 - Reward: -200.000, Length: 200, Loss: 27.2763, Entropy: 1.0834, Epsilon: 0.010
2026-04-19 09:46:37 | INFO | Episode 4397 - Reward: -200.000, Length: 200, Loss: 11.2018, Entropy: 1.0838, Epsilon: 0.010
2026-04-19 09:46:37 | INFO | Episode 4398 - Reward: -200.000, Length: 200, Loss: 21.9341, Entropy: 1.0654, Epsilon: 0.010
2026-04-19 09:46:37 | INFO | Episode 4399 - Reward: -200.000, Length: 200, Loss: 18.9057, Entropy: 1.0604, Epsilon: 0.010
2026-04-19 09:46:38 | INFO | Episode 4400 - Reward: -200.000, Length: 200, Loss: 16.9222, Entropy: 1.0827, Epsilon: 0.010
2026-04-19 09:46:43 | INFO | [Episode 4400] eps=0.010  avg_reward=-200.000  avg_length=200.00  avg_loss= 13.5204  avg_entropy=1.0827  eval_success=0.000
2026-04-19 09:46:43 | INFO | Episode 4401 - Reward: -200.000, Length: 200, Loss: 18.9122, Entropy: 1.0873, Epsilon: 0.010
2026-04-19 09:46:43 | INFO | Episode 4402 - Reward: -200.000, Length: 200, Loss: 22.6411, Entropy: 1.0794, Epsilon: 0.010
2026-04-19 09:46:44 | INFO | Episode 4403 - Reward: -200.000, Length: 200, Loss: 16.6733, Entropy: 1.0875, Epsilon: 0.010
2026-04-19 09:46:44 | INFO | Episode 4404 - Reward: -200.000, Length: 200, Loss: 13.6547, Entropy: 1.0924, Epsilon: 0.010
2026-04-19 09:46:44 | INFO | Episode 4405 - Reward: -200.000, Length: 200, Loss: 16.5390, Entropy: 1.0910, Epsilon: 0.010
2026-04-19 09:46:45 | INFO | Episode 4406 - Reward: -200.000, Length: 200, Loss: 19.1961, Entropy: 1.0922, Epsilon: 0.010
2026-04-19 09:46:45 | INFO | Episode 4407 - Reward: -200.000, Length: 200, Loss: 30.4610, Entropy: 1.0830, Epsilon: 0.010
2026-04-19 09:46:45 | INFO | Episode 4408 - Reward: -200.000, Length: 200, Loss: 28.4816, Entropy: 1.0750, Epsilon: 0.010
2026-04-19 09:46:46 | INFO | Episode 4409 - Reward: -200.000, Length: 200, Loss: 30.0122, Entropy: 1.0841, Epsilon: 0.010
2026-04-19 09:46:46 | INFO | Episode 4410 - Reward: -200.000, Length: 200, Loss: 2.7748, Entropy: 1.0954, Epsilon: 0.010
2026-04-19 09:46:46 | INFO | Episode 4411 - Reward: -200.000, Length: 200, Loss: 8.1819, Entropy: 1.0960, Epsilon: 0.010
2026-04-19 09:46:47 | INFO | Episode 4412 - Reward: -200.000, Length: 200, Loss: 14.0500, Entropy: 1.0929, Epsilon: 0.010
2026-04-19 09:46:47 | INFO | Episode 4413 - Reward: -200.000, Length: 200, Loss: 13.9867, Entropy: 1.0951, Epsilon: 0.010
2026-04-19 09:46:48 | INFO | Episode 4414 - Reward: -200.000, Length: 200, Loss: 5.4633, Entropy: 1.0957, Epsilon: 0.010
2026-04-19 09:46:48 | INFO | Episode 4415 - Reward: -200.000, Length: 200, Loss: 5.5931, Entropy: 1.0940, Epsilon: 0.010
2026-04-19 09:46:48 | INFO | Episode 4416 - Reward: -200.000, Length: 200, Loss: 8.5675, Entropy: 1.0955, Epsilon: 0.010
2026-04-19 09:46:49 | INFO | Episode 4417 - Reward: -200.000, Length: 200, Loss: 20.2016, Entropy: 1.0908, Epsilon: 0.010
2026-04-19 09:46:49 | INFO | Episode 4418 - Reward: -200.000, Length: 200, Loss: 37.1531, Entropy: 1.0604, Epsilon: 0.010
2026-04-19 09:46:49 | INFO | Episode 4419 - Reward: -200.000, Length: 200, Loss: 13.1406, Entropy: 1.0833, Epsilon: 0.010
2026-04-19 09:46:50 | INFO | Episode 4420 - Reward: -200.000, Length: 200, Loss: 16.1935, Entropy: 1.0895, Epsilon: 0.010
2026-04-19 09:46:50 | INFO | Episode 4421 - Reward: -200.000, Length: 200, Loss: 19.1222, Entropy: 1.0868, Epsilon: 0.010
2026-04-19 09:46:50 | INFO | Episode 4422 - Reward: -200.000, Length: 200, Loss: 16.6942, Entropy: 1.0884, Epsilon: 0.010
2026-04-19 09:46:51 | INFO | Episode 4423 - Reward: -200.000, Length: 200, Loss: 8.1729, Entropy: 1.0943, Epsilon: 0.010
2026-04-19 09:46:51 | INFO | Episode 4424 - Reward: -200.000, Length: 200, Loss: 16.5758, Entropy: 1.0824, Epsilon: 0.010
2026-04-19 09:46:51 | INFO | Episode 4425 - Reward: -200.000, Length: 200, Loss: 18.4866, Entropy: 1.0793, Epsilon: 0.010
2026-04-19 09:46:52 | INFO | Episode 4426 - Reward: -200.000, Length: 200, Loss: 13.6969, Entropy: 1.0856, Epsilon: 0.010
2026-04-19 09:46:52 | INFO | Episode 4427 - Reward: -200.000, Length: 200, Loss: 16.6443, Entropy: 1.0826, Epsilon: 0.010
2026-04-19 09:46:52 | INFO | Episode 4428 - Reward: -200.000, Length: 200, Loss: 8.0135, Entropy: 1.0937, Epsilon: 0.010
2026-04-19 09:46:53 | INFO | Episode 4429 - Reward: -200.000, Length: 200, Loss: 5.0859, Entropy: 1.0867, Epsilon: 0.010
2026-04-19 09:46:53 | INFO | Episode 4430 - Reward: -200.000, Length: 200, Loss: 10.7008, Entropy: 1.0938, Epsilon: 0.010
2026-04-19 09:46:54 | INFO | Episode 4431 - Reward: -200.000, Length: 200, Loss: 5.3428, Entropy: 1.0941, Epsilon: 0.010
2026-04-19 09:46:54 | INFO | Episode 4432 - Reward: -200.000, Length: 200, Loss: 5.4249, Entropy: 1.0948, Epsilon: 0.010
2026-04-19 09:46:54 | INFO | Episode 4433 - Reward: -200.000, Length: 200, Loss: 13.3531, Entropy: 1.0903, Epsilon: 0.010
2026-04-19 09:46:55 | INFO | Episode 4434 - Reward: -200.000, Length: 200, Loss: 13.3724, Entropy: 1.0827, Epsilon: 0.010
2026-04-19 09:46:55 | INFO | Episode 4435 - Reward: -200.000, Length: 200, Loss: 19.4991, Entropy: 1.0883, Epsilon: 0.010
2026-04-19 09:46:55 | INFO | Episode 4436 - Reward: -200.000, Length: 200, Loss: 13.5587, Entropy: 1.0912, Epsilon: 0.010
2026-04-19 09:46:56 | INFO | Episode 4437 - Reward: -200.000, Length: 200, Loss: 13.0788, Entropy: 1.0923, Epsilon: 0.010
2026-04-19 09:46:56 | INFO | Episode 4438 - Reward: -200.000, Length: 200, Loss: 11.1421, Entropy: 1.0960, Epsilon: 0.010
2026-04-19 09:46:56 | INFO | Episode 4439 - Reward: -200.000, Length: 200, Loss: 11.0270, Entropy: 1.0955, Epsilon: 0.010
2026-04-19 09:46:57 | INFO | Episode 4440 - Reward: -200.000, Length: 200, Loss: 8.1404, Entropy: 1.0942, Epsilon: 0.010
2026-04-19 09:46:57 | INFO | Episode 4441 - Reward: -200.000, Length: 200, Loss: 11.0229, Entropy: 1.0943, Epsilon: 0.010
2026-04-19 09:46:58 | INFO | Episode 4442 - Reward: -200.000, Length: 200, Loss: 14.2519, Entropy: 1.0940, Epsilon: 0.010
2026-04-19 09:46:58 | INFO | Episode 4443 - Reward: -200.000, Length: 200, Loss: 10.5391, Entropy: 1.0918, Epsilon: 0.010
2026-04-19 09:46:58 | INFO | Episode 4444 - Reward: -200.000, Length: 200, Loss: 5.5810, Entropy: 1.0908, Epsilon: 0.010
2026-04-19 09:46:59 | INFO | Episode 4445 - Reward: -200.000, Length: 200, Loss: 24.1174, Entropy: 1.0825, Epsilon: 0.010
2026-04-19 09:46:59 | INFO | Episode 4446 - Reward: -200.000, Length: 200, Loss: 8.0764, Entropy: 1.0860, Epsilon: 0.010
2026-04-19 09:46:59 | INFO | Episode 4447 - Reward: -200.000, Length: 200, Loss: 21.9316, Entropy: 1.0907, Epsilon: 0.010
2026-04-19 09:47:00 | INFO | Episode 4448 - Reward: -200.000, Length: 200, Loss: 19.0293, Entropy: 1.0858, Epsilon: 0.010
2026-04-19 09:47:00 | INFO | Episode 4449 - Reward: -200.000, Length: 200, Loss: 8.2022, Entropy: 1.0842, Epsilon: 0.010
2026-04-19 09:47:00 | INFO | Episode 4450 - Reward: -200.000, Length: 200, Loss: 13.3191, Entropy: 1.0881, Epsilon: 0.010
2026-04-19 09:47:01 | INFO | Episode 4451 - Reward: -200.000, Length: 200, Loss: 13.5666, Entropy: 1.0887, Epsilon: 0.010
2026-04-19 09:47:01 | INFO | Episode 4452 - Reward: -200.000, Length: 200, Loss: 24.1798, Entropy: 1.0696, Epsilon: 0.010
2026-04-19 09:47:02 | INFO | Episode 4453 - Reward: -200.000, Length: 200, Loss: 16.3225, Entropy: 1.0841, Epsilon: 0.010
2026-04-19 09:47:02 | INFO | Episode 4454 - Reward: -200.000, Length: 200, Loss: 14.0249, Entropy: 1.0794, Epsilon: 0.010
2026-04-19 09:47:02 | INFO | Episode 4455 - Reward: -200.000, Length: 200, Loss: 5.5875, Entropy: 1.0902, Epsilon: 0.010
2026-04-19 09:47:03 | INFO | Episode 4456 - Reward: -200.000, Length: 200, Loss: 13.8229, Entropy: 1.0847, Epsilon: 0.010
2026-04-19 09:47:03 | INFO | Episode 4457 - Reward: -200.000, Length: 200, Loss: 2.8339, Entropy: 1.0939, Epsilon: 0.010
2026-04-19 09:47:03 | INFO | Episode 4458 - Reward: -200.000, Length: 200, Loss: 20.7722, Entropy: 1.0459, Epsilon: 0.010
2026-04-19 09:47:04 | INFO | Episode 4459 - Reward: -200.000, Length: 200, Loss: 8.5943, Entropy: 1.0864, Epsilon: 0.010
2026-04-19 09:47:04 | INFO | Episode 4460 - Reward: -200.000, Length: 200, Loss: 19.8633, Entropy: 1.0719, Epsilon: 0.010
2026-04-19 09:47:04 | INFO | Episode 4461 - Reward: -200.000, Length: 200, Loss: 5.4213, Entropy: 1.0930, Epsilon: 0.010
2026-04-19 09:47:05 | INFO | Episode 4462 - Reward: -200.000, Length: 200, Loss: 5.0635, Entropy: 1.0954, Epsilon: 0.010
2026-04-19 09:47:05 | INFO | Episode 4463 - Reward: -200.000, Length: 200, Loss: 10.6574, Entropy: 1.0897, Epsilon: 0.010
2026-04-19 09:47:05 | INFO | Episode 4464 - Reward: -200.000, Length: 200, Loss: 14.1020, Entropy: 1.0915, Epsilon: 0.010
2026-04-19 09:47:06 | INFO | Episode 4465 - Reward: -200.000, Length: 200, Loss: 11.1093, Entropy: 1.0917, Epsilon: 0.010
2026-04-19 09:47:06 | INFO | Episode 4466 - Reward: -200.000, Length: 200, Loss: 8.5935, Entropy: 1.0867, Epsilon: 0.010
2026-04-19 09:47:07 | INFO | Episode 4467 - Reward: -200.000, Length: 200, Loss: -0.2133, Entropy: 1.0968, Epsilon: 0.010
2026-04-19 09:47:07 | INFO | Episode 4468 - Reward: -200.000, Length: 200, Loss: 5.4708, Entropy: 1.0933, Epsilon: 0.010
2026-04-19 09:47:07 | INFO | Episode 4469 - Reward: -200.000, Length: 200, Loss: 5.2271, Entropy: 1.0939, Epsilon: 0.010
2026-04-19 09:47:08 | INFO | Episode 4470 - Reward: -200.000, Length: 200, Loss: 16.2050, Entropy: 1.0765, Epsilon: 0.010
2026-04-19 09:47:08 | INFO | Episode 4471 - Reward: -200.000, Length: 200, Loss: 24.9450, Entropy: 1.0590, Epsilon: 0.010
2026-04-19 09:47:08 | INFO | Episode 4472 - Reward: -200.000, Length: 200, Loss: 19.3555, Entropy: 1.0907, Epsilon: 0.010
2026-04-19 09:47:09 | INFO | Episode 4473 - Reward: -200.000, Length: 200, Loss: 19.7022, Entropy: 1.0632, Epsilon: 0.010
2026-04-19 09:47:09 | INFO | Episode 4474 - Reward: -200.000, Length: 200, Loss: 15.2909, Entropy: 1.0597, Epsilon: 0.010
2026-04-19 09:47:09 | INFO | Episode 4475 - Reward: -200.000, Length: 200, Loss: 16.3309, Entropy: 1.0926, Epsilon: 0.010
2026-04-19 09:47:10 | INFO | Episode 4476 - Reward: -200.000, Length: 200, Loss: 10.2737, Entropy: 1.0895, Epsilon: 0.010
2026-04-19 09:47:10 | INFO | Episode 4477 - Reward: -200.000, Length: 200, Loss: 10.6563, Entropy: 1.0855, Epsilon: 0.010
2026-04-19 09:47:10 | INFO | Episode 4478 - Reward: -200.000, Length: 200, Loss: 24.2094, Entropy: 1.0815, Epsilon: 0.010
2026-04-19 09:47:11 | INFO | Episode 4479 - Reward: -200.000, Length: 200, Loss: 5.3499, Entropy: 1.0957, Epsilon: 0.010
2026-04-19 09:47:11 | INFO | Episode 4480 - Reward: -200.000, Length: 200, Loss: 13.5492, Entropy: 1.0882, Epsilon: 0.010
2026-04-19 09:47:12 | INFO | Episode 4481 - Reward: -200.000, Length: 200, Loss: 10.8878, Entropy: 1.0908, Epsilon: 0.010
2026-04-19 09:47:12 | INFO | Episode 4482 - Reward: -200.000, Length: 200, Loss: 10.9227, Entropy: 1.0843, Epsilon: 0.010
2026-04-19 09:47:12 | INFO | Episode 4483 - Reward: -200.000, Length: 200, Loss: 10.8419, Entropy: 1.0932, Epsilon: 0.010
2026-04-19 09:47:13 | INFO | Episode 4484 - Reward: -200.000, Length: 200, Loss: 10.9036, Entropy: 1.0945, Epsilon: 0.010
2026-04-19 09:47:13 | INFO | Episode 4485 - Reward: -200.000, Length: 200, Loss: 16.3577, Entropy: 1.0753, Epsilon: 0.010
2026-04-19 09:47:13 | INFO | Episode 4486 - Reward: -200.000, Length: 200, Loss: 22.0781, Entropy: 1.0788, Epsilon: 0.010
2026-04-19 09:47:14 | INFO | Episode 4487 - Reward: -200.000, Length: 200, Loss: 13.7787, Entropy: 1.0871, Epsilon: 0.010
2026-04-19 09:47:14 | INFO | Episode 4488 - Reward: -200.000, Length: 200, Loss: 24.7196, Entropy: 1.0855, Epsilon: 0.010
2026-04-19 09:47:14 | INFO | Episode 4489 - Reward: -200.000, Length: 200, Loss: 16.7199, Entropy: 1.0908, Epsilon: 0.010
2026-04-19 09:47:15 | INFO | Episode 4490 - Reward: -200.000, Length: 200, Loss: 7.9743, Entropy: 1.0935, Epsilon: 0.010
2026-04-19 09:47:15 | INFO | Episode 4491 - Reward: -200.000, Length: 200, Loss: 16.2821, Entropy: 1.0865, Epsilon: 0.010
2026-04-19 09:47:15 | INFO | Episode 4492 - Reward: -200.000, Length: 200, Loss: 33.4790, Entropy: 1.0598, Epsilon: 0.010
2026-04-19 09:47:16 | INFO | Episode 4493 - Reward: -200.000, Length: 200, Loss: 19.6581, Entropy: 1.0784, Epsilon: 0.010
2026-04-19 09:47:16 | INFO | Episode 4494 - Reward: -200.000, Length: 200, Loss: 11.2357, Entropy: 1.0735, Epsilon: 0.010
2026-04-19 09:47:17 | INFO | Episode 4495 - Reward: -200.000, Length: 200, Loss: 24.2516, Entropy: 1.0833, Epsilon: 0.010
2026-04-19 09:47:17 | INFO | Episode 4496 - Reward: -200.000, Length: 200, Loss: 29.9358, Entropy: 1.0873, Epsilon: 0.010
2026-04-19 09:47:17 | INFO | Episode 4497 - Reward: -200.000, Length: 200, Loss: 13.7046, Entropy: 1.0938, Epsilon: 0.010
2026-04-19 09:47:18 | INFO | Episode 4498 - Reward: -200.000, Length: 200, Loss: 8.4513, Entropy: 1.0911, Epsilon: 0.010
2026-04-19 09:47:18 | INFO | Episode 4499 - Reward: -200.000, Length: 200, Loss: 8.2912, Entropy: 1.0911, Epsilon: 0.010
2026-04-19 09:47:18 | INFO | Episode 4500 - Reward: -200.000, Length: 200, Loss: 12.9111, Entropy: 1.0908, Epsilon: 0.010
2026-04-19 09:47:23 | INFO | [Episode 4500] eps=0.010  avg_reward=-200.000  avg_length=200.00  avg_loss= 14.2933  avg_entropy=1.0908  eval_success=0.000
2026-04-19 09:47:23 | INFO | Episode 4501 - Reward: -200.000, Length: 200, Loss: 7.9210, Entropy: 1.0893, Epsilon: 0.010
2026-04-19 09:47:24 | INFO | Episode 4502 - Reward: -200.000, Length: 200, Loss: 27.4857, Entropy: 1.0811, Epsilon: 0.010
2026-04-19 09:47:24 | INFO | Episode 4503 - Reward: -200.000, Length: 200, Loss: 14.1028, Entropy: 1.0919, Epsilon: 0.010
2026-04-19 09:47:24 | INFO | Episode 4504 - Reward: -200.000, Length: 200, Loss: 10.8420, Entropy: 1.0900, Epsilon: 0.010
2026-04-19 09:47:25 | INFO | Episode 4505 - Reward: -200.000, Length: 200, Loss: 22.5296, Entropy: 1.0867, Epsilon: 0.010
2026-04-19 09:47:25 | INFO | Episode 4506 - Reward: -200.000, Length: 200, Loss: 11.2970, Entropy: 1.0839, Epsilon: 0.010
2026-04-19 09:47:26 | INFO | Episode 4507 - Reward: -200.000, Length: 200, Loss: 11.1537, Entropy: 1.0827, Epsilon: 0.010
2026-04-19 09:47:26 | INFO | Episode 4508 - Reward: -200.000, Length: 200, Loss: 16.7840, Entropy: 1.0704, Epsilon: 0.010
2026-04-19 09:47:26 | INFO | Episode 4509 - Reward: -200.000, Length: 200, Loss: 13.0804, Entropy: 1.0853, Epsilon: 0.010
2026-04-19 09:47:27 | INFO | Episode 4510 - Reward: -200.000, Length: 200, Loss: 10.1567, Entropy: 1.0714, Epsilon: 0.010
2026-04-19 09:47:27 | INFO | Episode 4511 - Reward: -200.000, Length: 200, Loss: 13.8836, Entropy: 1.0808, Epsilon: 0.010
2026-04-19 09:47:27 | INFO | Episode 4512 - Reward: -200.000, Length: 200, Loss: 8.2411, Entropy: 1.0881, Epsilon: 0.010
2026-04-19 09:47:28 | INFO | Episode 4513 - Reward: -200.000, Length: 200, Loss: 16.0548, Entropy: 1.0836, Epsilon: 0.010
2026-04-19 09:47:28 | INFO | Episode 4514 - Reward: -200.000, Length: 200, Loss: 13.5664, Entropy: 1.0813, Epsilon: 0.010
2026-04-19 09:47:28 | INFO | Episode 4515 - Reward: -200.000, Length: 200, Loss: 11.0148, Entropy: 1.0499, Epsilon: 0.010
2026-04-19 09:47:29 | INFO | Episode 4516 - Reward: -200.000, Length: 200, Loss: 5.1420, Entropy: 1.0841, Epsilon: 0.010
2026-04-19 09:47:29 | INFO | Episode 4517 - Reward: -200.000, Length: 200, Loss: 5.2778, Entropy: 1.0950, Epsilon: 0.010
2026-04-19 09:47:30 | INFO | Episode 4518 - Reward: -200.000, Length: 200, Loss: 10.5935, Entropy: 1.0848, Epsilon: 0.010
2026-04-19 09:47:30 | INFO | Episode 4519 - Reward: -200.000, Length: 200, Loss: 15.9820, Entropy: 1.0845, Epsilon: 0.010
2026-04-19 09:47:30 | INFO | Episode 4520 - Reward: -200.000, Length: 200, Loss: 16.0016, Entropy: 1.0900, Epsilon: 0.010
2026-04-19 09:47:31 | INFO | Episode 4521 - Reward: -200.000, Length: 200, Loss: 12.8425, Entropy: 1.0764, Epsilon: 0.010
2026-04-19 09:47:31 | INFO | Episode 4522 - Reward: -200.000, Length: 200, Loss: 13.0279, Entropy: 1.0921, Epsilon: 0.010
2026-04-19 09:47:31 | INFO | Episode 4523 - Reward: -200.000, Length: 200, Loss: 17.8280, Entropy: 1.0891, Epsilon: 0.010
2026-04-19 09:47:32 | INFO | Episode 4524 - Reward: -200.000, Length: 200, Loss: 23.8899, Entropy: 1.0812, Epsilon: 0.010
2026-04-19 09:47:32 | INFO | Episode 4525 - Reward: -200.000, Length: 200, Loss: 10.2022, Entropy: 1.0939, Epsilon: 0.010
2026-04-19 09:47:32 | INFO | Episode 4526 - Reward: -200.000, Length: 200, Loss: 13.3074, Entropy: 1.0855, Epsilon: 0.010
2026-04-19 09:47:33 | INFO | Episode 4527 - Reward: -200.000, Length: 200, Loss: 7.9864, Entropy: 1.0901, Epsilon: 0.010
2026-04-19 09:47:33 | INFO | Episode 4528 - Reward: -200.000, Length: 200, Loss: 13.0185, Entropy: 1.0784, Epsilon: 0.010
2026-04-19 09:47:33 | INFO | Episode 4529 - Reward: -200.000, Length: 200, Loss: 8.1704, Entropy: 1.0909, Epsilon: 0.010
2026-04-19 09:47:34 | INFO | Episode 4530 - Reward: -200.000, Length: 200, Loss: 10.2489, Entropy: 1.0936, Epsilon: 0.010
2026-04-19 09:47:34 | INFO | Episode 4531 - Reward: -200.000, Length: 200, Loss: 7.8666, Entropy: 1.0899, Epsilon: 0.010
2026-04-19 09:47:35 | INFO | Episode 4532 - Reward: -200.000, Length: 200, Loss: 10.7152, Entropy: 1.0728, Epsilon: 0.010
2026-04-19 09:47:35 | INFO | Episode 4533 - Reward: -200.000, Length: 200, Loss: 10.7259, Entropy: 1.0909, Epsilon: 0.010
2026-04-19 09:47:35 | INFO | Episode 4534 - Reward: -200.000, Length: 200, Loss: 13.5195, Entropy: 1.0857, Epsilon: 0.010
2026-04-19 09:47:36 | INFO | Episode 4535 - Reward: -200.000, Length: 200, Loss: 13.7799, Entropy: 1.0727, Epsilon: 0.010
2026-04-19 09:47:36 | INFO | Episode 4536 - Reward: -200.000, Length: 200, Loss: 5.2474, Entropy: 1.0939, Epsilon: 0.010
2026-04-19 09:47:36 | INFO | Episode 4537 - Reward: -200.000, Length: 200, Loss: 13.4036, Entropy: 1.0915, Epsilon: 0.010
2026-04-19 09:47:37 | INFO | Episode 4538 - Reward: -200.000, Length: 200, Loss: 21.9152, Entropy: 1.0859, Epsilon: 0.010
2026-04-19 09:47:37 | INFO | Episode 4539 - Reward: -200.000, Length: 200, Loss: 8.2435, Entropy: 1.0910, Epsilon: 0.010
2026-04-19 09:47:37 | INFO | Episode 4540 - Reward: -200.000, Length: 200, Loss: 24.9408, Entropy: 1.0827, Epsilon: 0.010
2026-04-19 09:47:38 | INFO | Episode 4541 - Reward: -200.000, Length: 200, Loss: 13.7404, Entropy: 1.0803, Epsilon: 0.010
2026-04-19 09:47:38 | INFO | Episode 4542 - Reward: -200.000, Length: 200, Loss: 13.9112, Entropy: 1.0805, Epsilon: 0.010
2026-04-19 09:47:38 | INFO | Episode 4543 - Reward: -200.000, Length: 200, Loss: 13.9396, Entropy: 1.0905, Epsilon: 0.010
2026-04-19 09:47:39 | INFO | Episode 4544 - Reward: -200.000, Length: 200, Loss: 22.6667, Entropy: 1.0854, Epsilon: 0.010
2026-04-19 09:47:39 | INFO | Episode 4545 - Reward: -200.000, Length: 200, Loss: 25.4825, Entropy: 1.0803, Epsilon: 0.010
2026-04-19 09:47:40 | INFO | Episode 4546 - Reward: -200.000, Length: 200, Loss: 10.9156, Entropy: 1.0908, Epsilon: 0.010
2026-04-19 09:47:40 | INFO | Episode 4547 - Reward: -200.000, Length: 200, Loss: 8.0169, Entropy: 1.0875, Epsilon: 0.010
2026-04-19 09:47:40 | INFO | Episode 4548 - Reward: -200.000, Length: 200, Loss: 18.9588, Entropy: 1.0875, Epsilon: 0.010
2026-04-19 09:47:41 | INFO | Episode 4549 - Reward: -200.000, Length: 200, Loss: 13.1960, Entropy: 1.0788, Epsilon: 0.010
2026-04-19 09:47:41 | INFO | Episode 4550 - Reward: -200.000, Length: 200, Loss: 13.5192, Entropy: 1.0906, Epsilon: 0.010
2026-04-19 09:47:41 | INFO | Episode 4551 - Reward: -200.000, Length: 200, Loss: 16.0347, Entropy: 1.0907, Epsilon: 0.010
2026-04-19 09:47:42 | INFO | Episode 4552 - Reward: -200.000, Length: 200, Loss: 13.4011, Entropy: 1.0881, Epsilon: 0.010
2026-04-19 09:47:42 | INFO | Episode 4553 - Reward: -200.000, Length: 200, Loss: 2.6071, Entropy: 1.0946, Epsilon: 0.010
2026-04-19 09:47:42 | INFO | Episode 4554 - Reward: -200.000, Length: 200, Loss: 13.6656, Entropy: 1.0881, Epsilon: 0.010
2026-04-19 09:47:43 | INFO | Episode 4555 - Reward: -200.000, Length: 200, Loss: 13.5584, Entropy: 1.0901, Epsilon: 0.010
2026-04-19 09:47:43 | INFO | Episode 4556 - Reward: -200.000, Length: 200, Loss: 5.5249, Entropy: 1.0915, Epsilon: 0.010
2026-04-19 09:47:43 | INFO | Episode 4557 - Reward: -200.000, Length: 200, Loss: 10.3783, Entropy: 1.0902, Epsilon: 0.010
2026-04-19 09:47:44 | INFO | Episode 4558 - Reward: -200.000, Length: 200, Loss: 18.9186, Entropy: 1.0842, Epsilon: 0.010
2026-04-19 09:47:44 | INFO | Episode 4559 - Reward: -200.000, Length: 200, Loss: 13.4131, Entropy: 1.0906, Epsilon: 0.010
2026-04-19 09:47:44 | INFO | Episode 4560 - Reward: -200.000, Length: 200, Loss: 8.3356, Entropy: 1.0947, Epsilon: 0.010
2026-04-19 09:47:45 | INFO | Episode 4561 - Reward: -200.000, Length: 200, Loss: 22.1321, Entropy: 1.0817, Epsilon: 0.010
2026-04-19 09:47:45 | INFO | Episode 4562 - Reward: -200.000, Length: 200, Loss: 8.5096, Entropy: 1.0782, Epsilon: 0.010
2026-04-19 09:47:45 | INFO | Episode 4563 - Reward: -200.000, Length: 200, Loss: 19.0665, Entropy: 1.0832, Epsilon: 0.010
2026-04-19 09:47:46 | INFO | Episode 4564 - Reward: -200.000, Length: 200, Loss: 7.7997, Entropy: 1.0898, Epsilon: 0.010
2026-04-19 09:47:46 | INFO | Episode 4565 - Reward: -200.000, Length: 200, Loss: 10.9897, Entropy: 1.0887, Epsilon: 0.010
2026-04-19 09:47:47 | INFO | Episode 4566 - Reward: -200.000, Length: 200, Loss: 7.9287, Entropy: 1.0938, Epsilon: 0.010
2026-04-19 09:47:47 | INFO | Episode 4567 - Reward: -200.000, Length: 200, Loss: 15.8034, Entropy: 1.0926, Epsilon: 0.010
2026-04-19 09:47:47 | INFO | Episode 4568 - Reward: -200.000, Length: 200, Loss: 10.6358, Entropy: 1.0930, Epsilon: 0.010
2026-04-19 09:47:48 | INFO | Episode 4569 - Reward: -200.000, Length: 200, Loss: 5.1884, Entropy: 1.0859, Epsilon: 0.010
2026-04-19 09:47:48 | INFO | Episode 4570 - Reward: -200.000, Length: 200, Loss: 20.9283, Entropy: 1.0862, Epsilon: 0.010
2026-04-19 09:47:48 | INFO | Episode 4571 - Reward: -200.000, Length: 200, Loss: 8.0162, Entropy: 1.0953, Epsilon: 0.010
2026-04-19 09:47:49 | INFO | Episode 4572 - Reward: -200.000, Length: 200, Loss: 10.6399, Entropy: 1.0917, Epsilon: 0.010
2026-04-19 09:47:49 | INFO | Episode 4573 - Reward: -200.000, Length: 200, Loss: 10.4404, Entropy: 1.0901, Epsilon: 0.010
2026-04-19 09:47:49 | INFO | Episode 4574 - Reward: -200.000, Length: 200, Loss: 7.9645, Entropy: 1.0912, Epsilon: 0.010
2026-04-19 09:47:50 | INFO | Episode 4575 - Reward: -200.000, Length: 200, Loss: 18.4052, Entropy: 1.0893, Epsilon: 0.010
2026-04-19 09:47:50 | INFO | Episode 4576 - Reward: -200.000, Length: 200, Loss: 13.4373, Entropy: 1.0886, Epsilon: 0.010
2026-04-19 09:47:50 | INFO | Episode 4577 - Reward: -200.000, Length: 200, Loss: 13.6972, Entropy: 1.0944, Epsilon: 0.010
2026-04-19 09:47:51 | INFO | Episode 4578 - Reward: -200.000, Length: 200, Loss: 13.7836, Entropy: 1.0901, Epsilon: 0.010
2026-04-19 09:47:51 | INFO | Episode 4579 - Reward: -200.000, Length: 200, Loss: 13.5791, Entropy: 1.0893, Epsilon: 0.010
2026-04-19 09:47:51 | INFO | Episode 4580 - Reward: -200.000, Length: 200, Loss: 27.7190, Entropy: 1.0718, Epsilon: 0.010
2026-04-19 09:47:52 | INFO | Episode 4581 - Reward: -200.000, Length: 200, Loss: 5.1355, Entropy: 1.0920, Epsilon: 0.010
2026-04-19 09:47:52 | INFO | Episode 4582 - Reward: -200.000, Length: 200, Loss: 10.8141, Entropy: 1.0835, Epsilon: 0.010
2026-04-19 09:47:52 | INFO | Episode 4583 - Reward: -200.000, Length: 200, Loss: 5.2125, Entropy: 1.0959, Epsilon: 0.010
2026-04-19 09:47:53 | INFO | Episode 4584 - Reward: -200.000, Length: 200, Loss: 10.9379, Entropy: 1.0929, Epsilon: 0.010
2026-04-19 09:47:53 | INFO | Episode 4585 - Reward: -200.000, Length: 200, Loss: 10.8838, Entropy: 1.0917, Epsilon: 0.010
2026-04-19 09:47:54 | INFO | Episode 4586 - Reward: -200.000, Length: 200, Loss: 19.3883, Entropy: 1.0911, Epsilon: 0.010
2026-04-19 09:47:54 | INFO | Episode 4587 - Reward: -200.000, Length: 200, Loss: 21.5401, Entropy: 1.0706, Epsilon: 0.010
2026-04-19 09:47:54 | INFO | Episode 4588 - Reward: -200.000, Length: 200, Loss: 16.4446, Entropy: 1.0663, Epsilon: 0.010
2026-04-19 09:47:55 | INFO | Episode 4589 - Reward: -200.000, Length: 200, Loss: 16.4402, Entropy: 1.0809, Epsilon: 0.010
2026-04-19 09:47:55 | INFO | Episode 4590 - Reward: -200.000, Length: 200, Loss: 27.8714, Entropy: 1.0650, Epsilon: 0.010
2026-04-19 09:47:55 | INFO | Episode 4591 - Reward: -200.000, Length: 200, Loss: 8.4034, Entropy: 1.0828, Epsilon: 0.010
2026-04-19 09:47:56 | INFO | Episode 4592 - Reward: -200.000, Length: 200, Loss: 8.4672, Entropy: 1.0881, Epsilon: 0.010
2026-04-19 09:47:56 | INFO | Episode 4593 - Reward: -200.000, Length: 200, Loss: 8.1383, Entropy: 1.0920, Epsilon: 0.010
2026-04-19 09:47:56 | INFO | Episode 4594 - Reward: -200.000, Length: 200, Loss: 5.6251, Entropy: 1.0958, Epsilon: 0.010
2026-04-19 09:47:57 | INFO | Episode 4595 - Reward: -200.000, Length: 200, Loss: 14.3446, Entropy: 1.0853, Epsilon: 0.010
2026-04-19 09:47:57 | INFO | Episode 4596 - Reward: -200.000, Length: 200, Loss: 5.3321, Entropy: 1.0880, Epsilon: 0.010
2026-04-19 09:47:57 | INFO | Episode 4597 - Reward: -200.000, Length: 200, Loss: 7.7637, Entropy: 1.0820, Epsilon: 0.010
2026-04-19 09:47:58 | INFO | Episode 4598 - Reward: -200.000, Length: 200, Loss: 13.3648, Entropy: 1.0672, Epsilon: 0.010
2026-04-19 09:47:58 | INFO | Episode 4599 - Reward: -200.000, Length: 200, Loss: 22.0114, Entropy: 1.0783, Epsilon: 0.010
2026-04-19 09:47:59 | INFO | Episode 4600 - Reward: -200.000, Length: 200, Loss: 2.6156, Entropy: 1.0942, Epsilon: 0.010
2026-04-19 09:48:04 | INFO | [Episode 4600] eps=0.010  avg_reward=-200.000  avg_length=200.00  avg_loss= 12.9957  avg_entropy=1.0942  eval_success=0.000
2026-04-19 09:48:04 | INFO | Episode 4601 - Reward: -200.000, Length: 200, Loss: 17.1436, Entropy: 1.0891, Epsilon: 0.010
2026-04-19 09:48:04 | INFO | Episode 4602 - Reward: -200.000, Length: 200, Loss: 11.5844, Entropy: 1.0906, Epsilon: 0.010
2026-04-19 09:48:05 | INFO | Episode 4603 - Reward: -200.000, Length: 200, Loss: 13.6710, Entropy: 1.0796, Epsilon: 0.010
2026-04-19 09:48:05 | INFO | Episode 4604 - Reward: -200.000, Length: 200, Loss: 28.5553, Entropy: 1.0912, Epsilon: 0.010
2026-04-19 09:48:05 | INFO | Episode 4605 - Reward: -200.000, Length: 200, Loss: 5.6568, Entropy: 1.0962, Epsilon: 0.010
2026-04-19 09:48:06 | INFO | Episode 4606 - Reward: -200.000, Length: 200, Loss: 20.2371, Entropy: 1.0902, Epsilon: 0.010
2026-04-19 09:48:06 | INFO | Episode 4607 - Reward: -200.000, Length: 200, Loss: 23.0574, Entropy: 1.0881, Epsilon: 0.010
2026-04-19 09:48:06 | INFO | Episode 4608 - Reward: -200.000, Length: 200, Loss: 19.8327, Entropy: 1.0846, Epsilon: 0.010
2026-04-19 09:48:07 | INFO | Episode 4609 - Reward: -200.000, Length: 200, Loss: 11.3234, Entropy: 1.0775, Epsilon: 0.010
2026-04-19 09:48:07 | INFO | Episode 4610 - Reward: -200.000, Length: 200, Loss: 26.1604, Entropy: 1.0581, Epsilon: 0.010
2026-04-19 09:48:08 | INFO | Episode 4611 - Reward: -200.000, Length: 200, Loss: 11.0809, Entropy: 1.0873, Epsilon: 0.010
2026-04-19 09:48:08 | INFO | Episode 4612 - Reward: -200.000, Length: 200, Loss: 25.0069, Entropy: 1.0568, Epsilon: 0.010
2026-04-19 09:48:08 | INFO | Episode 4613 - Reward: -200.000, Length: 200, Loss: 19.5912, Entropy: 1.0605, Epsilon: 0.010
2026-04-19 09:48:09 | INFO | Episode 4614 - Reward: -200.000, Length: 200, Loss: 18.8936, Entropy: 1.0602, Epsilon: 0.010
2026-04-19 09:48:09 | INFO | Episode 4615 - Reward: -200.000, Length: 200, Loss: 21.2068, Entropy: 1.0921, Epsilon: 0.010
2026-04-19 09:48:09 | INFO | Episode 4616 - Reward: -200.000, Length: 200, Loss: 10.8250, Entropy: 1.0900, Epsilon: 0.010
2026-04-19 09:48:10 | INFO | Episode 4617 - Reward: -200.000, Length: 200, Loss: 12.6697, Entropy: 1.0917, Epsilon: 0.010
2026-04-19 09:48:10 | INFO | Episode 4618 - Reward: -200.000, Length: 200, Loss: 10.7141, Entropy: 1.0922, Epsilon: 0.010
2026-04-19 09:48:10 | INFO | Episode 4619 - Reward: -200.000, Length: 200, Loss: 5.5036, Entropy: 1.0912, Epsilon: 0.010
2026-04-19 09:48:11 | INFO | Episode 4620 - Reward: -200.000, Length: 200, Loss: 20.8185, Entropy: 1.0560, Epsilon: 0.010
2026-04-19 09:48:11 | INFO | Episode 4621 - Reward: -200.000, Length: 200, Loss: 21.7203, Entropy: 1.0876, Epsilon: 0.010
2026-04-19 09:48:11 | INFO | Episode 4622 - Reward: -200.000, Length: 200, Loss: 16.3117, Entropy: 1.0873, Epsilon: 0.010
2026-04-19 09:48:12 | INFO | Episode 4623 - Reward: -200.000, Length: 200, Loss: 13.3607, Entropy: 1.0927, Epsilon: 0.010
2026-04-19 09:48:12 | INFO | Episode 4624 - Reward: -200.000, Length: 200, Loss: 10.7444, Entropy: 1.0762, Epsilon: 0.010
2026-04-19 09:48:12 | INFO | Episode 4625 - Reward: -200.000, Length: 200, Loss: 10.4991, Entropy: 1.0901, Epsilon: 0.010
2026-04-19 09:48:13 | INFO | Episode 4626 - Reward: -200.000, Length: 200, Loss: 10.4968, Entropy: 1.0910, Epsilon: 0.010
2026-04-19 09:48:13 | INFO | Episode 4627 - Reward: -200.000, Length: 200, Loss: 13.6561, Entropy: 1.0907, Epsilon: 0.010
2026-04-19 09:48:14 | INFO | Episode 4628 - Reward: -200.000, Length: 200, Loss: 19.1103, Entropy: 1.0824, Epsilon: 0.010
2026-04-19 09:48:14 | INFO | Episode 4629 - Reward: -200.000, Length: 200, Loss: 24.6030, Entropy: 1.0847, Epsilon: 0.010
2026-04-19 09:48:14 | INFO | Episode 4630 - Reward: -200.000, Length: 200, Loss: 21.4241, Entropy: 1.0856, Epsilon: 0.010
2026-04-19 09:48:15 | INFO | Episode 4631 - Reward: -200.000, Length: 200, Loss: 10.8574, Entropy: 1.0882, Epsilon: 0.010
2026-04-19 09:48:15 | INFO | Episode 4632 - Reward: -200.000, Length: 200, Loss: 26.5333, Entropy: 1.0867, Epsilon: 0.010
2026-04-19 09:48:15 | INFO | Episode 4633 - Reward: -200.000, Length: 200, Loss: 10.7308, Entropy: 1.0819, Epsilon: 0.010
2026-04-19 09:48:16 | INFO | Episode 4634 - Reward: -200.000, Length: 200, Loss: 10.1977, Entropy: 1.0942, Epsilon: 0.010
2026-04-19 09:48:16 | INFO | Episode 4635 - Reward: -200.000, Length: 200, Loss: 10.7322, Entropy: 1.0779, Epsilon: 0.010
2026-04-19 09:48:16 | INFO | Episode 4636 - Reward: -200.000, Length: 200, Loss: 13.7967, Entropy: 1.0913, Epsilon: 0.010
2026-04-19 09:48:17 | INFO | Episode 4637 - Reward: -200.000, Length: 200, Loss: 2.6294, Entropy: 1.0930, Epsilon: 0.010
2026-04-19 09:48:17 | INFO | Episode 4638 - Reward: -200.000, Length: 200, Loss: 10.6291, Entropy: 1.0935, Epsilon: 0.010
2026-04-19 09:48:17 | INFO | Episode 4639 - Reward: -200.000, Length: 200, Loss: 10.8342, Entropy: 1.0914, Epsilon: 0.010
2026-04-19 09:48:18 | INFO | Episode 4640 - Reward: -200.000, Length: 200, Loss: 16.6492, Entropy: 1.0832, Epsilon: 0.010
2026-04-19 09:48:18 | INFO | Episode 4641 - Reward: -200.000, Length: 200, Loss: 21.3345, Entropy: 1.0844, Epsilon: 0.010
2026-04-19 09:48:18 | INFO | Episode 4642 - Reward: -200.000, Length: 200, Loss: 21.5059, Entropy: 1.0652, Epsilon: 0.010
2026-04-19 09:48:19 | INFO | Episode 4643 - Reward: -200.000, Length: 200, Loss: 19.2410, Entropy: 1.0621, Epsilon: 0.010
2026-04-19 09:48:19 | INFO | Episode 4644 - Reward: -200.000, Length: 200, Loss: 10.6794, Entropy: 1.0905, Epsilon: 0.010
2026-04-19 09:48:20 | INFO | Episode 4645 - Reward: -200.000, Length: 200, Loss: 35.2304, Entropy: 1.0733, Epsilon: 0.010
2026-04-19 09:48:20 | INFO | Episode 4646 - Reward: -200.000, Length: 200, Loss: 15.5767, Entropy: 1.0889, Epsilon: 0.010
2026-04-19 09:48:20 | INFO | Episode 4647 - Reward: -200.000, Length: 200, Loss: 18.1451, Entropy: 1.0872, Epsilon: 0.010
2026-04-19 09:48:21 | INFO | Episode 4648 - Reward: -200.000, Length: 200, Loss: 25.6841, Entropy: 1.0870, Epsilon: 0.010
2026-04-19 09:48:21 | INFO | Episode 4649 - Reward: -200.000, Length: 200, Loss: 12.7548, Entropy: 1.0934, Epsilon: 0.010
2026-04-19 09:48:21 | INFO | Episode 4650 - Reward: -200.000, Length: 200, Loss: 13.0255, Entropy: 1.0827, Epsilon: 0.010
2026-04-19 09:48:22 | INFO | Episode 4651 - Reward: -200.000, Length: 200, Loss: 5.2371, Entropy: 1.0948, Epsilon: 0.010
2026-04-19 09:48:22 | INFO | Episode 4652 - Reward: -200.000, Length: 200, Loss: 13.5392, Entropy: 1.0876, Epsilon: 0.010
2026-04-19 09:48:22 | INFO | Episode 4653 - Reward: -200.000, Length: 200, Loss: 21.6670, Entropy: 1.0754, Epsilon: 0.010
2026-04-19 09:48:23 | INFO | Episode 4654 - Reward: -200.000, Length: 200, Loss: 15.7513, Entropy: 1.0919, Epsilon: 0.010
2026-04-19 09:48:23 | INFO | Episode 4655 - Reward: -200.000, Length: 200, Loss: 16.1846, Entropy: 1.0877, Epsilon: 0.010
2026-04-19 09:48:23 | INFO | Episode 4656 - Reward: -200.000, Length: 200, Loss: 5.1199, Entropy: 1.0911, Epsilon: 0.010
2026-04-19 09:48:24 | INFO | Episode 4657 - Reward: -200.000, Length: 200, Loss: 11.0886, Entropy: 1.0937, Epsilon: 0.010
2026-04-19 09:48:24 | INFO | Episode 4658 - Reward: -200.000, Length: 200, Loss: 7.8934, Entropy: 1.0934, Epsilon: 0.010
2026-04-19 09:48:24 | INFO | Episode 4659 - Reward: -200.000, Length: 200, Loss: 24.9312, Entropy: 1.0760, Epsilon: 0.010
2026-04-19 09:48:25 | INFO | Episode 4660 - Reward: -200.000, Length: 200, Loss: 21.5407, Entropy: 1.0922, Epsilon: 0.010
2026-04-19 09:48:25 | INFO | Episode 4661 - Reward: -200.000, Length: 200, Loss: 22.0726, Entropy: 1.0673, Epsilon: 0.010
2026-04-19 09:48:26 | INFO | Episode 4662 - Reward: -200.000, Length: 200, Loss: 13.3379, Entropy: 1.0688, Epsilon: 0.010
2026-04-19 09:48:26 | INFO | Episode 4663 - Reward: -200.000, Length: 200, Loss: 8.0397, Entropy: 1.0881, Epsilon: 0.010
2026-04-19 09:48:26 | INFO | Episode 4664 - Reward: -200.000, Length: 200, Loss: 14.2226, Entropy: 1.0818, Epsilon: 0.010
2026-04-19 09:48:27 | INFO | Episode 4665 - Reward: -200.000, Length: 200, Loss: 19.6781, Entropy: 1.0882, Epsilon: 0.010
2026-04-19 09:48:27 | INFO | Episode 4666 - Reward: -200.000, Length: 200, Loss: 16.2328, Entropy: 1.0920, Epsilon: 0.010
2026-04-19 09:48:27 | INFO | Episode 4667 - Reward: -200.000, Length: 200, Loss: 7.9037, Entropy: 1.0935, Epsilon: 0.010
2026-04-19 09:48:28 | INFO | Episode 4668 - Reward: -200.000, Length: 200, Loss: 10.9517, Entropy: 1.0937, Epsilon: 0.010
2026-04-19 09:48:28 | INFO | Episode 4669 - Reward: -200.000, Length: 200, Loss: 11.1953, Entropy: 1.0828, Epsilon: 0.010
2026-04-19 09:48:28 | INFO | Episode 4670 - Reward: -200.000, Length: 200, Loss: 10.6457, Entropy: 1.0932, Epsilon: 0.010
2026-04-19 09:48:29 | INFO | Episode 4671 - Reward: -200.000, Length: 200, Loss: 11.0230, Entropy: 1.0889, Epsilon: 0.010
2026-04-19 09:48:29 | INFO | Episode 4672 - Reward: -200.000, Length: 200, Loss: 18.7149, Entropy: 1.0698, Epsilon: 0.010
2026-04-19 09:48:29 | INFO | Episode 4673 - Reward: -200.000, Length: 200, Loss: 7.9971, Entropy: 1.0854, Epsilon: 0.010
2026-04-19 09:48:30 | INFO | Episode 4674 - Reward: -200.000, Length: 200, Loss: 11.3121, Entropy: 1.0864, Epsilon: 0.010
2026-04-19 09:48:30 | INFO | Episode 4675 - Reward: -200.000, Length: 200, Loss: 25.3026, Entropy: 1.0765, Epsilon: 0.010
2026-04-19 09:48:30 | INFO | Episode 4676 - Reward: -200.000, Length: 200, Loss: 24.8675, Entropy: 1.0929, Epsilon: 0.010
2026-04-19 09:48:31 | INFO | Episode 4677 - Reward: -200.000, Length: 200, Loss: 19.2174, Entropy: 1.0888, Epsilon: 0.010
2026-04-19 09:48:31 | INFO | Episode 4678 - Reward: -200.000, Length: 200, Loss: 8.1777, Entropy: 1.0873, Epsilon: 0.010
2026-04-19 09:48:32 | INFO | Episode 4679 - Reward: -200.000, Length: 200, Loss: 10.6643, Entropy: 1.0892, Epsilon: 0.010
2026-04-19 09:48:32 | INFO | Episode 4680 - Reward: -200.000, Length: 200, Loss: 11.1484, Entropy: 1.0884, Epsilon: 0.010
2026-04-19 09:48:32 | INFO | Episode 4681 - Reward: -200.000, Length: 200, Loss: -0.2011, Entropy: 1.0956, Epsilon: 0.010
2026-04-19 09:48:33 | INFO | Episode 4682 - Reward: -200.000, Length: 200, Loss: 5.3182, Entropy: 1.0959, Epsilon: 0.010
2026-04-19 09:48:33 | INFO | Episode 4683 - Reward: -200.000, Length: 200, Loss: 8.1885, Entropy: 1.0964, Epsilon: 0.010
2026-04-19 09:48:33 | INFO | Episode 4684 - Reward: -200.000, Length: 200, Loss: 5.2364, Entropy: 1.0935, Epsilon: 0.010
2026-04-19 09:48:34 | INFO | Episode 4685 - Reward: -200.000, Length: 200, Loss: 22.7066, Entropy: 1.0847, Epsilon: 0.010
2026-04-19 09:48:34 | INFO | Episode 4686 - Reward: -200.000, Length: 200, Loss: 25.1544, Entropy: 1.0658, Epsilon: 0.010
2026-04-19 09:48:34 | INFO | Episode 4687 - Reward: -200.000, Length: 200, Loss: 10.8441, Entropy: 1.0898, Epsilon: 0.010
2026-04-19 09:48:35 | INFO | Episode 4688 - Reward: -200.000, Length: 200, Loss: 8.4497, Entropy: 1.0875, Epsilon: 0.010
2026-04-19 09:48:35 | INFO | Episode 4689 - Reward: -200.000, Length: 200, Loss: 25.0945, Entropy: 1.0797, Epsilon: 0.010
2026-04-19 09:48:36 | INFO | Episode 4690 - Reward: -200.000, Length: 200, Loss: 11.1841, Entropy: 1.0949, Epsilon: 0.010
2026-04-19 09:48:36 | INFO | Episode 4691 - Reward: -200.000, Length: 200, Loss: 11.2030, Entropy: 1.0911, Epsilon: 0.010
2026-04-19 09:48:36 | INFO | Episode 4692 - Reward: -200.000, Length: 200, Loss: 8.0786, Entropy: 1.0910, Epsilon: 0.010
2026-04-19 09:48:37 | INFO | Episode 4693 - Reward: -200.000, Length: 200, Loss: 25.7699, Entropy: 1.0778, Epsilon: 0.010
2026-04-19 09:48:37 | INFO | Episode 4694 - Reward: -200.000, Length: 200, Loss: 16.5247, Entropy: 1.0911, Epsilon: 0.010
2026-04-19 09:48:37 | INFO | Episode 4695 - Reward: -200.000, Length: 200, Loss: 5.5660, Entropy: 1.0938, Epsilon: 0.010
2026-04-19 09:48:38 | INFO | Episode 4696 - Reward: -200.000, Length: 200, Loss: 11.1360, Entropy: 1.0869, Epsilon: 0.010
2026-04-19 09:48:38 | INFO | Episode 4697 - Reward: -200.000, Length: 200, Loss: 11.4020, Entropy: 1.0885, Epsilon: 0.010
2026-04-19 09:48:38 | INFO | Episode 4698 - Reward: -200.000, Length: 200, Loss: 16.5556, Entropy: 1.0618, Epsilon: 0.010
2026-04-19 09:48:39 | INFO | Episode 4699 - Reward: -200.000, Length: 200, Loss: 14.4905, Entropy: 1.0803, Epsilon: 0.010
2026-04-19 09:48:39 | INFO | Episode 4700 - Reward: -200.000, Length: 200, Loss: 22.4013, Entropy: 1.0385, Epsilon: 0.010
2026-04-19 09:48:44 | INFO | [Episode 4700] eps=0.010  avg_reward=-200.000  avg_length=200.00  avg_loss= 15.0299  avg_entropy=1.0385  eval_success=0.000
2026-04-19 09:48:44 | INFO | Episode 4701 - Reward: -200.000, Length: 200, Loss: 10.4418, Entropy: 1.0793, Epsilon: 0.010
2026-04-19 09:48:45 | INFO | Episode 4702 - Reward: -200.000, Length: 200, Loss: 16.2510, Entropy: 1.0917, Epsilon: 0.010
2026-04-19 09:48:45 | INFO | Episode 4703 - Reward: -200.000, Length: 200, Loss: 7.9258, Entropy: 1.0981, Epsilon: 0.010
2026-04-19 09:48:46 | INFO | Episode 4704 - Reward: -200.000, Length: 200, Loss: 18.7107, Entropy: 1.0792, Epsilon: 0.010
2026-04-19 09:48:46 | INFO | Episode 4705 - Reward: -200.000, Length: 200, Loss: 7.8475, Entropy: 1.0919, Epsilon: 0.010
2026-04-19 09:48:46 | INFO | Episode 4706 - Reward: -200.000, Length: 200, Loss: 18.5559, Entropy: 1.0852, Epsilon: 0.010
2026-04-19 09:48:47 | INFO | Episode 4707 - Reward: -200.000, Length: 200, Loss: 27.1467, Entropy: 1.0840, Epsilon: 0.010
2026-04-19 09:48:47 | INFO | Episode 4708 - Reward: -200.000, Length: 200, Loss: 18.4611, Entropy: 1.0858, Epsilon: 0.010
2026-04-19 09:48:47 | INFO | Episode 4709 - Reward: -200.000, Length: 200, Loss: 7.2403, Entropy: 1.0697, Epsilon: 0.010
2026-04-19 09:48:48 | INFO | Episode 4710 - Reward: -200.000, Length: 200, Loss: 18.3524, Entropy: 1.0752, Epsilon: 0.010
2026-04-19 09:48:48 | INFO | Episode 4711 - Reward: -200.000, Length: 200, Loss: 10.8047, Entropy: 1.0932, Epsilon: 0.010
2026-04-19 09:48:48 | INFO | Episode 4712 - Reward: -200.000, Length: 200, Loss: 18.3598, Entropy: 1.0853, Epsilon: 0.010
2026-04-19 09:48:49 | INFO | Episode 4713 - Reward: -200.000, Length: 200, Loss: 10.3405, Entropy: 1.0895, Epsilon: 0.010
2026-04-19 09:48:49 | INFO | Episode 4714 - Reward: -200.000, Length: 200, Loss: 10.4892, Entropy: 1.0917, Epsilon: 0.010
2026-04-19 09:48:49 | INFO | Episode 4715 - Reward: -200.000, Length: 200, Loss: 12.9486, Entropy: 1.0873, Epsilon: 0.010
2026-04-19 09:48:50 | INFO | Episode 4716 - Reward: -200.000, Length: 200, Loss: 2.5389, Entropy: 1.0966, Epsilon: 0.010
2026-04-19 09:48:50 | INFO | Episode 4717 - Reward: -200.000, Length: 200, Loss: 18.7591, Entropy: 1.0908, Epsilon: 0.010
2026-04-19 09:48:51 | INFO | Episode 4718 - Reward: -200.000, Length: 200, Loss: 16.5674, Entropy: 1.0779, Epsilon: 0.010
2026-04-19 09:48:53 | INFO | Episode 4719 - Reward: -200.000, Length: 200, Loss: 15.9917, Entropy: 1.0760, Epsilon: 0.010
2026-04-19 09:48:53 | INFO | Episode 4720 - Reward: -200.000, Length: 200, Loss: 10.9501, Entropy: 1.0899, Epsilon: 0.010
2026-04-19 09:48:53 | INFO | Episode 4721 - Reward: -200.000, Length: 200, Loss: 21.9367, Entropy: 1.0810, Epsilon: 0.010
2026-04-19 09:48:54 | INFO | Episode 4722 - Reward: -200.000, Length: 200, Loss: 21.7457, Entropy: 1.0872, Epsilon: 0.010
2026-04-19 09:48:54 | INFO | Episode 4723 - Reward: -200.000, Length: 200, Loss: 13.5710, Entropy: 1.0837, Epsilon: 0.010
2026-04-19 09:48:54 | INFO | Episode 4724 - Reward: -200.000, Length: 200, Loss: 16.2539, Entropy: 1.0681, Epsilon: 0.010
2026-04-19 09:48:55 | INFO | Episode 4725 - Reward: -200.000, Length: 200, Loss: 13.2983, Entropy: 1.0808, Epsilon: 0.010
2026-04-19 09:48:55 | INFO | Episode 4726 - Reward: -200.000, Length: 200, Loss: 23.7555, Entropy: 1.0747, Epsilon: 0.010
2026-04-19 09:48:55 | INFO | Episode 4727 - Reward: -200.000, Length: 200, Loss: 15.8957, Entropy: 1.0889, Epsilon: 0.010
2026-04-19 09:48:56 | INFO | Episode 4728 - Reward: -200.000, Length: 200, Loss: 16.4979, Entropy: 1.0819, Epsilon: 0.010
2026-04-19 09:48:56 | INFO | Episode 4729 - Reward: -200.000, Length: 200, Loss: 13.2376, Entropy: 1.0847, Epsilon: 0.010
2026-04-19 09:48:56 | INFO | Episode 4730 - Reward: -200.000, Length: 200, Loss: 24.7545, Entropy: 1.0815, Epsilon: 0.010
2026-04-19 09:48:57 | INFO | Episode 4731 - Reward: -200.000, Length: 200, Loss: 24.5150, Entropy: 1.0925, Epsilon: 0.010
2026-04-19 09:48:57 | INFO | Episode 4732 - Reward: -200.000, Length: 200, Loss: 8.1665, Entropy: 1.0894, Epsilon: 0.010
2026-04-19 09:48:57 | INFO | Episode 4733 - Reward: -200.000, Length: 200, Loss: 19.0998, Entropy: 1.0806, Epsilon: 0.010
2026-04-19 09:48:58 | INFO | Episode 4734 - Reward: -200.000, Length: 200, Loss: 16.0062, Entropy: 1.0879, Epsilon: 0.010
2026-04-19 09:48:58 | INFO | Episode 4735 - Reward: -200.000, Length: 200, Loss: 10.8255, Entropy: 1.0917, Epsilon: 0.010
2026-04-19 09:48:59 | INFO | Episode 4736 - Reward: -200.000, Length: 200, Loss: 5.6484, Entropy: 1.0901, Epsilon: 0.010
2026-04-19 09:48:59 | INFO | Episode 4737 - Reward: -200.000, Length: 200, Loss: 11.1462, Entropy: 1.0881, Epsilon: 0.010
2026-04-19 09:48:59 | INFO | Episode 4738 - Reward: -200.000, Length: 200, Loss: 2.6745, Entropy: 1.0941, Epsilon: 0.010
2026-04-19 09:49:00 | INFO | Episode 4739 - Reward: -200.000, Length: 200, Loss: 28.1064, Entropy: 1.0850, Epsilon: 0.010
2026-04-19 09:49:00 | INFO | Episode 4740 - Reward: -200.000, Length: 200, Loss: 19.6203, Entropy: 1.0809, Epsilon: 0.010
2026-04-19 09:49:00 | INFO | Episode 4741 - Reward: -200.000, Length: 200, Loss: 5.6453, Entropy: 1.0874, Epsilon: 0.010
2026-04-19 09:49:01 | INFO | Episode 4742 - Reward: -200.000, Length: 200, Loss: 13.7056, Entropy: 1.0933, Epsilon: 0.010
2026-04-19 09:49:01 | INFO | Episode 4743 - Reward: -200.000, Length: 200, Loss: 13.8383, Entropy: 1.0659, Epsilon: 0.010
2026-04-19 09:49:01 | INFO | Episode 4744 - Reward: -200.000, Length: 200, Loss: 19.0135, Entropy: 1.0847, Epsilon: 0.010
2026-04-19 09:49:02 | INFO | Episode 4745 - Reward: -200.000, Length: 200, Loss: 16.7211, Entropy: 1.0780, Epsilon: 0.010
2026-04-19 09:49:02 | INFO | Episode 4746 - Reward: -200.000, Length: 200, Loss: 11.0789, Entropy: 1.0918, Epsilon: 0.010
2026-04-19 09:49:02 | INFO | Episode 4747 - Reward: -200.000, Length: 200, Loss: 19.5465, Entropy: 1.0832, Epsilon: 0.010
2026-04-19 09:49:03 | INFO | Episode 4748 - Reward: -200.000, Length: 200, Loss: 16.4023, Entropy: 1.0897, Epsilon: 0.010
2026-04-19 09:49:03 | INFO | Episode 4749 - Reward: -200.000, Length: 200, Loss: 13.4452, Entropy: 1.0900, Epsilon: 0.010
2026-04-19 09:49:03 | INFO | Episode 4750 - Reward: -200.000, Length: 200, Loss: 24.6970, Entropy: 1.0866, Epsilon: 0.010
2026-04-19 09:49:04 | INFO | Episode 4751 - Reward: -200.000, Length: 200, Loss: 5.0844, Entropy: 1.0916, Epsilon: 0.010
2026-04-19 09:49:04 | INFO | Episode 4752 - Reward: -200.000, Length: 200, Loss: 10.5732, Entropy: 1.0929, Epsilon: 0.010
2026-04-19 09:49:05 | INFO | Episode 4753 - Reward: -200.000, Length: 200, Loss: 26.2800, Entropy: 1.0879, Epsilon: 0.010
2026-04-19 09:49:05 | INFO | Episode 4754 - Reward: -200.000, Length: 200, Loss: 5.3934, Entropy: 1.0933, Epsilon: 0.010
2026-04-19 09:49:05 | INFO | Episode 4755 - Reward: -200.000, Length: 200, Loss: 13.1380, Entropy: 1.0814, Epsilon: 0.010
2026-04-19 09:49:06 | INFO | Episode 4756 - Reward: -200.000, Length: 200, Loss: 15.4385, Entropy: 1.0858, Epsilon: 0.010
2026-04-19 09:49:06 | INFO | Episode 4757 - Reward: -200.000, Length: 200, Loss: 7.6937, Entropy: 1.0841, Epsilon: 0.010
2026-04-19 09:49:06 | INFO | Episode 4758 - Reward: -200.000, Length: 200, Loss: 13.2549, Entropy: 1.0742, Epsilon: 0.010
2026-04-19 09:49:07 | INFO | Episode 4759 - Reward: -200.000, Length: 200, Loss: 13.2294, Entropy: 1.0700, Epsilon: 0.010
2026-04-19 09:49:07 | INFO | Episode 4760 - Reward: -200.000, Length: 200, Loss: 15.5631, Entropy: 1.0824, Epsilon: 0.010
2026-04-19 09:49:07 | INFO | Episode 4761 - Reward: -200.000, Length: 200, Loss: 10.6115, Entropy: 1.0837, Epsilon: 0.010
2026-04-19 09:49:08 | INFO | Episode 4762 - Reward: -200.000, Length: 200, Loss: 26.3214, Entropy: 1.0727, Epsilon: 0.010
2026-04-19 09:49:08 | INFO | Episode 4763 - Reward: -200.000, Length: 200, Loss: 5.2565, Entropy: 1.0909, Epsilon: 0.010
2026-04-19 09:49:09 | INFO | Episode 4764 - Reward: -200.000, Length: 200, Loss: 10.2686, Entropy: 1.0953, Epsilon: 0.010
2026-04-19 09:49:09 | INFO | Episode 4765 - Reward: -200.000, Length: 200, Loss: 13.0773, Entropy: 1.0944, Epsilon: 0.010
2026-04-19 09:49:09 | INFO | Episode 4766 - Reward: -200.000, Length: 200, Loss: 13.1934, Entropy: 1.0848, Epsilon: 0.010
2026-04-19 09:49:10 | INFO | Episode 4767 - Reward: -200.000, Length: 200, Loss: 7.8659, Entropy: 1.0907, Epsilon: 0.010
2026-04-19 09:49:10 | INFO | Episode 4768 - Reward: -200.000, Length: 200, Loss: 4.8741, Entropy: 1.0931, Epsilon: 0.010
2026-04-19 09:49:10 | INFO | Episode 4769 - Reward: -200.000, Length: 200, Loss: 13.4032, Entropy: 1.0869, Epsilon: 0.010
2026-04-19 09:49:11 | INFO | Episode 4770 - Reward: -200.000, Length: 200, Loss: 20.9570, Entropy: 1.0841, Epsilon: 0.010
2026-04-19 09:49:11 | INFO | Episode 4771 - Reward: -200.000, Length: 200, Loss: 15.6482, Entropy: 1.0820, Epsilon: 0.010
2026-04-19 09:49:11 | INFO | Episode 4772 - Reward: -200.000, Length: 200, Loss: 12.7637, Entropy: 1.0727, Epsilon: 0.010
2026-04-19 09:49:12 | INFO | Episode 4773 - Reward: -200.000, Length: 200, Loss: 13.2961, Entropy: 1.0917, Epsilon: 0.010
2026-04-19 09:49:12 | INFO | Episode 4774 - Reward: -200.000, Length: 200, Loss: 10.5799, Entropy: 1.0823, Epsilon: 0.010
2026-04-19 09:49:12 | INFO | Episode 4775 - Reward: -200.000, Length: 200, Loss: 18.6042, Entropy: 1.0868, Epsilon: 0.010
2026-04-19 09:49:13 | INFO | Episode 4776 - Reward: -200.000, Length: 200, Loss: 13.7641, Entropy: 1.0819, Epsilon: 0.010
2026-04-19 09:49:13 | INFO | Episode 4777 - Reward: -200.000, Length: 200, Loss: 5.4263, Entropy: 1.0943, Epsilon: 0.010
2026-04-19 09:49:14 | INFO | Episode 4778 - Reward: -200.000, Length: 200, Loss: 10.9985, Entropy: 1.0859, Epsilon: 0.010
2026-04-19 09:49:14 | INFO | Episode 4779 - Reward: -200.000, Length: 200, Loss: 19.2872, Entropy: 1.0923, Epsilon: 0.010
2026-04-19 09:49:14 | INFO | Episode 4780 - Reward: -200.000, Length: 200, Loss: 10.9784, Entropy: 1.0908, Epsilon: 0.010
2026-04-19 09:49:15 | INFO | Episode 4781 - Reward: -200.000, Length: 200, Loss: 5.6748, Entropy: 1.0940, Epsilon: 0.010
2026-04-19 09:49:15 | INFO | Episode 4782 - Reward: -200.000, Length: 200, Loss: 16.4232, Entropy: 1.0885, Epsilon: 0.010
2026-04-19 09:49:15 | INFO | Episode 4783 - Reward: -200.000, Length: 200, Loss: 5.4047, Entropy: 1.0932, Epsilon: 0.010
2026-04-19 09:49:16 | INFO | Episode 4784 - Reward: -200.000, Length: 200, Loss: 7.8724, Entropy: 1.0820, Epsilon: 0.010
2026-04-19 09:49:16 | INFO | Episode 4785 - Reward: -200.000, Length: 200, Loss: 8.4419, Entropy: 1.0868, Epsilon: 0.010
2026-04-19 09:49:16 | INFO | Episode 4786 - Reward: -200.000, Length: 200, Loss: 17.0676, Entropy: 1.0777, Epsilon: 0.010
2026-04-19 09:49:17 | INFO | Episode 4787 - Reward: -200.000, Length: 200, Loss: 5.6086, Entropy: 1.0920, Epsilon: 0.010
2026-04-19 09:49:17 | INFO | Episode 4788 - Reward: -200.000, Length: 200, Loss: 22.8053, Entropy: 1.0690, Epsilon: 0.010
2026-04-19 09:49:17 | INFO | Episode 4789 - Reward: -200.000, Length: 200, Loss: 11.1843, Entropy: 1.0936, Epsilon: 0.010
2026-04-19 09:49:18 | INFO | Episode 4790 - Reward: -200.000, Length: 200, Loss: 25.0985, Entropy: 1.0756, Epsilon: 0.010
2026-04-19 09:49:18 | INFO | Episode 4791 - Reward: -200.000, Length: 200, Loss: 8.3371, Entropy: 1.0925, Epsilon: 0.010
2026-04-19 09:49:19 | INFO | Episode 4792 - Reward: -200.000, Length: 200, Loss: 19.3331, Entropy: 1.0723, Epsilon: 0.010
2026-04-19 09:49:19 | INFO | Episode 4793 - Reward: -200.000, Length: 200, Loss: 5.5420, Entropy: 1.0894, Epsilon: 0.010
2026-04-19 09:49:19 | INFO | Episode 4794 - Reward: -200.000, Length: 200, Loss: 8.6035, Entropy: 1.0929, Epsilon: 0.010
2026-04-19 09:49:20 | INFO | Episode 4795 - Reward: -200.000, Length: 200, Loss: 17.5775, Entropy: 1.0877, Epsilon: 0.010
2026-04-19 09:49:20 | INFO | Episode 4796 - Reward: -200.000, Length: 200, Loss: 16.7049, Entropy: 1.0677, Epsilon: 0.010
2026-04-19 09:49:20 | INFO | Episode 4797 - Reward: -200.000, Length: 200, Loss: 29.1461, Entropy: 1.0858, Epsilon: 0.010
2026-04-19 09:49:21 | INFO | Episode 4798 - Reward: -200.000, Length: 200, Loss: 23.3289, Entropy: 1.0918, Epsilon: 0.010
2026-04-19 09:49:21 | INFO | Episode 4799 - Reward: -200.000, Length: 200, Loss: 14.3659, Entropy: 1.0916, Epsilon: 0.010
2026-04-19 09:49:21 | INFO | Episode 4800 - Reward: -200.000, Length: 200, Loss: 14.4423, Entropy: 1.0909, Epsilon: 0.010
2026-04-19 09:49:26 | INFO | [Episode 4800] eps=0.010  avg_reward=-200.000  avg_length=200.00  avg_loss= 14.2532  avg_entropy=1.0909  eval_success=0.000
2026-04-19 09:49:27 | INFO | Episode 4801 - Reward: -200.000, Length: 200, Loss: 14.7347, Entropy: 1.0917, Epsilon: 0.010
2026-04-19 09:49:27 | INFO | Episode 4802 - Reward: -200.000, Length: 200, Loss: 8.2159, Entropy: 1.0923, Epsilon: 0.010
2026-04-19 09:49:27 | INFO | Episode 4803 - Reward: -200.000, Length: 200, Loss: 26.3968, Entropy: 1.0751, Epsilon: 0.010
2026-04-19 09:49:28 | INFO | Episode 4804 - Reward: -200.000, Length: 200, Loss: 23.6175, Entropy: 1.0870, Epsilon: 0.010
2026-04-19 09:49:28 | INFO | Episode 4805 - Reward: -200.000, Length: 200, Loss: 14.6121, Entropy: 1.0923, Epsilon: 0.010
2026-04-19 09:49:28 | INFO | Episode 4806 - Reward: -200.000, Length: 200, Loss: 14.9053, Entropy: 1.0799, Epsilon: 0.010
2026-04-19 09:49:29 | INFO | Episode 4807 - Reward: -200.000, Length: 200, Loss: 11.7788, Entropy: 1.0928, Epsilon: 0.010
2026-04-19 09:49:29 | INFO | Episode 4808 - Reward: -200.000, Length: 200, Loss: 14.9260, Entropy: 1.0789, Epsilon: 0.010
2026-04-19 09:49:29 | INFO | Episode 4809 - Reward: -200.000, Length: 200, Loss: 5.7431, Entropy: 1.0787, Epsilon: 0.010
2026-04-19 09:49:30 | INFO | Episode 4810 - Reward: -200.000, Length: 200, Loss: 17.3807, Entropy: 1.0885, Epsilon: 0.010
2026-04-19 09:49:30 | INFO | Episode 4811 - Reward: -200.000, Length: 200, Loss: 8.5772, Entropy: 1.0896, Epsilon: 0.010
2026-04-19 09:49:30 | INFO | Episode 4812 - Reward: -200.000, Length: 200, Loss: 8.9530, Entropy: 1.0878, Epsilon: 0.010
2026-04-19 09:49:31 | INFO | Episode 4813 - Reward: -200.000, Length: 200, Loss: 17.5095, Entropy: 1.0914, Epsilon: 0.010
2026-04-19 09:49:31 | INFO | Episode 4814 - Reward: -200.000, Length: 200, Loss: 17.4242, Entropy: 1.0853, Epsilon: 0.010
2026-04-19 09:49:31 | INFO | Episode 4815 - Reward: -200.000, Length: 200, Loss: 14.8203, Entropy: 1.0885, Epsilon: 0.010
2026-04-19 09:49:32 | INFO | Episode 4816 - Reward: -200.000, Length: 200, Loss: 20.4994, Entropy: 1.0770, Epsilon: 0.010
2026-04-19 09:49:32 | INFO | Episode 4817 - Reward: -200.000, Length: 200, Loss: 2.8680, Entropy: 1.0933, Epsilon: 0.010
2026-04-19 09:49:33 | INFO | Episode 4818 - Reward: -200.000, Length: 200, Loss: 8.7332, Entropy: 1.0899, Epsilon: 0.010
2026-04-19 09:49:33 | INFO | Episode 4819 - Reward: -200.000, Length: 200, Loss: 23.4466, Entropy: 1.0846, Epsilon: 0.010
2026-04-19 09:49:33 | INFO | Episode 4820 - Reward: -200.000, Length: 200, Loss: 21.1133, Entropy: 1.0746, Epsilon: 0.010
2026-04-19 09:49:34 | INFO | Episode 4821 - Reward: -200.000, Length: 200, Loss: 24.5474, Entropy: 1.0599, Epsilon: 0.010
2026-04-19 09:49:34 | INFO | Episode 4822 - Reward: -200.000, Length: 200, Loss: 21.0071, Entropy: 1.0829, Epsilon: 0.010
2026-04-19 09:49:34 | INFO | Episode 4823 - Reward: -200.000, Length: 200, Loss: 8.8187, Entropy: 1.0911, Epsilon: 0.010
2026-04-19 09:49:35 | INFO | Episode 4824 - Reward: -200.000, Length: 200, Loss: 24.0868, Entropy: 1.0810, Epsilon: 0.010
2026-04-19 09:49:35 | INFO | Episode 4825 - Reward: -200.000, Length: 200, Loss: 27.5788, Entropy: 1.0763, Epsilon: 0.010
2026-04-19 09:49:35 | INFO | Episode 4826 - Reward: -200.000, Length: 200, Loss: 17.9251, Entropy: 1.0554, Epsilon: 0.010
2026-04-19 09:49:36 | INFO | Episode 4827 - Reward: -200.000, Length: 200, Loss: 20.7563, Entropy: 1.0652, Epsilon: 0.010
2026-04-19 09:49:36 | INFO | Episode 4828 - Reward: -200.000, Length: 200, Loss: 8.7172, Entropy: 1.0805, Epsilon: 0.010
2026-04-19 09:49:36 | INFO | Episode 4829 - Reward: -200.000, Length: 200, Loss: 14.9159, Entropy: 1.0900, Epsilon: 0.010
2026-04-19 09:49:37 | INFO | Episode 4830 - Reward: -200.000, Length: 200, Loss: 21.1555, Entropy: 1.0825, Epsilon: 0.010
2026-04-19 09:49:37 | INFO | Episode 4831 - Reward: -200.000, Length: 200, Loss: 14.7891, Entropy: 1.0694, Epsilon: 0.010
2026-04-19 09:49:38 | INFO | Episode 4832 - Reward: -200.000, Length: 200, Loss: 23.3235, Entropy: 1.0866, Epsilon: 0.010
2026-04-19 09:49:38 | INFO | Episode 4833 - Reward: -200.000, Length: 200, Loss: 17.7359, Entropy: 1.0858, Epsilon: 0.010
2026-04-19 09:49:38 | INFO | Episode 4834 - Reward: -200.000, Length: 200, Loss: 11.3243, Entropy: 1.0906, Epsilon: 0.010
2026-04-19 09:49:39 | INFO | Episode 4835 - Reward: -200.000, Length: 200, Loss: 17.6210, Entropy: 1.0868, Epsilon: 0.010
2026-04-19 09:49:39 | INFO | Episode 4836 - Reward: -200.000, Length: 200, Loss: 23.4891, Entropy: 1.0795, Epsilon: 0.010
2026-04-19 09:49:39 | INFO | Episode 4837 - Reward: -200.000, Length: 200, Loss: 17.6296, Entropy: 1.0915, Epsilon: 0.010
2026-04-19 09:49:40 | INFO | Episode 4838 - Reward: -200.000, Length: 200, Loss: 11.5404, Entropy: 1.0920, Epsilon: 0.010
2026-04-19 09:49:40 | INFO | Episode 4839 - Reward: -200.000, Length: 200, Loss: 5.8937, Entropy: 1.0930, Epsilon: 0.010
2026-04-19 09:49:40 | INFO | Episode 4840 - Reward: -200.000, Length: 200, Loss: 20.5287, Entropy: 1.0372, Epsilon: 0.010
2026-04-19 09:49:41 | INFO | Episode 4841 - Reward: -200.000, Length: 200, Loss: 17.5261, Entropy: 1.0789, Epsilon: 0.010
2026-04-19 09:49:41 | INFO | Episode 4842 - Reward: -200.000, Length: 200, Loss: 17.6535, Entropy: 1.0882, Epsilon: 0.010
2026-04-19 09:49:42 | INFO | Episode 4843 - Reward: -200.000, Length: 200, Loss: 23.9399, Entropy: 1.0706, Epsilon: 0.010
2026-04-19 09:49:42 | INFO | Episode 4844 - Reward: -200.000, Length: 200, Loss: 22.9443, Entropy: 1.0814, Epsilon: 0.010
2026-04-19 09:49:42 | INFO | Episode 4845 - Reward: -200.000, Length: 200, Loss: 11.3840, Entropy: 1.0867, Epsilon: 0.010
2026-04-19 09:49:43 | INFO | Episode 4846 - Reward: -200.000, Length: 200, Loss: 17.3534, Entropy: 1.0921, Epsilon: 0.010
2026-04-19 09:49:43 | INFO | Episode 4847 - Reward: -200.000, Length: 200, Loss: 14.1036, Entropy: 1.0767, Epsilon: 0.010
2026-04-19 09:49:43 | INFO | Episode 4848 - Reward: -200.000, Length: 200, Loss: 14.3319, Entropy: 1.0856, Epsilon: 0.010
2026-04-19 09:49:44 | INFO | Episode 4849 - Reward: -200.000, Length: 200, Loss: 5.4158, Entropy: 1.0901, Epsilon: 0.010
2026-04-19 09:49:44 | INFO | Episode 4850 - Reward: -200.000, Length: 200, Loss: 5.5211, Entropy: 1.0923, Epsilon: 0.010
2026-04-19 09:49:44 | INFO | Episode 4851 - Reward: -200.000, Length: 200, Loss: 28.8042, Entropy: 1.0632, Epsilon: 0.010
2026-04-19 09:49:45 | INFO | Episode 4852 - Reward: -200.000, Length: 200, Loss: 20.1167, Entropy: 1.0695, Epsilon: 0.010
2026-04-19 09:49:45 | INFO | Episode 4853 - Reward: -200.000, Length: 200, Loss: 14.6649, Entropy: 1.0898, Epsilon: 0.010
2026-04-19 09:49:45 | INFO | Episode 4854 - Reward: -200.000, Length: 200, Loss: 14.3595, Entropy: 1.0929, Epsilon: 0.010
2026-04-19 09:49:46 | INFO | Episode 4855 - Reward: -200.000, Length: 200, Loss: 8.8137, Entropy: 1.0855, Epsilon: 0.010
2026-04-19 09:49:46 | INFO | Episode 4856 - Reward: -200.000, Length: 200, Loss: 17.8792, Entropy: 1.0772, Epsilon: 0.010
2026-04-19 09:49:47 | INFO | Episode 4857 - Reward: -200.000, Length: 200, Loss: 14.9830, Entropy: 1.0915, Epsilon: 0.010
2026-04-19 09:49:47 | INFO | Episode 4858 - Reward: -200.000, Length: 200, Loss: 5.9711, Entropy: 1.0907, Epsilon: 0.010
2026-04-19 09:49:47 | INFO | Episode 4859 - Reward: -200.000, Length: 200, Loss: 20.6160, Entropy: 1.0640, Epsilon: 0.010
2026-04-19 09:49:48 | INFO | Episode 4860 - Reward: -200.000, Length: 200, Loss: 8.9211, Entropy: 1.0879, Epsilon: 0.010
2026-04-19 09:49:48 | INFO | Episode 4861 - Reward: -200.000, Length: 200, Loss: 18.3179, Entropy: 1.0740, Epsilon: 0.010
2026-04-19 09:49:48 | INFO | Episode 4862 - Reward: -200.000, Length: 200, Loss: 11.8188, Entropy: 1.0889, Epsilon: 0.010
2026-04-19 09:49:49 | INFO | Episode 4863 - Reward: -200.000, Length: 200, Loss: 30.1795, Entropy: 1.0790, Epsilon: 0.010
2026-04-19 09:49:49 | INFO | Episode 4864 - Reward: -200.000, Length: 200, Loss: 5.8843, Entropy: 1.0872, Epsilon: 0.010
2026-04-19 09:49:49 | INFO | Episode 4865 - Reward: -200.000, Length: 200, Loss: 15.0189, Entropy: 1.0835, Epsilon: 0.010
2026-04-19 09:49:50 | INFO | Episode 4866 - Reward: -200.000, Length: 200, Loss: 8.9707, Entropy: 1.0883, Epsilon: 0.010
2026-04-19 09:49:50 | INFO | Episode 4867 - Reward: -200.000, Length: 200, Loss: 17.9255, Entropy: 1.0897, Epsilon: 0.010
2026-04-19 09:49:50 | INFO | Episode 4868 - Reward: -200.000, Length: 200, Loss: 11.8108, Entropy: 1.0902, Epsilon: 0.010
2026-04-19 09:49:51 | INFO | Episode 4869 - Reward: -200.000, Length: 200, Loss: 11.7799, Entropy: 1.0887, Epsilon: 0.010
2026-04-19 09:49:51 | INFO | Episode 4870 - Reward: -200.000, Length: 200, Loss: 11.6761, Entropy: 1.0810, Epsilon: 0.010
2026-04-19 09:49:51 | INFO | Episode 4871 - Reward: -200.000, Length: 200, Loss: 11.9498, Entropy: 1.0894, Epsilon: 0.010
2026-04-19 09:49:52 | INFO | Episode 4872 - Reward: -200.000, Length: 200, Loss: 15.1442, Entropy: 1.0795, Epsilon: 0.010
2026-04-19 09:49:52 | INFO | Episode 4873 - Reward: -200.000, Length: 200, Loss: 20.5253, Entropy: 1.0804, Epsilon: 0.010
2026-04-19 09:49:53 | INFO | Episode 4874 - Reward: -200.000, Length: 200, Loss: 20.8564, Entropy: 1.0929, Epsilon: 0.010
2026-04-19 09:49:53 | INFO | Episode 4875 - Reward: -200.000, Length: 200, Loss: 5.9730, Entropy: 1.0937, Epsilon: 0.010
2026-04-19 09:49:53 | INFO | Episode 4876 - Reward: -200.000, Length: 200, Loss: 5.6335, Entropy: 1.0940, Epsilon: 0.010
2026-04-19 09:49:54 | INFO | Episode 4877 - Reward: -200.000, Length: 200, Loss: 8.9972, Entropy: 1.0913, Epsilon: 0.010
2026-04-19 09:49:54 | INFO | Episode 4878 - Reward: -200.000, Length: 200, Loss: 8.6167, Entropy: 1.0845, Epsilon: 0.010
2026-04-19 09:49:54 | INFO | Episode 4879 - Reward: -200.000, Length: 200, Loss: 20.2714, Entropy: 1.0678, Epsilon: 0.010
2026-04-19 09:49:55 | INFO | Episode 4880 - Reward: -200.000, Length: 200, Loss: 8.6030, Entropy: 1.0801, Epsilon: 0.010
2026-04-19 09:49:55 | INFO | Episode 4881 - Reward: -200.000, Length: 200, Loss: 5.8567, Entropy: 1.0910, Epsilon: 0.010
2026-04-19 09:49:55 | INFO | Episode 4882 - Reward: -200.000, Length: 200, Loss: 18.3110, Entropy: 1.0822, Epsilon: 0.010
2026-04-19 09:49:56 | INFO | Episode 4883 - Reward: -200.000, Length: 200, Loss: 8.9083, Entropy: 1.0967, Epsilon: 0.010
2026-04-19 09:49:56 | INFO | Episode 4884 - Reward: -200.000, Length: 200, Loss: 21.1564, Entropy: 1.0859, Epsilon: 0.010
2026-04-19 09:49:56 | INFO | Episode 4885 - Reward: -200.000, Length: 200, Loss: 23.9845, Entropy: 1.0581, Epsilon: 0.010
2026-04-19 09:49:57 | INFO | Episode 4886 - Reward: -200.000, Length: 200, Loss: 15.0235, Entropy: 1.0843, Epsilon: 0.010
2026-04-19 09:49:57 | INFO | Episode 4887 - Reward: -200.000, Length: 200, Loss: 18.2858, Entropy: 1.0853, Epsilon: 0.010
2026-04-19 09:49:57 | INFO | Episode 4888 - Reward: -200.000, Length: 200, Loss: 18.0166, Entropy: 1.0638, Epsilon: 0.010
2026-04-19 09:49:58 | INFO | Episode 4889 - Reward: -200.000, Length: 200, Loss: 12.0556, Entropy: 1.0497, Epsilon: 0.010
2026-04-19 09:49:58 | INFO | Episode 4890 - Reward: -200.000, Length: 200, Loss: 9.0495, Entropy: 1.0860, Epsilon: 0.010
2026-04-19 09:49:58 | INFO | Episode 4891 - Reward: -200.000, Length: 200, Loss: 12.1219, Entropy: 1.0816, Epsilon: 0.010
2026-04-19 09:49:59 | INFO | Episode 4892 - Reward: -200.000, Length: 200, Loss: 30.1530, Entropy: 1.0866, Epsilon: 0.010
2026-04-19 09:49:59 | INFO | Episode 4893 - Reward: -200.000, Length: 200, Loss: 18.1638, Entropy: 1.0864, Epsilon: 0.010
2026-04-19 09:50:00 | INFO | Episode 4894 - Reward: -200.000, Length: 200, Loss: 8.7885, Entropy: 1.0921, Epsilon: 0.010
2026-04-19 09:50:00 | INFO | Episode 4895 - Reward: -200.000, Length: 200, Loss: 6.1250, Entropy: 1.0939, Epsilon: 0.010
2026-04-19 09:50:00 | INFO | Episode 4896 - Reward: -200.000, Length: 200, Loss: 5.8305, Entropy: 1.0941, Epsilon: 0.010
2026-04-19 09:50:01 | INFO | Episode 4897 - Reward: -200.000, Length: 200, Loss: 21.1551, Entropy: 1.0813, Epsilon: 0.010
2026-04-19 09:50:01 | INFO | Episode 4898 - Reward: -200.000, Length: 200, Loss: 18.0578, Entropy: 1.0911, Epsilon: 0.010
2026-04-19 09:50:01 | INFO | Episode 4899 - Reward: -200.000, Length: 200, Loss: 24.9649, Entropy: 1.0732, Epsilon: 0.010
2026-04-19 09:50:02 | INFO | Episode 4900 - Reward: -200.000, Length: 200, Loss: 18.0426, Entropy: 1.0768, Epsilon: 0.010
2026-04-19 09:50:07 | INFO | [Episode 4900] eps=0.010  avg_reward=-200.000  avg_length=200.00  avg_loss= 15.3895  avg_entropy=1.0768  eval_success=0.000
2026-04-19 09:50:07 | INFO | Episode 4901 - Reward: -200.000, Length: 200, Loss: 8.7178, Entropy: 1.0814, Epsilon: 0.010
2026-04-19 09:50:07 | INFO | Episode 4902 - Reward: -200.000, Length: 200, Loss: 8.4546, Entropy: 1.0888, Epsilon: 0.010
2026-04-19 09:50:08 | INFO | Episode 4903 - Reward: -200.000, Length: 200, Loss: 5.6641, Entropy: 1.0946, Epsilon: 0.010
2026-04-19 09:50:08 | INFO | Episode 4904 - Reward: -200.000, Length: 200, Loss: 29.7133, Entropy: 1.0876, Epsilon: 0.010
2026-04-19 09:50:08 | INFO | Episode 4905 - Reward: -200.000, Length: 200, Loss: 17.8123, Entropy: 1.0879, Epsilon: 0.010
2026-04-19 09:50:09 | INFO | Episode 4906 - Reward: -200.000, Length: 200, Loss: 20.5989, Entropy: 1.0831, Epsilon: 0.010
2026-04-19 09:50:09 | INFO | Episode 4907 - Reward: -200.000, Length: 200, Loss: 14.6848, Entropy: 1.0913, Epsilon: 0.010
2026-04-19 09:50:09 | INFO | Episode 4908 - Reward: -200.000, Length: 200, Loss: 8.6759, Entropy: 1.0948, Epsilon: 0.010
2026-04-19 09:50:10 | INFO | Episode 4909 - Reward: -200.000, Length: 200, Loss: 5.9503, Entropy: 1.0905, Epsilon: 0.010
2026-04-19 09:50:10 | INFO | Episode 4910 - Reward: -200.000, Length: 200, Loss: 8.4868, Entropy: 1.0914, Epsilon: 0.010
2026-04-19 09:50:11 | INFO | Episode 4911 - Reward: -200.000, Length: 200, Loss: 18.5848, Entropy: 1.0835, Epsilon: 0.010
2026-04-19 09:50:11 | INFO | Episode 4912 - Reward: -200.000, Length: 200, Loss: 27.1393, Entropy: 1.0871, Epsilon: 0.010
2026-04-19 09:50:11 | INFO | Episode 4913 - Reward: -200.000, Length: 200, Loss: 15.0689, Entropy: 1.0889, Epsilon: 0.010
2026-04-19 09:50:12 | INFO | Episode 4914 - Reward: -200.000, Length: 200, Loss: 20.5862, Entropy: 1.0831, Epsilon: 0.010
2026-04-19 09:50:12 | INFO | Episode 4915 - Reward: -200.000, Length: 200, Loss: 11.8193, Entropy: 1.0840, Epsilon: 0.010
2026-04-19 09:50:12 | INFO | Episode 4916 - Reward: -200.000, Length: 200, Loss: 17.8006, Entropy: 1.0851, Epsilon: 0.010
2026-04-19 09:50:13 | INFO | Episode 4917 - Reward: -200.000, Length: 200, Loss: 11.6381, Entropy: 1.0751, Epsilon: 0.010
2026-04-19 09:50:13 | INFO | Episode 4918 - Reward: -200.000, Length: 200, Loss: 11.8665, Entropy: 1.0892, Epsilon: 0.010
2026-04-19 09:50:13 | INFO | Episode 4919 - Reward: -200.000, Length: 200, Loss: 26.2635, Entropy: 1.0694, Epsilon: 0.010
2026-04-19 09:50:14 | INFO | Episode 4920 - Reward: -200.000, Length: 200, Loss: 17.2937, Entropy: 1.0892, Epsilon: 0.010
2026-04-19 09:50:14 | INFO | Episode 4921 - Reward: -200.000, Length: 200, Loss: 17.5900, Entropy: 1.0816, Epsilon: 0.010
2026-04-19 09:50:15 | INFO | Episode 4922 - Reward: -200.000, Length: 200, Loss: 17.7406, Entropy: 1.0881, Epsilon: 0.010
2026-04-19 09:50:15 | INFO | Episode 4923 - Reward: -200.000, Length: 200, Loss: 23.0917, Entropy: 1.0748, Epsilon: 0.010
2026-04-19 09:50:15 | INFO | Episode 4924 - Reward: -200.000, Length: 200, Loss: 17.6135, Entropy: 1.0860, Epsilon: 0.010
2026-04-19 09:50:16 | INFO | Episode 4925 - Reward: -200.000, Length: 200, Loss: 26.1685, Entropy: 1.0803, Epsilon: 0.010
2026-04-19 09:50:16 | INFO | Episode 4926 - Reward: -200.000, Length: 200, Loss: 14.7300, Entropy: 1.0914, Epsilon: 0.010
2026-04-19 09:50:16 | INFO | Episode 4927 - Reward: -200.000, Length: 200, Loss: 14.6713, Entropy: 1.0889, Epsilon: 0.010
2026-04-19 09:50:17 | INFO | Episode 4928 - Reward: -200.000, Length: 200, Loss: 2.8556, Entropy: 1.0960, Epsilon: 0.010
2026-04-19 09:50:17 | INFO | Episode 4929 - Reward: -200.000, Length: 200, Loss: 14.4289, Entropy: 1.0832, Epsilon: 0.010
2026-04-19 09:50:17 | INFO | Episode 4930 - Reward: -200.000, Length: 200, Loss: 20.7111, Entropy: 1.0783, Epsilon: 0.010
2026-04-19 09:50:18 | INFO | Episode 4931 - Reward: -200.000, Length: 200, Loss: 11.5889, Entropy: 1.0929, Epsilon: 0.010
2026-04-19 09:50:18 | INFO | Episode 4932 - Reward: -200.000, Length: 200, Loss: 17.7649, Entropy: 1.0834, Epsilon: 0.010
2026-04-19 09:50:18 | INFO | Episode 4933 - Reward: -200.000, Length: 200, Loss: 2.8716, Entropy: 1.0907, Epsilon: 0.010
2026-04-19 09:50:19 | INFO | Episode 4934 - Reward: -200.000, Length: 200, Loss: 15.0446, Entropy: 1.0872, Epsilon: 0.010
2026-04-19 09:50:19 | INFO | Episode 4935 - Reward: -200.000, Length: 200, Loss: 3.0684, Entropy: 1.0911, Epsilon: 0.010
2026-04-19 09:50:20 | INFO | Episode 4936 - Reward: -200.000, Length: 200, Loss: 14.8810, Entropy: 1.0869, Epsilon: 0.010
2026-04-19 09:50:20 | INFO | Episode 4937 - Reward: -200.000, Length: 200, Loss: 8.8016, Entropy: 1.0863, Epsilon: 0.010
2026-04-19 09:50:20 | INFO | Episode 4938 - Reward: -200.000, Length: 200, Loss: 15.2912, Entropy: 1.0911, Epsilon: 0.010
2026-04-19 09:50:21 | INFO | Episode 4939 - Reward: -200.000, Length: 200, Loss: 5.8819, Entropy: 1.0937, Epsilon: 0.010
2026-04-19 09:50:21 | INFO | Episode 4940 - Reward: -200.000, Length: 200, Loss: 24.2486, Entropy: 1.0863, Epsilon: 0.010
2026-04-19 09:50:21 | INFO | Episode 4941 - Reward: -200.000, Length: 200, Loss: 21.3558, Entropy: 1.0768, Epsilon: 0.010
2026-04-19 09:50:22 | INFO | Episode 4942 - Reward: -200.000, Length: 200, Loss: 27.6839, Entropy: 1.0807, Epsilon: 0.010
2026-04-19 09:50:22 | INFO | Episode 4943 - Reward: -200.000, Length: 200, Loss: 9.2285, Entropy: 1.0927, Epsilon: 0.010
2026-04-19 09:50:22 | INFO | Episode 4944 - Reward: -200.000, Length: 200, Loss: 6.1917, Entropy: 1.0924, Epsilon: 0.010
2026-04-19 09:50:23 | INFO | Episode 4945 - Reward: -200.000, Length: 200, Loss: 18.5745, Entropy: 1.0719, Epsilon: 0.010
2026-04-19 09:50:23 | INFO | Episode 4946 - Reward: -200.000, Length: 200, Loss: 12.1916, Entropy: 1.0818, Epsilon: 0.010
2026-04-19 09:50:23 | INFO | Episode 4947 - Reward: -200.000, Length: 200, Loss: 9.3866, Entropy: 1.0857, Epsilon: 0.010
2026-04-19 09:50:24 | INFO | Episode 4948 - Reward: -200.000, Length: 200, Loss: 11.9841, Entropy: 1.0858, Epsilon: 0.010
2026-04-19 09:50:24 | INFO | Episode 4949 - Reward: -200.000, Length: 200, Loss: 11.9122, Entropy: 1.0915, Epsilon: 0.010
2026-04-19 09:50:24 | INFO | Episode 4950 - Reward: -200.000, Length: 200, Loss: 12.1548, Entropy: 1.0862, Epsilon: 0.010
2026-04-19 09:50:25 | INFO | Episode 4951 - Reward: -200.000, Length: 200, Loss: 36.5421, Entropy: 1.0513, Epsilon: 0.010
2026-04-19 09:50:25 | INFO | Episode 4952 - Reward: -200.000, Length: 200, Loss: 9.0989, Entropy: 1.0831, Epsilon: 0.010
2026-04-19 09:50:26 | INFO | Episode 4953 - Reward: -200.000, Length: 200, Loss: 27.7982, Entropy: 1.0580, Epsilon: 0.010
2026-04-19 09:50:26 | INFO | Episode 4954 - Reward: -200.000, Length: 200, Loss: 2.9551, Entropy: 1.0941, Epsilon: 0.010
2026-04-19 09:50:26 | INFO | Episode 4955 - Reward: -200.000, Length: 200, Loss: 17.9748, Entropy: 1.0680, Epsilon: 0.010
2026-04-19 09:50:27 | INFO | Episode 4956 - Reward: -200.000, Length: 200, Loss: 15.5684, Entropy: 1.0889, Epsilon: 0.010
2026-04-19 09:50:27 | INFO | Episode 4957 - Reward: -200.000, Length: 200, Loss: 15.6165, Entropy: 1.0757, Epsilon: 0.010
2026-04-19 09:50:27 | INFO | Episode 4958 - Reward: -200.000, Length: 200, Loss: 15.2492, Entropy: 1.0818, Epsilon: 0.010
2026-04-19 09:50:28 | INFO | Episode 4959 - Reward: -200.000, Length: 200, Loss: 11.8913, Entropy: 1.0773, Epsilon: 0.010
2026-04-19 09:50:28 | INFO | Episode 4960 - Reward: -200.000, Length: 200, Loss: 27.3552, Entropy: 1.0847, Epsilon: 0.010
2026-04-19 09:50:28 | INFO | Episode 4961 - Reward: -200.000, Length: 200, Loss: 17.6619, Entropy: 1.0754, Epsilon: 0.010
2026-04-19 09:50:29 | INFO | Episode 4962 - Reward: -200.000, Length: 200, Loss: 21.0955, Entropy: 1.0743, Epsilon: 0.010
2026-04-19 09:50:29 | INFO | Episode 4963 - Reward: -200.000, Length: 200, Loss: 21.4040, Entropy: 1.0681, Epsilon: 0.010
2026-04-19 09:50:29 | INFO | Episode 4964 - Reward: -200.000, Length: 200, Loss: 14.9980, Entropy: 1.0707, Epsilon: 0.010
2026-04-19 09:50:30 | INFO | Episode 4965 - Reward: -200.000, Length: 200, Loss: 9.1974, Entropy: 1.0836, Epsilon: 0.010
2026-04-19 09:50:30 | INFO | Episode 4966 - Reward: -200.000, Length: 200, Loss: 17.6241, Entropy: 1.0903, Epsilon: 0.010
2026-04-19 09:50:30 | INFO | Episode 4967 - Reward: -200.000, Length: 200, Loss: 14.9908, Entropy: 1.0947, Epsilon: 0.010
2026-04-19 09:50:31 | INFO | Episode 4968 - Reward: -200.000, Length: 200, Loss: 14.9728, Entropy: 1.0838, Epsilon: 0.010
2026-04-19 09:50:31 | INFO | Episode 4969 - Reward: -200.000, Length: 200, Loss: 6.0694, Entropy: 1.0930, Epsilon: 0.010
2026-04-19 09:50:32 | INFO | Episode 4970 - Reward: -200.000, Length: 200, Loss: 24.5536, Entropy: 1.0804, Epsilon: 0.010
2026-04-19 09:50:32 | INFO | Episode 4971 - Reward: -200.000, Length: 200, Loss: 12.3383, Entropy: 1.0807, Epsilon: 0.010
2026-04-19 09:50:32 | INFO | Episode 4972 - Reward: -200.000, Length: 200, Loss: 21.6039, Entropy: 1.0868, Epsilon: 0.010
2026-04-19 09:50:33 | INFO | Episode 4973 - Reward: -200.000, Length: 200, Loss: 21.6482, Entropy: 1.0732, Epsilon: 0.010
2026-04-19 09:50:33 | INFO | Episode 4974 - Reward: -200.000, Length: 200, Loss: 9.0083, Entropy: 1.0870, Epsilon: 0.010
2026-04-19 09:50:33 | INFO | Episode 4975 - Reward: -200.000, Length: 200, Loss: 12.5004, Entropy: 1.0743, Epsilon: 0.010
2026-04-19 09:50:34 | INFO | Episode 4976 - Reward: -200.000, Length: 200, Loss: 18.9212, Entropy: 1.0751, Epsilon: 0.010
2026-04-19 09:50:34 | INFO | Episode 4977 - Reward: -200.000, Length: 200, Loss: 25.0470, Entropy: 1.0794, Epsilon: 0.010
2026-04-19 09:50:34 | INFO | Episode 4978 - Reward: -200.000, Length: 200, Loss: 12.3796, Entropy: 1.0914, Epsilon: 0.010
2026-04-19 09:50:35 | INFO | Episode 4979 - Reward: -200.000, Length: 200, Loss: 6.4969, Entropy: 1.0926, Epsilon: 0.010
2026-04-19 09:50:35 | INFO | Episode 4980 - Reward: -200.000, Length: 200, Loss: 15.6821, Entropy: 1.0912, Epsilon: 0.010
2026-04-19 09:50:35 | INFO | Episode 4981 - Reward: -200.000, Length: 200, Loss: 18.6209, Entropy: 1.0894, Epsilon: 0.010
2026-04-19 09:50:36 | INFO | Episode 4982 - Reward: -200.000, Length: 200, Loss: 6.3672, Entropy: 1.0917, Epsilon: 0.010
2026-04-19 09:50:36 | INFO | Episode 4983 - Reward: -200.000, Length: 200, Loss: 3.0456, Entropy: 1.0936, Epsilon: 0.010
2026-04-19 09:50:36 | INFO | Episode 4984 - Reward: -200.000, Length: 200, Loss: 9.4618, Entropy: 1.0931, Epsilon: 0.010
2026-04-19 09:50:37 | INFO | Episode 4985 - Reward: -200.000, Length: 200, Loss: 18.9907, Entropy: 1.0828, Epsilon: 0.010
2026-04-19 09:50:37 | INFO | Episode 4986 - Reward: -200.000, Length: 200, Loss: 9.0315, Entropy: 1.0891, Epsilon: 0.010
2026-04-19 09:50:38 | INFO | Episode 4987 - Reward: -200.000, Length: 200, Loss: 12.8238, Entropy: 1.0814, Epsilon: 0.010
2026-04-19 09:50:38 | INFO | Episode 4988 - Reward: -200.000, Length: 200, Loss: 3.0211, Entropy: 1.0913, Epsilon: 0.010
2026-04-19 09:50:38 | INFO | Episode 4989 - Reward: -200.000, Length: 200, Loss: 15.6640, Entropy: 1.0884, Epsilon: 0.010
2026-04-19 09:50:39 | INFO | Episode 4990 - Reward: -200.000, Length: 200, Loss: 15.6190, Entropy: 1.0771, Epsilon: 0.010
2026-04-19 09:50:39 | INFO | Episode 4991 - Reward: -200.000, Length: 200, Loss: 9.1410, Entropy: 1.0892, Epsilon: 0.010
2026-04-19 09:50:39 | INFO | Episode 4992 - Reward: -200.000, Length: 200, Loss: 6.2112, Entropy: 1.0908, Epsilon: 0.010
2026-04-19 09:50:40 | INFO | Episode 4993 - Reward: -200.000, Length: 200, Loss: 15.9265, Entropy: 1.0868, Epsilon: 0.010
2026-04-19 09:50:40 | INFO | Episode 4994 - Reward: -200.000, Length: 200, Loss: 24.0649, Entropy: 1.0823, Epsilon: 0.010
2026-04-19 09:50:40 | INFO | Episode 4995 - Reward: -200.000, Length: 200, Loss: 18.1242, Entropy: 1.0886, Epsilon: 0.010
2026-04-19 09:50:41 | INFO | Episode 4996 - Reward: -200.000, Length: 200, Loss: 9.0572, Entropy: 1.0934, Epsilon: 0.010
2026-04-19 09:50:41 | INFO | Episode 4997 - Reward: -200.000, Length: 200, Loss: 6.1941, Entropy: 1.0763, Epsilon: 0.010
2026-04-19 09:50:41 | INFO | Episode 4998 - Reward: -200.000, Length: 200, Loss: 33.8642, Entropy: 1.0500, Epsilon: 0.010
2026-04-19 09:50:42 | INFO | Episode 4999 - Reward: -200.000, Length: 200, Loss: 15.1734, Entropy: 1.0832, Epsilon: 0.010
2026-04-19 09:50:42 | INFO | Episode 5000 - Reward: -200.000, Length: 200, Loss: 6.0780, Entropy: 1.0933, Epsilon: 0.010
2026-04-19 09:50:47 | INFO | [Episode 5000] eps=0.010  avg_reward=-200.000  avg_length=200.00  avg_loss= 14.9125  avg_entropy=1.0933  eval_success=0.000
2026-04-19 09:50:47 | INFO | Episode 5001 - Reward: -200.000, Length: 200, Loss: 8.8507, Entropy: 1.0841, Epsilon: 0.010
2026-04-19 09:50:48 | INFO | Episode 5002 - Reward: -200.000, Length: 200, Loss: 6.0284, Entropy: 1.0933, Epsilon: 0.010
2026-04-19 09:50:48 | INFO | Episode 5003 - Reward: -200.000, Length: 200, Loss: 30.1226, Entropy: 1.0681, Epsilon: 0.010
2026-04-19 09:50:48 | INFO | Episode 5004 - Reward: -200.000, Length: 200, Loss: 17.4340, Entropy: 1.0629, Epsilon: 0.010
2026-04-19 09:50:49 | INFO | Episode 5005 - Reward: -200.000, Length: 200, Loss: 8.7357, Entropy: 1.0861, Epsilon: 0.010
2026-04-19 09:50:49 | INFO | Episode 5006 - Reward: -200.000, Length: 200, Loss: 8.9175, Entropy: 1.0879, Epsilon: 0.010
2026-04-19 09:50:49 | INFO | Episode 5007 - Reward: -200.000, Length: 200, Loss: 26.2901, Entropy: 1.0681, Epsilon: 0.010
2026-04-19 09:50:50 | INFO | Episode 5008 - Reward: -200.000, Length: 200, Loss: 6.1670, Entropy: 1.0611, Epsilon: 0.010
2026-04-19 09:50:50 | INFO | Episode 5009 - Reward: -200.000, Length: 200, Loss: 8.6695, Entropy: 1.0877, Epsilon: 0.010
2026-04-19 09:50:51 | INFO | Episode 5010 - Reward: -200.000, Length: 200, Loss: 8.8710, Entropy: 1.0872, Epsilon: 0.010
2026-04-19 09:50:51 | INFO | Episode 5011 - Reward: -200.000, Length: 200, Loss: 12.2602, Entropy: 1.0882, Epsilon: 0.010
2026-04-19 09:50:51 | INFO | Episode 5012 - Reward: -200.000, Length: 200, Loss: 18.2147, Entropy: 1.0786, Epsilon: 0.010
2026-04-19 09:50:52 | INFO | Episode 5013 - Reward: -200.000, Length: 200, Loss: 26.8769, Entropy: 1.0840, Epsilon: 0.010
2026-04-19 09:50:52 | INFO | Episode 5014 - Reward: -200.000, Length: 200, Loss: 15.1422, Entropy: 1.0657, Epsilon: 0.010
2026-04-19 09:50:52 | INFO | Episode 5015 - Reward: -200.000, Length: 200, Loss: 11.7754, Entropy: 1.0951, Epsilon: 0.010
2026-04-19 09:50:53 | INFO | Episode 5016 - Reward: -200.000, Length: 200, Loss: 11.9883, Entropy: 1.0849, Epsilon: 0.010
2026-04-19 09:50:53 | INFO | Episode 5017 - Reward: -200.000, Length: 200, Loss: 18.7050, Entropy: 1.0924, Epsilon: 0.010
2026-04-19 09:50:53 | INFO | Episode 5018 - Reward: -200.000, Length: 200, Loss: 15.4899, Entropy: 1.0851, Epsilon: 0.010
2026-04-19 09:50:54 | INFO | Episode 5019 - Reward: -200.000, Length: 200, Loss: 24.1241, Entropy: 1.0709, Epsilon: 0.010
2026-04-19 09:50:54 | INFO | Episode 5020 - Reward: -200.000, Length: 200, Loss: 24.0283, Entropy: 1.0809, Epsilon: 0.010
2026-04-19 09:50:54 | INFO | Episode 5021 - Reward: -200.000, Length: 200, Loss: 24.1778, Entropy: 1.0667, Epsilon: 0.010
2026-04-19 09:50:55 | INFO | Episode 5022 - Reward: -200.000, Length: 200, Loss: 21.3531, Entropy: 1.0531, Epsilon: 0.010
2026-04-19 09:50:55 | INFO | Episode 5023 - Reward: -200.000, Length: 200, Loss: 15.0851, Entropy: 1.0708, Epsilon: 0.010
2026-04-19 09:50:55 | INFO | Episode 5024 - Reward: -200.000, Length: 200, Loss: 12.1656, Entropy: 1.0945, Epsilon: 0.010
2026-04-19 09:50:56 | INFO | Episode 5025 - Reward: -200.000, Length: 200, Loss: 12.2854, Entropy: 1.0862, Epsilon: 0.010
2026-04-19 09:50:56 | INFO | Episode 5026 - Reward: -200.000, Length: 200, Loss: 15.0629, Entropy: 1.0821, Epsilon: 0.010
2026-04-19 09:50:57 | INFO | Episode 5027 - Reward: -200.000, Length: 200, Loss: 8.5841, Entropy: 1.0925, Epsilon: 0.010
2026-04-19 09:50:57 | INFO | Episode 5028 - Reward: -200.000, Length: 200, Loss: 5.8587, Entropy: 1.0912, Epsilon: 0.010
2026-04-19 09:50:57 | INFO | Episode 5029 - Reward: -200.000, Length: 200, Loss: 12.0894, Entropy: 1.0788, Epsilon: 0.010
2026-04-19 09:50:58 | INFO | Episode 5030 - Reward: -200.000, Length: 200, Loss: 18.0530, Entropy: 1.0878, Epsilon: 0.010
2026-04-19 09:50:58 | INFO | Episode 5031 - Reward: -200.000, Length: 200, Loss: 5.6693, Entropy: 1.0895, Epsilon: 0.010
2026-04-19 09:50:58 | INFO | Episode 5032 - Reward: -200.000, Length: 200, Loss: 5.9763, Entropy: 1.0860, Epsilon: 0.010
2026-04-19 09:50:59 | INFO | Episode 5033 - Reward: -200.000, Length: 200, Loss: 2.9452, Entropy: 1.0947, Epsilon: 0.010
2026-04-19 09:50:59 | INFO | Episode 5034 - Reward: -200.000, Length: 200, Loss: 18.8544, Entropy: 1.0856, Epsilon: 0.010
2026-04-19 09:50:59 | INFO | Episode 5035 - Reward: -200.000, Length: 200, Loss: 18.6038, Entropy: 1.0854, Epsilon: 0.010
2026-04-19 09:51:00 | INFO | Episode 5036 - Reward: -200.000, Length: 200, Loss: 15.2802, Entropy: 1.0890, Epsilon: 0.010
2026-04-19 09:51:00 | INFO | Episode 5037 - Reward: -200.000, Length: 200, Loss: 12.4244, Entropy: 1.0824, Epsilon: 0.010
2026-04-19 09:51:00 | INFO | Episode 5038 - Reward: -200.000, Length: 200, Loss: 9.3382, Entropy: 1.0854, Epsilon: 0.010
2026-04-19 09:51:01 | INFO | Episode 5039 - Reward: -200.000, Length: 200, Loss: 15.6586, Entropy: 1.0775, Epsilon: 0.010
2026-04-19 09:51:01 | INFO | Episode 5040 - Reward: -200.000, Length: 200, Loss: 21.6699, Entropy: 1.0738, Epsilon: 0.010
2026-04-19 09:51:01 | INFO | Episode 5041 - Reward: -200.000, Length: 200, Loss: 15.6664, Entropy: 1.0931, Epsilon: 0.010
2026-04-19 09:51:02 | INFO | Episode 5042 - Reward: -200.000, Length: 200, Loss: 18.3348, Entropy: 1.0747, Epsilon: 0.010
2026-04-19 09:51:02 | INFO | Episode 5043 - Reward: -200.000, Length: 200, Loss: 14.9076, Entropy: 1.0503, Epsilon: 0.010
2026-04-19 09:51:03 | INFO | Episode 5044 - Reward: -200.000, Length: 200, Loss: 18.5779, Entropy: 1.0895, Epsilon: 0.010
2026-04-19 09:51:03 | INFO | Episode 5045 - Reward: -200.000, Length: 200, Loss: 9.2518, Entropy: 1.0956, Epsilon: 0.010
2026-04-19 09:51:03 | INFO | Episode 5046 - Reward: -200.000, Length: 200, Loss: 15.9947, Entropy: 1.0874, Epsilon: 0.010
2026-04-19 09:51:04 | INFO | Episode 5047 - Reward: -200.000, Length: 200, Loss: 15.8634, Entropy: 1.0921, Epsilon: 0.010
2026-04-19 09:51:04 | INFO | Episode 5048 - Reward: -200.000, Length: 200, Loss: 2.9939, Entropy: 1.0935, Epsilon: 0.010
2026-04-19 09:51:04 | INFO | Episode 5049 - Reward: -200.000, Length: 200, Loss: 25.4182, Entropy: 1.0895, Epsilon: 0.010
2026-04-19 09:51:05 | INFO | Episode 5050 - Reward: -200.000, Length: 200, Loss: 18.9866, Entropy: 1.0888, Epsilon: 0.010
2026-04-19 09:51:05 | INFO | Episode 5051 - Reward: -200.000, Length: 200, Loss: 31.2623, Entropy: 1.0702, Epsilon: 0.010
2026-04-19 09:51:05 | INFO | Episode 5052 - Reward: -200.000, Length: 200, Loss: 12.8948, Entropy: 1.0862, Epsilon: 0.010
2026-04-19 09:51:06 | INFO | Episode 5053 - Reward: -200.000, Length: 200, Loss: 6.0276, Entropy: 1.0937, Epsilon: 0.010
2026-04-19 09:51:06 | INFO | Episode 5054 - Reward: -200.000, Length: 200, Loss: 9.7231, Entropy: 1.0950, Epsilon: 0.010
2026-04-19 09:51:06 | INFO | Episode 5055 - Reward: -200.000, Length: 200, Loss: 25.7853, Entropy: 1.0721, Epsilon: 0.010
2026-04-19 09:51:07 | INFO | Episode 5056 - Reward: -200.000, Length: 200, Loss: 18.4038, Entropy: 1.0784, Epsilon: 0.010
2026-04-19 09:51:07 | INFO | Episode 5057 - Reward: -200.000, Length: 200, Loss: 15.3488, Entropy: 1.0623, Epsilon: 0.010
2026-04-19 09:51:07 | INFO | Episode 5058 - Reward: -200.000, Length: 200, Loss: 15.4751, Entropy: 1.0850, Epsilon: 0.010
2026-04-19 09:51:09 | INFO | Episode 5059 - Reward: -200.000, Length: 200, Loss: 21.6659, Entropy: 1.0597, Epsilon: 0.010
2026-04-19 09:51:10 | INFO | Episode 5060 - Reward: -200.000, Length: 200, Loss: 6.0505, Entropy: 1.0926, Epsilon: 0.010
2026-04-19 09:51:10 | INFO | Episode 5061 - Reward: -200.000, Length: 200, Loss: 8.6400, Entropy: 1.0751, Epsilon: 0.010
2026-04-19 09:51:11 | INFO | Episode 5062 - Reward: -200.000, Length: 200, Loss: 18.6248, Entropy: 1.0877, Epsilon: 0.010
2026-04-19 09:51:11 | INFO | Episode 5063 - Reward: -200.000, Length: 200, Loss: 24.7778, Entropy: 1.0813, Epsilon: 0.010
2026-04-19 09:51:11 | INFO | Episode 5064 - Reward: -200.000, Length: 200, Loss: 5.9363, Entropy: 1.0864, Epsilon: 0.010
2026-04-19 09:51:12 | INFO | Episode 5065 - Reward: -200.000, Length: 200, Loss: 2.7160, Entropy: 1.0962, Epsilon: 0.010
2026-04-19 09:51:12 | INFO | Episode 5066 - Reward: -200.000, Length: 200, Loss: 6.2531, Entropy: 1.0927, Epsilon: 0.010
2026-04-19 09:51:12 | INFO | Episode 5067 - Reward: -200.000, Length: 200, Loss: 9.1853, Entropy: 1.0830, Epsilon: 0.010
2026-04-19 09:51:13 | INFO | Episode 5068 - Reward: -200.000, Length: 200, Loss: 18.5781, Entropy: 1.0951, Epsilon: 0.010
2026-04-19 09:51:13 | INFO | Episode 5069 - Reward: -200.000, Length: 200, Loss: 21.8766, Entropy: 1.0837, Epsilon: 0.010
2026-04-19 09:51:13 | INFO | Episode 5070 - Reward: -200.000, Length: 200, Loss: 9.2314, Entropy: 1.0945, Epsilon: 0.010
2026-04-19 09:51:14 | INFO | Episode 5071 - Reward: -200.000, Length: 200, Loss: 9.7558, Entropy: 1.0787, Epsilon: 0.010
2026-04-19 09:51:14 | INFO | Episode 5072 - Reward: -200.000, Length: 200, Loss: 21.9374, Entropy: 1.0794, Epsilon: 0.010
2026-04-19 09:51:15 | INFO | Episode 5073 - Reward: -200.000, Length: 200, Loss: 19.1117, Entropy: 1.0914, Epsilon: 0.010
2026-04-19 09:51:15 | INFO | Episode 5074 - Reward: -200.000, Length: 200, Loss: 22.6510, Entropy: 1.0613, Epsilon: 0.010
2026-04-19 09:51:15 | INFO | Episode 5075 - Reward: -200.000, Length: 200, Loss: 15.3329, Entropy: 1.0713, Epsilon: 0.010
2026-04-19 09:51:16 | INFO | Episode 5076 - Reward: -200.000, Length: 200, Loss: 16.1922, Entropy: 1.0851, Epsilon: 0.010
2026-04-19 09:51:16 | INFO | Episode 5077 - Reward: -200.000, Length: 200, Loss: 12.8818, Entropy: 1.0846, Epsilon: 0.010
2026-04-19 09:51:16 | INFO | Episode 5078 - Reward: -200.000, Length: 200, Loss: 16.0712, Entropy: 1.0779, Epsilon: 0.010
2026-04-19 09:51:17 | INFO | Episode 5079 - Reward: -200.000, Length: 200, Loss: 27.7500, Entropy: 1.0757, Epsilon: 0.010
2026-04-19 09:51:17 | INFO | Episode 5080 - Reward: -200.000, Length: 200, Loss: 6.4245, Entropy: 1.0816, Epsilon: 0.010
2026-04-19 09:51:17 | INFO | Episode 5081 - Reward: -200.000, Length: 200, Loss: 6.5451, Entropy: 1.0924, Epsilon: 0.010
2026-04-19 09:51:18 | INFO | Episode 5082 - Reward: -200.000, Length: 200, Loss: 15.8976, Entropy: 1.0808, Epsilon: 0.010
2026-04-19 09:51:18 | INFO | Episode 5083 - Reward: -200.000, Length: 200, Loss: 26.3657, Entropy: 1.0769, Epsilon: 0.010
2026-04-19 09:51:19 | INFO | Episode 5084 - Reward: -200.000, Length: 200, Loss: 15.8348, Entropy: 1.0818, Epsilon: 0.010
2026-04-19 09:51:19 | INFO | Episode 5085 - Reward: -200.000, Length: 200, Loss: 9.2296, Entropy: 1.0907, Epsilon: 0.010
2026-04-19 09:51:19 | INFO | Episode 5086 - Reward: -200.000, Length: 200, Loss: 21.3930, Entropy: 1.0696, Epsilon: 0.010
2026-04-19 09:51:20 | INFO | Episode 5087 - Reward: -200.000, Length: 200, Loss: 18.3763, Entropy: 1.0849, Epsilon: 0.010
2026-04-19 09:51:20 | INFO | Episode 5088 - Reward: -200.000, Length: 200, Loss: 25.3451, Entropy: 1.0454, Epsilon: 0.010
2026-04-19 09:51:20 | INFO | Episode 5089 - Reward: -200.000, Length: 200, Loss: 29.0062, Entropy: 1.0645, Epsilon: 0.010
2026-04-19 09:51:21 | INFO | Episode 5090 - Reward: -200.000, Length: 200, Loss: 12.8906, Entropy: 1.0732, Epsilon: 0.010
2026-04-19 09:51:21 | INFO | Episode 5091 - Reward: -200.000, Length: 200, Loss: 18.4675, Entropy: 1.0796, Epsilon: 0.010
2026-04-19 09:51:21 | INFO | Episode 5092 - Reward: -200.000, Length: 200, Loss: 12.5846, Entropy: 1.0827, Epsilon: 0.010
2026-04-19 09:51:22 | INFO | Episode 5093 - Reward: -200.000, Length: 200, Loss: 9.2830, Entropy: 1.0895, Epsilon: 0.010
2026-04-19 09:51:22 | INFO | Episode 5094 - Reward: -200.000, Length: 200, Loss: 9.1855, Entropy: 1.0789, Epsilon: 0.010
2026-04-19 09:51:22 | INFO | Episode 5095 - Reward: -200.000, Length: 200, Loss: 15.4465, Entropy: 1.0884, Epsilon: 0.010
2026-04-19 09:51:23 | INFO | Episode 5096 - Reward: -200.000, Length: 200, Loss: 15.6857, Entropy: 1.0785, Epsilon: 0.010
2026-04-19 09:51:23 | INFO | Episode 5097 - Reward: -200.000, Length: 200, Loss: 18.4965, Entropy: 1.0887, Epsilon: 0.010
2026-04-19 09:51:23 | INFO | Episode 5098 - Reward: -200.000, Length: 200, Loss: 6.2630, Entropy: 1.0879, Epsilon: 0.010
2026-04-19 09:51:24 | INFO | Episode 5099 - Reward: -200.000, Length: 200, Loss: 18.8229, Entropy: 1.0604, Epsilon: 0.010
2026-04-19 09:51:24 | INFO | Episode 5100 - Reward: -200.000, Length: 200, Loss: 12.1213, Entropy: 1.0781, Epsilon: 0.010
2026-04-19 09:51:29 | INFO | [Episode 5100] eps=0.010  avg_reward=-200.000  avg_length=200.00  avg_loss= 15.0963  avg_entropy=1.0781  eval_success=0.000
2026-04-19 09:51:29 | INFO | Episode 5101 - Reward: -200.000, Length: 200, Loss: 2.9592, Entropy: 1.0915, Epsilon: 0.010
2026-04-19 09:51:30 | INFO | Episode 5102 - Reward: -200.000, Length: 200, Loss: 25.1666, Entropy: 1.0776, Epsilon: 0.010
2026-04-19 09:51:30 | INFO | Episode 5103 - Reward: -200.000, Length: 200, Loss: 15.4381, Entropy: 1.0901, Epsilon: 0.010
2026-04-19 09:51:30 | INFO | Episode 5104 - Reward: -200.000, Length: 200, Loss: 15.4485, Entropy: 1.0960, Epsilon: 0.010
2026-04-19 09:51:31 | INFO | Episode 5105 - Reward: -200.000, Length: 200, Loss: 12.5733, Entropy: 1.0806, Epsilon: 0.010
2026-04-19 09:51:31 | INFO | Episode 5106 - Reward: -200.000, Length: 200, Loss: 18.9586, Entropy: 1.0814, Epsilon: 0.010
2026-04-19 09:51:31 | INFO | Episode 5107 - Reward: -200.000, Length: 200, Loss: 22.3552, Entropy: 1.0742, Epsilon: 0.010
2026-04-19 09:51:32 | INFO | Episode 5108 - Reward: -200.000, Length: 200, Loss: 15.5195, Entropy: 1.0897, Epsilon: 0.010
2026-04-19 09:51:32 | INFO | Episode 5109 - Reward: -200.000, Length: 200, Loss: 18.8498, Entropy: 1.0815, Epsilon: 0.010
2026-04-19 09:51:33 | INFO | Episode 5110 - Reward: -200.000, Length: 200, Loss: 15.7267, Entropy: 1.0845, Epsilon: 0.010
2026-04-19 09:51:33 | INFO | Episode 5111 - Reward: -200.000, Length: 200, Loss: 2.8251, Entropy: 1.0937, Epsilon: 0.010
2026-04-19 09:51:33 | INFO | Episode 5112 - Reward: -200.000, Length: 200, Loss: 15.0046, Entropy: 1.0822, Epsilon: 0.010
2026-04-19 09:51:34 | INFO | Episode 5113 - Reward: -200.000, Length: 200, Loss: 28.5042, Entropy: 1.0800, Epsilon: 0.010
2026-04-19 09:51:34 | INFO | Episode 5114 - Reward: -200.000, Length: 200, Loss: 19.5052, Entropy: 1.0800, Epsilon: 0.010
2026-04-19 09:51:34 | INFO | Episode 5115 - Reward: -200.000, Length: 200, Loss: 12.9414, Entropy: 1.0929, Epsilon: 0.010
2026-04-19 09:51:35 | INFO | Episode 5116 - Reward: -200.000, Length: 200, Loss: 9.7217, Entropy: 1.0919, Epsilon: 0.010
2026-04-19 09:51:35 | INFO | Episode 5117 - Reward: -200.000, Length: 200, Loss: 16.2414, Entropy: 1.0875, Epsilon: 0.010
2026-04-19 09:51:35 | INFO | Episode 5118 - Reward: -200.000, Length: 200, Loss: 10.0380, Entropy: 1.0841, Epsilon: 0.010
2026-04-19 09:51:36 | INFO | Episode 5119 - Reward: -200.000, Length: 200, Loss: 15.7757, Entropy: 1.0926, Epsilon: 0.010
2026-04-19 09:51:36 | INFO | Episode 5120 - Reward: -200.000, Length: 200, Loss: 19.1575, Entropy: 1.0811, Epsilon: 0.010
2026-04-19 09:51:36 | INFO | Episode 5121 - Reward: -200.000, Length: 200, Loss: 25.8814, Entropy: 1.0875, Epsilon: 0.010
2026-04-19 09:51:37 | INFO | Episode 5122 - Reward: -200.000, Length: 200, Loss: 6.2831, Entropy: 1.0872, Epsilon: 0.010
2026-04-19 09:51:37 | INFO | Episode 5123 - Reward: -200.000, Length: 200, Loss: 16.1442, Entropy: 1.0761, Epsilon: 0.010
2026-04-19 09:51:37 | INFO | Episode 5124 - Reward: -200.000, Length: 200, Loss: 13.3013, Entropy: 1.0894, Epsilon: 0.010
2026-04-19 09:51:38 | INFO | Episode 5125 - Reward: -200.000, Length: 200, Loss: 36.8967, Entropy: 1.0448, Epsilon: 0.010
2026-04-19 09:51:38 | INFO | Episode 5126 - Reward: -200.000, Length: 200, Loss: 9.9634, Entropy: 1.0815, Epsilon: 0.010
2026-04-19 09:51:39 | INFO | Episode 5127 - Reward: -200.000, Length: 200, Loss: 23.3667, Entropy: 1.0637, Epsilon: 0.010
2026-04-19 09:51:39 | INFO | Episode 5128 - Reward: -200.000, Length: 200, Loss: 29.9180, Entropy: 1.0707, Epsilon: 0.010
2026-04-19 09:51:39 | INFO | Episode 5129 - Reward: -200.000, Length: 200, Loss: 12.9305, Entropy: 1.0830, Epsilon: 0.010
2026-04-19 09:51:40 | INFO | Episode 5130 - Reward: -200.000, Length: 200, Loss: 12.9862, Entropy: 1.0908, Epsilon: 0.010
2026-04-19 09:51:40 | INFO | Episode 5131 - Reward: -200.000, Length: 200, Loss: 12.5369, Entropy: 1.0879, Epsilon: 0.010
2026-04-19 09:51:40 | INFO | Episode 5132 - Reward: -200.000, Length: 200, Loss: 22.2818, Entropy: 1.0910, Epsilon: 0.010
2026-04-19 09:51:41 | INFO | Episode 5133 - Reward: -200.000, Length: 200, Loss: 9.6668, Entropy: 1.0913, Epsilon: 0.010
2026-04-19 09:51:41 | INFO | Episode 5134 - Reward: -200.000, Length: 200, Loss: 13.0699, Entropy: 1.0930, Epsilon: 0.010
2026-04-19 09:51:41 | INFO | Episode 5135 - Reward: -200.000, Length: 200, Loss: 13.1969, Entropy: 1.0770, Epsilon: 0.010
2026-04-19 09:51:42 | INFO | Episode 5136 - Reward: -200.000, Length: 200, Loss: 6.3152, Entropy: 1.0856, Epsilon: 0.010
2026-04-19 09:51:42 | INFO | Episode 5137 - Reward: -200.000, Length: 200, Loss: 9.7450, Entropy: 1.0779, Epsilon: 0.010
2026-04-19 09:51:42 | INFO | Episode 5138 - Reward: -200.000, Length: 200, Loss: 30.2053, Entropy: 1.0756, Epsilon: 0.010
2026-04-19 09:51:43 | INFO | Episode 5139 - Reward: -200.000, Length: 200, Loss: 16.5786, Entropy: 1.0380, Epsilon: 0.010
2026-04-19 09:51:43 | INFO | Episode 5140 - Reward: -200.000, Length: 200, Loss: 9.6204, Entropy: 1.0863, Epsilon: 0.010
2026-04-19 09:51:43 | INFO | Episode 5141 - Reward: -200.000, Length: 200, Loss: 6.6642, Entropy: 1.0956, Epsilon: 0.010
2026-04-19 09:51:44 | INFO | Episode 5142 - Reward: -200.000, Length: 200, Loss: 16.1184, Entropy: 1.0837, Epsilon: 0.010
2026-04-19 09:51:44 | INFO | Episode 5143 - Reward: -200.000, Length: 200, Loss: 22.8353, Entropy: 1.0707, Epsilon: 0.010
2026-04-19 09:51:45 | INFO | Episode 5144 - Reward: -200.000, Length: 200, Loss: 16.0879, Entropy: 1.0881, Epsilon: 0.010
2026-04-19 09:51:45 | INFO | Episode 5145 - Reward: -200.000, Length: 200, Loss: 19.1914, Entropy: 1.0780, Epsilon: 0.010
2026-04-19 09:51:45 | INFO | Episode 5146 - Reward: -200.000, Length: 200, Loss: 9.6568, Entropy: 1.0924, Epsilon: 0.010
2026-04-19 09:51:46 | INFO | Episode 5147 - Reward: -200.000, Length: 200, Loss: 6.5915, Entropy: 1.0927, Epsilon: 0.010
2026-04-19 09:51:46 | INFO | Episode 5148 - Reward: -200.000, Length: 200, Loss: 16.0652, Entropy: 1.0884, Epsilon: 0.010
2026-04-19 09:51:46 | INFO | Episode 5149 - Reward: -200.000, Length: 200, Loss: 12.8079, Entropy: 1.0887, Epsilon: 0.010
2026-04-19 09:51:47 | INFO | Episode 5150 - Reward: -200.000, Length: 200, Loss: 29.5956, Entropy: 1.0271, Epsilon: 0.010
2026-04-19 09:51:47 | INFO | Episode 5151 - Reward: -200.000, Length: 200, Loss: 15.6202, Entropy: 1.0646, Epsilon: 0.010
2026-04-19 09:51:47 | INFO | Episode 5152 - Reward: -200.000, Length: 200, Loss: 28.3493, Entropy: 1.0650, Epsilon: 0.010
2026-04-19 09:51:48 | INFO | Episode 5153 - Reward: -200.000, Length: 200, Loss: 19.1006, Entropy: 1.0777, Epsilon: 0.010
2026-04-19 09:51:48 | INFO | Episode 5154 - Reward: -200.000, Length: 200, Loss: 12.5301, Entropy: 1.0885, Epsilon: 0.010
2026-04-19 09:51:49 | INFO | Episode 5155 - Reward: -200.000, Length: 200, Loss: 28.6441, Entropy: 1.0891, Epsilon: 0.010
2026-04-19 09:51:49 | INFO | Episode 5156 - Reward: -200.000, Length: 200, Loss: 34.3657, Entropy: 1.0628, Epsilon: 0.010
2026-04-19 09:51:49 | INFO | Episode 5157 - Reward: -200.000, Length: 200, Loss: 9.4679, Entropy: 1.0859, Epsilon: 0.010
2026-04-19 09:51:50 | INFO | Episode 5158 - Reward: -200.000, Length: 200, Loss: 12.8095, Entropy: 1.0437, Epsilon: 0.010
2026-04-19 09:51:50 | INFO | Episode 5159 - Reward: -200.000, Length: 200, Loss: 9.6296, Entropy: 1.0819, Epsilon: 0.010
2026-04-19 09:51:50 | INFO | Episode 5160 - Reward: -200.000, Length: 200, Loss: 5.9256, Entropy: 1.0949, Epsilon: 0.010
2026-04-19 09:51:51 | INFO | Episode 5161 - Reward: -200.000, Length: 200, Loss: 16.2792, Entropy: 1.0878, Epsilon: 0.010
2026-04-19 09:51:51 | INFO | Episode 5162 - Reward: -200.000, Length: 200, Loss: 25.5676, Entropy: 1.0807, Epsilon: 0.010
2026-04-19 09:51:51 | INFO | Episode 5163 - Reward: -200.000, Length: 200, Loss: 25.8573, Entropy: 1.0845, Epsilon: 0.010
2026-04-19 09:51:52 | INFO | Episode 5164 - Reward: -200.000, Length: 200, Loss: 9.5350, Entropy: 1.0912, Epsilon: 0.010
2026-04-19 09:51:52 | INFO | Episode 5165 - Reward: -200.000, Length: 200, Loss: 15.6042, Entropy: 1.0765, Epsilon: 0.010
2026-04-19 09:51:52 | INFO | Episode 5166 - Reward: -200.000, Length: 200, Loss: 15.3565, Entropy: 1.0803, Epsilon: 0.010
2026-04-19 09:51:53 | INFO | Episode 5167 - Reward: -200.000, Length: 200, Loss: 15.1388, Entropy: 1.0876, Epsilon: 0.010
2026-04-19 09:51:53 | INFO | Episode 5168 - Reward: -200.000, Length: 200, Loss: 5.6529, Entropy: 1.0849, Epsilon: 0.010
2026-04-19 09:51:54 | INFO | Episode 5169 - Reward: -200.000, Length: 200, Loss: 18.8592, Entropy: 1.0697, Epsilon: 0.010
2026-04-19 09:51:54 | INFO | Episode 5170 - Reward: -200.000, Length: 200, Loss: 15.4570, Entropy: 1.0895, Epsilon: 0.010
2026-04-19 09:51:54 | INFO | Episode 5171 - Reward: -200.000, Length: 200, Loss: 12.3453, Entropy: 1.0866, Epsilon: 0.010
2026-04-19 09:51:55 | INFO | Episode 5172 - Reward: -200.000, Length: 200, Loss: 12.5071, Entropy: 1.0855, Epsilon: 0.010
2026-04-19 09:51:55 | INFO | Episode 5173 - Reward: -200.000, Length: 200, Loss: 15.6155, Entropy: 1.0909, Epsilon: 0.010
2026-04-19 09:51:55 | INFO | Episode 5174 - Reward: -200.000, Length: 200, Loss: 12.5542, Entropy: 1.0817, Epsilon: 0.010
2026-04-19 09:51:56 | INFO | Episode 5175 - Reward: -200.000, Length: 200, Loss: 12.6534, Entropy: 1.0777, Epsilon: 0.010
2026-04-19 09:51:56 | INFO | Episode 5176 - Reward: -200.000, Length: 200, Loss: 15.8679, Entropy: 1.0636, Epsilon: 0.010
2026-04-19 09:51:56 | INFO | Episode 5177 - Reward: -200.000, Length: 200, Loss: 34.5630, Entropy: 1.0826, Epsilon: 0.010
2026-04-19 09:51:57 | INFO | Episode 5178 - Reward: -200.000, Length: 200, Loss: 12.6528, Entropy: 1.0900, Epsilon: 0.010
2026-04-19 09:51:57 | INFO | Episode 5179 - Reward: -200.000, Length: 200, Loss: 22.5767, Entropy: 1.0766, Epsilon: 0.010
2026-04-19 09:51:57 | INFO | Episode 5180 - Reward: -200.000, Length: 200, Loss: 22.3465, Entropy: 1.0832, Epsilon: 0.010
2026-04-19 09:51:58 | INFO | Episode 5181 - Reward: -200.000, Length: 200, Loss: 12.5950, Entropy: 1.0890, Epsilon: 0.010
2026-04-19 09:51:58 | INFO | Episode 5182 - Reward: -200.000, Length: 200, Loss: 12.9212, Entropy: 1.0887, Epsilon: 0.010
2026-04-19 09:51:58 | INFO | Episode 5183 - Reward: -200.000, Length: 200, Loss: 28.7261, Entropy: 1.0268, Epsilon: 0.010
2026-04-19 09:51:59 | INFO | Episode 5184 - Reward: -200.000, Length: 200, Loss: 15.2812, Entropy: 1.0908, Epsilon: 0.010
2026-04-19 09:51:59 | INFO | Episode 5185 - Reward: -200.000, Length: 200, Loss: 15.8139, Entropy: 1.0877, Epsilon: 0.010
2026-04-19 09:52:00 | INFO | Episode 5186 - Reward: -200.000, Length: 200, Loss: 12.3786, Entropy: 1.0917, Epsilon: 0.010
2026-04-19 09:52:00 | INFO | Episode 5187 - Reward: -200.000, Length: 200, Loss: 12.2032, Entropy: 1.0899, Epsilon: 0.010
2026-04-19 09:52:00 | INFO | Episode 5188 - Reward: -200.000, Length: 200, Loss: 6.0577, Entropy: 1.0945, Epsilon: 0.010
2026-04-19 09:52:01 | INFO | Episode 5189 - Reward: -200.000, Length: 200, Loss: 12.6043, Entropy: 1.0860, Epsilon: 0.010
2026-04-19 09:52:01 | INFO | Episode 5190 - Reward: -200.000, Length: 200, Loss: 6.1267, Entropy: 1.0905, Epsilon: 0.010
2026-04-19 09:52:01 | INFO | Episode 5191 - Reward: -200.000, Length: 200, Loss: 9.6932, Entropy: 1.0893, Epsilon: 0.010
2026-04-19 09:52:02 | INFO | Episode 5192 - Reward: -200.000, Length: 200, Loss: 9.6996, Entropy: 1.0901, Epsilon: 0.010
2026-04-19 09:52:02 | INFO | Episode 5193 - Reward: -200.000, Length: 200, Loss: 38.4231, Entropy: 1.0766, Epsilon: 0.010
2026-04-19 09:52:02 | INFO | Episode 5194 - Reward: -200.000, Length: 200, Loss: 24.9300, Entropy: 1.0841, Epsilon: 0.010
2026-04-19 09:52:03 | INFO | Episode 5195 - Reward: -200.000, Length: 200, Loss: 18.1033, Entropy: 1.0634, Epsilon: 0.010
2026-04-19 09:52:03 | INFO | Episode 5196 - Reward: -200.000, Length: 200, Loss: 15.3070, Entropy: 1.0917, Epsilon: 0.010
2026-04-19 09:52:03 | INFO | Episode 5197 - Reward: -200.000, Length: 200, Loss: 9.4782, Entropy: 1.0859, Epsilon: 0.010
2026-04-19 09:52:04 | INFO | Episode 5198 - Reward: -200.000, Length: 200, Loss: 15.3627, Entropy: 1.0829, Epsilon: 0.010
2026-04-19 09:52:04 | INFO | Episode 5199 - Reward: -200.000, Length: 200, Loss: 6.0996, Entropy: 1.0927, Epsilon: 0.010
2026-04-19 09:52:05 | INFO | Episode 5200 - Reward: -200.000, Length: 200, Loss: 12.4941, Entropy: 1.0842, Epsilon: 0.010
2026-04-19 09:52:09 | INFO | [Episode 5200] eps=0.010  avg_reward=-200.000  avg_length=200.00  avg_loss= 16.0694  avg_entropy=1.0842  eval_success=0.000
2026-04-19 09:52:10 | INFO | Episode 5201 - Reward: -200.000, Length: 200, Loss: 12.6499, Entropy: 1.0925, Epsilon: 0.010
2026-04-19 09:52:10 | INFO | Episode 5202 - Reward: -200.000, Length: 200, Loss: 12.8189, Entropy: 1.0938, Epsilon: 0.010
2026-04-19 09:52:10 | INFO | Episode 5203 - Reward: -200.000, Length: 200, Loss: 12.7728, Entropy: 1.0874, Epsilon: 0.010
2026-04-19 09:52:11 | INFO | Episode 5204 - Reward: -200.000, Length: 200, Loss: 9.7243, Entropy: 1.0880, Epsilon: 0.010
2026-04-19 09:52:11 | INFO | Episode 5205 - Reward: -200.000, Length: 200, Loss: 16.0892, Entropy: 1.0844, Epsilon: 0.010
2026-04-19 09:52:11 | INFO | Episode 5206 - Reward: -200.000, Length: 200, Loss: 24.7805, Entropy: 1.0579, Epsilon: 0.010
2026-04-19 09:52:12 | INFO | Episode 5207 - Reward: -200.000, Length: 200, Loss: 18.8793, Entropy: 1.0872, Epsilon: 0.010
2026-04-19 09:52:12 | INFO | Episode 5208 - Reward: -200.000, Length: 200, Loss: 11.9869, Entropy: 1.0885, Epsilon: 0.010
2026-04-19 09:52:13 | INFO | Episode 5209 - Reward: -200.000, Length: 200, Loss: 12.6026, Entropy: 1.0792, Epsilon: 0.010
2026-04-19 09:52:13 | INFO | Episode 5210 - Reward: -200.000, Length: 200, Loss: 33.9465, Entropy: 1.0527, Epsilon: 0.010
2026-04-19 09:52:13 | INFO | Episode 5211 - Reward: -200.000, Length: 200, Loss: 12.0271, Entropy: 1.0508, Epsilon: 0.010
2026-04-19 09:52:14 | INFO | Episode 5212 - Reward: -200.000, Length: 200, Loss: 2.6892, Entropy: 1.0975, Epsilon: 0.010
2026-04-19 09:52:14 | INFO | Episode 5213 - Reward: -200.000, Length: 200, Loss: 5.7946, Entropy: 1.0912, Epsilon: 0.010
2026-04-19 09:52:14 | INFO | Episode 5214 - Reward: -200.000, Length: 200, Loss: 11.6540, Entropy: 1.0936, Epsilon: 0.010
2026-04-19 09:52:15 | INFO | Episode 5215 - Reward: -200.000, Length: 200, Loss: 17.8900, Entropy: 1.0881, Epsilon: 0.010
2026-04-19 09:52:15 | INFO | Episode 5216 - Reward: -200.000, Length: 200, Loss: 18.0780, Entropy: 1.0744, Epsilon: 0.010
2026-04-19 09:52:15 | INFO | Episode 5217 - Reward: -200.000, Length: 200, Loss: 9.2268, Entropy: 1.0675, Epsilon: 0.010
2026-04-19 09:52:16 | INFO | Episode 5218 - Reward: -200.000, Length: 200, Loss: 20.8694, Entropy: 1.0745, Epsilon: 0.010
2026-04-19 09:52:16 | INFO | Episode 5219 - Reward: -200.000, Length: 200, Loss: 11.7947, Entropy: 1.0922, Epsilon: 0.010
2026-04-19 09:52:16 | INFO | Episode 5220 - Reward: -200.000, Length: 200, Loss: 14.7351, Entropy: 1.0796, Epsilon: 0.010
2026-04-19 09:52:17 | INFO | Episode 5221 - Reward: -200.000, Length: 200, Loss: 2.6202, Entropy: 1.0941, Epsilon: 0.010
2026-04-19 09:52:17 | INFO | Episode 5222 - Reward: -200.000, Length: 200, Loss: 11.9006, Entropy: 1.0863, Epsilon: 0.010
2026-04-19 09:52:18 | INFO | Episode 5223 - Reward: -200.000, Length: 200, Loss: 11.9537, Entropy: 1.0913, Epsilon: 0.010
2026-04-19 09:52:18 | INFO | Episode 5224 - Reward: -200.000, Length: 200, Loss: 5.8763, Entropy: 1.0861, Epsilon: 0.010
2026-04-19 09:52:18 | INFO | Episode 5225 - Reward: -200.000, Length: 200, Loss: 11.5657, Entropy: 1.0887, Epsilon: 0.010
2026-04-19 09:52:19 | INFO | Episode 5226 - Reward: -200.000, Length: 200, Loss: 20.5966, Entropy: 1.0890, Epsilon: 0.010
2026-04-19 09:52:19 | INFO | Episode 5227 - Reward: -200.000, Length: 200, Loss: 17.3923, Entropy: 1.0839, Epsilon: 0.010
2026-04-19 09:52:19 | INFO | Episode 5228 - Reward: -200.000, Length: 200, Loss: 11.4698, Entropy: 1.0738, Epsilon: 0.010
2026-04-19 09:52:20 | INFO | Episode 5229 - Reward: -200.000, Length: 200, Loss: 5.5357, Entropy: 1.0902, Epsilon: 0.010
2026-04-19 09:52:20 | INFO | Episode 5230 - Reward: -200.000, Length: 200, Loss: 8.8731, Entropy: 1.0936, Epsilon: 0.010
2026-04-19 09:52:20 | INFO | Episode 5231 - Reward: -200.000, Length: 200, Loss: 24.0819, Entropy: 1.0657, Epsilon: 0.010
2026-04-19 09:52:21 | INFO | Episode 5232 - Reward: -200.000, Length: 200, Loss: 11.9560, Entropy: 1.0826, Epsilon: 0.010
2026-04-19 09:52:21 | INFO | Episode 5233 - Reward: -200.000, Length: 200, Loss: 18.5756, Entropy: 1.0686, Epsilon: 0.010
2026-04-19 09:52:22 | INFO | Episode 5234 - Reward: -200.000, Length: 200, Loss: 15.1141, Entropy: 1.0821, Epsilon: 0.010
2026-04-19 09:52:22 | INFO | Episode 5235 - Reward: -200.000, Length: 200, Loss: 8.9561, Entropy: 1.0760, Epsilon: 0.010
2026-04-19 09:52:22 | INFO | Episode 5236 - Reward: -200.000, Length: 200, Loss: 12.0409, Entropy: 1.0801, Epsilon: 0.010
2026-04-19 09:52:23 | INFO | Episode 5237 - Reward: -200.000, Length: 200, Loss: 18.2972, Entropy: 1.0912, Epsilon: 0.010
2026-04-19 09:52:23 | INFO | Episode 5238 - Reward: -200.000, Length: 200, Loss: 21.3733, Entropy: 1.0886, Epsilon: 0.010
2026-04-19 09:52:23 | INFO | Episode 5239 - Reward: -200.000, Length: 200, Loss: 15.4420, Entropy: 1.0859, Epsilon: 0.010
2026-04-19 09:52:24 | INFO | Episode 5240 - Reward: -200.000, Length: 200, Loss: 3.0612, Entropy: 1.0941, Epsilon: 0.010
2026-04-19 09:52:24 | INFO | Episode 5241 - Reward: -200.000, Length: 200, Loss: 12.5793, Entropy: 1.0903, Epsilon: 0.010
2026-04-19 09:52:24 | INFO | Episode 5242 - Reward: -200.000, Length: 200, Loss: 12.5711, Entropy: 1.0847, Epsilon: 0.010
2026-04-19 09:52:25 | INFO | Episode 5243 - Reward: -200.000, Length: 200, Loss: 15.3291, Entropy: 1.0868, Epsilon: 0.010
2026-04-19 09:52:25 | INFO | Episode 5244 - Reward: -200.000, Length: 200, Loss: 18.6926, Entropy: 1.0880, Epsilon: 0.010
2026-04-19 09:52:25 | INFO | Episode 5245 - Reward: -200.000, Length: 200, Loss: 22.1328, Entropy: 1.0704, Epsilon: 0.010
2026-04-19 09:52:26 | INFO | Episode 5246 - Reward: -200.000, Length: 200, Loss: 15.6744, Entropy: 1.0792, Epsilon: 0.010
2026-04-19 09:52:26 | INFO | Episode 5247 - Reward: -200.000, Length: 200, Loss: 6.2663, Entropy: 1.0885, Epsilon: 0.010
2026-04-19 09:52:27 | INFO | Episode 5248 - Reward: -200.000, Length: 200, Loss: 15.4644, Entropy: 1.0882, Epsilon: 0.010
2026-04-19 09:52:27 | INFO | Episode 5249 - Reward: -200.000, Length: 200, Loss: 21.4898, Entropy: 1.0734, Epsilon: 0.010
2026-04-19 09:52:27 | INFO | Episode 5250 - Reward: -200.000, Length: 200, Loss: 15.4925, Entropy: 1.0735, Epsilon: 0.010
2026-04-19 09:52:28 | INFO | Episode 5251 - Reward: -200.000, Length: 200, Loss: 15.4794, Entropy: 1.0754, Epsilon: 0.010
2026-04-19 09:52:28 | INFO | Episode 5252 - Reward: -200.000, Length: 200, Loss: 9.0490, Entropy: 1.0894, Epsilon: 0.010
2026-04-19 09:52:28 | INFO | Episode 5253 - Reward: -200.000, Length: 200, Loss: 21.6949, Entropy: 1.0792, Epsilon: 0.010
2026-04-19 09:52:29 | INFO | Episode 5254 - Reward: -200.000, Length: 200, Loss: 6.1754, Entropy: 1.0902, Epsilon: 0.010
2026-04-19 09:52:29 | INFO | Episode 5255 - Reward: -200.000, Length: 200, Loss: 12.3242, Entropy: 1.0871, Epsilon: 0.010
2026-04-19 09:52:29 | INFO | Episode 5256 - Reward: -200.000, Length: 200, Loss: 9.2755, Entropy: 1.0908, Epsilon: 0.010
2026-04-19 09:52:30 | INFO | Episode 5257 - Reward: -200.000, Length: 200, Loss: 18.7501, Entropy: 1.0752, Epsilon: 0.010
2026-04-19 09:52:30 | INFO | Episode 5258 - Reward: -200.000, Length: 200, Loss: 22.5770, Entropy: 1.0896, Epsilon: 0.010
2026-04-19 09:52:30 | INFO | Episode 5259 - Reward: -200.000, Length: 200, Loss: 6.0757, Entropy: 1.0943, Epsilon: 0.010
2026-04-19 09:52:31 | INFO | Episode 5260 - Reward: -200.000, Length: 200, Loss: 9.2356, Entropy: 1.0864, Epsilon: 0.010
2026-04-19 09:52:31 | INFO | Episode 5261 - Reward: -200.000, Length: 200, Loss: 27.4024, Entropy: 1.0695, Epsilon: 0.010
2026-04-19 09:52:32 | INFO | Episode 5262 - Reward: -200.000, Length: 200, Loss: 21.8239, Entropy: 1.0488, Epsilon: 0.010
2026-04-19 09:52:32 | INFO | Episode 5263 - Reward: -200.000, Length: 200, Loss: 9.1601, Entropy: 1.0902, Epsilon: 0.010
2026-04-19 09:52:32 | INFO | Episode 5264 - Reward: -200.000, Length: 200, Loss: 34.2456, Entropy: 1.0889, Epsilon: 0.010
2026-04-19 09:52:33 | INFO | Episode 5265 - Reward: -200.000, Length: 200, Loss: 9.4053, Entropy: 1.0898, Epsilon: 0.010
2026-04-19 09:52:33 | INFO | Episode 5266 - Reward: -200.000, Length: 200, Loss: 22.1525, Entropy: 1.0881, Epsilon: 0.010
2026-04-19 09:52:33 | INFO | Episode 5267 - Reward: -200.000, Length: 200, Loss: 9.1766, Entropy: 1.0876, Epsilon: 0.010
2026-04-19 09:52:34 | INFO | Episode 5268 - Reward: -200.000, Length: 200, Loss: 9.2564, Entropy: 1.0921, Epsilon: 0.010
2026-04-19 09:52:34 | INFO | Episode 5269 - Reward: -200.000, Length: 200, Loss: 6.1021, Entropy: 1.0881, Epsilon: 0.010
2026-04-19 09:52:34 | INFO | Episode 5270 - Reward: -200.000, Length: 200, Loss: 2.8464, Entropy: 1.0899, Epsilon: 0.010
2026-04-19 09:52:35 | INFO | Episode 5271 - Reward: -200.000, Length: 200, Loss: 15.8123, Entropy: 1.0868, Epsilon: 0.010
2026-04-19 09:52:35 | INFO | Episode 5272 - Reward: -200.000, Length: 200, Loss: 9.4885, Entropy: 1.0924, Epsilon: 0.010
2026-04-19 09:52:35 | INFO | Episode 5273 - Reward: -200.000, Length: 200, Loss: 28.7848, Entropy: 1.0742, Epsilon: 0.010
2026-04-19 09:52:36 | INFO | Episode 5274 - Reward: -200.000, Length: 200, Loss: 12.7251, Entropy: 1.0749, Epsilon: 0.010
2026-04-19 09:52:36 | INFO | Episode 5275 - Reward: -200.000, Length: 200, Loss: 9.0131, Entropy: 1.0908, Epsilon: 0.010
2026-04-19 09:52:36 | INFO | Episode 5276 - Reward: -200.000, Length: 200, Loss: 21.6604, Entropy: 1.0715, Epsilon: 0.010
2026-04-19 09:52:37 | INFO | Episode 5277 - Reward: -200.000, Length: 200, Loss: 19.2113, Entropy: 1.0481, Epsilon: 0.010
2026-04-19 09:52:37 | INFO | Episode 5278 - Reward: -200.000, Length: 200, Loss: 9.3687, Entropy: 1.0808, Epsilon: 0.010
2026-04-19 09:52:37 | INFO | Episode 5279 - Reward: -200.000, Length: 200, Loss: 15.5175, Entropy: 1.0818, Epsilon: 0.010
2026-04-19 09:52:38 | INFO | Episode 5280 - Reward: -200.000, Length: 200, Loss: 15.7862, Entropy: 1.0926, Epsilon: 0.010
2026-04-19 09:52:38 | INFO | Episode 5281 - Reward: -200.000, Length: 200, Loss: 18.7152, Entropy: 1.0817, Epsilon: 0.010
2026-04-19 09:52:39 | INFO | Episode 5282 - Reward: -200.000, Length: 200, Loss: 18.4345, Entropy: 1.0402, Epsilon: 0.010
2026-04-19 09:52:39 | INFO | Episode 5283 - Reward: -200.000, Length: 200, Loss: 12.5659, Entropy: 1.0726, Epsilon: 0.010
2026-04-19 09:52:39 | INFO | Episode 5284 - Reward: -200.000, Length: 200, Loss: 12.4963, Entropy: 1.0809, Epsilon: 0.010
2026-04-19 09:52:40 | INFO | Episode 5285 - Reward: -200.000, Length: 200, Loss: 6.3637, Entropy: 1.0799, Epsilon: 0.010
2026-04-19 09:52:40 | INFO | Episode 5286 - Reward: -200.000, Length: 200, Loss: 21.9312, Entropy: 1.0655, Epsilon: 0.010
2026-04-19 09:52:40 | INFO | Episode 5287 - Reward: -200.000, Length: 200, Loss: 21.7802, Entropy: 1.0846, Epsilon: 0.010
2026-04-19 09:52:41 | INFO | Episode 5288 - Reward: -200.000, Length: 200, Loss: 21.4822, Entropy: 1.0839, Epsilon: 0.010
2026-04-19 09:52:41 | INFO | Episode 5289 - Reward: -200.000, Length: 200, Loss: 8.6562, Entropy: 1.0869, Epsilon: 0.010
2026-04-19 09:52:41 | INFO | Episode 5290 - Reward: -200.000, Length: 200, Loss: 24.5715, Entropy: 1.0637, Epsilon: 0.010
2026-04-19 09:52:42 | INFO | Episode 5291 - Reward: -200.000, Length: 200, Loss: 14.7985, Entropy: 1.0321, Epsilon: 0.010
2026-04-19 09:52:42 | INFO | Episode 5292 - Reward: -200.000, Length: 200, Loss: 20.2947, Entropy: 1.0825, Epsilon: 0.010
2026-04-19 09:52:42 | INFO | Episode 5293 - Reward: -200.000, Length: 200, Loss: 5.5428, Entropy: 1.0916, Epsilon: 0.010
2026-04-19 09:52:43 | INFO | Episode 5294 - Reward: -200.000, Length: 200, Loss: 17.8039, Entropy: 1.0795, Epsilon: 0.010
2026-04-19 09:52:43 | INFO | Episode 5295 - Reward: -200.000, Length: 200, Loss: 2.8618, Entropy: 1.0896, Epsilon: 0.010
2026-04-19 09:52:43 | INFO | Episode 5296 - Reward: -200.000, Length: 200, Loss: 11.6170, Entropy: 1.0919, Epsilon: 0.010
2026-04-19 09:52:44 | INFO | Episode 5297 - Reward: -200.000, Length: 200, Loss: 11.4679, Entropy: 1.0886, Epsilon: 0.010
2026-04-19 09:52:44 | INFO | Episode 5298 - Reward: -200.000, Length: 200, Loss: 20.4167, Entropy: 1.0804, Epsilon: 0.010
2026-04-19 09:52:44 | INFO | Episode 5299 - Reward: -200.000, Length: 200, Loss: 20.9727, Entropy: 1.0865, Epsilon: 0.010
2026-04-19 09:52:45 | INFO | Episode 5300 - Reward: -200.000, Length: 200, Loss: -0.1803, Entropy: 1.0968, Epsilon: 0.010
2026-04-19 09:52:50 | INFO | [Episode 5300] eps=0.010  avg_reward=-200.000  avg_length=200.00  avg_loss= 14.3555  avg_entropy=1.0968  eval_success=0.000
2026-04-19 09:52:50 | INFO | Episode 5301 - Reward: -200.000, Length: 200, Loss: 17.7383, Entropy: 1.0761, Epsilon: 0.010
2026-04-19 09:52:51 | INFO | Episode 5302 - Reward: -200.000, Length: 200, Loss: 9.0091, Entropy: 1.0931, Epsilon: 0.010
2026-04-19 09:52:51 | INFO | Episode 5303 - Reward: -200.000, Length: 200, Loss: 14.9219, Entropy: 1.0814, Epsilon: 0.010
2026-04-19 09:52:51 | INFO | Episode 5304 - Reward: -200.000, Length: 200, Loss: 18.3184, Entropy: 1.0907, Epsilon: 0.010
2026-04-19 09:52:52 | INFO | Episode 5305 - Reward: -200.000, Length: 200, Loss: 15.3801, Entropy: 1.0823, Epsilon: 0.010
2026-04-19 09:52:52 | INFO | Episode 5306 - Reward: -200.000, Length: 200, Loss: 12.1151, Entropy: 1.0775, Epsilon: 0.010
2026-04-19 09:52:52 | INFO | Episode 5307 - Reward: -200.000, Length: 200, Loss: 18.1305, Entropy: 1.0830, Epsilon: 0.010
2026-04-19 09:52:53 | INFO | Episode 5308 - Reward: -200.000, Length: 200, Loss: 15.2334, Entropy: 1.0844, Epsilon: 0.010
2026-04-19 09:52:53 | INFO | Episode 5309 - Reward: -200.000, Length: 200, Loss: 5.9756, Entropy: 1.0884, Epsilon: 0.010
2026-04-19 09:52:54 | INFO | Episode 5310 - Reward: -200.000, Length: 200, Loss: 17.9306, Entropy: 1.0779, Epsilon: 0.010
2026-04-19 09:52:54 | INFO | Episode 5311 - Reward: -200.000, Length: 200, Loss: 11.7315, Entropy: 1.0902, Epsilon: 0.010
2026-04-19 09:52:54 | INFO | Episode 5312 - Reward: -200.000, Length: 200, Loss: 15.2297, Entropy: 1.0855, Epsilon: 0.010
2026-04-19 09:52:55 | INFO | Episode 5313 - Reward: -200.000, Length: 200, Loss: 21.3878, Entropy: 1.0798, Epsilon: 0.010
2026-04-19 09:52:55 | INFO | Episode 5314 - Reward: -200.000, Length: 200, Loss: 27.4339, Entropy: 1.0740, Epsilon: 0.010
2026-04-19 09:52:55 | INFO | Episode 5315 - Reward: -200.000, Length: 200, Loss: 8.8982, Entropy: 1.0609, Epsilon: 0.010
2026-04-19 09:52:56 | INFO | Episode 5316 - Reward: -200.000, Length: 200, Loss: 12.1195, Entropy: 1.0932, Epsilon: 0.010
2026-04-19 09:52:56 | INFO | Episode 5317 - Reward: -200.000, Length: 200, Loss: 21.1333, Entropy: 1.0878, Epsilon: 0.010
2026-04-19 09:52:56 | INFO | Episode 5318 - Reward: -200.000, Length: 200, Loss: 21.2108, Entropy: 1.0862, Epsilon: 0.010
2026-04-19 09:52:57 | INFO | Episode 5319 - Reward: -200.000, Length: 200, Loss: 20.9519, Entropy: 1.0866, Epsilon: 0.010
2026-04-19 09:52:57 | INFO | Episode 5320 - Reward: -200.000, Length: 200, Loss: 27.5433, Entropy: 1.0849, Epsilon: 0.010
2026-04-19 09:52:57 | INFO | Episode 5321 - Reward: -200.000, Length: 200, Loss: 11.9293, Entropy: 1.0867, Epsilon: 0.010
2026-04-19 09:52:58 | INFO | Episode 5322 - Reward: -200.000, Length: 200, Loss: 26.8945, Entropy: 1.0787, Epsilon: 0.010
2026-04-19 09:52:58 | INFO | Episode 5323 - Reward: -200.000, Length: 200, Loss: 14.4929, Entropy: 1.0729, Epsilon: 0.010
2026-04-19 09:52:59 | INFO | Episode 5324 - Reward: -200.000, Length: 200, Loss: 24.2122, Entropy: 1.0773, Epsilon: 0.010
2026-04-19 09:52:59 | INFO | Episode 5325 - Reward: -200.000, Length: 200, Loss: 27.6641, Entropy: 1.0594, Epsilon: 0.010
2026-04-19 09:52:59 | INFO | Episode 5326 - Reward: -200.000, Length: 200, Loss: 8.6385, Entropy: 1.0857, Epsilon: 0.010
2026-04-19 09:53:00 | INFO | Episode 5327 - Reward: -200.000, Length: 200, Loss: 15.4291, Entropy: 1.0819, Epsilon: 0.010
2026-04-19 09:53:00 | INFO | Episode 5328 - Reward: -200.000, Length: 200, Loss: 2.8872, Entropy: 1.0927, Epsilon: 0.010
2026-04-19 09:53:00 | INFO | Episode 5329 - Reward: -200.000, Length: 200, Loss: 27.5161, Entropy: 1.0836, Epsilon: 0.010
2026-04-19 09:53:01 | INFO | Episode 5330 - Reward: -200.000, Length: 200, Loss: 8.9427, Entropy: 1.0906, Epsilon: 0.010
2026-04-19 09:53:01 | INFO | Episode 5331 - Reward: -200.000, Length: 200, Loss: 15.3159, Entropy: 1.0908, Epsilon: 0.010
2026-04-19 09:53:01 | INFO | Episode 5332 - Reward: -200.000, Length: 200, Loss: 15.4857, Entropy: 1.0876, Epsilon: 0.010
2026-04-19 09:53:02 | INFO | Episode 5333 - Reward: -200.000, Length: 200, Loss: 15.3754, Entropy: 1.0793, Epsilon: 0.010
2026-04-19 09:53:02 | INFO | Episode 5334 - Reward: -200.000, Length: 200, Loss: 8.6799, Entropy: 1.0844, Epsilon: 0.010
2026-04-19 09:53:02 | INFO | Episode 5335 - Reward: -200.000, Length: 200, Loss: 12.5404, Entropy: 1.0726, Epsilon: 0.010
2026-04-19 09:53:03 | INFO | Episode 5336 - Reward: -200.000, Length: 200, Loss: 12.0145, Entropy: 1.0903, Epsilon: 0.010
2026-04-19 09:53:03 | INFO | Episode 5337 - Reward: -200.000, Length: 200, Loss: 11.8947, Entropy: 1.0932, Epsilon: 0.010
2026-04-19 09:53:03 | INFO | Episode 5338 - Reward: -200.000, Length: 200, Loss: 12.1855, Entropy: 1.0899, Epsilon: 0.010
2026-04-19 09:53:04 | INFO | Episode 5339 - Reward: -200.000, Length: 200, Loss: 12.2071, Entropy: 1.0928, Epsilon: 0.010
2026-04-19 09:53:04 | INFO | Episode 5340 - Reward: -200.000, Length: 200, Loss: 11.7799, Entropy: 1.0903, Epsilon: 0.010
2026-04-19 09:53:05 | INFO | Episode 5341 - Reward: -200.000, Length: 200, Loss: 15.6859, Entropy: 1.0889, Epsilon: 0.010
2026-04-19 09:53:05 | INFO | Episode 5342 - Reward: -200.000, Length: 200, Loss: 24.3551, Entropy: 1.0838, Epsilon: 0.010
2026-04-19 09:53:05 | INFO | Episode 5343 - Reward: -200.000, Length: 200, Loss: 24.6591, Entropy: 1.0931, Epsilon: 0.010
2026-04-19 09:53:06 | INFO | Episode 5344 - Reward: -200.000, Length: 200, Loss: 9.2763, Entropy: 1.0920, Epsilon: 0.010
2026-04-19 09:53:06 | INFO | Episode 5345 - Reward: -200.000, Length: 200, Loss: 18.3257, Entropy: 1.0710, Epsilon: 0.010
2026-04-19 09:53:06 | INFO | Episode 5346 - Reward: -200.000, Length: 200, Loss: 22.1031, Entropy: 1.0845, Epsilon: 0.010
2026-04-19 09:53:07 | INFO | Episode 5347 - Reward: -200.000, Length: 200, Loss: 30.9736, Entropy: 1.0771, Epsilon: 0.010
2026-04-19 09:53:07 | INFO | Episode 5348 - Reward: -200.000, Length: 200, Loss: 12.3799, Entropy: 1.0935, Epsilon: 0.010
2026-04-19 09:53:07 | INFO | Episode 5349 - Reward: -200.000, Length: 200, Loss: 12.6730, Entropy: 1.0881, Epsilon: 0.010
2026-04-19 09:53:08 | INFO | Episode 5350 - Reward: -200.000, Length: 200, Loss: 22.2715, Entropy: 1.0758, Epsilon: 0.010
2026-04-19 09:53:08 | INFO | Episode 5351 - Reward: -200.000, Length: 200, Loss: 31.1175, Entropy: 1.0524, Epsilon: 0.010
2026-04-19 09:53:08 | INFO | Episode 5352 - Reward: -200.000, Length: 200, Loss: 18.8107, Entropy: 1.0768, Epsilon: 0.010
2026-04-19 09:53:09 | INFO | Episode 5353 - Reward: -200.000, Length: 200, Loss: 6.1822, Entropy: 1.0861, Epsilon: 0.010
2026-04-19 09:53:09 | INFO | Episode 5354 - Reward: -200.000, Length: 200, Loss: 21.3954, Entropy: 1.0819, Epsilon: 0.010
2026-04-19 09:53:09 | INFO | Episode 5355 - Reward: -200.000, Length: 200, Loss: 30.8495, Entropy: 1.0694, Epsilon: 0.010
2026-04-19 09:53:10 | INFO | Episode 5356 - Reward: -200.000, Length: 200, Loss: 21.8520, Entropy: 1.0825, Epsilon: 0.010
2026-04-19 09:53:10 | INFO | Episode 5357 - Reward: -200.000, Length: 200, Loss: 18.2141, Entropy: 1.0751, Epsilon: 0.010
2026-04-19 09:53:11 | INFO | Episode 5358 - Reward: -200.000, Length: 200, Loss: 19.0210, Entropy: 1.0838, Epsilon: 0.010
2026-04-19 09:53:11 | INFO | Episode 5359 - Reward: -200.000, Length: 200, Loss: 15.4840, Entropy: 1.0904, Epsilon: 0.010
2026-04-19 09:53:11 | INFO | Episode 5360 - Reward: -200.000, Length: 200, Loss: 15.5995, Entropy: 1.0760, Epsilon: 0.010
2026-04-19 09:53:12 | INFO | Episode 5361 - Reward: -200.000, Length: 200, Loss: 8.9861, Entropy: 1.0934, Epsilon: 0.010
2026-04-19 09:53:12 | INFO | Episode 5362 - Reward: -200.000, Length: 200, Loss: 6.0578, Entropy: 1.0901, Epsilon: 0.010
2026-04-19 09:53:12 | INFO | Episode 5363 - Reward: -200.000, Length: 200, Loss: 8.8669, Entropy: 1.0902, Epsilon: 0.010
2026-04-19 09:53:13 | INFO | Episode 5364 - Reward: -200.000, Length: 200, Loss: 12.4399, Entropy: 1.0895, Epsilon: 0.010
2026-04-19 09:53:13 | INFO | Episode 5365 - Reward: -200.000, Length: 200, Loss: 15.3225, Entropy: 1.0785, Epsilon: 0.010
2026-04-19 09:53:13 | INFO | Episode 5366 - Reward: -200.000, Length: 200, Loss: 12.1147, Entropy: 1.0591, Epsilon: 0.010
2026-04-19 09:53:14 | INFO | Episode 5367 - Reward: -200.000, Length: 200, Loss: 12.4955, Entropy: 1.0879, Epsilon: 0.010
2026-04-19 09:53:14 | INFO | Episode 5368 - Reward: -200.000, Length: 200, Loss: 24.7453, Entropy: 1.0532, Epsilon: 0.010
2026-04-19 09:53:14 | INFO | Episode 5369 - Reward: -200.000, Length: 200, Loss: 5.7790, Entropy: 1.0793, Epsilon: 0.010
2026-04-19 09:53:15 | INFO | Episode 5370 - Reward: -200.000, Length: 200, Loss: 6.2404, Entropy: 1.0855, Epsilon: 0.010
2026-04-19 09:53:15 | INFO | Episode 5371 - Reward: -200.000, Length: 200, Loss: 21.5277, Entropy: 1.0832, Epsilon: 0.010
2026-04-19 09:53:15 | INFO | Episode 5372 - Reward: -200.000, Length: 200, Loss: 12.3410, Entropy: 1.0887, Epsilon: 0.010
2026-04-19 09:53:16 | INFO | Episode 5373 - Reward: -200.000, Length: 200, Loss: 24.5606, Entropy: 1.0859, Epsilon: 0.010
2026-04-19 09:53:16 | INFO | Episode 5374 - Reward: -200.000, Length: 200, Loss: 15.3463, Entropy: 1.0820, Epsilon: 0.010
2026-04-19 09:53:16 | INFO | Episode 5375 - Reward: -200.000, Length: 200, Loss: 22.0191, Entropy: 1.0771, Epsilon: 0.010
2026-04-19 09:53:17 | INFO | Episode 5376 - Reward: -200.000, Length: 200, Loss: 15.4474, Entropy: 1.0713, Epsilon: 0.010
2026-04-19 09:53:17 | INFO | Episode 5377 - Reward: -200.000, Length: 200, Loss: 21.8067, Entropy: 1.0843, Epsilon: 0.010
2026-04-19 09:53:18 | INFO | Episode 5378 - Reward: -200.000, Length: 200, Loss: 15.7290, Entropy: 1.0854, Epsilon: 0.010
2026-04-19 09:53:18 | INFO | Episode 5379 - Reward: -200.000, Length: 200, Loss: 28.5250, Entropy: 1.0824, Epsilon: 0.010
2026-04-19 09:53:18 | INFO | Episode 5380 - Reward: -200.000, Length: 200, Loss: 6.0353, Entropy: 1.0949, Epsilon: 0.010
2026-04-19 09:53:19 | INFO | Episode 5381 - Reward: -200.000, Length: 200, Loss: 9.0720, Entropy: 1.0795, Epsilon: 0.010
2026-04-19 09:53:19 | INFO | Episode 5382 - Reward: -200.000, Length: 200, Loss: 19.1546, Entropy: 1.0850, Epsilon: 0.010
2026-04-19 09:53:19 | INFO | Episode 5383 - Reward: -200.000, Length: 200, Loss: 25.6714, Entropy: 1.0438, Epsilon: 0.010
2026-04-19 09:53:20 | INFO | Episode 5384 - Reward: -200.000, Length: 200, Loss: 18.7889, Entropy: 1.0605, Epsilon: 0.010
2026-04-19 09:53:20 | INFO | Episode 5385 - Reward: -200.000, Length: 200, Loss: 15.6821, Entropy: 1.0395, Epsilon: 0.010
2026-04-19 09:53:20 | INFO | Episode 5386 - Reward: -200.000, Length: 200, Loss: 18.6770, Entropy: 1.0751, Epsilon: 0.010
2026-04-19 09:53:21 | INFO | Episode 5387 - Reward: -200.000, Length: 200, Loss: 21.5103, Entropy: 1.0783, Epsilon: 0.010
2026-04-19 09:53:21 | INFO | Episode 5388 - Reward: -200.000, Length: 200, Loss: 15.6818, Entropy: 1.0775, Epsilon: 0.010
2026-04-19 09:53:21 | INFO | Episode 5389 - Reward: -200.000, Length: 200, Loss: 12.1598, Entropy: 1.0795, Epsilon: 0.010
2026-04-19 09:53:22 | INFO | Episode 5390 - Reward: -200.000, Length: 200, Loss: 12.1663, Entropy: 1.0887, Epsilon: 0.010
2026-04-19 09:53:22 | INFO | Episode 5391 - Reward: -200.000, Length: 200, Loss: 15.5004, Entropy: 1.0830, Epsilon: 0.010
2026-04-19 09:53:23 | INFO | Episode 5392 - Reward: -200.000, Length: 200, Loss: 6.2551, Entropy: 1.0903, Epsilon: 0.010
2026-04-19 09:53:23 | INFO | Episode 5393 - Reward: -200.000, Length: 200, Loss: 15.3138, Entropy: 1.0840, Epsilon: 0.010
2026-04-19 09:53:23 | INFO | Episode 5394 - Reward: -200.000, Length: 200, Loss: 18.3334, Entropy: 1.0883, Epsilon: 0.010
2026-04-19 09:53:24 | INFO | Episode 5395 - Reward: -200.000, Length: 200, Loss: 12.8908, Entropy: 1.0898, Epsilon: 0.010
2026-04-19 09:53:24 | INFO | Episode 5396 - Reward: -200.000, Length: 200, Loss: 24.7378, Entropy: 1.0898, Epsilon: 0.010
2026-04-19 09:53:24 | INFO | Episode 5397 - Reward: -200.000, Length: 200, Loss: 6.2413, Entropy: 1.0915, Epsilon: 0.010
2026-04-19 09:53:25 | INFO | Episode 5398 - Reward: -200.000, Length: 200, Loss: 9.2886, Entropy: 1.0895, Epsilon: 0.010
2026-04-19 09:53:27 | INFO | Episode 5399 - Reward: -200.000, Length: 200, Loss: 9.5384, Entropy: 1.0849, Epsilon: 0.010
2026-04-19 09:53:27 | INFO | Episode 5400 - Reward: -200.000, Length: 200, Loss: 22.5532, Entropy: 1.0553, Epsilon: 0.010
2026-04-19 09:53:32 | INFO | [Episode 5400] eps=0.010  avg_reward=-200.000  avg_length=200.00  avg_loss= 16.2531  avg_entropy=1.0553  eval_success=0.000
2026-04-19 09:53:33 | INFO | Episode 5401 - Reward: -200.000, Length: 200, Loss: 9.4416, Entropy: 1.0847, Epsilon: 0.010
2026-04-19 09:53:33 | INFO | Episode 5402 - Reward: -200.000, Length: 200, Loss: 22.3890, Entropy: 1.0650, Epsilon: 0.010
2026-04-19 09:53:33 | INFO | Episode 5403 - Reward: -200.000, Length: 200, Loss: 12.9832, Entropy: 1.0812, Epsilon: 0.010
2026-04-19 09:53:34 | INFO | Episode 5404 - Reward: -200.000, Length: 200, Loss: 16.2261, Entropy: 1.0739, Epsilon: 0.010
2026-04-19 09:53:34 | INFO | Episode 5405 - Reward: -200.000, Length: 200, Loss: 12.9602, Entropy: 1.0721, Epsilon: 0.010
2026-04-19 09:53:34 | INFO | Episode 5406 - Reward: -200.000, Length: 200, Loss: 15.9600, Entropy: 1.0568, Epsilon: 0.010
2026-04-19 09:53:35 | INFO | Episode 5407 - Reward: -200.000, Length: 200, Loss: 9.5933, Entropy: 1.0760, Epsilon: 0.010
2026-04-19 09:53:35 | INFO | Episode 5408 - Reward: -200.000, Length: 200, Loss: 9.3721, Entropy: 1.0846, Epsilon: 0.010
2026-04-19 09:53:36 | INFO | Episode 5409 - Reward: -200.000, Length: 200, Loss: 15.6445, Entropy: 1.0880, Epsilon: 0.010
2026-04-19 09:53:36 | INFO | Episode 5410 - Reward: -200.000, Length: 200, Loss: 21.7952, Entropy: 1.0635, Epsilon: 0.010
2026-04-19 09:53:36 | INFO | Episode 5411 - Reward: -200.000, Length: 200, Loss: 12.6287, Entropy: 1.0903, Epsilon: 0.010
2026-04-19 09:53:37 | INFO | Episode 5412 - Reward: -200.000, Length: 200, Loss: 15.6885, Entropy: 1.0847, Epsilon: 0.010
2026-04-19 09:53:37 | INFO | Episode 5413 - Reward: -200.000, Length: 200, Loss: 21.5478, Entropy: 1.0839, Epsilon: 0.010
2026-04-19 09:53:37 | INFO | Episode 5414 - Reward: -200.000, Length: 200, Loss: 15.4790, Entropy: 1.0676, Epsilon: 0.010
2026-04-19 09:53:38 | INFO | Episode 5415 - Reward: -200.000, Length: 200, Loss: 12.8142, Entropy: 1.0927, Epsilon: 0.010
2026-04-19 09:53:38 | INFO | Episode 5416 - Reward: -200.000, Length: 200, Loss: 12.6875, Entropy: 1.0867, Epsilon: 0.010
2026-04-19 09:53:38 | INFO | Episode 5417 - Reward: -200.000, Length: 200, Loss: 25.8619, Entropy: 1.0880, Epsilon: 0.010
2026-04-19 09:53:39 | INFO | Episode 5418 - Reward: -200.000, Length: 200, Loss: 18.8922, Entropy: 1.0806, Epsilon: 0.010
2026-04-19 09:53:39 | INFO | Episode 5419 - Reward: -200.000, Length: 200, Loss: 15.9649, Entropy: 1.0676, Epsilon: 0.010
2026-04-19 09:53:39 | INFO | Episode 5420 - Reward: -200.000, Length: 200, Loss: 22.2564, Entropy: 1.0700, Epsilon: 0.010
2026-04-19 09:53:40 | INFO | Episode 5421 - Reward: -200.000, Length: 200, Loss: 12.7947, Entropy: 1.0821, Epsilon: 0.010
2026-04-19 09:53:40 | INFO | Episode 5422 - Reward: -200.000, Length: 200, Loss: 19.4343, Entropy: 1.0703, Epsilon: 0.010
2026-04-19 09:53:40 | INFO | Episode 5423 - Reward: -200.000, Length: 200, Loss: 9.1177, Entropy: 1.0875, Epsilon: 0.010
2026-04-19 09:53:41 | INFO | Episode 5424 - Reward: -200.000, Length: 200, Loss: 18.9600, Entropy: 1.0840, Epsilon: 0.010
2026-04-19 09:53:41 | INFO | Episode 5425 - Reward: -200.000, Length: 200, Loss: 21.7320, Entropy: 1.0769, Epsilon: 0.010
2026-04-19 09:53:42 | INFO | Episode 5426 - Reward: -200.000, Length: 200, Loss: 15.9112, Entropy: 1.0841, Epsilon: 0.010
2026-04-19 09:53:42 | INFO | Episode 5427 - Reward: -200.000, Length: 200, Loss: 18.5922, Entropy: 1.0896, Epsilon: 0.010
2026-04-19 09:53:42 | INFO | Episode 5428 - Reward: -200.000, Length: 200, Loss: 6.0628, Entropy: 1.0953, Epsilon: 0.010
2026-04-19 09:53:43 | INFO | Episode 5429 - Reward: -200.000, Length: 200, Loss: 15.8337, Entropy: 1.0869, Epsilon: 0.010
2026-04-19 09:53:43 | INFO | Episode 5430 - Reward: -200.000, Length: 200, Loss: 13.0609, Entropy: 1.0817, Epsilon: 0.010
2026-04-19 09:53:43 | INFO | Episode 5431 - Reward: -200.000, Length: 200, Loss: 22.8227, Entropy: 1.0807, Epsilon: 0.010
2026-04-19 09:53:44 | INFO | Episode 5432 - Reward: -200.000, Length: 200, Loss: 25.4253, Entropy: 1.0705, Epsilon: 0.010
2026-04-19 09:53:44 | INFO | Episode 5433 - Reward: -200.000, Length: 200, Loss: 41.9736, Entropy: 1.0715, Epsilon: 0.010
2026-04-19 09:53:44 | INFO | Episode 5434 - Reward: -200.000, Length: 200, Loss: 19.4412, Entropy: 1.0764, Epsilon: 0.010
2026-04-19 09:53:45 | INFO | Episode 5435 - Reward: -200.000, Length: 200, Loss: 22.5794, Entropy: 1.0882, Epsilon: 0.010
2026-04-19 09:53:45 | INFO | Episode 5436 - Reward: -200.000, Length: 200, Loss: 9.3510, Entropy: 1.0883, Epsilon: 0.010
2026-04-19 09:53:45 | INFO | Episode 5437 - Reward: -200.000, Length: 200, Loss: 3.1266, Entropy: 1.0946, Epsilon: 0.010
2026-04-19 09:53:46 | INFO | Episode 5438 - Reward: -200.000, Length: 200, Loss: 15.9016, Entropy: 1.0903, Epsilon: 0.010
2026-04-19 09:53:46 | INFO | Episode 5439 - Reward: -200.000, Length: 200, Loss: 9.1132, Entropy: 1.0892, Epsilon: 0.010
2026-04-19 09:53:46 | INFO | Episode 5440 - Reward: -200.000, Length: 200, Loss: 15.9537, Entropy: 1.0742, Epsilon: 0.010
2026-04-19 09:53:47 | INFO | Episode 5441 - Reward: -200.000, Length: 200, Loss: 28.8609, Entropy: 1.0298, Epsilon: 0.010
2026-04-19 09:53:47 | INFO | Episode 5442 - Reward: -200.000, Length: 200, Loss: 9.5245, Entropy: 1.0720, Epsilon: 0.010
2026-04-19 09:53:47 | INFO | Episode 5443 - Reward: -200.000, Length: 200, Loss: 22.2909, Entropy: 1.0807, Epsilon: 0.010
2026-04-19 09:53:48 | INFO | Episode 5444 - Reward: -200.000, Length: 200, Loss: 18.9341, Entropy: 1.0815, Epsilon: 0.010
2026-04-19 09:53:48 | INFO | Episode 5445 - Reward: -200.000, Length: 200, Loss: 15.6193, Entropy: 1.0648, Epsilon: 0.010
2026-04-19 09:53:49 | INFO | Episode 5446 - Reward: -200.000, Length: 200, Loss: 12.3403, Entropy: 1.0917, Epsilon: 0.010
2026-04-19 09:53:49 | INFO | Episode 5447 - Reward: -200.000, Length: 200, Loss: 18.2724, Entropy: 1.0876, Epsilon: 0.010
2026-04-19 09:53:49 | INFO | Episode 5448 - Reward: -200.000, Length: 200, Loss: 18.4893, Entropy: 1.0929, Epsilon: 0.010
2026-04-19 09:53:50 | INFO | Episode 5449 - Reward: -200.000, Length: 200, Loss: 24.2677, Entropy: 1.0844, Epsilon: 0.010
2026-04-19 09:53:50 | INFO | Episode 5450 - Reward: -200.000, Length: 200, Loss: 15.1667, Entropy: 1.0919, Epsilon: 0.010
2026-04-19 09:53:50 | INFO | Episode 5451 - Reward: -200.000, Length: 200, Loss: 11.8803, Entropy: 1.0785, Epsilon: 0.010
2026-04-19 09:53:51 | INFO | Episode 5452 - Reward: -200.000, Length: 200, Loss: 11.5698, Entropy: 1.0891, Epsilon: 0.010
2026-04-19 09:53:51 | INFO | Episode 5453 - Reward: -200.000, Length: 200, Loss: 8.7110, Entropy: 1.0921, Epsilon: 0.010
2026-04-19 09:53:51 | INFO | Episode 5454 - Reward: -200.000, Length: 200, Loss: 20.2167, Entropy: 1.0728, Epsilon: 0.010
2026-04-19 09:53:52 | INFO | Episode 5455 - Reward: -200.000, Length: 200, Loss: 20.4479, Entropy: 1.0931, Epsilon: 0.010
2026-04-19 09:53:52 | INFO | Episode 5456 - Reward: -200.000, Length: 200, Loss: 14.3475, Entropy: 1.0883, Epsilon: 0.010
2026-04-19 09:53:52 | INFO | Episode 5457 - Reward: -200.000, Length: 200, Loss: 32.0615, Entropy: 1.0687, Epsilon: 0.010
2026-04-19 09:53:53 | INFO | Episode 5458 - Reward: -200.000, Length: 200, Loss: 8.7099, Entropy: 1.0902, Epsilon: 0.010
2026-04-19 09:53:53 | INFO | Episode 5459 - Reward: -200.000, Length: 200, Loss: 11.7398, Entropy: 1.0841, Epsilon: 0.010
2026-04-19 09:53:53 | INFO | Episode 5460 - Reward: -200.000, Length: 200, Loss: 26.0615, Entropy: 1.0747, Epsilon: 0.010
2026-04-19 09:53:54 | INFO | Episode 5461 - Reward: -200.000, Length: 200, Loss: 17.6147, Entropy: 1.0901, Epsilon: 0.010
2026-04-19 09:53:54 | INFO | Episode 5462 - Reward: -200.000, Length: 200, Loss: 8.5270, Entropy: 1.0815, Epsilon: 0.010
2026-04-19 09:53:55 | INFO | Episode 5463 - Reward: -200.000, Length: 200, Loss: 23.7958, Entropy: 1.0730, Epsilon: 0.010
2026-04-19 09:53:55 | INFO | Episode 5464 - Reward: -200.000, Length: 200, Loss: 11.6148, Entropy: 1.0870, Epsilon: 0.010
2026-04-19 09:53:55 | INFO | Episode 5465 - Reward: -200.000, Length: 200, Loss: 17.4430, Entropy: 1.0914, Epsilon: 0.010
2026-04-19 09:53:56 | INFO | Episode 5466 - Reward: -200.000, Length: 200, Loss: 5.3393, Entropy: 1.0923, Epsilon: 0.010
2026-04-19 09:53:56 | INFO | Episode 5467 - Reward: -200.000, Length: 200, Loss: 19.8457, Entropy: 1.0842, Epsilon: 0.010
2026-04-19 09:53:56 | INFO | Episode 5468 - Reward: -200.000, Length: 200, Loss: 10.9191, Entropy: 1.0823, Epsilon: 0.010
2026-04-19 09:53:57 | INFO | Episode 5469 - Reward: -200.000, Length: 200, Loss: 16.8429, Entropy: 1.0775, Epsilon: 0.010
2026-04-19 09:53:57 | INFO | Episode 5470 - Reward: -200.000, Length: 200, Loss: 2.6558, Entropy: 1.0922, Epsilon: 0.010
2026-04-19 09:53:57 | INFO | Episode 5471 - Reward: -200.000, Length: 200, Loss: 5.4055, Entropy: 1.0946, Epsilon: 0.010
2026-04-19 09:53:58 | INFO | Episode 5472 - Reward: -200.000, Length: 200, Loss: 16.8701, Entropy: 1.0864, Epsilon: 0.010
2026-04-19 09:53:58 | INFO | Episode 5473 - Reward: -200.000, Length: 200, Loss: 8.6168, Entropy: 1.0792, Epsilon: 0.010
2026-04-19 09:53:59 | INFO | Episode 5474 - Reward: -200.000, Length: 200, Loss: 8.5384, Entropy: 1.0873, Epsilon: 0.010
2026-04-19 09:53:59 | INFO | Episode 5475 - Reward: -200.000, Length: 200, Loss: 8.6167, Entropy: 1.0910, Epsilon: 0.010
2026-04-19 09:53:59 | INFO | Episode 5476 - Reward: -200.000, Length: 200, Loss: 11.4340, Entropy: 1.0896, Epsilon: 0.010
2026-04-19 09:54:00 | INFO | Episode 5477 - Reward: -200.000, Length: 200, Loss: 22.8996, Entropy: 1.0860, Epsilon: 0.010
2026-04-19 09:54:00 | INFO | Episode 5478 - Reward: -200.000, Length: 200, Loss: 17.4196, Entropy: 1.0864, Epsilon: 0.010
2026-04-19 09:54:00 | INFO | Episode 5479 - Reward: -200.000, Length: 200, Loss: 11.2865, Entropy: 1.0824, Epsilon: 0.010
2026-04-19 09:54:01 | INFO | Episode 5480 - Reward: -200.000, Length: 200, Loss: 17.4407, Entropy: 1.0890, Epsilon: 0.010
2026-04-19 09:54:01 | INFO | Episode 5481 - Reward: -200.000, Length: 200, Loss: 22.8914, Entropy: 1.0865, Epsilon: 0.010
2026-04-19 09:54:01 | INFO | Episode 5482 - Reward: -200.000, Length: 200, Loss: 13.9632, Entropy: 1.0897, Epsilon: 0.010
2026-04-19 09:54:02 | INFO | Episode 5483 - Reward: -200.000, Length: 200, Loss: 8.6226, Entropy: 1.0895, Epsilon: 0.010
2026-04-19 09:54:02 | INFO | Episode 5484 - Reward: -200.000, Length: 200, Loss: 11.1989, Entropy: 1.0888, Epsilon: 0.010
2026-04-19 09:54:02 | INFO | Episode 5485 - Reward: -200.000, Length: 200, Loss: 10.8217, Entropy: 1.0826, Epsilon: 0.010
2026-04-19 09:54:03 | INFO | Episode 5486 - Reward: -200.000, Length: 200, Loss: 19.4915, Entropy: 1.0745, Epsilon: 0.010
2026-04-19 09:54:03 | INFO | Episode 5487 - Reward: -200.000, Length: 200, Loss: 11.1238, Entropy: 1.0785, Epsilon: 0.010
2026-04-19 09:54:04 | INFO | Episode 5488 - Reward: -200.000, Length: 200, Loss: 22.7024, Entropy: 1.0843, Epsilon: 0.010
2026-04-19 09:54:04 | INFO | Episode 5489 - Reward: -200.000, Length: 200, Loss: 11.3926, Entropy: 1.0955, Epsilon: 0.010
2026-04-19 09:54:04 | INFO | Episode 5490 - Reward: -200.000, Length: 200, Loss: 17.3683, Entropy: 1.0830, Epsilon: 0.010
2026-04-19 09:54:05 | INFO | Episode 5491 - Reward: -200.000, Length: 200, Loss: 26.2680, Entropy: 1.0704, Epsilon: 0.010
2026-04-19 09:54:05 | INFO | Episode 5492 - Reward: -200.000, Length: 200, Loss: 17.0331, Entropy: 1.0917, Epsilon: 0.010
2026-04-19 09:54:05 | INFO | Episode 5493 - Reward: -200.000, Length: 200, Loss: 25.7530, Entropy: 1.0504, Epsilon: 0.010
2026-04-19 09:54:06 | INFO | Episode 5494 - Reward: -200.000, Length: 200, Loss: 10.9162, Entropy: 1.0698, Epsilon: 0.010
2026-04-19 09:54:06 | INFO | Episode 5495 - Reward: -200.000, Length: 200, Loss: 5.5971, Entropy: 1.0946, Epsilon: 0.010
2026-04-19 09:54:06 | INFO | Episode 5496 - Reward: -200.000, Length: 200, Loss: 5.6967, Entropy: 1.0928, Epsilon: 0.010
2026-04-19 09:54:07 | INFO | Episode 5497 - Reward: -200.000, Length: 200, Loss: 20.3755, Entropy: 1.0792, Epsilon: 0.010
2026-04-19 09:54:07 | INFO | Episode 5498 - Reward: -200.000, Length: 200, Loss: 5.5413, Entropy: 1.0910, Epsilon: 0.010
2026-04-19 09:54:07 | INFO | Episode 5499 - Reward: -200.000, Length: 200, Loss: 17.9259, Entropy: 1.0520, Epsilon: 0.010
2026-04-19 09:54:08 | INFO | Episode 5500 - Reward: -200.000, Length: 200, Loss: 11.5937, Entropy: 1.0886, Epsilon: 0.010
2026-04-19 09:54:13 | INFO | [Episode 5500] eps=0.010  avg_reward=-200.000  avg_length=200.00  avg_loss= 15.6629  avg_entropy=1.0886  eval_success=0.000
2026-04-19 09:54:13 | INFO | Episode 5501 - Reward: -200.000, Length: 200, Loss: 5.7656, Entropy: 1.0900, Epsilon: 0.010
2026-04-19 09:54:13 | INFO | Episode 5502 - Reward: -200.000, Length: 200, Loss: 14.4454, Entropy: 1.0782, Epsilon: 0.010
2026-04-19 09:54:14 | INFO | Episode 5503 - Reward: -200.000, Length: 200, Loss: 11.4701, Entropy: 1.0629, Epsilon: 0.010
2026-04-19 09:54:14 | INFO | Episode 5504 - Reward: -200.000, Length: 200, Loss: 14.8851, Entropy: 1.0842, Epsilon: 0.010
2026-04-19 09:54:14 | INFO | Episode 5505 - Reward: -200.000, Length: 200, Loss: 20.6813, Entropy: 1.0657, Epsilon: 0.010
2026-04-19 09:54:15 | INFO | Episode 5506 - Reward: -200.000, Length: 200, Loss: 17.6112, Entropy: 1.0893, Epsilon: 0.010
2026-04-19 09:54:15 | INFO | Episode 5507 - Reward: -200.000, Length: 200, Loss: -0.2142, Entropy: 1.0974, Epsilon: 0.010
2026-04-19 09:54:15 | INFO | Episode 5508 - Reward: -200.000, Length: 200, Loss: 17.9369, Entropy: 1.0870, Epsilon: 0.010
2026-04-19 09:54:16 | INFO | Episode 5509 - Reward: -200.000, Length: 200, Loss: 17.5004, Entropy: 1.0893, Epsilon: 0.010
2026-04-19 09:54:16 | INFO | Episode 5510 - Reward: -200.000, Length: 200, Loss: 14.2793, Entropy: 1.0893, Epsilon: 0.010
2026-04-19 09:54:17 | INFO | Episode 5511 - Reward: -200.000, Length: 200, Loss: -0.2010, Entropy: 1.0956, Epsilon: 0.010
2026-04-19 09:54:17 | INFO | Episode 5512 - Reward: -200.000, Length: 200, Loss: 8.8768, Entropy: 1.0944, Epsilon: 0.010
2026-04-19 09:54:17 | INFO | Episode 5513 - Reward: -200.000, Length: 200, Loss: 23.4325, Entropy: 1.0845, Epsilon: 0.010
2026-04-19 09:54:18 | INFO | Episode 5514 - Reward: -200.000, Length: 200, Loss: 23.9598, Entropy: 1.0793, Epsilon: 0.010
2026-04-19 09:54:18 | INFO | Episode 5515 - Reward: -200.000, Length: 200, Loss: 17.7531, Entropy: 1.0586, Epsilon: 0.010
2026-04-19 09:54:18 | INFO | Episode 5516 - Reward: -200.000, Length: 200, Loss: 20.4530, Entropy: 1.0444, Epsilon: 0.010
2026-04-19 09:54:19 | INFO | Episode 5517 - Reward: -200.000, Length: 200, Loss: 11.1823, Entropy: 1.0878, Epsilon: 0.010
2026-04-19 09:54:19 | INFO | Episode 5518 - Reward: -200.000, Length: 200, Loss: 14.4193, Entropy: 1.0919, Epsilon: 0.010
2026-04-19 09:54:19 | INFO | Episode 5519 - Reward: -200.000, Length: 200, Loss: 8.5166, Entropy: 1.0925, Epsilon: 0.010
2026-04-19 09:54:20 | INFO | Episode 5520 - Reward: -200.000, Length: 200, Loss: 17.6998, Entropy: 1.0823, Epsilon: 0.010
2026-04-19 09:54:20 | INFO | Episode 5521 - Reward: -200.000, Length: 200, Loss: 11.2948, Entropy: 1.0915, Epsilon: 0.010
2026-04-19 09:54:20 | INFO | Episode 5522 - Reward: -200.000, Length: 200, Loss: 20.4201, Entropy: 1.0822, Epsilon: 0.010
2026-04-19 09:54:21 | INFO | Episode 5523 - Reward: -200.000, Length: 200, Loss: 29.0470, Entropy: 1.0711, Epsilon: 0.010
2026-04-19 09:54:21 | INFO | Episode 5524 - Reward: -200.000, Length: 200, Loss: 26.1289, Entropy: 1.0650, Epsilon: 0.010
2026-04-19 09:54:21 | INFO | Episode 5525 - Reward: -200.000, Length: 200, Loss: 11.7423, Entropy: 1.0737, Epsilon: 0.010
2026-04-19 09:54:22 | INFO | Episode 5526 - Reward: -200.000, Length: 200, Loss: 11.5608, Entropy: 1.0694, Epsilon: 0.010
2026-04-19 09:54:22 | INFO | Episode 5527 - Reward: -200.000, Length: 200, Loss: 20.1838, Entropy: 1.0820, Epsilon: 0.010
2026-04-19 09:54:22 | INFO | Episode 5528 - Reward: -200.000, Length: 200, Loss: 23.0198, Entropy: 1.0897, Epsilon: 0.010
2026-04-19 09:54:23 | INFO | Episode 5529 - Reward: -200.000, Length: 200, Loss: 17.2165, Entropy: 1.0766, Epsilon: 0.010
2026-04-19 09:54:23 | INFO | Episode 5530 - Reward: -200.000, Length: 200, Loss: 11.4978, Entropy: 1.0912, Epsilon: 0.010
2026-04-19 09:54:24 | INFO | Episode 5531 - Reward: -200.000, Length: 200, Loss: 17.7553, Entropy: 1.0868, Epsilon: 0.010
2026-04-19 09:54:24 | INFO | Episode 5532 - Reward: -200.000, Length: 200, Loss: 17.7176, Entropy: 1.0857, Epsilon: 0.010
2026-04-19 09:54:24 | INFO | Episode 5533 - Reward: -200.000, Length: 200, Loss: 20.8235, Entropy: 1.0637, Epsilon: 0.010
2026-04-19 09:54:25 | INFO | Episode 5534 - Reward: -200.000, Length: 200, Loss: 23.6256, Entropy: 1.0617, Epsilon: 0.010
2026-04-19 09:54:25 | INFO | Episode 5535 - Reward: -200.000, Length: 200, Loss: 32.1966, Entropy: 1.0677, Epsilon: 0.010
2026-04-19 09:54:25 | INFO | Episode 5536 - Reward: -200.000, Length: 200, Loss: 8.4735, Entropy: 1.0936, Epsilon: 0.010
2026-04-19 09:54:26 | INFO | Episode 5537 - Reward: -200.000, Length: 200, Loss: 8.6360, Entropy: 1.0945, Epsilon: 0.010
2026-04-19 09:54:26 | INFO | Episode 5538 - Reward: -200.000, Length: 200, Loss: 17.5685, Entropy: 1.0824, Epsilon: 0.010
2026-04-19 09:54:26 | INFO | Episode 5539 - Reward: -200.000, Length: 200, Loss: 28.6213, Entropy: 1.0867, Epsilon: 0.010
2026-04-19 09:54:27 | INFO | Episode 5540 - Reward: -200.000, Length: 200, Loss: 28.6156, Entropy: 1.0647, Epsilon: 0.010
2026-04-19 09:54:27 | INFO | Episode 5541 - Reward: -200.000, Length: 200, Loss: 16.4934, Entropy: 1.0809, Epsilon: 0.010
2026-04-19 09:54:28 | INFO | Episode 5542 - Reward: -200.000, Length: 200, Loss: 19.6583, Entropy: 1.0693, Epsilon: 0.010
2026-04-19 09:54:28 | INFO | Episode 5543 - Reward: -200.000, Length: 200, Loss: 16.8214, Entropy: 1.0775, Epsilon: 0.010
2026-04-19 09:54:28 | INFO | Episode 5544 - Reward: -200.000, Length: 200, Loss: 25.3018, Entropy: 1.0813, Epsilon: 0.010
2026-04-19 09:54:29 | INFO | Episode 5545 - Reward: -200.000, Length: 200, Loss: 11.0043, Entropy: 1.0937, Epsilon: 0.010
2026-04-19 09:54:29 | INFO | Episode 5546 - Reward: -200.000, Length: 200, Loss: 21.8166, Entropy: 1.0696, Epsilon: 0.010
2026-04-19 09:54:29 | INFO | Episode 5547 - Reward: -200.000, Length: 200, Loss: 22.0238, Entropy: 1.0845, Epsilon: 0.010
2026-04-19 09:54:30 | INFO | Episode 5548 - Reward: -200.000, Length: 200, Loss: 5.5016, Entropy: 1.0874, Epsilon: 0.010
2026-04-19 09:54:30 | INFO | Episode 5549 - Reward: -200.000, Length: 200, Loss: 30.5005, Entropy: 1.0896, Epsilon: 0.010
2026-04-19 09:54:30 | INFO | Episode 5550 - Reward: -200.000, Length: 200, Loss: 13.7947, Entropy: 1.0845, Epsilon: 0.010
2026-04-19 09:54:31 | INFO | Episode 5551 - Reward: -200.000, Length: 200, Loss: 19.9510, Entropy: 1.0838, Epsilon: 0.010
2026-04-19 09:54:31 | INFO | Episode 5552 - Reward: -200.000, Length: 200, Loss: 25.7208, Entropy: 1.0708, Epsilon: 0.010
2026-04-19 09:54:32 | INFO | Episode 5553 - Reward: -200.000, Length: 200, Loss: 19.5975, Entropy: 1.0780, Epsilon: 0.010
2026-04-19 09:54:32 | INFO | Episode 5554 - Reward: -200.000, Length: 200, Loss: 5.7050, Entropy: 1.0954, Epsilon: 0.010
2026-04-19 09:54:32 | INFO | Episode 5555 - Reward: -200.000, Length: 200, Loss: 11.5986, Entropy: 1.0842, Epsilon: 0.010
2026-04-19 09:54:33 | INFO | Episode 5556 - Reward: -200.000, Length: 200, Loss: 14.7060, Entropy: 1.0874, Epsilon: 0.010
2026-04-19 09:54:33 | INFO | Episode 5557 - Reward: -200.000, Length: 200, Loss: 8.4621, Entropy: 1.0934, Epsilon: 0.010
2026-04-19 09:54:33 | INFO | Episode 5558 - Reward: -200.000, Length: 200, Loss: 5.7534, Entropy: 1.0944, Epsilon: 0.010
2026-04-19 09:54:34 | INFO | Episode 5559 - Reward: -200.000, Length: 200, Loss: 38.3261, Entropy: 1.0702, Epsilon: 0.010
2026-04-19 09:54:34 | INFO | Episode 5560 - Reward: -200.000, Length: 200, Loss: 2.7555, Entropy: 1.0894, Epsilon: 0.010
2026-04-19 09:54:34 | INFO | Episode 5561 - Reward: -200.000, Length: 200, Loss: 5.6800, Entropy: 1.0843, Epsilon: 0.010
2026-04-19 09:54:35 | INFO | Episode 5562 - Reward: -200.000, Length: 200, Loss: 5.6720, Entropy: 1.0876, Epsilon: 0.010
2026-04-19 09:54:35 | INFO | Episode 5563 - Reward: -200.000, Length: 200, Loss: 14.3323, Entropy: 1.0866, Epsilon: 0.010
2026-04-19 09:54:36 | INFO | Episode 5564 - Reward: -200.000, Length: 200, Loss: 26.2522, Entropy: 1.0743, Epsilon: 0.010
2026-04-19 09:54:36 | INFO | Episode 5565 - Reward: -200.000, Length: 200, Loss: 11.7088, Entropy: 1.0872, Epsilon: 0.010
2026-04-19 09:54:36 | INFO | Episode 5566 - Reward: -200.000, Length: 200, Loss: 8.6997, Entropy: 1.0901, Epsilon: 0.010
2026-04-19 09:54:37 | INFO | Episode 5567 - Reward: -200.000, Length: 200, Loss: 11.7407, Entropy: 1.0908, Epsilon: 0.010
2026-04-19 09:54:37 | INFO | Episode 5568 - Reward: -200.000, Length: 200, Loss: 26.6739, Entropy: 1.0625, Epsilon: 0.010
2026-04-19 09:54:37 | INFO | Episode 5569 - Reward: -200.000, Length: 200, Loss: 17.3569, Entropy: 1.0854, Epsilon: 0.010
2026-04-19 09:54:38 | INFO | Episode 5570 - Reward: -200.000, Length: 200, Loss: 17.1159, Entropy: 1.0843, Epsilon: 0.010
2026-04-19 09:54:38 | INFO | Episode 5571 - Reward: -200.000, Length: 200, Loss: 8.7812, Entropy: 1.0900, Epsilon: 0.010
2026-04-19 09:54:38 | INFO | Episode 5572 - Reward: -200.000, Length: 200, Loss: 8.6692, Entropy: 1.0947, Epsilon: 0.010
2026-04-19 09:54:39 | INFO | Episode 5573 - Reward: -200.000, Length: 200, Loss: 14.6945, Entropy: 1.0850, Epsilon: 0.010
2026-04-19 09:54:39 | INFO | Episode 5574 - Reward: -200.000, Length: 200, Loss: 11.9026, Entropy: 1.0893, Epsilon: 0.010
2026-04-19 09:54:39 | INFO | Episode 5575 - Reward: -200.000, Length: 200, Loss: 20.5547, Entropy: 1.0722, Epsilon: 0.010
2026-04-19 09:54:40 | INFO | Episode 5576 - Reward: -200.000, Length: 200, Loss: 2.6861, Entropy: 1.0910, Epsilon: 0.010
2026-04-19 09:54:40 | INFO | Episode 5577 - Reward: -200.000, Length: 200, Loss: 11.7205, Entropy: 1.0880, Epsilon: 0.010
2026-04-19 09:54:41 | INFO | Episode 5578 - Reward: -200.000, Length: 200, Loss: 2.8104, Entropy: 1.0947, Epsilon: 0.010
2026-04-19 09:54:41 | INFO | Episode 5579 - Reward: -200.000, Length: 200, Loss: 12.0480, Entropy: 1.0868, Epsilon: 0.010
2026-04-19 09:54:41 | INFO | Episode 5580 - Reward: -200.000, Length: 200, Loss: 30.0297, Entropy: 1.0688, Epsilon: 0.010
2026-04-19 09:54:42 | INFO | Episode 5581 - Reward: -200.000, Length: 200, Loss: 15.2074, Entropy: 1.0873, Epsilon: 0.010
2026-04-19 09:54:42 | INFO | Episode 5582 - Reward: -200.000, Length: 200, Loss: 33.6192, Entropy: 1.0552, Epsilon: 0.010
2026-04-19 09:54:42 | INFO | Episode 5583 - Reward: -200.000, Length: 200, Loss: 15.3888, Entropy: 1.0663, Epsilon: 0.010
2026-04-19 09:54:43 | INFO | Episode 5584 - Reward: -200.000, Length: 200, Loss: 24.0354, Entropy: 1.0646, Epsilon: 0.010
2026-04-19 09:54:43 | INFO | Episode 5585 - Reward: -200.000, Length: 200, Loss: 18.1422, Entropy: 1.0736, Epsilon: 0.010
2026-04-19 09:54:43 | INFO | Episode 5586 - Reward: -200.000, Length: 200, Loss: 15.4955, Entropy: 1.0897, Epsilon: 0.010
2026-04-19 09:54:44 | INFO | Episode 5587 - Reward: -200.000, Length: 200, Loss: 9.1079, Entropy: 1.0911, Epsilon: 0.010
2026-04-19 09:54:44 | INFO | Episode 5588 - Reward: -200.000, Length: 200, Loss: 9.0435, Entropy: 1.0878, Epsilon: 0.010
2026-04-19 09:54:44 | INFO | Episode 5589 - Reward: -200.000, Length: 200, Loss: 15.7052, Entropy: 1.0881, Epsilon: 0.010
2026-04-19 09:54:45 | INFO | Episode 5590 - Reward: -200.000, Length: 200, Loss: 18.6197, Entropy: 1.0886, Epsilon: 0.010
2026-04-19 09:54:45 | INFO | Episode 5591 - Reward: -200.000, Length: 200, Loss: 3.0152, Entropy: 1.0921, Epsilon: 0.010
2026-04-19 09:54:46 | INFO | Episode 5592 - Reward: -200.000, Length: 200, Loss: 21.6703, Entropy: 1.0826, Epsilon: 0.010
2026-04-19 09:54:46 | INFO | Episode 5593 - Reward: -200.000, Length: 200, Loss: 12.8299, Entropy: 1.0818, Epsilon: 0.010
2026-04-19 09:54:46 | INFO | Episode 5594 - Reward: -200.000, Length: 200, Loss: 15.8052, Entropy: 1.0894, Epsilon: 0.010
2026-04-19 09:54:47 | INFO | Episode 5595 - Reward: -200.000, Length: 200, Loss: -0.1865, Entropy: 1.0970, Epsilon: 0.010
2026-04-19 09:54:47 | INFO | Episode 5596 - Reward: -200.000, Length: 200, Loss: 16.1365, Entropy: 1.0734, Epsilon: 0.010
2026-04-19 09:54:47 | INFO | Episode 5597 - Reward: -200.000, Length: 200, Loss: 25.9620, Entropy: 1.0783, Epsilon: 0.010
2026-04-19 09:54:48 | INFO | Episode 5598 - Reward: -200.000, Length: 200, Loss: 25.9212, Entropy: 1.0874, Epsilon: 0.010
2026-04-19 09:54:48 | INFO | Episode 5599 - Reward: -200.000, Length: 200, Loss: 6.3834, Entropy: 1.0856, Epsilon: 0.010
2026-04-19 09:54:48 | INFO | Episode 5600 - Reward: -200.000, Length: 200, Loss: 16.4943, Entropy: 1.0704, Epsilon: 0.010
2026-04-19 09:54:53 | INFO | [Episode 5600] eps=0.010  avg_reward=-200.000  avg_length=200.00  avg_loss= 15.8962  avg_entropy=1.0704  eval_success=0.000
2026-04-19 09:54:54 | INFO | Episode 5601 - Reward: -200.000, Length: 200, Loss: 9.7059, Entropy: 1.0917, Epsilon: 0.010
2026-04-19 09:54:54 | INFO | Episode 5602 - Reward: -200.000, Length: 200, Loss: 23.3216, Entropy: 1.0500, Epsilon: 0.010
2026-04-19 09:54:54 | INFO | Episode 5603 - Reward: -200.000, Length: 200, Loss: 32.9059, Entropy: 1.0525, Epsilon: 0.010
2026-04-19 09:54:55 | INFO | Episode 5604 - Reward: -200.000, Length: 200, Loss: 12.4129, Entropy: 1.0793, Epsilon: 0.010
2026-04-19 09:54:55 | INFO | Episode 5605 - Reward: -200.000, Length: 200, Loss: 16.1277, Entropy: 1.0774, Epsilon: 0.010
2026-04-19 09:54:55 | INFO | Episode 5606 - Reward: -200.000, Length: 200, Loss: 6.1843, Entropy: 1.0844, Epsilon: 0.010
2026-04-19 09:54:56 | INFO | Episode 5607 - Reward: -200.000, Length: 200, Loss: 16.0935, Entropy: 1.0859, Epsilon: 0.010
2026-04-19 09:54:56 | INFO | Episode 5608 - Reward: -200.000, Length: 200, Loss: 12.6150, Entropy: 1.0798, Epsilon: 0.010
2026-04-19 09:54:56 | INFO | Episode 5609 - Reward: -200.000, Length: 200, Loss: 21.8501, Entropy: 1.0852, Epsilon: 0.010
2026-04-19 09:54:57 | INFO | Episode 5610 - Reward: -200.000, Length: 200, Loss: 12.3535, Entropy: 1.0661, Epsilon: 0.010
2026-04-19 09:54:57 | INFO | Episode 5611 - Reward: -200.000, Length: 200, Loss: 19.2060, Entropy: 1.0540, Epsilon: 0.010
2026-04-19 09:54:58 | INFO | Episode 5612 - Reward: -200.000, Length: 200, Loss: 12.7144, Entropy: 1.0853, Epsilon: 0.010
2026-04-19 09:54:58 | INFO | Episode 5613 - Reward: -200.000, Length: 200, Loss: 22.1452, Entropy: 1.0835, Epsilon: 0.010
2026-04-19 09:54:58 | INFO | Episode 5614 - Reward: -200.000, Length: 200, Loss: 12.3413, Entropy: 1.0839, Epsilon: 0.010
2026-04-19 09:54:59 | INFO | Episode 5615 - Reward: -200.000, Length: 200, Loss: 12.2817, Entropy: 1.0910, Epsilon: 0.010
2026-04-19 09:54:59 | INFO | Episode 5616 - Reward: -200.000, Length: 200, Loss: 6.1398, Entropy: 1.0935, Epsilon: 0.010
2026-04-19 09:54:59 | INFO | Episode 5617 - Reward: -200.000, Length: 200, Loss: 15.7594, Entropy: 1.0793, Epsilon: 0.010
2026-04-19 09:55:00 | INFO | Episode 5618 - Reward: -200.000, Length: 200, Loss: 28.1260, Entropy: 1.0671, Epsilon: 0.010
2026-04-19 09:55:00 | INFO | Episode 5619 - Reward: -200.000, Length: 200, Loss: 15.6212, Entropy: 1.0756, Epsilon: 0.010
2026-04-19 09:55:00 | INFO | Episode 5620 - Reward: -200.000, Length: 200, Loss: 6.0376, Entropy: 1.0940, Epsilon: 0.010
2026-04-19 09:55:01 | INFO | Episode 5621 - Reward: -200.000, Length: 200, Loss: 15.4673, Entropy: 1.0816, Epsilon: 0.010
2026-04-19 09:55:01 | INFO | Episode 5622 - Reward: -200.000, Length: 200, Loss: 21.8386, Entropy: 1.0407, Epsilon: 0.010
2026-04-19 09:55:02 | INFO | Episode 5623 - Reward: -200.000, Length: 200, Loss: 5.9330, Entropy: 1.0836, Epsilon: 0.010
2026-04-19 09:55:02 | INFO | Episode 5624 - Reward: -200.000, Length: 200, Loss: 25.1486, Entropy: 1.0847, Epsilon: 0.010
2026-04-19 09:55:02 | INFO | Episode 5625 - Reward: -200.000, Length: 200, Loss: 22.0427, Entropy: 1.0594, Epsilon: 0.010
2026-04-19 09:55:03 | INFO | Episode 5626 - Reward: -200.000, Length: 200, Loss: 9.1503, Entropy: 1.0732, Epsilon: 0.010
2026-04-19 09:55:03 | INFO | Episode 5627 - Reward: -200.000, Length: 200, Loss: 12.4365, Entropy: 1.0863, Epsilon: 0.010
2026-04-19 09:55:03 | INFO | Episode 5628 - Reward: -200.000, Length: 200, Loss: 15.6139, Entropy: 1.0828, Epsilon: 0.010
2026-04-19 09:55:04 | INFO | Episode 5629 - Reward: -200.000, Length: 200, Loss: 18.5677, Entropy: 1.0884, Epsilon: 0.010
2026-04-19 09:55:04 | INFO | Episode 5630 - Reward: -200.000, Length: 200, Loss: 12.5269, Entropy: 1.0864, Epsilon: 0.010
2026-04-19 09:55:04 | INFO | Episode 5631 - Reward: -200.000, Length: 200, Loss: 21.7751, Entropy: 1.0487, Epsilon: 0.010
2026-04-19 09:55:05 | INFO | Episode 5632 - Reward: -200.000, Length: 200, Loss: 12.3611, Entropy: 1.0816, Epsilon: 0.010
2026-04-19 09:55:05 | INFO | Episode 5633 - Reward: -200.000, Length: 200, Loss: 9.2979, Entropy: 1.0921, Epsilon: 0.010
2026-04-19 09:55:05 | INFO | Episode 5634 - Reward: -200.000, Length: 200, Loss: 15.4710, Entropy: 1.0840, Epsilon: 0.010
2026-04-19 09:55:06 | INFO | Episode 5635 - Reward: -200.000, Length: 200, Loss: 18.7763, Entropy: 1.0829, Epsilon: 0.010
2026-04-19 09:55:06 | INFO | Episode 5636 - Reward: -200.000, Length: 200, Loss: 24.8382, Entropy: 1.0837, Epsilon: 0.010
2026-04-19 09:55:07 | INFO | Episode 5637 - Reward: -200.000, Length: 200, Loss: 24.7109, Entropy: 1.0813, Epsilon: 0.010
2026-04-19 09:55:07 | INFO | Episode 5638 - Reward: -200.000, Length: 200, Loss: 8.9947, Entropy: 1.0891, Epsilon: 0.010
2026-04-19 09:55:07 | INFO | Episode 5639 - Reward: -200.000, Length: 200, Loss: 9.4356, Entropy: 1.0882, Epsilon: 0.010
2026-04-19 09:55:08 | INFO | Episode 5640 - Reward: -200.000, Length: 200, Loss: 15.6363, Entropy: 1.0761, Epsilon: 0.010
2026-04-19 09:55:08 | INFO | Episode 5641 - Reward: -200.000, Length: 200, Loss: 9.1605, Entropy: 1.0951, Epsilon: 0.010
2026-04-19 09:55:08 | INFO | Episode 5642 - Reward: -200.000, Length: 200, Loss: 5.9604, Entropy: 1.0930, Epsilon: 0.010
2026-04-19 09:55:09 | INFO | Episode 5643 - Reward: -200.000, Length: 200, Loss: 15.3286, Entropy: 1.0913, Epsilon: 0.010
2026-04-19 09:55:09 | INFO | Episode 5644 - Reward: -200.000, Length: 200, Loss: 9.1147, Entropy: 1.0870, Epsilon: 0.010
2026-04-19 09:55:09 | INFO | Episode 5645 - Reward: -200.000, Length: 200, Loss: 12.1465, Entropy: 1.0888, Epsilon: 0.010
2026-04-19 09:55:10 | INFO | Episode 5646 - Reward: -200.000, Length: 200, Loss: 5.9118, Entropy: 1.0930, Epsilon: 0.010
2026-04-19 09:55:10 | INFO | Episode 5647 - Reward: -200.000, Length: 200, Loss: 12.1197, Entropy: 1.0863, Epsilon: 0.010
2026-04-19 09:55:10 | INFO | Episode 5648 - Reward: -200.000, Length: 200, Loss: 18.2249, Entropy: 1.0904, Epsilon: 0.010
2026-04-19 09:55:11 | INFO | Episode 5649 - Reward: -200.000, Length: 200, Loss: 23.7013, Entropy: 1.0896, Epsilon: 0.010
2026-04-19 09:55:11 | INFO | Episode 5650 - Reward: -200.000, Length: 200, Loss: 11.9027, Entropy: 1.0902, Epsilon: 0.010
2026-04-19 09:55:12 | INFO | Episode 5651 - Reward: -200.000, Length: 200, Loss: 12.0656, Entropy: 1.0926, Epsilon: 0.010
2026-04-19 09:55:12 | INFO | Episode 5652 - Reward: -200.000, Length: 200, Loss: 5.7194, Entropy: 1.0787, Epsilon: 0.010
2026-04-19 09:55:12 | INFO | Episode 5653 - Reward: -200.000, Length: 200, Loss: 11.8659, Entropy: 1.0816, Epsilon: 0.010
2026-04-19 09:55:13 | INFO | Episode 5654 - Reward: -200.000, Length: 200, Loss: 17.9666, Entropy: 1.0712, Epsilon: 0.010
2026-04-19 09:55:13 | INFO | Episode 5655 - Reward: -200.000, Length: 200, Loss: 17.9241, Entropy: 1.0711, Epsilon: 0.010
2026-04-19 09:55:13 | INFO | Episode 5656 - Reward: -200.000, Length: 200, Loss: 36.3103, Entropy: 1.0694, Epsilon: 0.010
2026-04-19 09:55:14 | INFO | Episode 5657 - Reward: -200.000, Length: 200, Loss: 30.3958, Entropy: 1.0511, Epsilon: 0.010
2026-04-19 09:55:14 | INFO | Episode 5658 - Reward: -200.000, Length: 200, Loss: 5.8807, Entropy: 1.0833, Epsilon: 0.010
2026-04-19 09:55:14 | INFO | Episode 5659 - Reward: -200.000, Length: 200, Loss: 12.0986, Entropy: 1.0888, Epsilon: 0.010
2026-04-19 09:55:15 | INFO | Episode 5660 - Reward: -200.000, Length: 200, Loss: 8.9943, Entropy: 1.0934, Epsilon: 0.010
2026-04-19 09:55:15 | INFO | Episode 5661 - Reward: -200.000, Length: 200, Loss: 15.6247, Entropy: 1.0839, Epsilon: 0.010
2026-04-19 09:55:15 | INFO | Episode 5662 - Reward: -200.000, Length: 200, Loss: 9.3414, Entropy: 1.0882, Epsilon: 0.010
2026-04-19 09:55:16 | INFO | Episode 5663 - Reward: -200.000, Length: 200, Loss: 18.5527, Entropy: 1.0856, Epsilon: 0.010
2026-04-19 09:55:16 | INFO | Episode 5664 - Reward: -200.000, Length: 200, Loss: 18.7525, Entropy: 1.0853, Epsilon: 0.010
2026-04-19 09:55:17 | INFO | Episode 5665 - Reward: -200.000, Length: 200, Loss: 12.4934, Entropy: 1.0902, Epsilon: 0.010
2026-04-19 09:55:17 | INFO | Episode 5666 - Reward: -200.000, Length: 200, Loss: 9.3185, Entropy: 1.0890, Epsilon: 0.010
2026-04-19 09:55:17 | INFO | Episode 5667 - Reward: -200.000, Length: 200, Loss: 18.9750, Entropy: 1.0863, Epsilon: 0.010
2026-04-19 09:55:18 | INFO | Episode 5668 - Reward: -200.000, Length: 200, Loss: 12.9684, Entropy: 1.0738, Epsilon: 0.010
2026-04-19 09:55:18 | INFO | Episode 5669 - Reward: -200.000, Length: 200, Loss: 16.0622, Entropy: 1.0788, Epsilon: 0.010
2026-04-19 09:55:18 | INFO | Episode 5670 - Reward: -200.000, Length: 200, Loss: 15.9991, Entropy: 1.0867, Epsilon: 0.010
2026-04-19 09:55:19 | INFO | Episode 5671 - Reward: -200.000, Length: 200, Loss: 25.5913, Entropy: 1.0760, Epsilon: 0.010
2026-04-19 09:55:19 | INFO | Episode 5672 - Reward: -200.000, Length: 200, Loss: 9.6219, Entropy: 1.0906, Epsilon: 0.010
2026-04-19 09:55:19 | INFO | Episode 5673 - Reward: -200.000, Length: 200, Loss: 22.1213, Entropy: 1.0830, Epsilon: 0.010
2026-04-19 09:55:20 | INFO | Episode 5674 - Reward: -200.000, Length: 200, Loss: 25.0126, Entropy: 1.0780, Epsilon: 0.010
2026-04-19 09:55:20 | INFO | Episode 5675 - Reward: -200.000, Length: 200, Loss: 27.9062, Entropy: 1.0700, Epsilon: 0.010
2026-04-19 09:55:20 | INFO | Episode 5676 - Reward: -200.000, Length: 200, Loss: 20.8162, Entropy: 1.0806, Epsilon: 0.010
2026-04-19 09:55:21 | INFO | Episode 5677 - Reward: -200.000, Length: 200, Loss: 8.7492, Entropy: 1.0949, Epsilon: 0.010
2026-04-19 09:55:21 | INFO | Episode 5678 - Reward: -200.000, Length: 200, Loss: 11.9466, Entropy: 1.0875, Epsilon: 0.010
2026-04-19 09:55:22 | INFO | Episode 5679 - Reward: -200.000, Length: 200, Loss: 11.5622, Entropy: 1.0604, Epsilon: 0.010
2026-04-19 09:55:22 | INFO | Episode 5680 - Reward: -200.000, Length: 200, Loss: 2.6336, Entropy: 1.0963, Epsilon: 0.010
2026-04-19 09:55:22 | INFO | Episode 5681 - Reward: -200.000, Length: 200, Loss: 20.4449, Entropy: 1.0887, Epsilon: 0.010
2026-04-19 09:55:23 | INFO | Episode 5682 - Reward: -200.000, Length: 200, Loss: 11.8811, Entropy: 1.0891, Epsilon: 0.010
2026-04-19 09:55:23 | INFO | Episode 5683 - Reward: -200.000, Length: 200, Loss: 11.7733, Entropy: 1.0889, Epsilon: 0.010
2026-04-19 09:55:23 | INFO | Episode 5684 - Reward: -200.000, Length: 200, Loss: 17.7896, Entropy: 1.0919, Epsilon: 0.010
2026-04-19 09:55:24 | INFO | Episode 5685 - Reward: -200.000, Length: 200, Loss: 15.0779, Entropy: 1.0889, Epsilon: 0.010
2026-04-19 09:55:24 | INFO | Episode 5686 - Reward: -200.000, Length: 200, Loss: 11.9886, Entropy: 1.0854, Epsilon: 0.010
2026-04-19 09:55:24 | INFO | Episode 5687 - Reward: -200.000, Length: 200, Loss: 14.8613, Entropy: 1.0867, Epsilon: 0.010
2026-04-19 09:55:25 | INFO | Episode 5688 - Reward: -200.000, Length: 200, Loss: 5.9083, Entropy: 1.0845, Epsilon: 0.010
2026-04-19 09:55:25 | INFO | Episode 5689 - Reward: -200.000, Length: 200, Loss: 12.1065, Entropy: 1.0874, Epsilon: 0.010
2026-04-19 09:55:26 | INFO | Episode 5690 - Reward: -200.000, Length: 200, Loss: 23.9281, Entropy: 1.0818, Epsilon: 0.010
2026-04-19 09:55:26 | INFO | Episode 5691 - Reward: -200.000, Length: 200, Loss: 5.8844, Entropy: 1.0773, Epsilon: 0.010
2026-04-19 09:55:26 | INFO | Episode 5692 - Reward: -200.000, Length: 200, Loss: 15.0183, Entropy: 1.0898, Epsilon: 0.010
2026-04-19 09:55:27 | INFO | Episode 5693 - Reward: -200.000, Length: 200, Loss: 11.8971, Entropy: 1.0866, Epsilon: 0.010
2026-04-19 09:55:27 | INFO | Episode 5694 - Reward: -200.000, Length: 200, Loss: 17.8178, Entropy: 1.0792, Epsilon: 0.010
2026-04-19 09:55:27 | INFO | Episode 5695 - Reward: -200.000, Length: 200, Loss: 20.7479, Entropy: 1.0778, Epsilon: 0.010
2026-04-19 09:55:28 | INFO | Episode 5696 - Reward: -200.000, Length: 200, Loss: 10.9818, Entropy: 1.0500, Epsilon: 0.010
2026-04-19 09:55:28 | INFO | Episode 5697 - Reward: -200.000, Length: 200, Loss: 16.8926, Entropy: 1.0761, Epsilon: 0.010
2026-04-19 09:55:28 | INFO | Episode 5698 - Reward: -200.000, Length: 200, Loss: 17.0564, Entropy: 1.0654, Epsilon: 0.010
2026-04-19 09:55:29 | INFO | Episode 5699 - Reward: -200.000, Length: 200, Loss: 2.7477, Entropy: 1.0879, Epsilon: 0.010
2026-04-19 09:55:29 | INFO | Episode 5700 - Reward: -200.000, Length: 200, Loss: 10.7512, Entropy: 1.0843, Epsilon: 0.010
2026-04-19 09:55:34 | INFO | [Episode 5700] eps=0.010  avg_reward=-200.000  avg_length=200.00  avg_loss= 15.0636  avg_entropy=1.0843  eval_success=0.000
2026-04-19 09:55:34 | INFO | Episode 5701 - Reward: -200.000, Length: 200, Loss: 10.8628, Entropy: 1.0748, Epsilon: 0.010
2026-04-19 09:55:35 | INFO | Episode 5702 - Reward: -200.000, Length: 200, Loss: 13.9347, Entropy: 1.0883, Epsilon: 0.010
2026-04-19 09:55:35 | INFO | Episode 5703 - Reward: -200.000, Length: 200, Loss: 16.4619, Entropy: 1.0861, Epsilon: 0.010
2026-04-19 09:55:35 | INFO | Episode 5704 - Reward: -200.000, Length: 200, Loss: 11.2323, Entropy: 1.0950, Epsilon: 0.010
2026-04-19 09:55:36 | INFO | Episode 5705 - Reward: -200.000, Length: 200, Loss: 16.5479, Entropy: 1.0925, Epsilon: 0.010
2026-04-19 09:55:36 | INFO | Episode 5706 - Reward: -200.000, Length: 200, Loss: 16.9556, Entropy: 1.0667, Epsilon: 0.010
2026-04-19 09:55:37 | INFO | Episode 5707 - Reward: -200.000, Length: 200, Loss: 11.1400, Entropy: 1.0579, Epsilon: 0.010
2026-04-19 09:55:37 | INFO | Episode 5708 - Reward: -200.000, Length: 200, Loss: 24.9296, Entropy: 1.0763, Epsilon: 0.010
2026-04-19 09:55:37 | INFO | Episode 5709 - Reward: -200.000, Length: 200, Loss: 8.4125, Entropy: 1.0849, Epsilon: 0.010
2026-04-19 09:55:38 | INFO | Episode 5710 - Reward: -200.000, Length: 200, Loss: 16.7189, Entropy: 1.0907, Epsilon: 0.010
2026-04-19 09:55:38 | INFO | Episode 5711 - Reward: -200.000, Length: 200, Loss: 16.8833, Entropy: 1.0921, Epsilon: 0.010
2026-04-19 09:55:38 | INFO | Episode 5712 - Reward: -200.000, Length: 200, Loss: 11.2397, Entropy: 1.0896, Epsilon: 0.010
2026-04-19 09:55:39 | INFO | Episode 5713 - Reward: -200.000, Length: 200, Loss: 5.7187, Entropy: 1.0934, Epsilon: 0.010
2026-04-19 09:55:39 | INFO | Episode 5714 - Reward: -200.000, Length: 200, Loss: 14.2150, Entropy: 1.0752, Epsilon: 0.010
2026-04-19 09:55:39 | INFO | Episode 5715 - Reward: -200.000, Length: 200, Loss: 8.5428, Entropy: 1.0806, Epsilon: 0.010
2026-04-19 09:55:40 | INFO | Episode 5716 - Reward: -200.000, Length: 200, Loss: 23.2809, Entropy: 1.0815, Epsilon: 0.010
2026-04-19 09:55:40 | INFO | Episode 5717 - Reward: -200.000, Length: 200, Loss: 20.6409, Entropy: 1.0867, Epsilon: 0.010
2026-04-19 09:55:40 | INFO | Episode 5718 - Reward: -200.000, Length: 200, Loss: 17.5700, Entropy: 1.0795, Epsilon: 0.010
2026-04-19 09:55:41 | INFO | Episode 5719 - Reward: -200.000, Length: 200, Loss: 5.6975, Entropy: 1.0872, Epsilon: 0.010
2026-04-19 09:55:41 | INFO | Episode 5720 - Reward: -200.000, Length: 200, Loss: 11.5083, Entropy: 1.0924, Epsilon: 0.010
2026-04-19 09:55:42 | INFO | Episode 5721 - Reward: -200.000, Length: 200, Loss: 22.7405, Entropy: 1.0840, Epsilon: 0.010
2026-04-19 09:55:42 | INFO | Episode 5722 - Reward: -200.000, Length: 200, Loss: 20.3108, Entropy: 1.0765, Epsilon: 0.010
2026-04-19 09:55:42 | INFO | Episode 5723 - Reward: -200.000, Length: 200, Loss: 11.4086, Entropy: 1.0913, Epsilon: 0.010
2026-04-19 09:55:43 | INFO | Episode 5724 - Reward: -200.000, Length: 200, Loss: 8.5947, Entropy: 1.0932, Epsilon: 0.010
2026-04-19 09:55:43 | INFO | Episode 5725 - Reward: -200.000, Length: 200, Loss: 20.4226, Entropy: 1.0761, Epsilon: 0.010
2026-04-19 09:55:43 | INFO | Episode 5726 - Reward: -200.000, Length: 200, Loss: 26.3487, Entropy: 1.0855, Epsilon: 0.010
2026-04-19 09:55:44 | INFO | Episode 5727 - Reward: -200.000, Length: 200, Loss: 14.3640, Entropy: 1.0924, Epsilon: 0.010
2026-04-19 09:55:44 | INFO | Episode 5728 - Reward: -200.000, Length: 200, Loss: 17.8034, Entropy: 1.0829, Epsilon: 0.010
2026-04-19 09:55:44 | INFO | Episode 5729 - Reward: -200.000, Length: 200, Loss: 5.6974, Entropy: 1.0925, Epsilon: 0.010
2026-04-19 09:55:45 | INFO | Episode 5730 - Reward: -200.000, Length: 200, Loss: 17.6629, Entropy: 1.0838, Epsilon: 0.010
2026-04-19 09:55:45 | INFO | Episode 5731 - Reward: -200.000, Length: 200, Loss: 11.5000, Entropy: 1.0820, Epsilon: 0.010
2026-04-19 09:55:45 | INFO | Episode 5732 - Reward: -200.000, Length: 200, Loss: 5.6016, Entropy: 1.0881, Epsilon: 0.010
2026-04-19 09:55:46 | INFO | Episode 5733 - Reward: -200.000, Length: 200, Loss: 11.5203, Entropy: 1.0929, Epsilon: 0.010
2026-04-19 09:55:46 | INFO | Episode 5734 - Reward: -200.000, Length: 200, Loss: 23.1707, Entropy: 1.0853, Epsilon: 0.010
2026-04-19 09:55:47 | INFO | Episode 5735 - Reward: -200.000, Length: 200, Loss: 20.2977, Entropy: 1.0702, Epsilon: 0.010
2026-04-19 09:55:47 | INFO | Episode 5736 - Reward: -200.000, Length: 200, Loss: 14.2011, Entropy: 1.0883, Epsilon: 0.010
2026-04-19 09:55:47 | INFO | Episode 5737 - Reward: -200.000, Length: 200, Loss: 14.2436, Entropy: 1.0886, Epsilon: 0.010
2026-04-19 09:55:48 | INFO | Episode 5738 - Reward: -200.000, Length: 200, Loss: 19.6605, Entropy: 1.0917, Epsilon: 0.010
2026-04-19 09:55:50 | INFO | Episode 5739 - Reward: -200.000, Length: 200, Loss: 8.1746, Entropy: 1.0900, Epsilon: 0.010
2026-04-19 09:55:50 | INFO | Episode 5740 - Reward: -200.000, Length: 200, Loss: 13.7701, Entropy: 1.0899, Epsilon: 0.010
2026-04-19 09:55:50 | INFO | Episode 5741 - Reward: -200.000, Length: 200, Loss: 8.1259, Entropy: 1.0861, Epsilon: 0.010
2026-04-19 09:55:51 | INFO | Episode 5742 - Reward: -200.000, Length: 200, Loss: 8.0875, Entropy: 1.0743, Epsilon: 0.010
2026-04-19 09:55:51 | INFO | Episode 5743 - Reward: -200.000, Length: 200, Loss: 19.4118, Entropy: 1.0882, Epsilon: 0.010
2026-04-19 09:55:52 | INFO | Episode 5744 - Reward: -200.000, Length: 200, Loss: 8.1458, Entropy: 1.0867, Epsilon: 0.010
2026-04-19 09:55:52 | INFO | Episode 5745 - Reward: -200.000, Length: 200, Loss: 16.4437, Entropy: 1.0869, Epsilon: 0.010
2026-04-19 09:55:52 | INFO | Episode 5746 - Reward: -200.000, Length: 200, Loss: 5.3004, Entropy: 1.0942, Epsilon: 0.010
2026-04-19 09:55:53 | INFO | Episode 5747 - Reward: -200.000, Length: 200, Loss: 7.9511, Entropy: 1.0931, Epsilon: 0.010
2026-04-19 09:55:53 | INFO | Episode 5748 - Reward: -200.000, Length: 200, Loss: 10.6861, Entropy: 1.0912, Epsilon: 0.010
2026-04-19 09:55:53 | INFO | Episode 5749 - Reward: -200.000, Length: 200, Loss: 16.1464, Entropy: 1.0882, Epsilon: 0.010
2026-04-19 09:55:54 | INFO | Episode 5750 - Reward: -200.000, Length: 200, Loss: 21.4078, Entropy: 1.0937, Epsilon: 0.010
2026-04-19 09:55:54 | INFO | Episode 5751 - Reward: -200.000, Length: 200, Loss: 10.4892, Entropy: 1.0805, Epsilon: 0.010
2026-04-19 09:55:54 | INFO | Episode 5752 - Reward: -200.000, Length: 200, Loss: 13.1374, Entropy: 1.0934, Epsilon: 0.010
2026-04-19 09:55:55 | INFO | Episode 5753 - Reward: -200.000, Length: 200, Loss: 16.0428, Entropy: 1.0862, Epsilon: 0.010
2026-04-19 09:55:55 | INFO | Episode 5754 - Reward: -200.000, Length: 200, Loss: 15.9717, Entropy: 1.0695, Epsilon: 0.010
2026-04-19 09:55:55 | INFO | Episode 5755 - Reward: -200.000, Length: 200, Loss: 7.8888, Entropy: 1.0929, Epsilon: 0.010
2026-04-19 09:55:56 | INFO | Episode 5756 - Reward: -200.000, Length: 200, Loss: 13.3714, Entropy: 1.0859, Epsilon: 0.010
2026-04-19 09:55:56 | INFO | Episode 5757 - Reward: -200.000, Length: 200, Loss: 16.0223, Entropy: 1.0876, Epsilon: 0.010
2026-04-19 09:55:56 | INFO | Episode 5758 - Reward: -200.000, Length: 200, Loss: 21.4629, Entropy: 1.0863, Epsilon: 0.010
2026-04-19 09:55:57 | INFO | Episode 5759 - Reward: -200.000, Length: 200, Loss: 12.7349, Entropy: 1.0567, Epsilon: 0.010
2026-04-19 09:55:57 | INFO | Episode 5760 - Reward: -200.000, Length: 200, Loss: 7.8084, Entropy: 1.0861, Epsilon: 0.010
2026-04-19 09:55:58 | INFO | Episode 5761 - Reward: -200.000, Length: 200, Loss: 7.8271, Entropy: 1.0873, Epsilon: 0.010
2026-04-19 09:55:58 | INFO | Episode 5762 - Reward: -200.000, Length: 200, Loss: 17.9566, Entropy: 1.0938, Epsilon: 0.010
2026-04-19 09:55:58 | INFO | Episode 5763 - Reward: -200.000, Length: 200, Loss: 10.3871, Entropy: 1.0928, Epsilon: 0.010
2026-04-19 09:55:59 | INFO | Episode 5764 - Reward: -200.000, Length: 200, Loss: 21.1746, Entropy: 1.0863, Epsilon: 0.010
2026-04-19 09:55:59 | INFO | Episode 5765 - Reward: -200.000, Length: 200, Loss: 15.8079, Entropy: 1.0884, Epsilon: 0.010
2026-04-19 09:55:59 | INFO | Episode 5766 - Reward: -200.000, Length: 200, Loss: 13.1846, Entropy: 1.0845, Epsilon: 0.010
2026-04-19 09:56:00 | INFO | Episode 5767 - Reward: -200.000, Length: 200, Loss: 13.1920, Entropy: 1.0918, Epsilon: 0.010
2026-04-19 09:56:00 | INFO | Episode 5768 - Reward: -200.000, Length: 200, Loss: 10.4224, Entropy: 1.0871, Epsilon: 0.010
2026-04-19 09:56:00 | INFO | Episode 5769 - Reward: -200.000, Length: 200, Loss: 7.3026, Entropy: 1.0837, Epsilon: 0.010
2026-04-19 09:56:01 | INFO | Episode 5770 - Reward: -200.000, Length: 200, Loss: 21.1518, Entropy: 1.0785, Epsilon: 0.010
2026-04-19 09:56:01 | INFO | Episode 5771 - Reward: -200.000, Length: 200, Loss: 18.2112, Entropy: 1.0846, Epsilon: 0.010
2026-04-19 09:56:01 | INFO | Episode 5772 - Reward: -200.000, Length: 200, Loss: 18.2457, Entropy: 1.0927, Epsilon: 0.010
2026-04-19 09:56:02 | INFO | Episode 5773 - Reward: -200.000, Length: 200, Loss: 15.8555, Entropy: 1.0796, Epsilon: 0.010
2026-04-19 09:56:02 | INFO | Episode 5774 - Reward: -200.000, Length: 200, Loss: 13.0940, Entropy: 1.0919, Epsilon: 0.010
2026-04-19 09:56:03 | INFO | Episode 5775 - Reward: -200.000, Length: 200, Loss: 10.4166, Entropy: 1.0901, Epsilon: 0.010
2026-04-19 09:56:03 | INFO | Episode 5776 - Reward: -200.000, Length: 200, Loss: 4.9483, Entropy: 1.0909, Epsilon: 0.010
2026-04-19 09:56:03 | INFO | Episode 5777 - Reward: -200.000, Length: 200, Loss: 15.9264, Entropy: 1.0878, Epsilon: 0.010
2026-04-19 09:56:04 | INFO | Episode 5778 - Reward: -200.000, Length: 200, Loss: 18.2763, Entropy: 1.0882, Epsilon: 0.010
2026-04-19 09:56:04 | INFO | Episode 5779 - Reward: -200.000, Length: 200, Loss: 23.4229, Entropy: 1.0829, Epsilon: 0.010
2026-04-19 09:56:04 | INFO | Episode 5780 - Reward: -200.000, Length: 200, Loss: 5.0792, Entropy: 1.0942, Epsilon: 0.010
2026-04-19 09:56:05 | INFO | Episode 5781 - Reward: -200.000, Length: 200, Loss: 18.6688, Entropy: 1.0890, Epsilon: 0.010
2026-04-19 09:56:05 | INFO | Episode 5782 - Reward: -200.000, Length: 200, Loss: 13.1164, Entropy: 1.0913, Epsilon: 0.010
2026-04-19 09:56:05 | INFO | Episode 5783 - Reward: -200.000, Length: 200, Loss: 12.9371, Entropy: 1.0863, Epsilon: 0.010
2026-04-19 09:56:06 | INFO | Episode 5784 - Reward: -200.000, Length: 200, Loss: 18.5788, Entropy: 1.0781, Epsilon: 0.010
2026-04-19 09:56:06 | INFO | Episode 5785 - Reward: -200.000, Length: 200, Loss: 15.2839, Entropy: 1.0796, Epsilon: 0.010
2026-04-19 09:56:07 | INFO | Episode 5786 - Reward: -200.000, Length: 200, Loss: 7.7785, Entropy: 1.0851, Epsilon: 0.010
2026-04-19 09:56:07 | INFO | Episode 5787 - Reward: -200.000, Length: 200, Loss: 13.2388, Entropy: 1.0879, Epsilon: 0.010
2026-04-19 09:56:07 | INFO | Episode 5788 - Reward: -200.000, Length: 200, Loss: 15.3077, Entropy: 1.0655, Epsilon: 0.010
2026-04-19 09:56:08 | INFO | Episode 5789 - Reward: -200.000, Length: 200, Loss: 18.0010, Entropy: 1.0514, Epsilon: 0.010
2026-04-19 09:56:08 | INFO | Episode 5790 - Reward: -200.000, Length: 200, Loss: 4.9590, Entropy: 1.0892, Epsilon: 0.010
2026-04-19 09:56:08 | INFO | Episode 5791 - Reward: -200.000, Length: 200, Loss: 18.1962, Entropy: 1.0694, Epsilon: 0.010
2026-04-19 09:56:09 | INFO | Episode 5792 - Reward: -200.000, Length: 200, Loss: 10.5646, Entropy: 1.0949, Epsilon: 0.010
2026-04-19 09:56:09 | INFO | Episode 5793 - Reward: -200.000, Length: 200, Loss: 15.5494, Entropy: 1.0875, Epsilon: 0.010
2026-04-19 09:56:09 | INFO | Episode 5794 - Reward: -200.000, Length: 200, Loss: 4.9213, Entropy: 1.0814, Epsilon: 0.010
2026-04-19 09:56:10 | INFO | Episode 5795 - Reward: -200.000, Length: 200, Loss: 5.0113, Entropy: 1.0938, Epsilon: 0.010
2026-04-19 09:56:10 | INFO | Episode 5796 - Reward: -200.000, Length: 200, Loss: 13.1476, Entropy: 1.0929, Epsilon: 0.010
2026-04-19 09:56:11 | INFO | Episode 5797 - Reward: -200.000, Length: 200, Loss: 15.8716, Entropy: 1.0847, Epsilon: 0.010
2026-04-19 09:56:11 | INFO | Episode 5798 - Reward: -200.000, Length: 200, Loss: 7.8567, Entropy: 1.0901, Epsilon: 0.010
2026-04-19 09:56:11 | INFO | Episode 5799 - Reward: -200.000, Length: 200, Loss: 8.0969, Entropy: 1.0944, Epsilon: 0.010
2026-04-19 09:56:12 | INFO | Episode 5800 - Reward: -200.000, Length: 200, Loss: 13.2276, Entropy: 1.0930, Epsilon: 0.010
2026-04-19 09:56:16 | INFO | [Episode 5800] eps=0.010  avg_reward=-200.000  avg_length=200.00  avg_loss= 13.7882  avg_entropy=1.0930  eval_success=0.000
2026-04-19 09:56:17 | INFO | Episode 5801 - Reward: -200.000, Length: 200, Loss: 10.9546, Entropy: 1.0843, Epsilon: 0.010
2026-04-19 09:56:17 | INFO | Episode 5802 - Reward: -200.000, Length: 200, Loss: 21.0652, Entropy: 1.0600, Epsilon: 0.010
2026-04-19 09:56:17 | INFO | Episode 5803 - Reward: -200.000, Length: 200, Loss: 13.6526, Entropy: 1.0904, Epsilon: 0.010
2026-04-19 09:56:18 | INFO | Episode 5804 - Reward: -200.000, Length: 200, Loss: 5.2314, Entropy: 1.0797, Epsilon: 0.010
2026-04-19 09:56:18 | INFO | Episode 5805 - Reward: -200.000, Length: 200, Loss: 24.0557, Entropy: 1.0843, Epsilon: 0.010
2026-04-19 09:56:19 | INFO | Episode 5806 - Reward: -200.000, Length: 200, Loss: 16.1705, Entropy: 1.0828, Epsilon: 0.010
2026-04-19 09:56:19 | INFO | Episode 5807 - Reward: -200.000, Length: 200, Loss: 10.6978, Entropy: 1.0929, Epsilon: 0.010
2026-04-19 09:56:19 | INFO | Episode 5808 - Reward: -200.000, Length: 200, Loss: 7.8460, Entropy: 1.0924, Epsilon: 0.010
2026-04-19 09:56:20 | INFO | Episode 5809 - Reward: -200.000, Length: 200, Loss: 18.9769, Entropy: 1.0853, Epsilon: 0.010
2026-04-19 09:56:20 | INFO | Episode 5810 - Reward: -200.000, Length: 200, Loss: 5.3674, Entropy: 1.0843, Epsilon: 0.010
2026-04-19 09:56:20 | INFO | Episode 5811 - Reward: -200.000, Length: 200, Loss: 8.4176, Entropy: 1.0883, Epsilon: 0.010
2026-04-19 09:56:21 | INFO | Episode 5812 - Reward: -200.000, Length: 200, Loss: 5.0650, Entropy: 1.0949, Epsilon: 0.010
2026-04-19 09:56:21 | INFO | Episode 5813 - Reward: -200.000, Length: 200, Loss: 29.9942, Entropy: 1.0490, Epsilon: 0.010
2026-04-19 09:56:21 | INFO | Episode 5814 - Reward: -200.000, Length: 200, Loss: 16.0101, Entropy: 1.0549, Epsilon: 0.010
2026-04-19 09:56:22 | INFO | Episode 5815 - Reward: -200.000, Length: 200, Loss: 8.4311, Entropy: 1.0824, Epsilon: 0.010
2026-04-19 09:56:22 | INFO | Episode 5816 - Reward: -200.000, Length: 200, Loss: 7.9262, Entropy: 1.0922, Epsilon: 0.010
2026-04-19 09:56:22 | INFO | Episode 5817 - Reward: -200.000, Length: 200, Loss: 25.2872, Entropy: 1.0612, Epsilon: 0.010
2026-04-19 09:56:23 | INFO | Episode 5818 - Reward: -200.000, Length: 200, Loss: 11.0242, Entropy: 1.0887, Epsilon: 0.010
2026-04-19 09:56:23 | INFO | Episode 5819 - Reward: -200.000, Length: 200, Loss: 8.1358, Entropy: 1.0927, Epsilon: 0.010
2026-04-19 09:56:23 | INFO | Episode 5820 - Reward: -200.000, Length: 200, Loss: 13.6737, Entropy: 1.0853, Epsilon: 0.010
2026-04-19 09:56:24 | INFO | Episode 5821 - Reward: -200.000, Length: 200, Loss: 14.0553, Entropy: 1.0904, Epsilon: 0.010
2026-04-19 09:56:24 | INFO | Episode 5822 - Reward: -200.000, Length: 200, Loss: 33.6634, Entropy: 1.0250, Epsilon: 0.010
2026-04-19 09:56:25 | INFO | Episode 5823 - Reward: -200.000, Length: 200, Loss: 16.6675, Entropy: 1.0912, Epsilon: 0.010
2026-04-19 09:56:25 | INFO | Episode 5824 - Reward: -200.000, Length: 200, Loss: 11.2473, Entropy: 1.0885, Epsilon: 0.010
2026-04-19 09:56:25 | INFO | Episode 5825 - Reward: -200.000, Length: 200, Loss: 5.5654, Entropy: 1.0941, Epsilon: 0.010
2026-04-19 09:56:26 | INFO | Episode 5826 - Reward: -200.000, Length: 200, Loss: 8.3185, Entropy: 1.0895, Epsilon: 0.010
2026-04-19 09:56:26 | INFO | Episode 5827 - Reward: -200.000, Length: 200, Loss: 16.7898, Entropy: 1.0789, Epsilon: 0.010
2026-04-19 09:56:26 | INFO | Episode 5828 - Reward: -200.000, Length: 200, Loss: 19.8500, Entropy: 1.0849, Epsilon: 0.010
2026-04-19 09:56:27 | INFO | Episode 5829 - Reward: -200.000, Length: 200, Loss: 14.5170, Entropy: 1.0858, Epsilon: 0.010
2026-04-19 09:56:27 | INFO | Episode 5830 - Reward: -200.000, Length: 200, Loss: 14.4415, Entropy: 1.0857, Epsilon: 0.010
2026-04-19 09:56:27 | INFO | Episode 5831 - Reward: -200.000, Length: 200, Loss: 14.3086, Entropy: 1.0870, Epsilon: 0.010
2026-04-19 09:56:28 | INFO | Episode 5832 - Reward: -200.000, Length: 200, Loss: 8.3532, Entropy: 1.0914, Epsilon: 0.010
2026-04-19 09:56:28 | INFO | Episode 5833 - Reward: -200.000, Length: 200, Loss: 11.4873, Entropy: 1.0904, Epsilon: 0.010
2026-04-19 09:56:28 | INFO | Episode 5834 - Reward: -200.000, Length: 200, Loss: 8.4856, Entropy: 1.0845, Epsilon: 0.010
2026-04-19 09:56:29 | INFO | Episode 5835 - Reward: -200.000, Length: 200, Loss: 8.4050, Entropy: 1.0935, Epsilon: 0.010
2026-04-19 09:56:29 | INFO | Episode 5836 - Reward: -200.000, Length: 200, Loss: 8.5556, Entropy: 1.0926, Epsilon: 0.010
2026-04-19 09:56:30 | INFO | Episode 5837 - Reward: -200.000, Length: 200, Loss: 5.6042, Entropy: 1.0907, Epsilon: 0.010
2026-04-19 09:56:30 | INFO | Episode 5838 - Reward: -200.000, Length: 200, Loss: 17.4359, Entropy: 1.0925, Epsilon: 0.010
2026-04-19 09:56:30 | INFO | Episode 5839 - Reward: -200.000, Length: 200, Loss: 14.4681, Entropy: 1.0927, Epsilon: 0.010
2026-04-19 09:56:31 | INFO | Episode 5840 - Reward: -200.000, Length: 200, Loss: 17.0543, Entropy: 1.0855, Epsilon: 0.010
2026-04-19 09:56:31 | INFO | Episode 5841 - Reward: -200.000, Length: 200, Loss: 14.4684, Entropy: 1.0895, Epsilon: 0.010
2026-04-19 09:56:31 | INFO | Episode 5842 - Reward: -200.000, Length: 200, Loss: 14.6757, Entropy: 1.0870, Epsilon: 0.010
2026-04-19 09:56:32 | INFO | Episode 5843 - Reward: -200.000, Length: 200, Loss: 23.4982, Entropy: 1.0709, Epsilon: 0.010
2026-04-19 09:56:32 | INFO | Episode 5844 - Reward: -200.000, Length: 200, Loss: 2.6379, Entropy: 1.0942, Epsilon: 0.010
2026-04-19 09:56:32 | INFO | Episode 5845 - Reward: -200.000, Length: 200, Loss: 17.7383, Entropy: 1.0864, Epsilon: 0.010
2026-04-19 09:56:33 | INFO | Episode 5846 - Reward: -200.000, Length: 200, Loss: 17.5743, Entropy: 1.0745, Epsilon: 0.010
2026-04-19 09:56:33 | INFO | Episode 5847 - Reward: -200.000, Length: 200, Loss: 11.5870, Entropy: 1.0881, Epsilon: 0.010
2026-04-19 09:56:33 | INFO | Episode 5848 - Reward: -200.000, Length: 200, Loss: 11.5752, Entropy: 1.0775, Epsilon: 0.010
2026-04-19 09:56:34 | INFO | Episode 5849 - Reward: -200.000, Length: 200, Loss: 17.9051, Entropy: 1.0785, Epsilon: 0.010
2026-04-19 09:56:34 | INFO | Episode 5850 - Reward: -200.000, Length: 200, Loss: 14.3739, Entropy: 1.0683, Epsilon: 0.010
2026-04-19 09:56:34 | INFO | Episode 5851 - Reward: -200.000, Length: 200, Loss: 17.4129, Entropy: 1.0707, Epsilon: 0.010
2026-04-19 09:56:35 | INFO | Episode 5852 - Reward: -200.000, Length: 200, Loss: 5.9891, Entropy: 1.0841, Epsilon: 0.010
2026-04-19 09:56:35 | INFO | Episode 5853 - Reward: -200.000, Length: 200, Loss: 23.7569, Entropy: 1.0773, Epsilon: 0.010
2026-04-19 09:56:36 | INFO | Episode 5854 - Reward: -200.000, Length: 200, Loss: 14.6866, Entropy: 1.0904, Epsilon: 0.010
2026-04-19 09:56:36 | INFO | Episode 5855 - Reward: -200.000, Length: 200, Loss: 11.4084, Entropy: 1.0822, Epsilon: 0.010
2026-04-19 09:56:36 | INFO | Episode 5856 - Reward: -200.000, Length: 200, Loss: 5.7938, Entropy: 1.0945, Epsilon: 0.010
2026-04-19 09:56:37 | INFO | Episode 5857 - Reward: -200.000, Length: 200, Loss: 20.3898, Entropy: 1.0605, Epsilon: 0.010
2026-04-19 09:56:37 | INFO | Episode 5858 - Reward: -200.000, Length: 200, Loss: 14.5763, Entropy: 1.0557, Epsilon: 0.010
2026-04-19 09:56:37 | INFO | Episode 5859 - Reward: -200.000, Length: 200, Loss: 8.4926, Entropy: 1.0873, Epsilon: 0.010
2026-04-19 09:56:38 | INFO | Episode 5860 - Reward: -200.000, Length: 200, Loss: 8.5309, Entropy: 1.0919, Epsilon: 0.010
2026-04-19 09:56:38 | INFO | Episode 5861 - Reward: -200.000, Length: 200, Loss: 11.3497, Entropy: 1.0872, Epsilon: 0.010
2026-04-19 09:56:38 | INFO | Episode 5862 - Reward: -200.000, Length: 200, Loss: 17.5441, Entropy: 1.0807, Epsilon: 0.010
2026-04-19 09:56:39 | INFO | Episode 5863 - Reward: -200.000, Length: 200, Loss: 5.6146, Entropy: 1.0900, Epsilon: 0.010
2026-04-19 09:56:39 | INFO | Episode 5864 - Reward: -200.000, Length: 200, Loss: 11.3936, Entropy: 1.0922, Epsilon: 0.010
2026-04-19 09:56:40 | INFO | Episode 5865 - Reward: -200.000, Length: 200, Loss: 22.5002, Entropy: 1.0931, Epsilon: 0.010
2026-04-19 09:56:40 | INFO | Episode 5866 - Reward: -200.000, Length: 200, Loss: 8.4084, Entropy: 1.0931, Epsilon: 0.010
2026-04-19 09:56:40 | INFO | Episode 5867 - Reward: -200.000, Length: 200, Loss: 28.6565, Entropy: 1.0702, Epsilon: 0.010
2026-04-19 09:56:41 | INFO | Episode 5868 - Reward: -200.000, Length: 200, Loss: 34.3512, Entropy: 1.0759, Epsilon: 0.010
2026-04-19 09:56:41 | INFO | Episode 5869 - Reward: -200.000, Length: 200, Loss: 16.8983, Entropy: 1.0814, Epsilon: 0.010
2026-04-19 09:56:41 | INFO | Episode 5870 - Reward: -200.000, Length: 200, Loss: 10.9733, Entropy: 1.0860, Epsilon: 0.010
2026-04-19 09:56:42 | INFO | Episode 5871 - Reward: -200.000, Length: 200, Loss: 11.3527, Entropy: 1.0793, Epsilon: 0.010
2026-04-19 09:56:42 | INFO | Episode 5872 - Reward: -200.000, Length: 200, Loss: 19.7003, Entropy: 1.0878, Epsilon: 0.010
2026-04-19 09:56:42 | INFO | Episode 5873 - Reward: -200.000, Length: 200, Loss: 17.1191, Entropy: 1.0852, Epsilon: 0.010
2026-04-19 09:56:43 | INFO | Episode 5874 - Reward: -200.000, Length: 200, Loss: 22.7354, Entropy: 1.0889, Epsilon: 0.010
2026-04-19 09:56:43 | INFO | Episode 5875 - Reward: -200.000, Length: 200, Loss: 11.6375, Entropy: 1.0915, Epsilon: 0.010
2026-04-19 09:56:43 | INFO | Episode 5876 - Reward: -200.000, Length: 200, Loss: 13.9913, Entropy: 1.0913, Epsilon: 0.010
2026-04-19 09:56:44 | INFO | Episode 5877 - Reward: -200.000, Length: 200, Loss: 14.0758, Entropy: 1.0908, Epsilon: 0.010
2026-04-19 09:56:44 | INFO | Episode 5878 - Reward: -200.000, Length: 200, Loss: 5.3869, Entropy: 1.0897, Epsilon: 0.010
2026-04-19 09:56:45 | INFO | Episode 5879 - Reward: -200.000, Length: 200, Loss: 22.7426, Entropy: 1.0891, Epsilon: 0.010
2026-04-19 09:56:45 | INFO | Episode 5880 - Reward: -200.000, Length: 200, Loss: 17.2619, Entropy: 1.0802, Epsilon: 0.010
2026-04-19 09:56:45 | INFO | Episode 5881 - Reward: -200.000, Length: 200, Loss: 8.3566, Entropy: 1.0732, Epsilon: 0.010
2026-04-19 09:56:46 | INFO | Episode 5882 - Reward: -200.000, Length: 200, Loss: 8.1030, Entropy: 1.0860, Epsilon: 0.010
2026-04-19 09:56:46 | INFO | Episode 5883 - Reward: -200.000, Length: 200, Loss: 19.6320, Entropy: 1.0804, Epsilon: 0.010
2026-04-19 09:56:46 | INFO | Episode 5884 - Reward: -200.000, Length: 200, Loss: 16.5785, Entropy: 1.0804, Epsilon: 0.010
2026-04-19 09:56:47 | INFO | Episode 5885 - Reward: -200.000, Length: 200, Loss: 5.4196, Entropy: 1.0922, Epsilon: 0.010
2026-04-19 09:56:47 | INFO | Episode 5886 - Reward: -200.000, Length: 200, Loss: 5.3677, Entropy: 1.0946, Epsilon: 0.010
2026-04-19 09:56:47 | INFO | Episode 5887 - Reward: -200.000, Length: 200, Loss: 19.6436, Entropy: 1.0899, Epsilon: 0.010
2026-04-19 09:56:48 | INFO | Episode 5888 - Reward: -200.000, Length: 200, Loss: 19.4542, Entropy: 1.0883, Epsilon: 0.010
2026-04-19 09:56:48 | INFO | Episode 5889 - Reward: -200.000, Length: 200, Loss: 23.9822, Entropy: 1.0697, Epsilon: 0.010
2026-04-19 09:56:48 | INFO | Episode 5890 - Reward: -200.000, Length: 200, Loss: 2.5326, Entropy: 1.0892, Epsilon: 0.010
2026-04-19 09:56:49 | INFO | Episode 5891 - Reward: -200.000, Length: 200, Loss: 13.5028, Entropy: 1.0902, Epsilon: 0.010
2026-04-19 09:56:49 | INFO | Episode 5892 - Reward: -200.000, Length: 200, Loss: 21.2897, Entropy: 1.0878, Epsilon: 0.010
2026-04-19 09:56:49 | INFO | Episode 5893 - Reward: -200.000, Length: 200, Loss: 8.2643, Entropy: 1.0905, Epsilon: 0.010
2026-04-19 09:56:50 | INFO | Episode 5894 - Reward: -200.000, Length: 200, Loss: 16.4538, Entropy: 1.0870, Epsilon: 0.010
2026-04-19 09:56:50 | INFO | Episode 5895 - Reward: -200.000, Length: 200, Loss: 10.8407, Entropy: 1.0881, Epsilon: 0.010
2026-04-19 09:56:51 | INFO | Episode 5896 - Reward: -200.000, Length: 200, Loss: 13.3416, Entropy: 1.0789, Epsilon: 0.010
2026-04-19 09:56:51 | INFO | Episode 5897 - Reward: -200.000, Length: 200, Loss: 22.2123, Entropy: 1.0844, Epsilon: 0.010
2026-04-19 09:56:51 | INFO | Episode 5898 - Reward: -200.000, Length: 200, Loss: 24.4430, Entropy: 1.0894, Epsilon: 0.010
2026-04-19 09:56:52 | INFO | Episode 5899 - Reward: -200.000, Length: 200, Loss: 21.3655, Entropy: 1.0761, Epsilon: 0.010
2026-04-19 09:56:52 | INFO | Episode 5900 - Reward: -200.000, Length: 200, Loss: 13.2620, Entropy: 1.0875, Epsilon: 0.010
2026-04-19 09:56:57 | INFO | [Episode 5900] eps=0.010  avg_reward=-200.000  avg_length=200.00  avg_loss= 14.3207  avg_entropy=1.0875  eval_success=0.000
2026-04-19 09:56:57 | INFO | Episode 5901 - Reward: -200.000, Length: 200, Loss: 13.5789, Entropy: 1.0876, Epsilon: 0.010
2026-04-19 09:56:58 | INFO | Episode 5902 - Reward: -200.000, Length: 200, Loss: 2.5545, Entropy: 1.0952, Epsilon: 0.010
2026-04-19 09:56:58 | INFO | Episode 5903 - Reward: -200.000, Length: 200, Loss: 13.5662, Entropy: 1.0844, Epsilon: 0.010
2026-04-19 09:56:58 | INFO | Episode 5904 - Reward: -200.000, Length: 200, Loss: 7.8930, Entropy: 1.0798, Epsilon: 0.010
2026-04-19 09:56:59 | INFO | Episode 5905 - Reward: -200.000, Length: 200, Loss: 18.7897, Entropy: 1.0666, Epsilon: 0.010
2026-04-19 09:56:59 | INFO | Episode 5906 - Reward: -200.000, Length: 200, Loss: 7.8126, Entropy: 1.0954, Epsilon: 0.010
2026-04-19 09:56:59 | INFO | Episode 5907 - Reward: -200.000, Length: 200, Loss: 7.8997, Entropy: 1.0944, Epsilon: 0.010
2026-04-19 09:57:00 | INFO | Episode 5908 - Reward: -200.000, Length: 200, Loss: 8.0868, Entropy: 1.0922, Epsilon: 0.010
2026-04-19 09:57:00 | INFO | Episode 5909 - Reward: -200.000, Length: 200, Loss: 16.4731, Entropy: 1.0850, Epsilon: 0.010
2026-04-19 09:57:00 | INFO | Episode 5910 - Reward: -200.000, Length: 200, Loss: 16.1923, Entropy: 1.0815, Epsilon: 0.010
2026-04-19 09:57:01 | INFO | Episode 5911 - Reward: -200.000, Length: 200, Loss: 5.3725, Entropy: 1.0921, Epsilon: 0.010
2026-04-19 09:57:01 | INFO | Episode 5912 - Reward: -200.000, Length: 200, Loss: 13.3070, Entropy: 1.0813, Epsilon: 0.010
2026-04-19 09:57:01 | INFO | Episode 5913 - Reward: -200.000, Length: 200, Loss: 21.6711, Entropy: 1.0891, Epsilon: 0.010
2026-04-19 09:57:02 | INFO | Episode 5914 - Reward: -200.000, Length: 200, Loss: 13.0332, Entropy: 1.0820, Epsilon: 0.010
2026-04-19 09:57:02 | INFO | Episode 5915 - Reward: -200.000, Length: 200, Loss: 5.1771, Entropy: 1.0902, Epsilon: 0.010
2026-04-19 09:57:02 | INFO | Episode 5916 - Reward: -200.000, Length: 200, Loss: 10.5466, Entropy: 1.0813, Epsilon: 0.010
2026-04-19 09:57:03 | INFO | Episode 5917 - Reward: -200.000, Length: 200, Loss: 10.4398, Entropy: 1.0830, Epsilon: 0.010
2026-04-19 09:57:03 | INFO | Episode 5918 - Reward: -200.000, Length: 200, Loss: 15.9684, Entropy: 1.0846, Epsilon: 0.010
2026-04-19 09:57:04 | INFO | Episode 5919 - Reward: -200.000, Length: 200, Loss: 23.3740, Entropy: 1.0876, Epsilon: 0.010
2026-04-19 09:57:04 | INFO | Episode 5920 - Reward: -200.000, Length: 200, Loss: 13.2189, Entropy: 1.0703, Epsilon: 0.010
2026-04-19 09:57:04 | INFO | Episode 5921 - Reward: -200.000, Length: 200, Loss: 5.1548, Entropy: 1.0917, Epsilon: 0.010
2026-04-19 09:57:05 | INFO | Episode 5922 - Reward: -200.000, Length: 200, Loss: 13.4201, Entropy: 1.0893, Epsilon: 0.010
2026-04-19 09:57:05 | INFO | Episode 5923 - Reward: -200.000, Length: 200, Loss: 2.5579, Entropy: 1.0909, Epsilon: 0.010
2026-04-19 09:57:05 | INFO | Episode 5924 - Reward: -200.000, Length: 200, Loss: 13.5182, Entropy: 1.0851, Epsilon: 0.010
2026-04-19 09:57:06 | INFO | Episode 5925 - Reward: -200.000, Length: 200, Loss: 21.5332, Entropy: 1.0406, Epsilon: 0.010
2026-04-19 09:57:06 | INFO | Episode 5926 - Reward: -200.000, Length: 200, Loss: 10.4869, Entropy: 1.0794, Epsilon: 0.010
2026-04-19 09:57:06 | INFO | Episode 5927 - Reward: -200.000, Length: 200, Loss: 26.4227, Entropy: 1.0743, Epsilon: 0.010
2026-04-19 09:57:07 | INFO | Episode 5928 - Reward: -200.000, Length: 200, Loss: 18.5860, Entropy: 1.0819, Epsilon: 0.010
2026-04-19 09:57:07 | INFO | Episode 5929 - Reward: -200.000, Length: 200, Loss: 21.3454, Entropy: 1.0876, Epsilon: 0.010
2026-04-19 09:57:07 | INFO | Episode 5930 - Reward: -200.000, Length: 200, Loss: 2.6111, Entropy: 1.0942, Epsilon: 0.010
2026-04-19 09:57:08 | INFO | Episode 5931 - Reward: -200.000, Length: 200, Loss: 10.9117, Entropy: 1.0812, Epsilon: 0.010
2026-04-19 09:57:08 | INFO | Episode 5932 - Reward: -200.000, Length: 200, Loss: 21.4059, Entropy: 1.0861, Epsilon: 0.010
2026-04-19 09:57:09 | INFO | Episode 5933 - Reward: -200.000, Length: 200, Loss: 5.2162, Entropy: 1.0828, Epsilon: 0.010
2026-04-19 09:57:09 | INFO | Episode 5934 - Reward: -200.000, Length: 200, Loss: 2.4538, Entropy: 1.0953, Epsilon: 0.010
2026-04-19 09:57:09 | INFO | Episode 5935 - Reward: -200.000, Length: 200, Loss: 8.1791, Entropy: 1.0923, Epsilon: 0.010
2026-04-19 09:57:10 | INFO | Episode 5936 - Reward: -200.000, Length: 200, Loss: 2.6205, Entropy: 1.0951, Epsilon: 0.010
2026-04-19 09:57:10 | INFO | Episode 5937 - Reward: -200.000, Length: 200, Loss: 14.0157, Entropy: 1.0814, Epsilon: 0.010
2026-04-19 09:57:10 | INFO | Episode 5938 - Reward: -200.000, Length: 200, Loss: 10.9774, Entropy: 1.0858, Epsilon: 0.010
2026-04-19 09:57:11 | INFO | Episode 5939 - Reward: -200.000, Length: 200, Loss: 5.2378, Entropy: 1.0927, Epsilon: 0.010
2026-04-19 09:57:11 | INFO | Episode 5940 - Reward: -200.000, Length: 200, Loss: 13.5064, Entropy: 1.0933, Epsilon: 0.010
2026-04-19 09:57:11 | INFO | Episode 5941 - Reward: -200.000, Length: 200, Loss: 19.5445, Entropy: 1.0844, Epsilon: 0.010
2026-04-19 09:57:12 | INFO | Episode 5942 - Reward: -200.000, Length: 200, Loss: 2.5392, Entropy: 1.0945, Epsilon: 0.010
2026-04-19 09:57:12 | INFO | Episode 5943 - Reward: -200.000, Length: 200, Loss: 11.2047, Entropy: 1.0928, Epsilon: 0.010
2026-04-19 09:57:13 | INFO | Episode 5944 - Reward: -200.000, Length: 200, Loss: 13.8740, Entropy: 1.0803, Epsilon: 0.010
2026-04-19 09:57:13 | INFO | Episode 5945 - Reward: -200.000, Length: 200, Loss: 22.0143, Entropy: 1.0899, Epsilon: 0.010
2026-04-19 09:57:13 | INFO | Episode 5946 - Reward: -200.000, Length: 200, Loss: 19.8392, Entropy: 1.0821, Epsilon: 0.010
2026-04-19 09:57:14 | INFO | Episode 5947 - Reward: -200.000, Length: 200, Loss: 13.8696, Entropy: 1.0820, Epsilon: 0.010
2026-04-19 09:57:14 | INFO | Episode 5948 - Reward: -200.000, Length: 200, Loss: 22.0916, Entropy: 1.0536, Epsilon: 0.010
2026-04-19 09:57:14 | INFO | Episode 5949 - Reward: -200.000, Length: 200, Loss: 19.1050, Entropy: 1.0828, Epsilon: 0.010
2026-04-19 09:57:15 | INFO | Episode 5950 - Reward: -200.000, Length: 200, Loss: 19.0838, Entropy: 1.0708, Epsilon: 0.010
2026-04-19 09:57:15 | INFO | Episode 5951 - Reward: -200.000, Length: 200, Loss: 16.0195, Entropy: 1.0871, Epsilon: 0.010
2026-04-19 09:57:15 | INFO | Episode 5952 - Reward: -200.000, Length: 200, Loss: 18.8796, Entropy: 1.0879, Epsilon: 0.010
2026-04-19 09:57:16 | INFO | Episode 5953 - Reward: -200.000, Length: 200, Loss: 21.6848, Entropy: 1.0808, Epsilon: 0.010
2026-04-19 09:57:16 | INFO | Episode 5954 - Reward: -200.000, Length: 200, Loss: 18.8339, Entropy: 1.0915, Epsilon: 0.010
2026-04-19 09:57:16 | INFO | Episode 5955 - Reward: -200.000, Length: 200, Loss: 2.3860, Entropy: 1.0930, Epsilon: 0.010
2026-04-19 09:57:17 | INFO | Episode 5956 - Reward: -200.000, Length: 200, Loss: 19.2128, Entropy: 1.0679, Epsilon: 0.010
2026-04-19 09:57:17 | INFO | Episode 5957 - Reward: -200.000, Length: 200, Loss: 21.6386, Entropy: 1.0731, Epsilon: 0.010
2026-04-19 09:57:18 | INFO | Episode 5958 - Reward: -200.000, Length: 200, Loss: 5.4615, Entropy: 1.0949, Epsilon: 0.010
2026-04-19 09:57:18 | INFO | Episode 5959 - Reward: -200.000, Length: 200, Loss: 10.9868, Entropy: 1.0812, Epsilon: 0.010
2026-04-19 09:57:18 | INFO | Episode 5960 - Reward: -200.000, Length: 200, Loss: 10.7503, Entropy: 1.0909, Epsilon: 0.010
2026-04-19 09:57:19 | INFO | Episode 5961 - Reward: -200.000, Length: 200, Loss: 16.5921, Entropy: 1.0895, Epsilon: 0.010
2026-04-19 09:57:19 | INFO | Episode 5962 - Reward: -200.000, Length: 200, Loss: 8.4688, Entropy: 1.0898, Epsilon: 0.010
2026-04-19 09:57:19 | INFO | Episode 5963 - Reward: -200.000, Length: 200, Loss: 7.9594, Entropy: 1.0852, Epsilon: 0.010
2026-04-19 09:57:20 | INFO | Episode 5964 - Reward: -200.000, Length: 200, Loss: 22.2470, Entropy: 1.0870, Epsilon: 0.010
2026-04-19 09:57:20 | INFO | Episode 5965 - Reward: -200.000, Length: 200, Loss: 16.4737, Entropy: 1.0867, Epsilon: 0.010
2026-04-19 09:57:20 | INFO | Episode 5966 - Reward: -200.000, Length: 200, Loss: 19.1171, Entropy: 1.0875, Epsilon: 0.010
2026-04-19 09:57:21 | INFO | Episode 5967 - Reward: -200.000, Length: 200, Loss: 8.1969, Entropy: 1.0905, Epsilon: 0.010
2026-04-19 09:57:21 | INFO | Episode 5968 - Reward: -200.000, Length: 200, Loss: 13.4975, Entropy: 1.0936, Epsilon: 0.010
2026-04-19 09:57:21 | INFO | Episode 5969 - Reward: -200.000, Length: 200, Loss: -0.1933, Entropy: 1.0962, Epsilon: 0.010
2026-04-19 09:57:22 | INFO | Episode 5970 - Reward: -200.000, Length: 200, Loss: 10.9901, Entropy: 1.0825, Epsilon: 0.010
2026-04-19 09:57:22 | INFO | Episode 5971 - Reward: -200.000, Length: 200, Loss: 24.7228, Entropy: 1.0832, Epsilon: 0.010
2026-04-19 09:57:22 | INFO | Episode 5972 - Reward: -200.000, Length: 200, Loss: 2.6717, Entropy: 1.0939, Epsilon: 0.010
2026-04-19 09:57:23 | INFO | Episode 5973 - Reward: -200.000, Length: 200, Loss: 21.7669, Entropy: 1.0851, Epsilon: 0.010
2026-04-19 09:57:23 | INFO | Episode 5974 - Reward: -200.000, Length: 200, Loss: 16.4211, Entropy: 1.0851, Epsilon: 0.010
2026-04-19 09:57:24 | INFO | Episode 5975 - Reward: -200.000, Length: 200, Loss: 16.7324, Entropy: 1.0822, Epsilon: 0.010
2026-04-19 09:57:24 | INFO | Episode 5976 - Reward: -200.000, Length: 200, Loss: 13.7602, Entropy: 1.0832, Epsilon: 0.010
2026-04-19 09:57:24 | INFO | Episode 5977 - Reward: -200.000, Length: 200, Loss: 16.3257, Entropy: 1.0923, Epsilon: 0.010
2026-04-19 09:57:25 | INFO | Episode 5978 - Reward: -200.000, Length: 200, Loss: 13.8111, Entropy: 1.0915, Epsilon: 0.010
2026-04-19 09:57:25 | INFO | Episode 5979 - Reward: -200.000, Length: 200, Loss: 8.3191, Entropy: 1.0918, Epsilon: 0.010
2026-04-19 09:57:25 | INFO | Episode 5980 - Reward: -200.000, Length: 200, Loss: 19.6960, Entropy: 1.0872, Epsilon: 0.010
2026-04-19 09:57:26 | INFO | Episode 5981 - Reward: -200.000, Length: 200, Loss: 17.1328, Entropy: 1.0863, Epsilon: 0.010
2026-04-19 09:57:26 | INFO | Episode 5982 - Reward: -200.000, Length: 200, Loss: 8.5896, Entropy: 1.0919, Epsilon: 0.010
2026-04-19 09:57:26 | INFO | Episode 5983 - Reward: -200.000, Length: 200, Loss: 22.9482, Entropy: 1.0900, Epsilon: 0.010
2026-04-19 09:57:27 | INFO | Episode 5984 - Reward: -200.000, Length: 200, Loss: 22.5644, Entropy: 1.0844, Epsilon: 0.010
2026-04-19 09:57:27 | INFO | Episode 5985 - Reward: -200.000, Length: 200, Loss: 11.3535, Entropy: 1.0902, Epsilon: 0.010
2026-04-19 09:57:27 | INFO | Episode 5986 - Reward: -200.000, Length: 200, Loss: 8.2450, Entropy: 1.0916, Epsilon: 0.010
2026-04-19 09:57:28 | INFO | Episode 5987 - Reward: -200.000, Length: 200, Loss: 19.6292, Entropy: 1.0843, Epsilon: 0.010
2026-04-19 09:57:28 | INFO | Episode 5988 - Reward: -200.000, Length: 200, Loss: 19.8894, Entropy: 1.0801, Epsilon: 0.010
2026-04-19 09:57:28 | INFO | Episode 5989 - Reward: -200.000, Length: 200, Loss: 10.9340, Entropy: 1.0873, Epsilon: 0.010
2026-04-19 09:57:29 | INFO | Episode 5990 - Reward: -200.000, Length: 200, Loss: 5.5006, Entropy: 1.0847, Epsilon: 0.010
2026-04-19 09:57:29 | INFO | Episode 5991 - Reward: -200.000, Length: 200, Loss: 13.9510, Entropy: 1.0946, Epsilon: 0.010
2026-04-19 09:57:30 | INFO | Episode 5992 - Reward: -200.000, Length: 200, Loss: 19.6235, Entropy: 1.0817, Epsilon: 0.010
2026-04-19 09:57:30 | INFO | Episode 5993 - Reward: -200.000, Length: 200, Loss: 11.0510, Entropy: 1.0850, Epsilon: 0.010
2026-04-19 09:57:30 | INFO | Episode 5994 - Reward: -200.000, Length: 200, Loss: 22.7608, Entropy: 1.0808, Epsilon: 0.010
2026-04-19 09:57:31 | INFO | Episode 5995 - Reward: -200.000, Length: 200, Loss: 22.6222, Entropy: 1.0866, Epsilon: 0.010
2026-04-19 09:57:31 | INFO | Episode 5996 - Reward: -200.000, Length: 200, Loss: 19.2799, Entropy: 1.0845, Epsilon: 0.010
2026-04-19 09:57:31 | INFO | Episode 5997 - Reward: -200.000, Length: 200, Loss: 22.0586, Entropy: 1.0876, Epsilon: 0.010
2026-04-19 09:57:32 | INFO | Episode 5998 - Reward: -200.000, Length: 200, Loss: 2.6299, Entropy: 1.0915, Epsilon: 0.010
2026-04-19 09:57:32 | INFO | Episode 5999 - Reward: -200.000, Length: 200, Loss: 2.5840, Entropy: 1.0950, Epsilon: 0.010
2026-04-19 09:57:32 | INFO | Episode 6000 - Reward: -200.000, Length: 200, Loss: 11.3905, Entropy: 1.0887, Epsilon: 0.010
2026-04-19 09:57:37 | INFO | [Episode 6000] eps=0.010  avg_reward=-200.000  avg_length=200.00  avg_loss= 13.5645  avg_entropy=1.0887  eval_success=0.000
2026-04-19 09:57:38 | INFO | Episode 6001 - Reward: -200.000, Length: 200, Loss: 31.1105, Entropy: 1.0898, Epsilon: 0.010
2026-04-19 09:57:38 | INFO | Episode 6002 - Reward: -200.000, Length: 200, Loss: 8.5909, Entropy: 1.0936, Epsilon: 0.010
2026-04-19 09:57:38 | INFO | Episode 6003 - Reward: -200.000, Length: 200, Loss: 17.2643, Entropy: 1.0797, Epsilon: 0.010
2026-04-19 09:57:39 | INFO | Episode 6004 - Reward: -200.000, Length: 200, Loss: 8.3873, Entropy: 1.0910, Epsilon: 0.010
2026-04-19 09:57:39 | INFO | Episode 6005 - Reward: -200.000, Length: 200, Loss: 25.7783, Entropy: 1.0879, Epsilon: 0.010
2026-04-19 09:57:39 | INFO | Episode 6006 - Reward: -200.000, Length: 200, Loss: 28.4236, Entropy: 1.0799, Epsilon: 0.010
2026-04-19 09:57:40 | INFO | Episode 6007 - Reward: -200.000, Length: 200, Loss: 11.4387, Entropy: 1.0904, Epsilon: 0.010
2026-04-19 09:57:40 | INFO | Episode 6008 - Reward: -200.000, Length: 200, Loss: 17.0199, Entropy: 1.0840, Epsilon: 0.010
2026-04-19 09:57:41 | INFO | Episode 6009 - Reward: -200.000, Length: 200, Loss: 19.6117, Entropy: 1.0927, Epsilon: 0.010
2026-04-19 09:57:41 | INFO | Episode 6010 - Reward: -200.000, Length: 200, Loss: 19.5838, Entropy: 1.0774, Epsilon: 0.010
2026-04-19 09:57:41 | INFO | Episode 6011 - Reward: -200.000, Length: 200, Loss: 11.1293, Entropy: 1.0753, Epsilon: 0.010
2026-04-19 09:57:42 | INFO | Episode 6012 - Reward: -200.000, Length: 200, Loss: 5.4977, Entropy: 1.0783, Epsilon: 0.010
2026-04-19 09:57:42 | INFO | Episode 6013 - Reward: -200.000, Length: 200, Loss: 5.3977, Entropy: 1.0917, Epsilon: 0.010
2026-04-19 09:57:42 | INFO | Episode 6014 - Reward: -200.000, Length: 200, Loss: 20.0288, Entropy: 1.0840, Epsilon: 0.010
2026-04-19 09:57:43 | INFO | Episode 6015 - Reward: -200.000, Length: 200, Loss: 14.1776, Entropy: 1.0896, Epsilon: 0.010
2026-04-19 09:57:43 | INFO | Episode 6016 - Reward: -200.000, Length: 200, Loss: 8.6593, Entropy: 1.0924, Epsilon: 0.010
2026-04-19 09:57:43 | INFO | Episode 6017 - Reward: -200.000, Length: 200, Loss: 14.2309, Entropy: 1.0763, Epsilon: 0.010
2026-04-19 09:57:44 | INFO | Episode 6018 - Reward: -200.000, Length: 200, Loss: 8.6388, Entropy: 1.0924, Epsilon: 0.010
2026-04-19 09:57:44 | INFO | Episode 6019 - Reward: -200.000, Length: 200, Loss: 17.3796, Entropy: 1.0839, Epsilon: 0.010
2026-04-19 09:57:44 | INFO | Episode 6020 - Reward: -200.000, Length: 200, Loss: 14.7731, Entropy: 1.0935, Epsilon: 0.010
2026-04-19 09:57:45 | INFO | Episode 6021 - Reward: -200.000, Length: 200, Loss: 17.9193, Entropy: 1.0784, Epsilon: 0.010
2026-04-19 09:57:45 | INFO | Episode 6022 - Reward: -200.000, Length: 200, Loss: 11.8338, Entropy: 1.0916, Epsilon: 0.010
2026-04-19 09:57:46 | INFO | Episode 6023 - Reward: -200.000, Length: 200, Loss: 8.9763, Entropy: 1.0865, Epsilon: 0.010
2026-04-19 09:57:46 | INFO | Episode 6024 - Reward: -200.000, Length: 200, Loss: 8.8615, Entropy: 1.0914, Epsilon: 0.010
2026-04-19 09:57:46 | INFO | Episode 6025 - Reward: -200.000, Length: 200, Loss: 14.9483, Entropy: 1.0849, Epsilon: 0.010
2026-04-19 09:57:47 | INFO | Episode 6026 - Reward: -200.000, Length: 200, Loss: 12.0742, Entropy: 1.0853, Epsilon: 0.010
2026-04-19 09:57:47 | INFO | Episode 6027 - Reward: -200.000, Length: 200, Loss: 18.2754, Entropy: 1.0716, Epsilon: 0.010
2026-04-19 09:57:47 | INFO | Episode 6028 - Reward: -200.000, Length: 200, Loss: 12.2870, Entropy: 1.0818, Epsilon: 0.010
2026-04-19 09:57:48 | INFO | Episode 6029 - Reward: -200.000, Length: 200, Loss: 2.8579, Entropy: 1.0957, Epsilon: 0.010
2026-04-19 09:57:48 | INFO | Episode 6030 - Reward: -200.000, Length: 200, Loss: 5.9378, Entropy: 1.0802, Epsilon: 0.010
2026-04-19 09:57:48 | INFO | Episode 6031 - Reward: -200.000, Length: 200, Loss: 18.3488, Entropy: 1.0689, Epsilon: 0.010
2026-04-19 09:57:49 | INFO | Episode 6032 - Reward: -200.000, Length: 200, Loss: 12.6295, Entropy: 1.0892, Epsilon: 0.010
2026-04-19 09:57:49 | INFO | Episode 6033 - Reward: -200.000, Length: 200, Loss: 21.7942, Entropy: 1.0849, Epsilon: 0.010
2026-04-19 09:57:50 | INFO | Episode 6034 - Reward: -200.000, Length: 200, Loss: 21.7790, Entropy: 1.0644, Epsilon: 0.010
2026-04-19 09:57:50 | INFO | Episode 6035 - Reward: -200.000, Length: 200, Loss: 15.6265, Entropy: 1.0747, Epsilon: 0.010
2026-04-19 09:57:50 | INFO | Episode 6036 - Reward: -200.000, Length: 200, Loss: 12.6087, Entropy: 1.0777, Epsilon: 0.010
2026-04-19 09:57:51 | INFO | Episode 6037 - Reward: -200.000, Length: 200, Loss: 6.0455, Entropy: 1.0920, Epsilon: 0.010
2026-04-19 09:57:51 | INFO | Episode 6038 - Reward: -200.000, Length: 200, Loss: 18.9668, Entropy: 1.0806, Epsilon: 0.010
2026-04-19 09:57:51 | INFO | Episode 6039 - Reward: -200.000, Length: 200, Loss: 21.9852, Entropy: 1.0678, Epsilon: 0.010
2026-04-19 09:57:52 | INFO | Episode 6040 - Reward: -200.000, Length: 200, Loss: 15.4658, Entropy: 1.0630, Epsilon: 0.010
2026-04-19 09:57:52 | INFO | Episode 6041 - Reward: -200.000, Length: 200, Loss: 15.4695, Entropy: 1.0773, Epsilon: 0.010
2026-04-19 09:57:52 | INFO | Episode 6042 - Reward: -200.000, Length: 200, Loss: 12.4326, Entropy: 1.0884, Epsilon: 0.010
2026-04-19 09:57:53 | INFO | Episode 6043 - Reward: -200.000, Length: 200, Loss: 9.1835, Entropy: 1.0903, Epsilon: 0.010
2026-04-19 09:57:53 | INFO | Episode 6044 - Reward: -200.000, Length: 200, Loss: 15.8489, Entropy: 1.0834, Epsilon: 0.010
2026-04-19 09:57:53 | INFO | Episode 6045 - Reward: -200.000, Length: 200, Loss: 9.5935, Entropy: 1.0845, Epsilon: 0.010
2026-04-19 09:57:54 | INFO | Episode 6046 - Reward: -200.000, Length: 200, Loss: 22.6552, Entropy: 1.0610, Epsilon: 0.010
2026-04-19 09:57:54 | INFO | Episode 6047 - Reward: -200.000, Length: 200, Loss: 25.6997, Entropy: 1.0637, Epsilon: 0.010
2026-04-19 09:57:54 | INFO | Episode 6048 - Reward: -200.000, Length: 200, Loss: 9.5275, Entropy: 1.0906, Epsilon: 0.010
2026-04-19 09:57:55 | INFO | Episode 6049 - Reward: -200.000, Length: 200, Loss: 9.6834, Entropy: 1.0931, Epsilon: 0.010
2026-04-19 09:57:55 | INFO | Episode 6050 - Reward: -200.000, Length: 200, Loss: 19.4761, Entropy: 1.0602, Epsilon: 0.010
2026-04-19 09:57:56 | INFO | Episode 6051 - Reward: -200.000, Length: 200, Loss: 9.6481, Entropy: 1.0709, Epsilon: 0.010
2026-04-19 09:57:56 | INFO | Episode 6052 - Reward: -200.000, Length: 200, Loss: 19.2228, Entropy: 1.0859, Epsilon: 0.010
2026-04-19 09:57:56 | INFO | Episode 6053 - Reward: -200.000, Length: 200, Loss: 6.2487, Entropy: 1.0823, Epsilon: 0.010
2026-04-19 09:57:57 | INFO | Episode 6054 - Reward: -200.000, Length: 200, Loss: 19.1559, Entropy: 1.0487, Epsilon: 0.010
2026-04-19 09:57:57 | INFO | Episode 6055 - Reward: -200.000, Length: 200, Loss: 13.0430, Entropy: 1.0906, Epsilon: 0.010
2026-04-19 09:57:57 | INFO | Episode 6056 - Reward: -200.000, Length: 200, Loss: 9.4819, Entropy: 1.0880, Epsilon: 0.010
2026-04-19 09:57:58 | INFO | Episode 6057 - Reward: -200.000, Length: 200, Loss: 19.1581, Entropy: 1.0805, Epsilon: 0.010
2026-04-19 09:57:58 | INFO | Episode 6058 - Reward: -200.000, Length: 200, Loss: 15.6965, Entropy: 1.0739, Epsilon: 0.010
2026-04-19 09:57:58 | INFO | Episode 6059 - Reward: -200.000, Length: 200, Loss: 25.6409, Entropy: 1.0362, Epsilon: 0.010
2026-04-19 09:57:59 | INFO | Episode 6060 - Reward: -200.000, Length: 200, Loss: 15.9335, Entropy: 1.0699, Epsilon: 0.010
2026-04-19 09:57:59 | INFO | Episode 6061 - Reward: -200.000, Length: 200, Loss: 13.0483, Entropy: 1.0824, Epsilon: 0.010
2026-04-19 09:57:59 | INFO | Episode 6062 - Reward: -200.000, Length: 200, Loss: 12.8843, Entropy: 1.0811, Epsilon: 0.010
2026-04-19 09:58:00 | INFO | Episode 6063 - Reward: -200.000, Length: 200, Loss: 13.1803, Entropy: 1.0882, Epsilon: 0.010
2026-04-19 09:58:00 | INFO | Episode 6064 - Reward: -200.000, Length: 200, Loss: 19.5481, Entropy: 1.0694, Epsilon: 0.010
2026-04-19 09:58:00 | INFO | Episode 6065 - Reward: -200.000, Length: 200, Loss: 26.4143, Entropy: 1.0575, Epsilon: 0.010
2026-04-19 09:58:01 | INFO | Episode 6066 - Reward: -200.000, Length: 200, Loss: 10.0715, Entropy: 1.0659, Epsilon: 0.010
2026-04-19 09:58:01 | INFO | Episode 6067 - Reward: -200.000, Length: 200, Loss: 6.5761, Entropy: 1.0895, Epsilon: 0.010
2026-04-19 09:58:02 | INFO | Episode 6068 - Reward: -200.000, Length: 200, Loss: 16.5715, Entropy: 1.0726, Epsilon: 0.010
2026-04-19 09:58:02 | INFO | Episode 6069 - Reward: -200.000, Length: 200, Loss: 9.9107, Entropy: 1.0803, Epsilon: 0.010
2026-04-19 09:58:02 | INFO | Episode 6070 - Reward: -200.000, Length: 200, Loss: 16.7037, Entropy: 1.0817, Epsilon: 0.010
2026-04-19 09:58:03 | INFO | Episode 6071 - Reward: -200.000, Length: 200, Loss: 19.8550, Entropy: 1.0787, Epsilon: 0.010
2026-04-19 09:58:03 | INFO | Episode 6072 - Reward: -200.000, Length: 200, Loss: 6.7097, Entropy: 1.0813, Epsilon: 0.010
2026-04-19 09:58:03 | INFO | Episode 6073 - Reward: -200.000, Length: 200, Loss: 19.7156, Entropy: 1.0661, Epsilon: 0.010
2026-04-19 09:58:04 | INFO | Episode 6074 - Reward: -200.000, Length: 200, Loss: 22.6090, Entropy: 1.0415, Epsilon: 0.010
2026-04-19 09:58:04 | INFO | Episode 6075 - Reward: -200.000, Length: 200, Loss: 12.5332, Entropy: 1.0758, Epsilon: 0.010
2026-04-19 09:58:04 | INFO | Episode 6076 - Reward: -200.000, Length: 200, Loss: 9.5361, Entropy: 1.0924, Epsilon: 0.010
2026-04-19 09:58:05 | INFO | Episode 6077 - Reward: -200.000, Length: 200, Loss: 19.4222, Entropy: 1.0913, Epsilon: 0.010
2026-04-19 09:58:05 | INFO | Episode 6078 - Reward: -200.000, Length: 200, Loss: 19.0053, Entropy: 1.0799, Epsilon: 0.010
2026-04-19 09:58:07 | INFO | Episode 6079 - Reward: -200.000, Length: 200, Loss: 12.7742, Entropy: 1.0896, Epsilon: 0.010
2026-04-19 09:58:08 | INFO | Episode 6080 - Reward: -200.000, Length: 200, Loss: -0.2153, Entropy: 1.0972, Epsilon: 0.010
2026-04-19 09:58:08 | INFO | Episode 6081 - Reward: -200.000, Length: 200, Loss: 15.8737, Entropy: 1.0833, Epsilon: 0.010
2026-04-19 09:58:08 | INFO | Episode 6082 - Reward: -200.000, Length: 200, Loss: 12.6290, Entropy: 1.0910, Epsilon: 0.010
2026-04-19 09:58:09 | INFO | Episode 6083 - Reward: -200.000, Length: 200, Loss: 16.3621, Entropy: 1.0760, Epsilon: 0.010
2026-04-19 09:58:09 | INFO | Episode 6084 - Reward: -200.000, Length: 200, Loss: 12.8394, Entropy: 1.0807, Epsilon: 0.010
2026-04-19 09:58:09 | INFO | Episode 6085 - Reward: -200.000, Length: 200, Loss: 22.5508, Entropy: 1.0787, Epsilon: 0.010
2026-04-19 09:58:10 | INFO | Episode 6086 - Reward: -200.000, Length: 200, Loss: 19.0196, Entropy: 1.0695, Epsilon: 0.010
2026-04-19 09:58:10 | INFO | Episode 6087 - Reward: -200.000, Length: 200, Loss: 16.4676, Entropy: 1.0848, Epsilon: 0.010
2026-04-19 09:58:10 | INFO | Episode 6088 - Reward: -200.000, Length: 200, Loss: 13.0802, Entropy: 1.0901, Epsilon: 0.010
2026-04-19 09:58:11 | INFO | Episode 6089 - Reward: -200.000, Length: 200, Loss: 16.3585, Entropy: 1.0645, Epsilon: 0.010
2026-04-19 09:58:11 | INFO | Episode 6090 - Reward: -200.000, Length: 200, Loss: 23.0865, Entropy: 1.0612, Epsilon: 0.010
2026-04-19 09:58:12 | INFO | Episode 6091 - Reward: -200.000, Length: 200, Loss: 13.1290, Entropy: 1.0797, Epsilon: 0.010
2026-04-19 09:58:12 | INFO | Episode 6092 - Reward: -200.000, Length: 200, Loss: 22.8147, Entropy: 1.0859, Epsilon: 0.010
2026-04-19 09:58:12 | INFO | Episode 6093 - Reward: -200.000, Length: 200, Loss: 23.0458, Entropy: 1.0643, Epsilon: 0.010
2026-04-19 09:58:13 | INFO | Episode 6094 - Reward: -200.000, Length: 200, Loss: 12.5618, Entropy: 1.0778, Epsilon: 0.010
2026-04-19 09:58:13 | INFO | Episode 6095 - Reward: -200.000, Length: 200, Loss: 28.9129, Entropy: 1.0821, Epsilon: 0.010
2026-04-19 09:58:13 | INFO | Episode 6096 - Reward: -200.000, Length: 200, Loss: 15.7300, Entropy: 1.0788, Epsilon: 0.010
2026-04-19 09:58:14 | INFO | Episode 6097 - Reward: -200.000, Length: 200, Loss: 12.8510, Entropy: 1.0931, Epsilon: 0.010
2026-04-19 09:58:14 | INFO | Episode 6098 - Reward: -200.000, Length: 200, Loss: 22.1082, Entropy: 1.0654, Epsilon: 0.010
2026-04-19 09:58:14 | INFO | Episode 6099 - Reward: -200.000, Length: 200, Loss: 15.5290, Entropy: 1.0697, Epsilon: 0.010
2026-04-19 09:58:15 | INFO | Episode 6100 - Reward: -200.000, Length: 200, Loss: 12.4724, Entropy: 1.0877, Epsilon: 0.010
2026-04-19 09:58:20 | INFO | [Episode 6100] eps=0.010  avg_reward=-200.000  avg_length=200.00  avg_loss= 15.2342  avg_entropy=1.0877  eval_success=0.000
2026-04-19 09:58:20 | INFO | Episode 6101 - Reward: -200.000, Length: 200, Loss: 12.7948, Entropy: 1.0896, Epsilon: 0.010
2026-04-19 09:58:21 | INFO | Episode 6102 - Reward: -200.000, Length: 200, Loss: 9.5232, Entropy: 1.0931, Epsilon: 0.010
2026-04-19 09:58:21 | INFO | Episode 6103 - Reward: -200.000, Length: 200, Loss: 22.6875, Entropy: 1.0881, Epsilon: 0.010
2026-04-19 09:58:21 | INFO | Episode 6104 - Reward: -200.000, Length: 200, Loss: 6.1573, Entropy: 1.0926, Epsilon: 0.010
2026-04-19 09:58:22 | INFO | Episode 6105 - Reward: -200.000, Length: 200, Loss: 21.9124, Entropy: 1.0915, Epsilon: 0.010
2026-04-19 09:58:22 | INFO | Episode 6106 - Reward: -200.000, Length: 200, Loss: 18.8198, Entropy: 1.0859, Epsilon: 0.010
2026-04-19 09:58:22 | INFO | Episode 6107 - Reward: -200.000, Length: 200, Loss: 15.7015, Entropy: 1.0778, Epsilon: 0.010
2026-04-19 09:58:23 | INFO | Episode 6108 - Reward: -200.000, Length: 200, Loss: 15.2700, Entropy: 1.0847, Epsilon: 0.010
2026-04-19 09:58:23 | INFO | Episode 6109 - Reward: -200.000, Length: 200, Loss: 22.1135, Entropy: 1.0650, Epsilon: 0.010
2026-04-19 09:58:23 | INFO | Episode 6110 - Reward: -200.000, Length: 200, Loss: 5.9924, Entropy: 1.0860, Epsilon: 0.010
2026-04-19 09:58:24 | INFO | Episode 6111 - Reward: -200.000, Length: 200, Loss: 12.5330, Entropy: 1.0911, Epsilon: 0.010
2026-04-19 09:58:24 | INFO | Episode 6112 - Reward: -200.000, Length: 200, Loss: 9.0660, Entropy: 1.0887, Epsilon: 0.010
2026-04-19 09:58:24 | INFO | Episode 6113 - Reward: -200.000, Length: 200, Loss: 21.8871, Entropy: 1.0773, Epsilon: 0.010
2026-04-19 09:58:25 | INFO | Episode 6114 - Reward: -200.000, Length: 200, Loss: 18.5742, Entropy: 1.0411, Epsilon: 0.010
2026-04-19 09:58:25 | INFO | Episode 6115 - Reward: -200.000, Length: 200, Loss: 12.4050, Entropy: 1.0796, Epsilon: 0.010
2026-04-19 09:58:26 | INFO | Episode 6116 - Reward: -200.000, Length: 200, Loss: 21.3841, Entropy: 1.0728, Epsilon: 0.010
2026-04-19 09:58:26 | INFO | Episode 6117 - Reward: -200.000, Length: 200, Loss: 18.5447, Entropy: 1.0498, Epsilon: 0.010
2026-04-19 09:58:26 | INFO | Episode 6118 - Reward: -200.000, Length: 200, Loss: 9.1937, Entropy: 1.0710, Epsilon: 0.010
2026-04-19 09:58:27 | INFO | Episode 6119 - Reward: -200.000, Length: 200, Loss: 12.5140, Entropy: 1.0832, Epsilon: 0.010
2026-04-19 09:58:27 | INFO | Episode 6120 - Reward: -200.000, Length: 200, Loss: 15.4545, Entropy: 1.0877, Epsilon: 0.010
2026-04-19 09:58:27 | INFO | Episode 6121 - Reward: -200.000, Length: 200, Loss: 21.8629, Entropy: 1.0709, Epsilon: 0.010
2026-04-19 09:58:28 | INFO | Episode 6122 - Reward: -200.000, Length: 200, Loss: 18.5959, Entropy: 1.0724, Epsilon: 0.010
2026-04-19 09:58:28 | INFO | Episode 6123 - Reward: -200.000, Length: 200, Loss: 12.2039, Entropy: 1.0751, Epsilon: 0.010
2026-04-19 09:58:28 | INFO | Episode 6124 - Reward: -200.000, Length: 200, Loss: 17.8936, Entropy: 1.0808, Epsilon: 0.010
2026-04-19 09:58:29 | INFO | Episode 6125 - Reward: -200.000, Length: 200, Loss: 24.1050, Entropy: 1.0843, Epsilon: 0.010
2026-04-19 09:58:29 | INFO | Episode 6126 - Reward: -200.000, Length: 200, Loss: 17.8604, Entropy: 1.0639, Epsilon: 0.010
2026-04-19 09:58:29 | INFO | Episode 6127 - Reward: -200.000, Length: 200, Loss: 21.1746, Entropy: 1.0784, Epsilon: 0.010
2026-04-19 09:58:30 | INFO | Episode 6128 - Reward: -200.000, Length: 200, Loss: 12.0541, Entropy: 1.0793, Epsilon: 0.010
2026-04-19 09:58:30 | INFO | Episode 6129 - Reward: -200.000, Length: 200, Loss: 18.0417, Entropy: 1.0847, Epsilon: 0.010
2026-04-19 09:58:31 | INFO | Episode 6130 - Reward: -200.000, Length: 200, Loss: 21.4143, Entropy: 1.0812, Epsilon: 0.010
2026-04-19 09:58:31 | INFO | Episode 6131 - Reward: -200.000, Length: 200, Loss: 12.0625, Entropy: 1.0736, Epsilon: 0.010
2026-04-19 09:58:31 | INFO | Episode 6132 - Reward: -200.000, Length: 200, Loss: 12.0713, Entropy: 1.0820, Epsilon: 0.010
2026-04-19 09:58:32 | INFO | Episode 6133 - Reward: -200.000, Length: 200, Loss: 12.2191, Entropy: 1.0872, Epsilon: 0.010
2026-04-19 09:58:32 | INFO | Episode 6134 - Reward: -200.000, Length: 200, Loss: 15.2176, Entropy: 1.0903, Epsilon: 0.010
2026-04-19 09:58:32 | INFO | Episode 6135 - Reward: -200.000, Length: 200, Loss: 15.3648, Entropy: 1.0824, Epsilon: 0.010
2026-04-19 09:58:33 | INFO | Episode 6136 - Reward: -200.000, Length: 200, Loss: 11.8671, Entropy: 1.0840, Epsilon: 0.010
2026-04-19 09:58:33 | INFO | Episode 6137 - Reward: -200.000, Length: 200, Loss: 9.0667, Entropy: 1.0888, Epsilon: 0.010
2026-04-19 09:58:33 | INFO | Episode 6138 - Reward: -200.000, Length: 200, Loss: 11.8641, Entropy: 1.0873, Epsilon: 0.010
2026-04-19 09:58:34 | INFO | Episode 6139 - Reward: -200.000, Length: 200, Loss: 9.1944, Entropy: 1.0841, Epsilon: 0.010
2026-04-19 09:58:34 | INFO | Episode 6140 - Reward: -200.000, Length: 200, Loss: 15.0916, Entropy: 1.0795, Epsilon: 0.010
2026-04-19 09:58:35 | INFO | Episode 6141 - Reward: -200.000, Length: 200, Loss: 9.0568, Entropy: 1.0740, Epsilon: 0.010
2026-04-19 09:58:35 | INFO | Episode 6142 - Reward: -200.000, Length: 200, Loss: 17.6560, Entropy: 1.0562, Epsilon: 0.010
2026-04-19 09:58:35 | INFO | Episode 6143 - Reward: -200.000, Length: 200, Loss: 14.7169, Entropy: 1.0551, Epsilon: 0.010
2026-04-19 09:58:36 | INFO | Episode 6144 - Reward: -200.000, Length: 200, Loss: 15.1801, Entropy: 1.0862, Epsilon: 0.010
2026-04-19 09:58:36 | INFO | Episode 6145 - Reward: -200.000, Length: 200, Loss: 15.1537, Entropy: 1.0862, Epsilon: 0.010
2026-04-19 09:58:36 | INFO | Episode 6146 - Reward: -200.000, Length: 200, Loss: 12.1517, Entropy: 1.0776, Epsilon: 0.010
2026-04-19 09:58:37 | INFO | Episode 6147 - Reward: -200.000, Length: 200, Loss: 5.9703, Entropy: 1.0913, Epsilon: 0.010
2026-04-19 09:58:37 | INFO | Episode 6148 - Reward: -200.000, Length: 200, Loss: 15.2290, Entropy: 1.0891, Epsilon: 0.010
2026-04-19 09:58:37 | INFO | Episode 6149 - Reward: -200.000, Length: 200, Loss: 12.0405, Entropy: 1.0872, Epsilon: 0.010
2026-04-19 09:58:38 | INFO | Episode 6150 - Reward: -200.000, Length: 200, Loss: 15.2161, Entropy: 1.0872, Epsilon: 0.010
2026-04-19 09:58:38 | INFO | Episode 6151 - Reward: -200.000, Length: 200, Loss: 20.9358, Entropy: 1.0858, Epsilon: 0.010
2026-04-19 09:58:39 | INFO | Episode 6152 - Reward: -200.000, Length: 200, Loss: 11.8102, Entropy: 1.0843, Epsilon: 0.010
2026-04-19 09:58:39 | INFO | Episode 6153 - Reward: -200.000, Length: 200, Loss: 15.1033, Entropy: 1.0832, Epsilon: 0.010
2026-04-19 09:58:39 | INFO | Episode 6154 - Reward: -200.000, Length: 200, Loss: 18.2351, Entropy: 1.0651, Epsilon: 0.010
2026-04-19 09:58:40 | INFO | Episode 6155 - Reward: -200.000, Length: 200, Loss: 21.1165, Entropy: 1.0781, Epsilon: 0.010
2026-04-19 09:58:40 | INFO | Episode 6156 - Reward: -200.000, Length: 200, Loss: 23.9333, Entropy: 1.0656, Epsilon: 0.010
2026-04-19 09:58:40 | INFO | Episode 6157 - Reward: -200.000, Length: 200, Loss: 15.1289, Entropy: 1.0764, Epsilon: 0.010
2026-04-19 09:58:41 | INFO | Episode 6158 - Reward: -200.000, Length: 200, Loss: 18.3568, Entropy: 1.0685, Epsilon: 0.010
2026-04-19 09:58:41 | INFO | Episode 6159 - Reward: -200.000, Length: 200, Loss: 11.9738, Entropy: 1.0904, Epsilon: 0.010
2026-04-19 09:58:42 | INFO | Episode 6160 - Reward: -200.000, Length: 200, Loss: 18.1774, Entropy: 1.0807, Epsilon: 0.010
2026-04-19 09:58:42 | INFO | Episode 6161 - Reward: -200.000, Length: 200, Loss: 18.2742, Entropy: 1.0782, Epsilon: 0.010
2026-04-19 09:58:42 | INFO | Episode 6162 - Reward: -200.000, Length: 200, Loss: 8.8631, Entropy: 1.0892, Epsilon: 0.010
2026-04-19 09:58:43 | INFO | Episode 6163 - Reward: -200.000, Length: 200, Loss: 15.1376, Entropy: 1.0868, Epsilon: 0.010
2026-04-19 09:58:43 | INFO | Episode 6164 - Reward: -200.000, Length: 200, Loss: 11.8483, Entropy: 1.0814, Epsilon: 0.010
2026-04-19 09:58:43 | INFO | Episode 6165 - Reward: -200.000, Length: 200, Loss: 21.1696, Entropy: 1.0753, Epsilon: 0.010
2026-04-19 09:58:44 | INFO | Episode 6166 - Reward: -200.000, Length: 200, Loss: 17.7629, Entropy: 1.0832, Epsilon: 0.010
2026-04-19 09:58:44 | INFO | Episode 6167 - Reward: -200.000, Length: 200, Loss: 15.0565, Entropy: 1.0750, Epsilon: 0.010
2026-04-19 09:58:45 | INFO | Episode 6168 - Reward: -200.000, Length: 200, Loss: 8.9242, Entropy: 1.0667, Epsilon: 0.010
2026-04-19 09:58:45 | INFO | Episode 6169 - Reward: -200.000, Length: 200, Loss: 2.9316, Entropy: 1.0940, Epsilon: 0.010
2026-04-19 09:58:45 | INFO | Episode 6170 - Reward: -200.000, Length: 200, Loss: 15.2172, Entropy: 1.0888, Epsilon: 0.010
2026-04-19 09:58:46 | INFO | Episode 6171 - Reward: -200.000, Length: 200, Loss: 21.1669, Entropy: 1.0691, Epsilon: 0.010
2026-04-19 09:58:46 | INFO | Episode 6172 - Reward: -200.000, Length: 200, Loss: 21.3182, Entropy: 1.0695, Epsilon: 0.010
2026-04-19 09:58:46 | INFO | Episode 6173 - Reward: -200.000, Length: 200, Loss: 21.0984, Entropy: 1.0773, Epsilon: 0.010
2026-04-19 09:58:47 | INFO | Episode 6174 - Reward: -200.000, Length: 200, Loss: 14.9274, Entropy: 1.0853, Epsilon: 0.010
2026-04-19 09:58:47 | INFO | Episode 6175 - Reward: -200.000, Length: 200, Loss: 21.1028, Entropy: 1.0564, Epsilon: 0.010
2026-04-19 09:58:48 | INFO | Episode 6176 - Reward: -200.000, Length: 200, Loss: 14.9319, Entropy: 1.0820, Epsilon: 0.010
2026-04-19 09:58:48 | INFO | Episode 6177 - Reward: -200.000, Length: 200, Loss: 11.9669, Entropy: 1.0854, Epsilon: 0.010
2026-04-19 09:58:48 | INFO | Episode 6178 - Reward: -200.000, Length: 200, Loss: 17.8403, Entropy: 1.0801, Epsilon: 0.010
2026-04-19 09:58:49 | INFO | Episode 6179 - Reward: -200.000, Length: 200, Loss: 17.9683, Entropy: 1.0719, Epsilon: 0.010
2026-04-19 09:58:49 | INFO | Episode 6180 - Reward: -200.000, Length: 200, Loss: 17.9109, Entropy: 1.0841, Epsilon: 0.010
2026-04-19 09:58:49 | INFO | Episode 6181 - Reward: -200.000, Length: 200, Loss: 12.0709, Entropy: 1.0898, Epsilon: 0.010
2026-04-19 09:58:50 | INFO | Episode 6182 - Reward: -200.000, Length: 200, Loss: 11.9341, Entropy: 1.0850, Epsilon: 0.010
2026-04-19 09:58:50 | INFO | Episode 6183 - Reward: -200.000, Length: 200, Loss: 21.0917, Entropy: 1.0717, Epsilon: 0.010
2026-04-19 09:58:51 | INFO | Episode 6184 - Reward: -200.000, Length: 200, Loss: 8.8923, Entropy: 1.0855, Epsilon: 0.010
2026-04-19 09:58:51 | INFO | Episode 6185 - Reward: -200.000, Length: 200, Loss: 26.3918, Entropy: 1.0886, Epsilon: 0.010
2026-04-19 09:58:51 | INFO | Episode 6186 - Reward: -200.000, Length: 200, Loss: 26.9374, Entropy: 1.0489, Epsilon: 0.010
2026-04-19 09:58:52 | INFO | Episode 6187 - Reward: -200.000, Length: 200, Loss: 20.7164, Entropy: 1.0749, Epsilon: 0.010
2026-04-19 09:58:52 | INFO | Episode 6188 - Reward: -200.000, Length: 200, Loss: 8.9053, Entropy: 1.0803, Epsilon: 0.010
2026-04-19 09:58:52 | INFO | Episode 6189 - Reward: -200.000, Length: 200, Loss: 17.8990, Entropy: 1.0812, Epsilon: 0.010
2026-04-19 09:58:53 | INFO | Episode 6190 - Reward: -200.000, Length: 200, Loss: 15.0014, Entropy: 1.0752, Epsilon: 0.010
2026-04-19 09:58:53 | INFO | Episode 6191 - Reward: -200.000, Length: 200, Loss: 8.8658, Entropy: 1.0762, Epsilon: 0.010
2026-04-19 09:58:53 | INFO | Episode 6192 - Reward: -200.000, Length: 200, Loss: 20.5575, Entropy: 1.0790, Epsilon: 0.010
2026-04-19 09:58:54 | INFO | Episode 6193 - Reward: -200.000, Length: 200, Loss: 8.7833, Entropy: 1.0818, Epsilon: 0.010
2026-04-19 09:58:54 | INFO | Episode 6194 - Reward: -200.000, Length: 200, Loss: 17.6005, Entropy: 1.0848, Epsilon: 0.010
2026-04-19 09:58:55 | INFO | Episode 6195 - Reward: -200.000, Length: 200, Loss: 18.1126, Entropy: 1.0687, Epsilon: 0.010
2026-04-19 09:58:55 | INFO | Episode 6196 - Reward: -200.000, Length: 200, Loss: 17.5303, Entropy: 1.0714, Epsilon: 0.010
2026-04-19 09:58:55 | INFO | Episode 6197 - Reward: -200.000, Length: 200, Loss: 8.7109, Entropy: 1.0887, Epsilon: 0.010
2026-04-19 09:58:56 | INFO | Episode 6198 - Reward: -200.000, Length: 200, Loss: 20.6111, Entropy: 1.0708, Epsilon: 0.010
2026-04-19 09:58:56 | INFO | Episode 6199 - Reward: -200.000, Length: 200, Loss: 11.9886, Entropy: 1.0858, Epsilon: 0.010
2026-04-19 09:58:56 | INFO | Episode 6200 - Reward: -200.000, Length: 200, Loss: 14.9971, Entropy: 1.0921, Epsilon: 0.010
2026-04-19 09:59:01 | INFO | [Episode 6200] eps=0.010  avg_reward=-200.000  avg_length=200.00  avg_loss= 15.5191  avg_entropy=1.0921  eval_success=0.000
2026-04-19 09:59:02 | INFO | Episode 6201 - Reward: -200.000, Length: 200, Loss: 12.1818, Entropy: 1.0912, Epsilon: 0.010
2026-04-19 09:59:02 | INFO | Episode 6202 - Reward: -200.000, Length: 200, Loss: 24.1889, Entropy: 1.0873, Epsilon: 0.010
2026-04-19 09:59:02 | INFO | Episode 6203 - Reward: -200.000, Length: 200, Loss: 27.1397, Entropy: 1.0648, Epsilon: 0.010
2026-04-19 09:59:03 | INFO | Episode 6204 - Reward: -200.000, Length: 200, Loss: 8.9379, Entropy: 1.0917, Epsilon: 0.010
2026-04-19 09:59:03 | INFO | Episode 6205 - Reward: -200.000, Length: 200, Loss: 21.3453, Entropy: 1.0763, Epsilon: 0.010
2026-04-19 09:59:03 | INFO | Episode 6206 - Reward: -200.000, Length: 200, Loss: 12.1921, Entropy: 1.0854, Epsilon: 0.010
2026-04-19 09:59:04 | INFO | Episode 6207 - Reward: -200.000, Length: 200, Loss: 18.4003, Entropy: 1.0852, Epsilon: 0.010
2026-04-19 09:59:04 | INFO | Episode 6208 - Reward: -200.000, Length: 200, Loss: 31.0334, Entropy: 1.0750, Epsilon: 0.010
2026-04-19 09:59:04 | INFO | Episode 6209 - Reward: -200.000, Length: 200, Loss: 12.3412, Entropy: 1.0867, Epsilon: 0.010
2026-04-19 09:59:05 | INFO | Episode 6210 - Reward: -200.000, Length: 200, Loss: 24.9203, Entropy: 1.0934, Epsilon: 0.010
2026-04-19 09:59:05 | INFO | Episode 6211 - Reward: -200.000, Length: 200, Loss: 12.2464, Entropy: 1.0903, Epsilon: 0.010
2026-04-19 09:59:06 | INFO | Episode 6212 - Reward: -200.000, Length: 200, Loss: 15.5197, Entropy: 1.0915, Epsilon: 0.010
2026-04-19 09:59:06 | INFO | Episode 6213 - Reward: -200.000, Length: 200, Loss: 9.4247, Entropy: 1.0911, Epsilon: 0.010
2026-04-19 09:59:06 | INFO | Episode 6214 - Reward: -200.000, Length: 200, Loss: 6.1653, Entropy: 1.0908, Epsilon: 0.010
2026-04-19 09:59:07 | INFO | Episode 6215 - Reward: -200.000, Length: 200, Loss: 9.3646, Entropy: 1.0809, Epsilon: 0.010
2026-04-19 09:59:07 | INFO | Episode 6216 - Reward: -200.000, Length: 200, Loss: 25.1020, Entropy: 1.0632, Epsilon: 0.010
2026-04-19 09:59:07 | INFO | Episode 6217 - Reward: -200.000, Length: 200, Loss: 21.8241, Entropy: 1.0797, Epsilon: 0.010
2026-04-19 09:59:08 | INFO | Episode 6218 - Reward: -200.000, Length: 200, Loss: 12.4442, Entropy: 1.0885, Epsilon: 0.010
2026-04-19 09:59:08 | INFO | Episode 6219 - Reward: -200.000, Length: 200, Loss: 18.5230, Entropy: 1.0902, Epsilon: 0.010
2026-04-19 09:59:08 | INFO | Episode 6220 - Reward: -200.000, Length: 200, Loss: 18.6544, Entropy: 1.0880, Epsilon: 0.010
2026-04-19 09:59:09 | INFO | Episode 6221 - Reward: -200.000, Length: 200, Loss: 15.4761, Entropy: 1.0815, Epsilon: 0.010
2026-04-19 09:59:09 | INFO | Episode 6222 - Reward: -200.000, Length: 200, Loss: 9.3461, Entropy: 1.0746, Epsilon: 0.010
2026-04-19 09:59:10 | INFO | Episode 6223 - Reward: -200.000, Length: 200, Loss: 14.7698, Entropy: 1.0800, Epsilon: 0.010
2026-04-19 09:59:10 | INFO | Episode 6224 - Reward: -200.000, Length: 200, Loss: 15.0698, Entropy: 1.0639, Epsilon: 0.010
2026-04-19 09:59:10 | INFO | Episode 6225 - Reward: -200.000, Length: 200, Loss: 12.1258, Entropy: 1.0863, Epsilon: 0.010
2026-04-19 09:59:11 | INFO | Episode 6226 - Reward: -200.000, Length: 200, Loss: 5.9790, Entropy: 1.0937, Epsilon: 0.010
2026-04-19 09:59:11 | INFO | Episode 6227 - Reward: -200.000, Length: 200, Loss: 12.2502, Entropy: 1.0880, Epsilon: 0.010
2026-04-19 09:59:11 | INFO | Episode 6228 - Reward: -200.000, Length: 200, Loss: 9.0489, Entropy: 1.0893, Epsilon: 0.010
2026-04-19 09:59:12 | INFO | Episode 6229 - Reward: -200.000, Length: 200, Loss: 15.3479, Entropy: 1.0931, Epsilon: 0.010
2026-04-19 09:59:12 | INFO | Episode 6230 - Reward: -200.000, Length: 200, Loss: 24.7088, Entropy: 1.0752, Epsilon: 0.010
2026-04-19 09:59:12 | INFO | Episode 6231 - Reward: -200.000, Length: 200, Loss: 18.8838, Entropy: 1.0752, Epsilon: 0.010
2026-04-19 09:59:13 | INFO | Episode 6232 - Reward: -200.000, Length: 200, Loss: 9.1489, Entropy: 1.0909, Epsilon: 0.010
2026-04-19 09:59:13 | INFO | Episode 6233 - Reward: -200.000, Length: 200, Loss: 21.7780, Entropy: 1.0820, Epsilon: 0.010
2026-04-19 09:59:14 | INFO | Episode 6234 - Reward: -200.000, Length: 200, Loss: 15.3853, Entropy: 1.0758, Epsilon: 0.010
2026-04-19 09:59:14 | INFO | Episode 6235 - Reward: -200.000, Length: 200, Loss: -0.1881, Entropy: 1.0943, Epsilon: 0.010
2026-04-19 09:59:14 | INFO | Episode 6236 - Reward: -200.000, Length: 200, Loss: 9.1024, Entropy: 1.0792, Epsilon: 0.010
2026-04-19 09:59:15 | INFO | Episode 6237 - Reward: -200.000, Length: 200, Loss: 21.6120, Entropy: 1.0789, Epsilon: 0.010
2026-04-19 09:59:15 | INFO | Episode 6238 - Reward: -200.000, Length: 200, Loss: 18.4773, Entropy: 1.0764, Epsilon: 0.010
2026-04-19 09:59:15 | INFO | Episode 6239 - Reward: -200.000, Length: 200, Loss: 6.1011, Entropy: 1.0704, Epsilon: 0.010
2026-04-19 09:59:16 | INFO | Episode 6240 - Reward: -200.000, Length: 200, Loss: 21.4133, Entropy: 1.0763, Epsilon: 0.010
2026-04-19 09:59:16 | INFO | Episode 6241 - Reward: -200.000, Length: 200, Loss: 9.0772, Entropy: 1.0817, Epsilon: 0.010
2026-04-19 09:59:17 | INFO | Episode 6242 - Reward: -200.000, Length: 200, Loss: 18.0972, Entropy: 1.0683, Epsilon: 0.010
2026-04-19 09:59:17 | INFO | Episode 6243 - Reward: -200.000, Length: 200, Loss: 21.2185, Entropy: 1.0831, Epsilon: 0.010
2026-04-19 09:59:17 | INFO | Episode 6244 - Reward: -200.000, Length: 200, Loss: 12.3408, Entropy: 1.0846, Epsilon: 0.010
2026-04-19 09:59:18 | INFO | Episode 6245 - Reward: -200.000, Length: 200, Loss: 21.6356, Entropy: 1.0870, Epsilon: 0.010
2026-04-19 09:59:18 | INFO | Episode 6246 - Reward: -200.000, Length: 200, Loss: 15.6096, Entropy: 1.0838, Epsilon: 0.010
2026-04-19 09:59:18 | INFO | Episode 6247 - Reward: -200.000, Length: 200, Loss: 15.5877, Entropy: 1.0785, Epsilon: 0.010
2026-04-19 09:59:19 | INFO | Episode 6248 - Reward: -200.000, Length: 200, Loss: 24.7805, Entropy: 1.0844, Epsilon: 0.010
2026-04-19 09:59:19 | INFO | Episode 6249 - Reward: -200.000, Length: 200, Loss: 18.4430, Entropy: 1.0720, Epsilon: 0.010
2026-04-19 09:59:20 | INFO | Episode 6250 - Reward: -200.000, Length: 200, Loss: 6.1067, Entropy: 1.0786, Epsilon: 0.010
2026-04-19 09:59:20 | INFO | Episode 6251 - Reward: -200.000, Length: 200, Loss: 30.6000, Entropy: 1.0737, Epsilon: 0.010
2026-04-19 09:59:20 | INFO | Episode 6252 - Reward: -200.000, Length: 200, Loss: 24.7661, Entropy: 1.0771, Epsilon: 0.010
2026-04-19 09:59:21 | INFO | Episode 6253 - Reward: -200.000, Length: 200, Loss: 18.3841, Entropy: 1.0778, Epsilon: 0.010
2026-04-19 09:59:21 | INFO | Episode 6254 - Reward: -200.000, Length: 200, Loss: 12.1917, Entropy: 1.0553, Epsilon: 0.010
2026-04-19 09:59:21 | INFO | Episode 6255 - Reward: -200.000, Length: 200, Loss: 14.9485, Entropy: 1.0805, Epsilon: 0.010
2026-04-19 09:59:22 | INFO | Episode 6256 - Reward: -200.000, Length: 200, Loss: 15.2254, Entropy: 1.0757, Epsilon: 0.010
2026-04-19 09:59:22 | INFO | Episode 6257 - Reward: -200.000, Length: 200, Loss: 24.4049, Entropy: 1.0865, Epsilon: 0.010
2026-04-19 09:59:23 | INFO | Episode 6258 - Reward: -200.000, Length: 200, Loss: 2.9397, Entropy: 1.0898, Epsilon: 0.010
2026-04-19 09:59:23 | INFO | Episode 6259 - Reward: -200.000, Length: 200, Loss: 15.4115, Entropy: 1.0793, Epsilon: 0.010
2026-04-19 09:59:23 | INFO | Episode 6260 - Reward: -200.000, Length: 200, Loss: 12.2185, Entropy: 1.0934, Epsilon: 0.010
2026-04-19 09:59:24 | INFO | Episode 6261 - Reward: -200.000, Length: 200, Loss: 12.4501, Entropy: 1.0892, Epsilon: 0.010
2026-04-19 09:59:24 | INFO | Episode 6262 - Reward: -200.000, Length: 200, Loss: 6.0840, Entropy: 1.0785, Epsilon: 0.010
2026-04-19 09:59:24 | INFO | Episode 6263 - Reward: -200.000, Length: 200, Loss: 12.5816, Entropy: 1.0762, Epsilon: 0.010
2026-04-19 09:59:25 | INFO | Episode 6264 - Reward: -200.000, Length: 200, Loss: 6.0393, Entropy: 1.0819, Epsilon: 0.010
2026-04-19 09:59:25 | INFO | Episode 6265 - Reward: -200.000, Length: 200, Loss: 12.3218, Entropy: 1.0923, Epsilon: 0.010
2026-04-19 09:59:25 | INFO | Episode 6266 - Reward: -200.000, Length: 200, Loss: 15.7444, Entropy: 1.0448, Epsilon: 0.010
2026-04-19 09:59:26 | INFO | Episode 6267 - Reward: -200.000, Length: 200, Loss: 9.4262, Entropy: 1.0824, Epsilon: 0.010
2026-04-19 09:59:26 | INFO | Episode 6268 - Reward: -200.000, Length: 200, Loss: 15.6290, Entropy: 1.0925, Epsilon: 0.010
2026-04-19 09:59:27 | INFO | Episode 6269 - Reward: -200.000, Length: 200, Loss: 21.6058, Entropy: 1.0679, Epsilon: 0.010
2026-04-19 09:59:27 | INFO | Episode 6270 - Reward: -200.000, Length: 200, Loss: 27.8059, Entropy: 1.0890, Epsilon: 0.010
2026-04-19 09:59:27 | INFO | Episode 6271 - Reward: -200.000, Length: 200, Loss: 24.0966, Entropy: 1.0757, Epsilon: 0.010
2026-04-19 09:59:28 | INFO | Episode 6272 - Reward: -200.000, Length: 200, Loss: 8.9038, Entropy: 1.0781, Epsilon: 0.010
2026-04-19 09:59:28 | INFO | Episode 6273 - Reward: -200.000, Length: 200, Loss: 18.0379, Entropy: 1.0835, Epsilon: 0.010
2026-04-19 09:59:28 | INFO | Episode 6274 - Reward: -200.000, Length: 200, Loss: 15.4581, Entropy: 1.0895, Epsilon: 0.010
2026-04-19 09:59:29 | INFO | Episode 6275 - Reward: -200.000, Length: 200, Loss: 24.1904, Entropy: 1.0619, Epsilon: 0.010
2026-04-19 09:59:29 | INFO | Episode 6276 - Reward: -200.000, Length: 200, Loss: 12.1599, Entropy: 1.0842, Epsilon: 0.010
2026-04-19 09:59:29 | INFO | Episode 6277 - Reward: -200.000, Length: 200, Loss: 18.4173, Entropy: 1.0892, Epsilon: 0.010
2026-04-19 09:59:30 | INFO | Episode 6278 - Reward: -200.000, Length: 200, Loss: 18.8247, Entropy: 1.0850, Epsilon: 0.010
2026-04-19 09:59:30 | INFO | Episode 6279 - Reward: -200.000, Length: 200, Loss: 2.8916, Entropy: 1.0861, Epsilon: 0.010
2026-04-19 09:59:31 | INFO | Episode 6280 - Reward: -200.000, Length: 200, Loss: 15.0864, Entropy: 1.0700, Epsilon: 0.010
2026-04-19 09:59:31 | INFO | Episode 6281 - Reward: -200.000, Length: 200, Loss: 11.9391, Entropy: 1.0851, Epsilon: 0.010
2026-04-19 09:59:31 | INFO | Episode 6282 - Reward: -200.000, Length: 200, Loss: 8.7888, Entropy: 1.0888, Epsilon: 0.010
2026-04-19 09:59:32 | INFO | Episode 6283 - Reward: -200.000, Length: 200, Loss: 15.2973, Entropy: 1.0904, Epsilon: 0.010
2026-04-19 09:59:32 | INFO | Episode 6284 - Reward: -200.000, Length: 200, Loss: 15.4036, Entropy: 1.0930, Epsilon: 0.010
2026-04-19 09:59:32 | INFO | Episode 6285 - Reward: -200.000, Length: 200, Loss: 18.2767, Entropy: 1.0853, Epsilon: 0.010
2026-04-19 09:59:33 | INFO | Episode 6286 - Reward: -200.000, Length: 200, Loss: 9.2079, Entropy: 1.0916, Epsilon: 0.010
2026-04-19 09:59:33 | INFO | Episode 6287 - Reward: -200.000, Length: 200, Loss: 20.9514, Entropy: 0.9546, Epsilon: 0.010
2026-04-19 09:59:34 | INFO | Episode 6288 - Reward: -200.000, Length: 200, Loss: 24.3215, Entropy: 1.0073, Epsilon: 0.010
2026-04-19 09:59:34 | INFO | Episode 6289 - Reward: -200.000, Length: 200, Loss: 12.1190, Entropy: 1.0747, Epsilon: 0.010
2026-04-19 09:59:34 | INFO | Episode 6290 - Reward: -200.000, Length: 200, Loss: 12.1182, Entropy: 1.0852, Epsilon: 0.010
2026-04-19 09:59:35 | INFO | Episode 6291 - Reward: -200.000, Length: 200, Loss: 5.9889, Entropy: 1.0884, Epsilon: 0.010
2026-04-19 09:59:35 | INFO | Episode 6292 - Reward: -200.000, Length: 200, Loss: 12.0530, Entropy: 1.0920, Epsilon: 0.010
2026-04-19 09:59:35 | INFO | Episode 6293 - Reward: -200.000, Length: 200, Loss: 24.7725, Entropy: 1.0554, Epsilon: 0.010
2026-04-19 09:59:36 | INFO | Episode 6294 - Reward: -200.000, Length: 200, Loss: 12.3046, Entropy: 1.0797, Epsilon: 0.010
2026-04-19 09:59:36 | INFO | Episode 6295 - Reward: -200.000, Length: 200, Loss: 15.2971, Entropy: 1.0686, Epsilon: 0.010
2026-04-19 09:59:36 | INFO | Episode 6296 - Reward: -200.000, Length: 200, Loss: 24.8174, Entropy: 1.0498, Epsilon: 0.010
2026-04-19 09:59:37 | INFO | Episode 6297 - Reward: -200.000, Length: 200, Loss: 24.7412, Entropy: 1.0500, Epsilon: 0.010
2026-04-19 09:59:37 | INFO | Episode 6298 - Reward: -200.000, Length: 200, Loss: 18.4140, Entropy: 1.0806, Epsilon: 0.010
2026-04-19 09:59:38 | INFO | Episode 6299 - Reward: -200.000, Length: 200, Loss: 27.8471, Entropy: 1.0699, Epsilon: 0.010
2026-04-19 09:59:38 | INFO | Episode 6300 - Reward: -200.000, Length: 200, Loss: 25.3692, Entropy: 1.0741, Epsilon: 0.010
2026-04-19 09:59:43 | INFO | [Episode 6300] eps=0.010  avg_reward=-200.000  avg_length=200.00  avg_loss= 15.8956  avg_entropy=1.0741  eval_success=0.000
2026-04-19 09:59:43 | INFO | Episode 6301 - Reward: -200.000, Length: 200, Loss: 27.9236, Entropy: 1.0838, Epsilon: 0.010
2026-04-19 09:59:43 | INFO | Episode 6302 - Reward: -200.000, Length: 200, Loss: 15.7774, Entropy: 1.0866, Epsilon: 0.010
2026-04-19 09:59:44 | INFO | Episode 6303 - Reward: -200.000, Length: 200, Loss: 21.6315, Entropy: 1.0643, Epsilon: 0.010
2026-04-19 09:59:44 | INFO | Episode 6304 - Reward: -200.000, Length: 200, Loss: 9.4051, Entropy: 1.0753, Epsilon: 0.010
2026-04-19 09:59:44 | INFO | Episode 6305 - Reward: -200.000, Length: 200, Loss: 15.7657, Entropy: 1.0881, Epsilon: 0.010
2026-04-19 09:59:45 | INFO | Episode 6306 - Reward: -200.000, Length: 200, Loss: 12.8150, Entropy: 1.0821, Epsilon: 0.010
2026-04-19 09:59:45 | INFO | Episode 6307 - Reward: -200.000, Length: 200, Loss: 22.1093, Entropy: 1.0852, Epsilon: 0.010
2026-04-19 09:59:46 | INFO | Episode 6308 - Reward: -200.000, Length: 200, Loss: 9.5051, Entropy: 1.0847, Epsilon: 0.010
2026-04-19 09:59:46 | INFO | Episode 6309 - Reward: -200.000, Length: 200, Loss: 12.7580, Entropy: 1.0667, Epsilon: 0.010
2026-04-19 09:59:46 | INFO | Episode 6310 - Reward: -200.000, Length: 200, Loss: 6.1518, Entropy: 1.0887, Epsilon: 0.010
2026-04-19 09:59:47 | INFO | Episode 6311 - Reward: -200.000, Length: 200, Loss: 12.6230, Entropy: 1.0822, Epsilon: 0.010
2026-04-19 09:59:47 | INFO | Episode 6312 - Reward: -200.000, Length: 200, Loss: 16.1062, Entropy: 1.0850, Epsilon: 0.010
2026-04-19 09:59:47 | INFO | Episode 6313 - Reward: -200.000, Length: 200, Loss: 12.7793, Entropy: 1.0743, Epsilon: 0.010
2026-04-19 09:59:48 | INFO | Episode 6314 - Reward: -200.000, Length: 200, Loss: 24.7609, Entropy: 1.0358, Epsilon: 0.010
2026-04-19 09:59:48 | INFO | Episode 6315 - Reward: -200.000, Length: 200, Loss: 33.1183, Entropy: 1.0609, Epsilon: 0.010
2026-04-19 09:59:49 | INFO | Episode 6316 - Reward: -200.000, Length: 200, Loss: 15.2549, Entropy: 1.0881, Epsilon: 0.010
2026-04-19 09:59:49 | INFO | Episode 6317 - Reward: -200.000, Length: 200, Loss: 9.1167, Entropy: 1.0840, Epsilon: 0.010
2026-04-19 09:59:49 | INFO | Episode 6318 - Reward: -200.000, Length: 200, Loss: 30.5656, Entropy: 1.0789, Epsilon: 0.010
2026-04-19 09:59:50 | INFO | Episode 6319 - Reward: -200.000, Length: 200, Loss: 2.9038, Entropy: 1.0959, Epsilon: 0.010
2026-04-19 09:59:50 | INFO | Episode 6320 - Reward: -200.000, Length: 200, Loss: 12.2514, Entropy: 1.0887, Epsilon: 0.010
2026-04-19 09:59:50 | INFO | Episode 6321 - Reward: -200.000, Length: 200, Loss: 2.8226, Entropy: 1.0946, Epsilon: 0.010
2026-04-19 09:59:51 | INFO | Episode 6322 - Reward: -200.000, Length: 200, Loss: 12.0875, Entropy: 1.0851, Epsilon: 0.010
2026-04-19 09:59:51 | INFO | Episode 6323 - Reward: -200.000, Length: 200, Loss: 21.5386, Entropy: 1.0721, Epsilon: 0.010
2026-04-19 09:59:52 | INFO | Episode 6324 - Reward: -200.000, Length: 200, Loss: 12.1177, Entropy: 1.0897, Epsilon: 0.010
2026-04-19 09:59:52 | INFO | Episode 6325 - Reward: -200.000, Length: 200, Loss: 15.5263, Entropy: 1.0893, Epsilon: 0.010
2026-04-19 09:59:52 | INFO | Episode 6326 - Reward: -200.000, Length: 200, Loss: 6.1006, Entropy: 1.0866, Epsilon: 0.010
2026-04-19 09:59:53 | INFO | Episode 6327 - Reward: -200.000, Length: 200, Loss: 21.9935, Entropy: 1.0730, Epsilon: 0.010
2026-04-19 09:59:53 | INFO | Episode 6328 - Reward: -200.000, Length: 200, Loss: 15.4143, Entropy: 1.0872, Epsilon: 0.010
2026-04-19 09:59:53 | INFO | Episode 6329 - Reward: -200.000, Length: 200, Loss: 18.5771, Entropy: 1.0868, Epsilon: 0.010
2026-04-19 09:59:54 | INFO | Episode 6330 - Reward: -200.000, Length: 200, Loss: 6.2804, Entropy: 1.0882, Epsilon: 0.010
2026-04-19 09:59:54 | INFO | Episode 6331 - Reward: -200.000, Length: 200, Loss: 15.3297, Entropy: 1.0867, Epsilon: 0.010
2026-04-19 09:59:55 | INFO | Episode 6332 - Reward: -200.000, Length: 200, Loss: 12.0903, Entropy: 1.0781, Epsilon: 0.010
2026-04-19 09:59:55 | INFO | Episode 6333 - Reward: -200.000, Length: 200, Loss: 15.3889, Entropy: 1.0840, Epsilon: 0.010
2026-04-19 09:59:55 | INFO | Episode 6334 - Reward: -200.000, Length: 200, Loss: 14.9322, Entropy: 1.0784, Epsilon: 0.010
2026-04-19 09:59:56 | INFO | Episode 6335 - Reward: -200.000, Length: 200, Loss: 18.1549, Entropy: 1.0825, Epsilon: 0.010
2026-04-19 09:59:56 | INFO | Episode 6336 - Reward: -200.000, Length: 200, Loss: 23.8091, Entropy: 1.0911, Epsilon: 0.010
2026-04-19 09:59:56 | INFO | Episode 6337 - Reward: -200.000, Length: 200, Loss: 14.9138, Entropy: 1.0769, Epsilon: 0.010
2026-04-19 09:59:57 | INFO | Episode 6338 - Reward: -200.000, Length: 200, Loss: 2.8647, Entropy: 1.0921, Epsilon: 0.010
2026-04-19 09:59:57 | INFO | Episode 6339 - Reward: -200.000, Length: 200, Loss: 27.1721, Entropy: 1.0849, Epsilon: 0.010
2026-04-19 09:59:57 | INFO | Episode 6340 - Reward: -200.000, Length: 200, Loss: 8.8931, Entropy: 1.0779, Epsilon: 0.010
2026-04-19 09:59:58 | INFO | Episode 6341 - Reward: -200.000, Length: 200, Loss: 8.8197, Entropy: 1.0870, Epsilon: 0.010
2026-04-19 09:59:58 | INFO | Episode 6342 - Reward: -200.000, Length: 200, Loss: 20.4980, Entropy: 1.0854, Epsilon: 0.010
2026-04-19 09:59:59 | INFO | Episode 6343 - Reward: -200.000, Length: 200, Loss: 26.8508, Entropy: 1.0822, Epsilon: 0.010
2026-04-19 09:59:59 | INFO | Episode 6344 - Reward: -200.000, Length: 200, Loss: 11.3645, Entropy: 1.0899, Epsilon: 0.010
2026-04-19 09:59:59 | INFO | Episode 6345 - Reward: -200.000, Length: 200, Loss: 28.6774, Entropy: 1.0710, Epsilon: 0.010
2026-04-19 10:00:00 | INFO | Episode 6346 - Reward: -200.000, Length: 200, Loss: 17.1561, Entropy: 1.0817, Epsilon: 0.010
2026-04-19 10:00:00 | INFO | Episode 6347 - Reward: -200.000, Length: 200, Loss: 5.5892, Entropy: 1.0908, Epsilon: 0.010
2026-04-19 10:00:00 | INFO | Episode 6348 - Reward: -200.000, Length: 200, Loss: 5.4679, Entropy: 1.0917, Epsilon: 0.010
2026-04-19 10:00:01 | INFO | Episode 6349 - Reward: -200.000, Length: 200, Loss: 11.3916, Entropy: 1.0912, Epsilon: 0.010
2026-04-19 10:00:01 | INFO | Episode 6350 - Reward: -200.000, Length: 200, Loss: 11.5507, Entropy: 1.0901, Epsilon: 0.010
2026-04-19 10:00:01 | INFO | Episode 6351 - Reward: -200.000, Length: 200, Loss: 26.3005, Entropy: 1.0759, Epsilon: 0.010
2026-04-19 10:00:02 | INFO | Episode 6352 - Reward: -200.000, Length: 200, Loss: 11.6134, Entropy: 1.0935, Epsilon: 0.010
2026-04-19 10:00:02 | INFO | Episode 6353 - Reward: -200.000, Length: 200, Loss: 14.6177, Entropy: 1.0835, Epsilon: 0.010
2026-04-19 10:00:03 | INFO | Episode 6354 - Reward: -200.000, Length: 200, Loss: 17.5116, Entropy: 1.0843, Epsilon: 0.010
2026-04-19 10:00:03 | INFO | Episode 6355 - Reward: -200.000, Length: 200, Loss: 23.5429, Entropy: 1.0744, Epsilon: 0.010
2026-04-19 10:00:03 | INFO | Episode 6356 - Reward: -200.000, Length: 200, Loss: 14.5262, Entropy: 1.0685, Epsilon: 0.010
2026-04-19 10:00:04 | INFO | Episode 6357 - Reward: -200.000, Length: 200, Loss: 11.6877, Entropy: 1.0883, Epsilon: 0.010
2026-04-19 10:00:04 | INFO | Episode 6358 - Reward: -200.000, Length: 200, Loss: 20.1064, Entropy: 1.0804, Epsilon: 0.010
2026-04-19 10:00:04 | INFO | Episode 6359 - Reward: -200.000, Length: 200, Loss: 8.5475, Entropy: 1.0934, Epsilon: 0.010
2026-04-19 10:00:05 | INFO | Episode 6360 - Reward: -200.000, Length: 200, Loss: 14.5202, Entropy: 1.0775, Epsilon: 0.010
2026-04-19 10:00:05 | INFO | Episode 6361 - Reward: -200.000, Length: 200, Loss: 20.4325, Entropy: 1.0855, Epsilon: 0.010
2026-04-19 10:00:05 | INFO | Episode 6362 - Reward: -200.000, Length: 200, Loss: 20.5417, Entropy: 1.0762, Epsilon: 0.010
2026-04-19 10:00:06 | INFO | Episode 6363 - Reward: -200.000, Length: 200, Loss: 8.6941, Entropy: 1.0918, Epsilon: 0.010
2026-04-19 10:00:06 | INFO | Episode 6364 - Reward: -200.000, Length: 200, Loss: 20.1959, Entropy: 1.0842, Epsilon: 0.010
2026-04-19 10:00:07 | INFO | Episode 6365 - Reward: -200.000, Length: 200, Loss: 14.3204, Entropy: 1.0667, Epsilon: 0.010
2026-04-19 10:00:07 | INFO | Episode 6366 - Reward: -200.000, Length: 200, Loss: 20.2467, Entropy: 1.0236, Epsilon: 0.010
2026-04-19 10:00:07 | INFO | Episode 6367 - Reward: -200.000, Length: 200, Loss: 14.3294, Entropy: 1.0740, Epsilon: 0.010
2026-04-19 10:00:08 | INFO | Episode 6368 - Reward: -200.000, Length: 200, Loss: 17.5664, Entropy: 1.0816, Epsilon: 0.010
2026-04-19 10:00:08 | INFO | Episode 6369 - Reward: -200.000, Length: 200, Loss: 8.5571, Entropy: 1.0891, Epsilon: 0.010
2026-04-19 10:00:08 | INFO | Episode 6370 - Reward: -200.000, Length: 200, Loss: -0.1868, Entropy: 1.0957, Epsilon: 0.010
2026-04-19 10:00:09 | INFO | Episode 6371 - Reward: -200.000, Length: 200, Loss: 14.7051, Entropy: 1.0862, Epsilon: 0.010
2026-04-19 10:00:09 | INFO | Episode 6372 - Reward: -200.000, Length: 200, Loss: 20.5884, Entropy: 1.0765, Epsilon: 0.010
2026-04-19 10:00:09 | INFO | Episode 6373 - Reward: -200.000, Length: 200, Loss: 17.6627, Entropy: 1.0821, Epsilon: 0.010
2026-04-19 10:00:10 | INFO | Episode 6374 - Reward: -200.000, Length: 200, Loss: 17.5922, Entropy: 1.0752, Epsilon: 0.010
2026-04-19 10:00:10 | INFO | Episode 6375 - Reward: -200.000, Length: 200, Loss: 26.2906, Entropy: 1.0866, Epsilon: 0.010
2026-04-19 10:00:11 | INFO | Episode 6376 - Reward: -200.000, Length: 200, Loss: 14.5985, Entropy: 1.0851, Epsilon: 0.010
2026-04-19 10:00:11 | INFO | Episode 6377 - Reward: -200.000, Length: 200, Loss: 14.6778, Entropy: 1.0902, Epsilon: 0.010
2026-04-19 10:00:11 | INFO | Episode 6378 - Reward: -200.000, Length: 200, Loss: 17.3995, Entropy: 1.0847, Epsilon: 0.010
2026-04-19 10:00:12 | INFO | Episode 6379 - Reward: -200.000, Length: 200, Loss: 20.7687, Entropy: 1.0816, Epsilon: 0.010
2026-04-19 10:00:12 | INFO | Episode 6380 - Reward: -200.000, Length: 200, Loss: 23.6781, Entropy: 1.0750, Epsilon: 0.010
2026-04-19 10:00:12 | INFO | Episode 6381 - Reward: -200.000, Length: 200, Loss: 8.5117, Entropy: 1.0797, Epsilon: 0.010
2026-04-19 10:00:13 | INFO | Episode 6382 - Reward: -200.000, Length: 200, Loss: 14.3002, Entropy: 1.0869, Epsilon: 0.010
2026-04-19 10:00:13 | INFO | Episode 6383 - Reward: -200.000, Length: 200, Loss: 8.5090, Entropy: 1.0841, Epsilon: 0.010
2026-04-19 10:00:13 | INFO | Episode 6384 - Reward: -200.000, Length: 200, Loss: 29.4702, Entropy: 1.0731, Epsilon: 0.010
2026-04-19 10:00:14 | INFO | Episode 6385 - Reward: -200.000, Length: 200, Loss: 11.6634, Entropy: 1.0853, Epsilon: 0.010
2026-04-19 10:00:14 | INFO | Episode 6386 - Reward: -200.000, Length: 200, Loss: 17.8646, Entropy: 1.0919, Epsilon: 0.010
2026-04-19 10:00:15 | INFO | Episode 6387 - Reward: -200.000, Length: 200, Loss: 8.8136, Entropy: 1.0922, Epsilon: 0.010
2026-04-19 10:00:15 | INFO | Episode 6388 - Reward: -200.000, Length: 200, Loss: 14.8677, Entropy: 1.0854, Epsilon: 0.010
2026-04-19 10:00:15 | INFO | Episode 6389 - Reward: -200.000, Length: 200, Loss: 17.6730, Entropy: 1.0537, Epsilon: 0.010
2026-04-19 10:00:16 | INFO | Episode 6390 - Reward: -200.000, Length: 200, Loss: 5.6507, Entropy: 1.0906, Epsilon: 0.010
2026-04-19 10:00:16 | INFO | Episode 6391 - Reward: -200.000, Length: 200, Loss: 14.7311, Entropy: 1.0810, Epsilon: 0.010
2026-04-19 10:00:16 | INFO | Episode 6392 - Reward: -200.000, Length: 200, Loss: 8.7164, Entropy: 1.0899, Epsilon: 0.010
2026-04-19 10:00:17 | INFO | Episode 6393 - Reward: -200.000, Length: 200, Loss: 5.8234, Entropy: 1.0919, Epsilon: 0.010
2026-04-19 10:00:17 | INFO | Episode 6394 - Reward: -200.000, Length: 200, Loss: 11.9532, Entropy: 1.0928, Epsilon: 0.010
2026-04-19 10:00:17 | INFO | Episode 6395 - Reward: -200.000, Length: 200, Loss: 8.9446, Entropy: 1.0886, Epsilon: 0.010
2026-04-19 10:00:18 | INFO | Episode 6396 - Reward: -200.000, Length: 200, Loss: 15.2509, Entropy: 1.0869, Epsilon: 0.010
2026-04-19 10:00:18 | INFO | Episode 6397 - Reward: -200.000, Length: 200, Loss: 18.1675, Entropy: 1.0882, Epsilon: 0.010
2026-04-19 10:00:19 | INFO | Episode 6398 - Reward: -200.000, Length: 200, Loss: 6.1488, Entropy: 1.0856, Epsilon: 0.010
2026-04-19 10:00:19 | INFO | Episode 6399 - Reward: -200.000, Length: 200, Loss: 15.4501, Entropy: 1.0865, Epsilon: 0.010
2026-04-19 10:00:19 | INFO | Episode 6400 - Reward: -200.000, Length: 200, Loss: 12.2254, Entropy: 1.0683, Epsilon: 0.010
2026-04-19 10:00:24 | INFO | [Episode 6400] eps=0.010  avg_reward=-200.000  avg_length=200.00  avg_loss= 15.0706  avg_entropy=1.0683  eval_success=0.000
2026-04-19 10:00:25 | INFO | Episode 6401 - Reward: -200.000, Length: 200, Loss: 9.2434, Entropy: 1.0830, Epsilon: 0.010
2026-04-19 10:00:25 | INFO | Episode 6402 - Reward: -200.000, Length: 200, Loss: 21.9712, Entropy: 1.0777, Epsilon: 0.010
2026-04-19 10:00:25 | INFO | Episode 6403 - Reward: -200.000, Length: 200, Loss: 12.3628, Entropy: 1.0851, Epsilon: 0.010
2026-04-19 10:00:26 | INFO | Episode 6404 - Reward: -200.000, Length: 200, Loss: 18.7279, Entropy: 1.0718, Epsilon: 0.010
2026-04-19 10:00:26 | INFO | Episode 6405 - Reward: -200.000, Length: 200, Loss: 9.5070, Entropy: 1.0833, Epsilon: 0.010
2026-04-19 10:00:27 | INFO | Episode 6406 - Reward: -200.000, Length: 200, Loss: 19.0720, Entropy: 1.0734, Epsilon: 0.010
2026-04-19 10:00:27 | INFO | Episode 6407 - Reward: -200.000, Length: 200, Loss: 22.5482, Entropy: 1.0814, Epsilon: 0.010
2026-04-19 10:00:27 | INFO | Episode 6408 - Reward: -200.000, Length: 200, Loss: 25.5241, Entropy: 1.0686, Epsilon: 0.010
2026-04-19 10:00:28 | INFO | Episode 6409 - Reward: -200.000, Length: 200, Loss: 16.0965, Entropy: 1.0893, Epsilon: 0.010
2026-04-19 10:00:28 | INFO | Episode 6410 - Reward: -200.000, Length: 200, Loss: 9.6440, Entropy: 1.0835, Epsilon: 0.010
2026-04-19 10:00:28 | INFO | Episode 6411 - Reward: -200.000, Length: 200, Loss: 22.9273, Entropy: 1.0855, Epsilon: 0.010
2026-04-19 10:00:29 | INFO | Episode 6412 - Reward: -200.000, Length: 200, Loss: 12.9434, Entropy: 1.0909, Epsilon: 0.010
2026-04-19 10:00:29 | INFO | Episode 6413 - Reward: -200.000, Length: 200, Loss: 9.6763, Entropy: 1.0912, Epsilon: 0.010
2026-04-19 10:00:30 | INFO | Episode 6414 - Reward: -200.000, Length: 200, Loss: 9.7417, Entropy: 1.0829, Epsilon: 0.010
2026-04-19 10:00:30 | INFO | Episode 6415 - Reward: -200.000, Length: 200, Loss: 33.0664, Entropy: 1.0679, Epsilon: 0.010
2026-04-19 10:00:30 | INFO | Episode 6416 - Reward: -200.000, Length: 200, Loss: 20.0315, Entropy: 1.0895, Epsilon: 0.010
2026-04-19 10:00:31 | INFO | Episode 6417 - Reward: -200.000, Length: 200, Loss: 16.3479, Entropy: 1.0862, Epsilon: 0.010
2026-04-19 10:00:31 | INFO | Episode 6418 - Reward: -200.000, Length: 200, Loss: 13.0684, Entropy: 1.0872, Epsilon: 0.010
2026-04-19 10:00:33 | INFO | Episode 6419 - Reward: -200.000, Length: 200, Loss: 13.3108, Entropy: 1.0858, Epsilon: 0.010
2026-04-19 10:00:34 | INFO | Episode 6420 - Reward: -200.000, Length: 200, Loss: 16.5799, Entropy: 1.0838, Epsilon: 0.010
2026-04-19 10:00:34 | INFO | Episode 6421 - Reward: -200.000, Length: 200, Loss: 13.2023, Entropy: 1.0874, Epsilon: 0.010
2026-04-19 10:00:34 | INFO | Episode 6422 - Reward: -200.000, Length: 200, Loss: 9.8227, Entropy: 1.0837, Epsilon: 0.010
2026-04-19 10:00:35 | INFO | Episode 6423 - Reward: -200.000, Length: 200, Loss: 13.2251, Entropy: 1.0881, Epsilon: 0.010
2026-04-19 10:00:35 | INFO | Episode 6424 - Reward: -200.000, Length: 200, Loss: 29.4833, Entropy: 1.0655, Epsilon: 0.010
2026-04-19 10:00:36 | INFO | Episode 6425 - Reward: -200.000, Length: 200, Loss: 19.7791, Entropy: 1.0860, Epsilon: 0.010
2026-04-19 10:00:36 | INFO | Episode 6426 - Reward: -200.000, Length: 200, Loss: 13.1402, Entropy: 1.0831, Epsilon: 0.010
2026-04-19 10:00:36 | INFO | Episode 6427 - Reward: -200.000, Length: 200, Loss: 42.3812, Entropy: 1.0628, Epsilon: 0.010
2026-04-19 10:00:37 | INFO | Episode 6428 - Reward: -200.000, Length: 200, Loss: 16.3513, Entropy: 1.0832, Epsilon: 0.010
2026-04-19 10:00:37 | INFO | Episode 6429 - Reward: -200.000, Length: 200, Loss: 16.5336, Entropy: 1.0792, Epsilon: 0.010
2026-04-19 10:00:37 | INFO | Episode 6430 - Reward: -200.000, Length: 200, Loss: 22.9329, Entropy: 1.0822, Epsilon: 0.010
2026-04-19 10:00:38 | INFO | Episode 6431 - Reward: -200.000, Length: 200, Loss: 31.7242, Entropy: 1.0430, Epsilon: 0.010
2026-04-19 10:00:38 | INFO | Episode 6432 - Reward: -200.000, Length: 200, Loss: 6.2121, Entropy: 1.0874, Epsilon: 0.010
2026-04-19 10:00:38 | INFO | Episode 6433 - Reward: -200.000, Length: 200, Loss: 9.4937, Entropy: 1.0950, Epsilon: 0.010
2026-04-19 10:00:39 | INFO | Episode 6434 - Reward: -200.000, Length: 200, Loss: 9.4218, Entropy: 1.0556, Epsilon: 0.010
2026-04-19 10:00:39 | INFO | Episode 6435 - Reward: -200.000, Length: 200, Loss: 12.9037, Entropy: 1.0892, Epsilon: 0.010
2026-04-19 10:00:40 | INFO | Episode 6436 - Reward: -200.000, Length: 200, Loss: -0.2021, Entropy: 1.0957, Epsilon: 0.010
2026-04-19 10:00:40 | INFO | Episode 6437 - Reward: -200.000, Length: 200, Loss: 16.2070, Entropy: 1.0901, Epsilon: 0.010
2026-04-19 10:00:40 | INFO | Episode 6438 - Reward: -200.000, Length: 200, Loss: 9.7453, Entropy: 1.0878, Epsilon: 0.010
2026-04-19 10:00:41 | INFO | Episode 6439 - Reward: -200.000, Length: 200, Loss: 13.0555, Entropy: 1.0824, Epsilon: 0.010
2026-04-19 10:00:41 | INFO | Episode 6440 - Reward: -200.000, Length: 200, Loss: 13.0364, Entropy: 1.0840, Epsilon: 0.010
2026-04-19 10:00:41 | INFO | Episode 6441 - Reward: -200.000, Length: 200, Loss: 29.9422, Entropy: 1.0663, Epsilon: 0.010
2026-04-19 10:00:42 | INFO | Episode 6442 - Reward: -200.000, Length: 200, Loss: 23.2207, Entropy: 1.0528, Epsilon: 0.010
2026-04-19 10:00:42 | INFO | Episode 6443 - Reward: -200.000, Length: 200, Loss: 16.5696, Entropy: 1.0708, Epsilon: 0.010
2026-04-19 10:00:43 | INFO | Episode 6444 - Reward: -200.000, Length: 200, Loss: 23.8509, Entropy: 1.0673, Epsilon: 0.010
2026-04-19 10:00:43 | INFO | Episode 6445 - Reward: -200.000, Length: 200, Loss: 10.0699, Entropy: 1.0681, Epsilon: 0.010
2026-04-19 10:00:43 | INFO | Episode 6446 - Reward: -200.000, Length: 200, Loss: 20.1819, Entropy: 1.0539, Epsilon: 0.010
2026-04-19 10:00:44 | INFO | Episode 6447 - Reward: -200.000, Length: 200, Loss: 10.1735, Entropy: 1.0517, Epsilon: 0.010
2026-04-19 10:00:44 | INFO | Episode 6448 - Reward: -200.000, Length: 200, Loss: 23.7283, Entropy: 1.0923, Epsilon: 0.010
2026-04-19 10:00:44 | INFO | Episode 6449 - Reward: -200.000, Length: 200, Loss: 23.4316, Entropy: 1.0740, Epsilon: 0.010
2026-04-19 10:00:45 | INFO | Episode 6450 - Reward: -200.000, Length: 200, Loss: 19.7760, Entropy: 1.0500, Epsilon: 0.010
2026-04-19 10:00:45 | INFO | Episode 6451 - Reward: -200.000, Length: 200, Loss: 30.0152, Entropy: 1.0815, Epsilon: 0.010
2026-04-19 10:00:45 | INFO | Episode 6452 - Reward: -200.000, Length: 200, Loss: 9.7304, Entropy: 1.0858, Epsilon: 0.010
2026-04-19 10:00:46 | INFO | Episode 6453 - Reward: -200.000, Length: 200, Loss: 13.0943, Entropy: 1.0891, Epsilon: 0.010
2026-04-19 10:00:46 | INFO | Episode 6454 - Reward: -200.000, Length: 200, Loss: 16.2723, Entropy: 1.0903, Epsilon: 0.010
2026-04-19 10:00:47 | INFO | Episode 6455 - Reward: -200.000, Length: 200, Loss: 9.7579, Entropy: 1.0815, Epsilon: 0.010
2026-04-19 10:00:47 | INFO | Episode 6456 - Reward: -200.000, Length: 200, Loss: 13.0837, Entropy: 1.0863, Epsilon: 0.010
2026-04-19 10:00:47 | INFO | Episode 6457 - Reward: -200.000, Length: 200, Loss: 6.3985, Entropy: 1.0778, Epsilon: 0.010
2026-04-19 10:00:48 | INFO | Episode 6458 - Reward: -200.000, Length: 200, Loss: 9.7663, Entropy: 1.0933, Epsilon: 0.010
2026-04-19 10:00:48 | INFO | Episode 6459 - Reward: -200.000, Length: 200, Loss: 9.8494, Entropy: 1.0906, Epsilon: 0.010
2026-04-19 10:00:48 | INFO | Episode 6460 - Reward: -200.000, Length: 200, Loss: 20.0183, Entropy: 1.0875, Epsilon: 0.010
2026-04-19 10:00:49 | INFO | Episode 6461 - Reward: -200.000, Length: 200, Loss: 3.2057, Entropy: 1.0948, Epsilon: 0.010
2026-04-19 10:00:49 | INFO | Episode 6462 - Reward: -200.000, Length: 200, Loss: 13.3435, Entropy: 1.0884, Epsilon: 0.010
2026-04-19 10:00:49 | INFO | Episode 6463 - Reward: -200.000, Length: 200, Loss: 9.9007, Entropy: 1.0844, Epsilon: 0.010
2026-04-19 10:00:50 | INFO | Episode 6464 - Reward: -200.000, Length: 200, Loss: 20.1899, Entropy: 1.0844, Epsilon: 0.010
2026-04-19 10:00:50 | INFO | Episode 6465 - Reward: -200.000, Length: 200, Loss: 13.4971, Entropy: 1.0868, Epsilon: 0.010
2026-04-19 10:00:51 | INFO | Episode 6466 - Reward: -200.000, Length: 200, Loss: 10.0625, Entropy: 1.0900, Epsilon: 0.010
2026-04-19 10:00:51 | INFO | Episode 6467 - Reward: -200.000, Length: 200, Loss: 13.5588, Entropy: 1.0826, Epsilon: 0.010
2026-04-19 10:00:51 | INFO | Episode 6468 - Reward: -200.000, Length: 200, Loss: 17.0357, Entropy: 1.0829, Epsilon: 0.010
2026-04-19 10:00:52 | INFO | Episode 6469 - Reward: -200.000, Length: 200, Loss: 16.5894, Entropy: 1.0753, Epsilon: 0.010
2026-04-19 10:00:52 | INFO | Episode 6470 - Reward: -200.000, Length: 200, Loss: 13.1990, Entropy: 1.0820, Epsilon: 0.010
2026-04-19 10:00:52 | INFO | Episode 6471 - Reward: -200.000, Length: 200, Loss: 19.2882, Entropy: 1.0875, Epsilon: 0.010
2026-04-19 10:00:53 | INFO | Episode 6472 - Reward: -200.000, Length: 200, Loss: 22.8737, Entropy: 1.0798, Epsilon: 0.010
2026-04-19 10:00:53 | INFO | Episode 6473 - Reward: -200.000, Length: 200, Loss: 19.3772, Entropy: 1.0812, Epsilon: 0.010
2026-04-19 10:00:54 | INFO | Episode 6474 - Reward: -200.000, Length: 200, Loss: 3.0749, Entropy: 1.0859, Epsilon: 0.010
2026-04-19 10:00:54 | INFO | Episode 6475 - Reward: -200.000, Length: 200, Loss: 6.3480, Entropy: 1.0875, Epsilon: 0.010
2026-04-19 10:00:54 | INFO | Episode 6476 - Reward: -200.000, Length: 200, Loss: 29.3634, Entropy: 1.0720, Epsilon: 0.010
2026-04-19 10:00:55 | INFO | Episode 6477 - Reward: -200.000, Length: 200, Loss: 19.5838, Entropy: 1.0797, Epsilon: 0.010
2026-04-19 10:00:55 | INFO | Episode 6478 - Reward: -200.000, Length: 200, Loss: 22.6773, Entropy: 1.0887, Epsilon: 0.010
2026-04-19 10:00:55 | INFO | Episode 6479 - Reward: -200.000, Length: 200, Loss: 16.1719, Entropy: 1.0657, Epsilon: 0.010
2026-04-19 10:00:56 | INFO | Episode 6480 - Reward: -200.000, Length: 200, Loss: 12.9493, Entropy: 1.0897, Epsilon: 0.010
2026-04-19 10:00:56 | INFO | Episode 6481 - Reward: -200.000, Length: 200, Loss: 12.7685, Entropy: 1.0901, Epsilon: 0.010
2026-04-19 10:00:57 | INFO | Episode 6482 - Reward: -200.000, Length: 200, Loss: 29.1543, Entropy: 1.0762, Epsilon: 0.010
2026-04-19 10:00:57 | INFO | Episode 6483 - Reward: -200.000, Length: 200, Loss: 16.3507, Entropy: 1.0697, Epsilon: 0.010
2026-04-19 10:00:57 | INFO | Episode 6484 - Reward: -200.000, Length: 200, Loss: 6.4150, Entropy: 1.0914, Epsilon: 0.010
2026-04-19 10:00:58 | INFO | Episode 6485 - Reward: -200.000, Length: 200, Loss: 22.9552, Entropy: 1.0828, Epsilon: 0.010
2026-04-19 10:00:58 | INFO | Episode 6486 - Reward: -200.000, Length: 200, Loss: 22.8942, Entropy: 1.0714, Epsilon: 0.010
2026-04-19 10:00:58 | INFO | Episode 6487 - Reward: -200.000, Length: 200, Loss: 9.7879, Entropy: 1.0768, Epsilon: 0.010
2026-04-19 10:00:59 | INFO | Episode 6488 - Reward: -200.000, Length: 200, Loss: 6.4291, Entropy: 1.0773, Epsilon: 0.010
2026-04-19 10:00:59 | INFO | Episode 6489 - Reward: -200.000, Length: 200, Loss: 29.6546, Entropy: 1.0635, Epsilon: 0.010
2026-04-19 10:00:59 | INFO | Episode 6490 - Reward: -200.000, Length: 200, Loss: 23.1609, Entropy: 1.0696, Epsilon: 0.010
2026-04-19 10:01:00 | INFO | Episode 6491 - Reward: -200.000, Length: 200, Loss: 19.4064, Entropy: 1.0672, Epsilon: 0.010
2026-04-19 10:01:00 | INFO | Episode 6492 - Reward: -200.000, Length: 200, Loss: 12.9517, Entropy: 1.0923, Epsilon: 0.010
2026-04-19 10:01:01 | INFO | Episode 6493 - Reward: -200.000, Length: 200, Loss: 19.4058, Entropy: 1.0804, Epsilon: 0.010
2026-04-19 10:01:01 | INFO | Episode 6494 - Reward: -200.000, Length: 200, Loss: 13.1074, Entropy: 1.0787, Epsilon: 0.010
2026-04-19 10:01:01 | INFO | Episode 6495 - Reward: -200.000, Length: 200, Loss: 13.1474, Entropy: 1.0837, Epsilon: 0.010
2026-04-19 10:01:02 | INFO | Episode 6496 - Reward: -200.000, Length: 200, Loss: 23.4105, Entropy: 1.0730, Epsilon: 0.010
2026-04-19 10:01:02 | INFO | Episode 6497 - Reward: -200.000, Length: 200, Loss: 33.6347, Entropy: 1.0603, Epsilon: 0.010
2026-04-19 10:01:02 | INFO | Episode 6498 - Reward: -200.000, Length: 200, Loss: 16.5291, Entropy: 1.0802, Epsilon: 0.010
2026-04-19 10:01:03 | INFO | Episode 6499 - Reward: -200.000, Length: 200, Loss: 35.9389, Entropy: 1.0850, Epsilon: 0.010
2026-04-19 10:01:03 | INFO | Episode 6500 - Reward: -200.000, Length: 200, Loss: 3.1948, Entropy: 1.0892, Epsilon: 0.010
2026-04-19 10:01:08 | INFO | [Episode 6500] eps=0.010  avg_reward=-200.000  avg_length=200.00  avg_loss= 16.6236  avg_entropy=1.0892  eval_success=0.000
2026-04-19 10:01:09 | INFO | Episode 6501 - Reward: -200.000, Length: 200, Loss: 20.0277, Entropy: 1.0762, Epsilon: 0.010
2026-04-19 10:01:09 | INFO | Episode 6502 - Reward: -200.000, Length: 200, Loss: 6.4953, Entropy: 1.0858, Epsilon: 0.010
2026-04-19 10:01:09 | INFO | Episode 6503 - Reward: -200.000, Length: 200, Loss: 16.6059, Entropy: 1.0783, Epsilon: 0.010
2026-04-19 10:01:10 | INFO | Episode 6504 - Reward: -200.000, Length: 200, Loss: 13.3219, Entropy: 1.0689, Epsilon: 0.010
2026-04-19 10:01:10 | INFO | Episode 6505 - Reward: -200.000, Length: 200, Loss: 16.6149, Entropy: 1.0831, Epsilon: 0.010
2026-04-19 10:01:10 | INFO | Episode 6506 - Reward: -200.000, Length: 200, Loss: 22.6170, Entropy: 1.0827, Epsilon: 0.010
2026-04-19 10:01:11 | INFO | Episode 6507 - Reward: -200.000, Length: 200, Loss: 25.9648, Entropy: 1.0867, Epsilon: 0.010
2026-04-19 10:01:11 | INFO | Episode 6508 - Reward: -200.000, Length: 200, Loss: 19.1103, Entropy: 1.0565, Epsilon: 0.010
2026-04-19 10:01:11 | INFO | Episode 6509 - Reward: -200.000, Length: 200, Loss: 3.1607, Entropy: 1.0901, Epsilon: 0.010
2026-04-19 10:01:12 | INFO | Episode 6510 - Reward: -200.000, Length: 200, Loss: 22.9214, Entropy: 1.0504, Epsilon: 0.010
2026-04-19 10:01:12 | INFO | Episode 6511 - Reward: -200.000, Length: 200, Loss: 19.8075, Entropy: 1.0505, Epsilon: 0.010
2026-04-19 10:01:13 | INFO | Episode 6512 - Reward: -200.000, Length: 200, Loss: 29.6061, Entropy: 1.0513, Epsilon: 0.010
2026-04-19 10:01:13 | INFO | Episode 6513 - Reward: -200.000, Length: 200, Loss: 19.7433, Entropy: 1.0931, Epsilon: 0.010
2026-04-19 10:01:13 | INFO | Episode 6514 - Reward: -200.000, Length: 200, Loss: 16.7317, Entropy: 1.0758, Epsilon: 0.010
2026-04-19 10:01:14 | INFO | Episode 6515 - Reward: -200.000, Length: 200, Loss: 16.6834, Entropy: 1.0749, Epsilon: 0.010
2026-04-19 10:01:14 | INFO | Episode 6516 - Reward: -200.000, Length: 200, Loss: 20.3672, Entropy: 1.0793, Epsilon: 0.010
2026-04-19 10:01:14 | INFO | Episode 6517 - Reward: -200.000, Length: 200, Loss: 10.0723, Entropy: 1.0904, Epsilon: 0.010
2026-04-19 10:01:15 | INFO | Episode 6518 - Reward: -200.000, Length: 200, Loss: 6.5824, Entropy: 1.0790, Epsilon: 0.010
2026-04-19 10:01:15 | INFO | Episode 6519 - Reward: -200.000, Length: 200, Loss: 6.7668, Entropy: 1.0913, Epsilon: 0.010
2026-04-19 10:01:15 | INFO | Episode 6520 - Reward: -200.000, Length: 200, Loss: 20.5818, Entropy: 1.0801, Epsilon: 0.010
2026-04-19 10:01:16 | INFO | Episode 6521 - Reward: -200.000, Length: 200, Loss: 10.1001, Entropy: 1.0765, Epsilon: 0.010
2026-04-19 10:01:16 | INFO | Episode 6522 - Reward: -200.000, Length: 200, Loss: 27.2148, Entropy: 1.0768, Epsilon: 0.010
2026-04-19 10:01:17 | INFO | Episode 6523 - Reward: -200.000, Length: 200, Loss: 10.1714, Entropy: 1.0807, Epsilon: 0.010
2026-04-19 10:01:17 | INFO | Episode 6524 - Reward: -200.000, Length: 200, Loss: 20.6467, Entropy: 1.0712, Epsilon: 0.010
2026-04-19 10:01:17 | INFO | Episode 6525 - Reward: -200.000, Length: 200, Loss: 24.2781, Entropy: 1.0283, Epsilon: 0.010
2026-04-19 10:01:18 | INFO | Episode 6526 - Reward: -200.000, Length: 200, Loss: 6.6402, Entropy: 1.0869, Epsilon: 0.010
2026-04-19 10:01:18 | INFO | Episode 6527 - Reward: -200.000, Length: 200, Loss: 10.1469, Entropy: 1.0853, Epsilon: 0.010
2026-04-19 10:01:18 | INFO | Episode 6528 - Reward: -200.000, Length: 200, Loss: 16.7828, Entropy: 1.0714, Epsilon: 0.010
2026-04-19 10:01:19 | INFO | Episode 6529 - Reward: -200.000, Length: 200, Loss: 13.6323, Entropy: 1.0907, Epsilon: 0.010
2026-04-19 10:01:19 | INFO | Episode 6530 - Reward: -200.000, Length: 200, Loss: 16.8536, Entropy: 1.0719, Epsilon: 0.010
2026-04-19 10:01:19 | INFO | Episode 6531 - Reward: -200.000, Length: 200, Loss: 16.5900, Entropy: 1.0732, Epsilon: 0.010
2026-04-19 10:01:20 | INFO | Episode 6532 - Reward: -200.000, Length: 200, Loss: 16.5687, Entropy: 1.0863, Epsilon: 0.010
2026-04-19 10:01:20 | INFO | Episode 6533 - Reward: -200.000, Length: 200, Loss: 26.3077, Entropy: 1.0540, Epsilon: 0.010
2026-04-19 10:01:21 | INFO | Episode 6534 - Reward: -200.000, Length: 200, Loss: 9.8199, Entropy: 1.0636, Epsilon: 0.010
2026-04-19 10:01:21 | INFO | Episode 6535 - Reward: -200.000, Length: 200, Loss: 9.7749, Entropy: 1.0867, Epsilon: 0.010
2026-04-19 10:01:21 | INFO | Episode 6536 - Reward: -200.000, Length: 200, Loss: 20.0427, Entropy: 1.0806, Epsilon: 0.010
2026-04-19 10:01:22 | INFO | Episode 6537 - Reward: -200.000, Length: 200, Loss: 13.1360, Entropy: 1.0853, Epsilon: 0.010
2026-04-19 10:01:22 | INFO | Episode 6538 - Reward: -200.000, Length: 200, Loss: 9.6749, Entropy: 1.0829, Epsilon: 0.010
2026-04-19 10:01:22 | INFO | Episode 6539 - Reward: -200.000, Length: 200, Loss: 13.3349, Entropy: 1.0885, Epsilon: 0.010
2026-04-19 10:01:23 | INFO | Episode 6540 - Reward: -200.000, Length: 200, Loss: 50.0483, Entropy: 1.0508, Epsilon: 0.010
2026-04-19 10:01:23 | INFO | Episode 6541 - Reward: -200.000, Length: 200, Loss: 30.5968, Entropy: 1.0642, Epsilon: 0.010
2026-04-19 10:01:23 | INFO | Episode 6542 - Reward: -200.000, Length: 200, Loss: 27.1242, Entropy: 1.0509, Epsilon: 0.010
2026-04-19 10:01:24 | INFO | Episode 6543 - Reward: -200.000, Length: 200, Loss: 23.5561, Entropy: 1.0868, Epsilon: 0.010
2026-04-19 10:01:24 | INFO | Episode 6544 - Reward: -200.000, Length: 200, Loss: 10.1986, Entropy: 1.0910, Epsilon: 0.010
2026-04-19 10:01:24 | INFO | Episode 6545 - Reward: -200.000, Length: 200, Loss: 20.2425, Entropy: 1.0766, Epsilon: 0.010
2026-04-19 10:01:25 | INFO | Episode 6546 - Reward: -200.000, Length: 200, Loss: 27.7259, Entropy: 1.0797, Epsilon: 0.010
2026-04-19 10:01:25 | INFO | Episode 6547 - Reward: -200.000, Length: 200, Loss: 30.8826, Entropy: 1.0529, Epsilon: 0.010
2026-04-19 10:01:26 | INFO | Episode 6548 - Reward: -200.000, Length: 200, Loss: 27.5843, Entropy: 1.0429, Epsilon: 0.010
2026-04-19 10:01:26 | INFO | Episode 6549 - Reward: -200.000, Length: 200, Loss: 23.7227, Entropy: 1.0602, Epsilon: 0.010
2026-04-19 10:01:26 | INFO | Episode 6550 - Reward: -200.000, Length: 200, Loss: 17.0244, Entropy: 1.0765, Epsilon: 0.010
2026-04-19 10:01:27 | INFO | Episode 6551 - Reward: -200.000, Length: 200, Loss: 23.8348, Entropy: 1.0836, Epsilon: 0.010
2026-04-19 10:01:27 | INFO | Episode 6552 - Reward: -200.000, Length: 200, Loss: 20.5377, Entropy: 1.0810, Epsilon: 0.010
2026-04-19 10:01:27 | INFO | Episode 6553 - Reward: -200.000, Length: 200, Loss: 3.1794, Entropy: 1.0945, Epsilon: 0.010
2026-04-19 10:01:28 | INFO | Episode 6554 - Reward: -200.000, Length: 200, Loss: 6.9052, Entropy: 1.0879, Epsilon: 0.010
2026-04-19 10:01:28 | INFO | Episode 6555 - Reward: -200.000, Length: 200, Loss: 13.8057, Entropy: 1.0839, Epsilon: 0.010
2026-04-19 10:01:29 | INFO | Episode 6556 - Reward: -200.000, Length: 200, Loss: 10.2372, Entropy: 1.0825, Epsilon: 0.010
2026-04-19 10:01:29 | INFO | Episode 6557 - Reward: -200.000, Length: 200, Loss: 20.4005, Entropy: 1.0889, Epsilon: 0.010
2026-04-19 10:01:29 | INFO | Episode 6558 - Reward: -200.000, Length: 200, Loss: 20.5151, Entropy: 1.0703, Epsilon: 0.010
2026-04-19 10:01:30 | INFO | Episode 6559 - Reward: -200.000, Length: 200, Loss: 13.0834, Entropy: 1.0745, Epsilon: 0.010
2026-04-19 10:01:30 | INFO | Episode 6560 - Reward: -200.000, Length: 200, Loss: 26.2288, Entropy: 1.0791, Epsilon: 0.010
2026-04-19 10:01:30 | INFO | Episode 6561 - Reward: -200.000, Length: 200, Loss: 16.3630, Entropy: 1.0677, Epsilon: 0.010
2026-04-19 10:01:31 | INFO | Episode 6562 - Reward: -200.000, Length: 200, Loss: 9.7638, Entropy: 1.0723, Epsilon: 0.010
2026-04-19 10:01:31 | INFO | Episode 6563 - Reward: -200.000, Length: 200, Loss: 16.3590, Entropy: 1.0829, Epsilon: 0.010
2026-04-19 10:01:32 | INFO | Episode 6564 - Reward: -200.000, Length: 200, Loss: 13.1275, Entropy: 1.0871, Epsilon: 0.010
2026-04-19 10:01:32 | INFO | Episode 6565 - Reward: -200.000, Length: 200, Loss: 13.1165, Entropy: 1.0862, Epsilon: 0.010
2026-04-19 10:01:32 | INFO | Episode 6566 - Reward: -200.000, Length: 200, Loss: 23.2395, Entropy: 1.0589, Epsilon: 0.010
2026-04-19 10:01:33 | INFO | Episode 6567 - Reward: -200.000, Length: 200, Loss: 20.0560, Entropy: 1.0785, Epsilon: 0.010
2026-04-19 10:01:33 | INFO | Episode 6568 - Reward: -200.000, Length: 200, Loss: 10.2880, Entropy: 1.0778, Epsilon: 0.010
2026-04-19 10:01:33 | INFO | Episode 6569 - Reward: -200.000, Length: 200, Loss: 6.6754, Entropy: 1.0866, Epsilon: 0.010
2026-04-19 10:01:34 | INFO | Episode 6570 - Reward: -200.000, Length: 200, Loss: 16.7722, Entropy: 1.0910, Epsilon: 0.010
2026-04-19 10:01:34 | INFO | Episode 6571 - Reward: -200.000, Length: 200, Loss: 17.1028, Entropy: 1.0875, Epsilon: 0.010
2026-04-19 10:01:35 | INFO | Episode 6572 - Reward: -200.000, Length: 200, Loss: 17.1338, Entropy: 1.0732, Epsilon: 0.010
2026-04-19 10:01:35 | INFO | Episode 6573 - Reward: -200.000, Length: 200, Loss: 27.4201, Entropy: 1.0770, Epsilon: 0.010
2026-04-19 10:01:35 | INFO | Episode 6574 - Reward: -200.000, Length: 200, Loss: 16.9445, Entropy: 1.0799, Epsilon: 0.010
2026-04-19 10:01:36 | INFO | Episode 6575 - Reward: -200.000, Length: 200, Loss: 17.0596, Entropy: 1.0847, Epsilon: 0.010
2026-04-19 10:01:36 | INFO | Episode 6576 - Reward: -200.000, Length: 200, Loss: 6.5196, Entropy: 1.0727, Epsilon: 0.010
2026-04-19 10:01:36 | INFO | Episode 6577 - Reward: -200.000, Length: 200, Loss: 6.5275, Entropy: 1.0785, Epsilon: 0.010
2026-04-19 10:01:37 | INFO | Episode 6578 - Reward: -200.000, Length: 200, Loss: 16.6137, Entropy: 1.0582, Epsilon: 0.010
2026-04-19 10:01:37 | INFO | Episode 6579 - Reward: -200.000, Length: 200, Loss: 3.2112, Entropy: 1.0820, Epsilon: 0.010
2026-04-19 10:01:37 | INFO | Episode 6580 - Reward: -200.000, Length: 200, Loss: 16.5548, Entropy: 1.0819, Epsilon: 0.010
2026-04-19 10:01:38 | INFO | Episode 6581 - Reward: -200.000, Length: 200, Loss: 26.0920, Entropy: 1.0606, Epsilon: 0.010
2026-04-19 10:01:38 | INFO | Episode 6582 - Reward: -200.000, Length: 200, Loss: 13.3333, Entropy: 1.0835, Epsilon: 0.010
2026-04-19 10:01:39 | INFO | Episode 6583 - Reward: -200.000, Length: 200, Loss: 16.7159, Entropy: 1.0876, Epsilon: 0.010
2026-04-19 10:01:39 | INFO | Episode 6584 - Reward: -200.000, Length: 200, Loss: 29.6023, Entropy: 1.0675, Epsilon: 0.010
2026-04-19 10:01:39 | INFO | Episode 6585 - Reward: -200.000, Length: 200, Loss: 19.7737, Entropy: 1.0799, Epsilon: 0.010
2026-04-19 10:01:40 | INFO | Episode 6586 - Reward: -200.000, Length: 200, Loss: 16.5807, Entropy: 1.0823, Epsilon: 0.010
2026-04-19 10:01:40 | INFO | Episode 6587 - Reward: -200.000, Length: 200, Loss: 9.8728, Entropy: 1.0877, Epsilon: 0.010
2026-04-19 10:01:40 | INFO | Episode 6588 - Reward: -200.000, Length: 200, Loss: 16.7108, Entropy: 1.0834, Epsilon: 0.010
2026-04-19 10:01:41 | INFO | Episode 6589 - Reward: -200.000, Length: 200, Loss: 10.0552, Entropy: 1.0878, Epsilon: 0.010
2026-04-19 10:01:41 | INFO | Episode 6590 - Reward: -200.000, Length: 200, Loss: 10.2215, Entropy: 1.0742, Epsilon: 0.010
2026-04-19 10:01:41 | INFO | Episode 6591 - Reward: -200.000, Length: 200, Loss: 26.5979, Entropy: 1.0886, Epsilon: 0.010
2026-04-19 10:01:42 | INFO | Episode 6592 - Reward: -200.000, Length: 200, Loss: 13.3192, Entropy: 1.0743, Epsilon: 0.010
2026-04-19 10:01:42 | INFO | Episode 6593 - Reward: -200.000, Length: 200, Loss: 20.0530, Entropy: 1.0628, Epsilon: 0.010
2026-04-19 10:01:43 | INFO | Episode 6594 - Reward: -200.000, Length: 200, Loss: 32.6060, Entropy: 1.0287, Epsilon: 0.010
2026-04-19 10:01:43 | INFO | Episode 6595 - Reward: -200.000, Length: 200, Loss: 23.4102, Entropy: 1.0761, Epsilon: 0.010
2026-04-19 10:01:43 | INFO | Episode 6596 - Reward: -200.000, Length: 200, Loss: 3.0491, Entropy: 1.0925, Epsilon: 0.010
2026-04-19 10:01:44 | INFO | Episode 6597 - Reward: -200.000, Length: 200, Loss: 16.0416, Entropy: 1.0792, Epsilon: 0.010
2026-04-19 10:01:44 | INFO | Episode 6598 - Reward: -200.000, Length: 200, Loss: 16.3353, Entropy: 1.0758, Epsilon: 0.010
2026-04-19 10:01:44 | INFO | Episode 6599 - Reward: -200.000, Length: 200, Loss: 13.1538, Entropy: 1.0861, Epsilon: 0.010
2026-04-19 10:01:45 | INFO | Episode 6600 - Reward: -200.000, Length: 200, Loss: 9.6762, Entropy: 1.0893, Epsilon: 0.010
2026-04-19 10:01:50 | INFO | [Episode 6600] eps=0.010  avg_reward=-200.000  avg_length=200.00  avg_loss= 17.0698  avg_entropy=1.0893  eval_success=0.000
2026-04-19 10:01:50 | INFO | Episode 6601 - Reward: -200.000, Length: 200, Loss: 3.1696, Entropy: 1.0935, Epsilon: 0.010
2026-04-19 10:01:50 | INFO | Episode 6602 - Reward: -200.000, Length: 200, Loss: 9.8249, Entropy: 1.0892, Epsilon: 0.010
2026-04-19 10:01:51 | INFO | Episode 6603 - Reward: -200.000, Length: 200, Loss: 9.8589, Entropy: 1.0857, Epsilon: 0.010
2026-04-19 10:01:51 | INFO | Episode 6604 - Reward: -200.000, Length: 200, Loss: 33.5391, Entropy: 1.0646, Epsilon: 0.010
2026-04-19 10:01:52 | INFO | Episode 6605 - Reward: -200.000, Length: 200, Loss: 10.0487, Entropy: 1.0846, Epsilon: 0.010
2026-04-19 10:01:52 | INFO | Episode 6606 - Reward: -200.000, Length: 200, Loss: 10.0803, Entropy: 1.0918, Epsilon: 0.010
2026-04-19 10:01:52 | INFO | Episode 6607 - Reward: -200.000, Length: 200, Loss: 27.3720, Entropy: 1.0899, Epsilon: 0.010
2026-04-19 10:01:53 | INFO | Episode 6608 - Reward: -200.000, Length: 200, Loss: 3.2975, Entropy: 1.0930, Epsilon: 0.010
2026-04-19 10:01:53 | INFO | Episode 6609 - Reward: -200.000, Length: 200, Loss: 13.7210, Entropy: 1.0735, Epsilon: 0.010
2026-04-19 10:01:53 | INFO | Episode 6610 - Reward: -200.000, Length: 200, Loss: 24.1400, Entropy: 1.0464, Epsilon: 0.010
2026-04-19 10:01:54 | INFO | Episode 6611 - Reward: -200.000, Length: 200, Loss: 6.6092, Entropy: 1.0846, Epsilon: 0.010
2026-04-19 10:01:54 | INFO | Episode 6612 - Reward: -200.000, Length: 200, Loss: 27.2099, Entropy: 1.0710, Epsilon: 0.010
2026-04-19 10:01:54 | INFO | Episode 6613 - Reward: -200.000, Length: 200, Loss: 13.5915, Entropy: 1.0512, Epsilon: 0.010
2026-04-19 10:01:55 | INFO | Episode 6614 - Reward: -200.000, Length: 200, Loss: 13.5954, Entropy: 1.0839, Epsilon: 0.010
2026-04-19 10:01:55 | INFO | Episode 6615 - Reward: -200.000, Length: 200, Loss: 13.4316, Entropy: 1.0832, Epsilon: 0.010
2026-04-19 10:01:56 | INFO | Episode 6616 - Reward: -200.000, Length: 200, Loss: 17.0585, Entropy: 1.0855, Epsilon: 0.010
2026-04-19 10:01:56 | INFO | Episode 6617 - Reward: -200.000, Length: 200, Loss: 3.2795, Entropy: 1.0895, Epsilon: 0.010
2026-04-19 10:01:56 | INFO | Episode 6618 - Reward: -200.000, Length: 200, Loss: 20.4428, Entropy: 1.0901, Epsilon: 0.010
2026-04-19 10:01:57 | INFO | Episode 6619 - Reward: -200.000, Length: 200, Loss: 10.2620, Entropy: 1.0879, Epsilon: 0.010
2026-04-19 10:01:57 | INFO | Episode 6620 - Reward: -200.000, Length: 200, Loss: 20.2168, Entropy: 1.0604, Epsilon: 0.010
2026-04-19 10:01:57 | INFO | Episode 6621 - Reward: -200.000, Length: 200, Loss: 20.9375, Entropy: 1.0831, Epsilon: 0.010
2026-04-19 10:01:58 | INFO | Episode 6622 - Reward: -200.000, Length: 200, Loss: 17.1188, Entropy: 1.0675, Epsilon: 0.010
2026-04-19 10:01:58 | INFO | Episode 6623 - Reward: -200.000, Length: 200, Loss: 17.1376, Entropy: 1.0582, Epsilon: 0.010
2026-04-19 10:01:58 | INFO | Episode 6624 - Reward: -200.000, Length: 200, Loss: 16.8135, Entropy: 1.0770, Epsilon: 0.010
2026-04-19 10:01:59 | INFO | Episode 6625 - Reward: -200.000, Length: 200, Loss: 23.5235, Entropy: 1.0655, Epsilon: 0.010
2026-04-19 10:01:59 | INFO | Episode 6626 - Reward: -200.000, Length: 200, Loss: 3.1880, Entropy: 1.0775, Epsilon: 0.010
2026-04-19 10:02:00 | INFO | Episode 6627 - Reward: -200.000, Length: 200, Loss: 26.7022, Entropy: 1.0820, Epsilon: 0.010
2026-04-19 10:02:00 | INFO | Episode 6628 - Reward: -200.000, Length: 200, Loss: 29.9931, Entropy: 1.0733, Epsilon: 0.010
2026-04-19 10:02:00 | INFO | Episode 6629 - Reward: -200.000, Length: 200, Loss: 20.1210, Entropy: 1.0809, Epsilon: 0.010
2026-04-19 10:02:01 | INFO | Episode 6630 - Reward: -200.000, Length: 200, Loss: 17.1233, Entropy: 1.0881, Epsilon: 0.010
2026-04-19 10:02:01 | INFO | Episode 6631 - Reward: -200.000, Length: 200, Loss: 3.2330, Entropy: 1.0919, Epsilon: 0.010
2026-04-19 10:02:01 | INFO | Episode 6632 - Reward: -200.000, Length: 200, Loss: 33.8094, Entropy: 1.0024, Epsilon: 0.010
2026-04-19 10:02:02 | INFO | Episode 6633 - Reward: -200.000, Length: 200, Loss: 13.7070, Entropy: 1.0774, Epsilon: 0.010
2026-04-19 10:02:02 | INFO | Episode 6634 - Reward: -200.000, Length: 200, Loss: 17.1351, Entropy: 1.0822, Epsilon: 0.010
2026-04-19 10:02:03 | INFO | Episode 6635 - Reward: -200.000, Length: 200, Loss: 30.8907, Entropy: 1.0720, Epsilon: 0.010
2026-04-19 10:02:03 | INFO | Episode 6636 - Reward: -200.000, Length: 200, Loss: 20.6361, Entropy: 1.0853, Epsilon: 0.010
2026-04-19 10:02:03 | INFO | Episode 6637 - Reward: -200.000, Length: 200, Loss: 10.3973, Entropy: 1.0714, Epsilon: 0.010
2026-04-19 10:02:04 | INFO | Episode 6638 - Reward: -200.000, Length: 200, Loss: 20.1553, Entropy: 1.0563, Epsilon: 0.010
2026-04-19 10:02:04 | INFO | Episode 6639 - Reward: -200.000, Length: 200, Loss: 10.1074, Entropy: 1.0677, Epsilon: 0.010
2026-04-19 10:02:04 | INFO | Episode 6640 - Reward: -200.000, Length: 200, Loss: 10.0857, Entropy: 1.0809, Epsilon: 0.010
2026-04-19 10:02:05 | INFO | Episode 6641 - Reward: -200.000, Length: 200, Loss: 16.7505, Entropy: 1.0779, Epsilon: 0.010
2026-04-19 10:02:05 | INFO | Episode 6642 - Reward: -200.000, Length: 200, Loss: 23.4843, Entropy: 1.0767, Epsilon: 0.010
2026-04-19 10:02:06 | INFO | Episode 6643 - Reward: -200.000, Length: 200, Loss: 26.6157, Entropy: 1.0821, Epsilon: 0.010
2026-04-19 10:02:06 | INFO | Episode 6644 - Reward: -200.000, Length: 200, Loss: 13.1481, Entropy: 1.0756, Epsilon: 0.010
2026-04-19 10:02:06 | INFO | Episode 6645 - Reward: -200.000, Length: 200, Loss: 23.1169, Entropy: 1.0816, Epsilon: 0.010
2026-04-19 10:02:07 | INFO | Episode 6646 - Reward: -200.000, Length: 200, Loss: 19.7111, Entropy: 1.0588, Epsilon: 0.010
2026-04-19 10:02:07 | INFO | Episode 6647 - Reward: -200.000, Length: 200, Loss: 16.3147, Entropy: 1.0879, Epsilon: 0.010
2026-04-19 10:02:07 | INFO | Episode 6648 - Reward: -200.000, Length: 200, Loss: 19.6093, Entropy: 1.0825, Epsilon: 0.010
2026-04-19 10:02:08 | INFO | Episode 6649 - Reward: -200.000, Length: 200, Loss: 9.8331, Entropy: 1.0903, Epsilon: 0.010
2026-04-19 10:02:08 | INFO | Episode 6650 - Reward: -200.000, Length: 200, Loss: 9.7312, Entropy: 1.0844, Epsilon: 0.010
2026-04-19 10:02:08 | INFO | Episode 6651 - Reward: -200.000, Length: 200, Loss: 25.7885, Entropy: 1.0794, Epsilon: 0.010
2026-04-19 10:02:09 | INFO | Episode 6652 - Reward: -200.000, Length: 200, Loss: 26.2233, Entropy: 1.0690, Epsilon: 0.010
2026-04-19 10:02:09 | INFO | Episode 6653 - Reward: -200.000, Length: 200, Loss: 9.8337, Entropy: 1.0852, Epsilon: 0.010
2026-04-19 10:02:10 | INFO | Episode 6654 - Reward: -200.000, Length: 200, Loss: 26.3686, Entropy: 1.0835, Epsilon: 0.010
2026-04-19 10:02:10 | INFO | Episode 6655 - Reward: -200.000, Length: 200, Loss: 26.4886, Entropy: 1.0856, Epsilon: 0.010
2026-04-19 10:02:10 | INFO | Episode 6656 - Reward: -200.000, Length: 200, Loss: 16.4449, Entropy: 1.0579, Epsilon: 0.010
2026-04-19 10:02:11 | INFO | Episode 6657 - Reward: -200.000, Length: 200, Loss: 26.5281, Entropy: 1.0734, Epsilon: 0.010
2026-04-19 10:02:11 | INFO | Episode 6658 - Reward: -200.000, Length: 200, Loss: 26.3663, Entropy: 1.0354, Epsilon: 0.010
2026-04-19 10:02:11 | INFO | Episode 6659 - Reward: -200.000, Length: 200, Loss: 31.6090, Entropy: 1.0657, Epsilon: 0.010
2026-04-19 10:02:12 | INFO | Episode 6660 - Reward: -200.000, Length: 200, Loss: 9.4904, Entropy: 1.0899, Epsilon: 0.010
2026-04-19 10:02:12 | INFO | Episode 6661 - Reward: -200.000, Length: 200, Loss: 6.2752, Entropy: 1.0907, Epsilon: 0.010
2026-04-19 10:02:12 | INFO | Episode 6662 - Reward: -200.000, Length: 200, Loss: 12.7416, Entropy: 1.0778, Epsilon: 0.010
2026-04-19 10:02:13 | INFO | Episode 6663 - Reward: -200.000, Length: 200, Loss: 9.5103, Entropy: 1.0838, Epsilon: 0.010
2026-04-19 10:02:13 | INFO | Episode 6664 - Reward: -200.000, Length: 200, Loss: 9.5958, Entropy: 1.0846, Epsilon: 0.010
2026-04-19 10:02:14 | INFO | Episode 6665 - Reward: -200.000, Length: 200, Loss: 28.8434, Entropy: 1.0724, Epsilon: 0.010
2026-04-19 10:02:14 | INFO | Episode 6666 - Reward: -200.000, Length: 200, Loss: 32.0803, Entropy: 1.0419, Epsilon: 0.010
2026-04-19 10:02:14 | INFO | Episode 6667 - Reward: -200.000, Length: 200, Loss: 19.6854, Entropy: 1.0857, Epsilon: 0.010
2026-04-19 10:02:15 | INFO | Episode 6668 - Reward: -200.000, Length: 200, Loss: 9.6065, Entropy: 1.0874, Epsilon: 0.010
2026-04-19 10:02:15 | INFO | Episode 6669 - Reward: -200.000, Length: 200, Loss: 13.2580, Entropy: 1.0830, Epsilon: 0.010
2026-04-19 10:02:15 | INFO | Episode 6670 - Reward: -200.000, Length: 200, Loss: 16.2271, Entropy: 1.0486, Epsilon: 0.010
2026-04-19 10:02:16 | INFO | Episode 6671 - Reward: -200.000, Length: 200, Loss: 16.3060, Entropy: 1.0719, Epsilon: 0.010
2026-04-19 10:02:16 | INFO | Episode 6672 - Reward: -200.000, Length: 200, Loss: 13.0522, Entropy: 1.0911, Epsilon: 0.010
2026-04-19 10:02:16 | INFO | Episode 6673 - Reward: -200.000, Length: 200, Loss: 23.0418, Entropy: 1.0683, Epsilon: 0.010
2026-04-19 10:02:17 | INFO | Episode 6674 - Reward: -200.000, Length: 200, Loss: 19.1250, Entropy: 1.0856, Epsilon: 0.010
2026-04-19 10:02:17 | INFO | Episode 6675 - Reward: -200.000, Length: 200, Loss: 22.8573, Entropy: 1.0708, Epsilon: 0.010
2026-04-19 10:02:18 | INFO | Episode 6676 - Reward: -200.000, Length: 200, Loss: 26.1444, Entropy: 1.0782, Epsilon: 0.010
2026-04-19 10:02:18 | INFO | Episode 6677 - Reward: -200.000, Length: 200, Loss: 15.8868, Entropy: 1.0610, Epsilon: 0.010
2026-04-19 10:02:18 | INFO | Episode 6678 - Reward: -200.000, Length: 200, Loss: 6.4404, Entropy: 1.0900, Epsilon: 0.010
2026-04-19 10:02:19 | INFO | Episode 6679 - Reward: -200.000, Length: 200, Loss: 12.8773, Entropy: 1.0806, Epsilon: 0.010
2026-04-19 10:02:19 | INFO | Episode 6680 - Reward: -200.000, Length: 200, Loss: 26.2390, Entropy: 1.0743, Epsilon: 0.010
2026-04-19 10:02:19 | INFO | Episode 6681 - Reward: -200.000, Length: 200, Loss: 19.3353, Entropy: 1.0730, Epsilon: 0.010
2026-04-19 10:02:20 | INFO | Episode 6682 - Reward: -200.000, Length: 200, Loss: 15.6415, Entropy: 1.0738, Epsilon: 0.010
2026-04-19 10:02:20 | INFO | Episode 6683 - Reward: -200.000, Length: 200, Loss: 12.9387, Entropy: 1.0807, Epsilon: 0.010
2026-04-19 10:02:20 | INFO | Episode 6684 - Reward: -200.000, Length: 200, Loss: 13.1612, Entropy: 1.0660, Epsilon: 0.010
2026-04-19 10:02:21 | INFO | Episode 6685 - Reward: -200.000, Length: 200, Loss: 15.9674, Entropy: 1.0844, Epsilon: 0.010
2026-04-19 10:02:21 | INFO | Episode 6686 - Reward: -200.000, Length: 200, Loss: 9.9912, Entropy: 1.0786, Epsilon: 0.010
2026-04-19 10:02:22 | INFO | Episode 6687 - Reward: -200.000, Length: 200, Loss: 3.1134, Entropy: 1.0935, Epsilon: 0.010
2026-04-19 10:02:22 | INFO | Episode 6688 - Reward: -200.000, Length: 200, Loss: 6.5090, Entropy: 1.0932, Epsilon: 0.010
2026-04-19 10:02:22 | INFO | Episode 6689 - Reward: -200.000, Length: 200, Loss: 29.7827, Entropy: 1.0841, Epsilon: 0.010
2026-04-19 10:02:23 | INFO | Episode 6690 - Reward: -200.000, Length: 200, Loss: 19.8077, Entropy: 1.0447, Epsilon: 0.010
2026-04-19 10:02:23 | INFO | Episode 6691 - Reward: -200.000, Length: 200, Loss: 19.5503, Entropy: 1.0793, Epsilon: 0.010
2026-04-19 10:02:23 | INFO | Episode 6692 - Reward: -200.000, Length: 200, Loss: 19.6403, Entropy: 1.0816, Epsilon: 0.010
2026-04-19 10:02:24 | INFO | Episode 6693 - Reward: -200.000, Length: 200, Loss: 9.7791, Entropy: 1.0790, Epsilon: 0.010
2026-04-19 10:02:24 | INFO | Episode 6694 - Reward: -200.000, Length: 200, Loss: 16.5476, Entropy: 1.0887, Epsilon: 0.010
2026-04-19 10:02:24 | INFO | Episode 6695 - Reward: -200.000, Length: 200, Loss: 23.5247, Entropy: 1.0844, Epsilon: 0.010
2026-04-19 10:02:25 | INFO | Episode 6696 - Reward: -200.000, Length: 200, Loss: 23.3620, Entropy: 1.0670, Epsilon: 0.010
2026-04-19 10:02:25 | INFO | Episode 6697 - Reward: -200.000, Length: 200, Loss: 13.3868, Entropy: 1.0815, Epsilon: 0.010
2026-04-19 10:02:26 | INFO | Episode 6698 - Reward: -200.000, Length: 200, Loss: 13.4111, Entropy: 1.0867, Epsilon: 0.010
2026-04-19 10:02:26 | INFO | Episode 6699 - Reward: -200.000, Length: 200, Loss: 6.5330, Entropy: 1.0820, Epsilon: 0.010
2026-04-19 10:02:26 | INFO | Episode 6700 - Reward: -200.000, Length: 200, Loss: 19.6458, Entropy: 1.0729, Epsilon: 0.010
2026-04-19 10:02:31 | INFO | [Episode 6700] eps=0.010  avg_reward=-200.000  avg_length=200.00  avg_loss= 17.0844  avg_entropy=1.0729  eval_success=0.000
2026-04-19 10:02:32 | INFO | Episode 6701 - Reward: -200.000, Length: 200, Loss: 6.3867, Entropy: 1.0840, Epsilon: 0.010
2026-04-19 10:02:32 | INFO | Episode 6702 - Reward: -200.000, Length: 200, Loss: 3.1410, Entropy: 1.0907, Epsilon: 0.010
2026-04-19 10:02:32 | INFO | Episode 6703 - Reward: -200.000, Length: 200, Loss: 13.0761, Entropy: 1.0861, Epsilon: 0.010
2026-04-19 10:02:33 | INFO | Episode 6704 - Reward: -200.000, Length: 200, Loss: 12.8146, Entropy: 1.0856, Epsilon: 0.010
2026-04-19 10:02:33 | INFO | Episode 6705 - Reward: -200.000, Length: 200, Loss: 12.7252, Entropy: 1.0688, Epsilon: 0.010
2026-04-19 10:02:33 | INFO | Episode 6706 - Reward: -200.000, Length: 200, Loss: 16.6471, Entropy: 1.0801, Epsilon: 0.010
2026-04-19 10:02:34 | INFO | Episode 6707 - Reward: -200.000, Length: 200, Loss: 16.4989, Entropy: 1.0881, Epsilon: 0.010
2026-04-19 10:02:34 | INFO | Episode 6708 - Reward: -200.000, Length: 200, Loss: 6.4802, Entropy: 1.0911, Epsilon: 0.010
2026-04-19 10:02:35 | INFO | Episode 6709 - Reward: -200.000, Length: 200, Loss: 6.6332, Entropy: 1.0876, Epsilon: 0.010
2026-04-19 10:02:35 | INFO | Episode 6710 - Reward: -200.000, Length: 200, Loss: 30.4747, Entropy: 1.0839, Epsilon: 0.010
2026-04-19 10:02:35 | INFO | Episode 6711 - Reward: -200.000, Length: 200, Loss: 19.7141, Entropy: 1.0899, Epsilon: 0.010
2026-04-19 10:02:36 | INFO | Episode 6712 - Reward: -200.000, Length: 200, Loss: 13.1525, Entropy: 1.0772, Epsilon: 0.010
2026-04-19 10:02:36 | INFO | Episode 6713 - Reward: -200.000, Length: 200, Loss: 16.4304, Entropy: 1.0861, Epsilon: 0.010
2026-04-19 10:02:36 | INFO | Episode 6714 - Reward: -200.000, Length: 200, Loss: 9.8279, Entropy: 1.0888, Epsilon: 0.010
2026-04-19 10:02:37 | INFO | Episode 6715 - Reward: -200.000, Length: 200, Loss: 19.9196, Entropy: 1.0634, Epsilon: 0.010
2026-04-19 10:02:37 | INFO | Episode 6716 - Reward: -200.000, Length: 200, Loss: 3.1701, Entropy: 1.0923, Epsilon: 0.010
2026-04-19 10:02:38 | INFO | Episode 6717 - Reward: -200.000, Length: 200, Loss: 16.4742, Entropy: 1.0712, Epsilon: 0.010
2026-04-19 10:02:38 | INFO | Episode 6718 - Reward: -200.000, Length: 200, Loss: 16.6787, Entropy: 1.0748, Epsilon: 0.010
2026-04-19 10:02:38 | INFO | Episode 6719 - Reward: -200.000, Length: 200, Loss: 6.4457, Entropy: 1.0913, Epsilon: 0.010
2026-04-19 10:02:39 | INFO | Episode 6720 - Reward: -200.000, Length: 200, Loss: 19.5920, Entropy: 1.0768, Epsilon: 0.010
2026-04-19 10:02:39 | INFO | Episode 6721 - Reward: -200.000, Length: 200, Loss: 23.2525, Entropy: 1.0367, Epsilon: 0.010
2026-04-19 10:02:39 | INFO | Episode 6722 - Reward: -200.000, Length: 200, Loss: 36.8223, Entropy: 1.0741, Epsilon: 0.010
2026-04-19 10:02:40 | INFO | Episode 6723 - Reward: -200.000, Length: 200, Loss: 6.6643, Entropy: 1.0886, Epsilon: 0.010
2026-04-19 10:02:40 | INFO | Episode 6724 - Reward: -200.000, Length: 200, Loss: 6.7250, Entropy: 1.0903, Epsilon: 0.010
2026-04-19 10:02:40 | INFO | Episode 6725 - Reward: -200.000, Length: 200, Loss: 16.7434, Entropy: 1.0776, Epsilon: 0.010
2026-04-19 10:02:41 | INFO | Episode 6726 - Reward: -200.000, Length: 200, Loss: 13.2046, Entropy: 1.0773, Epsilon: 0.010
2026-04-19 10:02:41 | INFO | Episode 6727 - Reward: -200.000, Length: 200, Loss: 22.7636, Entropy: 1.0803, Epsilon: 0.010
2026-04-19 10:02:42 | INFO | Episode 6728 - Reward: -200.000, Length: 200, Loss: 10.0006, Entropy: 1.0744, Epsilon: 0.010
2026-04-19 10:02:42 | INFO | Episode 6729 - Reward: -200.000, Length: 200, Loss: 23.2514, Entropy: 1.0817, Epsilon: 0.010
2026-04-19 10:02:42 | INFO | Episode 6730 - Reward: -200.000, Length: 200, Loss: 19.9064, Entropy: 1.0795, Epsilon: 0.010
2026-04-19 10:02:43 | INFO | Episode 6731 - Reward: -200.000, Length: 200, Loss: 9.5543, Entropy: 1.0810, Epsilon: 0.010
2026-04-19 10:02:43 | INFO | Episode 6732 - Reward: -200.000, Length: 200, Loss: 22.7925, Entropy: 1.0803, Epsilon: 0.010
2026-04-19 10:02:43 | INFO | Episode 6733 - Reward: -200.000, Length: 200, Loss: 29.3854, Entropy: 1.0660, Epsilon: 0.010
2026-04-19 10:02:44 | INFO | Episode 6734 - Reward: -200.000, Length: 200, Loss: 19.3847, Entropy: 1.0636, Epsilon: 0.010
2026-04-19 10:02:44 | INFO | Episode 6735 - Reward: -200.000, Length: 200, Loss: 22.4688, Entropy: 1.0154, Epsilon: 0.010
2026-04-19 10:02:44 | INFO | Episode 6736 - Reward: -200.000, Length: 200, Loss: 32.5345, Entropy: 1.0819, Epsilon: 0.010
2026-04-19 10:02:45 | INFO | Episode 6737 - Reward: -200.000, Length: 200, Loss: 6.3396, Entropy: 1.0939, Epsilon: 0.010
2026-04-19 10:02:45 | INFO | Episode 6738 - Reward: -200.000, Length: 200, Loss: 12.4881, Entropy: 1.0873, Epsilon: 0.010
2026-04-19 10:02:46 | INFO | Episode 6739 - Reward: -200.000, Length: 200, Loss: 9.3451, Entropy: 1.0876, Epsilon: 0.010
2026-04-19 10:02:46 | INFO | Episode 6740 - Reward: -200.000, Length: 200, Loss: 18.9944, Entropy: 1.0813, Epsilon: 0.010
2026-04-19 10:02:46 | INFO | Episode 6741 - Reward: -200.000, Length: 200, Loss: 31.2926, Entropy: 1.0825, Epsilon: 0.010
2026-04-19 10:02:47 | INFO | Episode 6742 - Reward: -200.000, Length: 200, Loss: 25.1568, Entropy: 1.0701, Epsilon: 0.010
2026-04-19 10:02:47 | INFO | Episode 6743 - Reward: -200.000, Length: 200, Loss: 15.8725, Entropy: 1.0827, Epsilon: 0.010
2026-04-19 10:02:47 | INFO | Episode 6744 - Reward: -200.000, Length: 200, Loss: 15.5631, Entropy: 1.0875, Epsilon: 0.010
2026-04-19 10:02:48 | INFO | Episode 6745 - Reward: -200.000, Length: 200, Loss: 12.6678, Entropy: 1.0894, Epsilon: 0.010
2026-04-19 10:02:48 | INFO | Episode 6746 - Reward: -200.000, Length: 200, Loss: 19.0134, Entropy: 1.0755, Epsilon: 0.010
2026-04-19 10:02:49 | INFO | Episode 6747 - Reward: -200.000, Length: 200, Loss: 18.6049, Entropy: 1.0856, Epsilon: 0.010
2026-04-19 10:02:49 | INFO | Episode 6748 - Reward: -200.000, Length: 200, Loss: 9.4017, Entropy: 1.0890, Epsilon: 0.010
2026-04-19 10:02:49 | INFO | Episode 6749 - Reward: -200.000, Length: 200, Loss: 21.8908, Entropy: 1.0755, Epsilon: 0.010
2026-04-19 10:02:50 | INFO | Episode 6750 - Reward: -200.000, Length: 200, Loss: 12.3037, Entropy: 1.0810, Epsilon: 0.010
2026-04-19 10:02:50 | INFO | Episode 6751 - Reward: -200.000, Length: 200, Loss: 24.7631, Entropy: 1.0819, Epsilon: 0.010
2026-04-19 10:02:50 | INFO | Episode 6752 - Reward: -200.000, Length: 200, Loss: 9.1754, Entropy: 1.0875, Epsilon: 0.010
2026-04-19 10:02:51 | INFO | Episode 6753 - Reward: -200.000, Length: 200, Loss: 5.9387, Entropy: 1.0898, Epsilon: 0.010
2026-04-19 10:02:51 | INFO | Episode 6754 - Reward: -200.000, Length: 200, Loss: 22.0251, Entropy: 1.0688, Epsilon: 0.010
2026-04-19 10:02:51 | INFO | Episode 6755 - Reward: -200.000, Length: 200, Loss: 31.7285, Entropy: 1.0596, Epsilon: 0.010
2026-04-19 10:02:52 | INFO | Episode 6756 - Reward: -200.000, Length: 200, Loss: 12.4351, Entropy: 1.0820, Epsilon: 0.010
2026-04-19 10:02:52 | INFO | Episode 6757 - Reward: -200.000, Length: 200, Loss: 6.1475, Entropy: 1.0834, Epsilon: 0.010
2026-04-19 10:02:53 | INFO | Episode 6758 - Reward: -200.000, Length: 200, Loss: 21.3013, Entropy: 1.0826, Epsilon: 0.010
2026-04-19 10:02:55 | INFO | Episode 6759 - Reward: -200.000, Length: 200, Loss: 8.9057, Entropy: 1.0881, Epsilon: 0.010
2026-04-19 10:02:55 | INFO | Episode 6760 - Reward: -200.000, Length: 200, Loss: 11.9465, Entropy: 1.0826, Epsilon: 0.010
2026-04-19 10:02:55 | INFO | Episode 6761 - Reward: -200.000, Length: 200, Loss: 21.1931, Entropy: 1.0693, Epsilon: 0.010
2026-04-19 10:02:56 | INFO | Episode 6762 - Reward: -200.000, Length: 200, Loss: 30.8182, Entropy: 1.0417, Epsilon: 0.010
2026-04-19 10:02:56 | INFO | Episode 6763 - Reward: -200.000, Length: 200, Loss: 2.9363, Entropy: 1.0746, Epsilon: 0.010
2026-04-19 10:02:57 | INFO | Episode 6764 - Reward: -200.000, Length: 200, Loss: 9.1625, Entropy: 1.0880, Epsilon: 0.010
2026-04-19 10:02:57 | INFO | Episode 6765 - Reward: -200.000, Length: 200, Loss: 9.1417, Entropy: 1.0853, Epsilon: 0.010
2026-04-19 10:02:57 | INFO | Episode 6766 - Reward: -200.000, Length: 200, Loss: 15.6482, Entropy: 1.0848, Epsilon: 0.010
2026-04-19 10:02:58 | INFO | Episode 6767 - Reward: -200.000, Length: 200, Loss: 15.6498, Entropy: 1.0807, Epsilon: 0.010
2026-04-19 10:02:58 | INFO | Episode 6768 - Reward: -200.000, Length: 200, Loss: 15.3949, Entropy: 1.0932, Epsilon: 0.010
2026-04-19 10:02:58 | INFO | Episode 6769 - Reward: -200.000, Length: 200, Loss: 9.4429, Entropy: 1.0916, Epsilon: 0.010
2026-04-19 10:02:59 | INFO | Episode 6770 - Reward: -200.000, Length: 200, Loss: 19.0115, Entropy: 1.0751, Epsilon: 0.010
2026-04-19 10:02:59 | INFO | Episode 6771 - Reward: -200.000, Length: 200, Loss: 9.1489, Entropy: 1.0933, Epsilon: 0.010
2026-04-19 10:02:59 | INFO | Episode 6772 - Reward: -200.000, Length: 200, Loss: 18.8440, Entropy: 1.0541, Epsilon: 0.010
2026-04-19 10:03:00 | INFO | Episode 6773 - Reward: -200.000, Length: 200, Loss: 9.3248, Entropy: 1.0652, Epsilon: 0.010
2026-04-19 10:03:00 | INFO | Episode 6774 - Reward: -200.000, Length: 200, Loss: 12.4058, Entropy: 1.0882, Epsilon: 0.010
2026-04-19 10:03:01 | INFO | Episode 6775 - Reward: -200.000, Length: 200, Loss: 18.9572, Entropy: 1.0735, Epsilon: 0.010
2026-04-19 10:03:01 | INFO | Episode 6776 - Reward: -200.000, Length: 200, Loss: 21.9189, Entropy: 1.0781, Epsilon: 0.010
2026-04-19 10:03:01 | INFO | Episode 6777 - Reward: -200.000, Length: 200, Loss: 6.1366, Entropy: 1.0943, Epsilon: 0.010
2026-04-19 10:03:02 | INFO | Episode 6778 - Reward: -200.000, Length: 200, Loss: 22.0581, Entropy: 1.0732, Epsilon: 0.010
2026-04-19 10:03:02 | INFO | Episode 6779 - Reward: -200.000, Length: 200, Loss: 15.5783, Entropy: 1.0803, Epsilon: 0.010
2026-04-19 10:03:02 | INFO | Episode 6780 - Reward: -200.000, Length: 200, Loss: 21.9749, Entropy: 1.0811, Epsilon: 0.010
2026-04-19 10:03:03 | INFO | Episode 6781 - Reward: -200.000, Length: 200, Loss: 18.2275, Entropy: 1.0618, Epsilon: 0.010
2026-04-19 10:03:03 | INFO | Episode 6782 - Reward: -200.000, Length: 200, Loss: 21.9064, Entropy: 1.0707, Epsilon: 0.010
2026-04-19 10:03:04 | INFO | Episode 6783 - Reward: -200.000, Length: 200, Loss: 9.2206, Entropy: 1.0898, Epsilon: 0.010
2026-04-19 10:03:04 | INFO | Episode 6784 - Reward: -200.000, Length: 200, Loss: 12.2963, Entropy: 1.0821, Epsilon: 0.010
2026-04-19 10:03:04 | INFO | Episode 6785 - Reward: -200.000, Length: 200, Loss: 15.5722, Entropy: 1.0779, Epsilon: 0.010
2026-04-19 10:03:05 | INFO | Episode 6786 - Reward: -200.000, Length: 200, Loss: 27.5042, Entropy: 1.0642, Epsilon: 0.010
2026-04-19 10:03:05 | INFO | Episode 6787 - Reward: -200.000, Length: 200, Loss: 21.3525, Entropy: 1.0879, Epsilon: 0.010
2026-04-19 10:03:05 | INFO | Episode 6788 - Reward: -200.000, Length: 200, Loss: 15.2670, Entropy: 1.0253, Epsilon: 0.010
2026-04-19 10:03:06 | INFO | Episode 6789 - Reward: -200.000, Length: 200, Loss: 15.2041, Entropy: 1.0874, Epsilon: 0.010
2026-04-19 10:03:06 | INFO | Episode 6790 - Reward: -200.000, Length: 200, Loss: 2.9349, Entropy: 1.0891, Epsilon: 0.010
2026-04-19 10:03:07 | INFO | Episode 6791 - Reward: -200.000, Length: 200, Loss: 12.2894, Entropy: 1.0848, Epsilon: 0.010
2026-04-19 10:03:07 | INFO | Episode 6792 - Reward: -200.000, Length: 200, Loss: 9.1601, Entropy: 1.0840, Epsilon: 0.010
2026-04-19 10:03:07 | INFO | Episode 6793 - Reward: -200.000, Length: 200, Loss: 5.9931, Entropy: 1.0813, Epsilon: 0.010
2026-04-19 10:03:08 | INFO | Episode 6794 - Reward: -200.000, Length: 200, Loss: 15.5858, Entropy: 1.0805, Epsilon: 0.010
2026-04-19 10:03:08 | INFO | Episode 6795 - Reward: -200.000, Length: 200, Loss: 24.9007, Entropy: 1.0803, Epsilon: 0.010
2026-04-19 10:03:08 | INFO | Episode 6796 - Reward: -200.000, Length: 200, Loss: 6.1338, Entropy: 1.0906, Epsilon: 0.010
2026-04-19 10:03:09 | INFO | Episode 6797 - Reward: -200.000, Length: 200, Loss: 18.6871, Entropy: 1.0799, Epsilon: 0.010
2026-04-19 10:03:09 | INFO | Episode 6798 - Reward: -200.000, Length: 200, Loss: 18.6093, Entropy: 1.0738, Epsilon: 0.010
2026-04-19 10:03:10 | INFO | Episode 6799 - Reward: -200.000, Length: 200, Loss: 36.6156, Entropy: 1.0471, Epsilon: 0.010
2026-04-19 10:03:10 | INFO | Episode 6800 - Reward: -200.000, Length: 200, Loss: 15.1420, Entropy: 1.0729, Epsilon: 0.010
2026-04-19 10:03:15 | INFO | [Episode 6800] eps=0.010  avg_reward=-200.000  avg_length=200.00  avg_loss= 15.9239  avg_entropy=1.0729  eval_success=0.000
2026-04-19 10:03:15 | INFO | Episode 6801 - Reward: -200.000, Length: 200, Loss: 24.6323, Entropy: 1.0798, Epsilon: 0.010
2026-04-19 10:03:16 | INFO | Episode 6802 - Reward: -200.000, Length: 200, Loss: 18.2742, Entropy: 1.0896, Epsilon: 0.010
2026-04-19 10:03:16 | INFO | Episode 6803 - Reward: -200.000, Length: 200, Loss: 15.0480, Entropy: 1.0824, Epsilon: 0.010
2026-04-19 10:03:16 | INFO | Episode 6804 - Reward: -200.000, Length: 200, Loss: 15.3993, Entropy: 1.0748, Epsilon: 0.010
2026-04-19 10:03:17 | INFO | Episode 6805 - Reward: -200.000, Length: 200, Loss: 12.0225, Entropy: 1.0846, Epsilon: 0.010
2026-04-19 10:03:17 | INFO | Episode 6806 - Reward: -200.000, Length: 200, Loss: 30.4179, Entropy: 1.0421, Epsilon: 0.010
2026-04-19 10:03:17 | INFO | Episode 6807 - Reward: -200.000, Length: 200, Loss: 12.3796, Entropy: 1.0376, Epsilon: 0.010
2026-04-19 10:03:18 | INFO | Episode 6808 - Reward: -200.000, Length: 200, Loss: 12.1873, Entropy: 1.0858, Epsilon: 0.010
2026-04-19 10:03:18 | INFO | Episode 6809 - Reward: -200.000, Length: 200, Loss: 24.4713, Entropy: 1.0809, Epsilon: 0.010
2026-04-19 10:03:19 | INFO | Episode 6810 - Reward: -200.000, Length: 200, Loss: 12.1471, Entropy: 1.0917, Epsilon: 0.010
2026-04-19 10:03:19 | INFO | Episode 6811 - Reward: -200.000, Length: 200, Loss: 27.2231, Entropy: 1.0768, Epsilon: 0.010
2026-04-19 10:03:19 | INFO | Episode 6812 - Reward: -200.000, Length: 200, Loss: 30.4208, Entropy: 1.0496, Epsilon: 0.010
2026-04-19 10:03:20 | INFO | Episode 6813 - Reward: -200.000, Length: 200, Loss: 27.0277, Entropy: 1.0680, Epsilon: 0.010
2026-04-19 10:03:20 | INFO | Episode 6814 - Reward: -200.000, Length: 200, Loss: 8.6923, Entropy: 1.0936, Epsilon: 0.010
2026-04-19 10:03:20 | INFO | Episode 6815 - Reward: -200.000, Length: 200, Loss: 17.1946, Entropy: 1.0659, Epsilon: 0.010
2026-04-19 10:03:21 | INFO | Episode 6816 - Reward: -200.000, Length: 200, Loss: 14.6174, Entropy: 1.0770, Epsilon: 0.010
2026-04-19 10:03:21 | INFO | Episode 6817 - Reward: -200.000, Length: 200, Loss: 8.8955, Entropy: 1.0876, Epsilon: 0.010
2026-04-19 10:03:21 | INFO | Episode 6818 - Reward: -200.000, Length: 200, Loss: 14.5945, Entropy: 1.0677, Epsilon: 0.010
2026-04-19 10:03:22 | INFO | Episode 6819 - Reward: -200.000, Length: 200, Loss: 17.9003, Entropy: 1.0781, Epsilon: 0.010
2026-04-19 10:03:22 | INFO | Episode 6820 - Reward: -200.000, Length: 200, Loss: 11.7752, Entropy: 1.0813, Epsilon: 0.010
2026-04-19 10:03:23 | INFO | Episode 6821 - Reward: -200.000, Length: 200, Loss: 9.0942, Entropy: 1.0797, Epsilon: 0.010
2026-04-19 10:03:23 | INFO | Episode 6822 - Reward: -200.000, Length: 200, Loss: 17.9674, Entropy: 1.0788, Epsilon: 0.010
2026-04-19 10:03:23 | INFO | Episode 6823 - Reward: -200.000, Length: 200, Loss: 8.8999, Entropy: 1.0909, Epsilon: 0.010
2026-04-19 10:03:24 | INFO | Episode 6824 - Reward: -200.000, Length: 200, Loss: 8.8509, Entropy: 1.0883, Epsilon: 0.010
2026-04-19 10:03:24 | INFO | Episode 6825 - Reward: -200.000, Length: 200, Loss: 26.2033, Entropy: 1.0687, Epsilon: 0.010
2026-04-19 10:03:24 | INFO | Episode 6826 - Reward: -200.000, Length: 200, Loss: 17.1706, Entropy: 1.0755, Epsilon: 0.010
2026-04-19 10:03:25 | INFO | Episode 6827 - Reward: -200.000, Length: 200, Loss: 20.3251, Entropy: 1.0810, Epsilon: 0.010
2026-04-19 10:03:25 | INFO | Episode 6828 - Reward: -200.000, Length: 200, Loss: 17.3402, Entropy: 1.0765, Epsilon: 0.010
2026-04-19 10:03:25 | INFO | Episode 6829 - Reward: -200.000, Length: 200, Loss: 17.5622, Entropy: 1.0841, Epsilon: 0.010
2026-04-19 10:03:26 | INFO | Episode 6830 - Reward: -200.000, Length: 200, Loss: 17.3030, Entropy: 1.0860, Epsilon: 0.010
2026-04-19 10:03:26 | INFO | Episode 6831 - Reward: -200.000, Length: 200, Loss: 20.1548, Entropy: 1.0770, Epsilon: 0.010
2026-04-19 10:03:26 | INFO | Episode 6832 - Reward: -200.000, Length: 200, Loss: 20.3749, Entropy: 1.0811, Epsilon: 0.010
2026-04-19 10:03:27 | INFO | Episode 6833 - Reward: -200.000, Length: 200, Loss: 20.4151, Entropy: 1.0843, Epsilon: 0.010
2026-04-19 10:03:27 | INFO | Episode 6834 - Reward: -200.000, Length: 200, Loss: 20.6354, Entropy: 1.0908, Epsilon: 0.010
2026-04-19 10:03:28 | INFO | Episode 6835 - Reward: -200.000, Length: 200, Loss: 17.6062, Entropy: 1.0751, Epsilon: 0.010
2026-04-19 10:03:28 | INFO | Episode 6836 - Reward: -200.000, Length: 200, Loss: 5.6044, Entropy: 1.0896, Epsilon: 0.010
2026-04-19 10:03:28 | INFO | Episode 6837 - Reward: -200.000, Length: 200, Loss: 14.3101, Entropy: 1.0866, Epsilon: 0.010
2026-04-19 10:03:29 | INFO | Episode 6838 - Reward: -200.000, Length: 200, Loss: 16.9927, Entropy: 1.0888, Epsilon: 0.010
2026-04-19 10:03:29 | INFO | Episode 6839 - Reward: -200.000, Length: 200, Loss: 2.7503, Entropy: 1.0946, Epsilon: 0.010
2026-04-19 10:03:29 | INFO | Episode 6840 - Reward: -200.000, Length: 200, Loss: 14.2187, Entropy: 1.0814, Epsilon: 0.010
2026-04-19 10:03:30 | INFO | Episode 6841 - Reward: -200.000, Length: 200, Loss: 29.2605, Entropy: 1.0532, Epsilon: 0.010
2026-04-19 10:03:30 | INFO | Episode 6842 - Reward: -200.000, Length: 200, Loss: 11.4511, Entropy: 1.0876, Epsilon: 0.010
2026-04-19 10:03:30 | INFO | Episode 6843 - Reward: -200.000, Length: 200, Loss: 14.5697, Entropy: 1.0684, Epsilon: 0.010
2026-04-19 10:03:31 | INFO | Episode 6844 - Reward: -200.000, Length: 200, Loss: 14.7306, Entropy: 1.0664, Epsilon: 0.010
2026-04-19 10:03:31 | INFO | Episode 6845 - Reward: -200.000, Length: 200, Loss: 8.7892, Entropy: 1.0756, Epsilon: 0.010
2026-04-19 10:03:32 | INFO | Episode 6846 - Reward: -200.000, Length: 200, Loss: 17.3076, Entropy: 1.0786, Epsilon: 0.010
2026-04-19 10:03:32 | INFO | Episode 6847 - Reward: -200.000, Length: 200, Loss: 11.4589, Entropy: 1.0760, Epsilon: 0.010
2026-04-19 10:03:32 | INFO | Episode 6848 - Reward: -200.000, Length: 200, Loss: 14.4729, Entropy: 1.0722, Epsilon: 0.010
2026-04-19 10:03:33 | INFO | Episode 6849 - Reward: -200.000, Length: 200, Loss: 11.7566, Entropy: 1.0702, Epsilon: 0.010
2026-04-19 10:03:33 | INFO | Episode 6850 - Reward: -200.000, Length: 200, Loss: 11.7113, Entropy: 1.0888, Epsilon: 0.010
2026-04-19 10:03:33 | INFO | Episode 6851 - Reward: -200.000, Length: 200, Loss: 17.7221, Entropy: 1.0887, Epsilon: 0.010
2026-04-19 10:03:34 | INFO | Episode 6852 - Reward: -200.000, Length: 200, Loss: 8.8327, Entropy: 1.0890, Epsilon: 0.010
2026-04-19 10:03:34 | INFO | Episode 6853 - Reward: -200.000, Length: 200, Loss: 11.6853, Entropy: 1.0899, Epsilon: 0.010
2026-04-19 10:03:35 | INFO | Episode 6854 - Reward: -200.000, Length: 200, Loss: 15.1153, Entropy: 1.0855, Epsilon: 0.010
2026-04-19 10:03:35 | INFO | Episode 6855 - Reward: -200.000, Length: 200, Loss: 14.7961, Entropy: 1.0757, Epsilon: 0.010
2026-04-19 10:03:35 | INFO | Episode 6856 - Reward: -200.000, Length: 200, Loss: 20.6380, Entropy: 1.0652, Epsilon: 0.010
2026-04-19 10:03:36 | INFO | Episode 6857 - Reward: -200.000, Length: 200, Loss: 20.6260, Entropy: 1.0896, Epsilon: 0.010
2026-04-19 10:03:36 | INFO | Episode 6858 - Reward: -200.000, Length: 200, Loss: 20.5729, Entropy: 1.0705, Epsilon: 0.010
2026-04-19 10:03:36 | INFO | Episode 6859 - Reward: -200.000, Length: 200, Loss: 8.3855, Entropy: 1.0782, Epsilon: 0.010
2026-04-19 10:03:37 | INFO | Episode 6860 - Reward: -200.000, Length: 200, Loss: 8.6306, Entropy: 1.0777, Epsilon: 0.010
2026-04-19 10:03:37 | INFO | Episode 6861 - Reward: -200.000, Length: 200, Loss: 8.5794, Entropy: 1.0881, Epsilon: 0.010
2026-04-19 10:03:38 | INFO | Episode 6862 - Reward: -200.000, Length: 200, Loss: 11.5421, Entropy: 1.0888, Epsilon: 0.010
2026-04-19 10:03:38 | INFO | Episode 6863 - Reward: -200.000, Length: 200, Loss: 8.4703, Entropy: 1.0813, Epsilon: 0.010
2026-04-19 10:03:38 | INFO | Episode 6864 - Reward: -200.000, Length: 200, Loss: 14.5096, Entropy: 1.0613, Epsilon: 0.010
2026-04-19 10:03:39 | INFO | Episode 6865 - Reward: -200.000, Length: 200, Loss: 11.4463, Entropy: 1.0859, Epsilon: 0.010
2026-04-19 10:03:39 | INFO | Episode 6866 - Reward: -200.000, Length: 200, Loss: 11.4612, Entropy: 1.0892, Epsilon: 0.010
2026-04-19 10:03:39 | INFO | Episode 6867 - Reward: -200.000, Length: 200, Loss: 31.7716, Entropy: 1.0875, Epsilon: 0.010
2026-04-19 10:03:40 | INFO | Episode 6868 - Reward: -200.000, Length: 200, Loss: 17.2121, Entropy: 1.0883, Epsilon: 0.010
2026-04-19 10:03:40 | INFO | Episode 6869 - Reward: -200.000, Length: 200, Loss: 23.6545, Entropy: 1.0756, Epsilon: 0.010
2026-04-19 10:03:41 | INFO | Episode 6870 - Reward: -200.000, Length: 200, Loss: 12.0044, Entropy: 1.0683, Epsilon: 0.010
2026-04-19 10:03:41 | INFO | Episode 6871 - Reward: -200.000, Length: 200, Loss: 17.6360, Entropy: 1.0745, Epsilon: 0.010
2026-04-19 10:03:41 | INFO | Episode 6872 - Reward: -200.000, Length: 200, Loss: 14.7711, Entropy: 1.0799, Epsilon: 0.010
2026-04-19 10:03:42 | INFO | Episode 6873 - Reward: -200.000, Length: 200, Loss: 8.8254, Entropy: 1.0849, Epsilon: 0.010
2026-04-19 10:03:42 | INFO | Episode 6874 - Reward: -200.000, Length: 200, Loss: 26.3993, Entropy: 1.0474, Epsilon: 0.010
2026-04-19 10:03:42 | INFO | Episode 6875 - Reward: -200.000, Length: 200, Loss: 14.6965, Entropy: 1.0821, Epsilon: 0.010
2026-04-19 10:03:43 | INFO | Episode 6876 - Reward: -200.000, Length: 200, Loss: 8.7139, Entropy: 1.0829, Epsilon: 0.010
2026-04-19 10:03:43 | INFO | Episode 6877 - Reward: -200.000, Length: 200, Loss: 14.5312, Entropy: 1.0798, Epsilon: 0.010
2026-04-19 10:03:43 | INFO | Episode 6878 - Reward: -200.000, Length: 200, Loss: 8.7212, Entropy: 1.0867, Epsilon: 0.010
2026-04-19 10:03:44 | INFO | Episode 6879 - Reward: -200.000, Length: 200, Loss: 17.7245, Entropy: 1.0775, Epsilon: 0.010
2026-04-19 10:03:44 | INFO | Episode 6880 - Reward: -200.000, Length: 200, Loss: 17.5950, Entropy: 1.0769, Epsilon: 0.010
2026-04-19 10:03:45 | INFO | Episode 6881 - Reward: -200.000, Length: 200, Loss: 14.4387, Entropy: 1.0861, Epsilon: 0.010
2026-04-19 10:03:45 | INFO | Episode 6882 - Reward: -200.000, Length: 200, Loss: 2.6865, Entropy: 1.0928, Epsilon: 0.010
2026-04-19 10:03:45 | INFO | Episode 6883 - Reward: -200.000, Length: 200, Loss: 17.4345, Entropy: 1.0905, Epsilon: 0.010
2026-04-19 10:03:46 | INFO | Episode 6884 - Reward: -200.000, Length: 200, Loss: 11.5281, Entropy: 1.0922, Epsilon: 0.010
2026-04-19 10:03:46 | INFO | Episode 6885 - Reward: -200.000, Length: 200, Loss: 17.2118, Entropy: 1.0862, Epsilon: 0.010
2026-04-19 10:03:46 | INFO | Episode 6886 - Reward: -200.000, Length: 200, Loss: 5.6288, Entropy: 1.0902, Epsilon: 0.010
2026-04-19 10:03:47 | INFO | Episode 6887 - Reward: -200.000, Length: 200, Loss: 17.3447, Entropy: 1.0847, Epsilon: 0.010
2026-04-19 10:03:47 | INFO | Episode 6888 - Reward: -200.000, Length: 200, Loss: 17.6497, Entropy: 1.0836, Epsilon: 0.010
2026-04-19 10:03:47 | INFO | Episode 6889 - Reward: -200.000, Length: 200, Loss: 25.4912, Entropy: 1.0874, Epsilon: 0.010
2026-04-19 10:03:48 | INFO | Episode 6890 - Reward: -200.000, Length: 200, Loss: 25.8015, Entropy: 1.0815, Epsilon: 0.010
2026-04-19 10:03:48 | INFO | Episode 6891 - Reward: -200.000, Length: 200, Loss: 22.7650, Entropy: 1.0843, Epsilon: 0.010
2026-04-19 10:03:49 | INFO | Episode 6892 - Reward: -200.000, Length: 200, Loss: 8.4550, Entropy: 1.0797, Epsilon: 0.010
2026-04-19 10:03:49 | INFO | Episode 6893 - Reward: -200.000, Length: 200, Loss: 17.1001, Entropy: 1.0804, Epsilon: 0.010
2026-04-19 10:03:49 | INFO | Episode 6894 - Reward: -200.000, Length: 200, Loss: 14.0770, Entropy: 1.0820, Epsilon: 0.010
2026-04-19 10:03:50 | INFO | Episode 6895 - Reward: -200.000, Length: 200, Loss: 2.7061, Entropy: 1.0939, Epsilon: 0.010
2026-04-19 10:03:50 | INFO | Episode 6896 - Reward: -200.000, Length: 200, Loss: 11.4172, Entropy: 1.0870, Epsilon: 0.010
2026-04-19 10:03:50 | INFO | Episode 6897 - Reward: -200.000, Length: 200, Loss: 25.8613, Entropy: 1.0832, Epsilon: 0.010
2026-04-19 10:03:51 | INFO | Episode 6898 - Reward: -200.000, Length: 200, Loss: 14.6067, Entropy: 1.0854, Epsilon: 0.010
2026-04-19 10:03:51 | INFO | Episode 6899 - Reward: -200.000, Length: 200, Loss: 23.2800, Entropy: 1.0772, Epsilon: 0.010
2026-04-19 10:03:51 | INFO | Episode 6900 - Reward: -200.000, Length: 200, Loss: 5.6996, Entropy: 1.0873, Epsilon: 0.010
2026-04-19 10:03:56 | INFO | [Episode 6900] eps=0.010  avg_reward=-200.000  avg_length=200.00  avg_loss= 15.6306  avg_entropy=1.0873  eval_success=0.000
2026-04-19 10:03:57 | INFO | Episode 6901 - Reward: -200.000, Length: 200, Loss: 14.7833, Entropy: 1.0880, Epsilon: 0.010
2026-04-19 10:03:57 | INFO | Episode 6902 - Reward: -200.000, Length: 200, Loss: 8.8936, Entropy: 1.0897, Epsilon: 0.010
2026-04-19 10:03:57 | INFO | Episode 6903 - Reward: -200.000, Length: 200, Loss: 8.7888, Entropy: 1.0855, Epsilon: 0.010
2026-04-19 10:03:58 | INFO | Episode 6904 - Reward: -200.000, Length: 200, Loss: 11.8744, Entropy: 1.0897, Epsilon: 0.010
2026-04-19 10:03:58 | INFO | Episode 6905 - Reward: -200.000, Length: 200, Loss: 44.8391, Entropy: 1.0769, Epsilon: 0.010
2026-04-19 10:03:58 | INFO | Episode 6906 - Reward: -200.000, Length: 200, Loss: 8.9033, Entropy: 1.0875, Epsilon: 0.010
2026-04-19 10:03:59 | INFO | Episode 6907 - Reward: -200.000, Length: 200, Loss: 11.8726, Entropy: 1.0791, Epsilon: 0.010
2026-04-19 10:03:59 | INFO | Episode 6908 - Reward: -200.000, Length: 200, Loss: 23.9244, Entropy: 1.0489, Epsilon: 0.010
2026-04-19 10:04:00 | INFO | Episode 6909 - Reward: -200.000, Length: 200, Loss: 14.4367, Entropy: 1.0570, Epsilon: 0.010
2026-04-19 10:04:00 | INFO | Episode 6910 - Reward: -200.000, Length: 200, Loss: 25.7962, Entropy: 1.0870, Epsilon: 0.010
2026-04-19 10:04:00 | INFO | Episode 6911 - Reward: -200.000, Length: 200, Loss: 14.3987, Entropy: 1.0913, Epsilon: 0.010
2026-04-19 10:04:01 | INFO | Episode 6912 - Reward: -200.000, Length: 200, Loss: 14.3963, Entropy: 1.0827, Epsilon: 0.010
2026-04-19 10:04:01 | INFO | Episode 6913 - Reward: -200.000, Length: 200, Loss: 11.3893, Entropy: 1.0873, Epsilon: 0.010
2026-04-19 10:04:01 | INFO | Episode 6914 - Reward: -200.000, Length: 200, Loss: 11.6412, Entropy: 1.0916, Epsilon: 0.010
2026-04-19 10:04:02 | INFO | Episode 6915 - Reward: -200.000, Length: 200, Loss: 20.5537, Entropy: 1.0749, Epsilon: 0.010
2026-04-19 10:04:02 | INFO | Episode 6916 - Reward: -200.000, Length: 200, Loss: 2.7782, Entropy: 1.0777, Epsilon: 0.010
2026-04-19 10:04:02 | INFO | Episode 6917 - Reward: -200.000, Length: 200, Loss: 11.4998, Entropy: 1.0921, Epsilon: 0.010
2026-04-19 10:04:03 | INFO | Episode 6918 - Reward: -200.000, Length: 200, Loss: 17.8145, Entropy: 1.0814, Epsilon: 0.010
2026-04-19 10:04:03 | INFO | Episode 6919 - Reward: -200.000, Length: 200, Loss: 8.6569, Entropy: 1.0890, Epsilon: 0.010
2026-04-19 10:04:03 | INFO | Episode 6920 - Reward: -200.000, Length: 200, Loss: 8.5996, Entropy: 1.0902, Epsilon: 0.010
2026-04-19 10:04:04 | INFO | Episode 6921 - Reward: -200.000, Length: 200, Loss: 11.6725, Entropy: 1.0810, Epsilon: 0.010
2026-04-19 10:04:04 | INFO | Episode 6922 - Reward: -200.000, Length: 200, Loss: 31.7479, Entropy: 1.0788, Epsilon: 0.010
2026-04-19 10:04:05 | INFO | Episode 6923 - Reward: -200.000, Length: 200, Loss: 11.7156, Entropy: 1.0530, Epsilon: 0.010
2026-04-19 10:04:05 | INFO | Episode 6924 - Reward: -200.000, Length: 200, Loss: 20.5706, Entropy: 1.0860, Epsilon: 0.010
2026-04-19 10:04:05 | INFO | Episode 6925 - Reward: -200.000, Length: 200, Loss: 11.8714, Entropy: 1.0809, Epsilon: 0.010
2026-04-19 10:04:06 | INFO | Episode 6926 - Reward: -200.000, Length: 200, Loss: 11.8145, Entropy: 1.0876, Epsilon: 0.010
2026-04-19 10:04:06 | INFO | Episode 6927 - Reward: -200.000, Length: 200, Loss: 26.4588, Entropy: 1.0522, Epsilon: 0.010
2026-04-19 10:04:06 | INFO | Episode 6928 - Reward: -200.000, Length: 200, Loss: 11.9215, Entropy: 1.0868, Epsilon: 0.010
2026-04-19 10:04:07 | INFO | Episode 6929 - Reward: -200.000, Length: 200, Loss: 27.2806, Entropy: 1.0802, Epsilon: 0.010
2026-04-19 10:04:07 | INFO | Episode 6930 - Reward: -200.000, Length: 200, Loss: 21.1152, Entropy: 1.0791, Epsilon: 0.010
2026-04-19 10:04:08 | INFO | Episode 6931 - Reward: -200.000, Length: 200, Loss: 17.4994, Entropy: 1.0633, Epsilon: 0.010
2026-04-19 10:04:08 | INFO | Episode 6932 - Reward: -200.000, Length: 200, Loss: 14.7130, Entropy: 1.0822, Epsilon: 0.010
2026-04-19 10:04:08 | INFO | Episode 6933 - Reward: -200.000, Length: 200, Loss: 17.5296, Entropy: 1.0872, Epsilon: 0.010
2026-04-19 10:04:09 | INFO | Episode 6934 - Reward: -200.000, Length: 200, Loss: 14.6818, Entropy: 1.0810, Epsilon: 0.010
2026-04-19 10:04:09 | INFO | Episode 6935 - Reward: -200.000, Length: 200, Loss: 5.7200, Entropy: 1.0909, Epsilon: 0.010
2026-04-19 10:04:09 | INFO | Episode 6936 - Reward: -200.000, Length: 200, Loss: 14.7307, Entropy: 1.0887, Epsilon: 0.010
2026-04-19 10:04:10 | INFO | Episode 6937 - Reward: -200.000, Length: 200, Loss: 23.7583, Entropy: 1.0738, Epsilon: 0.010
2026-04-19 10:04:10 | INFO | Episode 6938 - Reward: -200.000, Length: 200, Loss: 11.8672, Entropy: 1.0859, Epsilon: 0.010
2026-04-19 10:04:11 | INFO | Episode 6939 - Reward: -200.000, Length: 200, Loss: 27.1008, Entropy: 1.0813, Epsilon: 0.010
2026-04-19 10:04:11 | INFO | Episode 6940 - Reward: -200.000, Length: 200, Loss: 11.8881, Entropy: 1.0921, Epsilon: 0.010
2026-04-19 10:04:11 | INFO | Episode 6941 - Reward: -200.000, Length: 200, Loss: 30.0636, Entropy: 1.0796, Epsilon: 0.010
2026-04-19 10:04:12 | INFO | Episode 6942 - Reward: -200.000, Length: 200, Loss: 15.0333, Entropy: 1.0802, Epsilon: 0.010
2026-04-19 10:04:12 | INFO | Episode 6943 - Reward: -200.000, Length: 200, Loss: 18.0775, Entropy: 1.0866, Epsilon: 0.010
2026-04-19 10:04:12 | INFO | Episode 6944 - Reward: -200.000, Length: 200, Loss: 15.0283, Entropy: 1.0746, Epsilon: 0.010
2026-04-19 10:04:13 | INFO | Episode 6945 - Reward: -200.000, Length: 200, Loss: 14.7119, Entropy: 1.0751, Epsilon: 0.010
2026-04-19 10:04:13 | INFO | Episode 6946 - Reward: -200.000, Length: 200, Loss: 20.5915, Entropy: 1.0549, Epsilon: 0.010
2026-04-19 10:04:14 | INFO | Episode 6947 - Reward: -200.000, Length: 200, Loss: 8.7518, Entropy: 1.0896, Epsilon: 0.010
2026-04-19 10:04:14 | INFO | Episode 6948 - Reward: -200.000, Length: 200, Loss: 29.1563, Entropy: 1.0322, Epsilon: 0.010
2026-04-19 10:04:14 | INFO | Episode 6949 - Reward: -200.000, Length: 200, Loss: 16.8149, Entropy: 1.0118, Epsilon: 0.010
2026-04-19 10:04:15 | INFO | Episode 6950 - Reward: -200.000, Length: 200, Loss: 22.2771, Entropy: 1.0785, Epsilon: 0.010
2026-04-19 10:04:15 | INFO | Episode 6951 - Reward: -200.000, Length: 200, Loss: 27.0015, Entropy: 1.0786, Epsilon: 0.010
2026-04-19 10:04:15 | INFO | Episode 6952 - Reward: -200.000, Length: 200, Loss: 10.8864, Entropy: 1.0854, Epsilon: 0.010
2026-04-19 10:04:16 | INFO | Episode 6953 - Reward: -200.000, Length: 200, Loss: 10.7274, Entropy: 1.0789, Epsilon: 0.010
2026-04-19 10:04:16 | INFO | Episode 6954 - Reward: -200.000, Length: 200, Loss: 16.2620, Entropy: 1.0798, Epsilon: 0.010
2026-04-19 10:04:16 | INFO | Episode 6955 - Reward: -200.000, Length: 200, Loss: 16.2148, Entropy: 1.0849, Epsilon: 0.010
2026-04-19 10:04:17 | INFO | Episode 6956 - Reward: -200.000, Length: 200, Loss: 18.9631, Entropy: 1.0705, Epsilon: 0.010
2026-04-19 10:04:17 | INFO | Episode 6957 - Reward: -200.000, Length: 200, Loss: 5.2828, Entropy: 1.0798, Epsilon: 0.010
2026-04-19 10:04:18 | INFO | Episode 6958 - Reward: -200.000, Length: 200, Loss: 13.4881, Entropy: 1.0908, Epsilon: 0.010
2026-04-19 10:04:18 | INFO | Episode 6959 - Reward: -200.000, Length: 200, Loss: 29.9572, Entropy: 1.0612, Epsilon: 0.010
2026-04-19 10:04:18 | INFO | Episode 6960 - Reward: -200.000, Length: 200, Loss: 10.8525, Entropy: 1.0836, Epsilon: 0.010
2026-04-19 10:04:19 | INFO | Episode 6961 - Reward: -200.000, Length: 200, Loss: 38.2734, Entropy: 1.0177, Epsilon: 0.010
2026-04-19 10:04:19 | INFO | Episode 6962 - Reward: -200.000, Length: 200, Loss: 21.7027, Entropy: 1.0864, Epsilon: 0.010
2026-04-19 10:04:19 | INFO | Episode 6963 - Reward: -200.000, Length: 200, Loss: 18.9844, Entropy: 1.0882, Epsilon: 0.010
2026-04-19 10:04:20 | INFO | Episode 6964 - Reward: -200.000, Length: 200, Loss: 21.1970, Entropy: 1.0818, Epsilon: 0.010
2026-04-19 10:04:20 | INFO | Episode 6965 - Reward: -200.000, Length: 200, Loss: 23.6456, Entropy: 1.0740, Epsilon: 0.010
2026-04-19 10:04:20 | INFO | Episode 6966 - Reward: -200.000, Length: 200, Loss: 5.1167, Entropy: 1.0895, Epsilon: 0.010
2026-04-19 10:04:21 | INFO | Episode 6967 - Reward: -200.000, Length: 200, Loss: 12.9457, Entropy: 1.0856, Epsilon: 0.010
2026-04-19 10:04:21 | INFO | Episode 6968 - Reward: -200.000, Length: 200, Loss: 17.9784, Entropy: 1.0782, Epsilon: 0.010
2026-04-19 10:04:22 | INFO | Episode 6969 - Reward: -200.000, Length: 200, Loss: 2.4641, Entropy: 1.0891, Epsilon: 0.010
2026-04-19 10:04:22 | INFO | Episode 6970 - Reward: -200.000, Length: 200, Loss: 7.7843, Entropy: 1.0839, Epsilon: 0.010
2026-04-19 10:04:22 | INFO | Episode 6971 - Reward: -200.000, Length: 200, Loss: 7.7450, Entropy: 1.0742, Epsilon: 0.010
2026-04-19 10:04:23 | INFO | Episode 6972 - Reward: -200.000, Length: 200, Loss: 7.9409, Entropy: 1.0804, Epsilon: 0.010
2026-04-19 10:04:23 | INFO | Episode 6973 - Reward: -200.000, Length: 200, Loss: 2.5170, Entropy: 1.0887, Epsilon: 0.010
2026-04-19 10:04:23 | INFO | Episode 6974 - Reward: -200.000, Length: 200, Loss: 10.6791, Entropy: 1.0895, Epsilon: 0.010
2026-04-19 10:04:24 | INFO | Episode 6975 - Reward: -200.000, Length: 200, Loss: 16.2415, Entropy: 1.0835, Epsilon: 0.010
2026-04-19 10:04:24 | INFO | Episode 6976 - Reward: -200.000, Length: 200, Loss: 7.8115, Entropy: 1.0918, Epsilon: 0.010
2026-04-19 10:04:24 | INFO | Episode 6977 - Reward: -200.000, Length: 200, Loss: 10.1556, Entropy: 1.0772, Epsilon: 0.010
2026-04-19 10:04:25 | INFO | Episode 6978 - Reward: -200.000, Length: 200, Loss: 13.1143, Entropy: 1.0857, Epsilon: 0.010
2026-04-19 10:04:25 | INFO | Episode 6979 - Reward: -200.000, Length: 200, Loss: 15.8123, Entropy: 1.0644, Epsilon: 0.010
2026-04-19 10:04:26 | INFO | Episode 6980 - Reward: -200.000, Length: 200, Loss: 7.8926, Entropy: 1.0881, Epsilon: 0.010
2026-04-19 10:04:26 | INFO | Episode 6981 - Reward: -200.000, Length: 200, Loss: 10.6147, Entropy: 1.0862, Epsilon: 0.010
2026-04-19 10:04:26 | INFO | Episode 6982 - Reward: -200.000, Length: 200, Loss: 10.4236, Entropy: 1.0773, Epsilon: 0.010
2026-04-19 10:04:27 | INFO | Episode 6983 - Reward: -200.000, Length: 200, Loss: 10.6800, Entropy: 1.0913, Epsilon: 0.010
2026-04-19 10:04:27 | INFO | Episode 6984 - Reward: -200.000, Length: 200, Loss: 13.6209, Entropy: 1.0895, Epsilon: 0.010
2026-04-19 10:04:27 | INFO | Episode 6985 - Reward: -200.000, Length: 200, Loss: 8.1322, Entropy: 1.0891, Epsilon: 0.010
2026-04-19 10:04:28 | INFO | Episode 6986 - Reward: -200.000, Length: 200, Loss: 10.9213, Entropy: 1.0830, Epsilon: 0.010
2026-04-19 10:04:28 | INFO | Episode 6987 - Reward: -200.000, Length: 200, Loss: 13.7909, Entropy: 1.0911, Epsilon: 0.010
2026-04-19 10:04:28 | INFO | Episode 6988 - Reward: -200.000, Length: 200, Loss: 27.7260, Entropy: 1.0239, Epsilon: 0.010
2026-04-19 10:04:29 | INFO | Episode 6989 - Reward: -200.000, Length: 200, Loss: 13.6097, Entropy: 1.0422, Epsilon: 0.010
2026-04-19 10:04:29 | INFO | Episode 6990 - Reward: -200.000, Length: 200, Loss: 18.8361, Entropy: 1.0899, Epsilon: 0.010
2026-04-19 10:04:30 | INFO | Episode 6991 - Reward: -200.000, Length: 200, Loss: 13.1914, Entropy: 1.0861, Epsilon: 0.010
2026-04-19 10:04:30 | INFO | Episode 6992 - Reward: -200.000, Length: 200, Loss: 18.6199, Entropy: 1.0829, Epsilon: 0.010
2026-04-19 10:04:30 | INFO | Episode 6993 - Reward: -200.000, Length: 200, Loss: 18.5737, Entropy: 1.0870, Epsilon: 0.010
2026-04-19 10:04:31 | INFO | Episode 6994 - Reward: -200.000, Length: 200, Loss: 7.9261, Entropy: 1.0894, Epsilon: 0.010
2026-04-19 10:04:31 | INFO | Episode 6995 - Reward: -200.000, Length: 200, Loss: 2.5299, Entropy: 1.0844, Epsilon: 0.010
2026-04-19 10:04:31 | INFO | Episode 6996 - Reward: -200.000, Length: 200, Loss: 5.2256, Entropy: 1.0940, Epsilon: 0.010
2026-04-19 10:04:32 | INFO | Episode 6997 - Reward: -200.000, Length: 200, Loss: 21.5746, Entropy: 1.0731, Epsilon: 0.010
2026-04-19 10:04:32 | INFO | Episode 6998 - Reward: -200.000, Length: 200, Loss: 8.0584, Entropy: 1.0730, Epsilon: 0.010
2026-04-19 10:04:33 | INFO | Episode 6999 - Reward: -200.000, Length: 200, Loss: 5.3102, Entropy: 1.0928, Epsilon: 0.010
2026-04-19 10:04:33 | INFO | Episode 7000 - Reward: -200.000, Length: 200, Loss: 13.7121, Entropy: 1.0854, Epsilon: 0.010
2026-04-19 10:04:38 | INFO | [Episode 7000] eps=0.010  avg_reward=-200.000  avg_length=200.00  avg_loss= 15.1472  avg_entropy=1.0854  eval_success=0.000
2026-04-19 10:04:38 | INFO | Episode 7001 - Reward: -200.000, Length: 200, Loss: 13.6802, Entropy: 1.0866, Epsilon: 0.010
2026-04-19 10:04:38 | INFO | Episode 7002 - Reward: -200.000, Length: 200, Loss: 22.0620, Entropy: 1.0805, Epsilon: 0.010
2026-04-19 10:04:39 | INFO | Episode 7003 - Reward: -200.000, Length: 200, Loss: 19.2132, Entropy: 1.0886, Epsilon: 0.010
2026-04-19 10:04:39 | INFO | Episode 7004 - Reward: -200.000, Length: 200, Loss: 8.2320, Entropy: 1.0927, Epsilon: 0.010
2026-04-19 10:04:40 | INFO | Episode 7005 - Reward: -200.000, Length: 200, Loss: 8.2185, Entropy: 1.0918, Epsilon: 0.010
2026-04-19 10:04:40 | INFO | Episode 7006 - Reward: -200.000, Length: 200, Loss: 11.3700, Entropy: 1.0869, Epsilon: 0.010
2026-04-19 10:04:40 | INFO | Episode 7007 - Reward: -200.000, Length: 200, Loss: 8.5010, Entropy: 1.0895, Epsilon: 0.010
2026-04-19 10:04:41 | INFO | Episode 7008 - Reward: -200.000, Length: 200, Loss: 5.6172, Entropy: 1.0896, Epsilon: 0.010
2026-04-19 10:04:41 | INFO | Episode 7009 - Reward: -200.000, Length: 200, Loss: 5.5835, Entropy: 1.0924, Epsilon: 0.010
2026-04-19 10:04:41 | INFO | Episode 7010 - Reward: -200.000, Length: 200, Loss: 20.2056, Entropy: 1.0906, Epsilon: 0.010
2026-04-19 10:04:42 | INFO | Episode 7011 - Reward: -200.000, Length: 200, Loss: 14.1998, Entropy: 1.0855, Epsilon: 0.010
2026-04-19 10:04:42 | INFO | Episode 7012 - Reward: -200.000, Length: 200, Loss: 26.5252, Entropy: 1.0851, Epsilon: 0.010
2026-04-19 10:04:43 | INFO | Episode 7013 - Reward: -200.000, Length: 200, Loss: 17.3661, Entropy: 1.0900, Epsilon: 0.010
2026-04-19 10:04:43 | INFO | Episode 7014 - Reward: -200.000, Length: 200, Loss: 11.5703, Entropy: 1.0714, Epsilon: 0.010
2026-04-19 10:04:43 | INFO | Episode 7015 - Reward: -200.000, Length: 200, Loss: 8.7319, Entropy: 1.0798, Epsilon: 0.010
2026-04-19 10:04:44 | INFO | Episode 7016 - Reward: -200.000, Length: 200, Loss: 17.4698, Entropy: 1.0760, Epsilon: 0.010
2026-04-19 10:04:44 | INFO | Episode 7017 - Reward: -200.000, Length: 200, Loss: 14.6062, Entropy: 1.0765, Epsilon: 0.010
2026-04-19 10:04:44 | INFO | Episode 7018 - Reward: -200.000, Length: 200, Loss: 20.6071, Entropy: 1.0750, Epsilon: 0.010
2026-04-19 10:04:45 | INFO | Episode 7019 - Reward: -200.000, Length: 200, Loss: 17.3564, Entropy: 1.0673, Epsilon: 0.010
2026-04-19 10:04:45 | INFO | Episode 7020 - Reward: -200.000, Length: 200, Loss: -0.1804, Entropy: 1.0878, Epsilon: 0.010
2026-04-19 10:04:46 | INFO | Episode 7021 - Reward: -200.000, Length: 200, Loss: 31.5781, Entropy: 1.0858, Epsilon: 0.010
2026-04-19 10:04:46 | INFO | Episode 7022 - Reward: -200.000, Length: 200, Loss: 5.8743, Entropy: 1.0924, Epsilon: 0.010
2026-04-19 10:04:46 | INFO | Episode 7023 - Reward: -200.000, Length: 200, Loss: 11.5054, Entropy: 1.0905, Epsilon: 0.010
2026-04-19 10:04:47 | INFO | Episode 7024 - Reward: -200.000, Length: 200, Loss: 17.5815, Entropy: 1.0583, Epsilon: 0.010
2026-04-19 10:04:47 | INFO | Episode 7025 - Reward: -200.000, Length: 200, Loss: 8.8436, Entropy: 1.0712, Epsilon: 0.010
2026-04-19 10:04:47 | INFO | Episode 7026 - Reward: -200.000, Length: 200, Loss: 2.8697, Entropy: 1.0934, Epsilon: 0.010
2026-04-19 10:04:48 | INFO | Episode 7027 - Reward: -200.000, Length: 200, Loss: 8.8796, Entropy: 1.0842, Epsilon: 0.010
2026-04-19 10:04:48 | INFO | Episode 7028 - Reward: -200.000, Length: 200, Loss: 12.0789, Entropy: 1.0816, Epsilon: 0.010
2026-04-19 10:04:49 | INFO | Episode 7029 - Reward: -200.000, Length: 200, Loss: 26.8265, Entropy: 1.0726, Epsilon: 0.010
2026-04-19 10:04:49 | INFO | Episode 7030 - Reward: -200.000, Length: 200, Loss: 5.8607, Entropy: 1.0729, Epsilon: 0.010
2026-04-19 10:04:49 | INFO | Episode 7031 - Reward: -200.000, Length: 200, Loss: 5.8032, Entropy: 1.0864, Epsilon: 0.010
2026-04-19 10:04:50 | INFO | Episode 7032 - Reward: -200.000, Length: 200, Loss: 12.0374, Entropy: 1.0839, Epsilon: 0.010
2026-04-19 10:04:50 | INFO | Episode 7033 - Reward: -200.000, Length: 200, Loss: 27.3839, Entropy: 1.0770, Epsilon: 0.010
2026-04-19 10:04:50 | INFO | Episode 7034 - Reward: -200.000, Length: 200, Loss: 23.9624, Entropy: 1.0657, Epsilon: 0.010
2026-04-19 10:04:51 | INFO | Episode 7035 - Reward: -200.000, Length: 200, Loss: 17.7867, Entropy: 1.0867, Epsilon: 0.010
2026-04-19 10:04:51 | INFO | Episode 7036 - Reward: -200.000, Length: 200, Loss: 18.1295, Entropy: 1.0716, Epsilon: 0.010
2026-04-19 10:04:51 | INFO | Episode 7037 - Reward: -200.000, Length: 200, Loss: 14.9197, Entropy: 1.0893, Epsilon: 0.010
2026-04-19 10:04:52 | INFO | Episode 7038 - Reward: -200.000, Length: 200, Loss: 9.0484, Entropy: 1.0893, Epsilon: 0.010
2026-04-19 10:04:52 | INFO | Episode 7039 - Reward: -200.000, Length: 200, Loss: 17.7350, Entropy: 1.0653, Epsilon: 0.010
2026-04-19 10:04:53 | INFO | Episode 7040 - Reward: -200.000, Length: 200, Loss: 20.9467, Entropy: 1.0746, Epsilon: 0.010
2026-04-19 10:04:53 | INFO | Episode 7041 - Reward: -200.000, Length: 200, Loss: 21.0077, Entropy: 1.0868, Epsilon: 0.010
2026-04-19 10:04:53 | INFO | Episode 7042 - Reward: -200.000, Length: 200, Loss: 2.8592, Entropy: 1.0891, Epsilon: 0.010
2026-04-19 10:04:54 | INFO | Episode 7043 - Reward: -200.000, Length: 200, Loss: -0.1860, Entropy: 1.0884, Epsilon: 0.010
2026-04-19 10:04:54 | INFO | Episode 7044 - Reward: -200.000, Length: 200, Loss: 15.0418, Entropy: 1.0904, Epsilon: 0.010
2026-04-19 10:04:54 | INFO | Episode 7045 - Reward: -200.000, Length: 200, Loss: 5.9190, Entropy: 1.0917, Epsilon: 0.010
2026-04-19 10:04:55 | INFO | Episode 7046 - Reward: -200.000, Length: 200, Loss: 20.9723, Entropy: 1.0676, Epsilon: 0.010
2026-04-19 10:04:55 | INFO | Episode 7047 - Reward: -200.000, Length: 200, Loss: 11.8222, Entropy: 1.0844, Epsilon: 0.010
2026-04-19 10:04:55 | INFO | Episode 7048 - Reward: -200.000, Length: 200, Loss: 15.0213, Entropy: 1.0867, Epsilon: 0.010
2026-04-19 10:04:56 | INFO | Episode 7049 - Reward: -200.000, Length: 200, Loss: 20.8458, Entropy: 1.0884, Epsilon: 0.010
2026-04-19 10:04:56 | INFO | Episode 7050 - Reward: -200.000, Length: 200, Loss: 17.5093, Entropy: 1.0840, Epsilon: 0.010
2026-04-19 10:04:57 | INFO | Episode 7051 - Reward: -200.000, Length: 200, Loss: 14.5769, Entropy: 1.0773, Epsilon: 0.010
2026-04-19 10:04:57 | INFO | Episode 7052 - Reward: -200.000, Length: 200, Loss: 14.8586, Entropy: 1.0863, Epsilon: 0.010
2026-04-19 10:04:57 | INFO | Episode 7053 - Reward: -200.000, Length: 200, Loss: 11.8340, Entropy: 1.0847, Epsilon: 0.010
2026-04-19 10:04:58 | INFO | Episode 7054 - Reward: -200.000, Length: 200, Loss: 20.5778, Entropy: 1.0715, Epsilon: 0.010
2026-04-19 10:04:58 | INFO | Episode 7055 - Reward: -200.000, Length: 200, Loss: 20.8510, Entropy: 1.0701, Epsilon: 0.010
2026-04-19 10:04:58 | INFO | Episode 7056 - Reward: -200.000, Length: 200, Loss: 18.0686, Entropy: 1.0739, Epsilon: 0.010
2026-04-19 10:04:59 | INFO | Episode 7057 - Reward: -200.000, Length: 200, Loss: 8.9698, Entropy: 1.0711, Epsilon: 0.010
2026-04-19 10:04:59 | INFO | Episode 7058 - Reward: -200.000, Length: 200, Loss: 9.0418, Entropy: 1.0910, Epsilon: 0.010
2026-04-19 10:04:59 | INFO | Episode 7059 - Reward: -200.000, Length: 200, Loss: 6.0599, Entropy: 1.0807, Epsilon: 0.010
2026-04-19 10:05:00 | INFO | Episode 7060 - Reward: -200.000, Length: 200, Loss: 18.0751, Entropy: 1.0899, Epsilon: 0.010
2026-04-19 10:05:00 | INFO | Episode 7061 - Reward: -200.000, Length: 200, Loss: 5.8511, Entropy: 1.0851, Epsilon: 0.010
2026-04-19 10:05:01 | INFO | Episode 7062 - Reward: -200.000, Length: 200, Loss: 12.1626, Entropy: 1.0786, Epsilon: 0.010
2026-04-19 10:05:01 | INFO | Episode 7063 - Reward: -200.000, Length: 200, Loss: 17.8543, Entropy: 1.0833, Epsilon: 0.010
2026-04-19 10:05:01 | INFO | Episode 7064 - Reward: -200.000, Length: 200, Loss: 8.7949, Entropy: 1.0872, Epsilon: 0.010
2026-04-19 10:05:02 | INFO | Episode 7065 - Reward: -200.000, Length: 200, Loss: 8.9648, Entropy: 1.0933, Epsilon: 0.010
2026-04-19 10:05:02 | INFO | Episode 7066 - Reward: -200.000, Length: 200, Loss: 8.9840, Entropy: 1.0919, Epsilon: 0.010
2026-04-19 10:05:02 | INFO | Episode 7067 - Reward: -200.000, Length: 200, Loss: 12.1031, Entropy: 1.0797, Epsilon: 0.010
2026-04-19 10:05:03 | INFO | Episode 7068 - Reward: -200.000, Length: 200, Loss: 12.1128, Entropy: 1.0885, Epsilon: 0.010
2026-04-19 10:05:03 | INFO | Episode 7069 - Reward: -200.000, Length: 200, Loss: 12.3006, Entropy: 1.0920, Epsilon: 0.010
2026-04-19 10:05:03 | INFO | Episode 7070 - Reward: -200.000, Length: 200, Loss: 5.6880, Entropy: 1.0901, Epsilon: 0.010
2026-04-19 10:05:04 | INFO | Episode 7071 - Reward: -200.000, Length: 200, Loss: 27.4313, Entropy: 1.0760, Epsilon: 0.010
2026-04-19 10:05:04 | INFO | Episode 7072 - Reward: -200.000, Length: 200, Loss: 15.2664, Entropy: 1.0744, Epsilon: 0.010
2026-04-19 10:05:04 | INFO | Episode 7073 - Reward: -200.000, Length: 200, Loss: 11.8231, Entropy: 1.0658, Epsilon: 0.010
2026-04-19 10:05:05 | INFO | Episode 7074 - Reward: -200.000, Length: 200, Loss: 21.1350, Entropy: 1.0776, Epsilon: 0.010
2026-04-19 10:05:05 | INFO | Episode 7075 - Reward: -200.000, Length: 200, Loss: 15.0383, Entropy: 1.0770, Epsilon: 0.010
2026-04-19 10:05:06 | INFO | Episode 7076 - Reward: -200.000, Length: 200, Loss: 18.3096, Entropy: 1.0797, Epsilon: 0.010
2026-04-19 10:05:06 | INFO | Episode 7077 - Reward: -200.000, Length: 200, Loss: 18.3940, Entropy: 1.0823, Epsilon: 0.010
2026-04-19 10:05:06 | INFO | Episode 7078 - Reward: -200.000, Length: 200, Loss: 24.7365, Entropy: 1.0855, Epsilon: 0.010
2026-04-19 10:05:07 | INFO | Episode 7079 - Reward: -200.000, Length: 200, Loss: 15.1887, Entropy: 1.0787, Epsilon: 0.010
2026-04-19 10:05:07 | INFO | Episode 7080 - Reward: -200.000, Length: 200, Loss: 8.9237, Entropy: 1.0884, Epsilon: 0.010
2026-04-19 10:05:07 | INFO | Episode 7081 - Reward: -200.000, Length: 200, Loss: 11.9612, Entropy: 1.0833, Epsilon: 0.010
2026-04-19 10:05:08 | INFO | Episode 7082 - Reward: -200.000, Length: 200, Loss: 11.8961, Entropy: 1.0889, Epsilon: 0.010
2026-04-19 10:05:08 | INFO | Episode 7083 - Reward: -200.000, Length: 200, Loss: 24.1855, Entropy: 1.0801, Epsilon: 0.010
2026-04-19 10:05:09 | INFO | Episode 7084 - Reward: -200.000, Length: 200, Loss: 8.9727, Entropy: 1.0906, Epsilon: 0.010
2026-04-19 10:05:09 | INFO | Episode 7085 - Reward: -200.000, Length: 200, Loss: 9.0896, Entropy: 1.0871, Epsilon: 0.010
2026-04-19 10:05:09 | INFO | Episode 7086 - Reward: -200.000, Length: 200, Loss: 9.1209, Entropy: 1.0911, Epsilon: 0.010
2026-04-19 10:05:10 | INFO | Episode 7087 - Reward: -200.000, Length: 200, Loss: 9.0643, Entropy: 1.0878, Epsilon: 0.010
2026-04-19 10:05:10 | INFO | Episode 7088 - Reward: -200.000, Length: 200, Loss: 18.4573, Entropy: 1.0862, Epsilon: 0.010
2026-04-19 10:05:10 | INFO | Episode 7089 - Reward: -200.000, Length: 200, Loss: 9.2476, Entropy: 1.0861, Epsilon: 0.010
2026-04-19 10:05:11 | INFO | Episode 7090 - Reward: -200.000, Length: 200, Loss: 9.1444, Entropy: 1.0908, Epsilon: 0.010
2026-04-19 10:05:11 | INFO | Episode 7091 - Reward: -200.000, Length: 200, Loss: 31.1601, Entropy: 1.0716, Epsilon: 0.010
2026-04-19 10:05:12 | INFO | Episode 7092 - Reward: -200.000, Length: 200, Loss: 6.2003, Entropy: 1.0905, Epsilon: 0.010
2026-04-19 10:05:12 | INFO | Episode 7093 - Reward: -200.000, Length: 200, Loss: 12.6047, Entropy: 1.0811, Epsilon: 0.010
2026-04-19 10:05:12 | INFO | Episode 7094 - Reward: -200.000, Length: 200, Loss: 12.2733, Entropy: 1.0835, Epsilon: 0.010
2026-04-19 10:05:13 | INFO | Episode 7095 - Reward: -200.000, Length: 200, Loss: 5.9701, Entropy: 1.0845, Epsilon: 0.010
2026-04-19 10:05:13 | INFO | Episode 7096 - Reward: -200.000, Length: 200, Loss: 9.4181, Entropy: 1.0835, Epsilon: 0.010
2026-04-19 10:05:13 | INFO | Episode 7097 - Reward: -200.000, Length: 200, Loss: 15.9916, Entropy: 1.0814, Epsilon: 0.010
2026-04-19 10:05:14 | INFO | Episode 7098 - Reward: -200.000, Length: 200, Loss: 19.2114, Entropy: 1.0707, Epsilon: 0.010
2026-04-19 10:05:16 | INFO | Episode 7099 - Reward: -200.000, Length: 200, Loss: 25.6498, Entropy: 1.0825, Epsilon: 0.010
2026-04-19 10:05:16 | INFO | Episode 7100 - Reward: -200.000, Length: 200, Loss: 9.5207, Entropy: 1.0908, Epsilon: 0.010
2026-04-19 10:05:22 | INFO | [Episode 7100] eps=0.010  avg_reward=-200.000  avg_length=200.00  avg_loss= 13.9452  avg_entropy=1.0908  eval_success=0.000
2026-04-19 10:05:22 | INFO | Episode 7101 - Reward: -200.000, Length: 200, Loss: 15.7699, Entropy: 1.0725, Epsilon: 0.010
2026-04-19 10:05:22 | INFO | Episode 7102 - Reward: -200.000, Length: 200, Loss: 16.0373, Entropy: 1.0879, Epsilon: 0.010
2026-04-19 10:05:23 | INFO | Episode 7103 - Reward: -200.000, Length: 200, Loss: 6.2681, Entropy: 1.0869, Epsilon: 0.010
2026-04-19 10:05:23 | INFO | Episode 7104 - Reward: -200.000, Length: 200, Loss: 22.6870, Entropy: 1.0161, Epsilon: 0.010
2026-04-19 10:05:23 | INFO | Episode 7105 - Reward: -200.000, Length: 200, Loss: 12.9589, Entropy: 1.0833, Epsilon: 0.010
2026-04-19 10:05:24 | INFO | Episode 7106 - Reward: -200.000, Length: 200, Loss: 18.8670, Entropy: 1.0707, Epsilon: 0.010
2026-04-19 10:05:24 | INFO | Episode 7107 - Reward: -200.000, Length: 200, Loss: 21.8855, Entropy: 1.0621, Epsilon: 0.010
2026-04-19 10:05:25 | INFO | Episode 7108 - Reward: -200.000, Length: 200, Loss: 18.9169, Entropy: 1.0833, Epsilon: 0.010
2026-04-19 10:05:25 | INFO | Episode 7109 - Reward: -200.000, Length: 200, Loss: 21.9883, Entropy: 1.0820, Epsilon: 0.010
2026-04-19 10:05:25 | INFO | Episode 7110 - Reward: -200.000, Length: 200, Loss: 18.7137, Entropy: 1.0841, Epsilon: 0.010
2026-04-19 10:05:26 | INFO | Episode 7111 - Reward: -200.000, Length: 200, Loss: 12.6901, Entropy: 1.0676, Epsilon: 0.010
2026-04-19 10:05:26 | INFO | Episode 7112 - Reward: -200.000, Length: 200, Loss: 9.4855, Entropy: 1.0888, Epsilon: 0.010
2026-04-19 10:05:27 | INFO | Episode 7113 - Reward: -200.000, Length: 200, Loss: 34.8631, Entropy: 1.0686, Epsilon: 0.010
2026-04-19 10:05:27 | INFO | Episode 7114 - Reward: -200.000, Length: 200, Loss: 21.5419, Entropy: 1.0798, Epsilon: 0.010
2026-04-19 10:05:27 | INFO | Episode 7115 - Reward: -200.000, Length: 200, Loss: 3.1162, Entropy: 1.0914, Epsilon: 0.010
2026-04-19 10:05:28 | INFO | Episode 7116 - Reward: -200.000, Length: 200, Loss: 12.4142, Entropy: 1.0828, Epsilon: 0.010
2026-04-19 10:05:28 | INFO | Episode 7117 - Reward: -200.000, Length: 200, Loss: 19.4435, Entropy: 1.0733, Epsilon: 0.010
2026-04-19 10:05:28 | INFO | Episode 7118 - Reward: -200.000, Length: 200, Loss: 15.7667, Entropy: 1.0790, Epsilon: 0.010
2026-04-19 10:05:29 | INFO | Episode 7119 - Reward: -200.000, Length: 200, Loss: 19.0447, Entropy: 1.0804, Epsilon: 0.010
2026-04-19 10:05:29 | INFO | Episode 7120 - Reward: -200.000, Length: 200, Loss: 6.3303, Entropy: 1.0868, Epsilon: 0.010
2026-04-19 10:05:29 | INFO | Episode 7121 - Reward: -200.000, Length: 200, Loss: 19.4945, Entropy: 1.0760, Epsilon: 0.010
2026-04-19 10:05:30 | INFO | Episode 7122 - Reward: -200.000, Length: 200, Loss: 16.2189, Entropy: 1.0867, Epsilon: 0.010
2026-04-19 10:05:30 | INFO | Episode 7123 - Reward: -200.000, Length: 200, Loss: 16.0315, Entropy: 1.0852, Epsilon: 0.010
2026-04-19 10:05:31 | INFO | Episode 7124 - Reward: -200.000, Length: 200, Loss: 3.1617, Entropy: 1.0899, Epsilon: 0.010
2026-04-19 10:05:31 | INFO | Episode 7125 - Reward: -200.000, Length: 200, Loss: 15.8241, Entropy: 1.0770, Epsilon: 0.010
2026-04-19 10:05:31 | INFO | Episode 7126 - Reward: -200.000, Length: 200, Loss: 23.2517, Entropy: 1.0798, Epsilon: 0.010
2026-04-19 10:05:32 | INFO | Episode 7127 - Reward: -200.000, Length: 200, Loss: 19.9033, Entropy: 1.0792, Epsilon: 0.010
2026-04-19 10:05:32 | INFO | Episode 7128 - Reward: -200.000, Length: 200, Loss: 9.7311, Entropy: 1.0923, Epsilon: 0.010
2026-04-19 10:05:32 | INFO | Episode 7129 - Reward: -200.000, Length: 200, Loss: 30.2808, Entropy: 1.0755, Epsilon: 0.010
2026-04-19 10:05:33 | INFO | Episode 7130 - Reward: -200.000, Length: 200, Loss: 3.2435, Entropy: 1.0905, Epsilon: 0.010
2026-04-19 10:05:33 | INFO | Episode 7131 - Reward: -200.000, Length: 200, Loss: 20.3466, Entropy: 1.0671, Epsilon: 0.010
2026-04-19 10:05:34 | INFO | Episode 7132 - Reward: -200.000, Length: 200, Loss: 27.0456, Entropy: 1.0429, Epsilon: 0.010
2026-04-19 10:05:34 | INFO | Episode 7133 - Reward: -200.000, Length: 200, Loss: 6.8741, Entropy: 1.0769, Epsilon: 0.010
2026-04-19 10:05:34 | INFO | Episode 7134 - Reward: -200.000, Length: 200, Loss: 10.2554, Entropy: 1.0843, Epsilon: 0.010
2026-04-19 10:05:35 | INFO | Episode 7135 - Reward: -200.000, Length: 200, Loss: 27.6897, Entropy: 1.0356, Epsilon: 0.010
2026-04-19 10:05:35 | INFO | Episode 7136 - Reward: -200.000, Length: 200, Loss: 10.0683, Entropy: 1.0806, Epsilon: 0.010
2026-04-19 10:05:35 | INFO | Episode 7137 - Reward: -200.000, Length: 200, Loss: 36.5579, Entropy: 1.0767, Epsilon: 0.010
2026-04-19 10:05:36 | INFO | Episode 7138 - Reward: -200.000, Length: 200, Loss: 13.1501, Entropy: 1.0811, Epsilon: 0.010
2026-04-19 10:05:36 | INFO | Episode 7139 - Reward: -200.000, Length: 200, Loss: 23.3087, Entropy: 1.0683, Epsilon: 0.010
2026-04-19 10:05:37 | INFO | Episode 7140 - Reward: -200.000, Length: 200, Loss: 9.8467, Entropy: 1.0903, Epsilon: 0.010
2026-04-19 10:05:37 | INFO | Episode 7141 - Reward: -200.000, Length: 200, Loss: 36.6478, Entropy: 1.0652, Epsilon: 0.010
2026-04-19 10:05:37 | INFO | Episode 7142 - Reward: -200.000, Length: 200, Loss: 9.9904, Entropy: 1.0843, Epsilon: 0.010
2026-04-19 10:05:38 | INFO | Episode 7143 - Reward: -200.000, Length: 200, Loss: 10.1736, Entropy: 1.0799, Epsilon: 0.010
2026-04-19 10:05:38 | INFO | Episode 7144 - Reward: -200.000, Length: 200, Loss: 17.2857, Entropy: 1.0840, Epsilon: 0.010
2026-04-19 10:05:38 | INFO | Episode 7145 - Reward: -200.000, Length: 200, Loss: 13.4956, Entropy: 1.0685, Epsilon: 0.010
2026-04-19 10:05:39 | INFO | Episode 7146 - Reward: -200.000, Length: 200, Loss: 33.7584, Entropy: 1.0692, Epsilon: 0.010
2026-04-19 10:05:39 | INFO | Episode 7147 - Reward: -200.000, Length: 200, Loss: 13.3450, Entropy: 1.0691, Epsilon: 0.010
2026-04-19 10:05:39 | INFO | Episode 7148 - Reward: -200.000, Length: 200, Loss: 17.1519, Entropy: 1.0660, Epsilon: 0.010
2026-04-19 10:05:40 | INFO | Episode 7149 - Reward: -200.000, Length: 200, Loss: 19.7606, Entropy: 1.0820, Epsilon: 0.010
2026-04-19 10:05:40 | INFO | Episode 7150 - Reward: -200.000, Length: 200, Loss: 19.7462, Entropy: 1.0803, Epsilon: 0.010
2026-04-19 10:05:41 | INFO | Episode 7151 - Reward: -200.000, Length: 200, Loss: 29.7204, Entropy: 1.0611, Epsilon: 0.010
2026-04-19 10:05:41 | INFO | Episode 7152 - Reward: -200.000, Length: 200, Loss: 9.8392, Entropy: 1.0823, Epsilon: 0.010
2026-04-19 10:05:41 | INFO | Episode 7153 - Reward: -200.000, Length: 200, Loss: 13.3317, Entropy: 1.0897, Epsilon: 0.010
2026-04-19 10:05:42 | INFO | Episode 7154 - Reward: -200.000, Length: 200, Loss: 17.0258, Entropy: 1.0785, Epsilon: 0.010
2026-04-19 10:05:42 | INFO | Episode 7155 - Reward: -200.000, Length: 200, Loss: 30.4527, Entropy: 1.0836, Epsilon: 0.010
2026-04-19 10:05:42 | INFO | Episode 7156 - Reward: -200.000, Length: 200, Loss: 27.4639, Entropy: 1.0646, Epsilon: 0.010
2026-04-19 10:05:43 | INFO | Episode 7157 - Reward: -200.000, Length: 200, Loss: 10.2478, Entropy: 1.0886, Epsilon: 0.010
2026-04-19 10:05:43 | INFO | Episode 7158 - Reward: -200.000, Length: 200, Loss: 6.7375, Entropy: 1.0877, Epsilon: 0.010
2026-04-19 10:05:43 | INFO | Episode 7159 - Reward: -200.000, Length: 200, Loss: 24.0283, Entropy: 1.0806, Epsilon: 0.010
2026-04-19 10:05:44 | INFO | Episode 7160 - Reward: -200.000, Length: 200, Loss: 17.4387, Entropy: 1.0714, Epsilon: 0.010
2026-04-19 10:05:44 | INFO | Episode 7161 - Reward: -200.000, Length: 200, Loss: 21.0011, Entropy: 1.0756, Epsilon: 0.010
2026-04-19 10:05:45 | INFO | Episode 7162 - Reward: -200.000, Length: 200, Loss: 13.9232, Entropy: 1.0837, Epsilon: 0.010
2026-04-19 10:05:45 | INFO | Episode 7163 - Reward: -200.000, Length: 200, Loss: 38.5983, Entropy: 1.0551, Epsilon: 0.010
2026-04-19 10:05:45 | INFO | Episode 7164 - Reward: -200.000, Length: 200, Loss: 27.9216, Entropy: 1.0637, Epsilon: 0.010
2026-04-19 10:05:46 | INFO | Episode 7165 - Reward: -200.000, Length: 200, Loss: 13.6438, Entropy: 1.0776, Epsilon: 0.010
2026-04-19 10:05:46 | INFO | Episode 7166 - Reward: -200.000, Length: 200, Loss: 13.3912, Entropy: 1.0910, Epsilon: 0.010
2026-04-19 10:05:47 | INFO | Episode 7167 - Reward: -200.000, Length: 200, Loss: 13.4729, Entropy: 1.0921, Epsilon: 0.010
2026-04-19 10:05:47 | INFO | Episode 7168 - Reward: -200.000, Length: 200, Loss: 20.1658, Entropy: 1.0834, Epsilon: 0.010
2026-04-19 10:05:47 | INFO | Episode 7169 - Reward: -200.000, Length: 200, Loss: 26.9896, Entropy: 1.0376, Epsilon: 0.010
2026-04-19 10:05:48 | INFO | Episode 7170 - Reward: -200.000, Length: 200, Loss: 20.3814, Entropy: 1.0728, Epsilon: 0.010
2026-04-19 10:05:48 | INFO | Episode 7171 - Reward: -200.000, Length: 200, Loss: 19.9589, Entropy: 1.0726, Epsilon: 0.010
2026-04-19 10:05:48 | INFO | Episode 7172 - Reward: -200.000, Length: 200, Loss: 9.9972, Entropy: 1.0911, Epsilon: 0.010
2026-04-19 10:05:49 | INFO | Episode 7173 - Reward: -200.000, Length: 200, Loss: 20.1493, Entropy: 1.0503, Epsilon: 0.010
2026-04-19 10:05:49 | INFO | Episode 7174 - Reward: -200.000, Length: 200, Loss: 9.7982, Entropy: 1.0817, Epsilon: 0.010
2026-04-19 10:05:50 | INFO | Episode 7175 - Reward: -200.000, Length: 200, Loss: 26.6177, Entropy: 1.0774, Epsilon: 0.010
2026-04-19 10:05:50 | INFO | Episode 7176 - Reward: -200.000, Length: 200, Loss: 17.0032, Entropy: 1.0825, Epsilon: 0.010
2026-04-19 10:05:50 | INFO | Episode 7177 - Reward: -200.000, Length: 200, Loss: 17.1116, Entropy: 1.0869, Epsilon: 0.010
2026-04-19 10:05:51 | INFO | Episode 7178 - Reward: -200.000, Length: 200, Loss: 10.0358, Entropy: 1.0846, Epsilon: 0.010
2026-04-19 10:05:51 | INFO | Episode 7179 - Reward: -200.000, Length: 200, Loss: 23.6107, Entropy: 1.0820, Epsilon: 0.010
2026-04-19 10:05:51 | INFO | Episode 7180 - Reward: -200.000, Length: 200, Loss: 17.0676, Entropy: 1.0682, Epsilon: 0.010
2026-04-19 10:05:52 | INFO | Episode 7181 - Reward: -200.000, Length: 200, Loss: 20.1891, Entropy: 1.0724, Epsilon: 0.010
2026-04-19 10:05:52 | INFO | Episode 7182 - Reward: -200.000, Length: 200, Loss: 23.4135, Entropy: 1.0710, Epsilon: 0.010
2026-04-19 10:05:52 | INFO | Episode 7183 - Reward: -200.000, Length: 200, Loss: 6.6718, Entropy: 1.0792, Epsilon: 0.010
2026-04-19 10:05:53 | INFO | Episode 7184 - Reward: -200.000, Length: 200, Loss: 10.1051, Entropy: 1.0894, Epsilon: 0.010
2026-04-19 10:05:53 | INFO | Episode 7185 - Reward: -200.000, Length: 200, Loss: 10.1575, Entropy: 1.0804, Epsilon: 0.010
2026-04-19 10:05:54 | INFO | Episode 7186 - Reward: -200.000, Length: 200, Loss: 13.3869, Entropy: 1.0731, Epsilon: 0.010
2026-04-19 10:05:54 | INFO | Episode 7187 - Reward: -200.000, Length: 200, Loss: 10.0123, Entropy: 1.0787, Epsilon: 0.010
2026-04-19 10:05:54 | INFO | Episode 7188 - Reward: -200.000, Length: 200, Loss: 17.1266, Entropy: 1.0783, Epsilon: 0.010
2026-04-19 10:05:55 | INFO | Episode 7189 - Reward: -200.000, Length: 200, Loss: 13.6112, Entropy: 1.0754, Epsilon: 0.010
2026-04-19 10:05:55 | INFO | Episode 7190 - Reward: -200.000, Length: 200, Loss: 13.5530, Entropy: 1.0818, Epsilon: 0.010
2026-04-19 10:05:55 | INFO | Episode 7191 - Reward: -200.000, Length: 200, Loss: 20.3255, Entropy: 1.0601, Epsilon: 0.010
2026-04-19 10:05:56 | INFO | Episode 7192 - Reward: -200.000, Length: 200, Loss: 10.0558, Entropy: 1.0763, Epsilon: 0.010
2026-04-19 10:05:56 | INFO | Episode 7193 - Reward: -200.000, Length: 200, Loss: 26.6027, Entropy: 1.0913, Epsilon: 0.010
2026-04-19 10:05:57 | INFO | Episode 7194 - Reward: -200.000, Length: 200, Loss: 6.5324, Entropy: 1.0857, Epsilon: 0.010
2026-04-19 10:05:57 | INFO | Episode 7195 - Reward: -200.000, Length: 200, Loss: 26.6228, Entropy: 1.0758, Epsilon: 0.010
2026-04-19 10:05:57 | INFO | Episode 7196 - Reward: -200.000, Length: 200, Loss: 6.4995, Entropy: 1.0910, Epsilon: 0.010
2026-04-19 10:05:58 | INFO | Episode 7197 - Reward: -200.000, Length: 200, Loss: 16.5115, Entropy: 1.0843, Epsilon: 0.010
2026-04-19 10:05:58 | INFO | Episode 7198 - Reward: -200.000, Length: 200, Loss: 9.8327, Entropy: 1.0872, Epsilon: 0.010
2026-04-19 10:05:58 | INFO | Episode 7199 - Reward: -200.000, Length: 200, Loss: 19.7093, Entropy: 1.0703, Epsilon: 0.010
2026-04-19 10:05:59 | INFO | Episode 7200 - Reward: -200.000, Length: 200, Loss: 13.0021, Entropy: 1.0736, Epsilon: 0.010
2026-04-19 10:06:04 | INFO | [Episode 7200] eps=0.010  avg_reward=-200.000  avg_length=200.00  avg_loss= 17.2347  avg_entropy=1.0736  eval_success=0.000
2026-04-19 10:06:04 | INFO | Episode 7201 - Reward: -200.000, Length: 200, Loss: 26.8661, Entropy: 1.0737, Epsilon: 0.010
2026-04-19 10:06:04 | INFO | Episode 7202 - Reward: -200.000, Length: 200, Loss: 6.7846, Entropy: 1.0842, Epsilon: 0.010
2026-04-19 10:06:05 | INFO | Episode 7203 - Reward: -200.000, Length: 200, Loss: 20.2331, Entropy: 1.0795, Epsilon: 0.010
2026-04-19 10:06:05 | INFO | Episode 7204 - Reward: -200.000, Length: 200, Loss: 30.9258, Entropy: 1.0796, Epsilon: 0.010
2026-04-19 10:06:06 | INFO | Episode 7205 - Reward: -200.000, Length: 200, Loss: 13.4199, Entropy: 1.0584, Epsilon: 0.010
2026-04-19 10:06:06 | INFO | Episode 7206 - Reward: -200.000, Length: 200, Loss: 10.1687, Entropy: 1.0832, Epsilon: 0.010
2026-04-19 10:06:06 | INFO | Episode 7207 - Reward: -200.000, Length: 200, Loss: 6.8251, Entropy: 1.0897, Epsilon: 0.010
2026-04-19 10:06:07 | INFO | Episode 7208 - Reward: -200.000, Length: 200, Loss: 20.3804, Entropy: 1.0889, Epsilon: 0.010
2026-04-19 10:06:07 | INFO | Episode 7209 - Reward: -200.000, Length: 200, Loss: 26.6015, Entropy: 1.0642, Epsilon: 0.010
2026-04-19 10:06:07 | INFO | Episode 7210 - Reward: -200.000, Length: 200, Loss: 26.4059, Entropy: 1.0699, Epsilon: 0.010
2026-04-19 10:06:08 | INFO | Episode 7211 - Reward: -200.000, Length: 200, Loss: 12.9285, Entropy: 1.0702, Epsilon: 0.010
2026-04-19 10:06:08 | INFO | Episode 7212 - Reward: -200.000, Length: 200, Loss: 13.1205, Entropy: 1.0448, Epsilon: 0.010
2026-04-19 10:06:08 | INFO | Episode 7213 - Reward: -200.000, Length: 200, Loss: 22.9154, Entropy: 1.0766, Epsilon: 0.010
2026-04-19 10:06:09 | INFO | Episode 7214 - Reward: -200.000, Length: 200, Loss: 6.4148, Entropy: 1.0878, Epsilon: 0.010
2026-04-19 10:06:09 | INFO | Episode 7215 - Reward: -200.000, Length: 200, Loss: 16.3596, Entropy: 1.0783, Epsilon: 0.010
2026-04-19 10:06:10 | INFO | Episode 7216 - Reward: -200.000, Length: 200, Loss: 22.1590, Entropy: 1.0553, Epsilon: 0.010
2026-04-19 10:06:10 | INFO | Episode 7217 - Reward: -200.000, Length: 200, Loss: 18.7869, Entropy: 1.0780, Epsilon: 0.010
2026-04-19 10:06:10 | INFO | Episode 7218 - Reward: -200.000, Length: 200, Loss: 9.3114, Entropy: 1.0763, Epsilon: 0.010
2026-04-19 10:06:11 | INFO | Episode 7219 - Reward: -200.000, Length: 200, Loss: 15.8332, Entropy: 1.0635, Epsilon: 0.010
2026-04-19 10:06:11 | INFO | Episode 7220 - Reward: -200.000, Length: 200, Loss: 12.6877, Entropy: 1.0754, Epsilon: 0.010
2026-04-19 10:06:11 | INFO | Episode 7221 - Reward: -200.000, Length: 200, Loss: 6.1618, Entropy: 1.0796, Epsilon: 0.010
2026-04-19 10:06:12 | INFO | Episode 7222 - Reward: -200.000, Length: 200, Loss: 12.9440, Entropy: 1.0764, Epsilon: 0.010
2026-04-19 10:06:12 | INFO | Episode 7223 - Reward: -200.000, Length: 200, Loss: 9.3322, Entropy: 1.0815, Epsilon: 0.010
2026-04-19 10:06:12 | INFO | Episode 7224 - Reward: -200.000, Length: 200, Loss: 32.4146, Entropy: 1.0503, Epsilon: 0.010
2026-04-19 10:06:13 | INFO | Episode 7225 - Reward: -200.000, Length: 200, Loss: 29.5424, Entropy: 1.0604, Epsilon: 0.010
2026-04-19 10:06:13 | INFO | Episode 7226 - Reward: -200.000, Length: 200, Loss: 9.4275, Entropy: 1.0884, Epsilon: 0.010
2026-04-19 10:06:14 | INFO | Episode 7227 - Reward: -200.000, Length: 200, Loss: 9.2738, Entropy: 1.0829, Epsilon: 0.010
2026-04-19 10:06:14 | INFO | Episode 7228 - Reward: -200.000, Length: 200, Loss: 9.3320, Entropy: 1.0820, Epsilon: 0.010
2026-04-19 10:06:14 | INFO | Episode 7229 - Reward: -200.000, Length: 200, Loss: 12.4031, Entropy: 1.0851, Epsilon: 0.010
2026-04-19 10:06:15 | INFO | Episode 7230 - Reward: -200.000, Length: 200, Loss: 18.6332, Entropy: 1.0790, Epsilon: 0.010
2026-04-19 10:06:15 | INFO | Episode 7231 - Reward: -200.000, Length: 200, Loss: 6.1783, Entropy: 1.0885, Epsilon: 0.010
2026-04-19 10:06:15 | INFO | Episode 7232 - Reward: -200.000, Length: 200, Loss: 18.7689, Entropy: 1.0781, Epsilon: 0.010
2026-04-19 10:06:16 | INFO | Episode 7233 - Reward: -200.000, Length: 200, Loss: 6.0976, Entropy: 1.0804, Epsilon: 0.010
2026-04-19 10:06:16 | INFO | Episode 7234 - Reward: -200.000, Length: 200, Loss: 6.0674, Entropy: 1.0868, Epsilon: 0.010
2026-04-19 10:06:16 | INFO | Episode 7235 - Reward: -200.000, Length: 200, Loss: 15.5851, Entropy: 1.0859, Epsilon: 0.010
2026-04-19 10:06:17 | INFO | Episode 7236 - Reward: -200.000, Length: 200, Loss: 2.9728, Entropy: 1.0935, Epsilon: 0.010
2026-04-19 10:06:17 | INFO | Episode 7237 - Reward: -200.000, Length: 200, Loss: 12.2858, Entropy: 1.0846, Epsilon: 0.010
2026-04-19 10:06:18 | INFO | Episode 7238 - Reward: -200.000, Length: 200, Loss: 12.2304, Entropy: 1.0807, Epsilon: 0.010
2026-04-19 10:06:18 | INFO | Episode 7239 - Reward: -200.000, Length: 200, Loss: 24.8885, Entropy: 1.0516, Epsilon: 0.010
2026-04-19 10:06:18 | INFO | Episode 7240 - Reward: -200.000, Length: 200, Loss: 12.1964, Entropy: 1.0751, Epsilon: 0.010
2026-04-19 10:06:19 | INFO | Episode 7241 - Reward: -200.000, Length: 200, Loss: 25.3048, Entropy: 1.0593, Epsilon: 0.010
2026-04-19 10:06:19 | INFO | Episode 7242 - Reward: -200.000, Length: 200, Loss: 18.7359, Entropy: 1.0752, Epsilon: 0.010
2026-04-19 10:06:19 | INFO | Episode 7243 - Reward: -200.000, Length: 200, Loss: 27.8507, Entropy: 1.0633, Epsilon: 0.010
2026-04-19 10:06:20 | INFO | Episode 7244 - Reward: -200.000, Length: 200, Loss: 9.1601, Entropy: 1.0707, Epsilon: 0.010
2026-04-19 10:06:20 | INFO | Episode 7245 - Reward: -200.000, Length: 200, Loss: 25.0848, Entropy: 1.0779, Epsilon: 0.010
2026-04-19 10:06:21 | INFO | Episode 7246 - Reward: -200.000, Length: 200, Loss: 15.0432, Entropy: 1.0823, Epsilon: 0.010
2026-04-19 10:06:21 | INFO | Episode 7247 - Reward: -200.000, Length: 200, Loss: 20.8626, Entropy: 1.0874, Epsilon: 0.010
2026-04-19 10:06:21 | INFO | Episode 7248 - Reward: -200.000, Length: 200, Loss: 18.1513, Entropy: 1.0657, Epsilon: 0.010
2026-04-19 10:06:22 | INFO | Episode 7249 - Reward: -200.000, Length: 200, Loss: 26.9998, Entropy: 1.0875, Epsilon: 0.010
2026-04-19 10:06:22 | INFO | Episode 7250 - Reward: -200.000, Length: 200, Loss: 11.8856, Entropy: 1.0848, Epsilon: 0.010
2026-04-19 10:06:22 | INFO | Episode 7251 - Reward: -200.000, Length: 200, Loss: 18.2542, Entropy: 1.0412, Epsilon: 0.010
2026-04-19 10:06:23 | INFO | Episode 7252 - Reward: -200.000, Length: 200, Loss: 6.0382, Entropy: 1.0858, Epsilon: 0.010
2026-04-19 10:06:23 | INFO | Episode 7253 - Reward: -200.000, Length: 200, Loss: 14.9576, Entropy: 1.0897, Epsilon: 0.010
2026-04-19 10:06:24 | INFO | Episode 7254 - Reward: -200.000, Length: 200, Loss: 6.0944, Entropy: 1.0916, Epsilon: 0.010
2026-04-19 10:06:24 | INFO | Episode 7255 - Reward: -200.000, Length: 200, Loss: 15.1617, Entropy: 1.0909, Epsilon: 0.010
2026-04-19 10:06:24 | INFO | Episode 7256 - Reward: -200.000, Length: 200, Loss: 15.4184, Entropy: 1.0912, Epsilon: 0.010
2026-04-19 10:06:25 | INFO | Episode 7257 - Reward: -200.000, Length: 200, Loss: 18.6001, Entropy: 1.0801, Epsilon: 0.010
2026-04-19 10:06:25 | INFO | Episode 7258 - Reward: -200.000, Length: 200, Loss: 12.2501, Entropy: 1.0708, Epsilon: 0.010
2026-04-19 10:06:25 | INFO | Episode 7259 - Reward: -200.000, Length: 200, Loss: 18.2885, Entropy: 1.0689, Epsilon: 0.010
2026-04-19 10:06:26 | INFO | Episode 7260 - Reward: -200.000, Length: 200, Loss: 18.3493, Entropy: 1.0886, Epsilon: 0.010
2026-04-19 10:06:26 | INFO | Episode 7261 - Reward: -200.000, Length: 200, Loss: 21.8711, Entropy: 1.0818, Epsilon: 0.010
2026-04-19 10:06:26 | INFO | Episode 7262 - Reward: -200.000, Length: 200, Loss: 9.1911, Entropy: 1.0902, Epsilon: 0.010
2026-04-19 10:06:27 | INFO | Episode 7263 - Reward: -200.000, Length: 200, Loss: 24.8363, Entropy: 1.0873, Epsilon: 0.010
2026-04-19 10:06:27 | INFO | Episode 7264 - Reward: -200.000, Length: 200, Loss: 24.5771, Entropy: 1.0789, Epsilon: 0.010
2026-04-19 10:06:28 | INFO | Episode 7265 - Reward: -200.000, Length: 200, Loss: 12.3593, Entropy: 1.0860, Epsilon: 0.010
2026-04-19 10:06:28 | INFO | Episode 7266 - Reward: -200.000, Length: 200, Loss: 15.3230, Entropy: 1.0772, Epsilon: 0.010
2026-04-19 10:06:28 | INFO | Episode 7267 - Reward: -200.000, Length: 200, Loss: 27.5214, Entropy: 1.0571, Epsilon: 0.010
2026-04-19 10:06:29 | INFO | Episode 7268 - Reward: -200.000, Length: 200, Loss: 12.6559, Entropy: 1.0657, Epsilon: 0.010
2026-04-19 10:06:29 | INFO | Episode 7269 - Reward: -200.000, Length: 200, Loss: 31.7737, Entropy: 1.0414, Epsilon: 0.010
2026-04-19 10:06:29 | INFO | Episode 7270 - Reward: -200.000, Length: 200, Loss: 18.9551, Entropy: 1.0557, Epsilon: 0.010
2026-04-19 10:06:30 | INFO | Episode 7271 - Reward: -200.000, Length: 200, Loss: 2.8479, Entropy: 1.0897, Epsilon: 0.010
2026-04-19 10:06:30 | INFO | Episode 7272 - Reward: -200.000, Length: 200, Loss: 31.5905, Entropy: 1.0780, Epsilon: 0.010
2026-04-19 10:06:31 | INFO | Episode 7273 - Reward: -200.000, Length: 200, Loss: 21.9261, Entropy: 1.0781, Epsilon: 0.010
2026-04-19 10:06:31 | INFO | Episode 7274 - Reward: -200.000, Length: 200, Loss: 6.0354, Entropy: 1.0864, Epsilon: 0.010
2026-04-19 10:06:31 | INFO | Episode 7275 - Reward: -200.000, Length: 200, Loss: 19.0720, Entropy: 1.0447, Epsilon: 0.010
2026-04-19 10:06:32 | INFO | Episode 7276 - Reward: -200.000, Length: 200, Loss: 15.9731, Entropy: 1.0807, Epsilon: 0.010
2026-04-19 10:06:32 | INFO | Episode 7277 - Reward: -200.000, Length: 200, Loss: 18.5671, Entropy: 1.0588, Epsilon: 0.010
2026-04-19 10:06:32 | INFO | Episode 7278 - Reward: -200.000, Length: 200, Loss: 9.7686, Entropy: 1.0746, Epsilon: 0.010
2026-04-19 10:06:33 | INFO | Episode 7279 - Reward: -200.000, Length: 200, Loss: 31.9934, Entropy: 1.0708, Epsilon: 0.010
2026-04-19 10:06:33 | INFO | Episode 7280 - Reward: -200.000, Length: 200, Loss: 9.3991, Entropy: 1.0837, Epsilon: 0.010
2026-04-19 10:06:33 | INFO | Episode 7281 - Reward: -200.000, Length: 200, Loss: 9.5434, Entropy: 1.0714, Epsilon: 0.010
2026-04-19 10:06:34 | INFO | Episode 7282 - Reward: -200.000, Length: 200, Loss: 9.6668, Entropy: 1.0715, Epsilon: 0.010
2026-04-19 10:06:34 | INFO | Episode 7283 - Reward: -200.000, Length: 200, Loss: 9.5440, Entropy: 1.0817, Epsilon: 0.010
2026-04-19 10:06:35 | INFO | Episode 7284 - Reward: -200.000, Length: 200, Loss: 9.6551, Entropy: 1.0830, Epsilon: 0.010
2026-04-19 10:06:35 | INFO | Episode 7285 - Reward: -200.000, Length: 200, Loss: 36.2051, Entropy: 1.0741, Epsilon: 0.010
2026-04-19 10:06:35 | INFO | Episode 7286 - Reward: -200.000, Length: 200, Loss: 9.3727, Entropy: 1.0908, Epsilon: 0.010
2026-04-19 10:06:36 | INFO | Episode 7287 - Reward: -200.000, Length: 200, Loss: 19.1812, Entropy: 1.0879, Epsilon: 0.010
2026-04-19 10:06:36 | INFO | Episode 7288 - Reward: -200.000, Length: 200, Loss: 22.3919, Entropy: 1.0616, Epsilon: 0.010
2026-04-19 10:06:36 | INFO | Episode 7289 - Reward: -200.000, Length: 200, Loss: 18.8924, Entropy: 1.0783, Epsilon: 0.010
2026-04-19 10:06:37 | INFO | Episode 7290 - Reward: -200.000, Length: 200, Loss: 12.5668, Entropy: 1.0833, Epsilon: 0.010
2026-04-19 10:06:37 | INFO | Episode 7291 - Reward: -200.000, Length: 200, Loss: 6.2958, Entropy: 1.0882, Epsilon: 0.010
2026-04-19 10:06:37 | INFO | Episode 7292 - Reward: -200.000, Length: 200, Loss: 15.9334, Entropy: 1.0827, Epsilon: 0.010
2026-04-19 10:06:38 | INFO | Episode 7293 - Reward: -200.000, Length: 200, Loss: 15.6004, Entropy: 1.0840, Epsilon: 0.010
2026-04-19 10:06:38 | INFO | Episode 7294 - Reward: -200.000, Length: 200, Loss: 12.5657, Entropy: 1.0891, Epsilon: 0.010
2026-04-19 10:06:38 | INFO | Episode 7295 - Reward: -200.000, Length: 200, Loss: 19.2219, Entropy: 1.0842, Epsilon: 0.010
2026-04-19 10:06:39 | INFO | Episode 7296 - Reward: -200.000, Length: 200, Loss: 12.5461, Entropy: 1.0891, Epsilon: 0.010
2026-04-19 10:06:39 | INFO | Episode 7297 - Reward: -200.000, Length: 200, Loss: 19.1485, Entropy: 1.0815, Epsilon: 0.010
2026-04-19 10:06:40 | INFO | Episode 7298 - Reward: -200.000, Length: 200, Loss: 22.2565, Entropy: 1.0691, Epsilon: 0.010
2026-04-19 10:06:40 | INFO | Episode 7299 - Reward: -200.000, Length: 200, Loss: 12.7387, Entropy: 1.0843, Epsilon: 0.010
2026-04-19 10:06:40 | INFO | Episode 7300 - Reward: -200.000, Length: 200, Loss: 3.0181, Entropy: 1.0895, Epsilon: 0.010
2026-04-19 10:06:45 | INFO | [Episode 7300] eps=0.010  avg_reward=-200.000  avg_length=200.00  avg_loss= 16.1094  avg_entropy=1.0895  eval_success=0.000
2026-04-19 10:06:45 | INFO | Episode 7301 - Reward: -200.000, Length: 200, Loss: 15.9285, Entropy: 1.0872, Epsilon: 0.010
2026-04-19 10:06:46 | INFO | Episode 7302 - Reward: -200.000, Length: 200, Loss: 6.1401, Entropy: 1.0876, Epsilon: 0.010
2026-04-19 10:06:46 | INFO | Episode 7303 - Reward: -200.000, Length: 200, Loss: 21.7689, Entropy: 1.0555, Epsilon: 0.010
2026-04-19 10:06:47 | INFO | Episode 7304 - Reward: -200.000, Length: 200, Loss: 12.7758, Entropy: 1.0796, Epsilon: 0.010
2026-04-19 10:06:47 | INFO | Episode 7305 - Reward: -200.000, Length: 200, Loss: 31.7634, Entropy: 1.0716, Epsilon: 0.010
2026-04-19 10:06:47 | INFO | Episode 7306 - Reward: -200.000, Length: 200, Loss: 24.1639, Entropy: 1.0511, Epsilon: 0.010
2026-04-19 10:06:48 | INFO | Episode 7307 - Reward: -200.000, Length: 200, Loss: 18.2159, Entropy: 1.0746, Epsilon: 0.010
2026-04-19 10:06:48 | INFO | Episode 7308 - Reward: -200.000, Length: 200, Loss: 5.7766, Entropy: 1.0878, Epsilon: 0.010
2026-04-19 10:06:48 | INFO | Episode 7309 - Reward: -200.000, Length: 200, Loss: 2.9708, Entropy: 1.0888, Epsilon: 0.010
2026-04-19 10:06:49 | INFO | Episode 7310 - Reward: -200.000, Length: 200, Loss: 24.9040, Entropy: 1.0723, Epsilon: 0.010
2026-04-19 10:06:49 | INFO | Episode 7311 - Reward: -200.000, Length: 200, Loss: 27.8737, Entropy: 1.0681, Epsilon: 0.010
2026-04-19 10:06:50 | INFO | Episode 7312 - Reward: -200.000, Length: 200, Loss: 12.3958, Entropy: 1.0803, Epsilon: 0.010
2026-04-19 10:06:50 | INFO | Episode 7313 - Reward: -200.000, Length: 200, Loss: 9.2898, Entropy: 1.0790, Epsilon: 0.010
2026-04-19 10:06:50 | INFO | Episode 7314 - Reward: -200.000, Length: 200, Loss: 18.3432, Entropy: 1.0615, Epsilon: 0.010
2026-04-19 10:06:51 | INFO | Episode 7315 - Reward: -200.000, Length: 200, Loss: 12.2524, Entropy: 1.0879, Epsilon: 0.010
2026-04-19 10:06:51 | INFO | Episode 7316 - Reward: -200.000, Length: 200, Loss: 14.7513, Entropy: 1.0447, Epsilon: 0.010
2026-04-19 10:06:51 | INFO | Episode 7317 - Reward: -200.000, Length: 200, Loss: 12.1988, Entropy: 1.0642, Epsilon: 0.010
2026-04-19 10:06:52 | INFO | Episode 7318 - Reward: -200.000, Length: 200, Loss: 21.3050, Entropy: 1.0790, Epsilon: 0.010
2026-04-19 10:06:52 | INFO | Episode 7319 - Reward: -200.000, Length: 200, Loss: 8.5987, Entropy: 1.0251, Epsilon: 0.010
2026-04-19 10:06:53 | INFO | Episode 7320 - Reward: -200.000, Length: 200, Loss: 23.8652, Entropy: 1.0674, Epsilon: 0.010
2026-04-19 10:06:53 | INFO | Episode 7321 - Reward: -200.000, Length: 200, Loss: 23.2574, Entropy: 1.0609, Epsilon: 0.010
2026-04-19 10:06:53 | INFO | Episode 7322 - Reward: -200.000, Length: 200, Loss: 14.4991, Entropy: 1.0726, Epsilon: 0.010
2026-04-19 10:06:54 | INFO | Episode 7323 - Reward: -200.000, Length: 200, Loss: 17.2252, Entropy: 1.0779, Epsilon: 0.010
2026-04-19 10:06:54 | INFO | Episode 7324 - Reward: -200.000, Length: 200, Loss: 5.5626, Entropy: 1.0872, Epsilon: 0.010
2026-04-19 10:06:54 | INFO | Episode 7325 - Reward: -200.000, Length: 200, Loss: 8.2600, Entropy: 1.0878, Epsilon: 0.010
2026-04-19 10:06:55 | INFO | Episode 7326 - Reward: -200.000, Length: 200, Loss: 8.4209, Entropy: 1.0856, Epsilon: 0.010
2026-04-19 10:06:55 | INFO | Episode 7327 - Reward: -200.000, Length: 200, Loss: 14.3843, Entropy: 1.0832, Epsilon: 0.010
2026-04-19 10:06:56 | INFO | Episode 7328 - Reward: -200.000, Length: 200, Loss: 11.2753, Entropy: 1.0883, Epsilon: 0.010
2026-04-19 10:06:56 | INFO | Episode 7329 - Reward: -200.000, Length: 200, Loss: 14.1786, Entropy: 1.0743, Epsilon: 0.010
2026-04-19 10:06:56 | INFO | Episode 7330 - Reward: -200.000, Length: 200, Loss: 5.5683, Entropy: 1.0891, Epsilon: 0.010
2026-04-19 10:06:57 | INFO | Episode 7331 - Reward: -200.000, Length: 200, Loss: 20.0152, Entropy: 1.0663, Epsilon: 0.010
2026-04-19 10:06:57 | INFO | Episode 7332 - Reward: -200.000, Length: 200, Loss: 14.4116, Entropy: 1.0600, Epsilon: 0.010
2026-04-19 10:06:57 | INFO | Episode 7333 - Reward: -200.000, Length: 200, Loss: 17.1406, Entropy: 1.0805, Epsilon: 0.010
2026-04-19 10:06:58 | INFO | Episode 7334 - Reward: -200.000, Length: 200, Loss: 11.3687, Entropy: 1.0834, Epsilon: 0.010
2026-04-19 10:06:58 | INFO | Episode 7335 - Reward: -200.000, Length: 200, Loss: 19.9810, Entropy: 1.0859, Epsilon: 0.010
2026-04-19 10:06:58 | INFO | Episode 7336 - Reward: -200.000, Length: 200, Loss: 26.0611, Entropy: 1.0664, Epsilon: 0.010
2026-04-19 10:06:59 | INFO | Episode 7337 - Reward: -200.000, Length: 200, Loss: 17.3662, Entropy: 1.0819, Epsilon: 0.010
2026-04-19 10:06:59 | INFO | Episode 7338 - Reward: -200.000, Length: 200, Loss: 23.0820, Entropy: 1.0825, Epsilon: 0.010
2026-04-19 10:07:00 | INFO | Episode 7339 - Reward: -200.000, Length: 200, Loss: 11.5948, Entropy: 1.0882, Epsilon: 0.010
2026-04-19 10:07:00 | INFO | Episode 7340 - Reward: -200.000, Length: 200, Loss: 19.8421, Entropy: 1.0783, Epsilon: 0.010
2026-04-19 10:07:00 | INFO | Episode 7341 - Reward: -200.000, Length: 200, Loss: 23.0666, Entropy: 1.0643, Epsilon: 0.010
2026-04-19 10:07:01 | INFO | Episode 7342 - Reward: -200.000, Length: 200, Loss: 11.4394, Entropy: 1.0686, Epsilon: 0.010
2026-04-19 10:07:01 | INFO | Episode 7343 - Reward: -200.000, Length: 200, Loss: 20.2880, Entropy: 1.0779, Epsilon: 0.010
2026-04-19 10:07:01 | INFO | Episode 7344 - Reward: -200.000, Length: 200, Loss: 11.6230, Entropy: 1.0879, Epsilon: 0.010
2026-04-19 10:07:02 | INFO | Episode 7345 - Reward: -200.000, Length: 200, Loss: 29.6164, Entropy: 1.0392, Epsilon: 0.010
2026-04-19 10:07:02 | INFO | Episode 7346 - Reward: -200.000, Length: 200, Loss: 14.2502, Entropy: 1.0775, Epsilon: 0.010
2026-04-19 10:07:02 | INFO | Episode 7347 - Reward: -200.000, Length: 200, Loss: 11.3973, Entropy: 1.0861, Epsilon: 0.010
2026-04-19 10:07:03 | INFO | Episode 7348 - Reward: -200.000, Length: 200, Loss: 8.4941, Entropy: 1.0786, Epsilon: 0.010
2026-04-19 10:07:03 | INFO | Episode 7349 - Reward: -200.000, Length: 200, Loss: 20.1439, Entropy: 1.0824, Epsilon: 0.010
2026-04-19 10:07:04 | INFO | Episode 7350 - Reward: -200.000, Length: 200, Loss: 11.4914, Entropy: 1.0789, Epsilon: 0.010
2026-04-19 10:07:04 | INFO | Episode 7351 - Reward: -200.000, Length: 200, Loss: 5.6216, Entropy: 1.0916, Epsilon: 0.010
2026-04-19 10:07:04 | INFO | Episode 7352 - Reward: -200.000, Length: 200, Loss: 11.6132, Entropy: 1.0846, Epsilon: 0.010
2026-04-19 10:07:05 | INFO | Episode 7353 - Reward: -200.000, Length: 200, Loss: 23.5407, Entropy: 1.0802, Epsilon: 0.010
2026-04-19 10:07:05 | INFO | Episode 7354 - Reward: -200.000, Length: 200, Loss: 8.7954, Entropy: 1.0892, Epsilon: 0.010
2026-04-19 10:07:05 | INFO | Episode 7355 - Reward: -200.000, Length: 200, Loss: 11.7719, Entropy: 1.0890, Epsilon: 0.010
2026-04-19 10:07:06 | INFO | Episode 7356 - Reward: -200.000, Length: 200, Loss: 5.7305, Entropy: 1.0904, Epsilon: 0.010
2026-04-19 10:07:06 | INFO | Episode 7357 - Reward: -200.000, Length: 200, Loss: 8.6578, Entropy: 1.0912, Epsilon: 0.010
2026-04-19 10:07:06 | INFO | Episode 7358 - Reward: -200.000, Length: 200, Loss: 14.7377, Entropy: 1.0612, Epsilon: 0.010
2026-04-19 10:07:07 | INFO | Episode 7359 - Reward: -200.000, Length: 200, Loss: 11.7153, Entropy: 1.0833, Epsilon: 0.010
2026-04-19 10:07:07 | INFO | Episode 7360 - Reward: -200.000, Length: 200, Loss: 17.7742, Entropy: 1.0805, Epsilon: 0.010
2026-04-19 10:07:08 | INFO | Episode 7361 - Reward: -200.000, Length: 200, Loss: 15.1399, Entropy: 1.0857, Epsilon: 0.010
2026-04-19 10:07:08 | INFO | Episode 7362 - Reward: -200.000, Length: 200, Loss: 11.7743, Entropy: 1.0803, Epsilon: 0.010
2026-04-19 10:07:08 | INFO | Episode 7363 - Reward: -200.000, Length: 200, Loss: 30.2499, Entropy: 1.0798, Epsilon: 0.010
2026-04-19 10:07:09 | INFO | Episode 7364 - Reward: -200.000, Length: 200, Loss: 21.4116, Entropy: 1.0662, Epsilon: 0.010
2026-04-19 10:07:09 | INFO | Episode 7365 - Reward: -200.000, Length: 200, Loss: 18.5689, Entropy: 1.0849, Epsilon: 0.010
2026-04-19 10:07:09 | INFO | Episode 7366 - Reward: -200.000, Length: 200, Loss: 9.1321, Entropy: 1.0858, Epsilon: 0.010
2026-04-19 10:07:10 | INFO | Episode 7367 - Reward: -200.000, Length: 200, Loss: 9.2131, Entropy: 1.0649, Epsilon: 0.010
2026-04-19 10:07:10 | INFO | Episode 7368 - Reward: -200.000, Length: 200, Loss: 11.9772, Entropy: 1.0759, Epsilon: 0.010
2026-04-19 10:07:10 | INFO | Episode 7369 - Reward: -200.000, Length: 200, Loss: 9.1716, Entropy: 1.0861, Epsilon: 0.010
2026-04-19 10:07:11 | INFO | Episode 7370 - Reward: -200.000, Length: 200, Loss: 9.2091, Entropy: 1.0774, Epsilon: 0.010
2026-04-19 10:07:11 | INFO | Episode 7371 - Reward: -200.000, Length: 200, Loss: 12.2969, Entropy: 1.0756, Epsilon: 0.010
2026-04-19 10:07:12 | INFO | Episode 7372 - Reward: -200.000, Length: 200, Loss: 21.7848, Entropy: 1.0870, Epsilon: 0.010
2026-04-19 10:07:12 | INFO | Episode 7373 - Reward: -200.000, Length: 200, Loss: 18.4569, Entropy: 1.0727, Epsilon: 0.010
2026-04-19 10:07:12 | INFO | Episode 7374 - Reward: -200.000, Length: 200, Loss: 21.4678, Entropy: 1.0605, Epsilon: 0.010
2026-04-19 10:07:13 | INFO | Episode 7375 - Reward: -200.000, Length: 200, Loss: 21.4756, Entropy: 1.0858, Epsilon: 0.010
2026-04-19 10:07:13 | INFO | Episode 7376 - Reward: -200.000, Length: 200, Loss: 9.3388, Entropy: 1.0864, Epsilon: 0.010
2026-04-19 10:07:13 | INFO | Episode 7377 - Reward: -200.000, Length: 200, Loss: 49.8896, Entropy: 1.0655, Epsilon: 0.010
2026-04-19 10:07:14 | INFO | Episode 7378 - Reward: -200.000, Length: 200, Loss: 9.2290, Entropy: 1.0843, Epsilon: 0.010
2026-04-19 10:07:14 | INFO | Episode 7379 - Reward: -200.000, Length: 200, Loss: 6.1020, Entropy: 1.0850, Epsilon: 0.010
2026-04-19 10:07:14 | INFO | Episode 7380 - Reward: -200.000, Length: 200, Loss: 15.4884, Entropy: 1.0742, Epsilon: 0.010
2026-04-19 10:07:15 | INFO | Episode 7381 - Reward: -200.000, Length: 200, Loss: 9.2648, Entropy: 1.0806, Epsilon: 0.010
2026-04-19 10:07:15 | INFO | Episode 7382 - Reward: -200.000, Length: 200, Loss: 15.3498, Entropy: 1.0727, Epsilon: 0.010
2026-04-19 10:07:16 | INFO | Episode 7383 - Reward: -200.000, Length: 200, Loss: 15.7438, Entropy: 1.0818, Epsilon: 0.010
2026-04-19 10:07:16 | INFO | Episode 7384 - Reward: -200.000, Length: 200, Loss: 9.2264, Entropy: 1.0876, Epsilon: 0.010
2026-04-19 10:07:16 | INFO | Episode 7385 - Reward: -200.000, Length: 200, Loss: 24.9914, Entropy: 1.0686, Epsilon: 0.010
2026-04-19 10:07:17 | INFO | Episode 7386 - Reward: -200.000, Length: 200, Loss: 15.7874, Entropy: 1.0766, Epsilon: 0.010
2026-04-19 10:07:17 | INFO | Episode 7387 - Reward: -200.000, Length: 200, Loss: 19.2340, Entropy: 1.0749, Epsilon: 0.010
2026-04-19 10:07:17 | INFO | Episode 7388 - Reward: -200.000, Length: 200, Loss: 9.4117, Entropy: 1.0805, Epsilon: 0.010
2026-04-19 10:07:18 | INFO | Episode 7389 - Reward: -200.000, Length: 200, Loss: 19.0198, Entropy: 1.0748, Epsilon: 0.010
2026-04-19 10:07:18 | INFO | Episode 7390 - Reward: -200.000, Length: 200, Loss: 12.6588, Entropy: 1.0836, Epsilon: 0.010
2026-04-19 10:07:19 | INFO | Episode 7391 - Reward: -200.000, Length: 200, Loss: 9.3593, Entropy: 1.0818, Epsilon: 0.010
2026-04-19 10:07:19 | INFO | Episode 7392 - Reward: -200.000, Length: 200, Loss: 21.4567, Entropy: 1.0843, Epsilon: 0.010
2026-04-19 10:07:19 | INFO | Episode 7393 - Reward: -200.000, Length: 200, Loss: 15.6302, Entropy: 1.0872, Epsilon: 0.010
2026-04-19 10:07:20 | INFO | Episode 7394 - Reward: -200.000, Length: 200, Loss: 15.9924, Entropy: 1.0817, Epsilon: 0.010
2026-04-19 10:07:20 | INFO | Episode 7395 - Reward: -200.000, Length: 200, Loss: 6.2374, Entropy: 1.0865, Epsilon: 0.010
2026-04-19 10:07:20 | INFO | Episode 7396 - Reward: -200.000, Length: 200, Loss: 22.1526, Entropy: 1.0731, Epsilon: 0.010
2026-04-19 10:07:21 | INFO | Episode 7397 - Reward: -200.000, Length: 200, Loss: 37.9876, Entropy: 1.0560, Epsilon: 0.010
2026-04-19 10:07:21 | INFO | Episode 7398 - Reward: -200.000, Length: 200, Loss: 9.7367, Entropy: 1.0746, Epsilon: 0.010
2026-04-19 10:07:22 | INFO | Episode 7399 - Reward: -200.000, Length: 200, Loss: 23.0470, Entropy: 1.0750, Epsilon: 0.010
2026-04-19 10:07:22 | INFO | Episode 7400 - Reward: -200.000, Length: 200, Loss: 12.8947, Entropy: 1.0856, Epsilon: 0.010
2026-04-19 10:07:27 | INFO | [Episode 7400] eps=0.010  avg_reward=-200.000  avg_length=200.00  avg_loss= 15.6711  avg_entropy=1.0856  eval_success=0.000
2026-04-19 10:07:27 | INFO | Episode 7401 - Reward: -200.000, Length: 200, Loss: 19.7458, Entropy: 1.0815, Epsilon: 0.010
2026-04-19 10:07:28 | INFO | Episode 7402 - Reward: -200.000, Length: 200, Loss: 6.5190, Entropy: 1.0804, Epsilon: 0.010
2026-04-19 10:07:28 | INFO | Episode 7403 - Reward: -200.000, Length: 200, Loss: 9.5813, Entropy: 1.0755, Epsilon: 0.010
2026-04-19 10:07:28 | INFO | Episode 7404 - Reward: -200.000, Length: 200, Loss: 15.8750, Entropy: 1.0592, Epsilon: 0.010
2026-04-19 10:07:29 | INFO | Episode 7405 - Reward: -200.000, Length: 200, Loss: 6.4523, Entropy: 1.0871, Epsilon: 0.010
2026-04-19 10:07:29 | INFO | Episode 7406 - Reward: -200.000, Length: 200, Loss: 13.2688, Entropy: 1.0796, Epsilon: 0.010
2026-04-19 10:07:30 | INFO | Episode 7407 - Reward: -200.000, Length: 200, Loss: 29.1170, Entropy: 1.0695, Epsilon: 0.010
2026-04-19 10:07:30 | INFO | Episode 7408 - Reward: -200.000, Length: 200, Loss: 20.0910, Entropy: 1.0571, Epsilon: 0.010
2026-04-19 10:07:30 | INFO | Episode 7409 - Reward: -200.000, Length: 200, Loss: 23.0373, Entropy: 1.0678, Epsilon: 0.010
2026-04-19 10:07:31 | INFO | Episode 7410 - Reward: -200.000, Length: 200, Loss: 20.0018, Entropy: 1.0822, Epsilon: 0.010
2026-04-19 10:07:31 | INFO | Episode 7411 - Reward: -200.000, Length: 200, Loss: 23.7976, Entropy: 1.0569, Epsilon: 0.010
2026-04-19 10:07:31 | INFO | Episode 7412 - Reward: -200.000, Length: 200, Loss: 13.2076, Entropy: 1.0782, Epsilon: 0.010
2026-04-19 10:07:32 | INFO | Episode 7413 - Reward: -200.000, Length: 200, Loss: 6.5887, Entropy: 1.0903, Epsilon: 0.010
2026-04-19 10:07:32 | INFO | Episode 7414 - Reward: -200.000, Length: 200, Loss: 10.0548, Entropy: 1.0871, Epsilon: 0.010
2026-04-19 10:07:32 | INFO | Episode 7415 - Reward: -200.000, Length: 200, Loss: 26.7557, Entropy: 1.0736, Epsilon: 0.010
2026-04-19 10:07:33 | INFO | Episode 7416 - Reward: -200.000, Length: 200, Loss: 10.0452, Entropy: 1.0769, Epsilon: 0.010
2026-04-19 10:07:33 | INFO | Episode 7417 - Reward: -200.000, Length: 200, Loss: 20.2544, Entropy: 1.0779, Epsilon: 0.010
2026-04-19 10:07:34 | INFO | Episode 7418 - Reward: -200.000, Length: 200, Loss: 30.2297, Entropy: 1.0834, Epsilon: 0.010
2026-04-19 10:07:34 | INFO | Episode 7419 - Reward: -200.000, Length: 200, Loss: 13.4986, Entropy: 1.0592, Epsilon: 0.010
2026-04-19 10:07:34 | INFO | Episode 7420 - Reward: -200.000, Length: 200, Loss: 20.0693, Entropy: 1.0785, Epsilon: 0.010
2026-04-19 10:07:35 | INFO | Episode 7421 - Reward: -200.000, Length: 200, Loss: 3.1397, Entropy: 1.0918, Epsilon: 0.010
2026-04-19 10:07:35 | INFO | Episode 7422 - Reward: -200.000, Length: 200, Loss: 6.5836, Entropy: 1.0919, Epsilon: 0.010
2026-04-19 10:07:35 | INFO | Episode 7423 - Reward: -200.000, Length: 200, Loss: 6.6157, Entropy: 1.0894, Epsilon: 0.010
2026-04-19 10:07:36 | INFO | Episode 7424 - Reward: -200.000, Length: 200, Loss: 23.8468, Entropy: 1.0812, Epsilon: 0.010
2026-04-19 10:07:36 | INFO | Episode 7425 - Reward: -200.000, Length: 200, Loss: 20.3329, Entropy: 1.0778, Epsilon: 0.010
2026-04-19 10:07:36 | INFO | Episode 7426 - Reward: -200.000, Length: 200, Loss: 30.6433, Entropy: 1.0768, Epsilon: 0.010
2026-04-19 10:07:37 | INFO | Episode 7427 - Reward: -200.000, Length: 200, Loss: 13.4312, Entropy: 1.0853, Epsilon: 0.010
2026-04-19 10:07:37 | INFO | Episode 7428 - Reward: -200.000, Length: 200, Loss: 6.7724, Entropy: 1.0869, Epsilon: 0.010
2026-04-19 10:07:38 | INFO | Episode 7429 - Reward: -200.000, Length: 200, Loss: 17.3821, Entropy: 1.0715, Epsilon: 0.010
2026-04-19 10:07:38 | INFO | Episode 7430 - Reward: -200.000, Length: 200, Loss: 20.4064, Entropy: 1.0712, Epsilon: 0.010
2026-04-19 10:07:38 | INFO | Episode 7431 - Reward: -200.000, Length: 200, Loss: 16.9523, Entropy: 1.0653, Epsilon: 0.010
2026-04-19 10:07:39 | INFO | Episode 7432 - Reward: -200.000, Length: 200, Loss: 27.0728, Entropy: 1.0681, Epsilon: 0.010
2026-04-19 10:07:39 | INFO | Episode 7433 - Reward: -200.000, Length: 200, Loss: 10.1692, Entropy: 1.0790, Epsilon: 0.010
2026-04-19 10:07:39 | INFO | Episode 7434 - Reward: -200.000, Length: 200, Loss: 13.4945, Entropy: 1.0876, Epsilon: 0.010
2026-04-19 10:07:40 | INFO | Episode 7435 - Reward: -200.000, Length: 200, Loss: 13.7935, Entropy: 1.0847, Epsilon: 0.010
2026-04-19 10:07:40 | INFO | Episode 7436 - Reward: -200.000, Length: 200, Loss: 3.2537, Entropy: 1.0932, Epsilon: 0.010
2026-04-19 10:07:40 | INFO | Episode 7437 - Reward: -200.000, Length: 200, Loss: 13.9422, Entropy: 1.0637, Epsilon: 0.010
2026-04-19 10:07:41 | INFO | Episode 7438 - Reward: -200.000, Length: 200, Loss: 17.1001, Entropy: 1.0785, Epsilon: 0.010
2026-04-19 10:07:43 | INFO | Episode 7439 - Reward: -200.000, Length: 200, Loss: 21.1689, Entropy: 1.0825, Epsilon: 0.010
2026-04-19 10:07:43 | INFO | Episode 7440 - Reward: -200.000, Length: 200, Loss: 7.0315, Entropy: 1.0792, Epsilon: 0.010
2026-04-19 10:07:44 | INFO | Episode 7441 - Reward: -200.000, Length: 200, Loss: 28.1179, Entropy: 1.0794, Epsilon: 0.010
2026-04-19 10:07:44 | INFO | Episode 7442 - Reward: -200.000, Length: 200, Loss: 17.8695, Entropy: 1.0809, Epsilon: 0.010
2026-04-19 10:07:45 | INFO | Episode 7443 - Reward: -200.000, Length: 200, Loss: 24.8105, Entropy: 1.0621, Epsilon: 0.010
2026-04-19 10:07:45 | INFO | Episode 7444 - Reward: -200.000, Length: 200, Loss: 23.6279, Entropy: 1.0233, Epsilon: 0.010
2026-04-19 10:07:45 | INFO | Episode 7445 - Reward: -200.000, Length: 200, Loss: 6.5623, Entropy: 1.0802, Epsilon: 0.010
2026-04-19 10:07:46 | INFO | Episode 7446 - Reward: -200.000, Length: 200, Loss: 13.2725, Entropy: 1.0814, Epsilon: 0.010
2026-04-19 10:07:46 | INFO | Episode 7447 - Reward: -200.000, Length: 200, Loss: 20.2308, Entropy: 1.0793, Epsilon: 0.010
2026-04-19 10:07:46 | INFO | Episode 7448 - Reward: -200.000, Length: 200, Loss: 23.6709, Entropy: 1.0717, Epsilon: 0.010
2026-04-19 10:07:47 | INFO | Episode 7449 - Reward: -200.000, Length: 200, Loss: 9.8027, Entropy: 1.0723, Epsilon: 0.010
2026-04-19 10:07:47 | INFO | Episode 7450 - Reward: -200.000, Length: 200, Loss: 23.6090, Entropy: 1.0824, Epsilon: 0.010
2026-04-19 10:07:47 | INFO | Episode 7451 - Reward: -200.000, Length: 200, Loss: 13.0658, Entropy: 1.0692, Epsilon: 0.010
2026-04-19 10:07:48 | INFO | Episode 7452 - Reward: -200.000, Length: 200, Loss: 19.6450, Entropy: 1.0800, Epsilon: 0.010
2026-04-19 10:07:48 | INFO | Episode 7453 - Reward: -200.000, Length: 200, Loss: 26.5902, Entropy: 1.0791, Epsilon: 0.010
2026-04-19 10:07:49 | INFO | Episode 7454 - Reward: -200.000, Length: 200, Loss: 32.7437, Entropy: 1.0743, Epsilon: 0.010
2026-04-19 10:07:49 | INFO | Episode 7455 - Reward: -200.000, Length: 200, Loss: 26.0025, Entropy: 1.0720, Epsilon: 0.010
2026-04-19 10:07:49 | INFO | Episode 7456 - Reward: -200.000, Length: 200, Loss: 2.8433, Entropy: 1.0842, Epsilon: 0.010
2026-04-19 10:07:50 | INFO | Episode 7457 - Reward: -200.000, Length: 200, Loss: 9.0965, Entropy: 1.0814, Epsilon: 0.010
2026-04-19 10:07:50 | INFO | Episode 7458 - Reward: -200.000, Length: 200, Loss: 9.3263, Entropy: 1.0861, Epsilon: 0.010
2026-04-19 10:07:50 | INFO | Episode 7459 - Reward: -200.000, Length: 200, Loss: 24.7837, Entropy: 1.0736, Epsilon: 0.010
2026-04-19 10:07:51 | INFO | Episode 7460 - Reward: -200.000, Length: 200, Loss: 9.2641, Entropy: 1.0911, Epsilon: 0.010
2026-04-19 10:07:51 | INFO | Episode 7461 - Reward: -200.000, Length: 200, Loss: 28.4883, Entropy: 1.0657, Epsilon: 0.010
2026-04-19 10:07:51 | INFO | Episode 7462 - Reward: -200.000, Length: 200, Loss: 12.4824, Entropy: 1.0748, Epsilon: 0.010
2026-04-19 10:07:52 | INFO | Episode 7463 - Reward: -200.000, Length: 200, Loss: 9.4857, Entropy: 1.0837, Epsilon: 0.010
2026-04-19 10:07:52 | INFO | Episode 7464 - Reward: -200.000, Length: 200, Loss: 12.5336, Entropy: 1.0848, Epsilon: 0.010
2026-04-19 10:07:53 | INFO | Episode 7465 - Reward: -200.000, Length: 200, Loss: 9.4723, Entropy: 1.0787, Epsilon: 0.010
2026-04-19 10:07:53 | INFO | Episode 7466 - Reward: -200.000, Length: 200, Loss: 18.8462, Entropy: 1.0742, Epsilon: 0.010
2026-04-19 10:07:53 | INFO | Episode 7467 - Reward: -200.000, Length: 200, Loss: 28.2499, Entropy: 1.0726, Epsilon: 0.010
2026-04-19 10:07:54 | INFO | Episode 7468 - Reward: -200.000, Length: 200, Loss: 15.8269, Entropy: 1.0869, Epsilon: 0.010
2026-04-19 10:07:54 | INFO | Episode 7469 - Reward: -200.000, Length: 200, Loss: 21.5530, Entropy: 1.0746, Epsilon: 0.010
2026-04-19 10:07:54 | INFO | Episode 7470 - Reward: -200.000, Length: 200, Loss: 12.3732, Entropy: 1.0711, Epsilon: 0.010
2026-04-19 10:07:55 | INFO | Episode 7471 - Reward: -200.000, Length: 200, Loss: 18.6582, Entropy: 1.0809, Epsilon: 0.010
2026-04-19 10:07:55 | INFO | Episode 7472 - Reward: -200.000, Length: 200, Loss: 18.9031, Entropy: 1.0629, Epsilon: 0.010
2026-04-19 10:07:56 | INFO | Episode 7473 - Reward: -200.000, Length: 200, Loss: 31.1230, Entropy: 1.0310, Epsilon: 0.010
2026-04-19 10:07:56 | INFO | Episode 7474 - Reward: -200.000, Length: 200, Loss: 18.9013, Entropy: 1.0625, Epsilon: 0.010
2026-04-19 10:07:56 | INFO | Episode 7475 - Reward: -200.000, Length: 200, Loss: 9.2613, Entropy: 1.0765, Epsilon: 0.010
2026-04-19 10:07:57 | INFO | Episode 7476 - Reward: -200.000, Length: 200, Loss: 9.5885, Entropy: 1.0856, Epsilon: 0.010
2026-04-19 10:07:57 | INFO | Episode 7477 - Reward: -200.000, Length: 200, Loss: 12.9828, Entropy: 1.0679, Epsilon: 0.010
2026-04-19 10:07:57 | INFO | Episode 7478 - Reward: -200.000, Length: 200, Loss: 12.4276, Entropy: 1.0847, Epsilon: 0.010
2026-04-19 10:07:58 | INFO | Episode 7479 - Reward: -200.000, Length: 200, Loss: 12.6815, Entropy: 1.0870, Epsilon: 0.010
2026-04-19 10:07:58 | INFO | Episode 7480 - Reward: -200.000, Length: 200, Loss: 15.8869, Entropy: 1.0727, Epsilon: 0.010
2026-04-19 10:07:59 | INFO | Episode 7481 - Reward: -200.000, Length: 200, Loss: 9.6232, Entropy: 1.0893, Epsilon: 0.010
2026-04-19 10:07:59 | INFO | Episode 7482 - Reward: -200.000, Length: 200, Loss: 9.3242, Entropy: 1.0878, Epsilon: 0.010
2026-04-19 10:07:59 | INFO | Episode 7483 - Reward: -200.000, Length: 200, Loss: 19.3872, Entropy: 1.0806, Epsilon: 0.010
2026-04-19 10:08:00 | INFO | Episode 7484 - Reward: -200.000, Length: 200, Loss: 32.4740, Entropy: 1.0649, Epsilon: 0.010
2026-04-19 10:08:00 | INFO | Episode 7485 - Reward: -200.000, Length: 200, Loss: 9.6289, Entropy: 1.0862, Epsilon: 0.010
2026-04-19 10:08:00 | INFO | Episode 7486 - Reward: -200.000, Length: 200, Loss: 19.5177, Entropy: 1.0841, Epsilon: 0.010
2026-04-19 10:08:01 | INFO | Episode 7487 - Reward: -200.000, Length: 200, Loss: 16.1200, Entropy: 1.0856, Epsilon: 0.010
2026-04-19 10:08:01 | INFO | Episode 7488 - Reward: -200.000, Length: 200, Loss: 9.7808, Entropy: 1.0804, Epsilon: 0.010
2026-04-19 10:08:01 | INFO | Episode 7489 - Reward: -200.000, Length: 200, Loss: 25.8114, Entropy: 1.0781, Epsilon: 0.010
2026-04-19 10:08:02 | INFO | Episode 7490 - Reward: -200.000, Length: 200, Loss: 6.3669, Entropy: 1.0811, Epsilon: 0.010
2026-04-19 10:08:02 | INFO | Episode 7491 - Reward: -200.000, Length: 200, Loss: 22.7228, Entropy: 1.0610, Epsilon: 0.010
2026-04-19 10:08:03 | INFO | Episode 7492 - Reward: -200.000, Length: 200, Loss: 25.5020, Entropy: 1.0803, Epsilon: 0.010
2026-04-19 10:08:03 | INFO | Episode 7493 - Reward: -200.000, Length: 200, Loss: 16.0582, Entropy: 1.0840, Epsilon: 0.010
2026-04-19 10:08:03 | INFO | Episode 7494 - Reward: -200.000, Length: 200, Loss: 38.6305, Entropy: 1.0790, Epsilon: 0.010
2026-04-19 10:08:04 | INFO | Episode 7495 - Reward: -200.000, Length: 200, Loss: 6.3709, Entropy: 1.0896, Epsilon: 0.010
2026-04-19 10:08:04 | INFO | Episode 7496 - Reward: -200.000, Length: 200, Loss: 19.1528, Entropy: 1.0840, Epsilon: 0.010
2026-04-19 10:08:04 | INFO | Episode 7497 - Reward: -200.000, Length: 200, Loss: 12.9471, Entropy: 1.0796, Epsilon: 0.010
2026-04-19 10:08:05 | INFO | Episode 7498 - Reward: -200.000, Length: 200, Loss: 12.6381, Entropy: 1.0763, Epsilon: 0.010
2026-04-19 10:08:05 | INFO | Episode 7499 - Reward: -200.000, Length: 200, Loss: 19.0171, Entropy: 1.0756, Epsilon: 0.010
2026-04-19 10:08:05 | INFO | Episode 7500 - Reward: -200.000, Length: 200, Loss: 22.2258, Entropy: 1.0863, Epsilon: 0.010
2026-04-19 10:08:10 | INFO | [Episode 7500] eps=0.010  avg_reward=-200.000  avg_length=200.00  avg_loss= 16.7928  avg_entropy=1.0863  eval_success=0.000
2026-04-19 10:08:11 | INFO | Episode 7501 - Reward: -200.000, Length: 200, Loss: 12.6002, Entropy: 1.0871, Epsilon: 0.010
2026-04-19 10:08:11 | INFO | Episode 7502 - Reward: -200.000, Length: 200, Loss: 18.9940, Entropy: 1.0730, Epsilon: 0.010
2026-04-19 10:08:12 | INFO | Episode 7503 - Reward: -200.000, Length: 200, Loss: 2.8698, Entropy: 1.0936, Epsilon: 0.010
2026-04-19 10:08:12 | INFO | Episode 7504 - Reward: -200.000, Length: 200, Loss: 15.9643, Entropy: 1.0843, Epsilon: 0.010
2026-04-19 10:08:12 | INFO | Episode 7505 - Reward: -200.000, Length: 200, Loss: 19.3369, Entropy: 1.0887, Epsilon: 0.010
2026-04-19 10:08:13 | INFO | Episode 7506 - Reward: -200.000, Length: 200, Loss: 22.4194, Entropy: 1.0591, Epsilon: 0.010
2026-04-19 10:08:13 | INFO | Episode 7507 - Reward: -200.000, Length: 200, Loss: 19.2277, Entropy: 1.0479, Epsilon: 0.010
2026-04-19 10:08:13 | INFO | Episode 7508 - Reward: -200.000, Length: 200, Loss: 6.1661, Entropy: 1.0874, Epsilon: 0.010
2026-04-19 10:08:14 | INFO | Episode 7509 - Reward: -200.000, Length: 200, Loss: 6.3246, Entropy: 1.0889, Epsilon: 0.010
2026-04-19 10:08:14 | INFO | Episode 7510 - Reward: -200.000, Length: 200, Loss: 19.2030, Entropy: 1.0731, Epsilon: 0.010
2026-04-19 10:08:14 | INFO | Episode 7511 - Reward: -200.000, Length: 200, Loss: 2.8728, Entropy: 1.0781, Epsilon: 0.010
2026-04-19 10:08:15 | INFO | Episode 7512 - Reward: -200.000, Length: 200, Loss: 15.9009, Entropy: 1.0789, Epsilon: 0.010
2026-04-19 10:08:15 | INFO | Episode 7513 - Reward: -200.000, Length: 200, Loss: 12.7150, Entropy: 1.0663, Epsilon: 0.010
2026-04-19 10:08:16 | INFO | Episode 7514 - Reward: -200.000, Length: 200, Loss: 6.1779, Entropy: 1.0904, Epsilon: 0.010
2026-04-19 10:08:16 | INFO | Episode 7515 - Reward: -200.000, Length: 200, Loss: 19.1415, Entropy: 1.0795, Epsilon: 0.010
2026-04-19 10:08:16 | INFO | Episode 7516 - Reward: -200.000, Length: 200, Loss: 9.3096, Entropy: 1.0794, Epsilon: 0.010
2026-04-19 10:08:17 | INFO | Episode 7517 - Reward: -200.000, Length: 200, Loss: 6.3092, Entropy: 1.0822, Epsilon: 0.010
2026-04-19 10:08:17 | INFO | Episode 7518 - Reward: -200.000, Length: 200, Loss: 3.0760, Entropy: 1.0884, Epsilon: 0.010
2026-04-19 10:08:17 | INFO | Episode 7519 - Reward: -200.000, Length: 200, Loss: 9.5670, Entropy: 1.0902, Epsilon: 0.010
2026-04-19 10:08:18 | INFO | Episode 7520 - Reward: -200.000, Length: 200, Loss: 22.9092, Entropy: 1.0821, Epsilon: 0.010
2026-04-19 10:08:18 | INFO | Episode 7521 - Reward: -200.000, Length: 200, Loss: 21.7113, Entropy: 1.0612, Epsilon: 0.010
2026-04-19 10:08:18 | INFO | Episode 7522 - Reward: -200.000, Length: 200, Loss: 15.3432, Entropy: 1.0786, Epsilon: 0.010
2026-04-19 10:08:19 | INFO | Episode 7523 - Reward: -200.000, Length: 200, Loss: 15.3510, Entropy: 1.0843, Epsilon: 0.010
2026-04-19 10:08:19 | INFO | Episode 7524 - Reward: -200.000, Length: 200, Loss: 18.8129, Entropy: 1.0825, Epsilon: 0.010
2026-04-19 10:08:20 | INFO | Episode 7525 - Reward: -200.000, Length: 200, Loss: 9.4892, Entropy: 1.0866, Epsilon: 0.010
2026-04-19 10:08:20 | INFO | Episode 7526 - Reward: -200.000, Length: 200, Loss: 12.4413, Entropy: 1.0814, Epsilon: 0.010
2026-04-19 10:08:20 | INFO | Episode 7527 - Reward: -200.000, Length: 200, Loss: 19.3346, Entropy: 1.0778, Epsilon: 0.010
2026-04-19 10:08:21 | INFO | Episode 7528 - Reward: -200.000, Length: 200, Loss: 22.6313, Entropy: 1.0623, Epsilon: 0.010
2026-04-19 10:08:21 | INFO | Episode 7529 - Reward: -200.000, Length: 200, Loss: 6.1357, Entropy: 1.0834, Epsilon: 0.010
2026-04-19 10:08:21 | INFO | Episode 7530 - Reward: -200.000, Length: 200, Loss: 15.8034, Entropy: 1.0740, Epsilon: 0.010
2026-04-19 10:08:22 | INFO | Episode 7531 - Reward: -200.000, Length: 200, Loss: 22.3756, Entropy: 1.0627, Epsilon: 0.010
2026-04-19 10:08:22 | INFO | Episode 7532 - Reward: -200.000, Length: 200, Loss: 15.8653, Entropy: 1.0816, Epsilon: 0.010
2026-04-19 10:08:22 | INFO | Episode 7533 - Reward: -200.000, Length: 200, Loss: 9.2843, Entropy: 1.0774, Epsilon: 0.010
2026-04-19 10:08:23 | INFO | Episode 7534 - Reward: -200.000, Length: 200, Loss: 18.9536, Entropy: 1.0723, Epsilon: 0.010
2026-04-19 10:08:23 | INFO | Episode 7535 - Reward: -200.000, Length: 200, Loss: 21.8578, Entropy: 1.0766, Epsilon: 0.010
2026-04-19 10:08:23 | INFO | Episode 7536 - Reward: -200.000, Length: 200, Loss: 12.5930, Entropy: 1.0802, Epsilon: 0.010
2026-04-19 10:08:24 | INFO | Episode 7537 - Reward: -200.000, Length: 200, Loss: 21.6977, Entropy: 1.0769, Epsilon: 0.010
2026-04-19 10:08:24 | INFO | Episode 7538 - Reward: -200.000, Length: 200, Loss: 18.7810, Entropy: 1.0653, Epsilon: 0.010
2026-04-19 10:08:25 | INFO | Episode 7539 - Reward: -200.000, Length: 200, Loss: 12.6586, Entropy: 1.0793, Epsilon: 0.010
2026-04-19 10:08:25 | INFO | Episode 7540 - Reward: -200.000, Length: 200, Loss: 2.9686, Entropy: 1.0846, Epsilon: 0.010
2026-04-19 10:08:25 | INFO | Episode 7541 - Reward: -200.000, Length: 200, Loss: 12.5550, Entropy: 1.0475, Epsilon: 0.010
2026-04-19 10:08:26 | INFO | Episode 7542 - Reward: -200.000, Length: 200, Loss: 21.9801, Entropy: 1.0726, Epsilon: 0.010
2026-04-19 10:08:26 | INFO | Episode 7543 - Reward: -200.000, Length: 200, Loss: 15.7379, Entropy: 1.0705, Epsilon: 0.010
2026-04-19 10:08:27 | INFO | Episode 7544 - Reward: -200.000, Length: 200, Loss: 21.7852, Entropy: 1.0782, Epsilon: 0.010
2026-04-19 10:08:27 | INFO | Episode 7545 - Reward: -200.000, Length: 200, Loss: 9.1742, Entropy: 1.0863, Epsilon: 0.010
2026-04-19 10:08:27 | INFO | Episode 7546 - Reward: -200.000, Length: 200, Loss: 18.9585, Entropy: 1.0854, Epsilon: 0.010
2026-04-19 10:08:28 | INFO | Episode 7547 - Reward: -200.000, Length: 200, Loss: 25.1894, Entropy: 1.0549, Epsilon: 0.010
2026-04-19 10:08:28 | INFO | Episode 7548 - Reward: -200.000, Length: 200, Loss: 25.5756, Entropy: 1.0581, Epsilon: 0.010
2026-04-19 10:08:28 | INFO | Episode 7549 - Reward: -200.000, Length: 200, Loss: 37.2142, Entropy: 1.0277, Epsilon: 0.010
2026-04-19 10:08:29 | INFO | Episode 7550 - Reward: -200.000, Length: 200, Loss: 18.6307, Entropy: 1.0856, Epsilon: 0.010
2026-04-19 10:08:29 | INFO | Episode 7551 - Reward: -200.000, Length: 200, Loss: 17.8631, Entropy: 1.0731, Epsilon: 0.010
2026-04-19 10:08:29 | INFO | Episode 7552 - Reward: -200.000, Length: 200, Loss: 11.8128, Entropy: 1.0836, Epsilon: 0.010
2026-04-19 10:08:30 | INFO | Episode 7553 - Reward: -200.000, Length: 200, Loss: 14.6353, Entropy: 1.0751, Epsilon: 0.010
2026-04-19 10:08:30 | INFO | Episode 7554 - Reward: -200.000, Length: 200, Loss: 23.2183, Entropy: 1.0727, Epsilon: 0.010
2026-04-19 10:08:31 | INFO | Episode 7555 - Reward: -200.000, Length: 200, Loss: 14.6930, Entropy: 1.0843, Epsilon: 0.010
2026-04-19 10:08:31 | INFO | Episode 7556 - Reward: -200.000, Length: 200, Loss: 8.7649, Entropy: 1.0899, Epsilon: 0.010
2026-04-19 10:08:31 | INFO | Episode 7557 - Reward: -200.000, Length: 200, Loss: 14.9005, Entropy: 1.0834, Epsilon: 0.010
2026-04-19 10:08:32 | INFO | Episode 7558 - Reward: -200.000, Length: 200, Loss: 8.8768, Entropy: 1.0834, Epsilon: 0.010
2026-04-19 10:08:32 | INFO | Episode 7559 - Reward: -200.000, Length: 200, Loss: 18.3247, Entropy: 1.0698, Epsilon: 0.010
2026-04-19 10:08:32 | INFO | Episode 7560 - Reward: -200.000, Length: 200, Loss: 18.0682, Entropy: 1.0656, Epsilon: 0.010
2026-04-19 10:08:33 | INFO | Episode 7561 - Reward: -200.000, Length: 200, Loss: 20.7114, Entropy: 1.0419, Epsilon: 0.010
2026-04-19 10:08:33 | INFO | Episode 7562 - Reward: -200.000, Length: 200, Loss: 23.8540, Entropy: 1.0877, Epsilon: 0.010
2026-04-19 10:08:34 | INFO | Episode 7563 - Reward: -200.000, Length: 200, Loss: 20.8931, Entropy: 1.0871, Epsilon: 0.010
2026-04-19 10:08:34 | INFO | Episode 7564 - Reward: -200.000, Length: 200, Loss: 5.8459, Entropy: 1.0908, Epsilon: 0.010
2026-04-19 10:08:34 | INFO | Episode 7565 - Reward: -200.000, Length: 200, Loss: 14.7788, Entropy: 1.0809, Epsilon: 0.010
2026-04-19 10:08:35 | INFO | Episode 7566 - Reward: -200.000, Length: 200, Loss: 17.6939, Entropy: 1.0582, Epsilon: 0.010
2026-04-19 10:08:35 | INFO | Episode 7567 - Reward: -200.000, Length: 200, Loss: 8.7395, Entropy: 1.0812, Epsilon: 0.010
2026-04-19 10:08:35 | INFO | Episode 7568 - Reward: -200.000, Length: 200, Loss: 20.4863, Entropy: 1.0810, Epsilon: 0.010
2026-04-19 10:08:36 | INFO | Episode 7569 - Reward: -200.000, Length: 200, Loss: 22.9298, Entropy: 1.0113, Epsilon: 0.010
2026-04-19 10:08:36 | INFO | Episode 7570 - Reward: -200.000, Length: 200, Loss: 8.7327, Entropy: 1.0610, Epsilon: 0.010
2026-04-19 10:08:36 | INFO | Episode 7571 - Reward: -200.000, Length: 200, Loss: 11.2991, Entropy: 1.0787, Epsilon: 0.010
2026-04-19 10:08:37 | INFO | Episode 7572 - Reward: -200.000, Length: 200, Loss: 16.9164, Entropy: 1.0746, Epsilon: 0.010
2026-04-19 10:08:37 | INFO | Episode 7573 - Reward: -200.000, Length: 200, Loss: 19.8578, Entropy: 1.0835, Epsilon: 0.010
2026-04-19 10:08:38 | INFO | Episode 7574 - Reward: -200.000, Length: 200, Loss: 7.9791, Entropy: 1.0771, Epsilon: 0.010
2026-04-19 10:08:38 | INFO | Episode 7575 - Reward: -200.000, Length: 200, Loss: 8.0716, Entropy: 1.0740, Epsilon: 0.010
2026-04-19 10:08:38 | INFO | Episode 7576 - Reward: -200.000, Length: 200, Loss: 19.0930, Entropy: 1.0894, Epsilon: 0.010
2026-04-19 10:08:39 | INFO | Episode 7577 - Reward: -200.000, Length: 200, Loss: 5.2796, Entropy: 1.0859, Epsilon: 0.010
2026-04-19 10:08:39 | INFO | Episode 7578 - Reward: -200.000, Length: 200, Loss: 16.3064, Entropy: 1.0872, Epsilon: 0.010
2026-04-19 10:08:39 | INFO | Episode 7579 - Reward: -200.000, Length: 200, Loss: 19.0711, Entropy: 1.0746, Epsilon: 0.010
2026-04-19 10:08:40 | INFO | Episode 7580 - Reward: -200.000, Length: 200, Loss: 18.7649, Entropy: 1.0770, Epsilon: 0.010
2026-04-19 10:08:40 | INFO | Episode 7581 - Reward: -200.000, Length: 200, Loss: 8.0350, Entropy: 1.0890, Epsilon: 0.010
2026-04-19 10:08:41 | INFO | Episode 7582 - Reward: -200.000, Length: 200, Loss: 10.7893, Entropy: 1.0888, Epsilon: 0.010
2026-04-19 10:08:41 | INFO | Episode 7583 - Reward: -200.000, Length: 200, Loss: 13.4675, Entropy: 1.0831, Epsilon: 0.010
2026-04-19 10:08:41 | INFO | Episode 7584 - Reward: -200.000, Length: 200, Loss: 5.3484, Entropy: 1.0876, Epsilon: 0.010
2026-04-19 10:08:42 | INFO | Episode 7585 - Reward: -200.000, Length: 200, Loss: 24.4120, Entropy: 1.0797, Epsilon: 0.010
2026-04-19 10:08:42 | INFO | Episode 7586 - Reward: -200.000, Length: 200, Loss: 8.0444, Entropy: 1.0875, Epsilon: 0.010
2026-04-19 10:08:42 | INFO | Episode 7587 - Reward: -200.000, Length: 200, Loss: 13.5514, Entropy: 1.0707, Epsilon: 0.010
2026-04-19 10:08:43 | INFO | Episode 7588 - Reward: -200.000, Length: 200, Loss: 10.6763, Entropy: 1.0738, Epsilon: 0.010
2026-04-19 10:08:43 | INFO | Episode 7589 - Reward: -200.000, Length: 200, Loss: 7.7695, Entropy: 1.0726, Epsilon: 0.010
2026-04-19 10:08:44 | INFO | Episode 7590 - Reward: -200.000, Length: 200, Loss: 5.0237, Entropy: 1.0587, Epsilon: 0.010
2026-04-19 10:08:44 | INFO | Episode 7591 - Reward: -200.000, Length: 200, Loss: 10.8785, Entropy: 1.0804, Epsilon: 0.010
2026-04-19 10:08:44 | INFO | Episode 7592 - Reward: -200.000, Length: 200, Loss: 21.4747, Entropy: 1.0651, Epsilon: 0.010
2026-04-19 10:08:45 | INFO | Episode 7593 - Reward: -200.000, Length: 200, Loss: 16.2305, Entropy: 1.0634, Epsilon: 0.010
2026-04-19 10:08:45 | INFO | Episode 7594 - Reward: -200.000, Length: 200, Loss: 10.5967, Entropy: 1.0768, Epsilon: 0.010
2026-04-19 10:08:45 | INFO | Episode 7595 - Reward: -200.000, Length: 200, Loss: 7.9229, Entropy: 1.0844, Epsilon: 0.010
2026-04-19 10:08:46 | INFO | Episode 7596 - Reward: -200.000, Length: 200, Loss: 16.5840, Entropy: 1.0835, Epsilon: 0.010
2026-04-19 10:08:46 | INFO | Episode 7597 - Reward: -200.000, Length: 200, Loss: 13.6034, Entropy: 1.0785, Epsilon: 0.010
2026-04-19 10:08:46 | INFO | Episode 7598 - Reward: -200.000, Length: 200, Loss: 5.2912, Entropy: 1.0821, Epsilon: 0.010
2026-04-19 10:08:47 | INFO | Episode 7599 - Reward: -200.000, Length: 200, Loss: 27.7366, Entropy: 1.0489, Epsilon: 0.010
2026-04-19 10:08:47 | INFO | Episode 7600 - Reward: -200.000, Length: 200, Loss: 13.7684, Entropy: 1.0665, Epsilon: 0.010
2026-04-19 10:08:52 | INFO | [Episode 7600] eps=0.010  avg_reward=-200.000  avg_length=200.00  avg_loss= 14.8164  avg_entropy=1.0665  eval_success=0.000
2026-04-19 10:08:53 | INFO | Episode 7601 - Reward: -200.000, Length: 200, Loss: 5.5666, Entropy: 1.0845, Epsilon: 0.010
2026-04-19 10:08:53 | INFO | Episode 7602 - Reward: -200.000, Length: 200, Loss: 14.3375, Entropy: 1.0746, Epsilon: 0.010
2026-04-19 10:08:53 | INFO | Episode 7603 - Reward: -200.000, Length: 200, Loss: 13.8383, Entropy: 1.0731, Epsilon: 0.010
2026-04-19 10:08:54 | INFO | Episode 7604 - Reward: -200.000, Length: 200, Loss: 13.5760, Entropy: 1.0719, Epsilon: 0.010
2026-04-19 10:08:54 | INFO | Episode 7605 - Reward: -200.000, Length: 200, Loss: 16.1988, Entropy: 1.0779, Epsilon: 0.010
2026-04-19 10:08:54 | INFO | Episode 7606 - Reward: -200.000, Length: 200, Loss: 18.9556, Entropy: 1.0769, Epsilon: 0.010
2026-04-19 10:08:55 | INFO | Episode 7607 - Reward: -200.000, Length: 200, Loss: 16.4393, Entropy: 1.0677, Epsilon: 0.010
2026-04-19 10:08:55 | INFO | Episode 7608 - Reward: -200.000, Length: 200, Loss: 10.5989, Entropy: 1.0850, Epsilon: 0.010
2026-04-19 10:08:56 | INFO | Episode 7609 - Reward: -200.000, Length: 200, Loss: 13.5579, Entropy: 1.0745, Epsilon: 0.010
2026-04-19 10:08:56 | INFO | Episode 7610 - Reward: -200.000, Length: 200, Loss: 13.5674, Entropy: 1.0879, Epsilon: 0.010
2026-04-19 10:08:56 | INFO | Episode 7611 - Reward: -200.000, Length: 200, Loss: 7.8052, Entropy: 1.0887, Epsilon: 0.010
2026-04-19 10:08:57 | INFO | Episode 7612 - Reward: -200.000, Length: 200, Loss: 13.6854, Entropy: 1.0772, Epsilon: 0.010
2026-04-19 10:08:57 | INFO | Episode 7613 - Reward: -200.000, Length: 200, Loss: 8.0357, Entropy: 1.0757, Epsilon: 0.010
2026-04-19 10:08:57 | INFO | Episode 7614 - Reward: -200.000, Length: 200, Loss: 13.5952, Entropy: 1.0760, Epsilon: 0.010
2026-04-19 10:08:58 | INFO | Episode 7615 - Reward: -200.000, Length: 200, Loss: 16.5385, Entropy: 1.0859, Epsilon: 0.010
2026-04-19 10:08:58 | INFO | Episode 7616 - Reward: -200.000, Length: 200, Loss: 24.8014, Entropy: 1.0468, Epsilon: 0.010
2026-04-19 10:08:59 | INFO | Episode 7617 - Reward: -200.000, Length: 200, Loss: 19.0996, Entropy: 1.0677, Epsilon: 0.010
2026-04-19 10:08:59 | INFO | Episode 7618 - Reward: -200.000, Length: 200, Loss: 8.3358, Entropy: 1.0863, Epsilon: 0.010
2026-04-19 10:08:59 | INFO | Episode 7619 - Reward: -200.000, Length: 200, Loss: 21.6757, Entropy: 1.0801, Epsilon: 0.010
2026-04-19 10:09:00 | INFO | Episode 7620 - Reward: -200.000, Length: 200, Loss: 27.8001, Entropy: 1.0684, Epsilon: 0.010
2026-04-19 10:09:00 | INFO | Episode 7621 - Reward: -200.000, Length: 200, Loss: 13.6128, Entropy: 1.0827, Epsilon: 0.010
2026-04-19 10:09:00 | INFO | Episode 7622 - Reward: -200.000, Length: 200, Loss: 13.5120, Entropy: 1.0788, Epsilon: 0.010
2026-04-19 10:09:01 | INFO | Episode 7623 - Reward: -200.000, Length: 200, Loss: 13.8148, Entropy: 1.0859, Epsilon: 0.010
2026-04-19 10:09:01 | INFO | Episode 7624 - Reward: -200.000, Length: 200, Loss: 8.0518, Entropy: 1.0891, Epsilon: 0.010
2026-04-19 10:09:02 | INFO | Episode 7625 - Reward: -200.000, Length: 200, Loss: 19.3228, Entropy: 1.0777, Epsilon: 0.010
2026-04-19 10:09:02 | INFO | Episode 7626 - Reward: -200.000, Length: 200, Loss: 19.6565, Entropy: 1.0752, Epsilon: 0.010
2026-04-19 10:09:02 | INFO | Episode 7627 - Reward: -200.000, Length: 200, Loss: 16.6961, Entropy: 1.0788, Epsilon: 0.010
2026-04-19 10:09:03 | INFO | Episode 7628 - Reward: -200.000, Length: 200, Loss: 16.9188, Entropy: 1.0783, Epsilon: 0.010
2026-04-19 10:09:03 | INFO | Episode 7629 - Reward: -200.000, Length: 200, Loss: 11.2216, Entropy: 1.0652, Epsilon: 0.010
2026-04-19 10:09:03 | INFO | Episode 7630 - Reward: -200.000, Length: 200, Loss: 17.1472, Entropy: 1.0439, Epsilon: 0.010
2026-04-19 10:09:04 | INFO | Episode 7631 - Reward: -200.000, Length: 200, Loss: 8.5091, Entropy: 1.0769, Epsilon: 0.010
2026-04-19 10:09:04 | INFO | Episode 7632 - Reward: -200.000, Length: 200, Loss: 19.9786, Entropy: 1.0522, Epsilon: 0.010
2026-04-19 10:09:05 | INFO | Episode 7633 - Reward: -200.000, Length: 200, Loss: 16.9525, Entropy: 1.0511, Epsilon: 0.010
2026-04-19 10:09:05 | INFO | Episode 7634 - Reward: -200.000, Length: 200, Loss: 8.4538, Entropy: 1.0843, Epsilon: 0.010
2026-04-19 10:09:05 | INFO | Episode 7635 - Reward: -200.000, Length: 200, Loss: 8.3668, Entropy: 1.0866, Epsilon: 0.010
2026-04-19 10:09:06 | INFO | Episode 7636 - Reward: -200.000, Length: 200, Loss: 8.3181, Entropy: 1.0824, Epsilon: 0.010
2026-04-19 10:09:06 | INFO | Episode 7637 - Reward: -200.000, Length: 200, Loss: 13.9257, Entropy: 1.0790, Epsilon: 0.010
2026-04-19 10:09:06 | INFO | Episode 7638 - Reward: -200.000, Length: 200, Loss: 25.1459, Entropy: 1.0771, Epsilon: 0.010
2026-04-19 10:09:07 | INFO | Episode 7639 - Reward: -200.000, Length: 200, Loss: 17.2205, Entropy: 1.0545, Epsilon: 0.010
2026-04-19 10:09:07 | INFO | Episode 7640 - Reward: -200.000, Length: 200, Loss: 17.1235, Entropy: 1.0764, Epsilon: 0.010
2026-04-19 10:09:08 | INFO | Episode 7641 - Reward: -200.000, Length: 200, Loss: 5.6510, Entropy: 1.0884, Epsilon: 0.010
2026-04-19 10:09:08 | INFO | Episode 7642 - Reward: -200.000, Length: 200, Loss: 20.0392, Entropy: 1.0658, Epsilon: 0.010
2026-04-19 10:09:08 | INFO | Episode 7643 - Reward: -200.000, Length: 200, Loss: 17.0205, Entropy: 1.0707, Epsilon: 0.010
2026-04-19 10:09:09 | INFO | Episode 7644 - Reward: -200.000, Length: 200, Loss: 8.4179, Entropy: 1.0833, Epsilon: 0.010
2026-04-19 10:09:09 | INFO | Episode 7645 - Reward: -200.000, Length: 200, Loss: 8.4133, Entropy: 1.0895, Epsilon: 0.010
2026-04-19 10:09:09 | INFO | Episode 7646 - Reward: -200.000, Length: 200, Loss: 10.9775, Entropy: 1.0853, Epsilon: 0.010
2026-04-19 10:09:10 | INFO | Episode 7647 - Reward: -200.000, Length: 200, Loss: 24.8317, Entropy: 1.0687, Epsilon: 0.010
2026-04-19 10:09:10 | INFO | Episode 7648 - Reward: -200.000, Length: 200, Loss: 22.2037, Entropy: 1.0613, Epsilon: 0.010
2026-04-19 10:09:10 | INFO | Episode 7649 - Reward: -200.000, Length: 200, Loss: 16.1666, Entropy: 1.0729, Epsilon: 0.010
2026-04-19 10:09:11 | INFO | Episode 7650 - Reward: -200.000, Length: 200, Loss: 10.7842, Entropy: 1.0842, Epsilon: 0.010
2026-04-19 10:09:11 | INFO | Episode 7651 - Reward: -200.000, Length: 200, Loss: 13.7900, Entropy: 1.0835, Epsilon: 0.010
2026-04-19 10:09:12 | INFO | Episode 7652 - Reward: -200.000, Length: 200, Loss: 8.1552, Entropy: 1.0860, Epsilon: 0.010
2026-04-19 10:09:12 | INFO | Episode 7653 - Reward: -200.000, Length: 200, Loss: 13.8870, Entropy: 1.0609, Epsilon: 0.010
2026-04-19 10:09:12 | INFO | Episode 7654 - Reward: -200.000, Length: 200, Loss: 16.5995, Entropy: 1.0833, Epsilon: 0.010
2026-04-19 10:09:13 | INFO | Episode 7655 - Reward: -200.000, Length: 200, Loss: 11.2564, Entropy: 1.0754, Epsilon: 0.010
2026-04-19 10:09:13 | INFO | Episode 7656 - Reward: -200.000, Length: 200, Loss: 25.4565, Entropy: 1.0726, Epsilon: 0.010
2026-04-19 10:09:13 | INFO | Episode 7657 - Reward: -200.000, Length: 200, Loss: 19.7333, Entropy: 1.0524, Epsilon: 0.010
2026-04-19 10:09:14 | INFO | Episode 7658 - Reward: -200.000, Length: 200, Loss: 19.6690, Entropy: 1.0714, Epsilon: 0.010
2026-04-19 10:09:14 | INFO | Episode 7659 - Reward: -200.000, Length: 200, Loss: 19.6868, Entropy: 1.0625, Epsilon: 0.010
2026-04-19 10:09:15 | INFO | Episode 7660 - Reward: -200.000, Length: 200, Loss: 16.8822, Entropy: 1.0781, Epsilon: 0.010
2026-04-19 10:09:15 | INFO | Episode 7661 - Reward: -200.000, Length: 200, Loss: 19.4570, Entropy: 1.0826, Epsilon: 0.010
2026-04-19 10:09:15 | INFO | Episode 7662 - Reward: -200.000, Length: 200, Loss: 22.2841, Entropy: 1.0842, Epsilon: 0.010
2026-04-19 10:09:16 | INFO | Episode 7663 - Reward: -200.000, Length: 200, Loss: 16.7304, Entropy: 1.0665, Epsilon: 0.010
2026-04-19 10:09:16 | INFO | Episode 7664 - Reward: -200.000, Length: 200, Loss: 25.5099, Entropy: 1.0783, Epsilon: 0.010
2026-04-19 10:09:16 | INFO | Episode 7665 - Reward: -200.000, Length: 200, Loss: 11.1118, Entropy: 1.0904, Epsilon: 0.010
2026-04-19 10:09:17 | INFO | Episode 7666 - Reward: -200.000, Length: 200, Loss: 14.2355, Entropy: 1.0854, Epsilon: 0.010
2026-04-19 10:09:17 | INFO | Episode 7667 - Reward: -200.000, Length: 200, Loss: 20.2106, Entropy: 1.0839, Epsilon: 0.010
2026-04-19 10:09:17 | INFO | Episode 7668 - Reward: -200.000, Length: 200, Loss: 2.8172, Entropy: 1.0896, Epsilon: 0.010
2026-04-19 10:09:18 | INFO | Episode 7669 - Reward: -200.000, Length: 200, Loss: 17.2407, Entropy: 1.0838, Epsilon: 0.010
2026-04-19 10:09:18 | INFO | Episode 7670 - Reward: -200.000, Length: 200, Loss: 11.5530, Entropy: 1.0851, Epsilon: 0.010
2026-04-19 10:09:19 | INFO | Episode 7671 - Reward: -200.000, Length: 200, Loss: 17.7082, Entropy: 1.0816, Epsilon: 0.010
2026-04-19 10:09:19 | INFO | Episode 7672 - Reward: -200.000, Length: 200, Loss: 8.6796, Entropy: 1.0792, Epsilon: 0.010
2026-04-19 10:09:19 | INFO | Episode 7673 - Reward: -200.000, Length: 200, Loss: 14.7618, Entropy: 1.0787, Epsilon: 0.010
2026-04-19 10:09:20 | INFO | Episode 7674 - Reward: -200.000, Length: 200, Loss: 5.6661, Entropy: 1.0768, Epsilon: 0.010
2026-04-19 10:09:20 | INFO | Episode 7675 - Reward: -200.000, Length: 200, Loss: 20.7811, Entropy: 1.0523, Epsilon: 0.010
2026-04-19 10:09:20 | INFO | Episode 7676 - Reward: -200.000, Length: 200, Loss: 20.7946, Entropy: 1.0764, Epsilon: 0.010
2026-04-19 10:09:21 | INFO | Episode 7677 - Reward: -200.000, Length: 200, Loss: 17.3873, Entropy: 1.0871, Epsilon: 0.010
2026-04-19 10:09:21 | INFO | Episode 7678 - Reward: -200.000, Length: 200, Loss: 2.8281, Entropy: 1.0899, Epsilon: 0.010
2026-04-19 10:09:21 | INFO | Episode 7679 - Reward: -200.000, Length: 200, Loss: 32.5483, Entropy: 1.0681, Epsilon: 0.010
2026-04-19 10:09:22 | INFO | Episode 7680 - Reward: -200.000, Length: 200, Loss: 15.0205, Entropy: 1.0864, Epsilon: 0.010
2026-04-19 10:09:22 | INFO | Episode 7681 - Reward: -200.000, Length: 200, Loss: 11.7118, Entropy: 1.0763, Epsilon: 0.010
2026-04-19 10:09:23 | INFO | Episode 7682 - Reward: -200.000, Length: 200, Loss: 26.3474, Entropy: 1.0643, Epsilon: 0.010
2026-04-19 10:09:23 | INFO | Episode 7683 - Reward: -200.000, Length: 200, Loss: 26.5884, Entropy: 1.0710, Epsilon: 0.010
2026-04-19 10:09:23 | INFO | Episode 7684 - Reward: -200.000, Length: 200, Loss: 8.4318, Entropy: 1.0839, Epsilon: 0.010
2026-04-19 10:09:24 | INFO | Episode 7685 - Reward: -200.000, Length: 200, Loss: 17.0571, Entropy: 1.0867, Epsilon: 0.010
2026-04-19 10:09:24 | INFO | Episode 7686 - Reward: -200.000, Length: 200, Loss: 8.2566, Entropy: 1.0910, Epsilon: 0.010
2026-04-19 10:09:24 | INFO | Episode 7687 - Reward: -200.000, Length: 200, Loss: 8.1920, Entropy: 1.0905, Epsilon: 0.010
2026-04-19 10:09:25 | INFO | Episode 7688 - Reward: -200.000, Length: 200, Loss: 16.9613, Entropy: 1.0815, Epsilon: 0.010
2026-04-19 10:09:25 | INFO | Episode 7689 - Reward: -200.000, Length: 200, Loss: 2.6260, Entropy: 1.0922, Epsilon: 0.010
2026-04-19 10:09:25 | INFO | Episode 7690 - Reward: -200.000, Length: 200, Loss: 28.0818, Entropy: 1.0801, Epsilon: 0.010
2026-04-19 10:09:26 | INFO | Episode 7691 - Reward: -200.000, Length: 200, Loss: 8.4823, Entropy: 1.0808, Epsilon: 0.010
2026-04-19 10:09:26 | INFO | Episode 7692 - Reward: -200.000, Length: 200, Loss: 14.3469, Entropy: 1.0781, Epsilon: 0.010
2026-04-19 10:09:27 | INFO | Episode 7693 - Reward: -200.000, Length: 200, Loss: 20.1521, Entropy: 1.0887, Epsilon: 0.010
2026-04-19 10:09:27 | INFO | Episode 7694 - Reward: -200.000, Length: 200, Loss: 11.3419, Entropy: 1.0897, Epsilon: 0.010
2026-04-19 10:09:27 | INFO | Episode 7695 - Reward: -200.000, Length: 200, Loss: 28.5226, Entropy: 1.0813, Epsilon: 0.010
2026-04-19 10:09:28 | INFO | Episode 7696 - Reward: -200.000, Length: 200, Loss: 11.5354, Entropy: 1.0789, Epsilon: 0.010
2026-04-19 10:09:28 | INFO | Episode 7697 - Reward: -200.000, Length: 200, Loss: 11.5337, Entropy: 1.0802, Epsilon: 0.010
2026-04-19 10:09:28 | INFO | Episode 7698 - Reward: -200.000, Length: 200, Loss: 8.5236, Entropy: 1.0818, Epsilon: 0.010
2026-04-19 10:09:29 | INFO | Episode 7699 - Reward: -200.000, Length: 200, Loss: 17.2360, Entropy: 1.0790, Epsilon: 0.010
2026-04-19 10:09:29 | INFO | Episode 7700 - Reward: -200.000, Length: 200, Loss: 8.5493, Entropy: 1.0875, Epsilon: 0.010
2026-04-19 10:09:34 | INFO | [Episode 7700] eps=0.010  avg_reward=-200.000  avg_length=200.00  avg_loss= 15.1338  avg_entropy=1.0875  eval_success=0.000
2026-04-19 10:09:35 | INFO | Episode 7701 - Reward: -200.000, Length: 200, Loss: 5.6973, Entropy: 1.0735, Epsilon: 0.010
2026-04-19 10:09:35 | INFO | Episode 7702 - Reward: -200.000, Length: 200, Loss: 20.1072, Entropy: 1.0780, Epsilon: 0.010
2026-04-19 10:09:35 | INFO | Episode 7703 - Reward: -200.000, Length: 200, Loss: 25.8561, Entropy: 1.0609, Epsilon: 0.010
2026-04-19 10:09:36 | INFO | Episode 7704 - Reward: -200.000, Length: 200, Loss: 11.5120, Entropy: 1.0804, Epsilon: 0.010
2026-04-19 10:09:36 | INFO | Episode 7705 - Reward: -200.000, Length: 200, Loss: 14.7156, Entropy: 1.0767, Epsilon: 0.010
2026-04-19 10:09:36 | INFO | Episode 7706 - Reward: -200.000, Length: 200, Loss: 11.4362, Entropy: 1.0660, Epsilon: 0.010
2026-04-19 10:09:37 | INFO | Episode 7707 - Reward: -200.000, Length: 200, Loss: 20.0503, Entropy: 1.0700, Epsilon: 0.010
2026-04-19 10:09:37 | INFO | Episode 7708 - Reward: -200.000, Length: 200, Loss: 11.3971, Entropy: 1.0812, Epsilon: 0.010
2026-04-19 10:09:38 | INFO | Episode 7709 - Reward: -200.000, Length: 200, Loss: 14.4287, Entropy: 1.0855, Epsilon: 0.010
2026-04-19 10:09:38 | INFO | Episode 7710 - Reward: -200.000, Length: 200, Loss: 23.2998, Entropy: 1.0770, Epsilon: 0.010
2026-04-19 10:09:38 | INFO | Episode 7711 - Reward: -200.000, Length: 200, Loss: 25.9482, Entropy: 1.0747, Epsilon: 0.010
2026-04-19 10:09:39 | INFO | Episode 7712 - Reward: -200.000, Length: 200, Loss: 14.7859, Entropy: 1.0833, Epsilon: 0.010
2026-04-19 10:09:39 | INFO | Episode 7713 - Reward: -200.000, Length: 200, Loss: 22.9288, Entropy: 1.0523, Epsilon: 0.010
2026-04-19 10:09:39 | INFO | Episode 7714 - Reward: -200.000, Length: 200, Loss: 8.6654, Entropy: 1.0770, Epsilon: 0.010
2026-04-19 10:09:40 | INFO | Episode 7715 - Reward: -200.000, Length: 200, Loss: 14.6453, Entropy: 1.0765, Epsilon: 0.010
2026-04-19 10:09:40 | INFO | Episode 7716 - Reward: -200.000, Length: 200, Loss: 14.3509, Entropy: 1.0634, Epsilon: 0.010
2026-04-19 10:09:41 | INFO | Episode 7717 - Reward: -200.000, Length: 200, Loss: 8.7482, Entropy: 1.0877, Epsilon: 0.010
2026-04-19 10:09:41 | INFO | Episode 7718 - Reward: -200.000, Length: 200, Loss: 5.7199, Entropy: 1.0895, Epsilon: 0.010
2026-04-19 10:09:41 | INFO | Episode 7719 - Reward: -200.000, Length: 200, Loss: 8.5393, Entropy: 1.0860, Epsilon: 0.010
2026-04-19 10:09:42 | INFO | Episode 7720 - Reward: -200.000, Length: 200, Loss: 23.6561, Entropy: 1.0658, Epsilon: 0.010
2026-04-19 10:09:42 | INFO | Episode 7721 - Reward: -200.000, Length: 200, Loss: 5.6483, Entropy: 1.0688, Epsilon: 0.010
2026-04-19 10:09:42 | INFO | Episode 7722 - Reward: -200.000, Length: 200, Loss: 11.4183, Entropy: 1.0813, Epsilon: 0.010
2026-04-19 10:09:43 | INFO | Episode 7723 - Reward: -200.000, Length: 200, Loss: 8.5480, Entropy: 1.0830, Epsilon: 0.010
2026-04-19 10:09:43 | INFO | Episode 7724 - Reward: -200.000, Length: 200, Loss: 2.6987, Entropy: 1.0911, Epsilon: 0.010
2026-04-19 10:09:43 | INFO | Episode 7725 - Reward: -200.000, Length: 200, Loss: 5.5048, Entropy: 1.0918, Epsilon: 0.010
2026-04-19 10:09:44 | INFO | Episode 7726 - Reward: -200.000, Length: 200, Loss: 17.2924, Entropy: 1.0762, Epsilon: 0.010
2026-04-19 10:09:44 | INFO | Episode 7727 - Reward: -200.000, Length: 200, Loss: 14.5760, Entropy: 1.0730, Epsilon: 0.010
2026-04-19 10:09:45 | INFO | Episode 7728 - Reward: -200.000, Length: 200, Loss: 26.1336, Entropy: 1.0808, Epsilon: 0.010
2026-04-19 10:09:45 | INFO | Episode 7729 - Reward: -200.000, Length: 200, Loss: 26.4211, Entropy: 1.0527, Epsilon: 0.010
2026-04-19 10:09:45 | INFO | Episode 7730 - Reward: -200.000, Length: 200, Loss: 14.7191, Entropy: 1.0750, Epsilon: 0.010
2026-04-19 10:09:46 | INFO | Episode 7731 - Reward: -200.000, Length: 200, Loss: 14.8783, Entropy: 1.0835, Epsilon: 0.010
2026-04-19 10:09:46 | INFO | Episode 7732 - Reward: -200.000, Length: 200, Loss: 11.9396, Entropy: 1.0884, Epsilon: 0.010
2026-04-19 10:09:46 | INFO | Episode 7733 - Reward: -200.000, Length: 200, Loss: 8.7908, Entropy: 1.0873, Epsilon: 0.010
2026-04-19 10:09:47 | INFO | Episode 7734 - Reward: -200.000, Length: 200, Loss: 11.8590, Entropy: 1.0843, Epsilon: 0.010
2026-04-19 10:09:47 | INFO | Episode 7735 - Reward: -200.000, Length: 200, Loss: 26.7883, Entropy: 1.0660, Epsilon: 0.010
2026-04-19 10:09:47 | INFO | Episode 7736 - Reward: -200.000, Length: 200, Loss: 17.4986, Entropy: 1.0870, Epsilon: 0.010
2026-04-19 10:09:48 | INFO | Episode 7737 - Reward: -200.000, Length: 200, Loss: 23.0278, Entropy: 1.0764, Epsilon: 0.010
2026-04-19 10:09:48 | INFO | Episode 7738 - Reward: -200.000, Length: 200, Loss: 14.4880, Entropy: 1.0834, Epsilon: 0.010
2026-04-19 10:09:49 | INFO | Episode 7739 - Reward: -200.000, Length: 200, Loss: 17.1846, Entropy: 1.0731, Epsilon: 0.010
2026-04-19 10:09:49 | INFO | Episode 7740 - Reward: -200.000, Length: 200, Loss: 25.8666, Entropy: 1.0728, Epsilon: 0.010
2026-04-19 10:09:49 | INFO | Episode 7741 - Reward: -200.000, Length: 200, Loss: 11.5131, Entropy: 1.0849, Epsilon: 0.010
2026-04-19 10:09:50 | INFO | Episode 7742 - Reward: -200.000, Length: 200, Loss: 11.6952, Entropy: 1.0886, Epsilon: 0.010
2026-04-19 10:09:50 | INFO | Episode 7743 - Reward: -200.000, Length: 200, Loss: 5.9108, Entropy: 1.0883, Epsilon: 0.010
2026-04-19 10:09:50 | INFO | Episode 7744 - Reward: -200.000, Length: 200, Loss: 5.7454, Entropy: 1.0909, Epsilon: 0.010
2026-04-19 10:09:51 | INFO | Episode 7745 - Reward: -200.000, Length: 200, Loss: 8.7659, Entropy: 1.0890, Epsilon: 0.010
2026-04-19 10:09:51 | INFO | Episode 7746 - Reward: -200.000, Length: 200, Loss: 14.8318, Entropy: 1.0880, Epsilon: 0.010
2026-04-19 10:09:51 | INFO | Episode 7747 - Reward: -200.000, Length: 200, Loss: 12.2986, Entropy: 1.0891, Epsilon: 0.010
2026-04-19 10:09:52 | INFO | Episode 7748 - Reward: -200.000, Length: 200, Loss: 11.8325, Entropy: 1.0815, Epsilon: 0.010
2026-04-19 10:09:52 | INFO | Episode 7749 - Reward: -200.000, Length: 200, Loss: 18.0591, Entropy: 1.0732, Epsilon: 0.010
2026-04-19 10:09:53 | INFO | Episode 7750 - Reward: -200.000, Length: 200, Loss: 18.2577, Entropy: 1.0725, Epsilon: 0.010
2026-04-19 10:09:53 | INFO | Episode 7751 - Reward: -200.000, Length: 200, Loss: 11.8857, Entropy: 1.0788, Epsilon: 0.010
2026-04-19 10:09:53 | INFO | Episode 7752 - Reward: -200.000, Length: 200, Loss: 24.3261, Entropy: 1.0525, Epsilon: 0.010
2026-04-19 10:09:54 | INFO | Episode 7753 - Reward: -200.000, Length: 200, Loss: 8.7654, Entropy: 1.0824, Epsilon: 0.010
2026-04-19 10:09:54 | INFO | Episode 7754 - Reward: -200.000, Length: 200, Loss: 23.8667, Entropy: 1.0769, Epsilon: 0.010
2026-04-19 10:09:54 | INFO | Episode 7755 - Reward: -200.000, Length: 200, Loss: 2.8096, Entropy: 1.0902, Epsilon: 0.010
2026-04-19 10:09:55 | INFO | Episode 7756 - Reward: -200.000, Length: 200, Loss: 21.2767, Entropy: 1.0855, Epsilon: 0.010
2026-04-19 10:09:55 | INFO | Episode 7757 - Reward: -200.000, Length: 200, Loss: 9.2106, Entropy: 1.0892, Epsilon: 0.010
2026-04-19 10:09:55 | INFO | Episode 7758 - Reward: -200.000, Length: 200, Loss: 21.2094, Entropy: 1.0748, Epsilon: 0.010
2026-04-19 10:09:56 | INFO | Episode 7759 - Reward: -200.000, Length: 200, Loss: 21.1477, Entropy: 1.0900, Epsilon: 0.010
2026-04-19 10:09:56 | INFO | Episode 7760 - Reward: -200.000, Length: 200, Loss: 12.1227, Entropy: 1.0893, Epsilon: 0.010
2026-04-19 10:09:57 | INFO | Episode 7761 - Reward: -200.000, Length: 200, Loss: 8.8708, Entropy: 1.0704, Epsilon: 0.010
2026-04-19 10:09:57 | INFO | Episode 7762 - Reward: -200.000, Length: 200, Loss: 5.7529, Entropy: 1.0840, Epsilon: 0.010
2026-04-19 10:09:57 | INFO | Episode 7763 - Reward: -200.000, Length: 200, Loss: 17.9631, Entropy: 1.0858, Epsilon: 0.010
2026-04-19 10:09:58 | INFO | Episode 7764 - Reward: -200.000, Length: 200, Loss: 2.8977, Entropy: 1.0899, Epsilon: 0.010
2026-04-19 10:09:58 | INFO | Episode 7765 - Reward: -200.000, Length: 200, Loss: 5.7896, Entropy: 1.0909, Epsilon: 0.010
2026-04-19 10:09:58 | INFO | Episode 7766 - Reward: -200.000, Length: 200, Loss: 15.0836, Entropy: 1.0774, Epsilon: 0.010
2026-04-19 10:09:59 | INFO | Episode 7767 - Reward: -200.000, Length: 200, Loss: 21.2690, Entropy: 1.0780, Epsilon: 0.010
2026-04-19 10:09:59 | INFO | Episode 7768 - Reward: -200.000, Length: 200, Loss: 24.1666, Entropy: 1.0812, Epsilon: 0.010
2026-04-19 10:10:00 | INFO | Episode 7769 - Reward: -200.000, Length: 200, Loss: 18.5439, Entropy: 1.0770, Epsilon: 0.010
2026-04-19 10:10:00 | INFO | Episode 7770 - Reward: -200.000, Length: 200, Loss: 15.1938, Entropy: 1.0698, Epsilon: 0.010
2026-04-19 10:10:00 | INFO | Episode 7771 - Reward: -200.000, Length: 200, Loss: 24.8994, Entropy: 1.0758, Epsilon: 0.010
2026-04-19 10:10:01 | INFO | Episode 7772 - Reward: -200.000, Length: 200, Loss: 9.3130, Entropy: 1.0856, Epsilon: 0.010
2026-04-19 10:10:01 | INFO | Episode 7773 - Reward: -200.000, Length: 200, Loss: 9.3805, Entropy: 1.0845, Epsilon: 0.010
2026-04-19 10:10:01 | INFO | Episode 7774 - Reward: -200.000, Length: 200, Loss: 8.9866, Entropy: 1.0770, Epsilon: 0.010
2026-04-19 10:10:02 | INFO | Episode 7775 - Reward: -200.000, Length: 200, Loss: 18.6162, Entropy: 1.0737, Epsilon: 0.010
2026-04-19 10:10:02 | INFO | Episode 7776 - Reward: -200.000, Length: 200, Loss: 15.4816, Entropy: 1.0640, Epsilon: 0.010
2026-04-19 10:10:03 | INFO | Episode 7777 - Reward: -200.000, Length: 200, Loss: 9.1970, Entropy: 1.0805, Epsilon: 0.010
2026-04-19 10:10:03 | INFO | Episode 7778 - Reward: -200.000, Length: 200, Loss: 25.4629, Entropy: 1.0756, Epsilon: 0.010
2026-04-19 10:10:05 | INFO | Episode 7779 - Reward: -200.000, Length: 200, Loss: 21.0877, Entropy: 1.0725, Epsilon: 0.010
2026-04-19 10:10:06 | INFO | Episode 7780 - Reward: -200.000, Length: 200, Loss: 30.4879, Entropy: 1.0814, Epsilon: 0.010
2026-04-19 10:10:06 | INFO | Episode 7781 - Reward: -200.000, Length: 200, Loss: 12.2419, Entropy: 1.0837, Epsilon: 0.010
2026-04-19 10:10:06 | INFO | Episode 7782 - Reward: -200.000, Length: 200, Loss: 17.7719, Entropy: 1.0485, Epsilon: 0.010
2026-04-19 10:10:07 | INFO | Episode 7783 - Reward: -200.000, Length: 200, Loss: 18.0711, Entropy: 1.0685, Epsilon: 0.010
2026-04-19 10:10:07 | INFO | Episode 7784 - Reward: -200.000, Length: 200, Loss: 11.9388, Entropy: 1.0738, Epsilon: 0.010
2026-04-19 10:10:08 | INFO | Episode 7785 - Reward: -200.000, Length: 200, Loss: 11.4891, Entropy: 1.0698, Epsilon: 0.010
2026-04-19 10:10:08 | INFO | Episode 7786 - Reward: -200.000, Length: 200, Loss: 29.3397, Entropy: 1.0715, Epsilon: 0.010
2026-04-19 10:10:08 | INFO | Episode 7787 - Reward: -200.000, Length: 200, Loss: 11.2472, Entropy: 1.0481, Epsilon: 0.010
2026-04-19 10:10:09 | INFO | Episode 7788 - Reward: -200.000, Length: 200, Loss: 2.6995, Entropy: 1.0735, Epsilon: 0.010
2026-04-19 10:10:09 | INFO | Episode 7789 - Reward: -200.000, Length: 200, Loss: 21.2387, Entropy: 1.0816, Epsilon: 0.010
2026-04-19 10:10:09 | INFO | Episode 7790 - Reward: -200.000, Length: 200, Loss: 17.6637, Entropy: 1.0716, Epsilon: 0.010
2026-04-19 10:10:10 | INFO | Episode 7791 - Reward: -200.000, Length: 200, Loss: 18.1707, Entropy: 1.0717, Epsilon: 0.010
2026-04-19 10:10:10 | INFO | Episode 7792 - Reward: -200.000, Length: 200, Loss: 11.7147, Entropy: 1.0762, Epsilon: 0.010
2026-04-19 10:10:10 | INFO | Episode 7793 - Reward: -200.000, Length: 200, Loss: 12.2375, Entropy: 1.0688, Epsilon: 0.010
2026-04-19 10:10:11 | INFO | Episode 7794 - Reward: -200.000, Length: 200, Loss: 12.3119, Entropy: 1.0802, Epsilon: 0.010
2026-04-19 10:10:11 | INFO | Episode 7795 - Reward: -200.000, Length: 200, Loss: 9.3206, Entropy: 1.0725, Epsilon: 0.010
2026-04-19 10:10:12 | INFO | Episode 7796 - Reward: -200.000, Length: 200, Loss: 12.2568, Entropy: 1.0746, Epsilon: 0.010
2026-04-19 10:10:12 | INFO | Episode 7797 - Reward: -200.000, Length: 200, Loss: 15.0308, Entropy: 1.0764, Epsilon: 0.010
2026-04-19 10:10:12 | INFO | Episode 7798 - Reward: -200.000, Length: 200, Loss: 12.3859, Entropy: 1.0802, Epsilon: 0.010
2026-04-19 10:10:13 | INFO | Episode 7799 - Reward: -200.000, Length: 200, Loss: 9.1252, Entropy: 1.0754, Epsilon: 0.010
2026-04-19 10:10:13 | INFO | Episode 7800 - Reward: -200.000, Length: 200, Loss: 15.3350, Entropy: 1.0804, Epsilon: 0.010
2026-04-19 10:10:18 | INFO | [Episode 7800] eps=0.010  avg_reward=-200.000  avg_length=200.00  avg_loss= 14.7734  avg_entropy=1.0804  eval_success=0.000
2026-04-19 10:10:18 | INFO | Episode 7801 - Reward: -200.000, Length: 200, Loss: 3.0114, Entropy: 1.0872, Epsilon: 0.010
2026-04-19 10:10:19 | INFO | Episode 7802 - Reward: -200.000, Length: 200, Loss: 12.3483, Entropy: 1.0806, Epsilon: 0.010
2026-04-19 10:10:19 | INFO | Episode 7803 - Reward: -200.000, Length: 200, Loss: 12.3369, Entropy: 1.0808, Epsilon: 0.010
2026-04-19 10:10:19 | INFO | Episode 7804 - Reward: -200.000, Length: 200, Loss: 12.0666, Entropy: 1.0842, Epsilon: 0.010
2026-04-19 10:10:20 | INFO | Episode 7805 - Reward: -200.000, Length: 200, Loss: 21.2870, Entropy: 1.0742, Epsilon: 0.010
2026-04-19 10:10:20 | INFO | Episode 7806 - Reward: -200.000, Length: 200, Loss: 2.7729, Entropy: 1.0882, Epsilon: 0.010
2026-04-19 10:10:21 | INFO | Episode 7807 - Reward: -200.000, Length: 200, Loss: 24.5636, Entropy: 1.0761, Epsilon: 0.010
2026-04-19 10:10:21 | INFO | Episode 7808 - Reward: -200.000, Length: 200, Loss: 12.3158, Entropy: 1.0455, Epsilon: 0.010
2026-04-19 10:10:21 | INFO | Episode 7809 - Reward: -200.000, Length: 200, Loss: 9.1607, Entropy: 1.0885, Epsilon: 0.010
2026-04-19 10:10:22 | INFO | Episode 7810 - Reward: -200.000, Length: 200, Loss: 37.0250, Entropy: 0.9821, Epsilon: 0.010
2026-04-19 10:10:22 | INFO | Episode 7811 - Reward: -200.000, Length: 200, Loss: 8.8540, Entropy: 1.0754, Epsilon: 0.010
2026-04-19 10:10:22 | INFO | Episode 7812 - Reward: -200.000, Length: 200, Loss: 21.2927, Entropy: 1.0547, Epsilon: 0.010
2026-04-19 10:10:23 | INFO | Episode 7813 - Reward: -200.000, Length: 200, Loss: 18.5387, Entropy: 1.0770, Epsilon: 0.010
2026-04-19 10:10:23 | INFO | Episode 7814 - Reward: -200.000, Length: 200, Loss: 8.7368, Entropy: 1.0798, Epsilon: 0.010
2026-04-19 10:10:23 | INFO | Episode 7815 - Reward: -200.000, Length: 200, Loss: 8.7581, Entropy: 1.0842, Epsilon: 0.010
2026-04-19 10:10:24 | INFO | Episode 7816 - Reward: -200.000, Length: 200, Loss: 17.8509, Entropy: 1.0761, Epsilon: 0.010
2026-04-19 10:10:24 | INFO | Episode 7817 - Reward: -200.000, Length: 200, Loss: 8.8491, Entropy: 1.0669, Epsilon: 0.010
2026-04-19 10:10:25 | INFO | Episode 7818 - Reward: -200.000, Length: 200, Loss: 8.5940, Entropy: 1.0851, Epsilon: 0.010
2026-04-19 10:10:25 | INFO | Episode 7819 - Reward: -200.000, Length: 200, Loss: 32.9528, Entropy: 1.0818, Epsilon: 0.010
2026-04-19 10:10:25 | INFO | Episode 7820 - Reward: -200.000, Length: 200, Loss: 15.3418, Entropy: 1.0514, Epsilon: 0.010
2026-04-19 10:10:26 | INFO | Episode 7821 - Reward: -200.000, Length: 200, Loss: 15.1162, Entropy: 1.0833, Epsilon: 0.010
2026-04-19 10:10:26 | INFO | Episode 7822 - Reward: -200.000, Length: 200, Loss: 8.9974, Entropy: 1.0805, Epsilon: 0.010
2026-04-19 10:10:26 | INFO | Episode 7823 - Reward: -200.000, Length: 200, Loss: 12.0656, Entropy: 1.0701, Epsilon: 0.010
2026-04-19 10:10:27 | INFO | Episode 7824 - Reward: -200.000, Length: 200, Loss: 21.5291, Entropy: 1.0731, Epsilon: 0.010
2026-04-19 10:10:27 | INFO | Episode 7825 - Reward: -200.000, Length: 200, Loss: 15.1975, Entropy: 1.0885, Epsilon: 0.010
2026-04-19 10:10:27 | INFO | Episode 7826 - Reward: -200.000, Length: 200, Loss: 27.8364, Entropy: 1.0815, Epsilon: 0.010
2026-04-19 10:10:28 | INFO | Episode 7827 - Reward: -200.000, Length: 200, Loss: 9.1822, Entropy: 1.0868, Epsilon: 0.010
2026-04-19 10:10:28 | INFO | Episode 7828 - Reward: -200.000, Length: 200, Loss: 6.0467, Entropy: 1.0900, Epsilon: 0.010
2026-04-19 10:10:29 | INFO | Episode 7829 - Reward: -200.000, Length: 200, Loss: 24.6933, Entropy: 1.0683, Epsilon: 0.010
2026-04-19 10:10:29 | INFO | Episode 7830 - Reward: -200.000, Length: 200, Loss: 18.5136, Entropy: 1.0745, Epsilon: 0.010
2026-04-19 10:10:29 | INFO | Episode 7831 - Reward: -200.000, Length: 200, Loss: 9.2670, Entropy: 1.0876, Epsilon: 0.010
2026-04-19 10:10:30 | INFO | Episode 7832 - Reward: -200.000, Length: 200, Loss: 19.0067, Entropy: 1.0312, Epsilon: 0.010
2026-04-19 10:10:30 | INFO | Episode 7833 - Reward: -200.000, Length: 200, Loss: 15.6416, Entropy: 1.0844, Epsilon: 0.010
2026-04-19 10:10:30 | INFO | Episode 7834 - Reward: -200.000, Length: 200, Loss: 15.5702, Entropy: 1.0772, Epsilon: 0.010
2026-04-19 10:10:31 | INFO | Episode 7835 - Reward: -200.000, Length: 200, Loss: 18.6509, Entropy: 1.0838, Epsilon: 0.010
2026-04-19 10:10:31 | INFO | Episode 7836 - Reward: -200.000, Length: 200, Loss: 21.9836, Entropy: 1.0698, Epsilon: 0.010
2026-04-19 10:10:31 | INFO | Episode 7837 - Reward: -200.000, Length: 200, Loss: 18.8114, Entropy: 1.0797, Epsilon: 0.010
2026-04-19 10:10:32 | INFO | Episode 7838 - Reward: -200.000, Length: 200, Loss: 15.2146, Entropy: 1.0809, Epsilon: 0.010
2026-04-19 10:10:32 | INFO | Episode 7839 - Reward: -200.000, Length: 200, Loss: 18.5597, Entropy: 1.0752, Epsilon: 0.010
2026-04-19 10:10:33 | INFO | Episode 7840 - Reward: -200.000, Length: 200, Loss: 12.3118, Entropy: 1.0808, Epsilon: 0.010
2026-04-19 10:10:33 | INFO | Episode 7841 - Reward: -200.000, Length: 200, Loss: 14.9274, Entropy: 1.0871, Epsilon: 0.010
2026-04-19 10:10:33 | INFO | Episode 7842 - Reward: -200.000, Length: 200, Loss: 15.1325, Entropy: 1.0792, Epsilon: 0.010
2026-04-19 10:10:34 | INFO | Episode 7843 - Reward: -200.000, Length: 200, Loss: 14.8168, Entropy: 1.0814, Epsilon: 0.010
2026-04-19 10:10:34 | INFO | Episode 7844 - Reward: -200.000, Length: 200, Loss: 15.0705, Entropy: 1.0794, Epsilon: 0.010
2026-04-19 10:10:35 | INFO | Episode 7845 - Reward: -200.000, Length: 200, Loss: 21.1781, Entropy: 1.0810, Epsilon: 0.010
2026-04-19 10:10:35 | INFO | Episode 7846 - Reward: -200.000, Length: 200, Loss: 5.9009, Entropy: 1.0855, Epsilon: 0.010
2026-04-19 10:10:35 | INFO | Episode 7847 - Reward: -200.000, Length: 200, Loss: 14.8439, Entropy: 1.0796, Epsilon: 0.010
2026-04-19 10:10:36 | INFO | Episode 7848 - Reward: -200.000, Length: 200, Loss: 5.7650, Entropy: 1.0828, Epsilon: 0.010
2026-04-19 10:10:36 | INFO | Episode 7849 - Reward: -200.000, Length: 200, Loss: 18.3129, Entropy: 1.0810, Epsilon: 0.010
2026-04-19 10:10:36 | INFO | Episode 7850 - Reward: -200.000, Length: 200, Loss: 24.2468, Entropy: 1.0795, Epsilon: 0.010
2026-04-19 10:10:37 | INFO | Episode 7851 - Reward: -200.000, Length: 200, Loss: 11.6246, Entropy: 1.0836, Epsilon: 0.010
2026-04-19 10:10:37 | INFO | Episode 7852 - Reward: -200.000, Length: 200, Loss: 17.9685, Entropy: 1.0642, Epsilon: 0.010
2026-04-19 10:10:38 | INFO | Episode 7853 - Reward: -200.000, Length: 200, Loss: 8.9405, Entropy: 1.0672, Epsilon: 0.010
2026-04-19 10:10:38 | INFO | Episode 7854 - Reward: -200.000, Length: 200, Loss: 11.9132, Entropy: 1.0774, Epsilon: 0.010
2026-04-19 10:10:38 | INFO | Episode 7855 - Reward: -200.000, Length: 200, Loss: 17.6195, Entropy: 1.0844, Epsilon: 0.010
2026-04-19 10:10:39 | INFO | Episode 7856 - Reward: -200.000, Length: 200, Loss: 17.8190, Entropy: 1.0807, Epsilon: 0.010
2026-04-19 10:10:39 | INFO | Episode 7857 - Reward: -200.000, Length: 200, Loss: 12.0060, Entropy: 1.0870, Epsilon: 0.010
2026-04-19 10:10:39 | INFO | Episode 7858 - Reward: -200.000, Length: 200, Loss: 24.0627, Entropy: 1.0808, Epsilon: 0.010
2026-04-19 10:10:40 | INFO | Episode 7859 - Reward: -200.000, Length: 200, Loss: 11.8369, Entropy: 1.0870, Epsilon: 0.010
2026-04-19 10:10:40 | INFO | Episode 7860 - Reward: -200.000, Length: 200, Loss: 5.8816, Entropy: 1.0896, Epsilon: 0.010
2026-04-19 10:10:40 | INFO | Episode 7861 - Reward: -200.000, Length: 200, Loss: 9.0826, Entropy: 1.0851, Epsilon: 0.010
2026-04-19 10:10:41 | INFO | Episode 7862 - Reward: -200.000, Length: 200, Loss: 29.9810, Entropy: 1.0843, Epsilon: 0.010
2026-04-19 10:10:41 | INFO | Episode 7863 - Reward: -200.000, Length: 200, Loss: 27.8221, Entropy: 1.0807, Epsilon: 0.010
2026-04-19 10:10:42 | INFO | Episode 7864 - Reward: -200.000, Length: 200, Loss: 14.7991, Entropy: 1.0786, Epsilon: 0.010
2026-04-19 10:10:42 | INFO | Episode 7865 - Reward: -200.000, Length: 200, Loss: 27.2108, Entropy: 1.0624, Epsilon: 0.010
2026-04-19 10:10:42 | INFO | Episode 7866 - Reward: -200.000, Length: 200, Loss: 12.0782, Entropy: 1.0840, Epsilon: 0.010
2026-04-19 10:10:43 | INFO | Episode 7867 - Reward: -200.000, Length: 200, Loss: 18.1402, Entropy: 1.0820, Epsilon: 0.010
2026-04-19 10:10:43 | INFO | Episode 7868 - Reward: -200.000, Length: 200, Loss: 12.1609, Entropy: 1.0895, Epsilon: 0.010
2026-04-19 10:10:43 | INFO | Episode 7869 - Reward: -200.000, Length: 200, Loss: 21.4487, Entropy: 1.0726, Epsilon: 0.010
2026-04-19 10:10:44 | INFO | Episode 7870 - Reward: -200.000, Length: 200, Loss: 21.6933, Entropy: 1.0581, Epsilon: 0.010
2026-04-19 10:10:44 | INFO | Episode 7871 - Reward: -200.000, Length: 200, Loss: 15.3556, Entropy: 1.0705, Epsilon: 0.010
2026-04-19 10:10:45 | INFO | Episode 7872 - Reward: -200.000, Length: 200, Loss: 5.8901, Entropy: 1.0728, Epsilon: 0.010
2026-04-19 10:10:45 | INFO | Episode 7873 - Reward: -200.000, Length: 200, Loss: 2.9113, Entropy: 1.0929, Epsilon: 0.010
2026-04-19 10:10:45 | INFO | Episode 7874 - Reward: -200.000, Length: 200, Loss: 24.5607, Entropy: 1.0709, Epsilon: 0.010
2026-04-19 10:10:46 | INFO | Episode 7875 - Reward: -200.000, Length: 200, Loss: 18.4132, Entropy: 1.0652, Epsilon: 0.010
2026-04-19 10:10:46 | INFO | Episode 7876 - Reward: -200.000, Length: 200, Loss: 9.2646, Entropy: 1.0752, Epsilon: 0.010
2026-04-19 10:10:46 | INFO | Episode 7877 - Reward: -200.000, Length: 200, Loss: 24.9612, Entropy: 1.0266, Epsilon: 0.010
2026-04-19 10:10:47 | INFO | Episode 7878 - Reward: -200.000, Length: 200, Loss: 9.3136, Entropy: 1.0760, Epsilon: 0.010
2026-04-19 10:10:47 | INFO | Episode 7879 - Reward: -200.000, Length: 200, Loss: 9.4563, Entropy: 1.0725, Epsilon: 0.010
2026-04-19 10:10:48 | INFO | Episode 7880 - Reward: -200.000, Length: 200, Loss: 25.2681, Entropy: 1.0159, Epsilon: 0.010
2026-04-19 10:10:48 | INFO | Episode 7881 - Reward: -200.000, Length: 200, Loss: 5.9667, Entropy: 1.0352, Epsilon: 0.010
2026-04-19 10:10:48 | INFO | Episode 7882 - Reward: -200.000, Length: 200, Loss: 8.8925, Entropy: 1.0805, Epsilon: 0.010
2026-04-19 10:10:49 | INFO | Episode 7883 - Reward: -200.000, Length: 200, Loss: 14.9794, Entropy: 1.0629, Epsilon: 0.010
2026-04-19 10:10:49 | INFO | Episode 7884 - Reward: -200.000, Length: 200, Loss: 36.1912, Entropy: 0.9709, Epsilon: 0.010
2026-04-19 10:10:49 | INFO | Episode 7885 - Reward: -200.000, Length: 200, Loss: 9.0322, Entropy: 1.0829, Epsilon: 0.010
2026-04-19 10:10:50 | INFO | Episode 7886 - Reward: -200.000, Length: 200, Loss: 24.9114, Entropy: 1.0748, Epsilon: 0.010
2026-04-19 10:10:50 | INFO | Episode 7887 - Reward: -200.000, Length: 200, Loss: 18.4626, Entropy: 1.0757, Epsilon: 0.010
2026-04-19 10:10:50 | INFO | Episode 7888 - Reward: -200.000, Length: 200, Loss: 15.3250, Entropy: 1.0821, Epsilon: 0.010
2026-04-19 10:10:51 | INFO | Episode 7889 - Reward: -200.000, Length: 200, Loss: 18.3677, Entropy: 1.0763, Epsilon: 0.010
2026-04-19 10:10:51 | INFO | Episode 7890 - Reward: -200.000, Length: 200, Loss: 11.9977, Entropy: 1.0884, Epsilon: 0.010
2026-04-19 10:10:52 | INFO | Episode 7891 - Reward: -200.000, Length: 200, Loss: 2.9742, Entropy: 1.0906, Epsilon: 0.010
2026-04-19 10:10:52 | INFO | Episode 7892 - Reward: -200.000, Length: 200, Loss: 15.3637, Entropy: 1.0895, Epsilon: 0.010
2026-04-19 10:10:52 | INFO | Episode 7893 - Reward: -200.000, Length: 200, Loss: 34.3347, Entropy: 1.0814, Epsilon: 0.010
2026-04-19 10:10:53 | INFO | Episode 7894 - Reward: -200.000, Length: 200, Loss: 8.9807, Entropy: 1.0834, Epsilon: 0.010
2026-04-19 10:10:53 | INFO | Episode 7895 - Reward: -200.000, Length: 200, Loss: 15.0281, Entropy: 1.0748, Epsilon: 0.010
2026-04-19 10:10:53 | INFO | Episode 7896 - Reward: -200.000, Length: 200, Loss: 8.9301, Entropy: 1.0614, Epsilon: 0.010
2026-04-19 10:10:54 | INFO | Episode 7897 - Reward: -200.000, Length: 200, Loss: -0.2078, Entropy: 1.0882, Epsilon: 0.010
2026-04-19 10:10:54 | INFO | Episode 7898 - Reward: -200.000, Length: 200, Loss: 11.7519, Entropy: 1.0781, Epsilon: 0.010
2026-04-19 10:10:54 | INFO | Episode 7899 - Reward: -200.000, Length: 200, Loss: 2.8964, Entropy: 1.0861, Epsilon: 0.010
2026-04-19 10:10:55 | INFO | Episode 7900 - Reward: -200.000, Length: 200, Loss: 12.1349, Entropy: 1.0892, Epsilon: 0.010
2026-04-19 10:11:00 | INFO | [Episode 7900] eps=0.010  avg_reward=-200.000  avg_length=200.00  avg_loss= 15.2684  avg_entropy=1.0892  eval_success=0.000
2026-04-19 10:11:00 | INFO | Episode 7901 - Reward: -200.000, Length: 200, Loss: 5.7755, Entropy: 1.0901, Epsilon: 0.010
2026-04-19 10:11:00 | INFO | Episode 7902 - Reward: -200.000, Length: 200, Loss: 15.3613, Entropy: 1.0891, Epsilon: 0.010
2026-04-19 10:11:01 | INFO | Episode 7903 - Reward: -200.000, Length: 200, Loss: 2.8796, Entropy: 1.0910, Epsilon: 0.010
2026-04-19 10:11:01 | INFO | Episode 7904 - Reward: -200.000, Length: 200, Loss: 12.2851, Entropy: 1.0867, Epsilon: 0.010
2026-04-19 10:11:02 | INFO | Episode 7905 - Reward: -200.000, Length: 200, Loss: 21.5727, Entropy: 1.0840, Epsilon: 0.010
2026-04-19 10:11:02 | INFO | Episode 7906 - Reward: -200.000, Length: 200, Loss: 12.0061, Entropy: 1.0753, Epsilon: 0.010
2026-04-19 10:11:02 | INFO | Episode 7907 - Reward: -200.000, Length: 200, Loss: 12.3565, Entropy: 1.0656, Epsilon: 0.010
2026-04-19 10:11:03 | INFO | Episode 7908 - Reward: -200.000, Length: 200, Loss: 12.6860, Entropy: 1.0357, Epsilon: 0.010
2026-04-19 10:11:03 | INFO | Episode 7909 - Reward: -200.000, Length: 200, Loss: 6.3058, Entropy: 1.0843, Epsilon: 0.010
2026-04-19 10:11:03 | INFO | Episode 7910 - Reward: -200.000, Length: 200, Loss: 9.2560, Entropy: 1.0862, Epsilon: 0.010
2026-04-19 10:11:04 | INFO | Episode 7911 - Reward: -200.000, Length: 200, Loss: 22.6615, Entropy: 1.0746, Epsilon: 0.010
2026-04-19 10:11:04 | INFO | Episode 7912 - Reward: -200.000, Length: 200, Loss: 25.7624, Entropy: 1.0742, Epsilon: 0.010
2026-04-19 10:11:04 | INFO | Episode 7913 - Reward: -200.000, Length: 200, Loss: 15.9617, Entropy: 1.0775, Epsilon: 0.010
2026-04-19 10:11:05 | INFO | Episode 7914 - Reward: -200.000, Length: 200, Loss: 16.0025, Entropy: 1.0853, Epsilon: 0.010
2026-04-19 10:11:05 | INFO | Episode 7915 - Reward: -200.000, Length: 200, Loss: 9.5763, Entropy: 1.0851, Epsilon: 0.010
2026-04-19 10:11:06 | INFO | Episode 7916 - Reward: -200.000, Length: 200, Loss: 19.1534, Entropy: 1.0774, Epsilon: 0.010
2026-04-19 10:11:06 | INFO | Episode 7917 - Reward: -200.000, Length: 200, Loss: 21.9686, Entropy: 1.0731, Epsilon: 0.010
2026-04-19 10:11:06 | INFO | Episode 7918 - Reward: -200.000, Length: 200, Loss: 9.6040, Entropy: 1.0866, Epsilon: 0.010
2026-04-19 10:11:07 | INFO | Episode 7919 - Reward: -200.000, Length: 200, Loss: 22.8275, Entropy: 1.0684, Epsilon: 0.010
2026-04-19 10:11:07 | INFO | Episode 7920 - Reward: -200.000, Length: 200, Loss: 23.0550, Entropy: 1.0712, Epsilon: 0.010
2026-04-19 10:11:08 | INFO | Episode 7921 - Reward: -200.000, Length: 200, Loss: 12.7627, Entropy: 1.0401, Epsilon: 0.010
2026-04-19 10:11:08 | INFO | Episode 7922 - Reward: -200.000, Length: 200, Loss: 15.8287, Entropy: 1.0574, Epsilon: 0.010
2026-04-19 10:11:08 | INFO | Episode 7923 - Reward: -200.000, Length: 200, Loss: 19.1454, Entropy: 1.0715, Epsilon: 0.010
2026-04-19 10:11:09 | INFO | Episode 7924 - Reward: -200.000, Length: 200, Loss: 19.4257, Entropy: 1.0765, Epsilon: 0.010
2026-04-19 10:11:09 | INFO | Episode 7925 - Reward: -200.000, Length: 200, Loss: 9.5429, Entropy: 1.0868, Epsilon: 0.010
2026-04-19 10:11:09 | INFO | Episode 7926 - Reward: -200.000, Length: 200, Loss: 15.5478, Entropy: 1.0782, Epsilon: 0.010
2026-04-19 10:11:10 | INFO | Episode 7927 - Reward: -200.000, Length: 200, Loss: 6.4688, Entropy: 1.0878, Epsilon: 0.010
2026-04-19 10:11:10 | INFO | Episode 7928 - Reward: -200.000, Length: 200, Loss: 13.0632, Entropy: 1.0849, Epsilon: 0.010
2026-04-19 10:11:10 | INFO | Episode 7929 - Reward: -200.000, Length: 200, Loss: 16.2760, Entropy: 1.0757, Epsilon: 0.010
2026-04-19 10:11:11 | INFO | Episode 7930 - Reward: -200.000, Length: 200, Loss: 28.4422, Entropy: 1.0505, Epsilon: 0.010
2026-04-19 10:11:11 | INFO | Episode 7931 - Reward: -200.000, Length: 200, Loss: 12.9458, Entropy: 1.0711, Epsilon: 0.010
2026-04-19 10:11:12 | INFO | Episode 7932 - Reward: -200.000, Length: 200, Loss: 18.9965, Entropy: 1.0809, Epsilon: 0.010
2026-04-19 10:11:12 | INFO | Episode 7933 - Reward: -200.000, Length: 200, Loss: 12.4018, Entropy: 1.0531, Epsilon: 0.010
2026-04-19 10:11:12 | INFO | Episode 7934 - Reward: -200.000, Length: 200, Loss: 2.8508, Entropy: 1.0823, Epsilon: 0.010
2026-04-19 10:11:13 | INFO | Episode 7935 - Reward: -200.000, Length: 200, Loss: 12.9353, Entropy: 1.0788, Epsilon: 0.010
2026-04-19 10:11:13 | INFO | Episode 7936 - Reward: -200.000, Length: 200, Loss: 22.2670, Entropy: 1.0835, Epsilon: 0.010
2026-04-19 10:11:13 | INFO | Episode 7937 - Reward: -200.000, Length: 200, Loss: 22.3322, Entropy: 1.0878, Epsilon: 0.010
2026-04-19 10:11:14 | INFO | Episode 7938 - Reward: -200.000, Length: 200, Loss: 12.8896, Entropy: 1.0869, Epsilon: 0.010
2026-04-19 10:11:14 | INFO | Episode 7939 - Reward: -200.000, Length: 200, Loss: 15.9351, Entropy: 1.0847, Epsilon: 0.010
2026-04-19 10:11:15 | INFO | Episode 7940 - Reward: -200.000, Length: 200, Loss: 25.2896, Entropy: 1.0826, Epsilon: 0.010
2026-04-19 10:11:15 | INFO | Episode 7941 - Reward: -200.000, Length: 200, Loss: 12.8923, Entropy: 1.0840, Epsilon: 0.010
2026-04-19 10:11:15 | INFO | Episode 7942 - Reward: -200.000, Length: 200, Loss: 6.2410, Entropy: 1.0826, Epsilon: 0.010
2026-04-19 10:11:16 | INFO | Episode 7943 - Reward: -200.000, Length: 200, Loss: 6.3100, Entropy: 1.0851, Epsilon: 0.010
2026-04-19 10:11:16 | INFO | Episode 7944 - Reward: -200.000, Length: 200, Loss: 18.8915, Entropy: 1.0721, Epsilon: 0.010
2026-04-19 10:11:16 | INFO | Episode 7945 - Reward: -200.000, Length: 200, Loss: 9.3987, Entropy: 1.0805, Epsilon: 0.010
2026-04-19 10:11:17 | INFO | Episode 7946 - Reward: -200.000, Length: 200, Loss: 12.4734, Entropy: 1.0774, Epsilon: 0.010
2026-04-19 10:11:17 | INFO | Episode 7947 - Reward: -200.000, Length: 200, Loss: 9.3816, Entropy: 1.0787, Epsilon: 0.010
2026-04-19 10:11:17 | INFO | Episode 7948 - Reward: -200.000, Length: 200, Loss: 18.7756, Entropy: 1.0747, Epsilon: 0.010
2026-04-19 10:11:18 | INFO | Episode 7949 - Reward: -200.000, Length: 200, Loss: 15.7696, Entropy: 1.0785, Epsilon: 0.010
2026-04-19 10:11:18 | INFO | Episode 7950 - Reward: -200.000, Length: 200, Loss: 2.8926, Entropy: 1.0906, Epsilon: 0.010
2026-04-19 10:11:19 | INFO | Episode 7951 - Reward: -200.000, Length: 200, Loss: 18.9964, Entropy: 1.0766, Epsilon: 0.010
2026-04-19 10:11:19 | INFO | Episode 7952 - Reward: -200.000, Length: 200, Loss: 12.9641, Entropy: 1.0832, Epsilon: 0.010
2026-04-19 10:11:19 | INFO | Episode 7953 - Reward: -200.000, Length: 200, Loss: 15.7670, Entropy: 1.0871, Epsilon: 0.010
2026-04-19 10:11:20 | INFO | Episode 7954 - Reward: -200.000, Length: 200, Loss: 15.8618, Entropy: 1.0768, Epsilon: 0.010
2026-04-19 10:11:20 | INFO | Episode 7955 - Reward: -200.000, Length: 200, Loss: 31.7249, Entropy: 1.0645, Epsilon: 0.010
2026-04-19 10:11:20 | INFO | Episode 7956 - Reward: -200.000, Length: 200, Loss: 2.7428, Entropy: 1.0809, Epsilon: 0.010
2026-04-19 10:11:21 | INFO | Episode 7957 - Reward: -200.000, Length: 200, Loss: 12.4342, Entropy: 1.0757, Epsilon: 0.010
2026-04-19 10:11:21 | INFO | Episode 7958 - Reward: -200.000, Length: 200, Loss: 12.3790, Entropy: 1.0795, Epsilon: 0.010
2026-04-19 10:11:22 | INFO | Episode 7959 - Reward: -200.000, Length: 200, Loss: 18.7259, Entropy: 1.0862, Epsilon: 0.010
2026-04-19 10:11:22 | INFO | Episode 7960 - Reward: -200.000, Length: 200, Loss: 22.2248, Entropy: 1.0887, Epsilon: 0.010
2026-04-19 10:11:22 | INFO | Episode 7961 - Reward: -200.000, Length: 200, Loss: 28.0303, Entropy: 1.0669, Epsilon: 0.010
2026-04-19 10:11:23 | INFO | Episode 7962 - Reward: -200.000, Length: 200, Loss: 15.6278, Entropy: 1.0347, Epsilon: 0.010
2026-04-19 10:11:23 | INFO | Episode 7963 - Reward: -200.000, Length: 200, Loss: 6.2486, Entropy: 1.0893, Epsilon: 0.010
2026-04-19 10:11:23 | INFO | Episode 7964 - Reward: -200.000, Length: 200, Loss: 16.2338, Entropy: 1.0867, Epsilon: 0.010
2026-04-19 10:11:24 | INFO | Episode 7965 - Reward: -200.000, Length: 200, Loss: 12.8156, Entropy: 1.0813, Epsilon: 0.010
2026-04-19 10:11:24 | INFO | Episode 7966 - Reward: -200.000, Length: 200, Loss: 16.0824, Entropy: 1.0849, Epsilon: 0.010
2026-04-19 10:11:25 | INFO | Episode 7967 - Reward: -200.000, Length: 200, Loss: 19.5292, Entropy: 1.0848, Epsilon: 0.010
2026-04-19 10:11:25 | INFO | Episode 7968 - Reward: -200.000, Length: 200, Loss: 19.3824, Entropy: 1.0842, Epsilon: 0.010
2026-04-19 10:11:25 | INFO | Episode 7969 - Reward: -200.000, Length: 200, Loss: 13.2362, Entropy: 1.0789, Epsilon: 0.010
2026-04-19 10:11:26 | INFO | Episode 7970 - Reward: -200.000, Length: 200, Loss: 13.0548, Entropy: 1.0797, Epsilon: 0.010
2026-04-19 10:11:26 | INFO | Episode 7971 - Reward: -200.000, Length: 200, Loss: -0.1953, Entropy: 1.0860, Epsilon: 0.010
2026-04-19 10:11:26 | INFO | Episode 7972 - Reward: -200.000, Length: 200, Loss: 36.3347, Entropy: 1.0539, Epsilon: 0.010
2026-04-19 10:11:27 | INFO | Episode 7973 - Reward: -200.000, Length: 200, Loss: 20.0973, Entropy: 1.0827, Epsilon: 0.010
2026-04-19 10:11:27 | INFO | Episode 7974 - Reward: -200.000, Length: 200, Loss: 12.8444, Entropy: 1.0872, Epsilon: 0.010
2026-04-19 10:11:27 | INFO | Episode 7975 - Reward: -200.000, Length: 200, Loss: 19.0335, Entropy: 1.0814, Epsilon: 0.010
2026-04-19 10:11:28 | INFO | Episode 7976 - Reward: -200.000, Length: 200, Loss: 18.5994, Entropy: 1.0756, Epsilon: 0.010
2026-04-19 10:11:28 | INFO | Episode 7977 - Reward: -200.000, Length: 200, Loss: 9.5554, Entropy: 1.0855, Epsilon: 0.010
2026-04-19 10:11:29 | INFO | Episode 7978 - Reward: -200.000, Length: 200, Loss: 9.4104, Entropy: 1.0810, Epsilon: 0.010
2026-04-19 10:11:29 | INFO | Episode 7979 - Reward: -200.000, Length: 200, Loss: 24.6421, Entropy: 1.0628, Epsilon: 0.010
2026-04-19 10:11:29 | INFO | Episode 7980 - Reward: -200.000, Length: 200, Loss: 24.7027, Entropy: 1.0653, Epsilon: 0.010
2026-04-19 10:11:30 | INFO | Episode 7981 - Reward: -200.000, Length: 200, Loss: 15.1447, Entropy: 1.0804, Epsilon: 0.010
2026-04-19 10:11:30 | INFO | Episode 7982 - Reward: -200.000, Length: 200, Loss: 15.4168, Entropy: 1.0871, Epsilon: 0.010
2026-04-19 10:11:30 | INFO | Episode 7983 - Reward: -200.000, Length: 200, Loss: 12.3014, Entropy: 1.0828, Epsilon: 0.010
2026-04-19 10:11:31 | INFO | Episode 7984 - Reward: -200.000, Length: 200, Loss: 18.4984, Entropy: 1.0885, Epsilon: 0.010
2026-04-19 10:11:31 | INFO | Episode 7985 - Reward: -200.000, Length: 200, Loss: 6.1745, Entropy: 1.0890, Epsilon: 0.010
2026-04-19 10:11:31 | INFO | Episode 7986 - Reward: -200.000, Length: 200, Loss: 18.8869, Entropy: 1.0498, Epsilon: 0.010
2026-04-19 10:11:32 | INFO | Episode 7987 - Reward: -200.000, Length: 200, Loss: 24.4069, Entropy: 1.0782, Epsilon: 0.010
2026-04-19 10:11:32 | INFO | Episode 7988 - Reward: -200.000, Length: 200, Loss: 27.6247, Entropy: 1.0827, Epsilon: 0.010
2026-04-19 10:11:33 | INFO | Episode 7989 - Reward: -200.000, Length: 200, Loss: 12.3937, Entropy: 1.0732, Epsilon: 0.010
2026-04-19 10:11:33 | INFO | Episode 7990 - Reward: -200.000, Length: 200, Loss: 15.1133, Entropy: 1.0859, Epsilon: 0.010
2026-04-19 10:11:33 | INFO | Episode 7991 - Reward: -200.000, Length: 200, Loss: 9.0301, Entropy: 1.0874, Epsilon: 0.010
2026-04-19 10:11:34 | INFO | Episode 7992 - Reward: -200.000, Length: 200, Loss: 2.9358, Entropy: 1.0858, Epsilon: 0.010
2026-04-19 10:11:34 | INFO | Episode 7993 - Reward: -200.000, Length: 200, Loss: 2.9102, Entropy: 1.0853, Epsilon: 0.010
2026-04-19 10:11:34 | INFO | Episode 7994 - Reward: -200.000, Length: 200, Loss: 12.0196, Entropy: 1.0788, Epsilon: 0.010
2026-04-19 10:11:35 | INFO | Episode 7995 - Reward: -200.000, Length: 200, Loss: 9.1877, Entropy: 1.0816, Epsilon: 0.010
2026-04-19 10:11:35 | INFO | Episode 7996 - Reward: -200.000, Length: 200, Loss: 15.6198, Entropy: 1.0723, Epsilon: 0.010
2026-04-19 10:11:36 | INFO | Episode 7997 - Reward: -200.000, Length: 200, Loss: 18.2235, Entropy: 1.0818, Epsilon: 0.010
2026-04-19 10:11:36 | INFO | Episode 7998 - Reward: -200.000, Length: 200, Loss: 18.5791, Entropy: 1.0863, Epsilon: 0.010
2026-04-19 10:11:36 | INFO | Episode 7999 - Reward: -200.000, Length: 200, Loss: 9.0514, Entropy: 1.0871, Epsilon: 0.010
2026-04-19 10:11:37 | INFO | Episode 8000 - Reward: -200.000, Length: 200, Loss: 15.7923, Entropy: 1.0566, Epsilon: 0.010
2026-04-19 10:11:42 | INFO | [Episode 8000] eps=0.010  avg_reward=-200.000  avg_length=200.00  avg_loss= 15.0383  avg_entropy=1.0566  eval_success=0.000
2026-04-19 10:11:42 | INFO | DQN+Entropy training: 52m 32.47s
2026-04-19 10:12:01 | INFO | [Final Eval] success=0.000, mean_reward=-200.000
