episode,return,length,epsilon,loss,q_mean,td_error_mean,icm_loss,intrinsic_reward_mean,eval_return_mean,eval_return_std,eval_length_mean,agent,env,reward_type,lr,gamma,seed,eta
1,0.0,15,1.0,nan,nan,nan,nan,nan,,,,dqn_icm,cartpole,sparse,0.001,0.99,5,1.0
2,0.0,9,0.9968333333333333,nan,nan,nan,nan,nan,,,,dqn_icm,cartpole,sparse,0.001,0.99,5,1.0
3,0.0,38,0.9936666666666667,nan,nan,nan,nan,nan,,,,dqn_icm,cartpole,sparse,0.001,0.99,5,1.0
4,0.0,45,0.9905,nan,nan,nan,nan,nan,,,,dqn_icm,cartpole,sparse,0.001,0.99,5,1.0
5,0.0,18,0.9873333333333333,nan,nan,nan,nan,nan,,,,dqn_icm,cartpole,sparse,0.001,0.99,5,1.0
6,0.0,18,0.9841666666666666,nan,nan,nan,nan,nan,,,,dqn_icm,cartpole,sparse,0.001,0.99,5,1.0
7,0.0,28,0.981,nan,nan,nan,nan,nan,,,,dqn_icm,cartpole,sparse,0.001,0.99,5,1.0
8,0.0,21,0.9778333333333333,nan,nan,nan,nan,nan,,,,dqn_icm,cartpole,sparse,0.001,0.99,5,1.0
9,0.0,21,0.9746666666666667,nan,nan,nan,nan,nan,,,,dqn_icm,cartpole,sparse,0.001,0.99,5,1.0
10,0.0,16,0.9715,nan,nan,nan,nan,nan,,,,dqn_icm,cartpole,sparse,0.001,0.99,5,1.0
11,0.0,55,0.9683333333333334,nan,nan,nan,nan,nan,,,,dqn_icm,cartpole,sparse,0.001,0.99,5,1.0
12,0.0,32,0.9651666666666666,nan,nan,nan,nan,nan,,,,dqn_icm,cartpole,sparse,0.001,0.99,5,1.0
13,0.0,14,0.962,nan,nan,nan,nan,nan,,,,dqn_icm,cartpole,sparse,0.001,0.99,5,1.0
14,0.0,19,0.9588333333333333,nan,nan,nan,nan,nan,,,,dqn_icm,cartpole,sparse,0.001,0.99,5,1.0
15,0.0,21,0.9556666666666667,nan,nan,nan,nan,nan,,,,dqn_icm,cartpole,sparse,0.001,0.99,5,1.0
16,0.0,21,0.9525,nan,nan,nan,nan,nan,,,,dqn_icm,cartpole,sparse,0.001,0.99,5,1.0
17,0.0,17,0.9493333333333334,nan,nan,nan,nan,nan,,,,dqn_icm,cartpole,sparse,0.001,0.99,5,1.0
18,0.0,13,0.9461666666666667,nan,nan,nan,nan,nan,,,,dqn_icm,cartpole,sparse,0.001,0.99,5,1.0
19,0.0,18,0.9430000000000001,nan,nan,nan,nan,nan,,,,dqn_icm,cartpole,sparse,0.001,0.99,5,1.0
20,0.0,12,0.9398333333333333,nan,nan,nan,nan,nan,,,,dqn_icm,cartpole,sparse,0.001,0.99,5,1.0
21,0.0,12,0.9366666666666666,nan,nan,nan,nan,nan,,,,dqn_icm,cartpole,sparse,0.001,0.99,5,1.0
22,0.0,15,0.9335,nan,nan,nan,nan,nan,,,,dqn_icm,cartpole,sparse,0.001,0.99,5,1.0
23,0.0,20,0.9303333333333333,nan,nan,nan,nan,nan,,,,dqn_icm,cartpole,sparse,0.001,0.99,5,1.0
24,0.0,18,0.9271666666666667,0.010393645614385605,0.03705957531929016,0.0941639095544815,0.5613104701042175,0.12327992916107178,,,,dqn_icm,cartpole,sparse,0.001,0.99,5,1.0
25,0.0,23,0.924,0.002526952652260661,0.07374271750450134,0.04611501097679138,0.5493650436401367,0.09356249868869781,,,,dqn_icm,cartpole,sparse,0.001,0.99,5,1.0
26,0.0,34,0.9208333333333334,0.007057688198983669,0.1328090876340866,0.07106155157089233,0.5186654925346375,0.12606596946716309,,,,dqn_icm,cartpole,sparse,0.001,0.99,5,1.0
27,0.0,17,0.9176666666666666,0.008309058845043182,0.16738560795783997,0.07780259102582932,0.4662129282951355,0.155263751745224,,,,dqn_icm,cartpole,sparse,0.001,0.99,5,1.0
28,0.0,24,0.9145,0.0036647506058216095,0.14490702748298645,0.05376346409320831,0.449148952960968,0.11456771194934845,,,,dqn_icm,cartpole,sparse,0.001,0.99,5,1.0
29,0.0,27,0.9113333333333333,0.0022884905338287354,0.16467145085334778,0.05521637573838234,0.34353017807006836,0.11895245313644409,,,,dqn_icm,cartpole,sparse,0.001,0.99,5,1.0
30,0.0,19,0.9081666666666667,0.0035939409863203764,0.14628800749778748,0.07125382125377655,0.268856942653656,0.11582886427640915,,,,dqn_icm,cartpole,sparse,0.001,0.99,5,1.0
31,0.0,16,0.905,0.0037008195649832487,0.10944695770740509,0.06565441191196442,0.20724071562290192,0.09786555171012878,,,,dqn_icm,cartpole,sparse,0.001,0.99,5,1.0
32,0.0,17,0.9018333333333334,0.007225073873996735,0.11074239760637283,0.09466230124235153,0.154123917222023,0.11231736838817596,,,,dqn_icm,cartpole,sparse,0.001,0.99,5,1.0
33,0.0,29,0.8986666666666667,0.006238389760255814,0.08545607328414917,0.08234503865242004,0.07743466645479202,0.11943875253200531,,,,dqn_icm,cartpole,sparse,0.001,0.99,5,1.0
34,0.0,12,0.8955,0.0076881772838532925,0.07391723990440369,0.09490831196308136,0.05860370397567749,0.11830416321754456,,,,dqn_icm,cartpole,sparse,0.001,0.99,5,1.0
35,0.0,9,0.8923333333333333,0.007568671368062496,0.06519082933664322,0.09162722527980804,0.050909388810396194,0.12287800014019012,,,,dqn_icm,cartpole,sparse,0.001,0.99,5,1.0
36,0.0,25,0.8891666666666667,0.0028587947599589825,0.09301632642745972,0.05922623723745346,0.02885223738849163,0.08840656280517578,,,,dqn_icm,cartpole,sparse,0.001,0.99,5,1.0
37,0.0,17,0.886,0.0025236508809030056,0.0891464352607727,0.05258823558688164,0.02312789484858513,0.07621839642524719,,,,dqn_icm,cartpole,sparse,0.001,0.99,5,1.0
38,0.0,37,0.8828333333333334,0.000516755972057581,0.07138560712337494,0.024037577211856842,0.01300928182899952,0.047078751027584076,,,,dqn_icm,cartpole,sparse,0.001,0.99,5,1.0
39,0.0,21,0.8796666666666667,0.00038014299934729934,0.0667237639427185,0.023301318287849426,0.010827046819031239,0.03855650871992111,,,,dqn_icm,cartpole,sparse,0.001,0.99,5,1.0
40,0.0,11,0.8765000000000001,0.00030332047026604414,0.06134805083274841,0.02179938368499279,0.010900482535362244,0.03943399339914322,,,,dqn_icm,cartpole,sparse,0.001,0.99,5,1.0
41,0.0,49,0.8733333333333333,8.230526145780459e-05,0.041080765426158905,0.010027509182691574,0.007486479822546244,0.027310509234666824,,,,dqn_icm,cartpole,sparse,0.001,0.99,5,1.0
42,0.0,44,0.8701666666666666,0.00010876906162593514,0.03171124681830406,0.01051810011267662,0.005560732912272215,0.020552758127450943,,,,dqn_icm,cartpole,sparse,0.001,0.99,5,1.0
43,0.0,20,0.867,6.488245708169416e-05,0.029842743650078773,0.008985369466245174,0.004691766109317541,0.017308875918388367,,,,dqn_icm,cartpole,sparse,0.001,0.99,5,1.0
44,0.0,32,0.8638333333333333,0.00014610268408432603,0.03266255185008049,0.011919577606022358,0.005350424442440271,0.020686980336904526,,,,dqn_icm,cartpole,sparse,0.001,0.99,5,1.0
45,0.0,23,0.8606666666666667,0.00012062359019182622,0.031001858413219452,0.01036938838660717,0.005051040090620518,0.019572429358959198,,,,dqn_icm,cartpole,sparse,0.001,0.99,5,1.0
46,0.0,18,0.8575,8.142025035340339e-05,0.03053833730518818,0.010726502165198326,0.0037463074550032616,0.013850674964487553,,,,dqn_icm,cartpole,sparse,0.001,0.99,5,1.0
47,0.0,32,0.8543333333333334,5.801650695502758e-05,0.026190873235464096,0.008204767480492592,0.0038989847525954247,0.014769318513572216,,,,dqn_icm,cartpole,sparse,0.001,0.99,5,1.0
48,0.0,11,0.8511666666666666,6.249840225791559e-05,0.026159757748246193,0.007683351170271635,0.0034311485942453146,0.012926837429404259,,,,dqn_icm,cartpole,sparse,0.001,0.99,5,1.0
49,0.0,17,0.848,6.801111885579303e-05,0.025791388005018234,0.007424559444189072,0.003687683492898941,0.013448270037770271,,,,dqn_icm,cartpole,sparse,0.001,0.99,5,1.0
50,0.0,31,0.8448333333333333,6.070915696909651e-05,0.02429695427417755,0.008254935964941978,0.00346158305183053,0.013884523883461952,0.0,0.0,9.6,dqn_icm,cartpole,sparse,0.001,0.99,5,1.0
51,0.0,11,0.8416666666666667,5.6249104090966284e-05,0.024153564125299454,0.007755343336611986,0.0027572563849389553,0.010285880416631699,,,,dqn_icm,cartpole,sparse,0.001,0.99,5,1.0
52,0.0,16,0.8385,7.098587229847908e-05,0.025310315191745758,0.00762166827917099,0.002904303139075637,0.010456984862685204,,,,dqn_icm,cartpole,sparse,0.001,0.99,5,1.0
53,0.0,11,0.8353333333333334,9.854993550106883e-05,0.02326463907957077,0.00973576307296753,0.003094669198617339,0.011295625939965248,,,,dqn_icm,cartpole,sparse,0.001,0.99,5,1.0
54,0.0,13,0.8321666666666667,2.889700044761412e-05,0.021088935434818268,0.00579846603795886,0.0027804900892078876,0.009634695947170258,,,,dqn_icm,cartpole,sparse,0.001,0.99,5,1.0
55,0.0,15,0.829,3.380568523425609e-05,0.020368117839097977,0.006279706954956055,0.00244325352832675,0.009205101057887077,,,,dqn_icm,cartpole,sparse,0.001,0.99,5,1.0
56,0.0,15,0.8258333333333334,5.574933311436325e-05,0.01993650570511818,0.007798264268785715,0.0024248845875263214,0.008734602481126785,,,,dqn_icm,cartpole,sparse,0.001,0.99,5,1.0
57,0.0,10,0.8226666666666667,2.4018656404223293e-05,0.020428840070962906,0.00566328689455986,0.0023950510658323765,0.008489531464874744,,,,dqn_icm,cartpole,sparse,0.001,0.99,5,1.0
58,0.0,12,0.8195,4.967190034221858e-05,0.022559061646461487,0.006937832571566105,0.0022425916977226734,0.00788685493171215,,,,dqn_icm,cartpole,sparse,0.001,0.99,5,1.0
59,0.0,20,0.8163333333333334,6.46435291855596e-05,0.02079969272017479,0.008003631606698036,0.0024558918084949255,0.008862443268299103,,,,dqn_icm,cartpole,sparse,0.001,0.99,5,1.0
60,0.0,17,0.8131666666666667,2.2663431082037278e-05,0.01894409954547882,0.0053382087498903275,0.0022359578870236874,0.00819648802280426,,,,dqn_icm,cartpole,sparse,0.001,0.99,5,1.0
61,0.0,16,0.81,5.2904480980942026e-05,0.018501484766602516,0.006419803015887737,0.0021962905302643776,0.008583588525652885,,,,dqn_icm,cartpole,sparse,0.001,0.99,5,1.0
62,0.0,23,0.8068333333333333,3.448889765422791e-05,0.018509460613131523,0.006092619150876999,0.002058948390185833,0.007732860743999481,,,,dqn_icm,cartpole,sparse,0.001,0.99,5,1.0
63,0.0,13,0.8036666666666666,4.0397673728875816e-05,0.018764447420835495,0.005880772136151791,0.0019220400135964155,0.007034505717456341,,,,dqn_icm,cartpole,sparse,0.001,0.99,5,1.0
64,0.0,32,0.8005,2.5632743927417323e-05,0.02067510038614273,0.005323776043951511,0.0017866954440250993,0.006592445075511932,,,,dqn_icm,cartpole,sparse,0.001,0.99,5,1.0
65,0.0,24,0.7973333333333333,2.935825068561826e-05,0.018840869888663292,0.005851875990629196,0.002173858694732189,0.008771952241659164,,,,dqn_icm,cartpole,sparse,0.001,0.99,5,1.0
66,0.0,11,0.7941666666666667,3.726160866790451e-05,0.01977606862783432,0.005442080087959766,0.0015868181362748146,0.0058359913527965546,,,,dqn_icm,cartpole,sparse,0.001,0.99,5,1.0
67,0.0,16,0.791,4.599883686751127e-05,0.02021826058626175,0.006146763451397419,0.00219501624815166,0.008769559673964977,,,,dqn_icm,cartpole,sparse,0.001,0.99,5,1.0
68,0.0,44,0.7878333333333334,2.501097333151847e-05,0.01668788120150566,0.0056419819593429565,0.0015263758832588792,0.005951147060841322,,,,dqn_icm,cartpole,sparse,0.001,0.99,5,1.0
69,0.0,10,0.7846666666666666,2.0392821170389652e-05,0.017476709559559822,0.004941905848681927,0.0016167456051334739,0.0060621025040745735,,,,dqn_icm,cartpole,sparse,0.001,0.99,5,1.0
70,0.0,25,0.7815,3.5272307286504656e-05,0.01776440441608429,0.005543932784348726,0.0016975782345980406,0.0067472574301064014,,,,dqn_icm,cartpole,sparse,0.001,0.99,5,1.0
71,0.0,10,0.7783333333333333,2.494315594958607e-05,0.016450917348265648,0.004794509150087833,0.0014934444334357977,0.005873662885278463,,,,dqn_icm,cartpole,sparse,0.001,0.99,5,1.0
72,0.0,13,0.7751666666666667,5.0681555876508355e-05,0.020871423184871674,0.005481783766299486,0.0017168443882837892,0.006847685668617487,,,,dqn_icm,cartpole,sparse,0.001,0.99,5,1.0
73,0.0,16,0.772,1.702509689494036e-05,0.02020401880145073,0.004337943159043789,0.001623934251256287,0.0062993294559419155,,,,dqn_icm,cartpole,sparse,0.001,0.99,5,1.0
74,0.0,14,0.7688333333333334,3.5224962630309165e-05,0.01902186870574951,0.0047316960990428925,0.0014879187801852822,0.005882080644369125,,,,dqn_icm,cartpole,sparse,0.001,0.99,5,1.0
75,0.0,38,0.7656666666666667,3.05337380268611e-05,0.018687831237912178,0.005028164945542812,0.001544325496070087,0.006158778443932533,,,,dqn_icm,cartpole,sparse,0.001,0.99,5,1.0
76,0.0,16,0.7625,2.1024363377364352e-05,0.01640942133963108,0.0046165380626916885,0.0016823329497128725,0.006636534817516804,,,,dqn_icm,cartpole,sparse,0.001,0.99,5,1.0
77,0.0,9,0.7593333333333333,4.3038136936957017e-05,0.019916493445634842,0.006008943542838097,0.001524170394986868,0.006283651106059551,,,,dqn_icm,cartpole,sparse,0.001,0.99,5,1.0
78,0.0,15,0.7561666666666667,4.3202606320846826e-05,0.020744619891047478,0.005895138718187809,0.0013899413170292974,0.005398883018642664,,,,dqn_icm,cartpole,sparse,0.001,0.99,5,1.0
79,0.0,13,0.753,3.061173629248515e-05,0.018878724426031113,0.005543451756238937,0.0014578562695533037,0.005719339940696955,,,,dqn_icm,cartpole,sparse,0.001,0.99,5,1.0
80,0.0,11,0.7498333333333334,2.194122498622164e-05,0.017548400908708572,0.004628165625035763,0.0015918355202302337,0.006422911770641804,,,,dqn_icm,cartpole,sparse,0.001,0.99,5,1.0
81,0.0,15,0.7466666666666667,2.8673810447799042e-05,0.01899218186736107,0.004823215771466494,0.0015618145698681474,0.006443067453801632,,,,dqn_icm,cartpole,sparse,0.001,0.99,5,1.0
82,0.0,10,0.7435,1.8446989997755736e-05,0.01958777941763401,0.004477987065911293,0.001453598728403449,0.005980325862765312,,,,dqn_icm,cartpole,sparse,0.001,0.99,5,1.0
83,0.0,22,0.7403333333333333,2.8337701223790646e-05,0.021248070523142815,0.004814141429960728,0.0014127306640148163,0.005784045439213514,,,,dqn_icm,cartpole,sparse,0.001,0.99,5,1.0
84,0.0,9,0.7371666666666667,3.0195074941730127e-05,0.021330084651708603,0.005225386470556259,0.0015165446093305945,0.006351723335683346,,,,dqn_icm,cartpole,sparse,0.001,0.99,5,1.0
85,0.0,28,0.734,2.924250475189183e-05,0.01767098531126976,0.004225278273224831,0.0012880860595032573,0.0052618226036429405,,,,dqn_icm,cartpole,sparse,0.001,0.99,5,1.0
86,0.0,29,0.7308333333333333,3.529957393766381e-05,0.018245454877614975,0.005372969433665276,0.0013211556943133473,0.005559360608458519,,,,dqn_icm,cartpole,sparse,0.001,0.99,5,1.0
87,0.0,12,0.7276666666666667,2.2856938812765293e-05,0.01659838855266571,0.004729459062218666,0.0013254102086648345,0.005359111353754997,,,,dqn_icm,cartpole,sparse,0.001,0.99,5,1.0
88,0.0,11,0.7245,2.7397809390095063e-05,0.01688251830637455,0.005122101865708828,0.0013161267852410674,0.005338638089597225,,,,dqn_icm,cartpole,sparse,0.001,0.99,5,1.0
89,0.0,10,0.7213333333333334,5.604005855275318e-05,0.01948445662856102,0.006966281682252884,0.0013571083545684814,0.005600481294095516,,,,dqn_icm,cartpole,sparse,0.001,0.99,5,1.0
90,0.0,19,0.7181666666666666,2.191146086261142e-05,0.014399759471416473,0.004386524669826031,0.0014344429364427924,0.006427633576095104,,,,dqn_icm,cartpole,sparse,0.001,0.99,5,1.0
91,0.0,11,0.7150000000000001,3.1821797165321186e-05,0.016260318458080292,0.0043974826112389565,0.001295608002692461,0.005199996754527092,,,,dqn_icm,cartpole,sparse,0.001,0.99,5,1.0
92,0.0,13,0.7118333333333333,1.999824416998308e-05,0.018747523427009583,0.0047750575467944145,0.00144355115480721,0.006083837244659662,,,,dqn_icm,cartpole,sparse,0.001,0.99,5,1.0
93,0.0,13,0.7086666666666668,3.662552990135737e-05,0.016481371596455574,0.0047629959881305695,0.0013207823503762484,0.00580450939014554,,,,dqn_icm,cartpole,sparse,0.001,0.99,5,1.0
94,0.0,14,0.7055,6.685468542855233e-05,0.018336867913603783,0.006046248599886894,0.0013530912110581994,0.00584369944408536,,,,dqn_icm,cartpole,sparse,0.001,0.99,5,1.0
95,0.0,16,0.7023333333333333,8.231319952756166e-05,0.020059548318386078,0.006681484170258045,0.0010038400068879128,0.004177791066467762,,,,dqn_icm,cartpole,sparse,0.001,0.99,5,1.0
96,0.0,21,0.6991666666666667,2.4552664399379864e-05,0.018180664628744125,0.004911232274025679,0.001357545959763229,0.005691898986697197,,,,dqn_icm,cartpole,sparse,0.001,0.99,5,1.0
97,0.0,12,0.696,3.106272924924269e-05,0.018912572413682938,0.005488067865371704,0.0013491661520674825,0.005714119412004948,,,,dqn_icm,cartpole,sparse,0.001,0.99,5,1.0
98,0.0,15,0.6928333333333334,2.2640382667304948e-05,0.017703905701637268,0.004350489005446434,0.0011428159195929766,0.004722481593489647,,,,dqn_icm,cartpole,sparse,0.001,0.99,5,1.0
99,0.0,15,0.6896666666666667,4.839129178435542e-05,0.019828666001558304,0.005445799324661493,0.0012933589750900865,0.0052597858011722565,,,,dqn_icm,cartpole,sparse,0.001,0.99,5,1.0
100,0.0,9,0.6865,2.058343670796603e-05,0.01870100200176239,0.003943870775401592,0.0012764247367158532,0.005457029677927494,0.0,0.0,9.6,dqn_icm,cartpole,sparse,0.001,0.99,5,1.0
101,0.0,10,0.6833333333333333,7.233550422824919e-05,0.023618753999471664,0.005732336081564426,0.0010279895504936576,0.0042079538106918335,,,,dqn_icm,cartpole,sparse,0.001,0.99,5,1.0
102,0.0,26,0.6801666666666667,2.8546975954668596e-05,0.018907878547906876,0.004549049772322178,0.001068115932866931,0.004568877629935741,,,,dqn_icm,cartpole,sparse,0.001,0.99,5,1.0
103,0.0,17,0.677,1.8669294149731286e-05,0.016226179897785187,0.003882335964590311,0.0011568287154659629,0.004998822696506977,,,,dqn_icm,cartpole,sparse,0.001,0.99,5,1.0
104,0.0,9,0.6738333333333333,6.169714470161125e-05,0.02185698039829731,0.006465253420174122,0.001241843681782484,0.005354859866201878,,,,dqn_icm,cartpole,sparse,0.001,0.99,5,1.0
105,0.0,20,0.6706666666666667,2.8446345822885633e-05,0.01765858754515648,0.004272087477147579,0.0010229293256998062,0.004269050434231758,,,,dqn_icm,cartpole,sparse,0.001,0.99,5,1.0
106,0.0,11,0.6675,3.2837655453477055e-05,0.018954604864120483,0.004979107528924942,0.0010758867720142007,0.004645983688533306,,,,dqn_icm,cartpole,sparse,0.001,0.99,5,1.0
107,0.0,40,0.6643333333333333,5.715003499062732e-05,0.020381145179271698,0.005662540439516306,0.001165405148640275,0.0049823978915810585,,,,dqn_icm,cartpole,sparse,0.001,0.99,5,1.0
108,0.0,21,0.6611666666666667,2.423578735033516e-05,0.018877536058425903,0.0046726372092962265,0.0011701619951054454,0.00489195017144084,,,,dqn_icm,cartpole,sparse,0.001,0.99,5,1.0
109,0.0,11,0.658,2.2705280571244657e-05,0.017968466505408287,0.004142065066844225,0.0009736005449667573,0.0041998643428087234,,,,dqn_icm,cartpole,sparse,0.001,0.99,5,1.0
110,0.0,16,0.6548333333333334,1.7170526916743256e-05,0.013779155910015106,0.003379154484719038,0.0009451726218685508,0.004139338620007038,,,,dqn_icm,cartpole,sparse,0.001,0.99,5,1.0
111,0.0,17,0.6516666666666667,2.7293113816995174e-05,0.016910463571548462,0.004765150137245655,0.0009524505585432053,0.004082744475454092,,,,dqn_icm,cartpole,sparse,0.001,0.99,5,1.0
112,0.0,17,0.6485000000000001,7.30230676708743e-05,0.020166363567113876,0.005920411087572575,0.0012096344726160169,0.005366354249417782,,,,dqn_icm,cartpole,sparse,0.001,0.99,5,1.0
113,0.0,29,0.6453333333333333,6.798630056437105e-05,0.021768689155578613,0.00564526068046689,0.0009486802155151963,0.0040440745651721954,,,,dqn_icm,cartpole,sparse,0.001,0.99,5,1.0
114,0.0,11,0.6421666666666668,1.0437001947138924e-05,0.019074460491538048,0.003548448206856847,0.0009388245525769889,0.004109982401132584,,,,dqn_icm,cartpole,sparse,0.001,0.99,5,1.0
115,0.0,17,0.639,4.0169899875763804e-05,0.01634635217487812,0.003835726995021105,0.0008823751122690737,0.00366453779861331,,,,dqn_icm,cartpole,sparse,0.001,0.99,5,1.0
116,0.0,10,0.6358333333333333,1.728700772218872e-05,0.019297100603580475,0.003980688750743866,0.0007525486871600151,0.003141410183161497,,,,dqn_icm,cartpole,sparse,0.001,0.99,5,1.0
117,0.0,17,0.6326666666666667,3.844184539048001e-05,0.01878233253955841,0.004835066385567188,0.0010119403013959527,0.004303751513361931,,,,dqn_icm,cartpole,sparse,0.001,0.99,5,1.0
118,0.0,14,0.6295,2.774211679934524e-05,0.01729395240545273,0.0045395782217383385,0.0009921422461047769,0.004387448541820049,,,,dqn_icm,cartpole,sparse,0.001,0.99,5,1.0
119,0.0,20,0.6263333333333334,2.8578868295880966e-05,0.0185839906334877,0.004173167049884796,0.0008782947552390397,0.003877011127769947,,,,dqn_icm,cartpole,sparse,0.001,0.99,5,1.0
120,0.0,11,0.6231666666666666,6.51142499918933e-06,0.019386041909456253,0.0026852518785744905,0.0007877161260694265,0.0033254274167120457,,,,dqn_icm,cartpole,sparse,0.001,0.99,5,1.0
121,0.0,20,0.62,3.935395216103643e-05,0.019110403954982758,0.004971168003976345,0.0009849061025306582,0.004261264577507973,,,,dqn_icm,cartpole,sparse,0.001,0.99,5,1.0
122,0.0,17,0.6168333333333333,1.4523227036988828e-05,0.01696891337633133,0.0036285314708948135,0.0009640363859944046,0.004261672031134367,,,,dqn_icm,cartpole,sparse,0.001,0.99,5,1.0
123,0.0,11,0.6136666666666667,5.199644510867074e-05,0.01864706724882126,0.0048427889123559,0.0008564417948946357,0.003740984247997403,,,,dqn_icm,cartpole,sparse,0.001,0.99,5,1.0
124,0.0,9,0.6105,6.047825809218921e-05,0.019333720207214355,0.0049629006534814835,0.0009218158666044474,0.0040494948625564575,,,,dqn_icm,cartpole,sparse,0.001,0.99,5,1.0
125,0.0,10,0.6073333333333333,5.2743642299901694e-05,0.019206572324037552,0.004904737696051598,0.0007840219186618924,0.0033484413288533688,,,,dqn_icm,cartpole,sparse,0.001,0.99,5,1.0
126,0.0,14,0.6041666666666667,1.56575879373122e-05,0.01840381696820259,0.0035492856986820698,0.000901500869076699,0.004018746316432953,,,,dqn_icm,cartpole,sparse,0.001,0.99,5,1.0
127,0.0,9,0.601,3.294647467555478e-05,0.017564337700605392,0.004005237482488155,0.0008406644337810576,0.0036602788604795933,,,,dqn_icm,cartpole,sparse,0.001,0.99,5,1.0
128,0.0,13,0.5978333333333333,6.190172280184925e-05,0.01887383684515953,0.005541193764656782,0.0009670058498159051,0.0042274342849850655,,,,dqn_icm,cartpole,sparse,0.001,0.99,5,1.0
129,0.0,15,0.5946666666666667,1.3214530554250814e-05,0.01455647312104702,0.003019366879016161,0.0008134452509693801,0.003572269342839718,,,,dqn_icm,cartpole,sparse,0.001,0.99,5,1.0
130,0.0,15,0.5915,1.4054567145649344e-05,0.016879387199878693,0.003630583407357335,0.0007941864314489067,0.0034472602419555187,,,,dqn_icm,cartpole,sparse,0.001,0.99,5,1.0
131,0.0,11,0.5883333333333334,4.269091732567176e-05,0.018727516755461693,0.004596807528287172,0.0007213808712549508,0.003155011683702469,,,,dqn_icm,cartpole,sparse,0.001,0.99,5,1.0
132,0.0,14,0.5851666666666667,1.474247983423993e-05,0.01785752922296524,0.0037358268164098263,0.0006860893336124718,0.002975424751639366,,,,dqn_icm,cartpole,sparse,0.001,0.99,5,1.0
133,0.0,14,0.5820000000000001,1.052460356731899e-05,0.018283285200595856,0.0034144714009016752,0.0007695451495237648,0.0033219384495168924,,,,dqn_icm,cartpole,sparse,0.001,0.99,5,1.0
134,0.0,10,0.5788333333333333,6.999538891250268e-05,0.018595634028315544,0.00558717455714941,0.0007610021275468171,0.003406464122235775,,,,dqn_icm,cartpole,sparse,0.001,0.99,5,1.0
135,0.0,11,0.5756666666666668,3.1570481951348484e-05,0.015577375888824463,0.0043410081416368484,0.0008078940445557237,0.0035304315388202667,,,,dqn_icm,cartpole,sparse,0.001,0.99,5,1.0
136,0.0,13,0.5725,1.716975384624675e-05,0.015233626589179039,0.004197139758616686,0.0009554213611409068,0.004224631004035473,,,,dqn_icm,cartpole,sparse,0.001,0.99,5,1.0
137,0.0,16,0.5693333333333334,2.9459306460921653e-05,0.01420021615922451,0.00632990337908268,0.0006943950429558754,0.003044446464627981,,,,dqn_icm,cartpole,sparse,0.001,0.99,5,1.0
138,0.0,11,0.5661666666666667,1.9710951164597645e-05,0.019162852317094803,0.0050371685065329075,0.0008203582838177681,0.00357969943434,,,,dqn_icm,cartpole,sparse,0.001,0.99,5,1.0
139,0.0,11,0.563,5.706873344024643e-05,0.023825671523809433,0.0052338289096951485,0.0008580821449868381,0.00377214839681983,,,,dqn_icm,cartpole,sparse,0.001,0.99,5,1.0
140,0.0,29,0.5598333333333334,3.264205952291377e-05,0.025127561762928963,0.004332263022661209,0.001136270584538579,0.005238683894276619,,,,dqn_icm,cartpole,sparse,0.001,0.99,5,1.0
141,0.0,49,0.5566666666666666,2.968921762658283e-05,0.02528197690844536,0.005183420609682798,0.0013020322658121586,0.006023385562002659,,,,dqn_icm,cartpole,sparse,0.001,0.99,5,1.0
142,0.0,14,0.5535000000000001,3.293724148534238e-05,0.026772119104862213,0.005505492445081472,0.0015156262088567019,0.007143761962652206,,,,dqn_icm,cartpole,sparse,0.001,0.99,5,1.0
143,0.0,15,0.5503333333333333,0.00025275087682530284,0.028122086077928543,0.014841647818684578,0.004023408051580191,0.019735943526029587,,,,dqn_icm,cartpole,sparse,0.001,0.99,5,1.0
144,0.0,12,0.5471666666666667,7.461411587428302e-05,0.03142855688929558,0.0076697031036019325,0.001045512268319726,0.004801045171916485,,,,dqn_icm,cartpole,sparse,0.001,0.99,5,1.0
145,0.0,27,0.544,1.5131889995245729e-05,0.030072849243879318,0.0038902030792087317,0.0016062064096331596,0.007577023468911648,,,,dqn_icm,cartpole,sparse,0.001,0.99,5,1.0
146,0.0,15,0.5408333333333333,1.713095116429031e-05,0.02763708494603634,0.004449187777936459,0.0008426891290582716,0.0037960351910442114,,,,dqn_icm,cartpole,sparse,0.001,0.99,5,1.0
147,0.0,10,0.5376666666666667,8.175307448254898e-05,0.03186915069818497,0.0060110557824373245,0.0022684228606522083,0.010818026028573513,,,,dqn_icm,cartpole,sparse,0.001,0.99,5,1.0
148,0.0,11,0.5345,4.319906292948872e-05,0.02510022185742855,0.005383387673646212,0.0007941349176689982,0.003574809990823269,,,,dqn_icm,cartpole,sparse,0.001,0.99,5,1.0
149,0.0,11,0.5313333333333333,5.592741945292801e-05,0.024110104888677597,0.005511264782398939,0.0013108038110658526,0.006109070032835007,,,,dqn_icm,cartpole,sparse,0.001,0.99,5,1.0
150,0.0,16,0.5281666666666667,2.3204644094221294e-05,0.024512887001037598,0.003776902798563242,0.001043297816067934,0.004838878754526377,0.0,0.0,11.8,dqn_icm,cartpole,sparse,0.001,0.99,5,1.0
151,0.0,12,0.525,6.045008376531769e-06,0.02408830262720585,0.0025741050485521555,0.0006992217968218029,0.0030961320735514164,,,,dqn_icm,cartpole,sparse,0.001,0.99,5,1.0
152,0.0,17,0.5218333333333334,1.883411459857598e-05,0.024897057563066483,0.0033779116347432137,0.0011409741127863526,0.0052795615047216415,,,,dqn_icm,cartpole,sparse,0.001,0.99,5,1.0
153,0.0,11,0.5186666666666666,1.5291509043890983e-05,0.023426314815878868,0.0029084424022585154,0.0008805549005046487,0.0039948695339262486,,,,dqn_icm,cartpole,sparse,0.001,0.99,5,1.0
154,0.0,12,0.5155000000000001,2.7107667847303674e-05,0.02387426048517227,0.003393928986042738,0.0006524073542095721,0.0028426731005311012,,,,dqn_icm,cartpole,sparse,0.001,0.99,5,1.0
155,0.0,12,0.5123333333333333,6.943596872588387e-06,0.02157609723508358,0.0025705238804221153,0.0008066624286584556,0.003683805465698242,,,,dqn_icm,cartpole,sparse,0.001,0.99,5,1.0
156,0.0,9,0.5091666666666667,3.669796569738537e-05,0.024060014635324478,0.0053303600288927555,0.0009318156517110765,0.004278010688722134,,,,dqn_icm,cartpole,sparse,0.001,0.99,5,1.0
157,0.0,14,0.506,1.3409781786322128e-05,0.024137137457728386,0.002905625384300947,0.0008328788680955768,0.0038241117727011442,,,,dqn_icm,cartpole,sparse,0.001,0.99,5,1.0
158,0.0,12,0.5028333333333334,2.3067779693519697e-05,0.022694669663906097,0.0033672931604087353,0.0006643988308496773,0.0028436221182346344,,,,dqn_icm,cartpole,sparse,0.001,0.99,5,1.0
159,0.0,10,0.4996666666666667,2.6077199436258525e-05,0.02447742037475109,0.0034735752269625664,0.0006971182301640511,0.0030900398269295692,,,,dqn_icm,cartpole,sparse,0.001,0.99,5,1.0
160,0.0,10,0.49650000000000005,2.099056109727826e-05,0.021965477615594864,0.004011091776192188,0.0007530961302109063,0.003401713678613305,,,,dqn_icm,cartpole,sparse,0.001,0.99,5,1.0
161,0.0,33,0.4933333333333334,4.478420305531472e-05,0.024628648534417152,0.0055237808264791965,0.0007441340130753815,0.003315015695989132,,,,dqn_icm,cartpole,sparse,0.001,0.99,5,1.0
162,0.0,12,0.49016666666666675,2.6163699658354744e-05,0.0233940239995718,0.004139074124395847,0.0006381283747032285,0.00276501988992095,,,,dqn_icm,cartpole,sparse,0.001,0.99,5,1.0
163,0.0,17,0.487,1.3279820450406987e-05,0.02604256197810173,0.003595502581447363,0.0006057904101908207,0.002674453193321824,,,,dqn_icm,cartpole,sparse,0.001,0.99,5,1.0
164,0.0,12,0.48383333333333334,1.9401941244723275e-05,0.02418716624379158,0.003985974472016096,0.0005992501974105835,0.002643867861479521,,,,dqn_icm,cartpole,sparse,0.001,0.99,5,1.0
165,0.0,12,0.4806666666666667,5.9512280131457373e-05,0.025027137249708176,0.00615073274821043,0.0008105753222480416,0.003717913758009672,,,,dqn_icm,cartpole,sparse,0.001,0.99,5,1.0
166,0.0,13,0.47750000000000004,1.5295348930521868e-05,0.02441003918647766,0.0037921848706901073,0.0007646954036317766,0.0033645210787653923,,,,dqn_icm,cartpole,sparse,0.001,0.99,5,1.0
167,0.0,11,0.4743333333333334,2.042245978373103e-05,0.025016427040100098,0.004186833277344704,0.0008862780523486435,0.004086934961378574,,,,dqn_icm,cartpole,sparse,0.001,0.99,5,1.0
168,0.0,11,0.47116666666666673,3.685006595333107e-05,0.022002503275871277,0.004860295914113522,0.0010324664181098342,0.004756334237754345,,,,dqn_icm,cartpole,sparse,0.001,0.99,5,1.0
169,0.0,9,0.46799999999999997,9.995752407121472e-06,0.024751709774136543,0.0029323603957891464,0.0007601354154758155,0.0034488309174776077,,,,dqn_icm,cartpole,sparse,0.001,0.99,5,1.0
170,0.0,27,0.4648333333333333,4.233811705489643e-05,0.023816822096705437,0.0055129434913396835,0.0008312045829370618,0.003771766321733594,,,,dqn_icm,cartpole,sparse,0.001,0.99,5,1.0
171,0.0,14,0.46166666666666667,2.4441356799798086e-05,0.021947752684354782,0.0047408235259354115,0.0006215398316271603,0.0027349311858415604,,,,dqn_icm,cartpole,sparse,0.001,0.99,5,1.0
172,0.0,28,0.4585,3.006247970915865e-05,0.02304072678089142,0.004285263363271952,0.0005597051349468529,0.0024616848677396774,,,,dqn_icm,cartpole,sparse,0.001,0.99,5,1.0
173,0.0,11,0.45533333333333337,9.266470442526042e-06,0.02208218351006508,0.0030458997935056686,0.0005984859890304506,0.002585508394986391,,,,dqn_icm,cartpole,sparse,0.001,0.99,5,1.0
174,0.0,16,0.4521666666666667,2.5272185666835867e-05,0.023179572075605392,0.004018033854663372,0.0006753528723493218,0.0028781569562852383,,,,dqn_icm,cartpole,sparse,0.001,0.99,5,1.0
175,0.0,10,0.44900000000000007,3.2319068850483745e-05,0.02578720636665821,0.004391378723084927,0.0006715465569868684,0.0030077043920755386,,,,dqn_icm,cartpole,sparse,0.001,0.99,5,1.0
176,0.0,11,0.4458333333333333,5.264187711873092e-05,0.022674525156617165,0.005057831760495901,0.0009330869070254266,0.004315942991524935,,,,dqn_icm,cartpole,sparse,0.001,0.99,5,1.0
177,0.0,10,0.44266666666666665,3.331790503580123e-05,0.024148788303136826,0.004091282840818167,0.0006149170803837478,0.002755745779722929,,,,dqn_icm,cartpole,sparse,0.001,0.99,5,1.0
178,0.0,19,0.4395,1.2766658983309753e-05,0.022352298721671104,0.003437431761994958,0.0006151072448119521,0.002769108396023512,,,,dqn_icm,cartpole,sparse,0.001,0.99,5,1.0
179,0.0,9,0.43633333333333335,3.1881827453617007e-05,0.022597819566726685,0.004263498820364475,0.0006231527077034116,0.002819409128278494,,,,dqn_icm,cartpole,sparse,0.001,0.99,5,1.0
180,0.0,13,0.4331666666666667,2.8655349524342455e-05,0.023528549820184708,0.0046685729175806046,0.0006264447583816946,0.002823442220687866,,,,dqn_icm,cartpole,sparse,0.001,0.99,5,1.0
181,0.0,12,0.43000000000000005,1.5190667909337208e-05,0.02378878742456436,0.0034561154898256063,0.000825210940092802,0.003828538116067648,,,,dqn_icm,cartpole,sparse,0.001,0.99,5,1.0
182,0.0,12,0.4268333333333333,2.1533553081098944e-05,0.024477722123265266,0.004116141237318516,0.0007297919946722686,0.0033704866655170918,,,,dqn_icm,cartpole,sparse,0.001,0.99,5,1.0
183,0.0,11,0.42366666666666664,1.0879363799176645e-05,0.02330760657787323,0.0029179328121244907,0.0007015966111794114,0.0032233260571956635,,,,dqn_icm,cartpole,sparse,0.001,0.99,5,1.0
184,0.0,15,0.4205,2.1956722775939852e-05,0.022740446031093597,0.0036618709564208984,0.0006844688323326409,0.003093848004937172,,,,dqn_icm,cartpole,sparse,0.001,0.99,5,1.0
185,0.0,11,0.41733333333333344,1.0678504622774199e-05,0.02277442440390587,0.0030098927672952414,0.0007789463852532208,0.003557235235348344,,,,dqn_icm,cartpole,sparse,0.001,0.99,5,1.0
186,0.0,12,0.4141666666666667,3.1346255127573386e-05,0.024659324437379837,0.004422607831656933,0.0006405533640645444,0.0028824512846767902,,,,dqn_icm,cartpole,sparse,0.001,0.99,5,1.0
187,0.0,10,0.41100000000000003,2.1655265300069004e-05,0.02613944560289383,0.004029096104204655,0.0009567849338054657,0.004488881677389145,,,,dqn_icm,cartpole,sparse,0.001,0.99,5,1.0
188,0.0,12,0.4078333333333334,1.1820240615634248e-05,0.024624016135931015,0.003325437195599079,0.0006742167170159519,0.0030571757815778255,,,,dqn_icm,cartpole,sparse,0.001,0.99,5,1.0
189,0.0,12,0.4046666666666666,4.741782322525978e-05,0.02399427443742752,0.005453845486044884,0.0006314305937848985,0.002865939401090145,,,,dqn_icm,cartpole,sparse,0.001,0.99,5,1.0
190,0.0,19,0.4015000000000001,7.289929271792062e-06,0.025132616981863976,0.0027360799722373486,0.000681769335642457,0.003153157653287053,,,,dqn_icm,cartpole,sparse,0.001,0.99,5,1.0
191,0.0,15,0.39833333333333343,7.229916263895575e-06,0.0229831263422966,0.0024405773729085922,0.0007282225415110588,0.003318055998533964,,,,dqn_icm,cartpole,sparse,0.001,0.99,5,1.0
192,0.0,13,0.39516666666666667,1.2523732948466204e-05,0.02346017397940159,0.002971519250422716,0.0007126101991161704,0.0033019082620739937,,,,dqn_icm,cartpole,sparse,0.001,0.99,5,1.0
193,0.0,10,0.392,9.788531315280125e-06,0.027272310107946396,0.0029651422519236803,0.0006245668046176434,0.002819967921823263,,,,dqn_icm,cartpole,sparse,0.001,0.99,5,1.0
194,0.0,9,0.38883333333333336,3.284633203293197e-05,0.024425877258181572,0.0043907156214118,0.0005613000248558819,0.002516448963433504,,,,dqn_icm,cartpole,sparse,0.001,0.99,5,1.0
195,0.0,10,0.3856666666666667,2.047561611107085e-05,0.023367002606391907,0.0036474736407399178,0.0005254815914668143,0.002349977847188711,,,,dqn_icm,cartpole,sparse,0.001,0.99,5,1.0
196,0.0,21,0.38250000000000006,2.3744021746097133e-05,0.02709701843559742,0.0036950050853192806,0.0005386715056374669,0.0024738784413784742,,,,dqn_icm,cartpole,sparse,0.001,0.99,5,1.0
197,0.0,10,0.3793333333333334,1.551927562104538e-05,0.024917487055063248,0.003406642936170101,0.0005567868938669562,0.0025310018099844456,,,,dqn_icm,cartpole,sparse,0.001,0.99,5,1.0
198,0.0,11,0.37616666666666676,1.7501844922662713e-05,0.02220446988940239,0.003374781459569931,0.0005203170003369451,0.002312621334567666,,,,dqn_icm,cartpole,sparse,0.001,0.99,5,1.0
199,0.0,14,0.373,6.280171510297805e-05,0.024765003472566605,0.0055991909466683865,0.00045693351421505213,0.002033449010923505,,,,dqn_icm,cartpole,sparse,0.001,0.99,5,1.0
200,0.0,16,0.36983333333333335,2.8830545488744974e-05,0.023078715428709984,0.005059416405856609,0.0005990939098410308,0.0026990710757672787,0.0,0.0,9.6,dqn_icm,cartpole,sparse,0.001,0.99,5,1.0
201,0.0,14,0.3666666666666667,4.258600529283285e-05,0.02246052771806717,0.005655537825077772,0.000584068417083472,0.0026607634499669075,,,,dqn_icm,cartpole,sparse,0.001,0.99,5,1.0
202,0.0,10,0.36350000000000005,1.3762490198132582e-05,0.02479231357574463,0.002852057572454214,0.0004976215423084795,0.002233357634395361,,,,dqn_icm,cartpole,sparse,0.001,0.99,5,1.0
203,0.0,13,0.3603333333333334,1.2965275345777627e-05,0.02343170903623104,0.0033611541148275137,0.0005068869795650244,0.0022825305350124836,,,,dqn_icm,cartpole,sparse,0.001,0.99,5,1.0
204,0.0,12,0.35716666666666674,2.1262956579448655e-05,0.0249505452811718,0.003497130237519741,0.0004939120262861252,0.0022569051943719387,,,,dqn_icm,cartpole,sparse,0.001,0.99,5,1.0
205,0.0,9,0.354,5.299057374941185e-05,0.023297611624002457,0.005521947517991066,0.0005429193843156099,0.002459980547428131,,,,dqn_icm,cartpole,sparse,0.001,0.99,5,1.0
206,0.0,13,0.35083333333333333,2.0279207092244178e-05,0.022753816097974777,0.0036579868756234646,0.0006248074350878596,0.0028792708180844784,,,,dqn_icm,cartpole,sparse,0.001,0.99,5,1.0
207,0.0,9,0.3476666666666667,1.8977851141244173e-05,0.02240207977592945,0.003513120114803314,0.0005745574017055333,0.0026251294184476137,,,,dqn_icm,cartpole,sparse,0.001,0.99,5,1.0
208,0.0,12,0.34450000000000003,1.6176996723515913e-05,0.020620055496692657,0.0033316360786557198,0.0005523712025023997,0.002534404629841447,,,,dqn_icm,cartpole,sparse,0.001,0.99,5,1.0
209,0.0,21,0.3413333333333334,3.3564105251571164e-05,0.021016255021095276,0.004204992204904556,0.0004373148549348116,0.0019909220281988382,,,,dqn_icm,cartpole,sparse,0.001,0.99,5,1.0
210,0.0,14,0.3381666666666667,2.9914139304310083e-05,0.02392953261733055,0.004107888787984848,0.00042796030174940825,0.0019315129611641169,,,,dqn_icm,cartpole,sparse,0.001,0.99,5,1.0
211,0.0,10,0.3350000000000001,2.3751321350573562e-05,0.023309240117669106,0.003997922874987125,0.0005209809169173241,0.0023450730368494987,,,,dqn_icm,cartpole,sparse,0.001,0.99,5,1.0
212,0.0,12,0.3318333333333333,3.099197056144476e-05,0.02513893134891987,0.004766966216266155,0.0006149677792564034,0.002874850295484066,,,,dqn_icm,cartpole,sparse,0.001,0.99,5,1.0
213,0.0,10,0.32866666666666666,3.05776484310627e-05,0.023289211094379425,0.004812299273908138,0.0005473080091178417,0.0025001780595630407,,,,dqn_icm,cartpole,sparse,0.001,0.99,5,1.0
214,0.0,16,0.3255,2.5897441446431912e-05,0.02593742124736309,0.004330751486122608,0.0005172360106371343,0.0023378520272672176,,,,dqn_icm,cartpole,sparse,0.001,0.99,5,1.0
215,0.0,10,0.32233333333333336,1.445138332201168e-05,0.024692682549357414,0.003550858236849308,0.000536321836989373,0.0024969088844954967,,,,dqn_icm,cartpole,sparse,0.001,0.99,5,1.0
216,0.0,19,0.3191666666666667,1.7737636881065555e-05,0.02718980610370636,0.0036418898962438107,0.0005310660926625133,0.002448264043778181,,,,dqn_icm,cartpole,sparse,0.001,0.99,5,1.0
217,0.0,14,0.31600000000000006,1.8004426237894222e-05,0.023833978921175003,0.0032437474001199007,0.00045827883877791464,0.002058578422293067,,,,dqn_icm,cartpole,sparse,0.001,0.99,5,1.0
218,0.0,10,0.3128333333333333,2.0896977730444632e-05,0.022768501192331314,0.003880344331264496,0.000437778711784631,0.00196703034453094,,,,dqn_icm,cartpole,sparse,0.001,0.99,5,1.0
219,0.0,11,0.30966666666666665,1.3119569302944e-05,0.022037487477064133,0.003338906913995743,0.00043974132859148085,0.0019944417290389538,,,,dqn_icm,cartpole,sparse,0.001,0.99,5,1.0
220,0.0,11,0.3065,2.8173599275760353e-05,0.02292604371905327,0.004368557594716549,0.00045233816490508616,0.0020400211215019226,,,,dqn_icm,cartpole,sparse,0.001,0.99,5,1.0
221,0.0,9,0.30333333333333345,1.144620000559371e-05,0.023771002888679504,0.0031458584126085043,0.0005109885241836309,0.002341036219149828,,,,dqn_icm,cartpole,sparse,0.001,0.99,5,1.0
222,0.0,10,0.3001666666666667,2.1803734853165224e-05,0.02415354736149311,0.0032820659689605236,0.000478161295177415,0.002199162496253848,,,,dqn_icm,cartpole,sparse,0.001,0.99,5,1.0
223,0.0,13,0.29700000000000004,4.637729944079183e-06,0.0240384079515934,0.0020852251909673214,0.0004185596772003919,0.0019351583905518055,,,,dqn_icm,cartpole,sparse,0.001,0.99,5,1.0
224,0.0,11,0.2938333333333334,3.496223143883981e-05,0.02201998606324196,0.004205907694995403,0.00045851076720282435,0.0020908964797854424,,,,dqn_icm,cartpole,sparse,0.001,0.99,5,1.0
225,0.0,11,0.29066666666666663,2.6711881218943745e-05,0.026028763502836227,0.0045410948805511,0.000560371030587703,0.00253151822835207,,,,dqn_icm,cartpole,sparse,0.001,0.99,5,1.0
226,0.0,10,0.2875000000000001,1.307230195379816e-05,0.023097259923815727,0.002882901579141617,0.000426059850724414,0.0019383123144507408,,,,dqn_icm,cartpole,sparse,0.001,0.99,5,1.0
227,0.0,9,0.28433333333333344,2.2642952899332158e-05,0.021906612440943718,0.0044244155287742615,0.0005358881317079067,0.002398196142166853,,,,dqn_icm,cartpole,sparse,0.001,0.99,5,1.0
228,0.0,10,0.2811666666666667,2.5047193048521876e-05,0.02359670400619507,0.004115364979952574,0.00044784307829104364,0.0020485548302531242,,,,dqn_icm,cartpole,sparse,0.001,0.99,5,1.0
229,0.0,10,0.278,1.6670601326040924e-05,0.02188504859805107,0.0034966813400387764,0.0005375972832553089,0.0024731261655688286,,,,dqn_icm,cartpole,sparse,0.001,0.99,5,1.0
230,0.0,10,0.2748333333333334,2.1604442736133933e-05,0.02309495024383068,0.003677371423691511,0.0004233828221913427,0.00194808398373425,,,,dqn_icm,cartpole,sparse,0.001,0.99,5,1.0
231,0.0,14,0.2716666666666666,2.2006812287145294e-05,0.026180703192949295,0.0036474736407399178,0.0005020722164772451,0.0023230831138789654,,,,dqn_icm,cartpole,sparse,0.001,0.99,5,1.0
232,0.0,11,0.26850000000000007,3.073708285228349e-05,0.02473011240363121,0.0039097280241549015,0.0005325243109837174,0.002462811768054962,,,,dqn_icm,cartpole,sparse,0.001,0.99,5,1.0
233,0.0,10,0.2653333333333334,1.538287142466288e-05,0.02386556565761566,0.0033049301709979773,0.00041643824079073966,0.0018683893140405416,,,,dqn_icm,cartpole,sparse,0.001,0.99,5,1.0
234,0.0,9,0.26216666666666677,2.6788336981553584e-05,0.021199315786361694,0.003313658991828561,0.0004750230291392654,0.0021508526988327503,,,,dqn_icm,cartpole,sparse,0.001,0.99,5,1.0
235,0.0,14,0.259,2.8580196158145554e-05,0.023015134036540985,0.004746165592223406,0.00047644777805544436,0.0021766622085124254,,,,dqn_icm,cartpole,sparse,0.001,0.99,5,1.0
236,0.0,14,0.25583333333333336,3.158565959893167e-05,0.024272732436656952,0.0035258636344224215,0.0004755058325827122,0.002206717152148485,,,,dqn_icm,cartpole,sparse,0.001,0.99,5,1.0
237,0.0,12,0.2526666666666667,1.2375695405353326e-05,0.02312011644244194,0.002780686831101775,0.0004810282844118774,0.0021988949738442898,,,,dqn_icm,cartpole,sparse,0.001,0.99,5,1.0
238,0.0,11,0.24950000000000006,4.278288906789385e-05,0.02464863285422325,0.004855746403336525,0.000825792842078954,0.003966392949223518,,,,dqn_icm,cartpole,sparse,0.001,0.99,5,1.0
239,0.0,8,0.2463333333333334,1.570342828927096e-05,0.025421615689992905,0.003227821085602045,0.0004658776451833546,0.002186113502830267,,,,dqn_icm,cartpole,sparse,0.001,0.99,5,1.0
240,0.0,9,0.24316666666666675,1.90129539987538e-05,0.025039758533239365,0.00371140637435019,0.00046359762200154364,0.002122097183018923,,,,dqn_icm,cartpole,sparse,0.001,0.99,5,1.0
241,0.0,10,0.24,3.2684733014320955e-05,0.022725261747837067,0.0038755727000534534,0.00044203022844158113,0.0020161676220595837,,,,dqn_icm,cartpole,sparse,0.001,0.99,5,1.0
242,0.0,9,0.23683333333333334,1.2944351510668639e-05,0.022852566093206406,0.002915458520874381,0.0004854172293562442,0.002242893446236849,,,,dqn_icm,cartpole,sparse,0.001,0.99,5,1.0
243,0.0,10,0.2336666666666667,3.5487726563587785e-05,0.02195654809474945,0.005181881599128246,0.00044693483505398035,0.0020422404631972313,,,,dqn_icm,cartpole,sparse,0.001,0.99,5,1.0
244,0.0,13,0.23050000000000004,3.9334772736765444e-05,0.024803129956126213,0.005588227417320013,0.0005103616276755929,0.002325191395357251,,,,dqn_icm,cartpole,sparse,0.001,0.99,5,1.0
245,0.0,10,0.2273333333333334,3.964607458328828e-05,0.024428479373455048,0.004663689527660608,0.00043754070065915585,0.0020018559880554676,,,,dqn_icm,cartpole,sparse,0.001,0.99,5,1.0
246,0.0,10,0.22416666666666674,4.049529161420651e-05,0.028687704354524612,0.004556059371680021,0.00042303765076212585,0.001902995863929391,,,,dqn_icm,cartpole,sparse,0.001,0.99,5,1.0
247,0.0,14,0.22100000000000009,1.841376069933176e-05,0.024409299716353416,0.003401053138077259,0.00036354828625917435,0.0016636932268738747,,,,dqn_icm,cartpole,sparse,0.001,0.99,5,1.0
248,0.0,10,0.21783333333333332,4.4153315684525296e-05,0.02470533363521099,0.0052171009592711926,0.0004457086033653468,0.002054393058642745,,,,dqn_icm,cartpole,sparse,0.001,0.99,5,1.0
249,0.0,11,0.21466666666666667,2.3606116883456707e-05,0.024303793907165527,0.003937422297894955,0.0004918675986118615,0.0022803153842687607,,,,dqn_icm,cartpole,sparse,0.001,0.99,5,1.0
250,0.0,9,0.21150000000000002,1.7327958630630746e-05,0.02448204904794693,0.00362676614895463,0.00048692189739085734,0.0022881757467985153,0.0,0.0,9.6,dqn_icm,cartpole,sparse,0.001,0.99,5,1.0
251,0.0,12,0.20833333333333337,5.077094829175621e-05,0.022965583950281143,0.005002685822546482,0.0004182390694040805,0.0019401272293180227,,,,dqn_icm,cartpole,sparse,0.001,0.99,5,1.0
252,0.0,11,0.20516666666666672,3.282395482528955e-05,0.02317819744348526,0.003980601206421852,0.00037542133941315114,0.001727767288684845,,,,dqn_icm,cartpole,sparse,0.001,0.99,5,1.0
253,0.0,10,0.20200000000000007,2.48558590101311e-05,0.029126176610589027,0.004190060310065746,0.0005406821146607399,0.002516862703487277,,,,dqn_icm,cartpole,sparse,0.001,0.99,5,1.0
254,0.0,11,0.1988333333333333,4.222829738864675e-05,0.025458747521042824,0.00481965858489275,0.00047750273370184004,0.0022086850367486477,,,,dqn_icm,cartpole,sparse,0.001,0.99,5,1.0
255,0.0,9,0.19566666666666666,1.7664679035078734e-05,0.02397587150335312,0.003287848550826311,0.00043140677735209465,0.0019765659235417843,,,,dqn_icm,cartpole,sparse,0.001,0.99,5,1.0
256,0.0,10,0.1925,1.6443860658910125e-05,0.023599376901984215,0.003471875563263893,0.00039633599226363003,0.0018184526124969125,,,,dqn_icm,cartpole,sparse,0.001,0.99,5,1.0
257,0.0,9,0.18933333333333335,1.5174762665992603e-05,0.024773910641670227,0.0027444479055702686,0.00044366129441186786,0.0020402674563229084,,,,dqn_icm,cartpole,sparse,0.001,0.99,5,1.0
258,0.0,14,0.1861666666666667,3.2228490454144776e-05,0.0232252050191164,0.004400494508445263,0.0004578176885843277,0.0021325070410966873,,,,dqn_icm,cartpole,sparse,0.001,0.99,5,1.0
259,0.0,12,0.18300000000000005,2.0102896087337285e-05,0.025523297488689423,0.0038866593968123198,0.0005262349150143564,0.002480151131749153,,,,dqn_icm,cartpole,sparse,0.001,0.99,5,1.0
260,0.0,11,0.1798333333333334,3.1960888009052724e-05,0.02418382838368416,0.003788968315348029,0.00033902146969921887,0.0015547979855909944,,,,dqn_icm,cartpole,sparse,0.001,0.99,5,1.0
261,0.0,9,0.17666666666666664,2.3735476133879274e-05,0.025101670995354652,0.003963136579841375,0.0005510059418156743,0.0025681541301310062,,,,dqn_icm,cartpole,sparse,0.001,0.99,5,1.0
262,0.0,9,0.1735,5.1620532758533955e-05,0.02386441081762314,0.005801049992442131,0.00047728934441693127,0.0022081397473812103,,,,dqn_icm,cartpole,sparse,0.001,0.99,5,1.0
263,0.0,10,0.17033333333333345,1.6896539818844758e-05,0.021949835121631622,0.003592930268496275,0.0003760836261790246,0.0017228828510269523,,,,dqn_icm,cartpole,sparse,0.001,0.99,5,1.0
264,0.0,9,0.16716666666666669,2.5819113943725824e-05,0.02327173948287964,0.0044286251068115234,0.0004201203119009733,0.00195939838886261,,,,dqn_icm,cartpole,sparse,0.001,0.99,5,1.0
265,0.0,8,0.16400000000000003,2.229039091616869e-05,0.024067863821983337,0.0041808984242379665,0.0004499077331274748,0.0021113897673785686,,,,dqn_icm,cartpole,sparse,0.001,0.99,5,1.0
266,0.0,9,0.16083333333333338,1.7287391528952867e-05,0.024477267637848854,0.002994729205965996,0.0004036407044623047,0.0018719484796747565,,,,dqn_icm,cartpole,sparse,0.001,0.99,5,1.0
267,0.0,10,0.15766666666666662,2.8766757168341428e-05,0.02443845383822918,0.003859118092805147,0.00045419009984470904,0.002113892463967204,,,,dqn_icm,cartpole,sparse,0.001,0.99,5,1.0
268,0.0,8,0.15450000000000008,1.4852985259494744e-05,0.027761973440647125,0.003175757359713316,0.00037515643634833395,0.0017408374696969986,,,,dqn_icm,cartpole,sparse,0.001,0.99,5,1.0
269,0.0,8,0.15133333333333343,9.080268682737369e-06,0.025507653132081032,0.0024668308906257153,0.00039159858715720475,0.001815850380808115,,,,dqn_icm,cartpole,sparse,0.001,0.99,5,1.0
270,0.0,12,0.14816666666666678,2.5390116206835955e-05,0.02318614348769188,0.004115498624742031,0.00042459656833671033,0.001968934666365385,,,,dqn_icm,cartpole,sparse,0.001,0.99,5,1.0
271,0.0,10,0.14500000000000002,1.8690880096983165e-05,0.02589614875614643,0.003255629213526845,0.0005049239262007177,0.002383461222052574,,,,dqn_icm,cartpole,sparse,0.001,0.99,5,1.0
272,0.0,8,0.14183333333333337,3.707298674271442e-05,0.025423511862754822,0.004250414669513702,0.0005248342058621347,0.0024755022022873163,,,,dqn_icm,cartpole,sparse,0.001,0.99,5,1.0
273,0.0,11,0.13866666666666672,2.9505759812309407e-05,0.02505934238433838,0.004144767764955759,0.0005028833984397352,0.002336645731702447,,,,dqn_icm,cartpole,sparse,0.001,0.99,5,1.0
274,0.0,10,0.13550000000000006,2.6682528186938725e-05,0.026823218911886215,0.00386655330657959,0.00030342055833898485,0.0013815321726724505,,,,dqn_icm,cartpole,sparse,0.001,0.99,5,1.0
275,0.0,9,0.1323333333333334,3.234816176700406e-05,0.024907568469643593,0.004363640211522579,0.0003967852098867297,0.0018394442740827799,,,,dqn_icm,cartpole,sparse,0.001,0.99,5,1.0
276,0.0,10,0.12916666666666676,2.9009415811742656e-05,0.022221403196454048,0.004173398949205875,0.00035276098060421646,0.0016094438033178449,,,,dqn_icm,cartpole,sparse,0.001,0.99,5,1.0
277,0.0,10,0.126,1.586466714798007e-05,0.022237131372094154,0.003381952177733183,0.00033965782495215535,0.0015525110065937042,,,,dqn_icm,cartpole,sparse,0.001,0.99,5,1.0
278,0.0,10,0.12283333333333335,2.946186032204423e-05,0.023812010884284973,0.003901949618011713,0.00038463991950266063,0.0017923824489116669,,,,dqn_icm,cartpole,sparse,0.001,0.99,5,1.0
279,0.0,9,0.1196666666666667,2.2160698790685274e-05,0.024479441344738007,0.003729825373739004,0.00036946823820471764,0.0017107423627749085,,,,dqn_icm,cartpole,sparse,0.001,0.99,5,1.0
280,0.0,9,0.11650000000000005,2.0508392481133342e-05,0.024142254143953323,0.0033979667350649834,0.000364658102625981,0.0016792858950793743,,,,dqn_icm,cartpole,sparse,0.001,0.99,5,1.0
281,0.0,13,0.1133333333333334,8.200870070140809e-06,0.02634139358997345,0.002610846422612667,0.00047033047303557396,0.0021999587770551443,,,,dqn_icm,cartpole,sparse,0.001,0.99,5,1.0
282,0.0,12,0.11016666666666675,2.4411539925495163e-05,0.024020733311772346,0.0040448326617479324,0.00042784216930158436,0.0020075738430023193,,,,dqn_icm,cartpole,sparse,0.001,0.99,5,1.0
283,0.0,10,0.1070000000000001,2.2103415176388808e-05,0.02520931139588356,0.004102695267647505,0.0003893400134984404,0.0018198909237980843,,,,dqn_icm,cartpole,sparse,0.001,0.99,5,1.0
284,0.0,8,0.10383333333333333,3.3229123800992966e-05,0.02810743637382984,0.004399050492793322,0.00036898048711009324,0.0017181977164000273,,,,dqn_icm,cartpole,sparse,0.001,0.99,5,1.0
285,0.0,11,0.10066666666666668,2.5039647880475968e-05,0.026746798306703568,0.0034549450501799583,0.00031364968162961304,0.0014410072471946478,,,,dqn_icm,cartpole,sparse,0.001,0.99,5,1.0
286,0.0,12,0.09750000000000003,2.9816937967552803e-05,0.02401726320385933,0.004128762520849705,0.000406907987780869,0.0019320498686283827,,,,dqn_icm,cartpole,sparse,0.001,0.99,5,1.0
287,0.0,10,0.09433333333333338,2.4932887754403055e-05,0.023664012551307678,0.003905910300090909,0.00032839126652106643,0.001523044891655445,,,,dqn_icm,cartpole,sparse,0.001,0.99,5,1.0
288,0.0,11,0.09116666666666673,3.116275911452249e-05,0.024318877607584,0.004445490427315235,0.00042285918607376516,0.001983687514439225,,,,dqn_icm,cartpole,sparse,0.001,0.99,5,1.0
289,0.0,9,0.08800000000000008,2.0968454919056967e-05,0.02618260867893696,0.0035587456077337265,0.0004172478511463851,0.0019731391221284866,,,,dqn_icm,cartpole,sparse,0.001,0.99,5,1.0
290,0.0,9,0.08483333333333332,2.649714588187635e-05,0.024171337485313416,0.00433738436549902,0.0005346100660972297,0.0025410111993551254,,,,dqn_icm,cartpole,sparse,0.001,0.99,5,1.0
291,0.0,10,0.08166666666666667,1.855348818935454e-05,0.0250554196536541,0.0035189506597816944,0.0004187106969766319,0.00195428729057312,,,,dqn_icm,cartpole,sparse,0.001,0.99,5,1.0
292,0.0,9,0.07850000000000001,2.986301842611283e-05,0.023320093750953674,0.004568098578602076,0.00040296372026205063,0.0018873540684580803,,,,dqn_icm,cartpole,sparse,0.001,0.99,5,1.0
293,0.0,10,0.07533333333333336,3.40865517500788e-05,0.026948101818561554,0.005145479924976826,0.0005483514978550375,0.0026129367761313915,,,,dqn_icm,cartpole,sparse,0.001,0.99,5,1.0
294,0.0,8,0.07216666666666671,2.8675403882516548e-05,0.024758491665124893,0.0038218412082642317,0.00041062329546548426,0.0019348161295056343,,,,dqn_icm,cartpole,sparse,0.001,0.99,5,1.0
295,0.0,10,0.06900000000000006,2.6684976546675898e-05,0.026580125093460083,0.0038572298362851143,0.00033475778764113784,0.0015532684046775103,,,,dqn_icm,cartpole,sparse,0.001,0.99,5,1.0
296,0.0,9,0.06583333333333341,4.083140811417252e-05,0.028322583064436913,0.004723436199128628,0.0007282214355655015,0.003524520667269826,,,,dqn_icm,cartpole,sparse,0.001,0.99,5,1.0
297,0.0,9,0.06266666666666665,3.7459372833836824e-05,0.027045216411352158,0.005526786204427481,0.0009917373536154628,0.004798841197043657,,,,dqn_icm,cartpole,sparse,0.001,0.99,5,1.0
298,0.0,10,0.0595,3.91650028177537e-05,0.031792718917131424,0.005578202661126852,0.001499536563642323,0.007371424697339535,,,,dqn_icm,cartpole,sparse,0.001,0.99,5,1.0
299,0.0,10,0.05633333333333346,4.821192123927176e-05,0.03112376481294632,0.00572615209966898,0.0005172663950361311,0.002466407138854265,,,,dqn_icm,cartpole,sparse,0.001,0.99,5,1.0
300,0.0,9,0.053166666666666695,2.3963923013070598e-05,0.032701488584280014,0.004711302928626537,0.0018598015885800123,0.009169606491923332,0.0,0.0,9.6,dqn_icm,cartpole,sparse,0.001,0.99,5,1.0
301,0.0,9,0.050000000000000044,5.269721077638678e-05,0.03414638340473175,0.006629854440689087,0.0011112573556602001,0.005442472640424967,,,,dqn_icm,cartpole,sparse,0.001,0.99,5,1.0
302,0.0,9,0.050000000000000044,0.00024043471785262227,0.03983904793858528,0.014185553416609764,0.0004958920180797577,0.0023618009872734547,,,,dqn_icm,cartpole,sparse,0.001,0.99,5,1.0
303,0.0,22,0.050000000000000044,7.635829388163984e-05,0.030553553253412247,0.008643068373203278,0.000519538763910532,0.002436209935694933,,,,dqn_icm,cartpole,sparse,0.001,0.99,5,1.0
304,0.0,11,0.050000000000000044,6.726401625201106e-05,0.034328557550907135,0.005784064531326294,0.0004142113320995122,0.0019468405516818166,,,,dqn_icm,cartpole,sparse,0.001,0.99,5,1.0
305,0.0,10,0.050000000000000044,4.45405239588581e-05,0.03792582079768181,0.005735045298933983,0.0007901890785433352,0.0038201427087187767,,,,dqn_icm,cartpole,sparse,0.001,0.99,5,1.0
306,0.0,10,0.050000000000000044,5.02179391332902e-05,0.03887643292546272,0.005914747714996338,0.0005009962478652596,0.0023810933344066143,,,,dqn_icm,cartpole,sparse,0.001,0.99,5,1.0
307,0.0,9,0.050000000000000044,5.4428179282695055e-05,0.031621694564819336,0.007492823526263237,0.000554504047613591,0.002615462290123105,,,,dqn_icm,cartpole,sparse,0.001,0.99,5,1.0
308,0.0,10,0.050000000000000044,8.528550097253174e-05,0.032826028764247894,0.009332824498414993,0.0007010828121565282,0.0033637038432061672,,,,dqn_icm,cartpole,sparse,0.001,0.99,5,1.0
309,0.0,10,0.050000000000000044,4.224549775244668e-05,0.03227492421865463,0.005835766904056072,0.0003931759565602988,0.0018334232736378908,,,,dqn_icm,cartpole,sparse,0.001,0.99,5,1.0
310,0.0,10,0.050000000000000044,4.513277963269502e-05,0.03731349855661392,0.005687256343662739,0.0004835871222894639,0.0022910963743925095,,,,dqn_icm,cartpole,sparse,0.001,0.99,5,1.0
311,0.0,11,0.050000000000000044,3.825247040367685e-05,0.041111934930086136,0.004789013881236315,0.0004893140867352486,0.0023292982950806618,,,,dqn_icm,cartpole,sparse,0.001,0.99,5,1.0
312,0.0,11,0.050000000000000044,6.573396240128204e-05,0.03588614612817764,0.00706441467627883,0.0004565815324895084,0.0021849176846444607,,,,dqn_icm,cartpole,sparse,0.001,0.99,5,1.0
313,0.0,9,0.050000000000000044,5.6524389947298914e-05,0.03397597000002861,0.006910546217113733,0.0006411306676454842,0.003055657958611846,,,,dqn_icm,cartpole,sparse,0.001,0.99,5,1.0
314,0.0,10,0.050000000000000044,5.374676038627513e-05,0.032225292176008224,0.00682201748713851,0.0004450452688615769,0.0021134675480425358,,,,dqn_icm,cartpole,sparse,0.001,0.99,5,1.0
315,0.0,10,0.050000000000000044,4.975513002136722e-05,0.03664965182542801,0.00674847699701786,0.0006603591027669609,0.003156896447762847,,,,dqn_icm,cartpole,sparse,0.001,0.99,5,1.0
316,0.0,10,0.050000000000000044,7.017144525889307e-05,0.03521433845162392,0.006086708977818489,0.0004923599772155285,0.002347403671592474,,,,dqn_icm,cartpole,sparse,0.001,0.99,5,1.0
317,0.0,11,0.050000000000000044,3.9859311073087156e-05,0.03414812684059143,0.005396274849772453,0.0005676136934198439,0.0026926780119538307,,,,dqn_icm,cartpole,sparse,0.001,0.99,5,1.0
318,0.0,10,0.050000000000000044,3.636348628788255e-05,0.0336730070412159,0.004562191665172577,0.00046889783698134124,0.002222597599029541,,,,dqn_icm,cartpole,sparse,0.001,0.99,5,1.0
319,0.0,10,0.050000000000000044,5.965114542050287e-05,0.037972841411828995,0.005850012414157391,0.00043261394603177905,0.0020260089077055454,,,,dqn_icm,cartpole,sparse,0.001,0.99,5,1.0
320,0.0,9,0.050000000000000044,6.41235601506196e-05,0.033395085483789444,0.006741090677678585,0.0006152075948193669,0.002954176627099514,,,,dqn_icm,cartpole,sparse,0.001,0.99,5,1.0
321,0.0,10,0.050000000000000044,7.672273204661906e-05,0.03274630755186081,0.007071458734571934,0.0004525274271145463,0.0021186319645494223,,,,dqn_icm,cartpole,sparse,0.001,0.99,5,1.0
322,0.0,13,0.050000000000000044,4.583134432323277e-05,0.028680838644504547,0.005710582248866558,0.00033406217698939145,0.0015453349333256483,,,,dqn_icm,cartpole,sparse,0.001,0.99,5,1.0
323,0.0,9,0.050000000000000044,6.607030081795529e-05,0.034590497612953186,0.007454161532223225,0.00045366131234914064,0.0021308136638253927,,,,dqn_icm,cartpole,sparse,0.001,0.99,5,1.0
324,0.0,9,0.050000000000000044,5.602875171462074e-05,0.03915228694677353,0.0065896473824977875,0.0003624994424171746,0.0016674645012244582,,,,dqn_icm,cartpole,sparse,0.001,0.99,5,1.0
325,0.0,10,0.050000000000000044,8.888926822692156e-05,0.03733017295598984,0.00698991771787405,0.00045554115786217153,0.0021583777852356434,,,,dqn_icm,cartpole,sparse,0.001,0.99,5,1.0
326,0.0,10,0.050000000000000044,3.3392316254321486e-05,0.03358064591884613,0.004686468280851841,0.0004716173862107098,0.0022315760143101215,,,,dqn_icm,cartpole,sparse,0.001,0.99,5,1.0
327,0.0,10,0.050000000000000044,7.660247501917183e-05,0.03131929412484169,0.006498493254184723,0.0004610333126038313,0.0021763010881841183,,,,dqn_icm,cartpole,sparse,0.001,0.99,5,1.0
328,0.0,9,0.050000000000000044,2.449124258419033e-05,0.029718708246946335,0.00434876699000597,0.00040186685509979725,0.0018646440003067255,,,,dqn_icm,cartpole,sparse,0.001,0.99,5,1.0
329,0.0,10,0.050000000000000044,4.08313972002361e-05,0.032393358647823334,0.005375418812036514,0.0003555556759238243,0.0016666752053424716,,,,dqn_icm,cartpole,sparse,0.001,0.99,5,1.0
330,0.0,10,0.050000000000000044,4.8009842430474237e-05,0.02887040190398693,0.005137693602591753,0.00032876490149647,0.0015358803793787956,,,,dqn_icm,cartpole,sparse,0.001,0.99,5,1.0
331,0.0,13,0.050000000000000044,5.512228381121531e-05,0.033847011625766754,0.0053864289075136185,0.0003844860475510359,0.0018144713249057531,,,,dqn_icm,cartpole,sparse,0.001,0.99,5,1.0
332,0.0,10,0.050000000000000044,0.00010280578135279939,0.0349329337477684,0.008300084620714188,0.0003200763021595776,0.0014694298151880503,,,,dqn_icm,cartpole,sparse,0.001,0.99,5,1.0
333,0.0,8,0.050000000000000044,6.845105963293463e-05,0.03249230980873108,0.0071504805237054825,0.00039478426333516836,0.0018184278160333633,,,,dqn_icm,cartpole,sparse,0.001,0.99,5,1.0
334,0.0,8,0.050000000000000044,5.726111339754425e-05,0.030194813385605812,0.006344525143504143,0.0003288701409474015,0.0015342608094215393,,,,dqn_icm,cartpole,sparse,0.001,0.99,5,1.0
335,0.0,10,0.050000000000000044,4.3966843804810196e-05,0.030735522508621216,0.005196625832468271,0.0002969083725474775,0.0013865220826119184,,,,dqn_icm,cartpole,sparse,0.001,0.99,5,1.0
336,0.0,10,0.050000000000000044,5.3636234952136874e-05,0.03141801804304123,0.005834801122546196,0.0002776063047349453,0.0012778821401298046,,,,dqn_icm,cartpole,sparse,0.001,0.99,5,1.0
337,0.0,10,0.050000000000000044,4.380857353680767e-05,0.03323446214199066,0.005703503731638193,0.0004653581709135324,0.002220083959400654,,,,dqn_icm,cartpole,sparse,0.001,0.99,5,1.0
338,0.0,10,0.050000000000000044,0.00010523639502935112,0.03713507205247879,0.008614787831902504,0.0003886018821503967,0.001824649516493082,,,,dqn_icm,cartpole,sparse,0.001,0.99,5,1.0
339,0.0,8,0.050000000000000044,2.946559470728971e-05,0.03904889523983002,0.0041294521652162075,0.00036985508631914854,0.0017377848271280527,,,,dqn_icm,cartpole,sparse,0.001,0.99,5,1.0
340,0.0,9,0.050000000000000044,6.209507409948856e-05,0.03548556566238403,0.006062617059797049,0.00035953649785369635,0.0016852084081619978,,,,dqn_icm,cartpole,sparse,0.001,0.99,5,1.0
341,0.0,10,0.050000000000000044,3.770003604586236e-05,0.034443266689777374,0.004994323011487722,0.00032527410075999796,0.0015194099396467209,,,,dqn_icm,cartpole,sparse,0.001,0.99,5,1.0
342,0.0,10,0.050000000000000044,2.906252848333679e-05,0.03537033498287201,0.004451717250049114,0.0003660133806988597,0.0017324197106063366,,,,dqn_icm,cartpole,sparse,0.001,0.99,5,1.0
343,0.0,10,0.050000000000000044,4.6795983507763594e-05,0.03642166405916214,0.004881286062300205,0.0003223865060135722,0.001512780087068677,,,,dqn_icm,cartpole,sparse,0.001,0.99,5,1.0
344,0.0,8,0.050000000000000044,5.265270738163963e-05,0.036435723304748535,0.0055196769535541534,0.00039347479469142854,0.0018636174499988556,,,,dqn_icm,cartpole,sparse,0.001,0.99,5,1.0
345,0.0,9,0.050000000000000044,8.143443847075105e-05,0.03492402285337448,0.006999006029218435,0.00034261270775459707,0.0015892346855252981,,,,dqn_icm,cartpole,sparse,0.001,0.99,5,1.0
346,0.0,10,0.050000000000000044,5.700399924535304e-05,0.030778441578149796,0.006508689373731613,0.0003267996071372181,0.001511242357082665,,,,dqn_icm,cartpole,sparse,0.001,0.99,5,1.0
347,0.0,9,0.050000000000000044,3.47213790519163e-05,0.029451437294483185,0.004252876155078411,0.00033887408790178597,0.0015597532037645578,,,,dqn_icm,cartpole,sparse,0.001,0.99,5,1.0
348,0.0,10,0.050000000000000044,2.6906469429377466e-05,0.03456837683916092,0.004280576016753912,0.00036541357985697687,0.0017036861972883344,,,,dqn_icm,cartpole,sparse,0.001,0.99,5,1.0
349,0.0,8,0.050000000000000044,2.8961228963453323e-05,0.03849528729915619,0.0043410854414105415,0.000358838849933818,0.0016862652264535427,,,,dqn_icm,cartpole,sparse,0.001,0.99,5,1.0
350,0.0,12,0.050000000000000044,3.71947608073242e-05,0.03722100704908371,0.005147393327206373,0.00034778783447109163,0.001642752205953002,0.0,0.0,9.6,dqn_icm,cartpole,sparse,0.001,0.99,5,1.0
351,0.0,9,0.050000000000000044,4.6679437218699604e-05,0.03141774237155914,0.00581709761172533,0.0003372137143742293,0.0015319458907470107,,,,dqn_icm,cartpole,sparse,0.001,0.99,5,1.0
352,0.0,11,0.050000000000000044,6.38936908217147e-05,0.03386576473712921,0.007111023645848036,0.0004384708881843835,0.0021027836482971907,,,,dqn_icm,cartpole,sparse,0.001,0.99,5,1.0
353,0.0,13,0.050000000000000044,4.755524423671886e-05,0.03358367830514908,0.006161166355013847,0.0004960040678270161,0.002346625318750739,,,,dqn_icm,cartpole,sparse,0.001,0.99,5,1.0
354,0.0,9,0.050000000000000044,8.67360649863258e-05,0.04068075865507126,0.007307401858270168,0.0006689450237900019,0.003234545700252056,,,,dqn_icm,cartpole,sparse,0.001,0.99,5,1.0
355,0.0,10,0.050000000000000044,6.11217474215664e-05,0.03933084011077881,0.006420628167688847,0.0006512126419693232,0.003132264595478773,,,,dqn_icm,cartpole,sparse,0.001,0.99,5,1.0
356,0.0,10,0.050000000000000044,6.020798900863156e-05,0.03126989305019379,0.007365324068814516,0.000759426795411855,0.003670488717034459,,,,dqn_icm,cartpole,sparse,0.001,0.99,5,1.0
357,0.0,11,0.050000000000000044,5.202487955102697e-05,0.03138009458780289,0.006730386521667242,0.0005105386371724308,0.002411400433629751,,,,dqn_icm,cartpole,sparse,0.001,0.99,5,1.0
358,0.0,10,0.050000000000000044,4.4218337279744446e-05,0.03408198058605194,0.0051889847964048386,0.0005332942819222808,0.002545146504417062,,,,dqn_icm,cartpole,sparse,0.001,0.99,5,1.0
359,0.0,10,0.050000000000000044,7.202643610071391e-05,0.042114853858947754,0.0063428739085793495,0.0005923452554270625,0.0028593107126653194,,,,dqn_icm,cartpole,sparse,0.001,0.99,5,1.0
360,0.0,10,0.050000000000000044,3.89295892091468e-05,0.03020154871046543,0.005113593302667141,0.0004215688968542963,0.001996145350858569,,,,dqn_icm,cartpole,sparse,0.001,0.99,5,1.0
361,0.0,9,0.050000000000000044,3.879762516589835e-05,0.03322668373584747,0.004761974327266216,0.0003564752987585962,0.0016698578838258982,,,,dqn_icm,cartpole,sparse,0.001,0.99,5,1.0
362,0.0,10,0.050000000000000044,2.9384991648839787e-05,0.030469641089439392,0.0038244202733039856,0.00039281262434087694,0.001850382424890995,,,,dqn_icm,cartpole,sparse,0.001,0.99,5,1.0
363,0.0,10,0.050000000000000044,4.3278738303342834e-05,0.036630913615226746,0.005080343224108219,0.00040775761590339243,0.00194525346159935,,,,dqn_icm,cartpole,sparse,0.001,0.99,5,1.0
364,0.0,9,0.050000000000000044,3.6594785342458636e-05,0.03515932708978653,0.004738963674753904,0.0005030990578234196,0.0024006967432796955,,,,dqn_icm,cartpole,sparse,0.001,0.99,5,1.0
365,0.0,10,0.050000000000000044,7.451498095178977e-05,0.03585667163133621,0.006826602853834629,0.0006318954401649535,0.003022058866918087,,,,dqn_icm,cartpole,sparse,0.001,0.99,5,1.0
366,0.0,8,0.050000000000000044,5.227982182987034e-05,0.038163818418979645,0.006756491959095001,0.0003773260395973921,0.0017668548971414566,,,,dqn_icm,cartpole,sparse,0.001,0.99,5,1.0
367,0.0,9,0.050000000000000044,3.707447103806771e-05,0.03599213436245918,0.005209595896303654,0.0004267134063411504,0.002016756683588028,,,,dqn_icm,cartpole,sparse,0.001,0.99,5,1.0
368,0.0,9,0.050000000000000044,4.3377345718909055e-05,0.037593089044094086,0.00522072147578001,0.0003078078443650156,0.0014518373645842075,,,,dqn_icm,cartpole,sparse,0.001,0.99,5,1.0
369,0.0,9,0.050000000000000044,4.261438880348578e-05,0.034434959292411804,0.005114479921758175,0.0004399459867272526,0.00208965502679348,,,,dqn_icm,cartpole,sparse,0.001,0.99,5,1.0
370,0.0,10,0.050000000000000044,5.857773794559762e-05,0.03359966725111008,0.0062786489725112915,0.0007516832556575537,0.0036413075868040323,,,,dqn_icm,cartpole,sparse,0.001,0.99,5,1.0
371,0.0,9,0.050000000000000044,3.6647135857492685e-05,0.03932672739028931,0.005114641506224871,0.0007883932557888329,0.0038240982685238123,,,,dqn_icm,cartpole,sparse,0.001,0.99,5,1.0
372,0.0,9,0.050000000000000044,0.00013180868700146675,0.04117561876773834,0.009119433350861073,0.0012938372092321515,0.00635358365252614,,,,dqn_icm,cartpole,sparse,0.001,0.99,5,1.0
373,0.0,10,0.050000000000000044,4.243573494022712e-05,0.04145718365907669,0.005210432223975658,0.00056042819051072,0.002699516713619232,,,,dqn_icm,cartpole,sparse,0.001,0.99,5,1.0
374,0.0,10,0.050000000000000044,3.397474574740045e-05,0.035292789340019226,0.005590789020061493,0.000564835499972105,0.002703448524698615,,,,dqn_icm,cartpole,sparse,0.001,0.99,5,1.0
375,0.0,10,0.050000000000000044,3.258001015638001e-05,0.035657308995723724,0.005521875806152821,0.0005029422463849187,0.002404725644737482,,,,dqn_icm,cartpole,sparse,0.001,0.99,5,1.0
376,0.0,11,0.050000000000000044,6.537167064379901e-05,0.03478991240262985,0.005756413098424673,0.0005467823939397931,0.002623330568894744,,,,dqn_icm,cartpole,sparse,0.001,0.99,5,1.0
377,0.0,10,0.050000000000000044,3.15047764161136e-05,0.03660021349787712,0.004084519110620022,0.00042003020644187927,0.0020081214606761932,,,,dqn_icm,cartpole,sparse,0.001,0.99,5,1.0
378,0.0,9,0.050000000000000044,1.609662467672024e-05,0.037484310567379,0.004001230001449585,0.0007136370404623449,0.003468138165771961,,,,dqn_icm,cartpole,sparse,0.001,0.99,5,1.0
379,0.0,9,0.050000000000000044,3.0951057851780206e-05,0.035290881991386414,0.004391454625874758,0.0007098368951119483,0.0034482739865779877,,,,dqn_icm,cartpole,sparse,0.001,0.99,5,1.0
380,0.0,8,0.050000000000000044,4.8484442231711e-05,0.036990970373153687,0.006044527515769005,0.0006152010173536837,0.0029818592593073845,,,,dqn_icm,cartpole,sparse,0.001,0.99,5,1.0
381,0.0,10,0.050000000000000044,6.360239058267325e-05,0.03674307465553284,0.006055197678506374,0.0005606263293884695,0.0027019528206437826,,,,dqn_icm,cartpole,sparse,0.001,0.99,5,1.0
382,0.0,9,0.050000000000000044,2.1312731405487284e-05,0.036372117698192596,0.0033760361839085817,0.0006108508096076548,0.00295094377361238,,,,dqn_icm,cartpole,sparse,0.001,0.99,5,1.0
383,0.0,9,0.050000000000000044,2.7061134460382164e-05,0.036398064345121384,0.004685894586145878,0.0009011697256937623,0.004411465022712946,,,,dqn_icm,cartpole,sparse,0.001,0.99,5,1.0
384,0.0,9,0.050000000000000044,3.425439354032278e-05,0.037765420973300934,0.004782833158969879,0.000718935567419976,0.00349227711558342,,,,dqn_icm,cartpole,sparse,0.001,0.99,5,1.0
385,0.0,9,0.050000000000000044,4.778170114150271e-05,0.042016200721263885,0.00625024177134037,0.0005543142324313521,0.002653166651725769,,,,dqn_icm,cartpole,sparse,0.001,0.99,5,1.0
386,0.0,9,0.050000000000000044,4.6733151975786313e-05,0.03992070257663727,0.005944387521594763,0.0006822836003266275,0.0032980344258248806,,,,dqn_icm,cartpole,sparse,0.001,0.99,5,1.0
387,0.0,10,0.050000000000000044,7.221034320537001e-05,0.03608871251344681,0.006775855552405119,0.0005183717585168779,0.0024848533794283867,,,,dqn_icm,cartpole,sparse,0.001,0.99,5,1.0
388,0.0,8,0.050000000000000044,2.7228001272305846e-05,0.037023164331912994,0.005350359249860048,0.00046980829210951924,0.00222160667181015,,,,dqn_icm,cartpole,sparse,0.001,0.99,5,1.0
389,0.0,10,0.050000000000000044,4.758738214150071e-05,0.03437698259949684,0.0053211720660328865,0.0005866600549779832,0.0028402870520949364,,,,dqn_icm,cartpole,sparse,0.001,0.99,5,1.0
390,0.0,8,0.050000000000000044,5.5101751058828086e-05,0.039477333426475525,0.0068833790719509125,0.0009234058088622987,0.004484065342694521,,,,dqn_icm,cartpole,sparse,0.001,0.99,5,1.0
391,0.0,10,0.050000000000000044,6.45612963126041e-05,0.038235004991292953,0.006717937998473644,0.0007584994309581816,0.0036927638575434685,,,,dqn_icm,cartpole,sparse,0.001,0.99,5,1.0
392,0.0,10,0.050000000000000044,4.6647786803077906e-05,0.03859226778149605,0.006016923114657402,0.0008778607589192688,0.004290121607482433,,,,dqn_icm,cartpole,sparse,0.001,0.99,5,1.0
393,0.0,9,0.050000000000000044,5.010458335164003e-05,0.04172752797603607,0.006085812114179134,0.000547687232028693,0.002654691692441702,,,,dqn_icm,cartpole,sparse,0.001,0.99,5,1.0
394,0.0,10,0.050000000000000044,3.507281871861778e-05,0.0392502136528492,0.005739908665418625,0.0007823592168278992,0.003805803833529353,,,,dqn_icm,cartpole,sparse,0.001,0.99,5,1.0
395,0.0,11,0.050000000000000044,3.680522058857605e-05,0.039627641439437866,0.004774664528667927,0.0009446372860111296,0.0046207113191485405,,,,dqn_icm,cartpole,sparse,0.001,0.99,5,1.0
396,0.0,9,0.050000000000000044,2.8656882932409644e-05,0.03804301470518112,0.004319403320550919,0.0007686301833018661,0.003733462654054165,,,,dqn_icm,cartpole,sparse,0.001,0.99,5,1.0
397,0.0,11,0.050000000000000044,6.302359543042257e-05,0.0362454354763031,0.006690412759780884,0.0007276246324181557,0.0035122535191476345,,,,dqn_icm,cartpole,sparse,0.001,0.99,5,1.0
398,0.0,9,0.050000000000000044,4.790966340806335e-05,0.029639832675457,0.006293514743447304,0.0005838540964759886,0.0028090467676520348,,,,dqn_icm,cartpole,sparse,0.001,0.99,5,1.0
399,0.0,9,0.050000000000000044,5.312342182151042e-05,0.03640277683734894,0.006581729743629694,0.0003720828681252897,0.001745005021803081,,,,dqn_icm,cartpole,sparse,0.001,0.99,5,1.0
400,0.0,10,0.050000000000000044,3.272874891990796e-05,0.03570785000920296,0.0051911501213908195,0.0004123890830669552,0.0019586507696658373,0.0,0.0,9.6,dqn_icm,cartpole,sparse,0.001,0.99,5,1.0
401,0.0,10,0.050000000000000044,3.328071397845633e-05,0.03501175343990326,0.005727536045014858,0.000357348209945485,0.0016676061786711216,,,,dqn_icm,cartpole,sparse,0.001,0.99,5,1.0
402,0.0,9,0.050000000000000044,5.5986725783441216e-05,0.03703971579670906,0.00605760095641017,0.0003388318291399628,0.0015897317789494991,,,,dqn_icm,cartpole,sparse,0.001,0.99,5,1.0
403,0.0,12,0.050000000000000044,3.386718890396878e-05,0.0319044403731823,0.004436560906469822,0.00038852542638778687,0.0018373504281044006,,,,dqn_icm,cartpole,sparse,0.001,0.99,5,1.0
404,0.0,11,0.050000000000000044,4.0415812691207975e-05,0.0377780944108963,0.004957749508321285,0.00043777559767477214,0.0020783115178346634,,,,dqn_icm,cartpole,sparse,0.001,0.99,5,1.0
405,0.0,9,0.050000000000000044,3.2413874578196555e-05,0.03642520308494568,0.0042348564602434635,0.00029414056916721165,0.0013859746977686882,,,,dqn_icm,cartpole,sparse,0.001,0.99,5,1.0
406,0.0,9,0.050000000000000044,3.3640244510024786e-05,0.03464306890964508,0.004795887973159552,0.0003838583652395755,0.0017981603741645813,,,,dqn_icm,cartpole,sparse,0.001,0.99,5,1.0
407,0.0,9,0.050000000000000044,3.2416814065072685e-05,0.03276932239532471,0.0049001057632267475,0.00038756473804824054,0.0018525889609009027,,,,dqn_icm,cartpole,sparse,0.001,0.99,5,1.0
408,0.0,9,0.050000000000000044,4.21338809246663e-05,0.02957695722579956,0.005012182518839836,0.0003577561292331666,0.001675844774581492,,,,dqn_icm,cartpole,sparse,0.001,0.99,5,1.0
409,0.0,9,0.050000000000000044,3.5330136597622186e-05,0.035867974162101746,0.004615624435245991,0.0006633008597418666,0.003207338973879814,,,,dqn_icm,cartpole,sparse,0.001,0.99,5,1.0
410,0.0,9,0.050000000000000044,4.1066494304686785e-05,0.03608208894729614,0.005308112129569054,0.0004881718195974827,0.0023468921426683664,,,,dqn_icm,cartpole,sparse,0.001,0.99,5,1.0
411,0.0,8,0.050000000000000044,4.160340904491022e-05,0.04119374603033066,0.00570752564817667,0.0005141337751410902,0.002484122756868601,,,,dqn_icm,cartpole,sparse,0.001,0.99,5,1.0
412,0.0,9,0.050000000000000044,4.166834696661681e-05,0.040408406406641006,0.0060969083569943905,0.0008567015756852925,0.004173075780272484,,,,dqn_icm,cartpole,sparse,0.001,0.99,5,1.0
413,0.0,10,0.050000000000000044,5.4558659030590206e-05,0.03823991119861603,0.005811206065118313,0.0003282773250248283,0.0015258132480084896,,,,dqn_icm,cartpole,sparse,0.001,0.99,5,1.0
414,0.0,9,0.050000000000000044,2.222244074800983e-05,0.03449947386980057,0.0038365903310477734,0.0004504640237428248,0.002176055684685707,,,,dqn_icm,cartpole,sparse,0.001,0.99,5,1.0
415,0.0,9,0.050000000000000044,4.651137351174839e-05,0.0312594398856163,0.006517619825899601,0.00036494588130153716,0.0017254578415304422,,,,dqn_icm,cartpole,sparse,0.001,0.99,5,1.0
416,0.0,8,0.050000000000000044,3.818531695287675e-05,0.035971492528915405,0.004997183568775654,0.00040949162212200463,0.0019245087169110775,,,,dqn_icm,cartpole,sparse,0.001,0.99,5,1.0
417,0.0,10,0.050000000000000044,1.4243016266846098e-05,0.03467769920825958,0.0038624885492026806,0.00034156665788032115,0.0016046279342845082,,,,dqn_icm,cartpole,sparse,0.001,0.99,5,1.0
418,0.0,10,0.050000000000000044,5.330722706275992e-05,0.03795859217643738,0.005441004876047373,0.00030907601467333734,0.001441131578758359,,,,dqn_icm,cartpole,sparse,0.001,0.99,5,1.0
419,0.0,10,0.050000000000000044,5.3662828577216715e-05,0.0384933203458786,0.0058029210194945335,0.0004144577542319894,0.001983492635190487,,,,dqn_icm,cartpole,sparse,0.001,0.99,5,1.0
420,0.0,9,0.050000000000000044,3.3979114959947765e-05,0.0352896973490715,0.005500887520611286,0.0004047691763844341,0.0019220260437577963,,,,dqn_icm,cartpole,sparse,0.001,0.99,5,1.0
421,0.0,9,0.050000000000000044,5.04080016980879e-05,0.03553967922925949,0.005848927889019251,0.00043867086060345173,0.002050109440460801,,,,dqn_icm,cartpole,sparse,0.001,0.99,5,1.0
422,0.0,10,0.050000000000000044,2.4071234292932786e-05,0.03916482999920845,0.004381570033729076,0.0003849719068966806,0.001808913890272379,,,,dqn_icm,cartpole,sparse,0.001,0.99,5,1.0
423,0.0,10,0.050000000000000044,4.006733433925547e-05,0.03333725780248642,0.004855030216276646,0.00033586594508960843,0.001570983324199915,,,,dqn_icm,cartpole,sparse,0.001,0.99,5,1.0
424,0.0,11,0.050000000000000044,2.758443952188827e-05,0.03166625648736954,0.004349230322986841,0.0003145150258205831,0.0014847179409116507,,,,dqn_icm,cartpole,sparse,0.001,0.99,5,1.0
425,0.0,9,0.050000000000000044,4.7805260692257434e-05,0.03039710968732834,0.006126344203948975,0.00038693510578013957,0.0018411856144666672,,,,dqn_icm,cartpole,sparse,0.001,0.99,5,1.0
426,0.0,11,0.050000000000000044,7.538823410868645e-06,0.0330205000936985,0.002629254013299942,0.0003275160270277411,0.0015307239955291152,,,,dqn_icm,cartpole,sparse,0.001,0.99,5,1.0
427,0.0,9,0.050000000000000044,4.3615516915451735e-05,0.03855917602777481,0.0057221101596951485,0.0002902996784541756,0.0013595728669315577,,,,dqn_icm,cartpole,sparse,0.001,0.99,5,1.0
428,0.0,11,0.050000000000000044,3.356681190780364e-05,0.03489894047379494,0.004792927764356136,0.0002637127763591707,0.0012166104279458523,,,,dqn_icm,cartpole,sparse,0.001,0.99,5,1.0
429,0.0,8,0.050000000000000044,3.4760141716105863e-05,0.03373214229941368,0.0045798285864293575,0.00026593441725708544,0.0012473580427467823,,,,dqn_icm,cartpole,sparse,0.001,0.99,5,1.0
430,0.0,9,0.050000000000000044,4.638759128283709e-05,0.034375689923763275,0.005768882110714912,0.0003222094674129039,0.001527884160168469,,,,dqn_icm,cartpole,sparse,0.001,0.99,5,1.0
431,0.0,9,0.050000000000000044,8.631897799205035e-06,0.03629381209611893,0.0025064386427402496,0.00027302937814965844,0.0012701516970992088,,,,dqn_icm,cartpole,sparse,0.001,0.99,5,1.0
432,0.0,10,0.050000000000000044,2.9822080250596628e-05,0.037817470729351044,0.004808357916772366,0.0003898272116202861,0.0018346800934523344,,,,dqn_icm,cartpole,sparse,0.001,0.99,5,1.0
433,0.0,10,0.050000000000000044,2.922963903984055e-05,0.03678646683692932,0.004278676584362984,0.00027771462919190526,0.0012976909056305885,,,,dqn_icm,cartpole,sparse,0.001,0.99,5,1.0
434,0.0,9,0.050000000000000044,3.0807579605607316e-05,0.03278019651770592,0.00445265369489789,0.00028685960569418967,0.0013509111013263464,,,,dqn_icm,cartpole,sparse,0.001,0.99,5,1.0
435,0.0,9,0.050000000000000044,3.526638465700671e-05,0.03515368700027466,0.0047855135053396225,0.0002650948881637305,0.0012258600909262896,,,,dqn_icm,cartpole,sparse,0.001,0.99,5,1.0
436,0.0,9,0.050000000000000044,4.719551361631602e-05,0.035386379808187485,0.005730567499995232,0.00032664171885699034,0.0015112573746591806,,,,dqn_icm,cartpole,sparse,0.001,0.99,5,1.0
437,0.0,9,0.050000000000000044,4.485973477130756e-05,0.039834387600421906,0.0051634954288601875,0.00019812991376966238,0.0009128355886787176,,,,dqn_icm,cartpole,sparse,0.001,0.99,5,1.0
438,0.0,10,0.050000000000000044,2.370354559388943e-05,0.04128744825720787,0.004316488280892372,0.00020611581567209214,0.000928655150346458,,,,dqn_icm,cartpole,sparse,0.001,0.99,5,1.0
439,0.0,9,0.050000000000000044,4.194198118057102e-05,0.036388613283634186,0.004485935904085636,0.00021989503875374794,0.0010225852020084858,,,,dqn_icm,cartpole,sparse,0.001,0.99,5,1.0
440,0.0,10,0.050000000000000044,2.4725706680328585e-05,0.0350789874792099,0.004347258247435093,0.0002075480588246137,0.0009609098196960986,,,,dqn_icm,cartpole,sparse,0.001,0.99,5,1.0
441,0.0,12,0.050000000000000044,9.487714123679325e-06,0.03622416406869888,0.002339767524972558,0.0002279723557876423,0.001057428540661931,,,,dqn_icm,cartpole,sparse,0.001,0.99,5,1.0
442,0.0,9,0.050000000000000044,6.121170008555055e-05,0.03566328436136246,0.006201237440109253,0.00028483729693107307,0.001341142226010561,,,,dqn_icm,cartpole,sparse,0.001,0.99,5,1.0
443,0.0,9,0.050000000000000044,2.1302934328559786e-05,0.035349294543266296,0.0033778371289372444,0.00022729892225470394,0.0010288783814758062,,,,dqn_icm,cartpole,sparse,0.001,0.99,5,1.0
444,0.0,15,0.050000000000000044,1.258338670595549e-05,0.033778659999370575,0.0028771108482033014,0.0002734166628215462,0.0012638777261599898,,,,dqn_icm,cartpole,sparse,0.001,0.99,5,1.0
445,0.0,9,0.050000000000000044,4.012894714833237e-05,0.03778007999062538,0.0046549271792173386,0.0002644290798343718,0.0012087920913472772,,,,dqn_icm,cartpole,sparse,0.001,0.99,5,1.0
446,0.0,9,0.050000000000000044,4.759336297865957e-05,0.03878789395093918,0.00489893089979887,0.0001672221114858985,0.0007525001419708133,,,,dqn_icm,cartpole,sparse,0.001,0.99,5,1.0
447,0.0,9,0.050000000000000044,1.3890901755075902e-05,0.03406880795955658,0.0027180721517652273,0.0002892454504035413,0.0013425895012915134,,,,dqn_icm,cartpole,sparse,0.001,0.99,5,1.0
448,0.0,9,0.050000000000000044,4.4519707444123924e-05,0.03829076886177063,0.00540616549551487,0.00025868602097034454,0.0011936668306589127,,,,dqn_icm,cartpole,sparse,0.001,0.99,5,1.0
449,0.0,11,0.050000000000000044,3.0021801649127156e-05,0.037052083760499954,0.0036993674002587795,0.00023055933706928045,0.0010671894997358322,,,,dqn_icm,cartpole,sparse,0.001,0.99,5,1.0
450,0.0,12,0.050000000000000044,3.4268749004695565e-05,0.0378054678440094,0.004377932287752628,0.00020814868912566453,0.0009638237534090877,0.0,0.0,9.6,dqn_icm,cartpole,sparse,0.001,0.99,5,1.0
451,0.0,10,0.050000000000000044,2.6658628485165536e-05,0.03364712372422218,0.003799778874963522,0.0003131979610770941,0.0014825135003775358,,,,dqn_icm,cartpole,sparse,0.001,0.99,5,1.0
452,0.0,9,0.050000000000000044,4.2033752833958715e-05,0.03651288151741028,0.0052909329533576965,0.0003065121709369123,0.0014449718873947859,,,,dqn_icm,cartpole,sparse,0.001,0.99,5,1.0
453,0.0,10,0.050000000000000044,4.9385911552235484e-05,0.03854373097419739,0.005250514484941959,0.00022517165052704513,0.0010277489200234413,,,,dqn_icm,cartpole,sparse,0.001,0.99,5,1.0
454,0.0,9,0.050000000000000044,3.197274054400623e-05,0.03517905995249748,0.004087172448635101,0.0002688244858291,0.0012718515936285257,,,,dqn_icm,cartpole,sparse,0.001,0.99,5,1.0
455,0.0,8,0.050000000000000044,3.5917684726882726e-05,0.038204509764909744,0.005033163353800774,0.0004790507082361728,0.002304044086486101,,,,dqn_icm,cartpole,sparse,0.001,0.99,5,1.0
456,0.0,11,0.050000000000000044,2.539462730055675e-05,0.035571686923503876,0.004204431548714638,0.0002755910682026297,0.0012776108924299479,,,,dqn_icm,cartpole,sparse,0.001,0.99,5,1.0
457,0.0,10,0.050000000000000044,4.770989471580833e-05,0.03896400332450867,0.005138950422406197,0.0003057053836528212,0.0014359310735017061,,,,dqn_icm,cartpole,sparse,0.001,0.99,5,1.0
458,0.0,10,0.050000000000000044,4.178741801297292e-05,0.0374632403254509,0.005107579752802849,0.00032217070111073554,0.0015375844668596983,,,,dqn_icm,cartpole,sparse,0.001,0.99,5,1.0
459,0.0,11,0.050000000000000044,2.6437302949489094e-05,0.039303988218307495,0.0038986585568636656,0.0002142252924386412,0.0010073643643409014,,,,dqn_icm,cartpole,sparse,0.001,0.99,5,1.0
460,0.0,11,0.050000000000000044,4.191709740553051e-05,0.03511104732751846,0.004712305031716824,0.0002456494839861989,0.0011126443278044462,,,,dqn_icm,cartpole,sparse,0.001,0.99,5,1.0
461,0.0,8,0.050000000000000044,6.51740119792521e-05,0.03726911544799805,0.006812855135649443,0.00036943054874427617,0.0017761935014277697,,,,dqn_icm,cartpole,sparse,0.001,0.99,5,1.0
462,0.0,9,0.050000000000000044,3.293123882031068e-05,0.03363026678562164,0.0048375362530350685,0.0003287356812506914,0.001562705379910767,,,,dqn_icm,cartpole,sparse,0.001,0.99,5,1.0
463,0.0,9,0.050000000000000044,3.854294482152909e-05,0.035534150898456573,0.004361150786280632,0.00036794960033148527,0.001737972954288125,,,,dqn_icm,cartpole,sparse,0.001,0.99,5,1.0
464,0.0,10,0.050000000000000044,1.8322281903238036e-05,0.03747914731502533,0.003720404813066125,0.00028021197067573667,0.0013188202865421772,,,,dqn_icm,cartpole,sparse,0.001,0.99,5,1.0
465,0.0,9,0.050000000000000044,4.3553445721045136e-05,0.0384640246629715,0.005888030864298344,0.0001968703290913254,0.0009099352173507214,,,,dqn_icm,cartpole,sparse,0.001,0.99,5,1.0
466,0.0,9,0.050000000000000044,1.5057933524076361e-05,0.03896891325712204,0.003031277097761631,0.000391638110158965,0.0018820456461980939,,,,dqn_icm,cartpole,sparse,0.001,0.99,5,1.0
467,0.0,9,0.050000000000000044,5.64101901545655e-05,0.03431107476353645,0.006194805260747671,0.0003043481265194714,0.0014092667261138558,,,,dqn_icm,cartpole,sparse,0.001,0.99,5,1.0
468,0.0,11,0.050000000000000044,1.6154861441464163e-05,0.033744242042303085,0.0034440471790730953,0.0002749997074715793,0.0012899277498945594,,,,dqn_icm,cartpole,sparse,0.001,0.99,5,1.0
469,0.0,9,0.050000000000000044,4.352432370069437e-05,0.036945246160030365,0.004849729128181934,0.0003254148759879172,0.0015529559459537268,,,,dqn_icm,cartpole,sparse,0.001,0.99,5,1.0
470,0.0,11,0.050000000000000044,2.2606831407756545e-05,0.039674311876297,0.0037842518649995327,0.00029203950543887913,0.0013857808662578464,,,,dqn_icm,cartpole,sparse,0.001,0.99,5,1.0
471,0.0,10,0.050000000000000044,2.479716386005748e-05,0.0381343774497509,0.003922183997929096,0.00025490066036581993,0.0011824141256511211,,,,dqn_icm,cartpole,sparse,0.001,0.99,5,1.0
472,0.0,9,0.050000000000000044,3.2393596484325826e-05,0.03971412032842636,0.004259158857166767,0.0002482823038008064,0.00116866419557482,,,,dqn_icm,cartpole,sparse,0.001,0.99,5,1.0
473,0.0,10,0.050000000000000044,3.198192280251533e-05,0.03444831818342209,0.004227283410727978,0.0003750462783500552,0.0017950329929590225,,,,dqn_icm,cartpole,sparse,0.001,0.99,5,1.0
474,0.0,9,0.050000000000000044,1.3646021216118243e-05,0.037185586988925934,0.002863057190552354,0.00022556977637577802,0.0010527620324864984,,,,dqn_icm,cartpole,sparse,0.001,0.99,5,1.0
475,0.0,10,0.050000000000000044,2.5466963052167557e-05,0.04048079997301102,0.003631283761933446,0.00023114339273888618,0.0010928638512268662,,,,dqn_icm,cartpole,sparse,0.001,0.99,5,1.0
476,0.0,9,0.050000000000000044,3.2100349926622584e-05,0.04306713491678238,0.0039548492059111595,0.00022448333038482815,0.0010378826409578323,,,,dqn_icm,cartpole,sparse,0.001,0.99,5,1.0
477,0.0,10,0.050000000000000044,4.713320959126577e-05,0.03858593851327896,0.005271404515951872,0.0002580602595116943,0.0011869021691381931,,,,dqn_icm,cartpole,sparse,0.001,0.99,5,1.0
478,0.0,10,0.050000000000000044,3.7447662180056795e-05,0.03369949758052826,0.004808743484318256,0.0002683419152162969,0.0012568028178066015,,,,dqn_icm,cartpole,sparse,0.001,0.99,5,1.0
479,0.0,8,0.050000000000000044,4.242535214871168e-05,0.03522644191980362,0.004897546488791704,0.0002846930001396686,0.001336054876446724,,,,dqn_icm,cartpole,sparse,0.001,0.99,5,1.0
480,0.0,9,0.050000000000000044,2.7545578632270917e-05,0.039938464760780334,0.004429398104548454,0.00028779791318811476,0.0013402991462498903,,,,dqn_icm,cartpole,sparse,0.001,0.99,5,1.0
481,0.0,12,0.050000000000000044,3.950007157982327e-05,0.039809972047805786,0.005680817179381847,0.0002550084318500012,0.0011718666646629572,,,,dqn_icm,cartpole,sparse,0.001,0.99,5,1.0
482,0.0,10,0.050000000000000044,3.1043899070937186e-05,0.037406254559755325,0.0026613029185682535,0.00018729898147284985,0.0008824632968753576,,,,dqn_icm,cartpole,sparse,0.001,0.99,5,1.0
483,0.0,9,0.050000000000000044,4.643626380129717e-05,0.03335859999060631,0.006208238657563925,0.00035175526863895357,0.0016682218993082643,,,,dqn_icm,cartpole,sparse,0.001,0.99,5,1.0
484,0.0,8,0.050000000000000044,3.733977791853249e-05,0.03275058791041374,0.005346198566257954,0.0002462634874973446,0.0011572735384106636,,,,dqn_icm,cartpole,sparse,0.001,0.99,5,1.0
485,0.0,9,0.050000000000000044,2.5585806724848226e-05,0.0347331166267395,0.0033770829904824495,0.00025404314510524273,0.0011918204836547375,,,,dqn_icm,cartpole,sparse,0.001,0.99,5,1.0
486,0.0,10,0.050000000000000044,2.731355380092282e-05,0.04301117733120918,0.004758081398904324,0.00021498148271348327,0.001004842109978199,,,,dqn_icm,cartpole,sparse,0.001,0.99,5,1.0
487,0.0,10,0.050000000000000044,5.4636489949189126e-05,0.035194724798202515,0.006676452234387398,0.000279663858236745,0.0013139935908839107,,,,dqn_icm,cartpole,sparse,0.001,0.99,5,1.0
488,0.0,9,0.050000000000000044,1.6549669453524984e-05,0.03424574434757233,0.0038866112008690834,0.00020694737031590194,0.0009417386027052999,,,,dqn_icm,cartpole,sparse,0.001,0.99,5,1.0
489,0.0,8,0.050000000000000044,5.0600159738678485e-05,0.03543338552117348,0.005431094206869602,0.0002752341388259083,0.0013216024963185191,,,,dqn_icm,cartpole,sparse,0.001,0.99,5,1.0
490,0.0,9,0.050000000000000044,4.9499692977406085e-05,0.03438490629196167,0.004983776248991489,0.00030073709785938263,0.0014325770316645503,,,,dqn_icm,cartpole,sparse,0.001,0.99,5,1.0
491,0.0,9,0.050000000000000044,2.8907164960401133e-05,0.03456364944577217,0.004122266545891762,0.0002140273863915354,0.000994185684248805,,,,dqn_icm,cartpole,sparse,0.001,0.99,5,1.0
492,0.0,10,0.050000000000000044,2.9131033443263732e-05,0.03541857376694679,0.0030900673009455204,0.00018768665904644877,0.0008646277710795403,,,,dqn_icm,cartpole,sparse,0.001,0.99,5,1.0
493,0.0,10,0.050000000000000044,3.7450041418196633e-05,0.03645682707428932,0.004691727459430695,0.00026332554989494383,0.0012168644461780787,,,,dqn_icm,cartpole,sparse,0.001,0.99,5,1.0
494,0.0,8,0.050000000000000044,3.6147339415038005e-05,0.036198392510414124,0.004475096240639687,0.00020675726409535855,0.0009633336449041963,,,,dqn_icm,cartpole,sparse,0.001,0.99,5,1.0
495,0.0,9,0.050000000000000044,4.580647510010749e-05,0.03445334732532501,0.004876571707427502,0.00020613135711755604,0.0009415477979928255,,,,dqn_icm,cartpole,sparse,0.001,0.99,5,1.0
496,0.0,9,0.050000000000000044,2.5826948331086896e-05,0.03496518358588219,0.004782680422067642,0.0002603834436740726,0.0012179045006632805,,,,dqn_icm,cartpole,sparse,0.001,0.99,5,1.0
497,0.0,8,0.050000000000000044,4.1336388676427305e-05,0.03125856816768646,0.005420622415840626,0.00029062473913654685,0.0013890339760109782,,,,dqn_icm,cartpole,sparse,0.001,0.99,5,1.0
498,0.0,9,0.050000000000000044,4.112753231311217e-05,0.040500909090042114,0.004781344905495644,0.0001570462918607518,0.0007103085517883301,,,,dqn_icm,cartpole,sparse,0.001,0.99,5,1.0
499,0.0,9,0.050000000000000044,1.4490009561995976e-05,0.035374850034713745,0.003178478218615055,0.00029134462238289416,0.001380339846946299,,,,dqn_icm,cartpole,sparse,0.001,0.99,5,1.0
500,0.0,8,0.050000000000000044,1.7465325072407722e-05,0.03718627989292145,0.003108058590441942,0.0003094836138188839,0.0014692314434796572,0.0,0.0,9.6,dqn_icm,cartpole,sparse,0.001,0.99,5,1.0
501,0.0,11,0.050000000000000044,2.0748982933582738e-05,0.033354468643665314,0.0035200598649680614,0.00020907222642563283,0.0009740589885041118,,,,dqn_icm,cartpole,sparse,0.001,0.99,5,1.0
502,0.0,11,0.050000000000000044,3.932748950319365e-05,0.04405755549669266,0.005131243262439966,0.0002810691366903484,0.0013376496499404311,,,,dqn_icm,cartpole,sparse,0.001,0.99,5,1.0
503,0.0,9,0.050000000000000044,3.7132696888875216e-05,0.03478208929300308,0.0048234364949166775,0.0002437233051750809,0.0011303270002827048,,,,dqn_icm,cartpole,sparse,0.001,0.99,5,1.0
504,0.0,10,0.050000000000000044,2.267909439979121e-05,0.03719285875558853,0.003908377140760422,0.0002704529615584761,0.0012859543785452843,,,,dqn_icm,cartpole,sparse,0.001,0.99,5,1.0
505,0.0,9,0.050000000000000044,5.419885565061122e-05,0.032492008060216904,0.007281587924808264,0.00025858895969577134,0.0012227005790919065,,,,dqn_icm,cartpole,sparse,0.001,0.99,5,1.0
506,0.0,10,0.050000000000000044,2.763898010016419e-05,0.03586377948522568,0.003832340007647872,0.0002100345736835152,0.000982134137302637,,,,dqn_icm,cartpole,sparse,0.001,0.99,5,1.0
507,0.0,10,0.050000000000000044,2.6997233362635598e-05,0.0423685684800148,0.004645963665097952,0.0003410448262002319,0.0016350545920431614,,,,dqn_icm,cartpole,sparse,0.001,0.99,5,1.0
508,0.0,9,0.050000000000000044,5.480926847667433e-05,0.03858088701963425,0.005576782859861851,0.00030038561089895666,0.001431862823665142,,,,dqn_icm,cartpole,sparse,0.001,0.99,5,1.0
509,0.0,10,0.050000000000000044,4.439584881765768e-05,0.035729460418224335,0.008789975196123123,0.00032521269167773426,0.0015328864101320505,,,,dqn_icm,cartpole,sparse,0.001,0.99,5,1.0
510,0.0,11,0.050000000000000044,5.9396155847935006e-05,0.03294876962900162,0.008893027901649475,0.000501598697155714,0.002433786168694496,,,,dqn_icm,cartpole,sparse,0.001,0.99,5,1.0
511,0.0,9,0.050000000000000044,1.0971270967274904e-05,0.03769562020897865,0.003019902389496565,0.0002732827269937843,0.0012871396029368043,,,,dqn_icm,cartpole,sparse,0.001,0.99,5,1.0
512,0.0,10,0.050000000000000044,4.215766239212826e-05,0.0417141318321228,0.0076544927433133125,0.0003284379781689495,0.0015819891123101115,,,,dqn_icm,cartpole,sparse,0.001,0.99,5,1.0
513,0.0,8,0.050000000000000044,3.346072480781004e-05,0.04204603657126427,0.006702533457428217,0.0002495507651474327,0.001182054402306676,,,,dqn_icm,cartpole,sparse,0.001,0.99,5,1.0
514,0.0,9,0.050000000000000044,5.464454443426803e-05,0.027804043143987656,0.007026251871138811,0.0001730143849272281,0.00079005939187482,,,,dqn_icm,cartpole,sparse,0.001,0.99,5,1.0
515,0.0,9,0.050000000000000044,3.753078271984123e-05,0.036064740270376205,0.004958553239703178,0.00031181154190562665,0.0014942674897611141,,,,dqn_icm,cartpole,sparse,0.001,0.99,5,1.0
516,0.0,8,0.050000000000000044,1.5150933904806152e-05,0.042529068887233734,0.004232865758240223,0.00020740856416523457,0.0009684974793344736,,,,dqn_icm,cartpole,sparse,0.001,0.99,5,1.0
517,0.0,10,0.050000000000000044,1.0194877177127637e-05,0.03893205523490906,0.0026765952352434397,0.00023909371520858258,0.0011299928883090615,,,,dqn_icm,cartpole,sparse,0.001,0.99,5,1.0
518,0.0,10,0.050000000000000044,1.1900927347596735e-05,0.035255417227745056,0.003890187479555607,0.0003146929375361651,0.001501760445535183,,,,dqn_icm,cartpole,sparse,0.001,0.99,5,1.0
519,0.0,11,0.050000000000000044,1.2717910067294724e-05,0.038500502705574036,0.003941802307963371,0.0002462388656567782,0.0011716941371560097,,,,dqn_icm,cartpole,sparse,0.001,0.99,5,1.0
520,0.0,10,0.050000000000000044,1.0017268323281314e-05,0.0367136150598526,0.003451311495155096,0.000311041105305776,0.0014660221058875322,,,,dqn_icm,cartpole,sparse,0.001,0.99,5,1.0
521,0.0,11,0.050000000000000044,4.121607162232976e-06,0.04283161461353302,0.0020753738936036825,0.00032876816112548113,0.0015558939194306731,,,,dqn_icm,cartpole,sparse,0.001,0.99,5,1.0
522,0.0,9,0.050000000000000044,9.92204513750039e-06,0.042769018560647964,0.0035870238207280636,0.00020746987138409168,0.0009602358331903815,,,,dqn_icm,cartpole,sparse,0.001,0.99,5,1.0
523,0.0,10,0.050000000000000044,1.0930692042165902e-05,0.03790281340479851,0.0031468276865780354,0.00029639992862939835,0.0014137525577098131,,,,dqn_icm,cartpole,sparse,0.001,0.99,5,1.0
524,0.0,11,0.050000000000000044,1.487085046392167e-05,0.03379923477768898,0.0028058383613824844,0.00044008297845721245,0.0021367722656577826,,,,dqn_icm,cartpole,sparse,0.001,0.99,5,1.0
525,0.0,10,0.050000000000000044,1.1873502444359474e-05,0.03866845369338989,0.002154120709747076,0.00026072096079587936,0.0012364005669951439,,,,dqn_icm,cartpole,sparse,0.001,0.99,5,1.0
526,0.0,11,0.050000000000000044,4.8324063754989766e-06,0.037385329604148865,0.0020754209253937006,0.00033669237745925784,0.0016262710560113192,,,,dqn_icm,cartpole,sparse,0.001,0.99,5,1.0
527,0.0,10,0.050000000000000044,9.273293471778743e-06,0.04377691447734833,0.0024753808975219727,0.00025102990912273526,0.0012006259057670832,,,,dqn_icm,cartpole,sparse,0.001,0.99,5,1.0
528,0.0,10,0.050000000000000044,6.438492164306808e-06,0.03816874697804451,0.0021837856620550156,0.00025294398074038327,0.0012042508460581303,,,,dqn_icm,cartpole,sparse,0.001,0.99,5,1.0
529,0.0,9,0.050000000000000044,9.119675269175787e-06,0.035764385014772415,0.002591515425592661,0.0004613469063770026,0.002227981574833393,,,,dqn_icm,cartpole,sparse,0.001,0.99,5,1.0
530,0.0,10,0.050000000000000044,1.0228239261778072e-05,0.04073593020439148,0.0028040092438459396,0.0003838757111225277,0.0018514292314648628,,,,dqn_icm,cartpole,sparse,0.001,0.99,5,1.0
531,0.0,12,0.050000000000000044,1.1128709957120009e-05,0.04047026485204697,0.003056570887565613,0.0005834984476678073,0.0028433590196073055,,,,dqn_icm,cartpole,sparse,0.001,0.99,5,1.0
532,0.0,12,0.050000000000000044,1.5457981135114096e-05,0.03851942718029022,0.003843048121780157,0.0006352069322019815,0.003082470502704382,,,,dqn_icm,cartpole,sparse,0.001,0.99,5,1.0
533,0.0,11,0.050000000000000044,1.3642739759234246e-05,0.03929803520441055,0.003505863482132554,0.0010822328040376306,0.005347803700715303,,,,dqn_icm,cartpole,sparse,0.001,0.99,5,1.0
534,0.0,9,0.050000000000000044,2.513502477086149e-05,0.043112583458423615,0.0031442278996109962,0.0013887886889278889,0.0068569490686059,,,,dqn_icm,cartpole,sparse,0.001,0.99,5,1.0
535,0.0,8,0.050000000000000044,7.624753925483674e-05,0.04498271644115448,0.005892966873943806,0.0024475587997585535,0.012176296673715115,,,,dqn_icm,cartpole,sparse,0.001,0.99,5,1.0
536,0.0,10,0.050000000000000044,9.055169357452542e-05,0.03762587532401085,0.007393103092908859,0.00227279681712389,0.01128639467060566,,,,dqn_icm,cartpole,sparse,0.001,0.99,5,1.0
537,0.0,13,0.050000000000000044,1.9599607185227796e-05,0.040723152458667755,0.004416575655341148,0.0013244465226307511,0.006538368761539459,,,,dqn_icm,cartpole,sparse,0.001,0.99,5,1.0
538,0.0,10,0.050000000000000044,2.3889770091045648e-05,0.044645972549915314,0.004903391003608704,0.0014790750574320555,0.007309961598366499,,,,dqn_icm,cartpole,sparse,0.001,0.99,5,1.0
539,0.0,10,0.050000000000000044,6.78571523167193e-05,0.04638274013996124,0.0062256380915641785,0.0008747843676246703,0.00430369284003973,,,,dqn_icm,cartpole,sparse,0.001,0.99,5,1.0
540,0.0,9,0.050000000000000044,1.772724135662429e-05,0.03834646940231323,0.003451834199950099,0.0010649221949279308,0.0052593727596104145,,,,dqn_icm,cartpole,sparse,0.001,0.99,5,1.0
541,0.0,10,0.050000000000000044,3.37987148668617e-05,0.04430636391043663,0.00438058003783226,0.001282655750401318,0.0063323210924863815,,,,dqn_icm,cartpole,sparse,0.001,0.99,5,1.0
542,0.0,10,0.050000000000000044,2.049952672678046e-05,0.040139250457286835,0.0044673653319478035,0.0004177931696176529,0.002017171587795019,,,,dqn_icm,cartpole,sparse,0.001,0.99,5,1.0
543,0.0,10,0.050000000000000044,8.511838677804917e-05,0.0423092246055603,0.006706351414322853,0.0006852225633338094,0.003341801930218935,,,,dqn_icm,cartpole,sparse,0.001,0.99,5,1.0
544,0.0,9,0.050000000000000044,7.187747542047873e-05,0.04166639968752861,0.007154015824198723,0.0007234587683342397,0.003539957106113434,,,,dqn_icm,cartpole,sparse,0.001,0.99,5,1.0
545,0.0,10,0.050000000000000044,3.5632005165098235e-05,0.03802066296339035,0.005408461205661297,0.0005689554964192212,0.0027619716711342335,,,,dqn_icm,cartpole,sparse,0.001,0.99,5,1.0
546,0.0,9,0.050000000000000044,1.2204453014419414e-05,0.0375843271613121,0.0034152045845985413,0.0009092293330468237,0.004457811824977398,,,,dqn_icm,cartpole,sparse,0.001,0.99,5,1.0
547,0.0,10,0.050000000000000044,1.6678342944942415e-05,0.03548453375697136,0.0039474270306527615,0.0004984954721294343,0.0024243490770459175,,,,dqn_icm,cartpole,sparse,0.001,0.99,5,1.0
548,0.0,9,0.050000000000000044,1.2538368537207134e-05,0.03753136843442917,0.0039267269894480705,0.00035695466795004904,0.0017236487474292517,,,,dqn_icm,cartpole,sparse,0.001,0.99,5,1.0
549,0.0,9,0.050000000000000044,2.1384785213740543e-05,0.036016035825014114,0.005044677294790745,0.0004967466229572892,0.0023990648332983255,,,,dqn_icm,cartpole,sparse,0.001,0.99,5,1.0
550,0.0,10,0.050000000000000044,1.3849573406332638e-05,0.04298439621925354,0.003865944454446435,0.0002547167823649943,0.001200568163767457,0.0,0.0,9.6,dqn_icm,cartpole,sparse,0.001,0.99,5,1.0
551,0.0,12,0.050000000000000044,1.151758806372527e-05,0.03684864938259125,0.0034671975299715996,0.000589808274526149,0.002877977676689625,,,,dqn_icm,cartpole,sparse,0.001,0.99,5,1.0
552,0.0,9,0.050000000000000044,9.774810678209178e-06,0.03719203174114227,0.00281354459002614,0.00040880488813854754,0.0019808283541351557,,,,dqn_icm,cartpole,sparse,0.001,0.99,5,1.0
553,0.0,9,0.050000000000000044,3.1223014502756996e-06,0.03958126902580261,0.0017042325343936682,0.00030986484489403665,0.0014644474722445011,,,,dqn_icm,cartpole,sparse,0.001,0.99,5,1.0
554,0.0,8,0.050000000000000044,1.0923654372163583e-05,0.038711756467819214,0.002808708930388093,0.00048388331197202206,0.0023252263199537992,,,,dqn_icm,cartpole,sparse,0.001,0.99,5,1.0
555,0.0,8,0.050000000000000044,1.0190894499828573e-05,0.035492219030857086,0.0027064986061304808,0.00029554046341218054,0.0013700565323233604,,,,dqn_icm,cartpole,sparse,0.001,0.99,5,1.0
556,0.0,9,0.050000000000000044,4.186077603662852e-06,0.03739268332719803,0.0019427037332206964,0.00038064169348217547,0.001820164150558412,,,,dqn_icm,cartpole,sparse,0.001,0.99,5,1.0
557,0.0,11,0.050000000000000044,6.256479991861852e-06,0.0378037728369236,0.0023859338834881783,0.00034542573848739266,0.001665050396695733,,,,dqn_icm,cartpole,sparse,0.001,0.99,5,1.0
558,0.0,10,0.050000000000000044,6.6856837293016724e-06,0.0383647195994854,0.0024449701886624098,0.0002693140704650432,0.0012659847270697355,,,,dqn_icm,cartpole,sparse,0.001,0.99,5,1.0
559,0.0,8,0.050000000000000044,4.949458343617152e-06,0.040703900158405304,0.0018067449564114213,0.0003128309908788651,0.0014858641661703587,,,,dqn_icm,cartpole,sparse,0.001,0.99,5,1.0
560,0.0,10,0.050000000000000044,9.942135875462554e-06,0.03845126926898956,0.002922909101471305,0.0002056113735307008,0.0009313632035627961,,,,dqn_icm,cartpole,sparse,0.001,0.99,5,1.0
561,0.0,11,0.050000000000000044,2.703582595131593e-06,0.03961849957704544,0.0016824154881760478,0.00023164604499470443,0.0010775404516607523,,,,dqn_icm,cartpole,sparse,0.001,0.99,5,1.0
562,0.0,9,0.050000000000000044,8.096953024505638e-06,0.03993833810091019,0.0019886475056409836,0.00020073931955266744,0.000925837957765907,,,,dqn_icm,cartpole,sparse,0.001,0.99,5,1.0
563,0.0,10,0.050000000000000044,3.436618953855941e-06,0.036323681473731995,0.0016959349159151316,0.00020247984502930194,0.0009175235754810274,,,,dqn_icm,cartpole,sparse,0.001,0.99,5,1.0
564,0.0,9,0.050000000000000044,1.1008602996298578e-05,0.03573249652981758,0.0029414750169962645,0.0002629508380778134,0.001221249345690012,,,,dqn_icm,cartpole,sparse,0.001,0.99,5,1.0
565,0.0,8,0.050000000000000044,2.0289512576709967e-06,0.03850846737623215,0.0013271726202219725,0.00022319966228678823,0.0010455605806782842,,,,dqn_icm,cartpole,sparse,0.001,0.99,5,1.0
566,0.0,10,0.050000000000000044,2.602187578304438e-06,0.035906463861465454,0.0016749222995713353,0.0002465313591528684,0.0011527864262461662,,,,dqn_icm,cartpole,sparse,0.001,0.99,5,1.0
567,0.0,10,0.050000000000000044,1.77643869392341e-05,0.038578860461711884,0.0024616082664579153,0.00025683833518996835,0.0012098199222236872,,,,dqn_icm,cartpole,sparse,0.001,0.99,5,1.0
568,0.0,9,0.050000000000000044,6.002474947308656e-06,0.04319401830434799,0.001874724286608398,0.0003404224116820842,0.0016352952225133777,,,,dqn_icm,cartpole,sparse,0.001,0.99,5,1.0
569,0.0,10,0.050000000000000044,6.87475539962179e-06,0.03870358690619469,0.0023699398152530193,0.0002503039431758225,0.0011771181598305702,,,,dqn_icm,cartpole,sparse,0.001,0.99,5,1.0
570,0.0,10,0.050000000000000044,4.221668859827332e-06,0.03682012856006622,0.0015760189853608608,0.00033395984792150557,0.001591583015397191,,,,dqn_icm,cartpole,sparse,0.001,0.99,5,1.0
571,0.0,9,0.050000000000000044,9.884726750897244e-06,0.040644675493240356,0.0022476431913673878,0.00030914321541786194,0.0014746375381946564,,,,dqn_icm,cartpole,sparse,0.001,0.99,5,1.0
572,0.0,10,0.050000000000000044,2.3165473521657987e-06,0.041184209287166595,0.0013917225878685713,0.00025328827905468643,0.0011901622638106346,,,,dqn_icm,cartpole,sparse,0.001,0.99,5,1.0
573,0.0,10,0.050000000000000044,1.7361404388793744e-05,0.039046261459589005,0.002236107364296913,0.00021160906180739403,0.0009779068641364574,,,,dqn_icm,cartpole,sparse,0.001,0.99,5,1.0
574,0.0,8,0.050000000000000044,6.772145752620418e-06,0.040488213300704956,0.0021422782447189093,0.0002181480813305825,0.001002778997644782,,,,dqn_icm,cartpole,sparse,0.001,0.99,5,1.0
575,0.0,9,0.050000000000000044,7.1972544901655056e-06,0.03725016862154007,0.0019898510072380304,0.00023155813687480986,0.001066714758053422,,,,dqn_icm,cartpole,sparse,0.001,0.99,5,1.0
576,0.0,10,0.050000000000000044,7.757272214803379e-06,0.03405144438147545,0.002000667154788971,0.00019514371524564922,0.0008996332762762904,,,,dqn_icm,cartpole,sparse,0.001,0.99,5,1.0
577,0.0,9,0.050000000000000044,4.923240339849144e-06,0.039088644087314606,0.0016755852848291397,0.0001568152947584167,0.000713891931809485,,,,dqn_icm,cartpole,sparse,0.001,0.99,5,1.0
578,0.0,10,0.050000000000000044,6.8385661506908946e-06,0.04212580621242523,0.0021114149130880833,0.00030456241802312434,0.001453656004741788,,,,dqn_icm,cartpole,sparse,0.001,0.99,5,1.0
579,0.0,10,0.050000000000000044,7.332450877584051e-06,0.04138610512018204,0.00194641319103539,0.00020757486345246434,0.000968583975918591,,,,dqn_icm,cartpole,sparse,0.001,0.99,5,1.0
580,0.0,9,0.050000000000000044,6.97446512276656e-06,0.03410116210579872,0.002369923982769251,0.0003193307784385979,0.0014972332864999771,,,,dqn_icm,cartpole,sparse,0.001,0.99,5,1.0
581,0.0,9,0.050000000000000044,1.10805358417565e-05,0.037163689732551575,0.0027065142057836056,0.00023093608615454286,0.0010744823375716805,,,,dqn_icm,cartpole,sparse,0.001,0.99,5,1.0
582,0.0,10,0.050000000000000044,4.8690631047065835e-06,0.038359299302101135,0.0018849463667720556,0.00021088626817800105,0.0009776006918400526,,,,dqn_icm,cartpole,sparse,0.001,0.99,5,1.0
583,0.0,9,0.050000000000000044,2.101670361298602e-06,0.03526145964860916,0.001404862618073821,0.00017531456251163036,0.000796627951785922,,,,dqn_icm,cartpole,sparse,0.001,0.99,5,1.0
584,0.0,9,0.050000000000000044,6.020128694217419e-06,0.036797355860471725,0.0021935198456048965,0.00017027650028467178,0.0007517532212659717,,,,dqn_icm,cartpole,sparse,0.001,0.99,5,1.0
585,0.0,10,0.050000000000000044,7.542977073171642e-06,0.0377381294965744,0.0019393602851778269,0.00014307929086498916,0.0006393259973265231,,,,dqn_icm,cartpole,sparse,0.001,0.99,5,1.0
586,0.0,10,0.050000000000000044,7.108842510206159e-06,0.03804420679807663,0.002545564668253064,0.00022903592616785318,0.0010842934716492891,,,,dqn_icm,cartpole,sparse,0.001,0.99,5,1.0
587,0.0,9,0.050000000000000044,1.9782442905125208e-05,0.04068675637245178,0.0033904779702425003,0.000421190052293241,0.0020329044200479984,,,,dqn_icm,cartpole,sparse,0.001,0.99,5,1.0
588,0.0,9,0.050000000000000044,9.209627023665234e-06,0.035365186631679535,0.0026699344161897898,0.00025892333360388875,0.0012142100604251027,,,,dqn_icm,cartpole,sparse,0.001,0.99,5,1.0
589,0.0,10,0.050000000000000044,1.1979984265053645e-05,0.03653878718614578,0.002463438082486391,0.00019923584477510303,0.0009343393030576408,,,,dqn_icm,cartpole,sparse,0.001,0.99,5,1.0
590,0.0,9,0.050000000000000044,2.465470515744528e-06,0.0399811789393425,0.0013681461568921804,0.000209795223781839,0.0009669600985944271,,,,dqn_icm,cartpole,sparse,0.001,0.99,5,1.0
591,0.0,10,0.050000000000000044,4.855966835748404e-06,0.039804428815841675,0.0018634428270161152,0.00019142491510137916,0.000904776738025248,,,,dqn_icm,cartpole,sparse,0.001,0.99,5,1.0
592,0.0,9,0.050000000000000044,3.236295697206515e-06,0.041739944368600845,0.0016442398773506284,0.00021324740373529494,0.001000820891931653,,,,dqn_icm,cartpole,sparse,0.001,0.99,5,1.0
593,0.0,9,0.050000000000000044,3.987702257290948e-06,0.035127270966768265,0.0018559753661975265,0.00023170688655227423,0.0010883051436394453,,,,dqn_icm,cartpole,sparse,0.001,0.99,5,1.0
594,0.0,9,0.050000000000000044,5.322611741576111e-06,0.038477588444948196,0.0017682095058262348,0.00017554100486449897,0.0008230475359596312,,,,dqn_icm,cartpole,sparse,0.001,0.99,5,1.0
595,0.0,9,0.050000000000000044,6.195622518134769e-06,0.03926165774464607,0.0017740195617079735,0.00017486646538600326,0.000807560165412724,,,,dqn_icm,cartpole,sparse,0.001,0.99,5,1.0
596,0.0,11,0.050000000000000044,1.2130715731473174e-05,0.03875979781150818,0.002315002027899027,0.0003040333103854209,0.0014435148332268,,,,dqn_icm,cartpole,sparse,0.001,0.99,5,1.0
597,0.0,10,0.050000000000000044,1.965446244867053e-05,0.035113148391246796,0.0026972617488354445,0.0003127155650872737,0.0014931847108528018,,,,dqn_icm,cartpole,sparse,0.001,0.99,5,1.0
598,0.0,10,0.050000000000000044,6.017982741468586e-06,0.038654692471027374,0.001807631109841168,0.00021976734569761902,0.001035253400914371,,,,dqn_icm,cartpole,sparse,0.001,0.99,5,1.0
599,0.0,11,0.050000000000000044,1.0162498256249819e-05,0.03971776366233826,0.0026596542447805405,0.0002690310648176819,0.0012685335241258144,,,,dqn_icm,cartpole,sparse,0.001,0.99,5,1.0
600,0.0,12,0.050000000000000044,6.317248335108161e-06,0.0373479463160038,0.0020121815614402294,0.00023384674568660557,0.0011026404099538922,0.0,0.0,9.6,dqn_icm,cartpole,sparse,0.001,0.99,5,1.0
601,0.0,10,0.050000000000000044,9.609892003936693e-06,0.039205651730298996,0.002146099228411913,0.00033677482861094177,0.0016154476907104254,,,,dqn_icm,cartpole,sparse,0.001,0.99,5,1.0
602,0.0,10,0.050000000000000044,5.859748398506781e-06,0.03520152345299721,0.0021501013543456793,0.00017431679589208215,0.0007963926764205098,,,,dqn_icm,cartpole,sparse,0.001,0.99,5,1.0
603,0.0,9,0.050000000000000044,2.4156342988135293e-06,0.04130411893129349,0.0013841481413692236,0.00014030886813998222,0.0006333566270768642,,,,dqn_icm,cartpole,sparse,0.001,0.99,5,1.0
604,0.0,11,0.050000000000000044,7.74499676481355e-06,0.03602103888988495,0.002157070906832814,0.00018179383187089115,0.0008298737229779363,,,,dqn_icm,cartpole,sparse,0.001,0.99,5,1.0
605,0.0,8,0.050000000000000044,4.329298917582491e-06,0.03710607439279556,0.0015905012842267752,0.00017027813009917736,0.000787807279266417,,,,dqn_icm,cartpole,sparse,0.001,0.99,5,1.0
606,0.0,8,0.050000000000000044,4.973654540663119e-06,0.03784649074077606,0.0020789317786693573,0.0001510821166448295,0.0006918421131558716,,,,dqn_icm,cartpole,sparse,0.001,0.99,5,1.0
607,0.0,9,0.050000000000000044,7.173940502980258e-06,0.03643067926168442,0.0019387229112908244,0.00016786978812888265,0.0007570049492642283,,,,dqn_icm,cartpole,sparse,0.001,0.99,5,1.0
608,0.0,10,0.050000000000000044,2.5532890504109673e-06,0.040038906037807465,0.001365087227895856,0.00017824942187871784,0.0008227464277297258,,,,dqn_icm,cartpole,sparse,0.001,0.99,5,1.0
609,0.0,9,0.050000000000000044,9.329014574177563e-06,0.040716107934713364,0.0017924264539033175,0.0002707914391066879,0.0012821335112676024,,,,dqn_icm,cartpole,sparse,0.001,0.99,5,1.0
610,0.0,9,0.050000000000000044,4.7785629249119665e-06,0.039236247539520264,0.0016183697152882814,0.0002034568606177345,0.0009525833884254098,,,,dqn_icm,cartpole,sparse,0.001,0.99,5,1.0
611,0.0,10,0.050000000000000044,5.7500010370858945e-06,0.0388137623667717,0.0019844623748213053,0.00022047552920412272,0.0010166364954784513,,,,dqn_icm,cartpole,sparse,0.001,0.99,5,1.0
612,0.0,9,0.050000000000000044,1.564976992085576e-05,0.039359886199235916,0.0024152547121047974,0.00021086740889586508,0.0010023023933172226,,,,dqn_icm,cartpole,sparse,0.001,0.99,5,1.0
613,0.0,9,0.050000000000000044,6.113217295933282e-06,0.041737962514162064,0.001749635674059391,0.00025665934663265944,0.0012150490656495094,,,,dqn_icm,cartpole,sparse,0.001,0.99,5,1.0
614,0.0,11,0.050000000000000044,8.137814802466892e-06,0.03610696643590927,0.0023372573778033257,0.00019397464348003268,0.0009091358515433967,,,,dqn_icm,cartpole,sparse,0.001,0.99,5,1.0
615,0.0,11,0.050000000000000044,4.5837641664547846e-06,0.04283205419778824,0.0017007719725370407,0.0001917732006404549,0.000905549677554518,,,,dqn_icm,cartpole,sparse,0.001,0.99,5,1.0
616,0.0,11,0.050000000000000044,8.45482099975925e-06,0.03996538370847702,0.00227734143845737,0.00015567269292660058,0.0007162255933508277,,,,dqn_icm,cartpole,sparse,0.001,0.99,5,1.0
617,0.0,8,0.050000000000000044,6.700694029859733e-06,0.03608757257461548,0.002278934931382537,0.00022731335775461048,0.0010686622699722648,,,,dqn_icm,cartpole,sparse,0.001,0.99,5,1.0
618,0.0,11,0.050000000000000044,9.859229976427741e-06,0.037496019154787064,0.0025065040681511164,0.00018389563774690032,0.0008630625088699162,,,,dqn_icm,cartpole,sparse,0.001,0.99,5,1.0
619,0.0,9,0.050000000000000044,3.4058534765790682e-06,0.03930337354540825,0.0014634057879447937,0.00020489915914367884,0.0009553245035931468,,,,dqn_icm,cartpole,sparse,0.001,0.99,5,1.0
620,0.0,10,0.050000000000000044,3.3565074772923253e-06,0.03976655378937721,0.0016259324038401246,0.00020662203314714134,0.0009705399861559272,,,,dqn_icm,cartpole,sparse,0.001,0.99,5,1.0
621,0.0,11,0.050000000000000044,3.310548436274985e-06,0.04080887883901596,0.0012641041539609432,0.0001948841381818056,0.0009135047439485788,,,,dqn_icm,cartpole,sparse,0.001,0.99,5,1.0
622,0.0,9,0.050000000000000044,6.268189736147178e-06,0.0400552973151207,0.0018753514159470797,0.0001576076465426013,0.0007206849986687303,,,,dqn_icm,cartpole,sparse,0.001,0.99,5,1.0
623,0.0,9,0.050000000000000044,7.462043413397623e-06,0.04129569232463837,0.002113024005666375,0.0002861865796148777,0.0013726395554840565,,,,dqn_icm,cartpole,sparse,0.001,0.99,5,1.0
624,0.0,10,0.050000000000000044,2.2168405848788098e-05,0.0427899993956089,0.0028520203195512295,0.0002560794819146395,0.0012195707531645894,,,,dqn_icm,cartpole,sparse,0.001,0.99,5,1.0
625,0.0,8,0.050000000000000044,6.26790324531612e-06,0.0431174635887146,0.0018344811396673322,0.00023017660714685917,0.0010949887800961733,,,,dqn_icm,cartpole,sparse,0.001,0.99,5,1.0
626,0.0,11,0.050000000000000044,8.157910997397266e-06,0.03882654011249542,0.002169298939406872,0.0001667861215537414,0.0007670243503525853,,,,dqn_icm,cartpole,sparse,0.001,0.99,5,1.0
627,0.0,11,0.050000000000000044,1.7782724171411246e-05,0.038257770240306854,0.0027838624082505703,0.00022958195768296719,0.0010824489872902632,,,,dqn_icm,cartpole,sparse,0.001,0.99,5,1.0
628,0.0,9,0.050000000000000044,5.186458110983949e-06,0.036337174475193024,0.0018544553313404322,0.0002988078922498971,0.0014281615149229765,,,,dqn_icm,cartpole,sparse,0.001,0.99,5,1.0
629,0.0,10,0.050000000000000044,4.883916517428588e-06,0.04130146652460098,0.002225531032308936,0.00019459723262116313,0.0009057223796844482,,,,dqn_icm,cartpole,sparse,0.001,0.99,5,1.0
630,0.0,9,0.050000000000000044,6.367629794112872e-06,0.039565954357385635,0.0018892543157562613,0.00023910333402454853,0.001141008222475648,,,,dqn_icm,cartpole,sparse,0.001,0.99,5,1.0
631,0.0,10,0.050000000000000044,6.933134500286542e-06,0.03721093013882637,0.0022774962708353996,0.00020850270811934024,0.0009796603117138147,,,,dqn_icm,cartpole,sparse,0.001,0.99,5,1.0
632,0.0,10,0.050000000000000044,1.0456477639309014e-06,0.043292880058288574,0.0010974809993058443,0.0001603059790795669,0.0007333570974878967,,,,dqn_icm,cartpole,sparse,0.001,0.99,5,1.0
633,0.0,9,0.050000000000000044,8.080619409156498e-06,0.04430994391441345,0.0019392487592995167,0.00022295373491942883,0.0010663399007171392,,,,dqn_icm,cartpole,sparse,0.001,0.99,5,1.0
634,0.0,10,0.050000000000000044,3.3335036278003827e-06,0.04128401726484299,0.0015476304106414318,0.0001581246469868347,0.0007414792198687792,,,,dqn_icm,cartpole,sparse,0.001,0.99,5,1.0
635,0.0,11,0.050000000000000044,4.469781742955092e-06,0.03557503968477249,0.002258680760860443,0.00020052613399457186,0.0009410888887941837,,,,dqn_icm,cartpole,sparse,0.001,0.99,5,1.0
636,0.0,9,0.050000000000000044,6.663159638264915e-06,0.03588452190160751,0.002282144967466593,0.0002690543478820473,0.0012699909275397658,,,,dqn_icm,cartpole,sparse,0.001,0.99,5,1.0
637,0.0,9,0.050000000000000044,4.274226284906035e-06,0.04074162617325783,0.0016679598484188318,0.00018167019879911095,0.0008444846025668085,,,,dqn_icm,cartpole,sparse,0.001,0.99,5,1.0
638,0.0,12,0.050000000000000044,2.4713554012123495e-06,0.0403042808175087,0.0015592832351103425,0.0001674014056334272,0.000776240136474371,,,,dqn_icm,cartpole,sparse,0.001,0.99,5,1.0
639,0.0,8,0.050000000000000044,4.0907179936766624e-06,0.03918632119894028,0.0018132252153009176,0.0004457766772247851,0.002173153217881918,,,,dqn_icm,cartpole,sparse,0.001,0.99,5,1.0
640,0.0,10,0.050000000000000044,2.5455824470554944e-06,0.04064670950174332,0.0012856973335146904,0.00030014014919288456,0.0014485912397503853,,,,dqn_icm,cartpole,sparse,0.001,0.99,5,1.0
641,0.0,10,0.050000000000000044,5.697068900190061e-06,0.03856273740530014,0.0018001177813857794,0.0001429395779268816,0.0006454075337387621,,,,dqn_icm,cartpole,sparse,0.001,0.99,5,1.0
642,0.0,10,0.050000000000000044,5.0887952056655195e-06,0.04054383933544159,0.00192670663818717,0.0001510334259364754,0.0007069768034853041,,,,dqn_icm,cartpole,sparse,0.001,0.99,5,1.0
643,0.0,10,0.050000000000000044,7.556849595857784e-06,0.034277886152267456,0.0021321179810911417,0.00020615542598534375,0.0009641390643082559,,,,dqn_icm,cartpole,sparse,0.001,0.99,5,1.0
644,0.0,11,0.050000000000000044,1.2219185919093434e-05,0.03716302290558815,0.0023349605035036802,0.00032948507578112185,0.0015788499731570482,,,,dqn_icm,cartpole,sparse,0.001,0.99,5,1.0
645,0.0,10,0.050000000000000044,1.5510435105170473e-06,0.0422578826546669,0.001137524377554655,0.000157776681589894,0.0007421532645821571,,,,dqn_icm,cartpole,sparse,0.001,0.99,5,1.0
646,0.0,9,0.050000000000000044,1.0223564459010959e-05,0.04037231206893921,0.0019138744100928307,0.00021575552818831056,0.0010306470794603229,,,,dqn_icm,cartpole,sparse,0.001,0.99,5,1.0
647,0.0,12,0.050000000000000044,4.756999260280281e-06,0.03870834782719612,0.0017753229476511478,0.00020206169574521482,0.0009544589556753635,,,,dqn_icm,cartpole,sparse,0.001,0.99,5,1.0
648,0.0,10,0.050000000000000044,1.0561853741819505e-05,0.042402900755405426,0.0017816127510741353,0.0001714959362288937,0.0008066071313805878,,,,dqn_icm,cartpole,sparse,0.001,0.99,5,1.0
649,0.0,10,0.050000000000000044,5.504343789652921e-06,0.04141818359494209,0.0018650024430826306,0.00034078778116963804,0.0016409663949161768,,,,dqn_icm,cartpole,sparse,0.001,0.99,5,1.0
650,0.0,10,0.050000000000000044,4.691310550697381e-06,0.04086169973015785,0.0018053267849609256,0.0004709933418780565,0.0022840225137770176,0.0,0.0,9.6,dqn_icm,cartpole,sparse,0.001,0.99,5,1.0
651,0.0,9,0.050000000000000044,1.073063504009042e-05,0.03702718764543533,0.0024131163954734802,0.00030733688618056476,0.0014669467927888036,,,,dqn_icm,cartpole,sparse,0.001,0.99,5,1.0
652,0.0,9,0.050000000000000044,1.1853715477627702e-05,0.03936395049095154,0.003463412169367075,0.00023937286459840834,0.0011424750555306673,,,,dqn_icm,cartpole,sparse,0.001,0.99,5,1.0
653,0.0,10,0.050000000000000044,1.8020808056462556e-05,0.044037967920303345,0.004219746217131615,0.001714101294055581,0.008520497009158134,,,,dqn_icm,cartpole,sparse,0.001,0.99,5,1.0
654,0.0,9,0.050000000000000044,2.227048753411509e-05,0.052445825189352036,0.00530842412263155,0.0023547958116978407,0.011717595160007477,,,,dqn_icm,cartpole,sparse,0.001,0.99,5,1.0
655,0.0,11,0.050000000000000044,1.0422845662105829e-05,0.04339674115180969,0.002597994403913617,0.0006676148041151464,0.0032883340027183294,,,,dqn_icm,cartpole,sparse,0.001,0.99,5,1.0
656,0.0,9,0.050000000000000044,3.919166192645207e-05,0.0364813394844532,0.00762129994109273,0.000581469270400703,0.0028512885328382254,,,,dqn_icm,cartpole,sparse,0.001,0.99,5,1.0
657,0.0,11,0.050000000000000044,4.132668618694879e-05,0.03320243954658508,0.007867839187383652,0.0007428189273923635,0.0036493637599051,,,,dqn_icm,cartpole,sparse,0.001,0.99,5,1.0
658,0.0,10,0.050000000000000044,2.3739630705676973e-05,0.037583403289318085,0.004352765157818794,0.0005584004102274776,0.002727330895140767,,,,dqn_icm,cartpole,sparse,0.001,0.99,5,1.0
659,0.0,10,0.050000000000000044,2.0897539798170328e-05,0.04262389987707138,0.004973363131284714,0.00045845904969610274,0.0022257165983319283,,,,dqn_icm,cartpole,sparse,0.001,0.99,5,1.0
660,0.0,9,0.050000000000000044,4.932876436214428e-06,0.043538980185985565,0.0019863243214786053,0.00022996729239821434,0.0010892930440604687,,,,dqn_icm,cartpole,sparse,0.001,0.99,5,1.0
661,0.0,10,0.050000000000000044,3.34861506416928e-05,0.04167564585804939,0.0057350508868694305,0.00039592140819877386,0.0019304032903164625,,,,dqn_icm,cartpole,sparse,0.001,0.99,5,1.0
662,0.0,8,0.050000000000000044,6.180606760608498e-06,0.042545899748802185,0.0023362869396805763,0.0003327470039948821,0.0016159320948645473,,,,dqn_icm,cartpole,sparse,0.001,0.99,5,1.0
663,0.0,9,0.050000000000000044,1.4243105397326872e-05,0.03980517387390137,0.004320243373513222,0.00017636937263887376,0.0008207223145291209,,,,dqn_icm,cartpole,sparse,0.001,0.99,5,1.0
664,0.0,9,0.050000000000000044,1.8767439541989006e-05,0.042533863335847855,0.004619896411895752,0.00030231315759010613,0.0014548072358593345,,,,dqn_icm,cartpole,sparse,0.001,0.99,5,1.0
665,0.0,10,0.050000000000000044,6.013092388457153e-06,0.03863248601555824,0.0027515955734997988,0.00021963320614304394,0.0010414522839710116,,,,dqn_icm,cartpole,sparse,0.001,0.99,5,1.0
666,0.0,10,0.050000000000000044,2.121422039635945e-05,0.03462127223610878,0.004852022510021925,0.00031425105407834053,0.0015033356612548232,,,,dqn_icm,cartpole,sparse,0.001,0.99,5,1.0
667,0.0,9,0.050000000000000044,1.1490649740153458e-05,0.0380721241235733,0.0021888860501348972,0.0002498153189662844,0.0011719779577106237,,,,dqn_icm,cartpole,sparse,0.001,0.99,5,1.0
668,0.0,11,0.050000000000000044,6.2587923821411096e-06,0.04437991976737976,0.002403948688879609,0.00021777028450742364,0.001041376031935215,,,,dqn_icm,cartpole,sparse,0.001,0.99,5,1.0
669,0.0,9,0.050000000000000044,4.39932136941934e-06,0.04054468870162964,0.0018761582905426621,0.0001793359697330743,0.0008434230694547296,,,,dqn_icm,cartpole,sparse,0.001,0.99,5,1.0
670,0.0,9,0.050000000000000044,8.482631528750062e-06,0.03815421462059021,0.002042606705799699,0.0002017224906012416,0.0009496933198533952,,,,dqn_icm,cartpole,sparse,0.001,0.99,5,1.0
671,0.0,12,0.050000000000000044,7.675503184145782e-06,0.037299737334251404,0.0021120873279869556,0.0002370491565670818,0.0011261031031608582,,,,dqn_icm,cartpole,sparse,0.001,0.99,5,1.0
672,0.0,8,0.050000000000000044,4.087183242518222e-06,0.040016017854213715,0.0018524910556152463,0.00017257123545277864,0.0008024170529097319,,,,dqn_icm,cartpole,sparse,0.001,0.99,5,1.0
673,0.0,8,0.050000000000000044,9.24714458960807e-06,0.0386061854660511,0.0027680417988449335,0.0002870917378459126,0.0013728144112974405,,,,dqn_icm,cartpole,sparse,0.001,0.99,5,1.0
674,0.0,8,0.050000000000000044,5.169976702745771e-06,0.0372016578912735,0.0019616177305579185,0.0002666052314452827,0.0012724976986646652,,,,dqn_icm,cartpole,sparse,0.001,0.99,5,1.0
675,0.0,9,0.050000000000000044,1.1049859494960401e-05,0.03657963126897812,0.0024530424270778894,0.00024103443138301373,0.0011346451938152313,,,,dqn_icm,cartpole,sparse,0.001,0.99,5,1.0
676,0.0,9,0.050000000000000044,6.819187547080219e-06,0.038901686668395996,0.0023777063470333815,0.0002991853980347514,0.0014348020777106285,,,,dqn_icm,cartpole,sparse,0.001,0.99,5,1.0
677,0.0,10,0.050000000000000044,7.203317181847524e-06,0.039435554295778275,0.002066334942355752,0.00037887616781517863,0.0018297400092706084,,,,dqn_icm,cartpole,sparse,0.001,0.99,5,1.0
678,0.0,11,0.050000000000000044,6.917704922670964e-06,0.03892144560813904,0.002327087800949812,0.00029387525864876807,0.0013988640857860446,,,,dqn_icm,cartpole,sparse,0.001,0.99,5,1.0
679,0.0,9,0.050000000000000044,8.432020877080504e-06,0.037339672446250916,0.0026237291749566793,0.0002453474444337189,0.0011755963787436485,,,,dqn_icm,cartpole,sparse,0.001,0.99,5,1.0
680,0.0,10,0.050000000000000044,8.071897354966495e-06,0.03762578219175339,0.002402910031378269,0.0004092309682164341,0.001983078196644783,,,,dqn_icm,cartpole,sparse,0.001,0.99,5,1.0
681,0.0,8,0.050000000000000044,5.865188086318085e-06,0.036071959882974625,0.0019254900980740786,0.0003396847750991583,0.0016256017843261361,,,,dqn_icm,cartpole,sparse,0.001,0.99,5,1.0
682,0.0,10,0.050000000000000044,5.902164957660716e-06,0.037032581865787506,0.0019431393593549728,0.00018542553880251944,0.0008617710554972291,,,,dqn_icm,cartpole,sparse,0.001,0.99,5,1.0
683,0.0,11,0.050000000000000044,3.352733756400994e-06,0.03899428993463516,0.001630372367799282,0.0001852987625170499,0.0008775583701208234,,,,dqn_icm,cartpole,sparse,0.001,0.99,5,1.0
684,0.0,9,0.050000000000000044,6.719091288687196e-06,0.04094316437840462,0.002162247896194458,0.0003365403681527823,0.0016154083423316479,,,,dqn_icm,cartpole,sparse,0.001,0.99,5,1.0
685,0.0,10,0.050000000000000044,1.335720116912853e-05,0.04436662793159485,0.0023243287578225136,0.00041249513742513955,0.0020148514304310083,,,,dqn_icm,cartpole,sparse,0.001,0.99,5,1.0
686,0.0,10,0.050000000000000044,1.820963734644465e-05,0.040525034070014954,0.0027670543640851974,0.0003069537051487714,0.001476564910262823,,,,dqn_icm,cartpole,sparse,0.001,0.99,5,1.0
687,0.0,9,0.050000000000000044,1.1042793630622327e-05,0.0393243208527565,0.0024737196508795023,0.00022641757095698267,0.0010831821709871292,,,,dqn_icm,cartpole,sparse,0.001,0.99,5,1.0
688,0.0,9,0.050000000000000044,9.48100205278024e-06,0.037698276340961456,0.0023974524810910225,0.0001571313914610073,0.0007301799487322569,,,,dqn_icm,cartpole,sparse,0.001,0.99,5,1.0
689,0.0,10,0.050000000000000044,7.064908459142316e-06,0.03921417146921158,0.0024479259736835957,0.00026894957409240305,0.0012961699394509196,,,,dqn_icm,cartpole,sparse,0.001,0.99,5,1.0
690,0.0,9,0.050000000000000044,8.240273928095121e-06,0.04014145955443382,0.0022531747817993164,0.0003169361443724483,0.00152209575753659,,,,dqn_icm,cartpole,sparse,0.001,0.99,5,1.0
691,0.0,9,0.050000000000000044,6.947305337234866e-06,0.03773615509271622,0.0025599237997084856,0.00024240411585196853,0.0011567818000912666,,,,dqn_icm,cartpole,sparse,0.001,0.99,5,1.0
692,0.0,13,0.050000000000000044,5.5740674724802375e-06,0.04035463556647301,0.0019735617097467184,0.0003059123700950295,0.00147585803642869,,,,dqn_icm,cartpole,sparse,0.001,0.99,5,1.0
693,0.0,9,0.050000000000000044,6.1050404838169925e-06,0.041604310274124146,0.002085310872644186,0.0002637567522469908,0.0012600133195519447,,,,dqn_icm,cartpole,sparse,0.001,0.99,5,1.0
694,0.0,11,0.050000000000000044,4.945904947817326e-06,0.0386480838060379,0.001806983957067132,0.00030133890686556697,0.001457788748666644,,,,dqn_icm,cartpole,sparse,0.001,0.99,5,1.0
695,0.0,10,0.050000000000000044,4.932907359034289e-06,0.04200703650712967,0.001809120294637978,0.0002808693971019238,0.0013422091724351048,,,,dqn_icm,cartpole,sparse,0.001,0.99,5,1.0
696,0.0,9,0.050000000000000044,7.847542292438447e-06,0.03737640008330345,0.002160136355087161,0.0003090609097853303,0.0014876967761665583,,,,dqn_icm,cartpole,sparse,0.001,0.99,5,1.0
697,0.0,10,0.050000000000000044,2.8874185318272794e-06,0.043013982474803925,0.0016857095761224627,0.00034714434877969325,0.0016817497089505196,,,,dqn_icm,cartpole,sparse,0.001,0.99,5,1.0
698,0.0,10,0.050000000000000044,6.6991656240134034e-06,0.042080581188201904,0.0022312854416668415,0.000327655638102442,0.0015921145677566528,,,,dqn_icm,cartpole,sparse,0.001,0.99,5,1.0
699,0.0,10,0.050000000000000044,2.1503630705410615e-05,0.039962127804756165,0.0029610125347971916,0.00043598967022262514,0.0021197774913161993,,,,dqn_icm,cartpole,sparse,0.001,0.99,5,1.0
700,0.0,13,0.050000000000000044,4.334872755862307e-06,0.04014018923044205,0.0019313124939799309,0.0004641904088202864,0.002259931992739439,0.0,0.0,9.6,dqn_icm,cartpole,sparse,0.001,0.99,5,1.0
701,0.0,9,0.050000000000000044,7.430473033309681e-06,0.03797249495983124,0.0020830004941672087,0.0002161047450499609,0.0010144965490326285,,,,dqn_icm,cartpole,sparse,0.001,0.99,5,1.0
702,0.0,9,0.050000000000000044,6.485542598966276e-06,0.03904980048537254,0.0020088355522602797,0.00028666926664300263,0.0013775264378637075,,,,dqn_icm,cartpole,sparse,0.001,0.99,5,1.0
703,0.0,10,0.050000000000000044,7.575932158943033e-06,0.034210097044706345,0.0022317140828818083,0.00037394292303361,0.0018034637905657291,,,,dqn_icm,cartpole,sparse,0.001,0.99,5,1.0
704,0.0,8,0.050000000000000044,4.383513442007825e-06,0.04262528568506241,0.001581506454385817,0.00024603292695246637,0.00118519295938313,,,,dqn_icm,cartpole,sparse,0.001,0.99,5,1.0
705,0.0,9,0.050000000000000044,9.53193102759542e-06,0.041966937482357025,0.0026295604184269905,0.0002403158287052065,0.0011424216208979487,,,,dqn_icm,cartpole,sparse,0.001,0.99,5,1.0
706,0.0,11,0.050000000000000044,3.649337031674804e-06,0.039787497371435165,0.0017778197070583701,0.00017535340157337487,0.0008224372868426144,,,,dqn_icm,cartpole,sparse,0.001,0.99,5,1.0
707,0.0,9,0.050000000000000044,7.999169611139223e-06,0.03970266506075859,0.0023570964112877846,0.00015109157538972795,0.0007008301909081638,,,,dqn_icm,cartpole,sparse,0.001,0.99,5,1.0
708,0.0,9,0.050000000000000044,9.523586413706653e-06,0.03596683591604233,0.0025968686677515507,0.00017289975949097425,0.0007986803539097309,,,,dqn_icm,cartpole,sparse,0.001,0.99,5,1.0
709,0.0,9,0.050000000000000044,4.024037934868829e-06,0.03750746697187424,0.0019317497499287128,0.00014151234063319862,0.0006559441098943353,,,,dqn_icm,cartpole,sparse,0.001,0.99,5,1.0
710,0.0,9,0.050000000000000044,2.951543137896806e-06,0.041852839291095734,0.00180007703602314,0.00016009162936825305,0.0007464265218004584,,,,dqn_icm,cartpole,sparse,0.001,0.99,5,1.0
711,0.0,10,0.050000000000000044,5.122526999912225e-06,0.03862922638654709,0.0015423981240019202,0.0001670624187681824,0.0007961518131196499,,,,dqn_icm,cartpole,sparse,0.001,0.99,5,1.0
712,0.0,9,0.050000000000000044,6.429801487684017e-06,0.03960119187831879,0.002234678715467453,0.00021353569172788411,0.0010031115962192416,,,,dqn_icm,cartpole,sparse,0.001,0.99,5,1.0
713,0.0,8,0.050000000000000044,1.8135810023522936e-05,0.04029228910803795,0.002163755241781473,0.00023160074488259852,0.0011012749746441841,,,,dqn_icm,cartpole,sparse,0.001,0.99,5,1.0
714,0.0,10,0.050000000000000044,4.837595497519942e-06,0.03795625641942024,0.0017323659267276525,0.00017560587730258703,0.000821017543785274,,,,dqn_icm,cartpole,sparse,0.001,0.99,5,1.0
715,0.0,8,0.050000000000000044,7.55146629671799e-06,0.03786948323249817,0.0016352363163605332,0.000280499632935971,0.0013533539604395628,,,,dqn_icm,cartpole,sparse,0.001,0.99,5,1.0
716,0.0,14,0.050000000000000044,2.5661312974989414e-05,0.03829536214470863,0.006376464851200581,0.00023323467758018523,0.0011153306113556027,,,,dqn_icm,cartpole,sparse,0.001,0.99,5,1.0
717,0.0,11,0.050000000000000044,3.829263005172834e-05,0.028549108654260635,0.004613443277776241,0.00015848931798245758,0.0007397262379527092,,,,dqn_icm,cartpole,sparse,0.001,0.99,5,1.0
718,0.0,11,0.050000000000000044,1.658694054640364e-05,0.0371016189455986,0.004289595410227776,0.00013624152052216232,0.0006251940503716469,,,,dqn_icm,cartpole,sparse,0.001,0.99,5,1.0
719,0.0,13,0.050000000000000044,3.2086689316201955e-05,0.039339132606983185,0.004601779393851757,0.00023127887106966227,0.0010989056900143623,,,,dqn_icm,cartpole,sparse,0.001,0.99,5,1.0
720,0.0,36,0.050000000000000044,1.6698812032700516e-05,0.03816640377044678,0.003779278602451086,0.00016253268404398113,0.000757260830141604,,,,dqn_icm,cartpole,sparse,0.001,0.99,5,1.0
721,0.0,9,0.050000000000000044,9.87866678769933e-06,0.032541725784540176,0.0037316037341952324,0.00013584911357611418,0.0006212204461917281,,,,dqn_icm,cartpole,sparse,0.001,0.99,5,1.0
722,0.0,10,0.050000000000000044,2.852013858500868e-05,0.032269589602947235,0.00536368926987052,0.0002032716729445383,0.00097004568669945,,,,dqn_icm,cartpole,sparse,0.001,0.99,5,1.0
723,0.0,10,0.050000000000000044,1.1407832062104717e-05,0.03996095061302185,0.003170829266309738,0.00016917493485379964,0.0007896823808550835,,,,dqn_icm,cartpole,sparse,0.001,0.99,5,1.0
724,0.0,10,0.050000000000000044,1.950576734088827e-05,0.04233696311712265,0.004225302487611771,0.00017228038632310927,0.0008127345936372876,,,,dqn_icm,cartpole,sparse,0.001,0.99,5,1.0
725,0.0,10,0.050000000000000044,9.055072041519452e-06,0.03669809177517891,0.002538833301514387,0.00013728055637329817,0.0006288992008194327,,,,dqn_icm,cartpole,sparse,0.001,0.99,5,1.0
726,0.0,25,0.050000000000000044,5.199207953410223e-05,0.03936358913779259,0.005243176594376564,0.00033253274159505963,0.0016129235737025738,,,,dqn_icm,cartpole,sparse,0.001,0.99,5,1.0
727,0.0,9,0.050000000000000044,1.6572968888795003e-05,0.04008655622601509,0.003778708167374134,0.00021181776537559927,0.0010006166994571686,,,,dqn_icm,cartpole,sparse,0.001,0.99,5,1.0
728,0.0,9,0.050000000000000044,1.2874204912804998e-05,0.03988198563456535,0.003798053599894047,0.00018384472059551626,0.000864089117385447,,,,dqn_icm,cartpole,sparse,0.001,0.99,5,1.0
729,0.0,10,0.050000000000000044,1.625679033168126e-05,0.03598306328058243,0.003679289249703288,0.00021798140369355679,0.0010434153955429792,,,,dqn_icm,cartpole,sparse,0.001,0.99,5,1.0
730,0.0,25,0.050000000000000044,8.715198418940417e-06,0.040065765380859375,0.002847976516932249,0.0002866435388568789,0.0013777255080640316,,,,dqn_icm,cartpole,sparse,0.001,0.99,5,1.0
731,0.0,12,0.050000000000000044,1.1399513823562302e-05,0.04034282639622688,0.00281582772731781,0.00014013925101608038,0.0006528337253257632,,,,dqn_icm,cartpole,sparse,0.001,0.99,5,1.0
732,0.0,11,0.050000000000000044,1.0435429430799559e-05,0.03807950019836426,0.0029333753045648336,0.00026364042423665524,0.0012675232719630003,,,,dqn_icm,cartpole,sparse,0.001,0.99,5,1.0
733,0.0,10,0.050000000000000044,8.603253263572697e-06,0.04158423840999603,0.0024002946447581053,0.00021268527780193835,0.0010123751126229763,,,,dqn_icm,cartpole,sparse,0.001,0.99,5,1.0
734,0.0,10,0.050000000000000044,1.1057657502533402e-05,0.03895474225282669,0.00258506927639246,0.0002451011096127331,0.0011770471464842558,,,,dqn_icm,cartpole,sparse,0.001,0.99,5,1.0
735,0.0,9,0.050000000000000044,2.0208175556035712e-05,0.03558143228292465,0.0033829915337264538,0.00011252707918174565,0.0005173656390979886,,,,dqn_icm,cartpole,sparse,0.001,0.99,5,1.0
736,0.0,8,0.050000000000000044,5.2413133744266815e-06,0.04229545593261719,0.0021604569628834724,0.0001910275750560686,0.0009158881730400026,,,,dqn_icm,cartpole,sparse,0.001,0.99,5,1.0
737,0.0,10,0.050000000000000044,1.0356381608289666e-05,0.03925419598817825,0.002171204425394535,0.00016066749230958521,0.0007469216943718493,,,,dqn_icm,cartpole,sparse,0.001,0.99,5,1.0
738,0.0,10,0.050000000000000044,2.2788224669056945e-05,0.03352795168757439,0.00393232936039567,0.00017483190458733588,0.0008204557234421372,,,,dqn_icm,cartpole,sparse,0.001,0.99,5,1.0
739,0.0,10,0.050000000000000044,1.3336180018086452e-05,0.03774486482143402,0.003785817651078105,0.0001561881072120741,0.000733346154447645,,,,dqn_icm,cartpole,sparse,0.001,0.99,5,1.0
740,0.0,27,0.050000000000000044,5.699390385416336e-06,0.03900444135069847,0.002395329996943474,0.00014183255552779883,0.0006507800426334143,,,,dqn_icm,cartpole,sparse,0.001,0.99,5,1.0
741,0.0,9,0.050000000000000044,1.0324438335373998e-05,0.03549090027809143,0.0030140273738652468,0.00021000734705012292,0.0009998497553169727,,,,dqn_icm,cartpole,sparse,0.001,0.99,5,1.0
742,0.0,10,0.050000000000000044,1.6828336811158806e-05,0.03909078612923622,0.0037327250465750694,0.00017607994959689677,0.00082887161988765,,,,dqn_icm,cartpole,sparse,0.001,0.99,5,1.0
743,0.0,12,0.050000000000000044,1.1396954505471513e-05,0.034749388694763184,0.0027889085467904806,0.0001608088641660288,0.0007572248578071594,,,,dqn_icm,cartpole,sparse,0.001,0.99,5,1.0
744,0.0,11,0.050000000000000044,1.222136415890418e-05,0.036959052085876465,0.002974944654852152,0.00020852513262070715,0.000993451802060008,,,,dqn_icm,cartpole,sparse,0.001,0.99,5,1.0
745,0.0,11,0.050000000000000044,1.3606970242108218e-05,0.03736226633191109,0.002978177275508642,0.0002348945999983698,0.0011252991389483213,,,,dqn_icm,cartpole,sparse,0.001,0.99,5,1.0
746,0.0,27,0.050000000000000044,8.378507118322887e-06,0.038535937666893005,0.002655178541317582,0.00014197087148204446,0.0006712304893881083,,,,dqn_icm,cartpole,sparse,0.001,0.99,5,1.0
747,0.0,9,0.050000000000000044,7.243300387926865e-06,0.0392574705183506,0.002530924277380109,0.00013508254778571427,0.0006251659942790866,,,,dqn_icm,cartpole,sparse,0.001,0.99,5,1.0
748,0.0,26,0.050000000000000044,1.1001043276337441e-05,0.03658652678132057,0.002645603148266673,0.0001375635911244899,0.000632057839538902,,,,dqn_icm,cartpole,sparse,0.001,0.99,5,1.0
749,0.0,10,0.050000000000000044,7.911889042588882e-06,0.036926306784152985,0.0025574988685548306,0.00018339735106565058,0.0008633425459265709,,,,dqn_icm,cartpole,sparse,0.001,0.99,5,1.0
750,0.0,11,0.050000000000000044,1.9870603864546865e-05,0.037148281931877136,0.0037793037481606007,0.00022939048358239233,0.001101026777178049,0.0,0.0,9.8,dqn_icm,cartpole,sparse,0.001,0.99,5,1.0
751,0.0,11,0.050000000000000044,1.0936264516203664e-05,0.03622901067137718,0.0026111803017556667,0.00015909042849671096,0.0007485433015972376,,,,dqn_icm,cartpole,sparse,0.001,0.99,5,1.0
752,0.0,10,0.050000000000000044,2.8045717499480816e-06,0.04060859978199005,0.001670659170486033,0.0001472969161113724,0.0006917810533195734,,,,dqn_icm,cartpole,sparse,0.001,0.99,5,1.0
753,0.0,12,0.050000000000000044,9.305887942900881e-06,0.04025161266326904,0.002911929041147232,0.00023244903422892094,0.0011035494972020388,,,,dqn_icm,cartpole,sparse,0.001,0.99,5,1.0
754,0.0,12,0.050000000000000044,8.86570614966331e-06,0.03418058156967163,0.0030886190943419933,0.00014624750474467874,0.0006779509130865335,,,,dqn_icm,cartpole,sparse,0.001,0.99,5,1.0
755,0.0,11,0.050000000000000044,2.1411673515103757e-05,0.037813447415828705,0.0034409863874316216,0.0002302608045283705,0.0010974809993058443,,,,dqn_icm,cartpole,sparse,0.001,0.99,5,1.0
756,0.0,10,0.050000000000000044,7.21459582564421e-06,0.038320593535900116,0.0026418576017022133,0.00025067993556149304,0.0012092324905097485,,,,dqn_icm,cartpole,sparse,0.001,0.99,5,1.0
757,0.0,9,0.050000000000000044,1.2949914889759384e-05,0.03848567605018616,0.003240964375436306,0.00025933931465260684,0.001247418113052845,,,,dqn_icm,cartpole,sparse,0.001,0.99,5,1.0
758,0.0,10,0.050000000000000044,1.0721356375142932e-05,0.036752909421920776,0.0026459689252078533,0.00018061431183014065,0.0008548215846531093,,,,dqn_icm,cartpole,sparse,0.001,0.99,5,1.0
759,0.0,10,0.050000000000000044,9.11250572244171e-06,0.038444653153419495,0.0023667863570153713,0.00018424536392558366,0.0008804870303720236,,,,dqn_icm,cartpole,sparse,0.001,0.99,5,1.0
760,0.0,12,0.050000000000000044,1.5248086128849536e-05,0.038337673991918564,0.0030254931189119816,0.0002636692952364683,0.0012725252890959382,,,,dqn_icm,cartpole,sparse,0.001,0.99,5,1.0
761,0.0,26,0.050000000000000044,7.383296633634018e-06,0.04125775769352913,0.0023553005885332823,0.00020679328008554876,0.0009807096794247627,,,,dqn_icm,cartpole,sparse,0.001,0.99,5,1.0
762,0.0,12,0.050000000000000044,1.8209429981652647e-05,0.03365123271942139,0.0036447825841605663,0.00028270258917473257,0.0013606732245534658,,,,dqn_icm,cartpole,sparse,0.001,0.99,5,1.0
763,0.0,26,0.050000000000000044,1.2617745596799068e-05,0.04270550608634949,0.0028916504234075546,0.00021910057694185525,0.0010530047584325075,,,,dqn_icm,cartpole,sparse,0.001,0.99,5,1.0
764,0.0,8,0.050000000000000044,6.9461493694689125e-06,0.03810401260852814,0.002354579046368599,0.0004201928968541324,0.002055277582257986,,,,dqn_icm,cartpole,sparse,0.001,0.99,5,1.0
765,0.0,11,0.050000000000000044,5.405085630627582e-06,0.03697768598794937,0.002319367602467537,0.0002782538067549467,0.001341469120234251,,,,dqn_icm,cartpole,sparse,0.001,0.99,5,1.0
766,0.0,12,0.050000000000000044,4.848467142437585e-06,0.03816867619752884,0.002177010290324688,0.0001688017073320225,0.0007939108181744814,,,,dqn_icm,cartpole,sparse,0.001,0.99,5,1.0
767,0.0,25,0.050000000000000044,1.104310285882093e-05,0.037468332797288895,0.0028656674548983574,0.00018552871188148856,0.0008765921229496598,,,,dqn_icm,cartpole,sparse,0.001,0.99,5,1.0
768,0.0,10,0.050000000000000044,1.6411173419328406e-05,0.03349219262599945,0.0037103109061717987,0.00016259876429103315,0.0007641477277502418,,,,dqn_icm,cartpole,sparse,0.001,0.99,5,1.0
769,0.0,9,0.050000000000000044,2.0096775187994353e-05,0.04693532735109329,0.002987007610499859,0.00022813472605776042,0.0010983841493725777,,,,dqn_icm,cartpole,sparse,0.001,0.99,5,1.0
770,0.0,10,0.050000000000000044,5.6476328609278426e-06,0.04008592665195465,0.002284865826368332,0.0001994345075218007,0.0009514559060335159,,,,dqn_icm,cartpole,sparse,0.001,0.99,5,1.0
771,0.0,11,0.050000000000000044,8.206469829019625e-06,0.03794792667031288,0.0024747163988649845,0.00024020345881581306,0.0011496676597744226,,,,dqn_icm,cartpole,sparse,0.001,0.99,5,1.0
772,0.0,10,0.050000000000000044,1.7540762200951576e-05,0.03295006975531578,0.0034403204917907715,0.00022409218945540488,0.0010665783192962408,,,,dqn_icm,cartpole,sparse,0.001,0.99,5,1.0
773,0.0,11,0.050000000000000044,1.091536341846222e-05,0.037327710539102554,0.003000069409608841,0.00026864526444114745,0.0012985228095203638,,,,dqn_icm,cartpole,sparse,0.001,0.99,5,1.0
774,0.0,11,0.050000000000000044,1.4767543689231388e-05,0.03711959719657898,0.0032221004366874695,0.00018201932834926993,0.0008628152427263558,,,,dqn_icm,cartpole,sparse,0.001,0.99,5,1.0
775,0.0,10,0.050000000000000044,6.898022547829896e-06,0.037869930267333984,0.002494879998266697,0.0002040080726146698,0.0009710901649668813,,,,dqn_icm,cartpole,sparse,0.001,0.99,5,1.0
776,0.0,25,0.050000000000000044,1.1150863429065794e-05,0.03892698138952255,0.002970862202346325,0.00025721287238411605,0.0012244926765561104,,,,dqn_icm,cartpole,sparse,0.001,0.99,5,1.0
777,0.0,10,0.050000000000000044,1.0332953024771996e-05,0.038058869540691376,0.0029355071019381285,0.00018712901510298252,0.0008841167436912656,,,,dqn_icm,cartpole,sparse,0.001,0.99,5,1.0
778,0.0,11,0.050000000000000044,2.544391008996172e-06,0.04054940864443779,0.0017082601552829146,0.00023197861446533352,0.0011190937366336584,,,,dqn_icm,cartpole,sparse,0.001,0.99,5,1.0
779,0.0,11,0.050000000000000044,2.3221244191518053e-05,0.04103163257241249,0.0026991483755409718,0.0003599486080929637,0.0017543542198836803,,,,dqn_icm,cartpole,sparse,0.001,0.99,5,1.0
780,0.0,14,0.050000000000000044,7.182387435022974e-06,0.044651832431554794,0.0025908811949193478,0.00021616257436107844,0.00104612298309803,,,,dqn_icm,cartpole,sparse,0.001,0.99,5,1.0
781,0.0,11,0.050000000000000044,1.2802842320525087e-05,0.03750181943178177,0.002982228994369507,0.0003541524347383529,0.0017227805219590664,,,,dqn_icm,cartpole,sparse,0.001,0.99,5,1.0
782,0.0,10,0.050000000000000044,8.36352955957409e-06,0.03884810581803322,0.0023968948516994715,0.00018406540038995445,0.0008805110119283199,,,,dqn_icm,cartpole,sparse,0.001,0.99,5,1.0
783,0.0,10,0.050000000000000044,5.057073394709732e-06,0.04388490691781044,0.002164291450753808,0.0003409042546991259,0.0016579402144998312,,,,dqn_icm,cartpole,sparse,0.001,0.99,5,1.0
784,0.0,11,0.050000000000000044,2.1018988263676874e-05,0.04288635775446892,0.003572119167074561,0.00023350375704467297,0.001121831825003028,,,,dqn_icm,cartpole,sparse,0.001,0.99,5,1.0
785,0.0,10,0.050000000000000044,2.8895039577037096e-05,0.03766863793134689,0.004237439017742872,0.00020683862385340035,0.0009855258977040648,,,,dqn_icm,cartpole,sparse,0.001,0.99,5,1.0
786,0.0,10,0.050000000000000044,8.166622137650847e-06,0.03807780146598816,0.002591534052044153,0.0003131454286631197,0.0015205766540020704,,,,dqn_icm,cartpole,sparse,0.001,0.99,5,1.0
787,0.0,11,0.050000000000000044,1.0514280802453868e-05,0.04147037863731384,0.003135868813842535,0.00030997017165645957,0.0015024056192487478,,,,dqn_icm,cartpole,sparse,0.001,0.99,5,1.0
788,0.0,10,0.050000000000000044,1.7571468561072834e-05,0.04369271919131279,0.003243674524128437,0.00045878475066274405,0.0022478194441646338,,,,dqn_icm,cartpole,sparse,0.001,0.99,5,1.0
789,0.0,10,0.050000000000000044,1.8765796994557604e-05,0.038360871374607086,0.0034461854957044125,0.0004800724855158478,0.002350234892219305,,,,dqn_icm,cartpole,sparse,0.001,0.99,5,1.0
790,0.0,27,0.050000000000000044,1.2723296094918624e-05,0.042741864919662476,0.0032462184317409992,0.0004316459526307881,0.0021072824019938707,,,,dqn_icm,cartpole,sparse,0.001,0.99,5,1.0
791,0.0,11,0.050000000000000044,1.587433689564932e-05,0.03697590529918671,0.002730779815465212,0.000547542585991323,0.00269357580691576,,,,dqn_icm,cartpole,sparse,0.001,0.99,5,1.0
792,0.0,9,0.050000000000000044,1.7408354324288666e-05,0.04216155782341957,0.0031431089155375957,0.0005971234641037881,0.0029489307198673487,,,,dqn_icm,cartpole,sparse,0.001,0.99,5,1.0
793,0.0,9,0.050000000000000044,2.591769225546159e-05,0.041863422840833664,0.004430027678608894,0.0007309301872737706,0.003606459591537714,,,,dqn_icm,cartpole,sparse,0.001,0.99,5,1.0
794,0.0,10,0.050000000000000044,2.0132858480792493e-05,0.041293129324913025,0.0045171394012868404,0.0007276027463376522,0.003591402666643262,,,,dqn_icm,cartpole,sparse,0.001,0.99,5,1.0
795,0.0,12,0.050000000000000044,2.6189005438936874e-05,0.04055102914571762,0.004627432208508253,0.00038429905544035137,0.001868715276941657,,,,dqn_icm,cartpole,sparse,0.001,0.99,5,1.0
796,0.0,11,0.050000000000000044,1.0927170478680637e-05,0.04074297100305557,0.003438366577029228,0.00044047343544662,0.0021564271301031113,,,,dqn_icm,cartpole,sparse,0.001,0.99,5,1.0
797,0.0,12,0.050000000000000044,6.717853466398083e-06,0.03979165852069855,0.002231734339147806,0.00022264425933826715,0.0010757001582533121,,,,dqn_icm,cartpole,sparse,0.001,0.99,5,1.0
798,0.0,44,0.050000000000000044,7.439450200763531e-06,0.03843463584780693,0.002286450006067753,0.00017151694919448346,0.0008232822874560952,,,,dqn_icm,cartpole,sparse,0.001,0.99,5,1.0
799,0.0,10,0.050000000000000044,8.431827154709026e-06,0.039399657398462296,0.002857034094631672,0.00021673338778782636,0.0010520764626562595,,,,dqn_icm,cartpole,sparse,0.001,0.99,5,1.0
800,0.0,12,0.050000000000000044,1.6488909750478342e-05,0.03751642256975174,0.002850087359547615,0.00035512709291651845,0.0017317068995907903,0.0,0.0,11.1,dqn_icm,cartpole,sparse,0.001,0.99,5,1.0
801,0.0,11,0.050000000000000044,1.0423291314509697e-05,0.039680421352386475,0.0024481751024723053,0.0002744764497037977,0.0013336391421034932,,,,dqn_icm,cartpole,sparse,0.001,0.99,5,1.0
802,0.0,9,0.050000000000000044,1.1370759239071049e-05,0.042231425642967224,0.003261672332882881,0.00034572157892398536,0.0016839045565575361,,,,dqn_icm,cartpole,sparse,0.001,0.99,5,1.0
803,0.0,10,0.050000000000000044,1.025703750201501e-05,0.03841513395309448,0.003056921064853668,0.00027353386394679546,0.0013285388704389334,,,,dqn_icm,cartpole,sparse,0.001,0.99,5,1.0
804,0.0,26,0.050000000000000044,1.0285009011568036e-05,0.036321669816970825,0.0027535269036889076,0.00027678339392878115,0.0013399883173406124,,,,dqn_icm,cartpole,sparse,0.001,0.99,5,1.0
805,0.0,10,0.050000000000000044,7.792365067871287e-06,0.03959809988737106,0.0025576152838766575,0.00026022858219221234,0.0012612969148904085,,,,dqn_icm,cartpole,sparse,0.001,0.99,5,1.0
806,0.0,12,0.050000000000000044,6.520087936223717e-06,0.04196687042713165,0.002029106020927429,0.0001805658102966845,0.0008506451267749071,,,,dqn_icm,cartpole,sparse,0.001,0.99,5,1.0
807,0.0,11,0.050000000000000044,3.5119742278766353e-06,0.03683267533779144,0.001955590443685651,0.00023045469424687326,0.001113321864977479,,,,dqn_icm,cartpole,sparse,0.001,0.99,5,1.0
808,0.0,10,0.050000000000000044,2.149360443581827e-05,0.03244310989975929,0.0036608967930078506,0.0002031634794548154,0.0009727530414238572,,,,dqn_icm,cartpole,sparse,0.001,0.99,5,1.0
809,0.0,10,0.050000000000000044,7.406058102787938e-06,0.0394631028175354,0.002342195250093937,0.00026916342903859913,0.0012966583017259836,,,,dqn_icm,cartpole,sparse,0.001,0.99,5,1.0
810,0.0,11,0.050000000000000044,1.1733752216969151e-05,0.03942204266786575,0.002946519758552313,0.0003546553780324757,0.0017297357553616166,,,,dqn_icm,cartpole,sparse,0.001,0.99,5,1.0
811,0.0,11,0.050000000000000044,7.658381946384907e-06,0.03883308172225952,0.0025173360481858253,0.0002454213099554181,0.0011877674842253327,,,,dqn_icm,cartpole,sparse,0.001,0.99,5,1.0
812,0.0,10,0.050000000000000044,9.220564606948756e-06,0.04144745320081711,0.002616529120132327,0.00033448627800680697,0.0016307079931721091,,,,dqn_icm,cartpole,sparse,0.001,0.99,5,1.0
813,0.0,10,0.050000000000000044,1.2202299330965616e-05,0.03774014860391617,0.003233655821532011,0.00024784510605968535,0.0011847468558698893,,,,dqn_icm,cartpole,sparse,0.001,0.99,5,1.0
814,0.0,10,0.050000000000000044,1.2226595572428778e-05,0.0369146429002285,0.002915281569585204,0.00040211324812844396,0.0019636573269963264,,,,dqn_icm,cartpole,sparse,0.001,0.99,5,1.0
815,0.0,13,0.050000000000000044,7.550612281193025e-06,0.03724902868270874,0.0025206280406564474,0.0003757281810976565,0.0018266804981976748,,,,dqn_icm,cartpole,sparse,0.001,0.99,5,1.0
816,0.0,50,0.050000000000000044,7.71382747188909e-06,0.0435909628868103,0.0026270016096532345,0.0006346734589897096,0.00312465475872159,,,,dqn_icm,cartpole,sparse,0.001,0.99,5,1.0
817,0.0,8,0.050000000000000044,2.4620789190521464e-05,0.041077494621276855,0.003590924199670553,0.0006922456668689847,0.003413574304431677,,,,dqn_icm,cartpole,sparse,0.001,0.99,5,1.0
818,0.0,9,0.050000000000000044,1.881453863461502e-05,0.04150565713644028,0.004645018372684717,0.0002916021039709449,0.001411101664416492,,,,dqn_icm,cartpole,sparse,0.001,0.99,5,1.0
819,0.0,11,0.050000000000000044,2.252095873700455e-05,0.04109276086091995,0.002982154954224825,0.0005475999787449837,0.0026974088978022337,,,,dqn_icm,cartpole,sparse,0.001,0.99,5,1.0
820,0.0,22,0.050000000000000044,6.54392806609394e-06,0.043279293924570084,0.0024027246981859207,0.0002616083947941661,0.0012611927231773734,,,,dqn_icm,cartpole,sparse,0.001,0.99,5,1.0
821,0.0,11,0.050000000000000044,1.1205221198906656e-05,0.039592061191797256,0.0026937653310596943,0.0003688795550260693,0.0017952240305021405,,,,dqn_icm,cartpole,sparse,0.001,0.99,5,1.0
822,0.0,10,0.050000000000000044,1.075121144822333e-05,0.037057794630527496,0.0028683601412922144,0.0002847151190508157,0.0013749529607594013,,,,dqn_icm,cartpole,sparse,0.001,0.99,5,1.0
823,0.0,42,0.050000000000000044,7.441603884217329e-06,0.04178392142057419,0.0023518018424510956,0.0003555840812623501,0.0017375380266457796,,,,dqn_icm,cartpole,sparse,0.001,0.99,5,1.0
824,0.0,10,0.050000000000000044,2.8265898436075076e-05,0.03827854245901108,0.004075063392519951,0.0005481409607455134,0.002684453036636114,,,,dqn_icm,cartpole,sparse,0.001,0.99,5,1.0
825,0.0,25,0.050000000000000044,3.6201265174895525e-05,0.04878157377243042,0.0038861047942191362,0.0006482623866759241,0.0031991414725780487,,,,dqn_icm,cartpole,sparse,0.001,0.99,5,1.0
826,0.0,9,0.050000000000000044,2.8399861548678018e-05,0.044549256563186646,0.00444607250392437,0.0002111527428496629,0.0010159625671803951,,,,dqn_icm,cartpole,sparse,0.001,0.99,5,1.0
827,0.0,11,0.050000000000000044,1.0714325981098227e-05,0.04610448330640793,0.002427513711154461,0.0004943127860315144,0.002433714922517538,,,,dqn_icm,cartpole,sparse,0.001,0.99,5,1.0
828,0.0,12,0.050000000000000044,1.7930691683432087e-05,0.03869983181357384,0.003933505155146122,0.0001919488568091765,0.0009129546815529466,,,,dqn_icm,cartpole,sparse,0.001,0.99,5,1.0
829,0.0,11,0.050000000000000044,1.7572192518855445e-05,0.040529195219278336,0.0030198777094483376,0.0002355134201934561,0.0011365590617060661,,,,dqn_icm,cartpole,sparse,0.001,0.99,5,1.0
830,0.0,10,0.050000000000000044,7.688284313189797e-06,0.044185638427734375,0.002600095933303237,0.0002106542669935152,0.0010044850641861558,,,,dqn_icm,cartpole,sparse,0.001,0.99,5,1.0
831,0.0,9,0.050000000000000044,1.1535406883922406e-05,0.038627222180366516,0.003045259043574333,0.0004470112326089293,0.002195225330069661,,,,dqn_icm,cartpole,sparse,0.001,0.99,5,1.0
832,0.0,12,0.050000000000000044,7.359260962402914e-06,0.04005792737007141,0.0029450473375618458,0.0002674719726201147,0.0012981102336198092,,,,dqn_icm,cartpole,sparse,0.001,0.99,5,1.0
833,0.0,10,0.050000000000000044,5.948381840426009e-06,0.037675321102142334,0.002148047089576721,0.00022433395497500896,0.0010877547319978476,,,,dqn_icm,cartpole,sparse,0.001,0.99,5,1.0
834,0.0,13,0.050000000000000044,1.4231869499781169e-05,0.040966056287288666,0.0037032573018223047,0.00036847314913757145,0.0017952779307961464,,,,dqn_icm,cartpole,sparse,0.001,0.99,5,1.0
835,0.0,10,0.050000000000000044,2.0929775928379968e-05,0.03751085698604584,0.004016051068902016,0.0003498650330584496,0.0017017903737723827,,,,dqn_icm,cartpole,sparse,0.001,0.99,5,1.0
836,0.0,12,0.050000000000000044,2.617069912957959e-05,0.040704578161239624,0.0035503599792718887,0.00044755093404091895,0.002197566442191601,,,,dqn_icm,cartpole,sparse,0.001,0.99,5,1.0
837,0.0,11,0.050000000000000044,6.7183468672737945e-06,0.03766198456287384,0.001860512769781053,0.0001987702853512019,0.0009517705766484141,,,,dqn_icm,cartpole,sparse,0.001,0.99,5,1.0
838,0.0,45,0.050000000000000044,6.077272701077163e-06,0.03622084856033325,0.002185807330533862,0.00014541709970217198,0.0006909054354764521,,,,dqn_icm,cartpole,sparse,0.001,0.99,5,1.0
839,0.0,10,0.050000000000000044,8.709614121471532e-06,0.04209953919053078,0.002506282413378358,0.0001474803575547412,0.0007014601142145693,,,,dqn_icm,cartpole,sparse,0.001,0.99,5,1.0
840,0.0,9,0.050000000000000044,2.7169746317667887e-05,0.03491295129060745,0.003064074320718646,0.0002438275405438617,0.0011681606993079185,,,,dqn_icm,cartpole,sparse,0.001,0.99,5,1.0
841,0.0,13,0.050000000000000044,1.4387422197614796e-05,0.03868503123521805,0.0026922556571662426,0.00023478097864426672,0.001133522717282176,,,,dqn_icm,cartpole,sparse,0.001,0.99,5,1.0
842,0.0,10,0.050000000000000044,8.747751962800976e-06,0.04167059063911438,0.0025496443267911673,0.00018644890224095434,0.0008830855367705226,,,,dqn_icm,cartpole,sparse,0.001,0.99,5,1.0
843,0.0,10,0.050000000000000044,1.3952871086075902e-05,0.03548692911863327,0.003434425685554743,0.00023170167696662247,0.0011131493374705315,,,,dqn_icm,cartpole,sparse,0.001,0.99,5,1.0
844,0.0,13,0.050000000000000044,1.2908529242849909e-05,0.03614836931228638,0.003120499663054943,0.00027471603243611753,0.001327356556430459,,,,dqn_icm,cartpole,sparse,0.001,0.99,5,1.0
845,0.0,9,0.050000000000000044,7.012045898591168e-06,0.03961452096700668,0.0020415405742824078,0.00035590396146290004,0.001745336689054966,,,,dqn_icm,cartpole,sparse,0.001,0.99,5,1.0
846,0.0,9,0.050000000000000044,1.5313547919504344e-05,0.03662877902388573,0.0031388457864522934,0.0003414399398025125,0.0016682185232639313,,,,dqn_icm,cartpole,sparse,0.001,0.99,5,1.0
847,0.0,11,0.050000000000000044,1.213226278196089e-05,0.03907449543476105,0.003289005486294627,0.0002325601817574352,0.0011278726160526276,,,,dqn_icm,cartpole,sparse,0.001,0.99,5,1.0
848,0.0,13,0.050000000000000044,1.0959616702166386e-05,0.03949412703514099,0.0027417349629104137,0.00020374628365971148,0.00098323670681566,,,,dqn_icm,cartpole,sparse,0.001,0.99,5,1.0
849,0.0,43,0.050000000000000044,9.514536941424012e-06,0.041598476469516754,0.0027559089940041304,0.00034474837593734264,0.0016812438843771815,,,,dqn_icm,cartpole,sparse,0.001,0.99,5,1.0
850,0.0,30,0.050000000000000044,4.9026501073967665e-05,0.04097278416156769,0.0038379845209419727,0.000503949704580009,0.002475850284099579,0.0,0.0,10.0,dqn_icm,cartpole,sparse,0.001,0.99,5,1.0
851,0.0,10,0.050000000000000044,2.109280467266217e-05,0.037399958819150925,0.0032779572065919638,0.00027187669184058905,0.0013151122257113457,,,,dqn_icm,cartpole,sparse,0.001,0.99,5,1.0
852,0.0,9,0.050000000000000044,1.0099423889187165e-05,0.03338807448744774,0.0029861964285373688,0.00023313172277994454,0.0011261706240475178,,,,dqn_icm,cartpole,sparse,0.001,0.99,5,1.0
853,0.0,10,0.050000000000000044,1.1285917935310863e-05,0.0400472916662693,0.0027448562905192375,0.00036481820279732347,0.0017883282853290439,,,,dqn_icm,cartpole,sparse,0.001,0.99,5,1.0
854,0.0,12,0.050000000000000044,7.745733455521986e-06,0.04251817986369133,0.0030188742093741894,0.0002568073687143624,0.0012463666498661041,,,,dqn_icm,cartpole,sparse,0.001,0.99,5,1.0
855,0.0,11,0.050000000000000044,1.0065934475278482e-05,0.040896207094192505,0.002881441731005907,0.00027469609631225467,0.001334797008894384,,,,dqn_icm,cartpole,sparse,0.001,0.99,5,1.0
856,0.0,12,0.050000000000000044,7.72386192693375e-06,0.041498105973005295,0.0021191430278122425,0.0002641377504914999,0.0012834358494728804,,,,dqn_icm,cartpole,sparse,0.001,0.99,5,1.0
857,0.0,10,0.050000000000000044,2.9663702662219293e-05,0.03931359574198723,0.0031587094999849796,0.0005803927197121084,0.0028595842886716127,,,,dqn_icm,cartpole,sparse,0.001,0.99,5,1.0
858,0.0,12,0.050000000000000044,1.6316442270181142e-05,0.042032428085803986,0.0023796919267624617,0.0003808746114373207,0.0018679245840758085,,,,dqn_icm,cartpole,sparse,0.001,0.99,5,1.0
859,0.0,24,0.050000000000000044,7.847315828257706e-06,0.039738621562719345,0.002591064665466547,0.00039478327380493283,0.0019384515471756458,,,,dqn_icm,cartpole,sparse,0.001,0.99,5,1.0
860,0.0,11,0.050000000000000044,6.301953362708446e-06,0.03868658095598221,0.002271725796163082,0.00026669041835702956,0.001291222288273275,,,,dqn_icm,cartpole,sparse,0.001,0.99,5,1.0
861,0.0,10,0.050000000000000044,6.374796612362843e-06,0.042766500264406204,0.0022119886707514524,0.000305053690681234,0.001477495301514864,,,,dqn_icm,cartpole,sparse,0.001,0.99,5,1.0
862,0.0,25,0.050000000000000044,5.124953531776555e-06,0.04013974964618683,0.0019630184397101402,0.0003773398348130286,0.0018502806778997183,,,,dqn_icm,cartpole,sparse,0.001,0.99,5,1.0
863,0.0,12,0.050000000000000044,1.61849420692306e-05,0.038176532834768295,0.0030181168112903833,0.00019725780293811113,0.0009435078245587647,,,,dqn_icm,cartpole,sparse,0.001,0.99,5,1.0
864,0.0,26,0.050000000000000044,8.798007911536843e-06,0.040739115327596664,0.003318334463983774,0.00021989755623508245,0.001052057254128158,,,,dqn_icm,cartpole,sparse,0.001,0.99,5,1.0
865,0.0,121,0.050000000000000044,1.409328615409322e-05,0.042710110545158386,0.0031454493291676044,0.00036291699507273734,0.0017739643808454275,,,,dqn_icm,cartpole,sparse,0.001,0.99,5,1.0
866,0.0,22,0.050000000000000044,1.6358637367375195e-05,0.035690560936927795,0.0036469646729528904,0.00023342788335867226,0.001128887990489602,,,,dqn_icm,cartpole,sparse,0.001,0.99,5,1.0
867,0.0,26,0.050000000000000044,1.0764773833216168e-05,0.04485540837049484,0.0031517832539975643,0.0003637557674665004,0.0017853109166026115,,,,dqn_icm,cartpole,sparse,0.001,0.99,5,1.0
868,0.0,16,0.050000000000000044,1.4568819096894003e-05,0.040205128490924835,0.0030534015968441963,0.00025295716477558017,0.001231824280694127,,,,dqn_icm,cartpole,sparse,0.001,0.99,5,1.0
869,0.0,52,0.050000000000000044,1.9667486412799917e-05,0.0366164855659008,0.004030441399663687,0.00031677322112955153,0.001545719220302999,,,,dqn_icm,cartpole,sparse,0.001,0.99,5,1.0
870,0.0,26,0.050000000000000044,0.0006101952749304473,0.06168677657842636,0.011651186272501945,0.0012340601533651352,0.006131885107606649,,,,dqn_icm,cartpole,sparse,0.001,0.99,5,1.0
871,0.0,12,0.050000000000000044,3.65347987099085e-05,0.04032895714044571,0.005773170385509729,0.0003873420355375856,0.0018985036294907331,,,,dqn_icm,cartpole,sparse,0.001,0.99,5,1.0
872,0.0,29,0.050000000000000044,8.379888458875939e-05,0.04802008718252182,0.005454902537167072,0.0009192244033329189,0.004556484520435333,,,,dqn_icm,cartpole,sparse,0.001,0.99,5,1.0
873,0.0,22,0.050000000000000044,8.633032120997086e-05,0.046082817018032074,0.00563071807846427,0.0005481611005961895,0.002701704390347004,,,,dqn_icm,cartpole,sparse,0.001,0.99,5,1.0
874,0.0,26,0.050000000000000044,1.3118169590597972e-05,0.03708583861589432,0.003472837619483471,0.0003611528663896024,0.0017693457193672657,,,,dqn_icm,cartpole,sparse,0.001,0.99,5,1.0
875,0.0,22,0.050000000000000044,9.181961104332004e-06,0.03688354790210724,0.0032747345976531506,0.0002654200070537627,0.0012938703875988722,,,,dqn_icm,cartpole,sparse,0.001,0.99,5,1.0
876,0.0,26,0.050000000000000044,7.208913302747533e-05,0.04176681488752365,0.005651828832924366,0.0004951691953465343,0.002443003701046109,,,,dqn_icm,cartpole,sparse,0.001,0.99,5,1.0
877,0.0,24,0.050000000000000044,1.7289017705479637e-05,0.03899608179926872,0.0046461657620966434,0.00041043985402211547,0.002010833937674761,,,,dqn_icm,cartpole,sparse,0.001,0.99,5,1.0
878,0.0,26,0.050000000000000044,1.4565435776603408e-05,0.04297926649451256,0.0032488368451595306,0.00044310957309789956,0.002180545125156641,,,,dqn_icm,cartpole,sparse,0.001,0.99,5,1.0
879,0.0,23,0.050000000000000044,4.767244899994694e-05,0.04560153931379318,0.0055298213846981525,0.0005439609521999955,0.002680376172065735,,,,dqn_icm,cartpole,sparse,0.001,0.99,5,1.0
880,0.0,24,0.050000000000000044,1.313101347477641e-05,0.04083491116762161,0.0037039844319224358,0.00030616551521234214,0.001499237259849906,,,,dqn_icm,cartpole,sparse,0.001,0.99,5,1.0
881,0.0,21,0.050000000000000044,2.8591051886905916e-05,0.04033881053328514,0.004743631929159164,0.00039256320451386273,0.001932685961946845,,,,dqn_icm,cartpole,sparse,0.001,0.99,5,1.0
882,0.0,80,0.050000000000000044,2.0113526261411607e-05,0.04340134933590889,0.003276971634477377,0.00038584289723075926,0.0018956569256260991,,,,dqn_icm,cartpole,sparse,0.001,0.99,5,1.0
883,0.0,24,0.050000000000000044,6.33171930530807e-06,0.03995853289961815,0.0024795301724225283,0.00042758966446854174,0.002097745193168521,,,,dqn_icm,cartpole,sparse,0.001,0.99,5,1.0
884,0.0,10,0.050000000000000044,1.01536134025082e-05,0.04058738425374031,0.003010250860825181,0.0003058627189602703,0.001498944591730833,,,,dqn_icm,cartpole,sparse,0.001,0.99,5,1.0
885,0.0,12,0.050000000000000044,9.216583748639096e-06,0.04318372905254364,0.002915770746767521,0.0003737767110578716,0.0018341935938224196,,,,dqn_icm,cartpole,sparse,0.001,0.99,5,1.0
886,0.0,25,0.050000000000000044,5.4715997976018116e-05,0.03837907314300537,0.0045664324425160885,0.00042585041956044734,0.0020964397117495537,,,,dqn_icm,cartpole,sparse,0.001,0.99,5,1.0
887,0.0,70,0.050000000000000044,1.5244537280523218e-05,0.04082776978611946,0.003690146841108799,0.0004713008238468319,0.0023212176747620106,,,,dqn_icm,cartpole,sparse,0.001,0.99,5,1.0
888,0.0,24,0.050000000000000044,1.0968430615321267e-05,0.04098382219672203,0.0032751113176345825,0.0003918212023563683,0.0019183362601324916,,,,dqn_icm,cartpole,sparse,0.001,0.99,5,1.0
889,0.0,58,0.050000000000000044,1.1717562301782891e-05,0.041634492576122284,0.0031662238761782646,0.0003514100972097367,0.0017264732159674168,,,,dqn_icm,cartpole,sparse,0.001,0.99,5,1.0
890,0.0,26,0.050000000000000044,1.11793888208922e-05,0.04357655718922615,0.0030267382971942425,0.0005242587649263442,0.0025827446952462196,,,,dqn_icm,cartpole,sparse,0.001,0.99,5,1.0
891,0.0,21,0.050000000000000044,3.4658391086850315e-05,0.03631551191210747,0.0041704922914505005,0.0003689450095407665,0.00180455157533288,,,,dqn_icm,cartpole,sparse,0.001,0.99,5,1.0
892,0.0,25,0.050000000000000044,1.3383821169554722e-05,0.04983172193169594,0.003296440467238426,0.00043718417873606086,0.0021570425014942884,,,,dqn_icm,cartpole,sparse,0.001,0.99,5,1.0
893,0.0,26,0.050000000000000044,3.526015643728897e-05,0.04687254875898361,0.005110566504299641,0.000823974609375,0.004084676504135132,,,,dqn_icm,cartpole,sparse,0.001,0.99,5,1.0
894,0.0,54,0.050000000000000044,0.001439062412828207,0.06549640744924545,0.018452467396855354,0.006099101155996323,0.0304546058177948,,,,dqn_icm,cartpole,sparse,0.001,0.99,5,1.0
895,0.0,10,0.050000000000000044,0.00027025252347812057,0.08313637226819992,0.013077677227556705,0.006570441648364067,0.032818205654621124,,,,dqn_icm,cartpole,sparse,0.001,0.99,5,1.0
896,0.0,10,0.050000000000000044,0.010609990917146206,0.06484977155923843,0.0318254791200161,0.010169352404773235,0.050810374319553375,,,,dqn_icm,cartpole,sparse,0.001,0.99,5,1.0
897,0.0,13,0.050000000000000044,0.00021272615413181484,0.06092245876789093,0.008479824289679527,0.003579886397346854,0.017866112291812897,,,,dqn_icm,cartpole,sparse,0.001,0.99,5,1.0
898,0.0,11,0.050000000000000044,0.0013767472701147199,0.07264542579650879,0.022000836208462715,0.0032297559082508087,0.016111169010400772,,,,dqn_icm,cartpole,sparse,0.001,0.99,5,1.0
899,0.0,8,0.050000000000000044,0.001862572506070137,0.06411710381507874,0.02592744491994381,0.001599334180355072,0.007948928512632847,,,,dqn_icm,cartpole,sparse,0.001,0.99,5,1.0
900,0.0,12,0.050000000000000044,0.001520480029284954,0.0625782310962677,0.022538773715496063,0.0015320144593715668,0.007599201053380966,0.0,0.0,12.0,dqn_icm,cartpole,sparse,0.001,0.99,5,1.0
901,0.0,15,0.050000000000000044,0.00012002501171082258,0.037319086492061615,0.010840842500329018,0.0016503339866176248,0.008208218961954117,,,,dqn_icm,cartpole,sparse,0.001,0.99,5,1.0
902,0.0,13,0.050000000000000044,0.00014134378579910845,0.04421183839440346,0.010797997936606407,0.0011249479139223695,0.005580214783549309,,,,dqn_icm,cartpole,sparse,0.001,0.99,5,1.0
903,0.0,13,0.050000000000000044,0.0001341661554761231,0.04139679670333862,0.009723903611302376,0.000995909096673131,0.00493355980142951,,,,dqn_icm,cartpole,sparse,0.001,0.99,5,1.0
904,0.0,11,0.050000000000000044,8.295997395180166e-05,0.03721842169761658,0.0077340006828308105,0.0007370677194558084,0.003627760335803032,,,,dqn_icm,cartpole,sparse,0.001,0.99,5,1.0
905,0.0,22,0.050000000000000044,4.771484236698598e-05,0.04340517893433571,0.0061964355409145355,0.0008544555166736245,0.004215086344629526,,,,dqn_icm,cartpole,sparse,0.001,0.99,5,1.0
906,0.0,68,0.050000000000000044,2.3832079023122787e-05,0.0397922545671463,0.0048977374099195,0.00043441582238301635,0.0021178985480219126,,,,dqn_icm,cartpole,sparse,0.001,0.99,5,1.0
907,0.0,85,0.050000000000000044,4.9114714784082025e-05,0.03905066102743149,0.004780174698680639,0.0003796214296016842,0.0018411995843052864,,,,dqn_icm,cartpole,sparse,0.001,0.99,5,1.0
908,0.0,40,0.050000000000000044,1.8599697796162218e-05,0.044716790318489075,0.0038005211390554905,0.0002672552363947034,0.0012905893381685019,,,,dqn_icm,cartpole,sparse,0.001,0.99,5,1.0
909,0.0,12,0.050000000000000044,1.9984241589554586e-05,0.04240288957953453,0.004102385602891445,0.00030924059683457017,0.001502184895798564,,,,dqn_icm,cartpole,sparse,0.001,0.99,5,1.0
910,0.0,27,0.050000000000000044,4.445163722266443e-05,0.04777740687131882,0.004481411539018154,0.0004067367408424616,0.0019687595777213573,,,,dqn_icm,cartpole,sparse,0.001,0.99,5,1.0
911,0.0,26,0.050000000000000044,0.00010683698928914964,0.049840547144412994,0.005784029606729746,0.0006599280750378966,0.003250004258006811,,,,dqn_icm,cartpole,sparse,0.001,0.99,5,1.0
912,0.0,25,0.050000000000000044,0.0002460578689351678,0.050571441650390625,0.005992713384330273,0.0004509284335654229,0.002210683422163129,,,,dqn_icm,cartpole,sparse,0.001,0.99,5,1.0
913,0.0,26,0.050000000000000044,1.9265004084445536e-05,0.04526720196008682,0.003688171971589327,0.0003179755003657192,0.0015406140591949224,,,,dqn_icm,cartpole,sparse,0.001,0.99,5,1.0
914,0.0,26,0.050000000000000044,2.4981616661534645e-05,0.03985798358917236,0.003946193493902683,0.000298677827231586,0.0014448114670813084,,,,dqn_icm,cartpole,sparse,0.001,0.99,5,1.0
915,0.0,45,0.050000000000000044,1.797510230971966e-05,0.039438385516405106,0.0037890286184847355,0.00029395933961495757,0.0014258681330829859,,,,dqn_icm,cartpole,sparse,0.001,0.99,5,1.0
916,0.0,27,0.050000000000000044,1.2965514542884193e-05,0.03797287493944168,0.0036943750455975533,0.00018973459373228252,0.0009030904620885849,,,,dqn_icm,cartpole,sparse,0.001,0.99,5,1.0
917,0.0,22,0.050000000000000044,1.6652969861752354e-05,0.04208384454250336,0.003526788903400302,0.000273409386863932,0.0013272012583911419,,,,dqn_icm,cartpole,sparse,0.001,0.99,5,1.0
918,0.0,23,0.050000000000000044,1.163563683803659e-05,0.04486566036939621,0.0026684284675866365,0.00038583765854127705,0.0018850062042474747,,,,dqn_icm,cartpole,sparse,0.001,0.99,5,1.0
919,0.0,26,0.050000000000000044,4.4487031118478626e-05,0.052386388182640076,0.005212011747062206,0.0005772639415226877,0.0028320946730673313,,,,dqn_icm,cartpole,sparse,0.001,0.99,5,1.0
920,0.0,26,0.050000000000000044,1.3320905054570176e-05,0.03798653185367584,0.003233823226764798,0.00028848927468061447,0.0013896962627768517,,,,dqn_icm,cartpole,sparse,0.001,0.99,5,1.0
921,0.0,26,0.050000000000000044,1.25719516290701e-05,0.04483582824468613,0.003005621489137411,0.0002793906896840781,0.0013659587129950523,,,,dqn_icm,cartpole,sparse,0.001,0.99,5,1.0
922,0.0,24,0.050000000000000044,3.6595873098121956e-05,0.04112952575087547,0.004114419221878052,0.00036120915319770575,0.0017592560034245253,,,,dqn_icm,cartpole,sparse,0.001,0.99,5,1.0
923,0.0,21,0.050000000000000044,8.358172635780647e-06,0.04677113890647888,0.003039873205125332,0.000348617322742939,0.0016964756650850177,,,,dqn_icm,cartpole,sparse,0.001,0.99,5,1.0
924,0.0,21,0.050000000000000044,1.8977363652084023e-05,0.04637095704674721,0.0032218212727457285,0.0005639884620904922,0.0027693079318851233,,,,dqn_icm,cartpole,sparse,0.001,0.99,5,1.0
925,0.0,24,0.050000000000000044,6.405510248441715e-06,0.04935218393802643,0.0023056056816130877,0.00047006842214614153,0.002310794312506914,,,,dqn_icm,cartpole,sparse,0.001,0.99,5,1.0
926,0.0,22,0.050000000000000044,1.3062306607025675e-05,0.034106481820344925,0.0028517572209239006,0.00022941050701774657,0.0011163561139255762,,,,dqn_icm,cartpole,sparse,0.001,0.99,5,1.0
927,0.0,27,0.050000000000000044,5.914244866289664e-06,0.04444994032382965,0.002439673524349928,0.00017430911248084158,0.0008359912317246199,,,,dqn_icm,cartpole,sparse,0.001,0.99,5,1.0
928,0.0,22,0.050000000000000044,8.693265044712462e-06,0.04366707801818848,0.0026568048633635044,0.0002483361167833209,0.0011971856001764536,,,,dqn_icm,cartpole,sparse,0.001,0.99,5,1.0
929,0.0,23,0.050000000000000044,1.1763738257286604e-05,0.04387674853205681,0.0030923993326723576,0.000256318598985672,0.0012382306158542633,,,,dqn_icm,cartpole,sparse,0.001,0.99,5,1.0
930,0.0,22,0.050000000000000044,2.0500945538515225e-05,0.03903770446777344,0.003640170907601714,0.00017906134598888457,0.0008577558328397572,,,,dqn_icm,cartpole,sparse,0.001,0.99,5,1.0
931,0.0,24,0.050000000000000044,1.514625455456553e-05,0.055764541029930115,0.003506676759570837,0.0004551539313979447,0.0022351788356900215,,,,dqn_icm,cartpole,sparse,0.001,0.99,5,1.0
932,0.0,26,0.050000000000000044,1.3833236153004691e-05,0.04168415069580078,0.003312635701149702,0.00025427661603316665,0.0012190499110147357,,,,dqn_icm,cartpole,sparse,0.001,0.99,5,1.0
933,0.0,25,0.050000000000000044,1.2512418834376149e-05,0.04083453118801117,0.0031890750396996737,0.00018477706180419773,0.0008877349318936467,,,,dqn_icm,cartpole,sparse,0.001,0.99,5,1.0
934,0.0,21,0.050000000000000044,1.272849112865515e-05,0.04480548948049545,0.003110267920419574,0.00028426668723113835,0.0013803103938698769,,,,dqn_icm,cartpole,sparse,0.001,0.99,5,1.0
935,0.0,26,0.050000000000000044,4.679755147662945e-05,0.04195672273635864,0.003805875312536955,0.00022171181626617908,0.0010700246784836054,,,,dqn_icm,cartpole,sparse,0.001,0.99,5,1.0
936,0.0,26,0.050000000000000044,3.324788485770114e-05,0.03904904052615166,0.004918022081255913,0.00020936275541316718,0.0009984893258661032,,,,dqn_icm,cartpole,sparse,0.001,0.99,5,1.0
937,0.0,22,0.050000000000000044,1.042528856487479e-05,0.04685263708233833,0.003506051143631339,0.00021257298067212105,0.001029337290674448,,,,dqn_icm,cartpole,sparse,0.001,0.99,5,1.0
938,0.0,21,0.050000000000000044,2.1057920093880966e-05,0.04434625059366226,0.004316851031035185,0.0003371392085682601,0.0016468933317810297,,,,dqn_icm,cartpole,sparse,0.001,0.99,5,1.0
939,0.0,45,0.050000000000000044,8.951144991442561e-06,0.04078506678342819,0.003204681444913149,0.0002635815762914717,0.0012745452113449574,,,,dqn_icm,cartpole,sparse,0.001,0.99,5,1.0
940,0.0,40,0.050000000000000044,2.832388781826012e-05,0.042144741863012314,0.0036392637994140387,0.0003834033268503845,0.0018776473589241505,,,,dqn_icm,cartpole,sparse,0.001,0.99,5,1.0
941,0.0,82,0.050000000000000044,5.894346031709574e-06,0.04022647812962532,0.002576197497546673,0.00029405084205791354,0.0014255361165851355,,,,dqn_icm,cartpole,sparse,0.001,0.99,5,1.0
942,0.0,65,0.050000000000000044,7.609262866026256e-06,0.040693510323762894,0.002934444695711136,0.0001840920012909919,0.00089161132927984,,,,dqn_icm,cartpole,sparse,0.001,0.99,5,1.0
943,0.0,67,0.050000000000000044,6.401924110832624e-06,0.04231230169534683,0.0025018765591084957,0.0002070900081889704,0.0009970199316740036,,,,dqn_icm,cartpole,sparse,0.001,0.99,5,1.0
944,0.0,61,0.050000000000000044,9.131634215009399e-06,0.03809652477502823,0.0030612358823418617,0.00025759736308827996,0.0012622375506907701,,,,dqn_icm,cartpole,sparse,0.001,0.99,5,1.0
945,0.0,41,0.050000000000000044,8.03794500825461e-06,0.045779697597026825,0.0024802321568131447,0.000277903163805604,0.0013517711777240038,,,,dqn_icm,cartpole,sparse,0.001,0.99,5,1.0
946,0.0,52,0.050000000000000044,5.900694304727949e-06,0.044644635170698166,0.0024250629357993603,0.00027383744600228965,0.0013410537503659725,,,,dqn_icm,cartpole,sparse,0.001,0.99,5,1.0
947,0.0,68,0.050000000000000044,1.957993117684964e-05,0.05036172270774841,0.0029579424299299717,0.0003403813170734793,0.001668170327320695,,,,dqn_icm,cartpole,sparse,0.001,0.99,5,1.0
948,0.0,62,0.050000000000000044,5.596586561296135e-05,0.040255360305309296,0.003750100266188383,0.000297385297017172,0.0014543822035193443,,,,dqn_icm,cartpole,sparse,0.001,0.99,5,1.0
949,0.0,78,0.050000000000000044,5.409729965322185e-06,0.04531535506248474,0.0024147822987288237,0.0002579381689429283,0.001258845441043377,,,,dqn_icm,cartpole,sparse,0.001,0.99,5,1.0
950,0.0,60,0.050000000000000044,1.3159666195861064e-05,0.03922317922115326,0.0026106340810656548,0.00019994036119896919,0.0009739974047988653,0.0,0.0,54.3,dqn_icm,cartpole,sparse,0.001,0.99,5,1.0
951,0.0,107,0.050000000000000044,3.170438503730111e-05,0.03996384143829346,0.00422449316829443,0.00031917524756863713,0.0015614544972777367,,,,dqn_icm,cartpole,sparse,0.001,0.99,5,1.0
952,0.0,88,0.050000000000000044,0.00021400403056759387,0.04943934082984924,0.005686914082616568,0.000501197122503072,0.002469418104737997,,,,dqn_icm,cartpole,sparse,0.001,0.99,5,1.0
953,0.0,53,0.050000000000000044,6.0755810409318656e-06,0.04226761311292648,0.00267155934125185,0.0002940155391115695,0.0014357155887410045,,,,dqn_icm,cartpole,sparse,0.001,0.99,5,1.0
954,0.0,72,0.050000000000000044,2.5375578843522817e-05,0.050273410975933075,0.0035132940392941236,0.0003995029255747795,0.001968561904504895,,,,dqn_icm,cartpole,sparse,0.001,0.99,5,1.0
955,0.0,80,0.050000000000000044,2.853660953405779e-05,0.04626598209142685,0.003948744386434555,0.00037913030246272683,0.0018643587827682495,,,,dqn_icm,cartpole,sparse,0.001,0.99,5,1.0
956,0.0,83,0.050000000000000044,0.00024628540268167853,0.04698403179645538,0.00485871871933341,0.000354022195097059,0.0017382970545440912,,,,dqn_icm,cartpole,sparse,0.001,0.99,5,1.0
957,0.0,80,0.050000000000000044,6.0584363382076845e-05,0.059035126119852066,0.008663980290293694,0.0005272151902318001,0.002610594965517521,,,,dqn_icm,cartpole,sparse,0.001,0.99,5,1.0
958,0.0,81,0.050000000000000044,3.6757352063432336e-05,0.045018382370471954,0.0038598414976149797,0.0006241865339688957,0.0030944086611270905,,,,dqn_icm,cartpole,sparse,0.001,0.99,5,1.0
959,0.0,78,0.050000000000000044,6.348794158839155e-06,0.038697097450494766,0.0025127637200057507,0.0003211783478036523,0.001581304706633091,,,,dqn_icm,cartpole,sparse,0.001,0.99,5,1.0
960,0.0,70,0.050000000000000044,1.1138292393297888e-05,0.044047657400369644,0.003148658201098442,0.00028063671197742224,0.0013753483071923256,,,,dqn_icm,cartpole,sparse,0.001,0.99,5,1.0
961,0.0,97,0.050000000000000044,8.078043720161077e-06,0.05653019994497299,0.0026552113704383373,0.0004310618678573519,0.0021252534352242947,,,,dqn_icm,cartpole,sparse,0.001,0.99,5,1.0
962,0.0,67,0.050000000000000044,4.721538971352857e-06,0.05021481215953827,0.002061980776488781,0.00043925255886279047,0.0021721229422837496,,,,dqn_icm,cartpole,sparse,0.001,0.99,5,1.0
963,0.0,75,0.050000000000000044,1.745795270835515e-05,0.044001415371894836,0.0030928661581128836,0.00030073407106101513,0.001470291754230857,,,,dqn_icm,cartpole,sparse,0.001,0.99,5,1.0
964,0.0,70,0.050000000000000044,8.079554390860721e-06,0.040646664798259735,0.0026603180449455976,0.00019948823319282383,0.0009630642598494887,,,,dqn_icm,cartpole,sparse,0.001,0.99,5,1.0
965,0.0,97,0.050000000000000044,2.3779441107762977e-05,0.03997306525707245,0.003924786113202572,0.00032257032580673695,0.0015826320741325617,,,,dqn_icm,cartpole,sparse,0.001,0.99,5,1.0
966,0.0,90,0.050000000000000044,1.0996545825037174e-05,0.04714827239513397,0.0031826053746044636,0.00025801427545957267,0.0012665274553000927,,,,dqn_icm,cartpole,sparse,0.001,0.99,5,1.0
967,0.0,85,0.050000000000000044,3.003945130330976e-05,0.05647333711385727,0.004094078205525875,0.00028790850774385035,0.0014078628737479448,,,,dqn_icm,cartpole,sparse,0.001,0.99,5,1.0
968,0.0,70,0.050000000000000044,1.0469260814716108e-05,0.05005394667387009,0.003467536997050047,0.0002656497817952186,0.0013046752428635955,,,,dqn_icm,cartpole,sparse,0.001,0.99,5,1.0
969,0.0,64,0.050000000000000044,7.375749191851355e-06,0.04686395078897476,0.0028932795394212008,0.00027348511503078043,0.0013448352692648768,,,,dqn_icm,cartpole,sparse,0.001,0.99,5,1.0
970,0.0,82,0.050000000000000044,7.132354767236393e-06,0.04519975185394287,0.0029491051100194454,0.0002000614331336692,0.0009753031190484762,,,,dqn_icm,cartpole,sparse,0.001,0.99,5,1.0
971,0.0,61,0.050000000000000044,8.795178473519627e-06,0.048301659524440765,0.0031575532630085945,0.00021365757856983691,0.001051866915076971,,,,dqn_icm,cartpole,sparse,0.001,0.99,5,1.0
972,0.0,107,0.050000000000000044,6.263012437557336e-06,0.04664795100688934,0.0022944225929677486,0.0001993220066651702,0.0009775961516425014,,,,dqn_icm,cartpole,sparse,0.001,0.99,5,1.0
973,0.0,77,0.050000000000000044,1.8737147911451757e-05,0.04639101028442383,0.003908106591552496,0.000289157556835562,0.0014165518805384636,,,,dqn_icm,cartpole,sparse,0.001,0.99,5,1.0
974,0.0,61,0.050000000000000044,1.0931498763966374e-05,0.05126655101776123,0.003095706459134817,0.0002560773864388466,0.0012613730505108833,,,,dqn_icm,cartpole,sparse,0.001,0.99,5,1.0
975,0.0,69,0.050000000000000044,9.137664164882153e-06,0.0494333915412426,0.0030108015052974224,0.00027759833028540015,0.001365550560876727,,,,dqn_icm,cartpole,sparse,0.001,0.99,5,1.0
976,0.0,60,0.050000000000000044,1.8195747543359175e-05,0.04716111347079277,0.0038143645506352186,0.00026255074772052467,0.0012901637237519026,,,,dqn_icm,cartpole,sparse,0.001,0.99,5,1.0
977,0.0,89,0.050000000000000044,4.365023778518662e-05,0.050967987626791,0.005688412580639124,0.0002514453371986747,0.001235739327967167,,,,dqn_icm,cartpole,sparse,0.001,0.99,5,1.0
978,0.0,62,0.050000000000000044,0.0001200757542392239,0.05083859711885452,0.00486422935500741,0.0002663249906618148,0.0013095114845782518,,,,dqn_icm,cartpole,sparse,0.001,0.99,5,1.0
979,0.0,115,0.050000000000000044,3.2086740247905254e-05,0.057857584208250046,0.004999353550374508,0.00033382399124093354,0.0016482878709211946,,,,dqn_icm,cartpole,sparse,0.001,0.99,5,1.0
980,0.0,94,0.050000000000000044,9.225013855029829e-06,0.04718976467847824,0.003013209905475378,0.00018466991605237126,0.0009076736168935895,,,,dqn_icm,cartpole,sparse,0.001,0.99,5,1.0
981,0.0,10,0.050000000000000044,1.7145255696959794e-05,0.05152222514152527,0.003883013967424631,0.00022252567578107119,0.0010975782060995698,,,,dqn_icm,cartpole,sparse,0.001,0.99,5,1.0
982,0.0,98,0.050000000000000044,1.4539285984938033e-05,0.050419896841049194,0.003142883535474539,0.0002455862413626164,0.0012137750163674355,,,,dqn_icm,cartpole,sparse,0.001,0.99,5,1.0
983,0.0,97,0.050000000000000044,1.710863580228761e-05,0.05095689743757248,0.0035041067749261856,0.00033363705733790994,0.0016509296838194132,,,,dqn_icm,cartpole,sparse,0.001,0.99,5,1.0
984,0.0,116,0.050000000000000044,1.2711144336208235e-05,0.0482412725687027,0.0030913641676306725,0.00021172853303141892,0.0010409103706479073,,,,dqn_icm,cartpole,sparse,0.001,0.99,5,1.0
985,0.0,95,0.050000000000000044,4.765898484038189e-05,0.04781137406826019,0.004494039807468653,0.000284968176856637,0.0014063336420804262,,,,dqn_icm,cartpole,sparse,0.001,0.99,5,1.0
986,0.0,103,0.050000000000000044,1.8910224753199145e-05,0.0570380836725235,0.0038711088709533215,0.0003798857796937227,0.0018790443427860737,,,,dqn_icm,cartpole,sparse,0.001,0.99,5,1.0
987,0.0,88,0.050000000000000044,1.24191319628153e-05,0.06355999410152435,0.0028846771456301212,0.000609419250395149,0.003027814207598567,,,,dqn_icm,cartpole,sparse,0.001,0.99,5,1.0
988,0.0,77,0.050000000000000044,5.361472631193465e-06,0.05238139629364014,0.0024224035441875458,0.000264907896053046,0.001308714272454381,,,,dqn_icm,cartpole,sparse,0.001,0.99,5,1.0
989,0.0,87,0.050000000000000044,1.1347508916514926e-05,0.053338002413511276,0.0035660676658153534,0.00032421250944025815,0.0015990682877600193,,,,dqn_icm,cartpole,sparse,0.001,0.99,5,1.0
990,0.0,137,0.050000000000000044,2.7865971787832677e-05,0.060975056141614914,0.0035920273512601852,0.0002910004404839128,0.001436435617506504,,,,dqn_icm,cartpole,sparse,0.001,0.99,5,1.0
991,0.0,107,0.050000000000000044,2.236872023786418e-05,0.05212373659014702,0.003594248555600643,0.0002957457327283919,0.0014606683980673552,,,,dqn_icm,cartpole,sparse,0.001,0.99,5,1.0
992,0.0,196,0.050000000000000044,0.0002699193137232214,0.0682016983628273,0.006904098205268383,0.0004584906273521483,0.0022695946972817183,,,,dqn_icm,cartpole,sparse,0.001,0.99,5,1.0
993,0.0,137,0.050000000000000044,9.662962838774547e-06,0.05972421541810036,0.003067320678383112,0.0002658728917594999,0.001313420245423913,,,,dqn_icm,cartpole,sparse,0.001,0.99,5,1.0
994,0.0,68,0.050000000000000044,2.5741705030668527e-05,0.05653589963912964,0.005605011247098446,0.0002910628682002425,0.0014370750868692994,,,,dqn_icm,cartpole,sparse,0.001,0.99,5,1.0
995,0.0,271,0.050000000000000044,3.439559441176243e-05,0.056896187365055084,0.005476632621139288,0.0002998347918037325,0.001482752850279212,,,,dqn_icm,cartpole,sparse,0.001,0.99,5,1.0
996,0.0,168,0.050000000000000044,1.0884926268772688e-05,0.06020555645227432,0.0029439895879477262,0.00039357540663331747,0.001955747604370117,,,,dqn_icm,cartpole,sparse,0.001,0.99,5,1.0
997,0.0,120,0.050000000000000044,8.470671673421748e-06,0.05774267017841339,0.00291969021782279,0.0002562512527219951,0.0012686499394476414,,,,dqn_icm,cartpole,sparse,0.001,0.99,5,1.0
998,0.0,140,0.050000000000000044,9.096511348616332e-06,0.05771215260028839,0.0028649126179516315,0.00020258691802155226,0.0009984804783016443,,,,dqn_icm,cartpole,sparse,0.001,0.99,5,1.0
999,0.0,106,0.050000000000000044,2.9172175345593132e-05,0.06972692161798477,0.004140378441661596,0.00040767702739685774,0.0020234240218997,,,,dqn_icm,cartpole,sparse,0.001,0.99,5,1.0
1000,0.0,145,0.050000000000000044,4.5791333832312375e-05,0.08781862258911133,0.005322433076798916,0.0004933215095661581,0.0024494705721735954,0.3,0.45825756949558394,372.1,dqn_icm,cartpole,sparse,0.001,0.99,5,1.0
