episode,return,length,epsilon,loss,q_mean,td_error_mean,icm_loss,intrinsic_reward_mean,eval_return_mean,eval_return_std,eval_length_mean,agent,env,reward_type,lr,gamma,seed,eta
1,0.0,24,1.0,nan,nan,nan,nan,nan,,,,dqn_icm,cartpole,sparse,0.01,0.9,0,1.0
2,0.0,15,0.9968333333333333,nan,nan,nan,nan,nan,,,,dqn_icm,cartpole,sparse,0.01,0.9,0,1.0
3,0.0,11,0.9936666666666667,nan,nan,nan,nan,nan,,,,dqn_icm,cartpole,sparse,0.01,0.9,0,1.0
4,0.0,33,0.9905,nan,nan,nan,nan,nan,,,,dqn_icm,cartpole,sparse,0.01,0.9,0,1.0
5,0.0,9,0.9873333333333333,nan,nan,nan,nan,nan,,,,dqn_icm,cartpole,sparse,0.01,0.9,0,1.0
6,0.0,26,0.9841666666666666,nan,nan,nan,nan,nan,,,,dqn_icm,cartpole,sparse,0.01,0.9,0,1.0
7,0.0,14,0.981,nan,nan,nan,nan,nan,,,,dqn_icm,cartpole,sparse,0.01,0.9,0,1.0
8,0.0,13,0.9778333333333333,nan,nan,nan,nan,nan,,,,dqn_icm,cartpole,sparse,0.01,0.9,0,1.0
9,0.0,13,0.9746666666666667,nan,nan,nan,nan,nan,,,,dqn_icm,cartpole,sparse,0.01,0.9,0,1.0
10,0.0,31,0.9715,nan,nan,nan,nan,nan,,,,dqn_icm,cartpole,sparse,0.01,0.9,0,1.0
11,0.0,40,0.9683333333333334,nan,nan,nan,nan,nan,,,,dqn_icm,cartpole,sparse,0.01,0.9,0,1.0
12,0.0,26,0.9651666666666666,nan,nan,nan,nan,nan,,,,dqn_icm,cartpole,sparse,0.01,0.9,0,1.0
13,0.0,38,0.962,nan,nan,nan,nan,nan,,,,dqn_icm,cartpole,sparse,0.01,0.9,0,1.0
14,0.0,36,0.9588333333333333,nan,nan,nan,nan,nan,,,,dqn_icm,cartpole,sparse,0.01,0.9,0,1.0
15,0.0,11,0.9556666666666667,nan,nan,nan,nan,nan,,,,dqn_icm,cartpole,sparse,0.01,0.9,0,1.0
16,0.0,39,0.9525,nan,nan,nan,nan,nan,,,,dqn_icm,cartpole,sparse,0.01,0.9,0,1.0
17,0.0,20,0.9493333333333334,nan,nan,nan,nan,nan,,,,dqn_icm,cartpole,sparse,0.01,0.9,0,1.0
18,0.0,14,0.9461666666666667,nan,nan,nan,nan,nan,,,,dqn_icm,cartpole,sparse,0.01,0.9,0,1.0
19,0.0,10,0.9430000000000001,nan,nan,nan,nan,nan,,,,dqn_icm,cartpole,sparse,0.01,0.9,0,1.0
20,0.0,13,0.9398333333333333,nan,nan,nan,nan,nan,,,,dqn_icm,cartpole,sparse,0.01,0.9,0,1.0
21,0.0,53,0.9366666666666666,nan,nan,nan,nan,nan,,,,dqn_icm,cartpole,sparse,0.01,0.9,0,1.0
22,0.0,16,0.9335,0.002228065859526396,0.10631416738033295,0.05004245415329933,0.5581175684928894,0.09929922223091125,,,,dqn_icm,cartpole,sparse,0.01,0.9,0,1.0
23,0.0,14,0.9303333333333333,0.01851016655564308,0.2513517737388611,0.11053292453289032,0.6049591898918152,0.24505716562271118,,,,dqn_icm,cartpole,sparse,0.01,0.9,0,1.0
24,0.0,24,0.9271666666666667,0.015285370871424675,0.4806462228298187,0.14247630536556244,0.21018342673778534,0.4471883177757263,,,,dqn_icm,cartpole,sparse,0.01,0.9,0,1.0
25,0.0,25,0.924,0.058632247149944305,0.7674420475959778,0.2566230595111847,0.14563052356243134,0.7245521545410156,,,,dqn_icm,cartpole,sparse,0.01,0.9,0,1.0
26,0.0,10,0.9208333333333334,0.12849043309688568,0.8232179880142212,0.43215781450271606,0.12577813863754272,0.6191681623458862,,,,dqn_icm,cartpole,sparse,0.01,0.9,0,1.0
27,0.0,11,0.9176666666666666,0.04365447163581848,0.6027095913887024,0.27345937490463257,0.061869241297245026,0.30641406774520874,,,,dqn_icm,cartpole,sparse,0.01,0.9,0,1.0
28,0.0,11,0.9145,0.03388796001672745,0.3179921507835388,0.186201274394989,0.05148213356733322,0.25731712579727173,,,,dqn_icm,cartpole,sparse,0.01,0.9,0,1.0
29,0.0,19,0.9113333333333333,0.012867560610175133,0.1611420065164566,0.09211565554141998,0.035338398069143295,0.17667126655578613,,,,dqn_icm,cartpole,sparse,0.01,0.9,0,1.0
30,0.0,10,0.9081666666666667,0.035058051347732544,0.11891894787549973,0.12932957708835602,0.03607179597020149,0.1803240180015564,,,,dqn_icm,cartpole,sparse,0.01,0.9,0,1.0
31,0.0,19,0.905,0.003909677732735872,0.10895596444606781,0.04882602393627167,0.019260460510849953,0.09616659581661224,,,,dqn_icm,cartpole,sparse,0.01,0.9,0,1.0
32,0.0,14,0.9018333333333334,0.0015734229236841202,0.11730299890041351,0.04707477241754532,0.012142732739448547,0.060673732310533524,,,,dqn_icm,cartpole,sparse,0.01,0.9,0,1.0
33,0.0,9,0.8986666666666667,0.0015050885267555714,0.12946262955665588,0.04684256762266159,0.012593562714755535,0.06281687319278717,,,,dqn_icm,cartpole,sparse,0.01,0.9,0,1.0
34,0.0,20,0.8955,0.0016639754176139832,0.12614241242408752,0.049699313938617706,0.010474342852830887,0.052276525646448135,,,,dqn_icm,cartpole,sparse,0.01,0.9,0,1.0
35,0.0,25,0.8923333333333333,0.0005586521001532674,0.0786738470196724,0.02721807360649109,0.004628696013242006,0.023089900612831116,,,,dqn_icm,cartpole,sparse,0.01,0.9,0,1.0
36,0.0,26,0.8891666666666667,0.00017441458476241678,0.052159667015075684,0.012328002601861954,0.004156205337494612,0.02072484791278839,,,,dqn_icm,cartpole,sparse,0.01,0.9,0,1.0
37,0.0,27,0.886,0.0003344304859638214,0.042798951268196106,0.017598915845155716,0.0037034067790955305,0.01842920482158661,,,,dqn_icm,cartpole,sparse,0.01,0.9,0,1.0
38,0.0,17,0.8828333333333334,0.0003225423861294985,0.03598881885409355,0.01563200168311596,0.0029112412594258785,0.014466589316725731,,,,dqn_icm,cartpole,sparse,0.01,0.9,0,1.0
39,0.0,14,0.8796666666666667,0.00037068332312628627,0.04084262251853943,0.01946716383099556,0.003480426734313369,0.017350545153021812,,,,dqn_icm,cartpole,sparse,0.01,0.9,0,1.0
40,0.0,14,0.8765000000000001,0.0001737134880386293,0.040467292070388794,0.011654861271381378,0.002068454632535577,0.010290535166859627,,,,dqn_icm,cartpole,sparse,0.01,0.9,0,1.0
41,0.0,14,0.8733333333333333,0.0003894982801284641,0.04424924775958061,0.016825957223773003,0.001953702885657549,0.009714034385979176,,,,dqn_icm,cartpole,sparse,0.01,0.9,0,1.0
42,0.0,18,0.8701666666666666,0.00035299398587085307,0.04114928096532822,0.01636141911149025,0.0019716930110007524,0.00979591067880392,,,,dqn_icm,cartpole,sparse,0.01,0.9,0,1.0
43,0.0,9,0.867,0.0001576386421220377,0.04590962082147598,0.01068839617073536,0.0014995494857430458,0.007444162853062153,,,,dqn_icm,cartpole,sparse,0.01,0.9,0,1.0
44,0.0,18,0.8638333333333333,0.00020599398703780025,0.04797421768307686,0.012759753502905369,0.0015459308633580804,0.00766709866002202,,,,dqn_icm,cartpole,sparse,0.01,0.9,0,1.0
45,0.0,26,0.8606666666666667,0.00027012970531359315,0.046766236424446106,0.013026729226112366,0.0016023890348151326,0.007967897690832615,,,,dqn_icm,cartpole,sparse,0.01,0.9,0,1.0
46,0.0,21,0.8575,0.00026369947590865195,0.04134371131658554,0.012761661782860756,0.0014774989103898406,0.007348870858550072,,,,dqn_icm,cartpole,sparse,0.01,0.9,0,1.0
47,0.0,10,0.8543333333333334,0.0002707589592318982,0.04265080764889717,0.015133904293179512,0.002057119971141219,0.01023678295314312,,,,dqn_icm,cartpole,sparse,0.01,0.9,0,1.0
48,0.0,13,0.8511666666666666,0.0001795764546841383,0.041305817663669586,0.01119530200958252,0.0013278761180117726,0.006598730571568012,,,,dqn_icm,cartpole,sparse,0.01,0.9,0,1.0
49,0.0,13,0.848,0.0001319500443059951,0.03695383667945862,0.011149244382977486,0.0014278432354331017,0.007103185169398785,,,,dqn_icm,cartpole,sparse,0.01,0.9,0,1.0
50,0.0,10,0.8448333333333333,0.00012616677850019187,0.0340287908911705,0.011342148296535015,0.0014308156678453088,0.007114650681614876,0.0,0.0,9.4,dqn_icm,cartpole,sparse,0.01,0.9,0,1.0
51,0.0,13,0.8416666666666667,0.00030948081985116005,0.04493851959705353,0.014480468817055225,0.001496613142080605,0.00744676636531949,,,,dqn_icm,cartpole,sparse,0.01,0.9,0,1.0
52,0.0,26,0.8385,0.00020268111256882548,0.04258355498313904,0.012830359861254692,0.0011012859176844358,0.005472694057971239,,,,dqn_icm,cartpole,sparse,0.01,0.9,0,1.0
53,0.0,12,0.8353333333333334,8.523342694388703e-05,0.03775739669799805,0.00912815798074007,0.0012922122841700912,0.006426788866519928,,,,dqn_icm,cartpole,sparse,0.01,0.9,0,1.0
54,0.0,22,0.8321666666666667,0.00012884323950856924,0.03902798518538475,0.01047048531472683,0.001204338506795466,0.005994214676320553,,,,dqn_icm,cartpole,sparse,0.01,0.9,0,1.0
55,0.0,10,0.829,0.0002975157694891095,0.045626185834407806,0.012558035552501678,0.0009727010619826615,0.004845891613513231,,,,dqn_icm,cartpole,sparse,0.01,0.9,0,1.0
56,0.0,24,0.8258333333333334,0.00018271530279889703,0.04240113124251366,0.013158028945326805,0.0012633982114493847,0.0062928213737905025,,,,dqn_icm,cartpole,sparse,0.01,0.9,0,1.0
57,0.0,13,0.8226666666666667,0.00010266632307320833,0.037063419818878174,0.010574981570243835,0.0015481187729164958,0.007708585821092129,,,,dqn_icm,cartpole,sparse,0.01,0.9,0,1.0
58,0.0,11,0.8195,0.00016523301019333303,0.038686417043209076,0.012369710952043533,0.001061615184880793,0.005286409519612789,,,,dqn_icm,cartpole,sparse,0.01,0.9,0,1.0
59,0.0,11,0.8163333333333334,0.00010685305460356176,0.03712303191423416,0.01095838937908411,0.001064030104316771,0.005294103175401688,,,,dqn_icm,cartpole,sparse,0.01,0.9,0,1.0
60,0.0,15,0.8131666666666667,0.00015348488523159176,0.03875018283724785,0.011526189744472504,0.001263859448954463,0.006289941258728504,,,,dqn_icm,cartpole,sparse,0.01,0.9,0,1.0
61,0.0,23,0.81,0.0002756798639893532,0.043260253965854645,0.014102753251791,0.0008813587483018637,0.004382147453725338,,,,dqn_icm,cartpole,sparse,0.01,0.9,0,1.0
62,0.0,13,0.8068333333333333,0.0001387357769999653,0.03910025954246521,0.010273000225424767,0.0011331465793773532,0.005643290467560291,,,,dqn_icm,cartpole,sparse,0.01,0.9,0,1.0
63,0.0,17,0.8036666666666666,0.00012725686246994883,0.04517029970884323,0.010236194357275963,0.0013121595839038491,0.006539162248373032,,,,dqn_icm,cartpole,sparse,0.01,0.9,0,1.0
64,0.0,15,0.8005,0.00011579137935768813,0.04022304713726044,0.009462478570640087,0.0013150277081876993,0.006550759542733431,,,,dqn_icm,cartpole,sparse,0.01,0.9,0,1.0
65,0.0,13,0.7973333333333333,5.2396790124475956e-05,0.03896629065275192,0.007581543177366257,0.0011829062132164836,0.005888632498681545,,,,dqn_icm,cartpole,sparse,0.01,0.9,0,1.0
66,0.0,15,0.7941666666666667,0.00017130913329310715,0.04070599004626274,0.01264980062842369,0.0017570113996043801,0.008761780336499214,,,,dqn_icm,cartpole,sparse,0.01,0.9,0,1.0
67,0.0,12,0.791,0.0001496073673479259,0.04549852013587952,0.012381728738546371,0.0013052253052592278,0.006501629017293453,,,,dqn_icm,cartpole,sparse,0.01,0.9,0,1.0
68,0.0,16,0.7878333333333334,9.951733227353543e-05,0.038415633141994476,0.009921309538185596,0.0013731408398598433,0.006849730387330055,,,,dqn_icm,cartpole,sparse,0.01,0.9,0,1.0
69,0.0,24,0.7846666666666666,0.00011336253373883665,0.03983718901872635,0.010545626282691956,0.0010310508077964187,0.005135137587785721,,,,dqn_icm,cartpole,sparse,0.01,0.9,0,1.0
70,0.0,10,0.7815,0.00015363364946097136,0.040421850979328156,0.011646844446659088,0.001272189081646502,0.006343720480799675,,,,dqn_icm,cartpole,sparse,0.01,0.9,0,1.0
71,0.0,12,0.7783333333333333,0.0003300519601907581,0.044826261699199677,0.014370772987604141,0.0010587659198790789,0.005275858100503683,,,,dqn_icm,cartpole,sparse,0.01,0.9,0,1.0
72,0.0,21,0.7751666666666667,8.097101090243086e-05,0.0413503497838974,0.009671704843640327,0.0008601153385825455,0.004283946007490158,,,,dqn_icm,cartpole,sparse,0.01,0.9,0,1.0
73,0.0,9,0.772,0.00017505658615846187,0.047136008739471436,0.012305499985814095,0.0011903478298336267,0.005933262407779694,,,,dqn_icm,cartpole,sparse,0.01,0.9,0,1.0
74,0.0,12,0.7688333333333334,0.00011124274897156283,0.04247351735830307,0.011100397445261478,0.0012833261862397194,0.006402266211807728,,,,dqn_icm,cartpole,sparse,0.01,0.9,0,1.0
75,0.0,29,0.7656666666666667,0.013486496172845364,0.06657253205776215,0.06817358732223511,0.014470434747636318,0.0723283663392067,,,,dqn_icm,cartpole,sparse,0.01,0.9,0,1.0
76,0.0,20,0.7625,0.12340240925550461,0.14593318104743958,0.23706921935081482,0.05456109717488289,0.27272894978523254,,,,dqn_icm,cartpole,sparse,0.01,0.9,0,1.0
77,0.0,10,0.7593333333333333,0.011359823867678642,0.225821852684021,0.09206320345401764,0.04097169265151024,0.20482176542282104,,,,dqn_icm,cartpole,sparse,0.01,0.9,0,1.0
78,0.0,9,0.7561666666666667,0.022655002772808075,0.2071085125207901,0.1603519767522812,0.0031200177036225796,0.015433106571435928,,,,dqn_icm,cartpole,sparse,0.01,0.9,0,1.0
79,0.0,10,0.753,0.008969303220510483,0.20619255304336548,0.10196816921234131,0.016161400824785233,0.08050721883773804,,,,dqn_icm,cartpole,sparse,0.01,0.9,0,1.0
80,0.0,20,0.7498333333333334,0.001030277693644166,0.06625144928693771,0.029080107808113098,0.011047742329537868,0.055075086653232574,,,,dqn_icm,cartpole,sparse,0.01,0.9,0,1.0
81,0.0,10,0.7466666666666667,0.0009314086055383086,0.05656689405441284,0.03275907039642334,0.003521914593875408,0.017240438610315323,,,,dqn_icm,cartpole,sparse,0.01,0.9,0,1.0
82,0.0,14,0.7435,0.0015750301536172628,0.016375556588172913,0.04477594047784805,0.005701972637325525,0.0280023030936718,,,,dqn_icm,cartpole,sparse,0.01,0.9,0,1.0
83,0.0,48,0.7403333333333333,0.0006314382189884782,0.04132663086056709,0.02599361725151539,0.004380244296044111,0.021807609125971794,,,,dqn_icm,cartpole,sparse,0.01,0.9,0,1.0
84,0.0,16,0.7371666666666667,0.0002185010234825313,0.05200272053480148,0.01564730331301689,0.0032624241430312395,0.01623949222266674,,,,dqn_icm,cartpole,sparse,0.01,0.9,0,1.0
85,0.0,19,0.734,0.00028889469103887677,0.06347081065177917,0.016387412324547768,0.0029795507434755564,0.014862466603517532,,,,dqn_icm,cartpole,sparse,0.01,0.9,0,1.0
86,0.0,15,0.7308333333333333,0.00025128209381364286,0.06038510426878929,0.017126882448792458,0.003308982588350773,0.016509657725691795,,,,dqn_icm,cartpole,sparse,0.01,0.9,0,1.0
87,0.0,12,0.7276666666666667,0.0004072203882969916,0.06414560973644257,0.01920011267066002,0.0018419022671878338,0.009172763675451279,,,,dqn_icm,cartpole,sparse,0.01,0.9,0,1.0
88,0.0,25,0.7245,0.00022445881040766835,0.04988231882452965,0.014454848133027554,0.0015845645684748888,0.007894361391663551,,,,dqn_icm,cartpole,sparse,0.01,0.9,0,1.0
89,0.0,23,0.7213333333333334,0.00024386856239289045,0.05008958280086517,0.01674708165228367,0.0018556168070062995,0.009258355014026165,,,,dqn_icm,cartpole,sparse,0.01,0.9,0,1.0
90,0.0,21,0.7181666666666666,0.000347020075423643,0.04822564125061035,0.019338024780154228,0.0026464033871889114,0.013220840133726597,,,,dqn_icm,cartpole,sparse,0.01,0.9,0,1.0
91,0.0,11,0.7150000000000001,0.0003162805805914104,0.0452638678252697,0.016559159383177757,0.0022647071164101362,0.011313851922750473,,,,dqn_icm,cartpole,sparse,0.01,0.9,0,1.0
92,0.0,14,0.7118333333333333,0.000230101213674061,0.044608116149902344,0.013572312891483307,0.0009993118001148105,0.004984995350241661,,,,dqn_icm,cartpole,sparse,0.01,0.9,0,1.0
93,0.0,17,0.7086666666666668,0.00020678625151049346,0.047034502029418945,0.011910420842468739,0.0011207376373931766,0.005596267059445381,,,,dqn_icm,cartpole,sparse,0.01,0.9,0,1.0
94,0.0,12,0.7055,0.00030049067572690547,0.042979247868061066,0.017533864825963974,0.0025130074936896563,0.012552669271826744,,,,dqn_icm,cartpole,sparse,0.01,0.9,0,1.0
95,0.0,15,0.7023333333333333,0.00025867129443213344,0.04134611785411835,0.015153307467699051,0.002323333639651537,0.011607222259044647,,,,dqn_icm,cartpole,sparse,0.01,0.9,0,1.0
96,0.0,16,0.6991666666666667,0.00042072133510373533,0.04788241162896156,0.018761813640594482,0.0038320464082062244,0.019152898341417313,,,,dqn_icm,cartpole,sparse,0.01,0.9,0,1.0
97,0.0,9,0.696,0.0001611471379874274,0.04815739393234253,0.012780187651515007,0.0010926657123491168,0.005454983562231064,,,,dqn_icm,cartpole,sparse,0.01,0.9,0,1.0
98,0.0,19,0.6928333333333334,0.00017910331371240318,0.04892947897315025,0.013380263932049274,0.0010625086724758148,0.0053053610026836395,,,,dqn_icm,cartpole,sparse,0.01,0.9,0,1.0
99,0.0,17,0.6896666666666667,0.00022884173085913062,0.04724382609128952,0.013173870742321014,0.000951036810874939,0.004748091567307711,,,,dqn_icm,cartpole,sparse,0.01,0.9,0,1.0
100,0.0,9,0.6865,0.00017949398898053914,0.04469086229801178,0.012486955150961876,0.001045804237946868,0.005218709819018841,0.0,0.0,9.4,dqn_icm,cartpole,sparse,0.01,0.9,0,1.0
101,0.0,12,0.6833333333333333,0.0003312943736091256,0.04878034442663193,0.01739128679037094,0.0012173420982435346,0.006080690771341324,,,,dqn_icm,cartpole,sparse,0.01,0.9,0,1.0
102,0.0,13,0.6801666666666667,0.00019434778369031847,0.04317140951752663,0.013279691338539124,0.001108235795982182,0.005536053329706192,,,,dqn_icm,cartpole,sparse,0.01,0.9,0,1.0
103,0.0,10,0.677,0.0003090703976340592,0.0448124036192894,0.0180288627743721,0.001219883211888373,0.006091817282140255,,,,dqn_icm,cartpole,sparse,0.01,0.9,0,1.0
104,0.0,14,0.6738333333333333,0.00024786079302430153,0.0430699959397316,0.016828596591949463,0.0012912523234263062,0.006449198350310326,,,,dqn_icm,cartpole,sparse,0.01,0.9,0,1.0
105,0.0,15,0.6706666666666667,0.00023712863912805915,0.04561620205640793,0.015598788857460022,0.0011404023971408606,0.005696527659893036,,,,dqn_icm,cartpole,sparse,0.01,0.9,0,1.0
106,0.0,12,0.6675,0.00017554668011143804,0.04519515112042427,0.014481047168374062,0.0011177759151905775,0.00558256171643734,,,,dqn_icm,cartpole,sparse,0.01,0.9,0,1.0
107,0.0,12,0.6643333333333333,0.00022892406559549272,0.04716624319553375,0.013591650873422623,0.0012990959221497178,0.006490502506494522,,,,dqn_icm,cartpole,sparse,0.01,0.9,0,1.0
108,0.0,11,0.6611666666666667,0.00021354628552217036,0.04287273436784744,0.013593312352895737,0.0013351927045732737,0.0066664270125329494,,,,dqn_icm,cartpole,sparse,0.01,0.9,0,1.0
109,0.0,13,0.658,0.0002003870322369039,0.050118960440158844,0.013808300718665123,0.0016930626006796956,0.008459411561489105,,,,dqn_icm,cartpole,sparse,0.01,0.9,0,1.0
110,0.0,9,0.6548333333333334,0.0004040342755615711,0.05051320791244507,0.01783396676182747,0.0012040771543979645,0.006014068145304918,,,,dqn_icm,cartpole,sparse,0.01,0.9,0,1.0
111,0.0,14,0.6516666666666667,0.0002580802538432181,0.04425211250782013,0.013809137977659702,0.0012124708155170083,0.006054842844605446,,,,dqn_icm,cartpole,sparse,0.01,0.9,0,1.0
112,0.0,14,0.6485000000000001,0.00029997469391673803,0.051188502460718155,0.01626993529498577,0.0012045829789713025,0.006016178987920284,,,,dqn_icm,cartpole,sparse,0.01,0.9,0,1.0
113,0.0,25,0.6453333333333333,0.00016491877613589168,0.04430096596479416,0.012714805081486702,0.0009076351416297257,0.004531470127403736,,,,dqn_icm,cartpole,sparse,0.01,0.9,0,1.0
114,0.0,11,0.6421666666666668,0.00024186614609789103,0.04583393782377243,0.013460064306855202,0.0015072919195517898,0.007532256655395031,,,,dqn_icm,cartpole,sparse,0.01,0.9,0,1.0
115,0.0,11,0.639,0.00021666332031600177,0.0481705479323864,0.01243656501173973,0.0010544805554673076,0.005266471765935421,,,,dqn_icm,cartpole,sparse,0.01,0.9,0,1.0
116,0.0,14,0.6358333333333333,0.0002636675490066409,0.04400961473584175,0.013807203620672226,0.0014039735542610288,0.0070169162936508656,,,,dqn_icm,cartpole,sparse,0.01,0.9,0,1.0
117,0.0,15,0.6326666666666667,0.00028369989013299346,0.043531130999326706,0.015031944029033184,0.0007706231554038823,0.0038495101034641266,,,,dqn_icm,cartpole,sparse,0.01,0.9,0,1.0
118,0.0,18,0.6295,0.00015728510334156454,0.048269376158714294,0.013185858726501465,0.0013900796184316278,0.006945837754756212,,,,dqn_icm,cartpole,sparse,0.01,0.9,0,1.0
119,0.0,18,0.6263333333333334,0.00031698367092758417,0.048872433602809906,0.014378795400261879,0.0012651252327486873,0.006323003210127354,,,,dqn_icm,cartpole,sparse,0.01,0.9,0,1.0
120,0.0,10,0.6231666666666666,0.00011097013339167461,0.04775645211338997,0.008935314603149891,0.001028276514261961,0.005138103850185871,,,,dqn_icm,cartpole,sparse,0.01,0.9,0,1.0
121,0.0,12,0.62,0.00021452066721394658,0.04602949693799019,0.012224202044308186,0.0012962145265191793,0.006478389259427786,,,,dqn_icm,cartpole,sparse,0.01,0.9,0,1.0
122,0.0,10,0.6168333333333333,0.0002172748645534739,0.04654032364487648,0.012638385407626629,0.0010153667535632849,0.005073316860944033,,,,dqn_icm,cartpole,sparse,0.01,0.9,0,1.0
123,0.0,11,0.6136666666666667,0.00013939935888629407,0.04451427608728409,0.011730020865797997,0.0012447481276467443,0.006221117451786995,,,,dqn_icm,cartpole,sparse,0.01,0.9,0,1.0
124,0.0,8,0.6105,9.303567640017718e-05,0.04188596457242966,0.009204491972923279,0.0007028607069514692,0.003511174349114299,,,,dqn_icm,cartpole,sparse,0.01,0.9,0,1.0
125,0.0,16,0.6073333333333333,0.0005523846484720707,0.05423559248447418,0.019346054643392563,0.001709734438918531,0.00854551326483488,,,,dqn_icm,cartpole,sparse,0.01,0.9,0,1.0
126,0.0,12,0.6041666666666667,0.00017273430421482772,0.04939588904380798,0.012343212962150574,0.0014040928799659014,0.007017871364951134,,,,dqn_icm,cartpole,sparse,0.01,0.9,0,1.0
127,0.0,14,0.601,0.00027870378107763827,0.04748137295246124,0.013443760573863983,0.0013169348239898682,0.0065818410366773605,,,,dqn_icm,cartpole,sparse,0.01,0.9,0,1.0
128,0.0,12,0.5978333333333333,0.00028659403324127197,0.056551627814769745,0.013794586062431335,0.0014976926613599062,0.00748575059697032,,,,dqn_icm,cartpole,sparse,0.01,0.9,0,1.0
129,0.0,9,0.5946666666666667,0.0005543878651224077,0.05393223837018013,0.018530964851379395,0.0022320402786135674,0.011157488450407982,,,,dqn_icm,cartpole,sparse,0.01,0.9,0,1.0
130,0.0,11,0.5915,0.0001799856108846143,0.04867248982191086,0.012384278699755669,0.0021665666718035936,0.010829762555658817,,,,dqn_icm,cartpole,sparse,0.01,0.9,0,1.0
131,0.0,12,0.5883333333333334,0.000310333794914186,0.049872733652591705,0.01753959245979786,0.0017586142057552934,0.008790059946477413,,,,dqn_icm,cartpole,sparse,0.01,0.9,0,1.0
132,0.0,12,0.5851666666666667,0.00038829969707876444,0.05054458975791931,0.01682102680206299,0.0018449604976922274,0.009222416207194328,,,,dqn_icm,cartpole,sparse,0.01,0.9,0,1.0
133,0.0,13,0.5820000000000001,0.0008924854919314384,0.05284924805164337,0.02712653949856758,0.006800694856792688,0.03399942070245743,,,,dqn_icm,cartpole,sparse,0.01,0.9,0,1.0
134,0.0,13,0.5788333333333333,0.0005225625354796648,0.06736327707767487,0.019649580121040344,0.004527008160948753,0.02263244427740574,,,,dqn_icm,cartpole,sparse,0.01,0.9,0,1.0
135,0.0,13,0.5756666666666668,0.000475208624266088,0.0787319615483284,0.022145278751850128,0.005959896836429834,0.029797010123729706,,,,dqn_icm,cartpole,sparse,0.01,0.9,0,1.0
136,0.0,19,0.5725,0.000498442561365664,0.08085306733846664,0.01962939277291298,0.0043677822686731815,0.02183685079216957,,,,dqn_icm,cartpole,sparse,0.01,0.9,0,1.0
137,0.0,12,0.5693333333333334,0.0008353986777365208,0.06861954927444458,0.024145204573869705,0.00510064885020256,0.025500774383544922,,,,dqn_icm,cartpole,sparse,0.01,0.9,0,1.0
138,0.0,12,0.5661666666666667,0.0007985789561644197,0.06636721640825272,0.02661122940480709,0.0064796521328389645,0.032393697649240494,,,,dqn_icm,cartpole,sparse,0.01,0.9,0,1.0
139,0.0,9,0.563,0.00038783904165029526,0.07049199193716049,0.018044281750917435,0.0034951437264680862,0.01747053489089012,,,,dqn_icm,cartpole,sparse,0.01,0.9,0,1.0
140,0.0,9,0.5598333333333334,0.0003606106620281935,0.06891199946403503,0.01887236163020134,0.0052763475105166435,0.026377983391284943,,,,dqn_icm,cartpole,sparse,0.01,0.9,0,1.0
141,0.0,14,0.5566666666666666,0.00025390824885107577,0.06515495479106903,0.015379085205495358,0.004015104379504919,0.020067352801561356,,,,dqn_icm,cartpole,sparse,0.01,0.9,0,1.0
142,0.0,10,0.5535000000000001,0.00016767845954746008,0.05445079877972603,0.012887243181467056,0.0025252157356590033,0.012621191330254078,,,,dqn_icm,cartpole,sparse,0.01,0.9,0,1.0
143,0.0,9,0.5503333333333333,0.0001356657885480672,0.0593666210770607,0.01136849820613861,0.0026270297821611166,0.013130201026797295,,,,dqn_icm,cartpole,sparse,0.01,0.9,0,1.0
144,0.0,13,0.5471666666666667,0.00011162315786350518,0.05316094309091568,0.009502863511443138,0.0022415057756006718,0.011200463399291039,,,,dqn_icm,cartpole,sparse,0.01,0.9,0,1.0
145,0.0,11,0.544,0.0003791254130192101,0.05822717398405075,0.012625652365386486,0.0026284425985068083,0.013134613633155823,,,,dqn_icm,cartpole,sparse,0.01,0.9,0,1.0
146,0.0,10,0.5408333333333333,0.0003194131422787905,0.04890977218747139,0.013287441805005074,0.002805807627737522,0.01402498409152031,,,,dqn_icm,cartpole,sparse,0.01,0.9,0,1.0
147,0.0,10,0.5376666666666667,0.00045438838424161077,0.06049157679080963,0.01661927066743374,0.005085264332592487,0.025421882048249245,,,,dqn_icm,cartpole,sparse,0.01,0.9,0,1.0
148,0.0,20,0.5345,0.0003156822931487113,0.06225607171654701,0.014784350991249084,0.003785841166973114,0.018924199044704437,,,,dqn_icm,cartpole,sparse,0.01,0.9,0,1.0
149,0.0,12,0.5313333333333333,0.000670878158416599,0.0594608411192894,0.021708911284804344,0.005972929298877716,0.02986142411828041,,,,dqn_icm,cartpole,sparse,0.01,0.9,0,1.0
150,0.0,16,0.5281666666666667,0.0005261171609163284,0.07205431163311005,0.020790573209524155,0.002255895407870412,0.011273634620010853,0.0,0.0,9.4,dqn_icm,cartpole,sparse,0.01,0.9,0,1.0
151,0.0,14,0.525,0.0006777542876079679,0.07178856432437897,0.02616393193602562,0.0018707584822550416,0.009349322877824306,,,,dqn_icm,cartpole,sparse,0.01,0.9,0,1.0
152,0.0,14,0.5218333333333334,0.00022143407841213048,0.06043799966573715,0.014724787324666977,0.0023071912582963705,0.011530084535479546,,,,dqn_icm,cartpole,sparse,0.01,0.9,0,1.0
153,0.0,10,0.5186666666666666,0.0001790700771380216,0.04853418469429016,0.012106100097298622,0.0025600390508770943,0.012793160043656826,,,,dqn_icm,cartpole,sparse,0.01,0.9,0,1.0
154,0.0,9,0.5155000000000001,0.0007488106493838131,0.05629555135965347,0.021346818655729294,0.002645536558702588,0.013222318142652512,,,,dqn_icm,cartpole,sparse,0.01,0.9,0,1.0
155,0.0,11,0.5123333333333333,0.00022903546050656587,0.051374055445194244,0.014499145559966564,0.0017365615349262953,0.008675744757056236,,,,dqn_icm,cartpole,sparse,0.01,0.9,0,1.0
156,0.0,9,0.5091666666666667,0.0003462016466073692,0.05311228334903717,0.014596141874790192,0.0018205468077212572,0.009095164015889168,,,,dqn_icm,cartpole,sparse,0.01,0.9,0,1.0
157,0.0,8,0.506,0.00020783649233635515,0.05273659899830818,0.011925551109015942,0.0025475583970546722,0.012729983776807785,,,,dqn_icm,cartpole,sparse,0.01,0.9,0,1.0
158,0.0,11,0.5028333333333334,0.0003558183670975268,0.053868331015110016,0.013922665268182755,0.002012276789173484,0.010054527781903744,,,,dqn_icm,cartpole,sparse,0.01,0.9,0,1.0
159,0.0,9,0.4996666666666667,0.0022268856409937143,0.05234088376164436,0.02816600166261196,0.004668354522436857,0.023332323879003525,,,,dqn_icm,cartpole,sparse,0.01,0.9,0,1.0
160,0.0,13,0.49650000000000005,0.00028168311109766364,0.059207528829574585,0.014795469120144844,0.0027470544446259737,0.01372925192117691,,,,dqn_icm,cartpole,sparse,0.01,0.9,0,1.0
161,0.0,10,0.4933333333333334,0.0002201164315920323,0.06274329125881195,0.010751930996775627,0.0022257373202592134,0.011123144067823887,,,,dqn_icm,cartpole,sparse,0.01,0.9,0,1.0
162,0.0,15,0.49016666666666675,0.0005542380968108773,0.07296652346849442,0.017437880858778954,0.003350611077621579,0.016747303307056427,,,,dqn_icm,cartpole,sparse,0.01,0.9,0,1.0
163,0.0,9,0.487,0.0016676615923643112,0.07481378316879272,0.019191715866327286,0.0041320472955703735,0.02065281756222248,,,,dqn_icm,cartpole,sparse,0.01,0.9,0,1.0
164,0.0,13,0.48383333333333334,0.0002205146010965109,0.07285893708467484,0.010553871281445026,0.002162620425224304,0.01080684270709753,,,,dqn_icm,cartpole,sparse,0.01,0.9,0,1.0
165,0.0,14,0.4806666666666667,0.000638470402918756,0.06856250762939453,0.01650950126349926,0.0029348102398216724,0.014665912836790085,,,,dqn_icm,cartpole,sparse,0.01,0.9,0,1.0
166,0.0,28,0.47750000000000004,0.0002756454923655838,0.06186327338218689,0.014067096635699272,0.0019963548984378576,0.009970358572900295,,,,dqn_icm,cartpole,sparse,0.01,0.9,0,1.0
167,0.0,13,0.4743333333333334,0.005756515543907881,0.059983640909194946,0.029209289699792862,0.005787371192127466,0.028931159526109695,,,,dqn_icm,cartpole,sparse,0.01,0.9,0,1.0
168,0.0,15,0.47116666666666673,0.0004223278956487775,0.06598181277513504,0.019122928380966187,0.002976727904751897,0.014876875095069408,,,,dqn_icm,cartpole,sparse,0.01,0.9,0,1.0
169,0.0,13,0.46799999999999997,0.00047308136709034443,0.07247959077358246,0.01769903302192688,0.0024283011443912983,0.012135514989495277,,,,dqn_icm,cartpole,sparse,0.01,0.9,0,1.0
170,0.0,19,0.4648333333333333,0.0003809917252510786,0.0715937465429306,0.016194917261600494,0.002510941820219159,0.01254970207810402,,,,dqn_icm,cartpole,sparse,0.01,0.9,0,1.0
171,0.0,12,0.46166666666666667,0.0011110457126051188,0.07122093439102173,0.01879408396780491,0.004393152892589569,0.021958965808153152,,,,dqn_icm,cartpole,sparse,0.01,0.9,0,1.0
172,0.0,13,0.4585,0.00038671738002449274,0.07428614795207977,0.01857161708176136,0.002664951141923666,0.013320314697921276,,,,dqn_icm,cartpole,sparse,0.01,0.9,0,1.0
173,0.0,16,0.45533333333333337,0.0006956203724257648,0.08081267774105072,0.023670990020036697,0.00562342768535018,0.02811281383037567,,,,dqn_icm,cartpole,sparse,0.01,0.9,0,1.0
174,0.0,11,0.4521666666666667,0.000496837601531297,0.07448753714561462,0.022505728527903557,0.005497936625033617,0.02748705819249153,,,,dqn_icm,cartpole,sparse,0.01,0.9,0,1.0
175,0.0,10,0.44900000000000007,0.00024294029572047293,0.07668142020702362,0.014709658920764923,0.004192644264549017,0.02095833793282509,,,,dqn_icm,cartpole,sparse,0.01,0.9,0,1.0
176,0.0,9,0.4458333333333333,0.00024643284268677235,0.08177463710308075,0.01587357372045517,0.004831581376492977,0.02415391430258751,,,,dqn_icm,cartpole,sparse,0.01,0.9,0,1.0
177,0.0,11,0.44266666666666665,0.00023766784579493105,0.08495378494262695,0.013915875926613808,0.004333995282649994,0.02166300266981125,,,,dqn_icm,cartpole,sparse,0.01,0.9,0,1.0
178,0.0,10,0.4395,0.0003794619988184422,0.07785005867481232,0.01698547974228859,0.004076511133462191,0.020375847816467285,,,,dqn_icm,cartpole,sparse,0.01,0.9,0,1.0
179,0.0,12,0.43633333333333335,0.0005492080235853791,0.08117911219596863,0.019170574843883514,0.003886144608259201,0.019422706216573715,,,,dqn_icm,cartpole,sparse,0.01,0.9,0,1.0
180,0.0,16,0.4331666666666667,0.0003715871716849506,0.07673300802707672,0.0164731927216053,0.0028926311060786247,0.014457521960139275,,,,dqn_icm,cartpole,sparse,0.01,0.9,0,1.0
181,0.0,11,0.43000000000000005,0.00026820937637239695,0.07155276834964752,0.014336323365569115,0.0028720328118652105,0.014354086481034756,,,,dqn_icm,cartpole,sparse,0.01,0.9,0,1.0
182,0.0,12,0.4268333333333333,0.000376783253159374,0.06313765794038773,0.01689179614186287,0.0030542071908712387,0.015262600034475327,,,,dqn_icm,cartpole,sparse,0.01,0.9,0,1.0
183,0.0,13,0.42366666666666664,0.0003698141372296959,0.06884010136127472,0.015519190579652786,0.001995160011574626,0.009971089661121368,,,,dqn_icm,cartpole,sparse,0.01,0.9,0,1.0
184,0.0,15,0.4205,0.0004462150973267853,0.07064761221408844,0.016855552792549133,0.0019250614568591118,0.00962018221616745,,,,dqn_icm,cartpole,sparse,0.01,0.9,0,1.0
185,0.0,16,0.41733333333333344,0.00024302360543515533,0.06836870312690735,0.013103105127811432,0.00186637369915843,0.009321944788098335,,,,dqn_icm,cartpole,sparse,0.01,0.9,0,1.0
186,0.0,10,0.4141666666666667,0.0003388181794434786,0.0693296492099762,0.014273060485720634,0.001711116754449904,0.008545003831386566,,,,dqn_icm,cartpole,sparse,0.01,0.9,0,1.0
187,0.0,8,0.41100000000000003,0.00021641000057570636,0.06412119418382645,0.011922132223844528,0.0018854443915188313,0.00941893644630909,,,,dqn_icm,cartpole,sparse,0.01,0.9,0,1.0
188,0.0,10,0.4078333333333334,0.0004873826983384788,0.07051001489162445,0.018268536776304245,0.0018334876513108611,0.009162312373518944,,,,dqn_icm,cartpole,sparse,0.01,0.9,0,1.0
189,0.0,16,0.4046666666666666,0.00011853643809445202,0.06171026453375816,0.009099610149860382,0.0014386744005605578,0.007182226050645113,,,,dqn_icm,cartpole,sparse,0.01,0.9,0,1.0
190,0.0,11,0.4015000000000001,0.00024557928554713726,0.0684855580329895,0.013859577476978302,0.0015241075307130814,0.00761231267824769,,,,dqn_icm,cartpole,sparse,0.01,0.9,0,1.0
191,0.0,12,0.39833333333333343,0.0004336004494689405,0.06504654139280319,0.01779434084892273,0.001373186823911965,0.006859973073005676,,,,dqn_icm,cartpole,sparse,0.01,0.9,0,1.0
192,0.0,11,0.39516666666666667,0.0002645506465341896,0.06190994381904602,0.014658479019999504,0.0018271837616339326,0.009123610332608223,,,,dqn_icm,cartpole,sparse,0.01,0.9,0,1.0
193,0.0,14,0.392,0.0003402911243028939,0.067958302795887,0.014407504349946976,0.0013637933880090714,0.0068155694752931595,,,,dqn_icm,cartpole,sparse,0.01,0.9,0,1.0
194,0.0,12,0.38883333333333336,0.00022978411288931966,0.06804251670837402,0.010994283482432365,0.0011441496899351478,0.005715979728847742,,,,dqn_icm,cartpole,sparse,0.01,0.9,0,1.0
195,0.0,11,0.3856666666666667,0.0003569716354832053,0.06563180685043335,0.015171878971159458,0.001288427272811532,0.006436771713197231,,,,dqn_icm,cartpole,sparse,0.01,0.9,0,1.0
196,0.0,11,0.38250000000000006,0.0003764514985959977,0.06498350203037262,0.015788281336426735,0.0008658309234306216,0.004324594512581825,,,,dqn_icm,cartpole,sparse,0.01,0.9,0,1.0
197,0.0,15,0.3793333333333334,0.00022621075913775712,0.05959624797105789,0.012354277074337006,0.001423829817213118,0.007108896970748901,,,,dqn_icm,cartpole,sparse,0.01,0.9,0,1.0
198,0.0,11,0.37616666666666676,0.00011641404853435233,0.06198186054825783,0.008424624800682068,0.0008476661751046777,0.004233174957334995,,,,dqn_icm,cartpole,sparse,0.01,0.9,0,1.0
199,0.0,13,0.373,0.00010615313658490777,0.06373631954193115,0.008469491265714169,0.0012340510729700327,0.006164920050650835,,,,dqn_icm,cartpole,sparse,0.01,0.9,0,1.0
200,0.0,9,0.36983333333333335,0.0003576102899387479,0.06681695580482483,0.013123059645295143,0.0008686430519446731,0.004339609295129776,0.0,0.0,9.4,dqn_icm,cartpole,sparse,0.01,0.9,0,1.0
201,0.0,12,0.3666666666666667,0.0001800435857148841,0.0578969269990921,0.00907658040523529,0.0009740158566273749,0.004865936003625393,,,,dqn_icm,cartpole,sparse,0.01,0.9,0,1.0
202,0.0,9,0.36350000000000005,0.00021727611601818353,0.060894764959812164,0.01066540740430355,0.0008738756296224892,0.004365353845059872,,,,dqn_icm,cartpole,sparse,0.01,0.9,0,1.0
203,0.0,10,0.3603333333333334,0.0002507457393221557,0.06453747302293777,0.010890493169426918,0.0009397785179316998,0.004696031101047993,,,,dqn_icm,cartpole,sparse,0.01,0.9,0,1.0
204,0.0,13,0.35716666666666674,0.0003016049158759415,0.05692549794912338,0.013804902322590351,0.0011126454919576645,0.005558785982429981,,,,dqn_icm,cartpole,sparse,0.01,0.9,0,1.0
205,0.0,10,0.354,0.00024190617841668427,0.06032060459256172,0.012888854369521141,0.0007462397334165871,0.0037263701669871807,,,,dqn_icm,cartpole,sparse,0.01,0.9,0,1.0
206,0.0,12,0.35083333333333333,0.00018271245062351227,0.058516353368759155,0.01036209985613823,0.0014798797201365232,0.0073923650197684765,,,,dqn_icm,cartpole,sparse,0.01,0.9,0,1.0
207,0.0,9,0.3476666666666667,0.0002943648723885417,0.06434779614210129,0.012368367053568363,0.0008933264762163162,0.004462728276848793,,,,dqn_icm,cartpole,sparse,0.01,0.9,0,1.0
208,0.0,10,0.34450000000000003,0.00032981057302094996,0.06582919508218765,0.01411760225892067,0.0010511904256418347,0.005253001116216183,,,,dqn_icm,cartpole,sparse,0.01,0.9,0,1.0
209,0.0,13,0.3413333333333334,0.00025339637068100274,0.06535718590021133,0.01282506063580513,0.0010918511543422937,0.005456036888062954,,,,dqn_icm,cartpole,sparse,0.01,0.9,0,1.0
210,0.0,9,0.3381666666666667,0.00020422985835466534,0.06572970747947693,0.010915905237197876,0.0011040358804166317,0.005517973098903894,,,,dqn_icm,cartpole,sparse,0.01,0.9,0,1.0
211,0.0,9,0.3350000000000001,0.0003065602504648268,0.05978047102689743,0.014670561999082565,0.001267451443709433,0.006333144381642342,,,,dqn_icm,cartpole,sparse,0.01,0.9,0,1.0
212,0.0,9,0.3318333333333333,0.00023690136731602252,0.056622836738824844,0.011526523157954216,0.0010660219704732299,0.00532721821218729,,,,dqn_icm,cartpole,sparse,0.01,0.9,0,1.0
213,0.0,11,0.32866666666666666,0.00015584884386043996,0.06893181800842285,0.010057156905531883,0.001016544527374208,0.005079920869320631,,,,dqn_icm,cartpole,sparse,0.01,0.9,0,1.0
214,0.0,14,0.3255,0.0002889984752982855,0.06891187280416489,0.013371679931879044,0.0009558050078339875,0.0047758654691278934,,,,dqn_icm,cartpole,sparse,0.01,0.9,0,1.0
215,0.0,8,0.32233333333333336,0.00032996604568324983,0.06968705356121063,0.013904903084039688,0.0010579333174973726,0.005286150146275759,,,,dqn_icm,cartpole,sparse,0.01,0.9,0,1.0
216,0.0,14,0.3191666666666667,0.0002739117480814457,0.062216103076934814,0.012250788509845734,0.0009898159187287092,0.004947559908032417,,,,dqn_icm,cartpole,sparse,0.01,0.9,0,1.0
217,0.0,10,0.31600000000000006,0.000345286593073979,0.059703171253204346,0.013841303065419197,0.0014683239860460162,0.0073392647318542,,,,dqn_icm,cartpole,sparse,0.01,0.9,0,1.0
218,0.0,16,0.3128333333333333,0.00017047325673047453,0.061022356152534485,0.008364828303456306,0.0010030901758000255,0.005012143403291702,,,,dqn_icm,cartpole,sparse,0.01,0.9,0,1.0
219,0.0,11,0.30966666666666665,0.00022004207130521536,0.0651792585849762,0.011214667931199074,0.0010295675601810217,0.0051458412781357765,,,,dqn_icm,cartpole,sparse,0.01,0.9,0,1.0
220,0.0,12,0.3065,0.0001182692576549016,0.06716927886009216,0.008376159705221653,0.0010832049883902073,0.005413521081209183,,,,dqn_icm,cartpole,sparse,0.01,0.9,0,1.0
221,0.0,11,0.30333333333333345,0.00037205207627266645,0.06506595015525818,0.01628919318318367,0.001044981530867517,0.005222612991929054,,,,dqn_icm,cartpole,sparse,0.01,0.9,0,1.0
222,0.0,10,0.3001666666666667,0.0001559611118864268,0.059300705790519714,0.009383488446474075,0.0010391994146630168,0.005194059573113918,,,,dqn_icm,cartpole,sparse,0.01,0.9,0,1.0
223,0.0,12,0.29700000000000004,0.0004146238206885755,0.06597650051116943,0.01674000546336174,0.000983110861852765,0.004913796670734882,,,,dqn_icm,cartpole,sparse,0.01,0.9,0,1.0
224,0.0,9,0.2938333333333334,8.765309758018702e-05,0.06119982898235321,0.007306738756597042,0.0010125032858923078,0.005057718604803085,,,,dqn_icm,cartpole,sparse,0.01,0.9,0,1.0
225,0.0,10,0.29066666666666663,0.00031420151935890317,0.06440961360931396,0.013086400926113129,0.0012011596700176597,0.006003265269100666,,,,dqn_icm,cartpole,sparse,0.01,0.9,0,1.0
226,0.0,10,0.2875000000000001,0.0003639063215814531,0.07171143591403961,0.01207970641553402,0.0011314827715978026,0.005655447021126747,,,,dqn_icm,cartpole,sparse,0.01,0.9,0,1.0
227,0.0,10,0.28433333333333344,0.00037467083893716335,0.06448963284492493,0.015482221730053425,0.0013327423948794603,0.006661268882453442,,,,dqn_icm,cartpole,sparse,0.01,0.9,0,1.0
228,0.0,12,0.2811666666666667,0.00010122598905581981,0.057878583669662476,0.008542432449758053,0.0011586337350308895,0.005791022442281246,,,,dqn_icm,cartpole,sparse,0.01,0.9,0,1.0
229,0.0,10,0.278,0.00018442096188664436,0.06731271743774414,0.010995961725711823,0.0012111624237149954,0.006054261699318886,,,,dqn_icm,cartpole,sparse,0.01,0.9,0,1.0
230,0.0,9,0.2748333333333334,0.00032821649801917374,0.0685364156961441,0.014303460717201233,0.0012685054680332541,0.006340709514915943,,,,dqn_icm,cartpole,sparse,0.01,0.9,0,1.0
231,0.0,14,0.2716666666666666,0.0005128061166033149,0.061623089015483856,0.014650758355855942,0.001202476560138166,0.00600984925404191,,,,dqn_icm,cartpole,sparse,0.01,0.9,0,1.0
232,0.0,10,0.26850000000000007,0.00015368842286989093,0.060403063893318176,0.010787303559482098,0.0012651182478293777,0.006323058158159256,,,,dqn_icm,cartpole,sparse,0.01,0.9,0,1.0
233,0.0,11,0.2653333333333334,0.000476296670967713,0.05764177441596985,0.017424587160348892,0.0010371068492531776,0.00518401525914669,,,,dqn_icm,cartpole,sparse,0.01,0.9,0,1.0
234,0.0,9,0.26216666666666677,0.00037601898657158017,0.06063791364431381,0.014105057343840599,0.0011308913817629218,0.0056525785475969315,,,,dqn_icm,cartpole,sparse,0.01,0.9,0,1.0
235,0.0,10,0.259,0.00025598416686989367,0.06648729741573334,0.013313435949385166,0.0011520568514242768,0.005757661070674658,,,,dqn_icm,cartpole,sparse,0.01,0.9,0,1.0
236,0.0,10,0.25583333333333336,0.0002482097770553082,0.07446925342082977,0.012619942426681519,0.0017111810157075524,0.008554413914680481,,,,dqn_icm,cartpole,sparse,0.01,0.9,0,1.0
237,0.0,11,0.2526666666666667,8.386571425944567e-05,0.07078049331903458,0.008509475737810135,0.0009311203029938042,0.004653425421565771,,,,dqn_icm,cartpole,sparse,0.01,0.9,0,1.0
238,0.0,8,0.24950000000000006,0.00039810239104554057,0.06792347133159637,0.013319727964699268,0.0010387139627709985,0.00519115524366498,,,,dqn_icm,cartpole,sparse,0.01,0.9,0,1.0
239,0.0,10,0.2463333333333334,0.0002263342757942155,0.06464696675539017,0.012287428602576256,0.0009863958694040775,0.004930369555950165,,,,dqn_icm,cartpole,sparse,0.01,0.9,0,1.0
240,0.0,14,0.24316666666666675,0.00030140182934701443,0.06241399049758911,0.01437675952911377,0.0010169317247346044,0.005083317402750254,,,,dqn_icm,cartpole,sparse,0.01,0.9,0,1.0
241,0.0,11,0.24,0.00018351039034314454,0.05778234824538231,0.010123828426003456,0.0008154858951456845,0.004076117649674416,,,,dqn_icm,cartpole,sparse,0.01,0.9,0,1.0
242,0.0,10,0.23683333333333334,0.0001263427548110485,0.0580332949757576,0.008967991918325424,0.00076383410487324,0.003817710094153881,,,,dqn_icm,cartpole,sparse,0.01,0.9,0,1.0
243,0.0,10,0.2336666666666667,0.00020688638323917985,0.058523185551166534,0.010842655785381794,0.0008642986649647355,0.004319943953305483,,,,dqn_icm,cartpole,sparse,0.01,0.9,0,1.0
244,0.0,9,0.23050000000000004,0.0001976657222257927,0.06655742973089218,0.010850252583622932,0.0008499849354848266,0.004248702432960272,,,,dqn_icm,cartpole,sparse,0.01,0.9,0,1.0
245,0.0,12,0.2273333333333334,0.00011427811114117503,0.0645170509815216,0.008774906396865845,0.0008541152346879244,0.004269324243068695,,,,dqn_icm,cartpole,sparse,0.01,0.9,0,1.0
246,0.0,9,0.22416666666666674,0.00031580173526890576,0.0649704784154892,0.013269350863993168,0.000970612105447799,0.004849931225180626,,,,dqn_icm,cartpole,sparse,0.01,0.9,0,1.0
247,0.0,9,0.22100000000000009,0.00019815692212432623,0.06149790436029434,0.011442379094660282,0.0010564213152974844,0.005280408076941967,,,,dqn_icm,cartpole,sparse,0.01,0.9,0,1.0
248,0.0,11,0.21783333333333332,0.00017288555682171136,0.060391250997781754,0.010813836008310318,0.0010040327906608582,0.005018256139010191,,,,dqn_icm,cartpole,sparse,0.01,0.9,0,1.0
249,0.0,9,0.21466666666666667,0.00025175671908073127,0.06081152707338333,0.013222115114331245,0.001212249742820859,0.006059013307094574,,,,dqn_icm,cartpole,sparse,0.01,0.9,0,1.0
250,0.0,10,0.21150000000000002,0.00017862826643977314,0.05942850559949875,0.009420628659427166,0.0010172555921599269,0.005085026379674673,0.0,0.0,9.8,dqn_icm,cartpole,sparse,0.01,0.9,0,1.0
251,0.0,10,0.20833333333333337,0.00028182630194351077,0.06899432837963104,0.011620329692959785,0.0010587814031168818,0.005292178131639957,,,,dqn_icm,cartpole,sparse,0.01,0.9,0,1.0
252,0.0,9,0.20516666666666672,9.466683695791289e-05,0.06711924076080322,0.006920736748725176,0.0006094456766732037,0.0030460066627711058,,,,dqn_icm,cartpole,sparse,0.01,0.9,0,1.0
253,0.0,9,0.20200000000000007,7.207572343759239e-05,0.06806053221225739,0.007002253085374832,0.0006788826431147754,0.0033931315410882235,,,,dqn_icm,cartpole,sparse,0.01,0.9,0,1.0
254,0.0,9,0.1988333333333333,0.00010975739860441536,0.06423124670982361,0.008385133929550648,0.0007888618274591863,0.003943206276744604,,,,dqn_icm,cartpole,sparse,0.01,0.9,0,1.0
255,0.0,9,0.19566666666666666,0.00011682961485348642,0.06558647751808167,0.008649749681353569,0.0008663908229209483,0.0043299878016114235,,,,dqn_icm,cartpole,sparse,0.01,0.9,0,1.0
256,0.0,9,0.1925,0.0002910629555117339,0.068260058760643,0.011915044859051704,0.0009473023819737136,0.004735587630420923,,,,dqn_icm,cartpole,sparse,0.01,0.9,0,1.0
257,0.0,9,0.18933333333333335,0.0001748276990838349,0.07043451815843582,0.009713495150208473,0.0007759311120025814,0.0038789398968219757,,,,dqn_icm,cartpole,sparse,0.01,0.9,0,1.0
258,0.0,9,0.1861666666666667,0.0002627542708069086,0.06871653348207474,0.010798655450344086,0.0008423744002357125,0.004210678860545158,,,,dqn_icm,cartpole,sparse,0.01,0.9,0,1.0
259,0.0,10,0.18300000000000005,0.00019453559070825577,0.0697205513715744,0.009324489161372185,0.0007210765033960342,0.003604607656598091,,,,dqn_icm,cartpole,sparse,0.01,0.9,0,1.0
260,0.0,11,0.1798333333333334,0.00032957131043076515,0.0729537308216095,0.012121740728616714,0.0008432312170043588,0.004214963875710964,,,,dqn_icm,cartpole,sparse,0.01,0.9,0,1.0
261,0.0,10,0.17666666666666664,8.519319089828059e-05,0.06838877499103546,0.006432160269469023,0.0008019921951927245,0.0040090372785925865,,,,dqn_icm,cartpole,sparse,0.01,0.9,0,1.0
262,0.0,9,0.1735,0.00012690896983258426,0.056967973709106445,0.008239027112722397,0.0006901230663061142,0.0034494525752961636,,,,dqn_icm,cartpole,sparse,0.01,0.9,0,1.0
263,0.0,10,0.17033333333333345,0.00010902773647103459,0.06115664541721344,0.008796059526503086,0.0009265069966204464,0.004631580784916878,,,,dqn_icm,cartpole,sparse,0.01,0.9,0,1.0
264,0.0,11,0.16716666666666669,0.00014061345427762717,0.055391959846019745,0.009527229703962803,0.0009436389664188027,0.0047171516343951225,,,,dqn_icm,cartpole,sparse,0.01,0.9,0,1.0
265,0.0,11,0.16400000000000003,0.00012178609904367477,0.06246286630630493,0.007763921283185482,0.001074615283869207,0.005371467210352421,,,,dqn_icm,cartpole,sparse,0.01,0.9,0,1.0
266,0.0,9,0.16083333333333338,0.00036787151475436985,0.07789088785648346,0.01497673150151968,0.0010322664165869355,0.005160645581781864,,,,dqn_icm,cartpole,sparse,0.01,0.9,0,1.0
267,0.0,9,0.15766666666666662,0.0002153724490199238,0.06733906269073486,0.010629849508404732,0.001234421506524086,0.00617061834782362,,,,dqn_icm,cartpole,sparse,0.01,0.9,0,1.0
268,0.0,12,0.15450000000000008,0.000166846250067465,0.06319813430309296,0.009275589138269424,0.0008682135376147926,0.004339934326708317,,,,dqn_icm,cartpole,sparse,0.01,0.9,0,1.0
269,0.0,12,0.15133333333333343,0.00014656878192909062,0.061923060566186905,0.008938148617744446,0.0010174443013966084,0.005086236633360386,,,,dqn_icm,cartpole,sparse,0.01,0.9,0,1.0
270,0.0,9,0.14816666666666678,0.00018963502952829003,0.0674767792224884,0.011220849119126797,0.0009855235693976283,0.004926157183945179,,,,dqn_icm,cartpole,sparse,0.01,0.9,0,1.0
271,0.0,12,0.14500000000000002,0.000175423949258402,0.06117554381489754,0.009012487716972828,0.0007354252156801522,0.0036760533694177866,,,,dqn_icm,cartpole,sparse,0.01,0.9,0,1.0
272,0.0,9,0.14183333333333337,0.00014486859436146915,0.062163643538951874,0.009511329233646393,0.0011081792181357741,0.005539853125810623,,,,dqn_icm,cartpole,sparse,0.01,0.9,0,1.0
273,0.0,11,0.13866666666666672,0.00020917071378789842,0.07844623923301697,0.011620450764894485,0.001079736277461052,0.005397161468863487,,,,dqn_icm,cartpole,sparse,0.01,0.9,0,1.0
274,0.0,10,0.13550000000000006,7.485040987376124e-05,0.06736403703689575,0.0072959233075380325,0.0009853215888142586,0.004925087094306946,,,,dqn_icm,cartpole,sparse,0.01,0.9,0,1.0
275,0.0,12,0.1323333333333334,0.00013677527022082359,0.062355078756809235,0.008877703920006752,0.001283461693674326,0.006415908224880695,,,,dqn_icm,cartpole,sparse,0.01,0.9,0,1.0
276,0.0,10,0.12916666666666676,0.0001614072680240497,0.05918019264936447,0.011429529637098312,0.0009422559523954988,0.004710325971245766,,,,dqn_icm,cartpole,sparse,0.01,0.9,0,1.0
277,0.0,11,0.126,0.00022357108537107706,0.058256834745407104,0.012032601982355118,0.0010459646582603455,0.005228780210018158,,,,dqn_icm,cartpole,sparse,0.01,0.9,0,1.0
278,0.0,9,0.12283333333333335,0.0001211331837112084,0.06097480654716492,0.007928960025310516,0.0006954397540539503,0.0034765428863465786,,,,dqn_icm,cartpole,sparse,0.01,0.9,0,1.0
279,0.0,12,0.1196666666666667,0.0002921644481830299,0.07241515815258026,0.012554194778203964,0.0007513330783694983,0.0037558008916676044,,,,dqn_icm,cartpole,sparse,0.01,0.9,0,1.0
280,0.0,11,0.11650000000000005,0.00018330590683035553,0.06741207838058472,0.010973609052598476,0.0007328325882554054,0.003662643488496542,,,,dqn_icm,cartpole,sparse,0.01,0.9,0,1.0
281,0.0,9,0.1133333333333334,0.00012938228610437363,0.06763757765293121,0.008544636890292168,0.0007414197898469865,0.0037058466114103794,,,,dqn_icm,cartpole,sparse,0.01,0.9,0,1.0
282,0.0,11,0.11016666666666675,0.00015119391900952905,0.0583677664399147,0.008000979200005531,0.0007824693457223475,0.003911274019628763,,,,dqn_icm,cartpole,sparse,0.01,0.9,0,1.0
283,0.0,10,0.1070000000000001,0.00017034340999089181,0.06860750913619995,0.010131513699889183,0.0007518684142269194,0.0037579708732664585,,,,dqn_icm,cartpole,sparse,0.01,0.9,0,1.0
284,0.0,11,0.10383333333333333,5.9429381508380175e-05,0.06867736577987671,0.005812649615108967,0.0007277050171978772,0.0036371839232742786,,,,dqn_icm,cartpole,sparse,0.01,0.9,0,1.0
285,0.0,11,0.10066666666666668,0.0001700693683233112,0.07764533162117004,0.009352082386612892,0.0007655899389646947,0.00382705545052886,,,,dqn_icm,cartpole,sparse,0.01,0.9,0,1.0
286,0.0,9,0.09750000000000003,0.00017236244457308203,0.0664864033460617,0.009353086352348328,0.00081044458784163,0.004050821997225285,,,,dqn_icm,cartpole,sparse,0.01,0.9,0,1.0
287,0.0,10,0.09433333333333338,0.00016926480748225003,0.0699634775519371,0.008767378516495228,0.00082437350647524,0.004120704717934132,,,,dqn_icm,cartpole,sparse,0.01,0.9,0,1.0
288,0.0,10,0.09116666666666673,0.00014553098299074918,0.06130091845989227,0.0066400375217199326,0.0006328900344669819,0.00316340709105134,,,,dqn_icm,cartpole,sparse,0.01,0.9,0,1.0
289,0.0,10,0.08800000000000008,0.00014173229283187538,0.062483564019203186,0.007504265755414963,0.0007032880675978959,0.003515486605465412,,,,dqn_icm,cartpole,sparse,0.01,0.9,0,1.0
290,0.0,9,0.08483333333333332,8.653731492813677e-05,0.07235656678676605,0.007050040643662214,0.0009494820842519403,0.004745921120047569,,,,dqn_icm,cartpole,sparse,0.01,0.9,0,1.0
291,0.0,12,0.08166666666666667,0.00023348385002464056,0.07255996763706207,0.011122772470116615,0.0007525293040089309,0.0037616631016135216,,,,dqn_icm,cartpole,sparse,0.01,0.9,0,1.0
292,0.0,10,0.07850000000000001,0.00010323381138732657,0.07252798974514008,0.007401336450129747,0.0005686254589818418,0.002842382062226534,,,,dqn_icm,cartpole,sparse,0.01,0.9,0,1.0
293,0.0,12,0.07533333333333336,0.00015055492985993624,0.07060009241104126,0.00852363370358944,0.0006412478978745639,0.0032054344192147255,,,,dqn_icm,cartpole,sparse,0.01,0.9,0,1.0
294,0.0,11,0.07216666666666671,0.0001156377256847918,0.06676347553730011,0.008606762625277042,0.0008942708373069763,0.004470430314540863,,,,dqn_icm,cartpole,sparse,0.01,0.9,0,1.0
295,0.0,9,0.06900000000000006,0.00019640411483123899,0.06669296324253082,0.011267302557826042,0.0009373066131956875,0.004685818217694759,,,,dqn_icm,cartpole,sparse,0.01,0.9,0,1.0
296,0.0,10,0.06583333333333341,0.0001138839143095538,0.07050731778144836,0.008688605390489101,0.0007428567041642964,0.003713508602231741,,,,dqn_icm,cartpole,sparse,0.01,0.9,0,1.0
297,0.0,9,0.06266666666666665,0.00022531047579832375,0.07301180064678192,0.011082230135798454,0.0010899753542616963,0.005448893178254366,,,,dqn_icm,cartpole,sparse,0.01,0.9,0,1.0
298,0.0,11,0.0595,0.00017014991317410022,0.07444088160991669,0.009389268234372139,0.0009181960485875607,0.00459008663892746,,,,dqn_icm,cartpole,sparse,0.01,0.9,0,1.0
299,0.0,9,0.05633333333333346,9.432436490897089e-05,0.06228724494576454,0.00576261430978775,0.000743992393836379,0.003719037864357233,,,,dqn_icm,cartpole,sparse,0.01,0.9,0,1.0
300,0.0,10,0.053166666666666695,0.00027229380793869495,0.06470829993486404,0.01119864173233509,0.0007735631079412997,0.003866891609504819,0.0,0.0,9.8,dqn_icm,cartpole,sparse,0.01,0.9,0,1.0
301,0.0,10,0.050000000000000044,6.595074955839664e-05,0.06906154006719589,0.00598824443295598,0.0008373020100407302,0.004185824189335108,,,,dqn_icm,cartpole,sparse,0.01,0.9,0,1.0
302,0.0,12,0.050000000000000044,0.00035373729770071805,0.06097927689552307,0.014908833429217339,0.0009084570920094848,0.004541361704468727,,,,dqn_icm,cartpole,sparse,0.01,0.9,0,1.0
303,0.0,10,0.050000000000000044,0.000523204798810184,0.06258969008922577,0.014833705499768257,0.0007568789296783507,0.0037837689742445946,,,,dqn_icm,cartpole,sparse,0.01,0.9,0,1.0
304,0.0,12,0.050000000000000044,0.0001073677558451891,0.06315359473228455,0.006907491944730282,0.0010977344354614615,0.005487778224050999,,,,dqn_icm,cartpole,sparse,0.01,0.9,0,1.0
305,0.0,11,0.050000000000000044,0.00033201155019924045,0.07996787130832672,0.010842924006283283,0.0009019760182127357,0.004509045276790857,,,,dqn_icm,cartpole,sparse,0.01,0.9,0,1.0
306,0.0,10,0.050000000000000044,0.0002569437783677131,0.061961498111486435,0.012257274240255356,0.001083895331248641,0.005418224260210991,,,,dqn_icm,cartpole,sparse,0.01,0.9,0,1.0
307,0.0,9,0.050000000000000044,0.00017500383546575904,0.06100497394800186,0.009842269122600555,0.0009439013665542006,0.004718732088804245,,,,dqn_icm,cartpole,sparse,0.01,0.9,0,1.0
308,0.0,10,0.050000000000000044,0.00028150962316431105,0.061424266546964645,0.01244372595101595,0.0010059233754873276,0.005029050633311272,,,,dqn_icm,cartpole,sparse,0.01,0.9,0,1.0
309,0.0,10,0.050000000000000044,0.000368082954082638,0.07392627000808716,0.011517762206494808,0.0011848991271108389,0.005923572462052107,,,,dqn_icm,cartpole,sparse,0.01,0.9,0,1.0
310,0.0,9,0.050000000000000044,0.00012349532335065305,0.07166212797164917,0.0069753387942910194,0.0008908342570066452,0.0044532474130392075,,,,dqn_icm,cartpole,sparse,0.01,0.9,0,1.0
311,0.0,9,0.050000000000000044,7.575583731522784e-05,0.06464647501707077,0.006030692718923092,0.0011260458268225193,0.005628857761621475,,,,dqn_icm,cartpole,sparse,0.01,0.9,0,1.0
312,0.0,10,0.050000000000000044,0.0005458553787320852,0.06114833056926727,0.015341533347964287,0.0012469834182411432,0.006233546882867813,,,,dqn_icm,cartpole,sparse,0.01,0.9,0,1.0
313,0.0,8,0.050000000000000044,0.0001457560429116711,0.06523548066616058,0.008201271295547485,0.0009397827088832855,0.004697571508586407,,,,dqn_icm,cartpole,sparse,0.01,0.9,0,1.0
314,0.0,10,0.050000000000000044,0.00011456238280516118,0.0679248720407486,0.008167127147316933,0.000818435859400779,0.0040908083319664,,,,dqn_icm,cartpole,sparse,0.01,0.9,0,1.0
315,0.0,9,0.050000000000000044,0.0001200906845042482,0.07101002335548401,0.008545784279704094,0.0010094551835209131,0.005045933648943901,,,,dqn_icm,cartpole,sparse,0.01,0.9,0,1.0
316,0.0,9,0.050000000000000044,0.0003412743972148746,0.07116454094648361,0.013499787077307701,0.0010807868093252182,0.0054029799066483974,,,,dqn_icm,cartpole,sparse,0.01,0.9,0,1.0
317,0.0,10,0.050000000000000044,0.0002719263720791787,0.06025489419698715,0.01287522166967392,0.0015111331595107913,0.007554384879767895,,,,dqn_icm,cartpole,sparse,0.01,0.9,0,1.0
318,0.0,10,0.050000000000000044,0.00015543043264187872,0.07100433111190796,0.010313857346773148,0.0016414072597399354,0.00820554606616497,,,,dqn_icm,cartpole,sparse,0.01,0.9,0,1.0
319,0.0,10,0.050000000000000044,0.00018980602908413857,0.07550769299268723,0.010386667214334011,0.0014422209933400154,0.007209912408143282,,,,dqn_icm,cartpole,sparse,0.01,0.9,0,1.0
320,0.0,10,0.050000000000000044,0.00016797281568869948,0.07029955089092255,0.010870058089494705,0.0017996159149333835,0.008996916934847832,,,,dqn_icm,cartpole,sparse,0.01,0.9,0,1.0
321,0.0,10,0.050000000000000044,0.00028180386289022863,0.08300873637199402,0.01315709576010704,0.0016392084071412683,0.008194761350750923,,,,dqn_icm,cartpole,sparse,0.01,0.9,0,1.0
322,0.0,10,0.050000000000000044,0.0003603561781346798,0.08216404169797897,0.014056604355573654,0.00167740136384964,0.008384473621845245,,,,dqn_icm,cartpole,sparse,0.01,0.9,0,1.0
323,0.0,10,0.050000000000000044,0.0001321310264756903,0.07006700336933136,0.010809969156980515,0.0018326286226511002,0.009160700254142284,,,,dqn_icm,cartpole,sparse,0.01,0.9,0,1.0
324,0.0,9,0.050000000000000044,0.00036642374470829964,0.07230043411254883,0.012618033215403557,0.00198048772290349,0.00990035105496645,,,,dqn_icm,cartpole,sparse,0.01,0.9,0,1.0
325,0.0,9,0.050000000000000044,0.00033193110721185803,0.0708133727312088,0.015196535736322403,0.0016455358127132058,0.008224936202168465,,,,dqn_icm,cartpole,sparse,0.01,0.9,0,1.0
326,0.0,9,0.050000000000000044,0.00037988508120179176,0.086340993642807,0.013796370476484299,0.0010446528904139996,0.0052212076261639595,,,,dqn_icm,cartpole,sparse,0.01,0.9,0,1.0
327,0.0,8,0.050000000000000044,0.00017586699686944485,0.0760132223367691,0.008574049919843674,0.0011300230398774147,0.00564731378108263,,,,dqn_icm,cartpole,sparse,0.01,0.9,0,1.0
328,0.0,11,0.050000000000000044,0.000313945347443223,0.06589005142450333,0.01278897188603878,0.0014026591088622808,0.007010642439126968,,,,dqn_icm,cartpole,sparse,0.01,0.9,0,1.0
329,0.0,10,0.050000000000000044,0.00024600879987701774,0.06910061091184616,0.012626088224351406,0.0011618698481470346,0.005807411856949329,,,,dqn_icm,cartpole,sparse,0.01,0.9,0,1.0
330,0.0,10,0.050000000000000044,0.00011192641977686435,0.07648657262325287,0.008917883038520813,0.0011631582165136933,0.0058127520605921745,,,,dqn_icm,cartpole,sparse,0.01,0.9,0,1.0
331,0.0,11,0.050000000000000044,0.0003201474610250443,0.07798141241073608,0.014467788860201836,0.0017941228579729795,0.00896894559264183,,,,dqn_icm,cartpole,sparse,0.01,0.9,0,1.0
332,0.0,10,0.050000000000000044,0.00017409668362233788,0.07422569394111633,0.01017400436103344,0.0019677511882036924,0.009836222976446152,,,,dqn_icm,cartpole,sparse,0.01,0.9,0,1.0
333,0.0,8,0.050000000000000044,0.00017377354379277676,0.07492755353450775,0.009638626128435135,0.0017761960625648499,0.008879519999027252,,,,dqn_icm,cartpole,sparse,0.01,0.9,0,1.0
334,0.0,10,0.050000000000000044,0.00021994038252159953,0.07551458477973938,0.010087135247886181,0.0011734255822375417,0.005865131504833698,,,,dqn_icm,cartpole,sparse,0.01,0.9,0,1.0
335,0.0,10,0.050000000000000044,0.00017367018153890967,0.08341190963983536,0.00946214608848095,0.0012374073266983032,0.0061852773651480675,,,,dqn_icm,cartpole,sparse,0.01,0.9,0,1.0
336,0.0,9,0.050000000000000044,0.00018574908608570695,0.06998775899410248,0.009682703763246536,0.0019217072986066341,0.00960513949394226,,,,dqn_icm,cartpole,sparse,0.01,0.9,0,1.0
337,0.0,10,0.050000000000000044,6.375319935614243e-05,0.07001752406358719,0.0070079355500638485,0.0018379889661446214,0.009187024086713791,,,,dqn_icm,cartpole,sparse,0.01,0.9,0,1.0
338,0.0,8,0.050000000000000044,0.00014842960808891803,0.06431425362825394,0.008998459205031395,0.001608189195394516,0.008038561791181564,,,,dqn_icm,cartpole,sparse,0.01,0.9,0,1.0
339,0.0,11,0.050000000000000044,0.00014078561798669398,0.07916072756052017,0.01012654509395361,0.001449501607567072,0.007245778106153011,,,,dqn_icm,cartpole,sparse,0.01,0.9,0,1.0
340,0.0,10,0.050000000000000044,0.0002620042359922081,0.07751618325710297,0.013400781899690628,0.0018435391830280423,0.009215252473950386,,,,dqn_icm,cartpole,sparse,0.01,0.9,0,1.0
341,0.0,11,0.050000000000000044,0.00029322176123969257,0.08079347014427185,0.011631038039922714,0.001300111529417336,0.006498679518699646,,,,dqn_icm,cartpole,sparse,0.01,0.9,0,1.0
342,0.0,10,0.050000000000000044,0.00023470752057619393,0.0779336616396904,0.010923830792307854,0.0010571152670308948,0.0052843838930130005,,,,dqn_icm,cartpole,sparse,0.01,0.9,0,1.0
343,0.0,11,0.050000000000000044,0.0002379017969360575,0.0680282711982727,0.010916289873421192,0.0012625999515876174,0.006309274584054947,,,,dqn_icm,cartpole,sparse,0.01,0.9,0,1.0
344,0.0,9,0.050000000000000044,0.0001141889370046556,0.07299961149692535,0.008378932252526283,0.0009928725194185972,0.00496099516749382,,,,dqn_icm,cartpole,sparse,0.01,0.9,0,1.0
345,0.0,11,0.050000000000000044,0.00011997619003523141,0.06589215248823166,0.013098271563649178,0.0012418075930327177,0.00620641466230154,,,,dqn_icm,cartpole,sparse,0.01,0.9,0,1.0
346,0.0,9,0.050000000000000044,0.00013275154924485832,0.06357517093420029,0.0143720218911767,0.0013660129625350237,0.006826845929026604,,,,dqn_icm,cartpole,sparse,0.01,0.9,0,1.0
347,0.0,9,0.050000000000000044,6.87177453073673e-05,0.0690842717885971,0.00913846492767334,0.001401776447892189,0.007005484774708748,,,,dqn_icm,cartpole,sparse,0.01,0.9,0,1.0
348,0.0,9,0.050000000000000044,0.00011463084956631064,0.07772877812385559,0.008279729634523392,0.001461184467189014,0.007303151302039623,,,,dqn_icm,cartpole,sparse,0.01,0.9,0,1.0
349,0.0,9,0.050000000000000044,0.00017222657334059477,0.08519373834133148,0.012398941442370415,0.00127453135792166,0.006370809394866228,,,,dqn_icm,cartpole,sparse,0.01,0.9,0,1.0
350,0.0,10,0.050000000000000044,6.0326288803480566e-05,0.08139356970787048,0.00792982429265976,0.0009312235051766038,0.004652748815715313,0.0,0.0,9.6,dqn_icm,cartpole,sparse,0.01,0.9,0,1.0
351,0.0,9,0.050000000000000044,0.00010636306251399219,0.07374611496925354,0.009832540526986122,0.001068226294592023,0.005337674170732498,,,,dqn_icm,cartpole,sparse,0.01,0.9,0,1.0
352,0.0,10,0.050000000000000044,8.861511014401913e-05,0.07664119452238083,0.008590218611061573,0.0013922915095463395,0.006955974735319614,,,,dqn_icm,cartpole,sparse,0.01,0.9,0,1.0
353,0.0,10,0.050000000000000044,4.234038351569325e-05,0.08231596648693085,0.006401977967470884,0.0013081103097647429,0.006537959910929203,,,,dqn_icm,cartpole,sparse,0.01,0.9,0,1.0
354,0.0,10,0.050000000000000044,6.95027265464887e-05,0.07929545640945435,0.006429615430533886,0.0012173786526545882,0.0060833171010017395,,,,dqn_icm,cartpole,sparse,0.01,0.9,0,1.0
355,0.0,12,0.050000000000000044,4.1890798456734046e-05,0.07435564696788788,0.006297823041677475,0.0011259865714237094,0.005627279169857502,,,,dqn_icm,cartpole,sparse,0.01,0.9,0,1.0
356,0.0,10,0.050000000000000044,9.95666632661596e-05,0.07236112654209137,0.007102449890226126,0.0017810049466788769,0.008901923894882202,,,,dqn_icm,cartpole,sparse,0.01,0.9,0,1.0
357,0.0,9,0.050000000000000044,1.5883520973147824e-05,0.07882070541381836,0.0035190372727811337,0.0010864812647923827,0.005430648103356361,,,,dqn_icm,cartpole,sparse,0.01,0.9,0,1.0
358,0.0,8,0.050000000000000044,5.285430597723462e-05,0.07481109350919724,0.006534578278660774,0.0012852776562795043,0.006423557177186012,,,,dqn_icm,cartpole,sparse,0.01,0.9,0,1.0
359,0.0,10,0.050000000000000044,3.883630779455416e-05,0.07567066699266434,0.004471674095839262,0.0008966122986748815,0.004480081610381603,,,,dqn_icm,cartpole,sparse,0.01,0.9,0,1.0
360,0.0,10,0.050000000000000044,5.5938755394890904e-05,0.07565957307815552,0.005688939243555069,0.00119078962597996,0.005951385013759136,,,,dqn_icm,cartpole,sparse,0.01,0.9,0,1.0
361,0.0,10,0.050000000000000044,3.9056645618984476e-05,0.07969659566879272,0.004353022202849388,0.0011542865540832281,0.0057703303173184395,,,,dqn_icm,cartpole,sparse,0.01,0.9,0,1.0
362,0.0,10,0.050000000000000044,6.859468703623861e-05,0.07520793378353119,0.005652192980051041,0.0010752943344414234,0.0053751589730381966,,,,dqn_icm,cartpole,sparse,0.01,0.9,0,1.0
363,0.0,11,0.050000000000000044,2.0670498997787945e-05,0.07490983605384827,0.003850684268400073,0.001138733932748437,0.005691553931683302,,,,dqn_icm,cartpole,sparse,0.01,0.9,0,1.0
364,0.0,10,0.050000000000000044,2.7637530365609564e-05,0.07209654152393341,0.004546178039163351,0.000864210247527808,0.004318577703088522,,,,dqn_icm,cartpole,sparse,0.01,0.9,0,1.0
365,0.0,9,0.050000000000000044,5.144319584360346e-05,0.07307355850934982,0.005550164729356766,0.000940397207159549,0.004700525663793087,,,,dqn_icm,cartpole,sparse,0.01,0.9,0,1.0
366,0.0,8,0.050000000000000044,4.8828333092387766e-05,0.07343511283397675,0.0052066585049033165,0.0009074355475604534,0.0045355092734098434,,,,dqn_icm,cartpole,sparse,0.01,0.9,0,1.0
367,0.0,9,0.050000000000000044,6.652093725278974e-05,0.07092507183551788,0.0057046981528401375,0.0011622578604146838,0.005809650756418705,,,,dqn_icm,cartpole,sparse,0.01,0.9,0,1.0
368,0.0,9,0.050000000000000044,1.3254961231723428e-05,0.07554841786623001,0.0032584634609520435,0.0008676819852553308,0.00433700904250145,,,,dqn_icm,cartpole,sparse,0.01,0.9,0,1.0
369,0.0,10,0.050000000000000044,4.137852374697104e-05,0.07133867591619492,0.004764965269714594,0.0008244577329605818,0.004120529629290104,,,,dqn_icm,cartpole,sparse,0.01,0.9,0,1.0
370,0.0,8,0.050000000000000044,3.918835136573762e-05,0.07067687064409256,0.005437662824988365,0.0008695797878317535,0.004345932509750128,,,,dqn_icm,cartpole,sparse,0.01,0.9,0,1.0
371,0.0,9,0.050000000000000044,2.3333519493462518e-05,0.07038019597530365,0.0034730921033769846,0.0007098475471138954,0.003547688014805317,,,,dqn_icm,cartpole,sparse,0.01,0.9,0,1.0
372,0.0,10,0.050000000000000044,3.5899509384762496e-05,0.07662389427423477,0.00447120051831007,0.0008030964527279139,0.004014170728623867,,,,dqn_icm,cartpole,sparse,0.01,0.9,0,1.0
373,0.0,11,0.050000000000000044,3.180804196745157e-05,0.0750909149646759,0.004282378125935793,0.0008100222912617028,0.004048800095915794,,,,dqn_icm,cartpole,sparse,0.01,0.9,0,1.0
374,0.0,10,0.050000000000000044,6.8633153205155395e-06,0.07691505551338196,0.0023900805972516537,0.0006255191983655095,0.0031260165851563215,,,,dqn_icm,cartpole,sparse,0.01,0.9,0,1.0
375,0.0,10,0.050000000000000044,1.5304118278436363e-05,0.07970729470252991,0.0027943719178438187,0.0008289277320727706,0.004142314195632935,,,,dqn_icm,cartpole,sparse,0.01,0.9,0,1.0
376,0.0,11,0.050000000000000044,2.6217385311610997e-05,0.07184284925460815,0.003979421686381102,0.0006265848060138524,0.003131523262709379,,,,dqn_icm,cartpole,sparse,0.01,0.9,0,1.0
377,0.0,11,0.050000000000000044,4.3751777411671355e-05,0.07644106447696686,0.004205001052469015,0.0006386617315001786,0.003191729076206684,,,,dqn_icm,cartpole,sparse,0.01,0.9,0,1.0
378,0.0,9,0.050000000000000044,3.077066867263056e-05,0.07867281138896942,0.004027555696666241,0.0005723013309761882,0.002860523294657469,,,,dqn_icm,cartpole,sparse,0.01,0.9,0,1.0
379,0.0,11,0.050000000000000044,4.097120836377144e-05,0.06619235128164291,0.005596978589892387,0.0007011087145656347,0.0035032490268349648,,,,dqn_icm,cartpole,sparse,0.01,0.9,0,1.0
380,0.0,10,0.050000000000000044,3.986309457104653e-05,0.06778203696012497,0.005498674698174,0.0005943739670328796,0.0029693366959691048,,,,dqn_icm,cartpole,sparse,0.01,0.9,0,1.0
381,0.0,12,0.050000000000000044,1.5892104784143157e-05,0.08631657063961029,0.003091507824137807,0.0007046335958875716,0.0035224223975092173,,,,dqn_icm,cartpole,sparse,0.01,0.9,0,1.0
382,0.0,9,0.050000000000000044,9.533492629998364e-06,0.07583002746105194,0.002880826825276017,0.0005630590603686869,0.002813834697008133,,,,dqn_icm,cartpole,sparse,0.01,0.9,0,1.0
383,0.0,9,0.050000000000000044,4.041966894874349e-05,0.07497383654117584,0.0045730858109891415,0.0006184341036714613,0.0030898458790034056,,,,dqn_icm,cartpole,sparse,0.01,0.9,0,1.0
384,0.0,10,0.050000000000000044,2.2539952624356374e-05,0.06714815646409988,0.005180954001843929,0.0007342444732785225,0.0036692856810986996,,,,dqn_icm,cartpole,sparse,0.01,0.9,0,1.0
385,0.0,10,0.050000000000000044,6.25395477982238e-05,0.07289888709783554,0.006379690021276474,0.0004515564942266792,0.002256351988762617,,,,dqn_icm,cartpole,sparse,0.01,0.9,0,1.0
386,0.0,10,0.050000000000000044,2.3873139070929028e-05,0.07171741127967834,0.0040167998522520065,0.0004851066623814404,0.002424311125651002,,,,dqn_icm,cartpole,sparse,0.01,0.9,0,1.0
387,0.0,9,0.050000000000000044,4.57023415947333e-05,0.07645988464355469,0.005724984221160412,0.0005095019587315619,0.0025458410382270813,,,,dqn_icm,cartpole,sparse,0.01,0.9,0,1.0
388,0.0,9,0.050000000000000044,2.9444554456858896e-05,0.07234454154968262,0.003883474273607135,0.00046100758481770754,0.0023033684119582176,,,,dqn_icm,cartpole,sparse,0.01,0.9,0,1.0
389,0.0,9,0.050000000000000044,3.3150143281091005e-05,0.07804247736930847,0.004469502251595259,0.000497666944283992,0.002487023128196597,,,,dqn_icm,cartpole,sparse,0.01,0.9,0,1.0
390,0.0,11,0.050000000000000044,1.917699228215497e-05,0.07520791888237,0.0038723209872841835,0.0006065043853595853,0.0030309422872960567,,,,dqn_icm,cartpole,sparse,0.01,0.9,0,1.0
391,0.0,8,0.050000000000000044,9.254825999960303e-05,0.07695029675960541,0.007714557461440563,0.0007485264213755727,0.0037412610836327076,,,,dqn_icm,cartpole,sparse,0.01,0.9,0,1.0
392,0.0,10,0.050000000000000044,5.708391472580843e-05,0.06928844749927521,0.0051814839243888855,0.0008757347241044044,0.004377392120659351,,,,dqn_icm,cartpole,sparse,0.01,0.9,0,1.0
393,0.0,10,0.050000000000000044,1.8641234419192187e-05,0.07565242052078247,0.003704720176756382,0.0004629315808415413,0.002313674660399556,,,,dqn_icm,cartpole,sparse,0.01,0.9,0,1.0
394,0.0,10,0.050000000000000044,1.1123051081085578e-05,0.07464425265789032,0.0029255261179059744,0.000566939648706466,0.002833714708685875,,,,dqn_icm,cartpole,sparse,0.01,0.9,0,1.0
395,0.0,9,0.050000000000000044,5.971276550553739e-05,0.07597163319587708,0.006197325885295868,0.0007032053545117378,0.003514775075018406,,,,dqn_icm,cartpole,sparse,0.01,0.9,0,1.0
396,0.0,10,0.050000000000000044,4.297132545616478e-05,0.07164228707551956,0.005336599424481392,0.0008055348298512399,0.004026332870125771,,,,dqn_icm,cartpole,sparse,0.01,0.9,0,1.0
397,0.0,8,0.050000000000000044,1.9181310562998988e-05,0.08397439867258072,0.0035217285621911287,0.0004205879522487521,0.002102164551615715,,,,dqn_icm,cartpole,sparse,0.01,0.9,0,1.0
398,0.0,9,0.050000000000000044,2.1606967493426055e-05,0.07381528615951538,0.0034542635548859835,0.0005509943002834916,0.002753868931904435,,,,dqn_icm,cartpole,sparse,0.01,0.9,0,1.0
399,0.0,9,0.050000000000000044,1.896368121379055e-05,0.08014596998691559,0.0032750526443123817,0.00045609480002895,0.002279401058331132,,,,dqn_icm,cartpole,sparse,0.01,0.9,0,1.0
400,0.0,9,0.050000000000000044,3.925545752281323e-05,0.07706214487552643,0.004214091692119837,0.0007870584959164262,0.003933563828468323,0.0,0.0,9.4,dqn_icm,cartpole,sparse,0.01,0.9,0,1.0
401,0.0,8,0.050000000000000044,5.302033059706446e-06,0.07918481528759003,0.00254614744335413,0.0006725417915731668,0.003361427690833807,,,,dqn_icm,cartpole,sparse,0.01,0.9,0,1.0
402,0.0,8,0.050000000000000044,5.279953620629385e-05,0.07039161026477814,0.006020423024892807,0.0009731349418871105,0.004864243790507317,,,,dqn_icm,cartpole,sparse,0.01,0.9,0,1.0
403,0.0,8,0.050000000000000044,3.9285860111704096e-05,0.06932709366083145,0.005263569764792919,0.0013466754462569952,0.006731381639838219,,,,dqn_icm,cartpole,sparse,0.01,0.9,0,1.0
404,0.0,9,0.050000000000000044,1.6056415915954858e-05,0.07764825969934464,0.003096281783655286,0.0008018693188205361,0.004008392337709665,,,,dqn_icm,cartpole,sparse,0.01,0.9,0,1.0
405,0.0,11,0.050000000000000044,1.8276765331393108e-05,0.0696227103471756,0.003948591649532318,0.0011871263850480318,0.005934260319918394,,,,dqn_icm,cartpole,sparse,0.01,0.9,0,1.0
406,0.0,8,0.050000000000000044,2.6055848138639703e-05,0.07240833342075348,0.0038713347166776657,0.0009409566991962492,0.004703412763774395,,,,dqn_icm,cartpole,sparse,0.01,0.9,0,1.0
407,0.0,9,0.050000000000000044,6.46907210466452e-05,0.07884533703327179,0.0039506396278738976,0.0013446405064314604,0.006722398102283478,,,,dqn_icm,cartpole,sparse,0.01,0.9,0,1.0
408,0.0,8,0.050000000000000044,4.273475497029722e-05,0.07338625192642212,0.004621562082320452,0.0010357233695685863,0.005177156068384647,,,,dqn_icm,cartpole,sparse,0.01,0.9,0,1.0
409,0.0,11,0.050000000000000044,2.566598413977772e-05,0.07593443244695663,0.004707341082394123,0.0011972072534263134,0.005985142197459936,,,,dqn_icm,cartpole,sparse,0.01,0.9,0,1.0
410,0.0,10,0.050000000000000044,2.921049963333644e-05,0.0800955593585968,0.004116505850106478,0.0011681410251185298,0.00583867821842432,,,,dqn_icm,cartpole,sparse,0.01,0.9,0,1.0
411,0.0,10,0.050000000000000044,1.5324731066357344e-05,0.07544133067131042,0.003134543541818857,0.0010796120623126626,0.0053973449394106865,,,,dqn_icm,cartpole,sparse,0.01,0.9,0,1.0
412,0.0,9,0.050000000000000044,5.464554124046117e-05,0.07234490662813187,0.005491924472153187,0.0015016741817817092,0.007507299073040485,,,,dqn_icm,cartpole,sparse,0.01,0.9,0,1.0
413,0.0,9,0.050000000000000044,2.6265195629093796e-05,0.07991595566272736,0.004213410429656506,0.0009064554469659925,0.004530996084213257,,,,dqn_icm,cartpole,sparse,0.01,0.9,0,1.0
414,0.0,10,0.050000000000000044,9.720173693494871e-06,0.0831320583820343,0.0026007918640971184,0.000843814923427999,0.004218448884785175,,,,dqn_icm,cartpole,sparse,0.01,0.9,0,1.0
415,0.0,10,0.050000000000000044,1.4315833141154144e-05,0.07129254937171936,0.00305328331887722,0.0008615793194621801,0.004306286573410034,,,,dqn_icm,cartpole,sparse,0.01,0.9,0,1.0
416,0.0,10,0.050000000000000044,3.8830658013466746e-05,0.07457031309604645,0.004498335067182779,0.0008002497488632798,0.00399975897744298,,,,dqn_icm,cartpole,sparse,0.01,0.9,0,1.0
417,0.0,10,0.050000000000000044,3.696628118632361e-05,0.07648250460624695,0.0046324473805725574,0.001103885704651475,0.005518177058547735,,,,dqn_icm,cartpole,sparse,0.01,0.9,0,1.0
418,0.0,11,0.050000000000000044,2.837064312188886e-05,0.07823678106069565,0.004816163796931505,0.0008681122562848032,0.004339457955211401,,,,dqn_icm,cartpole,sparse,0.01,0.9,0,1.0
419,0.0,10,0.050000000000000044,3.5391793062444776e-05,0.07868970930576324,0.004633838310837746,0.00070964265614748,0.003546932013705373,,,,dqn_icm,cartpole,sparse,0.01,0.9,0,1.0
420,0.0,9,0.050000000000000044,3.86063038604334e-05,0.07860253751277924,0.005004357546567917,0.001270736800506711,0.0063521042466163635,,,,dqn_icm,cartpole,sparse,0.01,0.9,0,1.0
421,0.0,10,0.050000000000000044,4.755753616336733e-05,0.0733233317732811,0.006065326742827892,0.001415328006260097,0.00707559660077095,,,,dqn_icm,cartpole,sparse,0.01,0.9,0,1.0
422,0.0,9,0.050000000000000044,0.00015435094246640801,0.08016939461231232,0.007465023547410965,0.0016807925421744585,0.00840220507234335,,,,dqn_icm,cartpole,sparse,0.01,0.9,0,1.0
423,0.0,10,0.050000000000000044,6.443190795835108e-05,0.08575313538312912,0.005880710668861866,0.0010471767745912075,0.005233976989984512,,,,dqn_icm,cartpole,sparse,0.01,0.9,0,1.0
424,0.0,9,0.050000000000000044,4.4925622205482796e-05,0.07324124872684479,0.006058061495423317,0.0012490246444940567,0.006244169548153877,,,,dqn_icm,cartpole,sparse,0.01,0.9,0,1.0
425,0.0,10,0.050000000000000044,0.00011344919039402157,0.07243163883686066,0.006459105294197798,0.0014880903763696551,0.007439110893756151,,,,dqn_icm,cartpole,sparse,0.01,0.9,0,1.0
426,0.0,9,0.050000000000000044,5.912101914873347e-05,0.07073522359132767,0.0061116949655115604,0.0014650913653895259,0.007324622943997383,,,,dqn_icm,cartpole,sparse,0.01,0.9,0,1.0
427,0.0,9,0.050000000000000044,9.656770271249115e-05,0.08176058530807495,0.007716598454862833,0.0013820704771205783,0.006908951327204704,,,,dqn_icm,cartpole,sparse,0.01,0.9,0,1.0
428,0.0,11,0.050000000000000044,0.0002248349628644064,0.08088741451501846,0.009941850788891315,0.001461187144741416,0.00730495061725378,,,,dqn_icm,cartpole,sparse,0.01,0.9,0,1.0
429,0.0,10,0.050000000000000044,4.8971138312481344e-05,0.07916524261236191,0.004834007937461138,0.0010907776886597276,0.005453174002468586,,,,dqn_icm,cartpole,sparse,0.01,0.9,0,1.0
430,0.0,10,0.050000000000000044,0.00014157961413729936,0.0790904313325882,0.0068082548677921295,0.0018559591844677925,0.009278872981667519,,,,dqn_icm,cartpole,sparse,0.01,0.9,0,1.0
431,0.0,10,0.050000000000000044,0.00016616003995295614,0.07845944911241531,0.008782655000686646,0.0020958585664629936,0.010478160344064236,,,,dqn_icm,cartpole,sparse,0.01,0.9,0,1.0
432,0.0,9,0.050000000000000044,5.145709292264655e-05,0.07829694449901581,0.005504485685378313,0.0021764307748526335,0.010880157351493835,,,,dqn_icm,cartpole,sparse,0.01,0.9,0,1.0
433,0.0,13,0.050000000000000044,6.761987606296316e-05,0.07663984596729279,0.0060466136783361435,0.0019305716268718243,0.009650055319070816,,,,dqn_icm,cartpole,sparse,0.01,0.9,0,1.0
434,0.0,10,0.050000000000000044,2.8457398002501577e-05,0.07676637172698975,0.005076847039163113,0.0018499365542083979,0.009246881119906902,,,,dqn_icm,cartpole,sparse,0.01,0.9,0,1.0
435,0.0,10,0.050000000000000044,1.890273779281415e-05,0.08743001520633698,0.003752829972654581,0.0017483357805758715,0.008739861659705639,,,,dqn_icm,cartpole,sparse,0.01,0.9,0,1.0
436,0.0,10,0.050000000000000044,1.946744669112377e-05,0.08467894792556763,0.004147177096456289,0.0016905168304219842,0.00844954326748848,,,,dqn_icm,cartpole,sparse,0.01,0.9,0,1.0
437,0.0,9,0.050000000000000044,5.153755773790181e-05,0.08481910824775696,0.006923330947756767,0.0028825663030147552,0.014409704133868217,,,,dqn_icm,cartpole,sparse,0.01,0.9,0,1.0
438,0.0,10,0.050000000000000044,8.388342394027859e-05,0.08603232353925705,0.007349655032157898,0.001985980896279216,0.009929100051522255,,,,dqn_icm,cartpole,sparse,0.01,0.9,0,1.0
439,0.0,10,0.050000000000000044,0.00014066044241189957,0.08448777347803116,0.0075447275303304195,0.0022426096256822348,0.011211318895220757,,,,dqn_icm,cartpole,sparse,0.01,0.9,0,1.0
440,0.0,9,0.050000000000000044,6.678876525256783e-05,0.08266361057758331,0.007395188789814711,0.001680830493569374,0.00840105302631855,,,,dqn_icm,cartpole,sparse,0.01,0.9,0,1.0
441,0.0,9,0.050000000000000044,9.839996346272528e-05,0.08254235982894897,0.008861830458045006,0.002277377527207136,0.011384950950741768,,,,dqn_icm,cartpole,sparse,0.01,0.9,0,1.0
442,0.0,9,0.050000000000000044,8.808303391560912e-05,0.0908655971288681,0.008582191541790962,0.00248648296110332,0.012428571470081806,,,,dqn_icm,cartpole,sparse,0.01,0.9,0,1.0
443,0.0,10,0.050000000000000044,1.8419912521494552e-05,0.08441367745399475,0.004430685192346573,0.002226246288046241,0.011127239093184471,,,,dqn_icm,cartpole,sparse,0.01,0.9,0,1.0
444,0.0,10,0.050000000000000044,8.82928870851174e-05,0.08218362927436829,0.006704075261950493,0.002259953413158655,0.011294670403003693,,,,dqn_icm,cartpole,sparse,0.01,0.9,0,1.0
445,0.0,12,0.050000000000000044,0.00011039643140975386,0.07882823050022125,0.008780338801443577,0.0027142944745719433,0.013565302826464176,,,,dqn_icm,cartpole,sparse,0.01,0.9,0,1.0
446,0.0,10,0.050000000000000044,0.00010349490912631154,0.08943095058202744,0.00902199000120163,0.0040331194177269936,0.020161960273981094,,,,dqn_icm,cartpole,sparse,0.01,0.9,0,1.0
447,0.0,10,0.050000000000000044,6.204564851941541e-05,0.08464036881923676,0.006622820161283016,0.0023465219419449568,0.011722832918167114,,,,dqn_icm,cartpole,sparse,0.01,0.9,0,1.0
448,0.0,10,0.050000000000000044,5.988690463709645e-05,0.0749208927154541,0.007226529531180859,0.0026718589942902327,0.01335214078426361,,,,dqn_icm,cartpole,sparse,0.01,0.9,0,1.0
449,0.0,11,0.050000000000000044,3.590862615965307e-05,0.0895712673664093,0.0048902942799031734,0.002535964595153928,0.012672820128500462,,,,dqn_icm,cartpole,sparse,0.01,0.9,0,1.0
450,0.0,9,0.050000000000000044,0.00018323378753848374,0.09115371853113174,0.009113922715187073,0.0031467715743929148,0.015727121382951736,0.0,0.0,9.4,dqn_icm,cartpole,sparse,0.01,0.9,0,1.0
451,0.0,10,0.050000000000000044,4.78549518447835e-05,0.07705219835042953,0.005102797411382198,0.0022436005529016256,0.01121305488049984,,,,dqn_icm,cartpole,sparse,0.01,0.9,0,1.0
452,0.0,10,0.050000000000000044,6.051680975360796e-05,0.08821102976799011,0.006540047936141491,0.0022756457328796387,0.011374861001968384,,,,dqn_icm,cartpole,sparse,0.01,0.9,0,1.0
453,0.0,10,0.050000000000000044,4.268870543455705e-05,0.08307299762964249,0.006948786787688732,0.0018017517868429422,0.009001726284623146,,,,dqn_icm,cartpole,sparse,0.01,0.9,0,1.0
454,0.0,10,0.050000000000000044,6.203602242749184e-05,0.08996421098709106,0.008226033300161362,0.0020121231209486723,0.010054238140583038,,,,dqn_icm,cartpole,sparse,0.01,0.9,0,1.0
455,0.0,13,0.050000000000000044,0.00022117845946922898,0.08046121895313263,0.013903426937758923,0.004004089627414942,0.0200151689350605,,,,dqn_icm,cartpole,sparse,0.01,0.9,0,1.0
456,0.0,10,0.050000000000000044,6.960605969652534e-05,0.0840398296713829,0.008629903197288513,0.0033264122903347015,0.01662464067339897,,,,dqn_icm,cartpole,sparse,0.01,0.9,0,1.0
457,0.0,10,0.050000000000000044,3.6571007512975484e-05,0.09141269326210022,0.0051729814149439335,0.0018334146589040756,0.009162037633359432,,,,dqn_icm,cartpole,sparse,0.01,0.9,0,1.0
458,0.0,11,0.050000000000000044,4.7849393013166264e-05,0.08877487480640411,0.006071747746318579,0.0024470260832458735,0.012227797880768776,,,,dqn_icm,cartpole,sparse,0.01,0.9,0,1.0
459,0.0,9,0.050000000000000044,3.887364800903015e-05,0.08639086782932281,0.005060226656496525,0.0017200229922309518,0.008595019578933716,,,,dqn_icm,cartpole,sparse,0.01,0.9,0,1.0
460,0.0,11,0.050000000000000044,6.407176988432184e-05,0.08703841269016266,0.006385345011949539,0.002418211195617914,0.012085452675819397,,,,dqn_icm,cartpole,sparse,0.01,0.9,0,1.0
461,0.0,8,0.050000000000000044,5.4736978199798614e-05,0.09033992886543274,0.005762816872447729,0.002135444665327668,0.010672187432646751,,,,dqn_icm,cartpole,sparse,0.01,0.9,0,1.0
462,0.0,11,0.050000000000000044,5.6662414863239974e-05,0.09055871516466141,0.005626606289297342,0.0020645747426897287,0.010318402200937271,,,,dqn_icm,cartpole,sparse,0.01,0.9,0,1.0
463,0.0,10,0.050000000000000044,1.84617456397973e-05,0.09611670672893524,0.003801609855145216,0.001955203013494611,0.009772974997758865,,,,dqn_icm,cartpole,sparse,0.01,0.9,0,1.0
464,0.0,10,0.050000000000000044,0.00016394871636293828,0.07886750996112823,0.009805598296225071,0.002999531803652644,0.014992086216807365,,,,dqn_icm,cartpole,sparse,0.01,0.9,0,1.0
465,0.0,10,0.050000000000000044,8.049306779867038e-05,0.08358533680438995,0.008599807508289814,0.0035944164264947176,0.017954351380467415,,,,dqn_icm,cartpole,sparse,0.01,0.9,0,1.0
466,0.0,10,0.050000000000000044,0.00025087641552090645,0.08951932191848755,0.009169580414891243,0.004294109996408224,0.02144468203186989,,,,dqn_icm,cartpole,sparse,0.01,0.9,0,1.0
467,0.0,10,0.050000000000000044,0.0006363783613778651,0.10677939653396606,0.013936582952737808,0.0054709454998373985,0.027314404025673866,,,,dqn_icm,cartpole,sparse,0.01,0.9,0,1.0
468,0.0,10,0.050000000000000044,0.00018742342945188284,0.0932302176952362,0.01535775512456894,0.005579411052167416,0.027881739661097527,,,,dqn_icm,cartpole,sparse,0.01,0.9,0,1.0
469,0.0,10,0.050000000000000044,0.00017096349620260298,0.10167807340621948,0.012277591973543167,0.006170437205582857,0.030819103121757507,,,,dqn_icm,cartpole,sparse,0.01,0.9,0,1.0
470,0.0,10,0.050000000000000044,0.0001317589048994705,0.10465146601200104,0.012168371118605137,0.0043463329784572124,0.02171459048986435,,,,dqn_icm,cartpole,sparse,0.01,0.9,0,1.0
471,0.0,11,0.050000000000000044,0.0009565971558913589,0.09481236338615417,0.014479676261544228,0.0059450180269777775,0.02971576526761055,,,,dqn_icm,cartpole,sparse,0.01,0.9,0,1.0
472,0.0,11,0.050000000000000044,0.0002953826042357832,0.1026097908616066,0.016742825508117676,0.004919028375297785,0.024587664753198624,,,,dqn_icm,cartpole,sparse,0.01,0.9,0,1.0
473,0.0,10,0.050000000000000044,0.00042874066275544465,0.11417494714260101,0.0183358583599329,0.0051223039627075195,0.025563746690750122,,,,dqn_icm,cartpole,sparse,0.01,0.9,0,1.0
474,0.0,8,0.050000000000000044,0.0005882057594135404,0.10573539137840271,0.018968675285577774,0.00548675749450922,0.027417844161391258,,,,dqn_icm,cartpole,sparse,0.01,0.9,0,1.0
475,0.0,11,0.050000000000000044,0.0011835803743451834,0.11292457580566406,0.024974461644887924,0.00993015430867672,0.049634162336587906,,,,dqn_icm,cartpole,sparse,0.01,0.9,0,1.0
476,0.0,10,0.050000000000000044,0.0019894756842404604,0.11839967966079712,0.029027225449681282,0.011832562275230885,0.059003837406635284,,,,dqn_icm,cartpole,sparse,0.01,0.9,0,1.0
477,0.0,12,0.050000000000000044,0.0003663392271846533,0.1112344041466713,0.01784152165055275,0.008890830911695957,0.04408618062734604,,,,dqn_icm,cartpole,sparse,0.01,0.9,0,1.0
478,0.0,8,0.050000000000000044,0.0017182895680889487,0.15854498744010925,0.039216190576553345,0.01459252554923296,0.0728997066617012,,,,dqn_icm,cartpole,sparse,0.01,0.9,0,1.0
479,0.0,9,0.050000000000000044,0.0023022806271910667,0.18976172804832458,0.051773540675640106,0.22591403126716614,0.0985962450504303,,,,dqn_icm,cartpole,sparse,0.01,0.9,0,1.0
480,0.0,10,0.050000000000000044,0.20081505179405212,0.17294001579284668,0.31904715299606323,0.2725905776023865,0.4164597988128662,,,,dqn_icm,cartpole,sparse,0.01,0.9,0,1.0
481,0.0,10,0.050000000000000044,0.6095755100250244,0.4556155800819397,0.7592830657958984,0.3020515441894531,1.0820063352584839,,,,dqn_icm,cartpole,sparse,0.01,0.9,0,1.0
482,0.0,10,0.050000000000000044,0.9431694746017456,0.9968323707580566,1.2128702402114868,0.36767682433128357,1.8383839130401611,,,,dqn_icm,cartpole,sparse,0.01,0.9,0,1.0
483,0.0,10,0.050000000000000044,1.7653616666793823,3.3267312049865723,2.236238956451416,0.44565629959106445,2.2282814979553223,,,,dqn_icm,cartpole,sparse,0.01,0.9,0,1.0
484,0.0,10,0.050000000000000044,2.743276834487915,4.578523635864258,3.2188336849212646,0.3399624824523926,1.310091495513916,,,,dqn_icm,cartpole,sparse,0.01,0.9,0,1.0
485,0.0,12,0.050000000000000044,1.0509169101715088,1.8670425415039062,1.399970293045044,0.8864632844924927,0.9155659675598145,,,,dqn_icm,cartpole,sparse,0.01,0.9,0,1.0
486,0.0,14,0.050000000000000044,0.3377208709716797,0.20095577836036682,0.6775460243225098,0.16151845455169678,0.8061695098876953,,,,dqn_icm,cartpole,sparse,0.01,0.9,0,1.0
487,0.0,9,0.050000000000000044,0.8321515321731567,0.12677066028118134,1.2495030164718628,0.2675836384296417,1.3013081550598145,,,,dqn_icm,cartpole,sparse,0.01,0.9,0,1.0
488,0.0,10,0.050000000000000044,1.5120203495025635,0.17733773589134216,1.9420888423919678,0.40863466262817383,2.043173313140869,,,,dqn_icm,cartpole,sparse,0.01,0.9,0,1.0
489,0.0,8,0.050000000000000044,1.0938894748687744,0.2898291349411011,1.4574182033538818,0.49522140622138977,1.6760334968566895,,,,dqn_icm,cartpole,sparse,0.01,0.9,0,1.0
490,0.0,9,0.050000000000000044,0.49580371379852295,0.8235417604446411,0.851853609085083,0.18343916535377502,0.9171826839447021,,,,dqn_icm,cartpole,sparse,0.01,0.9,0,1.0
491,0.0,10,0.050000000000000044,2.0209221839904785,0.8626722097396851,2.379431962966919,0.5623062252998352,2.811530590057373,,,,dqn_icm,cartpole,sparse,0.01,0.9,0,1.0
492,0.0,10,0.050000000000000044,0.4659051299095154,1.3446437120437622,0.8606467247009277,0.3317664563655853,1.6565327644348145,,,,dqn_icm,cartpole,sparse,0.01,0.9,0,1.0
493,0.0,10,0.050000000000000044,0.9323751926422119,1.7868361473083496,1.3675541877746582,0.44893142580986023,2.1952171325683594,,,,dqn_icm,cartpole,sparse,0.01,0.9,0,1.0
494,0.0,9,0.050000000000000044,0.6567505598068237,2.001556873321533,1.1169157028198242,0.8090049028396606,0.8151212930679321,,,,dqn_icm,cartpole,sparse,0.01,0.9,0,1.0
495,0.0,11,0.050000000000000044,0.585760235786438,1.7358667850494385,0.9374402761459351,0.299497127532959,1.4974441528320312,,,,dqn_icm,cartpole,sparse,0.01,0.9,0,1.0
496,0.0,10,0.050000000000000044,0.21464788913726807,1.1316050291061401,0.5055172443389893,0.12993550300598145,0.6491570472717285,,,,dqn_icm,cartpole,sparse,0.01,0.9,0,1.0
497,0.0,9,0.050000000000000044,0.03283420950174332,0.6628021597862244,0.17809566855430603,0.0992872416973114,0.47746121883392334,,,,dqn_icm,cartpole,sparse,0.01,0.9,0,1.0
498,0.0,12,0.050000000000000044,0.015142526477575302,0.43249958753585815,0.09748811274766922,0.08248922973871231,0.3716471493244171,,,,dqn_icm,cartpole,sparse,0.01,0.9,0,1.0
499,0.0,10,0.050000000000000044,0.02266598492860794,0.3056635558605194,0.12588369846343994,0.05484570562839508,0.26166263222694397,,,,dqn_icm,cartpole,sparse,0.01,0.9,0,1.0
500,0.0,10,0.050000000000000044,0.01098548248410225,0.23716163635253906,0.11545252799987793,0.048806603997945786,0.24123084545135498,0.0,0.0,10.3,dqn_icm,cartpole,sparse,0.01,0.9,0,1.0
501,0.0,12,0.050000000000000044,0.008203447796404362,0.28388768434524536,0.08867402374744415,0.043877020478248596,0.21724000573158264,,,,dqn_icm,cartpole,sparse,0.01,0.9,0,1.0
502,0.0,13,0.050000000000000044,0.009531432762742043,0.21874193847179413,0.0811907947063446,0.035047098994255066,0.17359645664691925,,,,dqn_icm,cartpole,sparse,0.01,0.9,0,1.0
503,0.0,15,0.050000000000000044,0.009032584726810455,0.21448621153831482,0.08255244791507721,0.032682377845048904,0.16302239894866943,,,,dqn_icm,cartpole,sparse,0.01,0.9,0,1.0
504,0.0,17,0.050000000000000044,0.003272108733654022,0.23312444984912872,0.06338540464639664,0.029497366398572922,0.14740005135536194,,,,dqn_icm,cartpole,sparse,0.01,0.9,0,1.0
505,0.0,10,0.050000000000000044,0.013816977851092815,0.229832723736763,0.08830702304840088,0.024778904393315315,0.12385816127061844,,,,dqn_icm,cartpole,sparse,0.01,0.9,0,1.0
506,0.0,10,0.050000000000000044,0.002549942350015044,0.2132556438446045,0.05972127616405487,0.01817629486322403,0.090852290391922,,,,dqn_icm,cartpole,sparse,0.01,0.9,0,1.0
507,0.0,22,0.050000000000000044,0.002139821881428361,0.17517368495464325,0.049688439816236496,0.017564425244927406,0.0876268595457077,,,,dqn_icm,cartpole,sparse,0.01,0.9,0,1.0
508,0.0,10,0.050000000000000044,0.0014882752439007163,0.17894119024276733,0.04561871290206909,0.016216807067394257,0.08106955885887146,,,,dqn_icm,cartpole,sparse,0.01,0.9,0,1.0
509,0.0,9,0.050000000000000044,0.006236697547137737,0.17332008481025696,0.056816816329956055,0.019330022856593132,0.09660211950540543,,,,dqn_icm,cartpole,sparse,0.01,0.9,0,1.0
510,0.0,10,0.050000000000000044,0.0010742475278675556,0.15711843967437744,0.03586908429861069,0.01440005749464035,0.07195983827114105,,,,dqn_icm,cartpole,sparse,0.01,0.9,0,1.0
511,0.0,10,0.050000000000000044,0.02517811767756939,0.15539926290512085,0.0640266016125679,0.02115880697965622,0.10578519850969315,,,,dqn_icm,cartpole,sparse,0.01,0.9,0,1.0
512,0.0,10,0.050000000000000044,0.0016362767200917006,0.14839431643486023,0.04148203134536743,0.014262513257563114,0.07122376561164856,,,,dqn_icm,cartpole,sparse,0.01,0.9,0,1.0
513,0.0,10,0.050000000000000044,0.0013302514562383294,0.1381598263978958,0.038933150470256805,0.012748777866363525,0.0636930763721466,,,,dqn_icm,cartpole,sparse,0.01,0.9,0,1.0
514,0.0,9,0.050000000000000044,0.0026313255075365305,0.12260803580284119,0.04560115933418274,0.01245295349508524,0.06220724433660507,,,,dqn_icm,cartpole,sparse,0.01,0.9,0,1.0
515,0.0,9,0.050000000000000044,0.0011753188446164131,0.12479660660028458,0.03814300149679184,0.010639774613082409,0.05315840244293213,,,,dqn_icm,cartpole,sparse,0.01,0.9,0,1.0
516,0.0,17,0.050000000000000044,0.001135065802372992,0.12738892436027527,0.03688615560531616,0.010285948403179646,0.051380328834056854,,,,dqn_icm,cartpole,sparse,0.01,0.9,0,1.0
517,0.0,15,0.050000000000000044,0.001084972987882793,0.12902280688285828,0.03653331100940704,0.009561446495354176,0.04779614880681038,,,,dqn_icm,cartpole,sparse,0.01,0.9,0,1.0
518,0.0,12,0.050000000000000044,0.001044207951053977,0.12985435128211975,0.03793881833553314,0.00831626821309328,0.04156280308961868,,,,dqn_icm,cartpole,sparse,0.01,0.9,0,1.0
519,0.0,14,0.050000000000000044,0.0016010003164410591,0.12564536929130554,0.045329589396715164,0.010673469863831997,0.053354911506175995,,,,dqn_icm,cartpole,sparse,0.01,0.9,0,1.0
520,0.0,12,0.050000000000000044,0.0007337730494327843,0.1152275875210762,0.03083866462111473,0.007142840884625912,0.03570709004998207,,,,dqn_icm,cartpole,sparse,0.01,0.9,0,1.0
521,0.0,18,0.050000000000000044,0.02142631821334362,0.11785653233528137,0.05894051864743233,0.012817200273275375,0.06408022344112396,,,,dqn_icm,cartpole,sparse,0.01,0.9,0,1.0
522,0.0,13,0.050000000000000044,0.009491192176938057,0.13711999356746674,0.050873130559921265,0.014864849857985973,0.07431909441947937,,,,dqn_icm,cartpole,sparse,0.01,0.9,0,1.0
523,0.0,14,0.050000000000000044,0.0017819043714553118,0.15615379810333252,0.04460994154214859,0.01242563221603632,0.06212276965379715,,,,dqn_icm,cartpole,sparse,0.01,0.9,0,1.0
524,0.0,11,0.050000000000000044,0.0006630179705098271,0.12593819200992584,0.029800351709127426,0.00876675546169281,0.04381878674030304,,,,dqn_icm,cartpole,sparse,0.01,0.9,0,1.0
525,0.0,10,0.050000000000000044,0.0012175419833511114,0.10587967187166214,0.036216847598552704,0.007591879460960627,0.03791826590895653,,,,dqn_icm,cartpole,sparse,0.01,0.9,0,1.0
526,0.0,10,0.050000000000000044,0.0008978002006188035,0.09994898736476898,0.03241090103983879,0.00770228449255228,0.03849845379590988,,,,dqn_icm,cartpole,sparse,0.01,0.9,0,1.0
527,0.0,9,0.050000000000000044,0.0008638716535642743,0.10041283816099167,0.034156665205955505,0.008978800848126411,0.04488125443458557,,,,dqn_icm,cartpole,sparse,0.01,0.9,0,1.0
528,0.0,10,0.050000000000000044,0.0038350136019289494,0.12018181383609772,0.038593925535678864,0.009493784978985786,0.047458551824092865,,,,dqn_icm,cartpole,sparse,0.01,0.9,0,1.0
529,0.0,14,0.050000000000000044,0.00123180216178298,0.13324187695980072,0.04034777730703354,0.008966107852756977,0.04481504112482071,,,,dqn_icm,cartpole,sparse,0.01,0.9,0,1.0
530,0.0,11,0.050000000000000044,0.0011496947845444083,0.1277182698249817,0.0386865958571434,0.009093934670090675,0.04545319080352783,,,,dqn_icm,cartpole,sparse,0.01,0.9,0,1.0
531,0.0,16,0.050000000000000044,0.0008266461081802845,0.11759120225906372,0.03461958467960358,0.00753287086263299,0.037658486515283585,,,,dqn_icm,cartpole,sparse,0.01,0.9,0,1.0
532,0.0,27,0.050000000000000044,0.0010296558029949665,0.11115719377994537,0.035314977169036865,0.007701996248215437,0.03849472105503082,,,,dqn_icm,cartpole,sparse,0.01,0.9,0,1.0
533,0.0,10,0.050000000000000044,0.0009450032375752926,0.10788127779960632,0.037750087678432465,0.007767563220113516,0.03881596773862839,,,,dqn_icm,cartpole,sparse,0.01,0.9,0,1.0
534,0.0,10,0.050000000000000044,0.0007545537082478404,0.11247287690639496,0.03015892021358013,0.008323530666530132,0.04161205142736435,,,,dqn_icm,cartpole,sparse,0.01,0.9,0,1.0
535,0.0,10,0.050000000000000044,0.0025128780398517847,0.11862774193286896,0.04191935062408447,0.009139258414506912,0.04568081721663475,,,,dqn_icm,cartpole,sparse,0.01,0.9,0,1.0
536,0.0,9,0.050000000000000044,0.0010895301820710301,0.12429389357566833,0.03763849288225174,0.012252249754965305,0.06116236746311188,,,,dqn_icm,cartpole,sparse,0.01,0.9,0,1.0
537,0.0,10,0.050000000000000044,0.0009843934094533324,0.11116354912519455,0.03618498146533966,0.00883766170591116,0.04417000710964203,,,,dqn_icm,cartpole,sparse,0.01,0.9,0,1.0
538,0.0,9,0.050000000000000044,0.0034567732363939285,0.11614533513784409,0.049501072615385056,0.010862568393349648,0.05428432300686836,,,,dqn_icm,cartpole,sparse,0.01,0.9,0,1.0
539,0.0,20,0.050000000000000044,0.001985203940421343,0.13418297469615936,0.029881354421377182,0.008064239285886288,0.04030972719192505,,,,dqn_icm,cartpole,sparse,0.01,0.9,0,1.0
540,0.0,12,0.050000000000000044,0.00040783380973152816,0.13549686968326569,0.017797211185097694,0.0061518047004938126,0.030746743083000183,,,,dqn_icm,cartpole,sparse,0.01,0.9,0,1.0
541,0.0,9,0.050000000000000044,0.0017048160079866648,0.15528114140033722,0.03140988200902939,0.007888348773121834,0.03937266021966934,,,,dqn_icm,cartpole,sparse,0.01,0.9,0,1.0
542,0.0,10,0.050000000000000044,0.0010386041831225157,0.14380039274692535,0.027170125395059586,0.007886596955358982,0.039397455751895905,,,,dqn_icm,cartpole,sparse,0.01,0.9,0,1.0
543,0.0,10,0.050000000000000044,0.0024541171733289957,0.1602577269077301,0.029896533116698265,0.01197830494493246,0.05987361818552017,,,,dqn_icm,cartpole,sparse,0.01,0.9,0,1.0
544,0.0,11,0.050000000000000044,0.0037489072419703007,0.15437373518943787,0.0341549888253212,0.010697634890675545,0.053458817303180695,,,,dqn_icm,cartpole,sparse,0.01,0.9,0,1.0
545,0.0,9,0.050000000000000044,0.01929023675620556,0.15538856387138367,0.053354546427726746,0.016957707703113556,0.08474045246839523,,,,dqn_icm,cartpole,sparse,0.01,0.9,0,1.0
546,0.0,8,0.050000000000000044,0.0004480456991586834,0.1364993155002594,0.01988169178366661,0.006732589099556208,0.03365179896354675,,,,dqn_icm,cartpole,sparse,0.01,0.9,0,1.0
547,0.0,10,0.050000000000000044,0.0016624470008537173,0.1538248360157013,0.026351284235715866,0.008744185790419579,0.043696463108062744,,,,dqn_icm,cartpole,sparse,0.01,0.9,0,1.0
548,0.0,9,0.050000000000000044,0.0015832760836929083,0.1347009539604187,0.028700675815343857,0.008702409453690052,0.04347655177116394,,,,dqn_icm,cartpole,sparse,0.01,0.9,0,1.0
549,0.0,10,0.050000000000000044,0.0010224112775176764,0.13000035285949707,0.023332271724939346,0.006225204560905695,0.03110906481742859,,,,dqn_icm,cartpole,sparse,0.01,0.9,0,1.0
550,0.0,10,0.050000000000000044,0.000511600635945797,0.1277931034564972,0.022066820412874222,0.006370003335177898,0.03181580454111099,0.0,0.0,9.4,dqn_icm,cartpole,sparse,0.01,0.9,0,1.0
551,0.0,10,0.050000000000000044,0.0008697191951796412,0.130339577794075,0.025914086028933525,0.007537378463894129,0.03765246644616127,,,,dqn_icm,cartpole,sparse,0.01,0.9,0,1.0
552,0.0,9,0.050000000000000044,0.0005583870806731284,0.13203215599060059,0.020055465400218964,0.006614680867642164,0.033026110380887985,,,,dqn_icm,cartpole,sparse,0.01,0.9,0,1.0
553,0.0,10,0.050000000000000044,0.0015189156401902437,0.15655383467674255,0.030584514141082764,0.008793262764811516,0.043950099498033524,,,,dqn_icm,cartpole,sparse,0.01,0.9,0,1.0
554,0.0,8,0.050000000000000044,0.0013682222925126553,0.15075671672821045,0.022657031193375587,0.006642612628638744,0.03319375216960907,,,,dqn_icm,cartpole,sparse,0.01,0.9,0,1.0
555,0.0,9,0.050000000000000044,0.0025478533934801817,0.14246389269828796,0.028335943818092346,0.007268765941262245,0.03631575033068657,,,,dqn_icm,cartpole,sparse,0.01,0.9,0,1.0
556,0.0,11,0.050000000000000044,0.0021130370441824198,0.13211391866207123,0.032180048525333405,0.006680754013359547,0.033386215567588806,,,,dqn_icm,cartpole,sparse,0.01,0.9,0,1.0
557,0.0,10,0.050000000000000044,0.002097232500091195,0.14498105645179749,0.0400238037109375,0.008622932247817516,0.043072547763586044,,,,dqn_icm,cartpole,sparse,0.01,0.9,0,1.0
558,0.0,9,0.050000000000000044,0.0015694024041295052,0.1504061073064804,0.028604673221707344,0.008501262404024601,0.042461641132831573,,,,dqn_icm,cartpole,sparse,0.01,0.9,0,1.0
559,0.0,11,0.050000000000000044,0.00204174080863595,0.15102849900722504,0.035706307739019394,0.010446437634527683,0.052212610840797424,,,,dqn_icm,cartpole,sparse,0.01,0.9,0,1.0
560,0.0,10,0.050000000000000044,0.0009593642898835242,0.1411806046962738,0.025413325056433678,0.0063974992372095585,0.031980253756046295,,,,dqn_icm,cartpole,sparse,0.01,0.9,0,1.0
561,0.0,10,0.050000000000000044,0.000838940788526088,0.14155223965644836,0.022961894050240517,0.006042544264346361,0.030152250081300735,,,,dqn_icm,cartpole,sparse,0.01,0.9,0,1.0
562,0.0,8,0.050000000000000044,0.0006858282722532749,0.13875561952590942,0.020820166915655136,0.005501219537109137,0.02748836576938629,,,,dqn_icm,cartpole,sparse,0.01,0.9,0,1.0
563,0.0,8,0.050000000000000044,0.002004711888730526,0.15740177035331726,0.030948180705308914,0.006381419952958822,0.031873635947704315,,,,dqn_icm,cartpole,sparse,0.01,0.9,0,1.0
564,0.0,8,0.050000000000000044,0.0010599183151498437,0.14011773467063904,0.02661523036658764,0.00710277259349823,0.035481736063957214,,,,dqn_icm,cartpole,sparse,0.01,0.9,0,1.0
565,0.0,9,0.050000000000000044,0.0024459443520754576,0.14429983496665955,0.04106547683477402,0.010700749233365059,0.05344536155462265,,,,dqn_icm,cartpole,sparse,0.01,0.9,0,1.0
566,0.0,9,0.050000000000000044,0.0016345223411917686,0.12833191454410553,0.033529601991176605,0.009005251340568066,0.045014847069978714,,,,dqn_icm,cartpole,sparse,0.01,0.9,0,1.0
567,0.0,9,0.050000000000000044,0.0006718680961057544,0.12850654125213623,0.01852479763329029,0.005266289692372084,0.026308946311473846,,,,dqn_icm,cartpole,sparse,0.01,0.9,0,1.0
568,0.0,9,0.050000000000000044,0.0043106176890432835,0.1639140248298645,0.0443008691072464,0.009017647244036198,0.04485747218132019,,,,dqn_icm,cartpole,sparse,0.01,0.9,0,1.0
569,0.0,10,0.050000000000000044,0.00272657279856503,0.15552659332752228,0.03699125722050667,0.011296050623059273,0.056443411856889725,,,,dqn_icm,cartpole,sparse,0.01,0.9,0,1.0
570,0.0,10,0.050000000000000044,0.006588032469153404,0.1444862335920334,0.03962462767958641,0.009639417752623558,0.04661546275019646,,,,dqn_icm,cartpole,sparse,0.01,0.9,0,1.0
571,0.0,10,0.050000000000000044,0.0005210804520174861,0.13123881816864014,0.01992466300725937,0.004458808805793524,0.022284746170043945,,,,dqn_icm,cartpole,sparse,0.01,0.9,0,1.0
572,0.0,9,0.050000000000000044,0.000681398727465421,0.1423206627368927,0.020585566759109497,0.0067305415868759155,0.03357474505901337,,,,dqn_icm,cartpole,sparse,0.01,0.9,0,1.0
573,0.0,9,0.050000000000000044,0.000603073975071311,0.13828715682029724,0.02192620001733303,0.005595351103693247,0.027914464473724365,,,,dqn_icm,cartpole,sparse,0.01,0.9,0,1.0
574,0.0,10,0.050000000000000044,0.0013308105990290642,0.1341654658317566,0.024942729622125626,0.006822709459811449,0.034071292728185654,,,,dqn_icm,cartpole,sparse,0.01,0.9,0,1.0
575,0.0,9,0.050000000000000044,0.002053220523521304,0.15343832969665527,0.02567870542407036,0.00684303417801857,0.0341796800494194,,,,dqn_icm,cartpole,sparse,0.01,0.9,0,1.0
576,0.0,10,0.050000000000000044,0.001258903183043003,0.1235249862074852,0.02615162543952465,0.006174423731863499,0.030832625925540924,,,,dqn_icm,cartpole,sparse,0.01,0.9,0,1.0
577,0.0,10,0.050000000000000044,0.001474151387810707,0.11845076084136963,0.03224340081214905,0.007569120731204748,0.0373106524348259,,,,dqn_icm,cartpole,sparse,0.01,0.9,0,1.0
578,0.0,8,0.050000000000000044,0.0010907910764217377,0.13345293700695038,0.022632375359535217,0.006410375237464905,0.031998082995414734,,,,dqn_icm,cartpole,sparse,0.01,0.9,0,1.0
579,0.0,10,0.050000000000000044,0.0007280274876393378,0.12688151001930237,0.024754803627729416,0.006675790995359421,0.03335574269294739,,,,dqn_icm,cartpole,sparse,0.01,0.9,0,1.0
580,0.0,10,0.050000000000000044,0.0017768887337297201,0.14845457673072815,0.02685590647161007,0.005996840540319681,0.02994667924940586,,,,dqn_icm,cartpole,sparse,0.01,0.9,0,1.0
581,0.0,10,0.050000000000000044,0.0022172192111611366,0.14312095940113068,0.03343664109706879,0.0066823833622038364,0.03332698345184326,,,,dqn_icm,cartpole,sparse,0.01,0.9,0,1.0
582,0.0,9,0.050000000000000044,0.0016268438193947077,0.13531526923179626,0.02794644981622696,0.006459381431341171,0.03225419670343399,,,,dqn_icm,cartpole,sparse,0.01,0.9,0,1.0
583,0.0,11,0.050000000000000044,0.0009045244660228491,0.12312321364879608,0.02238042652606964,0.004431501962244511,0.02211262471973896,,,,dqn_icm,cartpole,sparse,0.01,0.9,0,1.0
584,0.0,13,0.050000000000000044,0.005885596852749586,0.12378716468811035,0.03214971721172333,0.008560968562960625,0.0384911485016346,,,,dqn_icm,cartpole,sparse,0.01,0.9,0,1.0
585,0.0,11,0.050000000000000044,0.000921468366868794,0.13888785243034363,0.0261206217110157,0.007551061455160379,0.0377192497253418,,,,dqn_icm,cartpole,sparse,0.01,0.9,0,1.0
586,0.0,9,0.050000000000000044,0.00110878876876086,0.158458411693573,0.028824545443058014,0.00812938716262579,0.040602974593639374,,,,dqn_icm,cartpole,sparse,0.01,0.9,0,1.0
587,0.0,9,0.050000000000000044,0.000628082372713834,0.14286060631275177,0.02315838634967804,0.005048705730587244,0.02522686868906021,,,,dqn_icm,cartpole,sparse,0.01,0.9,0,1.0
588,0.0,10,0.050000000000000044,0.0007491458673030138,0.13283418118953705,0.02574942260980606,0.0049711111932992935,0.02481231465935707,,,,dqn_icm,cartpole,sparse,0.01,0.9,0,1.0
589,0.0,11,0.050000000000000044,0.0008136762771755457,0.14589430391788483,0.02037161961197853,0.006519717629998922,0.032574594020843506,,,,dqn_icm,cartpole,sparse,0.01,0.9,0,1.0
590,0.0,10,0.050000000000000044,0.0012714999029412866,0.15303954482078552,0.02584957517683506,0.007533553056418896,0.037655435502529144,,,,dqn_icm,cartpole,sparse,0.01,0.9,0,1.0
591,0.0,9,0.050000000000000044,0.001022100681439042,0.13641875982284546,0.025403540581464767,0.005065417382866144,0.02529168128967285,,,,dqn_icm,cartpole,sparse,0.01,0.9,0,1.0
592,0.0,10,0.050000000000000044,0.0004808108787983656,0.1296766698360443,0.02167385071516037,0.006131151225417852,0.030628066509962082,,,,dqn_icm,cartpole,sparse,0.01,0.9,0,1.0
593,0.0,8,0.050000000000000044,0.0006175405578687787,0.12436863780021667,0.020276138558983803,0.00658429367467761,0.03288787603378296,,,,dqn_icm,cartpole,sparse,0.01,0.9,0,1.0
594,0.0,11,0.050000000000000044,0.0014272646512836218,0.13273760676383972,0.028746161609888077,0.005971120670437813,0.02983405813574791,,,,dqn_icm,cartpole,sparse,0.01,0.9,0,1.0
595,0.0,9,0.050000000000000044,0.0002665173960849643,0.12230522185564041,0.014817880466580391,0.004021089989691973,0.02006790041923523,,,,dqn_icm,cartpole,sparse,0.01,0.9,0,1.0
596,0.0,9,0.050000000000000044,0.0004978615324944258,0.1223141998052597,0.015639036893844604,0.004024827387183905,0.020112331956624985,,,,dqn_icm,cartpole,sparse,0.01,0.9,0,1.0
597,0.0,8,0.050000000000000044,0.0006309463642537594,0.13952888548374176,0.019874051213264465,0.004448647145181894,0.022199902683496475,,,,dqn_icm,cartpole,sparse,0.01,0.9,0,1.0
598,0.0,10,0.050000000000000044,0.0012572845444083214,0.14038078486919403,0.027208711951971054,0.0058494084514677525,0.029130250215530396,,,,dqn_icm,cartpole,sparse,0.01,0.9,0,1.0
599,0.0,9,0.050000000000000044,0.0005120187415741384,0.1244916319847107,0.018150484189391136,0.003966209944337606,0.019799010828137398,,,,dqn_icm,cartpole,sparse,0.01,0.9,0,1.0
600,0.0,10,0.050000000000000044,0.0011034864000976086,0.13057734072208405,0.026693815365433693,0.006025007460266352,0.029916372150182724,0.0,0.0,9.2,dqn_icm,cartpole,sparse,0.01,0.9,0,1.0
601,0.0,10,0.050000000000000044,0.0008553943480364978,0.1302042007446289,0.02387060783803463,0.005405421834439039,0.027004694566130638,,,,dqn_icm,cartpole,sparse,0.01,0.9,0,1.0
602,0.0,10,0.050000000000000044,0.00035158792161382735,0.13264909386634827,0.017067329958081245,0.0038098369259387255,0.019023912027478218,,,,dqn_icm,cartpole,sparse,0.01,0.9,0,1.0
603,0.0,12,0.050000000000000044,0.0007093485328368843,0.1356748640537262,0.023632511496543884,0.004624747205525637,0.023098789155483246,,,,dqn_icm,cartpole,sparse,0.01,0.9,0,1.0
604,0.0,10,0.050000000000000044,0.000367972330423072,0.1305522620677948,0.01655980944633484,0.004111816640943289,0.020532172173261642,,,,dqn_icm,cartpole,sparse,0.01,0.9,0,1.0
605,0.0,11,0.050000000000000044,0.0006185786915011704,0.16643252968788147,0.01985260844230652,0.007580399513244629,0.03789130598306656,,,,dqn_icm,cartpole,sparse,0.01,0.9,0,1.0
606,0.0,10,0.050000000000000044,0.0004295991384424269,0.119478739798069,0.017939411103725433,0.0046051908284425735,0.023010075092315674,,,,dqn_icm,cartpole,sparse,0.01,0.9,0,1.0
607,0.0,9,0.050000000000000044,0.0009236613987013698,0.12436158955097198,0.023095250129699707,0.00445966050028801,0.022269751876592636,,,,dqn_icm,cartpole,sparse,0.01,0.9,0,1.0
608,0.0,9,0.050000000000000044,0.0007558721699751914,0.13821449875831604,0.023198643699288368,0.0037788606714457273,0.018879849463701248,,,,dqn_icm,cartpole,sparse,0.01,0.9,0,1.0
609,0.0,10,0.050000000000000044,0.00028378074057400227,0.11809992790222168,0.013792845420539379,0.0031876270659267902,0.015895813703536987,,,,dqn_icm,cartpole,sparse,0.01,0.9,0,1.0
610,0.0,9,0.050000000000000044,0.00021793940686620772,0.12109920382499695,0.013712224550545216,0.004439105745404959,0.0221544336527586,,,,dqn_icm,cartpole,sparse,0.01,0.9,0,1.0
611,0.0,10,0.050000000000000044,0.0005926653975620866,0.1297743171453476,0.020778724923729897,0.003859803779050708,0.019268497824668884,,,,dqn_icm,cartpole,sparse,0.01,0.9,0,1.0
612,0.0,9,0.050000000000000044,0.0004771680396515876,0.13416557013988495,0.017485124990344048,0.004037064500153065,0.02015683427453041,,,,dqn_icm,cartpole,sparse,0.01,0.9,0,1.0
613,0.0,12,0.050000000000000044,0.000642435799818486,0.12485170364379883,0.019762836396694183,0.0037421290762722492,0.01868760958313942,,,,dqn_icm,cartpole,sparse,0.01,0.9,0,1.0
614,0.0,8,0.050000000000000044,0.0005578884156420827,0.13854211568832397,0.020080067217350006,0.005513036157935858,0.0275439340621233,,,,dqn_icm,cartpole,sparse,0.01,0.9,0,1.0
615,0.0,9,0.050000000000000044,0.0004361275932751596,0.11711397767066956,0.016014330089092255,0.0037611997686326504,0.018771011382341385,,,,dqn_icm,cartpole,sparse,0.01,0.9,0,1.0
616,0.0,9,0.050000000000000044,0.0009266019333153963,0.11810517311096191,0.022683516144752502,0.0037247799336910248,0.018602831289172173,,,,dqn_icm,cartpole,sparse,0.01,0.9,0,1.0
617,0.0,10,0.050000000000000044,0.0004234616062603891,0.11698408424854279,0.016052691265940666,0.00394023722037673,0.019671084359288216,,,,dqn_icm,cartpole,sparse,0.01,0.9,0,1.0
618,0.0,10,0.050000000000000044,0.0009138371096923947,0.13093134760856628,0.02479417994618416,0.004714741371572018,0.023554930463433266,,,,dqn_icm,cartpole,sparse,0.01,0.9,0,1.0
619,0.0,10,0.050000000000000044,0.0008211542735807598,0.12521938979625702,0.021356437355279922,0.003608724335208535,0.018022790551185608,,,,dqn_icm,cartpole,sparse,0.01,0.9,0,1.0
620,0.0,9,0.050000000000000044,0.002705419436097145,0.1629675030708313,0.034392520785331726,0.006236041430383921,0.031152579933404922,,,,dqn_icm,cartpole,sparse,0.01,0.9,0,1.0
621,0.0,10,0.050000000000000044,0.0009729615412652493,0.12793318927288055,0.02577711082994938,0.005350387189537287,0.02670234441757202,,,,dqn_icm,cartpole,sparse,0.01,0.9,0,1.0
622,0.0,11,0.050000000000000044,0.0003128518583253026,0.13601091504096985,0.01529691368341446,0.005518684163689613,0.027564216405153275,,,,dqn_icm,cartpole,sparse,0.01,0.9,0,1.0
623,0.0,11,0.050000000000000044,0.00038333877455443144,0.1142495721578598,0.0165668036788702,0.0034249851014465094,0.017092140391469002,,,,dqn_icm,cartpole,sparse,0.01,0.9,0,1.0
624,0.0,8,0.050000000000000044,0.0003971105325035751,0.11559151113033295,0.01627066172659397,0.004050188697874546,0.020206982269883156,,,,dqn_icm,cartpole,sparse,0.01,0.9,0,1.0
625,0.0,8,0.050000000000000044,0.0004855108563788235,0.12723974883556366,0.017870068550109863,0.004752675071358681,0.02366108074784279,,,,dqn_icm,cartpole,sparse,0.01,0.9,0,1.0
626,0.0,9,0.050000000000000044,0.0006375189404934645,0.12570582330226898,0.022245176136493683,0.003960557281970978,0.019782790914177895,,,,dqn_icm,cartpole,sparse,0.01,0.9,0,1.0
627,0.0,10,0.050000000000000044,0.0005900590913370252,0.12644988298416138,0.020377295091748238,0.004235526081174612,0.0211380235850811,,,,dqn_icm,cartpole,sparse,0.01,0.9,0,1.0
628,0.0,13,0.050000000000000044,0.0011272142874076962,0.13297395408153534,0.024183638393878937,0.004808376077562571,0.022965434938669205,,,,dqn_icm,cartpole,sparse,0.01,0.9,0,1.0
629,0.0,11,0.050000000000000044,0.001454306417144835,0.11162035167217255,0.02507396601140499,0.004047777038067579,0.02020222693681717,,,,dqn_icm,cartpole,sparse,0.01,0.9,0,1.0
630,0.0,10,0.050000000000000044,0.0003591416170820594,0.11502186954021454,0.015229709446430206,0.0026770022232085466,0.01334686391055584,,,,dqn_icm,cartpole,sparse,0.01,0.9,0,1.0
631,0.0,12,0.050000000000000044,0.0004575691418722272,0.12287922203540802,0.01717398874461651,0.003506904235109687,0.01751774176955223,,,,dqn_icm,cartpole,sparse,0.01,0.9,0,1.0
632,0.0,10,0.050000000000000044,0.00033735373290255666,0.1263408362865448,0.016186490654945374,0.0029327324591577053,0.014649773016571999,,,,dqn_icm,cartpole,sparse,0.01,0.9,0,1.0
633,0.0,8,0.050000000000000044,0.0017021102830767632,0.11567186564207077,0.02329423278570175,0.004209828097373247,0.02102247253060341,,,,dqn_icm,cartpole,sparse,0.01,0.9,0,1.0
634,0.0,9,0.050000000000000044,0.0007456546882167459,0.1401577740907669,0.020251724869012833,0.0037847619969397783,0.01891046017408371,,,,dqn_icm,cartpole,sparse,0.01,0.9,0,1.0
635,0.0,9,0.050000000000000044,0.001093431725166738,0.12298423051834106,0.024293098598718643,0.003469952614977956,0.017337096855044365,,,,dqn_icm,cartpole,sparse,0.01,0.9,0,1.0
636,0.0,15,0.050000000000000044,0.0010797081049531698,0.14050394296646118,0.024643130600452423,0.005244453437626362,0.026203578338027,,,,dqn_icm,cartpole,sparse,0.01,0.9,0,1.0
637,0.0,10,0.050000000000000044,0.0005816033226437867,0.12296868860721588,0.02000899240374565,0.0033841817639768124,0.016878828406333923,,,,dqn_icm,cartpole,sparse,0.01,0.9,0,1.0
638,0.0,10,0.050000000000000044,0.0002445978461764753,0.1239314079284668,0.013323325663805008,0.002652511466294527,0.013231265358626842,,,,dqn_icm,cartpole,sparse,0.01,0.9,0,1.0
639,0.0,10,0.050000000000000044,0.0007190318428911269,0.12263384461402893,0.01817179098725319,0.002884897403419018,0.014409705065190792,,,,dqn_icm,cartpole,sparse,0.01,0.9,0,1.0
640,0.0,9,0.050000000000000044,0.0007778648287057877,0.1302594691514969,0.022498000413179398,0.0033744012471288443,0.016853051260113716,,,,dqn_icm,cartpole,sparse,0.01,0.9,0,1.0
641,0.0,10,0.050000000000000044,0.0007760663283988833,0.1450653374195099,0.02235288731753826,0.0059847040101885796,0.029356922954320908,,,,dqn_icm,cartpole,sparse,0.01,0.9,0,1.0
642,0.0,9,0.050000000000000044,0.0007758880383335054,0.12298940867185593,0.021676981821656227,0.0033593126572668552,0.016768816858530045,,,,dqn_icm,cartpole,sparse,0.01,0.9,0,1.0
643,0.0,8,0.050000000000000044,0.001329190330579877,0.12340898811817169,0.028063807636499405,0.0034418925642967224,0.017194649204611778,,,,dqn_icm,cartpole,sparse,0.01,0.9,0,1.0
644,0.0,9,0.050000000000000044,0.0006410053465515375,0.13231974840164185,0.020202286541461945,0.002869979478418827,0.014329392462968826,,,,dqn_icm,cartpole,sparse,0.01,0.9,0,1.0
645,0.0,8,0.050000000000000044,0.0003079427406191826,0.11552378535270691,0.01508900336921215,0.0032770708203315735,0.016365237534046173,,,,dqn_icm,cartpole,sparse,0.01,0.9,0,1.0
646,0.0,9,0.050000000000000044,0.001357081113383174,0.11252927780151367,0.028381625190377235,0.002734679728746414,0.013659868389368057,,,,dqn_icm,cartpole,sparse,0.01,0.9,0,1.0
647,0.0,10,0.050000000000000044,0.0003711601020768285,0.11278148740530014,0.014890430495142937,0.002702722791582346,0.013483274728059769,,,,dqn_icm,cartpole,sparse,0.01,0.9,0,1.0
648,0.0,9,0.050000000000000044,0.0006103634368628263,0.11624926328659058,0.017911259084939957,0.0033864029683172703,0.01660366728901863,,,,dqn_icm,cartpole,sparse,0.01,0.9,0,1.0
649,0.0,9,0.050000000000000044,0.0002871146716643125,0.12496767938137054,0.013867286965250969,0.0027374320197850466,0.01365586742758751,,,,dqn_icm,cartpole,sparse,0.01,0.9,0,1.0
650,0.0,8,0.050000000000000044,0.0004694777599070221,0.12971021234989166,0.01881396397948265,0.003084677504375577,0.015400737524032593,0.0,0.0,9.4,dqn_icm,cartpole,sparse,0.01,0.9,0,1.0
651,0.0,9,0.050000000000000044,0.0017743159551173449,0.1447111964225769,0.030278921127319336,0.004340551793575287,0.021684996783733368,,,,dqn_icm,cartpole,sparse,0.01,0.9,0,1.0
652,0.0,12,0.050000000000000044,0.000522840186022222,0.14566273987293243,0.023476140573620796,0.003689307253807783,0.018322141841053963,,,,dqn_icm,cartpole,sparse,0.01,0.9,0,1.0
653,0.0,10,0.050000000000000044,0.00019160451483912766,0.10205575823783875,0.011629771441221237,0.002440381096675992,0.012181282043457031,,,,dqn_icm,cartpole,sparse,0.01,0.9,0,1.0
654,0.0,10,0.050000000000000044,0.0004573679470922798,0.11507648229598999,0.015977226197719574,0.0029281184542924166,0.01460488885641098,,,,dqn_icm,cartpole,sparse,0.01,0.9,0,1.0
655,0.0,10,0.050000000000000044,0.0007396892178803682,0.12403684854507446,0.021030399948358536,0.002835967345163226,0.014171252027153969,,,,dqn_icm,cartpole,sparse,0.01,0.9,0,1.0
656,0.0,9,0.050000000000000044,0.000937222852371633,0.1184300035238266,0.023352928459644318,0.00463969586417079,0.02276214398443699,,,,dqn_icm,cartpole,sparse,0.01,0.9,0,1.0
657,0.0,9,0.050000000000000044,0.00037292687920853496,0.12365534901618958,0.013667089864611626,0.002848697593435645,0.014236453920602798,,,,dqn_icm,cartpole,sparse,0.01,0.9,0,1.0
658,0.0,9,0.050000000000000044,0.0005691564874723554,0.12765266001224518,0.020613249391317368,0.0040158736519515514,0.019975686445832253,,,,dqn_icm,cartpole,sparse,0.01,0.9,0,1.0
659,0.0,10,0.050000000000000044,0.000282418099232018,0.13582053780555725,0.015618660487234592,0.003564972896128893,0.01781347766518593,,,,dqn_icm,cartpole,sparse,0.01,0.9,0,1.0
660,0.0,9,0.050000000000000044,0.00035532034235075116,0.11984364688396454,0.013335013762116432,0.002771571045741439,0.013830138370394707,,,,dqn_icm,cartpole,sparse,0.01,0.9,0,1.0
661,0.0,9,0.050000000000000044,0.0003410506178624928,0.1158539354801178,0.016174256801605225,0.0027540901210159063,0.013756411150097847,,,,dqn_icm,cartpole,sparse,0.01,0.9,0,1.0
662,0.0,10,0.050000000000000044,0.0003558848984539509,0.12203215062618256,0.015886956825852394,0.002453059423714876,0.01221412606537342,,,,dqn_icm,cartpole,sparse,0.01,0.9,0,1.0
663,0.0,9,0.050000000000000044,0.0003256377240177244,0.1146911010146141,0.015719551593065262,0.002685835584998131,0.013419401831924915,,,,dqn_icm,cartpole,sparse,0.01,0.9,0,1.0
664,0.0,9,0.050000000000000044,0.0010819579474627972,0.11886004358530045,0.026434479281306267,0.00328979198820889,0.016428042203187943,,,,dqn_icm,cartpole,sparse,0.01,0.9,0,1.0
665,0.0,10,0.050000000000000044,0.00041042809607461095,0.1279975324869156,0.014732055366039276,0.002429165178909898,0.012135066092014313,,,,dqn_icm,cartpole,sparse,0.01,0.9,0,1.0
666,0.0,9,0.050000000000000044,0.0007110650185495615,0.12279217690229416,0.020863626152276993,0.0023546391166746616,0.011762913316488266,,,,dqn_icm,cartpole,sparse,0.01,0.9,0,1.0
667,0.0,9,0.050000000000000044,0.0004611305193975568,0.1381615698337555,0.016087736934423447,0.004295863211154938,0.02146846428513527,,,,dqn_icm,cartpole,sparse,0.01,0.9,0,1.0
668,0.0,10,0.050000000000000044,0.00045094569213688374,0.1224406361579895,0.018293173983693123,0.003664095653221011,0.018307900056242943,,,,dqn_icm,cartpole,sparse,0.01,0.9,0,1.0
669,0.0,9,0.050000000000000044,0.0006225825054571033,0.12598349153995514,0.01976676844060421,0.0037369411438703537,0.01866789720952511,,,,dqn_icm,cartpole,sparse,0.01,0.9,0,1.0
670,0.0,12,0.050000000000000044,0.0007242897409014404,0.1103227436542511,0.019900450482964516,0.0032192126382142305,0.016079075634479523,,,,dqn_icm,cartpole,sparse,0.01,0.9,0,1.0
671,0.0,9,0.050000000000000044,0.0007467021932825446,0.10987859964370728,0.020182006061077118,0.0026681541930884123,0.013323308899998665,,,,dqn_icm,cartpole,sparse,0.01,0.9,0,1.0
672,0.0,10,0.050000000000000044,0.0009390031918883324,0.13070544600486755,0.021180730313062668,0.0034299776889383793,0.017141543328762054,,,,dqn_icm,cartpole,sparse,0.01,0.9,0,1.0
673,0.0,10,0.050000000000000044,0.0013518469640985131,0.1348816156387329,0.02896355651319027,0.004226663615554571,0.02109004184603691,,,,dqn_icm,cartpole,sparse,0.01,0.9,0,1.0
674,0.0,10,0.050000000000000044,0.0007799389422871172,0.12556225061416626,0.023244116455316544,0.0030899548437446356,0.015433680266141891,,,,dqn_icm,cartpole,sparse,0.01,0.9,0,1.0
675,0.0,10,0.050000000000000044,0.0007473406149074435,0.12553808093070984,0.020506497472524643,0.0024791471660137177,0.012370643205940723,,,,dqn_icm,cartpole,sparse,0.01,0.9,0,1.0
676,0.0,10,0.050000000000000044,0.0009875847026705742,0.12408312410116196,0.02153591997921467,0.002498843939974904,0.012486889958381653,,,,dqn_icm,cartpole,sparse,0.01,0.9,0,1.0
677,0.0,11,0.050000000000000044,0.0006722266552969813,0.11425821483135223,0.01903601549565792,0.0024707296397536993,0.012341279536485672,,,,dqn_icm,cartpole,sparse,0.01,0.9,0,1.0
678,0.0,9,0.050000000000000044,0.0005362190422601998,0.12492630630731583,0.01665029674768448,0.003715937491506338,0.018566306680440903,,,,dqn_icm,cartpole,sparse,0.01,0.9,0,1.0
679,0.0,10,0.050000000000000044,0.00029445934342220426,0.11780969798564911,0.013818135485053062,0.0031289588660001755,0.015635166317224503,,,,dqn_icm,cartpole,sparse,0.01,0.9,0,1.0
680,0.0,10,0.050000000000000044,0.0023404709063470364,0.12355773150920868,0.03322642296552658,0.006661281455308199,0.03328026831150055,,,,dqn_icm,cartpole,sparse,0.01,0.9,0,1.0
681,0.0,9,0.050000000000000044,0.0002550491481088102,0.13126158714294434,0.015130831860005856,0.003431373042985797,0.017145395278930664,,,,dqn_icm,cartpole,sparse,0.01,0.9,0,1.0
682,0.0,10,0.050000000000000044,0.0005280472105368972,0.14061249792575836,0.01851474680006504,0.005241747945547104,0.026168476790189743,,,,dqn_icm,cartpole,sparse,0.01,0.9,0,1.0
683,0.0,10,0.050000000000000044,0.0004682447761297226,0.13473793864250183,0.019572678953409195,0.004472165834158659,0.022341905161738396,,,,dqn_icm,cartpole,sparse,0.01,0.9,0,1.0
684,0.0,9,0.050000000000000044,0.001347232493571937,0.12353663146495819,0.025375057011842728,0.004620077554136515,0.023082656785845757,,,,dqn_icm,cartpole,sparse,0.01,0.9,0,1.0
685,0.0,10,0.050000000000000044,0.0009651275468058884,0.1235516220331192,0.020562324672937393,0.00610477477312088,0.030499201267957687,,,,dqn_icm,cartpole,sparse,0.01,0.9,0,1.0
686,0.0,9,0.050000000000000044,0.0013594975462183356,0.12641966342926025,0.02803220972418785,0.0055776238441467285,0.027874022722244263,,,,dqn_icm,cartpole,sparse,0.01,0.9,0,1.0
687,0.0,11,0.050000000000000044,0.0004938191850669682,0.11780404299497604,0.01825915277004242,0.0019701130222529173,0.009840136393904686,,,,dqn_icm,cartpole,sparse,0.01,0.9,0,1.0
688,0.0,9,0.050000000000000044,0.0009025108302012086,0.1273879110813141,0.024842064827680588,0.006441381294280291,0.03218834474682808,,,,dqn_icm,cartpole,sparse,0.01,0.9,0,1.0
689,0.0,9,0.050000000000000044,0.0018025061581283808,0.14194196462631226,0.032107166945934296,0.004132901318371296,0.02065329998731613,,,,dqn_icm,cartpole,sparse,0.01,0.9,0,1.0
690,0.0,10,0.050000000000000044,0.0003699153021443635,0.13157573342323303,0.018718551844358444,0.004071252420544624,0.020347055047750473,,,,dqn_icm,cartpole,sparse,0.01,0.9,0,1.0
691,0.0,10,0.050000000000000044,0.0016087415860965848,0.1506495475769043,0.03269597515463829,0.0036904129665344954,0.018437400460243225,,,,dqn_icm,cartpole,sparse,0.01,0.9,0,1.0
692,0.0,10,0.050000000000000044,0.0013756125699728727,0.11977377533912659,0.02259286865592003,0.0047200992703437805,0.02358771115541458,,,,dqn_icm,cartpole,sparse,0.01,0.9,0,1.0
693,0.0,10,0.050000000000000044,0.0006993197603151202,0.11543604731559753,0.019233398139476776,0.0022589664440602064,0.011277340352535248,,,,dqn_icm,cartpole,sparse,0.01,0.9,0,1.0
694,0.0,8,0.050000000000000044,0.0005619111470878124,0.130944162607193,0.01751008629798889,0.004625684581696987,0.023100053891539574,,,,dqn_icm,cartpole,sparse,0.01,0.9,0,1.0
695,0.0,20,0.050000000000000044,0.0006353359785862267,0.1135273352265358,0.01584540493786335,0.0027640454936772585,0.013795789331197739,,,,dqn_icm,cartpole,sparse,0.01,0.9,0,1.0
696,0.0,8,0.050000000000000044,0.000488986901473254,0.12992028892040253,0.016420595347881317,0.002104478422552347,0.01050033699721098,,,,dqn_icm,cartpole,sparse,0.01,0.9,0,1.0
697,0.0,9,0.050000000000000044,0.0008519688853994012,0.13736411929130554,0.02188003808259964,0.0037586898542940617,0.018771007657051086,,,,dqn_icm,cartpole,sparse,0.01,0.9,0,1.0
698,0.0,9,0.050000000000000044,0.0007560101221315563,0.11866819858551025,0.021150337532162666,0.0033688372932374477,0.016827676445245743,,,,dqn_icm,cartpole,sparse,0.01,0.9,0,1.0
699,0.0,10,0.050000000000000044,0.0009877798147499561,0.12365145981311798,0.023319562897086143,0.003063325071707368,0.015297580510377884,,,,dqn_icm,cartpole,sparse,0.01,0.9,0,1.0
700,0.0,9,0.050000000000000044,0.0007611600449308753,0.13467757403850555,0.01957288570702076,0.0031547066755592823,0.01573931984603405,0.0,0.0,9.4,dqn_icm,cartpole,sparse,0.01,0.9,0,1.0
701,0.0,10,0.050000000000000044,0.0005546478205360472,0.13723865151405334,0.019341424107551575,0.0029872856102883816,0.014919174835085869,,,,dqn_icm,cartpole,sparse,0.01,0.9,0,1.0
702,0.0,11,0.050000000000000044,0.00047151680337265134,0.1305546760559082,0.017038242891430855,0.002880867337808013,0.014382729306817055,,,,dqn_icm,cartpole,sparse,0.01,0.9,0,1.0
703,0.0,13,0.050000000000000044,0.0007734407554380596,0.1181708574295044,0.016829848289489746,0.0036909873597323895,0.018426567316055298,,,,dqn_icm,cartpole,sparse,0.01,0.9,0,1.0
704,0.0,11,0.050000000000000044,0.00030463183065876365,0.10658420622348785,0.01924177072942257,0.0027573697734624147,0.01374417170882225,,,,dqn_icm,cartpole,sparse,0.01,0.9,0,1.0
705,0.0,10,0.050000000000000044,0.0005480035906657577,0.11609730124473572,0.02010863833129406,0.0031831935048103333,0.015902139246463776,,,,dqn_icm,cartpole,sparse,0.01,0.9,0,1.0
706,0.0,10,0.050000000000000044,0.0007145104464143515,0.11579305678606033,0.02343941479921341,0.0036747215781360865,0.0183335542678833,,,,dqn_icm,cartpole,sparse,0.01,0.9,0,1.0
707,0.0,10,0.050000000000000044,0.00047927798004820943,0.12558063864707947,0.01914682239294052,0.0037714967038482428,0.018827056512236595,,,,dqn_icm,cartpole,sparse,0.01,0.9,0,1.0
708,0.0,9,0.050000000000000044,0.0007225407753139734,0.13048067688941956,0.021452106535434723,0.002323902677744627,0.011605835519731045,,,,dqn_icm,cartpole,sparse,0.01,0.9,0,1.0
709,0.0,9,0.050000000000000044,0.00043509932584129274,0.12045213580131531,0.01863914728164673,0.0028649885207414627,0.014316597953438759,,,,dqn_icm,cartpole,sparse,0.01,0.9,0,1.0
710,0.0,8,0.050000000000000044,0.0010946630500257015,0.12171240150928497,0.029179513454437256,0.004513876978307962,0.02255457080900669,,,,dqn_icm,cartpole,sparse,0.01,0.9,0,1.0
711,0.0,10,0.050000000000000044,0.0012654911261051893,0.12786144018173218,0.025832735002040863,0.00246088532730937,0.012272718362510204,,,,dqn_icm,cartpole,sparse,0.01,0.9,0,1.0
712,0.0,11,0.050000000000000044,0.001102094305679202,0.11556513607501984,0.025777271017432213,0.0036104274913668633,0.018042510375380516,,,,dqn_icm,cartpole,sparse,0.01,0.9,0,1.0
713,0.0,10,0.050000000000000044,0.00044249961501918733,0.10997486859560013,0.01702677458524704,0.002226748038083315,0.011120863258838654,,,,dqn_icm,cartpole,sparse,0.01,0.9,0,1.0
714,0.0,9,0.050000000000000044,0.0010884618386626244,0.11984953284263611,0.02287628874182701,0.0032398859038949013,0.016185391694307327,,,,dqn_icm,cartpole,sparse,0.01,0.9,0,1.0
715,0.0,10,0.050000000000000044,0.0005843270919285715,0.13150519132614136,0.022045109421014786,0.0026764050126075745,0.013370640575885773,,,,dqn_icm,cartpole,sparse,0.01,0.9,0,1.0
716,0.0,9,0.050000000000000044,0.0009019376011565328,0.11952580511569977,0.023277023807168007,0.0030139065347611904,0.01505317073315382,,,,dqn_icm,cartpole,sparse,0.01,0.9,0,1.0
717,0.0,10,0.050000000000000044,0.0005019893869757652,0.11843806505203247,0.02087845653295517,0.0024054297246038914,0.01200747862458229,,,,dqn_icm,cartpole,sparse,0.01,0.9,0,1.0
718,0.0,28,0.050000000000000044,0.0007617071969434619,0.12279555201530457,0.021036382764577866,0.001831107190810144,0.009142125025391579,,,,dqn_icm,cartpole,sparse,0.01,0.9,0,1.0
719,0.0,9,0.050000000000000044,0.0006424052407965064,0.1281643956899643,0.02264948934316635,0.0033726939000189304,0.016847793012857437,,,,dqn_icm,cartpole,sparse,0.01,0.9,0,1.0
720,0.0,10,0.050000000000000044,0.0008562919101677835,0.12893088161945343,0.020819183439016342,0.0042951712384819984,0.021440863609313965,,,,dqn_icm,cartpole,sparse,0.01,0.9,0,1.0
721,0.0,9,0.050000000000000044,0.0002856215287465602,0.14770467579364777,0.01367127150297165,0.004905891604721546,0.02450546622276306,,,,dqn_icm,cartpole,sparse,0.01,0.9,0,1.0
722,0.0,9,0.050000000000000044,0.00042258432949893177,0.11256000399589539,0.01841450110077858,0.0026747339870780706,0.01335843838751316,,,,dqn_icm,cartpole,sparse,0.01,0.9,0,1.0
723,0.0,9,0.050000000000000044,0.0003994971630163491,0.11138471215963364,0.013355600647628307,0.002693292684853077,0.013452873565256596,,,,dqn_icm,cartpole,sparse,0.01,0.9,0,1.0
724,0.0,9,0.050000000000000044,0.002494962653145194,0.12309455871582031,0.02470802143216133,0.00481026666238904,0.02402162179350853,,,,dqn_icm,cartpole,sparse,0.01,0.9,0,1.0
725,0.0,8,0.050000000000000044,0.0008061178377829492,0.13936910033226013,0.01980200596153736,0.004024887457489967,0.020099936053156853,,,,dqn_icm,cartpole,sparse,0.01,0.9,0,1.0
726,0.0,11,0.050000000000000044,0.0008740845369175076,0.15090079605579376,0.02424701303243637,0.003967183642089367,0.019822146743535995,,,,dqn_icm,cartpole,sparse,0.01,0.9,0,1.0
727,0.0,10,0.050000000000000044,0.007342665456235409,0.14169013500213623,0.03764808177947998,0.006782286800444126,0.03389497846364975,,,,dqn_icm,cartpole,sparse,0.01,0.9,0,1.0
728,0.0,10,0.050000000000000044,0.0025651557371020317,0.16942906379699707,0.04057801514863968,0.00618564011529088,0.030891692265868187,,,,dqn_icm,cartpole,sparse,0.01,0.9,0,1.0
729,0.0,10,0.050000000000000044,0.0015377039089798927,0.11952920258045197,0.030570734292268753,0.003203698666766286,0.016008716076612473,,,,dqn_icm,cartpole,sparse,0.01,0.9,0,1.0
730,0.0,10,0.050000000000000044,0.0006886203773319721,0.10191240906715393,0.021919436752796173,0.002315173391252756,0.011563081294298172,,,,dqn_icm,cartpole,sparse,0.01,0.9,0,1.0
731,0.0,10,0.050000000000000044,0.0007817453588359058,0.11044543981552124,0.024099260568618774,0.0031432672403752804,0.015700124204158783,,,,dqn_icm,cartpole,sparse,0.01,0.9,0,1.0
732,0.0,11,0.050000000000000044,0.0006256090709939599,0.12967810034751892,0.020349498838186264,0.0025524222292006016,0.012749861925840378,,,,dqn_icm,cartpole,sparse,0.01,0.9,0,1.0
733,0.0,8,0.050000000000000044,0.0006030179210938513,0.12303581088781357,0.017920197919011116,0.0020920513197779655,0.010441390797495842,,,,dqn_icm,cartpole,sparse,0.01,0.9,0,1.0
734,0.0,10,0.050000000000000044,0.0010372200049459934,0.1374959945678711,0.023032817989587784,0.0023260661400854588,0.011618439108133316,,,,dqn_icm,cartpole,sparse,0.01,0.9,0,1.0
735,0.0,10,0.050000000000000044,0.0010536478366702795,0.13856607675552368,0.025666965171694756,0.003965027630329132,0.019813694059848785,,,,dqn_icm,cartpole,sparse,0.01,0.9,0,1.0
736,0.0,10,0.050000000000000044,0.0010422735940665007,0.11684213578701019,0.022882405668497086,0.0027756167110055685,0.0138649120926857,,,,dqn_icm,cartpole,sparse,0.01,0.9,0,1.0
737,0.0,9,0.050000000000000044,0.0006985816871747375,0.11412911117076874,0.022235464304685593,0.0016966949915513396,0.008467799052596092,,,,dqn_icm,cartpole,sparse,0.01,0.9,0,1.0
738,0.0,9,0.050000000000000044,0.001083663897588849,0.12035416811704636,0.02775530144572258,0.0028260836843401194,0.013729366473853588,,,,dqn_icm,cartpole,sparse,0.01,0.9,0,1.0
739,0.0,9,0.050000000000000044,0.0007655273657292128,0.13336631655693054,0.02116353064775467,0.003192327683791518,0.015946051105856895,,,,dqn_icm,cartpole,sparse,0.01,0.9,0,1.0
740,0.0,10,0.050000000000000044,0.0006139526376500726,0.11837632954120636,0.01972254365682602,0.002150721848011017,0.01074344664812088,,,,dqn_icm,cartpole,sparse,0.01,0.9,0,1.0
741,0.0,9,0.050000000000000044,0.0004535509506240487,0.11940320581197739,0.01654193177819252,0.002554842736572027,0.012761576101183891,,,,dqn_icm,cartpole,sparse,0.01,0.9,0,1.0
742,0.0,9,0.050000000000000044,0.00030027510365471244,0.11735090613365173,0.016554027795791626,0.002261191140860319,0.01127910427749157,,,,dqn_icm,cartpole,sparse,0.01,0.9,0,1.0
743,0.0,10,0.050000000000000044,0.0006285328418016434,0.10826125741004944,0.020360704511404037,0.003181126667186618,0.01589832827448845,,,,dqn_icm,cartpole,sparse,0.01,0.9,0,1.0
744,0.0,9,0.050000000000000044,0.00019406731007620692,0.10802528262138367,0.014173746109008789,0.0021366660948842764,0.010666849091649055,,,,dqn_icm,cartpole,sparse,0.01,0.9,0,1.0
745,0.0,12,0.050000000000000044,0.0003858185082208365,0.11172612011432648,0.017438217997550964,0.002562670037150383,0.012790343724191189,,,,dqn_icm,cartpole,sparse,0.01,0.9,0,1.0
746,0.0,11,0.050000000000000044,0.0006826668977737427,0.10681666433811188,0.022268589586019516,0.002321601612493396,0.011590961366891861,,,,dqn_icm,cartpole,sparse,0.01,0.9,0,1.0
747,0.0,9,0.050000000000000044,0.00027987631619907916,0.11218512058258057,0.014616061002016068,0.002343184780329466,0.011707608588039875,,,,dqn_icm,cartpole,sparse,0.01,0.9,0,1.0
748,0.0,9,0.050000000000000044,0.00034354859963059425,0.11960858851671219,0.015831416472792625,0.0029150668997317553,0.014489054679870605,,,,dqn_icm,cartpole,sparse,0.01,0.9,0,1.0
749,0.0,13,0.050000000000000044,0.0002503433497622609,0.11012358963489532,0.013089025393128395,0.0025255547370761633,0.012620232999324799,,,,dqn_icm,cartpole,sparse,0.01,0.9,0,1.0
750,0.0,11,0.050000000000000044,0.0003548922250047326,0.12761537730693817,0.014869961887598038,0.0029800597112625837,0.014872673898935318,0.0,0.0,9.9,dqn_icm,cartpole,sparse,0.01,0.9,0,1.0
751,0.0,11,0.050000000000000044,0.00019162795797456056,0.10247727483510971,0.013413563370704651,0.002026861533522606,0.01011910941451788,,,,dqn_icm,cartpole,sparse,0.01,0.9,0,1.0
752,0.0,11,0.050000000000000044,0.006229740101844072,0.1150880753993988,0.031680770218372345,0.0070386724546551704,0.03518644720315933,,,,dqn_icm,cartpole,sparse,0.01,0.9,0,1.0
753,0.0,8,0.050000000000000044,0.0010451998095959425,0.1358046531677246,0.02781994268298149,0.0027047700714319944,0.013514612801373005,,,,dqn_icm,cartpole,sparse,0.01,0.9,0,1.0
754,0.0,10,0.050000000000000044,0.000367510539945215,0.11826471239328384,0.015800118446350098,0.002165897749364376,0.01082031149417162,,,,dqn_icm,cartpole,sparse,0.01,0.9,0,1.0
755,0.0,17,0.050000000000000044,0.00033847670420072973,0.10820035636425018,0.014491049572825432,0.002162850694730878,0.010797235183417797,,,,dqn_icm,cartpole,sparse,0.01,0.9,0,1.0
756,0.0,9,0.050000000000000044,0.00035986298462376,0.10975554585456848,0.01383160799741745,0.0025573899038136005,0.01277273241430521,,,,dqn_icm,cartpole,sparse,0.01,0.9,0,1.0
757,0.0,9,0.050000000000000044,0.0005265959189273417,0.1190066784620285,0.02154034748673439,0.002742685843259096,0.013700882904231548,,,,dqn_icm,cartpole,sparse,0.01,0.9,0,1.0
758,0.0,10,0.050000000000000044,0.00015306858404073864,0.11564580351114273,0.013062361627817154,0.0020598135888576508,0.010291766375303268,,,,dqn_icm,cartpole,sparse,0.01,0.9,0,1.0
759,0.0,10,0.050000000000000044,0.0003518923185765743,0.10468247532844543,0.0182914137840271,0.0032408793922513723,0.016193516552448273,,,,dqn_icm,cartpole,sparse,0.01,0.9,0,1.0
760,0.0,8,0.050000000000000044,0.0008444373379461467,0.10046571493148804,0.024088554084300995,0.0036365026608109474,0.01816713437438011,,,,dqn_icm,cartpole,sparse,0.01,0.9,0,1.0
761,0.0,9,0.050000000000000044,0.000361488142516464,0.10543490201234818,0.014703383669257164,0.0022688594181090593,0.01131225936114788,,,,dqn_icm,cartpole,sparse,0.01,0.9,0,1.0
762,0.0,9,0.050000000000000044,0.00038315117126330733,0.10631797462701797,0.016627604141831398,0.002412870293483138,0.012046320363879204,,,,dqn_icm,cartpole,sparse,0.01,0.9,0,1.0
763,0.0,11,0.050000000000000044,0.00014450456365011632,0.12218140065670013,0.012487529776990414,0.0023036450147628784,0.011512025259435177,,,,dqn_icm,cartpole,sparse,0.01,0.9,0,1.0
764,0.0,9,0.050000000000000044,0.000386925064958632,0.1254890114068985,0.01786203309893608,0.0022189116571098566,0.01107470877468586,,,,dqn_icm,cartpole,sparse,0.01,0.9,0,1.0
765,0.0,9,0.050000000000000044,0.00015466311015188694,0.12062220275402069,0.012441996484994888,0.0019382393220439553,0.009676771238446236,,,,dqn_icm,cartpole,sparse,0.01,0.9,0,1.0
766,0.0,9,0.050000000000000044,0.0004186639853287488,0.11965596675872803,0.020504994317889214,0.002586518879979849,0.012914445251226425,,,,dqn_icm,cartpole,sparse,0.01,0.9,0,1.0
767,0.0,10,0.050000000000000044,0.0007433963473886251,0.12460365891456604,0.019080273807048798,0.0032717445865273476,0.016343045979738235,,,,dqn_icm,cartpole,sparse,0.01,0.9,0,1.0
768,0.0,11,0.050000000000000044,0.0002560119319241494,0.11671914160251617,0.013832181692123413,0.0030613259878009558,0.015203407034277916,,,,dqn_icm,cartpole,sparse,0.01,0.9,0,1.0
769,0.0,11,0.050000000000000044,0.0001763340551406145,0.11362984776496887,0.012916652485728264,0.00208554626442492,0.010410862043499947,,,,dqn_icm,cartpole,sparse,0.01,0.9,0,1.0
770,0.0,10,0.050000000000000044,0.00037623767275363207,0.12839220464229584,0.016550738364458084,0.004205971956253052,0.021006494760513306,,,,dqn_icm,cartpole,sparse,0.01,0.9,0,1.0
771,0.0,13,0.050000000000000044,0.00024038695846684277,0.10947425663471222,0.011675946414470673,0.00339563493616879,0.016965627670288086,,,,dqn_icm,cartpole,sparse,0.01,0.9,0,1.0
772,0.0,12,0.050000000000000044,0.0002864654525183141,0.11557009816169739,0.012042525224387646,0.00458247447386384,0.02289753034710884,,,,dqn_icm,cartpole,sparse,0.01,0.9,0,1.0
773,0.0,11,0.050000000000000044,0.00023367482936009765,0.12029127776622772,0.01101451925933361,0.0020798519253730774,0.010382330045104027,,,,dqn_icm,cartpole,sparse,0.01,0.9,0,1.0
774,0.0,15,0.050000000000000044,0.00045703386422246695,0.10873053967952728,0.018744321539998055,0.0026325706858187914,0.013131709769368172,,,,dqn_icm,cartpole,sparse,0.01,0.9,0,1.0
775,0.0,11,0.050000000000000044,0.0002123640733771026,0.11082212626934052,0.014093348756432533,0.001905420096591115,0.009463919326663017,,,,dqn_icm,cartpole,sparse,0.01,0.9,0,1.0
776,0.0,9,0.050000000000000044,0.0025723122525960207,0.12923824787139893,0.02427942119538784,0.0044644358567893505,0.022306235507130623,,,,dqn_icm,cartpole,sparse,0.01,0.9,0,1.0
777,0.0,10,0.050000000000000044,0.00047881354112178087,0.13385622203350067,0.020871564745903015,0.0024827157612890005,0.01240720134228468,,,,dqn_icm,cartpole,sparse,0.01,0.9,0,1.0
778,0.0,10,0.050000000000000044,0.0003291636239737272,0.11936508119106293,0.01670532301068306,0.0025856110733002424,0.012661471962928772,,,,dqn_icm,cartpole,sparse,0.01,0.9,0,1.0
779,0.0,9,0.050000000000000044,0.00015870033530518413,0.09766280651092529,0.01178687997162342,0.002286285860463977,0.011419001966714859,,,,dqn_icm,cartpole,sparse,0.01,0.9,0,1.0
780,0.0,13,0.050000000000000044,0.000586664886213839,0.11433002352714539,0.016814153641462326,0.002174870576709509,0.010676420293748379,,,,dqn_icm,cartpole,sparse,0.01,0.9,0,1.0
781,0.0,10,0.050000000000000044,0.00029528950108215213,0.1107504665851593,0.01654432713985443,0.0026969462633132935,0.01342967338860035,,,,dqn_icm,cartpole,sparse,0.01,0.9,0,1.0
782,0.0,8,0.050000000000000044,9.781207336345688e-05,0.1019185334444046,0.009770500473678112,0.0015639845514670014,0.007811130955815315,,,,dqn_icm,cartpole,sparse,0.01,0.9,0,1.0
783,0.0,9,0.050000000000000044,0.00017753092106431723,0.10137636959552765,0.011891121044754982,0.002516953507438302,0.012532167136669159,,,,dqn_icm,cartpole,sparse,0.01,0.9,0,1.0
784,0.0,12,0.050000000000000044,0.00019600297673605382,0.09925130009651184,0.012215491384267807,0.0016167069552466273,0.008077334612607956,,,,dqn_icm,cartpole,sparse,0.01,0.9,0,1.0
785,0.0,10,0.050000000000000044,0.0002307208487764001,0.12587907910346985,0.01346694864332676,0.003258748212829232,0.016277678310871124,,,,dqn_icm,cartpole,sparse,0.01,0.9,0,1.0
786,0.0,8,0.050000000000000044,0.00012862973380833864,0.11304108798503876,0.010144650936126709,0.002195114968344569,0.010962073691189289,,,,dqn_icm,cartpole,sparse,0.01,0.9,0,1.0
787,0.0,8,0.050000000000000044,0.0005249700625427067,0.12112469971179962,0.014363294467329979,0.0030291681177914143,0.01513949315994978,,,,dqn_icm,cartpole,sparse,0.01,0.9,0,1.0
788,0.0,9,0.050000000000000044,0.00016780878650024533,0.11458172649145126,0.012046098709106445,0.0019211889011785388,0.009594827890396118,,,,dqn_icm,cartpole,sparse,0.01,0.9,0,1.0
789,0.0,10,0.050000000000000044,8.838817302603275e-05,0.11369896680116653,0.009069100953638554,0.0018343159463256598,0.009162580594420433,,,,dqn_icm,cartpole,sparse,0.01,0.9,0,1.0
790,0.0,12,0.050000000000000044,0.00018358648230787367,0.1091841459274292,0.010985205881297588,0.0017817975021898746,0.008899062871932983,,,,dqn_icm,cartpole,sparse,0.01,0.9,0,1.0
791,0.0,10,0.050000000000000044,0.0003639206406660378,0.11167426407337189,0.01588715985417366,0.00282605760730803,0.01410948671400547,,,,dqn_icm,cartpole,sparse,0.01,0.9,0,1.0
792,0.0,12,0.050000000000000044,0.000627359258942306,0.10905302315950394,0.018861429765820503,0.004396868869662285,0.02197588048875332,,,,dqn_icm,cartpole,sparse,0.01,0.9,0,1.0
793,0.0,9,0.050000000000000044,0.00032449327409267426,0.1169995367527008,0.014546729624271393,0.0023446804843842983,0.011697715148329735,,,,dqn_icm,cartpole,sparse,0.01,0.9,0,1.0
794,0.0,10,0.050000000000000044,0.00046863005263730884,0.13387827575206757,0.015271215699613094,0.0036990009248256683,0.018486272543668747,,,,dqn_icm,cartpole,sparse,0.01,0.9,0,1.0
795,0.0,9,0.050000000000000044,0.0004005064256489277,0.12565955519676208,0.015311243943870068,0.0022947881370782852,0.01146535761654377,,,,dqn_icm,cartpole,sparse,0.01,0.9,0,1.0
796,0.0,12,0.050000000000000044,0.00012927530042361468,0.11432629823684692,0.009705564007163048,0.0020455769263207912,0.010218137875199318,,,,dqn_icm,cartpole,sparse,0.01,0.9,0,1.0
797,0.0,11,0.050000000000000044,0.0003244101535528898,0.11745758354663849,0.012794887647032738,0.0026967190206050873,0.013478291220963001,,,,dqn_icm,cartpole,sparse,0.01,0.9,0,1.0
798,0.0,10,0.050000000000000044,0.00013866966764908284,0.1055697351694107,0.012046193704009056,0.0023469433654099703,0.011721692979335785,,,,dqn_icm,cartpole,sparse,0.01,0.9,0,1.0
799,0.0,10,0.050000000000000044,0.00024195967125706375,0.12512536346912384,0.013320956379175186,0.0023156239185482264,0.011561100371181965,,,,dqn_icm,cartpole,sparse,0.01,0.9,0,1.0
800,0.0,10,0.050000000000000044,0.00022842430917080492,0.12635433673858643,0.011869970709085464,0.002064761472865939,0.010319784283638,0.0,0.0,9.4,dqn_icm,cartpole,sparse,0.01,0.9,0,1.0
801,0.0,9,0.050000000000000044,0.0004229940823279321,0.12687329947948456,0.01628251187503338,0.0028251244220882654,0.014119811356067657,,,,dqn_icm,cartpole,sparse,0.01,0.9,0,1.0
802,0.0,10,0.050000000000000044,0.00010036712046712637,0.11123551428318024,0.010289959609508514,0.0020360189955681562,0.010171988978981972,,,,dqn_icm,cartpole,sparse,0.01,0.9,0,1.0
803,0.0,11,0.050000000000000044,9.446680633118376e-05,0.11392755806446075,0.008583408780395985,0.002002257853746414,0.009989683516323566,,,,dqn_icm,cartpole,sparse,0.01,0.9,0,1.0
804,0.0,9,0.050000000000000044,0.0004867070238105953,0.13238102197647095,0.015157061628997326,0.003633661661297083,0.018163809552788734,,,,dqn_icm,cartpole,sparse,0.01,0.9,0,1.0
805,0.0,10,0.050000000000000044,0.0003364752046763897,0.11769496649503708,0.014444940723478794,0.0021793891210108995,0.010886813513934612,,,,dqn_icm,cartpole,sparse,0.01,0.9,0,1.0
806,0.0,12,0.050000000000000044,0.00018246010586153716,0.10362011194229126,0.012898468412458897,0.0020010164007544518,0.009997215121984482,,,,dqn_icm,cartpole,sparse,0.01,0.9,0,1.0
807,0.0,10,0.050000000000000044,0.00037442136090248823,0.10113436728715897,0.017749620601534843,0.0025153488386422396,0.012569082900881767,,,,dqn_icm,cartpole,sparse,0.01,0.9,0,1.0
808,0.0,11,0.050000000000000044,0.00014461000682786107,0.1306154578924179,0.010773448273539543,0.0032089990563690662,0.016038082540035248,,,,dqn_icm,cartpole,sparse,0.01,0.9,0,1.0
809,0.0,10,0.050000000000000044,0.0005728739779442549,0.11401475965976715,0.02112712897360325,0.0027540833689272404,0.013763204216957092,,,,dqn_icm,cartpole,sparse,0.01,0.9,0,1.0
810,0.0,10,0.050000000000000044,0.0002013403718592599,0.11207325756549835,0.011351773515343666,0.0015807263553142548,0.007894033566117287,,,,dqn_icm,cartpole,sparse,0.01,0.9,0,1.0
811,0.0,10,0.050000000000000044,0.00016375767881982028,0.11197339743375778,0.012445403262972832,0.0021101750899106264,0.010542560368776321,,,,dqn_icm,cartpole,sparse,0.01,0.9,0,1.0
812,0.0,10,0.050000000000000044,0.0006861077272333205,0.11063165962696075,0.015989724546670914,0.0026149717159569263,0.013066006824374199,,,,dqn_icm,cartpole,sparse,0.01,0.9,0,1.0
813,0.0,12,0.050000000000000044,0.0001622872514417395,0.10720904171466827,0.011127389967441559,0.002412675879895687,0.012055391445755959,,,,dqn_icm,cartpole,sparse,0.01,0.9,0,1.0
814,0.0,12,0.050000000000000044,7.235215161927044e-05,0.10884883254766464,0.008145174011588097,0.001667952979914844,0.008335055783390999,,,,dqn_icm,cartpole,sparse,0.01,0.9,0,1.0
815,0.0,10,0.050000000000000044,0.00010050027049146593,0.11867713183164597,0.009574361145496368,0.0023944233544170856,0.01195479929447174,,,,dqn_icm,cartpole,sparse,0.01,0.9,0,1.0
816,0.0,11,0.050000000000000044,0.0002195261331507936,0.11765126883983612,0.011652580462396145,0.0015253908932209015,0.007621023803949356,,,,dqn_icm,cartpole,sparse,0.01,0.9,0,1.0
817,0.0,11,0.050000000000000044,7.610700413351879e-05,0.12081830948591232,0.008469650521874428,0.002712306333705783,0.013487474992871284,,,,dqn_icm,cartpole,sparse,0.01,0.9,0,1.0
818,0.0,9,0.050000000000000044,9.475807019043714e-05,0.11646376550197601,0.009873735718429089,0.0021814012434333563,0.010902267880737782,,,,dqn_icm,cartpole,sparse,0.01,0.9,0,1.0
819,0.0,9,0.050000000000000044,0.00018943933537229896,0.11689601838588715,0.01142927072942257,0.0023355267476290464,0.011654089204967022,,,,dqn_icm,cartpole,sparse,0.01,0.9,0,1.0
820,0.0,10,0.050000000000000044,0.0002142579178325832,0.1131787896156311,0.011557294055819511,0.0018044773023575544,0.009018483571708202,,,,dqn_icm,cartpole,sparse,0.01,0.9,0,1.0
821,0.0,9,0.050000000000000044,0.0002497561217751354,0.11625291407108307,0.011164316907525063,0.001934676431119442,0.00966310128569603,,,,dqn_icm,cartpole,sparse,0.01,0.9,0,1.0
822,0.0,10,0.050000000000000044,0.00016373810649383813,0.11244544386863708,0.011099795810878277,0.0016769173089414835,0.008379282429814339,,,,dqn_icm,cartpole,sparse,0.01,0.9,0,1.0
823,0.0,9,0.050000000000000044,0.00018100423039868474,0.11836928129196167,0.011509714648127556,0.0021357175428420305,0.010673252865672112,,,,dqn_icm,cartpole,sparse,0.01,0.9,0,1.0
824,0.0,10,0.050000000000000044,0.0001707899064058438,0.1169695258140564,0.01091906800866127,0.0024181792978197336,0.012084845453500748,,,,dqn_icm,cartpole,sparse,0.01,0.9,0,1.0
825,0.0,13,0.050000000000000044,0.0001631277846172452,0.1110130101442337,0.011197498068213463,0.0018394171493127942,0.009188681840896606,,,,dqn_icm,cartpole,sparse,0.01,0.9,0,1.0
826,0.0,9,0.050000000000000044,0.00010849646059796214,0.10418537259101868,0.009463369846343994,0.0015537611907348037,0.007763680536299944,,,,dqn_icm,cartpole,sparse,0.01,0.9,0,1.0
827,0.0,10,0.050000000000000044,0.00028975040186196566,0.13225647807121277,0.012607734650373459,0.0035914801992475986,0.017037849873304367,,,,dqn_icm,cartpole,sparse,0.01,0.9,0,1.0
828,0.0,10,0.050000000000000044,0.00012598537432495505,0.12267380952835083,0.008982077240943909,0.002484463155269623,0.01241701003164053,,,,dqn_icm,cartpole,sparse,0.01,0.9,0,1.0
829,0.0,11,0.050000000000000044,0.0003019078867509961,0.12133744359016418,0.015085107646882534,0.002755038905888796,0.013770664110779762,,,,dqn_icm,cartpole,sparse,0.01,0.9,0,1.0
830,0.0,11,0.050000000000000044,0.00012903680908493698,0.10686655342578888,0.009306881576776505,0.0015600236365571618,0.007796899881213903,,,,dqn_icm,cartpole,sparse,0.01,0.9,0,1.0
831,0.0,10,0.050000000000000044,0.00010680487321224064,0.11484895646572113,0.010423827916383743,0.0019595022313296795,0.00979363638907671,,,,dqn_icm,cartpole,sparse,0.01,0.9,0,1.0
832,0.0,10,0.050000000000000044,0.00019623701518867165,0.11126698553562164,0.012338043190538883,0.0023533303756266832,0.011755982413887978,,,,dqn_icm,cartpole,sparse,0.01,0.9,0,1.0
833,0.0,8,0.050000000000000044,0.00020501149992924184,0.11843670159578323,0.011376455426216125,0.0019563608802855015,0.00977354682981968,,,,dqn_icm,cartpole,sparse,0.01,0.9,0,1.0
834,0.0,10,0.050000000000000044,0.0002243747003376484,0.11376240104436874,0.01144159585237503,0.0012852915097028017,0.006422285456210375,,,,dqn_icm,cartpole,sparse,0.01,0.9,0,1.0
835,0.0,10,0.050000000000000044,0.0002963413135148585,0.11645988374948502,0.013808123767375946,0.001745818299241364,0.008725605905056,,,,dqn_icm,cartpole,sparse,0.01,0.9,0,1.0
836,0.0,9,0.050000000000000044,0.0003142241039313376,0.1206866055727005,0.015606801025569439,0.0029912395402789116,0.014949610456824303,,,,dqn_icm,cartpole,sparse,0.01,0.9,0,1.0
837,0.0,10,0.050000000000000044,0.00014244994963519275,0.11304553598165512,0.010183497332036495,0.0014716526493430138,0.007354956120252609,,,,dqn_icm,cartpole,sparse,0.01,0.9,0,1.0
838,0.0,9,0.050000000000000044,0.0003180863568559289,0.11716774106025696,0.01596701703965664,0.003149468218907714,0.015736611559987068,,,,dqn_icm,cartpole,sparse,0.01,0.9,0,1.0
839,0.0,9,0.050000000000000044,0.0002586353220976889,0.13151895999908447,0.012100677005946636,0.0025625985581427813,0.012798180803656578,,,,dqn_icm,cartpole,sparse,0.01,0.9,0,1.0
840,0.0,11,0.050000000000000044,0.000251021672738716,0.11207367479801178,0.013579253107309341,0.0020441676024347544,0.010216874070465565,,,,dqn_icm,cartpole,sparse,0.01,0.9,0,1.0
841,0.0,11,0.050000000000000044,7.34986097086221e-05,0.10999204218387604,0.008915485814213753,0.0016534390160813928,0.00826230738312006,,,,dqn_icm,cartpole,sparse,0.01,0.9,0,1.0
842,0.0,9,0.050000000000000044,0.00025981347425840795,0.11623772233724594,0.011829787865281105,0.0015239319764077663,0.007614473346620798,,,,dqn_icm,cartpole,sparse,0.01,0.9,0,1.0
843,0.0,10,0.050000000000000044,0.00027552369283512235,0.12192553281784058,0.013865754008293152,0.0025675904471427202,0.012831902131438255,,,,dqn_icm,cartpole,sparse,0.01,0.9,0,1.0
844,0.0,10,0.050000000000000044,0.00020288670202717185,0.10533888638019562,0.012206860817968845,0.0017349241534247994,0.008671073243021965,,,,dqn_icm,cartpole,sparse,0.01,0.9,0,1.0
845,0.0,10,0.050000000000000044,0.0003719919186551124,0.10940626263618469,0.015586079098284245,0.0016509441193193197,0.008249744772911072,,,,dqn_icm,cartpole,sparse,0.01,0.9,0,1.0
846,0.0,10,0.050000000000000044,9.021904406836256e-05,0.10965247452259064,0.009258194826543331,0.001726139453239739,0.008622858673334122,,,,dqn_icm,cartpole,sparse,0.01,0.9,0,1.0
847,0.0,9,0.050000000000000044,0.00013345394108910114,0.10657687485218048,0.009809901937842369,0.0017223209142684937,0.008607134222984314,,,,dqn_icm,cartpole,sparse,0.01,0.9,0,1.0
848,0.0,10,0.050000000000000044,0.00025341412401758134,0.10343588888645172,0.011632600799202919,0.0015182633651420474,0.007587024942040443,,,,dqn_icm,cartpole,sparse,0.01,0.9,0,1.0
849,0.0,9,0.050000000000000044,7.756171544315293e-05,0.1205589771270752,0.008754059672355652,0.0018391285557299852,0.009190397337079048,,,,dqn_icm,cartpole,sparse,0.01,0.9,0,1.0
850,0.0,10,0.050000000000000044,0.00012476355186663568,0.14767307043075562,0.010640259832143784,0.0037419460713863373,0.018629474565386772,0.0,0.0,9.4,dqn_icm,cartpole,sparse,0.01,0.9,0,1.0
851,0.0,10,0.050000000000000044,0.0003375726519152522,0.12588462233543396,0.014017460867762566,0.001876421389169991,0.009377991780638695,,,,dqn_icm,cartpole,sparse,0.01,0.9,0,1.0
852,0.0,11,0.050000000000000044,0.0003161574131809175,0.12489652633666992,0.014325148425996304,0.003622142132371664,0.018106326460838318,,,,dqn_icm,cartpole,sparse,0.01,0.9,0,1.0
853,0.0,12,0.050000000000000044,0.00025608172290958464,0.11590994894504547,0.014432083815336227,0.002138919895514846,0.010669862851500511,,,,dqn_icm,cartpole,sparse,0.01,0.9,0,1.0
854,0.0,10,0.050000000000000044,0.00014647636271547526,0.11209870129823685,0.010239657014608383,0.0016844474012032151,0.008418392390012741,,,,dqn_icm,cartpole,sparse,0.01,0.9,0,1.0
855,0.0,9,0.050000000000000044,0.00042120637954212725,0.1248585432767868,0.01468203216791153,0.0023582347203046083,0.01178616564720869,,,,dqn_icm,cartpole,sparse,0.01,0.9,0,1.0
856,0.0,10,0.050000000000000044,0.0003845231840386987,0.12385094165802002,0.01592393033206463,0.0030453996732831,0.015217461623251438,,,,dqn_icm,cartpole,sparse,0.01,0.9,0,1.0
857,0.0,10,0.050000000000000044,0.00017545762239024043,0.10189807415008545,0.011777739971876144,0.00190332205966115,0.00951380841434002,,,,dqn_icm,cartpole,sparse,0.01,0.9,0,1.0
858,0.0,9,0.050000000000000044,0.0001618076639715582,0.11050376296043396,0.011868338100612164,0.001544940285384655,0.007721513509750366,,,,dqn_icm,cartpole,sparse,0.01,0.9,0,1.0
859,0.0,10,0.050000000000000044,0.00019914715085178614,0.10570119321346283,0.012357356958091259,0.00209994544275105,0.010408964939415455,,,,dqn_icm,cartpole,sparse,0.01,0.9,0,1.0
860,0.0,10,0.050000000000000044,0.00019988608255516738,0.10830655694007874,0.010837691836059093,0.0021080970764160156,0.010535866022109985,,,,dqn_icm,cartpole,sparse,0.01,0.9,0,1.0
861,0.0,10,0.050000000000000044,0.00024370430037379265,0.13069650530815125,0.013101850636303425,0.0025124968960881233,0.012559561058878899,,,,dqn_icm,cartpole,sparse,0.01,0.9,0,1.0
862,0.0,10,0.050000000000000044,0.00019920254999306053,0.11859264969825745,0.010257538408041,0.0013718089321628213,0.0068557667545974255,,,,dqn_icm,cartpole,sparse,0.01,0.9,0,1.0
863,0.0,10,0.050000000000000044,0.00022854027338325977,0.10672521591186523,0.012572938576340675,0.001984556205570698,0.009918996132910252,,,,dqn_icm,cartpole,sparse,0.01,0.9,0,1.0
864,0.0,10,0.050000000000000044,0.00040682859253138304,0.11248001456260681,0.015855561941862106,0.0014168606139719486,0.007080250419676304,,,,dqn_icm,cartpole,sparse,0.01,0.9,0,1.0
865,0.0,10,0.050000000000000044,0.00020278790907468647,0.10505109280347824,0.011140584945678711,0.0015839874977245927,0.007917312905192375,,,,dqn_icm,cartpole,sparse,0.01,0.9,0,1.0
866,0.0,14,0.050000000000000044,0.0002159308351110667,0.1002236008644104,0.012012572959065437,0.0014700519386678934,0.007342362776398659,,,,dqn_icm,cartpole,sparse,0.01,0.9,0,1.0
867,0.0,10,0.050000000000000044,0.00016027815581765026,0.10040868818759918,0.010888149030506611,0.0012386786984279752,0.006190920248627663,,,,dqn_icm,cartpole,sparse,0.01,0.9,0,1.0
868,0.0,9,0.050000000000000044,0.00044439558405429125,0.11317313462495804,0.015278805047273636,0.0021911857184022665,0.010816812515258789,,,,dqn_icm,cartpole,sparse,0.01,0.9,0,1.0
869,0.0,9,0.050000000000000044,0.0004336862766649574,0.10768039524555206,0.01442117989063263,0.00245915399864316,0.012291448190808296,,,,dqn_icm,cartpole,sparse,0.01,0.9,0,1.0
870,0.0,9,0.050000000000000044,0.0002607656060718,0.10771612823009491,0.013840739615261555,0.0019206260330975056,0.009590493515133858,,,,dqn_icm,cartpole,sparse,0.01,0.9,0,1.0
871,0.0,11,0.050000000000000044,0.00017065716383513063,0.13259342312812805,0.011027172207832336,0.0015360695542767644,0.007624334655702114,,,,dqn_icm,cartpole,sparse,0.01,0.9,0,1.0
872,0.0,10,0.050000000000000044,0.0002011913456954062,0.11355805397033691,0.011070920154452324,0.0014860830269753933,0.0074279410764575005,,,,dqn_icm,cartpole,sparse,0.01,0.9,0,1.0
873,0.0,12,0.050000000000000044,0.00020883124670945108,0.13109998404979706,0.013014952652156353,0.0034517429303377867,0.017252009361982346,,,,dqn_icm,cartpole,sparse,0.01,0.9,0,1.0
874,0.0,10,0.050000000000000044,0.00030502755544148386,0.10918279737234116,0.013828382827341557,0.0016280043637380004,0.008136743679642677,,,,dqn_icm,cartpole,sparse,0.01,0.9,0,1.0
875,0.0,9,0.050000000000000044,0.00015433173393830657,0.1218605637550354,0.0107367979362607,0.0017761042108759284,0.008877690881490707,,,,dqn_icm,cartpole,sparse,0.01,0.9,0,1.0
876,0.0,11,0.050000000000000044,0.0001350592210656032,0.1097695380449295,0.01116250641644001,0.001536079216748476,0.007677684538066387,,,,dqn_icm,cartpole,sparse,0.01,0.9,0,1.0
877,0.0,10,0.050000000000000044,7.393925625365227e-05,0.1091722697019577,0.009095195680856705,0.0013945186510682106,0.006969165988266468,,,,dqn_icm,cartpole,sparse,0.01,0.9,0,1.0
878,0.0,11,0.050000000000000044,9.704221156425774e-05,0.10614372789859772,0.009874017909169197,0.0015260520158335567,0.007625223137438297,,,,dqn_icm,cartpole,sparse,0.01,0.9,0,1.0
879,0.0,9,0.050000000000000044,0.00014335440937429667,0.10855304449796677,0.011530851013958454,0.0015908670611679554,0.007950490340590477,,,,dqn_icm,cartpole,sparse,0.01,0.9,0,1.0
880,0.0,9,0.050000000000000044,0.0002668554079718888,0.11367283761501312,0.012489518150687218,0.001384678645990789,0.006921485997736454,,,,dqn_icm,cartpole,sparse,0.01,0.9,0,1.0
881,0.0,9,0.050000000000000044,0.00016548180428799242,0.11288714408874512,0.01159416139125824,0.0015583271160721779,0.007788773626089096,,,,dqn_icm,cartpole,sparse,0.01,0.9,0,1.0
882,0.0,8,0.050000000000000044,0.00022299011470749974,0.11345821619033813,0.011047140695154667,0.002111234003677964,0.0105519974604249,,,,dqn_icm,cartpole,sparse,0.01,0.9,0,1.0
883,0.0,11,0.050000000000000044,0.0004263673326931894,0.10686319321393967,0.015051335096359253,0.0017501062247902155,0.008746775798499584,,,,dqn_icm,cartpole,sparse,0.01,0.9,0,1.0
884,0.0,10,0.050000000000000044,0.00017895601922646165,0.1142173632979393,0.012000034563243389,0.001389050274156034,0.006941615138202906,,,,dqn_icm,cartpole,sparse,0.01,0.9,0,1.0
885,0.0,10,0.050000000000000044,0.0007694741361774504,0.1204715371131897,0.017960336059331894,0.0032416984904557467,0.01620214432477951,,,,dqn_icm,cartpole,sparse,0.01,0.9,0,1.0
886,0.0,10,0.050000000000000044,0.0001307315833400935,0.11348173022270203,0.009777680970728397,0.0015025658067315817,0.007509729824960232,,,,dqn_icm,cartpole,sparse,0.01,0.9,0,1.0
887,0.0,9,0.050000000000000044,0.0002598797145765275,0.11075322329998016,0.012939820066094398,0.00222376873716712,0.01111505925655365,,,,dqn_icm,cartpole,sparse,0.01,0.9,0,1.0
888,0.0,11,0.050000000000000044,0.00032464147079735994,0.10334181040525436,0.014098458923399448,0.0016028170939534903,0.008007648400962353,,,,dqn_icm,cartpole,sparse,0.01,0.9,0,1.0
889,0.0,11,0.050000000000000044,0.00012020432041026652,0.10256658494472504,0.00956782978028059,0.0014194692485034466,0.007093948777765036,,,,dqn_icm,cartpole,sparse,0.01,0.9,0,1.0
890,0.0,10,0.050000000000000044,0.0003230992006137967,0.1114565059542656,0.013722818344831467,0.001129933400079608,0.00564725324511528,,,,dqn_icm,cartpole,sparse,0.01,0.9,0,1.0
891,0.0,11,0.050000000000000044,0.0002622654428705573,0.11093518137931824,0.012755344621837139,0.002445223741233349,0.012049747630953789,,,,dqn_icm,cartpole,sparse,0.01,0.9,0,1.0
892,0.0,11,0.050000000000000044,0.00040941167389974,0.10923345386981964,0.017357107251882553,0.001736585283651948,0.008677680045366287,,,,dqn_icm,cartpole,sparse,0.01,0.9,0,1.0
893,0.0,10,0.050000000000000044,0.0003968029923271388,0.10957581549882889,0.015991080552339554,0.0021448787301778793,0.010722694918513298,,,,dqn_icm,cartpole,sparse,0.01,0.9,0,1.0
894,0.0,9,0.050000000000000044,0.00023394085292238742,0.10818968713283539,0.011862324550747871,0.0011602374725043774,0.00579898152500391,,,,dqn_icm,cartpole,sparse,0.01,0.9,0,1.0
895,0.0,10,0.050000000000000044,0.00030035796226002276,0.10447095334529877,0.01383091788738966,0.0016645636642351747,0.008297665044665337,,,,dqn_icm,cartpole,sparse,0.01,0.9,0,1.0
896,0.0,8,0.050000000000000044,0.0002729522529989481,0.11925915628671646,0.012792175635695457,0.0021945727057754993,0.01094163116067648,,,,dqn_icm,cartpole,sparse,0.01,0.9,0,1.0
897,0.0,9,0.050000000000000044,0.00017129721527453512,0.11057278513908386,0.01111353188753128,0.0014646305935457349,0.007320529781281948,,,,dqn_icm,cartpole,sparse,0.01,0.9,0,1.0
898,0.0,11,0.050000000000000044,0.0003141320776194334,0.11252877116203308,0.013181288726627827,0.0015331752365455031,0.007663046009838581,,,,dqn_icm,cartpole,sparse,0.01,0.9,0,1.0
899,0.0,10,0.050000000000000044,0.00038274508551694453,0.11091837286949158,0.015266514383256435,0.0020994951482862234,0.010493692010641098,,,,dqn_icm,cartpole,sparse,0.01,0.9,0,1.0
900,0.0,9,0.050000000000000044,0.00033586949575692415,0.10419858992099762,0.014682610519230366,0.0015768363373354077,0.007874883711338043,0.0,0.0,9.4,dqn_icm,cartpole,sparse,0.01,0.9,0,1.0
901,0.0,9,0.050000000000000044,0.00022492703283205628,0.10810160636901855,0.012361610308289528,0.0010710719507187605,0.005353095009922981,,,,dqn_icm,cartpole,sparse,0.01,0.9,0,1.0
902,0.0,10,0.050000000000000044,0.000160440438776277,0.11348432302474976,0.011828124523162842,0.0016047623939812183,0.008021755144000053,,,,dqn_icm,cartpole,sparse,0.01,0.9,0,1.0
903,0.0,9,0.050000000000000044,0.0002589772630017251,0.11338400840759277,0.015166744589805603,0.0018371526384726167,0.009183138608932495,,,,dqn_icm,cartpole,sparse,0.01,0.9,0,1.0
904,0.0,9,0.050000000000000044,0.00028854934498667717,0.10496634244918823,0.015111277811229229,0.0015574416611343622,0.007782588712871075,,,,dqn_icm,cartpole,sparse,0.01,0.9,0,1.0
905,0.0,8,0.050000000000000044,0.00020670062804128975,0.10283124446868896,0.012308301404118538,0.0019272655481472611,0.009632304310798645,,,,dqn_icm,cartpole,sparse,0.01,0.9,0,1.0
906,0.0,8,0.050000000000000044,0.00021746967104263604,0.10755020380020142,0.013488768599927425,0.001794378156773746,0.008968612179160118,,,,dqn_icm,cartpole,sparse,0.01,0.9,0,1.0
907,0.0,10,0.050000000000000044,0.00012195311137475073,0.11076951026916504,0.011612007394433022,0.0015679184580221772,0.007836077362298965,,,,dqn_icm,cartpole,sparse,0.01,0.9,0,1.0
908,0.0,10,0.050000000000000044,0.00022888669627718627,0.11443108320236206,0.01307162456214428,0.0016172706382349133,0.008076876401901245,,,,dqn_icm,cartpole,sparse,0.01,0.9,0,1.0
909,0.0,18,0.050000000000000044,0.0001478307240176946,0.11872117221355438,0.01043766736984253,0.0024674588348716497,0.012331630103290081,,,,dqn_icm,cartpole,sparse,0.01,0.9,0,1.0
910,0.0,9,0.050000000000000044,0.0004000392509624362,0.1249711662530899,0.014973197132349014,0.0018170863622799516,0.009082929231226444,,,,dqn_icm,cartpole,sparse,0.01,0.9,0,1.0
911,0.0,10,0.050000000000000044,0.0002580928266979754,0.14349091053009033,0.01358248945325613,0.0036498988047242165,0.018241656944155693,,,,dqn_icm,cartpole,sparse,0.01,0.9,0,1.0
912,0.0,9,0.050000000000000044,0.0002895041834563017,0.10935324430465698,0.013422179035842419,0.0019910954870283604,0.009952258318662643,,,,dqn_icm,cartpole,sparse,0.01,0.9,0,1.0
913,0.0,10,0.050000000000000044,0.0002792751183733344,0.11362822353839874,0.013868576847016811,0.00236672000028193,0.011828863061964512,,,,dqn_icm,cartpole,sparse,0.01,0.9,0,1.0
914,0.0,11,0.050000000000000044,0.0004938694764859974,0.13308076560497284,0.015749605372548103,0.0023599115666002035,0.011767998337745667,,,,dqn_icm,cartpole,sparse,0.01,0.9,0,1.0
915,0.0,9,0.050000000000000044,0.0002612148236948997,0.1175059825181961,0.011961846612393856,0.0015535277780145407,0.007765165530145168,,,,dqn_icm,cartpole,sparse,0.01,0.9,0,1.0
916,0.0,8,0.050000000000000044,0.00022811285452917218,0.11466476321220398,0.012711530551314354,0.0024583295453339815,0.012285773642361164,,,,dqn_icm,cartpole,sparse,0.01,0.9,0,1.0
917,0.0,11,0.050000000000000044,0.0002643938350956887,0.11132825165987015,0.012718407437205315,0.00200711190700531,0.010031921789050102,,,,dqn_icm,cartpole,sparse,0.01,0.9,0,1.0
918,0.0,11,0.050000000000000044,0.00021331374591682106,0.11991618573665619,0.012206058949232101,0.0019266854505985975,0.009629374369978905,,,,dqn_icm,cartpole,sparse,0.01,0.9,0,1.0
919,0.0,10,0.050000000000000044,0.00010509256389923394,0.11026865243911743,0.008830519393086433,0.0015701906522735953,0.007847466506063938,,,,dqn_icm,cartpole,sparse,0.01,0.9,0,1.0
920,0.0,13,0.050000000000000044,0.0006879644352011383,0.13155889511108398,0.014243731275200844,0.003320595482364297,0.01659967005252838,,,,dqn_icm,cartpole,sparse,0.01,0.9,0,1.0
921,0.0,11,0.050000000000000044,0.00012585039075929672,0.11069879680871964,0.009986602701246738,0.002329172333702445,0.011641927994787693,,,,dqn_icm,cartpole,sparse,0.01,0.9,0,1.0
922,0.0,11,0.050000000000000044,0.0008424327243119478,0.1269996464252472,0.01701977476477623,0.0026087178848683834,0.012899822555482388,,,,dqn_icm,cartpole,sparse,0.01,0.9,0,1.0
923,0.0,9,0.050000000000000044,0.00012644068920053542,0.11750109493732452,0.009664321318268776,0.0018107432406395674,0.00905127264559269,,,,dqn_icm,cartpole,sparse,0.01,0.9,0,1.0
924,0.0,11,0.050000000000000044,0.0003227673878427595,0.10542429983615875,0.014093277975916862,0.0015900207217782736,0.007946347817778587,,,,dqn_icm,cartpole,sparse,0.01,0.9,0,1.0
925,0.0,12,0.050000000000000044,0.0004007575917057693,0.11516937613487244,0.017544396221637726,0.002312473254278302,0.011558971367776394,,,,dqn_icm,cartpole,sparse,0.01,0.9,0,1.0
926,0.0,10,0.050000000000000044,0.000360429345164448,0.10944290459156036,0.014309380203485489,0.0012478964636102319,0.006237395107746124,,,,dqn_icm,cartpole,sparse,0.01,0.9,0,1.0
927,0.0,9,0.050000000000000044,0.00019393372349441051,0.1131683811545372,0.013514393009245396,0.0022046396043151617,0.011019828729331493,,,,dqn_icm,cartpole,sparse,0.01,0.9,0,1.0
928,0.0,10,0.050000000000000044,6.599389598704875e-05,0.11265718191862106,0.007839933969080448,0.001739539671689272,0.008692215196788311,,,,dqn_icm,cartpole,sparse,0.01,0.9,0,1.0
929,0.0,10,0.050000000000000044,0.0003111195983365178,0.12146121263504028,0.015979774296283722,0.0023381500504910946,0.011688992381095886,,,,dqn_icm,cartpole,sparse,0.01,0.9,0,1.0
930,0.0,11,0.050000000000000044,0.00021949554502498358,0.10481026768684387,0.01286915224045515,0.001797134056687355,0.008983137086033821,,,,dqn_icm,cartpole,sparse,0.01,0.9,0,1.0
931,0.0,9,0.050000000000000044,0.00012862792937085032,0.10659028589725494,0.009506162256002426,0.001714884303510189,0.008570428937673569,,,,dqn_icm,cartpole,sparse,0.01,0.9,0,1.0
932,0.0,16,0.050000000000000044,0.00013063952792435884,0.10645133256912231,0.01071218028664589,0.0017977734096348286,0.00898621417582035,,,,dqn_icm,cartpole,sparse,0.01,0.9,0,1.0
933,0.0,25,0.050000000000000044,0.00022474752040579915,0.10905759036540985,0.012953562662005424,0.0016788846114650369,0.008392605930566788,,,,dqn_icm,cartpole,sparse,0.01,0.9,0,1.0
934,0.0,10,0.050000000000000044,0.00015066364721860737,0.11139081418514252,0.011511344462633133,0.0015581565676257014,0.007787504233419895,,,,dqn_icm,cartpole,sparse,0.01,0.9,0,1.0
935,0.0,10,0.050000000000000044,0.0003870832733809948,0.13142180442810059,0.015536190941929817,0.003110500518232584,0.015549613162875175,,,,dqn_icm,cartpole,sparse,0.01,0.9,0,1.0
936,0.0,10,0.050000000000000044,0.00014069056487642229,0.10138530284166336,0.011183187365531921,0.0014934377977624536,0.007464476395398378,,,,dqn_icm,cartpole,sparse,0.01,0.9,0,1.0
937,0.0,9,0.050000000000000044,0.0008633856195956469,0.10926628857851028,0.02398458868265152,0.002512955339625478,0.012562064453959465,,,,dqn_icm,cartpole,sparse,0.01,0.9,0,1.0
938,0.0,10,0.050000000000000044,0.00023759827308822423,0.10496095567941666,0.01447230949997902,0.0015891875373199582,0.00794137828052044,,,,dqn_icm,cartpole,sparse,0.01,0.9,0,1.0
939,0.0,9,0.050000000000000044,0.00018773866759147495,0.09802288562059402,0.013262825086712837,0.001933460240252316,0.009665006771683693,,,,dqn_icm,cartpole,sparse,0.01,0.9,0,1.0
940,0.0,9,0.050000000000000044,0.0005591294029727578,0.09687283635139465,0.020962927490472794,0.0018539916491135955,0.009245342575013638,,,,dqn_icm,cartpole,sparse,0.01,0.9,0,1.0
941,0.0,10,0.050000000000000044,0.0002780133509077132,0.09978576749563217,0.014408527873456478,0.0021786950528621674,0.010889958590269089,,,,dqn_icm,cartpole,sparse,0.01,0.9,0,1.0
942,0.0,10,0.050000000000000044,0.00028013158589601517,0.09888730943202972,0.015455092303454876,0.0019892093259841204,0.009943902492523193,,,,dqn_icm,cartpole,sparse,0.01,0.9,0,1.0
943,0.0,9,0.050000000000000044,0.0002618265862111002,0.1149139404296875,0.013994868844747543,0.002127916319295764,0.010637642815709114,,,,dqn_icm,cartpole,sparse,0.01,0.9,0,1.0
944,0.0,11,0.050000000000000044,0.00014156088582240045,0.10159710049629211,0.011255798861384392,0.001850804896093905,0.00925205834209919,,,,dqn_icm,cartpole,sparse,0.01,0.9,0,1.0
945,0.0,11,0.050000000000000044,0.00017201920854859054,0.10897049307823181,0.012033525854349136,0.0016461400082334876,0.008227510377764702,,,,dqn_icm,cartpole,sparse,0.01,0.9,0,1.0
946,0.0,23,0.050000000000000044,0.00028372497763484716,0.11030779778957367,0.013277918100357056,0.0021579936146736145,0.010785974562168121,,,,dqn_icm,cartpole,sparse,0.01,0.9,0,1.0
947,0.0,10,0.050000000000000044,0.00017464740085415542,0.10435071587562561,0.013904841616749763,0.0017770434496924281,0.008883338421583176,,,,dqn_icm,cartpole,sparse,0.01,0.9,0,1.0
948,0.0,11,0.050000000000000044,0.0002556773251853883,0.09866037964820862,0.0148062938824296,0.0019726408645510674,0.009860280901193619,,,,dqn_icm,cartpole,sparse,0.01,0.9,0,1.0
949,0.0,13,0.050000000000000044,0.00017042872786987573,0.09691008925437927,0.011358744464814663,0.0012622842332348228,0.006309484131634235,,,,dqn_icm,cartpole,sparse,0.01,0.9,0,1.0
950,0.0,10,0.050000000000000044,0.00035057892091572285,0.10711885988712311,0.013955142349004745,0.002291620010510087,0.011454939842224121,0.0,0.0,10.4,dqn_icm,cartpole,sparse,0.01,0.9,0,1.0
951,0.0,11,0.050000000000000044,0.0007323187892325222,0.15881837904453278,0.017641723155975342,0.00285918265581131,0.014293737709522247,,,,dqn_icm,cartpole,sparse,0.01,0.9,0,1.0
952,0.0,10,0.050000000000000044,0.0001825259387260303,0.10575152933597565,0.012510167434811592,0.0014433134347200394,0.007214301265776157,,,,dqn_icm,cartpole,sparse,0.01,0.9,0,1.0
953,0.0,11,0.050000000000000044,0.00015273364260792732,0.1309535801410675,0.011074785143136978,0.0030910256318747997,0.015451583079993725,,,,dqn_icm,cartpole,sparse,0.01,0.9,0,1.0
954,0.0,25,0.050000000000000044,0.0001136298815254122,0.11224035173654556,0.00961034931242466,0.002062206855043769,0.010305371135473251,,,,dqn_icm,cartpole,sparse,0.01,0.9,0,1.0
955,0.0,11,0.050000000000000044,0.00037155600148253143,0.11756384372711182,0.01654859073460102,0.0019598864018917084,0.009795944206416607,,,,dqn_icm,cartpole,sparse,0.01,0.9,0,1.0
956,0.0,11,0.050000000000000044,0.00017620594007894397,0.11077973246574402,0.011857750825583935,0.0016553869936615229,0.008275027386844158,,,,dqn_icm,cartpole,sparse,0.01,0.9,0,1.0
957,0.0,10,0.050000000000000044,0.00012192814756417647,0.10261958837509155,0.008786683902144432,0.0015777262160554528,0.007885828614234924,,,,dqn_icm,cartpole,sparse,0.01,0.9,0,1.0
958,0.0,10,0.050000000000000044,0.000164906115969643,0.09407834708690643,0.012646140530705452,0.0018812488997355103,0.00940287671983242,,,,dqn_icm,cartpole,sparse,0.01,0.9,0,1.0
959,0.0,10,0.050000000000000044,0.00023858602799009532,0.11566112190485,0.014021120965480804,0.0019718497060239315,0.009856656193733215,,,,dqn_icm,cartpole,sparse,0.01,0.9,0,1.0
960,0.0,10,0.050000000000000044,0.017903903499245644,0.13566310703754425,0.03906245157122612,0.0037001189775764942,0.018494095653295517,,,,dqn_icm,cartpole,sparse,0.01,0.9,0,1.0
961,0.0,12,0.050000000000000044,0.0002276822051499039,0.10052603483200073,0.011676089838147163,0.002201201394200325,0.011002073995769024,,,,dqn_icm,cartpole,sparse,0.01,0.9,0,1.0
962,0.0,12,0.050000000000000044,0.00014315397129394114,0.09444480389356613,0.012325527146458626,0.0018444020533934236,0.009216826409101486,,,,dqn_icm,cartpole,sparse,0.01,0.9,0,1.0
963,0.0,10,0.050000000000000044,0.00027090145158581436,0.11729054152965546,0.013014869764447212,0.0023247713688760996,0.011620546691119671,,,,dqn_icm,cartpole,sparse,0.01,0.9,0,1.0
964,0.0,12,0.050000000000000044,9.37358126975596e-05,0.10752008855342865,0.009594233706593513,0.0016347479540854692,0.00817066989839077,,,,dqn_icm,cartpole,sparse,0.01,0.9,0,1.0
965,0.0,12,0.050000000000000044,0.0001017594913719222,0.11168286204338074,0.009707479737699032,0.00174374517519027,0.0087164007127285,,,,dqn_icm,cartpole,sparse,0.01,0.9,0,1.0
966,0.0,11,0.050000000000000044,0.000250654382398352,0.09577150642871857,0.010777352377772331,0.0018240748904645443,0.00911596231162548,,,,dqn_icm,cartpole,sparse,0.01,0.9,0,1.0
967,0.0,18,0.050000000000000044,0.0002390057488810271,0.10077884793281555,0.013822665438055992,0.0024161669425666332,0.012069747783243656,,,,dqn_icm,cartpole,sparse,0.01,0.9,0,1.0
968,0.0,12,0.050000000000000044,0.0006562152411788702,0.10257779061794281,0.02024974301457405,0.0024236019235104322,0.011103778146207333,,,,dqn_icm,cartpole,sparse,0.01,0.9,0,1.0
969,0.0,12,0.050000000000000044,0.00023511596373282373,0.11144120991230011,0.013107294216752052,0.00243796082213521,0.012185422703623772,,,,dqn_icm,cartpole,sparse,0.01,0.9,0,1.0
970,0.0,10,0.050000000000000044,0.00010246606689179316,0.10608979314565659,0.010595893487334251,0.0009822306456044316,0.004909336566925049,,,,dqn_icm,cartpole,sparse,0.01,0.9,0,1.0
971,0.0,13,0.050000000000000044,0.0003810530179180205,0.10980900377035141,0.013960106298327446,0.002050908748060465,0.010250878520309925,,,,dqn_icm,cartpole,sparse,0.01,0.9,0,1.0
972,0.0,15,0.050000000000000044,0.0001476828329032287,0.08913677930831909,0.010773961432278156,0.001456201309338212,0.0072790393605828285,,,,dqn_icm,cartpole,sparse,0.01,0.9,0,1.0
973,0.0,20,0.050000000000000044,0.00037904659984633327,0.11572765558958054,0.01652422919869423,0.0018775258213281631,0.009385572746396065,,,,dqn_icm,cartpole,sparse,0.01,0.9,0,1.0
974,0.0,13,0.050000000000000044,0.001352124847471714,0.1279417872428894,0.01760411635041237,0.0033993294928222895,0.01698922924697399,,,,dqn_icm,cartpole,sparse,0.01,0.9,0,1.0
975,0.0,11,0.050000000000000044,9.873692033579573e-05,0.10196876525878906,0.009724415838718414,0.0014469987945631146,0.007233503274619579,,,,dqn_icm,cartpole,sparse,0.01,0.9,0,1.0
976,0.0,14,0.050000000000000044,0.0002744307566899806,0.09887905418872833,0.012952237389981747,0.0016940340865403414,0.008467607200145721,,,,dqn_icm,cartpole,sparse,0.01,0.9,0,1.0
977,0.0,11,0.050000000000000044,0.00034209934528917074,0.1021261140704155,0.012952268123626709,0.0017494577914476395,0.008734771981835365,,,,dqn_icm,cartpole,sparse,0.01,0.9,0,1.0
978,0.0,12,0.050000000000000044,0.00012150709517300129,0.09490656852722168,0.011081415228545666,0.0020577090326696634,0.010286040604114532,,,,dqn_icm,cartpole,sparse,0.01,0.9,0,1.0
979,0.0,11,0.050000000000000044,0.006957518868148327,0.13472387194633484,0.027947917580604553,0.0074572754092514515,0.03727588802576065,,,,dqn_icm,cartpole,sparse,0.01,0.9,0,1.0
980,0.0,12,0.050000000000000044,7.465467206202447e-05,0.10941091179847717,0.008761822246015072,0.0020797394681721926,0.010396193712949753,,,,dqn_icm,cartpole,sparse,0.01,0.9,0,1.0
981,0.0,12,0.050000000000000044,0.00017780896450858563,0.1252320110797882,0.01142171025276184,0.0024454924277961254,0.012224720790982246,,,,dqn_icm,cartpole,sparse,0.01,0.9,0,1.0
982,0.0,14,0.050000000000000044,0.0013718288391828537,0.09988053143024445,0.02083682455122471,0.002636680146679282,0.013110058382153511,,,,dqn_icm,cartpole,sparse,0.01,0.9,0,1.0
983,0.0,17,0.050000000000000044,0.0002720060001593083,0.10020604729652405,0.015757931396365166,0.002350763650611043,0.011750003322958946,,,,dqn_icm,cartpole,sparse,0.01,0.9,0,1.0
984,0.0,12,0.050000000000000044,0.0002468290622346103,0.11758950352668762,0.013361707329750061,0.0025664051063358784,0.01282877754420042,,,,dqn_icm,cartpole,sparse,0.01,0.9,0,1.0
985,0.0,10,0.050000000000000044,0.00018188622198067605,0.11521674692630768,0.01335778459906578,0.002452787011861801,0.012260686606168747,,,,dqn_icm,cartpole,sparse,0.01,0.9,0,1.0
986,0.0,16,0.050000000000000044,0.0005958901019766927,0.11312628537416458,0.017141152173280716,0.003048051381483674,0.015234177932143211,,,,dqn_icm,cartpole,sparse,0.01,0.9,0,1.0
987,0.0,11,0.050000000000000044,0.00022337617701850832,0.09675227105617523,0.011679360643029213,0.0015950542874634266,0.007972766645252705,,,,dqn_icm,cartpole,sparse,0.01,0.9,0,1.0
988,0.0,10,0.050000000000000044,0.00013344266335479915,0.113045334815979,0.011156772263348103,0.0017659650184214115,0.00882750004529953,,,,dqn_icm,cartpole,sparse,0.01,0.9,0,1.0
989,0.0,12,0.050000000000000044,0.00012435010285116732,0.11782996356487274,0.00873288232833147,0.0016878138994798064,0.00835318025201559,,,,dqn_icm,cartpole,sparse,0.01,0.9,0,1.0
990,0.0,12,0.050000000000000044,0.0002421848475933075,0.10935651510953903,0.013164237141609192,0.002474516397342086,0.012370496988296509,,,,dqn_icm,cartpole,sparse,0.01,0.9,0,1.0
991,0.0,10,0.050000000000000044,0.00020789221161976457,0.10926216840744019,0.011584222316741943,0.0020172763615846634,0.010076786391437054,,,,dqn_icm,cartpole,sparse,0.01,0.9,0,1.0
992,0.0,11,0.050000000000000044,0.00043423729948699474,0.11392343044281006,0.01574183627963066,0.002310210606083274,0.011549293994903564,,,,dqn_icm,cartpole,sparse,0.01,0.9,0,1.0
993,0.0,10,0.050000000000000044,0.0003517901059240103,0.10322197526693344,0.016956085339188576,0.0024796188808977604,0.012394635006785393,,,,dqn_icm,cartpole,sparse,0.01,0.9,0,1.0
994,0.0,14,0.050000000000000044,0.0003096470609307289,0.10427409410476685,0.013954408466815948,0.0017099165124818683,0.008535873144865036,,,,dqn_icm,cartpole,sparse,0.01,0.9,0,1.0
995,0.0,10,0.050000000000000044,0.00028991856379434466,0.10353811830282211,0.014586328528821468,0.0012080612359568477,0.006036908365786076,,,,dqn_icm,cartpole,sparse,0.01,0.9,0,1.0
996,0.0,11,0.050000000000000044,0.00020078246598131955,0.09868235886096954,0.013796336948871613,0.0017196048283949494,0.00859414879232645,,,,dqn_icm,cartpole,sparse,0.01,0.9,0,1.0
997,0.0,12,0.050000000000000044,0.00019176790374331176,0.10378052294254303,0.010254276916384697,0.0020076173823326826,0.010022768750786781,,,,dqn_icm,cartpole,sparse,0.01,0.9,0,1.0
998,0.0,10,0.050000000000000044,0.0002691172412596643,0.10773330926895142,0.011873786337673664,0.001857006922364235,0.009282024577260017,,,,dqn_icm,cartpole,sparse,0.01,0.9,0,1.0
999,0.0,10,0.050000000000000044,0.00021734819165430963,0.10624627768993378,0.01281089149415493,0.0024301467929035425,0.012146680615842342,,,,dqn_icm,cartpole,sparse,0.01,0.9,0,1.0
1000,0.0,10,0.050000000000000044,0.00013308238703757524,0.10004938393831253,0.010856022126972675,0.0015621562488377094,0.0077438149601221085,0.0,0.0,10.5,dqn_icm,cartpole,sparse,0.01,0.9,0,1.0
