episode,return,length,epsilon,loss,q_mean,td_error_mean,icm_loss,intrinsic_reward_mean,eval_return_mean,eval_return_std,eval_length_mean,agent,env,reward_type,lr,gamma,seed,eta
1,0.0,29,1.0,nan,nan,nan,nan,nan,,,,dqn_icm,cartpole,sparse,0.01,0.9,1,0.1
2,0.0,15,0.9968333333333333,nan,nan,nan,nan,nan,,,,dqn_icm,cartpole,sparse,0.01,0.9,1,0.1
3,0.0,16,0.9936666666666667,nan,nan,nan,nan,nan,,,,dqn_icm,cartpole,sparse,0.01,0.9,1,0.1
4,0.0,10,0.9905,nan,nan,nan,nan,nan,,,,dqn_icm,cartpole,sparse,0.01,0.9,1,0.1
5,0.0,15,0.9873333333333333,nan,nan,nan,nan,nan,,,,dqn_icm,cartpole,sparse,0.01,0.9,1,0.1
6,0.0,11,0.9841666666666666,nan,nan,nan,nan,nan,,,,dqn_icm,cartpole,sparse,0.01,0.9,1,0.1
7,0.0,25,0.981,nan,nan,nan,nan,nan,,,,dqn_icm,cartpole,sparse,0.01,0.9,1,0.1
8,0.0,11,0.9778333333333333,nan,nan,nan,nan,nan,,,,dqn_icm,cartpole,sparse,0.01,0.9,1,0.1
9,0.0,15,0.9746666666666667,nan,nan,nan,nan,nan,,,,dqn_icm,cartpole,sparse,0.01,0.9,1,0.1
10,0.0,12,0.9715,nan,nan,nan,nan,nan,,,,dqn_icm,cartpole,sparse,0.01,0.9,1,0.1
11,0.0,10,0.9683333333333334,nan,nan,nan,nan,nan,,,,dqn_icm,cartpole,sparse,0.01,0.9,1,0.1
12,0.0,11,0.9651666666666666,nan,nan,nan,nan,nan,,,,dqn_icm,cartpole,sparse,0.01,0.9,1,0.1
13,0.0,16,0.962,nan,nan,nan,nan,nan,,,,dqn_icm,cartpole,sparse,0.01,0.9,1,0.1
14,0.0,15,0.9588333333333333,nan,nan,nan,nan,nan,,,,dqn_icm,cartpole,sparse,0.01,0.9,1,0.1
15,0.0,14,0.9556666666666667,nan,nan,nan,nan,nan,,,,dqn_icm,cartpole,sparse,0.01,0.9,1,0.1
16,0.0,10,0.9525,nan,nan,nan,nan,nan,,,,dqn_icm,cartpole,sparse,0.01,0.9,1,0.1
17,0.0,41,0.9493333333333334,nan,nan,nan,nan,nan,,,,dqn_icm,cartpole,sparse,0.01,0.9,1,0.1
18,0.0,13,0.9461666666666667,nan,nan,nan,nan,nan,,,,dqn_icm,cartpole,sparse,0.01,0.9,1,0.1
19,0.0,18,0.9430000000000001,nan,nan,nan,nan,nan,,,,dqn_icm,cartpole,sparse,0.01,0.9,1,0.1
20,0.0,24,0.9398333333333333,nan,nan,nan,nan,nan,,,,dqn_icm,cartpole,sparse,0.01,0.9,1,0.1
21,0.0,15,0.9366666666666666,nan,nan,nan,nan,nan,,,,dqn_icm,cartpole,sparse,0.01,0.9,1,0.1
22,0.0,9,0.9335,nan,nan,nan,nan,nan,,,,dqn_icm,cartpole,sparse,0.01,0.9,1,0.1
23,0.0,14,0.9303333333333333,nan,nan,nan,nan,nan,,,,dqn_icm,cartpole,sparse,0.01,0.9,1,0.1
24,0.0,17,0.9271666666666667,nan,nan,nan,nan,nan,,,,dqn_icm,cartpole,sparse,0.01,0.9,1,0.1
25,0.0,18,0.924,nan,nan,nan,nan,nan,,,,dqn_icm,cartpole,sparse,0.01,0.9,1,0.1
26,0.0,11,0.9208333333333334,nan,nan,nan,nan,nan,,,,dqn_icm,cartpole,sparse,0.01,0.9,1,0.1
27,0.0,17,0.9176666666666666,nan,nan,nan,nan,nan,,,,dqn_icm,cartpole,sparse,0.01,0.9,1,0.1
28,0.0,19,0.9145,nan,nan,nan,nan,nan,,,,dqn_icm,cartpole,sparse,0.01,0.9,1,0.1
29,0.0,11,0.9113333333333333,nan,nan,nan,nan,nan,,,,dqn_icm,cartpole,sparse,0.01,0.9,1,0.1
30,0.0,21,0.9081666666666667,nan,nan,nan,nan,nan,,,,dqn_icm,cartpole,sparse,0.01,0.9,1,0.1
31,0.0,15,0.905,nan,nan,nan,nan,nan,,,,dqn_icm,cartpole,sparse,0.01,0.9,1,0.1
32,0.0,31,0.9018333333333334,0.00011032795737264678,0.025881407782435417,0.013033153489232063,0.622214138507843,0.31623876094818115,,,,dqn_icm,cartpole,sparse,0.01,0.9,1,0.1
33,0.0,29,0.8986666666666667,0.00023533726925961673,0.023049751296639442,0.008596676401793957,0.6318456530570984,0.3633177876472473,,,,dqn_icm,cartpole,sparse,0.01,0.9,1,0.1
34,0.0,14,0.8955,3.7208352296147496e-05,0.029794633388519287,0.00661514000967145,0.6318456530570984,0.3633177876472473,,,,dqn_icm,cartpole,sparse,0.01,0.9,1,0.1
35,0.0,21,0.8923333333333333,2.6514142518863082e-05,0.032934680581092834,0.0045438166707754135,0.6146590113639832,0.2876393795013428,,,,dqn_icm,cartpole,sparse,0.01,0.9,1,0.1
36,0.0,22,0.8891666666666667,3.2838132028700784e-05,0.03662437945604324,0.0063472287729382515,0.6146590113639832,0.2876393795013428,,,,dqn_icm,cartpole,sparse,0.01,0.9,1,0.1
37,0.0,66,0.886,0.000162483673193492,0.03914525359869003,0.008874453604221344,0.6172692775726318,0.31053125858306885,,,,dqn_icm,cartpole,sparse,0.01,0.9,1,0.1
38,0.0,20,0.8828333333333334,4.584939597407356e-05,0.02852834388613701,0.005959531292319298,0.608372688293457,0.2698665261268616,,,,dqn_icm,cartpole,sparse,0.01,0.9,1,0.1
39,0.0,16,0.8796666666666667,5.451948527479544e-05,0.02729615941643715,0.006420834455639124,0.608372688293457,0.2698665261268616,,,,dqn_icm,cartpole,sparse,0.01,0.9,1,0.1
40,0.0,12,0.8765000000000001,4.359392914921045e-05,0.02853565663099289,0.008030233904719353,0.608372688293457,0.2698665261268616,,,,dqn_icm,cartpole,sparse,0.01,0.9,1,0.1
41,0.0,13,0.8733333333333333,2.258224594697822e-05,0.03285142406821251,0.00471818121150136,0.6157387495040894,0.3141578733921051,,,,dqn_icm,cartpole,sparse,0.01,0.9,1,0.1
42,0.0,35,0.8701666666666666,4.651331983041018e-05,0.030890313908457756,0.004952737130224705,0.6157387495040894,0.3141578733921051,,,,dqn_icm,cartpole,sparse,0.01,0.9,1,0.1
43,0.0,19,0.867,6.312459299806505e-05,0.0394708514213562,0.0066350307315588,0.6031054258346558,0.24899190664291382,,,,dqn_icm,cartpole,sparse,0.01,0.9,1,0.1
44,0.0,13,0.8638333333333333,2.5168421416310593e-05,0.02823006734251976,0.003391132690012455,0.6031054258346558,0.24899190664291382,,,,dqn_icm,cartpole,sparse,0.01,0.9,1,0.1
45,0.0,15,0.8606666666666667,1.3075004972051829e-05,0.033373426645994186,0.0039176843129098415,0.6017074584960938,0.2507990896701813,,,,dqn_icm,cartpole,sparse,0.01,0.9,1,0.1
46,0.0,11,0.8575,1.658688415773213e-05,0.035099130123853683,0.004641953855752945,0.6017074584960938,0.2507990896701813,,,,dqn_icm,cartpole,sparse,0.01,0.9,1,0.1
47,0.0,26,0.8543333333333334,2.206846693297848e-05,0.0281919464468956,0.003991411998867989,0.6051753163337708,0.2615628242492676,,,,dqn_icm,cartpole,sparse,0.01,0.9,1,0.1
48,0.0,10,0.8511666666666666,3.5767901863437146e-05,0.03500668331980705,0.00570658128708601,0.6051753163337708,0.2615628242492676,,,,dqn_icm,cartpole,sparse,0.01,0.9,1,0.1
49,0.0,14,0.848,1.12418201752007e-05,0.02443757653236389,0.0033525677863508463,0.6051753163337708,0.2615628242492676,,,,dqn_icm,cartpole,sparse,0.01,0.9,1,0.1
50,0.0,17,0.8448333333333333,3.0347720894496888e-05,0.038001514971256256,0.005261901766061783,0.618391215801239,0.3346937298774719,0.0,0.0,9.3,dqn_icm,cartpole,sparse,0.01,0.9,1,0.1
51,0.0,23,0.8416666666666667,1.685310598986689e-05,0.0314357727766037,0.0034915015567094088,0.618391215801239,0.3346937298774719,,,,dqn_icm,cartpole,sparse,0.01,0.9,1,0.1
52,0.0,9,0.8385,1.0172453585255425e-05,0.025593390688300133,0.002903285901993513,0.618391215801239,0.3346937298774719,,,,dqn_icm,cartpole,sparse,0.01,0.9,1,0.1
53,0.0,14,0.8353333333333334,1.3552293239627033e-05,0.03109857067465782,0.0038295267149806023,0.6040574908256531,0.26221954822540283,,,,dqn_icm,cartpole,sparse,0.01,0.9,1,0.1
54,0.0,8,0.8321666666666667,2.1771165847894736e-05,0.03172825276851654,0.0036696780007332563,0.6040574908256531,0.26221954822540283,,,,dqn_icm,cartpole,sparse,0.01,0.9,1,0.1
55,0.0,20,0.829,8.691521361470222e-05,0.034483782947063446,0.005714450962841511,0.6040574908256531,0.26221954822540283,,,,dqn_icm,cartpole,sparse,0.01,0.9,1,0.1
56,0.0,13,0.8258333333333334,3.4479326131986454e-05,0.023264605551958084,0.005374766420572996,0.6030727624893188,0.26780861616134644,,,,dqn_icm,cartpole,sparse,0.01,0.9,1,0.1
57,0.0,14,0.8226666666666667,3.997954627266154e-05,0.028539348393678665,0.006632491946220398,0.6030727624893188,0.26780861616134644,,,,dqn_icm,cartpole,sparse,0.01,0.9,1,0.1
58,0.0,20,0.8195,2.3618456907570362e-05,0.03566867113113403,0.0053381421603262424,0.6041548848152161,0.25657618045806885,,,,dqn_icm,cartpole,sparse,0.01,0.9,1,0.1
59,0.0,19,0.8163333333333334,5.0739487051032484e-05,0.028692984953522682,0.006015148013830185,0.6041548848152161,0.25657618045806885,,,,dqn_icm,cartpole,sparse,0.01,0.9,1,0.1
60,0.0,12,0.8131666666666667,1.1325226296321489e-05,0.02193191461265087,0.0033603853080421686,0.6041548848152161,0.25657618045806885,,,,dqn_icm,cartpole,sparse,0.01,0.9,1,0.1
61,0.0,12,0.81,1.729892028379254e-05,0.02720401994884014,0.004560972563922405,0.6031444072723389,0.2549472749233246,,,,dqn_icm,cartpole,sparse,0.01,0.9,1,0.1
62,0.0,14,0.8068333333333333,1.645708834985271e-05,0.02778167650103569,0.004556001164019108,0.6031444072723389,0.2549472749233246,,,,dqn_icm,cartpole,sparse,0.01,0.9,1,0.1
63,0.0,10,0.8036666666666666,1.372600490867626e-05,0.02622363157570362,0.004154629074037075,0.6031444072723389,0.2549472749233246,,,,dqn_icm,cartpole,sparse,0.01,0.9,1,0.1
64,0.0,24,0.8005,2.6330950277042575e-05,0.025449659675359726,0.004714947659522295,0.608508288860321,0.30528587102890015,,,,dqn_icm,cartpole,sparse,0.01,0.9,1,0.1
65,0.0,24,0.7973333333333333,2.287873394379858e-05,0.02843279391527176,0.004284168127924204,0.608508288860321,0.30528587102890015,,,,dqn_icm,cartpole,sparse,0.01,0.9,1,0.1
66,0.0,12,0.7941666666666667,1.3584678526967764e-05,0.02563875913619995,0.0036372370086610317,0.600936770439148,0.22435268759727478,,,,dqn_icm,cartpole,sparse,0.01,0.9,1,0.1
67,0.0,14,0.791,1.0384917914052494e-05,0.026262495666742325,0.003221905557438731,0.600936770439148,0.22435268759727478,,,,dqn_icm,cartpole,sparse,0.01,0.9,1,0.1
68,0.0,11,0.7878333333333334,1.950138721440453e-05,0.03128943592309952,0.003972632810473442,0.600936770439148,0.22435268759727478,,,,dqn_icm,cartpole,sparse,0.01,0.9,1,0.1
69,0.0,17,0.7846666666666666,3.290107270004228e-05,0.0346430167555809,0.003929303027689457,0.6009997129440308,0.2554978132247925,,,,dqn_icm,cartpole,sparse,0.01,0.9,1,0.1
70,0.0,12,0.7815,7.348262442974374e-06,0.027671966701745987,0.0029966821894049644,0.6009997129440308,0.2554978132247925,,,,dqn_icm,cartpole,sparse,0.01,0.9,1,0.1
71,0.0,12,0.7783333333333333,1.268585583602544e-05,0.02469465509057045,0.002985420636832714,0.6009997129440308,0.2554978132247925,,,,dqn_icm,cartpole,sparse,0.01,0.9,1,0.1
72,0.0,14,0.7751666666666667,1.0458149517944548e-05,0.0226115882396698,0.0028845416381955147,0.5943403244018555,0.20857122540473938,,,,dqn_icm,cartpole,sparse,0.01,0.9,1,0.1
73,0.0,10,0.772,1.0537338312133215e-05,0.024656562134623528,0.002991261426359415,0.5943403244018555,0.20857122540473938,,,,dqn_icm,cartpole,sparse,0.01,0.9,1,0.1
74,0.0,24,0.7688333333333334,3.0948307539802045e-05,0.02723940834403038,0.004405345767736435,0.5963070392608643,0.21723927557468414,,,,dqn_icm,cartpole,sparse,0.01,0.9,1,0.1
75,0.0,23,0.7656666666666667,1.7193482563016005e-05,0.023982064798474312,0.0034679421223700047,0.5963070392608643,0.21723927557468414,,,,dqn_icm,cartpole,sparse,0.01,0.9,1,0.1
76,0.0,19,0.7625,1.304743727814639e-05,0.025763608515262604,0.003562396392226219,0.5938272476196289,0.2282288670539856,,,,dqn_icm,cartpole,sparse,0.01,0.9,1,0.1
77,0.0,16,0.7593333333333333,1.622324089112226e-05,0.023226166144013405,0.0037006400525569916,0.5938272476196289,0.2282288670539856,,,,dqn_icm,cartpole,sparse,0.01,0.9,1,0.1
78,0.0,10,0.7561666666666667,1.1477917723823339e-05,0.02128850296139717,0.0028143045492470264,0.5938272476196289,0.2282288670539856,,,,dqn_icm,cartpole,sparse,0.01,0.9,1,0.1
79,0.0,12,0.753,2.5477682356722653e-05,0.03644626587629318,0.005377095192670822,0.5885422825813293,0.1816554069519043,,,,dqn_icm,cartpole,sparse,0.01,0.9,1,0.1
80,0.0,9,0.7498333333333334,1.4246124919736758e-05,0.02507392130792141,0.004309214651584625,0.5885422825813293,0.1816554069519043,,,,dqn_icm,cartpole,sparse,0.01,0.9,1,0.1
81,0.0,13,0.7466666666666667,1.141575921792537e-05,0.022833500057458878,0.0037349816411733627,0.5885422825813293,0.1816554069519043,,,,dqn_icm,cartpole,sparse,0.01,0.9,1,0.1
82,0.0,15,0.7435,1.492573028372135e-05,0.02443639189004898,0.003762599313631654,0.5883716344833374,0.168695867061615,,,,dqn_icm,cartpole,sparse,0.01,0.9,1,0.1
83,0.0,16,0.7403333333333333,8.860431080393028e-06,0.02361348085105419,0.0031213760375976562,0.5883716344833374,0.168695867061615,,,,dqn_icm,cartpole,sparse,0.01,0.9,1,0.1
84,0.0,10,0.7371666666666667,8.86033467395464e-06,0.0242496058344841,0.0025895158760249615,0.5883716344833374,0.168695867061615,,,,dqn_icm,cartpole,sparse,0.01,0.9,1,0.1
85,0.0,16,0.734,8.313413673022296e-06,0.027680007740855217,0.0028428477235138416,0.5946258902549744,0.23179537057876587,,,,dqn_icm,cartpole,sparse,0.01,0.9,1,0.1
86,0.0,11,0.7308333333333333,1.0185924111283384e-05,0.022701025009155273,0.0029077217914164066,0.5946258902549744,0.23179537057876587,,,,dqn_icm,cartpole,sparse,0.01,0.9,1,0.1
87,0.0,19,0.7276666666666667,1.7064561689039692e-05,0.028028933331370354,0.0036514177918434143,0.5946258902549744,0.23179537057876587,,,,dqn_icm,cartpole,sparse,0.01,0.9,1,0.1
88,0.0,16,0.7245,1.2992369192943443e-05,0.021498005837202072,0.003101058304309845,0.6000379323959351,0.2562340497970581,,,,dqn_icm,cartpole,sparse,0.01,0.9,1,0.1
89,0.0,11,0.7213333333333334,8.334383892361075e-06,0.020754288882017136,0.002975497394800186,0.6000379323959351,0.2562340497970581,,,,dqn_icm,cartpole,sparse,0.01,0.9,1,0.1
90,0.0,21,0.7181666666666666,7.47350204619579e-05,0.02934788167476654,0.005037485156208277,0.5880518555641174,0.20057892799377441,,,,dqn_icm,cartpole,sparse,0.01,0.9,1,0.1
91,0.0,17,0.7150000000000001,1.415223323419923e-05,0.020329611375927925,0.003826374653726816,0.5880518555641174,0.20057892799377441,,,,dqn_icm,cartpole,sparse,0.01,0.9,1,0.1
92,0.0,17,0.7118333333333333,2.2252290364122018e-05,0.028361469507217407,0.004372983239591122,0.5880518555641174,0.20057892799377441,,,,dqn_icm,cartpole,sparse,0.01,0.9,1,0.1
93,0.0,14,0.7086666666666668,1.6754902389948256e-05,0.02204088494181633,0.00488849263638258,0.5898760557174683,0.19130589067935944,,,,dqn_icm,cartpole,sparse,0.01,0.9,1,0.1
94,0.0,14,0.7055,1.6540359865757637e-05,0.029629051685333252,0.0044184220023453236,0.5898760557174683,0.19130589067935944,,,,dqn_icm,cartpole,sparse,0.01,0.9,1,0.1
95,0.0,9,0.7023333333333333,2.5868008378893137e-05,0.03285568580031395,0.0046191588044166565,0.5898760557174683,0.19130589067935944,,,,dqn_icm,cartpole,sparse,0.01,0.9,1,0.1
96,0.0,30,0.6991666666666667,2.346523615415208e-05,0.025976072996854782,0.003926083445549011,0.5910143852233887,0.22158248722553253,,,,dqn_icm,cartpole,sparse,0.01,0.9,1,0.1
97,0.0,12,0.696,1.0199017197010107e-05,0.02652130275964737,0.0031370834913104773,0.5910143852233887,0.22158248722553253,,,,dqn_icm,cartpole,sparse,0.01,0.9,1,0.1
98,0.0,16,0.6928333333333334,1.669976336415857e-05,0.026655763387680054,0.004198058508336544,0.5888917446136475,0.18008151650428772,,,,dqn_icm,cartpole,sparse,0.01,0.9,1,0.1
99,0.0,14,0.6896666666666667,9.412318831891753e-06,0.02399645745754242,0.0028778095729649067,0.5888917446136475,0.18008151650428772,,,,dqn_icm,cartpole,sparse,0.01,0.9,1,0.1
100,0.0,17,0.6865,6.478646355390083e-06,0.02140863984823227,0.002609985414892435,0.5961561799049377,0.20668825507164001,0.0,0.0,9.3,dqn_icm,cartpole,sparse,0.01,0.9,1,0.1
101,0.0,16,0.6833333333333333,1.7685531929600984e-05,0.028969235718250275,0.0037566586397588253,0.5961561799049377,0.20668825507164001,,,,dqn_icm,cartpole,sparse,0.01,0.9,1,0.1
102,0.0,15,0.6801666666666667,8.726980013307184e-06,0.024939455091953278,0.0031764106824994087,0.5961561799049377,0.20668825507164001,,,,dqn_icm,cartpole,sparse,0.01,0.9,1,0.1
103,0.0,14,0.677,7.430024197674356e-06,0.021951094269752502,0.0027366706635802984,0.5864509344100952,0.20309105515480042,,,,dqn_icm,cartpole,sparse,0.01,0.9,1,0.1
104,0.0,13,0.6738333333333333,4.875758804701036e-06,0.023501763120293617,0.0023729410022497177,0.5864509344100952,0.20309105515480042,,,,dqn_icm,cartpole,sparse,0.01,0.9,1,0.1
105,0.0,17,0.6706666666666667,1.1689261555147823e-05,0.022096656262874603,0.002545812865719199,0.5864509344100952,0.20309105515480042,,,,dqn_icm,cartpole,sparse,0.01,0.9,1,0.1
106,0.0,13,0.6675,1.4309145626612008e-05,0.02560115046799183,0.00342551339417696,0.5846951007843018,0.20176318287849426,,,,dqn_icm,cartpole,sparse,0.01,0.9,1,0.1
107,0.0,12,0.6643333333333333,1.6056163076427765e-05,0.025525841861963272,0.003113948740065098,0.5846951007843018,0.20176318287849426,,,,dqn_icm,cartpole,sparse,0.01,0.9,1,0.1
108,0.0,12,0.6611666666666667,1.66022582561709e-05,0.026348907500505447,0.0033701742067933083,0.5846951007843018,0.20176318287849426,,,,dqn_icm,cartpole,sparse,0.01,0.9,1,0.1
109,0.0,13,0.658,1.6304886230500415e-05,0.03085842728614807,0.004172537475824356,0.5817950963973999,0.1888503134250641,,,,dqn_icm,cartpole,sparse,0.01,0.9,1,0.1
110,0.0,9,0.6548333333333334,9.662469892646186e-06,0.02591346763074398,0.0026874635368585587,0.5817950963973999,0.1888503134250641,,,,dqn_icm,cartpole,sparse,0.01,0.9,1,0.1
111,0.0,21,0.6516666666666667,6.346719601424411e-06,0.01964232698082924,0.0027304422110319138,0.5817950963973999,0.1888503134250641,,,,dqn_icm,cartpole,sparse,0.01,0.9,1,0.1
112,0.0,16,0.6485000000000001,2.4333960027433932e-05,0.029594892635941505,0.005158500745892525,0.5794097781181335,0.16425806283950806,,,,dqn_icm,cartpole,sparse,0.01,0.9,1,0.1
113,0.0,11,0.6453333333333333,2.2663090931018814e-05,0.026073798537254333,0.004086290020495653,0.5794097781181335,0.16425806283950806,,,,dqn_icm,cartpole,sparse,0.01,0.9,1,0.1
114,0.0,30,0.6421666666666668,2.7626039809547365e-05,0.030130036175251007,0.006117410957813263,0.5925760865211487,0.21945756673812866,,,,dqn_icm,cartpole,sparse,0.01,0.9,1,0.1
115,0.0,14,0.639,1.6306927136611193e-05,0.021502487361431122,0.0045302920043468475,0.5925760865211487,0.21945756673812866,,,,dqn_icm,cartpole,sparse,0.01,0.9,1,0.1
116,0.0,11,0.6358333333333333,1.2539311683212873e-05,0.024801991879940033,0.003396548330783844,0.5925760865211487,0.21945756673812866,,,,dqn_icm,cartpole,sparse,0.01,0.9,1,0.1
117,0.0,20,0.6326666666666667,2.4062919692369178e-05,0.02353242039680481,0.004460891708731651,0.5957208871841431,0.2563627362251282,,,,dqn_icm,cartpole,sparse,0.01,0.9,1,0.1
118,0.0,12,0.6295,9.167245480057318e-06,0.02084243856370449,0.0032223458401858807,0.5957208871841431,0.2563627362251282,,,,dqn_icm,cartpole,sparse,0.01,0.9,1,0.1
119,0.0,11,0.6263333333333334,1.0845878023246769e-05,0.02727319858968258,0.003207350382581353,0.5845869779586792,0.19852755963802338,,,,dqn_icm,cartpole,sparse,0.01,0.9,1,0.1
120,0.0,11,0.6231666666666666,1.377077933284454e-05,0.02535354718565941,0.0036942041479051113,0.5845869779586792,0.19852755963802338,,,,dqn_icm,cartpole,sparse,0.01,0.9,1,0.1
121,0.0,16,0.62,7.711819489486516e-05,0.028129640966653824,0.0041315434500575066,0.5845869779586792,0.19852755963802338,,,,dqn_icm,cartpole,sparse,0.01,0.9,1,0.1
122,0.0,16,0.6168333333333333,3.7652653190889396e-06,0.021934479475021362,0.001870996318757534,0.5867598056793213,0.21717706322669983,,,,dqn_icm,cartpole,sparse,0.01,0.9,1,0.1
123,0.0,11,0.6136666666666667,1.477974819863448e-05,0.027767300605773926,0.0036894523072987795,0.5867598056793213,0.21717706322669983,,,,dqn_icm,cartpole,sparse,0.01,0.9,1,0.1
124,0.0,14,0.6105,1.6193691408261657e-05,0.02149551920592785,0.0037800760474056005,0.5867598056793213,0.21717706322669983,,,,dqn_icm,cartpole,sparse,0.01,0.9,1,0.1
125,0.0,14,0.6073333333333333,2.342964944546111e-05,0.023597244173288345,0.0035600776318460703,0.5743707418441772,0.16927888989448547,,,,dqn_icm,cartpole,sparse,0.01,0.9,1,0.1
126,0.0,14,0.6041666666666667,4.883724159299163e-06,0.022148562595248222,0.001975665334612131,0.5743707418441772,0.16927888989448547,,,,dqn_icm,cartpole,sparse,0.01,0.9,1,0.1
127,0.0,20,0.601,1.4957400708226487e-05,0.027372345328330994,0.003117803717032075,0.5743707418441772,0.16927888989448547,,,,dqn_icm,cartpole,sparse,0.01,0.9,1,0.1
128,0.0,12,0.5978333333333333,2.4016164388740435e-05,0.027209345251321793,0.003839378245174885,0.5775167942047119,0.15834534168243408,,,,dqn_icm,cartpole,sparse,0.01,0.9,1,0.1
129,0.0,16,0.5946666666666667,9.603520084056072e-06,0.022720862179994583,0.00304318661801517,0.5775167942047119,0.15834534168243408,,,,dqn_icm,cartpole,sparse,0.01,0.9,1,0.1
130,0.0,15,0.5915,7.498776085412828e-06,0.019916944205760956,0.0025204902049154043,0.5780556797981262,0.14042580127716064,,,,dqn_icm,cartpole,sparse,0.01,0.9,1,0.1
131,0.0,12,0.5883333333333334,3.9816706703277305e-05,0.023980647325515747,0.003645226126536727,0.5780556797981262,0.14042580127716064,,,,dqn_icm,cartpole,sparse,0.01,0.9,1,0.1
132,0.0,11,0.5851666666666667,1.1491084478620905e-05,0.018584050238132477,0.0028253730852156878,0.5780556797981262,0.14042580127716064,,,,dqn_icm,cartpole,sparse,0.01,0.9,1,0.1
133,0.0,12,0.5820000000000001,1.4221972378436476e-05,0.02648939937353134,0.0037333080545067787,0.5780556797981262,0.14042580127716064,,,,dqn_icm,cartpole,sparse,0.01,0.9,1,0.1
134,0.0,12,0.5788333333333333,1.0811691936396528e-05,0.025534095242619514,0.0033232946880161762,0.5845762491226196,0.20747944712638855,,,,dqn_icm,cartpole,sparse,0.01,0.9,1,0.1
135,0.0,13,0.5756666666666668,4.2359624785603955e-06,0.01661461964249611,0.0022444110363721848,0.5845762491226196,0.20747944712638855,,,,dqn_icm,cartpole,sparse,0.01,0.9,1,0.1
136,0.0,14,0.5725,1.1680679563141894e-05,0.01984405890107155,0.0027084597386419773,0.5845762491226196,0.20747944712638855,,,,dqn_icm,cartpole,sparse,0.01,0.9,1,0.1
137,0.0,13,0.5693333333333334,1.847065141191706e-05,0.024687746539711952,0.0038692839443683624,0.5722495317459106,0.16313087940216064,,,,dqn_icm,cartpole,sparse,0.01,0.9,1,0.1
138,0.0,11,0.5661666666666667,3.282106263213791e-05,0.020535986870527267,0.004703167825937271,0.5722495317459106,0.16313087940216064,,,,dqn_icm,cartpole,sparse,0.01,0.9,1,0.1
139,0.0,10,0.563,2.55028935498558e-05,0.021943436935544014,0.005128446035087109,0.5722495317459106,0.16313087940216064,,,,dqn_icm,cartpole,sparse,0.01,0.9,1,0.1
140,0.0,17,0.5598333333333334,3.268442378612235e-05,0.026021307334303856,0.006551545113325119,0.5749129056930542,0.1534413993358612,,,,dqn_icm,cartpole,sparse,0.01,0.9,1,0.1
141,0.0,11,0.5566666666666666,2.9061360692139715e-05,0.01919126883149147,0.0052253007888793945,0.5749129056930542,0.1534413993358612,,,,dqn_icm,cartpole,sparse,0.01,0.9,1,0.1
142,0.0,15,0.5535000000000001,1.5631012502126396e-05,0.025678537786006927,0.0037141358479857445,0.5749129056930542,0.1534413993358612,,,,dqn_icm,cartpole,sparse,0.01,0.9,1,0.1
143,0.0,11,0.5503333333333333,8.1654179666657e-06,0.022584516555070877,0.002539647277444601,0.572353184223175,0.13917945325374603,,,,dqn_icm,cartpole,sparse,0.01,0.9,1,0.1
144,0.0,13,0.5471666666666667,2.7224283257965e-05,0.01370004378259182,0.0065795062109827995,0.572353184223175,0.13917945325374603,,,,dqn_icm,cartpole,sparse,0.01,0.9,1,0.1
145,0.0,10,0.544,1.3566113011620473e-05,0.02660588175058365,0.0026597613468766212,0.572353184223175,0.13917945325374603,,,,dqn_icm,cartpole,sparse,0.01,0.9,1,0.1
146,0.0,13,0.5408333333333333,2.2766362235415727e-05,0.026777539402246475,0.004218164831399918,0.572353184223175,0.13917945325374603,,,,dqn_icm,cartpole,sparse,0.01,0.9,1,0.1
147,0.0,13,0.5376666666666667,2.1411507987068035e-05,0.02352304756641388,0.004454419948160648,0.5839418768882751,0.18276694416999817,,,,dqn_icm,cartpole,sparse,0.01,0.9,1,0.1
148,0.0,13,0.5345,1.811191759770736e-05,0.02205706015229225,0.0036548327188938856,0.5839418768882751,0.18276694416999817,,,,dqn_icm,cartpole,sparse,0.01,0.9,1,0.1
149,0.0,11,0.5313333333333333,1.4834640751359984e-05,0.021577298641204834,0.004030763637274504,0.5839418768882751,0.18276694416999817,,,,dqn_icm,cartpole,sparse,0.01,0.9,1,0.1
150,0.0,10,0.5281666666666667,1.479534330428578e-05,0.02018488384783268,0.00388841750100255,0.5816835165023804,0.17167305946350098,0.0,0.0,9.3,dqn_icm,cartpole,sparse,0.01,0.9,1,0.1
151,0.0,15,0.525,2.0307667000452057e-05,0.03025859408080578,0.004755521193146706,0.5816835165023804,0.17167305946350098,,,,dqn_icm,cartpole,sparse,0.01,0.9,1,0.1
152,0.0,13,0.5218333333333334,2.6204299501841888e-05,0.022477522492408752,0.004597418010234833,0.5816835165023804,0.17167305946350098,,,,dqn_icm,cartpole,sparse,0.01,0.9,1,0.1
153,0.0,13,0.5186666666666666,1.741769301588647e-05,0.020309198647737503,0.0037163691595196724,0.5779905319213867,0.2181835025548935,,,,dqn_icm,cartpole,sparse,0.01,0.9,1,0.1
154,0.0,11,0.5155000000000001,8.965384040493518e-06,0.027754392474889755,0.0027908310294151306,0.5779905319213867,0.2181835025548935,,,,dqn_icm,cartpole,sparse,0.01,0.9,1,0.1
155,0.0,11,0.5123333333333333,9.427572877029888e-06,0.025872722268104553,0.0031346743926405907,0.5779905319213867,0.2181835025548935,,,,dqn_icm,cartpole,sparse,0.01,0.9,1,0.1
156,0.0,12,0.5091666666666667,8.202672688639723e-06,0.022855952382087708,0.002441554330289364,0.5701771378517151,0.15037478506565094,,,,dqn_icm,cartpole,sparse,0.01,0.9,1,0.1
157,0.0,18,0.506,1.3599577869172208e-05,0.02584257908165455,0.003388315672054887,0.5701771378517151,0.15037478506565094,,,,dqn_icm,cartpole,sparse,0.01,0.9,1,0.1
158,0.0,11,0.5028333333333334,8.969524060375988e-06,0.028876977041363716,0.0028876964934170246,0.5701771378517151,0.15037478506565094,,,,dqn_icm,cartpole,sparse,0.01,0.9,1,0.1
159,0.0,10,0.4996666666666667,8.150512257998344e-06,0.028012292459607124,0.003209746442735195,0.5701771378517151,0.15037478506565094,,,,dqn_icm,cartpole,sparse,0.01,0.9,1,0.1
160,0.0,15,0.49650000000000005,5.297451025398914e-06,0.02322632074356079,0.0020378665067255497,0.5811834335327148,0.18879270553588867,,,,dqn_icm,cartpole,sparse,0.01,0.9,1,0.1
161,0.0,12,0.4933333333333334,5.798510301247006e-06,0.023463990539312363,0.0023089773021638393,0.5811834335327148,0.18879270553588867,,,,dqn_icm,cartpole,sparse,0.01,0.9,1,0.1
162,0.0,14,0.49016666666666675,0.0002885552530642599,0.020436536520719528,0.018414998427033424,0.5717803835868835,0.15499022603034973,,,,dqn_icm,cartpole,sparse,0.01,0.9,1,0.1
163,0.0,15,0.487,0.00011666194768622518,0.04969964176416397,0.01282241940498352,0.5717803835868835,0.15499022603034973,,,,dqn_icm,cartpole,sparse,0.01,0.9,1,0.1
164,0.0,11,0.48383333333333334,0.00015370671462733299,0.04676051437854767,0.012726986780762672,0.5717803835868835,0.15499022603034973,,,,dqn_icm,cartpole,sparse,0.01,0.9,1,0.1
165,0.0,9,0.4806666666666667,4.558660657494329e-05,0.04574739933013916,0.006267548073083162,0.5717803835868835,0.15499022603034973,,,,dqn_icm,cartpole,sparse,0.01,0.9,1,0.1
166,0.0,15,0.47750000000000004,0.00044173820060677826,0.05013299733400345,0.011543127708137035,0.5706823468208313,0.1683807671070099,,,,dqn_icm,cartpole,sparse,0.01,0.9,1,0.1
167,0.0,9,0.4743333333333334,0.00023803053773008287,0.031968314200639725,0.01591195911169052,0.5706823468208313,0.1683807671070099,,,,dqn_icm,cartpole,sparse,0.01,0.9,1,0.1
168,0.0,10,0.47116666666666673,0.0002961715217679739,0.05486615002155304,0.011945085600018501,0.5706823468208313,0.1683807671070099,,,,dqn_icm,cartpole,sparse,0.01,0.9,1,0.1
169,0.0,14,0.46799999999999997,0.0004770398954860866,0.04635964334011078,0.012341171503067017,0.5754910707473755,0.19911348819732666,,,,dqn_icm,cartpole,sparse,0.01,0.9,1,0.1
170,0.0,13,0.4648333333333333,0.00016131531447172165,0.047720856964588165,0.011579426005482674,0.5754910707473755,0.19911348819732666,,,,dqn_icm,cartpole,sparse,0.01,0.9,1,0.1
171,0.0,14,0.46166666666666667,4.7830704716034234e-05,0.03465902805328369,0.006660019513219595,0.5754910707473755,0.19911348819732666,,,,dqn_icm,cartpole,sparse,0.01,0.9,1,0.1
172,0.0,13,0.4585,0.00018704647663980722,0.04326564073562622,0.012295028194785118,0.5768784284591675,0.16220170259475708,,,,dqn_icm,cartpole,sparse,0.01,0.9,1,0.1
173,0.0,10,0.45533333333333337,8.332163997692987e-05,0.04664947837591171,0.007143266499042511,0.5768784284591675,0.16220170259475708,,,,dqn_icm,cartpole,sparse,0.01,0.9,1,0.1
174,0.0,14,0.4521666666666667,5.9611025790218264e-05,0.05037814378738403,0.007674232125282288,0.5768784284591675,0.16220170259475708,,,,dqn_icm,cartpole,sparse,0.01,0.9,1,0.1
175,0.0,15,0.44900000000000007,0.00011557139805518091,0.04150216653943062,0.0076267169788479805,0.575541615486145,0.17726704478263855,,,,dqn_icm,cartpole,sparse,0.01,0.9,1,0.1
176,0.0,14,0.4458333333333333,0.0002156972768716514,0.04613538086414337,0.00790473259985447,0.575541615486145,0.17726704478263855,,,,dqn_icm,cartpole,sparse,0.01,0.9,1,0.1
177,0.0,11,0.44266666666666665,6.485312042059377e-05,0.034949976950883865,0.006262009497731924,0.575541615486145,0.17726704478263855,,,,dqn_icm,cartpole,sparse,0.01,0.9,1,0.1
178,0.0,9,0.4395,7.919395284261554e-05,0.047926031053066254,0.008457845076918602,0.575541615486145,0.17726704478263855,,,,dqn_icm,cartpole,sparse,0.01,0.9,1,0.1
179,0.0,19,0.43633333333333335,2.9274193366291e-05,0.03415078669786453,0.005117983557283878,0.558333158493042,0.11771440505981445,,,,dqn_icm,cartpole,sparse,0.01,0.9,1,0.1
180,0.0,10,0.4331666666666667,3.608027327572927e-05,0.045440249145030975,0.005814023315906525,0.558333158493042,0.11771440505981445,,,,dqn_icm,cartpole,sparse,0.01,0.9,1,0.1
181,0.0,11,0.43000000000000005,0.0001090336445486173,0.05050985515117645,0.006929343566298485,0.558333158493042,0.11771440505981445,,,,dqn_icm,cartpole,sparse,0.01,0.9,1,0.1
182,0.0,9,0.4268333333333333,4.750269727082923e-05,0.03821258246898651,0.0063181547448039055,0.5717720985412598,0.19028186798095703,,,,dqn_icm,cartpole,sparse,0.01,0.9,1,0.1
183,0.0,14,0.42366666666666664,9.649911953601986e-05,0.05439608544111252,0.007617640309035778,0.5717720985412598,0.19028186798095703,,,,dqn_icm,cartpole,sparse,0.01,0.9,1,0.1
184,0.0,10,0.4205,0.0003063523327000439,0.0373808816075325,0.010648299939930439,0.5717720985412598,0.19028186798095703,,,,dqn_icm,cartpole,sparse,0.01,0.9,1,0.1
185,0.0,13,0.41733333333333344,4.160810203757137e-05,0.04684293642640114,0.005622267257422209,0.5594937801361084,0.15906769037246704,,,,dqn_icm,cartpole,sparse,0.01,0.9,1,0.1
186,0.0,10,0.4141666666666667,0.00016192920156754553,0.06396627426147461,0.010752745904028416,0.5594937801361084,0.15906769037246704,,,,dqn_icm,cartpole,sparse,0.01,0.9,1,0.1
187,0.0,10,0.41100000000000003,7.574590563308448e-05,0.039150554686784744,0.005643954034894705,0.5594937801361084,0.15906769037246704,,,,dqn_icm,cartpole,sparse,0.01,0.9,1,0.1
188,0.0,13,0.4078333333333334,6.83435719111003e-05,0.03986208140850067,0.006839240901172161,0.5594937801361084,0.15906769037246704,,,,dqn_icm,cartpole,sparse,0.01,0.9,1,0.1
189,0.0,14,0.4046666666666666,2.9902392270741984e-05,0.03592359274625778,0.006027446128427982,0.5813778638839722,0.21909978985786438,,,,dqn_icm,cartpole,sparse,0.01,0.9,1,0.1
190,0.0,11,0.4015000000000001,0.00021469651255756617,0.05828975513577461,0.01287754811346531,0.5813778638839722,0.21909978985786438,,,,dqn_icm,cartpole,sparse,0.01,0.9,1,0.1
191,0.0,12,0.39833333333333343,0.00021158916933927685,0.04768265783786774,0.010972521267831326,0.5813778638839722,0.21909978985786438,,,,dqn_icm,cartpole,sparse,0.01,0.9,1,0.1
192,0.0,13,0.39516666666666667,0.00015724479453638196,0.042418770492076874,0.010290034115314484,0.5728076100349426,0.2133641541004181,,,,dqn_icm,cartpole,sparse,0.01,0.9,1,0.1
193,0.0,14,0.392,0.00037620344664901495,0.0472203828394413,0.01419758703559637,0.5728076100349426,0.2133641541004181,,,,dqn_icm,cartpole,sparse,0.01,0.9,1,0.1
194,0.0,11,0.38883333333333336,0.00010820693569257855,0.04049151763319969,0.011193618178367615,0.5728076100349426,0.2133641541004181,,,,dqn_icm,cartpole,sparse,0.01,0.9,1,0.1
195,0.0,11,0.3856666666666667,0.00020626226614695042,0.06118152290582657,0.01456150971353054,0.5614088773727417,0.18267811834812164,,,,dqn_icm,cartpole,sparse,0.01,0.9,1,0.1
196,0.0,12,0.38250000000000006,5.651311585097574e-05,0.040995098650455475,0.007862513884902,0.5614088773727417,0.18267811834812164,,,,dqn_icm,cartpole,sparse,0.01,0.9,1,0.1
197,0.0,11,0.3793333333333334,0.00016047341341618448,0.03813888877630234,0.012707898393273354,0.5614088773727417,0.18267811834812164,,,,dqn_icm,cartpole,sparse,0.01,0.9,1,0.1
198,0.0,9,0.37616666666666676,8.432118193013594e-05,0.04268646612763405,0.008266020566225052,0.5614088773727417,0.18267811834812164,,,,dqn_icm,cartpole,sparse,0.01,0.9,1,0.1
199,0.0,15,0.373,0.00020785284868907183,0.04954739660024643,0.009985891170799732,0.5763185620307922,0.18991811573505402,,,,dqn_icm,cartpole,sparse,0.01,0.9,1,0.1
200,0.0,10,0.36983333333333335,6.377998215612024e-05,0.039749715477228165,0.006660750601440668,0.5763185620307922,0.18991811573505402,0.0,0.0,9.3,dqn_icm,cartpole,sparse,0.01,0.9,1,0.1
201,0.0,11,0.3666666666666667,5.3435112931765616e-05,0.03982270136475563,0.006146758329123259,0.5763185620307922,0.18991811573505402,,,,dqn_icm,cartpole,sparse,0.01,0.9,1,0.1
202,0.0,17,0.36350000000000005,7.128076686058193e-05,0.04143635556101799,0.008114214986562729,0.5518293976783752,0.1762087345123291,,,,dqn_icm,cartpole,sparse,0.01,0.9,1,0.1
203,0.0,10,0.3603333333333334,0.00011868397996295244,0.045488107949495316,0.008516086265444756,0.5518293976783752,0.1762087345123291,,,,dqn_icm,cartpole,sparse,0.01,0.9,1,0.1
204,0.0,10,0.35716666666666674,0.00011354865273460746,0.03935595229268074,0.007523558102548122,0.5518293976783752,0.1762087345123291,,,,dqn_icm,cartpole,sparse,0.01,0.9,1,0.1
205,0.0,10,0.354,0.00010183263657381758,0.04127219319343567,0.010237508453428745,0.5518293976783752,0.1762087345123291,,,,dqn_icm,cartpole,sparse,0.01,0.9,1,0.1
206,0.0,17,0.35083333333333333,8.14336453913711e-05,0.04535875469446182,0.007517773658037186,0.575657308101654,0.17763817310333252,,,,dqn_icm,cartpole,sparse,0.01,0.9,1,0.1
207,0.0,10,0.3476666666666667,8.518493268638849e-05,0.03992030769586563,0.008020146749913692,0.575657308101654,0.17763817310333252,,,,dqn_icm,cartpole,sparse,0.01,0.9,1,0.1
208,0.0,12,0.34450000000000003,0.0001440387568436563,0.0461881160736084,0.011769333854317665,0.575657308101654,0.17763817310333252,,,,dqn_icm,cartpole,sparse,0.01,0.9,1,0.1
209,0.0,16,0.3413333333333334,5.056186637375504e-05,0.045028991997241974,0.006545493379235268,0.5665441155433655,0.1472495198249817,,,,dqn_icm,cartpole,sparse,0.01,0.9,1,0.1
210,0.0,11,0.3381666666666667,0.00015263186651282012,0.04204350337386131,0.008245650678873062,0.5665441155433655,0.1472495198249817,,,,dqn_icm,cartpole,sparse,0.01,0.9,1,0.1
211,0.0,14,0.3350000000000001,0.00012165407679276541,0.046141915023326874,0.011698786169290543,0.5665441155433655,0.1472495198249817,,,,dqn_icm,cartpole,sparse,0.01,0.9,1,0.1
212,0.0,9,0.3318333333333333,4.415724106365815e-05,0.04168998450040817,0.006488274782896042,0.5764049887657166,0.16044065356254578,,,,dqn_icm,cartpole,sparse,0.01,0.9,1,0.1
213,0.0,8,0.32866666666666666,8.28008633106947e-05,0.04630926623940468,0.009800359606742859,0.5764049887657166,0.16044065356254578,,,,dqn_icm,cartpole,sparse,0.01,0.9,1,0.1
214,0.0,11,0.3255,7.67136225476861e-05,0.039133526384830475,0.008945162408053875,0.5764049887657166,0.16044065356254578,,,,dqn_icm,cartpole,sparse,0.01,0.9,1,0.1
215,0.0,12,0.32233333333333336,0.00029912596801295877,0.0460163839161396,0.011953860521316528,0.5764049887657166,0.16044065356254578,,,,dqn_icm,cartpole,sparse,0.01,0.9,1,0.1
216,0.0,13,0.3191666666666667,0.00015358405653387308,0.04936583712697029,0.01267325785011053,0.5617456436157227,0.16408701241016388,,,,dqn_icm,cartpole,sparse,0.01,0.9,1,0.1
217,0.0,14,0.31600000000000006,0.00014179194113239646,0.047823794186115265,0.008974874392151833,0.5617456436157227,0.16408701241016388,,,,dqn_icm,cartpole,sparse,0.01,0.9,1,0.1
218,0.0,10,0.3128333333333333,8.135733514791355e-05,0.03827643394470215,0.010032174177467823,0.5617456436157227,0.16408701241016388,,,,dqn_icm,cartpole,sparse,0.01,0.9,1,0.1
219,0.0,11,0.30966666666666665,0.0003255382180213928,0.042952921241521835,0.011131301522254944,0.5691935420036316,0.20356512069702148,,,,dqn_icm,cartpole,sparse,0.01,0.9,1,0.1
220,0.0,16,0.3065,0.00024226147797890007,0.04503501206636429,0.012742364779114723,0.5691935420036316,0.20356512069702148,,,,dqn_icm,cartpole,sparse,0.01,0.9,1,0.1
221,0.0,10,0.30333333333333345,4.0694088966120034e-05,0.0370735228061676,0.006696293130517006,0.5691935420036316,0.20356512069702148,,,,dqn_icm,cartpole,sparse,0.01,0.9,1,0.1
222,0.0,12,0.3001666666666667,0.0003899203147739172,0.05775953084230423,0.012397249229252338,0.5691155195236206,0.22906720638275146,,,,dqn_icm,cartpole,sparse,0.01,0.9,1,0.1
223,0.0,10,0.29700000000000004,7.14381312718615e-05,0.03701704367995262,0.008483636192977428,0.5691155195236206,0.22906720638275146,,,,dqn_icm,cartpole,sparse,0.01,0.9,1,0.1
224,0.0,10,0.2938333333333334,0.0002955048403237015,0.047050051391124725,0.009230219759047031,0.5691155195236206,0.22906720638275146,,,,dqn_icm,cartpole,sparse,0.01,0.9,1,0.1
225,0.0,9,0.29066666666666663,0.00012751686153933406,0.05501510575413704,0.011018935590982437,0.5691155195236206,0.22906720638275146,,,,dqn_icm,cartpole,sparse,0.01,0.9,1,0.1
226,0.0,9,0.2875000000000001,9.889390639727935e-05,0.04816334694623947,0.00935300812125206,0.5567882657051086,0.16528058052062988,,,,dqn_icm,cartpole,sparse,0.01,0.9,1,0.1
227,0.0,9,0.28433333333333344,0.0002851382887456566,0.04562630504369736,0.00908743031322956,0.5567882657051086,0.16528058052062988,,,,dqn_icm,cartpole,sparse,0.01,0.9,1,0.1
228,0.0,13,0.2811666666666667,0.00028942496282979846,0.03501655161380768,0.016617104411125183,0.5567882657051086,0.16528058052062988,,,,dqn_icm,cartpole,sparse,0.01,0.9,1,0.1
229,0.0,10,0.278,0.0001453740114811808,0.039739057421684265,0.008843842893838882,0.5567882657051086,0.16528058052062988,,,,dqn_icm,cartpole,sparse,0.01,0.9,1,0.1
230,0.0,8,0.2748333333333334,0.0001543816179037094,0.04881337657570839,0.011374731548130512,0.553277313709259,0.1618005335330963,,,,dqn_icm,cartpole,sparse,0.01,0.9,1,0.1
231,0.0,12,0.2716666666666666,0.00045390950981527567,0.05815933644771576,0.018922530114650726,0.553277313709259,0.1618005335330963,,,,dqn_icm,cartpole,sparse,0.01,0.9,1,0.1
232,0.0,11,0.26850000000000007,9.163988579530269e-05,0.041040100157260895,0.006742069497704506,0.553277313709259,0.1618005335330963,,,,dqn_icm,cartpole,sparse,0.01,0.9,1,0.1
233,0.0,9,0.2653333333333334,0.0004630612093023956,0.0449761226773262,0.015612711198627949,0.553277313709259,0.1618005335330963,,,,dqn_icm,cartpole,sparse,0.01,0.9,1,0.1
234,0.0,11,0.26216666666666677,0.00012405039160512388,0.044226065278053284,0.008188114501535892,0.5638431906700134,0.17643004655838013,,,,dqn_icm,cartpole,sparse,0.01,0.9,1,0.1
235,0.0,8,0.259,0.00026315494324080646,0.04888150095939636,0.014921076595783234,0.5638431906700134,0.17643004655838013,,,,dqn_icm,cartpole,sparse,0.01,0.9,1,0.1
236,0.0,17,0.25583333333333336,0.00011966082092840225,0.05819006636738777,0.008993517607450485,0.5638431906700134,0.17643004655838013,,,,dqn_icm,cartpole,sparse,0.01,0.9,1,0.1
237,0.0,10,0.2526666666666667,0.00018619262846186757,0.03916659951210022,0.01218109205365181,0.5638431906700134,0.17643004655838013,,,,dqn_icm,cartpole,sparse,0.01,0.9,1,0.1
238,0.0,11,0.24950000000000006,8.054418867686763e-05,0.043211642652750015,0.006792981643229723,0.5601150393486023,0.21163347363471985,,,,dqn_icm,cartpole,sparse,0.01,0.9,1,0.1
239,0.0,8,0.2463333333333334,0.00021212364663369954,0.05556720495223999,0.012145012617111206,0.5601150393486023,0.21163347363471985,,,,dqn_icm,cartpole,sparse,0.01,0.9,1,0.1
240,0.0,11,0.24316666666666675,0.0001771126699168235,0.05927832052111626,0.011066130362451077,0.5601150393486023,0.21163347363471985,,,,dqn_icm,cartpole,sparse,0.01,0.9,1,0.1
241,0.0,11,0.24,6.854328967165202e-05,0.050146766006946564,0.008018183521926403,0.5601150393486023,0.21163347363471985,,,,dqn_icm,cartpole,sparse,0.01,0.9,1,0.1
242,0.0,9,0.23683333333333334,0.00013229274190962315,0.04335955157876015,0.01042610127478838,0.5494492053985596,0.16639582812786102,,,,dqn_icm,cartpole,sparse,0.01,0.9,1,0.1
243,0.0,9,0.2336666666666667,0.00010911478602793068,0.03717280924320221,0.01140802912414074,0.5494492053985596,0.16639582812786102,,,,dqn_icm,cartpole,sparse,0.01,0.9,1,0.1
244,0.0,10,0.23050000000000004,0.0004590591706801206,0.03635839372873306,0.012119416147470474,0.5494492053985596,0.16639582812786102,,,,dqn_icm,cartpole,sparse,0.01,0.9,1,0.1
245,0.0,13,0.2273333333333334,0.00026332298875786364,0.05598851293325424,0.013057073578238487,0.5764716863632202,0.22256875038146973,,,,dqn_icm,cartpole,sparse,0.01,0.9,1,0.1
246,0.0,12,0.22416666666666674,6.272265454754233e-05,0.0371551439166069,0.008593542501330376,0.5764716863632202,0.22256875038146973,,,,dqn_icm,cartpole,sparse,0.01,0.9,1,0.1
247,0.0,10,0.22100000000000009,0.0001265939645236358,0.042133186012506485,0.007994451560080051,0.5764716863632202,0.22256875038146973,,,,dqn_icm,cartpole,sparse,0.01,0.9,1,0.1
248,0.0,9,0.21783333333333332,0.00012219703057780862,0.048681024461984634,0.009291332215070724,0.5764716863632202,0.22256875038146973,,,,dqn_icm,cartpole,sparse,0.01,0.9,1,0.1
249,0.0,11,0.21466666666666667,0.0002284532820340246,0.04814079403877258,0.01258920319378376,0.566905677318573,0.2211344689130783,,,,dqn_icm,cartpole,sparse,0.01,0.9,1,0.1
250,0.0,10,0.21150000000000002,0.00018585035286378115,0.05363573879003525,0.009314777329564095,0.566905677318573,0.2211344689130783,0.0,0.0,9.3,dqn_icm,cartpole,sparse,0.01,0.9,1,0.1
251,0.0,9,0.20833333333333337,9.889995271805674e-05,0.04749615862965584,0.0071090217679739,0.566905677318573,0.2211344689130783,,,,dqn_icm,cartpole,sparse,0.01,0.9,1,0.1
252,0.0,10,0.20516666666666672,9.096337453229353e-05,0.04254321753978729,0.007488878443837166,0.566905677318573,0.2211344689130783,,,,dqn_icm,cartpole,sparse,0.01,0.9,1,0.1
253,0.0,9,0.20200000000000007,0.00011979645933024585,0.04794035106897354,0.00794184673577547,0.5536797046661377,0.19844698905944824,,,,dqn_icm,cartpole,sparse,0.01,0.9,1,0.1
254,0.0,11,0.1988333333333333,0.00017756885790731758,0.04024440050125122,0.00802823156118393,0.5536797046661377,0.19844698905944824,,,,dqn_icm,cartpole,sparse,0.01,0.9,1,0.1
255,0.0,12,0.19566666666666666,0.00021001181448809803,0.052407942712306976,0.012052418664097786,0.5536797046661377,0.19844698905944824,,,,dqn_icm,cartpole,sparse,0.01,0.9,1,0.1
256,0.0,10,0.1925,0.0001346821227343753,0.04412459209561348,0.007652215659618378,0.5536797046661377,0.19844698905944824,,,,dqn_icm,cartpole,sparse,0.01,0.9,1,0.1
257,0.0,9,0.18933333333333335,0.0001393706479575485,0.03803495317697525,0.011245755478739738,0.5576990246772766,0.1748870611190796,,,,dqn_icm,cartpole,sparse,0.01,0.9,1,0.1
258,0.0,10,0.1861666666666667,0.0002555835235398263,0.0420616939663887,0.011118819005787373,0.5576990246772766,0.1748870611190796,,,,dqn_icm,cartpole,sparse,0.01,0.9,1,0.1
259,0.0,12,0.18300000000000005,0.000135084250359796,0.04907295107841492,0.009189814329147339,0.5576990246772766,0.1748870611190796,,,,dqn_icm,cartpole,sparse,0.01,0.9,1,0.1
260,0.0,10,0.1798333333333334,0.00013180724636185914,0.05031414330005646,0.008992966264486313,0.5576990246772766,0.1748870611190796,,,,dqn_icm,cartpole,sparse,0.01,0.9,1,0.1
261,0.0,12,0.17666666666666664,0.0001985348208108917,0.06559733301401138,0.010114063508808613,0.564434289932251,0.20161446928977966,,,,dqn_icm,cartpole,sparse,0.01,0.9,1,0.1
262,0.0,13,0.1735,0.0001312367239734158,0.0408187136054039,0.00767564307898283,0.564434289932251,0.20161446928977966,,,,dqn_icm,cartpole,sparse,0.01,0.9,1,0.1
263,0.0,9,0.17033333333333345,0.00029940431704744697,0.05119715631008148,0.012669745832681656,0.564434289932251,0.20161446928977966,,,,dqn_icm,cartpole,sparse,0.01,0.9,1,0.1
264,0.0,14,0.16716666666666669,9.087134094443172e-05,0.03603953868150711,0.008949984796345234,0.5533056855201721,0.15813809633255005,,,,dqn_icm,cartpole,sparse,0.01,0.9,1,0.1
265,0.0,13,0.16400000000000003,0.0001469562266720459,0.05361907184123993,0.010942570865154266,0.5533056855201721,0.15813809633255005,,,,dqn_icm,cartpole,sparse,0.01,0.9,1,0.1
266,0.0,10,0.16083333333333338,2.752178261289373e-05,0.041211068630218506,0.0053982241079211235,0.5533056855201721,0.15813809633255005,,,,dqn_icm,cartpole,sparse,0.01,0.9,1,0.1
267,0.0,11,0.15766666666666662,0.00022786270710639656,0.04853576421737671,0.010633382946252823,0.5533056855201721,0.15813809633255005,,,,dqn_icm,cartpole,sparse,0.01,0.9,1,0.1
268,0.0,11,0.15450000000000008,8.825327677186579e-05,0.04912842437624931,0.007441248744726181,0.5468484163284302,0.21324315667152405,,,,dqn_icm,cartpole,sparse,0.01,0.9,1,0.1
269,0.0,13,0.15133333333333343,7.109830039553344e-05,0.04200191795825958,0.008128298446536064,0.5468484163284302,0.21324315667152405,,,,dqn_icm,cartpole,sparse,0.01,0.9,1,0.1
270,0.0,8,0.14816666666666678,4.847835225518793e-05,0.0445915088057518,0.006300704553723335,0.5468484163284302,0.21324315667152405,,,,dqn_icm,cartpole,sparse,0.01,0.9,1,0.1
271,0.0,10,0.14500000000000002,0.0001369611854897812,0.054330192506313324,0.009630471467971802,0.5468484163284302,0.21324315667152405,,,,dqn_icm,cartpole,sparse,0.01,0.9,1,0.1
272,0.0,10,0.14183333333333337,0.00014883861877024174,0.038640424609184265,0.009075061418116093,0.5558246970176697,0.1706078052520752,,,,dqn_icm,cartpole,sparse,0.01,0.9,1,0.1
273,0.0,9,0.13866666666666672,0.00011698744492605329,0.04537675529718399,0.006613244768232107,0.5558246970176697,0.1706078052520752,,,,dqn_icm,cartpole,sparse,0.01,0.9,1,0.1
274,0.0,12,0.13550000000000006,8.718665048945695e-05,0.050617098808288574,0.008245538920164108,0.5558246970176697,0.1706078052520752,,,,dqn_icm,cartpole,sparse,0.01,0.9,1,0.1
275,0.0,9,0.1323333333333334,5.815385520691052e-05,0.04303951933979988,0.007497433573007584,0.5558246970176697,0.1706078052520752,,,,dqn_icm,cartpole,sparse,0.01,0.9,1,0.1
276,0.0,12,0.12916666666666676,7.633675704710186e-05,0.05154561996459961,0.00861227884888649,0.5650993585586548,0.19895802438259125,,,,dqn_icm,cartpole,sparse,0.01,0.9,1,0.1
277,0.0,8,0.126,0.00021692826703656465,0.06078097224235535,0.01102636568248272,0.5650993585586548,0.19895802438259125,,,,dqn_icm,cartpole,sparse,0.01,0.9,1,0.1
278,0.0,10,0.12283333333333335,7.292228110600263e-05,0.047961682081222534,0.009572368115186691,0.5650993585586548,0.19895802438259125,,,,dqn_icm,cartpole,sparse,0.01,0.9,1,0.1
279,0.0,10,0.1196666666666667,0.00012747185246553272,0.05189234018325806,0.007088190410286188,0.5650993585586548,0.19895802438259125,,,,dqn_icm,cartpole,sparse,0.01,0.9,1,0.1
280,0.0,9,0.11650000000000005,8.13260194263421e-05,0.051681339740753174,0.007290511857718229,0.5568448305130005,0.21796318888664246,,,,dqn_icm,cartpole,sparse,0.01,0.9,1,0.1
281,0.0,11,0.1133333333333334,6.612625293200836e-05,0.041860029101371765,0.005382873117923737,0.5568448305130005,0.21796318888664246,,,,dqn_icm,cartpole,sparse,0.01,0.9,1,0.1
282,0.0,9,0.11016666666666675,0.00020442315144464374,0.05899462848901749,0.010966197587549686,0.5568448305130005,0.21796318888664246,,,,dqn_icm,cartpole,sparse,0.01,0.9,1,0.1
283,0.0,12,0.1070000000000001,7.006580563029274e-05,0.043038807809352875,0.007384384050965309,0.5568448305130005,0.21796318888664246,,,,dqn_icm,cartpole,sparse,0.01,0.9,1,0.1
284,0.0,8,0.10383333333333333,0.00012256055197212845,0.0531720295548439,0.007825514301657677,0.5599688291549683,0.16975945234298706,,,,dqn_icm,cartpole,sparse,0.01,0.9,1,0.1
285,0.0,10,0.10066666666666668,3.328160892124288e-05,0.04631166160106659,0.0048400284722447395,0.5599688291549683,0.16975945234298706,,,,dqn_icm,cartpole,sparse,0.01,0.9,1,0.1
286,0.0,10,0.09750000000000003,0.0001170551186078228,0.04343045875430107,0.007500140927731991,0.5599688291549683,0.16975945234298706,,,,dqn_icm,cartpole,sparse,0.01,0.9,1,0.1
287,0.0,9,0.09433333333333338,0.00013663627032656223,0.05510769039392471,0.0071272701025009155,0.5599688291549683,0.16975945234298706,,,,dqn_icm,cartpole,sparse,0.01,0.9,1,0.1
288,0.0,9,0.09116666666666673,3.703611218952574e-05,0.04722428694367409,0.0051576062105596066,0.5448646545410156,0.1652604043483734,,,,dqn_icm,cartpole,sparse,0.01,0.9,1,0.1
289,0.0,10,0.08800000000000008,0.000158490554895252,0.06039588898420334,0.009224487468600273,0.5448646545410156,0.1652604043483734,,,,dqn_icm,cartpole,sparse,0.01,0.9,1,0.1
290,0.0,10,0.08483333333333332,8.556901593692601e-05,0.04675472155213356,0.007171431556344032,0.5448646545410156,0.1652604043483734,,,,dqn_icm,cartpole,sparse,0.01,0.9,1,0.1
291,0.0,12,0.08166666666666667,0.00015302941028494388,0.05743718519806862,0.008010354824364185,0.5448646545410156,0.1652604043483734,,,,dqn_icm,cartpole,sparse,0.01,0.9,1,0.1
292,0.0,10,0.07850000000000001,6.775205838494003e-05,0.04578974470496178,0.006343173328787088,0.5577580332756042,0.2452062964439392,,,,dqn_icm,cartpole,sparse,0.01,0.9,1,0.1
293,0.0,16,0.07533333333333336,3.994184226030484e-05,0.04434240609407425,0.006686985492706299,0.5577580332756042,0.2452062964439392,,,,dqn_icm,cartpole,sparse,0.01,0.9,1,0.1
294,0.0,10,0.07216666666666671,0.0002686296938918531,0.04778851568698883,0.01003231294453144,0.5577580332756042,0.2452062964439392,,,,dqn_icm,cartpole,sparse,0.01,0.9,1,0.1
295,0.0,11,0.06900000000000006,0.00021469742932822555,0.05091021582484245,0.010347576811909676,0.54356449842453,0.21116341650485992,,,,dqn_icm,cartpole,sparse,0.01,0.9,1,0.1
296,0.0,10,0.06583333333333341,9.64706705417484e-05,0.05364710092544556,0.007287982851266861,0.54356449842453,0.21116341650485992,,,,dqn_icm,cartpole,sparse,0.01,0.9,1,0.1
297,0.0,9,0.06266666666666665,0.00012341467663645744,0.0473395511507988,0.007517433259636164,0.54356449842453,0.21116341650485992,,,,dqn_icm,cartpole,sparse,0.01,0.9,1,0.1
298,0.0,9,0.0595,5.105907257529907e-05,0.04572179168462753,0.005327166523784399,0.54356449842453,0.21116341650485992,,,,dqn_icm,cartpole,sparse,0.01,0.9,1,0.1
299,0.0,9,0.05633333333333346,0.00018619220645632595,0.05042761564254761,0.010787265375256538,0.5518848299980164,0.23190821707248688,,,,dqn_icm,cartpole,sparse,0.01,0.9,1,0.1
300,0.0,10,0.053166666666666695,0.00020053802290931344,0.05108252167701721,0.008427106775343418,0.5518848299980164,0.23190821707248688,0.0,0.0,9.3,dqn_icm,cartpole,sparse,0.01,0.9,1,0.1
301,0.0,10,0.050000000000000044,0.00024476315593346953,0.06584268808364868,0.013610424473881721,0.5518848299980164,0.23190821707248688,,,,dqn_icm,cartpole,sparse,0.01,0.9,1,0.1
302,0.0,9,0.050000000000000044,0.00030374410562217236,0.051653094589710236,0.0144120492041111,0.5518848299980164,0.23190821707248688,,,,dqn_icm,cartpole,sparse,0.01,0.9,1,0.1
303,0.0,10,0.050000000000000044,0.00012765057908836752,0.06012136489152908,0.009827271103858948,0.5301803350448608,0.21923083066940308,,,,dqn_icm,cartpole,sparse,0.01,0.9,1,0.1
304,0.0,10,0.050000000000000044,0.00012285866250749677,0.05342957377433777,0.010772382840514183,0.5301803350448608,0.21923083066940308,,,,dqn_icm,cartpole,sparse,0.01,0.9,1,0.1
305,0.0,10,0.050000000000000044,0.000175219276570715,0.0442599318921566,0.011164028197526932,0.5301803350448608,0.21923083066940308,,,,dqn_icm,cartpole,sparse,0.01,0.9,1,0.1
306,0.0,10,0.050000000000000044,0.00014289462706074119,0.048740141093730927,0.007866444066166878,0.5301803350448608,0.21923083066940308,,,,dqn_icm,cartpole,sparse,0.01,0.9,1,0.1
307,0.0,10,0.050000000000000044,5.183192843105644e-05,0.05271216481924057,0.007318209856748581,0.5317409038543701,0.17655517160892487,,,,dqn_icm,cartpole,sparse,0.01,0.9,1,0.1
308,0.0,9,0.050000000000000044,0.00020759993640240282,0.0478811115026474,0.008455721661448479,0.5317409038543701,0.17655517160892487,,,,dqn_icm,cartpole,sparse,0.01,0.9,1,0.1
309,0.0,9,0.050000000000000044,0.00011967936006840318,0.04004492610692978,0.006239151582121849,0.5317409038543701,0.17655517160892487,,,,dqn_icm,cartpole,sparse,0.01,0.9,1,0.1
310,0.0,11,0.050000000000000044,0.00021872870274819434,0.06500288099050522,0.010563379153609276,0.5317409038543701,0.17655517160892487,,,,dqn_icm,cartpole,sparse,0.01,0.9,1,0.1
311,0.0,9,0.050000000000000044,4.422947677085176e-05,0.06071305647492409,0.005886401049792767,0.5317409038543701,0.17655517160892487,,,,dqn_icm,cartpole,sparse,0.01,0.9,1,0.1
312,0.0,10,0.050000000000000044,0.0001303895260207355,0.05707763135433197,0.008307317271828651,0.5511140823364258,0.19777804613113403,,,,dqn_icm,cartpole,sparse,0.01,0.9,1,0.1
313,0.0,9,0.050000000000000044,0.0001037031615851447,0.05423469468951225,0.006338419392704964,0.5511140823364258,0.19777804613113403,,,,dqn_icm,cartpole,sparse,0.01,0.9,1,0.1
314,0.0,9,0.050000000000000044,2.473083441145718e-05,0.05578869208693504,0.004437239840626717,0.5511140823364258,0.19777804613113403,,,,dqn_icm,cartpole,sparse,0.01,0.9,1,0.1
315,0.0,10,0.050000000000000044,6.644554377999157e-05,0.0457083135843277,0.007387090474367142,0.5511140823364258,0.19777804613113403,,,,dqn_icm,cartpole,sparse,0.01,0.9,1,0.1
316,0.0,10,0.050000000000000044,0.00020216943812556565,0.0595921128988266,0.010672351345419884,0.5268844366073608,0.2607065439224243,,,,dqn_icm,cartpole,sparse,0.01,0.9,1,0.1
317,0.0,10,0.050000000000000044,9.150070400210097e-05,0.05259356647729874,0.007609572261571884,0.5268844366073608,0.2607065439224243,,,,dqn_icm,cartpole,sparse,0.01,0.9,1,0.1
318,0.0,9,0.050000000000000044,0.000522985530551523,0.04135097563266754,0.015217765234410763,0.5268844366073608,0.2607065439224243,,,,dqn_icm,cartpole,sparse,0.01,0.9,1,0.1
319,0.0,10,0.050000000000000044,0.00012138004967710003,0.0634213536977768,0.009332706220448017,0.5268844366073608,0.2607065439224243,,,,dqn_icm,cartpole,sparse,0.01,0.9,1,0.1
320,0.0,11,0.050000000000000044,9.95245500234887e-05,0.057576984167099,0.009131938219070435,0.5373196601867676,0.2506900429725647,,,,dqn_icm,cartpole,sparse,0.01,0.9,1,0.1
321,0.0,12,0.050000000000000044,6.824712181696668e-05,0.05692073702812195,0.007343510631471872,0.5373196601867676,0.2506900429725647,,,,dqn_icm,cartpole,sparse,0.01,0.9,1,0.1
322,0.0,8,0.050000000000000044,0.00010980884690070525,0.0599479079246521,0.007020843215286732,0.5373196601867676,0.2506900429725647,,,,dqn_icm,cartpole,sparse,0.01,0.9,1,0.1
323,0.0,10,0.050000000000000044,0.0001623393764020875,0.04615982249379158,0.01268085464835167,0.5373196601867676,0.2506900429725647,,,,dqn_icm,cartpole,sparse,0.01,0.9,1,0.1
324,0.0,11,0.050000000000000044,7.969573198352009e-05,0.05753966420888901,0.006318948231637478,0.5371073484420776,0.20655307173728943,,,,dqn_icm,cartpole,sparse,0.01,0.9,1,0.1
325,0.0,9,0.050000000000000044,0.00033014663495123386,0.06084738299250603,0.01111164502799511,0.5371073484420776,0.20655307173728943,,,,dqn_icm,cartpole,sparse,0.01,0.9,1,0.1
326,0.0,10,0.050000000000000044,7.626213482581079e-05,0.03921977058053017,0.006415799260139465,0.5371073484420776,0.20655307173728943,,,,dqn_icm,cartpole,sparse,0.01,0.9,1,0.1
327,0.0,9,0.050000000000000044,0.00015001332212705165,0.049040332436561584,0.008695918135344982,0.5371073484420776,0.20655307173728943,,,,dqn_icm,cartpole,sparse,0.01,0.9,1,0.1
328,0.0,10,0.050000000000000044,0.00025721979909576476,0.04802698269486427,0.008093471638858318,0.5079365968704224,0.17662903666496277,,,,dqn_icm,cartpole,sparse,0.01,0.9,1,0.1
329,0.0,11,0.050000000000000044,6.521385512314737e-05,0.053863510489463806,0.00879918783903122,0.5079365968704224,0.17662903666496277,,,,dqn_icm,cartpole,sparse,0.01,0.9,1,0.1
330,0.0,10,0.050000000000000044,4.788412479683757e-05,0.054132625460624695,0.006836447864770889,0.5079365968704224,0.17662903666496277,,,,dqn_icm,cartpole,sparse,0.01,0.9,1,0.1
331,0.0,10,0.050000000000000044,4.9001646402757615e-05,0.05402176082134247,0.00678133824840188,0.5079365968704224,0.17662903666496277,,,,dqn_icm,cartpole,sparse,0.01,0.9,1,0.1
332,0.0,9,0.050000000000000044,7.156137871788815e-05,0.04628628119826317,0.008928634226322174,0.5349379777908325,0.26223379373550415,,,,dqn_icm,cartpole,sparse,0.01,0.9,1,0.1
333,0.0,10,0.050000000000000044,9.041903103934601e-05,0.04777076840400696,0.00518425926566124,0.5349379777908325,0.26223379373550415,,,,dqn_icm,cartpole,sparse,0.01,0.9,1,0.1
334,0.0,10,0.050000000000000044,0.00019859308667946607,0.053406380116939545,0.00781515333801508,0.5349379777908325,0.26223379373550415,,,,dqn_icm,cartpole,sparse,0.01,0.9,1,0.1
335,0.0,10,0.050000000000000044,0.0001139908708864823,0.05065078288316727,0.008150029927492142,0.5349379777908325,0.26223379373550415,,,,dqn_icm,cartpole,sparse,0.01,0.9,1,0.1
336,0.0,10,0.050000000000000044,0.00034671270987018943,0.06624670326709747,0.010854802094399929,0.52043616771698,0.2857855558395386,,,,dqn_icm,cartpole,sparse,0.01,0.9,1,0.1
337,0.0,10,0.050000000000000044,0.0001353839907096699,0.06611558794975281,0.008998478762805462,0.52043616771698,0.2857855558395386,,,,dqn_icm,cartpole,sparse,0.01,0.9,1,0.1
338,0.0,10,0.050000000000000044,0.00010063903755508363,0.05566084757447243,0.006541842594742775,0.52043616771698,0.2857855558395386,,,,dqn_icm,cartpole,sparse,0.01,0.9,1,0.1
339,0.0,10,0.050000000000000044,0.00012334593338891864,0.05145188048481941,0.006399317644536495,0.52043616771698,0.2857855558395386,,,,dqn_icm,cartpole,sparse,0.01,0.9,1,0.1
340,0.0,10,0.050000000000000044,0.00011662699398584664,0.05097369849681854,0.006245714146643877,0.5069044232368469,0.23115131258964539,,,,dqn_icm,cartpole,sparse,0.01,0.9,1,0.1
341,0.0,10,0.050000000000000044,0.00019159965449944139,0.049761123955249786,0.007856651209294796,0.5069044232368469,0.23115131258964539,,,,dqn_icm,cartpole,sparse,0.01,0.9,1,0.1
342,0.0,9,0.050000000000000044,0.00013378672883845866,0.04461294412612915,0.0058055659756064415,0.5069044232368469,0.23115131258964539,,,,dqn_icm,cartpole,sparse,0.01,0.9,1,0.1
343,0.0,10,0.050000000000000044,0.00021077186102047563,0.057608671486377716,0.010144642554223537,0.5069044232368469,0.23115131258964539,,,,dqn_icm,cartpole,sparse,0.01,0.9,1,0.1
344,0.0,10,0.050000000000000044,0.0001978862565010786,0.0734109953045845,0.01181255467236042,0.5531395673751831,0.25416436791419983,,,,dqn_icm,cartpole,sparse,0.01,0.9,1,0.1
345,0.0,9,0.050000000000000044,0.00010546007251832634,0.05488958954811096,0.008572082966566086,0.5531395673751831,0.25416436791419983,,,,dqn_icm,cartpole,sparse,0.01,0.9,1,0.1
346,0.0,9,0.050000000000000044,0.00012363787391223013,0.057165615260601044,0.011512272991240025,0.5531395673751831,0.25416436791419983,,,,dqn_icm,cartpole,sparse,0.01,0.9,1,0.1
347,0.0,10,0.050000000000000044,7.366109639406204e-05,0.05916208028793335,0.007287181913852692,0.5531395673751831,0.25416436791419983,,,,dqn_icm,cartpole,sparse,0.01,0.9,1,0.1
348,0.0,9,0.050000000000000044,0.0008233265834860504,0.055247142910957336,0.028292592614889145,0.5075608491897583,0.20617657899856567,,,,dqn_icm,cartpole,sparse,0.01,0.9,1,0.1
349,0.0,10,0.050000000000000044,0.00040061725303530693,0.07791228592395782,0.018199745565652847,0.5075608491897583,0.20617657899856567,,,,dqn_icm,cartpole,sparse,0.01,0.9,1,0.1
350,0.0,10,0.050000000000000044,0.0001787591027095914,0.07127752900123596,0.011340823024511337,0.5075608491897583,0.20617657899856567,0.0,0.0,9.5,dqn_icm,cartpole,sparse,0.01,0.9,1,0.1
351,0.0,9,0.050000000000000044,0.000645799795165658,0.06142056733369827,0.021272946149110794,0.5075608491897583,0.20617657899856567,,,,dqn_icm,cartpole,sparse,0.01,0.9,1,0.1
352,0.0,8,0.050000000000000044,0.00033767864806577563,0.08763105422258377,0.013162996619939804,0.5075608491897583,0.20617657899856567,,,,dqn_icm,cartpole,sparse,0.01,0.9,1,0.1
353,0.0,10,0.050000000000000044,0.0005072220810689032,0.06972529739141464,0.018666833639144897,0.5176076889038086,0.2854670286178589,,,,dqn_icm,cartpole,sparse,0.01,0.9,1,0.1
354,0.0,10,0.050000000000000044,0.0003916429996024817,0.06438786536455154,0.015597041696310043,0.5176076889038086,0.2854670286178589,,,,dqn_icm,cartpole,sparse,0.01,0.9,1,0.1
355,0.0,10,0.050000000000000044,0.00044783682096749544,0.09068969637155533,0.014374440535902977,0.5176076889038086,0.2854670286178589,,,,dqn_icm,cartpole,sparse,0.01,0.9,1,0.1
356,0.0,10,0.050000000000000044,0.0005143560701981187,0.08506395667791367,0.015251965261995792,0.5176076889038086,0.2854670286178589,,,,dqn_icm,cartpole,sparse,0.01,0.9,1,0.1
357,0.0,8,0.050000000000000044,0.00023772451095283031,0.06587593257427216,0.01249995268881321,0.566149890422821,0.3476473093032837,,,,dqn_icm,cartpole,sparse,0.01,0.9,1,0.1
358,0.0,10,0.050000000000000044,0.0007655356894247234,0.09036703407764435,0.01841164380311966,0.566149890422821,0.3476473093032837,,,,dqn_icm,cartpole,sparse,0.01,0.9,1,0.1
359,0.0,9,0.050000000000000044,0.0002183051547035575,0.06991623342037201,0.012439984828233719,0.566149890422821,0.3476473093032837,,,,dqn_icm,cartpole,sparse,0.01,0.9,1,0.1
360,0.0,10,0.050000000000000044,0.000273639103397727,0.07404915988445282,0.01076121162623167,0.566149890422821,0.3476473093032837,,,,dqn_icm,cartpole,sparse,0.01,0.9,1,0.1
361,0.0,11,0.050000000000000044,0.00013499255874194205,0.07460306584835052,0.009814184159040451,0.5542052388191223,0.23646476864814758,,,,dqn_icm,cartpole,sparse,0.01,0.9,1,0.1
362,0.0,8,0.050000000000000044,0.00018034847744274884,0.0788857489824295,0.010542593896389008,0.5542052388191223,0.23646476864814758,,,,dqn_icm,cartpole,sparse,0.01,0.9,1,0.1
363,0.0,9,0.050000000000000044,0.0006228230195119977,0.09324447810649872,0.013763483613729477,0.5542052388191223,0.23646476864814758,,,,dqn_icm,cartpole,sparse,0.01,0.9,1,0.1
364,0.0,11,0.050000000000000044,0.0001966931886272505,0.07783905416727066,0.011284327134490013,0.5542052388191223,0.23646476864814758,,,,dqn_icm,cartpole,sparse,0.01,0.9,1,0.1
365,0.0,10,0.050000000000000044,0.00024723244132474065,0.0820249691605568,0.010604914277791977,0.504093587398529,0.22151395678520203,,,,dqn_icm,cartpole,sparse,0.01,0.9,1,0.1
366,0.0,10,0.050000000000000044,0.0003927872166968882,0.07313074171543121,0.01189810037612915,0.504093587398529,0.22151395678520203,,,,dqn_icm,cartpole,sparse,0.01,0.9,1,0.1
367,0.0,9,0.050000000000000044,0.00015813176287338138,0.07452532649040222,0.009460527449846268,0.504093587398529,0.22151395678520203,,,,dqn_icm,cartpole,sparse,0.01,0.9,1,0.1
368,0.0,10,0.050000000000000044,0.00025024497881531715,0.08125460147857666,0.013819051906466484,0.504093587398529,0.22151395678520203,,,,dqn_icm,cartpole,sparse,0.01,0.9,1,0.1
369,0.0,10,0.050000000000000044,0.00037293549394235015,0.08257599174976349,0.010270459577441216,0.5330379009246826,0.23849856853485107,,,,dqn_icm,cartpole,sparse,0.01,0.9,1,0.1
370,0.0,9,0.050000000000000044,0.0005885661812499166,0.07249131798744202,0.021080944687128067,0.5330379009246826,0.23849856853485107,,,,dqn_icm,cartpole,sparse,0.01,0.9,1,0.1
371,0.0,10,0.050000000000000044,0.0006615319289267063,0.10624311119318008,0.021955212578177452,0.5330379009246826,0.23849856853485107,,,,dqn_icm,cartpole,sparse,0.01,0.9,1,0.1
372,0.0,12,0.050000000000000044,0.00020041716925334185,0.0749555379152298,0.011509662494063377,0.5330379009246826,0.23849856853485107,,,,dqn_icm,cartpole,sparse,0.01,0.9,1,0.1
373,0.0,8,0.050000000000000044,0.0001731305237626657,0.06633150577545166,0.013355126604437828,0.5395108461380005,0.20662806928157806,,,,dqn_icm,cartpole,sparse,0.01,0.9,1,0.1
374,0.0,10,0.050000000000000044,0.00025130336871370673,0.0957983136177063,0.014365110546350479,0.5395108461380005,0.20662806928157806,,,,dqn_icm,cartpole,sparse,0.01,0.9,1,0.1
375,0.0,10,0.050000000000000044,0.0001553093024995178,0.07955645024776459,0.010720517486333847,0.5395108461380005,0.20662806928157806,,,,dqn_icm,cartpole,sparse,0.01,0.9,1,0.1
376,0.0,10,0.050000000000000044,0.0003296718932688236,0.08886393159627914,0.015521317720413208,0.5395108461380005,0.20662806928157806,,,,dqn_icm,cartpole,sparse,0.01,0.9,1,0.1
377,0.0,9,0.050000000000000044,0.00036943668965250254,0.0834427922964096,0.013246214017271996,0.493937224149704,0.2565751075744629,,,,dqn_icm,cartpole,sparse,0.01,0.9,1,0.1
378,0.0,11,0.050000000000000044,0.00032192125217989087,0.07398927211761475,0.016350112855434418,0.493937224149704,0.2565751075744629,,,,dqn_icm,cartpole,sparse,0.01,0.9,1,0.1
379,0.0,8,0.050000000000000044,0.0004746221238747239,0.0892251506447792,0.015394795686006546,0.493937224149704,0.2565751075744629,,,,dqn_icm,cartpole,sparse,0.01,0.9,1,0.1
380,0.0,10,0.050000000000000044,0.0002675324503798038,0.06844206154346466,0.008666501380503178,0.493937224149704,0.2565751075744629,,,,dqn_icm,cartpole,sparse,0.01,0.9,1,0.1
381,0.0,9,0.050000000000000044,0.00020983658032491803,0.07558868825435638,0.01170753501355648,0.493937224149704,0.2565751075744629,,,,dqn_icm,cartpole,sparse,0.01,0.9,1,0.1
382,0.0,12,0.050000000000000044,0.0004283308226149529,0.08629381656646729,0.014158880338072777,0.5048832893371582,0.2825384736061096,,,,dqn_icm,cartpole,sparse,0.01,0.9,1,0.1
383,0.0,10,0.050000000000000044,5.932487329118885e-05,0.07434137165546417,0.0061125182546675205,0.5048832893371582,0.2825384736061096,,,,dqn_icm,cartpole,sparse,0.01,0.9,1,0.1
384,0.0,9,0.050000000000000044,0.00028983340598642826,0.08634199947118759,0.013120313175022602,0.5048832893371582,0.2825384736061096,,,,dqn_icm,cartpole,sparse,0.01,0.9,1,0.1
385,0.0,10,0.050000000000000044,6.616447353735566e-05,0.08101041615009308,0.006047292146831751,0.5020374655723572,0.23901990056037903,,,,dqn_icm,cartpole,sparse,0.01,0.9,1,0.1
386,0.0,10,0.050000000000000044,0.00027676031459122896,0.0801151692867279,0.010339519008994102,0.5020374655723572,0.23901990056037903,,,,dqn_icm,cartpole,sparse,0.01,0.9,1,0.1
387,0.0,10,0.050000000000000044,9.030505316331983e-05,0.061851248145103455,0.007293212227523327,0.5020374655723572,0.23901990056037903,,,,dqn_icm,cartpole,sparse,0.01,0.9,1,0.1
388,0.0,9,0.050000000000000044,0.0003600734344217926,0.10266276448965073,0.016476143151521683,0.5020374655723572,0.23901990056037903,,,,dqn_icm,cartpole,sparse,0.01,0.9,1,0.1
389,0.0,9,0.050000000000000044,0.0002247112279292196,0.0901886448264122,0.012168300338089466,0.5020374655723572,0.23901990056037903,,,,dqn_icm,cartpole,sparse,0.01,0.9,1,0.1
390,0.0,9,0.050000000000000044,0.0006189256673678756,0.07811929285526276,0.014231645502150059,0.49962642788887024,0.1774234175682068,,,,dqn_icm,cartpole,sparse,0.01,0.9,1,0.1
391,0.0,8,0.050000000000000044,0.0005663238116540015,0.1020420640707016,0.017876960337162018,0.49962642788887024,0.1774234175682068,,,,dqn_icm,cartpole,sparse,0.01,0.9,1,0.1
392,0.0,8,0.050000000000000044,0.00037128981784917414,0.08725845813751221,0.013661930337548256,0.49962642788887024,0.1774234175682068,,,,dqn_icm,cartpole,sparse,0.01,0.9,1,0.1
393,0.0,9,0.050000000000000044,0.00031190592562779784,0.08202101290225983,0.011340176686644554,0.49962642788887024,0.1774234175682068,,,,dqn_icm,cartpole,sparse,0.01,0.9,1,0.1
394,0.0,9,0.050000000000000044,0.00031698489328846335,0.08409646153450012,0.012184730730950832,0.4916204810142517,0.2432076632976532,,,,dqn_icm,cartpole,sparse,0.01,0.9,1,0.1
395,0.0,10,0.050000000000000044,9.670047438703477e-05,0.07810796797275543,0.009715632535517216,0.4916204810142517,0.2432076632976532,,,,dqn_icm,cartpole,sparse,0.01,0.9,1,0.1
396,0.0,11,0.050000000000000044,0.0001345184282399714,0.08304788172245026,0.011536708101630211,0.4916204810142517,0.2432076632976532,,,,dqn_icm,cartpole,sparse,0.01,0.9,1,0.1
397,0.0,12,0.050000000000000044,0.00012795382644981146,0.06304283440113068,0.009916105307638645,0.4916204810142517,0.2432076632976532,,,,dqn_icm,cartpole,sparse,0.01,0.9,1,0.1
398,0.0,10,0.050000000000000044,0.0002092830545734614,0.07693138718605042,0.007570619694888592,0.5363127589225769,0.23705138266086578,,,,dqn_icm,cartpole,sparse,0.01,0.9,1,0.1
399,0.0,10,0.050000000000000044,0.00019258333486504853,0.09627409279346466,0.008485222235321999,0.5363127589225769,0.23705138266086578,,,,dqn_icm,cartpole,sparse,0.01,0.9,1,0.1
400,0.0,10,0.050000000000000044,0.00013259834668133408,0.07753297686576843,0.010070983320474625,0.5363127589225769,0.23705138266086578,0.0,0.0,9.3,dqn_icm,cartpole,sparse,0.01,0.9,1,0.1
401,0.0,9,0.050000000000000044,0.0005015801871195436,0.10710352659225464,0.013046113774180412,0.5363127589225769,0.23705138266086578,,,,dqn_icm,cartpole,sparse,0.01,0.9,1,0.1
402,0.0,10,0.050000000000000044,0.00018731734598986804,0.07088491320610046,0.009953395463526249,0.5060509443283081,0.24121084809303284,,,,dqn_icm,cartpole,sparse,0.01,0.9,1,0.1
403,0.0,10,0.050000000000000044,0.0002643712214194238,0.06755583733320236,0.007792566902935505,0.5060509443283081,0.24121084809303284,,,,dqn_icm,cartpole,sparse,0.01,0.9,1,0.1
404,0.0,10,0.050000000000000044,0.0007458441541530192,0.09120936691761017,0.019129998981952667,0.5060509443283081,0.24121084809303284,,,,dqn_icm,cartpole,sparse,0.01,0.9,1,0.1
405,0.0,10,0.050000000000000044,0.00017171804211102426,0.09147721529006958,0.009666003286838531,0.5060509443283081,0.24121084809303284,,,,dqn_icm,cartpole,sparse,0.01,0.9,1,0.1
406,0.0,8,0.050000000000000044,0.000470145809231326,0.09263719618320465,0.013534167781472206,0.5125917792320251,0.3077579736709595,,,,dqn_icm,cartpole,sparse,0.01,0.9,1,0.1
407,0.0,10,0.050000000000000044,0.0004486690741032362,0.07645119726657867,0.013187333941459656,0.5125917792320251,0.3077579736709595,,,,dqn_icm,cartpole,sparse,0.01,0.9,1,0.1
408,0.0,10,0.050000000000000044,0.0010067624971270561,0.08377794176340103,0.02338763140141964,0.5125917792320251,0.3077579736709595,,,,dqn_icm,cartpole,sparse,0.01,0.9,1,0.1
409,0.0,10,0.050000000000000044,0.0004536404157988727,0.07655532658100128,0.01344219595193863,0.5125917792320251,0.3077579736709595,,,,dqn_icm,cartpole,sparse,0.01,0.9,1,0.1
410,0.0,12,0.050000000000000044,0.00046916736755520105,0.09360848367214203,0.018552333116531372,0.49965178966522217,0.26678013801574707,,,,dqn_icm,cartpole,sparse,0.01,0.9,1,0.1
411,0.0,10,0.050000000000000044,0.00019147222337778658,0.08342039585113525,0.01097388006746769,0.49965178966522217,0.26678013801574707,,,,dqn_icm,cartpole,sparse,0.01,0.9,1,0.1
412,0.0,10,0.050000000000000044,0.00023556931409984827,0.08194126933813095,0.011014401912689209,0.49965178966522217,0.26678013801574707,,,,dqn_icm,cartpole,sparse,0.01,0.9,1,0.1
413,0.0,10,0.050000000000000044,0.000241170622757636,0.07496897131204605,0.010433369316160679,0.49965178966522217,0.26678013801574707,,,,dqn_icm,cartpole,sparse,0.01,0.9,1,0.1
414,0.0,10,0.050000000000000044,8.488376624882221e-05,0.08060809224843979,0.008985431864857674,0.47252950072288513,0.1987006813287735,,,,dqn_icm,cartpole,sparse,0.01,0.9,1,0.1
415,0.0,10,0.050000000000000044,0.00038805577787570655,0.07907754927873611,0.014728080481290817,0.47252950072288513,0.1987006813287735,,,,dqn_icm,cartpole,sparse,0.01,0.9,1,0.1
416,0.0,10,0.050000000000000044,0.0005380464135669172,0.08700327575206757,0.017158091068267822,0.47252950072288513,0.1987006813287735,,,,dqn_icm,cartpole,sparse,0.01,0.9,1,0.1
417,0.0,8,0.050000000000000044,0.00042900157859548926,0.07696457207202911,0.01728198677301407,0.47252950072288513,0.1987006813287735,,,,dqn_icm,cartpole,sparse,0.01,0.9,1,0.1
418,0.0,9,0.050000000000000044,0.00048339663771912456,0.09175556898117065,0.018103934824466705,0.5022860765457153,0.2781834602355957,,,,dqn_icm,cartpole,sparse,0.01,0.9,1,0.1
419,0.0,10,0.050000000000000044,0.0003615568275563419,0.10205608606338501,0.017776044085621834,0.5022860765457153,0.2781834602355957,,,,dqn_icm,cartpole,sparse,0.01,0.9,1,0.1
420,0.0,10,0.050000000000000044,0.0007044813828542829,0.09086763858795166,0.025720365345478058,0.5022860765457153,0.2781834602355957,,,,dqn_icm,cartpole,sparse,0.01,0.9,1,0.1
421,0.0,10,0.050000000000000044,0.0003754757926799357,0.09352784603834152,0.011121752671897411,0.5022860765457153,0.2781834602355957,,,,dqn_icm,cartpole,sparse,0.01,0.9,1,0.1
422,0.0,10,0.050000000000000044,0.00033735178294591606,0.06479880213737488,0.017278388142585754,0.5239670872688293,0.21687783300876617,,,,dqn_icm,cartpole,sparse,0.01,0.9,1,0.1
423,0.0,8,0.050000000000000044,0.0007260256097652018,0.08055861294269562,0.025181099772453308,0.5239670872688293,0.21687783300876617,,,,dqn_icm,cartpole,sparse,0.01,0.9,1,0.1
424,0.0,10,0.050000000000000044,0.00014886941062286496,0.08634330332279205,0.01516563817858696,0.5239670872688293,0.21687783300876617,,,,dqn_icm,cartpole,sparse,0.01,0.9,1,0.1
425,0.0,10,0.050000000000000044,0.00043683871626853943,0.08136509358882904,0.01307893730700016,0.5239670872688293,0.21687783300876617,,,,dqn_icm,cartpole,sparse,0.01,0.9,1,0.1
426,0.0,9,0.050000000000000044,0.0004277285188436508,0.09206950664520264,0.01752455346286297,0.5239670872688293,0.21687783300876617,,,,dqn_icm,cartpole,sparse,0.01,0.9,1,0.1
427,0.0,10,0.050000000000000044,0.0005669957026839256,0.08226539194583893,0.013268379494547844,0.5045027136802673,0.29520463943481445,,,,dqn_icm,cartpole,sparse,0.01,0.9,1,0.1
428,0.0,9,0.050000000000000044,0.00010346581257181242,0.07189784944057465,0.007736602798104286,0.5045027136802673,0.29520463943481445,,,,dqn_icm,cartpole,sparse,0.01,0.9,1,0.1
429,0.0,10,0.050000000000000044,0.0003898311988450587,0.0785883367061615,0.01415768451988697,0.5045027136802673,0.29520463943481445,,,,dqn_icm,cartpole,sparse,0.01,0.9,1,0.1
430,0.0,9,0.050000000000000044,8.112237992463633e-05,0.08005887269973755,0.009135687723755836,0.5045027136802673,0.29520463943481445,,,,dqn_icm,cartpole,sparse,0.01,0.9,1,0.1
431,0.0,9,0.050000000000000044,0.000352999399183318,0.09489116072654724,0.013859332539141178,0.5290492177009583,0.22241723537445068,,,,dqn_icm,cartpole,sparse,0.01,0.9,1,0.1
432,0.0,8,0.050000000000000044,0.0001852144196163863,0.07939166575670242,0.012261934578418732,0.5290492177009583,0.22241723537445068,,,,dqn_icm,cartpole,sparse,0.01,0.9,1,0.1
433,0.0,9,0.050000000000000044,0.00020747468806803226,0.0694851502776146,0.01655121147632599,0.5290492177009583,0.22241723537445068,,,,dqn_icm,cartpole,sparse,0.01,0.9,1,0.1
434,0.0,11,0.050000000000000044,0.0004344591579865664,0.08955642580986023,0.016285307705402374,0.5290492177009583,0.22241723537445068,,,,dqn_icm,cartpole,sparse,0.01,0.9,1,0.1
435,0.0,9,0.050000000000000044,3.7576719478238374e-05,0.07468141615390778,0.005702308379113674,0.49001041054725647,0.17980314791202545,,,,dqn_icm,cartpole,sparse,0.01,0.9,1,0.1
436,0.0,11,0.050000000000000044,0.00017576443497091532,0.07114171981811523,0.011678709648549557,0.49001041054725647,0.17980314791202545,,,,dqn_icm,cartpole,sparse,0.01,0.9,1,0.1
437,0.0,8,0.050000000000000044,0.0003208755806554109,0.09346805512905121,0.017425794154405594,0.49001041054725647,0.17980314791202545,,,,dqn_icm,cartpole,sparse,0.01,0.9,1,0.1
438,0.0,9,0.050000000000000044,0.00021413108333945274,0.08232226967811584,0.010037397965788841,0.49001041054725647,0.17980314791202545,,,,dqn_icm,cartpole,sparse,0.01,0.9,1,0.1
439,0.0,10,0.050000000000000044,0.0007747001363895833,0.09725233167409897,0.02092326432466507,0.49001041054725647,0.17980314791202545,,,,dqn_icm,cartpole,sparse,0.01,0.9,1,0.1
440,0.0,9,0.050000000000000044,0.00015189954137895256,0.0755975991487503,0.009420990012586117,0.48591041564941406,0.22333672642707825,,,,dqn_icm,cartpole,sparse,0.01,0.9,1,0.1
441,0.0,9,0.050000000000000044,0.0003088203666266054,0.09735412895679474,0.014320850372314453,0.48591041564941406,0.22333672642707825,,,,dqn_icm,cartpole,sparse,0.01,0.9,1,0.1
442,0.0,10,0.050000000000000044,0.00030506105395033956,0.08276920765638351,0.010350001975893974,0.48591041564941406,0.22333672642707825,,,,dqn_icm,cartpole,sparse,0.01,0.9,1,0.1
443,0.0,9,0.050000000000000044,0.0005427558207884431,0.07494302093982697,0.01731128618121147,0.48591041564941406,0.22333672642707825,,,,dqn_icm,cartpole,sparse,0.01,0.9,1,0.1
444,0.0,10,0.050000000000000044,8.896188955986872e-05,0.08248310536146164,0.00872060563415289,0.47065266966819763,0.31114763021469116,,,,dqn_icm,cartpole,sparse,0.01,0.9,1,0.1
445,0.0,10,0.050000000000000044,0.0002974217932205647,0.08138014376163483,0.01088166143745184,0.47065266966819763,0.31114763021469116,,,,dqn_icm,cartpole,sparse,0.01,0.9,1,0.1
446,0.0,12,0.050000000000000044,0.0007870575645938516,0.11139585822820663,0.02261674404144287,0.47065266966819763,0.31114763021469116,,,,dqn_icm,cartpole,sparse,0.01,0.9,1,0.1
447,0.0,8,0.050000000000000044,0.0003561097546480596,0.09359288960695267,0.011337709613144398,0.47065266966819763,0.31114763021469116,,,,dqn_icm,cartpole,sparse,0.01,0.9,1,0.1
448,0.0,10,0.050000000000000044,0.00022035828442312777,0.10177551209926605,0.010422328487038612,0.49048474431037903,0.31055063009262085,,,,dqn_icm,cartpole,sparse,0.01,0.9,1,0.1
449,0.0,10,0.050000000000000044,0.000496610882692039,0.09063993394374847,0.017167463898658752,0.49048474431037903,0.31055063009262085,,,,dqn_icm,cartpole,sparse,0.01,0.9,1,0.1
450,0.0,10,0.050000000000000044,0.00020428824063856155,0.08153784275054932,0.010888136923313141,0.49048474431037903,0.31055063009262085,0.0,0.0,9.3,dqn_icm,cartpole,sparse,0.01,0.9,1,0.1
451,0.0,8,0.050000000000000044,0.0001321227609878406,0.09914873540401459,0.009114419110119343,0.49048474431037903,0.31055063009262085,,,,dqn_icm,cartpole,sparse,0.01,0.9,1,0.1
452,0.0,14,0.050000000000000044,0.0006251055747270584,0.09109442681074142,0.017558889463543892,0.49329301714897156,0.2680446207523346,,,,dqn_icm,cartpole,sparse,0.01,0.9,1,0.1
453,0.0,10,0.050000000000000044,0.00046913843834772706,0.09673278033733368,0.01387767307460308,0.49329301714897156,0.2680446207523346,,,,dqn_icm,cartpole,sparse,0.01,0.9,1,0.1
454,0.0,9,0.050000000000000044,0.00032628304325044155,0.09228319674730301,0.01438967790454626,0.49329301714897156,0.2680446207523346,,,,dqn_icm,cartpole,sparse,0.01,0.9,1,0.1
455,0.0,10,0.050000000000000044,0.0002856518840417266,0.08603221923112869,0.010831102728843689,0.49329301714897156,0.2680446207523346,,,,dqn_icm,cartpole,sparse,0.01,0.9,1,0.1
456,0.0,9,0.050000000000000044,0.0003679129877127707,0.08405272662639618,0.011777901090681553,0.4760223627090454,0.35130035877227783,,,,dqn_icm,cartpole,sparse,0.01,0.9,1,0.1
457,0.0,10,0.050000000000000044,0.0004011971759609878,0.09625432640314102,0.015459262765944004,0.4760223627090454,0.35130035877227783,,,,dqn_icm,cartpole,sparse,0.01,0.9,1,0.1
458,0.0,12,0.050000000000000044,0.00010674017539713532,0.0720721185207367,0.011419480666518211,0.4760223627090454,0.35130035877227783,,,,dqn_icm,cartpole,sparse,0.01,0.9,1,0.1
459,0.0,9,0.050000000000000044,0.0006856085383333266,0.0826449990272522,0.018385909497737885,0.4760223627090454,0.35130035877227783,,,,dqn_icm,cartpole,sparse,0.01,0.9,1,0.1
460,0.0,9,0.050000000000000044,0.00017341406783089042,0.08691765367984772,0.011247470043599606,0.47465211153030396,0.2843535542488098,,,,dqn_icm,cartpole,sparse,0.01,0.9,1,0.1
461,0.0,8,0.050000000000000044,0.0003967036900576204,0.08792958408594131,0.011323032900691032,0.47465211153030396,0.2843535542488098,,,,dqn_icm,cartpole,sparse,0.01,0.9,1,0.1
462,0.0,9,0.050000000000000044,0.00017348091932944953,0.09493536502122879,0.013428779318928719,0.47465211153030396,0.2843535542488098,,,,dqn_icm,cartpole,sparse,0.01,0.9,1,0.1
463,0.0,9,0.050000000000000044,0.00023618109116796404,0.09126290678977966,0.011065945029258728,0.47465211153030396,0.2843535542488098,,,,dqn_icm,cartpole,sparse,0.01,0.9,1,0.1
464,0.0,10,0.050000000000000044,0.0001036198518704623,0.10030970722436905,0.009244970045983791,0.48522233963012695,0.3085975646972656,,,,dqn_icm,cartpole,sparse,0.01,0.9,1,0.1
465,0.0,9,0.050000000000000044,0.0008881884277798235,0.09866167604923248,0.022287044674158096,0.48522233963012695,0.3085975646972656,,,,dqn_icm,cartpole,sparse,0.01,0.9,1,0.1
466,0.0,9,0.050000000000000044,0.0003747682203538716,0.09243935346603394,0.015628650784492493,0.48522233963012695,0.3085975646972656,,,,dqn_icm,cartpole,sparse,0.01,0.9,1,0.1
467,0.0,9,0.050000000000000044,0.0005329014966264367,0.10999567061662674,0.01731565222144127,0.48522233963012695,0.3085975646972656,,,,dqn_icm,cartpole,sparse,0.01,0.9,1,0.1
468,0.0,10,0.050000000000000044,0.0002858465304598212,0.0907241702079773,0.010972483083605766,0.48522233963012695,0.3085975646972656,,,,dqn_icm,cartpole,sparse,0.01,0.9,1,0.1
469,0.0,10,0.050000000000000044,0.00040218362119048834,0.10981595516204834,0.015452448278665543,0.49647650122642517,0.3732152581214905,,,,dqn_icm,cartpole,sparse,0.01,0.9,1,0.1
470,0.0,9,0.050000000000000044,0.00018026179168373346,0.07709947973489761,0.008879445493221283,0.49647650122642517,0.3732152581214905,,,,dqn_icm,cartpole,sparse,0.01,0.9,1,0.1
471,0.0,10,0.050000000000000044,0.0002302900975337252,0.08236701786518097,0.009112050756812096,0.49647650122642517,0.3732152581214905,,,,dqn_icm,cartpole,sparse,0.01,0.9,1,0.1
472,0.0,9,0.050000000000000044,0.00043240090599283576,0.10240145772695541,0.013698803260922432,0.49647650122642517,0.3732152581214905,,,,dqn_icm,cartpole,sparse,0.01,0.9,1,0.1
473,0.0,8,0.050000000000000044,0.00012965814676135778,0.07994217425584793,0.008242256008088589,0.4838639199733734,0.3165360689163208,,,,dqn_icm,cartpole,sparse,0.01,0.9,1,0.1
474,0.0,10,0.050000000000000044,0.0004043821827508509,0.10003556311130524,0.01253439486026764,0.4838639199733734,0.3165360689163208,,,,dqn_icm,cartpole,sparse,0.01,0.9,1,0.1
475,0.0,9,0.050000000000000044,0.0003059131558984518,0.10558687150478363,0.013562635518610477,0.4838639199733734,0.3165360689163208,,,,dqn_icm,cartpole,sparse,0.01,0.9,1,0.1
476,0.0,10,0.050000000000000044,0.00010482513607712463,0.09447778761386871,0.008246910758316517,0.4838639199733734,0.3165360689163208,,,,dqn_icm,cartpole,sparse,0.01,0.9,1,0.1
477,0.0,10,0.050000000000000044,8.455268834950402e-05,0.10440167784690857,0.0065691908821463585,0.43658342957496643,0.2567014992237091,,,,dqn_icm,cartpole,sparse,0.01,0.9,1,0.1
478,0.0,12,0.050000000000000044,0.0001745046756695956,0.10569275170564651,0.010875815525650978,0.43658342957496643,0.2567014992237091,,,,dqn_icm,cartpole,sparse,0.01,0.9,1,0.1
479,0.0,8,0.050000000000000044,0.00028712773928418756,0.09159665554761887,0.01097150705754757,0.43658342957496643,0.2567014992237091,,,,dqn_icm,cartpole,sparse,0.01,0.9,1,0.1
480,0.0,10,0.050000000000000044,7.15623318683356e-05,0.08778712153434753,0.007125744596123695,0.43658342957496643,0.2567014992237091,,,,dqn_icm,cartpole,sparse,0.01,0.9,1,0.1
481,0.0,11,0.050000000000000044,0.00027250268612988293,0.08575350046157837,0.012125915847718716,0.5021023750305176,0.2816195487976074,,,,dqn_icm,cartpole,sparse,0.01,0.9,1,0.1
482,0.0,10,0.050000000000000044,0.0002497528330422938,0.10008696466684341,0.012191187590360641,0.5021023750305176,0.2816195487976074,,,,dqn_icm,cartpole,sparse,0.01,0.9,1,0.1
483,0.0,10,0.050000000000000044,0.00010533499153098091,0.07639153301715851,0.00793834961950779,0.5021023750305176,0.2816195487976074,,,,dqn_icm,cartpole,sparse,0.01,0.9,1,0.1
484,0.0,10,0.050000000000000044,0.00038016666076146066,0.12125399708747864,0.013147654011845589,0.5021023750305176,0.2816195487976074,,,,dqn_icm,cartpole,sparse,0.01,0.9,1,0.1
485,0.0,9,0.050000000000000044,3.637384725152515e-05,0.08145228773355484,0.0042841266840696335,0.4659782350063324,0.41690605878829956,,,,dqn_icm,cartpole,sparse,0.01,0.9,1,0.1
486,0.0,9,0.050000000000000044,3.846834079013206e-05,0.09838317334651947,0.006848491262644529,0.4659782350063324,0.41690605878829956,,,,dqn_icm,cartpole,sparse,0.01,0.9,1,0.1
487,0.0,9,0.050000000000000044,0.00014643407484982163,0.08767750859260559,0.011372676119208336,0.4659782350063324,0.41690605878829956,,,,dqn_icm,cartpole,sparse,0.01,0.9,1,0.1
488,0.0,9,0.050000000000000044,0.00035715976264327765,0.08178291469812393,0.013601835817098618,0.4659782350063324,0.41690605878829956,,,,dqn_icm,cartpole,sparse,0.01,0.9,1,0.1
489,0.0,9,0.050000000000000044,0.0003452851378824562,0.09277381002902985,0.014997627586126328,0.4609783887863159,0.2974156141281128,,,,dqn_icm,cartpole,sparse,0.01,0.9,1,0.1
490,0.0,9,0.050000000000000044,0.0002868294541258365,0.08254966139793396,0.012927301228046417,0.4609783887863159,0.2974156141281128,,,,dqn_icm,cartpole,sparse,0.01,0.9,1,0.1
491,0.0,10,0.050000000000000044,0.00043710737372748554,0.09065752476453781,0.016737021505832672,0.4609783887863159,0.2974156141281128,,,,dqn_icm,cartpole,sparse,0.01,0.9,1,0.1
492,0.0,12,0.050000000000000044,0.000655863550491631,0.11616364121437073,0.01889416202902794,0.4609783887863159,0.2974156141281128,,,,dqn_icm,cartpole,sparse,0.01,0.9,1,0.1
493,0.0,10,0.050000000000000044,0.0004959902726113796,0.09008423984050751,0.011548195034265518,0.4615131914615631,0.29256224632263184,,,,dqn_icm,cartpole,sparse,0.01,0.9,1,0.1
494,0.0,9,0.050000000000000044,0.00042461996781639755,0.0914270430803299,0.012887706980109215,0.4615131914615631,0.29256224632263184,,,,dqn_icm,cartpole,sparse,0.01,0.9,1,0.1
495,0.0,9,0.050000000000000044,0.0003969437093473971,0.08946946263313293,0.012049592100083828,0.4615131914615631,0.29256224632263184,,,,dqn_icm,cartpole,sparse,0.01,0.9,1,0.1
496,0.0,9,0.050000000000000044,9.523872722638771e-05,0.08703979849815369,0.009253064170479774,0.4615131914615631,0.29256224632263184,,,,dqn_icm,cartpole,sparse,0.01,0.9,1,0.1
497,0.0,11,0.050000000000000044,0.0006843972951173782,0.10880491882562637,0.016901742666959763,0.4615131914615631,0.29256224632263184,,,,dqn_icm,cartpole,sparse,0.01,0.9,1,0.1
498,0.0,9,0.050000000000000044,0.00024460270651616156,0.09339802712202072,0.011086571961641312,0.4815339744091034,0.2561677396297455,,,,dqn_icm,cartpole,sparse,0.01,0.9,1,0.1
499,0.0,9,0.050000000000000044,0.00011447340511949733,0.09071037173271179,0.009574972093105316,0.4815339744091034,0.2561677396297455,,,,dqn_icm,cartpole,sparse,0.01,0.9,1,0.1
500,0.0,10,0.050000000000000044,0.00018729825387708843,0.09030106663703918,0.010544994845986366,0.4815339744091034,0.2561677396297455,0.0,0.0,9.3,dqn_icm,cartpole,sparse,0.01,0.9,1,0.1
501,0.0,11,0.050000000000000044,0.0008431548485532403,0.11345730721950531,0.018883205950260162,0.4815339744091034,0.2561677396297455,,,,dqn_icm,cartpole,sparse,0.01,0.9,1,0.1
502,0.0,10,0.050000000000000044,8.85222980286926e-05,0.0978618860244751,0.010841434821486473,0.47378796339035034,0.3455464839935303,,,,dqn_icm,cartpole,sparse,0.01,0.9,1,0.1
503,0.0,9,0.050000000000000044,0.0004280009015928954,0.09425674378871918,0.012282073497772217,0.47378796339035034,0.3455464839935303,,,,dqn_icm,cartpole,sparse,0.01,0.9,1,0.1
504,0.0,10,0.050000000000000044,0.00025374285178259015,0.07372459769248962,0.013489216566085815,0.47378796339035034,0.3455464839935303,,,,dqn_icm,cartpole,sparse,0.01,0.9,1,0.1
505,0.0,9,0.050000000000000044,0.00030680824420414865,0.10730396211147308,0.01271815411746502,0.47378796339035034,0.3455464839935303,,,,dqn_icm,cartpole,sparse,0.01,0.9,1,0.1
506,0.0,9,0.050000000000000044,9.180992492474616e-05,0.10293705761432648,0.007993783801794052,0.47387179732322693,0.3768998980522156,,,,dqn_icm,cartpole,sparse,0.01,0.9,1,0.1
507,0.0,10,0.050000000000000044,4.6905886847525835e-05,0.08558742702007294,0.008039543405175209,0.47387179732322693,0.3768998980522156,,,,dqn_icm,cartpole,sparse,0.01,0.9,1,0.1
508,0.0,10,0.050000000000000044,0.00016217699158005416,0.08746016025543213,0.010628951713442802,0.47387179732322693,0.3768998980522156,,,,dqn_icm,cartpole,sparse,0.01,0.9,1,0.1
509,0.0,9,0.050000000000000044,6.963479245314375e-05,0.08817461878061295,0.006826886907219887,0.47387179732322693,0.3768998980522156,,,,dqn_icm,cartpole,sparse,0.01,0.9,1,0.1
510,0.0,10,0.050000000000000044,0.0002613989054225385,0.07528963685035706,0.014219233766198158,0.4453025162220001,0.3029106855392456,,,,dqn_icm,cartpole,sparse,0.01,0.9,1,0.1
511,0.0,10,0.050000000000000044,0.0001894862507469952,0.0751715749502182,0.011986284516751766,0.4453025162220001,0.3029106855392456,,,,dqn_icm,cartpole,sparse,0.01,0.9,1,0.1
512,0.0,10,0.050000000000000044,0.00041417719330638647,0.09851331263780594,0.015513644553720951,0.4453025162220001,0.3029106855392456,,,,dqn_icm,cartpole,sparse,0.01,0.9,1,0.1
513,0.0,11,0.050000000000000044,0.0005008474690839648,0.1083049327135086,0.015701744705438614,0.4453025162220001,0.3029106855392456,,,,dqn_icm,cartpole,sparse,0.01,0.9,1,0.1
514,0.0,9,0.050000000000000044,0.0006032272358424962,0.10479365289211273,0.014699570834636688,0.47177934646606445,0.2263331562280655,,,,dqn_icm,cartpole,sparse,0.01,0.9,1,0.1
515,0.0,10,0.050000000000000044,0.0005136556574143469,0.08675053715705872,0.011218266561627388,0.47177934646606445,0.2263331562280655,,,,dqn_icm,cartpole,sparse,0.01,0.9,1,0.1
516,0.0,11,0.050000000000000044,0.000515829655341804,0.07094015181064606,0.015838684514164925,0.47177934646606445,0.2263331562280655,,,,dqn_icm,cartpole,sparse,0.01,0.9,1,0.1
517,0.0,9,0.050000000000000044,0.0002704997605178505,0.08024196326732635,0.011947179213166237,0.47177934646606445,0.2263331562280655,,,,dqn_icm,cartpole,sparse,0.01,0.9,1,0.1
518,0.0,9,0.050000000000000044,0.00019743949815165251,0.0973215103149414,0.00969519093632698,0.43696174025535583,0.3138405978679657,,,,dqn_icm,cartpole,sparse,0.01,0.9,1,0.1
519,0.0,9,0.050000000000000044,0.00020864902762696147,0.1079627126455307,0.013192415237426758,0.43696174025535583,0.3138405978679657,,,,dqn_icm,cartpole,sparse,0.01,0.9,1,0.1
520,0.0,10,0.050000000000000044,0.00021629183902405202,0.10314397513866425,0.008737074211239815,0.43696174025535583,0.3138405978679657,,,,dqn_icm,cartpole,sparse,0.01,0.9,1,0.1
521,0.0,10,0.050000000000000044,0.00040880515007302165,0.08209361135959625,0.012688057497143745,0.43696174025535583,0.3138405978679657,,,,dqn_icm,cartpole,sparse,0.01,0.9,1,0.1
522,0.0,8,0.050000000000000044,0.0002557093685027212,0.08404673635959625,0.011434303596615791,0.43980661034584045,0.2535669803619385,,,,dqn_icm,cartpole,sparse,0.01,0.9,1,0.1
523,0.0,10,0.050000000000000044,0.0004235519445501268,0.09823527932167053,0.015151968225836754,0.43980661034584045,0.2535669803619385,,,,dqn_icm,cartpole,sparse,0.01,0.9,1,0.1
524,0.0,11,0.050000000000000044,0.0008021637331694365,0.09702643752098083,0.01753961853682995,0.43980661034584045,0.2535669803619385,,,,dqn_icm,cartpole,sparse,0.01,0.9,1,0.1
525,0.0,8,0.050000000000000044,0.00043719232780858874,0.1108977273106575,0.01476750522851944,0.43980661034584045,0.2535669803619385,,,,dqn_icm,cartpole,sparse,0.01,0.9,1,0.1
526,0.0,10,0.050000000000000044,0.00013888477405998856,0.08112861216068268,0.010519121773540974,0.43980661034584045,0.2535669803619385,,,,dqn_icm,cartpole,sparse,0.01,0.9,1,0.1
527,0.0,10,0.050000000000000044,0.0001270971552003175,0.07946471869945526,0.009992076084017754,0.41803836822509766,0.225345179438591,,,,dqn_icm,cartpole,sparse,0.01,0.9,1,0.1
528,0.0,8,0.050000000000000044,0.0011390746803954244,0.10343523323535919,0.02438133955001831,0.41803836822509766,0.225345179438591,,,,dqn_icm,cartpole,sparse,0.01,0.9,1,0.1
529,0.0,9,0.050000000000000044,0.00034426155616529286,0.09347595274448395,0.011928343214094639,0.41803836822509766,0.225345179438591,,,,dqn_icm,cartpole,sparse,0.01,0.9,1,0.1
530,0.0,10,0.050000000000000044,0.0005195989506319165,0.11045918613672256,0.015475501306355,0.41803836822509766,0.225345179438591,,,,dqn_icm,cartpole,sparse,0.01,0.9,1,0.1
531,0.0,10,0.050000000000000044,0.000323512707836926,0.09220723807811737,0.013784902170300484,0.46480676531791687,0.31498250365257263,,,,dqn_icm,cartpole,sparse,0.01,0.9,1,0.1
532,0.0,9,0.050000000000000044,0.0002986047766171396,0.09895049780607224,0.012987298890948296,0.46480676531791687,0.31498250365257263,,,,dqn_icm,cartpole,sparse,0.01,0.9,1,0.1
533,0.0,10,0.050000000000000044,0.00039145976188592613,0.08955828100442886,0.014293937012553215,0.46480676531791687,0.31498250365257263,,,,dqn_icm,cartpole,sparse,0.01,0.9,1,0.1
534,0.0,10,0.050000000000000044,0.0003480779705569148,0.08859097957611084,0.012398906983435154,0.46480676531791687,0.31498250365257263,,,,dqn_icm,cartpole,sparse,0.01,0.9,1,0.1
535,0.0,8,0.050000000000000044,0.00014534310321323574,0.09741535782814026,0.012909259647130966,0.4142620861530304,0.29809877276420593,,,,dqn_icm,cartpole,sparse,0.01,0.9,1,0.1
536,0.0,10,0.050000000000000044,0.000314298493321985,0.089042529463768,0.010545298457145691,0.4142620861530304,0.29809877276420593,,,,dqn_icm,cartpole,sparse,0.01,0.9,1,0.1
537,0.0,10,0.050000000000000044,0.00036957592237740755,0.09049171954393387,0.01485704816877842,0.4142620861530304,0.29809877276420593,,,,dqn_icm,cartpole,sparse,0.01,0.9,1,0.1
538,0.0,9,0.050000000000000044,0.00017481233226135373,0.09758590161800385,0.01027381606400013,0.4142620861530304,0.29809877276420593,,,,dqn_icm,cartpole,sparse,0.01,0.9,1,0.1
539,0.0,10,0.050000000000000044,0.00035665446193888783,0.10245362669229507,0.012188596650958061,0.4240690767765045,0.3536403775215149,,,,dqn_icm,cartpole,sparse,0.01,0.9,1,0.1
540,0.0,10,0.050000000000000044,0.0002879404346458614,0.10576948523521423,0.011364994570612907,0.4240690767765045,0.3536403775215149,,,,dqn_icm,cartpole,sparse,0.01,0.9,1,0.1
541,0.0,9,0.050000000000000044,0.00018753988842945546,0.09139488637447357,0.007999686524271965,0.4240690767765045,0.3536403775215149,,,,dqn_icm,cartpole,sparse,0.01,0.9,1,0.1
542,0.0,10,0.050000000000000044,0.00041615014197304845,0.07617641985416412,0.013377094641327858,0.4240690767765045,0.3536403775215149,,,,dqn_icm,cartpole,sparse,0.01,0.9,1,0.1
543,0.0,9,0.050000000000000044,0.00010402427869848907,0.08834339678287506,0.009085141122341156,0.44093409180641174,0.3263661563396454,,,,dqn_icm,cartpole,sparse,0.01,0.9,1,0.1
544,0.0,10,0.050000000000000044,0.00037806073669344187,0.08574353903532028,0.01242865715175867,0.44093409180641174,0.3263661563396454,,,,dqn_icm,cartpole,sparse,0.01,0.9,1,0.1
545,0.0,10,0.050000000000000044,8.324663212988526e-05,0.08722689747810364,0.00790527556091547,0.44093409180641174,0.3263661563396454,,,,dqn_icm,cartpole,sparse,0.01,0.9,1,0.1
546,0.0,10,0.050000000000000044,0.0001245455350726843,0.08450798690319061,0.009008421562612057,0.44093409180641174,0.3263661563396454,,,,dqn_icm,cartpole,sparse,0.01,0.9,1,0.1
547,0.0,9,0.050000000000000044,0.0005737498286180198,0.1114514023065567,0.0156656913459301,0.44093409180641174,0.3263661563396454,,,,dqn_icm,cartpole,sparse,0.01,0.9,1,0.1
548,0.0,9,0.050000000000000044,0.00017272078548558056,0.08201327919960022,0.009933131746947765,0.4151501953601837,0.29886025190353394,,,,dqn_icm,cartpole,sparse,0.01,0.9,1,0.1
549,0.0,10,0.050000000000000044,0.0003402022994123399,0.1071687638759613,0.014488471671938896,0.4151501953601837,0.29886025190353394,,,,dqn_icm,cartpole,sparse,0.01,0.9,1,0.1
550,0.0,10,0.050000000000000044,0.0003978635650128126,0.12011941522359848,0.01210747566074133,0.4151501953601837,0.29886025190353394,0.0,0.0,9.3,dqn_icm,cartpole,sparse,0.01,0.9,1,0.1
551,0.0,10,0.050000000000000044,0.00041504716500639915,0.08431042730808258,0.01429222896695137,0.4151501953601837,0.29886025190353394,,,,dqn_icm,cartpole,sparse,0.01,0.9,1,0.1
552,0.0,10,0.050000000000000044,0.0002581268781796098,0.10797528922557831,0.012056056410074234,0.45037105679512024,0.3134344220161438,,,,dqn_icm,cartpole,sparse,0.01,0.9,1,0.1
553,0.0,9,0.050000000000000044,0.00014292832929641008,0.08891166001558304,0.00910109467804432,0.45037105679512024,0.3134344220161438,,,,dqn_icm,cartpole,sparse,0.01,0.9,1,0.1
554,0.0,9,0.050000000000000044,0.00023599615087732673,0.08927021920681,0.014433174394071102,0.45037105679512024,0.3134344220161438,,,,dqn_icm,cartpole,sparse,0.01,0.9,1,0.1
555,0.0,10,0.050000000000000044,0.0002550440840423107,0.10030630230903625,0.013673771172761917,0.45037105679512024,0.3134344220161438,,,,dqn_icm,cartpole,sparse,0.01,0.9,1,0.1
556,0.0,8,0.050000000000000044,0.0008202862227335572,0.10754416137933731,0.02874983847141266,0.42666786909103394,0.3494844436645508,,,,dqn_icm,cartpole,sparse,0.01,0.9,1,0.1
557,0.0,10,0.050000000000000044,0.0018213707953691483,0.14901670813560486,0.028429387137293816,0.42666786909103394,0.3494844436645508,,,,dqn_icm,cartpole,sparse,0.01,0.9,1,0.1
558,0.0,10,0.050000000000000044,0.0006872064550407231,0.12331568449735641,0.02158387191593647,0.42666786909103394,0.3494844436645508,,,,dqn_icm,cartpole,sparse,0.01,0.9,1,0.1
559,0.0,9,0.050000000000000044,0.00030873899231664836,0.13036270439624786,0.0226106196641922,0.42666786909103394,0.3494844436645508,,,,dqn_icm,cartpole,sparse,0.01,0.9,1,0.1
560,0.0,9,0.050000000000000044,0.0010178202064707875,0.1459456980228424,0.025641746819019318,0.4946233332157135,0.3727944493293762,,,,dqn_icm,cartpole,sparse,0.01,0.9,1,0.1
561,0.0,12,0.050000000000000044,0.0005245355423539877,0.10248185694217682,0.02091490663588047,0.4946233332157135,0.3727944493293762,,,,dqn_icm,cartpole,sparse,0.01,0.9,1,0.1
562,0.0,8,0.050000000000000044,0.0004254771047271788,0.13949096202850342,0.014344431459903717,0.4946233332157135,0.3727944493293762,,,,dqn_icm,cartpole,sparse,0.01,0.9,1,0.1
563,0.0,10,0.050000000000000044,0.0027930624783039093,0.15933488309383392,0.029401399195194244,0.4946233332157135,0.3727944493293762,,,,dqn_icm,cartpole,sparse,0.01,0.9,1,0.1
564,0.0,8,0.050000000000000044,0.0005107663455419242,0.12163905799388885,0.0208982415497303,0.40853971242904663,0.37170329689979553,,,,dqn_icm,cartpole,sparse,0.01,0.9,1,0.1
565,0.0,10,0.050000000000000044,0.0002478735405020416,0.10950449109077454,0.017035003751516342,0.40853971242904663,0.37170329689979553,,,,dqn_icm,cartpole,sparse,0.01,0.9,1,0.1
566,0.0,9,0.050000000000000044,0.0001577800139784813,0.1286926567554474,0.012678919360041618,0.40853971242904663,0.37170329689979553,,,,dqn_icm,cartpole,sparse,0.01,0.9,1,0.1
567,0.0,10,0.050000000000000044,0.0001581480901222676,0.136583149433136,0.013045868836343288,0.40853971242904663,0.37170329689979553,,,,dqn_icm,cartpole,sparse,0.01,0.9,1,0.1
568,0.0,9,0.050000000000000044,0.0001351349346805364,0.13817857205867767,0.010609117336571217,0.40853971242904663,0.37170329689979553,,,,dqn_icm,cartpole,sparse,0.01,0.9,1,0.1
569,0.0,10,0.050000000000000044,0.0005961721180938184,0.13945648074150085,0.022325780242681503,0.4082517921924591,0.35287487506866455,,,,dqn_icm,cartpole,sparse,0.01,0.9,1,0.1
570,0.0,9,0.050000000000000044,0.0005990591598674655,0.1412782073020935,0.018100958317518234,0.4082517921924591,0.35287487506866455,,,,dqn_icm,cartpole,sparse,0.01,0.9,1,0.1
571,0.0,10,0.050000000000000044,0.000924952095374465,0.13861358165740967,0.02158001810312271,0.4082517921924591,0.35287487506866455,,,,dqn_icm,cartpole,sparse,0.01,0.9,1,0.1
572,0.0,10,0.050000000000000044,0.000536138832103461,0.1294073909521103,0.01584940031170845,0.4082517921924591,0.35287487506866455,,,,dqn_icm,cartpole,sparse,0.01,0.9,1,0.1
573,0.0,11,0.050000000000000044,0.0004255380481481552,0.1483965665102005,0.016531776636838913,0.4321449100971222,0.358332097530365,,,,dqn_icm,cartpole,sparse,0.01,0.9,1,0.1
574,0.0,10,0.050000000000000044,0.00013928103726357222,0.10527750849723816,0.01005708146840334,0.4321449100971222,0.358332097530365,,,,dqn_icm,cartpole,sparse,0.01,0.9,1,0.1
575,0.0,10,0.050000000000000044,0.00030308167333714664,0.12738022208213806,0.011104741133749485,0.4321449100971222,0.358332097530365,,,,dqn_icm,cartpole,sparse,0.01,0.9,1,0.1
576,0.0,11,0.050000000000000044,0.0004364589985925704,0.13953182101249695,0.017582369968295097,0.4321449100971222,0.358332097530365,,,,dqn_icm,cartpole,sparse,0.01,0.9,1,0.1
577,0.0,9,0.050000000000000044,0.00040069897659122944,0.10527574270963669,0.011129278689622879,0.45244190096855164,0.31301820278167725,,,,dqn_icm,cartpole,sparse,0.01,0.9,1,0.1
578,0.0,11,0.050000000000000044,0.0002081116836052388,0.12226799875497818,0.009826356545090675,0.45244190096855164,0.31301820278167725,,,,dqn_icm,cartpole,sparse,0.01,0.9,1,0.1
579,0.0,10,0.050000000000000044,0.0004031510616187006,0.11815796792507172,0.012996066361665726,0.45244190096855164,0.31301820278167725,,,,dqn_icm,cartpole,sparse,0.01,0.9,1,0.1
580,0.0,10,0.050000000000000044,0.001117985462769866,0.14772149920463562,0.01883668266236782,0.45244190096855164,0.31301820278167725,,,,dqn_icm,cartpole,sparse,0.01,0.9,1,0.1
581,0.0,10,0.050000000000000044,0.00015612934657838196,0.12171829491853714,0.010668444447219372,0.4447007477283478,0.2988535165786743,,,,dqn_icm,cartpole,sparse,0.01,0.9,1,0.1
582,0.0,10,0.050000000000000044,0.0015912898816168308,0.13101886212825775,0.020798753947019577,0.4447007477283478,0.2988535165786743,,,,dqn_icm,cartpole,sparse,0.01,0.9,1,0.1
583,0.0,13,0.050000000000000044,0.00048415851779282093,0.15830150246620178,0.015756744891405106,0.4447007477283478,0.2988535165786743,,,,dqn_icm,cartpole,sparse,0.01,0.9,1,0.1
584,0.0,9,0.050000000000000044,0.00044218916445970535,0.14264841377735138,0.01628996804356575,0.4886646568775177,0.29876625537872314,,,,dqn_icm,cartpole,sparse,0.01,0.9,1,0.1
585,0.0,10,0.050000000000000044,0.000629560905508697,0.13231657445430756,0.016723908483982086,0.4886646568775177,0.29876625537872314,,,,dqn_icm,cartpole,sparse,0.01,0.9,1,0.1
586,0.0,9,0.050000000000000044,0.000389627180993557,0.14281252026557922,0.01616281270980835,0.4886646568775177,0.29876625537872314,,,,dqn_icm,cartpole,sparse,0.01,0.9,1,0.1
587,0.0,10,0.050000000000000044,0.0007428973913192749,0.11103467643260956,0.019607888534665108,0.4886646568775177,0.29876625537872314,,,,dqn_icm,cartpole,sparse,0.01,0.9,1,0.1
588,0.0,10,0.050000000000000044,0.00013258341641630977,0.141067773103714,0.011339814402163029,0.4130704402923584,0.3248576521873474,,,,dqn_icm,cartpole,sparse,0.01,0.9,1,0.1
589,0.0,10,0.050000000000000044,0.00027960221632383764,0.14542508125305176,0.011063889600336552,0.4130704402923584,0.3248576521873474,,,,dqn_icm,cartpole,sparse,0.01,0.9,1,0.1
590,0.0,11,0.050000000000000044,0.0003016125410795212,0.11636972427368164,0.01650247350335121,0.4130704402923584,0.3248576521873474,,,,dqn_icm,cartpole,sparse,0.01,0.9,1,0.1
591,0.0,10,0.050000000000000044,0.00017623502935748547,0.16142046451568604,0.012669961899518967,0.4130704402923584,0.3248576521873474,,,,dqn_icm,cartpole,sparse,0.01,0.9,1,0.1
592,0.0,10,0.050000000000000044,0.0007361808093264699,0.1590474545955658,0.014678915031254292,0.4315904378890991,0.376359760761261,,,,dqn_icm,cartpole,sparse,0.01,0.9,1,0.1
593,0.0,10,0.050000000000000044,0.00030245751258917153,0.11615277081727982,0.015275681391358376,0.4315904378890991,0.376359760761261,,,,dqn_icm,cartpole,sparse,0.01,0.9,1,0.1
594,0.0,10,0.050000000000000044,0.00019347097259014845,0.10011471807956696,0.011187495663762093,0.4315904378890991,0.376359760761261,,,,dqn_icm,cartpole,sparse,0.01,0.9,1,0.1
595,0.0,9,0.050000000000000044,0.00020524929277598858,0.1303626000881195,0.012272980064153671,0.4315904378890991,0.376359760761261,,,,dqn_icm,cartpole,sparse,0.01,0.9,1,0.1
596,0.0,10,0.050000000000000044,0.00017380170174874365,0.11439914256334305,0.012456603348255157,0.4220485985279083,0.2580709457397461,,,,dqn_icm,cartpole,sparse,0.01,0.9,1,0.1
597,0.0,11,0.050000000000000044,0.0003229524299968034,0.14175856113433838,0.014657411724328995,0.4220485985279083,0.2580709457397461,,,,dqn_icm,cartpole,sparse,0.01,0.9,1,0.1
598,0.0,8,0.050000000000000044,0.0006070749368518591,0.11832141876220703,0.013315919786691666,0.4220485985279083,0.2580709457397461,,,,dqn_icm,cartpole,sparse,0.01,0.9,1,0.1
599,0.0,9,0.050000000000000044,0.00045189535012468696,0.13917683064937592,0.012033706530928612,0.4220485985279083,0.2580709457397461,,,,dqn_icm,cartpole,sparse,0.01,0.9,1,0.1
600,0.0,9,0.050000000000000044,0.0005456355283968151,0.15044258534908295,0.017636684700846672,0.4220485985279083,0.2580709457397461,0.0,0.0,9.3,dqn_icm,cartpole,sparse,0.01,0.9,1,0.1
601,0.0,10,0.050000000000000044,0.00048712242278270423,0.11937080323696136,0.017837263643741608,0.4043659269809723,0.3927004933357239,,,,dqn_icm,cartpole,sparse,0.01,0.9,1,0.1
602,0.0,8,0.050000000000000044,7.825149077689275e-05,0.12030075490474701,0.00842822715640068,0.4043659269809723,0.3927004933357239,,,,dqn_icm,cartpole,sparse,0.01,0.9,1,0.1
603,0.0,8,0.050000000000000044,0.00025675990036688745,0.11548513174057007,0.008486337028443813,0.4043659269809723,0.3927004933357239,,,,dqn_icm,cartpole,sparse,0.01,0.9,1,0.1
604,0.0,9,0.050000000000000044,0.0009411482606083155,0.12661199271678925,0.020923513919115067,0.4043659269809723,0.3927004933357239,,,,dqn_icm,cartpole,sparse,0.01,0.9,1,0.1
605,0.0,10,0.050000000000000044,0.0002759482304099947,0.1417527198791504,0.012997203506529331,0.4205980598926544,0.31259989738464355,,,,dqn_icm,cartpole,sparse,0.01,0.9,1,0.1
606,0.0,10,0.050000000000000044,0.0007805161294527352,0.14533066749572754,0.015646077692508698,0.4205980598926544,0.31259989738464355,,,,dqn_icm,cartpole,sparse,0.01,0.9,1,0.1
607,0.0,10,0.050000000000000044,0.0006337580271065235,0.1397627741098404,0.019717462360858917,0.4205980598926544,0.31259989738464355,,,,dqn_icm,cartpole,sparse,0.01,0.9,1,0.1
608,0.0,11,0.050000000000000044,0.0008761869394220412,0.10566683113574982,0.012713540345430374,0.4205980598926544,0.31259989738464355,,,,dqn_icm,cartpole,sparse,0.01,0.9,1,0.1
609,0.0,10,0.050000000000000044,9.1763366071973e-05,0.12395156174898148,0.00845763273537159,0.4572206735610962,0.2757309675216675,,,,dqn_icm,cartpole,sparse,0.01,0.9,1,0.1
610,0.0,9,0.050000000000000044,0.000938056968152523,0.14567913115024567,0.024009760469198227,0.4572206735610962,0.2757309675216675,,,,dqn_icm,cartpole,sparse,0.01,0.9,1,0.1
611,0.0,11,0.050000000000000044,0.0002619120350573212,0.11454042792320251,0.011132979765534401,0.4572206735610962,0.2757309675216675,,,,dqn_icm,cartpole,sparse,0.01,0.9,1,0.1
612,0.0,9,0.050000000000000044,0.0004134071641601622,0.13604724407196045,0.014334935694932938,0.4572206735610962,0.2757309675216675,,,,dqn_icm,cartpole,sparse,0.01,0.9,1,0.1
613,0.0,13,0.050000000000000044,0.0006303740665316582,0.13365019857883453,0.01624296046793461,0.47148168087005615,0.4710566997528076,,,,dqn_icm,cartpole,sparse,0.01,0.9,1,0.1
614,0.0,9,0.050000000000000044,0.0023035071790218353,0.170559823513031,0.028383968397974968,0.47148168087005615,0.4710566997528076,,,,dqn_icm,cartpole,sparse,0.01,0.9,1,0.1
615,0.0,10,0.050000000000000044,0.0007408249657601118,0.12728087604045868,0.021953511983156204,0.47148168087005615,0.4710566997528076,,,,dqn_icm,cartpole,sparse,0.01,0.9,1,0.1
616,0.0,10,0.050000000000000044,0.0022390952799469233,0.13454565405845642,0.03478073328733444,0.47148168087005615,0.4710566997528076,,,,dqn_icm,cartpole,sparse,0.01,0.9,1,0.1
617,0.0,10,0.050000000000000044,0.0004995177732780576,0.12707220017910004,0.014472315087914467,0.4593663811683655,0.24270327389240265,,,,dqn_icm,cartpole,sparse,0.01,0.9,1,0.1
618,0.0,9,0.050000000000000044,0.00028093677246943116,0.14626523852348328,0.016103796660900116,0.4593663811683655,0.24270327389240265,,,,dqn_icm,cartpole,sparse,0.01,0.9,1,0.1
619,0.0,10,0.050000000000000044,0.0004874959704466164,0.15307903289794922,0.020603597164154053,0.4593663811683655,0.24270327389240265,,,,dqn_icm,cartpole,sparse,0.01,0.9,1,0.1
620,0.0,9,0.050000000000000044,0.0007634920184500515,0.16561737656593323,0.017476394772529602,0.4593663811683655,0.24270327389240265,,,,dqn_icm,cartpole,sparse,0.01,0.9,1,0.1
621,0.0,10,0.050000000000000044,7.20299722161144e-05,0.14156678318977356,0.007915228605270386,0.4103485941886902,0.30298829078674316,,,,dqn_icm,cartpole,sparse,0.01,0.9,1,0.1
622,0.0,9,0.050000000000000044,8.758394687902182e-05,0.12088775634765625,0.007851558737456799,0.4103485941886902,0.30298829078674316,,,,dqn_icm,cartpole,sparse,0.01,0.9,1,0.1
623,0.0,10,0.050000000000000044,0.00010851702245417982,0.1085624024271965,0.01035744696855545,0.4103485941886902,0.30298829078674316,,,,dqn_icm,cartpole,sparse,0.01,0.9,1,0.1
624,0.0,9,0.050000000000000044,0.0002567301853559911,0.12351799011230469,0.01093412097543478,0.4103485941886902,0.30298829078674316,,,,dqn_icm,cartpole,sparse,0.01,0.9,1,0.1
625,0.0,10,0.050000000000000044,0.00018991247634403408,0.14406517148017883,0.01267945021390915,0.48548558354377747,0.3111538290977478,,,,dqn_icm,cartpole,sparse,0.01,0.9,1,0.1
626,0.0,9,0.050000000000000044,0.0005941226263530552,0.1497747302055359,0.017000917345285416,0.48548558354377747,0.3111538290977478,,,,dqn_icm,cartpole,sparse,0.01,0.9,1,0.1
627,0.0,9,0.050000000000000044,0.0003645960532594472,0.1337171196937561,0.013543998822569847,0.48548558354377747,0.3111538290977478,,,,dqn_icm,cartpole,sparse,0.01,0.9,1,0.1
628,0.0,11,0.050000000000000044,0.0002955226809717715,0.1348513811826706,0.010669752955436707,0.48548558354377747,0.3111538290977478,,,,dqn_icm,cartpole,sparse,0.01,0.9,1,0.1
629,0.0,10,0.050000000000000044,0.0003297039365861565,0.104092076420784,0.014711369760334492,0.48548558354377747,0.3111538290977478,,,,dqn_icm,cartpole,sparse,0.01,0.9,1,0.1
630,0.0,10,0.050000000000000044,0.0002880973042920232,0.12924522161483765,0.011311691254377365,0.4754681885242462,0.281391978263855,,,,dqn_icm,cartpole,sparse,0.01,0.9,1,0.1
631,0.0,10,0.050000000000000044,0.00024785305140540004,0.14634673297405243,0.016413232311606407,0.4754681885242462,0.281391978263855,,,,dqn_icm,cartpole,sparse,0.01,0.9,1,0.1
632,0.0,12,0.050000000000000044,0.0005720295594073832,0.1247352808713913,0.019275307655334473,0.4754681885242462,0.281391978263855,,,,dqn_icm,cartpole,sparse,0.01,0.9,1,0.1
633,0.0,9,0.050000000000000044,0.00017477925575803965,0.13633006811141968,0.011277511715888977,0.35362130403518677,0.2890163064002991,,,,dqn_icm,cartpole,sparse,0.01,0.9,1,0.1
634,0.0,10,0.050000000000000044,3.386587923159823e-05,0.1204504668712616,0.0054283468052744865,0.35362130403518677,0.2890163064002991,,,,dqn_icm,cartpole,sparse,0.01,0.9,1,0.1
635,0.0,10,0.050000000000000044,0.0006704821134917438,0.1445249617099762,0.017993876710534096,0.35362130403518677,0.2890163064002991,,,,dqn_icm,cartpole,sparse,0.01,0.9,1,0.1
636,0.0,9,0.050000000000000044,0.0001577201037434861,0.12306876480579376,0.008711704052984715,0.35362130403518677,0.2890163064002991,,,,dqn_icm,cartpole,sparse,0.01,0.9,1,0.1
637,0.0,10,0.050000000000000044,0.0002639060840010643,0.11917124688625336,0.010736910626292229,0.35362130403518677,0.2890163064002991,,,,dqn_icm,cartpole,sparse,0.01,0.9,1,0.1
638,0.0,10,0.050000000000000044,0.0011639859294518828,0.15631359815597534,0.021682050079107285,0.3925425410270691,0.34210002422332764,,,,dqn_icm,cartpole,sparse,0.01,0.9,1,0.1
639,0.0,10,0.050000000000000044,0.0001871711720013991,0.12562838196754456,0.012491663917899132,0.3925425410270691,0.34210002422332764,,,,dqn_icm,cartpole,sparse,0.01,0.9,1,0.1
640,0.0,11,0.050000000000000044,0.0020445839036256075,0.12567675113677979,0.02461674064397812,0.3925425410270691,0.34210002422332764,,,,dqn_icm,cartpole,sparse,0.01,0.9,1,0.1
641,0.0,10,0.050000000000000044,0.0005909819155931473,0.14176607131958008,0.015497865155339241,0.46588048338890076,0.388558566570282,,,,dqn_icm,cartpole,sparse,0.01,0.9,1,0.1
642,0.0,10,0.050000000000000044,0.00013161989045329392,0.1524048149585724,0.011051155626773834,0.46588048338890076,0.388558566570282,,,,dqn_icm,cartpole,sparse,0.01,0.9,1,0.1
643,0.0,9,0.050000000000000044,0.0010545949917286634,0.14998263120651245,0.017991669476032257,0.46588048338890076,0.388558566570282,,,,dqn_icm,cartpole,sparse,0.01,0.9,1,0.1
644,0.0,10,0.050000000000000044,0.00020176921680103987,0.1218775287270546,0.011397220194339752,0.46588048338890076,0.388558566570282,,,,dqn_icm,cartpole,sparse,0.01,0.9,1,0.1
645,0.0,9,0.050000000000000044,0.0009448272176086903,0.13617990911006927,0.018507370725274086,0.46588048338890076,0.388558566570282,,,,dqn_icm,cartpole,sparse,0.01,0.9,1,0.1
646,0.0,9,0.050000000000000044,0.00037733689532615244,0.12256363034248352,0.013802653178572655,0.3920755386352539,0.27347445487976074,,,,dqn_icm,cartpole,sparse,0.01,0.9,1,0.1
647,0.0,10,0.050000000000000044,0.00039573953836224973,0.14601367712020874,0.012434045784175396,0.3920755386352539,0.27347445487976074,,,,dqn_icm,cartpole,sparse,0.01,0.9,1,0.1
648,0.0,9,0.050000000000000044,6.552739068865776e-05,0.14863745868206024,0.006702425889670849,0.3920755386352539,0.27347445487976074,,,,dqn_icm,cartpole,sparse,0.01,0.9,1,0.1
649,0.0,10,0.050000000000000044,0.00024437846150249243,0.13200408220291138,0.011794607155025005,0.3920755386352539,0.27347445487976074,,,,dqn_icm,cartpole,sparse,0.01,0.9,1,0.1
650,0.0,9,0.050000000000000044,0.00022010323300492018,0.10813330113887787,0.010001235641539097,0.3774224817752838,0.27133214473724365,0.0,0.0,9.5,dqn_icm,cartpole,sparse,0.01,0.9,1,0.1
651,0.0,9,0.050000000000000044,0.0006748155574314296,0.12229374051094055,0.014613333158195019,0.3774224817752838,0.27133214473724365,,,,dqn_icm,cartpole,sparse,0.01,0.9,1,0.1
652,0.0,10,0.050000000000000044,0.00011994843953289092,0.15623542666435242,0.011799493804574013,0.3774224817752838,0.27133214473724365,,,,dqn_icm,cartpole,sparse,0.01,0.9,1,0.1
653,0.0,9,0.050000000000000044,0.00044425897067412734,0.14281465113162994,0.012677043676376343,0.3774224817752838,0.27133214473724365,,,,dqn_icm,cartpole,sparse,0.01,0.9,1,0.1
654,0.0,11,0.050000000000000044,0.00026339420583099127,0.14202770590782166,0.012041375041007996,0.4517113268375397,0.37349456548690796,,,,dqn_icm,cartpole,sparse,0.01,0.9,1,0.1
655,0.0,9,0.050000000000000044,0.0006531918188557029,0.1419159173965454,0.018038414418697357,0.4517113268375397,0.37349456548690796,,,,dqn_icm,cartpole,sparse,0.01,0.9,1,0.1
656,0.0,9,0.050000000000000044,0.0011112065985798836,0.1198941320180893,0.017931286245584488,0.4517113268375397,0.37349456548690796,,,,dqn_icm,cartpole,sparse,0.01,0.9,1,0.1
657,0.0,10,0.050000000000000044,0.00016723629960324615,0.1483868956565857,0.00872097909450531,0.4517113268375397,0.37349456548690796,,,,dqn_icm,cartpole,sparse,0.01,0.9,1,0.1
658,0.0,9,0.050000000000000044,0.00031620479421690106,0.12854722142219543,0.01214300561696291,0.3843547999858856,0.27105724811553955,,,,dqn_icm,cartpole,sparse,0.01,0.9,1,0.1
659,0.0,10,0.050000000000000044,0.00021515312255360186,0.16737744212150574,0.013562403619289398,0.3843547999858856,0.27105724811553955,,,,dqn_icm,cartpole,sparse,0.01,0.9,1,0.1
660,0.0,10,0.050000000000000044,0.00019797129789367318,0.12751290202140808,0.009702524170279503,0.3843547999858856,0.27105724811553955,,,,dqn_icm,cartpole,sparse,0.01,0.9,1,0.1
661,0.0,9,0.050000000000000044,0.00011343037476763129,0.15136216580867767,0.010985487140715122,0.3843547999858856,0.27105724811553955,,,,dqn_icm,cartpole,sparse,0.01,0.9,1,0.1
662,0.0,10,0.050000000000000044,0.00016873756248969585,0.13279658555984497,0.009113372303545475,0.3690318465232849,0.27795448899269104,,,,dqn_icm,cartpole,sparse,0.01,0.9,1,0.1
663,0.0,9,0.050000000000000044,0.00029785168590024114,0.10166645050048828,0.015626300126314163,0.3690318465232849,0.27795448899269104,,,,dqn_icm,cartpole,sparse,0.01,0.9,1,0.1
664,0.0,10,0.050000000000000044,0.0007608758169226348,0.13204088807106018,0.014542687684297562,0.3690318465232849,0.27795448899269104,,,,dqn_icm,cartpole,sparse,0.01,0.9,1,0.1
665,0.0,9,0.050000000000000044,0.0008889168384484947,0.15242764353752136,0.017066773027181625,0.3690318465232849,0.27795448899269104,,,,dqn_icm,cartpole,sparse,0.01,0.9,1,0.1
666,0.0,10,0.050000000000000044,0.0002718934556469321,0.1462995558977127,0.013026580214500427,0.3690318465232849,0.27795448899269104,,,,dqn_icm,cartpole,sparse,0.01,0.9,1,0.1
667,0.0,10,0.050000000000000044,0.000868905452080071,0.1710258424282074,0.021713854745030403,0.3513255715370178,0.3334183692932129,,,,dqn_icm,cartpole,sparse,0.01,0.9,1,0.1
668,0.0,9,0.050000000000000044,0.0004077089251950383,0.12573494017124176,0.012639515101909637,0.3513255715370178,0.3334183692932129,,,,dqn_icm,cartpole,sparse,0.01,0.9,1,0.1
669,0.0,12,0.050000000000000044,0.0005574702518060803,0.15601421892642975,0.015821142122149467,0.3513255715370178,0.3334183692932129,,,,dqn_icm,cartpole,sparse,0.01,0.9,1,0.1
670,0.0,10,0.050000000000000044,0.00034882320323958993,0.14570271968841553,0.014339637942612171,0.3513255715370178,0.3334183692932129,,,,dqn_icm,cartpole,sparse,0.01,0.9,1,0.1
671,0.0,11,0.050000000000000044,0.00044655075180344284,0.1395874321460724,0.0128310676664114,0.41737058758735657,0.29095256328582764,,,,dqn_icm,cartpole,sparse,0.01,0.9,1,0.1
672,0.0,11,0.050000000000000044,0.00010608344746287912,0.12047164142131805,0.007579307071864605,0.41737058758735657,0.29095256328582764,,,,dqn_icm,cartpole,sparse,0.01,0.9,1,0.1
673,0.0,10,0.050000000000000044,0.0006422640872187912,0.13169823586940765,0.014041977934539318,0.41737058758735657,0.29095256328582764,,,,dqn_icm,cartpole,sparse,0.01,0.9,1,0.1
674,0.0,9,0.050000000000000044,8.930462354328483e-05,0.11793863028287888,0.00897133070975542,0.31026801466941833,0.27077609300613403,,,,dqn_icm,cartpole,sparse,0.01,0.9,1,0.1
675,0.0,10,0.050000000000000044,5.238602898316458e-05,0.12896689772605896,0.006851434241980314,0.31026801466941833,0.27077609300613403,,,,dqn_icm,cartpole,sparse,0.01,0.9,1,0.1
676,0.0,11,0.050000000000000044,0.00012933446851093322,0.15510672330856323,0.009165756404399872,0.31026801466941833,0.27077609300613403,,,,dqn_icm,cartpole,sparse,0.01,0.9,1,0.1
677,0.0,11,0.050000000000000044,0.00015048378554638475,0.11635205149650574,0.010675448924303055,0.31026801466941833,0.27077609300613403,,,,dqn_icm,cartpole,sparse,0.01,0.9,1,0.1
678,0.0,9,0.050000000000000044,9.652107837609947e-05,0.11594896018505096,0.010515052825212479,0.36592453718185425,0.2326544225215912,,,,dqn_icm,cartpole,sparse,0.01,0.9,1,0.1
679,0.0,9,0.050000000000000044,0.00018907242338173091,0.13453909754753113,0.010678192600607872,0.36592453718185425,0.2326544225215912,,,,dqn_icm,cartpole,sparse,0.01,0.9,1,0.1
680,0.0,9,0.050000000000000044,0.0006823524599894881,0.1492784023284912,0.019665304571390152,0.36592453718185425,0.2326544225215912,,,,dqn_icm,cartpole,sparse,0.01,0.9,1,0.1
681,0.0,10,0.050000000000000044,0.0012147664092481136,0.12803785502910614,0.019009314477443695,0.36592453718185425,0.2326544225215912,,,,dqn_icm,cartpole,sparse,0.01,0.9,1,0.1
682,0.0,10,0.050000000000000044,8.751053246669471e-05,0.13948656618595123,0.010263534262776375,0.36592453718185425,0.2326544225215912,,,,dqn_icm,cartpole,sparse,0.01,0.9,1,0.1
683,0.0,10,0.050000000000000044,0.00010325579205527902,0.1175728514790535,0.008453786373138428,0.4442611038684845,0.44956231117248535,,,,dqn_icm,cartpole,sparse,0.01,0.9,1,0.1
684,0.0,10,0.050000000000000044,0.00022805292974226177,0.13414797186851501,0.013887581415474415,0.4442611038684845,0.44956231117248535,,,,dqn_icm,cartpole,sparse,0.01,0.9,1,0.1
685,0.0,10,0.050000000000000044,0.00011792221630457789,0.13394492864608765,0.008716451935470104,0.4442611038684845,0.44956231117248535,,,,dqn_icm,cartpole,sparse,0.01,0.9,1,0.1
686,0.0,9,0.050000000000000044,0.0006539608584716916,0.15195967257022858,0.021052226424217224,0.4442611038684845,0.44956231117248535,,,,dqn_icm,cartpole,sparse,0.01,0.9,1,0.1
687,0.0,10,0.050000000000000044,0.0012671869480982423,0.1453917920589447,0.018404752016067505,0.3803565800189972,0.3536722660064697,,,,dqn_icm,cartpole,sparse,0.01,0.9,1,0.1
688,0.0,9,0.050000000000000044,0.0004527309793047607,0.11121609807014465,0.018813446164131165,0.3803565800189972,0.3536722660064697,,,,dqn_icm,cartpole,sparse,0.01,0.9,1,0.1
689,0.0,8,0.050000000000000044,0.0004892282886430621,0.11939583718776703,0.019311614334583282,0.3803565800189972,0.3536722660064697,,,,dqn_icm,cartpole,sparse,0.01,0.9,1,0.1
690,0.0,9,0.050000000000000044,0.0006840878631919622,0.14385950565338135,0.018538685515522957,0.3803565800189972,0.3536722660064697,,,,dqn_icm,cartpole,sparse,0.01,0.9,1,0.1
691,0.0,10,0.050000000000000044,0.00022557313786819577,0.12818190455436707,0.01338126976042986,0.3672637343406677,0.27603721618652344,,,,dqn_icm,cartpole,sparse,0.01,0.9,1,0.1
692,0.0,10,0.050000000000000044,0.0009382507996633649,0.1558532416820526,0.018604058772325516,0.3672637343406677,0.27603721618652344,,,,dqn_icm,cartpole,sparse,0.01,0.9,1,0.1
693,0.0,10,0.050000000000000044,0.00029105297289788723,0.12701037526130676,0.013828064315021038,0.3672637343406677,0.27603721618652344,,,,dqn_icm,cartpole,sparse,0.01,0.9,1,0.1
694,0.0,10,0.050000000000000044,0.0006867243209853768,0.1394159197807312,0.015400880016386509,0.3672637343406677,0.27603721618652344,,,,dqn_icm,cartpole,sparse,0.01,0.9,1,0.1
695,0.0,9,0.050000000000000044,0.0006376460078172386,0.16376587748527527,0.015533044002950191,0.44348880648612976,0.4432947635650635,,,,dqn_icm,cartpole,sparse,0.01,0.9,1,0.1
696,0.0,9,0.050000000000000044,0.0002319479826837778,0.14921876788139343,0.013702094554901123,0.44348880648612976,0.4432947635650635,,,,dqn_icm,cartpole,sparse,0.01,0.9,1,0.1
697,0.0,10,0.050000000000000044,0.00012499347212724388,0.1518232524394989,0.011902732774615288,0.44348880648612976,0.4432947635650635,,,,dqn_icm,cartpole,sparse,0.01,0.9,1,0.1
698,0.0,9,0.050000000000000044,0.000159207105753012,0.12840674817562103,0.011535514146089554,0.44348880648612976,0.4432947635650635,,,,dqn_icm,cartpole,sparse,0.01,0.9,1,0.1
699,0.0,11,0.050000000000000044,0.00012643994705285877,0.12201961874961853,0.012472040951251984,0.3545958697795868,0.26898670196533203,,,,dqn_icm,cartpole,sparse,0.01,0.9,1,0.1
700,0.0,8,0.050000000000000044,0.0006779974792152643,0.1628606617450714,0.015032442286610603,0.3545958697795868,0.26898670196533203,0.0,0.0,9.5,dqn_icm,cartpole,sparse,0.01,0.9,1,0.1
701,0.0,9,0.050000000000000044,0.0008407121640630066,0.16279157996177673,0.02151576243340969,0.3545958697795868,0.26898670196533203,,,,dqn_icm,cartpole,sparse,0.01,0.9,1,0.1
702,0.0,9,0.050000000000000044,0.00047193909995257854,0.15865600109100342,0.012888021767139435,0.3545958697795868,0.26898670196533203,,,,dqn_icm,cartpole,sparse,0.01,0.9,1,0.1
703,0.0,9,0.050000000000000044,0.0001754378608893603,0.14263132214546204,0.013115430250763893,0.3545958697795868,0.26898670196533203,,,,dqn_icm,cartpole,sparse,0.01,0.9,1,0.1
704,0.0,9,0.050000000000000044,0.00041748519288375974,0.11680582165718079,0.014183886349201202,0.307835191488266,0.28870993852615356,,,,dqn_icm,cartpole,sparse,0.01,0.9,1,0.1
705,0.0,10,0.050000000000000044,0.0006502959877252579,0.14674073457717896,0.014292332343757153,0.307835191488266,0.28870993852615356,,,,dqn_icm,cartpole,sparse,0.01,0.9,1,0.1
706,0.0,10,0.050000000000000044,0.0007447893731296062,0.16151806712150574,0.01364649087190628,0.307835191488266,0.28870993852615356,,,,dqn_icm,cartpole,sparse,0.01,0.9,1,0.1
707,0.0,9,0.050000000000000044,0.00043775574886240065,0.15527348220348358,0.012518137693405151,0.307835191488266,0.28870993852615356,,,,dqn_icm,cartpole,sparse,0.01,0.9,1,0.1
708,0.0,10,0.050000000000000044,0.00015397406241390854,0.13407395780086517,0.010201578959822655,0.35286208987236023,0.202543243765831,,,,dqn_icm,cartpole,sparse,0.01,0.9,1,0.1
709,0.0,10,0.050000000000000044,0.0004234079970046878,0.1431519091129303,0.01564595103263855,0.35286208987236023,0.202543243765831,,,,dqn_icm,cartpole,sparse,0.01,0.9,1,0.1
710,0.0,10,0.050000000000000044,0.0001282307639485225,0.12541872262954712,0.007973919622600079,0.35286208987236023,0.202543243765831,,,,dqn_icm,cartpole,sparse,0.01,0.9,1,0.1
711,0.0,9,0.050000000000000044,0.0009378168033435941,0.1545131355524063,0.018668146803975105,0.35286208987236023,0.202543243765831,,,,dqn_icm,cartpole,sparse,0.01,0.9,1,0.1
712,0.0,10,0.050000000000000044,0.00030132895335555077,0.1390477865934372,0.011351801455020905,0.39200735092163086,0.363203763961792,,,,dqn_icm,cartpole,sparse,0.01,0.9,1,0.1
713,0.0,10,0.050000000000000044,0.0006850642384961247,0.14826235175132751,0.015538562089204788,0.39200735092163086,0.363203763961792,,,,dqn_icm,cartpole,sparse,0.01,0.9,1,0.1
714,0.0,10,0.050000000000000044,0.0007913257577456534,0.13410747051239014,0.014582319185137749,0.39200735092163086,0.363203763961792,,,,dqn_icm,cartpole,sparse,0.01,0.9,1,0.1
715,0.0,9,0.050000000000000044,0.0005305928643792868,0.14224490523338318,0.016807854175567627,0.39200735092163086,0.363203763961792,,,,dqn_icm,cartpole,sparse,0.01,0.9,1,0.1
716,0.0,9,0.050000000000000044,0.0001577149669174105,0.12048953771591187,0.009542303159832954,0.5010630488395691,0.26651623845100403,,,,dqn_icm,cartpole,sparse,0.01,0.9,1,0.1
717,0.0,8,0.050000000000000044,0.00025334584643132985,0.14939862489700317,0.013274217024445534,0.5010630488395691,0.26651623845100403,,,,dqn_icm,cartpole,sparse,0.01,0.9,1,0.1
718,0.0,10,0.050000000000000044,0.00029897066997364163,0.11161185801029205,0.01133495382964611,0.5010630488395691,0.26651623845100403,,,,dqn_icm,cartpole,sparse,0.01,0.9,1,0.1
719,0.0,9,0.050000000000000044,0.00010047341493191198,0.12284328043460846,0.008639383129775524,0.5010630488395691,0.26651623845100403,,,,dqn_icm,cartpole,sparse,0.01,0.9,1,0.1
720,0.0,8,0.050000000000000044,0.0013198468368500471,0.1517886072397232,0.02256152033805847,0.5010630488395691,0.26651623845100403,,,,dqn_icm,cartpole,sparse,0.01,0.9,1,0.1
721,0.0,10,0.050000000000000044,0.0003280030214227736,0.14941328763961792,0.016446463763713837,0.4109728932380676,0.2222055196762085,,,,dqn_icm,cartpole,sparse,0.01,0.9,1,0.1
722,0.0,10,0.050000000000000044,0.0002889980678446591,0.15199324488639832,0.01664825901389122,0.4109728932380676,0.2222055196762085,,,,dqn_icm,cartpole,sparse,0.01,0.9,1,0.1
723,0.0,8,0.050000000000000044,0.0003685388364829123,0.13925519585609436,0.011155704036355019,0.4109728932380676,0.2222055196762085,,,,dqn_icm,cartpole,sparse,0.01,0.9,1,0.1
724,0.0,9,0.050000000000000044,0.000989779713563621,0.15167391300201416,0.024359330534934998,0.4109728932380676,0.2222055196762085,,,,dqn_icm,cartpole,sparse,0.01,0.9,1,0.1
725,0.0,9,0.050000000000000044,0.000360230915248394,0.13885878026485443,0.018024025484919548,0.4307097792625427,0.2985285222530365,,,,dqn_icm,cartpole,sparse,0.01,0.9,1,0.1
726,0.0,9,0.050000000000000044,6.992851558607072e-05,0.1475020945072174,0.008351873606443405,0.4307097792625427,0.2985285222530365,,,,dqn_icm,cartpole,sparse,0.01,0.9,1,0.1
727,0.0,10,0.050000000000000044,0.0005077073583379388,0.12401071190834045,0.014368874952197075,0.4307097792625427,0.2985285222530365,,,,dqn_icm,cartpole,sparse,0.01,0.9,1,0.1
728,0.0,10,0.050000000000000044,0.00015446798352058977,0.12948760390281677,0.01371888630092144,0.4307097792625427,0.2985285222530365,,,,dqn_icm,cartpole,sparse,0.01,0.9,1,0.1
729,0.0,10,0.050000000000000044,9.798325481824577e-05,0.11088716238737106,0.007986582815647125,0.37935298681259155,0.20054814219474792,,,,dqn_icm,cartpole,sparse,0.01,0.9,1,0.1
730,0.0,10,0.050000000000000044,0.0005681014154106379,0.13966989517211914,0.01628822833299637,0.37935298681259155,0.20054814219474792,,,,dqn_icm,cartpole,sparse,0.01,0.9,1,0.1
731,0.0,8,0.050000000000000044,6.247968121897429e-05,0.12194202840328217,0.006497155874967575,0.37935298681259155,0.20054814219474792,,,,dqn_icm,cartpole,sparse,0.01,0.9,1,0.1
732,0.0,9,0.050000000000000044,5.9599566156975925e-05,0.12680232524871826,0.006938565988093615,0.37935298681259155,0.20054814219474792,,,,dqn_icm,cartpole,sparse,0.01,0.9,1,0.1
733,0.0,10,0.050000000000000044,0.0007691586506552994,0.1717716008424759,0.02014946937561035,0.37935298681259155,0.20054814219474792,,,,dqn_icm,cartpole,sparse,0.01,0.9,1,0.1
734,0.0,9,0.050000000000000044,0.0002603856264613569,0.16582700610160828,0.013165397569537163,0.3603556454181671,0.23553887009620667,,,,dqn_icm,cartpole,sparse,0.01,0.9,1,0.1
735,0.0,10,0.050000000000000044,0.0006826502503827214,0.1354568749666214,0.01896710880100727,0.3603556454181671,0.23553887009620667,,,,dqn_icm,cartpole,sparse,0.01,0.9,1,0.1
736,0.0,12,0.050000000000000044,0.0002924852888099849,0.1358763873577118,0.016069326549768448,0.3603556454181671,0.23553887009620667,,,,dqn_icm,cartpole,sparse,0.01,0.9,1,0.1
737,0.0,10,0.050000000000000044,0.00012092069664504379,0.142755925655365,0.011051476001739502,0.3608337342739105,0.27137085795402527,,,,dqn_icm,cartpole,sparse,0.01,0.9,1,0.1
738,0.0,10,0.050000000000000044,0.00013875137665309012,0.16502468287944794,0.011061284691095352,0.3608337342739105,0.27137085795402527,,,,dqn_icm,cartpole,sparse,0.01,0.9,1,0.1
739,0.0,11,0.050000000000000044,0.0002686799271032214,0.15756994485855103,0.013124523684382439,0.3608337342739105,0.27137085795402527,,,,dqn_icm,cartpole,sparse,0.01,0.9,1,0.1
740,0.0,10,0.050000000000000044,0.00015540844469796866,0.15960605442523956,0.008549042046070099,0.3608337342739105,0.27137085795402527,,,,dqn_icm,cartpole,sparse,0.01,0.9,1,0.1
741,0.0,10,0.050000000000000044,0.00016450247494503856,0.12204609811306,0.009030232205986977,0.37105488777160645,0.24826407432556152,,,,dqn_icm,cartpole,sparse,0.01,0.9,1,0.1
742,0.0,8,0.050000000000000044,0.0002386645646765828,0.13083761930465698,0.009088601917028427,0.37105488777160645,0.24826407432556152,,,,dqn_icm,cartpole,sparse,0.01,0.9,1,0.1
743,0.0,12,0.050000000000000044,0.0005594919784925878,0.1457420289516449,0.012853579595685005,0.37105488777160645,0.24826407432556152,,,,dqn_icm,cartpole,sparse,0.01,0.9,1,0.1
744,0.0,10,0.050000000000000044,0.00010642388224368915,0.12437006831169128,0.010114273056387901,0.37105488777160645,0.24826407432556152,,,,dqn_icm,cartpole,sparse,0.01,0.9,1,0.1
745,0.0,10,0.050000000000000044,0.00022432343394029886,0.14735856652259827,0.010338648222386837,0.4280080199241638,0.3900202512741089,,,,dqn_icm,cartpole,sparse,0.01,0.9,1,0.1
746,0.0,9,0.050000000000000044,0.00010801416647154838,0.15943458676338196,0.008971757255494595,0.4280080199241638,0.3900202512741089,,,,dqn_icm,cartpole,sparse,0.01,0.9,1,0.1
747,0.0,9,0.050000000000000044,0.0004939051577821374,0.12888765335083008,0.009811455383896828,0.4280080199241638,0.3900202512741089,,,,dqn_icm,cartpole,sparse,0.01,0.9,1,0.1
748,0.0,10,0.050000000000000044,3.341324918437749e-05,0.13441354036331177,0.005622429307550192,0.4280080199241638,0.3900202512741089,,,,dqn_icm,cartpole,sparse,0.01,0.9,1,0.1
749,0.0,10,0.050000000000000044,0.00041974024497903883,0.14614373445510864,0.011488736607134342,0.4280080199241638,0.3900202512741089,,,,dqn_icm,cartpole,sparse,0.01,0.9,1,0.1
750,0.0,13,0.050000000000000044,0.00033943000016734004,0.15343467891216278,0.013024523854255676,0.3802005350589752,0.27451327443122864,0.0,0.0,9.9,dqn_icm,cartpole,sparse,0.01,0.9,1,0.1
751,0.0,10,0.050000000000000044,0.0004430997942108661,0.17046630382537842,0.013120247051119804,0.3802005350589752,0.27451327443122864,,,,dqn_icm,cartpole,sparse,0.01,0.9,1,0.1
752,0.0,8,0.050000000000000044,0.00032531609758734703,0.15169097483158112,0.010554858483374119,0.3802005350589752,0.27451327443122864,,,,dqn_icm,cartpole,sparse,0.01,0.9,1,0.1
753,0.0,9,0.050000000000000044,0.00021651634597219527,0.16470764577388763,0.012430315837264061,0.3802005350589752,0.27451327443122864,,,,dqn_icm,cartpole,sparse,0.01,0.9,1,0.1
754,0.0,9,0.050000000000000044,0.0007141960086300969,0.1643458902835846,0.017558906227350235,0.4777226448059082,0.28154945373535156,,,,dqn_icm,cartpole,sparse,0.01,0.9,1,0.1
755,0.0,10,0.050000000000000044,0.0007591979228891432,0.13089066743850708,0.01704223081469536,0.4777226448059082,0.28154945373535156,,,,dqn_icm,cartpole,sparse,0.01,0.9,1,0.1
756,0.0,9,0.050000000000000044,0.00021571015531662852,0.14128725230693817,0.009252579882740974,0.4777226448059082,0.28154945373535156,,,,dqn_icm,cartpole,sparse,0.01,0.9,1,0.1
757,0.0,10,0.050000000000000044,0.0006688991561532021,0.17255818843841553,0.014829657971858978,0.4777226448059082,0.28154945373535156,,,,dqn_icm,cartpole,sparse,0.01,0.9,1,0.1
758,0.0,10,0.050000000000000044,0.0005468351300805807,0.1492508351802826,0.01337072066962719,0.33222460746765137,0.3779076933860779,,,,dqn_icm,cartpole,sparse,0.01,0.9,1,0.1
759,0.0,10,0.050000000000000044,0.00046851765364408493,0.14538311958312988,0.011734395287930965,0.33222460746765137,0.3779076933860779,,,,dqn_icm,cartpole,sparse,0.01,0.9,1,0.1
760,0.0,8,0.050000000000000044,0.0007380758179351687,0.13680163025856018,0.017458101734519005,0.33222460746765137,0.3779076933860779,,,,dqn_icm,cartpole,sparse,0.01,0.9,1,0.1
761,0.0,8,0.050000000000000044,0.000214788451557979,0.1376834511756897,0.009042708203196526,0.33222460746765137,0.3779076933860779,,,,dqn_icm,cartpole,sparse,0.01,0.9,1,0.1
762,0.0,10,0.050000000000000044,0.000943610561080277,0.1345493048429489,0.0336606428027153,0.3742007315158844,0.243011012673378,,,,dqn_icm,cartpole,sparse,0.01,0.9,1,0.1
763,0.0,9,0.050000000000000044,0.0007011854322627187,0.1694461703300476,0.02082153782248497,0.3742007315158844,0.243011012673378,,,,dqn_icm,cartpole,sparse,0.01,0.9,1,0.1
764,0.0,11,0.050000000000000044,0.0014013668987900019,0.18259532749652863,0.025619378313422203,0.3742007315158844,0.243011012673378,,,,dqn_icm,cartpole,sparse,0.01,0.9,1,0.1
765,0.0,9,0.050000000000000044,0.00045680475886911154,0.16679581999778748,0.023883625864982605,0.3742007315158844,0.243011012673378,,,,dqn_icm,cartpole,sparse,0.01,0.9,1,0.1
766,0.0,11,0.050000000000000044,0.0003424739697948098,0.14602163434028625,0.017280887812376022,0.3643084466457367,0.22226008772850037,,,,dqn_icm,cartpole,sparse,0.01,0.9,1,0.1
767,0.0,10,0.050000000000000044,0.00047283954336307943,0.15495683252811432,0.017551062628626823,0.3643084466457367,0.22226008772850037,,,,dqn_icm,cartpole,sparse,0.01,0.9,1,0.1
768,0.0,10,0.050000000000000044,0.0003159274347126484,0.16644765436649323,0.01700957491993904,0.3643084466457367,0.22226008772850037,,,,dqn_icm,cartpole,sparse,0.01,0.9,1,0.1
769,0.0,10,0.050000000000000044,0.00034914148272946477,0.19025415182113647,0.018838025629520416,0.3643084466457367,0.22226008772850037,,,,dqn_icm,cartpole,sparse,0.01,0.9,1,0.1
770,0.0,13,0.050000000000000044,0.00011535445810295641,0.15488216280937195,0.011777646839618683,0.35991668701171875,0.22786876559257507,,,,dqn_icm,cartpole,sparse,0.01,0.9,1,0.1
771,0.0,9,0.050000000000000044,0.0002520938578527421,0.1537323296070099,0.014967422001063824,0.35991668701171875,0.22786876559257507,,,,dqn_icm,cartpole,sparse,0.01,0.9,1,0.1
772,0.0,10,0.050000000000000044,0.0002684549253899604,0.13622578978538513,0.01315578818321228,0.35991668701171875,0.22786876559257507,,,,dqn_icm,cartpole,sparse,0.01,0.9,1,0.1
773,0.0,9,0.050000000000000044,0.000572945864405483,0.16684851050376892,0.014370555989444256,0.35991668701171875,0.22786876559257507,,,,dqn_icm,cartpole,sparse,0.01,0.9,1,0.1
774,0.0,9,0.050000000000000044,0.0001297107373829931,0.14432702958583832,0.010433870367705822,0.3490752875804901,0.2835693955421448,,,,dqn_icm,cartpole,sparse,0.01,0.9,1,0.1
775,0.0,11,0.050000000000000044,0.00018377737433183938,0.13903549313545227,0.01340469066053629,0.3490752875804901,0.2835693955421448,,,,dqn_icm,cartpole,sparse,0.01,0.9,1,0.1
776,0.0,13,0.050000000000000044,0.0003724603448063135,0.1605231910943985,0.01519172452390194,0.3490752875804901,0.2835693955421448,,,,dqn_icm,cartpole,sparse,0.01,0.9,1,0.1
777,0.0,10,0.050000000000000044,0.00016199170204345137,0.15555232763290405,0.010960306972265244,0.3490752875804901,0.2835693955421448,,,,dqn_icm,cartpole,sparse,0.01,0.9,1,0.1
778,0.0,9,0.050000000000000044,0.00011950790940318257,0.16899853944778442,0.00969528779387474,0.3369206488132477,0.303597629070282,,,,dqn_icm,cartpole,sparse,0.01,0.9,1,0.1
779,0.0,9,0.050000000000000044,8.305259689223021e-05,0.14429116249084473,0.009487628936767578,0.3369206488132477,0.303597629070282,,,,dqn_icm,cartpole,sparse,0.01,0.9,1,0.1
780,0.0,10,0.050000000000000044,0.00025702378479763865,0.16491910815238953,0.013264557346701622,0.3369206488132477,0.303597629070282,,,,dqn_icm,cartpole,sparse,0.01,0.9,1,0.1
781,0.0,9,0.050000000000000044,0.00020093604689463973,0.1662808656692505,0.013480693101882935,0.3369206488132477,0.303597629070282,,,,dqn_icm,cartpole,sparse,0.01,0.9,1,0.1
782,0.0,10,0.050000000000000044,7.927471597213298e-05,0.1565951406955719,0.007701474241912365,0.4708741009235382,0.26884397864341736,,,,dqn_icm,cartpole,sparse,0.01,0.9,1,0.1
783,0.0,10,0.050000000000000044,0.0005998800625093281,0.154259592294693,0.01604735478758812,0.4708741009235382,0.26884397864341736,,,,dqn_icm,cartpole,sparse,0.01,0.9,1,0.1
784,0.0,9,0.050000000000000044,0.00045131484512239695,0.18243183195590973,0.01489236019551754,0.4708741009235382,0.26884397864341736,,,,dqn_icm,cartpole,sparse,0.01,0.9,1,0.1
785,0.0,9,0.050000000000000044,0.00015413631626870483,0.15250371396541595,0.010164599865674973,0.4708741009235382,0.26884397864341736,,,,dqn_icm,cartpole,sparse,0.01,0.9,1,0.1
786,0.0,9,0.050000000000000044,0.00013022002531215549,0.18360009789466858,0.009874949231743813,0.3850158154964447,0.27150461077690125,,,,dqn_icm,cartpole,sparse,0.01,0.9,1,0.1
787,0.0,9,0.050000000000000044,0.00019483317737467587,0.17099511623382568,0.00990133173763752,0.3850158154964447,0.27150461077690125,,,,dqn_icm,cartpole,sparse,0.01,0.9,1,0.1
788,0.0,9,0.050000000000000044,0.0002139794232789427,0.16932463645935059,0.012338537722826004,0.3850158154964447,0.27150461077690125,,,,dqn_icm,cartpole,sparse,0.01,0.9,1,0.1
789,0.0,11,0.050000000000000044,0.0002933339565061033,0.13526272773742676,0.011777837760746479,0.3850158154964447,0.27150461077690125,,,,dqn_icm,cartpole,sparse,0.01,0.9,1,0.1
790,0.0,10,0.050000000000000044,0.0003418661653995514,0.11937560141086578,0.016768578439950943,0.39230865240097046,0.25172629952430725,,,,dqn_icm,cartpole,sparse,0.01,0.9,1,0.1
791,0.0,13,0.050000000000000044,0.00018459651619195938,0.1844404935836792,0.010115428827702999,0.39230865240097046,0.25172629952430725,,,,dqn_icm,cartpole,sparse,0.01,0.9,1,0.1
792,0.0,8,0.050000000000000044,0.00018248584819957614,0.14918452501296997,0.012643503956496716,0.39230865240097046,0.25172629952430725,,,,dqn_icm,cartpole,sparse,0.01,0.9,1,0.1
793,0.0,10,0.050000000000000044,0.0006351930787786841,0.17208190262317657,0.018436945974826813,0.39230865240097046,0.25172629952430725,,,,dqn_icm,cartpole,sparse,0.01,0.9,1,0.1
794,0.0,8,0.050000000000000044,0.00020055849745403975,0.1818631887435913,0.007491965778172016,0.39230865240097046,0.25172629952430725,,,,dqn_icm,cartpole,sparse,0.01,0.9,1,0.1
795,0.0,10,0.050000000000000044,0.0004182369157206267,0.16231296956539154,0.01912352442741394,0.3068184554576874,0.2670537233352661,,,,dqn_icm,cartpole,sparse,0.01,0.9,1,0.1
796,0.0,8,0.050000000000000044,8.554450323572382e-05,0.16715222597122192,0.008862681686878204,0.3068184554576874,0.2670537233352661,,,,dqn_icm,cartpole,sparse,0.01,0.9,1,0.1
797,0.0,10,0.050000000000000044,0.00029699457809329033,0.16878822445869446,0.009917604736983776,0.3068184554576874,0.2670537233352661,,,,dqn_icm,cartpole,sparse,0.01,0.9,1,0.1
798,0.0,10,0.050000000000000044,0.00012568203965201974,0.1884235143661499,0.007534761913120747,0.3068184554576874,0.2670537233352661,,,,dqn_icm,cartpole,sparse,0.01,0.9,1,0.1
799,0.0,9,0.050000000000000044,0.00011274796270299703,0.14282283186912537,0.007432444952428341,0.3777751326560974,0.3309485614299774,,,,dqn_icm,cartpole,sparse,0.01,0.9,1,0.1
800,0.0,9,0.050000000000000044,3.813051080214791e-05,0.17397326231002808,0.005324809346348047,0.3777751326560974,0.3309485614299774,0.0,0.0,9.5,dqn_icm,cartpole,sparse,0.01,0.9,1,0.1
801,0.0,10,0.050000000000000044,0.00016797429998405278,0.18444980680942535,0.009976649656891823,0.3777751326560974,0.3309485614299774,,,,dqn_icm,cartpole,sparse,0.01,0.9,1,0.1
802,0.0,10,0.050000000000000044,0.00012088303628843278,0.17062029242515564,0.009562637656927109,0.3777751326560974,0.3309485614299774,,,,dqn_icm,cartpole,sparse,0.01,0.9,1,0.1
803,0.0,9,0.050000000000000044,5.236142533249222e-05,0.15811949968338013,0.00706598861142993,0.3288848400115967,0.21800795197486877,,,,dqn_icm,cartpole,sparse,0.01,0.9,1,0.1
804,0.0,9,0.050000000000000044,0.00017600561841391027,0.15346084535121918,0.010040313005447388,0.3288848400115967,0.21800795197486877,,,,dqn_icm,cartpole,sparse,0.01,0.9,1,0.1
805,0.0,9,0.050000000000000044,0.00021732912864536047,0.17516466975212097,0.013144658878445625,0.3288848400115967,0.21800795197486877,,,,dqn_icm,cartpole,sparse,0.01,0.9,1,0.1
806,0.0,9,0.050000000000000044,0.00022350321523845196,0.15334966778755188,0.01235475018620491,0.3288848400115967,0.21800795197486877,,,,dqn_icm,cartpole,sparse,0.01,0.9,1,0.1
807,0.0,8,0.050000000000000044,0.00012282289389986545,0.1848563253879547,0.00860392302274704,0.3288848400115967,0.21800795197486877,,,,dqn_icm,cartpole,sparse,0.01,0.9,1,0.1
808,0.0,10,0.050000000000000044,0.00011636294220807031,0.16658468544483185,0.01021642331033945,0.3296607732772827,0.22347263991832733,,,,dqn_icm,cartpole,sparse,0.01,0.9,1,0.1
809,0.0,9,0.050000000000000044,0.0004798162844963372,0.17752455174922943,0.012419582344591618,0.3296607732772827,0.22347263991832733,,,,dqn_icm,cartpole,sparse,0.01,0.9,1,0.1
810,0.0,9,0.050000000000000044,0.0005018547526560724,0.17893975973129272,0.017975755035877228,0.3296607732772827,0.22347263991832733,,,,dqn_icm,cartpole,sparse,0.01,0.9,1,0.1
811,0.0,9,0.050000000000000044,0.00022838881704956293,0.1716158390045166,0.013468163087964058,0.3296607732772827,0.22347263991832733,,,,dqn_icm,cartpole,sparse,0.01,0.9,1,0.1
812,0.0,9,0.050000000000000044,0.00023729330860078335,0.1938970983028412,0.012040099129080772,0.3307704031467438,0.33241623640060425,,,,dqn_icm,cartpole,sparse,0.01,0.9,1,0.1
813,0.0,10,0.050000000000000044,5.533962030312978e-05,0.18229056894779205,0.008327753283083439,0.3307704031467438,0.33241623640060425,,,,dqn_icm,cartpole,sparse,0.01,0.9,1,0.1
814,0.0,11,0.050000000000000044,0.00011606195039348677,0.15534812211990356,0.00842873752117157,0.3307704031467438,0.33241623640060425,,,,dqn_icm,cartpole,sparse,0.01,0.9,1,0.1
815,0.0,9,0.050000000000000044,0.00018941180314868689,0.18418580293655396,0.01032887864857912,0.3307704031467438,0.33241623640060425,,,,dqn_icm,cartpole,sparse,0.01,0.9,1,0.1
816,0.0,10,0.050000000000000044,4.7676039685029536e-05,0.18737931549549103,0.0067511554807424545,0.41225647926330566,0.29951608180999756,,,,dqn_icm,cartpole,sparse,0.01,0.9,1,0.1
817,0.0,10,0.050000000000000044,0.00010552712774369866,0.18367309868335724,0.009377855807542801,0.41225647926330566,0.29951608180999756,,,,dqn_icm,cartpole,sparse,0.01,0.9,1,0.1
818,0.0,9,0.050000000000000044,0.0001413630525348708,0.16479991376399994,0.00851183757185936,0.41225647926330566,0.29951608180999756,,,,dqn_icm,cartpole,sparse,0.01,0.9,1,0.1
819,0.0,10,0.050000000000000044,0.00017212913371622562,0.18389922380447388,0.009237483143806458,0.41225647926330566,0.29951608180999756,,,,dqn_icm,cartpole,sparse,0.01,0.9,1,0.1
820,0.0,9,0.050000000000000044,0.0002791833539959043,0.15491452813148499,0.011383572593331337,0.4233317971229553,0.2496832013130188,,,,dqn_icm,cartpole,sparse,0.01,0.9,1,0.1
821,0.0,9,0.050000000000000044,0.0002830348676070571,0.18555280566215515,0.013036787509918213,0.4233317971229553,0.2496832013130188,,,,dqn_icm,cartpole,sparse,0.01,0.9,1,0.1
822,0.0,10,0.050000000000000044,0.0002758826594799757,0.17079295217990875,0.01125264447182417,0.4233317971229553,0.2496832013130188,,,,dqn_icm,cartpole,sparse,0.01,0.9,1,0.1
823,0.0,10,0.050000000000000044,7.741316221654415e-05,0.1432819962501526,0.006836027838289738,0.4233317971229553,0.2496832013130188,,,,dqn_icm,cartpole,sparse,0.01,0.9,1,0.1
824,0.0,9,0.050000000000000044,0.0002372726594330743,0.13703051209449768,0.010442603379487991,0.4602096676826477,0.2016512006521225,,,,dqn_icm,cartpole,sparse,0.01,0.9,1,0.1
825,0.0,10,0.050000000000000044,0.00022817496210336685,0.17851072549819946,0.011148720979690552,0.4602096676826477,0.2016512006521225,,,,dqn_icm,cartpole,sparse,0.01,0.9,1,0.1
826,0.0,10,0.050000000000000044,0.00022278331744018942,0.1547168493270874,0.010300485417246819,0.4602096676826477,0.2016512006521225,,,,dqn_icm,cartpole,sparse,0.01,0.9,1,0.1
827,0.0,10,0.050000000000000044,0.00018391535559203476,0.1545780748128891,0.010118207894265652,0.4602096676826477,0.2016512006521225,,,,dqn_icm,cartpole,sparse,0.01,0.9,1,0.1
828,0.0,9,0.050000000000000044,0.00010852551349671558,0.15121868252754211,0.0074307965114712715,0.3570932149887085,0.2145920991897583,,,,dqn_icm,cartpole,sparse,0.01,0.9,1,0.1
829,0.0,9,0.050000000000000044,0.00017658718570601195,0.14952227473258972,0.007176158018410206,0.3570932149887085,0.2145920991897583,,,,dqn_icm,cartpole,sparse,0.01,0.9,1,0.1
830,0.0,9,0.050000000000000044,7.351527165155858e-05,0.16222816705703735,0.006797366309911013,0.3570932149887085,0.2145920991897583,,,,dqn_icm,cartpole,sparse,0.01,0.9,1,0.1
831,0.0,9,0.050000000000000044,0.00019926964887417853,0.1703016459941864,0.011125448159873486,0.3570932149887085,0.2145920991897583,,,,dqn_icm,cartpole,sparse,0.01,0.9,1,0.1
832,0.0,10,0.050000000000000044,9.792941273190081e-05,0.158289834856987,0.007731605786830187,0.3570932149887085,0.2145920991897583,,,,dqn_icm,cartpole,sparse,0.01,0.9,1,0.1
833,0.0,9,0.050000000000000044,0.00033028903999365866,0.18433725833892822,0.011626563966274261,0.3835716247558594,0.2825307548046112,,,,dqn_icm,cartpole,sparse,0.01,0.9,1,0.1
834,0.0,9,0.050000000000000044,0.0002056528173852712,0.1349024623632431,0.010401424020528793,0.3835716247558594,0.2825307548046112,,,,dqn_icm,cartpole,sparse,0.01,0.9,1,0.1
835,0.0,10,0.050000000000000044,0.00010925908281933516,0.15769106149673462,0.008305829018354416,0.3835716247558594,0.2825307548046112,,,,dqn_icm,cartpole,sparse,0.01,0.9,1,0.1
836,0.0,10,0.050000000000000044,0.0001415805600117892,0.1997251957654953,0.011539570987224579,0.3835716247558594,0.2825307548046112,,,,dqn_icm,cartpole,sparse,0.01,0.9,1,0.1
837,0.0,10,0.050000000000000044,0.000460225623100996,0.17201539874076843,0.01641431637108326,0.3167797327041626,0.20847052335739136,,,,dqn_icm,cartpole,sparse,0.01,0.9,1,0.1
838,0.0,9,0.050000000000000044,8.203730976674706e-05,0.1538049280643463,0.008699219673871994,0.3167797327041626,0.20847052335739136,,,,dqn_icm,cartpole,sparse,0.01,0.9,1,0.1
839,0.0,10,0.050000000000000044,0.00033207604428753257,0.17058545351028442,0.015781935304403305,0.3167797327041626,0.20847052335739136,,,,dqn_icm,cartpole,sparse,0.01,0.9,1,0.1
840,0.0,10,0.050000000000000044,0.00015651331341359764,0.17614254355430603,0.012223390862345695,0.3167797327041626,0.20847052335739136,,,,dqn_icm,cartpole,sparse,0.01,0.9,1,0.1
841,0.0,12,0.050000000000000044,0.0004108984721824527,0.17060551047325134,0.017086965963244438,0.2866232395172119,0.22535602748394012,,,,dqn_icm,cartpole,sparse,0.01,0.9,1,0.1
842,0.0,11,0.050000000000000044,0.00015374727081507444,0.1635017991065979,0.010219615884125233,0.2866232395172119,0.22535602748394012,,,,dqn_icm,cartpole,sparse,0.01,0.9,1,0.1
843,0.0,9,0.050000000000000044,0.0002621167805045843,0.17537379264831543,0.015069721266627312,0.2866232395172119,0.22535602748394012,,,,dqn_icm,cartpole,sparse,0.01,0.9,1,0.1
844,0.0,10,0.050000000000000044,0.00035780039615929127,0.15643085539340973,0.012586632743477821,0.2866232395172119,0.22535602748394012,,,,dqn_icm,cartpole,sparse,0.01,0.9,1,0.1
845,0.0,9,0.050000000000000044,0.00011129415361210704,0.1689269244670868,0.010736772790551186,0.2916991114616394,0.2430674135684967,,,,dqn_icm,cartpole,sparse,0.01,0.9,1,0.1
846,0.0,10,0.050000000000000044,3.0219098334782757e-05,0.14093321561813354,0.004758843220770359,0.2916991114616394,0.2430674135684967,,,,dqn_icm,cartpole,sparse,0.01,0.9,1,0.1
847,0.0,14,0.050000000000000044,0.00010160849342355505,0.14996430277824402,0.0072351256385445595,0.2916991114616394,0.2430674135684967,,,,dqn_icm,cartpole,sparse,0.01,0.9,1,0.1
848,0.0,9,0.050000000000000044,0.0001675176026765257,0.2024225890636444,0.01125793345272541,0.2916991114616394,0.2430674135684967,,,,dqn_icm,cartpole,sparse,0.01,0.9,1,0.1
849,0.0,9,0.050000000000000044,0.00012270269508007914,0.20534846186637878,0.00663214735686779,0.3389718234539032,0.20075014233589172,,,,dqn_icm,cartpole,sparse,0.01,0.9,1,0.1
850,0.0,9,0.050000000000000044,0.00010624711285345256,0.16654396057128906,0.009877972304821014,0.3389718234539032,0.20075014233589172,0.0,0.0,9.5,dqn_icm,cartpole,sparse,0.01,0.9,1,0.1
851,0.0,10,0.050000000000000044,0.00011042783444281667,0.19147130846977234,0.008708063513040543,0.3389718234539032,0.20075014233589172,,,,dqn_icm,cartpole,sparse,0.01,0.9,1,0.1
852,0.0,10,0.050000000000000044,0.0001783016778063029,0.1634654849767685,0.010744377970695496,0.3389718234539032,0.20075014233589172,,,,dqn_icm,cartpole,sparse,0.01,0.9,1,0.1
853,0.0,9,0.050000000000000044,0.0002405815466772765,0.17504233121871948,0.011816030368208885,0.358206570148468,0.2403586059808731,,,,dqn_icm,cartpole,sparse,0.01,0.9,1,0.1
854,0.0,10,0.050000000000000044,0.00011241111496929079,0.17745505273342133,0.009397123008966446,0.358206570148468,0.2403586059808731,,,,dqn_icm,cartpole,sparse,0.01,0.9,1,0.1
855,0.0,8,0.050000000000000044,0.0001786960638128221,0.1513494849205017,0.011649060063064098,0.358206570148468,0.2403586059808731,,,,dqn_icm,cartpole,sparse,0.01,0.9,1,0.1
856,0.0,8,0.050000000000000044,6.787796155549586e-05,0.1386665403842926,0.0077259354293346405,0.358206570148468,0.2403586059808731,,,,dqn_icm,cartpole,sparse,0.01,0.9,1,0.1
857,0.0,8,0.050000000000000044,0.0002689712855499238,0.17681080102920532,0.011875325813889503,0.358206570148468,0.2403586059808731,,,,dqn_icm,cartpole,sparse,0.01,0.9,1,0.1
858,0.0,9,0.050000000000000044,0.0002614091499708593,0.17950019240379333,0.011078538373112679,0.3701331913471222,0.20382171869277954,,,,dqn_icm,cartpole,sparse,0.01,0.9,1,0.1
859,0.0,10,0.050000000000000044,0.00012852402869611979,0.17863813042640686,0.010194242000579834,0.3701331913471222,0.20382171869277954,,,,dqn_icm,cartpole,sparse,0.01,0.9,1,0.1
860,0.0,9,0.050000000000000044,0.0002389511646470055,0.17311406135559082,0.011472328566014767,0.3701331913471222,0.20382171869277954,,,,dqn_icm,cartpole,sparse,0.01,0.9,1,0.1
861,0.0,8,0.050000000000000044,3.941349859815091e-05,0.14625105261802673,0.005959276109933853,0.3701331913471222,0.20382171869277954,,,,dqn_icm,cartpole,sparse,0.01,0.9,1,0.1
862,0.0,9,0.050000000000000044,0.0001362493640044704,0.18180716037750244,0.009537446312606335,0.3466152846813202,0.16951918601989746,,,,dqn_icm,cartpole,sparse,0.01,0.9,1,0.1
863,0.0,10,0.050000000000000044,6.764923455193639e-05,0.19337761402130127,0.007547156885266304,0.3466152846813202,0.16951918601989746,,,,dqn_icm,cartpole,sparse,0.01,0.9,1,0.1
864,0.0,10,0.050000000000000044,0.0002315164456376806,0.1518632173538208,0.01039804331958294,0.3466152846813202,0.16951918601989746,,,,dqn_icm,cartpole,sparse,0.01,0.9,1,0.1
865,0.0,9,0.050000000000000044,0.00010817957081599161,0.17187879979610443,0.009841440245509148,0.3466152846813202,0.16951918601989746,,,,dqn_icm,cartpole,sparse,0.01,0.9,1,0.1
866,0.0,9,0.050000000000000044,0.0001427747483830899,0.18148477375507355,0.0117475725710392,0.29743289947509766,0.25249412655830383,,,,dqn_icm,cartpole,sparse,0.01,0.9,1,0.1
867,0.0,9,0.050000000000000044,7.578240183647722e-05,0.17843028903007507,0.0071373567916452885,0.29743289947509766,0.25249412655830383,,,,dqn_icm,cartpole,sparse,0.01,0.9,1,0.1
868,0.0,9,0.050000000000000044,9.684430551715195e-05,0.14865422248840332,0.009711423888802528,0.29743289947509766,0.25249412655830383,,,,dqn_icm,cartpole,sparse,0.01,0.9,1,0.1
869,0.0,9,0.050000000000000044,3.644631215138361e-05,0.18198305368423462,0.006207561120390892,0.29743289947509766,0.25249412655830383,,,,dqn_icm,cartpole,sparse,0.01,0.9,1,0.1
870,0.0,9,0.050000000000000044,0.0002979796554427594,0.17560167610645294,0.01409401185810566,0.29743289947509766,0.25249412655830383,,,,dqn_icm,cartpole,sparse,0.01,0.9,1,0.1
871,0.0,10,0.050000000000000044,8.825813711155206e-05,0.16291195154190063,0.007006767205893993,0.26871517300605774,0.23824012279510498,,,,dqn_icm,cartpole,sparse,0.01,0.9,1,0.1
872,0.0,10,0.050000000000000044,0.00012941975728608668,0.17534931004047394,0.009440146386623383,0.26871517300605774,0.23824012279510498,,,,dqn_icm,cartpole,sparse,0.01,0.9,1,0.1
873,0.0,9,0.050000000000000044,0.00017019608640111983,0.17707614600658417,0.011474186554551125,0.26871517300605774,0.23824012279510498,,,,dqn_icm,cartpole,sparse,0.01,0.9,1,0.1
874,0.0,10,0.050000000000000044,8.188781794160604e-05,0.1672695279121399,0.007780018262565136,0.26871517300605774,0.23824012279510498,,,,dqn_icm,cartpole,sparse,0.01,0.9,1,0.1
875,0.0,10,0.050000000000000044,0.00011142814764752984,0.1412258744239807,0.009221984073519707,0.3424125909805298,0.2664216160774231,,,,dqn_icm,cartpole,sparse,0.01,0.9,1,0.1
876,0.0,12,0.050000000000000044,0.0001772149553289637,0.14433225989341736,0.00933641754090786,0.3424125909805298,0.2664216160774231,,,,dqn_icm,cartpole,sparse,0.01,0.9,1,0.1
877,0.0,9,0.050000000000000044,0.00013801379827782512,0.1811240315437317,0.008863755501806736,0.3424125909805298,0.2664216160774231,,,,dqn_icm,cartpole,sparse,0.01,0.9,1,0.1
878,0.0,10,0.050000000000000044,0.0001715824764687568,0.19766002893447876,0.010056992061436176,0.3424125909805298,0.2664216160774231,,,,dqn_icm,cartpole,sparse,0.01,0.9,1,0.1
879,0.0,10,0.050000000000000044,0.0006058196304365993,0.17578938603401184,0.01586262695491314,0.34679144620895386,0.19804373383522034,,,,dqn_icm,cartpole,sparse,0.01,0.9,1,0.1
880,0.0,9,0.050000000000000044,0.0003424150054343045,0.15237808227539062,0.015275031328201294,0.34679144620895386,0.19804373383522034,,,,dqn_icm,cartpole,sparse,0.01,0.9,1,0.1
881,0.0,9,0.050000000000000044,0.000229736790060997,0.15789245069026947,0.014185085892677307,0.34679144620895386,0.19804373383522034,,,,dqn_icm,cartpole,sparse,0.01,0.9,1,0.1
882,0.0,8,0.050000000000000044,0.00011515173537191004,0.198146253824234,0.007800701539963484,0.34679144620895386,0.19804373383522034,,,,dqn_icm,cartpole,sparse,0.01,0.9,1,0.1
883,0.0,8,0.050000000000000044,0.0002623213513288647,0.17005939781665802,0.010729566216468811,0.33676645159721375,0.18375109136104584,,,,dqn_icm,cartpole,sparse,0.01,0.9,1,0.1
884,0.0,9,0.050000000000000044,0.0001674288942012936,0.1575031876564026,0.010449733585119247,0.33676645159721375,0.18375109136104584,,,,dqn_icm,cartpole,sparse,0.01,0.9,1,0.1
885,0.0,8,0.050000000000000044,0.0001244468439836055,0.181003600358963,0.007753866724669933,0.33676645159721375,0.18375109136104584,,,,dqn_icm,cartpole,sparse,0.01,0.9,1,0.1
886,0.0,9,0.050000000000000044,0.0001639967958908528,0.1640198826789856,0.01180040743201971,0.33676645159721375,0.18375109136104584,,,,dqn_icm,cartpole,sparse,0.01,0.9,1,0.1
887,0.0,10,0.050000000000000044,0.0001430824340786785,0.1776852011680603,0.008874470368027687,0.33676645159721375,0.18375109136104584,,,,dqn_icm,cartpole,sparse,0.01,0.9,1,0.1
888,0.0,10,0.050000000000000044,6.478473369497806e-05,0.15618641674518585,0.005468256305903196,0.2728467881679535,0.1819756031036377,,,,dqn_icm,cartpole,sparse,0.01,0.9,1,0.1
889,0.0,9,0.050000000000000044,0.00013902885257266462,0.15977826714515686,0.009348709136247635,0.2728467881679535,0.1819756031036377,,,,dqn_icm,cartpole,sparse,0.01,0.9,1,0.1
890,0.0,9,0.050000000000000044,0.00023366507957689464,0.16867929697036743,0.011399900540709496,0.2728467881679535,0.1819756031036377,,,,dqn_icm,cartpole,sparse,0.01,0.9,1,0.1
891,0.0,10,0.050000000000000044,8.350957796210423e-05,0.18378424644470215,0.008800065144896507,0.2728467881679535,0.1819756031036377,,,,dqn_icm,cartpole,sparse,0.01,0.9,1,0.1
892,0.0,9,0.050000000000000044,0.00021038591512478888,0.15952801704406738,0.008800432085990906,0.3974481225013733,0.1539583057165146,,,,dqn_icm,cartpole,sparse,0.01,0.9,1,0.1
893,0.0,9,0.050000000000000044,0.00020917863002978265,0.14667007327079773,0.009445887058973312,0.3974481225013733,0.1539583057165146,,,,dqn_icm,cartpole,sparse,0.01,0.9,1,0.1
894,0.0,9,0.050000000000000044,4.3341780838090926e-05,0.16040849685668945,0.00725893909111619,0.3974481225013733,0.1539583057165146,,,,dqn_icm,cartpole,sparse,0.01,0.9,1,0.1
895,0.0,8,0.050000000000000044,0.00010229354666080326,0.14632588624954224,0.008442715741693974,0.3974481225013733,0.1539583057165146,,,,dqn_icm,cartpole,sparse,0.01,0.9,1,0.1
896,0.0,9,0.050000000000000044,0.00016206344298552722,0.15226507186889648,0.00798441469669342,0.372815877199173,0.187541663646698,,,,dqn_icm,cartpole,sparse,0.01,0.9,1,0.1
897,0.0,8,0.050000000000000044,0.0002318343031220138,0.1663341224193573,0.01186721958220005,0.372815877199173,0.187541663646698,,,,dqn_icm,cartpole,sparse,0.01,0.9,1,0.1
898,0.0,11,0.050000000000000044,4.858321699430235e-05,0.20428556203842163,0.006640322040766478,0.372815877199173,0.187541663646698,,,,dqn_icm,cartpole,sparse,0.01,0.9,1,0.1
899,0.0,10,0.050000000000000044,7.827323861420155e-05,0.16708332300186157,0.008209144696593285,0.372815877199173,0.187541663646698,,,,dqn_icm,cartpole,sparse,0.01,0.9,1,0.1
900,0.0,10,0.050000000000000044,8.69769137352705e-05,0.16192597150802612,0.008251890540122986,0.372815877199173,0.187541663646698,0.0,0.0,9.5,dqn_icm,cartpole,sparse,0.01,0.9,1,0.1
901,0.0,9,0.050000000000000044,0.00018744195403996855,0.17705348134040833,0.008807487785816193,0.39945265650749207,0.21066664159297943,,,,dqn_icm,cartpole,sparse,0.01,0.9,1,0.1
902,0.0,11,0.050000000000000044,0.00024226146342698485,0.19033682346343994,0.012185309082269669,0.39945265650749207,0.21066664159297943,,,,dqn_icm,cartpole,sparse,0.01,0.9,1,0.1
903,0.0,10,0.050000000000000044,8.34696547826752e-05,0.22604650259017944,0.007339448668062687,0.39945265650749207,0.21066664159297943,,,,dqn_icm,cartpole,sparse,0.01,0.9,1,0.1
904,0.0,8,0.050000000000000044,0.0002011330216191709,0.13789211213588715,0.010452568531036377,0.39945265650749207,0.21066664159297943,,,,dqn_icm,cartpole,sparse,0.01,0.9,1,0.1
905,0.0,10,0.050000000000000044,6.0228594520594925e-05,0.15525522828102112,0.008356206119060516,0.3800051510334015,0.2230376899242401,,,,dqn_icm,cartpole,sparse,0.01,0.9,1,0.1
906,0.0,11,0.050000000000000044,0.0001782478648237884,0.17691472172737122,0.01033361442387104,0.3800051510334015,0.2230376899242401,,,,dqn_icm,cartpole,sparse,0.01,0.9,1,0.1
907,0.0,9,0.050000000000000044,0.0001837220333982259,0.1453738510608673,0.013653986155986786,0.3800051510334015,0.2230376899242401,,,,dqn_icm,cartpole,sparse,0.01,0.9,1,0.1
908,0.0,9,0.050000000000000044,0.00022107650875113904,0.18265876173973083,0.010653041303157806,0.3800051510334015,0.2230376899242401,,,,dqn_icm,cartpole,sparse,0.01,0.9,1,0.1
909,0.0,9,0.050000000000000044,8.73108219821006e-05,0.18066340684890747,0.008742408826947212,0.31090661883354187,0.18387998640537262,,,,dqn_icm,cartpole,sparse,0.01,0.9,1,0.1
910,0.0,10,0.050000000000000044,0.00011048257874790579,0.17143291234970093,0.009909478947520256,0.31090661883354187,0.18387998640537262,,,,dqn_icm,cartpole,sparse,0.01,0.9,1,0.1
911,0.0,11,0.050000000000000044,6.450014188885689e-05,0.1821257770061493,0.008304117247462273,0.31090661883354187,0.18387998640537262,,,,dqn_icm,cartpole,sparse,0.01,0.9,1,0.1
912,0.0,10,0.050000000000000044,7.062545046210289e-05,0.1405486911535263,0.008111905306577682,0.31090661883354187,0.18387998640537262,,,,dqn_icm,cartpole,sparse,0.01,0.9,1,0.1
913,0.0,12,0.050000000000000044,0.00012907464406453073,0.15286575257778168,0.0076959989964962006,0.2660457491874695,0.1703336238861084,,,,dqn_icm,cartpole,sparse,0.01,0.9,1,0.1
914,0.0,9,0.050000000000000044,7.366026693489403e-05,0.17136713862419128,0.008463805541396141,0.2660457491874695,0.1703336238861084,,,,dqn_icm,cartpole,sparse,0.01,0.9,1,0.1
915,0.0,10,0.050000000000000044,6.233484600670636e-05,0.18858185410499573,0.00662256171926856,0.2660457491874695,0.1703336238861084,,,,dqn_icm,cartpole,sparse,0.01,0.9,1,0.1
916,0.0,11,0.050000000000000044,0.0001687415351625532,0.1893712282180786,0.011743102222681046,0.2660457491874695,0.1703336238861084,,,,dqn_icm,cartpole,sparse,0.01,0.9,1,0.1
917,0.0,9,0.050000000000000044,9.303863043896854e-05,0.1893799602985382,0.00955253466963768,0.3340209722518921,0.16398847103118896,,,,dqn_icm,cartpole,sparse,0.01,0.9,1,0.1
918,0.0,10,0.050000000000000044,0.00028458991437219083,0.19366250932216644,0.011608424596488476,0.3340209722518921,0.16398847103118896,,,,dqn_icm,cartpole,sparse,0.01,0.9,1,0.1
919,0.0,10,0.050000000000000044,0.00042941226274706423,0.15932948887348175,0.017931785434484482,0.3340209722518921,0.16398847103118896,,,,dqn_icm,cartpole,sparse,0.01,0.9,1,0.1
920,0.0,10,0.050000000000000044,8.235877612605691e-05,0.15276919305324554,0.0102674700319767,0.3340209722518921,0.16398847103118896,,,,dqn_icm,cartpole,sparse,0.01,0.9,1,0.1
921,0.0,10,0.050000000000000044,0.00017894986376632005,0.18102970719337463,0.007622621022164822,0.30211296677589417,0.17071890830993652,,,,dqn_icm,cartpole,sparse,0.01,0.9,1,0.1
922,0.0,10,0.050000000000000044,0.0003073251573368907,0.18273387849330902,0.011548183858394623,0.30211296677589417,0.17071890830993652,,,,dqn_icm,cartpole,sparse,0.01,0.9,1,0.1
923,0.0,9,0.050000000000000044,0.00011784165690187365,0.1586391031742096,0.01025937870144844,0.30211296677589417,0.17071890830993652,,,,dqn_icm,cartpole,sparse,0.01,0.9,1,0.1
924,0.0,9,0.050000000000000044,5.8639889175537974e-05,0.1921369731426239,0.007458786014467478,0.30211296677589417,0.17071890830993652,,,,dqn_icm,cartpole,sparse,0.01,0.9,1,0.1
925,0.0,9,0.050000000000000044,8.986823377199471e-05,0.15542423725128174,0.008047211915254593,0.254913866519928,0.15007328987121582,,,,dqn_icm,cartpole,sparse,0.01,0.9,1,0.1
926,0.0,10,0.050000000000000044,0.0003287790750619024,0.180630624294281,0.00931810773909092,0.254913866519928,0.15007328987121582,,,,dqn_icm,cartpole,sparse,0.01,0.9,1,0.1
927,0.0,9,0.050000000000000044,0.00016672823403496295,0.14329148828983307,0.011098239570856094,0.254913866519928,0.15007328987121582,,,,dqn_icm,cartpole,sparse,0.01,0.9,1,0.1
928,0.0,9,0.050000000000000044,8.231052925111726e-05,0.17255544662475586,0.007900736294686794,0.254913866519928,0.15007328987121582,,,,dqn_icm,cartpole,sparse,0.01,0.9,1,0.1
929,0.0,10,0.050000000000000044,0.0009677708148956299,0.15327414870262146,0.01902104914188385,0.3030170202255249,0.1727832853794098,,,,dqn_icm,cartpole,sparse,0.01,0.9,1,0.1
930,0.0,10,0.050000000000000044,0.00024354038760066032,0.1664397418498993,0.012849070131778717,0.3030170202255249,0.1727832853794098,,,,dqn_icm,cartpole,sparse,0.01,0.9,1,0.1
931,0.0,10,0.050000000000000044,0.0003658139321487397,0.15573105216026306,0.014918345957994461,0.3030170202255249,0.1727832853794098,,,,dqn_icm,cartpole,sparse,0.01,0.9,1,0.1
932,0.0,10,0.050000000000000044,0.00021307857241481543,0.18735751509666443,0.01332174427807331,0.3030170202255249,0.1727832853794098,,,,dqn_icm,cartpole,sparse,0.01,0.9,1,0.1
933,0.0,10,0.050000000000000044,0.00018323666881769896,0.14835131168365479,0.010511795990169048,0.24218003451824188,0.14305371046066284,,,,dqn_icm,cartpole,sparse,0.01,0.9,1,0.1
934,0.0,9,0.050000000000000044,9.078941366169602e-05,0.15296509861946106,0.007933251559734344,0.24218003451824188,0.14305371046066284,,,,dqn_icm,cartpole,sparse,0.01,0.9,1,0.1
935,0.0,10,0.050000000000000044,0.00031167652923613787,0.14487916231155396,0.014354538172483444,0.24218003451824188,0.14305371046066284,,,,dqn_icm,cartpole,sparse,0.01,0.9,1,0.1
936,0.0,10,0.050000000000000044,0.00019491523562464863,0.17242315411567688,0.009347308427095413,0.24218003451824188,0.14305371046066284,,,,dqn_icm,cartpole,sparse,0.01,0.9,1,0.1
937,0.0,9,0.050000000000000044,0.00015232972509693354,0.19046232104301453,0.01147965993732214,0.2894008457660675,0.1509474217891693,,,,dqn_icm,cartpole,sparse,0.01,0.9,1,0.1
938,0.0,9,0.050000000000000044,4.018869003630243e-05,0.17446014285087585,0.006266063079237938,0.2894008457660675,0.1509474217891693,,,,dqn_icm,cartpole,sparse,0.01,0.9,1,0.1
939,0.0,10,0.050000000000000044,9.957587462849915e-05,0.15008041262626648,0.007892380468547344,0.2894008457660675,0.1509474217891693,,,,dqn_icm,cartpole,sparse,0.01,0.9,1,0.1
940,0.0,9,0.050000000000000044,6.590402335859835e-05,0.14945608377456665,0.006797830108553171,0.2894008457660675,0.1509474217891693,,,,dqn_icm,cartpole,sparse,0.01,0.9,1,0.1
941,0.0,10,0.050000000000000044,0.0002192445972468704,0.15522751212120056,0.011814681813120842,0.2894008457660675,0.1509474217891693,,,,dqn_icm,cartpole,sparse,0.01,0.9,1,0.1
942,0.0,10,0.050000000000000044,5.9764068282675e-05,0.1878296583890915,0.0074006044305861,0.31894001364707947,0.1541081666946411,,,,dqn_icm,cartpole,sparse,0.01,0.9,1,0.1
943,0.0,10,0.050000000000000044,0.00034799170680344105,0.16727730631828308,0.015194449573755264,0.31894001364707947,0.1541081666946411,,,,dqn_icm,cartpole,sparse,0.01,0.9,1,0.1
944,0.0,11,0.050000000000000044,9.964937635231763e-05,0.16508659720420837,0.008657732978463173,0.31894001364707947,0.1541081666946411,,,,dqn_icm,cartpole,sparse,0.01,0.9,1,0.1
945,0.0,9,0.050000000000000044,0.00013778131688013673,0.1503516435623169,0.010090121999382973,0.31894001364707947,0.1541081666946411,,,,dqn_icm,cartpole,sparse,0.01,0.9,1,0.1
946,0.0,9,0.050000000000000044,0.0002194301487179473,0.15675266087055206,0.011516528204083443,0.2658493220806122,0.13421158492565155,,,,dqn_icm,cartpole,sparse,0.01,0.9,1,0.1
947,0.0,9,0.050000000000000044,0.0001482681545894593,0.17880602180957794,0.012175939977169037,0.2658493220806122,0.13421158492565155,,,,dqn_icm,cartpole,sparse,0.01,0.9,1,0.1
948,0.0,10,0.050000000000000044,0.00011756060121115297,0.19051717221736908,0.008640848100185394,0.2658493220806122,0.13421158492565155,,,,dqn_icm,cartpole,sparse,0.01,0.9,1,0.1
949,0.0,10,0.050000000000000044,0.00016636443615425378,0.13728046417236328,0.011511428281664848,0.2658493220806122,0.13421158492565155,,,,dqn_icm,cartpole,sparse,0.01,0.9,1,0.1
950,0.0,10,0.050000000000000044,0.0002505715820007026,0.16671575605869293,0.012842535972595215,0.33126401901245117,0.12767766416072845,0.0,0.0,9.5,dqn_icm,cartpole,sparse,0.01,0.9,1,0.1
951,0.0,8,0.050000000000000044,0.00010766609193524346,0.1659008264541626,0.00976534467190504,0.33126401901245117,0.12767766416072845,,,,dqn_icm,cartpole,sparse,0.01,0.9,1,0.1
952,0.0,9,0.050000000000000044,0.00011130839993711561,0.18988893926143646,0.007301734760403633,0.33126401901245117,0.12767766416072845,,,,dqn_icm,cartpole,sparse,0.01,0.9,1,0.1
953,0.0,9,0.050000000000000044,0.0001087877171812579,0.16377735137939453,0.008324949070811272,0.33126401901245117,0.12767766416072845,,,,dqn_icm,cartpole,sparse,0.01,0.9,1,0.1
954,0.0,11,0.050000000000000044,0.00013304493040777743,0.19022837281227112,0.009657079353928566,0.34764283895492554,0.17317767441272736,,,,dqn_icm,cartpole,sparse,0.01,0.9,1,0.1
955,0.0,10,0.050000000000000044,3.4347729524597526e-05,0.16530555486679077,0.006050665397197008,0.34764283895492554,0.17317767441272736,,,,dqn_icm,cartpole,sparse,0.01,0.9,1,0.1
956,0.0,9,0.050000000000000044,4.477281618164852e-05,0.18385744094848633,0.006578862201422453,0.34764283895492554,0.17317767441272736,,,,dqn_icm,cartpole,sparse,0.01,0.9,1,0.1
957,0.0,10,0.050000000000000044,8.101350977085531e-05,0.16069091856479645,0.00949195958673954,0.34764283895492554,0.17317767441272736,,,,dqn_icm,cartpole,sparse,0.01,0.9,1,0.1
958,0.0,10,0.050000000000000044,4.083798921783455e-05,0.1582748293876648,0.005998902954161167,0.352433443069458,0.14886659383773804,,,,dqn_icm,cartpole,sparse,0.01,0.9,1,0.1
959,0.0,8,0.050000000000000044,4.800433089258149e-05,0.1428307741880417,0.006548820994794369,0.352433443069458,0.14886659383773804,,,,dqn_icm,cartpole,sparse,0.01,0.9,1,0.1
960,0.0,10,0.050000000000000044,0.00021859630942344666,0.17561125755310059,0.011731987819075584,0.352433443069458,0.14886659383773804,,,,dqn_icm,cartpole,sparse,0.01,0.9,1,0.1
961,0.0,8,0.050000000000000044,7.713131344644353e-05,0.16663208603858948,0.007311311084777117,0.352433443069458,0.14886659383773804,,,,dqn_icm,cartpole,sparse,0.01,0.9,1,0.1
962,0.0,9,0.050000000000000044,9.117081935983151e-05,0.15692636370658875,0.00687057338654995,0.352433443069458,0.14886659383773804,,,,dqn_icm,cartpole,sparse,0.01,0.9,1,0.1
963,0.0,10,0.050000000000000044,0.0001185432483907789,0.13938173651695251,0.008336469531059265,0.3594494163990021,0.13119381666183472,,,,dqn_icm,cartpole,sparse,0.01,0.9,1,0.1
964,0.0,10,0.050000000000000044,0.0004438677860889584,0.1854000836610794,0.012914225459098816,0.3594494163990021,0.13119381666183472,,,,dqn_icm,cartpole,sparse,0.01,0.9,1,0.1
965,0.0,9,0.050000000000000044,3.373010258655995e-05,0.17917828261852264,0.005526826251298189,0.3594494163990021,0.13119381666183472,,,,dqn_icm,cartpole,sparse,0.01,0.9,1,0.1
966,0.0,10,0.050000000000000044,6.978141027502716e-05,0.14768853783607483,0.007882793433964252,0.3594494163990021,0.13119381666183472,,,,dqn_icm,cartpole,sparse,0.01,0.9,1,0.1
967,0.0,10,0.050000000000000044,6.697089702356607e-05,0.16580937802791595,0.008116467855870724,0.2668297588825226,0.14128902554512024,,,,dqn_icm,cartpole,sparse,0.01,0.9,1,0.1
968,0.0,9,0.050000000000000044,7.471114076906815e-05,0.17953309416770935,0.007792579010128975,0.2668297588825226,0.14128902554512024,,,,dqn_icm,cartpole,sparse,0.01,0.9,1,0.1
969,0.0,11,0.050000000000000044,0.00016599142691120505,0.1350855976343155,0.011512634344398975,0.2668297588825226,0.14128902554512024,,,,dqn_icm,cartpole,sparse,0.01,0.9,1,0.1
970,0.0,10,0.050000000000000044,0.00021254239254631102,0.167281836271286,0.011868970468640327,0.2668297588825226,0.14128902554512024,,,,dqn_icm,cartpole,sparse,0.01,0.9,1,0.1
971,0.0,9,0.050000000000000044,0.0015563052147626877,0.15623992681503296,0.035819828510284424,0.23097851872444153,0.1518326699733734,,,,dqn_icm,cartpole,sparse,0.01,0.9,1,0.1
972,0.0,10,0.050000000000000044,0.0007296201074495912,0.19162103533744812,0.03029630333185196,0.23097851872444153,0.1518326699733734,,,,dqn_icm,cartpole,sparse,0.01,0.9,1,0.1
973,0.0,10,0.050000000000000044,0.0003633813466876745,0.14685480296611786,0.019959650933742523,0.23097851872444153,0.1518326699733734,,,,dqn_icm,cartpole,sparse,0.01,0.9,1,0.1
974,0.0,12,0.050000000000000044,0.0004389157984405756,0.20627132058143616,0.0263681598007679,0.23097851872444153,0.1518326699733734,,,,dqn_icm,cartpole,sparse,0.01,0.9,1,0.1
975,0.0,8,0.050000000000000044,0.0006581253255717456,0.19225651025772095,0.030391205102205276,0.315775066614151,0.12126165628433228,,,,dqn_icm,cartpole,sparse,0.01,0.9,1,0.1
976,0.0,10,0.050000000000000044,0.0007515139295719564,0.1734822690486908,0.026410581544041634,0.315775066614151,0.12126165628433228,,,,dqn_icm,cartpole,sparse,0.01,0.9,1,0.1
977,0.0,10,0.050000000000000044,0.0001299090072279796,0.20948147773742676,0.011133012361824512,0.315775066614151,0.12126165628433228,,,,dqn_icm,cartpole,sparse,0.01,0.9,1,0.1
978,0.0,13,0.050000000000000044,0.00023909617448225617,0.17457133531570435,0.017234861850738525,0.315775066614151,0.12126165628433228,,,,dqn_icm,cartpole,sparse,0.01,0.9,1,0.1
979,0.0,10,0.050000000000000044,0.0003142508212476969,0.1587407886981964,0.019751492887735367,0.26820462942123413,0.12530770897865295,,,,dqn_icm,cartpole,sparse,0.01,0.9,1,0.1
980,0.0,11,0.050000000000000044,0.0002690840628929436,0.1852138787508011,0.01719360239803791,0.26820462942123413,0.12530770897865295,,,,dqn_icm,cartpole,sparse,0.01,0.9,1,0.1
981,0.0,10,0.050000000000000044,0.00045889575267210603,0.1553547978401184,0.016106227412819862,0.26820462942123413,0.12530770897865295,,,,dqn_icm,cartpole,sparse,0.01,0.9,1,0.1
982,0.0,11,0.050000000000000044,0.00018101547902915627,0.20765987038612366,0.014418771490454674,0.3070744276046753,0.1431206911802292,,,,dqn_icm,cartpole,sparse,0.01,0.9,1,0.1
983,0.0,10,0.050000000000000044,0.00011527745664352551,0.18023118376731873,0.010799439623951912,0.3070744276046753,0.1431206911802292,,,,dqn_icm,cartpole,sparse,0.01,0.9,1,0.1
984,0.0,10,0.050000000000000044,0.0002217600995209068,0.15832644701004028,0.013189639896154404,0.3070744276046753,0.1431206911802292,,,,dqn_icm,cartpole,sparse,0.01,0.9,1,0.1
985,0.0,14,0.050000000000000044,0.00019821952446363866,0.18093538284301758,0.012593083083629608,0.3070744276046753,0.1431206911802292,,,,dqn_icm,cartpole,sparse,0.01,0.9,1,0.1
986,0.0,10,0.050000000000000044,0.00010955796460621059,0.17339852452278137,0.009650500491261482,0.22411729395389557,0.17768964171409607,,,,dqn_icm,cartpole,sparse,0.01,0.9,1,0.1
987,0.0,9,0.050000000000000044,0.00011296549928374588,0.19353479146957397,0.011927933432161808,0.22411729395389557,0.17768964171409607,,,,dqn_icm,cartpole,sparse,0.01,0.9,1,0.1
988,0.0,10,0.050000000000000044,8.754468581173569e-05,0.17517536878585815,0.01019434817135334,0.22411729395389557,0.17768964171409607,,,,dqn_icm,cartpole,sparse,0.01,0.9,1,0.1
989,0.0,10,0.050000000000000044,0.00011999768321402371,0.15726830065250397,0.010870620608329773,0.22411729395389557,0.17768964171409607,,,,dqn_icm,cartpole,sparse,0.01,0.9,1,0.1
990,0.0,10,0.050000000000000044,0.0002092679205816239,0.17502526938915253,0.012200533412396908,0.2823795676231384,0.10906285047531128,,,,dqn_icm,cartpole,sparse,0.01,0.9,1,0.1
991,0.0,9,0.050000000000000044,0.00010839149763341993,0.1662631630897522,0.00988086313009262,0.2823795676231384,0.10906285047531128,,,,dqn_icm,cartpole,sparse,0.01,0.9,1,0.1
992,0.0,9,0.050000000000000044,0.00014091323828324676,0.20237761735916138,0.01187971606850624,0.2823795676231384,0.10906285047531128,,,,dqn_icm,cartpole,sparse,0.01,0.9,1,0.1
993,0.0,10,0.050000000000000044,0.0002818685316015035,0.19560077786445618,0.012664129957556725,0.2823795676231384,0.10906285047531128,,,,dqn_icm,cartpole,sparse,0.01,0.9,1,0.1
994,0.0,9,0.050000000000000044,0.0001829843531595543,0.23753869533538818,0.009406830184161663,0.2229587882757187,0.13440194725990295,,,,dqn_icm,cartpole,sparse,0.01,0.9,1,0.1
995,0.0,8,0.050000000000000044,0.00012285582488402724,0.19323641061782837,0.00935737881809473,0.2229587882757187,0.13440194725990295,,,,dqn_icm,cartpole,sparse,0.01,0.9,1,0.1
996,0.0,9,0.050000000000000044,0.00013637552910950035,0.16928303241729736,0.009694870561361313,0.2229587882757187,0.13440194725990295,,,,dqn_icm,cartpole,sparse,0.01,0.9,1,0.1
997,0.0,9,0.050000000000000044,0.00017959706019610167,0.18658602237701416,0.00965800229460001,0.2229587882757187,0.13440194725990295,,,,dqn_icm,cartpole,sparse,0.01,0.9,1,0.1
998,0.0,9,0.050000000000000044,0.00013869097165297717,0.1778057962656021,0.009683370590209961,0.2229587882757187,0.13440194725990295,,,,dqn_icm,cartpole,sparse,0.01,0.9,1,0.1
999,0.0,10,0.050000000000000044,5.6853663409128785e-05,0.17910560965538025,0.0066677904687821865,0.2871180474758148,0.12114611268043518,,,,dqn_icm,cartpole,sparse,0.01,0.9,1,0.1
1000,0.0,9,0.050000000000000044,0.0002165034820791334,0.1848495453596115,0.01026492565870285,0.2871180474758148,0.12114611268043518,0.0,0.0,9.5,dqn_icm,cartpole,sparse,0.01,0.9,1,0.1
