episode,return,length,epsilon,loss,q_mean,td_error_mean,icm_loss,intrinsic_reward_mean,eval_return_mean,eval_return_std,eval_length_mean,agent,env,reward_type,lr,gamma,seed,eta
1,0.0,12,1.0,nan,nan,nan,nan,nan,,,,dqn_icm,cartpole,sparse,0.001,0.9,9,1.0
2,0.0,19,0.9968333333333333,nan,nan,nan,nan,nan,,,,dqn_icm,cartpole,sparse,0.001,0.9,9,1.0
3,0.0,27,0.9936666666666667,nan,nan,nan,nan,nan,,,,dqn_icm,cartpole,sparse,0.001,0.9,9,1.0
4,0.0,23,0.9905,nan,nan,nan,nan,nan,,,,dqn_icm,cartpole,sparse,0.001,0.9,9,1.0
5,0.0,14,0.9873333333333333,nan,nan,nan,nan,nan,,,,dqn_icm,cartpole,sparse,0.001,0.9,9,1.0
6,0.0,26,0.9841666666666666,nan,nan,nan,nan,nan,,,,dqn_icm,cartpole,sparse,0.001,0.9,9,1.0
7,0.0,43,0.981,nan,nan,nan,nan,nan,,,,dqn_icm,cartpole,sparse,0.001,0.9,9,1.0
8,0.0,57,0.9778333333333333,nan,nan,nan,nan,nan,,,,dqn_icm,cartpole,sparse,0.001,0.9,9,1.0
9,0.0,21,0.9746666666666667,nan,nan,nan,nan,nan,,,,dqn_icm,cartpole,sparse,0.001,0.9,9,1.0
10,0.0,13,0.9715,nan,nan,nan,nan,nan,,,,dqn_icm,cartpole,sparse,0.001,0.9,9,1.0
11,0.0,13,0.9683333333333334,nan,nan,nan,nan,nan,,,,dqn_icm,cartpole,sparse,0.001,0.9,9,1.0
12,0.0,15,0.9651666666666666,nan,nan,nan,nan,nan,,,,dqn_icm,cartpole,sparse,0.001,0.9,9,1.0
13,0.0,15,0.962,nan,nan,nan,nan,nan,,,,dqn_icm,cartpole,sparse,0.001,0.9,9,1.0
14,0.0,8,0.9588333333333333,nan,nan,nan,nan,nan,,,,dqn_icm,cartpole,sparse,0.001,0.9,9,1.0
15,0.0,49,0.9556666666666667,nan,nan,nan,nan,nan,,,,dqn_icm,cartpole,sparse,0.001,0.9,9,1.0
16,0.0,32,0.9525,nan,nan,nan,nan,nan,,,,dqn_icm,cartpole,sparse,0.001,0.9,9,1.0
17,0.0,18,0.9493333333333334,nan,nan,nan,nan,nan,,,,dqn_icm,cartpole,sparse,0.001,0.9,9,1.0
18,0.0,16,0.9461666666666667,nan,nan,nan,nan,nan,,,,dqn_icm,cartpole,sparse,0.001,0.9,9,1.0
19,0.0,13,0.9430000000000001,nan,nan,nan,nan,nan,,,,dqn_icm,cartpole,sparse,0.001,0.9,9,1.0
20,0.0,21,0.9398333333333333,nan,nan,nan,nan,nan,,,,dqn_icm,cartpole,sparse,0.001,0.9,9,1.0
21,0.0,27,0.9366666666666666,nan,nan,nan,nan,nan,,,,dqn_icm,cartpole,sparse,0.001,0.9,9,1.0
22,0.0,25,0.9335,0.024723529815673828,0.009525798261165619,0.20301327109336853,0.596403181552887,0.19382444024085999,,,,dqn_icm,cartpole,sparse,0.001,0.9,9,1.0
23,0.0,35,0.9303333333333333,0.01625014655292034,0.08641421794891357,0.15447622537612915,0.5995025038719177,0.22279125452041626,,,,dqn_icm,cartpole,sparse,0.001,0.9,9,1.0
24,0.0,17,0.9271666666666667,0.010520510375499725,0.11810426414012909,0.11198356002569199,0.5995025038719177,0.22279125452041626,,,,dqn_icm,cartpole,sparse,0.001,0.9,9,1.0
25,0.0,11,0.924,0.005392073653638363,0.13987454771995544,0.090381920337677,0.5995025038719177,0.22279125452041626,,,,dqn_icm,cartpole,sparse,0.001,0.9,9,1.0
26,0.0,16,0.9208333333333334,0.004311595112085342,0.18545883893966675,0.06703565269708633,0.5902457237243652,0.2072950303554535,,,,dqn_icm,cartpole,sparse,0.001,0.9,9,1.0
27,0.0,12,0.9176666666666666,0.002063481602817774,0.2124948799610138,0.050338469445705414,0.5902457237243652,0.2072950303554535,,,,dqn_icm,cartpole,sparse,0.001,0.9,9,1.0
28,0.0,20,0.9145,0.0017099450342357159,0.260664165019989,0.048245929181575775,0.5902457237243652,0.2072950303554535,,,,dqn_icm,cartpole,sparse,0.001,0.9,9,1.0
29,0.0,14,0.9113333333333333,0.0023797284811735153,0.2528482675552368,0.05906505137681961,0.5958220362663269,0.24927768111228943,,,,dqn_icm,cartpole,sparse,0.001,0.9,9,1.0
30,0.0,29,0.9081666666666667,0.0014610311482101679,0.23694485425949097,0.043141789734363556,0.5874493718147278,0.19641780853271484,,,,dqn_icm,cartpole,sparse,0.001,0.9,9,1.0
31,0.0,13,0.905,0.001461591455154121,0.2510952055454254,0.04454880952835083,0.5874493718147278,0.19641780853271484,,,,dqn_icm,cartpole,sparse,0.001,0.9,9,1.0
32,0.0,31,0.9018333333333334,0.0006086605135351419,0.2126026749610901,0.02743222378194332,0.5944545865058899,0.2177082598209381,,,,dqn_icm,cartpole,sparse,0.001,0.9,9,1.0
33,0.0,15,0.8986666666666667,0.0018623683135956526,0.20785430073738098,0.03871256113052368,0.5944545865058899,0.2177082598209381,,,,dqn_icm,cartpole,sparse,0.001,0.9,9,1.0
34,0.0,16,0.8955,0.00025678231031633914,0.19390830397605896,0.018772535026073456,0.5944545865058899,0.2177082598209381,,,,dqn_icm,cartpole,sparse,0.001,0.9,9,1.0
35,0.0,17,0.8923333333333333,0.0005463218549266458,0.20904600620269775,0.022972989827394485,0.5883979797363281,0.19831405580043793,,,,dqn_icm,cartpole,sparse,0.001,0.9,9,1.0
36,0.0,10,0.8891666666666667,0.0003439196734689176,0.19592872262001038,0.022124651819467545,0.5883979797363281,0.19831405580043793,,,,dqn_icm,cartpole,sparse,0.001,0.9,9,1.0
37,0.0,17,0.886,0.0009575076983310282,0.22793813049793243,0.03262101858854294,0.5882365107536316,0.2056521475315094,,,,dqn_icm,cartpole,sparse,0.001,0.9,9,1.0
38,0.0,13,0.8828333333333334,0.0003992932033725083,0.20102879405021667,0.023810505867004395,0.5882365107536316,0.2056521475315094,,,,dqn_icm,cartpole,sparse,0.001,0.9,9,1.0
39,0.0,36,0.8796666666666667,0.00029450037982314825,0.1995372623205185,0.019368181005120277,0.5903216004371643,0.21555116772651672,,,,dqn_icm,cartpole,sparse,0.001,0.9,9,1.0
40,0.0,14,0.8765000000000001,0.00039585691411048174,0.21743611991405487,0.022626440972089767,0.5903216004371643,0.21555116772651672,,,,dqn_icm,cartpole,sparse,0.001,0.9,9,1.0
41,0.0,17,0.8733333333333333,0.0005686176591552794,0.19474349915981293,0.023710601031780243,0.5864217281341553,0.18062543869018555,,,,dqn_icm,cartpole,sparse,0.001,0.9,9,1.0
42,0.0,12,0.8701666666666666,0.0006496859714388847,0.21338337659835815,0.020232252776622772,0.5864217281341553,0.18062543869018555,,,,dqn_icm,cartpole,sparse,0.001,0.9,9,1.0
43,0.0,15,0.867,0.0007615418289788067,0.20476803183555603,0.02189566008746624,0.5864217281341553,0.18062543869018555,,,,dqn_icm,cartpole,sparse,0.001,0.9,9,1.0
44,0.0,19,0.8638333333333333,0.0003264292317908257,0.20900940895080566,0.02154194563627243,0.5836125016212463,0.19714540243148804,,,,dqn_icm,cartpole,sparse,0.001,0.9,9,1.0
45,0.0,31,0.8606666666666667,0.00030628780950792134,0.20457014441490173,0.01856416091322899,0.5836125016212463,0.19714540243148804,,,,dqn_icm,cartpole,sparse,0.001,0.9,9,1.0
46,0.0,9,0.8575,0.0007008631946519017,0.2171047180891037,0.023255668580532074,0.5863537192344666,0.1926599144935608,,,,dqn_icm,cartpole,sparse,0.001,0.9,9,1.0
47,0.0,17,0.8543333333333334,0.0012328422162681818,0.21171802282333374,0.028728138655424118,0.5863537192344666,0.1926599144935608,,,,dqn_icm,cartpole,sparse,0.001,0.9,9,1.0
48,0.0,28,0.8511666666666666,0.0005409055156633258,0.20817336440086365,0.024723727256059647,0.5944256782531738,0.2054770290851593,,,,dqn_icm,cartpole,sparse,0.001,0.9,9,1.0
49,0.0,17,0.848,0.0005981120630167425,0.24025732278823853,0.026097064837813377,0.5944256782531738,0.2054770290851593,,,,dqn_icm,cartpole,sparse,0.001,0.9,9,1.0
50,0.0,39,0.8448333333333333,0.00046531466068699956,0.21392503380775452,0.024704165756702423,0.5888372659683228,0.21187099814414978,0.0,0.0,9.5,dqn_icm,cartpole,sparse,0.001,0.9,9,1.0
51,0.0,19,0.8416666666666667,0.0004949948051944375,0.20785945653915405,0.024275807663798332,0.5823711156845093,0.1791614592075348,,,,dqn_icm,cartpole,sparse,0.001,0.9,9,1.0
52,0.0,25,0.8385,0.0002995466347783804,0.2130511999130249,0.018829122185707092,0.5823711156845093,0.1791614592075348,,,,dqn_icm,cartpole,sparse,0.001,0.9,9,1.0
53,0.0,18,0.8353333333333334,0.0005996449035592377,0.19793914258480072,0.02383440174162388,0.582217276096344,0.21222886443138123,,,,dqn_icm,cartpole,sparse,0.001,0.9,9,1.0
54,0.0,22,0.8321666666666667,0.0006061255699023604,0.18311065435409546,0.0202212892472744,0.582217276096344,0.21222886443138123,,,,dqn_icm,cartpole,sparse,0.001,0.9,9,1.0
55,0.0,22,0.829,0.00022695177176501602,0.18154960870742798,0.01664813421666622,0.5800014138221741,0.18011689186096191,,,,dqn_icm,cartpole,sparse,0.001,0.9,9,1.0
56,0.0,18,0.8258333333333334,0.0005735760787501931,0.19481612741947174,0.01981217972934246,0.5800014138221741,0.18011689186096191,,,,dqn_icm,cartpole,sparse,0.001,0.9,9,1.0
57,0.0,11,0.8226666666666667,0.00048788043204694986,0.1968250274658203,0.02056054025888443,0.5826693773269653,0.1785741150379181,,,,dqn_icm,cartpole,sparse,0.001,0.9,9,1.0
58,0.0,19,0.8195,0.0008508939063176513,0.2324039340019226,0.02604408748447895,0.5826693773269653,0.1785741150379181,,,,dqn_icm,cartpole,sparse,0.001,0.9,9,1.0
59,0.0,13,0.8163333333333334,0.00040471681859344244,0.1966100037097931,0.01867033541202545,0.5826693773269653,0.1785741150379181,,,,dqn_icm,cartpole,sparse,0.001,0.9,9,1.0
60,0.0,13,0.8131666666666667,0.0005222526378929615,0.206247478723526,0.02313143014907837,0.5835694074630737,0.17099784314632416,,,,dqn_icm,cartpole,sparse,0.001,0.9,9,1.0
61,0.0,11,0.81,0.00036763399839401245,0.19027796387672424,0.019001662731170654,0.5835694074630737,0.17099784314632416,,,,dqn_icm,cartpole,sparse,0.001,0.9,9,1.0
62,0.0,15,0.8068333333333333,0.0007201995467767119,0.2033437341451645,0.02558220364153385,0.5835694074630737,0.17099784314632416,,,,dqn_icm,cartpole,sparse,0.001,0.9,9,1.0
63,0.0,16,0.8036666666666666,0.0007732455269433558,0.20921218395233154,0.02383710816502571,0.5861665606498718,0.17651024460792542,,,,dqn_icm,cartpole,sparse,0.001,0.9,9,1.0
64,0.0,29,0.8005,0.00041857321048155427,0.20917505025863647,0.020169934257864952,0.5861665606498718,0.17651024460792542,,,,dqn_icm,cartpole,sparse,0.001,0.9,9,1.0
65,0.0,20,0.7973333333333333,0.00039752048905938864,0.22128233313560486,0.021355342119932175,0.5767831206321716,0.1741076409816742,,,,dqn_icm,cartpole,sparse,0.001,0.9,9,1.0
66,0.0,10,0.7941666666666667,0.00020006767590530217,0.19485288858413696,0.017063189297914505,0.5767831206321716,0.1741076409816742,,,,dqn_icm,cartpole,sparse,0.001,0.9,9,1.0
67,0.0,10,0.791,0.00021117518190294504,0.21878254413604736,0.015895843505859375,0.5767831206321716,0.1741076409816742,,,,dqn_icm,cartpole,sparse,0.001,0.9,9,1.0
68,0.0,17,0.7878333333333334,0.00028217790531925857,0.1916358470916748,0.01692160591483116,0.5710633993148804,0.17315468192100525,,,,dqn_icm,cartpole,sparse,0.001,0.9,9,1.0
69,0.0,44,0.7846666666666666,0.0002802855451591313,0.21954531967639923,0.016587793827056885,0.5852330923080444,0.1643977165222168,,,,dqn_icm,cartpole,sparse,0.001,0.9,9,1.0
70,0.0,13,0.7815,0.0008447140571661294,0.20270657539367676,0.020903194323182106,0.5852330923080444,0.1643977165222168,,,,dqn_icm,cartpole,sparse,0.001,0.9,9,1.0
71,0.0,28,0.7783333333333333,0.00015620814519934356,0.18366345763206482,0.013274617493152618,0.5806748270988464,0.15748783946037292,,,,dqn_icm,cartpole,sparse,0.001,0.9,9,1.0
72,0.0,22,0.7751666666666667,0.00013390682579483837,0.17371264100074768,0.012046394869685173,0.5805065035820007,0.1563008427619934,,,,dqn_icm,cartpole,sparse,0.001,0.9,9,1.0
73,0.0,17,0.772,0.0001691408979240805,0.17980951070785522,0.01387026160955429,0.5805065035820007,0.1563008427619934,,,,dqn_icm,cartpole,sparse,0.001,0.9,9,1.0
74,0.0,31,0.7688333333333334,0.0001384179195156321,0.18081802129745483,0.013337317854166031,0.5775952935218811,0.17990905046463013,,,,dqn_icm,cartpole,sparse,0.001,0.9,9,1.0
75,0.0,12,0.7656666666666667,0.0002617148857098073,0.18883518874645233,0.014025206677615643,0.5775952935218811,0.17990905046463013,,,,dqn_icm,cartpole,sparse,0.001,0.9,9,1.0
76,0.0,24,0.7625,0.00045197189319878817,0.19608935713768005,0.01671358197927475,0.5679296255111694,0.15717822313308716,,,,dqn_icm,cartpole,sparse,0.001,0.9,9,1.0
77,0.0,10,0.7593333333333333,6.786997255403548e-05,0.15125899016857147,0.008458985947072506,0.5679296255111694,0.15717822313308716,,,,dqn_icm,cartpole,sparse,0.001,0.9,9,1.0
78,0.0,21,0.7561666666666667,0.0003168460098095238,0.20192554593086243,0.014916334301233292,0.5679296255111694,0.15717822313308716,,,,dqn_icm,cartpole,sparse,0.001,0.9,9,1.0
79,0.0,13,0.753,0.0002765888930298388,0.21271096169948578,0.015979737043380737,0.5800070762634277,0.17928636074066162,,,,dqn_icm,cartpole,sparse,0.001,0.9,9,1.0
80,0.0,10,0.7498333333333334,0.00011450280726421624,0.17385153472423553,0.010706521570682526,0.5800070762634277,0.17928636074066162,,,,dqn_icm,cartpole,sparse,0.001,0.9,9,1.0
81,0.0,15,0.7466666666666667,0.0003049211227335036,0.1936124712228775,0.013569620437920094,0.5800070762634277,0.17928636074066162,,,,dqn_icm,cartpole,sparse,0.001,0.9,9,1.0
82,0.0,22,0.7435,0.00016273785149678588,0.16601991653442383,0.011184845119714737,0.5769352912902832,0.16935670375823975,,,,dqn_icm,cartpole,sparse,0.001,0.9,9,1.0
83,0.0,12,0.7403333333333333,8.245743811130524e-05,0.14488501846790314,0.008943211287260056,0.5769352912902832,0.16935670375823975,,,,dqn_icm,cartpole,sparse,0.001,0.9,9,1.0
84,0.0,11,0.7371666666666667,0.00026064430130645633,0.2003532350063324,0.009948881343007088,0.5656994581222534,0.1810762584209442,,,,dqn_icm,cartpole,sparse,0.001,0.9,9,1.0
85,0.0,17,0.734,7.862303755246103e-05,0.18175008893013,0.008243992924690247,0.5656994581222534,0.1810762584209442,,,,dqn_icm,cartpole,sparse,0.001,0.9,9,1.0
86,0.0,19,0.7308333333333333,0.00026141267153434455,0.22686533629894257,0.014555240981280804,0.5656994581222534,0.1810762584209442,,,,dqn_icm,cartpole,sparse,0.001,0.9,9,1.0
87,0.0,13,0.7276666666666667,0.00014293093408923596,0.2064797431230545,0.01144132949411869,0.5690241456031799,0.16755372285842896,,,,dqn_icm,cartpole,sparse,0.001,0.9,9,1.0
88,0.0,10,0.7245,0.00037474793498404324,0.19925706088542938,0.014751940034329891,0.5690241456031799,0.16755372285842896,,,,dqn_icm,cartpole,sparse,0.001,0.9,9,1.0
89,0.0,19,0.7213333333333334,0.00029421038925647736,0.20089250802993774,0.013028053566813469,0.5690241456031799,0.16755372285842896,,,,dqn_icm,cartpole,sparse,0.001,0.9,9,1.0
90,0.0,11,0.7181666666666666,0.0001077539345715195,0.19584396481513977,0.009734800085425377,0.5780368447303772,0.16468459367752075,,,,dqn_icm,cartpole,sparse,0.001,0.9,9,1.0
91,0.0,19,0.7150000000000001,8.075006917351857e-05,0.16077780723571777,0.008948124945163727,0.5780368447303772,0.16468459367752075,,,,dqn_icm,cartpole,sparse,0.001,0.9,9,1.0
92,0.0,10,0.7118333333333333,8.116092067211866e-05,0.16498441994190216,0.008324967697262764,0.5780368447303772,0.16468459367752075,,,,dqn_icm,cartpole,sparse,0.001,0.9,9,1.0
93,0.0,13,0.7086666666666668,0.00043366296449676156,0.20356827974319458,0.012824208475649357,0.5755601525306702,0.1823606789112091,,,,dqn_icm,cartpole,sparse,0.001,0.9,9,1.0
94,0.0,13,0.7055,0.0001398545573465526,0.1982526183128357,0.00969391968101263,0.5755601525306702,0.1823606789112091,,,,dqn_icm,cartpole,sparse,0.001,0.9,9,1.0
95,0.0,63,0.7023333333333333,0.00023831313592381775,0.18135881423950195,0.01145496778190136,0.5718043446540833,0.16614894568920135,,,,dqn_icm,cartpole,sparse,0.001,0.9,9,1.0
96,0.0,27,0.6991666666666667,7.234459189930931e-05,0.1646817922592163,0.007409044541418552,0.5718043446540833,0.16614894568920135,,,,dqn_icm,cartpole,sparse,0.001,0.9,9,1.0
97,0.0,13,0.696,0.00016087152471300215,0.21649473905563354,0.01227962039411068,0.5667271614074707,0.16345010697841644,,,,dqn_icm,cartpole,sparse,0.001,0.9,9,1.0
98,0.0,14,0.6928333333333334,0.00018037552945315838,0.198807030916214,0.010851223953068256,0.5667271614074707,0.16345010697841644,,,,dqn_icm,cartpole,sparse,0.001,0.9,9,1.0
99,0.0,11,0.6896666666666667,0.0002793290186673403,0.20403090119361877,0.011493710801005363,0.5667271614074707,0.16345010697841644,,,,dqn_icm,cartpole,sparse,0.001,0.9,9,1.0
100,0.0,10,0.6865,8.095281373243779e-05,0.17239981889724731,0.00759547483175993,0.5735006928443909,0.15308165550231934,0.0,0.0,9.5,dqn_icm,cartpole,sparse,0.001,0.9,9,1.0
101,0.0,23,0.6833333333333333,9.491555101703852e-05,0.18475601077079773,0.00838079210370779,0.5735006928443909,0.15308165550231934,,,,dqn_icm,cartpole,sparse,0.001,0.9,9,1.0
102,0.0,17,0.6801666666666667,0.0002782827941700816,0.1759471893310547,0.010712817311286926,0.5790944695472717,0.16046307981014252,,,,dqn_icm,cartpole,sparse,0.001,0.9,9,1.0
103,0.0,35,0.677,0.00015147164231166244,0.18191710114479065,0.007349022664129734,0.5790944695472717,0.16046307981014252,,,,dqn_icm,cartpole,sparse,0.001,0.9,9,1.0
104,0.0,17,0.6738333333333333,0.00011248006921960041,0.18289165198802948,0.008656846359372139,0.5593173503875732,0.12993751466274261,,,,dqn_icm,cartpole,sparse,0.001,0.9,9,1.0
105,0.0,17,0.6706666666666667,4.792925392393954e-05,0.1558927297592163,0.007018695585429668,0.5593173503875732,0.12993751466274261,,,,dqn_icm,cartpole,sparse,0.001,0.9,9,1.0
106,0.0,19,0.6675,7.726304465904832e-05,0.1763334572315216,0.00700011383742094,0.5806401371955872,0.16890394687652588,,,,dqn_icm,cartpole,sparse,0.001,0.9,9,1.0
107,0.0,13,0.6643333333333333,5.5836419051047415e-05,0.15357020497322083,0.007059404626488686,0.5806401371955872,0.16890394687652588,,,,dqn_icm,cartpole,sparse,0.001,0.9,9,1.0
108,0.0,15,0.6611666666666667,0.0002793575986288488,0.20076972246170044,0.01132847648113966,0.5806401371955872,0.16890394687652588,,,,dqn_icm,cartpole,sparse,0.001,0.9,9,1.0
109,0.0,16,0.658,0.00022231641924008727,0.20249593257904053,0.012511974200606346,0.5683116912841797,0.16817232966423035,,,,dqn_icm,cartpole,sparse,0.001,0.9,9,1.0
110,0.0,18,0.6548333333333334,0.0002389748697169125,0.18768925964832306,0.010394741781055927,0.5683116912841797,0.16817232966423035,,,,dqn_icm,cartpole,sparse,0.001,0.9,9,1.0
111,0.0,14,0.6516666666666667,0.00013840531755704433,0.20443300902843475,0.009950411505997181,0.5620915293693542,0.17507719993591309,,,,dqn_icm,cartpole,sparse,0.001,0.9,9,1.0
112,0.0,20,0.6485000000000001,0.00023189654166344553,0.18094708025455475,0.009398049674928188,0.5620915293693542,0.17507719993591309,,,,dqn_icm,cartpole,sparse,0.001,0.9,9,1.0
113,0.0,13,0.6453333333333333,9.646530816098675e-05,0.2000640332698822,0.009304489940404892,0.5620915293693542,0.17507719993591309,,,,dqn_icm,cartpole,sparse,0.001,0.9,9,1.0
114,0.0,10,0.6421666666666668,7.069547427818179e-05,0.1592235267162323,0.006864927709102631,0.5636005401611328,0.15108591318130493,,,,dqn_icm,cartpole,sparse,0.001,0.9,9,1.0
115,0.0,23,0.639,9.403885633219033e-05,0.176631361246109,0.008279060944914818,0.5636005401611328,0.15108591318130493,,,,dqn_icm,cartpole,sparse,0.001,0.9,9,1.0
116,0.0,16,0.6358333333333333,0.00028144902898930013,0.18700765073299408,0.010322362184524536,0.5681551694869995,0.13250517845153809,,,,dqn_icm,cartpole,sparse,0.001,0.9,9,1.0
117,0.0,12,0.6326666666666667,0.0001353673287667334,0.20068570971488953,0.0081099234521389,0.5681551694869995,0.13250517845153809,,,,dqn_icm,cartpole,sparse,0.001,0.9,9,1.0
118,0.0,29,0.6295,9.761805267771706e-05,0.16825032234191895,0.006595528218895197,0.5663182735443115,0.16472208499908447,,,,dqn_icm,cartpole,sparse,0.001,0.9,9,1.0
119,0.0,13,0.6263333333333334,0.00013698115071747452,0.1905147135257721,0.00952646043151617,0.5663182735443115,0.16472208499908447,,,,dqn_icm,cartpole,sparse,0.001,0.9,9,1.0
120,0.0,11,0.6231666666666666,8.752598660066724e-05,0.16590812802314758,0.007681041955947876,0.5663182735443115,0.16472208499908447,,,,dqn_icm,cartpole,sparse,0.001,0.9,9,1.0
121,0.0,14,0.62,9.212533041136339e-05,0.1882234811782837,0.007973214611411095,0.5684894323348999,0.14775702357292175,,,,dqn_icm,cartpole,sparse,0.001,0.9,9,1.0
122,0.0,10,0.6168333333333333,3.139182081213221e-05,0.1642627865076065,0.005997257772833109,0.5684894323348999,0.14775702357292175,,,,dqn_icm,cartpole,sparse,0.001,0.9,9,1.0
123,0.0,26,0.6136666666666667,5.757062172051519e-05,0.17783793807029724,0.007198932580649853,0.5648579001426697,0.1541006714105606,,,,dqn_icm,cartpole,sparse,0.001,0.9,9,1.0
124,0.0,12,0.6105,4.7881589125609025e-05,0.17878791689872742,0.006515271961688995,0.5648579001426697,0.1541006714105606,,,,dqn_icm,cartpole,sparse,0.001,0.9,9,1.0
125,0.0,10,0.6073333333333333,0.00024235693854279816,0.17597998678684235,0.009278898127377033,0.5648579001426697,0.1541006714105606,,,,dqn_icm,cartpole,sparse,0.001,0.9,9,1.0
126,0.0,21,0.6041666666666667,0.00022680008260067552,0.1949513852596283,0.011926994659006596,0.5708116888999939,0.1961446851491928,,,,dqn_icm,cartpole,sparse,0.001,0.9,9,1.0
127,0.0,13,0.601,0.0001758097787387669,0.151647686958313,0.00878304336220026,0.5708116888999939,0.1961446851491928,,,,dqn_icm,cartpole,sparse,0.001,0.9,9,1.0
128,0.0,14,0.5978333333333333,7.954817556310445e-05,0.1564350575208664,0.00821654126048088,0.5708116888999939,0.1961446851491928,,,,dqn_icm,cartpole,sparse,0.001,0.9,9,1.0
129,0.0,13,0.5946666666666667,7.850757538108155e-05,0.18700465559959412,0.0073270974680781364,0.5587653517723083,0.16291114687919617,,,,dqn_icm,cartpole,sparse,0.001,0.9,9,1.0
130,0.0,17,0.5915,7.248224574141204e-05,0.16845721006393433,0.007830260321497917,0.5587653517723083,0.16291114687919617,,,,dqn_icm,cartpole,sparse,0.001,0.9,9,1.0
131,0.0,10,0.5883333333333334,0.00019798178982455283,0.1845628023147583,0.010522491298615932,0.5587653517723083,0.16291114687919617,,,,dqn_icm,cartpole,sparse,0.001,0.9,9,1.0
132,0.0,16,0.5851666666666667,0.00026192565564997494,0.2071925699710846,0.011117037385702133,0.555625319480896,0.14374864101409912,,,,dqn_icm,cartpole,sparse,0.001,0.9,9,1.0
133,0.0,14,0.5820000000000001,0.00029808576800860465,0.19439491629600525,0.010497883893549442,0.555625319480896,0.14374864101409912,,,,dqn_icm,cartpole,sparse,0.001,0.9,9,1.0
134,0.0,13,0.5788333333333333,0.00011658190487651154,0.16912466287612915,0.008446581661701202,0.555625319480896,0.14374864101409912,,,,dqn_icm,cartpole,sparse,0.001,0.9,9,1.0
135,0.0,16,0.5756666666666668,0.016043411567807198,0.2652145028114319,0.1356971263885498,0.567304790019989,0.1493680477142334,,,,dqn_icm,cartpole,sparse,0.001,0.9,9,1.0
136,0.0,16,0.5725,0.005549360997974873,0.3323659300804138,0.05136523023247719,0.567304790019989,0.1493680477142334,,,,dqn_icm,cartpole,sparse,0.001,0.9,9,1.0
137,0.0,11,0.5693333333333334,0.007027514278888702,0.4142829179763794,0.07449737191200256,0.567304790019989,0.1493680477142334,,,,dqn_icm,cartpole,sparse,0.001,0.9,9,1.0
138,0.0,22,0.5661666666666667,0.005035254638642073,0.3252260684967041,0.06514273583889008,0.5472699403762817,0.1669880449771881,,,,dqn_icm,cartpole,sparse,0.001,0.9,9,1.0
139,0.0,9,0.563,0.009129664860665798,0.3010255992412567,0.08080285042524338,0.5472699403762817,0.1669880449771881,,,,dqn_icm,cartpole,sparse,0.001,0.9,9,1.0
140,0.0,10,0.5598333333333334,0.004363617394119501,0.2922123074531555,0.05321339890360832,0.5571393966674805,0.1398995816707611,,,,dqn_icm,cartpole,sparse,0.001,0.9,9,1.0
141,0.0,17,0.5566666666666666,0.005457734689116478,0.3452575206756592,0.0534343495965004,0.5571393966674805,0.1398995816707611,,,,dqn_icm,cartpole,sparse,0.001,0.9,9,1.0
142,0.0,12,0.5535000000000001,0.005095240660011768,0.33725741505622864,0.06080535799264908,0.5571393966674805,0.1398995816707611,,,,dqn_icm,cartpole,sparse,0.001,0.9,9,1.0
143,0.0,22,0.5503333333333333,0.002759784460067749,0.34908419847488403,0.044420499354600906,0.5585910677909851,0.14655154943466187,,,,dqn_icm,cartpole,sparse,0.001,0.9,9,1.0
144,0.0,16,0.5471666666666667,0.0018025352619588375,0.3476446270942688,0.03723122924566269,0.5585910677909851,0.14655154943466187,,,,dqn_icm,cartpole,sparse,0.001,0.9,9,1.0
145,0.0,20,0.544,0.012640954926609993,0.4198024272918701,0.07268508523702621,0.5583257079124451,0.14612114429473877,,,,dqn_icm,cartpole,sparse,0.001,0.9,9,1.0
146,0.0,18,0.5408333333333333,0.0013952816370874643,0.31413567066192627,0.02844410389661789,0.5583257079124451,0.14612114429473877,,,,dqn_icm,cartpole,sparse,0.001,0.9,9,1.0
147,0.0,9,0.5376666666666667,0.005272031761705875,0.3511354327201843,0.053099967539310455,0.5583257079124451,0.14612114429473877,,,,dqn_icm,cartpole,sparse,0.001,0.9,9,1.0
148,0.0,11,0.5345,0.0033605743665248156,0.33697423338890076,0.043589457869529724,0.549827516078949,0.1425706446170807,,,,dqn_icm,cartpole,sparse,0.001,0.9,9,1.0
149,0.0,11,0.5313333333333333,0.004865035880357027,0.3500105142593384,0.0452132411301136,0.549827516078949,0.1425706446170807,,,,dqn_icm,cartpole,sparse,0.001,0.9,9,1.0
150,0.0,13,0.5281666666666667,0.0032540129031986,0.3646999001502991,0.037341855466365814,0.549827516078949,0.1425706446170807,0.0,0.0,9.5,dqn_icm,cartpole,sparse,0.001,0.9,9,1.0
151,0.0,13,0.525,0.0048871273174881935,0.41964372992515564,0.04529646784067154,0.5566832423210144,0.17526713013648987,,,,dqn_icm,cartpole,sparse,0.001,0.9,9,1.0
152,0.0,19,0.5218333333333334,0.00728146918118,0.3928355276584625,0.05331868678331375,0.5566832423210144,0.17526713013648987,,,,dqn_icm,cartpole,sparse,0.001,0.9,9,1.0
153,0.0,13,0.5186666666666666,0.00489555299282074,0.3369187116622925,0.0508248433470726,0.5566832423210144,0.17526713013648987,,,,dqn_icm,cartpole,sparse,0.001,0.9,9,1.0
154,0.0,14,0.5155000000000001,0.005151189863681793,0.35243725776672363,0.06098039448261261,0.5576255321502686,0.18193930387496948,,,,dqn_icm,cartpole,sparse,0.001,0.9,9,1.0
155,0.0,11,0.5123333333333333,0.007483208552002907,0.33237406611442566,0.0672868862748146,0.5576255321502686,0.18193930387496948,,,,dqn_icm,cartpole,sparse,0.001,0.9,9,1.0
156,0.0,11,0.5091666666666667,0.00728804524987936,0.352247416973114,0.06024958938360214,0.5576255321502686,0.18193930387496948,,,,dqn_icm,cartpole,sparse,0.001,0.9,9,1.0
157,0.0,15,0.506,0.0072141303680837154,0.3695904016494751,0.06033266335725784,0.552503764629364,0.18403707444667816,,,,dqn_icm,cartpole,sparse,0.001,0.9,9,1.0
158,0.0,13,0.5028333333333334,0.004513964522629976,0.37724292278289795,0.05160658806562424,0.552503764629364,0.18403707444667816,,,,dqn_icm,cartpole,sparse,0.001,0.9,9,1.0
159,0.0,11,0.4996666666666667,0.007268043700605631,0.3488427400588989,0.05022233724594116,0.552503764629364,0.18403707444667816,,,,dqn_icm,cartpole,sparse,0.001,0.9,9,1.0
160,0.0,10,0.49650000000000005,0.005200076848268509,0.3748561143875122,0.04967842251062393,0.552503764629364,0.18403707444667816,,,,dqn_icm,cartpole,sparse,0.001,0.9,9,1.0
161,0.0,11,0.4933333333333334,0.00471892673522234,0.3678658604621887,0.04780866578221321,0.5580434203147888,0.15374989807605743,,,,dqn_icm,cartpole,sparse,0.001,0.9,9,1.0
162,0.0,18,0.49016666666666675,0.0065048085525631905,0.4103609323501587,0.06179221719503403,0.5580434203147888,0.15374989807605743,,,,dqn_icm,cartpole,sparse,0.001,0.9,9,1.0
163,0.0,17,0.487,0.006218846887350082,0.36370545625686646,0.06720207631587982,0.5534112453460693,0.14639431238174438,,,,dqn_icm,cartpole,sparse,0.001,0.9,9,1.0
164,0.0,11,0.48383333333333334,0.002516259904950857,0.30889415740966797,0.037689656019210815,0.5534112453460693,0.14639431238174438,,,,dqn_icm,cartpole,sparse,0.001,0.9,9,1.0
165,0.0,9,0.4806666666666667,0.004238793160766363,0.34715715050697327,0.047315485775470734,0.5534112453460693,0.14639431238174438,,,,dqn_icm,cartpole,sparse,0.001,0.9,9,1.0
166,0.0,10,0.47750000000000004,0.0014163842424750328,0.3352435827255249,0.02816997841000557,0.5534112453460693,0.14639431238174438,,,,dqn_icm,cartpole,sparse,0.001,0.9,9,1.0
167,0.0,12,0.4743333333333334,0.006535862106829882,0.35562002658843994,0.05340372771024704,0.5591040849685669,0.17442086338996887,,,,dqn_icm,cartpole,sparse,0.001,0.9,9,1.0
168,0.0,8,0.47116666666666673,0.004901179112493992,0.3263205289840698,0.04172039031982422,0.5591040849685669,0.17442086338996887,,,,dqn_icm,cartpole,sparse,0.001,0.9,9,1.0
169,0.0,8,0.46799999999999997,0.0026034440379589796,0.3269742727279663,0.03714664652943611,0.5591040849685669,0.17442086338996887,,,,dqn_icm,cartpole,sparse,0.001,0.9,9,1.0
170,0.0,11,0.4648333333333333,0.0051892525516450405,0.35315364599227905,0.04978131502866745,0.5591040849685669,0.17442086338996887,,,,dqn_icm,cartpole,sparse,0.001,0.9,9,1.0
171,0.0,11,0.46166666666666667,0.003559121862053871,0.3390200734138489,0.04811849445104599,0.5591557621955872,0.15797612071037292,,,,dqn_icm,cartpole,sparse,0.001,0.9,9,1.0
172,0.0,9,0.4585,0.005551580339670181,0.3614492416381836,0.06281071156263351,0.5591557621955872,0.15797612071037292,,,,dqn_icm,cartpole,sparse,0.001,0.9,9,1.0
173,0.0,10,0.45533333333333337,0.005640821531414986,0.3414662480354309,0.047194745391607285,0.5591557621955872,0.15797612071037292,,,,dqn_icm,cartpole,sparse,0.001,0.9,9,1.0
174,0.0,9,0.4521666666666667,0.003613607492297888,0.4075852334499359,0.05127357691526413,0.5591557621955872,0.15797612071037292,,,,dqn_icm,cartpole,sparse,0.001,0.9,9,1.0
175,0.0,14,0.44900000000000007,0.004907596856355667,0.3605135977268219,0.0479811355471611,0.556664228439331,0.14863023161888123,,,,dqn_icm,cartpole,sparse,0.001,0.9,9,1.0
176,0.0,11,0.4458333333333333,0.004174528643488884,0.3623165786266327,0.04562191665172577,0.556664228439331,0.14863023161888123,,,,dqn_icm,cartpole,sparse,0.001,0.9,9,1.0
177,0.0,11,0.44266666666666665,0.011851617135107517,0.4049322009086609,0.07226672768592834,0.556664228439331,0.14863023161888123,,,,dqn_icm,cartpole,sparse,0.001,0.9,9,1.0
178,0.0,12,0.4395,0.005887243431061506,0.3377513289451599,0.053534574806690216,0.5523682832717896,0.14918705821037292,,,,dqn_icm,cartpole,sparse,0.001,0.9,9,1.0
179,0.0,12,0.43633333333333335,0.004330172669142485,0.31980443000793457,0.04638524353504181,0.5523682832717896,0.14918705821037292,,,,dqn_icm,cartpole,sparse,0.001,0.9,9,1.0
180,0.0,10,0.4331666666666667,0.0036046651657670736,0.36081939935684204,0.04218351095914841,0.5523682832717896,0.14918705821037292,,,,dqn_icm,cartpole,sparse,0.001,0.9,9,1.0
181,0.0,12,0.43000000000000005,0.003474850207567215,0.3278449773788452,0.03895515576004982,0.5523682832717896,0.14918705821037292,,,,dqn_icm,cartpole,sparse,0.001,0.9,9,1.0
182,0.0,9,0.4268333333333333,0.00537642277777195,0.3845907747745514,0.05325615406036377,0.5461444854736328,0.13107571005821228,,,,dqn_icm,cartpole,sparse,0.001,0.9,9,1.0
183,0.0,11,0.42366666666666664,0.0063381679356098175,0.4106420874595642,0.05691049247980118,0.5461444854736328,0.13107571005821228,,,,dqn_icm,cartpole,sparse,0.001,0.9,9,1.0
184,0.0,13,0.4205,0.0052487850189208984,0.34340065717697144,0.0554279126226902,0.5461444854736328,0.13107571005821228,,,,dqn_icm,cartpole,sparse,0.001,0.9,9,1.0
185,0.0,10,0.41733333333333344,0.00862072966992855,0.41765809059143066,0.07968220114707947,0.5461444854736328,0.13107571005821228,,,,dqn_icm,cartpole,sparse,0.001,0.9,9,1.0
186,0.0,10,0.4141666666666667,0.005006919614970684,0.38205868005752563,0.0558343306183815,0.5410043001174927,0.15281058847904205,,,,dqn_icm,cartpole,sparse,0.001,0.9,9,1.0
187,0.0,10,0.41100000000000003,0.005398874636739492,0.3749275803565979,0.055304937064647675,0.5410043001174927,0.15281058847904205,,,,dqn_icm,cartpole,sparse,0.001,0.9,9,1.0
188,0.0,11,0.4078333333333334,0.005040848162025213,0.3733808994293213,0.05145711451768875,0.5410043001174927,0.15281058847904205,,,,dqn_icm,cartpole,sparse,0.001,0.9,9,1.0
189,0.0,11,0.4046666666666666,0.0047883582301437855,0.35873836278915405,0.0442330464720726,0.5348199605941772,0.15779060125350952,,,,dqn_icm,cartpole,sparse,0.001,0.9,9,1.0
190,0.0,14,0.4015000000000001,0.003650999628007412,0.34761929512023926,0.04644305258989334,0.5348199605941772,0.15779060125350952,,,,dqn_icm,cartpole,sparse,0.001,0.9,9,1.0
191,0.0,10,0.39833333333333343,0.004481907933950424,0.35566332936286926,0.050330281257629395,0.5348199605941772,0.15779060125350952,,,,dqn_icm,cartpole,sparse,0.001,0.9,9,1.0
192,0.0,11,0.39516666666666667,0.00753795076161623,0.37814587354660034,0.06626803427934647,0.5348199605941772,0.15779060125350952,,,,dqn_icm,cartpole,sparse,0.001,0.9,9,1.0
193,0.0,12,0.392,0.004119106102734804,0.33503401279449463,0.05155152082443237,0.540105402469635,0.13200563192367554,,,,dqn_icm,cartpole,sparse,0.001,0.9,9,1.0
194,0.0,10,0.38883333333333336,0.008656853809952736,0.3801742196083069,0.0572134405374527,0.540105402469635,0.13200563192367554,,,,dqn_icm,cartpole,sparse,0.001,0.9,9,1.0
195,0.0,10,0.3856666666666667,0.0038272852543741465,0.3807510733604431,0.047989144921302795,0.540105402469635,0.13200563192367554,,,,dqn_icm,cartpole,sparse,0.001,0.9,9,1.0
196,0.0,12,0.38250000000000006,0.005231710150837898,0.41895318031311035,0.056399524211883545,0.540105402469635,0.13200563192367554,,,,dqn_icm,cartpole,sparse,0.001,0.9,9,1.0
197,0.0,11,0.3793333333333334,0.004336833953857422,0.38439619541168213,0.056925103068351746,0.5565778017044067,0.13757479190826416,,,,dqn_icm,cartpole,sparse,0.001,0.9,9,1.0
198,0.0,10,0.37616666666666676,0.0077448394149541855,0.4191417992115021,0.060757316648960114,0.5565778017044067,0.13757479190826416,,,,dqn_icm,cartpole,sparse,0.001,0.9,9,1.0
199,0.0,10,0.373,0.0032440011855214834,0.3653162121772766,0.040652088820934296,0.5565778017044067,0.13757479190826416,,,,dqn_icm,cartpole,sparse,0.001,0.9,9,1.0
200,0.0,12,0.36983333333333335,0.005091013386845589,0.39719724655151367,0.051599420607089996,0.549307107925415,0.16541463136672974,0.0,0.0,9.5,dqn_icm,cartpole,sparse,0.001,0.9,9,1.0
201,0.0,11,0.3666666666666667,0.008900804445147514,0.3901331126689911,0.07051102072000504,0.549307107925415,0.16541463136672974,,,,dqn_icm,cartpole,sparse,0.001,0.9,9,1.0
202,0.0,11,0.36350000000000005,0.0066779307089746,0.4125782251358032,0.05754386633634567,0.549307107925415,0.16541463136672974,,,,dqn_icm,cartpole,sparse,0.001,0.9,9,1.0
203,0.0,11,0.3603333333333334,0.004941320046782494,0.34210631251335144,0.052900929003953934,0.549307107925415,0.16541463136672974,,,,dqn_icm,cartpole,sparse,0.001,0.9,9,1.0
204,0.0,9,0.35716666666666674,0.0043121036142110825,0.36122435331344604,0.04777394235134125,0.5344518423080444,0.17410212755203247,,,,dqn_icm,cartpole,sparse,0.001,0.9,9,1.0
205,0.0,11,0.354,0.002178211696445942,0.35305625200271606,0.035896241664886475,0.5344518423080444,0.17410212755203247,,,,dqn_icm,cartpole,sparse,0.001,0.9,9,1.0
206,0.0,10,0.35083333333333333,0.00587618350982666,0.4120981693267822,0.0539838969707489,0.5344518423080444,0.17410212755203247,,,,dqn_icm,cartpole,sparse,0.001,0.9,9,1.0
207,0.0,12,0.3476666666666667,0.008435554802417755,0.451760470867157,0.06820647418498993,0.5344518423080444,0.17410212755203247,,,,dqn_icm,cartpole,sparse,0.001,0.9,9,1.0
208,0.0,19,0.34450000000000003,0.003813627175986767,0.34330394864082336,0.04472273960709572,0.5367574095726013,0.20212580263614655,,,,dqn_icm,cartpole,sparse,0.001,0.9,9,1.0
209,0.0,10,0.3413333333333334,0.005655017681419849,0.3607819080352783,0.05418471619486809,0.5367574095726013,0.20212580263614655,,,,dqn_icm,cartpole,sparse,0.001,0.9,9,1.0
210,0.0,12,0.3381666666666667,0.004028041381388903,0.36480969190597534,0.0506274588406086,0.5367574095726013,0.20212580263614655,,,,dqn_icm,cartpole,sparse,0.001,0.9,9,1.0
211,0.0,11,0.3350000000000001,0.006090293638408184,0.3509969115257263,0.05867782235145569,0.5474117994308472,0.143875390291214,,,,dqn_icm,cartpole,sparse,0.001,0.9,9,1.0
212,0.0,12,0.3318333333333333,0.004897814244031906,0.4024292230606079,0.05272906273603439,0.5474117994308472,0.143875390291214,,,,dqn_icm,cartpole,sparse,0.001,0.9,9,1.0
213,0.0,11,0.32866666666666666,0.004502504598349333,0.38326120376586914,0.04545983672142029,0.5474117994308472,0.143875390291214,,,,dqn_icm,cartpole,sparse,0.001,0.9,9,1.0
214,0.0,10,0.3255,0.0014928842429071665,0.339636892080307,0.03374224901199341,0.5535104274749756,0.12948735058307648,,,,dqn_icm,cartpole,sparse,0.001,0.9,9,1.0
215,0.0,11,0.32233333333333336,0.003558775410056114,0.36009955406188965,0.043748438358306885,0.5535104274749756,0.12948735058307648,,,,dqn_icm,cartpole,sparse,0.001,0.9,9,1.0
216,0.0,10,0.3191666666666667,0.0034187380224466324,0.3291453719139099,0.04461584612727165,0.5535104274749756,0.12948735058307648,,,,dqn_icm,cartpole,sparse,0.001,0.9,9,1.0
217,0.0,20,0.31600000000000006,0.004524668212980032,0.36530160903930664,0.05323142558336258,0.5443366169929504,0.16602742671966553,,,,dqn_icm,cartpole,sparse,0.001,0.9,9,1.0
218,0.0,10,0.3128333333333333,0.0063843196257948875,0.3483852744102478,0.05471372604370117,0.5443366169929504,0.16602742671966553,,,,dqn_icm,cartpole,sparse,0.001,0.9,9,1.0
219,0.0,11,0.30966666666666665,0.008544824086129665,0.46424633264541626,0.06476578116416931,0.5443366169929504,0.16602742671966553,,,,dqn_icm,cartpole,sparse,0.001,0.9,9,1.0
220,0.0,10,0.3065,0.004738766700029373,0.39805150032043457,0.04390709102153778,0.5443366169929504,0.16602742671966553,,,,dqn_icm,cartpole,sparse,0.001,0.9,9,1.0
221,0.0,12,0.30333333333333345,0.010010392405092716,0.3989827036857605,0.0741441547870636,0.5304476618766785,0.1439008116722107,,,,dqn_icm,cartpole,sparse,0.001,0.9,9,1.0
222,0.0,15,0.3001666666666667,0.005755162797868252,0.4075888395309448,0.05269135534763336,0.5304476618766785,0.1439008116722107,,,,dqn_icm,cartpole,sparse,0.001,0.9,9,1.0
223,0.0,9,0.29700000000000004,0.008717196062207222,0.4000174403190613,0.0728381872177124,0.5304476618766785,0.1439008116722107,,,,dqn_icm,cartpole,sparse,0.001,0.9,9,1.0
224,0.0,11,0.2938333333333334,0.004106003791093826,0.3797730803489685,0.05603543668985367,0.5281155109405518,0.1651613712310791,,,,dqn_icm,cartpole,sparse,0.001,0.9,9,1.0
225,0.0,10,0.29066666666666663,0.004844780545681715,0.3966310918331146,0.05219994857907295,0.5281155109405518,0.1651613712310791,,,,dqn_icm,cartpole,sparse,0.001,0.9,9,1.0
226,0.0,10,0.2875000000000001,0.010231433436274529,0.44739800691604614,0.07312530279159546,0.5281155109405518,0.1651613712310791,,,,dqn_icm,cartpole,sparse,0.001,0.9,9,1.0
227,0.0,13,0.28433333333333344,0.008605856448411942,0.46640723943710327,0.06709662079811096,0.5281155109405518,0.1651613712310791,,,,dqn_icm,cartpole,sparse,0.001,0.9,9,1.0
228,0.0,9,0.2811666666666667,0.004963133484125137,0.4424469769001007,0.05699300393462181,0.5502995252609253,0.19194956123828888,,,,dqn_icm,cartpole,sparse,0.001,0.9,9,1.0
229,0.0,11,0.278,0.005211987067013979,0.41094839572906494,0.06234845146536827,0.5502995252609253,0.19194956123828888,,,,dqn_icm,cartpole,sparse,0.001,0.9,9,1.0
230,0.0,10,0.2748333333333334,0.00476487074047327,0.3333362340927124,0.043806735426187515,0.5502995252609253,0.19194956123828888,,,,dqn_icm,cartpole,sparse,0.001,0.9,9,1.0
231,0.0,13,0.2716666666666666,0.0068289777263998985,0.3698909282684326,0.05902017652988434,0.5502995252609253,0.19194956123828888,,,,dqn_icm,cartpole,sparse,0.001,0.9,9,1.0
232,0.0,9,0.26850000000000007,0.006879518274217844,0.4272705912590027,0.06943674385547638,0.5440584421157837,0.19131678342819214,,,,dqn_icm,cartpole,sparse,0.001,0.9,9,1.0
233,0.0,11,0.2653333333333334,0.0025046863593161106,0.3863619863986969,0.04437880590558052,0.5440584421157837,0.19131678342819214,,,,dqn_icm,cartpole,sparse,0.001,0.9,9,1.0
234,0.0,9,0.26216666666666677,0.004187786020338535,0.3955066204071045,0.05259232968091965,0.5440584421157837,0.19131678342819214,,,,dqn_icm,cartpole,sparse,0.001,0.9,9,1.0
235,0.0,12,0.259,0.006144090089946985,0.39841654896736145,0.04817526787519455,0.5440584421157837,0.19131678342819214,,,,dqn_icm,cartpole,sparse,0.001,0.9,9,1.0
236,0.0,13,0.25583333333333336,0.0023722711484879255,0.37297171354293823,0.03478270769119263,0.5339351296424866,0.17258910834789276,,,,dqn_icm,cartpole,sparse,0.001,0.9,9,1.0
237,0.0,8,0.2526666666666667,0.002632646821439266,0.3108196258544922,0.035189300775527954,0.5339351296424866,0.17258910834789276,,,,dqn_icm,cartpole,sparse,0.001,0.9,9,1.0
238,0.0,12,0.24950000000000006,0.004153127782046795,0.3765519857406616,0.05130409449338913,0.5339351296424866,0.17258910834789276,,,,dqn_icm,cartpole,sparse,0.001,0.9,9,1.0
239,0.0,9,0.2463333333333334,0.005270771682262421,0.3948378562927246,0.06013372540473938,0.5339350700378418,0.17224502563476562,,,,dqn_icm,cartpole,sparse,0.001,0.9,9,1.0
240,0.0,9,0.24316666666666675,0.004880528897047043,0.41693463921546936,0.058410756289958954,0.5339350700378418,0.17224502563476562,,,,dqn_icm,cartpole,sparse,0.001,0.9,9,1.0
241,0.0,10,0.24,0.003640487790107727,0.3675307333469391,0.046326227486133575,0.5339350700378418,0.17224502563476562,,,,dqn_icm,cartpole,sparse,0.001,0.9,9,1.0
242,0.0,10,0.23683333333333334,0.005796683952212334,0.45351457595825195,0.059499554336071014,0.5339350700378418,0.17224502563476562,,,,dqn_icm,cartpole,sparse,0.001,0.9,9,1.0
243,0.0,9,0.2336666666666667,0.009998008608818054,0.4397106170654297,0.07405482232570648,0.5339350700378418,0.17224502563476562,,,,dqn_icm,cartpole,sparse,0.001,0.9,9,1.0
244,0.0,10,0.23050000000000004,0.003752046264708042,0.3735542297363281,0.04491320997476578,0.5353472232818604,0.16490201652050018,,,,dqn_icm,cartpole,sparse,0.001,0.9,9,1.0
245,0.0,10,0.2273333333333334,0.0067161740735173225,0.3420022130012512,0.06913405656814575,0.5353472232818604,0.16490201652050018,,,,dqn_icm,cartpole,sparse,0.001,0.9,9,1.0
246,0.0,11,0.22416666666666674,0.005820798687636852,0.34563177824020386,0.06440260261297226,0.5353472232818604,0.16490201652050018,,,,dqn_icm,cartpole,sparse,0.001,0.9,9,1.0
247,0.0,11,0.22100000000000009,0.007344686426222324,0.3952082097530365,0.07209408283233643,0.5262566804885864,0.18917472660541534,,,,dqn_icm,cartpole,sparse,0.001,0.9,9,1.0
248,0.0,10,0.21783333333333332,0.004451333545148373,0.4169350862503052,0.04830506071448326,0.5262566804885864,0.18917472660541534,,,,dqn_icm,cartpole,sparse,0.001,0.9,9,1.0
249,0.0,12,0.21466666666666667,0.002167698461562395,0.3388296663761139,0.04012578725814819,0.5262566804885864,0.18917472660541534,,,,dqn_icm,cartpole,sparse,0.001,0.9,9,1.0
250,0.0,11,0.21150000000000002,0.003088213037699461,0.3144354224205017,0.038634635508060455,0.5262566804885864,0.18917472660541534,0.0,0.0,9.5,dqn_icm,cartpole,sparse,0.001,0.9,9,1.0
251,0.0,11,0.20833333333333337,0.005312605295330286,0.36092233657836914,0.05159661918878555,0.5290443897247314,0.1596345603466034,,,,dqn_icm,cartpole,sparse,0.001,0.9,9,1.0
252,0.0,13,0.20516666666666672,0.005661944858729839,0.40864264965057373,0.05866574868559837,0.5290443897247314,0.1596345603466034,,,,dqn_icm,cartpole,sparse,0.001,0.9,9,1.0
253,0.0,11,0.20200000000000007,0.006052147597074509,0.388713002204895,0.05789216607809067,0.5290443897247314,0.1596345603466034,,,,dqn_icm,cartpole,sparse,0.001,0.9,9,1.0
254,0.0,10,0.1988333333333333,0.006585767026990652,0.40510040521621704,0.06274712085723877,0.5290443897247314,0.1596345603466034,,,,dqn_icm,cartpole,sparse,0.001,0.9,9,1.0
255,0.0,8,0.19566666666666666,0.003179052611812949,0.3764398694038391,0.04236409813165665,0.5062209963798523,0.22029967606067657,,,,dqn_icm,cartpole,sparse,0.001,0.9,9,1.0
256,0.0,10,0.1925,0.002395533723756671,0.35875171422958374,0.036806248128414154,0.5062209963798523,0.22029967606067657,,,,dqn_icm,cartpole,sparse,0.001,0.9,9,1.0
257,0.0,10,0.18933333333333335,0.004411247558891773,0.36919403076171875,0.048203546553850174,0.5062209963798523,0.22029967606067657,,,,dqn_icm,cartpole,sparse,0.001,0.9,9,1.0
258,0.0,9,0.1861666666666667,0.004345135763287544,0.3680000305175781,0.04794931411743164,0.5062209963798523,0.22029967606067657,,,,dqn_icm,cartpole,sparse,0.001,0.9,9,1.0
259,0.0,9,0.18300000000000005,0.005302023142576218,0.42373955249786377,0.052811142057180405,0.5164971947669983,0.2007734626531601,,,,dqn_icm,cartpole,sparse,0.001,0.9,9,1.0
260,0.0,10,0.1798333333333334,0.0035740011371672153,0.39279013872146606,0.048031341284513474,0.5164971947669983,0.2007734626531601,,,,dqn_icm,cartpole,sparse,0.001,0.9,9,1.0
261,0.0,12,0.17666666666666664,0.004629326052963734,0.380311518907547,0.049925073981285095,0.5164971947669983,0.2007734626531601,,,,dqn_icm,cartpole,sparse,0.001,0.9,9,1.0
262,0.0,10,0.1735,0.0067985630594193935,0.4633023738861084,0.07462354004383087,0.5164971947669983,0.2007734626531601,,,,dqn_icm,cartpole,sparse,0.001,0.9,9,1.0
263,0.0,13,0.17033333333333345,0.005275963805615902,0.40047556161880493,0.05967091768980026,0.5346340537071228,0.15365296602249146,,,,dqn_icm,cartpole,sparse,0.001,0.9,9,1.0
264,0.0,12,0.16716666666666669,0.00395467784255743,0.36916112899780273,0.048098549246788025,0.5346340537071228,0.15365296602249146,,,,dqn_icm,cartpole,sparse,0.001,0.9,9,1.0
265,0.0,10,0.16400000000000003,0.006888533942401409,0.41717779636383057,0.06373760849237442,0.5346340537071228,0.15365296602249146,,,,dqn_icm,cartpole,sparse,0.001,0.9,9,1.0
266,0.0,10,0.16083333333333338,0.009515857324004173,0.5076116323471069,0.0720609575510025,0.5148358941078186,0.2284601926803589,,,,dqn_icm,cartpole,sparse,0.001,0.9,9,1.0
267,0.0,11,0.15766666666666662,0.005779240280389786,0.3599679470062256,0.048697493970394135,0.5148358941078186,0.2284601926803589,,,,dqn_icm,cartpole,sparse,0.001,0.9,9,1.0
268,0.0,8,0.15450000000000008,0.005099626258015633,0.3597370982170105,0.06047685071825981,0.5148358941078186,0.2284601926803589,,,,dqn_icm,cartpole,sparse,0.001,0.9,9,1.0
269,0.0,11,0.15133333333333343,0.006537149660289288,0.35928434133529663,0.0675366073846817,0.5148358941078186,0.2284601926803589,,,,dqn_icm,cartpole,sparse,0.001,0.9,9,1.0
270,0.0,13,0.14816666666666678,0.006898241117596626,0.3879043757915497,0.06192232668399811,0.5175274014472961,0.17793287336826324,,,,dqn_icm,cartpole,sparse,0.001,0.9,9,1.0
271,0.0,10,0.14500000000000002,0.002987395040690899,0.3492177724838257,0.04053407907485962,0.5175274014472961,0.17793287336826324,,,,dqn_icm,cartpole,sparse,0.001,0.9,9,1.0
272,0.0,10,0.14183333333333337,0.005809308961033821,0.39532557129859924,0.05596960335969925,0.5175274014472961,0.17793287336826324,,,,dqn_icm,cartpole,sparse,0.001,0.9,9,1.0
273,0.0,10,0.13866666666666672,0.008008350618183613,0.4009947180747986,0.05770966038107872,0.5175274014472961,0.17793287336826324,,,,dqn_icm,cartpole,sparse,0.001,0.9,9,1.0
274,0.0,9,0.13550000000000006,0.010262038558721542,0.448752760887146,0.06887616217136383,0.5007876753807068,0.20575979351997375,,,,dqn_icm,cartpole,sparse,0.001,0.9,9,1.0
275,0.0,10,0.1323333333333334,0.004036898259073496,0.4219106435775757,0.05026964843273163,0.5007876753807068,0.20575979351997375,,,,dqn_icm,cartpole,sparse,0.001,0.9,9,1.0
276,0.0,8,0.12916666666666676,0.002833689097315073,0.37761029601097107,0.04258140176534653,0.5007876753807068,0.20575979351997375,,,,dqn_icm,cartpole,sparse,0.001,0.9,9,1.0
277,0.0,14,0.126,0.0038868621923029423,0.4434712529182434,0.047848157584667206,0.5007876753807068,0.20575979351997375,,,,dqn_icm,cartpole,sparse,0.001,0.9,9,1.0
278,0.0,10,0.12283333333333335,0.0043130056001245975,0.42119520902633667,0.05285520479083061,0.5174574851989746,0.20994001626968384,,,,dqn_icm,cartpole,sparse,0.001,0.9,9,1.0
279,0.0,8,0.1196666666666667,0.005074655637145042,0.39404571056365967,0.05620113015174866,0.5174574851989746,0.20994001626968384,,,,dqn_icm,cartpole,sparse,0.001,0.9,9,1.0
280,0.0,9,0.11650000000000005,0.00733003206551075,0.45697036385536194,0.06652183085680008,0.5174574851989746,0.20994001626968384,,,,dqn_icm,cartpole,sparse,0.001,0.9,9,1.0
281,0.0,9,0.1133333333333334,0.006532854866236448,0.45355552434921265,0.06006484478712082,0.5174574851989746,0.20994001626968384,,,,dqn_icm,cartpole,sparse,0.001,0.9,9,1.0
282,0.0,8,0.11016666666666675,0.0014880900271236897,0.3602280020713806,0.03146078437566757,0.5174574851989746,0.20994001626968384,,,,dqn_icm,cartpole,sparse,0.001,0.9,9,1.0
283,0.0,10,0.1070000000000001,0.0033348449505865574,0.3776736259460449,0.04455918073654175,0.5090214014053345,0.21455276012420654,,,,dqn_icm,cartpole,sparse,0.001,0.9,9,1.0
284,0.0,10,0.10383333333333333,0.002933003008365631,0.3646688759326935,0.0466843917965889,0.5090214014053345,0.21455276012420654,,,,dqn_icm,cartpole,sparse,0.001,0.9,9,1.0
285,0.0,10,0.10066666666666668,0.005296921357512474,0.4092476963996887,0.051521532237529755,0.5090214014053345,0.21455276012420654,,,,dqn_icm,cartpole,sparse,0.001,0.9,9,1.0
286,0.0,10,0.09750000000000003,0.005382475908845663,0.3958973288536072,0.05352375656366348,0.5090214014053345,0.21455276012420654,,,,dqn_icm,cartpole,sparse,0.001,0.9,9,1.0
287,0.0,9,0.09433333333333338,0.0076173837296664715,0.4433635473251343,0.07086387276649475,0.5282934904098511,0.14734217524528503,,,,dqn_icm,cartpole,sparse,0.001,0.9,9,1.0
288,0.0,10,0.09116666666666673,0.0032856734469532967,0.38743555545806885,0.04121062159538269,0.5282934904098511,0.14734217524528503,,,,dqn_icm,cartpole,sparse,0.001,0.9,9,1.0
289,0.0,9,0.08800000000000008,0.003716260427609086,0.38106870651245117,0.046767450869083405,0.5282934904098511,0.14734217524528503,,,,dqn_icm,cartpole,sparse,0.001,0.9,9,1.0
290,0.0,11,0.08483333333333332,0.005875310394912958,0.41564953327178955,0.05745842307806015,0.5282934904098511,0.14734217524528503,,,,dqn_icm,cartpole,sparse,0.001,0.9,9,1.0
291,0.0,11,0.08166666666666667,0.008626599796116352,0.49818652868270874,0.07650715112686157,0.49037647247314453,0.19781354069709778,,,,dqn_icm,cartpole,sparse,0.001,0.9,9,1.0
292,0.0,9,0.07850000000000001,0.004839036148041487,0.4115918278694153,0.05807313323020935,0.49037647247314453,0.19781354069709778,,,,dqn_icm,cartpole,sparse,0.001,0.9,9,1.0
293,0.0,10,0.07533333333333336,0.0033230790868401527,0.40421879291534424,0.0499269999563694,0.49037647247314453,0.19781354069709778,,,,dqn_icm,cartpole,sparse,0.001,0.9,9,1.0
294,0.0,9,0.07216666666666671,0.0052335141226649284,0.4713420867919922,0.06034412235021591,0.49037647247314453,0.19781354069709778,,,,dqn_icm,cartpole,sparse,0.001,0.9,9,1.0
295,0.0,10,0.06900000000000006,0.006271533668041229,0.38845890760421753,0.05906389281153679,0.5055719017982483,0.19008615612983704,,,,dqn_icm,cartpole,sparse,0.001,0.9,9,1.0
296,0.0,8,0.06583333333333341,0.0038888019043952227,0.44101405143737793,0.046944838017225266,0.5055719017982483,0.19008615612983704,,,,dqn_icm,cartpole,sparse,0.001,0.9,9,1.0
297,0.0,9,0.06266666666666665,0.002947162836790085,0.4190261960029602,0.04428286477923393,0.5055719017982483,0.19008615612983704,,,,dqn_icm,cartpole,sparse,0.001,0.9,9,1.0
298,0.0,9,0.0595,0.0018729344010353088,0.35784268379211426,0.03117074817419052,0.5055719017982483,0.19008615612983704,,,,dqn_icm,cartpole,sparse,0.001,0.9,9,1.0
299,0.0,10,0.05633333333333346,0.0034959183540195227,0.39667317271232605,0.04657941311597824,0.5046616196632385,0.1575874239206314,,,,dqn_icm,cartpole,sparse,0.001,0.9,9,1.0
300,0.0,8,0.053166666666666695,0.004895463120192289,0.4133400619029999,0.05490310490131378,0.5046616196632385,0.1575874239206314,0.0,0.0,9.5,dqn_icm,cartpole,sparse,0.001,0.9,9,1.0
301,0.0,9,0.050000000000000044,0.0027346587739884853,0.3423807621002197,0.035713307559490204,0.5046616196632385,0.1575874239206314,,,,dqn_icm,cartpole,sparse,0.001,0.9,9,1.0
302,0.0,9,0.050000000000000044,0.004854756407439709,0.3878447413444519,0.053621094673871994,0.5046616196632385,0.1575874239206314,,,,dqn_icm,cartpole,sparse,0.001,0.9,9,1.0
303,0.0,10,0.050000000000000044,0.005915096495300531,0.39042651653289795,0.056783463805913925,0.5046616196632385,0.1575874239206314,,,,dqn_icm,cartpole,sparse,0.001,0.9,9,1.0
304,0.0,8,0.050000000000000044,0.0030600763857364655,0.3667854070663452,0.04326588660478592,0.5020672082901001,0.20447978377342224,,,,dqn_icm,cartpole,sparse,0.001,0.9,9,1.0
305,0.0,11,0.050000000000000044,0.005969742313027382,0.4838663935661316,0.06685979664325714,0.5020672082901001,0.20447978377342224,,,,dqn_icm,cartpole,sparse,0.001,0.9,9,1.0
306,0.0,10,0.050000000000000044,0.004290201235562563,0.3952852785587311,0.04266262426972389,0.5020672082901001,0.20447978377342224,,,,dqn_icm,cartpole,sparse,0.001,0.9,9,1.0
307,0.0,10,0.050000000000000044,0.0021271221339702606,0.47135281562805176,0.03826037049293518,0.5020672082901001,0.20447978377342224,,,,dqn_icm,cartpole,sparse,0.001,0.9,9,1.0
308,0.0,10,0.050000000000000044,0.004746191203594208,0.41720637679100037,0.054111309349536896,0.5121155381202698,0.16846027970314026,,,,dqn_icm,cartpole,sparse,0.001,0.9,9,1.0
309,0.0,10,0.050000000000000044,0.0029132154304534197,0.35097306966781616,0.03592325747013092,0.5121155381202698,0.16846027970314026,,,,dqn_icm,cartpole,sparse,0.001,0.9,9,1.0
310,0.0,8,0.050000000000000044,0.008380153216421604,0.4418026804924011,0.07258903235197067,0.5121155381202698,0.16846027970314026,,,,dqn_icm,cartpole,sparse,0.001,0.9,9,1.0
311,0.0,10,0.050000000000000044,0.0096159428358078,0.5228682160377502,0.07518284022808075,0.5121155381202698,0.16846027970314026,,,,dqn_icm,cartpole,sparse,0.001,0.9,9,1.0
312,0.0,10,0.050000000000000044,0.0031048546079546213,0.3544737696647644,0.04369260370731354,0.48903173208236694,0.2092534303665161,,,,dqn_icm,cartpole,sparse,0.001,0.9,9,1.0
313,0.0,10,0.050000000000000044,0.0060408636927604675,0.4655691385269165,0.06528069078922272,0.48903173208236694,0.2092534303665161,,,,dqn_icm,cartpole,sparse,0.001,0.9,9,1.0
314,0.0,11,0.050000000000000044,0.004001563414931297,0.4340905547142029,0.04660093039274216,0.48903173208236694,0.2092534303665161,,,,dqn_icm,cartpole,sparse,0.001,0.9,9,1.0
315,0.0,8,0.050000000000000044,0.008262621238827705,0.40750980377197266,0.06337249279022217,0.48903173208236694,0.2092534303665161,,,,dqn_icm,cartpole,sparse,0.001,0.9,9,1.0
316,0.0,11,0.050000000000000044,0.03964338079094887,0.4036101698875427,0.21448788046836853,0.4961015284061432,0.19065305590629578,,,,dqn_icm,cartpole,sparse,0.001,0.9,9,1.0
317,0.0,10,0.050000000000000044,0.01885869912803173,0.5359631776809692,0.15056443214416504,0.4961015284061432,0.19065305590629578,,,,dqn_icm,cartpole,sparse,0.001,0.9,9,1.0
318,0.0,9,0.050000000000000044,0.009933027438819408,0.5388593673706055,0.07327030599117279,0.4961015284061432,0.19065305590629578,,,,dqn_icm,cartpole,sparse,0.001,0.9,9,1.0
319,0.0,9,0.050000000000000044,0.017808059230446815,0.6971406936645508,0.09392708539962769,0.4961015284061432,0.19065305590629578,,,,dqn_icm,cartpole,sparse,0.001,0.9,9,1.0
320,0.0,10,0.050000000000000044,0.018353275954723358,0.6411066055297852,0.09702213108539581,0.4938032031059265,0.167903333902359,,,,dqn_icm,cartpole,sparse,0.001,0.9,9,1.0
321,0.0,9,0.050000000000000044,0.00910946261137724,0.5749458074569702,0.07677078247070312,0.4938032031059265,0.167903333902359,,,,dqn_icm,cartpole,sparse,0.001,0.9,9,1.0
322,0.0,11,0.050000000000000044,0.014024049043655396,0.5439468622207642,0.09913496673107147,0.4938032031059265,0.167903333902359,,,,dqn_icm,cartpole,sparse,0.001,0.9,9,1.0
323,0.0,9,0.050000000000000044,0.009764986112713814,0.5747631788253784,0.0771159827709198,0.4938032031059265,0.167903333902359,,,,dqn_icm,cartpole,sparse,0.001,0.9,9,1.0
324,0.0,8,0.050000000000000044,0.01041395217180252,0.6126654148101807,0.0790630504488945,0.5181149244308472,0.2009527087211609,,,,dqn_icm,cartpole,sparse,0.001,0.9,9,1.0
325,0.0,9,0.050000000000000044,0.006639817729592323,0.5694507360458374,0.05787046253681183,0.5181149244308472,0.2009527087211609,,,,dqn_icm,cartpole,sparse,0.001,0.9,9,1.0
326,0.0,9,0.050000000000000044,0.007326105609536171,0.5664030313491821,0.0676736980676651,0.5181149244308472,0.2009527087211609,,,,dqn_icm,cartpole,sparse,0.001,0.9,9,1.0
327,0.0,11,0.050000000000000044,0.010786199942231178,0.5970441699028015,0.08342604339122772,0.5181149244308472,0.2009527087211609,,,,dqn_icm,cartpole,sparse,0.001,0.9,9,1.0
328,0.0,8,0.050000000000000044,0.005468825809657574,0.60821533203125,0.05213282257318497,0.5181149244308472,0.2009527087211609,,,,dqn_icm,cartpole,sparse,0.001,0.9,9,1.0
329,0.0,10,0.050000000000000044,0.015972130000591278,0.582073450088501,0.06804701685905457,0.5310966372489929,0.18098720908164978,,,,dqn_icm,cartpole,sparse,0.001,0.9,9,1.0
330,0.0,9,0.050000000000000044,0.016802990809082985,0.5711238980293274,0.08089097589254379,0.5310966372489929,0.18098720908164978,,,,dqn_icm,cartpole,sparse,0.001,0.9,9,1.0
331,0.0,9,0.050000000000000044,0.023816507309675217,0.5610812902450562,0.11966346204280853,0.5310966372489929,0.18098720908164978,,,,dqn_icm,cartpole,sparse,0.001,0.9,9,1.0
332,0.0,11,0.050000000000000044,0.024037696421146393,0.5904481410980225,0.10478827357292175,0.5310966372489929,0.18098720908164978,,,,dqn_icm,cartpole,sparse,0.001,0.9,9,1.0
333,0.0,10,0.050000000000000044,0.019925208762288094,0.6353262662887573,0.10683051496744156,0.5044428110122681,0.17221687734127045,,,,dqn_icm,cartpole,sparse,0.001,0.9,9,1.0
334,0.0,11,0.050000000000000044,0.005040491931140423,0.5359477400779724,0.05315566062927246,0.5044428110122681,0.17221687734127045,,,,dqn_icm,cartpole,sparse,0.001,0.9,9,1.0
335,0.0,9,0.050000000000000044,0.007656932808458805,0.5481703877449036,0.069181889295578,0.5044428110122681,0.17221687734127045,,,,dqn_icm,cartpole,sparse,0.001,0.9,9,1.0
336,0.0,9,0.050000000000000044,0.004281638190150261,0.5418352484703064,0.050964925438165665,0.5044428110122681,0.17221687734127045,,,,dqn_icm,cartpole,sparse,0.001,0.9,9,1.0
337,0.0,8,0.050000000000000044,0.007187805604189634,0.5468796491622925,0.061106204986572266,0.4934719204902649,0.21828743815422058,,,,dqn_icm,cartpole,sparse,0.001,0.9,9,1.0
338,0.0,9,0.050000000000000044,0.01037515327334404,0.5638504028320312,0.08039060235023499,0.4934719204902649,0.21828743815422058,,,,dqn_icm,cartpole,sparse,0.001,0.9,9,1.0
339,0.0,10,0.050000000000000044,0.016542144119739532,0.6272801756858826,0.10015955567359924,0.4934719204902649,0.21828743815422058,,,,dqn_icm,cartpole,sparse,0.001,0.9,9,1.0
340,0.0,8,0.050000000000000044,0.009083794429898262,0.6083028316497803,0.07590813934803009,0.4934719204902649,0.21828743815422058,,,,dqn_icm,cartpole,sparse,0.001,0.9,9,1.0
341,0.0,10,0.050000000000000044,0.005619354080408812,0.6454901695251465,0.06620869040489197,0.4901851713657379,0.1933947205543518,,,,dqn_icm,cartpole,sparse,0.001,0.9,9,1.0
342,0.0,9,0.050000000000000044,0.015198738314211369,0.6417952179908752,0.08095809072256088,0.4901851713657379,0.1933947205543518,,,,dqn_icm,cartpole,sparse,0.001,0.9,9,1.0
343,0.0,10,0.050000000000000044,0.018637798726558685,0.6461749076843262,0.08483390510082245,0.4901851713657379,0.1933947205543518,,,,dqn_icm,cartpole,sparse,0.001,0.9,9,1.0
344,0.0,10,0.050000000000000044,0.024595163762569427,0.6601557731628418,0.10780470073223114,0.4901851713657379,0.1933947205543518,,,,dqn_icm,cartpole,sparse,0.001,0.9,9,1.0
345,0.0,9,0.050000000000000044,0.020277710631489754,0.5621728897094727,0.09665728360414505,0.4901851713657379,0.1933947205543518,,,,dqn_icm,cartpole,sparse,0.001,0.9,9,1.0
346,0.0,9,0.050000000000000044,0.016977723687887192,0.5847774147987366,0.09630386531352997,0.5039898157119751,0.17197459936141968,,,,dqn_icm,cartpole,sparse,0.001,0.9,9,1.0
347,0.0,11,0.050000000000000044,0.015854306519031525,0.6392477750778198,0.08826644718647003,0.5039898157119751,0.17197459936141968,,,,dqn_icm,cartpole,sparse,0.001,0.9,9,1.0
348,0.0,10,0.050000000000000044,0.013983523473143578,0.551679253578186,0.0783577412366867,0.5039898157119751,0.17197459936141968,,,,dqn_icm,cartpole,sparse,0.001,0.9,9,1.0
349,0.0,10,0.050000000000000044,0.008307809010148048,0.527819812297821,0.0685846358537674,0.5039898157119751,0.17197459936141968,,,,dqn_icm,cartpole,sparse,0.001,0.9,9,1.0
350,0.0,10,0.050000000000000044,0.008255058899521828,0.5185298919677734,0.06999147683382034,0.4843585193157196,0.19854891300201416,0.0,0.0,9.5,dqn_icm,cartpole,sparse,0.001,0.9,9,1.0
351,0.0,10,0.050000000000000044,0.02949860692024231,0.6495460271835327,0.11338195204734802,0.4843585193157196,0.19854891300201416,,,,dqn_icm,cartpole,sparse,0.001,0.9,9,1.0
352,0.0,10,0.050000000000000044,0.005671669729053974,0.5824271440505981,0.05983492732048035,0.4843585193157196,0.19854891300201416,,,,dqn_icm,cartpole,sparse,0.001,0.9,9,1.0
353,0.0,9,0.050000000000000044,0.011552080512046814,0.5485055446624756,0.07664279639720917,0.4843585193157196,0.19854891300201416,,,,dqn_icm,cartpole,sparse,0.001,0.9,9,1.0
354,0.0,10,0.050000000000000044,0.008692937903106213,0.5929620265960693,0.07208238542079926,0.4910396933555603,0.21873970329761505,,,,dqn_icm,cartpole,sparse,0.001,0.9,9,1.0
355,0.0,12,0.050000000000000044,0.011014736257493496,0.6865934133529663,0.08689750730991364,0.4910396933555603,0.21873970329761505,,,,dqn_icm,cartpole,sparse,0.001,0.9,9,1.0
356,0.0,9,0.050000000000000044,0.010525146499276161,0.7040759325027466,0.0807991474866867,0.4910396933555603,0.21873970329761505,,,,dqn_icm,cartpole,sparse,0.001,0.9,9,1.0
357,0.0,9,0.050000000000000044,0.010742893442511559,0.6212307214736938,0.07775431126356125,0.4910396933555603,0.21873970329761505,,,,dqn_icm,cartpole,sparse,0.001,0.9,9,1.0
358,0.0,9,0.050000000000000044,0.0061944760382175446,0.639448881149292,0.06421937048435211,0.4897557199001312,0.22997605800628662,,,,dqn_icm,cartpole,sparse,0.001,0.9,9,1.0
359,0.0,12,0.050000000000000044,0.00588140357285738,0.5344042778015137,0.05689745396375656,0.4897557199001312,0.22997605800628662,,,,dqn_icm,cartpole,sparse,0.001,0.9,9,1.0
360,0.0,13,0.050000000000000044,0.004269763827323914,0.5275932550430298,0.06013007462024689,0.4897557199001312,0.22997605800628662,,,,dqn_icm,cartpole,sparse,0.001,0.9,9,1.0
361,0.0,9,0.050000000000000044,0.004625986330211163,0.6266993284225464,0.05862420052289963,0.46362602710723877,0.20249953866004944,,,,dqn_icm,cartpole,sparse,0.001,0.9,9,1.0
362,0.0,10,0.050000000000000044,0.007425770163536072,0.5752773284912109,0.06077493727207184,0.46362602710723877,0.20249953866004944,,,,dqn_icm,cartpole,sparse,0.001,0.9,9,1.0
363,0.0,9,0.050000000000000044,0.006430984474718571,0.6686585545539856,0.07020421326160431,0.46362602710723877,0.20249953866004944,,,,dqn_icm,cartpole,sparse,0.001,0.9,9,1.0
364,0.0,11,0.050000000000000044,0.010462001897394657,0.5492690801620483,0.07084155082702637,0.46362602710723877,0.20249953866004944,,,,dqn_icm,cartpole,sparse,0.001,0.9,9,1.0
365,0.0,8,0.050000000000000044,0.02383054979145527,0.7807968258857727,0.11238360404968262,0.46362602710723877,0.20249953866004944,,,,dqn_icm,cartpole,sparse,0.001,0.9,9,1.0
366,0.0,8,0.050000000000000044,0.0043268282897770405,0.5100237131118774,0.0458403006196022,0.4819676876068115,0.16232985258102417,,,,dqn_icm,cartpole,sparse,0.001,0.9,9,1.0
367,0.0,9,0.050000000000000044,0.01644398272037506,0.6379033327102661,0.09545993059873581,0.4819676876068115,0.16232985258102417,,,,dqn_icm,cartpole,sparse,0.001,0.9,9,1.0
368,0.0,9,0.050000000000000044,0.017939751967787743,0.6303187608718872,0.10141383856534958,0.4819676876068115,0.16232985258102417,,,,dqn_icm,cartpole,sparse,0.001,0.9,9,1.0
369,0.0,9,0.050000000000000044,0.00952207949012518,0.5511610507965088,0.08071164786815643,0.4819676876068115,0.16232985258102417,,,,dqn_icm,cartpole,sparse,0.001,0.9,9,1.0
370,0.0,10,0.050000000000000044,0.013583356514573097,0.6164135932922363,0.1004357635974884,0.5028001070022583,0.1888849437236786,,,,dqn_icm,cartpole,sparse,0.001,0.9,9,1.0
371,0.0,9,0.050000000000000044,0.0062951804138720036,0.5108963251113892,0.0622941292822361,0.5028001070022583,0.1888849437236786,,,,dqn_icm,cartpole,sparse,0.001,0.9,9,1.0
372,0.0,9,0.050000000000000044,0.009188476949930191,0.6238542795181274,0.06874310970306396,0.5028001070022583,0.1888849437236786,,,,dqn_icm,cartpole,sparse,0.001,0.9,9,1.0
373,0.0,9,0.050000000000000044,0.00922022107988596,0.6588134765625,0.07553239166736603,0.5028001070022583,0.1888849437236786,,,,dqn_icm,cartpole,sparse,0.001,0.9,9,1.0
374,0.0,10,0.050000000000000044,0.014085479080677032,0.6439486145973206,0.09057989716529846,0.4824514389038086,0.19904989004135132,,,,dqn_icm,cartpole,sparse,0.001,0.9,9,1.0
375,0.0,9,0.050000000000000044,0.013194043189287186,0.5885226130485535,0.07773448526859283,0.4824514389038086,0.19904989004135132,,,,dqn_icm,cartpole,sparse,0.001,0.9,9,1.0
376,0.0,9,0.050000000000000044,0.005680989474058151,0.5263640880584717,0.06139169633388519,0.4824514389038086,0.19904989004135132,,,,dqn_icm,cartpole,sparse,0.001,0.9,9,1.0
377,0.0,13,0.050000000000000044,0.004854594357311726,0.6257483959197998,0.06031215563416481,0.4824514389038086,0.19904989004135132,,,,dqn_icm,cartpole,sparse,0.001,0.9,9,1.0
378,0.0,10,0.050000000000000044,0.0034801021683961153,0.6334409713745117,0.050791770219802856,0.4802274703979492,0.1892808973789215,,,,dqn_icm,cartpole,sparse,0.001,0.9,9,1.0
379,0.0,10,0.050000000000000044,0.003569920314475894,0.5919622182846069,0.0514761358499527,0.4802274703979492,0.1892808973789215,,,,dqn_icm,cartpole,sparse,0.001,0.9,9,1.0
380,0.0,10,0.050000000000000044,0.032282739877700806,0.6570611000061035,0.12011824548244476,0.4802274703979492,0.1892808973789215,,,,dqn_icm,cartpole,sparse,0.001,0.9,9,1.0
381,0.0,10,0.050000000000000044,0.008500159718096256,0.6005029678344727,0.06754200160503387,0.4802274703979492,0.1892808973789215,,,,dqn_icm,cartpole,sparse,0.001,0.9,9,1.0
382,0.0,9,0.050000000000000044,0.009083881974220276,0.5686214566230774,0.07437415421009064,0.45417213439941406,0.19342273473739624,,,,dqn_icm,cartpole,sparse,0.001,0.9,9,1.0
383,0.0,12,0.050000000000000044,0.005765227600932121,0.46256333589553833,0.05598927289247513,0.45417213439941406,0.19342273473739624,,,,dqn_icm,cartpole,sparse,0.001,0.9,9,1.0
384,0.0,11,0.050000000000000044,0.006752568297088146,0.5510859489440918,0.05210626870393753,0.45417213439941406,0.19342273473739624,,,,dqn_icm,cartpole,sparse,0.001,0.9,9,1.0
385,0.0,9,0.050000000000000044,0.012177674099802971,0.7249369621276855,0.07594707608222961,0.45417213439941406,0.19342273473739624,,,,dqn_icm,cartpole,sparse,0.001,0.9,9,1.0
386,0.0,10,0.050000000000000044,0.009811511263251305,0.650774359703064,0.07834558188915253,0.46826010942459106,0.24094203114509583,,,,dqn_icm,cartpole,sparse,0.001,0.9,9,1.0
387,0.0,10,0.050000000000000044,0.008664618246257305,0.621843695640564,0.07332482933998108,0.46826010942459106,0.24094203114509583,,,,dqn_icm,cartpole,sparse,0.001,0.9,9,1.0
388,0.0,9,0.050000000000000044,0.009062102064490318,0.5800304412841797,0.0736941397190094,0.46826010942459106,0.24094203114509583,,,,dqn_icm,cartpole,sparse,0.001,0.9,9,1.0
389,0.0,9,0.050000000000000044,0.011846782639622688,0.6153046488761902,0.07715338468551636,0.46826010942459106,0.24094203114509583,,,,dqn_icm,cartpole,sparse,0.001,0.9,9,1.0
390,0.0,9,0.050000000000000044,0.017526548355817795,0.6608099937438965,0.09162431210279465,0.45144450664520264,0.2534411549568176,,,,dqn_icm,cartpole,sparse,0.001,0.9,9,1.0
391,0.0,9,0.050000000000000044,0.013121157884597778,0.6003532409667969,0.08082215487957001,0.45144450664520264,0.2534411549568176,,,,dqn_icm,cartpole,sparse,0.001,0.9,9,1.0
392,0.0,10,0.050000000000000044,0.005957512184977531,0.5694091320037842,0.060318805277347565,0.45144450664520264,0.2534411549568176,,,,dqn_icm,cartpole,sparse,0.001,0.9,9,1.0
393,0.0,9,0.050000000000000044,0.01388925313949585,0.5887249112129211,0.07867365330457687,0.45144450664520264,0.2534411549568176,,,,dqn_icm,cartpole,sparse,0.001,0.9,9,1.0
394,0.0,9,0.050000000000000044,0.010939966887235641,0.6442602872848511,0.0794672966003418,0.45144450664520264,0.2534411549568176,,,,dqn_icm,cartpole,sparse,0.001,0.9,9,1.0
395,0.0,9,0.050000000000000044,0.009844405576586723,0.5612678527832031,0.07199688255786896,0.467591792345047,0.23438747227191925,,,,dqn_icm,cartpole,sparse,0.001,0.9,9,1.0
396,0.0,9,0.050000000000000044,0.01787482015788555,0.6213557124137878,0.10877339541912079,0.467591792345047,0.23438747227191925,,,,dqn_icm,cartpole,sparse,0.001,0.9,9,1.0
397,0.0,10,0.050000000000000044,0.024310030043125153,0.6490205526351929,0.11032715439796448,0.467591792345047,0.23438747227191925,,,,dqn_icm,cartpole,sparse,0.001,0.9,9,1.0
398,0.0,8,0.050000000000000044,0.015946585685014725,0.5824201107025146,0.07907337695360184,0.467591792345047,0.23438747227191925,,,,dqn_icm,cartpole,sparse,0.001,0.9,9,1.0
399,0.0,10,0.050000000000000044,0.01843978278338909,0.5826860070228577,0.09458398073911667,0.49818557500839233,0.21832212805747986,,,,dqn_icm,cartpole,sparse,0.001,0.9,9,1.0
400,0.0,9,0.050000000000000044,0.018785644322633743,0.7222688794136047,0.11784075200557709,0.49818557500839233,0.21832212805747986,0.0,0.0,9.5,dqn_icm,cartpole,sparse,0.001,0.9,9,1.0
401,0.0,10,0.050000000000000044,0.007200832013040781,0.6130131483078003,0.056579943746328354,0.49818557500839233,0.21832212805747986,,,,dqn_icm,cartpole,sparse,0.001,0.9,9,1.0
402,0.0,10,0.050000000000000044,0.008076803758740425,0.6569249033927917,0.07312747836112976,0.49818557500839233,0.21832212805747986,,,,dqn_icm,cartpole,sparse,0.001,0.9,9,1.0
403,0.0,11,0.050000000000000044,0.01810971088707447,0.7121652960777283,0.08019112050533295,0.42237427830696106,0.21797750890254974,,,,dqn_icm,cartpole,sparse,0.001,0.9,9,1.0
404,0.0,10,0.050000000000000044,0.027200059965252876,0.6741449236869812,0.10292838513851166,0.42237427830696106,0.21797750890254974,,,,dqn_icm,cartpole,sparse,0.001,0.9,9,1.0
405,0.0,8,0.050000000000000044,0.01279636099934578,0.5732324123382568,0.06421995162963867,0.42237427830696106,0.21797750890254974,,,,dqn_icm,cartpole,sparse,0.001,0.9,9,1.0
406,0.0,10,0.050000000000000044,0.01579354889690876,0.5873206853866577,0.09248802065849304,0.42237427830696106,0.21797750890254974,,,,dqn_icm,cartpole,sparse,0.001,0.9,9,1.0
407,0.0,10,0.050000000000000044,0.011344876140356064,0.5814692974090576,0.0731675922870636,0.46486330032348633,0.18924370408058167,,,,dqn_icm,cartpole,sparse,0.001,0.9,9,1.0
408,0.0,10,0.050000000000000044,0.01120174489915371,0.6181069016456604,0.08556672930717468,0.46486330032348633,0.18924370408058167,,,,dqn_icm,cartpole,sparse,0.001,0.9,9,1.0
409,0.0,11,0.050000000000000044,0.013554821722209454,0.519598126411438,0.08024130761623383,0.46486330032348633,0.18924370408058167,,,,dqn_icm,cartpole,sparse,0.001,0.9,9,1.0
410,0.0,10,0.050000000000000044,0.007707241456955671,0.6190576553344727,0.0634622871875763,0.46486330032348633,0.18924370408058167,,,,dqn_icm,cartpole,sparse,0.001,0.9,9,1.0
411,0.0,8,0.050000000000000044,0.010829983279109001,0.6579734086990356,0.07862135767936707,0.434254914522171,0.23308104276657104,,,,dqn_icm,cartpole,sparse,0.001,0.9,9,1.0
412,0.0,13,0.050000000000000044,0.012414650991559029,0.6500798463821411,0.08055245876312256,0.434254914522171,0.23308104276657104,,,,dqn_icm,cartpole,sparse,0.001,0.9,9,1.0
413,0.0,9,0.050000000000000044,0.0034950729459524155,0.5269672274589539,0.047472890466451645,0.434254914522171,0.23308104276657104,,,,dqn_icm,cartpole,sparse,0.001,0.9,9,1.0
414,0.0,10,0.050000000000000044,0.015542695298790932,0.66358882188797,0.07532605528831482,0.434254914522171,0.23308104276657104,,,,dqn_icm,cartpole,sparse,0.001,0.9,9,1.0
415,0.0,9,0.050000000000000044,0.015043921768665314,0.6008371114730835,0.07375416159629822,0.4643951952457428,0.21328195929527283,,,,dqn_icm,cartpole,sparse,0.001,0.9,9,1.0
416,0.0,10,0.050000000000000044,0.007966223172843456,0.6441226601600647,0.0710163414478302,0.4643951952457428,0.21328195929527283,,,,dqn_icm,cartpole,sparse,0.001,0.9,9,1.0
417,0.0,8,0.050000000000000044,0.009471872821450233,0.6927939653396606,0.08145120739936829,0.4643951952457428,0.21328195929527283,,,,dqn_icm,cartpole,sparse,0.001,0.9,9,1.0
418,0.0,12,0.050000000000000044,0.005190230906009674,0.627792477607727,0.05493767186999321,0.4643951952457428,0.21328195929527283,,,,dqn_icm,cartpole,sparse,0.001,0.9,9,1.0
419,0.0,10,0.050000000000000044,0.014628497883677483,0.7217879295349121,0.09612856805324554,0.4684419631958008,0.2279367446899414,,,,dqn_icm,cartpole,sparse,0.001,0.9,9,1.0
420,0.0,10,0.050000000000000044,0.011355411261320114,0.688428521156311,0.0842863991856575,0.4684419631958008,0.2279367446899414,,,,dqn_icm,cartpole,sparse,0.001,0.9,9,1.0
421,0.0,10,0.050000000000000044,0.016793323680758476,0.6248528957366943,0.09046541154384613,0.4684419631958008,0.2279367446899414,,,,dqn_icm,cartpole,sparse,0.001,0.9,9,1.0
422,0.0,9,0.050000000000000044,0.013723388314247131,0.6220273375511169,0.11266437917947769,0.4684419631958008,0.2279367446899414,,,,dqn_icm,cartpole,sparse,0.001,0.9,9,1.0
423,0.0,10,0.050000000000000044,0.015205723233520985,0.6143615245819092,0.0982840433716774,0.43458813428878784,0.22885030508041382,,,,dqn_icm,cartpole,sparse,0.001,0.9,9,1.0
424,0.0,9,0.050000000000000044,0.009942680597305298,0.5995380878448486,0.062096528708934784,0.43458813428878784,0.22885030508041382,,,,dqn_icm,cartpole,sparse,0.001,0.9,9,1.0
425,0.0,10,0.050000000000000044,0.023012973368167877,0.7133228182792664,0.12600542604923248,0.43458813428878784,0.22885030508041382,,,,dqn_icm,cartpole,sparse,0.001,0.9,9,1.0
426,0.0,8,0.050000000000000044,0.011362886056303978,0.6110581159591675,0.08622567355632782,0.43458813428878784,0.22885030508041382,,,,dqn_icm,cartpole,sparse,0.001,0.9,9,1.0
427,0.0,9,0.050000000000000044,0.012682531960308552,0.6354027986526489,0.06654731929302216,0.43458813428878784,0.22885030508041382,,,,dqn_icm,cartpole,sparse,0.001,0.9,9,1.0
428,0.0,9,0.050000000000000044,0.00696096895262599,0.5593119859695435,0.06856469810009003,0.4493003189563751,0.24484115839004517,,,,dqn_icm,cartpole,sparse,0.001,0.9,9,1.0
429,0.0,10,0.050000000000000044,0.02714874967932701,0.5789462327957153,0.12079021334648132,0.4493003189563751,0.24484115839004517,,,,dqn_icm,cartpole,sparse,0.001,0.9,9,1.0
430,0.0,9,0.050000000000000044,0.0025002160109579563,0.5400840044021606,0.04083436727523804,0.4493003189563751,0.24484115839004517,,,,dqn_icm,cartpole,sparse,0.001,0.9,9,1.0
431,0.0,10,0.050000000000000044,0.011653262190520763,0.6344143152236938,0.06549346446990967,0.4493003189563751,0.24484115839004517,,,,dqn_icm,cartpole,sparse,0.001,0.9,9,1.0
432,0.0,10,0.050000000000000044,0.014312613755464554,0.733829140663147,0.0965164303779602,0.44816479086875916,0.20723505318164825,,,,dqn_icm,cartpole,sparse,0.001,0.9,9,1.0
433,0.0,12,0.050000000000000044,0.020531827583909035,0.6677940487861633,0.09279876202344894,0.44816479086875916,0.20723505318164825,,,,dqn_icm,cartpole,sparse,0.001,0.9,9,1.0
434,0.0,8,0.050000000000000044,0.011069780215620995,0.5765060186386108,0.0752405971288681,0.44816479086875916,0.20723505318164825,,,,dqn_icm,cartpole,sparse,0.001,0.9,9,1.0
435,0.0,10,0.050000000000000044,0.018626969307661057,0.6434728503227234,0.11193802207708359,0.44816479086875916,0.20723505318164825,,,,dqn_icm,cartpole,sparse,0.001,0.9,9,1.0
436,0.0,8,0.050000000000000044,0.01536860316991806,0.6564339995384216,0.08654481172561646,0.4685223698616028,0.25633901357650757,,,,dqn_icm,cartpole,sparse,0.001,0.9,9,1.0
437,0.0,11,0.050000000000000044,0.0036728985141962767,0.5991966128349304,0.052832528948783875,0.4685223698616028,0.25633901357650757,,,,dqn_icm,cartpole,sparse,0.001,0.9,9,1.0
438,0.0,9,0.050000000000000044,0.018963921815156937,0.8609801530838013,0.10719345510005951,0.4685223698616028,0.25633901357650757,,,,dqn_icm,cartpole,sparse,0.001,0.9,9,1.0
439,0.0,9,0.050000000000000044,0.01145746000111103,0.5890248417854309,0.06507418304681778,0.4685223698616028,0.25633901357650757,,,,dqn_icm,cartpole,sparse,0.001,0.9,9,1.0
440,0.0,10,0.050000000000000044,0.019484786316752434,0.6393215656280518,0.10317401587963104,0.4719328284263611,0.25771892070770264,,,,dqn_icm,cartpole,sparse,0.001,0.9,9,1.0
441,0.0,10,0.050000000000000044,0.007614243775606155,0.6472641229629517,0.08059026300907135,0.4719328284263611,0.25771892070770264,,,,dqn_icm,cartpole,sparse,0.001,0.9,9,1.0
442,0.0,10,0.050000000000000044,0.02355119213461876,0.7595474123954773,0.1248496025800705,0.4719328284263611,0.25771892070770264,,,,dqn_icm,cartpole,sparse,0.001,0.9,9,1.0
443,0.0,10,0.050000000000000044,0.008773941546678543,0.6301276683807373,0.06705940514802933,0.4719328284263611,0.25771892070770264,,,,dqn_icm,cartpole,sparse,0.001,0.9,9,1.0
444,0.0,10,0.050000000000000044,0.012078406289219856,0.6895654201507568,0.06592804193496704,0.4292564392089844,0.218999981880188,,,,dqn_icm,cartpole,sparse,0.001,0.9,9,1.0
445,0.0,9,0.050000000000000044,0.010217076167464256,0.7662991285324097,0.0791783481836319,0.4292564392089844,0.218999981880188,,,,dqn_icm,cartpole,sparse,0.001,0.9,9,1.0
446,0.0,11,0.050000000000000044,0.004868464078754187,0.5775632262229919,0.05017462372779846,0.4292564392089844,0.218999981880188,,,,dqn_icm,cartpole,sparse,0.001,0.9,9,1.0
447,0.0,10,0.050000000000000044,0.007187946699559689,0.6731577515602112,0.066096231341362,0.4292564392089844,0.218999981880188,,,,dqn_icm,cartpole,sparse,0.001,0.9,9,1.0
448,0.0,11,0.050000000000000044,0.01600363478064537,0.6996212005615234,0.0980357825756073,0.46330249309539795,0.2879246771335602,,,,dqn_icm,cartpole,sparse,0.001,0.9,9,1.0
449,0.0,10,0.050000000000000044,0.012963466346263885,0.6712841391563416,0.09518180787563324,0.46330249309539795,0.2879246771335602,,,,dqn_icm,cartpole,sparse,0.001,0.9,9,1.0
450,0.0,9,0.050000000000000044,0.007467372342944145,0.6786438226699829,0.0695585310459137,0.46330249309539795,0.2879246771335602,0.0,0.0,9.5,dqn_icm,cartpole,sparse,0.001,0.9,9,1.0
451,0.0,8,0.050000000000000044,0.011642232537269592,0.6060492396354675,0.08249644935131073,0.46330249309539795,0.2879246771335602,,,,dqn_icm,cartpole,sparse,0.001,0.9,9,1.0
452,0.0,10,0.050000000000000044,0.004458757117390633,0.5627678632736206,0.045305587351322174,0.46330249309539795,0.2879246771335602,,,,dqn_icm,cartpole,sparse,0.001,0.9,9,1.0
453,0.0,8,0.050000000000000044,0.007504653185606003,0.637579619884491,0.05117598548531532,0.490291029214859,0.20546837151050568,,,,dqn_icm,cartpole,sparse,0.001,0.9,9,1.0
454,0.0,10,0.050000000000000044,0.011738522909581661,0.6548588275909424,0.07929182052612305,0.490291029214859,0.20546837151050568,,,,dqn_icm,cartpole,sparse,0.001,0.9,9,1.0
455,0.0,10,0.050000000000000044,0.011791383847594261,0.6561591625213623,0.07856626808643341,0.490291029214859,0.20546837151050568,,,,dqn_icm,cartpole,sparse,0.001,0.9,9,1.0
456,0.0,10,0.050000000000000044,0.006474529393017292,0.6726070642471313,0.04600214585661888,0.490291029214859,0.20546837151050568,,,,dqn_icm,cartpole,sparse,0.001,0.9,9,1.0
457,0.0,8,0.050000000000000044,0.004068330861628056,0.548920214176178,0.04914883151650429,0.4288385808467865,0.20154064893722534,,,,dqn_icm,cartpole,sparse,0.001,0.9,9,1.0
458,0.0,10,0.050000000000000044,0.00696431053802371,0.6808596253395081,0.06496621668338776,0.4288385808467865,0.20154064893722534,,,,dqn_icm,cartpole,sparse,0.001,0.9,9,1.0
459,0.0,10,0.050000000000000044,0.003722158493474126,0.6829889416694641,0.04837657883763313,0.4288385808467865,0.20154064893722534,,,,dqn_icm,cartpole,sparse,0.001,0.9,9,1.0
460,0.0,10,0.050000000000000044,0.011724520474672318,0.7155457139015198,0.06556934863328934,0.4288385808467865,0.20154064893722534,,,,dqn_icm,cartpole,sparse,0.001,0.9,9,1.0
461,0.0,10,0.050000000000000044,0.016014713793992996,0.6613448262214661,0.0773782730102539,0.4426612854003906,0.22638967633247375,,,,dqn_icm,cartpole,sparse,0.001,0.9,9,1.0
462,0.0,9,0.050000000000000044,0.007876502349972725,0.643062174320221,0.0704754963517189,0.4426612854003906,0.22638967633247375,,,,dqn_icm,cartpole,sparse,0.001,0.9,9,1.0
463,0.0,10,0.050000000000000044,0.008123500272631645,0.6897834539413452,0.07585155218839645,0.4426612854003906,0.22638967633247375,,,,dqn_icm,cartpole,sparse,0.001,0.9,9,1.0
464,0.0,10,0.050000000000000044,0.013080306351184845,0.6480043530464172,0.08683763444423676,0.4426612854003906,0.22638967633247375,,,,dqn_icm,cartpole,sparse,0.001,0.9,9,1.0
465,0.0,9,0.050000000000000044,0.013369048945605755,0.5969118475914001,0.06343962252140045,0.4431653916835785,0.1980413794517517,,,,dqn_icm,cartpole,sparse,0.001,0.9,9,1.0
466,0.0,10,0.050000000000000044,0.00825030729174614,0.6275893449783325,0.0665724128484726,0.4431653916835785,0.1980413794517517,,,,dqn_icm,cartpole,sparse,0.001,0.9,9,1.0
467,0.0,10,0.050000000000000044,0.008032208308577538,0.6646060347557068,0.0549713596701622,0.4431653916835785,0.1980413794517517,,,,dqn_icm,cartpole,sparse,0.001,0.9,9,1.0
468,0.0,8,0.050000000000000044,0.002702821511775255,0.5749973058700562,0.03851740062236786,0.4431653916835785,0.1980413794517517,,,,dqn_icm,cartpole,sparse,0.001,0.9,9,1.0
469,0.0,9,0.050000000000000044,0.004498621914535761,0.6652646064758301,0.053074195981025696,0.4207226037979126,0.2265363484621048,,,,dqn_icm,cartpole,sparse,0.001,0.9,9,1.0
470,0.0,8,0.050000000000000044,0.011993395164608955,0.6814430952072144,0.0849548801779747,0.4207226037979126,0.2265363484621048,,,,dqn_icm,cartpole,sparse,0.001,0.9,9,1.0
471,0.0,10,0.050000000000000044,0.012302439659833908,0.6915451288223267,0.09951098263263702,0.4207226037979126,0.2265363484621048,,,,dqn_icm,cartpole,sparse,0.001,0.9,9,1.0
472,0.0,11,0.050000000000000044,0.0038772819098085165,0.5701074600219727,0.03853335604071617,0.4207226037979126,0.2265363484621048,,,,dqn_icm,cartpole,sparse,0.001,0.9,9,1.0
473,0.0,9,0.050000000000000044,0.010009382851421833,0.681310772895813,0.05972006171941757,0.4207226037979126,0.2265363484621048,,,,dqn_icm,cartpole,sparse,0.001,0.9,9,1.0
474,0.0,9,0.050000000000000044,0.004998742137104273,0.6574453115463257,0.05250396206974983,0.46324414014816284,0.22021180391311646,,,,dqn_icm,cartpole,sparse,0.001,0.9,9,1.0
475,0.0,9,0.050000000000000044,0.015877846628427505,0.7323788404464722,0.09306317567825317,0.46324414014816284,0.22021180391311646,,,,dqn_icm,cartpole,sparse,0.001,0.9,9,1.0
476,0.0,8,0.050000000000000044,0.01021687313914299,0.6227097511291504,0.07131221890449524,0.46324414014816284,0.22021180391311646,,,,dqn_icm,cartpole,sparse,0.001,0.9,9,1.0
477,0.0,9,0.050000000000000044,0.00166943552903831,0.588181734085083,0.034185849130153656,0.46324414014816284,0.22021180391311646,,,,dqn_icm,cartpole,sparse,0.001,0.9,9,1.0
478,0.0,9,0.050000000000000044,0.013544991612434387,0.717593789100647,0.07653038203716278,0.4586656987667084,0.2634640038013458,,,,dqn_icm,cartpole,sparse,0.001,0.9,9,1.0
479,0.0,12,0.050000000000000044,0.0069971513003110886,0.7180766463279724,0.06473669409751892,0.4586656987667084,0.2634640038013458,,,,dqn_icm,cartpole,sparse,0.001,0.9,9,1.0
480,0.0,10,0.050000000000000044,0.006369507871568203,0.5907489657402039,0.05682424083352089,0.4586656987667084,0.2634640038013458,,,,dqn_icm,cartpole,sparse,0.001,0.9,9,1.0
481,0.0,11,0.050000000000000044,0.010341944172978401,0.6963403820991516,0.06172046437859535,0.4586656987667084,0.2634640038013458,,,,dqn_icm,cartpole,sparse,0.001,0.9,9,1.0
482,0.0,8,0.050000000000000044,0.006730509456247091,0.6309849619865417,0.06442320346832275,0.3988463580608368,0.21244415640830994,,,,dqn_icm,cartpole,sparse,0.001,0.9,9,1.0
483,0.0,9,0.050000000000000044,0.010078096762299538,0.7542814016342163,0.0849396139383316,0.3988463580608368,0.21244415640830994,,,,dqn_icm,cartpole,sparse,0.001,0.9,9,1.0
484,0.0,8,0.050000000000000044,0.005037229973822832,0.7169356346130371,0.056789644062519073,0.3988463580608368,0.21244415640830994,,,,dqn_icm,cartpole,sparse,0.001,0.9,9,1.0
485,0.0,9,0.050000000000000044,0.005073064006865025,0.7143073678016663,0.05260521546006203,0.3988463580608368,0.21244415640830994,,,,dqn_icm,cartpole,sparse,0.001,0.9,9,1.0
486,0.0,9,0.050000000000000044,0.018094491213560104,0.782649576663971,0.09622952342033386,0.3988463580608368,0.21244415640830994,,,,dqn_icm,cartpole,sparse,0.001,0.9,9,1.0
487,0.0,10,0.050000000000000044,0.0078075481578707695,0.6938381195068359,0.06274916231632233,0.3956959843635559,0.23475340008735657,,,,dqn_icm,cartpole,sparse,0.001,0.9,9,1.0
488,0.0,9,0.050000000000000044,0.011378905735909939,0.6586102247238159,0.07034581899642944,0.3956959843635559,0.23475340008735657,,,,dqn_icm,cartpole,sparse,0.001,0.9,9,1.0
489,0.0,10,0.050000000000000044,0.014553023502230644,0.6338278651237488,0.08176206797361374,0.3956959843635559,0.23475340008735657,,,,dqn_icm,cartpole,sparse,0.001,0.9,9,1.0
490,0.0,10,0.050000000000000044,0.018098486587405205,0.7026854753494263,0.08479352295398712,0.3956959843635559,0.23475340008735657,,,,dqn_icm,cartpole,sparse,0.001,0.9,9,1.0
491,0.0,10,0.050000000000000044,0.018095634877681732,0.7273909449577332,0.09653706103563309,0.46977749466896057,0.1789652407169342,,,,dqn_icm,cartpole,sparse,0.001,0.9,9,1.0
492,0.0,8,0.050000000000000044,0.013474492356181145,0.7173969745635986,0.07436510920524597,0.46977749466896057,0.1789652407169342,,,,dqn_icm,cartpole,sparse,0.001,0.9,9,1.0
493,0.0,9,0.050000000000000044,0.01107948087155819,0.7223895192146301,0.06782664358615875,0.46977749466896057,0.1789652407169342,,,,dqn_icm,cartpole,sparse,0.001,0.9,9,1.0
494,0.0,10,0.050000000000000044,0.009967806749045849,0.6120035648345947,0.06912626326084137,0.46977749466896057,0.1789652407169342,,,,dqn_icm,cartpole,sparse,0.001,0.9,9,1.0
495,0.0,12,0.050000000000000044,0.00339297903701663,0.6271303296089172,0.049496714025735855,0.41893959045410156,0.23944833874702454,,,,dqn_icm,cartpole,sparse,0.001,0.9,9,1.0
496,0.0,10,0.050000000000000044,0.002038688166067004,0.5151988863945007,0.03340405225753784,0.41893959045410156,0.23944833874702454,,,,dqn_icm,cartpole,sparse,0.001,0.9,9,1.0
497,0.0,12,0.050000000000000044,0.003762464737519622,0.6365450620651245,0.04880598932504654,0.41893959045410156,0.23944833874702454,,,,dqn_icm,cartpole,sparse,0.001,0.9,9,1.0
498,0.0,9,0.050000000000000044,0.0056238928809762,0.6916841864585876,0.06006044149398804,0.41893959045410156,0.23944833874702454,,,,dqn_icm,cartpole,sparse,0.001,0.9,9,1.0
499,0.0,10,0.050000000000000044,0.01440256554633379,0.6722919940948486,0.0781734436750412,0.44725340604782104,0.3011474609375,,,,dqn_icm,cartpole,sparse,0.001,0.9,9,1.0
500,0.0,9,0.050000000000000044,0.011455833911895752,0.6148626208305359,0.06843505054712296,0.44725340604782104,0.3011474609375,0.0,0.0,9.5,dqn_icm,cartpole,sparse,0.001,0.9,9,1.0
501,0.0,10,0.050000000000000044,0.003678253386169672,0.675901472568512,0.04933686554431915,0.44725340604782104,0.3011474609375,,,,dqn_icm,cartpole,sparse,0.001,0.9,9,1.0
502,0.0,11,0.050000000000000044,0.005565046798437834,0.6169275045394897,0.046131569892168045,0.44725340604782104,0.3011474609375,,,,dqn_icm,cartpole,sparse,0.001,0.9,9,1.0
503,0.0,10,0.050000000000000044,0.012212862260639668,0.6780074834823608,0.06937636435031891,0.4181484282016754,0.18627925217151642,,,,dqn_icm,cartpole,sparse,0.001,0.9,9,1.0
504,0.0,10,0.050000000000000044,0.0026057942304760218,0.5700055360794067,0.03666495531797409,0.4181484282016754,0.18627925217151642,,,,dqn_icm,cartpole,sparse,0.001,0.9,9,1.0
505,0.0,11,0.050000000000000044,0.014963232912123203,0.6540297865867615,0.08355944603681564,0.4181484282016754,0.18627925217151642,,,,dqn_icm,cartpole,sparse,0.001,0.9,9,1.0
506,0.0,8,0.050000000000000044,0.006280179135501385,0.5886578559875488,0.06148260831832886,0.4181484282016754,0.18627925217151642,,,,dqn_icm,cartpole,sparse,0.001,0.9,9,1.0
507,0.0,9,0.050000000000000044,0.007814763113856316,0.698930025100708,0.06020505353808403,0.44810357689857483,0.25004541873931885,,,,dqn_icm,cartpole,sparse,0.001,0.9,9,1.0
508,0.0,11,0.050000000000000044,0.00716130156069994,0.6618641018867493,0.06279025971889496,0.44810357689857483,0.25004541873931885,,,,dqn_icm,cartpole,sparse,0.001,0.9,9,1.0
509,0.0,9,0.050000000000000044,0.0074361776933074,0.7903861999511719,0.07010072469711304,0.44810357689857483,0.25004541873931885,,,,dqn_icm,cartpole,sparse,0.001,0.9,9,1.0
510,0.0,11,0.050000000000000044,0.016194399446249008,0.770747184753418,0.0820632129907608,0.44810357689857483,0.25004541873931885,,,,dqn_icm,cartpole,sparse,0.001,0.9,9,1.0
511,0.0,10,0.050000000000000044,0.00669549684971571,0.6752915382385254,0.05044778063893318,0.39192742109298706,0.24866876006126404,,,,dqn_icm,cartpole,sparse,0.001,0.9,9,1.0
512,0.0,9,0.050000000000000044,0.005409440025687218,0.6393665075302124,0.050611380487680435,0.39192742109298706,0.24866876006126404,,,,dqn_icm,cartpole,sparse,0.001,0.9,9,1.0
513,0.0,9,0.050000000000000044,0.006126631051301956,0.7633932828903198,0.053792402148246765,0.39192742109298706,0.24866876006126404,,,,dqn_icm,cartpole,sparse,0.001,0.9,9,1.0
514,0.0,10,0.050000000000000044,0.011129823513329029,0.6252404451370239,0.06968604028224945,0.39192742109298706,0.24866876006126404,,,,dqn_icm,cartpole,sparse,0.001,0.9,9,1.0
515,0.0,10,0.050000000000000044,0.006827660836279392,0.5818040370941162,0.060831982642412186,0.4147511124610901,0.19050568342208862,,,,dqn_icm,cartpole,sparse,0.001,0.9,9,1.0
516,0.0,10,0.050000000000000044,0.014520270749926567,0.7048841714859009,0.09135997295379639,0.4147511124610901,0.19050568342208862,,,,dqn_icm,cartpole,sparse,0.001,0.9,9,1.0
517,0.0,9,0.050000000000000044,0.004905326291918755,0.7005549669265747,0.051208771765232086,0.4147511124610901,0.19050568342208862,,,,dqn_icm,cartpole,sparse,0.001,0.9,9,1.0
518,0.0,9,0.050000000000000044,0.004755689762532711,0.6596424579620361,0.04483388364315033,0.4147511124610901,0.19050568342208862,,,,dqn_icm,cartpole,sparse,0.001,0.9,9,1.0
519,0.0,9,0.050000000000000044,0.006510789506137371,0.5890874862670898,0.05205924063920975,0.4611472189426422,0.19207406044006348,,,,dqn_icm,cartpole,sparse,0.001,0.9,9,1.0
520,0.0,11,0.050000000000000044,0.007760775275528431,0.6876609921455383,0.05843184143304825,0.4611472189426422,0.19207406044006348,,,,dqn_icm,cartpole,sparse,0.001,0.9,9,1.0
521,0.0,13,0.050000000000000044,0.008908897638320923,0.671515166759491,0.060133956372737885,0.4611472189426422,0.19207406044006348,,,,dqn_icm,cartpole,sparse,0.001,0.9,9,1.0
522,0.0,9,0.050000000000000044,0.005967855453491211,0.5692559480667114,0.05365587770938873,0.4611472189426422,0.19207406044006348,,,,dqn_icm,cartpole,sparse,0.001,0.9,9,1.0
523,0.0,8,0.050000000000000044,0.034092266112565994,0.6395989656448364,0.2214801013469696,0.43032848834991455,0.21372252702713013,,,,dqn_icm,cartpole,sparse,0.001,0.9,9,1.0
524,0.0,11,0.050000000000000044,0.018378041684627533,0.7202990055084229,0.15851253271102905,0.43032848834991455,0.21372252702713013,,,,dqn_icm,cartpole,sparse,0.001,0.9,9,1.0
525,0.0,9,0.050000000000000044,0.004678777419030666,0.8635666966438293,0.06962981820106506,0.43032848834991455,0.21372252702713013,,,,dqn_icm,cartpole,sparse,0.001,0.9,9,1.0
526,0.0,9,0.050000000000000044,0.010935308411717415,0.7709692716598511,0.08545979112386703,0.43032848834991455,0.21372252702713013,,,,dqn_icm,cartpole,sparse,0.001,0.9,9,1.0
527,0.0,8,0.050000000000000044,0.005550968926399946,0.9294654726982117,0.058825843036174774,0.43032848834991455,0.21372252702713013,,,,dqn_icm,cartpole,sparse,0.001,0.9,9,1.0
528,0.0,11,0.050000000000000044,0.007773595862090588,0.9203332662582397,0.0848659947514534,0.37239477038383484,0.22765615582466125,,,,dqn_icm,cartpole,sparse,0.001,0.9,9,1.0
529,0.0,10,0.050000000000000044,0.009402192197740078,0.8614351749420166,0.08553928881883621,0.37239477038383484,0.22765615582466125,,,,dqn_icm,cartpole,sparse,0.001,0.9,9,1.0
530,0.0,10,0.050000000000000044,0.024505585432052612,0.8319187164306641,0.11209249496459961,0.37239477038383484,0.22765615582466125,,,,dqn_icm,cartpole,sparse,0.001,0.9,9,1.0
531,0.0,9,0.050000000000000044,0.005785600747913122,0.8842720985412598,0.0697692483663559,0.37239477038383484,0.22765615582466125,,,,dqn_icm,cartpole,sparse,0.001,0.9,9,1.0
532,0.0,9,0.050000000000000044,0.018799081444740295,1.0178937911987305,0.11023114621639252,0.4151632487773895,0.1714714765548706,,,,dqn_icm,cartpole,sparse,0.001,0.9,9,1.0
533,0.0,10,0.050000000000000044,0.017496855929493904,0.7777801156044006,0.09837408363819122,0.4151632487773895,0.1714714765548706,,,,dqn_icm,cartpole,sparse,0.001,0.9,9,1.0
534,0.0,10,0.050000000000000044,0.021297603845596313,0.9107471704483032,0.11473467946052551,0.4151632487773895,0.1714714765548706,,,,dqn_icm,cartpole,sparse,0.001,0.9,9,1.0
535,0.0,11,0.050000000000000044,0.005007528699934483,0.8348739147186279,0.06460843235254288,0.4151632487773895,0.1714714765548706,,,,dqn_icm,cartpole,sparse,0.001,0.9,9,1.0
536,0.0,10,0.050000000000000044,0.0046552373096346855,0.8451246023178101,0.04681167006492615,0.38452258706092834,0.15583127737045288,,,,dqn_icm,cartpole,sparse,0.001,0.9,9,1.0
537,0.0,9,0.050000000000000044,0.020776990801095963,1.0821170806884766,0.07988697290420532,0.38452258706092834,0.15583127737045288,,,,dqn_icm,cartpole,sparse,0.001,0.9,9,1.0
538,0.0,9,0.050000000000000044,0.02117423340678215,0.8143455386161804,0.10613860189914703,0.38452258706092834,0.15583127737045288,,,,dqn_icm,cartpole,sparse,0.001,0.9,9,1.0
539,0.0,12,0.050000000000000044,0.006798441056162119,0.7640454769134521,0.05943185091018677,0.38452258706092834,0.15583127737045288,,,,dqn_icm,cartpole,sparse,0.001,0.9,9,1.0
540,0.0,8,0.050000000000000044,0.019968993961811066,0.834204912185669,0.09345760941505432,0.3583586513996124,0.32576051354408264,,,,dqn_icm,cartpole,sparse,0.001,0.9,9,1.0
541,0.0,10,0.050000000000000044,0.010398072190582752,0.9180909395217896,0.0795484408736229,0.3583586513996124,0.32576051354408264,,,,dqn_icm,cartpole,sparse,0.001,0.9,9,1.0
542,0.0,9,0.050000000000000044,0.018667062744498253,0.9303939342498779,0.07399481534957886,0.3583586513996124,0.32576051354408264,,,,dqn_icm,cartpole,sparse,0.001,0.9,9,1.0
543,0.0,8,0.050000000000000044,0.01940884254872799,0.9629185199737549,0.07482066750526428,0.3583586513996124,0.32576051354408264,,,,dqn_icm,cartpole,sparse,0.001,0.9,9,1.0
544,0.0,12,0.050000000000000044,0.0057168579660356045,0.8921750783920288,0.055902641266584396,0.3881639242172241,0.3096107840538025,,,,dqn_icm,cartpole,sparse,0.001,0.9,9,1.0
545,0.0,9,0.050000000000000044,0.02625415101647377,0.8240798711776733,0.10187142342329025,0.3881639242172241,0.3096107840538025,,,,dqn_icm,cartpole,sparse,0.001,0.9,9,1.0
546,0.0,10,0.050000000000000044,0.019125066697597504,0.8491358160972595,0.09492690861225128,0.3881639242172241,0.3096107840538025,,,,dqn_icm,cartpole,sparse,0.001,0.9,9,1.0
547,0.0,11,0.050000000000000044,0.007110488135367632,0.8252681493759155,0.06497268378734589,0.3881639242172241,0.3096107840538025,,,,dqn_icm,cartpole,sparse,0.001,0.9,9,1.0
548,0.0,10,0.050000000000000044,0.012656023725867271,0.7989510297775269,0.0745668038725853,0.37692791223526,0.25467532873153687,,,,dqn_icm,cartpole,sparse,0.001,0.9,9,1.0
549,0.0,10,0.050000000000000044,0.013487235642969608,0.873388946056366,0.07854793220758438,0.37692791223526,0.25467532873153687,,,,dqn_icm,cartpole,sparse,0.001,0.9,9,1.0
550,0.0,10,0.050000000000000044,0.010515915229916573,0.8881953954696655,0.07525124400854111,0.37692791223526,0.25467532873153687,0.0,0.0,9.8,dqn_icm,cartpole,sparse,0.001,0.9,9,1.0
551,0.0,9,0.050000000000000044,0.005307898856699467,0.934009313583374,0.05842401832342148,0.37692791223526,0.25467532873153687,,,,dqn_icm,cartpole,sparse,0.001,0.9,9,1.0
552,0.0,9,0.050000000000000044,0.0236223042011261,0.8574904203414917,0.0804000049829483,0.3639890253543854,0.20891450345516205,,,,dqn_icm,cartpole,sparse,0.001,0.9,9,1.0
553,0.0,10,0.050000000000000044,0.011939723044633865,0.8612842559814453,0.07264213263988495,0.3639890253543854,0.20891450345516205,,,,dqn_icm,cartpole,sparse,0.001,0.9,9,1.0
554,0.0,9,0.050000000000000044,0.006219103932380676,0.8771835565567017,0.06813037395477295,0.3639890253543854,0.20891450345516205,,,,dqn_icm,cartpole,sparse,0.001,0.9,9,1.0
555,0.0,12,0.050000000000000044,0.006333346478641033,0.8530496954917908,0.06304378807544708,0.3639890253543854,0.20891450345516205,,,,dqn_icm,cartpole,sparse,0.001,0.9,9,1.0
556,0.0,9,0.050000000000000044,0.006704097613692284,0.7972378730773926,0.04641256481409073,0.4055359363555908,0.206155925989151,,,,dqn_icm,cartpole,sparse,0.001,0.9,9,1.0
557,0.0,9,0.050000000000000044,0.014330608770251274,0.9283022880554199,0.07594497501850128,0.4055359363555908,0.206155925989151,,,,dqn_icm,cartpole,sparse,0.001,0.9,9,1.0
558,0.0,10,0.050000000000000044,0.01677703857421875,0.955223798751831,0.08475843071937561,0.4055359363555908,0.206155925989151,,,,dqn_icm,cartpole,sparse,0.001,0.9,9,1.0
559,0.0,11,0.050000000000000044,0.008092975243926048,0.8983966708183289,0.05696066468954086,0.4055359363555908,0.206155925989151,,,,dqn_icm,cartpole,sparse,0.001,0.9,9,1.0
560,0.0,10,0.050000000000000044,0.0074352603405714035,0.8283880352973938,0.06591171771287918,0.3768390119075775,0.22819629311561584,,,,dqn_icm,cartpole,sparse,0.001,0.9,9,1.0
561,0.0,10,0.050000000000000044,0.013178763911128044,0.8257575035095215,0.06870676577091217,0.3768390119075775,0.22819629311561584,,,,dqn_icm,cartpole,sparse,0.001,0.9,9,1.0
562,0.0,11,0.050000000000000044,0.027459653094410896,0.9002315998077393,0.10153672099113464,0.3768390119075775,0.22819629311561584,,,,dqn_icm,cartpole,sparse,0.001,0.9,9,1.0
563,0.0,10,0.050000000000000044,0.008656291291117668,1.0191315412521362,0.06860249489545822,0.3768390119075775,0.22819629311561584,,,,dqn_icm,cartpole,sparse,0.001,0.9,9,1.0
564,0.0,10,0.050000000000000044,0.005846786312758923,0.8786205053329468,0.052149996161460876,0.42296135425567627,0.2618348300457001,,,,dqn_icm,cartpole,sparse,0.001,0.9,9,1.0
565,0.0,10,0.050000000000000044,0.008361255750060081,0.771770715713501,0.06877966225147247,0.42296135425567627,0.2618348300457001,,,,dqn_icm,cartpole,sparse,0.001,0.9,9,1.0
566,0.0,9,0.050000000000000044,0.02070317231118679,0.8811755180358887,0.10371284186840057,0.42296135425567627,0.2618348300457001,,,,dqn_icm,cartpole,sparse,0.001,0.9,9,1.0
567,0.0,9,0.050000000000000044,0.02066275291144848,0.8330326080322266,0.1142393946647644,0.42296135425567627,0.2618348300457001,,,,dqn_icm,cartpole,sparse,0.001,0.9,9,1.0
568,0.0,10,0.050000000000000044,0.020809777081012726,0.8752543926239014,0.09273272752761841,0.34909945726394653,0.24145078659057617,,,,dqn_icm,cartpole,sparse,0.001,0.9,9,1.0
569,0.0,10,0.050000000000000044,0.019962966442108154,0.8939979076385498,0.10041221231222153,0.34909945726394653,0.24145078659057617,,,,dqn_icm,cartpole,sparse,0.001,0.9,9,1.0
570,0.0,10,0.050000000000000044,0.015039542689919472,0.9146015644073486,0.09351713955402374,0.34909945726394653,0.24145078659057617,,,,dqn_icm,cartpole,sparse,0.001,0.9,9,1.0
571,0.0,10,0.050000000000000044,0.014970784075558186,0.9465154409408569,0.07657227665185928,0.34909945726394653,0.24145078659057617,,,,dqn_icm,cartpole,sparse,0.001,0.9,9,1.0
572,0.0,12,0.050000000000000044,0.019496891647577286,0.8545578718185425,0.08170126378536224,0.40018489956855774,0.2169891595840454,,,,dqn_icm,cartpole,sparse,0.001,0.9,9,1.0
573,0.0,9,0.050000000000000044,0.016856174916028976,0.8659634590148926,0.07367293536663055,0.40018489956855774,0.2169891595840454,,,,dqn_icm,cartpole,sparse,0.001,0.9,9,1.0
574,0.0,9,0.050000000000000044,0.010933919809758663,0.9073771238327026,0.0734112411737442,0.40018489956855774,0.2169891595840454,,,,dqn_icm,cartpole,sparse,0.001,0.9,9,1.0
575,0.0,9,0.050000000000000044,0.007990910671651363,0.8041682243347168,0.053833089768886566,0.40018489956855774,0.2169891595840454,,,,dqn_icm,cartpole,sparse,0.001,0.9,9,1.0
576,0.0,10,0.050000000000000044,0.014062060043215752,0.849007248878479,0.08318858593702316,0.4121447503566742,0.18543489277362823,,,,dqn_icm,cartpole,sparse,0.001,0.9,9,1.0
577,0.0,10,0.050000000000000044,0.009507447481155396,0.7894202470779419,0.0710163339972496,0.4121447503566742,0.18543489277362823,,,,dqn_icm,cartpole,sparse,0.001,0.9,9,1.0
578,0.0,10,0.050000000000000044,0.011272773146629333,0.8145169019699097,0.06623631715774536,0.4121447503566742,0.18543489277362823,,,,dqn_icm,cartpole,sparse,0.001,0.9,9,1.0
579,0.0,9,0.050000000000000044,0.004401782993227243,0.7272460460662842,0.047741085290908813,0.4121447503566742,0.18543489277362823,,,,dqn_icm,cartpole,sparse,0.001,0.9,9,1.0
580,0.0,8,0.050000000000000044,0.019986456260085106,0.9501604437828064,0.08874493837356567,0.4121447503566742,0.18543489277362823,,,,dqn_icm,cartpole,sparse,0.001,0.9,9,1.0
581,0.0,9,0.050000000000000044,0.022310946136713028,1.0003612041473389,0.09589643776416779,0.4511754810810089,0.20396548509597778,,,,dqn_icm,cartpole,sparse,0.001,0.9,9,1.0
582,0.0,10,0.050000000000000044,0.013451237231492996,0.8865097165107727,0.06994832307100296,0.4511754810810089,0.20396548509597778,,,,dqn_icm,cartpole,sparse,0.001,0.9,9,1.0
583,0.0,10,0.050000000000000044,0.02240152843296528,0.8368036150932312,0.0772162526845932,0.4511754810810089,0.20396548509597778,,,,dqn_icm,cartpole,sparse,0.001,0.9,9,1.0
584,0.0,9,0.050000000000000044,0.002500725444406271,0.7189481854438782,0.03760414943099022,0.4511754810810089,0.20396548509597778,,,,dqn_icm,cartpole,sparse,0.001,0.9,9,1.0
585,0.0,9,0.050000000000000044,0.023236267268657684,0.8929905295372009,0.10660005360841751,0.33877837657928467,0.23551687598228455,,,,dqn_icm,cartpole,sparse,0.001,0.9,9,1.0
586,0.0,10,0.050000000000000044,0.014570033177733421,0.8674073219299316,0.06900250911712646,0.33877837657928467,0.23551687598228455,,,,dqn_icm,cartpole,sparse,0.001,0.9,9,1.0
587,0.0,9,0.050000000000000044,0.007719481363892555,0.8855551481246948,0.05943773314356804,0.33877837657928467,0.23551687598228455,,,,dqn_icm,cartpole,sparse,0.001,0.9,9,1.0
588,0.0,10,0.050000000000000044,0.004509916994720697,0.8700710535049438,0.05091792345046997,0.33877837657928467,0.23551687598228455,,,,dqn_icm,cartpole,sparse,0.001,0.9,9,1.0
589,0.0,10,0.050000000000000044,0.02787734568119049,0.8561586141586304,0.11061201989650726,0.36595675349235535,0.24732911586761475,,,,dqn_icm,cartpole,sparse,0.001,0.9,9,1.0
590,0.0,8,0.050000000000000044,0.04001597315073013,0.9117479920387268,0.12368040531873703,0.36595675349235535,0.24732911586761475,,,,dqn_icm,cartpole,sparse,0.001,0.9,9,1.0
591,0.0,10,0.050000000000000044,0.005015041213482618,0.8044564723968506,0.05023719370365143,0.36595675349235535,0.24732911586761475,,,,dqn_icm,cartpole,sparse,0.001,0.9,9,1.0
592,0.0,9,0.050000000000000044,0.01153540052473545,0.8068726062774658,0.06579544395208359,0.36595675349235535,0.24732911586761475,,,,dqn_icm,cartpole,sparse,0.001,0.9,9,1.0
593,0.0,9,0.050000000000000044,0.015311564318835735,0.9402957558631897,0.08367215096950531,0.36268699169158936,0.24557679891586304,,,,dqn_icm,cartpole,sparse,0.001,0.9,9,1.0
594,0.0,10,0.050000000000000044,0.03337842971086502,0.9891260266304016,0.1320958435535431,0.36268699169158936,0.24557679891586304,,,,dqn_icm,cartpole,sparse,0.001,0.9,9,1.0
595,0.0,10,0.050000000000000044,0.021382736042141914,0.8817282915115356,0.1074930876493454,0.36268699169158936,0.24557679891586304,,,,dqn_icm,cartpole,sparse,0.001,0.9,9,1.0
596,0.0,11,0.050000000000000044,0.02132534794509411,0.8966749906539917,0.10858744382858276,0.36268699169158936,0.24557679891586304,,,,dqn_icm,cartpole,sparse,0.001,0.9,9,1.0
597,0.0,8,0.050000000000000044,0.01648562029004097,0.9305451512336731,0.08416944742202759,0.3702864646911621,0.21428357064723969,,,,dqn_icm,cartpole,sparse,0.001,0.9,9,1.0
598,0.0,10,0.050000000000000044,0.022036291658878326,0.8707220554351807,0.09239833056926727,0.3702864646911621,0.21428357064723969,,,,dqn_icm,cartpole,sparse,0.001,0.9,9,1.0
599,0.0,11,0.050000000000000044,0.01670558750629425,0.9644858837127686,0.0830206423997879,0.3702864646911621,0.21428357064723969,,,,dqn_icm,cartpole,sparse,0.001,0.9,9,1.0
600,0.0,9,0.050000000000000044,0.0071252016350626945,0.9179368019104004,0.06627906858921051,0.3702864646911621,0.21428357064723969,0.0,0.0,9.8,dqn_icm,cartpole,sparse,0.001,0.9,9,1.0
601,0.0,9,0.050000000000000044,0.03357396274805069,0.8864008188247681,0.12075509130954742,0.3702864646911621,0.21428357064723969,,,,dqn_icm,cartpole,sparse,0.001,0.9,9,1.0
602,0.0,11,0.050000000000000044,0.012423304840922356,0.8664391040802002,0.06450241804122925,0.32222047448158264,0.20770078897476196,,,,dqn_icm,cartpole,sparse,0.001,0.9,9,1.0
603,0.0,9,0.050000000000000044,0.023858001455664635,0.9017072916030884,0.11111423373222351,0.32222047448158264,0.20770078897476196,,,,dqn_icm,cartpole,sparse,0.001,0.9,9,1.0
604,0.0,9,0.050000000000000044,0.011478870175778866,0.9198893308639526,0.06457322835922241,0.32222047448158264,0.20770078897476196,,,,dqn_icm,cartpole,sparse,0.001,0.9,9,1.0
605,0.0,10,0.050000000000000044,0.009954376146197319,0.7750157117843628,0.06251329183578491,0.32222047448158264,0.20770078897476196,,,,dqn_icm,cartpole,sparse,0.001,0.9,9,1.0
606,0.0,11,0.050000000000000044,0.0015569338575005531,0.8508338928222656,0.03409186005592346,0.3682853579521179,0.21790876984596252,,,,dqn_icm,cartpole,sparse,0.001,0.9,9,1.0
607,0.0,10,0.050000000000000044,0.006656672805547714,0.8164641857147217,0.05228295922279358,0.3682853579521179,0.21790876984596252,,,,dqn_icm,cartpole,sparse,0.001,0.9,9,1.0
608,0.0,10,0.050000000000000044,0.0189354307949543,0.8908160328865051,0.08436432480812073,0.3682853579521179,0.21790876984596252,,,,dqn_icm,cartpole,sparse,0.001,0.9,9,1.0
609,0.0,9,0.050000000000000044,0.007302846759557724,0.9369076490402222,0.06531481444835663,0.3682853579521179,0.21790876984596252,,,,dqn_icm,cartpole,sparse,0.001,0.9,9,1.0
610,0.0,12,0.050000000000000044,0.01637529768049717,0.767920970916748,0.09164212644100189,0.41742539405822754,0.16561917960643768,,,,dqn_icm,cartpole,sparse,0.001,0.9,9,1.0
611,0.0,10,0.050000000000000044,0.018929652869701385,0.8320050239562988,0.09274181723594666,0.41742539405822754,0.16561917960643768,,,,dqn_icm,cartpole,sparse,0.001,0.9,9,1.0
612,0.0,10,0.050000000000000044,0.009321462363004684,0.773373007774353,0.06280035525560379,0.41742539405822754,0.16561917960643768,,,,dqn_icm,cartpole,sparse,0.001,0.9,9,1.0
613,0.0,11,0.050000000000000044,0.010049629956483841,0.8322352170944214,0.06870836019515991,0.40700051188468933,0.20339593291282654,,,,dqn_icm,cartpole,sparse,0.001,0.9,9,1.0
614,0.0,9,0.050000000000000044,0.009516153484582901,0.902694821357727,0.08613145351409912,0.40700051188468933,0.20339593291282654,,,,dqn_icm,cartpole,sparse,0.001,0.9,9,1.0
615,0.0,8,0.050000000000000044,0.016538497060537338,0.9504085779190063,0.0992869958281517,0.40700051188468933,0.20339593291282654,,,,dqn_icm,cartpole,sparse,0.001,0.9,9,1.0
616,0.0,9,0.050000000000000044,0.03143538534641266,0.9024237394332886,0.10604512691497803,0.40700051188468933,0.20339593291282654,,,,dqn_icm,cartpole,sparse,0.001,0.9,9,1.0
617,0.0,9,0.050000000000000044,0.011199649423360825,0.8694248199462891,0.09224182367324829,0.40700051188468933,0.20339593291282654,,,,dqn_icm,cartpole,sparse,0.001,0.9,9,1.0
618,0.0,9,0.050000000000000044,0.03278620168566704,0.8754496574401855,0.11040747165679932,0.3522837460041046,0.20214004814624786,,,,dqn_icm,cartpole,sparse,0.001,0.9,9,1.0
619,0.0,10,0.050000000000000044,0.015423094853758812,0.8148368000984192,0.08053283393383026,0.3522837460041046,0.20214004814624786,,,,dqn_icm,cartpole,sparse,0.001,0.9,9,1.0
620,0.0,9,0.050000000000000044,0.001373114064335823,0.9458190202713013,0.038377027958631516,0.3522837460041046,0.20214004814624786,,,,dqn_icm,cartpole,sparse,0.001,0.9,9,1.0
621,0.0,11,0.050000000000000044,0.026518188416957855,0.9263314008712769,0.09399400651454926,0.3522837460041046,0.20214004814624786,,,,dqn_icm,cartpole,sparse,0.001,0.9,9,1.0
622,0.0,10,0.050000000000000044,0.008155855350196362,0.8767108917236328,0.05736275017261505,0.36884403228759766,0.17239323258399963,,,,dqn_icm,cartpole,sparse,0.001,0.9,9,1.0
623,0.0,10,0.050000000000000044,0.014613989740610123,0.8292149901390076,0.1008295863866806,0.36884403228759766,0.17239323258399963,,,,dqn_icm,cartpole,sparse,0.001,0.9,9,1.0
624,0.0,8,0.050000000000000044,0.010949453338980675,0.8204081654548645,0.07737378776073456,0.36884403228759766,0.17239323258399963,,,,dqn_icm,cartpole,sparse,0.001,0.9,9,1.0
625,0.0,10,0.050000000000000044,0.009425342082977295,0.872491717338562,0.0606103390455246,0.36884403228759766,0.17239323258399963,,,,dqn_icm,cartpole,sparse,0.001,0.9,9,1.0
626,0.0,9,0.050000000000000044,0.019541364163160324,0.9320567846298218,0.10022319853305817,0.3765840530395508,0.23837581276893616,,,,dqn_icm,cartpole,sparse,0.001,0.9,9,1.0
627,0.0,11,0.050000000000000044,0.008440601639449596,0.8514792919158936,0.05826427415013313,0.3765840530395508,0.23837581276893616,,,,dqn_icm,cartpole,sparse,0.001,0.9,9,1.0
628,0.0,10,0.050000000000000044,0.009031213819980621,0.8073110580444336,0.06213226541876793,0.3765840530395508,0.23837581276893616,,,,dqn_icm,cartpole,sparse,0.001,0.9,9,1.0
629,0.0,9,0.050000000000000044,0.010637538507580757,0.8651214838027954,0.07686680555343628,0.3765840530395508,0.23837581276893616,,,,dqn_icm,cartpole,sparse,0.001,0.9,9,1.0
630,0.0,12,0.050000000000000044,0.016045015305280685,0.8942657709121704,0.07746048271656036,0.4138217568397522,0.16120463609695435,,,,dqn_icm,cartpole,sparse,0.001,0.9,9,1.0
631,0.0,10,0.050000000000000044,0.025398988276720047,1.0044896602630615,0.10851995646953583,0.4138217568397522,0.16120463609695435,,,,dqn_icm,cartpole,sparse,0.001,0.9,9,1.0
632,0.0,10,0.050000000000000044,0.005286494269967079,0.8567652702331543,0.046341102570295334,0.4138217568397522,0.16120463609695435,,,,dqn_icm,cartpole,sparse,0.001,0.9,9,1.0
633,0.0,10,0.050000000000000044,0.01206484530121088,0.89041668176651,0.06503359973430634,0.4138217568397522,0.16120463609695435,,,,dqn_icm,cartpole,sparse,0.001,0.9,9,1.0
634,0.0,11,0.050000000000000044,0.03592021390795708,0.904979944229126,0.11735270917415619,0.3471600115299225,0.22799420356750488,,,,dqn_icm,cartpole,sparse,0.001,0.9,9,1.0
635,0.0,9,0.050000000000000044,0.01401987113058567,0.904104471206665,0.06920181214809418,0.3471600115299225,0.22799420356750488,,,,dqn_icm,cartpole,sparse,0.001,0.9,9,1.0
636,0.0,11,0.050000000000000044,0.015271121636033058,0.9429558515548706,0.08147179335355759,0.3471600115299225,0.22799420356750488,,,,dqn_icm,cartpole,sparse,0.001,0.9,9,1.0
637,0.0,10,0.050000000000000044,0.01643430069088936,0.8930133581161499,0.07324047386646271,0.3471600115299225,0.22799420356750488,,,,dqn_icm,cartpole,sparse,0.001,0.9,9,1.0
638,0.0,11,0.050000000000000044,0.013910656794905663,0.8701720237731934,0.0875711590051651,0.3288695514202118,0.1868322640657425,,,,dqn_icm,cartpole,sparse,0.001,0.9,9,1.0
639,0.0,12,0.050000000000000044,0.017749212682247162,0.8790205717086792,0.08892246335744858,0.3288695514202118,0.1868322640657425,,,,dqn_icm,cartpole,sparse,0.001,0.9,9,1.0
640,0.0,11,0.050000000000000044,0.020861346274614334,0.9775526523590088,0.10547858476638794,0.3288695514202118,0.1868322640657425,,,,dqn_icm,cartpole,sparse,0.001,0.9,9,1.0
641,0.0,10,0.050000000000000044,0.03255394101142883,1.0030708312988281,0.1311665177345276,0.3288695514202118,0.1868322640657425,,,,dqn_icm,cartpole,sparse,0.001,0.9,9,1.0
642,0.0,10,0.050000000000000044,0.013723534531891346,0.9404955506324768,0.0788324773311615,0.3242103159427643,0.16798803210258484,,,,dqn_icm,cartpole,sparse,0.001,0.9,9,1.0
643,0.0,10,0.050000000000000044,0.015203751623630524,0.8754216432571411,0.09155157208442688,0.3242103159427643,0.16798803210258484,,,,dqn_icm,cartpole,sparse,0.001,0.9,9,1.0
644,0.0,10,0.050000000000000044,0.012962548062205315,0.9097080230712891,0.06843467801809311,0.3242103159427643,0.16798803210258484,,,,dqn_icm,cartpole,sparse,0.001,0.9,9,1.0
645,0.0,10,0.050000000000000044,0.011291174218058586,0.9010950922966003,0.06415878236293793,0.3242103159427643,0.16798803210258484,,,,dqn_icm,cartpole,sparse,0.001,0.9,9,1.0
646,0.0,10,0.050000000000000044,0.007870137691497803,0.974174439907074,0.06906607002019882,0.455607146024704,0.1830592006444931,,,,dqn_icm,cartpole,sparse,0.001,0.9,9,1.0
647,0.0,9,0.050000000000000044,0.01311425305902958,0.7286676168441772,0.0595778189599514,0.455607146024704,0.1830592006444931,,,,dqn_icm,cartpole,sparse,0.001,0.9,9,1.0
648,0.0,9,0.050000000000000044,0.021277252584695816,0.8887943029403687,0.09016537666320801,0.455607146024704,0.1830592006444931,,,,dqn_icm,cartpole,sparse,0.001,0.9,9,1.0
649,0.0,11,0.050000000000000044,0.01084781251847744,0.9461313486099243,0.06445018202066422,0.455607146024704,0.1830592006444931,,,,dqn_icm,cartpole,sparse,0.001,0.9,9,1.0
650,0.0,9,0.050000000000000044,0.007781428284943104,0.859579861164093,0.07343912869691849,0.3845878541469574,0.23487046360969543,0.0,0.0,9.8,dqn_icm,cartpole,sparse,0.001,0.9,9,1.0
651,0.0,10,0.050000000000000044,0.002971998183056712,0.8283798098564148,0.041372813284397125,0.3845878541469574,0.23487046360969543,,,,dqn_icm,cartpole,sparse,0.001,0.9,9,1.0
652,0.0,8,0.050000000000000044,0.008193504996597767,0.9351460337638855,0.06176327168941498,0.3845878541469574,0.23487046360969543,,,,dqn_icm,cartpole,sparse,0.001,0.9,9,1.0
653,0.0,9,0.050000000000000044,0.0221389327198267,0.8521583080291748,0.09359697997570038,0.3845878541469574,0.23487046360969543,,,,dqn_icm,cartpole,sparse,0.001,0.9,9,1.0
654,0.0,10,0.050000000000000044,0.013360226526856422,0.9117147326469421,0.06878678500652313,0.3232804238796234,0.19569829106330872,,,,dqn_icm,cartpole,sparse,0.001,0.9,9,1.0
655,0.0,10,0.050000000000000044,0.01483580470085144,0.9419618844985962,0.07916659116744995,0.3232804238796234,0.19569829106330872,,,,dqn_icm,cartpole,sparse,0.001,0.9,9,1.0
656,0.0,11,0.050000000000000044,0.00868368148803711,0.9024101495742798,0.05719690024852753,0.3232804238796234,0.19569829106330872,,,,dqn_icm,cartpole,sparse,0.001,0.9,9,1.0
657,0.0,10,0.050000000000000044,0.014611706137657166,0.9235812425613403,0.08247479051351547,0.3232804238796234,0.19569829106330872,,,,dqn_icm,cartpole,sparse,0.001,0.9,9,1.0
658,0.0,10,0.050000000000000044,0.013957440853118896,0.8674952387809753,0.07052478194236755,0.34368428587913513,0.22322562336921692,,,,dqn_icm,cartpole,sparse,0.001,0.9,9,1.0
659,0.0,11,0.050000000000000044,0.010401979088783264,0.8653744459152222,0.07382048666477203,0.34368428587913513,0.22322562336921692,,,,dqn_icm,cartpole,sparse,0.001,0.9,9,1.0
660,0.0,12,0.050000000000000044,0.018483392894268036,0.8210544586181641,0.08208900690078735,0.34368428587913513,0.22322562336921692,,,,dqn_icm,cartpole,sparse,0.001,0.9,9,1.0
661,0.0,9,0.050000000000000044,0.01372174359858036,0.9216207265853882,0.059238649904727936,0.34368428587913513,0.22322562336921692,,,,dqn_icm,cartpole,sparse,0.001,0.9,9,1.0
662,0.0,10,0.050000000000000044,0.010039697401225567,0.8291229009628296,0.06467337161302567,0.2835931181907654,0.20177605748176575,,,,dqn_icm,cartpole,sparse,0.001,0.9,9,1.0
663,0.0,10,0.050000000000000044,0.019029157236218452,0.7977732419967651,0.09027788043022156,0.2835931181907654,0.20177605748176575,,,,dqn_icm,cartpole,sparse,0.001,0.9,9,1.0
664,0.0,8,0.050000000000000044,0.017849361523985863,0.7811985611915588,0.0974503755569458,0.2835931181907654,0.20177605748176575,,,,dqn_icm,cartpole,sparse,0.001,0.9,9,1.0
665,0.0,9,0.050000000000000044,0.024699464440345764,0.8276112675666809,0.0959911048412323,0.2835931181907654,0.20177605748176575,,,,dqn_icm,cartpole,sparse,0.001,0.9,9,1.0
666,0.0,9,0.050000000000000044,0.012886813841760159,0.9881298542022705,0.0696183368563652,0.2986835241317749,0.18995127081871033,,,,dqn_icm,cartpole,sparse,0.001,0.9,9,1.0
667,0.0,10,0.050000000000000044,0.012929229065775871,1.0173420906066895,0.08225580304861069,0.2986835241317749,0.18995127081871033,,,,dqn_icm,cartpole,sparse,0.001,0.9,9,1.0
668,0.0,10,0.050000000000000044,0.01630225032567978,0.8999866843223572,0.08195798844099045,0.2986835241317749,0.18995127081871033,,,,dqn_icm,cartpole,sparse,0.001,0.9,9,1.0
669,0.0,10,0.050000000000000044,0.018898531794548035,0.8873230218887329,0.1031922847032547,0.2986835241317749,0.18995127081871033,,,,dqn_icm,cartpole,sparse,0.001,0.9,9,1.0
670,0.0,10,0.050000000000000044,0.006938846781849861,0.7957631349563599,0.057866908609867096,0.39956700801849365,0.1658497303724289,,,,dqn_icm,cartpole,sparse,0.001,0.9,9,1.0
671,0.0,9,0.050000000000000044,0.016664579510688782,0.84195476770401,0.0632043182849884,0.39956700801849365,0.1658497303724289,,,,dqn_icm,cartpole,sparse,0.001,0.9,9,1.0
672,0.0,10,0.050000000000000044,0.019382838159799576,0.8934029340744019,0.06197739392518997,0.39956700801849365,0.1658497303724289,,,,dqn_icm,cartpole,sparse,0.001,0.9,9,1.0
673,0.0,10,0.050000000000000044,0.011242864653468132,0.936470627784729,0.06571702659130096,0.39956700801849365,0.1658497303724289,,,,dqn_icm,cartpole,sparse,0.001,0.9,9,1.0
674,0.0,9,0.050000000000000044,0.013829660601913929,0.9851711988449097,0.07457557320594788,0.3651425838470459,0.1977401226758957,,,,dqn_icm,cartpole,sparse,0.001,0.9,9,1.0
675,0.0,8,0.050000000000000044,0.008567772805690765,1.009171724319458,0.06226043403148651,0.3651425838470459,0.1977401226758957,,,,dqn_icm,cartpole,sparse,0.001,0.9,9,1.0
676,0.0,9,0.050000000000000044,0.014124486595392227,0.9743584990501404,0.0747515931725502,0.3651425838470459,0.1977401226758957,,,,dqn_icm,cartpole,sparse,0.001,0.9,9,1.0
677,0.0,10,0.050000000000000044,0.011012513190507889,0.8301864862442017,0.0577382892370224,0.3651425838470459,0.1977401226758957,,,,dqn_icm,cartpole,sparse,0.001,0.9,9,1.0
678,0.0,11,0.050000000000000044,0.012476599775254726,0.9461402893066406,0.0692531168460846,0.3651425838470459,0.1977401226758957,,,,dqn_icm,cartpole,sparse,0.001,0.9,9,1.0
679,0.0,10,0.050000000000000044,0.014748342335224152,0.960300087928772,0.0711253359913826,0.3126017451286316,0.21957173943519592,,,,dqn_icm,cartpole,sparse,0.001,0.9,9,1.0
680,0.0,10,0.050000000000000044,0.003473181976005435,0.9261060953140259,0.05205441266298294,0.3126017451286316,0.21957173943519592,,,,dqn_icm,cartpole,sparse,0.001,0.9,9,1.0
681,0.0,9,0.050000000000000044,0.007910607382655144,0.8324558734893799,0.06979294866323471,0.3126017451286316,0.21957173943519592,,,,dqn_icm,cartpole,sparse,0.001,0.9,9,1.0
682,0.0,10,0.050000000000000044,0.006057592108845711,0.7661315202713013,0.054037582129240036,0.3126017451286316,0.21957173943519592,,,,dqn_icm,cartpole,sparse,0.001,0.9,9,1.0
683,0.0,10,0.050000000000000044,0.010741420090198517,0.825567901134491,0.05638023465871811,0.3286871612071991,0.17223456501960754,,,,dqn_icm,cartpole,sparse,0.001,0.9,9,1.0
684,0.0,11,0.050000000000000044,0.017026931047439575,0.9821103811264038,0.0752527266740799,0.3286871612071991,0.17223456501960754,,,,dqn_icm,cartpole,sparse,0.001,0.9,9,1.0
685,0.0,10,0.050000000000000044,0.011064102873206139,0.8665416240692139,0.07087906450033188,0.3286871612071991,0.17223456501960754,,,,dqn_icm,cartpole,sparse,0.001,0.9,9,1.0
686,0.0,11,0.050000000000000044,0.02173912711441517,0.8295375108718872,0.08007964491844177,0.37973931431770325,0.16214999556541443,,,,dqn_icm,cartpole,sparse,0.001,0.9,9,1.0
687,0.0,9,0.050000000000000044,0.023128913715481758,0.9620470404624939,0.08549927920103073,0.37973931431770325,0.16214999556541443,,,,dqn_icm,cartpole,sparse,0.001,0.9,9,1.0
688,0.0,9,0.050000000000000044,0.008273441344499588,0.8317757844924927,0.06324397027492523,0.37973931431770325,0.16214999556541443,,,,dqn_icm,cartpole,sparse,0.001,0.9,9,1.0
689,0.0,9,0.050000000000000044,0.010942824184894562,0.7944579124450684,0.06766695529222488,0.37973931431770325,0.16214999556541443,,,,dqn_icm,cartpole,sparse,0.001,0.9,9,1.0
690,0.0,9,0.050000000000000044,0.012460801750421524,0.8481559753417969,0.10039446502923965,0.37973931431770325,0.16214999556541443,,,,dqn_icm,cartpole,sparse,0.001,0.9,9,1.0
691,0.0,10,0.050000000000000044,0.01577494479715824,0.8249959349632263,0.1023595929145813,0.3925124704837799,0.14406609535217285,,,,dqn_icm,cartpole,sparse,0.001,0.9,9,1.0
692,0.0,10,0.050000000000000044,0.012241022661328316,0.7760132551193237,0.06956420838832855,0.3925124704837799,0.14406609535217285,,,,dqn_icm,cartpole,sparse,0.001,0.9,9,1.0
693,0.0,10,0.050000000000000044,0.010483790189027786,0.9432047605514526,0.07230173051357269,0.3925124704837799,0.14406609535217285,,,,dqn_icm,cartpole,sparse,0.001,0.9,9,1.0
694,0.0,10,0.050000000000000044,0.015222514048218727,0.8699231147766113,0.09624437242746353,0.3925124704837799,0.14406609535217285,,,,dqn_icm,cartpole,sparse,0.001,0.9,9,1.0
695,0.0,9,0.050000000000000044,0.018601369112730026,0.9539474248886108,0.08248665183782578,0.3845469653606415,0.17828035354614258,,,,dqn_icm,cartpole,sparse,0.001,0.9,9,1.0
696,0.0,10,0.050000000000000044,0.011489750817418098,0.9123682379722595,0.09177066385746002,0.3845469653606415,0.17828035354614258,,,,dqn_icm,cartpole,sparse,0.001,0.9,9,1.0
697,0.0,9,0.050000000000000044,0.01947312243282795,0.837724506855011,0.0924418568611145,0.3845469653606415,0.17828035354614258,,,,dqn_icm,cartpole,sparse,0.001,0.9,9,1.0
698,0.0,9,0.050000000000000044,0.008692258968949318,0.8552331924438477,0.05364987254142761,0.3845469653606415,0.17828035354614258,,,,dqn_icm,cartpole,sparse,0.001,0.9,9,1.0
699,0.0,9,0.050000000000000044,0.0193307064473629,0.8318080902099609,0.09582073986530304,0.33275720477104187,0.18111711740493774,,,,dqn_icm,cartpole,sparse,0.001,0.9,9,1.0
700,0.0,9,0.050000000000000044,0.013135701417922974,0.7895803451538086,0.06712845712900162,0.33275720477104187,0.18111711740493774,0.0,0.0,9.8,dqn_icm,cartpole,sparse,0.001,0.9,9,1.0
701,0.0,10,0.050000000000000044,0.011253098025918007,0.823599100112915,0.06369967013597488,0.33275720477104187,0.18111711740493774,,,,dqn_icm,cartpole,sparse,0.001,0.9,9,1.0
702,0.0,10,0.050000000000000044,0.006680194288492203,0.9217143654823303,0.06832121312618256,0.33275720477104187,0.18111711740493774,,,,dqn_icm,cartpole,sparse,0.001,0.9,9,1.0
703,0.0,9,0.050000000000000044,0.037535544484853745,0.9258825778961182,0.13700984418392181,0.3297816216945648,0.17458462715148926,,,,dqn_icm,cartpole,sparse,0.001,0.9,9,1.0
704,0.0,9,0.050000000000000044,0.015435155481100082,0.9783086180686951,0.07354076951742172,0.3297816216945648,0.17458462715148926,,,,dqn_icm,cartpole,sparse,0.001,0.9,9,1.0
705,0.0,8,0.050000000000000044,0.008009192533791065,0.8662468194961548,0.07651238143444061,0.3297816216945648,0.17458462715148926,,,,dqn_icm,cartpole,sparse,0.001,0.9,9,1.0
706,0.0,8,0.050000000000000044,0.0037685809656977654,0.8424673080444336,0.06020145118236542,0.3297816216945648,0.17458462715148926,,,,dqn_icm,cartpole,sparse,0.001,0.9,9,1.0
707,0.0,9,0.050000000000000044,0.017429184168577194,0.8513000011444092,0.09365023672580719,0.3297816216945648,0.17458462715148926,,,,dqn_icm,cartpole,sparse,0.001,0.9,9,1.0
708,0.0,11,0.050000000000000044,0.013916423544287682,0.804821252822876,0.08491957187652588,0.3012675940990448,0.13445806503295898,,,,dqn_icm,cartpole,sparse,0.001,0.9,9,1.0
709,0.0,10,0.050000000000000044,0.00703071802854538,0.7900696992874146,0.06338869035243988,0.3012675940990448,0.13445806503295898,,,,dqn_icm,cartpole,sparse,0.001,0.9,9,1.0
710,0.0,9,0.050000000000000044,0.015076667070388794,0.8801553845405579,0.09434722363948822,0.3012675940990448,0.13445806503295898,,,,dqn_icm,cartpole,sparse,0.001,0.9,9,1.0
711,0.0,10,0.050000000000000044,0.007286153268069029,0.8921300172805786,0.05332420766353607,0.3012675940990448,0.13445806503295898,,,,dqn_icm,cartpole,sparse,0.001,0.9,9,1.0
712,0.0,8,0.050000000000000044,0.011247722432017326,0.8572400808334351,0.08144468069076538,0.32314491271972656,0.17730477452278137,,,,dqn_icm,cartpole,sparse,0.001,0.9,9,1.0
713,0.0,9,0.050000000000000044,0.01216837577521801,0.8417812585830688,0.08058127760887146,0.32314491271972656,0.17730477452278137,,,,dqn_icm,cartpole,sparse,0.001,0.9,9,1.0
714,0.0,11,0.050000000000000044,0.006543104536831379,0.9650391936302185,0.06101502850651741,0.32314491271972656,0.17730477452278137,,,,dqn_icm,cartpole,sparse,0.001,0.9,9,1.0
715,0.0,8,0.050000000000000044,0.0024758586660027504,0.7550668716430664,0.03944499045610428,0.32314491271972656,0.17730477452278137,,,,dqn_icm,cartpole,sparse,0.001,0.9,9,1.0
716,0.0,9,0.050000000000000044,0.007673036772757769,0.9613686800003052,0.0593772754073143,0.32314491271972656,0.17730477452278137,,,,dqn_icm,cartpole,sparse,0.001,0.9,9,1.0
717,0.0,10,0.050000000000000044,0.012213156558573246,0.8888489603996277,0.06858167052268982,0.3180544376373291,0.18273282051086426,,,,dqn_icm,cartpole,sparse,0.001,0.9,9,1.0
718,0.0,10,0.050000000000000044,0.012600913643836975,1.0048956871032715,0.0756310224533081,0.3180544376373291,0.18273282051086426,,,,dqn_icm,cartpole,sparse,0.001,0.9,9,1.0
719,0.0,9,0.050000000000000044,0.017925871536135674,0.9148999452590942,0.10014836490154266,0.3180544376373291,0.18273282051086426,,,,dqn_icm,cartpole,sparse,0.001,0.9,9,1.0
720,0.0,9,0.050000000000000044,0.014803200028836727,0.8689402341842651,0.10199230909347534,0.3180544376373291,0.18273282051086426,,,,dqn_icm,cartpole,sparse,0.001,0.9,9,1.0
721,0.0,9,0.050000000000000044,0.014743316918611526,0.8339078426361084,0.08595604449510574,0.2918020486831665,0.14949020743370056,,,,dqn_icm,cartpole,sparse,0.001,0.9,9,1.0
722,0.0,9,0.050000000000000044,0.01101603638380766,0.9432139992713928,0.08310998976230621,0.2918020486831665,0.14949020743370056,,,,dqn_icm,cartpole,sparse,0.001,0.9,9,1.0
723,0.0,12,0.050000000000000044,0.01544836163520813,0.8668913841247559,0.0860474556684494,0.2918020486831665,0.14949020743370056,,,,dqn_icm,cartpole,sparse,0.001,0.9,9,1.0
724,0.0,11,0.050000000000000044,0.011091561056673527,0.8427777290344238,0.06890728324651718,0.2918020486831665,0.14949020743370056,,,,dqn_icm,cartpole,sparse,0.001,0.9,9,1.0
725,0.0,10,0.050000000000000044,0.01174156554043293,0.8011090159416199,0.0668993890285492,0.41899365186691284,0.17226111888885498,,,,dqn_icm,cartpole,sparse,0.001,0.9,9,1.0
726,0.0,8,0.050000000000000044,0.013174846768379211,0.8834801912307739,0.07040989398956299,0.41899365186691284,0.17226111888885498,,,,dqn_icm,cartpole,sparse,0.001,0.9,9,1.0
727,0.0,11,0.050000000000000044,0.002207599114626646,0.7695950865745544,0.03731827437877655,0.41899365186691284,0.17226111888885498,,,,dqn_icm,cartpole,sparse,0.001,0.9,9,1.0
728,0.0,9,0.050000000000000044,0.02047949656844139,0.9510740041732788,0.07554793357849121,0.41899365186691284,0.17226111888885498,,,,dqn_icm,cartpole,sparse,0.001,0.9,9,1.0
729,0.0,10,0.050000000000000044,0.01769644021987915,0.9628228545188904,0.17163875699043274,0.26199886202812195,0.17412179708480835,,,,dqn_icm,cartpole,sparse,0.001,0.9,9,1.0
730,0.0,10,0.050000000000000044,0.022681497037410736,0.8552426099777222,0.16296906769275665,0.26199886202812195,0.17412179708480835,,,,dqn_icm,cartpole,sparse,0.001,0.9,9,1.0
731,0.0,9,0.050000000000000044,0.0065176114439964294,0.8438960909843445,0.10669364035129547,0.26199886202812195,0.17412179708480835,,,,dqn_icm,cartpole,sparse,0.001,0.9,9,1.0
732,0.0,10,0.050000000000000044,0.0061068059876561165,1.0201263427734375,0.08597175031900406,0.26199886202812195,0.17412179708480835,,,,dqn_icm,cartpole,sparse,0.001,0.9,9,1.0
733,0.0,10,0.050000000000000044,0.00824027881026268,0.9187511801719666,0.07659032940864563,0.2886051535606384,0.1584693193435669,,,,dqn_icm,cartpole,sparse,0.001,0.9,9,1.0
734,0.0,9,0.050000000000000044,0.010354320518672466,0.9395382404327393,0.08998510986566544,0.2886051535606384,0.1584693193435669,,,,dqn_icm,cartpole,sparse,0.001,0.9,9,1.0
735,0.0,9,0.050000000000000044,0.00720972940325737,1.0239828824996948,0.08992759883403778,0.2886051535606384,0.1584693193435669,,,,dqn_icm,cartpole,sparse,0.001,0.9,9,1.0
736,0.0,9,0.050000000000000044,0.008813740685582161,1.0327064990997314,0.09900685399770737,0.2886051535606384,0.1584693193435669,,,,dqn_icm,cartpole,sparse,0.001,0.9,9,1.0
737,0.0,10,0.050000000000000044,0.005258748307824135,1.0086932182312012,0.08336308598518372,0.2694932222366333,0.15442728996276855,,,,dqn_icm,cartpole,sparse,0.001,0.9,9,1.0
738,0.0,9,0.050000000000000044,0.003143124980852008,0.9212979078292847,0.06511211395263672,0.2694932222366333,0.15442728996276855,,,,dqn_icm,cartpole,sparse,0.001,0.9,9,1.0
739,0.0,9,0.050000000000000044,0.0050545791164040565,0.985518217086792,0.05728902295231819,0.2694932222366333,0.15442728996276855,,,,dqn_icm,cartpole,sparse,0.001,0.9,9,1.0
740,0.0,8,0.050000000000000044,0.00445176474750042,0.8515127897262573,0.04719272255897522,0.2694932222366333,0.15442728996276855,,,,dqn_icm,cartpole,sparse,0.001,0.9,9,1.0
741,0.0,10,0.050000000000000044,0.006597829982638359,0.9144279956817627,0.0624643936753273,0.2694932222366333,0.15442728996276855,,,,dqn_icm,cartpole,sparse,0.001,0.9,9,1.0
742,0.0,10,0.050000000000000044,0.005050082225352526,1.0113390684127808,0.0584489107131958,0.3535364270210266,0.15451458096504211,,,,dqn_icm,cartpole,sparse,0.001,0.9,9,1.0
743,0.0,8,0.050000000000000044,0.005104460753500462,0.9100872278213501,0.05743607133626938,0.3535364270210266,0.15451458096504211,,,,dqn_icm,cartpole,sparse,0.001,0.9,9,1.0
744,0.0,9,0.050000000000000044,0.002953439950942993,1.0321590900421143,0.0438162162899971,0.3535364270210266,0.15451458096504211,,,,dqn_icm,cartpole,sparse,0.001,0.9,9,1.0
745,0.0,9,0.050000000000000044,0.0031547797843813896,0.9225364923477173,0.04883169010281563,0.3535364270210266,0.15451458096504211,,,,dqn_icm,cartpole,sparse,0.001,0.9,9,1.0
746,0.0,9,0.050000000000000044,0.0020588994957506657,1.048478364944458,0.04247966781258583,0.2882484197616577,0.16307437419891357,,,,dqn_icm,cartpole,sparse,0.001,0.9,9,1.0
747,0.0,10,0.050000000000000044,0.0036300811916589737,0.9405566453933716,0.05040872097015381,0.2882484197616577,0.16307437419891357,,,,dqn_icm,cartpole,sparse,0.001,0.9,9,1.0
748,0.0,10,0.050000000000000044,0.0014188088243827224,1.0991408824920654,0.03257403150200844,0.2882484197616577,0.16307437419891357,,,,dqn_icm,cartpole,sparse,0.001,0.9,9,1.0
749,0.0,12,0.050000000000000044,0.0034609949216246605,1.0147026777267456,0.05102361738681793,0.2882484197616577,0.16307437419891357,,,,dqn_icm,cartpole,sparse,0.001,0.9,9,1.0
750,0.0,10,0.050000000000000044,0.0015922954771667719,0.8771328926086426,0.03274941444396973,0.2966998815536499,0.1622704565525055,0.0,0.0,9.8,dqn_icm,cartpole,sparse,0.001,0.9,9,1.0
751,0.0,8,0.050000000000000044,0.004639527760446072,1.0410302877426147,0.05059390887618065,0.2966998815536499,0.1622704565525055,,,,dqn_icm,cartpole,sparse,0.001,0.9,9,1.0
752,0.0,10,0.050000000000000044,0.003108740085735917,0.8887256383895874,0.03856657072901726,0.2966998815536499,0.1622704565525055,,,,dqn_icm,cartpole,sparse,0.001,0.9,9,1.0
753,0.0,11,0.050000000000000044,0.0069718193262815475,1.00572669506073,0.06034385412931442,0.2966998815536499,0.1622704565525055,,,,dqn_icm,cartpole,sparse,0.001,0.9,9,1.0
754,0.0,10,0.050000000000000044,0.0052607012912631035,1.0143847465515137,0.044670067727565765,0.28468993306159973,0.16968564689159393,,,,dqn_icm,cartpole,sparse,0.001,0.9,9,1.0
755,0.0,10,0.050000000000000044,0.0025992919690907,0.8211897015571594,0.030302630737423897,0.28468993306159973,0.16968564689159393,,,,dqn_icm,cartpole,sparse,0.001,0.9,9,1.0
756,0.0,9,0.050000000000000044,0.002887452021241188,0.9134669303894043,0.03687324374914169,0.28468993306159973,0.16968564689159393,,,,dqn_icm,cartpole,sparse,0.001,0.9,9,1.0
757,0.0,9,0.050000000000000044,0.0020198901183903217,0.9590329527854919,0.03451287001371384,0.28468993306159973,0.16968564689159393,,,,dqn_icm,cartpole,sparse,0.001,0.9,9,1.0
758,0.0,8,0.050000000000000044,0.004871688317507505,1.0547161102294922,0.052785709500312805,0.2321992963552475,0.1917194426059723,,,,dqn_icm,cartpole,sparse,0.001,0.9,9,1.0
759,0.0,9,0.050000000000000044,0.0015541703905910254,0.9182434678077698,0.031055361032485962,0.2321992963552475,0.1917194426059723,,,,dqn_icm,cartpole,sparse,0.001,0.9,9,1.0
760,0.0,9,0.050000000000000044,0.006245731841772795,0.9712176322937012,0.05374594032764435,0.2321992963552475,0.1917194426059723,,,,dqn_icm,cartpole,sparse,0.001,0.9,9,1.0
761,0.0,8,0.050000000000000044,0.004898245446383953,0.9668406248092651,0.058357901871204376,0.2321992963552475,0.1917194426059723,,,,dqn_icm,cartpole,sparse,0.001,0.9,9,1.0
762,0.0,9,0.050000000000000044,0.002462227363139391,0.9163018465042114,0.04056023061275482,0.2321992963552475,0.1917194426059723,,,,dqn_icm,cartpole,sparse,0.001,0.9,9,1.0
763,0.0,9,0.050000000000000044,0.003292480017989874,0.9681049585342407,0.0425618514418602,0.3231026232242584,0.12122483551502228,,,,dqn_icm,cartpole,sparse,0.001,0.9,9,1.0
764,0.0,9,0.050000000000000044,0.004937628284096718,1.0198208093643188,0.04752970486879349,0.3231026232242584,0.12122483551502228,,,,dqn_icm,cartpole,sparse,0.001,0.9,9,1.0
765,0.0,10,0.050000000000000044,0.00246488768607378,0.9476304054260254,0.03529911860823631,0.3231026232242584,0.12122483551502228,,,,dqn_icm,cartpole,sparse,0.001,0.9,9,1.0
766,0.0,11,0.050000000000000044,0.0022758864797651768,0.9667844772338867,0.03636352717876434,0.3231026232242584,0.12122483551502228,,,,dqn_icm,cartpole,sparse,0.001,0.9,9,1.0
767,0.0,10,0.050000000000000044,0.0048210397362709045,0.8888822793960571,0.049680791795253754,0.39089226722717285,0.13329020142555237,,,,dqn_icm,cartpole,sparse,0.001,0.9,9,1.0
768,0.0,8,0.050000000000000044,0.0016055197920650244,0.8961936831474304,0.02847764827311039,0.39089226722717285,0.13329020142555237,,,,dqn_icm,cartpole,sparse,0.001,0.9,9,1.0
769,0.0,9,0.050000000000000044,0.004912332631647587,1.0490305423736572,0.04956686869263649,0.39089226722717285,0.13329020142555237,,,,dqn_icm,cartpole,sparse,0.001,0.9,9,1.0
770,0.0,11,0.050000000000000044,0.004927169531583786,0.9545549154281616,0.04412786662578583,0.39089226722717285,0.13329020142555237,,,,dqn_icm,cartpole,sparse,0.001,0.9,9,1.0
771,0.0,8,0.050000000000000044,0.0033036137465387583,0.9276911020278931,0.04015149548649788,0.3848505914211273,0.13201498985290527,,,,dqn_icm,cartpole,sparse,0.001,0.9,9,1.0
772,0.0,8,0.050000000000000044,0.0033927105832844973,0.8983275890350342,0.03577979654073715,0.3848505914211273,0.13201498985290527,,,,dqn_icm,cartpole,sparse,0.001,0.9,9,1.0
773,0.0,10,0.050000000000000044,0.0019147975835949183,0.9693496823310852,0.03146997094154358,0.3848505914211273,0.13201498985290527,,,,dqn_icm,cartpole,sparse,0.001,0.9,9,1.0
774,0.0,9,0.050000000000000044,0.001383751630783081,1.0364768505096436,0.03553520888090134,0.3848505914211273,0.13201498985290527,,,,dqn_icm,cartpole,sparse,0.001,0.9,9,1.0
775,0.0,11,0.050000000000000044,0.003973979968577623,0.9843688607215881,0.043497659265995026,0.3848505914211273,0.13201498985290527,,,,dqn_icm,cartpole,sparse,0.001,0.9,9,1.0
776,0.0,9,0.050000000000000044,0.0018553078407421708,0.9274646043777466,0.03994722291827202,0.3242940306663513,0.11790035665035248,,,,dqn_icm,cartpole,sparse,0.001,0.9,9,1.0
777,0.0,12,0.050000000000000044,0.0036887063179165125,1.0662686824798584,0.04091400280594826,0.3242940306663513,0.11790035665035248,,,,dqn_icm,cartpole,sparse,0.001,0.9,9,1.0
778,0.0,10,0.050000000000000044,0.002794805681332946,0.884528398513794,0.037353720515966415,0.3242940306663513,0.11790035665035248,,,,dqn_icm,cartpole,sparse,0.001,0.9,9,1.0
779,0.0,10,0.050000000000000044,0.001805678242817521,0.9925289154052734,0.03224959224462509,0.3242940306663513,0.11790035665035248,,,,dqn_icm,cartpole,sparse,0.001,0.9,9,1.0
780,0.0,10,0.050000000000000044,0.0042601339519023895,0.9194240570068359,0.04395528882741928,0.3313630223274231,0.13054144382476807,,,,dqn_icm,cartpole,sparse,0.001,0.9,9,1.0
781,0.0,9,0.050000000000000044,0.004784719552844763,0.9268763661384583,0.04735057055950165,0.3313630223274231,0.13054144382476807,,,,dqn_icm,cartpole,sparse,0.001,0.9,9,1.0
782,0.0,8,0.050000000000000044,0.0017921458929777145,0.9827702045440674,0.03343777731060982,0.3313630223274231,0.13054144382476807,,,,dqn_icm,cartpole,sparse,0.001,0.9,9,1.0
783,0.0,9,0.050000000000000044,0.0011460344539955258,1.0553784370422363,0.030819900333881378,0.3313630223274231,0.13054144382476807,,,,dqn_icm,cartpole,sparse,0.001,0.9,9,1.0
784,0.0,10,0.050000000000000044,0.0021707830019295216,0.8627289533615112,0.036928921937942505,0.3403732478618622,0.1262110471725464,,,,dqn_icm,cartpole,sparse,0.001,0.9,9,1.0
785,0.0,10,0.050000000000000044,0.0031769219785928726,0.9278360605239868,0.03671732544898987,0.3403732478618622,0.1262110471725464,,,,dqn_icm,cartpole,sparse,0.001,0.9,9,1.0
786,0.0,10,0.050000000000000044,0.0037289229221642017,0.8826189041137695,0.04443540424108505,0.3403732478618622,0.1262110471725464,,,,dqn_icm,cartpole,sparse,0.001,0.9,9,1.0
787,0.0,9,0.050000000000000044,0.0042328545823693275,0.9346817135810852,0.042154889553785324,0.3403732478618622,0.1262110471725464,,,,dqn_icm,cartpole,sparse,0.001,0.9,9,1.0
788,0.0,8,0.050000000000000044,0.0022128471173346043,0.9183990955352783,0.032820992171764374,0.3462306261062622,0.12264817953109741,,,,dqn_icm,cartpole,sparse,0.001,0.9,9,1.0
789,0.0,8,0.050000000000000044,0.003789159469306469,0.9964466094970703,0.05025630071759224,0.3462306261062622,0.12264817953109741,,,,dqn_icm,cartpole,sparse,0.001,0.9,9,1.0
790,0.0,9,0.050000000000000044,0.003747383365407586,0.8936117887496948,0.03485780209302902,0.3462306261062622,0.12264817953109741,,,,dqn_icm,cartpole,sparse,0.001,0.9,9,1.0
791,0.0,10,0.050000000000000044,0.004538220819085836,0.9029234051704407,0.045405108481645584,0.3462306261062622,0.12264817953109741,,,,dqn_icm,cartpole,sparse,0.001,0.9,9,1.0
792,0.0,8,0.050000000000000044,0.0033179307356476784,0.9901164770126343,0.05133954808115959,0.3462306261062622,0.12264817953109741,,,,dqn_icm,cartpole,sparse,0.001,0.9,9,1.0
793,0.0,9,0.050000000000000044,0.0006893915706314147,0.9770606756210327,0.026726286858320236,0.36976492404937744,0.1141858845949173,,,,dqn_icm,cartpole,sparse,0.001,0.9,9,1.0
794,0.0,8,0.050000000000000044,0.0018652809085324407,1.069138765335083,0.038922280073165894,0.36976492404937744,0.1141858845949173,,,,dqn_icm,cartpole,sparse,0.001,0.9,9,1.0
795,0.0,10,0.050000000000000044,0.002590649062767625,0.9973599910736084,0.037224333733320236,0.36976492404937744,0.1141858845949173,,,,dqn_icm,cartpole,sparse,0.001,0.9,9,1.0
796,0.0,11,0.050000000000000044,0.001619997201487422,1.0059417486190796,0.031684909015893936,0.36976492404937744,0.1141858845949173,,,,dqn_icm,cartpole,sparse,0.001,0.9,9,1.0
797,0.0,9,0.050000000000000044,0.002590767340734601,0.8864824771881104,0.03783309832215309,0.3256712853908539,0.11059984564781189,,,,dqn_icm,cartpole,sparse,0.001,0.9,9,1.0
798,0.0,9,0.050000000000000044,0.004250760190188885,0.9280118942260742,0.04169493168592453,0.3256712853908539,0.11059984564781189,,,,dqn_icm,cartpole,sparse,0.001,0.9,9,1.0
799,0.0,10,0.050000000000000044,0.003747728653252125,0.8828186988830566,0.03467266261577606,0.3256712853908539,0.11059984564781189,,,,dqn_icm,cartpole,sparse,0.001,0.9,9,1.0
800,0.0,9,0.050000000000000044,0.0018847868777811527,0.936637282371521,0.03594779968261719,0.3256712853908539,0.11059984564781189,0.0,0.0,9.8,dqn_icm,cartpole,sparse,0.001,0.9,9,1.0
801,0.0,10,0.050000000000000044,0.00399769376963377,0.9614812135696411,0.039215750992298126,0.30370885133743286,0.11014410853385925,,,,dqn_icm,cartpole,sparse,0.001,0.9,9,1.0
802,0.0,10,0.050000000000000044,0.0014433510368689895,1.02875554561615,0.029175907373428345,0.30370885133743286,0.11014410853385925,,,,dqn_icm,cartpole,sparse,0.001,0.9,9,1.0
803,0.0,10,0.050000000000000044,0.0032193122897297144,0.952031135559082,0.043358318507671356,0.30370885133743286,0.11014410853385925,,,,dqn_icm,cartpole,sparse,0.001,0.9,9,1.0
804,0.0,9,0.050000000000000044,0.005886530037969351,0.8891969323158264,0.04628448560833931,0.30370885133743286,0.11014410853385925,,,,dqn_icm,cartpole,sparse,0.001,0.9,9,1.0
805,0.0,10,0.050000000000000044,0.004074468277394772,0.9343453645706177,0.05016467347741127,0.35041919350624084,0.09796566516160965,,,,dqn_icm,cartpole,sparse,0.001,0.9,9,1.0
806,0.0,9,0.050000000000000044,0.00498906010761857,0.9168766140937805,0.050583239644765854,0.35041919350624084,0.09796566516160965,,,,dqn_icm,cartpole,sparse,0.001,0.9,9,1.0
807,0.0,10,0.050000000000000044,0.003442121669650078,1.0723953247070312,0.0363331064581871,0.35041919350624084,0.09796566516160965,,,,dqn_icm,cartpole,sparse,0.001,0.9,9,1.0
808,0.0,8,0.050000000000000044,0.006850018631666899,0.9355003833770752,0.05103825032711029,0.35041919350624084,0.09796566516160965,,,,dqn_icm,cartpole,sparse,0.001,0.9,9,1.0
809,0.0,12,0.050000000000000044,0.001629919046536088,0.9607529044151306,0.03442586585879326,0.3164253234863281,0.11155146360397339,,,,dqn_icm,cartpole,sparse,0.001,0.9,9,1.0
810,0.0,8,0.050000000000000044,0.001996447332203388,0.9028573036193848,0.03149823844432831,0.3164253234863281,0.11155146360397339,,,,dqn_icm,cartpole,sparse,0.001,0.9,9,1.0
811,0.0,9,0.050000000000000044,0.0008990014903247356,1.0518559217453003,0.023987919092178345,0.3164253234863281,0.11155146360397339,,,,dqn_icm,cartpole,sparse,0.001,0.9,9,1.0
812,0.0,9,0.050000000000000044,0.0009585792431607842,1.0349957942962646,0.026354100555181503,0.3164253234863281,0.11155146360397339,,,,dqn_icm,cartpole,sparse,0.001,0.9,9,1.0
813,0.0,10,0.050000000000000044,0.005851457826793194,0.9540014266967773,0.046877823770046234,0.3164253234863281,0.11155146360397339,,,,dqn_icm,cartpole,sparse,0.001,0.9,9,1.0
814,0.0,10,0.050000000000000044,0.005441599525511265,0.8086056709289551,0.04811893403530121,0.38084524869918823,0.09099267423152924,,,,dqn_icm,cartpole,sparse,0.001,0.9,9,1.0
815,0.0,9,0.050000000000000044,0.0033433984499424696,0.9518435001373291,0.040210314095020294,0.38084524869918823,0.09099267423152924,,,,dqn_icm,cartpole,sparse,0.001,0.9,9,1.0
816,0.0,8,0.050000000000000044,0.0028407082427293062,0.965361475944519,0.032989758998155594,0.38084524869918823,0.09099267423152924,,,,dqn_icm,cartpole,sparse,0.001,0.9,9,1.0
817,0.0,9,0.050000000000000044,0.0006427090847864747,0.9744161367416382,0.02065185271203518,0.38084524869918823,0.09099267423152924,,,,dqn_icm,cartpole,sparse,0.001,0.9,9,1.0
818,0.0,10,0.050000000000000044,0.004303136374801397,0.959658682346344,0.038350339978933334,0.3515981137752533,0.11315359175205231,,,,dqn_icm,cartpole,sparse,0.001,0.9,9,1.0
819,0.0,9,0.050000000000000044,0.011071868240833282,0.9381899237632751,0.0749225914478302,0.3515981137752533,0.11315359175205231,,,,dqn_icm,cartpole,sparse,0.001,0.9,9,1.0
820,0.0,10,0.050000000000000044,0.002644621767103672,0.9372156858444214,0.030959654599428177,0.3515981137752533,0.11315359175205231,,,,dqn_icm,cartpole,sparse,0.001,0.9,9,1.0
821,0.0,8,0.050000000000000044,0.004244931507855654,0.8494596481323242,0.04604984074831009,0.3515981137752533,0.11315359175205231,,,,dqn_icm,cartpole,sparse,0.001,0.9,9,1.0
822,0.0,9,0.050000000000000044,0.0073034088127315044,1.0514335632324219,0.060932084918022156,0.3515981137752533,0.11315359175205231,,,,dqn_icm,cartpole,sparse,0.001,0.9,9,1.0
823,0.0,8,0.050000000000000044,0.003936296328902245,0.9540524482727051,0.04061158746480942,0.31023675203323364,0.10161541402339935,,,,dqn_icm,cartpole,sparse,0.001,0.9,9,1.0
824,0.0,8,0.050000000000000044,0.005836913827806711,1.0178827047348022,0.052424512803554535,0.31023675203323364,0.10161541402339935,,,,dqn_icm,cartpole,sparse,0.001,0.9,9,1.0
825,0.0,9,0.050000000000000044,0.0025770540814846754,1.0445575714111328,0.03519073873758316,0.31023675203323364,0.10161541402339935,,,,dqn_icm,cartpole,sparse,0.001,0.9,9,1.0
826,0.0,13,0.050000000000000044,0.003304417710751295,0.9156826734542847,0.044213928282260895,0.31023675203323364,0.10161541402339935,,,,dqn_icm,cartpole,sparse,0.001,0.9,9,1.0
827,0.0,10,0.050000000000000044,0.003956540487706661,0.9976034164428711,0.04377284646034241,0.2810680568218231,0.11769308149814606,,,,dqn_icm,cartpole,sparse,0.001,0.9,9,1.0
828,0.0,9,0.050000000000000044,0.0015678034396842122,0.8832197189331055,0.0291593074798584,0.2810680568218231,0.11769308149814606,,,,dqn_icm,cartpole,sparse,0.001,0.9,9,1.0
829,0.0,10,0.050000000000000044,0.008897236548364162,0.9846376180648804,0.059864409267902374,0.2810680568218231,0.11769308149814606,,,,dqn_icm,cartpole,sparse,0.001,0.9,9,1.0
830,0.0,9,0.050000000000000044,0.0012653572484850883,0.828899621963501,0.030195055529475212,0.2810680568218231,0.11769308149814606,,,,dqn_icm,cartpole,sparse,0.001,0.9,9,1.0
831,0.0,10,0.050000000000000044,0.0014993214281275868,1.0253983736038208,0.027666987851262093,0.280356764793396,0.08984628319740295,,,,dqn_icm,cartpole,sparse,0.001,0.9,9,1.0
832,0.0,8,0.050000000000000044,0.00270336726680398,0.9143085479736328,0.03417728468775749,0.280356764793396,0.08984628319740295,,,,dqn_icm,cartpole,sparse,0.001,0.9,9,1.0
833,0.0,10,0.050000000000000044,0.0023310063406825066,0.9361028671264648,0.034141577780246735,0.280356764793396,0.08984628319740295,,,,dqn_icm,cartpole,sparse,0.001,0.9,9,1.0
834,0.0,9,0.050000000000000044,0.0007225127192214131,1.0373079776763916,0.02125420793890953,0.280356764793396,0.08984628319740295,,,,dqn_icm,cartpole,sparse,0.001,0.9,9,1.0
835,0.0,10,0.050000000000000044,0.007579233963042498,0.9275206327438354,0.05288861691951752,0.35870128870010376,0.09894752502441406,,,,dqn_icm,cartpole,sparse,0.001,0.9,9,1.0
836,0.0,9,0.050000000000000044,0.0022584772668778896,0.997430682182312,0.0336950458586216,0.35870128870010376,0.09894752502441406,,,,dqn_icm,cartpole,sparse,0.001,0.9,9,1.0
837,0.0,12,0.050000000000000044,0.001484517240896821,0.9044705629348755,0.026214497163891792,0.35870128870010376,0.09894752502441406,,,,dqn_icm,cartpole,sparse,0.001,0.9,9,1.0
838,0.0,10,0.050000000000000044,0.0021000311244279146,0.8767330646514893,0.029285207390785217,0.35870128870010376,0.09894752502441406,,,,dqn_icm,cartpole,sparse,0.001,0.9,9,1.0
839,0.0,10,0.050000000000000044,0.0041826581582427025,0.9779050946235657,0.04650924354791641,0.2902165949344635,0.10603435337543488,,,,dqn_icm,cartpole,sparse,0.001,0.9,9,1.0
840,0.0,8,0.050000000000000044,0.007085202727466822,0.8786269426345825,0.05142054334282875,0.2902165949344635,0.10603435337543488,,,,dqn_icm,cartpole,sparse,0.001,0.9,9,1.0
841,0.0,10,0.050000000000000044,0.00122573203407228,0.9773445129394531,0.029383717104792595,0.2902165949344635,0.10603435337543488,,,,dqn_icm,cartpole,sparse,0.001,0.9,9,1.0
842,0.0,9,0.050000000000000044,0.003347324440255761,1.1431671380996704,0.03385529667139053,0.2902165949344635,0.10603435337543488,,,,dqn_icm,cartpole,sparse,0.001,0.9,9,1.0
843,0.0,9,0.050000000000000044,0.0017420564545318484,0.941180944442749,0.028172895312309265,0.2902165949344635,0.10603435337543488,,,,dqn_icm,cartpole,sparse,0.001,0.9,9,1.0
844,0.0,10,0.050000000000000044,0.0011716419830918312,1.0160531997680664,0.029460342600941658,0.31633827090263367,0.10652653127908707,,,,dqn_icm,cartpole,sparse,0.001,0.9,9,1.0
845,0.0,9,0.050000000000000044,0.008650010451674461,0.9825077056884766,0.06307816505432129,0.31633827090263367,0.10652653127908707,,,,dqn_icm,cartpole,sparse,0.001,0.9,9,1.0
846,0.0,8,0.050000000000000044,0.005417351610958576,0.9010307192802429,0.04383346065878868,0.31633827090263367,0.10652653127908707,,,,dqn_icm,cartpole,sparse,0.001,0.9,9,1.0
847,0.0,9,0.050000000000000044,0.004134584218263626,0.9443982839584351,0.054618462920188904,0.31633827090263367,0.10652653127908707,,,,dqn_icm,cartpole,sparse,0.001,0.9,9,1.0
848,0.0,8,0.050000000000000044,0.003966041374951601,0.9144058227539062,0.051883719861507416,0.3210851550102234,0.10943581908941269,,,,dqn_icm,cartpole,sparse,0.001,0.9,9,1.0
849,0.0,10,0.050000000000000044,0.002148922998458147,0.9062376022338867,0.03252338245511055,0.3210851550102234,0.10943581908941269,,,,dqn_icm,cartpole,sparse,0.001,0.9,9,1.0
850,0.0,10,0.050000000000000044,0.0038952252361923456,0.9771808385848999,0.04659467190504074,0.3210851550102234,0.10943581908941269,0.0,0.0,9.8,dqn_icm,cartpole,sparse,0.001,0.9,9,1.0
851,0.0,11,0.050000000000000044,0.007288958877325058,1.0259664058685303,0.05791197717189789,0.3210851550102234,0.10943581908941269,,,,dqn_icm,cartpole,sparse,0.001,0.9,9,1.0
852,0.0,10,0.050000000000000044,0.005164824426174164,0.8908824920654297,0.051487281918525696,0.3310890197753906,0.10157941281795502,,,,dqn_icm,cartpole,sparse,0.001,0.9,9,1.0
853,0.0,10,0.050000000000000044,0.005517006851732731,0.9489297270774841,0.0603005476295948,0.3310890197753906,0.10157941281795502,,,,dqn_icm,cartpole,sparse,0.001,0.9,9,1.0
854,0.0,10,0.050000000000000044,0.0016460390761494637,0.9441177248954773,0.037273138761520386,0.3310890197753906,0.10157941281795502,,,,dqn_icm,cartpole,sparse,0.001,0.9,9,1.0
855,0.0,10,0.050000000000000044,0.004305235575884581,0.9645912647247314,0.045866481959819794,0.3310890197753906,0.10157941281795502,,,,dqn_icm,cartpole,sparse,0.001,0.9,9,1.0
856,0.0,10,0.050000000000000044,0.005234362557530403,1.0666019916534424,0.04924565553665161,0.20487704873085022,0.09809441864490509,,,,dqn_icm,cartpole,sparse,0.001,0.9,9,1.0
857,0.0,10,0.050000000000000044,0.002378792967647314,1.009444236755371,0.04053625464439392,0.20487704873085022,0.09809441864490509,,,,dqn_icm,cartpole,sparse,0.001,0.9,9,1.0
858,0.0,10,0.050000000000000044,0.003217398189008236,0.912594199180603,0.042527347803115845,0.20487704873085022,0.09809441864490509,,,,dqn_icm,cartpole,sparse,0.001,0.9,9,1.0
859,0.0,10,0.050000000000000044,0.00527636893093586,0.905123233795166,0.051267579197883606,0.20487704873085022,0.09809441864490509,,,,dqn_icm,cartpole,sparse,0.001,0.9,9,1.0
860,0.0,10,0.050000000000000044,0.002878307830542326,0.9198198318481445,0.036456286907196045,0.3271564841270447,0.08214346319437027,,,,dqn_icm,cartpole,sparse,0.001,0.9,9,1.0
861,0.0,10,0.050000000000000044,0.002017744816839695,0.9830640554428101,0.03477048873901367,0.3271564841270447,0.08214346319437027,,,,dqn_icm,cartpole,sparse,0.001,0.9,9,1.0
862,0.0,10,0.050000000000000044,0.00424373522400856,0.8662948608398438,0.043321363627910614,0.3271564841270447,0.08214346319437027,,,,dqn_icm,cartpole,sparse,0.001,0.9,9,1.0
863,0.0,9,0.050000000000000044,0.0030444504227489233,0.9356393814086914,0.032846707850694656,0.3271564841270447,0.08214346319437027,,,,dqn_icm,cartpole,sparse,0.001,0.9,9,1.0
864,0.0,10,0.050000000000000044,0.0022748298943042755,0.8577784299850464,0.03489711880683899,0.3064785599708557,0.08757773041725159,,,,dqn_icm,cartpole,sparse,0.001,0.9,9,1.0
865,0.0,9,0.050000000000000044,0.0016834363341331482,0.9068539142608643,0.02880863845348358,0.3064785599708557,0.08757773041725159,,,,dqn_icm,cartpole,sparse,0.001,0.9,9,1.0
866,0.0,10,0.050000000000000044,0.0019772991072386503,0.9763074517250061,0.028110265731811523,0.3064785599708557,0.08757773041725159,,,,dqn_icm,cartpole,sparse,0.001,0.9,9,1.0
867,0.0,10,0.050000000000000044,0.00044703605817630887,1.0168569087982178,0.020291496068239212,0.3064785599708557,0.08757773041725159,,,,dqn_icm,cartpole,sparse,0.001,0.9,9,1.0
868,0.0,10,0.050000000000000044,0.002995168324559927,0.905791163444519,0.03398994356393814,0.3283752501010895,0.09834036976099014,,,,dqn_icm,cartpole,sparse,0.001,0.9,9,1.0
869,0.0,9,0.050000000000000044,0.006252145394682884,1.0268845558166504,0.05304647237062454,0.3283752501010895,0.09834036976099014,,,,dqn_icm,cartpole,sparse,0.001,0.9,9,1.0
870,0.0,10,0.050000000000000044,0.011146045289933681,0.984089195728302,0.07544944435358047,0.3283752501010895,0.09834036976099014,,,,dqn_icm,cartpole,sparse,0.001,0.9,9,1.0
871,0.0,10,0.050000000000000044,0.001552480855025351,1.00118088722229,0.03391893953084946,0.3283752501010895,0.09834036976099014,,,,dqn_icm,cartpole,sparse,0.001,0.9,9,1.0
872,0.0,10,0.050000000000000044,0.001012681983411312,0.903799295425415,0.019870441406965256,0.3092772364616394,0.07213518768548965,,,,dqn_icm,cartpole,sparse,0.001,0.9,9,1.0
873,0.0,10,0.050000000000000044,0.0020167275797575712,0.9392771124839783,0.02850821241736412,0.3092772364616394,0.07213518768548965,,,,dqn_icm,cartpole,sparse,0.001,0.9,9,1.0
874,0.0,11,0.050000000000000044,0.00395190017297864,0.9025177955627441,0.043552204966545105,0.3092772364616394,0.07213518768548965,,,,dqn_icm,cartpole,sparse,0.001,0.9,9,1.0
875,0.0,10,0.050000000000000044,0.001273962203413248,0.8848705291748047,0.03102967143058777,0.3092772364616394,0.07213518768548965,,,,dqn_icm,cartpole,sparse,0.001,0.9,9,1.0
876,0.0,9,0.050000000000000044,0.00185634836088866,0.9085700511932373,0.036584265530109406,0.48684796690940857,0.08609387278556824,,,,dqn_icm,cartpole,sparse,0.001,0.9,9,1.0
877,0.0,9,0.050000000000000044,0.0028488831594586372,1.043938159942627,0.04254458099603653,0.48684796690940857,0.08609387278556824,,,,dqn_icm,cartpole,sparse,0.001,0.9,9,1.0
878,0.0,11,0.050000000000000044,0.004117688164114952,1.0428011417388916,0.04618580639362335,0.48684796690940857,0.08609387278556824,,,,dqn_icm,cartpole,sparse,0.001,0.9,9,1.0
879,0.0,10,0.050000000000000044,0.0019585241097956896,0.9826048016548157,0.03167804330587387,0.48684796690940857,0.08609387278556824,,,,dqn_icm,cartpole,sparse,0.001,0.9,9,1.0
880,0.0,9,0.050000000000000044,0.0011594934621825814,1.0123662948608398,0.028998365625739098,0.48684796690940857,0.08609387278556824,,,,dqn_icm,cartpole,sparse,0.001,0.9,9,1.0
881,0.0,11,0.050000000000000044,0.0072151608765125275,0.9837148189544678,0.05277207866311073,0.26351070404052734,0.07208757847547531,,,,dqn_icm,cartpole,sparse,0.001,0.9,9,1.0
882,0.0,9,0.050000000000000044,0.0011194244725629687,0.93977952003479,0.026758991181850433,0.26351070404052734,0.07208757847547531,,,,dqn_icm,cartpole,sparse,0.001,0.9,9,1.0
883,0.0,8,0.050000000000000044,0.0007623919518664479,1.0252916812896729,0.02187672071158886,0.26351070404052734,0.07208757847547531,,,,dqn_icm,cartpole,sparse,0.001,0.9,9,1.0
884,0.0,10,0.050000000000000044,0.003085849806666374,0.9845008850097656,0.03661639988422394,0.26351070404052734,0.07208757847547531,,,,dqn_icm,cartpole,sparse,0.001,0.9,9,1.0
885,0.0,9,0.050000000000000044,0.004468853585422039,0.8769975304603577,0.03524690121412277,0.22595849633216858,0.08107985556125641,,,,dqn_icm,cartpole,sparse,0.001,0.9,9,1.0
886,0.0,9,0.050000000000000044,0.0014106233138591051,0.8894336223602295,0.027804866433143616,0.22595849633216858,0.08107985556125641,,,,dqn_icm,cartpole,sparse,0.001,0.9,9,1.0
887,0.0,10,0.050000000000000044,0.0039337570779025555,0.868951678276062,0.047258831560611725,0.22595849633216858,0.08107985556125641,,,,dqn_icm,cartpole,sparse,0.001,0.9,9,1.0
888,0.0,9,0.050000000000000044,0.00391203910112381,0.9637367725372314,0.046535003930330276,0.22595849633216858,0.08107985556125641,,,,dqn_icm,cartpole,sparse,0.001,0.9,9,1.0
889,0.0,8,0.050000000000000044,0.0030389868188649416,0.9534695744514465,0.03679288178682327,0.29469814896583557,0.08310610055923462,,,,dqn_icm,cartpole,sparse,0.001,0.9,9,1.0
890,0.0,9,0.050000000000000044,0.002119980053976178,0.922489583492279,0.038766950368881226,0.29469814896583557,0.08310610055923462,,,,dqn_icm,cartpole,sparse,0.001,0.9,9,1.0
891,0.0,9,0.050000000000000044,0.001324505778029561,0.9789937734603882,0.03289509192109108,0.29469814896583557,0.08310610055923462,,,,dqn_icm,cartpole,sparse,0.001,0.9,9,1.0
892,0.0,10,0.050000000000000044,0.001037821639329195,0.9496185779571533,0.023329053074121475,0.29469814896583557,0.08310610055923462,,,,dqn_icm,cartpole,sparse,0.001,0.9,9,1.0
893,0.0,10,0.050000000000000044,0.003168476279824972,0.9368560314178467,0.03775845840573311,0.33360108733177185,0.07972347736358643,,,,dqn_icm,cartpole,sparse,0.001,0.9,9,1.0
894,0.0,9,0.050000000000000044,0.0014110817573964596,0.8509570360183716,0.028608914464712143,0.33360108733177185,0.07972347736358643,,,,dqn_icm,cartpole,sparse,0.001,0.9,9,1.0
895,0.0,11,0.050000000000000044,0.0021275910548865795,0.8955966234207153,0.037128180265426636,0.33360108733177185,0.07972347736358643,,,,dqn_icm,cartpole,sparse,0.001,0.9,9,1.0
896,0.0,9,0.050000000000000044,0.0030807144939899445,0.9523505568504333,0.04863051325082779,0.33360108733177185,0.07972347736358643,,,,dqn_icm,cartpole,sparse,0.001,0.9,9,1.0
897,0.0,10,0.050000000000000044,0.003833999391645193,0.9719970226287842,0.04632675647735596,0.33360108733177185,0.07972347736358643,,,,dqn_icm,cartpole,sparse,0.001,0.9,9,1.0
898,0.0,9,0.050000000000000044,0.00835435651242733,0.9531981945037842,0.06607116013765335,0.2549430727958679,0.07342863082885742,,,,dqn_icm,cartpole,sparse,0.001,0.9,9,1.0
899,0.0,10,0.050000000000000044,0.004386920481920242,1.0178070068359375,0.0465967059135437,0.2549430727958679,0.07342863082885742,,,,dqn_icm,cartpole,sparse,0.001,0.9,9,1.0
900,0.0,9,0.050000000000000044,0.000781231326982379,0.9451111555099487,0.02352079376578331,0.2549430727958679,0.07342863082885742,0.0,0.0,9.8,dqn_icm,cartpole,sparse,0.001,0.9,9,1.0
901,0.0,10,0.050000000000000044,0.0050811199471354485,0.9397383332252502,0.05463201552629471,0.2549430727958679,0.07342863082885742,,,,dqn_icm,cartpole,sparse,0.001,0.9,9,1.0
902,0.0,9,0.050000000000000044,0.0034468097146600485,0.9054827690124512,0.047655217349529266,0.3530336916446686,0.06413477659225464,,,,dqn_icm,cartpole,sparse,0.001,0.9,9,1.0
903,0.0,11,0.050000000000000044,0.0013098052004352212,0.9921292662620544,0.02587984874844551,0.3530336916446686,0.06413477659225464,,,,dqn_icm,cartpole,sparse,0.001,0.9,9,1.0
904,0.0,10,0.050000000000000044,0.0013716997345909476,0.9608178734779358,0.03242756426334381,0.3530336916446686,0.06413477659225464,,,,dqn_icm,cartpole,sparse,0.001,0.9,9,1.0
905,0.0,10,0.050000000000000044,0.003396512009203434,0.9470037221908569,0.04567736014723778,0.3530336916446686,0.06413477659225464,,,,dqn_icm,cartpole,sparse,0.001,0.9,9,1.0
906,0.0,10,0.050000000000000044,0.004854087717831135,1.0067224502563477,0.048884350806474686,0.22028854489326477,0.0649237409234047,,,,dqn_icm,cartpole,sparse,0.001,0.9,9,1.0
907,0.0,10,0.050000000000000044,0.007993694394826889,0.9441876411437988,0.058632005006074905,0.22028854489326477,0.0649237409234047,,,,dqn_icm,cartpole,sparse,0.001,0.9,9,1.0
908,0.0,9,0.050000000000000044,0.004494083113968372,0.8027766942977905,0.047268204391002655,0.22028854489326477,0.0649237409234047,,,,dqn_icm,cartpole,sparse,0.001,0.9,9,1.0
909,0.0,11,0.050000000000000044,0.008273925632238388,0.7477816343307495,0.060731835663318634,0.22028854489326477,0.0649237409234047,,,,dqn_icm,cartpole,sparse,0.001,0.9,9,1.0
910,0.0,10,0.050000000000000044,0.0018267064588144422,0.9524097442626953,0.03796829655766487,0.24168360233306885,0.0692673921585083,,,,dqn_icm,cartpole,sparse,0.001,0.9,9,1.0
911,0.0,10,0.050000000000000044,0.0064569502137601376,0.9224107265472412,0.05007708817720413,0.24168360233306885,0.0692673921585083,,,,dqn_icm,cartpole,sparse,0.001,0.9,9,1.0
912,0.0,10,0.050000000000000044,0.002550732810050249,0.9415856003761292,0.038693759590387344,0.24168360233306885,0.0692673921585083,,,,dqn_icm,cartpole,sparse,0.001,0.9,9,1.0
913,0.0,9,0.050000000000000044,0.0010076480684801936,1.0797693729400635,0.025709867477416992,0.24168360233306885,0.0692673921585083,,,,dqn_icm,cartpole,sparse,0.001,0.9,9,1.0
914,0.0,9,0.050000000000000044,0.003316468559205532,0.9474059343338013,0.04569988697767258,0.17406874895095825,0.0676761269569397,,,,dqn_icm,cartpole,sparse,0.001,0.9,9,1.0
915,0.0,8,0.050000000000000044,0.002974342554807663,0.9047943353652954,0.04020962119102478,0.17406874895095825,0.0676761269569397,,,,dqn_icm,cartpole,sparse,0.001,0.9,9,1.0
916,0.0,9,0.050000000000000044,0.00498243048787117,0.9684275388717651,0.03793654963374138,0.17406874895095825,0.0676761269569397,,,,dqn_icm,cartpole,sparse,0.001,0.9,9,1.0
917,0.0,10,0.050000000000000044,0.00429124478250742,0.9619683623313904,0.04161616414785385,0.17406874895095825,0.0676761269569397,,,,dqn_icm,cartpole,sparse,0.001,0.9,9,1.0
918,0.0,9,0.050000000000000044,0.0038992820773273706,0.7995429635047913,0.032933805137872696,0.2941027581691742,0.0639897882938385,,,,dqn_icm,cartpole,sparse,0.001,0.9,9,1.0
919,0.0,10,0.050000000000000044,0.005152019672095776,0.9453638792037964,0.047417085617780685,0.2941027581691742,0.0639897882938385,,,,dqn_icm,cartpole,sparse,0.001,0.9,9,1.0
920,0.0,10,0.050000000000000044,0.0037795244716107845,0.9413752555847168,0.041528407484292984,0.2941027581691742,0.0639897882938385,,,,dqn_icm,cartpole,sparse,0.001,0.9,9,1.0
921,0.0,10,0.050000000000000044,0.0013108470011502504,0.9512160420417786,0.033230409026145935,0.2941027581691742,0.0639897882938385,,,,dqn_icm,cartpole,sparse,0.001,0.9,9,1.0
922,0.0,10,0.050000000000000044,0.002156015718355775,0.8890023231506348,0.035278789699077606,0.31368502974510193,0.0609414204955101,,,,dqn_icm,cartpole,sparse,0.001,0.9,9,1.0
923,0.0,10,0.050000000000000044,0.0016206204891204834,0.9435198903083801,0.035983745008707047,0.31368502974510193,0.0609414204955101,,,,dqn_icm,cartpole,sparse,0.001,0.9,9,1.0
924,0.0,9,0.050000000000000044,0.0020365016534924507,0.90323805809021,0.036463089287281036,0.31368502974510193,0.0609414204955101,,,,dqn_icm,cartpole,sparse,0.001,0.9,9,1.0
925,0.0,10,0.050000000000000044,0.000957745942287147,0.9478277564048767,0.027325304225087166,0.31368502974510193,0.0609414204955101,,,,dqn_icm,cartpole,sparse,0.001,0.9,9,1.0
926,0.0,10,0.050000000000000044,0.002505154348909855,0.8772220611572266,0.04228730872273445,0.35732346773147583,0.07189808785915375,,,,dqn_icm,cartpole,sparse,0.001,0.9,9,1.0
927,0.0,9,0.050000000000000044,0.004101657308638096,0.927426815032959,0.037874989211559296,0.35732346773147583,0.07189808785915375,,,,dqn_icm,cartpole,sparse,0.001,0.9,9,1.0
928,0.0,9,0.050000000000000044,0.0026279890444129705,0.8661277890205383,0.029639698565006256,0.35732346773147583,0.07189808785915375,,,,dqn_icm,cartpole,sparse,0.001,0.9,9,1.0
929,0.0,8,0.050000000000000044,0.0023259546142071486,0.9930386543273926,0.04045391082763672,0.35732346773147583,0.07189808785915375,,,,dqn_icm,cartpole,sparse,0.001,0.9,9,1.0
930,0.0,10,0.050000000000000044,0.004246905446052551,0.8840725421905518,0.04695599526166916,0.35732346773147583,0.07189808785915375,,,,dqn_icm,cartpole,sparse,0.001,0.9,9,1.0
931,0.0,8,0.050000000000000044,0.0009766133734956384,1.0100359916687012,0.023232221603393555,0.254124253988266,0.05737936869263649,,,,dqn_icm,cartpole,sparse,0.001,0.9,9,1.0
932,0.0,9,0.050000000000000044,0.0024926166515797377,0.9205266237258911,0.02955116331577301,0.254124253988266,0.05737936869263649,,,,dqn_icm,cartpole,sparse,0.001,0.9,9,1.0
933,0.0,11,0.050000000000000044,0.003972897306084633,0.7997809648513794,0.046860694885253906,0.254124253988266,0.05737936869263649,,,,dqn_icm,cartpole,sparse,0.001,0.9,9,1.0
934,0.0,11,0.050000000000000044,0.0007400611648336053,0.9194268584251404,0.02440459653735161,0.254124253988266,0.05737936869263649,,,,dqn_icm,cartpole,sparse,0.001,0.9,9,1.0
935,0.0,10,0.050000000000000044,0.0031929663382470608,1.0210139751434326,0.0389830619096756,0.339212566614151,0.055518925189971924,,,,dqn_icm,cartpole,sparse,0.001,0.9,9,1.0
936,0.0,10,0.050000000000000044,0.004669547080993652,0.884558916091919,0.04329998791217804,0.339212566614151,0.055518925189971924,,,,dqn_icm,cartpole,sparse,0.001,0.9,9,1.0
937,0.0,9,0.050000000000000044,0.0029613394290208817,0.9938925504684448,0.04442457854747772,0.339212566614151,0.055518925189971924,,,,dqn_icm,cartpole,sparse,0.001,0.9,9,1.0
938,0.0,10,0.050000000000000044,0.001258940901607275,0.9138480424880981,0.03015172854065895,0.339212566614151,0.055518925189971924,,,,dqn_icm,cartpole,sparse,0.001,0.9,9,1.0
939,0.0,9,0.050000000000000044,0.02288282848894596,0.8947286605834961,0.17395931482315063,0.33687692880630493,0.05382169038057327,,,,dqn_icm,cartpole,sparse,0.001,0.9,9,1.0
940,0.0,9,0.050000000000000044,0.018928466364741325,0.9049153327941895,0.174627423286438,0.33687692880630493,0.05382169038057327,,,,dqn_icm,cartpole,sparse,0.001,0.9,9,1.0
941,0.0,10,0.050000000000000044,0.012490451335906982,0.7955548763275146,0.14458534121513367,0.33687692880630493,0.05382169038057327,,,,dqn_icm,cartpole,sparse,0.001,0.9,9,1.0
942,0.0,8,0.050000000000000044,0.010283242911100388,0.7770390510559082,0.12764859199523926,0.33687692880630493,0.05382169038057327,,,,dqn_icm,cartpole,sparse,0.001,0.9,9,1.0
943,0.0,9,0.050000000000000044,0.007455018814653158,0.7850340604782104,0.10578301548957825,0.33687692880630493,0.05382169038057327,,,,dqn_icm,cartpole,sparse,0.001,0.9,9,1.0
944,0.0,11,0.050000000000000044,0.004015753977000713,0.9431815147399902,0.06862183660268784,0.23450228571891785,0.04892142862081528,,,,dqn_icm,cartpole,sparse,0.001,0.9,9,1.0
945,0.0,9,0.050000000000000044,0.004332968965172768,0.8813470602035522,0.08134105801582336,0.23450228571891785,0.04892142862081528,,,,dqn_icm,cartpole,sparse,0.001,0.9,9,1.0
946,0.0,9,0.050000000000000044,0.006850421894341707,0.9269100427627563,0.10282900184392929,0.23450228571891785,0.04892142862081528,,,,dqn_icm,cartpole,sparse,0.001,0.9,9,1.0
947,0.0,9,0.050000000000000044,0.004956396762281656,0.8656213879585266,0.08951917290687561,0.23450228571891785,0.04892142862081528,,,,dqn_icm,cartpole,sparse,0.001,0.9,9,1.0
948,0.0,9,0.050000000000000044,0.0023263662587851286,0.9071860313415527,0.05213063210248947,0.336624413728714,0.051303621381521225,,,,dqn_icm,cartpole,sparse,0.001,0.9,9,1.0
949,0.0,11,0.050000000000000044,0.0026173428632318974,0.8102743029594421,0.05059918016195297,0.336624413728714,0.051303621381521225,,,,dqn_icm,cartpole,sparse,0.001,0.9,9,1.0
950,0.0,9,0.050000000000000044,0.0014118545223027468,0.8607441186904907,0.03842855244874954,0.336624413728714,0.051303621381521225,0.0,0.0,10.3,dqn_icm,cartpole,sparse,0.001,0.9,9,1.0
951,0.0,9,0.050000000000000044,0.0014133695513010025,0.9185749292373657,0.041068628430366516,0.336624413728714,0.051303621381521225,,,,dqn_icm,cartpole,sparse,0.001,0.9,9,1.0
952,0.0,10,0.050000000000000044,0.0010459746699780226,0.9490950107574463,0.028177406638860703,0.36808058619499207,0.05940663442015648,,,,dqn_icm,cartpole,sparse,0.001,0.9,9,1.0
953,0.0,10,0.050000000000000044,0.0009806174784898758,0.931837797164917,0.03609256446361542,0.36808058619499207,0.05940663442015648,,,,dqn_icm,cartpole,sparse,0.001,0.9,9,1.0
954,0.0,9,0.050000000000000044,0.0014063393464311957,0.8175420761108398,0.041399288922548294,0.36808058619499207,0.05940663442015648,,,,dqn_icm,cartpole,sparse,0.001,0.9,9,1.0
955,0.0,9,0.050000000000000044,0.0008197582210414112,0.9307098388671875,0.03086766228079796,0.36808058619499207,0.05940663442015648,,,,dqn_icm,cartpole,sparse,0.001,0.9,9,1.0
956,0.0,10,0.050000000000000044,0.0008959305705502629,0.7729641199111938,0.03127868101000786,0.29126647114753723,0.054209284484386444,,,,dqn_icm,cartpole,sparse,0.001,0.9,9,1.0
957,0.0,9,0.050000000000000044,0.0008284192299470305,0.8915761709213257,0.032083746045827866,0.29126647114753723,0.054209284484386444,,,,dqn_icm,cartpole,sparse,0.001,0.9,9,1.0
958,0.0,9,0.050000000000000044,0.00055337866069749,0.8895660042762756,0.024608168751001358,0.29126647114753723,0.054209284484386444,,,,dqn_icm,cartpole,sparse,0.001,0.9,9,1.0
959,0.0,10,0.050000000000000044,0.0011685562785714865,0.9500961303710938,0.02660207822918892,0.29126647114753723,0.054209284484386444,,,,dqn_icm,cartpole,sparse,0.001,0.9,9,1.0
960,0.0,10,0.050000000000000044,0.0004470330022741109,1.0421466827392578,0.02100834809243679,0.21682649850845337,0.04470973089337349,,,,dqn_icm,cartpole,sparse,0.001,0.9,9,1.0
961,0.0,9,0.050000000000000044,0.0010152062168344855,0.911087155342102,0.03339117765426636,0.21682649850845337,0.04470973089337349,,,,dqn_icm,cartpole,sparse,0.001,0.9,9,1.0
962,0.0,9,0.050000000000000044,0.0009366408921778202,0.9390353560447693,0.03200312703847885,0.21682649850845337,0.04470973089337349,,,,dqn_icm,cartpole,sparse,0.001,0.9,9,1.0
963,0.0,8,0.050000000000000044,0.0005771002033725381,0.8837456703186035,0.02330758050084114,0.21682649850845337,0.04470973089337349,,,,dqn_icm,cartpole,sparse,0.001,0.9,9,1.0
964,0.0,9,0.050000000000000044,0.0007360364543274045,0.827276885509491,0.02611076831817627,0.21682649850845337,0.04470973089337349,,,,dqn_icm,cartpole,sparse,0.001,0.9,9,1.0
965,0.0,11,0.050000000000000044,0.0005874200141988695,0.9163507223129272,0.025208385661244392,0.23976804316043854,0.047007881104946136,,,,dqn_icm,cartpole,sparse,0.001,0.9,9,1.0
966,0.0,11,0.050000000000000044,0.0007645747973583639,0.8391940593719482,0.019450753927230835,0.23976804316043854,0.047007881104946136,,,,dqn_icm,cartpole,sparse,0.001,0.9,9,1.0
967,0.0,10,0.050000000000000044,0.0012728592846542597,0.792300820350647,0.03034331277012825,0.23976804316043854,0.047007881104946136,,,,dqn_icm,cartpole,sparse,0.001,0.9,9,1.0
968,0.0,9,0.050000000000000044,0.0010751362424343824,0.938766360282898,0.026666317135095596,0.23976804316043854,0.047007881104946136,,,,dqn_icm,cartpole,sparse,0.001,0.9,9,1.0
969,0.0,10,0.050000000000000044,0.00041640084236860275,0.957019567489624,0.020068252459168434,0.2976767122745514,0.05305102467536926,,,,dqn_icm,cartpole,sparse,0.001,0.9,9,1.0
970,0.0,9,0.050000000000000044,0.0005059090908616781,0.8623126149177551,0.023929499089717865,0.2976767122745514,0.05305102467536926,,,,dqn_icm,cartpole,sparse,0.001,0.9,9,1.0
971,0.0,11,0.050000000000000044,0.0007738631684333086,0.9322621822357178,0.021834373474121094,0.2976767122745514,0.05305102467536926,,,,dqn_icm,cartpole,sparse,0.001,0.9,9,1.0
972,0.0,10,0.050000000000000044,0.0008913862402550876,0.808908224105835,0.025365620851516724,0.2976767122745514,0.05305102467536926,,,,dqn_icm,cartpole,sparse,0.001,0.9,9,1.0
973,0.0,10,0.050000000000000044,0.0008543631411157548,0.8233466148376465,0.022471673786640167,0.23258857429027557,0.05391190946102142,,,,dqn_icm,cartpole,sparse,0.001,0.9,9,1.0
974,0.0,10,0.050000000000000044,0.000788938719779253,0.9451053738594055,0.0244741290807724,0.23258857429027557,0.05391190946102142,,,,dqn_icm,cartpole,sparse,0.001,0.9,9,1.0
975,0.0,10,0.050000000000000044,0.0009582442580722272,0.983165979385376,0.02756693586707115,0.23258857429027557,0.05391190946102142,,,,dqn_icm,cartpole,sparse,0.001,0.9,9,1.0
976,0.0,9,0.050000000000000044,0.0005241135368123651,0.7936751246452332,0.020970096811652184,0.23258857429027557,0.05391190946102142,,,,dqn_icm,cartpole,sparse,0.001,0.9,9,1.0
977,0.0,10,0.050000000000000044,0.0009158957400359213,0.7256268262863159,0.026071980595588684,0.2585996389389038,0.04327431321144104,,,,dqn_icm,cartpole,sparse,0.001,0.9,9,1.0
978,0.0,10,0.050000000000000044,0.00034592486917972565,0.8763929605484009,0.015456057153642178,0.2585996389389038,0.04327431321144104,,,,dqn_icm,cartpole,sparse,0.001,0.9,9,1.0
979,0.0,10,0.050000000000000044,0.0005073122447356582,0.8806528449058533,0.020930515602231026,0.2585996389389038,0.04327431321144104,,,,dqn_icm,cartpole,sparse,0.001,0.9,9,1.0
980,0.0,10,0.050000000000000044,0.0003361747367307544,0.8918081521987915,0.01635964773595333,0.2585996389389038,0.04327431321144104,,,,dqn_icm,cartpole,sparse,0.001,0.9,9,1.0
981,0.0,11,0.050000000000000044,0.0006213993765413761,0.8236359357833862,0.021194588392972946,0.3445393443107605,0.04413427785038948,,,,dqn_icm,cartpole,sparse,0.001,0.9,9,1.0
982,0.0,9,0.050000000000000044,0.0002655598218552768,0.8101286888122559,0.016232050955295563,0.3445393443107605,0.04413427785038948,,,,dqn_icm,cartpole,sparse,0.001,0.9,9,1.0
983,0.0,10,0.050000000000000044,0.0007051060092635453,0.8614407181739807,0.022826001048088074,0.3445393443107605,0.04413427785038948,,,,dqn_icm,cartpole,sparse,0.001,0.9,9,1.0
984,0.0,9,0.050000000000000044,0.00025724215083755553,0.8830792903900146,0.013256886973977089,0.3445393443107605,0.04413427785038948,,,,dqn_icm,cartpole,sparse,0.001,0.9,9,1.0
985,0.0,11,0.050000000000000044,0.000593728618696332,0.9256399869918823,0.023319901898503304,0.25382325053215027,0.05303145572543144,,,,dqn_icm,cartpole,sparse,0.001,0.9,9,1.0
986,0.0,10,0.050000000000000044,0.00043308158637955785,0.8507385849952698,0.01832278072834015,0.25382325053215027,0.05303145572543144,,,,dqn_icm,cartpole,sparse,0.001,0.9,9,1.0
987,0.0,10,0.050000000000000044,0.0010881448397412896,0.864369809627533,0.025897186249494553,0.25382325053215027,0.05303145572543144,,,,dqn_icm,cartpole,sparse,0.001,0.9,9,1.0
988,0.0,10,0.050000000000000044,0.0013818338047713041,0.8004266023635864,0.03153081238269806,0.25382325053215027,0.05303145572543144,,,,dqn_icm,cartpole,sparse,0.001,0.9,9,1.0
989,0.0,11,0.050000000000000044,0.0003884521429426968,0.8440406918525696,0.01830475777387619,0.24273452162742615,0.045725688338279724,,,,dqn_icm,cartpole,sparse,0.001,0.9,9,1.0
990,0.0,9,0.050000000000000044,0.0006373606156557798,0.9361304044723511,0.019970761612057686,0.24273452162742615,0.045725688338279724,,,,dqn_icm,cartpole,sparse,0.001,0.9,9,1.0
991,0.0,8,0.050000000000000044,0.00036752724554389715,0.880975604057312,0.015663497149944305,0.24273452162742615,0.045725688338279724,,,,dqn_icm,cartpole,sparse,0.001,0.9,9,1.0
992,0.0,9,0.050000000000000044,0.00047927116975188255,0.8551616668701172,0.018853846937417984,0.24273452162742615,0.045725688338279724,,,,dqn_icm,cartpole,sparse,0.001,0.9,9,1.0
993,0.0,10,0.050000000000000044,0.0013624464627355337,0.8509857058525085,0.02559804916381836,0.3115241825580597,0.042264655232429504,,,,dqn_icm,cartpole,sparse,0.001,0.9,9,1.0
994,0.0,11,0.050000000000000044,0.00028626431594602764,0.9147506952285767,0.014838882721960545,0.3115241825580597,0.042264655232429504,,,,dqn_icm,cartpole,sparse,0.001,0.9,9,1.0
995,0.0,9,0.050000000000000044,0.0007714067469350994,0.8719174265861511,0.02124529331922531,0.3115241825580597,0.042264655232429504,,,,dqn_icm,cartpole,sparse,0.001,0.9,9,1.0
996,0.0,9,0.050000000000000044,0.0005766905378550291,0.83392733335495,0.022652307525277138,0.3115241825580597,0.042264655232429504,,,,dqn_icm,cartpole,sparse,0.001,0.9,9,1.0
997,0.0,11,0.050000000000000044,0.0005254336283542216,0.862660825252533,0.019541587680578232,0.26781272888183594,0.034261878579854965,,,,dqn_icm,cartpole,sparse,0.001,0.9,9,1.0
998,0.0,9,0.050000000000000044,0.0006951008108444512,0.7835298180580139,0.020649610087275505,0.26781272888183594,0.034261878579854965,,,,dqn_icm,cartpole,sparse,0.001,0.9,9,1.0
999,0.0,10,0.050000000000000044,0.00038102176040410995,0.8549256324768066,0.0183442160487175,0.26781272888183594,0.034261878579854965,,,,dqn_icm,cartpole,sparse,0.001,0.9,9,1.0
1000,0.0,9,0.050000000000000044,0.0003831402282230556,0.8740423917770386,0.016749348491430283,0.26781272888183594,0.034261878579854965,0.0,0.0,10.4,dqn_icm,cartpole,sparse,0.001,0.9,9,1.0
