episode,return,length,epsilon,loss,q_mean,td_error_mean,icm_loss,intrinsic_reward_mean,eval_return_mean,eval_return_std,eval_length_mean,agent,env,reward_type,lr,gamma,seed,eta
1,0.0,14,1.0,nan,nan,nan,nan,nan,,,,dqn_icm,cartpole,sparse,0.01,0.99,7,0.1
2,0.0,15,0.9968333333333333,nan,nan,nan,nan,nan,,,,dqn_icm,cartpole,sparse,0.01,0.99,7,0.1
3,0.0,13,0.9936666666666667,nan,nan,nan,nan,nan,,,,dqn_icm,cartpole,sparse,0.01,0.99,7,0.1
4,0.0,21,0.9905,nan,nan,nan,nan,nan,,,,dqn_icm,cartpole,sparse,0.01,0.99,7,0.1
5,0.0,13,0.9873333333333333,nan,nan,nan,nan,nan,,,,dqn_icm,cartpole,sparse,0.01,0.99,7,0.1
6,0.0,16,0.9841666666666666,nan,nan,nan,nan,nan,,,,dqn_icm,cartpole,sparse,0.01,0.99,7,0.1
7,0.0,49,0.981,nan,nan,nan,nan,nan,,,,dqn_icm,cartpole,sparse,0.01,0.99,7,0.1
8,0.0,17,0.9778333333333333,nan,nan,nan,nan,nan,,,,dqn_icm,cartpole,sparse,0.01,0.99,7,0.1
9,0.0,19,0.9746666666666667,nan,nan,nan,nan,nan,,,,dqn_icm,cartpole,sparse,0.01,0.99,7,0.1
10,0.0,26,0.9715,nan,nan,nan,nan,nan,,,,dqn_icm,cartpole,sparse,0.01,0.99,7,0.1
11,0.0,18,0.9683333333333334,nan,nan,nan,nan,nan,,,,dqn_icm,cartpole,sparse,0.01,0.99,7,0.1
12,0.0,23,0.9651666666666666,nan,nan,nan,nan,nan,,,,dqn_icm,cartpole,sparse,0.01,0.99,7,0.1
13,0.0,15,0.962,nan,nan,nan,nan,nan,,,,dqn_icm,cartpole,sparse,0.01,0.99,7,0.1
14,0.0,24,0.9588333333333333,nan,nan,nan,nan,nan,,,,dqn_icm,cartpole,sparse,0.01,0.99,7,0.1
15,0.0,35,0.9556666666666667,nan,nan,nan,nan,nan,,,,dqn_icm,cartpole,sparse,0.01,0.99,7,0.1
16,0.0,18,0.9525,nan,nan,nan,nan,nan,,,,dqn_icm,cartpole,sparse,0.01,0.99,7,0.1
17,0.0,40,0.9493333333333334,nan,nan,nan,nan,nan,,,,dqn_icm,cartpole,sparse,0.01,0.99,7,0.1
18,0.0,26,0.9461666666666667,nan,nan,nan,nan,nan,,,,dqn_icm,cartpole,sparse,0.01,0.99,7,0.1
19,0.0,12,0.9430000000000001,nan,nan,nan,nan,nan,,,,dqn_icm,cartpole,sparse,0.01,0.99,7,0.1
20,0.0,11,0.9398333333333333,nan,nan,nan,nan,nan,,,,dqn_icm,cartpole,sparse,0.01,0.99,7,0.1
21,0.0,13,0.9366666666666666,nan,nan,nan,nan,nan,,,,dqn_icm,cartpole,sparse,0.01,0.99,7,0.1
22,0.0,41,0.9335,nan,nan,nan,nan,nan,,,,dqn_icm,cartpole,sparse,0.01,0.99,7,0.1
23,0.0,20,0.9303333333333333,nan,nan,nan,nan,nan,,,,dqn_icm,cartpole,sparse,0.01,0.99,7,0.1
24,0.0,21,0.9271666666666667,0.0010036809835582972,0.0003962261835113168,0.03639756888151169,0.5906598567962646,0.2018214613199234,,,,dqn_icm,cartpole,sparse,0.01,0.99,7,0.1
25,0.0,14,0.924,0.00027682562358677387,0.017207134515047073,0.01984865590929985,0.5906598567962646,0.2018214613199234,,,,dqn_icm,cartpole,sparse,0.01,0.99,7,0.1
26,0.0,22,0.9208333333333334,0.00016298959963023663,0.04755458980798721,0.015156986191868782,0.5910257697105408,0.19355851411819458,,,,dqn_icm,cartpole,sparse,0.01,0.99,7,0.1
27,0.0,28,0.9176666666666666,9.524652705295011e-05,0.03232908621430397,0.009552880190312862,0.5829246640205383,0.1512981653213501,,,,dqn_icm,cartpole,sparse,0.01,0.99,7,0.1
28,0.0,14,0.9145,0.00015559600433334708,0.029354512691497803,0.008735820651054382,0.5829246640205383,0.1512981653213501,,,,dqn_icm,cartpole,sparse,0.01,0.99,7,0.1
29,0.0,14,0.9113333333333333,0.00010403069609310478,0.041019149124622345,0.009081615135073662,0.5829246640205383,0.1512981653213501,,,,dqn_icm,cartpole,sparse,0.01,0.99,7,0.1
30,0.0,15,0.9081666666666667,4.08407868235372e-05,0.03354957327246666,0.006674956530332565,0.5856552124023438,0.1777847856283188,,,,dqn_icm,cartpole,sparse,0.01,0.99,7,0.1
31,0.0,16,0.905,9.946030331775546e-05,0.04288288950920105,0.009900563396513462,0.5856552124023438,0.1777847856283188,,,,dqn_icm,cartpole,sparse,0.01,0.99,7,0.1
32,0.0,26,0.9018333333333334,3.158356776111759e-05,0.03653634339570999,0.005619044881314039,0.5885955691337585,0.19985070824623108,,,,dqn_icm,cartpole,sparse,0.01,0.99,7,0.1
33,0.0,17,0.8986666666666667,6.318662781268358e-05,0.03525739908218384,0.00706575158983469,0.5885955691337585,0.19985070824623108,,,,dqn_icm,cartpole,sparse,0.01,0.99,7,0.1
34,0.0,12,0.8955,9.94893052848056e-05,0.04302935674786568,0.007191476412117481,0.5885955691337585,0.19985070824623108,,,,dqn_icm,cartpole,sparse,0.01,0.99,7,0.1
35,0.0,36,0.8923333333333333,4.974267358193174e-05,0.034667663276195526,0.0064188046380877495,0.5800491571426392,0.1566629260778427,,,,dqn_icm,cartpole,sparse,0.01,0.99,7,0.1
36,0.0,10,0.8891666666666667,4.779427399626002e-05,0.042572829872369766,0.006840541027486324,0.5871273279190063,0.19265930354595184,,,,dqn_icm,cartpole,sparse,0.01,0.99,7,0.1
37,0.0,10,0.886,5.895831054658629e-05,0.033960238099098206,0.005556155927479267,0.5871273279190063,0.19265930354595184,,,,dqn_icm,cartpole,sparse,0.01,0.99,7,0.1
38,0.0,29,0.8828333333333334,6.858803681097925e-05,0.04175816476345062,0.008317535743117332,0.5904899835586548,0.2003781795501709,,,,dqn_icm,cartpole,sparse,0.01,0.99,7,0.1
39,0.0,17,0.8796666666666667,7.198905950644985e-05,0.03682713210582733,0.007436559069901705,0.5904899835586548,0.2003781795501709,,,,dqn_icm,cartpole,sparse,0.01,0.99,7,0.1
40,0.0,14,0.8765000000000001,6.856397521914914e-05,0.03769233077764511,0.006947080139070749,0.5904899835586548,0.2003781795501709,,,,dqn_icm,cartpole,sparse,0.01,0.99,7,0.1
41,0.0,36,0.8733333333333333,3.159844345645979e-05,0.03425716608762741,0.006404062267392874,0.5998023152351379,0.25613832473754883,,,,dqn_icm,cartpole,sparse,0.01,0.99,7,0.1
42,0.0,23,0.8701666666666666,1.9285394955659285e-05,0.04034269601106644,0.004221711307764053,0.582446277141571,0.16861341893672943,,,,dqn_icm,cartpole,sparse,0.01,0.99,7,0.1
43,0.0,14,0.867,0.00010572481551207602,0.03530659154057503,0.007803907617926598,0.582446277141571,0.16861341893672943,,,,dqn_icm,cartpole,sparse,0.01,0.99,7,0.1
44,0.0,26,0.8638333333333333,0.0001199318649014458,0.05103553831577301,0.008113877847790718,0.5750584602355957,0.14174365997314453,,,,dqn_icm,cartpole,sparse,0.01,0.99,7,0.1
45,0.0,28,0.8606666666666667,4.6083208872005343e-05,0.03674713149666786,0.00689655402675271,0.5870234370231628,0.21841765940189362,,,,dqn_icm,cartpole,sparse,0.01,0.99,7,0.1
46,0.0,20,0.8575,0.00011232809629291296,0.04906546324491501,0.008709823712706566,0.5870234370231628,0.21841765940189362,,,,dqn_icm,cartpole,sparse,0.01,0.99,7,0.1
47,0.0,9,0.8543333333333334,0.00015498194261454046,0.04398079589009285,0.010442844592034817,0.5870234370231628,0.21841765940189362,,,,dqn_icm,cartpole,sparse,0.01,0.99,7,0.1
48,0.0,10,0.8511666666666666,5.797197809442878e-05,0.038850411772727966,0.0063685467466712,0.5830267667770386,0.1854560673236847,,,,dqn_icm,cartpole,sparse,0.01,0.99,7,0.1
49,0.0,17,0.848,7.111698505468667e-05,0.03652070090174675,0.007397906854748726,0.5830267667770386,0.1854560673236847,,,,dqn_icm,cartpole,sparse,0.01,0.99,7,0.1
50,0.0,39,0.8448333333333333,3.093546547461301e-05,0.03450899198651314,0.005172396078705788,0.5798887610435486,0.1723509430885315,0.0,0.0,8.9,dqn_icm,cartpole,sparse,0.01,0.99,7,0.1
51,0.0,28,0.8416666666666667,4.161355900578201e-05,0.03466901183128357,0.005770179908722639,0.5811457633972168,0.1623750627040863,,,,dqn_icm,cartpole,sparse,0.01,0.99,7,0.1
52,0.0,22,0.8385,1.814161987567786e-05,0.04158450663089752,0.00388434249907732,0.5811457633972168,0.1623750627040863,,,,dqn_icm,cartpole,sparse,0.01,0.99,7,0.1
53,0.0,14,0.8353333333333334,6.600665074074641e-05,0.035032063722610474,0.005654861684888601,0.5799656510353088,0.175521582365036,,,,dqn_icm,cartpole,sparse,0.01,0.99,7,0.1
54,0.0,23,0.8321666666666667,4.0395159885520115e-05,0.03650553151965141,0.005011572502553463,0.5799656510353088,0.175521582365036,,,,dqn_icm,cartpole,sparse,0.01,0.99,7,0.1
55,0.0,30,0.829,5.461698674480431e-05,0.03865627199411392,0.005978717468678951,0.5738003253936768,0.15325087308883667,,,,dqn_icm,cartpole,sparse,0.01,0.99,7,0.1
56,0.0,10,0.8258333333333334,2.266603769385256e-05,0.036223284900188446,0.0055212234146893024,0.5738003253936768,0.15325087308883667,,,,dqn_icm,cartpole,sparse,0.01,0.99,7,0.1
57,0.0,25,0.8226666666666667,4.0355844248551875e-05,0.03494660556316376,0.00517631508409977,0.5838564038276672,0.18544411659240723,,,,dqn_icm,cartpole,sparse,0.01,0.99,7,0.1
58,0.0,12,0.8195,1.669898847467266e-05,0.033018551766872406,0.0033832434564828873,0.5838564038276672,0.18544411659240723,,,,dqn_icm,cartpole,sparse,0.01,0.99,7,0.1
59,0.0,22,0.8163333333333334,3.96815812564455e-05,0.03638806566596031,0.005157427862286568,0.580999493598938,0.15801715850830078,,,,dqn_icm,cartpole,sparse,0.01,0.99,7,0.1
60,0.0,9,0.8131666666666667,3.0184086426743306e-05,0.03482341766357422,0.004106672015041113,0.580999493598938,0.15801715850830078,,,,dqn_icm,cartpole,sparse,0.01,0.99,7,0.1
61,0.0,34,0.81,5.5218799388967454e-05,0.03261643275618553,0.0054319859482347965,0.5913214683532715,0.21785452961921692,,,,dqn_icm,cartpole,sparse,0.01,0.99,7,0.1
62,0.0,12,0.8068333333333333,6.445593317039311e-05,0.027585327625274658,0.007384682539850473,0.5913214683532715,0.21785452961921692,,,,dqn_icm,cartpole,sparse,0.01,0.99,7,0.1
63,0.0,27,0.8036666666666666,2.9754075512755662e-05,0.041331157088279724,0.0058025578036904335,0.5753271579742432,0.166804701089859,,,,dqn_icm,cartpole,sparse,0.01,0.99,7,0.1
64,0.0,56,0.8005,5.1404575060587376e-05,0.03761895000934601,0.005552533082664013,0.5691414475440979,0.13371792435646057,,,,dqn_icm,cartpole,sparse,0.01,0.99,7,0.1
65,0.0,18,0.7973333333333333,5.4934080253588036e-05,0.04040278494358063,0.00542483339086175,0.5691414475440979,0.13371792435646057,,,,dqn_icm,cartpole,sparse,0.01,0.99,7,0.1
66,0.0,17,0.7941666666666667,2.673912422324065e-05,0.033036619424819946,0.004818846005946398,0.5750558972358704,0.14656487107276917,,,,dqn_icm,cartpole,sparse,0.01,0.99,7,0.1
67,0.0,13,0.791,4.8776346375234425e-05,0.03290855884552002,0.005495115183293819,0.5750558972358704,0.14656487107276917,,,,dqn_icm,cartpole,sparse,0.01,0.99,7,0.1
68,0.0,20,0.7878333333333334,5.9388665249571204e-05,0.04267758131027222,0.005444534122943878,0.5747959613800049,0.14543220400810242,,,,dqn_icm,cartpole,sparse,0.01,0.99,7,0.1
69,0.0,17,0.7846666666666666,5.6629938626429066e-05,0.04073706269264221,0.005739949177950621,0.5747959613800049,0.14543220400810242,,,,dqn_icm,cartpole,sparse,0.01,0.99,7,0.1
70,0.0,21,0.7815,2.7339909138390794e-05,0.05033745616674423,0.0048005953431129456,0.5741714239120483,0.17087560892105103,,,,dqn_icm,cartpole,sparse,0.01,0.99,7,0.1
71,0.0,17,0.7783333333333333,5.582095400313847e-05,0.03349526971578598,0.0069802990183234215,0.5741714239120483,0.17087560892105103,,,,dqn_icm,cartpole,sparse,0.01,0.99,7,0.1
72,0.0,14,0.7751666666666667,8.810409053694457e-05,0.04802856221795082,0.00838574767112732,0.5741714239120483,0.17087560892105103,,,,dqn_icm,cartpole,sparse,0.01,0.99,7,0.1
73,0.0,15,0.772,2.0110046534682624e-05,0.03555674850940704,0.00450938381254673,0.5728439688682556,0.14885297417640686,,,,dqn_icm,cartpole,sparse,0.01,0.99,7,0.1
74,0.0,15,0.7688333333333334,1.9673456336022355e-05,0.04203105717897415,0.0033837046939879656,0.5728439688682556,0.14885297417640686,,,,dqn_icm,cartpole,sparse,0.01,0.99,7,0.1
75,0.0,16,0.7656666666666667,9.421361028216779e-05,0.04183237999677658,0.006352582946419716,0.5825279355049133,0.1865197867155075,,,,dqn_icm,cartpole,sparse,0.01,0.99,7,0.1
76,0.0,24,0.7625,2.252080594189465e-05,0.032158590853214264,0.004758839961141348,0.5825279355049133,0.1865197867155075,,,,dqn_icm,cartpole,sparse,0.01,0.99,7,0.1
77,0.0,17,0.7593333333333333,4.7153527702903375e-05,0.024621248245239258,0.006754064932465553,0.5732480883598328,0.14594513177871704,,,,dqn_icm,cartpole,sparse,0.01,0.99,7,0.1
78,0.0,26,0.7561666666666667,5.3164618293521926e-05,0.03497245907783508,0.00695197144523263,0.5732480883598328,0.14594513177871704,,,,dqn_icm,cartpole,sparse,0.01,0.99,7,0.1
79,0.0,13,0.753,1.997064464376308e-05,0.03301073610782623,0.005027191713452339,0.5662024617195129,0.11738336086273193,,,,dqn_icm,cartpole,sparse,0.01,0.99,7,0.1
80,0.0,20,0.7498333333333334,9.408169717062265e-05,0.03907762095332146,0.00769335962831974,0.5662024617195129,0.11738336086273193,,,,dqn_icm,cartpole,sparse,0.01,0.99,7,0.1
81,0.0,12,0.7466666666666667,0.00013776076957583427,0.0330585353076458,0.009046697057783604,0.5662024617195129,0.11738336086273193,,,,dqn_icm,cartpole,sparse,0.01,0.99,7,0.1
82,0.0,13,0.7435,7.302654557861388e-05,0.03819902241230011,0.007073839195072651,0.5679762959480286,0.13244208693504333,,,,dqn_icm,cartpole,sparse,0.01,0.99,7,0.1
83,0.0,15,0.7403333333333333,3.056245623156428e-05,0.0369182825088501,0.004923415370285511,0.5679762959480286,0.13244208693504333,,,,dqn_icm,cartpole,sparse,0.01,0.99,7,0.1
84,0.0,22,0.7371666666666667,3.2473180908709764e-05,0.04416909068822861,0.0055632516741752625,0.5729662775993347,0.1689002811908722,,,,dqn_icm,cartpole,sparse,0.01,0.99,7,0.1
85,0.0,17,0.734,2.172439417336136e-05,0.04132237285375595,0.0051508452743291855,0.5729662775993347,0.1689002811908722,,,,dqn_icm,cartpole,sparse,0.01,0.99,7,0.1
86,0.0,9,0.7308333333333333,3.17660415021237e-05,0.03236481547355652,0.0051677413284778595,0.5729662775993347,0.1689002811908722,,,,dqn_icm,cartpole,sparse,0.01,0.99,7,0.1
87,0.0,14,0.7276666666666667,0.00010218664101557806,0.03914052993059158,0.006982312072068453,0.570033609867096,0.16255441308021545,,,,dqn_icm,cartpole,sparse,0.01,0.99,7,0.1
88,0.0,11,0.7245,6.0678066802211106e-05,0.037408798933029175,0.006181126926094294,0.570033609867096,0.16255441308021545,,,,dqn_icm,cartpole,sparse,0.01,0.99,7,0.1
89,0.0,17,0.7213333333333334,5.411547681433149e-05,0.03284752368927002,0.0055854590609669685,0.570033609867096,0.16255441308021545,,,,dqn_icm,cartpole,sparse,0.01,0.99,7,0.1
90,0.0,9,0.7181666666666666,3.8644713640678674e-05,0.032781802117824554,0.006439774297177792,0.5652432441711426,0.1300644725561142,,,,dqn_icm,cartpole,sparse,0.01,0.99,7,0.1
91,0.0,19,0.7150000000000001,5.545247404370457e-05,0.03965730965137482,0.006894024088978767,0.5652432441711426,0.1300644725561142,,,,dqn_icm,cartpole,sparse,0.01,0.99,7,0.1
92,0.0,18,0.7118333333333333,4.78407928312663e-05,0.04018475115299225,0.0059201521798968315,0.5652432441711426,0.1300644725561142,,,,dqn_icm,cartpole,sparse,0.01,0.99,7,0.1
93,0.0,12,0.7086666666666668,0.00010797978757182136,0.04099433869123459,0.008403470739722252,0.5699252486228943,0.1459839642047882,,,,dqn_icm,cartpole,sparse,0.01,0.99,7,0.1
94,0.0,10,0.7055,6.164502701722085e-05,0.03716380149126053,0.005398483946919441,0.5699252486228943,0.1459839642047882,,,,dqn_icm,cartpole,sparse,0.01,0.99,7,0.1
95,0.0,15,0.7023333333333333,9.336917719338089e-05,0.040668874979019165,0.007276010699570179,0.5699252486228943,0.1459839642047882,,,,dqn_icm,cartpole,sparse,0.01,0.99,7,0.1
96,0.0,10,0.6991666666666667,3.451558222877793e-05,0.03190253674983978,0.006385627202689648,0.5791791081428528,0.2034721076488495,,,,dqn_icm,cartpole,sparse,0.01,0.99,7,0.1
97,0.0,12,0.696,1.6109734133351594e-05,0.03952605277299881,0.004609309136867523,0.5791791081428528,0.2034721076488495,,,,dqn_icm,cartpole,sparse,0.01,0.99,7,0.1
98,0.0,9,0.6928333333333334,7.091758016031235e-05,0.04756292700767517,0.007629547268152237,0.5791791081428528,0.2034721076488495,,,,dqn_icm,cartpole,sparse,0.01,0.99,7,0.1
99,0.0,27,0.6896666666666667,5.6521937949582934e-05,0.04418712854385376,0.0058621373027563095,0.5596122145652771,0.15411677956581116,,,,dqn_icm,cartpole,sparse,0.01,0.99,7,0.1
100,0.0,22,0.6865,4.137192081543617e-05,0.04166313260793686,0.0052721151150763035,0.5596122145652771,0.15411677956581116,0.0,0.0,9.1,dqn_icm,cartpole,sparse,0.01,0.99,7,0.1
101,0.0,9,0.6833333333333333,3.531256515998393e-05,0.02980313077569008,0.005822297185659409,0.5650470852851868,0.17761465907096863,,,,dqn_icm,cartpole,sparse,0.01,0.99,7,0.1
102,0.0,9,0.6801666666666667,6.849179044365883e-05,0.02956286072731018,0.007887175306677818,0.5650470852851868,0.17761465907096863,,,,dqn_icm,cartpole,sparse,0.01,0.99,7,0.1
103,0.0,12,0.677,6.556714652106166e-05,0.04180190712213516,0.00568656949326396,0.5650470852851868,0.17761465907096863,,,,dqn_icm,cartpole,sparse,0.01,0.99,7,0.1
104,0.0,9,0.6738333333333333,2.3667755158385262e-05,0.03854728490114212,0.0049903299659490585,0.5650470852851868,0.17761465907096863,,,,dqn_icm,cartpole,sparse,0.01,0.99,7,0.1
105,0.0,18,0.6706666666666667,2.132312329194974e-05,0.03417116403579712,0.0038913544267416,0.566580057144165,0.17268934845924377,,,,dqn_icm,cartpole,sparse,0.01,0.99,7,0.1
106,0.0,16,0.6675,7.601938705192879e-05,0.04135401174426079,0.007028099149465561,0.566580057144165,0.17268934845924377,,,,dqn_icm,cartpole,sparse,0.01,0.99,7,0.1
107,0.0,10,0.6643333333333333,3.11441435769666e-05,0.03384579345583916,0.005182186141610146,0.566580057144165,0.17268934845924377,,,,dqn_icm,cartpole,sparse,0.01,0.99,7,0.1
108,0.0,10,0.6611666666666667,0.00011181036825291812,0.060413554310798645,0.009607349522411823,0.5661294460296631,0.16599170863628387,,,,dqn_icm,cartpole,sparse,0.01,0.99,7,0.1
109,0.0,10,0.658,6.477999704657122e-05,0.04220208153128624,0.007361763156950474,0.5661294460296631,0.16599170863628387,,,,dqn_icm,cartpole,sparse,0.01,0.99,7,0.1
110,0.0,12,0.6548333333333334,5.6409728131257e-05,0.03387831896543503,0.007437015883624554,0.5661294460296631,0.16599170863628387,,,,dqn_icm,cartpole,sparse,0.01,0.99,7,0.1
111,0.0,14,0.6516666666666667,0.00010497518815100193,0.04914826154708862,0.006912753917276859,0.5592381954193115,0.15628813207149506,,,,dqn_icm,cartpole,sparse,0.01,0.99,7,0.1
112,0.0,20,0.6485000000000001,0.00012968125520274043,0.0372624509036541,0.0076391552574932575,0.5592381954193115,0.15628813207149506,,,,dqn_icm,cartpole,sparse,0.01,0.99,7,0.1
113,0.0,12,0.6453333333333333,5.770214193034917e-05,0.047352954745292664,0.007571104448288679,0.5592381954193115,0.15628813207149506,,,,dqn_icm,cartpole,sparse,0.01,0.99,7,0.1
114,0.0,18,0.6421666666666668,6.511818355647847e-05,0.03438098728656769,0.00892706960439682,0.583558201789856,0.20233505964279175,,,,dqn_icm,cartpole,sparse,0.01,0.99,7,0.1
115,0.0,15,0.639,5.6749100622255355e-05,0.04784400761127472,0.007907966151833534,0.583558201789856,0.20233505964279175,,,,dqn_icm,cartpole,sparse,0.01,0.99,7,0.1
116,0.0,12,0.6358333333333333,0.00014746596571058035,0.04037589207291603,0.0077224792912602425,0.5734024047851562,0.19641438126564026,,,,dqn_icm,cartpole,sparse,0.01,0.99,7,0.1
117,0.0,11,0.6326666666666667,3.447685230639763e-05,0.03863155096769333,0.004815076477825642,0.5734024047851562,0.19641438126564026,,,,dqn_icm,cartpole,sparse,0.01,0.99,7,0.1
118,0.0,12,0.6295,8.639691805001348e-05,0.035895638167858124,0.005537479184567928,0.5734024047851562,0.19641438126564026,,,,dqn_icm,cartpole,sparse,0.01,0.99,7,0.1
119,0.0,12,0.6263333333333334,5.2522707846947014e-05,0.03446817398071289,0.007916338741779327,0.5734024047851562,0.19641438126564026,,,,dqn_icm,cartpole,sparse,0.01,0.99,7,0.1
120,0.0,9,0.6231666666666666,7.988631841726601e-05,0.03791698440909386,0.006685886066406965,0.5655832886695862,0.1679699718952179,,,,dqn_icm,cartpole,sparse,0.01,0.99,7,0.1
121,0.0,11,0.62,3.908717553713359e-05,0.04336664825677872,0.0054176077246665955,0.5655832886695862,0.1679699718952179,,,,dqn_icm,cartpole,sparse,0.01,0.99,7,0.1
122,0.0,15,0.6168333333333333,6.166447565192357e-05,0.037940047681331635,0.007157556246966124,0.5655832886695862,0.1679699718952179,,,,dqn_icm,cartpole,sparse,0.01,0.99,7,0.1
123,0.0,31,0.6136666666666667,8.560555579606444e-05,0.04193410277366638,0.006772592198103666,0.5637953281402588,0.13845694065093994,,,,dqn_icm,cartpole,sparse,0.01,0.99,7,0.1
124,0.0,9,0.6105,6.273741746554151e-05,0.04306773841381073,0.006017968989908695,0.5637953281402588,0.13845694065093994,,,,dqn_icm,cartpole,sparse,0.01,0.99,7,0.1
125,0.0,13,0.6073333333333333,2.6315119612263516e-05,0.029264288023114204,0.004822199232876301,0.5687370300292969,0.22191250324249268,,,,dqn_icm,cartpole,sparse,0.01,0.99,7,0.1
126,0.0,14,0.6041666666666667,3.319167808513157e-05,0.042322788387537,0.005477990955114365,0.5687370300292969,0.22191250324249268,,,,dqn_icm,cartpole,sparse,0.01,0.99,7,0.1
127,0.0,20,0.601,6.697545177303255e-05,0.032371774315834045,0.008593006059527397,0.5687370300292969,0.22191250324249268,,,,dqn_icm,cartpole,sparse,0.01,0.99,7,0.1
128,0.0,11,0.5978333333333333,0.0001562585966894403,0.03202609345316887,0.009795567952096462,0.5719583034515381,0.18658453226089478,,,,dqn_icm,cartpole,sparse,0.01,0.99,7,0.1
129,0.0,10,0.5946666666666667,0.00012919057917315513,0.051047489047050476,0.013422223739326,0.5719583034515381,0.18658453226089478,,,,dqn_icm,cartpole,sparse,0.01,0.99,7,0.1
130,0.0,10,0.5915,7.070320134516805e-05,0.04874353110790253,0.009293554350733757,0.5719583034515381,0.18658453226089478,,,,dqn_icm,cartpole,sparse,0.01,0.99,7,0.1
131,0.0,10,0.5883333333333334,0.00020653396495617926,0.02930552512407303,0.014833858236670494,0.5748338103294373,0.19092822074890137,,,,dqn_icm,cartpole,sparse,0.01,0.99,7,0.1
132,0.0,9,0.5851666666666667,9.248376591131091e-05,0.040538810193538666,0.00834718719124794,0.5748338103294373,0.19092822074890137,,,,dqn_icm,cartpole,sparse,0.01,0.99,7,0.1
133,0.0,13,0.5820000000000001,0.0001904126547742635,0.05933462083339691,0.01354341208934784,0.5748338103294373,0.19092822074890137,,,,dqn_icm,cartpole,sparse,0.01,0.99,7,0.1
134,0.0,16,0.5788333333333333,0.00015829404583200812,0.0339023619890213,0.011618738994002342,0.5748338103294373,0.19092822074890137,,,,dqn_icm,cartpole,sparse,0.01,0.99,7,0.1
135,0.0,9,0.5756666666666668,6.43923194729723e-05,0.035410623997449875,0.008603733964264393,0.5549384355545044,0.16301649808883667,,,,dqn_icm,cartpole,sparse,0.01,0.99,7,0.1
136,0.0,21,0.5725,4.716058538178913e-05,0.033693328499794006,0.005595092196017504,0.5549384355545044,0.16301649808883667,,,,dqn_icm,cartpole,sparse,0.01,0.99,7,0.1
137,0.0,9,0.5693333333333334,8.887059811968356e-05,0.045818477869033813,0.008323343470692635,0.5549384355545044,0.16301649808883667,,,,dqn_icm,cartpole,sparse,0.01,0.99,7,0.1
138,0.0,22,0.5661666666666667,2.148160638171248e-05,0.03488687798380852,0.004274061415344477,0.5603418350219727,0.1873088926076889,,,,dqn_icm,cartpole,sparse,0.01,0.99,7,0.1
139,0.0,13,0.563,8.609915676061064e-05,0.04405057430267334,0.006434992887079716,0.5603418350219727,0.1873088926076889,,,,dqn_icm,cartpole,sparse,0.01,0.99,7,0.1
140,0.0,14,0.5598333333333334,5.170972508494742e-05,0.04014571011066437,0.006497789174318314,0.5602877736091614,0.17025035619735718,,,,dqn_icm,cartpole,sparse,0.01,0.99,7,0.1
141,0.0,14,0.5566666666666666,6.173635483719409e-05,0.04246290773153305,0.006673496216535568,0.5602877736091614,0.17025035619735718,,,,dqn_icm,cartpole,sparse,0.01,0.99,7,0.1
142,0.0,12,0.5535000000000001,7.871263369452208e-05,0.039794884622097015,0.0075333151035010815,0.5602877736091614,0.17025035619735718,,,,dqn_icm,cartpole,sparse,0.01,0.99,7,0.1
143,0.0,11,0.5503333333333333,0.000601273903157562,0.039786115288734436,0.028160594403743744,0.5600675344467163,0.16793987154960632,,,,dqn_icm,cartpole,sparse,0.01,0.99,7,0.1
144,0.0,18,0.5471666666666667,0.00021679277415387332,0.07716254144906998,0.01303987205028534,0.5600675344467163,0.16793987154960632,,,,dqn_icm,cartpole,sparse,0.01,0.99,7,0.1
145,0.0,11,0.544,0.000570060801692307,0.06793258339166641,0.01892857812345028,0.5600675344467163,0.16793987154960632,,,,dqn_icm,cartpole,sparse,0.01,0.99,7,0.1
146,0.0,15,0.5408333333333333,0.0003258722717873752,0.096300408244133,0.021471872925758362,0.5583371520042419,0.17153847217559814,,,,dqn_icm,cartpole,sparse,0.01,0.99,7,0.1
147,0.0,11,0.5376666666666667,0.00029417171026580036,0.07209285348653793,0.015662914142012596,0.5583371520042419,0.17153847217559814,,,,dqn_icm,cartpole,sparse,0.01,0.99,7,0.1
148,0.0,11,0.5345,0.0005017370567657053,0.069834865629673,0.022664211690425873,0.5583371520042419,0.17153847217559814,,,,dqn_icm,cartpole,sparse,0.01,0.99,7,0.1
149,0.0,15,0.5313333333333333,0.00023204227909445763,0.08571044355630875,0.016942959278821945,0.5605602860450745,0.1525060087442398,,,,dqn_icm,cartpole,sparse,0.01,0.99,7,0.1
150,0.0,12,0.5281666666666667,0.0004248364130035043,0.060638390481472015,0.018967658281326294,0.5605602860450745,0.1525060087442398,0.0,0.0,9.1,dqn_icm,cartpole,sparse,0.01,0.99,7,0.1
151,0.0,17,0.525,0.0006406147149391472,0.08589852601289749,0.016938863322138786,0.5605602860450745,0.1525060087442398,,,,dqn_icm,cartpole,sparse,0.01,0.99,7,0.1
152,0.0,12,0.5218333333333334,0.00047351044486276805,0.06683653593063354,0.018631165847182274,0.5561017990112305,0.13875187933444977,,,,dqn_icm,cartpole,sparse,0.01,0.99,7,0.1
153,0.0,13,0.5186666666666666,0.0004310832009650767,0.0654817521572113,0.01882384903728962,0.5561017990112305,0.13875187933444977,,,,dqn_icm,cartpole,sparse,0.01,0.99,7,0.1
154,0.0,13,0.5155000000000001,0.0002168267674278468,0.0749284029006958,0.013684352859854698,0.5561017990112305,0.13875187933444977,,,,dqn_icm,cartpole,sparse,0.01,0.99,7,0.1
155,0.0,10,0.5123333333333333,0.0001289796200580895,0.0778619647026062,0.007094823755323887,0.5541132092475891,0.20194044709205627,,,,dqn_icm,cartpole,sparse,0.01,0.99,7,0.1
156,0.0,11,0.5091666666666667,0.00019040785264223814,0.07800863683223724,0.01376308873295784,0.5541132092475891,0.20194044709205627,,,,dqn_icm,cartpole,sparse,0.01,0.99,7,0.1
157,0.0,17,0.506,0.00016852804401423782,0.08016747236251831,0.013477780856192112,0.5541132092475891,0.20194044709205627,,,,dqn_icm,cartpole,sparse,0.01,0.99,7,0.1
158,0.0,11,0.5028333333333334,0.0002641676692292094,0.08262255787849426,0.013858901336789131,0.5591591000556946,0.20983433723449707,,,,dqn_icm,cartpole,sparse,0.01,0.99,7,0.1
159,0.0,11,0.4996666666666667,0.0002559887070674449,0.06835029274225235,0.01517767645418644,0.5591591000556946,0.20983433723449707,,,,dqn_icm,cartpole,sparse,0.01,0.99,7,0.1
160,0.0,14,0.49650000000000005,0.0002271174598718062,0.07252924144268036,0.010604625567793846,0.5591591000556946,0.20983433723449707,,,,dqn_icm,cartpole,sparse,0.01,0.99,7,0.1
161,0.0,11,0.4933333333333334,0.00021099005243740976,0.07906720042228699,0.01310903299599886,0.5591591000556946,0.20983433723449707,,,,dqn_icm,cartpole,sparse,0.01,0.99,7,0.1
162,0.0,14,0.49016666666666675,0.000324097229167819,0.08114935457706451,0.012829376384615898,0.5506335496902466,0.17821376025676727,,,,dqn_icm,cartpole,sparse,0.01,0.99,7,0.1
163,0.0,12,0.487,0.00012653719750232995,0.07141563296318054,0.008929461240768433,0.5506335496902466,0.17821376025676727,,,,dqn_icm,cartpole,sparse,0.01,0.99,7,0.1
164,0.0,27,0.48383333333333334,0.00017841967928688973,0.07112427055835724,0.010278504341840744,0.5502002835273743,0.1324387788772583,,,,dqn_icm,cartpole,sparse,0.01,0.99,7,0.1
165,0.0,16,0.4806666666666667,0.0002004402194870636,0.06873943656682968,0.009365404024720192,0.5502002835273743,0.1324387788772583,,,,dqn_icm,cartpole,sparse,0.01,0.99,7,0.1
166,0.0,10,0.47750000000000004,0.00016031041741371155,0.06724370270967484,0.012330402620136738,0.5502002835273743,0.1324387788772583,,,,dqn_icm,cartpole,sparse,0.01,0.99,7,0.1
167,0.0,12,0.4743333333333334,0.00016529126150999218,0.10278672724962234,0.015256578102707863,0.5583512187004089,0.1789741814136505,,,,dqn_icm,cartpole,sparse,0.01,0.99,7,0.1
168,0.0,11,0.47116666666666673,0.00010974135511787608,0.07513695955276489,0.007268492132425308,0.5583512187004089,0.1789741814136505,,,,dqn_icm,cartpole,sparse,0.01,0.99,7,0.1
169,0.0,10,0.46799999999999997,0.00013703062722925097,0.0722799301147461,0.01073438860476017,0.5583512187004089,0.1789741814136505,,,,dqn_icm,cartpole,sparse,0.01,0.99,7,0.1
170,0.0,15,0.4648333333333333,5.516817691386677e-05,0.07396422326564789,0.006033574230968952,0.5471428632736206,0.16664308309555054,,,,dqn_icm,cartpole,sparse,0.01,0.99,7,0.1
171,0.0,10,0.46166666666666667,3.743840352399275e-05,0.08048802614212036,0.005323874298483133,0.5471428632736206,0.16664308309555054,,,,dqn_icm,cartpole,sparse,0.01,0.99,7,0.1
172,0.0,13,0.4585,7.256657409016043e-05,0.08200588822364807,0.007006078027188778,0.5471428632736206,0.16664308309555054,,,,dqn_icm,cartpole,sparse,0.01,0.99,7,0.1
173,0.0,12,0.45533333333333337,0.00013216311344876885,0.07275375723838806,0.007776896469295025,0.5471428632736206,0.16664308309555054,,,,dqn_icm,cartpole,sparse,0.01,0.99,7,0.1
174,0.0,11,0.4521666666666667,0.00014489912427961826,0.06913856416940689,0.007818746380507946,0.5538725852966309,0.20115801692008972,,,,dqn_icm,cartpole,sparse,0.01,0.99,7,0.1
175,0.0,10,0.44900000000000007,0.00010182672849623486,0.06296401470899582,0.006605209782719612,0.5538725852966309,0.20115801692008972,,,,dqn_icm,cartpole,sparse,0.01,0.99,7,0.1
176,0.0,8,0.4458333333333333,0.0002609009970910847,0.06220506504178047,0.010405521839857101,0.5538725852966309,0.20115801692008972,,,,dqn_icm,cartpole,sparse,0.01,0.99,7,0.1
177,0.0,12,0.44266666666666665,7.711299258517101e-05,0.08018845319747925,0.007050489075481892,0.5538725852966309,0.20115801692008972,,,,dqn_icm,cartpole,sparse,0.01,0.99,7,0.1
178,0.0,10,0.4395,0.00021107960492372513,0.06825008988380432,0.011836353689432144,0.5383097529411316,0.21429380774497986,,,,dqn_icm,cartpole,sparse,0.01,0.99,7,0.1
179,0.0,11,0.43633333333333335,0.00015321388491429389,0.09877188503742218,0.011382218450307846,0.5383097529411316,0.21429380774497986,,,,dqn_icm,cartpole,sparse,0.01,0.99,7,0.1
180,0.0,12,0.4331666666666667,0.00022421345056500286,0.05966777354478836,0.011097237467765808,0.5383097529411316,0.21429380774497986,,,,dqn_icm,cartpole,sparse,0.01,0.99,7,0.1
181,0.0,11,0.43000000000000005,0.00011936024384340271,0.080378457903862,0.008258571848273277,0.5517797470092773,0.22022145986557007,,,,dqn_icm,cartpole,sparse,0.01,0.99,7,0.1
182,0.0,11,0.4268333333333333,8.962171705206856e-05,0.08617803454399109,0.009130779653787613,0.5517797470092773,0.22022145986557007,,,,dqn_icm,cartpole,sparse,0.01,0.99,7,0.1
183,0.0,17,0.42366666666666664,0.00012501288438215852,0.0878404974937439,0.009473655372858047,0.5517797470092773,0.22022145986557007,,,,dqn_icm,cartpole,sparse,0.01,0.99,7,0.1
184,0.0,9,0.4205,9.030145884025842e-05,0.061143502593040466,0.006677174940705299,0.5607996582984924,0.14318057894706726,,,,dqn_icm,cartpole,sparse,0.01,0.99,7,0.1
185,0.0,14,0.41733333333333344,8.927744056563824e-05,0.06140246242284775,0.008510017767548561,0.5607996582984924,0.14318057894706726,,,,dqn_icm,cartpole,sparse,0.01,0.99,7,0.1
186,0.0,16,0.4141666666666667,0.00019087482360191643,0.09425146132707596,0.015355464071035385,0.5607996582984924,0.14318057894706726,,,,dqn_icm,cartpole,sparse,0.01,0.99,7,0.1
187,0.0,9,0.41100000000000003,0.00016535259783267975,0.0882510393857956,0.008024019189178944,0.5607996582984924,0.14318057894706726,,,,dqn_icm,cartpole,sparse,0.01,0.99,7,0.1
188,0.0,9,0.4078333333333334,0.00023000550572760403,0.05218388885259628,0.015291457995772362,0.5661346316337585,0.13949483633041382,,,,dqn_icm,cartpole,sparse,0.01,0.99,7,0.1
189,0.0,14,0.4046666666666666,0.00023791941930539906,0.06615345925092697,0.008846156299114227,0.5661346316337585,0.13949483633041382,,,,dqn_icm,cartpole,sparse,0.01,0.99,7,0.1
190,0.0,10,0.4015000000000001,0.0004474871384445578,0.09350854158401489,0.021699536591768265,0.5661346316337585,0.13949483633041382,,,,dqn_icm,cartpole,sparse,0.01,0.99,7,0.1
191,0.0,10,0.39833333333333343,0.00012300675734877586,0.08251909911632538,0.012049613520503044,0.5450465679168701,0.18094557523727417,,,,dqn_icm,cartpole,sparse,0.01,0.99,7,0.1
192,0.0,8,0.39516666666666667,0.00014982576249167323,0.06247159466147423,0.014101436361670494,0.5450465679168701,0.18094557523727417,,,,dqn_icm,cartpole,sparse,0.01,0.99,7,0.1
193,0.0,9,0.392,0.00020027656864840537,0.07279890775680542,0.015661077573895454,0.5450465679168701,0.18094557523727417,,,,dqn_icm,cartpole,sparse,0.01,0.99,7,0.1
194,0.0,13,0.38883333333333336,0.00042520611896179616,0.07616856694221497,0.01633000746369362,0.5450465679168701,0.18094557523727417,,,,dqn_icm,cartpole,sparse,0.01,0.99,7,0.1
195,0.0,9,0.3856666666666667,0.00035258568823337555,0.09118226170539856,0.018117982894182205,0.5525624752044678,0.20190410315990448,,,,dqn_icm,cartpole,sparse,0.01,0.99,7,0.1
196,0.0,11,0.38250000000000006,9.308614971814677e-05,0.08119691908359528,0.01014395710080862,0.5525624752044678,0.20190410315990448,,,,dqn_icm,cartpole,sparse,0.01,0.99,7,0.1
197,0.0,10,0.3793333333333334,0.00011808375711552799,0.07040607929229736,0.009764019399881363,0.5525624752044678,0.20190410315990448,,,,dqn_icm,cartpole,sparse,0.01,0.99,7,0.1
198,0.0,12,0.37616666666666676,0.00016631424659863114,0.06902089715003967,0.011933362111449242,0.5525624752044678,0.20190410315990448,,,,dqn_icm,cartpole,sparse,0.01,0.99,7,0.1
199,0.0,9,0.373,0.00017015474440995604,0.06212206929922104,0.01013513095676899,0.5414373278617859,0.14404848217964172,,,,dqn_icm,cartpole,sparse,0.01,0.99,7,0.1
200,0.0,9,0.36983333333333335,7.770931551931426e-05,0.06657632440328598,0.008251945488154888,0.5414373278617859,0.14404848217964172,0.0,0.0,9.1,dqn_icm,cartpole,sparse,0.01,0.99,7,0.1
201,0.0,13,0.3666666666666667,0.00012841852731071413,0.09563653916120529,0.010445721447467804,0.5414373278617859,0.14404848217964172,,,,dqn_icm,cartpole,sparse,0.01,0.99,7,0.1
202,0.0,11,0.36350000000000005,7.644749712198973e-05,0.07772669196128845,0.006767749786376953,0.5414373278617859,0.14404848217964172,,,,dqn_icm,cartpole,sparse,0.01,0.99,7,0.1
203,0.0,11,0.3603333333333334,0.00014597141125705093,0.07710015773773193,0.007948718033730984,0.5587215423583984,0.18705597519874573,,,,dqn_icm,cartpole,sparse,0.01,0.99,7,0.1
204,0.0,10,0.35716666666666674,0.00020940024114679545,0.05731131136417389,0.011954030022025108,0.5587215423583984,0.18705597519874573,,,,dqn_icm,cartpole,sparse,0.01,0.99,7,0.1
205,0.0,10,0.354,6.129727989900857e-05,0.081520214676857,0.005170042626559734,0.5587215423583984,0.18705597519874573,,,,dqn_icm,cartpole,sparse,0.01,0.99,7,0.1
206,0.0,10,0.35083333333333333,4.975135743734427e-05,0.08193406462669373,0.007372649852186441,0.5587215423583984,0.18705597519874573,,,,dqn_icm,cartpole,sparse,0.01,0.99,7,0.1
207,0.0,9,0.3476666666666667,0.00013858528109267354,0.0673975944519043,0.007348136976361275,0.5418112874031067,0.15662848949432373,,,,dqn_icm,cartpole,sparse,0.01,0.99,7,0.1
208,0.0,14,0.34450000000000003,9.343705460196361e-05,0.0968688502907753,0.00740569643676281,0.5418112874031067,0.15662848949432373,,,,dqn_icm,cartpole,sparse,0.01,0.99,7,0.1
209,0.0,11,0.3413333333333334,0.00022324187739286572,0.09564648568630219,0.011277230456471443,0.5418112874031067,0.15662848949432373,,,,dqn_icm,cartpole,sparse,0.01,0.99,7,0.1
210,0.0,14,0.3381666666666667,0.00029182081925682724,0.07103108614683151,0.014347461983561516,0.5437937378883362,0.1684352159500122,,,,dqn_icm,cartpole,sparse,0.01,0.99,7,0.1
211,0.0,20,0.3350000000000001,0.00013045316154602915,0.084571972489357,0.009802576154470444,0.5437937378883362,0.1684352159500122,,,,dqn_icm,cartpole,sparse,0.01,0.99,7,0.1
212,0.0,13,0.3318333333333333,8.785537647781894e-05,0.08354607969522476,0.008914723061025143,0.5437937378883362,0.1684352159500122,,,,dqn_icm,cartpole,sparse,0.01,0.99,7,0.1
213,0.0,10,0.32866666666666666,0.00014804619422648102,0.08342953026294708,0.0074271271005272865,0.5504925847053528,0.2019948661327362,,,,dqn_icm,cartpole,sparse,0.01,0.99,7,0.1
214,0.0,18,0.3255,0.0001943445240613073,0.0767059177160263,0.010742188431322575,0.5504925847053528,0.2019948661327362,,,,dqn_icm,cartpole,sparse,0.01,0.99,7,0.1
215,0.0,11,0.32233333333333336,5.332202636054717e-05,0.08407501876354218,0.004531173966825008,0.5504925847053528,0.2019948661327362,,,,dqn_icm,cartpole,sparse,0.01,0.99,7,0.1
216,0.0,11,0.3191666666666667,0.00028859914164058864,0.08126586675643921,0.01242508739233017,0.538957417011261,0.170619934797287,,,,dqn_icm,cartpole,sparse,0.01,0.99,7,0.1
217,0.0,10,0.31600000000000006,0.00023167880135588348,0.09047918021678925,0.011748263612389565,0.538957417011261,0.170619934797287,,,,dqn_icm,cartpole,sparse,0.01,0.99,7,0.1
218,0.0,18,0.3128333333333333,0.00038849120028316975,0.0639621913433075,0.02038954384624958,0.538957417011261,0.170619934797287,,,,dqn_icm,cartpole,sparse,0.01,0.99,7,0.1
219,0.0,12,0.30966666666666665,0.00026374729350209236,0.08682771027088165,0.013892775401473045,0.5518290400505066,0.20017816126346588,,,,dqn_icm,cartpole,sparse,0.01,0.99,7,0.1
220,0.0,12,0.3065,0.0006117492448538542,0.09721784293651581,0.020035918802022934,0.5518290400505066,0.20017816126346588,,,,dqn_icm,cartpole,sparse,0.01,0.99,7,0.1
221,0.0,10,0.30333333333333345,0.0007762971799820662,0.06551612913608551,0.025031697005033493,0.5518290400505066,0.20017816126346588,,,,dqn_icm,cartpole,sparse,0.01,0.99,7,0.1
222,0.0,15,0.3001666666666667,0.0003704502305481583,0.09184946119785309,0.016120966523885727,0.557648777961731,0.2289648950099945,,,,dqn_icm,cartpole,sparse,0.01,0.99,7,0.1
223,0.0,12,0.29700000000000004,6.022580782882869e-05,0.08709098398685455,0.007248482666909695,0.557648777961731,0.2289648950099945,,,,dqn_icm,cartpole,sparse,0.01,0.99,7,0.1
224,0.0,12,0.2938333333333334,0.0001284310274058953,0.08717598021030426,0.00976373627781868,0.557648777961731,0.2289648950099945,,,,dqn_icm,cartpole,sparse,0.01,0.99,7,0.1
225,0.0,11,0.29066666666666663,0.00022470380645245314,0.08327223360538483,0.012021178379654884,0.5548389554023743,0.18346703052520752,,,,dqn_icm,cartpole,sparse,0.01,0.99,7,0.1
226,0.0,10,0.2875000000000001,0.0002837394131347537,0.08886557072401047,0.012327289208769798,0.5548389554023743,0.18346703052520752,,,,dqn_icm,cartpole,sparse,0.01,0.99,7,0.1
227,0.0,12,0.28433333333333344,9.391889034304768e-05,0.06398377567529678,0.01127469353377819,0.5548389554023743,0.18346703052520752,,,,dqn_icm,cartpole,sparse,0.01,0.99,7,0.1
228,0.0,13,0.2811666666666667,8.272530976682901e-05,0.08795866370201111,0.007186430506408215,0.5548389554023743,0.18346703052520752,,,,dqn_icm,cartpole,sparse,0.01,0.99,7,0.1
229,0.0,11,0.278,0.00024075046530924737,0.09857749193906784,0.009635889902710915,0.5447498559951782,0.2247776836156845,,,,dqn_icm,cartpole,sparse,0.01,0.99,7,0.1
230,0.0,9,0.2748333333333334,0.00012342268018983305,0.08623093366622925,0.011964640580117702,0.5447498559951782,0.2247776836156845,,,,dqn_icm,cartpole,sparse,0.01,0.99,7,0.1
231,0.0,10,0.2716666666666666,4.4225995225133374e-05,0.07235454767942429,0.005382198840379715,0.5447498559951782,0.2247776836156845,,,,dqn_icm,cartpole,sparse,0.01,0.99,7,0.1
232,0.0,10,0.26850000000000007,0.00016123308159876615,0.0929124727845192,0.010610828176140785,0.5447498559951782,0.2247776836156845,,,,dqn_icm,cartpole,sparse,0.01,0.99,7,0.1
233,0.0,10,0.2653333333333334,0.0001000513366307132,0.09337124228477478,0.007505735382437706,0.5263617038726807,0.20045095682144165,,,,dqn_icm,cartpole,sparse,0.01,0.99,7,0.1
234,0.0,12,0.26216666666666677,9.79311007540673e-05,0.08026769757270813,0.007550468668341637,0.5263617038726807,0.20045095682144165,,,,dqn_icm,cartpole,sparse,0.01,0.99,7,0.1
235,0.0,11,0.259,7.787697541061789e-05,0.07368534803390503,0.006162046920508146,0.5263617038726807,0.20045095682144165,,,,dqn_icm,cartpole,sparse,0.01,0.99,7,0.1
236,0.0,10,0.25583333333333336,0.00011228269431740046,0.08726915717124939,0.009006456471979618,0.5263617038726807,0.20045095682144165,,,,dqn_icm,cartpole,sparse,0.01,0.99,7,0.1
237,0.0,13,0.2526666666666667,0.0004177915398031473,0.09788922965526581,0.01443660631775856,0.5577934980392456,0.21358615159988403,,,,dqn_icm,cartpole,sparse,0.01,0.99,7,0.1
238,0.0,8,0.24950000000000006,0.00015991598775144666,0.0876118540763855,0.011327989399433136,0.5577934980392456,0.21358615159988403,,,,dqn_icm,cartpole,sparse,0.01,0.99,7,0.1
239,0.0,11,0.2463333333333334,0.0001389461976941675,0.07425795495510101,0.01126149669289589,0.5577934980392456,0.21358615159988403,,,,dqn_icm,cartpole,sparse,0.01,0.99,7,0.1
240,0.0,9,0.24316666666666675,0.00024159898748621345,0.07878266274929047,0.016469154506921768,0.5577934980392456,0.21358615159988403,,,,dqn_icm,cartpole,sparse,0.01,0.99,7,0.1
241,0.0,8,0.24,0.00018934864783659577,0.07325424253940582,0.011963564902544022,0.5298502445220947,0.2168976217508316,,,,dqn_icm,cartpole,sparse,0.01,0.99,7,0.1
242,0.0,11,0.23683333333333334,0.00024281554215122014,0.08942046761512756,0.016772832721471786,0.5298502445220947,0.2168976217508316,,,,dqn_icm,cartpole,sparse,0.01,0.99,7,0.1
243,0.0,9,0.2336666666666667,0.00015735419583506882,0.10789375007152557,0.010680913925170898,0.5298502445220947,0.2168976217508316,,,,dqn_icm,cartpole,sparse,0.01,0.99,7,0.1
244,0.0,11,0.23050000000000004,7.018503674771637e-05,0.0770619660615921,0.008009642362594604,0.5298502445220947,0.2168976217508316,,,,dqn_icm,cartpole,sparse,0.01,0.99,7,0.1
245,0.0,12,0.2273333333333334,0.0001151756223407574,0.08547952771186829,0.007760594133287668,0.5274943709373474,0.2776588797569275,,,,dqn_icm,cartpole,sparse,0.01,0.99,7,0.1
246,0.0,9,0.22416666666666674,6.088090594857931e-05,0.0893903523683548,0.007362510077655315,0.5274943709373474,0.2776588797569275,,,,dqn_icm,cartpole,sparse,0.01,0.99,7,0.1
247,0.0,10,0.22100000000000009,0.0001219430414494127,0.09399759769439697,0.006706843618303537,0.5274943709373474,0.2776588797569275,,,,dqn_icm,cartpole,sparse,0.01,0.99,7,0.1
248,0.0,13,0.21783333333333332,4.380521204438992e-05,0.09596461057662964,0.005922598764300346,0.5432456135749817,0.24356380105018616,,,,dqn_icm,cartpole,sparse,0.01,0.99,7,0.1
249,0.0,15,0.21466666666666667,2.528351433284115e-05,0.07570117712020874,0.004072030074894428,0.5432456135749817,0.24356380105018616,,,,dqn_icm,cartpole,sparse,0.01,0.99,7,0.1
250,0.0,10,0.21150000000000002,0.00010271991777699441,0.08955107629299164,0.006755007430911064,0.5432456135749817,0.24356380105018616,0.0,0.0,9.1,dqn_icm,cartpole,sparse,0.01,0.99,7,0.1
251,0.0,8,0.20833333333333337,3.962354458053596e-05,0.09139925241470337,0.005372967571020126,0.5432456135749817,0.24356380105018616,,,,dqn_icm,cartpole,sparse,0.01,0.99,7,0.1
252,0.0,10,0.20516666666666672,1.5159193935687654e-05,0.08303984999656677,0.0035969256423413754,0.5351840853691101,0.19959449768066406,,,,dqn_icm,cartpole,sparse,0.01,0.99,7,0.1
253,0.0,11,0.20200000000000007,5.381415758165531e-05,0.0869297906756401,0.0066102370619773865,0.5351840853691101,0.19959449768066406,,,,dqn_icm,cartpole,sparse,0.01,0.99,7,0.1
254,0.0,9,0.1988333333333333,0.0003203635278623551,0.09094931185245514,0.0125263761729002,0.5351840853691101,0.19959449768066406,,,,dqn_icm,cartpole,sparse,0.01,0.99,7,0.1
255,0.0,10,0.19566666666666666,3.138105967082083e-05,0.09598784148693085,0.00561100710183382,0.5351840853691101,0.19959449768066406,,,,dqn_icm,cartpole,sparse,0.01,0.99,7,0.1
256,0.0,10,0.1925,5.031831096857786e-05,0.11035824567079544,0.005289887078106403,0.509565532207489,0.25136440992355347,,,,dqn_icm,cartpole,sparse,0.01,0.99,7,0.1
257,0.0,9,0.18933333333333335,6.749900057911873e-05,0.09153422713279724,0.006728740409016609,0.509565532207489,0.25136440992355347,,,,dqn_icm,cartpole,sparse,0.01,0.99,7,0.1
258,0.0,10,0.1861666666666667,0.00015961438475642353,0.08927261829376221,0.0067867557518184185,0.509565532207489,0.25136440992355347,,,,dqn_icm,cartpole,sparse,0.01,0.99,7,0.1
259,0.0,11,0.18300000000000005,0.0002787366684060544,0.07884587347507477,0.012123750522732735,0.509565532207489,0.25136440992355347,,,,dqn_icm,cartpole,sparse,0.01,0.99,7,0.1
260,0.0,11,0.1798333333333334,0.00017040115199051797,0.08550882339477539,0.008640171959996223,0.5423092246055603,0.19653549790382385,,,,dqn_icm,cartpole,sparse,0.01,0.99,7,0.1
261,0.0,13,0.17666666666666664,0.0001731776283122599,0.09015104919672012,0.013813061639666557,0.5423092246055603,0.19653549790382385,,,,dqn_icm,cartpole,sparse,0.01,0.99,7,0.1
262,0.0,10,0.1735,0.00010134982585441321,0.06532163172960281,0.010910239070653915,0.5423092246055603,0.19653549790382385,,,,dqn_icm,cartpole,sparse,0.01,0.99,7,0.1
263,0.0,10,0.17033333333333345,0.000251548714004457,0.08095166087150574,0.017136313021183014,0.5423092246055603,0.19653549790382385,,,,dqn_icm,cartpole,sparse,0.01,0.99,7,0.1
264,0.0,8,0.16716666666666669,8.037007501116022e-05,0.10287769883871078,0.008111218921840191,0.5246309638023376,0.2194836139678955,,,,dqn_icm,cartpole,sparse,0.01,0.99,7,0.1
265,0.0,9,0.16400000000000003,0.00014722667401656508,0.09851396083831787,0.012865342199802399,0.5246309638023376,0.2194836139678955,,,,dqn_icm,cartpole,sparse,0.01,0.99,7,0.1
266,0.0,11,0.16083333333333338,8.268439705716446e-05,0.07076071947813034,0.006231950130313635,0.5246309638023376,0.2194836139678955,,,,dqn_icm,cartpole,sparse,0.01,0.99,7,0.1
267,0.0,9,0.15766666666666662,0.0001349311351077631,0.09115050733089447,0.008389206603169441,0.5246309638023376,0.2194836139678955,,,,dqn_icm,cartpole,sparse,0.01,0.99,7,0.1
268,0.0,12,0.15450000000000008,0.00013558233331423253,0.07602271437644958,0.005488424561917782,0.5241395235061646,0.22505703568458557,,,,dqn_icm,cartpole,sparse,0.01,0.99,7,0.1
269,0.0,10,0.15133333333333343,0.00013966576079837978,0.08742456138134003,0.0065075610764324665,0.5241395235061646,0.22505703568458557,,,,dqn_icm,cartpole,sparse,0.01,0.99,7,0.1
270,0.0,9,0.14816666666666678,0.0001268292689928785,0.08319231122732162,0.008274329826235771,0.5241395235061646,0.22505703568458557,,,,dqn_icm,cartpole,sparse,0.01,0.99,7,0.1
271,0.0,9,0.14500000000000002,0.0002683222701307386,0.10989336669445038,0.0110561428591609,0.5241395235061646,0.22505703568458557,,,,dqn_icm,cartpole,sparse,0.01,0.99,7,0.1
272,0.0,10,0.14183333333333337,5.993595550535247e-05,0.09043555706739426,0.00839243270456791,0.5312836170196533,0.2300170212984085,,,,dqn_icm,cartpole,sparse,0.01,0.99,7,0.1
273,0.0,9,0.13866666666666672,0.0001677351101534441,0.07345235347747803,0.011919953860342503,0.5312836170196533,0.2300170212984085,,,,dqn_icm,cartpole,sparse,0.01,0.99,7,0.1
274,0.0,9,0.13550000000000006,8.868453733157367e-05,0.08487828075885773,0.007661767769604921,0.5312836170196533,0.2300170212984085,,,,dqn_icm,cartpole,sparse,0.01,0.99,7,0.1
275,0.0,10,0.1323333333333334,0.00032564933644607663,0.1078549474477768,0.021166346967220306,0.5312836170196533,0.2300170212984085,,,,dqn_icm,cartpole,sparse,0.01,0.99,7,0.1
276,0.0,10,0.12916666666666676,2.998278068844229e-05,0.08619381487369537,0.005381651688367128,0.5128188729286194,0.16829505562782288,,,,dqn_icm,cartpole,sparse,0.01,0.99,7,0.1
277,0.0,9,0.126,0.00029400514904409647,0.08191452920436859,0.017784282565116882,0.5128188729286194,0.16829505562782288,,,,dqn_icm,cartpole,sparse,0.01,0.99,7,0.1
278,0.0,10,0.12283333333333335,0.00023118406534194946,0.09137289226055145,0.016949640586972237,0.5128188729286194,0.16829505562782288,,,,dqn_icm,cartpole,sparse,0.01,0.99,7,0.1
279,0.0,9,0.1196666666666667,0.00020291311375331134,0.09317035973072052,0.011163463816046715,0.5128188729286194,0.16829505562782288,,,,dqn_icm,cartpole,sparse,0.01,0.99,7,0.1
280,0.0,8,0.11650000000000005,6.924868648638949e-05,0.08867939561605453,0.007032731547951698,0.5318415760993958,0.22619661688804626,,,,dqn_icm,cartpole,sparse,0.01,0.99,7,0.1
281,0.0,8,0.1133333333333334,0.0005560315330512822,0.09628065675497055,0.011851180344820023,0.5318415760993958,0.22619661688804626,,,,dqn_icm,cartpole,sparse,0.01,0.99,7,0.1
282,0.0,10,0.11016666666666675,0.000367943721357733,0.10605379939079285,0.01740664802491665,0.5318415760993958,0.22619661688804626,,,,dqn_icm,cartpole,sparse,0.01,0.99,7,0.1
283,0.0,10,0.1070000000000001,0.000493851606734097,0.07789935171604156,0.015898756682872772,0.5318415760993958,0.22619661688804626,,,,dqn_icm,cartpole,sparse,0.01,0.99,7,0.1
284,0.0,9,0.10383333333333333,0.0002909174363594502,0.06083964556455612,0.01763184741139412,0.5318415760993958,0.22619661688804626,,,,dqn_icm,cartpole,sparse,0.01,0.99,7,0.1
285,0.0,8,0.10066666666666668,0.00031947431853041053,0.084507055580616,0.01745680347084999,0.5081852078437805,0.22330719232559204,,,,dqn_icm,cartpole,sparse,0.01,0.99,7,0.1
286,0.0,9,0.09750000000000003,0.00017937087977770716,0.09099643677473068,0.015522978268563747,0.5081852078437805,0.22330719232559204,,,,dqn_icm,cartpole,sparse,0.01,0.99,7,0.1
287,0.0,9,0.09433333333333338,0.0004424222861416638,0.11667895317077637,0.024417724460363388,0.5081852078437805,0.22330719232559204,,,,dqn_icm,cartpole,sparse,0.01,0.99,7,0.1
288,0.0,10,0.09116666666666673,0.00030266313115134835,0.07433325797319412,0.0126432403922081,0.5081852078437805,0.22330719232559204,,,,dqn_icm,cartpole,sparse,0.01,0.99,7,0.1
289,0.0,12,0.08800000000000008,5.2066701755393296e-05,0.08821403980255127,0.006677751429378986,0.5186748504638672,0.2691277861595154,,,,dqn_icm,cartpole,sparse,0.01,0.99,7,0.1
290,0.0,11,0.08483333333333332,0.00019144710677210242,0.07298076152801514,0.008235089480876923,0.5186748504638672,0.2691277861595154,,,,dqn_icm,cartpole,sparse,0.01,0.99,7,0.1
291,0.0,10,0.08166666666666667,9.098560258280486e-05,0.10121926665306091,0.011216355487704277,0.5186748504638672,0.2691277861595154,,,,dqn_icm,cartpole,sparse,0.01,0.99,7,0.1
292,0.0,11,0.07850000000000001,0.00025828374782577157,0.09347594529390335,0.012122852727770805,0.5186748504638672,0.2691277861595154,,,,dqn_icm,cartpole,sparse,0.01,0.99,7,0.1
293,0.0,9,0.07533333333333336,0.00018326676217839122,0.1159537136554718,0.014588095247745514,0.4768620431423187,0.32640954852104187,,,,dqn_icm,cartpole,sparse,0.01,0.99,7,0.1
294,0.0,11,0.07216666666666671,9.549454262014478e-05,0.09119030833244324,0.009046054445207119,0.4768620431423187,0.32640954852104187,,,,dqn_icm,cartpole,sparse,0.01,0.99,7,0.1
295,0.0,13,0.06900000000000006,0.00012379356485325843,0.0821828693151474,0.012380268424749374,0.4768620431423187,0.32640954852104187,,,,dqn_icm,cartpole,sparse,0.01,0.99,7,0.1
296,0.0,10,0.06583333333333341,9.209873678628355e-05,0.08869360387325287,0.009899061173200607,0.5470585227012634,0.1882718801498413,,,,dqn_icm,cartpole,sparse,0.01,0.99,7,0.1
297,0.0,10,0.06266666666666665,0.0002687852247618139,0.09713348746299744,0.013408941216766834,0.5470585227012634,0.1882718801498413,,,,dqn_icm,cartpole,sparse,0.01,0.99,7,0.1
298,0.0,9,0.0595,6.989744724705815e-05,0.08918285369873047,0.006009517703205347,0.5470585227012634,0.1882718801498413,,,,dqn_icm,cartpole,sparse,0.01,0.99,7,0.1
299,0.0,9,0.05633333333333346,0.00023530941689386964,0.08490437269210815,0.00929640606045723,0.5470585227012634,0.1882718801498413,,,,dqn_icm,cartpole,sparse,0.01,0.99,7,0.1
300,0.0,9,0.053166666666666695,0.0001245845342054963,0.08781855553388596,0.006350941024720669,0.5470585227012634,0.1882718801498413,0.0,0.0,9.1,dqn_icm,cartpole,sparse,0.01,0.99,7,0.1
301,0.0,10,0.050000000000000044,0.00011618838470894843,0.0932704359292984,0.006531788036227226,0.542503833770752,0.20191746950149536,,,,dqn_icm,cartpole,sparse,0.01,0.99,7,0.1
302,0.0,10,0.050000000000000044,0.00020479854720178992,0.08671589195728302,0.00945642963051796,0.542503833770752,0.20191746950149536,,,,dqn_icm,cartpole,sparse,0.01,0.99,7,0.1
303,0.0,9,0.050000000000000044,0.000196822511497885,0.10384100675582886,0.012344401329755783,0.542503833770752,0.20191746950149536,,,,dqn_icm,cartpole,sparse,0.01,0.99,7,0.1
304,0.0,11,0.050000000000000044,0.00017723627388477325,0.09950781613588333,0.011983459815382957,0.542503833770752,0.20191746950149536,,,,dqn_icm,cartpole,sparse,0.01,0.99,7,0.1
305,0.0,10,0.050000000000000044,7.672402716707438e-05,0.07685063779354095,0.008263980969786644,0.5272719264030457,0.20858168601989746,,,,dqn_icm,cartpole,sparse,0.01,0.99,7,0.1
306,0.0,10,0.050000000000000044,0.00012429195339791477,0.0838441550731659,0.008822491392493248,0.5272719264030457,0.20858168601989746,,,,dqn_icm,cartpole,sparse,0.01,0.99,7,0.1
307,0.0,9,0.050000000000000044,5.181973392609507e-05,0.09678049385547638,0.0066687376238405704,0.5272719264030457,0.20858168601989746,,,,dqn_icm,cartpole,sparse,0.01,0.99,7,0.1
308,0.0,10,0.050000000000000044,9.394595690537244e-05,0.06726205348968506,0.008624328300356865,0.5272719264030457,0.20858168601989746,,,,dqn_icm,cartpole,sparse,0.01,0.99,7,0.1
309,0.0,9,0.050000000000000044,5.5380503908963874e-05,0.09450991451740265,0.007577851880341768,0.5261039137840271,0.2776953876018524,,,,dqn_icm,cartpole,sparse,0.01,0.99,7,0.1
310,0.0,10,0.050000000000000044,0.0001350075181107968,0.10627634823322296,0.009245999157428741,0.5261039137840271,0.2776953876018524,,,,dqn_icm,cartpole,sparse,0.01,0.99,7,0.1
311,0.0,10,0.050000000000000044,1.4922397895134054e-05,0.09108816087245941,0.003390638157725334,0.5261039137840271,0.2776953876018524,,,,dqn_icm,cartpole,sparse,0.01,0.99,7,0.1
312,0.0,10,0.050000000000000044,0.00015200024063233286,0.07511460036039352,0.010781981982290745,0.5261039137840271,0.2776953876018524,,,,dqn_icm,cartpole,sparse,0.01,0.99,7,0.1
313,0.0,9,0.050000000000000044,0.00013322006270755082,0.09446631371974945,0.005579156335443258,0.5121697783470154,0.2582445740699768,,,,dqn_icm,cartpole,sparse,0.01,0.99,7,0.1
314,0.0,8,0.050000000000000044,1.6689686162862927e-05,0.10766732692718506,0.004600237123668194,0.5121697783470154,0.2582445740699768,,,,dqn_icm,cartpole,sparse,0.01,0.99,7,0.1
315,0.0,8,0.050000000000000044,9.414099622517824e-05,0.08681850135326385,0.008076838217675686,0.5121697783470154,0.2582445740699768,,,,dqn_icm,cartpole,sparse,0.01,0.99,7,0.1
316,0.0,10,0.050000000000000044,7.691908103879541e-05,0.08923215419054031,0.005959403235465288,0.5121697783470154,0.2582445740699768,,,,dqn_icm,cartpole,sparse,0.01,0.99,7,0.1
317,0.0,11,0.050000000000000044,0.00012521198368631303,0.10724074393510818,0.008084963075816631,0.5011714100837708,0.28389978408813477,,,,dqn_icm,cartpole,sparse,0.01,0.99,7,0.1
318,0.0,10,0.050000000000000044,7.68537720432505e-05,0.10387840867042542,0.0070870304480195045,0.5011714100837708,0.28389978408813477,,,,dqn_icm,cartpole,sparse,0.01,0.99,7,0.1
319,0.0,10,0.050000000000000044,0.00021120632300153375,0.09380285441875458,0.012755217961966991,0.5011714100837708,0.28389978408813477,,,,dqn_icm,cartpole,sparse,0.01,0.99,7,0.1
320,0.0,12,0.050000000000000044,0.000139939715154469,0.08748872578144073,0.007388167083263397,0.5011714100837708,0.28389978408813477,,,,dqn_icm,cartpole,sparse,0.01,0.99,7,0.1
321,0.0,10,0.050000000000000044,0.00014463681145571172,0.12522420287132263,0.009504899382591248,0.5283171534538269,0.3499661087989807,,,,dqn_icm,cartpole,sparse,0.01,0.99,7,0.1
322,0.0,10,0.050000000000000044,0.00017697589646559209,0.0848684012889862,0.007824106141924858,0.5283171534538269,0.3499661087989807,,,,dqn_icm,cartpole,sparse,0.01,0.99,7,0.1
323,0.0,10,0.050000000000000044,0.00016053259605541825,0.09271521866321564,0.009477658197283745,0.5283171534538269,0.3499661087989807,,,,dqn_icm,cartpole,sparse,0.01,0.99,7,0.1
324,0.0,8,0.050000000000000044,6.71863672323525e-05,0.09766478836536407,0.005623226054012775,0.5283171534538269,0.3499661087989807,,,,dqn_icm,cartpole,sparse,0.01,0.99,7,0.1
325,0.0,9,0.050000000000000044,0.0014606458134949207,0.09787529706954956,0.04425017535686493,0.47430184483528137,0.25895774364471436,,,,dqn_icm,cartpole,sparse,0.01,0.99,7,0.1
326,0.0,10,0.050000000000000044,0.00032295379787683487,0.1429116129875183,0.013542378321290016,0.47430184483528137,0.25895774364471436,,,,dqn_icm,cartpole,sparse,0.01,0.99,7,0.1
327,0.0,9,0.050000000000000044,0.0004061096697114408,0.13900285959243774,0.024502914398908615,0.47430184483528137,0.25895774364471436,,,,dqn_icm,cartpole,sparse,0.01,0.99,7,0.1
328,0.0,9,0.050000000000000044,0.00031141043291427195,0.11828300356864929,0.016919037327170372,0.47430184483528137,0.25895774364471436,,,,dqn_icm,cartpole,sparse,0.01,0.99,7,0.1
329,0.0,11,0.050000000000000044,0.00010958620987366885,0.121953085064888,0.009486368857324123,0.47430184483528137,0.25895774364471436,,,,dqn_icm,cartpole,sparse,0.01,0.99,7,0.1
330,0.0,11,0.050000000000000044,0.00016084086382761598,0.10663196444511414,0.01368129812180996,0.4580323398113251,0.2944219708442688,,,,dqn_icm,cartpole,sparse,0.01,0.99,7,0.1
331,0.0,10,0.050000000000000044,0.00023537431843578815,0.13585034012794495,0.01641239784657955,0.4580323398113251,0.2944219708442688,,,,dqn_icm,cartpole,sparse,0.01,0.99,7,0.1
332,0.0,9,0.050000000000000044,0.00022097709006629884,0.14798878133296967,0.014526212587952614,0.4580323398113251,0.2944219708442688,,,,dqn_icm,cartpole,sparse,0.01,0.99,7,0.1
333,0.0,11,0.050000000000000044,0.00032879968057386577,0.11916148662567139,0.015088560059666634,0.5231360197067261,0.25579169392585754,,,,dqn_icm,cartpole,sparse,0.01,0.99,7,0.1
334,0.0,10,0.050000000000000044,8.774882007855922e-05,0.13310018181800842,0.009138326160609722,0.5231360197067261,0.25579169392585754,,,,dqn_icm,cartpole,sparse,0.01,0.99,7,0.1
335,0.0,9,0.050000000000000044,7.206352893263102e-05,0.14694717526435852,0.008423724211752415,0.5231360197067261,0.25579169392585754,,,,dqn_icm,cartpole,sparse,0.01,0.99,7,0.1
336,0.0,10,0.050000000000000044,0.0001770171948010102,0.10524551570415497,0.01554233767092228,0.5231360197067261,0.25579169392585754,,,,dqn_icm,cartpole,sparse,0.01,0.99,7,0.1
337,0.0,10,0.050000000000000044,3.969243698520586e-05,0.11384382843971252,0.007290206849575043,0.5231360197067261,0.25579169392585754,,,,dqn_icm,cartpole,sparse,0.01,0.99,7,0.1
338,0.0,9,0.050000000000000044,0.00014665040362160653,0.13642162084579468,0.01412882748991251,0.47196879982948303,0.27549439668655396,,,,dqn_icm,cartpole,sparse,0.01,0.99,7,0.1
339,0.0,10,0.050000000000000044,5.9457750467117876e-05,0.14883914589881897,0.007874849252402782,0.47196879982948303,0.27549439668655396,,,,dqn_icm,cartpole,sparse,0.01,0.99,7,0.1
340,0.0,9,0.050000000000000044,0.00012134639837313443,0.13017462193965912,0.011008989065885544,0.47196879982948303,0.27549439668655396,,,,dqn_icm,cartpole,sparse,0.01,0.99,7,0.1
341,0.0,10,0.050000000000000044,4.7677905968157575e-05,0.12540757656097412,0.007456664927303791,0.47196879982948303,0.27549439668655396,,,,dqn_icm,cartpole,sparse,0.01,0.99,7,0.1
342,0.0,9,0.050000000000000044,0.00028827847563661635,0.15135838091373444,0.013661449775099754,0.505746603012085,0.21427595615386963,,,,dqn_icm,cartpole,sparse,0.01,0.99,7,0.1
343,0.0,9,0.050000000000000044,0.00010415259748697281,0.10249942541122437,0.009331997483968735,0.505746603012085,0.21427595615386963,,,,dqn_icm,cartpole,sparse,0.01,0.99,7,0.1
344,0.0,9,0.050000000000000044,0.0001101041489164345,0.14958208799362183,0.009057953953742981,0.505746603012085,0.21427595615386963,,,,dqn_icm,cartpole,sparse,0.01,0.99,7,0.1
345,0.0,10,0.050000000000000044,6.544472125824541e-05,0.16228586435317993,0.00771147757768631,0.505746603012085,0.21427595615386963,,,,dqn_icm,cartpole,sparse,0.01,0.99,7,0.1
346,0.0,12,0.050000000000000044,4.504662501858547e-05,0.15230798721313477,0.006747608073055744,0.4815361797809601,0.22149881720542908,,,,dqn_icm,cartpole,sparse,0.01,0.99,7,0.1
347,0.0,9,0.050000000000000044,4.063967935508117e-05,0.12590575218200684,0.0060659488663077354,0.4815361797809601,0.22149881720542908,,,,dqn_icm,cartpole,sparse,0.01,0.99,7,0.1
348,0.0,10,0.050000000000000044,9.703518298920244e-05,0.1284041702747345,0.007974140346050262,0.4815361797809601,0.22149881720542908,,,,dqn_icm,cartpole,sparse,0.01,0.99,7,0.1
349,0.0,10,0.050000000000000044,3.999947148258798e-05,0.12093944102525711,0.005584024824202061,0.4815361797809601,0.22149881720542908,,,,dqn_icm,cartpole,sparse,0.01,0.99,7,0.1
350,0.0,9,0.050000000000000044,6.049484363757074e-05,0.11179056763648987,0.005582703277468681,0.47626543045043945,0.3107239603996277,0.0,0.0,9.1,dqn_icm,cartpole,sparse,0.01,0.99,7,0.1
351,0.0,8,0.050000000000000044,0.00010235147055936977,0.1546831578016281,0.0072245472110807896,0.47626543045043945,0.3107239603996277,,,,dqn_icm,cartpole,sparse,0.01,0.99,7,0.1
352,0.0,12,0.050000000000000044,0.0001644269796088338,0.13488256931304932,0.008761635050177574,0.47626543045043945,0.3107239603996277,,,,dqn_icm,cartpole,sparse,0.01,0.99,7,0.1
353,0.0,9,0.050000000000000044,0.00026150752091780305,0.13511796295642853,0.013169893994927406,0.47626543045043945,0.3107239603996277,,,,dqn_icm,cartpole,sparse,0.01,0.99,7,0.1
354,0.0,9,0.050000000000000044,0.00018727031419984996,0.10707252472639084,0.013181842863559723,0.5230526924133301,0.2580587863922119,,,,dqn_icm,cartpole,sparse,0.01,0.99,7,0.1
355,0.0,9,0.050000000000000044,0.00017166536417789757,0.12537530064582825,0.008840193971991539,0.5230526924133301,0.2580587863922119,,,,dqn_icm,cartpole,sparse,0.01,0.99,7,0.1
356,0.0,9,0.050000000000000044,9.276402852265164e-05,0.12894508242607117,0.007496064528822899,0.5230526924133301,0.2580587863922119,,,,dqn_icm,cartpole,sparse,0.01,0.99,7,0.1
357,0.0,10,0.050000000000000044,7.367526268353686e-05,0.14785830676555634,0.008751132525503635,0.5230526924133301,0.2580587863922119,,,,dqn_icm,cartpole,sparse,0.01,0.99,7,0.1
358,0.0,8,0.050000000000000044,7.232223288156092e-05,0.14491671323776245,0.009271259419620037,0.5230526924133301,0.2580587863922119,,,,dqn_icm,cartpole,sparse,0.01,0.99,7,0.1
359,0.0,14,0.050000000000000044,0.00016146365669555962,0.13498520851135254,0.012301919050514698,0.48154813051223755,0.29968124628067017,,,,dqn_icm,cartpole,sparse,0.01,0.99,7,0.1
360,0.0,8,0.050000000000000044,3.92223009839654e-05,0.15401911735534668,0.00621277280151844,0.48154813051223755,0.29968124628067017,,,,dqn_icm,cartpole,sparse,0.01,0.99,7,0.1
361,0.0,8,0.050000000000000044,7.621470285812393e-05,0.14115947484970093,0.0071310000494122505,0.48154813051223755,0.29968124628067017,,,,dqn_icm,cartpole,sparse,0.01,0.99,7,0.1
362,0.0,9,0.050000000000000044,3.993399514001794e-05,0.13775068521499634,0.0050011309795081615,0.48154813051223755,0.29968124628067017,,,,dqn_icm,cartpole,sparse,0.01,0.99,7,0.1
363,0.0,9,0.050000000000000044,2.833149119396694e-05,0.10971885919570923,0.005116679240018129,0.4688734710216522,0.33416247367858887,,,,dqn_icm,cartpole,sparse,0.01,0.99,7,0.1
364,0.0,8,0.050000000000000044,9.351583867100999e-05,0.13289767503738403,0.008838039822876453,0.4688734710216522,0.33416247367858887,,,,dqn_icm,cartpole,sparse,0.01,0.99,7,0.1
365,0.0,9,0.050000000000000044,9.26814682316035e-05,0.13082386553287506,0.008873661048710346,0.4688734710216522,0.33416247367858887,,,,dqn_icm,cartpole,sparse,0.01,0.99,7,0.1
366,0.0,9,0.050000000000000044,2.8990751161472872e-05,0.14551198482513428,0.005399049259722233,0.4688734710216522,0.33416247367858887,,,,dqn_icm,cartpole,sparse,0.01,0.99,7,0.1
367,0.0,9,0.050000000000000044,0.00012777528900187463,0.16102318465709686,0.011529452167451382,0.45522573590278625,0.3056093454360962,,,,dqn_icm,cartpole,sparse,0.01,0.99,7,0.1
368,0.0,10,0.050000000000000044,6.315434438874945e-05,0.1385844200849533,0.00651365565136075,0.45522573590278625,0.3056093454360962,,,,dqn_icm,cartpole,sparse,0.01,0.99,7,0.1
369,0.0,10,0.050000000000000044,4.279364657122642e-05,0.14699915051460266,0.005951204802840948,0.45522573590278625,0.3056093454360962,,,,dqn_icm,cartpole,sparse,0.01,0.99,7,0.1
370,0.0,11,0.050000000000000044,8.456724754069e-05,0.12949718534946442,0.008127639070153236,0.45522573590278625,0.3056093454360962,,,,dqn_icm,cartpole,sparse,0.01,0.99,7,0.1
371,0.0,10,0.050000000000000044,4.01822617277503e-05,0.10997387766838074,0.005014161579310894,0.48759207129478455,0.22974848747253418,,,,dqn_icm,cartpole,sparse,0.01,0.99,7,0.1
372,0.0,10,0.050000000000000044,6.856891559436917e-05,0.1158774346113205,0.007043551653623581,0.48759207129478455,0.22974848747253418,,,,dqn_icm,cartpole,sparse,0.01,0.99,7,0.1
373,0.0,12,0.050000000000000044,0.00018948869546875358,0.12057611346244812,0.010359622538089752,0.48759207129478455,0.22974848747253418,,,,dqn_icm,cartpole,sparse,0.01,0.99,7,0.1
374,0.0,10,0.050000000000000044,3.1502582714892924e-05,0.13960258662700653,0.005904482677578926,0.48759207129478455,0.22974848747253418,,,,dqn_icm,cartpole,sparse,0.01,0.99,7,0.1
375,0.0,13,0.050000000000000044,8.731926209293306e-05,0.15919849276542664,0.009190990589559078,0.4853130877017975,0.23928263783454895,,,,dqn_icm,cartpole,sparse,0.01,0.99,7,0.1
376,0.0,10,0.050000000000000044,0.00010758715507108718,0.14794325828552246,0.007587509695440531,0.4853130877017975,0.23928263783454895,,,,dqn_icm,cartpole,sparse,0.01,0.99,7,0.1
377,0.0,8,0.050000000000000044,6.484537152573466e-05,0.14809417724609375,0.007641006261110306,0.4853130877017975,0.23928263783454895,,,,dqn_icm,cartpole,sparse,0.01,0.99,7,0.1
378,0.0,11,0.050000000000000044,3.376853419467807e-05,0.13829559087753296,0.0055429101921617985,0.4853130877017975,0.23928263783454895,,,,dqn_icm,cartpole,sparse,0.01,0.99,7,0.1
379,0.0,10,0.050000000000000044,9.485424379818141e-05,0.15122012794017792,0.00838992279022932,0.4922049939632416,0.3087015151977539,,,,dqn_icm,cartpole,sparse,0.01,0.99,7,0.1
380,0.0,9,0.050000000000000044,0.0001369857636746019,0.1357337087392807,0.009142277762293816,0.4922049939632416,0.3087015151977539,,,,dqn_icm,cartpole,sparse,0.01,0.99,7,0.1
381,0.0,8,0.050000000000000044,9.815211524255574e-05,0.13410049676895142,0.009613296017050743,0.4922049939632416,0.3087015151977539,,,,dqn_icm,cartpole,sparse,0.01,0.99,7,0.1
382,0.0,9,0.050000000000000044,8.022198744583875e-05,0.12276242673397064,0.0079302117228508,0.4922049939632416,0.3087015151977539,,,,dqn_icm,cartpole,sparse,0.01,0.99,7,0.1
383,0.0,11,0.050000000000000044,9.043689351528883e-05,0.15180857479572296,0.006920053623616695,0.4799374043941498,0.2916691303253174,,,,dqn_icm,cartpole,sparse,0.01,0.99,7,0.1
384,0.0,9,0.050000000000000044,9.225300163961947e-05,0.1260509490966797,0.007047456689178944,0.4799374043941498,0.2916691303253174,,,,dqn_icm,cartpole,sparse,0.01,0.99,7,0.1
385,0.0,10,0.050000000000000044,0.00014392806042451411,0.12439344823360443,0.009495911188423634,0.4799374043941498,0.2916691303253174,,,,dqn_icm,cartpole,sparse,0.01,0.99,7,0.1
386,0.0,10,0.050000000000000044,0.00014507526066154242,0.1415860503911972,0.01140977069735527,0.4799374043941498,0.2916691303253174,,,,dqn_icm,cartpole,sparse,0.01,0.99,7,0.1
387,0.0,10,0.050000000000000044,0.00016025091463234276,0.1389341652393341,0.009233049117028713,0.5259815454483032,0.257293164730072,,,,dqn_icm,cartpole,sparse,0.01,0.99,7,0.1
388,0.0,11,0.050000000000000044,8.277497545350343e-05,0.13402283191680908,0.006648702546954155,0.5259815454483032,0.257293164730072,,,,dqn_icm,cartpole,sparse,0.01,0.99,7,0.1
389,0.0,9,0.050000000000000044,0.00015661597717553377,0.1193433627486229,0.01085505448281765,0.5259815454483032,0.257293164730072,,,,dqn_icm,cartpole,sparse,0.01,0.99,7,0.1
390,0.0,10,0.050000000000000044,0.00033386662835255265,0.1288657784461975,0.012598693370819092,0.5259815454483032,0.257293164730072,,,,dqn_icm,cartpole,sparse,0.01,0.99,7,0.1
391,0.0,9,0.050000000000000044,0.00019987690029665828,0.14277631044387817,0.01044740341603756,0.4856592118740082,0.24458777904510498,,,,dqn_icm,cartpole,sparse,0.01,0.99,7,0.1
392,0.0,14,0.050000000000000044,0.0001048903213813901,0.11478836834430695,0.011229039169847965,0.4856592118740082,0.24458777904510498,,,,dqn_icm,cartpole,sparse,0.01,0.99,7,0.1
393,0.0,9,0.050000000000000044,0.00011921817349502817,0.11996114999055862,0.008828647434711456,0.4856592118740082,0.24458777904510498,,,,dqn_icm,cartpole,sparse,0.01,0.99,7,0.1
394,0.0,9,0.050000000000000044,9.982855408452451e-05,0.11635236442089081,0.008348144590854645,0.4856592118740082,0.24458777904510498,,,,dqn_icm,cartpole,sparse,0.01,0.99,7,0.1
395,0.0,9,0.050000000000000044,4.061494837515056e-05,0.14111347496509552,0.005217529833316803,0.48655417561531067,0.23975998163223267,,,,dqn_icm,cartpole,sparse,0.01,0.99,7,0.1
396,0.0,10,0.050000000000000044,7.442777859978378e-05,0.13088160753250122,0.009246071800589561,0.48655417561531067,0.23975998163223267,,,,dqn_icm,cartpole,sparse,0.01,0.99,7,0.1
397,0.0,9,0.050000000000000044,3.586301318136975e-05,0.11954563856124878,0.005693130195140839,0.48655417561531067,0.23975998163223267,,,,dqn_icm,cartpole,sparse,0.01,0.99,7,0.1
398,0.0,8,0.050000000000000044,6.35788674117066e-05,0.13001638650894165,0.007885650731623173,0.48655417561531067,0.23975998163223267,,,,dqn_icm,cartpole,sparse,0.01,0.99,7,0.1
399,0.0,10,0.050000000000000044,2.539500746934209e-05,0.1262511909008026,0.004822139162570238,0.48655417561531067,0.23975998163223267,,,,dqn_icm,cartpole,sparse,0.01,0.99,7,0.1
400,0.0,9,0.050000000000000044,6.031551674823277e-05,0.1594260036945343,0.0058874934911727905,0.4648662507534027,0.2320561408996582,0.0,0.0,9.1,dqn_icm,cartpole,sparse,0.01,0.99,7,0.1
401,0.0,9,0.050000000000000044,7.446273230016232e-05,0.11962413787841797,0.00597020611166954,0.4648662507534027,0.2320561408996582,,,,dqn_icm,cartpole,sparse,0.01,0.99,7,0.1
402,0.0,8,0.050000000000000044,0.00010801574535435066,0.13300573825836182,0.007780378684401512,0.4648662507534027,0.2320561408996582,,,,dqn_icm,cartpole,sparse,0.01,0.99,7,0.1
403,0.0,11,0.050000000000000044,5.274559953249991e-05,0.1540553867816925,0.007779706735163927,0.4648662507534027,0.2320561408996582,,,,dqn_icm,cartpole,sparse,0.01,0.99,7,0.1
404,0.0,9,0.050000000000000044,5.0474845920689404e-05,0.12953025102615356,0.007227553054690361,0.45134079456329346,0.33404341340065,,,,dqn_icm,cartpole,sparse,0.01,0.99,7,0.1
405,0.0,8,0.050000000000000044,0.00017578416736796498,0.14103126525878906,0.012916166335344315,0.45134079456329346,0.33404341340065,,,,dqn_icm,cartpole,sparse,0.01,0.99,7,0.1
406,0.0,9,0.050000000000000044,2.608028080430813e-05,0.1362893134355545,0.005604767240583897,0.45134079456329346,0.33404341340065,,,,dqn_icm,cartpole,sparse,0.01,0.99,7,0.1
407,0.0,10,0.050000000000000044,8.018325752345845e-05,0.1268155574798584,0.005325890611857176,0.45134079456329346,0.33404341340065,,,,dqn_icm,cartpole,sparse,0.01,0.99,7,0.1
408,0.0,10,0.050000000000000044,7.727497722953558e-05,0.1439722776412964,0.006923943758010864,0.4650760293006897,0.2480216920375824,,,,dqn_icm,cartpole,sparse,0.01,0.99,7,0.1
409,0.0,10,0.050000000000000044,4.4940097723156214e-05,0.14660435914993286,0.006050697062164545,0.4650760293006897,0.2480216920375824,,,,dqn_icm,cartpole,sparse,0.01,0.99,7,0.1
410,0.0,9,0.050000000000000044,5.387606506701559e-05,0.13953277468681335,0.005441237241029739,0.4650760293006897,0.2480216920375824,,,,dqn_icm,cartpole,sparse,0.01,0.99,7,0.1
411,0.0,10,0.050000000000000044,7.757819548714906e-05,0.1489597111940384,0.008328686468303204,0.4650760293006897,0.2480216920375824,,,,dqn_icm,cartpole,sparse,0.01,0.99,7,0.1
412,0.0,10,0.050000000000000044,1.5767227523610927e-05,0.15460802614688873,0.003787365974858403,0.4133036434650421,0.22560611367225647,,,,dqn_icm,cartpole,sparse,0.01,0.99,7,0.1
413,0.0,10,0.050000000000000044,0.00017088919412344694,0.13179999589920044,0.0077091483399271965,0.4133036434650421,0.22560611367225647,,,,dqn_icm,cartpole,sparse,0.01,0.99,7,0.1
414,0.0,10,0.050000000000000044,0.00017520712572149932,0.15421368181705475,0.009230431169271469,0.4133036434650421,0.22560611367225647,,,,dqn_icm,cartpole,sparse,0.01,0.99,7,0.1
415,0.0,11,0.050000000000000044,5.237530422164127e-05,0.1379348784685135,0.007096986286342144,0.4133036434650421,0.22560611367225647,,,,dqn_icm,cartpole,sparse,0.01,0.99,7,0.1
416,0.0,9,0.050000000000000044,4.5699343900196254e-05,0.13697461783885956,0.005948805715888739,0.5090280771255493,0.2254619300365448,,,,dqn_icm,cartpole,sparse,0.01,0.99,7,0.1
417,0.0,9,0.050000000000000044,6.111754919402301e-05,0.13524329662322998,0.005430153571069241,0.5090280771255493,0.2254619300365448,,,,dqn_icm,cartpole,sparse,0.01,0.99,7,0.1
418,0.0,9,0.050000000000000044,0.00010794925037771463,0.13133671879768372,0.008202919736504555,0.5090280771255493,0.2254619300365448,,,,dqn_icm,cartpole,sparse,0.01,0.99,7,0.1
419,0.0,10,0.050000000000000044,2.7659014449454844e-05,0.12257671356201172,0.0038800237234681845,0.5090280771255493,0.2254619300365448,,,,dqn_icm,cartpole,sparse,0.01,0.99,7,0.1
420,0.0,9,0.050000000000000044,0.00010110012226505205,0.11152031272649765,0.0056670731864869595,0.5090280771255493,0.2254619300365448,,,,dqn_icm,cartpole,sparse,0.01,0.99,7,0.1
421,0.0,10,0.050000000000000044,4.800727765541524e-05,0.15024356544017792,0.004421276971697807,0.44286972284317017,0.3056689500808716,,,,dqn_icm,cartpole,sparse,0.01,0.99,7,0.1
422,0.0,11,0.050000000000000044,8.04524461273104e-05,0.14046210050582886,0.006250117905437946,0.44286972284317017,0.3056689500808716,,,,dqn_icm,cartpole,sparse,0.01,0.99,7,0.1
423,0.0,8,0.050000000000000044,9.365646837977692e-05,0.14348672330379486,0.0061945985071361065,0.44286972284317017,0.3056689500808716,,,,dqn_icm,cartpole,sparse,0.01,0.99,7,0.1
424,0.0,9,0.050000000000000044,0.00011258970334893093,0.13730379939079285,0.007015187758952379,0.44286972284317017,0.3056689500808716,,,,dqn_icm,cartpole,sparse,0.01,0.99,7,0.1
425,0.0,9,0.050000000000000044,3.062158793909475e-05,0.13877728581428528,0.005341153591871262,0.40673816204071045,0.29623091220855713,,,,dqn_icm,cartpole,sparse,0.01,0.99,7,0.1
426,0.0,10,0.050000000000000044,0.00027764926198869944,0.13852402567863464,0.012391124852001667,0.40673816204071045,0.29623091220855713,,,,dqn_icm,cartpole,sparse,0.01,0.99,7,0.1
427,0.0,9,0.050000000000000044,8.904674177756533e-05,0.1492648869752884,0.006856072694063187,0.40673816204071045,0.29623091220855713,,,,dqn_icm,cartpole,sparse,0.01,0.99,7,0.1
428,0.0,10,0.050000000000000044,0.00012644667003769428,0.14142310619354248,0.01002984307706356,0.40673816204071045,0.29623091220855713,,,,dqn_icm,cartpole,sparse,0.01,0.99,7,0.1
429,0.0,9,0.050000000000000044,7.38761737011373e-05,0.1256375014781952,0.008091355673968792,0.4406864643096924,0.21028143167495728,,,,dqn_icm,cartpole,sparse,0.01,0.99,7,0.1
430,0.0,9,0.050000000000000044,9.558101737638935e-05,0.1146305501461029,0.008198123425245285,0.4406864643096924,0.21028143167495728,,,,dqn_icm,cartpole,sparse,0.01,0.99,7,0.1
431,0.0,9,0.050000000000000044,4.986330168321729e-05,0.11875913292169571,0.007153051905333996,0.4406864643096924,0.21028143167495728,,,,dqn_icm,cartpole,sparse,0.01,0.99,7,0.1
432,0.0,10,0.050000000000000044,8.909324969863519e-05,0.14845728874206543,0.007341462187469006,0.4406864643096924,0.21028143167495728,,,,dqn_icm,cartpole,sparse,0.01,0.99,7,0.1
433,0.0,10,0.050000000000000044,5.428077929536812e-05,0.1269415318965912,0.0056595285423099995,0.4357110857963562,0.23170608282089233,,,,dqn_icm,cartpole,sparse,0.01,0.99,7,0.1
434,0.0,11,0.050000000000000044,4.394194911583327e-05,0.12826645374298096,0.005763421766459942,0.4357110857963562,0.23170608282089233,,,,dqn_icm,cartpole,sparse,0.01,0.99,7,0.1
435,0.0,10,0.050000000000000044,5.76158199692145e-05,0.13331417739391327,0.005826306529343128,0.4357110857963562,0.23170608282089233,,,,dqn_icm,cartpole,sparse,0.01,0.99,7,0.1
436,0.0,9,0.050000000000000044,0.0001599526294739917,0.1298747956752777,0.007996568456292152,0.4357110857963562,0.23170608282089233,,,,dqn_icm,cartpole,sparse,0.01,0.99,7,0.1
437,0.0,8,0.050000000000000044,4.064160384587012e-05,0.1385643482208252,0.004655895754694939,0.4357110857963562,0.23170608282089233,,,,dqn_icm,cartpole,sparse,0.01,0.99,7,0.1
438,0.0,10,0.050000000000000044,2.9429547794279642e-05,0.140504851937294,0.003964001778513193,0.4489629566669464,0.22251638770103455,,,,dqn_icm,cartpole,sparse,0.01,0.99,7,0.1
439,0.0,9,0.050000000000000044,8.576549589633942e-05,0.14060775935649872,0.006318877916783094,0.4489629566669464,0.22251638770103455,,,,dqn_icm,cartpole,sparse,0.01,0.99,7,0.1
440,0.0,9,0.050000000000000044,3.747473601833917e-05,0.13511508703231812,0.005869006738066673,0.4489629566669464,0.22251638770103455,,,,dqn_icm,cartpole,sparse,0.01,0.99,7,0.1
441,0.0,9,0.050000000000000044,0.00012402138963807374,0.14054466784000397,0.008610936813056469,0.4489629566669464,0.22251638770103455,,,,dqn_icm,cartpole,sparse,0.01,0.99,7,0.1
442,0.0,8,0.050000000000000044,3.040735646209214e-05,0.14185622334480286,0.003895603585988283,0.44023340940475464,0.22608940303325653,,,,dqn_icm,cartpole,sparse,0.01,0.99,7,0.1
443,0.0,10,0.050000000000000044,8.216005517169833e-05,0.15846996009349823,0.006495804525911808,0.44023340940475464,0.22608940303325653,,,,dqn_icm,cartpole,sparse,0.01,0.99,7,0.1
444,0.0,9,0.050000000000000044,7.216723315650597e-05,0.14861679077148438,0.007295422721654177,0.44023340940475464,0.22608940303325653,,,,dqn_icm,cartpole,sparse,0.01,0.99,7,0.1
445,0.0,9,0.050000000000000044,3.2278716389555484e-05,0.1414407640695572,0.00598837248980999,0.44023340940475464,0.22608940303325653,,,,dqn_icm,cartpole,sparse,0.01,0.99,7,0.1
446,0.0,9,0.050000000000000044,3.770182593143545e-05,0.15924271941184998,0.004536338150501251,0.41803017258644104,0.3054012656211853,,,,dqn_icm,cartpole,sparse,0.01,0.99,7,0.1
447,0.0,10,0.050000000000000044,0.00016912148566916585,0.13140049576759338,0.008742712438106537,0.41803017258644104,0.3054012656211853,,,,dqn_icm,cartpole,sparse,0.01,0.99,7,0.1
448,0.0,9,0.050000000000000044,7.945534161990508e-05,0.13411222398281097,0.006437351927161217,0.41803017258644104,0.3054012656211853,,,,dqn_icm,cartpole,sparse,0.01,0.99,7,0.1
449,0.0,9,0.050000000000000044,5.262499689706601e-05,0.15180931985378265,0.006137772463262081,0.41803017258644104,0.3054012656211853,,,,dqn_icm,cartpole,sparse,0.01,0.99,7,0.1
450,0.0,9,0.050000000000000044,8.446858555544168e-05,0.12300404906272888,0.006867431104183197,0.41803017258644104,0.3054012656211853,0.0,0.0,9.1,dqn_icm,cartpole,sparse,0.01,0.99,7,0.1
451,0.0,9,0.050000000000000044,8.901588444132358e-05,0.12941989302635193,0.005739545915275812,0.42984509468078613,0.20885387063026428,,,,dqn_icm,cartpole,sparse,0.01,0.99,7,0.1
452,0.0,10,0.050000000000000044,6.64576655253768e-05,0.14503715932369232,0.006468897685408592,0.42984509468078613,0.20885387063026428,,,,dqn_icm,cartpole,sparse,0.01,0.99,7,0.1
453,0.0,10,0.050000000000000044,4.5150911319069564e-05,0.1388235241174698,0.004616294521838427,0.42984509468078613,0.20885387063026428,,,,dqn_icm,cartpole,sparse,0.01,0.99,7,0.1
454,0.0,10,0.050000000000000044,0.00018591852858662605,0.14539144933223724,0.008876334875822067,0.42984509468078613,0.20885387063026428,,,,dqn_icm,cartpole,sparse,0.01,0.99,7,0.1
455,0.0,10,0.050000000000000044,0.0002787221746984869,0.11751284450292587,0.018017888069152832,0.43297526240348816,0.3187573254108429,,,,dqn_icm,cartpole,sparse,0.01,0.99,7,0.1
456,0.0,9,0.050000000000000044,0.0001558041403768584,0.16355857253074646,0.013601331040263176,0.43297526240348816,0.3187573254108429,,,,dqn_icm,cartpole,sparse,0.01,0.99,7,0.1
457,0.0,10,0.050000000000000044,0.0001202075945911929,0.13691473007202148,0.011381656862795353,0.43297526240348816,0.3187573254108429,,,,dqn_icm,cartpole,sparse,0.01,0.99,7,0.1
458,0.0,8,0.050000000000000044,7.051896682241932e-05,0.12620888650417328,0.006728271022439003,0.43297526240348816,0.3187573254108429,,,,dqn_icm,cartpole,sparse,0.01,0.99,7,0.1
459,0.0,10,0.050000000000000044,7.106053817551583e-05,0.13336190581321716,0.007421630434691906,0.4856989085674286,0.2503386437892914,,,,dqn_icm,cartpole,sparse,0.01,0.99,7,0.1
460,0.0,10,0.050000000000000044,4.245580203132704e-05,0.1359194815158844,0.007292148191481829,0.4856989085674286,0.2503386437892914,,,,dqn_icm,cartpole,sparse,0.01,0.99,7,0.1
461,0.0,10,0.050000000000000044,8.38518826640211e-05,0.12743259966373444,0.0064573441632092,0.4856989085674286,0.2503386437892914,,,,dqn_icm,cartpole,sparse,0.01,0.99,7,0.1
462,0.0,9,0.050000000000000044,0.00011927075684070587,0.14373525977134705,0.00915878638625145,0.4856989085674286,0.2503386437892914,,,,dqn_icm,cartpole,sparse,0.01,0.99,7,0.1
463,0.0,9,0.050000000000000044,0.00021553410624619573,0.14599639177322388,0.009558458812534809,0.4349651336669922,0.2231767773628235,,,,dqn_icm,cartpole,sparse,0.01,0.99,7,0.1
464,0.0,10,0.050000000000000044,0.00011301037739031017,0.1372484564781189,0.011126669123768806,0.4349651336669922,0.2231767773628235,,,,dqn_icm,cartpole,sparse,0.01,0.99,7,0.1
465,0.0,10,0.050000000000000044,3.040412957489025e-05,0.1462797075510025,0.004834390245378017,0.4349651336669922,0.2231767773628235,,,,dqn_icm,cartpole,sparse,0.01,0.99,7,0.1
466,0.0,9,0.050000000000000044,0.00010367912182118744,0.1396370381116867,0.011756392195820808,0.4349651336669922,0.2231767773628235,,,,dqn_icm,cartpole,sparse,0.01,0.99,7,0.1
467,0.0,9,0.050000000000000044,2.8525624657049775e-05,0.1531396210193634,0.004448132589459419,0.4546893835067749,0.262781023979187,,,,dqn_icm,cartpole,sparse,0.01,0.99,7,0.1
468,0.0,9,0.050000000000000044,2.717724782996811e-05,0.15674085915088654,0.00545614305883646,0.4546893835067749,0.262781023979187,,,,dqn_icm,cartpole,sparse,0.01,0.99,7,0.1
469,0.0,9,0.050000000000000044,5.2330331527628005e-05,0.1312486082315445,0.006494499277323484,0.4546893835067749,0.262781023979187,,,,dqn_icm,cartpole,sparse,0.01,0.99,7,0.1
470,0.0,10,0.050000000000000044,4.413979695527814e-06,0.12741805613040924,0.002440475393086672,0.4546893835067749,0.262781023979187,,,,dqn_icm,cartpole,sparse,0.01,0.99,7,0.1
471,0.0,9,0.050000000000000044,7.579656084999442e-05,0.14182329177856445,0.005541779566556215,0.4546893835067749,0.262781023979187,,,,dqn_icm,cartpole,sparse,0.01,0.99,7,0.1
472,0.0,8,0.050000000000000044,2.1626743546221405e-05,0.1484604775905609,0.005394251551479101,0.3785381019115448,0.2673254609107971,,,,dqn_icm,cartpole,sparse,0.01,0.99,7,0.1
473,0.0,11,0.050000000000000044,3.374493098817766e-05,0.1598307192325592,0.005345799960196018,0.3785381019115448,0.2673254609107971,,,,dqn_icm,cartpole,sparse,0.01,0.99,7,0.1
474,0.0,10,0.050000000000000044,0.00010428904352011159,0.13985174894332886,0.008975258097052574,0.3785381019115448,0.2673254609107971,,,,dqn_icm,cartpole,sparse,0.01,0.99,7,0.1
475,0.0,10,0.050000000000000044,0.00018082637689076364,0.1641378104686737,0.014301570132374763,0.3785381019115448,0.2673254609107971,,,,dqn_icm,cartpole,sparse,0.01,0.99,7,0.1
476,0.0,10,0.050000000000000044,4.362685285741463e-05,0.136769101023674,0.005776535719633102,0.42594218254089355,0.20727556943893433,,,,dqn_icm,cartpole,sparse,0.01,0.99,7,0.1
477,0.0,11,0.050000000000000044,0.0001901293289847672,0.1411242038011551,0.009528419934213161,0.42594218254089355,0.20727556943893433,,,,dqn_icm,cartpole,sparse,0.01,0.99,7,0.1
478,0.0,10,0.050000000000000044,0.00014372695295605808,0.15675583481788635,0.008562503382563591,0.42594218254089355,0.20727556943893433,,,,dqn_icm,cartpole,sparse,0.01,0.99,7,0.1
479,0.0,9,0.050000000000000044,0.0002226787037216127,0.13497066497802734,0.010842124931514263,0.42594218254089355,0.20727556943893433,,,,dqn_icm,cartpole,sparse,0.01,0.99,7,0.1
480,0.0,9,0.050000000000000044,9.894061804516241e-05,0.13719472289085388,0.011385094374418259,0.4674535393714905,0.288382351398468,,,,dqn_icm,cartpole,sparse,0.01,0.99,7,0.1
481,0.0,9,0.050000000000000044,5.52756609977223e-05,0.1458534598350525,0.006112166680395603,0.4674535393714905,0.288382351398468,,,,dqn_icm,cartpole,sparse,0.01,0.99,7,0.1
482,0.0,8,0.050000000000000044,9.267395216738805e-05,0.14363430440425873,0.01063387282192707,0.4674535393714905,0.288382351398468,,,,dqn_icm,cartpole,sparse,0.01,0.99,7,0.1
483,0.0,9,0.050000000000000044,0.0001450333948014304,0.15942466259002686,0.00870999414473772,0.4674535393714905,0.288382351398468,,,,dqn_icm,cartpole,sparse,0.01,0.99,7,0.1
484,0.0,11,0.050000000000000044,0.0002036143559962511,0.12718479335308075,0.009991677477955818,0.3991415798664093,0.25810569524765015,,,,dqn_icm,cartpole,sparse,0.01,0.99,7,0.1
485,0.0,10,0.050000000000000044,0.00013607236905954778,0.15777985751628876,0.010620564222335815,0.3991415798664093,0.25810569524765015,,,,dqn_icm,cartpole,sparse,0.01,0.99,7,0.1
486,0.0,14,0.050000000000000044,0.00014635996194556355,0.13873709738254547,0.011613589711487293,0.3991415798664093,0.25810569524765015,,,,dqn_icm,cartpole,sparse,0.01,0.99,7,0.1
487,0.0,10,0.050000000000000044,3.3914642699528486e-05,0.1485278308391571,0.004376803059130907,0.3991415798664093,0.25810569524765015,,,,dqn_icm,cartpole,sparse,0.01,0.99,7,0.1
488,0.0,10,0.050000000000000044,0.0002928028116002679,0.15332472324371338,0.015238068997859955,0.38915449380874634,0.21298305690288544,,,,dqn_icm,cartpole,sparse,0.01,0.99,7,0.1
489,0.0,10,0.050000000000000044,0.00029759894823655486,0.1224464476108551,0.014832079410552979,0.38915449380874634,0.21298305690288544,,,,dqn_icm,cartpole,sparse,0.01,0.99,7,0.1
490,0.0,11,0.050000000000000044,0.00015077603165991604,0.1652260422706604,0.01159641519188881,0.38915449380874634,0.21298305690288544,,,,dqn_icm,cartpole,sparse,0.01,0.99,7,0.1
491,0.0,10,0.050000000000000044,7.460213964805007e-05,0.12312701344490051,0.007574440911412239,0.38915449380874634,0.21298305690288544,,,,dqn_icm,cartpole,sparse,0.01,0.99,7,0.1
492,0.0,9,0.050000000000000044,0.0002355256729060784,0.13781669735908508,0.012988385744392872,0.4697696566581726,0.21142518520355225,,,,dqn_icm,cartpole,sparse,0.01,0.99,7,0.1
493,0.0,9,0.050000000000000044,0.00011677433212753385,0.13985875248908997,0.010866504162549973,0.4697696566581726,0.21142518520355225,,,,dqn_icm,cartpole,sparse,0.01,0.99,7,0.1
494,0.0,10,0.050000000000000044,3.462418317212723e-05,0.1534615457057953,0.005033604335039854,0.4697696566581726,0.21142518520355225,,,,dqn_icm,cartpole,sparse,0.01,0.99,7,0.1
495,0.0,12,0.050000000000000044,6.520807073684409e-05,0.14185982942581177,0.005943226628005505,0.4697696566581726,0.21142518520355225,,,,dqn_icm,cartpole,sparse,0.01,0.99,7,0.1
496,0.0,8,0.050000000000000044,0.00019746687030419707,0.1404535174369812,0.011423966847360134,0.4188929796218872,0.19413477182388306,,,,dqn_icm,cartpole,sparse,0.01,0.99,7,0.1
497,0.0,8,0.050000000000000044,4.29592801083345e-05,0.13840782642364502,0.005469219759106636,0.4188929796218872,0.19413477182388306,,,,dqn_icm,cartpole,sparse,0.01,0.99,7,0.1
498,0.0,9,0.050000000000000044,3.679191286209971e-05,0.14835163950920105,0.0063415346667170525,0.4188929796218872,0.19413477182388306,,,,dqn_icm,cartpole,sparse,0.01,0.99,7,0.1
499,0.0,10,0.050000000000000044,0.00038087269058451056,0.14588022232055664,0.016483476385474205,0.4188929796218872,0.19413477182388306,,,,dqn_icm,cartpole,sparse,0.01,0.99,7,0.1
500,0.0,8,0.050000000000000044,0.0001354749547317624,0.13495469093322754,0.010044766589999199,0.37262287735939026,0.26153749227523804,0.0,0.0,9.1,dqn_icm,cartpole,sparse,0.01,0.99,7,0.1
501,0.0,10,0.050000000000000044,0.00024183918139897287,0.11254381388425827,0.014207260683178902,0.37262287735939026,0.26153749227523804,,,,dqn_icm,cartpole,sparse,0.01,0.99,7,0.1
502,0.0,10,0.050000000000000044,0.00021327188005670905,0.1747385412454605,0.015220191329717636,0.37262287735939026,0.26153749227523804,,,,dqn_icm,cartpole,sparse,0.01,0.99,7,0.1
503,0.0,9,0.050000000000000044,5.4098265536595136e-05,0.14669416844844818,0.006206795107573271,0.37262287735939026,0.26153749227523804,,,,dqn_icm,cartpole,sparse,0.01,0.99,7,0.1
504,0.0,10,0.050000000000000044,0.00014878287038300186,0.13197995722293854,0.011105871759355068,0.37262287735939026,0.26153749227523804,,,,dqn_icm,cartpole,sparse,0.01,0.99,7,0.1
505,0.0,11,0.050000000000000044,0.0001658758264966309,0.12976978719234467,0.010794811882078648,0.5043616890907288,0.20225867629051208,,,,dqn_icm,cartpole,sparse,0.01,0.99,7,0.1
506,0.0,8,0.050000000000000044,9.240135841537267e-05,0.1427495777606964,0.008493270725011826,0.5043616890907288,0.20225867629051208,,,,dqn_icm,cartpole,sparse,0.01,0.99,7,0.1
507,0.0,10,0.050000000000000044,0.00023203971795737743,0.13490235805511475,0.011903591454029083,0.5043616890907288,0.20225867629051208,,,,dqn_icm,cartpole,sparse,0.01,0.99,7,0.1
508,0.0,9,0.050000000000000044,0.00010839641618076712,0.15894797444343567,0.012292115017771721,0.5043616890907288,0.20225867629051208,,,,dqn_icm,cartpole,sparse,0.01,0.99,7,0.1
509,0.0,8,0.050000000000000044,0.00010439456673339009,0.1496298611164093,0.011745566502213478,0.4759349822998047,0.22083261609077454,,,,dqn_icm,cartpole,sparse,0.01,0.99,7,0.1
510,0.0,10,0.050000000000000044,7.482717046514153e-05,0.126393124461174,0.010759059339761734,0.4759349822998047,0.22083261609077454,,,,dqn_icm,cartpole,sparse,0.01,0.99,7,0.1
511,0.0,10,0.050000000000000044,8.959395927377045e-05,0.1493993103504181,0.00780914630740881,0.4759349822998047,0.22083261609077454,,,,dqn_icm,cartpole,sparse,0.01,0.99,7,0.1
512,0.0,10,0.050000000000000044,0.00024603260681033134,0.15006482601165771,0.016208410263061523,0.4759349822998047,0.22083261609077454,,,,dqn_icm,cartpole,sparse,0.01,0.99,7,0.1
513,0.0,9,0.050000000000000044,9.877484990283847e-05,0.12237440049648285,0.007684444077312946,0.415052592754364,0.25201499462127686,,,,dqn_icm,cartpole,sparse,0.01,0.99,7,0.1
514,0.0,8,0.050000000000000044,6.577868771273643e-05,0.1419159471988678,0.008930457755923271,0.415052592754364,0.25201499462127686,,,,dqn_icm,cartpole,sparse,0.01,0.99,7,0.1
515,0.0,10,0.050000000000000044,4.7298595745814964e-05,0.1414545476436615,0.007274335250258446,0.415052592754364,0.25201499462127686,,,,dqn_icm,cartpole,sparse,0.01,0.99,7,0.1
516,0.0,9,0.050000000000000044,5.3514522733166814e-05,0.13638024032115936,0.00574119295924902,0.415052592754364,0.25201499462127686,,,,dqn_icm,cartpole,sparse,0.01,0.99,7,0.1
517,0.0,11,0.050000000000000044,0.00013102812226861715,0.1354885697364807,0.010318554937839508,0.35376161336898804,0.2022416889667511,,,,dqn_icm,cartpole,sparse,0.01,0.99,7,0.1
518,0.0,8,0.050000000000000044,0.0001186705194413662,0.13465164601802826,0.011464407667517662,0.35376161336898804,0.2022416889667511,,,,dqn_icm,cartpole,sparse,0.01,0.99,7,0.1
519,0.0,10,0.050000000000000044,0.00010989241127390414,0.12306918203830719,0.01011746283620596,0.35376161336898804,0.2022416889667511,,,,dqn_icm,cartpole,sparse,0.01,0.99,7,0.1
520,0.0,10,0.050000000000000044,0.0001371679245494306,0.11647400259971619,0.010045681148767471,0.35376161336898804,0.2022416889667511,,,,dqn_icm,cartpole,sparse,0.01,0.99,7,0.1
521,0.0,9,0.050000000000000044,0.00018913544772658497,0.15434816479682922,0.010627418756484985,0.35376161336898804,0.2022416889667511,,,,dqn_icm,cartpole,sparse,0.01,0.99,7,0.1
522,0.0,8,0.050000000000000044,6.788445170968771e-05,0.1401221603155136,0.00521861482411623,0.3831987679004669,0.2296532839536667,,,,dqn_icm,cartpole,sparse,0.01,0.99,7,0.1
523,0.0,13,0.050000000000000044,5.636356945615262e-05,0.15174327790737152,0.0077728088945150375,0.3831987679004669,0.2296532839536667,,,,dqn_icm,cartpole,sparse,0.01,0.99,7,0.1
524,0.0,9,0.050000000000000044,0.00010454581934027374,0.12047833204269409,0.007242115214467049,0.3831987679004669,0.2296532839536667,,,,dqn_icm,cartpole,sparse,0.01,0.99,7,0.1
525,0.0,9,0.050000000000000044,7.950289000291377e-05,0.1325705647468567,0.009534327313303947,0.3831987679004669,0.2296532839536667,,,,dqn_icm,cartpole,sparse,0.01,0.99,7,0.1
526,0.0,10,0.050000000000000044,9.479579603066668e-05,0.15025420486927032,0.010315198451280594,0.39118677377700806,0.22742979228496552,,,,dqn_icm,cartpole,sparse,0.01,0.99,7,0.1
527,0.0,9,0.050000000000000044,0.0001116988350986503,0.15516114234924316,0.009394476190209389,0.39118677377700806,0.22742979228496552,,,,dqn_icm,cartpole,sparse,0.01,0.99,7,0.1
528,0.0,8,0.050000000000000044,6.961302278796211e-05,0.12867318093776703,0.009598220698535442,0.39118677377700806,0.22742979228496552,,,,dqn_icm,cartpole,sparse,0.01,0.99,7,0.1
529,0.0,10,0.050000000000000044,2.691602276172489e-05,0.12837594747543335,0.006116840522736311,0.39118677377700806,0.22742979228496552,,,,dqn_icm,cartpole,sparse,0.01,0.99,7,0.1
530,0.0,8,0.050000000000000044,0.00016469944966956973,0.14263112843036652,0.009318888187408447,0.3403206467628479,0.2670403718948364,,,,dqn_icm,cartpole,sparse,0.01,0.99,7,0.1
531,0.0,9,0.050000000000000044,5.7322915381519124e-05,0.1484641432762146,0.005700970534235239,0.3403206467628479,0.2670403718948364,,,,dqn_icm,cartpole,sparse,0.01,0.99,7,0.1
532,0.0,10,0.050000000000000044,3.6202014598529786e-05,0.1284896433353424,0.0057474225759506226,0.3403206467628479,0.2670403718948364,,,,dqn_icm,cartpole,sparse,0.01,0.99,7,0.1
533,0.0,10,0.050000000000000044,9.179228072753176e-05,0.14035102725028992,0.006828608922660351,0.3403206467628479,0.2670403718948364,,,,dqn_icm,cartpole,sparse,0.01,0.99,7,0.1
534,0.0,9,0.050000000000000044,0.0018465067259967327,0.15728533267974854,0.05227569863200188,0.3555712401866913,0.21139109134674072,,,,dqn_icm,cartpole,sparse,0.01,0.99,7,0.1
535,0.0,9,0.050000000000000044,0.0005854374612681568,0.14258131384849548,0.027946896851062775,0.3555712401866913,0.21139109134674072,,,,dqn_icm,cartpole,sparse,0.01,0.99,7,0.1
536,0.0,10,0.050000000000000044,0.0006920021842233837,0.19977889955043793,0.033823490142822266,0.3555712401866913,0.21139109134674072,,,,dqn_icm,cartpole,sparse,0.01,0.99,7,0.1
537,0.0,11,0.050000000000000044,0.000553585821762681,0.20901890099048615,0.029423346742987633,0.3555712401866913,0.21139109134674072,,,,dqn_icm,cartpole,sparse,0.01,0.99,7,0.1
538,0.0,9,0.050000000000000044,0.00015665480168536305,0.172216534614563,0.014515293762087822,0.38323336839675903,0.20575053989887238,,,,dqn_icm,cartpole,sparse,0.01,0.99,7,0.1
539,0.0,9,0.050000000000000044,0.0004353764234110713,0.16832631826400757,0.02320297807455063,0.38323336839675903,0.20575053989887238,,,,dqn_icm,cartpole,sparse,0.01,0.99,7,0.1
540,0.0,9,0.050000000000000044,0.00023795956803951412,0.17574617266654968,0.0184362530708313,0.38323336839675903,0.20575053989887238,,,,dqn_icm,cartpole,sparse,0.01,0.99,7,0.1
541,0.0,12,0.050000000000000044,0.0001416910527041182,0.18246246874332428,0.010674610733985901,0.38323336839675903,0.20575053989887238,,,,dqn_icm,cartpole,sparse,0.01,0.99,7,0.1
542,0.0,10,0.050000000000000044,0.00018144946079701185,0.17443448305130005,0.014797493815422058,0.4266372621059418,0.20141398906707764,,,,dqn_icm,cartpole,sparse,0.01,0.99,7,0.1
543,0.0,9,0.050000000000000044,0.00021177451708354056,0.17367145419120789,0.013497039675712585,0.4266372621059418,0.20141398906707764,,,,dqn_icm,cartpole,sparse,0.01,0.99,7,0.1
544,0.0,9,0.050000000000000044,0.00021320872474461794,0.17116610705852509,0.01258024387061596,0.4266372621059418,0.20141398906707764,,,,dqn_icm,cartpole,sparse,0.01,0.99,7,0.1
545,0.0,10,0.050000000000000044,0.00017245576600544155,0.15853899717330933,0.014658404514193535,0.4266372621059418,0.20141398906707764,,,,dqn_icm,cartpole,sparse,0.01,0.99,7,0.1
546,0.0,9,0.050000000000000044,0.00016971697914414108,0.15394842624664307,0.014652132987976074,0.4266372621059418,0.20141398906707764,,,,dqn_icm,cartpole,sparse,0.01,0.99,7,0.1
547,0.0,10,0.050000000000000044,0.00021395360818132758,0.17643281817436218,0.012588218785822392,0.37636587023735046,0.24473167955875397,,,,dqn_icm,cartpole,sparse,0.01,0.99,7,0.1
548,0.0,9,0.050000000000000044,0.00015038448327686638,0.17963339388370514,0.010826998390257359,0.37636587023735046,0.24473167955875397,,,,dqn_icm,cartpole,sparse,0.01,0.99,7,0.1
549,0.0,10,0.050000000000000044,0.00017227602074854076,0.16524797677993774,0.013987700454890728,0.37636587023735046,0.24473167955875397,,,,dqn_icm,cartpole,sparse,0.01,0.99,7,0.1
550,0.0,10,0.050000000000000044,0.00010828477388713509,0.18181931972503662,0.009791998192667961,0.37636587023735046,0.24473167955875397,0.0,0.0,9.1,dqn_icm,cartpole,sparse,0.01,0.99,7,0.1
551,0.0,9,0.050000000000000044,9.267379937227815e-05,0.1819135844707489,0.009038412943482399,0.33117014169692993,0.18897077441215515,,,,dqn_icm,cartpole,sparse,0.01,0.99,7,0.1
552,0.0,10,0.050000000000000044,8.183330646716058e-05,0.18054087460041046,0.009158698841929436,0.33117014169692993,0.18897077441215515,,,,dqn_icm,cartpole,sparse,0.01,0.99,7,0.1
553,0.0,10,0.050000000000000044,6.605812086490914e-05,0.1909787654876709,0.006896838080137968,0.33117014169692993,0.18897077441215515,,,,dqn_icm,cartpole,sparse,0.01,0.99,7,0.1
554,0.0,10,0.050000000000000044,9.649753337725997e-05,0.16435325145721436,0.010458124801516533,0.33117014169692993,0.18897077441215515,,,,dqn_icm,cartpole,sparse,0.01,0.99,7,0.1
555,0.0,9,0.050000000000000044,0.00012241490185260773,0.19617950916290283,0.009748691692948341,0.37075531482696533,0.15924429893493652,,,,dqn_icm,cartpole,sparse,0.01,0.99,7,0.1
556,0.0,11,0.050000000000000044,0.0001624779251869768,0.17629078030586243,0.012408234179019928,0.37075531482696533,0.15924429893493652,,,,dqn_icm,cartpole,sparse,0.01,0.99,7,0.1
557,0.0,10,0.050000000000000044,0.0001411694975104183,0.1572965830564499,0.009982871823012829,0.37075531482696533,0.15924429893493652,,,,dqn_icm,cartpole,sparse,0.01,0.99,7,0.1
558,0.0,9,0.050000000000000044,9.551065159030259e-05,0.18708235025405884,0.009335827082395554,0.37075531482696533,0.15924429893493652,,,,dqn_icm,cartpole,sparse,0.01,0.99,7,0.1
559,0.0,10,0.050000000000000044,0.00010078628838527948,0.1563321202993393,0.008944679982960224,0.4061630368232727,0.18681888282299042,,,,dqn_icm,cartpole,sparse,0.01,0.99,7,0.1
560,0.0,10,0.050000000000000044,0.00014435252523981035,0.19521550834178925,0.00883973203599453,0.4061630368232727,0.18681888282299042,,,,dqn_icm,cartpole,sparse,0.01,0.99,7,0.1
561,0.0,11,0.050000000000000044,0.00010463764192536473,0.16092050075531006,0.010285565629601479,0.4061630368232727,0.18681888282299042,,,,dqn_icm,cartpole,sparse,0.01,0.99,7,0.1
562,0.0,12,0.050000000000000044,5.532430805033073e-05,0.1524670422077179,0.0061642685905098915,0.4061630368232727,0.18681888282299042,,,,dqn_icm,cartpole,sparse,0.01,0.99,7,0.1
563,0.0,10,0.050000000000000044,6.828692858107388e-05,0.15519261360168457,0.008430997841060162,0.36001691222190857,0.22021622955799103,,,,dqn_icm,cartpole,sparse,0.01,0.99,7,0.1
564,0.0,10,0.050000000000000044,8.84547334862873e-05,0.16880923509597778,0.007892753928899765,0.36001691222190857,0.22021622955799103,,,,dqn_icm,cartpole,sparse,0.01,0.99,7,0.1
565,0.0,9,0.050000000000000044,7.069002458592877e-05,0.15940360724925995,0.00761917419731617,0.36001691222190857,0.22021622955799103,,,,dqn_icm,cartpole,sparse,0.01,0.99,7,0.1
566,0.0,8,0.050000000000000044,7.05823113094084e-05,0.19129234552383423,0.007111242040991783,0.36001691222190857,0.22021622955799103,,,,dqn_icm,cartpole,sparse,0.01,0.99,7,0.1
567,0.0,10,0.050000000000000044,3.936995199183002e-05,0.17366594076156616,0.005721134599298239,0.332767128944397,0.1843598186969757,,,,dqn_icm,cartpole,sparse,0.01,0.99,7,0.1
568,0.0,12,0.050000000000000044,4.190974868834019e-05,0.1489914357662201,0.006071257870644331,0.332767128944397,0.1843598186969757,,,,dqn_icm,cartpole,sparse,0.01,0.99,7,0.1
569,0.0,9,0.050000000000000044,4.4923534005647525e-05,0.18103140592575073,0.006311798468232155,0.332767128944397,0.1843598186969757,,,,dqn_icm,cartpole,sparse,0.01,0.99,7,0.1
570,0.0,10,0.050000000000000044,6.579349428648129e-05,0.15662884712219238,0.006659516133368015,0.332767128944397,0.1843598186969757,,,,dqn_icm,cartpole,sparse,0.01,0.99,7,0.1
571,0.0,10,0.050000000000000044,0.0001078699278878048,0.15945221483707428,0.008342654444277287,0.30284565687179565,0.23026767373085022,,,,dqn_icm,cartpole,sparse,0.01,0.99,7,0.1
572,0.0,10,0.050000000000000044,7.2076240030583e-05,0.1632613092660904,0.007978113368153572,0.30284565687179565,0.23026767373085022,,,,dqn_icm,cartpole,sparse,0.01,0.99,7,0.1
573,0.0,9,0.050000000000000044,5.93603981542401e-05,0.1786249876022339,0.008430644869804382,0.30284565687179565,0.23026767373085022,,,,dqn_icm,cartpole,sparse,0.01,0.99,7,0.1
574,0.0,9,0.050000000000000044,6.004340320941992e-05,0.18726831674575806,0.0069551109336316586,0.30284565687179565,0.23026767373085022,,,,dqn_icm,cartpole,sparse,0.01,0.99,7,0.1
575,0.0,10,0.050000000000000044,1.88312005775515e-05,0.19172583520412445,0.00389075861312449,0.28055357933044434,0.1577434241771698,,,,dqn_icm,cartpole,sparse,0.01,0.99,7,0.1
576,0.0,8,0.050000000000000044,4.438450196175836e-05,0.15089210867881775,0.006995490752160549,0.28055357933044434,0.1577434241771698,,,,dqn_icm,cartpole,sparse,0.01,0.99,7,0.1
577,0.0,12,0.050000000000000044,5.396056440076791e-05,0.18395811319351196,0.005504892207682133,0.28055357933044434,0.1577434241771698,,,,dqn_icm,cartpole,sparse,0.01,0.99,7,0.1
578,0.0,8,0.050000000000000044,3.18933671223931e-05,0.16895800828933716,0.005593735724687576,0.28055357933044434,0.1577434241771698,,,,dqn_icm,cartpole,sparse,0.01,0.99,7,0.1
579,0.0,9,0.050000000000000044,4.6118657337501645e-05,0.1625637412071228,0.006143069360405207,0.3959067165851593,0.14420375227928162,,,,dqn_icm,cartpole,sparse,0.01,0.99,7,0.1
580,0.0,8,0.050000000000000044,4.04395250370726e-05,0.1810583919286728,0.005367099307477474,0.3959067165851593,0.14420375227928162,,,,dqn_icm,cartpole,sparse,0.01,0.99,7,0.1
581,0.0,8,0.050000000000000044,3.801011553150602e-05,0.15820704400539398,0.0059010484255850315,0.3959067165851593,0.14420375227928162,,,,dqn_icm,cartpole,sparse,0.01,0.99,7,0.1
582,0.0,10,0.050000000000000044,3.421636938583106e-05,0.18776068091392517,0.0048327320255339146,0.3959067165851593,0.14420375227928162,,,,dqn_icm,cartpole,sparse,0.01,0.99,7,0.1
583,0.0,10,0.050000000000000044,6.110806862125173e-05,0.1756526082754135,0.00661088852211833,0.3959067165851593,0.14420375227928162,,,,dqn_icm,cartpole,sparse,0.01,0.99,7,0.1
584,0.0,9,0.050000000000000044,4.4569515011971816e-05,0.1668885052204132,0.0059662675485014915,0.45110487937927246,0.17836683988571167,,,,dqn_icm,cartpole,sparse,0.01,0.99,7,0.1
585,0.0,11,0.050000000000000044,6.264905096031725e-05,0.15996849536895752,0.006924565881490707,0.45110487937927246,0.17836683988571167,,,,dqn_icm,cartpole,sparse,0.01,0.99,7,0.1
586,0.0,9,0.050000000000000044,6.387181929312646e-05,0.16191759705543518,0.005713240709155798,0.45110487937927246,0.17836683988571167,,,,dqn_icm,cartpole,sparse,0.01,0.99,7,0.1
587,0.0,10,0.050000000000000044,3.364207805134356e-05,0.15395963191986084,0.005392890423536301,0.45110487937927246,0.17836683988571167,,,,dqn_icm,cartpole,sparse,0.01,0.99,7,0.1
588,0.0,10,0.050000000000000044,6.507230864372104e-05,0.17798353731632233,0.007294060196727514,0.3563844859600067,0.1985253095626831,,,,dqn_icm,cartpole,sparse,0.01,0.99,7,0.1
589,0.0,10,0.050000000000000044,4.282732697902247e-05,0.1877349615097046,0.007140827365219593,0.3563844859600067,0.1985253095626831,,,,dqn_icm,cartpole,sparse,0.01,0.99,7,0.1
590,0.0,10,0.050000000000000044,3.473833203315735e-05,0.16884738206863403,0.005814266391098499,0.3563844859600067,0.1985253095626831,,,,dqn_icm,cartpole,sparse,0.01,0.99,7,0.1
591,0.0,12,0.050000000000000044,5.6841556215658784e-05,0.17862913012504578,0.006623812019824982,0.3563844859600067,0.1985253095626831,,,,dqn_icm,cartpole,sparse,0.01,0.99,7,0.1
592,0.0,9,0.050000000000000044,8.911299664760008e-05,0.14513684809207916,0.006719544064253569,0.4305915832519531,0.13583937287330627,,,,dqn_icm,cartpole,sparse,0.01,0.99,7,0.1
593,0.0,9,0.050000000000000044,3.05216817650944e-05,0.16231274604797363,0.004295920953154564,0.4305915832519531,0.13583937287330627,,,,dqn_icm,cartpole,sparse,0.01,0.99,7,0.1
594,0.0,11,0.050000000000000044,6.400811980711296e-05,0.16076961159706116,0.00758746825158596,0.4305915832519531,0.13583937287330627,,,,dqn_icm,cartpole,sparse,0.01,0.99,7,0.1
595,0.0,11,0.050000000000000044,6.739511445630342e-05,0.18618571758270264,0.007696117274463177,0.4305915832519531,0.13583937287330627,,,,dqn_icm,cartpole,sparse,0.01,0.99,7,0.1
596,0.0,10,0.050000000000000044,3.2878298952709883e-05,0.16909223794937134,0.0063092210330069065,0.3334909677505493,0.1274050623178482,,,,dqn_icm,cartpole,sparse,0.01,0.99,7,0.1
597,0.0,9,0.050000000000000044,6.727741856593639e-05,0.18966522812843323,0.008099853992462158,0.3334909677505493,0.1274050623178482,,,,dqn_icm,cartpole,sparse,0.01,0.99,7,0.1
598,0.0,8,0.050000000000000044,1.3639180906466208e-05,0.18133577704429626,0.0037893641274422407,0.3334909677505493,0.1274050623178482,,,,dqn_icm,cartpole,sparse,0.01,0.99,7,0.1
599,0.0,8,0.050000000000000044,2.964337181765586e-05,0.18588903546333313,0.0047447700053453445,0.3334909677505493,0.1274050623178482,,,,dqn_icm,cartpole,sparse,0.01,0.99,7,0.1
600,0.0,9,0.050000000000000044,4.955104668624699e-05,0.1546659916639328,0.006680305115878582,0.3617762625217438,0.14970946311950684,0.0,0.0,9.7,dqn_icm,cartpole,sparse,0.01,0.99,7,0.1
601,0.0,10,0.050000000000000044,4.0139275370165706e-05,0.17943841218948364,0.004714591428637505,0.3617762625217438,0.14970946311950684,,,,dqn_icm,cartpole,sparse,0.01,0.99,7,0.1
602,0.0,10,0.050000000000000044,3.159223706461489e-05,0.18297883868217468,0.005869267042726278,0.3617762625217438,0.14970946311950684,,,,dqn_icm,cartpole,sparse,0.01,0.99,7,0.1
603,0.0,9,0.050000000000000044,4.082942905370146e-05,0.1752767264842987,0.006050304975360632,0.3617762625217438,0.14970946311950684,,,,dqn_icm,cartpole,sparse,0.01,0.99,7,0.1
604,0.0,9,0.050000000000000044,3.2011386792873964e-05,0.17819300293922424,0.005014223046600819,0.3617762625217438,0.14970946311950684,,,,dqn_icm,cartpole,sparse,0.01,0.99,7,0.1
605,0.0,10,0.050000000000000044,6.190397107275203e-05,0.142453134059906,0.005921898875385523,0.3878665268421173,0.14501851797103882,,,,dqn_icm,cartpole,sparse,0.01,0.99,7,0.1
606,0.0,10,0.050000000000000044,3.682349415612407e-05,0.20122048258781433,0.005972117185592651,0.3878665268421173,0.14501851797103882,,,,dqn_icm,cartpole,sparse,0.01,0.99,7,0.1
607,0.0,10,0.050000000000000044,8.598528802394867e-05,0.1650143265724182,0.009120345115661621,0.3878665268421173,0.14501851797103882,,,,dqn_icm,cartpole,sparse,0.01,0.99,7,0.1
608,0.0,10,0.050000000000000044,6.493426917586476e-05,0.1759594976902008,0.007509490475058556,0.3878665268421173,0.14501851797103882,,,,dqn_icm,cartpole,sparse,0.01,0.99,7,0.1
609,0.0,11,0.050000000000000044,9.683681855676696e-05,0.14904335141181946,0.008478982374072075,0.3398538827896118,0.12496287375688553,,,,dqn_icm,cartpole,sparse,0.01,0.99,7,0.1
610,0.0,9,0.050000000000000044,2.8973285225220025e-05,0.15460094809532166,0.004807058721780777,0.3398538827896118,0.12496287375688553,,,,dqn_icm,cartpole,sparse,0.01,0.99,7,0.1
611,0.0,9,0.050000000000000044,2.343506639590487e-05,0.1771802455186844,0.005028551444411278,0.3398538827896118,0.12496287375688553,,,,dqn_icm,cartpole,sparse,0.01,0.99,7,0.1
612,0.0,9,0.050000000000000044,2.872148616006598e-05,0.17584863305091858,0.004884928464889526,0.3398538827896118,0.12496287375688553,,,,dqn_icm,cartpole,sparse,0.01,0.99,7,0.1
613,0.0,10,0.050000000000000044,2.8695845685433596e-05,0.16383761167526245,0.004304708447307348,0.40467870235443115,0.15547582507133484,,,,dqn_icm,cartpole,sparse,0.01,0.99,7,0.1
614,0.0,9,0.050000000000000044,6.64067774778232e-05,0.1723053902387619,0.006795303896069527,0.40467870235443115,0.15547582507133484,,,,dqn_icm,cartpole,sparse,0.01,0.99,7,0.1
615,0.0,10,0.050000000000000044,3.3789190638344735e-05,0.18738821148872375,0.005165938287973404,0.40467870235443115,0.15547582507133484,,,,dqn_icm,cartpole,sparse,0.01,0.99,7,0.1
616,0.0,10,0.050000000000000044,6.0727517848135903e-05,0.18758687376976013,0.006373610347509384,0.40467870235443115,0.15547582507133484,,,,dqn_icm,cartpole,sparse,0.01,0.99,7,0.1
617,0.0,9,0.050000000000000044,5.144565147929825e-05,0.16358092427253723,0.005069277249276638,0.3191184103488922,0.13468241691589355,,,,dqn_icm,cartpole,sparse,0.01,0.99,7,0.1
618,0.0,11,0.050000000000000044,3.880332224071026e-05,0.17461265623569489,0.006667139939963818,0.3191184103488922,0.13468241691589355,,,,dqn_icm,cartpole,sparse,0.01,0.99,7,0.1
619,0.0,10,0.050000000000000044,4.505430115386844e-05,0.17972388863563538,0.006111224181950092,0.3191184103488922,0.13468241691589355,,,,dqn_icm,cartpole,sparse,0.01,0.99,7,0.1
620,0.0,9,0.050000000000000044,4.073864329257049e-05,0.1709710955619812,0.006887566298246384,0.3191184103488922,0.13468241691589355,,,,dqn_icm,cartpole,sparse,0.01,0.99,7,0.1
621,0.0,9,0.050000000000000044,8.692902338225394e-05,0.1494600474834442,0.007408909499645233,0.38608935475349426,0.15623688697814941,,,,dqn_icm,cartpole,sparse,0.01,0.99,7,0.1
622,0.0,10,0.050000000000000044,2.621899329824373e-05,0.17573851346969604,0.004792663734406233,0.38608935475349426,0.15623688697814941,,,,dqn_icm,cartpole,sparse,0.01,0.99,7,0.1
623,0.0,10,0.050000000000000044,7.646583253517747e-05,0.16373619437217712,0.007797322701662779,0.38608935475349426,0.15623688697814941,,,,dqn_icm,cartpole,sparse,0.01,0.99,7,0.1
624,0.0,8,0.050000000000000044,2.6861898732022382e-05,0.16628265380859375,0.005187009461224079,0.38608935475349426,0.15623688697814941,,,,dqn_icm,cartpole,sparse,0.01,0.99,7,0.1
625,0.0,10,0.050000000000000044,6.847630720585585e-05,0.1853487491607666,0.008465814404189587,0.29075008630752563,0.1514352411031723,,,,dqn_icm,cartpole,sparse,0.01,0.99,7,0.1
626,0.0,9,0.050000000000000044,2.2907186576048844e-05,0.1880609393119812,0.004393972922116518,0.29075008630752563,0.1514352411031723,,,,dqn_icm,cartpole,sparse,0.01,0.99,7,0.1
627,0.0,10,0.050000000000000044,3.564696089597419e-05,0.16240648925304413,0.004993427079170942,0.29075008630752563,0.1514352411031723,,,,dqn_icm,cartpole,sparse,0.01,0.99,7,0.1
628,0.0,10,0.050000000000000044,5.923923890804872e-05,0.16866588592529297,0.006787552032619715,0.29075008630752563,0.1514352411031723,,,,dqn_icm,cartpole,sparse,0.01,0.99,7,0.1
629,0.0,10,0.050000000000000044,2.5802837626542896e-05,0.15651658177375793,0.0052933115512132645,0.35333970189094543,0.13777869939804077,,,,dqn_icm,cartpole,sparse,0.01,0.99,7,0.1
630,0.0,10,0.050000000000000044,6.903531902935356e-05,0.15624843537807465,0.006333252415060997,0.35333970189094543,0.13777869939804077,,,,dqn_icm,cartpole,sparse,0.01,0.99,7,0.1
631,0.0,10,0.050000000000000044,5.7558398111723363e-05,0.17131727933883667,0.006471003405749798,0.35333970189094543,0.13777869939804077,,,,dqn_icm,cartpole,sparse,0.01,0.99,7,0.1
632,0.0,8,0.050000000000000044,7.325619662879035e-05,0.14368706941604614,0.007787107490003109,0.35333970189094543,0.13777869939804077,,,,dqn_icm,cartpole,sparse,0.01,0.99,7,0.1
633,0.0,9,0.050000000000000044,6.315032078418881e-05,0.15470905601978302,0.006749884225428104,0.35333970189094543,0.13777869939804077,,,,dqn_icm,cartpole,sparse,0.01,0.99,7,0.1
634,0.0,8,0.050000000000000044,6.167272658785805e-05,0.18735702335834503,0.008046917617321014,0.4934077560901642,0.11815911531448364,,,,dqn_icm,cartpole,sparse,0.01,0.99,7,0.1
635,0.0,9,0.050000000000000044,5.441118264570832e-05,0.18384891748428345,0.008437386713922024,0.4934077560901642,0.11815911531448364,,,,dqn_icm,cartpole,sparse,0.01,0.99,7,0.1
636,0.0,10,0.050000000000000044,5.1609647925943136e-05,0.17182590067386627,0.008236300200223923,0.4934077560901642,0.11815911531448364,,,,dqn_icm,cartpole,sparse,0.01,0.99,7,0.1
637,0.0,11,0.050000000000000044,9.40487370826304e-05,0.16951346397399902,0.011193281039595604,0.4934077560901642,0.11815911531448364,,,,dqn_icm,cartpole,sparse,0.01,0.99,7,0.1
638,0.0,11,0.050000000000000044,4.554612678475678e-05,0.18729858100414276,0.004436989780515432,0.28690779209136963,0.12362507730722427,,,,dqn_icm,cartpole,sparse,0.01,0.99,7,0.1
639,0.0,9,0.050000000000000044,2.0913923435728066e-05,0.17081549763679504,0.005088659003376961,0.28690779209136963,0.12362507730722427,,,,dqn_icm,cartpole,sparse,0.01,0.99,7,0.1
640,0.0,9,0.050000000000000044,5.439803499029949e-05,0.17425289750099182,0.006679845042526722,0.28690779209136963,0.12362507730722427,,,,dqn_icm,cartpole,sparse,0.01,0.99,7,0.1
641,0.0,12,0.050000000000000044,0.00010212698543909937,0.1720661222934723,0.010399827733635902,0.28690779209136963,0.12362507730722427,,,,dqn_icm,cartpole,sparse,0.01,0.99,7,0.1
642,0.0,10,0.050000000000000044,5.8360972616355866e-05,0.17776069045066833,0.00799824483692646,0.42896896600723267,0.13189604878425598,,,,dqn_icm,cartpole,sparse,0.01,0.99,7,0.1
643,0.0,10,0.050000000000000044,8.544197771698236e-05,0.16539126634597778,0.009690767154097557,0.42896896600723267,0.13189604878425598,,,,dqn_icm,cartpole,sparse,0.01,0.99,7,0.1
644,0.0,10,0.050000000000000044,4.511524457484484e-05,0.1652885228395462,0.005896707996726036,0.42896896600723267,0.13189604878425598,,,,dqn_icm,cartpole,sparse,0.01,0.99,7,0.1
645,0.0,10,0.050000000000000044,4.8658876039553434e-05,0.15739542245864868,0.006505497731268406,0.42896896600723267,0.13189604878425598,,,,dqn_icm,cartpole,sparse,0.01,0.99,7,0.1
646,0.0,10,0.050000000000000044,2.40024492086377e-05,0.14322879910469055,0.004783688113093376,0.2687678039073944,0.15068259835243225,,,,dqn_icm,cartpole,sparse,0.01,0.99,7,0.1
647,0.0,9,0.050000000000000044,0.00013156025670468807,0.16478964686393738,0.009623905643820763,0.2687678039073944,0.15068259835243225,,,,dqn_icm,cartpole,sparse,0.01,0.99,7,0.1
648,0.0,8,0.050000000000000044,8.037263614824042e-05,0.17592960596084595,0.009971095249056816,0.2687678039073944,0.15068259835243225,,,,dqn_icm,cartpole,sparse,0.01,0.99,7,0.1
649,0.0,10,0.050000000000000044,4.1400897316634655e-05,0.16518843173980713,0.006415575742721558,0.2687678039073944,0.15068259835243225,,,,dqn_icm,cartpole,sparse,0.01,0.99,7,0.1
650,0.0,9,0.050000000000000044,8.490295294905081e-05,0.1429954469203949,0.008917794562876225,0.31554141640663147,0.1093052327632904,0.0,0.0,9.7,dqn_icm,cartpole,sparse,0.01,0.99,7,0.1
651,0.0,13,0.050000000000000044,5.251403490547091e-05,0.19219550490379333,0.00772724486887455,0.31554141640663147,0.1093052327632904,,,,dqn_icm,cartpole,sparse,0.01,0.99,7,0.1
652,0.0,10,0.050000000000000044,2.851663884939626e-05,0.15934062004089355,0.0052172476425766945,0.31554141640663147,0.1093052327632904,,,,dqn_icm,cartpole,sparse,0.01,0.99,7,0.1
653,0.0,9,0.050000000000000044,5.480435720528476e-05,0.1624870002269745,0.006583565846085548,0.31554141640663147,0.1093052327632904,,,,dqn_icm,cartpole,sparse,0.01,0.99,7,0.1
654,0.0,9,0.050000000000000044,6.968632078496739e-05,0.1716722548007965,0.007687096018344164,0.3094492554664612,0.13350379467010498,,,,dqn_icm,cartpole,sparse,0.01,0.99,7,0.1
655,0.0,8,0.050000000000000044,7.49169776099734e-05,0.1949293613433838,0.008410276845097542,0.3094492554664612,0.13350379467010498,,,,dqn_icm,cartpole,sparse,0.01,0.99,7,0.1
656,0.0,10,0.050000000000000044,3.378899782546796e-05,0.1893138885498047,0.005313183180987835,0.3094492554664612,0.13350379467010498,,,,dqn_icm,cartpole,sparse,0.01,0.99,7,0.1
657,0.0,10,0.050000000000000044,1.809601963032037e-05,0.15303854644298553,0.0042640939354896545,0.3094492554664612,0.13350379467010498,,,,dqn_icm,cartpole,sparse,0.01,0.99,7,0.1
658,0.0,8,0.050000000000000044,5.496544690686278e-05,0.16189689934253693,0.005588699597865343,0.35491013526916504,0.1051177978515625,,,,dqn_icm,cartpole,sparse,0.01,0.99,7,0.1
659,0.0,12,0.050000000000000044,7.339807780226693e-05,0.15073755383491516,0.00704837404191494,0.35491013526916504,0.1051177978515625,,,,dqn_icm,cartpole,sparse,0.01,0.99,7,0.1
660,0.0,10,0.050000000000000044,3.144994843751192e-05,0.16538552939891815,0.005710043013095856,0.35491013526916504,0.1051177978515625,,,,dqn_icm,cartpole,sparse,0.01,0.99,7,0.1
661,0.0,11,0.050000000000000044,2.856513310689479e-05,0.1508800983428955,0.00485236756503582,0.35491013526916504,0.1051177978515625,,,,dqn_icm,cartpole,sparse,0.01,0.99,7,0.1
662,0.0,11,0.050000000000000044,3.796356759266928e-05,0.15136325359344482,0.005096271634101868,0.2512834668159485,0.11267654597759247,,,,dqn_icm,cartpole,sparse,0.01,0.99,7,0.1
663,0.0,11,0.050000000000000044,2.6200348656857386e-05,0.17536577582359314,0.004179645795375109,0.2512834668159485,0.11267654597759247,,,,dqn_icm,cartpole,sparse,0.01,0.99,7,0.1
664,0.0,12,0.050000000000000044,2.7640415282803588e-05,0.17455387115478516,0.004634346812963486,0.2512834668159485,0.11267654597759247,,,,dqn_icm,cartpole,sparse,0.01,0.99,7,0.1
665,0.0,10,0.050000000000000044,2.0677030988736078e-05,0.18803150951862335,0.00411389023065567,0.2512834668159485,0.11267654597759247,,,,dqn_icm,cartpole,sparse,0.01,0.99,7,0.1
666,0.0,11,0.050000000000000044,2.588725692476146e-05,0.21279990673065186,0.005115746520459652,0.34678804874420166,0.11307111382484436,,,,dqn_icm,cartpole,sparse,0.01,0.99,7,0.1
667,0.0,9,0.050000000000000044,4.599038220476359e-05,0.14990222454071045,0.006166806444525719,0.34678804874420166,0.11307111382484436,,,,dqn_icm,cartpole,sparse,0.01,0.99,7,0.1
668,0.0,10,0.050000000000000044,6.525081698782742e-05,0.17051361501216888,0.006485995836555958,0.34678804874420166,0.11307111382484436,,,,dqn_icm,cartpole,sparse,0.01,0.99,7,0.1
669,0.0,9,0.050000000000000044,6.050547381164506e-05,0.16334719955921173,0.006207787431776524,0.34678804874420166,0.11307111382484436,,,,dqn_icm,cartpole,sparse,0.01,0.99,7,0.1
670,0.0,11,0.050000000000000044,4.8479130782652646e-05,0.14363612234592438,0.007798910606652498,0.3701012432575226,0.09929686784744263,,,,dqn_icm,cartpole,sparse,0.01,0.99,7,0.1
671,0.0,12,0.050000000000000044,4.631760384654626e-05,0.18755459785461426,0.007924985140562057,0.3701012432575226,0.09929686784744263,,,,dqn_icm,cartpole,sparse,0.01,0.99,7,0.1
672,0.0,8,0.050000000000000044,2.9378577892202884e-05,0.1763356477022171,0.005614211782813072,0.3701012432575226,0.09929686784744263,,,,dqn_icm,cartpole,sparse,0.01,0.99,7,0.1
673,0.0,9,0.050000000000000044,4.6477602154482156e-05,0.1941373497247696,0.0058265430852770805,0.3701012432575226,0.09929686784744263,,,,dqn_icm,cartpole,sparse,0.01,0.99,7,0.1
674,0.0,10,0.050000000000000044,8.375197649002075e-05,0.1744709312915802,0.008458888158202171,0.4366166293621063,0.10035353153944016,,,,dqn_icm,cartpole,sparse,0.01,0.99,7,0.1
675,0.0,10,0.050000000000000044,4.949982394464314e-05,0.16702526807785034,0.007692636456340551,0.4366166293621063,0.10035353153944016,,,,dqn_icm,cartpole,sparse,0.01,0.99,7,0.1
676,0.0,9,0.050000000000000044,0.00010386104986537248,0.15454930067062378,0.010297950357198715,0.4366166293621063,0.10035353153944016,,,,dqn_icm,cartpole,sparse,0.01,0.99,7,0.1
677,0.0,10,0.050000000000000044,3.816165917669423e-05,0.1626579612493515,0.005528911016881466,0.4366166293621063,0.10035353153944016,,,,dqn_icm,cartpole,sparse,0.01,0.99,7,0.1
678,0.0,9,0.050000000000000044,3.242801903979853e-05,0.1845586895942688,0.006123669911175966,0.2905944585800171,0.08765546977519989,,,,dqn_icm,cartpole,sparse,0.01,0.99,7,0.1
679,0.0,10,0.050000000000000044,3.290828317403793e-05,0.1650683432817459,0.004986141808331013,0.2905944585800171,0.08765546977519989,,,,dqn_icm,cartpole,sparse,0.01,0.99,7,0.1
680,0.0,11,0.050000000000000044,5.719749606214464e-05,0.16176258027553558,0.006601042579859495,0.2905944585800171,0.08765546977519989,,,,dqn_icm,cartpole,sparse,0.01,0.99,7,0.1
681,0.0,10,0.050000000000000044,5.713455902878195e-05,0.15715256333351135,0.007220877334475517,0.2905944585800171,0.08765546977519989,,,,dqn_icm,cartpole,sparse,0.01,0.99,7,0.1
682,0.0,9,0.050000000000000044,2.3498496375395916e-05,0.17399463057518005,0.004490196704864502,0.30829429626464844,0.11783648282289505,,,,dqn_icm,cartpole,sparse,0.01,0.99,7,0.1
683,0.0,9,0.050000000000000044,4.4103544496465474e-05,0.1770191788673401,0.006437161471694708,0.30829429626464844,0.11783648282289505,,,,dqn_icm,cartpole,sparse,0.01,0.99,7,0.1
684,0.0,10,0.050000000000000044,3.3999644074356183e-05,0.18355917930603027,0.005215935409069061,0.30829429626464844,0.11783648282289505,,,,dqn_icm,cartpole,sparse,0.01,0.99,7,0.1
685,0.0,9,0.050000000000000044,2.7313506507198326e-05,0.17706230282783508,0.0046533686108887196,0.30829429626464844,0.11783648282289505,,,,dqn_icm,cartpole,sparse,0.01,0.99,7,0.1
686,0.0,10,0.050000000000000044,4.625383735401556e-05,0.15314185619354248,0.006148558109998703,0.3948647379875183,0.127668097615242,,,,dqn_icm,cartpole,sparse,0.01,0.99,7,0.1
687,0.0,11,0.050000000000000044,2.8227217626408674e-05,0.16809611022472382,0.004566245246678591,0.3948647379875183,0.127668097615242,,,,dqn_icm,cartpole,sparse,0.01,0.99,7,0.1
688,0.0,10,0.050000000000000044,4.66607634734828e-05,0.15955881774425507,0.0056050000712275505,0.3948647379875183,0.127668097615242,,,,dqn_icm,cartpole,sparse,0.01,0.99,7,0.1
689,0.0,9,0.050000000000000044,3.1075349397724494e-05,0.17811745405197144,0.005202759988605976,0.3948647379875183,0.127668097615242,,,,dqn_icm,cartpole,sparse,0.01,0.99,7,0.1
690,0.0,11,0.050000000000000044,3.537961310939863e-05,0.17381983995437622,0.005561970639973879,0.2987826466560364,0.10323931276798248,,,,dqn_icm,cartpole,sparse,0.01,0.99,7,0.1
691,0.0,10,0.050000000000000044,2.9620572604471818e-05,0.16740268468856812,0.004828327801078558,0.2987826466560364,0.10323931276798248,,,,dqn_icm,cartpole,sparse,0.01,0.99,7,0.1
692,0.0,10,0.050000000000000044,3.335089422762394e-05,0.16661635041236877,0.005591435357928276,0.2987826466560364,0.10323931276798248,,,,dqn_icm,cartpole,sparse,0.01,0.99,7,0.1
693,0.0,8,0.050000000000000044,1.434832392988028e-05,0.16090068221092224,0.0033240937627851963,0.2987826466560364,0.10323931276798248,,,,dqn_icm,cartpole,sparse,0.01,0.99,7,0.1
694,0.0,11,0.050000000000000044,2.8001701139146462e-05,0.18108397722244263,0.005662423092871904,0.44777998328208923,0.10324251651763916,,,,dqn_icm,cartpole,sparse,0.01,0.99,7,0.1
695,0.0,9,0.050000000000000044,1.7339703845209442e-05,0.17423662543296814,0.004296217113733292,0.44777998328208923,0.10324251651763916,,,,dqn_icm,cartpole,sparse,0.01,0.99,7,0.1
696,0.0,9,0.050000000000000044,2.8610345907509327e-05,0.1623368114233017,0.005021959077566862,0.44777998328208923,0.10324251651763916,,,,dqn_icm,cartpole,sparse,0.01,0.99,7,0.1
697,0.0,10,0.050000000000000044,8.11761783552356e-05,0.18329256772994995,0.006773072294890881,0.44777998328208923,0.10324251651763916,,,,dqn_icm,cartpole,sparse,0.01,0.99,7,0.1
698,0.0,11,0.050000000000000044,2.9287362849572673e-05,0.15772223472595215,0.004939666949212551,0.3284143805503845,0.098036989569664,,,,dqn_icm,cartpole,sparse,0.01,0.99,7,0.1
699,0.0,10,0.050000000000000044,6.46942135063e-05,0.17134414613246918,0.007885636761784554,0.3284143805503845,0.098036989569664,,,,dqn_icm,cartpole,sparse,0.01,0.99,7,0.1
700,0.0,9,0.050000000000000044,2.271876292070374e-05,0.1740022897720337,0.004441099241375923,0.3284143805503845,0.098036989569664,0.0,0.0,9.8,dqn_icm,cartpole,sparse,0.01,0.99,7,0.1
701,0.0,9,0.050000000000000044,4.065434040967375e-05,0.156978040933609,0.005688633769750595,0.3284143805503845,0.098036989569664,,,,dqn_icm,cartpole,sparse,0.01,0.99,7,0.1
702,0.0,13,0.050000000000000044,3.397807449800894e-05,0.17713837325572968,0.005967528559267521,0.29160770773887634,0.07510137557983398,,,,dqn_icm,cartpole,sparse,0.01,0.99,7,0.1
703,0.0,9,0.050000000000000044,3.7250021705403924e-05,0.14812633395195007,0.006162076722830534,0.29160770773887634,0.07510137557983398,,,,dqn_icm,cartpole,sparse,0.01,0.99,7,0.1
704,0.0,11,0.050000000000000044,4.989434819435701e-05,0.16304299235343933,0.006881285458803177,0.29160770773887634,0.07510137557983398,,,,dqn_icm,cartpole,sparse,0.01,0.99,7,0.1
705,0.0,10,0.050000000000000044,6.790748739149421e-05,0.1733471155166626,0.006409121211618185,0.29160770773887634,0.07510137557983398,,,,dqn_icm,cartpole,sparse,0.01,0.99,7,0.1
706,0.0,9,0.050000000000000044,6.35237229289487e-05,0.157814621925354,0.008232254534959793,0.33509811758995056,0.08675631880760193,,,,dqn_icm,cartpole,sparse,0.01,0.99,7,0.1
707,0.0,11,0.050000000000000044,1.684350718278438e-05,0.212565615773201,0.0037202956154942513,0.33509811758995056,0.08675631880760193,,,,dqn_icm,cartpole,sparse,0.01,0.99,7,0.1
708,0.0,9,0.050000000000000044,4.583061672747135e-05,0.1789626181125641,0.005665638018399477,0.33509811758995056,0.08675631880760193,,,,dqn_icm,cartpole,sparse,0.01,0.99,7,0.1
709,0.0,10,0.050000000000000044,4.4743392209056765e-05,0.1630062311887741,0.005936269648373127,0.33509811758995056,0.08675631880760193,,,,dqn_icm,cartpole,sparse,0.01,0.99,7,0.1
710,0.0,9,0.050000000000000044,7.119316433090717e-05,0.15414127707481384,0.007128815166652203,0.389778733253479,0.09971629083156586,,,,dqn_icm,cartpole,sparse,0.01,0.99,7,0.1
711,0.0,8,0.050000000000000044,2.7840742404805496e-05,0.17856743931770325,0.004461103584617376,0.389778733253479,0.09971629083156586,,,,dqn_icm,cartpole,sparse,0.01,0.99,7,0.1
712,0.0,8,0.050000000000000044,1.3420261893770657e-05,0.1942860186100006,0.003577037015929818,0.389778733253479,0.09971629083156586,,,,dqn_icm,cartpole,sparse,0.01,0.99,7,0.1
713,0.0,8,0.050000000000000044,1.4349758203024976e-05,0.15617068111896515,0.004024472087621689,0.389778733253479,0.09971629083156586,,,,dqn_icm,cartpole,sparse,0.01,0.99,7,0.1
714,0.0,9,0.050000000000000044,2.4415377993136644e-05,0.18624158203601837,0.004415912088006735,0.389778733253479,0.09971629083156586,,,,dqn_icm,cartpole,sparse,0.01,0.99,7,0.1
715,0.0,8,0.050000000000000044,2.1670661226380616e-05,0.17750540375709534,0.004382975399494171,0.2711237072944641,0.07774052023887634,,,,dqn_icm,cartpole,sparse,0.01,0.99,7,0.1
716,0.0,9,0.050000000000000044,3.2052939786808565e-05,0.1515377163887024,0.004658921621739864,0.2711237072944641,0.07774052023887634,,,,dqn_icm,cartpole,sparse,0.01,0.99,7,0.1
717,0.0,9,0.050000000000000044,2.897780723287724e-05,0.16879771649837494,0.004792641848325729,0.2711237072944641,0.07774052023887634,,,,dqn_icm,cartpole,sparse,0.01,0.99,7,0.1
718,0.0,10,0.050000000000000044,3.870381988235749e-05,0.1414298266172409,0.005151909776031971,0.2711237072944641,0.07774052023887634,,,,dqn_icm,cartpole,sparse,0.01,0.99,7,0.1
719,0.0,10,0.050000000000000044,1.757916106726043e-05,0.17926591634750366,0.0038058562204241753,0.2711237072944641,0.07774052023887634,,,,dqn_icm,cartpole,sparse,0.01,0.99,7,0.1
720,0.0,9,0.050000000000000044,1.2802911442122422e-05,0.16496138274669647,0.003251747228205204,0.351563036441803,0.10475903749465942,,,,dqn_icm,cartpole,sparse,0.01,0.99,7,0.1
721,0.0,11,0.050000000000000044,1.7647267668507993e-05,0.16139236092567444,0.0034820351283997297,0.351563036441803,0.10475903749465942,,,,dqn_icm,cartpole,sparse,0.01,0.99,7,0.1
722,0.0,9,0.050000000000000044,2.9407961847027764e-05,0.171279639005661,0.004954597447067499,0.351563036441803,0.10475903749465942,,,,dqn_icm,cartpole,sparse,0.01,0.99,7,0.1
723,0.0,10,0.050000000000000044,2.9710827220696956e-05,0.18889322876930237,0.004627705086022615,0.351563036441803,0.10475903749465942,,,,dqn_icm,cartpole,sparse,0.01,0.99,7,0.1
724,0.0,9,0.050000000000000044,4.990753222955391e-05,0.180354043841362,0.006502149160951376,0.2631170451641083,0.0842524915933609,,,,dqn_icm,cartpole,sparse,0.01,0.99,7,0.1
725,0.0,10,0.050000000000000044,4.6647124690935016e-05,0.19773593544960022,0.005903623532503843,0.2631170451641083,0.0842524915933609,,,,dqn_icm,cartpole,sparse,0.01,0.99,7,0.1
726,0.0,10,0.050000000000000044,3.3116331906057894e-05,0.19216673076152802,0.005699824076145887,0.2631170451641083,0.0842524915933609,,,,dqn_icm,cartpole,sparse,0.01,0.99,7,0.1
727,0.0,10,0.050000000000000044,3.631960498751141e-05,0.16139325499534607,0.005755416117608547,0.2631170451641083,0.0842524915933609,,,,dqn_icm,cartpole,sparse,0.01,0.99,7,0.1
728,0.0,10,0.050000000000000044,2.6618448828230612e-05,0.17540091276168823,0.003907565027475357,0.46827414631843567,0.08174145221710205,,,,dqn_icm,cartpole,sparse,0.01,0.99,7,0.1
729,0.0,10,0.050000000000000044,2.8701579140033573e-05,0.1818377524614334,0.004371666815131903,0.46827414631843567,0.08174145221710205,,,,dqn_icm,cartpole,sparse,0.01,0.99,7,0.1
730,0.0,11,0.050000000000000044,3.20041726808995e-05,0.16434995830059052,0.004638056270778179,0.46827414631843567,0.08174145221710205,,,,dqn_icm,cartpole,sparse,0.01,0.99,7,0.1
731,0.0,9,0.050000000000000044,5.0279690185561776e-05,0.16146036982536316,0.0060142758302390575,0.46827414631843567,0.08174145221710205,,,,dqn_icm,cartpole,sparse,0.01,0.99,7,0.1
732,0.0,9,0.050000000000000044,2.9728851586696692e-05,0.16722512245178223,0.004423277452588081,0.43635866045951843,0.07260496914386749,,,,dqn_icm,cartpole,sparse,0.01,0.99,7,0.1
733,0.0,10,0.050000000000000044,5.089125261292793e-05,0.1622665971517563,0.006495569832623005,0.43635866045951843,0.07260496914386749,,,,dqn_icm,cartpole,sparse,0.01,0.99,7,0.1
734,0.0,9,0.050000000000000044,2.6472655008547008e-05,0.18015213310718536,0.004253569059073925,0.43635866045951843,0.07260496914386749,,,,dqn_icm,cartpole,sparse,0.01,0.99,7,0.1
735,0.0,11,0.050000000000000044,3.025317346327938e-05,0.1653735339641571,0.005504491738975048,0.43635866045951843,0.07260496914386749,,,,dqn_icm,cartpole,sparse,0.01,0.99,7,0.1
736,0.0,11,0.050000000000000044,2.863122062990442e-05,0.18460988998413086,0.0049363961443305016,0.2986873686313629,0.08553694933652878,,,,dqn_icm,cartpole,sparse,0.01,0.99,7,0.1
737,0.0,10,0.050000000000000044,2.8006305001326837e-05,0.18041881918907166,0.005044090561568737,0.2986873686313629,0.08553694933652878,,,,dqn_icm,cartpole,sparse,0.01,0.99,7,0.1
738,0.0,12,0.050000000000000044,7.494697638321668e-05,0.1462181806564331,0.008486567996442318,0.2986873686313629,0.08553694933652878,,,,dqn_icm,cartpole,sparse,0.01,0.99,7,0.1
739,0.0,10,0.050000000000000044,2.685113031475339e-05,0.167178213596344,0.004572609905153513,0.2986873686313629,0.08553694933652878,,,,dqn_icm,cartpole,sparse,0.01,0.99,7,0.1
740,0.0,12,0.050000000000000044,0.001200145110487938,0.12658289074897766,0.04335400462150574,0.3376028835773468,0.07732003927230835,,,,dqn_icm,cartpole,sparse,0.01,0.99,7,0.1
741,0.0,10,0.050000000000000044,0.001443385612219572,0.2262791097164154,0.04531661048531532,0.3376028835773468,0.07732003927230835,,,,dqn_icm,cartpole,sparse,0.01,0.99,7,0.1
742,0.0,11,0.050000000000000044,0.0003939156304113567,0.17506420612335205,0.024434516206383705,0.3376028835773468,0.07732003927230835,,,,dqn_icm,cartpole,sparse,0.01,0.99,7,0.1
743,0.0,18,0.050000000000000044,0.0005976889515295625,0.17342332005500793,0.029992613941431046,0.40340933203697205,0.07025901973247528,,,,dqn_icm,cartpole,sparse,0.01,0.99,7,0.1
744,0.0,10,0.050000000000000044,0.00026905990671366453,0.16951079666614532,0.017862211912870407,0.40340933203697205,0.07025901973247528,,,,dqn_icm,cartpole,sparse,0.01,0.99,7,0.1
745,0.0,8,0.050000000000000044,0.0006922204047441483,0.16807818412780762,0.027080602943897247,0.40340933203697205,0.07025901973247528,,,,dqn_icm,cartpole,sparse,0.01,0.99,7,0.1
746,0.0,11,0.050000000000000044,0.00020259912707842886,0.1919788271188736,0.01819464936852455,0.40340933203697205,0.07025901973247528,,,,dqn_icm,cartpole,sparse,0.01,0.99,7,0.1
747,0.0,12,0.050000000000000044,0.000180544622708112,0.18711286783218384,0.01690180040895939,0.37040600180625916,0.06992525607347488,,,,dqn_icm,cartpole,sparse,0.01,0.99,7,0.1
748,0.0,11,0.050000000000000044,0.00040861236630007625,0.15520571172237396,0.022272590547800064,0.37040600180625916,0.06992525607347488,,,,dqn_icm,cartpole,sparse,0.01,0.99,7,0.1
749,0.0,10,0.050000000000000044,0.00030282200896181166,0.16643157601356506,0.01810413971543312,0.37040600180625916,0.06992525607347488,,,,dqn_icm,cartpole,sparse,0.01,0.99,7,0.1
750,0.0,30,0.050000000000000044,0.00012976850848644972,0.1920420229434967,0.012500369921326637,0.22659185528755188,0.06740619987249374,0.0,0.0,18.3,dqn_icm,cartpole,sparse,0.01,0.99,7,0.1
751,0.0,29,0.050000000000000044,6.019341526553035e-05,0.17160934209823608,0.008457595482468605,0.3914489448070526,0.09682615101337433,,,,dqn_icm,cartpole,sparse,0.01,0.99,7,0.1
752,0.0,13,0.050000000000000044,4.33899876952637e-05,0.1722288727760315,0.006351187359541655,0.3914489448070526,0.09682615101337433,,,,dqn_icm,cartpole,sparse,0.01,0.99,7,0.1
753,0.0,12,0.050000000000000044,7.567126885987818e-05,0.15334603190422058,0.008854012936353683,0.3914489448070526,0.09682615101337433,,,,dqn_icm,cartpole,sparse,0.01,0.99,7,0.1
754,0.0,13,0.050000000000000044,4.599455132847652e-05,0.15638591349124908,0.006786266341805458,0.3922137916088104,0.07425101101398468,,,,dqn_icm,cartpole,sparse,0.01,0.99,7,0.1
755,0.0,13,0.050000000000000044,2.9160399208194576e-05,0.18743576109409332,0.0049200039356946945,0.3922137916088104,0.07425101101398468,,,,dqn_icm,cartpole,sparse,0.01,0.99,7,0.1
756,0.0,13,0.050000000000000044,2.9254137189127505e-05,0.15295931696891785,0.005796619690954685,0.3922137916088104,0.07425101101398468,,,,dqn_icm,cartpole,sparse,0.01,0.99,7,0.1
757,0.0,34,0.050000000000000044,1.7975367882172577e-05,0.18191319704055786,0.0045233070850372314,0.2827199697494507,0.05663222074508667,,,,dqn_icm,cartpole,sparse,0.01,0.99,7,0.1
758,0.0,12,0.050000000000000044,3.1255665817297995e-05,0.18427258729934692,0.005540149286389351,0.25383812189102173,0.062080927193164825,,,,dqn_icm,cartpole,sparse,0.01,0.99,7,0.1
759,0.0,11,0.050000000000000044,4.5841356040909886e-05,0.15522122383117676,0.006125848740339279,0.25383812189102173,0.062080927193164825,,,,dqn_icm,cartpole,sparse,0.01,0.99,7,0.1
760,0.0,12,0.050000000000000044,0.00010025700612459332,0.18464012444019318,0.006573506630957127,0.25383812189102173,0.062080927193164825,,,,dqn_icm,cartpole,sparse,0.01,0.99,7,0.1
761,0.0,28,0.050000000000000044,5.4989523050608113e-05,0.1822269707918167,0.007369431667029858,0.3430596590042114,0.08573926240205765,,,,dqn_icm,cartpole,sparse,0.01,0.99,7,0.1
762,0.0,10,0.050000000000000044,7.29572493582964e-05,0.19142992794513702,0.006810626946389675,0.3430596590042114,0.08573926240205765,,,,dqn_icm,cartpole,sparse,0.01,0.99,7,0.1
763,0.0,14,0.050000000000000044,0.00010561819362919778,0.16210675239562988,0.009395334869623184,0.3430596590042114,0.08573926240205765,,,,dqn_icm,cartpole,sparse,0.01,0.99,7,0.1
764,0.0,26,0.050000000000000044,2.701154153328389e-05,0.19556793570518494,0.004719077609479427,0.3318694531917572,0.06984461843967438,,,,dqn_icm,cartpole,sparse,0.01,0.99,7,0.1
765,0.0,11,0.050000000000000044,9.009463246911764e-05,0.17393574118614197,0.008562654256820679,0.3318694531917572,0.06984461843967438,,,,dqn_icm,cartpole,sparse,0.01,0.99,7,0.1
766,0.0,10,0.050000000000000044,4.00998760596849e-05,0.1603635847568512,0.006951774936169386,0.32930585741996765,0.05276837199926376,,,,dqn_icm,cartpole,sparse,0.01,0.99,7,0.1
767,0.0,26,0.050000000000000044,5.4777341574663296e-05,0.16607418656349182,0.007778061553835869,0.32930585741996765,0.05276837199926376,,,,dqn_icm,cartpole,sparse,0.01,0.99,7,0.1
768,0.0,13,0.050000000000000044,7.913282024674118e-05,0.18953940272331238,0.0073374193161726,0.28080394864082336,0.06900730729103088,,,,dqn_icm,cartpole,sparse,0.01,0.99,7,0.1
769,0.0,12,0.050000000000000044,1.9340761355124414e-05,0.1986381560564041,0.00406588613986969,0.28080394864082336,0.06900730729103088,,,,dqn_icm,cartpole,sparse,0.01,0.99,7,0.1
770,0.0,29,0.050000000000000044,5.883057019673288e-05,0.16010352969169617,0.005931884050369263,0.3354490101337433,0.07946203649044037,,,,dqn_icm,cartpole,sparse,0.01,0.99,7,0.1
771,0.0,11,0.050000000000000044,2.668061279109679e-05,0.17271849513053894,0.005622881464660168,0.3354490101337433,0.07946203649044037,,,,dqn_icm,cartpole,sparse,0.01,0.99,7,0.1
772,0.0,11,0.050000000000000044,3.065915370825678e-05,0.17492760717868805,0.006377998739480972,0.3354490101337433,0.07946203649044037,,,,dqn_icm,cartpole,sparse,0.01,0.99,7,0.1
773,0.0,11,0.050000000000000044,9.814059012569487e-05,0.17376643419265747,0.007207805290818214,0.3354490101337433,0.07946203649044037,,,,dqn_icm,cartpole,sparse,0.01,0.99,7,0.1
774,0.0,15,0.050000000000000044,2.5988374545704573e-05,0.16906988620758057,0.005555449984967709,0.29422909021377563,0.06491521000862122,,,,dqn_icm,cartpole,sparse,0.01,0.99,7,0.1
775,0.0,12,0.050000000000000044,7.309111242648214e-05,0.20093852281570435,0.007250667549669743,0.29422909021377563,0.06491521000862122,,,,dqn_icm,cartpole,sparse,0.01,0.99,7,0.1
776,0.0,17,0.050000000000000044,4.861647903453559e-05,0.17899051308631897,0.007263359613716602,0.2956162393093109,0.07537361234426498,,,,dqn_icm,cartpole,sparse,0.01,0.99,7,0.1
777,0.0,11,0.050000000000000044,7.775796257192269e-05,0.17128632962703705,0.00734823290258646,0.2956162393093109,0.07537361234426498,,,,dqn_icm,cartpole,sparse,0.01,0.99,7,0.1
778,0.0,32,0.050000000000000044,3.9796654164092615e-05,0.19586814939975739,0.006519949994981289,0.3650912046432495,0.05802254378795624,,,,dqn_icm,cartpole,sparse,0.01,0.99,7,0.1
779,0.0,12,0.050000000000000044,4.314550824346952e-05,0.16581973433494568,0.00740298954769969,0.3650912046432495,0.05802254378795624,,,,dqn_icm,cartpole,sparse,0.01,0.99,7,0.1
780,0.0,11,0.050000000000000044,4.288848504074849e-05,0.18528985977172852,0.006875156424939632,0.3650912046432495,0.05802254378795624,,,,dqn_icm,cartpole,sparse,0.01,0.99,7,0.1
781,0.0,10,0.050000000000000044,9.326648432761431e-05,0.15697219967842102,0.006818127352744341,0.3650912046432495,0.05802254378795624,,,,dqn_icm,cartpole,sparse,0.01,0.99,7,0.1
782,0.0,8,0.050000000000000044,2.9632043151650578e-05,0.18795077502727509,0.005447794683277607,0.3642716705799103,0.052709151059389114,,,,dqn_icm,cartpole,sparse,0.01,0.99,7,0.1
783,0.0,16,0.050000000000000044,7.023199577815831e-05,0.18077248334884644,0.006823450326919556,0.3642716705799103,0.052709151059389114,,,,dqn_icm,cartpole,sparse,0.01,0.99,7,0.1
784,0.0,11,0.050000000000000044,3.764811117434874e-05,0.17872121930122375,0.006172729190438986,0.3642716705799103,0.052709151059389114,,,,dqn_icm,cartpole,sparse,0.01,0.99,7,0.1
785,0.0,11,0.050000000000000044,2.0647434212150984e-05,0.1828632652759552,0.004529161844402552,0.306069940328598,0.0455312505364418,,,,dqn_icm,cartpole,sparse,0.01,0.99,7,0.1
786,0.0,29,0.050000000000000044,8.592421363573521e-05,0.1882837861776352,0.007288712076842785,0.306069940328598,0.0455312505364418,,,,dqn_icm,cartpole,sparse,0.01,0.99,7,0.1
787,0.0,12,0.050000000000000044,0.00035983489942736924,0.16948802769184113,0.010097753256559372,0.47022196650505066,0.1006232351064682,,,,dqn_icm,cartpole,sparse,0.01,0.99,7,0.1
788,0.0,12,0.050000000000000044,4.9069756641983986e-05,0.18481403589248657,0.005700819194316864,0.47022196650505066,0.1006232351064682,,,,dqn_icm,cartpole,sparse,0.01,0.99,7,0.1
789,0.0,26,0.050000000000000044,9.64899591053836e-05,0.17066539824008942,0.009153565391898155,0.35556596517562866,0.06025640666484833,,,,dqn_icm,cartpole,sparse,0.01,0.99,7,0.1
790,0.0,27,0.050000000000000044,3.7071105907671154e-05,0.19281408190727234,0.0062249936163425446,0.35556596517562866,0.06025640666484833,,,,dqn_icm,cartpole,sparse,0.01,0.99,7,0.1
791,0.0,10,0.050000000000000044,5.294190486893058e-05,0.18031710386276245,0.007557510398328304,0.35556596517562866,0.06025640666484833,,,,dqn_icm,cartpole,sparse,0.01,0.99,7,0.1
792,0.0,13,0.050000000000000044,7.010291301412508e-05,0.15824705362319946,0.007075490429997444,0.31363075971603394,0.049339257180690765,,,,dqn_icm,cartpole,sparse,0.01,0.99,7,0.1
793,0.0,28,0.050000000000000044,3.6569756048265845e-05,0.20144563913345337,0.005812182556837797,0.31363075971603394,0.049339257180690765,,,,dqn_icm,cartpole,sparse,0.01,0.99,7,0.1
794,0.0,11,0.050000000000000044,4.957330384058878e-05,0.15991979837417603,0.006975372321903706,0.33261603116989136,0.05424968898296356,,,,dqn_icm,cartpole,sparse,0.01,0.99,7,0.1
795,0.0,11,0.050000000000000044,5.7532975915819407e-05,0.15697339177131653,0.007879441604018211,0.33261603116989136,0.05424968898296356,,,,dqn_icm,cartpole,sparse,0.01,0.99,7,0.1
796,0.0,12,0.050000000000000044,0.00010978338832501322,0.1839936077594757,0.009112824685871601,0.33261603116989136,0.05424968898296356,,,,dqn_icm,cartpole,sparse,0.01,0.99,7,0.1
797,0.0,13,0.050000000000000044,0.00013074863818474114,0.1451997458934784,0.01153333205729723,0.37771326303482056,0.10383850336074829,,,,dqn_icm,cartpole,sparse,0.01,0.99,7,0.1
798,0.0,12,0.050000000000000044,5.1272170821903273e-05,0.18565574288368225,0.007939904928207397,0.37771326303482056,0.10383850336074829,,,,dqn_icm,cartpole,sparse,0.01,0.99,7,0.1
799,0.0,11,0.050000000000000044,4.611318217939697e-05,0.1983480155467987,0.005993729457259178,0.37771326303482056,0.10383850336074829,,,,dqn_icm,cartpole,sparse,0.01,0.99,7,0.1
800,0.0,14,0.050000000000000044,7.984897820279002e-05,0.18016918003559113,0.009706415235996246,0.3808925151824951,0.08500739932060242,0.0,0.0,18.3,dqn_icm,cartpole,sparse,0.01,0.99,7,0.1
801,0.0,12,0.050000000000000044,8.539010741515085e-05,0.17616206407546997,0.0077408417128026485,0.3808925151824951,0.08500739932060242,,,,dqn_icm,cartpole,sparse,0.01,0.99,7,0.1
802,0.0,11,0.050000000000000044,0.00014811678556725383,0.17480218410491943,0.009075803682208061,0.3808925151824951,0.08500739932060242,,,,dqn_icm,cartpole,sparse,0.01,0.99,7,0.1
803,0.0,9,0.050000000000000044,7.948031998239458e-05,0.15980178117752075,0.010282069444656372,0.3808925151824951,0.08500739932060242,,,,dqn_icm,cartpole,sparse,0.01,0.99,7,0.1
804,0.0,25,0.050000000000000044,7.975740300025791e-05,0.18121831119060516,0.00842793844640255,0.45817428827285767,0.07873278856277466,,,,dqn_icm,cartpole,sparse,0.01,0.99,7,0.1
805,0.0,11,0.050000000000000044,0.0001275936810998246,0.16402380168437958,0.009529698640108109,0.45817428827285767,0.07873278856277466,,,,dqn_icm,cartpole,sparse,0.01,0.99,7,0.1
806,0.0,27,0.050000000000000044,5.407290882430971e-05,0.1787186861038208,0.0071011679247021675,0.28845125436782837,0.037151798605918884,,,,dqn_icm,cartpole,sparse,0.01,0.99,7,0.1
807,0.0,12,0.050000000000000044,0.0003185310051776469,0.18003201484680176,0.008767038583755493,0.28845125436782837,0.037151798605918884,,,,dqn_icm,cartpole,sparse,0.01,0.99,7,0.1
808,0.0,26,0.050000000000000044,0.00018409916083328426,0.16381651163101196,0.009044666774570942,0.3111509680747986,0.07608788460493088,,,,dqn_icm,cartpole,sparse,0.01,0.99,7,0.1
809,0.0,12,0.050000000000000044,0.00010475255839992315,0.19296717643737793,0.007144212257117033,0.3111509680747986,0.07608788460493088,,,,dqn_icm,cartpole,sparse,0.01,0.99,7,0.1
810,0.0,13,0.050000000000000044,9.144611249212176e-05,0.17256654798984528,0.008344754576683044,0.27287742495536804,0.05792814493179321,,,,dqn_icm,cartpole,sparse,0.01,0.99,7,0.1
811,0.0,10,0.050000000000000044,4.7505767724942416e-05,0.18261584639549255,0.006485948339104652,0.27287742495536804,0.05792814493179321,,,,dqn_icm,cartpole,sparse,0.01,0.99,7,0.1
812,0.0,27,0.050000000000000044,8.016433275770396e-05,0.184596449136734,0.0063481112010777,0.27287742495536804,0.05792814493179321,,,,dqn_icm,cartpole,sparse,0.01,0.99,7,0.1
813,0.0,12,0.050000000000000044,7.123919203877449e-05,0.15636402368545532,0.007421156391501427,0.3341033160686493,0.08204536885023117,,,,dqn_icm,cartpole,sparse,0.01,0.99,7,0.1
814,0.0,10,0.050000000000000044,7.234097574837506e-05,0.16224300861358643,0.0073402877897024155,0.3341033160686493,0.08204536885023117,,,,dqn_icm,cartpole,sparse,0.01,0.99,7,0.1
815,0.0,9,0.050000000000000044,4.225532757118344e-05,0.17157359421253204,0.006431151181459427,0.3341033160686493,0.08204536885023117,,,,dqn_icm,cartpole,sparse,0.01,0.99,7,0.1
816,0.0,12,0.050000000000000044,4.044269735459238e-05,0.19920814037322998,0.006140264682471752,0.3267732262611389,0.06905525922775269,,,,dqn_icm,cartpole,sparse,0.01,0.99,7,0.1
817,0.0,13,0.050000000000000044,4.3353014916647226e-05,0.19711312651634216,0.0062488107942044735,0.3267732262611389,0.06905525922775269,,,,dqn_icm,cartpole,sparse,0.01,0.99,7,0.1
818,0.0,14,0.050000000000000044,3.9360664231935516e-05,0.189377099275589,0.005980073474347591,0.3267732262611389,0.06905525922775269,,,,dqn_icm,cartpole,sparse,0.01,0.99,7,0.1
819,0.0,10,0.050000000000000044,6.78818323649466e-05,0.18482378125190735,0.007270378060638905,0.3267732262611389,0.06905525922775269,,,,dqn_icm,cartpole,sparse,0.01,0.99,7,0.1
820,0.0,15,0.050000000000000044,4.719041317002848e-05,0.1560409963130951,0.0058877659030258656,0.3605393171310425,0.076975516974926,,,,dqn_icm,cartpole,sparse,0.01,0.99,7,0.1
821,0.0,14,0.050000000000000044,8.831026207190007e-05,0.18523430824279785,0.006290045566856861,0.3605393171310425,0.076975516974926,,,,dqn_icm,cartpole,sparse,0.01,0.99,7,0.1
822,0.0,13,0.050000000000000044,3.660490983747877e-05,0.201883465051651,0.004992788657546043,0.2839207053184509,0.06043094024062157,,,,dqn_icm,cartpole,sparse,0.01,0.99,7,0.1
823,0.0,11,0.050000000000000044,3.238053614040837e-05,0.17194202542304993,0.0051660193130373955,0.2839207053184509,0.06043094024062157,,,,dqn_icm,cartpole,sparse,0.01,0.99,7,0.1
824,0.0,29,0.050000000000000044,1.7235441191587597e-05,0.17362049221992493,0.004197346977889538,0.35696151852607727,0.05652347952127457,,,,dqn_icm,cartpole,sparse,0.01,0.99,7,0.1
825,0.0,25,0.050000000000000044,3.780118277063593e-05,0.17755690217018127,0.0054520051926374435,0.35696151852607727,0.05652347952127457,,,,dqn_icm,cartpole,sparse,0.01,0.99,7,0.1
826,0.0,25,0.050000000000000044,3.392564394744113e-05,0.16729798913002014,0.006058186292648315,0.39533498883247375,0.05755012482404709,,,,dqn_icm,cartpole,sparse,0.01,0.99,7,0.1
827,0.0,9,0.050000000000000044,1.7699741874821484e-05,0.17365601658821106,0.004069414921104908,0.39533498883247375,0.05755012482404709,,,,dqn_icm,cartpole,sparse,0.01,0.99,7,0.1
828,0.0,29,0.050000000000000044,0.00010998479410773143,0.1549377590417862,0.006514190696179867,0.3870779275894165,0.07131300866603851,,,,dqn_icm,cartpole,sparse,0.01,0.99,7,0.1
829,0.0,10,0.050000000000000044,4.976519267074764e-05,0.15589460730552673,0.006378921680152416,0.3870779275894165,0.07131300866603851,,,,dqn_icm,cartpole,sparse,0.01,0.99,7,0.1
830,0.0,27,0.050000000000000044,3.003436722792685e-05,0.15885674953460693,0.005800113081932068,0.32098832726478577,0.06263181567192078,,,,dqn_icm,cartpole,sparse,0.01,0.99,7,0.1
831,0.0,12,0.050000000000000044,3.731353353941813e-05,0.17456042766571045,0.006369052920490503,0.32098832726478577,0.06263181567192078,,,,dqn_icm,cartpole,sparse,0.01,0.99,7,0.1
832,0.0,12,0.050000000000000044,3.753478085855022e-05,0.16109511256217957,0.006529436446726322,0.32098832726478577,0.06263181567192078,,,,dqn_icm,cartpole,sparse,0.01,0.99,7,0.1
833,0.0,14,0.050000000000000044,5.930674524279311e-05,0.17607328295707703,0.007854283787310123,0.4136795401573181,0.0982968658208847,,,,dqn_icm,cartpole,sparse,0.01,0.99,7,0.1
834,0.0,9,0.050000000000000044,7.616959192091599e-05,0.17009709775447845,0.008056586608290672,0.4136795401573181,0.0982968658208847,,,,dqn_icm,cartpole,sparse,0.01,0.99,7,0.1
835,0.0,11,0.050000000000000044,7.779480802128091e-05,0.16587361693382263,0.008696434088051319,0.4136795401573181,0.0982968658208847,,,,dqn_icm,cartpole,sparse,0.01,0.99,7,0.1
836,0.0,10,0.050000000000000044,5.212302130530588e-05,0.18797963857650757,0.0075124697759747505,0.4136795401573181,0.0982968658208847,,,,dqn_icm,cartpole,sparse,0.01,0.99,7,0.1
837,0.0,13,0.050000000000000044,0.0002569821081124246,0.1693916618824005,0.010659615509212017,0.3631901443004608,0.08120245486497879,,,,dqn_icm,cartpole,sparse,0.01,0.99,7,0.1
838,0.0,12,0.050000000000000044,0.00012511016393546015,0.1720626950263977,0.010544367134571075,0.3631901443004608,0.08120245486497879,,,,dqn_icm,cartpole,sparse,0.01,0.99,7,0.1
839,0.0,27,0.050000000000000044,5.402626993600279e-05,0.191989928483963,0.007517764810472727,0.41322845220565796,0.06819644570350647,,,,dqn_icm,cartpole,sparse,0.01,0.99,7,0.1
840,0.0,11,0.050000000000000044,4.2908795876428485e-05,0.17335569858551025,0.008395773358643055,0.41322845220565796,0.06819644570350647,,,,dqn_icm,cartpole,sparse,0.01,0.99,7,0.1
841,0.0,26,0.050000000000000044,2.9152528441045433e-05,0.18380337953567505,0.005522961262613535,0.26770663261413574,0.041035331785678864,,,,dqn_icm,cartpole,sparse,0.01,0.99,7,0.1
842,0.0,25,0.050000000000000044,3.37601886712946e-05,0.1424238383769989,0.005907613784074783,0.26770663261413574,0.041035331785678864,,,,dqn_icm,cartpole,sparse,0.01,0.99,7,0.1
843,0.0,11,0.050000000000000044,0.00013417478476185352,0.15862059593200684,0.006758727133274078,0.26770663261413574,0.041035331785678864,,,,dqn_icm,cartpole,sparse,0.01,0.99,7,0.1
844,0.0,12,0.050000000000000044,0.0002449904568493366,0.16641737520694733,0.010204988531768322,0.3989146947860718,0.05967823415994644,,,,dqn_icm,cartpole,sparse,0.01,0.99,7,0.1
845,0.0,27,0.050000000000000044,5.796115146949887e-05,0.19019868969917297,0.006731970701366663,0.3989146947860718,0.05967823415994644,,,,dqn_icm,cartpole,sparse,0.01,0.99,7,0.1
846,0.0,12,0.050000000000000044,4.993288894183934e-05,0.16412070393562317,0.0068070427514612675,0.34143301844596863,0.05492093786597252,,,,dqn_icm,cartpole,sparse,0.01,0.99,7,0.1
847,0.0,14,0.050000000000000044,3.0738654459128156e-05,0.16612738370895386,0.005021350458264351,0.34143301844596863,0.05492093786597252,,,,dqn_icm,cartpole,sparse,0.01,0.99,7,0.1
848,0.0,25,0.050000000000000044,7.721067231614143e-05,0.17220619320869446,0.006665469612926245,0.39805570244789124,0.045580096542835236,,,,dqn_icm,cartpole,sparse,0.01,0.99,7,0.1
849,0.0,25,0.050000000000000044,3.3197025913977996e-05,0.19480356574058533,0.006328613497316837,0.39805570244789124,0.045580096542835236,,,,dqn_icm,cartpole,sparse,0.01,0.99,7,0.1
850,0.0,9,0.050000000000000044,5.078364847577177e-05,0.1699567437171936,0.006417448632419109,0.34497061371803284,0.06392887979745865,0.0,0.0,18.3,dqn_icm,cartpole,sparse,0.01,0.99,7,0.1
851,0.0,10,0.050000000000000044,3.982897032983601e-05,0.1540406048297882,0.0059187146835029125,0.34497061371803284,0.06392887979745865,,,,dqn_icm,cartpole,sparse,0.01,0.99,7,0.1
852,0.0,27,0.050000000000000044,2.2702432033838704e-05,0.18579232692718506,0.0051299892365932465,0.34497061371803284,0.06392887979745865,,,,dqn_icm,cartpole,sparse,0.01,0.99,7,0.1
853,0.0,12,0.050000000000000044,1.290527234232286e-05,0.17897409200668335,0.0038713442627340555,0.3562842309474945,0.06857242435216904,,,,dqn_icm,cartpole,sparse,0.01,0.99,7,0.1
854,0.0,13,0.050000000000000044,1.830434484872967e-05,0.15766684710979462,0.0041705165058374405,0.3562842309474945,0.06857242435216904,,,,dqn_icm,cartpole,sparse,0.01,0.99,7,0.1
855,0.0,11,0.050000000000000044,3.3120508305728436e-05,0.14905580878257751,0.005713343620300293,0.3562842309474945,0.06857242435216904,,,,dqn_icm,cartpole,sparse,0.01,0.99,7,0.1
856,0.0,10,0.050000000000000044,2.2302829165710136e-05,0.16869986057281494,0.004547866992652416,0.3350275158882141,0.07822252810001373,,,,dqn_icm,cartpole,sparse,0.01,0.99,7,0.1
857,0.0,27,0.050000000000000044,5.2682607929455116e-05,0.17990583181381226,0.005361415911465883,0.3350275158882141,0.07822252810001373,,,,dqn_icm,cartpole,sparse,0.01,0.99,7,0.1
858,0.0,25,0.050000000000000044,4.6041714085731655e-05,0.19149944186210632,0.00629006652161479,0.42532259225845337,0.07535146176815033,,,,dqn_icm,cartpole,sparse,0.01,0.99,7,0.1
859,0.0,32,0.050000000000000044,5.6772954849293455e-05,0.1858629435300827,0.006785762030631304,0.3433710038661957,0.07028503715991974,,,,dqn_icm,cartpole,sparse,0.01,0.99,7,0.1
860,0.0,15,0.050000000000000044,5.326632526703179e-05,0.19613195955753326,0.006332863587886095,0.3433710038661957,0.07028503715991974,,,,dqn_icm,cartpole,sparse,0.01,0.99,7,0.1
861,0.0,10,0.050000000000000044,4.3018335418310016e-05,0.1807897388935089,0.006237145513296127,0.3433710038661957,0.07028503715991974,,,,dqn_icm,cartpole,sparse,0.01,0.99,7,0.1
862,0.0,11,0.050000000000000044,3.5722347092814744e-05,0.139884814620018,0.004860416054725647,0.35778090357780457,0.04122309386730194,,,,dqn_icm,cartpole,sparse,0.01,0.99,7,0.1
863,0.0,26,0.050000000000000044,0.00020225690968800336,0.16411654651165009,0.007364723831415176,0.35778090357780457,0.04122309386730194,,,,dqn_icm,cartpole,sparse,0.01,0.99,7,0.1
864,0.0,25,0.050000000000000044,4.060510400449857e-05,0.17560631036758423,0.006697907578200102,0.4115952253341675,0.04813090339303017,,,,dqn_icm,cartpole,sparse,0.01,0.99,7,0.1
865,0.0,27,0.050000000000000044,0.0013604803243651986,0.1850995421409607,0.04488746076822281,0.41179990768432617,0.06847739219665527,,,,dqn_icm,cartpole,sparse,0.01,0.99,7,0.1
866,0.0,24,0.050000000000000044,0.000741818337701261,0.1916450560092926,0.03291410207748413,0.41179990768432617,0.06847739219665527,,,,dqn_icm,cartpole,sparse,0.01,0.99,7,0.1
867,0.0,28,0.050000000000000044,0.0005308791296556592,0.19354379177093506,0.02138860523700714,0.3482583165168762,0.08976826071739197,,,,dqn_icm,cartpole,sparse,0.01,0.99,7,0.1
868,0.0,32,0.050000000000000044,0.00014662236208096147,0.2148539423942566,0.013155773282051086,0.34529635310173035,0.09616335481405258,,,,dqn_icm,cartpole,sparse,0.01,0.99,7,0.1
869,0.0,25,0.050000000000000044,0.0008918207604438066,0.21363778412342072,0.02717641182243824,0.34529635310173035,0.09616335481405258,,,,dqn_icm,cartpole,sparse,0.01,0.99,7,0.1
870,0.0,29,0.050000000000000044,0.0003083589836023748,0.19697144627571106,0.015127109363675117,0.36785411834716797,0.08783889561891556,,,,dqn_icm,cartpole,sparse,0.01,0.99,7,0.1
871,0.0,11,0.050000000000000044,0.00019761480507440865,0.19014614820480347,0.01665388233959675,0.36785411834716797,0.08783889561891556,,,,dqn_icm,cartpole,sparse,0.01,0.99,7,0.1
872,0.0,27,0.050000000000000044,0.00017258936713915318,0.2134343683719635,0.01526572648435831,0.29019129276275635,0.0698728859424591,,,,dqn_icm,cartpole,sparse,0.01,0.99,7,0.1
873,0.0,24,0.050000000000000044,0.00010820273746503517,0.19873663783073425,0.011093387380242348,0.352809339761734,0.042029667645692825,,,,dqn_icm,cartpole,sparse,0.01,0.99,7,0.1
874,0.0,26,0.050000000000000044,0.00013381536700762808,0.1579916924238205,0.010941172949969769,0.352809339761734,0.042029667645692825,,,,dqn_icm,cartpole,sparse,0.01,0.99,7,0.1
875,0.0,26,0.050000000000000044,0.00018264164100401103,0.21385589241981506,0.010979000478982925,0.40070563554763794,0.07749664783477783,,,,dqn_icm,cartpole,sparse,0.01,0.99,7,0.1
876,0.0,29,0.050000000000000044,0.00011397562047932297,0.17589232325553894,0.011332644149661064,0.3798670470714569,0.10502679646015167,,,,dqn_icm,cartpole,sparse,0.01,0.99,7,0.1
877,0.0,26,0.050000000000000044,0.00023656728444620967,0.2031598687171936,0.014847742393612862,0.3798670470714569,0.10502679646015167,,,,dqn_icm,cartpole,sparse,0.01,0.99,7,0.1
878,0.0,29,0.050000000000000044,0.00021585822105407715,0.2072540521621704,0.01238211803138256,0.3565575182437897,0.08136354386806488,,,,dqn_icm,cartpole,sparse,0.01,0.99,7,0.1
879,0.0,28,0.050000000000000044,0.00017885028501041234,0.18600985407829285,0.012923053465783596,0.345146507024765,0.14057724177837372,,,,dqn_icm,cartpole,sparse,0.01,0.99,7,0.1
880,0.0,31,0.050000000000000044,0.00010410234972368926,0.17791634798049927,0.011363951489329338,0.345146507024765,0.14057724177837372,,,,dqn_icm,cartpole,sparse,0.01,0.99,7,0.1
881,0.0,27,0.050000000000000044,0.000247365067480132,0.1918104588985443,0.013576287776231766,0.3292177617549896,0.08369351923465729,,,,dqn_icm,cartpole,sparse,0.01,0.99,7,0.1
882,0.0,29,0.050000000000000044,9.415832755621523e-05,0.18945753574371338,0.009584089741110802,0.3466384708881378,0.046748530119657516,,,,dqn_icm,cartpole,sparse,0.01,0.99,7,0.1
883,0.0,27,0.050000000000000044,8.709565736353397e-05,0.21181592345237732,0.011006001383066177,0.3427765369415283,0.09073055535554886,,,,dqn_icm,cartpole,sparse,0.01,0.99,7,0.1
884,0.0,27,0.050000000000000044,8.273342973552644e-05,0.18448776006698608,0.008432839997112751,0.3427765369415283,0.09073055535554886,,,,dqn_icm,cartpole,sparse,0.01,0.99,7,0.1
885,0.0,29,0.050000000000000044,8.290097321150824e-05,0.18157216906547546,0.008126760832965374,0.3613533675670624,0.11009100079536438,,,,dqn_icm,cartpole,sparse,0.01,0.99,7,0.1
886,0.0,31,0.050000000000000044,7.087017002049834e-05,0.17845439910888672,0.00913169328123331,0.34255313873291016,0.08057931065559387,,,,dqn_icm,cartpole,sparse,0.01,0.99,7,0.1
887,0.0,27,0.050000000000000044,6.487605423899367e-05,0.16337180137634277,0.007979926653206348,0.34255313873291016,0.08057931065559387,,,,dqn_icm,cartpole,sparse,0.01,0.99,7,0.1
888,0.0,30,0.050000000000000044,8.152140071615577e-05,0.17545455694198608,0.010276267305016518,0.29563239216804504,0.06505829840898514,,,,dqn_icm,cartpole,sparse,0.01,0.99,7,0.1
889,0.0,29,0.050000000000000044,8.090045594144613e-05,0.17369726300239563,0.009323501959443092,0.26772478222846985,0.044037654995918274,,,,dqn_icm,cartpole,sparse,0.01,0.99,7,0.1
890,0.0,32,0.050000000000000044,6.093038973631337e-05,0.17639771103858948,0.007046284154057503,0.34924066066741943,0.040140002965927124,,,,dqn_icm,cartpole,sparse,0.01,0.99,7,0.1
891,0.0,19,0.050000000000000044,7.09275045664981e-05,0.18642832338809967,0.008932285010814667,0.34924066066741943,0.040140002965927124,,,,dqn_icm,cartpole,sparse,0.01,0.99,7,0.1
892,0.0,27,0.050000000000000044,0.0001811105030355975,0.17960402369499207,0.009693128988146782,0.3861182630062103,0.09135286509990692,,,,dqn_icm,cartpole,sparse,0.01,0.99,7,0.1
893,0.0,27,0.050000000000000044,0.0002944151347037405,0.16268207132816315,0.012879659421741962,0.3861182630062103,0.09135286509990692,,,,dqn_icm,cartpole,sparse,0.01,0.99,7,0.1
894,0.0,16,0.050000000000000044,8.857733337208629e-05,0.2204059660434723,0.00830928049981594,0.3636588454246521,0.11700569838285446,,,,dqn_icm,cartpole,sparse,0.01,0.99,7,0.1
895,0.0,14,0.050000000000000044,7.344363257288933e-05,0.19615823030471802,0.008435718715190887,0.3636588454246521,0.11700569838285446,,,,dqn_icm,cartpole,sparse,0.01,0.99,7,0.1
896,0.0,30,0.050000000000000044,7.394657586701214e-05,0.19422444701194763,0.010726363398134708,0.2960892617702484,0.09054679423570633,,,,dqn_icm,cartpole,sparse,0.01,0.99,7,0.1
897,0.0,27,0.050000000000000044,6.955965363886207e-05,0.2103426605463028,0.009071840904653072,0.36639532446861267,0.09923049062490463,,,,dqn_icm,cartpole,sparse,0.01,0.99,7,0.1
898,0.0,27,0.050000000000000044,5.368894926505163e-05,0.1854170262813568,0.007529985625296831,0.36639532446861267,0.09923049062490463,,,,dqn_icm,cartpole,sparse,0.01,0.99,7,0.1
899,0.0,29,0.050000000000000044,0.00011774167069233954,0.18426384031772614,0.011955677531659603,0.3235420286655426,0.061000749468803406,,,,dqn_icm,cartpole,sparse,0.01,0.99,7,0.1
900,0.0,27,0.050000000000000044,5.487746238941327e-05,0.19990231096744537,0.008231626823544502,0.32312527298927307,0.0699310153722763,0.0,0.0,28.1,dqn_icm,cartpole,sparse,0.01,0.99,7,0.1
901,0.0,31,0.050000000000000044,4.888905823463574e-05,0.19085949659347534,0.0070497458800673485,0.33834555745124817,0.08506913483142853,,,,dqn_icm,cartpole,sparse,0.01,0.99,7,0.1
902,0.0,27,0.050000000000000044,4.678943514591083e-05,0.18934854865074158,0.00792001374065876,0.33834555745124817,0.08506913483142853,,,,dqn_icm,cartpole,sparse,0.01,0.99,7,0.1
903,0.0,31,0.050000000000000044,5.727333700633608e-05,0.19307726621627808,0.006779290735721588,0.338373064994812,0.06304529309272766,,,,dqn_icm,cartpole,sparse,0.01,0.99,7,0.1
904,0.0,29,0.050000000000000044,6.59039942547679e-05,0.21375641226768494,0.007418234832584858,0.3621266186237335,0.12146051228046417,,,,dqn_icm,cartpole,sparse,0.01,0.99,7,0.1
905,0.0,34,0.050000000000000044,0.00012041046284139156,0.17443907260894775,0.011543333530426025,0.2951865792274475,0.0865359976887703,,,,dqn_icm,cartpole,sparse,0.01,0.99,7,0.1
906,0.0,29,0.050000000000000044,0.00012311371392570436,0.19915148615837097,0.00917734019458294,0.2951865792274475,0.0865359976887703,,,,dqn_icm,cartpole,sparse,0.01,0.99,7,0.1
907,0.0,25,0.050000000000000044,6.469355867011473e-05,0.19604286551475525,0.008829623460769653,0.3420046865940094,0.0474272295832634,,,,dqn_icm,cartpole,sparse,0.01,0.99,7,0.1
908,0.0,27,0.050000000000000044,0.00011653699039015919,0.19878458976745605,0.009453153237700462,0.3377916216850281,0.1095036044716835,,,,dqn_icm,cartpole,sparse,0.01,0.99,7,0.1
909,0.0,30,0.050000000000000044,0.00010032088903244585,0.1842411607503891,0.012180633842945099,0.3377916216850281,0.1095036044716835,,,,dqn_icm,cartpole,sparse,0.01,0.99,7,0.1
910,0.0,27,0.050000000000000044,8.101580169750378e-05,0.2097095400094986,0.007947582751512527,0.30139410495758057,0.04074069857597351,,,,dqn_icm,cartpole,sparse,0.01,0.99,7,0.1
911,0.0,29,0.050000000000000044,4.281984001863748e-05,0.1991729438304901,0.005982685834169388,0.32764166593551636,0.04429430887103081,,,,dqn_icm,cartpole,sparse,0.01,0.99,7,0.1
912,0.0,26,0.050000000000000044,3.7452377000590786e-05,0.19823747873306274,0.007049110718071461,0.32764166593551636,0.04429430887103081,,,,dqn_icm,cartpole,sparse,0.01,0.99,7,0.1
913,0.0,29,0.050000000000000044,9.201785724144429e-05,0.18036720156669617,0.008912885561585426,0.3148052990436554,0.11085422337055206,,,,dqn_icm,cartpole,sparse,0.01,0.99,7,0.1
914,0.0,33,0.050000000000000044,8.872187027009204e-05,0.17594286799430847,0.007744096219539642,0.32887259125709534,0.04922603815793991,,,,dqn_icm,cartpole,sparse,0.01,0.99,7,0.1
915,0.0,27,0.050000000000000044,5.897952360101044e-05,0.20660269260406494,0.007412958890199661,0.3073279559612274,0.08957184851169586,,,,dqn_icm,cartpole,sparse,0.01,0.99,7,0.1
916,0.0,31,0.050000000000000044,5.1161303417757154e-05,0.17130520939826965,0.0076436325907707214,0.3073279559612274,0.08957184851169586,,,,dqn_icm,cartpole,sparse,0.01,0.99,7,0.1
917,0.0,29,0.050000000000000044,6.834714440628886e-05,0.1863747090101242,0.008008908480405807,0.33337411284446716,0.07711785286664963,,,,dqn_icm,cartpole,sparse,0.01,0.99,7,0.1
918,0.0,29,0.050000000000000044,6.232972373254597e-05,0.19464504718780518,0.006964751984924078,0.3646024763584137,0.07618086040019989,,,,dqn_icm,cartpole,sparse,0.01,0.99,7,0.1
919,0.0,31,0.050000000000000044,5.62346467631869e-05,0.20738473534584045,0.007124878466129303,0.2948099970817566,0.06282567977905273,,,,dqn_icm,cartpole,sparse,0.01,0.99,7,0.1
920,0.0,39,0.050000000000000044,0.00011289378016954288,0.17252734303474426,0.009176550433039665,0.26766231656074524,0.07263166457414627,,,,dqn_icm,cartpole,sparse,0.01,0.99,7,0.1
921,0.0,31,0.050000000000000044,8.364356472156942e-05,0.19411121308803558,0.008935141377151012,0.26766231656074524,0.07263166457414627,,,,dqn_icm,cartpole,sparse,0.01,0.99,7,0.1
922,0.0,27,0.050000000000000044,6.272026803344488e-05,0.20289607346057892,0.007423626724630594,0.29637205600738525,0.08101336658000946,,,,dqn_icm,cartpole,sparse,0.01,0.99,7,0.1
923,0.0,27,0.050000000000000044,5.827092536492273e-05,0.1889002025127411,0.006696346215903759,0.26850661635398865,0.0708351880311966,,,,dqn_icm,cartpole,sparse,0.01,0.99,7,0.1
924,0.0,31,0.050000000000000044,7.227341120596975e-05,0.18532249331474304,0.007956746965646744,0.26850661635398865,0.0708351880311966,,,,dqn_icm,cartpole,sparse,0.01,0.99,7,0.1
925,0.0,31,0.050000000000000044,5.97408325120341e-05,0.17554035782814026,0.007690082769840956,0.26932021975517273,0.07771968841552734,,,,dqn_icm,cartpole,sparse,0.01,0.99,7,0.1
926,0.0,29,0.050000000000000044,4.653516225516796e-05,0.17503900825977325,0.0071985311806201935,0.2575811445713043,0.12770910561084747,,,,dqn_icm,cartpole,sparse,0.01,0.99,7,0.1
927,0.0,29,0.050000000000000044,5.967426113784313e-05,0.1807308793067932,0.007237476296722889,0.34141385555267334,0.10306039452552795,,,,dqn_icm,cartpole,sparse,0.01,0.99,7,0.1
928,0.0,29,0.050000000000000044,0.00011860069935210049,0.19385650753974915,0.008771168068051338,0.34141385555267334,0.10306039452552795,,,,dqn_icm,cartpole,sparse,0.01,0.99,7,0.1
929,0.0,26,0.050000000000000044,8.267915109172463e-05,0.1921316683292389,0.009997604414820671,0.3061801791191101,0.08183662593364716,,,,dqn_icm,cartpole,sparse,0.01,0.99,7,0.1
930,0.0,13,0.050000000000000044,8.503166463924572e-05,0.1820608377456665,0.009628426283597946,0.3061801791191101,0.08183662593364716,,,,dqn_icm,cartpole,sparse,0.01,0.99,7,0.1
931,0.0,31,0.050000000000000044,7.066891703289002e-05,0.16891363263130188,0.006750528234988451,0.34200307726860046,0.08912571519613266,,,,dqn_icm,cartpole,sparse,0.01,0.99,7,0.1
932,0.0,32,0.050000000000000044,7.416545122396201e-05,0.20017103850841522,0.007740768603980541,0.32564777135849,0.0956803485751152,,,,dqn_icm,cartpole,sparse,0.01,0.99,7,0.1
933,0.0,34,0.050000000000000044,7.443001959472895e-05,0.18194082379341125,0.009767487645149231,0.3156551420688629,0.09075505286455154,,,,dqn_icm,cartpole,sparse,0.01,0.99,7,0.1
934,0.0,29,0.050000000000000044,9.857350960373878e-05,0.1551927626132965,0.009674577973783016,0.3082318603992462,0.04553245007991791,,,,dqn_icm,cartpole,sparse,0.01,0.99,7,0.1
935,0.0,13,0.050000000000000044,8.115905802696943e-05,0.21501480042934418,0.009055813774466515,0.3082318603992462,0.04553245007991791,,,,dqn_icm,cartpole,sparse,0.01,0.99,7,0.1
936,0.0,30,0.050000000000000044,7.435773295583203e-05,0.1840813010931015,0.007692566141486168,0.3064068555831909,0.07735850661993027,,,,dqn_icm,cartpole,sparse,0.01,0.99,7,0.1
937,0.0,35,0.050000000000000044,4.501019429881126e-05,0.19080296158790588,0.006948415189981461,0.3064068555831909,0.07735850661993027,,,,dqn_icm,cartpole,sparse,0.01,0.99,7,0.1
938,0.0,26,0.050000000000000044,0.00039467285387218,0.19508634507656097,0.022695617750287056,0.29504379630088806,0.047440655529499054,,,,dqn_icm,cartpole,sparse,0.01,0.99,7,0.1
939,0.0,39,0.050000000000000044,0.00018899692804552615,0.1973448395729065,0.015828445553779602,0.37197619676589966,0.0683332160115242,,,,dqn_icm,cartpole,sparse,0.01,0.99,7,0.1
940,0.0,31,0.050000000000000044,0.00023681511811446398,0.20454968512058258,0.018236618489027023,0.3435136377811432,0.06499151885509491,,,,dqn_icm,cartpole,sparse,0.01,0.99,7,0.1
941,0.0,34,0.050000000000000044,9.62831691140309e-05,0.1976751834154129,0.010843819007277489,0.3038986921310425,0.09009403735399246,,,,dqn_icm,cartpole,sparse,0.01,0.99,7,0.1
942,0.0,30,0.050000000000000044,0.00011353351874276996,0.20797841250896454,0.01120826043188572,0.3038986921310425,0.09009403735399246,,,,dqn_icm,cartpole,sparse,0.01,0.99,7,0.1
943,0.0,29,0.050000000000000044,0.00010647753515513614,0.18651649355888367,0.01062617264688015,0.2751806676387787,0.0379265695810318,,,,dqn_icm,cartpole,sparse,0.01,0.99,7,0.1
944,0.0,30,0.050000000000000044,0.00012278970098122954,0.20801229774951935,0.010770372115075588,0.29599255323410034,0.062318310141563416,,,,dqn_icm,cartpole,sparse,0.01,0.99,7,0.1
945,0.0,30,0.050000000000000044,8.546903700334951e-05,0.1750943660736084,0.009384999983012676,0.29618367552757263,0.05750269442796707,,,,dqn_icm,cartpole,sparse,0.01,0.99,7,0.1
946,0.0,27,0.050000000000000044,0.00010486456449143589,0.20412179827690125,0.010890567675232887,0.29618367552757263,0.05750269442796707,,,,dqn_icm,cartpole,sparse,0.01,0.99,7,0.1
947,0.0,33,0.050000000000000044,5.3058378398418427e-05,0.18718406558036804,0.008052311837673187,0.37256044149398804,0.07630954682826996,,,,dqn_icm,cartpole,sparse,0.01,0.99,7,0.1
948,0.0,16,0.050000000000000044,8.660315506858751e-05,0.23014694452285767,0.009044266305863857,0.2678019404411316,0.05197368562221527,,,,dqn_icm,cartpole,sparse,0.01,0.99,7,0.1
949,0.0,30,0.050000000000000044,0.00014477118384093046,0.21004146337509155,0.010653628036379814,0.2678019404411316,0.05197368562221527,,,,dqn_icm,cartpole,sparse,0.01,0.99,7,0.1
950,0.0,15,0.050000000000000044,0.00012379976396914572,0.2112928330898285,0.01156787108629942,0.3600063621997833,0.04754357784986496,0.0,0.0,31.8,dqn_icm,cartpole,sparse,0.01,0.99,7,0.1
951,0.0,35,0.050000000000000044,0.000238426320720464,0.1981891393661499,0.01314857043325901,0.29506874084472656,0.05564330518245697,,,,dqn_icm,cartpole,sparse,0.01,0.99,7,0.1
952,0.0,33,0.050000000000000044,0.0002060379774775356,0.18432220816612244,0.015301436185836792,0.29506874084472656,0.05564330518245697,,,,dqn_icm,cartpole,sparse,0.01,0.99,7,0.1
953,0.0,26,0.050000000000000044,9.607253014110029e-05,0.1679128259420395,0.011166048236191273,0.30793172121047974,0.0656953752040863,,,,dqn_icm,cartpole,sparse,0.01,0.99,7,0.1
954,0.0,33,0.050000000000000044,0.00013494293671101332,0.21870513260364532,0.010905763134360313,0.3306277096271515,0.07853496074676514,,,,dqn_icm,cartpole,sparse,0.01,0.99,7,0.1
955,0.0,36,0.050000000000000044,5.984818562865257e-05,0.20782892405986786,0.008370527997612953,0.2668139338493347,0.07040777802467346,,,,dqn_icm,cartpole,sparse,0.01,0.99,7,0.1
956,0.0,37,0.050000000000000044,6.463329918915406e-05,0.21898171305656433,0.008182354271411896,0.30919915437698364,0.055605750530958176,,,,dqn_icm,cartpole,sparse,0.01,0.99,7,0.1
957,0.0,33,0.050000000000000044,3.20832768920809e-05,0.20281100273132324,0.006312340963631868,0.30876654386520386,0.04153357446193695,,,,dqn_icm,cartpole,sparse,0.01,0.99,7,0.1
958,0.0,34,0.050000000000000044,6.318594387266785e-05,0.21695023775100708,0.007832653820514679,0.30876654386520386,0.04153357446193695,,,,dqn_icm,cartpole,sparse,0.01,0.99,7,0.1
959,0.0,29,0.050000000000000044,6.791704799979925e-05,0.21133673191070557,0.007625572383403778,0.30509909987449646,0.07019273936748505,,,,dqn_icm,cartpole,sparse,0.01,0.99,7,0.1
960,0.0,28,0.050000000000000044,6.212804873939604e-05,0.17731094360351562,0.008772319182753563,0.28796079754829407,0.05134883522987366,,,,dqn_icm,cartpole,sparse,0.01,0.99,7,0.1
961,0.0,27,0.050000000000000044,8.761167555348948e-05,0.19682635366916656,0.010187065228819847,0.3167567551136017,0.06369573622941971,,,,dqn_icm,cartpole,sparse,0.01,0.99,7,0.1
962,0.0,27,0.050000000000000044,8.763515506871045e-05,0.2108389437198639,0.01043344009667635,0.3167567551136017,0.06369573622941971,,,,dqn_icm,cartpole,sparse,0.01,0.99,7,0.1
963,0.0,27,0.050000000000000044,6.862379086669534e-05,0.21447689831256866,0.008317030966281891,0.30726388096809387,0.05820454657077789,,,,dqn_icm,cartpole,sparse,0.01,0.99,7,0.1
964,0.0,37,0.050000000000000044,9.961219620890915e-05,0.19823597371578217,0.008875951170921326,0.32215797901153564,0.05481507629156113,,,,dqn_icm,cartpole,sparse,0.01,0.99,7,0.1
965,0.0,31,0.050000000000000044,6.403587030945346e-05,0.1918969452381134,0.006292973645031452,0.27137523889541626,0.04864085465669632,,,,dqn_icm,cartpole,sparse,0.01,0.99,7,0.1
966,0.0,28,0.050000000000000044,6.041784945409745e-05,0.19433355331420898,0.007389448583126068,0.27137523889541626,0.04864085465669632,,,,dqn_icm,cartpole,sparse,0.01,0.99,7,0.1
967,0.0,28,0.050000000000000044,6.379671685863286e-05,0.2279478907585144,0.008219235576689243,0.2422003298997879,0.062091827392578125,,,,dqn_icm,cartpole,sparse,0.01,0.99,7,0.1
968,0.0,28,0.050000000000000044,7.059011841192842e-05,0.21824251115322113,0.007766997441649437,0.35205453634262085,0.05688920617103577,,,,dqn_icm,cartpole,sparse,0.01,0.99,7,0.1
969,0.0,38,0.050000000000000044,3.590327105484903e-05,0.20398856699466705,0.006443597376346588,0.33611953258514404,0.06228478252887726,,,,dqn_icm,cartpole,sparse,0.01,0.99,7,0.1
970,0.0,43,0.050000000000000044,8.88671784196049e-05,0.18982937932014465,0.008086984977126122,0.26205137372016907,0.04873592406511307,,,,dqn_icm,cartpole,sparse,0.01,0.99,7,0.1
971,0.0,39,0.050000000000000044,8.012986654648557e-05,0.2158559262752533,0.00791499949991703,0.29471275210380554,0.061545442789793015,,,,dqn_icm,cartpole,sparse,0.01,0.99,7,0.1
972,0.0,31,0.050000000000000044,7.743536843918264e-05,0.1964522749185562,0.008991962298750877,0.29471275210380554,0.061545442789793015,,,,dqn_icm,cartpole,sparse,0.01,0.99,7,0.1
973,0.0,29,0.050000000000000044,5.231804971117526e-05,0.20093968510627747,0.007279654033482075,0.321561723947525,0.0595746673643589,,,,dqn_icm,cartpole,sparse,0.01,0.99,7,0.1
974,0.0,29,0.050000000000000044,6.404688610928133e-05,0.18534936010837555,0.00788501463830471,0.2604842782020569,0.04257461428642273,,,,dqn_icm,cartpole,sparse,0.01,0.99,7,0.1
975,0.0,32,0.050000000000000044,5.493569915415719e-05,0.21284787356853485,0.007964360527694225,0.255672812461853,0.039827391505241394,,,,dqn_icm,cartpole,sparse,0.01,0.99,7,0.1
976,0.0,32,0.050000000000000044,3.3780044759623706e-05,0.20901349186897278,0.0067044212482869625,0.255672812461853,0.039827391505241394,,,,dqn_icm,cartpole,sparse,0.01,0.99,7,0.1
977,0.0,36,0.050000000000000044,9.087332000490278e-05,0.19518741965293884,0.009182112291455269,0.2610565423965454,0.0650869607925415,,,,dqn_icm,cartpole,sparse,0.01,0.99,7,0.1
978,0.0,30,0.050000000000000044,4.99775014759507e-05,0.19569221138954163,0.0065704951994121075,0.3153437077999115,0.05600619688630104,,,,dqn_icm,cartpole,sparse,0.01,0.99,7,0.1
979,0.0,31,0.050000000000000044,5.9113564930157736e-05,0.19364836812019348,0.006815177388489246,0.24876008927822113,0.04202760010957718,,,,dqn_icm,cartpole,sparse,0.01,0.99,7,0.1
980,0.0,27,0.050000000000000044,0.00010397347068646923,0.1758953034877777,0.007762995082885027,0.30083298683166504,0.05196308717131615,,,,dqn_icm,cartpole,sparse,0.01,0.99,7,0.1
981,0.0,28,0.050000000000000044,9.054067777469754e-05,0.168049156665802,0.008563297800719738,0.30083298683166504,0.05196308717131615,,,,dqn_icm,cartpole,sparse,0.01,0.99,7,0.1
982,0.0,26,0.050000000000000044,4.141029421589337e-05,0.2018103152513504,0.006667966954410076,0.23069427907466888,0.04744341969490051,,,,dqn_icm,cartpole,sparse,0.01,0.99,7,0.1
983,0.0,28,0.050000000000000044,3.38592471962329e-05,0.20760785043239594,0.004853870719671249,0.2499575912952423,0.035764358937740326,,,,dqn_icm,cartpole,sparse,0.01,0.99,7,0.1
984,0.0,29,0.050000000000000044,8.846945274854079e-05,0.20680496096611023,0.005814200732856989,0.2499575912952423,0.035764358937740326,,,,dqn_icm,cartpole,sparse,0.01,0.99,7,0.1
985,0.0,29,0.050000000000000044,4.373440606286749e-05,0.2127072513103485,0.005865667946636677,0.26416897773742676,0.03310782089829445,,,,dqn_icm,cartpole,sparse,0.01,0.99,7,0.1
986,0.0,28,0.050000000000000044,6.146867235656828e-05,0.19887971878051758,0.005882212892174721,0.2800213098526001,0.0402635782957077,,,,dqn_icm,cartpole,sparse,0.01,0.99,7,0.1
987,0.0,33,0.050000000000000044,4.18768722738605e-05,0.20880240201950073,0.006050335709005594,0.35277941823005676,0.05208386853337288,,,,dqn_icm,cartpole,sparse,0.01,0.99,7,0.1
988,0.0,38,0.050000000000000044,3.834347808151506e-05,0.20150846242904663,0.006900732405483723,0.23459245264530182,0.04183918982744217,,,,dqn_icm,cartpole,sparse,0.01,0.99,7,0.1
989,0.0,36,0.050000000000000044,4.7218061808962375e-05,0.2162269800901413,0.007793760858476162,0.23459245264530182,0.04183918982744217,,,,dqn_icm,cartpole,sparse,0.01,0.99,7,0.1
990,0.0,36,0.050000000000000044,5.6366301578236744e-05,0.2156882882118225,0.0069974735379219055,0.236797496676445,0.038019947707653046,,,,dqn_icm,cartpole,sparse,0.01,0.99,7,0.1
991,0.0,34,0.050000000000000044,6.251038576010615e-05,0.2044348418712616,0.007702333852648735,0.2348230928182602,0.04388907551765442,,,,dqn_icm,cartpole,sparse,0.01,0.99,7,0.1
992,0.0,32,0.050000000000000044,3.8807593227829784e-05,0.20151126384735107,0.006505564786493778,0.2618063688278198,0.03330746665596962,,,,dqn_icm,cartpole,sparse,0.01,0.99,7,0.1
993,0.0,34,0.050000000000000044,4.91947284899652e-05,0.21680159866809845,0.006209647282958031,0.2500574588775635,0.042027708142995834,,,,dqn_icm,cartpole,sparse,0.01,0.99,7,0.1
994,0.0,36,0.050000000000000044,5.808903370052576e-05,0.17787045240402222,0.007483933586627245,0.19104477763175964,0.03129202127456665,,,,dqn_icm,cartpole,sparse,0.01,0.99,7,0.1
995,0.0,31,0.050000000000000044,3.740895772352815e-05,0.20505918562412262,0.006677786819636822,0.3291119337081909,0.03735928609967232,,,,dqn_icm,cartpole,sparse,0.01,0.99,7,0.1
996,0.0,29,0.050000000000000044,8.541418355889618e-05,0.21725410223007202,0.008064846508204937,0.3291119337081909,0.03735928609967232,,,,dqn_icm,cartpole,sparse,0.01,0.99,7,0.1
997,0.0,30,0.050000000000000044,4.1214487282559276e-05,0.2042727917432785,0.006739548407495022,0.2875731885433197,0.04262804985046387,,,,dqn_icm,cartpole,sparse,0.01,0.99,7,0.1
998,0.0,28,0.050000000000000044,6.003010639688e-05,0.19169765710830688,0.007848613895475864,0.2613222599029541,0.039470888674259186,,,,dqn_icm,cartpole,sparse,0.01,0.99,7,0.1
999,0.0,28,0.050000000000000044,4.794209962710738e-05,0.2151915431022644,0.006721192505210638,0.2613222599029541,0.039470888674259186,,,,dqn_icm,cartpole,sparse,0.01,0.99,7,0.1
1000,0.0,28,0.050000000000000044,3.087093136855401e-05,0.21345862746238708,0.005494498647749424,0.2583360970020294,0.0435088574886322,0.0,0.0,29.2,dqn_icm,cartpole,sparse,0.01,0.99,7,0.1
