episode,return,length,epsilon,loss,q_mean,td_error_mean,icm_loss,intrinsic_reward_mean,eval_return_mean,eval_return_std,eval_length_mean,agent,env,reward_type,lr,gamma,seed,eta
1,0.0,14,1.0,nan,nan,nan,nan,nan,,,,dqn_icm,cartpole,sparse,0.01,0.9,7,0.1
2,0.0,15,0.9968333333333333,nan,nan,nan,nan,nan,,,,dqn_icm,cartpole,sparse,0.01,0.9,7,0.1
3,0.0,13,0.9936666666666667,nan,nan,nan,nan,nan,,,,dqn_icm,cartpole,sparse,0.01,0.9,7,0.1
4,0.0,21,0.9905,nan,nan,nan,nan,nan,,,,dqn_icm,cartpole,sparse,0.01,0.9,7,0.1
5,0.0,13,0.9873333333333333,nan,nan,nan,nan,nan,,,,dqn_icm,cartpole,sparse,0.01,0.9,7,0.1
6,0.0,16,0.9841666666666666,nan,nan,nan,nan,nan,,,,dqn_icm,cartpole,sparse,0.01,0.9,7,0.1
7,0.0,49,0.981,nan,nan,nan,nan,nan,,,,dqn_icm,cartpole,sparse,0.01,0.9,7,0.1
8,0.0,17,0.9778333333333333,nan,nan,nan,nan,nan,,,,dqn_icm,cartpole,sparse,0.01,0.9,7,0.1
9,0.0,19,0.9746666666666667,nan,nan,nan,nan,nan,,,,dqn_icm,cartpole,sparse,0.01,0.9,7,0.1
10,0.0,26,0.9715,nan,nan,nan,nan,nan,,,,dqn_icm,cartpole,sparse,0.01,0.9,7,0.1
11,0.0,18,0.9683333333333334,nan,nan,nan,nan,nan,,,,dqn_icm,cartpole,sparse,0.01,0.9,7,0.1
12,0.0,23,0.9651666666666666,nan,nan,nan,nan,nan,,,,dqn_icm,cartpole,sparse,0.01,0.9,7,0.1
13,0.0,15,0.962,nan,nan,nan,nan,nan,,,,dqn_icm,cartpole,sparse,0.01,0.9,7,0.1
14,0.0,24,0.9588333333333333,nan,nan,nan,nan,nan,,,,dqn_icm,cartpole,sparse,0.01,0.9,7,0.1
15,0.0,35,0.9556666666666667,nan,nan,nan,nan,nan,,,,dqn_icm,cartpole,sparse,0.01,0.9,7,0.1
16,0.0,18,0.9525,nan,nan,nan,nan,nan,,,,dqn_icm,cartpole,sparse,0.01,0.9,7,0.1
17,0.0,40,0.9493333333333334,nan,nan,nan,nan,nan,,,,dqn_icm,cartpole,sparse,0.01,0.9,7,0.1
18,0.0,26,0.9461666666666667,nan,nan,nan,nan,nan,,,,dqn_icm,cartpole,sparse,0.01,0.9,7,0.1
19,0.0,12,0.9430000000000001,nan,nan,nan,nan,nan,,,,dqn_icm,cartpole,sparse,0.01,0.9,7,0.1
20,0.0,11,0.9398333333333333,nan,nan,nan,nan,nan,,,,dqn_icm,cartpole,sparse,0.01,0.9,7,0.1
21,0.0,13,0.9366666666666666,nan,nan,nan,nan,nan,,,,dqn_icm,cartpole,sparse,0.01,0.9,7,0.1
22,0.0,41,0.9335,nan,nan,nan,nan,nan,,,,dqn_icm,cartpole,sparse,0.01,0.9,7,0.1
23,0.0,20,0.9303333333333333,nan,nan,nan,nan,nan,,,,dqn_icm,cartpole,sparse,0.01,0.9,7,0.1
24,0.0,21,0.9271666666666667,0.0010168695589527488,-0.00179007719270885,0.03679318726062775,0.5906598567962646,0.2018214613199234,,,,dqn_icm,cartpole,sparse,0.01,0.9,7,0.1
25,0.0,14,0.924,0.00028339424170553684,0.015051634982228279,0.020184732973575592,0.5906598567962646,0.2018214613199234,,,,dqn_icm,cartpole,sparse,0.01,0.9,7,0.1
26,0.0,22,0.9208333333333334,0.0001815933210309595,0.046238139271736145,0.015827802941203117,0.5910257697105408,0.19355851411819458,,,,dqn_icm,cartpole,sparse,0.01,0.9,7,0.1
27,0.0,28,0.9176666666666666,8.256644650828093e-05,0.030628515407443047,0.008858663029968739,0.5829246640205383,0.1512981653213501,,,,dqn_icm,cartpole,sparse,0.01,0.9,7,0.1
28,0.0,14,0.9145,0.00014038222434464842,0.027417827397584915,0.008411871269345284,0.5829246640205383,0.1512981653213501,,,,dqn_icm,cartpole,sparse,0.01,0.9,7,0.1
29,0.0,14,0.9113333333333333,9.197088365908712e-05,0.03875722363591194,0.008409864269196987,0.5829246640205383,0.1512981653213501,,,,dqn_icm,cartpole,sparse,0.01,0.9,7,0.1
30,0.0,15,0.9081666666666667,4.7503766836598516e-05,0.03136635571718216,0.0071336752735078335,0.5856552124023438,0.1777847856283188,,,,dqn_icm,cartpole,sparse,0.01,0.9,7,0.1
31,0.0,16,0.905,7.463921065209433e-05,0.04076940566301346,0.009069656953215599,0.5856552124023438,0.1777847856283188,,,,dqn_icm,cartpole,sparse,0.01,0.9,7,0.1
32,0.0,31,0.9018333333333334,2.9313268896657974e-05,0.04037947207689285,0.004911139607429504,0.5885955691337585,0.19985070824623108,,,,dqn_icm,cartpole,sparse,0.01,0.9,7,0.1
33,0.0,10,0.8986666666666667,4.6841028961353004e-05,0.03241473063826561,0.00597847905009985,0.5885955691337585,0.19985070824623108,,,,dqn_icm,cartpole,sparse,0.01,0.9,7,0.1
34,0.0,16,0.8955,3.213640229660086e-05,0.04778032749891281,0.005853238515555859,0.5932666063308716,0.2368319034576416,,,,dqn_icm,cartpole,sparse,0.01,0.9,7,0.1
35,0.0,17,0.8923333333333333,4.452178836800158e-05,0.03303394094109535,0.006317508406937122,0.5932666063308716,0.2368319034576416,,,,dqn_icm,cartpole,sparse,0.01,0.9,7,0.1
36,0.0,20,0.8891666666666667,8.050803444348276e-05,0.03167305886745453,0.007002902217209339,0.5932666063308716,0.2368319034576416,,,,dqn_icm,cartpole,sparse,0.01,0.9,7,0.1
37,0.0,16,0.886,2.67259147221921e-05,0.03158021718263626,0.005294506438076496,0.5794329643249512,0.15574699640274048,,,,dqn_icm,cartpole,sparse,0.01,0.9,7,0.1
38,0.0,27,0.8828333333333334,4.3621745135169476e-05,0.04038077965378761,0.006498134229332209,0.5902171730995178,0.20054486393928528,,,,dqn_icm,cartpole,sparse,0.01,0.9,7,0.1
39,0.0,13,0.8796666666666667,4.649708716897294e-05,0.0407717227935791,0.005868291947990656,0.5902171730995178,0.20054486393928528,,,,dqn_icm,cartpole,sparse,0.01,0.9,7,0.1
40,0.0,15,0.8765000000000001,3.257341086282395e-05,0.03142978250980377,0.004851671401411295,0.5902171730995178,0.20054486393928528,,,,dqn_icm,cartpole,sparse,0.01,0.9,7,0.1
41,0.0,15,0.8733333333333333,8.116425306070596e-05,0.045600444078445435,0.008381592109799385,0.5957645177841187,0.2379264235496521,,,,dqn_icm,cartpole,sparse,0.01,0.9,7,0.1
42,0.0,15,0.8701666666666666,9.133694402407855e-05,0.04176507145166397,0.006405958440154791,0.5957645177841187,0.2379264235496521,,,,dqn_icm,cartpole,sparse,0.01,0.9,7,0.1
43,0.0,14,0.867,7.452670251950622e-05,0.04129670560359955,0.007048794999718666,0.5957645177841187,0.2379264235496521,,,,dqn_icm,cartpole,sparse,0.01,0.9,7,0.1
44,0.0,15,0.8638333333333333,5.8132798585575074e-05,0.04405320808291435,0.006959846243262291,0.5827422738075256,0.15225721895694733,,,,dqn_icm,cartpole,sparse,0.01,0.9,7,0.1
45,0.0,25,0.8606666666666667,2.4113500330713578e-05,0.04263075813651085,0.005006713792681694,0.5827422738075256,0.15225721895694733,,,,dqn_icm,cartpole,sparse,0.01,0.9,7,0.1
46,0.0,16,0.8575,5.541476275539026e-05,0.0383773073554039,0.005142789334058762,0.5836331844329834,0.17596112191677094,,,,dqn_icm,cartpole,sparse,0.01,0.9,7,0.1
47,0.0,19,0.8543333333333334,2.6793111828737892e-05,0.02949942648410797,0.005156261846423149,0.5836331844329834,0.17596112191677094,,,,dqn_icm,cartpole,sparse,0.01,0.9,7,0.1
48,0.0,43,0.8511666666666666,3.695636769407429e-05,0.029218338429927826,0.005334408022463322,0.5873945951461792,0.18666881322860718,,,,dqn_icm,cartpole,sparse,0.01,0.9,7,0.1
49,0.0,14,0.848,4.968112989445217e-05,0.040906213223934174,0.006181884091347456,0.5797609090805054,0.15870021283626556,,,,dqn_icm,cartpole,sparse,0.01,0.9,7,0.1
50,0.0,20,0.8448333333333333,7.318591087823734e-05,0.035245127975940704,0.005723337642848492,0.5797609090805054,0.15870021283626556,0.0,0.0,9.1,dqn_icm,cartpole,sparse,0.01,0.9,7,0.1
51,0.0,17,0.8416666666666667,7.465479575330392e-05,0.04020533338189125,0.006489214487373829,0.585401177406311,0.19287368655204773,,,,dqn_icm,cartpole,sparse,0.01,0.9,7,0.1
52,0.0,18,0.8385,4.792310210177675e-05,0.03320734575390816,0.006012662313878536,0.585401177406311,0.19287368655204773,,,,dqn_icm,cartpole,sparse,0.01,0.9,7,0.1
53,0.0,26,0.8353333333333334,2.1178522729314864e-05,0.03382493183016777,0.004666815046221018,0.577610194683075,0.1597525179386139,,,,dqn_icm,cartpole,sparse,0.01,0.9,7,0.1
54,0.0,16,0.8321666666666667,7.292038935702294e-05,0.03415858373045921,0.0071275196969509125,0.577610194683075,0.1597525179386139,,,,dqn_icm,cartpole,sparse,0.01,0.9,7,0.1
55,0.0,12,0.829,2.2176285710884258e-05,0.040363859385252,0.005065408535301685,0.577610194683075,0.1597525179386139,,,,dqn_icm,cartpole,sparse,0.01,0.9,7,0.1
56,0.0,11,0.8258333333333334,8.032446203287691e-05,0.04206206649541855,0.007238292135298252,0.5814723372459412,0.1837593913078308,,,,dqn_icm,cartpole,sparse,0.01,0.9,7,0.1
57,0.0,18,0.8226666666666667,6.367462628986686e-05,0.04187937453389168,0.006948409602046013,0.5814723372459412,0.1837593913078308,,,,dqn_icm,cartpole,sparse,0.01,0.9,7,0.1
58,0.0,13,0.8195,5.7664648920763284e-05,0.04066585749387741,0.006118377670645714,0.5814723372459412,0.1837593913078308,,,,dqn_icm,cartpole,sparse,0.01,0.9,7,0.1
59,0.0,12,0.8163333333333334,6.812437641201541e-05,0.052195955067873,0.007784177549183369,0.5798267126083374,0.1715601682662964,,,,dqn_icm,cartpole,sparse,0.01,0.9,7,0.1
60,0.0,9,0.8131666666666667,5.922785203438252e-05,0.0328502282500267,0.006954302079975605,0.5798267126083374,0.1715601682662964,,,,dqn_icm,cartpole,sparse,0.01,0.9,7,0.1
61,0.0,24,0.81,4.917752085020766e-05,0.04340294748544693,0.006101259961724281,0.580567479133606,0.17397379875183105,,,,dqn_icm,cartpole,sparse,0.01,0.9,7,0.1
62,0.0,13,0.8068333333333333,0.00011241642641834915,0.04523616284132004,0.007983127608895302,0.580567479133606,0.17397379875183105,,,,dqn_icm,cartpole,sparse,0.01,0.9,7,0.1
63,0.0,40,0.8036666666666666,5.9934383898507804e-05,0.03728543594479561,0.006487666163593531,0.5905728936195374,0.2461659461259842,,,,dqn_icm,cartpole,sparse,0.01,0.9,7,0.1
64,0.0,14,0.8005,1.74984525074251e-05,0.03241638466715813,0.003976022824645042,0.5905728936195374,0.2461659461259842,,,,dqn_icm,cartpole,sparse,0.01,0.9,7,0.1
65,0.0,21,0.7973333333333333,2.5519337214063853e-05,0.036510273814201355,0.004672554321587086,0.5767496228218079,0.17055201530456543,,,,dqn_icm,cartpole,sparse,0.01,0.9,7,0.1
66,0.0,14,0.7941666666666667,4.1839663026621565e-05,0.03658368065953255,0.005561742931604385,0.5767496228218079,0.17055201530456543,,,,dqn_icm,cartpole,sparse,0.01,0.9,7,0.1
67,0.0,17,0.791,3.084465060965158e-05,0.04271354526281357,0.005349906627088785,0.5767496228218079,0.17055201530456543,,,,dqn_icm,cartpole,sparse,0.01,0.9,7,0.1
68,0.0,16,0.7878333333333334,5.2337221859488636e-05,0.033598557114601135,0.005867223255336285,0.5855748653411865,0.2175186276435852,,,,dqn_icm,cartpole,sparse,0.01,0.9,7,0.1
69,0.0,37,0.7846666666666666,7.581341196782887e-05,0.04205396771430969,0.006138004828244448,0.5762685537338257,0.16268762946128845,,,,dqn_icm,cartpole,sparse,0.01,0.9,7,0.1
70,0.0,16,0.7815,4.259548586560413e-05,0.03682425245642662,0.005817164666950703,0.5762685537338257,0.16268762946128845,,,,dqn_icm,cartpole,sparse,0.01,0.9,7,0.1
71,0.0,16,0.7783333333333333,9.716548083815724e-05,0.0382203683257103,0.00756450742483139,0.5770904421806335,0.17533330619335175,,,,dqn_icm,cartpole,sparse,0.01,0.9,7,0.1
72,0.0,14,0.7751666666666667,6.023452078807168e-05,0.03354237228631973,0.006511949002742767,0.5770904421806335,0.17533330619335175,,,,dqn_icm,cartpole,sparse,0.01,0.9,7,0.1
73,0.0,10,0.772,3.7355570384534076e-05,0.03651544824242592,0.004789519589394331,0.5770904421806335,0.17533330619335175,,,,dqn_icm,cartpole,sparse,0.01,0.9,7,0.1
74,0.0,37,0.7688333333333334,5.80906962568406e-05,0.03922963887453079,0.005546923726797104,0.5751326084136963,0.17791061103343964,,,,dqn_icm,cartpole,sparse,0.01,0.9,7,0.1
75,0.0,14,0.7656666666666667,4.852031997870654e-05,0.0381753034889698,0.006084410473704338,0.5751326084136963,0.17791061103343964,,,,dqn_icm,cartpole,sparse,0.01,0.9,7,0.1
76,0.0,12,0.7625,4.8611364036332816e-05,0.04028410464525223,0.0049808453768491745,0.5821073651313782,0.19365203380584717,,,,dqn_icm,cartpole,sparse,0.01,0.9,7,0.1
77,0.0,11,0.7593333333333333,4.0357834222959355e-05,0.02705400437116623,0.004635525867342949,0.5821073651313782,0.19365203380584717,,,,dqn_icm,cartpole,sparse,0.01,0.9,7,0.1
78,0.0,11,0.7561666666666667,2.7774556656368077e-05,0.04044225811958313,0.005585068836808205,0.5821073651313782,0.19365203380584717,,,,dqn_icm,cartpole,sparse,0.01,0.9,7,0.1
79,0.0,15,0.753,6.631149153690785e-05,0.04067307338118553,0.006381317041814327,0.5769279599189758,0.1751886010169983,,,,dqn_icm,cartpole,sparse,0.01,0.9,7,0.1
80,0.0,10,0.7498333333333334,5.478582170326263e-05,0.035051800310611725,0.005100171081721783,0.5769279599189758,0.1751886010169983,,,,dqn_icm,cartpole,sparse,0.01,0.9,7,0.1
81,0.0,13,0.7466666666666667,4.130528395762667e-05,0.03571934252977371,0.005060934461653233,0.5769279599189758,0.1751886010169983,,,,dqn_icm,cartpole,sparse,0.01,0.9,7,0.1
82,0.0,11,0.7435,2.80386047961656e-05,0.039584338665008545,0.004878067411482334,0.5684402585029602,0.1600864976644516,,,,dqn_icm,cartpole,sparse,0.01,0.9,7,0.1
83,0.0,37,0.7403333333333333,2.580808722996153e-05,0.03921041637659073,0.004678577184677124,0.5684402585029602,0.1600864976644516,,,,dqn_icm,cartpole,sparse,0.01,0.9,7,0.1
84,0.0,17,0.7371666666666667,3.265376290073618e-05,0.03716575354337692,0.003831569105386734,0.5638236403465271,0.15012718737125397,,,,dqn_icm,cartpole,sparse,0.01,0.9,7,0.1
85,0.0,14,0.734,2.80386557278689e-05,0.02677272818982601,0.0048460084944963455,0.5638236403465271,0.15012718737125397,,,,dqn_icm,cartpole,sparse,0.01,0.9,7,0.1
86,0.0,8,0.7308333333333333,3.355948501848616e-05,0.04346270486712456,0.00498176459223032,0.5638236403465271,0.15012718737125397,,,,dqn_icm,cartpole,sparse,0.01,0.9,7,0.1
87,0.0,12,0.7276666666666667,4.387516310089268e-05,0.0392594113945961,0.004720400553196669,0.5730677247047424,0.16569560766220093,,,,dqn_icm,cartpole,sparse,0.01,0.9,7,0.1
88,0.0,32,0.7245,2.863806366804056e-05,0.04180867224931717,0.003963739611208439,0.5715891718864441,0.16899558901786804,,,,dqn_icm,cartpole,sparse,0.01,0.9,7,0.1
89,0.0,10,0.7213333333333334,4.3632615415845066e-05,0.034860774874687195,0.005966969765722752,0.5715891718864441,0.16899558901786804,,,,dqn_icm,cartpole,sparse,0.01,0.9,7,0.1
90,0.0,10,0.7181666666666666,0.00010216249211225659,0.04323936998844147,0.007633295841515064,0.5715891718864441,0.16899558901786804,,,,dqn_icm,cartpole,sparse,0.01,0.9,7,0.1
91,0.0,18,0.7150000000000001,6.986172957113013e-05,0.04242623597383499,0.006215100176632404,0.5779047012329102,0.21183447539806366,,,,dqn_icm,cartpole,sparse,0.01,0.9,7,0.1
92,0.0,14,0.7118333333333333,7.156030187616125e-05,0.03393799439072609,0.008466229774057865,0.5779047012329102,0.21183447539806366,,,,dqn_icm,cartpole,sparse,0.01,0.9,7,0.1
93,0.0,15,0.7086666666666668,9.828180918702856e-05,0.053644873201847076,0.010271387174725533,0.5779047012329102,0.21183447539806366,,,,dqn_icm,cartpole,sparse,0.01,0.9,7,0.1
94,0.0,25,0.7055,7.488008122891188e-05,0.04493368789553642,0.006290701683610678,0.5846216678619385,0.20349359512329102,,,,dqn_icm,cartpole,sparse,0.01,0.9,7,0.1
95,0.0,13,0.7023333333333333,3.480570376268588e-05,0.034354086965322495,0.0045772213488817215,0.5846216678619385,0.20349359512329102,,,,dqn_icm,cartpole,sparse,0.01,0.9,7,0.1
96,0.0,10,0.6991666666666667,6.150075932964683e-05,0.040114112198352814,0.005555423442274332,0.5846216678619385,0.20349359512329102,,,,dqn_icm,cartpole,sparse,0.01,0.9,7,0.1
97,0.0,10,0.696,4.5930195483379066e-05,0.03576134517788887,0.005864046514034271,0.5693721771240234,0.1672544628381729,,,,dqn_icm,cartpole,sparse,0.01,0.9,7,0.1
98,0.0,28,0.6928333333333334,4.618461389327422e-05,0.04090707749128342,0.005538155324757099,0.5693721771240234,0.1672544628381729,,,,dqn_icm,cartpole,sparse,0.01,0.9,7,0.1
99,0.0,43,0.6896666666666667,3.6174133128952235e-05,0.04170653223991394,0.004697828553617001,0.568634569644928,0.1669822633266449,,,,dqn_icm,cartpole,sparse,0.01,0.9,7,0.1
100,0.0,10,0.6865,2.574629797891248e-05,0.03209753334522247,0.0038221762515604496,0.5675144195556641,0.1542615294456482,0.0,0.0,9.1,dqn_icm,cartpole,sparse,0.01,0.9,7,0.1
101,0.0,9,0.6833333333333333,1.4528249266732018e-05,0.04694219306111336,0.003412288846448064,0.5675144195556641,0.1542615294456482,,,,dqn_icm,cartpole,sparse,0.01,0.9,7,0.1
102,0.0,17,0.6801666666666667,7.431615085806698e-05,0.033777691423892975,0.007889656350016594,0.5675144195556641,0.1542615294456482,,,,dqn_icm,cartpole,sparse,0.01,0.9,7,0.1
103,0.0,16,0.677,6.447022315114737e-05,0.04000132530927658,0.006076614372432232,0.5712116360664368,0.1559620201587677,,,,dqn_icm,cartpole,sparse,0.01,0.9,7,0.1
104,0.0,13,0.6738333333333333,8.937863458413631e-05,0.04625362902879715,0.009194332174956799,0.5712116360664368,0.1559620201587677,,,,dqn_icm,cartpole,sparse,0.01,0.9,7,0.1
105,0.0,11,0.6706666666666667,7.614325295435265e-05,0.026013033464550972,0.00941907986998558,0.5712116360664368,0.1559620201587677,,,,dqn_icm,cartpole,sparse,0.01,0.9,7,0.1
106,0.0,9,0.6675,0.00011452354374341667,0.04315643012523651,0.011508891358971596,0.5698460936546326,0.22646740078926086,,,,dqn_icm,cartpole,sparse,0.01,0.9,7,0.1
107,0.0,28,0.6643333333333333,4.7362715122289956e-05,0.0369928702712059,0.005208420567214489,0.5698460936546326,0.22646740078926086,,,,dqn_icm,cartpole,sparse,0.01,0.9,7,0.1
108,0.0,11,0.6611666666666667,6.58302305964753e-05,0.038358174264431,0.005515904165804386,0.5622124075889587,0.1710715889930725,,,,dqn_icm,cartpole,sparse,0.01,0.9,7,0.1
109,0.0,11,0.658,3.611537249526009e-05,0.04023224860429764,0.004271186888217926,0.5622124075889587,0.1710715889930725,,,,dqn_icm,cartpole,sparse,0.01,0.9,7,0.1
110,0.0,19,0.6548333333333334,7.768694194965065e-05,0.04383385553956032,0.007476909086108208,0.5622124075889587,0.1710715889930725,,,,dqn_icm,cartpole,sparse,0.01,0.9,7,0.1
111,0.0,15,0.6516666666666667,7.978416397236288e-05,0.05054003745317459,0.008419814519584179,0.5661513805389404,0.15490323305130005,,,,dqn_icm,cartpole,sparse,0.01,0.9,7,0.1
112,0.0,10,0.6485000000000001,4.556377461994998e-05,0.03578959032893181,0.0063605718314647675,0.5661513805389404,0.15490323305130005,,,,dqn_icm,cartpole,sparse,0.01,0.9,7,0.1
113,0.0,13,0.6453333333333333,7.779060979373753e-05,0.03242963179945946,0.0078789247199893,0.5661513805389404,0.15490323305130005,,,,dqn_icm,cartpole,sparse,0.01,0.9,7,0.1
114,0.0,13,0.6421666666666668,0.00010939847561530769,0.05498351901769638,0.009932302869856358,0.5615410208702087,0.19346833229064941,,,,dqn_icm,cartpole,sparse,0.01,0.9,7,0.1
115,0.0,10,0.639,6.543305789818987e-05,0.04008256644010544,0.008599279448390007,0.5615410208702087,0.19346833229064941,,,,dqn_icm,cartpole,sparse,0.01,0.9,7,0.1
116,0.0,9,0.6358333333333333,6.431913061533123e-05,0.03353092074394226,0.007190314121544361,0.5615410208702087,0.19346833229064941,,,,dqn_icm,cartpole,sparse,0.01,0.9,7,0.1
117,0.0,9,0.6326666666666667,2.2203899789019488e-05,0.03846116364002228,0.005504399538040161,0.5615410208702087,0.19346833229064941,,,,dqn_icm,cartpole,sparse,0.01,0.9,7,0.1
118,0.0,22,0.6295,9.25632193684578e-05,0.03704002499580383,0.009411578997969627,0.570068895816803,0.21308830380439758,,,,dqn_icm,cartpole,sparse,0.01,0.9,7,0.1
119,0.0,13,0.6263333333333334,1.9381948732188903e-05,0.034783340990543365,0.00373375928029418,0.570068895816803,0.21308830380439758,,,,dqn_icm,cartpole,sparse,0.01,0.9,7,0.1
120,0.0,15,0.6231666666666666,4.058242484461516e-05,0.047397974878549576,0.00619171280413866,0.5608305931091309,0.20806406438350677,,,,dqn_icm,cartpole,sparse,0.01,0.9,7,0.1
121,0.0,12,0.62,0.00011175515101058409,0.039090417325496674,0.01111045852303505,0.5608305931091309,0.20806406438350677,,,,dqn_icm,cartpole,sparse,0.01,0.9,7,0.1
122,0.0,17,0.6168333333333333,8.290185360237956e-05,0.04290849342942238,0.008268777281045914,0.5608305931091309,0.20806406438350677,,,,dqn_icm,cartpole,sparse,0.01,0.9,7,0.1
123,0.0,17,0.6136666666666667,6.051463060430251e-05,0.0375668928027153,0.007658913265913725,0.5720637440681458,0.20149555802345276,,,,dqn_icm,cartpole,sparse,0.01,0.9,7,0.1
124,0.0,24,0.6105,8.280041220132262e-05,0.0485294945538044,0.008198092691600323,0.5720637440681458,0.20149555802345276,,,,dqn_icm,cartpole,sparse,0.01,0.9,7,0.1
125,0.0,15,0.6073333333333333,3.511994509608485e-05,0.036288898438215256,0.006021825131028891,0.5648327469825745,0.1307024359703064,,,,dqn_icm,cartpole,sparse,0.01,0.9,7,0.1
126,0.0,20,0.6041666666666667,4.2861523979809135e-05,0.04223443567752838,0.0056250328198075294,0.5648327469825745,0.1307024359703064,,,,dqn_icm,cartpole,sparse,0.01,0.9,7,0.1
127,0.0,12,0.601,4.084523970959708e-05,0.034761108458042145,0.004363927058875561,0.5648327469825745,0.1307024359703064,,,,dqn_icm,cartpole,sparse,0.01,0.9,7,0.1
128,0.0,11,0.5978333333333333,3.0222236091503873e-05,0.04836166650056839,0.006251990795135498,0.5746537446975708,0.2147453874349594,,,,dqn_icm,cartpole,sparse,0.01,0.9,7,0.1
129,0.0,23,0.5946666666666667,2.7231990316067822e-05,0.04126764088869095,0.00463451724499464,0.5746537446975708,0.2147453874349594,,,,dqn_icm,cartpole,sparse,0.01,0.9,7,0.1
130,0.0,12,0.5915,4.526661359705031e-05,0.0433269664645195,0.0073106251657009125,0.5650865435600281,0.19742915034294128,,,,dqn_icm,cartpole,sparse,0.01,0.9,7,0.1
131,0.0,12,0.5883333333333334,9.21052742341999e-06,0.03337300196290016,0.0028590820729732513,0.5650865435600281,0.19742915034294128,,,,dqn_icm,cartpole,sparse,0.01,0.9,7,0.1
132,0.0,9,0.5851666666666667,6.206209218362346e-05,0.04479644447565079,0.006653229705989361,0.5650865435600281,0.19742915034294128,,,,dqn_icm,cartpole,sparse,0.01,0.9,7,0.1
133,0.0,11,0.5820000000000001,0.00010757554264273494,0.05200580134987831,0.009705525822937489,0.5650865435600281,0.19742915034294128,,,,dqn_icm,cartpole,sparse,0.01,0.9,7,0.1
134,0.0,11,0.5788333333333333,4.701822035713121e-05,0.045901909470558167,0.006867371499538422,0.5578269958496094,0.18453243374824524,,,,dqn_icm,cartpole,sparse,0.01,0.9,7,0.1
135,0.0,10,0.5756666666666668,8.885857823770493e-05,0.058692336082458496,0.011241598054766655,0.5578269958496094,0.18453243374824524,,,,dqn_icm,cartpole,sparse,0.01,0.9,7,0.1
136,0.0,12,0.5725,5.712208439945243e-05,0.04437776654958725,0.005716304760426283,0.5578269958496094,0.18453243374824524,,,,dqn_icm,cartpole,sparse,0.01,0.9,7,0.1
137,0.0,16,0.5693333333333334,2.4365690478589386e-05,0.029122188687324524,0.0046265097334980965,0.5586663484573364,0.15653583407402039,,,,dqn_icm,cartpole,sparse,0.01,0.9,7,0.1
138,0.0,12,0.5661666666666667,7.698250556131825e-05,0.03950224816799164,0.006671928334981203,0.5586663484573364,0.15653583407402039,,,,dqn_icm,cartpole,sparse,0.01,0.9,7,0.1
139,0.0,12,0.563,5.562158185057342e-05,0.04336722940206528,0.007922999560832977,0.5586663484573364,0.15653583407402039,,,,dqn_icm,cartpole,sparse,0.01,0.9,7,0.1
140,0.0,11,0.5598333333333334,4.002585410489701e-05,0.04897419363260269,0.006178736686706543,0.5558413863182068,0.1934225857257843,,,,dqn_icm,cartpole,sparse,0.01,0.9,7,0.1
141,0.0,12,0.5566666666666666,6.334244972094893e-05,0.048649661242961884,0.006651061587035656,0.5558413863182068,0.1934225857257843,,,,dqn_icm,cartpole,sparse,0.01,0.9,7,0.1
142,0.0,9,0.5535000000000001,5.2230185247026384e-05,0.034545525908470154,0.007352444343268871,0.5558413863182068,0.1934225857257843,,,,dqn_icm,cartpole,sparse,0.01,0.9,7,0.1
143,0.0,13,0.5503333333333333,2.894335557357408e-05,0.03450183570384979,0.003660903312265873,0.5558413863182068,0.1934225857257843,,,,dqn_icm,cartpole,sparse,0.01,0.9,7,0.1
144,0.0,11,0.5471666666666667,4.0026508941082284e-05,0.048450618982315063,0.005875688511878252,0.55128014087677,0.21571084856987,,,,dqn_icm,cartpole,sparse,0.01,0.9,7,0.1
145,0.0,14,0.544,3.0275032258941792e-05,0.03579593822360039,0.004869340918958187,0.55128014087677,0.21571084856987,,,,dqn_icm,cartpole,sparse,0.01,0.9,7,0.1
146,0.0,11,0.5408333333333333,3.844200182356872e-05,0.04477030038833618,0.005115582142025232,0.55128014087677,0.21571084856987,,,,dqn_icm,cartpole,sparse,0.01,0.9,7,0.1
147,0.0,12,0.5376666666666667,0.0004351991810835898,0.035959478467702866,0.02421668916940689,0.5582375526428223,0.15441128611564636,,,,dqn_icm,cartpole,sparse,0.01,0.9,7,0.1
148,0.0,14,0.5345,0.0003956055734306574,0.08230076730251312,0.019362328574061394,0.5582375526428223,0.15441128611564636,,,,dqn_icm,cartpole,sparse,0.01,0.9,7,0.1
149,0.0,10,0.5313333333333333,0.00023551975027658045,0.07193776965141296,0.014960742555558681,0.5582375526428223,0.15441128611564636,,,,dqn_icm,cartpole,sparse,0.01,0.9,7,0.1
150,0.0,12,0.5281666666666667,8.953183714766055e-05,0.06244724988937378,0.008758976124227047,0.5582375526428223,0.15441128611564636,0.0,0.0,8.8,dqn_icm,cartpole,sparse,0.01,0.9,7,0.1
151,0.0,9,0.525,0.0002130944631062448,0.06370790302753448,0.009604065679013729,0.5537998080253601,0.17721733450889587,,,,dqn_icm,cartpole,sparse,0.01,0.9,7,0.1
152,0.0,10,0.5218333333333334,0.00028669365565292537,0.04786597564816475,0.0173175111413002,0.5537998080253601,0.17721733450889587,,,,dqn_icm,cartpole,sparse,0.01,0.9,7,0.1
153,0.0,11,0.5186666666666666,0.00015683686069678515,0.06692129373550415,0.011668320745229721,0.5537998080253601,0.17721733450889587,,,,dqn_icm,cartpole,sparse,0.01,0.9,7,0.1
154,0.0,13,0.5155000000000001,0.00023221074661705643,0.07305337488651276,0.011056579649448395,0.5581369400024414,0.2032063901424408,,,,dqn_icm,cartpole,sparse,0.01,0.9,7,0.1
155,0.0,10,0.5123333333333333,0.0007223576540127397,0.054127175360918045,0.02209779992699623,0.5581369400024414,0.2032063901424408,,,,dqn_icm,cartpole,sparse,0.01,0.9,7,0.1
156,0.0,12,0.5091666666666667,0.0002142527955584228,0.07199947535991669,0.014248374849557877,0.5581369400024414,0.2032063901424408,,,,dqn_icm,cartpole,sparse,0.01,0.9,7,0.1
157,0.0,11,0.506,0.00013165779819246382,0.06707221269607544,0.007195081561803818,0.5581369400024414,0.2032063901424408,,,,dqn_icm,cartpole,sparse,0.01,0.9,7,0.1
158,0.0,10,0.5028333333333334,0.00022813392570242286,0.05370321497321129,0.013997847214341164,0.5711477398872375,0.18171417713165283,,,,dqn_icm,cartpole,sparse,0.01,0.9,7,0.1
159,0.0,9,0.4996666666666667,0.00013411539839580655,0.06906524300575256,0.010978232137858868,0.5711477398872375,0.18171417713165283,,,,dqn_icm,cartpole,sparse,0.01,0.9,7,0.1
160,0.0,12,0.49650000000000005,0.00026918068761006,0.06436797976493835,0.013767130672931671,0.5711477398872375,0.18171417713165283,,,,dqn_icm,cartpole,sparse,0.01,0.9,7,0.1
161,0.0,10,0.4933333333333334,0.00030540541047230363,0.064910888671875,0.014778314158320427,0.5711477398872375,0.18171417713165283,,,,dqn_icm,cartpole,sparse,0.01,0.9,7,0.1
162,0.0,13,0.49016666666666675,9.085659257834777e-05,0.06890659779310226,0.01061926782131195,0.5441948175430298,0.13557328283786774,,,,dqn_icm,cartpole,sparse,0.01,0.9,7,0.1
163,0.0,12,0.487,0.00010860372276511043,0.06766171753406525,0.008497141301631927,0.5441948175430298,0.13557328283786774,,,,dqn_icm,cartpole,sparse,0.01,0.9,7,0.1
164,0.0,15,0.48383333333333334,0.00020973892242182046,0.06699401140213013,0.0103016821667552,0.5441948175430298,0.13557328283786774,,,,dqn_icm,cartpole,sparse,0.01,0.9,7,0.1
165,0.0,17,0.4806666666666667,0.00014040977112017572,0.07683805376291275,0.011950742453336716,0.5579041242599487,0.23442897200584412,,,,dqn_icm,cartpole,sparse,0.01,0.9,7,0.1
166,0.0,14,0.47750000000000004,8.017909567570314e-05,0.05848570913076401,0.007890230044722557,0.5579041242599487,0.23442897200584412,,,,dqn_icm,cartpole,sparse,0.01,0.9,7,0.1
167,0.0,13,0.4743333333333334,0.00018893431115429848,0.05990418419241905,0.013302097097039223,0.5579041242599487,0.23442897200584412,,,,dqn_icm,cartpole,sparse,0.01,0.9,7,0.1
168,0.0,15,0.47116666666666673,8.776280446909368e-05,0.05518397316336632,0.008657345548272133,0.5572764277458191,0.16431720554828644,,,,dqn_icm,cartpole,sparse,0.01,0.9,7,0.1
169,0.0,10,0.46799999999999997,5.997090192977339e-05,0.06700808554887772,0.008435859344899654,0.5572764277458191,0.16431720554828644,,,,dqn_icm,cartpole,sparse,0.01,0.9,7,0.1
170,0.0,16,0.4648333333333333,0.0001319137227255851,0.05745956301689148,0.011791402474045753,0.561996340751648,0.16867034137248993,,,,dqn_icm,cartpole,sparse,0.01,0.9,7,0.1
171,0.0,13,0.46166666666666667,0.00010064837260870263,0.07270881533622742,0.00841062143445015,0.561996340751648,0.16867034137248993,,,,dqn_icm,cartpole,sparse,0.01,0.9,7,0.1
172,0.0,9,0.4585,0.00016123925161082298,0.06727561354637146,0.011247700080275536,0.561996340751648,0.16867034137248993,,,,dqn_icm,cartpole,sparse,0.01,0.9,7,0.1
173,0.0,10,0.45533333333333337,0.00024707525153644383,0.06323303282260895,0.01625586301088333,0.561996340751648,0.16867034137248993,,,,dqn_icm,cartpole,sparse,0.01,0.9,7,0.1
174,0.0,10,0.4521666666666667,0.00012215466995257884,0.05884062126278877,0.009115474298596382,0.5527056455612183,0.1435464322566986,,,,dqn_icm,cartpole,sparse,0.01,0.9,7,0.1
175,0.0,10,0.44900000000000007,0.0001410793629474938,0.08195459842681885,0.0130399689078331,0.5527056455612183,0.1435464322566986,,,,dqn_icm,cartpole,sparse,0.01,0.9,7,0.1
176,0.0,8,0.4458333333333333,0.00012042061280226335,0.07768992334604263,0.009444821625947952,0.5527056455612183,0.1435464322566986,,,,dqn_icm,cartpole,sparse,0.01,0.9,7,0.1
177,0.0,11,0.44266666666666665,4.309965152060613e-05,0.06701663136482239,0.006771670654416084,0.5527056455612183,0.1435464322566986,,,,dqn_icm,cartpole,sparse,0.01,0.9,7,0.1
178,0.0,12,0.4395,0.00016641608090139925,0.0632542073726654,0.011726101860404015,0.551217794418335,0.19993972778320312,,,,dqn_icm,cartpole,sparse,0.01,0.9,7,0.1
179,0.0,10,0.43633333333333335,0.00017485994612798095,0.07212802767753601,0.009735414758324623,0.551217794418335,0.19993972778320312,,,,dqn_icm,cartpole,sparse,0.01,0.9,7,0.1
180,0.0,12,0.4331666666666667,0.0002335234166821465,0.0863899514079094,0.017146198078989983,0.551217794418335,0.19993972778320312,,,,dqn_icm,cartpole,sparse,0.01,0.9,7,0.1
181,0.0,12,0.43000000000000005,0.0001672661310294643,0.06041071563959122,0.013581197708845139,0.551217794418335,0.19993972778320312,,,,dqn_icm,cartpole,sparse,0.01,0.9,7,0.1
182,0.0,9,0.4268333333333333,5.715730367228389e-05,0.06030314415693283,0.00756986765190959,0.5541006922721863,0.15334784984588623,,,,dqn_icm,cartpole,sparse,0.01,0.9,7,0.1
183,0.0,14,0.42366666666666664,0.00010524125536903739,0.055365629494190216,0.009519807994365692,0.5541006922721863,0.15334784984588623,,,,dqn_icm,cartpole,sparse,0.01,0.9,7,0.1
184,0.0,10,0.4205,0.00020097423112019897,0.059049203991889954,0.012360716238617897,0.5541006922721863,0.15334784984588623,,,,dqn_icm,cartpole,sparse,0.01,0.9,7,0.1
185,0.0,9,0.41733333333333344,8.012133912416175e-05,0.06993525475263596,0.01035572774708271,0.5541006922721863,0.15334784984588623,,,,dqn_icm,cartpole,sparse,0.01,0.9,7,0.1
186,0.0,13,0.4141666666666667,9.924723417498171e-05,0.06359466910362244,0.008176246657967567,0.5439149737358093,0.1614254117012024,,,,dqn_icm,cartpole,sparse,0.01,0.9,7,0.1
187,0.0,12,0.41100000000000003,7.446222298312932e-05,0.05901674926280975,0.008477538824081421,0.5439149737358093,0.1614254117012024,,,,dqn_icm,cartpole,sparse,0.01,0.9,7,0.1
188,0.0,10,0.4078333333333334,0.00019835909188259393,0.06788535416126251,0.010302281007170677,0.5439149737358093,0.1614254117012024,,,,dqn_icm,cartpole,sparse,0.01,0.9,7,0.1
189,0.0,11,0.4046666666666666,8.308935503009707e-05,0.06450764089822769,0.007037200964987278,0.547096848487854,0.19555290043354034,,,,dqn_icm,cartpole,sparse,0.01,0.9,7,0.1
190,0.0,16,0.4015000000000001,0.00011646115308394656,0.06384316831827164,0.008983958512544632,0.547096848487854,0.19555290043354034,,,,dqn_icm,cartpole,sparse,0.01,0.9,7,0.1
191,0.0,12,0.39833333333333343,0.00016031959967222065,0.07369290292263031,0.010459672659635544,0.547096848487854,0.19555290043354034,,,,dqn_icm,cartpole,sparse,0.01,0.9,7,0.1
192,0.0,12,0.39516666666666667,9.883776510832831e-05,0.06977402418851852,0.007327286526560783,0.5560038089752197,0.16060900688171387,,,,dqn_icm,cartpole,sparse,0.01,0.9,7,0.1
193,0.0,16,0.392,8.313835132867098e-05,0.07072180509567261,0.00898395199328661,0.5560038089752197,0.16060900688171387,,,,dqn_icm,cartpole,sparse,0.01,0.9,7,0.1
194,0.0,14,0.38883333333333336,0.00010062812361866236,0.06985488533973694,0.009849822148680687,0.5560038089752197,0.16060900688171387,,,,dqn_icm,cartpole,sparse,0.01,0.9,7,0.1
195,0.0,10,0.3856666666666667,0.00011448122677393258,0.06912466883659363,0.008253561332821846,0.5609307289123535,0.24890701472759247,,,,dqn_icm,cartpole,sparse,0.01,0.9,7,0.1
196,0.0,12,0.38250000000000006,0.0003148121468257159,0.07958019524812698,0.013417084701359272,0.5609307289123535,0.24890701472759247,,,,dqn_icm,cartpole,sparse,0.01,0.9,7,0.1
197,0.0,10,0.3793333333333334,8.791869186097756e-05,0.0780031681060791,0.007750379852950573,0.5609307289123535,0.24890701472759247,,,,dqn_icm,cartpole,sparse,0.01,0.9,7,0.1
198,0.0,11,0.37616666666666676,0.00015169809921644628,0.07124393433332443,0.009762180037796497,0.5609307289123535,0.24890701472759247,,,,dqn_icm,cartpole,sparse,0.01,0.9,7,0.1
199,0.0,11,0.373,0.0001621973788132891,0.06428326666355133,0.011405102908611298,0.5655118823051453,0.2991926372051239,,,,dqn_icm,cartpole,sparse,0.01,0.9,7,0.1
200,0.0,12,0.36983333333333335,5.190599040361121e-05,0.06170358508825302,0.00635731965303421,0.5655118823051453,0.2991926372051239,0.0,0.0,9.1,dqn_icm,cartpole,sparse,0.01,0.9,7,0.1
201,0.0,13,0.3666666666666667,0.0001837368035921827,0.08584573864936829,0.013046931475400925,0.5655118823051453,0.2991926372051239,,,,dqn_icm,cartpole,sparse,0.01,0.9,7,0.1
202,0.0,11,0.36350000000000005,0.00011252034164499491,0.07266240566968918,0.009300874546170235,0.5390351414680481,0.22617195546627045,,,,dqn_icm,cartpole,sparse,0.01,0.9,7,0.1
203,0.0,18,0.3603333333333334,8.96036290214397e-05,0.07097353041172028,0.00971933826804161,0.5390351414680481,0.22617195546627045,,,,dqn_icm,cartpole,sparse,0.01,0.9,7,0.1
204,0.0,12,0.35716666666666674,0.00019621721003204584,0.07896581292152405,0.011302459053695202,0.5390351414680481,0.22617195546627045,,,,dqn_icm,cartpole,sparse,0.01,0.9,7,0.1
205,0.0,11,0.354,9.247757407138124e-05,0.06902655959129333,0.007778580766171217,0.5355783700942993,0.19735464453697205,,,,dqn_icm,cartpole,sparse,0.01,0.9,7,0.1
206,0.0,9,0.35083333333333333,8.924210851546377e-05,0.06782680004835129,0.009226780384778976,0.5355783700942993,0.19735464453697205,,,,dqn_icm,cartpole,sparse,0.01,0.9,7,0.1
207,0.0,9,0.3476666666666667,0.00012840985436923802,0.07580241560935974,0.009216884151101112,0.5355783700942993,0.19735464453697205,,,,dqn_icm,cartpole,sparse,0.01,0.9,7,0.1
208,0.0,12,0.34450000000000003,0.00012672433513216674,0.06060688942670822,0.009074166417121887,0.5355783700942993,0.19735464453697205,,,,dqn_icm,cartpole,sparse,0.01,0.9,7,0.1
209,0.0,10,0.3413333333333334,8.715182775631547e-05,0.07701962441205978,0.009049149230122566,0.5389013886451721,0.16185179352760315,,,,dqn_icm,cartpole,sparse,0.01,0.9,7,0.1
210,0.0,9,0.3381666666666667,7.1710477641318e-05,0.07392914593219757,0.009294405579566956,0.5389013886451721,0.16185179352760315,,,,dqn_icm,cartpole,sparse,0.01,0.9,7,0.1
211,0.0,10,0.3350000000000001,0.00024479415151290596,0.06737525761127472,0.013108422979712486,0.5389013886451721,0.16185179352760315,,,,dqn_icm,cartpole,sparse,0.01,0.9,7,0.1
212,0.0,10,0.3318333333333333,0.0001972832396859303,0.06385258585214615,0.013958344236016273,0.5389013886451721,0.16185179352760315,,,,dqn_icm,cartpole,sparse,0.01,0.9,7,0.1
213,0.0,9,0.32866666666666666,8.907521259970963e-05,0.07298636436462402,0.010106932371854782,0.5367816686630249,0.1906965970993042,,,,dqn_icm,cartpole,sparse,0.01,0.9,7,0.1
214,0.0,13,0.3255,9.084733028430492e-05,0.06746174395084381,0.008118011057376862,0.5367816686630249,0.1906965970993042,,,,dqn_icm,cartpole,sparse,0.01,0.9,7,0.1
215,0.0,9,0.32233333333333336,0.00013621780090034008,0.05377694591879845,0.00995013490319252,0.5367816686630249,0.1906965970993042,,,,dqn_icm,cartpole,sparse,0.01,0.9,7,0.1
216,0.0,10,0.3191666666666667,0.00016427389346063137,0.08321435004472733,0.01335226371884346,0.5367816686630249,0.1906965970993042,,,,dqn_icm,cartpole,sparse,0.01,0.9,7,0.1
217,0.0,10,0.31600000000000006,0.0009649842395447195,0.10777592658996582,0.023692840710282326,0.530086100101471,0.19708935916423798,,,,dqn_icm,cartpole,sparse,0.01,0.9,7,0.1
218,0.0,11,0.3128333333333333,0.00032692193053662777,0.059084393084049225,0.020781351253390312,0.530086100101471,0.19708935916423798,,,,dqn_icm,cartpole,sparse,0.01,0.9,7,0.1
219,0.0,10,0.30966666666666665,0.00012899348803330213,0.07662297040224075,0.010733225382864475,0.530086100101471,0.19708935916423798,,,,dqn_icm,cartpole,sparse,0.01,0.9,7,0.1
220,0.0,9,0.3065,0.0003771731862798333,0.09382008761167526,0.021248508244752884,0.530086100101471,0.19708935916423798,,,,dqn_icm,cartpole,sparse,0.01,0.9,7,0.1
221,0.0,11,0.30333333333333345,0.0002059041289612651,0.07044845819473267,0.012409931048750877,0.5476852059364319,0.17647218704223633,,,,dqn_icm,cartpole,sparse,0.01,0.9,7,0.1
222,0.0,10,0.3001666666666667,0.00020237808348610997,0.07597282528877258,0.014706060290336609,0.5476852059364319,0.17647218704223633,,,,dqn_icm,cartpole,sparse,0.01,0.9,7,0.1
223,0.0,10,0.29700000000000004,0.00046521390322595835,0.07688809186220169,0.013502666726708412,0.5476852059364319,0.17647218704223633,,,,dqn_icm,cartpole,sparse,0.01,0.9,7,0.1
224,0.0,9,0.2938333333333334,4.369833550299518e-05,0.0581057071685791,0.006212073378264904,0.5476852059364319,0.17647218704223633,,,,dqn_icm,cartpole,sparse,0.01,0.9,7,0.1
225,0.0,11,0.29066666666666663,5.5580883781658486e-05,0.05831625312566757,0.008077696897089481,0.5597431063652039,0.2514933943748474,,,,dqn_icm,cartpole,sparse,0.01,0.9,7,0.1
226,0.0,13,0.2875000000000001,0.00011578912381082773,0.0699680894613266,0.008781537413597107,0.5597431063652039,0.2514933943748474,,,,dqn_icm,cartpole,sparse,0.01,0.9,7,0.1
227,0.0,9,0.28433333333333344,0.00011695401917677373,0.07855836302042007,0.00914057344198227,0.5597431063652039,0.2514933943748474,,,,dqn_icm,cartpole,sparse,0.01,0.9,7,0.1
228,0.0,10,0.2811666666666667,0.0001504966348875314,0.07440918684005737,0.011029974557459354,0.5597431063652039,0.2514933943748474,,,,dqn_icm,cartpole,sparse,0.01,0.9,7,0.1
229,0.0,9,0.278,0.00014006439596414566,0.06989847123622894,0.01032218523323536,0.5212794542312622,0.21148616075515747,,,,dqn_icm,cartpole,sparse,0.01,0.9,7,0.1
230,0.0,9,0.2748333333333334,0.00016728091577533633,0.06888440996408463,0.008300777524709702,0.5212794542312622,0.21148616075515747,,,,dqn_icm,cartpole,sparse,0.01,0.9,7,0.1
231,0.0,14,0.2716666666666666,0.00013138982467353344,0.08724191039800644,0.009887530468404293,0.5212794542312622,0.21148616075515747,,,,dqn_icm,cartpole,sparse,0.01,0.9,7,0.1
232,0.0,10,0.26850000000000007,7.658604590687901e-05,0.0816650539636612,0.0065338704735040665,0.5223180055618286,0.20650510489940643,,,,dqn_icm,cartpole,sparse,0.01,0.9,7,0.1
233,0.0,9,0.2653333333333334,3.429250864428468e-05,0.07802548259496689,0.004852743819355965,0.5223180055618286,0.20650510489940643,,,,dqn_icm,cartpole,sparse,0.01,0.9,7,0.1
234,0.0,13,0.26216666666666677,6.395069067366421e-05,0.07230963557958603,0.006623109336942434,0.5223180055618286,0.20650510489940643,,,,dqn_icm,cartpole,sparse,0.01,0.9,7,0.1
235,0.0,10,0.259,8.23075242806226e-05,0.0686257854104042,0.006993921473622322,0.5223180055618286,0.20650510489940643,,,,dqn_icm,cartpole,sparse,0.01,0.9,7,0.1
236,0.0,10,0.25583333333333336,9.891657828120515e-05,0.08142201602458954,0.008073385804891586,0.535372793674469,0.19971409440040588,,,,dqn_icm,cartpole,sparse,0.01,0.9,7,0.1
237,0.0,12,0.2526666666666667,8.572579827159643e-05,0.0756220668554306,0.007196946535259485,0.535372793674469,0.19971409440040588,,,,dqn_icm,cartpole,sparse,0.01,0.9,7,0.1
238,0.0,10,0.24950000000000006,0.00010644404392223805,0.07803041487932205,0.007382797077298164,0.535372793674469,0.19971409440040588,,,,dqn_icm,cartpole,sparse,0.01,0.9,7,0.1
239,0.0,8,0.2463333333333334,0.00011116440873593092,0.06973341107368469,0.007450099103152752,0.535372793674469,0.19971409440040588,,,,dqn_icm,cartpole,sparse,0.01,0.9,7,0.1
240,0.0,8,0.24316666666666675,7.411677506752312e-05,0.062593974173069,0.009676922112703323,0.5387295484542847,0.20193153619766235,,,,dqn_icm,cartpole,sparse,0.01,0.9,7,0.1
241,0.0,11,0.24,0.00011814662138931453,0.08368261158466339,0.008134735748171806,0.5387295484542847,0.20193153619766235,,,,dqn_icm,cartpole,sparse,0.01,0.9,7,0.1
242,0.0,9,0.23683333333333334,7.842785998946056e-05,0.08492542058229446,0.011071939021348953,0.5387295484542847,0.20193153619766235,,,,dqn_icm,cartpole,sparse,0.01,0.9,7,0.1
243,0.0,9,0.2336666666666667,0.0001337232388323173,0.08509598672389984,0.010388476774096489,0.5387295484542847,0.20193153619766235,,,,dqn_icm,cartpole,sparse,0.01,0.9,7,0.1
244,0.0,12,0.23050000000000004,0.0001101090747397393,0.0667417049407959,0.010182077065110207,0.543347954750061,0.2220374047756195,,,,dqn_icm,cartpole,sparse,0.01,0.9,7,0.1
245,0.0,9,0.2273333333333334,0.00022675686341244727,0.06667549163103104,0.010120120830833912,0.543347954750061,0.2220374047756195,,,,dqn_icm,cartpole,sparse,0.01,0.9,7,0.1
246,0.0,9,0.22416666666666674,6.78800352034159e-05,0.0827140361070633,0.007787848357111216,0.543347954750061,0.2220374047756195,,,,dqn_icm,cartpole,sparse,0.01,0.9,7,0.1
247,0.0,9,0.22100000000000009,9.065718040801585e-05,0.07928001880645752,0.008961491286754608,0.543347954750061,0.2220374047756195,,,,dqn_icm,cartpole,sparse,0.01,0.9,7,0.1
248,0.0,8,0.21783333333333332,6.260200461838394e-05,0.07757376879453659,0.008853663690388203,0.543347954750061,0.2220374047756195,,,,dqn_icm,cartpole,sparse,0.01,0.9,7,0.1
249,0.0,9,0.21466666666666667,0.00014607483171857893,0.07620348036289215,0.009158974513411522,0.5553234815597534,0.22626233100891113,,,,dqn_icm,cartpole,sparse,0.01,0.9,7,0.1
250,0.0,11,0.21150000000000002,9.383981523569673e-05,0.07793290913105011,0.009871447458863258,0.5553234815597534,0.22626233100891113,0.0,0.0,9.1,dqn_icm,cartpole,sparse,0.01,0.9,7,0.1
251,0.0,13,0.20833333333333337,0.00015222937508951873,0.09086544811725616,0.009506645612418652,0.5553234815597534,0.22626233100891113,,,,dqn_icm,cartpole,sparse,0.01,0.9,7,0.1
252,0.0,9,0.20516666666666672,7.967901910888031e-05,0.08154894411563873,0.006412049755454063,0.5553234815597534,0.22626233100891113,,,,dqn_icm,cartpole,sparse,0.01,0.9,7,0.1
253,0.0,11,0.20200000000000007,9.069811494555324e-05,0.07009775936603546,0.008041455410420895,0.529954195022583,0.24666762351989746,,,,dqn_icm,cartpole,sparse,0.01,0.9,7,0.1
254,0.0,10,0.1988333333333333,0.00011038490629289299,0.07878843694925308,0.010063018649816513,0.529954195022583,0.24666762351989746,,,,dqn_icm,cartpole,sparse,0.01,0.9,7,0.1
255,0.0,10,0.19566666666666666,5.136250547366217e-05,0.07679291069507599,0.007203459739685059,0.529954195022583,0.24666762351989746,,,,dqn_icm,cartpole,sparse,0.01,0.9,7,0.1
256,0.0,10,0.1925,8.809591236058623e-05,0.07507053017616272,0.008951643481850624,0.5189131498336792,0.2167683094739914,,,,dqn_icm,cartpole,sparse,0.01,0.9,7,0.1
257,0.0,10,0.18933333333333335,0.0001072081140591763,0.0697568729519844,0.008592896163463593,0.5189131498336792,0.2167683094739914,,,,dqn_icm,cartpole,sparse,0.01,0.9,7,0.1
258,0.0,11,0.1861666666666667,0.00011241970059927553,0.08352473378181458,0.0116232605651021,0.5189131498336792,0.2167683094739914,,,,dqn_icm,cartpole,sparse,0.01,0.9,7,0.1
259,0.0,15,0.18300000000000005,0.00012263163807801902,0.06309807300567627,0.011165267787873745,0.5189131498336792,0.2167683094739914,,,,dqn_icm,cartpole,sparse,0.01,0.9,7,0.1
260,0.0,10,0.1798333333333334,9.79148389887996e-05,0.0923372358083725,0.009542045183479786,0.5343653559684753,0.20996779203414917,,,,dqn_icm,cartpole,sparse,0.01,0.9,7,0.1
261,0.0,12,0.17666666666666664,3.488164657028392e-05,0.08031894266605377,0.004851819481700659,0.5343653559684753,0.20996779203414917,,,,dqn_icm,cartpole,sparse,0.01,0.9,7,0.1
262,0.0,10,0.1735,4.3846634071087465e-05,0.08654583990573883,0.00563847366720438,0.5343653559684753,0.20996779203414917,,,,dqn_icm,cartpole,sparse,0.01,0.9,7,0.1
263,0.0,9,0.17033333333333345,3.523160194163211e-05,0.08929964900016785,0.005649419967085123,0.5343653559684753,0.20996779203414917,,,,dqn_icm,cartpole,sparse,0.01,0.9,7,0.1
264,0.0,9,0.16716666666666669,0.00011842067760881037,0.07327196002006531,0.007152578793466091,0.5392422080039978,0.20703119039535522,,,,dqn_icm,cartpole,sparse,0.01,0.9,7,0.1
265,0.0,8,0.16400000000000003,7.222474232548848e-05,0.08130556344985962,0.009490893222391605,0.5392422080039978,0.20703119039535522,,,,dqn_icm,cartpole,sparse,0.01,0.9,7,0.1
266,0.0,11,0.16083333333333338,6.595053127966821e-05,0.07832120358943939,0.007507365196943283,0.5392422080039978,0.20703119039535522,,,,dqn_icm,cartpole,sparse,0.01,0.9,7,0.1
267,0.0,10,0.15766666666666662,0.000107319894596003,0.09743259847164154,0.009781498461961746,0.5392422080039978,0.20703119039535522,,,,dqn_icm,cartpole,sparse,0.01,0.9,7,0.1
268,0.0,10,0.15450000000000008,7.285922765731812e-05,0.06836722791194916,0.009799296967685223,0.530116856098175,0.2559073567390442,,,,dqn_icm,cartpole,sparse,0.01,0.9,7,0.1
269,0.0,9,0.15133333333333343,0.00010095752804772928,0.0717487782239914,0.008583725430071354,0.530116856098175,0.2559073567390442,,,,dqn_icm,cartpole,sparse,0.01,0.9,7,0.1
270,0.0,12,0.14816666666666678,5.93330041738227e-05,0.09557297825813293,0.00854964554309845,0.530116856098175,0.2559073567390442,,,,dqn_icm,cartpole,sparse,0.01,0.9,7,0.1
271,0.0,10,0.14500000000000002,0.00011762903886847198,0.09096606075763702,0.008951891213655472,0.530116856098175,0.2559073567390442,,,,dqn_icm,cartpole,sparse,0.01,0.9,7,0.1
272,0.0,8,0.14183333333333337,7.846002699807286e-05,0.08298532664775848,0.006655218079686165,0.522032618522644,0.19477015733718872,,,,dqn_icm,cartpole,sparse,0.01,0.9,7,0.1
273,0.0,8,0.13866666666666672,0.0001643959985813126,0.08655979484319687,0.009424647316336632,0.522032618522644,0.19477015733718872,,,,dqn_icm,cartpole,sparse,0.01,0.9,7,0.1
274,0.0,10,0.13550000000000006,0.00010362378816353157,0.06610411405563354,0.00966230034828186,0.522032618522644,0.19477015733718872,,,,dqn_icm,cartpole,sparse,0.01,0.9,7,0.1
275,0.0,12,0.1323333333333334,0.000262677320279181,0.08169163018465042,0.015772171318531036,0.522032618522644,0.19477015733718872,,,,dqn_icm,cartpole,sparse,0.01,0.9,7,0.1
276,0.0,9,0.12916666666666676,9.109248640015721e-05,0.07424883544445038,0.008300373330712318,0.5070376992225647,0.2255515456199646,,,,dqn_icm,cartpole,sparse,0.01,0.9,7,0.1
277,0.0,9,0.126,7.73568608565256e-05,0.07840251177549362,0.008623149245977402,0.5070376992225647,0.2255515456199646,,,,dqn_icm,cartpole,sparse,0.01,0.9,7,0.1
278,0.0,10,0.12283333333333335,0.000290607480565086,0.09677664935588837,0.015070077031850815,0.5070376992225647,0.2255515456199646,,,,dqn_icm,cartpole,sparse,0.01,0.9,7,0.1
279,0.0,10,0.1196666666666667,0.00017097698582801968,0.08603793382644653,0.011078346520662308,0.5070376992225647,0.2255515456199646,,,,dqn_icm,cartpole,sparse,0.01,0.9,7,0.1
280,0.0,9,0.11650000000000005,0.00012745015555992723,0.07830528914928436,0.010529084131121635,0.5101011991500854,0.22137770056724548,,,,dqn_icm,cartpole,sparse,0.01,0.9,7,0.1
281,0.0,13,0.1133333333333334,0.00013791091623716056,0.085305355489254,0.011725970543920994,0.5101011991500854,0.22137770056724548,,,,dqn_icm,cartpole,sparse,0.01,0.9,7,0.1
282,0.0,10,0.11016666666666675,4.270356294000521e-05,0.07722394168376923,0.0055416785180568695,0.5101011991500854,0.22137770056724548,,,,dqn_icm,cartpole,sparse,0.01,0.9,7,0.1
283,0.0,10,0.1070000000000001,8.522339339833707e-05,0.0777345672249794,0.009506420232355595,0.5101011991500854,0.22137770056724548,,,,dqn_icm,cartpole,sparse,0.01,0.9,7,0.1
284,0.0,9,0.10383333333333333,4.6146527893142775e-05,0.06619557738304138,0.006037380546331406,0.5324362516403198,0.20616719126701355,,,,dqn_icm,cartpole,sparse,0.01,0.9,7,0.1
285,0.0,8,0.10066666666666668,0.00010841591574717313,0.07618281245231628,0.009055133908987045,0.5324362516403198,0.20616719126701355,,,,dqn_icm,cartpole,sparse,0.01,0.9,7,0.1
286,0.0,9,0.09750000000000003,0.00017772412684280425,0.08787761628627777,0.00976056419312954,0.5324362516403198,0.20616719126701355,,,,dqn_icm,cartpole,sparse,0.01,0.9,7,0.1
287,0.0,10,0.09433333333333338,0.00012709647126030177,0.09040410071611404,0.00968336220830679,0.5324362516403198,0.20616719126701355,,,,dqn_icm,cartpole,sparse,0.01,0.9,7,0.1
288,0.0,10,0.09116666666666673,0.00010651405318640172,0.07648050785064697,0.00922797154635191,0.5172443389892578,0.2010173797607422,,,,dqn_icm,cartpole,sparse,0.01,0.9,7,0.1
289,0.0,12,0.08800000000000008,0.0001301053271163255,0.07289043068885803,0.008214302361011505,0.5172443389892578,0.2010173797607422,,,,dqn_icm,cartpole,sparse,0.01,0.9,7,0.1
290,0.0,10,0.08483333333333332,9.571400005370378e-05,0.06340288370847702,0.009745614603161812,0.5172443389892578,0.2010173797607422,,,,dqn_icm,cartpole,sparse,0.01,0.9,7,0.1
291,0.0,10,0.08166666666666667,7.046804967103526e-05,0.0833016037940979,0.007985316216945648,0.5172443389892578,0.2010173797607422,,,,dqn_icm,cartpole,sparse,0.01,0.9,7,0.1
292,0.0,8,0.07850000000000001,0.00018750013259705156,0.09841148555278778,0.014901845715939999,0.5331758856773376,0.3128276467323303,,,,dqn_icm,cartpole,sparse,0.01,0.9,7,0.1
293,0.0,10,0.07533333333333336,9.002709703054279e-05,0.08364614844322205,0.008566901087760925,0.5331758856773376,0.3128276467323303,,,,dqn_icm,cartpole,sparse,0.01,0.9,7,0.1
294,0.0,10,0.07216666666666671,0.00024759978987276554,0.08763860166072845,0.009412828832864761,0.5331758856773376,0.3128276467323303,,,,dqn_icm,cartpole,sparse,0.01,0.9,7,0.1
295,0.0,9,0.06900000000000006,8.220171730499715e-05,0.07652346044778824,0.008286752738058567,0.5331758856773376,0.3128276467323303,,,,dqn_icm,cartpole,sparse,0.01,0.9,7,0.1
296,0.0,12,0.06583333333333341,9.031454101204872e-05,0.09161978214979172,0.008526155725121498,0.4937901794910431,0.2851771116256714,,,,dqn_icm,cartpole,sparse,0.01,0.9,7,0.1
297,0.0,9,0.06266666666666665,8.748464460950345e-05,0.07259591668844223,0.007000468671321869,0.4937901794910431,0.2851771116256714,,,,dqn_icm,cartpole,sparse,0.01,0.9,7,0.1
298,0.0,9,0.0595,9.977428271668032e-05,0.0846681222319603,0.009139491245150566,0.4937901794910431,0.2851771116256714,,,,dqn_icm,cartpole,sparse,0.01,0.9,7,0.1
299,0.0,10,0.05633333333333346,1.7957252566702664e-05,0.07570268213748932,0.004402069840580225,0.4937901794910431,0.2851771116256714,,,,dqn_icm,cartpole,sparse,0.01,0.9,7,0.1
300,0.0,11,0.053166666666666695,7.476195605704561e-05,0.09360766410827637,0.007379851303994656,0.5385311841964722,0.23696377873420715,0.0,0.0,9.1,dqn_icm,cartpole,sparse,0.01,0.9,7,0.1
301,0.0,11,0.050000000000000044,0.0002375163894612342,0.08391062170267105,0.009334079921245575,0.5385311841964722,0.23696377873420715,,,,dqn_icm,cartpole,sparse,0.01,0.9,7,0.1
302,0.0,10,0.050000000000000044,0.0002317644248250872,0.07433171570301056,0.014513613656163216,0.5385311841964722,0.23696377873420715,,,,dqn_icm,cartpole,sparse,0.01,0.9,7,0.1
303,0.0,10,0.050000000000000044,9.412890358362347e-05,0.09521812945604324,0.008579309098422527,0.5385311841964722,0.23696377873420715,,,,dqn_icm,cartpole,sparse,0.01,0.9,7,0.1
304,0.0,9,0.050000000000000044,6.831958307884634e-05,0.09204158186912537,0.010054263286292553,0.5017016530036926,0.2022591233253479,,,,dqn_icm,cartpole,sparse,0.01,0.9,7,0.1
305,0.0,10,0.050000000000000044,0.00011415540939196944,0.08101838827133179,0.010393880307674408,0.5017016530036926,0.2022591233253479,,,,dqn_icm,cartpole,sparse,0.01,0.9,7,0.1
306,0.0,11,0.050000000000000044,6.745058635715395e-05,0.09009143710136414,0.00608651340007782,0.5017016530036926,0.2022591233253479,,,,dqn_icm,cartpole,sparse,0.01,0.9,7,0.1
307,0.0,10,0.050000000000000044,7.73148494772613e-05,0.10062739253044128,0.008262659423053265,0.5017016530036926,0.2022591233253479,,,,dqn_icm,cartpole,sparse,0.01,0.9,7,0.1
308,0.0,10,0.050000000000000044,9.884242172120139e-05,0.08309704065322876,0.007324990350753069,0.4960288405418396,0.27800461649894714,,,,dqn_icm,cartpole,sparse,0.01,0.9,7,0.1
309,0.0,8,0.050000000000000044,8.379774226341397e-05,0.09565788507461548,0.00786149688065052,0.4960288405418396,0.27800461649894714,,,,dqn_icm,cartpole,sparse,0.01,0.9,7,0.1
310,0.0,10,0.050000000000000044,0.00015855934179853648,0.08106604218482971,0.010038740932941437,0.4960288405418396,0.27800461649894714,,,,dqn_icm,cartpole,sparse,0.01,0.9,7,0.1
311,0.0,9,0.050000000000000044,0.00013177904475014657,0.08639726787805557,0.008436732925474644,0.4960288405418396,0.27800461649894714,,,,dqn_icm,cartpole,sparse,0.01,0.9,7,0.1
312,0.0,9,0.050000000000000044,0.00011155259562656283,0.0838959664106369,0.007171446457505226,0.4960288405418396,0.27800461649894714,,,,dqn_icm,cartpole,sparse,0.01,0.9,7,0.1
313,0.0,11,0.050000000000000044,8.971142233349383e-05,0.07358522713184357,0.0059839896857738495,0.5212302803993225,0.22212804853916168,,,,dqn_icm,cartpole,sparse,0.01,0.9,7,0.1
314,0.0,9,0.050000000000000044,8.589726348873228e-05,0.0873565599322319,0.008339318446815014,0.5212302803993225,0.22212804853916168,,,,dqn_icm,cartpole,sparse,0.01,0.9,7,0.1
315,0.0,11,0.050000000000000044,6.339425453916192e-05,0.09061592817306519,0.006525665521621704,0.5212302803993225,0.22212804853916168,,,,dqn_icm,cartpole,sparse,0.01,0.9,7,0.1
316,0.0,10,0.050000000000000044,3.045808080059942e-05,0.08265911787748337,0.005479997489601374,0.5212302803993225,0.22212804853916168,,,,dqn_icm,cartpole,sparse,0.01,0.9,7,0.1
317,0.0,11,0.050000000000000044,7.897467003203928e-05,0.09667441248893738,0.008466154336929321,0.48049166798591614,0.26721304655075073,,,,dqn_icm,cartpole,sparse,0.01,0.9,7,0.1
318,0.0,11,0.050000000000000044,0.00016528088599443436,0.09892547130584717,0.009365894831717014,0.48049166798591614,0.26721304655075073,,,,dqn_icm,cartpole,sparse,0.01,0.9,7,0.1
319,0.0,12,0.050000000000000044,4.3170723074581474e-05,0.08593802154064178,0.004856832325458527,0.48049166798591614,0.26721304655075073,,,,dqn_icm,cartpole,sparse,0.01,0.9,7,0.1
320,0.0,10,0.050000000000000044,0.00020110621699132025,0.08457821607589722,0.00865123886615038,0.4830518960952759,0.24034133553504944,,,,dqn_icm,cartpole,sparse,0.01,0.9,7,0.1
321,0.0,8,0.050000000000000044,0.00010430687689222395,0.08762404322624207,0.008878545835614204,0.4830518960952759,0.24034133553504944,,,,dqn_icm,cartpole,sparse,0.01,0.9,7,0.1
322,0.0,10,0.050000000000000044,7.38813541829586e-05,0.09073981642723083,0.008968445472419262,0.4830518960952759,0.24034133553504944,,,,dqn_icm,cartpole,sparse,0.01,0.9,7,0.1
323,0.0,10,0.050000000000000044,9.227321424987167e-05,0.08174525201320648,0.009879609569907188,0.4830518960952759,0.24034133553504944,,,,dqn_icm,cartpole,sparse,0.01,0.9,7,0.1
324,0.0,9,0.050000000000000044,0.0002262863563373685,0.09354062378406525,0.010710582137107849,0.4830518960952759,0.24034133553504944,,,,dqn_icm,cartpole,sparse,0.01,0.9,7,0.1
325,0.0,9,0.050000000000000044,0.000195059779798612,0.10174304246902466,0.012289789505302906,0.49658599495887756,0.2488347887992859,,,,dqn_icm,cartpole,sparse,0.01,0.9,7,0.1
326,0.0,9,0.050000000000000044,0.00010857953748200089,0.08276475220918655,0.008905094116926193,0.49658599495887756,0.2488347887992859,,,,dqn_icm,cartpole,sparse,0.01,0.9,7,0.1
327,0.0,12,0.050000000000000044,0.0002144563477486372,0.11686688661575317,0.010396415367722511,0.49658599495887756,0.2488347887992859,,,,dqn_icm,cartpole,sparse,0.01,0.9,7,0.1
328,0.0,11,0.050000000000000044,0.00016607067664153874,0.08255867660045624,0.013486221432685852,0.49531906843185425,0.25095686316490173,,,,dqn_icm,cartpole,sparse,0.01,0.9,7,0.1
329,0.0,12,0.050000000000000044,8.067742601269856e-05,0.09230853617191315,0.010285050608217716,0.49531906843185425,0.25095686316490173,,,,dqn_icm,cartpole,sparse,0.01,0.9,7,0.1
330,0.0,9,0.050000000000000044,0.00021181536430958658,0.09136292338371277,0.012025447562336922,0.49531906843185425,0.25095686316490173,,,,dqn_icm,cartpole,sparse,0.01,0.9,7,0.1
331,0.0,10,0.050000000000000044,0.0003904990153387189,0.09220244735479355,0.017255520448088646,0.49531906843185425,0.25095686316490173,,,,dqn_icm,cartpole,sparse,0.01,0.9,7,0.1
332,0.0,10,0.050000000000000044,0.00010273164662066847,0.09873330593109131,0.007461747154593468,0.5010920166969299,0.27569085359573364,,,,dqn_icm,cartpole,sparse,0.01,0.9,7,0.1
333,0.0,10,0.050000000000000044,5.3492680308409035e-05,0.07977849990129471,0.0068747540935873985,0.5010920166969299,0.27569085359573364,,,,dqn_icm,cartpole,sparse,0.01,0.9,7,0.1
334,0.0,9,0.050000000000000044,8.073734352365136e-05,0.08016431331634521,0.007532901130616665,0.5010920166969299,0.27569085359573364,,,,dqn_icm,cartpole,sparse,0.01,0.9,7,0.1
335,0.0,10,0.050000000000000044,9.927213250193745e-05,0.09044595062732697,0.009799232706427574,0.5010920166969299,0.27569085359573364,,,,dqn_icm,cartpole,sparse,0.01,0.9,7,0.1
336,0.0,9,0.050000000000000044,6.445053440984339e-05,0.08265186846256256,0.007183549925684929,0.5010920166969299,0.27569085359573364,,,,dqn_icm,cartpole,sparse,0.01,0.9,7,0.1
337,0.0,10,0.050000000000000044,0.00023115606745705009,0.1339232325553894,0.01290597952902317,0.471735417842865,0.32383882999420166,,,,dqn_icm,cartpole,sparse,0.01,0.9,7,0.1
338,0.0,11,0.050000000000000044,0.00024254049640148878,0.11964055895805359,0.01567929983139038,0.471735417842865,0.32383882999420166,,,,dqn_icm,cartpole,sparse,0.01,0.9,7,0.1
339,0.0,8,0.050000000000000044,0.0002904465072788298,0.11567096412181854,0.014644443988800049,0.471735417842865,0.32383882999420166,,,,dqn_icm,cartpole,sparse,0.01,0.9,7,0.1
340,0.0,11,0.050000000000000044,0.00011946351150982082,0.10971342027187347,0.012151680886745453,0.471735417842865,0.32383882999420166,,,,dqn_icm,cartpole,sparse,0.01,0.9,7,0.1
341,0.0,9,0.050000000000000044,9.687231795396656e-05,0.11258825659751892,0.011883044615387917,0.5195026993751526,0.21796108782291412,,,,dqn_icm,cartpole,sparse,0.01,0.9,7,0.1
342,0.0,11,0.050000000000000044,0.000185506884008646,0.09979327023029327,0.015083154663443565,0.5195026993751526,0.21796108782291412,,,,dqn_icm,cartpole,sparse,0.01,0.9,7,0.1
343,0.0,9,0.050000000000000044,0.0001448621624149382,0.10588772594928741,0.011304639279842377,0.5195026993751526,0.21796108782291412,,,,dqn_icm,cartpole,sparse,0.01,0.9,7,0.1
344,0.0,9,0.050000000000000044,0.00010382886102888733,0.13690641522407532,0.008241776376962662,0.5195026993751526,0.21796108782291412,,,,dqn_icm,cartpole,sparse,0.01,0.9,7,0.1
345,0.0,9,0.050000000000000044,0.000143964629387483,0.10207981616258621,0.012775839306414127,0.5171975493431091,0.17696385085582733,,,,dqn_icm,cartpole,sparse,0.01,0.9,7,0.1
346,0.0,10,0.050000000000000044,0.00022376063861884177,0.12881684303283691,0.015114489011466503,0.5171975493431091,0.17696385085582733,,,,dqn_icm,cartpole,sparse,0.01,0.9,7,0.1
347,0.0,11,0.050000000000000044,0.00021617309539578855,0.1368921846151352,0.01600610837340355,0.5171975493431091,0.17696385085582733,,,,dqn_icm,cartpole,sparse,0.01,0.9,7,0.1
348,0.0,10,0.050000000000000044,0.00024249455600511283,0.12545505166053772,0.017027972266077995,0.5171975493431091,0.17696385085582733,,,,dqn_icm,cartpole,sparse,0.01,0.9,7,0.1
349,0.0,8,0.050000000000000044,6.728923472110182e-05,0.12592029571533203,0.0067363581620156765,0.5186330676078796,0.32973185181617737,,,,dqn_icm,cartpole,sparse,0.01,0.9,7,0.1
350,0.0,8,0.050000000000000044,0.00013249466428533196,0.09433963149785995,0.008929966017603874,0.5186330676078796,0.32973185181617737,0.0,0.0,9.1,dqn_icm,cartpole,sparse,0.01,0.9,7,0.1
351,0.0,9,0.050000000000000044,0.00018162952619604766,0.11519872397184372,0.014065058901906013,0.5186330676078796,0.32973185181617737,,,,dqn_icm,cartpole,sparse,0.01,0.9,7,0.1
352,0.0,10,0.050000000000000044,0.000107787229353562,0.10502395778894424,0.009691337123513222,0.5186330676078796,0.32973185181617737,,,,dqn_icm,cartpole,sparse,0.01,0.9,7,0.1
353,0.0,9,0.050000000000000044,0.0001423724606866017,0.12479427456855774,0.011346973478794098,0.50608229637146,0.2578378915786743,,,,dqn_icm,cartpole,sparse,0.01,0.9,7,0.1
354,0.0,9,0.050000000000000044,0.00011012368486262858,0.1434822380542755,0.010631327517330647,0.50608229637146,0.2578378915786743,,,,dqn_icm,cartpole,sparse,0.01,0.9,7,0.1
355,0.0,9,0.050000000000000044,0.00011967901809839532,0.1281629204750061,0.010036671534180641,0.50608229637146,0.2578378915786743,,,,dqn_icm,cartpole,sparse,0.01,0.9,7,0.1
356,0.0,10,0.050000000000000044,8.726119995117188e-05,0.13291160762310028,0.008394379168748856,0.50608229637146,0.2578378915786743,,,,dqn_icm,cartpole,sparse,0.01,0.9,7,0.1
357,0.0,12,0.050000000000000044,8.325713861268014e-05,0.12921901047229767,0.008267082273960114,0.48234155774116516,0.2526368200778961,,,,dqn_icm,cartpole,sparse,0.01,0.9,7,0.1
358,0.0,9,0.050000000000000044,8.97573190741241e-05,0.10899237543344498,0.00925755500793457,0.48234155774116516,0.2526368200778961,,,,dqn_icm,cartpole,sparse,0.01,0.9,7,0.1
359,0.0,10,0.050000000000000044,7.865663792472333e-05,0.11515937745571136,0.007562067359685898,0.48234155774116516,0.2526368200778961,,,,dqn_icm,cartpole,sparse,0.01,0.9,7,0.1
360,0.0,10,0.050000000000000044,5.484828579938039e-05,0.11324064433574677,0.007840610109269619,0.48234155774116516,0.2526368200778961,,,,dqn_icm,cartpole,sparse,0.01,0.9,7,0.1
361,0.0,9,0.050000000000000044,7.848988752812147e-05,0.1258065104484558,0.008433092385530472,0.48234155774116516,0.2526368200778961,,,,dqn_icm,cartpole,sparse,0.01,0.9,7,0.1
362,0.0,10,0.050000000000000044,9.281202801503241e-05,0.1308659166097641,0.008383242413401604,0.5030784606933594,0.25731298327445984,,,,dqn_icm,cartpole,sparse,0.01,0.9,7,0.1
363,0.0,10,0.050000000000000044,5.351320578483865e-05,0.13470253348350525,0.007855224423110485,0.5030784606933594,0.25731298327445984,,,,dqn_icm,cartpole,sparse,0.01,0.9,7,0.1
364,0.0,9,0.050000000000000044,0.00010613979247864336,0.11745404452085495,0.009389794431626797,0.5030784606933594,0.25731298327445984,,,,dqn_icm,cartpole,sparse,0.01,0.9,7,0.1
365,0.0,9,0.050000000000000044,6.772418419132009e-05,0.10707511752843857,0.00645055714994669,0.5030784606933594,0.25731298327445984,,,,dqn_icm,cartpole,sparse,0.01,0.9,7,0.1
366,0.0,9,0.050000000000000044,0.00011426207493059337,0.12214284390211105,0.009844188578426838,0.45328494906425476,0.3191152811050415,,,,dqn_icm,cartpole,sparse,0.01,0.9,7,0.1
367,0.0,9,0.050000000000000044,4.831619298784062e-05,0.11125440895557404,0.00610544066876173,0.45328494906425476,0.3191152811050415,,,,dqn_icm,cartpole,sparse,0.01,0.9,7,0.1
368,0.0,9,0.050000000000000044,0.000101893900136929,0.1489434540271759,0.0071524400264024734,0.45328494906425476,0.3191152811050415,,,,dqn_icm,cartpole,sparse,0.01,0.9,7,0.1
369,0.0,9,0.050000000000000044,5.087628960609436e-05,0.1251240223646164,0.006875021383166313,0.45328494906425476,0.3191152811050415,,,,dqn_icm,cartpole,sparse,0.01,0.9,7,0.1
370,0.0,11,0.050000000000000044,6.16378165432252e-05,0.12525659799575806,0.006826341152191162,0.5146892666816711,0.2491494119167328,,,,dqn_icm,cartpole,sparse,0.01,0.9,7,0.1
371,0.0,10,0.050000000000000044,5.980787318549119e-05,0.12297675013542175,0.007280369754880667,0.5146892666816711,0.2491494119167328,,,,dqn_icm,cartpole,sparse,0.01,0.9,7,0.1
372,0.0,9,0.050000000000000044,5.164746107766405e-05,0.11167946457862854,0.006677144207060337,0.5146892666816711,0.2491494119167328,,,,dqn_icm,cartpole,sparse,0.01,0.9,7,0.1
373,0.0,9,0.050000000000000044,6.307308649411425e-05,0.1264580488204956,0.007243946194648743,0.5146892666816711,0.2491494119167328,,,,dqn_icm,cartpole,sparse,0.01,0.9,7,0.1
374,0.0,9,0.050000000000000044,4.736192568088882e-05,0.11611833423376083,0.005758076440542936,0.46303707361221313,0.23095276951789856,,,,dqn_icm,cartpole,sparse,0.01,0.9,7,0.1
375,0.0,8,0.050000000000000044,8.934602374210954e-05,0.0988960713148117,0.007938115857541561,0.46303707361221313,0.23095276951789856,,,,dqn_icm,cartpole,sparse,0.01,0.9,7,0.1
376,0.0,9,0.050000000000000044,7.393729174509645e-05,0.13281361758708954,0.00760126207023859,0.46303707361221313,0.23095276951789856,,,,dqn_icm,cartpole,sparse,0.01,0.9,7,0.1
377,0.0,9,0.050000000000000044,0.00010990462033078074,0.12273183465003967,0.00896789226680994,0.46303707361221313,0.23095276951789856,,,,dqn_icm,cartpole,sparse,0.01,0.9,7,0.1
378,0.0,9,0.050000000000000044,0.00011149499914608896,0.12244626879692078,0.009382514283061028,0.46303707361221313,0.23095276951789856,,,,dqn_icm,cartpole,sparse,0.01,0.9,7,0.1
379,0.0,9,0.050000000000000044,4.608366725733504e-05,0.13805988430976868,0.006593959406018257,0.5041012763977051,0.28173965215682983,,,,dqn_icm,cartpole,sparse,0.01,0.9,7,0.1
380,0.0,9,0.050000000000000044,6.474291149061173e-05,0.11579613387584686,0.007313372567296028,0.5041012763977051,0.28173965215682983,,,,dqn_icm,cartpole,sparse,0.01,0.9,7,0.1
381,0.0,10,0.050000000000000044,5.4321892093867064e-05,0.13700614869594574,0.006912078708410263,0.5041012763977051,0.28173965215682983,,,,dqn_icm,cartpole,sparse,0.01,0.9,7,0.1
382,0.0,8,0.050000000000000044,3.782466956181452e-05,0.11768288910388947,0.004448862746357918,0.5041012763977051,0.28173965215682983,,,,dqn_icm,cartpole,sparse,0.01,0.9,7,0.1
383,0.0,10,0.050000000000000044,4.8392132157459855e-05,0.10880987346172333,0.006618835497647524,0.4832913279533386,0.21244606375694275,,,,dqn_icm,cartpole,sparse,0.01,0.9,7,0.1
384,0.0,11,0.050000000000000044,7.638464740011841e-05,0.13063420355319977,0.007503245957195759,0.4832913279533386,0.21244606375694275,,,,dqn_icm,cartpole,sparse,0.01,0.9,7,0.1
385,0.0,8,0.050000000000000044,5.735993181588128e-05,0.12666502594947815,0.006455486640334129,0.4832913279533386,0.21244606375694275,,,,dqn_icm,cartpole,sparse,0.01,0.9,7,0.1
386,0.0,9,0.050000000000000044,4.771856765728444e-05,0.1204570084810257,0.006890545133501291,0.4832913279533386,0.21244606375694275,,,,dqn_icm,cartpole,sparse,0.01,0.9,7,0.1
387,0.0,10,0.050000000000000044,4.978034121450037e-05,0.10991767793893814,0.0057785408571362495,0.4519656002521515,0.27391090989112854,,,,dqn_icm,cartpole,sparse,0.01,0.9,7,0.1
388,0.0,10,0.050000000000000044,3.925582132069394e-05,0.11719485372304916,0.005370199680328369,0.4519656002521515,0.27391090989112854,,,,dqn_icm,cartpole,sparse,0.01,0.9,7,0.1
389,0.0,9,0.050000000000000044,5.2451629017014056e-05,0.11125488579273224,0.005444452166557312,0.4519656002521515,0.27391090989112854,,,,dqn_icm,cartpole,sparse,0.01,0.9,7,0.1
390,0.0,10,0.050000000000000044,2.7553840482141823e-05,0.11526131629943848,0.004736908711493015,0.4519656002521515,0.27391090989112854,,,,dqn_icm,cartpole,sparse,0.01,0.9,7,0.1
391,0.0,10,0.050000000000000044,4.569126758724451e-05,0.11796218901872635,0.005576108582317829,0.4519656002521515,0.27391090989112854,,,,dqn_icm,cartpole,sparse,0.01,0.9,7,0.1
392,0.0,10,0.050000000000000044,2.6802501452038996e-05,0.1191246509552002,0.004607196431607008,0.4969927966594696,0.3544793128967285,,,,dqn_icm,cartpole,sparse,0.01,0.9,7,0.1
393,0.0,10,0.050000000000000044,4.795143468072638e-05,0.11119736731052399,0.005825575906783342,0.4969927966594696,0.3544793128967285,,,,dqn_icm,cartpole,sparse,0.01,0.9,7,0.1
394,0.0,9,0.050000000000000044,5.6074000895023346e-05,0.1147184669971466,0.006182754412293434,0.4969927966594696,0.3544793128967285,,,,dqn_icm,cartpole,sparse,0.01,0.9,7,0.1
395,0.0,9,0.050000000000000044,3.08224480249919e-05,0.11537618935108185,0.004200613126158714,0.4969927966594696,0.3544793128967285,,,,dqn_icm,cartpole,sparse,0.01,0.9,7,0.1
396,0.0,10,0.050000000000000044,6.014108657836914e-05,0.1200311928987503,0.0059251077473163605,0.4696429371833801,0.16726261377334595,,,,dqn_icm,cartpole,sparse,0.01,0.9,7,0.1
397,0.0,10,0.050000000000000044,1.5978414012352005e-05,0.11317666620016098,0.0037814187817275524,0.4696429371833801,0.16726261377334595,,,,dqn_icm,cartpole,sparse,0.01,0.9,7,0.1
398,0.0,11,0.050000000000000044,3.268553700763732e-05,0.11309894919395447,0.004301632754504681,0.4696429371833801,0.16726261377334595,,,,dqn_icm,cartpole,sparse,0.01,0.9,7,0.1
399,0.0,9,0.050000000000000044,9.14370029931888e-05,0.12967988848686218,0.007179818581789732,0.4696429371833801,0.16726261377334595,,,,dqn_icm,cartpole,sparse,0.01,0.9,7,0.1
400,0.0,10,0.050000000000000044,0.00014622451271861792,0.10621001571416855,0.009707862511277199,0.4945909082889557,0.20852306485176086,0.0,0.0,9.1,dqn_icm,cartpole,sparse,0.01,0.9,7,0.1
401,0.0,10,0.050000000000000044,7.497446495108306e-05,0.12551352381706238,0.007203009910881519,0.4945909082889557,0.20852306485176086,,,,dqn_icm,cartpole,sparse,0.01,0.9,7,0.1
402,0.0,9,0.050000000000000044,3.01588443107903e-05,0.11126592755317688,0.005467614158987999,0.4945909082889557,0.20852306485176086,,,,dqn_icm,cartpole,sparse,0.01,0.9,7,0.1
403,0.0,10,0.050000000000000044,4.978858487447724e-05,0.11874324083328247,0.006535418331623077,0.4945909082889557,0.20852306485176086,,,,dqn_icm,cartpole,sparse,0.01,0.9,7,0.1
404,0.0,11,0.050000000000000044,4.770454688696191e-05,0.1354084610939026,0.006636219564825296,0.49116113781929016,0.21126070618629456,,,,dqn_icm,cartpole,sparse,0.01,0.9,7,0.1
405,0.0,10,0.050000000000000044,4.05704413424246e-05,0.11646801233291626,0.0051149968057870865,0.49116113781929016,0.21126070618629456,,,,dqn_icm,cartpole,sparse,0.01,0.9,7,0.1
406,0.0,10,0.050000000000000044,6.226533150766045e-05,0.12684783339500427,0.007754882797598839,0.49116113781929016,0.21126070618629456,,,,dqn_icm,cartpole,sparse,0.01,0.9,7,0.1
407,0.0,11,0.050000000000000044,3.4607142879394814e-05,0.12154888361692429,0.004224651493132114,0.49116113781929016,0.21126070618629456,,,,dqn_icm,cartpole,sparse,0.01,0.9,7,0.1
408,0.0,9,0.050000000000000044,8.627644274383783e-05,0.12202370166778564,0.007795837242156267,0.4419688582420349,0.23990479111671448,,,,dqn_icm,cartpole,sparse,0.01,0.9,7,0.1
409,0.0,9,0.050000000000000044,8.437680662609637e-05,0.14247632026672363,0.008048571646213531,0.4419688582420349,0.23990479111671448,,,,dqn_icm,cartpole,sparse,0.01,0.9,7,0.1
410,0.0,11,0.050000000000000044,0.00010602982365526259,0.11487358808517456,0.010886145755648613,0.4419688582420349,0.23990479111671448,,,,dqn_icm,cartpole,sparse,0.01,0.9,7,0.1
411,0.0,10,0.050000000000000044,5.1113554945914075e-05,0.1485547572374344,0.0070157661102712154,0.4419688582420349,0.23990479111671448,,,,dqn_icm,cartpole,sparse,0.01,0.9,7,0.1
412,0.0,10,0.050000000000000044,3.810289126704447e-05,0.13210251927375793,0.005566679872572422,0.47853171825408936,0.21883144974708557,,,,dqn_icm,cartpole,sparse,0.01,0.9,7,0.1
413,0.0,9,0.050000000000000044,5.166689879843034e-05,0.1024976372718811,0.006571789272129536,0.47853171825408936,0.21883144974708557,,,,dqn_icm,cartpole,sparse,0.01,0.9,7,0.1
414,0.0,10,0.050000000000000044,5.534377123694867e-05,0.12193729728460312,0.007489013485610485,0.47853171825408936,0.21883144974708557,,,,dqn_icm,cartpole,sparse,0.01,0.9,7,0.1
415,0.0,10,0.050000000000000044,6.188498809933662e-05,0.11333940923213959,0.007478463463485241,0.47853171825408936,0.21883144974708557,,,,dqn_icm,cartpole,sparse,0.01,0.9,7,0.1
416,0.0,9,0.050000000000000044,4.9608446715865284e-05,0.1224547028541565,0.006627118680626154,0.41387006640434265,0.24715954065322876,,,,dqn_icm,cartpole,sparse,0.01,0.9,7,0.1
417,0.0,9,0.050000000000000044,8.903111302061006e-05,0.12771278619766235,0.008046533912420273,0.41387006640434265,0.24715954065322876,,,,dqn_icm,cartpole,sparse,0.01,0.9,7,0.1
418,0.0,9,0.050000000000000044,7.158852531574667e-05,0.11255616694688797,0.0077057103626430035,0.41387006640434265,0.24715954065322876,,,,dqn_icm,cartpole,sparse,0.01,0.9,7,0.1
419,0.0,10,0.050000000000000044,7.736289990134537e-05,0.1195962131023407,0.009366635233163834,0.41387006640434265,0.24715954065322876,,,,dqn_icm,cartpole,sparse,0.01,0.9,7,0.1
420,0.0,9,0.050000000000000044,0.0001031041974783875,0.11051389575004578,0.008249437436461449,0.46544790267944336,0.2691788673400879,,,,dqn_icm,cartpole,sparse,0.01,0.9,7,0.1
421,0.0,9,0.050000000000000044,0.00010596042557153851,0.11656559258699417,0.011223312467336655,0.46544790267944336,0.2691788673400879,,,,dqn_icm,cartpole,sparse,0.01,0.9,7,0.1
422,0.0,8,0.050000000000000044,8.892690675565973e-05,0.13470709323883057,0.008554475381970406,0.46544790267944336,0.2691788673400879,,,,dqn_icm,cartpole,sparse,0.01,0.9,7,0.1
423,0.0,9,0.050000000000000044,4.153437475906685e-05,0.12046298384666443,0.006546889431774616,0.46544790267944336,0.2691788673400879,,,,dqn_icm,cartpole,sparse,0.01,0.9,7,0.1
424,0.0,8,0.050000000000000044,0.00011840806109830737,0.12342002242803574,0.01018301397562027,0.46544790267944336,0.2691788673400879,,,,dqn_icm,cartpole,sparse,0.01,0.9,7,0.1
425,0.0,9,0.050000000000000044,4.8938061809167266e-05,0.13321737945079803,0.008006962016224861,0.43896353244781494,0.3057076334953308,,,,dqn_icm,cartpole,sparse,0.01,0.9,7,0.1
426,0.0,9,0.050000000000000044,0.00010700761049520224,0.11320558190345764,0.009488625451922417,0.43896353244781494,0.3057076334953308,,,,dqn_icm,cartpole,sparse,0.01,0.9,7,0.1
427,0.0,10,0.050000000000000044,5.531984061235562e-05,0.10060326755046844,0.006335049867630005,0.43896353244781494,0.3057076334953308,,,,dqn_icm,cartpole,sparse,0.01,0.9,7,0.1
428,0.0,10,0.050000000000000044,8.880241512088105e-05,0.11543188989162445,0.008916385471820831,0.43896353244781494,0.3057076334953308,,,,dqn_icm,cartpole,sparse,0.01,0.9,7,0.1
429,0.0,9,0.050000000000000044,6.095190474297851e-05,0.12449580430984497,0.007507124915719032,0.48155543208122253,0.23906144499778748,,,,dqn_icm,cartpole,sparse,0.01,0.9,7,0.1
430,0.0,8,0.050000000000000044,9.48551605688408e-05,0.11099589616060257,0.00872499868273735,0.48155543208122253,0.23906144499778748,,,,dqn_icm,cartpole,sparse,0.01,0.9,7,0.1
431,0.0,11,0.050000000000000044,5.3061106882523745e-05,0.1312059909105301,0.006455662660300732,0.48155543208122253,0.23906144499778748,,,,dqn_icm,cartpole,sparse,0.01,0.9,7,0.1
432,0.0,10,0.050000000000000044,0.00015207214164547622,0.12392885982990265,0.01000792346894741,0.48155543208122253,0.23906144499778748,,,,dqn_icm,cartpole,sparse,0.01,0.9,7,0.1
433,0.0,9,0.050000000000000044,0.00011275986616965383,0.10996899753808975,0.008126381784677505,0.4666038751602173,0.2421310842037201,,,,dqn_icm,cartpole,sparse,0.01,0.9,7,0.1
434,0.0,9,0.050000000000000044,0.00011929649917874485,0.11824331432580948,0.009523613378405571,0.4666038751602173,0.2421310842037201,,,,dqn_icm,cartpole,sparse,0.01,0.9,7,0.1
435,0.0,10,0.050000000000000044,4.1988547309301794e-05,0.10149987041950226,0.005752733908593655,0.4666038751602173,0.2421310842037201,,,,dqn_icm,cartpole,sparse,0.01,0.9,7,0.1
436,0.0,9,0.050000000000000044,0.0001135554484790191,0.12367704510688782,0.010424355044960976,0.4666038751602173,0.2421310842037201,,,,dqn_icm,cartpole,sparse,0.01,0.9,7,0.1
437,0.0,9,0.050000000000000044,8.625470218248665e-05,0.12892065942287445,0.009406008757650852,0.4666038751602173,0.2421310842037201,,,,dqn_icm,cartpole,sparse,0.01,0.9,7,0.1
438,0.0,9,0.050000000000000044,7.864183135097846e-05,0.1406489908695221,0.007101990282535553,0.4957568347454071,0.2786429822444916,,,,dqn_icm,cartpole,sparse,0.01,0.9,7,0.1
439,0.0,10,0.050000000000000044,6.656526238657534e-05,0.11851843446493149,0.007909733802080154,0.4957568347454071,0.2786429822444916,,,,dqn_icm,cartpole,sparse,0.01,0.9,7,0.1
440,0.0,9,0.050000000000000044,7.2227165219374e-05,0.12050782144069672,0.008612195029854774,0.4957568347454071,0.2786429822444916,,,,dqn_icm,cartpole,sparse,0.01,0.9,7,0.1
441,0.0,9,0.050000000000000044,3.1953230063663796e-05,0.13099130988121033,0.005886835977435112,0.4957568347454071,0.2786429822444916,,,,dqn_icm,cartpole,sparse,0.01,0.9,7,0.1
442,0.0,10,0.050000000000000044,9.446029434911907e-05,0.1226392313838005,0.006634281948208809,0.46640750765800476,0.22578006982803345,,,,dqn_icm,cartpole,sparse,0.01,0.9,7,0.1
443,0.0,9,0.050000000000000044,3.9924620068632066e-05,0.12393443286418915,0.006714310962706804,0.46640750765800476,0.22578006982803345,,,,dqn_icm,cartpole,sparse,0.01,0.9,7,0.1
444,0.0,12,0.050000000000000044,5.112184226163663e-05,0.12924250960350037,0.005438315216451883,0.46640750765800476,0.22578006982803345,,,,dqn_icm,cartpole,sparse,0.01,0.9,7,0.1
445,0.0,9,0.050000000000000044,5.0643953727558255e-05,0.11480066180229187,0.005737948231399059,0.46640750765800476,0.22578006982803345,,,,dqn_icm,cartpole,sparse,0.01,0.9,7,0.1
446,0.0,10,0.050000000000000044,5.0691938668023795e-05,0.12021864950656891,0.007697052322328091,0.4234342873096466,0.2321951985359192,,,,dqn_icm,cartpole,sparse,0.01,0.9,7,0.1
447,0.0,9,0.050000000000000044,4.752791210194118e-05,0.11646869778633118,0.0048463717103004456,0.4234342873096466,0.2321951985359192,,,,dqn_icm,cartpole,sparse,0.01,0.9,7,0.1
448,0.0,9,0.050000000000000044,7.282498700078577e-05,0.12444806098937988,0.00850517675280571,0.4234342873096466,0.2321951985359192,,,,dqn_icm,cartpole,sparse,0.01,0.9,7,0.1
449,0.0,9,0.050000000000000044,3.368044417584315e-05,0.10569526255130768,0.0062809959053993225,0.4234342873096466,0.2321951985359192,,,,dqn_icm,cartpole,sparse,0.01,0.9,7,0.1
450,0.0,11,0.050000000000000044,5.644123302772641e-05,0.13962236046791077,0.007675898261368275,0.42420831322669983,0.2505433261394501,0.0,0.0,9.1,dqn_icm,cartpole,sparse,0.01,0.9,7,0.1
451,0.0,9,0.050000000000000044,0.00012345172581262887,0.13279858231544495,0.009375417605042458,0.42420831322669983,0.2505433261394501,,,,dqn_icm,cartpole,sparse,0.01,0.9,7,0.1
452,0.0,9,0.050000000000000044,4.9337690143147483e-05,0.11082687973976135,0.006013040896505117,0.42420831322669983,0.2505433261394501,,,,dqn_icm,cartpole,sparse,0.01,0.9,7,0.1
453,0.0,8,0.050000000000000044,4.813272607862018e-05,0.1311652809381485,0.006342858076095581,0.42420831322669983,0.2505433261394501,,,,dqn_icm,cartpole,sparse,0.01,0.9,7,0.1
454,0.0,9,0.050000000000000044,6.41094011371024e-05,0.13484114408493042,0.00635908730328083,0.42420831322669983,0.2505433261394501,,,,dqn_icm,cartpole,sparse,0.01,0.9,7,0.1
455,0.0,8,0.050000000000000044,9.061228047357872e-05,0.11244796216487885,0.009683085605502129,0.46047160029411316,0.3799501359462738,,,,dqn_icm,cartpole,sparse,0.01,0.9,7,0.1
456,0.0,10,0.050000000000000044,8.529197657480836e-05,0.1411297470331192,0.009467171505093575,0.46047160029411316,0.3799501359462738,,,,dqn_icm,cartpole,sparse,0.01,0.9,7,0.1
457,0.0,11,0.050000000000000044,0.00015136956062633544,0.14237141609191895,0.01353856734931469,0.46047160029411316,0.3799501359462738,,,,dqn_icm,cartpole,sparse,0.01,0.9,7,0.1
458,0.0,9,0.050000000000000044,0.00018810453184414655,0.11614151298999786,0.014235301874577999,0.46047160029411316,0.3799501359462738,,,,dqn_icm,cartpole,sparse,0.01,0.9,7,0.1
459,0.0,9,0.050000000000000044,9.671470616012812e-05,0.1292157769203186,0.007781559601426125,0.43207141757011414,0.22234739363193512,,,,dqn_icm,cartpole,sparse,0.01,0.9,7,0.1
460,0.0,10,0.050000000000000044,5.856596908415668e-05,0.10960892587900162,0.00573634123429656,0.43207141757011414,0.22234739363193512,,,,dqn_icm,cartpole,sparse,0.01,0.9,7,0.1
461,0.0,9,0.050000000000000044,3.1788149499334395e-05,0.11500503122806549,0.00481414794921875,0.43207141757011414,0.22234739363193512,,,,dqn_icm,cartpole,sparse,0.01,0.9,7,0.1
462,0.0,9,0.050000000000000044,9.778372623259202e-05,0.12471795827150345,0.009461834095418453,0.43207141757011414,0.22234739363193512,,,,dqn_icm,cartpole,sparse,0.01,0.9,7,0.1
463,0.0,10,0.050000000000000044,7.77440654928796e-05,0.12652498483657837,0.00907677412033081,0.444244921207428,0.24898795783519745,,,,dqn_icm,cartpole,sparse,0.01,0.9,7,0.1
464,0.0,9,0.050000000000000044,0.00012621210771612823,0.11348345875740051,0.012660874053835869,0.444244921207428,0.24898795783519745,,,,dqn_icm,cartpole,sparse,0.01,0.9,7,0.1
465,0.0,10,0.050000000000000044,4.012366844108328e-05,0.13764478266239166,0.0056982808746397495,0.444244921207428,0.24898795783519745,,,,dqn_icm,cartpole,sparse,0.01,0.9,7,0.1
466,0.0,9,0.050000000000000044,5.367596895666793e-05,0.1301916241645813,0.008189869113266468,0.444244921207428,0.24898795783519745,,,,dqn_icm,cartpole,sparse,0.01,0.9,7,0.1
467,0.0,10,0.050000000000000044,2.789470636344049e-05,0.14526358246803284,0.005799863487482071,0.41471970081329346,0.2819885015487671,,,,dqn_icm,cartpole,sparse,0.01,0.9,7,0.1
468,0.0,10,0.050000000000000044,6.043025496182963e-05,0.1150544211268425,0.00781543180346489,0.41471970081329346,0.2819885015487671,,,,dqn_icm,cartpole,sparse,0.01,0.9,7,0.1
469,0.0,10,0.050000000000000044,3.874439425999299e-05,0.11580105870962143,0.005229335743933916,0.41471970081329346,0.2819885015487671,,,,dqn_icm,cartpole,sparse,0.01,0.9,7,0.1
470,0.0,10,0.050000000000000044,0.00010879203910008073,0.12313154339790344,0.00920969806611538,0.41471970081329346,0.2819885015487671,,,,dqn_icm,cartpole,sparse,0.01,0.9,7,0.1
471,0.0,9,0.050000000000000044,5.875025817658752e-05,0.10451780259609222,0.006376830395311117,0.40917861461639404,0.2330436408519745,,,,dqn_icm,cartpole,sparse,0.01,0.9,7,0.1
472,0.0,9,0.050000000000000044,2.5931531126843765e-05,0.1373157501220703,0.004636998288333416,0.40917861461639404,0.2330436408519745,,,,dqn_icm,cartpole,sparse,0.01,0.9,7,0.1
473,0.0,9,0.050000000000000044,8.483064448228106e-05,0.134557843208313,0.007690755650401115,0.40917861461639404,0.2330436408519745,,,,dqn_icm,cartpole,sparse,0.01,0.9,7,0.1
474,0.0,10,0.050000000000000044,6.599858170375228e-05,0.11248020827770233,0.009309985674917698,0.40917861461639404,0.2330436408519745,,,,dqn_icm,cartpole,sparse,0.01,0.9,7,0.1
475,0.0,9,0.050000000000000044,0.00011796788749052212,0.13482382893562317,0.010269898921251297,0.40917861461639404,0.2330436408519745,,,,dqn_icm,cartpole,sparse,0.01,0.9,7,0.1
476,0.0,9,0.050000000000000044,9.10936068976298e-05,0.11629500985145569,0.007945473305881023,0.4471370577812195,0.3425127863883972,,,,dqn_icm,cartpole,sparse,0.01,0.9,7,0.1
477,0.0,9,0.050000000000000044,0.00011571875802474096,0.1286517232656479,0.009310279972851276,0.4471370577812195,0.3425127863883972,,,,dqn_icm,cartpole,sparse,0.01,0.9,7,0.1
478,0.0,10,0.050000000000000044,2.9987666493980214e-05,0.14215518534183502,0.0050358846783638,0.4471370577812195,0.3425127863883972,,,,dqn_icm,cartpole,sparse,0.01,0.9,7,0.1
479,0.0,9,0.050000000000000044,3.5670695069711655e-05,0.11659528315067291,0.007136353757232428,0.4471370577812195,0.3425127863883972,,,,dqn_icm,cartpole,sparse,0.01,0.9,7,0.1
480,0.0,9,0.050000000000000044,6.435472459997982e-05,0.129823237657547,0.008053543977439404,0.3871065676212311,0.27341175079345703,,,,dqn_icm,cartpole,sparse,0.01,0.9,7,0.1
481,0.0,10,0.050000000000000044,5.778887134511024e-05,0.13326561450958252,0.007920959033071995,0.3871065676212311,0.27341175079345703,,,,dqn_icm,cartpole,sparse,0.01,0.9,7,0.1
482,0.0,9,0.050000000000000044,4.586833529174328e-05,0.11519178748130798,0.00613674521446228,0.3871065676212311,0.27341175079345703,,,,dqn_icm,cartpole,sparse,0.01,0.9,7,0.1
483,0.0,11,0.050000000000000044,3.493061012704857e-05,0.12913596630096436,0.004625363275408745,0.3871065676212311,0.27341175079345703,,,,dqn_icm,cartpole,sparse,0.01,0.9,7,0.1
484,0.0,10,0.050000000000000044,9.263549145543948e-05,0.12589454650878906,0.008514627814292908,0.4237981140613556,0.24633538722991943,,,,dqn_icm,cartpole,sparse,0.01,0.9,7,0.1
485,0.0,12,0.050000000000000044,8.175193215720356e-05,0.1365184336900711,0.009663740172982216,0.4237981140613556,0.24633538722991943,,,,dqn_icm,cartpole,sparse,0.01,0.9,7,0.1
486,0.0,10,0.050000000000000044,0.00016096277977339923,0.12780387699604034,0.013607349246740341,0.4237981140613556,0.24633538722991943,,,,dqn_icm,cartpole,sparse,0.01,0.9,7,0.1
487,0.0,10,0.050000000000000044,0.00019706171588040888,0.11050672829151154,0.01198142021894455,0.4237981140613556,0.24633538722991943,,,,dqn_icm,cartpole,sparse,0.01,0.9,7,0.1
488,0.0,9,0.050000000000000044,0.00010138226207345724,0.1137424111366272,0.007940933108329773,0.44028598070144653,0.2630797028541565,,,,dqn_icm,cartpole,sparse,0.01,0.9,7,0.1
489,0.0,10,0.050000000000000044,4.883062865701504e-05,0.10874804109334946,0.006696480326354504,0.44028598070144653,0.2630797028541565,,,,dqn_icm,cartpole,sparse,0.01,0.9,7,0.1
490,0.0,8,0.050000000000000044,3.37333585775923e-05,0.11340801417827606,0.004721372853964567,0.44028598070144653,0.2630797028541565,,,,dqn_icm,cartpole,sparse,0.01,0.9,7,0.1
491,0.0,9,0.050000000000000044,0.0001143541740020737,0.12892290949821472,0.011083835735917091,0.44028598070144653,0.2630797028541565,,,,dqn_icm,cartpole,sparse,0.01,0.9,7,0.1
492,0.0,9,0.050000000000000044,8.310725388582796e-05,0.1253998875617981,0.008514243178069592,0.47794026136398315,0.22956740856170654,,,,dqn_icm,cartpole,sparse,0.01,0.9,7,0.1
493,0.0,9,0.050000000000000044,4.9819922423921525e-05,0.12529990077018738,0.0059108189307153225,0.47794026136398315,0.22956740856170654,,,,dqn_icm,cartpole,sparse,0.01,0.9,7,0.1
494,0.0,11,0.050000000000000044,5.000541204935871e-05,0.13241000473499298,0.007382271811366081,0.47794026136398315,0.22956740856170654,,,,dqn_icm,cartpole,sparse,0.01,0.9,7,0.1
495,0.0,10,0.050000000000000044,2.7743099053623155e-05,0.12716898322105408,0.005140166729688644,0.47794026136398315,0.22956740856170654,,,,dqn_icm,cartpole,sparse,0.01,0.9,7,0.1
496,0.0,10,0.050000000000000044,3.647059929789975e-05,0.13222140073776245,0.005511648487299681,0.37738025188446045,0.24020624160766602,,,,dqn_icm,cartpole,sparse,0.01,0.9,7,0.1
497,0.0,9,0.050000000000000044,5.644243719871156e-05,0.12364821135997772,0.008604610338807106,0.37738025188446045,0.24020624160766602,,,,dqn_icm,cartpole,sparse,0.01,0.9,7,0.1
498,0.0,11,0.050000000000000044,5.5505719501525164e-05,0.1101769208908081,0.006763540208339691,0.37738025188446045,0.24020624160766602,,,,dqn_icm,cartpole,sparse,0.01,0.9,7,0.1
499,0.0,10,0.050000000000000044,4.6651879529235885e-05,0.1429046243429184,0.006444700062274933,0.37738025188446045,0.24020624160766602,,,,dqn_icm,cartpole,sparse,0.01,0.9,7,0.1
500,0.0,10,0.050000000000000044,4.78878355352208e-05,0.11865906417369843,0.0052091218531131744,0.3751269578933716,0.2260066270828247,0.0,0.0,9.1,dqn_icm,cartpole,sparse,0.01,0.9,7,0.1
501,0.0,11,0.050000000000000044,6.0137630498502403e-05,0.1180427074432373,0.005140414461493492,0.3751269578933716,0.2260066270828247,,,,dqn_icm,cartpole,sparse,0.01,0.9,7,0.1
502,0.0,9,0.050000000000000044,3.8454214518424124e-05,0.12178969383239746,0.004720062017440796,0.3751269578933716,0.2260066270828247,,,,dqn_icm,cartpole,sparse,0.01,0.9,7,0.1
503,0.0,10,0.050000000000000044,7.312066736631095e-05,0.11658701300621033,0.005892354063689709,0.3751269578933716,0.2260066270828247,,,,dqn_icm,cartpole,sparse,0.01,0.9,7,0.1
504,0.0,10,0.050000000000000044,4.745108162751421e-05,0.13193482160568237,0.0043947831727564335,0.3878307044506073,0.22557896375656128,,,,dqn_icm,cartpole,sparse,0.01,0.9,7,0.1
505,0.0,11,0.050000000000000044,8.953969518188387e-05,0.12524789571762085,0.008504577912390232,0.3878307044506073,0.22557896375656128,,,,dqn_icm,cartpole,sparse,0.01,0.9,7,0.1
506,0.0,10,0.050000000000000044,8.299059845739976e-05,0.13342547416687012,0.0074833049438893795,0.3878307044506073,0.22557896375656128,,,,dqn_icm,cartpole,sparse,0.01,0.9,7,0.1
507,0.0,10,0.050000000000000044,0.00010822144395206124,0.12869878113269806,0.00879617128521204,0.3878307044506073,0.22557896375656128,,,,dqn_icm,cartpole,sparse,0.01,0.9,7,0.1
508,0.0,10,0.050000000000000044,5.511341441888362e-05,0.11234975606203079,0.00680715125054121,0.40632668137550354,0.20898456871509552,,,,dqn_icm,cartpole,sparse,0.01,0.9,7,0.1
509,0.0,10,0.050000000000000044,4.1678184061311185e-05,0.11089208722114563,0.007789315655827522,0.40632668137550354,0.20898456871509552,,,,dqn_icm,cartpole,sparse,0.01,0.9,7,0.1
510,0.0,9,0.050000000000000044,2.885632056859322e-05,0.12110371142625809,0.0048407334834337234,0.40632668137550354,0.20898456871509552,,,,dqn_icm,cartpole,sparse,0.01,0.9,7,0.1
511,0.0,8,0.050000000000000044,8.049160533118993e-05,0.13263189792633057,0.00967255886644125,0.40632668137550354,0.20898456871509552,,,,dqn_icm,cartpole,sparse,0.01,0.9,7,0.1
512,0.0,9,0.050000000000000044,0.00011291664850432426,0.12421810626983643,0.010968759655952454,0.40632668137550354,0.20898456871509552,,,,dqn_icm,cartpole,sparse,0.01,0.9,7,0.1
513,0.0,10,0.050000000000000044,2.6036979761556722e-05,0.14046774804592133,0.0047945138067007065,0.4365020990371704,0.1808854192495346,,,,dqn_icm,cartpole,sparse,0.01,0.9,7,0.1
514,0.0,9,0.050000000000000044,5.612411041511223e-05,0.1340096890926361,0.0071782078593969345,0.4365020990371704,0.1808854192495346,,,,dqn_icm,cartpole,sparse,0.01,0.9,7,0.1
515,0.0,9,0.050000000000000044,0.00015490462828893214,0.11643962562084198,0.010563317686319351,0.4365020990371704,0.1808854192495346,,,,dqn_icm,cartpole,sparse,0.01,0.9,7,0.1
516,0.0,8,0.050000000000000044,9.008041524793953e-05,0.14731454849243164,0.011441766284406185,0.4365020990371704,0.1808854192495346,,,,dqn_icm,cartpole,sparse,0.01,0.9,7,0.1
517,0.0,13,0.050000000000000044,0.00010098079656017944,0.11200864613056183,0.011503607966005802,0.37152084708213806,0.23922239243984222,,,,dqn_icm,cartpole,sparse,0.01,0.9,7,0.1
518,0.0,9,0.050000000000000044,1.7301728803431615e-05,0.11221317946910858,0.003922045696526766,0.37152084708213806,0.23922239243984222,,,,dqn_icm,cartpole,sparse,0.01,0.9,7,0.1
519,0.0,10,0.050000000000000044,8.712897397344932e-05,0.1452622413635254,0.009688068181276321,0.37152084708213806,0.23922239243984222,,,,dqn_icm,cartpole,sparse,0.01,0.9,7,0.1
520,0.0,8,0.050000000000000044,0.00010601783287711442,0.108174167573452,0.008610578253865242,0.37152084708213806,0.23922239243984222,,,,dqn_icm,cartpole,sparse,0.01,0.9,7,0.1
521,0.0,9,0.050000000000000044,3.9997299609240144e-05,0.13148990273475647,0.005124270915985107,0.45717138051986694,0.24209746718406677,,,,dqn_icm,cartpole,sparse,0.01,0.9,7,0.1
522,0.0,9,0.050000000000000044,3.038319482584484e-05,0.12545855343341827,0.004848878365010023,0.45717138051986694,0.24209746718406677,,,,dqn_icm,cartpole,sparse,0.01,0.9,7,0.1
523,0.0,11,0.050000000000000044,4.764329787576571e-05,0.12366697192192078,0.006053544115275145,0.45717138051986694,0.24209746718406677,,,,dqn_icm,cartpole,sparse,0.01,0.9,7,0.1
524,0.0,8,0.050000000000000044,5.719251203117892e-05,0.11459940671920776,0.00722151156514883,0.45717138051986694,0.24209746718406677,,,,dqn_icm,cartpole,sparse,0.01,0.9,7,0.1
525,0.0,10,0.050000000000000044,6.568536628037691e-05,0.11057154834270477,0.007476704195141792,0.4388364255428314,0.2341490387916565,,,,dqn_icm,cartpole,sparse,0.01,0.9,7,0.1
526,0.0,8,0.050000000000000044,2.9679256840609014e-05,0.1285102814435959,0.005063639488071203,0.4388364255428314,0.2341490387916565,,,,dqn_icm,cartpole,sparse,0.01,0.9,7,0.1
527,0.0,10,0.050000000000000044,6.234091415535659e-05,0.14428573846817017,0.0068735177628695965,0.4388364255428314,0.2341490387916565,,,,dqn_icm,cartpole,sparse,0.01,0.9,7,0.1
528,0.0,11,0.050000000000000044,9.241892257705331e-05,0.11622293293476105,0.009238885715603828,0.4388364255428314,0.2341490387916565,,,,dqn_icm,cartpole,sparse,0.01,0.9,7,0.1
529,0.0,10,0.050000000000000044,0.00011874673509737477,0.12883153557777405,0.009137243032455444,0.4388364255428314,0.2341490387916565,,,,dqn_icm,cartpole,sparse,0.01,0.9,7,0.1
530,0.0,10,0.050000000000000044,4.3932494008913636e-05,0.1274583637714386,0.006944837048649788,0.4138540029525757,0.23956525325775146,,,,dqn_icm,cartpole,sparse,0.01,0.9,7,0.1
531,0.0,9,0.050000000000000044,5.765022797277197e-05,0.11257706582546234,0.006947400514036417,0.4138540029525757,0.23956525325775146,,,,dqn_icm,cartpole,sparse,0.01,0.9,7,0.1
532,0.0,10,0.050000000000000044,5.836540731252171e-05,0.11087086796760559,0.006420851685106754,0.4138540029525757,0.23956525325775146,,,,dqn_icm,cartpole,sparse,0.01,0.9,7,0.1
533,0.0,10,0.050000000000000044,5.438963125925511e-05,0.12083140015602112,0.006408266723155975,0.4138540029525757,0.23956525325775146,,,,dqn_icm,cartpole,sparse,0.01,0.9,7,0.1
534,0.0,10,0.050000000000000044,6.945285713300109e-05,0.13454097509384155,0.008883041329681873,0.36662769317626953,0.21962466835975647,,,,dqn_icm,cartpole,sparse,0.01,0.9,7,0.1
535,0.0,9,0.050000000000000044,9.221044456353411e-05,0.12121699750423431,0.007854891009628773,0.36662769317626953,0.21962466835975647,,,,dqn_icm,cartpole,sparse,0.01,0.9,7,0.1
536,0.0,10,0.050000000000000044,6.059741281205788e-05,0.12075366079807281,0.00645437091588974,0.36662769317626953,0.21962466835975647,,,,dqn_icm,cartpole,sparse,0.01,0.9,7,0.1
537,0.0,8,0.050000000000000044,3.883352837874554e-05,0.12494456022977829,0.004728307481855154,0.36662769317626953,0.21962466835975647,,,,dqn_icm,cartpole,sparse,0.01,0.9,7,0.1
538,0.0,8,0.050000000000000044,3.46602282661479e-05,0.1159239187836647,0.004890544340014458,0.37699219584465027,0.18499135971069336,,,,dqn_icm,cartpole,sparse,0.01,0.9,7,0.1
539,0.0,9,0.050000000000000044,4.395404539536685e-05,0.11660006642341614,0.0061211250722408295,0.37699219584465027,0.18499135971069336,,,,dqn_icm,cartpole,sparse,0.01,0.9,7,0.1
540,0.0,9,0.050000000000000044,6.936897989362478e-05,0.12242864072322845,0.006387057714164257,0.37699219584465027,0.18499135971069336,,,,dqn_icm,cartpole,sparse,0.01,0.9,7,0.1
541,0.0,10,0.050000000000000044,6.393968214979395e-05,0.11547094583511353,0.007718062028288841,0.37699219584465027,0.18499135971069336,,,,dqn_icm,cartpole,sparse,0.01,0.9,7,0.1
542,0.0,9,0.050000000000000044,0.00010763526370283216,0.1262342929840088,0.00853260699659586,0.4539247453212738,0.24542328715324402,,,,dqn_icm,cartpole,sparse,0.01,0.9,7,0.1
543,0.0,10,0.050000000000000044,4.279687345842831e-05,0.12365008890628815,0.0051727998070418835,0.4539247453212738,0.24542328715324402,,,,dqn_icm,cartpole,sparse,0.01,0.9,7,0.1
544,0.0,9,0.050000000000000044,7.338766590692103e-05,0.11892905831336975,0.006074883975088596,0.4539247453212738,0.24542328715324402,,,,dqn_icm,cartpole,sparse,0.01,0.9,7,0.1
545,0.0,10,0.050000000000000044,5.272508133202791e-05,0.13505619764328003,0.00740925595164299,0.4539247453212738,0.24542328715324402,,,,dqn_icm,cartpole,sparse,0.01,0.9,7,0.1
546,0.0,9,0.050000000000000044,7.783181354170665e-05,0.12455520778894424,0.007800091523677111,0.4539247453212738,0.24542328715324402,,,,dqn_icm,cartpole,sparse,0.01,0.9,7,0.1
547,0.0,9,0.050000000000000044,0.0003245569532737136,0.11162139475345612,0.022397667169570923,0.4317789077758789,0.17372703552246094,,,,dqn_icm,cartpole,sparse,0.01,0.9,7,0.1
548,0.0,10,0.050000000000000044,0.00014343475049827248,0.12958991527557373,0.013691352680325508,0.4317789077758789,0.17372703552246094,,,,dqn_icm,cartpole,sparse,0.01,0.9,7,0.1
549,0.0,10,0.050000000000000044,0.0005265058716759086,0.1097831130027771,0.022444572299718857,0.4317789077758789,0.17372703552246094,,,,dqn_icm,cartpole,sparse,0.01,0.9,7,0.1
550,0.0,10,0.050000000000000044,0.0002709226682782173,0.13277974724769592,0.02002624422311783,0.4317789077758789,0.17372703552246094,0.0,0.0,9.1,dqn_icm,cartpole,sparse,0.01,0.9,7,0.1
551,0.0,12,0.050000000000000044,8.968640031525865e-05,0.12041692435741425,0.008716646581888199,0.4669353663921356,0.1985659897327423,,,,dqn_icm,cartpole,sparse,0.01,0.9,7,0.1
552,0.0,9,0.050000000000000044,0.0003562185447663069,0.11019964516162872,0.021815447136759758,0.4669353663921356,0.1985659897327423,,,,dqn_icm,cartpole,sparse,0.01,0.9,7,0.1
553,0.0,10,0.050000000000000044,0.00018018309492617846,0.1486072987318039,0.01176086999475956,0.4669353663921356,0.1985659897327423,,,,dqn_icm,cartpole,sparse,0.01,0.9,7,0.1
554,0.0,10,0.050000000000000044,0.00012521108146756887,0.16014429926872253,0.010781150311231613,0.4669353663921356,0.1985659897327423,,,,dqn_icm,cartpole,sparse,0.01,0.9,7,0.1
555,0.0,10,0.050000000000000044,0.00012250046711415052,0.12148895114660263,0.010676880367100239,0.367765337228775,0.21322089433670044,,,,dqn_icm,cartpole,sparse,0.01,0.9,7,0.1
556,0.0,10,0.050000000000000044,6.98219082551077e-05,0.14599153399467468,0.009398920461535454,0.367765337228775,0.21322089433670044,,,,dqn_icm,cartpole,sparse,0.01,0.9,7,0.1
557,0.0,10,0.050000000000000044,8.549564518034458e-05,0.13122445344924927,0.009203091263771057,0.367765337228775,0.21322089433670044,,,,dqn_icm,cartpole,sparse,0.01,0.9,7,0.1
558,0.0,9,0.050000000000000044,0.00010161933460040018,0.11729772388935089,0.012663610279560089,0.367765337228775,0.21322089433670044,,,,dqn_icm,cartpole,sparse,0.01,0.9,7,0.1
559,0.0,10,0.050000000000000044,7.633502536918968e-05,0.14106109738349915,0.008306846022605896,0.342485249042511,0.19817480444908142,,,,dqn_icm,cartpole,sparse,0.01,0.9,7,0.1
560,0.0,10,0.050000000000000044,8.794172026682645e-05,0.1335679292678833,0.00822292547672987,0.342485249042511,0.19817480444908142,,,,dqn_icm,cartpole,sparse,0.01,0.9,7,0.1
561,0.0,9,0.050000000000000044,6.464013131335378e-05,0.1347561478614807,0.008306263945996761,0.342485249042511,0.19817480444908142,,,,dqn_icm,cartpole,sparse,0.01,0.9,7,0.1
562,0.0,9,0.050000000000000044,3.700761226355098e-05,0.1407211422920227,0.0059388610534369946,0.342485249042511,0.19817480444908142,,,,dqn_icm,cartpole,sparse,0.01,0.9,7,0.1
563,0.0,8,0.050000000000000044,2.917992605944164e-05,0.13514477014541626,0.005594915244728327,0.3686886429786682,0.19980821013450623,,,,dqn_icm,cartpole,sparse,0.01,0.9,7,0.1
564,0.0,10,0.050000000000000044,5.00735332025215e-05,0.14188188314437866,0.007441852707415819,0.3686886429786682,0.19980821013450623,,,,dqn_icm,cartpole,sparse,0.01,0.9,7,0.1
565,0.0,9,0.050000000000000044,2.5990790163632482e-05,0.13059766590595245,0.004912184085696936,0.3686886429786682,0.19980821013450623,,,,dqn_icm,cartpole,sparse,0.01,0.9,7,0.1
566,0.0,9,0.050000000000000044,5.942494681221433e-05,0.12535487115383148,0.006901071406900883,0.3686886429786682,0.19980821013450623,,,,dqn_icm,cartpole,sparse,0.01,0.9,7,0.1
567,0.0,9,0.050000000000000044,4.594090933096595e-05,0.12936712801456451,0.006925687659531832,0.35799890756607056,0.2285330891609192,,,,dqn_icm,cartpole,sparse,0.01,0.9,7,0.1
568,0.0,8,0.050000000000000044,6.027938798069954e-05,0.1355210840702057,0.007352830842137337,0.35799890756607056,0.2285330891609192,,,,dqn_icm,cartpole,sparse,0.01,0.9,7,0.1
569,0.0,10,0.050000000000000044,5.0287198973819613e-05,0.13776347041130066,0.005054086912423372,0.35799890756607056,0.2285330891609192,,,,dqn_icm,cartpole,sparse,0.01,0.9,7,0.1
570,0.0,10,0.050000000000000044,5.323024379322305e-05,0.12557096779346466,0.006096896715462208,0.35799890756607056,0.2285330891609192,,,,dqn_icm,cartpole,sparse,0.01,0.9,7,0.1
571,0.0,9,0.050000000000000044,6.457610288634896e-05,0.1238895058631897,0.006672709248960018,0.35799890756607056,0.2285330891609192,,,,dqn_icm,cartpole,sparse,0.01,0.9,7,0.1
572,0.0,10,0.050000000000000044,4.333260949351825e-05,0.132615864276886,0.0049041034653782845,0.3090205490589142,0.2217780351638794,,,,dqn_icm,cartpole,sparse,0.01,0.9,7,0.1
573,0.0,11,0.050000000000000044,4.567803262034431e-05,0.13218408823013306,0.004770081024616957,0.3090205490589142,0.2217780351638794,,,,dqn_icm,cartpole,sparse,0.01,0.9,7,0.1
574,0.0,10,0.050000000000000044,4.483703742153011e-05,0.12356981635093689,0.005698188673704863,0.3090205490589142,0.2217780351638794,,,,dqn_icm,cartpole,sparse,0.01,0.9,7,0.1
575,0.0,11,0.050000000000000044,1.8893599190050736e-05,0.13949617743492126,0.003695511259138584,0.3090205490589142,0.2217780351638794,,,,dqn_icm,cartpole,sparse,0.01,0.9,7,0.1
576,0.0,10,0.050000000000000044,2.4717150154174305e-05,0.1344180405139923,0.004290883429348469,0.35224705934524536,0.20133504271507263,,,,dqn_icm,cartpole,sparse,0.01,0.9,7,0.1
577,0.0,10,0.050000000000000044,1.267816151084844e-05,0.15811267495155334,0.0029228804633021355,0.35224705934524536,0.20133504271507263,,,,dqn_icm,cartpole,sparse,0.01,0.9,7,0.1
578,0.0,11,0.050000000000000044,1.5298481230274774e-05,0.1245255321264267,0.002824317431077361,0.35224705934524536,0.20133504271507263,,,,dqn_icm,cartpole,sparse,0.01,0.9,7,0.1
579,0.0,10,0.050000000000000044,2.461989424773492e-05,0.13977527618408203,0.004310279153287411,0.401459276676178,0.21723607182502747,,,,dqn_icm,cartpole,sparse,0.01,0.9,7,0.1
580,0.0,10,0.050000000000000044,4.3374304368626326e-05,0.13009729981422424,0.0056710876524448395,0.401459276676178,0.21723607182502747,,,,dqn_icm,cartpole,sparse,0.01,0.9,7,0.1
581,0.0,9,0.050000000000000044,3.7139954656595364e-05,0.12610861659049988,0.005618810188025236,0.401459276676178,0.21723607182502747,,,,dqn_icm,cartpole,sparse,0.01,0.9,7,0.1
582,0.0,10,0.050000000000000044,3.671883314382285e-05,0.13013271987438202,0.005022325552999973,0.401459276676178,0.21723607182502747,,,,dqn_icm,cartpole,sparse,0.01,0.9,7,0.1
583,0.0,11,0.050000000000000044,3.0406183213926852e-05,0.1350850611925125,0.004149797838181257,0.33959105610847473,0.18377819657325745,,,,dqn_icm,cartpole,sparse,0.01,0.9,7,0.1
584,0.0,8,0.050000000000000044,1.9131000954075716e-05,0.12872567772865295,0.0035236855037510395,0.33959105610847473,0.18377819657325745,,,,dqn_icm,cartpole,sparse,0.01,0.9,7,0.1
585,0.0,9,0.050000000000000044,2.3370586859527975e-05,0.13787740468978882,0.004670913331210613,0.33959105610847473,0.18377819657325745,,,,dqn_icm,cartpole,sparse,0.01,0.9,7,0.1
586,0.0,9,0.050000000000000044,2.056387165794149e-05,0.13392044603824615,0.003980536945164204,0.33959105610847473,0.18377819657325745,,,,dqn_icm,cartpole,sparse,0.01,0.9,7,0.1
587,0.0,9,0.050000000000000044,2.7410962502472103e-05,0.12715667486190796,0.00419609947130084,0.33959105610847473,0.18377819657325745,,,,dqn_icm,cartpole,sparse,0.01,0.9,7,0.1
588,0.0,10,0.050000000000000044,2.0272153051337227e-05,0.1306978166103363,0.0036216415464878082,0.4342750012874603,0.18699125945568085,,,,dqn_icm,cartpole,sparse,0.01,0.9,7,0.1
589,0.0,9,0.050000000000000044,2.3399647034239024e-05,0.1318623572587967,0.004146742634475231,0.4342750012874603,0.18699125945568085,,,,dqn_icm,cartpole,sparse,0.01,0.9,7,0.1
590,0.0,9,0.050000000000000044,1.31962606246816e-05,0.14211292564868927,0.0032605002634227276,0.4342750012874603,0.18699125945568085,,,,dqn_icm,cartpole,sparse,0.01,0.9,7,0.1
591,0.0,12,0.050000000000000044,2.1704003302147612e-05,0.13956284523010254,0.003993886057287455,0.4342750012874603,0.18699125945568085,,,,dqn_icm,cartpole,sparse,0.01,0.9,7,0.1
592,0.0,8,0.050000000000000044,3.0478753615170717e-05,0.13745713233947754,0.004593740217387676,0.36713752150535583,0.20619693398475647,,,,dqn_icm,cartpole,sparse,0.01,0.9,7,0.1
593,0.0,8,0.050000000000000044,2.308228431502357e-05,0.1370926797389984,0.004228407517075539,0.36713752150535583,0.20619693398475647,,,,dqn_icm,cartpole,sparse,0.01,0.9,7,0.1
594,0.0,10,0.050000000000000044,0.00011027151776943356,0.12214839458465576,0.006952773779630661,0.36713752150535583,0.20619693398475647,,,,dqn_icm,cartpole,sparse,0.01,0.9,7,0.1
595,0.0,10,0.050000000000000044,6.936075806152076e-05,0.1257019340991974,0.006476638838648796,0.36713752150535583,0.20619693398475647,,,,dqn_icm,cartpole,sparse,0.01,0.9,7,0.1
596,0.0,9,0.050000000000000044,2.5882600311888382e-05,0.13337315618991852,0.005430174060165882,0.4006820023059845,0.17921964824199677,,,,dqn_icm,cartpole,sparse,0.01,0.9,7,0.1
597,0.0,10,0.050000000000000044,0.00010916090104728937,0.1223490983247757,0.009474735707044601,0.4006820023059845,0.17921964824199677,,,,dqn_icm,cartpole,sparse,0.01,0.9,7,0.1
598,0.0,10,0.050000000000000044,5.7632449170341715e-05,0.1313590407371521,0.005777868442237377,0.4006820023059845,0.17921964824199677,,,,dqn_icm,cartpole,sparse,0.01,0.9,7,0.1
599,0.0,10,0.050000000000000044,7.512581942137331e-05,0.13612733781337738,0.00823965948075056,0.4006820023059845,0.17921964824199677,,,,dqn_icm,cartpole,sparse,0.01,0.9,7,0.1
600,0.0,9,0.050000000000000044,7.20345851732418e-05,0.125412255525589,0.0058253491297364235,0.4006820023059845,0.17921964824199677,0.0,0.0,9.1,dqn_icm,cartpole,sparse,0.01,0.9,7,0.1
601,0.0,12,0.050000000000000044,3.8691672671120614e-05,0.14896270632743835,0.005624229088425636,0.37732651829719543,0.18875157833099365,,,,dqn_icm,cartpole,sparse,0.01,0.9,7,0.1
602,0.0,10,0.050000000000000044,4.159962554695085e-05,0.1241040974855423,0.005567621905356646,0.37732651829719543,0.18875157833099365,,,,dqn_icm,cartpole,sparse,0.01,0.9,7,0.1
603,0.0,11,0.050000000000000044,6.891151133459061e-05,0.13874739408493042,0.006815953180193901,0.37732651829719543,0.18875157833099365,,,,dqn_icm,cartpole,sparse,0.01,0.9,7,0.1
604,0.0,9,0.050000000000000044,0.0002001200628001243,0.13263021409511566,0.010235462337732315,0.382669061422348,0.18967343866825104,,,,dqn_icm,cartpole,sparse,0.01,0.9,7,0.1
605,0.0,9,0.050000000000000044,5.215179407969117e-05,0.11922658979892731,0.006445157341659069,0.382669061422348,0.18967343866825104,,,,dqn_icm,cartpole,sparse,0.01,0.9,7,0.1
606,0.0,12,0.050000000000000044,0.0005791701260022819,0.11242407560348511,0.018124213442206383,0.382669061422348,0.18967343866825104,,,,dqn_icm,cartpole,sparse,0.01,0.9,7,0.1
607,0.0,10,0.050000000000000044,0.00011825966066680849,0.13892437517642975,0.011774469166994095,0.382669061422348,0.18967343866825104,,,,dqn_icm,cartpole,sparse,0.01,0.9,7,0.1
608,0.0,8,0.050000000000000044,0.00022190730669535697,0.12167534232139587,0.01355903409421444,0.4391685724258423,0.182169571518898,,,,dqn_icm,cartpole,sparse,0.01,0.9,7,0.1
609,0.0,9,0.050000000000000044,8.129038906190544e-05,0.14848697185516357,0.008872474543750286,0.4391685724258423,0.182169571518898,,,,dqn_icm,cartpole,sparse,0.01,0.9,7,0.1
610,0.0,10,0.050000000000000044,0.00013445700460579246,0.1276267170906067,0.00945905689150095,0.4391685724258423,0.182169571518898,,,,dqn_icm,cartpole,sparse,0.01,0.9,7,0.1
611,0.0,8,0.050000000000000044,9.96618764474988e-05,0.11646179854869843,0.008912111632525921,0.4391685724258423,0.182169571518898,,,,dqn_icm,cartpole,sparse,0.01,0.9,7,0.1
612,0.0,9,0.050000000000000044,3.6487519537331536e-05,0.12538790702819824,0.006590146571397781,0.4391685724258423,0.182169571518898,,,,dqn_icm,cartpole,sparse,0.01,0.9,7,0.1
613,0.0,9,0.050000000000000044,7.727491902187467e-05,0.14501255750656128,0.00793025828897953,0.371633380651474,0.12808236479759216,,,,dqn_icm,cartpole,sparse,0.01,0.9,7,0.1
614,0.0,10,0.050000000000000044,0.0001540118537377566,0.14208152890205383,0.011339008808135986,0.371633380651474,0.12808236479759216,,,,dqn_icm,cartpole,sparse,0.01,0.9,7,0.1
615,0.0,9,0.050000000000000044,0.00010496430331841111,0.14925377070903778,0.010142222046852112,0.371633380651474,0.12808236479759216,,,,dqn_icm,cartpole,sparse,0.01,0.9,7,0.1
616,0.0,10,0.050000000000000044,5.984665040159598e-05,0.12862055003643036,0.008389214053750038,0.371633380651474,0.12808236479759216,,,,dqn_icm,cartpole,sparse,0.01,0.9,7,0.1
617,0.0,11,0.050000000000000044,5.08124940097332e-05,0.13119791448116302,0.008428104221820831,0.3257659077644348,0.12762463092803955,,,,dqn_icm,cartpole,sparse,0.01,0.9,7,0.1
618,0.0,10,0.050000000000000044,2.6602352590998635e-05,0.14190834760665894,0.005287856794893742,0.3257659077644348,0.12762463092803955,,,,dqn_icm,cartpole,sparse,0.01,0.9,7,0.1
619,0.0,10,0.050000000000000044,4.104306935914792e-05,0.14295078814029694,0.005984624847769737,0.3257659077644348,0.12762463092803955,,,,dqn_icm,cartpole,sparse,0.01,0.9,7,0.1
620,0.0,9,0.050000000000000044,1.9853516278089955e-05,0.1311410665512085,0.00495052570477128,0.3257659077644348,0.12762463092803955,,,,dqn_icm,cartpole,sparse,0.01,0.9,7,0.1
621,0.0,12,0.050000000000000044,3.937474684789777e-05,0.13784776628017426,0.005009825807064772,0.3278822898864746,0.20462244749069214,,,,dqn_icm,cartpole,sparse,0.01,0.9,7,0.1
622,0.0,9,0.050000000000000044,6.060759915271774e-05,0.11985979974269867,0.0062405383214354515,0.3278822898864746,0.20462244749069214,,,,dqn_icm,cartpole,sparse,0.01,0.9,7,0.1
623,0.0,9,0.050000000000000044,2.8408745492924936e-05,0.13450691103935242,0.00474591227248311,0.3278822898864746,0.20462244749069214,,,,dqn_icm,cartpole,sparse,0.01,0.9,7,0.1
624,0.0,10,0.050000000000000044,1.9217086446587928e-05,0.15081316232681274,0.004317992366850376,0.3278822898864746,0.20462244749069214,,,,dqn_icm,cartpole,sparse,0.01,0.9,7,0.1
625,0.0,9,0.050000000000000044,5.062023410573602e-05,0.12167185544967651,0.006709904409945011,0.3693183660507202,0.14710772037506104,,,,dqn_icm,cartpole,sparse,0.01,0.9,7,0.1
626,0.0,12,0.050000000000000044,7.6983509643469e-05,0.13543075323104858,0.008593793027102947,0.3693183660507202,0.14710772037506104,,,,dqn_icm,cartpole,sparse,0.01,0.9,7,0.1
627,0.0,10,0.050000000000000044,3.97930562030524e-05,0.1295122504234314,0.005029165651649237,0.3693183660507202,0.14710772037506104,,,,dqn_icm,cartpole,sparse,0.01,0.9,7,0.1
628,0.0,11,0.050000000000000044,2.4403514544246718e-05,0.12625283002853394,0.004650733899325132,0.3693183660507202,0.14710772037506104,,,,dqn_icm,cartpole,sparse,0.01,0.9,7,0.1
629,0.0,10,0.050000000000000044,3.3555908885318786e-05,0.12323717772960663,0.006581424735486507,0.36726367473602295,0.1806892454624176,,,,dqn_icm,cartpole,sparse,0.01,0.9,7,0.1
630,0.0,10,0.050000000000000044,3.009812644449994e-05,0.12696152925491333,0.005924047902226448,0.36726367473602295,0.1806892454624176,,,,dqn_icm,cartpole,sparse,0.01,0.9,7,0.1
631,0.0,11,0.050000000000000044,4.091588198207319e-05,0.12918564677238464,0.004859122447669506,0.36726367473602295,0.1806892454624176,,,,dqn_icm,cartpole,sparse,0.01,0.9,7,0.1
632,0.0,9,0.050000000000000044,3.7999285268597305e-05,0.1495315283536911,0.004433356691151857,0.36726367473602295,0.1806892454624176,,,,dqn_icm,cartpole,sparse,0.01,0.9,7,0.1
633,0.0,10,0.050000000000000044,6.751432010787539e-06,0.14774122834205627,0.0031724227592349052,0.31241482496261597,0.15843045711517334,,,,dqn_icm,cartpole,sparse,0.01,0.9,7,0.1
634,0.0,11,0.050000000000000044,7.4658019002527e-05,0.13064640760421753,0.006411049515008926,0.31241482496261597,0.15843045711517334,,,,dqn_icm,cartpole,sparse,0.01,0.9,7,0.1
635,0.0,10,0.050000000000000044,5.252441042102873e-05,0.12384418398141861,0.006235730368643999,0.31241482496261597,0.15843045711517334,,,,dqn_icm,cartpole,sparse,0.01,0.9,7,0.1
636,0.0,9,0.050000000000000044,1.406541014148388e-05,0.12897926568984985,0.0030666436068713665,0.31241482496261597,0.15843045711517334,,,,dqn_icm,cartpole,sparse,0.01,0.9,7,0.1
637,0.0,8,0.050000000000000044,1.799268284230493e-05,0.13201521337032318,0.004257259890437126,0.3618859052658081,0.1656169593334198,,,,dqn_icm,cartpole,sparse,0.01,0.9,7,0.1
638,0.0,11,0.050000000000000044,8.741443161852658e-05,0.136586993932724,0.005794743075966835,0.3618859052658081,0.1656169593334198,,,,dqn_icm,cartpole,sparse,0.01,0.9,7,0.1
639,0.0,9,0.050000000000000044,0.00015319303201977164,0.1260964423418045,0.008992931805551052,0.3618859052658081,0.1656169593334198,,,,dqn_icm,cartpole,sparse,0.01,0.9,7,0.1
640,0.0,9,0.050000000000000044,2.4129531084327027e-05,0.12949702143669128,0.0036641908809542656,0.3618859052658081,0.1656169593334198,,,,dqn_icm,cartpole,sparse,0.01,0.9,7,0.1
641,0.0,9,0.050000000000000044,2.781477633106988e-05,0.11939042061567307,0.004329892806708813,0.32320916652679443,0.14959579706192017,,,,dqn_icm,cartpole,sparse,0.01,0.9,7,0.1
642,0.0,10,0.050000000000000044,5.348967533791438e-05,0.13180741667747498,0.006528055295348167,0.32320916652679443,0.14959579706192017,,,,dqn_icm,cartpole,sparse,0.01,0.9,7,0.1
643,0.0,8,0.050000000000000044,6.854184903204441e-05,0.12891294062137604,0.007263537030667067,0.32320916652679443,0.14959579706192017,,,,dqn_icm,cartpole,sparse,0.01,0.9,7,0.1
644,0.0,12,0.050000000000000044,2.757790934992954e-05,0.1501053273677826,0.005121583119034767,0.32320916652679443,0.14959579706192017,,,,dqn_icm,cartpole,sparse,0.01,0.9,7,0.1
645,0.0,9,0.050000000000000044,2.4685807147761807e-05,0.12313494831323624,0.0048307087272405624,0.38566288352012634,0.15422651171684265,,,,dqn_icm,cartpole,sparse,0.01,0.9,7,0.1
646,0.0,9,0.050000000000000044,4.1733524994924664e-05,0.132140651345253,0.00616439338773489,0.38566288352012634,0.15422651171684265,,,,dqn_icm,cartpole,sparse,0.01,0.9,7,0.1
647,0.0,10,0.050000000000000044,2.641708852024749e-05,0.12052831053733826,0.003941833972930908,0.38566288352012634,0.15422651171684265,,,,dqn_icm,cartpole,sparse,0.01,0.9,7,0.1
648,0.0,11,0.050000000000000044,5.446528666652739e-05,0.12113536894321442,0.005657512694597244,0.38566288352012634,0.15422651171684265,,,,dqn_icm,cartpole,sparse,0.01,0.9,7,0.1
649,0.0,9,0.050000000000000044,1.57108879648149e-05,0.14027392864227295,0.003911040257662535,0.34714943170547485,0.13916343450546265,,,,dqn_icm,cartpole,sparse,0.01,0.9,7,0.1
650,0.0,10,0.050000000000000044,2.1535332052735612e-05,0.12242795526981354,0.004285695496946573,0.34714943170547485,0.13916343450546265,0.0,0.0,9.1,dqn_icm,cartpole,sparse,0.01,0.9,7,0.1
651,0.0,8,0.050000000000000044,1.8527640349930152e-05,0.1517411768436432,0.00390982860699296,0.34714943170547485,0.13916343450546265,,,,dqn_icm,cartpole,sparse,0.01,0.9,7,0.1
652,0.0,9,0.050000000000000044,2.0184033928671852e-05,0.1355919986963272,0.004032921977341175,0.34714943170547485,0.13916343450546265,,,,dqn_icm,cartpole,sparse,0.01,0.9,7,0.1
653,0.0,9,0.050000000000000044,2.3651991796214134e-05,0.14551669359207153,0.004587288945913315,0.34714943170547485,0.13916343450546265,,,,dqn_icm,cartpole,sparse,0.01,0.9,7,0.1
654,0.0,9,0.050000000000000044,4.832168633583933e-05,0.1331031769514084,0.005159689113497734,0.28219398856163025,0.16988953948020935,,,,dqn_icm,cartpole,sparse,0.01,0.9,7,0.1
655,0.0,10,0.050000000000000044,4.064845052198507e-05,0.13539768755435944,0.005571821704506874,0.28219398856163025,0.16988953948020935,,,,dqn_icm,cartpole,sparse,0.01,0.9,7,0.1
656,0.0,10,0.050000000000000044,3.241387821617536e-05,0.13298088312149048,0.004482592456042767,0.28219398856163025,0.16988953948020935,,,,dqn_icm,cartpole,sparse,0.01,0.9,7,0.1
657,0.0,10,0.050000000000000044,3.0643714126199484e-05,0.13570725917816162,0.004670473746955395,0.28219398856163025,0.16988953948020935,,,,dqn_icm,cartpole,sparse,0.01,0.9,7,0.1
658,0.0,11,0.050000000000000044,1.987623909371905e-05,0.13218620419502258,0.0035873414017260075,0.2621122896671295,0.15172168612480164,,,,dqn_icm,cartpole,sparse,0.01,0.9,7,0.1
659,0.0,11,0.050000000000000044,4.680431811721064e-05,0.11699331551790237,0.004724896512925625,0.2621122896671295,0.15172168612480164,,,,dqn_icm,cartpole,sparse,0.01,0.9,7,0.1
660,0.0,13,0.050000000000000044,1.1019877092621755e-05,0.13295260071754456,0.002648061141371727,0.2621122896671295,0.15172168612480164,,,,dqn_icm,cartpole,sparse,0.01,0.9,7,0.1
661,0.0,8,0.050000000000000044,1.8789347450365312e-05,0.1362912505865097,0.004764925222843885,0.2621122896671295,0.15172168612480164,,,,dqn_icm,cartpole,sparse,0.01,0.9,7,0.1
662,0.0,10,0.050000000000000044,3.034834844584111e-05,0.1385655403137207,0.005902661941945553,0.3382346034049988,0.1873769462108612,,,,dqn_icm,cartpole,sparse,0.01,0.9,7,0.1
663,0.0,10,0.050000000000000044,2.3182084987638518e-05,0.12359276413917542,0.004572779405862093,0.3382346034049988,0.1873769462108612,,,,dqn_icm,cartpole,sparse,0.01,0.9,7,0.1
664,0.0,10,0.050000000000000044,2.520626730984077e-05,0.1374046802520752,0.0038770483806729317,0.3382346034049988,0.1873769462108612,,,,dqn_icm,cartpole,sparse,0.01,0.9,7,0.1
665,0.0,8,0.050000000000000044,2.5769635612959974e-05,0.1382378339767456,0.005361814983189106,0.3382346034049988,0.1873769462108612,,,,dqn_icm,cartpole,sparse,0.01,0.9,7,0.1
666,0.0,9,0.050000000000000044,2.1365878637880087e-05,0.13959085941314697,0.0041508181020617485,0.38587138056755066,0.15319404006004333,,,,dqn_icm,cartpole,sparse,0.01,0.9,7,0.1
667,0.0,10,0.050000000000000044,2.233119994343724e-05,0.13514898717403412,0.004433303140103817,0.38587138056755066,0.15319404006004333,,,,dqn_icm,cartpole,sparse,0.01,0.9,7,0.1
668,0.0,10,0.050000000000000044,4.6479868615278974e-05,0.12261795997619629,0.005529390648007393,0.38587138056755066,0.15319404006004333,,,,dqn_icm,cartpole,sparse,0.01,0.9,7,0.1
669,0.0,10,0.050000000000000044,2.165704790968448e-05,0.13679766654968262,0.004693737253546715,0.38587138056755066,0.15319404006004333,,,,dqn_icm,cartpole,sparse,0.01,0.9,7,0.1
670,0.0,11,0.050000000000000044,5.709302058676258e-05,0.12692244350910187,0.005389658734202385,0.332932710647583,0.13424751162528992,,,,dqn_icm,cartpole,sparse,0.01,0.9,7,0.1
671,0.0,8,0.050000000000000044,2.6050107408082113e-05,0.14914807677268982,0.004546732176095247,0.332932710647583,0.13424751162528992,,,,dqn_icm,cartpole,sparse,0.01,0.9,7,0.1
672,0.0,10,0.050000000000000044,3.2145508157555014e-05,0.1361234337091446,0.004664646461606026,0.332932710647583,0.13424751162528992,,,,dqn_icm,cartpole,sparse,0.01,0.9,7,0.1
673,0.0,8,0.050000000000000044,2.4541557650081813e-05,0.1295090913772583,0.00407650088891387,0.332932710647583,0.13424751162528992,,,,dqn_icm,cartpole,sparse,0.01,0.9,7,0.1
674,0.0,9,0.050000000000000044,6.81961901136674e-05,0.13144972920417786,0.006812700070440769,0.3901272714138031,0.11538621038198471,,,,dqn_icm,cartpole,sparse,0.01,0.9,7,0.1
675,0.0,11,0.050000000000000044,3.7306625017663464e-05,0.133602112531662,0.005416578613221645,0.3901272714138031,0.11538621038198471,,,,dqn_icm,cartpole,sparse,0.01,0.9,7,0.1
676,0.0,10,0.050000000000000044,2.8766755349352024e-05,0.1147661954164505,0.004676278680562973,0.3901272714138031,0.11538621038198471,,,,dqn_icm,cartpole,sparse,0.01,0.9,7,0.1
677,0.0,9,0.050000000000000044,3.2584022847004235e-05,0.14247599244117737,0.005212345160543919,0.3901272714138031,0.11538621038198471,,,,dqn_icm,cartpole,sparse,0.01,0.9,7,0.1
678,0.0,10,0.050000000000000044,3.0010643968125805e-05,0.13624370098114014,0.005466697737574577,0.33163315057754517,0.14949238300323486,,,,dqn_icm,cartpole,sparse,0.01,0.9,7,0.1
679,0.0,10,0.050000000000000044,2.151606349798385e-05,0.1344517469406128,0.00361353880725801,0.33163315057754517,0.14949238300323486,,,,dqn_icm,cartpole,sparse,0.01,0.9,7,0.1
680,0.0,9,0.050000000000000044,3.480138548184186e-05,0.1279696226119995,0.005170541815459728,0.33163315057754517,0.14949238300323486,,,,dqn_icm,cartpole,sparse,0.01,0.9,7,0.1
681,0.0,10,0.050000000000000044,1.929905374709051e-05,0.13353455066680908,0.0034903190098702908,0.33163315057754517,0.14949238300323486,,,,dqn_icm,cartpole,sparse,0.01,0.9,7,0.1
682,0.0,10,0.050000000000000044,2.025470712396782e-05,0.12594622373580933,0.0037634274922311306,0.28907278180122375,0.12187652289867401,,,,dqn_icm,cartpole,sparse,0.01,0.9,7,0.1
683,0.0,12,0.050000000000000044,1.4503671081911307e-05,0.11358029395341873,0.0036005862057209015,0.28907278180122375,0.12187652289867401,,,,dqn_icm,cartpole,sparse,0.01,0.9,7,0.1
684,0.0,8,0.050000000000000044,4.172369881416671e-05,0.10933159291744232,0.005497314967215061,0.28907278180122375,0.12187652289867401,,,,dqn_icm,cartpole,sparse,0.01,0.9,7,0.1
685,0.0,9,0.050000000000000044,1.559727024869062e-05,0.12850983440876007,0.0035392858553677797,0.28907278180122375,0.12187652289867401,,,,dqn_icm,cartpole,sparse,0.01,0.9,7,0.1
686,0.0,11,0.050000000000000044,1.8429383999318816e-05,0.1238994300365448,0.003402885515242815,0.37872371077537537,0.12985825538635254,,,,dqn_icm,cartpole,sparse,0.01,0.9,7,0.1
687,0.0,11,0.050000000000000044,1.7249798474949785e-05,0.14955003559589386,0.0032401802018284798,0.37872371077537537,0.12985825538635254,,,,dqn_icm,cartpole,sparse,0.01,0.9,7,0.1
688,0.0,9,0.050000000000000044,3.4026150387944654e-05,0.1327468454837799,0.004353033844381571,0.37872371077537537,0.12985825538635254,,,,dqn_icm,cartpole,sparse,0.01,0.9,7,0.1
689,0.0,9,0.050000000000000044,4.9344154831487685e-05,0.13374343514442444,0.006373888812959194,0.37872371077537537,0.12985825538635254,,,,dqn_icm,cartpole,sparse,0.01,0.9,7,0.1
690,0.0,10,0.050000000000000044,3.292479595984332e-05,0.12917771935462952,0.004484926350414753,0.37872371077537537,0.12985825538635254,,,,dqn_icm,cartpole,sparse,0.01,0.9,7,0.1
691,0.0,10,0.050000000000000044,2.9442266168189235e-05,0.12903177738189697,0.005151989869773388,0.36736470460891724,0.12766501307487488,,,,dqn_icm,cartpole,sparse,0.01,0.9,7,0.1
692,0.0,10,0.050000000000000044,3.2160991395357996e-05,0.12396366149187088,0.005686935968697071,0.36736470460891724,0.12766501307487488,,,,dqn_icm,cartpole,sparse,0.01,0.9,7,0.1
693,0.0,11,0.050000000000000044,6.892418605275452e-05,0.12872804701328278,0.007170955650508404,0.36736470460891724,0.12766501307487488,,,,dqn_icm,cartpole,sparse,0.01,0.9,7,0.1
694,0.0,10,0.050000000000000044,3.4245946153532714e-05,0.11457914113998413,0.006150064989924431,0.4182983338832855,0.08994386345148087,,,,dqn_icm,cartpole,sparse,0.01,0.9,7,0.1
695,0.0,9,0.050000000000000044,6.759326788596809e-05,0.13055694103240967,0.006853356026113033,0.4182983338832855,0.08994386345148087,,,,dqn_icm,cartpole,sparse,0.01,0.9,7,0.1
696,0.0,10,0.050000000000000044,3.2997231755871326e-05,0.1277608871459961,0.0051545388996601105,0.4182983338832855,0.08994386345148087,,,,dqn_icm,cartpole,sparse,0.01,0.9,7,0.1
697,0.0,10,0.050000000000000044,2.078016404993832e-05,0.12278766185045242,0.004190205130726099,0.4182983338832855,0.08994386345148087,,,,dqn_icm,cartpole,sparse,0.01,0.9,7,0.1
698,0.0,11,0.050000000000000044,4.244271985953674e-05,0.11758439987897873,0.006044790148735046,0.32146212458610535,0.1069222092628479,,,,dqn_icm,cartpole,sparse,0.01,0.9,7,0.1
699,0.0,9,0.050000000000000044,6.106052023824304e-05,0.12278928607702255,0.009422538802027702,0.32146212458610535,0.1069222092628479,,,,dqn_icm,cartpole,sparse,0.01,0.9,7,0.1
700,0.0,8,0.050000000000000044,2.4598284653620794e-05,0.1200217455625534,0.004925725050270557,0.32146212458610535,0.1069222092628479,0.0,0.0,9.1,dqn_icm,cartpole,sparse,0.01,0.9,7,0.1
701,0.0,11,0.050000000000000044,5.489680188475177e-05,0.11836177110671997,0.006633132230490446,0.32146212458610535,0.1069222092628479,,,,dqn_icm,cartpole,sparse,0.01,0.9,7,0.1
702,0.0,8,0.050000000000000044,5.7765832025324926e-05,0.12642470002174377,0.007519412320107222,0.32146212458610535,0.1069222092628479,,,,dqn_icm,cartpole,sparse,0.01,0.9,7,0.1
703,0.0,10,0.050000000000000044,2.4475748432450928e-05,0.13684535026550293,0.005452237091958523,0.4281545579433441,0.1135193407535553,,,,dqn_icm,cartpole,sparse,0.01,0.9,7,0.1
704,0.0,8,0.050000000000000044,2.1388037566794083e-05,0.12339240312576294,0.004373942501842976,0.4281545579433441,0.1135193407535553,,,,dqn_icm,cartpole,sparse,0.01,0.9,7,0.1
705,0.0,8,0.050000000000000044,1.3880344340577722e-05,0.1260937750339508,0.0037445747293531895,0.4281545579433441,0.1135193407535553,,,,dqn_icm,cartpole,sparse,0.01,0.9,7,0.1
706,0.0,10,0.050000000000000044,4.762798926094547e-05,0.12748873233795166,0.004087243694812059,0.4281545579433441,0.1135193407535553,,,,dqn_icm,cartpole,sparse,0.01,0.9,7,0.1
707,0.0,9,0.050000000000000044,4.619490573531948e-05,0.12534406781196594,0.00423475494608283,0.28999754786491394,0.12236243486404419,,,,dqn_icm,cartpole,sparse,0.01,0.9,7,0.1
708,0.0,9,0.050000000000000044,3.537548764143139e-05,0.11144451797008514,0.005112466402351856,0.28999754786491394,0.12236243486404419,,,,dqn_icm,cartpole,sparse,0.01,0.9,7,0.1
709,0.0,10,0.050000000000000044,2.2268144675763324e-05,0.11918459087610245,0.003901704680174589,0.28999754786491394,0.12236243486404419,,,,dqn_icm,cartpole,sparse,0.01,0.9,7,0.1
710,0.0,9,0.050000000000000044,1.4920239664206747e-05,0.13334551453590393,0.0032191122882068157,0.28999754786491394,0.12236243486404419,,,,dqn_icm,cartpole,sparse,0.01,0.9,7,0.1
711,0.0,10,0.050000000000000044,2.4859386030584574e-05,0.13623765110969543,0.003858976997435093,0.28999754786491394,0.12236243486404419,,,,dqn_icm,cartpole,sparse,0.01,0.9,7,0.1
712,0.0,9,0.050000000000000044,4.581649773172103e-05,0.13192695379257202,0.005068146623671055,0.3394363224506378,0.09062806516885757,,,,dqn_icm,cartpole,sparse,0.01,0.9,7,0.1
713,0.0,9,0.050000000000000044,6.823945295764133e-05,0.1311197280883789,0.006163646001368761,0.3394363224506378,0.09062806516885757,,,,dqn_icm,cartpole,sparse,0.01,0.9,7,0.1
714,0.0,10,0.050000000000000044,2.134184614988044e-05,0.12877534329891205,0.004012641496956348,0.3394363224506378,0.09062806516885757,,,,dqn_icm,cartpole,sparse,0.01,0.9,7,0.1
715,0.0,11,0.050000000000000044,4.4507658458314836e-05,0.12365958094596863,0.005350852385163307,0.3394363224506378,0.09062806516885757,,,,dqn_icm,cartpole,sparse,0.01,0.9,7,0.1
716,0.0,9,0.050000000000000044,2.6526999135967344e-05,0.1226024255156517,0.004641561768949032,0.3298080563545227,0.11066248267889023,,,,dqn_icm,cartpole,sparse,0.01,0.9,7,0.1
717,0.0,9,0.050000000000000044,5.121174035593867e-05,0.12859101593494415,0.0059869904071092606,0.3298080563545227,0.11066248267889023,,,,dqn_icm,cartpole,sparse,0.01,0.9,7,0.1
718,0.0,9,0.050000000000000044,2.1726367776864208e-05,0.13457834720611572,0.003959670662879944,0.3298080563545227,0.11066248267889023,,,,dqn_icm,cartpole,sparse,0.01,0.9,7,0.1
719,0.0,9,0.050000000000000044,6.763807505194563e-06,0.1130252555012703,0.0025658453814685345,0.3298080563545227,0.11066248267889023,,,,dqn_icm,cartpole,sparse,0.01,0.9,7,0.1
720,0.0,10,0.050000000000000044,2.867497460101731e-05,0.13560020923614502,0.006061354652047157,0.2849384546279907,0.09199009090662003,,,,dqn_icm,cartpole,sparse,0.01,0.9,7,0.1
721,0.0,9,0.050000000000000044,9.35371826926712e-06,0.1231706440448761,0.002779248170554638,0.2849384546279907,0.09199009090662003,,,,dqn_icm,cartpole,sparse,0.01,0.9,7,0.1
722,0.0,10,0.050000000000000044,4.7026747779455036e-05,0.11759338527917862,0.004297125153243542,0.2849384546279907,0.09199009090662003,,,,dqn_icm,cartpole,sparse,0.01,0.9,7,0.1
723,0.0,9,0.050000000000000044,2.104842133121565e-05,0.13144457340240479,0.003722589462995529,0.2849384546279907,0.09199009090662003,,,,dqn_icm,cartpole,sparse,0.01,0.9,7,0.1
724,0.0,10,0.050000000000000044,1.5383011486846954e-05,0.1152886375784874,0.003482295200228691,0.41869011521339417,0.11379054188728333,,,,dqn_icm,cartpole,sparse,0.01,0.9,7,0.1
725,0.0,11,0.050000000000000044,1.6351335943909362e-05,0.14432647824287415,0.0035996949300169945,0.41869011521339417,0.11379054188728333,,,,dqn_icm,cartpole,sparse,0.01,0.9,7,0.1
726,0.0,9,0.050000000000000044,3.222492887289263e-05,0.12107063084840775,0.00565339345484972,0.41869011521339417,0.11379054188728333,,,,dqn_icm,cartpole,sparse,0.01,0.9,7,0.1
727,0.0,9,0.050000000000000044,1.927852281369269e-05,0.1183817982673645,0.004128011409193277,0.41869011521339417,0.11379054188728333,,,,dqn_icm,cartpole,sparse,0.01,0.9,7,0.1
728,0.0,8,0.050000000000000044,3.611722058849409e-05,0.122107595205307,0.005426845513284206,0.41869011521339417,0.11379054188728333,,,,dqn_icm,cartpole,sparse,0.01,0.9,7,0.1
729,0.0,10,0.050000000000000044,1.85195603989996e-05,0.12689988315105438,0.0036391387693583965,0.3729496896266937,0.10515926778316498,,,,dqn_icm,cartpole,sparse,0.01,0.9,7,0.1
730,0.0,10,0.050000000000000044,3.786106390180066e-05,0.12247146666049957,0.005514074116945267,0.3729496896266937,0.10515926778316498,,,,dqn_icm,cartpole,sparse,0.01,0.9,7,0.1
731,0.0,9,0.050000000000000044,2.4898388801375404e-05,0.11461059749126434,0.0046890974044799805,0.3729496896266937,0.10515926778316498,,,,dqn_icm,cartpole,sparse,0.01,0.9,7,0.1
732,0.0,8,0.050000000000000044,2.3437676645698957e-05,0.1258786916732788,0.004137988202273846,0.3729496896266937,0.10515926778316498,,,,dqn_icm,cartpole,sparse,0.01,0.9,7,0.1
733,0.0,9,0.050000000000000044,3.4671014873310924e-05,0.12482208013534546,0.005094630643725395,0.3350452184677124,0.11835877597332001,,,,dqn_icm,cartpole,sparse,0.01,0.9,7,0.1
734,0.0,9,0.050000000000000044,3.79578850697726e-05,0.1126093789935112,0.005682227201759815,0.3350452184677124,0.11835877597332001,,,,dqn_icm,cartpole,sparse,0.01,0.9,7,0.1
735,0.0,10,0.050000000000000044,1.7680729797575623e-05,0.13414908945560455,0.004365589935332537,0.3350452184677124,0.11835877597332001,,,,dqn_icm,cartpole,sparse,0.01,0.9,7,0.1
736,0.0,10,0.050000000000000044,2.8706006560241804e-05,0.14617222547531128,0.004264463670551777,0.3350452184677124,0.11835877597332001,,,,dqn_icm,cartpole,sparse,0.01,0.9,7,0.1
737,0.0,10,0.050000000000000044,2.3879712898633443e-05,0.14326027035713196,0.004434175323694944,0.3115178942680359,0.08873580396175385,,,,dqn_icm,cartpole,sparse,0.01,0.9,7,0.1
738,0.0,10,0.050000000000000044,1.2223659723531455e-05,0.14801350235939026,0.003437611274421215,0.3115178942680359,0.08873580396175385,,,,dqn_icm,cartpole,sparse,0.01,0.9,7,0.1
739,0.0,9,0.050000000000000044,2.7810981919174083e-05,0.11414384841918945,0.004249247256666422,0.3115178942680359,0.08873580396175385,,,,dqn_icm,cartpole,sparse,0.01,0.9,7,0.1
740,0.0,10,0.050000000000000044,2.2472275304608047e-05,0.12454555928707123,0.004113685339689255,0.3115178942680359,0.08873580396175385,,,,dqn_icm,cartpole,sparse,0.01,0.9,7,0.1
741,0.0,10,0.050000000000000044,2.2897580493008718e-05,0.11471370607614517,0.004956201650202274,0.3517017662525177,0.06428706645965576,,,,dqn_icm,cartpole,sparse,0.01,0.9,7,0.1
742,0.0,8,0.050000000000000044,1.947745113284327e-05,0.13811489939689636,0.004196703899651766,0.3517017662525177,0.06428706645965576,,,,dqn_icm,cartpole,sparse,0.01,0.9,7,0.1
743,0.0,11,0.050000000000000044,3.825753810815513e-05,0.13544967770576477,0.005067033227533102,0.3517017662525177,0.06428706645965576,,,,dqn_icm,cartpole,sparse,0.01,0.9,7,0.1
744,0.0,11,0.050000000000000044,1.648902616580017e-05,0.12863419950008392,0.00392737565562129,0.3517017662525177,0.06428706645965576,,,,dqn_icm,cartpole,sparse,0.01,0.9,7,0.1
745,0.0,10,0.050000000000000044,1.093294304155279e-05,0.12620580196380615,0.0033828658051788807,0.25390249490737915,0.08947381377220154,,,,dqn_icm,cartpole,sparse,0.01,0.9,7,0.1
746,0.0,9,0.050000000000000044,1.173755845229607e-05,0.12881790101528168,0.003527844324707985,0.25390249490737915,0.08947381377220154,,,,dqn_icm,cartpole,sparse,0.01,0.9,7,0.1
747,0.0,9,0.050000000000000044,2.464994031470269e-05,0.13982263207435608,0.00471525639295578,0.25390249490737915,0.08947381377220154,,,,dqn_icm,cartpole,sparse,0.01,0.9,7,0.1
748,0.0,10,0.050000000000000044,1.7331451090285555e-05,0.1177985742688179,0.0039369952864944935,0.25390249490737915,0.08947381377220154,,,,dqn_icm,cartpole,sparse,0.01,0.9,7,0.1
749,0.0,10,0.050000000000000044,1.1577308214327786e-05,0.1268484741449356,0.00330534391105175,0.2694196403026581,0.08097434788942337,,,,dqn_icm,cartpole,sparse,0.01,0.9,7,0.1
750,0.0,10,0.050000000000000044,1.435438207408879e-05,0.13223528861999512,0.002830351237207651,0.2694196403026581,0.08097434788942337,0.0,0.0,9.1,dqn_icm,cartpole,sparse,0.01,0.9,7,0.1
751,0.0,10,0.050000000000000044,2.37356944126077e-05,0.13312676548957825,0.003994688391685486,0.2694196403026581,0.08097434788942337,,,,dqn_icm,cartpole,sparse,0.01,0.9,7,0.1
752,0.0,9,0.050000000000000044,4.65955599793233e-05,0.12458039075136185,0.00606935378164053,0.2694196403026581,0.08097434788942337,,,,dqn_icm,cartpole,sparse,0.01,0.9,7,0.1
753,0.0,9,0.050000000000000044,2.7948844945058227e-05,0.11836612224578857,0.0050138384103775024,0.2694196403026581,0.08097434788942337,,,,dqn_icm,cartpole,sparse,0.01,0.9,7,0.1
754,0.0,27,0.050000000000000044,0.0005505176377482712,0.13558851182460785,0.027764974161982536,0.2156064212322235,0.08023063838481903,,,,dqn_icm,cartpole,sparse,0.01,0.9,7,0.1
755,0.0,27,0.050000000000000044,0.00017986027523875237,0.13340573012828827,0.013505181297659874,0.37074267864227295,0.10519729554653168,,,,dqn_icm,cartpole,sparse,0.01,0.9,7,0.1
756,0.0,11,0.050000000000000044,6.413287337636575e-05,0.12154990434646606,0.008634114637970924,0.37074267864227295,0.10519729554653168,,,,dqn_icm,cartpole,sparse,0.01,0.9,7,0.1
757,0.0,8,0.050000000000000044,0.00013384320482145995,0.11199557781219482,0.013889217749238014,0.37074267864227295,0.10519729554653168,,,,dqn_icm,cartpole,sparse,0.01,0.9,7,0.1
758,0.0,12,0.050000000000000044,0.00018760820967145264,0.11642923951148987,0.01483563706278801,0.3761019706726074,0.08247969299554825,,,,dqn_icm,cartpole,sparse,0.01,0.9,7,0.1
759,0.0,24,0.050000000000000044,0.0001399748434778303,0.12584267556667328,0.012273550033569336,0.3761019706726074,0.08247969299554825,,,,dqn_icm,cartpole,sparse,0.01,0.9,7,0.1
760,0.0,10,0.050000000000000044,4.978642027708702e-05,0.12990674376487732,0.006539901718497276,0.3761019706726074,0.08247969299554825,,,,dqn_icm,cartpole,sparse,0.01,0.9,7,0.1
761,0.0,9,0.050000000000000044,0.0001417080929968506,0.12256674468517303,0.011723890900611877,0.39936304092407227,0.09370949864387512,,,,dqn_icm,cartpole,sparse,0.01,0.9,7,0.1
762,0.0,9,0.050000000000000044,8.913043711800128e-05,0.12694105505943298,0.008090744726359844,0.39936304092407227,0.09370949864387512,,,,dqn_icm,cartpole,sparse,0.01,0.9,7,0.1
763,0.0,27,0.050000000000000044,6.448195199482143e-05,0.11990537494421005,0.00783457513898611,0.30389663577079773,0.09273846447467804,,,,dqn_icm,cartpole,sparse,0.01,0.9,7,0.1
764,0.0,13,0.050000000000000044,7.955922046676278e-05,0.12236597388982773,0.009451175108551979,0.30389663577079773,0.09273846447467804,,,,dqn_icm,cartpole,sparse,0.01,0.9,7,0.1
765,0.0,9,0.050000000000000044,3.41157428920269e-05,0.11999427527189255,0.006234694272279739,0.30389663577079773,0.09273846447467804,,,,dqn_icm,cartpole,sparse,0.01,0.9,7,0.1
766,0.0,9,0.050000000000000044,0.00015218161570373923,0.12945780158042908,0.011366520076990128,0.30389663577079773,0.09273846447467804,,,,dqn_icm,cartpole,sparse,0.01,0.9,7,0.1
767,0.0,25,0.050000000000000044,4.577955405693501e-05,0.12069462239742279,0.006335761398077011,0.29950737953186035,0.07595919072628021,,,,dqn_icm,cartpole,sparse,0.01,0.9,7,0.1
768,0.0,10,0.050000000000000044,3.733046105480753e-05,0.13165387511253357,0.006443208083510399,0.29950737953186035,0.07595919072628021,,,,dqn_icm,cartpole,sparse,0.01,0.9,7,0.1
769,0.0,28,0.050000000000000044,8.201885066227987e-05,0.1374928504228592,0.00783821102231741,0.2750686705112457,0.06749489158391953,,,,dqn_icm,cartpole,sparse,0.01,0.9,7,0.1
770,0.0,26,0.050000000000000044,3.870596628985368e-05,0.11277484893798828,0.005742066539824009,0.28013768792152405,0.09968425333499908,,,,dqn_icm,cartpole,sparse,0.01,0.9,7,0.1
771,0.0,9,0.050000000000000044,0.0001524604595033452,0.11317738890647888,0.009642639197409153,0.28013768792152405,0.09968425333499908,,,,dqn_icm,cartpole,sparse,0.01,0.9,7,0.1
772,0.0,10,0.050000000000000044,3.3579177397768945e-05,0.12972715497016907,0.006644315551966429,0.28013768792152405,0.09968425333499908,,,,dqn_icm,cartpole,sparse,0.01,0.9,7,0.1
773,0.0,27,0.050000000000000044,0.0002335322496946901,0.11751863360404968,0.010440574958920479,0.29732680320739746,0.08965693414211273,,,,dqn_icm,cartpole,sparse,0.01,0.9,7,0.1
774,0.0,10,0.050000000000000044,3.626830584835261e-05,0.11701804399490356,0.005622330587357283,0.29732680320739746,0.08965693414211273,,,,dqn_icm,cartpole,sparse,0.01,0.9,7,0.1
775,0.0,11,0.050000000000000044,5.2632109145633876e-05,0.12837472558021545,0.007007588166743517,0.29732680320739746,0.08965693414211273,,,,dqn_icm,cartpole,sparse,0.01,0.9,7,0.1
776,0.0,13,0.050000000000000044,2.8290403861319646e-05,0.12354350090026855,0.006106320768594742,0.24818404018878937,0.06906759738922119,,,,dqn_icm,cartpole,sparse,0.01,0.9,7,0.1
777,0.0,28,0.050000000000000044,4.6775570808677e-05,0.1104658767580986,0.005670337937772274,0.24818404018878937,0.06906759738922119,,,,dqn_icm,cartpole,sparse,0.01,0.9,7,0.1
778,0.0,25,0.050000000000000044,4.948945570504293e-05,0.118756964802742,0.006267771124839783,0.3959263265132904,0.07052108645439148,,,,dqn_icm,cartpole,sparse,0.01,0.9,7,0.1
779,0.0,11,0.050000000000000044,3.758033926715143e-05,0.1263025403022766,0.005895949900150299,0.3959263265132904,0.07052108645439148,,,,dqn_icm,cartpole,sparse,0.01,0.9,7,0.1
780,0.0,25,0.050000000000000044,2.333294105483219e-05,0.13872653245925903,0.004872238263487816,0.36178216338157654,0.08909302949905396,,,,dqn_icm,cartpole,sparse,0.01,0.9,7,0.1
781,0.0,13,0.050000000000000044,4.853963037021458e-05,0.1217331513762474,0.006761685945093632,0.36178216338157654,0.08909302949905396,,,,dqn_icm,cartpole,sparse,0.01,0.9,7,0.1
782,0.0,29,0.050000000000000044,0.00041302834870293736,0.12688083946704865,0.012433527037501335,0.31696969270706177,0.12232062220573425,,,,dqn_icm,cartpole,sparse,0.01,0.9,7,0.1
783,0.0,26,0.050000000000000044,0.0003628596314229071,0.11729656159877777,0.008635131642222404,0.38347551226615906,0.09166029840707779,,,,dqn_icm,cartpole,sparse,0.01,0.9,7,0.1
784,0.0,25,0.050000000000000044,5.807380148326047e-05,0.13324978947639465,0.007334454916417599,0.38347551226615906,0.09166029840707779,,,,dqn_icm,cartpole,sparse,0.01,0.9,7,0.1
785,0.0,9,0.050000000000000044,0.00010414625285193324,0.12447874993085861,0.008902942761778831,0.38347551226615906,0.09166029840707779,,,,dqn_icm,cartpole,sparse,0.01,0.9,7,0.1
786,0.0,30,0.050000000000000044,6.335305806715041e-05,0.13535308837890625,0.006407606415450573,0.2945031523704529,0.07009091973304749,,,,dqn_icm,cartpole,sparse,0.01,0.9,7,0.1
787,0.0,13,0.050000000000000044,1.809523382689804e-05,0.11968754231929779,0.0038033260498195887,0.2945031523704529,0.07009091973304749,,,,dqn_icm,cartpole,sparse,0.01,0.9,7,0.1
788,0.0,25,0.050000000000000044,5.192536991671659e-05,0.1321440041065216,0.006416648626327515,0.41002073884010315,0.07607415318489075,,,,dqn_icm,cartpole,sparse,0.01,0.9,7,0.1
789,0.0,29,0.050000000000000044,3.67325046681799e-05,0.14157840609550476,0.005303370766341686,0.28603431582450867,0.058493200689554214,,,,dqn_icm,cartpole,sparse,0.01,0.9,7,0.1
790,0.0,33,0.050000000000000044,5.323312871041708e-05,0.13663402199745178,0.006666721310466528,0.20131556689739227,0.079215869307518,,,,dqn_icm,cartpole,sparse,0.01,0.9,7,0.1
791,0.0,12,0.050000000000000044,2.2026106307748705e-05,0.12272796034812927,0.004277091007679701,0.20131556689739227,0.079215869307518,,,,dqn_icm,cartpole,sparse,0.01,0.9,7,0.1
792,0.0,9,0.050000000000000044,4.553991311695427e-05,0.13036075234413147,0.006014999933540821,0.20131556689739227,0.079215869307518,,,,dqn_icm,cartpole,sparse,0.01,0.9,7,0.1
793,0.0,27,0.050000000000000044,0.00037020741729065776,0.11419032514095306,0.011555854231119156,0.3154463469982147,0.09680654853582382,,,,dqn_icm,cartpole,sparse,0.01,0.9,7,0.1
794,0.0,12,0.050000000000000044,0.00019091085414402187,0.14146234095096588,0.008772286586463451,0.3154463469982147,0.09680654853582382,,,,dqn_icm,cartpole,sparse,0.01,0.9,7,0.1
795,0.0,10,0.050000000000000044,0.00019711206550709903,0.13112525641918182,0.012568636797368526,0.3154463469982147,0.09680654853582382,,,,dqn_icm,cartpole,sparse,0.01,0.9,7,0.1
796,0.0,10,0.050000000000000044,7.026691309874877e-05,0.12991705536842346,0.007351383566856384,0.32913637161254883,0.17714445292949677,,,,dqn_icm,cartpole,sparse,0.01,0.9,7,0.1
797,0.0,9,0.050000000000000044,0.00113084283657372,0.10349592566490173,0.024875955656170845,0.32913637161254883,0.17714445292949677,,,,dqn_icm,cartpole,sparse,0.01,0.9,7,0.1
798,0.0,11,0.050000000000000044,9.976877481676638e-05,0.12508606910705566,0.008890923112630844,0.32913637161254883,0.17714445292949677,,,,dqn_icm,cartpole,sparse,0.01,0.9,7,0.1
799,0.0,10,0.050000000000000044,0.00020312846754677594,0.1354270875453949,0.014666415750980377,0.32913637161254883,0.17714445292949677,,,,dqn_icm,cartpole,sparse,0.01,0.9,7,0.1
800,0.0,9,0.050000000000000044,0.0002682447957340628,0.13061711192131042,0.01249685324728489,0.330548495054245,0.06982332468032837,0.0,0.0,17.9,dqn_icm,cartpole,sparse,0.01,0.9,7,0.1
801,0.0,10,0.050000000000000044,0.00011558868573047221,0.13175596296787262,0.010863328352570534,0.330548495054245,0.06982332468032837,,,,dqn_icm,cartpole,sparse,0.01,0.9,7,0.1
802,0.0,10,0.050000000000000044,0.000101505356724374,0.12886522710323334,0.010026953183114529,0.330548495054245,0.06982332468032837,,,,dqn_icm,cartpole,sparse,0.01,0.9,7,0.1
803,0.0,9,0.050000000000000044,0.00016541621880605817,0.14086246490478516,0.011467612348496914,0.330548495054245,0.06982332468032837,,,,dqn_icm,cartpole,sparse,0.01,0.9,7,0.1
804,0.0,26,0.050000000000000044,0.00010167364234803244,0.1394815742969513,0.007403291761875153,0.2781928479671478,0.08951475471258163,,,,dqn_icm,cartpole,sparse,0.01,0.9,7,0.1
805,0.0,27,0.050000000000000044,0.00013249549374449998,0.13626044988632202,0.007089751306921244,0.3283553123474121,0.08349765837192535,,,,dqn_icm,cartpole,sparse,0.01,0.9,7,0.1
806,0.0,10,0.050000000000000044,2.57254287134856e-05,0.1172710657119751,0.00574561906978488,0.3283553123474121,0.08349765837192535,,,,dqn_icm,cartpole,sparse,0.01,0.9,7,0.1
807,0.0,10,0.050000000000000044,3.57583885488566e-05,0.11808528006076813,0.00564892403781414,0.3283553123474121,0.08349765837192535,,,,dqn_icm,cartpole,sparse,0.01,0.9,7,0.1
808,0.0,8,0.050000000000000044,3.3691132557578385e-05,0.11964794248342514,0.004882861394435167,0.3283553123474121,0.08349765837192535,,,,dqn_icm,cartpole,sparse,0.01,0.9,7,0.1
809,0.0,27,0.050000000000000044,0.00011312011338304728,0.11673884093761444,0.008310037665069103,0.3842059373855591,0.09222284704446793,,,,dqn_icm,cartpole,sparse,0.01,0.9,7,0.1
810,0.0,27,0.050000000000000044,2.5879853637889028e-05,0.13220757246017456,0.005580181255936623,0.3017102777957916,0.08217471837997437,,,,dqn_icm,cartpole,sparse,0.01,0.9,7,0.1
811,0.0,27,0.050000000000000044,9.57300653681159e-06,0.13692650198936462,0.0030500306747853756,0.3017102777957916,0.08217471837997437,,,,dqn_icm,cartpole,sparse,0.01,0.9,7,0.1
812,0.0,27,0.050000000000000044,1.1349450687703211e-05,0.14935402572155,0.0028973319567739964,0.349496454000473,0.1570797711610794,,,,dqn_icm,cartpole,sparse,0.01,0.9,7,0.1
813,0.0,27,0.050000000000000044,4.050223287777044e-05,0.13562321662902832,0.005168834701180458,0.3316466212272644,0.13941439986228943,,,,dqn_icm,cartpole,sparse,0.01,0.9,7,0.1
814,0.0,25,0.050000000000000044,0.00020388280972838402,0.12259809672832489,0.006787995807826519,0.3316466212272644,0.13941439986228943,,,,dqn_icm,cartpole,sparse,0.01,0.9,7,0.1
815,0.0,29,0.050000000000000044,0.00013818782463204116,0.12847590446472168,0.008024703711271286,0.25794917345046997,0.03855471685528755,,,,dqn_icm,cartpole,sparse,0.01,0.9,7,0.1
816,0.0,10,0.050000000000000044,0.00044314737897366285,0.11711761355400085,0.018177127465605736,0.25794917345046997,0.03855471685528755,,,,dqn_icm,cartpole,sparse,0.01,0.9,7,0.1
817,0.0,12,0.050000000000000044,7.19380404916592e-05,0.12715964019298553,0.007597274146974087,0.38085314631462097,0.14963209629058838,,,,dqn_icm,cartpole,sparse,0.01,0.9,7,0.1
818,0.0,11,0.050000000000000044,0.00018247646221425384,0.14677560329437256,0.013051440939307213,0.38085314631462097,0.14963209629058838,,,,dqn_icm,cartpole,sparse,0.01,0.9,7,0.1
819,0.0,10,0.050000000000000044,8.481206168653443e-05,0.1419697254896164,0.007969630882143974,0.38085314631462097,0.14963209629058838,,,,dqn_icm,cartpole,sparse,0.01,0.9,7,0.1
820,0.0,29,0.050000000000000044,0.00010075535828946158,0.11573883891105652,0.00833587534725666,0.3055686354637146,0.13470594584941864,,,,dqn_icm,cartpole,sparse,0.01,0.9,7,0.1
821,0.0,11,0.050000000000000044,0.000281463930150494,0.11732122302055359,0.009150175377726555,0.3055686354637146,0.13470594584941864,,,,dqn_icm,cartpole,sparse,0.01,0.9,7,0.1
822,0.0,22,0.050000000000000044,7.50967301428318e-05,0.1485840380191803,0.008844668045639992,0.33331185579299927,0.11415620148181915,,,,dqn_icm,cartpole,sparse,0.01,0.9,7,0.1
823,0.0,25,0.050000000000000044,4.287974297767505e-05,0.13411976397037506,0.008010989055037498,0.33331185579299927,0.11415620148181915,,,,dqn_icm,cartpole,sparse,0.01,0.9,7,0.1
824,0.0,8,0.050000000000000044,7.714609091635793e-05,0.14786353707313538,0.008573689498007298,0.36074474453926086,0.13561388850212097,,,,dqn_icm,cartpole,sparse,0.01,0.9,7,0.1
825,0.0,9,0.050000000000000044,6.739597301930189e-05,0.130594402551651,0.007210850715637207,0.36074474453926086,0.13561388850212097,,,,dqn_icm,cartpole,sparse,0.01,0.9,7,0.1
826,0.0,14,0.050000000000000044,3.218600613763556e-05,0.13998916745185852,0.0064899493008852005,0.36074474453926086,0.13561388850212097,,,,dqn_icm,cartpole,sparse,0.01,0.9,7,0.1
827,0.0,26,0.050000000000000044,7.578112126793712e-05,0.13509675860404968,0.008056318387389183,0.3349882960319519,0.08009631931781769,,,,dqn_icm,cartpole,sparse,0.01,0.9,7,0.1
828,0.0,13,0.050000000000000044,0.00011183465539943427,0.1148577630519867,0.005922304000705481,0.3349882960319519,0.08009631931781769,,,,dqn_icm,cartpole,sparse,0.01,0.9,7,0.1
829,0.0,10,0.050000000000000044,9.709267760626972e-05,0.11654489487409592,0.008506786078214645,0.3349882960319519,0.08009631931781769,,,,dqn_icm,cartpole,sparse,0.01,0.9,7,0.1
830,0.0,24,0.050000000000000044,6.753580237273127e-05,0.13571865856647491,0.007258106954395771,0.38680121302604675,0.06606368720531464,,,,dqn_icm,cartpole,sparse,0.01,0.9,7,0.1
831,0.0,9,0.050000000000000044,2.838291766238399e-05,0.13615700602531433,0.005265235900878906,0.38680121302604675,0.06606368720531464,,,,dqn_icm,cartpole,sparse,0.01,0.9,7,0.1
832,0.0,24,0.050000000000000044,0.00012465720647014678,0.12853887677192688,0.007687015924602747,0.35652226209640503,0.10745812952518463,,,,dqn_icm,cartpole,sparse,0.01,0.9,7,0.1
833,0.0,27,0.050000000000000044,5.214846896706149e-05,0.12356173992156982,0.005981446243822575,0.35652226209640503,0.10745812952518463,,,,dqn_icm,cartpole,sparse,0.01,0.9,7,0.1
834,0.0,25,0.050000000000000044,4.649522452382371e-05,0.14357945322990417,0.006082416046410799,0.421811580657959,0.12721757590770721,,,,dqn_icm,cartpole,sparse,0.01,0.9,7,0.1
835,0.0,26,0.050000000000000044,4.79556510981638e-05,0.1313651204109192,0.004870233125984669,0.24677793681621552,0.1065262109041214,,,,dqn_icm,cartpole,sparse,0.01,0.9,7,0.1
836,0.0,25,0.050000000000000044,0.00010919327905867249,0.12499695271253586,0.007252887822687626,0.24677793681621552,0.1065262109041214,,,,dqn_icm,cartpole,sparse,0.01,0.9,7,0.1
837,0.0,28,0.050000000000000044,1.5514164260821417e-05,0.12252906709909439,0.003802550956606865,0.3101591169834137,0.12157353013753891,,,,dqn_icm,cartpole,sparse,0.01,0.9,7,0.1
838,0.0,26,0.050000000000000044,0.00012338024680502713,0.13031062483787537,0.007305446080863476,0.27733442187309265,0.07525686919689178,,,,dqn_icm,cartpole,sparse,0.01,0.9,7,0.1
839,0.0,25,0.050000000000000044,0.00015503179747611284,0.14392027258872986,0.011098628863692284,0.27733442187309265,0.07525686919689178,,,,dqn_icm,cartpole,sparse,0.01,0.9,7,0.1
840,0.0,27,0.050000000000000044,6.541736365761608e-05,0.13995495438575745,0.006856998428702354,0.39864009618759155,0.10803309082984924,,,,dqn_icm,cartpole,sparse,0.01,0.9,7,0.1
841,0.0,13,0.050000000000000044,0.0001980057277251035,0.13453352451324463,0.009076425805687904,0.39864009618759155,0.10803309082984924,,,,dqn_icm,cartpole,sparse,0.01,0.9,7,0.1
842,0.0,28,0.050000000000000044,4.941423321724869e-05,0.13423174619674683,0.005743584129959345,0.3187382221221924,0.07862380146980286,,,,dqn_icm,cartpole,sparse,0.01,0.9,7,0.1
843,0.0,29,0.050000000000000044,8.76397971296683e-05,0.1293056458234787,0.006118902005255222,0.3149605393409729,0.13764433562755585,,,,dqn_icm,cartpole,sparse,0.01,0.9,7,0.1
844,0.0,25,0.050000000000000044,3.8451260479632765e-05,0.13829363882541656,0.004772783722728491,0.3149605393409729,0.13764433562755585,,,,dqn_icm,cartpole,sparse,0.01,0.9,7,0.1
845,0.0,28,0.050000000000000044,2.3782093194313347e-05,0.1355615258216858,0.004827745724469423,0.2780396640300751,0.047449320554733276,,,,dqn_icm,cartpole,sparse,0.01,0.9,7,0.1
846,0.0,9,0.050000000000000044,5.134913953952491e-05,0.13683897256851196,0.006273234728723764,0.2780396640300751,0.047449320554733276,,,,dqn_icm,cartpole,sparse,0.01,0.9,7,0.1
847,0.0,27,0.050000000000000044,1.8404467482469045e-05,0.13528314232826233,0.004690762143582106,0.3220207989215851,0.08910246193408966,,,,dqn_icm,cartpole,sparse,0.01,0.9,7,0.1
848,0.0,27,0.050000000000000044,0.00017355331510771066,0.14640569686889648,0.00708308070898056,0.32065296173095703,0.09843041002750397,,,,dqn_icm,cartpole,sparse,0.01,0.9,7,0.1
849,0.0,28,0.050000000000000044,7.100159564288333e-05,0.12344185262918472,0.008299891836941242,0.32065296173095703,0.09843041002750397,,,,dqn_icm,cartpole,sparse,0.01,0.9,7,0.1
850,0.0,9,0.050000000000000044,7.201165135484189e-05,0.12519067525863647,0.0071225943975150585,0.2710123360157013,0.07693056762218475,0.0,0.0,19.9,dqn_icm,cartpole,sparse,0.01,0.9,7,0.1
851,0.0,26,0.050000000000000044,4.895145684713498e-05,0.12641803920269012,0.006101113744080067,0.2710123360157013,0.07693056762218475,,,,dqn_icm,cartpole,sparse,0.01,0.9,7,0.1
852,0.0,25,0.050000000000000044,2.5605844712117687e-05,0.10048715770244598,0.005104216746985912,0.26867571473121643,0.14174559712409973,,,,dqn_icm,cartpole,sparse,0.01,0.9,7,0.1
853,0.0,32,0.050000000000000044,0.00010308255150448531,0.11708389222621918,0.0059650857001543045,0.31459102034568787,0.1354036033153534,,,,dqn_icm,cartpole,sparse,0.01,0.9,7,0.1
854,0.0,29,0.050000000000000044,3.321260737720877e-05,0.1514233648777008,0.003881548997014761,0.31459102034568787,0.1354036033153534,,,,dqn_icm,cartpole,sparse,0.01,0.9,7,0.1
855,0.0,24,0.050000000000000044,3.757442027563229e-05,0.13398781418800354,0.005630191415548325,0.2782708406448364,0.12305658310651779,,,,dqn_icm,cartpole,sparse,0.01,0.9,7,0.1
856,0.0,11,0.050000000000000044,1.8072531020152383e-05,0.12246153503656387,0.003723306115716696,0.2782708406448364,0.12305658310651779,,,,dqn_icm,cartpole,sparse,0.01,0.9,7,0.1
857,0.0,24,0.050000000000000044,2.272091842314694e-05,0.14202731847763062,0.00421373825520277,0.27784809470176697,0.10101699829101562,,,,dqn_icm,cartpole,sparse,0.01,0.9,7,0.1
858,0.0,24,0.050000000000000044,2.8065727747161873e-05,0.13597634434700012,0.0034277550876140594,0.27784809470176697,0.10101699829101562,,,,dqn_icm,cartpole,sparse,0.01,0.9,7,0.1
859,0.0,27,0.050000000000000044,0.00014731311239302158,0.14671221375465393,0.013119880110025406,0.3230811059474945,0.16287429630756378,,,,dqn_icm,cartpole,sparse,0.01,0.9,7,0.1
860,0.0,25,0.050000000000000044,0.00010240208939649165,0.14261150360107422,0.012313783168792725,0.3611973524093628,0.10611376166343689,,,,dqn_icm,cartpole,sparse,0.01,0.9,7,0.1
861,0.0,27,0.050000000000000044,0.00023231244995258749,0.11880600452423096,0.016957871615886688,0.3611973524093628,0.10611376166343689,,,,dqn_icm,cartpole,sparse,0.01,0.9,7,0.1
862,0.0,25,0.050000000000000044,0.00012607000826392323,0.12421129643917084,0.010168745182454586,0.29926881194114685,0.08937612920999527,,,,dqn_icm,cartpole,sparse,0.01,0.9,7,0.1
863,0.0,26,0.050000000000000044,6.175846647238359e-05,0.1401614248752594,0.008843829855322838,0.3372248709201813,0.09486733376979828,,,,dqn_icm,cartpole,sparse,0.01,0.9,7,0.1
864,0.0,22,0.050000000000000044,3.8678525015711784e-05,0.11031036823987961,0.006159916520118713,0.3372248709201813,0.09486733376979828,,,,dqn_icm,cartpole,sparse,0.01,0.9,7,0.1
865,0.0,23,0.050000000000000044,2.5699955585878342e-05,0.1168472170829773,0.005829335190355778,0.36503174901008606,0.12229381501674652,,,,dqn_icm,cartpole,sparse,0.01,0.9,7,0.1
866,0.0,24,0.050000000000000044,0.00010816928988788277,0.11644820123910904,0.00936022400856018,0.36503174901008606,0.12229381501674652,,,,dqn_icm,cartpole,sparse,0.01,0.9,7,0.1
867,0.0,26,0.050000000000000044,4.850508412346244e-05,0.1423925757408142,0.005565326660871506,0.3572966754436493,0.07075586915016174,,,,dqn_icm,cartpole,sparse,0.01,0.9,7,0.1
868,0.0,28,0.050000000000000044,0.00022486364468932152,0.12700700759887695,0.009402500465512276,0.34486761689186096,0.12681668996810913,,,,dqn_icm,cartpole,sparse,0.01,0.9,7,0.1
869,0.0,26,0.050000000000000044,7.331040978897363e-05,0.13043540716171265,0.008112877607345581,0.34486761689186096,0.12681668996810913,,,,dqn_icm,cartpole,sparse,0.01,0.9,7,0.1
870,0.0,26,0.050000000000000044,5.144527676748112e-05,0.12650778889656067,0.007102725561708212,0.34023183584213257,0.11673790216445923,,,,dqn_icm,cartpole,sparse,0.01,0.9,7,0.1
871,0.0,32,0.050000000000000044,2.3198448616312817e-05,0.11241582036018372,0.004752630367875099,0.37012436985969543,0.1112063080072403,,,,dqn_icm,cartpole,sparse,0.01,0.9,7,0.1
872,0.0,27,0.050000000000000044,8.258887100964785e-05,0.12656822800636292,0.009021456353366375,0.336209237575531,0.09907563030719757,,,,dqn_icm,cartpole,sparse,0.01,0.9,7,0.1
873,0.0,9,0.050000000000000044,2.9855824323021807e-05,0.10612422227859497,0.005605014972388744,0.336209237575531,0.09907563030719757,,,,dqn_icm,cartpole,sparse,0.01,0.9,7,0.1
874,0.0,27,0.050000000000000044,1.791088652680628e-05,0.12462946027517319,0.004309963434934616,0.336209237575531,0.09907563030719757,,,,dqn_icm,cartpole,sparse,0.01,0.9,7,0.1
875,0.0,22,0.050000000000000044,2.120469434885308e-05,0.1498478651046753,0.0046090055257081985,0.3403204381465912,0.08761380612850189,,,,dqn_icm,cartpole,sparse,0.01,0.9,7,0.1
876,0.0,30,0.050000000000000044,3.648183337645605e-05,0.14829984307289124,0.005204969551414251,0.2590072751045227,0.12954767048358917,,,,dqn_icm,cartpole,sparse,0.01,0.9,7,0.1
877,0.0,24,0.050000000000000044,3.942252806155011e-05,0.13359206914901733,0.006826823577284813,0.2590072751045227,0.12954767048358917,,,,dqn_icm,cartpole,sparse,0.01,0.9,7,0.1
878,0.0,26,0.050000000000000044,3.721673056134023e-05,0.13771967589855194,0.006680094171315432,0.2890779972076416,0.08156148344278336,,,,dqn_icm,cartpole,sparse,0.01,0.9,7,0.1
879,0.0,26,0.050000000000000044,6.18651247350499e-05,0.10877671092748642,0.006807048339396715,0.2629879117012024,0.07513724267482758,,,,dqn_icm,cartpole,sparse,0.01,0.9,7,0.1
880,0.0,25,0.050000000000000044,3.2774183637229726e-05,0.12759113311767578,0.00556815043091774,0.2629879117012024,0.07513724267482758,,,,dqn_icm,cartpole,sparse,0.01,0.9,7,0.1
881,0.0,24,0.050000000000000044,0.00021227094111964107,0.12809865176677704,0.008743403479456902,0.3613191843032837,0.09070746600627899,,,,dqn_icm,cartpole,sparse,0.01,0.9,7,0.1
882,0.0,26,0.050000000000000044,3.2830350392032415e-05,0.1091231182217598,0.005592577159404755,0.3613191843032837,0.09070746600627899,,,,dqn_icm,cartpole,sparse,0.01,0.9,7,0.1
883,0.0,21,0.050000000000000044,1.6091360521386378e-05,0.14184924960136414,0.004614333622157574,0.274069607257843,0.1335427165031433,,,,dqn_icm,cartpole,sparse,0.01,0.9,7,0.1
884,0.0,28,0.050000000000000044,0.000345316861057654,0.1336440145969391,0.00752868689596653,0.3097471594810486,0.09427131712436676,,,,dqn_icm,cartpole,sparse,0.01,0.9,7,0.1
885,0.0,28,0.050000000000000044,0.00012758011871483177,0.13343234360218048,0.008629540912806988,0.3097471594810486,0.09427131712436676,,,,dqn_icm,cartpole,sparse,0.01,0.9,7,0.1
886,0.0,31,0.050000000000000044,0.00010048434342024848,0.12954765558242798,0.009076002053916454,0.28039103746414185,0.1106639876961708,,,,dqn_icm,cartpole,sparse,0.01,0.9,7,0.1
887,0.0,26,0.050000000000000044,6.321138789644465e-05,0.12305435538291931,0.00788096897304058,0.30525892972946167,0.07072441279888153,,,,dqn_icm,cartpole,sparse,0.01,0.9,7,0.1
888,0.0,28,0.050000000000000044,3.943523915950209e-05,0.1336328387260437,0.006807190831750631,0.3012138903141022,0.08349983394145966,,,,dqn_icm,cartpole,sparse,0.01,0.9,7,0.1
889,0.0,28,0.050000000000000044,3.617839320213534e-05,0.119473397731781,0.006693581119179726,0.3012138903141022,0.08349983394145966,,,,dqn_icm,cartpole,sparse,0.01,0.9,7,0.1
890,0.0,24,0.050000000000000044,2.7520347430254333e-05,0.12922516465187073,0.0057178158313035965,0.3554140627384186,0.06930071115493774,,,,dqn_icm,cartpole,sparse,0.01,0.9,7,0.1
891,0.0,24,0.050000000000000044,2.8539470804389566e-05,0.15658864378929138,0.004653675481677055,0.3554140627384186,0.06930071115493774,,,,dqn_icm,cartpole,sparse,0.01,0.9,7,0.1
892,0.0,26,0.050000000000000044,2.9886727133998647e-05,0.12262095510959625,0.005944700445979834,0.29959896206855774,0.14638222754001617,,,,dqn_icm,cartpole,sparse,0.01,0.9,7,0.1
893,0.0,30,0.050000000000000044,2.3449370928574353e-05,0.14121147990226746,0.003907131031155586,0.2941586673259735,0.11847657710313797,,,,dqn_icm,cartpole,sparse,0.01,0.9,7,0.1
894,0.0,26,0.050000000000000044,1.3346740161068738e-05,0.13808590173721313,0.003829412627965212,0.2941586673259735,0.11847657710313797,,,,dqn_icm,cartpole,sparse,0.01,0.9,7,0.1
895,0.0,28,0.050000000000000044,5.024825077271089e-05,0.12608790397644043,0.0050408001989126205,0.3477586507797241,0.15619269013404846,,,,dqn_icm,cartpole,sparse,0.01,0.9,7,0.1
896,0.0,30,0.050000000000000044,2.0082072296645492e-05,0.11602790653705597,0.004566697403788567,0.3113924264907837,0.08079489320516586,,,,dqn_icm,cartpole,sparse,0.01,0.9,7,0.1
897,0.0,10,0.050000000000000044,1.6088190022855997e-05,0.14196082949638367,0.004171432461589575,0.3113924264907837,0.08079489320516586,,,,dqn_icm,cartpole,sparse,0.01,0.9,7,0.1
898,0.0,23,0.050000000000000044,5.148896889295429e-05,0.14112195372581482,0.006227271165698767,0.28394052386283875,0.09586147218942642,,,,dqn_icm,cartpole,sparse,0.01,0.9,7,0.1
899,0.0,29,0.050000000000000044,1.8418473700876348e-05,0.144158273935318,0.004049348644912243,0.28394052386283875,0.09586147218942642,,,,dqn_icm,cartpole,sparse,0.01,0.9,7,0.1
900,0.0,33,0.050000000000000044,0.00018448769696988165,0.14299486577510834,0.007046972401440144,0.22141055762767792,0.09118600189685822,0.0,0.0,22.6,dqn_icm,cartpole,sparse,0.01,0.9,7,0.1
901,0.0,26,0.050000000000000044,4.714794340543449e-05,0.14687274396419525,0.005935923662036657,0.3028223514556885,0.07460876554250717,,,,dqn_icm,cartpole,sparse,0.01,0.9,7,0.1
902,0.0,33,0.050000000000000044,0.0003398890548851341,0.14911234378814697,0.009035567753016949,0.30977508425712585,0.06635177135467529,,,,dqn_icm,cartpole,sparse,0.01,0.9,7,0.1
903,0.0,25,0.050000000000000044,7.434019062202424e-05,0.160110741853714,0.007966991513967514,0.30977508425712585,0.06635177135467529,,,,dqn_icm,cartpole,sparse,0.01,0.9,7,0.1
904,0.0,28,0.050000000000000044,7.615715003339574e-05,0.1186724454164505,0.007673651911318302,0.34553560614585876,0.057752981781959534,,,,dqn_icm,cartpole,sparse,0.01,0.9,7,0.1
905,0.0,25,0.050000000000000044,4.773970431415364e-05,0.14699284732341766,0.00752120791003108,0.2708449959754944,0.05839977413415909,,,,dqn_icm,cartpole,sparse,0.01,0.9,7,0.1
906,0.0,26,0.050000000000000044,3.949795791413635e-05,0.1449601650238037,0.005655604414641857,0.2708449959754944,0.05839977413415909,,,,dqn_icm,cartpole,sparse,0.01,0.9,7,0.1
907,0.0,26,0.050000000000000044,0.00015054570394568145,0.14399784803390503,0.01053896639496088,0.3019016981124878,0.06956806778907776,,,,dqn_icm,cartpole,sparse,0.01,0.9,7,0.1
908,0.0,23,0.050000000000000044,4.502181400312111e-05,0.16044311225414276,0.005561629310250282,0.28863418102264404,0.07353007793426514,,,,dqn_icm,cartpole,sparse,0.01,0.9,7,0.1
909,0.0,22,0.050000000000000044,4.8069487093016505e-05,0.1273663192987442,0.005864068865776062,0.28863418102264404,0.07353007793426514,,,,dqn_icm,cartpole,sparse,0.01,0.9,7,0.1
910,0.0,26,0.050000000000000044,1.4933110833226237e-05,0.1250331699848175,0.004047911614179611,0.2914552092552185,0.07462497055530548,,,,dqn_icm,cartpole,sparse,0.01,0.9,7,0.1
911,0.0,28,0.050000000000000044,4.453008295968175e-05,0.15151920914649963,0.005692536011338234,0.2577224373817444,0.09864652156829834,,,,dqn_icm,cartpole,sparse,0.01,0.9,7,0.1
912,0.0,24,0.050000000000000044,0.0005151339573785663,0.14530429244041443,0.009090309962630272,0.2577224373817444,0.09864652156829834,,,,dqn_icm,cartpole,sparse,0.01,0.9,7,0.1
913,0.0,32,0.050000000000000044,6.428271444747224e-05,0.13846749067306519,0.00726213026791811,0.3438164293766022,0.09809758514165878,,,,dqn_icm,cartpole,sparse,0.01,0.9,7,0.1
914,0.0,30,0.050000000000000044,6.225862307474017e-05,0.1358557641506195,0.00603476632386446,0.2589358389377594,0.10096133500337601,,,,dqn_icm,cartpole,sparse,0.01,0.9,7,0.1
915,0.0,26,0.050000000000000044,2.3752660126774572e-05,0.16299569606781006,0.0046042692847549915,0.2589358389377594,0.10096133500337601,,,,dqn_icm,cartpole,sparse,0.01,0.9,7,0.1
916,0.0,26,0.050000000000000044,1.9738970877369866e-05,0.13311657309532166,0.0049728453159332275,0.3127628564834595,0.0753559023141861,,,,dqn_icm,cartpole,sparse,0.01,0.9,7,0.1
917,0.0,27,0.050000000000000044,0.0001790379756130278,0.1311439573764801,0.00986001081764698,0.3141491711139679,0.05609126016497612,,,,dqn_icm,cartpole,sparse,0.01,0.9,7,0.1
918,0.0,28,0.050000000000000044,2.5155237381113693e-05,0.127272367477417,0.004907636437565088,0.3141491711139679,0.05609126016497612,,,,dqn_icm,cartpole,sparse,0.01,0.9,7,0.1
919,0.0,28,0.050000000000000044,6.619385385420173e-05,0.11849887669086456,0.007111349143087864,0.24320776760578156,0.09651336073875427,,,,dqn_icm,cartpole,sparse,0.01,0.9,7,0.1
920,0.0,25,0.050000000000000044,0.00011331815039739013,0.14994917809963226,0.010498526506125927,0.24793417751789093,0.07194242626428604,,,,dqn_icm,cartpole,sparse,0.01,0.9,7,0.1
921,0.0,27,0.050000000000000044,0.00015006547619123012,0.13456258177757263,0.007085229270160198,0.24793417751789093,0.07194242626428604,,,,dqn_icm,cartpole,sparse,0.01,0.9,7,0.1
922,0.0,14,0.050000000000000044,4.4424923544283956e-05,0.1276116967201233,0.006695080548524857,0.24875091016292572,0.05555359274148941,,,,dqn_icm,cartpole,sparse,0.01,0.9,7,0.1
923,0.0,30,0.050000000000000044,0.0005839706864207983,0.15026472508907318,0.013227194547653198,0.24875091016292572,0.05555359274148941,,,,dqn_icm,cartpole,sparse,0.01,0.9,7,0.1
924,0.0,23,0.050000000000000044,0.00012581048940774053,0.149904265999794,0.012710880488157272,0.29906371235847473,0.08468493074178696,,,,dqn_icm,cartpole,sparse,0.01,0.9,7,0.1
925,0.0,9,0.050000000000000044,0.00013850827235728502,0.13231928646564484,0.013195228762924671,0.29906371235847473,0.08468493074178696,,,,dqn_icm,cartpole,sparse,0.01,0.9,7,0.1
926,0.0,31,0.050000000000000044,9.964008495444432e-05,0.1433076411485672,0.007596679963171482,0.27677619457244873,0.061726465821266174,,,,dqn_icm,cartpole,sparse,0.01,0.9,7,0.1
927,0.0,22,0.050000000000000044,0.00014589368947781622,0.12608276307582855,0.010252590291202068,0.3337395489215851,0.0715877115726471,,,,dqn_icm,cartpole,sparse,0.01,0.9,7,0.1
928,0.0,23,0.050000000000000044,5.691730621038005e-05,0.14455509185791016,0.007938463240861893,0.3337395489215851,0.0715877115726471,,,,dqn_icm,cartpole,sparse,0.01,0.9,7,0.1
929,0.0,8,0.050000000000000044,8.61321750562638e-05,0.15581174194812775,0.006661484949290752,0.3337395489215851,0.0715877115726471,,,,dqn_icm,cartpole,sparse,0.01,0.9,7,0.1
930,0.0,27,0.050000000000000044,5.511121707968414e-05,0.12380588054656982,0.008413698524236679,0.267936646938324,0.0669746845960617,,,,dqn_icm,cartpole,sparse,0.01,0.9,7,0.1
931,0.0,22,0.050000000000000044,3.429639036767185e-05,0.1302003264427185,0.005641717929393053,0.30080485343933105,0.08389024436473846,,,,dqn_icm,cartpole,sparse,0.01,0.9,7,0.1
932,0.0,27,0.050000000000000044,3.70547641068697e-05,0.12308476865291595,0.006001594476401806,0.30080485343933105,0.08389024436473846,,,,dqn_icm,cartpole,sparse,0.01,0.9,7,0.1
933,0.0,26,0.050000000000000044,4.6806348109385e-05,0.15271680057048798,0.006616470869630575,0.31023675203323364,0.05494382232427597,,,,dqn_icm,cartpole,sparse,0.01,0.9,7,0.1
934,0.0,13,0.050000000000000044,5.1137525588274e-05,0.14175757765769958,0.006166336126625538,0.31023675203323364,0.05494382232427597,,,,dqn_icm,cartpole,sparse,0.01,0.9,7,0.1
935,0.0,26,0.050000000000000044,3.811406349996105e-05,0.13320162892341614,0.005585311912000179,0.2808246910572052,0.06384363770484924,,,,dqn_icm,cartpole,sparse,0.01,0.9,7,0.1
936,0.0,29,0.050000000000000044,7.045895472401753e-05,0.11499175429344177,0.006183450110256672,0.24049390852451324,0.05844838544726372,,,,dqn_icm,cartpole,sparse,0.01,0.9,7,0.1
937,0.0,24,0.050000000000000044,5.257896918919869e-05,0.1391739547252655,0.005711105652153492,0.24049390852451324,0.05844838544726372,,,,dqn_icm,cartpole,sparse,0.01,0.9,7,0.1
938,0.0,24,0.050000000000000044,0.0005040170508436859,0.13663360476493835,0.020312976092100143,0.2429303675889969,0.04482670873403549,,,,dqn_icm,cartpole,sparse,0.01,0.9,7,0.1
939,0.0,26,0.050000000000000044,0.00011777163308579475,0.12130486965179443,0.012534473091363907,0.2429303675889969,0.04482670873403549,,,,dqn_icm,cartpole,sparse,0.01,0.9,7,0.1
940,0.0,8,0.050000000000000044,0.00010865222429856658,0.13554519414901733,0.011815264821052551,0.30939358472824097,0.06185729801654816,,,,dqn_icm,cartpole,sparse,0.01,0.9,7,0.1
941,0.0,23,0.050000000000000044,5.732900172006339e-05,0.14271879196166992,0.009010875597596169,0.30939358472824097,0.06185729801654816,,,,dqn_icm,cartpole,sparse,0.01,0.9,7,0.1
942,0.0,29,0.050000000000000044,2.424380545562599e-05,0.15372076630592346,0.004951398819684982,0.2021426260471344,0.07100800424814224,,,,dqn_icm,cartpole,sparse,0.01,0.9,7,0.1
943,0.0,23,0.050000000000000044,4.626940790330991e-05,0.12898848950862885,0.006966956425458193,0.3094595968723297,0.049701012670993805,,,,dqn_icm,cartpole,sparse,0.01,0.9,7,0.1
944,0.0,31,0.050000000000000044,4.3004227336496115e-05,0.10460744053125381,0.007163802161812782,0.3094595968723297,0.049701012670993805,,,,dqn_icm,cartpole,sparse,0.01,0.9,7,0.1
945,0.0,25,0.050000000000000044,5.5050641094567254e-05,0.13224998116493225,0.00752267986536026,0.3198060691356659,0.07383757829666138,,,,dqn_icm,cartpole,sparse,0.01,0.9,7,0.1
946,0.0,26,0.050000000000000044,4.2955216486006975e-05,0.1389433741569519,0.006905096583068371,0.3419100344181061,0.05958487093448639,,,,dqn_icm,cartpole,sparse,0.01,0.9,7,0.1
947,0.0,30,0.050000000000000044,1.6589672668487765e-05,0.125807985663414,0.0046570785343647,0.3419100344181061,0.05958487093448639,,,,dqn_icm,cartpole,sparse,0.01,0.9,7,0.1
948,0.0,28,0.050000000000000044,3.687446587719023e-05,0.10619628429412842,0.006477672606706619,0.2667291462421417,0.051525019109249115,,,,dqn_icm,cartpole,sparse,0.01,0.9,7,0.1
949,0.0,25,0.050000000000000044,1.435247395420447e-05,0.14291134476661682,0.004215904511511326,0.22368478775024414,0.063614621758461,,,,dqn_icm,cartpole,sparse,0.01,0.9,7,0.1
950,0.0,25,0.050000000000000044,3.959052264690399e-05,0.1172589510679245,0.006400506477802992,0.22368478775024414,0.063614621758461,0.0,0.0,26.5,dqn_icm,cartpole,sparse,0.01,0.9,7,0.1
951,0.0,27,0.050000000000000044,2.315635356353596e-05,0.1383126974105835,0.0049269432201981544,0.24207304418087006,0.05931179225444794,,,,dqn_icm,cartpole,sparse,0.01,0.9,7,0.1
952,0.0,25,0.050000000000000044,7.185009599197656e-05,0.1198754757642746,0.006831105332821608,0.3683292865753174,0.050166063010692596,,,,dqn_icm,cartpole,sparse,0.01,0.9,7,0.1
953,0.0,25,0.050000000000000044,2.041648986050859e-05,0.14269712567329407,0.004980416037142277,0.3683292865753174,0.050166063010692596,,,,dqn_icm,cartpole,sparse,0.01,0.9,7,0.1
954,0.0,26,0.050000000000000044,3.3055588573915884e-05,0.16054756939411163,0.005631987936794758,0.23489440977573395,0.05336407199501991,,,,dqn_icm,cartpole,sparse,0.01,0.9,7,0.1
955,0.0,27,0.050000000000000044,2.9618679036502726e-05,0.13415798544883728,0.005616296548396349,0.26139360666275024,0.04560735821723938,,,,dqn_icm,cartpole,sparse,0.01,0.9,7,0.1
956,0.0,24,0.050000000000000044,3.755079160328023e-05,0.10569653660058975,0.006519078277051449,0.26139360666275024,0.04560735821723938,,,,dqn_icm,cartpole,sparse,0.01,0.9,7,0.1
957,0.0,27,0.050000000000000044,3.561414996511303e-05,0.1344127655029297,0.004821236710995436,0.3059234321117401,0.041690144687891006,,,,dqn_icm,cartpole,sparse,0.01,0.9,7,0.1
958,0.0,28,0.050000000000000044,1.6627587683615275e-05,0.1405588984489441,0.004152268636971712,0.3059234321117401,0.041690144687891006,,,,dqn_icm,cartpole,sparse,0.01,0.9,7,0.1
959,0.0,20,0.050000000000000044,2.1420997654786333e-05,0.11832457035779953,0.005249065812677145,0.21853525936603546,0.053265683352947235,,,,dqn_icm,cartpole,sparse,0.01,0.9,7,0.1
960,0.0,27,0.050000000000000044,2.508528996258974e-05,0.1334475576877594,0.004635053686797619,0.3060463070869446,0.05204812437295914,,,,dqn_icm,cartpole,sparse,0.01,0.9,7,0.1
961,0.0,25,0.050000000000000044,2.362695522606373e-05,0.13185517489910126,0.004551826510578394,0.3060463070869446,0.05204812437295914,,,,dqn_icm,cartpole,sparse,0.01,0.9,7,0.1
962,0.0,27,0.050000000000000044,1.4374284546647687e-05,0.13483339548110962,0.0040207114070653915,0.27926522493362427,0.04910307005047798,,,,dqn_icm,cartpole,sparse,0.01,0.9,7,0.1
963,0.0,23,0.050000000000000044,4.9756941734813154e-05,0.11609099805355072,0.006845732219517231,0.3126636743545532,0.05372980982065201,,,,dqn_icm,cartpole,sparse,0.01,0.9,7,0.1
964,0.0,23,0.050000000000000044,2.1670402929885313e-05,0.12772536277770996,0.0047712079249322414,0.3126636743545532,0.05372980982065201,,,,dqn_icm,cartpole,sparse,0.01,0.9,7,0.1
965,0.0,27,0.050000000000000044,3.999323962489143e-05,0.1241883635520935,0.0048462944105267525,0.3008590340614319,0.05607469007372856,,,,dqn_icm,cartpole,sparse,0.01,0.9,7,0.1
966,0.0,23,0.050000000000000044,2.4258622943307273e-05,0.14493444561958313,0.005335722118616104,0.3008590340614319,0.05607469007372856,,,,dqn_icm,cartpole,sparse,0.01,0.9,7,0.1
967,0.0,28,0.050000000000000044,1.2983918168174569e-05,0.12424545735120773,0.004047574941068888,0.2648311257362366,0.04226610064506531,,,,dqn_icm,cartpole,sparse,0.01,0.9,7,0.1
968,0.0,23,0.050000000000000044,1.3688784747500904e-05,0.10939830541610718,0.0039014634676277637,0.2778734266757965,0.05392640084028244,,,,dqn_icm,cartpole,sparse,0.01,0.9,7,0.1
969,0.0,23,0.050000000000000044,1.0424661013530567e-05,0.1257895827293396,0.003404990304261446,0.2778734266757965,0.05392640084028244,,,,dqn_icm,cartpole,sparse,0.01,0.9,7,0.1
970,0.0,32,0.050000000000000044,1.9235243598814122e-05,0.12274319678544998,0.0041693393141031265,0.3096211552619934,0.04415448009967804,,,,dqn_icm,cartpole,sparse,0.01,0.9,7,0.1
971,0.0,29,0.050000000000000044,2.0941854018019512e-05,0.11488783359527588,0.0047681014984846115,0.23443205654621124,0.04395713657140732,,,,dqn_icm,cartpole,sparse,0.01,0.9,7,0.1
972,0.0,23,0.050000000000000044,1.976039493456483e-05,0.13344812393188477,0.0049429116770625114,0.23443205654621124,0.04395713657140732,,,,dqn_icm,cartpole,sparse,0.01,0.9,7,0.1
973,0.0,29,0.050000000000000044,3.36269149556756e-05,0.11381400376558304,0.00531987939029932,0.27078428864479065,0.045583486557006836,,,,dqn_icm,cartpole,sparse,0.01,0.9,7,0.1
974,0.0,23,0.050000000000000044,1.575962596689351e-05,0.11959479749202728,0.004485229030251503,0.2724941074848175,0.046697527170181274,,,,dqn_icm,cartpole,sparse,0.01,0.9,7,0.1
975,0.0,10,0.050000000000000044,7.442179594363552e-06,0.1507928967475891,0.0030640093609690666,0.2724941074848175,0.046697527170181274,,,,dqn_icm,cartpole,sparse,0.01,0.9,7,0.1
976,0.0,28,0.050000000000000044,1.6599942682660185e-05,0.12232416123151779,0.0041391062550246716,0.34857672452926636,0.05594383925199509,,,,dqn_icm,cartpole,sparse,0.01,0.9,7,0.1
977,0.0,28,0.050000000000000044,1.8122476831194945e-05,0.12731891870498657,0.004463615827262402,0.34857672452926636,0.05594383925199509,,,,dqn_icm,cartpole,sparse,0.01,0.9,7,0.1
978,0.0,27,0.050000000000000044,1.987436189665459e-05,0.12270588427782059,0.005022495053708553,0.33484140038490295,0.04516030475497246,,,,dqn_icm,cartpole,sparse,0.01,0.9,7,0.1
979,0.0,26,0.050000000000000044,3.0270603019744158e-05,0.12691481411457062,0.004713444039225578,0.3155529499053955,0.03741274029016495,,,,dqn_icm,cartpole,sparse,0.01,0.9,7,0.1
980,0.0,23,0.050000000000000044,2.7203474019188434e-05,0.13832134008407593,0.004599835257977247,0.3155529499053955,0.03741274029016495,,,,dqn_icm,cartpole,sparse,0.01,0.9,7,0.1
981,0.0,23,0.050000000000000044,1.9575920305214822e-05,0.13036130368709564,0.004975039977580309,0.3090124726295471,0.047859348356723785,,,,dqn_icm,cartpole,sparse,0.01,0.9,7,0.1
982,0.0,23,0.050000000000000044,2.0706127543235198e-05,0.13343891501426697,0.004483307711780071,0.3090124726295471,0.047859348356723785,,,,dqn_icm,cartpole,sparse,0.01,0.9,7,0.1
983,0.0,26,0.050000000000000044,1.7403075617039576e-05,0.12882468104362488,0.003970160614699125,0.2578170895576477,0.03338051214814186,,,,dqn_icm,cartpole,sparse,0.01,0.9,7,0.1
984,0.0,27,0.050000000000000044,7.987607204995584e-06,0.12406294792890549,0.0028649079613387585,0.23062589764595032,0.04108918458223343,,,,dqn_icm,cartpole,sparse,0.01,0.9,7,0.1
985,0.0,30,0.050000000000000044,2.3379234335152432e-05,0.11725980043411255,0.004913377575576305,0.23062589764595032,0.04108918458223343,,,,dqn_icm,cartpole,sparse,0.01,0.9,7,0.1
986,0.0,29,0.050000000000000044,1.3162893992557656e-05,0.12161588668823242,0.003790265880525112,0.33050334453582764,0.057571105659008026,,,,dqn_icm,cartpole,sparse,0.01,0.9,7,0.1
987,0.0,23,0.050000000000000044,1.1976246241829358e-05,0.1288914680480957,0.004138332791626453,0.29040050506591797,0.04739305377006531,,,,dqn_icm,cartpole,sparse,0.01,0.9,7,0.1
988,0.0,25,0.050000000000000044,1.7331542039755732e-05,0.11813651025295258,0.004532233811914921,0.29040050506591797,0.04739305377006531,,,,dqn_icm,cartpole,sparse,0.01,0.9,7,0.1
989,0.0,21,0.050000000000000044,1.2406551832100376e-05,0.12983158230781555,0.003766285255551338,0.18740539252758026,0.03352077305316925,,,,dqn_icm,cartpole,sparse,0.01,0.9,7,0.1
990,0.0,32,0.050000000000000044,1.3257319551485125e-05,0.12337423115968704,0.003816281445324421,0.2371012270450592,0.03644419461488724,,,,dqn_icm,cartpole,sparse,0.01,0.9,7,0.1
991,0.0,27,0.050000000000000044,1.574552516103722e-05,0.12297379225492477,0.00419553741812706,0.2371012270450592,0.03644419461488724,,,,dqn_icm,cartpole,sparse,0.01,0.9,7,0.1
992,0.0,25,0.050000000000000044,1.2798645911971107e-05,0.11873519420623779,0.003717432264238596,0.20754417777061462,0.034991130232810974,,,,dqn_icm,cartpole,sparse,0.01,0.9,7,0.1
993,0.0,30,0.050000000000000044,1.7980517441174015e-05,0.12469882518053055,0.0045071374624967575,0.29295089840888977,0.03589601814746857,,,,dqn_icm,cartpole,sparse,0.01,0.9,7,0.1
994,0.0,25,0.050000000000000044,1.5382633137051016e-05,0.1122700572013855,0.0045589422807097435,0.29295089840888977,0.03589601814746857,,,,dqn_icm,cartpole,sparse,0.01,0.9,7,0.1
995,0.0,26,0.050000000000000044,1.7862812455859967e-05,0.1238274872303009,0.004813496023416519,0.2102757841348648,0.03618117421865463,,,,dqn_icm,cartpole,sparse,0.01,0.9,7,0.1
996,0.0,23,0.050000000000000044,1.2224514648551121e-05,0.13250082731246948,0.003919677343219519,0.23970644176006317,0.03449469432234764,,,,dqn_icm,cartpole,sparse,0.01,0.9,7,0.1
997,0.0,8,0.050000000000000044,1.3651764675159939e-05,0.1194072812795639,0.00420420803129673,0.23970644176006317,0.03449469432234764,,,,dqn_icm,cartpole,sparse,0.01,0.9,7,0.1
998,0.0,32,0.050000000000000044,1.7954831491806544e-05,0.12220770865678787,0.0045060040429234505,0.2882128357887268,0.03398718684911728,,,,dqn_icm,cartpole,sparse,0.01,0.9,7,0.1
999,0.0,25,0.050000000000000044,1.3920458513894118e-05,0.11423217505216599,0.0039564939215779305,0.2882128357887268,0.03398718684911728,,,,dqn_icm,cartpole,sparse,0.01,0.9,7,0.1
1000,0.0,27,0.050000000000000044,1.549616536067333e-05,0.14546839892864227,0.003599900519475341,0.22326600551605225,0.02994978241622448,0.0,0.0,25.5,dqn_icm,cartpole,sparse,0.01,0.9,7,0.1
