episode,return,length,epsilon,loss,q_mean,td_error_mean,icm_loss,intrinsic_reward_mean,eval_return_mean,eval_return_std,eval_length_mean,agent,env,reward_type,lr,gamma,seed,eta
1,0.0,24,1.0,nan,nan,nan,,,,,,dqn,cartpole,sparse,0.1,0.9,0,
2,0.0,15,0.9968333333333333,nan,nan,nan,,,,,,dqn,cartpole,sparse,0.1,0.9,0,
3,0.0,11,0.9936666666666667,nan,nan,nan,,,,,,dqn,cartpole,sparse,0.1,0.9,0,
4,0.0,33,0.9905,nan,nan,nan,,,,,,dqn,cartpole,sparse,0.1,0.9,0,
5,0.0,9,0.9873333333333333,nan,nan,nan,,,,,,dqn,cartpole,sparse,0.1,0.9,0,
6,0.0,26,0.9841666666666666,nan,nan,nan,,,,,,dqn,cartpole,sparse,0.1,0.9,0,
7,0.0,14,0.981,nan,nan,nan,,,,,,dqn,cartpole,sparse,0.1,0.9,0,
8,0.0,13,0.9778333333333333,nan,nan,nan,,,,,,dqn,cartpole,sparse,0.1,0.9,0,
9,0.0,13,0.9746666666666667,nan,nan,nan,,,,,,dqn,cartpole,sparse,0.1,0.9,0,
10,0.0,33,0.9715,nan,nan,nan,,,,,,dqn,cartpole,sparse,0.1,0.9,0,
11,0.0,35,0.9683333333333334,nan,nan,nan,,,,,,dqn,cartpole,sparse,0.1,0.9,0,
12,0.0,40,0.9651666666666666,nan,nan,nan,,,,,,dqn,cartpole,sparse,0.1,0.9,0,
13,0.0,9,0.962,nan,nan,nan,,,,,,dqn,cartpole,sparse,0.1,0.9,0,
14,0.0,21,0.9588333333333333,nan,nan,nan,,,,,,dqn,cartpole,sparse,0.1,0.9,0,
15,0.0,16,0.9556666666666667,nan,nan,nan,,,,,,dqn,cartpole,sparse,0.1,0.9,0,
16,0.0,10,0.9525,nan,nan,nan,,,,,,dqn,cartpole,sparse,0.1,0.9,0,
17,0.0,24,0.9493333333333334,nan,nan,nan,,,,,,dqn,cartpole,sparse,0.1,0.9,0,
18,0.0,33,0.9461666666666667,nan,nan,nan,,,,,,dqn,cartpole,sparse,0.1,0.9,0,
19,0.0,12,0.9430000000000001,nan,nan,nan,,,,,,dqn,cartpole,sparse,0.1,0.9,0,
20,0.0,15,0.9398333333333333,nan,nan,nan,,,,,,dqn,cartpole,sparse,0.1,0.9,0,
21,0.0,19,0.9366666666666666,nan,nan,nan,,,,,,dqn,cartpole,sparse,0.1,0.9,0,
22,0.0,12,0.9335,nan,nan,nan,,,,,,dqn,cartpole,sparse,0.1,0.9,0,
23,0.0,17,0.9303333333333333,nan,nan,nan,,,,,,dqn,cartpole,sparse,0.1,0.9,0,
24,0.0,10,0.9271666666666667,nan,nan,nan,,,,,,dqn,cartpole,sparse,0.1,0.9,0,
25,0.0,20,0.924,nan,nan,nan,,,,,,dqn,cartpole,sparse,0.1,0.9,0,
26,0.0,17,0.9208333333333334,0.00011579709826037288,-0.01212991215288639,0.009576361626386642,,,,,,dqn,cartpole,sparse,0.1,0.9,0,
27,0.0,12,0.9176666666666666,0.010985871776938438,-0.1350465714931488,0.13059839606285095,,,,,,dqn,cartpole,sparse,0.1,0.9,0,
28,0.0,18,0.9145,0.01452011801302433,-0.04787157103419304,0.07105670124292374,,,,,,dqn,cartpole,sparse,0.1,0.9,0,
29,0.0,20,0.9113333333333333,0.0015189102850854397,0.02170393615961075,0.038420774042606354,,,,,,dqn,cartpole,sparse,0.1,0.9,0,
30,0.0,26,0.9081666666666667,0.003720527281984687,0.020383253693580627,0.045118942856788635,,,,,,dqn,cartpole,sparse,0.1,0.9,0,
31,0.0,19,0.905,0.0009089569794014096,-0.013439820148050785,0.0268004909157753,,,,,,dqn,cartpole,sparse,0.1,0.9,0,
32,0.0,22,0.9018333333333334,0.0001500976795796305,-0.013990368694067001,0.013047715649008751,,,,,,dqn,cartpole,sparse,0.1,0.9,0,
33,0.0,14,0.8986666666666667,0.00011441191600169986,-0.0044650789350271225,0.012621299363672733,,,,,,dqn,cartpole,sparse,0.1,0.9,0,
34,0.0,20,0.8955,4.93444204039406e-05,-0.0008719507604837418,0.005667443387210369,,,,,,dqn,cartpole,sparse,0.1,0.9,0,
35,0.0,37,0.8923333333333333,7.599243690492585e-05,-0.008068021386861801,0.007666182704269886,,,,,,dqn,cartpole,sparse,0.1,0.9,0,
36,0.0,59,0.8891666666666667,5.810847505927086e-05,-0.005733836442232132,0.0076376996003091335,,,,,,dqn,cartpole,sparse,0.1,0.9,0,
37,0.0,20,0.886,5.451914694276638e-05,-0.00298611493781209,0.005743403919041157,,,,,,dqn,cartpole,sparse,0.1,0.9,0,
38,0.0,21,0.8828333333333334,2.754882189037744e-05,-0.007419105619192123,0.006056130863726139,,,,,,dqn,cartpole,sparse,0.1,0.9,0,
39,0.0,28,0.8796666666666667,6.0730093537131324e-05,-0.0033934463281184435,0.0066251023672521114,,,,,,dqn,cartpole,sparse,0.1,0.9,0,
40,0.0,12,0.8765000000000001,3.440510045038536e-05,-0.004921154584735632,0.005491351708769798,,,,,,dqn,cartpole,sparse,0.1,0.9,0,
41,0.0,23,0.8733333333333333,5.993322702124715e-05,-0.007099509704858065,0.007348292972892523,,,,,,dqn,cartpole,sparse,0.1,0.9,0,
42,0.0,12,0.8701666666666666,1.9469429389573634e-05,-0.007173632271587849,0.004536563530564308,,,,,,dqn,cartpole,sparse,0.1,0.9,0,
43,0.0,14,0.867,1.410364257026231e-05,-0.004659494385123253,0.003822210244834423,,,,,,dqn,cartpole,sparse,0.1,0.9,0,
44,0.0,13,0.8638333333333333,2.5843264666036703e-05,-0.005766836926341057,0.005014578811824322,,,,,,dqn,cartpole,sparse,0.1,0.9,0,
45,0.0,26,0.8606666666666667,1.5905421605566517e-05,-0.006171843037009239,0.004816651344299316,,,,,,dqn,cartpole,sparse,0.1,0.9,0,
46,0.0,27,0.8575,1.4796298273722641e-05,-0.006975931581109762,0.003791694063693285,,,,,,dqn,cartpole,sparse,0.1,0.9,0,
47,0.0,11,0.8543333333333334,2.1400956029538065e-05,-0.007045082747936249,0.004127909429371357,,,,,,dqn,cartpole,sparse,0.1,0.9,0,
48,0.0,10,0.8511666666666666,1.3031552043685224e-05,-0.005729173310101032,0.003841515863314271,,,,,,dqn,cartpole,sparse,0.1,0.9,0,
49,0.0,28,0.848,1.2098647857783362e-05,-0.0033522986341267824,0.0033728594426065683,,,,,,dqn,cartpole,sparse,0.1,0.9,0,
50,0.0,15,0.8448333333333333,1.146680187957827e-05,-0.007420099340379238,0.0036392887122929096,,,0.0,0.0,9.4,dqn,cartpole,sparse,0.1,0.9,0,
51,0.0,16,0.8416666666666667,1.9609102309914306e-05,-0.0051131476648151875,0.0037889056839048862,,,,,,dqn,cartpole,sparse,0.1,0.9,0,
52,0.0,20,0.8385,1.4231333807401825e-05,-0.006006964482367039,0.0034694871865212917,,,,,,dqn,cartpole,sparse,0.1,0.9,0,
53,0.0,9,0.8353333333333334,3.335757355671376e-05,-0.010185948573052883,0.004775038920342922,,,,,,dqn,cartpole,sparse,0.1,0.9,0,
54,0.0,20,0.8321666666666667,6.845026291557588e-06,-0.002868311945348978,0.002708366373553872,,,,,,dqn,cartpole,sparse,0.1,0.9,0,
55,0.0,19,0.829,1.3909231711295433e-05,-0.0070226662792265415,0.0037126399111002684,,,,,,dqn,cartpole,sparse,0.1,0.9,0,
56,0.0,15,0.8258333333333334,8.944800356402993e-06,-0.006892838515341282,0.0032871016301214695,,,,,,dqn,cartpole,sparse,0.1,0.9,0,
57,0.0,22,0.8226666666666667,1.2259604773134924e-05,-0.006058895494788885,0.0032410952262580395,,,,,,dqn,cartpole,sparse,0.1,0.9,0,
58,0.0,16,0.8195,9.5837331173243e-06,-0.006137757562100887,0.0028548967093229294,,,,,,dqn,cartpole,sparse,0.1,0.9,0,
59,0.0,13,0.8163333333333334,1.5803047062945552e-05,-0.006713566370308399,0.003343285759910941,,,,,,dqn,cartpole,sparse,0.1,0.9,0,
60,0.0,12,0.8131666666666667,2.788850906654261e-05,-0.008423825725913048,0.003977230750024319,,,,,,dqn,cartpole,sparse,0.1,0.9,0,
61,0.0,16,0.81,2.036961814155802e-05,-0.004707305226475,0.0035636620596051216,,,,,,dqn,cartpole,sparse,0.1,0.9,0,
62,0.0,32,0.8068333333333333,6.836851298430702e-06,-0.005323281977325678,0.0026638086419552565,,,,,,dqn,cartpole,sparse,0.1,0.9,0,
63,0.0,13,0.8036666666666666,1.7735401343088597e-05,-0.004344565328210592,0.0037672228645533323,,,,,,dqn,cartpole,sparse,0.1,0.9,0,
64,0.0,16,0.8005,7.337172064580955e-06,-0.007933150045573711,0.0031413703691214323,,,,,,dqn,cartpole,sparse,0.1,0.9,0,
65,0.0,19,0.7973333333333333,1.163222077593673e-05,-0.0033047650940716267,0.0027296696789562702,,,,,,dqn,cartpole,sparse,0.1,0.9,0,
66,0.0,17,0.7941666666666667,1.1273590644123033e-05,-0.005764666944742203,0.003353261388838291,,,,,,dqn,cartpole,sparse,0.1,0.9,0,
67,0.0,12,0.791,6.342389951896621e-06,-0.004499780014157295,0.0025967343244701624,,,,,,dqn,cartpole,sparse,0.1,0.9,0,
68,0.0,18,0.7878333333333334,1.058961424860172e-05,-0.00460170628502965,0.0031931898556649685,,,,,,dqn,cartpole,sparse,0.1,0.9,0,
69,0.0,23,0.7846666666666666,1.9873163182637654e-05,-0.004974499344825745,0.0036411024630069733,,,,,,dqn,cartpole,sparse,0.1,0.9,0,
70,0.0,23,0.7815,1.0035098966909572e-05,-0.005188843701034784,0.0028980644419789314,,,,,,dqn,cartpole,sparse,0.1,0.9,0,
71,0.0,18,0.7783333333333333,8.420165613642894e-06,-0.003653161693364382,0.0032914220355451107,,,,,,dqn,cartpole,sparse,0.1,0.9,0,
72,0.0,23,0.7751666666666667,8.191957931558136e-06,-0.005730883218348026,0.0032354246359318495,,,,,,dqn,cartpole,sparse,0.1,0.9,0,
73,0.0,13,0.772,1.1851145245600492e-05,-0.006391346454620361,0.00390712870284915,,,,,,dqn,cartpole,sparse,0.1,0.9,0,
74,0.0,13,0.7688333333333334,2.4952212697826326e-05,-0.007949411869049072,0.004285776987671852,,,,,,dqn,cartpole,sparse,0.1,0.9,0,
75,0.0,20,0.7656666666666667,4.465657184482552e-06,-0.002938777208328247,0.0019612519536167383,,,,,,dqn,cartpole,sparse,0.1,0.9,0,
76,0.0,17,0.7625,1.3143369869794697e-05,-0.00680584367364645,0.003860729979351163,,,,,,dqn,cartpole,sparse,0.1,0.9,0,
77,0.0,14,0.7593333333333333,9.598303222446702e-06,-0.005653508007526398,0.003223143983632326,,,,,,dqn,cartpole,sparse,0.1,0.9,0,
78,0.0,31,0.7561666666666667,1.9042683561565354e-05,-0.0061077577993273735,0.0035542938858270645,,,,,,dqn,cartpole,sparse,0.1,0.9,0,
79,0.0,39,0.753,1.4492696209345013e-05,-0.00794327724725008,0.003810159396380186,,,,,,dqn,cartpole,sparse,0.1,0.9,0,
80,0.0,12,0.7498333333333334,1.6399764717789367e-05,-0.005979045294225216,0.0034080371260643005,,,,,,dqn,cartpole,sparse,0.1,0.9,0,
81,0.0,27,0.7466666666666667,1.7585585737833753e-05,-0.006652330979704857,0.0029507228173315525,,,,,,dqn,cartpole,sparse,0.1,0.9,0,
82,0.0,37,0.7435,4.005617483926471e-06,-0.004103584680706263,0.00213331775739789,,,,,,dqn,cartpole,sparse,0.1,0.9,0,
83,0.0,11,0.7403333333333333,9.777567356650252e-06,-0.005940332543104887,0.003267349675297737,,,,,,dqn,cartpole,sparse,0.1,0.9,0,
84,0.0,14,0.7371666666666667,8.52137145557208e-06,-0.004763932898640633,0.0030691225547343493,,,,,,dqn,cartpole,sparse,0.1,0.9,0,
85,0.0,15,0.734,7.554858711955603e-06,-0.004204941913485527,0.002805029507726431,,,,,,dqn,cartpole,sparse,0.1,0.9,0,
86,0.0,14,0.7308333333333333,1.1919947610294912e-05,-0.005196455866098404,0.003012938192114234,,,,,,dqn,cartpole,sparse,0.1,0.9,0,
87,0.0,15,0.7276666666666667,1.1995420209132135e-05,-0.007111308630555868,0.0037273985799402,,,,,,dqn,cartpole,sparse,0.1,0.9,0,
88,0.0,15,0.7245,6.437360752897803e-06,-0.0038781273178756237,0.002321629785001278,,,,,,dqn,cartpole,sparse,0.1,0.9,0,
89,0.0,27,0.7213333333333334,1.6503112419741228e-05,-0.004617869388312101,0.00322530185803771,,,,,,dqn,cartpole,sparse,0.1,0.9,0,
90,0.0,12,0.7181666666666666,6.148224656499224e-06,-0.005224761087447405,0.002779622096568346,,,,,,dqn,cartpole,sparse,0.1,0.9,0,
91,0.0,17,0.7150000000000001,1.386644180456642e-05,-0.006830202881246805,0.003315622452646494,,,,,,dqn,cartpole,sparse,0.1,0.9,0,
92,0.0,20,0.7118333333333333,1.1042800906579942e-05,-0.005821008235216141,0.0027535208500921726,,,,,,dqn,cartpole,sparse,0.1,0.9,0,
93,0.0,13,0.7086666666666668,5.973275619908236e-06,-0.004962008446455002,0.002466069534420967,,,,,,dqn,cartpole,sparse,0.1,0.9,0,
94,0.0,50,0.7055,4.975535830453737e-06,-0.005041282624006271,0.0023256940767169,,,,,,dqn,cartpole,sparse,0.1,0.9,0,
95,0.0,28,0.7023333333333333,6.018571184540633e-06,-0.004557198379188776,0.0027604084461927414,,,,,,dqn,cartpole,sparse,0.1,0.9,0,
96,0.0,56,0.6991666666666667,1.179735227196943e-05,-0.004992415197193623,0.0030065777245908976,,,,,,dqn,cartpole,sparse,0.1,0.9,0,
97,0.0,17,0.696,4.735944003186887e-06,-0.005614927038550377,0.0022756163962185383,,,,,,dqn,cartpole,sparse,0.1,0.9,0,
98,0.0,21,0.6928333333333334,5.314061127137393e-06,-0.004478834569454193,0.0027123545296490192,,,,,,dqn,cartpole,sparse,0.1,0.9,0,
99,0.0,13,0.6896666666666667,9.35368734644726e-06,-0.005040123127400875,0.0027773710899055004,,,,,,dqn,cartpole,sparse,0.1,0.9,0,
100,0.0,45,0.6865,9.050063454196788e-06,-0.006441350094974041,0.003026002086699009,,,0.0,0.0,9.4,dqn,cartpole,sparse,0.1,0.9,0,
101,0.0,14,0.6833333333333333,3.940937403967837e-06,-0.004366558976471424,0.0022905669175088406,,,,,,dqn,cartpole,sparse,0.1,0.9,0,
102,0.0,11,0.6801666666666667,8.5480060079135e-06,-0.005189505405724049,0.0029763891361653805,,,,,,dqn,cartpole,sparse,0.1,0.9,0,
103,0.0,11,0.677,1.1717653251253068e-05,-0.003809310495853424,0.00278955465182662,,,,,,dqn,cartpole,sparse,0.1,0.9,0,
104,0.0,13,0.6738333333333333,1.2688265087490436e-05,-0.00499021727591753,0.003292814828455448,,,,,,dqn,cartpole,sparse,0.1,0.9,0,
105,0.0,11,0.6706666666666667,1.957370841410011e-05,-0.0068448735401034355,0.003948683850467205,,,,,,dqn,cartpole,sparse,0.1,0.9,0,
106,0.0,13,0.6675,7.761193955957424e-06,-0.0052855173125863075,0.002849226351827383,,,,,,dqn,cartpole,sparse,0.1,0.9,0,
107,0.0,33,0.6643333333333333,3.7032145883131307e-06,-0.0030460164416581392,0.001984739676117897,,,,,,dqn,cartpole,sparse,0.1,0.9,0,
108,0.0,39,0.6611666666666667,4.720676315628225e-06,-0.004689712077379227,0.0021517910063266754,,,,,,dqn,cartpole,sparse,0.1,0.9,0,
109,0.0,22,0.658,8.072696800809354e-06,-0.00254091527312994,0.0027359426021575928,,,,,,dqn,cartpole,sparse,0.1,0.9,0,
110,0.0,24,0.6548333333333334,9.141938789980486e-06,-0.005113257095217705,0.002807841170579195,,,,,,dqn,cartpole,sparse,0.1,0.9,0,
111,0.0,16,0.6516666666666667,1.4055394785827957e-05,-0.00532392505556345,0.003976856358349323,,,,,,dqn,cartpole,sparse,0.1,0.9,0,
112,0.0,12,0.6485000000000001,7.572234608232975e-06,-0.0037318868562579155,0.0023662173189222813,,,,,,dqn,cartpole,sparse,0.1,0.9,0,
113,0.0,35,0.6453333333333333,7.306349743885221e-06,-0.0034042131155729294,0.002989509142935276,,,,,,dqn,cartpole,sparse,0.1,0.9,0,
114,0.0,15,0.6421666666666668,8.04762021289207e-06,-0.005848762579262257,0.0032393550500273705,,,,,,dqn,cartpole,sparse,0.1,0.9,0,
115,0.0,42,0.639,1.99872756638797e-05,-0.004987480118870735,0.0037010456435382366,,,,,,dqn,cartpole,sparse,0.1,0.9,0,
116,0.0,26,0.6358333333333333,9.579924153513275e-06,-0.005717613734304905,0.0031292312778532505,,,,,,dqn,cartpole,sparse,0.1,0.9,0,
117,0.0,25,0.6326666666666667,9.046650120581035e-06,-0.0021508142817765474,0.003291014116257429,,,,,,dqn,cartpole,sparse,0.1,0.9,0,
118,0.0,27,0.6295,7.371877472905908e-06,-0.006398238241672516,0.0030591143295168877,,,,,,dqn,cartpole,sparse,0.1,0.9,0,
119,0.0,19,0.6263333333333334,4.8521851567784324e-06,-0.00460838433355093,0.0026093819178640842,,,,,,dqn,cartpole,sparse,0.1,0.9,0,
120,0.0,12,0.6231666666666666,1.1181178706465289e-05,-0.005956748966127634,0.0030455116648226976,,,,,,dqn,cartpole,sparse,0.1,0.9,0,
121,0.0,32,0.62,5.533925104828086e-06,-0.0034226742573082447,0.002810082398355007,,,,,,dqn,cartpole,sparse,0.1,0.9,0,
122,0.0,44,0.6168333333333333,4.167546649114229e-06,-0.0013981838710606098,0.002454952336847782,,,,,,dqn,cartpole,sparse,0.1,0.9,0,
123,0.0,19,0.6136666666666667,3.989623110101093e-06,-0.003721873741596937,0.002507947152480483,,,,,,dqn,cartpole,sparse,0.1,0.9,0,
124,0.0,11,0.6105,3.7114464248588774e-06,-0.002399362390860915,0.002255680039525032,,,,,,dqn,cartpole,sparse,0.1,0.9,0,
125,0.0,15,0.6073333333333333,4.2818237488972954e-06,-0.0016058553010225296,0.002278817817568779,,,,,,dqn,cartpole,sparse,0.1,0.9,0,
126,0.0,13,0.6041666666666667,5.109242920298129e-06,-0.0033196676522493362,0.0022240844555199146,,,,,,dqn,cartpole,sparse,0.1,0.9,0,
127,0.0,15,0.601,4.431971319718286e-06,-0.0026925744023174047,0.0024611526168882847,,,,,,dqn,cartpole,sparse,0.1,0.9,0,
128,0.0,22,0.5978333333333333,1.7363112192469998e-06,-0.0017679808661341667,0.0014720202889293432,,,,,,dqn,cartpole,sparse,0.1,0.9,0,
129,0.0,15,0.5946666666666667,3.873270088661229e-06,-0.0032906713895499706,0.001960771158337593,,,,,,dqn,cartpole,sparse,0.1,0.9,0,
130,0.0,11,0.5915,3.260522134951316e-06,-0.003883366473019123,0.0020083370618522167,,,,,,dqn,cartpole,sparse,0.1,0.9,0,
131,0.0,9,0.5883333333333334,3.7677446016459726e-06,-0.0023727966472506523,0.0020185625180602074,,,,,,dqn,cartpole,sparse,0.1,0.9,0,
132,0.0,32,0.5851666666666667,4.168467057752423e-06,-0.0014462657272815704,0.0017231658566743135,,,,,,dqn,cartpole,sparse,0.1,0.9,0,
133,0.0,12,0.5820000000000001,2.9043017093499657e-06,-0.003669388359412551,0.002074555028229952,,,,,,dqn,cartpole,sparse,0.1,0.9,0,
134,0.0,17,0.5788333333333333,4.03517015001853e-06,-0.00188723998144269,0.0015473745297640562,,,,,,dqn,cartpole,sparse,0.1,0.9,0,
135,0.0,26,0.5756666666666668,2.1334903976821806e-06,-0.001447875751182437,0.0015282214153558016,,,,,,dqn,cartpole,sparse,0.1,0.9,0,
136,0.0,12,0.5725,4.092612925887806e-06,-0.0018028453923761845,0.0017399924108758569,,,,,,dqn,cartpole,sparse,0.1,0.9,0,
137,0.0,12,0.5693333333333334,1.4932509202481015e-06,-0.0019988161511719227,0.001136183156631887,,,,,,dqn,cartpole,sparse,0.1,0.9,0,
138,0.0,13,0.5661666666666667,2.9996440389368217e-06,-0.003042311407625675,0.0017351005226373672,,,,,,dqn,cartpole,sparse,0.1,0.9,0,
139,0.0,15,0.563,2.0329734979895875e-06,-0.0020464560948312283,0.0016166454879567027,,,,,,dqn,cartpole,sparse,0.1,0.9,0,
140,0.0,13,0.5598333333333334,2.938950274256058e-06,-0.0029321450274437666,0.0015672356821596622,,,,,,dqn,cartpole,sparse,0.1,0.9,0,
141,0.0,9,0.5566666666666666,2.301801032444928e-06,-0.00263072457164526,0.0014998989645391703,,,,,,dqn,cartpole,sparse,0.1,0.9,0,
142,0.0,14,0.5535000000000001,1.923263653225149e-06,-0.0017976082162931561,0.0011390186846256256,,,,,,dqn,cartpole,sparse,0.1,0.9,0,
143,0.0,19,0.5503333333333333,4.467270628083497e-06,-0.0032764228526502848,0.0018134524580091238,,,,,,dqn,cartpole,sparse,0.1,0.9,0,
144,0.0,10,0.5471666666666667,1.9962076294177677e-06,-0.0013528410345315933,0.0010094966273754835,,,,,,dqn,cartpole,sparse,0.1,0.9,0,
145,0.0,19,0.544,1.797857862584351e-06,-0.002214116510003805,0.0014922779519110918,,,,,,dqn,cartpole,sparse,0.1,0.9,0,
146,0.0,11,0.5408333333333333,1.8065602489514276e-06,-0.003072543768212199,0.0015049846842885017,,,,,,dqn,cartpole,sparse,0.1,0.9,0,
147,0.0,11,0.5376666666666667,4.398482815304305e-06,-0.0025244562420994043,0.0016624948475509882,,,,,,dqn,cartpole,sparse,0.1,0.9,0,
148,0.0,10,0.5345,2.448911800456699e-06,-0.0022301804274320602,0.0014863545075058937,,,,,,dqn,cartpole,sparse,0.1,0.9,0,
149,0.0,15,0.5313333333333333,1.6099563708849018e-06,-0.0022243070416152477,0.001272004097700119,,,,,,dqn,cartpole,sparse,0.1,0.9,0,
150,0.0,15,0.5281666666666667,3.642861429398181e-06,-0.0018989150412380695,0.0014664481859654188,,,0.0,0.0,9.4,dqn,cartpole,sparse,0.1,0.9,0,
151,0.0,16,0.525,2.111677758875885e-06,-0.002920080441981554,0.0015858246479183435,,,,,,dqn,cartpole,sparse,0.1,0.9,0,
152,0.0,31,0.5218333333333334,3.0897440410626587e-06,-0.0031695819925516844,0.0019332336960360408,,,,,,dqn,cartpole,sparse,0.1,0.9,0,
153,0.0,15,0.5186666666666666,3.2811949495226145e-06,-0.003196585923433304,0.001261389465071261,,,,,,dqn,cartpole,sparse,0.1,0.9,0,
154,0.0,24,0.5155000000000001,2.158118149964139e-06,-0.002745550125837326,0.0016373060643672943,,,,,,dqn,cartpole,sparse,0.1,0.9,0,
155,0.0,18,0.5123333333333333,1.4796338518863195e-06,-0.002401944249868393,0.0011897117365151644,,,,,,dqn,cartpole,sparse,0.1,0.9,0,
156,0.0,11,0.5091666666666667,2.7366431822883897e-06,-0.0023652995005249977,0.0014874578919261694,,,,,,dqn,cartpole,sparse,0.1,0.9,0,
157,0.0,16,0.506,2.115158849846921e-06,-0.002268225885927677,0.0016234804643318057,,,,,,dqn,cartpole,sparse,0.1,0.9,0,
158,0.0,28,0.5028333333333334,2.1700925572076812e-06,-0.0025714098010212183,0.0015160201583057642,,,,,,dqn,cartpole,sparse,0.1,0.9,0,
159,0.0,9,0.4996666666666667,2.442183358652983e-06,-0.0031417785212397575,0.001779130194336176,,,,,,dqn,cartpole,sparse,0.1,0.9,0,
160,0.0,11,0.49650000000000005,1.8822668153006816e-06,-0.0009380333358421922,0.001112237572669983,,,,,,dqn,cartpole,sparse,0.1,0.9,0,
161,0.0,16,0.4933333333333334,1.7196648514072876e-06,-0.0022773505188524723,0.0012393735814839602,,,,,,dqn,cartpole,sparse,0.1,0.9,0,
162,0.0,12,0.49016666666666675,2.8029337499901885e-06,-0.0031539201736450195,0.001430694479495287,,,,,,dqn,cartpole,sparse,0.1,0.9,0,
163,0.0,25,0.487,1.8335650793233071e-06,-0.002326398389413953,0.0013365955092012882,,,,,,dqn,cartpole,sparse,0.1,0.9,0,
164,0.0,16,0.48383333333333334,1.5806638202775503e-06,-0.002848432632163167,0.0010541056981310248,,,,,,dqn,cartpole,sparse,0.1,0.9,0,
165,0.0,11,0.4806666666666667,1.063675540535769e-06,-0.0010859385365620255,0.0009025734616443515,,,,,,dqn,cartpole,sparse,0.1,0.9,0,
166,0.0,11,0.47750000000000004,2.3387074179481715e-06,-0.0024991105310618877,0.0016203150153160095,,,,,,dqn,cartpole,sparse,0.1,0.9,0,
167,0.0,17,0.4743333333333334,2.7424671316111926e-06,-0.001778540201485157,0.0015390055486932397,,,,,,dqn,cartpole,sparse,0.1,0.9,0,
168,0.0,21,0.47116666666666673,3.6251803976483643e-06,-0.0025436654686927795,0.0016154367476701736,,,,,,dqn,cartpole,sparse,0.1,0.9,0,
169,0.0,11,0.46799999999999997,1.94953690879629e-06,-0.001835373928770423,0.0013510428834706545,,,,,,dqn,cartpole,sparse,0.1,0.9,0,
170,0.0,10,0.4648333333333333,1.8237583390146028e-06,-0.0018512359820306301,0.001535061514005065,,,,,,dqn,cartpole,sparse,0.1,0.9,0,
171,0.0,31,0.46166666666666667,1.5424759567395085e-06,-0.002900820691138506,0.0012313589686527848,,,,,,dqn,cartpole,sparse,0.1,0.9,0,
172,0.0,10,0.4585,2.23485176320537e-06,-0.002144207013770938,0.0016183801926672459,,,,,,dqn,cartpole,sparse,0.1,0.9,0,
173,0.0,11,0.45533333333333337,1.7896811641548993e-06,-0.0032060127705335617,0.0013174208579584956,,,,,,dqn,cartpole,sparse,0.1,0.9,0,
174,0.0,24,0.4521666666666667,1.962381702469429e-06,-0.0024688015691936016,0.0015565422363579273,,,,,,dqn,cartpole,sparse,0.1,0.9,0,
175,0.0,14,0.44900000000000007,1.8387431737210136e-06,-0.0017184172756969929,0.0014860297087579966,,,,,,dqn,cartpole,sparse,0.1,0.9,0,
176,0.0,12,0.4458333333333333,2.1448659026646055e-06,-0.0014552951324731112,0.001299381721764803,,,,,,dqn,cartpole,sparse,0.1,0.9,0,
177,0.0,16,0.44266666666666665,1.5666294075344922e-06,-0.002329830080270767,0.0014593263622373343,,,,,,dqn,cartpole,sparse,0.1,0.9,0,
178,0.0,20,0.4395,1.6614974356343737e-06,-0.0019166364800184965,0.0011207065545022488,,,,,,dqn,cartpole,sparse,0.1,0.9,0,
179,0.0,16,0.43633333333333335,1.642997631279286e-06,-0.002521730726584792,0.0012341940309852362,,,,,,dqn,cartpole,sparse,0.1,0.9,0,
180,0.0,9,0.4331666666666667,1.158307327386865e-06,-0.001806435757316649,0.001141321612522006,,,,,,dqn,cartpole,sparse,0.1,0.9,0,
181,0.0,9,0.43000000000000005,1.3122935342835262e-06,-0.0019237794913351536,0.001086900127120316,,,,,,dqn,cartpole,sparse,0.1,0.9,0,
182,0.0,14,0.4268333333333333,1.3960971045889892e-06,-0.0021587004885077477,0.0012265166733413935,,,,,,dqn,cartpole,sparse,0.1,0.9,0,
183,0.0,11,0.42366666666666664,1.26683175949438e-06,-0.001808594330213964,0.0012037490960210562,,,,,,dqn,cartpole,sparse,0.1,0.9,0,
184,0.0,12,0.4205,1.42723342833051e-06,-0.0016436453443020582,0.0011564451269805431,,,,,,dqn,cartpole,sparse,0.1,0.9,0,
185,0.0,12,0.41733333333333344,3.827914952125866e-06,-0.00216434383764863,0.0012532961554825306,,,,,,dqn,cartpole,sparse,0.1,0.9,0,
186,0.0,12,0.4141666666666667,1.2844780030718539e-06,-0.002091574016958475,0.0012667803093791008,,,,,,dqn,cartpole,sparse,0.1,0.9,0,
187,0.0,10,0.41100000000000003,1.6417188817285933e-06,-0.0016043168725445867,0.00151413946878165,,,,,,dqn,cartpole,sparse,0.1,0.9,0,
188,0.0,20,0.4078333333333334,2.7961616524407873e-06,-0.0022622747346758842,0.0015358736272901297,,,,,,dqn,cartpole,sparse,0.1,0.9,0,
189,0.0,14,0.4046666666666666,1.2972941476618871e-06,-0.0014896667562425137,0.0011578493285924196,,,,,,dqn,cartpole,sparse,0.1,0.9,0,
190,0.0,11,0.4015000000000001,9.664736353443004e-07,-0.001497328863479197,0.0008132127113640308,,,,,,dqn,cartpole,sparse,0.1,0.9,0,
191,0.0,12,0.39833333333333343,1.2447014796634903e-06,-0.0020935297943651676,0.0010454418370500207,,,,,,dqn,cartpole,sparse,0.1,0.9,0,
192,0.0,11,0.39516666666666667,8.547893912691507e-07,-0.0014953564386814833,0.0009040404111146927,,,,,,dqn,cartpole,sparse,0.1,0.9,0,
193,0.0,15,0.392,1.5080729554028949e-06,-0.002371746115386486,0.0012693624012172222,,,,,,dqn,cartpole,sparse,0.1,0.9,0,
194,0.0,9,0.38883333333333336,1.2132077245041728e-06,-0.0023165838792920113,0.0010953053133562207,,,,,,dqn,cartpole,sparse,0.1,0.9,0,
195,0.0,13,0.3856666666666667,1.4203976661519846e-06,-0.001874415436759591,0.001205817679874599,,,,,,dqn,cartpole,sparse,0.1,0.9,0,
196,0.0,9,0.38250000000000006,8.993624760478269e-07,-0.001983183203265071,0.0010618043597787619,,,,,,dqn,cartpole,sparse,0.1,0.9,0,
197,0.0,9,0.3793333333333334,7.66270545682346e-07,-0.0010099238716065884,0.0009192723082378507,,,,,,dqn,cartpole,sparse,0.1,0.9,0,
198,0.0,9,0.37616666666666676,1.0121381137651042e-06,-0.002292648423463106,0.0010620227549225092,,,,,,dqn,cartpole,sparse,0.1,0.9,0,
199,0.0,11,0.373,2.3502718704548897e-06,-0.0024358313530683517,0.0013819223968312144,,,,,,dqn,cartpole,sparse,0.1,0.9,0,
200,0.0,10,0.36983333333333335,1.8970551991515094e-06,-0.0010576524073258042,0.0012062829919159412,,,0.0,0.0,9.4,dqn,cartpole,sparse,0.1,0.9,0,
201,0.0,10,0.3666666666666667,2.194836497437791e-06,-0.001383757684379816,0.0012806036975234747,,,,,,dqn,cartpole,sparse,0.1,0.9,0,
202,0.0,13,0.36350000000000005,6.468526976277644e-07,-0.0010771567467600107,0.0008580441353842616,,,,,,dqn,cartpole,sparse,0.1,0.9,0,
203,0.0,12,0.3603333333333334,1.6797297348603024e-06,-0.0010366600472480059,0.0011904428247362375,,,,,,dqn,cartpole,sparse,0.1,0.9,0,
204,0.0,13,0.35716666666666674,1.1620919622146175e-06,-0.0027322168461978436,0.0012056933483108878,,,,,,dqn,cartpole,sparse,0.1,0.9,0,
205,0.0,14,0.354,1.388108785249642e-06,-0.0018612118437886238,0.0011469395831227303,,,,,,dqn,cartpole,sparse,0.1,0.9,0,
206,0.0,9,0.35083333333333333,1.070047119355877e-06,-0.0016763154417276382,0.0011820006184279919,,,,,,dqn,cartpole,sparse,0.1,0.9,0,
207,0.0,11,0.3476666666666667,1.4144029591989238e-06,-0.0022080428898334503,0.0012108334340155125,,,,,,dqn,cartpole,sparse,0.1,0.9,0,
208,0.0,10,0.34450000000000003,8.506113431394624e-07,-0.0011265530483797193,0.000993657042272389,,,,,,dqn,cartpole,sparse,0.1,0.9,0,
209,0.0,15,0.3413333333333334,3.5684606700669974e-06,-0.002860759850591421,0.0017121684504672885,,,,,,dqn,cartpole,sparse,0.1,0.9,0,
210,0.0,10,0.3381666666666667,1.8949043578686542e-06,-0.0018482066225260496,0.0010506382677704096,,,,,,dqn,cartpole,sparse,0.1,0.9,0,
211,0.0,11,0.3350000000000001,1.099551809602417e-06,-0.0017081183614209294,0.0009005500469356775,,,,,,dqn,cartpole,sparse,0.1,0.9,0,
212,0.0,11,0.3318333333333333,1.1120382623630576e-06,-0.0013204196002334356,0.0012108616065233946,,,,,,dqn,cartpole,sparse,0.1,0.9,0,
213,0.0,13,0.32866666666666666,1.2693375310846022e-06,-0.002400346100330353,0.0009513614932075143,,,,,,dqn,cartpole,sparse,0.1,0.9,0,
214,0.0,9,0.3255,9.90401304079569e-07,-0.001531827263534069,0.0009172746213153005,,,,,,dqn,cartpole,sparse,0.1,0.9,0,
215,0.0,12,0.32233333333333336,1.0713149549701484e-06,-0.0022951981518417597,0.0012393444776535034,,,,,,dqn,cartpole,sparse,0.1,0.9,0,
216,0.0,9,0.3191666666666667,6.804833105888974e-07,-0.0021526305936276913,0.0008873841725289822,,,,,,dqn,cartpole,sparse,0.1,0.9,0,
217,0.0,21,0.31600000000000006,1.9054764379689004e-06,-0.0020877548959106207,0.0013949691783636808,,,,,,dqn,cartpole,sparse,0.1,0.9,0,
218,0.0,21,0.3128333333333333,2.7405644686950836e-06,-0.0018295140471309423,0.0011810101568698883,,,,,,dqn,cartpole,sparse,0.1,0.9,0,
219,0.0,13,0.30966666666666665,2.4943876724137226e-06,-0.0012236149050295353,0.001299896975979209,,,,,,dqn,cartpole,sparse,0.1,0.9,0,
220,0.0,8,0.3065,3.4168265301559586e-06,-0.0027314515318721533,0.0016087287804111838,,,,,,dqn,cartpole,sparse,0.1,0.9,0,
221,0.0,10,0.30333333333333345,2.4208479771914426e-06,-0.002771741012111306,0.0014777285978198051,,,,,,dqn,cartpole,sparse,0.1,0.9,0,
222,0.0,9,0.3001666666666667,1.6220885754592018e-06,-0.0015298681100830436,0.001393085578456521,,,,,,dqn,cartpole,sparse,0.1,0.9,0,
223,0.0,11,0.29700000000000004,3.730072421603836e-06,-0.0011787202674895525,0.0017317121382802725,,,,,,dqn,cartpole,sparse,0.1,0.9,0,
224,0.0,12,0.2938333333333334,8.924708367885614e-07,-0.002535501029342413,0.0008422487881034613,,,,,,dqn,cartpole,sparse,0.1,0.9,0,
225,0.0,15,0.29066666666666663,7.091447287166375e-07,-0.00017756960005499423,0.0008195069967769086,,,,,,dqn,cartpole,sparse,0.1,0.9,0,
226,0.0,20,0.2875000000000001,1.9064152638748055e-06,-0.001891789841465652,0.0013079920317977667,,,,,,dqn,cartpole,sparse,0.1,0.9,0,
227,0.0,15,0.28433333333333344,9.79473838924605e-07,-0.002511009108275175,0.0008796167094260454,,,,,,dqn,cartpole,sparse,0.1,0.9,0,
228,0.0,17,0.2811666666666667,1.7807635686040157e-06,-0.0017215555999428034,0.001425221562385559,,,,,,dqn,cartpole,sparse,0.1,0.9,0,
229,0.0,11,0.278,5.795697006760747e-07,-0.0027630222029983997,0.000703927711583674,,,,,,dqn,cartpole,sparse,0.1,0.9,0,
230,0.0,9,0.2748333333333334,5.459550038722227e-07,-0.0009982339106500149,0.0007306341431103647,,,,,,dqn,cartpole,sparse,0.1,0.9,0,
231,0.0,9,0.2716666666666666,1.0542062227614224e-06,-0.0019984557293355465,0.0012292856117710471,,,,,,dqn,cartpole,sparse,0.1,0.9,0,
232,0.0,11,0.26850000000000007,8.98517896530393e-07,-0.001076085725799203,0.0008580536232329905,,,,,,dqn,cartpole,sparse,0.1,0.9,0,
233,0.0,10,0.2653333333333334,4.885379212282714e-07,-0.0013189685996621847,0.000839771528262645,,,,,,dqn,cartpole,sparse,0.1,0.9,0,
234,0.0,10,0.26216666666666677,2.97659971693065e-06,-0.001832005800679326,0.0013852159027010202,,,,,,dqn,cartpole,sparse,0.1,0.9,0,
235,0.0,10,0.259,1.0112894415215123e-06,6.795030640205368e-05,0.0012276023626327515,,,,,,dqn,cartpole,sparse,0.1,0.9,0,
236,0.0,12,0.25583333333333336,6.859308427920041e-07,-0.001124280272051692,0.0008249172242358327,,,,,,dqn,cartpole,sparse,0.1,0.9,0,
237,0.0,10,0.2526666666666667,1.037887045640673e-06,-0.0025455220602452755,0.0009573682909831405,,,,,,dqn,cartpole,sparse,0.1,0.9,0,
238,0.0,9,0.24950000000000006,5.360589057090692e-07,-0.0006133671849966049,0.0007993102772161365,,,,,,dqn,cartpole,sparse,0.1,0.9,0,
239,0.0,9,0.2463333333333334,1.7671577552391682e-06,-0.0023392322473227978,0.0012210803106427193,,,,,,dqn,cartpole,sparse,0.1,0.9,0,
240,0.0,16,0.24316666666666675,1.4666015886177775e-06,-0.0013862597988918424,0.0009796851081773639,,,,,,dqn,cartpole,sparse,0.1,0.9,0,
241,0.0,13,0.24,3.9542528611491434e-06,-0.0022049597464501858,0.001539702294394374,,,,,,dqn,cartpole,sparse,0.1,0.9,0,
242,0.0,10,0.23683333333333334,1.035794525705569e-06,-0.0016334260581061244,0.0011300032492727041,,,,,,dqn,cartpole,sparse,0.1,0.9,0,
243,0.0,11,0.2336666666666667,1.0302088639946305e-06,-0.0016720723360776901,0.0009022050071507692,,,,,,dqn,cartpole,sparse,0.1,0.9,0,
244,0.0,9,0.23050000000000004,1.7354936971969437e-06,-0.002538264263421297,0.0010868702083826065,,,,,,dqn,cartpole,sparse,0.1,0.9,0,
245,0.0,10,0.2273333333333334,2.4842295260896208e-06,-0.0014753853902220726,0.0013397324364632368,,,,,,dqn,cartpole,sparse,0.1,0.9,0,
246,0.0,10,0.22416666666666674,1.1831400570372352e-06,-0.0027796588838100433,0.0009905722690746188,,,,,,dqn,cartpole,sparse,0.1,0.9,0,
247,0.0,11,0.22100000000000009,1.1810517435151269e-06,-0.001625098055228591,0.001181536354124546,,,,,,dqn,cartpole,sparse,0.1,0.9,0,
248,0.0,11,0.21783333333333332,1.3765359199169325e-06,-0.0014816834591329098,0.0011860814411193132,,,,,,dqn,cartpole,sparse,0.1,0.9,0,
249,0.0,15,0.21466666666666667,1.1108862736364244e-06,-0.0018868651241064072,0.00107286823913455,,,,,,dqn,cartpole,sparse,0.1,0.9,0,
250,0.0,10,0.21150000000000002,8.821425581118092e-07,-0.0009553242707625031,0.0010603440459817648,,,0.0,0.0,9.4,dqn,cartpole,sparse,0.1,0.9,0,
251,0.0,10,0.20833333333333337,7.662084158255311e-07,-0.0015516392886638641,0.000841371831484139,,,,,,dqn,cartpole,sparse,0.1,0.9,0,
252,0.0,9,0.20516666666666672,1.8782554889185121e-06,-0.0030669737607240677,0.0011762501671910286,,,,,,dqn,cartpole,sparse,0.1,0.9,0,
253,0.0,16,0.20200000000000007,3.4263039196957834e-06,-0.002188486512750387,0.0014833302702754736,,,,,,dqn,cartpole,sparse,0.1,0.9,0,
254,0.0,9,0.1988333333333333,5.318407829690841e-07,-0.0014155994867905974,0.0007266657194122672,,,,,,dqn,cartpole,sparse,0.1,0.9,0,
255,0.0,11,0.19566666666666666,1.1116823088741512e-06,-0.0017723793862387538,0.001102913054637611,,,,,,dqn,cartpole,sparse,0.1,0.9,0,
256,0.0,8,0.1925,1.4373621297636419e-06,-0.0005171672673895955,0.0010403201449662447,,,,,,dqn,cartpole,sparse,0.1,0.9,0,
257,0.0,18,0.18933333333333335,1.3380607697399682e-06,-0.002650011098012328,0.0011388212442398071,,,,,,dqn,cartpole,sparse,0.1,0.9,0,
258,0.0,12,0.1861666666666667,1.577797888785426e-06,-0.0011324614752084017,0.0011981434654444456,,,,,,dqn,cartpole,sparse,0.1,0.9,0,
259,0.0,15,0.18300000000000005,1.4177035154716577e-06,-0.002463306998834014,0.0011922528501600027,,,,,,dqn,cartpole,sparse,0.1,0.9,0,
260,0.0,11,0.1798333333333334,1.6859171410033014e-06,-0.0014996128156781197,0.0015629164408892393,,,,,,dqn,cartpole,sparse,0.1,0.9,0,
261,0.0,17,0.17666666666666664,1.325005769103882e-06,-0.0018662090878933668,0.0009750539902597666,,,,,,dqn,cartpole,sparse,0.1,0.9,0,
262,0.0,11,0.1735,7.248186761898978e-07,-0.0015200682682916522,0.00107483786996454,,,,,,dqn,cartpole,sparse,0.1,0.9,0,
263,0.0,10,0.17033333333333345,9.292969593843736e-07,-0.0018401113338768482,0.0008886880823411047,,,,,,dqn,cartpole,sparse,0.1,0.9,0,
264,0.0,12,0.16716666666666669,7.880197472331929e-07,-0.001845984486863017,0.000849822536110878,,,,,,dqn,cartpole,sparse,0.1,0.9,0,
265,0.0,12,0.16400000000000003,1.8592936612549238e-06,-0.002119592623785138,0.0012197864707559347,,,,,,dqn,cartpole,sparse,0.1,0.9,0,
266,0.0,9,0.16083333333333338,1.0672375765352626e-06,-0.0017168507911264896,0.0009448608616366982,,,,,,dqn,cartpole,sparse,0.1,0.9,0,
267,0.0,11,0.15766666666666662,1.2277666883164784e-06,-0.001861464697867632,0.0009407735196873546,,,,,,dqn,cartpole,sparse,0.1,0.9,0,
268,0.0,11,0.15450000000000008,1.32714649225818e-06,-0.0018877697875723243,0.0011591267539188266,,,,,,dqn,cartpole,sparse,0.1,0.9,0,
269,0.0,11,0.15133333333333343,2.75978936770116e-06,-0.0012236479669809341,0.001350122271105647,,,,,,dqn,cartpole,sparse,0.1,0.9,0,
270,0.0,13,0.14816666666666678,1.926176992128603e-06,-0.0025567011907696724,0.0012184365186840296,,,,,,dqn,cartpole,sparse,0.1,0.9,0,
271,0.0,9,0.14500000000000002,1.2708451322396286e-06,-0.0007988940924406052,0.0013800528831779957,,,,,,dqn,cartpole,sparse,0.1,0.9,0,
272,0.0,14,0.14183333333333337,1.0535992487348267e-06,0.0011859348742291331,0.0012722744140774012,,,,,,dqn,cartpole,sparse,0.1,0.9,0,
273,0.0,8,0.13866666666666672,9.643299563322216e-07,0.00016617962683085352,0.0011934004724025726,,,,,,dqn,cartpole,sparse,0.1,0.9,0,
274,0.0,8,0.13550000000000006,1.2515433809312526e-06,-0.0010326174087822437,0.0010447630193084478,,,,,,dqn,cartpole,sparse,0.1,0.9,0,
275,0.0,10,0.1323333333333334,5.429243401522399e-07,-0.0003097460721619427,0.0008224444463849068,,,,,,dqn,cartpole,sparse,0.1,0.9,0,
276,0.0,10,0.12916666666666676,1.0961194902847637e-06,-0.0005470735486596823,0.0010064681991934776,,,,,,dqn,cartpole,sparse,0.1,0.9,0,
277,0.0,12,0.126,5.104581077830517e-07,0.00011277054727543145,0.0006388172623701394,,,,,,dqn,cartpole,sparse,0.1,0.9,0,
278,0.0,12,0.12283333333333335,7.252514251376851e-07,-0.0002823426038958132,0.0007860409095883369,,,,,,dqn,cartpole,sparse,0.1,0.9,0,
279,0.0,11,0.1196666666666667,5.039199777456815e-07,-0.00025788391940295696,0.0007066834368743002,,,,,,dqn,cartpole,sparse,0.1,0.9,0,
280,0.0,8,0.11650000000000005,3.291967800578277e-07,0.0003138549509458244,0.0005413311300799251,,,,,,dqn,cartpole,sparse,0.1,0.9,0,
281,0.0,12,0.1133333333333334,2.655218622749089e-07,0.00017223285976797342,0.0005289249820634723,,,,,,dqn,cartpole,sparse,0.1,0.9,0,
282,0.0,9,0.11016666666666675,5.246863565844251e-07,-0.00034864721237681806,0.000718231254722923,,,,,,dqn,cartpole,sparse,0.1,0.9,0,
283,0.0,11,0.1070000000000001,8.179998758350848e-07,0.0003790144110098481,0.0009390271734446287,,,,,,dqn,cartpole,sparse,0.1,0.9,0,
284,0.0,16,0.10383333333333333,4.815345278075256e-07,-0.00025718973483890295,0.0006896232953295112,,,,,,dqn,cartpole,sparse,0.1,0.9,0,
285,0.0,12,0.10066666666666668,4.974198759555293e-07,0.0007604197016917169,0.0007417032029479742,,,,,,dqn,cartpole,sparse,0.1,0.9,0,
286,0.0,12,0.09750000000000003,5.207701860854286e-07,-0.00025699337129481137,0.000656713848002255,,,,,,dqn,cartpole,sparse,0.1,0.9,0,
287,0.0,11,0.09433333333333338,6.97267978466698e-07,-0.000654056784696877,0.0007445483352057636,,,,,,dqn,cartpole,sparse,0.1,0.9,0,
288,0.0,14,0.09116666666666673,4.826342774322256e-07,-3.0400886316783726e-05,0.0006556122098118067,,,,,,dqn,cartpole,sparse,0.1,0.9,0,
289,0.0,9,0.08800000000000008,6.330967039502866e-07,-0.001023791148327291,0.0007849247776903212,,,,,,dqn,cartpole,sparse,0.1,0.9,0,
290,0.0,9,0.08483333333333332,4.741812915654009e-07,9.116159344557673e-05,0.0006617775652557611,,,,,,dqn,cartpole,sparse,0.1,0.9,0,
291,0.0,13,0.08166666666666667,5.083267069494468e-07,-0.0004385536885820329,0.0008074641227722168,,,,,,dqn,cartpole,sparse,0.1,0.9,0,
292,0.0,9,0.07850000000000001,4.987641659681685e-07,-0.0002001081156777218,0.0007388664525933564,,,,,,dqn,cartpole,sparse,0.1,0.9,0,
293,0.0,12,0.07533333333333336,5.163802825336461e-07,-0.00011263901251368225,0.0006781261181458831,,,,,,dqn,cartpole,sparse,0.1,0.9,0,
294,0.0,8,0.07216666666666671,2.705664883251302e-07,0.00025605299742892385,0.0005922393174842,,,,,,dqn,cartpole,sparse,0.1,0.9,0,
295,0.0,9,0.06900000000000006,5.227373094385257e-07,0.00015276973135769367,0.0007474282756447792,,,,,,dqn,cartpole,sparse,0.1,0.9,0,
296,0.0,11,0.06583333333333341,5.337461743692984e-07,-0.00010471751738805324,0.0006653587333858013,,,,,,dqn,cartpole,sparse,0.1,0.9,0,
297,0.0,9,0.06266666666666665,2.502383722458035e-07,2.212879917351529e-05,0.0004586419090628624,,,,,,dqn,cartpole,sparse,0.1,0.9,0,
298,0.0,9,0.0595,4.426302666615811e-07,0.00022083653311710805,0.0006587071111425757,,,,,,dqn,cartpole,sparse,0.1,0.9,0,
299,0.0,9,0.05633333333333346,5.459543217511964e-07,-0.00017459443188272417,0.0006645452231168747,,,,,,dqn,cartpole,sparse,0.1,0.9,0,
300,0.0,10,0.053166666666666695,2.9756844810435723e-07,-0.0006041646702215075,0.0006263293325901031,,,0.0,0.0,9.4,dqn,cartpole,sparse,0.1,0.9,0,
301,0.0,9,0.050000000000000044,3.148180383050203e-07,-0.0006849670317023993,0.0005164681933820248,,,,,,dqn,cartpole,sparse,0.1,0.9,0,
302,0.0,10,0.050000000000000044,2.6099428396264557e-07,0.00016144754772540182,0.0006099251331761479,,,,,,dqn,cartpole,sparse,0.1,0.9,0,
303,0.0,9,0.050000000000000044,4.340137991221127e-07,1.4878865840728395e-05,0.0005933539941906929,,,,,,dqn,cartpole,sparse,0.1,0.9,0,
304,0.0,10,0.050000000000000044,6.08006416769058e-07,-0.0003298809169791639,0.000869816925842315,,,,,,dqn,cartpole,sparse,0.1,0.9,0,
305,0.0,10,0.050000000000000044,4.3723872522605234e-07,0.0004304905887693167,0.0006405917229130864,,,,,,dqn,cartpole,sparse,0.1,0.9,0,
306,0.0,9,0.050000000000000044,3.871182059356215e-07,-1.4448713045567274e-05,0.000525805982761085,,,,,,dqn,cartpole,sparse,0.1,0.9,0,
307,0.0,10,0.050000000000000044,3.7083651704961085e-07,-0.0005374782485887408,0.0005954646039754152,,,,,,dqn,cartpole,sparse,0.1,0.9,0,
308,0.0,9,0.050000000000000044,8.400440378864005e-07,-5.60928565391805e-05,0.0008529183687642217,,,,,,dqn,cartpole,sparse,0.1,0.9,0,
309,0.0,12,0.050000000000000044,3.076036136917537e-07,0.00012141912884544581,0.0005452712648548186,,,,,,dqn,cartpole,sparse,0.1,0.9,0,
310,0.0,9,0.050000000000000044,4.3127198523507104e-07,-3.5721855965675786e-05,0.0005932219210080802,,,,,,dqn,cartpole,sparse,0.1,0.9,0,
311,0.0,9,0.050000000000000044,2.9800145284752944e-07,0.0005148652708157897,0.0005612518871203065,,,,,,dqn,cartpole,sparse,0.1,0.9,0,
312,0.0,10,0.050000000000000044,4.0212646013060294e-07,-0.00010230894258711487,0.0005464706337079406,,,,,,dqn,cartpole,sparse,0.1,0.9,0,
313,0.0,10,0.050000000000000044,3.301586843917903e-07,4.543329851003364e-05,0.0005890156025998294,,,,,,dqn,cartpole,sparse,0.1,0.9,0,
314,0.0,10,0.050000000000000044,6.538198249472771e-07,5.951584898866713e-05,0.000789564335718751,,,,,,dqn,cartpole,sparse,0.1,0.9,0,
315,0.0,9,0.050000000000000044,4.791326091435621e-07,-0.00032948318403214216,0.0006691905437037349,,,,,,dqn,cartpole,sparse,0.1,0.9,0,
316,0.0,9,0.050000000000000044,3.756108810648584e-07,-0.0008710979018360376,0.0006852917140349746,,,,,,dqn,cartpole,sparse,0.1,0.9,0,
317,0.0,9,0.050000000000000044,5.374475335884199e-07,0.00011459554661996663,0.00069763557985425,,,,,,dqn,cartpole,sparse,0.1,0.9,0,
318,0.0,11,0.050000000000000044,4.176571053449152e-07,0.0008314459701068699,0.0007206798763945699,,,,,,dqn,cartpole,sparse,0.1,0.9,0,
319,0.0,13,0.050000000000000044,4.5823736627426115e-07,-5.5524229537695646e-05,0.0007287043263204396,,,,,,dqn,cartpole,sparse,0.1,0.9,0,
320,0.0,8,0.050000000000000044,3.6916276258125436e-07,0.00013466701784636825,0.0006738220108672976,,,,,,dqn,cartpole,sparse,0.1,0.9,0,
321,0.0,10,0.050000000000000044,4.203832872917701e-07,0.0005691733676940203,0.0006973920972086489,,,,,,dqn,cartpole,sparse,0.1,0.9,0,
322,0.0,9,0.050000000000000044,4.6813102017040364e-07,-0.0002688872627913952,0.0007249942282214761,,,,,,dqn,cartpole,sparse,0.1,0.9,0,
323,0.0,10,0.050000000000000044,4.6631677719233267e-07,0.0003720882232300937,0.0007294891402125359,,,,,,dqn,cartpole,sparse,0.1,0.9,0,
324,0.0,9,0.050000000000000044,3.1520622201242077e-07,0.0005924811121076345,0.0005357545451261103,,,,,,dqn,cartpole,sparse,0.1,0.9,0,
325,0.0,9,0.050000000000000044,4.6859975100232987e-07,-0.0003527255612425506,0.0007501548388972878,,,,,,dqn,cartpole,sparse,0.1,0.9,0,
326,0.0,9,0.050000000000000044,3.4019851113953337e-07,-0.00033610378159210086,0.0006361096166074276,,,,,,dqn,cartpole,sparse,0.1,0.9,0,
327,0.0,9,0.050000000000000044,4.1191196942236274e-07,0.0001227737811859697,0.0007684117299504578,,,,,,dqn,cartpole,sparse,0.1,0.9,0,
328,0.0,10,0.050000000000000044,3.4053419994961587e-07,-0.00024291634326800704,0.0006936028366908431,,,,,,dqn,cartpole,sparse,0.1,0.9,0,
329,0.0,10,0.050000000000000044,3.3278291766691837e-07,0.0003266861895099282,0.0007292376831173897,,,,,,dqn,cartpole,sparse,0.1,0.9,0,
330,0.0,10,0.050000000000000044,4.6463924263662193e-07,0.0009016245603561401,0.0007748835487291217,,,,,,dqn,cartpole,sparse,0.1,0.9,0,
331,0.0,10,0.050000000000000044,5.137024459145323e-07,-0.0005425625713542104,0.0008342487271875143,,,,,,dqn,cartpole,sparse,0.1,0.9,0,
332,0.0,11,0.050000000000000044,4.020497499368503e-07,0.0005140186403878033,0.0006263626273721457,,,,,,dqn,cartpole,sparse,0.1,0.9,0,
333,0.0,9,0.050000000000000044,2.836967212260788e-07,-0.00038913480238988996,0.0005496065714396536,,,,,,dqn,cartpole,sparse,0.1,0.9,0,
334,0.0,12,0.050000000000000044,3.3419200917705894e-07,0.00013386926730163395,0.0006137897144071758,,,,,,dqn,cartpole,sparse,0.1,0.9,0,
335,0.0,9,0.050000000000000044,4.3163825580450066e-07,8.04830706329085e-05,0.0006814855732955039,,,,,,dqn,cartpole,sparse,0.1,0.9,0,
336,0.0,11,0.050000000000000044,4.874777914665174e-07,0.0001413385762134567,0.0005762528162449598,,,,,,dqn,cartpole,sparse,0.1,0.9,0,
337,0.0,14,0.050000000000000044,4.3297370666550705e-07,0.00019570991571526974,0.0006869287462905049,,,,,,dqn,cartpole,sparse,0.1,0.9,0,
338,0.0,8,0.050000000000000044,2.5250176349800313e-07,-1.4237200957722962e-05,0.000610734976362437,,,,,,dqn,cartpole,sparse,0.1,0.9,0,
339,0.0,10,0.050000000000000044,1.8593709683045745e-07,0.0003713251790031791,0.00041587272426113486,,,,,,dqn,cartpole,sparse,0.1,0.9,0,
340,0.0,10,0.050000000000000044,3.157691139676899e-07,0.00016827801300678402,0.0005125012248754501,,,,,,dqn,cartpole,sparse,0.1,0.9,0,
341,0.0,10,0.050000000000000044,2.619326551211998e-07,0.0003388971963431686,0.0005075931549072266,,,,,,dqn,cartpole,sparse,0.1,0.9,0,
342,0.0,8,0.050000000000000044,4.5891920308349654e-07,0.0002685009385459125,0.0006567005766555667,,,,,,dqn,cartpole,sparse,0.1,0.9,0,
343,0.0,10,0.050000000000000044,3.7685413190047257e-07,-6.224727258086205e-07,0.0006090565584599972,,,,,,dqn,cartpole,sparse,0.1,0.9,0,
344,0.0,11,0.050000000000000044,2.404526071586588e-07,0.0005658962763845921,0.0005176540580578148,,,,,,dqn,cartpole,sparse,0.1,0.9,0,
345,0.0,10,0.050000000000000044,2.6318247137169237e-07,0.00042128830682486296,0.0005576988332904875,,,,,,dqn,cartpole,sparse,0.1,0.9,0,
346,0.0,9,0.050000000000000044,4.669977329285757e-07,-0.0007839802419766784,0.0006175389280542731,,,,,,dqn,cartpole,sparse,0.1,0.9,0,
347,0.0,9,0.050000000000000044,5.284650228531973e-07,0.0007430902915075421,0.000685740786138922,,,,,,dqn,cartpole,sparse,0.1,0.9,0,
348,0.0,12,0.050000000000000044,5.640286531161109e-07,0.00038976757787168026,0.0005116097163408995,,,,,,dqn,cartpole,sparse,0.1,0.9,0,
349,0.0,11,0.050000000000000044,2.896957198572636e-07,-0.00039089430356398225,0.0005585806211456656,,,,,,dqn,cartpole,sparse,0.1,0.9,0,
350,0.0,8,0.050000000000000044,4.964286404174345e-07,-0.00018965218623634428,0.0007984302937984467,,,0.0,0.0,9.4,dqn,cartpole,sparse,0.1,0.9,0,
351,0.0,10,0.050000000000000044,3.6465718267209013e-07,0.00048294669250026345,0.0005847766296938062,,,,,,dqn,cartpole,sparse,0.1,0.9,0,
352,0.0,10,0.050000000000000044,5.453919698084064e-07,0.00022680357506033033,0.0005201714811846614,,,,,,dqn,cartpole,sparse,0.1,0.9,0,
353,0.0,12,0.050000000000000044,4.2618489715096075e-07,-0.0004141021054238081,0.0006248715217225254,,,,,,dqn,cartpole,sparse,0.1,0.9,0,
354,0.0,9,0.050000000000000044,3.185980972375546e-07,0.00033314194297418,0.0005610674852505326,,,,,,dqn,cartpole,sparse,0.1,0.9,0,
355,0.0,9,0.050000000000000044,2.753625665263826e-07,0.00023017694184090942,0.00048754370072856545,,,,,,dqn,cartpole,sparse,0.1,0.9,0,
356,0.0,10,0.050000000000000044,3.4417746519466164e-07,1.3756151020061225e-05,0.0006067501381039619,,,,,,dqn,cartpole,sparse,0.1,0.9,0,
357,0.0,12,0.050000000000000044,3.2679361083864933e-07,0.00029346111114136875,0.000550087308511138,,,,,,dqn,cartpole,sparse,0.1,0.9,0,
358,0.0,8,0.050000000000000044,2.770094056359085e-07,-1.1525640729814768e-05,0.0005162209272384644,,,,,,dqn,cartpole,sparse,0.1,0.9,0,
359,0.0,11,0.050000000000000044,3.416320737414935e-07,0.00014736167213413864,0.0005996115505695343,,,,,,dqn,cartpole,sparse,0.1,0.9,0,
360,0.0,18,0.050000000000000044,4.91136233904399e-07,-1.2872857041656971e-05,0.0006922462489455938,,,,,,dqn,cartpole,sparse,0.1,0.9,0,
361,0.0,10,0.050000000000000044,4.3877105326828314e-07,-9.857591066975147e-05,0.000683752354234457,,,,,,dqn,cartpole,sparse,0.1,0.9,0,
362,0.0,9,0.050000000000000044,3.42421486720923e-07,0.00012444460298866034,0.0005164253525435925,,,,,,dqn,cartpole,sparse,0.1,0.9,0,
363,0.0,12,0.050000000000000044,2.92701457738076e-07,2.8094887966290116e-05,0.0005695628351531923,,,,,,dqn,cartpole,sparse,0.1,0.9,0,
364,0.0,9,0.050000000000000044,3.5987102364742896e-07,0.00010234658839181066,0.0005684166681021452,,,,,,dqn,cartpole,sparse,0.1,0.9,0,
365,0.0,17,0.050000000000000044,4.282868530935957e-07,0.0003567955573089421,0.0006671683513559401,,,,,,dqn,cartpole,sparse,0.1,0.9,0,
366,0.0,12,0.050000000000000044,2.622587089717854e-07,0.00010584770643617958,0.0005363823147490621,,,,,,dqn,cartpole,sparse,0.1,0.9,0,
367,0.0,9,0.050000000000000044,3.252027340749919e-07,-0.0001989003358175978,0.0006626609247177839,,,,,,dqn,cartpole,sparse,0.1,0.9,0,
368,0.0,10,0.050000000000000044,6.008596074025263e-07,-0.00018091427045874298,0.0007304541650228202,,,,,,dqn,cartpole,sparse,0.1,0.9,0,
369,0.0,11,0.050000000000000044,3.6409088011168933e-07,0.0003473582910373807,0.0006468569044955075,,,,,,dqn,cartpole,sparse,0.1,0.9,0,
370,0.0,11,0.050000000000000044,5.347595788407489e-07,-0.0004214421787764877,0.0007912137662060559,,,,,,dqn,cartpole,sparse,0.1,0.9,0,
371,0.0,9,0.050000000000000044,3.813350417658512e-07,0.0004555246268864721,0.0007131635211408138,,,,,,dqn,cartpole,sparse,0.1,0.9,0,
372,0.0,8,0.050000000000000044,6.942578920643427e-07,-1.7047537767211907e-05,0.0007821789477020502,,,,,,dqn,cartpole,sparse,0.1,0.9,0,
373,0.0,13,0.050000000000000044,4.236669610691024e-07,0.0005202778847888112,0.0006278848741203547,,,,,,dqn,cartpole,sparse,0.1,0.9,0,
374,0.0,9,0.050000000000000044,3.3301165558441426e-07,0.00016603890981059521,0.0007196944206953049,,,,,,dqn,cartpole,sparse,0.1,0.9,0,
375,0.0,10,0.050000000000000044,3.928581406853482e-07,0.0003729138697963208,0.0006403937004506588,,,,,,dqn,cartpole,sparse,0.1,0.9,0,
376,0.0,16,0.050000000000000044,3.7281839126990235e-07,0.00043921172618865967,0.0007437000749632716,,,,,,dqn,cartpole,sparse,0.1,0.9,0,
377,0.0,10,0.050000000000000044,2.68749261067569e-07,3.282676698290743e-05,0.0004772135289385915,,,,,,dqn,cartpole,sparse,0.1,0.9,0,
378,0.0,10,0.050000000000000044,5.753878440373228e-07,-9.344629506813362e-05,0.0006939403247088194,,,,,,dqn,cartpole,sparse,0.1,0.9,0,
379,0.0,11,0.050000000000000044,2.5183842922160693e-07,0.0005289007094688714,0.0005344903329387307,,,,,,dqn,cartpole,sparse,0.1,0.9,0,
380,0.0,10,0.050000000000000044,7.53356687255291e-07,-6.274837505770847e-05,0.0007199497194960713,,,,,,dqn,cartpole,sparse,0.1,0.9,0,
381,0.0,8,0.050000000000000044,4.073666275417054e-07,-0.000356057018507272,0.0006725971470586956,,,,,,dqn,cartpole,sparse,0.1,0.9,0,
382,0.0,11,0.050000000000000044,6.063482942408882e-07,-0.0002103100996464491,0.0008372009033337235,,,,,,dqn,cartpole,sparse,0.1,0.9,0,
383,0.0,9,0.050000000000000044,2.7835267246700823e-07,0.00016021830379031599,0.0005142326699569821,,,,,,dqn,cartpole,sparse,0.1,0.9,0,
384,0.0,9,0.050000000000000044,6.111902166594518e-07,-9.117755689658225e-05,0.0007905046222731471,,,,,,dqn,cartpole,sparse,0.1,0.9,0,
385,0.0,10,0.050000000000000044,2.884465288843785e-07,0.00010035975719802082,0.0005675025749951601,,,,,,dqn,cartpole,sparse,0.1,0.9,0,
386,0.0,10,0.050000000000000044,6.225903348422435e-07,0.00016709128976799548,0.0005751348799094558,,,,,,dqn,cartpole,sparse,0.1,0.9,0,
387,0.0,18,0.050000000000000044,3.063915414713847e-07,-0.0003277193754911423,0.0006350514013320208,,,,,,dqn,cartpole,sparse,0.1,0.9,0,
388,0.0,10,0.050000000000000044,4.4702770196636266e-07,6.280832167249173e-06,0.0006905217887833714,,,,,,dqn,cartpole,sparse,0.1,0.9,0,
389,0.0,11,0.050000000000000044,5.519534624909284e-07,0.0004226943710818887,0.0006090427632443607,,,,,,dqn,cartpole,sparse,0.1,0.9,0,
390,0.0,9,0.050000000000000044,3.394269754153356e-07,0.0005972413346171379,0.0006566870724782348,,,,,,dqn,cartpole,sparse,0.1,0.9,0,
391,0.0,10,0.050000000000000044,4.275866842817777e-07,-0.00026011234149336815,0.0006533217383548617,,,,,,dqn,cartpole,sparse,0.1,0.9,0,
392,0.0,10,0.050000000000000044,2.2933453180939978e-07,0.00035753886913880706,0.00044796394649893045,,,,,,dqn,cartpole,sparse,0.1,0.9,0,
393,0.0,10,0.050000000000000044,2.889178745135723e-07,-0.00027950445655733347,0.0005069008329883218,,,,,,dqn,cartpole,sparse,0.1,0.9,0,
394,0.0,10,0.050000000000000044,4.878085633208684e-07,0.00031142059015110135,0.0006391986971721053,,,,,,dqn,cartpole,sparse,0.1,0.9,0,
395,0.0,16,0.050000000000000044,6.458816983467841e-07,-0.00017813683371059597,0.0008457801886834204,,,,,,dqn,cartpole,sparse,0.1,0.9,0,
396,0.0,9,0.050000000000000044,3.6634190792028676e-07,-0.00039575062692165375,0.000579861574806273,,,,,,dqn,cartpole,sparse,0.1,0.9,0,
397,0.0,10,0.050000000000000044,4.0366208509112766e-07,0.0004744719772133976,0.000490973936393857,,,,,,dqn,cartpole,sparse,0.1,0.9,0,
398,0.0,10,0.050000000000000044,3.1164313440967817e-07,0.0001013980945572257,0.0006480854353867471,,,,,,dqn,cartpole,sparse,0.1,0.9,0,
399,0.0,9,0.050000000000000044,2.3643897861802543e-07,0.00043479219311848283,0.0004800126771442592,,,,,,dqn,cartpole,sparse,0.1,0.9,0,
400,0.0,15,0.050000000000000044,2.641375829171011e-07,0.00021240868954919279,0.0005349689163267612,,,0.0,0.0,9.4,dqn,cartpole,sparse,0.1,0.9,0,
401,0.0,9,0.050000000000000044,2.341815843465156e-07,0.0004520381917245686,0.0005213503027334809,,,,,,dqn,cartpole,sparse,0.1,0.9,0,
402,0.0,9,0.050000000000000044,3.354798536747694e-07,0.0004006745875813067,0.0004744062898680568,,,,,,dqn,cartpole,sparse,0.1,0.9,0,
403,0.0,10,0.050000000000000044,2.9922492217338004e-07,0.00038998216041363776,0.00054862757679075,,,,,,dqn,cartpole,sparse,0.1,0.9,0,
404,0.0,9,0.050000000000000044,2.736587987328676e-07,6.06713438173756e-05,0.0005126586183905602,,,,,,dqn,cartpole,sparse,0.1,0.9,0,
405,0.0,18,0.050000000000000044,3.427877572903526e-07,-6.172335270093754e-05,0.0006208880804479122,,,,,,dqn,cartpole,sparse,0.1,0.9,0,
406,0.0,9,0.050000000000000044,3.03456374695088e-07,0.00019244413124397397,0.0005974189261905849,,,,,,dqn,cartpole,sparse,0.1,0.9,0,
407,0.0,9,0.050000000000000044,5.567480911849998e-07,-0.00010979415674228221,0.0007331435917876661,,,,,,dqn,cartpole,sparse,0.1,0.9,0,
408,0.0,10,0.050000000000000044,3.1036225323077815e-07,1.1233874829486012e-05,0.0005430597811937332,,,,,,dqn,cartpole,sparse,0.1,0.9,0,
409,0.0,9,0.050000000000000044,3.055007766761264e-07,0.00014151452342048287,0.0005218134610913694,,,,,,dqn,cartpole,sparse,0.1,0.9,0,
410,0.0,10,0.050000000000000044,3.978186668973649e-07,0.00027399882674217224,0.0006436624680645764,,,,,,dqn,cartpole,sparse,0.1,0.9,0,
411,0.0,8,0.050000000000000044,3.5761831895797513e-07,0.00010549716535024345,0.0006035779369994998,,,,,,dqn,cartpole,sparse,0.1,0.9,0,
412,0.0,12,0.050000000000000044,4.337046561886382e-07,0.0006146607338450849,0.0007129528094083071,,,,,,dqn,cartpole,sparse,0.1,0.9,0,
413,0.0,8,0.050000000000000044,2.190187444739422e-07,0.0007673215586692095,0.00045059420517645776,,,,,,dqn,cartpole,sparse,0.1,0.9,0,
414,0.0,10,0.050000000000000044,2.996574153257825e-07,0.00029130297480151057,0.0006474611582234502,,,,,,dqn,cartpole,sparse,0.1,0.9,0,
415,0.0,9,0.050000000000000044,3.761561515602807e-07,0.0006570618133991957,0.0006405600579455495,,,,,,dqn,cartpole,sparse,0.1,0.9,0,
416,0.0,9,0.050000000000000044,2.2284822875917598e-07,0.0005510107730515301,0.0004385555803310126,,,,,,dqn,cartpole,sparse,0.1,0.9,0,
417,0.0,9,0.050000000000000044,2.951279327589873e-07,1.52506836457178e-05,0.0005823555402457714,,,,,,dqn,cartpole,sparse,0.1,0.9,0,
418,0.0,10,0.050000000000000044,2.6275327513758384e-07,0.0009495535050518811,0.0005447744624689221,,,,,,dqn,cartpole,sparse,0.1,0.9,0,
419,0.0,9,0.050000000000000044,3.2016316708904924e-07,-3.837028634734452e-05,0.0004836602893192321,,,,,,dqn,cartpole,sparse,0.1,0.9,0,
420,0.0,10,0.050000000000000044,3.159743755531963e-07,-8.83068423718214e-07,0.0005658302688971162,,,,,,dqn,cartpole,sparse,0.1,0.9,0,
421,0.0,10,0.050000000000000044,2.1860233800907736e-07,0.0006399467820301652,0.0005769124836660922,,,,,,dqn,cartpole,sparse,0.1,0.9,0,
422,0.0,10,0.050000000000000044,3.9661085793341044e-07,-4.159664240432903e-05,0.0005182633176445961,,,,,,dqn,cartpole,sparse,0.1,0.9,0,
423,0.0,9,0.050000000000000044,3.774082983909466e-07,-0.0001428771938662976,0.0005413173348642886,,,,,,dqn,cartpole,sparse,0.1,0.9,0,
424,0.0,9,0.050000000000000044,2.630847859563801e-07,0.0011086129816249013,0.0005779842613264918,,,,,,dqn,cartpole,sparse,0.1,0.9,0,
425,0.0,10,0.050000000000000044,3.2036473385232966e-07,0.00013602701073978096,0.0006230163271538913,,,,,,dqn,cartpole,sparse,0.1,0.9,0,
426,0.0,10,0.050000000000000044,2.9484078822861193e-07,5.4750613344367594e-05,0.0005985239986330271,,,,,,dqn,cartpole,sparse,0.1,0.9,0,
427,0.0,17,0.050000000000000044,3.596470037336985e-07,-0.0003622384392656386,0.0005103455623611808,,,,,,dqn,cartpole,sparse,0.1,0.9,0,
428,0.0,10,0.050000000000000044,3.046177425858332e-07,0.0006364708533510566,0.0006113373674452305,,,,,,dqn,cartpole,sparse,0.1,0.9,0,
429,0.0,10,0.050000000000000044,3.699422563840926e-07,0.00013532866432797164,0.0005334648303687572,,,,,,dqn,cartpole,sparse,0.1,0.9,0,
430,0.0,11,0.050000000000000044,4.02867840421095e-07,-0.0002581071457825601,0.0005992058431729674,,,,,,dqn,cartpole,sparse,0.1,0.9,0,
431,0.0,9,0.050000000000000044,7.625163220836839e-07,5.401413363870233e-05,0.0006649303250014782,,,,,,dqn,cartpole,sparse,0.1,0.9,0,
432,0.0,10,0.050000000000000044,7.445869414368644e-07,-0.00022198428632691503,0.0006543833296746016,,,,,,dqn,cartpole,sparse,0.1,0.9,0,
433,0.0,10,0.050000000000000044,3.296469799352053e-07,0.0005008969455957413,0.0006238885689526796,,,,,,dqn,cartpole,sparse,0.1,0.9,0,
434,0.0,9,0.050000000000000044,7.628908633705578e-07,6.199987547006458e-05,0.0006552609847858548,,,,,,dqn,cartpole,sparse,0.1,0.9,0,
435,0.0,9,0.050000000000000044,2.307181574678907e-07,0.0006182270590215921,0.0005250318790785968,,,,,,dqn,cartpole,sparse,0.1,0.9,0,
436,0.0,9,0.050000000000000044,4.073420427630481e-07,-9.096100984606892e-05,0.0006459676660597324,,,,,,dqn,cartpole,sparse,0.1,0.9,0,
437,0.0,9,0.050000000000000044,5.6342094012507e-07,-1.5163000171014573e-06,0.0006609740667045116,,,,,,dqn,cartpole,sparse,0.1,0.9,0,
438,0.0,8,0.050000000000000044,2.7680138714458735e-07,0.00023128489556256682,0.0006101149483583868,,,,,,dqn,cartpole,sparse,0.1,0.9,0,
439,0.0,10,0.050000000000000044,2.4264375042548636e-07,0.00029754528077319264,0.0005244245403446257,,,,,,dqn,cartpole,sparse,0.1,0.9,0,
440,0.0,10,0.050000000000000044,3.4885056265920866e-07,-0.00032116760849021375,0.0006669760914519429,,,,,,dqn,cartpole,sparse,0.1,0.9,0,
441,0.0,9,0.050000000000000044,3.252215492466348e-07,0.0004917928599752486,0.0007220571860671043,,,,,,dqn,cartpole,sparse,0.1,0.9,0,
442,0.0,9,0.050000000000000044,4.13212347893932e-07,0.0003221884253434837,0.000612530973739922,,,,,,dqn,cartpole,sparse,0.1,0.9,0,
443,0.0,16,0.050000000000000044,3.9703797938273055e-07,0.0004088299465365708,0.0005343197844922543,,,,,,dqn,cartpole,sparse,0.1,0.9,0,
444,0.0,10,0.050000000000000044,5.864677063982526e-07,-0.00017097692762035877,0.0005493761273100972,,,,,,dqn,cartpole,sparse,0.1,0.9,0,
445,0.0,18,0.050000000000000044,4.196023724034603e-07,0.000557830382604152,0.0005539729027077556,,,,,,dqn,cartpole,sparse,0.1,0.9,0,
446,0.0,9,0.050000000000000044,2.1148179030205938e-07,0.0001868671679403633,0.0004036589525640011,,,,,,dqn,cartpole,sparse,0.1,0.9,0,
447,0.0,10,0.050000000000000044,2.5780013857001904e-07,0.0005508010508492589,0.0004724917816929519,,,,,,dqn,cartpole,sparse,0.1,0.9,0,
448,0.0,10,0.050000000000000044,3.5110585372422065e-07,-6.386835593730211e-05,0.000572702381759882,,,,,,dqn,cartpole,sparse,0.1,0.9,0,
449,0.0,8,0.050000000000000044,3.0395776207114977e-07,0.00035352661507204175,0.0005497576203197241,,,,,,dqn,cartpole,sparse,0.1,0.9,0,
450,0.0,9,0.050000000000000044,4.770116674990277e-07,-0.00043996149906888604,0.0006222621304914355,,,0.0,0.0,9.4,dqn,cartpole,sparse,0.1,0.9,0,
451,0.0,10,0.050000000000000044,2.648648660397157e-07,0.0006233397871255875,0.00044219783740118146,,,,,,dqn,cartpole,sparse,0.1,0.9,0,
452,0.0,13,0.050000000000000044,2.390715394540166e-07,0.0006909370422363281,0.0005638378206640482,,,,,,dqn,cartpole,sparse,0.1,0.9,0,
453,0.0,9,0.050000000000000044,5.132849878464185e-07,6.73679678584449e-05,0.0007122919196262956,,,,,,dqn,cartpole,sparse,0.1,0.9,0,
454,0.0,9,0.050000000000000044,3.0601381695305463e-07,0.00014167446352075785,0.0005301624769344926,,,,,,dqn,cartpole,sparse,0.1,0.9,0,
455,0.0,9,0.050000000000000044,4.780999347531179e-07,0.00021221028873696923,0.0007709198398515582,,,,,,dqn,cartpole,sparse,0.1,0.9,0,
456,0.0,9,0.050000000000000044,3.4727455044958333e-07,0.00048286939272657037,0.000576354912482202,,,,,,dqn,cartpole,sparse,0.1,0.9,0,
457,0.0,9,0.050000000000000044,4.277117398032715e-07,2.6730034733191133e-05,0.0006781811243854463,,,,,,dqn,cartpole,sparse,0.1,0.9,0,
458,0.0,9,0.050000000000000044,3.922140479062364e-07,0.0006728432490490377,0.0006476182024925947,,,,,,dqn,cartpole,sparse,0.1,0.9,0,
459,0.0,10,0.050000000000000044,6.030898020981112e-07,-0.0006305583519861102,0.000783747062087059,,,,,,dqn,cartpole,sparse,0.1,0.9,0,
460,0.0,9,0.050000000000000044,2.8276764396650833e-07,0.0005702957860194147,0.0005337373586371541,,,,,,dqn,cartpole,sparse,0.1,0.9,0,
461,0.0,11,0.050000000000000044,3.825336420959502e-07,-1.2085802154615521e-05,0.0007340597221627831,,,,,,dqn,cartpole,sparse,0.1,0.9,0,
462,0.0,10,0.050000000000000044,3.8368528976207017e-07,-0.0001811379916034639,0.0006434240494854748,,,,,,dqn,cartpole,sparse,0.1,0.9,0,
463,0.0,10,0.050000000000000044,4.744190960082051e-07,0.0005592149682343006,0.0005990801146253943,,,,,,dqn,cartpole,sparse,0.1,0.9,0,
464,0.0,10,0.050000000000000044,3.0190511779437657e-07,0.00010759865108411759,0.0006294498452916741,,,,,,dqn,cartpole,sparse,0.1,0.9,0,
465,0.0,8,0.050000000000000044,4.841958229917509e-07,-0.0007775663398206234,0.0005791378789581358,,,,,,dqn,cartpole,sparse,0.1,0.9,0,
466,0.0,10,0.050000000000000044,2.4798359277156123e-07,0.000754336011596024,0.0005525918677449226,,,,,,dqn,cartpole,sparse,0.1,0.9,0,
467,0.0,9,0.050000000000000044,2.8134809326729737e-07,0.0007817094447091222,0.0005305778468027711,,,,,,dqn,cartpole,sparse,0.1,0.9,0,
468,0.0,11,0.050000000000000044,5.892532044526888e-07,0.0007980591035448015,0.0007352607790380716,,,,,,dqn,cartpole,sparse,0.1,0.9,0,
469,0.0,12,0.050000000000000044,5.072171234132838e-07,5.9653379139490426e-05,0.000654744275379926,,,,,,dqn,cartpole,sparse,0.1,0.9,0,
470,0.0,9,0.050000000000000044,3.309417593300168e-07,0.0003798256511799991,0.00043501832988113165,,,,,,dqn,cartpole,sparse,0.1,0.9,0,
471,0.0,12,0.050000000000000044,1.5372035022664932e-07,0.0007968735881149769,0.00042012977064587176,,,,,,dqn,cartpole,sparse,0.1,0.9,0,
472,0.0,10,0.050000000000000044,2.0315677318194503e-07,0.0004907941911369562,0.0004928979324176908,,,,,,dqn,cartpole,sparse,0.1,0.9,0,
473,0.0,21,0.050000000000000044,1.9811771778677212e-07,0.0007510368013754487,0.0004574912309180945,,,,,,dqn,cartpole,sparse,0.1,0.9,0,
474,0.0,8,0.050000000000000044,4.3959406070825935e-07,0.0005164830945432186,0.0006047162460163236,,,,,,dqn,cartpole,sparse,0.1,0.9,0,
475,0.0,11,0.050000000000000044,1.7125591966760112e-07,0.0008891235338523984,0.00040246930439025164,,,,,,dqn,cartpole,sparse,0.1,0.9,0,
476,0.0,10,0.050000000000000044,2.169176696042996e-07,0.0007986656273715198,0.00046750184264965355,,,,,,dqn,cartpole,sparse,0.1,0.9,0,
477,0.0,10,0.050000000000000044,2.2138503652513464e-07,0.0007139599183574319,0.00038337844307534397,,,,,,dqn,cartpole,sparse,0.1,0.9,0,
478,0.0,9,0.050000000000000044,2.0341238382570737e-07,0.0010150207672268152,0.0004296435508877039,,,,,,dqn,cartpole,sparse,0.1,0.9,0,
479,0.0,10,0.050000000000000044,1.5048615864543535e-07,0.000737871858291328,0.00043313836795277894,,,,,,dqn,cartpole,sparse,0.1,0.9,0,
480,0.0,9,0.050000000000000044,2.3498790824305615e-07,0.0005908380844630301,0.00042009708704426885,,,,,,dqn,cartpole,sparse,0.1,0.9,0,
481,0.0,8,0.050000000000000044,1.9673515794238483e-07,0.0004223265568725765,0.0004804293275810778,,,,,,dqn,cartpole,sparse,0.1,0.9,0,
482,0.0,9,0.050000000000000044,1.6291508586618875e-07,0.0008628365467302501,0.0003556334413588047,,,,,,dqn,cartpole,sparse,0.1,0.9,0,
483,0.0,10,0.050000000000000044,1.9545981899682374e-07,0.0006339923711493611,0.0004037114267703146,,,,,,dqn,cartpole,sparse,0.1,0.9,0,
484,0.0,10,0.050000000000000044,1.8453965822118334e-07,0.0006147289532236755,0.0004267023177817464,,,,,,dqn,cartpole,sparse,0.1,0.9,0,
485,0.0,9,0.050000000000000044,9.131208145163328e-08,0.0010323666501790285,0.0003392076469026506,,,,,,dqn,cartpole,sparse,0.1,0.9,0,
486,0.0,10,0.050000000000000044,2.3263676496299013e-07,0.0002453474444337189,0.000506834767293185,,,,,,dqn,cartpole,sparse,0.1,0.9,0,
487,0.0,21,0.050000000000000044,1.6064494445799937e-07,0.0006684287218376994,0.00031886150827631354,,,,,,dqn,cartpole,sparse,0.1,0.9,0,
488,0.0,9,0.050000000000000044,1.9326910205563763e-07,0.0005020948592573404,0.00044294202234596014,,,,,,dqn,cartpole,sparse,0.1,0.9,0,
489,0.0,10,0.050000000000000044,2.2109631458988588e-07,0.0010381550528109074,0.00044118872028775513,,,,,,dqn,cartpole,sparse,0.1,0.9,0,
490,0.0,15,0.050000000000000044,1.8144902469430235e-07,0.0002170325897168368,0.0004612065094988793,,,,,,dqn,cartpole,sparse,0.1,0.9,0,
491,0.0,10,0.050000000000000044,2.0194742944568134e-07,0.0009554361458867788,0.0003963048802688718,,,,,,dqn,cartpole,sparse,0.1,0.9,0,
492,0.0,9,0.050000000000000044,2.0131193423367222e-07,0.0003731695469468832,0.0005724533693864942,,,,,,dqn,cartpole,sparse,0.1,0.9,0,
493,0.0,10,0.050000000000000044,1.5953436616200634e-07,0.000816921703517437,0.00041276024421676993,,,,,,dqn,cartpole,sparse,0.1,0.9,0,
494,0.0,10,0.050000000000000044,1.569772791754076e-07,0.0005019647069275379,0.0004205749137327075,,,,,,dqn,cartpole,sparse,0.1,0.9,0,
495,0.0,11,0.050000000000000044,2.1618814116663998e-07,0.0005462040426209569,0.000493791711051017,,,,,,dqn,cartpole,sparse,0.1,0.9,0,
496,0.0,10,0.050000000000000044,1.66827476277831e-07,0.0008446007268503308,0.000393105874536559,,,,,,dqn,cartpole,sparse,0.1,0.9,0,
497,0.0,10,0.050000000000000044,1.0353848267641297e-07,0.0006342718843370676,0.0003271462337579578,,,,,,dqn,cartpole,sparse,0.1,0.9,0,
498,0.0,9,0.050000000000000044,2.573829647189996e-07,0.0007424621726386249,0.00044830451952293515,,,,,,dqn,cartpole,sparse,0.1,0.9,0,
499,0.0,9,0.050000000000000044,8.902544124111955e-08,0.0008642454631626606,0.0002885491121560335,,,,,,dqn,cartpole,sparse,0.1,0.9,0,
500,0.0,10,0.050000000000000044,2.2465179938535584e-07,0.0005604301113635302,0.000495495623908937,,,0.0,0.0,9.4,dqn,cartpole,sparse,0.1,0.9,0,
501,0.0,15,0.050000000000000044,2.417612563476723e-07,0.0006538198795169592,0.0005076649249531329,,,,,,dqn,cartpole,sparse,0.1,0.9,0,
502,0.0,13,0.050000000000000044,1.3350623362384795e-07,0.0008908964227885008,0.0003418268752284348,,,,,,dqn,cartpole,sparse,0.1,0.9,0,
503,0.0,9,0.050000000000000044,2.440602884234977e-07,0.0007960718357935548,0.00044670249917544425,,,,,,dqn,cartpole,sparse,0.1,0.9,0,
504,0.0,9,0.050000000000000044,1.485520044752775e-07,0.0008031332399696112,0.00040955605800263584,,,,,,dqn,cartpole,sparse,0.1,0.9,0,
505,0.0,8,0.050000000000000044,1.476661850574601e-07,0.0003279863449279219,0.00043870991794392467,,,,,,dqn,cartpole,sparse,0.1,0.9,0,
506,0.0,8,0.050000000000000044,2.1519244342016464e-07,0.0009092965628951788,0.00047907597036100924,,,,,,dqn,cartpole,sparse,0.1,0.9,0,
507,0.0,11,0.050000000000000044,1.1251752596308506e-07,0.0005213286494836211,0.00039078400004655123,,,,,,dqn,cartpole,sparse,0.1,0.9,0,
508,0.0,10,0.050000000000000044,2.171459527744446e-07,0.0010358331492170691,0.0004969011060893536,,,,,,dqn,cartpole,sparse,0.1,0.9,0,
509,0.0,11,0.050000000000000044,1.7454081557843892e-07,0.0003398541593924165,0.0005335636669769883,,,,,,dqn,cartpole,sparse,0.1,0.9,0,
510,0.0,11,0.050000000000000044,3.138059412322036e-07,0.0009334867354482412,0.0005775133613497019,,,,,,dqn,cartpole,sparse,0.1,0.9,0,
511,0.0,16,0.050000000000000044,2.051026370963882e-07,0.00042922035208903253,0.0005313183064572513,,,,,,dqn,cartpole,sparse,0.1,0.9,0,
512,0.0,10,0.050000000000000044,1.678906187407847e-07,0.0011259510647505522,0.0003828126355074346,,,,,,dqn,cartpole,sparse,0.1,0.9,0,
513,0.0,13,0.050000000000000044,2.411628656773246e-07,0.00017746943922247738,0.0004843799106311053,,,,,,dqn,cartpole,sparse,0.1,0.9,0,
514,0.0,11,0.050000000000000044,2.413082142993517e-07,0.0007041057688184083,0.0004273774102330208,,,,,,dqn,cartpole,sparse,0.1,0.9,0,
515,0.0,12,0.050000000000000044,1.1440994995837173e-07,0.000820198911242187,0.0003633913001976907,,,,,,dqn,cartpole,sparse,0.1,0.9,0,
516,0.0,8,0.050000000000000044,2.3218328237817332e-07,0.0006016191327944398,0.00045653636334463954,,,,,,dqn,cartpole,sparse,0.1,0.9,0,
517,0.0,10,0.050000000000000044,1.5748298665130278e-07,0.0006994697032496333,0.00043226921116001904,,,,,,dqn,cartpole,sparse,0.1,0.9,0,
518,0.0,15,0.050000000000000044,1.3333125536973967e-07,0.0009240970248356462,0.00032263295724987984,,,,,,dqn,cartpole,sparse,0.1,0.9,0,
519,0.0,11,0.050000000000000044,2.1001673644605034e-07,0.0006027138442732394,0.0004237441753502935,,,,,,dqn,cartpole,sparse,0.1,0.9,0,
520,0.0,12,0.050000000000000044,1.3166402368369745e-07,0.0008802339434623718,0.0003676611522678286,,,,,,dqn,cartpole,sparse,0.1,0.9,0,
521,0.0,10,0.050000000000000044,1.4247994784000184e-07,0.001002162927761674,0.00042727639083750546,,,,,,dqn,cartpole,sparse,0.1,0.9,0,
522,0.0,9,0.050000000000000044,1.7520082451483177e-07,0.0006611454300582409,0.000451403931947425,,,,,,dqn,cartpole,sparse,0.1,0.9,0,
523,0.0,9,0.050000000000000044,2.268335776989261e-07,0.00079148676013574,0.000448256847448647,,,,,,dqn,cartpole,sparse,0.1,0.9,0,
524,0.0,9,0.050000000000000044,2.103291052435452e-07,0.000602256681304425,0.00038470004801638424,,,,,,dqn,cartpole,sparse,0.1,0.9,0,
525,0.0,14,0.050000000000000044,1.2958409456587106e-07,0.0006446915795095265,0.0003328101010993123,,,,,,dqn,cartpole,sparse,0.1,0.9,0,
526,0.0,8,0.050000000000000044,1.6524622026281577e-07,0.0009239186765626073,0.0004263873561285436,,,,,,dqn,cartpole,sparse,0.1,0.9,0,
527,0.0,12,0.050000000000000044,1.7618701519950264e-07,0.0007416671141982079,0.00045200204476714134,,,,,,dqn,cartpole,sparse,0.1,0.9,0,
528,0.0,10,0.050000000000000044,2.1924613236024015e-07,0.0005922361742705107,0.0004417662275955081,,,,,,dqn,cartpole,sparse,0.1,0.9,0,
529,0.0,10,0.050000000000000044,1.7828273257691762e-07,0.0008160518482327461,0.00042072191718034446,,,,,,dqn,cartpole,sparse,0.1,0.9,0,
530,0.0,8,0.050000000000000044,1.4531144643115113e-07,0.0007771719247102737,0.00036471051862463355,,,,,,dqn,cartpole,sparse,0.1,0.9,0,
531,0.0,9,0.050000000000000044,1.2076412758688093e-07,0.0004672749200835824,0.0003716068749781698,,,,,,dqn,cartpole,sparse,0.1,0.9,0,
532,0.0,10,0.050000000000000044,1.084415401919614e-07,0.00074072799179703,0.00038652942748740315,,,,,,dqn,cartpole,sparse,0.1,0.9,0,
533,0.0,9,0.050000000000000044,2.2383051145880017e-07,0.0009666350670158863,0.000498127774335444,,,,,,dqn,cartpole,sparse,0.1,0.9,0,
534,0.0,11,0.050000000000000044,1.1890463014196939e-07,0.0006172009743750095,0.00038820633199065924,,,,,,dqn,cartpole,sparse,0.1,0.9,0,
535,0.0,9,0.050000000000000044,1.961208795364655e-07,0.0007135794148780406,0.00042321751243434846,,,,,,dqn,cartpole,sparse,0.1,0.9,0,
536,0.0,10,0.050000000000000044,1.879532334214673e-07,0.0005472740158438683,0.0003825609164778143,,,,,,dqn,cartpole,sparse,0.1,0.9,0,
537,0.0,10,0.050000000000000044,1.2636203905458387e-07,0.0006449123611673713,0.000385416264180094,,,,,,dqn,cartpole,sparse,0.1,0.9,0,
538,0.0,9,0.050000000000000044,1.5772779704548157e-07,0.0007349654333665967,0.00037945038639009,,,,,,dqn,cartpole,sparse,0.1,0.9,0,
539,0.0,10,0.050000000000000044,7.606796970094365e-08,0.000977285555563867,0.00019285845337435603,,,,,,dqn,cartpole,sparse,0.1,0.9,0,
540,0.0,8,0.050000000000000044,8.352138536338316e-08,0.0010220118565484881,0.0002979619603138417,,,,,,dqn,cartpole,sparse,0.1,0.9,0,
541,0.0,10,0.050000000000000044,1.8266274537381832e-07,0.001070275902748108,0.00030061620054766536,,,,,,dqn,cartpole,sparse,0.1,0.9,0,
542,0.0,11,0.050000000000000044,1.4938143522158498e-07,0.0005651522078551352,0.00045231118565425277,,,,,,dqn,cartpole,sparse,0.1,0.9,0,
543,0.0,10,0.050000000000000044,1.626856516168118e-07,0.0005749862175434828,0.0003830489586107433,,,,,,dqn,cartpole,sparse,0.1,0.9,0,
544,0.0,10,0.050000000000000044,1.8637140897226345e-07,0.0006132543203420937,0.000489463098347187,,,,,,dqn,cartpole,sparse,0.1,0.9,0,
545,0.0,11,0.050000000000000044,1.7491586845608253e-07,0.0007882529753260314,0.00038348749512806535,,,,,,dqn,cartpole,sparse,0.1,0.9,0,
546,0.0,10,0.050000000000000044,1.260024333760157e-07,0.0008835011394694448,0.0002850760647561401,,,,,,dqn,cartpole,sparse,0.1,0.9,0,
547,0.0,14,0.050000000000000044,1.4391153513315658e-07,0.0009016682161018252,0.00037827598862349987,,,,,,dqn,cartpole,sparse,0.1,0.9,0,
548,0.0,12,0.050000000000000044,7.99920769622986e-08,0.0007936601177789271,0.00023288806551136076,,,,,,dqn,cartpole,sparse,0.1,0.9,0,
549,0.0,11,0.050000000000000044,1.9929240124838543e-07,0.0005765316891483963,0.0004745588230434805,,,,,,dqn,cartpole,sparse,0.1,0.9,0,
550,0.0,9,0.050000000000000044,1.2899758417006524e-07,0.0007525805849581957,0.0004099765792489052,,,0.0,0.0,9.4,dqn,cartpole,sparse,0.1,0.9,0,
551,0.0,8,0.050000000000000044,1.903210744558237e-07,0.000530762248672545,0.0004510471480898559,,,,,,dqn,cartpole,sparse,0.1,0.9,0,
552,0.0,9,0.050000000000000044,8.16037726281138e-08,0.0007160405511967838,0.0003202115185558796,,,,,,dqn,cartpole,sparse,0.1,0.9,0,
553,0.0,9,0.050000000000000044,1.108011673522924e-07,0.0010228523751720786,0.00036054899101145566,,,,,,dqn,cartpole,sparse,0.1,0.9,0,
554,0.0,9,0.050000000000000044,2.3350585820480774e-07,0.000706422608345747,0.00043448832002468407,,,,,,dqn,cartpole,sparse,0.1,0.9,0,
555,0.0,9,0.050000000000000044,1.460858243262919e-07,0.000682158162817359,0.00042458338430151343,,,,,,dqn,cartpole,sparse,0.1,0.9,0,
556,0.0,8,0.050000000000000044,1.4953408822293568e-07,0.0009423636947758496,0.0004012268618680537,,,,,,dqn,cartpole,sparse,0.1,0.9,0,
557,0.0,9,0.050000000000000044,1.0996363641879725e-07,0.0005267750821076334,0.00028322843718342483,,,,,,dqn,cartpole,sparse,0.1,0.9,0,
558,0.0,16,0.050000000000000044,1.801023046255068e-07,0.0005957197863608599,0.00035237520933151245,,,,,,dqn,cartpole,sparse,0.1,0.9,0,
559,0.0,8,0.050000000000000044,8.72184671152354e-08,0.0009056716808117926,0.0002177250134991482,,,,,,dqn,cartpole,sparse,0.1,0.9,0,
560,0.0,10,0.050000000000000044,2.0909202191887744e-07,0.0004942851373925805,0.00047358364099636674,,,,,,dqn,cartpole,sparse,0.1,0.9,0,
561,0.0,9,0.050000000000000044,1.4549041793543438e-07,0.0008071406045928597,0.00038975884672254324,,,,,,dqn,cartpole,sparse,0.1,0.9,0,
562,0.0,9,0.050000000000000044,1.1224051377212163e-07,0.0005511775380000472,0.00029557535890489817,,,,,,dqn,cartpole,sparse,0.1,0.9,0,
563,0.0,11,0.050000000000000044,2.2916952957530157e-07,0.000887890812009573,0.00038384212530218065,,,,,,dqn,cartpole,sparse,0.1,0.9,0,
564,0.0,12,0.050000000000000044,1.8070031160277722e-07,0.0008764868834987283,0.00043173617450520396,,,,,,dqn,cartpole,sparse,0.1,0.9,0,
565,0.0,11,0.050000000000000044,3.2483325185239664e-07,0.0006575012812390924,0.0006150787230581045,,,,,,dqn,cartpole,sparse,0.1,0.9,0,
566,0.0,17,0.050000000000000044,1.3880054439141531e-07,0.0009993615094572306,0.0004238079418428242,,,,,,dqn,cartpole,sparse,0.1,0.9,0,
567,0.0,9,0.050000000000000044,2.632246491884871e-07,0.00034654163755476475,0.0006454826216213405,,,,,,dqn,cartpole,sparse,0.1,0.9,0,
568,0.0,9,0.050000000000000044,2.2315595060717897e-07,0.0010060342028737068,0.0005062022246420383,,,,,,dqn,cartpole,sparse,0.1,0.9,0,
569,0.0,10,0.050000000000000044,2.31394011507291e-07,0.0007120004156604409,0.0004893054720014334,,,,,,dqn,cartpole,sparse,0.1,0.9,0,
570,0.0,10,0.050000000000000044,2.1782634007649904e-07,0.0010091534350067377,0.0004842759808525443,,,,,,dqn,cartpole,sparse,0.1,0.9,0,
571,0.0,9,0.050000000000000044,1.7099526417041488e-07,0.0006059075822122395,0.000421453092712909,,,,,,dqn,cartpole,sparse,0.1,0.9,0,
572,0.0,8,0.050000000000000044,1.2811679539481702e-07,0.0007908525876700878,0.0002796493354253471,,,,,,dqn,cartpole,sparse,0.1,0.9,0,
573,0.0,23,0.050000000000000044,3.1528060162600013e-07,0.0004879087791778147,0.0005221418105065823,,,,,,dqn,cartpole,sparse,0.1,0.9,0,
574,0.0,10,0.050000000000000044,1.5713477807821619e-07,0.00028390815714374185,0.0004997859941795468,,,,,,dqn,cartpole,sparse,0.1,0.9,0,
575,0.0,8,0.050000000000000044,1.7616946479392936e-07,0.0006933529512025416,0.0003707180148921907,,,,,,dqn,cartpole,sparse,0.1,0.9,0,
576,0.0,9,0.050000000000000044,1.2812944305551355e-07,0.0007305380422621965,0.0003298691299278289,,,,,,dqn,cartpole,sparse,0.1,0.9,0,
577,0.0,10,0.050000000000000044,1.4297270922725147e-07,0.0008822878007777035,0.00039000483229756355,,,,,,dqn,cartpole,sparse,0.1,0.9,0,
578,0.0,9,0.050000000000000044,1.6026174876060395e-07,0.0005002249963581562,0.0004400303587317467,,,,,,dqn,cartpole,sparse,0.1,0.9,0,
579,0.0,8,0.050000000000000044,2.2587084913539002e-07,0.0008556703105568886,0.0003940569586120546,,,,,,dqn,cartpole,sparse,0.1,0.9,0,
580,0.0,8,0.050000000000000044,1.433431009445485e-07,0.0010456435848027468,0.0003974935971200466,,,,,,dqn,cartpole,sparse,0.1,0.9,0,
581,0.0,9,0.050000000000000044,2.1580515863206529e-07,0.0005604246398434043,0.0005124310264363885,,,,,,dqn,cartpole,sparse,0.1,0.9,0,
582,0.0,12,0.050000000000000044,2.242924210804631e-07,0.001166424248367548,0.0005204032640904188,,,,,,dqn,cartpole,sparse,0.1,0.9,0,
583,0.0,10,0.050000000000000044,2.284921123418826e-07,0.000260327011346817,0.0005593158421106637,,,,,,dqn,cartpole,sparse,0.1,0.9,0,
584,0.0,9,0.050000000000000044,2.1140820649634406e-07,0.000700919539667666,0.0004693503142334521,,,,,,dqn,cartpole,sparse,0.1,0.9,0,
585,0.0,10,0.050000000000000044,1.3842480939274537e-07,0.0007850117981433868,0.0003066244535148144,,,,,,dqn,cartpole,sparse,0.1,0.9,0,
586,0.0,10,0.050000000000000044,1.3312308055901667e-07,0.0003992067067883909,0.0003600228810682893,,,,,,dqn,cartpole,sparse,0.1,0.9,0,
587,0.0,10,0.050000000000000044,1.9395557160351018e-07,0.0009791003540158272,0.00047869246918708086,,,,,,dqn,cartpole,sparse,0.1,0.9,0,
588,0.0,18,0.050000000000000044,2.331302084712661e-07,0.0008601814042776823,0.0005224027554504573,,,,,,dqn,cartpole,sparse,0.1,0.9,0,
589,0.0,19,0.050000000000000044,1.284617212604644e-07,0.0009299131343141198,0.000428016297519207,,,,,,dqn,cartpole,sparse,0.1,0.9,0,
590,0.0,10,0.050000000000000044,2.5272129278164357e-07,0.0007789577939547598,0.0004503527597989887,,,,,,dqn,cartpole,sparse,0.1,0.9,0,
591,0.0,9,0.050000000000000044,1.910729423570956e-07,0.0009558314923197031,0.00035729524097405374,,,,,,dqn,cartpole,sparse,0.1,0.9,0,
592,0.0,10,0.050000000000000044,1.577109003392252e-07,0.0006350821349769831,0.00034284251159988344,,,,,,dqn,cartpole,sparse,0.1,0.9,0,
593,0.0,9,0.050000000000000044,1.897646910720141e-07,0.0003895387635566294,0.0005206382484175265,,,,,,dqn,cartpole,sparse,0.1,0.9,0,
594,0.0,9,0.050000000000000044,1.466604402367011e-07,0.0009487855713814497,0.0003759767860174179,,,,,,dqn,cartpole,sparse,0.1,0.9,0,
595,0.0,9,0.050000000000000044,2.4277341026390786e-07,0.0004024449153803289,0.000641109305433929,,,,,,dqn,cartpole,sparse,0.1,0.9,0,
596,0.0,8,0.050000000000000044,2.410309605238581e-07,0.0007976873894222081,0.0004805030766874552,,,,,,dqn,cartpole,sparse,0.1,0.9,0,
597,0.0,9,0.050000000000000044,1.3908244511640078e-07,0.0007465825183317065,0.0003436920524109155,,,,,,dqn,cartpole,sparse,0.1,0.9,0,
598,0.0,10,0.050000000000000044,2.180779574700864e-07,0.0008813724853098392,0.0004420769982971251,,,,,,dqn,cartpole,sparse,0.1,0.9,0,
599,0.0,9,0.050000000000000044,1.570479355450516e-07,0.0006923234323039651,0.00046167487744241953,,,,,,dqn,cartpole,sparse,0.1,0.9,0,
600,0.0,9,0.050000000000000044,1.1706647740084009e-07,0.0007993701146915555,0.00032725941855460405,,,0.0,0.0,9.4,dqn,cartpole,sparse,0.1,0.9,0,
601,0.0,10,0.050000000000000044,1.8618587205310178e-07,0.0004899962805211544,0.0005304221995174885,,,,,,dqn,cartpole,sparse,0.1,0.9,0,
602,0.0,14,0.050000000000000044,2.0094597630304634e-07,0.000864517642185092,0.0004878646577708423,,,,,,dqn,cartpole,sparse,0.1,0.9,0,
603,0.0,8,0.050000000000000044,1.9702888209849334e-07,0.00043462857138365507,0.00040520913898944855,,,,,,dqn,cartpole,sparse,0.1,0.9,0,
604,0.0,9,0.050000000000000044,3.217108712760819e-07,0.0004946227418258786,0.0004636751546058804,,,,,,dqn,cartpole,sparse,0.1,0.9,0,
605,0.0,13,0.050000000000000044,2.009903568023219e-07,0.0004932803567498922,0.0004536892520263791,,,,,,dqn,cartpole,sparse,0.1,0.9,0,
606,0.0,10,0.050000000000000044,1.2346887956482533e-07,0.0008169843349605799,0.0003427418996579945,,,,,,dqn,cartpole,sparse,0.1,0.9,0,
607,0.0,19,0.050000000000000044,1.608967181709886e-07,0.0006439110729843378,0.00038023595698177814,,,,,,dqn,cartpole,sparse,0.1,0.9,0,
608,0.0,11,0.050000000000000044,2.116936457241536e-07,0.0009124706266447902,0.000383872480597347,,,,,,dqn,cartpole,sparse,0.1,0.9,0,
609,0.0,13,0.050000000000000044,2.098839644304462e-07,0.0006075188284739852,0.0003831323701888323,,,,,,dqn,cartpole,sparse,0.1,0.9,0,
610,0.0,10,0.050000000000000044,2.006365207307681e-07,0.0003857110277749598,0.0004783754702657461,,,,,,dqn,cartpole,sparse,0.1,0.9,0,
611,0.0,16,0.050000000000000044,1.5675786357860488e-07,0.0006912283715792,0.0003767400048673153,,,,,,dqn,cartpole,sparse,0.1,0.9,0,
612,0.0,9,0.050000000000000044,1.784508896207626e-07,0.001008786028251052,0.0003832940710708499,,,,,,dqn,cartpole,sparse,0.1,0.9,0,
613,0.0,18,0.050000000000000044,1.654698564834689e-07,0.0005647442303597927,0.00046128168469294906,,,,,,dqn,cartpole,sparse,0.1,0.9,0,
614,0.0,12,0.050000000000000044,1.0722194332402069e-07,0.0011354748858138919,0.00034279527608305216,,,,,,dqn,cartpole,sparse,0.1,0.9,0,
615,0.0,15,0.050000000000000044,2.18284554875936e-07,0.0007172900950536132,0.00040383689338341355,,,,,,dqn,cartpole,sparse,0.1,0.9,0,
616,0.0,10,0.050000000000000044,2.816614426137676e-07,0.0005336061585694551,0.00040681747486814857,,,,,,dqn,cartpole,sparse,0.1,0.9,0,
617,0.0,19,0.050000000000000044,2.614010270463041e-07,0.0009400013368576765,0.0005243493942543864,,,,,,dqn,cartpole,sparse,0.1,0.9,0,
618,0.0,20,0.050000000000000044,3.818669256361318e-07,0.0013359729200601578,0.0006311880424618721,,,,,,dqn,cartpole,sparse,0.1,0.9,0,
619,0.0,9,0.050000000000000044,2.194379931097501e-07,0.000627760833594948,0.00044651166535913944,,,,,,dqn,cartpole,sparse,0.1,0.9,0,
620,0.0,20,0.050000000000000044,1.3923984454322635e-07,0.0009355391375720501,0.0003500434977468103,,,,,,dqn,cartpole,sparse,0.1,0.9,0,
621,0.0,10,0.050000000000000044,2.2007887423569628e-07,0.0005524946027435362,0.00042078859405592084,,,,,,dqn,cartpole,sparse,0.1,0.9,0,
622,0.0,11,0.050000000000000044,2.6837582822736294e-07,0.0008041101973503828,0.0004882907378487289,,,,,,dqn,cartpole,sparse,0.1,0.9,0,
623,0.0,10,0.050000000000000044,1.6049688156272168e-07,0.0007527000270783901,0.00029877881752327085,,,,,,dqn,cartpole,sparse,0.1,0.9,0,
624,0.0,10,0.050000000000000044,1.7117763206897507e-07,0.0008010127348825336,0.00038012099685147405,,,,,,dqn,cartpole,sparse,0.1,0.9,0,
625,0.0,14,0.050000000000000044,1.405413172506087e-07,0.0005813016323372722,0.00039513909723609686,,,,,,dqn,cartpole,sparse,0.1,0.9,0,
626,0.0,10,0.050000000000000044,9.651822097112017e-08,0.0012122753541916609,0.00032960655516944826,,,,,,dqn,cartpole,sparse,0.1,0.9,0,
627,0.0,9,0.050000000000000044,1.5256486562975624e-07,0.000751913757994771,0.00040788279147818685,,,,,,dqn,cartpole,sparse,0.1,0.9,0,
628,0.0,9,0.050000000000000044,2.271715118240536e-07,0.0006342870183289051,0.000403080164687708,,,,,,dqn,cartpole,sparse,0.1,0.9,0,
629,0.0,20,0.050000000000000044,1.57063283268144e-07,0.0007477423641830683,0.00040985262603498995,,,,,,dqn,cartpole,sparse,0.1,0.9,0,
630,0.0,11,0.050000000000000044,3.8603099028478027e-07,0.0003898843424394727,0.0005561006837524474,,,,,,dqn,cartpole,sparse,0.1,0.9,0,
631,0.0,19,0.050000000000000044,3.3329294524264697e-07,0.00046772585483267903,0.0005323001532815397,,,,,,dqn,cartpole,sparse,0.1,0.9,0,
632,0.0,9,0.050000000000000044,1.4544735904564732e-07,0.0007835532305762172,0.00039779150392860174,,,,,,dqn,cartpole,sparse,0.1,0.9,0,
633,0.0,19,0.050000000000000044,1.5981325418579218e-07,0.0006978269666433334,0.0003561231424100697,,,,,,dqn,cartpole,sparse,0.1,0.9,0,
634,0.0,11,0.050000000000000044,1.5567181321785029e-07,0.000519590568728745,0.0003971294208895415,,,,,,dqn,cartpole,sparse,0.1,0.9,0,
635,0.0,14,0.050000000000000044,2.378551755555236e-07,0.0007152097532525659,0.0004236050299368799,,,,,,dqn,cartpole,sparse,0.1,0.9,0,
636,0.0,10,0.050000000000000044,1.4333446074488165e-07,0.0007860171608626842,0.000436742149759084,,,,,,dqn,cartpole,sparse,0.1,0.9,0,
637,0.0,9,0.050000000000000044,1.3668287124346534e-07,0.0007377808215096593,0.0003816072712652385,,,,,,dqn,cartpole,sparse,0.1,0.9,0,
638,0.0,8,0.050000000000000044,2.090423549816478e-07,0.0003981524787377566,0.0005506150191649795,,,,,,dqn,cartpole,sparse,0.1,0.9,0,
639,0.0,9,0.050000000000000044,2.4545224164285173e-07,0.0011598971905186772,0.0004960238584317267,,,,,,dqn,cartpole,sparse,0.1,0.9,0,
640,0.0,14,0.050000000000000044,1.4276301385507395e-07,0.0007629117462784052,0.0003676135966088623,,,,,,dqn,cartpole,sparse,0.1,0.9,0,
641,0.0,10,0.050000000000000044,1.8961173964271438e-07,0.0004137222422286868,0.00046889163786545396,,,,,,dqn,cartpole,sparse,0.1,0.9,0,
642,0.0,9,0.050000000000000044,1.6503832966918708e-07,0.0009046846535056829,0.00032040488440543413,,,,,,dqn,cartpole,sparse,0.1,0.9,0,
643,0.0,9,0.050000000000000044,1.360380110781989e-07,0.000906806206330657,0.00035756354918703437,,,,,,dqn,cartpole,sparse,0.1,0.9,0,
644,0.0,8,0.050000000000000044,2.830964831446181e-07,0.0007005834486335516,0.0004693071823567152,,,,,,dqn,cartpole,sparse,0.1,0.9,0,
645,0.0,9,0.050000000000000044,7.872917251461331e-08,0.0010649407049641013,0.00023587672330904752,,,,,,dqn,cartpole,sparse,0.1,0.9,0,
646,0.0,9,0.050000000000000044,9.977641468594811e-08,0.0005980674177408218,0.0003281007520854473,,,,,,dqn,cartpole,sparse,0.1,0.9,0,
647,0.0,9,0.050000000000000044,9.775978071502323e-08,0.0008362552034668624,0.000298529164865613,,,,,,dqn,cartpole,sparse,0.1,0.9,0,
648,0.0,17,0.050000000000000044,2.542907679980999e-07,0.0007652867352589965,0.00039891921915113926,,,,,,dqn,cartpole,sparse,0.1,0.9,0,
649,0.0,8,0.050000000000000044,1.6226128707330645e-07,0.0007427970413118601,0.0003896677226293832,,,,,,dqn,cartpole,sparse,0.1,0.9,0,
650,0.0,9,0.050000000000000044,1.6090413623714994e-07,0.0006735461065545678,0.0004038809856865555,,,0.0,0.0,9.4,dqn,cartpole,sparse,0.1,0.9,0,
651,0.0,11,0.050000000000000044,1.6785352840997803e-07,0.0007288062479346991,0.00038935005431994796,,,,,,dqn,cartpole,sparse,0.1,0.9,0,
652,0.0,26,0.050000000000000044,9.963815728042391e-08,0.0011432035826146603,0.00038659657002426684,,,,,,dqn,cartpole,sparse,0.1,0.9,0,
653,0.0,10,0.050000000000000044,1.6624809973109222e-07,0.0007025231025181711,0.00034611584851518273,,,,,,dqn,cartpole,sparse,0.1,0.9,0,
654,0.0,9,0.050000000000000044,1.3285551858643885e-07,0.0010672607459127903,0.0003654118918348104,,,,,,dqn,cartpole,sparse,0.1,0.9,0,
655,0.0,10,0.050000000000000044,5.984028206285075e-08,0.0009290258167311549,0.0002103188307955861,,,,,,dqn,cartpole,sparse,0.1,0.9,0,
656,0.0,12,0.050000000000000044,9.08861608195366e-08,0.000964212347753346,0.0003254009934607893,,,,,,dqn,cartpole,sparse,0.1,0.9,0,
657,0.0,9,0.050000000000000044,6.432333776729138e-08,0.0008481942350044847,0.0002743541554082185,,,,,,dqn,cartpole,sparse,0.1,0.9,0,
658,0.0,12,0.050000000000000044,1.364211925647396e-07,0.0009695249609649181,0.00031791673973202705,,,,,,dqn,cartpole,sparse,0.1,0.9,0,
659,0.0,10,0.050000000000000044,7.000647883614874e-08,0.0007762751774862409,0.00030653210706077516,,,,,,dqn,cartpole,sparse,0.1,0.9,0,
660,0.0,11,0.050000000000000044,1.1876484506956331e-07,0.0006200677016749978,0.0004596835933625698,,,,,,dqn,cartpole,sparse,0.1,0.9,0,
661,0.0,10,0.050000000000000044,7.959014425296118e-08,0.000744939548894763,0.00033236356102861464,,,,,,dqn,cartpole,sparse,0.1,0.9,0,
662,0.0,9,0.050000000000000044,1.4715469376369583e-07,0.001178711885586381,0.00038392929127439857,,,,,,dqn,cartpole,sparse,0.1,0.9,0,
663,0.0,18,0.050000000000000044,1.226403298915102e-07,0.0011227915529161692,0.0003611528663896024,,,,,,dqn,cartpole,sparse,0.1,0.9,0,
664,0.0,8,0.050000000000000044,1.0871468703044229e-07,0.0006018711719661951,0.0004279404820408672,,,,,,dqn,cartpole,sparse,0.1,0.9,0,
665,0.0,10,0.050000000000000044,8.723101529994892e-08,0.0008512915810570121,0.00027666654204949737,,,,,,dqn,cartpole,sparse,0.1,0.9,0,
666,0.0,19,0.050000000000000044,1.634106752135267e-07,0.0007753209793008864,0.00030115642584860325,,,,,,dqn,cartpole,sparse,0.1,0.9,0,
667,0.0,21,0.050000000000000044,1.0732280486536183e-07,0.0011458517983555794,0.00031122512882575393,,,,,,dqn,cartpole,sparse,0.1,0.9,0,
668,0.0,9,0.050000000000000044,4.8132470453765563e-08,0.0007630378822796047,0.00025446689687669277,,,,,,dqn,cartpole,sparse,0.1,0.9,0,
669,0.0,9,0.050000000000000044,1.1440682357033438e-07,0.0011311578564345837,0.0002957392134703696,,,,,,dqn,cartpole,sparse,0.1,0.9,0,
670,0.0,10,0.050000000000000044,8.897463033008535e-08,0.0006909879157319665,0.0003314669884275645,,,,,,dqn,cartpole,sparse,0.1,0.9,0,
671,0.0,10,0.050000000000000044,1.187040794548011e-07,0.0008874469203874469,0.0002859599480871111,,,,,,dqn,cartpole,sparse,0.1,0.9,0,
672,0.0,16,0.050000000000000044,1.878881619177264e-07,0.0005689149838872254,0.00041157740633934736,,,,,,dqn,cartpole,sparse,0.1,0.9,0,
673,0.0,23,0.050000000000000044,1.0591440258167495e-07,0.0007775269914418459,0.000304539775243029,,,,,,dqn,cartpole,sparse,0.1,0.9,0,
674,0.0,17,0.050000000000000044,1.3896864459184144e-07,0.0008681308245286345,0.0003360551781952381,,,,,,dqn,cartpole,sparse,0.1,0.9,0,
675,0.0,10,0.050000000000000044,2.047562759344146e-07,0.0006079614395275712,0.0004890562850050628,,,,,,dqn,cartpole,sparse,0.1,0.9,0,
676,0.0,24,0.050000000000000044,1.3044277125118242e-07,0.000815695442724973,0.0002948689507320523,,,,,,dqn,cartpole,sparse,0.1,0.9,0,
677,0.0,23,0.050000000000000044,1.0685634066476268e-07,0.0009100026800297201,0.0002681706682778895,,,,,,dqn,cartpole,sparse,0.1,0.9,0,
678,0.0,9,0.050000000000000044,1.7324987311440054e-07,0.00034915172727778554,0.00048042673734016716,,,,,,dqn,cartpole,sparse,0.1,0.9,0,
679,0.0,18,0.050000000000000044,1.713774224754161e-07,0.0005769565468654037,0.00044019409688189626,,,,,,dqn,cartpole,sparse,0.1,0.9,0,
680,0.0,8,0.050000000000000044,8.602793855061464e-08,0.000923059182241559,0.00022525970416609198,,,,,,dqn,cartpole,sparse,0.1,0.9,0,
681,0.0,20,0.050000000000000044,1.7579424138602917e-07,0.0006738770753145218,0.00040143245132640004,,,,,,dqn,cartpole,sparse,0.1,0.9,0,
682,0.0,10,0.050000000000000044,7.113312960882467e-08,0.0007454693550243974,0.00023421389050781727,,,,,,dqn,cartpole,sparse,0.1,0.9,0,
683,0.0,13,0.050000000000000044,1.8274889157510188e-07,0.0003805477754212916,0.00048499618424102664,,,,,,dqn,cartpole,sparse,0.1,0.9,0,
684,0.0,8,0.050000000000000044,7.713772021133991e-08,0.0011673273984342813,0.00025660687242634594,,,,,,dqn,cartpole,sparse,0.1,0.9,0,
685,0.0,17,0.050000000000000044,1.5743358972031274e-07,0.0008891565958037972,0.00041802230407483876,,,,,,dqn,cartpole,sparse,0.1,0.9,0,
686,0.0,19,0.050000000000000044,1.3425508882392023e-07,0.00096508814021945,0.0003633750893641263,,,,,,dqn,cartpole,sparse,0.1,0.9,0,
687,0.0,9,0.050000000000000044,1.3892713468521833e-07,0.0004909519921056926,0.0004697820695582777,,,,,,dqn,cartpole,sparse,0.1,0.9,0,
688,0.0,11,0.050000000000000044,8.150377084348293e-08,0.001077895169146359,0.0003007507184520364,,,,,,dqn,cartpole,sparse,0.1,0.9,0,
689,0.0,9,0.050000000000000044,1.4977626960899215e-07,0.00047351937973871827,0.0005042700213380158,,,,,,dqn,cartpole,sparse,0.1,0.9,0,
690,0.0,10,0.050000000000000044,7.88188145861568e-08,0.0010629696771502495,0.0002909271861426532,,,,,,dqn,cartpole,sparse,0.1,0.9,0,
691,0.0,10,0.050000000000000044,1.577178210254715e-07,0.00038553879130631685,0.0005326733808033168,,,,,,dqn,cartpole,sparse,0.1,0.9,0,
692,0.0,10,0.050000000000000044,7.921592271031841e-08,0.0010795480338856578,0.0002687158703338355,,,,,,dqn,cartpole,sparse,0.1,0.9,0,
693,0.0,13,0.050000000000000044,7.293880344150239e-08,0.0006901714950799942,0.00034889887319877744,,,,,,dqn,cartpole,sparse,0.1,0.9,0,
694,0.0,10,0.050000000000000044,1.417938619852066e-07,0.0011473780032247305,0.00040458631701767445,,,,,,dqn,cartpole,sparse,0.1,0.9,0,
695,0.0,15,0.050000000000000044,8.632092374227796e-08,0.001148757291957736,0.0003172495635226369,,,,,,dqn,cartpole,sparse,0.1,0.9,0,
696,0.0,21,0.050000000000000044,1.878225361906516e-07,0.0013495015446096659,0.0005402690730988979,,,,,,dqn,cartpole,sparse,0.1,0.9,0,
697,0.0,10,0.050000000000000044,2.0243393805685628e-07,0.0003283275291323662,0.0006076350109651685,,,,,,dqn,cartpole,sparse,0.1,0.9,0,
698,0.0,10,0.050000000000000044,1.427583811164368e-07,0.0014037513174116611,0.0004302143061067909,,,,,,dqn,cartpole,sparse,0.1,0.9,0,
699,0.0,17,0.050000000000000044,1.1999874516277487e-07,0.0010245390003547072,0.0003268685541115701,,,,,,dqn,cartpole,sparse,0.1,0.9,0,
700,0.0,19,0.050000000000000044,1.458659539821383e-07,0.0011487435549497604,0.0003748319286387414,,,0.0,0.0,9.4,dqn,cartpole,sparse,0.1,0.9,0,
701,0.0,9,0.050000000000000044,1.0762643398720684e-07,0.0009182440117001534,0.00026478988002054393,,,,,,dqn,cartpole,sparse,0.1,0.9,0,
702,0.0,13,0.050000000000000044,2.1952351403342618e-07,0.0014605920296162367,0.0005889843450859189,,,,,,dqn,cartpole,sparse,0.1,0.9,0,
703,0.0,16,0.050000000000000044,1.5047643842081015e-07,0.0012249404098838568,0.00047548397560603917,,,,,,dqn,cartpole,sparse,0.1,0.9,0,
704,0.0,20,0.050000000000000044,1.732419860900336e-07,0.0010655599180608988,0.00044470682041719556,,,,,,dqn,cartpole,sparse,0.1,0.9,0,
705,0.0,18,0.050000000000000044,1.10501524375195e-07,0.001104316208511591,0.0002959190751425922,,,,,,dqn,cartpole,sparse,0.1,0.9,0,
706,0.0,10,0.050000000000000044,1.0886938639487198e-07,0.0006461642915382981,0.00042612524703145027,,,,,,dqn,cartpole,sparse,0.1,0.9,0,
707,0.0,9,0.050000000000000044,9.454949179144023e-08,0.0007665113662369549,0.000293279648758471,,,,,,dqn,cartpole,sparse,0.1,0.9,0,
708,0.0,11,0.050000000000000044,6.824738107980011e-08,0.0007866134401410818,0.00025903136702254415,,,,,,dqn,cartpole,sparse,0.1,0.9,0,
709,0.0,10,0.050000000000000044,1.4702953876621905e-07,0.0005154176033101976,0.0004048532573506236,,,,,,dqn,cartpole,sparse,0.1,0.9,0,
710,0.0,15,0.050000000000000044,1.0007165229808379e-07,0.00088220473844558,0.00026025273837149143,,,,,,dqn,cartpole,sparse,0.1,0.9,0,
711,0.0,20,0.050000000000000044,5.404094238770085e-08,0.0008301136549562216,0.00025053333956748247,,,,,,dqn,cartpole,sparse,0.1,0.9,0,
712,0.0,9,0.050000000000000044,1.2018222150800284e-07,0.0008289352408610284,0.0003064996562898159,,,,,,dqn,cartpole,sparse,0.1,0.9,0,
713,0.0,9,0.050000000000000044,6.098260740827754e-08,0.0009047676576301455,0.00022467720555141568,,,,,,dqn,cartpole,sparse,0.1,0.9,0,
714,0.0,12,0.050000000000000044,6.952137709959061e-08,0.0007636211812496185,0.00020252206013537943,,,,,,dqn,cartpole,sparse,0.1,0.9,0,
715,0.0,10,0.050000000000000044,7.666555745799997e-08,0.0009821504354476929,0.0002793499734252691,,,,,,dqn,cartpole,sparse,0.1,0.9,0,
716,0.0,13,0.050000000000000044,7.76864794715948e-08,0.0007787385256960988,0.0003075521090067923,,,,,,dqn,cartpole,sparse,0.1,0.9,0,
717,0.0,10,0.050000000000000044,1.1225118612401275e-07,0.0008994578383862972,0.00027240754570811987,,,,,,dqn,cartpole,sparse,0.1,0.9,0,
718,0.0,18,0.050000000000000044,8.875693424670317e-08,0.0009217490442097187,0.00028543162625283003,,,,,,dqn,cartpole,sparse,0.1,0.9,0,
719,0.0,9,0.050000000000000044,7.957353886922647e-08,0.0006784936413168907,0.00035437324550002813,,,,,,dqn,cartpole,sparse,0.1,0.9,0,
720,0.0,10,0.050000000000000044,8.056696287894738e-08,0.0009212039294652641,0.0002218282170360908,,,,,,dqn,cartpole,sparse,0.1,0.9,0,
721,0.0,9,0.050000000000000044,8.130495388058989e-08,0.000618121528532356,0.0003050380910281092,,,,,,dqn,cartpole,sparse,0.1,0.9,0,
722,0.0,12,0.050000000000000044,9.748079321525438e-08,0.0008078311220742762,0.00030424672877416015,,,,,,dqn,cartpole,sparse,0.1,0.9,0,
723,0.0,12,0.050000000000000044,7.275529867456498e-08,0.0009186257375404239,0.00028276327066123486,,,,,,dqn,cartpole,sparse,0.1,0.9,0,
724,0.0,11,0.050000000000000044,9.433409786652192e-08,0.0007838563760742545,0.00035395578015595675,,,,,,dqn,cartpole,sparse,0.1,0.9,0,
725,0.0,10,0.050000000000000044,1.5029424105250655e-07,0.00107348442543298,0.0003484082408249378,,,,,,dqn,cartpole,sparse,0.1,0.9,0,
726,0.0,10,0.050000000000000044,8.925069749921022e-08,0.0007362992037087679,0.00036046834429726005,,,,,,dqn,cartpole,sparse,0.1,0.9,0,
727,0.0,9,0.050000000000000044,9.115345278587483e-08,0.0011167263146489859,0.0003085681819356978,,,,,,dqn,cartpole,sparse,0.1,0.9,0,
728,0.0,9,0.050000000000000044,1.437842485074725e-07,0.000409747997764498,0.0004535681800916791,,,,,,dqn,cartpole,sparse,0.1,0.9,0,
729,0.0,8,0.050000000000000044,1.3924723418767826e-07,0.0009905077749863267,0.00031537708127871156,,,,,,dqn,cartpole,sparse,0.1,0.9,0,
730,0.0,9,0.050000000000000044,8.229969239437196e-08,0.0007574333576485515,0.00030257939943112433,,,,,,dqn,cartpole,sparse,0.1,0.9,0,
731,0.0,10,0.050000000000000044,3.862007957877722e-08,0.0009370110929012299,0.0001556146307848394,,,,,,dqn,cartpole,sparse,0.1,0.9,0,
732,0.0,11,0.050000000000000044,9.8035428663934e-08,0.0008055515354499221,0.0003656366898212582,,,,,,dqn,cartpole,sparse,0.1,0.9,0,
733,0.0,10,0.050000000000000044,6.290478182791048e-08,0.0008035955252125859,0.0002121928846463561,,,,,,dqn,cartpole,sparse,0.1,0.9,0,
734,0.0,10,0.050000000000000044,7.781168420706308e-08,0.0008112889481708407,0.00029728160006925464,,,,,,dqn,cartpole,sparse,0.1,0.9,0,
735,0.0,9,0.050000000000000044,6.863004387014371e-08,0.0008975911187008023,0.00023937979131005704,,,,,,dqn,cartpole,sparse,0.1,0.9,0,
736,0.0,9,0.050000000000000044,9.010148716015465e-08,0.000672440801281482,0.00028629659209400415,,,,,,dqn,cartpole,sparse,0.1,0.9,0,
737,0.0,9,0.050000000000000044,9.681637891389983e-08,0.0009036628762260079,0.00029680371517315507,,,,,,dqn,cartpole,sparse,0.1,0.9,0,
738,0.0,8,0.050000000000000044,9.830868918925262e-08,0.0009216992184519768,0.00031776545802131295,,,,,,dqn,cartpole,sparse,0.1,0.9,0,
739,0.0,9,0.050000000000000044,9.545691170842474e-08,0.0008084232686087489,0.0003616123285610229,,,,,,dqn,cartpole,sparse,0.1,0.9,0,
740,0.0,10,0.050000000000000044,9.180268989439355e-08,0.0009703114628791809,0.0002774056338239461,,,,,,dqn,cartpole,sparse,0.1,0.9,0,
741,0.0,22,0.050000000000000044,1.2559630135910993e-07,0.0006931268144398928,0.00033777905628085136,,,,,,dqn,cartpole,sparse,0.1,0.9,0,
742,0.0,9,0.050000000000000044,7.204698704299517e-08,0.0008499490795657039,0.0002505879965610802,,,,,,dqn,cartpole,sparse,0.1,0.9,0,
743,0.0,10,0.050000000000000044,8.079700819507707e-08,0.00086110649863258,0.0002578858402557671,,,,,,dqn,cartpole,sparse,0.1,0.9,0,
744,0.0,10,0.050000000000000044,1.2658209413984878e-07,0.0008973328513093293,0.00028162673697806895,,,,,,dqn,cartpole,sparse,0.1,0.9,0,
745,0.0,13,0.050000000000000044,1.058651406538047e-07,0.0010586567223072052,0.0002766893885564059,,,,,,dqn,cartpole,sparse,0.1,0.9,0,
746,0.0,9,0.050000000000000044,7.664629464443351e-08,0.000688019092194736,0.00033224414801225066,,,,,,dqn,cartpole,sparse,0.1,0.9,0,
747,0.0,10,0.050000000000000044,8.233583059791272e-08,0.0009489112417213619,0.0002723498037084937,,,,,,dqn,cartpole,sparse,0.1,0.9,0,
748,0.0,19,0.050000000000000044,7.080446096097148e-08,0.0009988521924242377,0.00024216850579250604,,,,,,dqn,cartpole,sparse,0.1,0.9,0,
749,0.0,14,0.050000000000000044,1.233608770689898e-07,0.0008892182959243655,0.0003261580131947994,,,,,,dqn,cartpole,sparse,0.1,0.9,0,
750,0.0,10,0.050000000000000044,7.46850190580517e-08,0.0008030509343370795,0.00024968310026451945,,,0.0,0.0,9.4,dqn,cartpole,sparse,0.1,0.9,0,
751,0.0,20,0.050000000000000044,4.5230049039446385e-08,0.0009926867205649614,0.00021597350132651627,,,,,,dqn,cartpole,sparse,0.1,0.9,0,
752,0.0,11,0.050000000000000044,9.904951525641081e-08,0.0007001182530075312,0.00040975422598421574,,,,,,dqn,cartpole,sparse,0.1,0.9,0,
753,0.0,14,0.050000000000000044,1.5129950270420522e-07,0.0009617343312129378,0.00037755127414129674,,,,,,dqn,cartpole,sparse,0.1,0.9,0,
754,0.0,14,0.050000000000000044,1.158882199092659e-07,0.0010424705687910318,0.0003161820932291448,,,,,,dqn,cartpole,sparse,0.1,0.9,0,
755,0.0,9,0.050000000000000044,1.4742654741439765e-07,0.00045962698641233146,0.0004625074507202953,,,,,,dqn,cartpole,sparse,0.1,0.9,0,
756,0.0,10,0.050000000000000044,1.3305012203090882e-07,0.0011524641886353493,0.00038396986201405525,,,,,,dqn,cartpole,sparse,0.1,0.9,0,
757,0.0,19,0.050000000000000044,1.942798633081111e-07,0.0011645095655694604,0.0004957304336130619,,,,,,dqn,cartpole,sparse,0.1,0.9,0,
758,0.0,19,0.050000000000000044,1.1797186516560032e-07,0.000913623021915555,0.00032222113804891706,,,,,,dqn,cartpole,sparse,0.1,0.9,0,
759,0.0,15,0.050000000000000044,1.5402855524371262e-07,0.0011482988484203815,0.0003661881200969219,,,,,,dqn,cartpole,sparse,0.1,0.9,0,
760,0.0,14,0.050000000000000044,1.4031577677542373e-07,0.0008128391928039491,0.00037217114004306495,,,,,,dqn,cartpole,sparse,0.1,0.9,0,
761,0.0,13,0.050000000000000044,1.4699492112413282e-07,0.0008438333170488477,0.00044217711547389627,,,,,,dqn,cartpole,sparse,0.1,0.9,0,
762,0.0,10,0.050000000000000044,1.105204461282483e-07,0.0008051373297348619,0.00030809472082182765,,,,,,dqn,cartpole,sparse,0.1,0.9,0,
763,0.0,14,0.050000000000000044,7.041940364160837e-08,0.0010450950358062983,0.0002536116517148912,,,,,,dqn,cartpole,sparse,0.1,0.9,0,
764,0.0,10,0.050000000000000044,1.1074580186232197e-07,0.0006147394888103008,0.0004255525127518922,,,,,,dqn,cartpole,sparse,0.1,0.9,0,
765,0.0,13,0.050000000000000044,7.118388367644002e-08,0.0009020743891596794,0.0002545041497796774,,,,,,dqn,cartpole,sparse,0.1,0.9,0,
766,0.0,16,0.050000000000000044,1.16755018098047e-07,0.0006839127163402736,0.00037957250606268644,,,,,,dqn,cartpole,sparse,0.1,0.9,0,
767,0.0,11,0.050000000000000044,1.7920989137110155e-07,0.000938255456276238,0.00034385258913971484,,,,,,dqn,cartpole,sparse,0.1,0.9,0,
768,0.0,9,0.050000000000000044,1.4089442856857204e-07,0.0008184221806004643,0.000301907304674387,,,,,,dqn,cartpole,sparse,0.1,0.9,0,
769,0.0,10,0.050000000000000044,9.712655923976854e-08,0.0010639890097081661,0.00022544749663211405,,,,,,dqn,cartpole,sparse,0.1,0.9,0,
770,0.0,12,0.050000000000000044,8.643563376153907e-08,0.0008547748439013958,0.0002383317332714796,,,,,,dqn,cartpole,sparse,0.1,0.9,0,
771,0.0,10,0.050000000000000044,6.61926762290932e-08,0.0008431525202468038,0.000280110165476799,,,,,,dqn,cartpole,sparse,0.1,0.9,0,
772,0.0,9,0.050000000000000044,1.0090430180298426e-07,0.0007538556819781661,0.0003070379316341132,,,,,,dqn,cartpole,sparse,0.1,0.9,0,
773,0.0,8,0.050000000000000044,5.0316788957616154e-08,0.0011660060845315456,0.00019772915402427316,,,,,,dqn,cartpole,sparse,0.1,0.9,0,
774,0.0,15,0.050000000000000044,9.496592667801451e-08,0.0005450837779790163,0.0003614687593653798,,,,,,dqn,cartpole,sparse,0.1,0.9,0,
775,0.0,13,0.050000000000000044,1.2165754981197097e-07,0.0008960652630776167,0.0003674643230624497,,,,,,dqn,cartpole,sparse,0.1,0.9,0,
776,0.0,10,0.050000000000000044,9.250082655398728e-08,0.0011139886919409037,0.0003029661893378943,,,,,,dqn,cartpole,sparse,0.1,0.9,0,
777,0.0,13,0.050000000000000044,1.0524624372010294e-07,0.0007855599978938699,0.00036143604665994644,,,,,,dqn,cartpole,sparse,0.1,0.9,0,
778,0.0,10,0.050000000000000044,7.799243917361309e-08,0.000753341824747622,0.00032325743813998997,,,,,,dqn,cartpole,sparse,0.1,0.9,0,
779,0.0,14,0.050000000000000044,1.0508446735002508e-07,0.0008482311386615038,0.0002698451862670481,,,,,,dqn,cartpole,sparse,0.1,0.9,0,
780,0.0,9,0.050000000000000044,1.0518574100615297e-07,0.0007152084144763649,0.00035823107464239,,,,,,dqn,cartpole,sparse,0.1,0.9,0,
781,0.0,21,0.050000000000000044,7.01811089243165e-08,0.0008818807546049356,0.00024107177159748971,,,,,,dqn,cartpole,sparse,0.1,0.9,0,
782,0.0,9,0.050000000000000044,1.5517262852426938e-07,0.0008756760507822037,0.0003327634767629206,,,,,,dqn,cartpole,sparse,0.1,0.9,0,
783,0.0,16,0.050000000000000044,1.3622479855257552e-07,0.0009042973979376256,0.00032115960493683815,,,,,,dqn,cartpole,sparse,0.1,0.9,0,
784,0.0,20,0.050000000000000044,7.641584431894444e-08,0.0008063575369305909,0.00030487790354527533,,,,,,dqn,cartpole,sparse,0.1,0.9,0,
785,0.0,9,0.050000000000000044,5.493660637512221e-08,0.0009667539270594716,0.00020839626085944474,,,,,,dqn,cartpole,sparse,0.1,0.9,0,
786,0.0,16,0.050000000000000044,1.227841153195186e-07,0.000739714247174561,0.00037628065911121666,,,,,,dqn,cartpole,sparse,0.1,0.9,0,
787,0.0,12,0.050000000000000044,9.166497250134853e-08,0.0007614063797518611,0.00038163323188200593,,,,,,dqn,cartpole,sparse,0.1,0.9,0,
788,0.0,12,0.050000000000000044,1.009762726766894e-07,0.0009341208497062325,0.00026416347827762365,,,,,,dqn,cartpole,sparse,0.1,0.9,0,
789,0.0,15,0.050000000000000044,8.718005517494021e-08,0.0009859786368906498,0.0002725031808950007,,,,,,dqn,cartpole,sparse,0.1,0.9,0,
790,0.0,8,0.050000000000000044,8.252474970049661e-08,0.0008786596008576453,0.00031334173399955034,,,,,,dqn,cartpole,sparse,0.1,0.9,0,
791,0.0,12,0.050000000000000044,8.342385626747273e-08,0.0008656713762320578,0.00025960616767406464,,,,,,dqn,cartpole,sparse,0.1,0.9,0,
792,0.0,17,0.050000000000000044,6.107608641059414e-08,0.0008637668797746301,0.0002116724499501288,,,,,,dqn,cartpole,sparse,0.1,0.9,0,
793,0.0,10,0.050000000000000044,6.34953138956007e-08,0.001021382282488048,0.00017769062833394855,,,,,,dqn,cartpole,sparse,0.1,0.9,0,
794,0.0,14,0.050000000000000044,8.354939495802682e-08,0.0007077637128531933,0.0003082740877289325,,,,,,dqn,cartpole,sparse,0.1,0.9,0,
795,0.0,12,0.050000000000000044,1.9060425415773352e-07,0.0011447268771007657,0.00038472021697089076,,,,,,dqn,cartpole,sparse,0.1,0.9,0,
796,0.0,12,0.050000000000000044,1.2370193758215464e-07,0.0008583668386563659,0.00028796851984225214,,,,,,dqn,cartpole,sparse,0.1,0.9,0,
797,0.0,19,0.050000000000000044,1.532466740172822e-07,0.000989685533568263,0.0003353702195454389,,,,,,dqn,cartpole,sparse,0.1,0.9,0,
798,0.0,9,0.050000000000000044,1.2831387152800744e-07,0.0006656100740656257,0.0004155862843617797,,,,,,dqn,cartpole,sparse,0.1,0.9,0,
799,0.0,17,0.050000000000000044,6.587224987697482e-08,0.0006720388191752136,0.0002749132108874619,,,,,,dqn,cartpole,sparse,0.1,0.9,0,
800,0.0,10,0.050000000000000044,9.072105910945538e-08,0.0010961713269352913,0.0002700899785850197,,,0.0,0.0,44.1,dqn,cartpole,sparse,0.1,0.9,0,
801,0.0,12,0.050000000000000044,4.896916294683251e-08,0.0008904467104002833,0.00020656603737734258,,,,,,dqn,cartpole,sparse,0.1,0.9,0,
802,0.0,12,0.050000000000000044,9.765595621047396e-08,0.0010080239735543728,0.00025599688524380326,,,,,,dqn,cartpole,sparse,0.1,0.9,0,
803,0.0,16,0.050000000000000044,9.901543762680376e-08,0.000444561883341521,0.00033405207796022296,,,,,,dqn,cartpole,sparse,0.1,0.9,0,
804,0.0,11,0.050000000000000044,1.4151719085475634e-07,0.0010237364331260324,0.0003128401003777981,,,,,,dqn,cartpole,sparse,0.1,0.9,0,
805,0.0,9,0.050000000000000044,1.048629343358698e-07,0.0007748112548142672,0.00029942550463601947,,,,,,dqn,cartpole,sparse,0.1,0.9,0,
806,0.0,17,0.050000000000000044,4.290349053803766e-08,0.0009839460253715515,0.00018730468582361937,,,,,,dqn,cartpole,sparse,0.1,0.9,0,
807,0.0,18,0.050000000000000044,4.231331374171532e-08,0.0009505400666967034,0.00017125335580203682,,,,,,dqn,cartpole,sparse,0.1,0.9,0,
808,0.0,9,0.050000000000000044,1.0021338425758586e-07,0.0006969513488002121,0.00036138732684776187,,,,,,dqn,cartpole,sparse,0.1,0.9,0,
809,0.0,9,0.050000000000000044,9.944268697381631e-08,0.0009275379707105458,0.0002933045325335115,,,,,,dqn,cartpole,sparse,0.1,0.9,0,
810,0.0,18,0.050000000000000044,1.5196727076727257e-07,0.0009715502383187413,0.0003609117411542684,,,,,,dqn,cartpole,sparse,0.1,0.9,0,
811,0.0,18,0.050000000000000044,1.3502516083008231e-07,0.0011414762120693922,0.00042207149090245366,,,,,,dqn,cartpole,sparse,0.1,0.9,0,
812,0.0,8,0.050000000000000044,1.191347891449368e-07,0.0004458650655578822,0.0003934360865969211,,,,,,dqn,cartpole,sparse,0.1,0.9,0,
813,0.0,20,0.050000000000000044,6.423962162216412e-08,0.0005153089878149331,0.0003061936004087329,,,,,,dqn,cartpole,sparse,0.1,0.9,0,
814,0.0,24,0.050000000000000044,5.049560769521122e-08,0.000778673798777163,0.00019772429368458688,,,,,,dqn,cartpole,sparse,0.1,0.9,0,
815,0.0,20,0.050000000000000044,5.909740963261356e-08,0.0007043499499559402,0.0002108619810314849,,,,,,dqn,cartpole,sparse,0.1,0.9,0,
816,0.0,11,0.050000000000000044,4.950707221951234e-08,0.0009467691997997463,0.00019489086116664112,,,,,,dqn,cartpole,sparse,0.1,0.9,0,
817,0.0,12,0.050000000000000044,5.13111118038978e-08,0.0006123442435637116,0.0002977963595185429,,,,,,dqn,cartpole,sparse,0.1,0.9,0,
818,0.0,20,0.050000000000000044,3.534089998424861e-08,0.0006378022953867912,0.00022977154003456235,,,,,,dqn,cartpole,sparse,0.1,0.9,0,
819,0.0,9,0.050000000000000044,3.143702898000811e-08,0.0009046671912074089,0.0001622547279112041,,,,,,dqn,cartpole,sparse,0.1,0.9,0,
820,0.0,21,0.050000000000000044,4.1864545607950276e-08,0.0006380605045706034,0.000261313165538013,,,,,,dqn,cartpole,sparse,0.1,0.9,0,
821,0.0,10,0.050000000000000044,7.779929234175142e-08,0.0009033970418386161,0.0002554984239395708,,,,,,dqn,cartpole,sparse,0.1,0.9,0,
822,0.0,16,0.050000000000000044,6.856552658973669e-08,0.0009124628268182278,0.00020996651437599212,,,,,,dqn,cartpole,sparse,0.1,0.9,0,
823,0.0,18,0.050000000000000044,5.115174417369417e-08,0.0007549163419753313,0.0001721370208542794,,,,,,dqn,cartpole,sparse,0.1,0.9,0,
824,0.0,13,0.050000000000000044,2.2156640966386476e-08,0.0007930217543616891,0.00010519231727812439,,,,,,dqn,cartpole,sparse,0.1,0.9,0,
825,0.0,18,0.050000000000000044,9.13596380769377e-08,0.000891232630237937,0.00023990731278900057,,,,,,dqn,cartpole,sparse,0.1,0.9,0,
826,0.0,10,0.050000000000000044,5.255645874058246e-08,0.0008844886906445026,0.00015709750005044043,,,,,,dqn,cartpole,sparse,0.1,0.9,0,
827,0.0,19,0.050000000000000044,7.875509311361384e-08,0.0005935253575444221,0.00027579331072047353,,,,,,dqn,cartpole,sparse,0.1,0.9,0,
828,0.0,20,0.050000000000000044,1.0458347787789535e-07,0.0005103693692944944,0.00035086035495623946,,,,,,dqn,cartpole,sparse,0.1,0.9,0,
829,0.0,20,0.050000000000000044,2.460825676564582e-08,0.0007546896813437343,0.0001477962068747729,,,,,,dqn,cartpole,sparse,0.1,0.9,0,
830,0.0,16,0.050000000000000044,5.661193114292473e-08,0.0008005985291674733,0.0002214722626376897,,,,,,dqn,cartpole,sparse,0.1,0.9,0,
831,0.0,10,0.050000000000000044,6.314500922144362e-08,0.0006532934494316578,0.00021158585150260478,,,,,,dqn,cartpole,sparse,0.1,0.9,0,
832,0.0,15,0.050000000000000044,3.526891845240243e-08,0.0007482233922928572,0.00015578165766783059,,,,,,dqn,cartpole,sparse,0.1,0.9,0,
833,0.0,24,0.050000000000000044,3.3415098243949615e-08,0.0008043969282880425,0.00014611563528887928,,,,,,dqn,cartpole,sparse,0.1,0.9,0,
834,0.0,13,0.050000000000000044,6.303632460458175e-08,0.0008193625253625214,0.00017218540597241372,,,,,,dqn,cartpole,sparse,0.1,0.9,0,
835,0.0,12,0.050000000000000044,3.3938007959477545e-08,0.0007868448155932128,0.0001528745051473379,,,,,,dqn,cartpole,sparse,0.1,0.9,0,
836,0.0,10,0.050000000000000044,7.073926155953814e-08,0.0007623083656653762,0.00024144862254615873,,,,,,dqn,cartpole,sparse,0.1,0.9,0,
837,0.0,12,0.050000000000000044,5.733384966788435e-08,0.000978104188106954,0.0002623549662530422,,,,,,dqn,cartpole,sparse,0.1,0.9,0,
838,0.0,19,0.050000000000000044,3.467172859927814e-08,0.0007887539686635137,0.00016773791867308319,,,,,,dqn,cartpole,sparse,0.1,0.9,0,
839,0.0,20,0.050000000000000044,3.832764150502044e-08,0.0008636264246888459,0.00016641768161207438,,,,,,dqn,cartpole,sparse,0.1,0.9,0,
840,0.0,10,0.050000000000000044,3.687589611445219e-08,0.0007929762359708548,0.00012537496513687074,,,,,,dqn,cartpole,sparse,0.1,0.9,0,
841,0.0,9,0.050000000000000044,3.619775768015643e-08,0.0008403882966376841,0.00013529983698390424,,,,,,dqn,cartpole,sparse,0.1,0.9,0,
842,0.0,16,0.050000000000000044,5.687012816224524e-08,0.000751338608097285,0.00020110476179979742,,,,,,dqn,cartpole,sparse,0.1,0.9,0,
843,0.0,19,0.050000000000000044,7.271174240486289e-08,0.00048719439655542374,0.00035201467107981443,,,,,,dqn,cartpole,sparse,0.1,0.9,0,
844,0.0,12,0.050000000000000044,6.733978352713166e-08,0.0010491525754332542,0.0002531370846554637,,,,,,dqn,cartpole,sparse,0.1,0.9,0,
845,0.0,21,0.050000000000000044,4.312312995580214e-08,0.0009644177043810487,0.0001987425348488614,,,,,,dqn,cartpole,sparse,0.1,0.9,0,
846,0.0,14,0.050000000000000044,7.243023958380945e-08,0.00090243318118155,0.0002131281071342528,,,,,,dqn,cartpole,sparse,0.1,0.9,0,
847,0.0,9,0.050000000000000044,5.119980528434098e-08,0.000590106938034296,0.00024090030638035387,,,,,,dqn,cartpole,sparse,0.1,0.9,0,
848,0.0,10,0.050000000000000044,3.818185234649718e-08,0.0008409213041886687,0.00012648142001125962,,,,,,dqn,cartpole,sparse,0.1,0.9,0,
849,0.0,11,0.050000000000000044,4.222709293344451e-08,0.0007975375046953559,0.00015396848903037608,,,,,,dqn,cartpole,sparse,0.1,0.9,0,
850,0.0,10,0.050000000000000044,3.9951387975634134e-08,0.0007142552640289068,0.00021100786398164928,,,0.0,0.0,53.6,dqn,cartpole,sparse,0.1,0.9,0,
851,0.0,12,0.050000000000000044,3.5683385135598655e-08,0.0006396342068910599,0.00020330178085714579,,,,,,dqn,cartpole,sparse,0.1,0.9,0,
852,0.0,11,0.050000000000000044,4.666717501322637e-08,0.0008682534098625183,0.00017577179824002087,,,,,,dqn,cartpole,sparse,0.1,0.9,0,
853,0.0,15,0.050000000000000044,6.513816686037899e-08,0.0006904135225340724,0.00024838719400577247,,,,,,dqn,cartpole,sparse,0.1,0.9,0,
854,0.0,17,0.050000000000000044,6.933446172752156e-08,0.0006307396106421947,0.00025510587147437036,,,,,,dqn,cartpole,sparse,0.1,0.9,0,
855,0.0,18,0.050000000000000044,6.394887464011845e-08,0.0007225703448057175,0.00019892712589353323,,,,,,dqn,cartpole,sparse,0.1,0.9,0,
856,0.0,9,0.050000000000000044,4.0076844953773616e-08,0.0007879185141064227,0.00016671625780873,,,,,,dqn,cartpole,sparse,0.1,0.9,0,
857,0.0,15,0.050000000000000044,4.816683940589428e-08,0.0006349191535264254,0.0002454517816659063,,,,,,dqn,cartpole,sparse,0.1,0.9,0,
858,0.0,20,0.050000000000000044,5.690806048619379e-08,0.000666620850097388,0.00026527332374826074,,,,,,dqn,cartpole,sparse,0.1,0.9,0,
859,0.0,18,0.050000000000000044,6.500508931139848e-08,0.0005780627252534032,0.0003155508020427078,,,,,,dqn,cartpole,sparse,0.1,0.9,0,
860,0.0,21,0.050000000000000044,3.670349002504736e-08,0.0006826191674917936,0.00018078600987792015,,,,,,dqn,cartpole,sparse,0.1,0.9,0,
861,0.0,23,0.050000000000000044,6.178427014447152e-08,0.0005974419182166457,0.0002741682401392609,,,,,,dqn,cartpole,sparse,0.1,0.9,0,
862,0.0,22,0.050000000000000044,9.13689888193403e-08,0.0008634078549221158,0.0003190683783032,,,,,,dqn,cartpole,sparse,0.1,0.9,0,
863,0.0,21,0.050000000000000044,7.374772792445583e-08,0.0007241118000820279,0.0002197335852542892,,,,,,dqn,cartpole,sparse,0.1,0.9,0,
864,0.0,12,0.050000000000000044,5.486250387320979e-08,0.0010875283041968942,0.00029151097987778485,,,,,,dqn,cartpole,sparse,0.1,0.9,0,
865,0.0,10,0.050000000000000044,6.40974633370206e-08,0.000523524999152869,0.00033188454108312726,,,,,,dqn,cartpole,sparse,0.1,0.9,0,
866,0.0,13,0.050000000000000044,4.6411727794293256e-08,0.0006463059689849615,0.0002670878020580858,,,,,,dqn,cartpole,sparse,0.1,0.9,0,
867,0.0,15,0.050000000000000044,6.770716254322906e-08,0.0009854959789663553,0.0002707619860302657,,,,,,dqn,cartpole,sparse,0.1,0.9,0,
868,0.0,9,0.050000000000000044,4.389359276046889e-08,0.0006987123051658273,0.0002173155953641981,,,,,,dqn,cartpole,sparse,0.1,0.9,0,
869,0.0,10,0.050000000000000044,4.7007887360450695e-08,0.0008152584778144956,0.0001923437521327287,,,,,,dqn,cartpole,sparse,0.1,0.9,0,
870,0.0,20,0.050000000000000044,3.1218512219766126e-08,0.0007069958955980837,0.0001829218672355637,,,,,,dqn,cartpole,sparse,0.1,0.9,0,
871,0.0,9,0.050000000000000044,4.5777220236686844e-08,0.000827576732262969,0.00016072310972958803,,,,,,dqn,cartpole,sparse,0.1,0.9,0,
872,0.0,12,0.050000000000000044,4.377166717972614e-08,0.000763404299505055,0.00018587778322398663,,,,,,dqn,cartpole,sparse,0.1,0.9,0,
873,0.0,20,0.050000000000000044,2.4945352450345126e-08,0.0007044132798910141,0.00017459866649005562,,,,,,dqn,cartpole,sparse,0.1,0.9,0,
874,0.0,10,0.050000000000000044,4.9754007136471046e-08,0.0006603115471079946,0.00023492801119573414,,,,,,dqn,cartpole,sparse,0.1,0.9,0,
875,0.0,16,0.050000000000000044,3.405196480343875e-08,0.000677958014421165,0.00020485377172008157,,,,,,dqn,cartpole,sparse,0.1,0.9,0,
876,0.0,9,0.050000000000000044,6.94004498313916e-08,0.0009266335400752723,0.0001939217618200928,,,,,,dqn,cartpole,sparse,0.1,0.9,0,
877,0.0,12,0.050000000000000044,6.323376311456741e-08,0.0006658097263425589,0.0002342645893804729,,,,,,dqn,cartpole,sparse,0.1,0.9,0,
878,0.0,20,0.050000000000000044,4.4759438821984077e-08,0.0007161552784964442,0.0001985935086850077,,,,,,dqn,cartpole,sparse,0.1,0.9,0,
879,0.0,12,0.050000000000000044,6.54702176916544e-08,0.0009105009958148003,0.00017671097884885967,,,,,,dqn,cartpole,sparse,0.1,0.9,0,
880,0.0,10,0.050000000000000044,5.804557190458581e-08,0.0006176941096782684,0.00023333588615059853,,,,,,dqn,cartpole,sparse,0.1,0.9,0,
881,0.0,21,0.050000000000000044,5.003267133929512e-08,0.0006222723750397563,0.0002541727153584361,,,,,,dqn,cartpole,sparse,0.1,0.9,0,
882,0.0,19,0.050000000000000044,6.069895164273476e-08,0.0008832880994305015,0.00022788316709920764,,,,,,dqn,cartpole,sparse,0.1,0.9,0,
883,0.0,19,0.050000000000000044,4.219268134875165e-08,0.0006988710956647992,0.00022381925373338163,,,,,,dqn,cartpole,sparse,0.1,0.9,0,
884,0.0,10,0.050000000000000044,3.7381848727591205e-08,0.0008722381899133325,0.0001414845755789429,,,,,,dqn,cartpole,sparse,0.1,0.9,0,
885,0.0,9,0.050000000000000044,3.370521639567414e-08,0.0006961829494684935,0.00020811022841371596,,,,,,dqn,cartpole,sparse,0.1,0.9,0,
886,0.0,10,0.050000000000000044,4.634469163988797e-08,0.0008130993228405714,0.0001532516034785658,,,,,,dqn,cartpole,sparse,0.1,0.9,0,
887,0.0,10,0.050000000000000044,2.842377710976507e-08,0.0007615802460350096,0.00014385717804543674,,,,,,dqn,cartpole,sparse,0.1,0.9,0,
888,0.0,20,0.050000000000000044,4.126971830942239e-08,0.0009495626436546445,0.00016022560885176063,,,,,,dqn,cartpole,sparse,0.1,0.9,0,
889,0.0,15,0.050000000000000044,2.5659476321493457e-08,0.0008263095514848828,0.00014411851589102298,,,,,,dqn,cartpole,sparse,0.1,0.9,0,
890,0.0,21,0.050000000000000044,4.2534487931789045e-08,0.0007286054315045476,0.00016587410937063396,,,,,,dqn,cartpole,sparse,0.1,0.9,0,
891,0.0,16,0.050000000000000044,1.9099481107787142e-08,0.0008215798297896981,9.763264824869111e-05,,,,,,dqn,cartpole,sparse,0.1,0.9,0,
892,0.0,10,0.050000000000000044,6.459072210418526e-08,0.0008937636739574373,0.00019872331176884472,,,,,,dqn,cartpole,sparse,0.1,0.9,0,
893,0.0,13,0.050000000000000044,4.237184469957356e-08,0.0006961905164644122,0.00020279645104892552,,,,,,dqn,cartpole,sparse,0.1,0.9,0,
894,0.0,14,0.050000000000000044,4.077544701885927e-08,0.0006719622761011124,0.00024102022871375084,,,,,,dqn,cartpole,sparse,0.1,0.9,0,
895,0.0,9,0.050000000000000044,3.8498782828355615e-08,0.000741276890039444,0.00019147444982081652,,,,,,dqn,cartpole,sparse,0.1,0.9,0,
896,0.0,12,0.050000000000000044,5.744897890735956e-08,0.000774941174313426,0.00020582338038366288,,,,,,dqn,cartpole,sparse,0.1,0.9,0,
897,0.0,9,0.050000000000000044,4.906294748252549e-08,0.0007086095865815878,0.00021024436864536256,,,,,,dqn,cartpole,sparse,0.1,0.9,0,
898,0.0,17,0.050000000000000044,5.344850251276512e-08,0.0008184791076928377,0.00017337252211291343,,,,,,dqn,cartpole,sparse,0.1,0.9,0,
899,0.0,12,0.050000000000000044,1.0626421520498752e-08,0.0007582633988931775,8.489775791531429e-05,,,,,,dqn,cartpole,sparse,0.1,0.9,0,
900,0.0,9,0.050000000000000044,3.094719147611613e-08,0.0007427577511407435,0.00015511445235460997,,,0.0,0.0,9.4,dqn,cartpole,sparse,0.1,0.9,0,
901,0.0,9,0.050000000000000044,5.779282830076227e-08,0.000998424831777811,0.0002246263320557773,,,,,,dqn,cartpole,sparse,0.1,0.9,0,
902,0.0,12,0.050000000000000044,6.135834951237484e-08,0.0005779624916613102,0.0002637662400957197,,,,,,dqn,cartpole,sparse,0.1,0.9,0,
903,0.0,21,0.050000000000000044,8.544322582793029e-08,0.0007210642797872424,0.000256023951806128,,,,,,dqn,cartpole,sparse,0.1,0.9,0,
904,0.0,18,0.050000000000000044,6.958151743674534e-08,0.0008146117907017469,0.00023990092449821532,,,,,,dqn,cartpole,sparse,0.1,0.9,0,
905,0.0,21,0.050000000000000044,5.136948999506785e-08,0.0006073504919186234,0.0002579246647655964,,,,,,dqn,cartpole,sparse,0.1,0.9,0,
906,0.0,18,0.050000000000000044,7.265751378326968e-08,0.000517614942509681,0.0003379904665052891,,,,,,dqn,cartpole,sparse,0.1,0.9,0,
907,0.0,21,0.050000000000000044,1.317117437338311e-07,0.000640635029412806,0.0003022675809916109,,,,,,dqn,cartpole,sparse,0.1,0.9,0,
908,0.0,13,0.050000000000000044,6.256559714756804e-08,0.0008871146710589528,0.00020103961287532002,,,,,,dqn,cartpole,sparse,0.1,0.9,0,
909,0.0,10,0.050000000000000044,9.169593795377295e-08,0.0005466014263220131,0.00032779108732938766,,,,,,dqn,cartpole,sparse,0.1,0.9,0,
910,0.0,16,0.050000000000000044,4.61677842622521e-08,0.0005818185163661838,0.00026650220388546586,,,,,,dqn,cartpole,sparse,0.1,0.9,0,
911,0.0,20,0.050000000000000044,6.596838630912316e-08,0.000793909712228924,0.00022592002642340958,,,,,,dqn,cartpole,sparse,0.1,0.9,0,
912,0.0,12,0.050000000000000044,6.873767688375665e-08,0.0008701408514752984,0.00022432467085309327,,,,,,dqn,cartpole,sparse,0.1,0.9,0,
913,0.0,8,0.050000000000000044,5.8655793111483945e-08,0.0005569373024627566,0.0002600385923869908,,,,,,dqn,cartpole,sparse,0.1,0.9,0,
914,0.0,19,0.050000000000000044,4.346839688196269e-08,0.0007671159692108631,0.00017510679026599973,,,,,,dqn,cartpole,sparse,0.1,0.9,0,
915,0.0,32,0.050000000000000044,7.003824009643722e-08,0.0005953381187282503,0.00023025948030408472,,,,,,dqn,cartpole,sparse,0.1,0.9,0,
916,0.0,25,0.050000000000000044,2.9653698163656372e-08,0.0007173685589805245,0.0001758630241965875,,,,,,dqn,cartpole,sparse,0.1,0.9,0,
917,0.0,17,0.050000000000000044,1.2237360635936056e-07,0.0005184884066693485,0.000357503246050328,,,,,,dqn,cartpole,sparse,0.1,0.9,0,
918,0.0,17,0.050000000000000044,6.894387638567423e-08,0.0007261020364239812,0.00024706480326130986,,,,,,dqn,cartpole,sparse,0.1,0.9,0,
919,0.0,16,0.050000000000000044,1.0499709901523602e-07,0.0008924540597945452,0.00030573707772418857,,,,,,dqn,cartpole,sparse,0.1,0.9,0,
920,0.0,16,0.050000000000000044,3.3328763748841084e-08,0.0008235054556280375,0.00014459373778663576,,,,,,dqn,cartpole,sparse,0.1,0.9,0,
921,0.0,21,0.050000000000000044,4.343511150750601e-08,0.0006697458447888494,0.00023274630075320601,,,,,,dqn,cartpole,sparse,0.1,0.9,0,
922,0.0,18,0.050000000000000044,3.852817798133401e-08,0.0006300682434812188,0.00022483814973384142,,,,,,dqn,cartpole,sparse,0.1,0.9,0,
923,0.0,10,0.050000000000000044,7.23895254850504e-08,0.000720093259587884,0.0003431893710512668,,,,,,dqn,cartpole,sparse,0.1,0.9,0,
924,0.0,13,0.050000000000000044,6.530796525794358e-08,0.00088783900719136,0.00023330372641794384,,,,,,dqn,cartpole,sparse,0.1,0.9,0,
925,0.0,16,0.050000000000000044,3.262648817781155e-08,0.0008325279923155904,0.00013757875422015786,,,,,,dqn,cartpole,sparse,0.1,0.9,0,
926,0.0,10,0.050000000000000044,7.894225717564041e-08,0.0010454021394252777,0.0002995949180331081,,,,,,dqn,cartpole,sparse,0.1,0.9,0,
927,0.0,16,0.050000000000000044,5.376833911441281e-08,0.0007179449312388897,0.00019207959121558815,,,,,,dqn,cartpole,sparse,0.1,0.9,0,
928,0.0,18,0.050000000000000044,6.584642164852994e-08,0.0005265601212158799,0.00033887458266690373,,,,,,dqn,cartpole,sparse,0.1,0.9,0,
929,0.0,10,0.050000000000000044,1.906195912226849e-08,0.0008594657992944121,9.704325202619657e-05,,,,,,dqn,cartpole,sparse,0.1,0.9,0,
930,0.0,10,0.050000000000000044,4.880576653931712e-08,0.0006995055009610951,0.00022731625358574092,,,,,,dqn,cartpole,sparse,0.1,0.9,0,
931,0.0,17,0.050000000000000044,6.604775393270756e-08,0.0005324630765244365,0.000328374735545367,,,,,,dqn,cartpole,sparse,0.1,0.9,0,
932,0.0,21,0.050000000000000044,4.461879399286772e-08,0.0007134292973205447,0.0002021501277340576,,,,,,dqn,cartpole,sparse,0.1,0.9,0,
933,0.0,15,0.050000000000000044,5.7032917055721555e-08,0.0006458081770688295,0.00029735383577644825,,,,,,dqn,cartpole,sparse,0.1,0.9,0,
934,0.0,8,0.050000000000000044,2.8602837431890293e-08,0.0008438568329438567,0.00011728655954357237,,,,,,dqn,cartpole,sparse,0.1,0.9,0,
935,0.0,16,0.050000000000000044,3.9061355039393675e-08,0.0006524468772113323,0.00023917213547974825,,,,,,dqn,cartpole,sparse,0.1,0.9,0,
936,0.0,22,0.050000000000000044,5.988371754028776e-08,0.0009281469974666834,0.00023244155454449356,,,,,,dqn,cartpole,sparse,0.1,0.9,0,
937,0.0,12,0.050000000000000044,1.0802212102589692e-07,0.0011313268914818764,0.0004097183409612626,,,,,,dqn,cartpole,sparse,0.1,0.9,0,
938,0.0,15,0.050000000000000044,1.6202032782075548e-07,0.0013250017073005438,0.0005152963567525148,,,,,,dqn,cartpole,sparse,0.1,0.9,0,
939,0.0,20,0.050000000000000044,1.3012709132453892e-07,0.0004802848561666906,0.00048605952179059386,,,,,,dqn,cartpole,sparse,0.1,0.9,0,
940,0.0,14,0.050000000000000044,3.852848351471039e-08,0.0008789320127107203,0.00016188524023164064,,,,,,dqn,cartpole,sparse,0.1,0.9,0,
941,0.0,15,0.050000000000000044,4.7958550908333564e-08,0.000662011094391346,0.0002382104576099664,,,,,,dqn,cartpole,sparse,0.1,0.9,0,
942,0.0,15,0.050000000000000044,5.286779725111046e-08,0.000682143319863826,0.00023730793327558786,,,,,,dqn,cartpole,sparse,0.1,0.9,0,
943,0.0,23,0.050000000000000044,6.95821285034981e-08,0.0002441566903144121,0.00034551514545455575,,,,,,dqn,cartpole,sparse,0.1,0.9,0,
944,0.0,20,0.050000000000000044,3.0506011938769007e-08,0.0005954551161266863,0.00017695233691483736,,,,,,dqn,cartpole,sparse,0.1,0.9,0,
945,0.0,20,0.050000000000000044,5.25421235408885e-08,0.00032877479679882526,0.0002917274250648916,,,,,,dqn,cartpole,sparse,0.1,0.9,0,
946,0.0,14,0.050000000000000044,6.238080629827891e-08,0.00025682992418296635,0.0003417031839489937,,,,,,dqn,cartpole,sparse,0.1,0.9,0,
947,0.0,13,0.050000000000000044,1.4035095752262805e-08,0.0005714148283004761,0.00012584400246851146,,,,,,dqn,cartpole,sparse,0.1,0.9,0,
948,0.0,12,0.050000000000000044,5.5650541952445565e-08,0.0007239310070872307,0.00025073776487261057,,,,,,dqn,cartpole,sparse,0.1,0.9,0,
949,0.0,9,0.050000000000000044,2.4988619173882398e-08,0.0005315039306879044,0.0001595033099874854,,,,,,dqn,cartpole,sparse,0.1,0.9,0,
950,0.0,16,0.050000000000000044,4.3972697483241063e-08,0.0005943333962932229,0.0001749649818520993,,,0.0,0.0,9.4,dqn,cartpole,sparse,0.1,0.9,0,
951,0.0,18,0.050000000000000044,3.554642091785354e-08,0.00040288851596415043,0.00024085177574306726,,,,,,dqn,cartpole,sparse,0.1,0.9,0,
952,0.0,24,0.050000000000000044,5.848683670706123e-08,0.0006259682704694569,0.00025562348309904337,,,,,,dqn,cartpole,sparse,0.1,0.9,0,
953,0.0,29,0.050000000000000044,2.599016113435937e-08,0.0007109286962077022,0.0001965358096640557,,,,,,dqn,cartpole,sparse,0.1,0.9,0,
954,0.0,20,0.050000000000000044,2.7956296833053784e-08,0.0004886999377049506,0.00020527471497189254,,,,,,dqn,cartpole,sparse,0.1,0.9,0,
955,0.0,10,0.050000000000000044,3.91642309693907e-08,0.0007895188173279166,0.00022758403792977333,,,,,,dqn,cartpole,sparse,0.1,0.9,0,
956,0.0,18,0.050000000000000044,4.1079072587990595e-08,0.0006477406714111567,0.00016491327551193535,,,,,,dqn,cartpole,sparse,0.1,0.9,0,
957,0.0,14,0.050000000000000044,1.966321327984133e-08,0.0006586011731997132,0.00011325832747388631,,,,,,dqn,cartpole,sparse,0.1,0.9,0,
958,0.0,27,0.050000000000000044,6.049243239658608e-08,0.0008743228390812874,0.000290388212306425,,,,,,dqn,cartpole,sparse,0.1,0.9,0,
959,0.0,15,0.050000000000000044,4.385148599794775e-08,0.0007667914032936096,0.0002095611416734755,,,,,,dqn,cartpole,sparse,0.1,0.9,0,
960,0.0,14,0.050000000000000044,2.0998914607162078e-08,0.0005105443997308612,0.00018691523291636258,,,,,,dqn,cartpole,sparse,0.1,0.9,0,
961,0.0,24,0.050000000000000044,3.14089092512404e-08,0.0007091855513863266,0.0001390611578244716,,,,,,dqn,cartpole,sparse,0.1,0.9,0,
962,0.0,13,0.050000000000000044,3.603000209295715e-08,0.0007838599849492311,0.00018925426411442459,,,,,,dqn,cartpole,sparse,0.1,0.9,0,
963,0.0,13,0.050000000000000044,1.0076156797822478e-07,0.0006527680088765919,0.00038774660788476467,,,,,,dqn,cartpole,sparse,0.1,0.9,0,
964,0.0,9,0.050000000000000044,6.912523531354964e-08,0.00039769845898263156,0.0003572923014871776,,,,,,dqn,cartpole,sparse,0.1,0.9,0,
965,0.0,20,0.050000000000000044,5.169714256680891e-08,0.0008416861528530717,0.00026974367210641503,,,,,,dqn,cartpole,sparse,0.1,0.9,0,
966,0.0,20,0.050000000000000044,5.467332897524102e-08,0.00035943713737651706,0.0003108170931227505,,,,,,dqn,cartpole,sparse,0.1,0.9,0,
967,0.0,10,0.050000000000000044,2.7863881868483986e-08,0.0007138450164347887,0.0001262959121959284,,,,,,dqn,cartpole,sparse,0.1,0.9,0,
968,0.0,31,0.050000000000000044,1.8769913623373213e-08,0.0005589943611994386,0.00010850780381588265,,,,,,dqn,cartpole,sparse,0.1,0.9,0,
969,0.0,45,0.050000000000000044,3.6444788520384463e-08,0.0006374476943165064,0.00014577544061467052,,,,,,dqn,cartpole,sparse,0.1,0.9,0,
970,0.0,8,0.050000000000000044,1.906057178757692e-08,0.00048772411537356675,0.00015047690249048173,,,,,,dqn,cartpole,sparse,0.1,0.9,0,
971,0.0,30,0.050000000000000044,3.308946361357812e-08,0.0005889273015782237,0.0001449239207431674,,,,,,dqn,cartpole,sparse,0.1,0.9,0,
972,0.0,32,0.050000000000000044,2.627431783253087e-08,0.0004964186809957027,0.00017127449973486364,,,,,,dqn,cartpole,sparse,0.1,0.9,0,
973,0.0,9,0.050000000000000044,8.189878286657404e-08,0.0005897943628951907,0.000321976316627115,,,,,,dqn,cartpole,sparse,0.1,0.9,0,
974,0.0,16,0.050000000000000044,1.933998738934406e-08,0.0005324498051777482,0.00012728117872029543,,,,,,dqn,cartpole,sparse,0.1,0.9,0,
975,0.0,14,0.050000000000000044,7.692339920595259e-08,0.00035456346813589334,0.00029799138428643346,,,,,,dqn,cartpole,sparse,0.1,0.9,0,
976,0.0,14,0.050000000000000044,4.048207102869128e-08,0.0005843093385919929,0.00019121475634165108,,,,,,dqn,cartpole,sparse,0.1,0.9,0,
977,0.0,23,0.050000000000000044,1.0797327121281342e-07,0.0004258892731741071,0.00024697661865502596,,,,,,dqn,cartpole,sparse,0.1,0.9,0,
978,0.0,76,0.050000000000000044,1.1724323201178777e-07,0.00036898948019370437,0.00031646061688661575,,,,,,dqn,cartpole,sparse,0.1,0.9,0,
979,0.0,19,0.050000000000000044,3.932461112299279e-08,0.0004281678993720561,0.00027216700254939497,,,,,,dqn,cartpole,sparse,0.1,0.9,0,
980,0.0,17,0.050000000000000044,2.246762065283292e-08,0.00044597050873562694,0.00019539777713362128,,,,,,dqn,cartpole,sparse,0.1,0.9,0,
981,0.0,24,0.050000000000000044,9.298939573909593e-08,0.00042948336340487003,0.00040878227446228266,,,,,,dqn,cartpole,sparse,0.1,0.9,0,
982,0.0,20,0.050000000000000044,1.8047613181693123e-08,0.0006549155805259943,0.00011895285570062697,,,,,,dqn,cartpole,sparse,0.1,0.9,0,
983,0.0,19,0.050000000000000044,2.7608756170138804e-08,0.00045048538595438004,0.00021086609922349453,,,,,,dqn,cartpole,sparse,0.1,0.9,0,
984,0.0,19,0.050000000000000044,4.658602392737521e-08,0.00037285208236426115,0.00027893303195014596,,,,,,dqn,cartpole,sparse,0.1,0.9,0,
985,0.0,23,0.050000000000000044,3.725246244812297e-08,0.000446492456831038,0.00023746091756038368,,,,,,dqn,cartpole,sparse,0.1,0.9,0,
986,0.0,17,0.050000000000000044,2.4324741332293343e-08,0.00045715359738096595,0.0001873655419331044,,,,,,dqn,cartpole,sparse,0.1,0.9,0,
987,0.0,11,0.050000000000000044,1.6660731461115574e-08,0.0006599960615858436,0.00010132879106095061,,,,,,dqn,cartpole,sparse,0.1,0.9,0,
988,0.0,19,0.050000000000000044,1.3647427188345773e-08,0.0005853116163052619,0.00011432464816607535,,,,,,dqn,cartpole,sparse,0.1,0.9,0,
989,0.0,24,0.050000000000000044,2.0983909720939664e-08,0.0005459251697175205,0.00017996554379351437,,,,,,dqn,cartpole,sparse,0.1,0.9,0,
990,0.0,13,0.050000000000000044,2.2707034474933607e-08,0.000639264821074903,0.00010455601295689121,,,,,,dqn,cartpole,sparse,0.1,0.9,0,
991,0.0,11,0.050000000000000044,2.7916939870920032e-08,0.0004746332997456193,0.00020007352577522397,,,,,,dqn,cartpole,sparse,0.1,0.9,0,
992,0.0,19,0.050000000000000044,4.259243979731764e-08,0.0007266874890774488,0.000237533007748425,,,,,,dqn,cartpole,sparse,0.1,0.9,0,
993,0.0,22,0.050000000000000044,2.7628093590692515e-08,0.0005626556230708957,0.00015231563884299248,,,,,,dqn,cartpole,sparse,0.1,0.9,0,
994,0.0,8,0.050000000000000044,1.6559621229816912e-08,0.0006019381689839065,9.462406887905672e-05,,,,,,dqn,cartpole,sparse,0.1,0.9,0,
995,0.0,29,0.050000000000000044,2.8843324173521978e-08,0.0005654674023389816,0.00013573578326031566,,,,,,dqn,cartpole,sparse,0.1,0.9,0,
996,0.0,9,0.050000000000000044,2.6520702078869363e-08,0.0005829442525282502,0.00013667292660102248,,,,,,dqn,cartpole,sparse,0.1,0.9,0,
997,0.0,18,0.050000000000000044,2.9411673097001767e-08,0.0005863163969479501,0.00016978570783976465,,,,,,dqn,cartpole,sparse,0.1,0.9,0,
998,0.0,33,0.050000000000000044,3.198098497136925e-08,0.0004419348551891744,0.00022797704150434583,,,,,,dqn,cartpole,sparse,0.1,0.9,0,
999,0.0,14,0.050000000000000044,4.519128538049699e-08,0.000382815400371328,0.00028689519967883825,,,,,,dqn,cartpole,sparse,0.1,0.9,0,
1000,0.0,15,0.050000000000000044,2.7622533593785192e-08,0.0006507746875286102,0.00013439852045848966,,,0.0,0.0,9.4,dqn,cartpole,sparse,0.1,0.9,0,
