episode,return,length,epsilon,loss,q_mean,td_error_mean,icm_loss,intrinsic_reward_mean,eval_return_mean,eval_return_std,eval_length_mean,agent,env,reward_type,lr,gamma,seed,eta
1,12.0,12,1.0,nan,nan,nan,nan,nan,,,,dqn_icm,cartpole,dense,0.01,0.99,9,0.1
2,19.0,19,0.9968333333333333,nan,nan,nan,nan,nan,,,,dqn_icm,cartpole,dense,0.01,0.99,9,0.1
3,27.0,27,0.9936666666666667,nan,nan,nan,nan,nan,,,,dqn_icm,cartpole,dense,0.01,0.99,9,0.1
4,23.0,23,0.9905,nan,nan,nan,nan,nan,,,,dqn_icm,cartpole,dense,0.01,0.99,9,0.1
5,14.0,14,0.9873333333333333,nan,nan,nan,nan,nan,,,,dqn_icm,cartpole,dense,0.01,0.99,9,0.1
6,26.0,26,0.9841666666666666,nan,nan,nan,nan,nan,,,,dqn_icm,cartpole,dense,0.01,0.99,9,0.1
7,43.0,43,0.981,nan,nan,nan,nan,nan,,,,dqn_icm,cartpole,dense,0.01,0.99,9,0.1
8,57.0,57,0.9778333333333333,nan,nan,nan,nan,nan,,,,dqn_icm,cartpole,dense,0.01,0.99,9,0.1
9,21.0,21,0.9746666666666667,nan,nan,nan,nan,nan,,,,dqn_icm,cartpole,dense,0.01,0.99,9,0.1
10,13.0,13,0.9715,nan,nan,nan,nan,nan,,,,dqn_icm,cartpole,dense,0.01,0.99,9,0.1
11,13.0,13,0.9683333333333334,nan,nan,nan,nan,nan,,,,dqn_icm,cartpole,dense,0.01,0.99,9,0.1
12,15.0,15,0.9651666666666666,nan,nan,nan,nan,nan,,,,dqn_icm,cartpole,dense,0.01,0.99,9,0.1
13,15.0,15,0.962,nan,nan,nan,nan,nan,,,,dqn_icm,cartpole,dense,0.01,0.99,9,0.1
14,8.0,8,0.9588333333333333,nan,nan,nan,nan,nan,,,,dqn_icm,cartpole,dense,0.01,0.99,9,0.1
15,49.0,49,0.9556666666666667,nan,nan,nan,nan,nan,,,,dqn_icm,cartpole,dense,0.01,0.99,9,0.1
16,32.0,32,0.9525,nan,nan,nan,nan,nan,,,,dqn_icm,cartpole,dense,0.01,0.99,9,0.1
17,18.0,18,0.9493333333333334,nan,nan,nan,nan,nan,,,,dqn_icm,cartpole,dense,0.01,0.99,9,0.1
18,16.0,16,0.9461666666666667,nan,nan,nan,nan,nan,,,,dqn_icm,cartpole,dense,0.01,0.99,9,0.1
19,13.0,13,0.9430000000000001,nan,nan,nan,nan,nan,,,,dqn_icm,cartpole,dense,0.01,0.99,9,0.1
20,21.0,21,0.9398333333333333,nan,nan,nan,nan,nan,,,,dqn_icm,cartpole,dense,0.01,0.99,9,0.1
21,27.0,27,0.9366666666666666,nan,nan,nan,nan,nan,,,,dqn_icm,cartpole,dense,0.01,0.99,9,0.1
22,25.0,25,0.9335,0.46136903762817383,0.07447723299264908,0.9602996110916138,0.596403181552887,0.19382444024085999,,,,dqn_icm,cartpole,dense,0.01,0.99,9,0.1
23,35.0,35,0.9303333333333333,0.08188451826572418,1.3221417665481567,0.29568248987197876,0.5995025038719177,0.22279125452041626,,,,dqn_icm,cartpole,dense,0.01,0.99,9,0.1
24,17.0,17,0.9271666666666667,0.01898042857646942,0.9129303693771362,0.1707785278558731,0.5995025038719177,0.22279125452041626,,,,dqn_icm,cartpole,dense,0.01,0.99,9,0.1
25,11.0,11,0.924,0.025156736373901367,0.82801353931427,0.20931243896484375,0.5995025038719177,0.22279125452041626,,,,dqn_icm,cartpole,dense,0.01,0.99,9,0.1
26,16.0,16,0.9208333333333334,0.006446546874940395,0.9726547002792358,0.09948813170194626,0.5902457237243652,0.2072950303554535,,,,dqn_icm,cartpole,dense,0.01,0.99,9,0.1
27,12.0,12,0.9176666666666666,0.005770447663962841,1.108353614807129,0.08341233432292938,0.5902457237243652,0.2072950303554535,,,,dqn_icm,cartpole,dense,0.01,0.99,9,0.1
28,20.0,20,0.9145,0.0028744363225996494,1.0683513879776,0.049289166927337646,0.5902457237243652,0.2072950303554535,,,,dqn_icm,cartpole,dense,0.01,0.99,9,0.1
29,14.0,14,0.9113333333333333,0.003966544754803181,0.9577430486679077,0.07835105806589127,0.5958220362663269,0.24927768111228943,,,,dqn_icm,cartpole,dense,0.01,0.99,9,0.1
30,26.0,26,0.9081666666666667,0.0006127294036559761,1.065977692604065,0.024827999994158745,0.5958220362663269,0.24927768111228943,,,,dqn_icm,cartpole,dense,0.01,0.99,9,0.1
31,19.0,19,0.905,0.0008361524669453502,1.0636749267578125,0.0351928249001503,0.5977188348770142,0.21231745183467865,,,,dqn_icm,cartpole,dense,0.01,0.99,9,0.1
32,34.0,34,0.9018333333333334,0.00028036104049533606,1.0210124254226685,0.0193060003221035,0.5945900678634644,0.2186872661113739,,,,dqn_icm,cartpole,dense,0.01,0.99,9,0.1
33,13.0,13,0.8986666666666667,0.0004864271904807538,1.0569761991500854,0.027737103402614594,0.5945900678634644,0.2186872661113739,,,,dqn_icm,cartpole,dense,0.01,0.99,9,0.1
34,14.0,14,0.8955,0.00013719877460971475,1.0446960926055908,0.012865671887993813,0.5945900678634644,0.2186872661113739,,,,dqn_icm,cartpole,dense,0.01,0.99,9,0.1
35,21.0,21,0.8923333333333333,0.00036768446443602443,1.0197696685791016,0.022409901022911072,0.5881377458572388,0.20255537331104279,,,,dqn_icm,cartpole,dense,0.01,0.99,9,0.1
36,12.0,12,0.8891666666666667,0.0002291796263307333,1.0359925031661987,0.0155196413397789,0.5881377458572388,0.20255537331104279,,,,dqn_icm,cartpole,dense,0.01,0.99,9,0.1
37,25.0,25,0.886,0.00013908852997701615,1.037255883216858,0.012542147189378738,0.5910267233848572,0.21626394987106323,,,,dqn_icm,cartpole,dense,0.01,0.99,9,0.1
38,19.0,19,0.8828333333333334,0.00016339163994416595,1.0314522981643677,0.014498348347842693,0.5910267233848572,0.21626394987106323,,,,dqn_icm,cartpole,dense,0.01,0.99,9,0.1
39,53.0,53,0.8796666666666667,9.056595445144922e-05,1.0350816249847412,0.011009393259882927,0.5930033326148987,0.1754688024520874,,,,dqn_icm,cartpole,dense,0.01,0.99,9,0.1
40,15.0,15,0.8765000000000001,9.073050750885159e-05,1.0365574359893799,0.010594021528959274,0.5930033326148987,0.1754688024520874,,,,dqn_icm,cartpole,dense,0.01,0.99,9,0.1
41,12.0,12,0.8733333333333333,6.989153916947544e-05,1.0426719188690186,0.009090319275856018,0.5930033326148987,0.1754688024520874,,,,dqn_icm,cartpole,dense,0.01,0.99,9,0.1
42,19.0,19,0.8701666666666666,0.00016309783677570522,1.0398762226104736,0.011534802615642548,0.5942134857177734,0.18946972489356995,,,,dqn_icm,cartpole,dense,0.01,0.99,9,0.1
43,11.0,11,0.867,6.4319116063416e-05,1.035597562789917,0.008849970996379852,0.5942134857177734,0.18946972489356995,,,,dqn_icm,cartpole,dense,0.01,0.99,9,0.1
44,23.0,23,0.8638333333333333,8.500515832565725e-05,1.0374071598052979,0.008586207404732704,0.5865618586540222,0.2050924301147461,,,,dqn_icm,cartpole,dense,0.01,0.99,9,0.1
45,15.0,15,0.8606666666666667,7.987060234881938e-05,1.0376248359680176,0.009348627179861069,0.5865618586540222,0.2050924301147461,,,,dqn_icm,cartpole,dense,0.01,0.99,9,0.1
46,19.0,19,0.8575,4.969172732671723e-05,1.0379183292388916,0.008380187675356865,0.593194842338562,0.18801641464233398,,,,dqn_icm,cartpole,dense,0.01,0.99,9,0.1
47,11.0,11,0.8543333333333334,8.345626702066511e-05,1.0401571989059448,0.00800911895930767,0.593194842338562,0.18801641464233398,,,,dqn_icm,cartpole,dense,0.01,0.99,9,0.1
48,31.0,31,0.8511666666666666,5.3168936574365944e-05,1.035252332687378,0.007822967134416103,0.5861786007881165,0.191092386841774,,,,dqn_icm,cartpole,dense,0.01,0.99,9,0.1
49,40.0,40,0.848,4.730038926936686e-05,1.0386542081832886,0.007259296253323555,0.5816788673400879,0.1835435926914215,,,,dqn_icm,cartpole,dense,0.01,0.99,9,0.1
50,13.0,13,0.8448333333333333,0.00014916041982360184,1.0330928564071655,0.010228017345070839,0.5816788673400879,0.1835435926914215,9.5,0.806225774829855,9.5,dqn_icm,cartpole,dense,0.01,0.99,9,0.1
51,17.0,17,0.8416666666666667,0.00012383540160953999,1.0358457565307617,0.011337557807564735,0.5816788673400879,0.1835435926914215,,,,dqn_icm,cartpole,dense,0.01,0.99,9,0.1
52,24.0,24,0.8385,3.6571331293089315e-05,1.0320806503295898,0.0074706003069877625,0.5925676822662354,0.20297780632972717,,,,dqn_icm,cartpole,dense,0.01,0.99,9,0.1
53,14.0,14,0.8353333333333334,8.686033106641844e-05,1.0313386917114258,0.009070014581084251,0.5925676822662354,0.20297780632972717,,,,dqn_icm,cartpole,dense,0.01,0.99,9,0.1
54,23.0,23,0.8321666666666667,3.829226625384763e-05,1.0343363285064697,0.007095100358128548,0.5852898359298706,0.17249321937561035,,,,dqn_icm,cartpole,dense,0.01,0.99,9,0.1
55,17.0,17,0.829,0.00011031779285985976,1.0421228408813477,0.009800300933420658,0.5852898359298706,0.17249321937561035,,,,dqn_icm,cartpole,dense,0.01,0.99,9,0.1
56,23.0,23,0.8258333333333334,0.0001487629779148847,1.037984013557434,0.008836274966597557,0.5804739594459534,0.17238599061965942,,,,dqn_icm,cartpole,dense,0.01,0.99,9,0.1
57,39.0,39,0.8226666666666667,5.981845606584102e-05,1.038596749305725,0.007330769672989845,0.5798106789588928,0.17158614099025726,,,,dqn_icm,cartpole,dense,0.01,0.99,9,0.1
58,15.0,15,0.8195,4.3683452531695366e-05,1.0353105068206787,0.00684344582259655,0.5798106789588928,0.17158614099025726,,,,dqn_icm,cartpole,dense,0.01,0.99,9,0.1
59,14.0,14,0.8163333333333334,3.7785444874316454e-05,1.0382102727890015,0.006988736800849438,0.58040452003479,0.18209370970726013,,,,dqn_icm,cartpole,dense,0.01,0.99,9,0.1
60,19.0,19,0.8131666666666667,9.813775250222534e-05,1.0386738777160645,0.008861399255692959,0.58040452003479,0.18209370970726013,,,,dqn_icm,cartpole,dense,0.01,0.99,9,0.1
61,18.0,18,0.81,2.9571248887805268e-05,1.0400888919830322,0.006391499191522598,0.5771660208702087,0.16482213139533997,,,,dqn_icm,cartpole,dense,0.01,0.99,9,0.1
62,22.0,22,0.8068333333333333,6.150129047455266e-05,1.0384424924850464,0.008102096617221832,0.5771660208702087,0.16482213139533997,,,,dqn_icm,cartpole,dense,0.01,0.99,9,0.1
63,16.0,16,0.8036666666666666,8.688681555213407e-05,1.0400481224060059,0.008510889485478401,0.5771660208702087,0.16482213139533997,,,,dqn_icm,cartpole,dense,0.01,0.99,9,0.1
64,14.0,14,0.8005,4.437495954334736e-05,1.0360138416290283,0.0075445715337991714,0.5825722813606262,0.17315202951431274,,,,dqn_icm,cartpole,dense,0.01,0.99,9,0.1
65,15.0,15,0.7973333333333333,6.549585668835789e-05,1.0322513580322266,0.007318582385778427,0.5825722813606262,0.17315202951431274,,,,dqn_icm,cartpole,dense,0.01,0.99,9,0.1
66,9.0,9,0.7941666666666667,9.298981603933498e-05,1.0308904647827148,0.009990936145186424,0.5825722813606262,0.17315202951431274,,,,dqn_icm,cartpole,dense,0.01,0.99,9,0.1
67,38.0,38,0.791,4.629413160728291e-05,1.0327800512313843,0.006797909736633301,0.5795730352401733,0.16850465536117554,,,,dqn_icm,cartpole,dense,0.01,0.99,9,0.1
68,13.0,13,0.7878333333333334,9.555494034430012e-05,1.0482463836669922,0.008466004393994808,0.580967903137207,0.17409852147102356,,,,dqn_icm,cartpole,dense,0.01,0.99,9,0.1
69,11.0,11,0.7846666666666666,6.005426257615909e-05,1.0333871841430664,0.007904565893113613,0.580967903137207,0.17409852147102356,,,,dqn_icm,cartpole,dense,0.01,0.99,9,0.1
70,11.0,11,0.7815,9.267593850381672e-05,1.0410211086273193,0.009462619200348854,0.580967903137207,0.17409852147102356,,,,dqn_icm,cartpole,dense,0.01,0.99,9,0.1
71,14.0,14,0.7783333333333333,7.344826008193195e-05,1.0358152389526367,0.008217515423893929,0.5809223055839539,0.15312764048576355,,,,dqn_icm,cartpole,dense,0.01,0.99,9,0.1
72,19.0,19,0.7751666666666667,7.06703431205824e-05,1.043960690498352,0.007752668112516403,0.5809223055839539,0.15312764048576355,,,,dqn_icm,cartpole,dense,0.01,0.99,9,0.1
73,23.0,23,0.772,5.457405131892301e-05,1.033327579498291,0.007821265608072281,0.5724621415138245,0.1624346822500229,,,,dqn_icm,cartpole,dense,0.01,0.99,9,0.1
74,10.0,10,0.7688333333333334,8.633205288788304e-05,1.040525197982788,0.00908278301358223,0.5724621415138245,0.1624346822500229,,,,dqn_icm,cartpole,dense,0.01,0.99,9,0.1
75,16.0,16,0.7656666666666667,7.685087621212006e-05,1.0396114587783813,0.008123597130179405,0.5724621415138245,0.1624346822500229,,,,dqn_icm,cartpole,dense,0.01,0.99,9,0.1
76,12.0,12,0.7625,8.217542199417949e-05,1.037454605102539,0.008931281045079231,0.5723825097084045,0.17280811071395874,,,,dqn_icm,cartpole,dense,0.01,0.99,9,0.1
77,14.0,14,0.7593333333333333,0.00012501553283073008,1.035747766494751,0.009477287530899048,0.5723825097084045,0.17280811071395874,,,,dqn_icm,cartpole,dense,0.01,0.99,9,0.1
78,12.0,12,0.7561666666666667,6.610972195630893e-05,1.0373491048812866,0.008398574776947498,0.5723825097084045,0.17280811071395874,,,,dqn_icm,cartpole,dense,0.01,0.99,9,0.1
79,9.0,9,0.753,6.383990694303066e-05,1.0365028381347656,0.007439258508384228,0.5723825097084045,0.17280811071395874,,,,dqn_icm,cartpole,dense,0.01,0.99,9,0.1
80,32.0,32,0.7498333333333334,8.417012577410787e-05,1.04365873336792,0.0082765594124794,0.5730445981025696,0.1764049530029297,,,,dqn_icm,cartpole,dense,0.01,0.99,9,0.1
81,12.0,12,0.7466666666666667,8.347826224053279e-05,1.0460591316223145,0.008921328000724316,0.5711592435836792,0.17728571593761444,,,,dqn_icm,cartpole,dense,0.01,0.99,9,0.1
82,13.0,13,0.7435,2.1318759536370635e-05,1.035517692565918,0.005094815045595169,0.5711592435836792,0.17728571593761444,,,,dqn_icm,cartpole,dense,0.01,0.99,9,0.1
83,14.0,14,0.7403333333333333,9.610749839339405e-05,1.036439061164856,0.008020385168492794,0.5711592435836792,0.17728571593761444,,,,dqn_icm,cartpole,dense,0.01,0.99,9,0.1
84,11.0,11,0.7371666666666667,7.558537618024275e-05,1.045043706893921,0.007779337465763092,0.5736993551254272,0.18244871497154236,,,,dqn_icm,cartpole,dense,0.01,0.99,9,0.1
85,17.0,17,0.734,0.00010002728959079832,1.0468376874923706,0.00821757037192583,0.5736993551254272,0.18244871497154236,,,,dqn_icm,cartpole,dense,0.01,0.99,9,0.1
86,19.0,19,0.7308333333333333,5.989053170196712e-05,1.0350210666656494,0.006305677816271782,0.5736993551254272,0.18244871497154236,,,,dqn_icm,cartpole,dense,0.01,0.99,9,0.1
87,13.0,13,0.7276666666666667,0.00010542715608607978,1.043982982635498,0.008779916912317276,0.5717035531997681,0.17012816667556763,,,,dqn_icm,cartpole,dense,0.01,0.99,9,0.1
88,10.0,10,0.7245,5.847120701218955e-05,1.048213005065918,0.006906889379024506,0.5717035531997681,0.17012816667556763,,,,dqn_icm,cartpole,dense,0.01,0.99,9,0.1
89,19.0,19,0.7213333333333334,5.0289134378544986e-05,1.045745849609375,0.00787944346666336,0.5717035531997681,0.17012816667556763,,,,dqn_icm,cartpole,dense,0.01,0.99,9,0.1
90,11.0,11,0.7181666666666666,7.751285738777369e-05,1.043361783027649,0.007842497900128365,0.5831973552703857,0.17962047457695007,,,,dqn_icm,cartpole,dense,0.01,0.99,9,0.1
91,19.0,19,0.7150000000000001,5.57612584088929e-05,1.0416841506958008,0.008181601762771606,0.5831973552703857,0.17962047457695007,,,,dqn_icm,cartpole,dense,0.01,0.99,9,0.1
92,10.0,10,0.7118333333333333,7.008749525994062e-05,1.0436761379241943,0.006710171699523926,0.5831973552703857,0.17962047457695007,,,,dqn_icm,cartpole,dense,0.01,0.99,9,0.1
93,13.0,13,0.7086666666666668,7.676058157812804e-05,1.0490295886993408,0.006471903063356876,0.5798014402389526,0.17383766174316406,,,,dqn_icm,cartpole,dense,0.01,0.99,9,0.1
94,13.0,13,0.7055,6.325960566755384e-05,1.0405511856079102,0.008375728502869606,0.5798014402389526,0.17383766174316406,,,,dqn_icm,cartpole,dense,0.01,0.99,9,0.1
95,18.0,18,0.7023333333333333,0.00012111580144846812,1.0502700805664062,0.009531214833259583,0.5790449976921082,0.1707867830991745,,,,dqn_icm,cartpole,dense,0.01,0.99,9,0.1
96,13.0,13,0.6991666666666667,0.00011945178266614676,1.0371530055999756,0.010016040876507759,0.5790449976921082,0.1707867830991745,,,,dqn_icm,cartpole,dense,0.01,0.99,9,0.1
97,35.0,35,0.696,3.237083365092985e-05,1.033176302909851,0.006181202828884125,0.5753093957901001,0.16844889521598816,,,,dqn_icm,cartpole,dense,0.01,0.99,9,0.1
98,12.0,12,0.6928333333333334,9.163162030745298e-05,1.0477921962738037,0.009535063058137894,0.5753093957901001,0.16844889521598816,,,,dqn_icm,cartpole,dense,0.01,0.99,9,0.1
99,9.0,9,0.6896666666666667,0.00010248577746096998,1.0439574718475342,0.008715640753507614,0.5753093957901001,0.16844889521598816,,,,dqn_icm,cartpole,dense,0.01,0.99,9,0.1
100,10.0,10,0.6865,6.891931843711063e-05,1.043182134628296,0.007748724892735481,0.5671567916870117,0.16654878854751587,9.5,0.806225774829855,9.5,dqn_icm,cartpole,dense,0.01,0.99,9,0.1
101,12.0,12,0.6833333333333333,9.314353519584984e-05,1.0470337867736816,0.007804354652762413,0.5671567916870117,0.16654878854751587,,,,dqn_icm,cartpole,dense,0.01,0.99,9,0.1
102,28.0,28,0.6801666666666667,0.00029586668824777007,1.0521092414855957,0.011636629700660706,0.5686212182044983,0.19081701338291168,,,,dqn_icm,cartpole,dense,0.01,0.99,9,0.1
103,24.0,24,0.677,0.0001083751703845337,1.0487086772918701,0.010567095130681992,0.5686212182044983,0.19081701338291168,,,,dqn_icm,cartpole,dense,0.01,0.99,9,0.1
104,14.0,14,0.6738333333333333,3.3952906960621476e-05,1.0418016910552979,0.005919771268963814,0.5686212182044983,0.19081701338291168,,,,dqn_icm,cartpole,dense,0.01,0.99,9,0.1
105,9.0,9,0.6706666666666667,5.416948260972276e-05,1.0468497276306152,0.00835388619452715,0.5669885277748108,0.1738608181476593,,,,dqn_icm,cartpole,dense,0.01,0.99,9,0.1
106,13.0,13,0.6675,5.920878902543336e-05,1.0393943786621094,0.007845785468816757,0.5669885277748108,0.1738608181476593,,,,dqn_icm,cartpole,dense,0.01,0.99,9,0.1
107,10.0,10,0.6643333333333333,0.00012758903903886676,1.0524241924285889,0.009745902381837368,0.5669885277748108,0.1738608181476593,,,,dqn_icm,cartpole,dense,0.01,0.99,9,0.1
108,15.0,15,0.6611666666666667,5.266761581879109e-05,1.0437901020050049,0.006499907933175564,0.5711332559585571,0.16912418603897095,,,,dqn_icm,cartpole,dense,0.01,0.99,9,0.1
109,12.0,12,0.658,0.00010861194459721446,1.0453236103057861,0.008801335468888283,0.5711332559585571,0.16912418603897095,,,,dqn_icm,cartpole,dense,0.01,0.99,9,0.1
110,10.0,10,0.6548333333333334,7.287784683285281e-05,1.0427610874176025,0.007633691653609276,0.5711332559585571,0.16912418603897095,,,,dqn_icm,cartpole,dense,0.01,0.99,9,0.1
111,17.0,17,0.6516666666666667,6.8697176175192e-05,1.0422122478485107,0.00760367326438427,0.5686697959899902,0.17334812879562378,,,,dqn_icm,cartpole,dense,0.01,0.99,9,0.1
112,26.0,26,0.6485000000000001,0.00011437265493441373,1.0415016412734985,0.00787268579006195,0.5686697959899902,0.17334812879562378,,,,dqn_icm,cartpole,dense,0.01,0.99,9,0.1
113,35.0,35,0.6453333333333333,0.00012245087418705225,1.0451736450195312,0.00936191901564598,0.5632818937301636,0.15997108817100525,,,,dqn_icm,cartpole,dense,0.01,0.99,9,0.1
114,15.0,15,0.6421666666666668,5.222191248321906e-05,1.0431690216064453,0.006717866286635399,0.5652283430099487,0.16307485103607178,,,,dqn_icm,cartpole,dense,0.01,0.99,9,0.1
115,13.0,13,0.639,0.00014926737640053034,1.0465234518051147,0.010512446984648705,0.5652283430099487,0.16307485103607178,,,,dqn_icm,cartpole,dense,0.01,0.99,9,0.1
116,14.0,14,0.6358333333333333,9.32980328798294e-05,1.0393821001052856,0.008633109740912914,0.5652283430099487,0.16307485103607178,,,,dqn_icm,cartpole,dense,0.01,0.99,9,0.1
117,14.0,14,0.6326666666666667,0.000141580356284976,1.0499241352081299,0.009927477687597275,0.569104790687561,0.1593286693096161,,,,dqn_icm,cartpole,dense,0.01,0.99,9,0.1
118,15.0,15,0.6295,5.8909092331305146e-05,1.0417180061340332,0.006108270958065987,0.569104790687561,0.1593286693096161,,,,dqn_icm,cartpole,dense,0.01,0.99,9,0.1
119,12.0,12,0.6263333333333334,0.00010267490142723545,1.0489072799682617,0.00742604024708271,0.569104790687561,0.1593286693096161,,,,dqn_icm,cartpole,dense,0.01,0.99,9,0.1
120,17.0,17,0.6231666666666666,7.070164429023862e-05,1.0454583168029785,0.006933098658919334,0.56321781873703,0.15049341320991516,,,,dqn_icm,cartpole,dense,0.01,0.99,9,0.1
121,10.0,10,0.62,6.735666102031246e-05,1.0567045211791992,0.005963219329714775,0.56321781873703,0.15049341320991516,,,,dqn_icm,cartpole,dense,0.01,0.99,9,0.1
122,17.0,17,0.6168333333333333,5.286041050567292e-05,1.033637523651123,0.007581873796880245,0.56321781873703,0.15049341320991516,,,,dqn_icm,cartpole,dense,0.01,0.99,9,0.1
123,20.0,20,0.6136666666666667,4.734900358016603e-05,1.0466225147247314,0.005687549710273743,0.5739434361457825,0.14695504307746887,,,,dqn_icm,cartpole,dense,0.01,0.99,9,0.1
124,11.0,11,0.6105,5.3633521019946784e-05,1.0472347736358643,0.005215977318584919,0.5739434361457825,0.14695504307746887,,,,dqn_icm,cartpole,dense,0.01,0.99,9,0.1
125,21.0,21,0.6073333333333333,9.318115189671516e-05,1.0442571640014648,0.007991124875843525,0.5747459530830383,0.19895783066749573,,,,dqn_icm,cartpole,dense,0.01,0.99,9,0.1
126,12.0,12,0.6041666666666667,0.00011683019693009555,1.0462660789489746,0.008979160338640213,0.5747459530830383,0.19895783066749573,,,,dqn_icm,cartpole,dense,0.01,0.99,9,0.1
127,13.0,13,0.601,7.392920088022947e-05,1.0387599468231201,0.009874657727777958,0.5747459530830383,0.19895783066749573,,,,dqn_icm,cartpole,dense,0.01,0.99,9,0.1
128,13.0,13,0.5978333333333333,9.546283399686217e-05,1.055871844291687,0.008115691132843494,0.5710375905036926,0.20378106832504272,,,,dqn_icm,cartpole,dense,0.01,0.99,9,0.1
129,12.0,12,0.5946666666666667,9.957469592336565e-05,1.0449743270874023,0.007649233564734459,0.5710375905036926,0.20378106832504272,,,,dqn_icm,cartpole,dense,0.01,0.99,9,0.1
130,9.0,9,0.5915,0.00012121614417992532,1.0514335632324219,0.0091926958411932,0.5710375905036926,0.20378106832504272,,,,dqn_icm,cartpole,dense,0.01,0.99,9,0.1
131,22.0,22,0.5883333333333334,5.670362588716671e-05,1.0421149730682373,0.006660604849457741,0.5683239102363586,0.16942080855369568,,,,dqn_icm,cartpole,dense,0.01,0.99,9,0.1
132,24.0,24,0.5851666666666667,4.526613338384777e-05,1.03756582736969,0.006305527873337269,0.5683239102363586,0.16942080855369568,,,,dqn_icm,cartpole,dense,0.01,0.99,9,0.1
133,12.0,12,0.5820000000000001,3.409765486139804e-05,1.0423557758331299,0.006149608641862869,0.5597734451293945,0.15358585119247437,,,,dqn_icm,cartpole,dense,0.01,0.99,9,0.1
134,13.0,13,0.5788333333333333,6.573493010364473e-05,1.0330283641815186,0.007325267419219017,0.5597734451293945,0.15358585119247437,,,,dqn_icm,cartpole,dense,0.01,0.99,9,0.1
135,10.0,10,0.5756666666666668,4.548417928162962e-05,1.0494379997253418,0.006888015195727348,0.5597734451293945,0.15358585119247437,,,,dqn_icm,cartpole,dense,0.01,0.99,9,0.1
136,23.0,23,0.5725,8.269614772871137e-05,1.055182695388794,0.007340714335441589,0.5815359354019165,0.15499457716941833,,,,dqn_icm,cartpole,dense,0.01,0.99,9,0.1
137,13.0,13,0.5693333333333334,8.42943845782429e-05,1.0471203327178955,0.007638158276677132,0.5815359354019165,0.15499457716941833,,,,dqn_icm,cartpole,dense,0.01,0.99,9,0.1
138,13.0,13,0.5661666666666667,6.503905024146661e-05,1.0490864515304565,0.0065851882100105286,0.5815359354019165,0.15499457716941833,,,,dqn_icm,cartpole,dense,0.01,0.99,9,0.1
139,10.0,10,0.563,0.1628822386264801,1.5269780158996582,0.5625381469726562,0.5670018196105957,0.14479169249534607,,,,dqn_icm,cartpole,dense,0.01,0.99,9,0.1
140,12.0,12,0.5598333333333334,0.05422798544168472,2.220090389251709,0.28135037422180176,0.5670018196105957,0.14479169249534607,,,,dqn_icm,cartpole,dense,0.01,0.99,9,0.1
141,23.0,23,0.5566666666666666,0.04653390496969223,2.1348910331726074,0.23364987969398499,0.5670018196105957,0.14479169249534607,,,,dqn_icm,cartpole,dense,0.01,0.99,9,0.1
142,26.0,26,0.5535000000000001,0.09060397744178772,1.6759276390075684,0.37428733706474304,0.5605275630950928,0.14800339937210083,,,,dqn_icm,cartpole,dense,0.01,0.99,9,0.1
143,15.0,15,0.5503333333333333,0.10344493389129639,2.2677111625671387,0.31843000650405884,0.5770744681358337,0.1622355580329895,,,,dqn_icm,cartpole,dense,0.01,0.99,9,0.1
144,9.0,9,0.5471666666666667,0.02391151338815689,1.9716570377349854,0.14280922710895538,0.5770744681358337,0.1622355580329895,,,,dqn_icm,cartpole,dense,0.01,0.99,9,0.1
145,17.0,17,0.544,0.038634493947029114,1.8896329402923584,0.20376154780387878,0.5770744681358337,0.1622355580329895,,,,dqn_icm,cartpole,dense,0.01,0.99,9,0.1
146,11.0,11,0.5408333333333333,0.03835815191268921,2.192967414855957,0.18018580973148346,0.5770744681358337,0.1622355580329895,,,,dqn_icm,cartpole,dense,0.01,0.99,9,0.1
147,33.0,33,0.5376666666666667,0.03865658864378929,2.1026391983032227,0.1449243724346161,0.5581379532814026,0.14322863519191742,,,,dqn_icm,cartpole,dense,0.01,0.99,9,0.1
148,20.0,20,0.5345,0.027808193117380142,1.9234716892242432,0.16360504925251007,0.5650830268859863,0.15590547025203705,,,,dqn_icm,cartpole,dense,0.01,0.99,9,0.1
149,14.0,14,0.5313333333333333,0.02125510945916176,1.983832836151123,0.10667626559734344,0.5650830268859863,0.15590547025203705,,,,dqn_icm,cartpole,dense,0.01,0.99,9,0.1
150,12.0,12,0.5281666666666667,0.009409155696630478,2.039377212524414,0.08633485436439514,0.5650830268859863,0.15590547025203705,9.8,0.6,9.8,dqn_icm,cartpole,dense,0.01,0.99,9,0.1
151,10.0,10,0.525,0.01845688931643963,2.024752616882324,0.10911861062049866,0.5625268816947937,0.1447342336177826,,,,dqn_icm,cartpole,dense,0.01,0.99,9,0.1
152,12.0,12,0.5218333333333334,0.0276927687227726,2.0437378883361816,0.11970113217830658,0.5625268816947937,0.1447342336177826,,,,dqn_icm,cartpole,dense,0.01,0.99,9,0.1
153,22.0,22,0.5186666666666666,0.029890719801187515,1.903219223022461,0.18331018090248108,0.5571897029876709,0.14669537544250488,,,,dqn_icm,cartpole,dense,0.01,0.99,9,0.1
154,16.0,16,0.5155000000000001,0.01855875365436077,2.014049530029297,0.09969630837440491,0.5571897029876709,0.14669537544250488,,,,dqn_icm,cartpole,dense,0.01,0.99,9,0.1
155,9.0,9,0.5123333333333333,0.039528340101242065,2.072798490524292,0.15337902307510376,0.5571897029876709,0.14669537544250488,,,,dqn_icm,cartpole,dense,0.01,0.99,9,0.1
156,12.0,12,0.5091666666666667,0.018922947347164154,1.9550237655639648,0.12287446111440659,0.5571897029876709,0.14669537544250488,,,,dqn_icm,cartpole,dense,0.01,0.99,9,0.1
157,11.0,11,0.506,0.05305293947458267,1.9626564979553223,0.18655046820640564,0.5636363625526428,0.1274939775466919,,,,dqn_icm,cartpole,dense,0.01,0.99,9,0.1
158,14.0,14,0.5028333333333334,0.018924107775092125,2.0252537727355957,0.104368194937706,0.5636363625526428,0.1274939775466919,,,,dqn_icm,cartpole,dense,0.01,0.99,9,0.1
159,17.0,17,0.4996666666666667,0.02178262174129486,1.9677023887634277,0.12580344080924988,0.5636363625526428,0.1274939775466919,,,,dqn_icm,cartpole,dense,0.01,0.99,9,0.1
160,15.0,15,0.49650000000000005,0.01560240052640438,2.0411102771759033,0.10688750445842743,0.5682839155197144,0.15616939961910248,,,,dqn_icm,cartpole,dense,0.01,0.99,9,0.1
161,12.0,12,0.4933333333333334,0.010117121040821075,2.057025194168091,0.061733756214380264,0.5682839155197144,0.15616939961910248,,,,dqn_icm,cartpole,dense,0.01,0.99,9,0.1
162,15.0,15,0.49016666666666675,0.0384506955742836,1.9604072570800781,0.1564873903989792,0.5531318187713623,0.17689353227615356,,,,dqn_icm,cartpole,dense,0.01,0.99,9,0.1
163,11.0,11,0.487,0.022597260773181915,2.008662700653076,0.10554614663124084,0.5531318187713623,0.17689353227615356,,,,dqn_icm,cartpole,dense,0.01,0.99,9,0.1
164,18.0,18,0.48383333333333334,0.022694872692227364,1.994156002998352,0.0984441339969635,0.5531318187713623,0.17689353227615356,,,,dqn_icm,cartpole,dense,0.01,0.99,9,0.1
165,10.0,10,0.4806666666666667,0.01294570043683052,2.01682186126709,0.08120648562908173,0.5481544137001038,0.13131210207939148,,,,dqn_icm,cartpole,dense,0.01,0.99,9,0.1
166,14.0,14,0.47750000000000004,0.03277323395013809,2.0298099517822266,0.13679346442222595,0.5481544137001038,0.13131210207939148,,,,dqn_icm,cartpole,dense,0.01,0.99,9,0.1
167,23.0,23,0.4743333333333334,0.012634443119168282,2.027008533477783,0.10175217688083649,0.5481544137001038,0.13131210207939148,,,,dqn_icm,cartpole,dense,0.01,0.99,9,0.1
168,13.0,13,0.47116666666666673,0.01765955612063408,2.068981885910034,0.09802166372537613,0.5617684125900269,0.13869892060756683,,,,dqn_icm,cartpole,dense,0.01,0.99,9,0.1
169,14.0,14,0.46799999999999997,0.012937795370817184,1.9787055253982544,0.10454301536083221,0.5617684125900269,0.13869892060756683,,,,dqn_icm,cartpole,dense,0.01,0.99,9,0.1
170,10.0,10,0.4648333333333333,0.009312652982771397,2.02754282951355,0.07224921882152557,0.5617684125900269,0.13869892060756683,,,,dqn_icm,cartpole,dense,0.01,0.99,9,0.1
171,11.0,11,0.46166666666666667,0.03503827378153801,1.96604323387146,0.14078181982040405,0.5565201640129089,0.1468733847141266,,,,dqn_icm,cartpole,dense,0.01,0.99,9,0.1
172,9.0,9,0.4585,0.02258886955678463,1.9239518642425537,0.1424892693758011,0.5565201640129089,0.1468733847141266,,,,dqn_icm,cartpole,dense,0.01,0.99,9,0.1
173,10.0,10,0.45533333333333337,0.009706552140414715,2.067178726196289,0.09560265392065048,0.5565201640129089,0.1468733847141266,,,,dqn_icm,cartpole,dense,0.01,0.99,9,0.1
174,9.0,9,0.4521666666666667,0.006712567992508411,2.096546173095703,0.08864858001470566,0.5565201640129089,0.1468733847141266,,,,dqn_icm,cartpole,dense,0.01,0.99,9,0.1
175,14.0,14,0.44900000000000007,0.015715761110186577,1.9352948665618896,0.1298334300518036,0.5510004758834839,0.1325964331626892,,,,dqn_icm,cartpole,dense,0.01,0.99,9,0.1
176,11.0,11,0.4458333333333333,0.015052800998091698,1.9861664772033691,0.08543216437101364,0.5510004758834839,0.1325964331626892,,,,dqn_icm,cartpole,dense,0.01,0.99,9,0.1
177,11.0,11,0.44266666666666665,0.051789671182632446,2.017641067504883,0.18754464387893677,0.5510004758834839,0.1325964331626892,,,,dqn_icm,cartpole,dense,0.01,0.99,9,0.1
178,11.0,11,0.4395,0.02771766111254692,1.9203615188598633,0.1412956565618515,0.5486915707588196,0.15927410125732422,,,,dqn_icm,cartpole,dense,0.01,0.99,9,0.1
179,11.0,11,0.43633333333333335,0.016789566725492477,1.9918161630630493,0.09754826873540878,0.5486915707588196,0.15927410125732422,,,,dqn_icm,cartpole,dense,0.01,0.99,9,0.1
180,11.0,11,0.4331666666666667,0.007935704663395882,2.0876998901367188,0.07519872486591339,0.5486915707588196,0.15927410125732422,,,,dqn_icm,cartpole,dense,0.01,0.99,9,0.1
181,10.0,10,0.43000000000000005,0.026354465633630753,1.9311773777008057,0.14448675513267517,0.5486915707588196,0.15927410125732422,,,,dqn_icm,cartpole,dense,0.01,0.99,9,0.1
182,10.0,10,0.4268333333333333,0.02015714719891548,1.9653669595718384,0.11523909866809845,0.5551707744598389,0.135991171002388,,,,dqn_icm,cartpole,dense,0.01,0.99,9,0.1
183,15.0,15,0.42366666666666664,0.013015343807637691,2.0757908821105957,0.10098899900913239,0.5551707744598389,0.135991171002388,,,,dqn_icm,cartpole,dense,0.01,0.99,9,0.1
184,11.0,11,0.4205,0.008823636919260025,1.9669504165649414,0.08643776178359985,0.5551707744598389,0.135991171002388,,,,dqn_icm,cartpole,dense,0.01,0.99,9,0.1
185,25.0,25,0.41733333333333344,0.011029903776943684,2.0878796577453613,0.10984504222869873,0.5478851795196533,0.13799606263637543,,,,dqn_icm,cartpole,dense,0.01,0.99,9,0.1
186,9.0,9,0.4141666666666667,0.021567752584815025,1.9799847602844238,0.10940763354301453,0.5478851795196533,0.13799606263637543,,,,dqn_icm,cartpole,dense,0.01,0.99,9,0.1
187,8.0,8,0.41100000000000003,0.04060370847582817,1.8472070693969727,0.2036597728729248,0.5478851795196533,0.13799606263637543,,,,dqn_icm,cartpole,dense,0.01,0.99,9,0.1
188,9.0,9,0.4078333333333334,0.010900143533945084,1.943047285079956,0.08558686077594757,0.5478851795196533,0.13799606263637543,,,,dqn_icm,cartpole,dense,0.01,0.99,9,0.1
189,13.0,13,0.4046666666666666,0.011202163994312286,2.1119351387023926,0.10240834951400757,0.5560200810432434,0.1379200518131256,,,,dqn_icm,cartpole,dense,0.01,0.99,9,0.1
190,10.0,10,0.4015000000000001,0.02151893451809883,1.9886139631271362,0.11326679587364197,0.5560200810432434,0.1379200518131256,,,,dqn_icm,cartpole,dense,0.01,0.99,9,0.1
191,20.0,20,0.39833333333333343,0.013639809563755989,2.020699977874756,0.06936812400817871,0.5476663708686829,0.14892378449440002,,,,dqn_icm,cartpole,dense,0.01,0.99,9,0.1
192,16.0,16,0.39516666666666667,0.03441271558403969,2.0210795402526855,0.13910795748233795,0.5476663708686829,0.14892378449440002,,,,dqn_icm,cartpole,dense,0.01,0.99,9,0.1
193,12.0,12,0.392,0.019430484622716904,1.953498125076294,0.1223338171839714,0.5476663708686829,0.14892378449440002,,,,dqn_icm,cartpole,dense,0.01,0.99,9,0.1
194,14.0,14,0.38883333333333336,0.012748794630169868,1.9867993593215942,0.09005749225616455,0.5435381531715393,0.17113415896892548,,,,dqn_icm,cartpole,dense,0.01,0.99,9,0.1
195,9.0,9,0.3856666666666667,0.015986880287528038,1.9547944068908691,0.10228736698627472,0.5435381531715393,0.17113415896892548,,,,dqn_icm,cartpole,dense,0.01,0.99,9,0.1
196,12.0,12,0.38250000000000006,0.028959421440958977,1.9787840843200684,0.11423255503177643,0.5435381531715393,0.17113415896892548,,,,dqn_icm,cartpole,dense,0.01,0.99,9,0.1
197,12.0,12,0.3793333333333334,0.019313212484121323,2.008582592010498,0.10434286296367645,0.5435381531715393,0.17113415896892548,,,,dqn_icm,cartpole,dense,0.01,0.99,9,0.1
198,10.0,10,0.37616666666666676,0.010192446410655975,2.057068347930908,0.06422613561153412,0.5492625832557678,0.14691174030303955,,,,dqn_icm,cartpole,dense,0.01,0.99,9,0.1
199,16.0,16,0.373,0.004927898291498423,2.0110318660736084,0.05897398665547371,0.5492625832557678,0.14691174030303955,,,,dqn_icm,cartpole,dense,0.01,0.99,9,0.1
200,27.0,27,0.36983333333333335,0.01626036874949932,1.943277359008789,0.10461576282978058,0.5361971855163574,0.16528187692165375,9.5,0.806225774829855,9.5,dqn_icm,cartpole,dense,0.01,0.99,9,0.1
201,14.0,14,0.3666666666666667,0.01748049259185791,2.016359806060791,0.11923958361148834,0.5361971855163574,0.16528187692165375,,,,dqn_icm,cartpole,dense,0.01,0.99,9,0.1
202,12.0,12,0.36350000000000005,0.015385003760457039,1.973785638809204,0.08000318706035614,0.5361971855163574,0.16528187692165375,,,,dqn_icm,cartpole,dense,0.01,0.99,9,0.1
203,10.0,10,0.3603333333333334,0.01078757643699646,1.946386694908142,0.08384398370981216,0.5435757637023926,0.1420488953590393,,,,dqn_icm,cartpole,dense,0.01,0.99,9,0.1
204,11.0,11,0.35716666666666674,0.014490606263279915,2.000192642211914,0.09321720898151398,0.5435757637023926,0.1420488953590393,,,,dqn_icm,cartpole,dense,0.01,0.99,9,0.1
205,9.0,9,0.354,0.018322475254535675,2.036939859390259,0.11416071653366089,0.5435757637023926,0.1420488953590393,,,,dqn_icm,cartpole,dense,0.01,0.99,9,0.1
206,17.0,17,0.35083333333333333,0.009921074844896793,1.962754249572754,0.08159632235765457,0.5422346591949463,0.15685585141181946,,,,dqn_icm,cartpole,dense,0.01,0.99,9,0.1
207,9.0,9,0.3476666666666667,0.008846843615174294,2.0449299812316895,0.057174377143383026,0.5422346591949463,0.15685585141181946,,,,dqn_icm,cartpole,dense,0.01,0.99,9,0.1
208,9.0,9,0.34450000000000003,0.006929021794348955,2.071476459503174,0.06481681019067764,0.5422346591949463,0.15685585141181946,,,,dqn_icm,cartpole,dense,0.01,0.99,9,0.1
209,11.0,11,0.3413333333333334,0.016577577218413353,1.9415030479431152,0.11191955208778381,0.5422346591949463,0.15685585141181946,,,,dqn_icm,cartpole,dense,0.01,0.99,9,0.1
210,10.0,10,0.3381666666666667,0.014496728777885437,1.948218584060669,0.09929594397544861,0.5538219213485718,0.16585999727249146,,,,dqn_icm,cartpole,dense,0.01,0.99,9,0.1
211,10.0,10,0.3350000000000001,0.019870424643158913,2.0625107288360596,0.11619209498167038,0.5538219213485718,0.16585999727249146,,,,dqn_icm,cartpole,dense,0.01,0.99,9,0.1
212,9.0,9,0.3318333333333333,0.012018058449029922,1.9627315998077393,0.08307646960020065,0.5538219213485718,0.16585999727249146,,,,dqn_icm,cartpole,dense,0.01,0.99,9,0.1
213,10.0,10,0.32866666666666666,0.019327685236930847,1.9447004795074463,0.10410378128290176,0.5538219213485718,0.16585999727249146,,,,dqn_icm,cartpole,dense,0.01,0.99,9,0.1
214,10.0,10,0.3255,0.009128358215093613,2.0407652854919434,0.07370094209909439,0.5395359396934509,0.15270796418190002,,,,dqn_icm,cartpole,dense,0.01,0.99,9,0.1
215,10.0,10,0.32233333333333336,0.015481770038604736,1.9296848773956299,0.0971975177526474,0.5395359396934509,0.15270796418190002,,,,dqn_icm,cartpole,dense,0.01,0.99,9,0.1
216,10.0,10,0.3191666666666667,0.008064396679401398,1.9993627071380615,0.05468132346868515,0.5395359396934509,0.15270796418190002,,,,dqn_icm,cartpole,dense,0.01,0.99,9,0.1
217,11.0,11,0.31600000000000006,0.00849833432585001,2.016279697418213,0.0720604658126831,0.5395359396934509,0.15270796418190002,,,,dqn_icm,cartpole,dense,0.01,0.99,9,0.1
218,15.0,15,0.3128333333333333,0.00967470183968544,2.0177793502807617,0.06515111029148102,0.5395163893699646,0.11324457824230194,,,,dqn_icm,cartpole,dense,0.01,0.99,9,0.1
219,17.0,17,0.30966666666666665,0.013878388330340385,1.9364044666290283,0.11648154258728027,0.5395163893699646,0.11324457824230194,,,,dqn_icm,cartpole,dense,0.01,0.99,9,0.1
220,15.0,15,0.3065,0.015648016706109047,1.9674530029296875,0.0872889906167984,0.5395163893699646,0.11324457824230194,,,,dqn_icm,cartpole,dense,0.01,0.99,9,0.1
221,9.0,9,0.30333333333333345,0.018285557627677917,1.992342472076416,0.11899854987859726,0.5381158590316772,0.12392517924308777,,,,dqn_icm,cartpole,dense,0.01,0.99,9,0.1
222,10.0,10,0.3001666666666667,0.02551461011171341,1.9432342052459717,0.11557114124298096,0.5381158590316772,0.12392517924308777,,,,dqn_icm,cartpole,dense,0.01,0.99,9,0.1
223,12.0,12,0.29700000000000004,0.013249237090349197,1.9722568988800049,0.07978098839521408,0.5381158590316772,0.12392517924308777,,,,dqn_icm,cartpole,dense,0.01,0.99,9,0.1
224,8.0,8,0.2938333333333334,0.020657561719417572,1.967807650566101,0.10752539336681366,0.5381158590316772,0.12392517924308777,,,,dqn_icm,cartpole,dense,0.01,0.99,9,0.1
225,12.0,12,0.29066666666666663,0.011375725269317627,1.9534918069839478,0.07862764596939087,0.5505437850952148,0.13389527797698975,,,,dqn_icm,cartpole,dense,0.01,0.99,9,0.1
226,10.0,10,0.2875000000000001,0.017413735389709473,2.062046527862549,0.11627142876386642,0.5505437850952148,0.13389527797698975,,,,dqn_icm,cartpole,dense,0.01,0.99,9,0.1
227,13.0,13,0.28433333333333344,0.010292328894138336,2.025043249130249,0.05562395602464676,0.5505437850952148,0.13389527797698975,,,,dqn_icm,cartpole,dense,0.01,0.99,9,0.1
228,8.0,8,0.2811666666666667,0.004421702586114407,2.023314952850342,0.05193667113780975,0.5298027396202087,0.1619526743888855,,,,dqn_icm,cartpole,dense,0.01,0.99,9,0.1
229,14.0,14,0.278,0.02427033521234989,1.9999072551727295,0.09583805501461029,0.5298027396202087,0.1619526743888855,,,,dqn_icm,cartpole,dense,0.01,0.99,9,0.1
230,12.0,12,0.2748333333333334,0.010960460640490055,1.959063172340393,0.07896016538143158,0.5298027396202087,0.1619526743888855,,,,dqn_icm,cartpole,dense,0.01,0.99,9,0.1
231,13.0,13,0.2716666666666666,0.009347183629870415,2.0751004219055176,0.10933136940002441,0.540595531463623,0.12705641984939575,,,,dqn_icm,cartpole,dense,0.01,0.99,9,0.1
232,11.0,11,0.26850000000000007,0.00579790910705924,2.008514881134033,0.05440066009759903,0.540595531463623,0.12705641984939575,,,,dqn_icm,cartpole,dense,0.01,0.99,9,0.1
233,10.0,10,0.2653333333333334,0.012976912781596184,1.9570281505584717,0.07932038605213165,0.540595531463623,0.12705641984939575,,,,dqn_icm,cartpole,dense,0.01,0.99,9,0.1
234,10.0,10,0.26216666666666677,0.007503446191549301,2.0178167819976807,0.04998374730348587,0.540595531463623,0.12705641984939575,,,,dqn_icm,cartpole,dense,0.01,0.99,9,0.1
235,9.0,9,0.259,0.010410454124212265,2.052363395690918,0.061974912881851196,0.5336082577705383,0.14841261506080627,,,,dqn_icm,cartpole,dense,0.01,0.99,9,0.1
236,10.0,10,0.25583333333333336,0.006609688978642225,1.974768042564392,0.06446503102779388,0.5336082577705383,0.14841261506080627,,,,dqn_icm,cartpole,dense,0.01,0.99,9,0.1
237,10.0,10,0.2526666666666667,0.008614975959062576,1.969103217124939,0.06291626393795013,0.5336082577705383,0.14841261506080627,,,,dqn_icm,cartpole,dense,0.01,0.99,9,0.1
238,10.0,10,0.24950000000000006,0.007232688367366791,2.0049524307250977,0.056472714990377426,0.5336082577705383,0.14841261506080627,,,,dqn_icm,cartpole,dense,0.01,0.99,9,0.1
239,11.0,11,0.2463333333333334,0.009899107739329338,2.0271341800689697,0.07142044603824615,0.5354298949241638,0.1508561372756958,,,,dqn_icm,cartpole,dense,0.01,0.99,9,0.1
240,11.0,11,0.24316666666666675,0.010577136650681496,2.002662181854248,0.07677479088306427,0.5354298949241638,0.1508561372756958,,,,dqn_icm,cartpole,dense,0.01,0.99,9,0.1
241,14.0,14,0.24,0.01739451289176941,1.9984440803527832,0.08542102575302124,0.5354298949241638,0.1508561372756958,,,,dqn_icm,cartpole,dense,0.01,0.99,9,0.1
242,10.0,10,0.23683333333333334,0.010093110613524914,1.9492409229278564,0.0888909250497818,0.5354298949241638,0.1508561372756958,,,,dqn_icm,cartpole,dense,0.01,0.99,9,0.1
243,8.0,8,0.2336666666666667,0.010703600943088531,2.0371856689453125,0.09271851181983948,0.5288290977478027,0.17433422803878784,,,,dqn_icm,cartpole,dense,0.01,0.99,9,0.1
244,8.0,8,0.23050000000000004,0.017126988619565964,2.0007152557373047,0.08614421635866165,0.5288290977478027,0.17433422803878784,,,,dqn_icm,cartpole,dense,0.01,0.99,9,0.1
245,8.0,8,0.2273333333333334,0.011823557317256927,1.957417368888855,0.06970753520727158,0.5288290977478027,0.17433422803878784,,,,dqn_icm,cartpole,dense,0.01,0.99,9,0.1
246,14.0,14,0.22416666666666674,0.004045766778290272,2.0755581855773926,0.05479948967695236,0.5288290977478027,0.17433422803878784,,,,dqn_icm,cartpole,dense,0.01,0.99,9,0.1
247,10.0,10,0.22100000000000009,0.014798027463257313,1.9341704845428467,0.11204396188259125,0.5290850400924683,0.1534256488084793,,,,dqn_icm,cartpole,dense,0.01,0.99,9,0.1
248,10.0,10,0.21783333333333332,0.01638936996459961,1.928106665611267,0.11588318645954132,0.5290850400924683,0.1534256488084793,,,,dqn_icm,cartpole,dense,0.01,0.99,9,0.1
249,14.0,14,0.21466666666666667,0.009758641943335533,2.0556535720825195,0.09872458875179291,0.5290850400924683,0.1534256488084793,,,,dqn_icm,cartpole,dense,0.01,0.99,9,0.1
250,10.0,10,0.21150000000000002,0.004040676634758711,2.0725350379943848,0.0504649393260479,0.5290850400924683,0.1534256488084793,9.5,0.806225774829855,9.5,dqn_icm,cartpole,dense,0.01,0.99,9,0.1
251,10.0,10,0.20833333333333337,0.005429870914667845,1.996638298034668,0.05387910455465317,0.5294721722602844,0.15489822626113892,,,,dqn_icm,cartpole,dense,0.01,0.99,9,0.1
252,10.0,10,0.20516666666666672,0.002816581167280674,2.063382863998413,0.03812377527356148,0.5294721722602844,0.15489822626113892,,,,dqn_icm,cartpole,dense,0.01,0.99,9,0.1
253,10.0,10,0.20200000000000007,0.01378178782761097,2.0150678157806396,0.06055218726396561,0.5294721722602844,0.15489822626113892,,,,dqn_icm,cartpole,dense,0.01,0.99,9,0.1
254,9.0,9,0.1988333333333333,0.014995231293141842,1.9099267721176147,0.14281406998634338,0.5294721722602844,0.15489822626113892,,,,dqn_icm,cartpole,dense,0.01,0.99,9,0.1
255,9.0,9,0.19566666666666666,0.008962245658040047,1.9483840465545654,0.06702691316604614,0.5520013570785522,0.15385526418685913,,,,dqn_icm,cartpole,dense,0.01,0.99,9,0.1
256,10.0,10,0.1925,0.01228979043662548,2.083117961883545,0.12970222532749176,0.5520013570785522,0.15385526418685913,,,,dqn_icm,cartpole,dense,0.01,0.99,9,0.1
257,10.0,10,0.18933333333333335,0.012615793384611607,1.9941425323486328,0.059625282883644104,0.5520013570785522,0.15385526418685913,,,,dqn_icm,cartpole,dense,0.01,0.99,9,0.1
258,10.0,10,0.1861666666666667,0.009091095067560673,1.9849212169647217,0.06449505686759949,0.5520013570785522,0.15385526418685913,,,,dqn_icm,cartpole,dense,0.01,0.99,9,0.1
259,10.0,10,0.18300000000000005,0.007719474844634533,2.019226551055908,0.05228626728057861,0.5319910645484924,0.16547435522079468,,,,dqn_icm,cartpole,dense,0.01,0.99,9,0.1
260,11.0,11,0.1798333333333334,0.007435964420437813,2.012378454208374,0.052593082189559937,0.5319910645484924,0.16547435522079468,,,,dqn_icm,cartpole,dense,0.01,0.99,9,0.1
261,11.0,11,0.17666666666666664,0.0189032182097435,1.9470386505126953,0.09447595477104187,0.5319910645484924,0.16547435522079468,,,,dqn_icm,cartpole,dense,0.01,0.99,9,0.1
262,10.0,10,0.1735,0.010501108132302761,2.006777763366699,0.07309338450431824,0.5319910645484924,0.16547435522079468,,,,dqn_icm,cartpole,dense,0.01,0.99,9,0.1
263,9.0,9,0.17033333333333345,0.006015545688569546,2.0481481552124023,0.05497127026319504,0.5222702622413635,0.17038500308990479,,,,dqn_icm,cartpole,dense,0.01,0.99,9,0.1
264,10.0,10,0.16716666666666669,0.013368731364607811,1.8963689804077148,0.11361602693796158,0.5222702622413635,0.17038500308990479,,,,dqn_icm,cartpole,dense,0.01,0.99,9,0.1
265,9.0,9,0.16400000000000003,0.013793469406664371,2.035754442214966,0.07030099630355835,0.5222702622413635,0.17038500308990479,,,,dqn_icm,cartpole,dense,0.01,0.99,9,0.1
266,16.0,16,0.16083333333333338,0.007183774374425411,1.9554648399353027,0.07340393960475922,0.5332589745521545,0.18570765852928162,,,,dqn_icm,cartpole,dense,0.01,0.99,9,0.1
267,10.0,10,0.15766666666666662,0.004327959381043911,1.9307039976119995,0.058884114027023315,0.5332589745521545,0.18570765852928162,,,,dqn_icm,cartpole,dense,0.01,0.99,9,0.1
268,13.0,13,0.15450000000000008,0.010173344053328037,2.0176610946655273,0.08349398523569107,0.5332589745521545,0.18570765852928162,,,,dqn_icm,cartpole,dense,0.01,0.99,9,0.1
269,10.0,10,0.15133333333333343,0.012504102662205696,1.988048791885376,0.11718586832284927,0.5332589745521545,0.18570765852928162,,,,dqn_icm,cartpole,dense,0.01,0.99,9,0.1
270,10.0,10,0.14816666666666678,0.016092872247099876,1.9733381271362305,0.08848103880882263,0.5346242189407349,0.16416236758232117,,,,dqn_icm,cartpole,dense,0.01,0.99,9,0.1
271,10.0,10,0.14500000000000002,0.014003045856952667,1.9667012691497803,0.10342663526535034,0.5346242189407349,0.16416236758232117,,,,dqn_icm,cartpole,dense,0.01,0.99,9,0.1
272,8.0,8,0.14183333333333337,0.014342190697789192,1.9911465644836426,0.08297870308160782,0.5346242189407349,0.16416236758232117,,,,dqn_icm,cartpole,dense,0.01,0.99,9,0.1
273,11.0,11,0.13866666666666672,0.0057235946878790855,2.0482559204101562,0.06261918693780899,0.5346242189407349,0.16416236758232117,,,,dqn_icm,cartpole,dense,0.01,0.99,9,0.1
274,9.0,9,0.13550000000000006,0.007576771546155214,2.022531270980835,0.05463603511452675,0.5068804621696472,0.18457041680812836,,,,dqn_icm,cartpole,dense,0.01,0.99,9,0.1
275,10.0,10,0.1323333333333334,0.006190300919115543,1.9594900608062744,0.06511126458644867,0.5068804621696472,0.18457041680812836,,,,dqn_icm,cartpole,dense,0.01,0.99,9,0.1
276,10.0,10,0.12916666666666676,0.0026657741982489824,2.0015594959259033,0.04109371826052666,0.5068804621696472,0.18457041680812836,,,,dqn_icm,cartpole,dense,0.01,0.99,9,0.1
277,9.0,9,0.126,0.012602507136762142,1.9865700006484985,0.060878440737724304,0.5068804621696472,0.18457041680812836,,,,dqn_icm,cartpole,dense,0.01,0.99,9,0.1
278,10.0,10,0.12283333333333335,0.008950386196374893,1.9933626651763916,0.08895125985145569,0.537716805934906,0.18398217856884003,,,,dqn_icm,cartpole,dense,0.01,0.99,9,0.1
279,8.0,8,0.1196666666666667,0.010722428560256958,2.0246033668518066,0.08613623678684235,0.537716805934906,0.18398217856884003,,,,dqn_icm,cartpole,dense,0.01,0.99,9,0.1
280,9.0,9,0.11650000000000005,0.006379219703376293,2.0342860221862793,0.05507887154817581,0.537716805934906,0.18398217856884003,,,,dqn_icm,cartpole,dense,0.01,0.99,9,0.1
281,9.0,9,0.1133333333333334,0.028165195137262344,2.0007684230804443,0.11720235645771027,0.537716805934906,0.18398217856884003,,,,dqn_icm,cartpole,dense,0.01,0.99,9,0.1
282,8.0,8,0.11016666666666675,0.004188323859125376,2.026031494140625,0.02876204438507557,0.537716805934906,0.18398217856884003,,,,dqn_icm,cartpole,dense,0.01,0.99,9,0.1
283,9.0,9,0.1070000000000001,0.007707658223807812,2.052974224090576,0.046245526522397995,0.5163744688034058,0.17318442463874817,,,,dqn_icm,cartpole,dense,0.01,0.99,9,0.1
284,12.0,12,0.10383333333333333,0.007801690138876438,1.9783339500427246,0.07411961257457733,0.5163744688034058,0.17318442463874817,,,,dqn_icm,cartpole,dense,0.01,0.99,9,0.1
285,10.0,10,0.10066666666666668,0.008484434336423874,2.019562244415283,0.07554293423891068,0.5163744688034058,0.17318442463874817,,,,dqn_icm,cartpole,dense,0.01,0.99,9,0.1
286,9.0,9,0.09750000000000003,0.004675346426665783,1.9773465394973755,0.045080386102199554,0.5163744688034058,0.17318442463874817,,,,dqn_icm,cartpole,dense,0.01,0.99,9,0.1
287,16.0,16,0.09433333333333338,0.006491799373179674,2.041806936264038,0.08999814093112946,0.5290554165840149,0.17917019128799438,,,,dqn_icm,cartpole,dense,0.01,0.99,9,0.1
288,9.0,9,0.09116666666666673,0.00871489942073822,2.0298945903778076,0.09703940153121948,0.5290554165840149,0.17917019128799438,,,,dqn_icm,cartpole,dense,0.01,0.99,9,0.1
289,8.0,8,0.08800000000000008,0.01149652898311615,2.0045909881591797,0.08988327533006668,0.5290554165840149,0.17917019128799438,,,,dqn_icm,cartpole,dense,0.01,0.99,9,0.1
290,9.0,9,0.08483333333333332,0.0062661063857376575,1.9760656356811523,0.08261920511722565,0.5290554165840149,0.17917019128799438,,,,dqn_icm,cartpole,dense,0.01,0.99,9,0.1
291,10.0,10,0.08166666666666667,0.008331289514899254,1.9989179372787476,0.09367577731609344,0.5203555822372437,0.1972576379776001,,,,dqn_icm,cartpole,dense,0.01,0.99,9,0.1
292,9.0,9,0.07850000000000001,0.01033055130392313,2.0387983322143555,0.08309551328420639,0.5203555822372437,0.1972576379776001,,,,dqn_icm,cartpole,dense,0.01,0.99,9,0.1
293,9.0,9,0.07533333333333336,0.002263602800667286,1.9671095609664917,0.03778902813792229,0.5203555822372437,0.1972576379776001,,,,dqn_icm,cartpole,dense,0.01,0.99,9,0.1
294,9.0,9,0.07216666666666671,0.015591776929795742,1.944488525390625,0.09110357612371445,0.5203555822372437,0.1972576379776001,,,,dqn_icm,cartpole,dense,0.01,0.99,9,0.1
295,10.0,10,0.06900000000000006,0.004015134181827307,2.0402889251708984,0.03667327016592026,0.5189558863639832,0.15376031398773193,,,,dqn_icm,cartpole,dense,0.01,0.99,9,0.1
296,9.0,9,0.06583333333333341,0.007442032918334007,2.0244109630584717,0.07177349179983139,0.5189558863639832,0.15376031398773193,,,,dqn_icm,cartpole,dense,0.01,0.99,9,0.1
297,9.0,9,0.06266666666666665,0.002653597155585885,2.0216426849365234,0.04593062400817871,0.5189558863639832,0.15376031398773193,,,,dqn_icm,cartpole,dense,0.01,0.99,9,0.1
298,9.0,9,0.0595,0.015996841713786125,2.039142608642578,0.08204475045204163,0.5189558863639832,0.15376031398773193,,,,dqn_icm,cartpole,dense,0.01,0.99,9,0.1
299,10.0,10,0.05633333333333346,0.008801347576081753,2.0311355590820312,0.06504791975021362,0.49385198950767517,0.205392986536026,,,,dqn_icm,cartpole,dense,0.01,0.99,9,0.1
300,9.0,9,0.053166666666666695,0.005726220551878214,1.949932336807251,0.068280428647995,0.49385198950767517,0.205392986536026,9.5,0.6708203932499369,9.5,dqn_icm,cartpole,dense,0.01,0.99,9,0.1
301,10.0,10,0.050000000000000044,0.006688261404633522,1.9568634033203125,0.05471515655517578,0.49385198950767517,0.205392986536026,,,,dqn_icm,cartpole,dense,0.01,0.99,9,0.1
302,10.0,10,0.050000000000000044,0.010854555293917656,2.0530824661254883,0.09606924653053284,0.49385198950767517,0.205392986536026,,,,dqn_icm,cartpole,dense,0.01,0.99,9,0.1
303,9.0,9,0.050000000000000044,0.010362119413912296,1.942195177078247,0.08696605265140533,0.5056997537612915,0.18628817796707153,,,,dqn_icm,cartpole,dense,0.01,0.99,9,0.1
304,9.0,9,0.050000000000000044,0.00728377141058445,1.965529203414917,0.08199135959148407,0.5056997537612915,0.18628817796707153,,,,dqn_icm,cartpole,dense,0.01,0.99,9,0.1
305,9.0,9,0.050000000000000044,0.008288243785500526,2.0263075828552246,0.07307624816894531,0.5056997537612915,0.18628817796707153,,,,dqn_icm,cartpole,dense,0.01,0.99,9,0.1
306,10.0,10,0.050000000000000044,0.01442797016352415,1.9893665313720703,0.08414368331432343,0.5056997537612915,0.18628817796707153,,,,dqn_icm,cartpole,dense,0.01,0.99,9,0.1
307,10.0,10,0.050000000000000044,0.0024364618584513664,2.0335891246795654,0.036596059799194336,0.5056997537612915,0.18628817796707153,,,,dqn_icm,cartpole,dense,0.01,0.99,9,0.1
308,9.0,9,0.050000000000000044,0.003575581591576338,1.9690327644348145,0.043590981513261795,0.5139261484146118,0.20078065991401672,,,,dqn_icm,cartpole,dense,0.01,0.99,9,0.1
309,10.0,10,0.050000000000000044,0.008224762044847012,2.024862289428711,0.04205784946680069,0.5139261484146118,0.20078065991401672,,,,dqn_icm,cartpole,dense,0.01,0.99,9,0.1
310,10.0,10,0.050000000000000044,0.007412245497107506,1.926666021347046,0.057704273611307144,0.5139261484146118,0.20078065991401672,,,,dqn_icm,cartpole,dense,0.01,0.99,9,0.1
311,10.0,10,0.050000000000000044,0.008384776301681995,2.050571918487549,0.07393497228622437,0.5139261484146118,0.20078065991401672,,,,dqn_icm,cartpole,dense,0.01,0.99,9,0.1
312,10.0,10,0.050000000000000044,0.17414554953575134,2.4724743366241455,0.5740071535110474,0.519892156124115,0.1400938630104065,,,,dqn_icm,cartpole,dense,0.01,0.99,9,0.1
313,10.0,10,0.050000000000000044,0.10937409102916718,3.2597410678863525,0.43046140670776367,0.519892156124115,0.1400938630104065,,,,dqn_icm,cartpole,dense,0.01,0.99,9,0.1
314,10.0,10,0.050000000000000044,0.11638101935386658,2.660831928253174,0.32585960626602173,0.519892156124115,0.1400938630104065,,,,dqn_icm,cartpole,dense,0.01,0.99,9,0.1
315,10.0,10,0.050000000000000044,0.030026454478502274,2.9408607482910156,0.14172297716140747,0.519892156124115,0.1400938630104065,,,,dqn_icm,cartpole,dense,0.01,0.99,9,0.1
316,11.0,11,0.050000000000000044,0.02311619371175766,2.9612159729003906,0.11920050531625748,0.5151283144950867,0.19454339146614075,,,,dqn_icm,cartpole,dense,0.01,0.99,9,0.1
317,28.0,28,0.050000000000000044,0.04980602115392685,3.0588512420654297,0.20678481459617615,0.5151283144950867,0.19454339146614075,,,,dqn_icm,cartpole,dense,0.01,0.99,9,0.1
318,10.0,10,0.050000000000000044,0.025227313861250877,2.7971179485321045,0.17321325838565826,0.520542323589325,0.16726434230804443,,,,dqn_icm,cartpole,dense,0.01,0.99,9,0.1
319,8.0,8,0.050000000000000044,0.025105716660618782,2.8149662017822266,0.160540372133255,0.520542323589325,0.16726434230804443,,,,dqn_icm,cartpole,dense,0.01,0.99,9,0.1
320,28.0,28,0.050000000000000044,0.01070865336805582,2.857481002807617,0.10972760617733002,0.5049631595611572,0.1565869152545929,,,,dqn_icm,cartpole,dense,0.01,0.99,9,0.1
321,10.0,10,0.050000000000000044,0.03135158121585846,3.028242349624634,0.1585596799850464,0.5049631595611572,0.1565869152545929,,,,dqn_icm,cartpole,dense,0.01,0.99,9,0.1
322,9.0,9,0.050000000000000044,0.010867729783058167,2.9701900482177734,0.07975564897060394,0.5049631595611572,0.1565869152545929,,,,dqn_icm,cartpole,dense,0.01,0.99,9,0.1
323,9.0,9,0.050000000000000044,0.028688911348581314,2.8248493671417236,0.1411253809928894,0.5049631595611572,0.1565869152545929,,,,dqn_icm,cartpole,dense,0.01,0.99,9,0.1
324,10.0,10,0.050000000000000044,0.008274175226688385,2.9920883178710938,0.08023063838481903,0.4932078719139099,0.20486941933631897,,,,dqn_icm,cartpole,dense,0.01,0.99,9,0.1
325,9.0,9,0.050000000000000044,0.015287987887859344,2.992948532104492,0.12956611812114716,0.4932078719139099,0.20486941933631897,,,,dqn_icm,cartpole,dense,0.01,0.99,9,0.1
326,12.0,12,0.050000000000000044,0.03193044662475586,2.7605223655700684,0.1570921540260315,0.4932078719139099,0.20486941933631897,,,,dqn_icm,cartpole,dense,0.01,0.99,9,0.1
327,9.0,9,0.050000000000000044,0.02444477379322052,2.782526969909668,0.16336418688297272,0.4932078719139099,0.20486941933631897,,,,dqn_icm,cartpole,dense,0.01,0.99,9,0.1
328,8.0,8,0.050000000000000044,0.017077624797821045,2.9819281101226807,0.09839291125535965,0.4932078719139099,0.20486941933631897,,,,dqn_icm,cartpole,dense,0.01,0.99,9,0.1
329,10.0,10,0.050000000000000044,0.02332565188407898,2.9784297943115234,0.11244609951972961,0.511549711227417,0.18718191981315613,,,,dqn_icm,cartpole,dense,0.01,0.99,9,0.1
330,10.0,10,0.050000000000000044,0.016332557424902916,2.9254674911499023,0.08939188718795776,0.511549711227417,0.18718191981315613,,,,dqn_icm,cartpole,dense,0.01,0.99,9,0.1
331,15.0,15,0.050000000000000044,0.014215250499546528,2.958858013153076,0.10024984180927277,0.511549711227417,0.18718191981315613,,,,dqn_icm,cartpole,dense,0.01,0.99,9,0.1
332,9.0,9,0.050000000000000044,0.016863834112882614,2.944037437438965,0.10535739362239838,0.5269210338592529,0.1695607304573059,,,,dqn_icm,cartpole,dense,0.01,0.99,9,0.1
333,10.0,10,0.050000000000000044,0.01336336974054575,2.8574204444885254,0.10380364954471588,0.5269210338592529,0.1695607304573059,,,,dqn_icm,cartpole,dense,0.01,0.99,9,0.1
334,8.0,8,0.050000000000000044,0.006216777488589287,2.96632719039917,0.07726843655109406,0.5269210338592529,0.1695607304573059,,,,dqn_icm,cartpole,dense,0.01,0.99,9,0.1
335,10.0,10,0.050000000000000044,0.02174854651093483,2.944725751876831,0.11418880522251129,0.5269210338592529,0.1695607304573059,,,,dqn_icm,cartpole,dense,0.01,0.99,9,0.1
336,10.0,10,0.050000000000000044,0.02346082590520382,2.7889606952667236,0.158182293176651,0.4930814504623413,0.16054165363311768,,,,dqn_icm,cartpole,dense,0.01,0.99,9,0.1
337,10.0,10,0.050000000000000044,0.016606401652097702,2.818162679672241,0.09171033650636673,0.4930814504623413,0.16054165363311768,,,,dqn_icm,cartpole,dense,0.01,0.99,9,0.1
338,9.0,9,0.050000000000000044,0.0173562690615654,3.0577306747436523,0.1403403878211975,0.4930814504623413,0.16054165363311768,,,,dqn_icm,cartpole,dense,0.01,0.99,9,0.1
339,8.0,8,0.050000000000000044,0.013092724606394768,2.9073123931884766,0.06606662273406982,0.4930814504623413,0.16054165363311768,,,,dqn_icm,cartpole,dense,0.01,0.99,9,0.1
340,8.0,8,0.050000000000000044,0.015087418258190155,2.764195442199707,0.14352066814899445,0.4930814504623413,0.16054165363311768,,,,dqn_icm,cartpole,dense,0.01,0.99,9,0.1
341,9.0,9,0.050000000000000044,0.00509847654029727,2.939098834991455,0.06828773021697998,0.5064475536346436,0.1853172481060028,,,,dqn_icm,cartpole,dense,0.01,0.99,9,0.1
342,10.0,10,0.050000000000000044,0.02892053872346878,2.9715898036956787,0.16275405883789062,0.5064475536346436,0.1853172481060028,,,,dqn_icm,cartpole,dense,0.01,0.99,9,0.1
343,9.0,9,0.050000000000000044,0.008916165679693222,2.8356990814208984,0.08576079457998276,0.5064475536346436,0.1853172481060028,,,,dqn_icm,cartpole,dense,0.01,0.99,9,0.1
344,11.0,11,0.050000000000000044,0.016489554196596146,2.7707109451293945,0.10961082577705383,0.5064475536346436,0.1853172481060028,,,,dqn_icm,cartpole,dense,0.01,0.99,9,0.1
345,10.0,10,0.050000000000000044,0.03472548723220825,3.0082104206085205,0.15712620317935944,0.49885690212249756,0.19700606167316437,,,,dqn_icm,cartpole,dense,0.01,0.99,9,0.1
346,9.0,9,0.050000000000000044,0.01210128515958786,2.78832745552063,0.0806187093257904,0.49885690212249756,0.19700606167316437,,,,dqn_icm,cartpole,dense,0.01,0.99,9,0.1
347,9.0,9,0.050000000000000044,0.014375908300280571,2.8682703971862793,0.10540243983268738,0.49885690212249756,0.19700606167316437,,,,dqn_icm,cartpole,dense,0.01,0.99,9,0.1
348,9.0,9,0.050000000000000044,0.01836075633764267,2.996795177459717,0.09548968076705933,0.49885690212249756,0.19700606167316437,,,,dqn_icm,cartpole,dense,0.01,0.99,9,0.1
349,10.0,10,0.050000000000000044,0.0073996493592858315,3.04495906829834,0.0883558914065361,0.49654653668403625,0.17784062027931213,,,,dqn_icm,cartpole,dense,0.01,0.99,9,0.1
350,9.0,9,0.050000000000000044,0.005034733563661575,2.9174065589904785,0.07022616267204285,0.49654653668403625,0.17784062027931213,9.5,0.806225774829855,9.5,dqn_icm,cartpole,dense,0.01,0.99,9,0.1
351,9.0,9,0.050000000000000044,0.016316093504428864,2.8241703510284424,0.1319589614868164,0.49654653668403625,0.17784062027931213,,,,dqn_icm,cartpole,dense,0.01,0.99,9,0.1
352,10.0,10,0.050000000000000044,0.011205047369003296,2.999816417694092,0.06352566182613373,0.49654653668403625,0.17784062027931213,,,,dqn_icm,cartpole,dense,0.01,0.99,9,0.1
353,9.0,9,0.050000000000000044,0.007419165223836899,3.0248475074768066,0.0828581303358078,0.49654653668403625,0.17784062027931213,,,,dqn_icm,cartpole,dense,0.01,0.99,9,0.1
354,9.0,9,0.050000000000000044,0.016785604879260063,2.977848529815674,0.0808575302362442,0.5364996194839478,0.19201669096946716,,,,dqn_icm,cartpole,dense,0.01,0.99,9,0.1
355,8.0,8,0.050000000000000044,0.008624577894806862,2.892042636871338,0.06264148652553558,0.5364996194839478,0.19201669096946716,,,,dqn_icm,cartpole,dense,0.01,0.99,9,0.1
356,8.0,8,0.050000000000000044,0.008456379175186157,2.9208436012268066,0.05892150104045868,0.5364996194839478,0.19201669096946716,,,,dqn_icm,cartpole,dense,0.01,0.99,9,0.1
357,9.0,9,0.050000000000000044,0.0065505364909768105,2.8905749320983887,0.07652769237756729,0.5364996194839478,0.19201669096946716,,,,dqn_icm,cartpole,dense,0.01,0.99,9,0.1
358,9.0,9,0.050000000000000044,0.003193774027749896,2.900458574295044,0.038661301136016846,0.5031239986419678,0.2638579308986664,,,,dqn_icm,cartpole,dense,0.01,0.99,9,0.1
359,9.0,9,0.050000000000000044,0.020480863749980927,3.0132670402526855,0.10724420845508575,0.5031239986419678,0.2638579308986664,,,,dqn_icm,cartpole,dense,0.01,0.99,9,0.1
360,9.0,9,0.050000000000000044,0.02157648466527462,2.8887600898742676,0.11756730079650879,0.5031239986419678,0.2638579308986664,,,,dqn_icm,cartpole,dense,0.01,0.99,9,0.1
361,9.0,9,0.050000000000000044,0.014514787122607231,3.0185022354125977,0.08595618605613708,0.5031239986419678,0.2638579308986664,,,,dqn_icm,cartpole,dense,0.01,0.99,9,0.1
362,9.0,9,0.050000000000000044,0.002735957270488143,2.939753532409668,0.04371500760316849,0.5031239986419678,0.2638579308986664,,,,dqn_icm,cartpole,dense,0.01,0.99,9,0.1
363,10.0,10,0.050000000000000044,0.008225183933973312,2.90635085105896,0.09010928869247437,0.49583858251571655,0.25502699613571167,,,,dqn_icm,cartpole,dense,0.01,0.99,9,0.1
364,10.0,10,0.050000000000000044,0.006820984184741974,2.9398107528686523,0.06263091415166855,0.49583858251571655,0.25502699613571167,,,,dqn_icm,cartpole,dense,0.01,0.99,9,0.1
365,9.0,9,0.050000000000000044,0.01017054170370102,3.0293216705322266,0.10469694435596466,0.49583858251571655,0.25502699613571167,,,,dqn_icm,cartpole,dense,0.01,0.99,9,0.1
366,11.0,11,0.050000000000000044,0.00788522232323885,2.91152286529541,0.05468433350324631,0.49583858251571655,0.25502699613571167,,,,dqn_icm,cartpole,dense,0.01,0.99,9,0.1
367,10.0,10,0.050000000000000044,0.005257469601929188,2.9294769763946533,0.0769461989402771,0.5358682870864868,0.15641313791275024,,,,dqn_icm,cartpole,dense,0.01,0.99,9,0.1
368,10.0,10,0.050000000000000044,0.019993212074041367,2.7815589904785156,0.10721734166145325,0.5358682870864868,0.15641313791275024,,,,dqn_icm,cartpole,dense,0.01,0.99,9,0.1
369,12.0,12,0.050000000000000044,0.013805633410811424,2.760397434234619,0.07783418148756027,0.5358682870864868,0.15641313791275024,,,,dqn_icm,cartpole,dense,0.01,0.99,9,0.1
370,12.0,12,0.050000000000000044,0.006541314534842968,2.8752622604370117,0.08459600806236267,0.4623563885688782,0.2210264652967453,,,,dqn_icm,cartpole,dense,0.01,0.99,9,0.1
371,10.0,10,0.050000000000000044,0.013353405520319939,2.8132991790771484,0.08970232307910919,0.4623563885688782,0.2210264652967453,,,,dqn_icm,cartpole,dense,0.01,0.99,9,0.1
372,9.0,9,0.050000000000000044,0.025032874196767807,2.801426410675049,0.13195663690567017,0.4623563885688782,0.2210264652967453,,,,dqn_icm,cartpole,dense,0.01,0.99,9,0.1
373,11.0,11,0.050000000000000044,0.011486086994409561,2.8811724185943604,0.08922012150287628,0.4623563885688782,0.2210264652967453,,,,dqn_icm,cartpole,dense,0.01,0.99,9,0.1
374,10.0,10,0.050000000000000044,0.015105028636753559,3.0697989463806152,0.10504452884197235,0.483612060546875,0.16097450256347656,,,,dqn_icm,cartpole,dense,0.01,0.99,9,0.1
375,10.0,10,0.050000000000000044,0.012789720669388771,2.967451333999634,0.08400488644838333,0.483612060546875,0.16097450256347656,,,,dqn_icm,cartpole,dense,0.01,0.99,9,0.1
376,9.0,9,0.050000000000000044,0.011318420059978962,2.9860637187957764,0.09573061764240265,0.483612060546875,0.16097450256347656,,,,dqn_icm,cartpole,dense,0.01,0.99,9,0.1
377,9.0,9,0.050000000000000044,0.005476031452417374,2.956655502319336,0.06566806137561798,0.483612060546875,0.16097450256347656,,,,dqn_icm,cartpole,dense,0.01,0.99,9,0.1
378,10.0,10,0.050000000000000044,0.016806961968541145,2.8747642040252686,0.09729702770709991,0.483612060546875,0.16097450256347656,,,,dqn_icm,cartpole,dense,0.01,0.99,9,0.1
379,10.0,10,0.050000000000000044,0.010558499954640865,2.902959108352661,0.0868675485253334,0.4548220932483673,0.2071930468082428,,,,dqn_icm,cartpole,dense,0.01,0.99,9,0.1
380,10.0,10,0.050000000000000044,0.006467998027801514,2.856785297393799,0.052208542823791504,0.4548220932483673,0.2071930468082428,,,,dqn_icm,cartpole,dense,0.01,0.99,9,0.1
381,8.0,8,0.050000000000000044,0.012864946387708187,2.989368438720703,0.07874824851751328,0.4548220932483673,0.2071930468082428,,,,dqn_icm,cartpole,dense,0.01,0.99,9,0.1
382,9.0,9,0.050000000000000044,0.004396956413984299,2.951573371887207,0.05036890506744385,0.4548220932483673,0.2071930468082428,,,,dqn_icm,cartpole,dense,0.01,0.99,9,0.1
383,9.0,9,0.050000000000000044,0.009839480742812157,2.849135160446167,0.06431549042463303,0.5208860635757446,0.1825868934392929,,,,dqn_icm,cartpole,dense,0.01,0.99,9,0.1
384,10.0,10,0.050000000000000044,0.009942901320755482,2.88022518157959,0.06609542667865753,0.5208860635757446,0.1825868934392929,,,,dqn_icm,cartpole,dense,0.01,0.99,9,0.1
385,10.0,10,0.050000000000000044,0.012396857142448425,3.041287899017334,0.057047661393880844,0.5208860635757446,0.1825868934392929,,,,dqn_icm,cartpole,dense,0.01,0.99,9,0.1
386,10.0,10,0.050000000000000044,0.016883840784430504,2.9430549144744873,0.1154579222202301,0.5208860635757446,0.1825868934392929,,,,dqn_icm,cartpole,dense,0.01,0.99,9,0.1
387,9.0,9,0.050000000000000044,0.016745224595069885,2.8654403686523438,0.08155708014965057,0.4744899868965149,0.20472273230552673,,,,dqn_icm,cartpole,dense,0.01,0.99,9,0.1
388,9.0,9,0.050000000000000044,0.007839076220989227,3.0775234699249268,0.10253559052944183,0.4744899868965149,0.20472273230552673,,,,dqn_icm,cartpole,dense,0.01,0.99,9,0.1
389,10.0,10,0.050000000000000044,0.007620234973728657,2.8858280181884766,0.08237525075674057,0.4744899868965149,0.20472273230552673,,,,dqn_icm,cartpole,dense,0.01,0.99,9,0.1
390,9.0,9,0.050000000000000044,0.013526532799005508,2.7662394046783447,0.1027563214302063,0.4744899868965149,0.20472273230552673,,,,dqn_icm,cartpole,dense,0.01,0.99,9,0.1
391,9.0,9,0.050000000000000044,0.018116962164640427,2.9489197731018066,0.0847172886133194,0.4625125229358673,0.2247975468635559,,,,dqn_icm,cartpole,dense,0.01,0.99,9,0.1
392,9.0,9,0.050000000000000044,0.010448062792420387,2.906719207763672,0.08159428089857101,0.4625125229358673,0.2247975468635559,,,,dqn_icm,cartpole,dense,0.01,0.99,9,0.1
393,10.0,10,0.050000000000000044,0.004777236375957727,2.8583314418792725,0.04408874735236168,0.4625125229358673,0.2247975468635559,,,,dqn_icm,cartpole,dense,0.01,0.99,9,0.1
394,10.0,10,0.050000000000000044,0.016874948516488075,2.8998210430145264,0.08726820349693298,0.4625125229358673,0.2247975468635559,,,,dqn_icm,cartpole,dense,0.01,0.99,9,0.1
395,10.0,10,0.050000000000000044,0.017387382686138153,2.8653268814086914,0.08907638490200043,0.5120851993560791,0.23012037575244904,,,,dqn_icm,cartpole,dense,0.01,0.99,9,0.1
396,10.0,10,0.050000000000000044,0.0106240538880229,2.994393825531006,0.05444039776921272,0.5120851993560791,0.23012037575244904,,,,dqn_icm,cartpole,dense,0.01,0.99,9,0.1
397,10.0,10,0.050000000000000044,0.00443636579439044,2.9112186431884766,0.0717635303735733,0.5120851993560791,0.23012037575244904,,,,dqn_icm,cartpole,dense,0.01,0.99,9,0.1
398,13.0,13,0.050000000000000044,0.006460770033299923,2.9294536113739014,0.06353680044412613,0.5120851993560791,0.23012037575244904,,,,dqn_icm,cartpole,dense,0.01,0.99,9,0.1
399,9.0,9,0.050000000000000044,0.0068640559911727905,2.906999349594116,0.07581101357936859,0.5245563387870789,0.2310589849948883,,,,dqn_icm,cartpole,dense,0.01,0.99,9,0.1
400,9.0,9,0.050000000000000044,0.008705362677574158,2.8399667739868164,0.0764700323343277,0.5245563387870789,0.2310589849948883,9.5,0.806225774829855,9.5,dqn_icm,cartpole,dense,0.01,0.99,9,0.1
401,9.0,9,0.050000000000000044,0.007105725351721048,2.949150562286377,0.048131681978702545,0.5245563387870789,0.2310589849948883,,,,dqn_icm,cartpole,dense,0.01,0.99,9,0.1
402,9.0,9,0.050000000000000044,0.0030671455897390842,2.9335169792175293,0.05683531612157822,0.5245563387870789,0.2310589849948883,,,,dqn_icm,cartpole,dense,0.01,0.99,9,0.1
403,10.0,10,0.050000000000000044,0.01169603317975998,2.9393343925476074,0.07694034278392792,0.5245563387870789,0.2310589849948883,,,,dqn_icm,cartpole,dense,0.01,0.99,9,0.1
404,10.0,10,0.050000000000000044,0.014201415702700615,2.8593976497650146,0.11661171168088913,0.4665136933326721,0.21637728810310364,,,,dqn_icm,cartpole,dense,0.01,0.99,9,0.1
405,10.0,10,0.050000000000000044,0.005577707663178444,2.958648681640625,0.053861383348703384,0.4665136933326721,0.21637728810310364,,,,dqn_icm,cartpole,dense,0.01,0.99,9,0.1
406,10.0,10,0.050000000000000044,0.024435169994831085,2.947392702102661,0.1371196210384369,0.4665136933326721,0.21637728810310364,,,,dqn_icm,cartpole,dense,0.01,0.99,9,0.1
407,8.0,8,0.050000000000000044,0.006143076345324516,2.900193691253662,0.0958586037158966,0.4665136933326721,0.21637728810310364,,,,dqn_icm,cartpole,dense,0.01,0.99,9,0.1
408,9.0,9,0.050000000000000044,0.01951628550887108,2.8598790168762207,0.12928107380867004,0.49354127049446106,0.16927877068519592,,,,dqn_icm,cartpole,dense,0.01,0.99,9,0.1
409,9.0,9,0.050000000000000044,0.005030616652220488,3.0394058227539062,0.07160991430282593,0.49354127049446106,0.16927877068519592,,,,dqn_icm,cartpole,dense,0.01,0.99,9,0.1
410,9.0,9,0.050000000000000044,0.015471391379833221,2.900832176208496,0.07370289415121078,0.49354127049446106,0.16927877068519592,,,,dqn_icm,cartpole,dense,0.01,0.99,9,0.1
411,12.0,12,0.050000000000000044,0.01569187268614769,2.8658647537231445,0.11144448071718216,0.49354127049446106,0.16927877068519592,,,,dqn_icm,cartpole,dense,0.01,0.99,9,0.1
412,10.0,10,0.050000000000000044,0.006976681295782328,2.9993016719818115,0.05853525549173355,0.44901421666145325,0.16842716932296753,,,,dqn_icm,cartpole,dense,0.01,0.99,9,0.1
413,9.0,9,0.050000000000000044,0.006230541504919529,2.942254066467285,0.06999347358942032,0.44901421666145325,0.16842716932296753,,,,dqn_icm,cartpole,dense,0.01,0.99,9,0.1
414,9.0,9,0.050000000000000044,0.0047417739406228065,2.953843116760254,0.053864188492298126,0.44901421666145325,0.16842716932296753,,,,dqn_icm,cartpole,dense,0.01,0.99,9,0.1
415,9.0,9,0.050000000000000044,0.016335681080818176,2.8618531227111816,0.08341195434331894,0.44901421666145325,0.16842716932296753,,,,dqn_icm,cartpole,dense,0.01,0.99,9,0.1
416,11.0,11,0.050000000000000044,0.003638619789853692,2.965064764022827,0.05571269989013672,0.519755482673645,0.2490997016429901,,,,dqn_icm,cartpole,dense,0.01,0.99,9,0.1
417,8.0,8,0.050000000000000044,0.0056772734969854355,2.961965560913086,0.05409279465675354,0.519755482673645,0.2490997016429901,,,,dqn_icm,cartpole,dense,0.01,0.99,9,0.1
418,10.0,10,0.050000000000000044,0.009608706459403038,2.9869191646575928,0.051775671541690826,0.519755482673645,0.2490997016429901,,,,dqn_icm,cartpole,dense,0.01,0.99,9,0.1
419,8.0,8,0.050000000000000044,0.003890709253028035,2.882276773452759,0.0570494681596756,0.519755482673645,0.2490997016429901,,,,dqn_icm,cartpole,dense,0.01,0.99,9,0.1
420,9.0,9,0.050000000000000044,0.004452032502740622,3.042858123779297,0.04846222698688507,0.519755482673645,0.2490997016429901,,,,dqn_icm,cartpole,dense,0.01,0.99,9,0.1
421,10.0,10,0.050000000000000044,0.018320191651582718,2.861900806427002,0.10518628358840942,0.4466410279273987,0.2555258274078369,,,,dqn_icm,cartpole,dense,0.01,0.99,9,0.1
422,10.0,10,0.050000000000000044,0.0290378388017416,2.772000551223755,0.1453658789396286,0.4466410279273987,0.2555258274078369,,,,dqn_icm,cartpole,dense,0.01,0.99,9,0.1
423,9.0,9,0.050000000000000044,0.006815973203629255,3.038546562194824,0.0909995585680008,0.4466410279273987,0.2555258274078369,,,,dqn_icm,cartpole,dense,0.01,0.99,9,0.1
424,9.0,9,0.050000000000000044,0.0032975049689412117,2.977257013320923,0.06628384441137314,0.4466410279273987,0.2555258274078369,,,,dqn_icm,cartpole,dense,0.01,0.99,9,0.1
425,10.0,10,0.050000000000000044,0.018746910616755486,2.8696141242980957,0.10254868865013123,0.45243021845817566,0.20857274532318115,,,,dqn_icm,cartpole,dense,0.01,0.99,9,0.1
426,12.0,12,0.050000000000000044,0.01699049212038517,2.925931453704834,0.08550520241260529,0.45243021845817566,0.20857274532318115,,,,dqn_icm,cartpole,dense,0.01,0.99,9,0.1
427,10.0,10,0.050000000000000044,0.006117787212133408,3.0097715854644775,0.09011921286582947,0.45243021845817566,0.20857274532318115,,,,dqn_icm,cartpole,dense,0.01,0.99,9,0.1
428,9.0,9,0.050000000000000044,0.006865001283586025,2.9907193183898926,0.067348912358284,0.45243021845817566,0.20857274532318115,,,,dqn_icm,cartpole,dense,0.01,0.99,9,0.1
429,10.0,10,0.050000000000000044,0.020736800506711006,2.8243045806884766,0.1098693460226059,0.46466124057769775,0.18930375576019287,,,,dqn_icm,cartpole,dense,0.01,0.99,9,0.1
430,10.0,10,0.050000000000000044,0.014100778847932816,2.8752691745758057,0.08158186823129654,0.46466124057769775,0.18930375576019287,,,,dqn_icm,cartpole,dense,0.01,0.99,9,0.1
431,11.0,11,0.050000000000000044,0.013990020379424095,2.969244956970215,0.06762726604938507,0.46466124057769775,0.18930375576019287,,,,dqn_icm,cartpole,dense,0.01,0.99,9,0.1
432,9.0,9,0.050000000000000044,0.022004103288054466,2.8027548789978027,0.13882382214069366,0.46466124057769775,0.18930375576019287,,,,dqn_icm,cartpole,dense,0.01,0.99,9,0.1
433,10.0,10,0.050000000000000044,0.003786851651966572,2.963717460632324,0.042964160442352295,0.4956997036933899,0.1808047741651535,,,,dqn_icm,cartpole,dense,0.01,0.99,9,0.1
434,9.0,9,0.050000000000000044,0.01923215202987194,2.813833713531494,0.11126740276813507,0.4956997036933899,0.1808047741651535,,,,dqn_icm,cartpole,dense,0.01,0.99,9,0.1
435,9.0,9,0.050000000000000044,0.006962541490793228,2.9183754920959473,0.0491127148270607,0.4956997036933899,0.1808047741651535,,,,dqn_icm,cartpole,dense,0.01,0.99,9,0.1
436,9.0,9,0.050000000000000044,0.005469208583235741,2.96754789352417,0.05571771785616875,0.4956997036933899,0.1808047741651535,,,,dqn_icm,cartpole,dense,0.01,0.99,9,0.1
437,9.0,9,0.050000000000000044,0.016163740307092667,2.9203219413757324,0.06752999126911163,0.47518062591552734,0.1901196837425232,,,,dqn_icm,cartpole,dense,0.01,0.99,9,0.1
438,9.0,9,0.050000000000000044,0.016464127227663994,2.8100805282592773,0.10191492736339569,0.47518062591552734,0.1901196837425232,,,,dqn_icm,cartpole,dense,0.01,0.99,9,0.1
439,9.0,9,0.050000000000000044,0.00228134635835886,3.006486177444458,0.04102086275815964,0.47518062591552734,0.1901196837425232,,,,dqn_icm,cartpole,dense,0.01,0.99,9,0.1
440,8.0,8,0.050000000000000044,0.002974721137434244,2.9655051231384277,0.053365033119916916,0.47518062591552734,0.1901196837425232,,,,dqn_icm,cartpole,dense,0.01,0.99,9,0.1
441,9.0,9,0.050000000000000044,0.006899247877299786,2.945690155029297,0.05923786014318466,0.47518062591552734,0.1901196837425232,,,,dqn_icm,cartpole,dense,0.01,0.99,9,0.1
442,10.0,10,0.050000000000000044,0.007487345952540636,2.910651206970215,0.06376948952674866,0.4164917767047882,0.22826746106147766,,,,dqn_icm,cartpole,dense,0.01,0.99,9,0.1
443,10.0,10,0.050000000000000044,0.00442495197057724,2.963670253753662,0.05707749351859093,0.4164917767047882,0.22826746106147766,,,,dqn_icm,cartpole,dense,0.01,0.99,9,0.1
444,10.0,10,0.050000000000000044,0.012808969244360924,2.9176173210144043,0.07525597512722015,0.4164917767047882,0.22826746106147766,,,,dqn_icm,cartpole,dense,0.01,0.99,9,0.1
445,10.0,10,0.050000000000000044,0.014457792043685913,2.8890106678009033,0.09408552944660187,0.4164917767047882,0.22826746106147766,,,,dqn_icm,cartpole,dense,0.01,0.99,9,0.1
446,9.0,9,0.050000000000000044,0.006528898142278194,2.895540714263916,0.05793849378824234,0.46407103538513184,0.21563833951950073,,,,dqn_icm,cartpole,dense,0.01,0.99,9,0.1
447,9.0,9,0.050000000000000044,0.012366801500320435,2.984954595565796,0.09534363448619843,0.46407103538513184,0.21563833951950073,,,,dqn_icm,cartpole,dense,0.01,0.99,9,0.1
448,9.0,9,0.050000000000000044,0.018414517864584923,2.8965463638305664,0.09033193439245224,0.46407103538513184,0.21563833951950073,,,,dqn_icm,cartpole,dense,0.01,0.99,9,0.1
449,9.0,9,0.050000000000000044,0.006790542975068092,2.8779544830322266,0.0767606869339943,0.46407103538513184,0.21563833951950073,,,,dqn_icm,cartpole,dense,0.01,0.99,9,0.1
450,9.0,9,0.050000000000000044,0.006477304734289646,2.8810062408447266,0.06266653537750244,0.48944762349128723,0.20868463814258575,9.5,0.806225774829855,9.5,dqn_icm,cartpole,dense,0.01,0.99,9,0.1
451,10.0,10,0.050000000000000044,0.012055821716785431,2.8999099731445312,0.07702617347240448,0.48944762349128723,0.20868463814258575,,,,dqn_icm,cartpole,dense,0.01,0.99,9,0.1
452,9.0,9,0.050000000000000044,0.004068699665367603,2.996920347213745,0.0551658533513546,0.48944762349128723,0.20868463814258575,,,,dqn_icm,cartpole,dense,0.01,0.99,9,0.1
453,9.0,9,0.050000000000000044,0.004774534143507481,2.9277470111846924,0.08057047426700592,0.48944762349128723,0.20868463814258575,,,,dqn_icm,cartpole,dense,0.01,0.99,9,0.1
454,10.0,10,0.050000000000000044,0.014412547461688519,2.85284423828125,0.06435348838567734,0.481580913066864,0.20610037446022034,,,,dqn_icm,cartpole,dense,0.01,0.99,9,0.1
455,9.0,9,0.050000000000000044,0.012859856709837914,2.885800838470459,0.11122159659862518,0.481580913066864,0.20610037446022034,,,,dqn_icm,cartpole,dense,0.01,0.99,9,0.1
456,9.0,9,0.050000000000000044,0.002407670486718416,2.96809720993042,0.030318034812808037,0.481580913066864,0.20610037446022034,,,,dqn_icm,cartpole,dense,0.01,0.99,9,0.1
457,10.0,10,0.050000000000000044,0.003471134230494499,2.838809013366699,0.06020786985754967,0.481580913066864,0.20610037446022034,,,,dqn_icm,cartpole,dense,0.01,0.99,9,0.1
458,10.0,10,0.050000000000000044,0.020869271829724312,2.8767333030700684,0.08060911297798157,0.49023446440696716,0.23763659596443176,,,,dqn_icm,cartpole,dense,0.01,0.99,9,0.1
459,9.0,9,0.050000000000000044,0.00786296185106039,2.8963539600372314,0.059945836663246155,0.49023446440696716,0.23763659596443176,,,,dqn_icm,cartpole,dense,0.01,0.99,9,0.1
460,8.0,8,0.050000000000000044,0.007096101995557547,2.814445972442627,0.06606840342283249,0.49023446440696716,0.23763659596443176,,,,dqn_icm,cartpole,dense,0.01,0.99,9,0.1
461,8.0,8,0.050000000000000044,0.004334397614002228,2.926041603088379,0.05234140157699585,0.49023446440696716,0.23763659596443176,,,,dqn_icm,cartpole,dense,0.01,0.99,9,0.1
462,10.0,10,0.050000000000000044,0.006568297743797302,3.071362018585205,0.06714579463005066,0.49023446440696716,0.23763659596443176,,,,dqn_icm,cartpole,dense,0.01,0.99,9,0.1
463,9.0,9,0.050000000000000044,0.019427720457315445,2.8739137649536133,0.09605032205581665,0.4243495464324951,0.19519510865211487,,,,dqn_icm,cartpole,dense,0.01,0.99,9,0.1
464,10.0,10,0.050000000000000044,0.005678167100995779,2.9645609855651855,0.056526873260736465,0.4243495464324951,0.19519510865211487,,,,dqn_icm,cartpole,dense,0.01,0.99,9,0.1
465,9.0,9,0.050000000000000044,0.006343821994960308,2.9144859313964844,0.0670170858502388,0.4243495464324951,0.19519510865211487,,,,dqn_icm,cartpole,dense,0.01,0.99,9,0.1
466,10.0,10,0.050000000000000044,0.007996562868356705,2.8483471870422363,0.06054225564002991,0.4243495464324951,0.19519510865211487,,,,dqn_icm,cartpole,dense,0.01,0.99,9,0.1
467,9.0,9,0.050000000000000044,0.002869601361453533,2.9686055183410645,0.03144237399101257,0.44856390357017517,0.19898506999015808,,,,dqn_icm,cartpole,dense,0.01,0.99,9,0.1
468,9.0,9,0.050000000000000044,0.003439950291067362,2.9217958450317383,0.05179022252559662,0.44856390357017517,0.19898506999015808,,,,dqn_icm,cartpole,dense,0.01,0.99,9,0.1
469,9.0,9,0.050000000000000044,0.002735213376581669,2.917008876800537,0.053016290068626404,0.44856390357017517,0.19898506999015808,,,,dqn_icm,cartpole,dense,0.01,0.99,9,0.1
470,10.0,10,0.050000000000000044,0.0035151843912899494,3.0281076431274414,0.05326036363840103,0.44856390357017517,0.19898506999015808,,,,dqn_icm,cartpole,dense,0.01,0.99,9,0.1
471,13.0,13,0.050000000000000044,0.005267741624265909,2.943434715270996,0.08423656970262527,0.49928897619247437,0.19862067699432373,,,,dqn_icm,cartpole,dense,0.01,0.99,9,0.1
472,10.0,10,0.050000000000000044,0.008077138103544712,2.9683358669281006,0.057617511600255966,0.49928897619247437,0.19862067699432373,,,,dqn_icm,cartpole,dense,0.01,0.99,9,0.1
473,10.0,10,0.050000000000000044,0.016332406550645828,2.7651588916778564,0.11874589323997498,0.49928897619247437,0.19862067699432373,,,,dqn_icm,cartpole,dense,0.01,0.99,9,0.1
474,10.0,10,0.050000000000000044,0.020726874470710754,3.065185308456421,0.08266588300466537,0.49928897619247437,0.19862067699432373,,,,dqn_icm,cartpole,dense,0.01,0.99,9,0.1
475,8.0,8,0.050000000000000044,0.011546196416020393,2.7552928924560547,0.06560243666172028,0.5128595232963562,0.2810518741607666,,,,dqn_icm,cartpole,dense,0.01,0.99,9,0.1
476,8.0,8,0.050000000000000044,0.01509442925453186,2.8853349685668945,0.10790292173624039,0.5128595232963562,0.2810518741607666,,,,dqn_icm,cartpole,dense,0.01,0.99,9,0.1
477,10.0,10,0.050000000000000044,0.013037566095590591,2.9170520305633545,0.07649865001440048,0.5128595232963562,0.2810518741607666,,,,dqn_icm,cartpole,dense,0.01,0.99,9,0.1
478,9.0,9,0.050000000000000044,0.017150510102510452,3.0742156505584717,0.13504478335380554,0.5128595232963562,0.2810518741607666,,,,dqn_icm,cartpole,dense,0.01,0.99,9,0.1
479,12.0,12,0.050000000000000044,0.0117938332259655,2.7784366607666016,0.12967076897621155,0.46426278352737427,0.2181699424982071,,,,dqn_icm,cartpole,dense,0.01,0.99,9,0.1
480,11.0,11,0.050000000000000044,0.008574659936130047,2.881682872772217,0.07954521477222443,0.46426278352737427,0.2181699424982071,,,,dqn_icm,cartpole,dense,0.01,0.99,9,0.1
481,9.0,9,0.050000000000000044,0.013798143714666367,2.9673542976379395,0.10643917322158813,0.46426278352737427,0.2181699424982071,,,,dqn_icm,cartpole,dense,0.01,0.99,9,0.1
482,10.0,10,0.050000000000000044,0.010140365920960903,2.8801355361938477,0.0677376389503479,0.46426278352737427,0.2181699424982071,,,,dqn_icm,cartpole,dense,0.01,0.99,9,0.1
483,9.0,9,0.050000000000000044,0.01366566400974989,2.720968246459961,0.09827497601509094,0.46426278352737427,0.2181699424982071,,,,dqn_icm,cartpole,dense,0.01,0.99,9,0.1
484,8.0,8,0.050000000000000044,0.004438834264874458,2.879713535308838,0.07105842232704163,0.40412670373916626,0.24083182215690613,,,,dqn_icm,cartpole,dense,0.01,0.99,9,0.1
485,8.0,8,0.050000000000000044,0.03441043570637703,2.922576427459717,0.14248254895210266,0.40412670373916626,0.24083182215690613,,,,dqn_icm,cartpole,dense,0.01,0.99,9,0.1
486,10.0,10,0.050000000000000044,0.010032801888883114,2.9597299098968506,0.10707053542137146,0.40412670373916626,0.24083182215690613,,,,dqn_icm,cartpole,dense,0.01,0.99,9,0.1
487,11.0,11,0.050000000000000044,0.013834369368851185,2.9935426712036133,0.056665897369384766,0.40412670373916626,0.24083182215690613,,,,dqn_icm,cartpole,dense,0.01,0.99,9,0.1
488,9.0,9,0.050000000000000044,0.009914258494973183,2.94403338432312,0.10409098118543625,0.42421844601631165,0.17561182379722595,,,,dqn_icm,cartpole,dense,0.01,0.99,9,0.1
489,10.0,10,0.050000000000000044,0.00696701742708683,2.928105354309082,0.08623088896274567,0.42421844601631165,0.17561182379722595,,,,dqn_icm,cartpole,dense,0.01,0.99,9,0.1
490,9.0,9,0.050000000000000044,0.014186772517859936,2.920168399810791,0.0902644693851471,0.42421844601631165,0.17561182379722595,,,,dqn_icm,cartpole,dense,0.01,0.99,9,0.1
491,10.0,10,0.050000000000000044,0.006437510717660189,2.855762004852295,0.10058406740427017,0.42421844601631165,0.17561182379722595,,,,dqn_icm,cartpole,dense,0.01,0.99,9,0.1
492,10.0,10,0.050000000000000044,0.00637276004999876,2.9364871978759766,0.047626495361328125,0.45276227593421936,0.1991422176361084,,,,dqn_icm,cartpole,dense,0.01,0.99,9,0.1
493,9.0,9,0.050000000000000044,0.004544490948319435,2.9359450340270996,0.06671623885631561,0.45276227593421936,0.1991422176361084,,,,dqn_icm,cartpole,dense,0.01,0.99,9,0.1
494,10.0,10,0.050000000000000044,0.013326039537787437,2.806347370147705,0.0905957818031311,0.45276227593421936,0.1991422176361084,,,,dqn_icm,cartpole,dense,0.01,0.99,9,0.1
495,10.0,10,0.050000000000000044,0.007480103988200426,2.922067642211914,0.06464093178510666,0.45276227593421936,0.1991422176361084,,,,dqn_icm,cartpole,dense,0.01,0.99,9,0.1
496,11.0,11,0.050000000000000044,0.007888047024607658,2.9632749557495117,0.05449799448251724,0.435695618391037,0.21403348445892334,,,,dqn_icm,cartpole,dense,0.01,0.99,9,0.1
497,9.0,9,0.050000000000000044,0.01601617969572544,3.0212960243225098,0.06877392530441284,0.435695618391037,0.21403348445892334,,,,dqn_icm,cartpole,dense,0.01,0.99,9,0.1
498,10.0,10,0.050000000000000044,0.01663750410079956,2.9765167236328125,0.06605951488018036,0.435695618391037,0.21403348445892334,,,,dqn_icm,cartpole,dense,0.01,0.99,9,0.1
499,9.0,9,0.050000000000000044,0.011700662784278393,2.9650323390960693,0.06331212818622589,0.435695618391037,0.21403348445892334,,,,dqn_icm,cartpole,dense,0.01,0.99,9,0.1
500,9.0,9,0.050000000000000044,0.0032161774579435587,3.0479063987731934,0.06771677732467651,0.41947442293167114,0.2171754390001297,9.5,0.806225774829855,9.5,dqn_icm,cartpole,dense,0.01,0.99,9,0.1
501,11.0,11,0.050000000000000044,0.016785768792033195,2.681986093521118,0.11143837869167328,0.41947442293167114,0.2171754390001297,,,,dqn_icm,cartpole,dense,0.01,0.99,9,0.1
502,10.0,10,0.050000000000000044,0.0034275781363248825,2.8228187561035156,0.058970674872398376,0.41947442293167114,0.2171754390001297,,,,dqn_icm,cartpole,dense,0.01,0.99,9,0.1
503,10.0,10,0.050000000000000044,0.004323190078139305,3.0386009216308594,0.07180983573198318,0.41947442293167114,0.2171754390001297,,,,dqn_icm,cartpole,dense,0.01,0.99,9,0.1
504,8.0,8,0.050000000000000044,0.005875877104699612,3.0638184547424316,0.060282230377197266,0.49235841631889343,0.20488810539245605,,,,dqn_icm,cartpole,dense,0.01,0.99,9,0.1
505,8.0,8,0.050000000000000044,0.004827357828617096,2.9511866569519043,0.06292608380317688,0.49235841631889343,0.20488810539245605,,,,dqn_icm,cartpole,dense,0.01,0.99,9,0.1
506,10.0,10,0.050000000000000044,0.004168582148849964,2.797931671142578,0.06454267352819443,0.49235841631889343,0.20488810539245605,,,,dqn_icm,cartpole,dense,0.01,0.99,9,0.1
507,9.0,9,0.050000000000000044,0.006984557956457138,2.852828025817871,0.06850521266460419,0.49235841631889343,0.20488810539245605,,,,dqn_icm,cartpole,dense,0.01,0.99,9,0.1
508,10.0,10,0.050000000000000044,0.010229406878352165,2.861562728881836,0.05508942902088165,0.49235841631889343,0.20488810539245605,,,,dqn_icm,cartpole,dense,0.01,0.99,9,0.1
509,10.0,10,0.050000000000000044,0.013377135619521141,2.996962547302246,0.07897402346134186,0.38402673602104187,0.23380185663700104,,,,dqn_icm,cartpole,dense,0.01,0.99,9,0.1
510,10.0,10,0.050000000000000044,0.023209508508443832,2.829033136367798,0.0935279130935669,0.38402673602104187,0.23380185663700104,,,,dqn_icm,cartpole,dense,0.01,0.99,9,0.1
511,9.0,9,0.050000000000000044,0.008538242429494858,2.9456911087036133,0.10319925844669342,0.38402673602104187,0.23380185663700104,,,,dqn_icm,cartpole,dense,0.01,0.99,9,0.1
512,9.0,9,0.050000000000000044,0.040768541395664215,2.773171901702881,0.16353902220726013,0.38402673602104187,0.23380185663700104,,,,dqn_icm,cartpole,dense,0.01,0.99,9,0.1
513,12.0,12,0.050000000000000044,0.02466387115418911,2.9522228240966797,0.16612771153450012,0.42584896087646484,0.21555861830711365,,,,dqn_icm,cartpole,dense,0.01,0.99,9,0.1
514,10.0,10,0.050000000000000044,0.012826820835471153,2.8973429203033447,0.13968977332115173,0.42584896087646484,0.21555861830711365,,,,dqn_icm,cartpole,dense,0.01,0.99,9,0.1
515,10.0,10,0.050000000000000044,0.011462097056210041,2.825902223587036,0.12311398237943649,0.42584896087646484,0.21555861830711365,,,,dqn_icm,cartpole,dense,0.01,0.99,9,0.1
516,9.0,9,0.050000000000000044,0.019960662350058556,3.0627729892730713,0.1307673454284668,0.42584896087646484,0.21555861830711365,,,,dqn_icm,cartpole,dense,0.01,0.99,9,0.1
517,9.0,9,0.050000000000000044,0.2217327058315277,3.1745452880859375,0.623434841632843,0.3977046608924866,0.2912871837615967,,,,dqn_icm,cartpole,dense,0.01,0.99,9,0.1
518,9.0,9,0.050000000000000044,0.0822700560092926,3.935803174972534,0.3274734616279602,0.3977046608924866,0.2912871837615967,,,,dqn_icm,cartpole,dense,0.01,0.99,9,0.1
519,9.0,9,0.050000000000000044,0.1318569928407669,3.798175096511841,0.471148818731308,0.3977046608924866,0.2912871837615967,,,,dqn_icm,cartpole,dense,0.01,0.99,9,0.1
520,10.0,10,0.050000000000000044,0.07844620943069458,3.6530752182006836,0.2688013017177582,0.3977046608924866,0.2912871837615967,,,,dqn_icm,cartpole,dense,0.01,0.99,9,0.1
521,10.0,10,0.050000000000000044,0.04814283549785614,3.8760852813720703,0.22874224185943604,0.4311743676662445,0.2087608128786087,,,,dqn_icm,cartpole,dense,0.01,0.99,9,0.1
522,11.0,11,0.050000000000000044,0.07884202897548676,3.501412868499756,0.31848442554473877,0.4311743676662445,0.2087608128786087,,,,dqn_icm,cartpole,dense,0.01,0.99,9,0.1
523,10.0,10,0.050000000000000044,0.028264576569199562,3.9295005798339844,0.1864120364189148,0.4311743676662445,0.2087608128786087,,,,dqn_icm,cartpole,dense,0.01,0.99,9,0.1
524,9.0,9,0.050000000000000044,0.05401281267404556,4.0852861404418945,0.2575893700122833,0.4311743676662445,0.2087608128786087,,,,dqn_icm,cartpole,dense,0.01,0.99,9,0.1
525,10.0,10,0.050000000000000044,0.011494867503643036,3.8130292892456055,0.08064556121826172,0.4272949695587158,0.21158018708229065,,,,dqn_icm,cartpole,dense,0.01,0.99,9,0.1
526,9.0,9,0.050000000000000044,0.053120896220207214,3.4265151023864746,0.2203446924686432,0.4272949695587158,0.21158018708229065,,,,dqn_icm,cartpole,dense,0.01,0.99,9,0.1
527,9.0,9,0.050000000000000044,0.044002361595630646,3.7459278106689453,0.22360306978225708,0.4272949695587158,0.21158018708229065,,,,dqn_icm,cartpole,dense,0.01,0.99,9,0.1
528,11.0,11,0.050000000000000044,0.042276713997125626,3.9399185180664062,0.1383610963821411,0.4272949695587158,0.21158018708229065,,,,dqn_icm,cartpole,dense,0.01,0.99,9,0.1
529,8.0,8,0.050000000000000044,0.055141858756542206,3.653115749359131,0.245688334107399,0.4228791296482086,0.19066448509693146,,,,dqn_icm,cartpole,dense,0.01,0.99,9,0.1
530,11.0,11,0.050000000000000044,0.01799432933330536,3.755655288696289,0.12223853170871735,0.4228791296482086,0.19066448509693146,,,,dqn_icm,cartpole,dense,0.01,0.99,9,0.1
531,10.0,10,0.050000000000000044,0.03973650932312012,3.572751998901367,0.19286033511161804,0.4228791296482086,0.19066448509693146,,,,dqn_icm,cartpole,dense,0.01,0.99,9,0.1
532,10.0,10,0.050000000000000044,0.023104295134544373,3.538051128387451,0.12285993248224258,0.4228791296482086,0.19066448509693146,,,,dqn_icm,cartpole,dense,0.01,0.99,9,0.1
533,9.0,9,0.050000000000000044,0.037607260048389435,3.672687292098999,0.14128823578357697,0.45845916867256165,0.19500726461410522,,,,dqn_icm,cartpole,dense,0.01,0.99,9,0.1
534,9.0,9,0.050000000000000044,0.021793972700834274,3.9937515258789062,0.18030251562595367,0.45845916867256165,0.19500726461410522,,,,dqn_icm,cartpole,dense,0.01,0.99,9,0.1
535,16.0,16,0.050000000000000044,0.01431112177670002,3.639223098754883,0.13586901128292084,0.45845916867256165,0.19500726461410522,,,,dqn_icm,cartpole,dense,0.01,0.99,9,0.1
536,9.0,9,0.050000000000000044,0.02347823977470398,3.766201972961426,0.1687336266040802,0.45845916867256165,0.19500726461410522,,,,dqn_icm,cartpole,dense,0.01,0.99,9,0.1
537,14.0,14,0.050000000000000044,0.026082828640937805,3.7112913131713867,0.14840316772460938,0.4600730538368225,0.26992255449295044,,,,dqn_icm,cartpole,dense,0.01,0.99,9,0.1
538,10.0,10,0.050000000000000044,0.0051314630545675755,3.8945374488830566,0.06103277951478958,0.4600730538368225,0.26992255449295044,,,,dqn_icm,cartpole,dense,0.01,0.99,9,0.1
539,10.0,10,0.050000000000000044,0.015997756272554398,3.765744686126709,0.09934316575527191,0.4600730538368225,0.26992255449295044,,,,dqn_icm,cartpole,dense,0.01,0.99,9,0.1
540,11.0,11,0.050000000000000044,0.0271263737231493,3.8492603302001953,0.1373075395822525,0.4600730538368225,0.26992255449295044,,,,dqn_icm,cartpole,dense,0.01,0.99,9,0.1
541,17.0,17,0.050000000000000044,0.012847375124692917,3.7201690673828125,0.12370805442333221,0.40677210688591003,0.22593672573566437,,,,dqn_icm,cartpole,dense,0.01,0.99,9,0.1
542,9.0,9,0.050000000000000044,0.010405424982309341,3.7519023418426514,0.09083136171102524,0.40677210688591003,0.22593672573566437,,,,dqn_icm,cartpole,dense,0.01,0.99,9,0.1
543,11.0,11,0.050000000000000044,0.005087951198220253,4.0086822509765625,0.06276027858257294,0.40677210688591003,0.22593672573566437,,,,dqn_icm,cartpole,dense,0.01,0.99,9,0.1
544,10.0,10,0.050000000000000044,0.014169363304972649,3.6397624015808105,0.09118478000164032,0.48100796341896057,0.2197847068309784,,,,dqn_icm,cartpole,dense,0.01,0.99,9,0.1
545,11.0,11,0.050000000000000044,0.003607873572036624,4.016683578491211,0.0517546646296978,0.48100796341896057,0.2197847068309784,,,,dqn_icm,cartpole,dense,0.01,0.99,9,0.1
546,12.0,12,0.050000000000000044,0.01063036359846592,3.98478364944458,0.08985942602157593,0.48100796341896057,0.2197847068309784,,,,dqn_icm,cartpole,dense,0.01,0.99,9,0.1
547,24.0,24,0.050000000000000044,0.01089291088283062,3.6110684871673584,0.10227971524000168,0.4510282874107361,0.2376234084367752,,,,dqn_icm,cartpole,dense,0.01,0.99,9,0.1
548,38.0,38,0.050000000000000044,0.012807711027562618,3.6914892196655273,0.07898662239313126,0.4093831479549408,0.25418925285339355,,,,dqn_icm,cartpole,dense,0.01,0.99,9,0.1
549,30.0,30,0.050000000000000044,0.007977617904543877,3.892594814300537,0.07114404439926147,0.3679333031177521,0.21816572546958923,,,,dqn_icm,cartpole,dense,0.01,0.99,9,0.1
550,51.0,51,0.050000000000000044,0.010211361572146416,3.7403526306152344,0.07914252579212189,0.3738030195236206,0.19902189075946808,33.3,11.636580253665594,33.3,dqn_icm,cartpole,dense,0.01,0.99,9,0.1
551,65.0,65,0.050000000000000044,0.014882425777614117,3.669833183288574,0.10108356177806854,0.46232789754867554,0.19815173745155334,,,,dqn_icm,cartpole,dense,0.01,0.99,9,0.1
552,69.0,69,0.050000000000000044,0.016672350466251373,3.6101393699645996,0.13006578385829926,0.48548611998558044,0.24647659063339233,,,,dqn_icm,cartpole,dense,0.01,0.99,9,0.1
553,11.0,11,0.050000000000000044,0.022776737809181213,3.88211727142334,0.10183390974998474,0.48548611998558044,0.24647659063339233,,,,dqn_icm,cartpole,dense,0.01,0.99,9,0.1
554,11.0,11,0.050000000000000044,0.008070106618106365,3.929504632949829,0.08134780079126358,0.40048301219940186,0.17474809288978577,,,,dqn_icm,cartpole,dense,0.01,0.99,9,0.1
555,29.0,29,0.050000000000000044,0.028314052149653435,3.7657623291015625,0.14973007142543793,0.40048301219940186,0.17474809288978577,,,,dqn_icm,cartpole,dense,0.01,0.99,9,0.1
556,44.0,44,0.050000000000000044,0.009613740257918835,3.7183167934417725,0.07358691096305847,0.4217756986618042,0.23028378188610077,,,,dqn_icm,cartpole,dense,0.01,0.99,9,0.1
557,28.0,28,0.050000000000000044,0.0035634138621389866,4.016166687011719,0.05907604470849037,0.4217756986618042,0.23028378188610077,,,,dqn_icm,cartpole,dense,0.01,0.99,9,0.1
558,14.0,14,0.050000000000000044,0.023875150829553604,3.6934566497802734,0.11796906590461731,0.4571664035320282,0.23676779866218567,,,,dqn_icm,cartpole,dense,0.01,0.99,9,0.1
559,30.0,30,0.050000000000000044,0.0109810009598732,3.5688023567199707,0.11754199117422104,0.4571664035320282,0.23676779866218567,,,,dqn_icm,cartpole,dense,0.01,0.99,9,0.1
560,13.0,13,0.050000000000000044,0.011821616441011429,3.720627784729004,0.09307582676410675,0.48523205518722534,0.18653100728988647,,,,dqn_icm,cartpole,dense,0.01,0.99,9,0.1
561,29.0,29,0.050000000000000044,0.007687998004257679,3.8772287368774414,0.07888134568929672,0.48523205518722534,0.18653100728988647,,,,dqn_icm,cartpole,dense,0.01,0.99,9,0.1
562,36.0,36,0.050000000000000044,0.008673529140651226,4.051174163818359,0.09550221264362335,0.3978397250175476,0.20184534788131714,,,,dqn_icm,cartpole,dense,0.01,0.99,9,0.1
563,26.0,26,0.050000000000000044,0.0029725132044404745,3.863326072692871,0.062147319316864014,0.3954133987426758,0.1709514856338501,,,,dqn_icm,cartpole,dense,0.01,0.99,9,0.1
564,62.0,62,0.050000000000000044,0.005430910736322403,3.9516947269439697,0.08023440092802048,0.4453924894332886,0.17333877086639404,,,,dqn_icm,cartpole,dense,0.01,0.99,9,0.1
565,24.0,24,0.050000000000000044,0.014935700222849846,3.759486675262451,0.08932100236415863,0.5027675628662109,0.1423187553882599,,,,dqn_icm,cartpole,dense,0.01,0.99,9,0.1
566,29.0,29,0.050000000000000044,0.02315768599510193,3.6001839637756348,0.1193038821220398,0.4431442618370056,0.17211589217185974,,,,dqn_icm,cartpole,dense,0.01,0.99,9,0.1
567,21.0,21,0.050000000000000044,0.021556254476308823,3.683621883392334,0.10211952775716782,0.4431442618370056,0.17211589217185974,,,,dqn_icm,cartpole,dense,0.01,0.99,9,0.1
568,24.0,24,0.050000000000000044,0.00944492220878601,3.5987296104431152,0.08296681195497513,0.4280373156070709,0.18239064514636993,,,,dqn_icm,cartpole,dense,0.01,0.99,9,0.1
569,26.0,26,0.050000000000000044,0.009660493582487106,3.743861675262451,0.08462081849575043,0.4308161735534668,0.18363334238529205,,,,dqn_icm,cartpole,dense,0.01,0.99,9,0.1
570,11.0,11,0.050000000000000044,0.0071882279589772224,3.8417749404907227,0.07249356806278229,0.4308161735534668,0.18363334238529205,,,,dqn_icm,cartpole,dense,0.01,0.99,9,0.1
571,26.0,26,0.050000000000000044,0.024940084666013718,3.8555994033813477,0.09975709021091461,0.4469132721424103,0.1707247793674469,,,,dqn_icm,cartpole,dense,0.01,0.99,9,0.1
572,148.0,148,0.050000000000000044,0.05436425283551216,3.5969526767730713,0.18633350729942322,0.4043853282928467,0.17192812263965607,,,,dqn_icm,cartpole,dense,0.01,0.99,9,0.1
573,38.0,38,0.050000000000000044,0.009276490658521652,3.8787307739257812,0.07137584686279297,0.3981916308403015,0.16305023431777954,,,,dqn_icm,cartpole,dense,0.01,0.99,9,0.1
574,28.0,28,0.050000000000000044,0.007774843834340572,3.79866886138916,0.07269351184368134,0.455586701631546,0.19231022894382477,,,,dqn_icm,cartpole,dense,0.01,0.99,9,0.1
575,27.0,27,0.050000000000000044,0.0514371395111084,4.018708229064941,0.1637365221977234,0.40898367762565613,0.13486646115779877,,,,dqn_icm,cartpole,dense,0.01,0.99,9,0.1
576,48.0,48,0.050000000000000044,0.013580774888396263,3.8294596672058105,0.0984795093536377,0.4337579309940338,0.1748792827129364,,,,dqn_icm,cartpole,dense,0.01,0.99,9,0.1
577,10.0,10,0.050000000000000044,0.0076170917600393295,3.6154682636260986,0.08957399427890778,0.4337579309940338,0.1748792827129364,,,,dqn_icm,cartpole,dense,0.01,0.99,9,0.1
578,12.0,12,0.050000000000000044,0.01316224504262209,3.76908016204834,0.08365710824728012,0.4337579309940338,0.1748792827129364,,,,dqn_icm,cartpole,dense,0.01,0.99,9,0.1
579,28.0,28,0.050000000000000044,0.003548144828528166,3.6937170028686523,0.05093151703476906,0.47367945313453674,0.20137979090213776,,,,dqn_icm,cartpole,dense,0.01,0.99,9,0.1
580,67.0,67,0.050000000000000044,0.014249376952648163,3.684263229370117,0.07854773104190826,0.418695867061615,0.15858790278434753,,,,dqn_icm,cartpole,dense,0.01,0.99,9,0.1
581,40.0,40,0.050000000000000044,0.011626950465142727,3.8120884895324707,0.09496351331472397,0.45302823185920715,0.15232452750205994,,,,dqn_icm,cartpole,dense,0.01,0.99,9,0.1
582,24.0,24,0.050000000000000044,0.011415000073611736,3.889937400817871,0.0828128382563591,0.45302823185920715,0.15232452750205994,,,,dqn_icm,cartpole,dense,0.01,0.99,9,0.1
583,30.0,30,0.050000000000000044,0.005390423350036144,3.8929495811462402,0.07627442479133606,0.4918578565120697,0.15732288360595703,,,,dqn_icm,cartpole,dense,0.01,0.99,9,0.1
584,26.0,26,0.050000000000000044,0.010459895245730877,3.833531379699707,0.09208974987268448,0.4017961025238037,0.14470329880714417,,,,dqn_icm,cartpole,dense,0.01,0.99,9,0.1
585,59.0,59,0.050000000000000044,0.010078102350234985,3.794562816619873,0.09913705289363861,0.43124204874038696,0.149556964635849,,,,dqn_icm,cartpole,dense,0.01,0.99,9,0.1
586,67.0,67,0.050000000000000044,0.013847606256604195,3.76200532913208,0.0951421856880188,0.4299599528312683,0.19756925106048584,,,,dqn_icm,cartpole,dense,0.01,0.99,9,0.1
587,85.0,85,0.050000000000000044,0.00790098775178194,3.6484405994415283,0.08088776469230652,0.4668942093849182,0.13178952038288116,,,,dqn_icm,cartpole,dense,0.01,0.99,9,0.1
588,41.0,41,0.050000000000000044,0.014740517362952232,3.7792985439300537,0.08031423389911652,0.42535802721977234,0.13620342314243317,,,,dqn_icm,cartpole,dense,0.01,0.99,9,0.1
589,42.0,42,0.050000000000000044,0.012878669425845146,3.6636462211608887,0.0933326780796051,0.5294750928878784,0.15844276547431946,,,,dqn_icm,cartpole,dense,0.01,0.99,9,0.1
590,10.0,10,0.050000000000000044,0.008804317563772202,3.841827869415283,0.06904466450214386,0.5294750928878784,0.15844276547431946,,,,dqn_icm,cartpole,dense,0.01,0.99,9,0.1
591,25.0,25,0.050000000000000044,0.010289929807186127,3.7187459468841553,0.08211597055196762,0.38711702823638916,0.14215871691703796,,,,dqn_icm,cartpole,dense,0.01,0.99,9,0.1
592,26.0,26,0.050000000000000044,0.03031095117330551,3.8780434131622314,0.08330944180488586,0.4554310739040375,0.12139220535755157,,,,dqn_icm,cartpole,dense,0.01,0.99,9,0.1
593,54.0,54,0.050000000000000044,0.1003573089838028,4.922542572021484,0.3354789614677429,0.4385823607444763,0.1291501224040985,,,,dqn_icm,cartpole,dense,0.01,0.99,9,0.1
594,130.0,130,0.050000000000000044,0.023929888382554054,4.315176963806152,0.14720895886421204,0.3095170557498932,0.11906932294368744,,,,dqn_icm,cartpole,dense,0.01,0.99,9,0.1
595,144.0,144,0.050000000000000044,0.03060397133231163,4.363295555114746,0.14105434715747833,0.4272848069667816,0.10755082219839096,,,,dqn_icm,cartpole,dense,0.01,0.99,9,0.1
596,116.0,116,0.050000000000000044,0.010569446720182896,4.573116302490234,0.09250511229038239,0.42198124527931213,0.11912055313587189,,,,dqn_icm,cartpole,dense,0.01,0.99,9,0.1
597,73.0,73,0.050000000000000044,0.013304853811860085,4.557957649230957,0.12134741991758347,0.4479815661907196,0.11015135049819946,,,,dqn_icm,cartpole,dense,0.01,0.99,9,0.1
598,71.0,71,0.050000000000000044,0.007263402454555035,4.582978248596191,0.08294597268104553,0.45660319924354553,0.10005932301282883,,,,dqn_icm,cartpole,dense,0.01,0.99,9,0.1
599,68.0,68,0.050000000000000044,0.006864873692393303,4.542062759399414,0.06551176309585571,0.42829427123069763,0.09602639079093933,,,,dqn_icm,cartpole,dense,0.01,0.99,9,0.1
600,67.0,67,0.050000000000000044,0.023551663383841515,4.605318069458008,0.09624254703521729,0.4516577422618866,0.09397578984498978,73.5,38.62188498765953,73.5,dqn_icm,cartpole,dense,0.01,0.99,9,0.1
601,70.0,70,0.050000000000000044,0.006117017008364201,4.610687255859375,0.08041822165250778,0.5330618619918823,0.09666672348976135,,,,dqn_icm,cartpole,dense,0.01,0.99,9,0.1
602,65.0,65,0.050000000000000044,0.011751336976885796,4.338218688964844,0.08815682679414749,0.4255863428115845,0.09549146890640259,,,,dqn_icm,cartpole,dense,0.01,0.99,9,0.1
603,66.0,66,0.050000000000000044,0.04182770475745201,4.4505720138549805,0.11080019176006317,0.39934396743774414,0.09000447392463684,,,,dqn_icm,cartpole,dense,0.01,0.99,9,0.1
604,51.0,51,0.050000000000000044,0.008065617643296719,4.760189056396484,0.05917636305093765,0.3746451735496521,0.08991691470146179,,,,dqn_icm,cartpole,dense,0.01,0.99,9,0.1
605,47.0,47,0.050000000000000044,0.014419659040868282,4.474002838134766,0.12219253182411194,0.3408476412296295,0.11720159649848938,,,,dqn_icm,cartpole,dense,0.01,0.99,9,0.1
606,40.0,40,0.050000000000000044,0.01293534878641367,4.8456010818481445,0.08481376618146896,0.4308020770549774,0.0859399139881134,,,,dqn_icm,cartpole,dense,0.01,0.99,9,0.1
607,48.0,48,0.050000000000000044,0.028630834072828293,4.607205867767334,0.08369573950767517,0.4487091302871704,0.07921591401100159,,,,dqn_icm,cartpole,dense,0.01,0.99,9,0.1
608,43.0,43,0.050000000000000044,0.003335582558065653,4.4842376708984375,0.054672613739967346,0.3972160816192627,0.08124536275863647,,,,dqn_icm,cartpole,dense,0.01,0.99,9,0.1
609,26.0,26,0.050000000000000044,0.03667391836643219,4.600325584411621,0.10212848335504532,0.43143296241760254,0.07902403920888901,,,,dqn_icm,cartpole,dense,0.01,0.99,9,0.1
610,42.0,42,0.050000000000000044,0.011465586721897125,4.592846393585205,0.0825442522764206,0.4511755108833313,0.09529446065425873,,,,dqn_icm,cartpole,dense,0.01,0.99,9,0.1
611,61.0,61,0.050000000000000044,0.02265147864818573,4.407899856567383,0.10644310712814331,0.4247349202632904,0.08307621628046036,,,,dqn_icm,cartpole,dense,0.01,0.99,9,0.1
612,11.0,11,0.050000000000000044,0.009636348113417625,4.456079483032227,0.08453252911567688,0.4247349202632904,0.08307621628046036,,,,dqn_icm,cartpole,dense,0.01,0.99,9,0.1
613,47.0,47,0.050000000000000044,0.008367047645151615,4.476032257080078,0.10125282406806946,0.3472084105014801,0.07875984907150269,,,,dqn_icm,cartpole,dense,0.01,0.99,9,0.1
614,15.0,15,0.050000000000000044,0.005423803348094225,4.4933295249938965,0.06539853662252426,0.3472084105014801,0.07875984907150269,,,,dqn_icm,cartpole,dense,0.01,0.99,9,0.1
615,54.0,54,0.050000000000000044,0.008639805018901825,4.580289840698242,0.07136107981204987,0.33898428082466125,0.07996369898319244,,,,dqn_icm,cartpole,dense,0.01,0.99,9,0.1
616,45.0,45,0.050000000000000044,0.005437138490378857,4.889437675476074,0.052372489124536514,0.3774276673793793,0.07791943848133087,,,,dqn_icm,cartpole,dense,0.01,0.99,9,0.1
617,97.0,97,0.050000000000000044,0.03631008416414261,4.479777812957764,0.13452936708927155,0.39625483751296997,0.07160167396068573,,,,dqn_icm,cartpole,dense,0.01,0.99,9,0.1
618,61.0,61,0.050000000000000044,0.01073505636304617,4.467989921569824,0.07526855170726776,0.4343559443950653,0.07155739516019821,,,,dqn_icm,cartpole,dense,0.01,0.99,9,0.1
619,69.0,69,0.050000000000000044,0.008477088995277882,4.32809591293335,0.08024978637695312,0.3917728662490845,0.09512714296579361,,,,dqn_icm,cartpole,dense,0.01,0.99,9,0.1
620,47.0,47,0.050000000000000044,0.032921452075242996,4.427863121032715,0.10328694432973862,0.35677972435951233,0.07727649807929993,,,,dqn_icm,cartpole,dense,0.01,0.99,9,0.1
621,12.0,12,0.050000000000000044,0.00966926570981741,4.439763069152832,0.0772046372294426,0.35677972435951233,0.07727649807929993,,,,dqn_icm,cartpole,dense,0.01,0.99,9,0.1
622,28.0,28,0.050000000000000044,0.005306669976562262,4.639277458190918,0.06256452947854996,0.3411465287208557,0.08068625628948212,,,,dqn_icm,cartpole,dense,0.01,0.99,9,0.1
623,32.0,32,0.050000000000000044,0.012388220056891441,4.661890983581543,0.08226263523101807,0.41104695200920105,0.06776107847690582,,,,dqn_icm,cartpole,dense,0.01,0.99,9,0.1
624,41.0,41,0.050000000000000044,0.01651960052549839,4.652215003967285,0.10915414988994598,0.4296991229057312,0.07487532496452332,,,,dqn_icm,cartpole,dense,0.01,0.99,9,0.1
625,30.0,30,0.050000000000000044,0.03398595377802849,4.680445671081543,0.13585901260375977,0.4296991229057312,0.07487532496452332,,,,dqn_icm,cartpole,dense,0.01,0.99,9,0.1
626,38.0,38,0.050000000000000044,0.00524555891752243,4.74343204498291,0.05700363218784332,0.36979836225509644,0.0699683353304863,,,,dqn_icm,cartpole,dense,0.01,0.99,9,0.1
627,28.0,28,0.050000000000000044,0.008312087506055832,4.775247573852539,0.08685649186372757,0.3961591124534607,0.06967969238758087,,,,dqn_icm,cartpole,dense,0.01,0.99,9,0.1
628,38.0,38,0.050000000000000044,0.025404812768101692,4.288673400878906,0.1033543273806572,0.3949066996574402,0.06353031098842621,,,,dqn_icm,cartpole,dense,0.01,0.99,9,0.1
629,33.0,33,0.050000000000000044,0.028372719883918762,4.583935737609863,0.10618826746940613,0.41578367352485657,0.06766641139984131,,,,dqn_icm,cartpole,dense,0.01,0.99,9,0.1
630,47.0,47,0.050000000000000044,0.0978115051984787,5.660621643066406,0.3992467522621155,0.44900891184806824,0.06910309940576553,,,,dqn_icm,cartpole,dense,0.01,0.99,9,0.1
631,55.0,55,0.050000000000000044,0.05097360163927078,5.339923858642578,0.2037595808506012,0.42156651616096497,0.06319789588451385,,,,dqn_icm,cartpole,dense,0.01,0.99,9,0.1
632,28.0,28,0.050000000000000044,0.08975373208522797,5.107420921325684,0.27017396688461304,0.3851402997970581,0.06028657406568527,,,,dqn_icm,cartpole,dense,0.01,0.99,9,0.1
633,29.0,29,0.050000000000000044,0.053256429731845856,5.030183792114258,0.19954532384872437,0.3950943648815155,0.0681823343038559,,,,dqn_icm,cartpole,dense,0.01,0.99,9,0.1
634,25.0,25,0.050000000000000044,0.034768108278512955,5.662094593048096,0.1745898425579071,0.3950943648815155,0.0681823343038559,,,,dqn_icm,cartpole,dense,0.01,0.99,9,0.1
635,93.0,93,0.050000000000000044,0.04919836297631264,5.679468154907227,0.1902620792388916,0.3732633590698242,0.0555696114897728,,,,dqn_icm,cartpole,dense,0.01,0.99,9,0.1
636,117.0,117,0.050000000000000044,0.00940503366291523,5.715261459350586,0.09540954232215881,0.3658621609210968,0.05447615310549736,,,,dqn_icm,cartpole,dense,0.01,0.99,9,0.1
637,44.0,44,0.050000000000000044,0.007139898836612701,5.332592487335205,0.09011668711900711,0.3713834583759308,0.05641927197575569,,,,dqn_icm,cartpole,dense,0.01,0.99,9,0.1
638,46.0,46,0.050000000000000044,0.01990334875881672,5.418792247772217,0.11298118531703949,0.36001521348953247,0.05958569049835205,,,,dqn_icm,cartpole,dense,0.01,0.99,9,0.1
639,82.0,82,0.050000000000000044,0.007101261056959629,5.609897136688232,0.07978399842977524,0.34025365114212036,0.057445988059043884,,,,dqn_icm,cartpole,dense,0.01,0.99,9,0.1
640,65.0,65,0.050000000000000044,0.013972137123346329,5.751424789428711,0.0737474262714386,0.39556699991226196,0.05503362417221069,,,,dqn_icm,cartpole,dense,0.01,0.99,9,0.1
641,44.0,44,0.050000000000000044,0.007844030857086182,5.3826799392700195,0.08096615970134735,0.4569114148616791,0.05203670263290405,,,,dqn_icm,cartpole,dense,0.01,0.99,9,0.1
642,39.0,39,0.050000000000000044,0.012228161096572876,5.7654218673706055,0.08345483988523483,0.4032278060913086,0.047916166484355927,,,,dqn_icm,cartpole,dense,0.01,0.99,9,0.1
643,108.0,108,0.050000000000000044,0.039603300392627716,5.002764701843262,0.14851179718971252,0.38943687081336975,0.05437185615301132,,,,dqn_icm,cartpole,dense,0.01,0.99,9,0.1
644,39.0,39,0.050000000000000044,0.02048480696976185,5.279010772705078,0.11609996110200882,0.38549864292144775,0.05608060956001282,,,,dqn_icm,cartpole,dense,0.01,0.99,9,0.1
645,48.0,48,0.050000000000000044,0.009360065683722496,5.378514766693115,0.09968474507331848,0.3997136652469635,0.04775494709610939,,,,dqn_icm,cartpole,dense,0.01,0.99,9,0.1
646,13.0,13,0.050000000000000044,0.007975101470947266,5.107711315155029,0.08211049437522888,0.3587091267108917,0.04860629141330719,,,,dqn_icm,cartpole,dense,0.01,0.99,9,0.1
647,140.0,140,0.050000000000000044,0.014843778684735298,4.90410041809082,0.08964191377162933,0.37776121497154236,0.046697843819856644,,,,dqn_icm,cartpole,dense,0.01,0.99,9,0.1
648,10.0,10,0.050000000000000044,0.019451458007097244,5.418926239013672,0.09007786214351654,0.4088716506958008,0.04709354415535927,,,,dqn_icm,cartpole,dense,0.01,0.99,9,0.1
649,143.0,143,0.050000000000000044,0.014611012302339077,5.347474098205566,0.13064169883728027,0.39203429222106934,0.04344765469431877,,,,dqn_icm,cartpole,dense,0.01,0.99,9,0.1
650,37.0,37,0.050000000000000044,0.04067375138401985,5.638729572296143,0.11774440109729767,0.37975406646728516,0.0500740185379982,116.7,3.348133808556641,116.7,dqn_icm,cartpole,dense,0.01,0.99,9,0.1
651,142.0,142,0.050000000000000044,0.004570642486214638,5.732781410217285,0.05375885218381882,0.3843521773815155,0.04074525833129883,,,,dqn_icm,cartpole,dense,0.01,0.99,9,0.1
652,123.0,123,0.050000000000000044,0.00552760437130928,5.439262390136719,0.0630270391702652,0.33273792266845703,0.046427927911281586,,,,dqn_icm,cartpole,dense,0.01,0.99,9,0.1
653,39.0,39,0.050000000000000044,0.03736791014671326,5.4430646896362305,0.14035247266292572,0.40665578842163086,0.04983977973461151,,,,dqn_icm,cartpole,dense,0.01,0.99,9,0.1
654,52.0,52,0.050000000000000044,0.010724000632762909,5.651230812072754,0.08597783744335175,0.3557301461696625,0.04070628434419632,,,,dqn_icm,cartpole,dense,0.01,0.99,9,0.1
655,14.0,14,0.050000000000000044,0.023102443665266037,5.692779541015625,0.09029276669025421,0.3557301461696625,0.04070628434419632,,,,dqn_icm,cartpole,dense,0.01,0.99,9,0.1
656,38.0,38,0.050000000000000044,0.01760539785027504,5.12044095993042,0.11169307678937912,0.35999971628189087,0.04049691557884216,,,,dqn_icm,cartpole,dense,0.01,0.99,9,0.1
657,44.0,44,0.050000000000000044,0.0072643570601940155,5.550218105316162,0.08406899869441986,0.3617919683456421,0.0445261187851429,,,,dqn_icm,cartpole,dense,0.01,0.99,9,0.1
658,40.0,40,0.050000000000000044,0.004675269592553377,5.199097633361816,0.06153231859207153,0.35246697068214417,0.05426748842000961,,,,dqn_icm,cartpole,dense,0.01,0.99,9,0.1
659,42.0,42,0.050000000000000044,0.011508973315358162,5.555684566497803,0.08567352592945099,0.305562287569046,0.044004619121551514,,,,dqn_icm,cartpole,dense,0.01,0.99,9,0.1
660,149.0,149,0.050000000000000044,0.008598320186138153,5.4727396965026855,0.07688157260417938,0.3416053056716919,0.040917590260505676,,,,dqn_icm,cartpole,dense,0.01,0.99,9,0.1
661,41.0,41,0.050000000000000044,0.06725527346134186,5.634707450866699,0.14475105702877045,0.3184143602848053,0.04685712605714798,,,,dqn_icm,cartpole,dense,0.01,0.99,9,0.1
662,50.0,50,0.050000000000000044,0.033742886036634445,5.324589729309082,0.14239642024040222,0.34762826561927795,0.06462307274341583,,,,dqn_icm,cartpole,dense,0.01,0.99,9,0.1
663,138.0,138,0.050000000000000044,0.02590923197567463,6.266557693481445,0.134968563914299,0.3807702660560608,0.05812761187553406,,,,dqn_icm,cartpole,dense,0.01,0.99,9,0.1
664,115.0,115,0.050000000000000044,0.06437290459871292,6.4491095542907715,0.22345954179763794,0.37436607480049133,0.048136062920093536,,,,dqn_icm,cartpole,dense,0.01,0.99,9,0.1
665,58.0,58,0.050000000000000044,0.06562429666519165,5.809216499328613,0.18565428256988525,0.3841833174228668,0.04413615167140961,,,,dqn_icm,cartpole,dense,0.01,0.99,9,0.1
666,161.0,161,0.050000000000000044,0.014384979382157326,6.2663679122924805,0.11677712202072144,0.3257277011871338,0.039057500660419464,,,,dqn_icm,cartpole,dense,0.01,0.99,9,0.1
667,61.0,61,0.050000000000000044,0.01633111946284771,6.497005462646484,0.1347961127758026,0.3987380862236023,0.056954529136419296,,,,dqn_icm,cartpole,dense,0.01,0.99,9,0.1
668,44.0,44,0.050000000000000044,0.009681370109319687,6.526987552642822,0.11060649156570435,0.36321043968200684,0.037226419895887375,,,,dqn_icm,cartpole,dense,0.01,0.99,9,0.1
669,156.0,156,0.050000000000000044,0.01145650539547205,6.296294212341309,0.1073317602276802,0.34941568970680237,0.042323291301727295,,,,dqn_icm,cartpole,dense,0.01,0.99,9,0.1
670,73.0,73,0.050000000000000044,0.010828908532857895,6.272592544555664,0.09367892146110535,0.3543083071708679,0.0398392416536808,,,,dqn_icm,cartpole,dense,0.01,0.99,9,0.1
671,120.0,120,0.050000000000000044,0.00872678030282259,6.399477958679199,0.08182626962661743,0.3251819610595703,0.04167227819561958,,,,dqn_icm,cartpole,dense,0.01,0.99,9,0.1
672,82.0,82,0.050000000000000044,0.011621366254985332,6.412880897521973,0.10777832567691803,0.31959307193756104,0.0433824397623539,,,,dqn_icm,cartpole,dense,0.01,0.99,9,0.1
673,93.0,93,0.050000000000000044,0.008580198511481285,6.22566032409668,0.09706716239452362,0.31677746772766113,0.03883972764015198,,,,dqn_icm,cartpole,dense,0.01,0.99,9,0.1
674,47.0,47,0.050000000000000044,0.007434903644025326,6.697772026062012,0.08012562990188599,0.3105924427509308,0.04567806422710419,,,,dqn_icm,cartpole,dense,0.01,0.99,9,0.1
675,111.0,111,0.050000000000000044,0.14562571048736572,6.156713962554932,0.24593012034893036,0.2990172803401947,0.03974549472332001,,,,dqn_icm,cartpole,dense,0.01,0.99,9,0.1
676,46.0,46,0.050000000000000044,0.010534596629440784,6.001630783081055,0.09352411329746246,0.29471680521965027,0.03236348554491997,,,,dqn_icm,cartpole,dense,0.01,0.99,9,0.1
677,43.0,43,0.050000000000000044,0.010056243278086185,6.594735145568848,0.080966055393219,0.29278823733329773,0.03318885713815689,,,,dqn_icm,cartpole,dense,0.01,0.99,9,0.1
678,103.0,103,0.050000000000000044,0.026269257068634033,6.578090667724609,0.11076505482196808,0.3206250071525574,0.045169807970523834,,,,dqn_icm,cartpole,dense,0.01,0.99,9,0.1
679,47.0,47,0.050000000000000044,0.07784906029701233,6.186224937438965,0.16618160903453827,0.2924472391605377,0.03450627997517586,,,,dqn_icm,cartpole,dense,0.01,0.99,9,0.1
680,122.0,122,0.050000000000000044,0.02897554636001587,6.117063522338867,0.09264734387397766,0.3043726682662964,0.0393393374979496,,,,dqn_icm,cartpole,dense,0.01,0.99,9,0.1
681,136.0,136,0.050000000000000044,0.09853558242321014,6.65800666809082,0.1753864735364914,0.315086305141449,0.04296773672103882,,,,dqn_icm,cartpole,dense,0.01,0.99,9,0.1
682,79.0,79,0.050000000000000044,0.0065350038930773735,6.511460304260254,0.06856678426265717,0.2998991310596466,0.05698290467262268,,,,dqn_icm,cartpole,dense,0.01,0.99,9,0.1
683,66.0,66,0.050000000000000044,0.00862977746874094,6.801636695861816,0.07564431428909302,0.2946137487888336,0.04062623530626297,,,,dqn_icm,cartpole,dense,0.01,0.99,9,0.1
684,120.0,120,0.050000000000000044,0.30176159739494324,8.025089263916016,0.7020139098167419,0.3252386450767517,0.03884383291006088,,,,dqn_icm,cartpole,dense,0.01,0.99,9,0.1
685,61.0,61,0.050000000000000044,0.034336917102336884,7.118016719818115,0.19103547930717468,0.29415446519851685,0.0539255291223526,,,,dqn_icm,cartpole,dense,0.01,0.99,9,0.1
686,116.0,116,0.050000000000000044,0.007986467331647873,7.566873550415039,0.09726408123970032,0.2542257308959961,0.043367840349674225,,,,dqn_icm,cartpole,dense,0.01,0.99,9,0.1
687,17.0,17,0.050000000000000044,0.012813352048397064,7.429637908935547,0.08684976398944855,0.2904342710971832,0.04474833607673645,,,,dqn_icm,cartpole,dense,0.01,0.99,9,0.1
688,107.0,107,0.050000000000000044,0.018494991585612297,7.080678462982178,0.11999320983886719,0.26779595017433167,0.04902929812669754,,,,dqn_icm,cartpole,dense,0.01,0.99,9,0.1
689,44.0,44,0.050000000000000044,0.07835160940885544,7.437901496887207,0.201811283826828,0.30376726388931274,0.06344713270664215,,,,dqn_icm,cartpole,dense,0.01,0.99,9,0.1
690,197.0,197,0.050000000000000044,0.12743787467479706,7.580170631408691,0.23661959171295166,0.27688437700271606,0.038911134004592896,,,,dqn_icm,cartpole,dense,0.01,0.99,9,0.1
691,62.0,62,0.050000000000000044,0.022079940885305405,7.207109451293945,0.11863511800765991,0.26334482431411743,0.05706145614385605,,,,dqn_icm,cartpole,dense,0.01,0.99,9,0.1
692,56.0,56,0.050000000000000044,0.01943124085664749,7.566400527954102,0.1407199203968048,0.249031662940979,0.04227361083030701,,,,dqn_icm,cartpole,dense,0.01,0.99,9,0.1
693,136.0,136,0.050000000000000044,0.023852918297052383,7.336505889892578,0.16506582498550415,0.24924971163272858,0.04813840985298157,,,,dqn_icm,cartpole,dense,0.01,0.99,9,0.1
694,203.0,203,0.050000000000000044,0.013671418651938438,6.882809638977051,0.11901465058326721,0.2531951665878296,0.03725302964448929,,,,dqn_icm,cartpole,dense,0.01,0.99,9,0.1
695,182.0,182,0.050000000000000044,0.06334725767374039,7.304924964904785,0.14398357272148132,0.24756735563278198,0.050840068608522415,,,,dqn_icm,cartpole,dense,0.01,0.99,9,0.1
696,145.0,145,0.050000000000000044,0.12141189724206924,7.118135452270508,0.2567761242389679,0.24036656320095062,0.0534825399518013,,,,dqn_icm,cartpole,dense,0.01,0.99,9,0.1
697,147.0,147,0.050000000000000044,0.013411898165941238,7.132124900817871,0.09885172545909882,0.24411070346832275,0.050587039440870285,,,,dqn_icm,cartpole,dense,0.01,0.99,9,0.1
698,115.0,115,0.050000000000000044,0.044554486870765686,7.391515731811523,0.12373343855142593,0.24447101354599,0.05316656082868576,,,,dqn_icm,cartpole,dense,0.01,0.99,9,0.1
699,117.0,117,0.050000000000000044,0.004115010611712933,7.810027122497559,0.06008615344762802,0.22234396636486053,0.046528324484825134,,,,dqn_icm,cartpole,dense,0.01,0.99,9,0.1
700,57.0,57,0.050000000000000044,0.00912553258240223,7.210779190063477,0.07482428848743439,0.23054420948028564,0.05211970955133438,206.4,70.87764104426728,206.4,dqn_icm,cartpole,dense,0.01,0.99,9,0.1
701,177.0,177,0.050000000000000044,0.02313946932554245,6.85981559753418,0.11005507409572601,0.20816896855831146,0.052142783999443054,,,,dqn_icm,cartpole,dense,0.01,0.99,9,0.1
702,25.0,25,0.050000000000000044,0.06181931123137474,7.8809027671813965,0.14842091500759125,0.21465955674648285,0.043249063193798065,,,,dqn_icm,cartpole,dense,0.01,0.99,9,0.1
703,133.0,133,0.050000000000000044,0.04263082146644592,7.9387407302856445,0.24623709917068481,0.21909081935882568,0.05660984292626381,,,,dqn_icm,cartpole,dense,0.01,0.99,9,0.1
704,69.0,69,0.050000000000000044,0.017949601635336876,8.625936508178711,0.09604184329509735,0.19435353577136993,0.054083459079265594,,,,dqn_icm,cartpole,dense,0.01,0.99,9,0.1
705,157.0,157,0.050000000000000044,0.035698115825653076,7.986906051635742,0.12422741949558258,0.22985966503620148,0.05229910463094711,,,,dqn_icm,cartpole,dense,0.01,0.99,9,0.1
706,35.0,35,0.050000000000000044,0.004957572557032108,8.214860916137695,0.06732826679944992,0.21334825456142426,0.04882359504699707,,,,dqn_icm,cartpole,dense,0.01,0.99,9,0.1
707,100.0,100,0.050000000000000044,0.1405804604291916,8.6153564453125,0.22446613013744354,0.22069357335567474,0.04662424325942993,,,,dqn_icm,cartpole,dense,0.01,0.99,9,0.1
708,73.0,73,0.050000000000000044,0.00564083456993103,7.787468910217285,0.06845726072788239,0.19241024553775787,0.05480726435780525,,,,dqn_icm,cartpole,dense,0.01,0.99,9,0.1
709,57.0,57,0.050000000000000044,0.031894780695438385,7.953526973724365,0.14797711372375488,0.20506784319877625,0.050813741981983185,,,,dqn_icm,cartpole,dense,0.01,0.99,9,0.1
710,103.0,103,0.050000000000000044,0.00975574366748333,8.064873695373535,0.08124807476997375,0.19460149109363556,0.052926260977983475,,,,dqn_icm,cartpole,dense,0.01,0.99,9,0.1
711,60.0,60,0.050000000000000044,0.006248086225241423,8.165019989013672,0.07644768059253693,0.19648626446723938,0.04808560013771057,,,,dqn_icm,cartpole,dense,0.01,0.99,9,0.1
712,83.0,83,0.050000000000000044,0.13724228739738464,8.150575637817383,0.22688952088356018,0.1994292140007019,0.057803310453891754,,,,dqn_icm,cartpole,dense,0.01,0.99,9,0.1
713,81.0,81,0.050000000000000044,0.013881606049835682,8.053183555603027,0.09065912663936615,0.1848449856042862,0.03769687935709953,,,,dqn_icm,cartpole,dense,0.01,0.99,9,0.1
714,104.0,104,0.050000000000000044,0.010399367660284042,8.072802543640137,0.09536027908325195,0.180316761136055,0.04690157622098923,,,,dqn_icm,cartpole,dense,0.01,0.99,9,0.1
715,185.0,185,0.050000000000000044,0.007987267337739468,8.486335754394531,0.058274395763874054,0.1825013905763626,0.04853381961584091,,,,dqn_icm,cartpole,dense,0.01,0.99,9,0.1
716,118.0,118,0.050000000000000044,0.06456242501735687,7.860830307006836,0.16632860898971558,0.17437098920345306,0.05582471564412117,,,,dqn_icm,cartpole,dense,0.01,0.99,9,0.1
717,180.0,180,0.050000000000000044,0.018687259405851364,8.565055847167969,0.11086830496788025,0.1637139469385147,0.04958030581474304,,,,dqn_icm,cartpole,dense,0.01,0.99,9,0.1
718,130.0,130,0.050000000000000044,0.03273564949631691,8.342524528503418,0.14122609794139862,0.171526700258255,0.06484463810920715,,,,dqn_icm,cartpole,dense,0.01,0.99,9,0.1
719,45.0,45,0.050000000000000044,0.18376120924949646,7.906840801239014,0.28959187865257263,0.15443819761276245,0.058262716978788376,,,,dqn_icm,cartpole,dense,0.01,0.99,9,0.1
720,291.0,291,0.050000000000000044,0.00734971696510911,8.014167785644531,0.09196893870830536,0.16241240501403809,0.05030609667301178,,,,dqn_icm,cartpole,dense,0.01,0.99,9,0.1
721,32.0,32,0.050000000000000044,0.22566640377044678,9.049715995788574,0.6085434556007385,0.13508667051792145,0.05508584529161453,,,,dqn_icm,cartpole,dense,0.01,0.99,9,0.1
722,136.0,136,0.050000000000000044,0.01746554486453533,9.283327102661133,0.10721077769994736,0.15060041844844818,0.04239083081483841,,,,dqn_icm,cartpole,dense,0.01,0.99,9,0.1
723,105.0,105,0.050000000000000044,0.022935986518859863,9.095123291015625,0.11044163256883621,0.1491626650094986,0.05150926858186722,,,,dqn_icm,cartpole,dense,0.01,0.99,9,0.1
724,28.0,28,0.050000000000000044,0.13734179735183716,8.69757080078125,0.266641765832901,0.14521589875221252,0.05779646337032318,,,,dqn_icm,cartpole,dense,0.01,0.99,9,0.1
725,31.0,31,0.050000000000000044,0.013660972937941551,9.144925117492676,0.08505581319332123,0.14521589875221252,0.05779646337032318,,,,dqn_icm,cartpole,dense,0.01,0.99,9,0.1
726,147.0,147,0.050000000000000044,0.06912302225828171,8.74453067779541,0.16484928131103516,0.14698763191699982,0.04761286824941635,,,,dqn_icm,cartpole,dense,0.01,0.99,9,0.1
727,75.0,75,0.050000000000000044,0.01145047415047884,8.77853775024414,0.0936112254858017,0.12142214179039001,0.04588261991739273,,,,dqn_icm,cartpole,dense,0.01,0.99,9,0.1
728,53.0,53,0.050000000000000044,0.00880214013159275,8.972293853759766,0.07804905623197556,0.1275152862071991,0.05148284137248993,,,,dqn_icm,cartpole,dense,0.01,0.99,9,0.1
729,134.0,134,0.050000000000000044,0.11091707646846771,8.744060516357422,0.20686748623847961,0.12356812506914139,0.05343504622578621,,,,dqn_icm,cartpole,dense,0.01,0.99,9,0.1
730,144.0,144,0.050000000000000044,0.0062056672759354115,9.316293716430664,0.06663981080055237,0.12365881353616714,0.04097013175487518,,,,dqn_icm,cartpole,dense,0.01,0.99,9,0.1
731,20.0,20,0.050000000000000044,0.03364485874772072,8.818925857543945,0.10454715043306351,0.12137113511562347,0.03876414895057678,,,,dqn_icm,cartpole,dense,0.01,0.99,9,0.1
732,81.0,81,0.050000000000000044,0.007547618355602026,9.010787010192871,0.06335373222827911,0.128605917096138,0.06461510062217712,,,,dqn_icm,cartpole,dense,0.01,0.99,9,0.1
733,16.0,16,0.050000000000000044,0.004498887807130814,8.973967552185059,0.07092262804508209,0.128605917096138,0.06461510062217712,,,,dqn_icm,cartpole,dense,0.01,0.99,9,0.1
734,120.0,120,0.050000000000000044,0.007088565267622471,9.013175964355469,0.06747181713581085,0.1275940239429474,0.0552171990275383,,,,dqn_icm,cartpole,dense,0.01,0.99,9,0.1
735,78.0,78,0.050000000000000044,0.19019727408885956,9.089336395263672,0.2560611367225647,0.12404292076826096,0.06747423857450485,,,,dqn_icm,cartpole,dense,0.01,0.99,9,0.1
736,157.0,157,0.050000000000000044,0.010843504220247269,9.472034454345703,0.08626171946525574,0.11716237664222717,0.04068949073553085,,,,dqn_icm,cartpole,dense,0.01,0.99,9,0.1
737,64.0,64,0.050000000000000044,0.0070152911357581615,8.982756614685059,0.056155480444431305,0.11698736995458603,0.05574321746826172,,,,dqn_icm,cartpole,dense,0.01,0.99,9,0.1
738,129.0,129,0.050000000000000044,0.027491459622979164,8.98538589477539,0.10908126831054688,0.09948617219924927,0.05308373644948006,,,,dqn_icm,cartpole,dense,0.01,0.99,9,0.1
739,63.0,63,0.050000000000000044,0.013768148608505726,9.159375190734863,0.13045893609523773,0.11839161068201065,0.05448806285858154,,,,dqn_icm,cartpole,dense,0.01,0.99,9,0.1
740,49.0,49,0.050000000000000044,0.016933858394622803,9.0450439453125,0.10220667719841003,0.11048004776239395,0.06458605080842972,,,,dqn_icm,cartpole,dense,0.01,0.99,9,0.1
741,96.0,96,0.050000000000000044,0.025281816720962524,8.996522903442383,0.10212931036949158,0.11150973290205002,0.05271674692630768,,,,dqn_icm,cartpole,dense,0.01,0.99,9,0.1
742,73.0,73,0.050000000000000044,0.02389737032353878,9.181337356567383,0.1166665256023407,0.1043342724442482,0.06301912665367126,,,,dqn_icm,cartpole,dense,0.01,0.99,9,0.1
743,42.0,42,0.050000000000000044,0.008352050557732582,9.453121185302734,0.10088486969470978,0.1003640666604042,0.06276742368936539,,,,dqn_icm,cartpole,dense,0.01,0.99,9,0.1
744,19.0,19,0.050000000000000044,0.07979559898376465,9.01597785949707,0.16853247582912445,0.1003640666604042,0.06276742368936539,,,,dqn_icm,cartpole,dense,0.01,0.99,9,0.1
745,74.0,74,0.050000000000000044,0.011663198471069336,8.719694137573242,0.0871349349617958,0.10062075406312943,0.045637346804142,,,,dqn_icm,cartpole,dense,0.01,0.99,9,0.1
746,22.0,22,0.050000000000000044,0.024010471999645233,9.049090385437012,0.12259608507156372,0.10127858817577362,0.053737737238407135,,,,dqn_icm,cartpole,dense,0.01,0.99,9,0.1
747,90.0,90,0.050000000000000044,0.1938023865222931,10.039841651916504,0.35799604654312134,0.10827836394309998,0.062036290764808655,,,,dqn_icm,cartpole,dense,0.01,0.99,9,0.1
748,35.0,35,0.050000000000000044,0.284819632768631,9.929302215576172,0.5836831331253052,0.09772805124521255,0.0455998033285141,,,,dqn_icm,cartpole,dense,0.01,0.99,9,0.1
749,101.0,101,0.050000000000000044,0.33259087800979614,9.6591796875,0.4861725866794586,0.10756562650203705,0.06199029088020325,,,,dqn_icm,cartpole,dense,0.01,0.99,9,0.1
750,38.0,38,0.050000000000000044,0.05150150507688522,10.272445678710938,0.17419084906578064,0.10357949882745743,0.07736729085445404,13.9,1.57797338380595,13.9,dqn_icm,cartpole,dense,0.01,0.99,9,0.1
751,104.0,104,0.050000000000000044,0.054155632853507996,10.39703369140625,0.12143740803003311,0.10540042817592621,0.058580659329891205,,,,dqn_icm,cartpole,dense,0.01,0.99,9,0.1
752,92.0,92,0.050000000000000044,0.004559675697237253,10.591392517089844,0.07278686761856079,0.0945761576294899,0.057454660534858704,,,,dqn_icm,cartpole,dense,0.01,0.99,9,0.1
753,28.0,28,0.050000000000000044,0.03762655705213547,9.54597282409668,0.17151889204978943,0.09957340359687805,0.05102416127920151,,,,dqn_icm,cartpole,dense,0.01,0.99,9,0.1
754,62.0,62,0.050000000000000044,0.006298873573541641,9.94223690032959,0.07463006675243378,0.09525452554225922,0.05977766215801239,,,,dqn_icm,cartpole,dense,0.01,0.99,9,0.1
755,34.0,34,0.050000000000000044,0.030581941828131676,9.51130485534668,0.13510948419570923,0.09525452554225922,0.05977766215801239,,,,dqn_icm,cartpole,dense,0.01,0.99,9,0.1
756,127.0,127,0.050000000000000044,0.011319108307361603,10.01606273651123,0.11480528861284256,0.08622539788484573,0.04447907954454422,,,,dqn_icm,cartpole,dense,0.01,0.99,9,0.1
757,115.0,115,0.050000000000000044,0.003947620280086994,9.86906623840332,0.06862223148345947,0.09096424281597137,0.04617592692375183,,,,dqn_icm,cartpole,dense,0.01,0.99,9,0.1
758,53.0,53,0.050000000000000044,0.1476452499628067,10.017930030822754,0.2367546558380127,0.08032938092947006,0.053116247057914734,,,,dqn_icm,cartpole,dense,0.01,0.99,9,0.1
759,35.0,35,0.050000000000000044,0.006178727373480797,10.181782722473145,0.05205535516142845,0.09461271017789841,0.06719447672367096,,,,dqn_icm,cartpole,dense,0.01,0.99,9,0.1
760,85.0,85,0.050000000000000044,0.00794631615281105,9.470046997070312,0.09414622187614441,0.0840066596865654,0.0444130077958107,,,,dqn_icm,cartpole,dense,0.01,0.99,9,0.1
761,105.0,105,0.050000000000000044,0.0478571392595768,10.01213264465332,0.12838716804981232,0.08422156423330307,0.060122858732938766,,,,dqn_icm,cartpole,dense,0.01,0.99,9,0.1
762,70.0,70,0.050000000000000044,0.04939070716500282,9.697659492492676,0.11601180583238602,0.08157162368297577,0.06071603298187256,,,,dqn_icm,cartpole,dense,0.01,0.99,9,0.1
763,48.0,48,0.050000000000000044,0.02034524455666542,9.97100830078125,0.10815919190645218,0.08273355662822723,0.05923091247677803,,,,dqn_icm,cartpole,dense,0.01,0.99,9,0.1
764,11.0,11,0.050000000000000044,0.041832976043224335,10.318184852600098,0.1455223560333252,0.076837457716465,0.05885004624724388,,,,dqn_icm,cartpole,dense,0.01,0.99,9,0.1
765,209.0,209,0.050000000000000044,0.034168560057878494,9.344615936279297,0.12114095687866211,0.07926034927368164,0.04831548035144806,,,,dqn_icm,cartpole,dense,0.01,0.99,9,0.1
766,230.0,230,0.050000000000000044,0.021629733964800835,9.912359237670898,0.13930562138557434,0.0806165486574173,0.05069345235824585,,,,dqn_icm,cartpole,dense,0.01,0.99,9,0.1
767,12.0,12,0.050000000000000044,0.037503648549318314,10.2972412109375,0.23622313141822815,0.0806165486574173,0.05069345235824585,,,,dqn_icm,cartpole,dense,0.01,0.99,9,0.1
768,90.0,90,0.050000000000000044,0.06302956491708755,10.458154678344727,0.1899918019771576,0.07357707619667053,0.050307609140872955,,,,dqn_icm,cartpole,dense,0.01,0.99,9,0.1
769,97.0,97,0.050000000000000044,0.01257254183292389,9.550838470458984,0.12745432555675507,0.07425979524850845,0.04683050140738487,,,,dqn_icm,cartpole,dense,0.01,0.99,9,0.1
770,100.0,100,0.050000000000000044,0.07998251169919968,9.848033905029297,0.14416417479515076,0.07238642126321793,0.0444285050034523,,,,dqn_icm,cartpole,dense,0.01,0.99,9,0.1
771,90.0,90,0.050000000000000044,0.25523287057876587,10.269312858581543,0.513696551322937,0.0696832686662674,0.0643877387046814,,,,dqn_icm,cartpole,dense,0.01,0.99,9,0.1
772,22.0,22,0.050000000000000044,0.11191441118717194,11.19718074798584,0.3120255470275879,0.0635465607047081,0.04691135883331299,,,,dqn_icm,cartpole,dense,0.01,0.99,9,0.1
773,180.0,180,0.050000000000000044,0.18335716426372528,10.395866394042969,0.30337586998939514,0.0625486969947815,0.03678496927022934,,,,dqn_icm,cartpole,dense,0.01,0.99,9,0.1
774,107.0,107,0.050000000000000044,0.009256895631551743,11.056734085083008,0.09014102816581726,0.06851796805858612,0.065775066614151,,,,dqn_icm,cartpole,dense,0.01,0.99,9,0.1
775,104.0,104,0.050000000000000044,0.08868148922920227,10.751688003540039,0.19510042667388916,0.07497373223304749,0.057365842163562775,,,,dqn_icm,cartpole,dense,0.01,0.99,9,0.1
776,62.0,62,0.050000000000000044,0.038076892495155334,10.969802856445312,0.1752166450023651,0.07202152162790298,0.05408419668674469,,,,dqn_icm,cartpole,dense,0.01,0.99,9,0.1
777,19.0,19,0.050000000000000044,0.018681056797504425,11.152693748474121,0.14267165958881378,0.06676383316516876,0.05556684359908104,,,,dqn_icm,cartpole,dense,0.01,0.99,9,0.1
778,13.0,13,0.050000000000000044,0.009752826765179634,11.438089370727539,0.10768581181764603,0.06676383316516876,0.05556684359908104,,,,dqn_icm,cartpole,dense,0.01,0.99,9,0.1
779,30.0,30,0.050000000000000044,0.02735995501279831,11.190534591674805,0.13970141112804413,0.0644679144024849,0.05244163051247597,,,,dqn_icm,cartpole,dense,0.01,0.99,9,0.1
780,56.0,56,0.050000000000000044,0.021549230441451073,10.711069107055664,0.09615696966648102,0.06069211661815643,0.05019787698984146,,,,dqn_icm,cartpole,dense,0.01,0.99,9,0.1
781,48.0,48,0.050000000000000044,0.019414369016885757,10.816614151000977,0.12783199548721313,0.0622195266187191,0.050448961555957794,,,,dqn_icm,cartpole,dense,0.01,0.99,9,0.1
782,17.0,17,0.050000000000000044,0.19002942740917206,10.592399597167969,0.28616589307785034,0.0629979744553566,0.05527060478925705,,,,dqn_icm,cartpole,dense,0.01,0.99,9,0.1
783,101.0,101,0.050000000000000044,0.016325032338500023,10.58114242553711,0.09598006308078766,0.06351856887340546,0.05628335475921631,,,,dqn_icm,cartpole,dense,0.01,0.99,9,0.1
784,47.0,47,0.050000000000000044,0.012436587363481522,10.857723236083984,0.10682956874370575,0.062091436237096786,0.05423308163881302,,,,dqn_icm,cartpole,dense,0.01,0.99,9,0.1
785,161.0,161,0.050000000000000044,0.03762717545032501,10.68216609954834,0.14294353127479553,0.05724847689270973,0.03833795338869095,,,,dqn_icm,cartpole,dense,0.01,0.99,9,0.1
786,172.0,172,0.050000000000000044,0.006760644726455212,10.405540466308594,0.07548318803310394,0.054363176226615906,0.04616190865635872,,,,dqn_icm,cartpole,dense,0.01,0.99,9,0.1
787,42.0,42,0.050000000000000044,0.04229919612407684,10.441091537475586,0.09688375145196915,0.056491367518901825,0.05146278068423271,,,,dqn_icm,cartpole,dense,0.01,0.99,9,0.1
788,25.0,25,0.050000000000000044,0.1382162868976593,9.706124305725098,0.22716793417930603,0.056491367518901825,0.05146278068423271,,,,dqn_icm,cartpole,dense,0.01,0.99,9,0.1
789,111.0,111,0.050000000000000044,0.004027302842587233,11.33238410949707,0.05073726922273636,0.05705428496003151,0.04552823677659035,,,,dqn_icm,cartpole,dense,0.01,0.99,9,0.1
790,81.0,81,0.050000000000000044,0.01145120058208704,11.155373573303223,0.08210050314664841,0.05041167885065079,0.04205334186553955,,,,dqn_icm,cartpole,dense,0.01,0.99,9,0.1
791,84.0,84,0.050000000000000044,0.006216459907591343,11.159248352050781,0.0887473002076149,0.05797284096479416,0.05122470110654831,,,,dqn_icm,cartpole,dense,0.01,0.99,9,0.1
792,99.0,99,0.050000000000000044,0.0631372481584549,11.177141189575195,0.22030670940876007,0.05710489675402641,0.05382417142391205,,,,dqn_icm,cartpole,dense,0.01,0.99,9,0.1
793,40.0,40,0.050000000000000044,0.011935950256884098,11.219745635986328,0.084042489528656,0.05614563077688217,0.047288015484809875,,,,dqn_icm,cartpole,dense,0.01,0.99,9,0.1
794,102.0,102,0.050000000000000044,0.025531822815537453,10.698317527770996,0.11422823369503021,0.053848519921302795,0.06132129579782486,,,,dqn_icm,cartpole,dense,0.01,0.99,9,0.1
795,62.0,62,0.050000000000000044,0.01762266829609871,10.29349136352539,0.11069709807634354,0.05374538525938988,0.05808253586292267,,,,dqn_icm,cartpole,dense,0.01,0.99,9,0.1
796,16.0,16,0.050000000000000044,0.009058534167706966,10.700180053710938,0.10343621671199799,0.05374538525938988,0.05808253586292267,,,,dqn_icm,cartpole,dense,0.01,0.99,9,0.1
797,124.0,124,0.050000000000000044,0.006520803086459637,11.334001541137695,0.07685940712690353,0.05291840434074402,0.060998156666755676,,,,dqn_icm,cartpole,dense,0.01,0.99,9,0.1
798,27.0,27,0.050000000000000044,0.09067501127719879,10.8165283203125,0.17351029813289642,0.04978479817509651,0.04922548681497574,,,,dqn_icm,cartpole,dense,0.01,0.99,9,0.1
799,107.0,107,0.050000000000000044,0.013285856693983078,11.96954345703125,0.0865631029009819,0.052675679326057434,0.04872883856296539,,,,dqn_icm,cartpole,dense,0.01,0.99,9,0.1
800,50.0,50,0.050000000000000044,0.344855397939682,12.023163795471191,0.534794807434082,0.05509544163942337,0.05535569787025452,70.1,19.15437286887775,70.1,dqn_icm,cartpole,dense,0.01,0.99,9,0.1
801,19.0,19,0.050000000000000044,0.1419527679681778,12.42721176147461,0.24418555200099945,0.05255547910928726,0.060081847012043,,,,dqn_icm,cartpole,dense,0.01,0.99,9,0.1
802,40.0,40,0.050000000000000044,0.4910607635974884,11.658210754394531,0.5863244533538818,0.05169489607214928,0.04735169932246208,,,,dqn_icm,cartpole,dense,0.01,0.99,9,0.1
803,33.0,33,0.050000000000000044,0.06667539477348328,11.575424194335938,0.17749512195587158,0.05169489607214928,0.04735169932246208,,,,dqn_icm,cartpole,dense,0.01,0.99,9,0.1
804,36.0,36,0.050000000000000044,0.03600606322288513,11.881254196166992,0.1778048276901245,0.0514431856572628,0.0650431215763092,,,,dqn_icm,cartpole,dense,0.01,0.99,9,0.1
805,14.0,14,0.050000000000000044,0.038433417677879333,11.428525924682617,0.12925419211387634,0.04921666160225868,0.039672594517469406,,,,dqn_icm,cartpole,dense,0.01,0.99,9,0.1
806,36.0,36,0.050000000000000044,0.03967975080013275,11.011871337890625,0.21948321163654327,0.04552534967660904,0.048195309937000275,,,,dqn_icm,cartpole,dense,0.01,0.99,9,0.1
807,26.0,26,0.050000000000000044,0.06330598145723343,11.608234405517578,0.21008910238742828,0.04552534967660904,0.048195309937000275,,,,dqn_icm,cartpole,dense,0.01,0.99,9,0.1
808,64.0,64,0.050000000000000044,0.011671235784888268,12.39455795288086,0.13267642259597778,0.045144036412239075,0.046758562326431274,,,,dqn_icm,cartpole,dense,0.01,0.99,9,0.1
809,23.0,23,0.050000000000000044,0.03229885175824165,11.291481971740723,0.15845540165901184,0.045144036412239075,0.046758562326431274,,,,dqn_icm,cartpole,dense,0.01,0.99,9,0.1
810,18.0,18,0.050000000000000044,0.17352253198623657,11.977500915527344,0.3027955889701843,0.04510321840643883,0.04821840673685074,,,,dqn_icm,cartpole,dense,0.01,0.99,9,0.1
811,36.0,36,0.050000000000000044,0.030763912945985794,11.439935684204102,0.11569744348526001,0.04383004084229469,0.04587862640619278,,,,dqn_icm,cartpole,dense,0.01,0.99,9,0.1
812,103.0,103,0.050000000000000044,0.03748054429888725,11.540531158447266,0.1364012509584427,0.04396643117070198,0.05459398403763771,,,,dqn_icm,cartpole,dense,0.01,0.99,9,0.1
813,18.0,18,0.050000000000000044,0.041271064430475235,12.138899803161621,0.13724789023399353,0.04619859904050827,0.04991753771901131,,,,dqn_icm,cartpole,dense,0.01,0.99,9,0.1
814,52.0,52,0.050000000000000044,0.02949962206184864,11.195291519165039,0.17452794313430786,0.04665561392903328,0.04338962584733963,,,,dqn_icm,cartpole,dense,0.01,0.99,9,0.1
815,135.0,135,0.050000000000000044,0.014228405430912971,12.273080825805664,0.10319560766220093,0.043572261929512024,0.04366593062877655,,,,dqn_icm,cartpole,dense,0.01,0.99,9,0.1
816,95.0,95,0.050000000000000044,0.014401215128600597,11.899959564208984,0.11651506274938583,0.04709631949663162,0.057347849011421204,,,,dqn_icm,cartpole,dense,0.01,0.99,9,0.1
817,17.0,17,0.050000000000000044,0.01253508310765028,12.136737823486328,0.09436296671628952,0.04709631949663162,0.057347849011421204,,,,dqn_icm,cartpole,dense,0.01,0.99,9,0.1
818,104.0,104,0.050000000000000044,0.07890494912862778,12.117070198059082,0.1734747290611267,0.04317092150449753,0.04081428050994873,,,,dqn_icm,cartpole,dense,0.01,0.99,9,0.1
819,13.0,13,0.050000000000000044,0.28381627798080444,11.11170768737793,0.43410956859588623,0.04317092150449753,0.04081428050994873,,,,dqn_icm,cartpole,dense,0.01,0.99,9,0.1
820,149.0,149,0.050000000000000044,0.5056652426719666,11.285955429077148,0.6451874375343323,0.041523393243551254,0.05107542872428894,,,,dqn_icm,cartpole,dense,0.01,0.99,9,0.1
821,18.0,18,0.050000000000000044,0.029933001846075058,11.776029586791992,0.12768065929412842,0.041523393243551254,0.05107542872428894,,,,dqn_icm,cartpole,dense,0.01,0.99,9,0.1
822,12.0,12,0.050000000000000044,0.2002047896385193,12.006650924682617,0.3421589136123657,0.043763168156147,0.05109623074531555,,,,dqn_icm,cartpole,dense,0.01,0.99,9,0.1
823,34.0,34,0.050000000000000044,0.13662433624267578,11.36488151550293,0.2664192020893097,0.043763168156147,0.05109623074531555,,,,dqn_icm,cartpole,dense,0.01,0.99,9,0.1
824,66.0,66,0.050000000000000044,0.01608559861779213,11.700556755065918,0.13236837089061737,0.04127182438969612,0.047265052795410156,,,,dqn_icm,cartpole,dense,0.01,0.99,9,0.1
825,47.0,47,0.050000000000000044,0.009110407903790474,12.245992660522461,0.07798589766025543,0.045674361288547516,0.061359502375125885,,,,dqn_icm,cartpole,dense,0.01,0.99,9,0.1
826,18.0,18,0.050000000000000044,0.21282505989074707,11.87547779083252,0.3182761073112488,0.04320557415485382,0.06075621768832207,,,,dqn_icm,cartpole,dense,0.01,0.99,9,0.1
827,50.0,50,0.050000000000000044,0.187277689576149,11.262893676757812,0.2778857946395874,0.04294302687048912,0.05096439644694328,,,,dqn_icm,cartpole,dense,0.01,0.99,9,0.1
828,23.0,23,0.050000000000000044,0.006493822671473026,11.743160247802734,0.05862879380583763,0.04068044200539589,0.04704049602150917,,,,dqn_icm,cartpole,dense,0.01,0.99,9,0.1
829,59.0,59,0.050000000000000044,0.011268224567174911,11.366408348083496,0.1009826809167862,0.041911881417036057,0.05441134423017502,,,,dqn_icm,cartpole,dense,0.01,0.99,9,0.1
830,16.0,16,0.050000000000000044,0.025942198932170868,11.937936782836914,0.13529951870441437,0.041911881417036057,0.05441134423017502,,,,dqn_icm,cartpole,dense,0.01,0.99,9,0.1
831,80.0,80,0.050000000000000044,0.01516246423125267,11.144177436828613,0.10512801259756088,0.03967351093888283,0.051034022122621536,,,,dqn_icm,cartpole,dense,0.01,0.99,9,0.1
832,189.0,189,0.050000000000000044,0.40234556794166565,11.19165325164795,0.5122350454330444,0.037881456315517426,0.049020662903785706,,,,dqn_icm,cartpole,dense,0.01,0.99,9,0.1
833,51.0,51,0.050000000000000044,0.02609068714082241,11.049568176269531,0.12377522140741348,0.03782914951443672,0.04289407283067703,,,,dqn_icm,cartpole,dense,0.01,0.99,9,0.1
834,16.0,16,0.050000000000000044,0.053455840796232224,12.002564430236816,0.1256423145532608,0.03906223922967911,0.04910298436880112,,,,dqn_icm,cartpole,dense,0.01,0.99,9,0.1
835,49.0,49,0.050000000000000044,0.026620838791131973,11.884448051452637,0.11217661201953888,0.03752710297703743,0.04475557804107666,,,,dqn_icm,cartpole,dense,0.01,0.99,9,0.1
836,37.0,37,0.050000000000000044,0.005249147303402424,12.109450340270996,0.07399457693099976,0.03815537318587303,0.04658711329102516,,,,dqn_icm,cartpole,dense,0.01,0.99,9,0.1
837,41.0,41,0.050000000000000044,0.17550230026245117,11.862004280090332,0.25160256028175354,0.03846349939703941,0.04386131092905998,,,,dqn_icm,cartpole,dense,0.01,0.99,9,0.1
838,42.0,42,0.050000000000000044,0.23080304265022278,13.410161018371582,0.6418813467025757,0.04239648953080177,0.05407217890024185,,,,dqn_icm,cartpole,dense,0.01,0.99,9,0.1
839,69.0,69,0.050000000000000044,0.2718421220779419,12.268021583557129,0.4200190305709839,0.03832773491740227,0.05176931619644165,,,,dqn_icm,cartpole,dense,0.01,0.99,9,0.1
840,27.0,27,0.050000000000000044,0.043105244636535645,12.402534484863281,0.17309662699699402,0.03832773491740227,0.05176931619644165,,,,dqn_icm,cartpole,dense,0.01,0.99,9,0.1
841,65.0,65,0.050000000000000044,0.21101246774196625,12.060111999511719,0.34285491704940796,0.0371636338531971,0.04509079083800316,,,,dqn_icm,cartpole,dense,0.01,0.99,9,0.1
842,24.0,24,0.050000000000000044,0.02864687517285347,12.985630989074707,0.12582756578922272,0.04024601727724075,0.0492275096476078,,,,dqn_icm,cartpole,dense,0.01,0.99,9,0.1
843,16.0,16,0.050000000000000044,0.0485946461558342,12.214088439941406,0.1661568582057953,0.04024601727724075,0.0492275096476078,,,,dqn_icm,cartpole,dense,0.01,0.99,9,0.1
844,41.0,41,0.050000000000000044,0.01985284313559532,13.087406158447266,0.12015004456043243,0.03599835932254791,0.04187319055199623,,,,dqn_icm,cartpole,dense,0.01,0.99,9,0.1
845,56.0,56,0.050000000000000044,0.03947655111551285,12.509096145629883,0.14026981592178345,0.04118518531322479,0.054182857275009155,,,,dqn_icm,cartpole,dense,0.01,0.99,9,0.1
846,52.0,52,0.050000000000000044,0.1967538297176361,12.90378475189209,0.3046717643737793,0.03828920051455498,0.048680782318115234,,,,dqn_icm,cartpole,dense,0.01,0.99,9,0.1
847,161.0,161,0.050000000000000044,0.01948588155210018,12.793628692626953,0.12483958899974823,0.03960098326206207,0.05188118666410446,,,,dqn_icm,cartpole,dense,0.01,0.99,9,0.1
848,21.0,21,0.050000000000000044,0.0156689565628767,12.351948738098145,0.12716680765151978,0.03960098326206207,0.05188118666410446,,,,dqn_icm,cartpole,dense,0.01,0.99,9,0.1
849,95.0,95,0.050000000000000044,0.011050177738070488,12.48221492767334,0.08880121260881424,0.03275620564818382,0.04348723962903023,,,,dqn_icm,cartpole,dense,0.01,0.99,9,0.1
850,89.0,89,0.050000000000000044,0.21892447769641876,11.94606876373291,0.34780412912368774,0.03269565477967262,0.04294043034315109,40.4,29.570931672843855,40.4,dqn_icm,cartpole,dense,0.01,0.99,9,0.1
851,20.0,20,0.050000000000000044,0.21649660170078278,13.454057693481445,0.34412431716918945,0.03269565477967262,0.04294043034315109,,,,dqn_icm,cartpole,dense,0.01,0.99,9,0.1
852,18.0,18,0.050000000000000044,0.01882680505514145,13.164182662963867,0.10483670234680176,0.03379518911242485,0.046947941184043884,,,,dqn_icm,cartpole,dense,0.01,0.99,9,0.1
853,12.0,12,0.050000000000000044,0.17048965394496918,12.985278129577637,0.24606828391551971,0.03379518911242485,0.046947941184043884,,,,dqn_icm,cartpole,dense,0.01,0.99,9,0.1
854,51.0,51,0.050000000000000044,0.014004540629684925,12.559537887573242,0.1074729710817337,0.03546411544084549,0.04036162793636322,,,,dqn_icm,cartpole,dense,0.01,0.99,9,0.1
855,70.0,70,0.050000000000000044,0.01165351178497076,12.636465072631836,0.07078639417886734,0.03502235561609268,0.045668281614780426,,,,dqn_icm,cartpole,dense,0.01,0.99,9,0.1
856,17.0,17,0.050000000000000044,0.23828347027301788,12.664491653442383,0.3601553738117218,0.03404782712459564,0.04348083585500717,,,,dqn_icm,cartpole,dense,0.01,0.99,9,0.1
857,35.0,35,0.050000000000000044,0.02623085305094719,12.452253341674805,0.1273997724056244,0.03440352901816368,0.056277379393577576,,,,dqn_icm,cartpole,dense,0.01,0.99,9,0.1
858,28.0,28,0.050000000000000044,0.13483749330043793,12.407686233520508,0.25926417112350464,0.03440352901816368,0.056277379393577576,,,,dqn_icm,cartpole,dense,0.01,0.99,9,0.1
859,15.0,15,0.050000000000000044,0.3300800323486328,13.157755851745605,0.48605358600616455,0.03421931713819504,0.04483653977513313,,,,dqn_icm,cartpole,dense,0.01,0.99,9,0.1
860,12.0,12,0.050000000000000044,0.024323061108589172,12.937021255493164,0.1388961374759674,0.03421931713819504,0.04483653977513313,,,,dqn_icm,cartpole,dense,0.01,0.99,9,0.1
861,22.0,22,0.050000000000000044,0.08838443458080292,12.429698944091797,0.24918845295906067,0.03421931713819504,0.04483653977513313,,,,dqn_icm,cartpole,dense,0.01,0.99,9,0.1
862,103.0,103,0.050000000000000044,0.013340206816792488,12.68537712097168,0.09890154004096985,0.03333716467022896,0.0457158163189888,,,,dqn_icm,cartpole,dense,0.01,0.99,9,0.1
863,33.0,33,0.050000000000000044,0.3637414276599884,12.46811580657959,0.4636434018611908,0.03577806055545807,0.0408891886472702,,,,dqn_icm,cartpole,dense,0.01,0.99,9,0.1
864,50.0,50,0.050000000000000044,0.20302526652812958,12.482746124267578,0.28228262066841125,0.034399524331092834,0.054625071585178375,,,,dqn_icm,cartpole,dense,0.01,0.99,9,0.1
865,11.0,11,0.050000000000000044,0.026893973350524902,12.583048820495605,0.10170793533325195,0.034399524331092834,0.054625071585178375,,,,dqn_icm,cartpole,dense,0.01,0.99,9,0.1
866,91.0,91,0.050000000000000044,0.017912041395902634,12.645403861999512,0.08379548788070679,0.030771901831030846,0.03922349214553833,,,,dqn_icm,cartpole,dense,0.01,0.99,9,0.1
867,15.0,15,0.050000000000000044,0.5972238779067993,12.164628982543945,0.7434935569763184,0.030771901831030846,0.03922349214553833,,,,dqn_icm,cartpole,dense,0.01,0.99,9,0.1
868,128.0,128,0.050000000000000044,0.21390637755393982,13.300931930541992,0.29584723711013794,0.032690681517124176,0.04880105331540108,,,,dqn_icm,cartpole,dense,0.01,0.99,9,0.1
869,12.0,12,0.050000000000000044,0.21594037115573883,12.58659839630127,0.3534339666366577,0.03159136325120926,0.03678740933537483,,,,dqn_icm,cartpole,dense,0.01,0.99,9,0.1
870,147.0,147,0.050000000000000044,0.007945545949041843,12.385503768920898,0.08248914033174515,0.03311055153608322,0.03883005678653717,,,,dqn_icm,cartpole,dense,0.01,0.99,9,0.1
871,56.0,56,0.050000000000000044,0.024223748594522476,12.621402740478516,0.11675988882780075,0.031026851385831833,0.045930154621601105,,,,dqn_icm,cartpole,dense,0.01,0.99,9,0.1
872,18.0,18,0.050000000000000044,0.3903746008872986,12.898123741149902,0.4693409502506256,0.031026851385831833,0.045930154621601105,,,,dqn_icm,cartpole,dense,0.01,0.99,9,0.1
873,27.0,27,0.050000000000000044,0.13076667487621307,13.187725067138672,0.21432486176490784,0.03488871827721596,0.05407461151480675,,,,dqn_icm,cartpole,dense,0.01,0.99,9,0.1
874,18.0,18,0.050000000000000044,0.00778378639370203,13.153396606445312,0.08268168568611145,0.03488871827721596,0.05407461151480675,,,,dqn_icm,cartpole,dense,0.01,0.99,9,0.1
875,21.0,21,0.050000000000000044,0.06320648640394211,12.007447242736816,0.1915213018655777,0.030134474858641624,0.04019046574831009,,,,dqn_icm,cartpole,dense,0.01,0.99,9,0.1
876,63.0,63,0.050000000000000044,0.05006645619869232,12.534209251403809,0.1436736136674881,0.030403699725866318,0.05129554867744446,,,,dqn_icm,cartpole,dense,0.01,0.99,9,0.1
877,155.0,155,0.050000000000000044,0.19446897506713867,12.52137565612793,0.26434463262557983,0.02989116869866848,0.04014727473258972,,,,dqn_icm,cartpole,dense,0.01,0.99,9,0.1
878,14.0,14,0.050000000000000044,0.0644931048154831,12.473133087158203,0.17568323016166687,0.02989116869866848,0.04014727473258972,,,,dqn_icm,cartpole,dense,0.01,0.99,9,0.1
879,19.0,19,0.050000000000000044,0.6454506516456604,14.078086853027344,1.0472726821899414,0.02834833227097988,0.045855045318603516,,,,dqn_icm,cartpole,dense,0.01,0.99,9,0.1
880,22.0,22,0.050000000000000044,0.47420650720596313,13.330931663513184,0.8739181756973267,0.02778666466474533,0.03461708128452301,,,,dqn_icm,cartpole,dense,0.01,0.99,9,0.1
881,38.0,38,0.050000000000000044,0.2960258424282074,12.761432647705078,0.5731754899024963,0.02778666466474533,0.03461708128452301,,,,dqn_icm,cartpole,dense,0.01,0.99,9,0.1
882,19.0,19,0.050000000000000044,0.4736933708190918,12.460445404052734,0.7207541465759277,0.027956809848546982,0.048152677714824677,,,,dqn_icm,cartpole,dense,0.01,0.99,9,0.1
883,19.0,19,0.050000000000000044,0.05568667873740196,13.424079895019531,0.24365493655204773,0.027956809848546982,0.048152677714824677,,,,dqn_icm,cartpole,dense,0.01,0.99,9,0.1
884,25.0,25,0.050000000000000044,0.1416502594947815,13.377323150634766,0.2991126477718353,0.028807125985622406,0.04240546375513077,,,,dqn_icm,cartpole,dense,0.01,0.99,9,0.1
885,18.0,18,0.050000000000000044,0.06430881470441818,13.418577194213867,0.15998002886772156,0.028807125985622406,0.04240546375513077,,,,dqn_icm,cartpole,dense,0.01,0.99,9,0.1
886,13.0,13,0.050000000000000044,0.4431431293487549,12.979048728942871,0.6013967394828796,0.02873023971915245,0.03470044583082199,,,,dqn_icm,cartpole,dense,0.01,0.99,9,0.1
887,16.0,16,0.050000000000000044,0.050137195736169815,12.967255592346191,0.12030581384897232,0.02873023971915245,0.03470044583082199,,,,dqn_icm,cartpole,dense,0.01,0.99,9,0.1
888,40.0,40,0.050000000000000044,0.27859926223754883,12.582151412963867,0.42529457807540894,0.028496362268924713,0.03803017735481262,,,,dqn_icm,cartpole,dense,0.01,0.99,9,0.1
889,21.0,21,0.050000000000000044,0.28785863518714905,13.452272415161133,0.4005867838859558,0.03097800724208355,0.0458197146654129,,,,dqn_icm,cartpole,dense,0.01,0.99,9,0.1
890,38.0,38,0.050000000000000044,0.25199276208877563,13.263181686401367,0.40724167227745056,0.028742123395204544,0.042346157133579254,,,,dqn_icm,cartpole,dense,0.01,0.99,9,0.1
891,22.0,22,0.050000000000000044,0.21923726797103882,13.153270721435547,0.34104812145233154,0.028742123395204544,0.042346157133579254,,,,dqn_icm,cartpole,dense,0.01,0.99,9,0.1
892,21.0,21,0.050000000000000044,0.19773682951927185,13.54859447479248,0.3046426773071289,0.028485048562288284,0.03623350337147713,,,,dqn_icm,cartpole,dense,0.01,0.99,9,0.1
893,13.0,13,0.050000000000000044,0.03792772814631462,13.739280700683594,0.11301730573177338,0.028485048562288284,0.03623350337147713,,,,dqn_icm,cartpole,dense,0.01,0.99,9,0.1
894,37.0,37,0.050000000000000044,0.2584836781024933,13.213485717773438,0.3977026343345642,0.027757424861192703,0.041129134595394135,,,,dqn_icm,cartpole,dense,0.01,0.99,9,0.1
895,31.0,31,0.050000000000000044,0.21720284223556519,13.505714416503906,0.31225061416625977,0.028202399611473083,0.03802622854709625,,,,dqn_icm,cartpole,dense,0.01,0.99,9,0.1
896,18.0,18,0.050000000000000044,0.01730942539870739,12.81174373626709,0.1295846402645111,0.028202399611473083,0.03802622854709625,,,,dqn_icm,cartpole,dense,0.01,0.99,9,0.1
897,23.0,23,0.050000000000000044,0.03891821205615997,13.299337387084961,0.1454208791255951,0.027499761432409286,0.03861516714096069,,,,dqn_icm,cartpole,dense,0.01,0.99,9,0.1
898,12.0,12,0.050000000000000044,0.021281378343701363,13.329238891601562,0.12531408667564392,0.027499761432409286,0.03861516714096069,,,,dqn_icm,cartpole,dense,0.01,0.99,9,0.1
899,16.0,16,0.050000000000000044,0.16381117701530457,13.738719940185547,0.27549123764038086,0.028099019080400467,0.04572556912899017,,,,dqn_icm,cartpole,dense,0.01,0.99,9,0.1
900,12.0,12,0.050000000000000044,0.05638572946190834,13.543644905090332,0.1380060315132141,0.028099019080400467,0.04572556912899017,16.0,2.3664319132398464,16.0,dqn_icm,cartpole,dense,0.01,0.99,9,0.1
901,95.0,95,0.050000000000000044,0.01681656762957573,12.9994535446167,0.09838151186704636,0.025707298889756203,0.034583352506160736,,,,dqn_icm,cartpole,dense,0.01,0.99,9,0.1
902,12.0,12,0.050000000000000044,0.005539809353649616,13.800065994262695,0.08288094401359558,0.025707298889756203,0.034583352506160736,,,,dqn_icm,cartpole,dense,0.01,0.99,9,0.1
903,50.0,50,0.050000000000000044,0.2134532630443573,13.171878814697266,0.2988780438899994,0.0308975912630558,0.04873392730951309,,,,dqn_icm,cartpole,dense,0.01,0.99,9,0.1
904,16.0,16,0.050000000000000044,0.008531777188181877,14.053348541259766,0.09290257096290588,0.0308975912630558,0.04873392730951309,,,,dqn_icm,cartpole,dense,0.01,0.99,9,0.1
905,24.0,24,0.050000000000000044,0.22903631627559662,13.244516372680664,0.3151707947254181,0.026137396693229675,0.037654947489500046,,,,dqn_icm,cartpole,dense,0.01,0.99,9,0.1
906,42.0,42,0.050000000000000044,0.24850374460220337,13.084548950195312,0.3492630422115326,0.026029733940958977,0.035356879234313965,,,,dqn_icm,cartpole,dense,0.01,0.99,9,0.1
907,52.0,52,0.050000000000000044,0.023564748466014862,13.67144775390625,0.12552514672279358,0.026068774983286858,0.038570843636989594,,,,dqn_icm,cartpole,dense,0.01,0.99,9,0.1
908,19.0,19,0.050000000000000044,0.23532147705554962,14.042829513549805,0.30409005284309387,0.0245557501912117,0.035409267991781235,,,,dqn_icm,cartpole,dense,0.01,0.99,9,0.1
909,43.0,43,0.050000000000000044,0.0375262051820755,13.437623977661133,0.14222678542137146,0.027773326262831688,0.03878989815711975,,,,dqn_icm,cartpole,dense,0.01,0.99,9,0.1
910,39.0,39,0.050000000000000044,0.22044619917869568,13.908906936645508,0.31792372465133667,0.028802422806620598,0.04667876660823822,,,,dqn_icm,cartpole,dense,0.01,0.99,9,0.1
911,53.0,53,0.050000000000000044,0.2396097332239151,13.208115577697754,0.3238283395767212,0.026744039729237556,0.03526250645518303,,,,dqn_icm,cartpole,dense,0.01,0.99,9,0.1
912,15.0,15,0.050000000000000044,0.005810467526316643,13.64376449584961,0.07584801316261292,0.026744039729237556,0.03526250645518303,,,,dqn_icm,cartpole,dense,0.01,0.99,9,0.1
913,53.0,53,0.050000000000000044,0.00685525219887495,13.30446720123291,0.07317331433296204,0.025529492646455765,0.037414297461509705,,,,dqn_icm,cartpole,dense,0.01,0.99,9,0.1
914,53.0,53,0.050000000000000044,0.22608420252799988,13.0460205078125,0.323755145072937,0.026913290843367577,0.04915934056043625,,,,dqn_icm,cartpole,dense,0.01,0.99,9,0.1
915,18.0,18,0.050000000000000044,0.6126766800880432,13.97955322265625,0.7130643725395203,0.026913290843367577,0.04915934056043625,,,,dqn_icm,cartpole,dense,0.01,0.99,9,0.1
916,53.0,53,0.050000000000000044,0.2622535228729248,13.46998405456543,0.34361764788627625,0.027050131931900978,0.044794920831918716,,,,dqn_icm,cartpole,dense,0.01,0.99,9,0.1
917,39.0,39,0.050000000000000044,0.019230002537369728,13.283355712890625,0.09091275930404663,0.02567306160926819,0.044954970479011536,,,,dqn_icm,cartpole,dense,0.01,0.99,9,0.1
918,40.0,40,0.050000000000000044,0.22055739164352417,13.411481857299805,0.3803178369998932,0.02529870718717575,0.031493302434682846,,,,dqn_icm,cartpole,dense,0.01,0.99,9,0.1
919,63.0,63,0.050000000000000044,0.2092004418373108,13.99320125579834,0.2998713254928589,0.025924736633896828,0.04170992970466614,,,,dqn_icm,cartpole,dense,0.01,0.99,9,0.1
920,12.0,12,0.050000000000000044,0.012143230997025967,14.013284683227539,0.0973036140203476,0.02737867273390293,0.05070240795612335,,,,dqn_icm,cartpole,dense,0.01,0.99,9,0.1
921,36.0,36,0.050000000000000044,0.024397430941462517,13.667131423950195,0.10359752923250198,0.02737867273390293,0.05070240795612335,,,,dqn_icm,cartpole,dense,0.01,0.99,9,0.1
922,54.0,54,0.050000000000000044,0.2184518426656723,13.49632453918457,0.3106473684310913,0.02440328523516655,0.04084256291389465,,,,dqn_icm,cartpole,dense,0.01,0.99,9,0.1
923,16.0,16,0.050000000000000044,0.004041636828333139,13.721923828125,0.06999470293521881,0.02440328523516655,0.04084256291389465,,,,dqn_icm,cartpole,dense,0.01,0.99,9,0.1
924,30.0,30,0.050000000000000044,0.03127084672451019,12.946649551391602,0.12427517771720886,0.02584812045097351,0.03535700589418411,,,,dqn_icm,cartpole,dense,0.01,0.99,9,0.1
925,54.0,54,0.050000000000000044,0.2918633222579956,13.68577766418457,0.3812972605228424,0.024243315681815147,0.03760971128940582,,,,dqn_icm,cartpole,dense,0.01,0.99,9,0.1
926,61.0,61,0.050000000000000044,0.005688108038157225,14.037199020385742,0.061359189450740814,0.02349674515426159,0.03378690779209137,,,,dqn_icm,cartpole,dense,0.01,0.99,9,0.1
927,15.0,15,0.050000000000000044,0.2475988268852234,13.63871955871582,0.32859593629837036,0.02349674515426159,0.03378690779209137,,,,dqn_icm,cartpole,dense,0.01,0.99,9,0.1
928,23.0,23,0.050000000000000044,0.25741633772850037,13.411171913146973,0.3647978901863098,0.02429543249309063,0.04248626530170441,,,,dqn_icm,cartpole,dense,0.01,0.99,9,0.1
929,25.0,25,0.050000000000000044,0.21098551154136658,14.237862586975098,0.2935430407524109,0.02429543249309063,0.04248626530170441,,,,dqn_icm,cartpole,dense,0.01,0.99,9,0.1
930,141.0,141,0.050000000000000044,0.2304334044456482,13.91618537902832,0.3169299364089966,0.02382824383676052,0.038240887224674225,,,,dqn_icm,cartpole,dense,0.01,0.99,9,0.1
931,27.0,27,0.050000000000000044,0.030040252953767776,13.416936874389648,0.12794369459152222,0.021851729601621628,0.03760385513305664,,,,dqn_icm,cartpole,dense,0.01,0.99,9,0.1
932,13.0,13,0.050000000000000044,0.021841377019882202,13.267126083374023,0.12005836516618729,0.021851729601621628,0.03760385513305664,,,,dqn_icm,cartpole,dense,0.01,0.99,9,0.1
933,21.0,21,0.050000000000000044,0.21920527517795563,13.189031600952148,0.34620821475982666,0.021851729601621628,0.03760385513305664,,,,dqn_icm,cartpole,dense,0.01,0.99,9,0.1
934,135.0,135,0.050000000000000044,0.2517949938774109,14.088878631591797,0.3209758996963501,0.025478851050138474,0.041709840297698975,,,,dqn_icm,cartpole,dense,0.01,0.99,9,0.1
935,21.0,21,0.050000000000000044,0.012378748506307602,12.953018188476562,0.06429320573806763,0.025478851050138474,0.041709840297698975,,,,dqn_icm,cartpole,dense,0.01,0.99,9,0.1
936,14.0,14,0.050000000000000044,0.21987083554267883,12.986352920532227,0.32249343395233154,0.02408965677022934,0.03838973492383957,,,,dqn_icm,cartpole,dense,0.01,0.99,9,0.1
937,13.0,13,0.050000000000000044,0.01284024678170681,13.840980529785156,0.07768623530864716,0.02408965677022934,0.03838973492383957,,,,dqn_icm,cartpole,dense,0.01,0.99,9,0.1
938,17.0,17,0.050000000000000044,0.07346411794424057,13.364274024963379,0.21818891167640686,0.02408965677022934,0.03838973492383957,,,,dqn_icm,cartpole,dense,0.01,0.99,9,0.1
939,18.0,18,0.050000000000000044,0.5017935037612915,15.014703750610352,0.9425302743911743,0.023659449070692062,0.036801181733608246,,,,dqn_icm,cartpole,dense,0.01,0.99,9,0.1
940,64.0,64,0.050000000000000044,0.2852555215358734,13.342357635498047,0.5652676820755005,0.020060129463672638,0.0341043546795845,,,,dqn_icm,cartpole,dense,0.01,0.99,9,0.1
941,15.0,15,0.050000000000000044,0.07710878551006317,13.972162246704102,0.2742554247379303,0.020060129463672638,0.0341043546795845,,,,dqn_icm,cartpole,dense,0.01,0.99,9,0.1
942,109.0,109,0.050000000000000044,0.2823728322982788,13.976455688476562,0.37477999925613403,0.024715831503272057,0.048582468181848526,,,,dqn_icm,cartpole,dense,0.01,0.99,9,0.1
943,33.0,33,0.050000000000000044,0.3557397127151489,14.50117301940918,0.4513944983482361,0.024715831503272057,0.048582468181848526,,,,dqn_icm,cartpole,dense,0.01,0.99,9,0.1
944,19.0,19,0.050000000000000044,0.44343090057373047,14.402383804321289,0.551066517829895,0.021048350259661674,0.03573177009820938,,,,dqn_icm,cartpole,dense,0.01,0.99,9,0.1
945,79.0,79,0.050000000000000044,0.23096157610416412,14.16264533996582,0.3130093514919281,0.02151310257613659,0.03233770653605461,,,,dqn_icm,cartpole,dense,0.01,0.99,9,0.1
946,12.0,12,0.050000000000000044,0.04243471473455429,14.366616249084473,0.1808273196220398,0.02151310257613659,0.03233770653605461,,,,dqn_icm,cartpole,dense,0.01,0.99,9,0.1
947,20.0,20,0.050000000000000044,0.028210120275616646,14.024238586425781,0.1290777623653412,0.023207128047943115,0.044242627918720245,,,,dqn_icm,cartpole,dense,0.01,0.99,9,0.1
948,23.0,23,0.050000000000000044,0.10259143263101578,14.156486511230469,0.2210339605808258,0.023207128047943115,0.044242627918720245,,,,dqn_icm,cartpole,dense,0.01,0.99,9,0.1
949,34.0,34,0.050000000000000044,0.04936373978853226,13.420923233032227,0.2014540284872055,0.022321470081806183,0.03499838709831238,,,,dqn_icm,cartpole,dense,0.01,0.99,9,0.1
950,33.0,33,0.050000000000000044,0.02901892364025116,14.201587677001953,0.13221409916877747,0.023881467059254646,0.039455343037843704,17.1,1.7578395831246945,17.1,dqn_icm,cartpole,dense,0.01,0.99,9,0.1
951,64.0,64,0.050000000000000044,0.022205062210559845,14.57281494140625,0.12927907705307007,0.021367058157920837,0.03566376119852066,,,,dqn_icm,cartpole,dense,0.01,0.99,9,0.1
952,24.0,24,0.050000000000000044,0.3170489966869354,14.57618236541748,0.48469310998916626,0.021367058157920837,0.03566376119852066,,,,dqn_icm,cartpole,dense,0.01,0.99,9,0.1
953,16.0,16,0.050000000000000044,0.23305538296699524,14.103991508483887,0.31766125559806824,0.021828720346093178,0.03799211233854294,,,,dqn_icm,cartpole,dense,0.01,0.99,9,0.1
954,20.0,20,0.050000000000000044,0.31169626116752625,14.525354385375977,0.47651320695877075,0.021828720346093178,0.03799211233854294,,,,dqn_icm,cartpole,dense,0.01,0.99,9,0.1
955,36.0,36,0.050000000000000044,0.16455036401748657,13.701128005981445,0.33488988876342773,0.021275626495480537,0.036458246409893036,,,,dqn_icm,cartpole,dense,0.01,0.99,9,0.1
956,26.0,26,0.050000000000000044,0.34795889258384705,13.237022399902344,0.4807042181491852,0.02316572330892086,0.035467103123664856,,,,dqn_icm,cartpole,dense,0.01,0.99,9,0.1
957,15.0,15,0.050000000000000044,0.46367770433425903,14.774171829223633,0.6043311357498169,0.02316572330892086,0.035467103123664856,,,,dqn_icm,cartpole,dense,0.01,0.99,9,0.1
958,18.0,18,0.050000000000000044,0.32033318281173706,14.842063903808594,0.4351847767829895,0.02316572330892086,0.035467103123664856,,,,dqn_icm,cartpole,dense,0.01,0.99,9,0.1
959,20.0,20,0.050000000000000044,0.06797010451555252,13.748296737670898,0.2063310742378235,0.020857496187090874,0.03891824185848236,,,,dqn_icm,cartpole,dense,0.01,0.99,9,0.1
960,21.0,21,0.050000000000000044,0.022900409996509552,14.350006103515625,0.17077861726284027,0.020857496187090874,0.03891824185848236,,,,dqn_icm,cartpole,dense,0.01,0.99,9,0.1
961,20.0,20,0.050000000000000044,0.036902137100696564,14.58793830871582,0.1986387073993683,0.02135002613067627,0.03406047448515892,,,,dqn_icm,cartpole,dense,0.01,0.99,9,0.1
962,10.0,10,0.050000000000000044,0.2411576211452484,14.413704872131348,0.3784400522708893,0.02135002613067627,0.03406047448515892,,,,dqn_icm,cartpole,dense,0.01,0.99,9,0.1
963,18.0,18,0.050000000000000044,0.014734245836734772,14.200868606567383,0.08551795780658722,0.021550411358475685,0.041954219341278076,,,,dqn_icm,cartpole,dense,0.01,0.99,9,0.1
964,16.0,16,0.050000000000000044,0.16725388169288635,14.599868774414062,0.26229599118232727,0.021550411358475685,0.041954219341278076,,,,dqn_icm,cartpole,dense,0.01,0.99,9,0.1
965,25.0,25,0.050000000000000044,0.254951536655426,14.42966079711914,0.33933234214782715,0.01994345523416996,0.03650882840156555,,,,dqn_icm,cartpole,dense,0.01,0.99,9,0.1
966,19.0,19,0.050000000000000044,0.10043705999851227,14.08557415008545,0.20224736630916595,0.01994345523416996,0.03650882840156555,,,,dqn_icm,cartpole,dense,0.01,0.99,9,0.1
967,18.0,18,0.050000000000000044,0.04731140658259392,14.33326530456543,0.1364896595478058,0.022451523691415787,0.04332345351576805,,,,dqn_icm,cartpole,dense,0.01,0.99,9,0.1
968,15.0,15,0.050000000000000044,0.27466338872909546,14.296985626220703,0.3833569884300232,0.022451523691415787,0.04332345351576805,,,,dqn_icm,cartpole,dense,0.01,0.99,9,0.1
969,32.0,32,0.050000000000000044,0.020300159230828285,13.514524459838867,0.10061803460121155,0.021004006266593933,0.038183972239494324,,,,dqn_icm,cartpole,dense,0.01,0.99,9,0.1
970,15.0,15,0.050000000000000044,0.00931648351252079,14.695326805114746,0.07740700244903564,0.021004006266593933,0.038183972239494324,,,,dqn_icm,cartpole,dense,0.01,0.99,9,0.1
971,32.0,32,0.050000000000000044,0.0036220927722752094,14.141313552856445,0.06400534510612488,0.02204638347029686,0.03131617605686188,,,,dqn_icm,cartpole,dense,0.01,0.99,9,0.1
972,18.0,18,0.050000000000000044,0.010562581941485405,13.959015846252441,0.10461784899234772,0.02204638347029686,0.03131617605686188,,,,dqn_icm,cartpole,dense,0.01,0.99,9,0.1
973,19.0,19,0.050000000000000044,0.23353859782218933,14.309197425842285,0.35394325852394104,0.020600100979208946,0.030730318278074265,,,,dqn_icm,cartpole,dense,0.01,0.99,9,0.1
974,27.0,27,0.050000000000000044,0.2539686858654022,13.744019508361816,0.3847428560256958,0.022150468081235886,0.03572956100106239,,,,dqn_icm,cartpole,dense,0.01,0.99,9,0.1
975,35.0,35,0.050000000000000044,0.13249972462654114,13.570253372192383,0.22186152637004852,0.022150468081235886,0.03572956100106239,,,,dqn_icm,cartpole,dense,0.01,0.99,9,0.1
976,40.0,40,0.050000000000000044,0.38708823919296265,13.842512130737305,0.48522093892097473,0.02181646041572094,0.042770564556121826,,,,dqn_icm,cartpole,dense,0.01,0.99,9,0.1
977,33.0,33,0.050000000000000044,0.17974786460399628,14.789144515991211,0.3112640976905823,0.01999819464981556,0.03209669142961502,,,,dqn_icm,cartpole,dense,0.01,0.99,9,0.1
978,17.0,17,0.050000000000000044,0.004201815463602543,14.520804405212402,0.061031632125377655,0.022923821583390236,0.04979707673192024,,,,dqn_icm,cartpole,dense,0.01,0.99,9,0.1
979,40.0,40,0.050000000000000044,0.0033257685136049986,14.140247344970703,0.0525934100151062,0.02361927554011345,0.04265366122126579,,,,dqn_icm,cartpole,dense,0.01,0.99,9,0.1
980,17.0,17,0.050000000000000044,0.22684428095817566,14.490450859069824,0.3045920133590698,0.02361927554011345,0.04265366122126579,,,,dqn_icm,cartpole,dense,0.01,0.99,9,0.1
981,45.0,45,0.050000000000000044,0.23674070835113525,14.205438613891602,0.333955317735672,0.021511806175112724,0.039580464363098145,,,,dqn_icm,cartpole,dense,0.01,0.99,9,0.1
982,11.0,11,0.050000000000000044,0.08300434052944183,14.769160270690918,0.1738915592432022,0.021344857290387154,0.046836111694574356,,,,dqn_icm,cartpole,dense,0.01,0.99,9,0.1
983,67.0,67,0.050000000000000044,0.010659279301762581,14.462404251098633,0.0987732857465744,0.018890462815761566,0.0278177373111248,,,,dqn_icm,cartpole,dense,0.01,0.99,9,0.1
984,113.0,113,0.050000000000000044,0.004521937575191259,14.411526679992676,0.06305856257677078,0.019924689084291458,0.036619797348976135,,,,dqn_icm,cartpole,dense,0.01,0.99,9,0.1
985,37.0,37,0.050000000000000044,0.2831255793571472,14.20417308807373,0.37608495354652405,0.022481311112642288,0.04550591856241226,,,,dqn_icm,cartpole,dense,0.01,0.99,9,0.1
986,19.0,19,0.050000000000000044,0.2258162647485733,14.62655258178711,0.3294377326965332,0.022481311112642288,0.04550591856241226,,,,dqn_icm,cartpole,dense,0.01,0.99,9,0.1
987,90.0,90,0.050000000000000044,0.160731703042984,14.60583209991455,0.25176042318344116,0.01922404207289219,0.03463542461395264,,,,dqn_icm,cartpole,dense,0.01,0.99,9,0.1
988,13.0,13,0.050000000000000044,0.06087355315685272,13.54560375213623,0.19012150168418884,0.01922404207289219,0.03463542461395264,,,,dqn_icm,cartpole,dense,0.01,0.99,9,0.1
989,17.0,17,0.050000000000000044,0.22497770190238953,14.434067726135254,0.30837127566337585,0.01922404207289219,0.03463542461395264,,,,dqn_icm,cartpole,dense,0.01,0.99,9,0.1
990,17.0,17,0.050000000000000044,0.019100744277238846,14.217211723327637,0.10866562277078629,0.021673310548067093,0.040021155029535294,,,,dqn_icm,cartpole,dense,0.01,0.99,9,0.1
991,25.0,25,0.050000000000000044,0.4558475613594055,14.392484664916992,0.5626075863838196,0.021673310548067093,0.040021155029535294,,,,dqn_icm,cartpole,dense,0.01,0.99,9,0.1
992,17.0,17,0.050000000000000044,0.14459876716136932,14.199617385864258,0.23473532497882843,0.019815567880868912,0.0367891788482666,,,,dqn_icm,cartpole,dense,0.01,0.99,9,0.1
993,16.0,16,0.050000000000000044,0.27061620354652405,13.93488883972168,0.38998764753341675,0.019815567880868912,0.0367891788482666,,,,dqn_icm,cartpole,dense,0.01,0.99,9,0.1
994,20.0,20,0.050000000000000044,0.2545095384120941,14.36860179901123,0.3355987071990967,0.020261377096176147,0.036987096071243286,,,,dqn_icm,cartpole,dense,0.01,0.99,9,0.1
995,16.0,16,0.050000000000000044,0.007557718548923731,14.732009887695312,0.09607789665460587,0.020261377096176147,0.036987096071243286,,,,dqn_icm,cartpole,dense,0.01,0.99,9,0.1
996,17.0,17,0.050000000000000044,1.1023871898651123,14.496566772460938,1.2326749563217163,0.02017662115395069,0.03421624377369881,,,,dqn_icm,cartpole,dense,0.01,0.99,9,0.1
997,19.0,19,0.050000000000000044,0.011255603283643723,14.694028854370117,0.11005353927612305,0.02017662115395069,0.03421624377369881,,,,dqn_icm,cartpole,dense,0.01,0.99,9,0.1
998,34.0,34,0.050000000000000044,0.31730687618255615,14.789772033691406,0.40775495767593384,0.01972193270921707,0.04019545391201973,,,,dqn_icm,cartpole,dense,0.01,0.99,9,0.1
999,13.0,13,0.050000000000000044,0.4411478638648987,13.969202995300293,0.5432373881340027,0.01972193270921707,0.04019545391201973,,,,dqn_icm,cartpole,dense,0.01,0.99,9,0.1
1000,43.0,43,0.050000000000000044,0.21821565926074982,14.386913299560547,0.28943634033203125,0.01915952004492283,0.04085545986890793,16.9,1.2206555615733703,16.9,dqn_icm,cartpole,dense,0.01,0.99,9,0.1
