episode,return,length,epsilon,loss,q_mean,td_error_mean,icm_loss,intrinsic_reward_mean,eval_return_mean,eval_return_std,eval_length_mean,agent,env,reward_type,lr,gamma,seed,eta
1,19.0,19,1.0,nan,nan,nan,nan,nan,,,,dqn_icm,cartpole,dense,0.01,0.9,2,1.0
2,16.0,16,0.9968333333333333,nan,nan,nan,nan,nan,,,,dqn_icm,cartpole,dense,0.01,0.9,2,1.0
3,10.0,10,0.9936666666666667,nan,nan,nan,nan,nan,,,,dqn_icm,cartpole,dense,0.01,0.9,2,1.0
4,9.0,9,0.9905,nan,nan,nan,nan,nan,,,,dqn_icm,cartpole,dense,0.01,0.9,2,1.0
5,16.0,16,0.9873333333333333,nan,nan,nan,nan,nan,,,,dqn_icm,cartpole,dense,0.01,0.9,2,1.0
6,16.0,16,0.9841666666666666,nan,nan,nan,nan,nan,,,,dqn_icm,cartpole,dense,0.01,0.9,2,1.0
7,31.0,31,0.981,nan,nan,nan,nan,nan,,,,dqn_icm,cartpole,dense,0.01,0.9,2,1.0
8,43.0,43,0.9778333333333333,nan,nan,nan,nan,nan,,,,dqn_icm,cartpole,dense,0.01,0.9,2,1.0
9,30.0,30,0.9746666666666667,nan,nan,nan,nan,nan,,,,dqn_icm,cartpole,dense,0.01,0.9,2,1.0
10,14.0,14,0.9715,nan,nan,nan,nan,nan,,,,dqn_icm,cartpole,dense,0.01,0.9,2,1.0
11,23.0,23,0.9683333333333334,nan,nan,nan,nan,nan,,,,dqn_icm,cartpole,dense,0.01,0.9,2,1.0
12,10.0,10,0.9651666666666666,nan,nan,nan,nan,nan,,,,dqn_icm,cartpole,dense,0.01,0.9,2,1.0
13,24.0,24,0.962,nan,nan,nan,nan,nan,,,,dqn_icm,cartpole,dense,0.01,0.9,2,1.0
14,16.0,16,0.9588333333333333,nan,nan,nan,nan,nan,,,,dqn_icm,cartpole,dense,0.01,0.9,2,1.0
15,26.0,26,0.9556666666666667,nan,nan,nan,nan,nan,,,,dqn_icm,cartpole,dense,0.01,0.9,2,1.0
16,15.0,15,0.9525,nan,nan,nan,nan,nan,,,,dqn_icm,cartpole,dense,0.01,0.9,2,1.0
17,12.0,12,0.9493333333333334,nan,nan,nan,nan,nan,,,,dqn_icm,cartpole,dense,0.01,0.9,2,1.0
18,24.0,24,0.9461666666666667,nan,nan,nan,nan,nan,,,,dqn_icm,cartpole,dense,0.01,0.9,2,1.0
19,17.0,17,0.9430000000000001,nan,nan,nan,nan,nan,,,,dqn_icm,cartpole,dense,0.01,0.9,2,1.0
20,13.0,13,0.9398333333333333,nan,nan,nan,nan,nan,,,,dqn_icm,cartpole,dense,0.01,0.9,2,1.0
21,23.0,23,0.9366666666666666,nan,nan,nan,nan,nan,,,,dqn_icm,cartpole,dense,0.01,0.9,2,1.0
22,18.0,18,0.9335,nan,nan,nan,nan,nan,,,,dqn_icm,cartpole,dense,0.01,0.9,2,1.0
23,21.0,21,0.9303333333333333,nan,nan,nan,nan,nan,,,,dqn_icm,cartpole,dense,0.01,0.9,2,1.0
24,60.0,60,0.9271666666666667,0.584683895111084,0.12935739755630493,1.0845757722854614,0.5923197865486145,0.20940305292606354,,,,dqn_icm,cartpole,dense,0.01,0.9,2,1.0
25,14.0,14,0.924,0.09358158707618713,0.9843801259994507,0.3788182735443115,0.5923197865486145,0.20940305292606354,,,,dqn_icm,cartpole,dense,0.01,0.9,2,1.0
26,12.0,12,0.9208333333333334,0.21990686655044556,1.7296395301818848,0.4958491325378418,0.5923197865486145,0.20940305292606354,,,,dqn_icm,cartpole,dense,0.01,0.9,2,1.0
27,20.0,20,0.9176666666666666,0.034482136368751526,1.0597513914108276,0.2331896871328354,0.5877354145050049,0.17921501398086548,,,,dqn_icm,cartpole,dense,0.01,0.9,2,1.0
28,26.0,26,0.9145,0.01705797016620636,1.0706660747528076,0.16965138912200928,0.5877354145050049,0.17921501398086548,,,,dqn_icm,cartpole,dense,0.01,0.9,2,1.0
29,11.0,11,0.9113333333333333,0.005196903832256794,1.3120207786560059,0.08231109380722046,0.5876656174659729,0.18736371397972107,,,,dqn_icm,cartpole,dense,0.01,0.9,2,1.0
30,14.0,14,0.9081666666666667,0.017584379762411118,1.4407329559326172,0.1757703274488449,0.5876656174659729,0.18736371397972107,,,,dqn_icm,cartpole,dense,0.01,0.9,2,1.0
31,17.0,17,0.905,0.006275622174143791,1.1540982723236084,0.07349075376987457,0.5868698954582214,0.17452141642570496,,,,dqn_icm,cartpole,dense,0.01,0.9,2,1.0
32,35.0,35,0.9018333333333334,0.0014516355004161596,1.2650902271270752,0.04026609659194946,0.5868698954582214,0.17452141642570496,,,,dqn_icm,cartpole,dense,0.01,0.9,2,1.0
33,17.0,17,0.8986666666666667,0.00258343992754817,1.3037199974060059,0.0617743581533432,0.5860676169395447,0.19726909697055817,,,,dqn_icm,cartpole,dense,0.01,0.9,2,1.0
34,43.0,43,0.8955,0.0006771880434826016,1.2295024394989014,0.023928696289658546,0.5917440056800842,0.1945778876543045,,,,dqn_icm,cartpole,dense,0.01,0.9,2,1.0
35,17.0,17,0.8923333333333333,0.0006499617593362927,1.2847650051116943,0.0265785064548254,0.5917440056800842,0.1945778876543045,,,,dqn_icm,cartpole,dense,0.01,0.9,2,1.0
36,14.0,14,0.8891666666666667,0.00038716045673936605,1.1903337240219116,0.018729526549577713,0.5821470618247986,0.16703715920448303,,,,dqn_icm,cartpole,dense,0.01,0.9,2,1.0
37,17.0,17,0.886,0.0009871148504316807,1.2317843437194824,0.030086860060691833,0.5821470618247986,0.16703715920448303,,,,dqn_icm,cartpole,dense,0.01,0.9,2,1.0
38,24.0,24,0.8828333333333334,0.0003711078315973282,1.2531797885894775,0.02014903537929058,0.5939721465110779,0.22946718335151672,,,,dqn_icm,cartpole,dense,0.01,0.9,2,1.0
39,11.0,11,0.8796666666666667,0.0002743601507972926,1.2244035005569458,0.014215970411896706,0.5939721465110779,0.22946718335151672,,,,dqn_icm,cartpole,dense,0.01,0.9,2,1.0
40,14.0,14,0.8765000000000001,0.00016481996863149107,1.1752383708953857,0.01489558070898056,0.5939721465110779,0.22946718335151672,,,,dqn_icm,cartpole,dense,0.01,0.9,2,1.0
41,27.0,27,0.8733333333333333,0.00034645997220650315,1.2561787366867065,0.013589633628726006,0.5817888379096985,0.17352686822414398,,,,dqn_icm,cartpole,dense,0.01,0.9,2,1.0
42,18.0,18,0.8701666666666666,0.00031438720179721713,1.240307092666626,0.012608369812369347,0.5817888379096985,0.17352686822414398,,,,dqn_icm,cartpole,dense,0.01,0.9,2,1.0
43,24.0,24,0.867,0.00016772261005826294,1.2636101245880127,0.012714868411421776,0.5784648060798645,0.15501020848751068,,,,dqn_icm,cartpole,dense,0.01,0.9,2,1.0
44,34.0,34,0.8638333333333333,0.00018357194494456053,1.250787377357483,0.012219524011015892,0.5849180221557617,0.16121062636375427,,,,dqn_icm,cartpole,dense,0.01,0.9,2,1.0
45,18.0,18,0.8606666666666667,0.0003324499703012407,1.230822205543518,0.014281529933214188,0.5849180221557617,0.16121062636375427,,,,dqn_icm,cartpole,dense,0.01,0.9,2,1.0
46,18.0,18,0.8575,0.00013545570254791528,1.2038524150848389,0.010969605296850204,0.5828638076782227,0.1871660053730011,,,,dqn_icm,cartpole,dense,0.01,0.9,2,1.0
47,17.0,17,0.8543333333333334,0.00019812888058368117,1.2331637144088745,0.013336315751075745,0.5828638076782227,0.1871660053730011,,,,dqn_icm,cartpole,dense,0.01,0.9,2,1.0
48,12.0,12,0.8511666666666666,0.00053552066674456,1.240196943283081,0.016386661678552628,0.5838372707366943,0.18832668662071228,,,,dqn_icm,cartpole,dense,0.01,0.9,2,1.0
49,16.0,16,0.848,0.00011139799607917666,1.2493882179260254,0.011245420202612877,0.5838372707366943,0.18832668662071228,,,,dqn_icm,cartpole,dense,0.01,0.9,2,1.0
50,41.0,41,0.8448333333333333,0.0002478068636264652,1.235804557800293,0.015182796865701675,0.5780579447746277,0.15876010060310364,9.0,0.7745966692414834,9.0,dqn_icm,cartpole,dense,0.01,0.9,2,1.0
51,19.0,19,0.8416666666666667,0.0006732639740221202,1.2738221883773804,0.019713569432497025,0.5780579447746277,0.15876010060310364,,,,dqn_icm,cartpole,dense,0.01,0.9,2,1.0
52,12.0,12,0.8385,0.0005188559298403561,1.199418544769287,0.019599629566073418,0.591902494430542,0.21075646579265594,,,,dqn_icm,cartpole,dense,0.01,0.9,2,1.0
53,20.0,20,0.8353333333333334,0.00030590800452046096,1.1793732643127441,0.017050646245479584,0.591902494430542,0.21075646579265594,,,,dqn_icm,cartpole,dense,0.01,0.9,2,1.0
54,17.0,17,0.8321666666666667,0.0004225281300023198,1.21915864944458,0.018430499359965324,0.5828477740287781,0.18227699398994446,,,,dqn_icm,cartpole,dense,0.01,0.9,2,1.0
55,17.0,17,0.829,9.656453039497137e-05,1.2066314220428467,0.010464159771800041,0.5828477740287781,0.18227699398994446,,,,dqn_icm,cartpole,dense,0.01,0.9,2,1.0
56,16.0,16,0.8258333333333334,0.0005238255253061652,1.2183324098587036,0.019120145589113235,0.5828477740287781,0.18227699398994446,,,,dqn_icm,cartpole,dense,0.01,0.9,2,1.0
57,24.0,24,0.8226666666666667,0.0003302899713162333,1.2318425178527832,0.013896714895963669,0.5805860161781311,0.16600269079208374,,,,dqn_icm,cartpole,dense,0.01,0.9,2,1.0
58,17.0,17,0.8195,0.0003627263940870762,1.2077854871749878,0.014154082164168358,0.5805860161781311,0.16600269079208374,,,,dqn_icm,cartpole,dense,0.01,0.9,2,1.0
59,22.0,22,0.8163333333333334,0.00011241391621297225,1.1678657531738281,0.011166127398610115,0.5790219902992249,0.17055073380470276,,,,dqn_icm,cartpole,dense,0.01,0.9,2,1.0
60,17.0,17,0.8131666666666667,6.867902993690223e-05,1.206786870956421,0.008697032928466797,0.5790219902992249,0.17055073380470276,,,,dqn_icm,cartpole,dense,0.01,0.9,2,1.0
61,18.0,18,0.81,0.00032132575870491564,1.2604029178619385,0.014986038208007812,0.5730870366096497,0.14464892446994781,,,,dqn_icm,cartpole,dense,0.01,0.9,2,1.0
62,10.0,10,0.8068333333333333,0.0002754767774604261,1.2074922323226929,0.013371795415878296,0.5730870366096497,0.14464892446994781,,,,dqn_icm,cartpole,dense,0.01,0.9,2,1.0
63,13.0,13,0.8036666666666666,0.0002675224095582962,1.1808569431304932,0.012042935937643051,0.5730870366096497,0.14464892446994781,,,,dqn_icm,cartpole,dense,0.01,0.9,2,1.0
64,13.0,13,0.8005,0.00019357912242412567,1.222198724746704,0.013072632253170013,0.5790115594863892,0.18820792436599731,,,,dqn_icm,cartpole,dense,0.01,0.9,2,1.0
65,18.0,18,0.7973333333333333,0.0003233805182389915,1.234314203262329,0.01329835131764412,0.5790115594863892,0.18820792436599731,,,,dqn_icm,cartpole,dense,0.01,0.9,2,1.0
66,10.0,10,0.7941666666666667,0.00020316074369475245,1.1731898784637451,0.01009097695350647,0.5697973370552063,0.13546034693717957,,,,dqn_icm,cartpole,dense,0.01,0.9,2,1.0
67,16.0,16,0.791,0.00021192373242229223,1.1998426914215088,0.01162460632622242,0.5697973370552063,0.13546034693717957,,,,dqn_icm,cartpole,dense,0.01,0.9,2,1.0
68,18.0,18,0.7878333333333334,0.00023975910153239965,1.2345285415649414,0.012331012636423111,0.5697973370552063,0.13546034693717957,,,,dqn_icm,cartpole,dense,0.01,0.9,2,1.0
69,16.0,16,0.7846666666666666,0.00032223062589764595,1.1928210258483887,0.015578527003526688,0.5744582414627075,0.15085381269454956,,,,dqn_icm,cartpole,dense,0.01,0.9,2,1.0
70,33.0,33,0.7815,0.0004191504849586636,1.2334282398223877,0.015709873288869858,0.578118622303009,0.17532627284526825,,,,dqn_icm,cartpole,dense,0.01,0.9,2,1.0
71,36.0,36,0.7783333333333333,0.0004219079273752868,1.3017616271972656,0.02032781019806862,0.578118622303009,0.17532627284526825,,,,dqn_icm,cartpole,dense,0.01,0.9,2,1.0
72,15.0,15,0.7751666666666667,0.00018983011250384152,1.1848572492599487,0.010101944208145142,0.5707947015762329,0.15236133337020874,,,,dqn_icm,cartpole,dense,0.01,0.9,2,1.0
73,8.0,8,0.772,0.0003323708369862288,1.1901496648788452,0.018418435007333755,0.5707947015762329,0.15236133337020874,,,,dqn_icm,cartpole,dense,0.01,0.9,2,1.0
74,10.0,10,0.7688333333333334,0.00030389634775929153,1.2150733470916748,0.0148160420358181,0.5707947015762329,0.15236133337020874,,,,dqn_icm,cartpole,dense,0.01,0.9,2,1.0
75,19.0,19,0.7656666666666667,0.0005086453165858984,1.2460416555404663,0.017430776730179787,0.5715801119804382,0.1531795859336853,,,,dqn_icm,cartpole,dense,0.01,0.9,2,1.0
76,12.0,12,0.7625,0.00018891270156018436,1.1532319784164429,0.016505101695656776,0.5715801119804382,0.1531795859336853,,,,dqn_icm,cartpole,dense,0.01,0.9,2,1.0
77,27.0,27,0.7593333333333333,0.00010240099800284952,1.1695877313613892,0.009504545480012894,0.5736914873123169,0.16286993026733398,,,,dqn_icm,cartpole,dense,0.01,0.9,2,1.0
78,10.0,10,0.7561666666666667,0.00038913244497962296,1.2188044786453247,0.01765894889831543,0.5736914873123169,0.16286993026733398,,,,dqn_icm,cartpole,dense,0.01,0.9,2,1.0
79,14.0,14,0.753,0.0001808339438866824,1.2346338033676147,0.010435648262500763,0.5736914873123169,0.16286993026733398,,,,dqn_icm,cartpole,dense,0.01,0.9,2,1.0
80,12.0,12,0.7498333333333334,0.00020508603483904153,1.1686694622039795,0.010055247694253922,0.5734071135520935,0.162123441696167,,,,dqn_icm,cartpole,dense,0.01,0.9,2,1.0
81,10.0,10,0.7466666666666667,0.000309385679429397,1.2371125221252441,0.010692911222577095,0.5734071135520935,0.162123441696167,,,,dqn_icm,cartpole,dense,0.01,0.9,2,1.0
82,11.0,11,0.7435,0.00012872058141510934,1.1686078310012817,0.008689703419804573,0.5734071135520935,0.162123441696167,,,,dqn_icm,cartpole,dense,0.01,0.9,2,1.0
83,14.0,14,0.7403333333333333,0.0002565925824455917,1.1948063373565674,0.010400403290987015,0.5673145055770874,0.14940187335014343,,,,dqn_icm,cartpole,dense,0.01,0.9,2,1.0
84,25.0,25,0.7371666666666667,0.0002090565685648471,1.2170263528823853,0.012144844979047775,0.5673145055770874,0.14940187335014343,,,,dqn_icm,cartpole,dense,0.01,0.9,2,1.0
85,10.0,10,0.734,0.00013040509657002985,1.1915345191955566,0.011129237711429596,0.5673145055770874,0.14940187335014343,,,,dqn_icm,cartpole,dense,0.01,0.9,2,1.0
86,45.0,45,0.7308333333333333,0.00016482867067679763,1.2359659671783447,0.010144779458642006,0.5701961517333984,0.17518573999404907,,,,dqn_icm,cartpole,dense,0.01,0.9,2,1.0
87,14.0,14,0.7276666666666667,0.00021563871996477246,1.2325139045715332,0.013740060850977898,0.5701961517333984,0.17518573999404907,,,,dqn_icm,cartpole,dense,0.01,0.9,2,1.0
88,14.0,14,0.7245,0.00020970668992958963,1.1850736141204834,0.012513171881437302,0.5701961517333984,0.17518573999404907,,,,dqn_icm,cartpole,dense,0.01,0.9,2,1.0
89,11.0,11,0.7213333333333334,0.00015679623174946755,1.1705000400543213,0.010029111057519913,0.5662712454795837,0.13347777724266052,,,,dqn_icm,cartpole,dense,0.01,0.9,2,1.0
90,12.0,12,0.7181666666666666,0.00035638181725516915,1.2649011611938477,0.01507757231593132,0.5662712454795837,0.13347777724266052,,,,dqn_icm,cartpole,dense,0.01,0.9,2,1.0
91,12.0,12,0.7150000000000001,0.00013077148469164968,1.2259031534194946,0.011043090373277664,0.5662712454795837,0.13347777724266052,,,,dqn_icm,cartpole,dense,0.01,0.9,2,1.0
92,10.0,10,0.7118333333333333,0.0001719845604384318,1.1825971603393555,0.011862615123391151,0.5662712454795837,0.13347777724266052,,,,dqn_icm,cartpole,dense,0.01,0.9,2,1.0
93,19.0,19,0.7086666666666668,0.00043011183151975274,1.2198824882507324,0.015545060858130455,0.5704885721206665,0.1887255311012268,,,,dqn_icm,cartpole,dense,0.01,0.9,2,1.0
94,12.0,12,0.7055,7.655092485947534e-05,1.1569035053253174,0.006064321845769882,0.5704885721206665,0.1887255311012268,,,,dqn_icm,cartpole,dense,0.01,0.9,2,1.0
95,12.0,12,0.7023333333333333,0.0004497929767239839,1.2443675994873047,0.01878809742629528,0.5704885721206665,0.1887255311012268,,,,dqn_icm,cartpole,dense,0.01,0.9,2,1.0
96,14.0,14,0.6991666666666667,0.00022801068553235382,1.2062671184539795,0.013476014137268066,0.5709360241889954,0.14273080229759216,,,,dqn_icm,cartpole,dense,0.01,0.9,2,1.0
97,14.0,14,0.696,0.00018261490913573653,1.201603651046753,0.013132132589817047,0.5709360241889954,0.14273080229759216,,,,dqn_icm,cartpole,dense,0.01,0.9,2,1.0
98,11.0,11,0.6928333333333334,0.00013564160326495767,1.2293331623077393,0.008911412209272385,0.5709360241889954,0.14273080229759216,,,,dqn_icm,cartpole,dense,0.01,0.9,2,1.0
99,18.0,18,0.6896666666666667,0.0001842717465478927,1.2289304733276367,0.011384565383195877,0.5681268572807312,0.1422690898180008,,,,dqn_icm,cartpole,dense,0.01,0.9,2,1.0
100,13.0,13,0.6865,0.0004432449350133538,1.2222537994384766,0.01637781411409378,0.5681268572807312,0.1422690898180008,9.0,0.7745966692414834,9.0,dqn_icm,cartpole,dense,0.01,0.9,2,1.0
101,23.0,23,0.6833333333333333,0.0002793558523990214,1.2089202404022217,0.01327773928642273,0.5654366612434387,0.13968525826931,,,,dqn_icm,cartpole,dense,0.01,0.9,2,1.0
102,10.0,10,0.6801666666666667,0.00020551803754642606,1.183952808380127,0.014778930693864822,0.5654366612434387,0.13968525826931,,,,dqn_icm,cartpole,dense,0.01,0.9,2,1.0
103,27.0,27,0.677,6.163076614029706e-05,1.189103364944458,0.007183713838458061,0.5669263005256653,0.15406516194343567,,,,dqn_icm,cartpole,dense,0.01,0.9,2,1.0
104,13.0,13,0.6738333333333333,0.00026965097640641034,1.2111817598342896,0.015190085396170616,0.5669263005256653,0.15406516194343567,,,,dqn_icm,cartpole,dense,0.01,0.9,2,1.0
105,16.0,16,0.6706666666666667,0.00023015079204924405,1.2188005447387695,0.013994187116622925,0.5669263005256653,0.15406516194343567,,,,dqn_icm,cartpole,dense,0.01,0.9,2,1.0
106,21.0,21,0.6675,0.00022184399131219834,1.2221875190734863,0.012362182140350342,0.5605888962745667,0.15198394656181335,,,,dqn_icm,cartpole,dense,0.01,0.9,2,1.0
107,32.0,32,0.6643333333333333,0.0005322875222191215,1.2214112281799316,0.021310022100806236,0.5779137015342712,0.17583432793617249,,,,dqn_icm,cartpole,dense,0.01,0.9,2,1.0
108,17.0,17,0.6611666666666667,0.0003793942159973085,1.238459587097168,0.015339093282818794,0.5779137015342712,0.17583432793617249,,,,dqn_icm,cartpole,dense,0.01,0.9,2,1.0
109,16.0,16,0.658,0.0001333859981968999,1.1462714672088623,0.01245930790901184,0.5647519826889038,0.11823531985282898,,,,dqn_icm,cartpole,dense,0.01,0.9,2,1.0
110,8.0,8,0.6548333333333334,0.0003313028428237885,1.221674919128418,0.013901902362704277,0.5647519826889038,0.11823531985282898,,,,dqn_icm,cartpole,dense,0.01,0.9,2,1.0
111,11.0,11,0.6516666666666667,0.00021922237647231668,1.2070326805114746,0.011907918378710747,0.5647519826889038,0.11823531985282898,,,,dqn_icm,cartpole,dense,0.01,0.9,2,1.0
112,16.0,16,0.6485000000000001,0.00041025332757271826,1.2340816259384155,0.016077177599072456,0.5647519826889038,0.11823531985282898,,,,dqn_icm,cartpole,dense,0.01,0.9,2,1.0
113,14.0,14,0.6453333333333333,0.00025172485038638115,1.2459540367126465,0.014389393851161003,0.5691348910331726,0.17572727799415588,,,,dqn_icm,cartpole,dense,0.01,0.9,2,1.0
114,15.0,15,0.6421666666666668,0.0001753377728164196,1.1679761409759521,0.014941293746232986,0.5691348910331726,0.17572727799415588,,,,dqn_icm,cartpole,dense,0.01,0.9,2,1.0
115,10.0,10,0.639,0.0001434721052646637,1.1917080879211426,0.009907882660627365,0.5691348910331726,0.17572727799415588,,,,dqn_icm,cartpole,dense,0.01,0.9,2,1.0
116,13.0,13,0.6358333333333333,0.00022925900702830404,1.1825520992279053,0.011800602078437805,0.5660600662231445,0.16353237628936768,,,,dqn_icm,cartpole,dense,0.01,0.9,2,1.0
117,10.0,10,0.6326666666666667,0.00039534963434562087,1.236433506011963,0.015484539791941643,0.5660600662231445,0.16353237628936768,,,,dqn_icm,cartpole,dense,0.01,0.9,2,1.0
118,24.0,24,0.6295,0.00020985290757380426,1.1721272468566895,0.011727232486009598,0.5605075359344482,0.13438570499420166,,,,dqn_icm,cartpole,dense,0.01,0.9,2,1.0
119,13.0,13,0.6263333333333334,0.00012285189586691558,1.211221694946289,0.009086912497878075,0.5605075359344482,0.13438570499420166,,,,dqn_icm,cartpole,dense,0.01,0.9,2,1.0
120,14.0,14,0.6231666666666666,0.00026071217143908143,1.2264983654022217,0.013349631801247597,0.5605075359344482,0.13438570499420166,,,,dqn_icm,cartpole,dense,0.01,0.9,2,1.0
121,14.0,14,0.62,0.00033528098720125854,1.2174813747406006,0.015401232987642288,0.5621798038482666,0.14009881019592285,,,,dqn_icm,cartpole,dense,0.01,0.9,2,1.0
122,13.0,13,0.6168333333333333,9.880302241072059e-05,1.2116765975952148,0.010104143992066383,0.5621798038482666,0.14009881019592285,,,,dqn_icm,cartpole,dense,0.01,0.9,2,1.0
123,11.0,11,0.6136666666666667,0.00029613697552122176,1.2128479480743408,0.015971340239048004,0.5621798038482666,0.14009881019592285,,,,dqn_icm,cartpole,dense,0.01,0.9,2,1.0
124,17.0,17,0.6105,0.00015879218699410558,1.1997816562652588,0.011546464636921883,0.5583615303039551,0.14461413025856018,,,,dqn_icm,cartpole,dense,0.01,0.9,2,1.0
125,9.0,9,0.6073333333333333,0.00015001712017692626,1.1935261487960815,0.01218327321112156,0.5583615303039551,0.14461413025856018,,,,dqn_icm,cartpole,dense,0.01,0.9,2,1.0
126,11.0,11,0.6041666666666667,0.0002659918391145766,1.2068698406219482,0.01219923235476017,0.5583615303039551,0.14461413025856018,,,,dqn_icm,cartpole,dense,0.01,0.9,2,1.0
127,11.0,11,0.601,0.0001625746808713302,1.2030951976776123,0.010303862392902374,0.5583615303039551,0.14461413025856018,,,,dqn_icm,cartpole,dense,0.01,0.9,2,1.0
128,22.0,22,0.5978333333333333,0.00034632827737368643,1.1905040740966797,0.01656263880431652,0.5601133704185486,0.17736488580703735,,,,dqn_icm,cartpole,dense,0.01,0.9,2,1.0
129,17.0,17,0.5946666666666667,0.00012114066339563578,1.2324259281158447,0.00978098250925541,0.5601133704185486,0.17736488580703735,,,,dqn_icm,cartpole,dense,0.01,0.9,2,1.0
130,15.0,15,0.5915,0.00039746068068780005,1.2512551546096802,0.01952972263097763,0.5654978156089783,0.22423937916755676,,,,dqn_icm,cartpole,dense,0.01,0.9,2,1.0
131,13.0,13,0.5883333333333334,0.0002118622069247067,1.2298619747161865,0.013301542028784752,0.5654978156089783,0.22423937916755676,,,,dqn_icm,cartpole,dense,0.01,0.9,2,1.0
132,14.0,14,0.5851666666666667,0.0002271595294587314,1.2048205137252808,0.009983332827687263,0.5654978156089783,0.22423937916755676,,,,dqn_icm,cartpole,dense,0.01,0.9,2,1.0
133,12.0,12,0.5820000000000001,0.0002067307650577277,1.1553106307983398,0.01512235403060913,0.5659854412078857,0.14231406152248383,,,,dqn_icm,cartpole,dense,0.01,0.9,2,1.0
134,18.0,18,0.5788333333333333,0.0004151408502366394,1.1757488250732422,0.01639424078166485,0.5659854412078857,0.14231406152248383,,,,dqn_icm,cartpole,dense,0.01,0.9,2,1.0
135,9.0,9,0.5756666666666668,0.0003925449855159968,1.2036464214324951,0.01650979556143284,0.5659854412078857,0.14231406152248383,,,,dqn_icm,cartpole,dense,0.01,0.9,2,1.0
136,12.0,12,0.5725,0.00019236539083067328,1.1934659481048584,0.012186234816908836,0.5682812333106995,0.1671045422554016,,,,dqn_icm,cartpole,dense,0.01,0.9,2,1.0
137,12.0,12,0.5693333333333334,0.0003008172498084605,1.2142081260681152,0.01319538801908493,0.5682812333106995,0.1671045422554016,,,,dqn_icm,cartpole,dense,0.01,0.9,2,1.0
138,22.0,22,0.5661666666666667,0.00021939903672318906,1.2282034158706665,0.01114768534898758,0.5650686621665955,0.1815347969532013,,,,dqn_icm,cartpole,dense,0.01,0.9,2,1.0
139,11.0,11,0.563,0.0001582879776833579,1.1862484216690063,0.010433066636323929,0.5650686621665955,0.1815347969532013,,,,dqn_icm,cartpole,dense,0.01,0.9,2,1.0
140,10.0,10,0.5598333333333334,0.00023913873883429915,1.2064143419265747,0.012031055986881256,0.5650686621665955,0.1815347969532013,,,,dqn_icm,cartpole,dense,0.01,0.9,2,1.0
141,9.0,9,0.5566666666666666,8.152611553668976e-05,1.1788878440856934,0.008575115352869034,0.5650686621665955,0.1815347969532013,,,,dqn_icm,cartpole,dense,0.01,0.9,2,1.0
142,19.0,19,0.5535000000000001,0.0004896757891401649,1.2082972526550293,0.016651878133416176,0.5460634231567383,0.1386204957962036,,,,dqn_icm,cartpole,dense,0.01,0.9,2,1.0
143,14.0,14,0.5503333333333333,0.0003301271644886583,1.2504123449325562,0.019574400037527084,0.5460634231567383,0.1386204957962036,,,,dqn_icm,cartpole,dense,0.01,0.9,2,1.0
144,10.0,10,0.5471666666666667,0.00042309443233534694,1.2653632164001465,0.020009230822324753,0.5460634231567383,0.1386204957962036,,,,dqn_icm,cartpole,dense,0.01,0.9,2,1.0
145,12.0,12,0.544,0.21965524554252625,1.6285138130187988,0.6555466651916504,0.5674498677253723,0.13733813166618347,,,,dqn_icm,cartpole,dense,0.01,0.9,2,1.0
146,9.0,9,0.5408333333333333,0.16763433814048767,2.807373523712158,0.4788585305213928,0.5674498677253723,0.13733813166618347,,,,dqn_icm,cartpole,dense,0.01,0.9,2,1.0
147,29.0,29,0.5376666666666667,0.18964315950870514,2.7619903087615967,0.5147796869277954,0.5623394250869751,0.1613837629556656,,,,dqn_icm,cartpole,dense,0.01,0.9,2,1.0
148,11.0,11,0.5345,0.10809337347745895,2.191584825515747,0.3227306008338928,0.5623394250869751,0.1613837629556656,,,,dqn_icm,cartpole,dense,0.01,0.9,2,1.0
149,13.0,13,0.5313333333333333,0.10062111914157867,2.0561394691467285,0.3869425058364868,0.5623394250869751,0.1613837629556656,,,,dqn_icm,cartpole,dense,0.01,0.9,2,1.0
150,12.0,12,0.5281666666666667,0.09075252711772919,2.3781914710998535,0.27331531047821045,0.5705133676528931,0.21418669819831848,9.0,0.7745966692414834,9.0,dqn_icm,cartpole,dense,0.01,0.9,2,1.0
151,11.0,11,0.525,0.07998647540807724,2.3411049842834473,0.21968230605125427,0.5705133676528931,0.21418669819831848,,,,dqn_icm,cartpole,dense,0.01,0.9,2,1.0
152,20.0,20,0.5218333333333334,0.05533644184470177,2.2079203128814697,0.17355632781982422,0.5705133676528931,0.21418669819831848,,,,dqn_icm,cartpole,dense,0.01,0.9,2,1.0
153,12.0,12,0.5186666666666666,0.06311511993408203,2.341926336288452,0.2172827124595642,0.5697794556617737,0.16412416100502014,,,,dqn_icm,cartpole,dense,0.01,0.9,2,1.0
154,11.0,11,0.5155000000000001,0.027600498870015144,2.22206711769104,0.1358361840248108,0.5697794556617737,0.16412416100502014,,,,dqn_icm,cartpole,dense,0.01,0.9,2,1.0
155,9.0,9,0.5123333333333333,0.08018505573272705,2.2751059532165527,0.24986237287521362,0.5697794556617737,0.16412416100502014,,,,dqn_icm,cartpole,dense,0.01,0.9,2,1.0
156,9.0,9,0.5091666666666667,0.014994874596595764,2.2226781845092773,0.09382646530866623,0.5697794556617737,0.16412416100502014,,,,dqn_icm,cartpole,dense,0.01,0.9,2,1.0
157,18.0,18,0.506,0.04104636237025261,2.2334868907928467,0.12816327810287476,0.5685136318206787,0.18375644087791443,,,,dqn_icm,cartpole,dense,0.01,0.9,2,1.0
158,17.0,17,0.5028333333333334,0.04952268302440643,2.215043544769287,0.2004179060459137,0.5685136318206787,0.18375644087791443,,,,dqn_icm,cartpole,dense,0.01,0.9,2,1.0
159,10.0,10,0.4996666666666667,0.02210637740790844,2.2734856605529785,0.10051462054252625,0.5685136318206787,0.18375644087791443,,,,dqn_icm,cartpole,dense,0.01,0.9,2,1.0
160,10.0,10,0.49650000000000005,0.05058177560567856,2.2939090728759766,0.15298816561698914,0.5573906302452087,0.17517948150634766,,,,dqn_icm,cartpole,dense,0.01,0.9,2,1.0
161,11.0,11,0.4933333333333334,0.02724309079349041,2.2512118816375732,0.11784254014492035,0.5573906302452087,0.17517948150634766,,,,dqn_icm,cartpole,dense,0.01,0.9,2,1.0
162,13.0,13,0.49016666666666675,0.05350437015295029,2.240973949432373,0.1520107090473175,0.5573906302452087,0.17517948150634766,,,,dqn_icm,cartpole,dense,0.01,0.9,2,1.0
163,12.0,12,0.487,0.049864500761032104,2.3590259552001953,0.15497291088104248,0.5608084797859192,0.1804400086402893,,,,dqn_icm,cartpole,dense,0.01,0.9,2,1.0
164,13.0,13,0.48383333333333334,0.04578879848122597,2.322765588760376,0.15484441816806793,0.5608084797859192,0.1804400086402893,,,,dqn_icm,cartpole,dense,0.01,0.9,2,1.0
165,12.0,12,0.4806666666666667,0.08856303244829178,2.2251014709472656,0.25335922837257385,0.5608084797859192,0.1804400086402893,,,,dqn_icm,cartpole,dense,0.01,0.9,2,1.0
166,10.0,10,0.47750000000000004,0.03249787911772728,2.1498281955718994,0.17624744772911072,0.5608084797859192,0.1804400086402893,,,,dqn_icm,cartpole,dense,0.01,0.9,2,1.0
167,11.0,11,0.4743333333333334,0.0435919389128685,2.329710006713867,0.1615772545337677,0.5558322668075562,0.16943113505840302,,,,dqn_icm,cartpole,dense,0.01,0.9,2,1.0
168,18.0,18,0.47116666666666673,0.037825923413038254,2.0603959560394287,0.21204888820648193,0.5558322668075562,0.16943113505840302,,,,dqn_icm,cartpole,dense,0.01,0.9,2,1.0
169,11.0,11,0.46799999999999997,0.045630037784576416,2.136716842651367,0.20796707272529602,0.5558322668075562,0.16943113505840302,,,,dqn_icm,cartpole,dense,0.01,0.9,2,1.0
170,9.0,9,0.4648333333333333,0.035409390926361084,2.2806482315063477,0.1347644031047821,0.5560175180435181,0.17015182971954346,,,,dqn_icm,cartpole,dense,0.01,0.9,2,1.0
171,15.0,15,0.46166666666666667,0.03403891995549202,2.2137112617492676,0.15748251974582672,0.5560175180435181,0.17015182971954346,,,,dqn_icm,cartpole,dense,0.01,0.9,2,1.0
172,9.0,9,0.4585,0.03823430836200714,2.3558881282806396,0.18218231201171875,0.5560175180435181,0.17015182971954346,,,,dqn_icm,cartpole,dense,0.01,0.9,2,1.0
173,12.0,12,0.45533333333333337,0.05699313431978226,2.3327088356018066,0.1866181641817093,0.5525653958320618,0.17820164561271667,,,,dqn_icm,cartpole,dense,0.01,0.9,2,1.0
174,16.0,16,0.4521666666666667,0.03602931275963783,2.266223430633545,0.1638917177915573,0.5525653958320618,0.17820164561271667,,,,dqn_icm,cartpole,dense,0.01,0.9,2,1.0
175,10.0,10,0.44900000000000007,0.04768793657422066,2.346100330352783,0.16866889595985413,0.5525653958320618,0.17820164561271667,,,,dqn_icm,cartpole,dense,0.01,0.9,2,1.0
176,12.0,12,0.4458333333333333,0.06912803649902344,2.2855653762817383,0.2091573178768158,0.5505232810974121,0.18866631388664246,,,,dqn_icm,cartpole,dense,0.01,0.9,2,1.0
177,11.0,11,0.44266666666666665,0.043832700699567795,2.2142457962036133,0.17342205345630646,0.5505232810974121,0.18866631388664246,,,,dqn_icm,cartpole,dense,0.01,0.9,2,1.0
178,13.0,13,0.4395,0.053977254778146744,2.447702169418335,0.2044963836669922,0.5505232810974121,0.18866631388664246,,,,dqn_icm,cartpole,dense,0.01,0.9,2,1.0
179,10.0,10,0.43633333333333335,0.04660589247941971,2.254790782928467,0.18733656406402588,0.5505232810974121,0.18866631388664246,,,,dqn_icm,cartpole,dense,0.01,0.9,2,1.0
180,10.0,10,0.4331666666666667,0.037584301084280014,2.2370362281799316,0.17319120466709137,0.56183260679245,0.19950154423713684,,,,dqn_icm,cartpole,dense,0.01,0.9,2,1.0
181,15.0,15,0.43000000000000005,0.023425044491887093,2.309048652648926,0.11689497530460358,0.56183260679245,0.19950154423713684,,,,dqn_icm,cartpole,dense,0.01,0.9,2,1.0
182,15.0,15,0.4268333333333333,0.051127854734659195,2.139618396759033,0.22950583696365356,0.56183260679245,0.19950154423713684,,,,dqn_icm,cartpole,dense,0.01,0.9,2,1.0
183,12.0,12,0.42366666666666664,0.030172469094395638,2.282475471496582,0.15152794122695923,0.5498810410499573,0.1564238965511322,,,,dqn_icm,cartpole,dense,0.01,0.9,2,1.0
184,9.0,9,0.4205,0.041927166283130646,2.3237807750701904,0.20196890830993652,0.5498810410499573,0.1564238965511322,,,,dqn_icm,cartpole,dense,0.01,0.9,2,1.0
185,19.0,19,0.41733333333333344,0.0415804460644722,2.1447665691375732,0.17111489176750183,0.5498810410499573,0.1564238965511322,,,,dqn_icm,cartpole,dense,0.01,0.9,2,1.0
186,9.0,9,0.4141666666666667,0.030953384935855865,2.193047523498535,0.14709526300430298,0.5586898326873779,0.198402538895607,,,,dqn_icm,cartpole,dense,0.01,0.9,2,1.0
187,13.0,13,0.41100000000000003,0.03061642125248909,2.258812427520752,0.1463005542755127,0.5586898326873779,0.198402538895607,,,,dqn_icm,cartpole,dense,0.01,0.9,2,1.0
188,10.0,10,0.4078333333333334,0.039270684123039246,2.187835216522217,0.16417358815670013,0.5586898326873779,0.198402538895607,,,,dqn_icm,cartpole,dense,0.01,0.9,2,1.0
189,10.0,10,0.4046666666666666,0.03788710758090019,2.241298198699951,0.17333385348320007,0.5586898326873779,0.198402538895607,,,,dqn_icm,cartpole,dense,0.01,0.9,2,1.0
190,10.0,10,0.4015000000000001,0.016405507922172546,2.3718700408935547,0.1386798471212387,0.5557715892791748,0.20364925265312195,,,,dqn_icm,cartpole,dense,0.01,0.9,2,1.0
191,10.0,10,0.39833333333333343,0.04305175691843033,2.3947362899780273,0.1644972562789917,0.5557715892791748,0.20364925265312195,,,,dqn_icm,cartpole,dense,0.01,0.9,2,1.0
192,9.0,9,0.39516666666666667,0.029755782335996628,2.2498645782470703,0.14509683847427368,0.5557715892791748,0.20364925265312195,,,,dqn_icm,cartpole,dense,0.01,0.9,2,1.0
193,11.0,11,0.392,0.0331672802567482,2.3133273124694824,0.1609269231557846,0.5557715892791748,0.20364925265312195,,,,dqn_icm,cartpole,dense,0.01,0.9,2,1.0
194,28.0,28,0.38883333333333336,0.09528201073408127,2.288193702697754,0.2636646628379822,0.5624656677246094,0.15942949056625366,,,,dqn_icm,cartpole,dense,0.01,0.9,2,1.0
195,11.0,11,0.3856666666666667,0.06166315823793411,2.2066521644592285,0.22940278053283691,0.5624656677246094,0.15942949056625366,,,,dqn_icm,cartpole,dense,0.01,0.9,2,1.0
196,9.0,9,0.38250000000000006,0.03401532769203186,2.3626980781555176,0.1504344940185547,0.5494168400764465,0.18069207668304443,,,,dqn_icm,cartpole,dense,0.01,0.9,2,1.0
197,10.0,10,0.3793333333333334,0.028865201398730278,2.332975387573242,0.15243679285049438,0.5494168400764465,0.18069207668304443,,,,dqn_icm,cartpole,dense,0.01,0.9,2,1.0
198,14.0,14,0.37616666666666676,0.04761302471160889,2.1596462726593018,0.2221921980381012,0.5494168400764465,0.18069207668304443,,,,dqn_icm,cartpole,dense,0.01,0.9,2,1.0
199,12.0,12,0.373,0.048650581389665604,2.3480095863342285,0.17151236534118652,0.5459901094436646,0.22520077228546143,,,,dqn_icm,cartpole,dense,0.01,0.9,2,1.0
200,13.0,13,0.36983333333333335,0.04833921045064926,2.423638105392456,0.1795293688774109,0.5459901094436646,0.22520077228546143,9.4,0.8,9.4,dqn_icm,cartpole,dense,0.01,0.9,2,1.0
201,10.0,10,0.3666666666666667,0.045556556433439255,2.242461681365967,0.1716962605714798,0.5459901094436646,0.22520077228546143,,,,dqn_icm,cartpole,dense,0.01,0.9,2,1.0
202,10.0,10,0.36350000000000005,0.06916137039661407,2.1220474243164062,0.23547258973121643,0.5459901094436646,0.22520077228546143,,,,dqn_icm,cartpole,dense,0.01,0.9,2,1.0
203,9.0,9,0.3603333333333334,0.0439826175570488,2.2881808280944824,0.1816992163658142,0.5527727603912354,0.21359282732009888,,,,dqn_icm,cartpole,dense,0.01,0.9,2,1.0
204,14.0,14,0.35716666666666674,0.031534142792224884,2.2925844192504883,0.16769883036613464,0.5527727603912354,0.21359282732009888,,,,dqn_icm,cartpole,dense,0.01,0.9,2,1.0
205,10.0,10,0.354,0.025280028581619263,2.247018575668335,0.1363067477941513,0.5527727603912354,0.21359282732009888,,,,dqn_icm,cartpole,dense,0.01,0.9,2,1.0
206,13.0,13,0.35083333333333333,0.024524271488189697,2.301510810852051,0.13682352006435394,0.5598043203353882,0.17156559228897095,,,,dqn_icm,cartpole,dense,0.01,0.9,2,1.0
207,9.0,9,0.3476666666666667,0.04573100432753563,2.438981056213379,0.19335320591926575,0.5598043203353882,0.17156559228897095,,,,dqn_icm,cartpole,dense,0.01,0.9,2,1.0
208,10.0,10,0.34450000000000003,0.02208676002919674,2.2579760551452637,0.11773403733968735,0.5598043203353882,0.17156559228897095,,,,dqn_icm,cartpole,dense,0.01,0.9,2,1.0
209,10.0,10,0.3413333333333334,0.043192118406295776,2.2353975772857666,0.15366141498088837,0.5598043203353882,0.17156559228897095,,,,dqn_icm,cartpole,dense,0.01,0.9,2,1.0
210,17.0,17,0.3381666666666667,0.06856396794319153,2.413939952850342,0.1650594025850296,0.5466820001602173,0.21509230136871338,,,,dqn_icm,cartpole,dense,0.01,0.9,2,1.0
211,10.0,10,0.3350000000000001,0.045215219259262085,2.2814714908599854,0.17564290761947632,0.5466820001602173,0.21509230136871338,,,,dqn_icm,cartpole,dense,0.01,0.9,2,1.0
212,14.0,14,0.3318333333333333,0.01605534367263317,2.3206534385681152,0.10874857753515244,0.5466820001602173,0.21509230136871338,,,,dqn_icm,cartpole,dense,0.01,0.9,2,1.0
213,8.0,8,0.32866666666666666,0.06419597566127777,2.3767480850219727,0.2100687175989151,0.5466820001602173,0.21509230136871338,,,,dqn_icm,cartpole,dense,0.01,0.9,2,1.0
214,12.0,12,0.3255,0.03532303869724274,2.2035231590270996,0.13903892040252686,0.5462976098060608,0.2379779815673828,,,,dqn_icm,cartpole,dense,0.01,0.9,2,1.0
215,12.0,12,0.32233333333333336,0.05051561817526817,2.321965217590332,0.15641048550605774,0.5462976098060608,0.2379779815673828,,,,dqn_icm,cartpole,dense,0.01,0.9,2,1.0
216,8.0,8,0.3191666666666667,0.03401622176170349,2.3562116622924805,0.148981973528862,0.5462976098060608,0.2379779815673828,,,,dqn_icm,cartpole,dense,0.01,0.9,2,1.0
217,9.0,9,0.31600000000000006,0.041576188057661057,2.4596774578094482,0.15629445016384125,0.5459290742874146,0.2391003966331482,,,,dqn_icm,cartpole,dense,0.01,0.9,2,1.0
218,9.0,9,0.3128333333333333,0.0483914315700531,2.3061294555664062,0.16502073407173157,0.5459290742874146,0.2391003966331482,,,,dqn_icm,cartpole,dense,0.01,0.9,2,1.0
219,11.0,11,0.30966666666666665,0.03723907098174095,2.21652889251709,0.15144513547420502,0.5459290742874146,0.2391003966331482,,,,dqn_icm,cartpole,dense,0.01,0.9,2,1.0
220,13.0,13,0.3065,0.050328485667705536,2.4813344478607178,0.18178707361221313,0.5459290742874146,0.2391003966331482,,,,dqn_icm,cartpole,dense,0.01,0.9,2,1.0
221,14.0,14,0.30333333333333345,0.019236691296100616,2.308602809906006,0.11522647738456726,0.5517076253890991,0.21913403272628784,,,,dqn_icm,cartpole,dense,0.01,0.9,2,1.0
222,14.0,14,0.3001666666666667,0.03693174943327904,2.192976474761963,0.16386984288692474,0.5517076253890991,0.21913403272628784,,,,dqn_icm,cartpole,dense,0.01,0.9,2,1.0
223,10.0,10,0.29700000000000004,0.08595834672451019,2.4218692779541016,0.23855869472026825,0.5517076253890991,0.21913403272628784,,,,dqn_icm,cartpole,dense,0.01,0.9,2,1.0
224,11.0,11,0.2938333333333334,0.03461820259690285,2.279452085494995,0.16498935222625732,0.5489032864570618,0.17648503184318542,,,,dqn_icm,cartpole,dense,0.01,0.9,2,1.0
225,10.0,10,0.29066666666666663,0.07284136116504669,2.311432361602783,0.2024889588356018,0.5489032864570618,0.17648503184318542,,,,dqn_icm,cartpole,dense,0.01,0.9,2,1.0
226,10.0,10,0.2875000000000001,0.038580939173698425,2.3411638736724854,0.15815745294094086,0.5489032864570618,0.17648503184318542,,,,dqn_icm,cartpole,dense,0.01,0.9,2,1.0
227,14.0,14,0.28433333333333344,0.01934567652642727,2.2282116413116455,0.13112583756446838,0.5489032864570618,0.17648503184318542,,,,dqn_icm,cartpole,dense,0.01,0.9,2,1.0
228,9.0,9,0.2811666666666667,0.028053272515535355,2.343019962310791,0.14914129674434662,0.5376474857330322,0.2607034146785736,,,,dqn_icm,cartpole,dense,0.01,0.9,2,1.0
229,12.0,12,0.278,0.03814505785703659,2.2613189220428467,0.1591622233390808,0.5376474857330322,0.2607034146785736,,,,dqn_icm,cartpole,dense,0.01,0.9,2,1.0
230,8.0,8,0.2748333333333334,0.04662387818098068,2.318171501159668,0.19662895798683167,0.5376474857330322,0.2607034146785736,,,,dqn_icm,cartpole,dense,0.01,0.9,2,1.0
231,9.0,9,0.2716666666666666,0.019594263285398483,2.322359085083008,0.14211368560791016,0.5376474857330322,0.2607034146785736,,,,dqn_icm,cartpole,dense,0.01,0.9,2,1.0
232,10.0,10,0.26850000000000007,0.022407151758670807,2.296238422393799,0.12980769574642181,0.5554847717285156,0.15291835367679596,,,,dqn_icm,cartpole,dense,0.01,0.9,2,1.0
233,11.0,11,0.2653333333333334,0.016437172889709473,2.292241334915161,0.13102632761001587,0.5554847717285156,0.15291835367679596,,,,dqn_icm,cartpole,dense,0.01,0.9,2,1.0
234,10.0,10,0.26216666666666677,0.04147110506892204,2.362400531768799,0.14839275181293488,0.5554847717285156,0.15291835367679596,,,,dqn_icm,cartpole,dense,0.01,0.9,2,1.0
235,12.0,12,0.259,0.04286637529730797,2.327296733856201,0.15292227268218994,0.5554847717285156,0.15291835367679596,,,,dqn_icm,cartpole,dense,0.01,0.9,2,1.0
236,12.0,12,0.25583333333333336,0.04713287949562073,2.312290668487549,0.16625642776489258,0.549974262714386,0.20907509326934814,,,,dqn_icm,cartpole,dense,0.01,0.9,2,1.0
237,10.0,10,0.2526666666666667,0.048084408044815063,2.2383294105529785,0.1525069773197174,0.549974262714386,0.20907509326934814,,,,dqn_icm,cartpole,dense,0.01,0.9,2,1.0
238,11.0,11,0.24950000000000006,0.044911377131938934,2.389431953430176,0.18129754066467285,0.549974262714386,0.20907509326934814,,,,dqn_icm,cartpole,dense,0.01,0.9,2,1.0
239,14.0,14,0.2463333333333334,0.032395943999290466,2.276383399963379,0.1480908989906311,0.5613822937011719,0.1887260228395462,,,,dqn_icm,cartpole,dense,0.01,0.9,2,1.0
240,12.0,12,0.24316666666666675,0.034674979746341705,2.2969369888305664,0.17663514614105225,0.5613822937011719,0.1887260228395462,,,,dqn_icm,cartpole,dense,0.01,0.9,2,1.0
241,10.0,10,0.24,0.03911123797297478,2.354008674621582,0.1367647647857666,0.5613822937011719,0.1887260228395462,,,,dqn_icm,cartpole,dense,0.01,0.9,2,1.0
242,11.0,11,0.23683333333333334,0.022984446957707405,2.2978644371032715,0.10370849072933197,0.5613822937011719,0.1887260228395462,,,,dqn_icm,cartpole,dense,0.01,0.9,2,1.0
243,10.0,10,0.2336666666666667,0.019901037216186523,2.320732355117798,0.10326869040727615,0.5266203284263611,0.23150740563869476,,,,dqn_icm,cartpole,dense,0.01,0.9,2,1.0
244,12.0,12,0.23050000000000004,0.052012067288160324,2.374131917953491,0.16949334740638733,0.5266203284263611,0.23150740563869476,,,,dqn_icm,cartpole,dense,0.01,0.9,2,1.0
245,11.0,11,0.2273333333333334,0.022376319393515587,2.3415379524230957,0.11865205317735672,0.5266203284263611,0.23150740563869476,,,,dqn_icm,cartpole,dense,0.01,0.9,2,1.0
246,10.0,10,0.22416666666666674,0.02301916666328907,2.2733423709869385,0.11530662328004837,0.5356311202049255,0.20949417352676392,,,,dqn_icm,cartpole,dense,0.01,0.9,2,1.0
247,9.0,9,0.22100000000000009,0.027504051104187965,2.3499703407287598,0.11583401262760162,0.5356311202049255,0.20949417352676392,,,,dqn_icm,cartpole,dense,0.01,0.9,2,1.0
248,11.0,11,0.21783333333333332,0.016744859516620636,2.3500804901123047,0.11152654886245728,0.5356311202049255,0.20949417352676392,,,,dqn_icm,cartpole,dense,0.01,0.9,2,1.0
249,12.0,12,0.21466666666666667,0.06184486672282219,2.3326072692871094,0.1598585844039917,0.5356311202049255,0.20949417352676392,,,,dqn_icm,cartpole,dense,0.01,0.9,2,1.0
250,11.0,11,0.21150000000000002,0.031124070286750793,2.2632081508636475,0.16320064663887024,0.5469856858253479,0.22099751234054565,9.8,0.4,9.8,dqn_icm,cartpole,dense,0.01,0.9,2,1.0
251,9.0,9,0.20833333333333337,0.03945522755384445,2.297212600708008,0.17524461448192596,0.5469856858253479,0.22099751234054565,,,,dqn_icm,cartpole,dense,0.01,0.9,2,1.0
252,9.0,9,0.20516666666666672,0.021341348066926003,2.4125561714172363,0.16188466548919678,0.5469856858253479,0.22099751234054565,,,,dqn_icm,cartpole,dense,0.01,0.9,2,1.0
253,12.0,12,0.20200000000000007,0.052891653031110764,2.320692539215088,0.17905378341674805,0.5469856858253479,0.22099751234054565,,,,dqn_icm,cartpole,dense,0.01,0.9,2,1.0
254,10.0,10,0.1988333333333333,0.06007137522101402,2.3306305408477783,0.22177372872829437,0.5470150113105774,0.27588188648223877,,,,dqn_icm,cartpole,dense,0.01,0.9,2,1.0
255,10.0,10,0.19566666666666666,0.0421217605471611,2.3658041954040527,0.16517990827560425,0.5470150113105774,0.27588188648223877,,,,dqn_icm,cartpole,dense,0.01,0.9,2,1.0
256,12.0,12,0.1925,0.03320569172501564,2.3591485023498535,0.13122215867042542,0.5470150113105774,0.27588188648223877,,,,dqn_icm,cartpole,dense,0.01,0.9,2,1.0
257,11.0,11,0.18933333333333335,0.04665834456682205,2.269134521484375,0.20415717363357544,0.5470150113105774,0.27588188648223877,,,,dqn_icm,cartpole,dense,0.01,0.9,2,1.0
258,9.0,9,0.1861666666666667,0.021516773849725723,2.265504837036133,0.1107829213142395,0.5335903763771057,0.24540460109710693,,,,dqn_icm,cartpole,dense,0.01,0.9,2,1.0
259,10.0,10,0.18300000000000005,0.02418798953294754,2.4759180545806885,0.14687266945838928,0.5335903763771057,0.24540460109710693,,,,dqn_icm,cartpole,dense,0.01,0.9,2,1.0
260,9.0,9,0.1798333333333334,0.017391886562108994,2.3377528190612793,0.11070267856121063,0.5335903763771057,0.24540460109710693,,,,dqn_icm,cartpole,dense,0.01,0.9,2,1.0
261,10.0,10,0.17666666666666664,0.044168684631586075,2.2717010974884033,0.15995793044567108,0.5335903763771057,0.24540460109710693,,,,dqn_icm,cartpole,dense,0.01,0.9,2,1.0
262,10.0,10,0.1735,0.025909986346960068,2.347743034362793,0.12565557658672333,0.5421939492225647,0.2315560281276703,,,,dqn_icm,cartpole,dense,0.01,0.9,2,1.0
263,9.0,9,0.17033333333333345,0.01653573289513588,2.3508543968200684,0.09372887760400772,0.5421939492225647,0.2315560281276703,,,,dqn_icm,cartpole,dense,0.01,0.9,2,1.0
264,12.0,12,0.16716666666666669,0.03016369789838791,2.389009952545166,0.14898991584777832,0.5421939492225647,0.2315560281276703,,,,dqn_icm,cartpole,dense,0.01,0.9,2,1.0
265,8.0,8,0.16400000000000003,0.05916000157594681,2.287477970123291,0.22850604355335236,0.5421939492225647,0.2315560281276703,,,,dqn_icm,cartpole,dense,0.01,0.9,2,1.0
266,10.0,10,0.16083333333333338,0.065567247569561,2.4578804969787598,0.18389907479286194,0.5496509075164795,0.28537487983703613,,,,dqn_icm,cartpole,dense,0.01,0.9,2,1.0
267,9.0,9,0.15766666666666662,0.04567522555589676,2.23828125,0.20331570506095886,0.5496509075164795,0.28537487983703613,,,,dqn_icm,cartpole,dense,0.01,0.9,2,1.0
268,9.0,9,0.15450000000000008,0.02881789207458496,2.278212785720825,0.16314882040023804,0.5496509075164795,0.28537487983703613,,,,dqn_icm,cartpole,dense,0.01,0.9,2,1.0
269,11.0,11,0.15133333333333343,0.052623603492975235,2.364936351776123,0.17807188630104065,0.5496509075164795,0.28537487983703613,,,,dqn_icm,cartpole,dense,0.01,0.9,2,1.0
270,10.0,10,0.14816666666666678,0.029177499935030937,2.347043037414551,0.12657809257507324,0.52086341381073,0.19348189234733582,,,,dqn_icm,cartpole,dense,0.01,0.9,2,1.0
271,12.0,12,0.14500000000000002,0.03201809525489807,2.3032431602478027,0.15616220235824585,0.52086341381073,0.19348189234733582,,,,dqn_icm,cartpole,dense,0.01,0.9,2,1.0
272,11.0,11,0.14183333333333337,0.019450269639492035,2.4569902420043945,0.15546433627605438,0.52086341381073,0.19348189234733582,,,,dqn_icm,cartpole,dense,0.01,0.9,2,1.0
273,10.0,10,0.13866666666666672,0.059069789946079254,2.3834962844848633,0.2159254103899002,0.52086341381073,0.19348189234733582,,,,dqn_icm,cartpole,dense,0.01,0.9,2,1.0
274,10.0,10,0.13550000000000006,0.025576550513505936,2.2621307373046875,0.16824226081371307,0.5587552189826965,0.20522087812423706,,,,dqn_icm,cartpole,dense,0.01,0.9,2,1.0
275,9.0,9,0.1323333333333334,0.04308939352631569,2.3568482398986816,0.1832645684480667,0.5587552189826965,0.20522087812423706,,,,dqn_icm,cartpole,dense,0.01,0.9,2,1.0
276,11.0,11,0.12916666666666676,0.07742568850517273,2.584366798400879,0.26430371403694153,0.5587552189826965,0.20522087812423706,,,,dqn_icm,cartpole,dense,0.01,0.9,2,1.0
277,10.0,10,0.126,0.028500497341156006,2.300243616104126,0.11617108434438705,0.5587552189826965,0.20522087812423706,,,,dqn_icm,cartpole,dense,0.01,0.9,2,1.0
278,11.0,11,0.12283333333333335,0.03993305563926697,2.161823034286499,0.16685232520103455,0.5359053015708923,0.22158291935920715,,,,dqn_icm,cartpole,dense,0.01,0.9,2,1.0
279,11.0,11,0.1196666666666667,0.032538652420043945,2.384023666381836,0.17767775058746338,0.5359053015708923,0.22158291935920715,,,,dqn_icm,cartpole,dense,0.01,0.9,2,1.0
280,10.0,10,0.11650000000000005,0.03252106159925461,2.57751727104187,0.17833873629570007,0.5359053015708923,0.22158291935920715,,,,dqn_icm,cartpole,dense,0.01,0.9,2,1.0
281,11.0,11,0.1133333333333334,0.017645668238401413,2.3183960914611816,0.13931287825107574,0.5359053015708923,0.22158291935920715,,,,dqn_icm,cartpole,dense,0.01,0.9,2,1.0
282,10.0,10,0.11016666666666675,0.018437739461660385,2.2438836097717285,0.11431421339511871,0.5384414196014404,0.29217344522476196,,,,dqn_icm,cartpole,dense,0.01,0.9,2,1.0
283,10.0,10,0.1070000000000001,0.04195164889097214,2.357726573944092,0.159613698720932,0.5384414196014404,0.29217344522476196,,,,dqn_icm,cartpole,dense,0.01,0.9,2,1.0
284,11.0,11,0.10383333333333333,0.027890022844076157,2.3899762630462646,0.12340147793292999,0.5384414196014404,0.29217344522476196,,,,dqn_icm,cartpole,dense,0.01,0.9,2,1.0
285,11.0,11,0.10066666666666668,0.04020822048187256,2.4073657989501953,0.17553526163101196,0.5347205400466919,0.250066339969635,,,,dqn_icm,cartpole,dense,0.01,0.9,2,1.0
286,10.0,10,0.09750000000000003,0.020078010857105255,2.280015230178833,0.08018097281455994,0.5347205400466919,0.250066339969635,,,,dqn_icm,cartpole,dense,0.01,0.9,2,1.0
287,10.0,10,0.09433333333333338,0.020923731848597527,2.360682249069214,0.125100240111351,0.5347205400466919,0.250066339969635,,,,dqn_icm,cartpole,dense,0.01,0.9,2,1.0
288,9.0,9,0.09116666666666673,0.014890518970787525,2.401400566101074,0.09411391615867615,0.5347205400466919,0.250066339969635,,,,dqn_icm,cartpole,dense,0.01,0.9,2,1.0
289,9.0,9,0.08800000000000008,0.031563956290483475,2.3830394744873047,0.1299486756324768,0.5347205400466919,0.250066339969635,,,,dqn_icm,cartpole,dense,0.01,0.9,2,1.0
290,10.0,10,0.08483333333333332,0.03215250372886658,2.2276804447174072,0.13699768483638763,0.5329508781433105,0.26207298040390015,,,,dqn_icm,cartpole,dense,0.01,0.9,2,1.0
291,10.0,10,0.08166666666666667,0.058095600455999374,2.4387435913085938,0.18496695160865784,0.5329508781433105,0.26207298040390015,,,,dqn_icm,cartpole,dense,0.01,0.9,2,1.0
292,12.0,12,0.07850000000000001,0.05177668482065201,2.4552807807922363,0.18390531837940216,0.5329508781433105,0.26207298040390015,,,,dqn_icm,cartpole,dense,0.01,0.9,2,1.0
293,12.0,12,0.07533333333333336,0.020046796649694443,2.2591490745544434,0.1493474841117859,0.5335246324539185,0.20657333731651306,,,,dqn_icm,cartpole,dense,0.01,0.9,2,1.0
294,9.0,9,0.07216666666666671,0.03594953566789627,2.4126734733581543,0.14974665641784668,0.5335246324539185,0.20657333731651306,,,,dqn_icm,cartpole,dense,0.01,0.9,2,1.0
295,11.0,11,0.06900000000000006,0.02544282376766205,2.4368324279785156,0.12613561749458313,0.5335246324539185,0.20657333731651306,,,,dqn_icm,cartpole,dense,0.01,0.9,2,1.0
296,10.0,10,0.06583333333333341,0.03397998958826065,2.2573461532592773,0.13226990401744843,0.5335246324539185,0.20657333731651306,,,,dqn_icm,cartpole,dense,0.01,0.9,2,1.0
297,10.0,10,0.06266666666666665,0.025579821318387985,2.4538142681121826,0.1353531926870346,0.5138654708862305,0.264522910118103,,,,dqn_icm,cartpole,dense,0.01,0.9,2,1.0
298,10.0,10,0.0595,0.03346002846956253,2.4283833503723145,0.12881813943386078,0.5138654708862305,0.264522910118103,,,,dqn_icm,cartpole,dense,0.01,0.9,2,1.0
299,9.0,9,0.05633333333333346,0.0358227901160717,2.373946189880371,0.12405864894390106,0.5138654708862305,0.264522910118103,,,,dqn_icm,cartpole,dense,0.01,0.9,2,1.0
300,10.0,10,0.053166666666666695,0.028464943170547485,2.397521495819092,0.12150050699710846,0.5138654708862305,0.264522910118103,9.8,0.6,9.8,dqn_icm,cartpole,dense,0.01,0.9,2,1.0
301,10.0,10,0.050000000000000044,0.008498899638652802,2.271206855773926,0.07415609061717987,0.5290272235870361,0.1895730197429657,,,,dqn_icm,cartpole,dense,0.01,0.9,2,1.0
302,10.0,10,0.050000000000000044,0.02310728095471859,2.3713510036468506,0.11847145855426788,0.5290272235870361,0.1895730197429657,,,,dqn_icm,cartpole,dense,0.01,0.9,2,1.0
303,10.0,10,0.050000000000000044,0.011039934121072292,2.423348903656006,0.101032555103302,0.5290272235870361,0.1895730197429657,,,,dqn_icm,cartpole,dense,0.01,0.9,2,1.0
304,10.0,10,0.050000000000000044,0.02511400170624256,2.394771099090576,0.12747162580490112,0.5290272235870361,0.1895730197429657,,,,dqn_icm,cartpole,dense,0.01,0.9,2,1.0
305,10.0,10,0.050000000000000044,0.025564787909388542,2.2752809524536133,0.1247149407863617,0.5387074947357178,0.21193265914916992,,,,dqn_icm,cartpole,dense,0.01,0.9,2,1.0
306,10.0,10,0.050000000000000044,0.04952821880578995,2.485609531402588,0.17244422435760498,0.5387074947357178,0.21193265914916992,,,,dqn_icm,cartpole,dense,0.01,0.9,2,1.0
307,10.0,10,0.050000000000000044,0.03066585585474968,2.6748485565185547,0.13394224643707275,0.5387074947357178,0.21193265914916992,,,,dqn_icm,cartpole,dense,0.01,0.9,2,1.0
308,10.0,10,0.050000000000000044,0.013660965487360954,2.3773880004882812,0.11143812537193298,0.5387074947357178,0.21193265914916992,,,,dqn_icm,cartpole,dense,0.01,0.9,2,1.0
309,10.0,10,0.050000000000000044,0.007996712811291218,2.4299166202545166,0.0893486887216568,0.5136827230453491,0.2048371583223343,,,,dqn_icm,cartpole,dense,0.01,0.9,2,1.0
310,8.0,8,0.050000000000000044,0.05808236077427864,2.4989352226257324,0.18240197002887726,0.5136827230453491,0.2048371583223343,,,,dqn_icm,cartpole,dense,0.01,0.9,2,1.0
311,10.0,10,0.050000000000000044,0.056911155581474304,2.423750400543213,0.19133338332176208,0.5136827230453491,0.2048371583223343,,,,dqn_icm,cartpole,dense,0.01,0.9,2,1.0
312,9.0,9,0.050000000000000044,0.06876309216022491,2.41876220703125,0.21506300568580627,0.5136827230453491,0.2048371583223343,,,,dqn_icm,cartpole,dense,0.01,0.9,2,1.0
313,10.0,10,0.050000000000000044,0.05220770835876465,2.3191795349121094,0.22166690230369568,0.5136827230453491,0.2048371583223343,,,,dqn_icm,cartpole,dense,0.01,0.9,2,1.0
314,10.0,10,0.050000000000000044,0.0507621094584465,2.370698928833008,0.1966952383518219,0.5291559100151062,0.22704914212226868,,,,dqn_icm,cartpole,dense,0.01,0.9,2,1.0
315,9.0,9,0.050000000000000044,0.05138638615608215,2.3712587356567383,0.1781603842973709,0.5291559100151062,0.22704914212226868,,,,dqn_icm,cartpole,dense,0.01,0.9,2,1.0
316,9.0,9,0.050000000000000044,0.07302618026733398,2.5671515464782715,0.2998567819595337,0.5291559100151062,0.22704914212226868,,,,dqn_icm,cartpole,dense,0.01,0.9,2,1.0
317,9.0,9,0.050000000000000044,0.06232638657093048,2.4622814655303955,0.23084300756454468,0.5291559100151062,0.22704914212226868,,,,dqn_icm,cartpole,dense,0.01,0.9,2,1.0
318,10.0,10,0.050000000000000044,0.03614376112818718,2.3055124282836914,0.15278670191764832,0.5388408899307251,0.24888865649700165,,,,dqn_icm,cartpole,dense,0.01,0.9,2,1.0
319,10.0,10,0.050000000000000044,0.08195093274116516,2.398946523666382,0.20724503695964813,0.5388408899307251,0.24888865649700165,,,,dqn_icm,cartpole,dense,0.01,0.9,2,1.0
320,9.0,9,0.050000000000000044,0.02267669513821602,2.413804054260254,0.12310712039470673,0.5388408899307251,0.24888865649700165,,,,dqn_icm,cartpole,dense,0.01,0.9,2,1.0
321,8.0,8,0.050000000000000044,0.025289447978138924,2.348398208618164,0.16732114553451538,0.5388408899307251,0.24888865649700165,,,,dqn_icm,cartpole,dense,0.01,0.9,2,1.0
322,9.0,9,0.050000000000000044,0.05103572830557823,2.3631129264831543,0.20336617529392242,0.5278546214103699,0.27588725090026855,,,,dqn_icm,cartpole,dense,0.01,0.9,2,1.0
323,10.0,10,0.050000000000000044,0.04500060901045799,2.3709897994995117,0.1998467743396759,0.5278546214103699,0.27588725090026855,,,,dqn_icm,cartpole,dense,0.01,0.9,2,1.0
324,10.0,10,0.050000000000000044,0.03523876145482063,2.3479223251342773,0.19109009206295013,0.5278546214103699,0.27588725090026855,,,,dqn_icm,cartpole,dense,0.01,0.9,2,1.0
325,8.0,8,0.050000000000000044,0.019059941172599792,2.4537296295166016,0.13880401849746704,0.5278546214103699,0.27588725090026855,,,,dqn_icm,cartpole,dense,0.01,0.9,2,1.0
326,11.0,11,0.050000000000000044,0.5784568190574646,2.3803093433380127,1.055037260055542,0.5186229348182678,0.2690708637237549,,,,dqn_icm,cartpole,dense,0.01,0.9,2,1.0
327,12.0,12,0.050000000000000044,0.1807938814163208,3.8250598907470703,0.39093101024627686,0.5186229348182678,0.2690708637237549,,,,dqn_icm,cartpole,dense,0.01,0.9,2,1.0
328,10.0,10,0.050000000000000044,0.20699886977672577,3.8466567993164062,0.5273782014846802,0.5186229348182678,0.2690708637237549,,,,dqn_icm,cartpole,dense,0.01,0.9,2,1.0
329,9.0,9,0.050000000000000044,0.1793854832649231,2.83559513092041,0.44113689661026,0.5186229348182678,0.2690708637237549,,,,dqn_icm,cartpole,dense,0.01,0.9,2,1.0
330,9.0,9,0.050000000000000044,0.131522536277771,3.0854134559631348,0.3574497103691101,0.5383689999580383,0.2304190844297409,,,,dqn_icm,cartpole,dense,0.01,0.9,2,1.0
331,11.0,11,0.050000000000000044,0.11273886263370514,3.771122932434082,0.43006372451782227,0.5383689999580383,0.2304190844297409,,,,dqn_icm,cartpole,dense,0.01,0.9,2,1.0
332,9.0,9,0.050000000000000044,0.09598629176616669,3.295797348022461,0.298836886882782,0.5383689999580383,0.2304190844297409,,,,dqn_icm,cartpole,dense,0.01,0.9,2,1.0
333,10.0,10,0.050000000000000044,0.12554894387722015,2.8534111976623535,0.46760889887809753,0.5383689999580383,0.2304190844297409,,,,dqn_icm,cartpole,dense,0.01,0.9,2,1.0
334,8.0,8,0.050000000000000044,0.0671953558921814,3.244553565979004,0.22492320835590363,0.5383689999580383,0.2304190844297409,,,,dqn_icm,cartpole,dense,0.01,0.9,2,1.0
335,10.0,10,0.050000000000000044,0.05251462757587433,3.520386219024658,0.19704735279083252,0.5204258561134338,0.2673826217651367,,,,dqn_icm,cartpole,dense,0.01,0.9,2,1.0
336,10.0,10,0.050000000000000044,0.06876691430807114,3.2283241748809814,0.1957167685031891,0.5204258561134338,0.2673826217651367,,,,dqn_icm,cartpole,dense,0.01,0.9,2,1.0
337,10.0,10,0.050000000000000044,0.056129731237888336,3.2279276847839355,0.17542219161987305,0.5204258561134338,0.2673826217651367,,,,dqn_icm,cartpole,dense,0.01,0.9,2,1.0
338,10.0,10,0.050000000000000044,0.0652208924293518,3.4436888694763184,0.25658148527145386,0.5204258561134338,0.2673826217651367,,,,dqn_icm,cartpole,dense,0.01,0.9,2,1.0
339,11.0,11,0.050000000000000044,0.03800380602478981,3.5359315872192383,0.17481423914432526,0.49765458703041077,0.3296167850494385,,,,dqn_icm,cartpole,dense,0.01,0.9,2,1.0
340,8.0,8,0.050000000000000044,0.06939203292131424,3.1865580081939697,0.2264687716960907,0.49765458703041077,0.3296167850494385,,,,dqn_icm,cartpole,dense,0.01,0.9,2,1.0
341,10.0,10,0.050000000000000044,0.06483542174100876,3.142788887023926,0.22366434335708618,0.49765458703041077,0.3296167850494385,,,,dqn_icm,cartpole,dense,0.01,0.9,2,1.0
342,9.0,9,0.050000000000000044,0.05835080146789551,3.300623893737793,0.19009149074554443,0.49765458703041077,0.3296167850494385,,,,dqn_icm,cartpole,dense,0.01,0.9,2,1.0
343,10.0,10,0.050000000000000044,0.03396033123135567,3.4120371341705322,0.11871058493852615,0.5051851272583008,0.3542962074279785,,,,dqn_icm,cartpole,dense,0.01,0.9,2,1.0
344,9.0,9,0.050000000000000044,0.092777319252491,3.400099992752075,0.2722610831260681,0.5051851272583008,0.3542962074279785,,,,dqn_icm,cartpole,dense,0.01,0.9,2,1.0
345,10.0,10,0.050000000000000044,0.046248070895671844,3.353992462158203,0.17694413661956787,0.5051851272583008,0.3542962074279785,,,,dqn_icm,cartpole,dense,0.01,0.9,2,1.0
346,12.0,12,0.050000000000000044,0.05735642462968826,3.388608932495117,0.20156408846378326,0.5051851272583008,0.3542962074279785,,,,dqn_icm,cartpole,dense,0.01,0.9,2,1.0
347,10.0,10,0.050000000000000044,0.05392473563551903,3.513028621673584,0.16473741829395294,0.5173066854476929,0.36145102977752686,,,,dqn_icm,cartpole,dense,0.01,0.9,2,1.0
348,9.0,9,0.050000000000000044,0.04574640840291977,3.331698417663574,0.17871767282485962,0.5173066854476929,0.36145102977752686,,,,dqn_icm,cartpole,dense,0.01,0.9,2,1.0
349,10.0,10,0.050000000000000044,0.04867410659790039,3.2408385276794434,0.1881127506494522,0.5173066854476929,0.36145102977752686,,,,dqn_icm,cartpole,dense,0.01,0.9,2,1.0
350,12.0,12,0.050000000000000044,0.03443453460931778,3.3928709030151367,0.1380453258752823,0.5173066854476929,0.36145102977752686,9.7,0.7810249675906655,9.7,dqn_icm,cartpole,dense,0.01,0.9,2,1.0
351,12.0,12,0.050000000000000044,0.047161754220724106,3.5691754817962646,0.19312013685703278,0.5145697593688965,0.2975233197212219,,,,dqn_icm,cartpole,dense,0.01,0.9,2,1.0
352,10.0,10,0.050000000000000044,0.02395041286945343,3.1754260063171387,0.11242584884166718,0.5145697593688965,0.2975233197212219,,,,dqn_icm,cartpole,dense,0.01,0.9,2,1.0
353,10.0,10,0.050000000000000044,0.02783810719847679,3.5504729747772217,0.12984368205070496,0.5145697593688965,0.2975233197212219,,,,dqn_icm,cartpole,dense,0.01,0.9,2,1.0
354,10.0,10,0.050000000000000044,0.011478971689939499,3.3239545822143555,0.09936775267124176,0.5206822752952576,0.21700555086135864,,,,dqn_icm,cartpole,dense,0.01,0.9,2,1.0
355,10.0,10,0.050000000000000044,0.05748128890991211,3.486431837081909,0.15691682696342468,0.5206822752952576,0.21700555086135864,,,,dqn_icm,cartpole,dense,0.01,0.9,2,1.0
356,9.0,9,0.050000000000000044,0.04801907390356064,3.396857976913452,0.14526423811912537,0.5206822752952576,0.21700555086135864,,,,dqn_icm,cartpole,dense,0.01,0.9,2,1.0
357,8.0,8,0.050000000000000044,0.03859717398881912,3.2816238403320312,0.15549299120903015,0.5206822752952576,0.21700555086135864,,,,dqn_icm,cartpole,dense,0.01,0.9,2,1.0
358,10.0,10,0.050000000000000044,0.03363228589296341,3.2948622703552246,0.13011395931243896,0.5206822752952576,0.21700555086135864,,,,dqn_icm,cartpole,dense,0.01,0.9,2,1.0
359,10.0,10,0.050000000000000044,0.057893313467502594,3.495589256286621,0.18826821446418762,0.5126787424087524,0.3187423050403595,,,,dqn_icm,cartpole,dense,0.01,0.9,2,1.0
360,11.0,11,0.050000000000000044,0.037047527730464935,3.447798252105713,0.11763016879558563,0.5126787424087524,0.3187423050403595,,,,dqn_icm,cartpole,dense,0.01,0.9,2,1.0
361,10.0,10,0.050000000000000044,0.04559624195098877,3.3588178157806396,0.15569281578063965,0.5126787424087524,0.3187423050403595,,,,dqn_icm,cartpole,dense,0.01,0.9,2,1.0
362,10.0,10,0.050000000000000044,0.0480857789516449,3.272731065750122,0.18758484721183777,0.5126787424087524,0.3187423050403595,,,,dqn_icm,cartpole,dense,0.01,0.9,2,1.0
363,9.0,9,0.050000000000000044,0.017076581716537476,3.2215051651000977,0.10903479158878326,0.48836198449134827,0.2882974147796631,,,,dqn_icm,cartpole,dense,0.01,0.9,2,1.0
364,11.0,11,0.050000000000000044,0.061952028423547745,3.667534351348877,0.20231354236602783,0.48836198449134827,0.2882974147796631,,,,dqn_icm,cartpole,dense,0.01,0.9,2,1.0
365,9.0,9,0.050000000000000044,0.03737115114927292,3.4759552478790283,0.13949823379516602,0.48836198449134827,0.2882974147796631,,,,dqn_icm,cartpole,dense,0.01,0.9,2,1.0
366,9.0,9,0.050000000000000044,0.02394014783203602,3.352182626724243,0.12827864289283752,0.48836198449134827,0.2882974147796631,,,,dqn_icm,cartpole,dense,0.01,0.9,2,1.0
367,9.0,9,0.050000000000000044,0.0224091038107872,3.5598204135894775,0.13008861243724823,0.5125644207000732,0.2573506832122803,,,,dqn_icm,cartpole,dense,0.01,0.9,2,1.0
368,10.0,10,0.050000000000000044,0.02654283493757248,3.3511910438537598,0.1235962063074112,0.5125644207000732,0.2573506832122803,,,,dqn_icm,cartpole,dense,0.01,0.9,2,1.0
369,9.0,9,0.050000000000000044,0.022240333259105682,3.315194606781006,0.11924560368061066,0.5125644207000732,0.2573506832122803,,,,dqn_icm,cartpole,dense,0.01,0.9,2,1.0
370,10.0,10,0.050000000000000044,0.049677424132823944,3.385847806930542,0.1448267251253128,0.5125644207000732,0.2573506832122803,,,,dqn_icm,cartpole,dense,0.01,0.9,2,1.0
371,9.0,9,0.050000000000000044,0.036998383700847626,3.341930866241455,0.1368396282196045,0.5294215083122253,0.3186783492565155,,,,dqn_icm,cartpole,dense,0.01,0.9,2,1.0
372,8.0,8,0.050000000000000044,0.03357021510601044,3.154747724533081,0.1537453532218933,0.5294215083122253,0.3186783492565155,,,,dqn_icm,cartpole,dense,0.01,0.9,2,1.0
373,8.0,8,0.050000000000000044,0.027093641459941864,3.3071587085723877,0.13212694227695465,0.5294215083122253,0.3186783492565155,,,,dqn_icm,cartpole,dense,0.01,0.9,2,1.0
374,8.0,8,0.050000000000000044,0.06643247604370117,3.4621365070343018,0.191928893327713,0.5294215083122253,0.3186783492565155,,,,dqn_icm,cartpole,dense,0.01,0.9,2,1.0
375,9.0,9,0.050000000000000044,0.01825060322880745,3.268578290939331,0.10400818288326263,0.5294215083122253,0.3186783492565155,,,,dqn_icm,cartpole,dense,0.01,0.9,2,1.0
376,9.0,9,0.050000000000000044,0.03950227051973343,3.30374813079834,0.1600559949874878,0.555864155292511,0.352264940738678,,,,dqn_icm,cartpole,dense,0.01,0.9,2,1.0
377,10.0,10,0.050000000000000044,0.044795792549848557,3.336073875427246,0.16170454025268555,0.555864155292511,0.352264940738678,,,,dqn_icm,cartpole,dense,0.01,0.9,2,1.0
378,9.0,9,0.050000000000000044,0.07385514676570892,3.3399269580841064,0.23729464411735535,0.555864155292511,0.352264940738678,,,,dqn_icm,cartpole,dense,0.01,0.9,2,1.0
379,8.0,8,0.050000000000000044,0.03135484829545021,3.608269214630127,0.11813933402299881,0.555864155292511,0.352264940738678,,,,dqn_icm,cartpole,dense,0.01,0.9,2,1.0
380,9.0,9,0.050000000000000044,0.030813463032245636,3.141907215118408,0.13691622018814087,0.507797360420227,0.24634718894958496,,,,dqn_icm,cartpole,dense,0.01,0.9,2,1.0
381,10.0,10,0.050000000000000044,0.024929974228143692,3.2778401374816895,0.14112284779548645,0.507797360420227,0.24634718894958496,,,,dqn_icm,cartpole,dense,0.01,0.9,2,1.0
382,10.0,10,0.050000000000000044,0.0356222540140152,3.4200568199157715,0.13643184304237366,0.507797360420227,0.24634718894958496,,,,dqn_icm,cartpole,dense,0.01,0.9,2,1.0
383,8.0,8,0.050000000000000044,0.02921764738857746,3.669140100479126,0.1620115339756012,0.507797360420227,0.24634718894958496,,,,dqn_icm,cartpole,dense,0.01,0.9,2,1.0
384,9.0,9,0.050000000000000044,0.01842515543103218,3.33077335357666,0.12451158463954926,0.507797360420227,0.24634718894958496,,,,dqn_icm,cartpole,dense,0.01,0.9,2,1.0
385,12.0,12,0.050000000000000044,0.03125150501728058,3.4389424324035645,0.1331218183040619,0.5055962204933167,0.2942826747894287,,,,dqn_icm,cartpole,dense,0.01,0.9,2,1.0
386,8.0,8,0.050000000000000044,0.011924749240279198,3.4904725551605225,0.0943831279873848,0.5055962204933167,0.2942826747894287,,,,dqn_icm,cartpole,dense,0.01,0.9,2,1.0
387,10.0,10,0.050000000000000044,0.03592094033956528,3.408539056777954,0.16538310050964355,0.5055962204933167,0.2942826747894287,,,,dqn_icm,cartpole,dense,0.01,0.9,2,1.0
388,9.0,9,0.050000000000000044,0.03620463237166405,3.3911523818969727,0.16260087490081787,0.5055962204933167,0.2942826747894287,,,,dqn_icm,cartpole,dense,0.01,0.9,2,1.0
389,9.0,9,0.050000000000000044,0.07511838525533676,3.474675178527832,0.19841992855072021,0.48993316292762756,0.30085939168930054,,,,dqn_icm,cartpole,dense,0.01,0.9,2,1.0
390,9.0,9,0.050000000000000044,0.03087632730603218,3.287339687347412,0.1409432291984558,0.48993316292762756,0.30085939168930054,,,,dqn_icm,cartpole,dense,0.01,0.9,2,1.0
391,10.0,10,0.050000000000000044,0.01981450244784355,3.3693671226501465,0.10708655416965485,0.48993316292762756,0.30085939168930054,,,,dqn_icm,cartpole,dense,0.01,0.9,2,1.0
392,9.0,9,0.050000000000000044,0.05235214903950691,3.4662139415740967,0.1565914899110794,0.48993316292762756,0.30085939168930054,,,,dqn_icm,cartpole,dense,0.01,0.9,2,1.0
393,9.0,9,0.050000000000000044,0.03372112661600113,3.3109679222106934,0.13234341144561768,0.4817551374435425,0.26127421855926514,,,,dqn_icm,cartpole,dense,0.01,0.9,2,1.0
394,11.0,11,0.050000000000000044,0.085999995470047,3.337324857711792,0.24523675441741943,0.4817551374435425,0.26127421855926514,,,,dqn_icm,cartpole,dense,0.01,0.9,2,1.0
395,9.0,9,0.050000000000000044,0.03940878063440323,3.419189214706421,0.12994922697544098,0.4817551374435425,0.26127421855926514,,,,dqn_icm,cartpole,dense,0.01,0.9,2,1.0
396,9.0,9,0.050000000000000044,0.0886916071176529,3.793788433074951,0.22378763556480408,0.4817551374435425,0.26127421855926514,,,,dqn_icm,cartpole,dense,0.01,0.9,2,1.0
397,8.0,8,0.050000000000000044,0.03679661825299263,3.3677704334259033,0.180204838514328,0.5254224538803101,0.3042179048061371,,,,dqn_icm,cartpole,dense,0.01,0.9,2,1.0
398,9.0,9,0.050000000000000044,0.07135893404483795,3.370077610015869,0.2394036501646042,0.5254224538803101,0.3042179048061371,,,,dqn_icm,cartpole,dense,0.01,0.9,2,1.0
399,10.0,10,0.050000000000000044,0.057545289397239685,3.4133288860321045,0.16432544589042664,0.5254224538803101,0.3042179048061371,,,,dqn_icm,cartpole,dense,0.01,0.9,2,1.0
400,9.0,9,0.050000000000000044,0.04242437332868576,3.439547061920166,0.20006904006004333,0.5254224538803101,0.3042179048061371,9.7,0.7810249675906655,9.7,dqn_icm,cartpole,dense,0.01,0.9,2,1.0
401,9.0,9,0.050000000000000044,0.023613225668668747,3.3024840354919434,0.1472913920879364,0.5254224538803101,0.3042179048061371,,,,dqn_icm,cartpole,dense,0.01,0.9,2,1.0
402,9.0,9,0.050000000000000044,0.01270544808357954,3.4342617988586426,0.11886860430240631,0.4963938891887665,0.35999971628189087,,,,dqn_icm,cartpole,dense,0.01,0.9,2,1.0
403,11.0,11,0.050000000000000044,0.04777098074555397,3.535095453262329,0.17419184744358063,0.4963938891887665,0.35999971628189087,,,,dqn_icm,cartpole,dense,0.01,0.9,2,1.0
404,12.0,12,0.050000000000000044,0.05547641962766647,3.429079294204712,0.20268847048282623,0.4963938891887665,0.35999971628189087,,,,dqn_icm,cartpole,dense,0.01,0.9,2,1.0
405,10.0,10,0.050000000000000044,0.04975861310958862,3.2525715827941895,0.24458597600460052,0.4963938891887665,0.35999971628189087,,,,dqn_icm,cartpole,dense,0.01,0.9,2,1.0
406,11.0,11,0.050000000000000044,0.025991622358560562,3.6542530059814453,0.1183699518442154,0.4786326587200165,0.28545671701431274,,,,dqn_icm,cartpole,dense,0.01,0.9,2,1.0
407,9.0,9,0.050000000000000044,0.035273149609565735,3.5047106742858887,0.22269372642040253,0.4786326587200165,0.28545671701431274,,,,dqn_icm,cartpole,dense,0.01,0.9,2,1.0
408,10.0,10,0.050000000000000044,0.025909151881933212,3.5658042430877686,0.11410315334796906,0.4786326587200165,0.28545671701431274,,,,dqn_icm,cartpole,dense,0.01,0.9,2,1.0
409,11.0,11,0.050000000000000044,0.04294221103191376,3.3030505180358887,0.14655762910842896,0.4994969367980957,0.2582578957080841,,,,dqn_icm,cartpole,dense,0.01,0.9,2,1.0
410,11.0,11,0.050000000000000044,0.01872291788458824,3.61859130859375,0.10130107402801514,0.4994969367980957,0.2582578957080841,,,,dqn_icm,cartpole,dense,0.01,0.9,2,1.0
411,10.0,10,0.050000000000000044,0.02976066991686821,3.489809036254883,0.15294745564460754,0.4994969367980957,0.2582578957080841,,,,dqn_icm,cartpole,dense,0.01,0.9,2,1.0
412,10.0,10,0.050000000000000044,0.02853020280599594,3.3432507514953613,0.1638302206993103,0.4994969367980957,0.2582578957080841,,,,dqn_icm,cartpole,dense,0.01,0.9,2,1.0
413,11.0,11,0.050000000000000044,0.02415124699473381,3.4309544563293457,0.14700451493263245,0.4769717752933502,0.29626625776290894,,,,dqn_icm,cartpole,dense,0.01,0.9,2,1.0
414,10.0,10,0.050000000000000044,0.027714626863598824,3.5691637992858887,0.14723443984985352,0.4769717752933502,0.29626625776290894,,,,dqn_icm,cartpole,dense,0.01,0.9,2,1.0
415,9.0,9,0.050000000000000044,0.035051945596933365,3.3985297679901123,0.16288599371910095,0.4769717752933502,0.29626625776290894,,,,dqn_icm,cartpole,dense,0.01,0.9,2,1.0
416,9.0,9,0.050000000000000044,0.021173831075429916,3.4230217933654785,0.09428051114082336,0.4769717752933502,0.29626625776290894,,,,dqn_icm,cartpole,dense,0.01,0.9,2,1.0
417,9.0,9,0.050000000000000044,0.01763995736837387,3.3533854484558105,0.11123639345169067,0.4769717752933502,0.29626625776290894,,,,dqn_icm,cartpole,dense,0.01,0.9,2,1.0
418,10.0,10,0.050000000000000044,0.044494904577732086,3.4799160957336426,0.1580076515674591,0.5026093125343323,0.40073567628860474,,,,dqn_icm,cartpole,dense,0.01,0.9,2,1.0
419,10.0,10,0.050000000000000044,0.04168049246072769,3.3069686889648438,0.13175266981124878,0.5026093125343323,0.40073567628860474,,,,dqn_icm,cartpole,dense,0.01,0.9,2,1.0
420,10.0,10,0.050000000000000044,0.0841226652264595,3.3290367126464844,0.18860246241092682,0.5026093125343323,0.40073567628860474,,,,dqn_icm,cartpole,dense,0.01,0.9,2,1.0
421,10.0,10,0.050000000000000044,0.029206715524196625,3.5287933349609375,0.13562136888504028,0.5026093125343323,0.40073567628860474,,,,dqn_icm,cartpole,dense,0.01,0.9,2,1.0
422,10.0,10,0.050000000000000044,0.022445818409323692,3.5598320960998535,0.12198251485824585,0.44130998849868774,0.3827768564224243,,,,dqn_icm,cartpole,dense,0.01,0.9,2,1.0
423,8.0,8,0.050000000000000044,0.013905000872910023,3.345783233642578,0.10968037694692612,0.44130998849868774,0.3827768564224243,,,,dqn_icm,cartpole,dense,0.01,0.9,2,1.0
424,10.0,10,0.050000000000000044,0.02264990285038948,3.3138861656188965,0.12318556010723114,0.44130998849868774,0.3827768564224243,,,,dqn_icm,cartpole,dense,0.01,0.9,2,1.0
425,9.0,9,0.050000000000000044,0.03536500036716461,3.544583797454834,0.11894398927688599,0.44130998849868774,0.3827768564224243,,,,dqn_icm,cartpole,dense,0.01,0.9,2,1.0
426,9.0,9,0.050000000000000044,0.02543063275516033,3.5945522785186768,0.1369517743587494,0.48352518677711487,0.2868471145629883,,,,dqn_icm,cartpole,dense,0.01,0.9,2,1.0
427,12.0,12,0.050000000000000044,0.04446849226951599,3.2445108890533447,0.1935999095439911,0.48352518677711487,0.2868471145629883,,,,dqn_icm,cartpole,dense,0.01,0.9,2,1.0
428,11.0,11,0.050000000000000044,0.0765216127038002,3.2962615489959717,0.20579226315021515,0.48352518677711487,0.2868471145629883,,,,dqn_icm,cartpole,dense,0.01,0.9,2,1.0
429,11.0,11,0.050000000000000044,0.036820188164711,3.852673292160034,0.21433962881565094,0.48352518677711487,0.2868471145629883,,,,dqn_icm,cartpole,dense,0.01,0.9,2,1.0
430,9.0,9,0.050000000000000044,0.0134612200781703,3.5359511375427246,0.10779310762882233,0.4568496644496918,0.27673086524009705,,,,dqn_icm,cartpole,dense,0.01,0.9,2,1.0
431,10.0,10,0.050000000000000044,0.03710221126675606,3.3353095054626465,0.20965272188186646,0.4568496644496918,0.27673086524009705,,,,dqn_icm,cartpole,dense,0.01,0.9,2,1.0
432,10.0,10,0.050000000000000044,0.03389553725719452,3.3122217655181885,0.12436942756175995,0.4568496644496918,0.27673086524009705,,,,dqn_icm,cartpole,dense,0.01,0.9,2,1.0
433,10.0,10,0.050000000000000044,0.059528350830078125,3.5350499153137207,0.20835205912590027,0.4568496644496918,0.27673086524009705,,,,dqn_icm,cartpole,dense,0.01,0.9,2,1.0
434,10.0,10,0.050000000000000044,0.01132391206920147,3.21354341506958,0.0927545577287674,0.5051401853561401,0.2985691428184509,,,,dqn_icm,cartpole,dense,0.01,0.9,2,1.0
435,9.0,9,0.050000000000000044,0.0459660068154335,3.5817689895629883,0.18981513381004333,0.5051401853561401,0.2985691428184509,,,,dqn_icm,cartpole,dense,0.01,0.9,2,1.0
436,10.0,10,0.050000000000000044,0.048021845519542694,3.4957523345947266,0.1669415533542633,0.5051401853561401,0.2985691428184509,,,,dqn_icm,cartpole,dense,0.01,0.9,2,1.0
437,9.0,9,0.050000000000000044,0.03824073448777199,3.364551544189453,0.1392401158809662,0.5051401853561401,0.2985691428184509,,,,dqn_icm,cartpole,dense,0.01,0.9,2,1.0
438,9.0,9,0.050000000000000044,0.03508363664150238,3.5524325370788574,0.15991991758346558,0.49412038922309875,0.28763189911842346,,,,dqn_icm,cartpole,dense,0.01,0.9,2,1.0
439,9.0,9,0.050000000000000044,0.022651247680187225,3.455899715423584,0.1290467530488968,0.49412038922309875,0.28763189911842346,,,,dqn_icm,cartpole,dense,0.01,0.9,2,1.0
440,10.0,10,0.050000000000000044,0.032926514744758606,3.4862093925476074,0.12606456875801086,0.49412038922309875,0.28763189911842346,,,,dqn_icm,cartpole,dense,0.01,0.9,2,1.0
441,9.0,9,0.050000000000000044,0.034057579934597015,3.3398795127868652,0.14831291139125824,0.49412038922309875,0.28763189911842346,,,,dqn_icm,cartpole,dense,0.01,0.9,2,1.0
442,10.0,10,0.050000000000000044,0.040767356753349304,3.5106916427612305,0.15612457692623138,0.46558982133865356,0.37653225660324097,,,,dqn_icm,cartpole,dense,0.01,0.9,2,1.0
443,11.0,11,0.050000000000000044,0.016741329804062843,3.497343063354492,0.09253598749637604,0.46558982133865356,0.37653225660324097,,,,dqn_icm,cartpole,dense,0.01,0.9,2,1.0
444,9.0,9,0.050000000000000044,0.04256853833794594,3.448122262954712,0.17610740661621094,0.46558982133865356,0.37653225660324097,,,,dqn_icm,cartpole,dense,0.01,0.9,2,1.0
445,9.0,9,0.050000000000000044,0.03188014030456543,3.3221912384033203,0.13772207498550415,0.46558982133865356,0.37653225660324097,,,,dqn_icm,cartpole,dense,0.01,0.9,2,1.0
446,12.0,12,0.050000000000000044,0.03262261673808098,3.4858250617980957,0.10439416766166687,0.4830208420753479,0.27653658390045166,,,,dqn_icm,cartpole,dense,0.01,0.9,2,1.0
447,9.0,9,0.050000000000000044,0.03439491242170334,3.4614574909210205,0.10473690927028656,0.4830208420753479,0.27653658390045166,,,,dqn_icm,cartpole,dense,0.01,0.9,2,1.0
448,9.0,9,0.050000000000000044,0.02768911048769951,3.3648393154144287,0.12067639827728271,0.4830208420753479,0.27653658390045166,,,,dqn_icm,cartpole,dense,0.01,0.9,2,1.0
449,10.0,10,0.050000000000000044,0.013614466413855553,3.347172737121582,0.08685961365699768,0.4830208420753479,0.27653658390045166,,,,dqn_icm,cartpole,dense,0.01,0.9,2,1.0
450,10.0,10,0.050000000000000044,0.015404092147946358,3.6045076847076416,0.09945572912693024,0.4579135775566101,0.3211136758327484,9.7,0.7810249675906655,9.7,dqn_icm,cartpole,dense,0.01,0.9,2,1.0
451,10.0,10,0.050000000000000044,0.03040493093430996,3.300601005554199,0.11825860291719437,0.4579135775566101,0.3211136758327484,,,,dqn_icm,cartpole,dense,0.01,0.9,2,1.0
452,9.0,9,0.050000000000000044,0.020194921642541885,3.5256433486938477,0.12821415066719055,0.4579135775566101,0.3211136758327484,,,,dqn_icm,cartpole,dense,0.01,0.9,2,1.0
453,11.0,11,0.050000000000000044,0.02209482155740261,3.5207767486572266,0.12018187344074249,0.4579135775566101,0.3211136758327484,,,,dqn_icm,cartpole,dense,0.01,0.9,2,1.0
454,8.0,8,0.050000000000000044,0.02659025229513645,3.403534412384033,0.10508261620998383,0.48442015051841736,0.3070404529571533,,,,dqn_icm,cartpole,dense,0.01,0.9,2,1.0
455,10.0,10,0.050000000000000044,0.013538267463445663,3.364286422729492,0.08582291007041931,0.48442015051841736,0.3070404529571533,,,,dqn_icm,cartpole,dense,0.01,0.9,2,1.0
456,9.0,9,0.050000000000000044,0.05008703097701073,3.538667678833008,0.13382075726985931,0.48442015051841736,0.3070404529571533,,,,dqn_icm,cartpole,dense,0.01,0.9,2,1.0
457,8.0,8,0.050000000000000044,0.056379906833171844,3.624250888824463,0.18146347999572754,0.48442015051841736,0.3070404529571533,,,,dqn_icm,cartpole,dense,0.01,0.9,2,1.0
458,9.0,9,0.050000000000000044,0.01739906333386898,3.492623805999756,0.11226373165845871,0.48442015051841736,0.3070404529571533,,,,dqn_icm,cartpole,dense,0.01,0.9,2,1.0
459,9.0,9,0.050000000000000044,0.03732834756374359,3.4029550552368164,0.13280698657035828,0.47785070538520813,0.31857651472091675,,,,dqn_icm,cartpole,dense,0.01,0.9,2,1.0
460,9.0,9,0.050000000000000044,0.028092006221413612,3.3846607208251953,0.1182817667722702,0.47785070538520813,0.31857651472091675,,,,dqn_icm,cartpole,dense,0.01,0.9,2,1.0
461,9.0,9,0.050000000000000044,0.04715406522154808,3.5804898738861084,0.16413621604442596,0.47785070538520813,0.31857651472091675,,,,dqn_icm,cartpole,dense,0.01,0.9,2,1.0
462,8.0,8,0.050000000000000044,0.027114687487483025,3.4117369651794434,0.10562212765216827,0.47785070538520813,0.31857651472091675,,,,dqn_icm,cartpole,dense,0.01,0.9,2,1.0
463,9.0,9,0.050000000000000044,0.04573772847652435,3.3639841079711914,0.15682250261306763,0.4852571189403534,0.28106287121772766,,,,dqn_icm,cartpole,dense,0.01,0.9,2,1.0
464,10.0,10,0.050000000000000044,0.0205785371363163,3.621478796005249,0.09329486638307571,0.4852571189403534,0.28106287121772766,,,,dqn_icm,cartpole,dense,0.01,0.9,2,1.0
465,9.0,9,0.050000000000000044,0.045340608805418015,3.400458335876465,0.14391577243804932,0.4852571189403534,0.28106287121772766,,,,dqn_icm,cartpole,dense,0.01,0.9,2,1.0
466,12.0,12,0.050000000000000044,0.009464960545301437,3.6032676696777344,0.08532147854566574,0.4852571189403534,0.28106287121772766,,,,dqn_icm,cartpole,dense,0.01,0.9,2,1.0
467,10.0,10,0.050000000000000044,0.04462900012731552,3.5161330699920654,0.1601000428199768,0.4886469841003418,0.3658711910247803,,,,dqn_icm,cartpole,dense,0.01,0.9,2,1.0
468,9.0,9,0.050000000000000044,0.02708524838089943,3.538831949234009,0.13855718076229095,0.4886469841003418,0.3658711910247803,,,,dqn_icm,cartpole,dense,0.01,0.9,2,1.0
469,10.0,10,0.050000000000000044,0.03482281416654587,3.3456671237945557,0.16795620322227478,0.4886469841003418,0.3658711910247803,,,,dqn_icm,cartpole,dense,0.01,0.9,2,1.0
470,11.0,11,0.050000000000000044,0.02786552533507347,3.3423385620117188,0.15598784387111664,0.4886469841003418,0.3658711910247803,,,,dqn_icm,cartpole,dense,0.01,0.9,2,1.0
471,11.0,11,0.050000000000000044,0.0724399983882904,3.4509849548339844,0.24377745389938354,0.5077582597732544,0.36134254932403564,,,,dqn_icm,cartpole,dense,0.01,0.9,2,1.0
472,10.0,10,0.050000000000000044,0.01820080541074276,3.5359528064727783,0.09179048240184784,0.5077582597732544,0.36134254932403564,,,,dqn_icm,cartpole,dense,0.01,0.9,2,1.0
473,9.0,9,0.050000000000000044,0.07038132846355438,3.242295742034912,0.22593730688095093,0.5077582597732544,0.36134254932403564,,,,dqn_icm,cartpole,dense,0.01,0.9,2,1.0
474,11.0,11,0.050000000000000044,0.04694296047091484,3.3480348587036133,0.16960492730140686,0.5077582597732544,0.36134254932403564,,,,dqn_icm,cartpole,dense,0.01,0.9,2,1.0
475,9.0,9,0.050000000000000044,0.03765150159597397,3.8573825359344482,0.18443259596824646,0.44151052832603455,0.3907264173030853,,,,dqn_icm,cartpole,dense,0.01,0.9,2,1.0
476,8.0,8,0.050000000000000044,0.016979383304715157,3.4544928073883057,0.11768464744091034,0.44151052832603455,0.3907264173030853,,,,dqn_icm,cartpole,dense,0.01,0.9,2,1.0
477,9.0,9,0.050000000000000044,0.02432434819638729,3.5262765884399414,0.13760942220687866,0.44151052832603455,0.3907264173030853,,,,dqn_icm,cartpole,dense,0.01,0.9,2,1.0
478,10.0,10,0.050000000000000044,0.03954312205314636,3.3554911613464355,0.1587555706501007,0.44151052832603455,0.3907264173030853,,,,dqn_icm,cartpole,dense,0.01,0.9,2,1.0
479,10.0,10,0.050000000000000044,0.027417771518230438,3.4994564056396484,0.1195298582315445,0.44151052832603455,0.3907264173030853,,,,dqn_icm,cartpole,dense,0.01,0.9,2,1.0
480,10.0,10,0.050000000000000044,0.013425318524241447,3.6398935317993164,0.10113263130187988,0.4452976882457733,0.42128708958625793,,,,dqn_icm,cartpole,dense,0.01,0.9,2,1.0
481,9.0,9,0.050000000000000044,0.02496463619172573,3.575990676879883,0.12732402980327606,0.4452976882457733,0.42128708958625793,,,,dqn_icm,cartpole,dense,0.01,0.9,2,1.0
482,9.0,9,0.050000000000000044,0.03557382524013519,3.308091163635254,0.11378073692321777,0.4452976882457733,0.42128708958625793,,,,dqn_icm,cartpole,dense,0.01,0.9,2,1.0
483,9.0,9,0.050000000000000044,0.015406795777380466,3.5333187580108643,0.09406343102455139,0.4452976882457733,0.42128708958625793,,,,dqn_icm,cartpole,dense,0.01,0.9,2,1.0
484,9.0,9,0.050000000000000044,0.054259929805994034,3.6059305667877197,0.1759698987007141,0.3929981291294098,0.34144479036331177,,,,dqn_icm,cartpole,dense,0.01,0.9,2,1.0
485,11.0,11,0.050000000000000044,0.05179519206285477,3.4903194904327393,0.175913006067276,0.3929981291294098,0.34144479036331177,,,,dqn_icm,cartpole,dense,0.01,0.9,2,1.0
486,9.0,9,0.050000000000000044,0.04682435095310211,3.3194525241851807,0.1875154823064804,0.3929981291294098,0.34144479036331177,,,,dqn_icm,cartpole,dense,0.01,0.9,2,1.0
487,10.0,10,0.050000000000000044,0.04840104654431343,3.354626178741455,0.18704402446746826,0.3929981291294098,0.34144479036331177,,,,dqn_icm,cartpole,dense,0.01,0.9,2,1.0
488,10.0,10,0.050000000000000044,0.05687858909368515,3.874753475189209,0.253093421459198,0.42003342509269714,0.28532543778419495,,,,dqn_icm,cartpole,dense,0.01,0.9,2,1.0
489,8.0,8,0.050000000000000044,0.016323864459991455,3.4789767265319824,0.09260421246290207,0.42003342509269714,0.28532543778419495,,,,dqn_icm,cartpole,dense,0.01,0.9,2,1.0
490,11.0,11,0.050000000000000044,0.045975882560014725,3.4452741146087646,0.22471287846565247,0.42003342509269714,0.28532543778419495,,,,dqn_icm,cartpole,dense,0.01,0.9,2,1.0
491,10.0,10,0.050000000000000044,0.016235606744885445,3.4431657791137695,0.07747096568346024,0.42003342509269714,0.28532543778419495,,,,dqn_icm,cartpole,dense,0.01,0.9,2,1.0
492,10.0,10,0.050000000000000044,0.04026788845658302,3.650500774383545,0.16043239831924438,0.4540133774280548,0.3706125020980835,,,,dqn_icm,cartpole,dense,0.01,0.9,2,1.0
493,9.0,9,0.050000000000000044,0.012414510361850262,3.3338117599487305,0.08687403798103333,0.4540133774280548,0.3706125020980835,,,,dqn_icm,cartpole,dense,0.01,0.9,2,1.0
494,10.0,10,0.050000000000000044,0.010012023150920868,3.5708932876586914,0.08683052659034729,0.4540133774280548,0.3706125020980835,,,,dqn_icm,cartpole,dense,0.01,0.9,2,1.0
495,9.0,9,0.050000000000000044,0.027761604636907578,3.651278257369995,0.12879788875579834,0.4540133774280548,0.3706125020980835,,,,dqn_icm,cartpole,dense,0.01,0.9,2,1.0
496,10.0,10,0.050000000000000044,0.03323092311620712,3.6363115310668945,0.13177898526191711,0.4519712030887604,0.3627832531929016,,,,dqn_icm,cartpole,dense,0.01,0.9,2,1.0
497,12.0,12,0.050000000000000044,0.051421601325273514,3.4331588745117188,0.20236289501190186,0.4519712030887604,0.3627832531929016,,,,dqn_icm,cartpole,dense,0.01,0.9,2,1.0
498,9.0,9,0.050000000000000044,0.02883596532046795,3.445615291595459,0.16006293892860413,0.4519712030887604,0.3627832531929016,,,,dqn_icm,cartpole,dense,0.01,0.9,2,1.0
499,8.0,8,0.050000000000000044,0.025267386808991432,3.698725700378418,0.11339180171489716,0.4519712030887604,0.3627832531929016,,,,dqn_icm,cartpole,dense,0.01,0.9,2,1.0
500,9.0,9,0.050000000000000044,0.043199483305215836,3.6372885704040527,0.18352806568145752,0.4519712030887604,0.3627832531929016,9.7,0.7810249675906655,9.7,dqn_icm,cartpole,dense,0.01,0.9,2,1.0
501,10.0,10,0.050000000000000044,0.08910390734672546,3.471339225769043,0.24698342382907867,0.4426792860031128,0.2830464243888855,,,,dqn_icm,cartpole,dense,0.01,0.9,2,1.0
502,9.0,9,0.050000000000000044,0.06406587362289429,3.422379970550537,0.18783672153949738,0.4426792860031128,0.2830464243888855,,,,dqn_icm,cartpole,dense,0.01,0.9,2,1.0
503,8.0,8,0.050000000000000044,0.04895232990384102,3.689816474914551,0.19882656633853912,0.4426792860031128,0.2830464243888855,,,,dqn_icm,cartpole,dense,0.01,0.9,2,1.0
504,10.0,10,0.050000000000000044,0.026573603972792625,3.542424440383911,0.10939320176839828,0.4426792860031128,0.2830464243888855,,,,dqn_icm,cartpole,dense,0.01,0.9,2,1.0
505,12.0,12,0.050000000000000044,0.03658053278923035,3.579252004623413,0.153065025806427,0.39990025758743286,0.3623901307582855,,,,dqn_icm,cartpole,dense,0.01,0.9,2,1.0
506,8.0,8,0.050000000000000044,0.045137032866477966,3.7323741912841797,0.1507200002670288,0.39990025758743286,0.3623901307582855,,,,dqn_icm,cartpole,dense,0.01,0.9,2,1.0
507,9.0,9,0.050000000000000044,0.09463298320770264,3.7629318237304688,0.2313113808631897,0.39990025758743286,0.3623901307582855,,,,dqn_icm,cartpole,dense,0.01,0.9,2,1.0
508,8.0,8,0.050000000000000044,0.06625402718782425,3.39273738861084,0.16774919629096985,0.39990025758743286,0.3623901307582855,,,,dqn_icm,cartpole,dense,0.01,0.9,2,1.0
509,11.0,11,0.050000000000000044,0.053067609667778015,3.4860892295837402,0.17802029848098755,0.46186313033103943,0.2941480875015259,,,,dqn_icm,cartpole,dense,0.01,0.9,2,1.0
510,8.0,8,0.050000000000000044,0.04015669226646423,3.4866416454315186,0.14131350815296173,0.46186313033103943,0.2941480875015259,,,,dqn_icm,cartpole,dense,0.01,0.9,2,1.0
511,10.0,10,0.050000000000000044,0.05113887041807175,3.5226516723632812,0.21735265851020813,0.46186313033103943,0.2941480875015259,,,,dqn_icm,cartpole,dense,0.01,0.9,2,1.0
512,9.0,9,0.050000000000000044,0.036804333329200745,3.547689914703369,0.14933761954307556,0.46186313033103943,0.2941480875015259,,,,dqn_icm,cartpole,dense,0.01,0.9,2,1.0
513,9.0,9,0.050000000000000044,0.10367292910814285,3.446171283721924,0.2519477903842926,0.46901944279670715,0.41343778371810913,,,,dqn_icm,cartpole,dense,0.01,0.9,2,1.0
514,9.0,9,0.050000000000000044,0.05613068491220474,3.514042615890503,0.15227720141410828,0.46901944279670715,0.41343778371810913,,,,dqn_icm,cartpole,dense,0.01,0.9,2,1.0
515,10.0,10,0.050000000000000044,0.06352153420448303,3.5986127853393555,0.16079598665237427,0.46901944279670715,0.41343778371810913,,,,dqn_icm,cartpole,dense,0.01,0.9,2,1.0
516,9.0,9,0.050000000000000044,0.015472602099180222,3.596151828765869,0.12998461723327637,0.46901944279670715,0.41343778371810913,,,,dqn_icm,cartpole,dense,0.01,0.9,2,1.0
517,10.0,10,0.050000000000000044,0.04974523186683655,3.443077564239502,0.16923800110816956,0.46901944279670715,0.41343778371810913,,,,dqn_icm,cartpole,dense,0.01,0.9,2,1.0
518,10.0,10,0.050000000000000044,0.03159962594509125,3.6078410148620605,0.20319116115570068,0.3850224018096924,0.39890703558921814,,,,dqn_icm,cartpole,dense,0.01,0.9,2,1.0
519,10.0,10,0.050000000000000044,0.05981020629405975,3.3684046268463135,0.1674920618534088,0.3850224018096924,0.39890703558921814,,,,dqn_icm,cartpole,dense,0.01,0.9,2,1.0
520,9.0,9,0.050000000000000044,0.045037828385829926,3.4811336994171143,0.20986583828926086,0.3850224018096924,0.39890703558921814,,,,dqn_icm,cartpole,dense,0.01,0.9,2,1.0
521,10.0,10,0.050000000000000044,0.03166039660573006,3.4344422817230225,0.13122975826263428,0.3850224018096924,0.39890703558921814,,,,dqn_icm,cartpole,dense,0.01,0.9,2,1.0
522,10.0,10,0.050000000000000044,0.07303854823112488,3.532046318054199,0.21087335050106049,0.4594748616218567,0.3519534766674042,,,,dqn_icm,cartpole,dense,0.01,0.9,2,1.0
523,9.0,9,0.050000000000000044,0.02197510004043579,3.61601185798645,0.14454978704452515,0.4594748616218567,0.3519534766674042,,,,dqn_icm,cartpole,dense,0.01,0.9,2,1.0
524,9.0,9,0.050000000000000044,0.02974337339401245,3.498802423477173,0.12645122408866882,0.4594748616218567,0.3519534766674042,,,,dqn_icm,cartpole,dense,0.01,0.9,2,1.0
525,10.0,10,0.050000000000000044,0.03908451274037361,3.5867342948913574,0.14875665307044983,0.4594748616218567,0.3519534766674042,,,,dqn_icm,cartpole,dense,0.01,0.9,2,1.0
526,9.0,9,0.050000000000000044,0.02561229094862938,3.515629768371582,0.15134575963020325,0.41678473353385925,0.35040873289108276,,,,dqn_icm,cartpole,dense,0.01,0.9,2,1.0
527,11.0,11,0.050000000000000044,0.05739280581474304,3.462268114089966,0.18408480286598206,0.41678473353385925,0.35040873289108276,,,,dqn_icm,cartpole,dense,0.01,0.9,2,1.0
528,10.0,10,0.050000000000000044,0.01292403880506754,3.7017180919647217,0.09936348348855972,0.41678473353385925,0.35040873289108276,,,,dqn_icm,cartpole,dense,0.01,0.9,2,1.0
529,10.0,10,0.050000000000000044,0.01615595817565918,3.5589990615844727,0.12505465745925903,0.41678473353385925,0.35040873289108276,,,,dqn_icm,cartpole,dense,0.01,0.9,2,1.0
530,9.0,9,0.050000000000000044,0.04522818699479103,3.68426513671875,0.12737786769866943,0.4119393229484558,0.396073579788208,,,,dqn_icm,cartpole,dense,0.01,0.9,2,1.0
531,9.0,9,0.050000000000000044,0.06854090094566345,3.376697301864624,0.18497943878173828,0.4119393229484558,0.396073579788208,,,,dqn_icm,cartpole,dense,0.01,0.9,2,1.0
532,10.0,10,0.050000000000000044,0.012143252417445183,3.4148664474487305,0.094853475689888,0.4119393229484558,0.396073579788208,,,,dqn_icm,cartpole,dense,0.01,0.9,2,1.0
533,11.0,11,0.050000000000000044,0.03040343150496483,3.5754141807556152,0.14805075526237488,0.4119393229484558,0.396073579788208,,,,dqn_icm,cartpole,dense,0.01,0.9,2,1.0
534,10.0,10,0.050000000000000044,0.2589682340621948,3.76861572265625,0.6826999187469482,0.43897196650505066,0.32423049211502075,,,,dqn_icm,cartpole,dense,0.01,0.9,2,1.0
535,10.0,10,0.050000000000000044,0.1604679822921753,4.898334980010986,0.35477760434150696,0.43897196650505066,0.32423049211502075,,,,dqn_icm,cartpole,dense,0.01,0.9,2,1.0
536,10.0,10,0.050000000000000044,0.10797911882400513,4.295792579650879,0.3007854223251343,0.43897196650505066,0.32423049211502075,,,,dqn_icm,cartpole,dense,0.01,0.9,2,1.0
537,10.0,10,0.050000000000000044,0.2757159471511841,3.978154182434082,0.5128512382507324,0.43897196650505066,0.32423049211502075,,,,dqn_icm,cartpole,dense,0.01,0.9,2,1.0
538,10.0,10,0.050000000000000044,0.07636808604001999,4.500956058502197,0.3162044286727905,0.4547401964664459,0.27079692482948303,,,,dqn_icm,cartpole,dense,0.01,0.9,2,1.0
539,10.0,10,0.050000000000000044,0.1328394114971161,4.717740058898926,0.3836591839790344,0.4547401964664459,0.27079692482948303,,,,dqn_icm,cartpole,dense,0.01,0.9,2,1.0
540,10.0,10,0.050000000000000044,0.14220429956912994,3.9385578632354736,0.46643778681755066,0.4547401964664459,0.27079692482948303,,,,dqn_icm,cartpole,dense,0.01,0.9,2,1.0
541,11.0,11,0.050000000000000044,0.07813741266727448,4.051671981811523,0.35441407561302185,0.4547401964664459,0.27079692482948303,,,,dqn_icm,cartpole,dense,0.01,0.9,2,1.0
542,11.0,11,0.050000000000000044,0.054707977920770645,4.765450477600098,0.2858739495277405,0.4731694459915161,0.25287941098213196,,,,dqn_icm,cartpole,dense,0.01,0.9,2,1.0
543,8.0,8,0.050000000000000044,0.027625657618045807,4.476080417633057,0.19650742411613464,0.4731694459915161,0.25287941098213196,,,,dqn_icm,cartpole,dense,0.01,0.9,2,1.0
544,8.0,8,0.050000000000000044,0.06110011786222458,4.505265712738037,0.181195467710495,0.4731694459915161,0.25287941098213196,,,,dqn_icm,cartpole,dense,0.01,0.9,2,1.0
545,9.0,9,0.050000000000000044,0.015857642516493797,4.859719276428223,0.11632779985666275,0.4731694459915161,0.25287941098213196,,,,dqn_icm,cartpole,dense,0.01,0.9,2,1.0
546,10.0,10,0.050000000000000044,0.05880173295736313,4.68291711807251,0.2345340996980667,0.40294983983039856,0.3571537137031555,,,,dqn_icm,cartpole,dense,0.01,0.9,2,1.0
547,11.0,11,0.050000000000000044,0.047048114240169525,4.0959296226501465,0.24562275409698486,0.40294983983039856,0.3571537137031555,,,,dqn_icm,cartpole,dense,0.01,0.9,2,1.0
548,11.0,11,0.050000000000000044,0.06855607032775879,4.00068998336792,0.2987719178199768,0.40294983983039856,0.3571537137031555,,,,dqn_icm,cartpole,dense,0.01,0.9,2,1.0
549,10.0,10,0.050000000000000044,0.014498590491712093,4.447656154632568,0.14081290364265442,0.40294983983039856,0.3571537137031555,,,,dqn_icm,cartpole,dense,0.01,0.9,2,1.0
550,8.0,8,0.050000000000000044,0.06698975712060928,4.234363555908203,0.22960852086544037,0.5183595418930054,0.3308742046356201,9.7,0.7810249675906655,9.7,dqn_icm,cartpole,dense,0.01,0.9,2,1.0
551,10.0,10,0.050000000000000044,0.03882032632827759,4.023675441741943,0.17821703851222992,0.5183595418930054,0.3308742046356201,,,,dqn_icm,cartpole,dense,0.01,0.9,2,1.0
552,8.0,8,0.050000000000000044,0.04245895892381668,4.288735866546631,0.20575089752674103,0.5183595418930054,0.3308742046356201,,,,dqn_icm,cartpole,dense,0.01,0.9,2,1.0
553,10.0,10,0.050000000000000044,0.018027029931545258,4.558989524841309,0.138691246509552,0.5183595418930054,0.3308742046356201,,,,dqn_icm,cartpole,dense,0.01,0.9,2,1.0
554,9.0,9,0.050000000000000044,0.06588076055049896,4.676666736602783,0.2245616614818573,0.5183595418930054,0.3308742046356201,,,,dqn_icm,cartpole,dense,0.01,0.9,2,1.0
555,9.0,9,0.050000000000000044,0.017981616780161858,4.372747421264648,0.09320951253175735,0.4004420042037964,0.34613296389579773,,,,dqn_icm,cartpole,dense,0.01,0.9,2,1.0
556,9.0,9,0.050000000000000044,0.023125186562538147,4.514402389526367,0.15602223575115204,0.4004420042037964,0.34613296389579773,,,,dqn_icm,cartpole,dense,0.01,0.9,2,1.0
557,10.0,10,0.050000000000000044,0.07142463326454163,4.470067501068115,0.20736446976661682,0.4004420042037964,0.34613296389579773,,,,dqn_icm,cartpole,dense,0.01,0.9,2,1.0
558,9.0,9,0.050000000000000044,0.026197582483291626,4.4494123458862305,0.13260073959827423,0.4004420042037964,0.34613296389579773,,,,dqn_icm,cartpole,dense,0.01,0.9,2,1.0
559,10.0,10,0.050000000000000044,0.03050154075026512,4.397469520568848,0.15205919742584229,0.40243634581565857,0.37081021070480347,,,,dqn_icm,cartpole,dense,0.01,0.9,2,1.0
560,8.0,8,0.050000000000000044,0.015147833153605461,4.3399481773376465,0.13086171448230743,0.40243634581565857,0.37081021070480347,,,,dqn_icm,cartpole,dense,0.01,0.9,2,1.0
561,10.0,10,0.050000000000000044,0.05366607755422592,4.556967258453369,0.2082473784685135,0.40243634581565857,0.37081021070480347,,,,dqn_icm,cartpole,dense,0.01,0.9,2,1.0
562,10.0,10,0.050000000000000044,0.01550162024796009,4.2799177169799805,0.11816650629043579,0.40243634581565857,0.37081021070480347,,,,dqn_icm,cartpole,dense,0.01,0.9,2,1.0
563,10.0,10,0.050000000000000044,0.027218949049711227,4.410780906677246,0.14237938821315765,0.4072694480419159,0.3752971291542053,,,,dqn_icm,cartpole,dense,0.01,0.9,2,1.0
564,10.0,10,0.050000000000000044,0.03811969980597496,4.402766704559326,0.12250059843063354,0.4072694480419159,0.3752971291542053,,,,dqn_icm,cartpole,dense,0.01,0.9,2,1.0
565,10.0,10,0.050000000000000044,0.014119310304522514,4.294284343719482,0.10516657680273056,0.4072694480419159,0.3752971291542053,,,,dqn_icm,cartpole,dense,0.01,0.9,2,1.0
566,9.0,9,0.050000000000000044,0.05585448816418648,4.173942565917969,0.1773199737071991,0.4072694480419159,0.3752971291542053,,,,dqn_icm,cartpole,dense,0.01,0.9,2,1.0
567,10.0,10,0.050000000000000044,0.030942518264055252,4.325972080230713,0.17728373408317566,0.3751274645328522,0.3667703866958618,,,,dqn_icm,cartpole,dense,0.01,0.9,2,1.0
568,9.0,9,0.050000000000000044,0.03798305243253708,4.425839424133301,0.20343232154846191,0.3751274645328522,0.3667703866958618,,,,dqn_icm,cartpole,dense,0.01,0.9,2,1.0
569,10.0,10,0.050000000000000044,0.03340013697743416,4.313302993774414,0.19515888392925262,0.3751274645328522,0.3667703866958618,,,,dqn_icm,cartpole,dense,0.01,0.9,2,1.0
570,9.0,9,0.050000000000000044,0.025736525654792786,4.1810221672058105,0.18121448159217834,0.3751274645328522,0.3667703866958618,,,,dqn_icm,cartpole,dense,0.01,0.9,2,1.0
571,10.0,10,0.050000000000000044,0.025516865774989128,4.376486778259277,0.12153717875480652,0.39272645115852356,0.3185872733592987,,,,dqn_icm,cartpole,dense,0.01,0.9,2,1.0
572,10.0,10,0.050000000000000044,0.016281722113490105,4.296883583068848,0.13000518083572388,0.39272645115852356,0.3185872733592987,,,,dqn_icm,cartpole,dense,0.01,0.9,2,1.0
573,9.0,9,0.050000000000000044,0.019513092935085297,4.361884117126465,0.12379264831542969,0.39272645115852356,0.3185872733592987,,,,dqn_icm,cartpole,dense,0.01,0.9,2,1.0
574,10.0,10,0.050000000000000044,0.017672108486294746,4.239950180053711,0.11626306176185608,0.39272645115852356,0.3185872733592987,,,,dqn_icm,cartpole,dense,0.01,0.9,2,1.0
575,10.0,10,0.050000000000000044,0.01206921599805355,4.54060173034668,0.09333613514900208,0.39272645115852356,0.3185872733592987,,,,dqn_icm,cartpole,dense,0.01,0.9,2,1.0
576,10.0,10,0.050000000000000044,0.013360027223825455,4.306780815124512,0.11444425582885742,0.4219452440738678,0.41324782371520996,,,,dqn_icm,cartpole,dense,0.01,0.9,2,1.0
577,10.0,10,0.050000000000000044,0.021021874621510506,4.274311065673828,0.14397336542606354,0.4219452440738678,0.41324782371520996,,,,dqn_icm,cartpole,dense,0.01,0.9,2,1.0
578,8.0,8,0.050000000000000044,0.014680804684758186,4.613471031188965,0.09957250952720642,0.4219452440738678,0.41324782371520996,,,,dqn_icm,cartpole,dense,0.01,0.9,2,1.0
579,8.0,8,0.050000000000000044,0.02370532602071762,4.650640487670898,0.17560049891471863,0.4219452440738678,0.41324782371520996,,,,dqn_icm,cartpole,dense,0.01,0.9,2,1.0
580,9.0,9,0.050000000000000044,0.02164592035114765,4.482818126678467,0.12887826561927795,0.38143235445022583,0.3541296124458313,,,,dqn_icm,cartpole,dense,0.01,0.9,2,1.0
581,9.0,9,0.050000000000000044,0.026436176151037216,4.181045055389404,0.16057273745536804,0.38143235445022583,0.3541296124458313,,,,dqn_icm,cartpole,dense,0.01,0.9,2,1.0
582,9.0,9,0.050000000000000044,0.013087470084428787,4.316471099853516,0.09007980674505234,0.38143235445022583,0.3541296124458313,,,,dqn_icm,cartpole,dense,0.01,0.9,2,1.0
583,12.0,12,0.050000000000000044,0.011985966004431248,4.764891147613525,0.10312582552433014,0.38143235445022583,0.3541296124458313,,,,dqn_icm,cartpole,dense,0.01,0.9,2,1.0
584,9.0,9,0.050000000000000044,0.016611086204648018,4.210628509521484,0.10912084579467773,0.42309334874153137,0.33645856380462646,,,,dqn_icm,cartpole,dense,0.01,0.9,2,1.0
585,8.0,8,0.050000000000000044,0.02973632514476776,4.390372276306152,0.16288074851036072,0.42309334874153137,0.33645856380462646,,,,dqn_icm,cartpole,dense,0.01,0.9,2,1.0
586,11.0,11,0.050000000000000044,0.015621684491634369,4.6213459968566895,0.11095161736011505,0.42309334874153137,0.33645856380462646,,,,dqn_icm,cartpole,dense,0.01,0.9,2,1.0
587,10.0,10,0.050000000000000044,0.016856178641319275,4.3977556228637695,0.1150067150592804,0.42309334874153137,0.33645856380462646,,,,dqn_icm,cartpole,dense,0.01,0.9,2,1.0
588,10.0,10,0.050000000000000044,0.012910011224448681,4.599506378173828,0.10558223724365234,0.34438732266426086,0.3183524012565613,,,,dqn_icm,cartpole,dense,0.01,0.9,2,1.0
589,10.0,10,0.050000000000000044,0.014462645165622234,4.229710578918457,0.09660902619361877,0.34438732266426086,0.3183524012565613,,,,dqn_icm,cartpole,dense,0.01,0.9,2,1.0
590,10.0,10,0.050000000000000044,0.010416543111205101,4.450770378112793,0.07472052425146103,0.34438732266426086,0.3183524012565613,,,,dqn_icm,cartpole,dense,0.01,0.9,2,1.0
591,9.0,9,0.050000000000000044,0.022769063711166382,4.476890563964844,0.12178325653076172,0.34438732266426086,0.3183524012565613,,,,dqn_icm,cartpole,dense,0.01,0.9,2,1.0
592,10.0,10,0.050000000000000044,0.019911818206310272,4.53370475769043,0.13201387226581573,0.35314998030662537,0.3652653694152832,,,,dqn_icm,cartpole,dense,0.01,0.9,2,1.0
593,9.0,9,0.050000000000000044,0.0255860835313797,4.340263366699219,0.09549406915903091,0.35314998030662537,0.3652653694152832,,,,dqn_icm,cartpole,dense,0.01,0.9,2,1.0
594,10.0,10,0.050000000000000044,0.010537177324295044,4.533082962036133,0.10063832998275757,0.35314998030662537,0.3652653694152832,,,,dqn_icm,cartpole,dense,0.01,0.9,2,1.0
595,9.0,9,0.050000000000000044,0.025414366275072098,4.172513008117676,0.1253896802663803,0.35314998030662537,0.3652653694152832,,,,dqn_icm,cartpole,dense,0.01,0.9,2,1.0
596,9.0,9,0.050000000000000044,0.023342451080679893,4.375842094421387,0.11213001608848572,0.35314998030662537,0.3652653694152832,,,,dqn_icm,cartpole,dense,0.01,0.9,2,1.0
597,10.0,10,0.050000000000000044,0.030239224433898926,4.7105865478515625,0.1417626440525055,0.36666885018348694,0.27258437871932983,,,,dqn_icm,cartpole,dense,0.01,0.9,2,1.0
598,8.0,8,0.050000000000000044,0.01933480054140091,4.412904739379883,0.10475632548332214,0.36666885018348694,0.27258437871932983,,,,dqn_icm,cartpole,dense,0.01,0.9,2,1.0
599,10.0,10,0.050000000000000044,0.019898170605301857,4.478329658508301,0.1184401735663414,0.36666885018348694,0.27258437871932983,,,,dqn_icm,cartpole,dense,0.01,0.9,2,1.0
600,9.0,9,0.050000000000000044,0.03386872261762619,4.372148513793945,0.1486026495695114,0.36666885018348694,0.27258437871932983,9.7,0.7810249675906655,9.7,dqn_icm,cartpole,dense,0.01,0.9,2,1.0
601,10.0,10,0.050000000000000044,0.037249140441417694,4.635598182678223,0.15064331889152527,0.3819650113582611,0.3335477113723755,,,,dqn_icm,cartpole,dense,0.01,0.9,2,1.0
602,10.0,10,0.050000000000000044,0.012881514616310596,4.41886043548584,0.08497880399227142,0.3819650113582611,0.3335477113723755,,,,dqn_icm,cartpole,dense,0.01,0.9,2,1.0
603,9.0,9,0.050000000000000044,0.021611355245113373,4.21656608581543,0.1300714910030365,0.3819650113582611,0.3335477113723755,,,,dqn_icm,cartpole,dense,0.01,0.9,2,1.0
604,10.0,10,0.050000000000000044,0.012489929795265198,4.43064022064209,0.08164654672145844,0.3819650113582611,0.3335477113723755,,,,dqn_icm,cartpole,dense,0.01,0.9,2,1.0
605,10.0,10,0.050000000000000044,0.020728914067149162,4.367276191711426,0.08742202818393707,0.3769083321094513,0.36308038234710693,,,,dqn_icm,cartpole,dense,0.01,0.9,2,1.0
606,9.0,9,0.050000000000000044,0.009064636193215847,4.455351829528809,0.07294981181621552,0.3769083321094513,0.36308038234710693,,,,dqn_icm,cartpole,dense,0.01,0.9,2,1.0
607,9.0,9,0.050000000000000044,0.025660742074251175,4.343688011169434,0.10728112608194351,0.3769083321094513,0.36308038234710693,,,,dqn_icm,cartpole,dense,0.01,0.9,2,1.0
608,9.0,9,0.050000000000000044,0.010501916520297527,4.398955345153809,0.08068569004535675,0.3769083321094513,0.36308038234710693,,,,dqn_icm,cartpole,dense,0.01,0.9,2,1.0
609,9.0,9,0.050000000000000044,0.023772815242409706,4.519740581512451,0.09746252000331879,0.3433225452899933,0.3029845356941223,,,,dqn_icm,cartpole,dense,0.01,0.9,2,1.0
610,9.0,9,0.050000000000000044,0.014252586290240288,4.4158782958984375,0.10486068576574326,0.3433225452899933,0.3029845356941223,,,,dqn_icm,cartpole,dense,0.01,0.9,2,1.0
611,8.0,8,0.050000000000000044,0.0280286967754364,4.262747764587402,0.12225665152072906,0.3433225452899933,0.3029845356941223,,,,dqn_icm,cartpole,dense,0.01,0.9,2,1.0
612,10.0,10,0.050000000000000044,0.018438352271914482,4.4697771072387695,0.10449713468551636,0.3433225452899933,0.3029845356941223,,,,dqn_icm,cartpole,dense,0.01,0.9,2,1.0
613,10.0,10,0.050000000000000044,0.024082651361823082,4.0770182609558105,0.13387832045555115,0.3433225452899933,0.3029845356941223,,,,dqn_icm,cartpole,dense,0.01,0.9,2,1.0
614,10.0,10,0.050000000000000044,0.027191827073693275,4.363046646118164,0.11307726800441742,0.3550618290901184,0.32482922077178955,,,,dqn_icm,cartpole,dense,0.01,0.9,2,1.0
615,8.0,8,0.050000000000000044,0.025213535875082016,4.347192764282227,0.10702411830425262,0.3550618290901184,0.32482922077178955,,,,dqn_icm,cartpole,dense,0.01,0.9,2,1.0
616,9.0,9,0.050000000000000044,0.013151387684047222,4.425054550170898,0.08021090924739838,0.3550618290901184,0.32482922077178955,,,,dqn_icm,cartpole,dense,0.01,0.9,2,1.0
617,10.0,10,0.050000000000000044,0.012470519170165062,4.568360805511475,0.08574239909648895,0.3550618290901184,0.32482922077178955,,,,dqn_icm,cartpole,dense,0.01,0.9,2,1.0
618,10.0,10,0.050000000000000044,0.043976977467536926,4.4413299560546875,0.17124754190444946,0.3397258222103119,0.37138476967811584,,,,dqn_icm,cartpole,dense,0.01,0.9,2,1.0
619,9.0,9,0.050000000000000044,0.02242414280772209,4.390133380889893,0.137251615524292,0.3397258222103119,0.37138476967811584,,,,dqn_icm,cartpole,dense,0.01,0.9,2,1.0
620,11.0,11,0.050000000000000044,0.01850077509880066,4.500185012817383,0.13100530207157135,0.3397258222103119,0.37138476967811584,,,,dqn_icm,cartpole,dense,0.01,0.9,2,1.0
621,8.0,8,0.050000000000000044,0.01911849156022072,4.353837013244629,0.11477825045585632,0.3397258222103119,0.37138476967811584,,,,dqn_icm,cartpole,dense,0.01,0.9,2,1.0
622,10.0,10,0.050000000000000044,0.011325224302709103,4.509650707244873,0.11681143194437027,0.4105896055698395,0.32201245427131653,,,,dqn_icm,cartpole,dense,0.01,0.9,2,1.0
623,9.0,9,0.050000000000000044,0.014888158068060875,4.5927734375,0.1366603970527649,0.4105896055698395,0.32201245427131653,,,,dqn_icm,cartpole,dense,0.01,0.9,2,1.0
624,9.0,9,0.050000000000000044,0.030146464705467224,4.198495864868164,0.16443462669849396,0.4105896055698395,0.32201245427131653,,,,dqn_icm,cartpole,dense,0.01,0.9,2,1.0
625,10.0,10,0.050000000000000044,0.011858014389872551,4.5634050369262695,0.10649287700653076,0.4105896055698395,0.32201245427131653,,,,dqn_icm,cartpole,dense,0.01,0.9,2,1.0
626,10.0,10,0.050000000000000044,0.03317032381892204,4.437125205993652,0.1569875180721283,0.4005887508392334,0.3333466649055481,,,,dqn_icm,cartpole,dense,0.01,0.9,2,1.0
627,10.0,10,0.050000000000000044,0.011336799710988998,4.53780460357666,0.09455090016126633,0.4005887508392334,0.3333466649055481,,,,dqn_icm,cartpole,dense,0.01,0.9,2,1.0
628,9.0,9,0.050000000000000044,0.011793049052357674,4.511409759521484,0.071591317653656,0.4005887508392334,0.3333466649055481,,,,dqn_icm,cartpole,dense,0.01,0.9,2,1.0
629,10.0,10,0.050000000000000044,0.021839138120412827,4.567424774169922,0.10948477685451508,0.4005887508392334,0.3333466649055481,,,,dqn_icm,cartpole,dense,0.01,0.9,2,1.0
630,11.0,11,0.050000000000000044,0.011354698799550533,4.348533630371094,0.09883414953947067,0.3913611173629761,0.28477486968040466,,,,dqn_icm,cartpole,dense,0.01,0.9,2,1.0
631,9.0,9,0.050000000000000044,0.012919225730001926,4.443326950073242,0.09624765813350677,0.3913611173629761,0.28477486968040466,,,,dqn_icm,cartpole,dense,0.01,0.9,2,1.0
632,10.0,10,0.050000000000000044,0.013461761176586151,4.60425329208374,0.12063579261302948,0.3913611173629761,0.28477486968040466,,,,dqn_icm,cartpole,dense,0.01,0.9,2,1.0
633,11.0,11,0.050000000000000044,0.013083565980196,4.644850254058838,0.08958694338798523,0.3913611173629761,0.28477486968040466,,,,dqn_icm,cartpole,dense,0.01,0.9,2,1.0
634,9.0,9,0.050000000000000044,0.028807375580072403,4.188159465789795,0.15898960828781128,0.3913611173629761,0.28477486968040466,,,,dqn_icm,cartpole,dense,0.01,0.9,2,1.0
635,9.0,9,0.050000000000000044,0.006019155494868755,4.504489421844482,0.07559019327163696,0.34651973843574524,0.2917454242706299,,,,dqn_icm,cartpole,dense,0.01,0.9,2,1.0
636,10.0,10,0.050000000000000044,0.02017398178577423,4.662388324737549,0.10865823924541473,0.34651973843574524,0.2917454242706299,,,,dqn_icm,cartpole,dense,0.01,0.9,2,1.0
637,10.0,10,0.050000000000000044,0.02276749350130558,4.243192195892334,0.10245828330516815,0.34651973843574524,0.2917454242706299,,,,dqn_icm,cartpole,dense,0.01,0.9,2,1.0
638,9.0,9,0.050000000000000044,0.013555030338466167,4.3302106857299805,0.10386091470718384,0.34651973843574524,0.2917454242706299,,,,dqn_icm,cartpole,dense,0.01,0.9,2,1.0
639,9.0,9,0.050000000000000044,0.007242272607982159,4.466691970825195,0.06249164044857025,0.31817665696144104,0.2575739920139313,,,,dqn_icm,cartpole,dense,0.01,0.9,2,1.0
640,10.0,10,0.050000000000000044,0.019500110298395157,4.475064277648926,0.09134674072265625,0.31817665696144104,0.2575739920139313,,,,dqn_icm,cartpole,dense,0.01,0.9,2,1.0
641,8.0,8,0.050000000000000044,0.008971599861979485,4.6052350997924805,0.0793609693646431,0.31817665696144104,0.2575739920139313,,,,dqn_icm,cartpole,dense,0.01,0.9,2,1.0
642,10.0,10,0.050000000000000044,0.02447018027305603,4.299560546875,0.11957627534866333,0.31817665696144104,0.2575739920139313,,,,dqn_icm,cartpole,dense,0.01,0.9,2,1.0
643,9.0,9,0.050000000000000044,0.037504035979509354,4.440573692321777,0.13570082187652588,0.34278538823127747,0.2890048623085022,,,,dqn_icm,cartpole,dense,0.01,0.9,2,1.0
644,9.0,9,0.050000000000000044,0.042164504528045654,4.362382411956787,0.14602942764759064,0.34278538823127747,0.2890048623085022,,,,dqn_icm,cartpole,dense,0.01,0.9,2,1.0
645,10.0,10,0.050000000000000044,0.016357658430933952,4.615060806274414,0.13470713794231415,0.34278538823127747,0.2890048623085022,,,,dqn_icm,cartpole,dense,0.01,0.9,2,1.0
646,10.0,10,0.050000000000000044,0.021710501983761787,4.316478729248047,0.12876084446907043,0.34278538823127747,0.2890048623085022,,,,dqn_icm,cartpole,dense,0.01,0.9,2,1.0
647,9.0,9,0.050000000000000044,0.018997034057974815,4.241771697998047,0.16442988812923431,0.39799976348876953,0.29224205017089844,,,,dqn_icm,cartpole,dense,0.01,0.9,2,1.0
648,10.0,10,0.050000000000000044,0.033878497779369354,4.069296836853027,0.21321916580200195,0.39799976348876953,0.29224205017089844,,,,dqn_icm,cartpole,dense,0.01,0.9,2,1.0
649,9.0,9,0.050000000000000044,0.02197004295885563,4.305695533752441,0.13978371024131775,0.39799976348876953,0.29224205017089844,,,,dqn_icm,cartpole,dense,0.01,0.9,2,1.0
650,10.0,10,0.050000000000000044,0.034056488424539566,4.522095203399658,0.15115545690059662,0.39799976348876953,0.29224205017089844,9.7,0.7810249675906655,9.7,dqn_icm,cartpole,dense,0.01,0.9,2,1.0
651,8.0,8,0.050000000000000044,0.01844746433198452,4.335534572601318,0.10092167556285858,0.39799976348876953,0.29224205017089844,,,,dqn_icm,cartpole,dense,0.01,0.9,2,1.0
652,9.0,9,0.050000000000000044,0.015240074135363102,4.521370887756348,0.0811980664730072,0.32792460918426514,0.3272608518600464,,,,dqn_icm,cartpole,dense,0.01,0.9,2,1.0
653,10.0,10,0.050000000000000044,0.012800976634025574,4.792983531951904,0.1104009598493576,0.32792460918426514,0.3272608518600464,,,,dqn_icm,cartpole,dense,0.01,0.9,2,1.0
654,10.0,10,0.050000000000000044,0.02069230191409588,4.583232879638672,0.12617754936218262,0.32792460918426514,0.3272608518600464,,,,dqn_icm,cartpole,dense,0.01,0.9,2,1.0
655,12.0,12,0.050000000000000044,0.015277933329343796,4.351041316986084,0.12502047419548035,0.32792460918426514,0.3272608518600464,,,,dqn_icm,cartpole,dense,0.01,0.9,2,1.0
656,9.0,9,0.050000000000000044,0.0488714836537838,4.497906684875488,0.18981075286865234,0.44008949398994446,0.32180771231651306,,,,dqn_icm,cartpole,dense,0.01,0.9,2,1.0
657,10.0,10,0.050000000000000044,0.0058516268618404865,4.485250473022461,0.05320916324853897,0.44008949398994446,0.32180771231651306,,,,dqn_icm,cartpole,dense,0.01,0.9,2,1.0
658,9.0,9,0.050000000000000044,0.03275851905345917,4.481836795806885,0.14474034309387207,0.44008949398994446,0.32180771231651306,,,,dqn_icm,cartpole,dense,0.01,0.9,2,1.0
659,9.0,9,0.050000000000000044,0.026261165738105774,4.586061954498291,0.11488210409879684,0.44008949398994446,0.32180771231651306,,,,dqn_icm,cartpole,dense,0.01,0.9,2,1.0
660,10.0,10,0.050000000000000044,0.013809057883918285,4.2210845947265625,0.08287850022315979,0.31209203600883484,0.29722732305526733,,,,dqn_icm,cartpole,dense,0.01,0.9,2,1.0
661,8.0,8,0.050000000000000044,0.023477844893932343,4.305892467498779,0.14453096687793732,0.31209203600883484,0.29722732305526733,,,,dqn_icm,cartpole,dense,0.01,0.9,2,1.0
662,10.0,10,0.050000000000000044,0.02076696790754795,4.4615278244018555,0.1268826127052307,0.31209203600883484,0.29722732305526733,,,,dqn_icm,cartpole,dense,0.01,0.9,2,1.0
663,10.0,10,0.050000000000000044,0.03617012873291969,4.39101505279541,0.11314980685710907,0.31209203600883484,0.29722732305526733,,,,dqn_icm,cartpole,dense,0.01,0.9,2,1.0
664,10.0,10,0.050000000000000044,0.01016073115170002,4.43617057800293,0.0963660478591919,0.3703339695930481,0.21205613017082214,,,,dqn_icm,cartpole,dense,0.01,0.9,2,1.0
665,10.0,10,0.050000000000000044,0.020806677639484406,4.53056526184082,0.1033242791891098,0.3703339695930481,0.21205613017082214,,,,dqn_icm,cartpole,dense,0.01,0.9,2,1.0
666,10.0,10,0.050000000000000044,0.015194639563560486,4.386690139770508,0.10664868354797363,0.3703339695930481,0.21205613017082214,,,,dqn_icm,cartpole,dense,0.01,0.9,2,1.0
667,10.0,10,0.050000000000000044,0.010498516261577606,4.416256427764893,0.0780615508556366,0.3703339695930481,0.21205613017082214,,,,dqn_icm,cartpole,dense,0.01,0.9,2,1.0
668,10.0,10,0.050000000000000044,0.0183541439473629,4.458630561828613,0.10138454288244247,0.32568442821502686,0.31453830003738403,,,,dqn_icm,cartpole,dense,0.01,0.9,2,1.0
669,8.0,8,0.050000000000000044,0.011483180336654186,4.351205825805664,0.09167224913835526,0.32568442821502686,0.31453830003738403,,,,dqn_icm,cartpole,dense,0.01,0.9,2,1.0
670,8.0,8,0.050000000000000044,0.01559632271528244,4.306398868560791,0.08903993666172028,0.32568442821502686,0.31453830003738403,,,,dqn_icm,cartpole,dense,0.01,0.9,2,1.0
671,11.0,11,0.050000000000000044,0.007137448992580175,4.429450035095215,0.07314623892307281,0.32568442821502686,0.31453830003738403,,,,dqn_icm,cartpole,dense,0.01,0.9,2,1.0
672,10.0,10,0.050000000000000044,0.005526773631572723,4.595938682556152,0.06787355244159698,0.35007980465888977,0.25548267364501953,,,,dqn_icm,cartpole,dense,0.01,0.9,2,1.0
673,10.0,10,0.050000000000000044,0.010803259909152985,4.585431098937988,0.07331937551498413,0.35007980465888977,0.25548267364501953,,,,dqn_icm,cartpole,dense,0.01,0.9,2,1.0
674,11.0,11,0.050000000000000044,0.009947703219950199,4.674832344055176,0.08560946583747864,0.35007980465888977,0.25548267364501953,,,,dqn_icm,cartpole,dense,0.01,0.9,2,1.0
675,8.0,8,0.050000000000000044,0.02238999307155609,4.403134822845459,0.08408277481794357,0.35007980465888977,0.25548267364501953,,,,dqn_icm,cartpole,dense,0.01,0.9,2,1.0
676,10.0,10,0.050000000000000044,0.027207419276237488,4.37717866897583,0.16011373698711395,0.31013402342796326,0.2696826457977295,,,,dqn_icm,cartpole,dense,0.01,0.9,2,1.0
677,9.0,9,0.050000000000000044,0.0050263358280062675,4.400843620300293,0.06203887239098549,0.31013402342796326,0.2696826457977295,,,,dqn_icm,cartpole,dense,0.01,0.9,2,1.0
678,11.0,11,0.050000000000000044,0.034028906375169754,4.5187811851501465,0.1433696746826172,0.31013402342796326,0.2696826457977295,,,,dqn_icm,cartpole,dense,0.01,0.9,2,1.0
679,10.0,10,0.050000000000000044,0.029384128749370575,4.316003799438477,0.12672288715839386,0.31013402342796326,0.2696826457977295,,,,dqn_icm,cartpole,dense,0.01,0.9,2,1.0
680,8.0,8,0.050000000000000044,0.06517264246940613,4.459198951721191,0.1890096515417099,0.31013402342796326,0.2696826457977295,,,,dqn_icm,cartpole,dense,0.01,0.9,2,1.0
681,9.0,9,0.050000000000000044,0.027211861684918404,4.713608741760254,0.15786337852478027,0.3557516634464264,0.2571929097175598,,,,dqn_icm,cartpole,dense,0.01,0.9,2,1.0
682,10.0,10,0.050000000000000044,0.01937923952937126,4.271012306213379,0.14662544429302216,0.3557516634464264,0.2571929097175598,,,,dqn_icm,cartpole,dense,0.01,0.9,2,1.0
683,9.0,9,0.050000000000000044,0.03822743892669678,4.171012878417969,0.20906010270118713,0.3557516634464264,0.2571929097175598,,,,dqn_icm,cartpole,dense,0.01,0.9,2,1.0
684,10.0,10,0.050000000000000044,0.04538637399673462,4.539704322814941,0.21402160823345184,0.3557516634464264,0.2571929097175598,,,,dqn_icm,cartpole,dense,0.01,0.9,2,1.0
685,10.0,10,0.050000000000000044,0.014684228226542473,4.501283645629883,0.09578914940357208,0.3683062791824341,0.2686256766319275,,,,dqn_icm,cartpole,dense,0.01,0.9,2,1.0
686,9.0,9,0.050000000000000044,0.015496131032705307,4.521408557891846,0.09160260111093521,0.3683062791824341,0.2686256766319275,,,,dqn_icm,cartpole,dense,0.01,0.9,2,1.0
687,9.0,9,0.050000000000000044,0.016563503071665764,4.302721977233887,0.11426647007465363,0.3683062791824341,0.2686256766319275,,,,dqn_icm,cartpole,dense,0.01,0.9,2,1.0
688,9.0,9,0.050000000000000044,0.019658898934721947,4.500886917114258,0.0737282782793045,0.3683062791824341,0.2686256766319275,,,,dqn_icm,cartpole,dense,0.01,0.9,2,1.0
689,11.0,11,0.050000000000000044,0.01902051270008087,4.249011993408203,0.13023386895656586,0.46677204966545105,0.24389533698558807,,,,dqn_icm,cartpole,dense,0.01,0.9,2,1.0
690,10.0,10,0.050000000000000044,0.008613618090748787,4.48082971572876,0.06541696190834045,0.46677204966545105,0.24389533698558807,,,,dqn_icm,cartpole,dense,0.01,0.9,2,1.0
691,10.0,10,0.050000000000000044,0.021130109205842018,4.2956695556640625,0.09773287177085876,0.46677204966545105,0.24389533698558807,,,,dqn_icm,cartpole,dense,0.01,0.9,2,1.0
692,9.0,9,0.050000000000000044,0.03292865306138992,4.33781623840332,0.1186104416847229,0.46677204966545105,0.24389533698558807,,,,dqn_icm,cartpole,dense,0.01,0.9,2,1.0
693,10.0,10,0.050000000000000044,0.016725782305002213,4.2918524742126465,0.09853717684745789,0.34214597940444946,0.2674112319946289,,,,dqn_icm,cartpole,dense,0.01,0.9,2,1.0
694,9.0,9,0.050000000000000044,0.011052105575799942,4.452577590942383,0.09082140028476715,0.34214597940444946,0.2674112319946289,,,,dqn_icm,cartpole,dense,0.01,0.9,2,1.0
695,10.0,10,0.050000000000000044,0.04129406809806824,4.255064010620117,0.15526840090751648,0.34214597940444946,0.2674112319946289,,,,dqn_icm,cartpole,dense,0.01,0.9,2,1.0
696,10.0,10,0.050000000000000044,0.05305364727973938,3.9665274620056152,0.2014637440443039,0.34214597940444946,0.2674112319946289,,,,dqn_icm,cartpole,dense,0.01,0.9,2,1.0
697,10.0,10,0.050000000000000044,0.02431017905473709,4.400844573974609,0.12620222568511963,0.4036625921726227,0.2606525421142578,,,,dqn_icm,cartpole,dense,0.01,0.9,2,1.0
698,10.0,10,0.050000000000000044,0.014989661052823067,4.581864833831787,0.11347893625497818,0.4036625921726227,0.2606525421142578,,,,dqn_icm,cartpole,dense,0.01,0.9,2,1.0
699,10.0,10,0.050000000000000044,0.008971039205789566,4.332937717437744,0.0950673520565033,0.4036625921726227,0.2606525421142578,,,,dqn_icm,cartpole,dense,0.01,0.9,2,1.0
700,10.0,10,0.050000000000000044,0.009376433677971363,4.755709171295166,0.09415309131145477,0.4036625921726227,0.2606525421142578,9.7,0.7810249675906655,9.7,dqn_icm,cartpole,dense,0.01,0.9,2,1.0
701,9.0,9,0.050000000000000044,0.03934179246425629,4.382336616516113,0.14260265231132507,0.3396550118923187,0.23009148240089417,,,,dqn_icm,cartpole,dense,0.01,0.9,2,1.0
702,10.0,10,0.050000000000000044,0.02719980850815773,4.397418975830078,0.10169757902622223,0.3396550118923187,0.23009148240089417,,,,dqn_icm,cartpole,dense,0.01,0.9,2,1.0
703,10.0,10,0.050000000000000044,0.013241221196949482,4.359484672546387,0.07183921337127686,0.3396550118923187,0.23009148240089417,,,,dqn_icm,cartpole,dense,0.01,0.9,2,1.0
704,10.0,10,0.050000000000000044,0.01972581446170807,4.381941318511963,0.11606905609369278,0.3396550118923187,0.23009148240089417,,,,dqn_icm,cartpole,dense,0.01,0.9,2,1.0
705,10.0,10,0.050000000000000044,0.016847198829054832,4.466452598571777,0.10865665972232819,0.30908119678497314,0.2790168523788452,,,,dqn_icm,cartpole,dense,0.01,0.9,2,1.0
706,9.0,9,0.050000000000000044,0.002217187313362956,4.6276140213012695,0.051190003752708435,0.30908119678497314,0.2790168523788452,,,,dqn_icm,cartpole,dense,0.01,0.9,2,1.0
707,10.0,10,0.050000000000000044,0.01822594925761223,4.310934543609619,0.11705909669399261,0.30908119678497314,0.2790168523788452,,,,dqn_icm,cartpole,dense,0.01,0.9,2,1.0
708,11.0,11,0.050000000000000044,0.017191320657730103,4.489719390869141,0.08916357159614563,0.30908119678497314,0.2790168523788452,,,,dqn_icm,cartpole,dense,0.01,0.9,2,1.0
709,8.0,8,0.050000000000000044,0.025164471939206123,4.52163028717041,0.1574639528989792,0.30908119678497314,0.2790168523788452,,,,dqn_icm,cartpole,dense,0.01,0.9,2,1.0
710,14.0,14,0.050000000000000044,0.014637422747910023,4.456992149353027,0.09100444614887238,0.3214631974697113,0.2530784010887146,,,,dqn_icm,cartpole,dense,0.01,0.9,2,1.0
711,8.0,8,0.050000000000000044,0.008637245744466782,4.420446395874023,0.06780538707971573,0.3214631974697113,0.2530784010887146,,,,dqn_icm,cartpole,dense,0.01,0.9,2,1.0
712,10.0,10,0.050000000000000044,0.007552124094218016,4.55393123626709,0.09920425713062286,0.3214631974697113,0.2530784010887146,,,,dqn_icm,cartpole,dense,0.01,0.9,2,1.0
713,10.0,10,0.050000000000000044,0.025653179734945297,4.431131362915039,0.138828843832016,0.29753097891807556,0.24694959819316864,,,,dqn_icm,cartpole,dense,0.01,0.9,2,1.0
714,8.0,8,0.050000000000000044,0.01675722561776638,4.33192253112793,0.094673752784729,0.29753097891807556,0.24694959819316864,,,,dqn_icm,cartpole,dense,0.01,0.9,2,1.0
715,9.0,9,0.050000000000000044,0.017283087596297264,4.694553852081299,0.15781494975090027,0.29753097891807556,0.24694959819316864,,,,dqn_icm,cartpole,dense,0.01,0.9,2,1.0
716,10.0,10,0.050000000000000044,0.026128096505999565,4.473963737487793,0.14517442882061005,0.29753097891807556,0.24694959819316864,,,,dqn_icm,cartpole,dense,0.01,0.9,2,1.0
717,9.0,9,0.050000000000000044,0.013181047514081001,4.365060806274414,0.13012714684009552,0.29753097891807556,0.24694959819316864,,,,dqn_icm,cartpole,dense,0.01,0.9,2,1.0
718,10.0,10,0.050000000000000044,0.041485100984573364,4.247946262359619,0.1785019040107727,0.2775397300720215,0.2286868393421173,,,,dqn_icm,cartpole,dense,0.01,0.9,2,1.0
719,10.0,10,0.050000000000000044,0.018140438944101334,4.383373260498047,0.11787993460893631,0.2775397300720215,0.2286868393421173,,,,dqn_icm,cartpole,dense,0.01,0.9,2,1.0
720,9.0,9,0.050000000000000044,0.033894024789333344,4.1260552406311035,0.16699230670928955,0.2775397300720215,0.2286868393421173,,,,dqn_icm,cartpole,dense,0.01,0.9,2,1.0
721,9.0,9,0.050000000000000044,0.025302521884441376,4.008452415466309,0.1790565550327301,0.2775397300720215,0.2286868393421173,,,,dqn_icm,cartpole,dense,0.01,0.9,2,1.0
722,9.0,9,0.050000000000000044,0.01206297054886818,4.4140167236328125,0.10778887569904327,0.3192475140094757,0.2415274977684021,,,,dqn_icm,cartpole,dense,0.01,0.9,2,1.0
723,10.0,10,0.050000000000000044,0.03369220718741417,4.375266075134277,0.1586611270904541,0.3192475140094757,0.2415274977684021,,,,dqn_icm,cartpole,dense,0.01,0.9,2,1.0
724,9.0,9,0.050000000000000044,0.03574659675359726,4.214008331298828,0.16894379258155823,0.3192475140094757,0.2415274977684021,,,,dqn_icm,cartpole,dense,0.01,0.9,2,1.0
725,10.0,10,0.050000000000000044,0.015579992905259132,4.243706226348877,0.0968991219997406,0.3192475140094757,0.2415274977684021,,,,dqn_icm,cartpole,dense,0.01,0.9,2,1.0
726,9.0,9,0.050000000000000044,0.00781105924397707,4.573324203491211,0.09081947803497314,0.254035085439682,0.22662149369716644,,,,dqn_icm,cartpole,dense,0.01,0.9,2,1.0
727,10.0,10,0.050000000000000044,0.018391933292150497,4.507596969604492,0.08776719868183136,0.254035085439682,0.22662149369716644,,,,dqn_icm,cartpole,dense,0.01,0.9,2,1.0
728,9.0,9,0.050000000000000044,0.009674884378910065,4.232067108154297,0.08699296414852142,0.254035085439682,0.22662149369716644,,,,dqn_icm,cartpole,dense,0.01,0.9,2,1.0
729,14.0,14,0.050000000000000044,0.02969277836382389,4.3807783126831055,0.11376409232616425,0.254035085439682,0.22662149369716644,,,,dqn_icm,cartpole,dense,0.01,0.9,2,1.0
730,11.0,11,0.050000000000000044,0.014921758323907852,4.220554351806641,0.1221122145652771,0.38346654176712036,0.22864842414855957,,,,dqn_icm,cartpole,dense,0.01,0.9,2,1.0
731,9.0,9,0.050000000000000044,0.019150136038661003,4.2199249267578125,0.11825023591518402,0.38346654176712036,0.22864842414855957,,,,dqn_icm,cartpole,dense,0.01,0.9,2,1.0
732,10.0,10,0.050000000000000044,0.03342081233859062,4.423312187194824,0.16536399722099304,0.38346654176712036,0.22864842414855957,,,,dqn_icm,cartpole,dense,0.01,0.9,2,1.0
733,10.0,10,0.050000000000000044,0.03081417828798294,4.413103103637695,0.12079532444477081,0.38346654176712036,0.22864842414855957,,,,dqn_icm,cartpole,dense,0.01,0.9,2,1.0
734,9.0,9,0.050000000000000044,0.025301169604063034,4.253608703613281,0.09058192372322083,0.4950484037399292,0.21703460812568665,,,,dqn_icm,cartpole,dense,0.01,0.9,2,1.0
735,10.0,10,0.050000000000000044,0.03544047102332115,4.254429817199707,0.14797919988632202,0.4950484037399292,0.21703460812568665,,,,dqn_icm,cartpole,dense,0.01,0.9,2,1.0
736,10.0,10,0.050000000000000044,0.02755555510520935,4.222573280334473,0.12921473383903503,0.4950484037399292,0.21703460812568665,,,,dqn_icm,cartpole,dense,0.01,0.9,2,1.0
737,9.0,9,0.050000000000000044,0.013809730298817158,4.549728870391846,0.07341368496417999,0.4950484037399292,0.21703460812568665,,,,dqn_icm,cartpole,dense,0.01,0.9,2,1.0
738,8.0,8,0.050000000000000044,0.009177605621516705,4.57010555267334,0.08960950374603271,0.34487494826316833,0.22536548972129822,,,,dqn_icm,cartpole,dense,0.01,0.9,2,1.0
739,10.0,10,0.050000000000000044,0.025643255561590195,4.262788772583008,0.12065891921520233,0.34487494826316833,0.22536548972129822,,,,dqn_icm,cartpole,dense,0.01,0.9,2,1.0
740,9.0,9,0.050000000000000044,0.023000970482826233,4.173135280609131,0.142196387052536,0.34487494826316833,0.22536548972129822,,,,dqn_icm,cartpole,dense,0.01,0.9,2,1.0
741,11.0,11,0.050000000000000044,0.02672450989484787,4.255500316619873,0.12127326428890228,0.34487494826316833,0.22536548972129822,,,,dqn_icm,cartpole,dense,0.01,0.9,2,1.0
742,11.0,11,0.050000000000000044,0.3323230743408203,4.476637840270996,0.7670555114746094,0.4063265919685364,0.2316579520702362,,,,dqn_icm,cartpole,dense,0.01,0.9,2,1.0
743,9.0,9,0.050000000000000044,0.1756702959537506,4.784749507904053,0.533114492893219,0.4063265919685364,0.2316579520702362,,,,dqn_icm,cartpole,dense,0.01,0.9,2,1.0
744,8.0,8,0.050000000000000044,0.03400037810206413,5.057936668395996,0.166466623544693,0.4063265919685364,0.2316579520702362,,,,dqn_icm,cartpole,dense,0.01,0.9,2,1.0
745,9.0,9,0.050000000000000044,0.16733402013778687,5.017240047454834,0.4708341956138611,0.4063265919685364,0.2316579520702362,,,,dqn_icm,cartpole,dense,0.01,0.9,2,1.0
746,10.0,10,0.050000000000000044,0.1165938675403595,5.200132369995117,0.408773809671402,0.4063265919685364,0.2316579520702362,,,,dqn_icm,cartpole,dense,0.01,0.9,2,1.0
747,10.0,10,0.050000000000000044,0.05162364989519119,5.091675281524658,0.24064888060092926,0.3504253327846527,0.2538852393627167,,,,dqn_icm,cartpole,dense,0.01,0.9,2,1.0
748,9.0,9,0.050000000000000044,0.074376180768013,4.929155349731445,0.3424037992954254,0.3504253327846527,0.2538852393627167,,,,dqn_icm,cartpole,dense,0.01,0.9,2,1.0
749,10.0,10,0.050000000000000044,0.05704258009791374,5.184788703918457,0.2690015435218811,0.3504253327846527,0.2538852393627167,,,,dqn_icm,cartpole,dense,0.01,0.9,2,1.0
750,10.0,10,0.050000000000000044,0.05462852120399475,4.948253631591797,0.2637236714363098,0.3504253327846527,0.2538852393627167,9.7,0.7810249675906655,9.7,dqn_icm,cartpole,dense,0.01,0.9,2,1.0
751,9.0,9,0.050000000000000044,0.042725808918476105,4.5965166091918945,0.19256526231765747,0.2875908613204956,0.23706695437431335,,,,dqn_icm,cartpole,dense,0.01,0.9,2,1.0
752,10.0,10,0.050000000000000044,0.04158474877476692,5.044279098510742,0.22539502382278442,0.2875908613204956,0.23706695437431335,,,,dqn_icm,cartpole,dense,0.01,0.9,2,1.0
753,9.0,9,0.050000000000000044,0.03285468742251396,5.008153915405273,0.19276142120361328,0.2875908613204956,0.23706695437431335,,,,dqn_icm,cartpole,dense,0.01,0.9,2,1.0
754,10.0,10,0.050000000000000044,0.02401880919933319,5.134453296661377,0.15479028224945068,0.2875908613204956,0.23706695437431335,,,,dqn_icm,cartpole,dense,0.01,0.9,2,1.0
755,10.0,10,0.050000000000000044,0.03158167004585266,4.69373893737793,0.17976337671279907,0.37328487634658813,0.23586463928222656,,,,dqn_icm,cartpole,dense,0.01,0.9,2,1.0
756,10.0,10,0.050000000000000044,0.044178739190101624,4.839062690734863,0.18710944056510925,0.37328487634658813,0.23586463928222656,,,,dqn_icm,cartpole,dense,0.01,0.9,2,1.0
757,10.0,10,0.050000000000000044,0.015416504815220833,5.180395126342773,0.0857376903295517,0.37328487634658813,0.23586463928222656,,,,dqn_icm,cartpole,dense,0.01,0.9,2,1.0
758,9.0,9,0.050000000000000044,0.030843514949083328,5.127517223358154,0.1486455649137497,0.37328487634658813,0.23586463928222656,,,,dqn_icm,cartpole,dense,0.01,0.9,2,1.0
759,11.0,11,0.050000000000000044,0.03490962088108063,5.241241455078125,0.14939729869365692,0.24614837765693665,0.25113776326179504,,,,dqn_icm,cartpole,dense,0.01,0.9,2,1.0
760,9.0,9,0.050000000000000044,0.018114039674401283,4.823737621307373,0.11971284449100494,0.24614837765693665,0.25113776326179504,,,,dqn_icm,cartpole,dense,0.01,0.9,2,1.0
761,11.0,11,0.050000000000000044,0.023607531562447548,4.836287021636963,0.16031640768051147,0.24614837765693665,0.25113776326179504,,,,dqn_icm,cartpole,dense,0.01,0.9,2,1.0
762,8.0,8,0.050000000000000044,0.015284029766917229,5.043524742126465,0.11973244696855545,0.24614837765693665,0.25113776326179504,,,,dqn_icm,cartpole,dense,0.01,0.9,2,1.0
763,11.0,11,0.050000000000000044,0.04593261703848839,5.095823287963867,0.1542760729789734,0.31771108508110046,0.23325014114379883,,,,dqn_icm,cartpole,dense,0.01,0.9,2,1.0
764,9.0,9,0.050000000000000044,0.011765618808567524,5.016632080078125,0.10067206621170044,0.31771108508110046,0.23325014114379883,,,,dqn_icm,cartpole,dense,0.01,0.9,2,1.0
765,10.0,10,0.050000000000000044,0.026984803378582,4.8615570068359375,0.14924508333206177,0.31771108508110046,0.23325014114379883,,,,dqn_icm,cartpole,dense,0.01,0.9,2,1.0
766,8.0,8,0.050000000000000044,0.013844262808561325,5.108889579772949,0.09535108506679535,0.31771108508110046,0.23325014114379883,,,,dqn_icm,cartpole,dense,0.01,0.9,2,1.0
767,12.0,12,0.050000000000000044,0.021114332601428032,4.672033309936523,0.1160857230424881,0.3096776008605957,0.2199346125125885,,,,dqn_icm,cartpole,dense,0.01,0.9,2,1.0
768,10.0,10,0.050000000000000044,0.01080019399523735,5.083971977233887,0.09817825257778168,0.3096776008605957,0.2199346125125885,,,,dqn_icm,cartpole,dense,0.01,0.9,2,1.0
769,9.0,9,0.050000000000000044,0.0199827142059803,4.642963886260986,0.11919176578521729,0.3096776008605957,0.2199346125125885,,,,dqn_icm,cartpole,dense,0.01,0.9,2,1.0
770,10.0,10,0.050000000000000044,0.05723606050014496,4.780967712402344,0.1804957091808319,0.3096776008605957,0.2199346125125885,,,,dqn_icm,cartpole,dense,0.01,0.9,2,1.0
771,10.0,10,0.050000000000000044,0.01392801757901907,5.209725379943848,0.0920056700706482,0.29177263379096985,0.21047109365463257,,,,dqn_icm,cartpole,dense,0.01,0.9,2,1.0
772,9.0,9,0.050000000000000044,0.022849326953291893,4.504402160644531,0.13762027025222778,0.29177263379096985,0.21047109365463257,,,,dqn_icm,cartpole,dense,0.01,0.9,2,1.0
773,9.0,9,0.050000000000000044,0.012047208845615387,4.904360294342041,0.10595398396253586,0.29177263379096985,0.21047109365463257,,,,dqn_icm,cartpole,dense,0.01,0.9,2,1.0
774,10.0,10,0.050000000000000044,0.0200909823179245,5.070322513580322,0.10857945680618286,0.29177263379096985,0.21047109365463257,,,,dqn_icm,cartpole,dense,0.01,0.9,2,1.0
775,8.0,8,0.050000000000000044,0.019909337162971497,4.942996025085449,0.10328039526939392,0.29177263379096985,0.21047109365463257,,,,dqn_icm,cartpole,dense,0.01,0.9,2,1.0
776,11.0,11,0.050000000000000044,0.010489894077181816,5.083944320678711,0.08052703738212585,0.3011026680469513,0.21571573615074158,,,,dqn_icm,cartpole,dense,0.01,0.9,2,1.0
777,9.0,9,0.050000000000000044,0.02402620203793049,5.078764915466309,0.10466139763593674,0.3011026680469513,0.21571573615074158,,,,dqn_icm,cartpole,dense,0.01,0.9,2,1.0
778,10.0,10,0.050000000000000044,0.01738017611205578,4.871000289916992,0.11430194973945618,0.3011026680469513,0.21571573615074158,,,,dqn_icm,cartpole,dense,0.01,0.9,2,1.0
779,9.0,9,0.050000000000000044,0.04637392610311508,4.464076995849609,0.18740153312683105,0.3011026680469513,0.21571573615074158,,,,dqn_icm,cartpole,dense,0.01,0.9,2,1.0
780,8.0,8,0.050000000000000044,0.01714000664651394,4.831091403961182,0.11832614243030548,0.28989771008491516,0.18140864372253418,,,,dqn_icm,cartpole,dense,0.01,0.9,2,1.0
781,10.0,10,0.050000000000000044,0.016974907368421555,4.820767402648926,0.11834157258272171,0.28989771008491516,0.18140864372253418,,,,dqn_icm,cartpole,dense,0.01,0.9,2,1.0
782,10.0,10,0.050000000000000044,0.04898903891444206,4.868710041046143,0.17005859315395355,0.28989771008491516,0.18140864372253418,,,,dqn_icm,cartpole,dense,0.01,0.9,2,1.0
783,9.0,9,0.050000000000000044,0.03446560353040695,4.951078414916992,0.14164705574512482,0.28989771008491516,0.18140864372253418,,,,dqn_icm,cartpole,dense,0.01,0.9,2,1.0
784,8.0,8,0.050000000000000044,0.022834334522485733,5.042513847351074,0.13719479739665985,0.2802576422691345,0.20783370733261108,,,,dqn_icm,cartpole,dense,0.01,0.9,2,1.0
785,11.0,11,0.050000000000000044,0.018698018044233322,4.954906463623047,0.11941400170326233,0.2802576422691345,0.20783370733261108,,,,dqn_icm,cartpole,dense,0.01,0.9,2,1.0
786,10.0,10,0.050000000000000044,0.019135065376758575,4.6967315673828125,0.1231158971786499,0.2802576422691345,0.20783370733261108,,,,dqn_icm,cartpole,dense,0.01,0.9,2,1.0
787,9.0,9,0.050000000000000044,0.019252460449934006,5.113079071044922,0.1495751142501831,0.2802576422691345,0.20783370733261108,,,,dqn_icm,cartpole,dense,0.01,0.9,2,1.0
788,9.0,9,0.050000000000000044,0.02293497323989868,5.18247652053833,0.1083577424287796,0.3255785405635834,0.1832723617553711,,,,dqn_icm,cartpole,dense,0.01,0.9,2,1.0
789,9.0,9,0.050000000000000044,0.016013676300644875,4.955327033996582,0.1049266904592514,0.3255785405635834,0.1832723617553711,,,,dqn_icm,cartpole,dense,0.01,0.9,2,1.0
790,10.0,10,0.050000000000000044,0.026790812611579895,5.120862007141113,0.1154230535030365,0.3255785405635834,0.1832723617553711,,,,dqn_icm,cartpole,dense,0.01,0.9,2,1.0
791,10.0,10,0.050000000000000044,0.02124047838151455,5.295333385467529,0.0871506929397583,0.3255785405635834,0.1832723617553711,,,,dqn_icm,cartpole,dense,0.01,0.9,2,1.0
792,10.0,10,0.050000000000000044,0.005508529953658581,5.3635149002075195,0.06996668130159378,0.35255712270736694,0.16729193925857544,,,,dqn_icm,cartpole,dense,0.01,0.9,2,1.0
793,10.0,10,0.050000000000000044,0.02691120281815529,5.208788871765137,0.13314451277256012,0.35255712270736694,0.16729193925857544,,,,dqn_icm,cartpole,dense,0.01,0.9,2,1.0
794,10.0,10,0.050000000000000044,0.007886998355388641,4.984195709228516,0.08018876612186432,0.35255712270736694,0.16729193925857544,,,,dqn_icm,cartpole,dense,0.01,0.9,2,1.0
795,9.0,9,0.050000000000000044,0.0125933438539505,5.129234313964844,0.10846063494682312,0.35255712270736694,0.16729193925857544,,,,dqn_icm,cartpole,dense,0.01,0.9,2,1.0
796,12.0,12,0.050000000000000044,0.01740141399204731,4.930366516113281,0.11143660545349121,0.38952136039733887,0.1541009247303009,,,,dqn_icm,cartpole,dense,0.01,0.9,2,1.0
797,9.0,9,0.050000000000000044,0.016404710710048676,5.038005828857422,0.0987059473991394,0.38952136039733887,0.1541009247303009,,,,dqn_icm,cartpole,dense,0.01,0.9,2,1.0
798,9.0,9,0.050000000000000044,0.023032646626234055,4.876987457275391,0.13599833846092224,0.38952136039733887,0.1541009247303009,,,,dqn_icm,cartpole,dense,0.01,0.9,2,1.0
799,10.0,10,0.050000000000000044,0.017934706062078476,4.498920440673828,0.1338615119457245,0.38952136039733887,0.1541009247303009,,,,dqn_icm,cartpole,dense,0.01,0.9,2,1.0
800,10.0,10,0.050000000000000044,0.00859461072832346,4.949409008026123,0.08516240119934082,0.38952136039733887,0.1541009247303009,9.7,1.004987562112089,9.7,dqn_icm,cartpole,dense,0.01,0.9,2,1.0
801,10.0,10,0.050000000000000044,0.02384994924068451,5.0768938064575195,0.13430330157279968,0.24409280717372894,0.19933252036571503,,,,dqn_icm,cartpole,dense,0.01,0.9,2,1.0
802,10.0,10,0.050000000000000044,0.009300901554524899,5.000398635864258,0.08682747185230255,0.24409280717372894,0.19933252036571503,,,,dqn_icm,cartpole,dense,0.01,0.9,2,1.0
803,9.0,9,0.050000000000000044,0.027388783171772957,4.915128707885742,0.1155591830611229,0.24409280717372894,0.19933252036571503,,,,dqn_icm,cartpole,dense,0.01,0.9,2,1.0
804,11.0,11,0.050000000000000044,0.023720405995845795,4.945306301116943,0.13372734189033508,0.24409280717372894,0.19933252036571503,,,,dqn_icm,cartpole,dense,0.01,0.9,2,1.0
805,10.0,10,0.050000000000000044,0.013718938454985619,4.9407782554626465,0.10919906198978424,0.3535507619380951,0.1777181625366211,,,,dqn_icm,cartpole,dense,0.01,0.9,2,1.0
806,8.0,8,0.050000000000000044,0.014942161738872528,4.827234745025635,0.09363631159067154,0.3535507619380951,0.1777181625366211,,,,dqn_icm,cartpole,dense,0.01,0.9,2,1.0
807,10.0,10,0.050000000000000044,0.008050513453781605,4.780445575714111,0.07482539862394333,0.3535507619380951,0.1777181625366211,,,,dqn_icm,cartpole,dense,0.01,0.9,2,1.0
808,10.0,10,0.050000000000000044,0.02370300702750683,4.8928446769714355,0.11533886194229126,0.3535507619380951,0.1777181625366211,,,,dqn_icm,cartpole,dense,0.01,0.9,2,1.0
809,10.0,10,0.050000000000000044,0.007946446537971497,5.105354309082031,0.06261375546455383,0.29143622517585754,0.17260199785232544,,,,dqn_icm,cartpole,dense,0.01,0.9,2,1.0
810,9.0,9,0.050000000000000044,0.019889507442712784,4.80143928527832,0.12460330128669739,0.29143622517585754,0.17260199785232544,,,,dqn_icm,cartpole,dense,0.01,0.9,2,1.0
811,10.0,10,0.050000000000000044,0.016961488872766495,5.219344139099121,0.11048105359077454,0.29143622517585754,0.17260199785232544,,,,dqn_icm,cartpole,dense,0.01,0.9,2,1.0
812,10.0,10,0.050000000000000044,0.01292473915964365,4.926746845245361,0.07711229473352432,0.29143622517585754,0.17260199785232544,,,,dqn_icm,cartpole,dense,0.01,0.9,2,1.0
813,11.0,11,0.050000000000000044,0.016230512410402298,4.995648384094238,0.0867844969034195,0.36001744866371155,0.17116545140743256,,,,dqn_icm,cartpole,dense,0.01,0.9,2,1.0
814,9.0,9,0.050000000000000044,0.013570504263043404,4.868490219116211,0.10596729815006256,0.36001744866371155,0.17116545140743256,,,,dqn_icm,cartpole,dense,0.01,0.9,2,1.0
815,10.0,10,0.050000000000000044,0.02878541126847267,4.213766098022461,0.14421463012695312,0.36001744866371155,0.17116545140743256,,,,dqn_icm,cartpole,dense,0.01,0.9,2,1.0
816,10.0,10,0.050000000000000044,0.01598713919520378,4.884574890136719,0.09814866632223129,0.36001744866371155,0.17116545140743256,,,,dqn_icm,cartpole,dense,0.01,0.9,2,1.0
817,8.0,8,0.050000000000000044,0.022583531215786934,5.0923542976379395,0.09555785357952118,0.2556135058403015,0.18131056427955627,,,,dqn_icm,cartpole,dense,0.01,0.9,2,1.0
818,9.0,9,0.050000000000000044,0.025571689009666443,5.073704719543457,0.15844731032848358,0.2556135058403015,0.18131056427955627,,,,dqn_icm,cartpole,dense,0.01,0.9,2,1.0
819,9.0,9,0.050000000000000044,0.032991163432598114,4.720485687255859,0.1371258944272995,0.2556135058403015,0.18131056427955627,,,,dqn_icm,cartpole,dense,0.01,0.9,2,1.0
820,10.0,10,0.050000000000000044,0.03321552276611328,4.916228294372559,0.17383842170238495,0.2556135058403015,0.18131056427955627,,,,dqn_icm,cartpole,dense,0.01,0.9,2,1.0
821,10.0,10,0.050000000000000044,0.014426902867853642,4.8969621658325195,0.09891273081302643,0.2523786723613739,0.18154384195804596,,,,dqn_icm,cartpole,dense,0.01,0.9,2,1.0
822,10.0,10,0.050000000000000044,0.02021482214331627,5.0540771484375,0.13293302059173584,0.2523786723613739,0.18154384195804596,,,,dqn_icm,cartpole,dense,0.01,0.9,2,1.0
823,9.0,9,0.050000000000000044,0.013507908210158348,5.174956321716309,0.0771842673420906,0.2523786723613739,0.18154384195804596,,,,dqn_icm,cartpole,dense,0.01,0.9,2,1.0
824,12.0,12,0.050000000000000044,0.006169538013637066,5.229400157928467,0.08212853968143463,0.2523786723613739,0.18154384195804596,,,,dqn_icm,cartpole,dense,0.01,0.9,2,1.0
825,9.0,9,0.050000000000000044,0.012218555435538292,5.26140022277832,0.09953758120536804,0.3540749251842499,0.16254600882530212,,,,dqn_icm,cartpole,dense,0.01,0.9,2,1.0
826,10.0,10,0.050000000000000044,0.01581278070807457,5.013330459594727,0.0901281014084816,0.3540749251842499,0.16254600882530212,,,,dqn_icm,cartpole,dense,0.01,0.9,2,1.0
827,10.0,10,0.050000000000000044,0.016483716666698456,4.954856872558594,0.13035497069358826,0.3540749251842499,0.16254600882530212,,,,dqn_icm,cartpole,dense,0.01,0.9,2,1.0
828,10.0,10,0.050000000000000044,0.016406657174229622,4.881643772125244,0.09491186589002609,0.3540749251842499,0.16254600882530212,,,,dqn_icm,cartpole,dense,0.01,0.9,2,1.0
829,9.0,9,0.050000000000000044,0.015702666714787483,5.21494197845459,0.0916072204709053,0.24146801233291626,0.1607288271188736,,,,dqn_icm,cartpole,dense,0.01,0.9,2,1.0
830,10.0,10,0.050000000000000044,0.010894443839788437,5.246711730957031,0.10304023325443268,0.24146801233291626,0.1607288271188736,,,,dqn_icm,cartpole,dense,0.01,0.9,2,1.0
831,10.0,10,0.050000000000000044,0.008459638804197311,5.070049285888672,0.06927037984132767,0.24146801233291626,0.1607288271188736,,,,dqn_icm,cartpole,dense,0.01,0.9,2,1.0
832,9.0,9,0.050000000000000044,0.009701552800834179,5.049718379974365,0.08247692883014679,0.24146801233291626,0.1607288271188736,,,,dqn_icm,cartpole,dense,0.01,0.9,2,1.0
833,9.0,9,0.050000000000000044,0.011419495567679405,4.874454498291016,0.09455496072769165,0.24146801233291626,0.1607288271188736,,,,dqn_icm,cartpole,dense,0.01,0.9,2,1.0
834,11.0,11,0.050000000000000044,0.013011915609240532,4.78787088394165,0.10253958404064178,0.3502027690410614,0.13684707880020142,,,,dqn_icm,cartpole,dense,0.01,0.9,2,1.0
835,10.0,10,0.050000000000000044,0.009471909143030643,4.950607776641846,0.08191051334142685,0.3502027690410614,0.13684707880020142,,,,dqn_icm,cartpole,dense,0.01,0.9,2,1.0
836,8.0,8,0.050000000000000044,0.01704953797161579,4.577139854431152,0.11811886727809906,0.3502027690410614,0.13684707880020142,,,,dqn_icm,cartpole,dense,0.01,0.9,2,1.0
837,10.0,10,0.050000000000000044,0.01008790172636509,4.9065399169921875,0.10176266729831696,0.3502027690410614,0.13684707880020142,,,,dqn_icm,cartpole,dense,0.01,0.9,2,1.0
838,10.0,10,0.050000000000000044,0.009906325489282608,5.090201377868652,0.08452308177947998,0.3884877562522888,0.19731956720352173,,,,dqn_icm,cartpole,dense,0.01,0.9,2,1.0
839,9.0,9,0.050000000000000044,0.011525698006153107,4.688535690307617,0.09595440328121185,0.3884877562522888,0.19731956720352173,,,,dqn_icm,cartpole,dense,0.01,0.9,2,1.0
840,11.0,11,0.050000000000000044,0.013624655082821846,4.963491916656494,0.0927773267030716,0.3884877562522888,0.19731956720352173,,,,dqn_icm,cartpole,dense,0.01,0.9,2,1.0
841,8.0,8,0.050000000000000044,0.03667313605546951,4.514066696166992,0.16237464547157288,0.3884877562522888,0.19731956720352173,,,,dqn_icm,cartpole,dense,0.01,0.9,2,1.0
842,10.0,10,0.050000000000000044,0.023019634187221527,5.033337593078613,0.10815007984638214,0.3853142559528351,0.1509951949119568,,,,dqn_icm,cartpole,dense,0.01,0.9,2,1.0
843,11.0,11,0.050000000000000044,0.024994805455207825,5.123950958251953,0.11058542132377625,0.3853142559528351,0.1509951949119568,,,,dqn_icm,cartpole,dense,0.01,0.9,2,1.0
844,10.0,10,0.050000000000000044,0.012805696576833725,5.3365936279296875,0.0966171845793724,0.3853142559528351,0.1509951949119568,,,,dqn_icm,cartpole,dense,0.01,0.9,2,1.0
845,9.0,9,0.050000000000000044,0.017436081543564796,4.8416900634765625,0.1190350204706192,0.3853142559528351,0.1509951949119568,,,,dqn_icm,cartpole,dense,0.01,0.9,2,1.0
846,10.0,10,0.050000000000000044,0.018943239003419876,4.991436004638672,0.12564048171043396,0.37335193157196045,0.1710977703332901,,,,dqn_icm,cartpole,dense,0.01,0.9,2,1.0
847,10.0,10,0.050000000000000044,0.023347171023488045,4.909276962280273,0.18127907812595367,0.37335193157196045,0.1710977703332901,,,,dqn_icm,cartpole,dense,0.01,0.9,2,1.0
848,27.0,27,0.050000000000000044,0.015538232401013374,4.9254984855651855,0.10247601568698883,0.2546546757221222,0.15533511340618134,,,,dqn_icm,cartpole,dense,0.01,0.9,2,1.0
849,10.0,10,0.050000000000000044,0.01533859595656395,5.053484916687012,0.09984679520130157,0.2546546757221222,0.15533511340618134,,,,dqn_icm,cartpole,dense,0.01,0.9,2,1.0
850,9.0,9,0.050000000000000044,0.01088352408260107,5.0779924392700195,0.10887838900089264,0.2546546757221222,0.15533511340618134,10.0,0.7745966692414834,10.0,dqn_icm,cartpole,dense,0.01,0.9,2,1.0
851,11.0,11,0.050000000000000044,0.01589209958910942,4.982501983642578,0.1230795830488205,0.2546546757221222,0.15533511340618134,,,,dqn_icm,cartpole,dense,0.01,0.9,2,1.0
852,9.0,9,0.050000000000000044,0.010513514280319214,5.219300270080566,0.11282645910978317,0.3395431339740753,0.1662691980600357,,,,dqn_icm,cartpole,dense,0.01,0.9,2,1.0
853,8.0,8,0.050000000000000044,0.01017116941511631,5.094662666320801,0.08580828458070755,0.3395431339740753,0.1662691980600357,,,,dqn_icm,cartpole,dense,0.01,0.9,2,1.0
854,10.0,10,0.050000000000000044,0.012165595777332783,4.934502601623535,0.09058749675750732,0.3395431339740753,0.1662691980600357,,,,dqn_icm,cartpole,dense,0.01,0.9,2,1.0
855,9.0,9,0.050000000000000044,0.012995904311537743,4.885136604309082,0.1287304013967514,0.3395431339740753,0.1662691980600357,,,,dqn_icm,cartpole,dense,0.01,0.9,2,1.0
856,9.0,9,0.050000000000000044,0.008937175385653973,4.94625186920166,0.09347906708717346,0.3395431339740753,0.1662691980600357,,,,dqn_icm,cartpole,dense,0.01,0.9,2,1.0
857,10.0,10,0.050000000000000044,0.03308955579996109,4.4244537353515625,0.1580028533935547,0.3259371519088745,0.14879636466503143,,,,dqn_icm,cartpole,dense,0.01,0.9,2,1.0
858,11.0,11,0.050000000000000044,0.018695730715990067,4.85841178894043,0.10386861860752106,0.3259371519088745,0.14879636466503143,,,,dqn_icm,cartpole,dense,0.01,0.9,2,1.0
859,11.0,11,0.050000000000000044,0.007919607684016228,5.127221584320068,0.06838539987802505,0.3259371519088745,0.14879636466503143,,,,dqn_icm,cartpole,dense,0.01,0.9,2,1.0
860,10.0,10,0.050000000000000044,0.01153519470244646,4.604090690612793,0.12182042002677917,0.21956881880760193,0.17151445150375366,,,,dqn_icm,cartpole,dense,0.01,0.9,2,1.0
861,9.0,9,0.050000000000000044,0.03679210692644119,4.823575973510742,0.16436462104320526,0.21956881880760193,0.17151445150375366,,,,dqn_icm,cartpole,dense,0.01,0.9,2,1.0
862,14.0,14,0.050000000000000044,0.02655883878469467,4.9918437004089355,0.10529053211212158,0.21956881880760193,0.17151445150375366,,,,dqn_icm,cartpole,dense,0.01,0.9,2,1.0
863,11.0,11,0.050000000000000044,0.005016886629164219,4.970956802368164,0.06046618893742561,0.21956881880760193,0.17151445150375366,,,,dqn_icm,cartpole,dense,0.01,0.9,2,1.0
864,12.0,12,0.050000000000000044,0.0070000337436795235,4.953218460083008,0.06643790751695633,0.33060088753700256,0.1484283059835434,,,,dqn_icm,cartpole,dense,0.01,0.9,2,1.0
865,9.0,9,0.050000000000000044,0.019203906878829002,4.892795562744141,0.09662728756666183,0.33060088753700256,0.1484283059835434,,,,dqn_icm,cartpole,dense,0.01,0.9,2,1.0
866,10.0,10,0.050000000000000044,0.031812991946935654,4.984525680541992,0.13619740307331085,0.33060088753700256,0.1484283059835434,,,,dqn_icm,cartpole,dense,0.01,0.9,2,1.0
867,8.0,8,0.050000000000000044,0.021914886310696602,5.13433837890625,0.11841855943202972,0.33060088753700256,0.1484283059835434,,,,dqn_icm,cartpole,dense,0.01,0.9,2,1.0
868,9.0,9,0.050000000000000044,0.05104698985815048,4.696788787841797,0.17694976925849915,0.3283860683441162,0.13950684666633606,,,,dqn_icm,cartpole,dense,0.01,0.9,2,1.0
869,10.0,10,0.050000000000000044,0.01616034097969532,5.133769989013672,0.11535517871379852,0.3283860683441162,0.13950684666633606,,,,dqn_icm,cartpole,dense,0.01,0.9,2,1.0
870,10.0,10,0.050000000000000044,0.02554553747177124,5.0333476066589355,0.11998341977596283,0.3283860683441162,0.13950684666633606,,,,dqn_icm,cartpole,dense,0.01,0.9,2,1.0
871,9.0,9,0.050000000000000044,0.008079749532043934,4.957027435302734,0.07666594535112381,0.3283860683441162,0.13950684666633606,,,,dqn_icm,cartpole,dense,0.01,0.9,2,1.0
872,10.0,10,0.050000000000000044,0.018404508009552956,4.958909511566162,0.09783802181482315,0.2535441219806671,0.14187797904014587,,,,dqn_icm,cartpole,dense,0.01,0.9,2,1.0
873,10.0,10,0.050000000000000044,0.016550544649362564,4.958901882171631,0.08544488251209259,0.2535441219806671,0.14187797904014587,,,,dqn_icm,cartpole,dense,0.01,0.9,2,1.0
874,10.0,10,0.050000000000000044,0.00886932760477066,4.955358505249023,0.06767015159130096,0.2535441219806671,0.14187797904014587,,,,dqn_icm,cartpole,dense,0.01,0.9,2,1.0
875,9.0,9,0.050000000000000044,0.01703736186027527,4.472143173217773,0.09405311197042465,0.2535441219806671,0.14187797904014587,,,,dqn_icm,cartpole,dense,0.01,0.9,2,1.0
876,9.0,9,0.050000000000000044,0.014206504449248314,4.687386989593506,0.09887149184942245,0.2535441219806671,0.14187797904014587,,,,dqn_icm,cartpole,dense,0.01,0.9,2,1.0
877,11.0,11,0.050000000000000044,0.030192960053682327,4.733333110809326,0.12240130454301834,0.2930358946323395,0.12022998929023743,,,,dqn_icm,cartpole,dense,0.01,0.9,2,1.0
878,8.0,8,0.050000000000000044,0.007905269041657448,4.741659164428711,0.08610919117927551,0.2930358946323395,0.12022998929023743,,,,dqn_icm,cartpole,dense,0.01,0.9,2,1.0
879,9.0,9,0.050000000000000044,0.016371849924325943,4.930948734283447,0.07112573087215424,0.2930358946323395,0.12022998929023743,,,,dqn_icm,cartpole,dense,0.01,0.9,2,1.0
880,10.0,10,0.050000000000000044,0.009462734684348106,4.648348808288574,0.09224771708250046,0.2930358946323395,0.12022998929023743,,,,dqn_icm,cartpole,dense,0.01,0.9,2,1.0
881,10.0,10,0.050000000000000044,0.01649591326713562,4.858105659484863,0.09331770241260529,0.29996001720428467,0.12375801056623459,,,,dqn_icm,cartpole,dense,0.01,0.9,2,1.0
882,10.0,10,0.050000000000000044,0.021915506571531296,5.105982780456543,0.12360269576311111,0.29996001720428467,0.12375801056623459,,,,dqn_icm,cartpole,dense,0.01,0.9,2,1.0
883,9.0,9,0.050000000000000044,0.014889794401824474,4.717310905456543,0.1242913007736206,0.29996001720428467,0.12375801056623459,,,,dqn_icm,cartpole,dense,0.01,0.9,2,1.0
884,11.0,11,0.050000000000000044,0.013919303193688393,4.898079872131348,0.09189829230308533,0.29996001720428467,0.12375801056623459,,,,dqn_icm,cartpole,dense,0.01,0.9,2,1.0
885,11.0,11,0.050000000000000044,0.012675434350967407,4.983473300933838,0.10110121965408325,0.3847847878932953,0.13501039147377014,,,,dqn_icm,cartpole,dense,0.01,0.9,2,1.0
886,10.0,10,0.050000000000000044,0.01996256783604622,4.763843536376953,0.12094096839427948,0.3847847878932953,0.13501039147377014,,,,dqn_icm,cartpole,dense,0.01,0.9,2,1.0
887,10.0,10,0.050000000000000044,0.01686888560652733,5.021542549133301,0.07738181948661804,0.3847847878932953,0.13501039147377014,,,,dqn_icm,cartpole,dense,0.01,0.9,2,1.0
888,11.0,11,0.050000000000000044,0.017263194546103477,4.936464309692383,0.12117624282836914,0.3847847878932953,0.13501039147377014,,,,dqn_icm,cartpole,dense,0.01,0.9,2,1.0
889,12.0,12,0.050000000000000044,0.019618861377239227,5.0284013748168945,0.12380439043045044,0.2806108295917511,0.12857067584991455,,,,dqn_icm,cartpole,dense,0.01,0.9,2,1.0
890,10.0,10,0.050000000000000044,0.016500836238265038,4.834593772888184,0.0801955834031105,0.2806108295917511,0.12857067584991455,,,,dqn_icm,cartpole,dense,0.01,0.9,2,1.0
891,12.0,12,0.050000000000000044,0.008793395012617111,4.710257053375244,0.08491696417331696,0.2806108295917511,0.12857067584991455,,,,dqn_icm,cartpole,dense,0.01,0.9,2,1.0
892,11.0,11,0.050000000000000044,0.026881154626607895,4.565311431884766,0.13466668128967285,0.3383599817752838,0.12293858081102371,,,,dqn_icm,cartpole,dense,0.01,0.9,2,1.0
893,8.0,8,0.050000000000000044,0.019152890890836716,4.966658115386963,0.11385248601436615,0.3383599817752838,0.12293858081102371,,,,dqn_icm,cartpole,dense,0.01,0.9,2,1.0
894,8.0,8,0.050000000000000044,0.02453545108437538,4.679551124572754,0.11845095455646515,0.3383599817752838,0.12293858081102371,,,,dqn_icm,cartpole,dense,0.01,0.9,2,1.0
895,10.0,10,0.050000000000000044,0.03447668254375458,4.594097137451172,0.12147635221481323,0.3383599817752838,0.12293858081102371,,,,dqn_icm,cartpole,dense,0.01,0.9,2,1.0
896,10.0,10,0.050000000000000044,0.016061801463365555,4.934906482696533,0.10824208706617355,0.3748258352279663,0.11338008940219879,,,,dqn_icm,cartpole,dense,0.01,0.9,2,1.0
897,12.0,12,0.050000000000000044,0.03219893202185631,4.968940734863281,0.14560410380363464,0.3748258352279663,0.11338008940219879,,,,dqn_icm,cartpole,dense,0.01,0.9,2,1.0
898,9.0,9,0.050000000000000044,0.009745332412421703,4.685023784637451,0.09276644140481949,0.3748258352279663,0.11338008940219879,,,,dqn_icm,cartpole,dense,0.01,0.9,2,1.0
899,12.0,12,0.050000000000000044,0.013998595997691154,4.966940402984619,0.08965416252613068,0.3748258352279663,0.11338008940219879,,,,dqn_icm,cartpole,dense,0.01,0.9,2,1.0
900,9.0,9,0.050000000000000044,0.02957218885421753,4.650660514831543,0.13890084624290466,0.3603636622428894,0.13025540113449097,10.1,0.8306623862918074,10.1,dqn_icm,cartpole,dense,0.01,0.9,2,1.0
901,11.0,11,0.050000000000000044,0.010332335717976093,4.894855976104736,0.07699722796678543,0.3603636622428894,0.13025540113449097,,,,dqn_icm,cartpole,dense,0.01,0.9,2,1.0
902,11.0,11,0.050000000000000044,0.014791592955589294,5.092447280883789,0.10552665591239929,0.3603636622428894,0.13025540113449097,,,,dqn_icm,cartpole,dense,0.01,0.9,2,1.0
903,11.0,11,0.050000000000000044,0.016778873279690742,4.667470932006836,0.09995804727077484,0.3603636622428894,0.13025540113449097,,,,dqn_icm,cartpole,dense,0.01,0.9,2,1.0
904,10.0,10,0.050000000000000044,0.015792112797498703,4.987739086151123,0.09089604765176773,0.32341551780700684,0.1108519583940506,,,,dqn_icm,cartpole,dense,0.01,0.9,2,1.0
905,10.0,10,0.050000000000000044,0.012219782918691635,5.164006233215332,0.08899407088756561,0.32341551780700684,0.1108519583940506,,,,dqn_icm,cartpole,dense,0.01,0.9,2,1.0
906,10.0,10,0.050000000000000044,0.016090841963887215,4.82167387008667,0.11592185497283936,0.32341551780700684,0.1108519583940506,,,,dqn_icm,cartpole,dense,0.01,0.9,2,1.0
907,11.0,11,0.050000000000000044,0.013966708444058895,4.935821533203125,0.10494446754455566,0.32341551780700684,0.1108519583940506,,,,dqn_icm,cartpole,dense,0.01,0.9,2,1.0
908,10.0,10,0.050000000000000044,0.012211660854518414,5.382880687713623,0.12333456426858902,0.2637655436992645,0.1098831370472908,,,,dqn_icm,cartpole,dense,0.01,0.9,2,1.0
909,11.0,11,0.050000000000000044,0.009359084069728851,4.946273326873779,0.07952424138784409,0.2637655436992645,0.1098831370472908,,,,dqn_icm,cartpole,dense,0.01,0.9,2,1.0
910,9.0,9,0.050000000000000044,0.016672104597091675,5.06558895111084,0.11434071511030197,0.2637655436992645,0.1098831370472908,,,,dqn_icm,cartpole,dense,0.01,0.9,2,1.0
911,9.0,9,0.050000000000000044,0.007595275528728962,5.018784523010254,0.08161391317844391,0.2637655436992645,0.1098831370472908,,,,dqn_icm,cartpole,dense,0.01,0.9,2,1.0
912,11.0,11,0.050000000000000044,0.012844040989875793,4.951021194458008,0.08913056552410126,0.29630178213119507,0.11122848093509674,,,,dqn_icm,cartpole,dense,0.01,0.9,2,1.0
913,9.0,9,0.050000000000000044,0.009265219792723656,4.943087577819824,0.08347435295581818,0.29630178213119507,0.11122848093509674,,,,dqn_icm,cartpole,dense,0.01,0.9,2,1.0
914,10.0,10,0.050000000000000044,0.006304262205958366,4.975191116333008,0.06406986713409424,0.29630178213119507,0.11122848093509674,,,,dqn_icm,cartpole,dense,0.01,0.9,2,1.0
915,12.0,12,0.050000000000000044,0.014700500294566154,4.968983173370361,0.10775547474622726,0.29630178213119507,0.11122848093509674,,,,dqn_icm,cartpole,dense,0.01,0.9,2,1.0
916,10.0,10,0.050000000000000044,0.01196068525314331,4.688360214233398,0.07680386304855347,0.24348986148834229,0.11625871807336807,,,,dqn_icm,cartpole,dense,0.01,0.9,2,1.0
917,9.0,9,0.050000000000000044,0.00900460034608841,5.043703079223633,0.06895925104618073,0.24348986148834229,0.11625871807336807,,,,dqn_icm,cartpole,dense,0.01,0.9,2,1.0
918,8.0,8,0.050000000000000044,0.025088032707571983,4.707950115203857,0.1260945051908493,0.24348986148834229,0.11625871807336807,,,,dqn_icm,cartpole,dense,0.01,0.9,2,1.0
919,11.0,11,0.050000000000000044,0.011600255966186523,5.219448089599609,0.10346478223800659,0.24348986148834229,0.11625871807336807,,,,dqn_icm,cartpole,dense,0.01,0.9,2,1.0
920,9.0,9,0.050000000000000044,0.00843208096921444,4.749331474304199,0.07999259233474731,0.2559303939342499,0.10396987199783325,,,,dqn_icm,cartpole,dense,0.01,0.9,2,1.0
921,10.0,10,0.050000000000000044,0.008007936179637909,4.860112190246582,0.0852796658873558,0.2559303939342499,0.10396987199783325,,,,dqn_icm,cartpole,dense,0.01,0.9,2,1.0
922,11.0,11,0.050000000000000044,0.006980603095144033,5.149135112762451,0.08297616988420486,0.2559303939342499,0.10396987199783325,,,,dqn_icm,cartpole,dense,0.01,0.9,2,1.0
923,11.0,11,0.050000000000000044,0.009355196729302406,4.900544166564941,0.09612806141376495,0.2559303939342499,0.10396987199783325,,,,dqn_icm,cartpole,dense,0.01,0.9,2,1.0
924,10.0,10,0.050000000000000044,0.010112283751368523,4.865818023681641,0.10265204310417175,0.420017272233963,0.10520009696483612,,,,dqn_icm,cartpole,dense,0.01,0.9,2,1.0
925,10.0,10,0.050000000000000044,0.009182067587971687,5.1604437828063965,0.07381762564182281,0.420017272233963,0.10520009696483612,,,,dqn_icm,cartpole,dense,0.01,0.9,2,1.0
926,9.0,9,0.050000000000000044,0.013899490237236023,5.121400833129883,0.08253179490566254,0.420017272233963,0.10520009696483612,,,,dqn_icm,cartpole,dense,0.01,0.9,2,1.0
927,10.0,10,0.050000000000000044,0.006282306741923094,4.9464616775512695,0.046418678015470505,0.420017272233963,0.10520009696483612,,,,dqn_icm,cartpole,dense,0.01,0.9,2,1.0
928,10.0,10,0.050000000000000044,0.019648857414722443,4.660178184509277,0.09326526522636414,0.3721073567867279,0.1108255386352539,,,,dqn_icm,cartpole,dense,0.01,0.9,2,1.0
929,10.0,10,0.050000000000000044,0.013164203613996506,4.8597798347473145,0.08790823817253113,0.3721073567867279,0.1108255386352539,,,,dqn_icm,cartpole,dense,0.01,0.9,2,1.0
930,8.0,8,0.050000000000000044,0.02545052208006382,4.949619293212891,0.11274851858615875,0.3721073567867279,0.1108255386352539,,,,dqn_icm,cartpole,dense,0.01,0.9,2,1.0
931,11.0,11,0.050000000000000044,0.011189847253262997,4.869002342224121,0.09884238243103027,0.3721073567867279,0.1108255386352539,,,,dqn_icm,cartpole,dense,0.01,0.9,2,1.0
932,11.0,11,0.050000000000000044,0.014416202902793884,4.904577255249023,0.10414063930511475,0.30558618903160095,0.09855256974697113,,,,dqn_icm,cartpole,dense,0.01,0.9,2,1.0
933,11.0,11,0.050000000000000044,0.019154759123921394,4.963958740234375,0.13121232390403748,0.30558618903160095,0.09855256974697113,,,,dqn_icm,cartpole,dense,0.01,0.9,2,1.0
934,11.0,11,0.050000000000000044,0.008671039715409279,4.904570579528809,0.07879870384931564,0.30558618903160095,0.09855256974697113,,,,dqn_icm,cartpole,dense,0.01,0.9,2,1.0
935,10.0,10,0.050000000000000044,0.004030321724712849,5.139331817626953,0.06368550658226013,0.30558618903160095,0.09855256974697113,,,,dqn_icm,cartpole,dense,0.01,0.9,2,1.0
936,9.0,9,0.050000000000000044,0.023446008563041687,4.901477813720703,0.11569327116012573,0.2745758593082428,0.09467675536870956,,,,dqn_icm,cartpole,dense,0.01,0.9,2,1.0
937,9.0,9,0.050000000000000044,0.021718241274356842,4.997103691101074,0.1231488585472107,0.2745758593082428,0.09467675536870956,,,,dqn_icm,cartpole,dense,0.01,0.9,2,1.0
938,9.0,9,0.050000000000000044,0.014057217165827751,4.712469100952148,0.09709728509187698,0.2745758593082428,0.09467675536870956,,,,dqn_icm,cartpole,dense,0.01,0.9,2,1.0
939,11.0,11,0.050000000000000044,0.006930154748260975,5.110770225524902,0.09893693029880524,0.2745758593082428,0.09467675536870956,,,,dqn_icm,cartpole,dense,0.01,0.9,2,1.0
940,10.0,10,0.050000000000000044,0.013286293484270573,4.838727951049805,0.0704060047864914,0.3495873212814331,0.11214765906333923,,,,dqn_icm,cartpole,dense,0.01,0.9,2,1.0
941,10.0,10,0.050000000000000044,0.009791560471057892,4.839174747467041,0.1184958890080452,0.3495873212814331,0.11214765906333923,,,,dqn_icm,cartpole,dense,0.01,0.9,2,1.0
942,11.0,11,0.050000000000000044,0.02552838809788227,5.111048221588135,0.15974923968315125,0.3495873212814331,0.11214765906333923,,,,dqn_icm,cartpole,dense,0.01,0.9,2,1.0
943,11.0,11,0.050000000000000044,0.010120891965925694,4.992058277130127,0.1085788756608963,0.3495873212814331,0.11214765906333923,,,,dqn_icm,cartpole,dense,0.01,0.9,2,1.0
944,11.0,11,0.050000000000000044,0.14704245328903198,4.827762603759766,0.48597192764282227,0.31617239117622375,0.09607267379760742,,,,dqn_icm,cartpole,dense,0.01,0.9,2,1.0
945,13.0,13,0.050000000000000044,0.10919168591499329,5.093132972717285,0.3057815432548523,0.31617239117622375,0.09607267379760742,,,,dqn_icm,cartpole,dense,0.01,0.9,2,1.0
946,27.0,27,0.050000000000000044,0.03485754132270813,5.076812744140625,0.22466079890727997,0.32016390562057495,0.10514043271541595,,,,dqn_icm,cartpole,dense,0.01,0.9,2,1.0
947,66.0,66,0.050000000000000044,0.03149867430329323,4.928532600402832,0.19942256808280945,0.26948919892311096,0.08781284093856812,,,,dqn_icm,cartpole,dense,0.01,0.9,2,1.0
948,29.0,29,0.050000000000000044,0.017534326761960983,5.0379743576049805,0.12616142630577087,0.28172051906585693,0.08799679577350616,,,,dqn_icm,cartpole,dense,0.01,0.9,2,1.0
949,12.0,12,0.050000000000000044,0.019793231040239334,5.057272911071777,0.14503800868988037,0.28172051906585693,0.08799679577350616,,,,dqn_icm,cartpole,dense,0.01,0.9,2,1.0
950,30.0,30,0.050000000000000044,0.011790823191404343,5.175761699676514,0.08762340247631073,0.28154221177101135,0.08866770565509796,36.9,16.688019654830228,36.9,dqn_icm,cartpole,dense,0.01,0.9,2,1.0
951,30.0,30,0.050000000000000044,0.012748776003718376,5.125277996063232,0.09777525067329407,0.33553969860076904,0.08978691697120667,,,,dqn_icm,cartpole,dense,0.01,0.9,2,1.0
952,29.0,29,0.050000000000000044,0.01891876384615898,4.840699672698975,0.13653793931007385,0.334351122379303,0.09206493198871613,,,,dqn_icm,cartpole,dense,0.01,0.9,2,1.0
953,46.0,46,0.050000000000000044,0.02324657142162323,5.150822639465332,0.12799814343452454,0.3520536720752716,0.08423176407814026,,,,dqn_icm,cartpole,dense,0.01,0.9,2,1.0
954,47.0,47,0.050000000000000044,0.011255773715674877,4.889662742614746,0.08120488375425339,0.2831241488456726,0.08412808924913406,,,,dqn_icm,cartpole,dense,0.01,0.9,2,1.0
955,14.0,14,0.050000000000000044,0.007519779726862907,5.217437744140625,0.08051203936338425,0.2831241488456726,0.08412808924913406,,,,dqn_icm,cartpole,dense,0.01,0.9,2,1.0
956,11.0,11,0.050000000000000044,0.008267181925475597,5.144576549530029,0.09182018786668777,0.3132425844669342,0.08058901876211166,,,,dqn_icm,cartpole,dense,0.01,0.9,2,1.0
957,29.0,29,0.050000000000000044,0.0112822987139225,5.30535364151001,0.09331072121858597,0.3132425844669342,0.08058901876211166,,,,dqn_icm,cartpole,dense,0.01,0.9,2,1.0
958,48.0,48,0.050000000000000044,0.006374836899340153,4.943641662597656,0.06949885934591293,0.276600182056427,0.0859718918800354,,,,dqn_icm,cartpole,dense,0.01,0.9,2,1.0
959,26.0,26,0.050000000000000044,0.015483257360756397,5.216496467590332,0.1009213775396347,0.33787402510643005,0.07377572357654572,,,,dqn_icm,cartpole,dense,0.01,0.9,2,1.0
960,27.0,27,0.050000000000000044,0.009956847876310349,4.690983772277832,0.09092960506677628,0.32364290952682495,0.08283941447734833,,,,dqn_icm,cartpole,dense,0.01,0.9,2,1.0
961,48.0,48,0.050000000000000044,0.00884057953953743,5.086165428161621,0.07577259093523026,0.3285212516784668,0.07511098682880402,,,,dqn_icm,cartpole,dense,0.01,0.9,2,1.0
962,28.0,28,0.050000000000000044,0.012228206731379032,4.70966911315918,0.09146329760551453,0.29806384444236755,0.07191777229309082,,,,dqn_icm,cartpole,dense,0.01,0.9,2,1.0
963,26.0,26,0.050000000000000044,0.014557941816747189,5.133415222167969,0.1132420003414154,0.29806384444236755,0.07191777229309082,,,,dqn_icm,cartpole,dense,0.01,0.9,2,1.0
964,51.0,51,0.050000000000000044,0.0068164668045938015,5.667088031768799,0.06930897384881973,0.28019511699676514,0.067050501704216,,,,dqn_icm,cartpole,dense,0.01,0.9,2,1.0
965,31.0,31,0.050000000000000044,0.01456647552549839,4.6800127029418945,0.13645678758621216,0.28019511699676514,0.067050501704216,,,,dqn_icm,cartpole,dense,0.01,0.9,2,1.0
966,46.0,46,0.050000000000000044,0.01644294336438179,4.840420246124268,0.1258958876132965,0.31153184175491333,0.07940559089183807,,,,dqn_icm,cartpole,dense,0.01,0.9,2,1.0
967,28.0,28,0.050000000000000044,0.00554308807477355,5.66095495223999,0.060583729296922684,0.31153184175491333,0.07940559089183807,,,,dqn_icm,cartpole,dense,0.01,0.9,2,1.0
968,41.0,41,0.050000000000000044,0.014748646877706051,5.117137908935547,0.10568474233150482,0.31528735160827637,0.06584514677524567,,,,dqn_icm,cartpole,dense,0.01,0.9,2,1.0
969,31.0,31,0.050000000000000044,0.008851657621562481,5.460146903991699,0.08391131460666656,0.28166258335113525,0.0562652125954628,,,,dqn_icm,cartpole,dense,0.01,0.9,2,1.0
970,29.0,29,0.050000000000000044,0.008538488298654556,5.431797504425049,0.08867098391056061,0.3111978769302368,0.07122939825057983,,,,dqn_icm,cartpole,dense,0.01,0.9,2,1.0
971,11.0,11,0.050000000000000044,0.006216896697878838,5.0443902015686035,0.07692423462867737,0.3111978769302368,0.07122939825057983,,,,dqn_icm,cartpole,dense,0.01,0.9,2,1.0
972,29.0,29,0.050000000000000044,0.030762623995542526,5.118325233459473,0.14816531538963318,0.30655980110168457,0.06377104669809341,,,,dqn_icm,cartpole,dense,0.01,0.9,2,1.0
973,28.0,28,0.050000000000000044,0.016033519059419632,5.121847152709961,0.13115864992141724,0.30655980110168457,0.06377104669809341,,,,dqn_icm,cartpole,dense,0.01,0.9,2,1.0
974,28.0,28,0.050000000000000044,0.009859097190201283,4.858973979949951,0.09394009411334991,0.4382984936237335,0.08621612191200256,,,,dqn_icm,cartpole,dense,0.01,0.9,2,1.0
975,66.0,66,0.050000000000000044,0.025148767977952957,4.856719017028809,0.12976469099521637,0.3220072090625763,0.05983420088887215,,,,dqn_icm,cartpole,dense,0.01,0.9,2,1.0
976,25.0,25,0.050000000000000044,0.008090508170425892,4.9042181968688965,0.07190003991127014,0.3220072090625763,0.05983420088887215,,,,dqn_icm,cartpole,dense,0.01,0.9,2,1.0
977,66.0,66,0.050000000000000044,0.006102446466684341,5.071635723114014,0.06502647697925568,0.2715267837047577,0.06200370192527771,,,,dqn_icm,cartpole,dense,0.01,0.9,2,1.0
978,45.0,45,0.050000000000000044,0.018069235607981682,4.663603782653809,0.1266772449016571,0.25963732600212097,0.059242866933345795,,,,dqn_icm,cartpole,dense,0.01,0.9,2,1.0
979,32.0,32,0.050000000000000044,0.015355822630226612,5.039369106292725,0.11176417022943497,0.33962878584861755,0.06573128700256348,,,,dqn_icm,cartpole,dense,0.01,0.9,2,1.0
980,32.0,32,0.050000000000000044,0.011041812598705292,4.677107810974121,0.09963727742433548,0.3422043025493622,0.06380512565374374,,,,dqn_icm,cartpole,dense,0.01,0.9,2,1.0
981,47.0,47,0.050000000000000044,0.02280864492058754,5.011109828948975,0.11004634946584702,0.29156675934791565,0.0539369061589241,,,,dqn_icm,cartpole,dense,0.01,0.9,2,1.0
982,27.0,27,0.050000000000000044,0.006224425509572029,5.399311542510986,0.07785933464765549,0.33044731616973877,0.05725795030593872,,,,dqn_icm,cartpole,dense,0.01,0.9,2,1.0
983,47.0,47,0.050000000000000044,0.00784284994006157,5.121044158935547,0.08057970553636551,0.3445865511894226,0.0633137971162796,,,,dqn_icm,cartpole,dense,0.01,0.9,2,1.0
984,40.0,40,0.050000000000000044,0.0803680270910263,5.1512227058410645,0.1584426313638687,0.3482096791267395,0.06385993212461472,,,,dqn_icm,cartpole,dense,0.01,0.9,2,1.0
985,43.0,43,0.050000000000000044,0.05920015648007393,4.919538497924805,0.1569254994392395,0.3684335947036743,0.05559752136468887,,,,dqn_icm,cartpole,dense,0.01,0.9,2,1.0
986,47.0,47,0.050000000000000044,0.010675949044525623,4.796207427978516,0.10720488429069519,0.3957313299179077,0.05436955392360687,,,,dqn_icm,cartpole,dense,0.01,0.9,2,1.0
987,27.0,27,0.050000000000000044,0.0056170690804719925,5.358768463134766,0.06838271766901016,0.3316793441772461,0.05295998603105545,,,,dqn_icm,cartpole,dense,0.01,0.9,2,1.0
988,43.0,43,0.050000000000000044,0.008110474795103073,4.897373199462891,0.08102791011333466,0.3096238672733307,0.053982071578502655,,,,dqn_icm,cartpole,dense,0.01,0.9,2,1.0
989,27.0,27,0.050000000000000044,0.005341269075870514,5.0736308097839355,0.07333244383335114,0.26414915919303894,0.05195802450180054,,,,dqn_icm,cartpole,dense,0.01,0.9,2,1.0
990,28.0,28,0.050000000000000044,0.029731035232543945,5.059873580932617,0.1300850808620453,0.26414915919303894,0.05195802450180054,,,,dqn_icm,cartpole,dense,0.01,0.9,2,1.0
991,27.0,27,0.050000000000000044,0.03552795574069023,4.554570198059082,0.13607752323150635,0.28828108310699463,0.04877011477947235,,,,dqn_icm,cartpole,dense,0.01,0.9,2,1.0
992,25.0,25,0.050000000000000044,0.006628623232245445,4.9792962074279785,0.07712874561548233,0.34100306034088135,0.05829712003469467,,,,dqn_icm,cartpole,dense,0.01,0.9,2,1.0
993,29.0,29,0.050000000000000044,0.010645732283592224,5.113572597503662,0.0961897224187851,0.34100306034088135,0.05829712003469467,,,,dqn_icm,cartpole,dense,0.01,0.9,2,1.0
994,44.0,44,0.050000000000000044,0.020941952243447304,5.0571699142456055,0.13245435059070587,0.3346335291862488,0.05487116426229477,,,,dqn_icm,cartpole,dense,0.01,0.9,2,1.0
995,27.0,27,0.050000000000000044,0.015503762289881706,5.163403511047363,0.10813435912132263,0.3134167790412903,0.051476120948791504,,,,dqn_icm,cartpole,dense,0.01,0.9,2,1.0
996,23.0,23,0.050000000000000044,0.018706515431404114,4.895602226257324,0.1395399272441864,0.31214192509651184,0.04589579626917839,,,,dqn_icm,cartpole,dense,0.01,0.9,2,1.0
997,11.0,11,0.050000000000000044,0.011533854529261589,4.921935081481934,0.09405168890953064,0.31214192509651184,0.04589579626917839,,,,dqn_icm,cartpole,dense,0.01,0.9,2,1.0
998,27.0,27,0.050000000000000044,0.03236239030957222,4.842161178588867,0.12804721295833588,0.3772050142288208,0.05566981062293053,,,,dqn_icm,cartpole,dense,0.01,0.9,2,1.0
999,28.0,28,0.050000000000000044,0.005030734930187464,5.431618690490723,0.07074618339538574,0.3772050142288208,0.05566981062293053,,,,dqn_icm,cartpole,dense,0.01,0.9,2,1.0
1000,47.0,47,0.050000000000000044,0.010776996612548828,5.350013732910156,0.08525918424129486,0.3184136748313904,0.04429851472377777,40.9,15.286922515666781,40.9,dqn_icm,cartpole,dense,0.01,0.9,2,1.0
