episode,return,length,epsilon,loss,q_mean,td_error_mean,icm_loss,intrinsic_reward_mean,eval_return_mean,eval_return_std,eval_length_mean,agent,env,reward_type,lr,gamma,seed,eta
1,29.0,29,1.0,nan,nan,nan,nan,nan,,,,dqn_icm,cartpole,dense,0.001,0.99,1,1.0
2,15.0,15,0.9968333333333333,nan,nan,nan,nan,nan,,,,dqn_icm,cartpole,dense,0.001,0.99,1,1.0
3,16.0,16,0.9936666666666667,nan,nan,nan,nan,nan,,,,dqn_icm,cartpole,dense,0.001,0.99,1,1.0
4,10.0,10,0.9905,nan,nan,nan,nan,nan,,,,dqn_icm,cartpole,dense,0.001,0.99,1,1.0
5,15.0,15,0.9873333333333333,nan,nan,nan,nan,nan,,,,dqn_icm,cartpole,dense,0.001,0.99,1,1.0
6,11.0,11,0.9841666666666666,nan,nan,nan,nan,nan,,,,dqn_icm,cartpole,dense,0.001,0.99,1,1.0
7,25.0,25,0.981,nan,nan,nan,nan,nan,,,,dqn_icm,cartpole,dense,0.001,0.99,1,1.0
8,11.0,11,0.9778333333333333,nan,nan,nan,nan,nan,,,,dqn_icm,cartpole,dense,0.001,0.99,1,1.0
9,15.0,15,0.9746666666666667,nan,nan,nan,nan,nan,,,,dqn_icm,cartpole,dense,0.001,0.99,1,1.0
10,12.0,12,0.9715,nan,nan,nan,nan,nan,,,,dqn_icm,cartpole,dense,0.001,0.99,1,1.0
11,10.0,10,0.9683333333333334,nan,nan,nan,nan,nan,,,,dqn_icm,cartpole,dense,0.001,0.99,1,1.0
12,11.0,11,0.9651666666666666,nan,nan,nan,nan,nan,,,,dqn_icm,cartpole,dense,0.001,0.99,1,1.0
13,16.0,16,0.962,nan,nan,nan,nan,nan,,,,dqn_icm,cartpole,dense,0.001,0.99,1,1.0
14,15.0,15,0.9588333333333333,nan,nan,nan,nan,nan,,,,dqn_icm,cartpole,dense,0.001,0.99,1,1.0
15,14.0,14,0.9556666666666667,nan,nan,nan,nan,nan,,,,dqn_icm,cartpole,dense,0.001,0.99,1,1.0
16,10.0,10,0.9525,nan,nan,nan,nan,nan,,,,dqn_icm,cartpole,dense,0.001,0.99,1,1.0
17,41.0,41,0.9493333333333334,nan,nan,nan,nan,nan,,,,dqn_icm,cartpole,dense,0.001,0.99,1,1.0
18,13.0,13,0.9461666666666667,nan,nan,nan,nan,nan,,,,dqn_icm,cartpole,dense,0.001,0.99,1,1.0
19,18.0,18,0.9430000000000001,nan,nan,nan,nan,nan,,,,dqn_icm,cartpole,dense,0.001,0.99,1,1.0
20,24.0,24,0.9398333333333333,nan,nan,nan,nan,nan,,,,dqn_icm,cartpole,dense,0.001,0.99,1,1.0
21,15.0,15,0.9366666666666666,nan,nan,nan,nan,nan,,,,dqn_icm,cartpole,dense,0.001,0.99,1,1.0
22,9.0,9,0.9335,nan,nan,nan,nan,nan,,,,dqn_icm,cartpole,dense,0.001,0.99,1,1.0
23,14.0,14,0.9303333333333333,nan,nan,nan,nan,nan,,,,dqn_icm,cartpole,dense,0.001,0.99,1,1.0
24,17.0,17,0.9271666666666667,nan,nan,nan,nan,nan,,,,dqn_icm,cartpole,dense,0.001,0.99,1,1.0
25,18.0,18,0.924,nan,nan,nan,nan,nan,,,,dqn_icm,cartpole,dense,0.001,0.99,1,1.0
26,11.0,11,0.9208333333333334,nan,nan,nan,nan,nan,,,,dqn_icm,cartpole,dense,0.001,0.99,1,1.0
27,17.0,17,0.9176666666666666,nan,nan,nan,nan,nan,,,,dqn_icm,cartpole,dense,0.001,0.99,1,1.0
28,19.0,19,0.9145,nan,nan,nan,nan,nan,,,,dqn_icm,cartpole,dense,0.001,0.99,1,1.0
29,11.0,11,0.9113333333333333,nan,nan,nan,nan,nan,,,,dqn_icm,cartpole,dense,0.001,0.99,1,1.0
30,21.0,21,0.9081666666666667,nan,nan,nan,nan,nan,,,,dqn_icm,cartpole,dense,0.001,0.99,1,1.0
31,15.0,15,0.905,nan,nan,nan,nan,nan,,,,dqn_icm,cartpole,dense,0.001,0.99,1,1.0
32,28.0,28,0.9018333333333334,0.8011552095413208,0.058847106993198395,1.3011553287506104,0.622214138507843,0.31623876094818115,,,,dqn_icm,cartpole,dense,0.001,0.99,1,1.0
33,23.0,23,0.8986666666666667,0.6984724402427673,0.12036650627851486,1.1984636783599854,0.6324591040611267,0.3667495846748352,,,,dqn_icm,cartpole,dense,0.001,0.99,1,1.0
34,12.0,12,0.8955,0.6549105644226074,0.17819537222385406,1.1547918319702148,0.6324591040611267,0.3667495846748352,,,,dqn_icm,cartpole,dense,0.001,0.99,1,1.0
35,14.0,14,0.8923333333333333,0.589626133441925,0.2061113715171814,1.0890676975250244,0.6324591040611267,0.3667495846748352,,,,dqn_icm,cartpole,dense,0.001,0.99,1,1.0
36,12.0,12,0.8891666666666667,0.49612659215927124,0.24657025933265686,0.9925278425216675,0.6214188933372498,0.345997154712677,,,,dqn_icm,cartpole,dense,0.001,0.99,1,1.0
37,28.0,28,0.886,0.39384084939956665,0.3703992962837219,0.8788508772850037,0.6214188933372498,0.345997154712677,,,,dqn_icm,cartpole,dense,0.001,0.99,1,1.0
38,36.0,36,0.8828333333333334,0.18831032514572144,0.6721156239509583,0.5829324722290039,0.6209839582443237,0.33181649446487427,,,,dqn_icm,cartpole,dense,0.001,0.99,1,1.0
39,17.0,17,0.8796666666666667,0.10510596632957458,0.8235558867454529,0.4304810166358948,0.6175076961517334,0.29474613070487976,,,,dqn_icm,cartpole,dense,0.001,0.99,1,1.0
40,14.0,14,0.8765000000000001,0.07337264716625214,1.0242693424224854,0.341080904006958,0.6175076961517334,0.29474613070487976,,,,dqn_icm,cartpole,dense,0.001,0.99,1,1.0
41,17.0,17,0.8733333333333333,0.04107017070055008,1.0967133045196533,0.2516672909259796,0.6175076961517334,0.29474613070487976,,,,dqn_icm,cartpole,dense,0.001,0.99,1,1.0
42,12.0,12,0.8701666666666666,0.03963857144117355,1.285789966583252,0.2356034219264984,0.6137557029724121,0.30523452162742615,,,,dqn_icm,cartpole,dense,0.001,0.99,1,1.0
43,13.0,13,0.867,0.03999347239732742,1.2893376350402832,0.23674261569976807,0.6137557029724121,0.30523452162742615,,,,dqn_icm,cartpole,dense,0.001,0.99,1,1.0
44,14.0,14,0.8638333333333333,0.03908688575029373,1.3096489906311035,0.2368224859237671,0.6137557029724121,0.30523452162742615,,,,dqn_icm,cartpole,dense,0.001,0.99,1,1.0
45,15.0,15,0.8606666666666667,0.038165897130966187,1.4157390594482422,0.23302625119686127,0.6108735203742981,0.2773364782333374,,,,dqn_icm,cartpole,dense,0.001,0.99,1,1.0
46,21.0,21,0.8575,0.02963576838374138,1.3829302787780762,0.2113819718360901,0.6108735203742981,0.2773364782333374,,,,dqn_icm,cartpole,dense,0.001,0.99,1,1.0
47,14.0,14,0.8543333333333334,0.02277236245572567,1.339461326599121,0.19505634903907776,0.6154654622077942,0.3052298426628113,,,,dqn_icm,cartpole,dense,0.001,0.99,1,1.0
48,10.0,10,0.8511666666666666,0.022366181015968323,1.1837267875671387,0.18744397163391113,0.6154654622077942,0.3052298426628113,,,,dqn_icm,cartpole,dense,0.001,0.99,1,1.0
49,11.0,11,0.848,0.021103765815496445,1.3107638359069824,0.18081066012382507,0.6154654622077942,0.3052298426628113,,,,dqn_icm,cartpole,dense,0.001,0.99,1,1.0
50,22.0,22,0.8448333333333333,0.016142725944519043,1.1387885808944702,0.1607702523469925,0.6167492270469666,0.3091830015182495,9.5,0.5,9.5,dqn_icm,cartpole,dense,0.001,0.99,1,1.0
51,11.0,11,0.8416666666666667,0.01565144583582878,1.175840139389038,0.14939630031585693,0.6167492270469666,0.3091830015182495,,,,dqn_icm,cartpole,dense,0.001,0.99,1,1.0
52,11.0,11,0.8385,0.010656977072358131,1.2750425338745117,0.11984869837760925,0.6167492270469666,0.3091830015182495,,,,dqn_icm,cartpole,dense,0.001,0.99,1,1.0
53,13.0,13,0.8353333333333334,0.008521239273250103,1.2671380043029785,0.11853209137916565,0.6213179230690002,0.34291863441467285,,,,dqn_icm,cartpole,dense,0.001,0.99,1,1.0
54,16.0,16,0.8321666666666667,0.006985554471611977,1.3043723106384277,0.09919897466897964,0.6213179230690002,0.34291863441467285,,,,dqn_icm,cartpole,dense,0.001,0.99,1,1.0
55,13.0,13,0.829,0.0125858960673213,1.3168888092041016,0.12498320639133453,0.6213179230690002,0.34291863441467285,,,,dqn_icm,cartpole,dense,0.001,0.99,1,1.0
56,15.0,15,0.8258333333333334,0.008630897849798203,1.3076372146606445,0.11211831867694855,0.616313636302948,0.33038175106048584,,,,dqn_icm,cartpole,dense,0.001,0.99,1,1.0
57,19.0,19,0.8226666666666667,0.008311865851283073,1.3222589492797852,0.10112372040748596,0.616313636302948,0.33038175106048584,,,,dqn_icm,cartpole,dense,0.001,0.99,1,1.0
58,10.0,10,0.8195,0.0075233979150652885,1.350008249282837,0.09858552366495132,0.616313636302948,0.33038175106048584,,,,dqn_icm,cartpole,dense,0.001,0.99,1,1.0
59,21.0,21,0.8163333333333334,0.0048839556984603405,1.3067876100540161,0.08309142291545868,0.6165919899940491,0.3278629183769226,,,,dqn_icm,cartpole,dense,0.001,0.99,1,1.0
60,10.0,10,0.8131666666666667,0.0050672730430960655,1.3052276372909546,0.08013136684894562,0.6165919899940491,0.3278629183769226,,,,dqn_icm,cartpole,dense,0.001,0.99,1,1.0
61,23.0,23,0.81,0.00541869830340147,1.3194985389709473,0.07996082305908203,0.6364651918411255,0.43583351373672485,,,,dqn_icm,cartpole,dense,0.001,0.99,1,1.0
62,17.0,17,0.8068333333333333,0.0042288461700081825,1.3276174068450928,0.07344216108322144,0.6364651918411255,0.43583351373672485,,,,dqn_icm,cartpole,dense,0.001,0.99,1,1.0
63,11.0,11,0.8036666666666666,0.004494206048548222,1.288818359375,0.0821118950843811,0.6032443642616272,0.2606421709060669,,,,dqn_icm,cartpole,dense,0.001,0.99,1,1.0
64,13.0,13,0.8005,0.0030520721338689327,1.2679476737976074,0.06731300801038742,0.6032443642616272,0.2606421709060669,,,,dqn_icm,cartpole,dense,0.001,0.99,1,1.0
65,8.0,8,0.7973333333333333,0.002828264608979225,1.217620849609375,0.06394369900226593,0.6032443642616272,0.2606421709060669,,,,dqn_icm,cartpole,dense,0.001,0.99,1,1.0
66,32.0,32,0.7941666666666667,0.004776027053594589,1.2734801769256592,0.07128636538982391,0.6206082105636597,0.34159472584724426,,,,dqn_icm,cartpole,dense,0.001,0.99,1,1.0
67,15.0,15,0.791,0.004844323731958866,1.2857016324996948,0.06531457602977753,0.6206082105636597,0.34159472584724426,,,,dqn_icm,cartpole,dense,0.001,0.99,1,1.0
68,12.0,12,0.7878333333333334,0.002379399025812745,1.1920559406280518,0.05618860945105553,0.5927202105522156,0.1991468071937561,,,,dqn_icm,cartpole,dense,0.001,0.99,1,1.0
69,15.0,15,0.7846666666666666,0.003038241993635893,1.2846782207489014,0.059775568544864655,0.5927202105522156,0.1991468071937561,,,,dqn_icm,cartpole,dense,0.001,0.99,1,1.0
70,28.0,28,0.7815,0.0020768255926668644,1.2904119491577148,0.05747123435139656,0.6040157675743103,0.2784707546234131,,,,dqn_icm,cartpole,dense,0.001,0.99,1,1.0
71,10.0,10,0.7783333333333333,0.004101726226508617,1.340723991394043,0.06690974533557892,0.6040157675743103,0.2784707546234131,,,,dqn_icm,cartpole,dense,0.001,0.99,1,1.0
72,10.0,10,0.7751666666666667,0.004403705708682537,1.2924370765686035,0.05582841485738754,0.6040157675743103,0.2784707546234131,,,,dqn_icm,cartpole,dense,0.001,0.99,1,1.0
73,26.0,26,0.772,0.005080576054751873,1.2615315914154053,0.05711400508880615,0.6102832555770874,0.2992748022079468,,,,dqn_icm,cartpole,dense,0.001,0.99,1,1.0
74,14.0,14,0.7688333333333334,0.0024207381065934896,1.2997936010360718,0.0568820983171463,0.6102832555770874,0.2992748022079468,,,,dqn_icm,cartpole,dense,0.001,0.99,1,1.0
75,11.0,11,0.7656666666666667,0.0021305042318999767,1.2786165475845337,0.053961947560310364,0.6102832555770874,0.2992748022079468,,,,dqn_icm,cartpole,dense,0.001,0.99,1,1.0
76,10.0,10,0.7625,0.004257958382368088,1.2811675071716309,0.059968963265419006,0.6090739965438843,0.2978992462158203,,,,dqn_icm,cartpole,dense,0.001,0.99,1,1.0
77,12.0,12,0.7593333333333333,0.0017829075222834945,1.211760401725769,0.050619352608919144,0.6090739965438843,0.2978992462158203,,,,dqn_icm,cartpole,dense,0.001,0.99,1,1.0
78,13.0,13,0.7561666666666667,0.0026469873264431953,1.2847604751586914,0.05404267832636833,0.6090739965438843,0.2978992462158203,,,,dqn_icm,cartpole,dense,0.001,0.99,1,1.0
79,8.0,8,0.753,0.0018908025231212378,1.3131835460662842,0.054391369223594666,0.6090739965438843,0.2978992462158203,,,,dqn_icm,cartpole,dense,0.001,0.99,1,1.0
80,16.0,16,0.7498333333333334,0.005094845779240131,1.3291857242584229,0.063546322286129,0.6075161099433899,0.29120105504989624,,,,dqn_icm,cartpole,dense,0.001,0.99,1,1.0
81,13.0,13,0.7466666666666667,0.004273951053619385,1.219033122062683,0.05991247668862343,0.6075161099433899,0.29120105504989624,,,,dqn_icm,cartpole,dense,0.001,0.99,1,1.0
82,12.0,12,0.7435,0.0014011553721502423,1.2416276931762695,0.04498967528343201,0.6075161099433899,0.29120105504989624,,,,dqn_icm,cartpole,dense,0.001,0.99,1,1.0
83,12.0,12,0.7403333333333333,0.001261439174413681,1.255565881729126,0.042852699756622314,0.5944070816040039,0.2253432422876358,,,,dqn_icm,cartpole,dense,0.001,0.99,1,1.0
84,9.0,9,0.7371666666666667,0.001519746147096157,1.244901180267334,0.040557365864515305,0.5944070816040039,0.2253432422876358,,,,dqn_icm,cartpole,dense,0.001,0.99,1,1.0
85,10.0,10,0.734,0.0011177657870575786,1.2916074991226196,0.038050577044487,0.5944070816040039,0.2253432422876358,,,,dqn_icm,cartpole,dense,0.001,0.99,1,1.0
86,21.0,21,0.7308333333333333,0.0012173480354249477,1.2714385986328125,0.03927209600806236,0.6025403738021851,0.26988711953163147,,,,dqn_icm,cartpole,dense,0.001,0.99,1,1.0
87,24.0,24,0.7276666666666667,0.001374244224280119,1.2890961170196533,0.04099192097783089,0.6025403738021851,0.26988711953163147,,,,dqn_icm,cartpole,dense,0.001,0.99,1,1.0
88,9.0,9,0.7245,0.0013208421878516674,1.2655906677246094,0.04273106902837753,0.5930555462837219,0.20522934198379517,,,,dqn_icm,cartpole,dense,0.001,0.99,1,1.0
89,10.0,10,0.7213333333333334,0.001451141550205648,1.281395673751831,0.0432073250412941,0.5930555462837219,0.20522934198379517,,,,dqn_icm,cartpole,dense,0.001,0.99,1,1.0
90,15.0,15,0.7181666666666666,0.004010676871985197,1.303495168685913,0.04758550971746445,0.5930555462837219,0.20522934198379517,,,,dqn_icm,cartpole,dense,0.001,0.99,1,1.0
91,12.0,12,0.7150000000000001,0.0015815887600183487,1.3201974630355835,0.03939318656921387,0.6079261302947998,0.306171715259552,,,,dqn_icm,cartpole,dense,0.001,0.99,1,1.0
92,12.0,12,0.7118333333333333,0.003488019108772278,1.3157150745391846,0.04605594277381897,0.6079261302947998,0.306171715259552,,,,dqn_icm,cartpole,dense,0.001,0.99,1,1.0
93,11.0,11,0.7086666666666668,0.000775327323935926,1.235015869140625,0.031087469309568405,0.6079261302947998,0.306171715259552,,,,dqn_icm,cartpole,dense,0.001,0.99,1,1.0
94,16.0,16,0.7055,0.0015026037581264973,1.2096668481826782,0.03536567464470863,0.594741940498352,0.21649831533432007,,,,dqn_icm,cartpole,dense,0.001,0.99,1,1.0
95,19.0,19,0.7023333333333333,0.001304125296883285,1.299267053604126,0.03339127451181412,0.594741940498352,0.21649831533432007,,,,dqn_icm,cartpole,dense,0.001,0.99,1,1.0
96,15.0,15,0.6991666666666667,0.0016733738593757153,1.292223572731018,0.03475712239742279,0.594741940498352,0.21649831533432007,,,,dqn_icm,cartpole,dense,0.001,0.99,1,1.0
97,39.0,39,0.696,0.0015400267438963056,1.29488205909729,0.02868714928627014,0.6058441996574402,0.2924994230270386,,,,dqn_icm,cartpole,dense,0.001,0.99,1,1.0
98,14.0,14,0.6928333333333334,0.000595404882915318,1.2536735534667969,0.02346953935921192,0.5902493596076965,0.22931474447250366,,,,dqn_icm,cartpole,dense,0.001,0.99,1,1.0
99,19.0,19,0.6896666666666667,0.0004839323810301721,1.1991918087005615,0.022548258304595947,0.5902493596076965,0.22931474447250366,,,,dqn_icm,cartpole,dense,0.001,0.99,1,1.0
100,14.0,14,0.6865,0.0005779915954917669,1.2528022527694702,0.020709598436951637,0.5963079929351807,0.2509502172470093,9.3,0.7810249675906655,9.3,dqn_icm,cartpole,dense,0.001,0.99,1,1.0
101,10.0,10,0.6833333333333333,0.0026026787236332893,1.2404839992523193,0.03106662817299366,0.5963079929351807,0.2509502172470093,,,,dqn_icm,cartpole,dense,0.001,0.99,1,1.0
102,15.0,15,0.6801666666666667,0.0022738156840205193,1.247501015663147,0.029131652787327766,0.5963079929351807,0.2509502172470093,,,,dqn_icm,cartpole,dense,0.001,0.99,1,1.0
103,10.0,10,0.677,0.001589016756042838,1.2865900993347168,0.029733791947364807,0.5963079929351807,0.2509502172470093,,,,dqn_icm,cartpole,dense,0.001,0.99,1,1.0
104,16.0,16,0.6738333333333333,0.001045024604536593,1.2535828351974487,0.024512914940714836,0.5922640562057495,0.2592654228210449,,,,dqn_icm,cartpole,dense,0.001,0.99,1,1.0
105,12.0,12,0.6706666666666667,0.0019341621082276106,1.2437710762023926,0.028177157044410706,0.5922640562057495,0.2592654228210449,,,,dqn_icm,cartpole,dense,0.001,0.99,1,1.0
106,9.0,9,0.6675,0.0020414383616298437,1.2419017553329468,0.028096172958612442,0.5922640562057495,0.2592654228210449,,,,dqn_icm,cartpole,dense,0.001,0.99,1,1.0
107,14.0,14,0.6643333333333333,0.0009663844248279929,1.268276572227478,0.02654375322163105,0.5796108245849609,0.16860038042068481,,,,dqn_icm,cartpole,dense,0.001,0.99,1,1.0
108,9.0,9,0.6611666666666667,0.00030718083144165576,1.2019615173339844,0.01902182586491108,0.5796108245849609,0.16860038042068481,,,,dqn_icm,cartpole,dense,0.001,0.99,1,1.0
109,25.0,25,0.658,0.001391668920405209,1.2107391357421875,0.023260705173015594,0.5930142402648926,0.21352574229240417,,,,dqn_icm,cartpole,dense,0.001,0.99,1,1.0
110,11.0,11,0.6548333333333334,0.00038008703268133104,1.2279499769210815,0.019462445750832558,0.5930142402648926,0.21352574229240417,,,,dqn_icm,cartpole,dense,0.001,0.99,1,1.0
111,13.0,13,0.6516666666666667,0.0006557689630426466,1.1808092594146729,0.01876652054488659,0.5930142402648926,0.21352574229240417,,,,dqn_icm,cartpole,dense,0.001,0.99,1,1.0
112,14.0,14,0.6485000000000001,0.00029136898228898644,1.1971209049224854,0.017781132832169533,0.5930142402648926,0.21352574229240417,,,,dqn_icm,cartpole,dense,0.001,0.99,1,1.0
113,20.0,20,0.6453333333333333,0.002262732945382595,1.3408048152923584,0.02885049767792225,0.5939733386039734,0.2376997470855713,,,,dqn_icm,cartpole,dense,0.001,0.99,1,1.0
114,12.0,12,0.6421666666666668,0.00017066579312086105,1.2066118717193604,0.014207184314727783,0.5939733386039734,0.2376997470855713,,,,dqn_icm,cartpole,dense,0.001,0.99,1,1.0
115,9.0,9,0.639,0.0003690820885822177,1.2562403678894043,0.02011573314666748,0.5939733386039734,0.2376997470855713,,,,dqn_icm,cartpole,dense,0.001,0.99,1,1.0
116,21.0,21,0.6358333333333333,0.0005297603784129024,1.2495272159576416,0.02104221284389496,0.5928757190704346,0.21887491643428802,,,,dqn_icm,cartpole,dense,0.001,0.99,1,1.0
117,15.0,15,0.6326666666666667,0.002104981802403927,1.2119114398956299,0.024795880541205406,0.5928757190704346,0.21887491643428802,,,,dqn_icm,cartpole,dense,0.001,0.99,1,1.0
118,11.0,11,0.6295,0.00020155467791482806,1.2296142578125,0.014857450500130653,0.5972568392753601,0.29903823137283325,,,,dqn_icm,cartpole,dense,0.001,0.99,1,1.0
119,32.0,32,0.6263333333333334,0.0019985148683190346,1.230137586593628,0.024834580719470978,0.5972568392753601,0.29903823137283325,,,,dqn_icm,cartpole,dense,0.001,0.99,1,1.0
120,20.0,20,0.6231666666666666,0.000894024851731956,1.2161781787872314,0.018585892394185066,0.5856837630271912,0.21012930572032928,,,,dqn_icm,cartpole,dense,0.001,0.99,1,1.0
121,17.0,17,0.62,0.00030204583890736103,1.2288739681243896,0.01634988747537136,0.5856837630271912,0.21012930572032928,,,,dqn_icm,cartpole,dense,0.001,0.99,1,1.0
122,8.0,8,0.6168333333333333,0.00021342386025935411,1.1992082595825195,0.014453986659646034,0.5849131345748901,0.19719208776950836,,,,dqn_icm,cartpole,dense,0.001,0.99,1,1.0
123,12.0,12,0.6136666666666667,0.00021825167641509324,1.1940816640853882,0.013036387041211128,0.5849131345748901,0.19719208776950836,,,,dqn_icm,cartpole,dense,0.001,0.99,1,1.0
124,10.0,10,0.6105,0.0002817036001943052,1.223806619644165,0.01443963497877121,0.5849131345748901,0.19719208776950836,,,,dqn_icm,cartpole,dense,0.001,0.99,1,1.0
125,12.0,12,0.6073333333333333,0.000201856077183038,1.2295441627502441,0.01400420255959034,0.5849131345748901,0.19719208776950836,,,,dqn_icm,cartpole,dense,0.001,0.99,1,1.0
126,17.0,17,0.6041666666666667,0.00014462599938269705,1.2273774147033691,0.012671954929828644,0.5827673673629761,0.21160852909088135,,,,dqn_icm,cartpole,dense,0.001,0.99,1,1.0
127,12.0,12,0.601,0.0003626605321187526,1.2292721271514893,0.016751859337091446,0.5827673673629761,0.21160852909088135,,,,dqn_icm,cartpole,dense,0.001,0.99,1,1.0
128,10.0,10,0.5978333333333333,0.001162401749752462,1.3043978214263916,0.021214133128523827,0.5827673673629761,0.21160852909088135,,,,dqn_icm,cartpole,dense,0.001,0.99,1,1.0
129,10.0,10,0.5946666666666667,0.0021303805988281965,1.3103551864624023,0.02871880494058132,0.5917034149169922,0.2606757879257202,,,,dqn_icm,cartpole,dense,0.001,0.99,1,1.0
130,13.0,13,0.5915,0.000655055686365813,1.2302383184432983,0.01814640499651432,0.5917034149169922,0.2606757879257202,,,,dqn_icm,cartpole,dense,0.001,0.99,1,1.0
131,14.0,14,0.5883333333333334,0.00021399800607468933,1.2198309898376465,0.015296494588255882,0.5917034149169922,0.2606757879257202,,,,dqn_icm,cartpole,dense,0.001,0.99,1,1.0
132,12.0,12,0.5851666666666667,0.0005648100050166249,1.2284502983093262,0.01773335412144661,0.5848068594932556,0.24527180194854736,,,,dqn_icm,cartpole,dense,0.001,0.99,1,1.0
133,17.0,17,0.5820000000000001,0.0008389907306991518,1.2399252653121948,0.021257849410176277,0.5848068594932556,0.24527180194854736,,,,dqn_icm,cartpole,dense,0.001,0.99,1,1.0
134,16.0,16,0.5788333333333333,0.0007133233011700213,1.2518422603607178,0.021072596311569214,0.5848068594932556,0.24527180194854736,,,,dqn_icm,cartpole,dense,0.001,0.99,1,1.0
135,14.0,14,0.5756666666666668,0.003922564443200827,1.2993117570877075,0.03319256007671356,0.5830105543136597,0.21506306529045105,,,,dqn_icm,cartpole,dense,0.001,0.99,1,1.0
136,11.0,11,0.5725,0.0010296674445271492,1.2526447772979736,0.0216460432857275,0.5830105543136597,0.21506306529045105,,,,dqn_icm,cartpole,dense,0.001,0.99,1,1.0
137,12.0,12,0.5693333333333334,0.0001987942960113287,1.196373462677002,0.01323564350605011,0.5830105543136597,0.21506306529045105,,,,dqn_icm,cartpole,dense,0.001,0.99,1,1.0
138,9.0,9,0.5661666666666667,0.00033284156234003603,1.235600233078003,0.01716405339539051,0.5864565372467041,0.20284709334373474,,,,dqn_icm,cartpole,dense,0.001,0.99,1,1.0
139,15.0,15,0.563,0.00028065009973943233,1.24943208694458,0.015300383791327477,0.5864565372467041,0.20284709334373474,,,,dqn_icm,cartpole,dense,0.001,0.99,1,1.0
140,12.0,12,0.5598333333333334,0.00021907928748987615,1.2114033699035645,0.012464089319109917,0.5864565372467041,0.20284709334373474,,,,dqn_icm,cartpole,dense,0.001,0.99,1,1.0
141,10.0,10,0.5566666666666666,0.00024575728457421064,1.2592068910598755,0.01400039903819561,0.5898483395576477,0.2591565251350403,,,,dqn_icm,cartpole,dense,0.001,0.99,1,1.0
142,12.0,12,0.5535000000000001,0.00011449525482021272,1.1882908344268799,0.010273609310388565,0.5898483395576477,0.2591565251350403,,,,dqn_icm,cartpole,dense,0.001,0.99,1,1.0
143,13.0,13,0.5503333333333333,0.0005587301566265523,1.2035229206085205,0.013775154948234558,0.5898483395576477,0.2591565251350403,,,,dqn_icm,cartpole,dense,0.001,0.99,1,1.0
144,11.0,11,0.5471666666666667,0.0019527125405147672,1.248253583908081,0.0189067255705595,0.5898483395576477,0.2591565251350403,,,,dqn_icm,cartpole,dense,0.001,0.99,1,1.0
145,12.0,12,0.544,0.0006281708483584225,1.2311928272247314,0.016062740236520767,0.5899086594581604,0.25244608521461487,,,,dqn_icm,cartpole,dense,0.001,0.99,1,1.0
146,9.0,9,0.5408333333333333,0.000897843565326184,1.310813307762146,0.022316085174679756,0.5899086594581604,0.25244608521461487,,,,dqn_icm,cartpole,dense,0.001,0.99,1,1.0
147,9.0,9,0.5376666666666667,0.00015005937893874943,1.2313913106918335,0.012969959527254105,0.5899086594581604,0.25244608521461487,,,,dqn_icm,cartpole,dense,0.001,0.99,1,1.0
148,10.0,10,0.5345,0.00010602758993627504,1.1709308624267578,0.010748825967311859,0.5899086594581604,0.25244608521461487,,,,dqn_icm,cartpole,dense,0.001,0.99,1,1.0
149,14.0,14,0.5313333333333333,0.00034877308644354343,1.2289245128631592,0.016781125217676163,0.5706314444541931,0.14981655776500702,,,,dqn_icm,cartpole,dense,0.001,0.99,1,1.0
150,11.0,11,0.5281666666666667,0.0001858459581853822,1.1896297931671143,0.01266719400882721,0.5706314444541931,0.14981655776500702,9.3,0.7810249675906655,9.3,dqn_icm,cartpole,dense,0.001,0.99,1,1.0
151,13.0,13,0.525,0.00017414959438610822,1.2333935499191284,0.013931851834058762,0.5706314444541931,0.14981655776500702,,,,dqn_icm,cartpole,dense,0.001,0.99,1,1.0
152,10.0,10,0.5218333333333334,0.00013922288781031966,1.2240242958068848,0.011610526591539383,0.5736730694770813,0.16072630882263184,,,,dqn_icm,cartpole,dense,0.001,0.99,1,1.0
153,11.0,11,0.5186666666666666,0.0001109753138734959,1.1754570007324219,0.010893205180764198,0.5736730694770813,0.16072630882263184,,,,dqn_icm,cartpole,dense,0.001,0.99,1,1.0
154,10.0,10,0.5155000000000001,0.00022206371068023145,1.2127765417099,0.013598766177892685,0.5736730694770813,0.16072630882263184,,,,dqn_icm,cartpole,dense,0.001,0.99,1,1.0
155,11.0,11,0.5123333333333333,0.0003077919245697558,1.2000364065170288,0.0137838926166296,0.5736730694770813,0.16072630882263184,,,,dqn_icm,cartpole,dense,0.001,0.99,1,1.0
156,12.0,12,0.5091666666666667,0.00013183914416003972,1.1914212703704834,0.01138409972190857,0.5892636179924011,0.22219745814800262,,,,dqn_icm,cartpole,dense,0.001,0.99,1,1.0
157,13.0,13,0.506,0.00015187202370725572,1.1973979473114014,0.01147010549902916,0.5892636179924011,0.22219745814800262,,,,dqn_icm,cartpole,dense,0.001,0.99,1,1.0
158,10.0,10,0.5028333333333334,0.0013448611134663224,1.246311902999878,0.0193176232278347,0.5892636179924011,0.22219745814800262,,,,dqn_icm,cartpole,dense,0.001,0.99,1,1.0
159,9.0,9,0.4996666666666667,0.0014907432487234473,1.24609375,0.022158486768603325,0.5869313478469849,0.23796001076698303,,,,dqn_icm,cartpole,dense,0.001,0.99,1,1.0
160,13.0,13,0.49650000000000005,0.00032612442737445235,1.1974341869354248,0.013863516971468925,0.5869313478469849,0.23796001076698303,,,,dqn_icm,cartpole,dense,0.001,0.99,1,1.0
161,12.0,12,0.4933333333333334,0.0003288487496320158,1.2236533164978027,0.014820590615272522,0.5869313478469849,0.23796001076698303,,,,dqn_icm,cartpole,dense,0.001,0.99,1,1.0
162,12.0,12,0.49016666666666675,0.0004576171049848199,1.1946797370910645,0.01252155750989914,0.5869313478469849,0.23796001076698303,,,,dqn_icm,cartpole,dense,0.001,0.99,1,1.0
163,9.0,9,0.487,0.00021211462444625795,1.2532269954681396,0.01408396102488041,0.582013726234436,0.21087178587913513,,,,dqn_icm,cartpole,dense,0.001,0.99,1,1.0
164,13.0,13,0.48383333333333334,8.683757914695889e-05,1.1599433422088623,0.009713446721434593,0.582013726234436,0.21087178587913513,,,,dqn_icm,cartpole,dense,0.001,0.99,1,1.0
165,14.0,14,0.4806666666666667,0.00010975478653563187,1.203752040863037,0.010831434279680252,0.582013726234436,0.21087178587913513,,,,dqn_icm,cartpole,dense,0.001,0.99,1,1.0
166,19.0,19,0.47750000000000004,8.917624654714018e-05,1.217429518699646,0.009906785562634468,0.5815354585647583,0.1771169900894165,,,,dqn_icm,cartpole,dense,0.001,0.99,1,1.0
167,10.0,10,0.4743333333333334,0.00047755398554727435,1.222503423690796,0.014677124097943306,0.5815354585647583,0.1771169900894165,,,,dqn_icm,cartpole,dense,0.001,0.99,1,1.0
168,11.0,11,0.47116666666666673,0.0003908991056960076,1.2143795490264893,0.015630608424544334,0.5815354585647583,0.1771169900894165,,,,dqn_icm,cartpole,dense,0.001,0.99,1,1.0
169,13.0,13,0.46799999999999997,0.000215855470742099,1.2454020977020264,0.01418914832174778,0.5775806903839111,0.21187332272529602,,,,dqn_icm,cartpole,dense,0.001,0.99,1,1.0
170,16.0,16,0.4648333333333333,0.0004165199934504926,1.2187409400939941,0.01598956063389778,0.5775806903839111,0.21187332272529602,,,,dqn_icm,cartpole,dense,0.001,0.99,1,1.0
171,11.0,11,0.46166666666666667,7.14333145879209e-05,1.1504820585250854,0.0079165268689394,0.5775806903839111,0.21187332272529602,,,,dqn_icm,cartpole,dense,0.001,0.99,1,1.0
172,16.0,16,0.4585,0.5402747392654419,1.4031565189361572,0.9968462586402893,0.5696241855621338,0.23314961791038513,,,,dqn_icm,cartpole,dense,0.001,0.99,1,1.0
173,13.0,13,0.45533333333333337,0.2541099190711975,1.7041698694229126,0.6778725385665894,0.5696241855621338,0.23314961791038513,,,,dqn_icm,cartpole,dense,0.001,0.99,1,1.0
174,10.0,10,0.4521666666666667,0.0781615674495697,2.3259119987487793,0.28617510199546814,0.5696241855621338,0.23314961791038513,,,,dqn_icm,cartpole,dense,0.001,0.99,1,1.0
175,10.0,10,0.44900000000000007,0.16677431762218475,2.862489700317383,0.42046353220939636,0.5761086940765381,0.23385870456695557,,,,dqn_icm,cartpole,dense,0.001,0.99,1,1.0
176,9.0,9,0.4458333333333333,0.1842804253101349,2.8728628158569336,0.5069133043289185,0.5761086940765381,0.23385870456695557,,,,dqn_icm,cartpole,dense,0.001,0.99,1,1.0
177,17.0,17,0.44266666666666665,0.07617057114839554,2.579341411590576,0.23962990939617157,0.5761086940765381,0.23385870456695557,,,,dqn_icm,cartpole,dense,0.001,0.99,1,1.0
178,13.0,13,0.4395,0.1364743858575821,2.4812707901000977,0.3509730100631714,0.599869966506958,0.2651873230934143,,,,dqn_icm,cartpole,dense,0.001,0.99,1,1.0
179,15.0,15,0.43633333333333335,0.10880336165428162,2.160856246948242,0.3967433571815491,0.599869966506958,0.2651873230934143,,,,dqn_icm,cartpole,dense,0.001,0.99,1,1.0
180,16.0,16,0.4331666666666667,0.12475907802581787,2.2474029064178467,0.42378121614456177,0.599869966506958,0.2651873230934143,,,,dqn_icm,cartpole,dense,0.001,0.99,1,1.0
181,11.0,11,0.43000000000000005,0.08263327181339264,2.3295111656188965,0.2861817181110382,0.5808612704277039,0.24636155366897583,,,,dqn_icm,cartpole,dense,0.001,0.99,1,1.0
182,12.0,12,0.4268333333333333,0.08229566365480423,2.467806816101074,0.2148323655128479,0.5808612704277039,0.24636155366897583,,,,dqn_icm,cartpole,dense,0.001,0.99,1,1.0
183,10.0,10,0.42366666666666664,0.05152665078639984,2.55436110496521,0.16377468407154083,0.5808612704277039,0.24636155366897583,,,,dqn_icm,cartpole,dense,0.001,0.99,1,1.0
184,13.0,13,0.4205,0.05106469243764877,2.5685853958129883,0.19062134623527527,0.5808612704277039,0.24636155366897583,,,,dqn_icm,cartpole,dense,0.001,0.99,1,1.0
185,10.0,10,0.41733333333333344,0.04975152388215065,2.529404640197754,0.17984703183174133,0.5771571397781372,0.1688367873430252,,,,dqn_icm,cartpole,dense,0.001,0.99,1,1.0
186,9.0,9,0.4141666666666667,0.018025903031229973,2.384467601776123,0.13781633973121643,0.5771571397781372,0.1688367873430252,,,,dqn_icm,cartpole,dense,0.001,0.99,1,1.0
187,9.0,9,0.41100000000000003,0.015170309692621231,2.3899786472320557,0.13623499870300293,0.5771571397781372,0.1688367873430252,,,,dqn_icm,cartpole,dense,0.001,0.99,1,1.0
188,11.0,11,0.4078333333333334,0.04436584562063217,2.4078688621520996,0.1850607693195343,0.5771571397781372,0.1688367873430252,,,,dqn_icm,cartpole,dense,0.001,0.99,1,1.0
189,11.0,11,0.4046666666666666,0.1131616085767746,2.485633373260498,0.2606232762336731,0.5959604382514954,0.3054526448249817,,,,dqn_icm,cartpole,dense,0.001,0.99,1,1.0
190,12.0,12,0.4015000000000001,0.10389867424964905,2.4571731090545654,0.24323183298110962,0.5959604382514954,0.3054526448249817,,,,dqn_icm,cartpole,dense,0.001,0.99,1,1.0
191,11.0,11,0.39833333333333343,0.09609561413526535,2.4613800048828125,0.2453249990940094,0.5959604382514954,0.3054526448249817,,,,dqn_icm,cartpole,dense,0.001,0.99,1,1.0
192,11.0,11,0.39516666666666667,0.05808963254094124,2.3464596271514893,0.1650526374578476,0.574006974697113,0.1817081868648529,,,,dqn_icm,cartpole,dense,0.001,0.99,1,1.0
193,12.0,12,0.392,0.07545968890190125,2.4557385444641113,0.19558629393577576,0.574006974697113,0.1817081868648529,,,,dqn_icm,cartpole,dense,0.001,0.99,1,1.0
194,10.0,10,0.38883333333333336,0.07050968706607819,2.357229232788086,0.1715889722108841,0.574006974697113,0.1817081868648529,,,,dqn_icm,cartpole,dense,0.001,0.99,1,1.0
195,11.0,11,0.3856666666666667,0.04075082391500473,2.318178653717041,0.16611042618751526,0.574006974697113,0.1817081868648529,,,,dqn_icm,cartpole,dense,0.001,0.99,1,1.0
196,10.0,10,0.38250000000000006,0.16438378393650055,2.473778247833252,0.3349982798099518,0.5794914960861206,0.2242124080657959,,,,dqn_icm,cartpole,dense,0.001,0.99,1,1.0
197,10.0,10,0.3793333333333334,0.11031290888786316,2.467000961303711,0.24670478701591492,0.5794914960861206,0.2242124080657959,,,,dqn_icm,cartpole,dense,0.001,0.99,1,1.0
198,18.0,18,0.37616666666666676,0.057040985673666,2.4740512371063232,0.14951889216899872,0.5794914960861206,0.2242124080657959,,,,dqn_icm,cartpole,dense,0.001,0.99,1,1.0
199,13.0,13,0.373,0.04026465117931366,2.427011728286743,0.1640537977218628,0.5832896828651428,0.2653578519821167,,,,dqn_icm,cartpole,dense,0.001,0.99,1,1.0
200,13.0,13,0.36983333333333335,0.054841283708810806,2.490584135055542,0.16489741206169128,0.5832896828651428,0.2653578519821167,9.5,0.5,9.5,dqn_icm,cartpole,dense,0.001,0.99,1,1.0
201,12.0,12,0.3666666666666667,0.050514161586761475,2.478318214416504,0.16766506433486938,0.5832896828651428,0.2653578519821167,,,,dqn_icm,cartpole,dense,0.001,0.99,1,1.0
202,11.0,11,0.36350000000000005,0.07914035022258759,2.579923391342163,0.20967885851860046,0.5844355821609497,0.28093546628952026,,,,dqn_icm,cartpole,dense,0.001,0.99,1,1.0
203,10.0,10,0.3603333333333334,0.06741124391555786,2.4230804443359375,0.20102368295192719,0.5844355821609497,0.28093546628952026,,,,dqn_icm,cartpole,dense,0.001,0.99,1,1.0
204,18.0,18,0.35716666666666674,0.04905299097299576,2.4354004859924316,0.156619131565094,0.5844355821609497,0.28093546628952026,,,,dqn_icm,cartpole,dense,0.001,0.99,1,1.0
205,10.0,10,0.354,0.06436026841402054,2.4217686653137207,0.16537900269031525,0.5705381631851196,0.18700283765792847,,,,dqn_icm,cartpole,dense,0.001,0.99,1,1.0
206,12.0,12,0.35083333333333333,0.056356579065322876,2.419201374053955,0.1516067087650299,0.5705381631851196,0.18700283765792847,,,,dqn_icm,cartpole,dense,0.001,0.99,1,1.0
207,12.0,12,0.3476666666666667,0.060037918388843536,2.5100979804992676,0.18874973058700562,0.5705381631851196,0.18700283765792847,,,,dqn_icm,cartpole,dense,0.001,0.99,1,1.0
208,9.0,9,0.34450000000000003,0.08131542801856995,2.4597434997558594,0.20996412634849548,0.5705381631851196,0.18700283765792847,,,,dqn_icm,cartpole,dense,0.001,0.99,1,1.0
209,8.0,8,0.3413333333333334,0.0892569050192833,2.464052677154541,0.2181955873966217,0.5749923586845398,0.27112823724746704,,,,dqn_icm,cartpole,dense,0.001,0.99,1,1.0
210,9.0,9,0.3381666666666667,0.07230055332183838,2.4543521404266357,0.22612689435482025,0.5749923586845398,0.27112823724746704,,,,dqn_icm,cartpole,dense,0.001,0.99,1,1.0
211,11.0,11,0.3350000000000001,0.05345829576253891,2.449927568435669,0.18575039505958557,0.5749923586845398,0.27112823724746704,,,,dqn_icm,cartpole,dense,0.001,0.99,1,1.0
212,10.0,10,0.3318333333333333,0.10459788143634796,2.51151442527771,0.22330708801746368,0.5749923586845398,0.27112823724746704,,,,dqn_icm,cartpole,dense,0.001,0.99,1,1.0
213,10.0,10,0.32866666666666666,0.1425839215517044,2.5755081176757812,0.2757013440132141,0.5821325182914734,0.273762583732605,,,,dqn_icm,cartpole,dense,0.001,0.99,1,1.0
214,12.0,12,0.3255,0.054346486926078796,2.391512393951416,0.19557811319828033,0.5821325182914734,0.273762583732605,,,,dqn_icm,cartpole,dense,0.001,0.99,1,1.0
215,10.0,10,0.32233333333333336,0.10364587604999542,2.474076271057129,0.2530108094215393,0.5821325182914734,0.273762583732605,,,,dqn_icm,cartpole,dense,0.001,0.99,1,1.0
216,13.0,13,0.3191666666666667,0.03054121509194374,2.3528199195861816,0.1241244524717331,0.5821325182914734,0.273762583732605,,,,dqn_icm,cartpole,dense,0.001,0.99,1,1.0
217,14.0,14,0.31600000000000006,0.0726284310221672,2.48500657081604,0.1859491914510727,0.5882830619812012,0.2834756672382355,,,,dqn_icm,cartpole,dense,0.001,0.99,1,1.0
218,12.0,12,0.3128333333333333,0.057213976979255676,2.4051716327667236,0.15425346791744232,0.5882830619812012,0.2834756672382355,,,,dqn_icm,cartpole,dense,0.001,0.99,1,1.0
219,15.0,15,0.30966666666666665,0.061114631593227386,2.451503038406372,0.20168229937553406,0.5882830619812012,0.2834756672382355,,,,dqn_icm,cartpole,dense,0.001,0.99,1,1.0
220,11.0,11,0.3065,0.028487317264080048,2.5019607543945312,0.13976013660430908,0.5825678110122681,0.268871009349823,,,,dqn_icm,cartpole,dense,0.001,0.99,1,1.0
221,12.0,12,0.30333333333333345,0.09091756492853165,2.5779380798339844,0.2366056889295578,0.5825678110122681,0.268871009349823,,,,dqn_icm,cartpole,dense,0.001,0.99,1,1.0
222,11.0,11,0.3001666666666667,0.06883189082145691,2.5107877254486084,0.18721547722816467,0.5825678110122681,0.268871009349823,,,,dqn_icm,cartpole,dense,0.001,0.99,1,1.0
223,8.0,8,0.29700000000000004,0.06352195143699646,2.43782377243042,0.19510284066200256,0.5748043656349182,0.23152363300323486,,,,dqn_icm,cartpole,dense,0.001,0.99,1,1.0
224,10.0,10,0.2938333333333334,0.04989650100469589,2.4739785194396973,0.17822426557540894,0.5748043656349182,0.23152363300323486,,,,dqn_icm,cartpole,dense,0.001,0.99,1,1.0
225,10.0,10,0.29066666666666663,0.07029459625482559,2.4412307739257812,0.19610585272312164,0.5748043656349182,0.23152363300323486,,,,dqn_icm,cartpole,dense,0.001,0.99,1,1.0
226,10.0,10,0.2875000000000001,0.0857720747590065,2.535414695739746,0.23531599342823029,0.5748043656349182,0.23152363300323486,,,,dqn_icm,cartpole,dense,0.001,0.99,1,1.0
227,10.0,10,0.28433333333333344,0.10923390090465546,2.4489941596984863,0.2600216865539551,0.5689955949783325,0.2533126771450043,,,,dqn_icm,cartpole,dense,0.001,0.99,1,1.0
228,13.0,13,0.2811666666666667,0.10513109713792801,2.5422720909118652,0.2676849067211151,0.5689955949783325,0.2533126771450043,,,,dqn_icm,cartpole,dense,0.001,0.99,1,1.0
229,9.0,9,0.278,0.09640605747699738,2.504849433898926,0.23772916197776794,0.5689955949783325,0.2533126771450043,,,,dqn_icm,cartpole,dense,0.001,0.99,1,1.0
230,9.0,9,0.2748333333333334,0.07460246980190277,2.4253904819488525,0.2137446254491806,0.5689955949783325,0.2533126771450043,,,,dqn_icm,cartpole,dense,0.001,0.99,1,1.0
231,13.0,13,0.2716666666666666,0.07177533209323883,2.559614658355713,0.17870330810546875,0.592136025428772,0.3275783061981201,,,,dqn_icm,cartpole,dense,0.001,0.99,1,1.0
232,9.0,9,0.26850000000000007,0.08528108894824982,2.57208251953125,0.22238174080848694,0.592136025428772,0.3275783061981201,,,,dqn_icm,cartpole,dense,0.001,0.99,1,1.0
233,9.0,9,0.2653333333333334,0.08609835803508759,2.611093044281006,0.21410778164863586,0.592136025428772,0.3275783061981201,,,,dqn_icm,cartpole,dense,0.001,0.99,1,1.0
234,10.0,10,0.26216666666666677,0.14292556047439575,2.5629849433898926,0.29655611515045166,0.592136025428772,0.3275783061981201,,,,dqn_icm,cartpole,dense,0.001,0.99,1,1.0
235,8.0,8,0.259,0.07379152625799179,2.4529290199279785,0.18487203121185303,0.55415278673172,0.2415546327829361,,,,dqn_icm,cartpole,dense,0.001,0.99,1,1.0
236,9.0,9,0.25583333333333336,0.029012400656938553,2.463172435760498,0.1316649317741394,0.55415278673172,0.2415546327829361,,,,dqn_icm,cartpole,dense,0.001,0.99,1,1.0
237,10.0,10,0.2526666666666667,0.10247671604156494,2.5668699741363525,0.26150092482566833,0.55415278673172,0.2415546327829361,,,,dqn_icm,cartpole,dense,0.001,0.99,1,1.0
238,13.0,13,0.24950000000000006,0.042883455753326416,2.4903693199157715,0.16041497886180878,0.55415278673172,0.2415546327829361,,,,dqn_icm,cartpole,dense,0.001,0.99,1,1.0
239,9.0,9,0.2463333333333334,0.03325043246150017,2.4715094566345215,0.14179450273513794,0.5711740255355835,0.23066282272338867,,,,dqn_icm,cartpole,dense,0.001,0.99,1,1.0
240,8.0,8,0.24316666666666675,0.04842983931303024,2.580786943435669,0.15452829003334045,0.5711740255355835,0.23066282272338867,,,,dqn_icm,cartpole,dense,0.001,0.99,1,1.0
241,9.0,9,0.24,0.025150511413812637,2.4284276962280273,0.1328725814819336,0.5711740255355835,0.23066282272338867,,,,dqn_icm,cartpole,dense,0.001,0.99,1,1.0
242,10.0,10,0.23683333333333334,0.058569665998220444,2.5449514389038086,0.17867720127105713,0.5711740255355835,0.23066282272338867,,,,dqn_icm,cartpole,dense,0.001,0.99,1,1.0
243,10.0,10,0.2336666666666667,0.05035335570573807,2.525970220565796,0.16540822386741638,0.5711740255355835,0.23066282272338867,,,,dqn_icm,cartpole,dense,0.001,0.99,1,1.0
244,11.0,11,0.23050000000000004,0.04820900410413742,2.450105667114258,0.17977039515972137,0.5775322914123535,0.25846412777900696,,,,dqn_icm,cartpole,dense,0.001,0.99,1,1.0
245,9.0,9,0.2273333333333334,0.06915340572595596,2.494943857192993,0.20894984900951385,0.5775322914123535,0.25846412777900696,,,,dqn_icm,cartpole,dense,0.001,0.99,1,1.0
246,9.0,9,0.22416666666666674,0.1013113409280777,2.5212860107421875,0.23983383178710938,0.5775322914123535,0.25846412777900696,,,,dqn_icm,cartpole,dense,0.001,0.99,1,1.0
247,10.0,10,0.22100000000000009,0.07490053027868271,2.447056293487549,0.19504427909851074,0.5775322914123535,0.25846412777900696,,,,dqn_icm,cartpole,dense,0.001,0.99,1,1.0
248,11.0,11,0.21783333333333332,0.07293476909399033,2.388261556625366,0.18455655872821808,0.5755519270896912,0.27616453170776367,,,,dqn_icm,cartpole,dense,0.001,0.99,1,1.0
249,10.0,10,0.21466666666666667,0.10603804886341095,2.5683324337005615,0.22755128145217896,0.5755519270896912,0.27616453170776367,,,,dqn_icm,cartpole,dense,0.001,0.99,1,1.0
250,8.0,8,0.21150000000000002,0.034370072185993195,2.400986671447754,0.11671870946884155,0.5755519270896912,0.27616453170776367,9.5,0.5,9.5,dqn_icm,cartpole,dense,0.001,0.99,1,1.0
251,8.0,8,0.20833333333333337,0.053494155406951904,2.5248539447784424,0.15681222081184387,0.5755519270896912,0.27616453170776367,,,,dqn_icm,cartpole,dense,0.001,0.99,1,1.0
252,9.0,9,0.20516666666666672,0.08078589290380478,2.6093811988830566,0.20989824831485748,0.5769136548042297,0.3044872283935547,,,,dqn_icm,cartpole,dense,0.001,0.99,1,1.0
253,13.0,13,0.20200000000000007,0.09751887619495392,2.648247241973877,0.20760880410671234,0.5769136548042297,0.3044872283935547,,,,dqn_icm,cartpole,dense,0.001,0.99,1,1.0
254,8.0,8,0.1988333333333333,0.0548703595995903,2.5780858993530273,0.17127196490764618,0.5769136548042297,0.3044872283935547,,,,dqn_icm,cartpole,dense,0.001,0.99,1,1.0
255,10.0,10,0.19566666666666666,0.10708241164684296,2.5785903930664062,0.24354994297027588,0.5769136548042297,0.3044872283935547,,,,dqn_icm,cartpole,dense,0.001,0.99,1,1.0
256,10.0,10,0.1925,0.044781818985939026,2.534852981567383,0.15286827087402344,0.5650641918182373,0.22799643874168396,,,,dqn_icm,cartpole,dense,0.001,0.99,1,1.0
257,9.0,9,0.18933333333333335,0.049003489315509796,2.432710886001587,0.16612620651721954,0.5650641918182373,0.22799643874168396,,,,dqn_icm,cartpole,dense,0.001,0.99,1,1.0
258,9.0,9,0.1861666666666667,0.06907403469085693,2.4987807273864746,0.19182558357715607,0.5650641918182373,0.22799643874168396,,,,dqn_icm,cartpole,dense,0.001,0.99,1,1.0
259,9.0,9,0.18300000000000005,0.06516952067613602,2.5299086570739746,0.19178181886672974,0.5650641918182373,0.22799643874168396,,,,dqn_icm,cartpole,dense,0.001,0.99,1,1.0
260,9.0,9,0.1798333333333334,0.11855556070804596,2.662837505340576,0.2518063187599182,0.5637578368186951,0.3307191729545593,,,,dqn_icm,cartpole,dense,0.001,0.99,1,1.0
261,10.0,10,0.17666666666666664,0.06335590034723282,2.50393009185791,0.1603628695011139,0.5637578368186951,0.3307191729545593,,,,dqn_icm,cartpole,dense,0.001,0.99,1,1.0
262,10.0,10,0.1735,0.059686001390218735,2.523909568786621,0.17847520112991333,0.5637578368186951,0.3307191729545593,,,,dqn_icm,cartpole,dense,0.001,0.99,1,1.0
263,10.0,10,0.17033333333333345,0.0537659116089344,2.430102825164795,0.18666227161884308,0.5637578368186951,0.3307191729545593,,,,dqn_icm,cartpole,dense,0.001,0.99,1,1.0
264,11.0,11,0.16716666666666669,0.046141378581523895,2.5138461589813232,0.16795752942562103,0.5726512670516968,0.26995357871055603,,,,dqn_icm,cartpole,dense,0.001,0.99,1,1.0
265,10.0,10,0.16400000000000003,0.11353735625743866,2.680842876434326,0.24832524359226227,0.5726512670516968,0.26995357871055603,,,,dqn_icm,cartpole,dense,0.001,0.99,1,1.0
266,9.0,9,0.16083333333333338,0.10068023204803467,2.7510480880737305,0.2355664074420929,0.5726512670516968,0.26995357871055603,,,,dqn_icm,cartpole,dense,0.001,0.99,1,1.0
267,10.0,10,0.15766666666666662,0.1066555455327034,2.6433496475219727,0.26313939690589905,0.5726512670516968,0.26995357871055603,,,,dqn_icm,cartpole,dense,0.001,0.99,1,1.0
268,10.0,10,0.15450000000000008,0.030401555821299553,2.5469093322753906,0.11811518669128418,0.576427698135376,0.245666041970253,,,,dqn_icm,cartpole,dense,0.001,0.99,1,1.0
269,8.0,8,0.15133333333333343,0.07925800234079361,2.5629148483276367,0.19622866809368134,0.576427698135376,0.245666041970253,,,,dqn_icm,cartpole,dense,0.001,0.99,1,1.0
270,10.0,10,0.14816666666666678,0.03755667805671692,2.4762539863586426,0.15188726782798767,0.576427698135376,0.245666041970253,,,,dqn_icm,cartpole,dense,0.001,0.99,1,1.0
271,10.0,10,0.14500000000000002,0.17296375334262848,2.6866540908813477,0.31592997908592224,0.576427698135376,0.245666041970253,,,,dqn_icm,cartpole,dense,0.001,0.99,1,1.0
272,9.0,9,0.14183333333333337,0.023246467113494873,2.547290325164795,0.11307310312986374,0.576427698135376,0.245666041970253,,,,dqn_icm,cartpole,dense,0.001,0.99,1,1.0
273,16.0,16,0.13866666666666672,0.05933165177702904,2.614631414413452,0.17340397834777832,0.5691306591033936,0.28056982159614563,,,,dqn_icm,cartpole,dense,0.001,0.99,1,1.0
274,11.0,11,0.13550000000000006,0.0581025592982769,2.7088239192962646,0.19527676701545715,0.5691306591033936,0.28056982159614563,,,,dqn_icm,cartpole,dense,0.001,0.99,1,1.0
275,10.0,10,0.1323333333333334,0.0546456053853035,2.5395193099975586,0.16186922788619995,0.5691306591033936,0.28056982159614563,,,,dqn_icm,cartpole,dense,0.001,0.99,1,1.0
276,9.0,9,0.12916666666666676,0.10051161050796509,2.568796396255493,0.22048208117485046,0.5940625071525574,0.2988032400608063,,,,dqn_icm,cartpole,dense,0.001,0.99,1,1.0
277,11.0,11,0.126,0.08203913271427155,2.547358512878418,0.1866369992494583,0.5940625071525574,0.2988032400608063,,,,dqn_icm,cartpole,dense,0.001,0.99,1,1.0
278,9.0,9,0.12283333333333335,0.08719867467880249,2.6913318634033203,0.2069595903158188,0.5940625071525574,0.2988032400608063,,,,dqn_icm,cartpole,dense,0.001,0.99,1,1.0
279,8.0,8,0.1196666666666667,0.07283909618854523,2.620147943496704,0.18922317028045654,0.5940625071525574,0.2988032400608063,,,,dqn_icm,cartpole,dense,0.001,0.99,1,1.0
280,10.0,10,0.11650000000000005,0.10741032660007477,2.6635208129882812,0.23646995425224304,0.5690382719039917,0.34440314769744873,,,,dqn_icm,cartpole,dense,0.001,0.99,1,1.0
281,10.0,10,0.1133333333333334,0.04038252681493759,2.515101909637451,0.1440245509147644,0.5690382719039917,0.34440314769744873,,,,dqn_icm,cartpole,dense,0.001,0.99,1,1.0
282,9.0,9,0.11016666666666675,0.0787525475025177,2.576385498046875,0.18998101353645325,0.5690382719039917,0.34440314769744873,,,,dqn_icm,cartpole,dense,0.001,0.99,1,1.0
283,10.0,10,0.1070000000000001,0.10733583569526672,2.6531107425689697,0.24972952902317047,0.5690382719039917,0.34440314769744873,,,,dqn_icm,cartpole,dense,0.001,0.99,1,1.0
284,8.0,8,0.10383333333333333,0.08840342611074448,2.659276008605957,0.22587180137634277,0.5690382719039917,0.34440314769744873,,,,dqn_icm,cartpole,dense,0.001,0.99,1,1.0
285,12.0,12,0.10066666666666668,0.040444519370794296,2.6878676414489746,0.1549396514892578,0.5547067523002625,0.33498477935791016,,,,dqn_icm,cartpole,dense,0.001,0.99,1,1.0
286,10.0,10,0.09750000000000003,0.08580528944730759,2.649914264678955,0.20578956604003906,0.5547067523002625,0.33498477935791016,,,,dqn_icm,cartpole,dense,0.001,0.99,1,1.0
287,10.0,10,0.09433333333333338,0.07730436325073242,2.9626078605651855,0.1965133547782898,0.5547067523002625,0.33498477935791016,,,,dqn_icm,cartpole,dense,0.001,0.99,1,1.0
288,10.0,10,0.09116666666666673,0.044528089463710785,2.579378604888916,0.1690153032541275,0.5724837183952332,0.2922742962837219,,,,dqn_icm,cartpole,dense,0.001,0.99,1,1.0
289,10.0,10,0.08800000000000008,0.1083144098520279,2.5690348148345947,0.23688755929470062,0.5724837183952332,0.2922742962837219,,,,dqn_icm,cartpole,dense,0.001,0.99,1,1.0
290,10.0,10,0.08483333333333332,0.034443844109773636,2.477728843688965,0.12462620437145233,0.5724837183952332,0.2922742962837219,,,,dqn_icm,cartpole,dense,0.001,0.99,1,1.0
291,10.0,10,0.08166666666666667,0.08551125973463058,2.7283968925476074,0.2234961986541748,0.5724837183952332,0.2922742962837219,,,,dqn_icm,cartpole,dense,0.001,0.99,1,1.0
292,10.0,10,0.07850000000000001,0.16883054375648499,2.734327793121338,0.3542707562446594,0.578251302242279,0.42714574933052063,,,,dqn_icm,cartpole,dense,0.001,0.99,1,1.0
293,10.0,10,0.07533333333333336,0.06692253053188324,2.5048341751098633,0.17821918427944183,0.578251302242279,0.42714574933052063,,,,dqn_icm,cartpole,dense,0.001,0.99,1,1.0
294,11.0,11,0.07216666666666671,0.06574651598930359,2.591670274734497,0.1891101449728012,0.578251302242279,0.42714574933052063,,,,dqn_icm,cartpole,dense,0.001,0.99,1,1.0
295,10.0,10,0.06900000000000006,0.03216095268726349,2.6422791481018066,0.1337502896785736,0.578251302242279,0.42714574933052063,,,,dqn_icm,cartpole,dense,0.001,0.99,1,1.0
296,13.0,13,0.06583333333333341,0.08989042043685913,2.507992744445801,0.23097318410873413,0.5645650029182434,0.3768749237060547,,,,dqn_icm,cartpole,dense,0.001,0.99,1,1.0
297,9.0,9,0.06266666666666665,0.04906304180622101,2.6892576217651367,0.1446278691291809,0.5645650029182434,0.3768749237060547,,,,dqn_icm,cartpole,dense,0.001,0.99,1,1.0
298,10.0,10,0.0595,0.12011826038360596,2.5904788970947266,0.2713254988193512,0.5645650029182434,0.3768749237060547,,,,dqn_icm,cartpole,dense,0.001,0.99,1,1.0
299,10.0,10,0.05633333333333346,0.08005841821432114,2.6636147499084473,0.24654525518417358,0.5645650029182434,0.3768749237060547,,,,dqn_icm,cartpole,dense,0.001,0.99,1,1.0
300,9.0,9,0.053166666666666695,0.04980293661355972,2.4904232025146484,0.17127951979637146,0.5547865033149719,0.2575945258140564,9.6,0.4898979485566356,9.6,dqn_icm,cartpole,dense,0.001,0.99,1,1.0
301,11.0,11,0.050000000000000044,0.08970385044813156,2.641408920288086,0.23055672645568848,0.5547865033149719,0.2575945258140564,,,,dqn_icm,cartpole,dense,0.001,0.99,1,1.0
302,9.0,9,0.050000000000000044,0.03778858855366707,2.5346391201019287,0.13814835250377655,0.5547865033149719,0.2575945258140564,,,,dqn_icm,cartpole,dense,0.001,0.99,1,1.0
303,8.0,8,0.050000000000000044,0.08681827783584595,2.7117247581481934,0.23522992432117462,0.5547865033149719,0.2575945258140564,,,,dqn_icm,cartpole,dense,0.001,0.99,1,1.0
304,11.0,11,0.050000000000000044,0.08446139097213745,2.5852153301239014,0.2504418194293976,0.5761964321136475,0.2843243479728699,,,,dqn_icm,cartpole,dense,0.001,0.99,1,1.0
305,10.0,10,0.050000000000000044,0.06637386977672577,2.6969351768493652,0.21007704734802246,0.5761964321136475,0.2843243479728699,,,,dqn_icm,cartpole,dense,0.001,0.99,1,1.0
306,8.0,8,0.050000000000000044,0.1379873901605606,2.9780068397521973,0.2928852438926697,0.5761964321136475,0.2843243479728699,,,,dqn_icm,cartpole,dense,0.001,0.99,1,1.0
307,10.0,10,0.050000000000000044,0.07498486340045929,2.8650429248809814,0.1879890114068985,0.5761964321136475,0.2843243479728699,,,,dqn_icm,cartpole,dense,0.001,0.99,1,1.0
308,10.0,10,0.050000000000000044,0.076602041721344,2.5442309379577637,0.1839074343442917,0.5761964321136475,0.2843243479728699,,,,dqn_icm,cartpole,dense,0.001,0.99,1,1.0
309,11.0,11,0.050000000000000044,0.1308727115392685,2.623541831970215,0.28229308128356934,0.5474101305007935,0.34522920846939087,,,,dqn_icm,cartpole,dense,0.001,0.99,1,1.0
310,12.0,12,0.050000000000000044,0.06518979370594025,2.486720085144043,0.20295919477939606,0.5474101305007935,0.34522920846939087,,,,dqn_icm,cartpole,dense,0.001,0.99,1,1.0
311,10.0,10,0.050000000000000044,0.06970798969268799,2.406276226043701,0.236749529838562,0.5474101305007935,0.34522920846939087,,,,dqn_icm,cartpole,dense,0.001,0.99,1,1.0
312,10.0,10,0.050000000000000044,0.09091395139694214,2.507443428039551,0.2367255538702011,0.5623442530632019,0.30956941843032837,,,,dqn_icm,cartpole,dense,0.001,0.99,1,1.0
313,10.0,10,0.050000000000000044,0.08772231638431549,2.618717670440674,0.21419250965118408,0.5623442530632019,0.30956941843032837,,,,dqn_icm,cartpole,dense,0.001,0.99,1,1.0
314,10.0,10,0.050000000000000044,0.049302905797958374,2.569243907928467,0.1718844175338745,0.5623442530632019,0.30956941843032837,,,,dqn_icm,cartpole,dense,0.001,0.99,1,1.0
315,10.0,10,0.050000000000000044,0.10470282286405563,2.7520174980163574,0.2620833218097687,0.5623442530632019,0.30956941843032837,,,,dqn_icm,cartpole,dense,0.001,0.99,1,1.0
316,9.0,9,0.050000000000000044,0.03579384833574295,2.602540969848633,0.13237036764621735,0.550980269908905,0.27879875898361206,,,,dqn_icm,cartpole,dense,0.001,0.99,1,1.0
317,9.0,9,0.050000000000000044,0.05886933207511902,2.645932197570801,0.20180010795593262,0.550980269908905,0.27879875898361206,,,,dqn_icm,cartpole,dense,0.001,0.99,1,1.0
318,9.0,9,0.050000000000000044,0.07065443694591522,2.6886162757873535,0.18928495049476624,0.550980269908905,0.27879875898361206,,,,dqn_icm,cartpole,dense,0.001,0.99,1,1.0
319,9.0,9,0.050000000000000044,0.06875287741422653,2.7150070667266846,0.20795567333698273,0.550980269908905,0.27879875898361206,,,,dqn_icm,cartpole,dense,0.001,0.99,1,1.0
320,9.0,9,0.050000000000000044,0.06185026466846466,2.6624197959899902,0.20197764039039612,0.550980269908905,0.27879875898361206,,,,dqn_icm,cartpole,dense,0.001,0.99,1,1.0
321,9.0,9,0.050000000000000044,0.06847454607486725,2.6596298217773438,0.20908263325691223,0.5511239171028137,0.3349103629589081,,,,dqn_icm,cartpole,dense,0.001,0.99,1,1.0
322,10.0,10,0.050000000000000044,0.056501101702451706,2.6857900619506836,0.1594073474407196,0.5511239171028137,0.3349103629589081,,,,dqn_icm,cartpole,dense,0.001,0.99,1,1.0
323,10.0,10,0.050000000000000044,0.04052932560443878,2.527892589569092,0.1524890661239624,0.5511239171028137,0.3349103629589081,,,,dqn_icm,cartpole,dense,0.001,0.99,1,1.0
324,9.0,9,0.050000000000000044,0.07261864840984344,2.64658260345459,0.19654369354248047,0.5511239171028137,0.3349103629589081,,,,dqn_icm,cartpole,dense,0.001,0.99,1,1.0
325,8.0,8,0.050000000000000044,0.06852051615715027,2.5640687942504883,0.19514712691307068,0.5495398044586182,0.28402405977249146,,,,dqn_icm,cartpole,dense,0.001,0.99,1,1.0
326,11.0,11,0.050000000000000044,0.10338778793811798,2.84342622756958,0.23997804522514343,0.5495398044586182,0.28402405977249146,,,,dqn_icm,cartpole,dense,0.001,0.99,1,1.0
327,10.0,10,0.050000000000000044,0.18865612149238586,2.7415590286254883,0.3494815528392792,0.5495398044586182,0.28402405977249146,,,,dqn_icm,cartpole,dense,0.001,0.99,1,1.0
328,10.0,10,0.050000000000000044,0.10674644261598587,2.7567014694213867,0.29335907101631165,0.5495398044586182,0.28402405977249146,,,,dqn_icm,cartpole,dense,0.001,0.99,1,1.0
329,9.0,9,0.050000000000000044,0.03849353268742561,2.473145008087158,0.17387820780277252,0.54185950756073,0.2770020663738251,,,,dqn_icm,cartpole,dense,0.001,0.99,1,1.0
330,10.0,10,0.050000000000000044,0.12241622805595398,2.7227110862731934,0.25780951976776123,0.54185950756073,0.2770020663738251,,,,dqn_icm,cartpole,dense,0.001,0.99,1,1.0
331,9.0,9,0.050000000000000044,0.07482769340276718,2.8449769020080566,0.19946129620075226,0.54185950756073,0.2770020663738251,,,,dqn_icm,cartpole,dense,0.001,0.99,1,1.0
332,13.0,13,0.050000000000000044,0.07950665801763535,2.9242465496063232,0.22817948460578918,0.54185950756073,0.2770020663738251,,,,dqn_icm,cartpole,dense,0.001,0.99,1,1.0
333,10.0,10,0.050000000000000044,0.07868357747793198,2.709655284881592,0.18421393632888794,0.5563220381736755,0.3465674817562103,,,,dqn_icm,cartpole,dense,0.001,0.99,1,1.0
334,9.0,9,0.050000000000000044,0.1642991155385971,2.890570640563965,0.32494181394577026,0.5563220381736755,0.3465674817562103,,,,dqn_icm,cartpole,dense,0.001,0.99,1,1.0
335,9.0,9,0.050000000000000044,0.09978353977203369,2.8447625637054443,0.23696278035640717,0.5563220381736755,0.3465674817562103,,,,dqn_icm,cartpole,dense,0.001,0.99,1,1.0
336,10.0,10,0.050000000000000044,0.053160250186920166,2.4786791801452637,0.18532633781433105,0.5563220381736755,0.3465674817562103,,,,dqn_icm,cartpole,dense,0.001,0.99,1,1.0
337,10.0,10,0.050000000000000044,0.11491173505783081,2.687077760696411,0.2776792645454407,0.5537893772125244,0.40494728088378906,,,,dqn_icm,cartpole,dense,0.001,0.99,1,1.0
338,10.0,10,0.050000000000000044,0.05531837418675423,2.6414132118225098,0.1862129271030426,0.5537893772125244,0.40494728088378906,,,,dqn_icm,cartpole,dense,0.001,0.99,1,1.0
339,10.0,10,0.050000000000000044,0.039090417325496674,2.666518211364746,0.15598008036613464,0.5537893772125244,0.40494728088378906,,,,dqn_icm,cartpole,dense,0.001,0.99,1,1.0
340,9.0,9,0.050000000000000044,0.07842088490724564,2.5748000144958496,0.20503294467926025,0.5537893772125244,0.40494728088378906,,,,dqn_icm,cartpole,dense,0.001,0.99,1,1.0
341,9.0,9,0.050000000000000044,0.033233340829610825,2.460641384124756,0.1485225260257721,0.5267013311386108,0.23318731784820557,,,,dqn_icm,cartpole,dense,0.001,0.99,1,1.0
342,8.0,8,0.050000000000000044,0.11934440582990646,2.7402706146240234,0.2757929563522339,0.5267013311386108,0.23318731784820557,,,,dqn_icm,cartpole,dense,0.001,0.99,1,1.0
343,9.0,9,0.050000000000000044,0.079445019364357,2.5473415851593018,0.1919987052679062,0.5267013311386108,0.23318731784820557,,,,dqn_icm,cartpole,dense,0.001,0.99,1,1.0
344,11.0,11,0.050000000000000044,0.0765940248966217,2.6878223419189453,0.20210705697536469,0.5267013311386108,0.23318731784820557,,,,dqn_icm,cartpole,dense,0.001,0.99,1,1.0
345,10.0,10,0.050000000000000044,0.09663975983858109,2.7758355140686035,0.21738366782665253,0.5267013311386108,0.23318731784820557,,,,dqn_icm,cartpole,dense,0.001,0.99,1,1.0
346,9.0,9,0.050000000000000044,0.06638850271701813,2.5751113891601562,0.20679789781570435,0.5464069247245789,0.533317506313324,,,,dqn_icm,cartpole,dense,0.001,0.99,1,1.0
347,10.0,10,0.050000000000000044,0.036373015493154526,2.6980409622192383,0.1584961712360382,0.5464069247245789,0.533317506313324,,,,dqn_icm,cartpole,dense,0.001,0.99,1,1.0
348,9.0,9,0.050000000000000044,0.06082867085933685,2.7708652019500732,0.1964435875415802,0.5464069247245789,0.533317506313324,,,,dqn_icm,cartpole,dense,0.001,0.99,1,1.0
349,9.0,9,0.050000000000000044,0.12399439513683319,2.6497750282287598,0.2421441674232483,0.5464069247245789,0.533317506313324,,,,dqn_icm,cartpole,dense,0.001,0.99,1,1.0
350,9.0,9,0.050000000000000044,0.11561177670955658,2.823139190673828,0.252911239862442,0.5640410780906677,0.37122249603271484,9.6,0.4898979485566356,9.6,dqn_icm,cartpole,dense,0.001,0.99,1,1.0
351,8.0,8,0.050000000000000044,0.09291583299636841,2.614623546600342,0.23460522294044495,0.5640410780906677,0.37122249603271484,,,,dqn_icm,cartpole,dense,0.001,0.99,1,1.0
352,11.0,11,0.050000000000000044,0.03507539629936218,2.4718456268310547,0.14004239439964294,0.5640410780906677,0.37122249603271484,,,,dqn_icm,cartpole,dense,0.001,0.99,1,1.0
353,11.0,11,0.050000000000000044,0.06736341118812561,2.4560623168945312,0.19045381247997284,0.5640410780906677,0.37122249603271484,,,,dqn_icm,cartpole,dense,0.001,0.99,1,1.0
354,10.0,10,0.050000000000000044,0.10097736120223999,2.6720266342163086,0.2523319721221924,0.5608859062194824,0.3200581669807434,,,,dqn_icm,cartpole,dense,0.001,0.99,1,1.0
355,10.0,10,0.050000000000000044,0.11021760106086731,2.6124491691589355,0.2383832037448883,0.5608859062194824,0.3200581669807434,,,,dqn_icm,cartpole,dense,0.001,0.99,1,1.0
356,8.0,8,0.050000000000000044,0.08917014300823212,2.6890106201171875,0.27257224917411804,0.5608859062194824,0.3200581669807434,,,,dqn_icm,cartpole,dense,0.001,0.99,1,1.0
357,9.0,9,0.050000000000000044,0.10566172748804092,2.680408239364624,0.25671374797821045,0.5608859062194824,0.3200581669807434,,,,dqn_icm,cartpole,dense,0.001,0.99,1,1.0
358,12.0,12,0.050000000000000044,0.12762832641601562,2.7725274562835693,0.2964438199996948,0.5370773673057556,0.320661723613739,,,,dqn_icm,cartpole,dense,0.001,0.99,1,1.0
359,9.0,9,0.050000000000000044,0.13497379422187805,2.966968536376953,0.2964479327201843,0.5370773673057556,0.320661723613739,,,,dqn_icm,cartpole,dense,0.001,0.99,1,1.0
360,9.0,9,0.050000000000000044,0.12083801627159119,2.929152250289917,0.2676246762275696,0.5370773673057556,0.320661723613739,,,,dqn_icm,cartpole,dense,0.001,0.99,1,1.0
361,9.0,9,0.050000000000000044,0.06491851061582565,2.6483211517333984,0.21575799584388733,0.5370773673057556,0.320661723613739,,,,dqn_icm,cartpole,dense,0.001,0.99,1,1.0
362,10.0,10,0.050000000000000044,0.0763465166091919,2.7207696437835693,0.2080477476119995,0.5514328479766846,0.38912224769592285,,,,dqn_icm,cartpole,dense,0.001,0.99,1,1.0
363,9.0,9,0.050000000000000044,0.10416720807552338,2.7520875930786133,0.24252818524837494,0.5514328479766846,0.38912224769592285,,,,dqn_icm,cartpole,dense,0.001,0.99,1,1.0
364,10.0,10,0.050000000000000044,0.12181735783815384,2.825974464416504,0.26647651195526123,0.5514328479766846,0.38912224769592285,,,,dqn_icm,cartpole,dense,0.001,0.99,1,1.0
365,10.0,10,0.050000000000000044,0.03474318981170654,2.6107659339904785,0.15480877459049225,0.5514328479766846,0.38912224769592285,,,,dqn_icm,cartpole,dense,0.001,0.99,1,1.0
366,9.0,9,0.050000000000000044,0.060045674443244934,2.405059576034546,0.17824597656726837,0.5514328479766846,0.38912224769592285,,,,dqn_icm,cartpole,dense,0.001,0.99,1,1.0
367,9.0,9,0.050000000000000044,0.8423879146575928,2.9702095985412598,1.3416526317596436,0.5354706048965454,0.32804882526397705,,,,dqn_icm,cartpole,dense,0.001,0.99,1,1.0
368,8.0,8,0.050000000000000044,0.5792096257209778,3.3642168045043945,1.048563003540039,0.5354706048965454,0.32804882526397705,,,,dqn_icm,cartpole,dense,0.001,0.99,1,1.0
369,9.0,9,0.050000000000000044,0.3082839250564575,3.961360216140747,0.6025363206863403,0.5354706048965454,0.32804882526397705,,,,dqn_icm,cartpole,dense,0.001,0.99,1,1.0
370,8.0,8,0.050000000000000044,0.2423793375492096,4.21678352355957,0.4323100745677948,0.5354706048965454,0.32804882526397705,,,,dqn_icm,cartpole,dense,0.001,0.99,1,1.0
371,9.0,9,0.050000000000000044,0.1673075258731842,4.857385158538818,0.5700514912605286,0.5141986012458801,0.3592327833175659,,,,dqn_icm,cartpole,dense,0.001,0.99,1,1.0
372,10.0,10,0.050000000000000044,0.5891856551170349,5.247198104858398,0.9434375762939453,0.5141986012458801,0.3592327833175659,,,,dqn_icm,cartpole,dense,0.001,0.99,1,1.0
373,10.0,10,0.050000000000000044,0.3724042773246765,4.472954750061035,0.5930359363555908,0.5141986012458801,0.3592327833175659,,,,dqn_icm,cartpole,dense,0.001,0.99,1,1.0
374,9.0,9,0.050000000000000044,0.25923454761505127,4.01828670501709,0.4726904034614563,0.5141986012458801,0.3592327833175659,,,,dqn_icm,cartpole,dense,0.001,0.99,1,1.0
375,9.0,9,0.050000000000000044,0.1753348410129547,3.5471415519714355,0.49727439880371094,0.5189650654792786,0.3097090721130371,,,,dqn_icm,cartpole,dense,0.001,0.99,1,1.0
376,10.0,10,0.050000000000000044,0.17759916186332703,3.8740339279174805,0.4796748757362366,0.5189650654792786,0.3097090721130371,,,,dqn_icm,cartpole,dense,0.001,0.99,1,1.0
377,9.0,9,0.050000000000000044,0.10153165459632874,3.926847219467163,0.3181161880493164,0.5189650654792786,0.3097090721130371,,,,dqn_icm,cartpole,dense,0.001,0.99,1,1.0
378,8.0,8,0.050000000000000044,0.26990705728530884,4.020272254943848,0.49682313203811646,0.5189650654792786,0.3097090721130371,,,,dqn_icm,cartpole,dense,0.001,0.99,1,1.0
379,9.0,9,0.050000000000000044,0.3305129110813141,4.481760025024414,0.5685160160064697,0.5189650654792786,0.3097090721130371,,,,dqn_icm,cartpole,dense,0.001,0.99,1,1.0
380,8.0,8,0.050000000000000044,0.19686955213546753,4.031886577606201,0.4035159945487976,0.5039486289024353,0.38538891077041626,,,,dqn_icm,cartpole,dense,0.001,0.99,1,1.0
381,9.0,9,0.050000000000000044,0.2323654145002365,4.175692558288574,0.3876866400241852,0.5039486289024353,0.38538891077041626,,,,dqn_icm,cartpole,dense,0.001,0.99,1,1.0
382,10.0,10,0.050000000000000044,0.46123403310775757,4.359729290008545,0.6305196285247803,0.5039486289024353,0.38538891077041626,,,,dqn_icm,cartpole,dense,0.001,0.99,1,1.0
383,10.0,10,0.050000000000000044,0.30428141355514526,4.177688121795654,0.5138617753982544,0.5039486289024353,0.38538891077041626,,,,dqn_icm,cartpole,dense,0.001,0.99,1,1.0
384,10.0,10,0.050000000000000044,0.24201396107673645,4.127319812774658,0.4979831278324127,0.5216773152351379,0.4168786406517029,,,,dqn_icm,cartpole,dense,0.001,0.99,1,1.0
385,10.0,10,0.050000000000000044,0.163272887468338,3.929126262664795,0.3485568165779114,0.5216773152351379,0.4168786406517029,,,,dqn_icm,cartpole,dense,0.001,0.99,1,1.0
386,9.0,9,0.050000000000000044,0.3092418909072876,4.1621294021606445,0.45850425958633423,0.5216773152351379,0.4168786406517029,,,,dqn_icm,cartpole,dense,0.001,0.99,1,1.0
387,11.0,11,0.050000000000000044,0.16591471433639526,3.9218759536743164,0.3302055895328522,0.5216773152351379,0.4168786406517029,,,,dqn_icm,cartpole,dense,0.001,0.99,1,1.0
388,10.0,10,0.050000000000000044,0.1937626451253891,4.219476699829102,0.35721808671951294,0.5346692800521851,0.3741185665130615,,,,dqn_icm,cartpole,dense,0.001,0.99,1,1.0
389,10.0,10,0.050000000000000044,0.27832216024398804,4.388525009155273,0.39496850967407227,0.5346692800521851,0.3741185665130615,,,,dqn_icm,cartpole,dense,0.001,0.99,1,1.0
390,9.0,9,0.050000000000000044,0.11652959138154984,3.799924850463867,0.23257672786712646,0.5346692800521851,0.3741185665130615,,,,dqn_icm,cartpole,dense,0.001,0.99,1,1.0
391,10.0,10,0.050000000000000044,0.1911521703004837,4.114846229553223,0.3531777858734131,0.5346692800521851,0.3741185665130615,,,,dqn_icm,cartpole,dense,0.001,0.99,1,1.0
392,8.0,8,0.050000000000000044,0.2369922697544098,4.2482194900512695,0.41092783212661743,0.5356613993644714,0.4172176122665405,,,,dqn_icm,cartpole,dense,0.001,0.99,1,1.0
393,10.0,10,0.050000000000000044,0.16841991245746613,4.062499046325684,0.29265710711479187,0.5356613993644714,0.4172176122665405,,,,dqn_icm,cartpole,dense,0.001,0.99,1,1.0
394,10.0,10,0.050000000000000044,0.13146480917930603,4.353620529174805,0.23526640236377716,0.5356613993644714,0.4172176122665405,,,,dqn_icm,cartpole,dense,0.001,0.99,1,1.0
395,11.0,11,0.050000000000000044,0.02208588272333145,4.24566650390625,0.1376960426568985,0.5356613993644714,0.4172176122665405,,,,dqn_icm,cartpole,dense,0.001,0.99,1,1.0
396,13.0,13,0.050000000000000044,0.25692954659461975,4.458197593688965,0.4099423587322235,0.5412581562995911,0.5523867607116699,,,,dqn_icm,cartpole,dense,0.001,0.99,1,1.0
397,10.0,10,0.050000000000000044,0.4171467423439026,4.406171798706055,0.5675718188285828,0.5412581562995911,0.5523867607116699,,,,dqn_icm,cartpole,dense,0.001,0.99,1,1.0
398,9.0,9,0.050000000000000044,0.0768309012055397,4.188907146453857,0.18762561678886414,0.5412581562995911,0.5523867607116699,,,,dqn_icm,cartpole,dense,0.001,0.99,1,1.0
399,11.0,11,0.050000000000000044,0.41468408703804016,4.433394432067871,0.5949188470840454,0.5412581562995911,0.5523867607116699,,,,dqn_icm,cartpole,dense,0.001,0.99,1,1.0
400,10.0,10,0.050000000000000044,0.1384948492050171,4.072723388671875,0.2951769232749939,0.5336273908615112,0.5104404091835022,9.5,0.5,9.5,dqn_icm,cartpole,dense,0.001,0.99,1,1.0
401,10.0,10,0.050000000000000044,0.05934632197022438,4.148080825805664,0.19841638207435608,0.5336273908615112,0.5104404091835022,,,,dqn_icm,cartpole,dense,0.001,0.99,1,1.0
402,10.0,10,0.050000000000000044,0.22608280181884766,4.4471635818481445,0.3731643855571747,0.5336273908615112,0.5104404091835022,,,,dqn_icm,cartpole,dense,0.001,0.99,1,1.0
403,11.0,11,0.050000000000000044,0.3164868652820587,4.035581111907959,0.4603642523288727,0.5336273908615112,0.5104404091835022,,,,dqn_icm,cartpole,dense,0.001,0.99,1,1.0
404,8.0,8,0.050000000000000044,0.33962881565093994,4.532928466796875,0.4902969002723694,0.5623337030410767,0.5094130039215088,,,,dqn_icm,cartpole,dense,0.001,0.99,1,1.0
405,9.0,9,0.050000000000000044,0.2878762483596802,4.541842460632324,0.4227575659751892,0.5623337030410767,0.5094130039215088,,,,dqn_icm,cartpole,dense,0.001,0.99,1,1.0
406,10.0,10,0.050000000000000044,0.42225608229637146,4.337048053741455,0.6038013100624084,0.5623337030410767,0.5094130039215088,,,,dqn_icm,cartpole,dense,0.001,0.99,1,1.0
407,8.0,8,0.050000000000000044,0.06811214238405228,4.018744468688965,0.19414259493350983,0.5623337030410767,0.5094130039215088,,,,dqn_icm,cartpole,dense,0.001,0.99,1,1.0
408,9.0,9,0.050000000000000044,0.15591847896575928,4.34195613861084,0.36256569623947144,0.5623337030410767,0.5094130039215088,,,,dqn_icm,cartpole,dense,0.001,0.99,1,1.0
409,10.0,10,0.050000000000000044,0.24037984013557434,4.221075057983398,0.38378608226776123,0.5273479223251343,0.41052430868148804,,,,dqn_icm,cartpole,dense,0.001,0.99,1,1.0
410,9.0,9,0.050000000000000044,0.1514343023300171,4.468191623687744,0.30521130561828613,0.5273479223251343,0.41052430868148804,,,,dqn_icm,cartpole,dense,0.001,0.99,1,1.0
411,8.0,8,0.050000000000000044,0.24227270483970642,4.351809501647949,0.3796463906764984,0.5273479223251343,0.41052430868148804,,,,dqn_icm,cartpole,dense,0.001,0.99,1,1.0
412,10.0,10,0.050000000000000044,0.20227104425430298,4.315256118774414,0.35031479597091675,0.5273479223251343,0.41052430868148804,,,,dqn_icm,cartpole,dense,0.001,0.99,1,1.0
413,10.0,10,0.050000000000000044,0.6000722050666809,4.444147109985352,0.7762105464935303,0.5392337441444397,0.4818574786186218,,,,dqn_icm,cartpole,dense,0.001,0.99,1,1.0
414,10.0,10,0.050000000000000044,0.13852563500404358,4.1784987449646,0.2781231999397278,0.5392337441444397,0.4818574786186218,,,,dqn_icm,cartpole,dense,0.001,0.99,1,1.0
415,11.0,11,0.050000000000000044,0.1439114212989807,4.107189178466797,0.2964074909687042,0.5392337441444397,0.4818574786186218,,,,dqn_icm,cartpole,dense,0.001,0.99,1,1.0
416,10.0,10,0.050000000000000044,0.08367065340280533,4.2973408699035645,0.1828615963459015,0.5392337441444397,0.4818574786186218,,,,dqn_icm,cartpole,dense,0.001,0.99,1,1.0
417,9.0,9,0.050000000000000044,0.3739606440067291,4.328629970550537,0.504303514957428,0.5405471920967102,0.48616206645965576,,,,dqn_icm,cartpole,dense,0.001,0.99,1,1.0
418,10.0,10,0.050000000000000044,0.37145185470581055,4.740108966827393,0.5482029318809509,0.5405471920967102,0.48616206645965576,,,,dqn_icm,cartpole,dense,0.001,0.99,1,1.0
419,10.0,10,0.050000000000000044,0.16881772875785828,4.171820640563965,0.28970640897750854,0.5405471920967102,0.48616206645965576,,,,dqn_icm,cartpole,dense,0.001,0.99,1,1.0
420,9.0,9,0.050000000000000044,0.3025403320789337,4.557866096496582,0.44243431091308594,0.5405471920967102,0.48616206645965576,,,,dqn_icm,cartpole,dense,0.001,0.99,1,1.0
421,9.0,9,0.050000000000000044,0.16990435123443604,4.045775413513184,0.27625152468681335,0.5818769335746765,0.4690764546394348,,,,dqn_icm,cartpole,dense,0.001,0.99,1,1.0
422,12.0,12,0.050000000000000044,0.27045542001724243,4.060979843139648,0.3898390531539917,0.5818769335746765,0.4690764546394348,,,,dqn_icm,cartpole,dense,0.001,0.99,1,1.0
423,9.0,9,0.050000000000000044,0.07563760876655579,3.9871816635131836,0.22258345782756805,0.5818769335746765,0.4690764546394348,,,,dqn_icm,cartpole,dense,0.001,0.99,1,1.0
424,8.0,8,0.050000000000000044,0.1786341667175293,4.238207817077637,0.3292062282562256,0.5818769335746765,0.4690764546394348,,,,dqn_icm,cartpole,dense,0.001,0.99,1,1.0
425,10.0,10,0.050000000000000044,0.29569098353385925,3.996481418609619,0.45186424255371094,0.5545880198478699,0.36497676372528076,,,,dqn_icm,cartpole,dense,0.001,0.99,1,1.0
426,8.0,8,0.050000000000000044,0.15850397944450378,4.01663875579834,0.2699902355670929,0.5545880198478699,0.36497676372528076,,,,dqn_icm,cartpole,dense,0.001,0.99,1,1.0
427,9.0,9,0.050000000000000044,0.2776225805282593,4.1918487548828125,0.4461216330528259,0.5545880198478699,0.36497676372528076,,,,dqn_icm,cartpole,dense,0.001,0.99,1,1.0
428,9.0,9,0.050000000000000044,0.1674315184354782,4.538721084594727,0.3165040612220764,0.5545880198478699,0.36497676372528076,,,,dqn_icm,cartpole,dense,0.001,0.99,1,1.0
429,9.0,9,0.050000000000000044,0.23663102090358734,4.562779903411865,0.3982049226760864,0.5545880198478699,0.36497676372528076,,,,dqn_icm,cartpole,dense,0.001,0.99,1,1.0
430,9.0,9,0.050000000000000044,0.34754541516304016,4.733432292938232,0.503697395324707,0.5413773655891418,0.5957982540130615,,,,dqn_icm,cartpole,dense,0.001,0.99,1,1.0
431,8.0,8,0.050000000000000044,0.35417771339416504,4.616302490234375,0.5340704917907715,0.5413773655891418,0.5957982540130615,,,,dqn_icm,cartpole,dense,0.001,0.99,1,1.0
432,9.0,9,0.050000000000000044,0.24472078680992126,4.304178714752197,0.38027000427246094,0.5413773655891418,0.5957982540130615,,,,dqn_icm,cartpole,dense,0.001,0.99,1,1.0
433,8.0,8,0.050000000000000044,0.32533860206604004,4.184775352478027,0.47377336025238037,0.5413773655891418,0.5957982540130615,,,,dqn_icm,cartpole,dense,0.001,0.99,1,1.0
434,9.0,9,0.050000000000000044,0.14079639315605164,4.254337310791016,0.29761654138565063,0.5097678303718567,0.44727200269699097,,,,dqn_icm,cartpole,dense,0.001,0.99,1,1.0
435,10.0,10,0.050000000000000044,0.09883958101272583,3.934748649597168,0.22898060083389282,0.5097678303718567,0.44727200269699097,,,,dqn_icm,cartpole,dense,0.001,0.99,1,1.0
436,9.0,9,0.050000000000000044,0.1661214977502823,4.4745097160339355,0.33703839778900146,0.5097678303718567,0.44727200269699097,,,,dqn_icm,cartpole,dense,0.001,0.99,1,1.0
437,9.0,9,0.050000000000000044,0.28653228282928467,4.329159736633301,0.4354768395423889,0.5097678303718567,0.44727200269699097,,,,dqn_icm,cartpole,dense,0.001,0.99,1,1.0
438,10.0,10,0.050000000000000044,0.08328969776630402,4.29009485244751,0.19821813702583313,0.5097678303718567,0.44727200269699097,,,,dqn_icm,cartpole,dense,0.001,0.99,1,1.0
439,10.0,10,0.050000000000000044,0.15523108839988708,4.283794403076172,0.30779337882995605,0.49988123774528503,0.4124785363674164,,,,dqn_icm,cartpole,dense,0.001,0.99,1,1.0
440,10.0,10,0.050000000000000044,0.21018478274345398,4.414150238037109,0.3307229280471802,0.49988123774528503,0.4124785363674164,,,,dqn_icm,cartpole,dense,0.001,0.99,1,1.0
441,11.0,11,0.050000000000000044,0.32490143179893494,4.34218692779541,0.49489831924438477,0.49988123774528503,0.4124785363674164,,,,dqn_icm,cartpole,dense,0.001,0.99,1,1.0
442,9.0,9,0.050000000000000044,0.36314767599105835,4.537945747375488,0.5399549007415771,0.49988123774528503,0.4124785363674164,,,,dqn_icm,cartpole,dense,0.001,0.99,1,1.0
443,10.0,10,0.050000000000000044,0.20943282544612885,4.155828952789307,0.3433210551738739,0.5421533584594727,0.42134028673171997,,,,dqn_icm,cartpole,dense,0.001,0.99,1,1.0
444,10.0,10,0.050000000000000044,0.16407179832458496,4.213701248168945,0.3309312164783478,0.5421533584594727,0.42134028673171997,,,,dqn_icm,cartpole,dense,0.001,0.99,1,1.0
445,9.0,9,0.050000000000000044,0.23562641441822052,4.432076454162598,0.35764434933662415,0.5421533584594727,0.42134028673171997,,,,dqn_icm,cartpole,dense,0.001,0.99,1,1.0
446,10.0,10,0.050000000000000044,0.15152892470359802,4.2566938400268555,0.2648823857307434,0.5421533584594727,0.42134028673171997,,,,dqn_icm,cartpole,dense,0.001,0.99,1,1.0
447,10.0,10,0.050000000000000044,0.2327859103679657,4.163997650146484,0.37231114506721497,0.5142090320587158,0.5363752841949463,,,,dqn_icm,cartpole,dense,0.001,0.99,1,1.0
448,11.0,11,0.050000000000000044,0.10550296306610107,3.8813512325286865,0.22909259796142578,0.5142090320587158,0.5363752841949463,,,,dqn_icm,cartpole,dense,0.001,0.99,1,1.0
449,10.0,10,0.050000000000000044,0.2476847767829895,4.179100036621094,0.4083707332611084,0.5142090320587158,0.5363752841949463,,,,dqn_icm,cartpole,dense,0.001,0.99,1,1.0
450,9.0,9,0.050000000000000044,0.1771911233663559,4.507528305053711,0.31854507327079773,0.5142090320587158,0.5363752841949463,9.5,0.5,9.5,dqn_icm,cartpole,dense,0.001,0.99,1,1.0
451,8.0,8,0.050000000000000044,0.027833469212055206,4.116158485412598,0.13985684514045715,0.5121892094612122,0.49903833866119385,,,,dqn_icm,cartpole,dense,0.001,0.99,1,1.0
452,11.0,11,0.050000000000000044,0.27027297019958496,4.512246131896973,0.4217613637447357,0.5121892094612122,0.49903833866119385,,,,dqn_icm,cartpole,dense,0.001,0.99,1,1.0
453,10.0,10,0.050000000000000044,0.16896864771842957,4.23645544052124,0.26930299401283264,0.5121892094612122,0.49903833866119385,,,,dqn_icm,cartpole,dense,0.001,0.99,1,1.0
454,9.0,9,0.050000000000000044,0.26951906085014343,4.512679100036621,0.4076918959617615,0.5121892094612122,0.49903833866119385,,,,dqn_icm,cartpole,dense,0.001,0.99,1,1.0
455,9.0,9,0.050000000000000044,0.5845377445220947,4.915900707244873,0.7814198732376099,0.5356062650680542,0.45105504989624023,,,,dqn_icm,cartpole,dense,0.001,0.99,1,1.0
456,11.0,11,0.050000000000000044,0.39453938603401184,4.752622127532959,0.5746772289276123,0.5356062650680542,0.45105504989624023,,,,dqn_icm,cartpole,dense,0.001,0.99,1,1.0
457,11.0,11,0.050000000000000044,0.13478514552116394,4.339263916015625,0.2527974843978882,0.5356062650680542,0.45105504989624023,,,,dqn_icm,cartpole,dense,0.001,0.99,1,1.0
458,12.0,12,0.050000000000000044,0.04880973696708679,4.058230876922607,0.1817505657672882,0.5356062650680542,0.45105504989624023,,,,dqn_icm,cartpole,dense,0.001,0.99,1,1.0
459,9.0,9,0.050000000000000044,0.30375877022743225,4.450962066650391,0.4526298940181732,0.5167275667190552,0.38738369941711426,,,,dqn_icm,cartpole,dense,0.001,0.99,1,1.0
460,10.0,10,0.050000000000000044,0.11734544485807419,3.99151611328125,0.2533029317855835,0.5167275667190552,0.38738369941711426,,,,dqn_icm,cartpole,dense,0.001,0.99,1,1.0
461,9.0,9,0.050000000000000044,0.2228306233882904,4.072787761688232,0.35609957575798035,0.5167275667190552,0.38738369941711426,,,,dqn_icm,cartpole,dense,0.001,0.99,1,1.0
462,8.0,8,0.050000000000000044,0.2238890826702118,4.154707908630371,0.37506556510925293,0.5167275667190552,0.38738369941711426,,,,dqn_icm,cartpole,dense,0.001,0.99,1,1.0
463,10.0,10,0.050000000000000044,0.16735024750232697,4.600671768188477,0.31049850583076477,0.5163704752922058,0.5914290547370911,,,,dqn_icm,cartpole,dense,0.001,0.99,1,1.0
464,9.0,9,0.050000000000000044,0.22655470669269562,4.622607231140137,0.36238837242126465,0.5163704752922058,0.5914290547370911,,,,dqn_icm,cartpole,dense,0.001,0.99,1,1.0
465,9.0,9,0.050000000000000044,0.15518148243427277,4.3558349609375,0.30891674757003784,0.5163704752922058,0.5914290547370911,,,,dqn_icm,cartpole,dense,0.001,0.99,1,1.0
466,10.0,10,0.050000000000000044,0.3462267816066742,4.67057991027832,0.5113606452941895,0.5163704752922058,0.5914290547370911,,,,dqn_icm,cartpole,dense,0.001,0.99,1,1.0
467,9.0,9,0.050000000000000044,0.2744444012641907,4.457100868225098,0.4151221513748169,0.4906775951385498,0.5152719020843506,,,,dqn_icm,cartpole,dense,0.001,0.99,1,1.0
468,10.0,10,0.050000000000000044,0.26990216970443726,4.5186896324157715,0.42874109745025635,0.4906775951385498,0.5152719020843506,,,,dqn_icm,cartpole,dense,0.001,0.99,1,1.0
469,9.0,9,0.050000000000000044,0.30736204981803894,4.443085670471191,0.46787700057029724,0.4906775951385498,0.5152719020843506,,,,dqn_icm,cartpole,dense,0.001,0.99,1,1.0
470,8.0,8,0.050000000000000044,0.15517723560333252,4.235971450805664,0.27581703662872314,0.4906775951385498,0.5152719020843506,,,,dqn_icm,cartpole,dense,0.001,0.99,1,1.0
471,10.0,10,0.050000000000000044,0.3903159499168396,4.64198637008667,0.5494762659072876,0.4906775951385498,0.5152719020843506,,,,dqn_icm,cartpole,dense,0.001,0.99,1,1.0
472,10.0,10,0.050000000000000044,0.3126666843891144,4.610903739929199,0.45807358622550964,0.5074681639671326,0.45853590965270996,,,,dqn_icm,cartpole,dense,0.001,0.99,1,1.0
473,10.0,10,0.050000000000000044,0.05791972577571869,4.182486057281494,0.1945132613182068,0.5074681639671326,0.45853590965270996,,,,dqn_icm,cartpole,dense,0.001,0.99,1,1.0
474,9.0,9,0.050000000000000044,0.1350679099559784,4.14120626449585,0.3013345003128052,0.5074681639671326,0.45853590965270996,,,,dqn_icm,cartpole,dense,0.001,0.99,1,1.0
475,11.0,11,0.050000000000000044,0.07387779653072357,4.330029487609863,0.17740145325660706,0.5074681639671326,0.45853590965270996,,,,dqn_icm,cartpole,dense,0.001,0.99,1,1.0
476,10.0,10,0.050000000000000044,0.06772252917289734,4.395992279052734,0.18436875939369202,0.5220691561698914,0.423547625541687,,,,dqn_icm,cartpole,dense,0.001,0.99,1,1.0
477,9.0,9,0.050000000000000044,0.07971946895122528,4.376331329345703,0.19332727789878845,0.5220691561698914,0.423547625541687,,,,dqn_icm,cartpole,dense,0.001,0.99,1,1.0
478,10.0,10,0.050000000000000044,0.19220733642578125,4.0945963859558105,0.3309177756309509,0.5220691561698914,0.423547625541687,,,,dqn_icm,cartpole,dense,0.001,0.99,1,1.0
479,9.0,9,0.050000000000000044,0.25577986240386963,4.457817077636719,0.3873275816440582,0.5220691561698914,0.423547625541687,,,,dqn_icm,cartpole,dense,0.001,0.99,1,1.0
480,10.0,10,0.050000000000000044,0.10012314468622208,4.175887584686279,0.22957107424736023,0.5001686811447144,0.5554704666137695,,,,dqn_icm,cartpole,dense,0.001,0.99,1,1.0
481,10.0,10,0.050000000000000044,0.2711256146430969,4.3369140625,0.399440199136734,0.5001686811447144,0.5554704666137695,,,,dqn_icm,cartpole,dense,0.001,0.99,1,1.0
482,10.0,10,0.050000000000000044,0.363124281167984,4.530202865600586,0.5234920382499695,0.5001686811447144,0.5554704666137695,,,,dqn_icm,cartpole,dense,0.001,0.99,1,1.0
483,10.0,10,0.050000000000000044,0.37042132019996643,4.470476150512695,0.5117307305335999,0.5001686811447144,0.5554704666137695,,,,dqn_icm,cartpole,dense,0.001,0.99,1,1.0
484,9.0,9,0.050000000000000044,0.24791975319385529,4.621301651000977,0.3829754590988159,0.5202789306640625,0.5025234222412109,,,,dqn_icm,cartpole,dense,0.001,0.99,1,1.0
485,11.0,11,0.050000000000000044,0.41336625814437866,4.607665061950684,0.591100811958313,0.5202789306640625,0.5025234222412109,,,,dqn_icm,cartpole,dense,0.001,0.99,1,1.0
486,10.0,10,0.050000000000000044,0.177042156457901,4.402556419372559,0.33885544538497925,0.5202789306640625,0.5025234222412109,,,,dqn_icm,cartpole,dense,0.001,0.99,1,1.0
487,10.0,10,0.050000000000000044,0.546772837638855,4.784543037414551,0.695539116859436,0.5202789306640625,0.5025234222412109,,,,dqn_icm,cartpole,dense,0.001,0.99,1,1.0
488,10.0,10,0.050000000000000044,0.21596688032150269,4.286705017089844,0.3566682040691376,0.5053166151046753,0.5904780626296997,,,,dqn_icm,cartpole,dense,0.001,0.99,1,1.0
489,10.0,10,0.050000000000000044,0.2767226994037628,4.295240879058838,0.42474931478500366,0.5053166151046753,0.5904780626296997,,,,dqn_icm,cartpole,dense,0.001,0.99,1,1.0
490,10.0,10,0.050000000000000044,0.31688904762268066,4.190305233001709,0.48980608582496643,0.5053166151046753,0.5904780626296997,,,,dqn_icm,cartpole,dense,0.001,0.99,1,1.0
491,10.0,10,0.050000000000000044,0.30737149715423584,4.496898651123047,0.49446964263916016,0.5053166151046753,0.5904780626296997,,,,dqn_icm,cartpole,dense,0.001,0.99,1,1.0
492,9.0,9,0.050000000000000044,0.15202441811561584,4.452093124389648,0.3186185956001282,0.527861475944519,0.49121546745300293,,,,dqn_icm,cartpole,dense,0.001,0.99,1,1.0
493,11.0,11,0.050000000000000044,0.3748670816421509,4.277287483215332,0.5278089642524719,0.527861475944519,0.49121546745300293,,,,dqn_icm,cartpole,dense,0.001,0.99,1,1.0
494,9.0,9,0.050000000000000044,0.31981176137924194,4.5830559730529785,0.49150967597961426,0.527861475944519,0.49121546745300293,,,,dqn_icm,cartpole,dense,0.001,0.99,1,1.0
495,9.0,9,0.050000000000000044,0.20579010248184204,4.5314178466796875,0.351291298866272,0.527861475944519,0.49121546745300293,,,,dqn_icm,cartpole,dense,0.001,0.99,1,1.0
496,8.0,8,0.050000000000000044,0.38247016072273254,4.8050336837768555,0.5732009410858154,0.4809360206127167,0.6593115925788879,,,,dqn_icm,cartpole,dense,0.001,0.99,1,1.0
497,10.0,10,0.050000000000000044,0.4628182053565979,4.511444091796875,0.6422813534736633,0.4809360206127167,0.6593115925788879,,,,dqn_icm,cartpole,dense,0.001,0.99,1,1.0
498,12.0,12,0.050000000000000044,0.3119032382965088,4.455913543701172,0.47841882705688477,0.4809360206127167,0.6593115925788879,,,,dqn_icm,cartpole,dense,0.001,0.99,1,1.0
499,9.0,9,0.050000000000000044,0.1960850954055786,4.516345024108887,0.3468817472457886,0.4809360206127167,0.6593115925788879,,,,dqn_icm,cartpole,dense,0.001,0.99,1,1.0
500,9.0,9,0.050000000000000044,0.379835844039917,4.697138786315918,0.5567575693130493,0.49890580773353577,0.6106240153312683,9.5,0.5,9.5,dqn_icm,cartpole,dense,0.001,0.99,1,1.0
501,9.0,9,0.050000000000000044,0.517346978187561,4.886276721954346,0.7294905185699463,0.49890580773353577,0.6106240153312683,,,,dqn_icm,cartpole,dense,0.001,0.99,1,1.0
502,9.0,9,0.050000000000000044,0.11281368881464005,4.254260540008545,0.2605627179145813,0.49890580773353577,0.6106240153312683,,,,dqn_icm,cartpole,dense,0.001,0.99,1,1.0
503,10.0,10,0.050000000000000044,0.3484291434288025,4.522722244262695,0.5126935839653015,0.49890580773353577,0.6106240153312683,,,,dqn_icm,cartpole,dense,0.001,0.99,1,1.0
504,10.0,10,0.050000000000000044,0.10190525650978088,4.436890602111816,0.2295331358909607,0.5449936389923096,0.4623377323150635,,,,dqn_icm,cartpole,dense,0.001,0.99,1,1.0
505,10.0,10,0.050000000000000044,0.20232847332954407,4.369704246520996,0.34464120864868164,0.5449936389923096,0.4623377323150635,,,,dqn_icm,cartpole,dense,0.001,0.99,1,1.0
506,10.0,10,0.050000000000000044,0.20503482222557068,4.44748592376709,0.3408805727958679,0.5449936389923096,0.4623377323150635,,,,dqn_icm,cartpole,dense,0.001,0.99,1,1.0
507,10.0,10,0.050000000000000044,0.05094261094927788,4.206618309020996,0.1601191759109497,0.5449936389923096,0.4623377323150635,,,,dqn_icm,cartpole,dense,0.001,0.99,1,1.0
508,9.0,9,0.050000000000000044,0.20292863249778748,4.519234657287598,0.33933284878730774,0.48147377371788025,0.48448115587234497,,,,dqn_icm,cartpole,dense,0.001,0.99,1,1.0
509,10.0,10,0.050000000000000044,0.4265902042388916,4.906452178955078,0.5941565036773682,0.48147377371788025,0.48448115587234497,,,,dqn_icm,cartpole,dense,0.001,0.99,1,1.0
510,10.0,10,0.050000000000000044,0.26754212379455566,4.621987819671631,0.40669649839401245,0.48147377371788025,0.48448115587234497,,,,dqn_icm,cartpole,dense,0.001,0.99,1,1.0
511,11.0,11,0.050000000000000044,0.3001497685909271,4.397917747497559,0.4741307497024536,0.48147377371788025,0.48448115587234497,,,,dqn_icm,cartpole,dense,0.001,0.99,1,1.0
512,10.0,10,0.050000000000000044,0.23860281705856323,4.513697624206543,0.3941023349761963,0.49241533875465393,0.5870035886764526,,,,dqn_icm,cartpole,dense,0.001,0.99,1,1.0
513,9.0,9,0.050000000000000044,0.06893105059862137,4.161190509796143,0.18011251091957092,0.49241533875465393,0.5870035886764526,,,,dqn_icm,cartpole,dense,0.001,0.99,1,1.0
514,11.0,11,0.050000000000000044,0.25770413875579834,4.361347198486328,0.39007046818733215,0.49241533875465393,0.5870035886764526,,,,dqn_icm,cartpole,dense,0.001,0.99,1,1.0
515,10.0,10,0.050000000000000044,0.2242622673511505,4.507976531982422,0.37258708477020264,0.49241533875465393,0.5870035886764526,,,,dqn_icm,cartpole,dense,0.001,0.99,1,1.0
516,10.0,10,0.050000000000000044,0.3613092005252838,4.548408508300781,0.5049384832382202,0.49955010414123535,0.5770998597145081,,,,dqn_icm,cartpole,dense,0.001,0.99,1,1.0
517,10.0,10,0.050000000000000044,0.291799932718277,4.5983805656433105,0.44502148032188416,0.49955010414123535,0.5770998597145081,,,,dqn_icm,cartpole,dense,0.001,0.99,1,1.0
518,10.0,10,0.050000000000000044,0.2790650725364685,4.306282997131348,0.4097099304199219,0.49955010414123535,0.5770998597145081,,,,dqn_icm,cartpole,dense,0.001,0.99,1,1.0
519,9.0,9,0.050000000000000044,0.19407451152801514,4.334728240966797,0.344776451587677,0.49955010414123535,0.5770998597145081,,,,dqn_icm,cartpole,dense,0.001,0.99,1,1.0
520,10.0,10,0.050000000000000044,0.32383984327316284,4.601497650146484,0.5018448233604431,0.4861525297164917,0.5514310002326965,,,,dqn_icm,cartpole,dense,0.001,0.99,1,1.0
521,10.0,10,0.050000000000000044,0.397786021232605,4.792965412139893,0.5705221891403198,0.4861525297164917,0.5514310002326965,,,,dqn_icm,cartpole,dense,0.001,0.99,1,1.0
522,9.0,9,0.050000000000000044,0.20355170965194702,4.437403678894043,0.35739338397979736,0.4861525297164917,0.5514310002326965,,,,dqn_icm,cartpole,dense,0.001,0.99,1,1.0
523,10.0,10,0.050000000000000044,0.3135600686073303,4.679754257202148,0.4571777284145355,0.4861525297164917,0.5514310002326965,,,,dqn_icm,cartpole,dense,0.001,0.99,1,1.0
524,8.0,8,0.050000000000000044,0.22560670971870422,4.805835723876953,0.3811977207660675,0.4861525297164917,0.5514310002326965,,,,dqn_icm,cartpole,dense,0.001,0.99,1,1.0
525,10.0,10,0.050000000000000044,0.08228081464767456,4.497424125671387,0.22076797485351562,0.5154083967208862,0.40141844749450684,,,,dqn_icm,cartpole,dense,0.001,0.99,1,1.0
526,9.0,9,0.050000000000000044,0.25255778431892395,4.803208351135254,0.43759921193122864,0.5154083967208862,0.40141844749450684,,,,dqn_icm,cartpole,dense,0.001,0.99,1,1.0
527,9.0,9,0.050000000000000044,0.48529893159866333,4.68695068359375,0.6427186131477356,0.5154083967208862,0.40141844749450684,,,,dqn_icm,cartpole,dense,0.001,0.99,1,1.0
528,8.0,8,0.050000000000000044,0.2925792932510376,4.53918981552124,0.4523559808731079,0.5154083967208862,0.40141844749450684,,,,dqn_icm,cartpole,dense,0.001,0.99,1,1.0
529,10.0,10,0.050000000000000044,0.2626711428165436,4.60188627243042,0.41954392194747925,0.44071346521377563,0.5615909099578857,,,,dqn_icm,cartpole,dense,0.001,0.99,1,1.0
530,11.0,11,0.050000000000000044,0.31544721126556396,4.600712776184082,0.48376381397247314,0.44071346521377563,0.5615909099578857,,,,dqn_icm,cartpole,dense,0.001,0.99,1,1.0
531,9.0,9,0.050000000000000044,0.29020822048187256,4.443887710571289,0.4530709981918335,0.44071346521377563,0.5615909099578857,,,,dqn_icm,cartpole,dense,0.001,0.99,1,1.0
532,9.0,9,0.050000000000000044,0.16704294085502625,4.352731704711914,0.3055027425289154,0.44071346521377563,0.5615909099578857,,,,dqn_icm,cartpole,dense,0.001,0.99,1,1.0
533,10.0,10,0.050000000000000044,0.23938986659049988,4.512170791625977,0.34969139099121094,0.4519483745098114,0.4590522348880768,,,,dqn_icm,cartpole,dense,0.001,0.99,1,1.0
534,9.0,9,0.050000000000000044,0.3281806409358978,4.609060287475586,0.46406108140945435,0.4519483745098114,0.4590522348880768,,,,dqn_icm,cartpole,dense,0.001,0.99,1,1.0
535,11.0,11,0.050000000000000044,0.30756789445877075,4.553818702697754,0.42666542530059814,0.4519483745098114,0.4590522348880768,,,,dqn_icm,cartpole,dense,0.001,0.99,1,1.0
536,10.0,10,0.050000000000000044,0.2579443156719208,4.47794771194458,0.3749713897705078,0.4519483745098114,0.4590522348880768,,,,dqn_icm,cartpole,dense,0.001,0.99,1,1.0
537,8.0,8,0.050000000000000044,0.052278559654951096,4.216595649719238,0.1598600447177887,0.48603686690330505,0.3359396457672119,,,,dqn_icm,cartpole,dense,0.001,0.99,1,1.0
538,8.0,8,0.050000000000000044,0.262151300907135,4.7312469482421875,0.427109032869339,0.48603686690330505,0.3359396457672119,,,,dqn_icm,cartpole,dense,0.001,0.99,1,1.0
539,8.0,8,0.050000000000000044,0.3159278631210327,4.795192718505859,0.45177599787712097,0.48603686690330505,0.3359396457672119,,,,dqn_icm,cartpole,dense,0.001,0.99,1,1.0
540,10.0,10,0.050000000000000044,0.18607750535011292,4.086819648742676,0.3487626314163208,0.48603686690330505,0.3359396457672119,,,,dqn_icm,cartpole,dense,0.001,0.99,1,1.0
541,10.0,10,0.050000000000000044,0.31855398416519165,4.637151718139648,0.4779846668243408,0.48603686690330505,0.3359396457672119,,,,dqn_icm,cartpole,dense,0.001,0.99,1,1.0
542,10.0,10,0.050000000000000044,0.23767989873886108,4.81577205657959,0.4197428524494171,0.44121965765953064,0.7377071380615234,,,,dqn_icm,cartpole,dense,0.001,0.99,1,1.0
543,10.0,10,0.050000000000000044,0.1573902815580368,4.310572624206543,0.30135414004325867,0.44121965765953064,0.7377071380615234,,,,dqn_icm,cartpole,dense,0.001,0.99,1,1.0
544,10.0,10,0.050000000000000044,0.28285765647888184,4.639113426208496,0.4727470874786377,0.44121965765953064,0.7377071380615234,,,,dqn_icm,cartpole,dense,0.001,0.99,1,1.0
545,10.0,10,0.050000000000000044,0.16864633560180664,4.354270935058594,0.29813340306282043,0.44121965765953064,0.7377071380615234,,,,dqn_icm,cartpole,dense,0.001,0.99,1,1.0
546,8.0,8,0.050000000000000044,0.15909621119499207,4.419172286987305,0.2947993278503418,0.5379497408866882,0.48685407638549805,,,,dqn_icm,cartpole,dense,0.001,0.99,1,1.0
547,9.0,9,0.050000000000000044,0.3709043860435486,4.395874977111816,0.5454256534576416,0.5379497408866882,0.48685407638549805,,,,dqn_icm,cartpole,dense,0.001,0.99,1,1.0
548,10.0,10,0.050000000000000044,0.3616030216217041,4.633512496948242,0.5457465648651123,0.5379497408866882,0.48685407638549805,,,,dqn_icm,cartpole,dense,0.001,0.99,1,1.0
549,9.0,9,0.050000000000000044,0.15483757853507996,4.535301208496094,0.27734625339508057,0.5379497408866882,0.48685407638549805,,,,dqn_icm,cartpole,dense,0.001,0.99,1,1.0
550,10.0,10,0.050000000000000044,0.49067381024360657,4.794637680053711,0.6747640371322632,0.47511956095695496,0.5914617776870728,9.5,0.5,9.5,dqn_icm,cartpole,dense,0.001,0.99,1,1.0
551,10.0,10,0.050000000000000044,0.4064815938472748,4.666474342346191,0.5839120149612427,0.47511956095695496,0.5914617776870728,,,,dqn_icm,cartpole,dense,0.001,0.99,1,1.0
552,9.0,9,0.050000000000000044,0.15259313583374023,4.4298248291015625,0.2988244295120239,0.47511956095695496,0.5914617776870728,,,,dqn_icm,cartpole,dense,0.001,0.99,1,1.0
553,9.0,9,0.050000000000000044,0.27837127447128296,4.359502792358398,0.45503079891204834,0.47511956095695496,0.5914617776870728,,,,dqn_icm,cartpole,dense,0.001,0.99,1,1.0
554,9.0,9,0.050000000000000044,0.27640390396118164,4.459075450897217,0.4391028881072998,0.47511956095695496,0.5914617776870728,,,,dqn_icm,cartpole,dense,0.001,0.99,1,1.0
555,8.0,8,0.050000000000000044,0.20742157101631165,4.383089065551758,0.3450208306312561,0.4822086691856384,0.4430045783519745,,,,dqn_icm,cartpole,dense,0.001,0.99,1,1.0
556,9.0,9,0.050000000000000044,0.15388193726539612,4.342766284942627,0.3000105917453766,0.4822086691856384,0.4430045783519745,,,,dqn_icm,cartpole,dense,0.001,0.99,1,1.0
557,9.0,9,0.050000000000000044,0.30929821729660034,4.390805721282959,0.5198559761047363,0.4822086691856384,0.4430045783519745,,,,dqn_icm,cartpole,dense,0.001,0.99,1,1.0
558,10.0,10,0.050000000000000044,0.38277947902679443,4.22600793838501,0.5317773222923279,0.4822086691856384,0.4430045783519745,,,,dqn_icm,cartpole,dense,0.001,0.99,1,1.0
559,12.0,12,0.050000000000000044,0.25906482338905334,4.387054443359375,0.4262200593948364,0.47909432649612427,0.44935739040374756,,,,dqn_icm,cartpole,dense,0.001,0.99,1,1.0
560,9.0,9,0.050000000000000044,0.39304548501968384,4.708860397338867,0.6033765077590942,0.47909432649612427,0.44935739040374756,,,,dqn_icm,cartpole,dense,0.001,0.99,1,1.0
561,12.0,12,0.050000000000000044,0.17005029320716858,4.20247745513916,0.3372258245944977,0.47909432649612427,0.44935739040374756,,,,dqn_icm,cartpole,dense,0.001,0.99,1,1.0
562,10.0,10,0.050000000000000044,0.20497047901153564,4.63419246673584,0.36339858174324036,0.47909432649612427,0.44935739040374756,,,,dqn_icm,cartpole,dense,0.001,0.99,1,1.0
563,8.0,8,0.050000000000000044,0.15179328620433807,4.174027442932129,0.2890452444553375,0.4989142417907715,0.47586679458618164,,,,dqn_icm,cartpole,dense,0.001,0.99,1,1.0
564,8.0,8,0.050000000000000044,0.07704128324985504,4.514058589935303,0.19348058104515076,0.4989142417907715,0.47586679458618164,,,,dqn_icm,cartpole,dense,0.001,0.99,1,1.0
565,10.0,10,0.050000000000000044,0.3915882706642151,4.5894293785095215,0.5732120871543884,0.4989142417907715,0.47586679458618164,,,,dqn_icm,cartpole,dense,0.001,0.99,1,1.0
566,11.0,11,0.050000000000000044,0.2552136182785034,4.7773332595825195,0.4118829369544983,0.4989142417907715,0.47586679458618164,,,,dqn_icm,cartpole,dense,0.001,0.99,1,1.0
567,11.0,11,0.050000000000000044,0.2862471640110016,4.310982704162598,0.42258232831954956,0.4579485356807709,0.5566830635070801,,,,dqn_icm,cartpole,dense,0.001,0.99,1,1.0
568,10.0,10,0.050000000000000044,0.3910740613937378,4.71885871887207,0.5482667684555054,0.4579485356807709,0.5566830635070801,,,,dqn_icm,cartpole,dense,0.001,0.99,1,1.0
569,9.0,9,0.050000000000000044,0.2811546325683594,4.592284202575684,0.45736920833587646,0.4579485356807709,0.5566830635070801,,,,dqn_icm,cartpole,dense,0.001,0.99,1,1.0
570,9.0,9,0.050000000000000044,0.24592944979667664,4.170352935791016,0.4068267345428467,0.4579485356807709,0.5566830635070801,,,,dqn_icm,cartpole,dense,0.001,0.99,1,1.0
571,10.0,10,0.050000000000000044,0.2617722749710083,4.365143775939941,0.43818700313568115,0.49367961287498474,0.5308614373207092,,,,dqn_icm,cartpole,dense,0.001,0.99,1,1.0
572,8.0,8,0.050000000000000044,0.2675960063934326,4.596306800842285,0.43946313858032227,0.49367961287498474,0.5308614373207092,,,,dqn_icm,cartpole,dense,0.001,0.99,1,1.0
573,8.0,8,0.050000000000000044,0.35551637411117554,4.579004287719727,0.5177965760231018,0.49367961287498474,0.5308614373207092,,,,dqn_icm,cartpole,dense,0.001,0.99,1,1.0
574,10.0,10,0.050000000000000044,0.2474370002746582,4.417929649353027,0.40836936235427856,0.49367961287498474,0.5308614373207092,,,,dqn_icm,cartpole,dense,0.001,0.99,1,1.0
575,9.0,9,0.050000000000000044,0.4344210624694824,4.627123832702637,0.6135722398757935,0.49367961287498474,0.5308614373207092,,,,dqn_icm,cartpole,dense,0.001,0.99,1,1.0
576,10.0,10,0.050000000000000044,0.9111083745956421,4.434272289276123,1.4075621366500854,0.4959362745285034,0.49199047684669495,,,,dqn_icm,cartpole,dense,0.001,0.99,1,1.0
577,10.0,10,0.050000000000000044,0.798882246017456,5.23023796081543,1.2653794288635254,0.4959362745285034,0.49199047684669495,,,,dqn_icm,cartpole,dense,0.001,0.99,1,1.0
578,8.0,8,0.050000000000000044,0.5947080850601196,6.372115135192871,0.8620114326477051,0.4959362745285034,0.49199047684669495,,,,dqn_icm,cartpole,dense,0.001,0.99,1,1.0
579,13.0,13,0.050000000000000044,0.7643031477928162,6.9114556312561035,1.1761488914489746,0.39996737241744995,0.48160091042518616,,,,dqn_icm,cartpole,dense,0.001,0.99,1,1.0
580,10.0,10,0.050000000000000044,0.6318098306655884,6.4906816482543945,0.9723806977272034,0.39996737241744995,0.48160091042518616,,,,dqn_icm,cartpole,dense,0.001,0.99,1,1.0
581,10.0,10,0.050000000000000044,0.8614267706871033,6.34663200378418,1.140855073928833,0.39996737241744995,0.48160091042518616,,,,dqn_icm,cartpole,dense,0.001,0.99,1,1.0
582,9.0,9,0.050000000000000044,0.36863142251968384,5.362855434417725,0.6323530673980713,0.39996737241744995,0.48160091042518616,,,,dqn_icm,cartpole,dense,0.001,0.99,1,1.0
583,9.0,9,0.050000000000000044,0.6052371263504028,5.776601791381836,0.978745698928833,0.39996737241744995,0.48160091042518616,,,,dqn_icm,cartpole,dense,0.001,0.99,1,1.0
584,9.0,9,0.050000000000000044,0.3616373538970947,5.593747138977051,0.6475637555122375,0.4018804728984833,0.6758099794387817,,,,dqn_icm,cartpole,dense,0.001,0.99,1,1.0
585,9.0,9,0.050000000000000044,0.6704674959182739,6.311890602111816,0.8789646029472351,0.4018804728984833,0.6758099794387817,,,,dqn_icm,cartpole,dense,0.001,0.99,1,1.0
586,10.0,10,0.050000000000000044,0.26463115215301514,6.094196319580078,0.5132271647453308,0.4018804728984833,0.6758099794387817,,,,dqn_icm,cartpole,dense,0.001,0.99,1,1.0
587,10.0,10,0.050000000000000044,0.21474125981330872,6.079228401184082,0.4338606297969818,0.4018804728984833,0.6758099794387817,,,,dqn_icm,cartpole,dense,0.001,0.99,1,1.0
588,9.0,9,0.050000000000000044,0.3072521686553955,6.2023210525512695,0.5034117102622986,0.41627293825149536,0.5475726127624512,,,,dqn_icm,cartpole,dense,0.001,0.99,1,1.0
589,12.0,12,0.050000000000000044,0.40372127294540405,5.865569114685059,0.5944331884384155,0.41627293825149536,0.5475726127624512,,,,dqn_icm,cartpole,dense,0.001,0.99,1,1.0
590,10.0,10,0.050000000000000044,0.6703224182128906,6.166193008422852,0.8966176509857178,0.41627293825149536,0.5475726127624512,,,,dqn_icm,cartpole,dense,0.001,0.99,1,1.0
591,10.0,10,0.050000000000000044,0.4384452700614929,6.067564487457275,0.6058087348937988,0.41627293825149536,0.5475726127624512,,,,dqn_icm,cartpole,dense,0.001,0.99,1,1.0
592,10.0,10,0.050000000000000044,0.21655669808387756,5.914141654968262,0.3812452554702759,0.4039488136768341,0.467872679233551,,,,dqn_icm,cartpole,dense,0.001,0.99,1,1.0
593,10.0,10,0.050000000000000044,0.6542485356330872,6.103154182434082,0.8378463387489319,0.4039488136768341,0.467872679233551,,,,dqn_icm,cartpole,dense,0.001,0.99,1,1.0
594,9.0,9,0.050000000000000044,0.4813072085380554,6.697869300842285,0.6277459263801575,0.4039488136768341,0.467872679233551,,,,dqn_icm,cartpole,dense,0.001,0.99,1,1.0
595,10.0,10,0.050000000000000044,0.22806131839752197,6.389504432678223,0.40569230914115906,0.4039488136768341,0.467872679233551,,,,dqn_icm,cartpole,dense,0.001,0.99,1,1.0
596,10.0,10,0.050000000000000044,0.24326390027999878,5.840657711029053,0.4140828847885132,0.4578278064727783,0.41559597849845886,,,,dqn_icm,cartpole,dense,0.001,0.99,1,1.0
597,10.0,10,0.050000000000000044,0.29886266589164734,5.836190223693848,0.459275484085083,0.4578278064727783,0.41559597849845886,,,,dqn_icm,cartpole,dense,0.001,0.99,1,1.0
598,12.0,12,0.050000000000000044,0.4309309720993042,6.240913391113281,0.5934502482414246,0.4578278064727783,0.41559597849845886,,,,dqn_icm,cartpole,dense,0.001,0.99,1,1.0
599,9.0,9,0.050000000000000044,0.2971327304840088,6.558566093444824,0.46087852120399475,0.4578278064727783,0.41559597849845886,,,,dqn_icm,cartpole,dense,0.001,0.99,1,1.0
600,10.0,10,0.050000000000000044,0.36832624673843384,6.3722076416015625,0.5144554376602173,0.4313924312591553,0.5123071074485779,9.5,0.5,9.5,dqn_icm,cartpole,dense,0.001,0.99,1,1.0
601,9.0,9,0.050000000000000044,0.6078494191169739,6.296034812927246,0.7577661871910095,0.4313924312591553,0.5123071074485779,,,,dqn_icm,cartpole,dense,0.001,0.99,1,1.0
602,9.0,9,0.050000000000000044,0.2971985638141632,6.018221378326416,0.42038634419441223,0.4313924312591553,0.5123071074485779,,,,dqn_icm,cartpole,dense,0.001,0.99,1,1.0
603,12.0,12,0.050000000000000044,0.5101870894432068,6.053542137145996,0.706210196018219,0.4313924312591553,0.5123071074485779,,,,dqn_icm,cartpole,dense,0.001,0.99,1,1.0
604,9.0,9,0.050000000000000044,0.43496090173721313,6.224051475524902,0.6328374147415161,0.513090968132019,0.3462681770324707,,,,dqn_icm,cartpole,dense,0.001,0.99,1,1.0
605,8.0,8,0.050000000000000044,0.652429461479187,6.1524434089660645,0.8387741446495056,0.513090968132019,0.3462681770324707,,,,dqn_icm,cartpole,dense,0.001,0.99,1,1.0
606,10.0,10,0.050000000000000044,0.43548282980918884,6.398778915405273,0.6091572642326355,0.513090968132019,0.3462681770324707,,,,dqn_icm,cartpole,dense,0.001,0.99,1,1.0
607,12.0,12,0.050000000000000044,0.3603838384151459,6.215370178222656,0.5341022610664368,0.513090968132019,0.3462681770324707,,,,dqn_icm,cartpole,dense,0.001,0.99,1,1.0
608,13.0,13,0.050000000000000044,0.41744762659072876,6.092572212219238,0.5930514335632324,0.5009686350822449,0.5112361907958984,,,,dqn_icm,cartpole,dense,0.001,0.99,1,1.0
609,10.0,10,0.050000000000000044,0.4215017259120941,6.015431880950928,0.5966917872428894,0.5009686350822449,0.5112361907958984,,,,dqn_icm,cartpole,dense,0.001,0.99,1,1.0
610,9.0,9,0.050000000000000044,0.3217647075653076,6.009904861450195,0.499207466840744,0.5009686350822449,0.5112361907958984,,,,dqn_icm,cartpole,dense,0.001,0.99,1,1.0
611,10.0,10,0.050000000000000044,0.1669827401638031,5.848166465759277,0.3200274705886841,0.5009686350822449,0.5112361907958984,,,,dqn_icm,cartpole,dense,0.001,0.99,1,1.0
612,10.0,10,0.050000000000000044,0.16442206501960754,6.468559265136719,0.3352619707584381,0.4368802607059479,0.5323373079299927,,,,dqn_icm,cartpole,dense,0.001,0.99,1,1.0
613,8.0,8,0.050000000000000044,0.4098116159439087,6.352799415588379,0.5985455513000488,0.4368802607059479,0.5323373079299927,,,,dqn_icm,cartpole,dense,0.001,0.99,1,1.0
614,11.0,11,0.050000000000000044,0.4287300109863281,6.271754264831543,0.5965049266815186,0.4368802607059479,0.5323373079299927,,,,dqn_icm,cartpole,dense,0.001,0.99,1,1.0
615,11.0,11,0.050000000000000044,0.3946821093559265,6.391007423400879,0.5369371175765991,0.4368802607059479,0.5323373079299927,,,,dqn_icm,cartpole,dense,0.001,0.99,1,1.0
616,9.0,9,0.050000000000000044,1.2211713790893555,6.185504913330078,1.4669122695922852,0.42557448148727417,0.44884294271469116,,,,dqn_icm,cartpole,dense,0.001,0.99,1,1.0
617,9.0,9,0.050000000000000044,0.6594322919845581,5.698490619659424,0.9079129695892334,0.42557448148727417,0.44884294271469116,,,,dqn_icm,cartpole,dense,0.001,0.99,1,1.0
618,8.0,8,0.050000000000000044,0.27007636427879333,5.846706390380859,0.5021155476570129,0.42557448148727417,0.44884294271469116,,,,dqn_icm,cartpole,dense,0.001,0.99,1,1.0
619,12.0,12,0.050000000000000044,0.20646026730537415,5.502409934997559,0.3570172190666199,0.42557448148727417,0.44884294271469116,,,,dqn_icm,cartpole,dense,0.001,0.99,1,1.0
620,9.0,9,0.050000000000000044,0.4634658694267273,6.065079212188721,0.6444237232208252,0.4568769931793213,0.3876444697380066,,,,dqn_icm,cartpole,dense,0.001,0.99,1,1.0
621,10.0,10,0.050000000000000044,0.5820322036743164,6.663777828216553,0.7751889228820801,0.4568769931793213,0.3876444697380066,,,,dqn_icm,cartpole,dense,0.001,0.99,1,1.0
622,10.0,10,0.050000000000000044,0.6984643936157227,6.438403129577637,0.883327305316925,0.4568769931793213,0.3876444697380066,,,,dqn_icm,cartpole,dense,0.001,0.99,1,1.0
623,10.0,10,0.050000000000000044,0.8064953088760376,6.425154685974121,0.9999898672103882,0.4568769931793213,0.3876444697380066,,,,dqn_icm,cartpole,dense,0.001,0.99,1,1.0
624,10.0,10,0.050000000000000044,0.4011215567588806,6.279858589172363,0.6155797243118286,0.3711751103401184,0.45026612281799316,,,,dqn_icm,cartpole,dense,0.001,0.99,1,1.0
625,8.0,8,0.050000000000000044,0.8463631868362427,6.344438552856445,1.0475373268127441,0.3711751103401184,0.45026612281799316,,,,dqn_icm,cartpole,dense,0.001,0.99,1,1.0
626,9.0,9,0.050000000000000044,0.6050493121147156,6.420839309692383,0.8245024085044861,0.3711751103401184,0.45026612281799316,,,,dqn_icm,cartpole,dense,0.001,0.99,1,1.0
627,10.0,10,0.050000000000000044,0.30143916606903076,6.179905891418457,0.4595939517021179,0.3711751103401184,0.45026612281799316,,,,dqn_icm,cartpole,dense,0.001,0.99,1,1.0
628,8.0,8,0.050000000000000044,0.28416526317596436,6.097448825836182,0.4373026490211487,0.3951103389263153,0.3833499550819397,,,,dqn_icm,cartpole,dense,0.001,0.99,1,1.0
629,10.0,10,0.050000000000000044,0.5709758996963501,6.590216159820557,0.753337025642395,0.3951103389263153,0.3833499550819397,,,,dqn_icm,cartpole,dense,0.001,0.99,1,1.0
630,10.0,10,0.050000000000000044,0.2806415557861328,6.197649955749512,0.4482744336128235,0.3951103389263153,0.3833499550819397,,,,dqn_icm,cartpole,dense,0.001,0.99,1,1.0
631,10.0,10,0.050000000000000044,0.12443846464157104,5.75051212310791,0.2870039939880371,0.3951103389263153,0.3833499550819397,,,,dqn_icm,cartpole,dense,0.001,0.99,1,1.0
632,10.0,10,0.050000000000000044,0.435982882976532,5.950273036956787,0.6293087005615234,0.4725489020347595,0.44605112075805664,,,,dqn_icm,cartpole,dense,0.001,0.99,1,1.0
633,10.0,10,0.050000000000000044,0.28144705295562744,5.931858062744141,0.43093597888946533,0.4725489020347595,0.44605112075805664,,,,dqn_icm,cartpole,dense,0.001,0.99,1,1.0
634,9.0,9,0.050000000000000044,0.33386969566345215,5.847436904907227,0.47110438346862793,0.4725489020347595,0.44605112075805664,,,,dqn_icm,cartpole,dense,0.001,0.99,1,1.0
635,8.0,8,0.050000000000000044,0.4090685248374939,5.903202533721924,0.5630438327789307,0.4725489020347595,0.44605112075805664,,,,dqn_icm,cartpole,dense,0.001,0.99,1,1.0
636,10.0,10,0.050000000000000044,0.4477860629558563,6.155213356018066,0.5912684202194214,0.4725489020347595,0.44605112075805664,,,,dqn_icm,cartpole,dense,0.001,0.99,1,1.0
637,10.0,10,0.050000000000000044,0.31855401396751404,6.272157669067383,0.4558001458644867,0.45511341094970703,0.44968926906585693,,,,dqn_icm,cartpole,dense,0.001,0.99,1,1.0
638,9.0,9,0.050000000000000044,0.4664117395877838,5.8941755294799805,0.6252440810203552,0.45511341094970703,0.44968926906585693,,,,dqn_icm,cartpole,dense,0.001,0.99,1,1.0
639,10.0,10,0.050000000000000044,0.39604252576828003,5.669085502624512,0.5645190477371216,0.45511341094970703,0.44968926906585693,,,,dqn_icm,cartpole,dense,0.001,0.99,1,1.0
640,9.0,9,0.050000000000000044,0.26586034893989563,5.505675315856934,0.43249255418777466,0.45511341094970703,0.44968926906585693,,,,dqn_icm,cartpole,dense,0.001,0.99,1,1.0
641,10.0,10,0.050000000000000044,0.6005977988243103,6.325243949890137,0.8066359758377075,0.4139067828655243,0.49773114919662476,,,,dqn_icm,cartpole,dense,0.001,0.99,1,1.0
642,10.0,10,0.050000000000000044,0.4300861656665802,6.058718204498291,0.584279477596283,0.4139067828655243,0.49773114919662476,,,,dqn_icm,cartpole,dense,0.001,0.99,1,1.0
643,8.0,8,0.050000000000000044,0.2419404834508896,5.87453556060791,0.3899157643318176,0.4139067828655243,0.49773114919662476,,,,dqn_icm,cartpole,dense,0.001,0.99,1,1.0
644,10.0,10,0.050000000000000044,0.4753734767436981,5.775800704956055,0.6333621740341187,0.4139067828655243,0.49773114919662476,,,,dqn_icm,cartpole,dense,0.001,0.99,1,1.0
645,9.0,9,0.050000000000000044,0.5562506914138794,6.171407699584961,0.727352499961853,0.3453638255596161,0.44262421131134033,,,,dqn_icm,cartpole,dense,0.001,0.99,1,1.0
646,9.0,9,0.050000000000000044,0.39478087425231934,5.8681817054748535,0.5983299612998962,0.3453638255596161,0.44262421131134033,,,,dqn_icm,cartpole,dense,0.001,0.99,1,1.0
647,10.0,10,0.050000000000000044,0.553459107875824,6.071179389953613,0.7427778244018555,0.3453638255596161,0.44262421131134033,,,,dqn_icm,cartpole,dense,0.001,0.99,1,1.0
648,11.0,11,0.050000000000000044,0.5158902406692505,6.261150360107422,0.6976850628852844,0.3453638255596161,0.44262421131134033,,,,dqn_icm,cartpole,dense,0.001,0.99,1,1.0
649,10.0,10,0.050000000000000044,0.3088642358779907,6.047993183135986,0.5362618565559387,0.5346134305000305,0.4508071839809418,,,,dqn_icm,cartpole,dense,0.001,0.99,1,1.0
650,9.0,9,0.050000000000000044,0.3418635427951813,6.247668266296387,0.5371503829956055,0.5346134305000305,0.4508071839809418,9.5,0.5,9.5,dqn_icm,cartpole,dense,0.001,0.99,1,1.0
651,10.0,10,0.050000000000000044,0.1271015852689743,6.042673110961914,0.27216723561286926,0.5346134305000305,0.4508071839809418,,,,dqn_icm,cartpole,dense,0.001,0.99,1,1.0
652,9.0,9,0.050000000000000044,0.4583111107349396,5.898279666900635,0.6242290735244751,0.5346134305000305,0.4508071839809418,,,,dqn_icm,cartpole,dense,0.001,0.99,1,1.0
653,10.0,10,0.050000000000000044,0.5787949562072754,5.958483695983887,0.7926565408706665,0.361894816160202,0.48975712060928345,,,,dqn_icm,cartpole,dense,0.001,0.99,1,1.0
654,9.0,9,0.050000000000000044,0.4999096989631653,6.110396385192871,0.6764375567436218,0.361894816160202,0.48975712060928345,,,,dqn_icm,cartpole,dense,0.001,0.99,1,1.0
655,9.0,9,0.050000000000000044,0.2144346535205841,5.844124794006348,0.36313551664352417,0.361894816160202,0.48975712060928345,,,,dqn_icm,cartpole,dense,0.001,0.99,1,1.0
656,9.0,9,0.050000000000000044,0.32403498888015747,6.492338180541992,0.49276697635650635,0.361894816160202,0.48975712060928345,,,,dqn_icm,cartpole,dense,0.001,0.99,1,1.0
657,9.0,9,0.050000000000000044,0.4972313344478607,6.26704740524292,0.6889476180076599,0.361894816160202,0.48975712060928345,,,,dqn_icm,cartpole,dense,0.001,0.99,1,1.0
658,9.0,9,0.050000000000000044,0.4062884449958801,6.20018196105957,0.5587022304534912,0.39383241534233093,0.43270379304885864,,,,dqn_icm,cartpole,dense,0.001,0.99,1,1.0
659,10.0,10,0.050000000000000044,0.2693878412246704,6.011605262756348,0.3961626887321472,0.39383241534233093,0.43270379304885864,,,,dqn_icm,cartpole,dense,0.001,0.99,1,1.0
660,9.0,9,0.050000000000000044,0.6416844129562378,6.45338249206543,0.8307403326034546,0.39383241534233093,0.43270379304885864,,,,dqn_icm,cartpole,dense,0.001,0.99,1,1.0
661,10.0,10,0.050000000000000044,0.5274988412857056,6.2992072105407715,0.6933651566505432,0.39383241534233093,0.43270379304885864,,,,dqn_icm,cartpole,dense,0.001,0.99,1,1.0
662,9.0,9,0.050000000000000044,0.30994924902915955,5.86653995513916,0.45119714736938477,0.3627382516860962,0.31098294258117676,,,,dqn_icm,cartpole,dense,0.001,0.99,1,1.0
663,15.0,15,0.050000000000000044,0.6684050559997559,5.763340950012207,0.8540875911712646,0.3627382516860962,0.31098294258117676,,,,dqn_icm,cartpole,dense,0.001,0.99,1,1.0
664,9.0,9,0.050000000000000044,0.15152990818023682,6.042026042938232,0.28203290700912476,0.3627382516860962,0.31098294258117676,,,,dqn_icm,cartpole,dense,0.001,0.99,1,1.0
665,10.0,10,0.050000000000000044,0.36819496750831604,6.278322219848633,0.5486423373222351,0.3627382516860962,0.31098294258117676,,,,dqn_icm,cartpole,dense,0.001,0.99,1,1.0
666,10.0,10,0.050000000000000044,0.38711410760879517,5.847170829772949,0.5595248937606812,0.37288397550582886,0.37072014808654785,,,,dqn_icm,cartpole,dense,0.001,0.99,1,1.0
667,11.0,11,0.050000000000000044,0.528557538986206,6.1206865310668945,0.6869754791259766,0.37288397550582886,0.37072014808654785,,,,dqn_icm,cartpole,dense,0.001,0.99,1,1.0
668,9.0,9,0.050000000000000044,0.3508085012435913,6.196895599365234,0.5164036154747009,0.37288397550582886,0.37072014808654785,,,,dqn_icm,cartpole,dense,0.001,0.99,1,1.0
669,10.0,10,0.050000000000000044,0.4253278374671936,6.119744300842285,0.593192458152771,0.37288397550582886,0.37072014808654785,,,,dqn_icm,cartpole,dense,0.001,0.99,1,1.0
670,10.0,10,0.050000000000000044,0.5021719932556152,6.197434425354004,0.670217752456665,0.39908280968666077,0.3181205987930298,,,,dqn_icm,cartpole,dense,0.001,0.99,1,1.0
671,10.0,10,0.050000000000000044,0.3199659287929535,5.969137668609619,0.4814349412918091,0.39908280968666077,0.3181205987930298,,,,dqn_icm,cartpole,dense,0.001,0.99,1,1.0
672,10.0,10,0.050000000000000044,0.3775252103805542,5.922005653381348,0.5158548355102539,0.39908280968666077,0.3181205987930298,,,,dqn_icm,cartpole,dense,0.001,0.99,1,1.0
673,13.0,13,0.050000000000000044,0.6281144618988037,5.977646827697754,0.7813605070114136,0.41527584195137024,0.37450677156448364,,,,dqn_icm,cartpole,dense,0.001,0.99,1,1.0
674,10.0,10,0.050000000000000044,0.698089599609375,6.173042297363281,0.9038518667221069,0.41527584195137024,0.37450677156448364,,,,dqn_icm,cartpole,dense,0.001,0.99,1,1.0
675,10.0,10,0.050000000000000044,0.2692906856536865,6.149684906005859,0.41745781898498535,0.41527584195137024,0.37450677156448364,,,,dqn_icm,cartpole,dense,0.001,0.99,1,1.0
676,10.0,10,0.050000000000000044,0.29849469661712646,5.7555999755859375,0.44734278321266174,0.41527584195137024,0.37450677156448364,,,,dqn_icm,cartpole,dense,0.001,0.99,1,1.0
677,9.0,9,0.050000000000000044,0.23547428846359253,6.308676719665527,0.3958666920661926,0.41527584195137024,0.37450677156448364,,,,dqn_icm,cartpole,dense,0.001,0.99,1,1.0
678,10.0,10,0.050000000000000044,0.5273339152336121,6.174136161804199,0.7152959704399109,0.3549424409866333,0.3547421097755432,,,,dqn_icm,cartpole,dense,0.001,0.99,1,1.0
679,11.0,11,0.050000000000000044,0.3398754298686981,6.121193885803223,0.5280526876449585,0.3549424409866333,0.3547421097755432,,,,dqn_icm,cartpole,dense,0.001,0.99,1,1.0
680,10.0,10,0.050000000000000044,0.3074119985103607,6.172878265380859,0.46679478883743286,0.3549424409866333,0.3547421097755432,,,,dqn_icm,cartpole,dense,0.001,0.99,1,1.0
681,12.0,12,0.050000000000000044,0.34352320432662964,6.274089336395264,0.4828489422798157,0.4392022490501404,0.3830045163631439,,,,dqn_icm,cartpole,dense,0.001,0.99,1,1.0
682,11.0,11,0.050000000000000044,0.4875892996788025,6.407198905944824,0.6431145668029785,0.4392022490501404,0.3830045163631439,,,,dqn_icm,cartpole,dense,0.001,0.99,1,1.0
683,11.0,11,0.050000000000000044,0.19763895869255066,5.943628311157227,0.33563628792762756,0.4392022490501404,0.3830045163631439,,,,dqn_icm,cartpole,dense,0.001,0.99,1,1.0
684,10.0,10,0.050000000000000044,0.27092838287353516,5.887806415557861,0.37874430418014526,0.4392022490501404,0.3830045163631439,,,,dqn_icm,cartpole,dense,0.001,0.99,1,1.0
685,10.0,10,0.050000000000000044,0.5361710786819458,5.8621931076049805,0.6808446645736694,0.35363978147506714,0.4765705168247223,,,,dqn_icm,cartpole,dense,0.001,0.99,1,1.0
686,10.0,10,0.050000000000000044,0.2409108281135559,5.7691545486450195,0.4177931845188141,0.35363978147506714,0.4765705168247223,,,,dqn_icm,cartpole,dense,0.001,0.99,1,1.0
687,10.0,10,0.050000000000000044,0.33938610553741455,5.857948303222656,0.5185346007347107,0.35363978147506714,0.4765705168247223,,,,dqn_icm,cartpole,dense,0.001,0.99,1,1.0
688,10.0,10,0.050000000000000044,0.698799729347229,6.055776119232178,0.8964165449142456,0.35363978147506714,0.4765705168247223,,,,dqn_icm,cartpole,dense,0.001,0.99,1,1.0
689,11.0,11,0.050000000000000044,0.46444618701934814,6.134551048278809,0.6210401058197021,0.4060653746128082,0.3367404043674469,,,,dqn_icm,cartpole,dense,0.001,0.99,1,1.0
690,9.0,9,0.050000000000000044,0.24356025457382202,6.630679130554199,0.4321480095386505,0.4060653746128082,0.3367404043674469,,,,dqn_icm,cartpole,dense,0.001,0.99,1,1.0
691,9.0,9,0.050000000000000044,0.3805398941040039,6.246584415435791,0.5576845407485962,0.4060653746128082,0.3367404043674469,,,,dqn_icm,cartpole,dense,0.001,0.99,1,1.0
692,10.0,10,0.050000000000000044,0.47303664684295654,5.918392181396484,0.6417145133018494,0.4060653746128082,0.3367404043674469,,,,dqn_icm,cartpole,dense,0.001,0.99,1,1.0
693,8.0,8,0.050000000000000044,0.6425439119338989,6.191760063171387,0.8218469619750977,0.35371124744415283,0.4217308759689331,,,,dqn_icm,cartpole,dense,0.001,0.99,1,1.0
694,10.0,10,0.050000000000000044,0.30551081895828247,6.189455032348633,0.4752117991447449,0.35371124744415283,0.4217308759689331,,,,dqn_icm,cartpole,dense,0.001,0.99,1,1.0
695,10.0,10,0.050000000000000044,0.3614019751548767,6.19447660446167,0.53876131772995,0.35371124744415283,0.4217308759689331,,,,dqn_icm,cartpole,dense,0.001,0.99,1,1.0
696,10.0,10,0.050000000000000044,0.2711254954338074,6.291319847106934,0.4416440725326538,0.35371124744415283,0.4217308759689331,,,,dqn_icm,cartpole,dense,0.001,0.99,1,1.0
697,9.0,9,0.050000000000000044,0.9014631509780884,7.036041259765625,1.1385583877563477,0.32921352982521057,0.48619335889816284,,,,dqn_icm,cartpole,dense,0.001,0.99,1,1.0
698,9.0,9,0.050000000000000044,0.41348791122436523,6.276912689208984,0.5603582262992859,0.32921352982521057,0.48619335889816284,,,,dqn_icm,cartpole,dense,0.001,0.99,1,1.0
699,9.0,9,0.050000000000000044,0.3245287239551544,5.847482681274414,0.45781219005584717,0.32921352982521057,0.48619335889816284,,,,dqn_icm,cartpole,dense,0.001,0.99,1,1.0
700,10.0,10,0.050000000000000044,0.28041765093803406,5.734567642211914,0.46258312463760376,0.32921352982521057,0.48619335889816284,9.5,0.5,9.5,dqn_icm,cartpole,dense,0.001,0.99,1,1.0
701,9.0,9,0.050000000000000044,0.6169186234474182,6.324384689331055,0.8703020811080933,0.32921352982521057,0.48619335889816284,,,,dqn_icm,cartpole,dense,0.001,0.99,1,1.0
702,10.0,10,0.050000000000000044,0.4258154332637787,5.892668724060059,0.608755350112915,0.3967441916465759,0.44586336612701416,,,,dqn_icm,cartpole,dense,0.001,0.99,1,1.0
703,9.0,9,0.050000000000000044,0.4526505470275879,5.864581108093262,0.608146607875824,0.3967441916465759,0.44586336612701416,,,,dqn_icm,cartpole,dense,0.001,0.99,1,1.0
704,9.0,9,0.050000000000000044,0.4422515332698822,6.338545322418213,0.6051651239395142,0.3967441916465759,0.44586336612701416,,,,dqn_icm,cartpole,dense,0.001,0.99,1,1.0
705,10.0,10,0.050000000000000044,0.47854486107826233,6.3990702629089355,0.6983701586723328,0.3967441916465759,0.44586336612701416,,,,dqn_icm,cartpole,dense,0.001,0.99,1,1.0
706,11.0,11,0.050000000000000044,0.5120134353637695,6.189745903015137,0.6787881255149841,0.37808510661125183,0.33775854110717773,,,,dqn_icm,cartpole,dense,0.001,0.99,1,1.0
707,10.0,10,0.050000000000000044,0.3427368998527527,6.262626647949219,0.5151544213294983,0.37808510661125183,0.33775854110717773,,,,dqn_icm,cartpole,dense,0.001,0.99,1,1.0
708,8.0,8,0.050000000000000044,0.3000045120716095,6.062307357788086,0.44154903292655945,0.37808510661125183,0.33775854110717773,,,,dqn_icm,cartpole,dense,0.001,0.99,1,1.0
709,10.0,10,0.050000000000000044,0.5074545741081238,6.540706157684326,0.6790963411331177,0.37808510661125183,0.33775854110717773,,,,dqn_icm,cartpole,dense,0.001,0.99,1,1.0
710,11.0,11,0.050000000000000044,0.11868073791265488,6.055722713470459,0.2678689956665039,0.3759235143661499,0.3251449465751648,,,,dqn_icm,cartpole,dense,0.001,0.99,1,1.0
711,9.0,9,0.050000000000000044,0.4814460277557373,6.390712261199951,0.6141393184661865,0.3759235143661499,0.3251449465751648,,,,dqn_icm,cartpole,dense,0.001,0.99,1,1.0
712,9.0,9,0.050000000000000044,0.19195373356342316,5.956066131591797,0.31120139360427856,0.3759235143661499,0.3251449465751648,,,,dqn_icm,cartpole,dense,0.001,0.99,1,1.0
713,11.0,11,0.050000000000000044,0.381682813167572,5.963858127593994,0.5223314762115479,0.3759235143661499,0.3251449465751648,,,,dqn_icm,cartpole,dense,0.001,0.99,1,1.0
714,10.0,10,0.050000000000000044,0.4358358383178711,6.002290725708008,0.6024391651153564,0.412163108587265,0.3603501319885254,,,,dqn_icm,cartpole,dense,0.001,0.99,1,1.0
715,10.0,10,0.050000000000000044,0.47263553738594055,6.353872299194336,0.628530740737915,0.412163108587265,0.3603501319885254,,,,dqn_icm,cartpole,dense,0.001,0.99,1,1.0
716,10.0,10,0.050000000000000044,0.3954504132270813,6.008975982666016,0.5481223464012146,0.412163108587265,0.3603501319885254,,,,dqn_icm,cartpole,dense,0.001,0.99,1,1.0
717,11.0,11,0.050000000000000044,0.42656388878822327,6.046234130859375,0.6060656309127808,0.412163108587265,0.3603501319885254,,,,dqn_icm,cartpole,dense,0.001,0.99,1,1.0
718,10.0,10,0.050000000000000044,0.3458009362220764,5.915920257568359,0.5339057445526123,0.336027055978775,0.4360329806804657,,,,dqn_icm,cartpole,dense,0.001,0.99,1,1.0
719,9.0,9,0.050000000000000044,0.17249995470046997,6.3045172691345215,0.3510899543762207,0.336027055978775,0.4360329806804657,,,,dqn_icm,cartpole,dense,0.001,0.99,1,1.0
720,10.0,10,0.050000000000000044,0.6577231287956238,6.29057502746582,0.8551025390625,0.336027055978775,0.4360329806804657,,,,dqn_icm,cartpole,dense,0.001,0.99,1,1.0
721,9.0,9,0.050000000000000044,0.5346828699111938,5.937006950378418,0.7200750112533569,0.336027055978775,0.4360329806804657,,,,dqn_icm,cartpole,dense,0.001,0.99,1,1.0
722,9.0,9,0.050000000000000044,0.3385654389858246,5.715312957763672,0.5220973491668701,0.3680928647518158,0.33150428533554077,,,,dqn_icm,cartpole,dense,0.001,0.99,1,1.0
723,10.0,10,0.050000000000000044,0.28596627712249756,5.711531639099121,0.45900553464889526,0.3680928647518158,0.33150428533554077,,,,dqn_icm,cartpole,dense,0.001,0.99,1,1.0
724,10.0,10,0.050000000000000044,0.459322988986969,5.810878753662109,0.6839144229888916,0.3680928647518158,0.33150428533554077,,,,dqn_icm,cartpole,dense,0.001,0.99,1,1.0
725,10.0,10,0.050000000000000044,0.5077766180038452,6.03899621963501,0.7419705986976624,0.3680928647518158,0.33150428533554077,,,,dqn_icm,cartpole,dense,0.001,0.99,1,1.0
726,9.0,9,0.050000000000000044,0.27150940895080566,6.263751029968262,0.44482022523880005,0.44834449887275696,0.2991352677345276,,,,dqn_icm,cartpole,dense,0.001,0.99,1,1.0
727,9.0,9,0.050000000000000044,0.6873616576194763,6.104436874389648,0.9131026864051819,0.44834449887275696,0.2991352677345276,,,,dqn_icm,cartpole,dense,0.001,0.99,1,1.0
728,9.0,9,0.050000000000000044,0.5364968180656433,6.166663646697998,0.7681947946548462,0.44834449887275696,0.2991352677345276,,,,dqn_icm,cartpole,dense,0.001,0.99,1,1.0
729,10.0,10,0.050000000000000044,0.3693361282348633,5.9726176261901855,0.5542595982551575,0.44834449887275696,0.2991352677345276,,,,dqn_icm,cartpole,dense,0.001,0.99,1,1.0
730,8.0,8,0.050000000000000044,0.29873016476631165,5.930461406707764,0.4310900568962097,0.44834449887275696,0.2991352677345276,,,,dqn_icm,cartpole,dense,0.001,0.99,1,1.0
731,13.0,13,0.050000000000000044,0.40880757570266724,6.056394577026367,0.5675877332687378,0.39922356605529785,0.32905009388923645,,,,dqn_icm,cartpole,dense,0.001,0.99,1,1.0
732,9.0,9,0.050000000000000044,0.38535648584365845,6.165501594543457,0.520082414150238,0.39922356605529785,0.32905009388923645,,,,dqn_icm,cartpole,dense,0.001,0.99,1,1.0
733,8.0,8,0.050000000000000044,0.09705992043018341,6.002987861633301,0.23029689490795135,0.39922356605529785,0.32905009388923645,,,,dqn_icm,cartpole,dense,0.001,0.99,1,1.0
734,10.0,10,0.050000000000000044,0.6488851308822632,6.143601417541504,0.8252823352813721,0.39922356605529785,0.32905009388923645,,,,dqn_icm,cartpole,dense,0.001,0.99,1,1.0
735,8.0,8,0.050000000000000044,0.5449473857879639,6.142254829406738,0.6951252222061157,0.3748757541179657,0.3169489800930023,,,,dqn_icm,cartpole,dense,0.001,0.99,1,1.0
736,11.0,11,0.050000000000000044,0.2638985812664032,5.939502239227295,0.41697725653648376,0.3748757541179657,0.3169489800930023,,,,dqn_icm,cartpole,dense,0.001,0.99,1,1.0
737,11.0,11,0.050000000000000044,0.5030036568641663,6.075834274291992,0.665226936340332,0.3748757541179657,0.3169489800930023,,,,dqn_icm,cartpole,dense,0.001,0.99,1,1.0
738,10.0,10,0.050000000000000044,0.4082319438457489,6.179667949676514,0.5717563629150391,0.3748757541179657,0.3169489800930023,,,,dqn_icm,cartpole,dense,0.001,0.99,1,1.0
739,10.0,10,0.050000000000000044,0.4543628692626953,6.159177780151367,0.6242942214012146,0.3046245872974396,0.3495112955570221,,,,dqn_icm,cartpole,dense,0.001,0.99,1,1.0
740,10.0,10,0.050000000000000044,0.28597915172576904,6.462839126586914,0.4561561048030853,0.3046245872974396,0.3495112955570221,,,,dqn_icm,cartpole,dense,0.001,0.99,1,1.0
741,11.0,11,0.050000000000000044,0.2877078056335449,5.9871602058410645,0.43979012966156006,0.3046245872974396,0.3495112955570221,,,,dqn_icm,cartpole,dense,0.001,0.99,1,1.0
742,10.0,10,0.050000000000000044,0.31402528285980225,6.220232009887695,0.48719578981399536,0.3046245872974396,0.3495112955570221,,,,dqn_icm,cartpole,dense,0.001,0.99,1,1.0
743,10.0,10,0.050000000000000044,0.3040072023868561,6.21284294128418,0.49319303035736084,0.2951824367046356,0.28916507959365845,,,,dqn_icm,cartpole,dense,0.001,0.99,1,1.0
744,9.0,9,0.050000000000000044,0.29614919424057007,5.77522087097168,0.4691922962665558,0.2951824367046356,0.28916507959365845,,,,dqn_icm,cartpole,dense,0.001,0.99,1,1.0
745,12.0,12,0.050000000000000044,0.20579545199871063,5.946401596069336,0.3721538484096527,0.2951824367046356,0.28916507959365845,,,,dqn_icm,cartpole,dense,0.001,0.99,1,1.0
746,10.0,10,0.050000000000000044,0.6408842206001282,5.925662994384766,0.8398823738098145,0.2951824367046356,0.28916507959365845,,,,dqn_icm,cartpole,dense,0.001,0.99,1,1.0
747,10.0,10,0.050000000000000044,0.4920438528060913,5.978046417236328,0.6493486166000366,0.40983763337135315,0.3150680363178253,,,,dqn_icm,cartpole,dense,0.001,0.99,1,1.0
748,10.0,10,0.050000000000000044,0.21021607518196106,6.234872817993164,0.34488701820373535,0.40983763337135315,0.3150680363178253,,,,dqn_icm,cartpole,dense,0.001,0.99,1,1.0
749,10.0,10,0.050000000000000044,0.6403082013130188,6.386835098266602,0.8375745415687561,0.40983763337135315,0.3150680363178253,,,,dqn_icm,cartpole,dense,0.001,0.99,1,1.0
750,10.0,10,0.050000000000000044,0.2916044592857361,6.033935546875,0.42146432399749756,0.40983763337135315,0.3150680363178253,9.5,0.5,9.5,dqn_icm,cartpole,dense,0.001,0.99,1,1.0
751,10.0,10,0.050000000000000044,0.5452687740325928,6.521759033203125,0.7246765494346619,0.359900563955307,0.26630699634552,,,,dqn_icm,cartpole,dense,0.001,0.99,1,1.0
752,9.0,9,0.050000000000000044,0.6453848481178284,5.973053932189941,0.8310641050338745,0.359900563955307,0.26630699634552,,,,dqn_icm,cartpole,dense,0.001,0.99,1,1.0
753,9.0,9,0.050000000000000044,0.11009693145751953,5.9048309326171875,0.23276719450950623,0.359900563955307,0.26630699634552,,,,dqn_icm,cartpole,dense,0.001,0.99,1,1.0
754,9.0,9,0.050000000000000044,0.40545594692230225,6.036508560180664,0.5419769883155823,0.359900563955307,0.26630699634552,,,,dqn_icm,cartpole,dense,0.001,0.99,1,1.0
755,9.0,9,0.050000000000000044,0.28516557812690735,5.911655426025391,0.445568710565567,0.3354247212409973,0.32317739725112915,,,,dqn_icm,cartpole,dense,0.001,0.99,1,1.0
756,9.0,9,0.050000000000000044,0.6710242033004761,6.018577575683594,0.8541747331619263,0.3354247212409973,0.32317739725112915,,,,dqn_icm,cartpole,dense,0.001,0.99,1,1.0
757,12.0,12,0.050000000000000044,0.5499653220176697,5.822962760925293,0.7209270000457764,0.3354247212409973,0.32317739725112915,,,,dqn_icm,cartpole,dense,0.001,0.99,1,1.0
758,9.0,9,0.050000000000000044,0.4943569302558899,6.126199245452881,0.6776580810546875,0.3354247212409973,0.32317739725112915,,,,dqn_icm,cartpole,dense,0.001,0.99,1,1.0
759,11.0,11,0.050000000000000044,0.16855162382125854,6.071176528930664,0.3280409872531891,0.33411410450935364,0.2332824319601059,,,,dqn_icm,cartpole,dense,0.001,0.99,1,1.0
760,10.0,10,0.050000000000000044,0.4010106027126312,5.988615036010742,0.6010769605636597,0.33411410450935364,0.2332824319601059,,,,dqn_icm,cartpole,dense,0.001,0.99,1,1.0
761,9.0,9,0.050000000000000044,0.4505729675292969,6.573033332824707,0.6892334818840027,0.33411410450935364,0.2332824319601059,,,,dqn_icm,cartpole,dense,0.001,0.99,1,1.0
762,12.0,12,0.050000000000000044,0.31026285886764526,6.004364013671875,0.47232452034950256,0.33411410450935364,0.2332824319601059,,,,dqn_icm,cartpole,dense,0.001,0.99,1,1.0
763,11.0,11,0.050000000000000044,0.39003893733024597,5.9724626541137695,0.5614109039306641,0.3435307443141937,0.27420228719711304,,,,dqn_icm,cartpole,dense,0.001,0.99,1,1.0
764,10.0,10,0.050000000000000044,0.4063892364501953,5.836833477020264,0.6086471676826477,0.3435307443141937,0.27420228719711304,,,,dqn_icm,cartpole,dense,0.001,0.99,1,1.0
765,10.0,10,0.050000000000000044,0.3208279609680176,5.690345764160156,0.47598105669021606,0.3435307443141937,0.27420228719711304,,,,dqn_icm,cartpole,dense,0.001,0.99,1,1.0
766,9.0,9,0.050000000000000044,0.2827224135398865,6.154732704162598,0.43614649772644043,0.3435307443141937,0.27420228719711304,,,,dqn_icm,cartpole,dense,0.001,0.99,1,1.0
767,10.0,10,0.050000000000000044,0.21300050616264343,5.830218315124512,0.38021671772003174,0.3412416875362396,0.23161211609840393,,,,dqn_icm,cartpole,dense,0.001,0.99,1,1.0
768,9.0,9,0.050000000000000044,0.4777694046497345,6.174472808837891,0.6878921985626221,0.3412416875362396,0.23161211609840393,,,,dqn_icm,cartpole,dense,0.001,0.99,1,1.0
769,9.0,9,0.050000000000000044,0.19915859401226044,5.8295087814331055,0.3437160849571228,0.3412416875362396,0.23161211609840393,,,,dqn_icm,cartpole,dense,0.001,0.99,1,1.0
770,9.0,9,0.050000000000000044,0.27008336782455444,6.337833404541016,0.40629345178604126,0.3412416875362396,0.23161211609840393,,,,dqn_icm,cartpole,dense,0.001,0.99,1,1.0
771,10.0,10,0.050000000000000044,0.2984811067581177,6.341594219207764,0.4813665747642517,0.35551637411117554,0.2870411276817322,,,,dqn_icm,cartpole,dense,0.001,0.99,1,1.0
772,9.0,9,0.050000000000000044,0.369953989982605,6.040823936462402,0.5244503617286682,0.35551637411117554,0.2870411276817322,,,,dqn_icm,cartpole,dense,0.001,0.99,1,1.0
773,9.0,9,0.050000000000000044,0.49352866411209106,6.131011962890625,0.6465005874633789,0.35551637411117554,0.2870411276817322,,,,dqn_icm,cartpole,dense,0.001,0.99,1,1.0
774,9.0,9,0.050000000000000044,0.6066735982894897,6.44649600982666,0.7800936698913574,0.35551637411117554,0.2870411276817322,,,,dqn_icm,cartpole,dense,0.001,0.99,1,1.0
775,10.0,10,0.050000000000000044,0.5972336530685425,5.928791046142578,0.7599183917045593,0.3967858552932739,0.2533743977546692,,,,dqn_icm,cartpole,dense,0.001,0.99,1,1.0
776,8.0,8,0.050000000000000044,0.3921430706977844,6.099449634552002,0.6042907238006592,0.3967858552932739,0.2533743977546692,,,,dqn_icm,cartpole,dense,0.001,0.99,1,1.0
777,10.0,10,0.050000000000000044,0.45677855610847473,5.661754608154297,0.6109316349029541,0.3967858552932739,0.2533743977546692,,,,dqn_icm,cartpole,dense,0.001,0.99,1,1.0
778,9.0,9,0.050000000000000044,0.5057215094566345,6.416742324829102,0.6976296901702881,0.3967858552932739,0.2533743977546692,,,,dqn_icm,cartpole,dense,0.001,0.99,1,1.0
779,11.0,11,0.050000000000000044,0.49045586585998535,5.6750335693359375,0.6755764484405518,0.3967858552932739,0.2533743977546692,,,,dqn_icm,cartpole,dense,0.001,0.99,1,1.0
780,10.0,10,0.050000000000000044,1.0592200756072998,5.998533248901367,1.5105867385864258,0.35968974232673645,0.27897629141807556,,,,dqn_icm,cartpole,dense,0.001,0.99,1,1.0
781,12.0,12,0.050000000000000044,0.5839570760726929,6.784762382507324,0.9816949367523193,0.35968974232673645,0.27897629141807556,,,,dqn_icm,cartpole,dense,0.001,0.99,1,1.0
782,9.0,9,0.050000000000000044,0.36085033416748047,7.355866432189941,0.5754140019416809,0.35968974232673645,0.27897629141807556,,,,dqn_icm,cartpole,dense,0.001,0.99,1,1.0
783,10.0,10,0.050000000000000044,0.2913898825645447,7.4773054122924805,0.5544245839118958,0.3692459762096405,0.22776755690574646,,,,dqn_icm,cartpole,dense,0.001,0.99,1,1.0
784,9.0,9,0.050000000000000044,0.39754557609558105,7.359001159667969,0.6887705326080322,0.3692459762096405,0.22776755690574646,,,,dqn_icm,cartpole,dense,0.001,0.99,1,1.0
785,11.0,11,0.050000000000000044,0.34939587116241455,6.793601036071777,0.5736078023910522,0.3692459762096405,0.22776755690574646,,,,dqn_icm,cartpole,dense,0.001,0.99,1,1.0
786,8.0,8,0.050000000000000044,0.42816340923309326,7.10321044921875,0.6880688071250916,0.3692459762096405,0.22776755690574646,,,,dqn_icm,cartpole,dense,0.001,0.99,1,1.0
787,11.0,11,0.050000000000000044,0.5229198932647705,7.07125186920166,0.7696183919906616,0.3692459762096405,0.22776755690574646,,,,dqn_icm,cartpole,dense,0.001,0.99,1,1.0
788,11.0,11,0.050000000000000044,0.2815883457660675,6.7466278076171875,0.5490549206733704,0.32293394207954407,0.22584748268127441,,,,dqn_icm,cartpole,dense,0.001,0.99,1,1.0
789,10.0,10,0.050000000000000044,0.30757543444633484,7.807480812072754,0.569343090057373,0.32293394207954407,0.22584748268127441,,,,dqn_icm,cartpole,dense,0.001,0.99,1,1.0
790,9.0,9,0.050000000000000044,0.24160540103912354,7.138175964355469,0.442870169878006,0.32293394207954407,0.22584748268127441,,,,dqn_icm,cartpole,dense,0.001,0.99,1,1.0
791,9.0,9,0.050000000000000044,0.28739041090011597,6.933602333068848,0.4361514747142792,0.32293394207954407,0.22584748268127441,,,,dqn_icm,cartpole,dense,0.001,0.99,1,1.0
792,9.0,9,0.050000000000000044,0.22647428512573242,7.027192115783691,0.4800620675086975,0.4093077778816223,0.22439584136009216,,,,dqn_icm,cartpole,dense,0.001,0.99,1,1.0
793,9.0,9,0.050000000000000044,0.43000924587249756,7.168394088745117,0.6533143520355225,0.4093077778816223,0.22439584136009216,,,,dqn_icm,cartpole,dense,0.001,0.99,1,1.0
794,9.0,9,0.050000000000000044,0.4368787705898285,7.130285263061523,0.5944691896438599,0.4093077778816223,0.22439584136009216,,,,dqn_icm,cartpole,dense,0.001,0.99,1,1.0
795,10.0,10,0.050000000000000044,0.41818326711654663,7.486319541931152,0.5507588386535645,0.4093077778816223,0.22439584136009216,,,,dqn_icm,cartpole,dense,0.001,0.99,1,1.0
796,8.0,8,0.050000000000000044,0.4187333881855011,7.181877136230469,0.5921810269355774,0.34583306312561035,0.21246293187141418,,,,dqn_icm,cartpole,dense,0.001,0.99,1,1.0
797,9.0,9,0.050000000000000044,0.33858394622802734,7.029245853424072,0.5574087500572205,0.34583306312561035,0.21246293187141418,,,,dqn_icm,cartpole,dense,0.001,0.99,1,1.0
798,8.0,8,0.050000000000000044,0.23148615658283234,7.150266647338867,0.4209534823894501,0.34583306312561035,0.21246293187141418,,,,dqn_icm,cartpole,dense,0.001,0.99,1,1.0
799,8.0,8,0.050000000000000044,0.3847750425338745,7.021932601928711,0.587977409362793,0.34583306312561035,0.21246293187141418,,,,dqn_icm,cartpole,dense,0.001,0.99,1,1.0
800,10.0,10,0.050000000000000044,0.3178969621658325,7.1439385414123535,0.5108979344367981,0.34583306312561035,0.21246293187141418,9.5,0.5,9.5,dqn_icm,cartpole,dense,0.001,0.99,1,1.0
801,9.0,9,0.050000000000000044,0.44539839029312134,7.195342063903809,0.6556796431541443,0.27215179800987244,0.2450045347213745,,,,dqn_icm,cartpole,dense,0.001,0.99,1,1.0
802,10.0,10,0.050000000000000044,0.4836139380931854,6.949237823486328,0.6945822834968567,0.27215179800987244,0.2450045347213745,,,,dqn_icm,cartpole,dense,0.001,0.99,1,1.0
803,9.0,9,0.050000000000000044,0.2201707363128662,7.107677459716797,0.44066405296325684,0.27215179800987244,0.2450045347213745,,,,dqn_icm,cartpole,dense,0.001,0.99,1,1.0
804,10.0,10,0.050000000000000044,0.3849170207977295,7.1033034324646,0.6055470705032349,0.27215179800987244,0.2450045347213745,,,,dqn_icm,cartpole,dense,0.001,0.99,1,1.0
805,11.0,11,0.050000000000000044,0.2123052030801773,7.425477981567383,0.3920496106147766,0.31617262959480286,0.17561401426792145,,,,dqn_icm,cartpole,dense,0.001,0.99,1,1.0
806,10.0,10,0.050000000000000044,0.34359675645828247,7.230588912963867,0.5876377820968628,0.31617262959480286,0.17561401426792145,,,,dqn_icm,cartpole,dense,0.001,0.99,1,1.0
807,12.0,12,0.050000000000000044,0.4375452995300293,6.993955612182617,0.6335132122039795,0.31617262959480286,0.17561401426792145,,,,dqn_icm,cartpole,dense,0.001,0.99,1,1.0
808,10.0,10,0.050000000000000044,0.3542221486568451,6.786303520202637,0.5558276176452637,0.31617262959480286,0.17561401426792145,,,,dqn_icm,cartpole,dense,0.001,0.99,1,1.0
809,10.0,10,0.050000000000000044,0.30328428745269775,6.843284606933594,0.5235544443130493,0.3535439074039459,0.22348171472549438,,,,dqn_icm,cartpole,dense,0.001,0.99,1,1.0
810,10.0,10,0.050000000000000044,0.2544631063938141,7.105907440185547,0.430463045835495,0.3535439074039459,0.22348171472549438,,,,dqn_icm,cartpole,dense,0.001,0.99,1,1.0
811,9.0,9,0.050000000000000044,0.07864745706319809,7.184632301330566,0.22695481777191162,0.3535439074039459,0.22348171472549438,,,,dqn_icm,cartpole,dense,0.001,0.99,1,1.0
812,10.0,10,0.050000000000000044,0.3058975338935852,7.082177639007568,0.4924289286136627,0.3535439074039459,0.22348171472549438,,,,dqn_icm,cartpole,dense,0.001,0.99,1,1.0
813,10.0,10,0.050000000000000044,0.3418262004852295,7.0007171630859375,0.5142704248428345,0.3627655804157257,0.19939836859703064,,,,dqn_icm,cartpole,dense,0.001,0.99,1,1.0
814,9.0,9,0.050000000000000044,0.28841865062713623,6.925604820251465,0.482738733291626,0.3627655804157257,0.19939836859703064,,,,dqn_icm,cartpole,dense,0.001,0.99,1,1.0
815,10.0,10,0.050000000000000044,0.5267547369003296,6.66257381439209,0.7340570688247681,0.3627655804157257,0.19939836859703064,,,,dqn_icm,cartpole,dense,0.001,0.99,1,1.0
816,8.0,8,0.050000000000000044,0.2526487112045288,6.919989109039307,0.43613550066947937,0.3627655804157257,0.19939836859703064,,,,dqn_icm,cartpole,dense,0.001,0.99,1,1.0
817,10.0,10,0.050000000000000044,0.14575360715389252,7.434657096862793,0.27575555443763733,0.3352932035923004,0.19565212726593018,,,,dqn_icm,cartpole,dense,0.001,0.99,1,1.0
818,10.0,10,0.050000000000000044,0.41132768988609314,7.282039642333984,0.5820813179016113,0.3352932035923004,0.19565212726593018,,,,dqn_icm,cartpole,dense,0.001,0.99,1,1.0
819,9.0,9,0.050000000000000044,0.21825186908245087,7.232743263244629,0.37160396575927734,0.3352932035923004,0.19565212726593018,,,,dqn_icm,cartpole,dense,0.001,0.99,1,1.0
820,9.0,9,0.050000000000000044,0.36502084136009216,6.833276748657227,0.5154488682746887,0.3352932035923004,0.19565212726593018,,,,dqn_icm,cartpole,dense,0.001,0.99,1,1.0
821,10.0,10,0.050000000000000044,0.28437209129333496,7.008146286010742,0.4506409466266632,0.364804744720459,0.19028130173683167,,,,dqn_icm,cartpole,dense,0.001,0.99,1,1.0
822,10.0,10,0.050000000000000044,0.18098774552345276,6.6918439865112305,0.34907013177871704,0.364804744720459,0.19028130173683167,,,,dqn_icm,cartpole,dense,0.001,0.99,1,1.0
823,10.0,10,0.050000000000000044,0.3754163980484009,6.9103593826293945,0.5599201321601868,0.364804744720459,0.19028130173683167,,,,dqn_icm,cartpole,dense,0.001,0.99,1,1.0
824,11.0,11,0.050000000000000044,0.2664444148540497,7.470660209655762,0.4106176197528839,0.364804744720459,0.19028130173683167,,,,dqn_icm,cartpole,dense,0.001,0.99,1,1.0
825,8.0,8,0.050000000000000044,0.23941993713378906,7.0843095779418945,0.40079599618911743,0.3335775136947632,0.1727638691663742,,,,dqn_icm,cartpole,dense,0.001,0.99,1,1.0
826,9.0,9,0.050000000000000044,0.3501467704772949,6.653903961181641,0.5380055904388428,0.3335775136947632,0.1727638691663742,,,,dqn_icm,cartpole,dense,0.001,0.99,1,1.0
827,8.0,8,0.050000000000000044,0.2608375549316406,6.874258041381836,0.43880027532577515,0.3335775136947632,0.1727638691663742,,,,dqn_icm,cartpole,dense,0.001,0.99,1,1.0
828,9.0,9,0.050000000000000044,0.4597819447517395,7.001637935638428,0.6289169788360596,0.3335775136947632,0.1727638691663742,,,,dqn_icm,cartpole,dense,0.001,0.99,1,1.0
829,10.0,10,0.050000000000000044,0.2721009850502014,7.064636707305908,0.4335240125656128,0.3335775136947632,0.1727638691663742,,,,dqn_icm,cartpole,dense,0.001,0.99,1,1.0
830,8.0,8,0.050000000000000044,0.4306803047657013,6.52517032623291,0.6189196109771729,0.3877132833003998,0.21795839071273804,,,,dqn_icm,cartpole,dense,0.001,0.99,1,1.0
831,12.0,12,0.050000000000000044,0.22850294411182404,6.641895294189453,0.4244535267353058,0.3877132833003998,0.21795839071273804,,,,dqn_icm,cartpole,dense,0.001,0.99,1,1.0
832,9.0,9,0.050000000000000044,0.32025817036628723,7.04256010055542,0.5331104397773743,0.3877132833003998,0.21795839071273804,,,,dqn_icm,cartpole,dense,0.001,0.99,1,1.0
833,10.0,10,0.050000000000000044,0.19422107934951782,7.367338180541992,0.389799028635025,0.3877132833003998,0.21795839071273804,,,,dqn_icm,cartpole,dense,0.001,0.99,1,1.0
834,10.0,10,0.050000000000000044,0.25711366534233093,7.2607526779174805,0.4517117142677307,0.298374205827713,0.16876721382141113,,,,dqn_icm,cartpole,dense,0.001,0.99,1,1.0
835,9.0,9,0.050000000000000044,0.09876465797424316,7.556018829345703,0.2784293591976166,0.298374205827713,0.16876721382141113,,,,dqn_icm,cartpole,dense,0.001,0.99,1,1.0
836,10.0,10,0.050000000000000044,0.39967045187950134,6.737621307373047,0.5850867033004761,0.298374205827713,0.16876721382141113,,,,dqn_icm,cartpole,dense,0.001,0.99,1,1.0
837,9.0,9,0.050000000000000044,0.1323390156030655,7.147011756896973,0.2934534251689911,0.298374205827713,0.16876721382141113,,,,dqn_icm,cartpole,dense,0.001,0.99,1,1.0
838,9.0,9,0.050000000000000044,0.34606248140335083,6.8515753746032715,0.52665114402771,0.3134748637676239,0.14773081243038177,,,,dqn_icm,cartpole,dense,0.001,0.99,1,1.0
839,10.0,10,0.050000000000000044,0.06664329767227173,7.643470764160156,0.20266486704349518,0.3134748637676239,0.14773081243038177,,,,dqn_icm,cartpole,dense,0.001,0.99,1,1.0
840,13.0,13,0.050000000000000044,0.3853483200073242,7.085375785827637,0.5834888219833374,0.3134748637676239,0.14773081243038177,,,,dqn_icm,cartpole,dense,0.001,0.99,1,1.0
841,12.0,12,0.050000000000000044,0.14854341745376587,7.169600486755371,0.2810974419116974,0.3134748637676239,0.14773081243038177,,,,dqn_icm,cartpole,dense,0.001,0.99,1,1.0
842,9.0,9,0.050000000000000044,0.3109032213687897,7.049215316772461,0.4847792387008667,0.31553885340690613,0.198577418923378,,,,dqn_icm,cartpole,dense,0.001,0.99,1,1.0
843,10.0,10,0.050000000000000044,0.3311800956726074,7.301791191101074,0.49999934434890747,0.31553885340690613,0.198577418923378,,,,dqn_icm,cartpole,dense,0.001,0.99,1,1.0
844,9.0,9,0.050000000000000044,0.22795838117599487,6.9221673011779785,0.4099908471107483,0.31553885340690613,0.198577418923378,,,,dqn_icm,cartpole,dense,0.001,0.99,1,1.0
845,10.0,10,0.050000000000000044,0.2684432566165924,7.192699909210205,0.397760808467865,0.31553885340690613,0.198577418923378,,,,dqn_icm,cartpole,dense,0.001,0.99,1,1.0
846,10.0,10,0.050000000000000044,0.2973487377166748,6.940671920776367,0.4578753411769867,0.29087042808532715,0.1616320163011551,,,,dqn_icm,cartpole,dense,0.001,0.99,1,1.0
847,9.0,9,0.050000000000000044,0.2910808324813843,7.17158842086792,0.47435462474823,0.29087042808532715,0.1616320163011551,,,,dqn_icm,cartpole,dense,0.001,0.99,1,1.0
848,10.0,10,0.050000000000000044,0.2838157117366791,6.50913143157959,0.4580644369125366,0.29087042808532715,0.1616320163011551,,,,dqn_icm,cartpole,dense,0.001,0.99,1,1.0
849,10.0,10,0.050000000000000044,0.3765665292739868,6.612239837646484,0.6267472505569458,0.29087042808532715,0.1616320163011551,,,,dqn_icm,cartpole,dense,0.001,0.99,1,1.0
850,10.0,10,0.050000000000000044,0.22654780745506287,7.064573287963867,0.4180840849876404,0.3737695515155792,0.20619051158428192,9.6,0.66332495807108,9.6,dqn_icm,cartpole,dense,0.001,0.99,1,1.0
851,9.0,9,0.050000000000000044,0.33150923252105713,6.988072395324707,0.5741726160049438,0.3737695515155792,0.20619051158428192,,,,dqn_icm,cartpole,dense,0.001,0.99,1,1.0
852,9.0,9,0.050000000000000044,0.4541161358356476,7.3925275802612305,0.740861177444458,0.3737695515155792,0.20619051158428192,,,,dqn_icm,cartpole,dense,0.001,0.99,1,1.0
853,9.0,9,0.050000000000000044,0.3136436641216278,7.816659927368164,0.5044834017753601,0.3737695515155792,0.20619051158428192,,,,dqn_icm,cartpole,dense,0.001,0.99,1,1.0
854,11.0,11,0.050000000000000044,0.22532907128334045,7.045679092407227,0.4238153100013733,0.3323059380054474,0.19262167811393738,,,,dqn_icm,cartpole,dense,0.001,0.99,1,1.0
855,9.0,9,0.050000000000000044,0.2772012948989868,6.572300910949707,0.5193643569946289,0.3323059380054474,0.19262167811393738,,,,dqn_icm,cartpole,dense,0.001,0.99,1,1.0
856,9.0,9,0.050000000000000044,0.4211263656616211,6.727977752685547,0.6341603398323059,0.3323059380054474,0.19262167811393738,,,,dqn_icm,cartpole,dense,0.001,0.99,1,1.0
857,10.0,10,0.050000000000000044,0.21636587381362915,6.995657920837402,0.407869815826416,0.3323059380054474,0.19262167811393738,,,,dqn_icm,cartpole,dense,0.001,0.99,1,1.0
858,9.0,9,0.050000000000000044,0.2472759187221527,6.892356872558594,0.39635634422302246,0.36572909355163574,0.14272192120552063,,,,dqn_icm,cartpole,dense,0.001,0.99,1,1.0
859,9.0,9,0.050000000000000044,0.181099072098732,7.043438911437988,0.3266778588294983,0.36572909355163574,0.14272192120552063,,,,dqn_icm,cartpole,dense,0.001,0.99,1,1.0
860,12.0,12,0.050000000000000044,0.37062036991119385,7.221012115478516,0.5685356855392456,0.36572909355163574,0.14272192120552063,,,,dqn_icm,cartpole,dense,0.001,0.99,1,1.0
861,9.0,9,0.050000000000000044,0.3485443592071533,7.093745231628418,0.5519230365753174,0.36572909355163574,0.14272192120552063,,,,dqn_icm,cartpole,dense,0.001,0.99,1,1.0
862,11.0,11,0.050000000000000044,0.10596960037946701,7.286146640777588,0.24484606087207794,0.31502005457878113,0.13036923110485077,,,,dqn_icm,cartpole,dense,0.001,0.99,1,1.0
863,9.0,9,0.050000000000000044,0.3748939335346222,6.610252380371094,0.6111639738082886,0.31502005457878113,0.13036923110485077,,,,dqn_icm,cartpole,dense,0.001,0.99,1,1.0
864,10.0,10,0.050000000000000044,0.1143193393945694,6.999267101287842,0.25235408544540405,0.31502005457878113,0.13036923110485077,,,,dqn_icm,cartpole,dense,0.001,0.99,1,1.0
865,9.0,9,0.050000000000000044,0.3094941973686218,6.821866512298584,0.5242598652839661,0.31502005457878113,0.13036923110485077,,,,dqn_icm,cartpole,dense,0.001,0.99,1,1.0
866,9.0,9,0.050000000000000044,0.2474248707294464,6.860546112060547,0.45447391271591187,0.31502005457878113,0.13036923110485077,,,,dqn_icm,cartpole,dense,0.001,0.99,1,1.0
867,9.0,9,0.050000000000000044,0.4327273666858673,6.79151725769043,0.6394199132919312,0.36727896332740784,0.11261111497879028,,,,dqn_icm,cartpole,dense,0.001,0.99,1,1.0
868,10.0,10,0.050000000000000044,0.4100872874259949,7.244161605834961,0.609853982925415,0.36727896332740784,0.11261111497879028,,,,dqn_icm,cartpole,dense,0.001,0.99,1,1.0
869,10.0,10,0.050000000000000044,0.23776961863040924,7.260000705718994,0.41567301750183105,0.36727896332740784,0.11261111497879028,,,,dqn_icm,cartpole,dense,0.001,0.99,1,1.0
870,10.0,10,0.050000000000000044,0.1184682548046112,7.184884071350098,0.31925255060195923,0.36727896332740784,0.11261111497879028,,,,dqn_icm,cartpole,dense,0.001,0.99,1,1.0
871,9.0,9,0.050000000000000044,0.2878854274749756,6.693188667297363,0.47927582263946533,0.3377704620361328,0.13722306489944458,,,,dqn_icm,cartpole,dense,0.001,0.99,1,1.0
872,10.0,10,0.050000000000000044,0.3887753188610077,7.135363578796387,0.5687956213951111,0.3377704620361328,0.13722306489944458,,,,dqn_icm,cartpole,dense,0.001,0.99,1,1.0
873,8.0,8,0.050000000000000044,0.2197915017604828,7.233842372894287,0.363831102848053,0.3377704620361328,0.13722306489944458,,,,dqn_icm,cartpole,dense,0.001,0.99,1,1.0
874,10.0,10,0.050000000000000044,0.40868571400642395,6.940568447113037,0.5786464214324951,0.3377704620361328,0.13722306489944458,,,,dqn_icm,cartpole,dense,0.001,0.99,1,1.0
875,9.0,9,0.050000000000000044,0.3673763871192932,6.872799396514893,0.5365642309188843,0.30117669701576233,0.14890632033348083,,,,dqn_icm,cartpole,dense,0.001,0.99,1,1.0
876,10.0,10,0.050000000000000044,0.25026029348373413,7.1401519775390625,0.4040626883506775,0.30117669701576233,0.14890632033348083,,,,dqn_icm,cartpole,dense,0.001,0.99,1,1.0
877,12.0,12,0.050000000000000044,0.16664034128189087,6.9984588623046875,0.362307608127594,0.30117669701576233,0.14890632033348083,,,,dqn_icm,cartpole,dense,0.001,0.99,1,1.0
878,10.0,10,0.050000000000000044,0.3146887719631195,7.01201057434082,0.5067097544670105,0.30117669701576233,0.14890632033348083,,,,dqn_icm,cartpole,dense,0.001,0.99,1,1.0
879,10.0,10,0.050000000000000044,0.15875642001628876,7.1687421798706055,0.2999626696109772,0.2828323543071747,0.12071739137172699,,,,dqn_icm,cartpole,dense,0.001,0.99,1,1.0
880,12.0,12,0.050000000000000044,0.15831021964550018,7.169100761413574,0.2976893484592438,0.2828323543071747,0.12071739137172699,,,,dqn_icm,cartpole,dense,0.001,0.99,1,1.0
881,10.0,10,0.050000000000000044,0.19502925872802734,7.37296199798584,0.31206995248794556,0.2828323543071747,0.12071739137172699,,,,dqn_icm,cartpole,dense,0.001,0.99,1,1.0
882,9.0,9,0.050000000000000044,0.3100135624408722,7.0861005783081055,0.4875573515892029,0.2828323543071747,0.12071739137172699,,,,dqn_icm,cartpole,dense,0.001,0.99,1,1.0
883,10.0,10,0.050000000000000044,0.2840574383735657,6.956012725830078,0.44814711809158325,0.4227670431137085,0.1288204938173294,,,,dqn_icm,cartpole,dense,0.001,0.99,1,1.0
884,9.0,9,0.050000000000000044,0.2957819104194641,6.7484893798828125,0.4444051682949066,0.4227670431137085,0.1288204938173294,,,,dqn_icm,cartpole,dense,0.001,0.99,1,1.0
885,10.0,10,0.050000000000000044,0.2789466977119446,6.980536460876465,0.4528845250606537,0.4227670431137085,0.1288204938173294,,,,dqn_icm,cartpole,dense,0.001,0.99,1,1.0
886,12.0,12,0.050000000000000044,0.21085724234580994,6.829859733581543,0.4075355529785156,0.4227670431137085,0.1288204938173294,,,,dqn_icm,cartpole,dense,0.001,0.99,1,1.0
887,10.0,10,0.050000000000000044,0.41419562697410583,6.790315628051758,0.5990808606147766,0.3545442819595337,0.14980284869670868,,,,dqn_icm,cartpole,dense,0.001,0.99,1,1.0
888,10.0,10,0.050000000000000044,0.17584222555160522,7.408349990844727,0.34788838028907776,0.3545442819595337,0.14980284869670868,,,,dqn_icm,cartpole,dense,0.001,0.99,1,1.0
889,9.0,9,0.050000000000000044,0.23221206665039062,7.10966682434082,0.3909282386302948,0.3545442819595337,0.14980284869670868,,,,dqn_icm,cartpole,dense,0.001,0.99,1,1.0
890,9.0,9,0.050000000000000044,0.16744360327720642,7.070986747741699,0.3038727641105652,0.3545442819595337,0.14980284869670868,,,,dqn_icm,cartpole,dense,0.001,0.99,1,1.0
891,9.0,9,0.050000000000000044,0.3067285120487213,6.996484756469727,0.5164986848831177,0.2705542743206024,0.139788419008255,,,,dqn_icm,cartpole,dense,0.001,0.99,1,1.0
892,10.0,10,0.050000000000000044,0.21690130233764648,6.5204691886901855,0.38241469860076904,0.2705542743206024,0.139788419008255,,,,dqn_icm,cartpole,dense,0.001,0.99,1,1.0
893,9.0,9,0.050000000000000044,0.20631344616413116,7.173567771911621,0.34429773688316345,0.2705542743206024,0.139788419008255,,,,dqn_icm,cartpole,dense,0.001,0.99,1,1.0
894,10.0,10,0.050000000000000044,0.2646615207195282,6.775150299072266,0.444036602973938,0.2705542743206024,0.139788419008255,,,,dqn_icm,cartpole,dense,0.001,0.99,1,1.0
895,10.0,10,0.050000000000000044,0.26938971877098083,6.7095441818237305,0.45365583896636963,0.36120012402534485,0.1298084855079651,,,,dqn_icm,cartpole,dense,0.001,0.99,1,1.0
896,9.0,9,0.050000000000000044,0.3183667063713074,6.581378936767578,0.4951907992362976,0.36120012402534485,0.1298084855079651,,,,dqn_icm,cartpole,dense,0.001,0.99,1,1.0
897,11.0,11,0.050000000000000044,0.26127880811691284,7.147226333618164,0.4413548409938812,0.36120012402534485,0.1298084855079651,,,,dqn_icm,cartpole,dense,0.001,0.99,1,1.0
898,11.0,11,0.050000000000000044,0.2570312023162842,7.244783878326416,0.4547051787376404,0.36120012402534485,0.1298084855079651,,,,dqn_icm,cartpole,dense,0.001,0.99,1,1.0
899,9.0,9,0.050000000000000044,0.24848723411560059,7.058568954467773,0.4078713059425354,0.48785898089408875,0.11612561345100403,,,,dqn_icm,cartpole,dense,0.001,0.99,1,1.0
900,8.0,8,0.050000000000000044,0.21655617654323578,6.897255897521973,0.37189847230911255,0.48785898089408875,0.11612561345100403,9.5,0.5,9.5,dqn_icm,cartpole,dense,0.001,0.99,1,1.0
901,10.0,10,0.050000000000000044,0.2579297423362732,6.4980597496032715,0.44944095611572266,0.48785898089408875,0.11612561345100403,,,,dqn_icm,cartpole,dense,0.001,0.99,1,1.0
902,10.0,10,0.050000000000000044,0.1646409034729004,7.132003307342529,0.2817976176738739,0.48785898089408875,0.11612561345100403,,,,dqn_icm,cartpole,dense,0.001,0.99,1,1.0
903,10.0,10,0.050000000000000044,0.17032501101493835,6.773548603057861,0.30713021755218506,0.3621324300765991,0.11767051368951797,,,,dqn_icm,cartpole,dense,0.001,0.99,1,1.0
904,11.0,11,0.050000000000000044,0.15307562053203583,7.214868545532227,0.26513639092445374,0.3621324300765991,0.11767051368951797,,,,dqn_icm,cartpole,dense,0.001,0.99,1,1.0
905,9.0,9,0.050000000000000044,0.22525539994239807,6.675393104553223,0.387628436088562,0.3621324300765991,0.11767051368951797,,,,dqn_icm,cartpole,dense,0.001,0.99,1,1.0
906,9.0,9,0.050000000000000044,0.36133819818496704,6.926494598388672,0.526176929473877,0.3621324300765991,0.11767051368951797,,,,dqn_icm,cartpole,dense,0.001,0.99,1,1.0
907,10.0,10,0.050000000000000044,0.16977304220199585,7.0401153564453125,0.31517666578292847,0.33217328786849976,0.13953804969787598,,,,dqn_icm,cartpole,dense,0.001,0.99,1,1.0
908,8.0,8,0.050000000000000044,0.41460472345352173,7.193024635314941,0.5817756056785583,0.33217328786849976,0.13953804969787598,,,,dqn_icm,cartpole,dense,0.001,0.99,1,1.0
909,9.0,9,0.050000000000000044,0.31157156825065613,6.675854682922363,0.5142744779586792,0.33217328786849976,0.13953804969787598,,,,dqn_icm,cartpole,dense,0.001,0.99,1,1.0
910,10.0,10,0.050000000000000044,0.09646624326705933,6.528059959411621,0.20783284306526184,0.33217328786849976,0.13953804969787598,,,,dqn_icm,cartpole,dense,0.001,0.99,1,1.0
911,10.0,10,0.050000000000000044,0.18658143281936646,6.745177268981934,0.3472919762134552,0.33217328786849976,0.13953804969787598,,,,dqn_icm,cartpole,dense,0.001,0.99,1,1.0
912,9.0,9,0.050000000000000044,0.19546134769916534,6.893719673156738,0.36636534333229065,0.31185176968574524,0.10097022354602814,,,,dqn_icm,cartpole,dense,0.001,0.99,1,1.0
913,10.0,10,0.050000000000000044,0.18264682590961456,6.883828163146973,0.3055785298347473,0.31185176968574524,0.10097022354602814,,,,dqn_icm,cartpole,dense,0.001,0.99,1,1.0
914,10.0,10,0.050000000000000044,0.14858125150203705,7.183838844299316,0.28736311197280884,0.31185176968574524,0.10097022354602814,,,,dqn_icm,cartpole,dense,0.001,0.99,1,1.0
915,10.0,10,0.050000000000000044,0.28111952543258667,7.082424163818359,0.4628041088581085,0.31185176968574524,0.10097022354602814,,,,dqn_icm,cartpole,dense,0.001,0.99,1,1.0
916,10.0,10,0.050000000000000044,0.33416903018951416,6.685802459716797,0.5616271495819092,0.34440675377845764,0.1041271984577179,,,,dqn_icm,cartpole,dense,0.001,0.99,1,1.0
917,9.0,9,0.050000000000000044,0.17088638246059418,7.207528114318848,0.3271215558052063,0.34440675377845764,0.1041271984577179,,,,dqn_icm,cartpole,dense,0.001,0.99,1,1.0
918,10.0,10,0.050000000000000044,0.17895354330539703,6.951467514038086,0.31695759296417236,0.34440675377845764,0.1041271984577179,,,,dqn_icm,cartpole,dense,0.001,0.99,1,1.0
919,9.0,9,0.050000000000000044,0.2289501428604126,6.576930999755859,0.4160056710243225,0.34440675377845764,0.1041271984577179,,,,dqn_icm,cartpole,dense,0.001,0.99,1,1.0
920,9.0,9,0.050000000000000044,0.2589370012283325,7.2214813232421875,0.4118154048919678,0.15935076773166656,0.07104663550853729,,,,dqn_icm,cartpole,dense,0.001,0.99,1,1.0
921,11.0,11,0.050000000000000044,0.34386134147644043,7.07397985458374,0.5053131580352783,0.15935076773166656,0.07104663550853729,,,,dqn_icm,cartpole,dense,0.001,0.99,1,1.0
922,10.0,10,0.050000000000000044,0.2698523700237274,6.942197799682617,0.42735588550567627,0.15935076773166656,0.07104663550853729,,,,dqn_icm,cartpole,dense,0.001,0.99,1,1.0
923,9.0,9,0.050000000000000044,0.1858849972486496,6.846644878387451,0.32892364263534546,0.15935076773166656,0.07104663550853729,,,,dqn_icm,cartpole,dense,0.001,0.99,1,1.0
924,9.0,9,0.050000000000000044,0.10968594253063202,6.972405433654785,0.25388583540916443,0.3050094544887543,0.10361527651548386,,,,dqn_icm,cartpole,dense,0.001,0.99,1,1.0
925,8.0,8,0.050000000000000044,0.2669973075389862,7.188894271850586,0.43493056297302246,0.3050094544887543,0.10361527651548386,,,,dqn_icm,cartpole,dense,0.001,0.99,1,1.0
926,10.0,10,0.050000000000000044,0.5378674864768982,6.824647903442383,0.7313432693481445,0.3050094544887543,0.10361527651548386,,,,dqn_icm,cartpole,dense,0.001,0.99,1,1.0
927,10.0,10,0.050000000000000044,0.11872367560863495,6.351170539855957,0.280052125453949,0.3050094544887543,0.10361527651548386,,,,dqn_icm,cartpole,dense,0.001,0.99,1,1.0
928,10.0,10,0.050000000000000044,0.30787742137908936,7.2175798416137695,0.48693057894706726,0.3118254244327545,0.05857706069946289,,,,dqn_icm,cartpole,dense,0.001,0.99,1,1.0
929,8.0,8,0.050000000000000044,0.30644330382347107,6.272818565368652,0.49797412753105164,0.3118254244327545,0.05857706069946289,,,,dqn_icm,cartpole,dense,0.001,0.99,1,1.0
930,10.0,10,0.050000000000000044,0.2678019404411316,6.829773902893066,0.44456493854522705,0.3118254244327545,0.05857706069946289,,,,dqn_icm,cartpole,dense,0.001,0.99,1,1.0
931,11.0,11,0.050000000000000044,0.12928694486618042,7.485368728637695,0.2607499063014984,0.3118254244327545,0.05857706069946289,,,,dqn_icm,cartpole,dense,0.001,0.99,1,1.0
932,10.0,10,0.050000000000000044,0.3393448293209076,6.986722946166992,0.5158876180648804,0.4707046449184418,0.0868893712759018,,,,dqn_icm,cartpole,dense,0.001,0.99,1,1.0
933,9.0,9,0.050000000000000044,0.28826987743377686,7.018191337585449,0.449097216129303,0.4707046449184418,0.0868893712759018,,,,dqn_icm,cartpole,dense,0.001,0.99,1,1.0
934,9.0,9,0.050000000000000044,0.24796953797340393,6.618315696716309,0.4332594871520996,0.4707046449184418,0.0868893712759018,,,,dqn_icm,cartpole,dense,0.001,0.99,1,1.0
935,10.0,10,0.050000000000000044,0.1736104041337967,7.103194713592529,0.32436853647232056,0.4707046449184418,0.0868893712759018,,,,dqn_icm,cartpole,dense,0.001,0.99,1,1.0
936,10.0,10,0.050000000000000044,0.250961035490036,6.901150226593018,0.41614997386932373,0.4707046449184418,0.0868893712759018,,,,dqn_icm,cartpole,dense,0.001,0.99,1,1.0
937,10.0,10,0.050000000000000044,0.06096688657999039,7.187799453735352,0.19336150586605072,0.2122390866279602,0.07490617781877518,,,,dqn_icm,cartpole,dense,0.001,0.99,1,1.0
938,10.0,10,0.050000000000000044,0.1818411648273468,7.134182929992676,0.329892635345459,0.2122390866279602,0.07490617781877518,,,,dqn_icm,cartpole,dense,0.001,0.99,1,1.0
939,9.0,9,0.050000000000000044,0.202225923538208,7.017010688781738,0.3452543318271637,0.2122390866279602,0.07490617781877518,,,,dqn_icm,cartpole,dense,0.001,0.99,1,1.0
940,9.0,9,0.050000000000000044,0.13123679161071777,7.0295233726501465,0.29250073432922363,0.2122390866279602,0.07490617781877518,,,,dqn_icm,cartpole,dense,0.001,0.99,1,1.0
941,9.0,9,0.050000000000000044,0.18100149929523468,7.36138916015625,0.31522706151008606,0.370157927274704,0.08631893992424011,,,,dqn_icm,cartpole,dense,0.001,0.99,1,1.0
942,9.0,9,0.050000000000000044,0.16928896307945251,7.001517295837402,0.3098789155483246,0.370157927274704,0.08631893992424011,,,,dqn_icm,cartpole,dense,0.001,0.99,1,1.0
943,9.0,9,0.050000000000000044,0.2799643874168396,6.930970668792725,0.448258638381958,0.370157927274704,0.08631893992424011,,,,dqn_icm,cartpole,dense,0.001,0.99,1,1.0
944,9.0,9,0.050000000000000044,0.20576360821723938,7.171087265014648,0.34726840257644653,0.370157927274704,0.08631893992424011,,,,dqn_icm,cartpole,dense,0.001,0.99,1,1.0
945,9.0,9,0.050000000000000044,0.1323019564151764,7.0977678298950195,0.282692015171051,0.3368788957595825,0.10480126738548279,,,,dqn_icm,cartpole,dense,0.001,0.99,1,1.0
946,9.0,9,0.050000000000000044,0.226792573928833,6.535332679748535,0.3910605311393738,0.3368788957595825,0.10480126738548279,,,,dqn_icm,cartpole,dense,0.001,0.99,1,1.0
947,10.0,10,0.050000000000000044,0.13833120465278625,7.193628311157227,0.3091496527194977,0.3368788957595825,0.10480126738548279,,,,dqn_icm,cartpole,dense,0.001,0.99,1,1.0
948,8.0,8,0.050000000000000044,0.17695337533950806,7.009720802307129,0.31479719281196594,0.3368788957595825,0.10480126738548279,,,,dqn_icm,cartpole,dense,0.001,0.99,1,1.0
949,10.0,10,0.050000000000000044,0.20722071826457977,7.208037376403809,0.3786189556121826,0.3368788957595825,0.10480126738548279,,,,dqn_icm,cartpole,dense,0.001,0.99,1,1.0
950,9.0,9,0.050000000000000044,0.13169749081134796,7.175360679626465,0.27163368463516235,0.2989647090435028,0.10860392451286316,9.5,0.5,9.5,dqn_icm,cartpole,dense,0.001,0.99,1,1.0
951,9.0,9,0.050000000000000044,0.1788404881954193,7.29719877243042,0.32273948192596436,0.2989647090435028,0.10860392451286316,,,,dqn_icm,cartpole,dense,0.001,0.99,1,1.0
952,8.0,8,0.050000000000000044,0.1767810881137848,6.821164131164551,0.3160298764705658,0.2989647090435028,0.10860392451286316,,,,dqn_icm,cartpole,dense,0.001,0.99,1,1.0
953,8.0,8,0.050000000000000044,0.2032376527786255,7.111355304718018,0.33650505542755127,0.2989647090435028,0.10860392451286316,,,,dqn_icm,cartpole,dense,0.001,0.99,1,1.0
954,11.0,11,0.050000000000000044,0.21437422931194305,7.018457412719727,0.3585813045501709,0.28687652945518494,0.07516790926456451,,,,dqn_icm,cartpole,dense,0.001,0.99,1,1.0
955,8.0,8,0.050000000000000044,0.2051081508398056,7.213260650634766,0.3362196981906891,0.28687652945518494,0.07516790926456451,,,,dqn_icm,cartpole,dense,0.001,0.99,1,1.0
956,10.0,10,0.050000000000000044,0.1699908971786499,6.982967376708984,0.3064059317111969,0.28687652945518494,0.07516790926456451,,,,dqn_icm,cartpole,dense,0.001,0.99,1,1.0
957,10.0,10,0.050000000000000044,0.13340476155281067,7.272617816925049,0.29217591881752014,0.28687652945518494,0.07516790926456451,,,,dqn_icm,cartpole,dense,0.001,0.99,1,1.0
958,10.0,10,0.050000000000000044,0.1065002828836441,7.351655960083008,0.23104998469352722,0.206058070063591,0.06791901588439941,,,,dqn_icm,cartpole,dense,0.001,0.99,1,1.0
959,10.0,10,0.050000000000000044,0.18372038006782532,7.037868022918701,0.3474329113960266,0.206058070063591,0.06791901588439941,,,,dqn_icm,cartpole,dense,0.001,0.99,1,1.0
960,11.0,11,0.050000000000000044,0.23979541659355164,6.851715087890625,0.4211204946041107,0.206058070063591,0.06791901588439941,,,,dqn_icm,cartpole,dense,0.001,0.99,1,1.0
961,9.0,9,0.050000000000000044,0.3770553469657898,7.219545364379883,0.5297648906707764,0.206058070063591,0.06791901588439941,,,,dqn_icm,cartpole,dense,0.001,0.99,1,1.0
962,9.0,9,0.050000000000000044,0.271121084690094,6.801922798156738,0.4416026771068573,0.30840936303138733,0.09893283247947693,,,,dqn_icm,cartpole,dense,0.001,0.99,1,1.0
963,10.0,10,0.050000000000000044,0.2785490155220032,6.960387229919434,0.43768107891082764,0.30840936303138733,0.09893283247947693,,,,dqn_icm,cartpole,dense,0.001,0.99,1,1.0
964,11.0,11,0.050000000000000044,0.1270556002855301,7.0918192863464355,0.26358938217163086,0.30840936303138733,0.09893283247947693,,,,dqn_icm,cartpole,dense,0.001,0.99,1,1.0
965,10.0,10,0.050000000000000044,0.1660047024488449,6.449699401855469,0.31953784823417664,0.30840936303138733,0.09893283247947693,,,,dqn_icm,cartpole,dense,0.001,0.99,1,1.0
966,9.0,9,0.050000000000000044,0.14562484622001648,6.52785587310791,0.2794443666934967,0.3208956718444824,0.06784079968929291,,,,dqn_icm,cartpole,dense,0.001,0.99,1,1.0
967,10.0,10,0.050000000000000044,0.1840575635433197,7.005658149719238,0.3240523934364319,0.3208956718444824,0.06784079968929291,,,,dqn_icm,cartpole,dense,0.001,0.99,1,1.0
968,9.0,9,0.050000000000000044,0.28448954224586487,6.961125373840332,0.48948606848716736,0.3208956718444824,0.06784079968929291,,,,dqn_icm,cartpole,dense,0.001,0.99,1,1.0
969,10.0,10,0.050000000000000044,0.17977935075759888,7.000141143798828,0.3570994734764099,0.3208956718444824,0.06784079968929291,,,,dqn_icm,cartpole,dense,0.001,0.99,1,1.0
970,9.0,9,0.050000000000000044,0.11364474147558212,6.923134803771973,0.285750150680542,0.3208956718444824,0.06784079968929291,,,,dqn_icm,cartpole,dense,0.001,0.99,1,1.0
971,10.0,10,0.050000000000000044,0.14781351387500763,7.123772621154785,0.2878399193286896,0.2210908681154251,0.10785830020904541,,,,dqn_icm,cartpole,dense,0.001,0.99,1,1.0
972,9.0,9,0.050000000000000044,0.12350879609584808,7.11940860748291,0.254608154296875,0.2210908681154251,0.10785830020904541,,,,dqn_icm,cartpole,dense,0.001,0.99,1,1.0
973,8.0,8,0.050000000000000044,0.22561590373516083,7.070364952087402,0.40871548652648926,0.2210908681154251,0.10785830020904541,,,,dqn_icm,cartpole,dense,0.001,0.99,1,1.0
974,10.0,10,0.050000000000000044,0.28257322311401367,6.713794708251953,0.48979735374450684,0.2210908681154251,0.10785830020904541,,,,dqn_icm,cartpole,dense,0.001,0.99,1,1.0
975,8.0,8,0.050000000000000044,0.24934376776218414,6.764898300170898,0.4640083909034729,0.24492156505584717,0.0649498775601387,,,,dqn_icm,cartpole,dense,0.001,0.99,1,1.0
976,10.0,10,0.050000000000000044,0.11320774257183075,6.86555290222168,0.2343694269657135,0.24492156505584717,0.0649498775601387,,,,dqn_icm,cartpole,dense,0.001,0.99,1,1.0
977,8.0,8,0.050000000000000044,0.1454809308052063,7.388681888580322,0.2809674143791199,0.24492156505584717,0.0649498775601387,,,,dqn_icm,cartpole,dense,0.001,0.99,1,1.0
978,9.0,9,0.050000000000000044,0.06120486557483673,7.324862480163574,0.20285600423812866,0.24492156505584717,0.0649498775601387,,,,dqn_icm,cartpole,dense,0.001,0.99,1,1.0
979,10.0,10,0.050000000000000044,0.24808186292648315,6.964806079864502,0.4113353192806244,0.23378407955169678,0.05604207515716553,,,,dqn_icm,cartpole,dense,0.001,0.99,1,1.0
980,8.0,8,0.050000000000000044,0.177339568734169,6.581775665283203,0.34536588191986084,0.23378407955169678,0.05604207515716553,,,,dqn_icm,cartpole,dense,0.001,0.99,1,1.0
981,10.0,10,0.050000000000000044,0.18593040108680725,6.602723121643066,0.3438381552696228,0.23378407955169678,0.05604207515716553,,,,dqn_icm,cartpole,dense,0.001,0.99,1,1.0
982,10.0,10,0.050000000000000044,0.2577206492424011,6.677818775177002,0.43120574951171875,0.23378407955169678,0.05604207515716553,,,,dqn_icm,cartpole,dense,0.001,0.99,1,1.0
983,10.0,10,0.050000000000000044,0.15738607943058014,7.010562896728516,0.27405691146850586,0.23378407955169678,0.05604207515716553,,,,dqn_icm,cartpole,dense,0.001,0.99,1,1.0
984,11.0,11,0.050000000000000044,0.16371813416481018,6.917798042297363,0.3503708839416504,0.23366814851760864,0.07477172464132309,,,,dqn_icm,cartpole,dense,0.001,0.99,1,1.0
985,12.0,12,0.050000000000000044,0.29175686836242676,6.546059608459473,0.4898379445075989,0.23366814851760864,0.07477172464132309,,,,dqn_icm,cartpole,dense,0.001,0.99,1,1.0
986,9.0,9,0.050000000000000044,0.13058063387870789,6.673839569091797,0.26321378350257874,0.23366814851760864,0.07477172464132309,,,,dqn_icm,cartpole,dense,0.001,0.99,1,1.0
987,10.0,10,0.050000000000000044,0.846859335899353,6.93533992767334,1.2916889190673828,0.3823685348033905,0.0744679644703865,,,,dqn_icm,cartpole,dense,0.001,0.99,1,1.0
988,9.0,9,0.050000000000000044,0.6643047332763672,6.796527862548828,1.1050230264663696,0.3823685348033905,0.0744679644703865,,,,dqn_icm,cartpole,dense,0.001,0.99,1,1.0
989,10.0,10,0.050000000000000044,0.44945013523101807,6.6518778800964355,0.8761679530143738,0.3823685348033905,0.0744679644703865,,,,dqn_icm,cartpole,dense,0.001,0.99,1,1.0
990,8.0,8,0.050000000000000044,0.31503432989120483,7.568270683288574,0.7119361162185669,0.3823685348033905,0.0744679644703865,,,,dqn_icm,cartpole,dense,0.001,0.99,1,1.0
991,10.0,10,0.050000000000000044,0.21048827469348907,8.019540786743164,0.3797868490219116,0.3823685348033905,0.0744679644703865,,,,dqn_icm,cartpole,dense,0.001,0.99,1,1.0
992,9.0,9,0.050000000000000044,0.3394466042518616,7.26576042175293,0.6523401141166687,0.3558310270309448,0.07963457703590393,,,,dqn_icm,cartpole,dense,0.001,0.99,1,1.0
993,10.0,10,0.050000000000000044,0.1617414653301239,7.839666366577148,0.4889088273048401,0.3558310270309448,0.07963457703590393,,,,dqn_icm,cartpole,dense,0.001,0.99,1,1.0
994,11.0,11,0.050000000000000044,0.10318855941295624,7.846011161804199,0.3757878839969635,0.3558310270309448,0.07963457703590393,,,,dqn_icm,cartpole,dense,0.001,0.99,1,1.0
995,10.0,10,0.050000000000000044,0.1364864557981491,7.100348472595215,0.29720932245254517,0.3558310270309448,0.07963457703590393,,,,dqn_icm,cartpole,dense,0.001,0.99,1,1.0
996,10.0,10,0.050000000000000044,0.12009672075510025,7.143162727355957,0.315224289894104,0.3213338553905487,0.08650574088096619,,,,dqn_icm,cartpole,dense,0.001,0.99,1,1.0
997,10.0,10,0.050000000000000044,0.1404431015253067,6.873466491699219,0.3673911988735199,0.3213338553905487,0.08650574088096619,,,,dqn_icm,cartpole,dense,0.001,0.99,1,1.0
998,10.0,10,0.050000000000000044,0.12219659984111786,7.25435733795166,0.3440256714820862,0.3213338553905487,0.08650574088096619,,,,dqn_icm,cartpole,dense,0.001,0.99,1,1.0
999,9.0,9,0.050000000000000044,0.09360943734645844,6.456735134124756,0.27593672275543213,0.3213338553905487,0.08650574088096619,,,,dqn_icm,cartpole,dense,0.001,0.99,1,1.0
1000,9.0,9,0.050000000000000044,0.051401399075984955,7.4106340408325195,0.22221870720386505,0.27955523133277893,0.03934933990240097,9.6,0.66332495807108,9.6,dqn_icm,cartpole,dense,0.001,0.99,1,1.0
