seed,episode,reward,episode_length,loss,eval_success_rate,intrinsic_reward,policy_entropy,algorithm,learning_rate,gamma,env_name,reward_type
2,1,-1.0,200,0.006990381516516209,-1.0,0.00044709318899549544,0.0,DQN_RND,0.001,0.99,mountaincar,sparse
2,2,-1.0,200,0.0029025014955550432,-1.0,0.0004465033707674593,0.0,DQN_RND,0.001,0.99,mountaincar,sparse
2,3,-1.0,200,0.0049951085820794106,-1.0,0.0004930805880576372,0.0,DQN_RND,0.001,0.99,mountaincar,sparse
2,4,-1.0,200,0.004837180022150278,-1.0,0.0004340212617535144,0.0,DQN_RND,0.001,0.99,mountaincar,sparse
2,5,-1.0,200,0.0046417140401899815,-1.0,0.0004617177473846823,0.0,DQN_RND,0.001,0.99,mountaincar,sparse
2,6,-1.0,200,0.004662938416004181,-1.0,0.0004749356594402343,0.0,DQN_RND,0.001,0.99,mountaincar,sparse
2,7,-1.0,200,0.008594490587711334,-1.0,0.000518716115038842,0.0,DQN_RND,0.001,0.99,mountaincar,sparse
2,8,-1.0,200,0.0028030904941260815,-1.0,0.00043905273196287453,0.0,DQN_RND,0.001,0.99,mountaincar,sparse
2,9,-1.0,200,0.004769231658428907,-1.0,0.0004381552862469107,0.0,DQN_RND,0.001,0.99,mountaincar,sparse
2,10,-1.0,200,0.012842702679336071,-1.0,0.0004751752712763846,0.0,DQN_RND,0.001,0.99,mountaincar,sparse
2,11,-1.0,200,0.004732525907456875,-1.0,0.00047562597319483757,0.0,DQN_RND,0.001,0.99,mountaincar,sparse
2,12,-1.0,200,0.0008061345433816314,-1.0,0.0004588989831972867,0.0,DQN_RND,0.001,0.99,mountaincar,sparse
2,13,-1.0,200,0.010473141446709633,-1.0,0.0004589151940308511,0.0,DQN_RND,0.001,0.99,mountaincar,sparse
2,14,-1.0,200,0.008868983015418053,-1.0,0.0004742090532090515,0.0,DQN_RND,0.001,0.99,mountaincar,sparse
2,15,-1.0,200,0.004762052558362484,-1.0,0.0004493040032684803,0.0,DQN_RND,0.001,0.99,mountaincar,sparse
2,16,-1.0,200,0.00852661021053791,-1.0,0.0004753016692120582,0.0,DQN_RND,0.001,0.99,mountaincar,sparse
2,17,-1.0,200,0.006629525683820248,-1.0,0.00045667606173083186,0.0,DQN_RND,0.001,0.99,mountaincar,sparse
2,18,-1.0,200,0.006606686860322952,-1.0,0.0004420996701810509,0.0,DQN_RND,0.001,0.99,mountaincar,sparse
2,19,-1.0,200,0.004686801228672266,-1.0,0.0004332764365244657,0.0,DQN_RND,0.001,0.99,mountaincar,sparse
2,20,-1.0,200,0.004555669613182545,-1.0,0.0004281265428289771,0.0,DQN_RND,0.001,0.99,mountaincar,sparse
2,21,-1.0,200,0.0027140225283801556,-1.0,0.0004925834364257753,0.0,DQN_RND,0.001,0.99,mountaincar,sparse
2,22,-1.0,200,0.01060834527015686,-1.0,0.000439677678514272,0.0,DQN_RND,0.001,0.99,mountaincar,sparse
2,23,-1.0,200,0.004480390809476376,-1.0,0.00041213465738110244,0.0,DQN_RND,0.001,0.99,mountaincar,sparse
2,24,-1.0,200,0.0027595970313996077,-1.0,0.0004509832651820034,0.0,DQN_RND,0.001,0.99,mountaincar,sparse
2,25,-1.0,200,0.008503148332238197,-1.0,0.0004731658846139908,0.0,DQN_RND,0.001,0.99,mountaincar,sparse
2,26,-1.0,200,0.00263598351739347,-1.0,0.00042323212255723774,0.0,DQN_RND,0.001,0.99,mountaincar,sparse
2,27,-1.0,200,0.008463559672236443,-1.0,0.00044193159556016326,0.0,DQN_RND,0.001,0.99,mountaincar,sparse
2,28,-1.0,200,0.006723840720951557,-1.0,0.00046051430399529636,0.0,DQN_RND,0.001,0.99,mountaincar,sparse
2,29,-1.0,200,0.004748051054775715,-1.0,0.00044458324555307627,0.0,DQN_RND,0.001,0.99,mountaincar,sparse
2,30,-1.0,200,0.010278390720486641,-1.0,0.000450272171292454,0.0,DQN_RND,0.001,0.99,mountaincar,sparse
2,31,-1.0,200,0.006703789345920086,-1.0,0.0004231090715620667,0.0,DQN_RND,0.001,0.99,mountaincar,sparse
2,32,-1.0,200,0.0046005272306501865,-1.0,0.00043750545592047274,0.0,DQN_RND,0.001,0.99,mountaincar,sparse
2,33,-1.0,200,0.00855307374149561,-1.0,0.0004279548302292824,0.0,DQN_RND,0.001,0.99,mountaincar,sparse
2,34,-1.0,200,0.010448673740029335,-1.0,0.0004241645219735801,0.0,DQN_RND,0.001,0.99,mountaincar,sparse
2,35,-1.0,200,0.008539190515875816,-1.0,0.0005025219288654625,0.0,DQN_RND,0.001,0.99,mountaincar,sparse
2,36,-1.0,200,0.004595798905938864,-1.0,0.00044673768570646644,0.0,DQN_RND,0.001,0.99,mountaincar,sparse
2,37,-1.0,200,0.004564229398965836,-1.0,0.0005114952218718827,0.0,DQN_RND,0.001,0.99,mountaincar,sparse
2,38,-1.0,200,0.006633962970227003,-1.0,0.0004343487962614745,0.0,DQN_RND,0.001,0.99,mountaincar,sparse
2,39,-1.0,200,0.00842557568103075,-1.0,0.00043353246292099357,0.0,DQN_RND,0.001,0.99,mountaincar,sparse
2,40,-1.0,200,0.0024860980920493603,-1.0,0.00044047183473594487,0.0,DQN_RND,0.001,0.99,mountaincar,sparse
2,41,-1.0,200,0.008498961105942726,-1.0,0.00042537919944152236,0.0,DQN_RND,0.001,0.99,mountaincar,sparse
2,42,-1.0,200,0.006496031768620014,-1.0,0.000475951237604022,0.0,DQN_RND,0.001,0.99,mountaincar,sparse
2,43,-1.0,200,0.0005970743950456381,-1.0,0.00046909155207686126,0.0,DQN_RND,0.001,0.99,mountaincar,sparse
2,44,-1.0,200,0.010297179222106934,-1.0,0.0004176370275672525,0.0,DQN_RND,0.001,0.99,mountaincar,sparse
2,45,-1.0,200,0.004679548554122448,-1.0,0.0004437906900420785,0.0,DQN_RND,0.001,0.99,mountaincar,sparse
2,46,-1.0,200,0.010366621427237988,-1.0,0.000427696097176522,0.0,DQN_RND,0.001,0.99,mountaincar,sparse
2,47,-1.0,200,0.010432280600070953,-1.0,0.0004951205919496715,0.0,DQN_RND,0.001,0.99,mountaincar,sparse
2,48,-1.0,200,0.004638941492885351,-1.0,0.0004611506301444024,0.0,DQN_RND,0.001,0.99,mountaincar,sparse
2,49,-1.0,200,0.000549538410268724,-1.0,0.0004617799713741988,0.0,DQN_RND,0.001,0.99,mountaincar,sparse
2,50,-1.0,200,0.012329624965786934,-1.0,0.00041650081402622163,0.0,DQN_RND,0.001,0.99,mountaincar,sparse
2,51,-1.0,200,0.006420751567929983,-1.0,0.0004343556647654623,0.0,DQN_RND,0.001,0.99,mountaincar,sparse
2,52,-1.0,200,0.004543893970549107,-1.0,0.00045586033957079053,0.0,DQN_RND,0.001,0.99,mountaincar,sparse
2,53,-1.0,200,0.010517840273678303,-1.0,0.00043739567627198994,0.0,DQN_RND,0.001,0.99,mountaincar,sparse
2,54,-1.0,200,0.004476301372051239,-1.0,0.00042073329677805305,0.0,DQN_RND,0.001,0.99,mountaincar,sparse
2,55,-1.0,200,0.0024449683260172606,-1.0,0.00043998222099617124,0.0,DQN_RND,0.001,0.99,mountaincar,sparse
2,56,-1.0,200,0.002448726212605834,-1.0,0.00043748042662627995,0.0,DQN_RND,0.001,0.99,mountaincar,sparse
2,57,-1.0,200,0.0025860455352813005,-1.0,0.00042304463568143547,0.0,DQN_RND,0.001,0.99,mountaincar,sparse
2,58,-1.0,200,0.004376123659312725,-1.0,0.0004227196623105556,0.0,DQN_RND,0.001,0.99,mountaincar,sparse
2,59,-1.0,200,0.0024619707837700844,-1.0,0.0004270067438483238,0.0,DQN_RND,0.001,0.99,mountaincar,sparse
2,60,-1.0,200,0.006516035180538893,-1.0,0.00043917822767980397,0.0,DQN_RND,0.001,0.99,mountaincar,sparse
2,61,-1.0,200,0.006497498601675034,-1.0,0.0004455791204236448,0.0,DQN_RND,0.001,0.99,mountaincar,sparse
2,62,-1.0,200,0.006389692425727844,-1.0,0.000418040290242061,0.0,DQN_RND,0.001,0.99,mountaincar,sparse
2,63,-1.0,200,0.00660205353051424,-1.0,0.0004229854675941169,0.0,DQN_RND,0.001,0.99,mountaincar,sparse
2,64,-1.0,200,0.012322574853897095,-1.0,0.00041930482257157564,0.0,DQN_RND,0.001,0.99,mountaincar,sparse
2,65,-1.0,200,0.004433657042682171,-1.0,0.0004271616053301841,0.0,DQN_RND,0.001,0.99,mountaincar,sparse
2,66,-1.0,200,0.004290090873837471,-1.0,0.0004234807565808296,0.0,DQN_RND,0.001,0.99,mountaincar,sparse
2,67,-1.0,200,0.004566662013530731,-1.0,0.0003900001756846905,0.0,DQN_RND,0.001,0.99,mountaincar,sparse
2,68,-1.0,200,0.008428903296589851,-1.0,0.0004728454223368317,0.0,DQN_RND,0.001,0.99,mountaincar,sparse
2,69,-1.0,200,0.006589806172996759,-1.0,0.0004340583982411772,0.0,DQN_RND,0.001,0.99,mountaincar,sparse
2,70,-1.0,200,0.008459292352199554,-1.0,0.0004158343654125929,0.0,DQN_RND,0.001,0.99,mountaincar,sparse
2,71,-1.0,200,0.0023817899636924267,-1.0,0.0004498348571360111,0.0,DQN_RND,0.001,0.99,mountaincar,sparse
2,72,-1.0,200,0.008132129907608032,-1.0,0.00045765971299260855,0.0,DQN_RND,0.001,0.99,mountaincar,sparse
2,73,-1.0,200,0.004391964990645647,-1.0,0.0004077409394085407,0.0,DQN_RND,0.001,0.99,mountaincar,sparse
2,74,-1.0,200,0.004322689026594162,-1.0,0.00042460396070964634,0.0,DQN_RND,0.001,0.99,mountaincar,sparse
2,75,-1.0,200,0.00041363495984114707,-1.0,0.00042190137901343405,0.0,DQN_RND,0.001,0.99,mountaincar,sparse
2,76,-1.0,200,0.0064118485897779465,-1.0,0.0004344593908172101,0.0,DQN_RND,0.001,0.99,mountaincar,sparse
2,77,-1.0,200,0.010400764644145966,-1.0,0.000432342232670635,0.0,DQN_RND,0.001,0.99,mountaincar,sparse
2,78,-1.0,200,0.004371958784759045,-1.0,0.00042525777826085687,0.0,DQN_RND,0.001,0.99,mountaincar,sparse
2,79,-1.0,200,0.008346159011125565,-1.0,0.00044834715663455427,0.0,DQN_RND,0.001,0.99,mountaincar,sparse
2,80,-1.0,200,0.004407025407999754,-1.0,0.000421669683419168,0.0,DQN_RND,0.001,0.99,mountaincar,sparse
2,81,-1.0,200,0.008233869448304176,-1.0,0.0004146641294937581,0.0,DQN_RND,0.001,0.99,mountaincar,sparse
2,82,-1.0,200,0.004452981054782867,-1.0,0.00043103998177684844,0.0,DQN_RND,0.001,0.99,mountaincar,sparse
2,83,-1.0,200,0.008206535130739212,-1.0,0.0004212570784147829,0.0,DQN_RND,0.001,0.99,mountaincar,sparse
2,84,-1.0,200,0.00232148845680058,-1.0,0.0004153344198130071,0.0,DQN_RND,0.001,0.99,mountaincar,sparse
2,85,-1.0,200,0.002307708840817213,-1.0,0.00042712106369435787,0.0,DQN_RND,0.001,0.99,mountaincar,sparse
2,86,-1.0,200,0.01020551472902298,-1.0,0.00040443945908918977,0.0,DQN_RND,0.001,0.99,mountaincar,sparse
2,87,-1.0,200,0.010240932926535606,-1.0,0.00040287571027874947,0.0,DQN_RND,0.001,0.99,mountaincar,sparse
2,88,-1.0,200,0.008446767926216125,-1.0,0.00042288153781555593,0.0,DQN_RND,0.001,0.99,mountaincar,sparse
2,89,-1.0,200,0.013907033950090408,-1.0,0.00040492755942977965,0.0,DQN_RND,0.001,0.99,mountaincar,sparse
2,90,-1.0,200,0.004212222062051296,-1.0,0.00043119132169522345,0.0,DQN_RND,0.001,0.99,mountaincar,sparse
2,91,-1.0,200,0.012003724463284016,-1.0,0.00042356070480309427,0.0,DQN_RND,0.001,0.99,mountaincar,sparse
2,92,-1.0,200,0.008314349688589573,-1.0,0.00043725641444325447,0.0,DQN_RND,0.001,0.99,mountaincar,sparse
2,93,-1.0,200,0.006198596209287643,-1.0,0.00039995074621401727,0.0,DQN_RND,0.001,0.99,mountaincar,sparse
2,94,-1.0,200,0.0023208418861031532,-1.0,0.0003956810396630317,0.0,DQN_RND,0.001,0.99,mountaincar,sparse
2,95,-1.0,200,0.00034577163751237094,-1.0,0.000397815543692559,0.0,DQN_RND,0.001,0.99,mountaincar,sparse
2,96,-1.0,200,0.0062212334014475346,-1.0,0.00039977082633413374,0.0,DQN_RND,0.001,0.99,mountaincar,sparse
2,97,-1.0,200,0.004241940099745989,-1.0,0.0004482448857743293,0.0,DQN_RND,0.001,0.99,mountaincar,sparse
2,98,-1.0,200,0.006229596212506294,-1.0,0.0004133296897634864,0.0,DQN_RND,0.001,0.99,mountaincar,sparse
2,99,-1.0,200,0.008193925954401493,-1.0,0.00039072977961041033,0.0,DQN_RND,0.001,0.99,mountaincar,sparse
2,100,-1.0,200,0.004326187539845705,-1.0,0.00043423380702733994,0.0,DQN_RND,0.001,0.99,mountaincar,sparse
2,101,-1.0,200,0.006126021966338158,-1.0,0.00041243931627832353,0.0,DQN_RND,0.001,0.99,mountaincar,sparse
2,102,-1.0,200,0.002293684519827366,-1.0,0.00039657048182561994,0.0,DQN_RND,0.001,0.99,mountaincar,sparse
2,103,-1.0,200,0.010195489972829819,-1.0,0.000425846257712692,0.0,DQN_RND,0.001,0.99,mountaincar,sparse
2,104,-1.0,200,0.004207538440823555,-1.0,0.0004115503979846835,0.0,DQN_RND,0.001,0.99,mountaincar,sparse
2,105,-1.0,200,0.00821791123598814,-1.0,0.0004305202455725521,0.0,DQN_RND,0.001,0.99,mountaincar,sparse
2,106,-1.0,200,0.004220794886350632,-1.0,0.00043721715337596834,0.0,DQN_RND,0.001,0.99,mountaincar,sparse
2,107,-1.0,200,0.004199827089905739,-1.0,0.0003975221188738942,0.0,DQN_RND,0.001,0.99,mountaincar,sparse
2,108,-1.0,200,0.0003153921861667186,-1.0,0.00042023821151815355,0.0,DQN_RND,0.001,0.99,mountaincar,sparse
2,109,-1.0,200,0.0022143812384456396,-1.0,0.0004169394087512046,0.0,DQN_RND,0.001,0.99,mountaincar,sparse
2,110,-1.0,200,0.0003164014487992972,-1.0,0.0003855912364087999,0.0,DQN_RND,0.001,0.99,mountaincar,sparse
2,111,-1.0,200,0.002341893734410405,-1.0,0.0004071516450494528,0.0,DQN_RND,0.001,0.99,mountaincar,sparse
2,112,-1.0,200,0.004279786720871925,-1.0,0.0004257192777004093,0.0,DQN_RND,0.001,0.99,mountaincar,sparse
2,113,-1.0,200,0.004258038476109505,-1.0,0.0004112777824047953,0.0,DQN_RND,0.001,0.99,mountaincar,sparse
2,114,-1.0,200,0.008270475082099438,-1.0,0.00038887347909621894,0.0,DQN_RND,0.001,0.99,mountaincar,sparse
2,115,-1.0,200,0.0083455890417099,-1.0,0.00044008769327774644,0.0,DQN_RND,0.001,0.99,mountaincar,sparse
2,116,-1.0,200,0.002261009532958269,-1.0,0.00041587103623896837,0.0,DQN_RND,0.001,0.99,mountaincar,sparse
2,117,-1.0,200,0.010153843089938164,-1.0,0.0004309082287363708,0.0,DQN_RND,0.001,0.99,mountaincar,sparse
2,118,-1.0,200,0.008203496225178242,-1.0,0.0004251647915225476,0.0,DQN_RND,0.001,0.99,mountaincar,sparse
2,119,-1.0,200,0.006171143613755703,-1.0,0.0003678213688544929,0.0,DQN_RND,0.001,0.99,mountaincar,sparse
2,120,-1.0,200,0.006111171096563339,-1.0,0.00037560402415692806,0.0,DQN_RND,0.001,0.99,mountaincar,sparse
2,121,-1.0,200,0.00027051224606111646,-1.0,0.00040667029679752886,0.0,DQN_RND,0.001,0.99,mountaincar,sparse
2,122,-1.0,200,0.010254530236124992,-1.0,0.0004131970927119255,0.0,DQN_RND,0.001,0.99,mountaincar,sparse
2,123,-1.0,200,0.00028145950636826456,-1.0,0.0004092028539162129,0.0,DQN_RND,0.001,0.99,mountaincar,sparse
2,124,-1.0,200,0.004170638974756002,-1.0,0.0003985688090324402,0.0,DQN_RND,0.001,0.99,mountaincar,sparse
2,125,-1.0,200,0.0022081995848566294,-1.0,0.0004316863196436316,0.0,DQN_RND,0.001,0.99,mountaincar,sparse
2,126,-1.0,200,0.0042681824415922165,-1.0,0.0003913959371857345,0.0,DQN_RND,0.001,0.99,mountaincar,sparse
2,127,-1.0,200,0.01186450570821762,-1.0,0.0004407841188367456,0.0,DQN_RND,0.001,0.99,mountaincar,sparse
2,128,-1.0,200,0.00433185463771224,-1.0,0.00040761238778941333,0.0,DQN_RND,0.001,0.99,mountaincar,sparse
2,129,-1.0,200,0.0022132177837193012,-1.0,0.00041391761624254286,0.0,DQN_RND,0.001,0.99,mountaincar,sparse
2,130,-1.0,200,0.00818533543497324,-1.0,0.00043039064621552825,0.0,DQN_RND,0.001,0.99,mountaincar,sparse
2,131,-1.0,200,0.006171667482703924,-1.0,0.00040761090349406004,0.0,DQN_RND,0.001,0.99,mountaincar,sparse
2,132,-1.0,200,0.012132869102060795,-1.0,0.00039114171522669494,0.0,DQN_RND,0.001,0.99,mountaincar,sparse
2,133,-1.0,200,0.0021795628126710653,-1.0,0.00042762860539369285,0.0,DQN_RND,0.001,0.99,mountaincar,sparse
2,134,-1.0,200,0.006154760718345642,-1.0,0.00040065168286673725,0.0,DQN_RND,0.001,0.99,mountaincar,sparse
2,135,-1.0,200,0.0002554205129854381,-1.0,0.00040716188959777355,0.0,DQN_RND,0.001,0.99,mountaincar,sparse
2,136,-1.0,200,0.00024712522281333804,-1.0,0.00038628806942142546,0.0,DQN_RND,0.001,0.99,mountaincar,sparse
2,137,-1.0,200,0.006204625591635704,-1.0,0.00041965144919231534,0.0,DQN_RND,0.001,0.99,mountaincar,sparse
2,138,-1.0,200,0.004217610228806734,-1.0,0.0004041146894451231,0.0,DQN_RND,0.001,0.99,mountaincar,sparse
2,139,-1.0,200,0.011968066915869713,-1.0,0.00037849394720979035,0.0,DQN_RND,0.001,0.99,mountaincar,sparse
2,140,-1.0,200,0.008268247358500957,-1.0,0.00037621744559146464,0.0,DQN_RND,0.001,0.99,mountaincar,sparse
2,141,-1.0,200,0.002246168674901128,-1.0,0.00041831829003058374,0.0,DQN_RND,0.001,0.99,mountaincar,sparse
2,142,-1.0,200,0.00021857339015696198,-1.0,0.000401860277634114,0.0,DQN_RND,0.001,0.99,mountaincar,sparse
2,143,-1.0,200,0.0042730653658509254,-1.0,0.0003942240437027067,0.0,DQN_RND,0.001,0.99,mountaincar,sparse
2,144,-1.0,200,0.002136087045073509,-1.0,0.0004117284552194178,0.0,DQN_RND,0.001,0.99,mountaincar,sparse
2,145,-1.0,200,0.00804980844259262,-1.0,0.0004237506946083158,0.0,DQN_RND,0.001,0.99,mountaincar,sparse
2,146,-1.0,200,0.004196505527943373,-1.0,0.0003861215664073825,0.0,DQN_RND,0.001,0.99,mountaincar,sparse
2,147,-1.0,200,0.0060596466064453125,-1.0,0.00038548160227946937,0.0,DQN_RND,0.001,0.99,mountaincar,sparse
2,148,-1.0,200,0.008124306797981262,-1.0,0.0004427935928106308,0.0,DQN_RND,0.001,0.99,mountaincar,sparse
2,149,-1.0,200,0.004130237735807896,-1.0,0.0003785834996961057,0.0,DQN_RND,0.001,0.99,mountaincar,sparse
2,150,-1.0,200,0.0022509365808218718,-1.0,0.00040337530663236976,0.0,DQN_RND,0.001,0.99,mountaincar,sparse
2,151,-1.0,200,0.004180719144642353,-1.0,0.0003981634508818388,0.0,DQN_RND,0.001,0.99,mountaincar,sparse
2,152,-1.0,200,0.010147109627723694,-1.0,0.00040862098103389144,0.0,DQN_RND,0.001,0.99,mountaincar,sparse
2,153,-1.0,200,0.002214941196143627,-1.0,0.0004519157810136676,0.0,DQN_RND,0.001,0.99,mountaincar,sparse
2,154,-1.0,200,0.014102380722761154,-1.0,0.00039639166789129376,0.0,DQN_RND,0.001,0.99,mountaincar,sparse
2,155,-1.0,200,0.010097084566950798,-1.0,0.00041289435466751456,0.0,DQN_RND,0.001,0.99,mountaincar,sparse
2,156,-1.0,200,0.0021409811452031136,-1.0,0.00038751334068365395,0.0,DQN_RND,0.001,0.99,mountaincar,sparse
2,157,-1.0,200,0.006128599867224693,-1.0,0.0003908486687578261,0.0,DQN_RND,0.001,0.99,mountaincar,sparse
2,158,-1.0,200,0.0021285368129611015,-1.0,0.0004402772174216807,0.0,DQN_RND,0.001,0.99,mountaincar,sparse
2,159,-1.0,200,0.008252160623669624,-1.0,0.000424813391873613,0.0,DQN_RND,0.001,0.99,mountaincar,sparse
2,160,-1.0,200,0.008168836124241352,-1.0,0.00040639619692228734,0.0,DQN_RND,0.001,0.99,mountaincar,sparse
2,161,-1.0,200,0.008249292150139809,-1.0,0.0004066780093125999,0.0,DQN_RND,0.001,0.99,mountaincar,sparse
2,162,-1.0,200,0.014031998813152313,-1.0,0.0003937693254556507,0.0,DQN_RND,0.001,0.99,mountaincar,sparse
2,163,-1.0,200,0.004129178822040558,-1.0,0.0003895803529303521,0.0,DQN_RND,0.001,0.99,mountaincar,sparse
2,164,-1.0,200,0.008006837218999863,-1.0,0.0003838027478195727,0.0,DQN_RND,0.001,0.99,mountaincar,sparse
2,165,-1.0,200,0.011974286288022995,-1.0,0.0004219551046844572,0.0,DQN_RND,0.001,0.99,mountaincar,sparse
2,166,-1.0,200,0.004171743988990784,-1.0,0.00039539148565381765,0.0,DQN_RND,0.001,0.99,mountaincar,sparse
2,167,-1.0,200,0.00997360423207283,-1.0,0.0004020364140160382,0.0,DQN_RND,0.001,0.99,mountaincar,sparse
2,168,-1.0,200,0.004095405340194702,-1.0,0.00038241775473579764,0.0,DQN_RND,0.001,0.99,mountaincar,sparse
2,169,-1.0,200,0.0021207707468420267,-1.0,0.00041259979479946196,0.0,DQN_RND,0.001,0.99,mountaincar,sparse
2,170,-1.0,200,0.004148861858993769,-1.0,0.0003708604199346155,0.0,DQN_RND,0.001,0.99,mountaincar,sparse
2,171,-1.0,200,0.004072720650583506,-1.0,0.0003869266074616462,0.0,DQN_RND,0.001,0.99,mountaincar,sparse
2,172,-1.0,200,0.004101854749023914,-1.0,0.00039900129195302725,0.0,DQN_RND,0.001,0.99,mountaincar,sparse
2,173,-1.0,200,0.0021257540211081505,-1.0,0.00038453322486020625,0.0,DQN_RND,0.001,0.99,mountaincar,sparse
2,174,-1.0,200,0.00016099592903628945,-1.0,0.00036297860788181424,0.0,DQN_RND,0.001,0.99,mountaincar,sparse
2,175,-1.0,200,0.004092392977327108,-1.0,0.0004158997326157987,0.0,DQN_RND,0.001,0.99,mountaincar,sparse
2,176,-1.0,200,0.008004046976566315,-1.0,0.00039057398680597544,0.0,DQN_RND,0.001,0.99,mountaincar,sparse
2,177,-1.0,200,0.006067637819796801,-1.0,0.00039138004649430513,0.0,DQN_RND,0.001,0.99,mountaincar,sparse
2,178,-1.0,200,0.014033944346010685,-1.0,0.0003860906872432679,0.0,DQN_RND,0.001,0.99,mountaincar,sparse
2,179,-1.0,200,0.004097303841263056,-1.0,0.00040286441799253225,0.0,DQN_RND,0.001,0.99,mountaincar,sparse
2,180,-1.0,200,0.008097046986222267,-1.0,0.0003821146092377603,0.0,DQN_RND,0.001,0.99,mountaincar,sparse
2,181,-1.0,200,0.00822887010872364,-1.0,0.0003828162734862417,0.0,DQN_RND,0.001,0.99,mountaincar,sparse
2,182,-1.0,200,0.004137048032134771,-1.0,0.0003968488599639386,0.0,DQN_RND,0.001,0.99,mountaincar,sparse
2,183,-1.0,200,0.005983327981084585,-1.0,0.0003631500876508653,0.0,DQN_RND,0.001,0.99,mountaincar,sparse
2,184,-1.0,200,0.006139538250863552,-1.0,0.0003720351087395102,0.0,DQN_RND,0.001,0.99,mountaincar,sparse
2,185,-1.0,200,0.00016161779058165848,-1.0,0.00039356088382191956,0.0,DQN_RND,0.001,0.99,mountaincar,sparse
2,186,-1.0,200,0.00803949311375618,-1.0,0.00037767994217574596,0.0,DQN_RND,0.001,0.99,mountaincar,sparse
2,187,-1.0,200,0.007975621148943901,-1.0,0.00042281619971618056,0.0,DQN_RND,0.001,0.99,mountaincar,sparse
2,188,-1.0,200,0.002110113622620702,-1.0,0.0004254519590176642,0.0,DQN_RND,0.001,0.99,mountaincar,sparse
2,189,-1.0,200,0.0021147290244698524,-1.0,0.0003795121447183192,0.0,DQN_RND,0.001,0.99,mountaincar,sparse
2,190,-1.0,200,0.004096304532140493,-1.0,0.000367562985047698,0.0,DQN_RND,0.001,0.99,mountaincar,sparse
2,191,-1.0,200,0.002085641957819462,-1.0,0.0004147605213802308,0.0,DQN_RND,0.001,0.99,mountaincar,sparse
2,192,-1.0,200,0.0040633417665958405,-1.0,0.0003715920029208064,0.0,DQN_RND,0.001,0.99,mountaincar,sparse
2,193,-1.0,200,0.00015923785394988954,-1.0,0.0003762287669815123,0.0,DQN_RND,0.001,0.99,mountaincar,sparse
2,194,-1.0,200,0.00994420051574707,-1.0,0.0003796812379732728,0.0,DQN_RND,0.001,0.99,mountaincar,sparse
2,195,-1.0,200,0.0021237439941614866,-1.0,0.00038691028021275997,0.0,DQN_RND,0.001,0.99,mountaincar,sparse
2,196,-1.0,200,0.010078770108520985,-1.0,0.00039551532245241106,0.0,DQN_RND,0.001,0.99,mountaincar,sparse
2,197,-1.0,200,0.006065767258405685,-1.0,0.0004123691760469228,0.0,DQN_RND,0.001,0.99,mountaincar,sparse
2,198,-1.0,200,0.006105527281761169,-1.0,0.0004039317136630416,0.0,DQN_RND,0.001,0.99,mountaincar,sparse
2,199,-1.0,200,0.0021008276380598545,-1.0,0.0003930155362468213,0.0,DQN_RND,0.001,0.99,mountaincar,sparse
2,200,-1.0,200,0.004131809342652559,-1.0,0.0003590670821722597,0.0,DQN_RND,0.001,0.99,mountaincar,sparse
2,201,-1.0,200,0.011957588605582714,-1.0,0.00037611761945299804,0.0,DQN_RND,0.001,0.99,mountaincar,sparse
2,202,-1.0,200,0.008014816790819168,-1.0,0.00042596826096996665,0.0,DQN_RND,0.001,0.99,mountaincar,sparse
2,203,-1.0,200,0.0020776877645403147,-1.0,0.00037285484722815454,0.0,DQN_RND,0.001,0.99,mountaincar,sparse
2,204,-1.0,200,0.006134822033345699,-1.0,0.0003807149769272655,0.0,DQN_RND,0.001,0.99,mountaincar,sparse
2,205,-1.0,200,0.00013415396097116172,-1.0,0.0003791107446886599,0.0,DQN_RND,0.001,0.99,mountaincar,sparse
2,206,-1.0,200,0.002098893281072378,-1.0,0.0003701677778735757,0.0,DQN_RND,0.001,0.99,mountaincar,sparse
2,207,-1.0,200,0.0061448365449905396,-1.0,0.00037578612682409585,0.0,DQN_RND,0.001,0.99,mountaincar,sparse
2,208,-1.0,200,0.006138697732239962,-1.0,0.00038143142592161894,0.0,DQN_RND,0.001,0.99,mountaincar,sparse
2,209,-1.0,200,0.00611176248639822,-1.0,0.00038236184627749026,0.0,DQN_RND,0.001,0.99,mountaincar,sparse
2,210,-1.0,200,0.006029076874256134,-1.0,0.00038175834924913943,0.0,DQN_RND,0.001,0.99,mountaincar,sparse
2,211,-1.0,200,0.01002505887299776,-1.0,0.00039228814421221614,0.0,DQN_RND,0.001,0.99,mountaincar,sparse
2,212,-1.0,200,0.004066609777510166,-1.0,0.00041269088978879154,0.0,DQN_RND,0.001,0.99,mountaincar,sparse
2,213,-1.0,200,0.0001345224300166592,-1.0,0.00037566691753454506,0.0,DQN_RND,0.001,0.99,mountaincar,sparse
2,214,-1.0,200,0.002150346292182803,-1.0,0.00038621280691586435,0.0,DQN_RND,0.001,0.99,mountaincar,sparse
2,215,-1.0,200,0.004157634451985359,-1.0,0.00037486100336536765,0.0,DQN_RND,0.001,0.99,mountaincar,sparse
2,216,-1.0,200,0.012008275836706161,-1.0,0.0003906958154402673,0.0,DQN_RND,0.001,0.99,mountaincar,sparse
2,217,-1.0,200,0.006011351943016052,-1.0,0.00037271998007781804,0.0,DQN_RND,0.001,0.99,mountaincar,sparse
2,218,-1.0,200,0.006127307191491127,-1.0,0.0003947426739614457,0.0,DQN_RND,0.001,0.99,mountaincar,sparse
2,219,-1.0,200,0.0021468698978424072,-1.0,0.0003701810201164335,0.0,DQN_RND,0.001,0.99,mountaincar,sparse
2,220,-1.0,200,0.004146142862737179,-1.0,0.00038198268157429993,0.0,DQN_RND,0.001,0.99,mountaincar,sparse
2,221,-1.0,200,0.0041612558998167515,-1.0,0.00040448555955663323,0.0,DQN_RND,0.001,0.99,mountaincar,sparse
2,222,-1.0,200,0.013882502913475037,-1.0,0.0003827657492365688,0.0,DQN_RND,0.001,0.99,mountaincar,sparse
2,223,-1.0,200,0.004166323691606522,-1.0,0.000346172513673082,0.0,DQN_RND,0.001,0.99,mountaincar,sparse
2,224,-1.0,200,0.007943595759570599,-1.0,0.00036272278521209955,0.0,DQN_RND,0.001,0.99,mountaincar,sparse
2,225,-1.0,200,0.00801105983555317,-1.0,0.000384218932595104,0.0,DQN_RND,0.001,0.99,mountaincar,sparse
2,226,-1.0,200,0.004035428166389465,-1.0,0.0003717746876645833,0.0,DQN_RND,0.001,0.99,mountaincar,sparse
2,227,-1.0,200,0.0061172000132501125,-1.0,0.00035171941271983087,0.0,DQN_RND,0.001,0.99,mountaincar,sparse
2,228,-1.0,200,0.006077785510569811,-1.0,0.00040136504685506225,0.0,DQN_RND,0.001,0.99,mountaincar,sparse
2,229,-1.0,200,0.0021137050352990627,-1.0,0.0003743878041859716,0.0,DQN_RND,0.001,0.99,mountaincar,sparse
2,230,-1.0,200,0.008114774711430073,-1.0,0.0003804465231951326,0.0,DQN_RND,0.001,0.99,mountaincar,sparse
2,231,-1.0,200,0.008021242916584015,-1.0,0.0004136005009058863,0.0,DQN_RND,0.001,0.99,mountaincar,sparse
2,232,-1.0,200,0.009900469332933426,-1.0,0.00034919159952551126,0.0,DQN_RND,0.001,0.99,mountaincar,sparse
2,233,-1.0,200,0.00606686482205987,-1.0,0.00035366605152375996,0.0,DQN_RND,0.001,0.99,mountaincar,sparse
2,234,-1.0,200,0.007979528978466988,-1.0,0.0003705988056026399,0.0,DQN_RND,0.001,0.99,mountaincar,sparse
2,235,-1.0,200,0.006018934305757284,-1.0,0.0003655184991657734,0.0,DQN_RND,0.001,0.99,mountaincar,sparse
2,236,-1.0,200,0.004098911304026842,-1.0,0.00035145855508744717,0.0,DQN_RND,0.001,0.99,mountaincar,sparse
2,237,-1.0,200,0.01007244922220707,-1.0,0.0003919928567484021,0.0,DQN_RND,0.001,0.99,mountaincar,sparse
2,238,-1.0,200,0.010083191096782684,-1.0,0.0003571280394680798,0.0,DQN_RND,0.001,0.99,mountaincar,sparse
2,239,-1.0,200,9.65335639193654e-05,-1.0,0.0003531369147822261,0.0,DQN_RND,0.001,0.99,mountaincar,sparse
2,240,-1.0,200,0.00211029639467597,-1.0,0.0003814348892774433,0.0,DQN_RND,0.001,0.99,mountaincar,sparse
2,241,-1.0,200,0.007990926504135132,-1.0,0.000363798753824085,0.0,DQN_RND,0.001,0.99,mountaincar,sparse
2,242,-1.0,200,0.00988602451980114,-1.0,0.00037539831828325987,0.0,DQN_RND,0.001,0.99,mountaincar,sparse
2,243,-1.0,200,0.006134506780654192,-1.0,0.00034372173831798136,0.0,DQN_RND,0.001,0.99,mountaincar,sparse
2,244,-1.0,200,0.002089389134198427,-1.0,0.0003552224370650947,0.0,DQN_RND,0.001,0.99,mountaincar,sparse
2,245,-1.0,200,0.004042349755764008,-1.0,0.0003680918598547578,0.0,DQN_RND,0.001,0.99,mountaincar,sparse
2,246,-1.0,200,0.008011226542294025,-1.0,0.00039937294786795974,0.0,DQN_RND,0.001,0.99,mountaincar,sparse
2,247,-1.0,200,0.009919865056872368,-1.0,0.0003586394595913589,0.0,DQN_RND,0.001,0.99,mountaincar,sparse
2,248,-1.0,200,9.22076142160222e-05,-1.0,0.00037627891288138926,0.0,DQN_RND,0.001,0.99,mountaincar,sparse
2,249,-1.0,200,0.009995199739933014,-1.0,0.00038460365612991154,0.0,DQN_RND,0.001,0.99,mountaincar,sparse
2,250,-1.0,200,0.008004185743629932,-1.0,0.00038607112946920097,0.0,DQN_RND,0.001,0.99,mountaincar,sparse
2,251,-1.0,200,0.004051267169415951,-1.0,0.00037942046765238047,0.0,DQN_RND,0.001,0.99,mountaincar,sparse
2,252,-1.0,200,0.002048132475465536,-1.0,0.00036835132050327957,0.0,DQN_RND,0.001,0.99,mountaincar,sparse
2,253,-1.0,200,0.004156836774200201,-1.0,0.00036953555536456406,0.0,DQN_RND,0.001,0.99,mountaincar,sparse
2,254,-1.0,200,0.002052757889032364,-1.0,0.0003726453287526965,0.0,DQN_RND,0.001,0.99,mountaincar,sparse
2,255,-1.0,200,0.00403915299102664,-1.0,0.00036202414776198566,0.0,DQN_RND,0.001,0.99,mountaincar,sparse
2,256,-1.0,200,0.008070028387010098,-1.0,0.000349207257386297,0.0,DQN_RND,0.001,0.99,mountaincar,sparse
2,257,-1.0,200,0.010058497078716755,-1.0,0.00036441689007915556,0.0,DQN_RND,0.001,0.99,mountaincar,sparse
2,258,-1.0,200,0.0020881351083517075,-1.0,0.0003499400627333671,0.0,DQN_RND,0.001,0.99,mountaincar,sparse
2,259,-1.0,200,0.0040693762712180614,-1.0,0.00036691673449240625,0.0,DQN_RND,0.001,0.99,mountaincar,sparse
2,260,-1.0,200,0.009983536787331104,-1.0,0.00036918677506037056,0.0,DQN_RND,0.001,0.99,mountaincar,sparse
2,261,-1.0,200,0.0020485720597207546,-1.0,0.00036533051752485335,0.0,DQN_RND,0.001,0.99,mountaincar,sparse
2,262,-1.0,200,0.010093094781041145,-1.0,0.0003594790759962052,0.0,DQN_RND,0.001,0.99,mountaincar,sparse
2,263,-1.0,200,0.005979210138320923,-1.0,0.00036773167084902525,0.0,DQN_RND,0.001,0.99,mountaincar,sparse
2,264,-1.0,200,0.00603855773806572,-1.0,0.0003760370018426329,0.0,DQN_RND,0.001,0.99,mountaincar,sparse
2,265,-1.0,200,0.004041807726025581,-1.0,0.00036849346361123025,0.0,DQN_RND,0.001,0.99,mountaincar,sparse
2,266,-1.0,200,0.0020292680710554123,-1.0,0.00035834789741784334,0.0,DQN_RND,0.001,0.99,mountaincar,sparse
2,267,-1.0,200,0.008040271699428558,-1.0,0.00037052258267067373,0.0,DQN_RND,0.001,0.99,mountaincar,sparse
2,268,-1.0,200,0.007969303987920284,-1.0,0.00035986502189189196,0.0,DQN_RND,0.001,0.99,mountaincar,sparse
2,269,-1.0,200,0.005987218581140041,-1.0,0.00036536561674438417,0.0,DQN_RND,0.001,0.99,mountaincar,sparse
2,270,-1.0,200,7.766380440443754e-05,-1.0,0.0003605630772653967,0.0,DQN_RND,0.001,0.99,mountaincar,sparse
2,271,-1.0,200,0.004004675429314375,-1.0,0.0003817808465100825,0.0,DQN_RND,0.001,0.99,mountaincar,sparse
2,272,-1.0,200,0.002041262574493885,-1.0,0.0003695332270581275,0.0,DQN_RND,0.001,0.99,mountaincar,sparse
2,273,-1.0,200,0.004094918258488178,-1.0,0.0003624385572038591,0.0,DQN_RND,0.001,0.99,mountaincar,sparse
2,274,-1.0,200,0.004018505569547415,-1.0,0.0003341583942528814,0.0,DQN_RND,0.001,0.99,mountaincar,sparse
2,275,-1.0,200,7.437719614244998e-05,-1.0,0.00035907767596654594,0.0,DQN_RND,0.001,0.99,mountaincar,sparse
2,276,-1.0,200,0.0020244212355464697,-1.0,0.0003519971505738795,0.0,DQN_RND,0.001,0.99,mountaincar,sparse
2,277,-1.0,200,0.002043075393885374,-1.0,0.0003584043588489294,0.0,DQN_RND,0.001,0.99,mountaincar,sparse
2,278,-1.0,200,0.004037940874695778,-1.0,0.0003520471800584346,0.0,DQN_RND,0.001,0.99,mountaincar,sparse
2,279,-1.0,200,0.008034441620111465,-1.0,0.0003490019589662552,0.0,DQN_RND,0.001,0.99,mountaincar,sparse
2,280,-1.0,200,0.005973057821393013,-1.0,0.00037518053431995213,0.0,DQN_RND,0.001,0.99,mountaincar,sparse
2,281,-1.0,200,0.009996709413826466,-1.0,0.0003822273574769497,0.0,DQN_RND,0.001,0.99,mountaincar,sparse
2,282,-1.0,200,0.004037444479763508,-1.0,0.00034708305611275136,0.0,DQN_RND,0.001,0.99,mountaincar,sparse
2,283,-1.0,200,0.007962150499224663,-1.0,0.0003723042318597436,0.0,DQN_RND,0.001,0.99,mountaincar,sparse
2,284,-1.0,200,0.01586149074137211,-1.0,0.00036030064802616835,0.0,DQN_RND,0.001,0.99,mountaincar,sparse
2,285,-1.0,200,0.009906820021569729,-1.0,0.000344858126481995,0.0,DQN_RND,0.001,0.99,mountaincar,sparse
2,286,-1.0,200,0.002026098780333996,-1.0,0.000361937825800851,0.0,DQN_RND,0.001,0.99,mountaincar,sparse
2,287,-1.0,200,0.005969063378870487,-1.0,0.000348487141309306,0.0,DQN_RND,0.001,0.99,mountaincar,sparse
2,288,-1.0,200,0.006006510928273201,-1.0,0.0003487698268145323,0.0,DQN_RND,0.001,0.99,mountaincar,sparse
2,289,-1.0,200,0.004016881342977285,-1.0,0.0003767473972402513,0.0,DQN_RND,0.001,0.99,mountaincar,sparse
2,290,-1.0,200,0.008045936934649944,-1.0,0.00038280084845609963,0.0,DQN_RND,0.001,0.99,mountaincar,sparse
2,291,-1.0,200,0.005977730732411146,-1.0,0.00037812802474945784,0.0,DQN_RND,0.001,0.99,mountaincar,sparse
2,292,-1.0,200,0.007986136712133884,-1.0,0.0003403070440981537,0.0,DQN_RND,0.001,0.99,mountaincar,sparse
2,293,-1.0,200,0.00607346324250102,-1.0,0.0003386424505151808,0.0,DQN_RND,0.001,0.99,mountaincar,sparse
2,294,-1.0,200,0.00403812900185585,-1.0,0.0003519799211062491,0.0,DQN_RND,0.001,0.99,mountaincar,sparse
2,295,-1.0,200,0.0020196291152387857,-1.0,0.00038157353992573917,0.0,DQN_RND,0.001,0.99,mountaincar,sparse
2,296,-1.0,200,0.006087792571634054,-1.0,0.00034088428947143257,0.0,DQN_RND,0.001,0.99,mountaincar,sparse
2,297,-1.0,200,0.010000001639127731,-1.0,0.0003886283375322819,0.0,DQN_RND,0.001,0.99,mountaincar,sparse
2,298,-1.0,200,0.011890008114278316,-1.0,0.00035865584504790604,0.0,DQN_RND,0.001,0.99,mountaincar,sparse
2,299,-1.0,200,0.004064697772264481,-1.0,0.0003230161382816732,0.0,DQN_RND,0.001,0.99,mountaincar,sparse
2,300,-1.0,200,0.006031844764947891,-1.0,0.0003720402019098401,0.0,DQN_RND,0.001,0.99,mountaincar,sparse
2,301,-1.0,200,0.0040224879048764706,-1.0,0.0003442401357460767,0.0,DQN_RND,0.001,0.99,mountaincar,sparse
2,302,-1.0,200,0.004012520425021648,-1.0,0.0003535846481099725,0.0,DQN_RND,0.001,0.99,mountaincar,sparse
2,303,-1.0,200,0.012015258893370628,-1.0,0.0003511345712468028,0.0,DQN_RND,0.001,0.99,mountaincar,sparse
2,304,-1.0,200,0.004020225256681442,-1.0,0.00036348417052067816,0.0,DQN_RND,0.001,0.99,mountaincar,sparse
2,305,-1.0,200,0.004041229374706745,-1.0,0.0003462825552560389,0.0,DQN_RND,0.001,0.99,mountaincar,sparse
2,306,-1.0,200,0.005979233421385288,-1.0,0.0003546409134287387,0.0,DQN_RND,0.001,0.99,mountaincar,sparse
2,307,-1.0,200,5.5437179980799556e-05,-1.0,0.00034217495704069734,0.0,DQN_RND,0.001,0.99,mountaincar,sparse
2,308,-1.0,200,0.004050935618579388,-1.0,0.0003684711700771004,0.0,DQN_RND,0.001,0.99,mountaincar,sparse
2,309,-1.0,200,0.002097751945257187,-1.0,0.0003355346852913499,0.0,DQN_RND,0.001,0.99,mountaincar,sparse
2,310,-1.0,200,0.004022675100713968,-1.0,0.0003503380867186934,0.0,DQN_RND,0.001,0.99,mountaincar,sparse
2,311,-1.0,200,0.005966384895145893,-1.0,0.000343763007549569,0.0,DQN_RND,0.001,0.99,mountaincar,sparse
2,312,-1.0,200,0.004087937064468861,-1.0,0.00035039603244513273,0.0,DQN_RND,0.001,0.99,mountaincar,sparse
2,313,-1.0,200,0.002039227169007063,-1.0,0.0003470228402875364,0.0,DQN_RND,0.001,0.99,mountaincar,sparse
2,314,-1.0,200,0.006089675240218639,-1.0,0.0003421930596232414,0.0,DQN_RND,0.001,0.99,mountaincar,sparse
2,315,-1.0,200,0.00397629477083683,-1.0,0.0003251653106417507,0.0,DQN_RND,0.001,0.99,mountaincar,sparse
2,316,-1.0,200,0.002070463728159666,-1.0,0.0003401829453650862,0.0,DQN_RND,0.001,0.99,mountaincar,sparse
2,317,-1.0,200,0.006003595422953367,-1.0,0.00034565749228931963,0.0,DQN_RND,0.001,0.99,mountaincar,sparse
2,318,-1.0,200,0.01196620985865593,-1.0,0.00034145283279940486,0.0,DQN_RND,0.001,0.99,mountaincar,sparse
2,319,-1.0,200,0.010024791583418846,-1.0,0.00034350212081335485,0.0,DQN_RND,0.001,0.99,mountaincar,sparse
2,320,-1.0,200,5.499090548255481e-05,-1.0,0.00034487422090023756,0.0,DQN_RND,0.001,0.99,mountaincar,sparse
2,321,-1.0,200,0.006046183407306671,-1.0,0.00032198074040934443,0.0,DQN_RND,0.001,0.99,mountaincar,sparse
2,322,-1.0,200,0.006032039411365986,-1.0,0.00035253239911980927,0.0,DQN_RND,0.001,0.99,mountaincar,sparse
2,323,-1.0,200,0.010082011111080647,-1.0,0.000350955524481833,0.0,DQN_RND,0.001,0.99,mountaincar,sparse
2,324,-1.0,200,0.0020201767329126596,-1.0,0.0003334289067424834,0.0,DQN_RND,0.001,0.99,mountaincar,sparse
2,325,-1.0,200,0.0020214568357914686,-1.0,0.0003380595881026238,0.0,DQN_RND,0.001,0.99,mountaincar,sparse
2,326,-1.0,200,0.0020459576044231653,-1.0,0.0003423662856221199,0.0,DQN_RND,0.001,0.99,mountaincar,sparse
2,327,-1.0,200,0.00406904611736536,-1.0,0.0003409215423744172,0.0,DQN_RND,0.001,0.99,mountaincar,sparse
2,328,-1.0,200,0.0020223252940922976,-1.0,0.00033894041553139687,0.0,DQN_RND,0.001,0.99,mountaincar,sparse
2,329,-1.0,200,0.009973214939236641,-1.0,0.00033222290221601725,0.0,DQN_RND,0.001,0.99,mountaincar,sparse
2,330,-1.0,200,0.0020257430151104927,-1.0,0.00032721663592383265,0.0,DQN_RND,0.001,0.99,mountaincar,sparse
2,331,-1.0,200,0.004032770171761513,-1.0,0.000340368744218722,0.0,DQN_RND,0.001,0.99,mountaincar,sparse
2,332,-1.0,200,4.431112756719813e-05,-1.0,0.00033024372532963753,0.0,DQN_RND,0.001,0.99,mountaincar,sparse
2,333,-1.0,200,0.00795159675180912,-1.0,0.0003352650091983378,0.0,DQN_RND,0.001,0.99,mountaincar,sparse
2,334,-1.0,200,0.004076407290995121,-1.0,0.0003408948250580579,0.0,DQN_RND,0.001,0.99,mountaincar,sparse
2,335,-1.0,200,0.0040176683105528355,-1.0,0.0003384531883057207,0.0,DQN_RND,0.001,0.99,mountaincar,sparse
2,336,-1.0,200,0.007922159507870674,-1.0,0.0003109114186372608,0.0,DQN_RND,0.001,0.99,mountaincar,sparse
2,337,-1.0,200,0.006024117115885019,-1.0,0.0003345560689922422,0.0,DQN_RND,0.001,0.99,mountaincar,sparse
2,338,-1.0,200,0.004021395463496447,-1.0,0.0003295376955065876,0.0,DQN_RND,0.001,0.99,mountaincar,sparse
2,339,-1.0,200,0.003992031794041395,-1.0,0.00033783333492465317,0.0,DQN_RND,0.001,0.99,mountaincar,sparse
2,340,-1.0,200,0.003979544620960951,-1.0,0.0003404167655389756,0.0,DQN_RND,0.001,0.99,mountaincar,sparse
2,341,-1.0,200,0.008018288761377335,-1.0,0.0003245221741963178,0.0,DQN_RND,0.001,0.99,mountaincar,sparse
2,342,-1.0,200,0.0040084561333060265,-1.0,0.00032737498986534774,0.0,DQN_RND,0.001,0.99,mountaincar,sparse
2,343,-1.0,200,0.003990694414824247,-1.0,0.0003512554394546896,0.0,DQN_RND,0.001,0.99,mountaincar,sparse
2,344,-1.0,200,3.6825691495323554e-05,-1.0,0.0003275618946645409,0.0,DQN_RND,0.001,0.99,mountaincar,sparse
2,345,-1.0,200,0.00803031399846077,-1.0,0.000325741566484794,0.0,DQN_RND,0.001,0.99,mountaincar,sparse
2,346,-1.0,200,0.008073974400758743,-1.0,0.0003159141051582992,0.0,DQN_RND,0.001,0.99,mountaincar,sparse
2,347,-1.0,200,0.009943890385329723,-1.0,0.00031849893275648355,0.0,DQN_RND,0.001,0.99,mountaincar,sparse
2,348,-1.0,200,0.00397631898522377,-1.0,0.00034469040110707283,0.0,DQN_RND,0.001,0.99,mountaincar,sparse
2,349,-1.0,200,0.003984229173511267,-1.0,0.0003105304203927517,0.0,DQN_RND,0.001,0.99,mountaincar,sparse
2,350,-1.0,200,0.0020270447712391615,-1.0,0.0003235134354326874,0.0,DQN_RND,0.001,0.99,mountaincar,sparse
2,351,-1.0,200,0.002043861895799637,-1.0,0.0003259630757384002,0.0,DQN_RND,0.001,0.99,mountaincar,sparse
2,352,-1.0,200,0.003991172183305025,-1.0,0.0003155676240567118,0.0,DQN_RND,0.001,0.99,mountaincar,sparse
2,353,-1.0,200,0.008020550943911076,-1.0,0.0003262338286731392,0.0,DQN_RND,0.001,0.99,mountaincar,sparse
2,354,-1.0,200,0.004022641573101282,-1.0,0.0003285749990027398,0.0,DQN_RND,0.001,0.99,mountaincar,sparse
2,355,-1.0,200,0.009955289773643017,-1.0,0.000317569327307865,0.0,DQN_RND,0.001,0.99,mountaincar,sparse
2,356,-1.0,200,0.012062570080161095,-1.0,0.00032124886638484895,0.0,DQN_RND,0.001,0.99,mountaincar,sparse
2,357,-1.0,200,3.1947012757882476e-05,-1.0,0.0003565661027096212,0.0,DQN_RND,0.001,0.99,mountaincar,sparse
2,358,-1.0,200,0.007930705323815346,-1.0,0.0003090169921051711,0.0,DQN_RND,0.001,0.99,mountaincar,sparse
2,359,-1.0,200,0.00790950283408165,-1.0,0.00031277118250727654,0.0,DQN_RND,0.001,0.99,mountaincar,sparse
2,360,-1.0,200,0.009960250928997993,-1.0,0.00031895635765977204,0.0,DQN_RND,0.001,0.99,mountaincar,sparse
2,361,-1.0,200,0.004031297750771046,-1.0,0.00031441403552889824,0.0,DQN_RND,0.001,0.99,mountaincar,sparse
2,362,-1.0,200,0.005973260849714279,-1.0,0.00030403691926039755,0.0,DQN_RND,0.001,0.99,mountaincar,sparse
2,363,-1.0,200,0.001992217730730772,-1.0,0.00033686801907606423,0.0,DQN_RND,0.001,0.99,mountaincar,sparse
2,364,-1.0,200,0.013935890048742294,-1.0,0.00031305343145504594,0.0,DQN_RND,0.001,0.99,mountaincar,sparse
2,365,-1.0,200,0.003990457858890295,-1.0,0.00031506241066381335,0.0,DQN_RND,0.001,0.99,mountaincar,sparse
2,366,-1.0,200,0.00999029166996479,-1.0,0.00030944767058826983,0.0,DQN_RND,0.001,0.99,mountaincar,sparse
2,367,-1.0,200,0.007970832288265228,-1.0,0.0003091151884291321,0.0,DQN_RND,0.001,0.99,mountaincar,sparse
2,368,-1.0,200,0.00398253882303834,-1.0,0.0002976966497953981,0.0,DQN_RND,0.001,0.99,mountaincar,sparse
2,369,-1.0,200,0.002018619328737259,-1.0,0.00035583952558226883,0.0,DQN_RND,0.001,0.99,mountaincar,sparse
2,370,-1.0,200,0.005954096559435129,-1.0,0.0003090031968895346,0.0,DQN_RND,0.001,0.99,mountaincar,sparse
2,371,-1.0,200,0.011943669989705086,-1.0,0.00031435920391231775,0.0,DQN_RND,0.001,0.99,mountaincar,sparse
2,372,-1.0,200,0.009905818849802017,-1.0,0.00033002853160724044,0.0,DQN_RND,0.001,0.99,mountaincar,sparse
2,373,-1.0,200,0.0020060637034475803,-1.0,0.00033271918073296547,0.0,DQN_RND,0.001,0.99,mountaincar,sparse
2,374,-1.0,200,0.005980540998280048,-1.0,0.00033295698813162744,0.0,DQN_RND,0.001,0.99,mountaincar,sparse
2,375,-1.0,200,0.005961161572486162,-1.0,0.00031718576792627573,0.0,DQN_RND,0.001,0.99,mountaincar,sparse
2,376,-1.0,200,0.0019759628921747208,-1.0,0.0003571895940694958,0.0,DQN_RND,0.001,0.99,mountaincar,sparse
2,377,-1.0,200,0.0020114483777433634,-1.0,0.00034084843355230987,0.0,DQN_RND,0.001,0.99,mountaincar,sparse
2,378,-1.0,200,0.009940531104803085,-1.0,0.00033072056248784065,0.0,DQN_RND,0.001,0.99,mountaincar,sparse
2,379,-1.0,200,0.005945892073214054,-1.0,0.00033766444539651275,0.0,DQN_RND,0.001,0.99,mountaincar,sparse
2,380,-1.0,200,0.0019929767586290836,-1.0,0.000307761860312894,0.0,DQN_RND,0.001,0.99,mountaincar,sparse
2,381,-1.0,200,0.0020062557887285948,-1.0,0.0002882399712689221,0.0,DQN_RND,0.001,0.99,mountaincar,sparse
2,382,-1.0,200,0.004008777905255556,-1.0,0.00032382935751229525,0.0,DQN_RND,0.001,0.99,mountaincar,sparse
2,383,-1.0,200,0.011937987059354782,-1.0,0.00029479566728696227,0.0,DQN_RND,0.001,0.99,mountaincar,sparse
2,384,-1.0,200,0.001996855018660426,-1.0,0.0003123865753877908,0.0,DQN_RND,0.001,0.99,mountaincar,sparse
2,385,-1.0,200,0.005945783574134111,-1.0,0.00027092074742540717,0.0,DQN_RND,0.001,0.99,mountaincar,sparse
2,386,-1.0,200,0.006048338953405619,-1.0,0.0003149012918584049,0.0,DQN_RND,0.001,0.99,mountaincar,sparse
2,387,-1.0,200,0.013934686779975891,-1.0,0.00030347591382451355,0.0,DQN_RND,0.001,0.99,mountaincar,sparse
2,388,-1.0,200,0.007903700694441795,-1.0,0.00031493365531787276,0.0,DQN_RND,0.001,0.99,mountaincar,sparse
2,389,-1.0,200,0.0059920744970440865,-1.0,0.00029517500661313534,0.0,DQN_RND,0.001,0.99,mountaincar,sparse
2,390,-1.0,200,0.0060073393397033215,-1.0,0.00031528135878033936,0.0,DQN_RND,0.001,0.99,mountaincar,sparse
2,391,-1.0,200,0.0020168793853372335,-1.0,0.0002929810725618154,0.0,DQN_RND,0.001,0.99,mountaincar,sparse
2,392,-1.0,200,0.005974763073027134,-1.0,0.0002957515243906528,0.0,DQN_RND,0.001,0.99,mountaincar,sparse
2,393,-1.0,200,2.0585233869496733e-05,-1.0,0.0003077310393564403,0.0,DQN_RND,0.001,0.99,mountaincar,sparse
2,394,-1.0,200,0.00795862078666687,-1.0,0.00030413991771638393,0.0,DQN_RND,0.001,0.99,mountaincar,sparse
2,395,-1.0,200,0.00595156429335475,-1.0,0.00032345863291993737,0.0,DQN_RND,0.001,0.99,mountaincar,sparse
2,396,-1.0,200,0.003995997831225395,-1.0,0.000292154960334301,0.0,DQN_RND,0.001,0.99,mountaincar,sparse
2,397,-1.0,200,0.007887108251452446,-1.0,0.000317204772727564,0.0,DQN_RND,0.001,0.99,mountaincar,sparse
2,398,-1.0,200,0.007992217317223549,-1.0,0.00028032768750563264,0.0,DQN_RND,0.001,0.99,mountaincar,sparse
2,399,-1.0,200,0.005955949425697327,-1.0,0.0002759269264061004,0.0,DQN_RND,0.001,0.99,mountaincar,sparse
2,400,-1.0,200,0.007874008268117905,-1.0,0.00028403280884958804,0.0,DQN_RND,0.001,0.99,mountaincar,sparse
2,401,-1.0,200,0.003984759096056223,-1.0,0.00028640293749049306,0.0,DQN_RND,0.001,0.99,mountaincar,sparse
2,402,-1.0,200,0.003931147046387196,-1.0,0.0002916242810897529,0.0,DQN_RND,0.001,0.99,mountaincar,sparse
2,403,-1.0,200,0.0019789161160588264,-1.0,0.00033294473541900516,0.0,DQN_RND,0.001,0.99,mountaincar,sparse
2,404,-1.0,200,0.00998668372631073,-1.0,0.00027452121139504015,0.0,DQN_RND,0.001,0.99,mountaincar,sparse
2,405,-1.0,200,1.8568587620393373e-05,-1.0,0.0002883985871449113,0.0,DQN_RND,0.001,0.99,mountaincar,sparse
2,406,-1.0,200,0.0019953837618231773,-1.0,0.00029338375316001475,0.0,DQN_RND,0.001,0.99,mountaincar,sparse
2,407,-1.0,200,0.005979415029287338,-1.0,0.00031401909654960036,0.0,DQN_RND,0.001,0.99,mountaincar,sparse
2,408,-1.0,200,0.006003131624311209,-1.0,0.0002700343611650169,0.0,DQN_RND,0.001,0.99,mountaincar,sparse
2,409,-1.0,200,0.002014598110690713,-1.0,0.0002906386798713356,0.0,DQN_RND,0.001,0.99,mountaincar,sparse
2,410,-1.0,200,0.011952060274779797,-1.0,0.00030056480318307877,0.0,DQN_RND,0.001,0.99,mountaincar,sparse
2,411,-1.0,200,0.0020100416149944067,-1.0,0.000303267763229087,0.0,DQN_RND,0.001,0.99,mountaincar,sparse
2,412,-1.0,200,0.005931059829890728,-1.0,0.0002918848185800016,0.0,DQN_RND,0.001,0.99,mountaincar,sparse
2,413,-1.0,200,0.00202529551461339,-1.0,0.0002775659377221018,0.0,DQN_RND,0.001,0.99,mountaincar,sparse
2,414,-1.0,200,0.004013827536255121,-1.0,0.00030398921808227897,0.0,DQN_RND,0.001,0.99,mountaincar,sparse
2,415,-1.0,200,0.00998905673623085,-1.0,0.0002720757038332522,0.0,DQN_RND,0.001,0.99,mountaincar,sparse
2,416,-1.0,200,0.001974014565348625,-1.0,0.00029298776644282043,0.0,DQN_RND,0.001,0.99,mountaincar,sparse
2,417,-1.0,200,0.0019932750146836042,-1.0,0.0003002200974151492,0.0,DQN_RND,0.001,0.99,mountaincar,sparse
2,418,-1.0,200,0.0020151804201304913,-1.0,0.00029799953335896134,0.0,DQN_RND,0.001,0.99,mountaincar,sparse
2,419,-1.0,200,0.00591717753559351,-1.0,0.0002849821175914258,0.0,DQN_RND,0.001,0.99,mountaincar,sparse
2,420,-1.0,200,0.003985762596130371,-1.0,0.0002875152276828885,0.0,DQN_RND,0.001,0.99,mountaincar,sparse
2,421,-1.0,200,0.0020003372337669134,-1.0,0.00024539546575397253,0.0,DQN_RND,0.001,0.99,mountaincar,sparse
2,422,-1.0,200,0.003980472683906555,-1.0,0.00028645392740145326,0.0,DQN_RND,0.001,0.99,mountaincar,sparse
2,423,-1.0,200,0.001977004576474428,-1.0,0.00027880287962034345,0.0,DQN_RND,0.001,0.99,mountaincar,sparse
2,424,-1.0,200,0.0020093817729502916,-1.0,0.0002606930211186409,0.0,DQN_RND,0.001,0.99,mountaincar,sparse
2,425,-1.0,200,0.00590900145471096,-1.0,0.0002770472492557019,0.0,DQN_RND,0.001,0.99,mountaincar,sparse
2,426,-1.0,200,0.003944533411413431,-1.0,0.000289978866931051,0.0,DQN_RND,0.001,0.99,mountaincar,sparse
2,427,-1.0,200,0.004015793092548847,-1.0,0.00031891974504105747,0.0,DQN_RND,0.001,0.99,mountaincar,sparse
2,428,-1.0,200,0.003993737045675516,-1.0,0.000295609119348228,0.0,DQN_RND,0.001,0.99,mountaincar,sparse
2,429,-1.0,200,0.005959219299256802,-1.0,0.00028585249674506485,0.0,DQN_RND,0.001,0.99,mountaincar,sparse
2,430,-1.0,200,0.0019951427821069956,-1.0,0.00029084589914418757,0.0,DQN_RND,0.001,0.99,mountaincar,sparse
2,431,-1.0,200,0.0039717466570436954,-1.0,0.00027182657504454255,0.0,DQN_RND,0.001,0.99,mountaincar,sparse
2,432,-1.0,200,0.003970630932599306,-1.0,0.00025361269945278764,0.0,DQN_RND,0.001,0.99,mountaincar,sparse
2,433,-1.0,200,0.003944828640669584,-1.0,0.0002691198023967445,0.0,DQN_RND,0.001,0.99,mountaincar,sparse
2,434,-1.0,200,9.480742846790235e-06,-1.0,0.00024999777087941766,0.0,DQN_RND,0.001,0.99,mountaincar,sparse
2,435,-1.0,200,0.0039436393417418,-1.0,0.0002835066698025912,0.0,DQN_RND,0.001,0.99,mountaincar,sparse
2,436,-1.0,200,0.0019956750329583883,-1.0,0.00029200458084233105,0.0,DQN_RND,0.001,0.99,mountaincar,sparse
2,437,-1.0,200,0.005904544610530138,-1.0,0.00028903980273753405,0.0,DQN_RND,0.001,0.99,mountaincar,sparse
2,438,-1.0,200,0.0039883567951619625,-1.0,0.0003027118800673634,0.0,DQN_RND,0.001,0.99,mountaincar,sparse
2,439,-1.0,200,0.005965305957943201,-1.0,0.00028172589372843504,0.0,DQN_RND,0.001,0.99,mountaincar,sparse
2,440,-1.0,200,0.003986205905675888,-1.0,0.00026246055494993925,0.0,DQN_RND,0.001,0.99,mountaincar,sparse
2,441,-1.0,200,0.003963146358728409,-1.0,0.0002853812475223094,0.0,DQN_RND,0.001,0.99,mountaincar,sparse
2,442,-1.0,200,0.003980917856097221,-1.0,0.00024912177468650043,0.0,DQN_RND,0.001,0.99,mountaincar,sparse
2,443,-1.0,200,0.003994915634393692,-1.0,0.00028931014821864665,0.0,DQN_RND,0.001,0.99,mountaincar,sparse
2,444,-1.0,200,0.001985572511330247,-1.0,0.00029035977786406875,0.0,DQN_RND,0.001,0.99,mountaincar,sparse
2,445,-1.0,200,0.005979867652058601,-1.0,0.0002602070744615048,0.0,DQN_RND,0.001,0.99,mountaincar,sparse
2,446,-1.0,200,0.0040194327011704445,-1.0,0.0002748511324170977,0.0,DQN_RND,0.001,0.99,mountaincar,sparse
2,447,-1.0,200,0.003970455843955278,-1.0,0.0002758951741270721,0.0,DQN_RND,0.001,0.99,mountaincar,sparse
2,448,-1.0,200,0.011916767805814743,-1.0,0.0003094398998655379,0.0,DQN_RND,0.001,0.99,mountaincar,sparse
2,449,-1.0,200,0.00394947687163949,-1.0,0.00027036454412154853,0.0,DQN_RND,0.001,0.99,mountaincar,sparse
2,450,-1.0,200,0.00393486674875021,-1.0,0.00024989587836898863,0.0,DQN_RND,0.001,0.99,mountaincar,sparse
2,451,-1.0,200,1.3424400094663724e-05,-1.0,0.00028967339312657714,0.0,DQN_RND,0.001,0.99,mountaincar,sparse
2,452,-1.0,200,0.0020116781815886497,-1.0,0.0002801088849082589,0.0,DQN_RND,0.001,0.99,mountaincar,sparse
2,453,-1.0,200,0.003986948169767857,-1.0,0.0002659044985193759,0.0,DQN_RND,0.001,0.99,mountaincar,sparse
2,454,-1.0,200,0.005942942574620247,-1.0,0.0002802087110467255,0.0,DQN_RND,0.001,0.99,mountaincar,sparse
2,455,-1.0,200,0.003998007625341415,-1.0,0.0002852993202395737,0.0,DQN_RND,0.001,0.99,mountaincar,sparse
2,456,-1.0,200,0.003964914940297604,-1.0,0.0003039654402527958,0.0,DQN_RND,0.001,0.99,mountaincar,sparse
2,457,-1.0,200,0.005902440287172794,-1.0,0.0002769723068922758,0.0,DQN_RND,0.001,0.99,mountaincar,sparse
2,458,-1.0,200,0.003975659608840942,-1.0,0.0002812149759847671,0.0,DQN_RND,0.001,0.99,mountaincar,sparse
2,459,-1.0,200,0.0019941693171858788,-1.0,0.00028752535581588745,0.0,DQN_RND,0.001,0.99,mountaincar,sparse
2,460,-1.0,200,0.00594566622748971,-1.0,0.00029706888017244637,0.0,DQN_RND,0.001,0.99,mountaincar,sparse
2,461,-1.0,200,0.013848543167114258,-1.0,0.0002848143340088427,0.0,DQN_RND,0.001,0.99,mountaincar,sparse
2,462,-1.0,200,0.003980362322181463,-1.0,0.00027988312649540603,0.0,DQN_RND,0.001,0.99,mountaincar,sparse
2,463,-1.0,200,0.0059523554518818855,-1.0,0.000281125569017604,0.0,DQN_RND,0.001,0.99,mountaincar,sparse
2,464,-1.0,200,0.005979328416287899,-1.0,0.0003269496955908835,0.0,DQN_RND,0.001,0.99,mountaincar,sparse
2,465,-1.0,200,0.005961614660918713,-1.0,0.0002866084105335176,0.0,DQN_RND,0.001,0.99,mountaincar,sparse
2,466,-1.0,200,0.007925039157271385,-1.0,0.0002874085330404341,0.0,DQN_RND,0.001,0.99,mountaincar,sparse
2,467,-1.0,200,0.0019710930064320564,-1.0,0.00023032100580167025,0.0,DQN_RND,0.001,0.99,mountaincar,sparse
2,468,-1.0,200,0.001969726523384452,-1.0,0.0002265668590553105,0.0,DQN_RND,0.001,0.99,mountaincar,sparse
2,469,-1.0,200,0.0040098573081195354,-1.0,0.00026867270935326815,0.0,DQN_RND,0.001,0.99,mountaincar,sparse
2,470,-1.0,200,9.883202437777072e-06,-1.0,0.00027558623696677387,0.0,DQN_RND,0.001,0.99,mountaincar,sparse
2,471,-1.0,200,0.004006184637546539,-1.0,0.00027039184351451695,0.0,DQN_RND,0.001,0.99,mountaincar,sparse
2,472,-1.0,200,0.005972381681203842,-1.0,0.00025458246818743646,0.0,DQN_RND,0.001,0.99,mountaincar,sparse
2,473,-1.0,200,0.002001446206122637,-1.0,0.0002594208635855466,0.0,DQN_RND,0.001,0.99,mountaincar,sparse
2,474,-1.0,200,0.0020008843857795,-1.0,0.0002492351923137903,0.0,DQN_RND,0.001,0.99,mountaincar,sparse
2,475,-1.0,200,0.007907552644610405,-1.0,0.0002424955164315179,0.0,DQN_RND,0.001,0.99,mountaincar,sparse
2,476,-1.0,200,0.001994845224544406,-1.0,0.00024834973737597466,0.0,DQN_RND,0.001,0.99,mountaincar,sparse
2,477,-1.0,200,0.005934840068221092,-1.0,0.0002558745618443936,0.0,DQN_RND,0.001,0.99,mountaincar,sparse
2,478,-1.0,200,9.744057024363428e-06,-1.0,0.0002823564282152802,0.0,DQN_RND,0.001,0.99,mountaincar,sparse
2,479,-1.0,200,0.0019933809526264668,-1.0,0.0002268911775900051,0.0,DQN_RND,0.001,0.99,mountaincar,sparse
2,480,-1.0,200,0.0079414751380682,-1.0,0.000268690288066864,0.0,DQN_RND,0.001,0.99,mountaincar,sparse
2,481,-1.0,200,0.007915321737527847,-1.0,0.00025015248684212565,0.0,DQN_RND,0.001,0.99,mountaincar,sparse
2,482,-1.0,200,0.005987832788378,-1.0,0.0002797537308651954,0.0,DQN_RND,0.001,0.99,mountaincar,sparse
2,483,-1.0,200,0.002009992254897952,-1.0,0.0002580318250693381,0.0,DQN_RND,0.001,0.99,mountaincar,sparse
2,484,-1.0,200,0.003972184378653765,-1.0,0.0002736874157562852,0.0,DQN_RND,0.001,0.99,mountaincar,sparse
2,485,-1.0,200,0.003951665945351124,-1.0,0.00026563587016426027,0.0,DQN_RND,0.001,0.99,mountaincar,sparse
2,486,-1.0,200,0.0059253447689116,-1.0,0.0002805916592478752,0.0,DQN_RND,0.001,0.99,mountaincar,sparse
2,487,-1.0,200,0.005933447740972042,-1.0,0.00027019905974157155,0.0,DQN_RND,0.001,0.99,mountaincar,sparse
2,488,-1.0,200,0.0039702849462628365,-1.0,0.00025862440816126764,0.0,DQN_RND,0.001,0.99,mountaincar,sparse
2,489,-1.0,200,0.0019847170915454626,-1.0,0.00028301728889346123,0.0,DQN_RND,0.001,0.99,mountaincar,sparse
2,490,-1.0,200,0.01189504750072956,-1.0,0.00027085281908512115,0.0,DQN_RND,0.001,0.99,mountaincar,sparse
2,491,-1.0,200,0.001991160213947296,-1.0,0.000268793199211359,0.0,DQN_RND,0.001,0.99,mountaincar,sparse
2,492,-1.0,200,0.001990644494071603,-1.0,0.0002703721693251282,0.0,DQN_RND,0.001,0.99,mountaincar,sparse
2,493,-1.0,200,0.005969601217657328,-1.0,0.00025408592773601413,0.0,DQN_RND,0.001,0.99,mountaincar,sparse
2,494,-1.0,200,0.0039927177131175995,-1.0,0.00027156321448273957,0.0,DQN_RND,0.001,0.99,mountaincar,sparse
2,495,-1.0,200,0.003966168966144323,-1.0,0.00026490571326576173,0.0,DQN_RND,0.001,0.99,mountaincar,sparse
2,496,-1.0,200,0.01184435561299324,-1.0,0.0002035546931438148,0.0,DQN_RND,0.001,0.99,mountaincar,sparse
2,497,-1.0,200,0.0059468867257237434,-1.0,0.00021463619486894459,0.0,DQN_RND,0.001,0.99,mountaincar,sparse
2,498,-1.0,200,0.0019890079274773598,-1.0,0.00027045412571169436,0.0,DQN_RND,0.001,0.99,mountaincar,sparse
2,499,-1.0,200,0.007898621261119843,-1.0,0.00024196362937800586,0.0,DQN_RND,0.001,0.99,mountaincar,sparse
2,500,-1.0,200,0.001982403453439474,-1.0,0.0002901318948715925,0.0,DQN_RND,0.001,0.99,mountaincar,sparse
2,501,-1.0,200,0.007911425083875656,-1.0,0.0002743797958828509,0.0,DQN_RND,0.001,0.99,mountaincar,sparse
2,502,-1.0,200,0.011853079311549664,-1.0,0.0002852117468137294,0.0,DQN_RND,0.001,0.99,mountaincar,sparse
2,503,-1.0,200,0.0019776395056396723,-1.0,0.0002911804476752877,0.0,DQN_RND,0.001,0.99,mountaincar,sparse
2,504,-1.0,200,7.587133495690068e-06,-1.0,0.0002767630503512919,0.0,DQN_RND,0.001,0.99,mountaincar,sparse
2,505,-1.0,200,0.003965198993682861,-1.0,0.0002562575682532042,0.0,DQN_RND,0.001,0.99,mountaincar,sparse
2,506,-1.0,200,0.007882261648774147,-1.0,0.0003081194299738854,0.0,DQN_RND,0.001,0.99,mountaincar,sparse
2,507,-1.0,200,0.0059676445089280605,-1.0,0.00027548984508030117,0.0,DQN_RND,0.001,0.99,mountaincar,sparse
2,508,-1.0,200,0.003928732592612505,-1.0,0.00023683978361077607,0.0,DQN_RND,0.001,0.99,mountaincar,sparse
2,509,-1.0,200,0.0040013547986745834,-1.0,0.00024246938119176775,0.0,DQN_RND,0.001,0.99,mountaincar,sparse
2,510,-1.0,200,0.007902401499450207,-1.0,0.0002566866169217974,0.0,DQN_RND,0.001,0.99,mountaincar,sparse
2,511,-1.0,200,0.0059419055469334126,-1.0,0.00025332075892947614,0.0,DQN_RND,0.001,0.99,mountaincar,sparse
2,512,-1.0,200,0.007890032604336739,-1.0,0.00025684668798930943,0.0,DQN_RND,0.001,0.99,mountaincar,sparse
2,513,-1.0,200,0.007934796623885632,-1.0,0.0002638627775013447,0.0,DQN_RND,0.001,0.99,mountaincar,sparse
2,514,-1.0,200,0.005930103827267885,-1.0,0.0002749451668933034,0.0,DQN_RND,0.001,0.99,mountaincar,sparse
2,515,-1.0,200,0.005918949842453003,-1.0,0.0002335241879336536,0.0,DQN_RND,0.001,0.99,mountaincar,sparse
2,516,-1.0,200,0.005921311676502228,-1.0,0.0002924960572272539,0.0,DQN_RND,0.001,0.99,mountaincar,sparse
2,517,-1.0,200,0.009868963621556759,-1.0,0.00028442690381780267,0.0,DQN_RND,0.001,0.99,mountaincar,sparse
2,518,-1.0,200,0.0019784646574407816,-1.0,0.00028398592257872224,0.0,DQN_RND,0.001,0.99,mountaincar,sparse
2,519,-1.0,200,0.009867587126791477,-1.0,0.0002743081422522664,0.0,DQN_RND,0.001,0.99,mountaincar,sparse
2,520,-1.0,200,0.005945730954408646,-1.0,0.00026556849479675293,0.0,DQN_RND,0.001,0.99,mountaincar,sparse
2,521,-1.0,200,0.003957726992666721,-1.0,0.000271196331596002,0.0,DQN_RND,0.001,0.99,mountaincar,sparse
2,522,-1.0,200,0.0059269568882882595,-1.0,0.00024148782540578395,0.0,DQN_RND,0.001,0.99,mountaincar,sparse
2,523,-1.0,200,0.0059339930303394794,-1.0,0.0003227391862310469,0.0,DQN_RND,0.001,0.99,mountaincar,sparse
2,524,-1.0,200,0.0019799130968749523,-1.0,0.00023262111062649637,0.0,DQN_RND,0.001,0.99,mountaincar,sparse
2,525,-1.0,200,0.005961128976196051,-1.0,0.00025478197494521737,0.0,DQN_RND,0.001,0.99,mountaincar,sparse
2,526,-1.0,200,0.00592309283092618,-1.0,0.0002792944433167577,0.0,DQN_RND,0.001,0.99,mountaincar,sparse
2,527,-1.0,200,0.0019472804851830006,-1.0,0.0002573742240201682,0.0,DQN_RND,0.001,0.99,mountaincar,sparse
2,528,-1.0,200,0.005929585546255112,-1.0,0.00024166573712136596,0.0,DQN_RND,0.001,0.99,mountaincar,sparse
2,529,-1.0,200,8.49998468765989e-06,-1.0,0.000263169378740713,0.0,DQN_RND,0.001,0.99,mountaincar,sparse
2,530,-1.0,200,6.700076482957229e-06,-1.0,0.00028220718377269804,0.0,DQN_RND,0.001,0.99,mountaincar,sparse
2,531,-1.0,200,5.793653144792188e-06,-1.0,0.00028313061920925975,0.0,DQN_RND,0.001,0.99,mountaincar,sparse
2,532,-1.0,200,0.0039770398288965225,-1.0,0.00024790631141513586,0.0,DQN_RND,0.001,0.99,mountaincar,sparse
2,533,-1.0,200,0.005935183726251125,-1.0,0.0002627965877763927,0.0,DQN_RND,0.001,0.99,mountaincar,sparse
2,534,-1.0,200,0.009846779517829418,-1.0,0.00027961767045781016,0.0,DQN_RND,0.001,0.99,mountaincar,sparse
2,535,-1.0,200,5.997655989631312e-06,-1.0,0.00030320350197143853,0.0,DQN_RND,0.001,0.99,mountaincar,sparse
2,536,-1.0,200,0.0019802290480583906,-1.0,0.00023757587769068778,0.0,DQN_RND,0.001,0.99,mountaincar,sparse
2,537,-1.0,200,0.003973685670644045,-1.0,0.00025247724261134863,0.0,DQN_RND,0.001,0.99,mountaincar,sparse
2,538,-1.0,200,0.003940432332456112,-1.0,0.0002855849452316761,0.0,DQN_RND,0.001,0.99,mountaincar,sparse
2,539,-1.0,200,0.0019772390369325876,-1.0,0.0002837276551872492,0.0,DQN_RND,0.001,0.99,mountaincar,sparse
2,540,-1.0,200,0.003950781188905239,-1.0,0.0002553173981141299,0.0,DQN_RND,0.001,0.99,mountaincar,sparse
2,541,-1.0,200,0.0039580268785357475,-1.0,0.0002773189917206764,0.0,DQN_RND,0.001,0.99,mountaincar,sparse
2,542,-1.0,200,0.00788944959640503,-1.0,0.0003019394353032112,0.0,DQN_RND,0.001,0.99,mountaincar,sparse
2,543,-1.0,200,0.009916301816701889,-1.0,0.0003079462330788374,0.0,DQN_RND,0.001,0.99,mountaincar,sparse
2,544,-1.0,200,0.0019835273269563913,-1.0,0.00027188198873773217,0.0,DQN_RND,0.001,0.99,mountaincar,sparse
2,545,-1.0,200,0.003958065994083881,-1.0,0.000309187569655478,0.0,DQN_RND,0.001,0.99,mountaincar,sparse
2,546,-1.0,200,0.0058971731923520565,-1.0,0.00026090769097208977,0.0,DQN_RND,0.001,0.99,mountaincar,sparse
2,547,-1.0,200,0.00990256667137146,-1.0,0.00030842548585496843,0.0,DQN_RND,0.001,0.99,mountaincar,sparse
2,548,-1.0,200,0.001966129755601287,-1.0,0.0002714550355449319,0.0,DQN_RND,0.001,0.99,mountaincar,sparse
2,549,-1.0,200,0.01189475879073143,-1.0,0.00024449589545838535,0.0,DQN_RND,0.001,0.99,mountaincar,sparse
2,550,-1.0,200,0.007888291962444782,-1.0,0.00029211927903816104,0.0,DQN_RND,0.001,0.99,mountaincar,sparse
2,551,-1.0,200,0.005933970212936401,-1.0,0.0002784032258205116,0.0,DQN_RND,0.001,0.99,mountaincar,sparse
2,552,-1.0,200,0.003947218414396048,-1.0,0.00025415437994524837,0.0,DQN_RND,0.001,0.99,mountaincar,sparse
2,553,-1.0,200,0.0019846998620778322,-1.0,0.000255774415563792,0.0,DQN_RND,0.001,0.99,mountaincar,sparse
2,554,-1.0,200,0.0079185226932168,-1.0,0.00026684810291044414,0.0,DQN_RND,0.001,0.99,mountaincar,sparse
2,555,-1.0,200,0.005914356559514999,-1.0,0.00028732698410749435,0.0,DQN_RND,0.001,0.99,mountaincar,sparse
2,556,-1.0,200,0.001968243857845664,-1.0,0.00027971903909929097,0.0,DQN_RND,0.001,0.99,mountaincar,sparse
2,557,-1.0,200,0.003954909276217222,-1.0,0.0003010618675034493,0.0,DQN_RND,0.001,0.99,mountaincar,sparse
2,558,-1.0,200,4.879604148300132e-06,-1.0,0.0002603192697279155,0.0,DQN_RND,0.001,0.99,mountaincar,sparse
2,559,-1.0,200,0.007890848442912102,-1.0,0.00026889421860687435,0.0,DQN_RND,0.001,0.99,mountaincar,sparse
2,560,-1.0,200,4.601609816745622e-06,-1.0,0.0002516912645660341,0.0,DQN_RND,0.001,0.99,mountaincar,sparse
2,561,-1.0,200,0.013857316225767136,-1.0,0.00022406995412893593,0.0,DQN_RND,0.001,0.99,mountaincar,sparse
2,562,-1.0,200,0.003955475054681301,-1.0,0.0002821432426571846,0.0,DQN_RND,0.001,0.99,mountaincar,sparse
2,563,-1.0,200,0.009867268614470959,-1.0,0.000286303082248196,0.0,DQN_RND,0.001,0.99,mountaincar,sparse
2,564,-1.0,200,0.005879735108464956,-1.0,0.0002950307389255613,0.0,DQN_RND,0.001,0.99,mountaincar,sparse
2,565,-1.0,200,0.005941949784755707,-1.0,0.0002780380891636014,0.0,DQN_RND,0.001,0.99,mountaincar,sparse
2,566,-1.0,200,0.00593958143144846,-1.0,0.0002741810749284923,0.0,DQN_RND,0.001,0.99,mountaincar,sparse
2,567,-1.0,200,6.802437383157667e-06,-1.0,0.0002678042510524392,0.0,DQN_RND,0.001,0.99,mountaincar,sparse
2,568,-1.0,200,6.2626900216855574e-06,-1.0,0.00026374560547992587,0.0,DQN_RND,0.001,0.99,mountaincar,sparse
2,569,-1.0,200,0.001972183585166931,-1.0,0.00029058867949061096,0.0,DQN_RND,0.001,0.99,mountaincar,sparse
2,570,-1.0,200,0.009856033138930798,-1.0,0.0002674032293725759,0.0,DQN_RND,0.001,0.99,mountaincar,sparse
2,571,-1.0,200,0.00594646530225873,-1.0,0.0002619328733999282,0.0,DQN_RND,0.001,0.99,mountaincar,sparse
2,572,-1.0,200,0.007926412858068943,-1.0,0.00028308408218435943,0.0,DQN_RND,0.001,0.99,mountaincar,sparse
2,573,-1.0,200,0.005915296729654074,-1.0,0.0002694102586247027,0.0,DQN_RND,0.001,0.99,mountaincar,sparse
2,574,-1.0,200,0.011875590309500694,-1.0,0.0002664450730662793,0.0,DQN_RND,0.001,0.99,mountaincar,sparse
2,575,-1.0,200,0.00789685919880867,-1.0,0.00033413487835787237,0.0,DQN_RND,0.001,0.99,mountaincar,sparse
2,576,-1.0,200,0.009847607463598251,-1.0,0.00025476753944531083,0.0,DQN_RND,0.001,0.99,mountaincar,sparse
2,577,-1.0,200,5.20817866345169e-06,-1.0,0.00027275385218672454,0.0,DQN_RND,0.001,0.99,mountaincar,sparse
2,578,-1.0,200,4.964801519236062e-06,-1.0,0.0002496000088285655,0.0,DQN_RND,0.001,0.99,mountaincar,sparse
2,579,-1.0,200,0.003954894375056028,-1.0,0.00025863051996566355,0.0,DQN_RND,0.001,0.99,mountaincar,sparse
2,580,-1.0,200,0.007864437997341156,-1.0,0.0002989615313708782,0.0,DQN_RND,0.001,0.99,mountaincar,sparse
2,581,-1.0,200,0.003947128541767597,-1.0,0.000270344055024907,0.0,DQN_RND,0.001,0.99,mountaincar,sparse
2,582,-1.0,200,0.003948091994971037,-1.0,0.00026079645613208413,0.0,DQN_RND,0.001,0.99,mountaincar,sparse
2,583,-1.0,200,0.009861841797828674,-1.0,0.00028801188454963267,0.0,DQN_RND,0.001,0.99,mountaincar,sparse
2,584,-1.0,200,0.003930167760699987,-1.0,0.0002745238598436117,0.0,DQN_RND,0.001,0.99,mountaincar,sparse
2,585,-1.0,200,0.003930653911083937,-1.0,0.0002769015554804355,0.0,DQN_RND,0.001,0.99,mountaincar,sparse
2,586,-1.0,200,0.0019727712497115135,-1.0,0.0002933455689344555,0.0,DQN_RND,0.001,0.99,mountaincar,sparse
2,587,-1.0,200,0.0019920303020626307,-1.0,0.0002958393597509712,0.0,DQN_RND,0.001,0.99,mountaincar,sparse
2,588,-1.0,200,4.6339509935933165e-06,-1.0,0.00028161334921605885,0.0,DQN_RND,0.001,0.99,mountaincar,sparse
2,589,-1.0,200,0.0019603692926466465,-1.0,0.0002673892304301262,0.0,DQN_RND,0.001,0.99,mountaincar,sparse
2,590,-1.0,200,0.005933314561843872,-1.0,0.0002933696086984128,0.0,DQN_RND,0.001,0.99,mountaincar,sparse
2,591,-1.0,200,5.863529622729402e-06,-1.0,0.0002825131523422897,0.0,DQN_RND,0.001,0.99,mountaincar,sparse
2,592,-1.0,200,0.001973369624465704,-1.0,0.00028359962743707,0.0,DQN_RND,0.001,0.99,mountaincar,sparse
2,593,-1.0,200,0.003924975171685219,-1.0,0.0002991809160448611,0.0,DQN_RND,0.001,0.99,mountaincar,sparse
2,594,-1.0,200,0.007888314314186573,-1.0,0.0003083508345298469,0.0,DQN_RND,0.001,0.99,mountaincar,sparse
2,595,-1.0,200,0.007875433191657066,-1.0,0.00029111557523719966,0.0,DQN_RND,0.001,0.99,mountaincar,sparse
2,596,-1.0,200,0.003935304470360279,-1.0,0.00026655683177523315,0.0,DQN_RND,0.001,0.99,mountaincar,sparse
2,597,-1.0,200,0.007868683896958828,-1.0,0.00025221839314326644,0.0,DQN_RND,0.001,0.99,mountaincar,sparse
2,598,-1.0,200,0.005883249919861555,-1.0,0.00026120999245904386,0.0,DQN_RND,0.001,0.99,mountaincar,sparse
2,599,-1.0,200,0.005915581248700619,-1.0,0.00026819470804184675,0.0,DQN_RND,0.001,0.99,mountaincar,sparse
2,600,-1.0,200,0.003935136832296848,-1.0,0.00028984114760532975,0.0,DQN_RND,0.001,0.99,mountaincar,sparse
2,601,-1.0,200,0.003943081013858318,-1.0,0.00031512655550614,0.0,DQN_RND,0.001,0.99,mountaincar,sparse
2,602,-1.0,200,0.003941877745091915,-1.0,0.00031845056219026446,0.0,DQN_RND,0.001,0.99,mountaincar,sparse
2,603,-1.0,200,0.007869313471019268,-1.0,0.00029410849674604833,0.0,DQN_RND,0.001,0.99,mountaincar,sparse
2,604,-1.0,200,0.005915955640375614,-1.0,0.000268450821749866,0.0,DQN_RND,0.001,0.99,mountaincar,sparse
2,605,-1.0,200,0.0019697712268680334,-1.0,0.00029257850837893784,0.0,DQN_RND,0.001,0.99,mountaincar,sparse
2,606,-1.0,200,0.005924020428210497,-1.0,0.00028596038464456797,0.0,DQN_RND,0.001,0.99,mountaincar,sparse
2,607,-1.0,200,4.452379016584018e-06,-1.0,0.00031914986902847886,0.0,DQN_RND,0.001,0.99,mountaincar,sparse
2,608,-1.0,200,0.003930453211069107,-1.0,0.0002987152838613838,0.0,DQN_RND,0.001,0.99,mountaincar,sparse
2,609,-1.0,200,0.007888389751315117,-1.0,0.0002796044573187828,0.0,DQN_RND,0.001,0.99,mountaincar,sparse
2,610,-1.0,200,0.003942191135138273,-1.0,0.000293969816993922,0.0,DQN_RND,0.001,0.99,mountaincar,sparse
2,611,-1.0,200,0.00592786492779851,-1.0,0.00029545227880589664,0.0,DQN_RND,0.001,0.99,mountaincar,sparse
2,612,-1.0,200,0.0039280010387301445,-1.0,0.00029819950577802956,0.0,DQN_RND,0.001,0.99,mountaincar,sparse
2,613,-1.0,200,0.00788926426321268,-1.0,0.0002767373516689986,0.0,DQN_RND,0.001,0.99,mountaincar,sparse
2,614,-1.0,200,0.007867425680160522,-1.0,0.0003121359331998974,0.0,DQN_RND,0.001,0.99,mountaincar,sparse
2,615,-1.0,200,0.001970347249880433,-1.0,0.0002779471396934241,0.0,DQN_RND,0.001,0.99,mountaincar,sparse
2,616,-1.0,200,0.007868192158639431,-1.0,0.0003208275302313268,0.0,DQN_RND,0.001,0.99,mountaincar,sparse
2,617,-1.0,200,0.003930981270968914,-1.0,0.0002610888914205134,0.0,DQN_RND,0.001,0.99,mountaincar,sparse
2,618,-1.0,200,5.036848506279057e-06,-1.0,0.0002655242569744587,0.0,DQN_RND,0.001,0.99,mountaincar,sparse
2,619,-1.0,200,0.005922118201851845,-1.0,0.00028162042144685984,0.0,DQN_RND,0.001,0.99,mountaincar,sparse
2,620,-1.0,200,0.001967421732842922,-1.0,0.0002844561531674117,0.0,DQN_RND,0.001,0.99,mountaincar,sparse
2,621,-1.0,200,0.003948243334889412,-1.0,0.0002748762781266123,0.0,DQN_RND,0.001,0.99,mountaincar,sparse
2,622,-1.0,200,0.005901961587369442,-1.0,0.0002730700944084674,0.0,DQN_RND,0.001,0.99,mountaincar,sparse
2,623,-1.0,200,4.511145107244374e-06,-1.0,0.00027498535928316414,0.0,DQN_RND,0.001,0.99,mountaincar,sparse
2,624,-1.0,200,0.01178831048309803,-1.0,0.00029998552054166794,0.0,DQN_RND,0.001,0.99,mountaincar,sparse
2,625,-1.0,200,0.0019711419008672237,-1.0,0.00033163148327730596,0.0,DQN_RND,0.001,0.99,mountaincar,sparse
2,626,-1.0,200,0.003947746939957142,-1.0,0.00028260768158361316,0.0,DQN_RND,0.001,0.99,mountaincar,sparse
2,627,-1.0,200,0.00788990966975689,-1.0,0.0002771841536741704,0.0,DQN_RND,0.001,0.99,mountaincar,sparse
2,628,-1.0,200,0.003896123729646206,-1.0,0.0002783137606456876,0.0,DQN_RND,0.001,0.99,mountaincar,sparse
2,629,-1.0,200,0.007863685488700867,-1.0,0.00030248388065956533,0.0,DQN_RND,0.001,0.99,mountaincar,sparse
2,630,-1.0,200,0.005905954632908106,-1.0,0.0002905905421357602,0.0,DQN_RND,0.001,0.99,mountaincar,sparse
2,631,-1.0,200,0.0019671691115945578,-1.0,0.0002899287501350045,0.0,DQN_RND,0.001,0.99,mountaincar,sparse
2,632,-1.0,200,0.007880719378590584,-1.0,0.0002653738483786583,0.0,DQN_RND,0.001,0.99,mountaincar,sparse
2,633,-1.0,200,0.007882051169872284,-1.0,0.00028615392511710525,0.0,DQN_RND,0.001,0.99,mountaincar,sparse
2,634,-1.0,200,0.003959064371883869,-1.0,0.00030173559207469225,0.0,DQN_RND,0.001,0.99,mountaincar,sparse
2,635,-1.0,200,0.007822759449481964,-1.0,0.00029067715513519943,0.0,DQN_RND,0.001,0.99,mountaincar,sparse
2,636,-1.0,200,0.011812536045908928,-1.0,0.00030620081815868616,0.0,DQN_RND,0.001,0.99,mountaincar,sparse
2,637,-1.0,200,4.975865522283129e-06,-1.0,0.0003029431973118335,0.0,DQN_RND,0.001,0.99,mountaincar,sparse
2,638,-1.0,200,0.007863108068704605,-1.0,0.0002986463950946927,0.0,DQN_RND,0.001,0.99,mountaincar,sparse
2,639,-1.0,200,0.003944504074752331,-1.0,0.0002806919510476291,0.0,DQN_RND,0.001,0.99,mountaincar,sparse
2,640,-1.0,200,0.003932153806090355,-1.0,0.0002543548762332648,0.0,DQN_RND,0.001,0.99,mountaincar,sparse
2,641,-1.0,200,0.007871435955166817,-1.0,0.0002753776789177209,0.0,DQN_RND,0.001,0.99,mountaincar,sparse
2,642,-1.0,200,0.007863180711865425,-1.0,0.00027895529638044536,0.0,DQN_RND,0.001,0.99,mountaincar,sparse
2,643,-1.0,200,0.0039380816742777824,-1.0,0.00028648824081756175,0.0,DQN_RND,0.001,0.99,mountaincar,sparse
2,644,-1.0,200,0.0019706280436366796,-1.0,0.0002959288831334561,0.0,DQN_RND,0.001,0.99,mountaincar,sparse
2,645,-1.0,200,0.003932108636945486,-1.0,0.0002915284421760589,0.0,DQN_RND,0.001,0.99,mountaincar,sparse
2,646,-1.0,200,0.005910661071538925,-1.0,0.0002888503950089216,0.0,DQN_RND,0.001,0.99,mountaincar,sparse
2,647,-1.0,200,0.0039361622184515,-1.0,0.00028566279797814786,0.0,DQN_RND,0.001,0.99,mountaincar,sparse
2,648,-1.0,200,0.0019696049857884645,-1.0,0.00029939733212813735,0.0,DQN_RND,0.001,0.99,mountaincar,sparse
2,649,-1.0,200,0.005924397148191929,-1.0,0.00028403400210663676,0.0,DQN_RND,0.001,0.99,mountaincar,sparse
2,650,-1.0,200,0.005912684835493565,-1.0,0.00027873393264599144,0.0,DQN_RND,0.001,0.99,mountaincar,sparse
2,651,-1.0,200,5.154949576535728e-06,-1.0,0.00029575967346318066,0.0,DQN_RND,0.001,0.99,mountaincar,sparse
2,652,-1.0,200,0.0019698808901011944,-1.0,0.0002873600460588932,0.0,DQN_RND,0.001,0.99,mountaincar,sparse
2,653,-1.0,200,0.0058893165551126,-1.0,0.00027102604508399963,0.0,DQN_RND,0.001,0.99,mountaincar,sparse
2,654,-1.0,200,4.328464456193615e-06,-1.0,0.0002678904857020825,0.0,DQN_RND,0.001,0.99,mountaincar,sparse
2,655,-1.0,200,4.504460775933694e-06,-1.0,0.0002948996261693537,0.0,DQN_RND,0.001,0.99,mountaincar,sparse
2,656,-1.0,200,0.005904907826334238,-1.0,0.0002647067012730986,0.0,DQN_RND,0.001,0.99,mountaincar,sparse
2,657,-1.0,200,0.011789332143962383,-1.0,0.00029159680707380176,0.0,DQN_RND,0.001,0.99,mountaincar,sparse
2,658,-1.0,200,0.005908987484872341,-1.0,0.00027500957367010415,0.0,DQN_RND,0.001,0.99,mountaincar,sparse
2,659,-1.0,200,0.0058722468093037605,-1.0,0.0002779286587610841,0.0,DQN_RND,0.001,0.99,mountaincar,sparse
2,660,-1.0,200,0.007874926552176476,-1.0,0.00029416728648357093,0.0,DQN_RND,0.001,0.99,mountaincar,sparse
2,661,-1.0,200,0.003927607089281082,-1.0,0.00028244900749996305,0.0,DQN_RND,0.001,0.99,mountaincar,sparse
2,662,-1.0,200,0.003929307218641043,-1.0,0.000254525599302724,0.0,DQN_RND,0.001,0.99,mountaincar,sparse
2,663,-1.0,200,0.0039294990710914135,-1.0,0.0003021245647687465,0.0,DQN_RND,0.001,0.99,mountaincar,sparse
2,664,-1.0,200,0.0019670736510306597,-1.0,0.00030128678190521896,0.0,DQN_RND,0.001,0.99,mountaincar,sparse
2,665,-1.0,200,0.005895616952329874,-1.0,0.0002868174051400274,0.0,DQN_RND,0.001,0.99,mountaincar,sparse
2,666,-1.0,200,0.001956815365701914,-1.0,0.00028561934595927596,0.0,DQN_RND,0.001,0.99,mountaincar,sparse
2,667,-1.0,200,0.001968839904293418,-1.0,0.00029348337557166815,0.0,DQN_RND,0.001,0.99,mountaincar,sparse
2,668,-1.0,200,0.001970096956938505,-1.0,0.00028555592871271074,0.0,DQN_RND,0.001,0.99,mountaincar,sparse
2,669,-1.0,200,0.0019690017215907574,-1.0,0.0002542607544455677,0.0,DQN_RND,0.001,0.99,mountaincar,sparse
2,670,-1.0,200,0.007855063304305077,-1.0,0.0002879583917092532,0.0,DQN_RND,0.001,0.99,mountaincar,sparse
2,671,-1.0,200,0.0019643264822661877,-1.0,0.0002648667141329497,0.0,DQN_RND,0.001,0.99,mountaincar,sparse
2,672,-1.0,200,0.00196995516307652,-1.0,0.00027473788941279054,0.0,DQN_RND,0.001,0.99,mountaincar,sparse
2,673,-1.0,200,0.003937436267733574,-1.0,0.00027448104810900986,0.0,DQN_RND,0.001,0.99,mountaincar,sparse
2,674,-1.0,200,0.0019830004312098026,-1.0,0.00025821515009738505,0.0,DQN_RND,0.001,0.99,mountaincar,sparse
2,675,-1.0,200,0.00393794197589159,-1.0,0.00027045118622481823,0.0,DQN_RND,0.001,0.99,mountaincar,sparse
2,676,-1.0,200,0.003928013611584902,-1.0,0.0002786843106150627,0.0,DQN_RND,0.001,0.99,mountaincar,sparse
2,677,-1.0,200,0.009853804484009743,-1.0,0.00028643867699429393,0.0,DQN_RND,0.001,0.99,mountaincar,sparse
2,678,-1.0,200,0.003935291897505522,-1.0,0.0002677936281543225,0.0,DQN_RND,0.001,0.99,mountaincar,sparse
2,679,-1.0,200,0.005890989676117897,-1.0,0.000247594085521996,0.0,DQN_RND,0.001,0.99,mountaincar,sparse
2,680,-1.0,200,0.0019667965825647116,-1.0,0.0002869876625481993,0.0,DQN_RND,0.001,0.99,mountaincar,sparse
2,681,-1.0,200,0.0058863162994384766,-1.0,0.0002597287530079484,0.0,DQN_RND,0.001,0.99,mountaincar,sparse
2,682,-1.0,200,0.0019628480076789856,-1.0,0.00026814534794539213,0.0,DQN_RND,0.001,0.99,mountaincar,sparse
2,683,-1.0,200,0.005874080583453178,-1.0,0.00025923628709279,0.0,DQN_RND,0.001,0.99,mountaincar,sparse
2,684,-1.0,200,0.003939081449061632,-1.0,0.00025483258650638163,0.0,DQN_RND,0.001,0.99,mountaincar,sparse
2,685,-1.0,200,0.0039370059967041016,-1.0,0.00028756633400917053,0.0,DQN_RND,0.001,0.99,mountaincar,sparse
2,686,-1.0,200,0.005897728260606527,-1.0,0.00026729211094789207,0.0,DQN_RND,0.001,0.99,mountaincar,sparse
2,687,-1.0,200,0.001980468397960067,-1.0,0.00028082338394597173,0.0,DQN_RND,0.001,0.99,mountaincar,sparse
2,688,-1.0,200,3.1915469662635587e-06,-1.0,0.0002625064516905695,0.0,DQN_RND,0.001,0.99,mountaincar,sparse
2,689,-1.0,200,0.003916909918189049,-1.0,0.00027654823497869074,0.0,DQN_RND,0.001,0.99,mountaincar,sparse
2,690,-1.0,200,0.001968439668416977,-1.0,0.00026494209305383265,0.0,DQN_RND,0.001,0.99,mountaincar,sparse
2,691,-1.0,200,0.0019595229532569647,-1.0,0.0002915707300417125,0.0,DQN_RND,0.001,0.99,mountaincar,sparse
2,692,-1.0,200,0.0039437743835151196,-1.0,0.00025747649488039315,0.0,DQN_RND,0.001,0.99,mountaincar,sparse
2,693,-1.0,200,3.4219631288578967e-06,-1.0,0.00024806713918223977,0.0,DQN_RND,0.001,0.99,mountaincar,sparse
2,694,-1.0,200,3.868134626827668e-06,-1.0,0.00026767791132442653,0.0,DQN_RND,0.001,0.99,mountaincar,sparse
2,695,-1.0,200,0.0019596859347075224,-1.0,0.00026793457800522447,0.0,DQN_RND,0.001,0.99,mountaincar,sparse
2,696,-1.0,200,0.003926810808479786,-1.0,0.0002583759487606585,0.0,DQN_RND,0.001,0.99,mountaincar,sparse
2,697,-1.0,200,0.0058965785428881645,-1.0,0.0002923368301708251,0.0,DQN_RND,0.001,0.99,mountaincar,sparse
2,698,-1.0,200,0.003934163134545088,-1.0,0.00024821842089295387,0.0,DQN_RND,0.001,0.99,mountaincar,sparse
2,699,-1.0,200,0.005895562469959259,-1.0,0.0002446555008646101,0.0,DQN_RND,0.001,0.99,mountaincar,sparse
2,700,-1.0,200,0.00393787631765008,-1.0,0.0002864103589672595,0.0,DQN_RND,0.001,0.99,mountaincar,sparse
2,701,-1.0,200,0.005890259053558111,-1.0,0.00026173473452217877,0.0,DQN_RND,0.001,0.99,mountaincar,sparse
2,702,-1.0,200,0.007833272218704224,-1.0,0.00023818507906980813,0.0,DQN_RND,0.001,0.99,mountaincar,sparse
2,703,-1.0,200,0.0019751437939703465,-1.0,0.0002472578198648989,0.0,DQN_RND,0.001,0.99,mountaincar,sparse
2,704,-1.0,200,0.003942262381315231,-1.0,0.000274645077297464,0.0,DQN_RND,0.001,0.99,mountaincar,sparse
2,705,-1.0,200,0.007853048853576183,-1.0,0.0002438340161461383,0.0,DQN_RND,0.001,0.99,mountaincar,sparse
2,706,-1.0,200,4.177507435088046e-06,-1.0,0.00028832696261815727,0.0,DQN_RND,0.001,0.99,mountaincar,sparse
2,707,-1.0,200,0.005897713825106621,-1.0,0.00023471623717341572,0.0,DQN_RND,0.001,0.99,mountaincar,sparse
2,708,-1.0,200,0.009814690798521042,-1.0,0.00028048513922840357,0.0,DQN_RND,0.001,0.99,mountaincar,sparse
2,709,-1.0,200,0.0039251116104424,-1.0,0.00025950316921807826,0.0,DQN_RND,0.001,0.99,mountaincar,sparse
2,710,-1.0,200,0.00784609466791153,-1.0,0.0002420832752250135,0.0,DQN_RND,0.001,0.99,mountaincar,sparse
2,711,-1.0,200,0.003947329241782427,-1.0,0.00024261321232188493,0.0,DQN_RND,0.001,0.99,mountaincar,sparse
2,712,-1.0,200,0.009816426783800125,-1.0,0.0002467784797772765,0.0,DQN_RND,0.001,0.99,mountaincar,sparse
2,713,-1.0,200,3.520959580782801e-06,-1.0,0.0002700297918636352,0.0,DQN_RND,0.001,0.99,mountaincar,sparse
2,714,-1.0,200,0.005890136584639549,-1.0,0.0002556255494710058,0.0,DQN_RND,0.001,0.99,mountaincar,sparse
2,715,-1.0,200,0.00784388929605484,-1.0,0.00025764002930372953,0.0,DQN_RND,0.001,0.99,mountaincar,sparse
2,716,-1.0,200,0.003920835442841053,-1.0,0.0002305996313225478,0.0,DQN_RND,0.001,0.99,mountaincar,sparse
2,717,-1.0,200,0.0058903140015900135,-1.0,0.0002746961254160851,0.0,DQN_RND,0.001,0.99,mountaincar,sparse
2,718,-1.0,200,0.0058943135663867,-1.0,0.00024315869086422026,0.0,DQN_RND,0.001,0.99,mountaincar,sparse
2,719,-1.0,200,0.001964027527719736,-1.0,0.00022507492394652218,0.0,DQN_RND,0.001,0.99,mountaincar,sparse
2,720,-1.0,200,0.0019634368363767862,-1.0,0.00023036297352518886,0.0,DQN_RND,0.001,0.99,mountaincar,sparse
2,721,-1.0,200,0.00392248434945941,-1.0,0.0002583776949904859,0.0,DQN_RND,0.001,0.99,mountaincar,sparse
2,722,-1.0,200,0.009813101030886173,-1.0,0.00025410455418750644,0.0,DQN_RND,0.001,0.99,mountaincar,sparse
2,723,-1.0,200,0.005856539122760296,-1.0,0.00026982437702827156,0.0,DQN_RND,0.001,0.99,mountaincar,sparse
2,724,-1.0,200,3.873324658343336e-06,-1.0,0.00022282452846411616,0.0,DQN_RND,0.001,0.99,mountaincar,sparse
2,725,-1.0,200,0.007843859493732452,-1.0,0.0002432149922242388,0.0,DQN_RND,0.001,0.99,mountaincar,sparse
2,726,-1.0,200,0.0019472298445180058,-1.0,0.00023719450109638274,0.0,DQN_RND,0.001,0.99,mountaincar,sparse
2,727,-1.0,200,2.5547733457642607e-06,-1.0,0.000239590197452344,0.0,DQN_RND,0.001,0.99,mountaincar,sparse
2,728,-1.0,200,0.0019583648536354303,-1.0,0.00022778082347940654,0.0,DQN_RND,0.001,0.99,mountaincar,sparse
2,729,-1.0,200,0.005885331425815821,-1.0,0.00021526598720811307,0.0,DQN_RND,0.001,0.99,mountaincar,sparse
2,730,-1.0,200,0.00195779069326818,-1.0,0.00024470771313644946,0.0,DQN_RND,0.001,0.99,mountaincar,sparse
2,731,-1.0,200,0.007846598513424397,-1.0,0.0002533402293920517,0.0,DQN_RND,0.001,0.99,mountaincar,sparse
2,732,-1.0,200,0.009802566841244698,-1.0,0.00021359290985856205,0.0,DQN_RND,0.001,0.99,mountaincar,sparse
2,733,-1.0,200,0.001963231014087796,-1.0,0.00024538589059375226,0.0,DQN_RND,0.001,0.99,mountaincar,sparse
2,734,-1.0,200,0.005881230812519789,-1.0,0.00021090495283715427,0.0,DQN_RND,0.001,0.99,mountaincar,sparse
2,735,-1.0,200,0.009813605807721615,-1.0,0.00023451750166714191,0.0,DQN_RND,0.001,0.99,mountaincar,sparse
2,736,-1.0,200,0.007828520610928535,-1.0,0.0002598554128780961,0.0,DQN_RND,0.001,0.99,mountaincar,sparse
2,737,-1.0,200,0.003915613517165184,-1.0,0.00021559445303864777,0.0,DQN_RND,0.001,0.99,mountaincar,sparse
2,738,-1.0,200,0.0019689251203089952,-1.0,0.000241875255596824,0.0,DQN_RND,0.001,0.99,mountaincar,sparse
2,739,-1.0,200,0.005894113332033157,-1.0,0.00025173762696795166,0.0,DQN_RND,0.001,0.99,mountaincar,sparse
2,740,-1.0,200,0.001960246590897441,-1.0,0.00021365088468883187,0.0,DQN_RND,0.001,0.99,mountaincar,sparse
2,741,-1.0,200,0.005882583558559418,-1.0,0.00023930131283123046,0.0,DQN_RND,0.001,0.99,mountaincar,sparse
2,742,-1.0,200,0.0019629031885415316,-1.0,0.0002591230731923133,0.0,DQN_RND,0.001,0.99,mountaincar,sparse
2,743,-1.0,200,0.0058782659471035,-1.0,0.0002495176740922034,0.0,DQN_RND,0.001,0.99,mountaincar,sparse
2,744,-1.0,200,0.003926908131688833,-1.0,0.0002385177358519286,0.0,DQN_RND,0.001,0.99,mountaincar,sparse
2,745,-1.0,200,0.001964889233931899,-1.0,0.00023638167476747185,0.0,DQN_RND,0.001,0.99,mountaincar,sparse
2,746,-1.0,200,0.007842233404517174,-1.0,0.00024362350814044476,0.0,DQN_RND,0.001,0.99,mountaincar,sparse
2,747,-1.0,200,0.0019569136202335358,-1.0,0.00021436138194985688,0.0,DQN_RND,0.001,0.99,mountaincar,sparse
2,748,-1.0,200,0.007842473685741425,-1.0,0.00021146307699382305,0.0,DQN_RND,0.001,0.99,mountaincar,sparse
2,749,-1.0,200,0.009775125421583652,-1.0,0.00021297248895280063,0.0,DQN_RND,0.001,0.99,mountaincar,sparse
2,750,-1.0,200,0.001962348585948348,-1.0,0.0001985914568649605,0.0,DQN_RND,0.001,0.99,mountaincar,sparse
2,751,-1.0,200,0.007846224121749401,-1.0,0.00022546156833413988,0.0,DQN_RND,0.001,0.99,mountaincar,sparse
2,752,-1.0,200,0.005894135683774948,-1.0,0.00019843559130094945,0.0,DQN_RND,0.001,0.99,mountaincar,sparse
2,753,-1.0,200,0.007837027311325073,-1.0,0.0002738229522947222,0.0,DQN_RND,0.001,0.99,mountaincar,sparse
2,754,-1.0,200,0.0019573525059968233,-1.0,0.00023206067271530628,0.0,DQN_RND,0.001,0.99,mountaincar,sparse
2,755,-1.0,200,0.001965784467756748,-1.0,0.0002370625879848376,0.0,DQN_RND,0.001,0.99,mountaincar,sparse
2,756,-1.0,200,0.001964838709682226,-1.0,0.00020484879496507347,0.0,DQN_RND,0.001,0.99,mountaincar,sparse
2,757,-1.0,200,0.005871158093214035,-1.0,0.0002035319630522281,0.0,DQN_RND,0.001,0.99,mountaincar,sparse
2,758,-1.0,200,0.003909186460077763,-1.0,0.00021748551807831973,0.0,DQN_RND,0.001,0.99,mountaincar,sparse
2,759,-1.0,200,0.005873633548617363,-1.0,0.0002035058569163084,0.0,DQN_RND,0.001,0.99,mountaincar,sparse
2,760,-1.0,200,0.005881329067051411,-1.0,0.00022024818463250995,0.0,DQN_RND,0.001,0.99,mountaincar,sparse
2,761,-1.0,200,0.003910447470843792,-1.0,0.00021396606462076306,0.0,DQN_RND,0.001,0.99,mountaincar,sparse
2,762,-1.0,200,0.001964618219062686,-1.0,0.00020399855566211045,0.0,DQN_RND,0.001,0.99,mountaincar,sparse
2,763,-1.0,200,0.0039256843738257885,-1.0,0.00024411235062871128,0.0,DQN_RND,0.001,0.99,mountaincar,sparse
2,764,-1.0,200,0.003909561783075333,-1.0,0.00020019167277496308,0.0,DQN_RND,0.001,0.99,mountaincar,sparse
2,765,-1.0,200,0.00587263610213995,-1.0,0.0002491118502803147,0.0,DQN_RND,0.001,0.99,mountaincar,sparse
2,766,-1.0,200,2.2885051293997094e-06,-1.0,0.00022062234347686172,0.0,DQN_RND,0.001,0.99,mountaincar,sparse
2,767,-1.0,200,0.005873504094779491,-1.0,0.00021603460481856018,0.0,DQN_RND,0.001,0.99,mountaincar,sparse
2,768,-1.0,200,0.00978212058544159,-1.0,0.00023333003628067672,0.0,DQN_RND,0.001,0.99,mountaincar,sparse
2,769,-1.0,200,1.9053527466894593e-06,-1.0,0.00020819649216718972,0.0,DQN_RND,0.001,0.99,mountaincar,sparse
2,770,-1.0,200,0.005865962244570255,-1.0,0.00021594742429442704,0.0,DQN_RND,0.001,0.99,mountaincar,sparse
2,771,-1.0,200,0.007810560520738363,-1.0,0.00020568122272379696,0.0,DQN_RND,0.001,0.99,mountaincar,sparse
2,772,-1.0,200,0.001958635635674,-1.0,0.00027562741888687015,0.0,DQN_RND,0.001,0.99,mountaincar,sparse
2,773,-1.0,200,0.0019535243045538664,-1.0,0.00028328076587058604,0.0,DQN_RND,0.001,0.99,mountaincar,sparse
2,774,-1.0,200,0.005885038524866104,-1.0,0.00025556879700161517,0.0,DQN_RND,0.001,0.99,mountaincar,sparse
2,775,-1.0,200,0.005876906216144562,-1.0,0.00027149394736625254,0.0,DQN_RND,0.001,0.99,mountaincar,sparse
2,776,-1.0,200,0.003917096182703972,-1.0,0.00022942727082408965,0.0,DQN_RND,0.001,0.99,mountaincar,sparse
2,777,-1.0,200,0.0058898781426250935,-1.0,0.00026450271252542734,0.0,DQN_RND,0.001,0.99,mountaincar,sparse
2,778,-1.0,200,0.005877668969333172,-1.0,0.0002129191707354039,0.0,DQN_RND,0.001,0.99,mountaincar,sparse
2,779,-1.0,200,0.00392156234011054,-1.0,0.0002055490476777777,0.0,DQN_RND,0.001,0.99,mountaincar,sparse
2,780,-1.0,200,0.0019596798811107874,-1.0,0.0002063015999738127,0.0,DQN_RND,0.001,0.99,mountaincar,sparse
2,781,-1.0,200,0.0039146775379776955,-1.0,0.00022461870685219765,0.0,DQN_RND,0.001,0.99,mountaincar,sparse
2,782,-1.0,200,0.005867650732398033,-1.0,0.00020674134430009872,0.0,DQN_RND,0.001,0.99,mountaincar,sparse
2,783,-1.0,200,0.00782906822860241,-1.0,0.00022196343343239278,0.0,DQN_RND,0.001,0.99,mountaincar,sparse
2,784,-1.0,200,0.009789818897843361,-1.0,0.00024434298393316567,0.0,DQN_RND,0.001,0.99,mountaincar,sparse
2,785,-1.0,200,0.003915979992598295,-1.0,0.00023051987227518111,0.0,DQN_RND,0.001,0.99,mountaincar,sparse
2,786,-1.0,200,0.003917435184121132,-1.0,0.00023278596927411854,0.0,DQN_RND,0.001,0.99,mountaincar,sparse
2,787,-1.0,200,0.0019453094573691487,-1.0,0.00023157370742410421,0.0,DQN_RND,0.001,0.99,mountaincar,sparse
2,788,-1.0,200,0.0058641633950173855,-1.0,0.0002141501900041476,0.0,DQN_RND,0.001,0.99,mountaincar,sparse
2,789,-1.0,200,0.009795530699193478,-1.0,0.00026831726427190006,0.0,DQN_RND,0.001,0.99,mountaincar,sparse
2,790,-1.0,200,0.005857053212821484,-1.0,0.0002173502725781873,0.0,DQN_RND,0.001,0.99,mountaincar,sparse
2,791,-1.0,200,0.005865967366844416,-1.0,0.00026285226340405643,0.0,DQN_RND,0.001,0.99,mountaincar,sparse
2,792,-1.0,200,0.001958788838237524,-1.0,0.0002401022065896541,0.0,DQN_RND,0.001,0.99,mountaincar,sparse
2,793,-1.0,200,0.003906526602804661,-1.0,0.0002719458716455847,0.0,DQN_RND,0.001,0.99,mountaincar,sparse
2,794,-1.0,200,0.0039132400415837765,-1.0,0.00024584372295066714,0.0,DQN_RND,0.001,0.99,mountaincar,sparse
2,795,-1.0,200,0.005855280440300703,-1.0,0.00022015950526110828,0.0,DQN_RND,0.001,0.99,mountaincar,sparse
2,796,-1.0,200,1.591496243236179e-06,-1.0,0.0002306768437847495,0.0,DQN_RND,0.001,0.99,mountaincar,sparse
2,797,-1.0,200,2.415399194433121e-06,-1.0,0.0002649043744895607,0.0,DQN_RND,0.001,0.99,mountaincar,sparse
2,798,-1.0,200,0.01174426544457674,-1.0,0.00022297467512544245,0.0,DQN_RND,0.001,0.99,mountaincar,sparse
2,799,-1.0,200,0.005862776655703783,-1.0,0.00028992947773076594,0.0,DQN_RND,0.001,0.99,mountaincar,sparse
2,800,-1.0,200,0.005853863898664713,-1.0,0.00022910669213160872,0.0,DQN_RND,0.001,0.99,mountaincar,sparse
2,801,-1.0,200,0.0019581581000238657,-1.0,0.000280420616036281,0.0,DQN_RND,0.001,0.99,mountaincar,sparse
2,802,-1.0,200,0.005875360686331987,-1.0,0.0002377799537498504,0.0,DQN_RND,0.001,0.99,mountaincar,sparse
2,803,-1.0,200,0.00390757666900754,-1.0,0.00023646143381483853,0.0,DQN_RND,0.001,0.99,mountaincar,sparse
2,804,-1.0,200,0.001955305924639106,-1.0,0.00023332933778874576,0.0,DQN_RND,0.001,0.99,mountaincar,sparse
2,805,-1.0,200,0.011732873506844044,-1.0,0.00026116459048353136,0.0,DQN_RND,0.001,0.99,mountaincar,sparse
2,806,-1.0,200,0.003908317536115646,-1.0,0.0002441447868477553,0.0,DQN_RND,0.001,0.99,mountaincar,sparse
2,807,-1.0,200,0.003911678213626146,-1.0,0.0002474415523465723,0.0,DQN_RND,0.001,0.99,mountaincar,sparse
2,808,-1.0,200,0.007820913568139076,-1.0,0.0002630792441777885,0.0,DQN_RND,0.001,0.99,mountaincar,sparse
2,809,-1.0,200,1.771554025253863e-06,-1.0,0.0002482208947185427,0.0,DQN_RND,0.001,0.99,mountaincar,sparse
2,810,-1.0,200,0.0019481070339679718,-1.0,0.00023448278079740703,0.0,DQN_RND,0.001,0.99,mountaincar,sparse
2,811,-1.0,200,0.001954433973878622,-1.0,0.0002445428108330816,0.0,DQN_RND,0.001,0.99,mountaincar,sparse
2,812,-1.0,200,0.007809207309037447,-1.0,0.0002275277947774157,0.0,DQN_RND,0.001,0.99,mountaincar,sparse
2,813,-1.0,200,0.005869424901902676,-1.0,0.0002258885360788554,0.0,DQN_RND,0.001,0.99,mountaincar,sparse
2,814,-1.0,200,0.001951321610249579,-1.0,0.0002605243062134832,0.0,DQN_RND,0.001,0.99,mountaincar,sparse
2,815,-1.0,200,0.00585893914103508,-1.0,0.00028335413662716746,0.0,DQN_RND,0.001,0.99,mountaincar,sparse
2,816,-1.0,200,2.314497123734327e-06,-1.0,0.00024566540378145874,0.0,DQN_RND,0.001,0.99,mountaincar,sparse
2,817,-1.0,200,0.007814099080860615,-1.0,0.0002375239273533225,0.0,DQN_RND,0.001,0.99,mountaincar,sparse
2,818,-1.0,200,0.003915339708328247,-1.0,0.00023697871074546129,0.0,DQN_RND,0.001,0.99,mountaincar,sparse
2,819,-1.0,200,0.009761538356542587,-1.0,0.0002290764095960185,0.0,DQN_RND,0.001,0.99,mountaincar,sparse
2,820,-1.0,200,0.0019391985842958093,-1.0,0.0002683928469195962,0.0,DQN_RND,0.001,0.99,mountaincar,sparse
2,821,-1.0,200,0.003906247904524207,-1.0,0.00021999185264576226,0.0,DQN_RND,0.001,0.99,mountaincar,sparse
2,822,-1.0,200,0.0039004040881991386,-1.0,0.0002748145197983831,0.0,DQN_RND,0.001,0.99,mountaincar,sparse
2,823,-1.0,200,0.009758480824530125,-1.0,0.0002420546079520136,0.0,DQN_RND,0.001,0.99,mountaincar,sparse
2,824,-1.0,200,0.0019573657773435116,-1.0,0.00026822075597010553,0.0,DQN_RND,0.001,0.99,mountaincar,sparse
2,825,-1.0,200,0.003914364147931337,-1.0,0.000254764745477587,0.0,DQN_RND,0.001,0.99,mountaincar,sparse
2,826,-1.0,200,0.005866404622793198,-1.0,0.00024099559232126921,0.0,DQN_RND,0.001,0.99,mountaincar,sparse
2,827,-1.0,200,0.005875239148736,-1.0,0.00023138918913900852,0.0,DQN_RND,0.001,0.99,mountaincar,sparse
2,828,-1.0,200,0.005853146314620972,-1.0,0.00023380429774988443,0.0,DQN_RND,0.001,0.99,mountaincar,sparse
2,829,-1.0,200,0.005866594146937132,-1.0,0.0002391376328887418,0.0,DQN_RND,0.001,0.99,mountaincar,sparse
2,830,-1.0,200,0.0019560717046260834,-1.0,0.00026266975328326225,0.0,DQN_RND,0.001,0.99,mountaincar,sparse
2,831,-1.0,200,0.007818480022251606,-1.0,0.00027185221551917493,0.0,DQN_RND,0.001,0.99,mountaincar,sparse
2,832,-1.0,200,0.007818774320185184,-1.0,0.00025155453477054834,0.0,DQN_RND,0.001,0.99,mountaincar,sparse
2,833,-1.0,200,0.0039033242501318455,-1.0,0.0002434494672343135,0.0,DQN_RND,0.001,0.99,mountaincar,sparse
2,834,-1.0,200,0.005838677287101746,-1.0,0.00024099688744172454,0.0,DQN_RND,0.001,0.99,mountaincar,sparse
2,835,-1.0,200,0.005860734265297651,-1.0,0.00027392845368012786,0.0,DQN_RND,0.001,0.99,mountaincar,sparse
2,836,-1.0,200,0.0058649624697864056,-1.0,0.0002606997441034764,0.0,DQN_RND,0.001,0.99,mountaincar,sparse
2,837,-1.0,200,0.0019524387316778302,-1.0,0.00024291386944241822,0.0,DQN_RND,0.001,0.99,mountaincar,sparse
2,838,-1.0,200,0.001952221617102623,-1.0,0.00025728714535944164,0.0,DQN_RND,0.001,0.99,mountaincar,sparse
2,839,-1.0,200,0.0019547338597476482,-1.0,0.0002522969734854996,0.0,DQN_RND,0.001,0.99,mountaincar,sparse
2,840,-1.0,200,0.007828871719539165,-1.0,0.000264455535216257,0.0,DQN_RND,0.001,0.99,mountaincar,sparse
2,841,-1.0,200,0.0019518423359841108,-1.0,0.0002705783408600837,0.0,DQN_RND,0.001,0.99,mountaincar,sparse
2,842,-1.0,200,0.001951373997144401,-1.0,0.0002736230380833149,0.0,DQN_RND,0.001,0.99,mountaincar,sparse
2,843,-1.0,200,2.0370778202050133e-06,-1.0,0.0002770685823634267,0.0,DQN_RND,0.001,0.99,mountaincar,sparse
2,844,-1.0,200,0.003907938953489065,-1.0,0.00028517021564766765,0.0,DQN_RND,0.001,0.99,mountaincar,sparse
2,845,-1.0,200,0.00781828910112381,-1.0,0.0002537122636567801,0.0,DQN_RND,0.001,0.99,mountaincar,sparse
2,846,-1.0,200,0.007813080213963985,-1.0,0.0002735139860305935,0.0,DQN_RND,0.001,0.99,mountaincar,sparse
2,847,-1.0,200,0.0019531401339918375,-1.0,0.0002555266837589443,0.0,DQN_RND,0.001,0.99,mountaincar,sparse
2,848,-1.0,200,0.011695928871631622,-1.0,0.00028885778738185763,0.0,DQN_RND,0.001,0.99,mountaincar,sparse
2,849,-1.0,200,0.0019532509613782167,-1.0,0.00028335588285699487,0.0,DQN_RND,0.001,0.99,mountaincar,sparse
2,850,-1.0,200,0.007815958000719547,-1.0,0.0002681471814867109,0.0,DQN_RND,0.001,0.99,mountaincar,sparse
2,851,-1.0,200,0.0039049177430570126,-1.0,0.0002856254577636719,0.0,DQN_RND,0.001,0.99,mountaincar,sparse
2,852,-1.0,200,1.1742368997147423e-06,-1.0,0.00027434295043349266,0.0,DQN_RND,0.001,0.99,mountaincar,sparse
2,853,-1.0,200,0.001956469612196088,-1.0,0.0002709275286179036,0.0,DQN_RND,0.001,0.99,mountaincar,sparse
2,854,-1.0,200,0.011705286800861359,-1.0,0.0002782456576824188,0.0,DQN_RND,0.001,0.99,mountaincar,sparse
2,855,-1.0,200,1.2442113757060724e-06,-1.0,0.0002790546859614551,0.0,DQN_RND,0.001,0.99,mountaincar,sparse
2,856,-1.0,200,0.011720819398760796,-1.0,0.00027587864315137267,0.0,DQN_RND,0.001,0.99,mountaincar,sparse
2,857,-1.0,200,0.0019581846427172422,-1.0,0.00029009702848270535,0.0,DQN_RND,0.001,0.99,mountaincar,sparse
2,858,-1.0,200,0.003910612780600786,-1.0,0.0002902495616581291,0.0,DQN_RND,0.001,0.99,mountaincar,sparse
2,859,-1.0,200,0.003913753665983677,-1.0,0.0002730001579038799,0.0,DQN_RND,0.001,0.99,mountaincar,sparse
2,860,-1.0,200,0.009767030365765095,-1.0,0.0002875950012821704,0.0,DQN_RND,0.001,0.99,mountaincar,sparse
2,861,-1.0,200,0.001956595340743661,-1.0,0.000297844730084762,0.0,DQN_RND,0.001,0.99,mountaincar,sparse
2,862,-1.0,200,0.0077728633768856525,-1.0,0.00028197007486596704,0.0,DQN_RND,0.001,0.99,mountaincar,sparse
2,863,-1.0,200,0.007806205656379461,-1.0,0.00029070282471366227,0.0,DQN_RND,0.001,0.99,mountaincar,sparse
2,864,-1.0,200,0.007814406417310238,-1.0,0.000282293651252985,0.0,DQN_RND,0.001,0.99,mountaincar,sparse
2,865,-1.0,200,0.0019583923276513815,-1.0,0.00027587791555561125,0.0,DQN_RND,0.001,0.99,mountaincar,sparse
2,866,-1.0,200,0.005850299261510372,-1.0,0.00027029382181353867,0.0,DQN_RND,0.001,0.99,mountaincar,sparse
2,867,-1.0,200,1.8540894188845414e-06,-1.0,0.0002935264492407441,0.0,DQN_RND,0.001,0.99,mountaincar,sparse
2,868,-1.0,200,0.001958715496584773,-1.0,0.00029116138466633856,0.0,DQN_RND,0.001,0.99,mountaincar,sparse
2,869,-1.0,200,0.005858267657458782,-1.0,0.00028075010050088167,0.0,DQN_RND,0.001,0.99,mountaincar,sparse
2,870,-1.0,200,0.0019552886951714754,-1.0,0.00028379770810715854,0.0,DQN_RND,0.001,0.99,mountaincar,sparse
2,871,-1.0,200,0.005902609787881374,-1.0,0.00029195970273576677,0.0,DQN_RND,0.001,0.99,mountaincar,sparse
2,872,-1.0,200,0.005860787816345692,-1.0,0.0002695186121854931,0.0,DQN_RND,0.001,0.99,mountaincar,sparse
2,873,-1.0,200,0.001961775589734316,-1.0,0.0002700706827454269,0.0,DQN_RND,0.001,0.99,mountaincar,sparse
2,874,-1.0,200,0.005863380618393421,-1.0,0.00029143111896701157,0.0,DQN_RND,0.001,0.99,mountaincar,sparse
2,875,-1.0,200,0.0019669567700475454,-1.0,0.00027319867513142526,0.0,DQN_RND,0.001,0.99,mountaincar,sparse
2,876,-1.0,200,0.01171158067882061,-1.0,0.0002875532954931259,0.0,DQN_RND,0.001,0.99,mountaincar,sparse
2,877,-1.0,200,0.005857792682945728,-1.0,0.00026738140149973333,0.0,DQN_RND,0.001,0.99,mountaincar,sparse
2,878,-1.0,200,0.005859594792127609,-1.0,0.0002644677588250488,0.0,DQN_RND,0.001,0.99,mountaincar,sparse
2,879,-1.0,200,0.00585094653069973,-1.0,0.00026981817791238427,0.0,DQN_RND,0.001,0.99,mountaincar,sparse
2,880,-1.0,200,0.003898818511515856,-1.0,0.0002655329299159348,0.0,DQN_RND,0.001,0.99,mountaincar,sparse
2,881,-1.0,200,0.007793515920639038,-1.0,0.0002666340151336044,0.0,DQN_RND,0.001,0.99,mountaincar,sparse
2,882,-1.0,200,1.717469672257721e-06,-1.0,0.00026726603391580284,0.0,DQN_RND,0.001,0.99,mountaincar,sparse
2,883,-1.0,200,0.0019637674558907747,-1.0,0.0002766221296042204,0.0,DQN_RND,0.001,0.99,mountaincar,sparse
2,884,-1.0,200,0.009788380935788155,-1.0,0.0002785121032502502,0.0,DQN_RND,0.001,0.99,mountaincar,sparse
2,885,-1.0,200,0.007790239527821541,-1.0,0.00025000853929668665,0.0,DQN_RND,0.001,0.99,mountaincar,sparse
2,886,-1.0,200,0.007799146231263876,-1.0,0.00025150252622552216,0.0,DQN_RND,0.001,0.99,mountaincar,sparse
2,887,-1.0,200,0.001954047940671444,-1.0,0.0002825617848429829,0.0,DQN_RND,0.001,0.99,mountaincar,sparse
2,888,-1.0,200,1.8521581068853266e-06,-1.0,0.00028471360565163195,0.0,DQN_RND,0.001,0.99,mountaincar,sparse
2,889,-1.0,200,0.011714305728673935,-1.0,0.0002734870358835906,0.0,DQN_RND,0.001,0.99,mountaincar,sparse
2,890,-1.0,200,0.001946949167177081,-1.0,0.0002519911795388907,0.0,DQN_RND,0.001,0.99,mountaincar,sparse
2,891,-1.0,200,0.00585131486877799,-1.0,0.00026392954168841243,0.0,DQN_RND,0.001,0.99,mountaincar,sparse
2,892,-1.0,200,0.005860697478055954,-1.0,0.00025673353229649365,0.0,DQN_RND,0.001,0.99,mountaincar,sparse
2,893,-1.0,200,0.003902693744748831,-1.0,0.0002559915301389992,0.0,DQN_RND,0.001,0.99,mountaincar,sparse
2,894,-1.0,200,0.007797142490744591,-1.0,0.00026465702103450894,0.0,DQN_RND,0.001,0.99,mountaincar,sparse
2,895,-1.0,200,0.009735562838613987,-1.0,0.00028391132946126163,0.0,DQN_RND,0.001,0.99,mountaincar,sparse
2,896,-1.0,200,0.003897329093888402,-1.0,0.0002639578306116164,0.0,DQN_RND,0.001,0.99,mountaincar,sparse
2,897,-1.0,200,0.003885398618876934,-1.0,0.0002712151617743075,0.0,DQN_RND,0.001,0.99,mountaincar,sparse
2,898,-1.0,200,2.135863724106457e-06,-1.0,0.0002885372960008681,0.0,DQN_RND,0.001,0.99,mountaincar,sparse
2,899,-1.0,200,0.01168769970536232,-1.0,0.00025844021001830697,0.0,DQN_RND,0.001,0.99,mountaincar,sparse
2,900,-1.0,200,0.001949778525158763,-1.0,0.00027099280850961804,0.0,DQN_RND,0.001,0.99,mountaincar,sparse
2,901,-1.0,200,0.005856408271938562,-1.0,0.0002570444194134325,0.0,DQN_RND,0.001,0.99,mountaincar,sparse
2,902,-1.0,200,0.0038944361731410027,-1.0,0.0002773507731035352,0.0,DQN_RND,0.001,0.99,mountaincar,sparse
2,903,-1.0,200,0.00781695730984211,-1.0,0.0002836470666807145,0.0,DQN_RND,0.001,0.99,mountaincar,sparse
2,904,-1.0,200,0.005882864817976952,-1.0,0.00028597709024325013,0.0,DQN_RND,0.001,0.99,mountaincar,sparse
2,905,-1.0,200,0.009743252769112587,-1.0,0.0002829682780429721,0.0,DQN_RND,0.001,0.99,mountaincar,sparse
2,906,-1.0,200,0.003896535374224186,-1.0,0.0002590937365312129,0.0,DQN_RND,0.001,0.99,mountaincar,sparse
2,907,-1.0,200,1.7710940483084414e-06,-1.0,0.00024916755501180887,0.0,DQN_RND,0.001,0.99,mountaincar,sparse
2,908,-1.0,200,0.0058448780328035355,-1.0,0.00027504979516379535,0.0,DQN_RND,0.001,0.99,mountaincar,sparse
2,909,-1.0,200,0.0019496274180710316,-1.0,0.00024465471506118774,0.0,DQN_RND,0.001,0.99,mountaincar,sparse
2,910,-1.0,200,0.003907421603798866,-1.0,0.000251435034442693,0.0,DQN_RND,0.001,0.99,mountaincar,sparse
2,911,-1.0,200,0.0039111655205488205,-1.0,0.00027462872094474733,0.0,DQN_RND,0.001,0.99,mountaincar,sparse
2,912,-1.0,200,0.001956169493496418,-1.0,0.0002528672048356384,0.0,DQN_RND,0.001,0.99,mountaincar,sparse
2,913,-1.0,200,1.4591869330615737e-06,-1.0,0.000258484244113788,0.0,DQN_RND,0.001,0.99,mountaincar,sparse
2,914,-1.0,200,1.0891928923228988e-06,-1.0,0.00024584346101619303,0.0,DQN_RND,0.001,0.99,mountaincar,sparse
2,915,-1.0,200,0.00585403386503458,-1.0,0.0002664619532879442,0.0,DQN_RND,0.001,0.99,mountaincar,sparse
2,916,-1.0,200,0.003891809843480587,-1.0,0.00024282786762341857,0.0,DQN_RND,0.001,0.99,mountaincar,sparse
2,917,-1.0,200,0.007798400707542896,-1.0,0.0002429716259939596,0.0,DQN_RND,0.001,0.99,mountaincar,sparse
2,918,-1.0,200,1.0711336244639824e-06,-1.0,0.0002415422786725685,0.0,DQN_RND,0.001,0.99,mountaincar,sparse
2,919,-1.0,200,0.007808223366737366,-1.0,0.00023733844864182174,0.0,DQN_RND,0.001,0.99,mountaincar,sparse
2,920,-1.0,200,0.00778537429869175,-1.0,0.00023112357303034514,0.0,DQN_RND,0.001,0.99,mountaincar,sparse
2,921,-1.0,200,0.0039089638739824295,-1.0,0.000246573647018522,0.0,DQN_RND,0.001,0.99,mountaincar,sparse
2,922,-1.0,200,0.011697588488459587,-1.0,0.0002256767766084522,0.0,DQN_RND,0.001,0.99,mountaincar,sparse
2,923,-1.0,200,0.005840083118528128,-1.0,0.00022816730779595673,0.0,DQN_RND,0.001,0.99,mountaincar,sparse
2,924,-1.0,200,0.0019425518112257123,-1.0,0.00022204755805432796,0.0,DQN_RND,0.001,0.99,mountaincar,sparse
2,925,-1.0,200,0.005847780965268612,-1.0,0.0002204124175477773,0.0,DQN_RND,0.001,0.99,mountaincar,sparse
2,926,-1.0,200,0.007784797344356775,-1.0,0.00022187063586898148,0.0,DQN_RND,0.001,0.99,mountaincar,sparse
2,927,-1.0,200,0.0019482140196487308,-1.0,0.00022387334320228547,0.0,DQN_RND,0.001,0.99,mountaincar,sparse
2,928,-1.0,200,0.003901340300217271,-1.0,0.00022946375247556716,0.0,DQN_RND,0.001,0.99,mountaincar,sparse
2,929,-1.0,200,1.3283203088576556e-06,-1.0,0.00022278683900367469,0.0,DQN_RND,0.001,0.99,mountaincar,sparse
2,930,-1.0,200,0.00781323667615652,-1.0,0.00022297458781395108,0.0,DQN_RND,0.001,0.99,mountaincar,sparse
2,931,-1.0,200,0.00778681505471468,-1.0,0.0002187403733842075,0.0,DQN_RND,0.001,0.99,mountaincar,sparse
2,932,-1.0,200,0.0038913532625883818,-1.0,0.00024368926824536175,0.0,DQN_RND,0.001,0.99,mountaincar,sparse
2,933,-1.0,200,0.011686330661177635,-1.0,0.00021740164083894342,0.0,DQN_RND,0.001,0.99,mountaincar,sparse
2,934,-1.0,200,0.00584693718701601,-1.0,0.00020990933990105987,0.0,DQN_RND,0.001,0.99,mountaincar,sparse
2,935,-1.0,200,0.0077905855141580105,-1.0,0.00024760543601587415,0.0,DQN_RND,0.001,0.99,mountaincar,sparse
2,936,-1.0,200,0.009741954505443573,-1.0,0.000221085618250072,0.0,DQN_RND,0.001,0.99,mountaincar,sparse
2,937,-1.0,200,0.01171533390879631,-1.0,0.00020768135436810553,0.0,DQN_RND,0.001,0.99,mountaincar,sparse
2,938,-1.0,200,0.005848389118909836,-1.0,0.00020707043586298823,0.0,DQN_RND,0.001,0.99,mountaincar,sparse
2,939,-1.0,200,0.005855729337781668,-1.0,0.00025129428831860423,0.0,DQN_RND,0.001,0.99,mountaincar,sparse
2,940,-1.0,200,0.005830456968396902,-1.0,0.000218018758459948,0.0,DQN_RND,0.001,0.99,mountaincar,sparse
2,941,-1.0,200,1.178334741780418e-06,-1.0,0.00021130737150087953,0.0,DQN_RND,0.001,0.99,mountaincar,sparse
2,942,-1.0,200,0.0039014057256281376,-1.0,0.0002063229476334527,0.0,DQN_RND,0.001,0.99,mountaincar,sparse
2,943,-1.0,200,0.00583630008623004,-1.0,0.0002041239640675485,0.0,DQN_RND,0.001,0.99,mountaincar,sparse
2,944,-1.0,200,0.0038891916628926992,-1.0,0.0002087975590256974,0.0,DQN_RND,0.001,0.99,mountaincar,sparse
2,945,-1.0,200,0.005827615968883038,-1.0,0.00020934495842084289,0.0,DQN_RND,0.001,0.99,mountaincar,sparse
2,946,-1.0,200,0.0019618594087660313,-1.0,0.00021154587739147246,0.0,DQN_RND,0.001,0.99,mountaincar,sparse
2,947,-1.0,200,0.005850780289620161,-1.0,0.00021151489636395127,0.0,DQN_RND,0.001,0.99,mountaincar,sparse
2,948,-1.0,200,0.0058437250554561615,-1.0,0.00022554100723937154,0.0,DQN_RND,0.001,0.99,mountaincar,sparse
2,949,-1.0,200,0.009728224948048592,-1.0,0.0002087939064949751,0.0,DQN_RND,0.001,0.99,mountaincar,sparse
2,950,-1.0,200,0.005854433868080378,-1.0,0.00022024095233064145,0.0,DQN_RND,0.001,0.99,mountaincar,sparse
2,951,-1.0,200,0.003899459494277835,-1.0,0.0002163727767765522,0.0,DQN_RND,0.001,0.99,mountaincar,sparse
2,952,-1.0,200,0.0038825757801532745,-1.0,0.00019738869741559029,0.0,DQN_RND,0.001,0.99,mountaincar,sparse
2,953,-1.0,200,0.007792607415467501,-1.0,0.00021441122225951403,0.0,DQN_RND,0.001,0.99,mountaincar,sparse
2,954,-1.0,200,0.0038828756660223007,-1.0,0.00019890605472028255,0.0,DQN_RND,0.001,0.99,mountaincar,sparse
2,955,-1.0,200,0.0077843377366662025,-1.0,0.00019778028945438564,0.0,DQN_RND,0.001,0.99,mountaincar,sparse
2,956,-1.0,200,0.00389614119194448,-1.0,0.00019482264178805053,0.0,DQN_RND,0.001,0.99,mountaincar,sparse
2,957,-1.0,200,0.0019457951420918107,-1.0,0.00019148732826579362,0.0,DQN_RND,0.001,0.99,mountaincar,sparse
2,958,-1.0,200,0.0019480235641822219,-1.0,0.00019093324954155833,0.0,DQN_RND,0.001,0.99,mountaincar,sparse
2,959,-1.0,200,0.007792539894580841,-1.0,0.00018676105537451804,0.0,DQN_RND,0.001,0.99,mountaincar,sparse
2,960,-1.0,200,0.0019451901316642761,-1.0,0.00020934888743795455,0.0,DQN_RND,0.001,0.99,mountaincar,sparse
2,961,-1.0,200,0.007768506649881601,-1.0,0.00022235879441723228,0.0,DQN_RND,0.001,0.99,mountaincar,sparse
2,962,-1.0,200,0.0019435737049207091,-1.0,0.00019074464216828346,0.0,DQN_RND,0.001,0.99,mountaincar,sparse
2,963,-1.0,200,0.001948088756762445,-1.0,0.00018356830696575344,0.0,DQN_RND,0.001,0.99,mountaincar,sparse
2,964,-1.0,200,0.003908224403858185,-1.0,0.0002088441397063434,0.0,DQN_RND,0.001,0.99,mountaincar,sparse
2,965,-1.0,200,0.009736215695738792,-1.0,0.00018861629359889776,0.0,DQN_RND,0.001,0.99,mountaincar,sparse
2,966,-1.0,200,0.0019441036274656653,-1.0,0.00019139685900881886,0.0,DQN_RND,0.001,0.99,mountaincar,sparse
2,967,-1.0,200,0.007781487889587879,-1.0,0.00020448149007279426,0.0,DQN_RND,0.001,0.99,mountaincar,sparse
2,968,-1.0,200,0.005834560841321945,-1.0,0.00017794096493162215,0.0,DQN_RND,0.001,0.99,mountaincar,sparse
2,969,-1.0,200,0.007784364279359579,-1.0,0.00018041841394733638,0.0,DQN_RND,0.001,0.99,mountaincar,sparse
2,970,-1.0,200,0.007791171781718731,-1.0,0.00018381969130132347,0.0,DQN_RND,0.001,0.99,mountaincar,sparse
2,971,-1.0,200,0.003886176273226738,-1.0,0.0001941592781804502,0.0,DQN_RND,0.001,0.99,mountaincar,sparse
2,972,-1.0,200,0.00776955159381032,-1.0,0.00019745109602808952,0.0,DQN_RND,0.001,0.99,mountaincar,sparse
2,973,-1.0,200,0.005841432139277458,-1.0,0.00017877010395750403,0.0,DQN_RND,0.001,0.99,mountaincar,sparse
2,974,-1.0,200,0.005823779851198196,-1.0,0.00018115263083018363,0.0,DQN_RND,0.001,0.99,mountaincar,sparse
2,975,-1.0,200,0.007768767420202494,-1.0,0.0001787425862858072,0.0,DQN_RND,0.001,0.99,mountaincar,sparse
2,976,-1.0,200,0.0019466738449409604,-1.0,0.00019054384029004723,0.0,DQN_RND,0.001,0.99,mountaincar,sparse
2,977,-1.0,200,0.001939257956109941,-1.0,0.00020955856598448008,0.0,DQN_RND,0.001,0.99,mountaincar,sparse
2,978,-1.0,200,0.007788963615894318,-1.0,0.00018335552886128426,0.0,DQN_RND,0.001,0.99,mountaincar,sparse
2,979,-1.0,200,0.007766843773424625,-1.0,0.00016433456039521843,0.0,DQN_RND,0.001,0.99,mountaincar,sparse
2,980,-1.0,200,0.007787058595567942,-1.0,0.00017785017553251237,0.0,DQN_RND,0.001,0.99,mountaincar,sparse
2,981,-1.0,200,0.007772594690322876,-1.0,0.00017898180522024632,0.0,DQN_RND,0.001,0.99,mountaincar,sparse
2,982,-1.0,200,0.005831978749483824,-1.0,0.00016716760001145303,0.0,DQN_RND,0.001,0.99,mountaincar,sparse
2,983,-1.0,200,0.0019410141976550221,-1.0,0.00016174165648408234,0.0,DQN_RND,0.001,0.99,mountaincar,sparse
2,984,-1.0,200,0.005835110787302256,-1.0,0.00016244241851381958,0.0,DQN_RND,0.001,0.99,mountaincar,sparse
2,985,-1.0,200,0.0038934526965022087,-1.0,0.00017433962784707546,0.0,DQN_RND,0.001,0.99,mountaincar,sparse
2,986,-1.0,200,0.0019433748675510287,-1.0,0.00015560758765786886,0.0,DQN_RND,0.001,0.99,mountaincar,sparse
2,987,-1.0,200,0.007777289021760225,-1.0,0.00016132292512338609,0.0,DQN_RND,0.001,0.99,mountaincar,sparse
2,988,-1.0,200,0.00584417162463069,-1.0,0.00016661886184010655,0.0,DQN_RND,0.001,0.99,mountaincar,sparse
2,989,-1.0,200,0.0019528405973687768,-1.0,0.0001602974080014974,0.0,DQN_RND,0.001,0.99,mountaincar,sparse
2,990,-1.0,200,0.005829032976180315,-1.0,0.00017039825615938753,0.0,DQN_RND,0.001,0.99,mountaincar,sparse
2,991,-1.0,200,0.007777148857712746,-1.0,0.0001661948044784367,0.0,DQN_RND,0.001,0.99,mountaincar,sparse
2,992,-1.0,200,0.007770172320306301,-1.0,0.0001594602654222399,0.0,DQN_RND,0.001,0.99,mountaincar,sparse
2,993,-1.0,200,0.00390268350020051,-1.0,0.0001791270187823102,0.0,DQN_RND,0.001,0.99,mountaincar,sparse
2,994,-1.0,200,0.003887208877131343,-1.0,0.00016929289267864078,0.0,DQN_RND,0.001,0.99,mountaincar,sparse
2,995,-1.0,200,0.0019468803657218814,-1.0,0.0001717498671496287,0.0,DQN_RND,0.001,0.99,mountaincar,sparse
2,996,-1.0,200,0.0038850191049277782,-1.0,0.0001490725699113682,0.0,DQN_RND,0.001,0.99,mountaincar,sparse
2,997,-1.0,200,7.757607818348333e-07,-1.0,0.0001508612185716629,0.0,DQN_RND,0.001,0.99,mountaincar,sparse
2,998,-1.0,200,0.005831453017890453,-1.0,0.00015905059990473092,0.0,DQN_RND,0.001,0.99,mountaincar,sparse
2,999,-1.0,200,0.005831590387970209,-1.0,0.00016458285972476006,0.0,DQN_RND,0.001,0.99,mountaincar,sparse
2,1000,-1.0,200,0.007793304976075888,-1.0,0.00014415898476727307,0.0,DQN_RND,0.001,0.99,mountaincar,sparse
