seed,episode,reward,episode_length,loss,eval_success_rate,intrinsic_reward,policy_entropy,algorithm,learning_rate,gamma,env_name,reward_type
7,1,-1.0,200,0.006968298461288214,-1.0,0.0005955965025350451,0.0,DQN_RND,0.0005,0.95,mountaincar,sparse
7,2,-1.0,200,0.0025234927888959646,-1.0,0.000578765757381916,0.0,DQN_RND,0.0005,0.95,mountaincar,sparse
7,3,-1.0,200,0.008643301203846931,-1.0,0.000629550195299089,0.0,DQN_RND,0.0005,0.95,mountaincar,sparse
7,4,-1.0,200,0.006557751912623644,-1.0,0.0006069819792173803,0.0,DQN_RND,0.0005,0.95,mountaincar,sparse
7,5,-1.0,200,0.006521893199533224,-1.0,0.0005690750549547374,0.0,DQN_RND,0.0005,0.95,mountaincar,sparse
7,6,-1.0,200,0.008892780169844627,-1.0,0.0005814255564473569,0.0,DQN_RND,0.0005,0.95,mountaincar,sparse
7,7,-1.0,200,0.01461019553244114,-1.0,0.0006135569419711828,0.0,DQN_RND,0.0005,0.95,mountaincar,sparse
7,8,-1.0,200,0.004637593869119883,-1.0,0.0006768956081941724,0.0,DQN_RND,0.0005,0.95,mountaincar,sparse
7,9,-1.0,200,0.0005711965495720506,-1.0,0.0006261140806600451,0.0,DQN_RND,0.0005,0.95,mountaincar,sparse
7,10,-1.0,200,0.008609816431999207,-1.0,0.0006370340124703944,0.0,DQN_RND,0.0005,0.95,mountaincar,sparse
7,11,-1.0,200,0.008559064008295536,-1.0,0.000693578680511564,0.0,DQN_RND,0.0005,0.95,mountaincar,sparse
7,12,-1.0,200,0.017150182276964188,-1.0,0.000645486987195909,0.0,DQN_RND,0.0005,0.95,mountaincar,sparse
7,13,-1.0,200,0.014668391086161137,-1.0,0.0005888152518309653,0.0,DQN_RND,0.0005,0.95,mountaincar,sparse
7,14,-1.0,200,0.004604069981724024,-1.0,0.0006070358795113862,0.0,DQN_RND,0.0005,0.95,mountaincar,sparse
7,15,-1.0,200,0.004585910122841597,-1.0,0.0006132408161647618,0.0,DQN_RND,0.0005,0.95,mountaincar,sparse
7,16,-1.0,200,0.0065780701115727425,-1.0,0.0006271959864534438,0.0,DQN_RND,0.0005,0.95,mountaincar,sparse
7,17,-1.0,200,0.006526616867631674,-1.0,0.0006241188966669142,0.0,DQN_RND,0.0005,0.95,mountaincar,sparse
7,18,-1.0,200,0.004738938063383102,-1.0,0.0006005170289427042,0.0,DQN_RND,0.0005,0.95,mountaincar,sparse
7,19,-1.0,200,0.008832631632685661,-1.0,0.0005816121120005846,0.0,DQN_RND,0.0005,0.95,mountaincar,sparse
7,20,-1.0,200,0.0006010798970237374,-1.0,0.0005831047892570496,0.0,DQN_RND,0.0005,0.95,mountaincar,sparse
7,21,-1.0,200,0.00459252018481493,-1.0,0.0006295987986959517,0.0,DQN_RND,0.0005,0.95,mountaincar,sparse
7,22,-1.0,200,0.002557765692472458,-1.0,0.0006341722328215837,0.0,DQN_RND,0.0005,0.95,mountaincar,sparse
7,23,-1.0,200,0.0005686917575076222,-1.0,0.0006132251583039761,0.0,DQN_RND,0.0005,0.95,mountaincar,sparse
7,24,-1.0,200,0.016709784045815468,-1.0,0.0006036733975633979,0.0,DQN_RND,0.0005,0.95,mountaincar,sparse
7,25,-1.0,200,0.004529892932623625,-1.0,0.0006035618134774268,0.0,DQN_RND,0.0005,0.95,mountaincar,sparse
7,26,-1.0,200,0.0026073423214256763,-1.0,0.0005618077702820301,0.0,DQN_RND,0.0005,0.95,mountaincar,sparse
7,27,-1.0,200,0.008809247985482216,-1.0,0.0006257344502955675,0.0,DQN_RND,0.0005,0.95,mountaincar,sparse
7,28,-1.0,200,0.004658516962081194,-1.0,0.0005938862450420856,0.0,DQN_RND,0.0005,0.95,mountaincar,sparse
7,29,-1.0,200,0.00850969459861517,-1.0,0.000573012453969568,0.0,DQN_RND,0.0005,0.95,mountaincar,sparse
7,30,-1.0,200,0.008648029528558254,-1.0,0.0006725009297952056,0.0,DQN_RND,0.0005,0.95,mountaincar,sparse
7,31,-1.0,200,0.016578374430537224,-1.0,0.0006011533550918102,0.0,DQN_RND,0.0005,0.95,mountaincar,sparse
7,32,-1.0,200,0.014816365204751492,-1.0,0.0006804888253100216,0.0,DQN_RND,0.0005,0.95,mountaincar,sparse
7,33,-1.0,200,0.008627921342849731,-1.0,0.0005889442982152104,0.0,DQN_RND,0.0005,0.95,mountaincar,sparse
7,34,-1.0,200,0.00654442748054862,-1.0,0.0005754518788307905,0.0,DQN_RND,0.0005,0.95,mountaincar,sparse
7,35,-1.0,200,0.0025216995272785425,-1.0,0.0006279930239543319,0.0,DQN_RND,0.0005,0.95,mountaincar,sparse
7,36,-1.0,200,0.006685804110020399,-1.0,0.000577883271034807,0.0,DQN_RND,0.0005,0.95,mountaincar,sparse
7,37,-1.0,200,0.01084958016872406,-1.0,0.0005904092686250806,0.0,DQN_RND,0.0005,0.95,mountaincar,sparse
7,38,-1.0,200,0.006584434304386377,-1.0,0.0005821025115437806,0.0,DQN_RND,0.0005,0.95,mountaincar,sparse
7,39,-1.0,200,0.0024983943440020084,-1.0,0.000556589977350086,0.0,DQN_RND,0.0005,0.95,mountaincar,sparse
7,40,-1.0,200,0.00656426977366209,-1.0,0.000619042431935668,0.0,DQN_RND,0.0005,0.95,mountaincar,sparse
7,41,-1.0,200,0.002702715341001749,-1.0,0.000607984431553632,0.0,DQN_RND,0.0005,0.95,mountaincar,sparse
7,42,-1.0,200,0.002455438720062375,-1.0,0.0005896800430491567,0.0,DQN_RND,0.0005,0.95,mountaincar,sparse
7,43,-1.0,200,0.006605551112443209,-1.0,0.0005670098471455276,0.0,DQN_RND,0.0005,0.95,mountaincar,sparse
7,44,-1.0,200,0.00250726449303329,-1.0,0.0005717369494959712,0.0,DQN_RND,0.0005,0.95,mountaincar,sparse
7,45,-1.0,200,0.006529347505420446,-1.0,0.0005905986181460321,0.0,DQN_RND,0.0005,0.95,mountaincar,sparse
7,46,-1.0,200,0.006446555256843567,-1.0,0.000562134722713381,0.0,DQN_RND,0.0005,0.95,mountaincar,sparse
7,47,-1.0,200,0.008733227849006653,-1.0,0.0005864010890945792,0.0,DQN_RND,0.0005,0.95,mountaincar,sparse
7,48,-1.0,200,0.0024587649386376143,-1.0,0.0006088854861445725,0.0,DQN_RND,0.0005,0.95,mountaincar,sparse
7,49,-1.0,200,0.008642399683594704,-1.0,0.0005907026352360845,0.0,DQN_RND,0.0005,0.95,mountaincar,sparse
7,50,-1.0,200,0.006494771223515272,-1.0,0.0006799653056077659,0.0,DQN_RND,0.0005,0.95,mountaincar,sparse
7,51,-1.0,200,0.002551667857915163,-1.0,0.000621409562882036,0.0,DQN_RND,0.0005,0.95,mountaincar,sparse
7,52,-1.0,200,0.00463703740388155,-1.0,0.0005978750414215028,0.0,DQN_RND,0.0005,0.95,mountaincar,sparse
7,53,-1.0,200,0.006645175628364086,-1.0,0.0005960328271612525,0.0,DQN_RND,0.0005,0.95,mountaincar,sparse
7,54,-1.0,200,0.004504315555095673,-1.0,0.0006058872095309198,0.0,DQN_RND,0.0005,0.95,mountaincar,sparse
7,55,-1.0,200,0.006744787096977234,-1.0,0.0006594594451598823,0.0,DQN_RND,0.0005,0.95,mountaincar,sparse
7,56,-1.0,200,0.00442095659673214,-1.0,0.0006348196766339242,0.0,DQN_RND,0.0005,0.95,mountaincar,sparse
7,57,-1.0,200,0.010585961863398552,-1.0,0.0005975978565402329,0.0,DQN_RND,0.0005,0.95,mountaincar,sparse
7,58,-1.0,200,0.004485348239541054,-1.0,0.0005959260743111372,0.0,DQN_RND,0.0005,0.95,mountaincar,sparse
7,59,-1.0,200,0.00047352680121548474,-1.0,0.0005809920839965343,0.0,DQN_RND,0.0005,0.95,mountaincar,sparse
7,60,-1.0,200,0.002487476449459791,-1.0,0.0006036568083800375,0.0,DQN_RND,0.0005,0.95,mountaincar,sparse
7,61,-1.0,200,0.002471877494826913,-1.0,0.0005587931955233216,0.0,DQN_RND,0.0005,0.95,mountaincar,sparse
7,62,-1.0,200,0.004688503686338663,-1.0,0.0006095533608458936,0.0,DQN_RND,0.0005,0.95,mountaincar,sparse
7,63,-1.0,200,0.006657136604189873,-1.0,0.0006561590125784278,0.0,DQN_RND,0.0005,0.95,mountaincar,sparse
7,64,-1.0,200,0.004492046311497688,-1.0,0.0006688163266517222,0.0,DQN_RND,0.0005,0.95,mountaincar,sparse
7,65,-1.0,200,0.008600596338510513,-1.0,0.0006067403592169285,0.0,DQN_RND,0.0005,0.95,mountaincar,sparse
7,66,-1.0,200,0.00871993787586689,-1.0,0.000622733379714191,0.0,DQN_RND,0.0005,0.95,mountaincar,sparse
7,67,-1.0,200,0.008848855271935463,-1.0,0.0005743568763136864,0.0,DQN_RND,0.0005,0.95,mountaincar,sparse
7,68,-1.0,200,0.006436662282794714,-1.0,0.0005755551974289119,0.0,DQN_RND,0.0005,0.95,mountaincar,sparse
7,69,-1.0,200,0.008801847696304321,-1.0,0.0006279746303334832,0.0,DQN_RND,0.0005,0.95,mountaincar,sparse
7,70,-1.0,200,0.004591178148984909,-1.0,0.0005741257918998599,0.0,DQN_RND,0.0005,0.95,mountaincar,sparse
7,71,-1.0,200,0.006709376350045204,-1.0,0.0006087165093049407,0.0,DQN_RND,0.0005,0.95,mountaincar,sparse
7,72,-1.0,200,0.00646684505045414,-1.0,0.0005981175927445292,0.0,DQN_RND,0.0005,0.95,mountaincar,sparse
7,73,-1.0,200,0.004469539970159531,-1.0,0.0005582807352766395,0.0,DQN_RND,0.0005,0.95,mountaincar,sparse
7,74,-1.0,200,0.0024456188548356295,-1.0,0.0005815326585434377,0.0,DQN_RND,0.0005,0.95,mountaincar,sparse
7,75,-1.0,200,0.006639479193836451,-1.0,0.0005657929577864707,0.0,DQN_RND,0.0005,0.95,mountaincar,sparse
7,76,-1.0,200,0.004611846059560776,-1.0,0.0005699138855561614,0.0,DQN_RND,0.0005,0.95,mountaincar,sparse
7,77,-1.0,200,0.008695987984538078,-1.0,0.0006491906242445111,0.0,DQN_RND,0.0005,0.95,mountaincar,sparse
7,78,-1.0,200,0.01484411396086216,-1.0,0.0006043254397809505,0.0,DQN_RND,0.0005,0.95,mountaincar,sparse
7,79,-1.0,200,0.010721519589424133,-1.0,0.0006258139619603753,0.0,DQN_RND,0.0005,0.95,mountaincar,sparse
7,80,-1.0,200,0.010573199950158596,-1.0,0.0005731832352466881,0.0,DQN_RND,0.0005,0.95,mountaincar,sparse
7,81,-1.0,200,0.010673245415091515,-1.0,0.000604286789894104,0.0,DQN_RND,0.0005,0.95,mountaincar,sparse
7,82,-1.0,200,0.004575188271701336,-1.0,0.0006103400955908,0.0,DQN_RND,0.0005,0.95,mountaincar,sparse
7,83,-1.0,200,0.0024460286367684603,-1.0,0.000577600090764463,0.0,DQN_RND,0.0005,0.95,mountaincar,sparse
7,84,-1.0,200,0.00454646535217762,-1.0,0.0006094342097640038,0.0,DQN_RND,0.0005,0.95,mountaincar,sparse
7,85,-1.0,200,0.0044261617586016655,-1.0,0.0006120862672105432,0.0,DQN_RND,0.0005,0.95,mountaincar,sparse
7,86,-1.0,200,0.0066620055586099625,-1.0,0.0005854668561369181,0.0,DQN_RND,0.0005,0.95,mountaincar,sparse
7,87,-1.0,200,0.004407602362334728,-1.0,0.0005747204413637519,0.0,DQN_RND,0.0005,0.95,mountaincar,sparse
7,88,-1.0,200,0.01282378938049078,-1.0,0.0005993483355268836,0.0,DQN_RND,0.0005,0.95,mountaincar,sparse
7,89,-1.0,200,0.008508551865816116,-1.0,0.0005681889597326517,0.0,DQN_RND,0.0005,0.95,mountaincar,sparse
7,90,-1.0,200,0.010571016930043697,-1.0,0.0005714849103242159,0.0,DQN_RND,0.0005,0.95,mountaincar,sparse
7,91,-1.0,200,0.0025435886345803738,-1.0,0.0006226412951946259,0.0,DQN_RND,0.0005,0.95,mountaincar,sparse
7,92,-1.0,200,0.004470271058380604,-1.0,0.0007074343739077449,0.0,DQN_RND,0.0005,0.95,mountaincar,sparse
7,93,-1.0,200,0.004423054400831461,-1.0,0.000568095943890512,0.0,DQN_RND,0.0005,0.95,mountaincar,sparse
7,94,-1.0,200,0.004489571321755648,-1.0,0.0005666918004862964,0.0,DQN_RND,0.0005,0.95,mountaincar,sparse
7,95,-1.0,200,0.0044591608457267284,-1.0,0.0006473623216152191,0.0,DQN_RND,0.0005,0.95,mountaincar,sparse
7,96,-1.0,200,0.008627204224467278,-1.0,0.0005667562363669276,0.0,DQN_RND,0.0005,0.95,mountaincar,sparse
7,97,-1.0,200,0.004446776118129492,-1.0,0.0005674300482496619,0.0,DQN_RND,0.0005,0.95,mountaincar,sparse
7,98,-1.0,200,0.0025564490351825953,-1.0,0.0005874769412912428,0.0,DQN_RND,0.0005,0.95,mountaincar,sparse
7,99,-1.0,200,0.004389355890452862,-1.0,0.0005781485233455896,0.0,DQN_RND,0.0005,0.95,mountaincar,sparse
7,100,-1.0,200,0.004577784799039364,-1.0,0.0005988015327602625,0.0,DQN_RND,0.0005,0.95,mountaincar,sparse
7,101,-1.0,200,0.0046448917128145695,-1.0,0.0006872174562886357,0.0,DQN_RND,0.0005,0.95,mountaincar,sparse
7,102,-1.0,200,0.010398694314062595,-1.0,0.0005838685901835561,0.0,DQN_RND,0.0005,0.95,mountaincar,sparse
7,103,-1.0,200,0.004623493179678917,-1.0,0.0006324134883470833,0.0,DQN_RND,0.0005,0.95,mountaincar,sparse
7,104,-1.0,200,0.008904426358640194,-1.0,0.000579338928218931,0.0,DQN_RND,0.0005,0.95,mountaincar,sparse
7,105,-1.0,200,0.00446303840726614,-1.0,0.0005689654499292374,0.0,DQN_RND,0.0005,0.95,mountaincar,sparse
7,106,-1.0,200,0.01049237884581089,-1.0,0.0005502120475284755,0.0,DQN_RND,0.0005,0.95,mountaincar,sparse
7,107,-1.0,200,0.004438516218215227,-1.0,0.0005829595029354095,0.0,DQN_RND,0.0005,0.95,mountaincar,sparse
7,108,-1.0,200,0.006653572898358107,-1.0,0.0005859584198333323,0.0,DQN_RND,0.0005,0.95,mountaincar,sparse
7,109,-1.0,200,0.0004026520764455199,-1.0,0.0005823267274536192,0.0,DQN_RND,0.0005,0.95,mountaincar,sparse
7,110,-1.0,200,0.002385175321251154,-1.0,0.0005997125990688801,0.0,DQN_RND,0.0005,0.95,mountaincar,sparse
7,111,-1.0,200,0.012564348056912422,-1.0,0.0006126277730800211,0.0,DQN_RND,0.0005,0.95,mountaincar,sparse
7,112,-1.0,200,0.002488653175532818,-1.0,0.0006143912905827165,0.0,DQN_RND,0.0005,0.95,mountaincar,sparse
7,113,-1.0,200,0.002379336627200246,-1.0,0.0006102003972046077,0.0,DQN_RND,0.0005,0.95,mountaincar,sparse
7,114,-1.0,200,0.008472451008856297,-1.0,0.0006302339606918395,0.0,DQN_RND,0.0005,0.95,mountaincar,sparse
7,115,-1.0,200,0.010673992335796356,-1.0,0.000606217363383621,0.0,DQN_RND,0.0005,0.95,mountaincar,sparse
7,116,-1.0,200,0.004444187041372061,-1.0,0.0006993690622039139,0.0,DQN_RND,0.0005,0.95,mountaincar,sparse
7,117,-1.0,200,0.008447141386568546,-1.0,0.0005719184991903603,0.0,DQN_RND,0.0005,0.95,mountaincar,sparse
7,118,-1.0,200,0.0023878649808466434,-1.0,0.0006060354062356055,0.0,DQN_RND,0.0005,0.95,mountaincar,sparse
7,119,-1.0,200,0.012853424064815044,-1.0,0.0006485076737590134,0.0,DQN_RND,0.0005,0.95,mountaincar,sparse
7,120,-1.0,200,0.0065048071555793285,-1.0,0.0006085896748118103,0.0,DQN_RND,0.0005,0.95,mountaincar,sparse
7,121,-1.0,200,0.0003893102693837136,-1.0,0.0005974493687972426,0.0,DQN_RND,0.0005,0.95,mountaincar,sparse
7,122,-1.0,200,0.012773994356393814,-1.0,0.0006351241609081626,0.0,DQN_RND,0.0005,0.95,mountaincar,sparse
7,123,-1.0,200,0.00646555982530117,-1.0,0.0005805626860819757,0.0,DQN_RND,0.0005,0.95,mountaincar,sparse
7,124,-1.0,200,0.008545429445803165,-1.0,0.0006261965609155595,0.0,DQN_RND,0.0005,0.95,mountaincar,sparse
7,125,-1.0,200,0.006472448818385601,-1.0,0.000567835581023246,0.0,DQN_RND,0.0005,0.95,mountaincar,sparse
7,126,-1.0,200,0.006381243467330933,-1.0,0.0006632701260969043,0.0,DQN_RND,0.0005,0.95,mountaincar,sparse
7,127,-1.0,200,0.002408541040495038,-1.0,0.0005709754186682403,0.0,DQN_RND,0.0005,0.95,mountaincar,sparse
7,128,-1.0,200,0.008490310050547123,-1.0,0.0006283543771132827,0.0,DQN_RND,0.0005,0.95,mountaincar,sparse
7,129,-1.0,200,0.00037390453508123755,-1.0,0.0005678854649886489,0.0,DQN_RND,0.0005,0.95,mountaincar,sparse
7,130,-1.0,200,0.008582795970141888,-1.0,0.0006109207170084119,0.0,DQN_RND,0.0005,0.95,mountaincar,sparse
7,131,-1.0,200,0.008491858839988708,-1.0,0.0006209398852661252,0.0,DQN_RND,0.0005,0.95,mountaincar,sparse
7,132,-1.0,200,0.0024351405445486307,-1.0,0.0006130907568149269,0.0,DQN_RND,0.0005,0.95,mountaincar,sparse
7,133,-1.0,200,0.006391976028680801,-1.0,0.0005502096028067172,0.0,DQN_RND,0.0005,0.95,mountaincar,sparse
7,134,-1.0,200,0.004474759567528963,-1.0,0.00056290632346645,0.0,DQN_RND,0.0005,0.95,mountaincar,sparse
7,135,-1.0,200,0.004369545262306929,-1.0,0.0006081039900891483,0.0,DQN_RND,0.0005,0.95,mountaincar,sparse
7,136,-1.0,200,0.0023880847729742527,-1.0,0.0005697254091501236,0.0,DQN_RND,0.0005,0.95,mountaincar,sparse
7,137,-1.0,200,0.0044249603524804115,-1.0,0.0005569332861341536,0.0,DQN_RND,0.0005,0.95,mountaincar,sparse
7,138,-1.0,200,0.004438863601535559,-1.0,0.0005756837781518698,0.0,DQN_RND,0.0005,0.95,mountaincar,sparse
7,139,-1.0,200,0.0003605651727411896,-1.0,0.0005941239069215953,0.0,DQN_RND,0.0005,0.95,mountaincar,sparse
7,140,-1.0,200,0.008645780384540558,-1.0,0.0006101501639932394,0.0,DQN_RND,0.0005,0.95,mountaincar,sparse
7,141,-1.0,200,0.012400665320456028,-1.0,0.0005936957895755768,0.0,DQN_RND,0.0005,0.95,mountaincar,sparse
7,142,-1.0,200,0.00038413293077610433,-1.0,0.0005718407337553799,0.0,DQN_RND,0.0005,0.95,mountaincar,sparse
7,143,-1.0,200,0.006661177612841129,-1.0,0.0005829686997458339,0.0,DQN_RND,0.0005,0.95,mountaincar,sparse
7,144,-1.0,200,0.006554946303367615,-1.0,0.0005587432533502579,0.0,DQN_RND,0.0005,0.95,mountaincar,sparse
7,145,-1.0,200,0.008571009151637554,-1.0,0.0006321509717963636,0.0,DQN_RND,0.0005,0.95,mountaincar,sparse
7,146,-1.0,200,0.012407485395669937,-1.0,0.0005901033291593194,0.0,DQN_RND,0.0005,0.95,mountaincar,sparse
7,147,-1.0,200,0.0086265429854393,-1.0,0.0005401793168857694,0.0,DQN_RND,0.0005,0.95,mountaincar,sparse
7,148,-1.0,200,0.006511458195745945,-1.0,0.0005707322270609438,0.0,DQN_RND,0.0005,0.95,mountaincar,sparse
7,149,-1.0,200,0.0003394479281269014,-1.0,0.0005851243040524423,0.0,DQN_RND,0.0005,0.95,mountaincar,sparse
7,150,-1.0,200,0.004457898437976837,-1.0,0.0005679325549863279,0.0,DQN_RND,0.0005,0.95,mountaincar,sparse
7,151,-1.0,200,0.0023649209178984165,-1.0,0.0006354520446620882,0.0,DQN_RND,0.0005,0.95,mountaincar,sparse
7,152,-1.0,200,0.0023638636339455843,-1.0,0.0005304104997776449,0.0,DQN_RND,0.0005,0.95,mountaincar,sparse
7,153,-1.0,200,0.002349503803998232,-1.0,0.0006054012337699533,0.0,DQN_RND,0.0005,0.95,mountaincar,sparse
7,154,-1.0,200,0.00236269598826766,-1.0,0.0005473277415148914,0.0,DQN_RND,0.0005,0.95,mountaincar,sparse
7,155,-1.0,200,0.0023359213955700397,-1.0,0.0005779986968263984,0.0,DQN_RND,0.0005,0.95,mountaincar,sparse
7,156,-1.0,200,0.0043580736964941025,-1.0,0.0006079768063500524,0.0,DQN_RND,0.0005,0.95,mountaincar,sparse
7,157,-1.0,200,0.00034909078385680914,-1.0,0.0005963746225461364,0.0,DQN_RND,0.0005,0.95,mountaincar,sparse
7,158,-1.0,200,0.006585887633264065,-1.0,0.0006112427799962461,0.0,DQN_RND,0.0005,0.95,mountaincar,sparse
7,159,-1.0,200,0.006324736401438713,-1.0,0.0005603440804407,0.0,DQN_RND,0.0005,0.95,mountaincar,sparse
7,160,-1.0,200,0.008466756902635098,-1.0,0.0005569759523496032,0.0,DQN_RND,0.0005,0.95,mountaincar,sparse
7,161,-1.0,200,0.0063498662784695625,-1.0,0.0005626392085105181,0.0,DQN_RND,0.0005,0.95,mountaincar,sparse
7,162,-1.0,200,0.010420793667435646,-1.0,0.000567292794585228,0.0,DQN_RND,0.0005,0.95,mountaincar,sparse
7,163,-1.0,200,0.006493913941085339,-1.0,0.0005487030139192939,0.0,DQN_RND,0.0005,0.95,mountaincar,sparse
7,164,-1.0,200,0.00032048270804807544,-1.0,0.0006068419315852225,0.0,DQN_RND,0.0005,0.95,mountaincar,sparse
7,165,-1.0,200,0.0043994891457259655,-1.0,0.0005582096055150032,0.0,DQN_RND,0.0005,0.95,mountaincar,sparse
7,166,-1.0,200,0.004558692220598459,-1.0,0.0005985035677440464,0.0,DQN_RND,0.0005,0.95,mountaincar,sparse
7,167,-1.0,200,0.004446657374501228,-1.0,0.0005460766842588782,0.0,DQN_RND,0.0005,0.95,mountaincar,sparse
7,168,-1.0,200,0.008581613190472126,-1.0,0.0005603870376944542,0.0,DQN_RND,0.0005,0.95,mountaincar,sparse
7,169,-1.0,200,0.010753612034022808,-1.0,0.0005927466554567218,0.0,DQN_RND,0.0005,0.95,mountaincar,sparse
7,170,-1.0,200,0.004412253852933645,-1.0,0.000569880532566458,0.0,DQN_RND,0.0005,0.95,mountaincar,sparse
7,171,-1.0,200,0.008561188355088234,-1.0,0.000590893323533237,0.0,DQN_RND,0.0005,0.95,mountaincar,sparse
7,172,-1.0,200,0.008576489053666592,-1.0,0.0006108894594945014,0.0,DQN_RND,0.0005,0.95,mountaincar,sparse
7,173,-1.0,200,0.006653105840086937,-1.0,0.0006228259298950434,0.0,DQN_RND,0.0005,0.95,mountaincar,sparse
7,174,-1.0,200,0.002342943102121353,-1.0,0.0005941908457316458,0.0,DQN_RND,0.0005,0.95,mountaincar,sparse
7,175,-1.0,200,0.008553344756364822,-1.0,0.00056415272410959,0.0,DQN_RND,0.0005,0.95,mountaincar,sparse
7,176,-1.0,200,0.0003292711335234344,-1.0,0.0005779645289294422,0.0,DQN_RND,0.0005,0.95,mountaincar,sparse
7,177,-1.0,200,0.004382307641208172,-1.0,0.0005655237473547459,0.0,DQN_RND,0.0005,0.95,mountaincar,sparse
7,178,-1.0,200,0.004487646743655205,-1.0,0.0005552700022235513,0.0,DQN_RND,0.0005,0.95,mountaincar,sparse
7,179,-1.0,200,0.008438377641141415,-1.0,0.0005546626052819192,0.0,DQN_RND,0.0005,0.95,mountaincar,sparse
7,180,-1.0,200,0.0043654912151396275,-1.0,0.0005562611040659249,0.0,DQN_RND,0.0005,0.95,mountaincar,sparse
7,181,-1.0,200,0.00032319859019480646,-1.0,0.0005887856241315603,0.0,DQN_RND,0.0005,0.95,mountaincar,sparse
7,182,-1.0,200,0.006617406848818064,-1.0,0.0005625272751785815,0.0,DQN_RND,0.0005,0.95,mountaincar,sparse
7,183,-1.0,200,0.004474741872400045,-1.0,0.0005546535248868167,0.0,DQN_RND,0.0005,0.95,mountaincar,sparse
7,184,-1.0,200,0.006310825236141682,-1.0,0.0005519380210898817,0.0,DQN_RND,0.0005,0.95,mountaincar,sparse
7,185,-1.0,200,0.006388593465089798,-1.0,0.0006413962692022324,0.0,DQN_RND,0.0005,0.95,mountaincar,sparse
7,186,-1.0,200,0.002423406345769763,-1.0,0.0005770123098045588,0.0,DQN_RND,0.0005,0.95,mountaincar,sparse
7,187,-1.0,200,0.0063164993189275265,-1.0,0.000574552861507982,0.0,DQN_RND,0.0005,0.95,mountaincar,sparse
7,188,-1.0,200,0.00842105969786644,-1.0,0.0005714159342460334,0.0,DQN_RND,0.0005,0.95,mountaincar,sparse
7,189,-1.0,200,0.004500099457800388,-1.0,0.0006380404229275882,0.0,DQN_RND,0.0005,0.95,mountaincar,sparse
7,190,-1.0,200,0.006375138182193041,-1.0,0.0006101353792473674,0.0,DQN_RND,0.0005,0.95,mountaincar,sparse
7,191,-1.0,200,0.010663049295544624,-1.0,0.0006274799234233797,0.0,DQN_RND,0.0005,0.95,mountaincar,sparse
7,192,-1.0,200,0.002263195812702179,-1.0,0.0006063758046366274,0.0,DQN_RND,0.0005,0.95,mountaincar,sparse
7,193,-1.0,200,0.00447069201618433,-1.0,0.0006039798608981073,0.0,DQN_RND,0.0005,0.95,mountaincar,sparse
7,194,-1.0,200,0.0023327646777033806,-1.0,0.0005515161901712418,0.0,DQN_RND,0.0005,0.95,mountaincar,sparse
7,195,-1.0,200,0.00437904242426157,-1.0,0.0006812716601416469,0.0,DQN_RND,0.0005,0.95,mountaincar,sparse
7,196,-1.0,200,0.006537788547575474,-1.0,0.0005954386433586478,0.0,DQN_RND,0.0005,0.95,mountaincar,sparse
7,197,-1.0,200,0.0002548754564486444,-1.0,0.0005507495370693505,0.0,DQN_RND,0.0005,0.95,mountaincar,sparse
7,198,-1.0,200,0.0043820892460644245,-1.0,0.0005677600856870413,0.0,DQN_RND,0.0005,0.95,mountaincar,sparse
7,199,-1.0,200,0.004250253085047007,-1.0,0.0005861656973138452,0.0,DQN_RND,0.0005,0.95,mountaincar,sparse
7,200,-1.0,200,0.0003089501988142729,-1.0,0.0005410942831076682,0.0,DQN_RND,0.0005,0.95,mountaincar,sparse
7,201,-1.0,200,0.002313148695975542,-1.0,0.0005530998460017145,0.0,DQN_RND,0.0005,0.95,mountaincar,sparse
7,202,-1.0,200,0.008392667397856712,-1.0,0.0005784029490314424,0.0,DQN_RND,0.0005,0.95,mountaincar,sparse
7,203,-1.0,200,0.002315712859854102,-1.0,0.0005264168721623719,0.0,DQN_RND,0.0005,0.95,mountaincar,sparse
7,204,-1.0,200,0.01059042289853096,-1.0,0.0005670403479598463,0.0,DQN_RND,0.0005,0.95,mountaincar,sparse
7,205,-1.0,200,0.00431051105260849,-1.0,0.0006249155849218369,0.0,DQN_RND,0.0005,0.95,mountaincar,sparse
7,206,-1.0,200,0.006475352216511965,-1.0,0.0005595373222604394,0.0,DQN_RND,0.0005,0.95,mountaincar,sparse
7,207,-1.0,200,0.010461220517754555,-1.0,0.0005992815713398159,0.0,DQN_RND,0.0005,0.95,mountaincar,sparse
7,208,-1.0,200,0.006482405588030815,-1.0,0.0005840070662088692,0.0,DQN_RND,0.0005,0.95,mountaincar,sparse
7,209,-1.0,200,0.0022781151346862316,-1.0,0.0005787702975794673,0.0,DQN_RND,0.0005,0.95,mountaincar,sparse
7,210,-1.0,200,0.004416140727698803,-1.0,0.0006255872431211174,0.0,DQN_RND,0.0005,0.95,mountaincar,sparse
7,211,-1.0,200,0.004354372620582581,-1.0,0.0005722736823372543,0.0,DQN_RND,0.0005,0.95,mountaincar,sparse
7,212,-1.0,200,0.0022534485906362534,-1.0,0.000581337430048734,0.0,DQN_RND,0.0005,0.95,mountaincar,sparse
7,213,-1.0,200,0.004273573402315378,-1.0,0.0005772202857770026,0.0,DQN_RND,0.0005,0.95,mountaincar,sparse
7,214,-1.0,200,0.00650304090231657,-1.0,0.0005942530697211623,0.0,DQN_RND,0.0005,0.95,mountaincar,sparse
7,215,-1.0,200,0.006489235907793045,-1.0,0.000554552476387471,0.0,DQN_RND,0.0005,0.95,mountaincar,sparse
7,216,-1.0,200,0.004321638029068708,-1.0,0.0005599908763542771,0.0,DQN_RND,0.0005,0.95,mountaincar,sparse
7,217,-1.0,200,0.006458389572799206,-1.0,0.000579726358409971,0.0,DQN_RND,0.0005,0.95,mountaincar,sparse
7,218,-1.0,200,0.004385650157928467,-1.0,0.0005550087662413716,0.0,DQN_RND,0.0005,0.95,mountaincar,sparse
7,219,-1.0,200,0.012519408948719501,-1.0,0.0005676083965227008,0.0,DQN_RND,0.0005,0.95,mountaincar,sparse
7,220,-1.0,200,0.002248605713248253,-1.0,0.0005650616949424148,0.0,DQN_RND,0.0005,0.95,mountaincar,sparse
7,221,-1.0,200,0.010409226641058922,-1.0,0.0005762078217230737,0.0,DQN_RND,0.0005,0.95,mountaincar,sparse
7,222,-1.0,200,0.0023726883810013533,-1.0,0.000565933994948864,0.0,DQN_RND,0.0005,0.95,mountaincar,sparse
7,223,-1.0,200,0.006508187390863895,-1.0,0.0005668970989063382,0.0,DQN_RND,0.0005,0.95,mountaincar,sparse
7,224,-1.0,200,0.0064958930015563965,-1.0,0.0006404890445992351,0.0,DQN_RND,0.0005,0.95,mountaincar,sparse
7,225,-1.0,200,0.004370955750346184,-1.0,0.0005257323500700295,0.0,DQN_RND,0.0005,0.95,mountaincar,sparse
7,226,-1.0,200,0.004273879341781139,-1.0,0.000562837696634233,0.0,DQN_RND,0.0005,0.95,mountaincar,sparse
7,227,-1.0,200,0.004252709913998842,-1.0,0.0005561398575082421,0.0,DQN_RND,0.0005,0.95,mountaincar,sparse
7,228,-1.0,200,0.006335206795483828,-1.0,0.0005557882832363248,0.0,DQN_RND,0.0005,0.95,mountaincar,sparse
7,229,-1.0,200,0.006384293548762798,-1.0,0.0005817291093990207,0.0,DQN_RND,0.0005,0.95,mountaincar,sparse
7,230,-1.0,200,0.010442533530294895,-1.0,0.0005719190812669694,0.0,DQN_RND,0.0005,0.95,mountaincar,sparse
7,231,-1.0,200,0.006359710358083248,-1.0,0.0005998911801725626,0.0,DQN_RND,0.0005,0.95,mountaincar,sparse
7,232,-1.0,200,0.006392347626388073,-1.0,0.0005634156404994428,0.0,DQN_RND,0.0005,0.95,mountaincar,sparse
7,233,-1.0,200,0.004373516887426376,-1.0,0.0005257861339487135,0.0,DQN_RND,0.0005,0.95,mountaincar,sparse
7,234,-1.0,200,0.0022497796453535557,-1.0,0.0005444248090498149,0.0,DQN_RND,0.0005,0.95,mountaincar,sparse
7,235,-1.0,200,0.006254451349377632,-1.0,0.0005746088572777808,0.0,DQN_RND,0.0005,0.95,mountaincar,sparse
7,236,-1.0,200,0.004292591474950314,-1.0,0.0006750479806214571,0.0,DQN_RND,0.0005,0.95,mountaincar,sparse
7,237,-1.0,200,0.002277923980727792,-1.0,0.0005684619536623359,0.0,DQN_RND,0.0005,0.95,mountaincar,sparse
7,238,-1.0,200,0.00627125333994627,-1.0,0.00056597706861794,0.0,DQN_RND,0.0005,0.95,mountaincar,sparse
7,239,-1.0,200,0.006620938889682293,-1.0,0.0005964195006527007,0.0,DQN_RND,0.0005,0.95,mountaincar,sparse
7,240,-1.0,200,0.0002557209227234125,-1.0,0.0005492864293046296,0.0,DQN_RND,0.0005,0.95,mountaincar,sparse
7,241,-1.0,200,0.00628576148301363,-1.0,0.000601608247961849,0.0,DQN_RND,0.0005,0.95,mountaincar,sparse
7,242,-1.0,200,0.0023011313751339912,-1.0,0.0005653180996887386,0.0,DQN_RND,0.0005,0.95,mountaincar,sparse
7,243,-1.0,200,0.00025303635629825294,-1.0,0.0006033815443515778,0.0,DQN_RND,0.0005,0.95,mountaincar,sparse
7,244,-1.0,200,0.004351004958152771,-1.0,0.0005557763506658375,0.0,DQN_RND,0.0005,0.95,mountaincar,sparse
7,245,-1.0,200,0.006391128990799189,-1.0,0.0005681054317392409,0.0,DQN_RND,0.0005,0.95,mountaincar,sparse
7,246,-1.0,200,0.006538208574056625,-1.0,0.0005365991964936256,0.0,DQN_RND,0.0005,0.95,mountaincar,sparse
7,247,-1.0,200,0.006477877032011747,-1.0,0.0005858444492332637,0.0,DQN_RND,0.0005,0.95,mountaincar,sparse
7,248,-1.0,200,0.010345829650759697,-1.0,0.000581343483645469,0.0,DQN_RND,0.0005,0.95,mountaincar,sparse
7,249,-1.0,200,0.00020605995086953044,-1.0,0.0006416219985112548,0.0,DQN_RND,0.0005,0.95,mountaincar,sparse
7,250,-1.0,200,0.01042602676898241,-1.0,0.0005896533257327974,0.0,DQN_RND,0.0005,0.95,mountaincar,sparse
7,251,-1.0,200,0.008609172888100147,-1.0,0.0005721280467696488,0.0,DQN_RND,0.0005,0.95,mountaincar,sparse
7,252,-1.0,200,0.008257916197180748,-1.0,0.0005892852204851806,0.0,DQN_RND,0.0005,0.95,mountaincar,sparse
7,253,-1.0,200,0.006547205615788698,-1.0,0.0005506593734025955,0.0,DQN_RND,0.0005,0.95,mountaincar,sparse
7,254,-1.0,200,0.008302392438054085,-1.0,0.000564921647310257,0.0,DQN_RND,0.0005,0.95,mountaincar,sparse
7,255,-1.0,200,0.008304302580654621,-1.0,0.0005968836485408247,0.0,DQN_RND,0.0005,0.95,mountaincar,sparse
7,256,-1.0,200,0.00434282748028636,-1.0,0.0005752442521043122,0.0,DQN_RND,0.0005,0.95,mountaincar,sparse
7,257,-1.0,200,0.004237557295709848,-1.0,0.0005611976375803351,0.0,DQN_RND,0.0005,0.95,mountaincar,sparse
7,258,-1.0,200,0.012481970712542534,-1.0,0.0005632987013086677,0.0,DQN_RND,0.0005,0.95,mountaincar,sparse
7,259,-1.0,200,0.008322876878082752,-1.0,0.0005682195769622922,0.0,DQN_RND,0.0005,0.95,mountaincar,sparse
7,260,-1.0,200,0.008444243110716343,-1.0,0.0006716807838529348,0.0,DQN_RND,0.0005,0.95,mountaincar,sparse
7,261,-1.0,200,0.010351518169045448,-1.0,0.0005695830914191902,0.0,DQN_RND,0.0005,0.95,mountaincar,sparse
7,262,-1.0,200,0.004346794914454222,-1.0,0.0005925972363911569,0.0,DQN_RND,0.0005,0.95,mountaincar,sparse
7,263,-1.0,200,0.006332270335406065,-1.0,0.0006499480805359781,0.0,DQN_RND,0.0005,0.95,mountaincar,sparse
7,264,-1.0,200,0.0022396675776690245,-1.0,0.0005575133254751563,0.0,DQN_RND,0.0005,0.95,mountaincar,sparse
7,265,-1.0,200,0.008320636115968227,-1.0,0.000580577936489135,0.0,DQN_RND,0.0005,0.95,mountaincar,sparse
7,266,-1.0,200,0.002337576122954488,-1.0,0.0005843842518515885,0.0,DQN_RND,0.0005,0.95,mountaincar,sparse
7,267,-1.0,200,0.008582863956689835,-1.0,0.0005672625848092139,0.0,DQN_RND,0.0005,0.95,mountaincar,sparse
7,268,-1.0,200,0.0062963590025901794,-1.0,0.0005699207540601492,0.0,DQN_RND,0.0005,0.95,mountaincar,sparse
7,269,-1.0,200,0.004227522760629654,-1.0,0.0005970170022919774,0.0,DQN_RND,0.0005,0.95,mountaincar,sparse
7,270,-1.0,200,0.00850636512041092,-1.0,0.0005676477449014783,0.0,DQN_RND,0.0005,0.95,mountaincar,sparse
7,271,-1.0,200,0.00020313508866820484,-1.0,0.000555422913748771,0.0,DQN_RND,0.0005,0.95,mountaincar,sparse
7,272,-1.0,200,0.0043501416221261024,-1.0,0.0006630072603002191,0.0,DQN_RND,0.0005,0.95,mountaincar,sparse
7,273,-1.0,200,0.004282371606677771,-1.0,0.0005980607238598168,0.0,DQN_RND,0.0005,0.95,mountaincar,sparse
7,274,-1.0,200,0.008475740440189838,-1.0,0.0005669418023899198,0.0,DQN_RND,0.0005,0.95,mountaincar,sparse
7,275,-1.0,200,0.008459053933620453,-1.0,0.0005299791810102761,0.0,DQN_RND,0.0005,0.95,mountaincar,sparse
7,276,-1.0,200,0.006545103155076504,-1.0,0.0005904376157559454,0.0,DQN_RND,0.0005,0.95,mountaincar,sparse
7,277,-1.0,200,0.0022017082665115595,-1.0,0.0005504945293068886,0.0,DQN_RND,0.0005,0.95,mountaincar,sparse
7,278,-1.0,200,0.012650059536099434,-1.0,0.0005868267035111785,0.0,DQN_RND,0.0005,0.95,mountaincar,sparse
7,279,-1.0,200,0.004535226617008448,-1.0,0.0005847908323630691,0.0,DQN_RND,0.0005,0.95,mountaincar,sparse
7,280,-1.0,200,0.002237077569589019,-1.0,0.000578115286771208,0.0,DQN_RND,0.0005,0.95,mountaincar,sparse
7,281,-1.0,200,0.004186606965959072,-1.0,0.0005598396528512239,0.0,DQN_RND,0.0005,0.95,mountaincar,sparse
7,282,-1.0,200,0.006487146019935608,-1.0,0.0005612218519672751,0.0,DQN_RND,0.0005,0.95,mountaincar,sparse
7,283,-1.0,200,0.006571214646100998,-1.0,0.0005576855619437993,0.0,DQN_RND,0.0005,0.95,mountaincar,sparse
7,284,-1.0,200,0.0022647720761597157,-1.0,0.0005306400125846267,0.0,DQN_RND,0.0005,0.95,mountaincar,sparse
7,285,-1.0,200,0.0043700085952878,-1.0,0.0006138510652817786,0.0,DQN_RND,0.0005,0.95,mountaincar,sparse
7,286,-1.0,200,0.004315514583140612,-1.0,0.0005663585034199059,0.0,DQN_RND,0.0005,0.95,mountaincar,sparse
7,287,-1.0,200,0.008527691476047039,-1.0,0.0005451219039969146,0.0,DQN_RND,0.0005,0.95,mountaincar,sparse
7,288,-1.0,200,0.012669593095779419,-1.0,0.0006071939715184271,0.0,DQN_RND,0.0005,0.95,mountaincar,sparse
7,289,-1.0,200,0.00018975116836372763,-1.0,0.0006103662308305502,0.0,DQN_RND,0.0005,0.95,mountaincar,sparse
7,290,-1.0,200,0.002198119182139635,-1.0,0.0005711355479434133,0.0,DQN_RND,0.0005,0.95,mountaincar,sparse
7,291,-1.0,200,0.008469384163618088,-1.0,0.000564239511732012,0.0,DQN_RND,0.0005,0.95,mountaincar,sparse
7,292,-1.0,200,0.0021851088386029005,-1.0,0.000593373435549438,0.0,DQN_RND,0.0005,0.95,mountaincar,sparse
7,293,-1.0,200,0.0022504779044538736,-1.0,0.0005545240128412843,0.0,DQN_RND,0.0005,0.95,mountaincar,sparse
7,294,-1.0,200,0.006292104255408049,-1.0,0.0006113595445640385,0.0,DQN_RND,0.0005,0.95,mountaincar,sparse
7,295,-1.0,200,0.006560168694704771,-1.0,0.0005342997028492391,0.0,DQN_RND,0.0005,0.95,mountaincar,sparse
7,296,-1.0,200,0.0022184299305081367,-1.0,0.0006359936087392271,0.0,DQN_RND,0.0005,0.95,mountaincar,sparse
7,297,-1.0,200,0.004269544500857592,-1.0,0.0005889811436645687,0.0,DQN_RND,0.0005,0.95,mountaincar,sparse
7,298,-1.0,200,0.008474076166749,-1.0,0.0005603957106359303,0.0,DQN_RND,0.0005,0.95,mountaincar,sparse
7,299,-1.0,200,0.004391741007566452,-1.0,0.0006494602421298623,0.0,DQN_RND,0.0005,0.95,mountaincar,sparse
7,300,-1.0,200,0.010465575382113457,-1.0,0.0005343453958630562,0.0,DQN_RND,0.0005,0.95,mountaincar,sparse
7,301,-1.0,200,0.006369064096361399,-1.0,0.00061802938580513,0.0,DQN_RND,0.0005,0.95,mountaincar,sparse
7,302,-1.0,200,0.00018714087491389364,-1.0,0.0005476849037222564,0.0,DQN_RND,0.0005,0.95,mountaincar,sparse
7,303,-1.0,200,0.00430090818554163,-1.0,0.0005842763930559158,0.0,DQN_RND,0.0005,0.95,mountaincar,sparse
7,304,-1.0,200,0.004297938197851181,-1.0,0.0005379570065997541,0.0,DQN_RND,0.0005,0.95,mountaincar,sparse
7,305,-1.0,200,0.01047459989786148,-1.0,0.0005419242079369724,0.0,DQN_RND,0.0005,0.95,mountaincar,sparse
7,306,-1.0,200,0.0043947733938694,-1.0,0.0006333094206638634,0.0,DQN_RND,0.0005,0.95,mountaincar,sparse
7,307,-1.0,200,0.0001819808385334909,-1.0,0.0005662207840941846,0.0,DQN_RND,0.0005,0.95,mountaincar,sparse
7,308,-1.0,200,0.0022605399135500193,-1.0,0.0005852606263943017,0.0,DQN_RND,0.0005,0.95,mountaincar,sparse
7,309,-1.0,200,0.008465764112770557,-1.0,0.0005440367385745049,0.0,DQN_RND,0.0005,0.95,mountaincar,sparse
7,310,-1.0,200,0.0022549275308847427,-1.0,0.0005843954277224839,0.0,DQN_RND,0.0005,0.95,mountaincar,sparse
7,311,-1.0,200,0.0042308117263019085,-1.0,0.0005748571711592376,0.0,DQN_RND,0.0005,0.95,mountaincar,sparse
7,312,-1.0,200,0.004211978521198034,-1.0,0.0006127661908976734,0.0,DQN_RND,0.0005,0.95,mountaincar,sparse
7,313,-1.0,200,0.01247505284845829,-1.0,0.0005526643362827599,0.0,DQN_RND,0.0005,0.95,mountaincar,sparse
7,314,-1.0,200,0.0022680475376546383,-1.0,0.0005828485009260476,0.0,DQN_RND,0.0005,0.95,mountaincar,sparse
7,315,-1.0,200,0.002209839876741171,-1.0,0.0005838075303472579,0.0,DQN_RND,0.0005,0.95,mountaincar,sparse
7,316,-1.0,200,0.010463283397257328,-1.0,0.0005715614533983171,0.0,DQN_RND,0.0005,0.95,mountaincar,sparse
7,317,-1.0,200,0.004426293075084686,-1.0,0.0005690201069228351,0.0,DQN_RND,0.0005,0.95,mountaincar,sparse
7,318,-1.0,200,0.0022037290036678314,-1.0,0.000587086658924818,0.0,DQN_RND,0.0005,0.95,mountaincar,sparse
7,319,-1.0,200,0.006548992358148098,-1.0,0.0006160179036669433,0.0,DQN_RND,0.0005,0.95,mountaincar,sparse
7,320,-1.0,200,0.010303854942321777,-1.0,0.0006125166546553373,0.0,DQN_RND,0.0005,0.95,mountaincar,sparse
7,321,-1.0,200,0.0042209625244140625,-1.0,0.0005073301726952195,0.0,DQN_RND,0.0005,0.95,mountaincar,sparse
7,322,-1.0,200,0.00841332133859396,-1.0,0.0005330243147909641,0.0,DQN_RND,0.0005,0.95,mountaincar,sparse
7,323,-1.0,200,0.006330718751996756,-1.0,0.0005453415215015411,0.0,DQN_RND,0.0005,0.95,mountaincar,sparse
7,324,-1.0,200,0.002186722354963422,-1.0,0.0005422499380074441,0.0,DQN_RND,0.0005,0.95,mountaincar,sparse
7,325,-1.0,200,0.004245521500706673,-1.0,0.0005535958334803581,0.0,DQN_RND,0.0005,0.95,mountaincar,sparse
7,326,-1.0,200,0.004321708343923092,-1.0,0.0005532012437470257,0.0,DQN_RND,0.0005,0.95,mountaincar,sparse
7,327,-1.0,200,0.0021654844749718904,-1.0,0.0005588534404523671,0.0,DQN_RND,0.0005,0.95,mountaincar,sparse
7,328,-1.0,200,0.004211808554828167,-1.0,0.000624495034571737,0.0,DQN_RND,0.0005,0.95,mountaincar,sparse
7,329,-1.0,200,0.0022262881975620985,-1.0,0.0005492042400874197,0.0,DQN_RND,0.0005,0.95,mountaincar,sparse
7,330,-1.0,200,0.004317660816013813,-1.0,0.0005417765351012349,0.0,DQN_RND,0.0005,0.95,mountaincar,sparse
7,331,-1.0,200,0.008578304201364517,-1.0,0.0006065013003535569,0.0,DQN_RND,0.0005,0.95,mountaincar,sparse
7,332,-1.0,200,0.008356581442058086,-1.0,0.0006252583698369563,0.0,DQN_RND,0.0005,0.95,mountaincar,sparse
7,333,-1.0,200,0.012558870948851109,-1.0,0.0005822140374220908,0.0,DQN_RND,0.0005,0.95,mountaincar,sparse
7,334,-1.0,200,0.004342961125075817,-1.0,0.0005592854577116668,0.0,DQN_RND,0.0005,0.95,mountaincar,sparse
7,335,-1.0,200,0.0001500132493674755,-1.0,0.0005936860688962042,0.0,DQN_RND,0.0005,0.95,mountaincar,sparse
7,336,-1.0,200,0.0042260074988007545,-1.0,0.0005454891943372786,0.0,DQN_RND,0.0005,0.95,mountaincar,sparse
7,337,-1.0,200,0.006259470712393522,-1.0,0.0005428412114270031,0.0,DQN_RND,0.0005,0.95,mountaincar,sparse
7,338,-1.0,200,0.006367012858390808,-1.0,0.0005644375924021006,0.0,DQN_RND,0.0005,0.95,mountaincar,sparse
7,339,-1.0,200,0.008397119119763374,-1.0,0.0005844779079779983,0.0,DQN_RND,0.0005,0.95,mountaincar,sparse
7,340,-1.0,200,0.004280967637896538,-1.0,0.0005452389013953507,0.0,DQN_RND,0.0005,0.95,mountaincar,sparse
7,341,-1.0,200,0.01270981039851904,-1.0,0.0006299363449215889,0.0,DQN_RND,0.0005,0.95,mountaincar,sparse
7,342,-1.0,200,0.0022957862820476294,-1.0,0.0005628016660921276,0.0,DQN_RND,0.0005,0.95,mountaincar,sparse
7,343,-1.0,200,0.0022279981058090925,-1.0,0.0005376673652790487,0.0,DQN_RND,0.0005,0.95,mountaincar,sparse
7,344,-1.0,200,0.008414244279265404,-1.0,0.0005462700501084328,0.0,DQN_RND,0.0005,0.95,mountaincar,sparse
7,345,-1.0,200,0.010327614843845367,-1.0,0.0005410762969404459,0.0,DQN_RND,0.0005,0.95,mountaincar,sparse
7,346,-1.0,200,0.0001595540379639715,-1.0,0.0005449148593470454,0.0,DQN_RND,0.0005,0.95,mountaincar,sparse
7,347,-1.0,200,0.002160332165658474,-1.0,0.0005103369476273656,0.0,DQN_RND,0.0005,0.95,mountaincar,sparse
7,348,-1.0,200,0.006225896999239922,-1.0,0.0005835929769091308,0.0,DQN_RND,0.0005,0.95,mountaincar,sparse
7,349,-1.0,200,0.006335540674626827,-1.0,0.0005412203609012067,0.0,DQN_RND,0.0005,0.95,mountaincar,sparse
7,350,-1.0,200,0.004228850826621056,-1.0,0.0005779613275080919,0.0,DQN_RND,0.0005,0.95,mountaincar,sparse
7,351,-1.0,200,0.012418778613209724,-1.0,0.0005751918070018291,0.0,DQN_RND,0.0005,0.95,mountaincar,sparse
7,352,-1.0,200,0.0022010973189026117,-1.0,0.0005399362416937947,0.0,DQN_RND,0.0005,0.95,mountaincar,sparse
7,353,-1.0,200,0.010307428427040577,-1.0,0.0005354955792427063,0.0,DQN_RND,0.0005,0.95,mountaincar,sparse
7,354,-1.0,200,0.004333749879151583,-1.0,0.0005397262866608799,0.0,DQN_RND,0.0005,0.95,mountaincar,sparse
7,355,-1.0,200,0.0042566475458443165,-1.0,0.0005998668493703008,0.0,DQN_RND,0.0005,0.95,mountaincar,sparse
7,356,-1.0,200,0.008266034536063671,-1.0,0.0005606184131465852,0.0,DQN_RND,0.0005,0.95,mountaincar,sparse
7,357,-1.0,200,0.00014533911598846316,-1.0,0.0005662636831402779,0.0,DQN_RND,0.0005,0.95,mountaincar,sparse
7,358,-1.0,200,0.006310328375548124,-1.0,0.0004967967397533357,0.0,DQN_RND,0.0005,0.95,mountaincar,sparse
7,359,-1.0,200,0.0022579289507120848,-1.0,0.0006433778326027095,0.0,DQN_RND,0.0005,0.95,mountaincar,sparse
7,360,-1.0,200,0.004205744713544846,-1.0,0.0005480478866957128,0.0,DQN_RND,0.0005,0.95,mountaincar,sparse
7,361,-1.0,200,0.0001308508071815595,-1.0,0.0005652470281347632,0.0,DQN_RND,0.0005,0.95,mountaincar,sparse
7,362,-1.0,200,0.004218814428895712,-1.0,0.0005397735512815416,0.0,DQN_RND,0.0005,0.95,mountaincar,sparse
7,363,-1.0,200,0.008561138063669205,-1.0,0.0005578311393037438,0.0,DQN_RND,0.0005,0.95,mountaincar,sparse
7,364,-1.0,200,0.006212824955582619,-1.0,0.0006059524021111429,0.0,DQN_RND,0.0005,0.95,mountaincar,sparse
7,365,-1.0,200,0.006205237470567226,-1.0,0.0005555080715566874,0.0,DQN_RND,0.0005,0.95,mountaincar,sparse
7,366,-1.0,200,0.00013713428052142262,-1.0,0.0005355515168048441,0.0,DQN_RND,0.0005,0.95,mountaincar,sparse
7,367,-1.0,200,0.002154869493097067,-1.0,0.0005742174689657986,0.0,DQN_RND,0.0005,0.95,mountaincar,sparse
7,368,-1.0,200,0.006368395872414112,-1.0,0.0005651063984259963,0.0,DQN_RND,0.0005,0.95,mountaincar,sparse
7,369,-1.0,200,0.002215277636423707,-1.0,0.000542403431609273,0.0,DQN_RND,0.0005,0.95,mountaincar,sparse
7,370,-1.0,200,0.004281193483620882,-1.0,0.0005671381950378418,0.0,DQN_RND,0.0005,0.95,mountaincar,sparse
7,371,-1.0,200,0.00638966541737318,-1.0,0.0005700261681340635,0.0,DQN_RND,0.0005,0.95,mountaincar,sparse
7,372,-1.0,200,0.006327219773083925,-1.0,0.0005763476365245879,0.0,DQN_RND,0.0005,0.95,mountaincar,sparse
7,373,-1.0,200,0.006274989806115627,-1.0,0.0005580908036790788,0.0,DQN_RND,0.0005,0.95,mountaincar,sparse
7,374,-1.0,200,0.0062210834585130215,-1.0,0.000599707942456007,0.0,DQN_RND,0.0005,0.95,mountaincar,sparse
7,375,-1.0,200,0.00013610297173727304,-1.0,0.0005569342174567282,0.0,DQN_RND,0.0005,0.95,mountaincar,sparse
7,376,-1.0,200,0.008434363640844822,-1.0,0.000599039311055094,0.0,DQN_RND,0.0005,0.95,mountaincar,sparse
7,377,-1.0,200,0.006354541517794132,-1.0,0.0005730168195441365,0.0,DQN_RND,0.0005,0.95,mountaincar,sparse
7,378,-1.0,200,0.006388289388269186,-1.0,0.0005787166301161051,0.0,DQN_RND,0.0005,0.95,mountaincar,sparse
7,379,-1.0,200,0.008371980860829353,-1.0,0.0005466918810270727,0.0,DQN_RND,0.0005,0.95,mountaincar,sparse
7,380,-1.0,200,0.00014091601769905537,-1.0,0.0005617256974801421,0.0,DQN_RND,0.0005,0.95,mountaincar,sparse
7,381,-1.0,200,0.004282057285308838,-1.0,0.0005450680619105697,0.0,DQN_RND,0.0005,0.95,mountaincar,sparse
7,382,-1.0,200,0.008426664397120476,-1.0,0.0005465309368446469,0.0,DQN_RND,0.0005,0.95,mountaincar,sparse
7,383,-1.0,200,0.004190225154161453,-1.0,0.0005721708876080811,0.0,DQN_RND,0.0005,0.95,mountaincar,sparse
7,384,-1.0,200,0.01035448256880045,-1.0,0.000573446974158287,0.0,DQN_RND,0.0005,0.95,mountaincar,sparse
7,385,-1.0,200,0.0021473104134202003,-1.0,0.0005617651622742414,0.0,DQN_RND,0.0005,0.95,mountaincar,sparse
7,386,-1.0,200,0.008496602065861225,-1.0,0.0005378626519814134,0.0,DQN_RND,0.0005,0.95,mountaincar,sparse
7,387,-1.0,200,0.00629266444593668,-1.0,0.0006058802246116102,0.0,DQN_RND,0.0005,0.95,mountaincar,sparse
7,388,-1.0,200,0.00011266967339906842,-1.0,0.0005375010659918189,0.0,DQN_RND,0.0005,0.95,mountaincar,sparse
7,389,-1.0,200,0.006441860925406218,-1.0,0.0005724578513763845,0.0,DQN_RND,0.0005,0.95,mountaincar,sparse
7,390,-1.0,200,0.00012540235184133053,-1.0,0.0005334119196049869,0.0,DQN_RND,0.0005,0.95,mountaincar,sparse
7,391,-1.0,200,0.01467850711196661,-1.0,0.0005299893673509359,0.0,DQN_RND,0.0005,0.95,mountaincar,sparse
7,392,-1.0,200,0.004257299937307835,-1.0,0.0005942958523519337,0.0,DQN_RND,0.0005,0.95,mountaincar,sparse
7,393,-1.0,200,0.0043930248357355595,-1.0,0.0005818356294184923,0.0,DQN_RND,0.0005,0.95,mountaincar,sparse
7,394,-1.0,200,0.0021367426961660385,-1.0,0.0006058721337467432,0.0,DQN_RND,0.0005,0.95,mountaincar,sparse
7,395,-1.0,200,0.004266324918717146,-1.0,0.0005077274981886148,0.0,DQN_RND,0.0005,0.95,mountaincar,sparse
7,396,-1.0,200,0.002171702915802598,-1.0,0.0006011649966239929,0.0,DQN_RND,0.0005,0.95,mountaincar,sparse
7,397,-1.0,200,0.0063530560582876205,-1.0,0.0005964826559647918,0.0,DQN_RND,0.0005,0.95,mountaincar,sparse
7,398,-1.0,200,0.004179378971457481,-1.0,0.0005063621792942286,0.0,DQN_RND,0.0005,0.95,mountaincar,sparse
7,399,-1.0,200,0.006241984665393829,-1.0,0.0006659336504526436,0.0,DQN_RND,0.0005,0.95,mountaincar,sparse
7,400,-1.0,200,0.00011342178186168894,-1.0,0.0005910477484576404,0.0,DQN_RND,0.0005,0.95,mountaincar,sparse
7,401,-1.0,200,0.0022270577028393745,-1.0,0.0005773735465481877,0.0,DQN_RND,0.0005,0.95,mountaincar,sparse
7,402,-1.0,200,0.008435217663645744,-1.0,0.0005941198323853314,0.0,DQN_RND,0.0005,0.95,mountaincar,sparse
7,403,-1.0,200,0.0022056184243410826,-1.0,0.0006558391032740474,0.0,DQN_RND,0.0005,0.95,mountaincar,sparse
7,404,-1.0,200,0.00011582637671381235,-1.0,0.0005760918720625341,0.0,DQN_RND,0.0005,0.95,mountaincar,sparse
7,405,-1.0,200,0.004231754224747419,-1.0,0.0005535190575756133,0.0,DQN_RND,0.0005,0.95,mountaincar,sparse
7,406,-1.0,200,0.008347880095243454,-1.0,0.000537349667865783,0.0,DQN_RND,0.0005,0.95,mountaincar,sparse
7,407,-1.0,200,0.004193704575300217,-1.0,0.0005829631700180471,0.0,DQN_RND,0.0005,0.95,mountaincar,sparse
7,408,-1.0,200,0.008356992155313492,-1.0,0.0005388084682635963,0.0,DQN_RND,0.0005,0.95,mountaincar,sparse
7,409,-1.0,200,0.002232255879789591,-1.0,0.0005433367332443595,0.0,DQN_RND,0.0005,0.95,mountaincar,sparse
7,410,-1.0,200,0.00013234214566182345,-1.0,0.0005983355222269893,0.0,DQN_RND,0.0005,0.95,mountaincar,sparse
7,411,-1.0,200,0.006280373316258192,-1.0,0.000530614925082773,0.0,DQN_RND,0.0005,0.95,mountaincar,sparse
7,412,-1.0,200,0.00011146815086249262,-1.0,0.0005353619926609099,0.0,DQN_RND,0.0005,0.95,mountaincar,sparse
7,413,-1.0,200,0.004287553485482931,-1.0,0.0005250585381872952,0.0,DQN_RND,0.0005,0.95,mountaincar,sparse
7,414,-1.0,200,0.00010095458128489554,-1.0,0.0005738800391554832,0.0,DQN_RND,0.0005,0.95,mountaincar,sparse
7,415,-1.0,200,0.006311255507171154,-1.0,0.000552142970263958,0.0,DQN_RND,0.0005,0.95,mountaincar,sparse
7,416,-1.0,200,0.004258221015334129,-1.0,0.0005960344569757581,0.0,DQN_RND,0.0005,0.95,mountaincar,sparse
7,417,-1.0,200,0.004163713660091162,-1.0,0.0005200142622925341,0.0,DQN_RND,0.0005,0.95,mountaincar,sparse
7,418,-1.0,200,0.0021823288407176733,-1.0,0.0005644405027851462,0.0,DQN_RND,0.0005,0.95,mountaincar,sparse
7,419,-1.0,200,0.002148219384253025,-1.0,0.00058431999059394,0.0,DQN_RND,0.0005,0.95,mountaincar,sparse
7,420,-1.0,200,0.004344753455370665,-1.0,0.000543058558832854,0.0,DQN_RND,0.0005,0.95,mountaincar,sparse
7,421,-1.0,200,0.01059277355670929,-1.0,0.00053306674817577,0.0,DQN_RND,0.0005,0.95,mountaincar,sparse
7,422,-1.0,200,0.00010403711348772049,-1.0,0.000539804226718843,0.0,DQN_RND,0.0005,0.95,mountaincar,sparse
7,423,-1.0,200,0.010510259307920933,-1.0,0.0005703780916519463,0.0,DQN_RND,0.0005,0.95,mountaincar,sparse
7,424,-1.0,200,0.006245970726013184,-1.0,0.000616042350884527,0.0,DQN_RND,0.0005,0.95,mountaincar,sparse
7,425,-1.0,200,0.000107046369521413,-1.0,0.0005518885445781052,0.0,DQN_RND,0.0005,0.95,mountaincar,sparse
7,426,-1.0,200,0.010468142107129097,-1.0,0.0005351563449949026,0.0,DQN_RND,0.0005,0.95,mountaincar,sparse
7,427,-1.0,200,0.012469646520912647,-1.0,0.0005726065137423575,0.0,DQN_RND,0.0005,0.95,mountaincar,sparse
7,428,-1.0,200,9.523640619590878e-05,-1.0,0.0005552477668970823,0.0,DQN_RND,0.0005,0.95,mountaincar,sparse
7,429,-1.0,200,0.004302557557821274,-1.0,0.0005600821459665895,0.0,DQN_RND,0.0005,0.95,mountaincar,sparse
7,430,-1.0,200,0.00010465206287335604,-1.0,0.00055681262165308,0.0,DQN_RND,0.0005,0.95,mountaincar,sparse
7,431,-1.0,200,0.006350110750645399,-1.0,0.0005796406767331064,0.0,DQN_RND,0.0005,0.95,mountaincar,sparse
7,432,-1.0,200,0.004238797817379236,-1.0,0.0005146582843735814,0.0,DQN_RND,0.0005,0.95,mountaincar,sparse
7,433,-1.0,200,0.006354523357003927,-1.0,0.0005905871512368321,0.0,DQN_RND,0.0005,0.95,mountaincar,sparse
7,434,-1.0,200,0.004302782006561756,-1.0,0.0005571668734773993,0.0,DQN_RND,0.0005,0.95,mountaincar,sparse
7,435,-1.0,200,0.008422914892435074,-1.0,0.0005561891011893749,0.0,DQN_RND,0.0005,0.95,mountaincar,sparse
7,436,-1.0,200,0.010397560894489288,-1.0,0.0005804327665828168,0.0,DQN_RND,0.0005,0.95,mountaincar,sparse
7,437,-1.0,200,0.006413543596863747,-1.0,0.0005358218913897872,0.0,DQN_RND,0.0005,0.95,mountaincar,sparse
7,438,-1.0,200,0.006277188193053007,-1.0,0.0005433126352727413,0.0,DQN_RND,0.0005,0.95,mountaincar,sparse
7,439,-1.0,200,0.008373809047043324,-1.0,0.0005751409335061908,0.0,DQN_RND,0.0005,0.95,mountaincar,sparse
7,440,-1.0,200,9.482784662395716e-05,-1.0,0.0006055228295736015,0.0,DQN_RND,0.0005,0.95,mountaincar,sparse
7,441,-1.0,200,0.002222297480329871,-1.0,0.0006182020879350603,0.0,DQN_RND,0.0005,0.95,mountaincar,sparse
7,442,-1.0,200,0.01267789676785469,-1.0,0.0005876731593161821,0.0,DQN_RND,0.0005,0.95,mountaincar,sparse
7,443,-1.0,200,9.41372782108374e-05,-1.0,0.0005605141050182283,0.0,DQN_RND,0.0005,0.95,mountaincar,sparse
7,444,-1.0,200,9.92406130535528e-05,-1.0,0.0006058851140551269,0.0,DQN_RND,0.0005,0.95,mountaincar,sparse
7,445,-1.0,200,0.0021291880402714014,-1.0,0.0005691522383131087,0.0,DQN_RND,0.0005,0.95,mountaincar,sparse
7,446,-1.0,200,0.0063817244954407215,-1.0,0.0005555571406148374,0.0,DQN_RND,0.0005,0.95,mountaincar,sparse
7,447,-1.0,200,0.006345237139612436,-1.0,0.000541546440217644,0.0,DQN_RND,0.0005,0.95,mountaincar,sparse
7,448,-1.0,200,0.00427192822098732,-1.0,0.000555388571228832,0.0,DQN_RND,0.0005,0.95,mountaincar,sparse
7,449,-1.0,200,0.006365928333252668,-1.0,0.0005222584004513919,0.0,DQN_RND,0.0005,0.95,mountaincar,sparse
7,450,-1.0,200,0.006196945905685425,-1.0,0.0006091867107897997,0.0,DQN_RND,0.0005,0.95,mountaincar,sparse
7,451,-1.0,200,0.010299021378159523,-1.0,0.0005487455637194216,0.0,DQN_RND,0.0005,0.95,mountaincar,sparse
7,452,-1.0,200,0.00223637861199677,-1.0,0.000583504734095186,0.0,DQN_RND,0.0005,0.95,mountaincar,sparse
7,453,-1.0,200,0.002155967988073826,-1.0,0.0005186648340895772,0.0,DQN_RND,0.0005,0.95,mountaincar,sparse
7,454,-1.0,200,9.783566201804206e-05,-1.0,0.0006174813606776297,0.0,DQN_RND,0.0005,0.95,mountaincar,sparse
7,455,-1.0,200,0.006308758165687323,-1.0,0.0004920442588627338,0.0,DQN_RND,0.0005,0.95,mountaincar,sparse
7,456,-1.0,200,0.0022068365942686796,-1.0,0.0005443353438749909,0.0,DQN_RND,0.0005,0.95,mountaincar,sparse
7,457,-1.0,200,0.006181257776916027,-1.0,0.0005770026473328471,0.0,DQN_RND,0.0005,0.95,mountaincar,sparse
7,458,-1.0,200,0.0021463839802891016,-1.0,0.0005872187903150916,0.0,DQN_RND,0.0005,0.95,mountaincar,sparse
7,459,-1.0,200,0.012504121288657188,-1.0,0.0006297146319411695,0.0,DQN_RND,0.0005,0.95,mountaincar,sparse
7,460,-1.0,200,0.01040012575685978,-1.0,0.0005135528626851737,0.0,DQN_RND,0.0005,0.95,mountaincar,sparse
7,461,-1.0,200,0.0021381343249231577,-1.0,0.000543214613571763,0.0,DQN_RND,0.0005,0.95,mountaincar,sparse
7,462,-1.0,200,0.00221649999730289,-1.0,0.0005585723556578159,0.0,DQN_RND,0.0005,0.95,mountaincar,sparse
7,463,-1.0,200,0.00852310098707676,-1.0,0.0005667691002599895,0.0,DQN_RND,0.0005,0.95,mountaincar,sparse
7,464,-1.0,200,0.010478844866156578,-1.0,0.0005514348740689456,0.0,DQN_RND,0.0005,0.95,mountaincar,sparse
7,465,-1.0,200,0.0021910497453063726,-1.0,0.0005762940854765475,0.0,DQN_RND,0.0005,0.95,mountaincar,sparse
7,466,-1.0,200,0.002139520598575473,-1.0,0.0005767287802882493,0.0,DQN_RND,0.0005,0.95,mountaincar,sparse
7,467,-1.0,200,0.006327609531581402,-1.0,0.0005640155868604779,0.0,DQN_RND,0.0005,0.95,mountaincar,sparse
7,468,-1.0,200,0.008490456268191338,-1.0,0.0005967143224552274,0.0,DQN_RND,0.0005,0.95,mountaincar,sparse
7,469,-1.0,200,0.008542075753211975,-1.0,0.0006424944731406868,0.0,DQN_RND,0.0005,0.95,mountaincar,sparse
7,470,-1.0,200,0.0022105821408331394,-1.0,0.0006240493385121226,0.0,DQN_RND,0.0005,0.95,mountaincar,sparse
7,471,-1.0,200,0.0021839672699570656,-1.0,0.000550210359506309,0.0,DQN_RND,0.0005,0.95,mountaincar,sparse
7,472,-1.0,200,0.008479462005198002,-1.0,0.0005375257460400462,0.0,DQN_RND,0.0005,0.95,mountaincar,sparse
7,473,-1.0,200,0.010350394994020462,-1.0,0.0005463152192533016,0.0,DQN_RND,0.0005,0.95,mountaincar,sparse
7,474,-1.0,200,0.01265686098486185,-1.0,0.0006030162912793458,0.0,DQN_RND,0.0005,0.95,mountaincar,sparse
7,475,-1.0,200,0.002200429793447256,-1.0,0.0005367685225792229,0.0,DQN_RND,0.0005,0.95,mountaincar,sparse
7,476,-1.0,200,7.886300591053441e-05,-1.0,0.0005897469236515462,0.0,DQN_RND,0.0005,0.95,mountaincar,sparse
7,477,-1.0,200,0.010566376149654388,-1.0,0.0005876743234694004,0.0,DQN_RND,0.0005,0.95,mountaincar,sparse
7,478,-1.0,200,0.004292096942663193,-1.0,0.0005839667865075171,0.0,DQN_RND,0.0005,0.95,mountaincar,sparse
7,479,-1.0,200,0.0021069275680929422,-1.0,0.0005303835496306419,0.0,DQN_RND,0.0005,0.95,mountaincar,sparse
7,480,-1.0,200,0.008362853899598122,-1.0,0.0006038155988790095,0.0,DQN_RND,0.0005,0.95,mountaincar,sparse
7,481,-1.0,200,0.006425882689654827,-1.0,0.0005461109103634953,0.0,DQN_RND,0.0005,0.95,mountaincar,sparse
7,482,-1.0,200,8.950755000114441e-05,-1.0,0.0004911937867291272,0.0,DQN_RND,0.0005,0.95,mountaincar,sparse
7,483,-1.0,200,0.00212046573869884,-1.0,0.00063760404009372,0.0,DQN_RND,0.0005,0.95,mountaincar,sparse
7,484,-1.0,200,0.008225795812904835,-1.0,0.0005521260318346322,0.0,DQN_RND,0.0005,0.95,mountaincar,sparse
7,485,-1.0,200,0.006175094749778509,-1.0,0.00056226592278108,0.0,DQN_RND,0.0005,0.95,mountaincar,sparse
7,486,-1.0,200,0.002184203825891018,-1.0,0.0005319281481206417,0.0,DQN_RND,0.0005,0.95,mountaincar,sparse
7,487,-1.0,200,0.006182577461004257,-1.0,0.000555404752958566,0.0,DQN_RND,0.0005,0.95,mountaincar,sparse
7,488,-1.0,200,0.004263482987880707,-1.0,0.0005606754566542804,0.0,DQN_RND,0.0005,0.95,mountaincar,sparse
7,489,-1.0,200,0.010580819100141525,-1.0,0.0005660842871293426,0.0,DQN_RND,0.0005,0.95,mountaincar,sparse
7,490,-1.0,200,0.0020994434598833323,-1.0,0.0005653621046803892,0.0,DQN_RND,0.0005,0.95,mountaincar,sparse
7,491,-1.0,200,7.300297147594392e-05,-1.0,0.0005311020649969578,0.0,DQN_RND,0.0005,0.95,mountaincar,sparse
7,492,-1.0,200,0.008586135692894459,-1.0,0.0005190380034036934,0.0,DQN_RND,0.0005,0.95,mountaincar,sparse
7,493,-1.0,200,0.008475828915834427,-1.0,0.000544593611266464,0.0,DQN_RND,0.0005,0.95,mountaincar,sparse
7,494,-1.0,200,0.004221132956445217,-1.0,0.0005938306567259133,0.0,DQN_RND,0.0005,0.95,mountaincar,sparse
7,495,-1.0,200,0.004152338486164808,-1.0,0.0005341562791727483,0.0,DQN_RND,0.0005,0.95,mountaincar,sparse
7,496,-1.0,200,0.0021084463223814964,-1.0,0.0005453227204270661,0.0,DQN_RND,0.0005,0.95,mountaincar,sparse
7,497,-1.0,200,0.010350735858082771,-1.0,0.0005542906001210213,0.0,DQN_RND,0.0005,0.95,mountaincar,sparse
7,498,-1.0,200,7.702554285060614e-05,-1.0,0.0005205382476560771,0.0,DQN_RND,0.0005,0.95,mountaincar,sparse
7,499,-1.0,200,7.991572783794254e-05,-1.0,0.0006301235989667475,0.0,DQN_RND,0.0005,0.95,mountaincar,sparse
7,500,-1.0,200,0.006287686992436647,-1.0,0.000562383618671447,0.0,DQN_RND,0.0005,0.95,mountaincar,sparse
7,501,-1.0,200,0.01263644639402628,-1.0,0.0005743336514569819,0.0,DQN_RND,0.0005,0.95,mountaincar,sparse
7,502,-1.0,200,0.0042105987668037415,-1.0,0.0005120105925016105,0.0,DQN_RND,0.0005,0.95,mountaincar,sparse
7,503,-1.0,200,0.01893792673945427,-1.0,0.0005967739271000028,0.0,DQN_RND,0.0005,0.95,mountaincar,sparse
7,504,-1.0,200,0.004261515103280544,-1.0,0.0005384762771427631,0.0,DQN_RND,0.0005,0.95,mountaincar,sparse
7,505,-1.0,200,0.002216715132817626,-1.0,0.0005600110162049532,0.0,DQN_RND,0.0005,0.95,mountaincar,sparse
7,506,-1.0,200,0.004155089613050222,-1.0,0.000554543046746403,0.0,DQN_RND,0.0005,0.95,mountaincar,sparse
7,507,-1.0,200,0.004257199354469776,-1.0,0.0005654569831676781,0.0,DQN_RND,0.0005,0.95,mountaincar,sparse
7,508,-1.0,200,0.010447987355291843,-1.0,0.0005791285075247288,0.0,DQN_RND,0.0005,0.95,mountaincar,sparse
7,509,-1.0,200,7.352950342465192e-05,-1.0,0.0005911849439144135,0.0,DQN_RND,0.0005,0.95,mountaincar,sparse
7,510,-1.0,200,0.004116188734769821,-1.0,0.00059751101071015,0.0,DQN_RND,0.0005,0.95,mountaincar,sparse
7,511,-1.0,200,7.514374738093466e-05,-1.0,0.0005782427615486085,0.0,DQN_RND,0.0005,0.95,mountaincar,sparse
7,512,-1.0,200,0.010526331141591072,-1.0,0.0005220837192609906,0.0,DQN_RND,0.0005,0.95,mountaincar,sparse
7,513,-1.0,200,0.012465897016227245,-1.0,0.0005656132125295699,0.0,DQN_RND,0.0005,0.95,mountaincar,sparse
7,514,-1.0,200,0.004198411013931036,-1.0,0.0005345544777810574,0.0,DQN_RND,0.0005,0.95,mountaincar,sparse
7,515,-1.0,200,6.77067437209189e-05,-1.0,0.0005062949494458735,0.0,DQN_RND,0.0005,0.95,mountaincar,sparse
7,516,-1.0,200,0.004231779836118221,-1.0,0.000513366365339607,0.0,DQN_RND,0.0005,0.95,mountaincar,sparse
7,517,-1.0,200,7.163583359215409e-05,-1.0,0.0005206986679695547,0.0,DQN_RND,0.0005,0.95,mountaincar,sparse
7,518,-1.0,200,0.0021726146806031466,-1.0,0.0005451407050713897,0.0,DQN_RND,0.0005,0.95,mountaincar,sparse
7,519,-1.0,200,0.0041993167251348495,-1.0,0.0005497618112713099,0.0,DQN_RND,0.0005,0.95,mountaincar,sparse
7,520,-1.0,200,0.006396554410457611,-1.0,0.0005847609136253595,0.0,DQN_RND,0.0005,0.95,mountaincar,sparse
7,521,-1.0,200,0.004227842204272747,-1.0,0.0005992859369143844,0.0,DQN_RND,0.0005,0.95,mountaincar,sparse
7,522,-1.0,200,0.004145277664065361,-1.0,0.0005633964319713414,0.0,DQN_RND,0.0005,0.95,mountaincar,sparse
7,523,-1.0,200,0.0021186675876379013,-1.0,0.0005244151107035577,0.0,DQN_RND,0.0005,0.95,mountaincar,sparse
7,524,-1.0,200,0.002217295113950968,-1.0,0.0005558899138122797,0.0,DQN_RND,0.0005,0.95,mountaincar,sparse
7,525,-1.0,200,0.006440384313464165,-1.0,0.0005415941122919321,0.0,DQN_RND,0.0005,0.95,mountaincar,sparse
7,526,-1.0,200,0.004245148040354252,-1.0,0.0006168545805849135,0.0,DQN_RND,0.0005,0.95,mountaincar,sparse
7,527,-1.0,200,6.463716272264719e-05,-1.0,0.0005564661114476621,0.0,DQN_RND,0.0005,0.95,mountaincar,sparse
7,528,-1.0,200,0.006257251370698214,-1.0,0.0005628137732855976,0.0,DQN_RND,0.0005,0.95,mountaincar,sparse
7,529,-1.0,200,0.0042977165430784225,-1.0,0.0005421257810667157,0.0,DQN_RND,0.0005,0.95,mountaincar,sparse
7,530,-1.0,200,0.010447725653648376,-1.0,0.0005260115140117705,0.0,DQN_RND,0.0005,0.95,mountaincar,sparse
7,531,-1.0,200,6.098358426243067e-05,-1.0,0.0005335879977792501,0.0,DQN_RND,0.0005,0.95,mountaincar,sparse
7,532,-1.0,200,0.004212592728435993,-1.0,0.0005654544220305979,0.0,DQN_RND,0.0005,0.95,mountaincar,sparse
7,533,-1.0,200,0.008386620320379734,-1.0,0.0005442373803816736,0.0,DQN_RND,0.0005,0.95,mountaincar,sparse
7,534,-1.0,200,0.002168211154639721,-1.0,0.0005409234436228871,0.0,DQN_RND,0.0005,0.95,mountaincar,sparse
7,535,-1.0,200,0.00846666656434536,-1.0,0.0005186749622225761,0.0,DQN_RND,0.0005,0.95,mountaincar,sparse
7,536,-1.0,200,0.006295043043792248,-1.0,0.0005992658552713692,0.0,DQN_RND,0.0005,0.95,mountaincar,sparse
7,537,-1.0,200,0.008425150066614151,-1.0,0.0005516753881238401,0.0,DQN_RND,0.0005,0.95,mountaincar,sparse
7,538,-1.0,200,0.008370252326130867,-1.0,0.0005481729749590158,0.0,DQN_RND,0.0005,0.95,mountaincar,sparse
7,539,-1.0,200,0.0021718863863497972,-1.0,0.0005431860336102545,0.0,DQN_RND,0.0005,0.95,mountaincar,sparse
7,540,-1.0,200,5.822694947710261e-05,-1.0,0.0005229466478340328,0.0,DQN_RND,0.0005,0.95,mountaincar,sparse
7,541,-1.0,200,0.006174712907522917,-1.0,0.0006074320990592241,0.0,DQN_RND,0.0005,0.95,mountaincar,sparse
7,542,-1.0,200,0.006305416114628315,-1.0,0.0005688840174116194,0.0,DQN_RND,0.0005,0.95,mountaincar,sparse
7,543,-1.0,200,0.0020973810460418463,-1.0,0.000519399531185627,0.0,DQN_RND,0.0005,0.95,mountaincar,sparse
7,544,-1.0,200,0.0063195619732141495,-1.0,0.0005351476720534265,0.0,DQN_RND,0.0005,0.95,mountaincar,sparse
7,545,-1.0,200,0.0021615270525217056,-1.0,0.0005122231668792665,0.0,DQN_RND,0.0005,0.95,mountaincar,sparse
7,546,-1.0,200,0.004284585360437632,-1.0,0.0005480190156958997,0.0,DQN_RND,0.0005,0.95,mountaincar,sparse
7,547,-1.0,200,0.00209106900729239,-1.0,0.0005526469321921468,0.0,DQN_RND,0.0005,0.95,mountaincar,sparse
7,548,-1.0,200,5.30928882653825e-05,-1.0,0.0005340798525139689,0.0,DQN_RND,0.0005,0.95,mountaincar,sparse
7,549,-1.0,200,0.0020958660170435905,-1.0,0.0006261930684559047,0.0,DQN_RND,0.0005,0.95,mountaincar,sparse
7,550,-1.0,200,0.004321626853197813,-1.0,0.0005424485425464809,0.0,DQN_RND,0.0005,0.95,mountaincar,sparse
7,551,-1.0,200,0.004141317214816809,-1.0,0.0005493085482157767,0.0,DQN_RND,0.0005,0.95,mountaincar,sparse
7,552,-1.0,200,0.016707303002476692,-1.0,0.0006064110202714801,0.0,DQN_RND,0.0005,0.95,mountaincar,sparse
7,553,-1.0,200,0.0020875066984444857,-1.0,0.0005608784849755466,0.0,DQN_RND,0.0005,0.95,mountaincar,sparse
7,554,-1.0,200,0.004195052199065685,-1.0,0.0005638360744342208,0.0,DQN_RND,0.0005,0.95,mountaincar,sparse
7,555,-1.0,200,0.0020842270459979773,-1.0,0.000516734377015382,0.0,DQN_RND,0.0005,0.95,mountaincar,sparse
7,556,-1.0,200,0.002184442710131407,-1.0,0.0004866225062869489,0.0,DQN_RND,0.0005,0.95,mountaincar,sparse
7,557,-1.0,200,0.0021639252081513405,-1.0,0.0006270539597608149,0.0,DQN_RND,0.0005,0.95,mountaincar,sparse
7,558,-1.0,200,0.004146491643041372,-1.0,0.0006105041247792542,0.0,DQN_RND,0.0005,0.95,mountaincar,sparse
7,559,-1.0,200,0.010554859414696693,-1.0,0.0005250978283584118,0.0,DQN_RND,0.0005,0.95,mountaincar,sparse
7,560,-1.0,200,0.006383558735251427,-1.0,0.0005571916117332876,0.0,DQN_RND,0.0005,0.95,mountaincar,sparse
7,561,-1.0,200,0.0021209362894296646,-1.0,0.0005647782236337662,0.0,DQN_RND,0.0005,0.95,mountaincar,sparse
7,562,-1.0,200,0.008259346708655357,-1.0,0.0006051181117072701,0.0,DQN_RND,0.0005,0.95,mountaincar,sparse
7,563,-1.0,200,0.008356973528862,-1.0,0.0006388775655068457,0.0,DQN_RND,0.0005,0.95,mountaincar,sparse
7,564,-1.0,200,0.0021873023360967636,-1.0,0.0005878153606317937,0.0,DQN_RND,0.0005,0.95,mountaincar,sparse
7,565,-1.0,200,0.006302238442003727,-1.0,0.0006026407354511321,0.0,DQN_RND,0.0005,0.95,mountaincar,sparse
7,566,-1.0,200,0.004165723919868469,-1.0,0.0006089597591198981,0.0,DQN_RND,0.0005,0.95,mountaincar,sparse
7,567,-1.0,200,0.014655760489404202,-1.0,0.0005489917821250856,0.0,DQN_RND,0.0005,0.95,mountaincar,sparse
7,568,-1.0,200,0.004206606186926365,-1.0,0.0006210491410456598,0.0,DQN_RND,0.0005,0.95,mountaincar,sparse
7,569,-1.0,200,0.004262267611920834,-1.0,0.0005820512305945158,0.0,DQN_RND,0.0005,0.95,mountaincar,sparse
7,570,-1.0,200,0.004239520523697138,-1.0,0.0005769617855548859,0.0,DQN_RND,0.0005,0.95,mountaincar,sparse
7,571,-1.0,200,0.006259909365326166,-1.0,0.0005023708217777312,0.0,DQN_RND,0.0005,0.95,mountaincar,sparse
7,572,-1.0,200,0.004139953758567572,-1.0,0.0006407627370208502,0.0,DQN_RND,0.0005,0.95,mountaincar,sparse
7,573,-1.0,200,6.073267286410555e-05,-1.0,0.000579302606638521,0.0,DQN_RND,0.0005,0.95,mountaincar,sparse
7,574,-1.0,200,0.0021738598588854074,-1.0,0.0005955300875939429,0.0,DQN_RND,0.0005,0.95,mountaincar,sparse
7,575,-1.0,200,5.3428484534379095e-05,-1.0,0.0006025832844898105,0.0,DQN_RND,0.0005,0.95,mountaincar,sparse
7,576,-1.0,200,0.0042408485896885395,-1.0,0.000507507415022701,0.0,DQN_RND,0.0005,0.95,mountaincar,sparse
7,577,-1.0,200,0.0020693752449005842,-1.0,0.0005358972121030092,0.0,DQN_RND,0.0005,0.95,mountaincar,sparse
7,578,-1.0,200,0.0021270669531077147,-1.0,0.0005647159996442497,0.0,DQN_RND,0.0005,0.95,mountaincar,sparse
7,579,-1.0,200,0.004123162943869829,-1.0,0.0005474216886796057,0.0,DQN_RND,0.0005,0.95,mountaincar,sparse
7,580,-1.0,200,0.008294053375720978,-1.0,0.0006210802821442485,0.0,DQN_RND,0.0005,0.95,mountaincar,sparse
7,581,-1.0,200,0.010569374077022076,-1.0,0.0005248342640697956,0.0,DQN_RND,0.0005,0.95,mountaincar,sparse
7,582,-1.0,200,0.01254788227379322,-1.0,0.000570623145904392,0.0,DQN_RND,0.0005,0.95,mountaincar,sparse
7,583,-1.0,200,0.006417480763047934,-1.0,0.0005850248853676021,0.0,DQN_RND,0.0005,0.95,mountaincar,sparse
7,584,-1.0,200,0.006372826173901558,-1.0,0.0005733060534112155,0.0,DQN_RND,0.0005,0.95,mountaincar,sparse
7,585,-1.0,200,0.0020848833955824375,-1.0,0.0005673571722581983,0.0,DQN_RND,0.0005,0.95,mountaincar,sparse
7,586,-1.0,200,0.004222430754452944,-1.0,0.0006038305000402033,0.0,DQN_RND,0.0005,0.95,mountaincar,sparse
7,587,-1.0,200,0.004187826067209244,-1.0,0.0006008372292853892,0.0,DQN_RND,0.0005,0.95,mountaincar,sparse
7,588,-1.0,200,6.543660128954798e-05,-1.0,0.0005684068892151117,0.0,DQN_RND,0.0005,0.95,mountaincar,sparse
7,589,-1.0,200,5.0846425438066944e-05,-1.0,0.0005286571104079485,0.0,DQN_RND,0.0005,0.95,mountaincar,sparse
7,590,-1.0,200,5.6861455959733576e-05,-1.0,0.0006150468834675848,0.0,DQN_RND,0.0005,0.95,mountaincar,sparse
7,591,-1.0,200,0.004128945060074329,-1.0,0.0005638106376864016,0.0,DQN_RND,0.0005,0.95,mountaincar,sparse
7,592,-1.0,200,0.010443187318742275,-1.0,0.0005585784674622118,0.0,DQN_RND,0.0005,0.95,mountaincar,sparse
7,593,-1.0,200,0.004228153731673956,-1.0,0.000568423536606133,0.0,DQN_RND,0.0005,0.95,mountaincar,sparse
7,594,-1.0,200,0.0020787448156625032,-1.0,0.0005387796554714441,0.0,DQN_RND,0.0005,0.95,mountaincar,sparse
7,595,-1.0,200,0.004284832626581192,-1.0,0.0005431580357253551,0.0,DQN_RND,0.0005,0.95,mountaincar,sparse
7,596,-1.0,200,0.00839986838400364,-1.0,0.0005802890518680215,0.0,DQN_RND,0.0005,0.95,mountaincar,sparse
7,597,-1.0,200,0.008385775610804558,-1.0,0.0005812294548377395,0.0,DQN_RND,0.0005,0.95,mountaincar,sparse
7,598,-1.0,200,0.002078043995425105,-1.0,0.0005815192707814276,0.0,DQN_RND,0.0005,0.95,mountaincar,sparse
7,599,-1.0,200,0.002221605507656932,-1.0,0.0005835792399011552,0.0,DQN_RND,0.0005,0.95,mountaincar,sparse
7,600,-1.0,200,0.008344202302396297,-1.0,0.0005385489203035831,0.0,DQN_RND,0.0005,0.95,mountaincar,sparse
7,601,-1.0,200,0.012501883320510387,-1.0,0.0005267144879326224,0.0,DQN_RND,0.0005,0.95,mountaincar,sparse
7,602,-1.0,200,0.012510540895164013,-1.0,0.00053584692068398,0.0,DQN_RND,0.0005,0.95,mountaincar,sparse
7,603,-1.0,200,0.008234897628426552,-1.0,0.0005392305902205408,0.0,DQN_RND,0.0005,0.95,mountaincar,sparse
7,604,-1.0,200,0.0064726294949650764,-1.0,0.0005472054472193122,0.0,DQN_RND,0.0005,0.95,mountaincar,sparse
7,605,-1.0,200,0.002134542679414153,-1.0,0.0005045803263783455,0.0,DQN_RND,0.0005,0.95,mountaincar,sparse
7,606,-1.0,200,0.0021755921188741922,-1.0,0.000552198791410774,0.0,DQN_RND,0.0005,0.95,mountaincar,sparse
7,607,-1.0,200,0.004202599171549082,-1.0,0.000520416593644768,0.0,DQN_RND,0.0005,0.95,mountaincar,sparse
7,608,-1.0,200,0.008312408812344074,-1.0,0.0005781638901680708,0.0,DQN_RND,0.0005,0.95,mountaincar,sparse
7,609,-1.0,200,0.008566904813051224,-1.0,0.0005690984544344246,0.0,DQN_RND,0.0005,0.95,mountaincar,sparse
7,610,-1.0,200,0.00431969715282321,-1.0,0.0005647419020533562,0.0,DQN_RND,0.0005,0.95,mountaincar,sparse
7,611,-1.0,200,0.006302736699581146,-1.0,0.0005303311045281589,0.0,DQN_RND,0.0005,0.95,mountaincar,sparse
7,612,-1.0,200,0.00411984883248806,-1.0,0.0005195076810196042,0.0,DQN_RND,0.0005,0.95,mountaincar,sparse
7,613,-1.0,200,0.004132542293518782,-1.0,0.0005252824048511684,0.0,DQN_RND,0.0005,0.95,mountaincar,sparse
7,614,-1.0,200,0.014462578110396862,-1.0,0.0005185256013646722,0.0,DQN_RND,0.0005,0.95,mountaincar,sparse
7,615,-1.0,200,0.0040929908864200115,-1.0,0.0005512979696504772,0.0,DQN_RND,0.0005,0.95,mountaincar,sparse
7,616,-1.0,200,0.004217228852212429,-1.0,0.000515027204528451,0.0,DQN_RND,0.0005,0.95,mountaincar,sparse
7,617,-1.0,200,0.006348084658384323,-1.0,0.000544701237231493,0.0,DQN_RND,0.0005,0.95,mountaincar,sparse
7,618,-1.0,200,0.00209425063803792,-1.0,0.0006031614611856639,0.0,DQN_RND,0.0005,0.95,mountaincar,sparse
7,619,-1.0,200,0.0021131541579961777,-1.0,0.0005024304264225066,0.0,DQN_RND,0.0005,0.95,mountaincar,sparse
7,620,-1.0,200,0.004241897724568844,-1.0,0.0006299166707322001,0.0,DQN_RND,0.0005,0.95,mountaincar,sparse
7,621,-1.0,200,0.002072333125397563,-1.0,0.0005077204550616443,0.0,DQN_RND,0.0005,0.95,mountaincar,sparse
7,622,-1.0,200,0.006417679600417614,-1.0,0.0005875059869140387,0.0,DQN_RND,0.0005,0.95,mountaincar,sparse
7,623,-1.0,200,0.004176059737801552,-1.0,0.0005467116134241223,0.0,DQN_RND,0.0005,0.95,mountaincar,sparse
7,624,-1.0,200,4.2849078454310074e-05,-1.0,0.0005669060628861189,0.0,DQN_RND,0.0005,0.95,mountaincar,sparse
7,625,-1.0,200,0.004298169631510973,-1.0,0.0005390561418607831,0.0,DQN_RND,0.0005,0.95,mountaincar,sparse
7,626,-1.0,200,0.0021032262593507767,-1.0,0.0005529123591259122,0.0,DQN_RND,0.0005,0.95,mountaincar,sparse
7,627,-1.0,200,0.002093483228236437,-1.0,0.0005767072434537113,0.0,DQN_RND,0.0005,0.95,mountaincar,sparse
7,628,-1.0,200,0.012644808739423752,-1.0,0.0005221894825808704,0.0,DQN_RND,0.0005,0.95,mountaincar,sparse
7,629,-1.0,200,0.00417922530323267,-1.0,0.0005373310414142907,0.0,DQN_RND,0.0005,0.95,mountaincar,sparse
7,630,-1.0,200,0.006479183211922646,-1.0,0.0005614806432276964,0.0,DQN_RND,0.0005,0.95,mountaincar,sparse
7,631,-1.0,200,0.0062817917205393314,-1.0,0.0005164708127267659,0.0,DQN_RND,0.0005,0.95,mountaincar,sparse
7,632,-1.0,200,0.004258051980286837,-1.0,0.0004972338210791349,0.0,DQN_RND,0.0005,0.95,mountaincar,sparse
7,633,-1.0,200,0.00843144953250885,-1.0,0.000491193204652518,0.0,DQN_RND,0.0005,0.95,mountaincar,sparse
7,634,-1.0,200,0.0020700173918157816,-1.0,0.0005490071489475667,0.0,DQN_RND,0.0005,0.95,mountaincar,sparse
7,635,-1.0,200,0.004216550849378109,-1.0,0.0005543590523302555,0.0,DQN_RND,0.0005,0.95,mountaincar,sparse
7,636,-1.0,200,0.006316731683909893,-1.0,0.0005292579880915582,0.0,DQN_RND,0.0005,0.95,mountaincar,sparse
7,637,-1.0,200,0.0041062235832214355,-1.0,0.0005523468717001379,0.0,DQN_RND,0.0005,0.95,mountaincar,sparse
7,638,-1.0,200,0.006396194454282522,-1.0,0.0005518250982277095,0.0,DQN_RND,0.0005,0.95,mountaincar,sparse
7,639,-1.0,200,0.00854252465069294,-1.0,0.0005513259093277156,0.0,DQN_RND,0.0005,0.95,mountaincar,sparse
7,640,-1.0,200,0.008356695994734764,-1.0,0.0005490142502821982,0.0,DQN_RND,0.0005,0.95,mountaincar,sparse
7,641,-1.0,200,0.004119652323424816,-1.0,0.0005595504189841449,0.0,DQN_RND,0.0005,0.95,mountaincar,sparse
7,642,-1.0,200,0.0042042238637804985,-1.0,0.000557940686121583,0.0,DQN_RND,0.0005,0.95,mountaincar,sparse
7,643,-1.0,200,0.008257253095507622,-1.0,0.000554554455447942,0.0,DQN_RND,0.0005,0.95,mountaincar,sparse
7,644,-1.0,200,0.006320744752883911,-1.0,0.0005679319729097188,0.0,DQN_RND,0.0005,0.95,mountaincar,sparse
7,645,-1.0,200,0.0021763239055871964,-1.0,0.000533064070623368,0.0,DQN_RND,0.0005,0.95,mountaincar,sparse
7,646,-1.0,200,0.002130177104845643,-1.0,0.0005155627150088549,0.0,DQN_RND,0.0005,0.95,mountaincar,sparse
7,647,-1.0,200,0.008377680554986,-1.0,0.00048597759450785816,0.0,DQN_RND,0.0005,0.95,mountaincar,sparse
7,648,-1.0,200,0.010567637160420418,-1.0,0.0005123804439790547,0.0,DQN_RND,0.0005,0.95,mountaincar,sparse
7,649,-1.0,200,4.922788139083423e-05,-1.0,0.0004581538960337639,0.0,DQN_RND,0.0005,0.95,mountaincar,sparse
7,650,-1.0,200,0.010562377981841564,-1.0,0.0004989701556041837,0.0,DQN_RND,0.0005,0.95,mountaincar,sparse
7,651,-1.0,200,0.004282095935195684,-1.0,0.0005595171824097633,0.0,DQN_RND,0.0005,0.95,mountaincar,sparse
7,652,-1.0,200,0.00429165456444025,-1.0,0.0005002001998946071,0.0,DQN_RND,0.0005,0.95,mountaincar,sparse
7,653,-1.0,200,0.006287837866693735,-1.0,0.00052816909737885,0.0,DQN_RND,0.0005,0.95,mountaincar,sparse
7,654,-1.0,200,0.006292060017585754,-1.0,0.0005080479895696044,0.0,DQN_RND,0.0005,0.95,mountaincar,sparse
7,655,-1.0,200,0.004264314658939838,-1.0,0.0005441527464427054,0.0,DQN_RND,0.0005,0.95,mountaincar,sparse
7,656,-1.0,200,0.008344164118170738,-1.0,0.0005095457891002297,0.0,DQN_RND,0.0005,0.95,mountaincar,sparse
7,657,-1.0,200,0.002134930109605193,-1.0,0.0005486964946612716,0.0,DQN_RND,0.0005,0.95,mountaincar,sparse
7,658,-1.0,200,0.004299660213291645,-1.0,0.0005349089042283595,0.0,DQN_RND,0.0005,0.95,mountaincar,sparse
7,659,-1.0,200,3.6348985304357484e-05,-1.0,0.0005476354854181409,0.0,DQN_RND,0.0005,0.95,mountaincar,sparse
7,660,-1.0,200,0.004266179632395506,-1.0,0.0005340017378330231,0.0,DQN_RND,0.0005,0.95,mountaincar,sparse
7,661,-1.0,200,0.006327787414193153,-1.0,0.0005303337238729,0.0,DQN_RND,0.0005,0.95,mountaincar,sparse
7,662,-1.0,200,0.0042615593411028385,-1.0,0.0005095901433378458,0.0,DQN_RND,0.0005,0.95,mountaincar,sparse
7,663,-1.0,200,0.012411283329129219,-1.0,0.0005056351074017584,0.0,DQN_RND,0.0005,0.95,mountaincar,sparse
7,664,-1.0,200,0.004122000653296709,-1.0,0.0005666764336638153,0.0,DQN_RND,0.0005,0.95,mountaincar,sparse
7,665,-1.0,200,0.004163100849837065,-1.0,0.000575273297727108,0.0,DQN_RND,0.0005,0.95,mountaincar,sparse
7,666,-1.0,200,3.764548455365002e-05,-1.0,0.0005148332566022873,0.0,DQN_RND,0.0005,0.95,mountaincar,sparse
7,667,-1.0,200,3.622559961513616e-05,-1.0,0.0005183974863030016,0.0,DQN_RND,0.0005,0.95,mountaincar,sparse
7,668,-1.0,200,0.008336287923157215,-1.0,0.0005444501875899732,0.0,DQN_RND,0.0005,0.95,mountaincar,sparse
7,669,-1.0,200,3.189355993526988e-05,-1.0,0.0005345948738977313,0.0,DQN_RND,0.0005,0.95,mountaincar,sparse
7,670,-1.0,200,0.010550321079790592,-1.0,0.0004905885434709489,0.0,DQN_RND,0.0005,0.95,mountaincar,sparse
7,671,-1.0,200,0.0021745588164776564,-1.0,0.0005538903642445803,0.0,DQN_RND,0.0005,0.95,mountaincar,sparse
7,672,-1.0,200,0.004173950757831335,-1.0,0.0005170809454284608,0.0,DQN_RND,0.0005,0.95,mountaincar,sparse
7,673,-1.0,200,0.0021879267878830433,-1.0,0.0005149624776095152,0.0,DQN_RND,0.0005,0.95,mountaincar,sparse
7,674,-1.0,200,0.004322713240981102,-1.0,0.0005229127127677202,0.0,DQN_RND,0.0005,0.95,mountaincar,sparse
7,675,-1.0,200,0.008464772254228592,-1.0,0.0005086154560558498,0.0,DQN_RND,0.0005,0.95,mountaincar,sparse
7,676,-1.0,200,0.00417738314718008,-1.0,0.0005154715036042035,0.0,DQN_RND,0.0005,0.95,mountaincar,sparse
7,677,-1.0,200,0.008500752970576286,-1.0,0.00048813450848683715,0.0,DQN_RND,0.0005,0.95,mountaincar,sparse
7,678,-1.0,200,0.008281456306576729,-1.0,0.0004765668709296733,0.0,DQN_RND,0.0005,0.95,mountaincar,sparse
7,679,-1.0,200,0.006337976548820734,-1.0,0.000536549836397171,0.0,DQN_RND,0.0005,0.95,mountaincar,sparse
7,680,-1.0,200,0.002057015197351575,-1.0,0.0005580717115662992,0.0,DQN_RND,0.0005,0.95,mountaincar,sparse
7,681,-1.0,200,2.9872320737922564e-05,-1.0,0.0005026546423323452,0.0,DQN_RND,0.0005,0.95,mountaincar,sparse
7,682,-1.0,200,0.008338110521435738,-1.0,0.0005565377068705857,0.0,DQN_RND,0.0005,0.95,mountaincar,sparse
7,683,-1.0,200,0.004155136179178953,-1.0,0.0005536082317121327,0.0,DQN_RND,0.0005,0.95,mountaincar,sparse
7,684,-1.0,200,0.006310934200882912,-1.0,0.0004682930593844503,0.0,DQN_RND,0.0005,0.95,mountaincar,sparse
7,685,-1.0,200,0.002126198960468173,-1.0,0.0005179130239412189,0.0,DQN_RND,0.0005,0.95,mountaincar,sparse
7,686,-1.0,200,0.00417312839999795,-1.0,0.000543553673196584,0.0,DQN_RND,0.0005,0.95,mountaincar,sparse
7,687,-1.0,200,0.004125768318772316,-1.0,0.000512612983584404,0.0,DQN_RND,0.0005,0.95,mountaincar,sparse
7,688,-1.0,200,0.004308516625314951,-1.0,0.0005086440360173583,0.0,DQN_RND,0.0005,0.95,mountaincar,sparse
7,689,-1.0,200,0.004128608852624893,-1.0,0.0005449015297926962,0.0,DQN_RND,0.0005,0.95,mountaincar,sparse
7,690,-1.0,200,0.004158231895416975,-1.0,0.0004663643485400826,0.0,DQN_RND,0.0005,0.95,mountaincar,sparse
7,691,-1.0,200,0.0021161239128559828,-1.0,0.0005356214824132621,0.0,DQN_RND,0.0005,0.95,mountaincar,sparse
7,692,-1.0,200,0.0021008846815675497,-1.0,0.000528306991327554,0.0,DQN_RND,0.0005,0.95,mountaincar,sparse
7,693,-1.0,200,0.010480852797627449,-1.0,0.0004577823565341532,0.0,DQN_RND,0.0005,0.95,mountaincar,sparse
7,694,-1.0,200,0.006257037632167339,-1.0,0.00044094983604736626,0.0,DQN_RND,0.0005,0.95,mountaincar,sparse
7,695,-1.0,200,0.0020626038312911987,-1.0,0.00048218792653642595,0.0,DQN_RND,0.0005,0.95,mountaincar,sparse
7,696,-1.0,200,0.004181235563009977,-1.0,0.0005243473569862545,0.0,DQN_RND,0.0005,0.95,mountaincar,sparse
7,697,-1.0,200,0.010390457697212696,-1.0,0.0004924776148982346,0.0,DQN_RND,0.0005,0.95,mountaincar,sparse
7,698,-1.0,200,0.004220231436192989,-1.0,0.0005235602729953825,0.0,DQN_RND,0.0005,0.95,mountaincar,sparse
7,699,-1.0,200,0.002125298138707876,-1.0,0.0005031856126151979,0.0,DQN_RND,0.0005,0.95,mountaincar,sparse
7,700,-1.0,200,0.008352609351277351,-1.0,0.000537409505341202,0.0,DQN_RND,0.0005,0.95,mountaincar,sparse
7,701,-1.0,200,0.006358067039400339,-1.0,0.00045058695832267404,0.0,DQN_RND,0.0005,0.95,mountaincar,sparse
7,702,-1.0,200,0.002089973073452711,-1.0,0.0005123604205437005,0.0,DQN_RND,0.0005,0.95,mountaincar,sparse
7,703,-1.0,200,0.004180654883384705,-1.0,0.0005418836371973157,0.0,DQN_RND,0.0005,0.95,mountaincar,sparse
7,704,-1.0,200,0.004140328615903854,-1.0,0.0004840788897126913,0.0,DQN_RND,0.0005,0.95,mountaincar,sparse
7,705,-1.0,200,0.004322945140302181,-1.0,0.0005117079126648605,0.0,DQN_RND,0.0005,0.95,mountaincar,sparse
7,706,-1.0,200,0.008319482207298279,-1.0,0.0005263292114250362,0.0,DQN_RND,0.0005,0.95,mountaincar,sparse
7,707,-1.0,200,0.006325922906398773,-1.0,0.0005529861664399505,0.0,DQN_RND,0.0005,0.95,mountaincar,sparse
7,708,-1.0,200,0.010296452790498734,-1.0,0.0005023207631893456,0.0,DQN_RND,0.0005,0.95,mountaincar,sparse
7,709,-1.0,200,0.004109982866793871,-1.0,0.0005351761938072741,0.0,DQN_RND,0.0005,0.95,mountaincar,sparse
7,710,-1.0,200,0.010266712866723537,-1.0,0.0005558085977099836,0.0,DQN_RND,0.0005,0.95,mountaincar,sparse
7,711,-1.0,200,0.008428571745753288,-1.0,0.000550225202459842,0.0,DQN_RND,0.0005,0.95,mountaincar,sparse
7,712,-1.0,200,0.006247433368116617,-1.0,0.0004989159642718732,0.0,DQN_RND,0.0005,0.95,mountaincar,sparse
7,713,-1.0,200,0.002080268692225218,-1.0,0.0005072990898042917,0.0,DQN_RND,0.0005,0.95,mountaincar,sparse
7,714,-1.0,200,0.006328596733510494,-1.0,0.000563429668545723,0.0,DQN_RND,0.0005,0.95,mountaincar,sparse
7,715,-1.0,200,0.012347506359219551,-1.0,0.0005186711787246168,0.0,DQN_RND,0.0005,0.95,mountaincar,sparse
7,716,-1.0,200,0.008421247825026512,-1.0,0.0005007169093005359,0.0,DQN_RND,0.0005,0.95,mountaincar,sparse
7,717,-1.0,200,0.004291728138923645,-1.0,0.0005521401180885732,0.0,DQN_RND,0.0005,0.95,mountaincar,sparse
7,718,-1.0,200,0.0020837984047830105,-1.0,0.0005257467273622751,0.0,DQN_RND,0.0005,0.95,mountaincar,sparse
7,719,-1.0,200,0.0082706268876791,-1.0,0.0004895503516308963,0.0,DQN_RND,0.0005,0.95,mountaincar,sparse
7,720,-1.0,200,0.012459252960979939,-1.0,0.0005056025111116469,0.0,DQN_RND,0.0005,0.95,mountaincar,sparse
7,721,-1.0,200,0.0041133938357234,-1.0,0.0005270210676826537,0.0,DQN_RND,0.0005,0.95,mountaincar,sparse
7,722,-1.0,200,0.004174782428890467,-1.0,0.0005275068106129766,0.0,DQN_RND,0.0005,0.95,mountaincar,sparse
7,723,-1.0,200,2.0929950551362708e-05,-1.0,0.0005342457443475723,0.0,DQN_RND,0.0005,0.95,mountaincar,sparse
7,724,-1.0,200,0.010362880304455757,-1.0,0.0005395463667809963,0.0,DQN_RND,0.0005,0.95,mountaincar,sparse
7,725,-1.0,200,0.014554525725543499,-1.0,0.00048827839782461524,0.0,DQN_RND,0.0005,0.95,mountaincar,sparse
7,726,-1.0,200,0.0021151243709027767,-1.0,0.00047715898836031556,0.0,DQN_RND,0.0005,0.95,mountaincar,sparse
7,727,-1.0,200,0.010373514145612717,-1.0,0.000492215040139854,0.0,DQN_RND,0.0005,0.95,mountaincar,sparse
7,728,-1.0,200,0.006224379874765873,-1.0,0.0005207964568398893,0.0,DQN_RND,0.0005,0.95,mountaincar,sparse
7,729,-1.0,200,0.00417242432013154,-1.0,0.0005296723684296012,0.0,DQN_RND,0.0005,0.95,mountaincar,sparse
7,730,-1.0,200,0.008189806714653969,-1.0,0.0005014949128963053,0.0,DQN_RND,0.0005,0.95,mountaincar,sparse
7,731,-1.0,200,0.0020755950827151537,-1.0,0.0005246847867965698,0.0,DQN_RND,0.0005,0.95,mountaincar,sparse
7,732,-1.0,200,0.012504656799137592,-1.0,0.000519082008395344,0.0,DQN_RND,0.0005,0.95,mountaincar,sparse
7,733,-1.0,200,0.00620914064347744,-1.0,0.0004608453018590808,0.0,DQN_RND,0.0005,0.95,mountaincar,sparse
7,734,-1.0,200,0.006243260111659765,-1.0,0.0004803804913535714,0.0,DQN_RND,0.0005,0.95,mountaincar,sparse
7,735,-1.0,200,0.004110278096050024,-1.0,0.0004698396078310907,0.0,DQN_RND,0.0005,0.95,mountaincar,sparse
7,736,-1.0,200,0.006201817654073238,-1.0,0.0005463195848278701,0.0,DQN_RND,0.0005,0.95,mountaincar,sparse
7,737,-1.0,200,0.006352520547807217,-1.0,0.0005312654539011419,0.0,DQN_RND,0.0005,0.95,mountaincar,sparse
7,738,-1.0,200,0.0021157499868422747,-1.0,0.0004347359645180404,0.0,DQN_RND,0.0005,0.95,mountaincar,sparse
7,739,-1.0,200,0.010350952856242657,-1.0,0.0005424105911515653,0.0,DQN_RND,0.0005,0.95,mountaincar,sparse
7,740,-1.0,200,0.00623171404004097,-1.0,0.0005342551739886403,0.0,DQN_RND,0.0005,0.95,mountaincar,sparse
7,741,-1.0,200,1.7419202777091414e-05,-1.0,0.0005827377899549901,0.0,DQN_RND,0.0005,0.95,mountaincar,sparse
7,742,-1.0,200,0.004178578965365887,-1.0,0.0005128167103976011,0.0,DQN_RND,0.0005,0.95,mountaincar,sparse
7,743,-1.0,200,0.0020710662938654423,-1.0,0.0005483514396473765,0.0,DQN_RND,0.0005,0.95,mountaincar,sparse
7,744,-1.0,200,0.002086465246975422,-1.0,0.0005198160652071238,0.0,DQN_RND,0.0005,0.95,mountaincar,sparse
7,745,-1.0,200,0.004233415704220533,-1.0,0.0005644523771479726,0.0,DQN_RND,0.0005,0.95,mountaincar,sparse
7,746,-1.0,200,0.0041397735476493835,-1.0,0.0004750354855787009,0.0,DQN_RND,0.0005,0.95,mountaincar,sparse
7,747,-1.0,200,0.006223512347787619,-1.0,0.0005516709061339498,0.0,DQN_RND,0.0005,0.95,mountaincar,sparse
7,748,-1.0,200,0.008309728465974331,-1.0,0.00047642094432376325,0.0,DQN_RND,0.0005,0.95,mountaincar,sparse
7,749,-1.0,200,0.0061826216988265514,-1.0,0.0005206711357459426,0.0,DQN_RND,0.0005,0.95,mountaincar,sparse
7,750,-1.0,200,0.008247926831245422,-1.0,0.0005084951408207417,0.0,DQN_RND,0.0005,0.95,mountaincar,sparse
7,751,-1.0,200,0.00209679058752954,-1.0,0.00045372481690719724,0.0,DQN_RND,0.0005,0.95,mountaincar,sparse
7,752,-1.0,200,2.4933840904850513e-05,-1.0,0.0005182052263990045,0.0,DQN_RND,0.0005,0.95,mountaincar,sparse
7,753,-1.0,200,0.008310684002935886,-1.0,0.0005212844698689878,0.0,DQN_RND,0.0005,0.95,mountaincar,sparse
7,754,-1.0,200,0.012537495233118534,-1.0,0.0005449309828691185,0.0,DQN_RND,0.0005,0.95,mountaincar,sparse
7,755,-1.0,200,0.002098947297781706,-1.0,0.00048723776126280427,0.0,DQN_RND,0.0005,0.95,mountaincar,sparse
7,756,-1.0,200,0.0020939272362738848,-1.0,0.0005079834372736514,0.0,DQN_RND,0.0005,0.95,mountaincar,sparse
7,757,-1.0,200,0.004164703190326691,-1.0,0.0005163847818039358,0.0,DQN_RND,0.0005,0.95,mountaincar,sparse
7,758,-1.0,200,0.008359693922102451,-1.0,0.0005183087778277695,0.0,DQN_RND,0.0005,0.95,mountaincar,sparse
7,759,-1.0,200,0.010417665354907513,-1.0,0.0005308623658493161,0.0,DQN_RND,0.0005,0.95,mountaincar,sparse
7,760,-1.0,200,0.004092313814908266,-1.0,0.00048122741281986237,0.0,DQN_RND,0.0005,0.95,mountaincar,sparse
7,761,-1.0,200,0.0021178130991756916,-1.0,0.0005590096116065979,0.0,DQN_RND,0.0005,0.95,mountaincar,sparse
7,762,-1.0,200,0.006209259852766991,-1.0,0.00044862795039080083,0.0,DQN_RND,0.0005,0.95,mountaincar,sparse
7,763,-1.0,200,0.004196648020297289,-1.0,0.0005095189553685486,0.0,DQN_RND,0.0005,0.95,mountaincar,sparse
7,764,-1.0,200,0.00828557275235653,-1.0,0.0004786903446074575,0.0,DQN_RND,0.0005,0.95,mountaincar,sparse
7,765,-1.0,200,0.006284071132540703,-1.0,0.000543602101970464,0.0,DQN_RND,0.0005,0.95,mountaincar,sparse
7,766,-1.0,200,0.002085334388539195,-1.0,0.0004898156621493399,0.0,DQN_RND,0.0005,0.95,mountaincar,sparse
7,767,-1.0,200,0.0042226058430969715,-1.0,0.000499241694342345,0.0,DQN_RND,0.0005,0.95,mountaincar,sparse
7,768,-1.0,200,0.004177980590611696,-1.0,0.000517688924446702,0.0,DQN_RND,0.0005,0.95,mountaincar,sparse
7,769,-1.0,200,0.0083199143409729,-1.0,0.0003856265975628048,0.0,DQN_RND,0.0005,0.95,mountaincar,sparse
7,770,-1.0,200,0.004217291250824928,-1.0,0.0004895110032521188,0.0,DQN_RND,0.0005,0.95,mountaincar,sparse
7,771,-1.0,200,0.006187031045556068,-1.0,0.000453871936770156,0.0,DQN_RND,0.0005,0.95,mountaincar,sparse
7,772,-1.0,200,0.004188028629869223,-1.0,0.0005251239635981619,0.0,DQN_RND,0.0005,0.95,mountaincar,sparse
7,773,-1.0,200,1.555287599330768e-05,-1.0,0.0004670320777222514,0.0,DQN_RND,0.0005,0.95,mountaincar,sparse
7,774,-1.0,200,0.006230073049664497,-1.0,0.0004795223649125546,0.0,DQN_RND,0.0005,0.95,mountaincar,sparse
7,775,-1.0,200,0.0020672150421887636,-1.0,0.00044478211202658713,0.0,DQN_RND,0.0005,0.95,mountaincar,sparse
7,776,-1.0,200,0.006255608983337879,-1.0,0.00046090479008853436,0.0,DQN_RND,0.0005,0.95,mountaincar,sparse
7,777,-1.0,200,0.004197527188807726,-1.0,0.0004961878294125199,0.0,DQN_RND,0.0005,0.95,mountaincar,sparse
7,778,-1.0,200,0.002136324532330036,-1.0,0.0004838522872887552,0.0,DQN_RND,0.0005,0.95,mountaincar,sparse
7,779,-1.0,200,0.002154378918930888,-1.0,0.0005410285084508359,0.0,DQN_RND,0.0005,0.95,mountaincar,sparse
7,780,-1.0,200,0.00623814482241869,-1.0,0.0004877815372310579,0.0,DQN_RND,0.0005,0.95,mountaincar,sparse
7,781,-1.0,200,1.7356818716507405e-05,-1.0,0.000501457427162677,0.0,DQN_RND,0.0005,0.95,mountaincar,sparse
7,782,-1.0,200,0.006119399331510067,-1.0,0.000467089208541438,0.0,DQN_RND,0.0005,0.95,mountaincar,sparse
7,783,-1.0,200,0.0020944566931575537,-1.0,0.0005273018614389002,0.0,DQN_RND,0.0005,0.95,mountaincar,sparse
7,784,-1.0,200,1.3939154086983763e-05,-1.0,0.000501723145134747,0.0,DQN_RND,0.0005,0.95,mountaincar,sparse
7,785,-1.0,200,0.0041434308513998985,-1.0,0.0004616442311089486,0.0,DQN_RND,0.0005,0.95,mountaincar,sparse
7,786,-1.0,200,0.0020385324023663998,-1.0,0.0004928637063130736,0.0,DQN_RND,0.0005,0.95,mountaincar,sparse
7,787,-1.0,200,0.006263304967433214,-1.0,0.0005535689415410161,0.0,DQN_RND,0.0005,0.95,mountaincar,sparse
7,788,-1.0,200,0.004256105050444603,-1.0,0.0004605572612490505,0.0,DQN_RND,0.0005,0.95,mountaincar,sparse
7,789,-1.0,200,0.008220729418098927,-1.0,0.0004757966671604663,0.0,DQN_RND,0.0005,0.95,mountaincar,sparse
7,790,-1.0,200,0.006200006231665611,-1.0,0.00046649962314404547,0.0,DQN_RND,0.0005,0.95,mountaincar,sparse
7,791,-1.0,200,0.0060994382947683334,-1.0,0.0004224652366247028,0.0,DQN_RND,0.0005,0.95,mountaincar,sparse
7,792,-1.0,200,0.006157116033136845,-1.0,0.0005033478373661637,0.0,DQN_RND,0.0005,0.95,mountaincar,sparse
7,793,-1.0,200,0.00620510708540678,-1.0,0.00045490910997614264,0.0,DQN_RND,0.0005,0.95,mountaincar,sparse
7,794,-1.0,200,0.0021231677383184433,-1.0,0.000559724576305598,0.0,DQN_RND,0.0005,0.95,mountaincar,sparse
7,795,-1.0,200,0.00412763049826026,-1.0,0.00047185143921524286,0.0,DQN_RND,0.0005,0.95,mountaincar,sparse
7,796,-1.0,200,0.002127181040123105,-1.0,0.00047246902249753475,0.0,DQN_RND,0.0005,0.95,mountaincar,sparse
7,797,-1.0,200,1.4435570847126655e-05,-1.0,0.0004895288147963583,0.0,DQN_RND,0.0005,0.95,mountaincar,sparse
7,798,-1.0,200,0.0021339557133615017,-1.0,0.0004885115195065737,0.0,DQN_RND,0.0005,0.95,mountaincar,sparse
7,799,-1.0,200,0.00621845293790102,-1.0,0.00048072144272737205,0.0,DQN_RND,0.0005,0.95,mountaincar,sparse
7,800,-1.0,200,0.004124403931200504,-1.0,0.00047852456918917596,0.0,DQN_RND,0.0005,0.95,mountaincar,sparse
7,801,-1.0,200,0.006328600458800793,-1.0,0.0005053030326962471,0.0,DQN_RND,0.0005,0.95,mountaincar,sparse
7,802,-1.0,200,0.0062567368149757385,-1.0,0.000532683334313333,0.0,DQN_RND,0.0005,0.95,mountaincar,sparse
7,803,-1.0,200,0.004107427317649126,-1.0,0.0004651628260035068,0.0,DQN_RND,0.0005,0.95,mountaincar,sparse
7,804,-1.0,200,0.010301223956048489,-1.0,0.00047763242037035525,0.0,DQN_RND,0.0005,0.95,mountaincar,sparse
7,805,-1.0,200,0.0020808337721973658,-1.0,0.0005262759514153004,0.0,DQN_RND,0.0005,0.95,mountaincar,sparse
7,806,-1.0,200,1.5093673937371932e-05,-1.0,0.000545787625014782,0.0,DQN_RND,0.0005,0.95,mountaincar,sparse
7,807,-1.0,200,0.004131459165364504,-1.0,0.0004916850011795759,0.0,DQN_RND,0.0005,0.95,mountaincar,sparse
7,808,-1.0,200,0.006200372241437435,-1.0,0.0005098634283058345,0.0,DQN_RND,0.0005,0.95,mountaincar,sparse
7,809,-1.0,200,0.016555819660425186,-1.0,0.0005390327423810959,0.0,DQN_RND,0.0005,0.95,mountaincar,sparse
7,810,-1.0,200,1.3093625966575928e-05,-1.0,0.00043208248098380864,0.0,DQN_RND,0.0005,0.95,mountaincar,sparse
7,811,-1.0,200,0.006115587428212166,-1.0,0.0005463850102387369,0.0,DQN_RND,0.0005,0.95,mountaincar,sparse
7,812,-1.0,200,0.002063786145299673,-1.0,0.0004512169980444014,0.0,DQN_RND,0.0005,0.95,mountaincar,sparse
7,813,-1.0,200,0.008237131871283054,-1.0,0.00048523288569413126,0.0,DQN_RND,0.0005,0.95,mountaincar,sparse
7,814,-1.0,200,0.006226472556591034,-1.0,0.0004826023359782994,0.0,DQN_RND,0.0005,0.95,mountaincar,sparse
7,815,-1.0,200,0.0020418097265064716,-1.0,0.00044237670954316854,0.0,DQN_RND,0.0005,0.95,mountaincar,sparse
7,816,-1.0,200,0.002111607464030385,-1.0,0.0004700678982771933,0.0,DQN_RND,0.0005,0.95,mountaincar,sparse
7,817,-1.0,200,0.004168851301074028,-1.0,0.0004990947782061994,0.0,DQN_RND,0.0005,0.95,mountaincar,sparse
7,818,-1.0,200,0.0021017666440457106,-1.0,0.0004632470663636923,0.0,DQN_RND,0.0005,0.95,mountaincar,sparse
7,819,-1.0,200,0.002089433604851365,-1.0,0.0005200664163567126,0.0,DQN_RND,0.0005,0.95,mountaincar,sparse
7,820,-1.0,200,0.010342223569750786,-1.0,0.00044976192293688655,0.0,DQN_RND,0.0005,0.95,mountaincar,sparse
7,821,-1.0,200,0.008301296271383762,-1.0,0.0005480171530507505,0.0,DQN_RND,0.0005,0.95,mountaincar,sparse
7,822,-1.0,200,0.0041455295868217945,-1.0,0.00046724246931262314,0.0,DQN_RND,0.0005,0.95,mountaincar,sparse
7,823,-1.0,200,0.004061135463416576,-1.0,0.0005129451164975762,0.0,DQN_RND,0.0005,0.95,mountaincar,sparse
7,824,-1.0,200,0.0041715106926858425,-1.0,0.0004795115673914552,0.0,DQN_RND,0.0005,0.95,mountaincar,sparse
7,825,-1.0,200,0.0020805438980460167,-1.0,0.00048583379248157144,0.0,DQN_RND,0.0005,0.95,mountaincar,sparse
7,826,-1.0,200,0.0020883006509393454,-1.0,0.0004923743545077741,0.0,DQN_RND,0.0005,0.95,mountaincar,sparse
7,827,-1.0,200,0.004137979354709387,-1.0,0.0004659867554437369,0.0,DQN_RND,0.0005,0.95,mountaincar,sparse
7,828,-1.0,200,0.006254228763282299,-1.0,0.0004514696483965963,0.0,DQN_RND,0.0005,0.95,mountaincar,sparse
7,829,-1.0,200,0.00410725362598896,-1.0,0.0004842464404646307,0.0,DQN_RND,0.0005,0.95,mountaincar,sparse
7,830,-1.0,200,0.0041478644125163555,-1.0,0.0005174159305170178,0.0,DQN_RND,0.0005,0.95,mountaincar,sparse
7,831,-1.0,200,0.004212747793644667,-1.0,0.0004925040411762893,0.0,DQN_RND,0.0005,0.95,mountaincar,sparse
7,832,-1.0,200,0.0020689780358225107,-1.0,0.0005007270374335349,0.0,DQN_RND,0.0005,0.95,mountaincar,sparse
7,833,-1.0,200,0.0041947332210838795,-1.0,0.0004617570375557989,0.0,DQN_RND,0.0005,0.95,mountaincar,sparse
7,834,-1.0,200,0.008279829286038876,-1.0,0.00048280879855155945,0.0,DQN_RND,0.0005,0.95,mountaincar,sparse
7,835,-1.0,200,0.006273806095123291,-1.0,0.00044182169949635863,0.0,DQN_RND,0.0005,0.95,mountaincar,sparse
7,836,-1.0,200,0.002083074999973178,-1.0,0.0004547603602986783,0.0,DQN_RND,0.0005,0.95,mountaincar,sparse
7,837,-1.0,200,0.006217427551746368,-1.0,0.0005457170773297548,0.0,DQN_RND,0.0005,0.95,mountaincar,sparse
7,838,-1.0,200,0.0020320352632552385,-1.0,0.00045894141658209264,0.0,DQN_RND,0.0005,0.95,mountaincar,sparse
7,839,-1.0,200,0.006190817337483168,-1.0,0.000463233474874869,0.0,DQN_RND,0.0005,0.95,mountaincar,sparse
7,840,-1.0,200,0.004111643880605698,-1.0,0.00043980084592476487,0.0,DQN_RND,0.0005,0.95,mountaincar,sparse
7,841,-1.0,200,0.00417976314201951,-1.0,0.0004576156206894666,0.0,DQN_RND,0.0005,0.95,mountaincar,sparse
7,842,-1.0,200,0.006283125374466181,-1.0,0.0004957215278409421,0.0,DQN_RND,0.0005,0.95,mountaincar,sparse
7,843,-1.0,200,1.2982055523025338e-05,-1.0,0.00045235879952088,0.0,DQN_RND,0.0005,0.95,mountaincar,sparse
7,844,-1.0,200,0.006163294892758131,-1.0,0.00033523718593642116,0.0,DQN_RND,0.0005,0.95,mountaincar,sparse
7,845,-1.0,200,0.0020330490078777075,-1.0,0.0004814188869204372,0.0,DQN_RND,0.0005,0.95,mountaincar,sparse
7,846,-1.0,200,0.002130931243300438,-1.0,0.00048602366587147117,0.0,DQN_RND,0.0005,0.95,mountaincar,sparse
7,847,-1.0,200,0.004122579004615545,-1.0,0.0005339551717042923,0.0,DQN_RND,0.0005,0.95,mountaincar,sparse
7,848,-1.0,200,0.008157113566994667,-1.0,0.0004848459211643785,0.0,DQN_RND,0.0005,0.95,mountaincar,sparse
7,849,-1.0,200,0.00413556769490242,-1.0,0.0005255417781881988,0.0,DQN_RND,0.0005,0.95,mountaincar,sparse
7,850,-1.0,200,0.0042154197581112385,-1.0,0.000513416132889688,0.0,DQN_RND,0.0005,0.95,mountaincar,sparse
7,851,-1.0,200,0.0102393738925457,-1.0,0.0004542730748653412,0.0,DQN_RND,0.0005,0.95,mountaincar,sparse
7,852,-1.0,200,0.0061409976333379745,-1.0,0.0003801239072345197,0.0,DQN_RND,0.0005,0.95,mountaincar,sparse
7,853,-1.0,200,0.008286326192319393,-1.0,0.0004574704507831484,0.0,DQN_RND,0.0005,0.95,mountaincar,sparse
7,854,-1.0,200,0.004143314901739359,-1.0,0.000540606677532196,0.0,DQN_RND,0.0005,0.95,mountaincar,sparse
7,855,-1.0,200,0.006255319807678461,-1.0,0.00034874986158683896,0.0,DQN_RND,0.0005,0.95,mountaincar,sparse
7,856,-1.0,200,0.004135009832680225,-1.0,0.00037794761010445654,0.0,DQN_RND,0.0005,0.95,mountaincar,sparse
7,857,-1.0,200,0.008248799480497837,-1.0,0.0004899047198705375,0.0,DQN_RND,0.0005,0.95,mountaincar,sparse
7,858,-1.0,200,0.008266108110547066,-1.0,0.0004663045983761549,0.0,DQN_RND,0.0005,0.95,mountaincar,sparse
7,859,-1.0,200,0.00623829523101449,-1.0,0.0004310084041208029,0.0,DQN_RND,0.0005,0.95,mountaincar,sparse
7,860,-1.0,200,0.002037040190771222,-1.0,0.00046669028233736753,0.0,DQN_RND,0.0005,0.95,mountaincar,sparse
7,861,-1.0,200,9.963675438484643e-06,-1.0,0.00044423682265914977,0.0,DQN_RND,0.0005,0.95,mountaincar,sparse
7,862,-1.0,200,0.004146909806877375,-1.0,0.000367191678378731,0.0,DQN_RND,0.0005,0.95,mountaincar,sparse
7,863,-1.0,200,0.010200563818216324,-1.0,0.0003845129394903779,0.0,DQN_RND,0.0005,0.95,mountaincar,sparse
7,864,-1.0,200,0.010400812141597271,-1.0,0.0004824916832149029,0.0,DQN_RND,0.0005,0.95,mountaincar,sparse
7,865,-1.0,200,0.002097604563459754,-1.0,0.0003897925780620426,0.0,DQN_RND,0.0005,0.95,mountaincar,sparse
7,866,-1.0,200,0.010283255018293858,-1.0,0.00034293788485229015,0.0,DQN_RND,0.0005,0.95,mountaincar,sparse
7,867,-1.0,200,0.008265722543001175,-1.0,0.0004399473255034536,0.0,DQN_RND,0.0005,0.95,mountaincar,sparse
7,868,-1.0,200,0.004131805617362261,-1.0,0.0003808082838077098,0.0,DQN_RND,0.0005,0.95,mountaincar,sparse
7,869,-1.0,200,0.0020707875955849886,-1.0,0.0004441414785105735,0.0,DQN_RND,0.0005,0.95,mountaincar,sparse
7,870,-1.0,200,0.008163980208337307,-1.0,0.0004423889040481299,0.0,DQN_RND,0.0005,0.95,mountaincar,sparse
7,871,-1.0,200,0.0020765759982168674,-1.0,0.0004515523323789239,0.0,DQN_RND,0.0005,0.95,mountaincar,sparse
7,872,-1.0,200,0.00417502224445343,-1.0,0.0003566788509488106,0.0,DQN_RND,0.0005,0.95,mountaincar,sparse
7,873,-1.0,200,0.004146191291511059,-1.0,0.0005110168131068349,0.0,DQN_RND,0.0005,0.95,mountaincar,sparse
7,874,-1.0,200,0.006324492394924164,-1.0,0.00048264680663123727,0.0,DQN_RND,0.0005,0.95,mountaincar,sparse
7,875,-1.0,200,7.666405508643948e-06,-1.0,0.000447246857220307,0.0,DQN_RND,0.0005,0.95,mountaincar,sparse
7,876,-1.0,200,0.004181318450719118,-1.0,0.0004598496307153255,0.0,DQN_RND,0.0005,0.95,mountaincar,sparse
7,877,-1.0,200,0.004116938449442387,-1.0,0.000440888135926798,0.0,DQN_RND,0.0005,0.95,mountaincar,sparse
7,878,-1.0,200,0.0062106940895318985,-1.0,0.00031916756415739655,0.0,DQN_RND,0.0005,0.95,mountaincar,sparse
7,879,-1.0,200,0.004082797095179558,-1.0,0.0004714518436230719,0.0,DQN_RND,0.0005,0.95,mountaincar,sparse
7,880,-1.0,200,8.133361916407011e-06,-1.0,0.0004369059461168945,0.0,DQN_RND,0.0005,0.95,mountaincar,sparse
7,881,-1.0,200,0.002040853723883629,-1.0,0.0004373749252408743,0.0,DQN_RND,0.0005,0.95,mountaincar,sparse
7,882,-1.0,200,0.006110764108598232,-1.0,0.0005045844591222703,0.0,DQN_RND,0.0005,0.95,mountaincar,sparse
7,883,-1.0,200,0.004101867321878672,-1.0,0.0004553073667921126,0.0,DQN_RND,0.0005,0.95,mountaincar,sparse
7,884,-1.0,200,0.008236965164542198,-1.0,0.00042439164826646447,0.0,DQN_RND,0.0005,0.95,mountaincar,sparse
7,885,-1.0,200,0.016545487567782402,-1.0,0.00034301733830943704,0.0,DQN_RND,0.0005,0.95,mountaincar,sparse
7,886,-1.0,200,0.006163652054965496,-1.0,0.000506451993715018,0.0,DQN_RND,0.0005,0.95,mountaincar,sparse
7,887,-1.0,200,0.002069882582873106,-1.0,0.00039624283090233803,0.0,DQN_RND,0.0005,0.95,mountaincar,sparse
7,888,-1.0,200,0.0041120643727481365,-1.0,0.00036644155625253916,0.0,DQN_RND,0.0005,0.95,mountaincar,sparse
7,889,-1.0,200,0.006124609615653753,-1.0,0.0004666102468036115,0.0,DQN_RND,0.0005,0.95,mountaincar,sparse
7,890,-1.0,200,0.004170993808656931,-1.0,0.00037021967000328004,0.0,DQN_RND,0.0005,0.95,mountaincar,sparse
7,891,-1.0,200,0.0020459534134715796,-1.0,0.0002795871696434915,0.0,DQN_RND,0.0005,0.95,mountaincar,sparse
7,892,-1.0,200,0.008260181173682213,-1.0,0.00039953264058567584,0.0,DQN_RND,0.0005,0.95,mountaincar,sparse
7,893,-1.0,200,0.00409682746976614,-1.0,0.00042771565495058894,0.0,DQN_RND,0.0005,0.95,mountaincar,sparse
7,894,-1.0,200,0.004148871637880802,-1.0,0.00045256424346007407,0.0,DQN_RND,0.0005,0.95,mountaincar,sparse
7,895,-1.0,200,0.004172028973698616,-1.0,0.00032676628325134516,0.0,DQN_RND,0.0005,0.95,mountaincar,sparse
7,896,-1.0,200,0.0142491664737463,-1.0,0.0004858005268033594,0.0,DQN_RND,0.0005,0.95,mountaincar,sparse
7,897,-1.0,200,4.696493761002785e-06,-1.0,0.0004448964027687907,0.0,DQN_RND,0.0005,0.95,mountaincar,sparse
7,898,-1.0,200,0.008341949433088303,-1.0,0.0004122078826185316,0.0,DQN_RND,0.0005,0.95,mountaincar,sparse
7,899,-1.0,200,0.00828012079000473,-1.0,0.0004490030696615577,0.0,DQN_RND,0.0005,0.95,mountaincar,sparse
7,900,-1.0,200,0.0041090818122029305,-1.0,0.00041122554102912545,0.0,DQN_RND,0.0005,0.95,mountaincar,sparse
7,901,-1.0,200,0.004129030276089907,-1.0,0.0004947813577018678,0.0,DQN_RND,0.0005,0.95,mountaincar,sparse
7,902,-1.0,200,0.008351078256964684,-1.0,0.00042916584061458707,0.0,DQN_RND,0.0005,0.95,mountaincar,sparse
7,903,-1.0,200,0.004152039065957069,-1.0,0.0005173271056264639,0.0,DQN_RND,0.0005,0.95,mountaincar,sparse
7,904,-1.0,200,0.0041252803057432175,-1.0,0.0003788036701735109,0.0,DQN_RND,0.0005,0.95,mountaincar,sparse
7,905,-1.0,200,0.006132687442004681,-1.0,0.0002704528160393238,0.0,DQN_RND,0.0005,0.95,mountaincar,sparse
7,906,-1.0,200,0.006235912442207336,-1.0,0.0004761067684739828,0.0,DQN_RND,0.0005,0.95,mountaincar,sparse
7,907,-1.0,200,0.0081608472391963,-1.0,0.00047484057722613215,0.0,DQN_RND,0.0005,0.95,mountaincar,sparse
7,908,-1.0,200,0.008256558328866959,-1.0,0.00028930653934367,0.0,DQN_RND,0.0005,0.95,mountaincar,sparse
7,909,-1.0,200,0.001999711152166128,-1.0,0.00028174533508718014,0.0,DQN_RND,0.0005,0.95,mountaincar,sparse
7,910,-1.0,200,0.0021538313012570143,-1.0,0.00039602615288458765,0.0,DQN_RND,0.0005,0.95,mountaincar,sparse
7,911,-1.0,200,0.006270482670515776,-1.0,0.00044127399451099336,0.0,DQN_RND,0.0005,0.95,mountaincar,sparse
7,912,-1.0,200,0.004124902654439211,-1.0,0.0004599377862177789,0.0,DQN_RND,0.0005,0.95,mountaincar,sparse
7,913,-1.0,200,0.0020715915597975254,-1.0,0.00026091650943271816,0.0,DQN_RND,0.0005,0.95,mountaincar,sparse
7,914,-1.0,200,0.0020477173384279013,-1.0,0.0002892900083679706,0.0,DQN_RND,0.0005,0.95,mountaincar,sparse
7,915,-1.0,200,0.008239406161010265,-1.0,0.0003634965978562832,0.0,DQN_RND,0.0005,0.95,mountaincar,sparse
7,916,-1.0,200,0.006175878457725048,-1.0,0.0004000933258794248,0.0,DQN_RND,0.0005,0.95,mountaincar,sparse
7,917,-1.0,200,0.00618828134611249,-1.0,0.0002973989467136562,0.0,DQN_RND,0.0005,0.95,mountaincar,sparse
7,918,-1.0,200,0.008246244862675667,-1.0,0.0004258546978235245,0.0,DQN_RND,0.0005,0.95,mountaincar,sparse
7,919,-1.0,200,0.0020428139250725508,-1.0,0.00042552908416837454,0.0,DQN_RND,0.0005,0.95,mountaincar,sparse
7,920,-1.0,200,0.0020325160585343838,-1.0,0.0005069008911959827,0.0,DQN_RND,0.0005,0.95,mountaincar,sparse
7,921,-1.0,200,6.0646470956271514e-06,-1.0,0.000494835083372891,0.0,DQN_RND,0.0005,0.95,mountaincar,sparse
7,922,-1.0,200,0.010300356894731522,-1.0,0.0004511576844379306,0.0,DQN_RND,0.0005,0.95,mountaincar,sparse
7,923,-1.0,200,0.004068414680659771,-1.0,0.0002928522299043834,0.0,DQN_RND,0.0005,0.95,mountaincar,sparse
7,924,-1.0,200,0.004072661977261305,-1.0,0.0002777932968456298,0.0,DQN_RND,0.0005,0.95,mountaincar,sparse
7,925,-1.0,200,0.008047949522733688,-1.0,0.0002829924924299121,0.0,DQN_RND,0.0005,0.95,mountaincar,sparse
7,926,-1.0,200,0.0041818697936832905,-1.0,0.00032196647953242064,0.0,DQN_RND,0.0005,0.95,mountaincar,sparse
7,927,-1.0,200,0.004123704042285681,-1.0,0.00046196251059882343,0.0,DQN_RND,0.0005,0.95,mountaincar,sparse
7,928,-1.0,200,0.0041009727865457535,-1.0,0.00037224648986011744,0.0,DQN_RND,0.0005,0.95,mountaincar,sparse
7,929,-1.0,200,0.006200687028467655,-1.0,0.0002700541808735579,0.0,DQN_RND,0.0005,0.95,mountaincar,sparse
7,930,-1.0,200,4.585420356306713e-06,-1.0,0.0002735681482590735,0.0,DQN_RND,0.0005,0.95,mountaincar,sparse
7,931,-1.0,200,0.0020282082259655,-1.0,0.0005025683785788715,0.0,DQN_RND,0.0005,0.95,mountaincar,sparse
7,932,-1.0,200,0.0020592808723449707,-1.0,0.00026255156262777746,0.0,DQN_RND,0.0005,0.95,mountaincar,sparse
7,933,-1.0,200,0.008195375092327595,-1.0,0.00044527894351631403,0.0,DQN_RND,0.0005,0.95,mountaincar,sparse
7,934,-1.0,200,0.00615150248631835,-1.0,0.00043784076115116477,0.0,DQN_RND,0.0005,0.95,mountaincar,sparse
7,935,-1.0,200,0.004171503242105246,-1.0,0.0003607889520935714,0.0,DQN_RND,0.0005,0.95,mountaincar,sparse
7,936,-1.0,200,4.980726316716755e-06,-1.0,0.0002718876348808408,0.0,DQN_RND,0.0005,0.95,mountaincar,sparse
7,937,-1.0,200,0.006142716854810715,-1.0,0.0004888272378593683,0.0,DQN_RND,0.0005,0.95,mountaincar,sparse
7,938,-1.0,200,0.00627477141097188,-1.0,0.0002691406989470124,0.0,DQN_RND,0.0005,0.95,mountaincar,sparse
7,939,-1.0,200,0.006186182610690594,-1.0,0.0002612634561955929,0.0,DQN_RND,0.0005,0.95,mountaincar,sparse
7,940,-1.0,200,0.006124403327703476,-1.0,0.00027279669302515686,0.0,DQN_RND,0.0005,0.95,mountaincar,sparse
7,941,-1.0,200,5.450947355711833e-06,-1.0,0.000397916795918718,0.0,DQN_RND,0.0005,0.95,mountaincar,sparse
7,942,-1.0,200,7.457453648385126e-06,-1.0,0.0004400256148073822,0.0,DQN_RND,0.0005,0.95,mountaincar,sparse
7,943,-1.0,200,0.006138235330581665,-1.0,0.00036251306300982833,0.0,DQN_RND,0.0005,0.95,mountaincar,sparse
7,944,-1.0,200,0.00414721854031086,-1.0,0.0002705204242374748,0.0,DQN_RND,0.0005,0.95,mountaincar,sparse
7,945,-1.0,200,0.004069893155246973,-1.0,0.00026983421412296593,0.0,DQN_RND,0.0005,0.95,mountaincar,sparse
7,946,-1.0,200,0.00823080725967884,-1.0,0.00026581448037177324,0.0,DQN_RND,0.0005,0.95,mountaincar,sparse
7,947,-1.0,200,0.0020878317300230265,-1.0,0.00035557171213440597,0.0,DQN_RND,0.0005,0.95,mountaincar,sparse
7,948,-1.0,200,0.012417945079505444,-1.0,0.00040933728450909257,0.0,DQN_RND,0.0005,0.95,mountaincar,sparse
7,949,-1.0,200,0.006133447401225567,-1.0,0.0002738810726441443,0.0,DQN_RND,0.0005,0.95,mountaincar,sparse
7,950,-1.0,200,0.002038248348981142,-1.0,0.0002714558504521847,0.0,DQN_RND,0.0005,0.95,mountaincar,sparse
7,951,-1.0,200,3.478255848676781e-06,-1.0,0.00026940726093016565,0.0,DQN_RND,0.0005,0.95,mountaincar,sparse
7,952,-1.0,200,0.006149172782897949,-1.0,0.0003713569021783769,0.0,DQN_RND,0.0005,0.95,mountaincar,sparse
7,953,-1.0,200,0.004093823954463005,-1.0,0.00011486338189570233,0.0,DQN_RND,0.0005,0.95,mountaincar,sparse
7,954,-1.0,200,2.786441427815589e-06,-1.0,0.0002708476677071303,0.0,DQN_RND,0.0005,0.95,mountaincar,sparse
7,955,-1.0,200,0.00203299755230546,-1.0,0.0003553141141310334,0.0,DQN_RND,0.0005,0.95,mountaincar,sparse
7,956,-1.0,200,0.006159001495689154,-1.0,0.00020896384376101196,0.0,DQN_RND,0.0005,0.95,mountaincar,sparse
7,957,-1.0,200,0.012244027107954025,-1.0,0.00026661509764380753,0.0,DQN_RND,0.0005,0.95,mountaincar,sparse
7,958,-1.0,200,0.0020390981808304787,-1.0,0.00026486386195756495,0.0,DQN_RND,0.0005,0.95,mountaincar,sparse
7,959,-1.0,200,0.004096278455108404,-1.0,0.00027337903156876564,0.0,DQN_RND,0.0005,0.95,mountaincar,sparse
7,960,-1.0,200,0.008188741281628609,-1.0,0.00013331021182239056,0.0,DQN_RND,0.0005,0.95,mountaincar,sparse
7,961,-1.0,200,0.004077254794538021,-1.0,0.0004989709123037755,0.0,DQN_RND,0.0005,0.95,mountaincar,sparse
7,962,-1.0,200,0.006142712198197842,-1.0,0.00035074405604973435,0.0,DQN_RND,0.0005,0.95,mountaincar,sparse
7,963,-1.0,200,0.006182895042002201,-1.0,0.00027205460355617106,0.0,DQN_RND,0.0005,0.95,mountaincar,sparse
7,964,-1.0,200,0.008214574307203293,-1.0,0.0002723108627833426,0.0,DQN_RND,0.0005,0.95,mountaincar,sparse
7,965,-1.0,200,0.0020663212053477764,-1.0,0.0001085112162400037,0.0,DQN_RND,0.0005,0.95,mountaincar,sparse
7,966,-1.0,200,0.006172529421746731,-1.0,0.000436842383351177,0.0,DQN_RND,0.0005,0.95,mountaincar,sparse
7,967,-1.0,200,0.004183249082416296,-1.0,0.00010662068234523758,0.0,DQN_RND,0.0005,0.95,mountaincar,sparse
7,968,-1.0,200,0.008170083165168762,-1.0,0.0003604503581300378,0.0,DQN_RND,0.0005,0.95,mountaincar,sparse
7,969,-1.0,200,0.004162919707596302,-1.0,0.00028542126528918743,0.0,DQN_RND,0.0005,0.95,mountaincar,sparse
7,970,-1.0,200,0.00408631656318903,-1.0,0.0002760064962785691,0.0,DQN_RND,0.0005,0.95,mountaincar,sparse
7,971,-1.0,200,0.0020291453693062067,-1.0,0.00010578165529295802,0.0,DQN_RND,0.0005,0.95,mountaincar,sparse
7,972,-1.0,200,0.0020333228167146444,-1.0,0.00010765391198219731,0.0,DQN_RND,0.0005,0.95,mountaincar,sparse
7,973,-1.0,200,0.008248122408986092,-1.0,0.0002656539436429739,0.0,DQN_RND,0.0005,0.95,mountaincar,sparse
7,974,-1.0,200,0.0020291507244110107,-1.0,0.0002648402005434036,0.0,DQN_RND,0.0005,0.95,mountaincar,sparse
7,975,-1.0,200,0.0020357160829007626,-1.0,0.0002628773800097406,0.0,DQN_RND,0.0005,0.95,mountaincar,sparse
7,976,-1.0,200,0.006184390280395746,-1.0,0.00044154911302030087,0.0,DQN_RND,0.0005,0.95,mountaincar,sparse
7,977,-1.0,200,0.00828517321497202,-1.0,0.00026512888143770397,0.0,DQN_RND,0.0005,0.95,mountaincar,sparse
7,978,-1.0,200,0.004095585085451603,-1.0,0.0005182240274734795,0.0,DQN_RND,0.0005,0.95,mountaincar,sparse
7,979,-1.0,200,0.00820581428706646,-1.0,0.0002631742099765688,0.0,DQN_RND,0.0005,0.95,mountaincar,sparse
7,980,-1.0,200,0.004149236716330051,-1.0,0.0002592114615254104,0.0,DQN_RND,0.0005,0.95,mountaincar,sparse
7,981,-1.0,200,0.0040818252600729465,-1.0,0.00026758667081594467,0.0,DQN_RND,0.0005,0.95,mountaincar,sparse
7,982,-1.0,200,0.006082265637814999,-1.0,0.000519484921824187,0.0,DQN_RND,0.0005,0.95,mountaincar,sparse
7,983,-1.0,200,0.002035662066191435,-1.0,0.0004995734198018909,0.0,DQN_RND,0.0005,0.95,mountaincar,sparse
7,984,-1.0,200,0.0020346245728433132,-1.0,0.000259026070125401,0.0,DQN_RND,0.0005,0.95,mountaincar,sparse
7,985,-1.0,200,0.006146219093352556,-1.0,0.00010134552576346323,0.0,DQN_RND,0.0005,0.95,mountaincar,sparse
7,986,-1.0,200,0.008276119828224182,-1.0,0.00025887464289553463,0.0,DQN_RND,0.0005,0.95,mountaincar,sparse
7,987,-1.0,200,0.0020842086523771286,-1.0,0.0001053528903867118,0.0,DQN_RND,0.0005,0.95,mountaincar,sparse
7,988,-1.0,200,0.008187851868569851,-1.0,0.00010130683949682862,0.0,DQN_RND,0.0005,0.95,mountaincar,sparse
7,989,-1.0,200,0.004057629965245724,-1.0,0.0005018073716200888,0.0,DQN_RND,0.0005,0.95,mountaincar,sparse
7,990,-1.0,200,0.012278890237212181,-1.0,0.0003045640478376299,0.0,DQN_RND,0.0005,0.95,mountaincar,sparse
7,991,-1.0,200,0.004082865081727505,-1.0,0.0002654930285643786,0.0,DQN_RND,0.0005,0.95,mountaincar,sparse
7,992,-1.0,200,0.004061618819832802,-1.0,0.00022611867461819202,0.0,DQN_RND,0.0005,0.95,mountaincar,sparse
7,993,-1.0,200,0.008134855888783932,-1.0,0.00028194504557177424,0.0,DQN_RND,0.0005,0.95,mountaincar,sparse
7,994,-1.0,200,0.012245187535881996,-1.0,0.0002781833754852414,0.0,DQN_RND,0.0005,0.95,mountaincar,sparse
7,995,-1.0,200,4.0177451410272624e-06,-1.0,0.00023852611775510013,0.0,DQN_RND,0.0005,0.95,mountaincar,sparse
7,996,-1.0,200,0.004164266865700483,-1.0,0.00010086846305057406,0.0,DQN_RND,0.0005,0.95,mountaincar,sparse
7,997,-1.0,200,2.970993136841571e-06,-1.0,9.975915600080043e-05,0.0,DQN_RND,0.0005,0.95,mountaincar,sparse
7,998,-1.0,200,0.004135747905820608,-1.0,0.0002620703598950058,0.0,DQN_RND,0.0005,0.95,mountaincar,sparse
7,999,-1.0,200,0.004095859359949827,-1.0,0.0002630209201015532,0.0,DQN_RND,0.0005,0.95,mountaincar,sparse
7,1000,-1.0,200,0.002033112570643425,-1.0,0.00026071188040077686,0.0,DQN_RND,0.0005,0.95,mountaincar,sparse
